# https://github.com/mikedh/trimesh
v -109.41939318 -8.41934744 16.17142242
v -109.14100411 3.03685304 36.45239799
v -115.34279028 6.59917116 6.43194267
v 7.95971788 56.18391468 657.91742577
v 13.69649150 49.33641363 643.91559882
v 13.93771806 54.98349269 665.35533548
v -135.28915591 -16.74971334 926.10576642
v -135.50838342 10.24935312 940.00225337
v -130.86520389 -11.33013066 956.50670015
v -156.85048136 -9.74090690 112.19660326
v -164.60071175 -28.85547191 132.03084974
v -164.22639759 -27.18165861 108.53790956
v -53.00536282 -22.24336571 282.18060215
v -64.49850315 -7.19979636 275.89182273
v -62.15384108 -18.27284332 247.38936335
v 41.22687218 88.89328194 698.05423853
v 27.31676707 79.06608135 698.30939397
v 36.89692375 81.23383760 687.03768466
v 15.21710315 125.81521094 1035.57625718
v -0.08477586 119.42480225 1029.06817178
v 21.13871892 118.50410927 1030.57003515
v -157.25429202 58.33647819 46.48399734
v -145.12532603 64.35986751 44.51753734
v -147.59520735 44.99159998 50.70137910
v -108.77982298 6.50376751 69.07616314
v -106.94915803 -1.96235074 52.79784911
v -103.84477681 -3.80540910 62.55725243
v 136.06250149 71.94928625 862.58737933
v 120.59850113 85.74247780 858.32562384
v 128.88479816 83.52531739 843.33391009
v -162.56510761 -20.42688636 144.47372968
v -157.69156112 -11.06744478 128.59577647
v -157.09097251 -8.64182226 153.40939468
v 17.53573106 10.44873913 508.69311914
v 13.30326058 12.26189156 529.24570224
v 12.26933595 3.14596693 516.28881535
v -157.99944756 -8.60520622 174.81928334
v -102.02507548 -21.55732788 58.01323806
v -101.88199438 -39.26274854 44.98413191
v -102.09090238 -44.97784031 60.54607534
v 105.00405689 96.02276829 869.44088076
v 102.42741798 98.32570981 852.07950431
v -124.74723805 -47.45154872 966.69314466
v -129.37526226 -28.86254450 948.86703139
v -167.73890229 -33.95864349 156.12419736
v -167.22623745 -29.31696455 151.05251211
v -134.92047705 102.54659054 652.33959620
v -115.59793461 109.49520813 628.21334355
v -125.65428178 108.11729219 654.09598694
v -113.14933571 -36.38817068 7.00395522
v -113.64219244 -59.39367940 6.94345152
v -110.38504017 -55.02301079 28.84683516
v 228.42248474 55.14312452 1018.84331177
v 232.70346759 56.01000495 1028.71152864
v 219.89998905 55.89801385 1028.32630757
v 38.58768475 -61.68997197 553.18875496
v 23.32507857 -47.46101368 571.82982785
v 29.34968192 -57.71408148 586.50289007
v 24.59398909 33.65915042 516.19630520
v 16.55094740 17.29709218 528.45242737
v 21.72919237 19.68680974 494.92057640
v -166.71859264 -36.06969476 145.09911547
v 72.79923416 -10.66688183 192.82172795
v 64.26494907 -14.35132105 207.67335700
v 61.18238296 -27.79595959 196.10402337
v -94.80243540 -15.23704500 77.99466680
v -100.73767380 -5.45206576 72.81807270
v -164.73367005 -35.87918373 121.28097558
v 30.93984854 -61.52595268 603.86235459
v 20.60356337 -49.27857371 612.24405592
v -49.70955295 -116.57921602 1090.22816571
v -36.20790451 -115.96308859 1090.91071717
v -40.98533315 -114.67205823 1072.46188479
v 41.67725859 48.54277330 484.54666582
v 34.36087674 43.96134215 500.48093848
v 30.11053657 28.37646668 479.20615845
v -159.29231600 -13.62015928 92.48952725
v -110.56375665 8.72039220 50.80694981
v -11.49434611 82.52312905 656.28182784
v 7.71218395 57.23165964 664.82763253
v -150.83572949 -0.42330132 89.70760626
v -161.13949937 -19.35715646 81.46433896
v -163.55061183 74.69048818 665.79927465
v -174.88700672 55.53266236 687.16569365
v -170.19093569 57.38835721 643.93372269
v 56.45289046 -46.46062144 185.21217784
v 49.59084716 -48.10317040 210.16401935
v 57.02606052 -59.22227383 180.51518900
v -95.46755988 -21.32718606 75.75685730
v -153.64957310 -4.82477425 72.60031775
v 16.16791157 -17.44951330 506.50529336
v 24.77908013 -40.25837705 518.16477492
v 25.01918874 -40.72351412 499.85805497
v 64.49490571 54.03743348 458.37829388
v 42.51530585 41.25320587 470.28588451
v 40.82284909 33.86616668 452.54702203
v -143.61567589 4.94856970 74.97995105
v -106.64074863 -24.90036608 30.62912484
v -106.48003997 -17.91766755 33.27791587
v 188.26935452 47.95201770 1050.65642410
v 171.83787278 35.85488184 1057.41850308
v 182.89281391 40.93527240 1046.25436816
v -154.46022104 0.71729569 65.84692522
v 26.37580227 -47.81019614 554.79864596
v 18.25366855 -33.68696011 555.47329249
v -140.29049996 14.74907693 65.31955442
v -120.14297705 36.38308714 2.98860767
v -116.06994247 -16.38089738 2.57348446
v -9.71078270 84.79344341 690.18425511
v -9.46253398 80.86596726 680.45320667
v 7.69580154 61.75029094 689.86184318
v -134.03963816 13.17576839 69.35210039
v 11.04048736 -113.73735842 1421.62203477
v 8.98577253 -117.94299072 1433.61123007
v 20.14196602 -111.05665366 1435.56000120
v -93.08973090 -75.01114153 420.77340597
v -91.07080690 -70.28507558 461.09174233
v -84.08745799 -74.11903104 432.99933012
v -134.43038965 23.35287833 58.32786588
v -112.56998575 -12.67606954 6.26869132
v -23.80558911 95.06849174 690.08518819
v -14.57925171 84.88508460 671.52763131
v -116.63354826 92.05836010 1142.13183303
v -92.19252878 108.09162171 1140.32598440
v -109.50947697 92.51900132 1156.37175642
v -146.68626703 19.93128125 59.91410143
v -120.62015401 65.00589548 882.15658203
v -112.63213248 78.65073922 872.18162582
v -97.69389595 88.18569933 885.91602152
v -157.42539871 36.90489186 50.43213995
v -40.26542285 -72.54668517 615.12702424
v -46.09510782 -74.38115510 598.86542858
v -62.87564299 -77.50669307 609.19522295
v -61.34010869 -67.40054294 444.84289451
v -56.95253463 -68.76014778 430.89260173
v -84.77342838 -71.23830621 448.62721767
v -154.28788517 9.65741399 60.60912176
v 44.24518788 -12.59941690 341.27556504
v 37.38825080 -19.01153273 361.99288110
v 44.41230839 -14.37755952 324.66020229
v -157.36674984 -61.35445803 2.62391137
v -116.87809635 -60.08882783 2.26737468
v -116.10407640 -34.78219718 2.54185295
v -165.10018660 22.53828122 49.99840089
v -97.10211795 -80.31666336 637.18597998
v -88.16329795 -79.49242535 631.11077391
v -115.04282809 -76.17570715 636.97765040
v -159.71808573 -14.73352993 824.73406231
v -152.36365973 -36.81312338 830.80974920
v -169.21608892 -20.00189957 808.58097541
v -166.92670804 32.65093997 46.08714119
v -19.22764264 -2.05616439 422.42967531
v -19.94127161 -18.03593948 404.82037317
v -14.50193381 -10.83254212 438.72516149
v -5.71354979 99.04773341 715.35203899
v -13.49730847 92.79047818 699.77642157
v 5.80185120 86.52985168 704.35757779
v -108.16723423 87.45273276 1167.12402629
v -86.87479385 102.40468151 1158.83842363
v -172.47738460 20.44922548 39.34932601
v -43.50933715 -64.42419025 428.80216788
v -30.74364069 -54.78912784 412.25488514
v -43.22069763 -64.74827894 404.89564882
v -177.02399908 20.04877194 33.78713815
v -40.08710822 -49.96879864 356.57011127
v -33.47087498 -53.04259527 388.69046668
v -28.65913748 -39.74311665 381.04186872
v -24.32037888 99.36383541 703.92155384
v -15.10704037 104.02164910 721.17290640
v -38.89889771 105.86774791 713.00042552
v -186.73353082 31.56633780 33.25735516
v 49.97477475 11.66426804 1484.47379170
v 56.97875640 -1.57985935 1471.51472805
v 53.95025583 -6.60952490 1485.60694749
v -188.95162745 45.73926218 34.37907786
v -134.89242333 28.49527229 893.22440576
v -143.87909141 14.00818189 880.20081146
v -138.51280428 40.93171910 870.04472430
v 177.65004203 70.23702836 736.39120410
v 186.66135198 57.42111537 735.81790911
v 181.02896309 55.07080615 763.35374471
v 27.43767647 -14.83337208 394.11482133
v 23.99667095 -18.26818973 408.42221482
v 29.08759828 -19.04747014 384.26905394
v -197.05994994 50.12194376 26.78321000
v -75.04060861 -69.01658493 499.05861834
v -75.96438750 -71.92728417 526.94794358
v -54.60383563 -68.52709806 525.77937268
v -30.65575005 -53.84712725 434.16230192
v -40.38904155 -57.64239508 449.02396329
v -196.54244603 59.72385525 27.24741397
v -23.66613643 -30.06242766 389.96678895
v -17.08823000 -25.46111418 425.54275080
v -200.43360698 51.93791525 20.42627003
v -48.16935157 -72.59101788 570.09508063
v -67.74084549 -75.37068897 570.65190588
v -202.28024725 71.99470015 24.28700815
v 52.88628236 16.25247256 1434.57708336
v 43.52674336 40.50238899 1430.13517126
v 47.22330036 33.88643318 1423.05388642
v -89.46419285 -14.76583923 116.15238072
v -90.14829920 -17.48431354 104.03826103
v -85.54492218 -22.66972053 121.46067402
v 39.97529978 106.13713101 731.99143399
v 17.60429249 97.15754063 715.22793229
v 50.05922354 97.48469467 710.23689821
v -179.71363922 65.51063986 36.13754251
v -119.66233875 -80.19009543 95.35457592
v -110.69356030 -73.25317093 87.62281730
v -116.55640676 -74.94304921 78.96306311
v -185.15125782 84.61547558 28.92314328
v -85.89400946 -40.33509711 1481.42756428
v -79.21076323 -60.77504344 1481.22065019
v -85.51128084 -55.40858471 1464.31489382
v -133.76410174 6.38241983 372.12102960
v -126.67994928 11.30447246 364.09182155
v -132.20663090 17.17191509 389.38547505
v -112.81518368 13.96547080 28.06337430
v 18.32331547 85.13564866 705.23457852
v 36.17442595 91.68896219 706.22044690
v 56.35726374 -105.07782916 1097.15337321
v 45.95789801 -108.34857799 1094.02361371
v 27.70804074 -110.04167906 1098.07652851
v -15.13411892 62.77840538 1223.21080747
v -3.80276003 51.97179919 1238.03199393
v -28.23677913 53.66641297 1236.16464434
v -202.81755348 84.51033355 21.58141715
v 108.80273693 -57.95090263 0.24481042
v 153.94676157 -18.04412531 0.32332516
v 170.30157022 9.10540172 0.17030370
v -210.38704931 72.00778828 12.45951523
v -75.14958705 91.56279791 972.14240577
v -75.85809127 91.40266712 993.34906463
v -86.17666035 84.57392962 984.49268409
v -116.97029549 22.21284158 30.26017221
v -115.88694953 21.12485383 16.14165089
v 47.25074015 111.41088728 1158.39189771
v 41.72748540 89.63300161 1189.68770179
v 27.06764234 102.61683462 1173.91211680
v 104.02403643 -86.19100948 1033.95418949
v 86.31171247 -96.92507166 1044.23784103
v 100.80410738 -88.33113350 1063.06985411
v 173.70959867 50.47296237 9.23674004
v 178.71964456 62.10676913 10.87502589
v 174.74938834 59.94340093 0.89470007
v -211.87912769 84.47854221 14.76255637
v -127.69945558 -59.72641603 435.39647419
v -130.06265001 -55.88620268 454.54661972
v -116.26867036 -65.36903201 455.35413022
v -108.61680236 -78.02374969 113.67159184
v -108.54590630 -77.42303082 99.87434173
v -115.61277966 -80.47245581 111.71707402
v -211.62583691 71.13429693 7.26409242
v 53.49404708 141.42388480 1081.84563002
v 70.14962713 135.63300728 1059.75225113
v 72.84533643 135.10288598 1081.02552363
v 132.61868960 -78.23295193 371.80904292
v 124.22432659 -85.36172170 365.33329499
v 122.22161702 -77.71384718 383.90744826
v -142.95498287 -3.73473199 363.03087321
v -145.70722995 -16.16998678 378.16756949
v -152.77920329 -20.84182084 365.49708570
v -99.39890634 -1.93941064 114.13391659
v -204.48785522 45.88896038 8.31870148
v -138.96798391 -91.65635380 328.76219573
v -144.31277362 -82.61470826 344.07630259
v -130.17510094 -86.37121648 355.52247474
v 84.01334689 122.87983611 1042.73449865
v 91.26155633 109.60238152 1034.67331638
v 104.02908023 108.57052270 1041.05105901
v -108.34360605 -75.46539712 961.04379471
v -91.88980780 -88.46624769 953.80152934
v -106.93704871 -76.58810433 938.32153415
v 173.97781930 79.47210857 23.74320679
v 182.36147149 74.69560321 17.03281390
v 173.12943287 63.06058431 24.13322222
v -85.94520792 -10.90093014 166.75168134
v -78.63484565 -22.85677516 155.79922164
v -76.61536395 -16.08419530 175.93088466
v 187.55318072 46.86948395 757.73565799
v 196.43258521 25.65805945 756.30330098
v 194.92578296 22.90808602 775.09843846
v 3.82567169 69.01786592 1213.68371600
v 11.86348854 56.19091673 1227.22006982
v 171.70613378 11.59636663 3.17568139
v 172.13443956 41.70212040 3.18767358
v 170.25144427 37.00535304 0.37081273
v -194.81670611 20.04401013 12.44634263
v 31.56765121 -111.58212425 1080.82948715
v -101.45524001 -88.71680205 176.63444323
v -79.27869649 -70.84602041 180.66260427
v -85.10015122 -71.09852174 166.91244398
v -198.78958032 19.27266186 3.57609503
v -90.37273763 -39.76708394 101.18032978
v 196.76744096 5.85267989 784.86017077
v 199.61828326 14.39899069 754.49368810
v -208.11106871 66.58699858 4.29955497
v -178.82500443 -32.54780864 3.02423693
v -110.53741586 60.49645730 964.83870439
v -95.94342567 73.32117503 965.79894692
v -111.09667597 57.69782300 977.72454446
v 281.33869253 -2.22986408 873.14446094
v 279.97737061 4.71892595 851.00510414
v 270.59441686 5.11752547 853.39284311
v 105.72822156 -90.29618116 360.96463287
v 107.94675193 -100.65440354 330.26829185
v 91.36453672 -97.93818315 335.13781806
v -109.13188227 3.60192672 82.65943868
v -103.48538210 -0.03923158 95.28318622
v 29.64417765 131.71469667 1122.49406657
v 16.26219553 139.16800025 1098.66675408
v 35.10481456 134.05975920 1109.26069488
v -212.96441137 94.54575322 4.24383868
v -151.37687516 -20.96256083 521.79394714
v -145.44377351 -35.80919998 521.63391361
v -146.19183417 -28.78525723 489.88891978
v 324.07657673 28.13364319 807.17188573
v 329.25079428 34.31823333 788.16824614
v 320.98651856 31.73341761 789.62443108
v -115.63782257 -99.62268891 201.18593980
v -111.85995849 -90.99048536 173.91190811
v -126.56588036 -96.73866083 189.90454206
v -129.95140825 93.09533828 3.48383243
v 30.50440935 124.94187542 1133.53847211
v 58.22816552 114.98330459 1148.21771633
v -85.37641122 -14.16604028 148.82194274
v 105.01459549 -111.24462459 1152.67350200
v 94.46925288 -113.48694577 1145.45216245
v 80.82498723 -114.11247770 1173.47273925
v -122.40767870 77.06322591 3.30075453
v -146.14600745 -34.21640857 411.44435021
v -140.71193643 -48.67117400 411.79166609
v -146.99476508 -48.97780732 391.14482516
v 53.72934999 139.33171048 1094.82936751
v -120.91834345 81.55280981 6.61971775
v -71.96319535 -30.95762969 177.88236540
v -75.20502292 -39.39203149 164.75028940
v -69.35037287 -46.09661758 186.35078935
v 198.96538680 -9.01819115 769.63268809
v 199.02744348 -22.98585666 751.33076281
v 196.78385281 -16.54103981 797.60030611
v -118.32333204 56.40053347 3.01570461
v 309.51365625 20.94329942 815.35236881
v 312.22598660 26.87664934 800.36942441
v -38.84733091 49.88437364 1510.15154617
v -60.04733376 29.87596993 1512.49966463
v -53.89312206 52.64644492 1496.80631740
v 13.15823022 -18.18706330 549.33002732
v 19.09288982 -29.49876028 530.59409054
v -117.36129029 53.48017262 6.98634287
v -76.85111357 -18.00527567 192.32032859
v -86.56006026 -11.35296803 186.95533492
v 190.53093236 -12.34682267 818.28821389
v -44.61805700 -107.51989078 1198.75436207
v -34.04165720 -109.98743941 1193.54082478
v -52.10892074 -111.58462145 1184.59191436
v -131.79141868 52.53960102 1029.07783423
v -125.43830913 30.21557001 1012.45930124
v -120.53024917 38.97089365 1010.97766181
v 167.89937820 31.50426835 11.35333760
v -119.72031919 38.15574817 7.29778777
v -154.18523583 84.48949222 705.18758830
v -141.21358509 95.25167083 712.74812985
v -141.24665506 93.13169264 729.23432404
v -86.39371084 -45.23637856 115.60614559
v -83.44153811 -27.20155276 128.40965036
v 161.98383068 31.28413455 20.60578801
v -15.71792315 -56.77316804 580.31615788
v 5.66368060 -35.22118369 599.77891698
v -0.13285586 -37.39879796 575.71404297
v 5.70129860 -3.27362230 524.60264475
v 6.90192414 -13.35211940 536.82035299
v 14.28939808 -12.50055637 525.05897258
v -121.91987372 34.89733641 26.39555499
v -0.99219620 123.76324568 1133.01438141
v 12.20312861 131.29345542 1117.64820607
v 126.72792312 13.95252152 298.41832583
v 118.04904972 15.90470576 280.50949747
v 126.39219943 13.14599249 271.31377270
v -65.55315690 -28.68607645 203.54247945
v -71.76894823 -22.01593319 186.24527947
v -121.55346659 53.75312849 19.32697303
v -8.25183868 -36.81830318 540.78919302
v -22.04443947 -47.68927685 519.63438045
v -14.42284360 -50.36124071 552.74860528
v 61.83138415 102.46120446 1169.39680563
v -117.35399126 -66.82443606 1013.29058169
v -106.71483272 -79.84668179 1015.60130053
v -99.05336717 -75.89405001 1004.05969547
v 158.13144142 -12.33526086 4.32673885
v -124.90626961 45.87988522 39.00210333
v -111.08053229 -63.33455740 43.29448146
v -107.02458336 -51.56658064 39.04195265
v 171.49717606 53.39900303 802.83044810
v 180.65982003 49.62018949 783.61934392
v 178.12049124 34.33526084 819.63507334
v -108.54100623 62.47949669 1011.03796741
v -105.57570995 60.25047482 1004.89480215
v 168.05300468 47.98566014 0.46939882
v -126.51531546 68.45197460 27.27769493
v -37.65806053 -113.10339228 1177.45006766
v 6.41509671 5.14164686 523.45646102
v -131.94443456 68.44566322 35.22719969
v -119.92522010 -73.74119589 5.59722197
v -116.14955602 -71.98104099 15.77642702
v 168.66699754 43.24777958 833.88528270
v 157.36504450 65.52871222 822.74634659
v -130.44581181 84.20800867 28.62624555
v 20.90066513 61.90252666 1471.29564613
v 13.68624325 59.80247322 1489.94697028
v 20.95376842 66.58791595 1459.62798539
v -143.73547225 87.65469650 33.37127120
v -122.65612707 106.75131725 708.26272194
v -123.20429405 108.73275820 682.58017136
v -105.60508807 111.21260389 707.14067449
v 122.83236912 8.87404242 249.21381680
v 107.69065890 8.53527263 222.04630225
v 122.70537247 7.34842856 211.20149809
v -72.88719113 -22.52669347 172.55080406
v -138.16888408 73.47285100 37.61960668
v 13.37083061 -25.90127837 565.27385643
v 15.05090181 -35.74143081 586.58954926
v -0.39284907 -0.57205195 516.87652788
v -0.34607979 14.06549471 525.68164232
v -5.73163750 10.90891089 513.00679531
v 23.21645532 142.52438937 1085.72716665
v -3.27541701 140.77216019 1073.95302577
v 10.94765645 142.15282473 1066.63401306
v -133.87277578 49.74386276 46.71128258
v -10.36743012 -54.95970384 598.88208291
v 3.11991287 -38.34789484 614.08041771
v 301.63539769 7.64637636 860.23114864
v 311.27994196 14.03210861 860.38986071
v 311.40387644 18.32545325 833.91776536
v -44.70819584 -55.15472811 1341.84014617
v -32.31898734 -70.30536559 1336.41928861
v -41.53124242 -58.38402863 1335.98791710
v 191.36131466 43.25144318 654.56847379
v 190.49390580 53.56174844 679.75190499
v 184.60673699 60.09359389 654.35020744
v -158.94011867 73.16425342 40.70515057
v -59.49685340 -37.47509404 223.22608576
v -63.72668736 -39.59294601 206.64799155
v -56.50566894 -51.60049864 230.29826793
v 19.89886038 68.50909695 696.90058570
v -111.86800281 -121.82868041 744.32878694
v -96.17185648 -134.41627246 775.69889241
v -95.13098824 -132.41178048 748.80207837
v -174.16400577 54.41998428 41.60827621
v -172.22366035 77.18279411 35.55356333
v -97.33073023 -115.70567229 676.43691352
v -120.37786318 -98.33957132 666.56887420
v -101.18522799 -118.83551762 689.55014787
v -72.87869626 -59.19168550 181.18841293
v -75.30938144 -72.93203208 197.41292048
v 114.28888660 -27.74876642 1289.59752908
v 103.51136836 -46.31082390 1284.66142507
v 94.74817044 -29.36149936 1294.76274972
v -90.01099213 -34.61462423 1418.40156453
v -91.82744431 -26.07948789 1425.17961359
v -91.04856001 -41.38724908 1440.86386641
v -164.21361867 99.82579154 25.94294941
v 162.83200430 -29.11609089 545.19992958
v 162.91723383 -5.45109592 522.76734727
v 159.14999069 -23.85927538 519.06913038
v 194.25828768 44.82600037 689.25591124
v 183.21164491 67.18306438 695.51637226
v 104.83449769 17.30172725 347.34327595
v 110.60363226 19.20765070 312.30252050
v 121.79207991 14.88752047 328.87162169
v 109.70007693 -81.73472218 54.06975545
v 111.79122835 -86.49335856 37.11562718
v 102.56454062 -81.67087439 50.23438779
v -53.61903373 -31.40974210 249.11822244
v -51.03761413 -29.64593823 271.10902208
v -185.37850101 103.16300196 22.25773814
v 146.92897226 -46.56916466 505.11572087
v 140.19374140 -51.48502592 485.13996122
v 142.16536297 -55.73703761 522.29414141
v -145.02145551 67.68332630 1186.11631267
v -156.17322653 66.71241284 1168.30886113
v -146.99010158 72.34907863 1160.86586341
v -158.01413679 124.44666712 17.16292037
v -45.97327933 -20.83951758 331.73046605
v -63.39720176 3.09195884 319.85859325
v -60.02529175 -7.97478255 305.54784701
v -96.52198375 104.57104348 765.41491315
v -71.57687768 113.83102848 801.85849092
v -97.03045874 105.10765303 787.32480825
v 22.14542033 111.75661076 1024.51216291
v 10.64097184 115.90717173 1017.14531089
v 40.07172168 111.87722344 1016.25061509
v -112.82948038 -116.76252931 720.27219380
v -96.17719209 -128.64931390 725.13692883
v -145.51701293 123.66748126 15.94441127
v 176.96418680 75.72235273 710.03497487
v 164.13626358 84.78264823 727.31691433
v 165.94204130 86.04690220 706.90831740
v 117.25446401 -79.34689271 51.31848189
v 107.31175662 -79.14623912 80.31162432
v -80.84081852 5.67457354 273.13150972
v -70.04889636 -4.07003511 251.16273601
v -113.87687690 99.69402439 754.53592568
v -110.10966920 99.23435194 795.00130406
v -132.46920093 107.87999819 16.41343224
v -131.33486294 116.95853630 7.06766191
v -68.24845807 -101.11080221 644.27682625
v -94.27056334 -102.39946077 651.90305704
v -76.83343097 -106.64134002 651.61517701
v -129.14222032 78.27131259 1138.54568690
v -138.51948280 69.03508703 1131.86368975
v -135.30530201 72.60767144 1125.85988408
v 78.83957694 14.64389037 323.15732964
v 68.19632773 6.52242430 299.09360102
v 89.03930896 16.78250399 302.87921832
v -63.68794651 -27.11423982 223.53823699
v -147.19586909 134.61774278 7.03749180
v 176.56601880 35.85289160 580.84411787
v 174.39074144 7.04087829 565.75617377
v 180.21807442 14.33769854 587.25730408
v 162.34113947 80.73005240 746.10531491
v 155.56536813 80.07313867 759.36266711
v 150.66304739 90.89508563 736.58301137
v -157.65708343 138.34581165 4.05848241
v -71.39693184 4.57057292 299.14005037
v -68.24075250 1.25848709 290.88725573
v 302.34514173 46.24204713 944.80709358
v 304.94547924 23.35003863 932.91868782
v 295.75941147 24.28726626 957.81000685
v 42.51415885 -6.96772432 1313.99623285
v 45.22590162 -24.68627741 1319.74508731
v 44.29565734 -18.81272108 1322.29576988
v -133.20713325 110.56546694 3.73850765
v 166.39238580 26.72926530 530.06718773
v 168.13791274 -7.66641777 545.10580874
v -124.57225614 98.62078731 6.67509169
v -31.56331501 -30.86841772 367.23080534
v -37.83285838 -38.81129887 351.52942117
v -145.77009942 68.85751316 802.60599883
v -158.37882826 54.07679920 798.01356466
v -158.69420793 64.25538488 773.08773610
v -22.13487767 112.91333843 1017.11978907
v -2.11310669 122.74800777 995.80810294
v -126.25331334 -82.00554423 116.90250389
v -125.99368300 -84.91128841 131.78031431
v -74.84124127 43.72255752 1460.32905688
v -81.45969906 32.21832258 1480.20765329
v -88.05465612 21.91017623 1459.29190180
v 72.55835955 57.61392384 457.83109298
v 70.66370345 64.26348477 476.29710548
v -114.33983978 -76.96745592 402.25002327
v -115.89073773 -80.23575373 382.13925637
v -130.81971897 -72.50308174 386.82981104
v -47.40247594 -23.52846238 314.62295387
v -41.92620732 -31.54446083 337.31754025
v -167.28248001 49.69285012 770.96072791
v -165.74861695 59.33308562 739.81392834
v 232.89815008 21.69238689 893.15470221
v 235.78008942 28.96129954 887.28040783
v 228.82486714 38.51227009 913.11340697
v -145.77945475 -11.40565062 865.73479141
v -140.26784132 -27.60977617 872.96932198
v -148.48354095 -35.84986136 840.68227697
v -179.14906786 137.45172644 4.24614365
v -62.52086960 104.55954975 988.32263868
v -49.74394004 109.27854929 1001.54198490
v -62.25228054 96.90015693 1010.56677413
v -180.41562527 136.32141932 6.84964862
v -171.66915509 33.21323151 610.87153636
v -171.22689396 48.45363304 619.77740892
v -175.35018558 35.18858225 637.32069521
v -97.05877190 -62.83359385 101.87535949
v -159.13067299 139.89989615 8.58323159
v 19.97126343 5.30277373 462.83118261
v 34.84221285 28.85190202 460.86562408
v 96.41540893 72.29606857 489.92308296
v 95.48032581 79.70064465 515.78633628
v 79.80221485 70.76778392 487.06194185
v -182.43115577 123.74502544 14.77820170
v 156.48331006 -46.94764244 555.33007523
v 168.71290514 -38.50314528 578.18171569
v 171.49681415 -28.85393714 574.92554724
v 129.34017307 -78.48974704 17.01322081
v 119.91085227 -86.57356041 16.84038920
v 124.58776165 -78.45230958 33.55750031
v -32.57464858 -22.24986976 363.50148430
v -152.33900932 67.15878449 1139.07549781
v -134.88760626 74.02510155 1151.56798440
v -202.32414092 127.01692476 7.88082418
v 14.31339255 -7.41390385 499.39352128
v 17.18343985 -19.97287119 483.37649384
v -143.61613815 -104.11648321 1158.66999172
v -161.23160374 -90.04575587 1182.43151532
v -127.46358279 -102.38741915 1188.43852028
v -197.82384230 123.38361499 4.21389462
v -106.87261486 -81.85724428 382.44622258
v -119.53072079 -95.06717724 340.46301134
v -133.41838563 -25.98060360 891.22036999
v -139.43279413 -43.01906717 861.35052484
v -91.68036054 -54.82551904 107.48458664
v -94.42445593 -63.21568268 116.44980245
v -86.17051313 -67.59573894 151.44619563
v -212.31804748 103.72851820 7.50405970
v 123.81358111 81.33686829 532.04331684
v 107.73064978 70.89604931 490.11088763
v 124.24205327 68.86970262 500.34795137
v -205.29461756 97.91506011 4.19874016
v -103.62266547 -67.85494476 469.02302915
v -103.13335979 -71.55334052 441.79028326
v -23.28235171 113.75440424 1023.83662699
v 7.60619542 115.23189841 1023.76831157
v -91.93141035 -28.80018495 1455.46305789
v -90.15146471 -36.77197000 1467.49062774
v 115.68831393 110.15465918 1071.45916288
v 94.70718800 124.04937797 1087.74931770
v 87.15389060 131.84872320 1078.57283077
v -178.67706216 -29.95711543 680.28649516
v -176.03624327 -31.21892421 705.85530261
v -168.01399070 -53.80105626 685.51960061
v -118.91845145 94.31801593 1034.56151569
v -129.01387149 89.19842970 1052.31714384
v -134.24965705 70.33571947 1040.52839020
v 195.98140222 -46.02408328 656.08675121
v 187.81398581 -44.09549161 628.27247711
v 183.04727845 -59.21779462 639.10781063
v -41.51754883 -22.91025953 346.97639972
v -44.92989644 -8.83296254 359.80899856
v -99.16189807 -80.01105525 151.17446375
v -214.14576703 84.51173569 7.38277018
v 75.70639924 47.61848601 419.62846128
v 51.87330843 29.30083294 420.01234705
v 73.13619953 34.24881426 398.35439372
v 120.70517045 87.82878380 1039.65167257
v 119.94998106 67.83044662 1024.51409685
v 135.14938781 70.38789814 1049.19683325
v 144.64112505 48.81887863 491.01937552
v 137.23645496 54.69415804 485.32798265
v 131.56950626 49.41621876 461.43972090
v -212.03086142 97.80347019 11.25923351
v 27.62210133 12.44085277 453.31264769
v -117.62077360 -69.34852764 423.23567087
v -116.69961755 -65.96271005 440.15275427
v 3.54715473 84.37796116 1343.10496581
v 16.53816665 66.27180300 1346.05803984
v 3.89765607 83.74485977 1348.09759352
v -13.69781221 35.75335934 497.25581306
v -12.25561603 19.94664456 486.02871023
v -5.99035240 24.15818184 519.80458069
v -56.66776990 110.48691816 743.59602075
v -49.07414729 108.95263563 730.11555812
v -22.57722782 108.69624953 729.27441307
v -198.59256256 110.08583783 16.62631549
v -13.45608028 -19.95593167 456.95151476
v -20.08398358 -40.64349660 433.06144246
v -20.47146554 -36.54852651 460.89615240
v -15.40027682 -0.41736869 449.40866008
v -10.96180525 -7.71734800 468.61751930
v -34.61112625 116.71432015 767.14307864
v -60.00391850 112.41034140 763.84128082
v -107.07218324 116.01145390 1050.31114039
v -89.52119839 123.93314130 1041.50887935
v -95.19791629 123.98181136 1055.36140638
v -162.52496583 36.66006670 808.82684225
v -162.64326163 25.59212492 817.94915944
v -171.49282721 16.12084807 802.96016001
v -21.97080681 -37.65019927 404.09801605
v 47.39386232 30.34186264 1360.42276852
v 38.98304993 37.70227695 1355.55116344
v 41.77245628 31.08393071 1347.67799983
v -56.02563588 -64.06925341 460.91986216
v -7.58437357 -10.70871747 485.36668835
v -13.50008861 -27.31016623 478.10058796
v -14.54378963 -27.54431912 495.30947696
v 38.55386682 -54.40238474 389.43042715
v 50.71269652 -64.86446154 385.34535561
v 35.80003814 -48.74377819 377.99510470
v -21.49962386 33.26415925 472.30675260
v -16.10743185 13.58072928 462.71629643
v -57.69959109 -65.53746597 495.82677016
v -75.86087051 -68.74777782 474.76633740
v -103.26374057 -66.72824120 989.86248783
v -98.45629346 -84.95891880 972.28719703
v -107.85320186 -73.34940580 973.25535007
v 13.44378045 20.78779887 553.50717702
v 13.54989783 27.95108332 572.55884611
v 5.19410745 20.57414355 558.98049839
v 11.90225572 69.03036898 697.87659252
v 14.61681620 60.30624038 690.68905180
v -98.73071591 121.63167761 1071.67753944
v 1.01221659 -11.54581534 528.68594394
v -5.60297747 -6.38793233 498.78066931
v -9.34178767 -21.72198572 512.50539536
v -7.55212500 30.44852100 519.26374842
v -0.68947486 23.05157682 541.05019489
v 20.39030421 62.56348358 689.95305631
v 28.09554547 73.13321482 689.95926829
v -173.17314264 44.21440807 733.07211793
v -181.01807149 20.37157390 715.27081601
v -174.93896563 47.21090354 717.60851925
v 61.11291724 -67.67832973 482.83775303
v 84.17300133 -72.98032634 483.99159598
v 66.95947745 -69.30874071 452.87128020
v -8.17684269 -3.09437830 482.72645741
v -124.85095568 85.23613551 17.88238497
v -24.47264061 -42.88053782 487.88867416
v -10.31576664 -32.83318702 526.53545490
v -0.94174613 -17.93534144 538.55843025
v 6.40569454 -18.88140530 553.98632962
v 6.38260993 15.61097903 541.53302122
v 10.16914645 68.19003897 1418.43411290
v 10.12937754 71.28036769 1405.95580024
v 22.98223802 70.73847936 1400.03546795
v -35.72001719 -53.15034377 483.51630572
v -28.64896788 -47.95799653 451.98759195
v -40.25349051 -56.06224735 465.73517986
v 27.07663784 46.77712786 572.07165865
v 23.66709150 38.29632189 551.34025918
v 32.72904707 51.49429547 549.15291960
v 27.08215996 67.83500437 660.82849391
v 49.19375680 86.75017364 658.66431804
v 41.90437806 84.51107863 668.81475700
v -24.45045877 -120.71906425 1471.69576567
v -45.03844438 -110.90483133 1471.95204773
v -34.41214872 -113.49230516 1483.33830347
v 151.16986848 81.39528836 571.59935465
v 163.71139992 75.75400067 592.74706996
v 162.01859190 83.29742064 612.31774231
v 6.35669048 36.33904584 592.98529594
v 4.61023258 31.67548823 571.96623043
v 54.85532586 89.79125949 646.23417594
v -145.13411334 -85.27394781 695.98804414
v -157.24622426 -68.27741267 723.02107140
v -147.51356718 -55.02213188 617.22119939
v -163.63485219 -37.89356403 621.08983391
v -165.63996889 -50.44027246 652.52006800
v -14.69591936 45.98786337 518.93964827
v -3.08027901 40.08019946 548.09434612
v 149.01803974 -26.26046370 423.93707551
v 146.90167185 -40.78036989 396.35024330
v 145.24510603 -38.68825684 436.78288918
v 172.90566181 61.18532850 599.66005335
v 167.46047054 61.13484744 572.30703992
v 157.50814666 -64.96770567 283.37354004
v 148.67107370 -80.38681538 274.94221765
v 150.81717484 -80.68346358 290.92177490
v 19.47796925 36.51989584 584.26753610
v 18.98453836 29.54151432 566.82079665
v 156.14392894 -5.31132166 481.32675360
v 157.40155891 14.86914568 485.76038696
v 153.89305336 8.37224679 467.14424629
v -221.60778775 29.25877504 1149.62991007
v -214.50256210 35.17588638 1156.10861069
v -216.32761223 25.50698582 1177.05715608
v -67.50122537 -59.08742932 201.04192490
v -55.75554313 -61.14607364 237.42352646
v 59.07029065 95.61331172 676.03984285
v -48.72509751 105.02242477 1010.50286455
v -34.59802793 112.15734673 1009.42639177
v -164.37444091 -52.93002580 735.39629841
v -155.77851920 -70.48384015 739.49309373
v 176.41396741 50.80453068 601.25405098
v 181.38097510 28.47588974 597.34884566
v 96.13831995 -79.18304297 16.40800190
v 103.97476880 -85.55740120 36.29286113
v 105.31468456 -87.60102757 16.36478503
v -75.27483972 -51.11313570 167.46705988
v 47.13426731 88.72276336 687.49897414
v -71.54086075 -31.77221769 1518.16180196
v -70.34295770 -38.39267773 1522.40379881
v -73.40147072 -39.36592429 1514.92393990
v -126.74254496 33.91744637 45.23332709
v -170.94989643 -35.82419666 643.87223604
v 141.86760017 4.32680072 293.01224796
v 151.53265438 -10.72958071 285.01649249
v 148.00037955 -1.38389124 302.01652552
v 13.21494130 38.04153851 601.13611887
v -129.53876423 29.34137016 52.22622952
v 147.57026213 -38.61170336 484.26559960
v 142.41858398 -44.49297508 461.46843190
v 184.16721688 38.85617081 617.39944719
v 193.34092667 20.27123173 640.28488117
v 189.45146524 32.00444345 631.00351098
v -67.68440228 -71.77265872 212.45338411
v -123.70631019 14.61260766 63.26869460
v 143.11248455 -49.54081824 399.92188219
v 136.79714597 -54.39297983 426.84590541
v -116.37104379 14.33322681 55.69995539
v 184.25052201 41.58288942 1220.65834524
v 181.26229336 49.33295329 1196.33927865
v 199.80157191 37.85168172 1188.98907091
v -116.10340349 -83.12702953 132.40384580
v -103.45806799 -82.03827663 149.59861555
v -100.71164077 -75.75385361 127.61741530
v -119.56070831 9.17164797 73.99296346
v -150.52148586 -1.19261405 168.60449725
v -151.17430865 -1.49184710 140.10635202
v -143.10058443 3.58468774 153.37073181
v -77.58244895 -20.02662847 1380.39141202
v -71.55985399 -26.04695164 1376.79362673
v -66.36671946 -24.22679175 1366.65911285
v -67.96179526 -86.31177127 244.95380349
v -84.45739859 -98.55655271 244.41491751
v -73.85523573 -97.35216616 256.92865380
v -50.41220408 140.87552306 1070.37914544
v -78.11319609 132.58617569 1062.16928785
v -65.00787178 137.34664388 1056.28469632
v -141.23306536 11.16411897 268.91589438
v -154.58874780 -1.64230510 294.54636939
v -150.92709538 3.84384453 273.45124048
v -78.06144434 107.82698180 752.97074380
v -89.92682024 108.72796723 724.38244060
v -69.61667990 109.59687716 726.20540383
v -112.04484057 5.29298074 94.09862616
v 2.69712880 71.65134278 1469.72980793
v -1.12782061 75.68865133 1459.89263854
v 10.37458126 71.52073813 1455.85862679
v -121.92795466 -90.15158614 156.10764735
v -130.31455020 7.46864516 88.67882966
v -167.87807643 -36.55210114 182.60861935
v -160.40724209 -13.84449787 191.00453429
v -166.25749723 -27.30194127 205.36182276
v -138.51377398 83.89221407 779.34673165
v -133.14952441 89.78866806 758.93921694
v -124.34040732 91.10863153 794.67151538
v -155.81456034 -8.95902055 529.72060918
v -157.47199550 -20.16993856 556.65698284
v -174.03119811 36.38952456 1231.85691615
v -162.21496505 36.97883001 1234.15460091
v -173.20278914 22.61196366 1243.45142150
v -137.75008169 7.23195509 84.54399600
v 200.10587924 -46.76306019 680.34582379
v 198.14464412 -35.56959092 651.34186194
v 86.06379813 -6.74241544 136.92638014
v 74.94159842 -18.52053977 133.84215239
v 77.72036993 -18.39827634 120.41704604
v -117.66063851 4.43769700 136.14599591
v -125.70023319 6.69986932 145.23541250
v -128.18247948 6.22827795 124.45306289
v -98.95547619 -108.37970573 257.17624232
v -106.57670087 -107.35786737 244.75155799
v -126.49045084 -92.18925916 169.43511963
v -134.10567121 -96.85460625 196.57223361
v -124.10223509 6.54061204 100.21684922
v 117.92541751 -124.72295550 682.82905405
v 146.35717533 -110.91097619 688.87176659
v 143.37437150 -106.72037673 672.72767301
v -135.84056218 12.88289721 314.38254931
v -145.85543999 7.64242214 307.53494802
v -113.30195848 3.10103621 118.99591585
v -92.67228980 -99.77605955 319.68535238
v -85.75247072 -102.03239016 308.40594300
v -103.78255090 -104.83149925 313.54901571
v -104.29673694 1.17296839 106.39994269
v -52.23264986 123.26484057 1028.06650148
v -63.52439485 124.94404684 1030.78067933
v -83.68204843 112.12057462 1022.77021354
v -171.94118352 -34.33907378 244.76530580
v -166.84179934 -19.91602223 248.02289156
v -169.21645115 -29.25217334 263.77844014
v -56.83383364 108.97334913 690.08311079
v -52.96258228 105.93443765 672.62520628
v -40.80928097 103.93465595 687.60212654
v 135.77359348 13.18791042 994.27742164
v 133.65136125 -5.34094846 995.46381073
v 133.09122344 -4.08732159 1001.17823680
v -133.61522394 -89.57161649 158.21747482
v -104.33337904 -4.00292246 130.56476861
v -146.63564939 3.51543291 227.50708267
v -140.98859128 8.41204081 248.79261686
v -148.66059178 80.72316202 748.71359277
v -153.90010125 77.63019041 741.23822876
v 148.57145350 -6.41030672 940.71778512
v 148.87634731 -14.05617896 933.55973529
v 146.55637181 -25.93676218 941.69604010
v -93.27793581 -12.38726020 128.20467205
v -96.74458229 -3.80763254 140.59831363
v -85.55529939 -51.08115412 1419.14331640
v -82.33398312 -63.52192968 1442.42657701
v -74.57699308 -76.32444407 1424.66356120
v -149.83512619 -1.48653504 334.10719367
v -137.64546870 7.46710572 341.86184179
v -86.89435869 -105.10569353 289.49296073
v -98.04849977 -108.22096324 291.57147737
v -67.10158512 -82.41910529 233.27317037
v -59.49441241 -73.71917543 242.76749203
v -98.88708372 -0.87559151 161.14004732
v -166.50729742 -26.81013095 233.76949289
v -158.08198288 -8.52508401 232.62444546
v -108.68481680 1.28027013 141.34265641
v -129.77043348 -55.60725439 554.35261551
v -141.97164290 -44.21799135 554.64446551
v -144.36216482 -47.68393171 574.54252226
v -122.58547006 53.51967885 919.09442658
v -107.21145609 72.98133719 902.19402572
v -107.57865124 73.36780501 917.40112309
v -163.75884374 -17.15174598 215.41270662
v -14.42354455 124.19078082 795.41628293
v -17.27157563 124.53961816 812.74565198
v -38.86279175 121.45983328 810.81839713
v -112.75039360 4.33185996 170.60319100
v -49.18455482 -62.01872670 255.55914306
v -53.94504032 -71.32631648 250.63506443
v -59.35406585 -85.32829819 257.88399201
v -130.35600426 7.05769301 172.88185454
v -171.34582903 -46.58397999 265.37350380
v -171.24992387 -46.51850516 242.67159826
v -83.56098847 112.44793687 701.95014219
v -75.26869502 111.75319219 711.47091943
v -122.00672838 7.80692250 190.21298975
v -53.43882616 66.77061051 1438.99964338
v -56.38694066 69.38311475 1447.44555614
v -61.96201672 60.55736902 1430.23147066
v -139.79182297 -62.33477637 835.31354198
v -128.03021246 -75.86139658 839.61064144
v -141.42002839 -67.58864295 826.89001344
v -101.97802374 2.20510374 187.59180353
v 173.69746583 -88.59640224 693.28518984
v 188.63232276 -68.17574796 695.29688743
v 183.57348437 -72.95834086 672.80677940
v -161.28475680 -7.02439230 256.16568935
v -98.63278667 -2.48644112 176.72723746
v -140.02811205 -45.46485729 535.91673171
v -47.89220701 -64.12825651 286.03437433
v -46.26646458 -51.44529882 290.51092945
v -48.29776952 -55.84471146 260.29571857
v -89.81494581 -2.18519741 201.25140788
v 115.04003365 -69.10299169 483.94068288
v 108.26149581 -74.30568033 503.46588341
v 122.57874084 -68.92925356 510.67563582
v -171.11699245 -42.72871229 216.69584420
v -88.49710364 -69.56928609 503.47645298
v -89.20170925 -72.67300295 544.46328589
v -79.04658344 -10.36494304 211.69622158
v -40.27539994 114.87694839 903.19009282
v -68.21202480 106.45349498 913.18261124
v -76.61721010 99.53188193 905.70837998
v -147.16566608 3.21796398 212.70875187
v -140.03139093 5.00351139 195.95602258
v -133.23960651 8.46554639 209.62042810
v 10.89004586 120.64869191 860.06661740
v 18.69776866 120.53290162 871.89607458
v -25.35903599 118.51473612 875.07962170
v 15.01629597 23.56569869 1289.46181589
v 6.30517699 25.86031027 1279.45625924
v 14.50536424 25.13942341 1278.67699603
v -83.55928965 -3.14764661 217.58910838
v -48.83408895 -31.89351144 280.37362630
v -96.93387889 3.22666732 204.65471684
v -155.13750099 -4.12367178 208.52781506
v -67.39754433 114.14498251 777.52138745
v -51.87241920 117.24243544 783.30379829
v -3.28612196 29.99848581 1262.37139788
v -10.71037843 43.81286112 1251.33675014
v 12.85322574 34.06386163 1259.55463110
v -108.27848783 7.54814806 215.28884362
v -112.12739998 10.64962462 224.14642333
v -170.67978956 -43.13281677 231.58998913
v -20.74556690 77.17685795 1437.27894199
v -19.81502559 83.17889130 1424.41271921
v -12.16611543 81.12327615 1427.72913592
v -87.38256920 5.29467687 234.68529824
v -107.55586622 -67.53213995 543.76582633
v -84.89211512 -57.57745369 136.80551056
v -84.46397615 -47.50745363 127.77324640
v -90.89004832 7.17456395 246.93126145
v 154.53948698 42.59287251 506.78640691
v 152.03050959 54.09424281 517.39223142
v -78.25543082 -0.08679588 243.36487751
v -132.89738400 -49.17493065 490.92275353
v -120.96537255 -59.39996434 495.24198827
v -123.01352191 -59.02048909 467.96138925
v -178.22132206 0.91671092 739.90770906
v -179.21755011 -5.21274777 756.47385725
v -174.04269306 -24.20821237 734.48947235
v 42.06169303 109.24149397 1023.61423813
v 39.18201301 112.57493067 1029.26451624
v 87.96052540 -5.66864121 115.31551633
v 78.00108481 -19.29278389 106.20715317
v 92.70309533 -4.30832274 99.08136824
v -113.43030824 12.46530121 247.97279000
v -120.42332371 13.88622179 250.24627177
v -135.64783038 10.47414538 233.05813251
v 58.30707768 97.50123129 704.36215324
v -92.48500766 9.55795059 261.06369127
v -167.34858079 -16.84478285 596.17263041
v -164.78883634 -32.61761588 609.23729446
v -155.61359015 -37.00212555 590.82178652
v -92.58614145 11.63088542 1423.15671368
v -83.09992396 27.17695790 1414.88197453
v -88.51285365 18.85609946 1438.57276403
v -94.10275409 -47.71893970 89.85624186
v -98.67578663 -55.32698760 85.24267703
v 125.59700804 51.90293131 455.91111115
v 114.52413002 56.03200897 452.04044068
v 116.55425212 53.32644197 441.50201046
v 149.29607752 72.88056016 543.65336548
v 162.27793029 52.79604499 543.59213698
v 159.97984983 65.48193337 556.60471022
v -105.73396451 14.06441321 271.41632075
v -130.67737561 89.17318592 1067.53299468
v -105.35409486 17.00110265 294.43547700
v 84.46435284 50.80849355 418.07215132
v 86.81805148 36.17311417 398.14463835
v -189.80898422 -3.50573665 1238.91379925
v -177.89419996 -14.80918717 1240.22525734
v -190.48083150 -15.74599247 1229.73149242
v -83.43648308 9.83662213 288.98584279
v -129.74125493 -54.09885252 525.66126015
v -120.61214131 -60.55501290 544.63380025
v -179.39169302 -0.35130225 775.41154511
v -177.06879669 -23.85960272 765.42135183
v -99.42248883 -48.66329479 75.59655688
v -95.60594553 16.07599231 309.94185490
v -159.95762264 -65.55223575 1226.49856020
v -139.91955706 -69.75256937 1237.48824286
v -125.61846574 -80.32865989 1237.98331500
v 52.24359609 -8.65005895 289.22820163
v 49.83054612 -11.40313981 307.33145371
v 48.65062445 -16.13402709 282.50653698
v -126.17323245 10.36194463 218.87083520
v 142.65964923 83.88954152 561.89343535
v 135.78016951 78.80935770 536.81746097
v -77.39698578 10.07658929 304.73407723
v -149.22797371 2.97204303 450.94144570
v -151.13531450 -8.51786106 460.87694544
v -149.17293224 -11.46748200 442.53685841
v -81.56282766 12.61210819 322.29103897
v -27.60396726 123.06547994 1030.84287479
v -48.17509361 110.84480909 1021.94040521
v -139.85782821 5.92422565 138.15721497
v -133.23463236 6.18251648 152.10019036
v 20.68063282 60.45098657 664.43359187
v 183.15876435 25.04200461 1004.13521207
v 173.55584677 16.35872044 1017.46054697
v 178.37393914 12.69499322 1004.58991805
v 117.37207477 75.00498205 1190.39984199
v 120.57608899 78.66594360 1172.19595083
v 149.71593142 75.22177459 1172.90818861
v -169.56209925 5.62619756 583.85291549
v -164.46264647 -13.86712455 575.26653239
v -111.56847974 -66.48766388 63.77764105
v -71.40755857 10.59283372 337.48587494
v 147.77900026 27.94850165 463.03954163
v 151.65411894 7.66949252 450.95834782
v 20.05056005 55.50541243 656.10326746
v 124.91957477 79.72410426 1155.76322655
v 111.74183188 89.69582696 1157.25380993
v 111.42560836 97.11417804 1140.60874851
v 125.96550211 87.19105186 554.86737806
v -86.15202273 16.55252629 338.66181762
v -62.13508675 8.15470437 354.18577888
v 130.36708967 42.24013398 442.79788619
v -60.63408419 1.39723633 336.32258720
v -144.31185934 -35.34285601 458.72285502
v -148.40948941 -24.49848432 447.63687151
v -155.91336085 -78.73379352 180.69801493
v -147.26403094 -86.93623006 177.86091663
v -150.37036935 -76.41177750 143.16211895
v -55.15554978 4.08286357 358.89387576
v -137.51057363 6.04455797 165.83872353
v -154.37841849 -83.58372060 313.55821273
v -147.69998076 -91.03294916 314.74457833
v -50.33467051 8.09955386 376.38030828
v -58.53985734 109.46209799 1158.43315148
v -47.62830915 88.00216685 1193.78310864
v -62.00549382 94.86598416 1181.06129380
v 52.90326774 -61.18860682 198.33950145
v -144.28647798 5.03736767 89.48760901
v -33.78213941 -14.01431485 370.97193283
v -122.70096671 -104.54244633 222.71587203
v -140.56160219 -97.52458519 212.02675021
v -140.47388023 -99.16376974 231.31548731
v 65.78909346 97.86161752 691.49632401
v -182.53392120 -13.10613175 668.64136797
v -182.02090393 -14.06684612 691.43136229
v -25.76160352 -11.25932310 387.12033908
v -84.42817402 -30.83501101 1386.77615282
v -93.13904507 -32.07677561 1395.54648612
v -86.15873491 -38.13486043 1398.34020736
v -199.14197423 16.13717134 1221.63776199
v -181.75703828 28.41746949 1232.16953674
v -179.36125742 11.12500525 1247.72495106
v -34.22517606 0.33178729 391.78017812
v 58.06136724 0.65896158 322.84465112
v 92.95880204 -1.83077271 130.09888523
v 100.45939050 -0.95077229 142.13826944
v -22.94603838 -8.14987673 403.11827445
v -160.50659283 -66.34105368 327.83812578
v -154.25315776 -73.65575535 337.52985881
v -110.85062380 -103.40351507 218.21673783
v -84.83145487 -95.44168674 228.13954680
v -35.31183072 23.54320013 416.65806982
v -213.07528858 -3.40118664 1209.52267558
v -213.97277939 -7.58107084 1205.60054882
v -226.41875646 2.91045977 1177.68629726
v 203.89903372 -25.23640301 667.76508416
v 195.17576643 -21.87800301 635.16576273
v -140.28997746 4.41899122 110.74850256
v -123.73870953 -107.50428036 271.30723576
v -118.69705315 -109.59642213 262.64613630
v -138.45485845 -103.09424958 251.77043486
v -25.60192849 14.02994753 430.40309887
v -81.47094245 128.30996932 1096.07119927
v -66.15295258 128.84895349 1109.63765358
v -86.30835194 119.21967673 1116.25104194
v 127.63276570 -65.30365123 899.58184796
v 106.92992273 -86.69525815 900.21544582
v 111.85977718 -79.72533064 910.52159184
v -37.00763371 30.37505041 424.02285590
v -99.27504709 -96.07053101 200.46361504
v -24.72232175 31.05032431 456.41892225
v -150.97305883 -2.42253486 116.99632565
v -82.26316718 105.83862666 828.89947334
v -104.97462022 99.37050131 810.15692135
v -89.98172036 106.16247661 816.07063637
v -174.71478690 -13.72299664 625.46347297
v 60.86073802 -104.68686771 897.10221508
v 85.32311731 -97.09051776 900.33601579
v 70.46754819 -109.19213703 882.08217025
v -33.09835538 45.53138984 462.59879293
v -44.66747761 44.75025413 431.89561332
v 167.23699491 -0.80155770 1031.59550241
v 166.02482905 -12.49889515 1029.62244627
v 170.45365026 2.84936583 1014.79151818
v -70.28742648 55.60038750 1400.16910404
v -69.24704411 46.50471438 1373.19270074
v -62.33461236 65.71803189 1393.86941995
v -51.53342716 59.75214471 450.86643343
v -136.82908728 -104.63194153 286.54704153
v -138.63107322 -102.30170046 266.37867959
v -129.87033415 -80.75262065 105.14336519
v -59.44470821 60.56483453 439.34292844
v 203.09773076 -36.86287078 711.69187735
v 195.08759756 -57.24129836 712.41813854
v 195.55219883 -39.10151822 749.04644074
v -130.55083200 -81.83871253 5.83512119
v -146.36305167 -81.27568730 5.18188926
v -137.91133457 -84.49875993 18.78337010
v 54.60549224 -9.14462820 1422.27864484
v 54.94802144 -0.07976662 1413.83998628
v 52.02251400 -10.78893548 1411.38945401
v 100.96845072 76.26275371 31.27992622
v 101.67586016 58.82755591 36.84889828
v 96.63944485 65.54381171 28.44197085
v -63.40338240 66.15520394 449.61943896
v -138.32790861 -48.69830134 432.27130660
v -57.78011858 66.20591268 463.36994195
v -82.12073528 84.98148470 1002.26016480
v -163.30789241 -62.38068036 164.38095045
v -156.86051676 -64.60204883 133.90478158
v -152.26095467 -42.14041999 379.54062843
v -152.13606512 -30.56232924 382.82273402
v -149.50633520 -32.03287293 395.78930727
v -84.15798133 71.69100506 460.44725172
v -0.63539059 -110.30185366 1360.94806027
v 1.67529163 -113.44774710 1370.10524882
v 9.32428542 -110.55833092 1367.25671094
v -55.24732075 -9.89728505 1528.17219037
v -57.98429457 -37.33617491 1529.90028114
v -65.47684278 -22.05865232 1523.87707394
v -65.33018676 74.63633749 477.49949991
v -130.64967514 -74.41339236 2.28901763
v -141.99411840 29.75878166 448.16800544
v -138.75473851 18.22056764 429.75480270
v -55.43255330 74.74594862 488.41164165
v -83.39494592 -93.88440171 925.38408877
v 94.90302191 76.26091852 24.03419851
v 86.91353742 65.04234186 2.82449141
v -46.33036633 74.44764583 499.42804795
v 84.74301339 -148.13799378 795.36826517
v 96.51384582 -147.73017719 781.26396832
v 73.84388902 -154.82694271 766.51679986
v -136.43749755 -79.44352954 54.40867641
v -130.16950031 -84.16510370 23.71618632
v -40.29685131 59.56362015 476.96535720
v -129.14770471 -63.79017271 414.77904331
v -88.91523549 -90.08777263 201.91306515
v -20.47758063 50.35101625 503.12208556
v 136.94778638 -122.48986406 743.17731654
v 158.55618798 -104.30956541 717.61085958
v 149.32236874 -111.89160614 717.43986056
v 37.17846130 -101.61814730 913.53914681
v 39.27955153 -106.28539434 897.78566386
v 4.70684200 -104.92947208 902.50786999
v -168.44332579 -44.42831358 178.55698131
v -24.32214699 44.37647036 481.01249238
v -151.78514070 -8.92314965 488.38173534
v 109.07729408 62.36761164 40.50769336
v -120.14539957 43.37826830 969.10300433
v -157.78478132 -45.62368796 94.54658607
v -147.46305205 -66.85617040 97.80136632
v -154.54963067 -52.79015752 80.06502833
v -162.46995195 -43.37374826 343.92159874
v -160.04152399 -51.19906730 350.34399078
v -163.91746613 -53.67384584 328.25977597
v 84.95124060 -86.86846850 634.89502156
v 109.37076149 -93.00025982 641.83102435
v 110.90116410 -92.03711653 635.02365901
v 11.82352683 88.47455490 1188.34932105
v 23.72240274 78.79121826 1200.67327105
v 71.60152122 -101.48567213 648.21164089
v 76.54856579 -111.48755448 654.49567618
v 99.56288548 -112.38482455 654.98146991
v -25.90356992 60.44995545 510.44397516
v -150.29855228 -68.20506906 114.81842867
v -157.65401326 -70.13619455 151.37342762
v -141.92549369 -0.73278365 391.64500361
v -147.47219310 -18.34120675 413.37027832
v -148.28150945 -16.39330569 391.99013126
v 31.40263168 65.03347107 1218.00643222
v 23.97626512 70.52885312 1209.51232509
v 44.07287827 67.75227343 1217.31147536
v 86.23758879 76.61392611 6.01377525
v -13.22279784 57.57726370 549.91150183
v -25.85748160 71.15473754 537.52211240
v 347.27310041 58.01937502 713.97052135
v 355.75671275 49.09295208 714.22993421
v 341.94322644 50.25162495 702.86221355
v 35.71186847 -80.66457763 1373.43319659
v 40.73327767 -82.10699778 1385.47831484
v 48.62792769 -71.21024136 1395.78584610
v -169.77013214 -49.04695777 193.23682160
v -34.66743004 77.41878322 531.64618352
v -147.53796763 -27.98500377 474.40578318
v 139.60840435 -121.10577162 762.46449881
v 13.22644990 -17.08781168 535.73638939
v -47.02411932 82.59647029 519.49407314
v 120.89460175 -134.56618013 747.53596924
v 132.97202334 -126.85642439 774.98402116
v -140.52135925 -77.01545844 114.46695265
v 121.65215428 66.47179496 41.72365801
v 125.82161976 28.30592203 55.61328365
v 111.48295466 47.92748834 48.88299253
v -55.23256323 91.48397421 538.73319273
v 7.53441728 -31.14832588 578.28979942
v -28.31903144 76.06586757 546.78016695
v -154.20118474 86.33157322 671.79872065
v 340.73958810 58.50309808 721.93351255
v 336.71459648 61.64511360 711.19167002
v 326.71179353 65.21212653 703.40704725
v 124.91007889 102.16646561 708.79451363
v 126.62930082 97.25929967 739.44584310
v 108.06220032 101.19829237 724.94077104
v -163.36647384 -30.49396563 56.10291025
v -169.66099574 -19.95065240 56.23535043
v -164.74506095 -22.38243700 66.67422052
v -86.69820867 113.72577736 632.18299396
v -100.35371414 111.42577965 601.48776337
v -79.65991746 111.41772019 600.60079440
v -37.70837828 89.17757606 561.25992062
v 10.72683183 -3.36733102 516.15603393
v -49.00467110 94.01842435 555.49624502
v -161.62807033 -28.38635390 84.80423297
v -161.46298206 -37.29217357 71.93803222
v -148.82945003 -56.90892225 379.30373791
v -70.90994086 100.26059346 550.23844306
v 352.59879936 43.35282073 702.01647954
v -12.32579942 -95.16296484 1355.06177226
v -16.44896269 -99.13361108 1359.67083866
v -1.84230356 -103.37639455 1356.00828525
v -112.39976141 -81.08215128 1027.24454754
v 120.41370657 99.27783509 25.86900638
v 135.00073857 70.20688944 39.62977003
v -70.82275251 91.29837334 517.47121845
v -11.59895174 -103.38321705 903.56625828
v 19.36379204 -99.58188457 914.11464058
v -139.54912427 -83.28152978 138.51484464
v -57.35446669 88.98152553 522.63333943
v 6.52825411 -22.65214251 563.85884298
v 115.93944650 -138.97704711 770.45060843
v 99.33462539 -113.61108777 851.38779409
v 67.95482490 -133.86421405 833.52473171
v 73.02029456 -120.66693653 854.07498434
v 27.15752961 -152.69410304 759.45317187
v 40.08139066 -154.70128965 748.82137910
v 16.54551229 -152.69928637 747.04813009
v 207.71458882 -10.88019633 706.23612351
v 205.81399724 -25.96857131 702.14482884
v 309.95614093 84.42853995 694.39552344
v 314.12121750 76.66966391 693.80224467
v 310.97476078 87.76033578 677.50909249
v -67.54195494 81.59464169 494.37048341
v -112.54108960 111.73706685 681.40535204
v 145.47596906 84.18195110 787.08507117
v 157.51210943 75.50508450 771.11311728
v 144.41783401 84.15782294 802.89550342
v -171.26228031 14.51007688 46.19622571
v -174.48213244 10.72445554 40.19775729
v -152.75166427 80.23404678 604.23742210
v -135.67505245 96.45157071 595.49892987
v -136.60424318 97.29888860 615.41471901
v 158.51784448 -85.05206649 654.64509694
v 171.36943756 -77.35258367 656.88440924
v 155.36734852 -84.16520457 638.77884813
v -86.23468751 83.78340627 1010.68928130
v -97.63513404 72.87885225 1010.91404942
v -95.37159346 70.54566747 1004.47645415
v -84.03419537 93.17475053 518.20401199
v 163.63448526 -60.92771361 602.66841385
v 146.25045225 -73.20872876 592.23663245
v 148.14237381 -73.76199179 601.91622608
v -84.23564028 78.14464315 480.59556491
v 95.83482155 -96.94575090 645.12517527
v 73.13515096 -88.92813298 642.28743712
v -168.26363576 -27.30181349 37.36877109
v -171.33725267 -14.34467861 53.39049181
v -41.72325313 103.60188301 663.40638482
v -86.17236254 119.04017573 1030.84284979
v -100.29770410 110.71250355 1030.91068788
v 108.94309106 88.74582249 29.79732539
v -98.62203506 85.07270618 500.37645438
v 134.76006330 102.65410753 681.30724362
v 147.23755098 98.05649047 696.36261537
v -165.97221994 -28.60738611 68.54079210
v -20.65238044 -76.58930011 1348.56969809
v -36.46338576 -71.26172703 1352.85094509
v -24.46736370 -79.37237434 1355.28463670
v -102.07072563 71.75819006 470.41013672
v 13.96692678 -37.79199683 619.78684098
v 92.25353301 -133.46575056 822.40744736
v -41.89086760 -47.14074180 336.70535487
v -45.50910994 -47.09720367 312.43672436
v -149.22473434 -1.33898807 190.39318721
v -36.02074911 75.77167442 1405.30466689
v -52.20981102 74.60596165 1394.34175724
v -39.11381452 74.80688769 1382.82418351
v -86.68552954 65.21819259 439.72228613
v -131.02458817 -61.23844975 598.42649366
v -136.04001183 -69.43548285 633.11531281
v -117.93838496 -73.56258835 617.82125824
v -102.04837947 61.77434043 440.53636483
v -2.02701128 128.36205905 966.44562661
v -19.16420780 129.17417547 929.80375217
v -4.92825247 130.56358822 935.08552347
v -196.77474838 10.16389352 7.19283274
v -181.16704529 1.99594085 21.99432433
v -193.06052765 -6.17669851 3.44188397
v -50.82174281 111.14619896 894.35798318
v -97.32356872 53.91558127 413.03552724
v -26.04600339 -119.96167170 1461.81494618
v -43.38392424 -110.17748307 1456.44129251
v -52.89272789 -66.20504228 373.17042744
v -40.97880372 -55.70383400 374.03820357
v -45.51594719 -59.50635674 354.95063824
v -76.13990100 61.68298215 430.00107190
v -19.35652255 123.85182244 836.06109607
v -7.15930953 124.06269127 835.85246082
v -120.76828215 -110.41496559 800.49472094
v -95.69521741 -125.51923100 804.36028575
v -112.08600484 -122.03811337 786.73207235
v -78.07244714 48.56765678 402.02262473
v 113.61898528 -75.97262444 519.30660953
v -62.11367250 52.15736040 423.20567314
v -93.75532433 -74.16438853 592.79692179
v -111.41406562 -69.21217266 591.39178340
v -45.24245997 -64.96646861 391.11142340
v -56.78241429 -68.90981914 382.78679483
v 142.97663002 -66.46560924 568.51296437
v 157.69139406 -60.76680443 586.92218334
v 157.79594467 -52.76567452 573.17769392
v -186.30368722 18.93747489 23.86230028
v -62.89102084 42.18507350 404.53994992
v -115.05363671 -79.42443649 643.65489840
v -95.23419758 -92.54710756 643.58184647
v -76.53550472 99.72689137 892.70817631
v -162.00972430 -65.11529223 5.23904316
v -173.74501337 -49.52466169 5.95683837
v -166.17921107 -59.41884832 14.41814480
v -74.89661559 107.16086184 848.74375745
v -101.45110716 93.28468704 840.08346008
v -30.48202853 23.73316762 1279.07314791
v -40.53388210 22.87146284 1261.35655386
v -24.85012668 28.78344156 1265.35759416
v -78.01489218 34.80212897 383.42216959
v -71.24378329 -73.38194302 416.18752708
v -55.48399314 -71.14243055 402.66038406
v -82.86054576 -78.15783558 398.45699748
v -69.59674552 18.97798556 369.43176959
v -182.39578655 -32.10687671 6.75988870
v 25.05344916 120.06773711 888.73647087
v -5.66480084 120.30340783 887.21542639
v -10.94027967 27.33071058 1276.02228961
v -3.85087154 36.25780472 1294.92354043
v -13.55197655 34.88106113 1293.50116961
v -51.82648219 20.98619943 390.28710028
v -45.42796332 67.01329103 1429.22840074
v -33.95572867 67.35597792 1437.52782228
v -173.14416389 -0.81069407 32.80247747
v -127.87578501 -75.05393475 645.70214715
v -117.55916197 -91.51685032 653.19145286
v -123.11449303 -77.41825764 81.20468030
v -123.85740136 -78.12338606 53.40448460
v -128.35375597 -76.73872791 77.55661736
v -173.92320409 -44.00298617 2.79782784
v -83.11044426 17.26035306 355.14052454
v -148.26292958 -19.42885391 424.47035758
v -145.02044304 -35.87667779 434.92384362
v -85.25088101 27.81645289 372.43668847
v -29.31559472 119.82553207 992.83257265
v -19.87970706 125.18557547 968.68419881
v -136.80229575 -73.67878652 86.45543382
v -151.09012336 -60.07345660 68.18077978
v -148.35664380 31.51564656 487.64067568
v -150.06633354 19.29647543 474.26761254
v -91.49137465 22.23326012 362.35233438
v -117.89698728 -74.89910792 29.87221963
v -118.87563132 -74.48995047 54.98565918
v -89.42835149 35.70342954 382.93165582
v -160.42442387 -60.48437156 30.55961575
v -154.29157914 -75.34799107 19.19691225
v -54.34709997 112.98335036 871.10144148
v -23.46764201 120.88340492 854.17813761
v 22.46833530 -92.41542251 1501.87706166
v 23.63748104 -107.07382618 1483.66019310
v 7.07508506 -105.06831428 1490.02454392
v -125.90789127 7.76829112 1004.40205835
v -128.81084471 -3.25663184 1004.14920455
v -127.31045245 -9.20038584 998.19264418
v -103.80198140 34.36201416 384.65193722
v 144.97534900 -58.75963678 542.64844986
v -113.37362145 17.85300384 360.11836257
v -123.39427440 -81.70171242 23.37264993
v -96.42816715 19.63722807 355.67785332
v 63.07586634 -145.95689080 812.58068883
v 56.94763524 -153.55353191 790.68009917
v -135.79543935 -74.38921384 75.34050992
v -144.40163606 -75.88928891 50.90583880
v -105.61972485 16.64990431 342.53855486
v -149.45889884 -66.12409649 366.74251354
v -139.26987070 -62.80897705 391.07589983
v -140.76163534 -73.17321790 370.41368432
v -124.55518224 13.35058903 346.58614328
v -79.23529750 98.68633411 936.32799244
v -60.29025349 114.17068435 934.46782977
v -64.60694886 104.86986272 956.74160040
v -145.24675737 -82.94757275 16.46057208
v -137.47809910 11.48065276 409.19358339
v 79.76650568 73.71745621 1211.13154358
v 87.76773972 85.94288977 1190.04555231
v 100.98085361 74.67139768 1202.34624690
v -95.37603038 -33.79107789 84.56725018
v -90.82798817 -21.69551813 90.91333136
v -133.42302044 7.10878491 355.12202795
v -160.32186375 15.50998976 542.43759587
v -154.94534933 15.63837735 517.58831802
v 98.86976575 38.87329073 1254.31208998
v 107.27924955 53.47851546 1236.53969586
v 125.81377940 48.57257131 1246.43782273
v -152.97150160 -63.99623340 55.16877616
v 65.27824162 -29.55935622 1409.73506877
v 61.32749207 -23.39856795 1410.31495310
v 60.30738329 -24.70120210 1395.61384694
v -123.07439120 101.98653379 578.72372437
v -119.28107151 94.74040135 548.33549819
v -102.80636481 101.36170805 552.03446249
v 47.41302689 121.94169552 975.15375829
v 32.55454528 127.87366770 952.42894299
v 53.52125038 120.87877864 963.79022831
v -136.86924504 74.12123482 529.04518653
v -127.28701000 80.45716383 522.20363880
v -129.42187921 89.63787897 549.89058163
v 90.98792208 -93.31907598 911.31263703
v 65.16808125 -101.16031885 912.58963732
v -146.82202099 72.24497205 554.82331465
v -157.62001464 64.65809372 580.96815372
v -156.05841743 49.19604077 549.94112788
v 57.20174636 105.37380154 1024.04983032
v 67.86097575 102.82150253 1016.83480443
v -149.67114221 49.42413008 526.38352421
v -142.18724989 54.52956093 507.35129019
v -1.27374734 68.67982832 633.38876371
v 6.50919530 55.11938577 651.22244538
v 110.75760915 77.19702506 990.26198002
v 123.92208740 61.35924943 970.22822412
v 129.26415047 51.20430061 998.10903072
v -28.57274830 95.02275305 649.12518208
v -30.03423566 98.47255344 668.06437245
v -55.16746277 -101.45869343 942.87606693
v -42.84469103 -99.73565179 913.57520646
v -63.38891275 -97.30300194 911.27799755
v -73.53717303 113.45455947 672.06486430
v -69.34530234 112.17005386 647.51617257
v -56.14658497 109.01312213 644.07413224
v 116.93518210 74.21606280 940.08149122
v 134.22996418 53.74372732 929.87786478
v 130.17673519 59.62672084 941.05738721
v -72.03504859 110.88939559 613.92904439
v -54.87038162 102.93056924 601.81618795
v -52.94570775 106.12399550 618.92284336
v 10.48395642 -40.64913691 1533.55854423
v 4.48515506 -26.12847581 1537.21706627
v 17.83336306 -28.15140971 1529.28150822
v 69.74311532 97.49890726 663.65617041
v 81.86739145 100.84542011 658.47034551
v -35.98207360 74.27511250 1363.49080787
v -45.35542589 69.60273109 1361.84183280
v 61.54859778 -39.51871769 158.21414570
v 59.30511185 -51.77686134 163.34685309
v 62.08221372 -49.56836053 151.83684747
v 191.84310798 -49.15929657 793.71078602
v 183.00005321 -66.71989453 804.76545840
v 181.49093718 -59.75742077 821.93014681
v 60.36186990 89.91567521 635.88465936
v 76.86736732 97.90247277 644.39345595
v -185.14313170 8.52124044 689.42137742
v 32.91492250 -132.50666477 685.74103065
v 38.47919829 -144.28494060 703.30750591
v 60.56663753 -135.77514617 687.96806568
v 119.28140830 1.01072681 101.77969950
v 130.25221536 -3.63298778 93.74681041
v 133.36821801 -7.27234149 102.99319522
v -130.98361269 -88.96193407 1222.06880039
v 63.16831391 88.80560914 613.14984849
v 83.85031260 95.22226106 595.10791101
v 83.24417129 100.04420301 632.75045965
v 167.30156322 -42.89704873 851.38111490
v 157.88909936 -45.41550623 869.84927387
v 165.82256065 -23.78481729 861.83219909
v 166.91635797 -20.30836120 1031.95855760
v 180.76947094 -36.88713358 1032.21461949
v 185.86813360 -26.17487949 1009.34386848
v 94.45452231 102.93525215 647.87097105
v 102.85334139 102.67569745 625.09175971
v 124.90178144 104.06379748 654.00455047
v -8.52405459 54.36308545 557.64654353
v 71.37266782 -34.02305075 88.26019447
v 70.57505747 -26.08960016 96.52482874
v 65.81872358 -34.46899831 115.30894369
v 36.05908782 126.17569810 928.88355956
v 35.07653266 119.18419786 912.64122261
v 55.69951762 119.86601211 926.86084359
v -23.41198331 75.82533272 558.43490940
v -25.75049998 84.21289918 584.91792413
v -164.20999590 1.62312368 563.27451931
v -35.43597452 -98.96228368 926.41470884
v -24.94611408 -99.17692042 913.81761557
v 65.32022659 -76.38025759 184.81756076
v 61.77373737 -66.28596099 167.52080990
v -206.67813733 -15.03778779 1208.58141606
v -63.57900657 105.60134899 581.31260809
v -0.57812706 122.68114126 910.38808557
v 5.27338390 120.38978328 902.61830449
v -85.87462952 106.96747812 572.22311480
v -96.15630232 95.38627934 529.23005676
v -125.80386548 -61.94121192 577.67293541
v -142.81349444 -50.86716273 587.90660324
v 167.41147613 -47.28998798 1071.16323429
v 165.20076915 -59.05877570 1091.60017169
v 174.30265769 -63.92379064 1097.98352932
v -73.84978713 -46.87653765 1501.97327585
v -78.14393894 -28.17450486 1510.34669987
v -156.92951243 -2.84091006 277.65778843
v -166.29626402 -17.04955720 267.13978904
v -44.52105812 128.93696899 1124.24393289
v -46.90037083 135.69251697 1099.91223663
v -23.14360413 132.10619314 1113.57292172
v -170.62751552 -41.82673460 272.20158128
v -167.22285783 -66.70063163 258.79160169
v -75.70268751 -56.64298127 1274.30484734
v -62.88106400 -72.70930622 1271.57369864
v -85.38458312 -68.06241036 1264.90976689
v -160.89000334 -81.16533985 247.82997909
v -167.10558846 -64.00947582 218.80718062
v -25.18775708 94.38756363 1182.22549944
v -21.27892871 107.16589881 1162.58052016
v -7.96128228 96.28883006 1175.78315887
v -164.50207712 -68.79242176 192.04759997
v -131.54704199 58.40770932 482.18134897
v -117.04230624 79.87946588 504.20579699
v -133.72725274 64.64598400 501.84707068
v 62.33609279 115.61245081 859.66595475
v 74.80192083 108.56103223 882.10432874
v 49.06025679 116.00838919 885.19036290
v 101.35252749 118.55512980 1053.74766039
v 88.46825161 125.65556613 1051.61476592
v -115.79131240 67.60015138 475.20453065
v -107.40886322 82.20347175 499.03513240
v 42.18538366 -109.85134432 1062.14478329
v 49.24656622 -107.31278531 1037.99762158
v 24.01271059 -111.44512729 1052.59680921
v -170.88379899 -3.79837284 47.66163378
v 82.82110035 100.71295763 898.57674462
v 56.93544696 111.96704608 900.59130202
v 45.30300192 -148.29444400 713.01778843
v 35.39784815 -153.78265650 740.46970006
v 134.43162037 90.03748657 765.82536594
v 117.33578338 98.28185050 752.43795315
v 141.54874688 88.28149461 754.74777584
v -170.40432043 -13.20933748 35.88904507
v -135.67699363 50.94862355 471.36443911
v -130.41852918 47.43600948 451.99048510
v -125.71735795 57.40536570 462.12019020
v 50.78302673 122.80343481 805.31821870
v 48.91422568 120.71467002 829.02169195
v 24.25691504 125.00730510 827.17498777
v 162.47856923 -95.91477288 750.83784235
v 177.47572219 -82.13412036 730.79990285
v 34.26476441 -92.01914260 1379.06522500
v 36.39029329 -92.97544799 1403.24078305
v 68.27146607 -96.30238572 315.45675471
v 72.39040798 -95.16959618 329.82864065
v 86.63819929 -102.44605025 316.54693673
v 45.09414480 131.59554115 1116.65332030
v 77.02091763 128.76356431 1105.34398416
v 82.98031826 -107.47234743 260.44019700
v 66.26291531 -100.77679910 254.23873981
v 69.59445284 -101.34896906 268.30549065
v -133.83509722 38.38406764 441.05570518
v -164.27219283 2.40703384 55.14692548
v -112.55778042 106.73370779 585.26323786
v -98.80753293 108.78328204 581.65353714
v 68.19600754 118.40114814 813.32995831
v 55.06438796 118.46502733 843.45098894
v -69.28543902 51.45253419 1463.13450195
v -67.11449956 59.00277311 1445.16784077
v -44.80442464 105.01040769 644.64305782
v -28.79592977 92.81722002 622.00958114
v 99.55126260 88.48546808 922.93962971
v 109.78951026 82.17354700 909.60104144
v 113.05439324 80.48190518 926.26053984
v -43.96016874 96.84574849 585.57296748
v -24.32687671 84.52351356 599.00823340
v -83.77681259 -94.94194584 1015.58595005
v -64.77133981 -105.36112068 1027.84045127
v -74.48582880 -93.28188417 1005.01325808
v -5.08269664 52.19550979 571.20082961
v -10.46231170 67.22169947 588.65830266
v 86.25543174 97.05734453 965.62398066
v 81.54229431 103.91401916 993.41754734
v 72.25058691 109.50647631 955.43901924
v 1.74724011 41.64753443 586.16452500
v -1.40402950 54.66633144 593.58681738
v -153.51348493 -17.56356199 353.82644521
v -161.25523947 -34.16047059 343.67667371
v 42.16045483 142.02524706 1067.65133363
v 27.04477505 142.11986533 1077.28913795
v 25.80475295 139.83843583 1059.38278644
v -155.66747317 -9.93279703 333.19923598
v -161.18466965 -21.06900071 331.26907780
v -162.70295083 -26.32985137 323.94457969
v 24.89044637 -105.27710957 1223.64447840
v 13.57297077 -106.77345672 1209.13497493
v 7.88270879 -106.71403163 1221.48760166
v -166.81748186 -29.05464753 308.46116533
v -166.82353388 -46.08830546 312.93938605
v -23.53559105 138.03855139 1053.51500408
v -15.18918641 129.81677080 1039.17973800
v -2.68666484 138.88114493 1059.63319923
v -167.87899604 -28.33877258 291.17473392
v 55.58266200 -57.76986506 1426.52145990
v 49.67685912 -71.02259113 1412.57883661
v 47.63706606 -81.79265164 1419.62050124
v 143.43396554 98.22822770 640.39447046
v 124.80942153 103.82031636 632.30219607
v 141.26492046 96.53848768 608.69983334
v 203.93060572 23.05066352 697.61300216
v 206.90650511 9.93021147 703.99248183
v 207.71402137 11.73745952 717.79906620
v 159.08411230 87.28903877 623.67361366
v 168.81680857 81.13325707 643.34290381
v 19.83613164 -120.96368675 677.54134236
v 26.31702513 -107.72375648 666.37701229
v 10.82999858 -108.17086200 667.51372039
v 172.40155785 79.82565543 662.60244042
v 155.17049513 94.29050273 673.86248796
v 196.29745956 45.24790594 716.34232432
v 194.47723553 40.34068523 742.62532205
v 166.27494426 85.98550949 688.20362797
v -54.87926275 2.92000184 1526.36064677
v -73.32449715 -11.18875103 1518.42550842
v 144.87848615 100.50787807 658.79899584
v 157.12981205 39.37813997 870.56414909
v 164.65092273 22.66901819 867.17620823
v 159.87215093 20.04678721 878.10128236
v -53.80284908 -148.56796772 779.91513877
v -57.88574552 -147.16703842 760.96078957
v -80.71963464 -141.48692357 763.10783474
v 62.20016614 84.86141753 590.42880004
v 177.20847187 14.25850105 842.70089084
v 182.29502864 8.35800786 835.21215795
v 175.77512135 -11.38454429 846.63023326
v 37.34657753 65.77580154 598.91693267
v 48.31221859 72.31704417 579.26351411
v 124.69501647 93.64861244 821.24285699
v 142.58041522 78.66856715 826.67431674
v -111.75783104 46.88296286 413.41546100
v -124.55304503 31.39475353 409.61969087
v -120.17168125 31.72786567 396.68165827
v 45.90220900 117.22685878 768.41985264
v 4.76928850 108.40765186 733.92573081
v 43.31441824 -147.25710952 815.75001060
v 40.64887038 -154.99130343 789.51688080
v 101.13885142 -145.40194758 741.73627334
v 114.77215159 -136.60764759 731.87557287
v 82.44971023 115.01095599 815.77711109
v 101.21920562 102.85046725 833.42161608
v 86.09287803 109.48714250 837.30604077
v -174.42688421 9.64382415 603.02692248
v -168.74930485 30.10778633 587.62136034
v -116.27625956 55.92982510 442.82308054
v 141.75099378 -81.53221578 617.41925418
v 157.49423863 -73.60154203 618.93406614
v -125.35191473 30.46258523 40.69569752
v -150.36143961 88.46134083 644.87753109
v -158.63256139 77.84015966 637.47556816
v 8.98059166 -109.26043603 1174.05627786
v 18.14235795 -108.98698840 1147.67375969
v -0.97262684 -110.57861316 1178.03696254
v 13.83123272 120.58944752 775.33400319
v 16.86884818 113.10240579 749.65118601
v 24.49139857 -149.88941166 810.70076158
v 50.93472593 119.94544136 785.89506600
v 68.16353975 116.18580477 774.01175388
v 75.85442692 117.19356066 796.25101381
v 114.46182326 -127.23611408 818.25131052
v 106.83019985 -137.00872475 804.94926539
v 107.17118671 102.23283512 760.45859496
v 107.50892388 106.21477339 790.98612518
v 94.72684199 109.22484502 773.82198083
v -162.89633974 29.76294890 559.66418082
v -177.40989472 13.49439390 619.98259294
v -17.03174119 24.62799684 1530.87485373
v 2.71679399 18.11420807 1529.54974458
v -18.23740805 -9.15734424 1540.84416139
v 43.70911591 64.21748933 559.64569932
v 31.52287647 55.11950357 585.59222555
v 182.55387023 8.59054392 596.59562682
v 187.69217091 -21.59909648 615.03399656
v 194.51180183 -2.88879967 636.00796680
v 72.57233899 83.72844125 552.62450934
v 55.47420517 73.46592020 553.80539100
v 54.89164288 70.52957588 530.48804760
v -52.99526032 -132.97083672 684.91336349
v -38.73695999 -127.76514379 674.22123401
v -63.34208834 -126.39310899 675.25330927
v 86.87334411 89.31632674 558.23581830
v 200.25506492 -0.66888230 654.17323299
v 204.91265068 -5.40092763 678.09883940
v 120.48249888 98.18644868 590.19807186
v 94.43833313 94.61285585 581.90706078
v 110.56655363 94.21939988 573.35804354
v 70.55637984 97.87369491 654.35089583
v -40.38945723 108.04697912 1017.44974673
v 188.41767761 -31.67706238 819.66878892
v 44.92360248 79.28416054 621.04684297
v 29.61792649 -143.10482362 708.89635069
v 102.47593033 -80.65004537 74.84414310
v 110.35663773 100.71673332 601.10836955
v 109.37904655 -85.27147419 3.54393706
v 161.65988102 -10.64766605 879.26513790
v -130.44709596 73.95207565 1167.12840006
v -123.27101316 79.87424774 1159.20553988
v -121.07728914 72.31121105 1184.33317509
v 109.75536932 103.68641206 659.73898855
v 305.19627017 55.50207862 926.34651711
v 313.05719474 47.76069307 914.11921918
v 43.07907484 -36.04154425 1503.89529516
v 41.88489845 -10.18240932 1508.29178049
v 49.56503633 -31.82127772 1495.36642337
v 62.84643161 122.74380824 1035.32415494
v 54.68885230 112.21205134 1029.52191430
v 76.23904765 105.71308146 1028.38065575
v 58.73910184 111.20500639 911.37026878
v 291.38177293 76.99967944 868.42154128
v 292.96135801 73.41375120 895.98339952
v 275.58039572 73.99893823 876.54324248
v -2.14826918 64.04662420 609.26183620
v 1.85464587 -95.56168801 917.30177410
v 96.70655918 -78.00341471 47.51339663
v 25.21538400 119.31569312 1006.43744031
v 16.40396447 128.72435476 925.47908082
v -128.26642252 90.29707852 1081.02018010
v -140.40221372 69.22627529 1089.37923646
v -139.55037656 69.35289294 1072.97136208
v 31.19956106 70.20274477 642.80709514
v 28.67403978 56.95820318 604.33237799
v 133.93589243 54.69119053 909.18593796
v 146.84859893 55.13694426 877.47043206
v 141.74818299 41.56589622 908.42123839
v 19.04562606 51.51012777 640.38265016
v -52.11430436 -105.16200843 878.11764136
v -40.61186310 -118.87995458 853.31377476
v -68.80118859 -111.41626705 851.12167604
v 20.70442734 48.65994237 621.74599752
v 13.63358471 43.80762484 620.17494725
v 147.93845410 20.27928772 941.61492517
v 145.68104734 12.41956179 960.78022775
v 6.49384511 48.64032250 620.67409839
v 7.02772009 52.70742477 639.69970368
v 32.16409451 -100.08802811 1482.43320976
v 25.36226748 -105.22987406 1465.95666372
v 73.09690261 111.41875159 761.73221256
v 80.91822116 105.59516478 747.01885765
v 93.81014873 105.04123162 756.59911659
v 141.36608653 -93.85729359 840.94921706
v 142.53244559 -109.70486247 821.22374705
v 125.19133678 -104.42815929 844.41970249
v 89.38613113 102.28332419 717.71670393
v 73.57196287 100.66370369 714.64767941
v 87.57611027 102.35544843 705.53275454
v 98.06662675 -86.62161261 603.27626592
v 101.58651206 -84.77660883 573.85575660
v 74.75019320 -83.47983373 582.50794504
v 119.75718524 105.32077586 694.96273812
v 86.93538968 103.95193126 691.44905050
v 98.52978606 105.43133980 681.05427667
v 189.24780696 -56.07471568 764.98272672
v 173.21266279 -82.26333066 757.13922002
v 175.47791936 -83.15100482 785.81430760
v 109.63146589 107.19832669 671.76608727
v 84.04232104 103.18750311 669.16821112
v -71.80413112 -117.30142957 1134.92545895
v -63.49268227 -117.86975429 1113.24489565
v -74.40892980 -117.55744613 1111.84560888
v 42.14738918 61.05707189 538.43573065
v 34.21825612 -63.52617858 621.71959793
v 62.80497541 70.65113987 509.71608596
v -103.91527711 113.92093052 652.94123256
v -127.97543377 26.37403033 959.85116906
v -130.41912410 10.73868486 961.56124207
v 75.80248698 76.42870787 515.14051227
v -46.45128897 -122.83255099 1101.55466198
v -59.81849830 -117.73577941 1099.31175448
v 75.67015914 88.36286796 579.33154211
v 38.67198147 -59.62964910 531.20130482
v -178.66263720 40.46875939 663.59020974
v 134.75430552 88.98559866 566.50166086
v 0.86935455 66.25810450 1438.90559306
v -7.17385258 72.17758358 1440.12074179
v -0.91898282 66.51157341 1429.32292104
v -109.96064742 -87.82965318 857.46285848
v -128.64642373 -65.80749347 859.08958689
v 154.72931650 92.79243831 645.45384201
v -88.41136526 -79.27646367 614.81347895
v -123.90917927 52.01865119 903.79459946
v -130.90842123 30.07101359 915.30119825
v 176.24141513 66.18855243 630.96788783
v -102.67953935 91.54739398 857.48325224
v -84.52181557 93.38657050 1177.95378832
v -89.95767483 75.96899902 1201.07952371
v -109.59140153 81.63971842 1180.89612169
v -161.08764042 -37.88386972 815.97985833
v -159.31127364 -55.50209608 806.73688147
v 176.23130811 76.49848256 684.84548279
v 49.98104711 2.45387395 1375.50045275
v 48.67612584 -9.05154975 1374.52967678
v 51.40890611 -1.50797978 1385.75983547
v -54.12433737 -71.14898134 543.15739931
v -139.64345037 55.06753812 836.25404127
v -144.18424751 32.30075512 853.43294558
v -146.29759704 39.99853137 837.40615567
v -135.32445881 10.40554202 904.89937918
v 132.54203503 99.54760162 720.80762301
v 56.72817540 -58.15531576 1453.51014691
v 53.12916285 -65.01982054 1457.89371655
v 58.19807419 -47.09771864 1461.27667403
v -102.30591069 -77.14390792 896.57295761
v -99.82217063 -77.78457665 905.24651391
v -86.52546115 -87.57190074 906.05633138
v 134.95213452 6.93445107 338.59641730
v 145.26901058 -5.65668680 350.01374254
v 127.45430771 9.68332400 363.98551517
v 120.46660537 13.16595970 357.77316743
v 126.07038059 12.49921855 346.31702674
v -116.60903129 40.55853559 1003.75315883
v -103.29218864 63.34292909 994.99569829
v 101.76844003 102.24793134 737.90598756
v -40.00551918 103.56069228 698.79293161
v -84.33929925 85.51525949 967.28169916
v 3.88744868 104.06192462 1166.63129701
v 90.57768974 18.29265174 330.97802325
v -103.37840123 -79.42113390 919.66784894
v 137.28645672 -1.05705315 367.81998314
v 131.11033003 11.08003083 382.76376618
v 279.10241110 21.31912747 1015.54296530
v 274.19375428 3.43037951 1007.75850739
v 271.95588593 8.04563057 1030.51331793
v -121.00134574 57.63614853 932.61053651
v -120.90033272 52.11443126 949.47115438
v -131.93306322 31.31094893 936.12072440
v 267.72876864 48.34219498 1012.33920515
v 282.09377116 49.35466186 987.01507410
v 283.29798900 38.97546770 999.33060040
v 117.80824071 101.28225460 808.15890396
v 282.46537421 29.00471725 1007.96720204
v 276.63380574 32.47161741 1019.14545828
v 7.33117032 -71.43704972 1307.05120580
v 9.10958881 -81.62976997 1294.36122228
v -10.55553220 -69.92029874 1310.22379771
v -74.31967238 -107.83301481 1053.51064965
v -78.66552476 -102.80975263 1031.18442283
v 12.06837380 -154.76678507 792.17673167
v 107.99785585 98.77753758 838.03151251
v 145.83808860 -81.87934204 325.56046100
v 153.29999204 -71.47555330 320.56734804
v 157.31065408 -26.84739267 322.05121750
v 157.40852152 -28.05515818 309.44083589
v 158.89778867 -49.42106025 320.17490838
v -117.49866682 104.38763280 723.40021182
v -161.23625205 75.37130378 712.68637553
v -106.03051330 95.31779992 1022.95154229
v -111.87982611 72.30960657 1016.63896925
v 126.84181013 15.64915364 312.83042038
v 138.50101187 6.59121730 321.36076645
v -98.18964559 -91.86486746 1028.53901276
v -94.15476637 -99.36414321 1047.15004746
v 160.98001960 -45.17595111 288.98447134
v 159.38365847 -54.09056527 302.73588164
v 85.89013117 113.16534080 784.93076271
v -70.82747371 1.35867823 1363.38262115
v -73.62484894 -7.08845867 1366.34751069
v -65.04363701 -3.83840894 1356.29266219
v 7.34777157 -35.15535524 620.36555110
v -135.52970347 101.61265512 683.84049473
v 271.30503862 13.16296217 1041.15659351
v 265.86252073 -5.75752180 1050.87072163
v 267.66724004 -0.38393095 1056.79334855
v -17.00546402 61.82311145 1504.33954218
v -34.56264827 66.75601002 1491.93261698
v -20.71872365 72.56522133 1480.24849036
v -173.24614388 52.60023870 1134.95961775
v -163.64275733 50.97685156 1122.46043454
v -162.09121664 53.92781708 1131.16816237
v 154.44967768 -38.17872182 515.80868392
v -97.00464855 -109.60619521 663.17682113
v -112.94601851 -113.90908450 698.99229080
v -123.14835694 -107.14824797 705.63332837
v -127.70238282 -103.93072739 725.19881864
v -156.56580173 52.64730685 1121.50844790
v -143.83931415 62.94714791 1123.56752246
v 115.93467865 105.28560301 681.29609236
v 169.31433085 9.71835176 548.82008238
v -35.56246773 -91.39375322 641.05114889
v -25.12585190 -105.78673651 652.85449935
v -11.85259543 -94.04930580 650.41864568
v -111.72468997 -78.98874701 1249.66824668
v -97.18404672 -89.02773212 362.70601610
v 17.37544503 -10.37237870 469.84269623
v -160.03936618 72.35355198 620.04777322
v -128.22008439 -38.99983970 900.18068001
v -124.99701415 -52.23626007 922.85817974
v -122.98128137 -50.38242913 904.15202748
v -104.92847904 -74.68903478 416.88235343
v 29.04028252 37.82706860 1339.84079096
v 33.69448985 30.18058762 1338.14382815
v 37.43000445 18.42239308 426.66520482
v 122.82295976 104.04713097 667.52410012
v -94.61421228 -17.71851898 1468.56760874
v -91.91428672 -22.81893744 1485.70779933
v -97.64318065 -26.24164305 1467.93380539
v -122.61988569 -30.65689047 997.79642143
v -117.60373725 -43.51250601 997.75895124
v -120.22506825 -37.87880858 989.92249304
v -174.47932344 33.74075436 755.31029388
v -172.55110199 32.28411034 779.28403264
v -177.38622599 17.55632914 749.42010729
v -103.77850192 111.99009753 1112.45669821
v -114.38199011 107.98790391 1085.82197492
v -99.00689594 119.16599044 1094.16384886
v -94.52593568 -75.19949661 996.62330120
v -77.63625339 -91.30298238 990.25491222
v 55.14063931 77.20125491 576.13666970
v -50.83355906 -61.79419540 484.59086656
v -36.38998700 -57.80874143 504.49034853
v 57.02711255 38.73098229 1249.78858230
v 55.48000431 23.52252291 1262.69436470
v 36.22063162 34.29952726 1255.94508762
v -201.58884214 43.79987337 1155.05377177
v -200.63111326 40.30622565 1169.12100963
v 27.05144037 61.07030108 628.27810458
v 153.50987363 -14.75830860 456.88117751
v -150.09539016 -49.14093970 602.88572700
v 13.63663157 45.31340534 633.18658111
v -167.72972152 -52.75510544 707.12596953
v -170.12192792 -36.87879254 735.16326679
v -203.39905184 44.64742219 1132.47469292
v -187.06353875 48.37744219 1162.35592387
v 7.63101705 42.14839169 607.11638198
v 163.44265873 52.64923554 1130.71959491
v 170.59592224 51.16239256 1123.94389427
v 168.09194797 52.65133562 1136.17799258
v 145.25967700 -40.46791695 447.77072780
v -140.59170378 -79.28701917 662.08770195
v -135.93459810 -91.36551449 678.56014310
v -175.68074113 -37.39238886 661.20486081
v -48.31570390 -74.69574790 1522.14459546
v -47.47786354 -88.81659733 1512.13511821
v -57.86455107 -74.04715749 1517.43515302
v -13.85670341 82.53304835 638.20202780
v -59.04084380 137.72446129 1052.93330392
v -64.00214538 133.16226127 1041.54463335
v -35.29289308 141.07586583 1061.44346988
v 9.99640704 -111.60303693 1374.24361597
v 140.57548672 -7.12326855 973.98708329
v -70.71175289 98.47955707 1016.75489360
v -60.02420804 100.86884857 1017.67558412
v -72.83314522 -97.02494329 282.02343924
v -152.15967768 49.77496035 1219.65459249
v -154.45062870 36.20252133 1240.47934801
v -165.29401419 50.55933941 1205.57787575
v -174.85189005 47.56066107 1207.34279423
v -192.48803147 42.74636625 1187.46619791
v -177.69966255 49.04373892 1192.37814682
v -37.28284849 96.26680841 604.70979644
v -71.93184423 50.13745984 1434.34705470
v -77.95795176 40.19522770 1432.63006664
v -73.11146098 50.07256107 1414.25590510
v -92.51154964 89.89177248 919.08366541
v -104.64774423 76.46596529 935.09804901
v -48.29765394 -93.46549596 1393.70131524
v -61.09876867 -85.04115485 1402.17786753
v -65.73047970 -82.25835389 1412.64033721
v 35.02854081 11.14550397 1289.29205338
v -90.08244789 89.55438043 899.65802175
v -41.20277901 119.47654739 915.93229268
v -45.41019498 121.44939025 928.28524949
v -60.80314031 113.46248699 921.16649887
v -107.05008543 -68.68567102 565.55443693
v -122.65183377 -51.71276017 894.93890187
v -110.99754849 -77.06793633 875.35057177
v -121.62057740 -65.94484730 872.92608274
v -225.12990386 -3.90048001 1180.72602722
v -108.01130373 -66.13971816 516.67812177
v 95.46434587 50.60927071 417.77137974
v -92.65114513 4.47290836 1431.00649960
v 98.22442570 85.67429197 1184.84886360
v -164.25217770 0.52357276 825.18442598
v -172.86440952 3.39667616 804.48141316
v 139.90838318 32.87974692 449.04503532
v -156.29836010 -32.39221910 574.85996167
v -83.17281887 -49.97260694 1407.12895375
v -111.03544563 91.95984790 528.23977286
v -73.16398440 112.60767840 1147.88705117
v -67.44460852 119.55514396 1134.68434457
v -161.32780238 -70.42090278 310.21511678
v -142.39445861 84.97056425 570.67563292
v -43.00120615 75.07433919 1451.46576461
v -27.04946062 75.15681705 1446.02195970
v 139.87983473 -68.64517924 879.04594062
v -56.61048576 134.62077246 1097.79208763
v -151.92277359 26.72891933 508.93997052
v -151.02563956 -93.56215133 287.05463196
v -187.54032560 3.39019423 1242.34298654
v -158.27546965 9.75592788 1255.72527489
v -150.35940676 -0.79014637 1257.97833196
v -166.23479318 0.41872708 1250.92987603
v -139.48489611 45.97573359 476.66351866
v -67.86486018 135.14025233 1081.19632922
v -6.66997064 -51.43068559 613.27495696
v -2.56301462 -40.26094656 636.41949935
v 150.78724634 -5.91550570 1054.50888950
v 149.62047393 -13.87619189 1061.36280207
v 157.65258444 -6.30355242 1061.34457180
v 53.56952818 -21.83306748 1405.49590707
v 54.12444878 -16.35038669 1394.82949837
v -20.95878227 -63.87867735 602.11398193
v -22.83043556 -64.49493210 615.82737480
v 88.58258164 -91.50533939 354.81036866
v -114.81297220 -67.12804555 961.76203578
v -119.64132986 -57.55620894 945.97321359
v -23.14605041 -57.07266983 543.47863321
v -124.97096160 43.23887084 430.70978881
v 171.81706328 -6.22395105 1012.71401348
v 179.65158599 3.88834420 993.21448173
v 21.64263352 -100.95058305 1367.71440198
v 41.48814606 -94.99375866 653.53044677
v 42.09143421 -78.05180845 648.64614884
v -132.25745426 102.09935701 703.51574584
v -96.09908494 46.83893331 397.47269674
v 182.13830595 14.72400873 991.46960408
v 190.56628389 32.31197020 989.91950757
v -117.39522165 24.10800771 375.20052616
v 43.83367732 -39.97977159 1372.15148718
v 48.24389829 -51.22857790 1384.23181448
v 52.74852161 -40.28991828 1384.56959333
v 22.70954297 -73.87172506 655.05155241
v 42.45388643 -68.10923374 643.31381009
v 29.84464135 -55.82364228 643.61577176
v -141.30514517 -2.74817031 380.72422597
v 158.60159580 -15.17045632 1057.87219616
v 157.63726948 -26.90398898 1061.19699482
v 163.56715303 -24.72858641 1044.35792998
v 59.18163158 -82.35838878 643.06058537
v 128.31441317 -90.10158230 348.26124435
v 121.84988771 -100.74981906 319.24133800
v 119.20035895 -95.43392428 341.40484991
v -139.62431550 -33.92585551 1027.62850540
v -127.41664742 -60.68990277 1023.72611964
v -127.82353503 -48.71291248 1012.71493687
v 39.64606380 -63.28230802 636.17329749
v -156.36632008 -42.78758280 367.17223503
v -9.92820524 128.71268074 922.11653686
v -96.07177520 -72.72067728 570.12668242
v -82.45111558 -41.28474797 1395.98398848
v -158.93982688 -8.35348177 304.43819524
v 1.71163567 25.89424622 1269.09729083
v -80.63355416 99.64623625 926.34683689
v -168.31082531 -35.94278209 291.12410884
v -63.51568708 108.72508146 881.55439114
v -85.13885638 100.30946867 870.68857268
v -152.27383021 -81.77867154 784.38344836
v -138.92638681 -92.67940134 800.88586771
v -135.75741665 -103.86386018 774.97533880
v 19.06123804 -111.36068584 1448.56844429
v 15.85895185 -116.21439760 1465.76370077
v -44.36010549 114.54478490 971.52913619
v -28.72260244 124.72464133 952.35965468
v -30.53465461 120.50590206 980.24762173
v -166.28489026 -58.44439263 293.64464653
v -146.38170843 -10.57983202 420.11652953
v -64.30907666 63.41532724 1405.57151558
v 105.27138092 62.26493250 1222.21987256
v -160.11279633 -80.68601019 279.22848530
v -91.54814872 82.95672293 952.62747179
v -78.70916435 91.16262553 953.97046940
v -159.40268968 -79.13281632 203.82819792
v -127.52944594 11.22693820 994.34082976
v -139.77878007 0.21240177 1022.47432937
v -146.48469312 -9.23675699 1034.66793954
v -149.27604746 -90.85894615 206.05283192
v 59.53895495 -99.54635319 1000.25786447
v 61.28701668 -100.79861001 982.03189034
v 42.36972834 -102.42456736 989.79155945
v -124.82852717 97.15528142 746.31606312
v 47.35746132 121.03095857 990.34874005
v 50.77794858 113.63701356 1007.46597826
v -126.75153091 -106.66541580 248.43893426
v 38.93748167 127.13136474 938.56506513
v 168.40468879 -87.89335564 672.53664202
v 71.70043947 -99.84147552 973.24414208
v 66.52476475 -99.84608348 953.68954237
v -85.73296921 113.77692786 695.27883927
v 92.41036336 97.85826931 1028.27831280
v 36.37485923 -64.63440357 1508.15110172
v 28.33418183 -82.60582066 1507.89483169
v 23.40474143 -69.42193188 1517.93453755
v -77.59260048 -96.71782466 978.51491317
v -70.73318675 -101.19068600 969.42030187
v -81.98793791 -96.28354343 968.35703895
v 97.21523557 86.18661007 961.24678609
v 110.75606903 74.77753716 965.34298976
v 131.97767686 47.80423951 973.85853879
v 131.45709874 -72.03265866 549.67581067
v -49.22705373 -104.87478497 966.19948561
v -67.05089580 -101.36099319 956.08494553
v -42.89389104 -27.16574973 1538.93754694
v -36.32536385 -38.06388026 1546.70061344
v -44.35090796 -38.21459863 1543.77180382
v 7.42888165 123.72552877 845.21894360
v -30.93626328 68.63909837 1429.80924529
v 6.26946285 -143.65337533 714.30359923
v 20.88622808 -137.91470681 699.51178196
v -5.22604128 -137.14613818 699.15304646
v 139.46166688 -38.15032635 93.41614289
v 132.10648579 -56.10395086 91.55370406
v 138.84078777 -51.58447801 111.02659655
v 142.45036656 -17.54420924 124.03893851
v 134.80904901 -6.18113932 119.78912580
v 179.53167568 -25.69281825 838.49318245
v 179.64965036 -44.35214014 832.85795499
v 188.45708415 -60.61824889 783.75853731
v 113.07688716 17.44525665 296.36649285
v 102.89818130 16.42439250 286.65043483
v 105.52671099 -0.04249892 105.89661795
v 103.70665909 5.85724459 76.15337607
v 23.71943818 -148.48216448 726.01219250
v 19.27013854 -144.72874356 713.17842594
v 142.82244087 -26.17491623 101.07216996
v 142.09771597 -32.31701153 92.13408073
v 144.79364006 -33.22545200 124.20535649
v 289.05635575 -2.35444433 886.07474146
v 290.78283639 5.10925333 851.91039627
v 164.11428913 6.84653983 869.46775860
v 159.22414405 9.69292626 884.63333031
v 311.83613761 20.70076043 906.83574028
v 299.05746266 5.91336578 916.74575671
v -80.17024188 -44.96291326 140.75358385
v 170.50902005 -31.67444927 852.33268301
v 308.14199794 12.70143837 888.31050941
v -40.47239347 -44.31802677 1535.19245126
v -41.93580951 -52.89873412 1530.64383884
v -50.65626974 -45.21652632 1536.17802864
v 22.23244264 -92.90250318 961.93980872
v 17.03420095 -92.78990975 939.98609364
v 9.20721176 -90.83379863 950.17146891
v 135.09482680 -0.37526882 202.13364716
v 144.44290540 -6.54685130 223.50641011
v 139.99689985 -1.16958730 234.98587293
v 149.18984822 -27.66557968 162.80809181
v 150.30718286 -41.05350857 162.40198430
v 151.82117712 -35.96883938 180.22595582
v 34.20696088 117.54448551 903.23669241
v 183.33425805 -32.49364712 608.79481699
v 171.28105640 -57.32242573 611.42580212
v 145.44840613 -44.64297939 141.11870476
v 139.40846837 -55.28817720 125.99591020
v 140.57591226 -61.86547294 138.03901011
v -2.76932124 -92.15139248 951.57025543
v 9.44278135 -92.51008132 974.75895726
v 143.47631628 -10.61053950 189.68375286
v 151.97905392 -24.37898821 209.50957624
v 144.34514802 -10.14264012 208.98054538
v -57.78524125 -86.53930077 1502.54387818
v 16.21898052 129.84068919 950.59042444
v 277.84884630 15.10935271 835.99782537
v -78.73053842 23.84616607 1396.91744571
v -78.83949297 7.39062808 1390.50001646
v -74.87706500 7.63590914 1375.36499079
v -142.53692251 -27.40684223 1255.91672058
v -148.83861601 -16.06358219 1256.05496153
v -133.16320043 -17.07570880 1263.30664726
v -40.82944375 122.26361131 1138.86372360
v -31.14377743 111.29935872 1159.59903245
v -29.15126573 139.06951832 1097.47602437
v 26.36878066 -127.87525070 852.64443993
v 8.49872029 -120.41482467 863.66001916
v 47.80543237 -120.66351503 863.80333020
v -118.19191663 -30.58132201 1268.67498718
v -111.86163401 -46.61351461 1267.00276639
v -16.62836718 73.34555640 1212.19933430
v -37.80587049 73.33619514 1214.89066588
v -24.33213020 82.57401971 1198.83417436
v 51.39852917 -108.98944638 1120.17163123
v 87.34549076 103.65544564 870.75514050
v -90.13754433 114.69597463 673.42374671
v 99.32888909 -104.70755649 313.11590452
v 82.09747496 -138.16922539 699.95728685
v 82.56758423 -131.62638293 680.89868748
v 31.56203508 122.22747588 847.19042608
v -19.70262677 56.75227343 1510.72796256
v -39.54971846 61.25941200 1499.03870881
v -122.71771179 105.65558597 611.04895965
v -76.12027960 -85.87949488 216.62868618
v 23.18968800 -69.08176590 1360.42844866
v 13.12969640 -77.44444790 1356.55906641
v 28.62280880 -66.77618021 1366.39631871
v -28.10946779 -106.94510562 988.19542470
v -33.85793443 -105.88460139 972.75390722
v 85.83978191 99.31170542 943.84244967
v 101.50644175 88.67622574 940.42450564
v -52.27721451 -75.10057346 276.69467573
v 131.56207730 -63.97054187 513.73027893
v 124.07460334 -64.10465897 481.59478848
v -28.40734499 -106.13625139 1000.40472542
v -51.41905388 -103.07583883 991.23384057
v -49.07730165 -47.62777185 270.86237524
v -51.10999563 115.40768040 844.18780592
v 67.61921880 114.71411035 934.91681231
v 58.10411121 120.39926561 939.04376485
v -44.78581856 -56.40392969 327.96449627
v 49.43862423 21.55970983 1456.94775358
v 52.24478418 8.77260678 1444.72991981
v 56.41761046 5.39494042 1460.56907670
v -26.61620030 -98.94443744 1252.05684564
v -13.73219157 -96.31507435 1263.96015480
v -5.65310765 -102.28201973 1255.54386311
v -152.61532680 -9.36480439 506.88729483
v 16.34919434 134.63564346 1048.03010556
v -58.10763049 -75.98839170 350.54586413
v 58.66676169 -150.90643880 717.37868375
v 61.06429536 -155.19441803 746.22820829
v 75.98106295 -152.71037405 739.31086991
v -65.76530264 -77.16415366 365.30755919
v 4.78061515 -98.34358251 1263.17839917
v 14.30848645 -98.49808636 1254.89070967
v -74.69559976 -75.59342603 385.90082528
v 11.02762728 -117.92034156 1460.59474941
v -144.68545247 3.33779211 433.70190602
v -36.28252809 139.11099487 1082.93974641
v -8.50531181 139.29801265 1091.49084460
v 52.42574813 -8.74096083 1391.49917492
v 60.78941311 -19.04238159 1388.14957218
v 199.40644607 38.29987919 699.16329271
v 198.74732357 30.99461668 685.21593822
v 189.63935546 15.87671627 814.19835565
v -63.29796568 -63.36561040 1513.36052942
v -70.05019667 -65.88521619 1493.90213886
v 55.79191550 -40.65925458 184.25967862
v 202.76201400 25.03854970 725.43965669
v 143.91276596 66.89696620 851.87955930
v 13.25099218 -94.40384216 661.39016302
v 0.93938312 -122.42636867 676.60141841
v -13.55760620 -114.75346945 662.48639385
v -16.93151994 -131.52630706 681.99789366
v 150.79409889 2.22013608 1063.46775581
v 187.95085171 61.35543593 705.13243515
v 169.41580082 16.28664246 856.78673197
v -78.66347120 25.93035885 1495.73835262
v -63.94199547 20.12615714 1514.46505535
v 22.40103110 -29.96325873 419.45350190
v 27.77099789 -33.30452442 390.37912486
v 163.26043314 39.27127534 851.50676037
v 5.97135871 58.67673315 684.05499038
v -79.27979092 -141.68559698 778.49443212
v -7.21732127 -148.89060459 744.08980549
v -8.35177164 -148.69352438 729.30047888
v -23.93495707 -149.42344366 741.73677856
v -49.62377750 -108.23616691 1208.59507906
v 28.37876573 119.88744468 779.79791129
v -29.65611839 -44.33340881 1536.89478983
v -12.61104893 -38.16061895 1547.98587961
v -8.46568830 -142.37609764 823.35305536
v -24.13684221 -145.23933373 812.67331687
v -32.75563487 -129.39749296 837.76639348
v 168.31440584 -76.65978650 640.31586032
v 150.07595691 -90.69782068 1202.11723321
v 130.24738068 -100.36468491 1200.52685574
v 141.80673786 -89.68559952 1217.80019927
v 16.11286800 7.95332801 492.48699733
v 190.07185525 9.47570755 621.73576180
v -21.79046230 35.83232230 1524.49773334
v -28.02581519 15.01262813 1533.10532935
v 104.50061045 11.31651889 248.29679292
v 95.31087809 8.62559018 235.65963652
v 207.74486377 7.40590889 694.56618610
v 206.99283084 -5.74451106 686.67816344
v 58.92491548 60.43567394 479.37585869
v 201.76782863 -2.28184046 754.35466796
v -55.61652783 -119.03549826 663.13550091
v -62.55536282 -139.58423035 716.25435047
v -56.91645155 -137.81581202 700.01503472
v -81.63452411 -134.70865470 723.66207390
v 60.49467087 49.11798850 442.27807082
v 82.60860743 58.71781598 442.14721783
v 205.11293479 -18.28697818 676.30451850
v 71.16090156 -2.25420857 230.49934458
v 57.45628942 -14.34847514 240.23701997
v 185.50277071 -32.16865408 828.69218381
v 93.97059949 64.34863680 465.78657047
v -81.96535032 28.86612837 1431.58495169
v -81.41177938 30.33627147 1450.19173106
v 9.83800497 -78.48662892 1523.79243218
v 18.36404754 -80.23714977 1513.70222529
v -7.44734247 -83.12102809 1520.91508823
v 79.22859160 10.03231829 283.81813709
v 92.90811077 11.22554527 260.30161174
v 73.33852051 -0.21210562 241.19503489
v 83.02652236 1.43493257 219.11789999
v 108.77060976 82.13004778 528.18457620
v 135.75383555 66.40110361 510.22696386
v 173.18349533 6.63575299 854.58336852
v 52.09945775 -23.76362690 235.61757500
v 29.41132194 74.78217249 671.05795429
v 66.42939687 -120.75810541 665.42130228
v 84.77655020 -118.86339770 661.26894787
v 151.55978308 35.28333345 490.55982368
v 285.22489364 76.85292248 839.67417097
v 301.81633865 80.86153772 831.45255578
v 35.78582688 -0.21619579 1340.00712309
v 33.57500566 14.74520339 1342.73454022
v 32.39253157 8.74466079 1327.50118065
v 40.52462505 -58.34268285 259.47574211
v 39.07999000 -66.88137153 290.52962794
v 42.33849888 -68.54457993 261.88637642
v 161.94869192 33.35739839 520.75421632
v 84.97890725 99.91060666 915.35262320
v 299.66259627 69.42126990 903.19474467
v 284.92125893 67.11474290 941.01382591
v 297.87667784 80.73980861 815.78621432
v 41.24081312 -64.58241676 1493.20654451
v 43.62809565 -76.56386372 1479.69818373
v 31.67042195 -86.79381375 1496.53392435
v 35.70460331 -39.92682894 320.45535932
v 36.35881655 -52.47396866 313.85905052
v 37.19385400 -43.21908990 293.61652272
v 75.38189895 106.07690070 921.98393149
v 149.40373455 92.60902357 608.99819038
v 282.17925953 31.01898108 978.08224128
v 284.95249803 22.04969467 977.19283160
v 283.83197010 17.03073194 992.16795866
v 46.12590023 -69.63055958 237.04274063
v -33.21880239 -102.46900383 902.46795412
v 141.90611822 73.80765297 1192.76988738
v -39.40285810 -101.96493134 949.43052822
v 37.47996009 -34.36931380 300.97788171
v 110.10550456 88.98339439 550.12311982
v 148.78562596 25.43501182 907.44197083
v 146.21211316 23.12617253 919.24943851
v 16.35856172 -52.47088042 1529.92049625
v 21.59992756 -41.27625448 1523.45300569
v 170.10471282 50.49990417 566.50652575
v 56.24101071 -67.74017258 430.17779953
v 82.34504404 -73.84442493 435.39867566
v 75.49199605 -75.17290044 417.04980959
v 142.12561748 34.87421360 921.47071834
v 140.86336878 29.74585301 965.14824856
v 143.11531250 36.91494650 944.67795672
v -50.47205926 -136.61109719 817.67330459
v -114.73789324 -97.55901480 827.93427157
v -85.77626492 -116.98762105 826.13334280
v 184.17516051 49.87010978 629.37914190
v 0.25488265 76.13543532 1413.78029186
v 197.57674268 31.02182425 666.22544060
v 163.57689073 -97.09935095 805.22304681
v 138.92541017 -121.46574492 797.47041172
v 49.47303649 -51.36800563 1487.72659589
v 153.64476454 -20.75219667 332.02868410
v 146.54883240 -5.15157904 337.10495010
v 146.37378562 -3.12623006 319.61989019
v 192.70154375 -47.60562837 746.01100402
v 122.65330801 -91.09907491 630.52397107
v 120.62349638 -86.46505658 609.57413243
v 171.84280239 65.58148115 764.41212214
v 130.70121023 -70.33293962 121.26634580
v 108.67217927 1.37708347 134.68030804
v 203.07150822 11.37080750 735.03950233
v 203.18101980 -16.09887041 730.74126977
v -168.30334137 63.37213213 648.55989014
v 193.12230024 7.97911704 804.30962357
v 191.98393133 20.96764533 790.81213310
v 307.12859178 47.40350160 776.76105932
v 303.54402694 36.87308603 790.21881704
v 317.97146915 36.26644440 781.38360921
v 106.88662446 -101.00395987 211.66747423
v 103.57629129 -104.76008169 229.07158993
v 125.63596071 -96.50710304 221.53107747
v 90.01775538 -74.36100114 74.80172247
v 90.31908074 -70.34575463 45.52584505
v 82.30813959 -61.63406030 75.46263185
v 107.37648808 -96.16458942 193.09651499
v 121.75851112 -94.41373541 203.87992463
v 153.22498121 50.82571166 859.28073656
v 334.59371204 87.71155666 768.60153324
v 332.14517869 95.53386351 748.77841038
v 343.67930088 89.47339081 757.53139251
v -147.84678872 13.21374537 860.72964692
v 113.90676075 89.56680885 874.31452946
v 271.53264716 65.33573664 962.92341769
v 260.81379626 68.35587757 919.33895963
v 272.21304211 71.03999767 921.85544393
v 92.91831539 94.66924086 903.24254959
v 321.26066914 35.58186834 879.85554694
v 322.75204499 29.84383706 873.10048993
v 316.78275074 28.91008501 897.94934571
v 49.04588877 -31.98834911 221.38522941
v 43.20057651 -38.89713833 242.88990230
v 49.28395216 -39.77971593 206.62623456
v 22.78360739 -108.79012949 1029.72542333
v 39.07576483 -104.40662089 1010.80848758
v 19.24045814 -106.52274641 1016.07276544
v 127.97401926 -56.92815631 75.98407318
v 123.25176904 -71.64628636 58.72003539
v 122.30751381 -66.41861999 81.36754930
v 50.42572908 -107.70597883 1079.88693971
v 35.68978580 119.97769945 859.13781827
v 20.39805018 124.98202608 798.30773084
v 307.80557447 80.13401841 773.68942074
v 319.71482246 84.50246416 779.01356330
v 308.05053026 83.91076502 804.81635733
v -62.34313638 50.62522317 1489.26762252
v 180.74150211 74.77742035 3.74714474
v 177.58782721 99.77323440 0.65463530
v 69.80890862 -27.67420188 121.02201334
v 10.02039963 -108.82023425 1100.84517882
v 3.93934933 -110.14267362 1123.99214366
v 17.16354360 -110.34139086 1126.37147069
v 145.33641350 -17.35091695 156.11639744
v 136.99558219 -6.75080594 173.46886641
v 136.04284855 -6.05998430 145.98059502
v -16.98642140 -110.39427898 1187.98354007
v 64.33357169 -33.87957007 128.72747186
v 61.24135593 107.06898963 740.10663549
v -120.41005928 102.40402782 731.31280338
v 359.83278745 63.99858364 760.00304600
v 353.50629502 57.94492361 773.31765053
v 352.02052424 70.21210583 776.11920824
v 178.00514926 -78.13659698 1173.15318871
v 176.56336273 -76.36685419 1147.97722275
v 157.92821957 -88.30122022 1143.35961007
v -1.61630235 42.36897513 1516.86193345
v 11.61616367 23.23887726 1523.40572431
v -2.63825676 84.10363750 697.51593599
v 106.22534087 -88.08764002 139.76127571
v 97.46986346 -92.01693367 174.31445598
v 115.81517199 -90.71645005 169.35780417
v -80.39901903 -127.95157620 689.79711535
v -74.34646052 -120.45105901 669.69490708
v 154.00588312 -69.00650102 256.77443701
v 140.93201360 -89.87555016 249.94240043
v 109.94989335 -83.66323025 113.45761994
v 115.73984325 -85.55092736 132.69308406
v -32.22291728 -118.52279663 662.72792002
v -78.37291956 88.94794638 1011.55538179
v 324.41614340 60.11151250 866.10201867
v 332.09258842 62.04764199 843.04505455
v 324.25971010 45.79756520 867.70090622
v -181.44604434 10.86357066 646.80195657
v 104.90398129 5.30360586 209.14743572
v 59.11868698 -95.54341102 254.64079799
v 72.82867969 -101.50367315 238.47319534
v 66.75789604 -89.54512653 209.21180870
v 149.61934751 -12.28220248 248.52021018
v 150.12707620 -7.59864906 265.25031894
v 138.97936389 1.93207647 247.31811938
v 1.34108886 63.20750196 674.12862473
v -169.49825871 58.72466765 722.54227485
v -180.72499051 36.40642892 697.18193744
v 146.14678991 -73.85194867 211.90767547
v 149.77656724 -66.01905843 211.93106432
v 147.80242569 -62.54032030 184.87203355
v -148.10707268 -64.10963413 642.26306541
v -155.63664506 -63.51974588 661.93659005
v 82.55253099 -92.99232914 193.84345482
v 80.76328280 -85.52854206 169.11148213
v 155.78071115 -46.72692423 220.61575280
v 149.95966261 -69.24217665 229.10744302
v -58.66210048 109.01761276 709.30121374
v 306.59421191 71.41888267 719.03423791
v 308.56124001 63.14232623 718.15707551
v 307.67139949 72.81782272 706.73372436
v -148.59968913 -76.95066556 674.77760433
v 176.31644721 -76.85117215 1186.87856551
v 189.32364388 -71.19955374 1182.10132319
v -48.91988060 119.72772958 802.79625399
v 224.81449983 -16.26620979 946.05904548
v 226.66210026 -21.63009471 957.10463787
v 235.32254949 -18.16409830 944.95048269
v -59.44763132 116.81442338 819.17151312
v 153.36403430 14.28357229 23.66192830
v 157.38912369 2.48501099 14.54038202
v 143.78998017 -12.37360626 33.25788156
v -41.91578285 131.68343369 1038.33439050
v 92.58984087 1.98960076 182.03306101
v 79.74425047 -10.57944228 175.55849816
v 19.14214731 123.90019065 835.61379389
v 51.15172075 -33.18450886 209.65685896
v 291.95252987 7.30050378 951.12214073
v 282.68971350 -5.50145327 953.61415366
v 285.66371894 14.99807328 971.33546013
v -22.26514548 118.28748963 896.45147704
v -21.08572405 119.02853662 906.04677872
v 238.17110187 11.45508138 890.93354142
v 256.52241677 22.60303617 851.94517976
v 79.74927783 106.37317112 3.88559350
v 98.17233707 105.44669910 16.51344121
v 91.90089191 88.70722916 14.04988247
v 72.50703409 -5.89127556 209.65972676
v 76.54069687 -7.19178289 200.91339923
v 98.91949186 3.92786173 198.39089286
v 69.44989275 -0.53496706 253.32863842
v 39.65119915 -36.05249255 273.74439809
v -54.63162464 72.80890614 1211.63859522
v 296.69599322 39.81552731 955.21271533
v 290.24735249 22.67800728 966.04878658
v 145.77539997 23.06144346 44.99480450
v 145.59424556 42.16806086 44.03337105
v 156.32611341 31.91340568 37.16248614
v -97.00404131 109.23013167 1129.07684478
v 58.60933500 -94.60897907 276.85357353
v 93.80219982 -108.26745605 273.13762516
v 91.13514543 -108.59669026 287.66031175
v 110.47042772 -107.47784295 281.39333165
v 255.21546145 -31.57144180 1053.18192542
v 248.49402258 -40.03443425 1053.48195602
v 247.26881891 -37.48620898 1086.71349862
v 343.61423026 42.65979797 758.89641658
v 348.18804317 44.72643943 769.17061866
v 355.05218499 47.18055144 756.42538852
v 105.27968949 -107.00484337 651.06816513
v 135.00674895 -47.61586138 55.48597873
v 82.79363301 76.81691199 1.34601719
v 37.56095486 -53.22120574 335.64428635
v 226.26037593 -59.21625241 1119.84958976
v 238.94632859 -47.39500101 1118.91974018
v 237.29215785 -45.59823983 1103.54653725
v -13.67163166 -58.15736294 1532.25103312
v -12.85373311 -77.10819332 1526.30737516
v -27.77496604 -57.68543414 1532.48177661
v -165.37080482 54.46033109 598.56619023
v 255.47575815 -29.92534888 1005.78822727
v 252.33417480 -30.83263129 989.10897991
v 244.32015480 -34.26879027 984.15637505
v 142.27235889 -16.55167341 138.64863344
v 100.66084094 37.83977080 47.50828907
v 65.13278820 -52.20089908 132.48914125
v 72.03322967 -57.14142036 105.18959625
v -165.67508992 12.48394594 566.96586585
v 107.34909094 102.98529557 22.51333130
v 69.85660452 -84.29234429 192.02034906
v -151.32458748 3.38560819 474.06487915
v 253.03945649 1.78492148 877.52906313
v 258.21096082 -3.09093001 880.54760834
v 262.19797503 3.96627402 863.86109915
v 93.05250719 17.86062637 48.83382496
v 88.12727982 1.61149554 63.16274266
v 85.34523298 3.81765684 45.10248054
v 155.69020832 -19.39499413 271.51592378
v 159.76275793 -30.79616165 290.39865978
v 132.57566570 6.44458558 251.50857413
v 253.68546123 56.23594244 982.12059717
v 243.96068520 51.89955036 975.07684569
v 260.69474117 62.30954606 966.89984378
v 18.13736766 126.22663870 982.44930750
v -149.73583122 -23.98841954 389.44863686
v 279.38550714 43.59187470 812.98664082
v 279.69020445 50.42228051 809.23261417
v 268.22468821 45.16711574 830.19985483
v 84.82290993 -20.59234921 18.03037714
v 85.99763175 2.13599106 15.78258327
v 86.72964504 9.26511386 26.52780382
v -58.13871387 106.85868568 966.29809135
v 63.20956784 -79.66111616 358.82466144
v 46.90748825 -69.22042999 346.94592946
v 46.23529550 -62.77651155 367.69958147
v 73.59210351 -101.84999992 300.96797306
v 30.26441240 123.15561018 993.41851758
v 180.67428657 146.00104925 1.05824748
v 174.75121062 141.12066295 4.77698395
v 159.69219791 166.31187540 1.39335403
v 74.30221846 4.72843451 264.42330107
v -150.06061096 -95.05259362 259.33338917
v 72.63001774 101.22030989 1022.88066422
v -107.71370852 -109.34734407 283.25011895
v 187.88076048 -76.06182325 1161.27810483
v 185.72829336 -76.45509050 1143.89356497
v -92.61770524 -106.54717412 274.33329589
v 134.25837906 49.21114681 961.94724124
v 147.78863092 -24.61701564 388.85762807
v 150.38732405 -41.37124260 371.81290241
v 111.30395728 75.01846541 1015.54310701
v 108.04833076 80.17760951 1003.40868786
v 144.31579637 -45.05323817 3.21682340
v 135.63256794 -69.13272136 3.22257770
v 145.45298081 -41.20092522 11.23470944
v 152.85019969 -53.63025663 355.30166930
v 146.18733457 -53.78113744 381.66250130
v 173.02934667 -72.51821950 1136.93599358
v 136.48484657 49.76758705 943.12987647
v -103.97201132 -99.46148295 331.29040883
v 339.35413523 51.78917992 694.49605962
v -119.62408675 -100.55280175 324.52346284
v 262.89404201 38.85264599 1032.41615408
v 256.94530774 34.72555967 1056.34186659
v 254.84550738 49.82073476 1026.96710655
v 61.58523409 -38.09654196 141.42289578
v 31.26192822 11.90713926 434.87472997
v 23.18054074 -7.22332899 428.91013767
v -86.81640187 -120.18706690 1141.94078676
v -95.73572841 -119.37695345 1129.52630609
v -104.10701842 -118.87936921 1133.30571259
v 116.98658184 5.39673432 73.32997701
v 120.09536098 1.76311663 81.77641500
v -158.60918932 -79.10030264 1207.08795456
v 21.19174736 -21.52771712 426.92540063
v 22.42447922 -2.77874653 449.45019750
v 72.73845809 -21.37897812 152.94282000
v -99.63402032 -80.11657959 399.59448300
v -112.23529280 -64.54644650 471.02465091
v -99.29886684 -68.57261256 504.38119254
v 219.77972591 -34.05920569 980.07919170
v 208.90787736 -27.74495942 978.52252756
v 210.18869644 -44.12289356 1004.49525895
v 16.61502716 57.75286477 1334.89552292
v 73.76051939 -19.81361022 90.04063391
v 32.85938279 -53.52637760 413.28971178
v -139.65934423 -56.41456442 1246.48212485
v -164.77736775 -38.39543475 1240.53772743
v 143.26293264 143.01314708 8.27510535
v 137.57183123 101.74876164 23.53164031
v 121.62904299 153.84768121 4.44787542
v -203.55601710 -4.30515881 1221.83105909
v 43.61654589 -63.60255613 409.42007764
v -140.34100440 -41.50063209 471.54370152
v 220.80610631 34.44183736 940.45844404
v 215.98913214 27.58083735 942.85290403
v 224.59643127 32.97538753 926.71279157
v 305.31738805 89.99681476 706.87816288
v 307.37790537 89.09213349 723.85419953
v 5.54645090 44.80210801 1314.30123927
v 20.63913763 27.30913566 1318.03978522
v 14.25834955 40.62052876 1322.49313873
v -15.87834243 123.71794620 1134.64857796
v 148.15929336 102.74728129 23.04316899
v 148.06118195 79.07353810 32.87496729
v -8.54598616 87.37392426 1190.82551826
v 206.88369949 -0.93468966 712.81537271
v 283.57858661 72.93764979 908.66554951
v 66.36573929 132.39016012 1047.16232917
v 143.29909410 -11.12103347 370.19369161
v 180.00668010 -81.57855632 712.47981549
v -28.01388014 -65.52414002 572.06388964
v 42.94481029 126.68976944 1128.53834302
v 67.50750054 125.35143372 1122.80658018
v -139.51436355 -40.88097105 497.44240197
v 95.06848777 -73.17686710 483.19175409
v 109.75321966 -70.21072466 450.87827938
v 95.35873784 -72.82624157 448.98937381
v 160.44185668 50.36606598 35.15749612
v 162.86154837 33.21522294 31.21241373
v 117.20639980 -68.93390722 435.71912890
v 104.28452675 -74.29410784 427.99685941
v 69.83902446 112.03311130 990.18121955
v 260.54606225 -6.19348809 1104.41915954
v 261.80672125 -8.75089019 1086.28823476
v 248.72420003 -31.16361846 1099.24652360
v -78.27190235 -77.26957741 598.83525316
v 102.60948532 -77.72371602 416.18660861
v 105.24846427 -78.66284732 397.25478824
v 89.00217363 -78.55378331 403.50267953
v 47.63119390 133.14347787 1044.23669739
v 49.76841417 138.79179453 1054.05855100
v 179.22198732 120.57161364 3.08916639
v 102.77453975 -79.81703992 387.86822674
v 95.07970370 -79.49304578 388.84009401
v -142.58148769 -70.11783676 650.17061951
v 207.53185105 -62.21704060 1069.19381392
v 211.96457711 -56.20434165 1045.39531836
v 200.42598774 -60.40866577 1059.27028193
v -22.71165971 142.31480219 1071.63943004
v -75.06181106 -85.51263897 636.24965213
v 350.57310947 50.43783724 784.39104552
v 349.89716803 58.45425908 795.15534225
v -58.36123517 -76.16815407 623.26499322
v 137.08796176 -99.18252343 1183.87245858
v 135.96297590 -102.48678877 1155.45703606
v 118.53028825 -106.64941191 1170.08556878
v 82.93855711 -22.09205310 29.43739702
v -25.12123736 -75.78401503 638.96865466
v -41.95414436 -71.55908939 628.55024569
v -58.97373622 -78.42810352 630.75481771
v -35.07603284 -64.58268155 543.83253022
v 8.06658209 -51.27099202 650.84553736
v 7.94374239 -37.96900808 650.54200179
v -1.28555637 -41.80091871 643.49739354
v 355.98667681 51.03320952 764.14508739
v 156.30104327 29.32403140 890.70088277
v 144.60855942 -87.09081300 1097.88553429
v 143.01680820 -83.55655062 1091.22480479
v 116.61670032 -101.50760050 1106.83550984
v 110.10456666 -78.79860555 90.98960929
v 116.36897114 -73.07379158 81.57346668
v 65.07731322 11.17156758 357.45897788
v 52.84957036 6.25738441 371.83510769
v 54.28479466 1.63706086 348.78748869
v 43.78536659 0.11018277 380.87347712
v 48.58446967 20.01022806 400.77415065
v 38.48210555 9.01956989 400.68655975
v 132.87279580 -124.47078372 721.69848023
v 106.88867349 -138.69619900 720.53102677
v 19.08005848 113.99497657 1153.36445538
v 24.35359275 120.00142018 1145.25936615
v 128.02887228 -127.20628199 803.32803036
v 24.60106413 -48.40852189 635.11571955
v 38.95032116 141.44687141 1088.27754325
v 179.86925895 -11.68033086 589.07402474
v 48.79100050 -75.48598839 606.50125142
v 40.08321222 -66.49981163 570.14189154
v 169.71829677 20.18409990 1050.62483019
v 162.80328156 -8.10413221 1053.98466477
v 167.95841297 10.00939412 1044.86738535
v 76.47201750 -58.75923323 85.53661062
v 83.68014825 -74.52924918 103.95967899
v 82.43053767 -71.54114505 90.29147841
v 200.19889414 6.64224867 666.42697563
v 21.35196139 -51.14014619 649.22640912
v 21.32335860 -42.99532758 643.08465761
v 31.63842320 -49.47771702 515.43655512
v -8.75323426 -57.66060475 642.35103166
v 9.86000229 -77.80014054 656.83952789
v 228.18329760 53.06856010 1001.22942600
v 210.80732569 49.93401949 1012.06456583
v 276.28589923 -6.43035724 963.46597077
v 267.54614783 -11.10506385 976.71224812
v 20.26634122 9.59745389 477.76030353
v 131.91001639 -7.97160145 73.49938768
v 96.25996800 -72.08902325 3.65692014
v 19.53748742 -21.93845008 453.93918827
v 51.93084879 39.28257331 436.48449166
v 27.14011696 -42.14920184 478.42725755
v 33.31170393 -51.84299268 498.90338838
v 36.09561989 -52.24019925 474.37377283
v 72.46996937 49.02764420 428.16835560
v 370.82013888 50.82689422 700.60544751
v 367.92687007 49.82171272 711.52509062
v 374.13307870 52.17481820 725.68686554
v 94.01535622 55.51939211 428.42037673
v 91.03870521 59.96060096 446.68031136
v -95.01525315 -19.48497364 1422.05547265
v 120.08285320 167.35421876 1.75849988
v 43.86838065 -61.43875338 428.53458880
v 53.62823550 -69.36081881 415.98882806
v 129.91943616 31.05557862 426.22063286
v 122.12986086 -72.13076422 0.02279011
v 122.25019287 -82.35303026 3.14861755
v 142.62791364 17.30124807 435.50788171
v 154.28762098 -23.49361037 490.21373834
v 257.81009724 6.61817895 1113.33631621
v 249.76409905 0.28590019 1135.36502836
v 250.97950617 9.97605638 1124.52281186
v 150.63467124 -29.47868360 456.00153501
v 88.88878981 -51.14955051 16.87449229
v 89.82606620 -35.14441093 3.67990930
v 80.66144720 -23.79965746 41.44651264
v 148.95307365 14.00293172 925.75970829
v 136.23228977 14.52184106 410.94406906
v 148.31520338 -7.93536375 419.77453626
v 131.94575657 -56.32390310 452.67758279
v 114.51048956 34.26223661 406.28143255
v 118.14289902 27.10152981 391.49630896
v 124.60333913 30.50546093 412.76379509
v 332.98606914 84.65332136 664.28718772
v 335.95584189 78.17061762 665.51397296
v 340.01619591 84.59287264 667.52349172
v 123.47226570 -98.05526250 859.88194622
v 154.36786202 -40.06142923 527.09667396
v 237.03945838 -20.38303305 1156.53313452
v 229.13259147 -45.92579596 1152.42111330
v 228.17166629 -29.58434146 1173.24834277
v 103.72202063 13.35248579 63.10611109
v 112.74553588 7.67514906 71.08445805
v 160.04685738 -101.39496208 786.42287156
v 83.39835139 -81.13412863 545.54421921
v 82.41850296 -77.16446359 507.17897900
v 62.83260188 -76.50019101 543.06297572
v 175.17281580 -14.72271374 575.29370079
v 62.47442547 -80.79150989 610.33991302
v 58.22911041 -77.57382233 575.09897394
v 173.61498186 25.04573620 564.29217620
v 146.27952575 -26.25109131 129.64230754
v 69.75794231 -20.80667897 166.87476169
v 82.83830802 -7.40787841 155.75198432
v 140.11925435 -25.85639786 67.59663668
v 217.57195013 39.34302007 963.92434785
v 220.72347807 44.09540693 974.43066456
v 211.03279266 46.50206391 989.13639876
v 103.62526448 -85.17039835 120.40438278
v 137.60281950 -83.90169059 208.11251317
v 137.53782670 -79.89779866 193.74085268
v 90.50236868 -86.12523892 139.31728539
v 243.06966115 58.12450597 915.42555900
v 228.98514784 45.43398174 937.96324033
v 235.21123896 48.88676746 910.82997550
v 312.72816276 98.29496533 716.37137706
v 315.12093520 90.23806977 740.89363376
v 126.78380031 6.36135721 62.74772711
v 106.12626961 -130.07236261 688.79763449
v 107.43266800 -134.59478311 707.25463955
v 42.13897845 -26.48935135 281.99105102
v 51.11141337 -15.20592163 267.89000052
v 182.57518492 -70.17419136 742.74040443
v 138.65225644 -12.82884810 62.10292533
v 136.57368568 1.98957937 57.12761119
v 143.30529807 0.31777998 47.75421898
v 216.95654314 -44.03639869 1000.93453295
v 227.92050946 -42.81707255 998.04408555
v 26.90763147 -87.39196673 1366.26398138
v 115.06054164 6.40338193 194.16261759
v 124.17010110 1.89144691 179.44703507
v 25.13005864 -154.53861296 776.85941054
v 0.16980397 -154.21758974 770.68667768
v 66.31260793 -66.51300200 149.27698611
v 71.45500924 -67.23387515 130.92416478
v 20.40003160 -137.10673261 835.73101992
v 144.37661369 -15.08935209 174.04247087
v 240.79358864 -26.66655779 1145.05342099
v 244.53878498 -13.99919866 1140.51012734
v 248.39981277 -25.15209769 1124.89426016
v 96.41641166 -109.43382297 864.74498269
v 337.12782203 84.05244530 779.85316382
v 347.36085387 77.16795436 776.51118179
v 338.67386214 78.40824274 801.60018057
v 56.33917116 -55.36437928 1412.93097307
v 155.71821864 -25.61064442 246.06941308
v 122.95652583 -80.15740210 128.76633251
v 126.00781605 -82.83285829 142.92053903
v 170.84458551 -84.89590954 813.84549603
v 160.74753580 -41.39822982 278.01292755
v 156.51991251 -58.47138936 268.92808167
v 126.30255922 0.93403369 148.61886642
v 129.51265466 -2.73768753 134.86264054
v 102.87220445 -106.41294276 249.26743881
v 87.60485698 -105.80076280 242.50923365
v 176.35396921 25.79228515 837.09093099
v 128.92980809 -0.71412546 172.28489978
v 118.46406115 -71.06423293 1075.83504809
v 126.34514370 -81.66283423 1085.28852302
v 143.61801799 -70.78277315 1081.91034528
v 95.30008714 -99.25127430 203.88414293
v 151.74814917 -17.58612091 224.06133341
v 155.02825280 -31.42116985 219.03218428
v 147.20778468 13.40898750 908.97009255
v 117.25935178 -101.82494904 241.16988947
v 246.70029955 -6.00639485 1144.24816720
v 233.38073209 2.26750836 1172.82965856
v 313.87390185 59.06689589 748.88192688
v 320.59265323 50.37529982 742.15849490
v 313.39957540 54.25753706 735.75085373
v 291.84874869 35.59204425 800.71593086
v 299.41952351 47.36064860 786.93103621
v 286.21838347 51.23345202 801.97900269
v 96.10091027 93.17578383 989.00880564
v 70.27633758 -18.71291470 182.18611099
v 153.32909591 -16.42799506 11.14120906
v 147.82444672 2.29059273 29.52634732
v 248.65950930 45.11996282 867.67866952
v 253.16097802 31.75613663 854.34131863
v 264.85812446 55.13751525 844.00265824
v 273.88996291 -8.15746880 895.27068813
v 132.77754732 47.03064235 47.18417216
v 275.41559962 70.73525035 843.71914792
v 292.59037847 76.51159110 813.10345163
v 75.44554883 -103.50276122 282.93818880
v 176.90896868 58.64323420 17.36697311
v 168.85166024 52.38126334 15.89472934
v 161.83625758 -51.80856114 1080.58180290
v 159.44073439 -62.71664284 1092.42600918
v 234.62714310 -32.49392987 975.65605771
v 117.89116047 -105.28172629 263.54088651
v 103.74532381 -109.42330068 265.53905236
v 139.29986435 -33.39356702 57.84934572
v 139.07817156 -44.11951403 33.47282191
v -12.91061327 -52.80598214 629.72253852
v -28.10717936 -64.34337393 629.77703448
v 100.18376311 -81.53246365 97.15999638
v 278.90291503 -8.16527755 930.12768527
v 264.70545518 -14.64861528 924.00898722
v 274.74054936 -11.37186880 953.44382742
v 112.08684128 -75.90521088 1073.55776919
v 115.46592244 -77.62620803 1080.61538773
v 232.91804166 -51.21360966 1045.04188163
v 233.42385488 -51.87075897 1067.33408448
v 125.71593238 -66.09577613 1075.40516351
v 142.55543394 -76.62282595 355.12975617
v 150.23599206 -31.50390820 141.76972644
v 113.06517189 2.84999016 157.65272980
v 120.68381658 0.97901629 135.46904864
v 289.07214430 48.62136153 972.64585077
v 285.89479584 42.14036587 979.82854887
v 89.20224745 32.48422185 13.37108457
v 87.56941057 25.44696596 2.63465718
v 87.58208159 47.04231703 3.48943860
v 293.24505928 60.96665761 792.38470563
v 299.31819792 61.91723082 779.13580389
v -18.75566976 117.93459381 1142.53361585
v 225.46765276 42.37672451 955.27423125
v 236.77974248 48.02819419 962.21307241
v 55.74741577 -82.87408996 337.56759001
v 88.75493642 -15.75597793 4.12862615
v 92.44049018 -28.59895362 0.70303582
v 94.40259557 -46.78077394 0.45493878
v 183.00284383 101.39822566 3.91760915
v 184.42196655 88.11084793 3.80951745
v 181.84227591 87.99110738 17.13283755
v 36.66271425 -33.90873317 332.99069126
v 173.69858196 103.81924942 17.11985725
v 323.14482658 90.75366626 665.91989618
v 333.24676970 91.63692283 666.93508230
v 322.39852730 99.91805408 669.99261433
v 141.02930822 -29.36912019 42.86158899
v 154.22417941 -45.67350058 349.24591065
v 144.14764130 -27.80533699 24.14340049
v 374.29672394 58.97559926 739.63507680
v 367.70237810 50.69055240 743.13544843
v 155.69004467 -87.53433245 1117.58360463
v 150.40112801 -94.02496880 1123.48521461
v 141.58648372 -24.34668269 54.29332889
v -126.19795017 -44.08621429 942.12874036
v 20.96506745 -30.16918691 459.86767766
v 24.79753278 -39.89048674 453.66295855
v -129.71143382 -43.01039407 885.96444526
v 136.27422574 -14.93374380 73.61007024
v 334.91226111 111.07741381 704.96196029
v 329.83270774 103.45108399 688.45204717
v 338.21745100 101.55287581 684.76248268
v -92.69129701 -31.28329284 1479.75372991
v 150.27659685 101.12590887 1.01096126
v 134.03480330 83.47899024 1.03108729
v -156.63304042 16.34329266 832.02951252
v -155.82828950 -0.19536403 838.20407411
v 47.25034741 -61.29906528 482.40863439
v 49.66945845 -62.52205747 460.97659781
v -177.11563317 -11.88965325 783.40879512
v 107.36344759 91.43826357 1.32900111
v 100.44215604 127.27628331 1.64847651
v 357.33799342 43.81789187 740.27956551
v 339.47188980 42.73696669 743.13332486
v 188.93552074 11.88904212 977.08694663
v 189.09792754 -3.92639866 979.27222849
v 195.40345776 -0.83453814 960.63622336
v -77.29049931 -76.28099268 1456.69050292
v -71.02388417 -85.51148629 1454.76760865
v 159.89742745 138.86547168 7.79513532
v 160.45403531 110.38814417 18.88666387
v 72.92423731 -75.16048501 398.37184233
v 74.69134508 -75.13720630 383.55506845
v -51.32780556 112.78757242 984.58031851
v 159.42147819 79.90223860 29.17808688
v 149.04520749 63.44666549 37.65435491
v 167.32658256 67.47851770 28.31757318
v 167.72427141 56.58195106 28.23584830
v 129.91208064 -65.70448553 406.02558566
v 118.71780155 -75.04261730 397.35913247
v 128.38477679 -64.36763752 426.65033246
v 163.59070871 45.47129454 24.49325946
v 322.00387680 70.18849536 852.59515426
v 310.99879700 75.45511412 857.43260664
v 315.93512100 78.21212639 841.90677047
v 90.52062795 152.08632614 2.01597463
v 92.31263732 135.26890780 6.47950943
v 73.65590405 103.43405868 1.71939544
v 332.78630062 70.75772801 828.80029534
v 222.16607841 -59.13488413 1075.98422635
v 218.37555952 -64.30116360 1094.18261977
v 237.92039856 -47.53958940 1082.42554117
v 352.45696202 97.57386940 740.80910464
v 342.22994583 99.78735282 740.11727302
v 350.74595876 96.55557373 727.41636251
v -124.89300183 53.26852211 895.71190710
v 74.27543822 -18.46898810 70.74434282
v 76.33238318 -28.92083432 66.55055120
v 79.84116677 -20.99186586 53.17483077
v 152.05602882 -76.47699954 1091.49396459
v 163.63952530 -69.49049819 1107.74054602
v 369.35271974 70.38398575 746.26195692
v 365.41654952 57.40982168 751.50482165
v 45.38476278 -3.46810510 366.03239267
v 134.86120095 -43.68963330 65.51611077
v 326.12688504 71.49184765 677.95566252
v 326.78303992 71.17376836 695.04859340
v 82.06808707 -82.30134498 139.42086602
v 85.16534929 -86.20468447 157.46611214
v 267.03681432 63.41452509 849.94272715
v 256.23618252 60.57627638 869.42119468
v 354.34911598 91.26648918 688.94334804
v 354.35923760 80.33748653 679.06423884
v 360.40863596 66.27305510 681.50893681
v 115.16074655 105.88398520 1052.93207416
v 124.95645318 100.35416161 1069.10505109
v 137.76896635 -14.30145337 84.80185112
v 250.78052491 33.48858768 1081.39032668
v 250.24162666 42.79052237 1052.95999781
v -94.94879439 -7.54366249 1430.34104271
v -99.00810994 -8.22739238 1423.07231031
v 381.87118836 71.93265181 727.45877695
v 381.64559210 63.23338930 726.99840949
v 381.43074491 70.68949880 732.85419910
v 96.41198078 93.77116543 1169.32225149
v 94.81114757 100.17282578 1153.38154643
v 50.10919658 -86.18481809 263.08981101
v 342.92796721 71.22549865 666.50128798
v 344.46816731 62.78707403 673.62735097
v 92.47861404 -71.52323060 17.49604009
v 203.08746719 -65.00991400 1173.02082057
v 212.02207718 -66.00735476 1142.33095488
v 361.92433345 55.96773885 684.02152873
v 369.19548428 65.78567982 690.62670857
v 72.86538416 -80.96556593 564.44179016
v 95.20722320 7.54868292 66.84162941
v 94.28304138 2.13728867 81.01211635
v -19.91075831 -114.48168243 1058.47202944
v -29.44460078 -111.79805014 1035.17580730
v -31.40632014 -112.52237120 1049.88930506
v 8.20206293 -64.58301397 652.54897987
v 149.01512399 -52.84801311 173.72983699
v -122.37684679 24.71419950 1002.59155729
v -125.85969449 27.60969169 985.14260612
v 14.70910664 -30.75125116 642.73214702
v -131.23099446 -37.39161274 922.92090927
v 7.19272012 -28.32343973 643.41746836
v 7.31676628 -29.65127463 633.60617553
v -135.86140427 -0.03651013 923.73060952
v -133.72546578 20.96350250 926.56208196
v -43.63723433 11.98229982 1283.50797219
v -46.73098141 10.73918727 1271.82621717
v 84.33361675 -6.54970970 66.83872547
v -154.43333895 -72.89521264 797.86753825
v -14.04197716 -54.16190209 636.02345090
v -24.03900959 -66.34727555 635.32630228
v 73.45013128 -27.15488200 81.49023113
v -97.36235763 38.51080946 1240.98045989
v -108.28464237 54.15961237 1220.88994811
v -87.75090629 60.75092826 1219.95173861
v 90.69189836 -79.43989908 100.26091191
v -58.17127312 -84.85720762 635.70180402
v -57.30628917 -30.70432194 1333.32864322
v -62.41798039 -15.19151910 1325.38549769
v -61.26467860 -17.09135431 1340.56247108
v -34.27186674 -69.76482773 583.69076246
v 113.86662542 -90.01334348 1090.54167225
v 99.83258953 -89.41685732 1087.47246374
v -17.31538599 85.29089631 1370.70172185
v -18.22457677 85.37043000 1358.60969777
v -4.00417899 83.59518853 1358.96859169
v 21.13636681 -104.15766261 995.67124812
v 50.55771835 57.63454474 1227.68106626
v -74.69135606 -97.18482703 922.38163704
v -303.78198881 63.70114268 752.89247297
v -310.77973886 58.09581356 758.71585513
v -292.66681402 50.04540869 774.19561402
v -294.65725830 91.40569432 750.00853266
v -291.57585416 90.73430475 736.07496942
v -291.69770403 84.21715690 738.22948481
v 29.76225047 -110.74278862 1114.55404859
v 11.60542075 -32.08575304 629.84974668
v 59.90310070 -106.82756708 1067.00680695
v -290.70706528 69.39826232 755.71545056
v -291.50866507 78.88543007 742.78985247
v -298.29127019 74.04514237 739.91619926
v -87.50813515 -19.37224927 1277.87891258
v -87.40234098 -30.97291220 1277.99478809
v -105.38904259 -25.90190175 1273.59326356
v 128.55666030 -0.33751368 119.88748644
v 58.87178773 -77.70600831 635.49623789
v -22.22581386 -82.08082831 1290.24065365
v -18.79103136 -70.66059407 1305.59254341
v -10.18719869 -84.18810350 1292.31698120
v 71.93081056 -84.08962826 635.53255472
v -28.45302340 -104.62833475 1219.93054190
v -22.05858885 -109.05318373 1203.63999500
v -13.05305614 -112.70723899 1167.03004743
v 91.02333358 -88.10125801 619.33032057
v 75.70092563 -83.49307315 599.30038181
v -288.19970749 78.23190879 754.25605105
v -283.74339194 71.29590862 764.66677405
v -283.94928761 77.55353189 770.31387579
v 150.57393069 14.82413162 1062.76006761
v 126.63700674 -84.89761562 166.40161431
v 140.08340610 -73.01880640 172.26576267
v -170.23075618 56.06639570 1184.76055341
v -170.53014825 58.50730620 1164.97944322
v 54.35126694 -75.86268506 623.94950454
v 127.71211484 -100.36469140 259.58720176
v 138.57887685 -95.12028944 294.52900669
v 50.28817443 -70.89895297 555.01719975
v -150.08089399 -86.73639168 767.42697344
v -133.97049613 -104.65056631 761.55267109
v -140.50864271 -91.33247753 737.30558569
v 60.66954603 -73.11235290 528.30581670
v 52.00745242 -70.44056777 535.30365197
v 59.25668596 -70.86917240 506.83323028
v -76.00500390 -139.31016724 744.57964031
v 47.04464847 -63.02646776 513.50017293
v 155.73485732 -51.02094414 233.48623416
v 158.32819607 -42.83228469 252.12276953
v 63.19910806 -70.45198785 1281.65212735
v 84.41934259 -79.80901968 1274.29294247
v 53.92294155 -76.61046058 1278.19149904
v -106.14045964 -115.35793716 1155.45079405
v 33.72944902 -51.65054008 445.29743301
v 95.25336885 111.98075567 1125.36035388
v 106.36020750 106.11794774 1120.11768105
v -143.77286721 60.88977653 1117.75178452
v 33.67475456 -103.18114870 1235.08094979
v 64.51365375 -105.12010550 1237.18873130
v -150.02546561 5.13528823 854.99101491
v 108.83093749 -72.25085502 0.14201806
v 26.01671684 -9.34981962 408.46792295
v 86.60193393 119.27235282 1115.89012237
v 103.96396603 116.36179104 1097.41125683
v 231.70294476 30.41599306 1136.74423438
v 226.31797442 17.92208705 1170.50552000
v 221.09526210 26.80986167 1165.81609165
v -73.55720644 -97.47655541 881.26657168
v -83.80348323 -89.66903605 895.21599653
v -57.30874523 -99.33645528 895.80748914
v -129.84322439 86.84639288 1113.61184260
v -116.61392575 99.33267735 1118.18222085
v 67.41732968 11.91670843 340.34205385
v 85.31174876 17.93922412 345.62401091
v -108.44752853 -60.03659114 998.45784482
v 79.00292468 19.71477282 368.79524665
v 96.12479556 20.12957605 360.34305903
v 93.95276316 27.15560853 381.71446850
v -111.86095872 112.30507008 1059.02838470
v 105.84529764 24.48833937 378.08772081
v 104.24906440 35.01382082 400.27907678
v 49.22315310 -108.85353178 1167.69540703
v 43.09895545 -110.00007807 1152.74148999
v 28.15173449 -108.68724265 1160.08635546
v 70.55106995 -41.22266739 100.91683294
v -227.15455273 14.31202719 1162.87370585
v -217.71424537 13.70727633 1188.98586534
v 113.14009378 43.36007573 418.75986749
v 128.12764321 23.54885691 397.28106467
v -180.54072828 -1.40992817 713.11018855
v 149.71956535 1.62372533 441.03180757
v 69.38833787 -102.61778486 1036.04928752
v -212.95421170 38.09143044 1142.11460434
v 147.32715274 -16.11387819 401.72361779
v -171.65853293 -43.35882003 758.03219962
v -162.96190452 -63.79146262 759.30725680
v 137.56476214 5.45411600 394.26591330
v 179.02149125 -10.11380179 1254.63715268
v 190.56414836 -16.41756967 1241.78687731
v 167.14393762 -16.77191244 1261.69713019
v 149.82122381 14.40444811 30.19521865
v 141.48327618 -28.64649410 964.32392231
v 148.70899988 -22.28032027 371.16489579
v 151.02721028 -27.25721352 357.00733830
v -62.26342846 -102.42207788 1232.45248026
v -44.40832229 -103.81445745 1225.88083945
v -72.69522860 -104.57497478 1226.83086300
v 146.39351690 -6.82569857 953.93535078
v 126.02989048 54.51706171 1019.96343934
v 133.01042956 34.47908060 1019.85672964
v 151.28120544 -64.78875003 347.53531354
v -139.57497159 63.54398037 1198.23826086
v 133.84894731 -62.96845704 33.58489880
v 131.67637643 -64.18236171 46.59667698
v 33.62655329 61.04975509 1383.96882006
v 22.42970626 71.35242264 1383.64376938
v 24.24340352 65.77894160 1368.38641668
v 133.81537881 35.63574584 999.25638541
v 135.44280641 25.32201151 1003.06799447
v 142.15009364 -65.78151018 376.61257655
v 20.99304079 27.96838702 1268.93805267
v 133.98256856 -66.35824170 390.88313768
v 120.33345279 122.13835355 17.63309385
v 107.11382510 123.12769659 16.55948118
v -102.31939516 -96.77935003 1232.25460624
v -126.30335060 -94.96029636 1213.78298138
v 100.56894881 90.71591676 23.58665150
v -1.01150632 47.96686537 1311.08293101
v -1.71901816 56.50476402 1318.85105264
v 125.28027323 -61.57401630 451.30003303
v -170.60967981 -34.21679495 794.99073428
v -166.27950778 -54.43665307 789.10626764
v 90.08404066 -72.65733118 474.33989726
v 6.59445971 38.20139390 1301.84362109
v 13.25911333 27.08969537 1297.80350376
v 136.54275248 -67.82310314 16.82465343
v -71.25284986 -111.39536095 1079.65915419
v -80.11680453 -109.81598756 1085.35089270
v -168.59129175 -9.21350494 811.05285115
v 57.55374145 -78.02734799 209.27750356
v 53.78057372 -83.88339871 239.87161860
v 159.93237674 51.40687791 1228.74889904
v 140.25225149 50.93561621 1241.82408861
v 134.78249228 58.17117107 1230.22458517
v -128.34669228 71.45937846 1030.78249889
v -119.93483561 73.59120440 1023.02131434
v 25.83532820 -39.78888066 413.35163685
v 59.37315421 -22.84827934 1304.42950677
v 65.80416877 -37.70775602 1292.86412721
v 53.62902850 -31.78069912 1301.71714679
v 117.95771033 69.69852121 1205.75752750
v 146.10303189 65.94319175 1206.77653456
v 35.28039422 -38.64390349 363.67126089
v 117.29044312 -93.83719837 877.36917025
v 33.29209134 -24.29428159 368.29240824
v 35.57593819 -30.03813958 349.52935574
v 163.83679428 46.23074415 30.39687515
v -11.36256029 -107.98605975 1014.53849786
v -29.39253667 -109.19674722 1021.29306577
v 155.72211555 25.25934053 30.01975533
v 144.64341528 -22.12846100 910.63855405
v 138.42682877 -42.28706397 910.85016255
v 145.36295936 -37.17156115 931.12555955
v 142.25356653 8.88810290 50.62535567
v 145.88716568 -24.55417748 901.90935108
v 139.46514529 -45.20666608 901.01920012
v 115.13787124 -95.28592354 646.96290378
v 130.86210251 -45.24778948 978.80175577
v 122.09258126 -63.30185945 975.25125516
v 121.59646587 -45.93516368 993.18144612
v 123.01390144 17.83602382 378.88505469
v 121.14735955 -82.76375829 582.49414059
v -246.37518437 1.17237594 868.63348616
v -244.20495970 11.60234605 853.48766665
v -251.12349261 9.56957331 849.43529236
v 122.32331853 -43.58942762 1277.41059523
v 104.08889741 -61.45869373 1278.04716020
v -235.25222444 10.76570354 869.60190137
v -237.15153539 -5.87423759 886.40085899
v -228.60771419 1.89214825 887.87949695
v -241.71384831 20.54817490 850.32910523
v -235.79797501 18.42324874 861.06116617
v -120.83116392 -48.99887554 978.04744530
v -127.59825946 -30.26043614 978.34292256
v 122.21620014 -111.23173407 661.88565106
v 133.94181313 -98.07997744 655.57365474
v -269.81255283 44.78419769 797.05305054
v -274.71782612 37.21803926 800.04329142
v -262.90299022 44.06318884 808.48625178
v 145.21106176 -88.15594922 293.91901603
v 151.51550838 -91.74585047 658.86060939
v 136.67018386 -89.51372388 332.68897673
v 90.05484297 47.88061135 1.27297434
v 128.93066244 -102.39664084 293.06385517
v -126.58338387 -110.17610417 787.94810637
v 114.57072003 -105.21917028 305.97413718
v -123.52136270 60.96425192 1201.47502513
v -115.44273198 50.88477549 1222.33119641
v -136.84009672 50.69082969 1222.62303023
v 86.70187962 20.07089072 12.00456674
v -23.44893344 27.64162195 1286.63816994
v 81.69828176 -11.60831694 57.82565151
v -70.27332194 46.38816858 1236.29203175
v -42.45951267 36.33911135 1249.76973418
v -70.82968903 25.25811376 1253.34668622
v -128.26903443 -89.83105391 821.21141216
v 101.20248417 -108.71112751 1198.52913633
v 78.39752198 -112.70326602 1183.00539549
v 73.09642480 -112.13524341 1194.65810844
v -42.30214722 26.28600095 1257.19672599
v -54.03947246 13.54067074 1262.61168252
v 88.16116969 64.30393079 1223.28905794
v -127.26515818 10.50168874 1011.93441283
v -89.35862142 0.76789376 1270.23951868
v -117.14441365 11.19182934 1260.26448398
v -95.89348178 22.91942680 1255.25635533
v 82.44249632 50.62374257 1240.94378041
v 57.97747604 -69.63584219 376.54496328
v 62.20392466 71.64360832 1213.37540249
v 67.10650002 90.37378674 1187.86373514
v -131.35598991 -16.46661317 974.67551070
v -132.14092020 -7.94754249 984.94436260
v -124.47887399 -19.92276156 990.88971173
v 95.91255391 -106.53111092 298.33269434
v 141.50035693 154.24742870 1.47111803
v 48.77964676 -100.30473801 926.04464368
v 31.48827741 -93.87615370 955.94885492
v 46.65972528 -97.29134567 949.18692964
v 106.90894706 142.13489346 1.69662505
v 120.40206496 154.05690871 1.66026914
v 182.20593341 -68.26910167 658.85182186
v 173.59131788 127.89259414 7.09276553
v 83.25066324 -97.23489404 959.05759691
v 100.51311907 -123.69678177 671.49288052
v 52.89870324 -72.94254890 219.45667040
v 43.99883030 -50.80235997 230.69652341
v 164.31527369 -97.69147697 708.50570515
v -204.90200411 -36.22996279 1195.71257503
v -198.41322743 -51.53243298 1190.14389626
v -215.15878436 -43.64212762 1170.85038946
v -5.10451231 -107.60861038 887.47625183
v -33.94623680 -104.95450936 885.75559039
v 58.67019119 -34.18168474 177.17966322
v 135.30955628 -58.71155749 0.00000000
v 95.69640088 -81.81656102 544.52821482
v 96.48319567 -82.95232624 564.21427565
v 111.81804803 -79.58552338 560.19968457
v 148.18620850 -33.29853931 0.56598114
v 90.04071297 -3.07613475 160.31831325
v -101.55177409 -108.76971685 1093.85250416
v -103.58389879 -98.07769009 1078.74651088
v -132.78415955 -97.04860452 1080.01763428
v 111.43962362 3.29101406 177.57189371
v 97.44419452 -76.17583196 499.74990095
v 83.36548675 33.29622421 1259.51244208
v 189.97459005 50.10494472 1086.85886983
v 192.80531538 51.14081310 1057.83880831
v 199.11694004 53.58979585 1072.70036535
v -143.54607968 -89.53977924 1203.47685272
v 41.71432704 -41.28528363 253.18688363
v 39.48250608 -37.19021958 264.93717833
v -272.70458411 60.18864725 958.50034562
v -275.46851031 45.00176188 980.71788879
v -287.07147129 55.14948463 946.09311414
v -272.53907997 80.48004820 863.53802858
v -283.36500771 81.11776160 872.54095089
v -284.98426439 89.28316383 834.01155673
v -115.89465869 -63.18418451 1257.81975974
v -296.88178782 61.86331022 918.32798790
v -299.99263673 50.46471523 927.97499009
v -306.35986220 61.22636882 897.90764481
v -161.08044264 37.58912814 1082.43864791
v -155.93056341 33.42541916 1083.76238180
v -154.08356818 36.28340215 1091.86673507
v 45.39730663 -77.72165261 303.79574330
v -238.59249332 -3.81030341 1151.64629969
v -231.91530932 -6.47404686 1168.66804122
v -243.17908361 -7.95171023 1137.85710323
v -5.24351893 -93.82075308 930.47922461
v 51.94496822 -86.43799861 300.27389151
v -208.18336404 3.49957859 1215.52838232
v 61.50411868 -95.23585383 297.92434133
v -258.82248537 47.81361328 999.68900751
v -257.76948040 41.24688662 1010.13311022
v -273.23725283 35.10646881 996.52784341
v 12.30023243 71.04876175 1357.83133923
v 105.79137957 148.29443494 5.95116282
v -53.35850468 -88.72565502 1257.87196754
v -51.30883582 -96.31153727 1244.59818707
v -68.11603815 -89.30816361 1251.00058562
v 30.91587475 -109.98265610 887.03395860
v 39.97836545 -53.67196754 359.42080712
v 41.18603771 -65.61903691 325.92201518
v 91.92397748 -15.70270585 0.70016573
v -84.53747867 -92.41661099 1245.62621624
v -94.46273389 -76.69955200 1258.72939773
v 2.85733169 -111.01360431 1035.88981272
v 54.68779329 -144.54365701 703.85933397
v 93.85704978 51.42573377 27.36579578
v -57.39150549 -117.06409889 1147.59786585
v -51.16189924 -118.75776520 1126.82809213
v 15.50718998 -153.53339937 764.25266851
v 57.86044689 -9.16657489 257.07164401
v 6.47786109 74.25286349 1336.30545425
v 149.64904365 7.84696224 37.85026490
v 144.00861242 0.30244631 36.94704017
v -76.48842183 -90.33828763 996.55188345
v 114.68747272 -68.68579524 467.34575450
v -46.22000657 -104.67829454 1011.77677227
v 114.91101974 14.10106818 263.32375747
v -7.83664310 -112.24876123 1068.87970952
v -13.68197552 -115.80094075 1082.60793262
v -5.52587654 -114.10406211 1079.34623791
v -12.03852696 -107.39095931 1207.46169223
v 142.62386280 2.95978515 275.59446006
v 86.48911121 -147.29938504 723.25371824
v 36.30467536 -155.90727009 772.54841078
v 101.98050671 100.68978965 1.44394697
v -33.21120464 -115.62114533 1157.79055617
v -15.68513111 -115.82075969 1138.02956174
v -35.73818773 -117.11135401 1153.30239011
v -4.11555289 -102.41665231 1248.42854166
v 53.58524860 -155.24033997 770.89704999
v -57.14990890 -53.01062419 1361.76918515
v -51.32380208 -64.47703432 1364.23452853
v -43.92825359 -64.42613511 1352.56734069
v 139.99400595 -84.92731745 228.38491601
v -263.15045348 72.98560808 888.10115257
v -251.34971912 61.15805542 865.00826045
v -254.40152717 65.21946935 907.96779239
v 94.82256774 42.76326277 37.09561445
v 0.81585896 -94.78495551 657.19943346
v 88.05249786 47.28783172 11.58748967
v 128.06408847 -32.16931039 992.22168507
v -11.81776680 -151.29526895 752.81468316
v 123.48418241 -73.67923398 104.90643066
v -258.37943831 54.77507119 978.03348135
v -244.66584519 47.79576313 1005.86146408
v 93.35799142 -80.00343503 84.73176592
v 82.61940821 -99.46077762 217.09801785
v 24.13154289 -38.07537516 436.98087752
v 32.00672703 -52.36168568 430.90693264
v -37.20588773 -150.38338674 788.75284931
v -51.87000983 -144.78533636 798.52604505
v 9.50777464 -110.02944155 1142.84392920
v 70.65152203 -73.65362101 146.38641790
v -187.69760299 -66.43163129 1065.23201018
v -173.85871184 -62.06969077 1073.83890083
v -167.38270213 -58.13936627 1063.90794681
v -3.14502584 -127.23522432 852.01547860
v 137.91823930 -90.89610681 648.98882083
v 95.85194061 33.83254573 42.52264720
v 131.90712996 89.49276910 1086.06554179
v 119.59273560 102.59836843 1097.77147865
v 87.38084390 -80.41556607 120.38515083
v -197.85580708 11.07607689 969.57310541
v -190.19511146 -7.74849340 968.46888818
v -188.35037091 2.06098518 983.32355285
v -38.01988468 -139.13286794 698.13484208
v -40.18096598 -133.16527870 686.19634945
v 42.23241448 -118.59470107 668.15547950
v 56.00226203 -127.94010877 677.56476500
v 120.72853392 1.69980455 118.87270975
v -246.90166919 -19.22371107 1101.70749253
v -243.24331387 -33.73287467 1093.56988798
v -250.77108965 -18.62594173 1083.44550312
v 43.26099982 40.09874312 1388.93193777
v 35.47554300 56.63962721 1373.81982952
v -139.74053092 70.59159196 1108.78434110
v -145.90657304 53.74944660 1106.81912758
v -351.22833086 130.67699314 670.59563171
v -362.97507520 122.12794294 690.34171329
v -362.77414836 108.92456010 677.14435333
v 133.09720872 75.66453273 1160.26057931
v 148.15347692 74.74253563 1154.31762472
v -139.77258952 64.48496765 1054.43723343
v -15.16766106 -96.03657519 947.95410760
v -367.00764551 118.99786992 717.05745808
v -368.22129935 112.16650769 719.81961926
v -368.59695390 118.45965090 706.56725222
v -345.96806632 123.40922995 658.79524039
v -339.56627319 134.86357816 659.31959886
v -180.44270875 -71.31781569 1099.83376898
v -173.85244177 -70.17779811 1088.68169558
v -181.02933808 -67.40050676 1082.96603182
v -316.23340856 103.13465634 664.28175044
v -323.23304163 92.68500624 676.17081894
v -310.84178329 102.41444345 673.72853140
v 128.32015233 5.59982975 211.03825175
v 96.63314962 -79.27813080 71.50651460
v -89.91729998 -104.26478325 845.56324828
v -216.08177901 45.23819186 1090.49065521
v -215.90912409 45.24272155 1076.28818465
v -200.64367402 46.89654545 1073.96205037
v 81.06038539 -50.54430184 47.85157669
v 88.42192899 -63.25473664 30.69283190
v 105.72311976 -77.83379889 517.96447046
v 182.43530109 26.66324146 1248.56961675
v 186.90807900 5.43660992 1257.57763381
v 175.83848070 18.29985549 1262.87016694
v 144.00409013 -62.11725668 163.20792350
v 98.53055433 16.75496604 56.37693537
v 131.18887526 -79.67449534 155.09721218
v -195.97956003 -30.78781711 1214.77229806
v -215.11299703 -16.39505035 1192.24676026
v 116.82501964 -78.93436618 104.22883437
v 112.77035427 25.36989818 58.21024982
v 116.53183920 13.75728693 64.49344097
v -129.86808681 14.89144045 982.58743952
v -62.17451048 -110.02489620 1067.38619283
v -48.29048562 -112.38861075 1051.94285423
v 78.75119858 -49.32829372 70.38264370
v -86.83649497 -116.33708763 1121.26719839
v 55.32405577 -111.39985791 1154.02115349
v 63.04566880 -110.01937466 1180.06306122
v -109.17814655 63.04376605 1208.26087595
v 122.63949683 -64.96987928 1068.04052498
v -73.00468053 89.92090597 1187.42557642
v -98.48910093 -87.86456846 876.46028994
v -47.95038977 11.73226138 1326.44797884
v -56.07331937 2.68118993 1337.15713941
v -54.23814691 -2.23335093 1313.80377926
v -166.66422483 -25.21986442 1021.03464291
v -166.51853919 -34.37016664 1028.06818717
v -165.74173650 -29.08265447 1030.79926621
v -169.81696436 0.27161439 1018.54571907
v -170.20016657 8.09792835 1028.30594273
v -161.01265319 -6.52671169 1056.72001497
v -161.03041609 19.16334784 1058.30447882
v -167.34147447 7.89683905 1045.77985020
v 138.56146809 -39.70318885 1051.17680101
v 131.39978759 -49.98620619 1067.46882013
v 138.66831973 -35.12180653 1067.70978377
v -137.16682044 -28.13034084 1017.54719955
v 164.39474940 22.65629823 1061.69135986
v 175.22356042 28.35133407 1048.23352130
v -53.43633812 -108.36533560 1028.61661452
v -168.53038078 -42.10367354 1030.13104061
v -174.79859743 -54.55762515 1043.49923232
v -164.08277024 -44.06868613 1044.57775256
v -54.67375937 -47.42409108 1297.78262929
v -44.84705395 -58.55727162 1300.61426333
v -69.18027692 -51.04273965 1282.38664503
v -156.91132752 66.81669646 1153.01525685
v -167.40396120 55.89502964 1142.93102002
v -175.62842421 51.73244487 1113.77349790
v -171.10296728 49.84724714 1103.51843725
v 200.74942106 31.50569307 1210.23642393
v 40.95574109 -98.51467878 1248.74957421
v 45.40649441 -90.17588808 1262.77010788
v 61.30119982 -96.08531030 1256.08377339
v 168.87132027 10.98245034 1270.38110946
v 136.23323756 2.02161107 1279.71218211
v 136.81401064 19.87497349 1273.23451640
v -236.04088577 8.74192510 1147.71299848
v 213.69639453 -22.05134105 1206.03523668
v 195.86326637 -37.11918835 1220.78920285
v 204.48258150 -13.66494626 1224.17976842
v -188.72629795 50.44091296 1123.98318198
v -181.88681999 51.38303809 1140.42927396
v -217.54594065 38.22320873 1132.05634108
v 84.73914655 -98.15697311 1101.84703695
v 83.18511763 -97.73039168 1096.26375634
v 55.32846919 -15.09011634 1374.22629344
v 53.84610975 -9.55780777 1381.77984707
v -126.80484407 68.23042645 1188.35589948
v 135.63800444 13.84891812 1013.28464880
v 43.87154600 46.56802279 1407.77406222
v -169.97223269 -50.93942163 771.16349319
v 5.26788018 30.56616970 1291.20014711
v 38.64341423 0.16030379 1346.78447085
v 41.41347680 -15.95472890 1338.34335276
v 42.58862428 -15.19131067 1358.63956474
v 156.13764716 127.77921996 1.14915344
v -13.76923503 -98.06973095 968.02823728
v -25.95669020 -104.62338705 974.09169571
v 3.14058971 -96.11997784 982.09046649
v 133.38039425 156.47413781 1.56040776
v 48.18013881 -5.51864509 1300.45456233
v 47.81158010 -12.18008120 1308.41065644
v -153.49977763 20.52168766 1252.65914019
v -200.99563783 36.44044561 1191.49807080
v -203.29202663 26.22891831 1203.94641642
v 125.42684450 -65.59753968 909.80033813
v -250.58763633 19.43717812 1075.31621947
v -258.78230308 18.90537105 1041.98418356
v -249.51581727 36.25238603 1033.32431564
v 76.94325111 23.16774584 1269.19845340
v 69.23601793 -1.24288186 1288.49430299
v 60.02895920 10.95319591 1277.76416988
v -122.91461170 -113.02366665 1116.21638309
v -114.75877292 -111.64340330 1101.45165597
v -133.95614129 -105.48258422 1096.96887156
v -131.32894857 -9.87418015 962.02169326
v -111.94312163 -71.70198714 920.30057155
v 90.66689255 -83.90968273 371.84714206
v -148.52045963 -102.76264509 1103.82033581
v -157.74916153 -97.46113140 1106.04182490
v -159.63613234 -97.56881537 1118.55892302
v 119.56559031 -14.69585287 1288.94342982
v -189.85708113 -66.09519496 1181.66166047
v -202.21396503 -63.89579843 1166.48799660
v 130.06867071 -86.14817413 1239.53299480
v 123.31064002 -98.17522139 1221.00655004
v -118.21023562 -120.02660266 763.80026862
v -112.66895824 -90.34827452 842.86828418
v -23.35812293 39.98409387 1253.42363787
v -78.79001071 3.46916841 1269.36340058
v 74.93564461 -107.56432320 1214.77561223
v 64.14888682 -108.18704655 1204.56786654
v 53.76452674 -106.58593996 1219.17408177
v 84.84185443 -98.34360635 934.63365645
v 70.72929604 -100.84279806 930.84291293
v 22.95312668 -96.14659259 927.50775246
v 148.36824683 9.90497039 42.07686660
v 161.71668346 30.08555914 1261.28207619
v 165.47011979 19.67071711 1267.87394856
v 145.55609271 36.24406930 1260.87212573
v -12.35198632 -110.71318775 879.11887665
v 36.81633156 52.99661534 1229.67202083
v 110.35289608 -79.76387934 541.61039951
v -76.06818780 -97.17782074 947.29577530
v -139.48314010 -108.13412156 1124.80161547
v -157.37311053 -101.35285595 1132.91231179
v -127.62264939 -111.03583524 1139.67470586
v -334.10877345 71.17135440 802.32315242
v -335.38239358 79.83756960 791.69608293
v -332.18166394 73.84746167 808.02531857
v -15.32170207 -142.28451064 705.70779754
v 3.31933557 -147.87071909 726.80082935
v -316.59476503 60.62827794 871.19399565
v -321.97504784 55.28331239 856.90330287
v -325.32704872 64.19240066 837.79617760
v -323.90432540 82.87520220 814.51573978
v -320.59013693 72.02948721 838.60965231
v 26.02893802 16.14683666 1305.61025857
v 25.85717955 16.04231362 1319.81200403
v -10.95801639 83.03732348 1385.92917277
v 1.63016871 76.44647832 1400.16919931
v -6.27489674 89.46585732 1401.63402370
v -333.78052791 68.92946697 780.90269034
v -318.69212093 47.70515075 802.71572259
v -322.44793545 56.69398539 772.11205109
v -192.33432182 51.19028477 1112.72038456
v 50.82244313 -129.30659570 845.81292157
v -95.24743319 -43.49752534 1271.57539605
v -35.67589078 -97.78634657 1246.64659297
v -133.28694307 -3.77300787 1262.90311834
v 131.27260604 -122.04089442 701.82903055
v -29.05263500 74.55450754 1333.52825091
v -29.03133890 51.32470255 1323.66084465
v -15.27053049 66.65063461 1323.44646596
v -100.65835240 -113.27083602 1177.81774532
v -87.17802369 -117.42226865 1160.16508703
v -60.23769944 -99.05040674 1004.44320796
v -67.65978579 15.67160642 1351.85587660
v -60.84663461 0.65031505 1349.28648435
v -56.48555184 8.44564457 1341.60248834
v 21.84990152 -101.16331277 1245.60288825
v -13.46787903 -105.97128425 1216.78539725
v -50.44913544 -42.12509386 1316.98375376
v -45.66326131 -52.35816585 1327.36785923
v -46.89424754 -54.54748902 1310.56215969
v -23.91313196 -93.74105261 1268.77085796
v -15.18394450 -117.34439674 1114.31253533
v 0.02097557 -112.48447673 1097.30895972
v -19.10381203 -118.57393975 1099.73814469
v 103.50228705 -89.98447877 949.62609590
v 100.77136386 -93.08083318 931.92737708
v 5.18839473 -134.50202273 692.17750519
v 47.70170263 -104.56026835 656.50594795
v -267.28283794 24.92811337 1014.60230119
v -266.80846930 5.56968420 1036.86069723
v -270.11284152 10.96609910 1019.52807393
v 22.52778916 -92.41569318 660.72060982
v -35.63638003 -151.67344370 761.72763149
v 135.96538553 -50.40526736 951.61689005
v 125.05763680 -65.54966755 957.90721283
v -84.38677073 -134.16140489 796.49569015
v -64.14861104 -136.67223466 809.19579355
v -16.66436185 -152.61533288 790.95151506
v 145.65758255 -6.55233885 1039.44964008
v 142.40429319 10.40047081 1028.29982605
v 135.48848324 -5.23603005 1010.84899760
v -210.53626799 35.35097686 985.16268985
v -226.68883679 43.56905115 976.56688993
v -220.88645429 35.65765923 957.65651618
v 147.02246985 55.71861934 1087.08696629
v 140.06254914 73.45675334 1087.17699878
v 140.99224706 66.55286103 1061.21737758
v -29.40443964 -133.44694172 683.19682515
v 173.39495460 47.17904832 1097.48830155
v 178.35803588 44.85145664 1079.82562505
v -235.20721053 56.63596820 943.13527334
v -228.46109204 52.19174518 943.74253527
v -238.38392830 52.47590108 975.03624991
v -159.73461889 -91.17454818 1091.70387419
v -151.76158215 -89.41260833 1079.24368748
v -224.55528040 41.93477270 956.33456255
v -224.82775230 38.11854926 944.40886770
v 171.37664299 53.80414771 1146.75730272
v 178.50244879 53.17131506 1160.08930987
v 169.82084086 61.21979719 1170.32608764
v -199.63173571 -6.05457069 943.86460505
v -194.42395814 -8.57646981 953.30012716
v -195.59284390 -0.09270315 954.17156815
v 136.64127944 70.85744816 1137.99263147
v 131.16915016 75.94864677 1146.27909622
v 129.41696137 83.97869489 1126.25116169
v -13.82469843 -119.70261672 861.96657984
v 68.43785072 -74.92258256 511.72159194
v -176.26843435 -36.73753759 1232.15281447
v -174.51370565 -53.84217415 1221.01358939
v -182.22085266 -44.79060931 1218.24789620
v 122.69852905 -78.16266727 570.51232793
v 164.02557367 56.47443884 1210.74707788
v -275.04371806 82.80611971 843.07596174
v -267.17671922 77.77846610 856.56977619
v -220.41488715 9.23788508 905.55936503
v -222.87457016 -6.06793907 916.97259010
v -215.11064439 4.35591071 923.37765157
v -334.79392320 137.92159484 726.20287935
v -340.62735267 115.73299574 744.79769504
v -351.92223352 146.68815258 709.71929811
v -284.36477551 125.42471781 705.25654010
v -293.03858856 132.05809178 703.78232268
v -293.07513428 125.53453266 693.13517091
v -209.37758723 -33.41193039 967.05799307
v -214.61325997 -22.06978144 941.08486488
v -229.85627073 -36.78965003 966.21862886
v -6.37002362 71.69409668 1328.50259766
v -255.14822050 -31.74196259 983.58434590
v -244.71334707 -37.83187084 981.24630527
v -258.38968686 -23.65357245 953.66961975
v -309.44629748 32.85022795 904.33248310
v -303.56427335 20.34660021 911.99022986
v -311.27826134 28.76995349 885.51851838
v -48.23543632 57.72738281 1340.98130444
v -52.74446404 48.48000617 1341.85577247
v -36.21508636 38.65747459 1323.93490344
v -294.91561885 5.47386190 891.20411838
v -301.28833816 14.23087606 903.12524046
v -287.24974586 -0.39129204 937.19590418
v -111.33608433 -66.47823138 904.03146336
v -341.87170572 105.27157280 751.63437666
v -349.61037517 94.43054156 747.62625528
v -356.06436682 110.46168704 735.49866827
v -233.55161339 20.84724496 1136.37656367
v -299.53018364 142.02057625 714.81310219
v -293.02652529 133.35814956 717.59245318
v -292.52230918 122.07914767 729.00778859
v -279.37067888 19.92620937 999.87460423
v -275.04138500 13.90430347 1008.19288914
v -273.38073752 4.33946466 1005.30912278
v -232.38788162 47.40814759 991.74688421
v -233.23153395 48.16856409 1009.96116481
v -154.41718594 62.35272171 1192.46335170
v -348.62791549 108.97630085 659.91584734
v -356.55628540 99.83206093 669.92253645
v -346.48900426 95.38164060 661.69917890
v -270.95231680 76.19344949 891.19480450
v -267.78184382 66.01519521 933.39600402
v -276.07580042 68.89545362 925.89104597
v -130.80656552 87.36605207 1095.92309114
v -136.28695580 13.43713363 1257.95327457
v -203.86135025 9.00310311 944.61080922
v -208.84225048 8.52700752 935.15174131
v -180.19013766 -56.20125846 1042.83608564
v -188.73658543 -51.71158444 1019.94392415
v -195.59890840 -53.96857775 1033.09057790
v -259.83403166 49.21694137 832.49708951
v -263.80304874 66.01535625 841.75398751
v -266.04402259 61.74008735 821.74223816
v -279.57722054 5.00821970 850.25956179
v -276.94680526 18.53303322 822.63094737
v -282.72740579 14.31478525 831.75350412
v 129.62617062 -16.23981611 1004.02257958
v 128.04554916 -29.35572929 1004.14281830
v 5.34676509 -152.01083283 803.75795369
v -224.32033240 -59.19631099 1070.31490608
v -210.28133370 -63.09200497 1059.45948881
v -224.59104522 -56.40002537 1042.93557992
v -281.52543961 25.88877960 988.63606507
v -284.75619837 21.01972241 980.32977348
v -308.21135574 142.92044409 717.89814496
v -305.76602935 120.14713169 744.61455604
v -322.90151567 118.65104361 750.45894043
v -142.55764497 19.80927677 1033.44065967
v -300.51772632 71.13510282 890.22542906
v -292.74164020 77.85690335 883.10293777
v -286.38230044 67.12048901 923.47121993
v 147.11271226 -1.54937401 916.76421739
v -127.13440909 -74.08050651 1064.03023944
v -150.24884974 -78.82410517 1069.00526761
v -123.19005077 -84.98275440 1069.11679314
v -190.64027019 -75.20726516 1140.90068904
v -178.52369045 -82.75662870 1135.03676495
v -180.66584318 -73.64603948 1117.22024605
v 136.10854026 50.88982064 1036.14750375
v -347.31379450 72.61194588 725.24759134
v -345.29253380 76.14917278 708.85361284
v -357.35177382 80.45701874 706.69324406
v -227.74443842 11.24286254 882.03835860
v 125.72536647 90.94988163 1111.93352632
v -244.09895858 -23.03478503 1120.45610657
v -236.31682829 -41.69589395 1110.75139320
v 213.50723368 23.71142615 1197.56450140
v 201.84115507 23.41899007 1223.46946407
v -214.66729774 48.34034228 1050.59747401
v -195.75881681 46.03998806 1060.21088753
v -318.70169743 126.46056501 657.87085857
v -317.08142916 120.79976897 654.41541085
v -312.40653326 125.74561056 667.70954487
v 200.02225613 14.81832413 1235.02498881
v 208.94171289 5.84804664 1228.07967292
v 132.57245608 35.51884018 1262.08424063
v -77.93432449 -77.36843903 1261.07551641
v -194.56530518 18.18116804 986.79548263
v -203.92285525 37.90051078 1000.32226269
v -212.10767935 22.17081796 952.78022425
v -2.82739519 -112.82594567 1058.12962610
v 9.37705543 42.41453413 1248.34514811
v -11.63370944 54.24348242 1315.02410838
v -167.68264471 -61.30013209 1071.88852285
v 12.69792945 -109.20307787 1198.32473701
v -231.96196135 -52.59850593 1061.23060780
v -242.41049633 -44.63037821 1052.78152161
v -242.69550533 -40.35688971 1069.91587499
v -289.52812349 102.27333682 719.53811549
v -288.81237421 91.76224436 721.85644212
v -145.98006809 41.85607211 1064.33169129
v -149.73125297 20.45669609 1059.41180128
v -146.91127716 15.48288353 1045.44974824
v -101.36587222 74.48336514 1198.77172728
v -273.71116853 78.58414963 820.13213294
v -272.01754770 65.99570498 806.72569009
v -130.97463200 -61.53081520 1038.75321557
v -122.02596772 -76.72208816 1062.26505585
v -1.67407137 -112.40876352 1153.72855812
v -179.80189430 -79.65093234 1174.07316905
v -190.05421293 -74.06076317 1162.80507376
v -234.25969685 24.30326346 1127.80716731
v -224.83589169 34.55667233 1118.39496762
v -338.53459117 98.66656899 659.85078558
v -298.59224726 10.22999365 865.16968706
v -306.82461661 19.59494889 859.91081759
v 44.92767965 -8.84768768 1369.36464131
v -183.62565957 49.93278835 1090.03122625
v -193.51130761 49.93191878 1091.72059362
v 47.95859523 9.16695964 1357.46564837
v -79.26744265 -125.87168868 818.11033993
v -183.87552353 19.24306416 674.28580126
v -153.91854176 -4.86987944 1057.66790204
v -150.70128885 4.26002963 1057.60430960
v -155.16253476 14.99161939 1061.62180462
v -336.36848010 79.42921914 681.29472024
v -324.40314034 89.09534752 687.05636988
v -148.39975094 -18.12023670 1057.52305586
v -142.74961190 -35.16728742 1057.04977950
v -149.08615090 -14.48287353 1051.55493687
v -309.84907248 147.78186612 707.44709431
v -348.15968923 84.17684943 742.93932579
v -343.17921717 78.10070584 745.75097605
v -346.66320715 73.66925128 731.94974334
v -236.06249030 25.81951697 861.31660292
v -228.92696558 18.24823895 879.89912256
v -311.12550283 74.26560526 859.14159030
v -75.57674741 -114.71899044 1174.08064219
v -68.78190987 -116.14315089 1172.00894004
v -77.14641174 -118.64837944 1162.36586281
v -290.23200660 6.46489384 856.86665150
v -208.13695713 -53.97012386 1017.80276146
v -196.92255483 -43.51352561 996.37505196
v -217.38677764 -50.35860333 1004.81131273
v -37.01191768 -120.27852784 1119.58894143
v -269.65791676 -4.76040674 1009.81056100
v -256.50434304 -32.64493450 1009.89186523
v -264.18655951 -21.66549115 989.53860078
v -318.25640287 153.15388540 700.96109365
v -326.30248749 156.49433036 699.25758264
v -324.53287202 153.43789118 681.61851689
v -348.22318988 87.88610648 672.66182313
v -258.39086743 64.02172105 930.29671004
v -366.80000189 101.69963444 689.32971145
v -360.77506721 86.36396949 687.76524905
v -321.89383325 96.45720095 695.48705739
v -337.61474399 81.18093840 700.21979107
v -326.82046566 93.67351542 700.91194338
v -88.47375272 -103.60941945 1074.17010878
v -107.75556263 -90.72968668 1067.03608532
v -315.36128686 51.02888990 776.00770315
v -320.65465683 63.80679588 745.04505867
v -236.38025641 -50.69472686 1027.68192237
v -215.29920019 -67.21655667 1097.97778433
v -228.06660870 -57.08884601 1078.46438491
v -277.37397737 56.24443470 779.50232900
v -267.24121038 55.33512513 793.30523410
v -300.12546348 104.09610332 799.85221081
v -315.48947865 111.29966915 766.64038043
v -305.10193476 109.63470767 774.63518094
v -294.63812975 84.92841810 857.16904091
v -290.97386653 92.57771022 827.38882087
v -327.72392721 154.63143282 706.15751901
v -328.16282937 142.00763788 722.57206031
v -314.86163601 107.77452615 688.10421564
v -329.90157969 66.64074082 742.74871947
v -338.13756659 72.25484896 744.46345258
v -173.99026486 -76.06759559 1100.84151838
v -168.91714049 -87.57851331 1108.51368771
v -167.21473936 -82.83762197 1091.23115954
v -351.59893086 137.89761097 681.15145160
v 45.73676015 -82.65183763 1273.72180133
v -326.06327487 145.98349558 659.57742224
v -319.42228046 145.91083108 664.01723227
v -239.23854770 35.72473796 1063.62974944
v -240.76538977 30.31007708 1077.50563503
v 40.73538567 -109.08107956 1202.37271988
v -283.90645818 99.01107050 707.46316217
v -290.79525228 102.55240185 734.65256247
v -294.77309507 101.32654630 747.08051664
v -207.95678001 -69.41133862 1133.89813786
v -206.41497076 -69.86617150 1115.77975076
v -223.39957765 -59.12881364 1117.31020005
v -298.43578134 107.65571646 779.96115432
v -290.86322960 100.65431124 803.24412631
v -115.15924544 -83.56453171 1062.75402565
v -113.60902219 -90.62097442 1072.39007381
v -286.73958508 98.17127765 792.18835406
v -285.28741116 83.05161031 782.76620726
v -278.83624697 82.69021010 799.20645879
v -265.95670143 -2.98927705 866.68032623
v -263.24251261 0.08241091 860.17741057
v -239.87570894 50.03961027 895.42695976
v -243.83571401 55.56970981 927.80451926
v -297.06213289 21.44273253 824.03353220
v -288.88719757 32.20161975 798.53516405
v -299.46733308 36.44022447 793.96078295
v -170.44957357 35.75460344 1061.80872051
v -182.78762552 35.95341592 1046.72054806
v -177.83176057 30.07639784 1035.83293763
v -90.99054838 -112.19905373 1097.13277245
v -322.25868586 46.41259905 838.64104687
v -324.78236328 54.05366368 843.71895821
v -102.52906639 -115.31133799 1112.11563896
v -318.85748820 78.84006022 715.23463854
v -327.62104038 69.22017810 720.84516625
v -300.72279692 79.57047010 719.67642576
v -140.01914746 -56.57412254 1061.17191174
v -135.67631739 -55.39718228 1055.94078962
v -297.38603666 119.15062386 685.52781730
v -302.84931125 111.40849990 670.72065189
v -304.85439761 110.32148952 680.23159491
v -161.21274546 47.08358010 1110.70979713
v -169.23628929 43.41846596 1082.15406771
v -291.13721304 20.71075216 959.88381571
v -287.65533269 6.67752239 954.85142348
v -293.76944950 11.46088392 935.83966322
v 3.40443398 62.77341443 1495.06145034
v -4.57413927 70.19211854 1482.68586154
v 157.84240513 25.14060535 1069.56885964
v 158.24902419 30.20229200 1075.40186822
v 151.80697441 28.19267600 1068.74518450
v -154.90895484 43.86076062 1107.82957866
v -21.86254117 -90.88413175 1277.27339174
v 9.65826206 -92.50459889 1277.67718639
v -148.84999003 45.33797384 1104.68525258
v -53.09208204 -66.93467599 1287.22775491
v -49.06352362 -80.92018503 1276.29037616
v -147.98636856 42.49576617 1097.75661538
v 41.45460694 38.73130161 1464.94349642
v 31.04446318 50.16277379 1475.42015384
v -265.57044284 -17.33703691 928.77809263
v -261.11628699 -11.36033224 896.17856047
v -268.69106468 -11.62808106 909.94595142
v -145.80978440 53.51637537 1083.91506004
v -149.52747043 37.13477796 1076.63068793
v 211.99907639 56.04545466 1039.59945444
v 196.36902297 46.49772096 1026.77127407
v 38.08615927 -54.86199327 1307.29236666
v 51.22306812 -64.22457901 1290.70551603
v 37.51634332 -63.52883151 1301.93501427
v -255.72188664 -18.39881014 921.88109485
v -143.26310627 49.57281134 1051.66164575
v 33.47069095 -90.03660174 1270.17937202
v -149.01262503 -1.27549206 1050.74891654
v -296.67530045 110.32690320 744.76207097
v -298.52618177 120.75675005 738.45314609
v -149.14537573 -5.12236064 1043.22203276
v -29.02827094 29.18249122 1301.70059720
v -41.34269518 20.68270144 1313.95165958
v -141.71755756 -37.18838335 1047.42532964
v -299.92035587 143.57871286 706.32723300
v -308.72524350 144.37825722 695.51174953
v -298.00195739 140.98084029 694.59050410
v 42.98328948 -88.70293882 1429.01359948
v 42.71792524 -91.47505907 1452.39767379
v -333.39293527 155.62884091 699.51541658
v -334.85707329 153.48302716 690.21263295
v 97.84060170 -108.32800725 1113.95661736
v 85.93637583 -112.26536013 1131.93706949
v 97.68941619 -111.42731187 1127.43665645
v -354.92041765 139.43124302 713.79460859
v -363.98237392 129.88770820 708.50765374
v -46.42669814 20.54397244 1326.79742418
v -59.15834500 28.01961726 1342.06699859
v -78.46241483 -107.41972757 1060.35147406
v 85.13563377 -1.10003167 1288.45176068
v 68.92848275 -13.71110245 1297.40827503
v 298.80923662 11.87319777 839.28558123
v -128.28267815 -17.45279319 1004.14264839
v 326.67840084 30.81273265 854.67075930
v 321.90999000 24.58916278 851.96901243
v 317.76218164 23.05879747 878.59726186
v -293.65607158 40.03843629 787.63368950
v -306.56305137 48.82570940 773.51229779
v -19.87596733 88.25708003 1344.64437784
v -24.40849810 82.28567879 1335.04185045
v -11.43015583 84.90146059 1335.14342598
v -27.55028233 84.79208179 1344.08879114
v -24.71565028 82.16601522 1378.74667099
v 330.01177528 38.04438796 854.49250022
v 62.81824487 -22.03018559 1444.11355050
v 62.25491285 -42.02026388 1428.07424169
v 59.70782531 -40.67667122 1446.50809923
v -39.29036912 -80.46062745 1362.91118346
v -273.26725629 71.14910261 784.07241833
v -278.24746166 77.64113784 792.86451893
v -85.32003614 22.63981643 1486.17422832
v -257.53140406 37.02384974 820.48807528
v -258.91741902 17.20082504 835.55946055
v -306.43025665 83.80458562 845.86670736
v -166.34065009 -95.81924967 1131.03283426
v 31.25688910 36.11365847 1496.11887926
v 27.46658800 48.94052999 1487.84452220
v 40.67007565 28.54278361 1489.87918593
v 144.17083355 -16.58476319 1041.99130081
v 320.85079329 53.43781759 885.58765633
v 315.01500463 40.26673122 901.84699379
v -168.05519281 -92.90582394 1154.67077609
v -117.45391041 -3.65758967 1266.56122652
v -114.50058449 -16.76011668 1270.44087237
v 266.67690366 -6.04643184 884.85026111
v -157.03993996 -98.16154348 1162.13412765
v -22.00044613 52.83317221 1317.40776012
v -76.19324649 -8.67862292 1279.05349766
v -80.03213363 -21.64973305 1283.99548588
v -1.59769612 82.58078706 1336.33808507
v -8.77412462 88.85153694 1345.34844411
v 305.85988674 30.04966558 796.24938308
v -0.56291434 -70.85995005 1341.82893406
v 4.03311381 -66.96255542 1334.11486638
v -19.51745740 -72.37602021 1334.38871709
v -42.38751462 70.73841481 1470.93042856
v -30.55145724 78.02516564 1459.87506751
v 11.75849170 53.78925948 1503.12213763
v 12.56248890 39.53467587 1511.51323020
v -177.27480139 -66.32733463 1201.64771430
v -186.29173657 -56.68396286 1198.39805878
v -310.42139673 43.22707017 906.41582826
v -310.92837935 49.96029714 901.26834118
v -73.50201436 21.82757208 1364.55361074
v -77.60285462 -30.26997990 1289.71212367
v -78.90515212 -39.41370841 1280.25769348
v -226.23974295 -48.95735354 1145.41064240
v -284.16122225 13.98010412 972.67341810
v -230.09987498 -34.25000911 1153.55149005
v -96.12592105 -5.31248113 1479.77095473
v -86.63917989 -13.89662416 1503.02529262
v 199.39987190 -21.64794101 1229.26876222
v 184.38734883 -32.05979480 1239.83036494
v -223.51057559 -27.61078575 1170.14069879
v 94.41461523 -90.34013494 1028.81086546
v 62.21389018 -100.15925980 1019.13057140
v -234.26008075 -17.38008000 1152.70995587
v -263.37359411 -22.20297689 968.12598309
v -238.72439113 -25.90666838 1136.98808500
v 95.93997234 -88.18600160 1078.41583492
v 71.78188953 -102.41595704 1080.13205258
v 212.03556813 46.24014635 1123.03436678
v 201.96210406 45.47151154 1147.62144717
v 184.56962994 53.19513065 1122.93222783
v -90.02588216 -0.77117985 1495.44947852
v -81.63712422 -0.17156102 1505.87872574
v -246.62335728 -12.61326556 1128.25414115
v -234.60425689 -45.45454402 996.80140571
v -244.48412978 -43.65395504 1012.10454234
v -246.10554985 8.96351196 1118.50352337
v 221.19580431 -0.57678428 1205.22144046
v 212.36627878 -0.89212138 1224.00015291
v 133.55123337 -50.56157103 1039.14338569
v 139.71549486 -29.66644750 1033.83719187
v 133.57226415 -31.88997663 1015.67551148
v -248.66755430 17.78843441 1098.18858116
v -211.98427031 -57.70136331 1031.11163194
v -199.51208996 -60.60698038 1047.27925721
v -236.05343378 32.16774096 1102.97810165
v 88.34103334 -87.07818376 1012.78802934
v -213.06012357 45.06830551 1103.86304232
v -227.46812954 -13.64070971 921.26005522
v -226.58626556 -24.68083586 941.57428497
v 40.79097181 46.96428072 1376.90266701
v 43.86046398 36.31287317 1373.89838092
v -95.58000921 -13.32493108 1454.50689675
v 214.65049629 54.85553198 1055.26802350
v -313.77212658 111.60776448 657.31981613
v -337.18298379 109.71881696 654.41746503
v 86.71837187 -101.94638166 1240.71122618
v 76.11824868 -93.08700127 1260.87180077
v 103.22651323 -94.95449861 1248.51281834
v 60.33900537 -54.04791606 1291.49622413
v -85.61506319 9.81128124 1406.87964058
v -85.77912223 -10.65206382 1401.43403744
v -81.11766035 -10.49902153 1386.09202482
v -19.39876106 91.17340900 1411.96545403
v -26.58515315 83.15553432 1405.47242282
v -15.53411040 97.67076326 1403.37657383
v -342.36983391 142.30639347 677.59949349
v -333.33746005 145.00401787 661.53621098
v -95.01451333 -1.67621730 1462.38583586
v -241.61148032 32.93840150 851.91712460
v -249.73179519 47.25875623 852.99319473
v -184.51349124 45.22984914 1075.50455706
v 230.15082411 39.73843962 1118.02384679
v 214.69591432 39.80019327 1145.56566862
v -93.06337504 -10.87164434 1436.50056629
v -354.40876674 146.04037975 699.43642191
v -282.74154399 89.82669804 816.99407232
v 98.94864259 -103.46852609 1231.28925428
v -168.36719783 31.22047602 1055.25697267
v -169.19733226 25.08177979 1045.71981977
v -331.82710300 113.05078571 753.19956121
v -161.24324332 29.89414292 1067.68396396
v -58.14571875 -34.41492625 1347.51056036
v -53.66002932 -40.51867278 1339.72577592
v -155.18981222 25.93424507 1069.60104011
v -338.26766200 91.55743945 771.70483792
v -341.34624008 83.86796128 766.37714776
v -345.52052191 92.60798461 755.77680044
v -58.48799982 -14.02693881 1307.55717737
v -52.55841656 1.03632018 1292.51064053
v 60.21815389 -18.49387140 1380.75817181
v 28.08572567 23.88840166 1509.36073783
v -151.39343964 30.43886054 1073.69933179
v -340.10789364 77.99066075 764.72371601
v -333.70074519 67.33893609 765.88956787
v 138.30956359 -43.77665668 1074.75143577
v 139.23516413 -55.28659379 1077.16071188
v 149.15915657 -45.20843670 1078.74347011
v -60.88075210 -9.32665295 1290.81137046
v -67.15300220 -28.23069938 1297.23288954
v -327.10226371 57.98215171 823.16670666
v -331.51642082 64.27000846 805.65048348
v -328.74417655 64.05726120 824.62518771
v -59.98627872 -24.52763765 1319.49620934
v -154.61382512 -23.80471264 1061.43866761
v -34.34619762 -85.34872853 1519.04187114
v -161.04943107 -23.93309698 1057.39558790
v 162.01109628 -0.60867098 1274.36020902
v -158.59367374 -41.90683089 1056.64449203
v 67.03447567 -109.65340964 1134.52664185
v 37.77385499 -110.14592034 1138.68759249
v -154.28880461 -48.60431220 1061.55792727
v -147.53323574 -42.94830365 1062.23752750
v 40.50958621 -109.89459267 1176.36719717
v -148.09727980 -25.05023724 1061.97093217
v 101.17239035 8.30872895 1279.57382949
v -20.62496023 -88.71762331 1517.89374548
v -36.59883690 -95.83151407 1513.78670003
v -266.08110578 -3.18254119 1031.09099247
v 151.30519493 -11.20477337 1274.28089721
v 144.50750122 -29.51638657 1267.31051830
v -256.93130126 -24.64663863 1037.25488718
v -265.74943570 -5.46949727 1043.47242320
v 69.09439334 -105.07376018 1112.33940340
v -353.27417986 81.66499100 683.06351638
v -153.25422820 -60.81545085 1064.26121132
v -123.57701369 -99.44364911 1201.02537051
v -103.65472510 -100.13852111 1224.94209206
v -94.03629351 -106.44008578 1209.40902873
v 55.40805705 -3.02199439 1406.41424302
v -350.82458208 79.97831470 698.03029939
v -336.59276470 76.98364976 687.27960844
v -345.53354049 77.53192843 683.36400903
v -32.66298457 -110.85008687 1424.53754576
v -20.53712892 -114.63411908 1423.50085628
v -31.43989216 -107.91717558 1407.74641487
v -161.74597601 -80.49901246 1078.89772803
v -368.73250099 88.46161831 705.85334229
v -161.39410672 -63.02161728 1068.81919413
v -169.24931986 -68.27166651 1079.75320573
v 36.25106740 59.00664154 1406.93199956
v -47.13679647 74.38985055 1457.99863290
v -176.85820599 -76.39791867 1115.26600451
v 129.37654658 -63.22667657 1263.50518523
v 103.96572407 -88.22821723 1259.65511192
v 104.53785193 -71.81925760 1273.06849007
v -253.53872360 36.88593682 830.65171059
v -251.34084311 31.16799333 835.79120897
v -196.16297791 -73.11128070 1107.06333470
v -5.95989745 -76.55082551 1347.63724791
v -7.85546830 -83.89923010 1351.90195905
v 2.44647810 -82.71633860 1353.21750762
v -197.27843900 -73.34977735 1138.57379116
v -174.07904823 -88.69054433 1145.15475886
v 179.53366675 -47.92626271 1229.05971192
v 162.53475235 -59.85607555 1239.62836720
v 168.44711514 -39.28070474 1250.52323215
v -204.91783251 -67.51004463 1151.28548612
v 0.05021975 -120.37730460 1427.27403729
v -6.90606859 -116.14433937 1414.16632742
v -296.18447272 101.44128877 757.09474887
v -292.75376721 88.26192514 758.36936019
v -222.98038813 -58.82364363 1130.90950707
v 24.52928427 -101.67028116 1387.78451115
v 26.82716176 -99.97916784 1378.07524265
v -238.53595621 -36.81665712 1124.70734243
v 40.99521107 -23.27166438 1340.09478331
v -61.81488332 -95.62419468 1467.81281590
v -51.63263012 -105.74465312 1455.54749729
v -362.39233912 85.42745770 718.37517191
v 61.83429536 -106.76818372 1226.70041033
v -251.60607707 -9.63204109 1110.91935519
v -285.79067168 38.47372144 971.76369019
v -253.97543011 -9.79615225 1103.03904849
v -255.43453443 -4.00344291 1102.29370758
v 32.16546493 22.66377114 1338.50376253
v -255.98657963 4.05622671 1093.45589270
v -335.53914989 79.74890012 707.19124540
v -70.07462026 -80.36092143 1476.59741808
v -258.84472491 -4.85803907 1078.01675830
v -4.27071675 -106.06753691 993.18679945
v -258.47509458 4.38386516 1072.77933723
v 39.13338071 3.75128232 1293.50225237
v 198.49738978 -1.81671544 1237.81966968
v -95.05292956 -25.82804928 1400.30888735
v -99.25813626 -31.50163647 1405.20650362
v -337.39523568 90.62235502 667.28331481
v -92.65336505 -15.67947394 1410.46066102
v -92.13327096 9.58788081 1415.83748964
v -14.66717903 -106.36214620 993.37857348
v -231.30247790 37.49266046 1091.67263172
v -306.60769092 125.42037881 678.35556064
v -302.61928464 118.81358483 670.37164627
v -35.81315108 -117.34967193 1144.70078648
v -25.05138386 -118.73068902 1127.79258852
v -34.70915431 -120.24112503 1131.06918019
v 29.45734462 -54.20226422 1315.97558699
v 15.04819590 -63.83614381 1316.53665494
v 21.99948111 -58.05668178 1328.01609102
v -225.21311371 45.34209976 1064.87214764
v -318.29116889 139.74053457 661.26259480
v -326.34388548 138.32073368 654.02464475
v -202.91927232 45.19213527 1030.36747917
v -34.26823101 -118.14277433 1104.27846331
v -27.11811794 -116.23256712 1111.72809360
v -189.48293317 37.63873589 1026.69175499
v -62.51906311 -107.46202680 1210.01716066
v -200.57412298 37.91037589 1016.89319793
v 47.28658137 -16.61779760 1368.08754518
v 43.24324044 -25.23775538 1365.76209424
v 47.48879531 -31.27347024 1375.88115595
v -208.53803442 44.93928881 1016.91550604
v -2.00107551 72.95976712 1448.98023198
v 13.31286724 70.50454253 1447.92428233
v -218.69490108 46.48240176 1012.21796818
v -211.15366117 41.13671386 1000.21074862
v 34.55642315 55.09179747 1448.22197627
v -65.64376960 -112.65181534 1190.90689367
v -87.96844853 -107.25339864 1204.94811184
v 116.52450141 -82.09926579 926.46351078
v 135.24016687 -60.43792660 927.54990423
v -140.41373594 -17.69721691 1022.85167546
v 357.72692326 48.06141828 721.00519867
v 357.54499243 44.29155725 730.38043462
v 367.31276496 46.98632540 729.41149478
v 117.30945349 -2.27978875 1284.05249962
v -282.74638861 64.47580701 768.60913354
v -184.26482591 17.21898630 1008.09699274
v 58.19616868 -44.11336592 1408.29456729
v 63.72638976 -30.78433430 1425.04131536
v 130.21631046 -65.98561767 941.65642720
v 117.90303615 -80.85931416 936.46061846
v -268.27317529 66.05496750 789.39115337
v 139.75073401 -21.98842764 1023.19121755
v -191.16445736 31.73223795 1011.66358948
v 134.16656582 -23.00466473 1280.55145987
v 132.15665453 -42.65348479 1270.82807945
v -52.47814488 -50.57649414 1528.35552802
v -253.14018951 21.44072725 837.23780746
v 11.64784672 -99.07772111 1359.11750574
v -166.76856970 -12.58958250 1044.42769938
v 145.21858837 42.86029568 1051.40868825
v 146.76694851 21.11166998 1046.03841254
v 145.96435982 53.25478305 1066.97751792
v 329.65646495 65.18367543 697.17984075
v -163.88039737 -31.47900389 1046.36631237
v 346.66588794 50.11515778 727.52023141
v 347.23541125 57.96899898 720.87095915
v -6.83737001 -67.40053503 1325.90933439
v 2.65974948 -68.32487164 1313.41612330
v 141.99726888 30.43834879 1036.54772139
v -160.73978646 -49.11761292 1055.41208676
v -48.49243058 63.47803641 1485.43445926
v -53.63557357 63.84472180 1469.88249405
v -318.87209435 41.74514782 865.87881287
v -26.73027359 -28.46186969 1544.58268148
v -12.77826815 -30.56274408 1548.14187675
v -161.80376084 -55.59040190 1064.07585969
v 333.39410462 50.76776774 731.44500754
v -68.34271207 -38.07849743 1288.47244069
v 137.64864743 75.15303905 1098.51171065
v -291.82459618 103.75372156 788.37404124
v -142.15517125 37.30921427 1240.97629565
v -327.96077413 106.59786265 765.21918205
v -78.83672230 39.63593899 1412.13262879
v -114.81335128 34.24446377 1242.30753005
v -123.10848769 21.89323979 1252.79456864
v -197.98129460 -71.95944982 1083.88647102
v -61.17429187 -0.23852893 1278.37835649
v 52.79578165 -109.51786482 1208.56110153
v -16.03625173 -100.10376775 1493.96908312
v 13.96952408 -98.64802305 1495.80870946
v -304.59946893 113.86838200 756.85981794
v -312.74739026 116.61369991 754.35290598
v -8.64932159 -121.39154804 1459.84748185
v -230.48016587 -53.78535245 1102.61146905
v -238.24362014 -45.99871231 1081.13597107
v 34.10912207 -100.46432517 985.07988940
v 51.70186962 -99.24663862 963.02830277
v 86.03913424 -61.46229096 1283.81049574
v 81.48599692 -51.13516256 1288.32595359
v -318.24523046 102.19023078 695.49521922
v -312.30047101 107.25196174 694.37776012
v -249.45902039 -35.91782990 1056.20786230
v 53.24154678 1.93371893 1437.47140224
v 59.97415433 -5.65780607 1444.55665056
v -246.98451176 -42.46570905 1024.43645872
v 14.79642482 -94.09366730 979.09955135
v -318.75431528 93.39486332 707.93758008
v -325.55021146 92.43710834 707.49204610
v -259.19393937 -12.16847979 1065.16664134
v 60.76539312 -8.17385767 1296.02159266
v -35.46682080 -99.45037557 1379.84162777
v -23.83101112 -107.19907730 1387.08148651
v -262.57722451 -2.02419402 1054.96924718
v -334.25014019 68.01171524 727.59680702
v -61.14352933 -97.42019386 1440.49206059
v -55.93074425 -98.89192759 1429.23369164
v -257.86420828 27.89573296 1030.73960732
v -310.60271689 131.11991841 673.53217844
v -66.77181344 -65.73039548 1380.06608027
v -70.56778309 -67.73431594 1389.68662689
v -54.49241239 -79.08707457 1375.35912437
v 4.31500219 76.14692815 1375.84119202
v -248.74024330 43.88567515 1015.97088998
v -313.19464783 144.47422718 676.75154658
v -230.47200218 46.87381499 1026.42805915
v -242.06034399 41.31905704 1033.39333002
v -232.65073723 44.39312300 1048.63142107
v -75.17234897 -56.77066034 1389.10677433
v -214.90815451 48.35201524 1034.89868897
v -21.39309024 82.39522608 1392.61923590
v -305.03515698 139.13840311 677.93969244
v -306.23744427 144.09353642 682.68639226
v -246.22184358 53.05074730 982.61164666
v -260.16408747 63.52586583 955.11081527
v -252.50628487 63.03271605 949.83778363
v -269.65445844 64.50617030 946.10293750
v -279.38356751 62.95310106 941.37933583
v 3.88457992 -88.12740526 1508.17602537
v -5.51682185 -93.67104678 1502.52079032
v -12.44062931 94.84354541 1410.92887242
v -6.70984470 89.40971852 1408.83802736
v -283.35933567 77.67635976 892.01751941
v 127.29205119 13.77004820 1275.87689706
v 110.10731707 25.97595921 1267.71903892
v -238.51668063 49.44665773 923.71231727
v 38.12203117 -6.20019258 1326.84224817
v 33.60373077 5.64982191 1314.46718784
v -229.58865510 33.42058929 910.61592500
v 187.96813318 52.01644511 1110.39225669
v 196.67526922 51.37482703 1099.30829944
v 197.46197132 20.04737016 965.86770762
v -224.84917513 28.10812882 931.93645720
v 271.41296787 57.06775293 985.86674182
v -234.84743282 49.62250709 931.58097011
v -304.39283989 26.06790160 825.33297288
v -311.45509037 35.66590586 816.96500226
v 227.59668590 48.24029376 1087.10581234
v 216.77731946 48.89177439 1108.00956518
v 225.87842530 54.04022986 1057.46094226
v 220.17283932 54.50894938 1068.51655580
v 269.52896494 21.44849451 1041.03202948
v 16.19325706 -91.99528491 1505.13695083
v 231.32278220 46.67302717 976.85360201
v 240.04545007 55.29021021 999.13810833
v 4.68100988 74.22983141 1392.42524395
v 151.19449010 -58.40402648 1080.53059850
v 165.91358299 -33.56191194 1051.77390103
v 189.66392649 -52.53176820 1049.22326635
v -215.66658077 18.29525629 931.18313551
v -220.25131398 18.60106504 910.92537891
v 221.35192622 8.97189816 1198.78806734
v -214.79329297 11.37483120 921.22496876
v 181.23304158 -5.19750683 993.13505118
v -42.37703775 -10.03690477 1535.75548265
v -338.81999987 125.30208492 654.84400691
v -332.13445147 137.26842973 654.06938793
v -213.46155276 -6.07430801 929.48838264
v 29.17707895 51.97702346 1347.04148982
v -213.12944685 -15.50987838 934.71807836
v -198.90502141 -14.58874014 949.39722090
v -327.50933858 122.91288716 653.52466033
v 179.62747663 -0.68143280 1264.79998678
v 168.02547397 -8.01241005 1268.45242527
v -286.46953934 97.84737094 699.27741735
v -285.33184052 92.08794706 708.82648421
v -187.99916010 -15.35125356 971.49474932
v -50.21143257 -116.35008272 1168.33953246
v -174.26470928 -17.30274498 995.55834302
v -291.39271431 85.36930745 717.63362284
v -188.01741929 -22.06891918 973.84690477
v -7.40589539 -115.55027530 1124.75586240
v -185.32854308 -30.43685321 986.46346630
v 18.59872208 -112.25051229 1474.16794209
v -175.52100094 -34.48685255 1005.44713355
v 57.11694117 10.68703901 1421.19808955
v -287.37233287 112.91333165 702.99383924
v -284.77215408 118.89338912 709.01363848
v -173.76881933 -38.96173826 1017.90005520
v -184.31794168 -47.43681532 1015.13435699
v -18.23036087 -67.42799890 1315.61132463
v -13.04812578 -116.50282858 1152.60182941
v -184.60445256 -41.33271785 1000.47973636
v -301.16990621 130.00573557 687.13992179
v -59.58349915 -115.16587640 1172.73293926
v -300.53533890 138.30433441 688.19376318
v -179.69745214 -64.29409608 1056.17449785
v 13.18753496 -69.38724767 1348.81579971
v -196.38253605 -67.81225152 1065.60055520
v -51.11628010 -38.22275438 1536.53235126
v -91.97859506 -33.15447473 1490.43458823
v 21.69152956 -63.07845903 1344.38395341
v -288.33400922 110.42985189 727.08631746
v 131.22306030 -57.03648881 1074.12030737
v -86.84691919 -114.54613747 1177.68388377
v -228.18383661 -53.79537815 1024.08544297
v 149.66160756 -23.71874650 1067.19224688
v 144.47737776 -20.12344956 1061.46445488
v -45.96496534 64.72115603 1344.71119689
v -53.10626288 66.01891152 1363.78625128
v 63.60536629 56.81972147 1232.05770267
v 36.26673129 46.02048727 1239.42761290
v -268.66204506 -14.23683843 966.33073255
v -37.82379337 -43.53905765 1541.37453219
v -274.96903942 -1.10230205 967.68194547
v -38.72918481 72.18442764 1344.99939319
v -270.97474724 -14.36563057 953.64984846
v -359.20948730 85.88586639 728.05036264
v 39.25334476 20.04186424 1267.51624557
v -275.74407562 3.15878474 985.92070800
v -369.09503942 94.68301961 716.30191787
v -291.88891697 30.07799470 963.55801064
v -294.23316599 88.33579455 704.97969900
v -298.18215339 39.98664334 940.88437270
v 18.88738077 -112.02846974 1071.54016440
v 4.40736702 -114.45780891 1071.45348583
v 59.79862910 -11.79653229 1463.41547425
v 63.86618208 -36.21419187 1401.69956939
v -292.22998538 109.04410102 692.70927477
v -285.82689101 105.44458231 700.52616977
v -70.41809461 -38.75930511 1379.79236890
v 15.53038674 -111.27987168 1088.27695597
v -297.30461857 105.93406952 770.53797000
v -247.11310281 56.51937949 875.53744693
v -293.48089648 96.93366041 775.23922357
v -235.64200209 32.17982740 881.15972870
v 115.65207855 -72.93840226 972.24011461
v 186.16341850 41.06850353 1031.92483938
v 192.97778842 41.87435265 1011.96776119
v 200.66262657 44.21992078 1001.41448810
v -306.49723858 36.22163038 801.62320067
v 140.26755646 66.58077456 1125.42838944
v 144.64089900 61.19988381 1128.15050073
v 143.27942230 68.60285495 1139.91665556
v -290.46458981 19.71678615 821.96144766
v 38.95483553 -4.02908270 1511.16254742
v 28.39125459 -20.00011796 1521.54410755
v 18.99958286 -14.82908356 1527.76639856
v -231.58139433 -10.80674720 911.51686738
v 158.70988466 42.70497437 1117.09012246
v 158.23087436 45.46370648 1122.21456841
v -247.08833602 -19.34116702 924.59656300
v 42.75888572 10.78891858 1348.02360039
v -248.79783669 -25.84451043 950.46708932
v -314.48488432 64.97847897 742.79760102
v -314.55980295 69.08953427 727.42673209
v 39.27317304 21.44962041 1349.23159193
v -225.11236619 -47.15000318 994.10336397
v -218.34176596 -42.71628610 984.07335274
v 137.57717004 21.38024557 1025.22193256
v -199.74566533 -23.06389231 958.64465911
v -242.99167795 -9.25095265 889.72960204
v -198.74673216 -31.65361602 972.17495028
v -26.74218303 -9.92472645 1539.61537044
v -16.53026450 45.02636418 1518.11573420
v -277.32225242 -4.98620552 879.76950220
v -59.17154061 50.84586383 1352.43147123
v 74.43096532 -105.35313056 1116.08946363
v -25.02858426 -118.11075531 1097.49481365
v 103.63506789 -84.53894170 1081.47270562
v -320.47813205 98.21658479 799.39379615
v -336.30276023 99.52678314 764.64376703
v 117.93731397 -50.94586880 1003.87927027
v -327.59317904 90.34061968 801.00167672
v -65.52617326 -83.21923524 1490.23676088
v -276.16562270 -12.07469342 934.71188609
v -311.98137184 93.36924046 816.38344944
v -315.15951574 103.19441482 795.28119007
v -305.09620873 96.02420037 817.34038037
v 87.75866568 -87.03623754 992.49223942
v 98.80976103 -75.38123655 998.67643246
v -279.49078196 -6.95961654 914.77726032
v -297.78493680 90.65816700 835.43709247
v 188.49544339 47.84400105 1176.16195073
v -287.23018197 -0.50171425 883.49136597
v 49.24642579 28.17002218 1386.39219512
v 48.37299573 22.76067648 1372.76039043
v 50.49725837 16.24561243 1391.19572196
v 283.06693087 15.78544292 983.66537257
v -301.60034565 33.71587334 932.56972266
v 285.12828555 -5.58647576 913.18883811
v 160.37099043 67.78901614 1149.15710823
v 52.18735248 -21.83200606 1307.10185446
v 43.85491663 -38.42271607 1309.15827225
v -91.72378829 -35.43293321 1405.01027260
v 70.15663157 -27.30528512 1297.99975441
v 36.22863323 -42.89969267 1324.09602583
v 298.52397156 70.02757987 776.80097139
v 303.32623203 76.48416027 761.20286690
v 301.36996922 76.35119531 777.12063546
v 269.01475437 70.12081066 865.37397749
v 38.09569422 -36.97991683 1337.52250479
v 292.90775052 70.02821082 797.35305306
v -75.56345431 39.07208466 1397.39805092
v -59.79314356 61.30117436 1371.71333037
v -309.11849292 83.34474674 712.87884350
v -300.61093916 92.51089533 700.56692857
v -303.50754286 106.74078122 692.99460829
v -356.80459275 119.50299327 728.96974438
v 57.73194508 -40.67579956 1471.52760955
v -300.51753059 113.30920934 687.31432848
v -317.73136309 97.59777506 681.25670487
v -264.63222209 54.27817788 804.37483403
v -257.63728256 47.33392011 819.06285993
v 149.57157437 39.27824211 1109.44755803
v 144.91876952 54.56828513 1118.99983480
v 2.34617572 -38.38930153 1542.84884397
v 6.36354090 -44.02627605 1539.07190138
v 150.90380624 36.68298312 1110.41698519
v 158.38301658 31.90193632 1103.21469360
v 149.78363658 -46.30879928 1258.84191326
v -32.37824485 -67.93248676 1298.73433227
v 30.74551649 -81.58291194 1287.06571422
v 34.50277281 53.03051095 1429.00640396
v 74.10873683 -115.09112817 1148.42470093
v 110.88967461 -109.32794216 1185.23636081
v -0.30604932 -118.60957187 1445.09111318
v 26.90087893 63.35048305 1416.94823721
v -59.07850250 20.01369602 1342.90893104
v 29.88345393 -98.86692146 1407.75759408
v 42.63430138 -88.88426849 1412.21433382
v 286.15610230 37.24766066 992.89197701
v 134.40929844 -14.61685431 1282.60954569
v 279.21575868 61.56517746 968.32736817
v 261.50422225 68.23251934 895.83027837
v 279.79587282 54.67459700 981.47359837
v -44.19189862 -64.01821794 1323.57071857
v 264.92590352 9.47253379 1073.28986869
v 265.46102713 1.34599709 1091.32796847
v 256.26721289 22.76473750 1091.36455809
v 124.38396627 -65.92143904 1049.71673279
v 144.38905987 -24.78087579 1069.23237486
v -69.10414304 48.33012633 1480.21161239
v -31.41135105 -65.69406236 1308.44229666
v -28.51965316 -68.42237573 1315.89711989
v 157.51933765 13.55927471 1066.48853366
v 82.74942798 -98.14071825 1069.56297346
v 212.45920404 -12.30297982 1211.71668131
v 166.22184638 38.83380332 1080.99213822
v 178.47293588 41.74381743 1067.20146660
v 109.52300986 -66.55905826 1008.94363606
v 230.08931637 -15.99873478 1177.72873441
v 228.00357540 -7.68923801 1187.70780992
v -88.70845159 19.70199509 1473.38290913
v -97.26244492 -8.36667209 1416.85513613
v -96.38103646 -19.04726531 1415.17048555
v 34.07424649 -53.20500299 1363.44420491
v -57.55674693 -35.76735911 1300.29240667
v 187.21322765 33.83411536 1230.97672087
v 141.08036738 -3.13541924 1279.73144081
v -38.71394503 -104.89193795 1491.83937589
v -35.29394620 -102.27704071 1507.82830707
v -30.07229392 -106.23785324 1495.05191042
v 193.40259049 -1.35118231 1250.06982474
v 50.71510585 23.40047880 1411.54640818
v -104.67182616 -107.02228517 1193.79984908
v -1.86625192 -111.42255137 1389.85306014
v 148.95553695 -66.42882580 1246.60431613
v -3.72529652 -112.54522590 1404.46276770
v 126.02172985 -80.76658137 1250.90887846
v 159.81680951 -75.25466630 1222.14133802
v -371.52732567 98.73870532 705.65225135
v 28.84999685 -107.61086262 1205.59079300
v 37.81490218 -40.93116426 1357.99807070
v 28.56794226 -56.14744600 1348.67184414
v 55.36857013 -26.91748097 1377.94137590
v -11.61936335 -110.85267195 1395.74560245
v -11.41946734 -120.36723774 1453.07938899
v 91.78755034 -20.99971496 1296.44954855
v -285.99877530 124.56281593 711.76554692
v 160.18272192 -36.62827879 1067.60471357
v 155.90462444 -42.12572626 1075.70446377
v -257.20016140 -28.46573009 1025.72916574
v 171.42253622 25.41993900 1034.04588098
v 90.59540463 -109.57581054 1208.11934940
v -4.23244455 -110.02843451 1484.29069866
v 58.72548355 -110.12220009 1188.90192011
v -66.80526114 56.08100825 1420.94248913
v -85.28876948 -19.47597437 1391.46567967
v 15.54761576 -101.15805053 988.84276446
v 49.02886955 6.00883472 1284.02845916
v 54.91489957 -2.99395563 1429.52043288
v 27.09339364 62.42233713 1448.64195083
v -313.22615728 124.78018381 675.71055529
v -60.81273601 -92.81807524 1482.02483175
v -49.25500767 -96.91166295 1495.39201003
v -12.92343903 84.58044027 1391.35834438
v -16.64013976 -94.92444387 1509.91273150
v 27.52334273 -48.68806650 1518.54605192
v 19.86036440 -61.97195830 1520.52012939
v 40.56912038 -60.63991033 1500.34135158
v 185.22948810 50.60961351 1149.30948485
v 314.56434084 55.77231312 900.66215951
v 311.84762995 62.89066787 894.83734127
v 336.64058824 42.19356889 828.36065880
v -71.02083617 -25.05147139 1516.00515097
v 286.60857772 28.86413712 811.81574500
v 287.91190329 22.43883071 816.85824240
v 295.83733732 28.11054935 803.02642751
v 22.19714161 32.43916190 1329.66327241
v 292.20067593 14.48244910 829.86333452
v -85.63964940 -23.49861462 1504.44751559
v -21.69807335 -117.16232236 1481.09704014
v -27.53590845 -70.86356286 1322.77119086
v 53.32041545 -17.30921623 1415.73127285
v 2.33634723 -109.54735712 1481.23463271
v -94.21706123 9.11670703 1450.65524105
v 137.20442661 -55.80568937 939.36616684
v 17.71238940 48.08197750 1235.60967430
v 40.36574185 14.00468735 1273.96334321
v -66.00168168 -16.17261871 1359.71310362
v 61.34109430 -29.00708812 1383.87285945
v 61.07609383 -36.36542375 1391.52300138
v -81.79508140 -41.46988961 1491.28307212
v 156.61249515 66.21379091 1141.07921378
v 23.21781925 0.44548544 1522.83750176
v 57.70374453 -26.37584717 1471.63040191
v 54.25364474 -30.79625832 1483.93067738
v 151.60802955 46.91189986 1121.18468373
v 108.22007105 -109.19230491 1121.85722529
v 106.80214225 -67.77704901 994.25849466
v 214.50505860 33.97148513 1163.02676066
v 197.94558483 42.90540437 1165.54050594
v 93.71798938 -90.34469534 973.41344050
v 82.68263347 -89.56405198 1003.82070141
v 274.35888744 58.36113116 824.93871838
v 284.57793150 65.84561071 812.19926373
v 157.64214003 71.59837167 1172.11058696
v 31.39500839 -97.83627360 1488.15667970
v 28.22584374 19.48326137 1330.91602621
v 291.11620552 55.61533569 962.27685182
v -264.54744317 49.35185722 987.35090945
v 293.82929538 63.01832764 937.70380045
v -56.39328412 11.23835706 1522.03367257
v 27.66494849 57.93009848 1351.69813661
v 155.22284734 70.04162604 1190.72250696
v 163.84906975 38.18179712 1250.72017014
v 30.34465428 -29.55651194 1517.85770501
v 150.83830092 32.84404330 1088.08856719
v 151.01912121 33.43777809 1075.39034751
v 164.56301915 41.28688331 1099.22591706
v -11.30799654 -45.10109335 1541.32390771
v 8.76786198 1.96353926 1530.07934181
v 3.69912001 -17.03181627 1536.78935845
v -8.77809380 -15.57346998 1540.91275045
v 344.96235148 51.12910064 806.24811645
v 341.21006718 44.20671966 804.63225628
v 251.28966979 -7.26635147 1130.59678668
v 346.52001139 44.50622796 783.68506584
v 310.40820094 82.95849605 732.18341320
v 80.51487738 -113.53042763 1161.77893536
v 313.90651004 67.93838297 739.14459390
v 313.19394317 85.69449807 744.47869413
v 262.43623261 -17.19908411 969.51421481
v 260.53622352 -16.04370996 959.53899170
v 254.22771200 -23.30302623 973.64484190
v -93.74995040 6.72220070 1478.03567470
v 346.30527911 71.20388036 797.77936421
v 193.53570054 -32.91154018 1010.02637848
v 326.15457493 78.15088625 821.61270703
v 312.71858702 97.27179937 691.96250491
v 320.38925782 100.24328386 691.61452594
v 317.21397474 97.73190824 703.02594872
v 307.99603720 91.78708699 683.96528956
v 310.00515052 99.22491585 681.30030071
v 205.79041428 53.09421390 1080.33706228
v 46.83863612 23.84763210 1358.88111566
v 118.35528616 -73.77671680 1049.81485210
v 309.53943571 82.66573496 757.69085404
v 144.64271465 -36.22008417 1074.84843852
v 323.39043834 51.27671702 731.63899655
v 135.30195460 -100.21716991 1117.47675326
v 142.80616130 -99.24076115 1130.01682933
v 167.82417388 -31.82175399 1255.48266739
v 48.21991883 32.17234313 1398.63097408
v 226.94821445 12.99930542 912.34737270
v 243.20004135 -2.78165486 902.08679695
v 236.86732057 -14.74930448 931.06009517
v 226.75849778 -10.36517843 934.58304004
v 264.70650457 -1.11799840 1071.61580416
v 257.87034273 -21.24745874 1080.83381467
v 260.82455024 -13.82418598 915.84939819
v 291.50260221 2.76961496 940.99304346
v 270.87764337 22.35158373 835.41265905
v 22.88514985 -65.30376019 1307.95479880
v 311.03149392 73.55159074 747.61136311
v -178.98056221 2.72397042 1248.26131372
v 239.95038070 -40.54901827 1003.55209134
v 205.83694730 -70.10293872 1106.45505266
v 211.39488027 -67.55626955 1093.12224135
v 193.66025463 -70.44836118 1097.66193951
v 261.89965207 -22.89928581 1037.78272719
v 259.38465997 -27.01829012 1009.67403426
v 253.80767516 -34.59420993 1026.97122130
v 199.47198600 -47.82203422 1032.46736069
v 324.43485369 81.90502544 812.05451694
v 322.64357395 55.45850105 719.47491517
v 300.51627405 68.94054855 763.67431555
v 308.72325663 61.66168649 757.04758151
v 252.38391397 63.08033466 933.07816381
v 43.69870969 -45.60755231 1306.80801108
v 201.55359200 7.48203004 952.23976324
v 221.77555625 3.04077992 927.72369792
v 219.83900099 7.81828602 928.47548858
v 67.82645521 -22.13930439 1299.85795815
v 263.66028867 -17.84546665 1005.00088662
v 267.41284615 -10.40791768 1018.32121611
v 267.21399211 -13.42702056 993.09968811
v 253.21267673 62.88947582 891.46654614
v 246.76870500 55.43988074 890.27123806
v 341.30572581 40.49969314 778.10304966
v -30.86649282 76.82845458 1390.06469124
v 158.30620317 -82.08234900 1113.69881491
v 326.21279832 84.47185216 667.14723516
v 165.76461882 -73.44388034 1117.69367352
v 201.90449370 30.45863102 969.90251149
v 379.75763192 72.79914606 715.68329111
v 384.03260678 64.63618053 715.78616896
v 325.35172255 105.12138217 714.60622228
v 195.86803611 -14.34656180 976.53620398
v 195.80549245 -73.80307302 1121.62010853
v 192.99163031 -75.66556148 1140.53341910
v 201.99625382 -72.92692379 1132.57121972
v 217.18329677 -65.27292591 1116.38789364
v 189.88373092 -60.54954834 1065.66488694
v -61.34540458 -8.78688701 1339.92270062
v -62.73396221 -54.54373680 1373.20937371
v -40.72504250 18.86801848 1302.93233877
v 372.53105548 78.15485698 740.48859202
v 357.73626242 76.76533400 762.11365443
v 125.33345172 -104.18483326 1128.23902987
v 335.17807348 60.92774266 684.09859939
v -59.44988330 -29.83295287 1307.05249967
v 240.90165227 36.77760493 1098.30423341
v 235.62282733 47.37874539 1077.92655375
v -61.22787963 -23.33296086 1304.91501684
v 237.80080286 48.38979535 1065.31329880
v 237.45101492 53.45204307 1042.55124053
v -64.57853203 26.51699059 1349.50566014
v 190.78376807 33.90736090 1004.62996062
v 360.39640051 103.79220165 706.77973996
v 360.68692515 97.34911765 699.23041787
v 372.72411328 79.89229749 707.99714654
v 186.41739541 -63.55693766 1200.28357111
v 175.59816568 -70.96634473 1201.92824584
v 217.38534526 -34.51886557 1192.21161650
v 252.77538930 52.14195820 1021.50207838
v 49.92268795 -108.61036904 1190.19232955
v 382.03079342 65.69280940 705.51113715
v 381.34866302 58.24520869 711.16427272
v 238.05089621 -37.55885045 1140.49978521
v 59.19234320 -107.34507980 1109.91236608
v 259.25836630 0.83407363 1112.88173689
v 254.98243917 -12.90546200 1112.92183585
v 331.37647278 101.62373443 680.32446555
v 158.65663192 29.24497670 1097.59279888
v 118.38297603 -63.74790096 1018.38441962
v 123.15766341 -65.53316208 1036.02967970
v 242.32867390 30.15479295 1116.94510170
v 241.92228401 17.60446231 1137.06012216
v 316.92480930 50.53413498 757.09374489
v 242.05585680 -44.36856381 1022.60696060
v 223.78281787 -56.19334208 1058.48955620
v 318.22267482 84.91786194 802.63158481
v 180.68953231 -70.66846033 1111.97843066
v 157.41866871 30.83389089 1083.81445359
v 150.51078717 -95.26546974 1156.77754304
v 148.54183132 -96.18260749 1170.48965707
v 330.99904923 43.35314457 758.01523662
v 331.78201170 38.84485142 773.87689676
v 238.56993579 -6.73229355 917.10127584
v 253.19910999 -11.88648922 915.03209021
v 272.53928136 38.93934294 825.51593213
v 244.56335479 -38.73980317 1118.33104068
v 228.41984062 -49.60555039 1024.59266813
v 330.17418132 102.00752740 736.24179022
v 251.03816773 -18.45185165 935.10586277
v 189.40372178 -66.58812202 1084.12715167
v 215.25865112 -19.54536495 958.92267238
v 334.03360741 36.18095796 799.23915195
v 333.58473932 36.86879810 827.95004524
v 178.51723461 -71.36719701 1136.69467814
v 334.96213012 58.09740110 701.78143104
v 254.13007646 55.05067737 1008.20981839
v 196.34347567 -27.47008407 994.03897862
v -96.28222344 -31.44103122 1469.48434016
v 326.31054529 89.88827659 761.59146628
v 355.79244403 84.60735676 753.98689314
v 171.22546981 -67.82269823 1107.78401066
v 361.09546107 100.44262951 714.44992124
v 362.20682617 88.76620384 726.25695097
v 339.91165345 49.37542096 821.18213992
v 339.34913630 63.00317026 816.78463798
v 252.97669757 -24.01938386 1112.26021548
v 361.50552529 91.95694675 740.48710686
v 361.76464591 43.46242011 698.23425201
v 352.75816252 50.89432190 682.76783378
v 340.70458756 111.43334930 704.41217467
v 339.64264543 112.08823737 709.32678559
v 372.91089177 77.75835113 726.68140159
v 328.37050049 102.37246169 725.05994965
v 346.47575301 78.14965876 667.61897430
v 212.72969190 -52.66544967 1178.92265954
v 204.74611833 -49.85207335 1194.81597470
v 7.12925837 48.73583965 635.87005596
v 249.58076687 24.69851587 1106.03977329
v 45.58383916 31.51627363 1472.05495284
v -11.80575244 75.73580912 1440.18808201
v 134.83758734 -101.80049682 1142.17123522
v 35.48202794 -100.72530499 1450.29654540
v 34.07095428 -98.78138755 1428.72179034
v 218.69095353 -55.09210120 1038.24208262
v 158.93030797 -0.11875540 1065.07762798
v -57.92784875 -61.58670647 1522.92543114
v -66.03875679 -55.31562322 1516.94323376
v -87.74950974 -21.34439581 1494.38134300
v 250.30229497 57.20388625 996.15901841
v 239.44978996 43.39537101 887.25076325
v 222.70839001 16.48710561 922.61134555
v 214.93197185 18.50234099 938.49706703
v 219.97541170 -55.25647980 1159.03733562
v 229.94544080 -51.90469479 1136.66985795
v 18.56215924 25.54648408 537.99404989
v -16.50059059 76.10567765 1452.33393282
v -56.04450113 63.25797760 1423.69696819
v 11.97624449 -107.16275521 1398.75920574
v -32.05815374 -112.59765610 1445.62095586
v 208.98083072 -48.95424454 1021.07262629
v -10.49811111 -116.74066680 1436.79598990
v 300.58729038 76.18424359 868.13255524
v 47.29853372 59.61530803 509.17693664
v 28.75730787 61.39311352 1454.71995118
v 14.56987626 63.69991157 1436.26336788
v 23.75454178 61.61037419 1432.36519488
v 60.60195459 -18.00438627 1424.06109436
v 241.74744414 -19.79529803 957.18158715
v 283.64691918 28.11761914 993.84923447
v -27.30202979 -102.92303720 1372.34250722
v -48.78388565 -101.66434412 1420.44869769
v 212.24021632 -7.88035909 946.33272839
v -11.30369407 -112.09175785 1373.93241793
v 80.23780791 108.92114053 852.95589047
v 312.73181207 56.57046439 719.37237825
v 312.37886651 68.58492470 703.26063803
v -51.55128785 -78.11989415 1369.73912896
v 317.21146611 97.97481259 669.52548617
v 5.44820078 -62.46954556 1529.94732127
v -33.13791771 71.87800109 1421.75181227
v 350.46324777 105.53581737 716.08255033
v 309.42679315 90.70209644 697.44548736
v 359.98179683 71.58626130 761.95623414
v 51.22602114 -9.72577337 1401.70362490
v 48.32243723 -16.58037257 1405.58095262
v 50.31594478 24.74381832 1446.46196502
v 327.89744612 30.75143517 823.25722446
v -49.99541743 69.19172742 1412.78416838
v 367.49118412 87.25661321 734.09893396
v 311.93131566 69.41914355 877.28222800
v 62.85115265 -22.39211617 1425.10939507
v -84.30415611 -31.45766458 1500.37811989
v 316.53113769 42.81952129 772.34299924
v -45.45557624 28.84100497 1521.56109167
v 336.39328388 101.73112025 726.88303162
v 347.34965461 52.14332581 683.12564844
v 328.23587627 85.65404574 782.44510840
v 355.25814111 57.35107196 678.09124466
v 319.93310298 75.99827562 683.24425125
v 326.63881329 106.31568837 703.20240581
v -43.73183956 -98.45027877 1507.53191429
v -68.98133455 -21.94304042 207.22202604
v 355.32693749 70.94035760 665.98725429
v 311.31693296 58.37577284 730.69885071
v -139.22378075 -99.17821151 303.80891489
v 8.99091280 -50.27943683 1535.80312529
v -64.68785053 -44.83953011 1522.00648623
v 358.19537307 71.50680586 674.16595918
v 353.05675915 64.75958142 674.26398651
v -4.17740540 -119.99589555 1424.61476808
v 112.39443127 81.47900070 898.27178762
v 35.72596332 -95.08037694 1472.03626212
v 56.23100650 63.70189842 494.52460887
v -45.97908672 -46.72579857 1543.22544351
v 261.49846473 57.68548552 984.96063259
v -74.84680520 -91.97306430 341.38178905
v -83.86041963 -83.96318280 370.32253115
v -173.49074297 -47.87817794 13.66686028
v 139.66246707 20.93771196 978.49682475
v 153.67448860 -8.03140843 894.75702945
v 157.63600970 -28.99369406 880.47000975
v -45.23967159 -144.08884732 724.46624814
v -31.83482639 -142.62057615 704.05438137
v 128.07179732 65.19495122 901.51368927
v -26.93157513 -153.86375992 771.13395312
v 147.77801307 -6.57890129 907.82155391
v 18.09646351 -129.44768237 686.89684198
v 90.16488201 90.03142300 1015.34160958
v 4.83669575 -150.21585800 748.67176763
v 95.37450061 60.36785265 451.04437188
v 18.76691771 42.49826360 600.21788170
v 161.72205821 -57.73749442 849.92499136
v 114.52037507 63.99648831 470.79882693
v -20.21714199 34.49548915 1297.05882387
v 85.75722064 98.99472222 1001.24473800
v 170.12874947 31.41876869 549.96839735
v 162.28924913 18.73350150 510.54560914
v -185.84323507 34.58653165 1217.64969969
v 96.23390311 89.73256112 1022.68515535
v -25.63033854 -103.11304602 1235.11692891
v 149.78840217 -97.49210004 828.54628268
v -53.08041534 -74.31534633 332.91129504
v 127.29360906 73.67071341 890.18073386
v 130.40485558 73.67059725 880.25198041
v -35.29153019 -59.74532966 524.66788601
v -48.77732893 -65.99653319 308.13043962
v -51.52261250 -45.76491408 245.39611882
v -143.94859851 -74.53348316 2.40824558
v 151.57528070 5.13459834 896.97053162
v -159.88326121 -51.77580304 43.91805792
v -172.49480849 -22.27033416 27.84241853
v -181.39997996 -25.93912855 12.49550129
v -41.30564250 -147.23893579 736.20892065
v -150.57359579 -93.59549749 237.04698710
v -4.01230369 125.88257325 809.43533789
v -2.56161938 116.44650634 760.95135955
v -0.14884768 111.27626533 745.99150859
v -122.45191236 75.06578054 844.14272437
v -130.04155157 64.80137850 857.33853535
v -130.73908591 67.53507229 838.06315302
v -138.23073808 -6.39404454 887.30399819
v -135.06057211 -10.27497104 902.34854727
v -1.72545234 132.58147696 1115.88309037
v -139.00988238 -97.18284740 318.52226834
v 165.53583029 64.39609153 795.96266816
v -83.26987410 -96.19987583 334.62708886
v -66.09740178 70.89156485 1213.62850903
v -120.67659680 -103.89564098 315.30838560
v -52.08720350 53.79092879 1230.88054051
v -122.76274023 -108.23253028 290.19445726
v -112.00465337 86.20306391 838.22785339
v -0.31317405 110.44010858 1150.71389966
v -57.80755121 -80.88851357 323.30620998
v -62.33072844 -88.39451956 290.89107861
v -63.88169034 -89.81876735 306.09588165
v -77.21471637 -94.04364637 320.58694145
v 76.66875154 105.90183174 1154.58651824
v 72.21065537 116.89081008 1136.90438789
v -62.01637702 -96.23487712 641.55533396
v -129.23554578 79.30327545 816.83254395
v -113.40532972 17.10730250 311.21005117
v -124.85501037 16.44886151 305.10830810
v 72.48028007 20.68627361 378.46175033
v -59.00611044 -87.13177854 272.56889533
v 106.71746384 82.51189492 1024.63885284
v -161.68703333 -42.65504661 52.70032461
v -89.35234798 -81.51788541 384.89062106
v 144.80810318 -54.64398303 885.10223276
v 154.95061459 -75.07713716 846.86160418
v 132.24534750 -84.45271011 870.50096708
v 168.29886082 -72.84997419 832.05606239
v -119.92068039 16.32829361 286.46165020
v -146.12890332 44.22137412 503.51271587
v 52.72321112 13.64322775 387.49024587
v -133.17131677 54.11277500 865.59070628
v -95.91714553 16.61655874 331.54997704
v -18.02917124 113.68148447 750.77052001
v -157.34151667 -53.65830427 113.58624093
v -69.02437693 -10.85065989 235.90385376
v -104.14098504 18.33006493 319.53572050
v -126.59608377 14.93905889 276.71131602
f 31 32 33
f 31 33 37
f 37 45 31
f 31 45 46
f 31 46 11
f 62 11 46
f 11 62 68
f 68 12 11
f 10 11 12
f 10 12 77
f 81 10 77
f 81 77 82
f 82 90 81
f 97 81 90
f 97 90 103
f 103 106 97
f 112 97 106
f 119 112 106
f 106 126 119
f 24 119 126
f 130 24 126
f 137 130 126
f 130 137 144
f 151 130 144
f 151 144 160
f 151 160 164
f 151 164 171
f 175 151 171
f 175 171 185
f 191 175 185
f 191 185 194
f 194 197 191
f 207 191 197
f 211 207 197
f 227 211 197
f 227 197 231
f 246 227 231
f 253 246 231
f 264 253 231
f 194 264 231
f 194 288 264
f 288 293 264
f 293 297 264
f 297 293 298
f 313 297 298
f 323 313 298
f 323 298 330
f 335 323 330
f 335 330 342
f 350 335 342
f 342 107 350
f 361 350 107
f 361 107 236
f 236 374 361
f 374 382 361
f 382 374 391
f 400 382 391
f 400 391 403
f 408 400 403
f 412 408 403
f 412 403 420
f 23 412 420
f 420 429 23
f 23 429 24
f 22 23 24
f 441 23 22
f 441 22 449
f 449 450 441
f 462 441 450
f 462 450 211
f 211 476 462
f 462 476 483
f 462 483 495
f 495 412 462
f 495 505 412
f 506 505 495
f 495 517 506
f 506 517 524
f 524 533 506
f 533 536 506
f 533 323 536
f 524 313 533
f 564 313 524
f 568 564 524
f 573 568 524
f 573 579 568
f 579 589 568
f 595 568 589
f 589 603 595
f 595 603 607
f 595 607 313
f 607 603 313
f 603 629 313
f 629 253 313
f 629 603 639
f 639 246 629
f 652 639 603
f 639 652 227
f 476 227 652
f 579 476 652
f 589 652 603
f 652 589 579
f 573 483 579
f 517 483 573
f 595 564 568
f 313 564 595
f 517 573 524
f 506 536 505
f 505 536 704
f 505 704 408
f 536 335 704
f 704 335 400
f 483 517 495
f 579 483 476
f 462 412 441
f 450 449 207
f 175 207 449
f 22 130 449
f 412 23 441
f 420 403 429
f 505 408 412
f 408 704 400
f 403 391 429
f 771 429 391
f 429 771 777
f 429 777 119
f 119 777 784
f 784 777 787
f 794 784 787
f 787 25 794
f 25 308 794
f 308 813 794
f 794 813 818
f 112 794 818
f 112 818 830
f 838 830 818
f 838 818 843
f 849 838 843
f 849 843 853
f 853 263 849
f 867 849 263
f 867 263 875
f 876 867 875
f 876 875 326
f 326 886 876
f 876 886 889
f 837 889 886
f 837 886 900
f 904 837 900
f 909 904 900
f 916 909 900
f 916 900 921
f 926 916 921
f 921 352 926
f 926 352 933
f 926 933 946
f 946 948 926
f 955 948 946
f 956 955 946
f 956 946 961
f 965 956 961
f 968 965 961
f 965 968 502
f 965 502 984
f 980 965 984
f 999 980 984
f 1001 999 984
f 1001 984 1007
f 1013 1001 1007
f 1013 1007 1023
f 1027 1013 1023
f 1027 1023 485
f 1027 485 1042
f 1050 1027 1042
f 1051 1050 1042
f 1051 1042 1053
f 1059 1051 1053
f 1059 1053 627
f 1059 627 1063
f 1069 1063 627
f 627 586 1069
f 1069 586 1076
f 1076 1083 1069
f 1083 1076 1087
f 1092 1083 1087
f 1092 1087 152
f 1092 152 1102
f 1109 1092 1102
f 1109 1102 1111
f 1111 1120 1109
f 1121 1109 1120
f 1120 1128 1121
f 1132 1121 1128
f 1145 1132 1128
f 1128 1147 1145
f 1154 1145 1147
f 1161 1154 1147
f 1165 1161 1147
f 1169 1165 1147
f 1147 1175 1169
f 1178 1169 1175
f 1175 1186 1178
f 1186 646 1178
f 1178 646 736
f 1204 1178 736
f 1204 736 1214
f 1214 1215 1204
f 1215 1223 1204
f 1227 1204 1223
f 1234 1227 1223
f 1236 1234 1223
f 1234 1236 1250
f 1250 1252 1234
f 1234 1252 1256
f 1256 1264 1234
f 1234 1264 1268
f 1264 1169 1268
f 1227 1268 1169
f 1264 1282 1169
f 1282 1264 1298
f 1298 1302 1282
f 1282 1302 1161
f 1302 1298 1311
f 1311 1318 1302
f 1154 1302 1318
f 1327 1154 1318
f 1327 1318 1331
f 1331 1339 1327
f 1327 1339 1345
f 1345 1145 1327
f 1345 1339 1351
f 1351 1353 1345
f 1353 1132 1345
f 1351 1362 1353
f 1121 1353 1362
f 1362 1351 1374
f 1374 1378 1362
f 1385 1362 1378
f 1378 1063 1385
f 1385 1063 1083
f 1063 1378 1051
f 1395 1051 1378
f 1395 1378 1398
f 1405 1395 1398
f 1408 1405 1398
f 1408 1398 1374
f 1405 1408 1419
f 1405 1419 1421
f 1423 1405 1421
f 1428 1423 1421
f 1432 1428 1421
f 1421 216 1432
f 216 1443 1432
f 881 1432 1443
f 1443 260 881
f 881 260 880
f 880 848 881
f 848 847 881
f 807 847 848
f 848 808 807
f 807 808 809
f 869 807 809
f 868 869 809
f 809 920 868
f 888 868 920
f 888 920 858
f 887 888 858
f 857 887 858
f 857 858 859
f 859 905 857
f 857 905 906
f 857 906 957
f 957 906 930
f 887 957 930
f 887 930 821
f 896 887 821
f 821 820 896
f 896 820 949
f 896 949 888
f 1323 949 820
f 1323 820 37
f 37 795 1323
f 1323 795 938
f 938 937 1323
f 937 938 939
f 1020 937 939
f 909 1020 939
f 1020 909 955
f 868 937 1020
f 982 868 1020
f 982 1020 956
f 980 982 956
f 980 981 982
f 869 982 981
f 949 937 868
f 939 938 909
f 938 795 1060
f 938 1060 904
f 1031 904 1060
f 797 1031 1060
f 797 1030 1031
f 1031 1030 837
f 838 837 1030
f 1030 1098 838
f 1098 1030 1112
f 1112 81 1098
f 1098 81 1068
f 1068 830 1098
f 97 830 1068
f 796 1112 1030
f 32 1112 796
f 1112 32 10
f 836 837 838
f 797 796 1030
f 795 796 797
f 795 33 796
f 1060 795 797
f 937 949 1323
f 819 820 821
f 821 1222 819
f 1185 819 1222
f 1222 1149 1185
f 45 1185 1149
f 45 1149 62
f 62 1149 1150
f 1149 1206 1150
f 1205 1150 1206
f 1206 1058 1205
f 1058 1267 1205
f 1205 1267 1230
f 1230 1191 1205
f 1190 1205 1191
f 1190 1191 1192
f 1192 1254 1190
f 1253 1190 1254
f 1253 1254 1314
f 1314 1246 1253
f 82 1253 1246
f 1253 82 12
f 1246 1314 1244
f 1244 1245 1246
f 1306 1246 1245
f 1305 1306 1245
f 1581 1306 1305
f 1305 1589 1581
f 1581 1589 1388
f 1388 1288 1581
f 1287 1581 1288
f 1287 1288 160
f 1287 1609 1581
f 1287 144 1609
f 164 1288 1388
f 164 1388 1336
f 1336 1361 164
f 1361 1336 1335
f 288 1361 1335
f 1335 1336 1337
f 1337 293 1335
f 1337 1336 1379
f 1379 298 1337
f 298 1379 1394
f 141 298 1394
f 1366 141 1394
f 1367 1366 1394
f 1366 1367 1368
f 1410 1366 1368
f 1368 1409 1410
f 1409 1449 1410
f 1427 1410 1449
f 1449 1402 1427
f 1426 1427 1402
f 1401 1426 1402
f 1192 1401 1402
f 1401 1393 1426
f 1426 1393 1173
f 1393 1174 1173
f 1138 1173 1174
f 1174 1136 1138
f 1136 1137 1138
f 1137 1436 1138
f 1410 1436 1137
f 1162 1137 1136
f 1162 1136 404
f 142 1162 404
f 51 142 404
f 51 404 405
f 405 52 51
f 50 51 52
f 98 50 52
f 393 98 52
f 393 52 392
f 392 40 393
f 39 393 40
f 38 39 40
f 40 89 38
f 89 66 38
f 27 38 66
f 27 66 67
f 25 27 67
f 25 26 27
f 78 26 25
f 78 2 26
f 2 99 26
f 99 38 26
f 98 38 99
f 1 98 99
f 2 1 99
f 1 2 3
f 3 120 1
f 1 120 50
f 50 120 143
f 120 108 143
f 143 108 141
f 141 142 143
f 3 108 120
f 107 108 3
f 298 108 107
f 236 3 2
f 236 2 218
f 218 235 236
f 235 218 78
f 78 787 235
f 1703 235 787
f 374 235 1703
f 771 374 1703
f 2 78 218
f 308 67 66
f 308 66 309
f 309 66 263
f 263 66 202
f 263 202 201
f 201 202 203
f 201 203 875
f 202 294 203
f 203 294 365
f 203 365 366
f 203 366 278
f 326 203 278
f 278 277 326
f 277 278 279
f 279 352 277
f 351 352 279
f 419 351 279
f 381 351 419
f 419 336 381
f 380 381 336
f 338 380 336
f 336 337 338
f 337 766 338
f 454 338 766
f 766 291 454
f 454 291 455
f 455 754 454
f 754 455 783
f 754 783 755
f 754 755 444
f 443 754 444
f 442 443 444
f 442 444 474
f 516 442 474
f 15 516 474
f 15 474 475
f 15 475 13
f 13 14 15
f 502 15 14
f 14 501 502
f 501 14 526
f 526 525 501
f 525 1007 501
f 525 526 486
f 525 486 485
f 484 485 486
f 486 554 484
f 484 554 555
f 484 555 626
f 626 627 484
f 626 555 586
f 586 555 537
f 555 538 537
f 167 537 538
f 538 165 167
f 165 166 167
f 166 666 167
f 192 167 666
f 192 666 193
f 153 192 193
f 193 154 153
f 152 153 154
f 152 154 656
f 656 154 657
f 678 656 657
f 657 703 678
f 678 703 647
f 677 678 647
f 646 677 647
f 646 647 648
f 646 648 693
f 693 648 694
f 693 694 737
f 736 693 737
f 686 737 694
f 694 709 686
f 686 709 684
f 684 685 686
f 729 686 685
f 728 729 685
f 776 728 685
f 746 776 685
f 747 746 685
f 716 746 747
f 716 747 717
f 716 717 718
f 716 718 1726
f 1725 1726 718
f 1725 718 1815
f 1731 1725 1815
f 1815 1732 1731
f 1730 1731 1732
f 1732 1817 1730
f 1730 1817 1821
f 1730 1821 577
f 577 1736 1730
f 1824 1730 1736
f 1740 1824 1736
f 1740 1736 1741
f 1739 1740 1741
f 1739 1741 1827
f 1739 1827 1655
f 1654 1739 1655
f 1653 1654 1655
f 1653 1655 1659
f 1833 1653 1659
f 1660 1833 1659
f 1659 727 1660
f 727 1837 1660
f 1660 1837 440
f 440 1664 1660
f 1660 1664 1665
f 1665 1664 1844
f 1665 1844 1668
f 1313 1665 1668
f 1668 498 1313
f 498 523 1313
f 1313 523 1853
f 1853 1241 1313
f 1241 1312 1313
f 1804 1312 1241
f 1798 1804 1241
f 1243 1798 1241
f 1241 1242 1243
f 1243 1242 1867
f 1587 1867 1242
f 1242 1588 1587
f 1586 1587 1588
f 1586 1588 522
f 522 1285 1586
f 1284 1586 1285
f 1284 1285 1286
f 1884 1284 1286
f 1684 1884 1286
f 1684 1286 1685
f 1684 1685 30
f 30 1893 1684
f 1893 1696 1684
f 1893 1697 1696
f 1695 1696 1697
f 1695 1697 1612
f 1714 1695 1612
f 1612 1712 1714
f 1712 1713 1714
f 1909 1714 1713
f 1713 1719 1909
f 1718 1909 1719
f 1717 1718 1719
f 1719 1794 1717
f 1794 1587 1717
f 1794 1719 1792
f 1792 1793 1794
f 1794 1793 1798
f 1794 1798 1867
f 1793 1799 1798
f 1798 1799 1800
f 1799 1073 1800
f 1073 1805 1800
f 1800 1805 1804
f 1804 1805 1806
f 1804 1806 1931
f 1810 1931 1806
f 1806 1811 1810
f 1754 1810 1811
f 1494 1754 1811
f 1494 1811 756
f 756 1493 1494
f 1493 1742 1494
f 1504 1494 1742
f 1504 1742 730
f 1503 1504 730
f 1503 730 1745
f 1745 1513 1503
f 1513 1515 1503
f 1513 1514 1515
f 1515 1514 1748
f 1748 1523 1515
f 1522 1515 1523
f 1522 1523 1524
f 1522 1524 1754
f 1524 1947 1754
f 1947 1524 1671
f 1312 1947 1671
f 1671 1665 1312
f 1665 1671 1833
f 1312 1931 1947
f 1524 1653 1671
f 1524 1523 1654
f 1522 1494 1515
f 1748 1654 1523
f 1740 1748 1514
f 1678 1514 1513
f 1514 1678 1824
f 1678 1962 1824
f 1683 1962 1678
f 1678 1682 1683
f 1682 1726 1683
f 1776 1726 1682
f 1776 1682 1745
f 1745 1775 1776
f 1970 1776 1775
f 1780 1970 1775
f 1775 1045 1780
f 1780 1045 5
f 5 1973 1780
f 1973 1784 1780
f 1784 1973 1785
f 776 1784 1785
f 1978 776 1785
f 1785 1788 1978
f 1767 1978 1788
f 1767 1788 1789
f 1471 1767 1789
f 1789 1472 1471
f 1471 1472 79
f 1989 1471 79
f 1476 1989 79
f 1476 79 1477
f 1476 1477 1307
f 1616 1476 1307
f 1483 1616 1307
f 1483 1307 1481
f 1481 1482 1483
f 1483 1482 1247
f 1483 1247 1487
f 1483 1487 1489
f 1487 1488 1489
f 1488 1621 1489
f 1489 1621 2004
f 1489 2004 1617
f 1616 1489 1617
f 1622 1617 2004
f 1989 1617 1622
f 1621 1622 2004
f 1621 1533 1622
f 1627 1622 1533
f 1627 1533 1532
f 1532 1214 1627
f 1626 1627 1214
f 1214 1525 1626
f 1525 729 1626
f 1626 729 1631
f 1631 1632 1626
f 1632 1631 1978
f 1631 728 1978
f 1525 737 729
f 1525 1214 737
f 1627 1626 1632
f 1627 1632 1767
f 1236 1214 1532
f 1250 1532 1533
f 1622 1627 1767
f 1533 1621 1250
f 1540 1621 1488
f 1488 1249 1540
f 1540 1249 1543
f 1540 1543 1256
f 1543 1298 1256
f 1298 1543 1544
f 1455 1544 1543
f 1611 1455 1543
f 1455 1611 1453
f 1453 1454 1455
f 2032 1455 1454
f 1460 2032 1454
f 1460 1454 1461
f 1459 1460 1461
f 1461 2036 1459
f 1464 1459 2036
f 1464 2036 1465
f 1464 1465 1466
f 1469 1464 1466
f 1469 1466 2041
f 2041 1470 1469
f 1469 1470 1459
f 1459 1470 1570
f 1570 1470 2047
f 1570 2047 1568
f 1568 1569 1570
f 1569 1460 1570
f 1569 1568 1576
f 1577 1569 1576
f 1576 1318 1577
f 1576 1700 1318
f 1576 1592 1700
f 1591 1700 1592
f 1590 1591 1592
f 1568 1590 1592
f 1590 2047 1591
f 1591 2047 1163
f 1591 1163 1608
f 1608 2062 1591
f 1608 1687 2062
f 1686 2062 1687
f 1686 1687 1688
f 1686 1688 1419
f 1419 2069 1686
f 1686 2069 1339
f 1700 1686 1339
f 1688 2072 1419
f 217 2072 1688
f 217 216 2072
f 215 216 217
f 217 2079 215
f 260 215 2079
f 2079 261 260
f 260 261 262
f 260 262 1633
f 262 2091 1633
f 1633 2091 1193
f 1633 1193 1634
f 1633 1634 1639
f 1639 1638 1633
f 880 1633 1638
f 1638 1639 1640
f 1638 1640 2095
f 848 1638 2095
f 1644 2095 1640
f 1644 1640 1645
f 1644 1645 2098
f 2098 1649 1644
f 1649 2098 1557
f 1649 1557 859
f 1553 1649 859
f 808 1649 1553
f 1552 808 1553
f 1552 1553 920
f 808 2095 1649
f 2098 2109 1557
f 1557 2109 1558
f 905 1557 1558
f 2109 2035 1558
f 2035 2113 1558
f 1558 2113 1562
f 1558 1562 1563
f 906 1558 1563
f 1563 1562 2116
f 2116 1567 1563
f 1222 1563 1567
f 930 1563 1222
f 1056 1567 2116
f 2116 2120 1056
f 1056 2120 1057
f 1056 1057 1058
f 2120 1071 1057
f 842 1057 1071
f 1070 842 1071
f 1070 1071 1072
f 1072 2127 1070
f 1070 2127 840
f 1090 1070 840
f 1090 840 1091
f 1091 1110 1090
f 320 1090 1110
f 321 320 1110
f 1110 290 321
f 792 321 290
f 290 628 792
f 792 628 793
f 791 792 793
f 791 793 250
f 250 252 791
f 791 252 545
f 545 817 791
f 817 321 791
f 817 841 321
f 841 322 321
f 322 841 842
f 320 322 842
f 842 841 866
f 841 817 866
f 545 866 817
f 866 545 1267
f 866 1267 1057
f 1267 545 544
f 252 544 545
f 208 544 252
f 208 252 251
f 209 208 251
f 572 209 251
f 251 250 572
f 250 601 572
f 600 572 601
f 600 601 602
f 963 600 602
f 766 963 602
f 766 602 292
f 602 628 292
f 2177 963 766
f 964 963 2177
f 366 964 2177
f 963 964 365
f 365 600 963
f 601 793 602
f 600 992 572
f 991 992 600
f 600 294 991
f 991 294 1441
f 1441 40 991
f 991 40 1012
f 1041 1012 40
f 1041 992 1012
f 992 1041 209
f 210 209 1041
f 1041 1407 210
f 1391 210 1407
f 1407 1392 1391
f 1391 1392 1393
f 208 1391 1393
f 1131 208 1393
f 1406 1392 1407
f 392 1406 1407
f 1406 392 405
f 405 1422 1406
f 1406 1422 1392
f 1174 1392 1422
f 208 210 1391
f 392 1407 1041
f 294 1442 1441
f 1441 1442 89
f 1012 992 991
f 572 992 209
f 208 209 210
f 544 208 1131
f 544 1131 1230
f 1230 1131 1401
f 250 251 252
f 601 250 793
f 602 793 628
f 292 628 290
f 290 291 292
f 291 290 1177
f 791 321 792
f 1110 1177 290
f 320 321 322
f 1177 1110 1091
f 2233 1177 1091
f 2233 1091 884
f 2233 884 783
f 783 884 885
f 801 885 884
f 902 885 801
f 902 801 903
f 901 902 903
f 901 903 2241
f 2241 923 901
f 925 901 923
f 923 924 925
f 2246 925 924
f 947 2246 924
f 947 924 554
f 13 947 554
f 554 924 1322
f 1322 924 2250
f 2250 1321 1322
f 1321 555 1322
f 1321 2250 1344
f 1344 165 1321
f 165 1344 1343
f 1342 1343 1344
f 1344 2259 1342
f 2259 2263 1342
f 1342 2263 1357
f 1356 1342 1357
f 1356 1357 2266
f 1376 1356 2266
f 2266 1377 1376
f 1375 1376 1377
f 1375 1377 116
f 118 1375 116
f 116 117 118
f 136 118 117
f 136 117 680
f 680 134 136
f 134 135 136
f 134 161 135
f 161 163 135
f 135 163 1376
f 161 162 163
f 162 1356 163
f 166 1356 162
f 189 162 161
f 189 161 190
f 190 714 189
f 189 714 654
f 714 655 654
f 653 654 655
f 653 655 672
f 657 653 672
f 672 671 657
f 671 672 673
f 671 673 691
f 703 671 691
f 691 673 692
f 690 691 692
f 690 692 706
f 690 706 707
f 372 690 707
f 372 707 708
f 348 372 708
f 348 708 421
f 421 105 348
f 348 105 349
f 1226 348 349
f 1226 349 373
f 373 372 1226
f 371 372 373
f 371 373 1251
f 402 371 1251
f 402 1251 36
f 402 36 35
f 709 402 35
f 424 402 709
f 424 423 402
f 423 424 425
f 425 691 423
f 691 425 648
f 648 425 424
f 34 35 36
f 34 36 2309
f 2309 61 34
f 60 34 61
f 59 60 61
f 59 61 75
f 59 75 718
f 75 61 76
f 74 75 76
f 74 76 95
f 2317 74 95
f 94 2317 95
f 94 95 96
f 96 2323 94
f 94 2323 2324
f 2324 549 94
f 94 549 550
f 578 550 549
f 578 549 2329
f 2329 576 578
f 576 577 578
f 577 576 605
f 2339 577 605
f 604 2339 605
f 604 605 606
f 2340 604 606
f 606 637 2340
f 636 2340 637
f 636 637 638
f 638 1043 636
f 636 1043 2346
f 636 2346 966
f 636 966 967
f 967 966 2355
f 967 2355 997
f 996 967 997
f 996 997 998
f 998 725 996
f 725 1022 996
f 1022 2340 996
f 1021 1022 725
f 725 2367 1021
f 2367 1827 1021
f 1021 1827 1049
f 1021 1049 604
f 1049 2376 604
f 1741 2376 1049
f 727 2367 725
f 725 726 727
f 604 1022 1021
f 725 998 726
f 742 726 998
f 741 726 742
f 742 2381 741
f 761 741 2381
f 2381 518 761
f 761 518 762
f 780 761 762
f 780 762 1727
f 780 1727 781
f 780 781 782
f 780 782 2391
f 2391 782 438
f 2391 438 440
f 438 439 440
f 438 2393 439
f 439 2393 2274
f 439 2274 466
f 439 466 467
f 1844 439 467
f 498 1844 467
f 498 467 496
f 496 497 498
f 497 496 179
f 497 179 521
f 523 497 521
f 521 522 523
f 2403 522 521
f 521 179 2403
f 181 2403 179
f 179 180 181
f 181 180 280
f 280 395 181
f 282 395 280
f 280 281 282
f 281 296 282
f 295 282 296
f 2318 295 296
f 296 2406 2318
f 2406 2407 2318
f 2318 2407 340
f 339 2318 340
f 339 340 341
f 295 339 341
f 295 341 353
f 353 2409 295
f 2410 295 2409
f 2409 2275 2410
f 395 2410 2275
f 2275 396 395
f 394 395 396
f 407 394 396
f 396 406 407
f 407 406 2292
f 2280 407 2292
f 2280 2292 2422
f 2422 28 2280
f 30 2280 28
f 28 29 30
f 42 30 29
f 41 42 29
f 29 2427 41
f 41 2427 2431
f 2431 2224 41
f 2224 2431 1582
f 1572 2224 1582
f 1582 1583 1572
f 1583 1573 1572
f 1571 1572 1573
f 1573 941 1571
f 941 2445 1571
f 1613 1571 2445
f 2445 2229 1613
f 1613 2229 1594
f 1612 1613 1594
f 1593 1612 1594
f 1593 1594 1595
f 1595 2446 1593
f 1593 2446 1712
f 2446 2299 1712
f 2299 1689 1712
f 2299 1709 1689
f 1709 1710 1689
f 1710 1690 1689
f 1689 1690 204
f 1689 204 1792
f 1689 1792 1713
f 1792 204 2462
f 204 1799 2462
f 206 1799 204
f 204 205 206
f 220 206 205
f 219 220 205
f 219 205 157
f 687 219 157
f 157 2472 687
f 687 2472 111
f 687 111 688
f 445 687 688
f 445 688 695
f 445 695 696
f 17 445 696
f 18 17 696
f 18 696 2343
f 721 18 2343
f 721 2343 719
f 719 720 721
f 756 721 720
f 719 730 720
f 1775 730 719
f 2343 1032 719
f 719 1032 1045
f 1045 1032 6
f 1032 695 6
f 721 756 18
f 756 767 18
f 18 767 16
f 767 983 16
f 983 206 16
f 767 1073 983
f 756 1073 767
f 1032 2343 696
f 16 17 18
f 220 17 16
f 219 445 17
f 696 695 1032
f 695 688 6
f 688 2293 6
f 2293 80 6
f 6 80 4
f 4 5 6
f 1472 5 4
f 79 4 80
f 79 80 2495
f 79 2495 122
f 110 122 2495
f 110 2495 2293
f 110 2293 111
f 109 110 111
f 122 110 109
f 109 121 122
f 1477 122 121
f 121 862 1477
f 168 862 121
f 156 168 121
f 155 168 156
f 155 156 157
f 155 169 168
f 168 169 170
f 170 1868 168
f 2507 1868 170
f 170 650 2507
f 812 2507 650
f 649 812 650
f 649 650 651
f 651 658 649
f 649 658 659
f 649 659 810
f 950 810 659
f 950 659 951
f 488 950 951
f 951 2514 488
f 2518 488 2514
f 899 2518 2514
f 2514 897 899
f 897 898 899
f 1346 899 898
f 1346 898 1347
f 2149 1346 1347
f 2149 1347 2525
f 2525 2229 2149
f 940 2149 2229
f 942 2149 940
f 940 941 942
f 1381 942 941
f 941 1380 1381
f 1380 1542 1381
f 1381 1542 2530
f 2530 1542 2531
f 2530 2531 934
f 2530 934 942
f 934 1338 942
f 1338 1411 942
f 942 1411 1412
f 1411 2247 1412
f 1412 2247 1346
f 1411 1369 2247
f 2247 1369 1113
f 2247 1113 2518
f 1369 1370 1113
f 1370 1114 1113
f 1113 1114 1115
f 1113 1115 488
f 489 488 1115
f 487 488 489
f 503 487 489
f 503 489 504
f 504 824 503
f 823 503 824
f 822 823 824
f 824 539 822
f 541 822 539
f 539 540 541
f 540 556 541
f 556 557 541
f 541 557 871
f 870 541 871
f 870 871 364
f 2124 870 364
f 2124 364 2463
f 2124 2463 503
f 2463 810 503
f 2463 811 810
f 810 811 812
f 812 811 908
f 811 907 908
f 907 2132 908
f 2132 1481 908
f 908 1481 860
f 860 2507 908
f 860 1481 861
f 860 861 862
f 860 862 1868
f 862 861 1307
f 1481 2132 2225
f 2132 1283 2225
f 1283 1818 2225
f 1247 2225 1818
f 1818 1248 1247
f 1247 1248 1249
f 1248 1611 1249
f 1248 1610 1611
f 1610 1248 2232
f 2232 1290 1610
f 1610 1290 1453
f 1453 1290 2036
f 1289 2036 1290
f 1289 1290 1291
f 1289 1291 1704
f 1704 1705 1289
f 1289 1705 1939
f 1289 1939 2569
f 1289 2569 1465
f 1699 1465 2569
f 1699 2569 569
f 1698 1699 569
f 1698 569 1721
f 1721 1116 1698
f 1698 1116 1039
f 1698 1039 2577
f 2577 1039 1534
f 2577 1534 1444
f 1720 2577 1444
f 1466 1720 1444
f 1466 1444 1445
f 1444 825 1445
f 825 2257 1445
f 2257 2580 1445
f 2041 1445 2580
f 2041 2580 1404
f 1403 2041 1404
f 1163 1403 1404
f 1404 1024 1163
f 1163 1024 1164
f 1164 1024 2268
f 1164 2268 2110
f 1164 2110 1437
f 1687 1164 1437
f 1687 1437 217
f 1207 217 1437
f 1207 1437 1208
f 1207 1208 1209
f 1209 2079 1207
f 1209 1208 2594
f 1209 2594 261
f 1152 261 2594
f 2594 1153 1152
f 1151 1152 1153
f 1153 333 1151
f 1151 333 1255
f 1151 1255 2091
f 2091 1255 1194
f 1255 1429 1194
f 1194 1429 1088
f 1088 1195 1194
f 1193 1194 1195
f 1195 1645 1193
f 2035 1645 1195
f 1195 1088 2035
f 1061 2035 1088
f 1088 1089 1061
f 1089 266 1061
f 1061 266 1062
f 1062 2042 1061
f 2113 1061 2042
f 2113 2042 2611
f 1130 2611 2042
f 2042 1129 1130
f 1129 1099 1130
f 1101 1130 1099
f 1099 1100 1101
f 1100 2127 1101
f 1100 1099 2613
f 1100 2613 2616
f 2616 839 1100
f 840 1100 839
f 839 802 840
f 803 802 839
f 801 802 803
f 802 801 1091
f 2616 803 839
f 1997 803 2616
f 2616 882 1997
f 851 1997 882
f 851 882 883
f 851 883 852
f 850 851 852
f 2629 850 852
f 852 2631 2629
f 2631 597 2629
f 1937 2629 597
f 596 1937 597
f 596 597 552
f 551 596 552
f 551 552 553
f 551 553 641
f 551 641 1943
f 551 1943 2647
f 2647 1943 116
f 609 1943 641
f 641 642 609
f 642 249 609
f 608 609 249
f 249 2648 608
f 2649 608 2648
f 2023 2649 2648
f 2023 2648 970
f 1009 2023 970
f 1008 1009 970
f 969 1008 970
f 969 970 971
f 969 971 248
f 2663 969 248
f 2663 248 1054
f 1224 2663 1054
f 1025 1224 1054
f 1025 1054 1055
f 1025 1055 1026
f 1024 1025 1026
f 1025 1024 2580
f 2580 1187 1025
f 1026 1055 1396
f 1396 2110 1026
f 2110 1396 1208
f 1396 331 1208
f 1208 331 1153
f 331 1396 1397
f 332 331 1397
f 1397 1146 332
f 332 1146 1176
f 332 1176 1430
f 333 332 1430
f 553 1430 1176
f 553 1431 1430
f 1429 1430 1431
f 1429 1431 266
f 266 1431 267
f 265 266 267
f 267 597 265
f 1431 553 267
f 1146 247 1176
f 641 1176 247
f 247 1146 248
f 247 248 249
f 1054 1146 1397
f 331 332 333
f 1055 1397 1396
f 1055 1054 1397
f 1187 1224 1025
f 1187 316 1224
f 1187 314 316
f 314 315 316
f 315 2684 316
f 316 2684 2663
f 969 2684 315
f 315 922 969
f 922 315 891
f 890 922 891
f 890 891 892
f 892 1545 890
f 1545 2018 890
f 2018 962 890
f 890 962 1009
f 2018 932 962
f 932 931 962
f 962 931 2023
f 187 931 932
f 196 187 932
f 2093 196 932
f 2696 196 2093
f 1354 2696 2093
f 1354 2093 1355
f 1330 1354 1355
f 1330 1355 1328
f 1328 1329 1330
f 147 1330 1329
f 1389 147 1329
f 1389 1329 2705
f 1389 2705 1983
f 1983 1390 1389
f 1389 1390 1363
f 1390 1364 1363
f 145 1363 1364
f 145 1364 2710
f 2710 146 145
f 145 146 147
f 146 1834 147
f 146 2713 1834
f 2713 133 1834
f 2696 1834 133
f 2713 131 133
f 131 132 133
f 196 133 132
f 132 195 196
f 1848 196 195
f 1848 195 2681
f 2681 2721 1848
f 1848 2721 188
f 1848 188 187
f 186 187 188
f 188 679 186
f 679 680 186
f 186 680 931
f 679 1963 680
f 1963 670 680
f 1963 715 670
f 715 190 670
f 670 190 134
f 1963 713 715
f 713 714 715
f 713 1963 1964
f 1964 705 713
f 705 655 713
f 1964 384 705
f 705 384 706
f 705 706 673
f 706 384 383
f 383 384 385
f 383 385 1269
f 383 1269 708
f 1269 385 370
f 1235 1269 370
f 369 1235 370
f 368 369 370
f 368 430 369
f 369 430 431
f 431 1913 369
f 1913 1319 369
f 1319 422 369
f 1319 70 422
f 422 70 57
f 421 422 57
f 422 421 1235
f 69 57 70
f 70 1816 69
f 1816 2746 69
f 69 2746 58
f 58 2746 2747
f 2747 56 58
f 56 57 58
f 57 56 104
f 104 105 57
f 104 56 1825
f 1825 2757 104
f 2757 92 104
f 349 104 92
f 349 92 91
f 91 92 93
f 91 93 591
f 590 91 591
f 590 591 1938
f 2309 590 1938
f 1938 574 2309
f 2309 574 2764
f 76 2764 574
f 76 574 575
f 575 574 640
f 96 575 640
f 96 640 1946
f 2768 96 1946
f 1946 631 2768
f 2772 2768 631
f 630 2772 631
f 630 631 632
f 632 1002 630
f 1002 632 1003
f 1002 1003 2024
f 2024 2776 1002
f 2777 1002 2776
f 994 2777 2776
f 994 2776 995
f 993 994 995
f 995 1052 993
f 638 993 1052
f 2029 638 1052
f 1052 2782 2029
f 2782 2785 2029
f 2029 2785 1043
f 2785 1044 1043
f 1043 1044 750
f 1043 750 749
f 748 749 750
f 750 1971 748
f 2786 748 1971
f 2790 2786 1971
f 2790 1971 738
f 740 2790 738
f 738 739 740
f 739 785 740
f 740 785 786
f 740 786 1982
f 1982 786 2797
f 1982 2797 779
f 779 2790 1982
f 2790 779 778
f 478 778 779
f 477 778 478
f 477 478 479
f 479 1924 477
f 2786 477 1924
f 465 2786 1924
f 2805 465 1924
f 465 2805 463
f 463 464 465
f 463 535 464
f 534 464 535
f 1932 534 535
f 1932 535 2815
f 519 1932 2815
f 519 2815 2745
f 519 2745 520
f 518 519 520
f 518 2818 519
f 520 2745 1727
f 1727 2745 1728
f 1727 1728 1729
f 1729 2310 1727
f 2310 1729 1737
f 781 2310 1737
f 2393 781 1737
f 2393 1737 2754
f 2393 2754 1738
f 2754 1737 1738
f 1737 1096 1738
f 1738 1096 2325
f 2325 2316 1738
f 2315 1738 2316
f 2315 2316 1277
f 1657 2315 1277
f 1657 1277 2676
f 1657 2676 1658
f 1656 1657 1658
f 1658 2279 1656
f 1656 2279 2273
f 2273 2274 1656
f 2274 2315 1656
f 2279 1666 2273
f 2286 2273 1666
f 2286 1666 180
f 180 1666 1667
f 2273 2286 466
f 2279 1667 1666
f 1667 2279 281
f 2406 2279 1658
f 1658 2676 2406
f 2676 1277 2407
f 1133 2407 1277
f 1277 1278 1133
f 1278 831 1133
f 1133 831 1134
f 1133 1134 1135
f 2840 1135 1134
f 1597 2840 1134
f 1134 2680 1597
f 2680 1180 1597
f 1596 1597 1180
f 1225 1596 1180
f 1179 1225 1180
f 1179 1180 1181
f 1179 1181 2738
f 1694 1179 2738
f 2738 2739 1694
f 2739 1693 1694
f 1693 1228 1694
f 1228 1693 1270
f 1270 1229 1228
f 1228 1229 1179
f 2742 1229 1270
f 1270 1171 2742
f 1171 1716 2742
f 1715 2742 1716
f 1715 1716 1320
f 1271 1715 1320
f 1271 1320 1272
f 1271 1272 1273
f 1273 2858 1271
f 1271 2858 2804
f 2804 1797 1271
f 2804 1795 1797
f 1795 1796 1797
f 1796 1715 1797
f 1715 1796 2395
f 2394 2395 1796
f 1796 2866 2394
f 2394 2866 1809
f 1809 2811 2394
f 1808 2811 1809
f 1807 1808 1809
f 1809 2161 1807
f 2400 1807 2161
f 2161 1500 2400
f 340 2400 1500
f 2400 340 1135
f 2161 1501 1500
f 1500 1501 1502
f 1744 1500 1502
f 1744 1502 2160
f 2328 1744 2160
f 2159 2328 2160
f 1516 2159 2160
f 2178 2159 1516
f 1518 2178 1516
f 1516 1517 1518
f 1518 1517 1750
f 1681 1518 1750
f 2341 1681 1750
f 2173 2341 1750
f 2173 1750 2174
f 1674 2173 2174
f 2174 2726 1674
f 1674 2726 1672
f 1672 1673 1674
f 1672 2292 1673
f 2292 2287 1673
f 2173 1673 2287
f 2873 2287 2292
f 2873 1679 2287
f 1679 2341 2287
f 2873 1680 1679
f 1679 1680 1681
f 1680 353 1681
f 1681 353 2159
f 2275 353 1680
f 2873 2275 1680
f 1672 2726 1778
f 2422 1672 1778
f 1778 2726 1779
f 1777 1778 1779
f 2385 1777 1779
f 2378 2385 1779
f 1779 2377 2378
f 2377 2881 2378
f 2378 2881 2794
f 2794 1786 2378
f 2794 872 1786
f 1786 872 1787
f 1787 2386 1786
f 2387 1786 2386
f 2386 2142 2387
f 2617 2387 2142
f 1474 2617 2142
f 1474 2142 1475
f 1473 1474 1475
f 1473 1475 2620
f 1473 2620 2621
f 2621 2891 1473
f 1473 2891 2140
f 2140 2141 1473
f 2140 1484 2141
f 1486 2141 1484
f 1484 1485 1486
f 1486 1485 2628
f 1486 2628 2617
f 1485 2387 2628
f 1485 2385 2387
f 1485 1484 1620
f 1620 1777 1485
f 1619 1777 1620
f 1618 1619 1620
f 1618 1620 2240
f 2240 2356 1618
f 2356 2431 1618
f 2239 2356 2240
f 2239 2240 2140
f 1630 2239 2140
f 1628 1630 2140
f 1628 1629 1630
f 1629 2692 1630
f 2692 1458 1630
f 1630 1458 2249
f 2249 2248 1630
f 1531 2248 2249
f 2128 1531 2249
f 2128 1529 1531
f 1529 1530 1531
f 1531 1530 1763
f 1531 1763 2366
f 2366 1763 2356
f 1582 2356 1763
f 1530 2192 1763
f 1763 2192 1583
f 2192 1530 1542
f 1541 1542 1530
f 1771 1541 1530
f 2092 1541 1771
f 1334 2092 1771
f 2204 1334 1771
f 2204 1771 2128
f 1457 2204 2128
f 1458 1457 2128
f 1456 1457 1458
f 2593 1457 1456
f 2606 2593 1456
f 1456 2125 2606
f 1770 2606 2125
f 2125 2126 1770
f 492 1770 2126
f 2126 1468 492
f 1467 492 1468
f 1468 2612 1467
f 1762 1467 2612
f 1762 2612 2133
f 269 1762 2133
f 269 2133 270
f 268 269 270
f 268 270 1574
f 1574 1575 268
f 2678 268 1575
f 255 2678 1575
f 255 1575 616
f 616 256 255
f 254 255 256
f 334 254 256
f 256 1604 334
f 1603 334 1604
f 1603 1604 2683
f 2682 1603 2683
f 2683 325 2682
f 324 2682 325
f 237 324 325
f 325 386 237
f 237 386 238
f 237 238 239
f 239 2740 237
f 2740 2741 237
f 2741 2740 375
f 2741 375 324
f 375 376 324
f 324 376 310
f 310 376 311
f 310 311 312
f 312 1603 310
f 2744 312 311
f 426 2744 311
f 311 427 426
f 426 427 428
f 426 428 1636
f 1636 428 1637
f 1635 1636 1637
f 2701 1635 1637
f 2700 2701 1637
f 2700 1637 2258
f 19 2700 2258
f 1647 19 2258
f 1648 1647 2258
f 2258 428 1648
f 1646 1647 1648
f 2709 1646 1648
f 427 2709 1648
f 2270 2709 427
f 2269 2709 2270
f 2214 2269 2270
f 2270 1556 2214
f 2214 1556 1555
f 1554 1555 1556
f 2212 1554 1556
f 2212 1556 2672
f 2672 2934 2212
f 2934 2213 2212
f 1064 2212 2213
f 1564 1064 2213
f 1564 2213 1565
f 1564 1565 1566
f 1566 2675 1564
f 2222 1564 2675
f 2675 283 2222
f 283 2220 2222
f 2220 2221 2222
f 2222 2221 1065
f 1065 2221 2542
f 2542 1066 1065
f 1064 1065 1066
f 1066 2033 1064
f 1064 2033 2034
f 2033 124 2034
f 124 2548 2034
f 1105 2034 2548
f 1105 2548 1957
f 1957 1103 1105
f 1103 1104 1105
f 1103 2048 1104
f 1104 2048 2040
f 1555 1104 2040
f 1555 2040 2269
f 804 2269 2040
f 2040 2048 804
f 2048 805 804
f 804 805 806
f 1990 804 806
f 806 1991 1990
f 1990 1991 1992
f 1992 1991 2522
f 1992 2522 1646
f 854 2522 1991
f 1991 855 854
f 854 855 856
f 1029 854 856
f 1996 1029 856
f 856 1995 1996
f 567 1996 1995
f 1995 2483 567
f 2483 1148 567
f 567 1148 565
f 565 566 567
f 757 567 566
f 757 566 758
f 1743 757 758
f 758 542 1743
f 610 1743 542
f 610 542 491
f 491 611 610
f 20 610 611
f 611 21 20
f 19 20 21
f 19 21 976
f 19 976 1760
f 1761 1760 976
f 976 975 1761
f 1761 975 1467
f 975 976 490
f 492 975 490
f 490 491 492
f 1760 1761 1762
f 490 976 21
f 19 1028 20
f 490 21 611
f 610 20 1028
f 1028 1029 610
f 490 611 491
f 542 543 491
f 491 543 1770
f 2593 1770 543
f 543 1332 2593
f 2204 2593 1332
f 1400 1332 543
f 543 1399 1400
f 1399 2108 1400
f 2108 2107 1400
f 2106 2107 2108
f 2986 2106 2108
f 2106 2986 2601
f 2601 1434 2106
f 2601 1435 1434
f 1433 1434 1435
f 1435 2115 1433
f 2114 1433 2115
f 2114 2115 1869
f 300 2114 1869
f 234 300 1869
f 234 1869 232
f 232 233 234
f 234 233 1148
f 1866 234 1148
f 1148 1297 1866
f 1297 398 1866
f 398 1865 1866
f 1866 1865 301
f 301 300 1866
f 299 300 301
f 299 301 1189
f 299 1189 1879
f 2009 299 1879
f 1878 2009 1879
f 1878 1879 1880
f 1878 1880 1836
f 1878 1836 893
f 1878 893 895
f 893 894 895
f 894 2014 895
f 895 2014 2008
f 2008 2009 895
f 2114 2009 2008
f 2014 936 2008
f 2097 2008 936
f 935 2097 936
f 934 935 936
f 934 2015 935
f 935 2015 2017
f 2015 2016 2017
f 1434 2017 2016
f 1434 2016 2107
f 2016 1333 2107
f 2107 1333 1332
f 1332 1333 1334
f 1434 2097 2017
f 1333 2016 2015
f 1333 2015 2092
f 2531 2092 2015
f 2097 935 2017
f 2097 1433 2008
f 936 2014 1365
f 1365 1338 936
f 1338 1365 2099
f 1365 2100 2099
f 2099 2100 1411
f 1365 129 2100
f 1838 2100 129
f 128 1838 129
f 127 128 129
f 127 129 894
f 894 1835 127
f 3008 127 1835
f 176 3008 1835
f 176 1835 1836
f 176 1836 1852
f 176 1852 177
f 176 177 178
f 178 177 2426
f 1850 178 2426
f 1850 2426 2968
f 1850 2968 1851
f 1849 1850 1851
f 663 1849 1851
f 663 1851 664
f 663 664 665
f 540 663 665
f 540 665 1955
f 665 1010 1955
f 1955 1010 1956
f 1954 1955 1956
f 697 1954 1956
f 697 1956 698
f 697 698 699
f 2496 697 699
f 2496 699 2497
f 2496 2497 84
f 1900 2496 84
f 84 83 1900
f 83 362 1900
f 1900 362 364
f 362 363 364
f 362 1237 363
f 363 1237 1914
f 363 1914 2068
f 363 2068 413
f 363 413 1899
f 363 1899 2463
f 415 1899 413
f 413 414 415
f 415 414 1283
f 1899 415 811
f 2068 414 413
f 2068 1914 414
f 414 1914 49
f 414 49 1818
f 48 1818 49
f 47 48 49
f 48 47 2232
f 1291 2232 47
f 49 1914 47
f 1237 47 1914
f 47 1237 1704
f 1237 83 1704
f 83 1237 362
f 83 84 85
f 85 2408 83
f 2408 1705 83
f 85 1705 2408
f 1826 85 84
f 85 1826 571
f 85 571 570
f 570 1939 85
f 569 570 571
f 571 1826 2487
f 571 2487 1721
f 2487 1074 1721
f 1074 2487 1505
f 1505 1075 1074
f 617 1074 1075
f 1075 618 617
f 617 618 619
f 617 619 1985
f 1985 619 735
f 1985 735 772
f 1116 1985 772
f 1116 772 734
f 1116 734 986
f 1116 986 985
f 985 986 987
f 985 987 2030
f 1040 985 2030
f 1040 2030 826
f 1534 1040 826
f 1534 826 825
f 825 826 314
f 826 2030 891
f 1039 985 1040
f 2030 987 1546
f 2030 1546 892
f 1546 987 1972
f 1546 1972 1328
f 1328 1545 1546
f 1328 1972 733
f 734 733 1972
f 733 734 735
f 2501 733 735
f 2501 735 2502
f 2502 2705 2501
f 1329 733 2501
f 986 1972 987
f 986 734 1972
f 1074 1985 1116
f 772 735 734
f 2502 735 619
f 619 2511 2502
f 1983 2502 2511
f 2511 1984 1983
f 452 1983 1984
f 452 1984 1926
f 1926 453 452
f 451 452 453
f 453 2476 451
f 2476 2477 451
f 1925 451 2477
f 2477 509 1925
f 1925 509 508
f 1390 1925 508
f 1390 452 1925
f 507 508 509
f 2319 507 509
f 507 2319 2482
f 2482 1934 507
f 1933 507 1934
f 1933 1934 1935
f 2718 1933 1935
f 2758 2718 1935
f 2758 1935 2759
f 3053 2758 2759
f 3053 2759 2076
f 2722 3053 2076
f 2076 2755 2722
f 2756 2722 2755
f 2755 2078 2756
f 2756 2078 2743
f 2743 3057 2756
f 2723 2756 3057
f 3059 2723 3057
f 3057 3060 3059
f 3060 2050 3059
f 3059 2050 2724
f 2050 2758 2724
f 2758 2722 2724
f 2722 2723 2724
f 2050 3067 2758
f 2758 3067 3068
f 3067 2913 3068
f 2913 2718 3068
f 2913 2719 2718
f 2718 2719 2720
f 2720 3074 2718
f 3074 2720 146
f 2713 2720 2719
f 131 2719 2913
f 2913 2057 131
f 2057 2056 131
f 131 2056 3078
f 2056 2681 3078
f 2056 368 2681
f 368 2061 2681
f 385 2061 368
f 2049 2056 2057
f 2057 2912 2049
f 2912 2050 2049
f 2049 2050 431
f 430 2056 2049
f 2912 2057 2913
f 2912 2913 3067
f 2050 2912 3067
f 3060 1913 2050
f 3094 1913 3060
f 3060 3057 3094
f 2724 2723 3059
f 3057 2743 3094
f 3094 2743 1319
f 2090 2743 2078
f 2077 2090 2078
f 2076 2077 2078
f 2067 2077 2076
f 2067 2076 2066
f 2066 1201 2067
f 2083 2067 1201
f 2083 1201 1304
f 1304 3103 2083
f 3103 2077 2083
f 1304 3107 3103
f 2816 3103 3107
f 3107 3111 2816
f 2816 3111 3112
f 2816 3112 1803
f 2816 1803 2817
f 2746 2816 2817
f 2816 2746 3121
f 1803 3047 2817
f 3124 2817 3047
f 2814 3124 3047
f 3047 2812 2814
f 2812 2813 2814
f 2814 2813 3128
f 2814 3128 3129
f 3129 3128 3130
f 3132 3129 3130
f 3130 2970 3132
f 3132 2970 2770
f 2757 3132 2770
f 93 2757 2770
f 93 2770 2769
f 2769 2770 2771
f 2769 2771 3139
f 2769 3139 2959
f 2958 2769 2959
f 2958 2959 2290
f 2767 2958 2290
f 2290 2644 2767
f 2644 2645 2767
f 2767 2645 1938
f 2644 2637 2645
f 2645 2637 640
f 2636 640 2637
f 2637 3147 2636
f 3147 2737 2636
f 1946 2636 2737
f 2737 2736 1946
f 2735 2736 2737
f 2737 184 2735
f 184 139 2735
f 2735 139 3016
f 2733 2735 3016
f 3016 2734 2733
f 2732 2733 2734
f 2734 3158 2732
f 2732 3158 3159
f 3159 3161 2732
f 3161 3159 3162
f 3163 3161 3162
f 3163 3162 3165
f 3166 3163 3165
f 3166 3165 2799
f 2798 3166 2799
f 2798 2799 2800
f 2800 3173 2798
f 3173 2800 2782
f 2800 2799 3174
f 3174 2795 2800
f 2800 2795 2785
f 2785 2795 2796
f 2785 2796 3176
f 2796 1971 3176
f 1044 3176 1971
f 2795 3179 2796
f 738 2796 3179
f 3179 2618 738
f 3182 2618 3179
f 3182 2679 2618
f 3188 2618 2679
f 3188 2679 1861
f 1861 3189 3188
f 1861 2397 3189
f 2950 3189 2397
f 2397 1898 2950
f 1898 2625 2950
f 1898 1895 2625
f 2625 1895 3196
f 2625 3196 2626
f 2619 2625 2626
f 2619 2626 739
f 2618 2619 739
f 3189 2619 2618
f 3189 2625 2619
f 2626 3196 3205
f 2626 3205 3207
f 2626 3207 785
f 785 3207 2991
f 3207 259 2991
f 259 2992 2991
f 2991 2992 2993
f 786 2991 2993
f 2993 2992 2690
f 3215 2993 2690
f 2686 3215 2690
f 2686 2690 2691
f 2686 2691 2687
f 2685 2686 2687
f 2685 2687 3218
f 701 2685 3218
f 702 701 3218
f 3218 2383 702
f 2383 2382 702
f 2382 2971 702
f 700 702 2971
f 2971 2970 700
f 2771 2970 2971
f 2780 2971 2382
f 2780 2382 2781
f 2662 2780 2781
f 2781 675 2662
f 675 674 2662
f 2662 674 2655
f 2655 674 676
f 3232 2655 676
f 2291 3232 676
f 2291 676 3238
f 3240 2291 3238
f 3240 3238 3241
f 3241 139 3240
f 3241 2944 139
f 140 139 2944
f 140 2944 2375
f 2375 1018 140
f 1084 140 1018
f 1018 1017 1084
f 514 1084 1017
f 1017 2610 514
f 514 2610 2335
f 515 514 2335
f 2335 2163 515
f 515 2163 2162
f 2162 469 515
f 1871 515 469
f 469 468 1871
f 468 3162 1871
f 3162 468 1863
f 1863 468 1864
f 1863 1864 1862
f 1863 1862 3256
f 3165 1863 3256
f 1874 3256 1862
f 1862 1873 1874
f 1874 1873 2679
f 1862 1861 1873
f 1860 1861 1862
f 1861 1860 2398
f 1904 2398 1860
f 1860 1903 1904
f 1903 773 1904
f 773 775 1904
f 1904 775 2399
f 1896 2399 775
f 775 1897 1896
f 1896 1897 1898
f 1898 1897 1908
f 1908 1897 2588
f 2588 1907 1908
f 1907 743 1908
f 1908 743 1895
f 743 745 1895
f 1894 1895 745
f 745 3275 1894
f 3277 1894 3275
f 3275 3123 3277
f 3123 3279 3277
f 2085 3277 3279
f 2085 3279 3281
f 2085 3281 306
f 2086 2085 306
f 2086 306 305
f 258 2086 305
f 259 258 305
f 259 305 2703
f 2698 259 2703
f 2698 2703 2704
f 2704 2699 2698
f 2697 2698 2699
f 2699 2384 2697
f 2384 2383 2697
f 2697 2383 2691
f 2384 2699 2984
f 2384 2984 2781
f 2697 2992 2698
f 2699 2704 2984
f 2984 2704 2985
f 2984 2985 675
f 3303 675 2985
f 2602 3303 2985
f 2985 2058 2602
f 1601 2602 2058
f 1601 2058 307
f 1602 1601 307
f 1602 307 2226
f 3309 1602 2226
f 3309 2226 3281
f 3281 2552 3309
f 3309 2552 2551
f 2550 2551 2552
f 2552 2909 2550
f 2550 2909 1605
f 1605 2902 2550
f 2902 1605 1607
f 2549 2902 1607
f 1607 2489 2549
f 3039 2549 2489
f 3039 2489 3226
f 2371 3039 3226
f 2371 3226 3320
f 3321 2371 3320
f 3320 87 3321
f 2437 3321 87
f 2437 87 86
f 2437 86 2278
f 2526 2437 2278
f 2278 3328 2526
f 65 2526 3328
f 65 3328 2892
f 63 65 2892
f 2892 2524 63
f 2523 63 2524
f 2524 3334 2523
f 2523 3334 2925
f 2523 2925 3338
f 2539 2523 3338
f 3338 2847 2539
f 2488 2539 2847
f 2488 2847 418
f 2488 418 417
f 2488 417 2314
f 2314 2338 2488
f 2338 2314 2337
f 2337 2326 2338
f 2537 2338 2326
f 64 2537 2326
f 64 2326 2327
f 2342 64 2327
f 2342 2327 2839
f 3345 2342 2839
f 2839 3346 3345
f 3345 3346 3321
f 3321 2436 3345
f 3346 2352 3321
f 2541 2352 3346
f 2541 3346 2838
f 2838 2375 2541
f 2375 2365 2541
f 2365 2375 2363
f 2363 2364 2365
f 2364 2353 2365
f 2365 2353 2352
f 2352 2353 2354
f 2352 2354 2371
f 2354 2353 3039
f 3039 2353 3360
f 3360 3365 3039
f 3360 2937 3365
f 3365 2937 1600
f 3367 3365 1600
f 3367 1600 2605
f 2605 2902 3367
f 2902 2605 2551
f 1602 2551 2605
f 1600 1602 2605
f 3365 3367 2549
f 1600 2937 1601
f 2937 3360 2603
f 2603 2602 2937
f 2602 2603 2604
f 3377 2604 2603
f 3377 2603 3378
f 3378 2562 3377
f 3238 3377 2562
f 3378 2353 2562
f 676 2604 3377
f 676 675 2604
f 3378 2603 3360
f 3360 2353 3378
f 2364 2562 2353
f 2944 2562 2364
f 2364 2363 2944
f 1019 2375 2838
f 1019 2838 2839
f 1017 1019 2839
f 2352 2541 2365
f 3346 2839 2838
f 2436 2342 3345
f 2342 2436 2435
f 2435 2526 2342
f 2435 2436 2437
f 2839 2327 3388
f 3388 2540 2839
f 2839 2540 2610
f 2337 2610 2540
f 2337 2540 2327
f 2336 2610 2337
f 2540 3388 2327
f 64 2342 2526
f 2537 64 63
f 2538 2537 63
f 2537 2538 2539
f 2539 2338 2537
f 2337 2327 2326
f 2314 2336 2337
f 2336 2314 2313
f 2313 3395 2336
f 3395 2163 2336
f 3395 378 2163
f 379 378 3395
f 3395 416 379
f 379 416 2589
f 3400 379 2589
f 2589 2493 3400
f 3400 2493 774
f 774 773 3400
f 2493 2587 774
f 774 2587 2588
f 774 2588 775
f 2587 2867 2588
f 2867 2587 2863
f 2863 3134 2867
f 2868 2867 3134
f 2478 2868 3134
f 2478 3134 3133
f 3133 2506 2478
f 2479 2478 2506
f 2506 3412 2479
f 2416 2479 3412
f 2827 2416 3412
f 2498 2827 3412
f 2827 2498 2828
f 2828 3117 2827
f 3117 2421 2827
f 2421 3117 2475
f 2421 2475 2420
f 2420 2414 2421
f 2414 2416 2421
f 2414 2415 2416
f 2415 2882 2416
f 3122 2416 2882
f 3122 2882 2908
f 2552 3122 2908
f 3279 3122 2552
f 2908 2882 2871
f 2871 2909 2908
f 2909 2871 2872
f 2871 2415 2872
f 2872 2415 2878
f 2872 2878 3425
f 2872 3425 2490
f 1605 2872 2490
f 1605 2490 1606
f 1606 2490 2489
f 2489 2490 2491
f 2490 3425 2491
f 2491 3425 2503
f 2579 2491 2503
f 2579 2503 2504
f 2504 1537 2579
f 2504 3431 1537
f 2851 1537 3431
f 2851 3431 2852
f 2575 2851 2852
f 2575 2852 2576
f 2575 2576 1528
f 2635 2575 1528
f 2461 2635 1528
f 2453 2461 1528
f 1528 1527 2453
f 1527 978 2453
f 2453 978 835
f 2453 835 834
f 834 2635 2453
f 2646 2635 834
f 2646 834 2821
f 2821 2820 2646
f 1497 2646 2820
f 2820 3328 1497
f 2524 2820 2821
f 834 833 2821
f 2821 833 3334
f 3334 833 1086
f 3334 1086 2405
f 2405 1086 1085
f 2164 2405 1085
f 2164 1085 977
f 977 979 2164
f 2164 979 3049
f 2164 3049 2165
f 2164 2165 1509
f 3448 2164 1509
f 3102 3448 1509
f 1509 1511 3102
f 2158 3102 1511
f 2157 2158 1511
f 2157 1511 2168
f 2819 2157 2168
f 2170 2819 2168
f 2168 2169 2170
f 2170 2169 2154
f 2156 2170 2154
f 2154 2155 2156
f 2155 2404 2156
f 2404 2196 2156
f 2196 2195 2156
f 2195 2196 2197
f 2195 2197 3054
f 3054 2190 2195
f 2924 2195 2190
f 2189 2924 2190
f 2189 2190 2191
f 2854 2189 2191
f 2854 2191 2201
f 2200 2854 2201
f 2200 2201 2202
f 2186 2200 2202
f 2186 2202 2187
f 2186 2187 2188
f 2188 3474 2186
f 418 2186 3474
f 418 3474 2589
f 2589 3474 2188
f 2589 2188 2494
f 2492 2494 2188
f 2188 2879 2492
f 2863 2492 2879
f 2879 2880 2863
f 2880 3133 2863
f 2505 3133 2880
f 2880 2191 2505
f 2191 2499 2505
f 2505 2499 2506
f 2498 2506 2499
f 2498 2499 2500
f 2500 3118 2498
f 3486 3118 2500
f 3054 3486 2500
f 3486 3488 3118
f 3117 3118 3488
f 3488 2865 3117
f 3488 2197 2865
f 2197 2404 2865
f 2864 2865 2404
f 2864 2404 3421
f 3421 3491 2864
f 2864 3491 2481
f 2481 3491 2480
f 2480 2473 2481
f 2475 2481 2473
f 2473 2474 2475
f 2474 2473 2829
f 2474 2829 3021
f 2474 3021 2504
f 2504 3021 3020
f 2829 3020 3021
f 3020 2829 3440
f 2852 3020 3440
f 3440 2752 2852
f 2752 2751 2852
f 2751 2752 2753
f 2751 2753 2417
f 2751 2417 2419
f 2751 2419 3497
f 2751 3497 1526
f 1526 2576 2751
f 3170 2576 1526
f 1528 3170 1526
f 3069 1526 3497
f 3497 3010 3069
f 3009 3069 3010
f 3009 3010 3011
f 3287 3009 3011
f 3287 3011 2793
f 3287 2793 2717
f 2586 3287 2717
f 2717 2600 2586
f 2584 2586 2600
f 3416 2584 2600
f 3416 2600 2929
f 3384 3416 2929
f 3418 3384 2929
f 3418 2929 2931
f 1168 3418 2931
f 1168 2931 3278
f 1168 3278 3379
f 3379 2561 1168
f 2561 1213 1168
f 1168 1213 1167
f 1167 1144 1168
f 1144 3384 1168
f 1144 1143 3384
f 1142 1143 1144
f 1188 1143 1142
f 1310 1188 1142
f 3212 1310 1142
f 3212 1142 1167
f 3212 1167 2536
f 2536 2535 3212
f 2535 2578 3212
f 2535 3209 2578
f 2578 3209 3208
f 3208 1262 2578
f 1262 1310 2578
f 1262 1231 1310
f 1262 1263 1231
f 1231 1263 2899
f 2899 1232 1231
f 1231 1232 1233
f 1231 1233 1188
f 2574 1188 1233
f 1233 3492 2574
f 2574 3492 3487
f 2574 3487 2584
f 2584 3437 2574
f 3416 2574 3437
f 1143 2574 3416
f 3487 2585 2584
f 2585 3487 3048
f 2585 3048 3049
f 3065 2585 3049
f 2585 3065 2586
f 2809 3048 3487
f 2165 3048 2809
f 2809 2810 2165
f 2810 2641 2165
f 2835 2641 2810
f 3493 2835 2810
f 1232 2835 3493
f 1232 3493 3492
f 3492 3493 2809
f 1232 2842 2835
f 2842 2841 2835
f 2835 2841 2765
f 2841 2961 2765
f 2765 2961 3029
f 2765 3029 1510
f 2642 2765 1510
f 1510 1509 2642
f 1509 2641 2642
f 2765 2642 2641
f 1510 3029 1511
f 2961 2822 3029
f 3029 2822 2168
f 2822 2961 2841
f 2822 2841 2956
f 2956 2910 2822
f 2822 2910 2169
f 2910 3017 2169
f 2910 2560 3017
f 3017 2560 2441
f 2441 2155 3017
f 2441 2443 2155
f 2443 3421 2155
f 2443 2730 3421
f 2730 2443 2731
f 2730 2731 500
f 2914 2730 500
f 2914 500 3424
f 3073 2914 3424
f 2753 3073 3424
f 3440 2914 3073
f 500 1747 3424
f 3424 1747 3475
f 3475 2417 3424
f 2417 3475 2418
f 2418 3475 1769
f 2418 1769 3042
f 3481 2418 3042
f 3481 3042 2791
f 2791 3480 3481
f 2793 3480 2791
f 2791 2792 2793
f 2598 2793 2792
f 2792 2938 2598
f 2599 2598 2938
f 2930 2599 2938
f 2930 2938 3379
f 3379 2938 2939
f 3379 2939 228
f 2939 2940 228
f 2940 2766 228
f 228 2766 3146
f 228 3146 2783
f 228 2783 3329
f 2622 228 3329
f 2622 3329 2623
f 2622 2623 2624
f 2624 3333 2622
f 2893 3333 2624
f 2893 2624 2951
f 2520 2893 2951
f 2521 2520 2951
f 2521 2951 2949
f 2843 2521 2949
f 2843 2949 2956
f 3391 2521 2843
f 2843 3390 3391
f 3391 3390 2894
f 3186 2894 3390
f 3245 3186 3390
f 3390 2547 3245
f 2689 3245 2547
f 2547 2688 2689
f 2688 3242 2689
f 2689 3242 2994
f 2994 367 2689
f 2904 367 2994
f 2994 2990 2904
f 276 2904 2990
f 2989 276 2990
f 2989 2990 2688
f 2688 2987 2989
f 274 2989 2987
f 2983 274 2987
f 2983 2987 2673
f 2982 2983 2673
f 2658 2982 2673
f 2658 2673 2659
f 2658 2659 2660
f 2779 2658 2660
f 2779 2660 2998
f 2998 228 2779
f 2974 2779 228
f 2973 2974 228
f 228 2967 2973
f 2966 2967 228
f 3559 2966 228
f 3310 3559 228
f 228 2607 3310
f 3310 2607 3563
f 3315 3563 2607
f 3315 2607 2779
f 2779 3314 3315
f 2779 2607 2609
f 2607 2608 2609
f 2982 2609 2608
f 2608 3317 2982
f 3317 2945 2982
f 3317 2702 2945
f 2702 2941 2945
f 2943 2945 2941
f 2941 2942 2943
f 2942 2451 2943
f 2943 2451 275
f 2943 275 274
f 274 275 276
f 275 2903 276
f 2903 275 244
f 244 243 2903
f 2903 243 2904
f 243 244 245
f 286 243 245
f 245 399 286
f 286 399 287
f 285 286 287
f 230 285 287
f 287 228 230
f 228 229 230
f 390 230 229
f 390 229 3333
f 229 228 3333
f 390 285 230
f 390 2520 285
f 367 285 2520
f 2519 367 2520
f 367 2519 3245
f 360 285 367
f 243 360 367
f 286 285 360
f 399 228 287
f 228 399 245
f 245 2452 228
f 2451 2452 245
f 243 286 360
f 2451 245 244
f 275 2451 244
f 2942 2452 2451
f 2942 2941 2452
f 2945 2943 274
f 2702 2452 2941
f 2452 2702 2607
f 2608 2702 3317
f 2702 2608 2607
f 2607 228 2452
f 2974 2973 3403
f 2779 2974 3314
f 3000 228 2998
f 2998 2534 3000
f 2534 2561 3000
f 2534 2998 2999
f 2999 2535 2534
f 2998 3372 2999
f 3372 3209 2999
f 3209 3372 2660
f 3000 2561 228
f 2998 2660 3372
f 2779 2609 2658
f 2660 2659 3208
f 2673 2674 2659
f 2659 2674 1263
f 2674 2988 1263
f 1263 2988 2546
f 2546 2988 2688
f 2674 2987 2988
f 2609 2982 2658
f 2982 2945 2983
f 2673 2987 2674
f 2945 274 2983
f 2987 2688 2988
f 274 276 2989
f 276 2903 2904
f 367 2904 243
f 2990 2994 3242
f 2990 3242 2688
f 2688 2547 2546
f 2545 2546 2547
f 2546 2545 1232
f 3245 2689 367
f 2547 3390 2545
f 2545 3390 3600
f 2545 3600 3249
f 2545 3249 2842
f 3249 2843 2842
f 3600 2843 3249
f 3245 2519 3186
f 3186 2519 2894
f 2519 2521 2894
f 3600 3390 2843
f 2894 2521 3391
f 2949 2951 2911
f 2949 2911 2910
f 2519 2520 2521
f 2893 2520 390
f 2951 2624 2911
f 2624 3221 2911
f 2911 3221 3198
f 2911 3198 2560
f 3198 3199 2560
f 2442 2560 3199
f 3199 585 2442
f 499 2442 585
f 585 472 499
f 471 499 472
f 471 472 473
f 1747 471 473
f 764 473 472
f 764 472 765
f 763 764 765
f 765 1749 763
f 1749 2766 763
f 3042 763 2766
f 1749 765 584
f 584 2784 1749
f 3146 1749 2784
f 2784 584 583
f 2623 2784 583
f 3221 2623 583
f 3221 583 585
f 2783 2784 2623
f 583 584 585
f 1769 764 763
f 472 584 765
f 1769 473 764
f 499 471 500
f 472 585 584
f 2442 499 2731
f 3198 585 3199
f 3198 3221 585
f 390 3333 2893
f 2623 3221 2624
f 228 2622 3333
f 3329 2783 2623
f 2784 2783 3146
f 2766 1749 3146
f 2792 2766 2940
f 2939 2792 2940
f 3285 2599 2930
f 2930 2929 3285
f 3285 2600 2599
f 2598 2599 2600
f 2938 2792 2939
f 2766 2792 2791
f 2791 3042 2766
f 3480 2418 3481
f 2419 2418 3480
f 3042 1769 763
f 3475 473 1769
f 3475 1747 473
f 500 471 1747
f 2480 2730 2914
f 2914 2826 2480
f 2829 2826 2914
f 500 2731 499
f 2731 2443 2442
f 2441 2442 2443
f 2560 2442 2441
f 2910 2911 2560
f 2956 2949 2910
f 2843 2956 2841
f 2841 2842 2843
f 1232 2545 2842
f 2835 2765 2641
f 3493 2810 2809
f 3492 2809 3487
f 3492 1233 1232
f 2899 2546 1232
f 2899 1263 2546
f 2659 1263 1262
f 3208 2659 1262
f 2660 3208 3209
f 2999 3209 2535
f 2534 2535 2536
f 1213 2534 2536
f 2578 1310 3212
f 1310 1231 1188
f 1143 1188 2574
f 1142 1144 1167
f 1213 2536 1167
f 2534 1213 2561
f 2561 3379 228
f 3278 2930 3379
f 2931 2930 3278
f 2929 2930 2931
f 1168 3384 3418
f 1143 3416 3384
f 2929 2600 3285
f 3437 2584 3416
f 2584 2585 2586
f 2600 2717 2598
f 3065 3287 2586
f 2717 2793 2598
f 3011 3480 2793
f 3011 3497 3480
f 3065 3009 3287
f 3065 2654 3009
f 978 2654 3065
f 979 978 3065
f 3069 3009 2654
f 2654 1527 3069
f 3010 3497 3011
f 1527 1526 3069
f 3497 2419 3480
f 2417 2418 2419
f 2753 3424 2417
f 2752 3073 2753
f 3073 2752 3440
f 2829 2914 3440
f 2829 2473 2826
f 2475 2865 2481
f 2473 2480 2826
f 2480 3491 2730
f 3491 3421 2730
f 2481 2865 2864
f 3488 3486 2197
f 3054 2500 2499
f 2191 3054 2499
f 2879 2201 2880
f 2492 2863 2493
f 2492 2493 2494
f 2879 2188 2187
f 2187 2202 2879
f 2200 2186 2874
f 2874 2458 2200
f 2459 2458 2874
f 2874 2869 2459
f 2869 2870 2459
f 2459 2870 2158
f 2926 2870 2869
f 2925 2926 2869
f 2848 2925 2869
f 2925 2405 2926
f 3448 2926 2405
f 2870 2926 3102
f 2874 2848 2869
f 2457 2458 2459
f 2457 2459 2573
f 2457 2573 2924
f 2573 2819 2924
f 2573 2459 2157
f 2458 2457 2854
f 2186 2848 2874
f 2847 2848 2186
f 2202 2201 2879
f 2458 2854 2200
f 2201 2191 2880
f 2189 2854 2457
f 2457 2924 2189
f 2170 2195 2924
f 3054 2191 2190
f 2197 3486 3054
f 2404 2197 2196
f 2155 3421 2404
f 2154 3017 2155
f 2156 2195 2170
f 2169 3017 2154
f 2169 2168 2822
f 2819 2170 2924
f 2157 2819 2573
f 3029 2168 1511
f 2157 2459 2158
f 2158 2870 3102
f 1509 1510 1511
f 3448 3102 2926
f 1509 2165 2641
f 2165 3049 3048
f 3049 979 3065
f 977 978 979
f 833 977 1085
f 977 833 835
f 2405 2164 3448
f 833 1085 1086
f 2646 1497 2635
f 1497 1499 2635
f 1497 1498 1499
f 1498 1538 1499
f 1499 1538 2851
f 1498 88 1538
f 1537 1538 88
f 88 3225 1537
f 3225 2491 1537
f 2491 3225 3226
f 1067 3225 88
f 87 1067 88
f 1067 3320 3225
f 86 88 1498
f 1497 2278 1498
f 833 834 835
f 977 835 978
f 978 1527 2654
f 1526 1527 1528
f 2635 2461 2453
f 2635 1499 2575
f 2576 3170 1528
f 2576 2852 2751
f 1499 2851 2575
f 3431 3020 2852
f 1537 2851 1538
f 3020 3431 2504
f 2503 2474 2504
f 2503 2878 2474
f 2878 2420 2474
f 1537 2491 2579
f 3425 2878 2503
f 2415 2871 2882
f 2415 2414 2878
f 2414 2420 2878
f 2474 2420 2475
f 2475 3117 2865
f 3117 2828 3118
f 3118 2828 2498
f 2827 2421 2416
f 3122 2479 2416
f 2479 3122 3123
f 2498 3412 2506
f 744 2478 2479
f 744 2479 3275
f 744 743 2478
f 2505 2506 3133
f 2868 2478 743
f 2867 2868 743
f 2863 3133 3134
f 2493 2863 2587
f 2493 2589 2494
f 773 379 3400
f 377 379 773
f 2589 416 418
f 377 378 379
f 2162 378 377
f 1903 2162 377
f 2313 416 3395
f 2313 417 416
f 417 2313 2314
f 416 417 418
f 418 2847 2186
f 2539 2488 2338
f 2847 3338 2848
f 2538 2523 2539
f 3338 2925 2848
f 2405 2925 3334
f 2821 3334 2524
f 2523 2538 63
f 2524 2892 2820
f 63 64 65
f 3328 2820 2892
f 65 64 2526
f 3328 2278 1497
f 2437 2526 2435
f 1498 2278 86
f 86 87 88
f 3321 2437 2436
f 87 3320 1067
f 3321 2352 2371
f 3320 3226 3225
f 2354 3039 2371
f 3226 2489 2491
f 3365 2549 3039
f 2489 1607 1606
f 2902 2549 3367
f 1605 1606 1607
f 2872 1605 2909
f 2552 2908 2909
f 2551 2550 2902
f 2551 1602 3309
f 2226 307 306
f 1600 1601 1602
f 307 2058 305
f 3581 305 2058
f 2704 305 3581
f 2937 2602 1601
f 2985 3581 2058
f 3303 2602 2604
f 675 3303 2604
f 3581 2985 2704
f 2703 305 2704
f 257 258 259
f 258 257 2084
f 2923 2084 257
f 257 3205 2923
f 2084 2923 3277
f 258 2084 2086
f 305 306 307
f 2084 2085 2086
f 306 3281 2226
f 3281 3279 2552
f 3277 2085 2084
f 3123 3122 3279
f 3123 3275 2479
f 1894 3277 2923
f 744 3275 745
f 1895 1894 2923
f 743 744 745
f 2867 743 1907
f 2588 2867 1907
f 775 2588 1897
f 1896 2397 2399
f 2397 2398 2399
f 773 774 775
f 377 773 1903
f 470 1903 1860
f 470 1860 1864
f 469 1903 470
f 1904 2399 2398
f 3174 3256 1874
f 3182 3174 1874
f 1860 1862 1864
f 470 1864 468
f 468 469 470
f 513 515 1871
f 1871 3159 513
f 469 2162 1903
f 2162 2163 378
f 2163 2335 2336
f 513 514 515
f 2335 2610 2336
f 2839 2610 1017
f 1084 514 513
f 1084 513 3158
f 1017 1018 1019
f 138 140 1084
f 138 1084 2734
f 2375 1019 1018
f 2363 2375 2944
f 138 139 140
f 3241 2562 2944
f 3241 3238 2562
f 184 2291 3240
f 2291 184 183
f 183 2290 2291
f 182 183 184
f 3147 183 182
f 3238 676 3377
f 2291 2290 3232
f 2290 3426 3232
f 2655 3232 3426
f 3426 3427 2655
f 3427 2780 2655
f 3427 3139 2780
f 3426 3139 3427
f 674 675 676
f 2984 675 2781
f 2662 2655 2780
f 2382 2384 2781
f 3139 2971 2780
f 2382 2383 2384
f 700 701 702
f 3696 701 700
f 3130 3696 700
f 2813 701 3696
f 701 2813 3339
f 3482 3339 2813
f 3330 3482 2813
f 3606 3482 3330
f 3332 3606 3330
f 3330 3331 3332
f 3332 3331 1802
f 3332 1802 3700
f 3700 2143 3332
f 2143 3700 1358
f 2143 1358 1420
f 1420 2242 2143
f 2242 929 2143
f 2143 929 1352
f 3606 2143 1352
f 1352 929 928
f 928 3482 1352
f 927 928 929
f 928 927 2685
f 2685 3339 928
f 927 3393 2685
f 927 2243 3393
f 3215 3393 2243
f 3215 2243 2797
f 2243 478 2797
f 478 2243 2242
f 2242 2243 927
f 929 2242 927
f 479 2242 1420
f 1420 2805 479
f 580 2805 1420
f 1358 580 1420
f 1360 580 1358
f 1358 1359 1360
f 1360 1359 2194
f 581 1360 2194
f 581 2194 2193
f 2193 582 581
f 580 581 582
f 580 582 463
f 2815 463 582
f 2815 582 2193
f 624 2193 2194
f 2194 625 624
f 623 624 625
f 625 3316 623
f 3316 831 623
f 623 831 832
f 831 1096 832
f 832 1096 1097
f 1097 624 832
f 1728 624 1097
f 1729 1097 1096
f 919 831 3316
f 3316 1293 919
f 2129 919 1293
f 1293 3276 2129
f 2129 3276 846
f 2129 846 845
f 845 917 2129
f 917 845 3322
f 917 3322 2680
f 918 917 2680
f 917 918 919
f 845 1180 3322
f 844 845 846
f 3270 844 846
f 844 3270 3319
f 844 3319 2836
f 844 2836 2837
f 3634 844 2837
f 2738 3634 2837
f 2227 2837 2836
f 2228 2227 2836
f 2227 2228 1508
f 1508 3383 2227
f 2260 2227 3383
f 3383 1584 2260
f 1275 2260 1584
f 1275 1584 1585
f 1275 1585 1276
f 1274 1275 1276
f 1276 3387 1274
f 2849 1274 3387
f 2849 3387 2850
f 1892 2849 2850
f 2850 3666 1892
f 3764 1892 3666
f 2302 3764 3666
f 3666 2303 2302
f 2302 2303 2304
f 2302 2304 3435
f 2302 3435 2853
f 2853 1711 2302
f 2853 1691 1711
f 1711 1691 1692
f 1711 1692 1892
f 1691 1425 1692
f 1425 3408 1692
f 1692 3408 3402
f 1692 3402 2849
f 3402 1275 2849
f 3402 2261 1275
f 3408 2261 3402
f 1172 2261 3408
f 1172 2262 2261
f 2260 2261 2262
f 2262 3401 2260
f 2262 1693 3401
f 1693 2262 1172
f 1171 1693 1172
f 1170 1171 1172
f 1170 1172 1425
f 1424 1170 1425
f 1320 1170 1424
f 1425 1172 3408
f 1425 1691 1424
f 1424 1691 1272
f 1691 3630 1272
f 3630 1691 2853
f 2853 2215 3630
f 2217 3630 2215
f 2215 2216 2217
f 3376 2217 2216
f 2216 3326 3376
f 1184 3376 3326
f 3326 1265 1184
f 1184 1265 1266
f 1184 1266 1182
f 1182 1183 1184
f 1183 1182 1463
f 1463 1117 1183
f 1183 1117 3376
f 1117 1119 3376
f 1117 1118 1119
f 1118 2858 1119
f 1118 1107 2858
f 1107 3239 2858
f 2039 3239 1107
f 1106 2039 1107
f 1106 1107 1108
f 1108 3569 1106
f 3251 1106 3569
f 3569 3247 3251
f 3250 3251 3247
f 3246 3250 3247
f 3246 3247 3248
f 3248 873 3246
f 3777 3246 873
f 872 3777 873
f 872 873 874
f 872 874 3193
f 3193 874 3187
f 1994 3193 3187
f 1994 3187 864
f 863 1994 864
f 863 864 865
f 3204 863 865
f 3204 865 3552
f 3204 3552 3195
f 3203 3204 3195
f 1475 3203 3195
f 3194 1475 3195
f 3194 3195 3784
f 634 3194 3784
f 634 3784 635
f 633 634 635
f 633 635 3028
f 3027 633 3028
f 3027 3028 614
f 1574 3027 614
f 614 616 1574
f 614 615 616
f 1604 616 615
f 3149 1604 615
f 3148 1604 3149
f 3148 3149 3141
f 3140 3148 3141
f 1048 3140 3141
f 3141 3789 1048
f 3789 3694 1048
f 1048 3694 1046
f 1046 1047 1048
f 3038 1048 1047
f 3037 3038 1047
f 2026 3037 1047
f 1047 1037 2026
f 1036 2026 1037
f 1036 1037 1038
f 1038 2373 1036
f 3236 1036 2373
f 2373 3237 3236
f 3229 3236 3237
f 3237 3227 3229
f 3227 3228 3229
f 1448 3229 3228
f 3228 3801 1448
f 1448 3801 1446
f 1446 1447 1448
f 1446 3302 1447
f 2112 1447 3302
f 2112 3302 3297
f 3297 1438 2112
f 1440 2112 1438
f 1438 1439 1440
f 1439 2026 1440
f 2026 1439 3305
f 2026 3305 386
f 1438 3305 1439
f 3304 3305 1438
f 3304 238 3305
f 1212 238 3304
f 3304 3085 1212
f 3085 1210 1212
f 1210 1211 1212
f 1211 1200 1212
f 239 1212 1200
f 1200 1199 239
f 1199 1870 239
f 1870 1199 1566
f 1199 1200 283
f 1200 1211 283
f 1211 284 283
f 283 284 224
f 224 284 225
f 224 225 226
f 226 2220 224
f 953 226 225
f 953 225 3807
f 3807 954 953
f 952 953 954
f 2096 952 954
f 954 3206 2096
f 945 2096 3206
f 945 3206 2013
f 2013 943 945
f 943 944 945
f 3555 944 943
f 3555 943 3220
f 3219 3555 3220
f 3219 3220 2669
f 3213 3219 2669
f 3213 2669 3214
f 3214 3808 3213
f 1383 3213 3808
f 3808 1384 1383
f 1382 1383 1384
f 1382 1384 3286
f 1382 3286 1371
f 1371 1373 1382
f 1382 1373 2096
f 1382 2096 944
f 1371 1372 1373
f 1372 3295 1373
f 3592 1373 3295
f 3289 3592 3295
f 3289 3295 3296
f 3289 3296 3290
f 3288 3289 3290
f 3288 3290 3070
f 3072 3288 3070
f 3070 3071 3072
f 3071 3501 3072
f 1840 3072 3501
f 3501 3819 1840
f 3819 1841 1840
f 1839 1840 1841
f 1839 1841 158
f 158 159 1839
f 1839 159 2033
f 3503 1839 2033
f 158 125 159
f 125 124 159
f 123 124 125
f 125 1752 123
f 123 1752 510
f 123 510 3156
f 3156 3157 123
f 3157 2548 123
f 3157 3156 3749
f 3749 1958 3157
f 1957 3157 1958
f 1957 1958 1959
f 1959 1958 689
f 1959 689 1103
f 689 1958 3164
f 3164 660 689
f 689 660 662
f 689 662 805
f 660 661 662
f 661 806 662
f 660 1309 661
f 661 1309 1308
f 661 1308 1991
f 856 1308 1309
f 1309 1901 856
f 1901 2483 856
f 1901 1295 2483
f 1901 1902 1295
f 1295 1902 1296
f 1295 1296 1297
f 1902 397 1296
f 398 1296 397
f 397 359 398
f 397 357 359
f 357 358 359
f 359 358 3055
f 359 3055 1865
f 1865 3055 3056
f 3055 2117 3056
f 3056 2117 3494
f 3494 1819 3056
f 1189 3056 1819
f 1819 3494 1820
f 1819 1820 8
f 1819 8 1880
f 8 3062 1880
f 3061 3062 8
f 7 3061 8
f 7 8 9
f 44 7 9
f 9 43 44
f 44 43 2957
f 44 2957 3058
f 1941 3058 2957
f 2957 2060 1941
f 2060 273 1941
f 1941 273 3580
f 1941 3580 3729
f 1941 3729 1942
f 1940 1941 1942
f 1940 1942 2019
f 2019 2960 1940
f 598 1940 2960
f 598 2960 599
f 562 598 599
f 599 563 562
f 561 562 563
f 561 563 2969
f 3145 561 2969
f 2968 3145 2969
f 2968 2969 664
f 664 2969 2027
f 2027 2969 148
f 2027 148 3224
f 3224 2028 2027
f 665 2027 2028
f 150 2028 3224
f 2028 150 2972
f 2972 1010 2028
f 1010 2972 1011
f 1010 1011 973
f 973 1011 974
f 972 973 974
f 974 618 972
f 3175 972 618
f 3175 698 972
f 3175 1505 698
f 2497 698 1505
f 2497 1505 3837
f 3837 1826 2497
f 974 1975 618
f 1974 618 1975
f 759 1974 1975
f 1975 3180 759
f 3180 3181 759
f 759 3181 760
f 759 760 732
f 732 760 731
f 731 619 732
f 1974 732 619
f 3127 731 760
f 3125 3127 760
f 3125 3126 3127
f 1928 3127 3126
f 3126 3590 1928
f 3590 446 1928
f 1928 446 493
f 493 1927 1928
f 1927 731 1928
f 731 1927 1984
f 493 1926 1927
f 493 446 494
f 453 493 494
f 448 494 446
f 446 447 448
f 448 447 1677
f 1677 3131 448
f 3131 2322 448
f 3131 2320 2322
f 2320 2321 2322
f 2322 2321 2476
f 2322 2476 494
f 2321 1733 2476
f 1733 1735 2476
f 1733 1734 1735
f 1734 2319 1735
f 2319 2477 1735
f 3445 1734 1733
f 3444 3445 1733
f 3444 3676 3445
f 3676 3444 3614
f 3614 2284 3676
f 3676 2284 1734
f 2482 1734 2284
f 2482 2284 2283
f 2282 2283 2284
f 2153 2282 2284
f 2282 2153 3655
f 2282 3655 1661
f 1663 2282 1661
f 1661 1662 1663
f 2281 1663 1662
f 1662 3660 2281
f 2759 2281 3660
f 2281 2759 3417
f 3660 1662 2066
f 2066 1662 3656
f 1662 3446 3656
f 3446 2344 3656
f 3656 2344 1202
f 3656 1202 1201
f 1201 1202 1203
f 1201 1203 2559
f 1303 1201 2559
f 2559 3252 1303
f 3252 1197 1303
f 1303 1197 1304
f 1196 1304 1197
f 1196 1197 1198
f 3111 1196 1198
f 1198 1801 3111
f 1801 1198 2402
f 1802 1801 2402
f 2402 3257 1802
f 1300 3257 2402
f 1300 2402 1701
f 1701 1301 1300
f 1299 1300 1301
f 1299 1301 1702
f 1702 2194 1299
f 2305 2194 1702
f 1294 2305 1702
f 1701 1294 1702
f 1293 2305 1294
f 1292 1293 1294
f 1294 3436 1292
f 3276 1292 3436
f 3276 3436 3271
f 3271 3270 3276
f 2559 3270 3271
f 3271 3436 3252
f 3436 1294 2401
f 2401 1197 3436
f 2402 2401 1294
f 1300 1299 1359
f 1701 1702 1301
f 1701 2402 1294
f 3257 1300 3700
f 1801 1802 1803
f 2401 2402 1198
f 1197 2401 1198
f 3252 3436 1197
f 3252 2559 3271
f 1203 3270 2559
f 2345 1203 1202
f 3319 1203 2345
f 2345 2228 3319
f 2228 2345 2344
f 2344 3447 2228
f 1202 2344 2345
f 3446 3447 2344
f 3447 3446 1506
f 3447 1506 1508
f 1506 1507 1508
f 1506 1746 1507
f 1746 1584 1507
f 2166 1584 1746
f 2166 1746 2167
f 2151 2166 2167
f 2167 2152 2151
f 2151 2152 2153
f 2153 3614 2151
f 3614 3615 2151
f 2296 3615 3614
f 2296 3614 2297
f 2295 2296 2297
f 3420 2295 2297
f 3661 3420 2297
f 3661 2297 1676
f 1675 3661 1676
f 1675 1676 1677
f 1677 2294 1675
f 2294 3429 1675
f 1675 3429 3428
f 2303 3428 3429
f 3429 2388 2303
f 3665 2388 3429
f 3429 3664 3665
f 3665 3664 3836
f 3836 3664 1349
f 2390 3836 1349
f 1349 2389 2390
f 2390 2389 3476
f 1783 2390 3476
f 3476 3153 1783
f 3153 1781 1783
f 1781 1782 1783
f 1782 2388 1783
f 1783 2388 3836
f 1782 2304 2388
f 1781 3327 1782
f 3327 3695 1782
f 3695 3435 1782
f 3435 3695 2216
f 3695 3604 2216
f 3695 3327 3604
f 3326 3604 3327
f 2372 3326 3327
f 2372 3327 3155
f 3155 1480 2372
f 1479 2372 1480
f 1478 1479 1480
f 1478 1480 3086
f 3086 3607 1478
f 1478 3607 2145
f 2144 1478 2145
f 2138 2144 2145
f 2145 2139 2138
f 2137 2138 2139
f 2137 2139 682
f 2137 682 1961
f 2245 2137 1961
f 1961 3392 2245
f 1625 2245 3392
f 1625 3392 1960
f 1960 389 1625
f 389 1623 1625
f 1623 1624 1625
f 3640 1625 1624
f 3640 1624 3394
f 2245 3640 3394
f 3394 2244 2245
f 2244 2237 2245
f 2144 2245 2237
f 2237 2238 2144
f 2238 2374 2144
f 2374 2238 3561
f 3561 3462 2374
f 3462 1535 2374
f 2374 1535 1478
f 1535 3462 3364
f 3364 1768 1535
f 1535 1768 1536
f 1535 1536 1479
f 1265 1536 1768
f 1536 1265 2372
f 2185 1768 3364
f 3364 2198 2185
f 2198 2199 2185
f 2199 2183 2185
f 2183 2184 2185
f 3599 2184 2183
f 3599 2183 3312
f 3599 3312 3311
f 1182 3599 3311
f 3311 3312 3313
f 3313 3598 3311
f 1463 3311 3598
f 3598 1462 1463
f 1462 1118 1463
f 3597 1462 3598
f 3597 3598 2131
f 3318 3597 2131
f 2130 3318 2131
f 2122 2130 2131
f 2122 2131 2123
f 2121 2122 2123
f 2439 2121 2123
f 2439 2123 3084
f 3084 2440 2439
f 2438 2439 2440
f 2438 2440 3382
f 3382 3806 2438
f 3806 1580 2438
f 2438 1580 1579
f 1578 1579 1580
f 1580 289 1578
f 289 3095 1578
f 2444 3095 289
f 222 2444 289
f 222 289 223
f 221 222 223
f 2223 221 223
f 223 3093 2223
f 2456 2223 3093
f 2456 3093 2454
f 2454 2455 2456
f 3430 2456 2455
f 2455 3824 3430
f 3430 3824 1707
f 1707 3824 1708
f 1706 1707 1708
f 2460 1706 1708
f 3110 2460 1708
f 2460 3110 401
f 355 2460 401
f 355 401 356
f 354 355 356
f 354 356 2298
f 354 2298 3108
f 3108 3109 354
f 3109 3108 3645
f 3109 3645 3399
f 3399 2460 3109
f 2460 3399 3810
f 1642 3810 3399
f 1643 1642 3399
f 1641 1642 1643
f 3644 1641 1643
f 3644 1643 3407
f 2265 3644 3407
f 3407 2256 2265
f 2264 2265 2256
f 2255 2264 2256
f 2254 2255 2256
f 3649 2255 2254
f 3649 2254 3632
f 3373 3649 3632
f 3632 3374 3373
f 3373 3374 3375
f 1560 3373 3375
f 1560 3375 3802
f 1560 3802 1561
f 1559 1560 1561
f 3631 1559 1561
f 3631 1561 2219
f 3101 3631 2219
f 2218 3101 2219
f 2218 2219 2209
f 2211 2218 2209
f 2209 2210 2211
f 3633 2211 2210
f 3633 2210 2045
f 3750 3633 2045
f 2044 3750 2045
f 2044 2045 2046
f 2046 1082 2044
f 1082 3566 2044
f 829 3566 1082
f 1081 829 1082
f 1080 1081 1082
f 1080 1082 2043
f 1080 2043 3366
f 1080 3366 1093
f 1080 1093 3172
f 3568 1080 3172
f 3568 3172 753
f 3567 3568 753
f 753 1969 3567
f 1969 2002 3567
f 2001 3567 2002
f 2001 2002 2003
f 2001 2003 2000
f 828 2001 2000
f 2000 1999 828
f 828 1999 829
f 827 828 829
f 1998 1999 2000
f 1998 2000 3742
f 1998 3742 480
f 3197 1998 480
f 3197 480 3551
f 3282 3197 3551
f 3282 3551 1753
f 1753 3501 3282
f 1753 1841 3501
f 1751 1753 3551
f 1751 1752 1753
f 1752 158 1753
f 1751 588 1752
f 588 1751 482
f 482 587 588
f 587 511 588
f 510 588 511
f 510 511 512
f 512 511 1930
f 512 1930 3142
f 512 3142 3454
f 3156 512 3454
f 3454 3142 3455
f 3454 3455 1773
f 3749 3454 1773
f 3749 1773 1772
f 1772 1773 1774
f 1772 1774 1000
f 1958 1772 1000
f 1000 1774 3461
f 1000 3461 621
f 1000 621 660
f 621 620 660
f 620 621 622
f 620 622 3230
f 620 3230 3231
f 3231 1901 620
f 3230 357 3231
f 357 3230 622
f 622 3773 357
f 357 3773 2118
f 3773 2119 2118
f 2118 2119 1417
f 2118 1417 3298
f 358 2118 3298
f 358 3298 1416
f 3298 1417 1416
f 1416 1417 1418
f 2117 1416 1418
f 3307 2117 1418
f 3307 1418 3308
f 3306 3307 3308
f 3308 3269 3306
f 43 3306 3269
f 3269 3268 43
f 43 3268 683
f 43 683 2059
f 43 2059 2060
f 2059 271 2060
f 683 271 2059
f 683 682 271
f 271 682 272
f 271 272 273
f 273 272 1166
f 1872 273 1166
f 1859 1872 1166
f 3086 1859 1166
f 1859 1858 1872
f 3580 1872 1858
f 1857 1858 1859
f 1859 3154 1857
f 3154 3504 1857
f 3504 2020 1857
f 1857 2020 2019
f 2019 2020 2021
f 2021 2020 1832
f 599 2021 1832
f 599 1832 913
f 1832 914 913
f 913 914 915
f 1843 913 915
f 1843 915 3066
f 3066 3217 1843
f 3216 1843 3217
f 3216 3217 3554
f 2972 3216 3554
f 2101 3554 3217
f 3554 2101 3125
f 3125 3181 3554
f 2101 2103 3125
f 2101 2102 2103
f 2102 3280 2103
f 3590 2103 3280
f 1350 3590 3280
f 1350 3280 1348
f 1348 1349 1350
f 1349 447 1350
f 1350 447 3590
f 2102 1348 3280
f 1348 2102 3291
f 3291 2389 1348
f 2389 3291 3591
f 3291 914 3591
f 914 1831 3591
f 1831 3476 3591
f 915 3291 2102
f 3066 2102 2101
f 1842 1843 3216
f 150 1842 3216
f 149 1842 150
f 148 149 150
f 149 913 1842
f 563 913 149
f 3217 3066 2101
f 915 2102 3066
f 1842 913 1843
f 914 3291 915
f 1831 914 1832
f 1832 2020 1831
f 3504 1831 2020
f 3504 3153 1831
f 3154 3153 3504
f 3153 3154 3155
f 1859 3155 3154
f 3729 1858 1857
f 272 3607 1166
f 681 682 683
f 3268 681 683
f 1953 681 3268
f 1953 3160 681
f 3160 1960 681
f 681 1960 1961
f 1952 3160 1953
f 1951 1952 1953
f 3308 1951 1953
f 1952 1951 2089
f 2089 1951 3519
f 3519 2087 2089
f 2087 2088 2089
f 2089 2088 387
f 3160 2089 387
f 387 389 3160
f 387 388 389
f 387 1261 388
f 1261 1905 388
f 1623 388 1905
f 1905 1891 1623
f 1891 1905 1906
f 1906 1890 1891
f 1890 1624 1891
f 1624 1890 3496
f 1624 3496 3522
f 3051 3522 3496
f 3496 3052 3051
f 3050 3051 3052
f 3050 3052 73
f 3397 3050 73
f 72 3397 73
f 71 72 73
f 73 3495 71
f 71 3495 3222
f 3222 1823 71
f 1822 71 1823
f 1813 1822 1823
f 1813 1823 1814
f 1812 1813 1814
f 1812 1814 3498
f 3498 2639 1812
f 2638 1812 2639
f 2638 2639 2640
f 3138 2638 2640
f 2640 3610 3138
f 594 3138 3610
f 594 3610 592
f 592 593 594
f 3344 594 593
f 3344 593 2643
f 1512 3344 2643
f 1512 2643 1014
f 1016 1512 1014
f 1014 1015 1016
f 1936 1016 1015
f 2656 1936 1015
f 3353 1936 2656
f 2656 2209 3353
f 2209 2656 2657
f 2657 2656 1014
f 1014 3697 2657
f 1005 2657 3697
f 3697 1006 1005
f 1004 1005 1006
f 1004 1006 2661
f 3366 1004 2661
f 2661 1006 1539
f 1539 1093 2661
f 1093 1539 1094
f 1093 1094 1095
f 1095 1094 2022
f 1095 2022 3362
f 1095 3362 3361
f 1095 3361 3540
f 3540 3171 1095
f 3171 3172 1095
f 3171 3540 3733
f 3733 751 3171
f 753 3171 751
f 751 752 753
f 3178 752 751
f 3178 751 3546
f 3178 3546 1976
f 3178 1976 1968
f 1968 1976 1977
f 1969 1968 1977
f 752 1968 1969
f 1976 3544 1977
f 1977 3544 3545
f 3545 3120 1977
f 3119 1977 3120
f 3119 3120 481
f 3742 3119 481
f 481 3120 3529
f 3529 482 481
f 480 481 482
f 3529 3120 3530
f 3529 3530 1923
f 587 3529 1923
f 587 1923 1929
f 587 1929 1930
f 1922 1929 1923
f 1921 1922 1923
f 1921 3531 1922
f 1922 3531 3532
f 3532 3938 1922
f 3938 3532 3939
f 3939 3357 3938
f 3357 3359 3938
f 3938 3359 3948
f 1929 3938 3948
f 1929 3948 3951
f 3951 3142 1929
f 3951 3948 3954
f 3455 3951 3954
f 3954 3960 3455
f 3960 3954 3961
f 3960 3961 3816
f 3816 1774 3960
f 3816 3968 1774
f 3818 3968 3816
f 3816 3817 3818
f 3817 3970 3818
f 3818 3970 3973
f 3818 3973 2119
f 2119 3973 3845
f 3845 3976 2119
f 2119 3976 2087
f 3976 3934 2087
f 2087 3934 3822
f 3934 3823 3822
f 3822 3823 1261
f 1261 2088 3822
f 3823 3911 1261
f 3911 1906 1261
f 3875 1906 3911
f 3875 3911 3912
f 3875 3912 3336
f 3336 3874 3875
f 3875 3874 3991
f 3223 3991 3874
f 3223 3222 3991
f 3336 3223 3874
f 3336 3335 3223
f 3926 3223 3335
f 3929 3926 3335
f 3929 3335 3577
f 2640 3929 3577
f 2640 3577 3576
f 3576 3577 3578
f 3608 3576 3578
f 3608 3578 3582
f 3584 3608 3582
f 3582 3583 3584
f 3583 3894 3584
f 3584 3894 4017
f 4017 3609 3584
f 3609 4017 4024
f 4024 4028 3609
f 4028 592 3609
f 4024 593 4028
f 3825 593 4024
f 4024 3826 3825
f 3825 3826 3586
f 3586 4042 3825
f 4042 2643 3825
f 4043 4042 3586
f 3324 4043 3586
f 3586 3587 3324
f 3325 3324 3587
f 3325 3587 4049
f 3325 4049 4051
f 4051 3323 3325
f 4056 3323 4051
f 4059 4056 4051
f 4059 4051 4061
f 4061 3363 4059
f 3362 4059 3363
f 3363 4061 4069
f 3363 4069 4072
f 3733 3363 4072
f 3827 3733 4072
f 3827 4072 4078
f 4078 4081 3827
f 4081 3828 3827
f 3827 3828 3546
f 3828 4081 4083
f 1976 3828 4083
f 3629 1976 4083
f 3629 4083 3834
f 3629 3834 3531
f 3544 3629 3531
f 4083 3477 3834
f 3477 3479 3834
f 3834 3479 3833
f 3833 3532 3834
f 3833 3479 4107
f 3833 4107 3939
f 3939 4107 3923
f 3923 4107 3924
f 3923 3924 3925
f 4114 3923 3925
f 3925 4115 4114
f 4114 4115 3514
f 4114 3514 4117
f 4117 3514 3840
f 4117 3840 4120
f 4117 4120 3358
f 3358 3357 4117
f 3923 4117 3357
f 4128 3358 4120
f 4128 4120 3817
f 3817 3961 4128
f 3961 3358 4128
f 3961 3359 3358
f 4120 3840 3817
f 3817 3840 3839
f 3838 3839 3840
f 3840 3513 3838
f 4140 3838 3513
f 3513 4142 4140
f 4142 4144 4140
f 4140 4144 4147
f 4140 4147 4148
f 4148 4150 4140
f 3843 4140 4150
f 3844 3843 4150
f 3843 3844 3845
f 3838 3843 3845
f 3970 3838 3845
f 4150 4148 3844
f 3933 3844 4148
f 3844 3933 3934
f 3933 3778 3934
f 3778 3933 4161
f 4161 3779 3778
f 3778 3779 3780
f 3778 3780 3823
f 3337 3780 3779
f 3779 3683 3337
f 3683 3578 3337
f 4172 3683 3779
f 4174 4172 3779
f 4172 4174 4175
f 4175 3895 4172
f 3895 3682 4172
f 3682 3895 3894
f 3893 3894 3895
f 3893 3895 3469
f 3893 3469 3468
f 3893 3468 4178
f 4178 3468 3783
f 4178 3783 3782
f 4178 3782 3894
f 3781 3782 3783
f 3781 3783 4184
f 3781 4184 4188
f 3781 4188 3826
f 4189 3781 3826
f 3826 4188 3906
f 3906 4193 3826
f 3587 3826 4193
f 3906 4198 4193
f 4193 4198 4049
f 4198 4201 4049
f 4061 4049 4201
f 3790 4061 4201
f 3790 4201 3791
f 3790 3791 3450
f 3450 3449 3790
f 4207 3790 3449
f 3449 4209 4207
f 4209 4210 4207
f 4212 4207 4210
f 4212 4210 4215
f 4212 4215 4217
f 4217 3570 4212
f 4078 4212 3570
f 3570 3901 4078
f 3570 3900 3901
f 3900 3478 3901
f 4226 3901 3478
f 3478 3477 4226
f 3901 4226 4081
f 3478 3900 4235
f 3478 4235 3794
f 3478 3794 3795
f 3795 3479 3478
f 3795 3794 4238
f 3795 4238 3924
f 3924 4238 4241
f 4243 4241 4238
f 4247 4243 4238
f 4238 4250 4247
f 4247 4250 4251
f 4250 3740 4251
f 4251 3740 3671
f 4251 3671 3670
f 3804 4251 3670
f 3670 3805 3804
f 3803 3804 3805
f 3805 3441 3803
f 3441 3443 3803
f 3803 3443 4263
f 4263 3443 3511
f 4263 3511 3512
f 3512 3925 4263
f 4270 4263 3925
f 3925 4241 4270
f 4270 3804 4263
f 4270 4243 3804
f 3511 3508 3512
f 3512 3508 4276
f 3515 3512 4276
f 4276 3513 3515
f 3513 3514 3515
f 4115 3512 3515
f 3510 4276 3508
f 3508 3509 3510
f 3510 3509 4281
f 3525 4281 3509
f 3509 3523 3525
f 3523 3524 3525
f 3525 3524 4287
f 3525 4287 4144
f 4287 3524 3434
f 4287 3434 4293
f 4147 4287 4293
f 4147 4293 4161
f 4293 4174 4161
f 4293 3434 4174
f 4174 3434 3809
f 3434 3433 3809
f 3809 3433 4175
f 4175 3433 3469
f 3469 3433 3470
f 3433 3432 3470
f 3432 4303 3470
f 3468 3470 4303
f 4184 3468 4303
f 4184 4303 3879
f 3879 3907 4184
f 3879 3908 3907
f 3906 3907 3908
f 4311 3908 3879
f 4311 3879 3880
f 3880 4312 4311
f 3791 4311 4312
f 3880 3811 4312
f 3813 4312 3811
f 3811 3812 3813
f 4319 3813 3812
f 3812 4322 4319
f 4322 4157 4319
f 4319 4157 4326
f 4319 4326 3451
f 4215 3451 4326
f 4215 4326 4330
f 4330 4326 4158
f 4330 4158 3658
f 3571 4330 3658
f 4334 3571 3658
f 4334 3658 3657
f 3657 3369 4334
f 3572 4334 3369
f 4340 3572 3369
f 3369 3423 4340
f 4340 3423 4342
f 4340 4342 4343
f 4344 4343 4342
f 4344 4342 4346
f 3794 4344 4346
f 4250 4346 4342
f 4342 3741 4250
f 3900 4343 4344
f 3572 4343 3900
f 4342 3423 3741
f 3740 3741 3423
f 4350 3740 3423
f 3423 3422 4350
f 3422 4351 4350
f 4352 4350 4351
f 4353 4352 4351
f 4353 4351 3347
f 4353 3347 4354
f 4354 3748 4353
f 4353 3748 3747
f 3746 3747 3748
f 3748 4359 3746
f 3746 4359 3350
f 3746 3350 3413
f 3868 3746 3413
f 3413 3415 3868
f 3919 3868 3415
f 3415 3918 3919
f 4362 3919 3918
f 3918 4365 4362
f 4362 4365 4369
f 4362 4369 4371
f 4371 4369 3685
f 3680 4371 3685
f 3680 3685 3684
f 3681 3680 3684
f 3681 3684 3671
f 3684 3672 3671
f 3679 3680 3681
f 3679 3681 4352
f 4352 3868 3679
f 4352 3747 3868
f 3684 3685 3672
f 3680 3679 4371
f 3919 4371 3679
f 3685 4369 3672
f 4369 3805 3672
f 4386 3805 4369
f 4387 4386 4369
f 4387 4389 4386
f 4386 4389 3752
f 4386 3752 3751
f 3689 3751 3752
f 3752 4394 3689
f 4394 4396 3689
f 3689 4396 4397
f 3689 4397 3690
f 3689 3690 3691
f 3691 3690 3442
f 3441 3691 3442
f 3751 3691 3441
f 4403 3442 3690
f 3443 3442 4403
f 4405 3443 4403
f 4403 4407 4405
f 4405 4407 4409
f 4405 4409 4411
f 4405 4411 3508
f 3508 4411 4415
f 4411 4416 4415
f 4415 4416 3523
f 4411 4419 4416
f 4416 4419 3754
f 3753 4416 3754
f 3753 3754 3755
f 3755 4080 3753
f 3753 4080 4423
f 3524 3753 4423
f 4080 4425 4423
f 3432 4423 4425
f 3434 4423 3432
f 4425 4080 3766
f 4425 3766 4303
f 4303 3766 3765
f 3765 3766 3767
f 3767 3811 3765
f 3766 4079 3767
f 3767 4079 4432
f 3767 4432 3878
f 3767 3878 3812
f 4432 4070 3878
f 3878 4070 4071
f 4322 3878 4071
f 3862 4322 4071
f 3862 4071 3717
f 3863 3862 3717
f 3717 4060 3863
f 3863 4060 4439
f 4441 3863 4439
f 4441 4439 4443
f 4441 4443 3941
f 3941 4050 4441
f 4050 4446 4441
f 3739 4446 4050
f 3737 3739 4050
f 4050 3769 3737
f 3768 3737 3769
f 3768 3769 4448
f 4208 3768 4448
f 4208 4448 4450
f 3349 4208 4450
f 3349 4450 3355
f 3349 3355 3354
f 3354 3776 3349
f 4354 3349 3776
f 3776 3354 3774
f 3774 3775 3776
f 3776 3775 4359
f 4359 3775 3351
f 3775 3886 3351
f 3352 3351 3886
f 3886 3887 3352
f 3887 4112 3352
f 4112 3702 3352
f 3352 3702 3350
f 3350 3702 3703
f 3702 3757 3703
f 3757 3414 3703
f 3414 3413 3703
f 3757 4106 3414
f 3414 4106 4460
f 3414 4460 3415
f 4106 4462 4460
f 4460 4462 3918
f 4106 3850 4462
f 3851 4462 3850
f 3850 3267 3851
f 3267 3263 3851
f 3851 3263 3788
f 3851 3788 3704
f 3851 3704 4387
f 3788 3265 3704
f 3265 3705 3704
f 3704 3705 3706
f 4389 3704 3706
f 3705 4394 3706
f 3705 4084 4394
f 4084 3705 4475
f 4085 4084 4475
f 4475 4478 4085
f 4085 4478 4480
f 3715 4085 4480
f 3715 4480 3718
f 4070 3715 3718
f 4070 4484 3715
f 4484 4485 3715
f 4485 3713 3715
f 3713 3714 3715
f 4487 3714 3713
f 4489 4487 3713
f 3858 4489 3713
f 4489 3858 4409
f 4419 4409 3858
f 4407 4487 4489
f 4397 3714 4487
f 4403 4397 4487
f 3858 3713 4485
f 4485 3859 3858
f 3857 3858 3859
f 4079 3857 3859
f 4079 3755 3857
f 3858 3857 3754
f 3859 4485 4484
f 3859 4484 4070
f 4480 3719 3718
f 3717 3718 3719
f 4480 3967 3719
f 3719 3967 3957
f 3719 3957 4502
f 4443 3719 4502
f 4502 3728 4443
f 4508 3728 4502
f 4502 3959 4508
f 4508 3959 4492
f 4508 4492 4511
f 4492 3856 4511
f 3856 3830 4511
f 4511 3830 3726
f 4511 3726 3728
f 3726 3727 3728
f 3728 3727 3721
f 3942 3728 3721
f 4516 3942 3721
f 3721 3720 4516
f 3720 4044 4516
f 4450 4516 4044
f 3720 4290 4044
f 4045 4044 4290
f 4290 3617 4045
f 3616 4045 3617
f 3616 3617 3618
f 3620 3616 3618
f 3620 3618 4138
f 3620 4138 3613
f 3619 3620 3613
f 4500 3619 3613
f 3612 4500 3613
f 3611 3612 3613
f 3613 4137 3611
f 3611 4137 3626
f 4137 3627 3626
f 3626 3627 3628
f 3626 3628 4130
f 4130 4129 3626
f 3626 4129 3612
f 4122 3612 4129
f 4122 4129 3848
f 4122 3848 3847
f 4123 4122 3847
f 4123 3847 3731
f 3730 4123 3731
f 3730 3731 3732
f 3708 3730 3732
f 3708 3732 4535
f 3709 3708 4535
f 3709 4535 3987
f 3709 3987 3988
f 3709 3988 4111
f 3709 4111 3982
f 3888 3709 3982
f 3888 3982 3865
f 3864 3888 3865
f 3864 3865 3866
f 3866 3978 3864
f 3846 3864 3978
f 3846 3978 3977
f 3734 3846 3977
f 3979 3734 3977
f 3979 3735 3734
f 3734 3735 3736
f 3734 3736 3972
f 3734 3972 3770
f 3771 3770 3972
f 3972 3971 3771
f 3771 3971 4308
f 3771 4308 4309
f 4309 3772 3771
f 3884 3772 4309
f 4299 3772 3884
f 4299 3884 4504
f 4504 4497 4299
f 4299 4497 4498
f 4299 4498 3730
f 4116 4299 3730
f 4497 4500 4498
f 4121 4498 4500
f 4498 4121 4123
f 4500 4497 4503
f 4497 4504 4503
f 4503 4504 4505
f 4505 4016 4503
f 3619 4503 4016
f 4509 4016 4505
f 3883 4509 4505
f 3883 3887 4509
f 3883 3910 3887
f 3909 3910 3883
f 3883 3885 3909
f 4459 3909 3885
f 3885 4308 4459
f 4308 4196 4459
f 4459 4196 4197
f 4459 4197 4461
f 4459 4461 4297
f 3913 4297 4461
f 3913 4461 3914
f 3913 3914 3915
f 3913 3915 4112
f 4112 3910 3913
f 4112 3915 3820
f 3915 3821 3820
f 3820 3821 3758
f 3820 3758 3757
f 3756 3757 3758
f 3758 4540 3756
f 4540 4182 3756
f 3756 4182 4106
f 4105 4106 4182
f 4182 4183 4105
f 3266 4105 4183
f 4183 4274 3266
f 4274 3260 3266
f 3266 3260 3259
f 3266 3259 3267
f 3258 3259 3260
f 3260 3917 3258
f 3258 3917 3264
f 3263 3258 3264
f 3263 3264 3265
f 3265 3264 4475
f 4475 3264 4488
f 4488 3264 3917
f 4488 3917 3916
f 3916 3958 4488
f 3958 3967 4488
f 4478 4488 3967
f 3958 3916 4492
f 3759 4492 3916
f 3916 3917 3759
f 3917 4015 3759
f 3760 3759 4015
f 3273 3760 4015
f 4015 3274 3273
f 3272 3273 3274
f 4539 3272 3274
f 4539 3274 4540
f 3274 4014 4540
f 3882 3272 4539
f 4268 3882 4539
f 4539 3821 4268
f 4012 4268 3821
f 4012 4011 4268
f 4268 4011 3114
f 3114 4262 4268
f 4262 3881 4268
f 4262 3089 3881
f 3881 3089 3273
f 3089 3921 3273
f 3921 3089 3999
f 3921 3999 3922
f 3920 3921 3922
f 3922 4467 3920
f 4372 3920 4467
f 4467 4373 4372
f 4372 4373 3831
f 3831 3856 4372
f 3927 3831 4373
f 4136 3927 4373
f 4136 4373 3627
f 3927 4136 3928
f 3927 3928 3617
f 3618 3928 4136
f 4290 3831 3927
f 3722 3831 4290
f 3722 3727 3831
f 3830 3831 3727
f 3627 4373 4467
f 3876 3627 4467
f 4372 3856 3920
f 3920 3856 4471
f 3856 3761 4471
f 3761 3760 4471
f 3921 4471 3760
f 3759 3761 3856
f 3876 4467 3922
f 3876 3922 4000
f 4000 3088 3876
f 3877 3876 3088
f 3088 4481 3877
f 4481 4482 3877
f 3931 3877 4482
f 4482 3932 3931
f 3930 3931 3932
f 3932 4532 3930
f 4324 3930 4532
f 4532 4533 4324
f 4318 4324 4533
f 4318 4533 4534
f 3890 4318 4534
f 4534 4537 3890
f 3937 3890 4537
f 3937 4537 3935
f 3935 3936 3937
f 3936 3473 3937
f 4538 3937 3473
f 3473 3472 4538
f 3842 4538 3472
f 3472 3841 3842
f 3842 3841 4167
f 3842 4167 3872
f 3872 3871 3842
f 3890 3842 3871
f 3871 4317 3890
f 3871 3873 4317
f 4324 4317 3873
f 3873 4325 4324
f 3873 4213 4325
f 4325 4213 3930
f 4213 3786 3930
f 4213 3872 3786
f 3786 3872 4166
f 3786 4166 3787
f 3785 3786 3787
f 3787 4205 3785
f 3785 4205 3849
f 4331 3785 3849
f 3849 3891 4331
f 3891 3877 4331
f 3628 3877 3891
f 3891 3849 3892
f 3891 3892 4130
f 3848 3892 3849
f 3849 4205 4444
f 3847 3849 4444
f 4205 4447 4444
f 3732 4444 4447
f 4447 3464 3732
f 3464 4447 4598
f 3465 3464 4598
f 3465 4598 3869
f 3465 3869 3457
f 4111 3465 3457
f 3896 4111 3457
f 3457 3456 3896
f 3896 3456 4102
f 4102 3456 3467
f 4103 4102 3467
f 4393 4103 3467
f 4392 4393 3467
f 3467 3466 4392
f 4392 3466 4091
f 4392 4091 4398
f 4398 4091 3797
f 3796 4398 3797
f 3796 3797 3798
f 3796 3798 4335
f 4236 3796 4335
f 4335 4348 4236
f 4348 4341 4236
f 3899 4236 4341
f 4341 3866 3899
f 3866 3898 3899
f 3898 3866 4103
f 3983 4103 3866
f 3898 4236 3899
f 3898 4237 4236
f 3898 4393 4237
f 4393 4398 4237
f 4348 4349 4341
f 4341 4349 3978
f 4422 3978 4349
f 4422 3979 3978
f 4422 4420 3979
f 3979 4420 3712
f 3979 3712 3711
f 3710 3711 3712
f 3710 3712 4414
f 3710 4414 4606
f 4414 4429 4606
f 4429 3736 4606
f 3736 4429 3971
f 3971 4429 3904
f 3971 3904 3905
f 3971 3905 4196
f 3090 4196 3905
f 3905 3091 3090
f 3090 3091 3092
f 3090 3092 4197
f 3097 4197 3092
f 3092 3098 3097
f 3096 3097 3098
f 3098 3087 3096
f 3089 3096 3087
f 3087 3088 3089
f 4481 3087 3098
f 3113 3097 3096
f 3113 3096 3114
f 3113 3114 3115
f 3914 3113 3115
f 3115 4011 3914
f 4197 3113 3914
f 3098 3092 4406
f 4406 3932 3098
f 4406 4449 3932
f 4402 4449 4406
f 4402 4406 3815
f 3903 4402 3815
f 3815 3814 3903
f 4413 3903 3814
f 4413 3814 4429
f 4413 4456 3903
f 4456 4401 3903
f 4455 4401 4456
f 4455 4533 4401
f 4449 4401 4533
f 4413 4455 4456
f 3712 4455 4413
f 3935 4455 3712
f 3814 3815 3091
f 3091 3904 3814
f 3903 4401 4402
f 3815 4406 3091
f 4402 4401 4449
f 3113 4197 3097
f 3091 4406 3092
f 3904 3091 3905
f 4429 3814 3904
f 4429 4414 4413
f 3712 4413 4414
f 3711 3710 4606
f 3711 4606 3735
f 4420 3935 3712
f 4227 3935 4420
f 4335 4227 4420
f 4335 4620 4227
f 3798 4227 4620
f 3798 4228 4227
f 3935 4227 4228
f 4420 4422 4348
f 4422 4349 4348
f 4348 4335 4420
f 3796 4236 4237
f 4620 4335 3798
f 3798 3797 4228
f 3936 4228 3797
f 3797 4090 3936
f 4090 3471 3936
f 4090 3829 3471
f 3829 4222 3471
f 3472 3471 4222
f 4222 3829 3745
f 3867 4222 3745
f 3745 3744 3867
f 3744 4160 3867
f 3867 4160 4168
f 3867 4168 3841
f 4168 4160 4166
f 4166 4167 4168
f 3744 3870 4160
f 3870 3787 4160
f 4173 3787 3870
f 3869 4173 3870
f 3869 3870 3744
f 3869 3744 3458
f 3744 3743 3458
f 3456 3458 3743
f 3456 3743 3466
f 3743 3744 3745
f 3841 4222 3867
f 3743 3745 3829
f 3829 4091 3743
f 4091 3829 4090
f 4237 4398 3796
f 4090 3797 4091
f 3466 3743 4091
f 4393 4392 4398
f 4103 4393 3898
f 3983 4102 4103
f 4102 3983 4111
f 3456 3466 3467
f 3456 3457 3458
f 4111 3896 4102
f 3457 3869 3458
f 4598 4173 3869
f 3463 3464 3465
f 3463 3465 3988
f 4535 3464 3463
f 4173 4598 4447
f 4447 4205 4173
f 3787 4173 4205
f 4331 3786 3785
f 3786 4331 3931
f 3787 4166 4160
f 3873 3872 4213
f 3871 3872 3873
f 3872 4167 4166
f 3841 4168 4167
f 4222 3841 3472
f 3890 4538 3842
f 3471 3472 3473
f 3936 3471 3473
f 4228 3936 3935
f 3935 4537 4455
f 4538 3890 3937
f 4537 4534 4455
f 4317 4318 3890
f 4455 4534 4533
f 4317 4324 4318
f 4533 4532 4449
f 4324 4325 3930
f 3932 4449 4532
f 3931 3930 3786
f 3098 3932 4482
f 3877 3931 4331
f 4481 3098 4482
f 4481 3088 3087
f 3876 3877 3628
f 3088 4000 3089
f 4471 3921 3920
f 4000 3922 3999
f 3999 3089 4000
f 3096 3089 4262
f 3114 3096 4262
f 3115 3114 4011
f 3914 4011 4012
f 4268 3881 3882
f 3881 3272 3882
f 3881 3273 3272
f 4014 3274 4015
f 4274 4014 4015
f 3921 3760 3273
f 3759 3760 3761
f 4015 3917 3260
f 3258 3263 3259
f 4274 4015 3260
f 4183 4014 4274
f 4105 3266 3850
f 4182 4014 4183
f 4540 4014 4182
f 3758 4539 4540
f 3821 4539 3758
f 4012 3821 3915
f 3915 3914 4012
f 3913 3910 4297
f 4461 4197 3914
f 4196 3090 4197
f 4308 3885 3884
f 4297 3909 4459
f 3883 3884 3885
f 3909 4297 3910
f 4016 4509 3886
f 4505 4504 3883
f 4504 3884 3883
f 3772 4299 4116
f 3707 3772 4116
f 3708 3707 4116
f 3707 3889 3772
f 3770 3772 3889
f 3888 3770 3889
f 3770 3888 3846
f 3707 3709 3889
f 4308 3884 4309
f 3971 4196 4308
f 3770 3771 3772
f 3736 3971 3972
f 3736 3735 4606
f 3979 3711 3735
f 3734 3770 3846
f 3977 3978 3979
f 3866 4341 3978
f 3866 3865 3983
f 3864 3846 3888
f 3982 3983 3865
f 3888 3889 3709
f 3983 3982 4111
f 3988 3465 4111
f 3987 3463 3988
f 3987 4535 3463
f 3707 3708 3709
f 4535 3732 3464
f 4116 3730 3708
f 3732 3731 4444
f 3730 4498 4123
f 4444 3731 3847
f 4121 4122 4123
f 3847 3848 3849
f 3892 3848 4129
f 4121 3612 4122
f 4129 4130 3892
f 4130 3628 3891
f 3876 3628 3627
f 4137 4136 3627
f 4136 4137 4138
f 3612 3611 3626
f 4500 3612 4121
f 4503 3619 4500
f 4016 3620 3619
f 3620 4016 3852
f 3852 4016 3774
f 3774 3356 3852
f 3616 3852 3356
f 3613 4138 4137
f 4136 4138 3618
f 3852 3616 3620
f 3618 3617 3928
f 3356 4045 3616
f 4045 3356 3355
f 3617 4290 3927
f 3355 4044 4045
f 3722 4290 3720
f 3720 3721 3722
f 3942 4516 3940
f 3940 3941 3942
f 4448 3940 4516
f 3942 3941 3728
f 3721 3727 3722
f 3830 3727 3726
f 3831 3830 3856
f 4492 3759 3856
f 3959 3958 4492
f 3957 3958 3959
f 4511 3728 4508
f 4443 4060 3719
f 3957 3959 4502
f 3967 3958 3957
f 4085 3715 3714
f 4480 4478 3967
f 4488 4478 4475
f 4084 4085 3714
f 4084 3714 4396
f 3265 4475 3705
f 3263 3265 3788
f 3267 3259 3263
f 3850 3266 3267
f 4462 3851 4387
f 4387 4365 4462
f 4105 3850 4106
f 4106 3757 3756
f 3757 3702 3820
f 4112 3820 3702
f 4112 3887 3910
f 3886 4509 3887
f 3350 3351 3352
f 4016 3886 3775
f 3775 3774 4016
f 3356 3774 3354
f 3354 3355 3356
f 3355 4450 4044
f 3348 4208 3349
f 3347 3348 3349
f 3348 3347 4668
f 3348 4668 3368
f 3368 3370 3348
f 3368 3369 3370
f 4668 3422 3368
f 4668 3347 3422
f 3348 3370 4208
f 4450 4448 4516
f 3768 4208 3370
f 4448 3769 3940
f 3370 3737 3768
f 3657 3737 3370
f 3657 3738 3737
f 3657 3659 3738
f 3739 3738 3659
f 3739 3659 3658
f 3739 3658 3861
f 3863 3739 3861
f 4154 3861 3658
f 4154 4609 3861
f 3861 4609 3862
f 4154 4157 4609
f 4157 4154 4158
f 3769 4050 3940
f 3737 3738 3739
f 4446 3739 3863
f 3940 4050 3941
f 3941 4443 3728
f 3863 4441 4446
f 4439 4060 4443
f 3719 4060 3717
f 3861 3862 3863
f 4071 3718 3717
f 3862 4609 4322
f 4070 3718 4071
f 4432 3859 4070
f 4079 3859 4432
f 3766 4080 4079
f 3755 4079 4080
f 3755 3754 3857
f 3753 3524 4416
f 4419 3858 3754
f 4411 4409 4419
f 4407 4489 4409
f 4403 4487 4407
f 3690 4397 4403
f 4396 3714 4397
f 4394 4084 4396
f 4394 3752 3706
f 3751 3689 3691
f 4389 3706 3752
f 4387 3704 4389
f 3805 4386 3751
f 4365 4387 4369
f 3918 4462 4365
f 4371 3919 4362
f 4460 3918 3415
f 3919 3679 3868
f 3413 3414 3415
f 3350 3703 3413
f 4359 3351 3350
f 3776 4359 3748
f 3746 3868 3747
f 4354 3776 3748
f 3349 4354 3347
f 4352 4353 3747
f 3681 4350 4352
f 3422 3347 4351
f 3368 3422 3423
f 3740 4350 3681
f 3369 3368 3423
f 4343 3572 4340
f 3369 3657 3370
f 3657 3658 3659
f 3572 3571 4334
f 3570 3571 3572
f 3571 4217 4330
f 3658 4158 4154
f 4157 4158 4326
f 4157 4322 4609
f 3878 4322 3812
f 3813 4319 3451
f 3813 3451 3450
f 3811 3767 3812
f 3450 4312 3813
f 3765 3811 3880
f 3879 3765 3880
f 3908 4311 3791
f 4303 3765 3879
f 3432 4425 4303
f 3432 3433 3434
f 3524 4423 3434
f 3523 4416 3524
f 4415 3523 3509
f 4281 3525 4144
f 3508 4415 3509
f 4281 4276 3510
f 4142 4276 4281
f 4405 3508 3511
f 3443 4405 3511
f 3441 3442 3443
f 3805 3751 3441
f 3804 3803 4263
f 3670 3672 3805
f 4243 4251 3804
f 3670 3671 3672
f 3740 3681 3671
f 3741 3740 4250
f 4346 4250 4238
f 4247 4251 4243
f 4243 4270 4241
f 3794 4346 4238
f 4235 4344 3794
f 4235 3900 4344
f 3900 3570 3572
f 4217 3571 3570
f 4217 4215 4330
f 3451 4215 4210
f 4072 4207 4212
f 4209 3451 4210
f 4209 3449 3451
f 3790 4207 4069
f 3449 3450 3451
f 3450 3791 4312
f 3908 3791 4201
f 4201 4198 3908
f 3906 3908 4198
f 3906 4188 3907
f 3907 4188 4184
f 3782 3781 4189
f 4189 4017 3782
f 3783 3468 4184
f 3468 3469 3470
f 3894 3893 4178
f 3469 3895 4175
f 3809 4175 4174
f 3683 4172 3682
f 3682 3582 3683
f 3780 3337 3912
f 4174 3779 4161
f 4147 4161 3933
f 4148 4147 3933
f 4144 4287 4147
f 4144 4142 4281
f 4276 4142 3513
f 3838 4140 3843
f 3839 3838 3970
f 3514 3513 3840
f 4115 3515 3514
f 3925 3512 4115
f 4117 3923 4114
f 4241 3925 3924
f 3924 4107 3795
f 3479 3795 4107
f 3477 3478 3479
f 4083 4226 3477
f 4081 4226 4083
f 4078 3901 4081
f 4078 4072 4212
f 4072 4069 4207
f 4069 4061 3790
f 3362 4056 4059
f 3362 3490 4056
f 3490 3323 4056
f 3489 3323 3490
f 1539 3489 3490
f 3323 3489 3324
f 3324 3489 3699
f 3489 3697 3699
f 3697 3698 3699
f 3699 3698 4043
f 4049 4061 4051
f 4049 3587 4193
f 3323 3324 3325
f 3699 4043 3324
f 3698 4042 4043
f 4042 3698 1014
f 3826 3587 3586
f 3826 4024 4189
f 4189 4024 4017
f 3782 4017 3894
f 3894 3583 3682
f 3583 3582 3682
f 3609 3608 3584
f 3608 3609 3610
f 3683 3582 3578
f 3610 3576 3608
f 3337 3578 3577
f 3577 3335 3337
f 3498 3926 3929
f 3926 1823 3223
f 3335 3336 3337
f 3912 3337 3336
f 3911 3780 3912
f 3875 3991 1906
f 3823 3780 3911
f 3778 3823 3934
f 3844 3934 3976
f 3845 3844 3976
f 3970 3845 3973
f 3817 3839 3970
f 3968 3818 3773
f 3816 3961 3817
f 3954 3359 3961
f 3954 3948 3359
f 3357 3358 3359
f 3357 3939 3923
f 3532 3833 3939
f 3531 3834 3532
f 3531 1921 3544
f 1929 1922 3938
f 1923 3530 1921
f 3545 1921 3530
f 2003 1977 3119
f 3545 3530 3120
f 3545 3544 1921
f 3544 1976 3629
f 1976 3546 3828
f 3827 3546 751
f 1968 752 3178
f 751 3733 3827
f 3540 3363 3733
f 3363 3540 3361
f 3361 3362 3363
f 2022 3490 3362
f 3490 2022 1094
f 1094 1539 3490
f 1539 1006 3489
f 2043 1005 1004
f 1005 2043 4723
f 4723 2046 1005
f 2046 2210 1005
f 1006 3697 3489
f 2210 2657 1005
f 3697 1014 3698
f 3381 1936 3353
f 2219 3381 3353
f 3380 1936 3381
f 3802 3380 3381
f 3210 1936 3380
f 3380 3192 3210
f 4163 3210 3192
f 4164 4163 3192
f 3192 4254 4164
f 4592 4164 4254
f 3638 4592 4254
f 3638 4254 4431
f 3638 4431 3639
f 3638 3639 3138
f 3639 4431 3853
f 3853 3855 3639
f 2638 3639 3855
f 3853 3854 3855
f 3854 3385 3855
f 1812 3855 3385
f 3385 3386 1812
f 3385 4229 3386
f 4229 4231 3386
f 4231 3860 3386
f 1822 3386 3860
f 3860 4239 1822
f 72 1822 4239
f 4239 4495 72
f 4240 4495 4239
f 4495 4240 3650
f 3650 3652 4495
f 3652 3397 4495
f 3651 3397 3652
f 3397 3651 3398
f 3396 3397 3398
f 3398 4452 3396
f 3806 3396 4452
f 3806 4452 4451
f 3651 4451 4452
f 4458 4451 3651
f 2454 4458 3651
f 223 4458 2454
f 4451 4458 289
f 3396 3806 3050
f 3651 4452 3398
f 3650 3651 3652
f 3651 3650 2455
f 4408 2455 3650
f 4408 3650 4230
f 3405 4408 4230
f 3405 4230 4229
f 3406 3405 4229
f 3404 3405 3406
f 3404 3406 3385
f 4404 3404 3385
f 3385 4421 4404
f 4404 4421 356
f 4253 356 4421
f 3854 4253 4421
f 3404 4404 401
f 3405 3404 4418
f 3405 4418 3824
f 4418 3110 3824
f 3110 4418 3404
f 4408 3405 2455
f 4230 3650 4240
f 4230 4240 3860
f 4239 3860 4240
f 3860 4231 4230
f 4229 4230 4231
f 3406 4229 3385
f 4421 3385 3854
f 3854 3853 4253
f 4253 3853 4431
f 4431 4254 4253
f 2298 4253 4254
f 4242 2298 4254
f 3191 2298 4242
f 3191 4242 3192
f 3190 3191 3192
f 3374 3191 3190
f 4592 3638 594
f 4164 4592 594
f 594 4162 4164
f 4254 3192 4242
f 4162 4163 4164
f 3211 4163 4162
f 3344 3211 4162
f 3211 3210 4163
f 3210 3211 1512
f 3380 3190 3192
f 3375 3190 3380
f 1936 3210 1016
f 2656 1015 1014
f 1512 1016 3210
f 4042 1014 2643
f 3211 3344 1512
f 593 3825 2643
f 594 3344 4162
f 4028 593 592
f 3609 592 3610
f 3138 594 3638
f 2640 3576 3610
f 3639 2638 3138
f 2639 3929 2640
f 3855 1812 2638
f 2639 3498 3929
f 3926 3498 1814
f 1813 1812 3386
f 3926 1814 1823
f 1813 3386 1822
f 1823 3222 3223
f 3222 3495 3991
f 1890 3991 3495
f 73 3496 3495
f 1822 72 71
f 4495 3397 72
f 3396 3050 3397
f 3050 3382 3051
f 3382 3243 3051
f 3243 3244 3051
f 3243 2244 3244
f 3243 4225 2244
f 3243 4216 4225
f 3561 4225 4216
f 4216 3562 3561
f 3560 3561 3562
f 3560 3562 2199
f 2199 3562 4323
f 4616 4323 3562
f 4323 4616 4313
f 4313 4314 4323
f 4323 4314 3312
f 4313 2123 4314
f 3084 4313 4616
f 4616 4216 3084
f 3562 4216 4616
f 3243 3084 4216
f 73 3052 3496
f 3051 3244 3522
f 3244 3394 3522
f 3495 3496 1890
f 3991 1890 1906
f 1261 1906 1905
f 2088 1261 387
f 2087 3822 2088
f 2119 2087 3519
f 2119 3519 4257
f 4257 3519 3995
f 1417 4257 3995
f 1951 3995 3519
f 3995 1951 1418
f 1952 2089 3160
f 1953 3268 3269
f 3308 1953 3269
f 3306 3579 3307
f 3494 3307 3579
f 3579 3306 9
f 1820 3579 9
f 1418 1951 3308
f 1417 3995 1418
f 2119 4257 1417
f 2119 3773 3818
f 3773 622 3968
f 3968 622 3461
f 621 3461 622
f 3968 3461 1774
f 1773 3960 1774
f 1773 3455 3960
f 3455 3142 3951
f 3142 1930 1929
f 587 1930 511
f 482 3529 587
f 480 482 1751
f 3284 3197 3282
f 3282 3283 3284
f 3284 3283 4298
f 4298 1998 3284
f 3283 4301 4298
f 4298 4301 4302
f 4298 4302 3566
f 4298 3566 1999
f 4302 3750 3566
f 4302 3300 3750
f 4302 3301 3300
f 3299 3300 3301
f 3301 3593 3299
f 4030 3299 3593
f 4304 4030 3593
f 3296 4304 3593
f 3070 3296 3593
f 3064 4304 3296
f 3064 3296 1372
f 3063 4304 3064
f 1371 3063 3064
f 3063 1371 4764
f 3975 3063 4764
f 4764 3974 3975
f 3974 3725 3975
f 3989 3975 3725
f 3989 3725 3990
f 3990 4555 3989
f 4555 3643 3989
f 3989 3643 3505
f 3643 3506 3505
f 3505 3506 3507
f 3507 3975 3505
f 3975 3507 4125
f 4124 4125 3507
f 3076 4124 3507
f 3507 4762 3076
f 4762 3077 3076
f 3075 3076 3077
f 3077 4118 3075
f 4118 4119 3075
f 3075 4119 3646
f 3075 3646 4139
f 4139 3646 4584
f 4584 4769 4139
f 4772 4139 4769
f 4772 4769 4135
f 4134 4772 4135
f 4134 4135 4031
f 4134 4031 4030
f 4030 4031 3099
f 4031 3100 3099
f 3099 3100 3101
f 3101 4026 3099
f 4026 4025 3099
f 3299 3099 4025
f 4025 4026 2211
f 4031 4047 3100
f 4047 4048 3100
f 4048 1559 3100
f 4048 3528 1559
f 4295 3528 4048
f 3528 4295 3526
f 3526 3527 3528
f 3952 3528 3527
f 3527 3953 3952
f 3952 3953 1560
f 3527 4548 3953
f 3104 3953 4548
f 4548 3105 3104
f 3104 3105 3106
f 3106 3949 3104
f 3949 3106 3950
f 3950 2264 3949
f 3950 3969 2264
f 4549 3969 3950
f 3950 1888 4549
f 1888 4721 4549
f 3966 4549 4721
f 3966 4721 3964
f 3964 3965 3966
f 3964 4095 3965
f 4095 3135 3965
f 3137 3965 3135
f 3135 3136 3137
f 4093 3137 3136
f 4093 3136 4180
f 4180 4094 4093
f 4092 4093 4094
f 4094 4113 4092
f 4092 4113 3594
f 4092 3594 4206
f 4206 3144 4092
f 3536 4092 3144
f 3536 3144 3534
f 3534 3535 3536
f 3536 3535 4093
f 3534 3969 3535
f 3969 3897 3535
f 3535 3897 3137
f 3969 3534 2265
f 3143 3534 3144
f 1641 3143 3144
f 3534 3143 3644
f 3144 4206 1641
f 4206 3596 1641
f 1641 3596 3902
f 4599 1641 3902
f 4149 4599 3902
f 3902 4784 4149
f 4784 4613 4149
f 4613 3500 4149
f 3500 3167 4149
f 4149 3167 3169
f 4149 3169 1706
f 3810 4149 1706
f 3167 3168 3169
f 3169 3168 1707
f 3168 4146 1707
f 2456 1707 4146
f 3168 4145 4146
f 2223 4146 4145
f 4159 2223 4145
f 4159 4145 4494
f 4494 3547 4159
f 4159 3547 221
f 221 4788 4159
f 3547 3548 221
f 3548 4063 221
f 221 4063 2444
f 3548 4062 4063
f 4062 4573 4063
f 4573 3095 4063
f 4573 3177 3095
f 1579 3095 3177
f 4058 1579 3177
f 3177 4057 4058
f 4082 4058 4057
f 4057 240 4082
f 4577 4082 240
f 4793 4577 240
f 4793 240 4794
f 4793 4794 4075
f 4077 4793 4075
f 4075 4076 4077
f 4077 4076 4269
f 4077 4269 3762
f 3762 3763 4077
f 4077 3763 4499
f 3763 3255 4499
f 3255 4657 4499
f 4507 4499 4657
f 4507 4657 4463
f 4463 4660 4507
f 4506 4507 4660
f 4660 2130 4506
f 4506 4082 4507
f 4661 4082 4506
f 4506 2122 4661
f 4660 4463 3653
f 3653 3318 4660
f 3653 3654 3318
f 4267 3654 3653
f 4267 4255 3654
f 4255 1462 3654
f 1462 4255 1108
f 4256 4255 4267
f 4267 4266 4256
f 4644 4256 4266
f 4644 4266 3663
f 3662 4644 3663
f 3254 3662 3663
f 3663 4463 3254
f 3663 4267 4463
f 3254 3253 3662
f 3187 3662 3253
f 3419 3187 3253
f 3419 3253 3255
f 3253 3254 3255
f 3248 4644 3662
f 874 3248 3662
f 3248 4256 4644
f 4266 4267 3663
f 4255 4256 3569
f 4267 3653 4463
f 3254 4463 4657
f 4507 4577 4499
f 3255 3254 4657
f 3419 3255 3763
f 3762 3419 3763
f 864 3419 3762
f 3669 3762 4269
f 4269 3667 3669
f 3667 3668 3669
f 3669 3668 3552
f 4486 3552 3668
f 4486 3668 4278
f 4286 4486 4278
f 4277 4286 4278
f 4277 4278 4279
f 4277 4279 3675
f 635 4277 3675
f 3675 4279 3673
f 3673 3674 3675
f 3438 3675 3674
f 3438 3674 4296
f 4296 3789 3438
f 3439 3438 3789
f 3438 3439 3028
f 3028 3675 3438
f 3674 3673 4296
f 4542 4296 3673
f 4541 4542 3673
f 4675 4541 3673
f 3673 4676 4675
f 4675 4676 3946
f 3946 4802 4675
f 4675 4802 4792
f 4675 4792 4545
f 4545 4792 4546
f 4476 4545 4546
f 4476 4546 4677
f 3677 4476 4677
f 3677 4677 4575
f 3677 4575 3678
f 3677 3678 3341
f 3341 4367 3677
f 4366 3677 4367
f 4367 4064 4366
f 4366 4064 4066
f 4366 4066 1980
f 1981 1980 4066
f 4066 4628 1981
f 3686 1981 4628
f 3686 4628 3687
f 3686 3687 3688
f 3686 3688 4518
f 3688 4664 4518
f 3460 4518 4664
f 4664 1038 3460
f 1038 3459 3460
f 3459 3692 3460
f 4470 3460 3692
f 4470 3692 4468
f 4468 4469 4470
f 4469 4651 4470
f 4651 4469 1979
f 1981 4651 1979
f 4651 1981 4518
f 1979 4469 4655
f 4655 4477 1979
f 1979 4477 1980
f 4476 1980 4477
f 4655 4476 4477
f 4469 4542 4655
f 4468 4542 4469
f 3694 4468 3692
f 3692 3693 3694
f 4296 4468 3694
f 3460 4470 4651
f 3459 3693 3692
f 1046 3693 3459
f 1037 1046 3459
f 1038 4664 4672
f 789 4672 4664
f 4672 789 3701
f 3237 4672 3701
f 789 788 3701
f 788 3227 3701
f 4673 3227 788
f 788 3483 4673
f 3485 4673 3483
f 3483 3484 3485
f 3485 3484 3537
f 3537 3602 3485
f 3601 3485 3602
f 3601 3602 3603
f 4673 3601 3603
f 3228 4673 3603
f 3603 3602 3539
f 3539 3801 3603
f 3801 3539 4361
f 4361 3539 4360
f 4360 4151 4361
f 4151 3573 4361
f 3340 4361 3573
f 3340 3573 1966
f 3340 1966 1965
f 3302 3340 1965
f 1965 4437 3302
f 4437 1965 4438
f 3605 4437 4438
f 3605 4438 4645
f 4645 284 3605
f 1210 3605 284
f 3807 284 4645
f 3807 4645 4438
f 1967 3807 4438
f 3206 3807 1967
f 3206 1967 4445
f 3206 4445 4646
f 4646 4445 1966
f 4646 1966 4617
f 4617 4218 4646
f 4218 2013 4646
f 4218 4364 2013
f 3621 2013 4364
f 4364 3622 3621
f 2670 3621 3622
f 2670 3622 4666
f 4636 2670 4666
f 4636 4666 4211
f 4211 1945 4636
f 1945 1944 4636
f 2653 4636 1944
f 2653 1944 4395
f 644 2653 4395
f 644 4395 4671
f 644 4671 3202
f 3202 3371 644
f 645 644 3371
f 3083 645 3371
f 3371 4339 3083
f 3623 3083 4339
f 4339 4382 3623
f 3623 4382 3624
f 3623 3624 3625
f 3623 3625 4623
f 4347 3623 4623
f 4101 4347 4623
f 4101 4100 4347
f 4100 1324 4347
f 4347 1324 4748
f 4347 4748 4005
f 4748 1326 4005
f 1326 1495 4005
f 1495 4004 4005
f 4004 3082 4005
f 4005 3082 3081
f 4005 3081 3623
f 3081 3082 3083
f 4033 3083 3082
f 3082 4001 4033
f 4003 4033 4001
f 4001 4002 4003
f 4003 4002 3637
f 4003 3637 3716
f 4003 3716 4032
f 4032 3716 3389
f 643 4032 3389
f 643 3389 2653
f 2653 3389 3214
f 3214 2671 2653
f 4032 643 4033
f 643 645 4033
f 3389 3716 3214
f 3214 3716 3637
f 3637 4002 3635
f 3635 3636 3637
f 4029 3637 3636
f 4029 3636 3725
f 3723 3725 3636
f 3723 3724 3725
f 3723 4493 3724
f 4493 3990 3724
f 4493 4775 3990
f 4493 4046 4775
f 3641 4775 4046
f 4046 2208 3641
f 2208 1910 3641
f 3641 1910 1912
f 3641 1912 3642
f 3641 3642 3643
f 3642 1912 4762
f 4762 3506 3642
f 1912 4647 4762
f 1911 4647 1912
f 1911 800 4647
f 4647 800 4118
f 800 4457 4118
f 4457 4763 4118
f 4118 4763 3409
f 4763 3410 3409
f 3409 3410 3411
f 3409 3411 435
f 4119 3409 435
f 4119 435 437
f 4119 437 3647
f 437 4563 3647
f 3647 4563 3648
f 3646 3647 3648
f 4571 3648 4563
f 4571 4563 4640
f 4571 4640 4417
f 3105 4571 4417
f 3105 4417 1889
f 4284 1889 4417
f 4037 4284 4417
f 4284 4037 4036
f 4036 4233 4284
f 4233 4285 4284
f 1887 4285 4233
f 4233 4721 1887
f 4233 4232 4721
f 4232 4233 4234
f 4523 4232 4234
f 4523 4234 4601
f 4600 4523 4601
f 4600 4601 4583
f 4583 2073 4600
f 4245 4600 2073
f 2073 4246 4245
f 4244 4245 4246
f 4244 4246 4602
f 3549 4244 4602
f 3549 4602 4126
f 4126 3550 3549
f 1846 3549 3550
f 1847 1846 3550
f 1847 3550 2271
f 1847 2271 4165
f 1845 1847 4165
f 4514 1845 4165
f 4514 4165 4591
f 4711 4514 4591
f 4711 4591 200
f 3553 4711 200
f 200 199 3553
f 3553 199 4176
f 3200 3553 4176
f 4176 712 3200
f 3200 712 3201
f 3200 3201 3202
f 3202 3453 3200
f 3452 3200 3453
f 3453 4086 3452
f 4086 4087 3452
f 4512 3452 4087
f 4087 4513 4512
f 4512 4513 4514
f 4087 667 4513
f 667 4703 4513
f 4703 3835 4513
f 4513 3835 1845
f 1845 3835 3832
f 3832 1846 1845
f 3832 4244 1846
f 3832 3558 4244
f 3556 3558 3832
f 3556 3557 3558
f 4202 3558 3557
f 4202 3557 532
f 532 531 4202
f 4528 4202 531
f 531 4523 4528
f 531 4520 4523
f 4519 4520 531
f 3565 4519 531
f 3565 531 530
f 3564 3565 530
f 4218 3564 530
f 3565 3564 4519
f 4519 3564 3233
f 4519 3233 3235
f 3233 3234 3235
f 4737 3235 3234
f 3234 4095 4737
f 3234 4316 4095
f 4315 4095 4316
f 457 4315 4316
f 458 457 4316
f 458 4316 4522
f 4605 458 4522
f 4522 4741 4605
f 3993 4605 4741
f 3993 4741 3233
f 4327 3993 3233
f 3574 3993 4327
f 3575 3574 4327
f 4327 4617 3575
f 3564 4617 4327
f 3573 3574 3575
f 3573 3992 3574
f 3992 3993 3574
f 3993 3992 4261
f 4151 4261 3992
f 4605 3993 4261
f 3585 4605 4261
f 4261 4559 3585
f 4559 4271 3585
f 3585 4271 456
f 3585 456 458
f 456 4271 4272
f 3261 456 4272
f 3261 4272 4179
f 3261 4179 3262
f 457 3261 3262
f 3262 4179 4181
f 4181 4315 3262
f 3136 4315 4181
f 4179 4180 4181
f 4179 4596 4180
f 4594 4596 4179
f 4179 4547 4594
f 4192 4594 4547
f 4547 4710 4192
f 4710 4055 4192
f 4192 4055 4190
f 4190 4191 4192
f 4190 4597 4191
f 4191 4597 4594
f 4597 3588 4594
f 4597 2308 3588
f 3588 2308 3589
f 3588 3589 4094
f 3588 4094 4596
f 2308 2307 3589
f 3589 2307 4113
f 4113 2307 3292
f 4113 3292 4611
f 4611 3292 3294
f 4611 3294 3595
f 3594 4611 3595
f 3594 3595 3596
f 3595 4305 3596
f 4305 3595 3902
f 3595 3294 4613
f 3294 3293 4613
f 3292 3293 3294
f 3292 4552 3293
f 4552 329 3293
f 329 3500 3293
f 3499 3500 329
f 329 4687 3499
f 4687 4551 3499
f 4551 4145 3499
f 4551 3985 4145
f 328 3985 4551
f 3985 328 3986
f 3984 3985 3986
f 3984 3986 4656
f 4656 2729 3984
f 3080 3984 2729
f 2729 3079 3080
f 3079 4496 3080
f 3080 4496 4062
f 4062 4496 2918
f 4062 2918 242
f 4704 242 2918
f 3502 4704 2918
f 3502 2918 2875
f 2875 2922 3502
f 4430 3502 2922
f 4430 2922 4132
f 4131 4430 4132
f 4131 4132 4133
f 4706 4131 4133
f 4706 4133 4608
f 4568 4706 4608
f 4568 4608 4433
f 4433 4434 4568
f 4434 4021 4568
f 3518 4568 4021
f 4021 3516 3518
f 3516 3517 3518
f 3518 3517 4131
f 3516 4567 3517
f 3517 4567 3502
f 4567 3516 4075
f 4021 4076 3516
f 2052 4021 4434
f 3667 4021 2052
f 2052 2051 3667
f 4278 3667 2051
f 3116 4278 2051
f 3116 2051 2285
f 3116 2285 4572
f 4572 3945 3116
f 3947 3116 3945
f 3945 3946 3947
f 3520 3946 3945
f 101 3946 3520
f 101 3520 3521
f 102 101 3521
f 3521 4464 102
f 102 4464 100
f 4464 3963 100
f 3962 100 3963
f 3962 3963 2761
f 3962 2761 55
f 3962 55 54
f 54 4376 3962
f 4089 3962 4376
f 4089 4376 4377
f 4377 3343 4089
f 3343 3342 4089
f 3341 3342 3343
f 4702 3343 4377
f 4377 4374 4702
f 4375 4702 4374
f 4374 4108 4375
f 4064 4375 4108
f 4065 4064 4108
f 4108 4109 4065
f 4658 4065 4109
f 4109 3150 4658
f 3152 4658 3150
f 3150 3151 3152
f 3152 3151 3792
f 3792 3151 4388
f 4388 3793 3792
f 3533 3792 3793
f 3793 4585 3533
f 788 3533 4585
f 3533 788 790
f 3793 3483 4585
f 3793 3799 3483
f 3799 3793 3800
f 3799 3800 3484
f 3800 4219 3484
f 3484 4219 4590
f 3484 4590 4399
f 4399 4590 3183
f 4399 3183 3185
f 4399 3185 4400
f 4399 4400 4143
f 3537 4399 4143
f 3537 4143 3538
f 3537 3538 3539
f 3538 4143 4586
f 3538 4586 4559
f 4559 4586 4155
f 4155 4586 4143
f 4143 4400 4155
f 4155 4400 3185
f 4155 3185 4156
f 4155 4156 4271
f 3185 4710 4156
f 3184 4710 3185
f 3183 3184 3185
f 4590 3184 3183
f 3184 4590 4219
f 4219 4054 3184
f 4054 4055 3184
f 3542 4055 4054
f 3543 3542 4054
f 3541 3542 3543
f 4574 3541 3543
f 4074 4574 3543
f 4074 3543 4219
f 4073 4574 4074
f 3800 4073 4074
f 4388 4073 3800
f 4073 4388 2884
f 4579 4073 2884
f 2884 2883 4579
f 2883 4578 4579
f 3541 4579 4578
f 4578 4782 3541
f 4578 2808 4782
f 2808 4839 4782
f 4782 4839 4840
f 4782 4840 3542
f 4840 4780 3542
f 3542 4780 4190
f 4780 4781 4190
f 4781 4780 2512
f 4597 4781 2512
f 2306 4597 2512
f 2306 2512 2467
f 2306 2467 4804
f 2714 2306 4804
f 2714 4804 2715
f 2714 2715 2716
f 2307 2714 2716
f 2307 2716 4552
f 2716 327 4552
f 4767 327 2716
f 4767 2716 4845
f 4845 4709 4767
f 4709 4708 4767
f 2729 4767 4708
f 4708 2727 2729
f 2727 2728 2729
f 2728 2727 3012
f 2877 2728 3012
f 4383 2877 3012
f 2906 4383 3012
f 2906 3012 3013
f 2906 3013 1548
f 1548 2905 2906
f 2905 1548 1547
f 4608 2905 1547
f 4607 4608 1547
f 4607 1547 4384
f 2082 4607 4384
f 2082 4384 1520
f 2082 1520 1519
f 1123 2082 1519
f 1123 1519 2063
f 1124 1123 2063
f 1124 2063 2064
f 1035 1124 2064
f 2064 2070 1035
f 1033 1035 2070
f 2070 2071 1033
f 1033 2071 4776
f 1033 4776 4464
f 4464 4610 1033
f 1033 4610 1034
f 4610 1122 1034
f 1034 1122 1124
f 1122 4610 2750
f 2750 1123 1122
f 1123 2750 2749
f 2748 2749 2750
f 2748 4849 2749
f 4849 2053 2749
f 2053 2080 2749
f 2082 2749 2080
f 2080 2081 2082
f 2081 2080 4433
f 2081 4433 4607
f 2080 2052 4433
f 2053 2052 2080
f 4849 2285 2053
f 3520 4849 2748
f 4849 3520 4572
f 2748 2750 4610
f 3521 2748 4610
f 4465 4464 4776
f 4465 4776 4466
f 4466 3963 4465
f 2071 4466 4776
f 4466 2071 2825
f 2761 4466 2825
f 2761 2825 2760
f 2760 53 2761
f 53 2760 4381
f 4381 54 53
f 4820 54 4381
f 4820 4381 4853
f 4820 4853 4370
f 4370 1881 4820
f 4783 4820 1881
f 2634 4783 1881
f 2632 2634 1881
f 1881 1886 2632
f 2632 1886 4378
f 2633 2632 4378
f 2633 4378 4564
f 2633 4564 3030
f 2633 3030 3031
f 2633 3031 2634
f 4774 2634 3031
f 3031 4773 4774
f 4376 4774 4773
f 4771 4376 4773
f 4773 3031 4771
f 3030 4771 3031
f 4771 3030 4770
f 4770 4374 4771
f 4770 3030 4842
f 4795 4770 4842
f 4842 2789 4795
f 4795 2789 4796
f 3150 4795 4796
f 4108 4795 3150
f 2788 4796 2789
f 2787 2788 2789
f 2787 4789 2788
f 4789 4790 2788
f 2788 4790 4684
f 2788 4684 2883
f 2883 4684 2856
f 2856 2806 2883
f 2856 2855 2806
f 2855 4787 2806
f 2806 4787 2807
f 2806 2807 2808
f 2808 2807 4857
f 2807 4858 4857
f 4858 3044 4857
f 3043 4857 3044
f 3043 3044 2614
f 2513 3043 2614
f 2614 2467 2513
f 2468 2467 2614
f 2614 2615 2468
f 4818 2468 2615
f 2615 4801 4818
f 4818 4801 2627
f 2627 4801 4825
f 4751 2627 4825
f 3013 4751 4825
f 4825 1549 3013
f 4751 3013 4749
f 2469 4751 4749
f 4749 2954 2469
f 2954 2955 2469
f 2469 2955 4803
f 4803 2467 2469
f 2955 4709 4803
f 2954 2727 2955
f 4749 2727 2954
f 2627 4751 2469
f 2627 2469 2468
f 4825 4801 1549
f 1549 4801 4814
f 4814 1547 1549
f 4761 1547 4814
f 4814 2708 4761
f 2708 4385 4761
f 4385 2708 4731
f 4695 4385 4731
f 4864 4695 4731
f 2707 4864 4731
f 2707 2844 4864
f 4864 2844 2652
f 2652 2844 2650
f 2650 2651 2652
f 4821 2652 2651
f 2651 4756 4821
f 4821 4756 1521
f 4821 1521 4695
f 4695 1521 1520
f 4756 2063 1521
f 4756 4390 2063
f 4390 4756 2978
f 2064 4390 2978
f 2978 2977 2064
f 2977 2978 2979
f 2979 4738 2977
f 4368 2977 4738
f 4368 4738 4856
f 2665 4368 4856
f 2665 4856 4855
f 4855 2666 2665
f 2664 2665 2666
f 2831 2664 2666
f 2666 560 2831
f 2832 2831 560
f 2832 560 4854
f 4854 4746 2832
f 2830 2832 4746
f 4745 2830 4746
f 4745 4746 3023
f 3023 4527 4745
f 4527 4561 4745
f 2429 4745 4561
f 2430 2429 4561
f 4561 1766 2430
f 2430 1766 2677
f 2677 2358 2430
f 2428 2430 2358
f 2358 4560 2428
f 4370 2428 4560
f 4560 4562 4370
f 1882 4370 4562
f 1882 4562 2927
f 2927 2928 1882
f 1882 2928 4558
f 4558 1883 1882
f 1881 1882 1883
f 4558 4873 1883
f 1883 4873 1885
f 1885 1886 1883
f 1885 1875 1886
f 1885 2370 1875
f 2370 1876 1875
f 1875 1876 1877
f 1875 1877 1915
f 1915 4378 1875
f 1915 1877 1916
f 1915 1916 1917
f 1915 1917 4564
f 4564 1917 4716
f 4716 4565 4564
f 4564 4565 4566
f 4566 4565 2787
f 4842 4566 2787
f 2694 4565 4716
f 4716 4717 2694
f 2694 4717 2695
f 2693 2694 2695
f 2693 2695 4790
f 4790 2695 4830
f 4790 4830 2857
f 2857 4830 4810
f 2857 4810 2855
f 4830 2695 4810
f 2565 4810 2695
f 2555 2565 2695
f 2555 3004 2565
f 3003 2565 3004
f 3002 3003 3004
f 3004 2921 3002
f 4799 3002 2921
f 2921 2920 4799
f 2920 4848 4799
f 4799 4848 2707
f 2707 2706 4799
f 2706 2707 2708
f 2708 4726 2706
f 4726 3003 2706
f 3003 4726 4760
f 4760 4726 4725
f 4725 4759 4760
f 3044 4760 4759
f 4758 3044 4759
f 4757 4758 4759
f 4758 4757 2615
f 4757 4759 4725
f 4727 4757 4725
f 4757 4727 4801
f 4725 4726 4727
f 2708 4727 4726
f 4848 2920 4811
f 2844 4848 4811
f 4811 2845 2844
f 2845 4811 4724
f 4724 2572 2845
f 2907 2845 2572
f 4872 2907 2572
f 2572 4692 4872
f 4872 4692 4691
f 4872 4691 4813
f 4872 4813 2517
f 4872 2517 2516
f 2515 2516 2517
f 2517 4714 2515
f 2515 4714 4715
f 4876 2515 4715
f 4739 4876 4715
f 4739 4715 4807
f 4739 4807 4713
f 4712 4739 4713
f 4712 4713 2532
f 558 4712 2532
f 558 2532 2533
f 2533 2896 558
f 559 558 2896
f 559 2896 2895
f 4854 559 2895
f 2895 2896 2897
f 3023 2895 2897
f 3022 3023 2897
f 3022 2897 4662
f 2900 3022 4662
f 2900 4662 4663
f 2901 2900 4663
f 2901 4663 4529
f 2901 4529 4524
f 2901 4524 4526
f 2901 4526 2359
f 2347 2901 2359
f 2359 2348 2347
f 1764 2347 2348
f 1764 2348 4866
f 1765 1764 4866
f 4866 2357 1765
f 1765 2357 2358
f 4669 2358 2357
f 2357 4630 4669
f 4669 4630 1755
f 1755 4667 4669
f 4667 4560 4669
f 1755 527 4667
f 4667 527 2927
f 527 2543 2927
f 527 529 2543
f 2543 529 2544
f 2544 2368 2543
f 2543 2368 2928
f 2928 2368 4873
f 2370 4873 2368
f 2368 2369 2370
f 2369 4515 2370
f 4744 2370 4515
f 4515 2763 4744
f 2763 4690 4744
f 4690 2571 4744
f 4744 2571 2570
f 2570 4742 4744
f 1876 4744 4742
f 1876 4742 4743
f 4729 4743 4742
f 4743 4729 4728
f 1916 4743 4728
f 1916 4728 2553
f 1916 2553 4716
f 4728 4730 2553
f 4730 2554 2553
f 2553 2554 2555
f 4717 2553 2555
f 2921 2555 2554
f 4730 4798 2554
f 4798 2920 2554
f 4798 4730 2570
f 4798 2570 4724
f 4729 2570 4730
f 4728 4729 4730
f 4742 2570 4729
f 2570 2571 2572
f 4690 4692 2571
f 2763 2917 4690
f 4690 2917 4691
f 4691 2917 2916
f 2915 2916 2917
f 2915 2917 2528
f 4719 2915 2528
f 2528 2527 4719
f 4719 2527 2176
f 2176 4517 4719
f 4517 2176 2171
f 4517 2171 2898
f 2898 2916 4517
f 2916 2898 4718
f 4718 4813 2916
f 4813 4718 4714
f 4808 4714 4718
f 4718 4027 4808
f 4808 4027 2582
f 4713 4808 2582
f 2582 2581 4713
f 2581 2582 2583
f 2583 2533 2581
f 2533 2583 304
f 2533 304 4720
f 4809 2533 4720
f 4809 4720 4633
f 4809 4633 2888
f 2595 4809 2888
f 2888 2890 2595
f 2890 2596 2595
f 2595 2596 2597
f 4662 2597 2596
f 4663 2596 2890
f 4663 2890 2932
f 2932 2890 2889
f 2932 2889 2933
f 4529 2932 2933
f 2411 2933 2889
f 2411 2889 2412
f 2411 2412 2413
f 2411 2413 4897
f 2411 4897 4797
f 4735 2411 4797
f 4735 4797 2885
f 4722 4735 2885
f 4722 2885 4688
f 4689 4722 4688
f 4688 4686 4689
f 2834 4689 4686
f 2834 4686 2668
f 2668 2833 2834
f 4812 2834 2833
f 4812 2833 4837
f 4812 4837 4899
f 4812 4899 3006
f 2424 4812 3006
f 3006 2425 2424
f 2423 2424 2425
f 2425 2859 2423
f 2423 2859 4901
f 4901 4823 2423
f 4901 2448 4823
f 4705 4823 2448
f 2448 2447 4705
f 4525 4705 2447
f 2447 4526 4525
f 4705 4525 4722
f 4525 4734 4722
f 4734 4525 4524
f 4524 2933 4734
f 4734 2933 4735
f 2447 2448 2449
f 2447 2449 2359
f 2448 4800 2449
f 2348 2449 4800
f 4800 4732 2348
f 4732 2997 2348
f 2997 4732 4696
f 3001 2997 4696
f 3001 4696 2861
f 4694 3001 2861
f 2860 4694 2861
f 2859 2860 2861
f 2861 4732 2859
f 2860 2859 4824
f 4824 4766 2860
f 2860 4766 2466
f 2466 4766 4887
f 4887 2464 2466
f 2464 2465 2466
f 2466 2465 2712
f 2712 4694 2466
f 4694 2712 4829
f 4682 4829 2712
f 2712 2711 4682
f 2711 4685 4682
f 4682 4685 4683
f 4682 4683 4631
f 4631 4828 4682
f 4829 4828 4631
f 2485 4829 4631
f 2485 4631 4006
f 4006 2486 2485
f 2484 2485 2486
f 2484 2486 4022
f 4630 2484 4022
f 4022 4629 4630
f 4629 4022 1756
f 1756 1755 4629
f 4022 4023 1756
f 4023 2434 1756
f 1756 2434 528
f 1756 528 527
f 2434 2175 528
f 2175 2176 528
f 2175 2179 2176
f 3998 2179 2175
f 3998 433 2179
f 2171 2179 433
f 433 432 2171
f 432 2172 2171
f 2171 2172 302
f 303 302 2172
f 2172 4637 303
f 303 4637 2205
f 2205 304 303
f 2205 4637 4634
f 4720 2205 4634
f 4634 4637 4635
f 4633 4634 4635
f 4637 343 4635
f 343 344 4635
f 4034 4635 344
f 4034 344 319
f 319 2413 4034
f 2413 319 318
f 318 4806 2413
f 4806 318 4747
f 4805 4806 4747
f 4747 2556 4805
f 2556 2976 4805
f 2976 2886 4805
f 4797 4805 2886
f 2976 4294 2886
f 2886 4294 4707
f 2886 4707 2887
f 2885 2886 2887
f 4707 4733 2887
f 2887 4733 4879
f 4908 2887 4879
f 4879 2509 4908
f 2509 2508 4908
f 4908 2508 4686
f 2508 2509 2510
f 2667 2508 2510
f 2667 2510 1279
f 4886 2667 1279
f 4886 1279 4700
f 4697 4886 4700
f 4697 4700 4701
f 4697 4701 4698
f 4697 4698 4699
f 4904 4699 4698
f 4904 4698 2963
f 4904 2963 2962
f 4835 4904 2962
f 4834 4835 2962
f 2964 4834 2962
f 4777 4834 2964
f 2964 3024 4777
f 3024 4778 4777
f 4777 4778 4779
f 4777 4779 4826
f 4826 4885 4777
f 4885 4826 3007
f 4899 4885 3007
f 4899 4835 4885
f 4826 4827 3007
f 4827 4831 3007
f 3007 4831 3005
f 3005 3006 3007
f 4824 3005 4831
f 4831 4765 4824
f 4893 4765 4831
f 4893 4836 4765
f 4836 3036 4765
f 4765 3036 3014
f 4765 3014 4766
f 3036 2952 3014
f 3014 2952 3015
f 3014 3015 2464
f 2952 2953 3015
f 3015 2953 2725
f 3015 2725 2465
f 2465 2725 2711
f 2725 2557 2711
f 2558 2557 2725
f 2556 2557 2558
f 2556 2558 2975
f 2558 2953 2975
f 2953 4260 2975
f 2975 4260 4259
f 4259 2976 2975
f 4258 4259 4260
f 4260 2774 4258
f 1217 4258 2774
f 1217 2774 1257
f 1217 1257 1218
f 1216 1217 1218
f 1218 4819 1216
f 4819 1239 1216
f 1238 1216 1239
f 1238 1239 1240
f 1240 4733 1238
f 4294 1238 4733
f 1238 4294 4282
f 1238 4282 4283
f 4283 4282 4258
f 4282 4294 4259
f 1240 1239 4280
f 3019 1240 4280
f 3019 4280 3018
f 3018 1280 3019
f 1280 4880 3019
f 2510 4880 1280
f 3018 4903 1280
f 4903 1281 1280
f 1279 1280 1281
f 3018 1281 4903
f 1281 3018 4750
f 4750 2946 1281
f 4882 1281 2946
f 2946 2948 4882
f 4701 4882 2948
f 2948 4791 4701
f 4791 2948 2964
f 4791 2964 2963
f 2947 2964 2948
f 2964 2947 2803
f 3025 2964 2803
f 3025 2803 4838
f 4838 4907 3025
f 3025 4907 4912
f 3025 4912 3026
f 3024 3025 3026
f 3024 3026 4779
f 4779 3026 3046
f 4779 3046 4785
f 4779 4785 4753
f 4753 4785 4754
f 4753 4754 3035
f 3035 3034 4753
f 4836 4753 3034
f 4827 4753 4836
f 3034 3035 3036
f 4754 4786 3035
f 4786 2775 3035
f 3035 2775 2952
f 4786 2773 2775
f 2773 2774 2775
f 4832 2774 2773
f 4832 2773 3045
f 4832 3045 4833
f 4833 1257 4832
f 1257 4833 2630
f 2630 4833 4900
f 4900 4768 2630
f 4280 2630 4768
f 4280 4819 2630
f 3041 4768 4900
f 4902 3041 4900
f 4913 3041 4902
f 4913 4902 3026
f 3026 4902 3045
f 4913 4907 3041
f 3041 4907 3040
f 3040 3018 3041
f 3018 3040 2802
f 2802 3040 4838
f 3041 3018 4768
f 4902 4900 4833
f 4902 4833 3045
f 3046 3045 2773
f 4785 2773 4786
f 4785 4786 4754
f 3046 2773 4785
f 3026 3045 3046
f 4912 4913 3026
f 4912 4907 4913
f 4838 3040 4907
f 2803 2802 4838
f 2801 2802 2803
f 2801 4750 2802
f 2947 4750 2801
f 2947 2801 2803
f 2946 2947 2948
f 1281 4882 4701
f 2946 4750 2947
f 2802 4750 3018
f 3018 4280 4768
f 1240 3019 4880
f 4879 1240 4880
f 4283 1216 1238
f 4280 1239 4819
f 4819 1218 2630
f 1217 1216 4283
f 1257 2630 1218
f 2774 4832 1257
f 4283 4258 1217
f 2775 2774 4260
f 4259 4258 4282
f 2775 4260 2953
f 2953 2558 2725
f 2952 2775 2953
f 3036 3035 2952
f 4836 3034 3036
f 4827 4836 4893
f 3005 4824 2425
f 4831 4827 4893
f 4826 4753 4827
f 4826 4779 4753
f 3024 4779 4778
f 2964 3025 3024
f 4834 4777 4885
f 4835 4834 4885
f 4755 4904 4835
f 4837 4755 4835
f 2962 2963 2964
f 4791 2963 4698
f 4904 4755 4699
f 4699 4755 2833
f 2833 2667 4699
f 4698 4701 4791
f 4701 4700 1281
f 4886 4697 4699
f 4700 1279 1281
f 4886 4699 2667
f 1279 2510 1280
f 2508 2667 2668
f 2510 2509 4880
f 2509 4879 4880
f 4688 2887 4908
f 4733 1240 4879
f 4294 4733 4707
f 4294 2976 4259
f 2556 2975 2976
f 2556 4747 2557
f 2557 4747 4685
f 4816 4685 4747
f 4805 4897 4806
f 4747 318 4816
f 318 317 4816
f 4816 317 4817
f 4683 4816 4817
f 4817 317 4891
f 4817 4891 3996
f 4817 3996 4006
f 4006 3996 2432
f 2432 3996 2433
f 2432 2433 2434
f 2433 3998 2434
f 3998 2433 3996
f 3996 3997 3998
f 4891 3997 3996
f 4891 317 3997
f 317 434 3997
f 3997 434 433
f 317 343 434
f 3994 434 343
f 432 434 3994
f 317 318 319
f 317 319 344
f 2888 4635 4034
f 2888 4034 2412
f 343 317 344
f 3994 343 4637
f 4637 2172 3994
f 302 303 304
f 4027 302 304
f 2898 302 4027
f 2172 432 3994
f 432 433 434
f 433 3998 3997
f 2434 3998 2175
f 2434 4023 2432
f 4022 2432 4023
f 2484 4630 4894
f 4894 2995 2484
f 2996 2995 4894
f 2996 4894 4866
f 2997 2996 4866
f 2995 2996 2997
f 4022 2486 2432
f 2995 2485 2484
f 2995 3001 2485
f 2432 2486 4006
f 4631 4817 4006
f 3001 4829 2485
f 4683 4817 4631
f 4816 4683 4685
f 2711 2557 4685
f 4828 4829 4682
f 2465 2711 2712
f 2464 3015 2465
f 3014 2464 4887
f 4766 3014 4887
f 4824 4765 4766
f 2466 4694 2860
f 4829 3001 4694
f 2995 2997 3001
f 2861 4696 4732
f 4901 4732 4800
f 4705 4689 4823
f 4800 2448 4901
f 4901 2859 4732
f 2425 4824 2859
f 4823 2424 2423
f 2834 2424 4823
f 3005 2425 3006
f 3006 4899 3007
f 4837 4835 4899
f 4837 2833 4755
f 2424 2834 4812
f 2833 2668 2667
f 2508 2668 4686
f 4823 4689 2834
f 4688 4908 4686
f 4705 4722 4689
f 4688 2885 2887
f 4722 4734 4735
f 2885 4797 2886
f 4797 4897 4805
f 4897 2413 4806
f 4034 2413 2412
f 2889 2888 2412
f 2933 2411 4735
f 2888 2889 2890
f 2597 4809 2595
f 4809 2597 2896
f 2888 4633 4635
f 4634 4633 4720
f 4720 304 2205
f 2582 304 2583
f 4027 304 2582
f 4807 4714 4808
f 4718 2898 4027
f 302 2898 2171
f 2176 2179 2171
f 528 2176 2527
f 528 2527 529
f 529 2527 2529
f 2527 2528 2529
f 2529 2528 2762
f 2529 2762 2763
f 2915 4719 4517
f 2528 2917 2762
f 4517 2916 2915
f 2762 2917 2763
f 2529 2763 4515
f 2369 2529 4515
f 2369 2544 2529
f 2544 2369 2368
f 529 2529 2544
f 527 528 529
f 1755 1756 527
f 4629 1755 4630
f 4630 2357 4894
f 4866 4894 2357
f 1764 1765 1766
f 4866 2348 2997
f 1764 1766 2347
f 2347 1766 4527
f 4527 2900 2347
f 2449 2348 2359
f 2359 4526 2447
f 4524 4525 4526
f 2933 4524 4529
f 4529 4663 2932
f 2347 2900 2901
f 4662 2596 4663
f 3022 2900 4527
f 2897 2597 4662
f 2897 2896 2597
f 558 559 560
f 560 4855 558
f 2533 4809 2896
f 2533 2532 2581
f 4855 4712 558
f 4855 4740 4712
f 2581 2532 4713
f 4740 4739 4712
f 4738 4739 4740
f 4807 4808 4713
f 4876 4739 2979
f 2979 4815 4876
f 2979 4756 4815
f 2515 4876 4815
f 4807 4715 4714
f 2515 4815 2516
f 2650 2516 4815
f 2516 2650 2907
f 4813 4714 2517
f 4691 2916 4813
f 4691 4692 4690
f 2571 4692 2572
f 2516 2907 4872
f 2845 2907 2650
f 2572 4724 2570
f 4724 4811 4798
f 2920 4798 4811
f 2920 2921 2554
f 3002 4799 2706
f 2706 3003 3002
f 2565 3003 4760
f 2565 4760 2563
f 2563 2564 2565
f 4858 2564 2563
f 4858 4787 2564
f 4810 2564 4787
f 2563 4760 4858
f 2555 2921 3004
f 4810 2565 2564
f 4717 2555 2695
f 4716 2553 4717
f 4565 2694 2693
f 4789 4565 2693
f 4716 1917 1916
f 1877 4743 1916
f 1876 4743 1877
f 2370 4744 1876
f 4873 2370 1885
f 2928 4873 4558
f 2927 2543 2928
f 4562 4667 2927
f 4560 4667 4562
f 4370 4919 2428
f 4919 2592 2428
f 2592 2429 2428
f 2592 4736 2429
f 2429 4736 2830
f 2831 2830 4736
f 2831 4736 2936
f 2935 2831 2936
f 4380 2935 2936
f 2591 4380 2936
f 2591 2590 4380
f 4381 4380 2590
f 2590 2591 2592
f 2935 4380 2824
f 2824 2823 2935
f 2935 2823 2664
f 2823 2824 2825
f 2823 2825 4752
f 2823 4752 2665
f 2760 2824 4380
f 2936 4736 2591
f 2592 2591 4736
f 2592 4919 2590
f 4853 2590 4919
f 2358 4669 4560
f 2358 2677 1765
f 2677 1766 1765
f 2428 2429 2430
f 1766 4561 4527
f 4527 3023 3022
f 3023 4746 2895
f 2429 2830 4745
f 4854 2895 4746
f 559 4854 560
f 2830 2831 2832
f 2935 2664 2831
f 2665 2664 2823
f 4855 560 2666
f 4855 4856 4740
f 4752 4368 2665
f 2071 4368 4752
f 4856 4738 4740
f 2977 4368 2070
f 4738 2979 4739
f 2978 4756 2979
f 4815 4756 2651
f 4821 4695 2652
f 2651 2650 4815
f 2650 2844 2845
f 4848 2844 2707
f 2652 4695 4864
f 1520 4385 4695
f 4731 2708 2707
f 4814 4727 2708
f 1547 4761 4385
f 4801 4727 4814
f 2615 4757 4801
f 2627 2468 4818
f 2614 4758 2615
f 2467 2468 2469
f 3043 2513 4780
f 4758 2614 3044
f 3043 4839 4857
f 4858 4760 3044
f 4787 4858 2807
f 4787 2855 4810
f 2855 2856 2857
f 4684 2857 2856
f 4790 2857 4684
f 4789 2693 4790
f 2787 4565 4789
f 4796 2788 2884
f 4796 2884 3151
f 4842 2787 2789
f 4795 4108 4770
f 4566 4842 3030
f 3030 4564 4566
f 4378 1915 4564
f 1886 1875 4378
f 1883 1886 1881
f 2632 2633 2634
f 2634 4774 4783
f 4783 4774 54
f 4370 1882 1881
f 4919 4370 4853
f 2590 4853 4381
f 4783 54 4820
f 4380 4381 2760
f 2760 2825 2824
f 2071 4752 2825
f 2071 2070 4368
f 1033 1034 1035
f 2977 2070 2064
f 1034 1124 1035
f 2064 2063 4390
f 1122 1123 1124
f 2063 1519 1521
f 2749 2082 1123
f 1519 1520 1521
f 1520 4384 4385
f 2082 2081 4607
f 4385 4384 1547
f 1547 1548 1549
f 3013 1549 1548
f 3013 3012 4749
f 2906 2905 4383
f 4132 4383 2905
f 4383 2922 2877
f 2877 2876 2728
f 2876 3079 2728
f 2919 3079 2876
f 2875 2919 2876
f 2875 2876 2877
f 3012 2727 4749
f 4708 2955 2727
f 4708 4709 2955
f 4845 4803 4709
f 4803 4845 2715
f 4767 4656 327
f 2715 4845 2716
f 2715 4804 4803
f 2306 2714 2307
f 2467 4803 4804
f 2512 2513 2467
f 2513 2512 4780
f 4780 4840 3043
f 4839 3043 4840
f 4839 2808 4857
f 4578 2806 2808
f 2883 2806 4578
f 2883 2884 2788
f 4073 4579 3541
f 4073 3541 4574
f 3541 4782 3542
f 4219 3543 4054
f 3800 4074 4219
f 790 3792 3533
f 3792 790 4658
f 4658 790 4659
f 4659 790 4510
f 4510 3687 4659
f 4065 4659 3687
f 790 789 4510
f 789 3688 4510
f 3800 3793 4388
f 3151 2884 4388
f 3150 4796 3151
f 4658 3152 3792
f 4658 4659 4065
f 3150 4109 4108
f 4374 4770 4108
f 4367 4702 4375
f 4374 4377 4771
f 4367 3343 4702
f 4376 4771 4377
f 4089 3342 3962
f 4774 4376 54
f 53 54 55
f 53 55 2761
f 4466 2761 3963
f 100 3962 3342
f 3342 3678 100
f 4576 100 3678
f 101 100 4576
f 4576 4575 101
f 4464 4465 3963
f 4610 4464 3521
f 100 101 102
f 3520 2748 3521
f 4575 3946 101
f 3945 4572 3520
f 4572 2285 4849
f 2051 2053 2285
f 3947 4278 3116
f 2051 2052 2053
f 4433 2052 4434
f 4607 4433 4608
f 4568 3518 4706
f 2905 4608 4133
f 4706 3518 4131
f 4133 4132 2905
f 4131 3517 4430
f 4132 2922 4383
f 3517 3502 4430
f 2922 2875 2877
f 2875 2918 2919
f 4704 3502 4567
f 4794 4704 4567
f 4704 240 242
f 240 241 242
f 242 241 4573
f 4496 2919 2918
f 2919 4496 3079
f 2729 2728 3079
f 3984 3080 3547
f 4656 4767 2729
f 327 4656 3986
f 3985 3984 4494
f 3986 328 327
f 327 328 329
f 328 4551 4687
f 329 328 4687
f 327 329 4552
f 3292 2307 4552
f 2306 2307 2308
f 2308 4597 2306
f 4597 4190 4781
f 4055 3542 4190
f 3184 4055 4710
f 4156 4710 4547
f 4156 4547 4272
f 4192 4191 4594
f 4594 3588 4596
f 4547 4179 4272
f 457 456 3261
f 4271 4156 4272
f 4559 4155 4271
f 3538 4559 4261
f 4261 4360 3538
f 4741 4522 3233
f 3585 458 4605
f 456 457 458
f 457 3262 4315
f 4522 4316 3234
f 3235 4737 4520
f 4520 4737 4232
f 4737 3964 4232
f 4522 3234 3233
f 4327 3233 3564
f 4519 3235 4520
f 4202 4528 4600
f 530 531 532
f 532 4363 530
f 4364 530 4363
f 4363 2351 4364
f 2351 4363 2349
f 2349 2350 2351
f 4666 2351 2350
f 2350 2349 4479
f 2350 4479 4483
f 4483 4211 2350
f 669 4211 4483
f 669 4483 4703
f 4483 4479 4703
f 4479 2349 3556
f 4479 3556 3835
f 3557 2349 4363
f 4363 532 3557
f 3558 4202 4245
f 2349 3557 3556
f 3835 3556 3832
f 4703 4479 3835
f 669 4703 667
f 667 668 669
f 668 1945 669
f 668 667 4087
f 3452 4512 4711
f 4087 4086 668
f 3453 668 4086
f 4395 668 3453
f 3201 4339 3202
f 3201 712 4382
f 711 4382 712
f 710 711 712
f 712 4554 710
f 4554 4870 710
f 710 4870 1830
f 1830 2392 710
f 960 2392 1830
f 960 1830 1829
f 1829 4844 960
f 960 4844 958
f 958 959 960
f 4099 960 959
f 4099 959 4100
f 959 2150 4100
f 4357 960 4099
f 4101 4357 4099
f 4101 4358 4357
f 4101 3625 4358
f 4357 4358 960
f 959 958 2150
f 958 1387 2150
f 1387 1386 2150
f 4884 2150 1386
f 4892 4884 1386
f 4892 1386 4861
f 4861 2111 4892
f 2111 1325 4892
f 4892 1325 1324
f 1324 1325 1326
f 1325 1496 1326
f 1325 4436 1496
f 1496 4436 4435
f 4442 1496 4435
f 3723 4442 4435
f 3635 4442 3723
f 1495 1496 4442
f 4435 4436 3723
f 1325 1127 4436
f 1127 4531 4436
f 4436 4531 4493
f 4531 1126 4493
f 4531 1127 1126
f 1125 1126 1127
f 1125 1127 2111
f 2111 2007 1125
f 4530 1125 2007
f 2007 4300 4530
f 4530 4300 2206
f 4530 2206 4046
f 4530 4046 1126
f 4300 989 2206
f 989 4096 2206
f 2206 4096 2207
f 2206 2207 2208
f 2207 4098 2208
f 2208 4098 1911
f 4098 798 1911
f 4098 4615 798
f 4615 1077 798
f 798 1077 799
f 798 799 800
f 799 1077 4457
f 4457 1077 2094
f 4345 4457 2094
f 2094 2031 4345
f 4345 2031 4337
f 4345 4337 4336
f 4345 4336 4763
f 4336 4337 4338
f 4336 4338 4881
f 3410 4336 4881
f 4881 4010 3410
f 3410 4010 1316
f 4010 1317 1316
f 1315 1316 1317
f 1315 1317 4186
f 4186 4185 1315
f 4037 1315 4185
f 4185 4035 4037
f 4035 4185 4424
f 4424 4428 4035
f 4428 4036 4035
f 4428 4234 4036
f 2234 4428 4424
f 4424 2235 2234
f 2234 2235 2236
f 4583 2234 2236
f 4583 2236 2074
f 1219 2074 2236
f 2236 2846 1219
f 2846 1598 1219
f 1220 1219 1598
f 1220 1598 1599
f 1599 4557 1220
f 1221 1220 4557
f 4557 1651 1221
f 1651 2862 1221
f 2074 1221 2862
f 4264 2074 2862
f 2862 4008 4264
f 4265 4264 4008
f 4265 4008 4007
f 4895 4265 4007
f 4895 4007 4871
f 4895 4871 1451
f 1451 1450 4895
f 1450 1451 1452
f 1450 1452 4648
f 4454 1450 4648
f 4648 4649 4454
f 4264 4454 4649
f 4649 2075 4264
f 4648 2075 4649
f 4602 2075 4648
f 1450 4454 4264
f 2272 4648 1452
f 2272 1452 2055
f 2055 2271 2272
f 2272 2271 4126
f 2271 2055 4888
f 4888 2055 4889
f 4888 4889 1141
f 1141 4165 4888
f 1141 1140 4165
f 1139 1140 1141
f 4641 1139 1141
f 1139 4641 4871
f 1139 4871 4618
f 4412 1139 4618
f 4618 198 4412
f 200 4412 198
f 198 4618 4320
f 4320 2252 198
f 2252 4890 198
f 199 198 4890
f 199 4890 2251
f 4252 199 2251
f 4252 2251 3955
f 3955 4868 4252
f 4619 4252 4868
f 4868 411 4619
f 4249 4619 411
f 411 816 4249
f 816 4248 4249
f 4248 1828 4249
f 4249 1828 4869
f 4870 4869 1828
f 4619 4869 4870
f 4550 4619 4870
f 1828 4248 1829
f 815 4248 816
f 814 815 816
f 815 814 1920
f 1920 4039 815
f 815 4039 4860
f 4039 2038 4860
f 2038 958 4860
f 2037 2038 4039
f 2037 4039 4177
f 4177 911 2037
f 910 2037 911
f 910 911 912
f 912 4861 910
f 912 4614 4861
f 2007 4614 912
f 912 2005 2007
f 2005 2006 2007
f 2005 2331 2006
f 2330 2006 2331
f 990 2330 2331
f 2331 4643 990
f 2025 990 4643
f 4110 2025 4643
f 4643 4088 4110
f 4088 612 4110
f 4110 612 460
f 460 2778 4110
f 3032 4110 2778
f 2778 3033 3032
f 988 3032 3033
f 988 3033 4581
f 4581 4224 988
f 989 988 4224
f 988 989 990
f 4224 4581 4223
f 4223 4096 4224
f 4097 4096 4223
f 4097 4223 4615
f 4615 4223 4220
f 4223 4582 4220
f 4582 4221 4220
f 4220 4221 1078
f 1077 4220 1078
f 1077 1078 1079
f 1079 1078 4521
f 1079 4521 459
f 459 877 1079
f 1079 877 2031
f 877 879 2031
f 2012 2031 879
f 879 4332 2012
f 4332 4333 2012
f 4875 2012 4333
f 4333 4169 4875
f 4875 4169 4171
f 4171 2010 4875
f 4328 2010 4171
f 4328 4171 4329
f 4329 4874 4328
f 4881 4328 4874
f 4877 4874 4329
f 4329 4603 4877
f 4877 4603 4593
f 4593 1156 4877
f 1155 4877 1156
f 1155 1156 1157
f 1157 4275 1155
f 1260 1155 4275
f 4187 1260 4275
f 2235 4187 4275
f 2235 4275 2846
f 2846 4275 2065
f 4185 4187 2235
f 4186 1260 4187
f 4186 1258 1260
f 1258 1259 1260
f 4010 1259 1258
f 4010 4874 1259
f 1260 1259 1155
f 4275 1157 2065
f 2065 1157 1993
f 2065 1993 4200
f 1598 2065 4200
f 4199 4200 1993
f 4199 1993 4862
f 4556 4199 4862
f 113 4556 4862
f 113 4862 4595
f 4595 4195 113
f 4194 113 4195
f 4195 4914 4194
f 4865 4194 4914
f 4865 4914 4170
f 4170 4863 4865
f 4604 4865 4863
f 1340 4604 4863
f 1340 4863 1341
f 1340 1341 722
f 722 4310 1340
f 2267 4310 722
f 722 4639 2267
f 4642 2267 4639
f 4612 4642 4639
f 4612 4639 4306
f 4612 4306 1415
f 1415 4306 4307
f 1415 4307 1413
f 1413 1414 1415
f 1414 4410 1415
f 1415 4410 4642
f 4410 2105 4642
f 2105 4410 1791
f 2104 2105 1791
f 1791 4846 2104
f 4846 115 2104
f 114 2104 115
f 113 114 115
f 4847 113 115
f 2104 114 2267
f 2267 114 4553
f 4553 114 4194
f 4846 4847 115
f 3980 4847 4846
f 4846 3981 3980
f 3980 3981 1855
f 1652 3980 1855
f 1854 1652 1855
f 1854 1855 1856
f 4009 1854 1856
f 4009 1856 4653
f 4007 4009 4653
f 4453 4007 4653
f 4653 174 4453
f 173 4453 174
f 172 173 174
f 172 174 4472
f 4020 172 4472
f 4020 4472 4127
f 4018 4020 4127
f 4041 4018 4127
f 4041 4127 2471
f 4041 2471 2470
f 4040 4041 2470
f 2230 4040 2470
f 2230 2470 4491
f 2230 4491 345
f 2231 2230 345
f 347 2231 345
f 345 346 347
f 347 346 2450
f 4288 347 2450
f 4288 2450 4569
f 4288 4569 1614
f 4288 1614 4289
f 4289 4038 4288
f 1919 4288 4038
f 1919 4038 4039
f 4288 1919 2231
f 1919 1918 2231
f 1918 1919 1920
f 1918 1920 3943
f 3943 4040 1918
f 4040 3943 410
f 4040 410 4019
f 4019 4018 4040
f 409 4019 410
f 409 410 411
f 814 411 410
f 409 3956 4019
f 4019 3956 4020
f 4843 4020 3956
f 3956 3955 4843
f 409 3955 3956
f 410 3943 814
f 814 3943 3944
f 3944 3943 1920
f 4038 4289 4177
f 1614 4177 4289
f 546 1614 4569
f 4569 547 546
f 546 547 548
f 548 2331 546
f 4580 548 547
f 4580 547 4013
f 4013 4693 4580
f 4580 4693 4104
f 4104 4643 4580
f 4693 4052 4104
f 4104 4052 1948
f 4104 1948 4088
f 1948 1950 4088
f 1948 1949 1950
f 4822 1950 1949
f 1949 2965 4822
f 613 4822 2965
f 2965 212 613
f 212 214 613
f 613 214 461
f 612 613 461
f 878 461 214
f 214 2980 878
f 879 878 2980
f 2980 2981 879
f 2980 4214 2981
f 4214 4203 2981
f 4204 2981 4203
f 4203 723 4204
f 1341 4204 723
f 4204 1341 4333
f 723 4203 4621
f 4621 4587 723
f 4587 724 723
f 722 723 724
f 724 4587 4589
f 724 4589 4639
f 4587 4588 4589
f 4588 4306 4589
f 4624 4306 4588
f 4152 4624 4588
f 4588 4153 4152
f 4141 4152 4153
f 4141 4153 1987
f 1986 4141 1987
f 1986 1987 1988
f 4850 1986 1988
f 4850 1988 2276
f 4850 2276 4851
f 4911 4850 4851
f 4851 770 4911
f 769 4911 770
f 768 769 770
f 770 1551 768
f 4632 768 1551
f 1670 4632 1551
f 1551 4053 1670
f 4068 1670 4053
f 4067 4068 4053
f 4067 4053 4052
f 4052 4053 1949
f 4053 4852 1949
f 4852 4427 1949
f 4852 4896 4427
f 4896 4650 4427
f 4427 4650 212
f 213 212 4650
f 213 4650 1550
f 1550 2277 213
f 2277 4214 213
f 2277 4501 4214
f 4501 4621 4214
f 4501 2203 4621
f 4622 4621 2203
f 4905 4622 2203
f 1987 4905 2203
f 4588 4622 4905
f 2276 2203 4501
f 2277 2276 4501
f 2276 2277 1550
f 1550 770 2276
f 1551 1550 4650
f 4896 1551 4650
f 1551 4896 4638
f 4638 4896 4852
f 4053 4638 4852
f 2288 4068 4067
f 2288 4067 4013
f 2289 4068 2288
f 2288 346 2289
f 346 4898 2289
f 4898 4670 2289
f 4670 1670 2289
f 4670 1669 1670
f 1669 1158 1670
f 1158 1160 1670
f 1158 1159 1160
f 1160 1159 768
f 1158 2146 1159
f 2146 4426 1159
f 4426 4273 1159
f 769 1159 4273
f 4426 2182 4273
f 2182 2181 4273
f 2181 1986 4273
f 2181 2568 1986
f 2568 2567 1986
f 2566 2567 2568
f 2300 2566 2568
f 4678 2566 2300
f 2301 4678 2300
f 2300 2147 2301
f 4292 2301 2147
f 2147 4291 4292
f 1724 4292 4291
f 4291 4490 1724
f 2312 1724 4490
f 4391 2312 4490
f 2146 4391 4490
f 4391 1669 2312
f 1722 1724 2312
f 2311 1722 2312
f 2312 4898 2311
f 345 2311 4898
f 4491 1722 2311
f 4491 1723 1722
f 1722 1723 1724
f 1723 4681 1724
f 1723 4679 4681
f 4679 4680 4681
f 4680 1491 4681
f 4681 1491 4292
f 1491 4543 4292
f 1491 1490 4543
f 4543 1490 4544
f 4543 4544 4678
f 4544 4910 4678
f 4910 4883 4678
f 2379 4883 4910
f 2379 4626 4883
f 2332 4883 4626
f 4626 2136 2332
f 2136 2333 2332
f 2332 2333 2334
f 2567 2332 2334
f 2567 2334 4152
f 4355 2334 2333
f 4355 2333 2135
f 4379 4355 2135
f 2135 1413 4379
f 2135 2362 1413
f 1413 2362 4665
f 2361 4665 2362
f 2360 2361 2362
f 2360 2362 4627
f 2396 2360 4627
f 2396 4627 1757
f 1759 2396 1757
f 1757 1758 1759
f 1758 4654 1759
f 4654 4536 1759
f 4653 4536 4654
f 174 4654 1758
f 1758 1757 4674
f 4674 4473 1758
f 4472 1758 4473
f 4472 4473 4474
f 4652 4472 4474
f 4652 4474 4679
f 2471 4652 4679
f 1492 4474 4473
f 4474 1492 4680
f 4473 4674 1492
f 4674 2380 1492
f 1492 2380 1490
f 2379 1490 2380
f 2380 4625 2379
f 4674 4625 2380
f 4674 1757 4625
f 2134 4625 1757
f 4625 2134 4626
f 4536 2396 1759
f 4536 1856 2396
f 2134 1757 4627
f 4627 2362 2134
f 2396 2361 2360
f 1855 2361 2396
f 2361 4916 4665
f 4665 4916 1790
f 1414 4665 1790
f 1414 1790 1791
f 4916 1791 1790
f 4916 2361 3981
f 2134 2362 2135
f 2134 2135 2136
f 4307 4355 4379
f 4307 4356 4355
f 2334 4355 4356
f 4356 4624 2334
f 2136 2135 2333
f 2136 4626 2134
f 4883 2332 2567
f 2379 4625 4626
f 4544 2379 4910
f 1490 2379 4544
f 1490 1491 1492
f 4680 1492 1491
f 4679 4474 4680
f 2471 4679 1723
f 4490 4291 2146
f 1724 4681 4292
f 2147 2146 4291
f 2146 2147 2148
f 2147 4440 2148
f 2148 4440 4918
f 2148 4918 4426
f 2180 4918 4440
f 2180 4440 2300
f 2180 2300 2181
f 4918 2180 2182
f 4292 4543 2301
f 2147 2300 4440
f 4678 2301 4543
f 2566 4678 4883
f 2566 4883 2567
f 2300 2568 2181
f 2180 2181 2182
f 4426 4918 2182
f 2146 2148 4426
f 1158 4391 2146
f 1669 4391 1158
f 2312 1669 4670
f 2312 4670 4898
f 2289 1670 4068
f 4053 1551 4638
f 4632 1670 1160
f 768 4632 1160
f 1550 1551 770
f 769 768 1159
f 769 4273 4911
f 4850 4911 4273
f 770 4851 2276
f 1988 2203 2276
f 4273 1986 4850
f 1988 1987 2203
f 2567 4141 1986
f 1987 4153 4905
f 2567 4152 4141
f 4153 4588 4905
f 2334 4624 4152
f 4356 4306 4624
f 4587 4622 4588
f 4621 4622 4587
f 4204 4332 2981
f 4214 4621 4203
f 213 4214 2980
f 213 2980 214
f 461 878 877
f 212 213 214
f 212 2965 4427
f 4822 613 612
f 1949 4427 2965
f 1950 4822 612
f 4052 1949 1948
f 4693 4067 4052
f 4013 4067 4693
f 4013 547 2288
f 2450 2288 547
f 548 4580 4643
f 1614 546 1615
f 1615 911 1614
f 1615 546 2005
f 4569 2450 547
f 2288 2450 346
f 345 4898 346
f 2231 347 4288
f 2230 2231 1918
f 2311 345 4491
f 2470 1723 4491
f 2230 1918 4040
f 2470 2471 1723
f 4652 2471 4127
f 4040 4018 4041
f 4018 4019 4020
f 4127 4472 4652
f 4843 172 4020
f 1758 4472 174
f 4843 173 172
f 4843 2253 173
f 2253 4843 2251
f 2251 2252 2253
f 2252 4321 2253
f 2253 4321 4453
f 2253 4453 173
f 174 4653 4654
f 4453 4321 4007
f 4653 1856 4536
f 4009 1650 1854
f 4008 1650 4009
f 1856 1855 2396
f 1650 1652 1854
f 1650 1651 1652
f 1652 4557 3980
f 1855 3981 2361
f 3981 4846 4916
f 4557 4847 3980
f 4556 4847 4557
f 1791 4916 4846
f 2267 2105 2104
f 1791 4410 1414
f 1413 4665 1414
f 4307 4379 1413
f 4306 4356 4307
f 4306 4639 4589
f 4642 4612 1415
f 4642 2105 2267
f 722 724 4639
f 2267 4553 4310
f 4310 4553 4604
f 722 1341 723
f 1341 4863 4169
f 4310 4604 1340
f 4604 4553 4865
f 4863 4170 4169
f 4865 4553 4194
f 4914 4195 4170
f 4170 4195 4171
f 4171 4195 4603
f 113 4194 114
f 4603 4195 4595
f 4595 4862 4593
f 113 4847 4556
f 1599 4199 4556
f 4862 1993 4593
f 4199 1599 4200
f 1993 1157 1156
f 1155 1259 4877
f 4593 1993 1156
f 4595 4593 4603
f 4874 4877 1259
f 4603 4329 4171
f 2010 4328 4881
f 4169 4170 4171
f 1341 4169 4333
f 2012 4875 2010
f 2010 2011 2012
f 2012 2011 4337
f 2011 2010 4338
f 4333 4332 4204
f 4332 879 2981
f 877 878 879
f 459 461 877
f 459 460 461
f 4521 4221 459
f 2778 459 4221
f 1078 4221 4521
f 4221 4582 2778
f 4581 2778 4582
f 4096 4097 4098
f 4581 4582 4223
f 2025 3032 988
f 3033 2778 4581
f 2778 460 459
f 612 461 460
f 4088 1950 612
f 4643 4104 4088
f 2025 4110 3032
f 990 2025 988
f 4643 2331 548
f 2330 990 989
f 2006 2330 989
f 546 2331 2005
f 2005 912 1615
f 911 1615 912
f 2037 910 1387
f 4177 1614 911
f 4039 4038 4177
f 2037 1387 2038
f 1919 4039 1920
f 814 3944 1920
f 4860 4248 815
f 4860 4844 4248
f 816 411 814
f 4249 4869 4619
f 411 4868 409
f 4252 4619 4550
f 409 4868 3955
f 3955 2251 4843
f 4550 199 4252
f 4890 2252 2251
f 4320 4321 2252
f 4320 4618 4321
f 4618 4871 4321
f 1139 4412 1140
f 4591 1140 4412
f 1141 4889 4641
f 4889 2054 4641
f 1451 4641 2054
f 4889 2055 2054
f 1452 2054 2055
f 4126 4648 2272
f 2054 1452 1451
f 4871 4641 1451
f 4321 4871 4007
f 4895 1450 4265
f 4007 4008 4009
f 1450 4264 4265
f 4008 2862 1650
f 2074 4264 2075
f 2073 2074 2075
f 1651 1650 2862
f 1651 4557 1652
f 4556 4557 1599
f 1598 4200 1599
f 1219 1220 1221
f 2846 2065 1598
f 1221 2074 1219
f 2235 2846 2236
f 4601 4428 2234
f 2235 4424 4185
f 1315 4037 4640
f 1315 4640 436
f 4185 4186 4187
f 4186 1317 1258
f 1316 1315 436
f 3411 1316 436
f 1317 4010 1258
f 4881 4874 4010
f 4881 4338 2010
f 4337 2011 4338
f 2031 2012 4337
f 1079 2031 2094
f 2094 1077 1079
f 4615 4220 1077
f 4097 4615 4098
f 4096 4098 2207
f 989 4224 4096
f 2006 989 4300
f 2007 2006 4300
f 2007 2111 4614
f 1125 4530 1126
f 1127 1325 2111
f 4861 4614 2111
f 910 4861 1386
f 4884 4892 1324
f 2150 4884 1324
f 1386 1387 910
f 1387 958 2038
f 958 4844 4860
f 4248 4844 1829
f 1828 1829 1830
f 4358 2392 960
f 4358 3624 2392
f 711 2392 3624
f 1828 1830 4870
f 4550 4870 4554
f 4554 4176 4550
f 2392 711 710
f 712 4176 4554
f 3200 3452 3553
f 4176 199 4550
f 198 199 200
f 3553 3452 4711
f 4591 4412 200
f 4512 4514 4711
f 4591 4165 1140
f 1845 4514 4513
f 4165 2271 4888
f 1845 1846 1847
f 4126 2271 3550
f 4126 4602 4648
f 1846 4244 3549
f 4602 4246 2075
f 3558 4245 4244
f 4246 2073 2075
f 4600 4245 4202
f 2073 4583 2074
f 4583 4601 2234
f 4528 4523 4600
f 4601 4234 4428
f 4520 4232 4523
f 4285 1887 1889
f 1887 1888 1889
f 1889 1888 3106
f 4234 4233 4036
f 4035 4036 4037
f 4284 4285 1889
f 3105 4570 4571
f 4037 4417 4640
f 436 4640 4563
f 4570 3648 4571
f 3648 4570 3527
f 437 436 4563
f 435 436 437
f 436 435 3411
f 1316 3411 3410
f 4763 4336 3410
f 4457 4345 4763
f 799 4457 800
f 1911 798 800
f 1910 1911 1912
f 1911 1910 2208
f 2208 4046 2206
f 4775 3641 4555
f 4046 4493 1126
f 4493 3723 4436
f 3637 4029 3808
f 3635 3723 3636
f 4442 3635 4002
f 4004 4442 4002
f 4002 4001 4004
f 4032 4033 4003
f 3082 4004 4001
f 4004 1495 4442
f 1495 1326 1496
f 4748 1324 1326
f 1324 4100 2150
f 4099 4100 4101
f 4347 4005 3623
f 4101 4623 3625
f 3625 3624 4358
f 3624 4382 711
f 4382 4339 3201
f 3083 3623 3081
f 3083 4033 645
f 643 644 645
f 4339 3371 3202
f 3453 3202 4671
f 4671 4395 3453
f 643 2653 644
f 4395 1944 668
f 4636 2653 2671
f 1944 1945 668
f 1945 4211 669
f 4211 4666 2350
f 2671 2670 4636
f 2669 2670 2671
f 2351 4666 3622
f 2670 3220 3621
f 3622 4364 2351
f 4364 4218 530
f 4617 3564 4218
f 1966 3575 4617
f 1967 1966 4445
f 4437 3605 3085
f 4438 1965 1967
f 1965 1966 1967
f 3575 1966 3573
f 1446 4361 3340
f 3992 3573 4151
f 4360 4261 4151
f 3539 3538 4360
f 3602 3537 3539
f 4399 3537 3484
f 3483 3799 3484
f 3601 4673 3485
f 3483 788 4585
f 788 789 790
f 4651 4518 3460
f 4664 3688 789
f 4510 3688 3687
f 3687 4628 4065
f 3686 4518 1981
f 4065 4628 4066
f 1979 1980 1981
f 4064 4065 4066
f 4064 4367 4375
f 1980 3677 4366
f 4367 3341 3343
f 3341 3678 3342
f 3678 4575 4576
f 4792 4575 4677
f 1980 4476 3677
f 4655 4545 4476
f 4541 4545 4655
f 4677 4546 4792
f 4802 4575 4792
f 4575 4802 3946
f 3947 3946 4676
f 3673 3947 4676
f 4541 4675 4545
f 4542 4541 4655
f 4296 4542 4468
f 3673 4279 3947
f 4279 4278 3947
f 4286 4277 3784
f 3195 4486 4286
f 3667 4278 3668
f 4021 3667 4269
f 865 3762 3669
f 4076 4021 4269
f 4076 4075 3516
f 4077 4499 4793
f 4075 4794 4567
f 4794 240 4704
f 4793 4499 4577
f 4082 4577 4507
f 240 4057 241
f 4058 4082 4661
f 2121 4058 4661
f 241 4057 3177
f 1579 4058 2439
f 241 3177 4573
f 4062 242 4573
f 4062 3548 3080
f 3547 3080 3548
f 3984 3547 4494
f 4494 4145 3985
f 2223 4159 4788
f 3499 4145 3168
f 3167 3499 3168
f 3500 3499 3167
f 3293 3500 4613
f 3595 4613 4784
f 3595 4784 3902
f 4599 4149 3810
f 3902 3596 4305
f 4206 3594 3596
f 4611 3594 4113
f 4113 4094 3589
f 4093 4092 3536
f 4596 4094 4180
f 4180 3136 4181
f 3137 4093 3535
f 3136 3135 4315
f 3897 3965 3137
f 3965 3897 4549
f 4315 3135 4095
f 4095 3964 4737
f 4232 3964 4721
f 3965 4549 3966
f 4721 1888 1887
f 3897 3969 4549
f 3950 3106 1888
f 1889 3106 3105
f 4570 3105 4548
f 3104 3949 3953
f 3649 3953 3949
f 4548 3527 4570
f 3528 3952 1560
f 3527 3526 3648
f 4584 3648 3526
f 4295 4584 3526
f 4295 4135 4584
f 4047 4135 4295
f 4047 4295 4048
f 4031 4135 4047
f 4124 4772 4134
f 4124 4139 4772
f 4769 4584 4135
f 3648 4584 3646
f 4119 3647 3646
f 4118 3409 4119
f 4647 4118 3077
f 3076 3075 4139
f 4762 4647 3077
f 3076 4139 4124
f 4125 4124 4134
f 4304 4125 4134
f 3506 4762 3507
f 3643 3642 3506
f 4555 3641 3643
f 4775 4555 3990
f 3724 3990 3725
f 3989 3505 3975
f 4029 3725 3974
f 4029 3974 4938
f 4029 4938 1384
f 4938 3974 3286
f 4764 3286 3974
f 3975 4125 3063
f 4125 4304 3063
f 4304 4134 4030
f 3299 4030 3099
f 3070 3593 3301
f 3301 4301 3070
f 4025 3300 3299
f 3300 4025 3633
f 4302 4301 3301
f 4301 3283 3070
f 3071 3283 3282
f 3551 480 1751
f 3197 3284 1998
f 3742 481 480
f 3119 3742 2000
f 1999 1998 4298
f 827 2001 828
f 2001 827 4942
f 827 1081 4942
f 4942 1081 3568
f 2000 2003 3119
f 2002 1977 2003
f 3567 2001 4942
f 2002 1969 1977
f 752 1969 753
f 3568 3567 4942
f 3171 753 3172
f 3172 1093 1095
f 3366 2661 1093
f 2043 1004 3366
f 1082 4723 2043
f 1081 1080 3568
f 827 829 1081
f 3566 829 1999
f 1082 2046 4723
f 3566 3750 2044
f 3633 3750 3300
f 2045 2210 2046
f 2211 3633 4025
f 2210 2209 2657
f 4026 2218 2211
f 2209 2219 3353
f 3101 2218 4026
f 3100 3631 3101
f 1561 3381 2219
f 3100 1559 3631
f 1560 1559 3528
f 3381 1561 3802
f 3802 3375 3380
f 3953 3373 1560
f 3190 3375 3374
f 3191 3374 3632
f 3632 4944 3191
f 4944 3108 3191
f 3373 3953 3649
f 4944 3632 2254
f 4944 2254 3407
f 3407 3645 4944
f 3949 2255 3649
f 2264 2255 3949
f 2264 3969 2265
f 2256 3407 2254
f 2265 3534 3644
f 3645 3407 1643
f 1641 3644 3143
f 4599 1642 1641
f 3810 1642 4599
f 3399 3645 1643
f 4944 3645 3108
f 3191 3108 2298
f 2298 356 4253
f 355 354 3109
f 4404 356 401
f 3109 2460 355
f 3110 3404 401
f 3810 1706 2460
f 1707 1706 3169
f 1708 3824 3110
f 3824 2455 3405
f 1707 2456 3430
f 2455 2454 3651
f 4146 2223 2456
f 223 2454 3093
f 221 2223 4788
f 223 289 4458
f 222 221 2444
f 2444 4063 3095
f 289 1580 4451
f 1579 1578 3095
f 4451 1580 3806
f 3806 3382 3050
f 3382 2440 3243
f 2439 2438 1579
f 3084 3243 2440
f 3084 2123 4313
f 2121 2439 4058
f 4661 2122 2121
f 2123 2131 4314
f 4314 2131 3313
f 4506 2130 2122
f 2130 4660 3318
f 3318 3654 3597
f 1462 3597 3654
f 3598 3313 2131
f 4314 3313 3312
f 4323 3312 2183
f 2184 3599 1768
f 3599 1266 1768
f 4323 2183 2199
f 2198 3560 2199
f 3462 3560 2198
f 2184 1768 2185
f 2198 3364 3462
f 3561 3560 3462
f 4225 3561 2238
f 2237 4225 2238
f 2237 2244 4225
f 3244 2244 3394
f 3522 3394 1624
f 1623 1891 1624
f 389 388 1623
f 3160 389 1960
f 3640 2245 1625
f 1960 3392 1961
f 1961 682 681
f 682 2139 272
f 2137 2245 2138
f 272 2139 2145
f 2245 2144 2138
f 1478 2144 2374
f 272 2145 3607
f 3607 3086 1166
f 3086 1480 1859
f 1479 1478 1535
f 2372 1479 1536
f 1480 3155 1859
f 1781 3155 3327
f 3155 1781 3153
f 1831 3153 3476
f 3591 3476 2389
f 1349 1348 2389
f 1783 3836 2390
f 3664 447 1349
f 3664 2294 447
f 2388 3665 3836
f 2294 3664 3429
f 3428 3661 1675
f 3428 4929 3661
f 3666 4929 3428
f 1676 2297 4957
f 1676 4957 3131
f 4957 4926 3131
f 2297 4926 4957
f 3661 4929 3420
f 3420 4929 2850
f 2850 2295 3420
f 2850 4933 2295
f 4933 3615 2295
f 4933 2166 3615
f 1276 2166 4933
f 4926 2297 3614
f 4926 3614 4927
f 4926 4927 2320
f 4927 3444 2320
f 2295 3615 2296
f 2151 3615 2166
f 2167 1746 2152
f 1746 1506 2152
f 2152 1506 4931
f 4931 3655 2152
f 4931 1506 1661
f 1506 3446 1661
f 3417 1663 2281
f 3417 1935 1663
f 1935 2283 1663
f 1661 3446 1662
f 4931 1661 3655
f 3655 2153 2152
f 1663 2283 2282
f 3614 2153 2284
f 3444 4927 3614
f 3676 1734 3445
f 1733 2321 3444
f 2320 3444 2321
f 3131 4926 2320
f 1676 3131 1677
f 2294 1677 447
f 448 2322 494
f 447 446 3590
f 3590 3126 2103
f 3126 3125 2103
f 1928 731 3127
f 3181 3125 760
f 3554 3181 3180
f 1011 3554 3180
f 732 1974 759
f 974 3180 1975
f 1956 973 972
f 1011 3180 974
f 2972 3554 1011
f 3216 2972 150
f 3224 148 150
f 149 148 2969
f 3145 4965 561
f 177 4965 3145
f 2969 563 149
f 562 561 4965
f 913 563 599
f 4965 598 562
f 4965 4966 598
f 1852 4966 4965
f 4966 1852 3061
f 2960 2021 599
f 4966 1940 598
f 4966 3058 1940
f 7 3058 4966
f 2960 2019 2021
f 1857 2019 1942
f 1942 3729 1857
f 1858 3729 3580
f 273 1872 3580
f 2060 271 273
f 3058 1941 1940
f 43 2060 2957
f 3306 43 9
f 3058 7 44
f 3061 7 4966
f 3061 1852 3062
f 9 8 1820
f 3579 1820 3494
f 3494 2117 3307
f 3055 1416 2117
f 1416 3055 358
f 357 2118 358
f 3231 357 397
f 1902 3231 397
f 1901 3231 1902
f 1901 1309 620
f 620 1309 660
f 3164 1000 660
f 1958 1000 3164
f 1958 3749 1772
f 3156 3454 3749
f 510 512 3156
f 1752 588 510
f 125 158 1752
f 1753 158 1841
f 1840 1839 3503
f 3503 4971 1840
f 4971 3503 2542
f 2542 4973 4971
f 3288 4971 4973
f 3501 1841 3819
f 3072 1840 4971
f 3071 3282 3501
f 3071 3070 3283
f 4971 3288 3072
f 4973 3289 3288
f 3289 4973 226
f 2221 226 4973
f 3070 3290 3296
f 226 3592 3289
f 1373 3592 953
f 3295 1372 3296
f 1371 3064 1372
f 1371 3286 4764
f 1384 4938 3286
f 1383 1382 3555
f 1384 3808 4029
f 3637 3808 3214
f 3214 2669 2671
f 3213 1383 3219
f 2669 3220 2670
f 3555 3219 1383
f 3621 3220 943
f 3555 1382 944
f 2013 3621 943
f 2013 3206 4646
f 944 2096 945
f 952 2096 1373
f 953 952 1373
f 954 3807 3206
f 226 953 3592
f 284 3807 225
f 284 1211 1210
f 3605 1210 3085
f 4437 3085 3304
f 4437 3304 3297
f 2112 1440 3236
f 3304 1438 3297
f 3297 3302 4437
f 3229 1447 2112
f 3340 3302 1446
f 1446 3801 4361
f 3228 3603 3801
f 3229 1448 1447
f 4673 3228 3227
f 3701 3227 3237
f 2112 3236 3229
f 3237 2373 4672
f 1036 3236 1440
f 4672 2373 1038
f 3459 1038 1037
f 2026 1036 1440
f 2026 386 3037
f 386 4981 3037
f 3038 3037 4981
f 4981 4982 3038
f 4982 3140 3038
f 4982 4981 325
f 1047 1046 1037
f 1046 3694 3693
f 4296 3694 3789
f 3789 3141 3439
f 3140 1048 3038
f 3148 3140 4982
f 4982 2683 3148
f 3149 3439 3141
f 3149 614 3439
f 3149 615 614
f 614 3028 3439
f 270 633 3027
f 270 4989 633
f 3028 635 3675
f 633 4989 634
f 634 4989 2620
f 4989 4943 2620
f 4932 2620 4943
f 4943 1468 4932
f 1468 4939 4932
f 4939 2621 4932
f 4939 1468 2692
f 2133 4943 4989
f 635 3784 4277
f 2620 3194 634
f 4286 3784 3195
f 3204 3203 4923
f 4923 3203 2386
f 3195 3552 4486
f 3669 3552 865
f 4923 863 3204
f 865 864 3762
f 4923 1994 863
f 1787 1994 4923
f 864 3187 3419
f 1787 3193 1994
f 874 3662 3187
f 2881 3777 872
f 2881 4953 3777
f 4953 4930 3777
f 4953 4924 4930
f 4930 4924 3250
f 4924 4953 2174
f 4930 3246 3777
f 873 3248 874
f 3248 3247 4256
f 4930 3250 3246
f 4924 3251 3250
f 3251 4924 4925
f 3251 4925 4992
f 4925 1517 4992
f 1517 4936 4992
f 4936 2039 4992
f 4936 4993 2039
f 2039 4993 4994
f 4993 1795 4994
f 4995 1795 4993
f 4995 4945 1795
f 4995 2866 4945
f 1502 2866 4995
f 4995 4936 1502
f 1516 1502 4936
f 4936 4995 4993
f 1750 4925 4924
f 3247 3569 4256
f 3251 4992 1106
f 3569 1108 4255
f 1462 1108 1107
f 4992 2039 1106
f 2039 4994 3239
f 3239 4994 2804
f 1462 1107 1118
f 1118 1117 1463
f 3311 1463 1182
f 3599 1182 1266
f 1265 1768 1266
f 1265 3326 2372
f 3376 1184 1183
f 2216 3604 3326
f 1119 2217 3376
f 1119 1273 2217
f 2215 3435 2216
f 2217 1273 3630
f 2853 3435 2215
f 2304 1782 3435
f 2304 2303 2388
f 3428 2303 3666
f 3764 2302 1711
f 1892 3764 1711
f 3666 2850 4929
f 2849 1892 1692
f 4933 2850 3387
f 4933 3387 1276
f 2849 1275 1274
f 2166 1276 1585
f 1585 1584 2166
f 2261 2260 1275
f 1584 3383 1507
f 3401 2227 2260
f 3383 1508 1507
f 1508 2228 3447
f 3401 2837 2227
f 2837 3401 2739
f 2228 2836 3319
f 1203 3319 3270
f 3634 845 844
f 1181 845 3634
f 3276 3270 846
f 3276 1293 1292
f 919 2129 917
f 1293 3316 2305
f 919 918 831
f 2305 3316 625
f 623 832 624
f 625 2194 2305
f 1728 2193 624
f 2194 1359 1299
f 1300 1359 1358
f 580 1360 581
f 1300 1358 3700
f 3257 3700 1802
f 1803 1802 3331
f 3331 3330 2812
f 2143 3606 3332
f 3606 1352 3482
f 3482 928 3339
f 3339 2685 701
f 3218 2687 2383
f 3393 2686 2685
f 2687 2691 2383
f 2691 2690 2697
f 2686 3393 3215
f 3215 2797 2993
f 2992 2697 2690
f 2992 259 2698
f 259 3207 257
f 3205 257 3207
f 3196 2923 3205
f 3196 1895 2923
f 1895 1898 1908
f 1898 2397 1896
f 3189 2950 2625
f 2398 2397 1861
f 2679 1873 1861
f 3188 3189 2618
f 1874 2679 3182
f 3182 3179 2795
f 3174 3182 2795
f 2799 3256 3174
f 3173 3166 2798
f 2024 3166 3173
f 2024 3173 995
f 3165 3256 2799
f 1003 3163 3166
f 1863 3165 3162
f 3161 3163 4987
f 4987 2733 3161
f 4987 4998 2733
f 2736 4998 4987
f 4987 632 2736
f 632 4987 3163
f 1871 3162 3159
f 513 3159 3158
f 3158 2734 1084
f 2732 3161 2733
f 2734 3016 138
f 4998 2735 2733
f 3016 139 138
f 139 184 3240
f 2737 182 184
f 4998 2736 2735
f 2737 3147 182
f 183 3147 2637
f 2637 2644 183
f 2644 2290 183
f 2958 2767 591
f 2290 2959 3426
f 591 2769 2958
f 2959 3139 3426
f 2971 3139 2771
f 2970 2771 2770
f 3130 700 2970
f 3132 1825 3129
f 3128 3696 3130
f 3128 2813 3696
f 2812 3330 2813
f 3331 2812 3047
f 3124 2814 3129
f 56 3124 3129
f 2817 3124 2747
f 3331 3047 1803
f 1803 3112 1801
f 3111 1801 3112
f 1196 3111 3107
f 2816 3121 3103
f 3121 2090 3103
f 3121 1816 2090
f 1304 1196 3107
f 1304 1201 1303
f 2066 3656 1201
f 2066 2076 3660
f 2083 2077 2067
f 2077 3103 2090
f 2743 2090 1816
f 2723 2722 2756
f 2755 2076 2078
f 3660 2076 2759
f 2722 2758 3053
f 2759 1935 3417
f 3068 2718 2758
f 1933 2718 3074
f 3074 4983 1933
f 3074 2710 4983
f 2710 507 4983
f 1935 1934 2283
f 4983 507 1933
f 1934 2482 2283
f 1734 2482 2319
f 508 507 1364
f 509 2477 2319
f 2477 2476 1735
f 494 2476 453
f 1925 452 451
f 493 453 1926
f 1927 1926 1984
f 1984 2511 731
f 619 731 2511
f 1974 619 618
f 3175 618 1075
f 1074 617 1985
f 1075 1505 3175
f 3837 1505 2487
f 1826 3837 2487
f 1900 557 2496
f 1826 84 2497
f 557 697 2496
f 699 698 2497
f 1956 972 698
f 557 1954 697
f 1954 556 1955
f 973 1956 1010
f 665 2028 1010
f 664 2027 665
f 540 1849 663
f 4999 1850 1849
f 4963 4999 1849
f 1849 4964 4963
f 4962 4963 4964
f 4984 4962 4964
f 539 4984 4964
f 4984 4975 4962
f 4962 4975 1838
f 4975 1370 1838
f 4984 1114 4975
f 4984 824 1114
f 1838 4963 4962
f 4964 1849 539
f 127 4999 4963
f 1851 2968 664
f 2426 3145 2968
f 4999 178 1850
f 3008 178 4999
f 2426 177 3145
f 1852 4965 177
f 1852 1836 3062
f 3008 176 178
f 127 3008 4999
f 128 127 4963
f 4963 1838 128
f 1838 1370 2100
f 129 1365 2014
f 129 2014 894
f 1835 894 893
f 893 1836 1835
f 1836 1880 3062
f 1879 1819 1880
f 1878 895 2009
f 1189 1819 1879
f 301 3056 1189
f 300 299 2009
f 301 1865 3056
f 359 1865 398
f 1296 398 1297
f 1295 1297 1148
f 565 233 232
f 232 2601 565
f 234 1866 300
f 2114 300 2009
f 232 1869 2115
f 2114 2008 1433
f 1435 232 2115
f 2097 1434 1433
f 232 1435 2601
f 2986 565 2601
f 1434 2107 2106
f 1399 2986 2108
f 566 2986 1399
f 1400 2107 1332
f 542 1399 543
f 1029 1743 610
f 758 1399 542
f 757 1743 1996
f 758 566 1399
f 566 565 2986
f 565 1148 233
f 1295 1148 2483
f 1996 567 757
f 856 2483 1995
f 1029 1996 1743
f 1028 854 1029
f 856 855 1308
f 1991 1308 855
f 2522 854 1028
f 1028 1647 2522
f 806 661 1991
f 1990 1992 804
f 1992 2709 804
f 806 805 662
f 2048 689 805
f 1103 689 2048
f 1957 1959 1103
f 1957 2548 3157
f 1104 2034 1105
f 2034 1104 1554
f 2548 124 123
f 2033 159 124
f 3503 2033 1066
f 1066 2542 3503
f 4973 2542 2221
f 226 2221 2220
f 224 2220 283
f 283 2675 1199
f 1564 2222 1065
f 2675 1566 1199
f 1566 1565 1870
f 1870 1565 4976
f 2740 1870 4976
f 2934 4976 1565
f 4976 2934 375
f 1065 1064 1564
f 1064 2034 2212
f 2213 2934 1565
f 2934 2672 375
f 4967 375 2672
f 2672 1556 4967
f 2212 2034 1554
f 1554 1104 1555
f 1556 2270 4967
f 311 4967 2270
f 2214 1555 2269
f 2269 804 2709
f 2709 1992 1646
f 1646 2522 1647
f 19 1647 1028
f 1760 2700 19
f 1760 2678 2700
f 2700 2678 2701
f 1635 2701 255
f 2744 1636 1635
f 2744 1635 254
f 428 2258 1637
f 427 1648 428
f 427 311 2270
f 426 1636 2744
f 312 2744 334
f 376 4967 311
f 375 4967 376
f 375 2740 4976
f 2740 239 1870
f 1212 239 238
f 386 3305 238
f 386 325 4981
f 324 237 2741
f 310 2682 324
f 2683 4982 325
f 1603 2682 310
f 1604 3148 2683
f 334 1603 312
f 254 334 2744
f 1635 255 254
f 256 616 1604
f 2678 255 2701
f 2678 1760 268
f 1575 1574 616
f 1574 270 3027
f 268 1760 269
f 270 2133 4989
f 1760 1762 269
f 4943 2133 2612
f 1761 1467 1762
f 2612 1468 4943
f 1467 975 492
f 2126 2692 1468
f 1770 492 491
f 2126 2125 2692
f 2125 1456 2692
f 1770 2593 2606
f 2593 2204 1457
f 1332 1334 2204
f 2092 1334 1333
f 2092 2531 1541
f 1530 1529 1771
f 2128 1771 1529
f 1531 2366 2248
f 2248 2366 2239
f 1458 2128 2249
f 1458 2692 1456
f 2692 1629 4939
f 1629 2891 4939
f 1629 1628 2891
f 2248 2239 1630
f 2366 2356 2239
f 2431 1619 1618
f 2431 4915 1619
f 4915 4928 1619
f 4947 4928 4915
f 4947 4915 4948
f 2427 4948 4915
f 4947 4948 4928
f 1778 4928 4948
f 28 1778 4948
f 1619 4928 1777
f 1484 2240 1620
f 1474 2141 1486
f 2240 1484 2140
f 1628 2140 2891
f 2621 4939 2891
f 4932 2621 2620
f 2620 1475 3194
f 2141 1474 1473
f 3203 1475 2142
f 2617 1474 1486
f 2387 2617 2628
f 2142 2386 3203
f 2385 1786 2387
f 2386 1787 4923
f 1787 872 3193
f 872 2794 2881
f 2377 4953 2881
f 2726 4953 2377
f 2385 2378 1786
f 2385 1485 1777
f 1778 1777 4928
f 1779 2726 2377
f 2726 2174 4953
f 1673 2173 1674
f 2174 1750 4924
f 2287 2341 2173
f 1679 1681 2341
f 1681 2159 1518
f 4925 1750 1517
f 1516 4936 1517
f 1518 2159 2178
f 2328 2159 353
f 353 1744 2328
f 2160 1502 1516
f 341 1500 1744
f 1501 2866 1502
f 2400 2840 1807
f 2161 1809 1501
f 1808 1807 2840
f 2840 1596 1808
f 1808 1596 2811
f 1501 1809 2866
f 2866 1796 4945
f 2394 2811 2395
f 2811 1225 2395
f 2395 1225 1229
f 4945 1796 1795
f 2804 4994 1795
f 2858 3239 2804
f 1273 1119 2858
f 1272 3630 1273
f 1272 1320 1424
f 1715 1271 1797
f 1170 1320 1716
f 2395 2742 1715
f 1716 1171 1170
f 2742 2395 1229
f 1171 1270 1693
f 3401 1693 2739
f 2739 2738 2837
f 1179 1694 1228
f 1181 3634 2738
f 1180 845 1181
f 1179 1229 1225
f 1596 1225 2811
f 2680 3322 1180
f 2680 1134 918
f 1596 2840 1597
f 2840 2400 1135
f 831 918 1134
f 831 1278 1096
f 2407 1133 1135
f 1656 2315 1657
f 2316 1278 1277
f 2315 2274 1738
f 2316 2325 1278
f 2325 1096 1278
f 1096 1737 1729
f 1729 1728 1097
f 2193 1728 2745
f 2193 2745 2815
f 2818 1932 519
f 4940 1932 2818
f 2381 4940 2818
f 997 4940 2381
f 1932 4940 534
f 2355 534 4940
f 2355 4941 534
f 2346 4941 2355
f 2346 749 4941
f 464 4941 749
f 464 534 4941
f 535 463 2815
f 463 2805 580
f 465 464 2786
f 1924 479 2805
f 479 478 2242
f 477 2786 778
f 2797 478 779
f 2993 2797 786
f 785 2991 786
f 739 2626 785
f 739 738 2618
f 2790 740 1982
f 738 1971 2796
f 778 2786 2790
f 748 2786 464
f 749 748 464
f 1044 1971 750
f 2785 3176 1044
f 2800 2785 2782
f 3173 2782 1052
f 1052 995 3173
f 993 4937 994
f 4937 4934 994
f 605 4934 4937
f 606 4937 993
f 4934 2777 994
f 4934 2329 2777
f 2324 1002 2777
f 1002 2324 2772
f 995 2776 2024
f 2024 1003 3166
f 632 3163 1003
f 632 631 2736
f 630 1002 2772
f 2772 2323 2768
f 631 1946 2736
f 1946 640 2636
f 2645 640 574
f 574 1938 2645
f 591 2767 1938
f 1251 91 590
f 591 93 2769
f 2757 93 92
f 1825 3132 2757
f 56 3129 1825
f 2747 3124 56
f 2746 2817 2747
f 1816 3121 2746
f 70 2743 1816
f 57 69 58
f 1319 2743 70
f 1913 3094 1319
f 1913 431 2050
f 431 430 2049
f 2056 430 368
f 369 422 1235
f 1235 421 1269
f 385 368 370
f 384 2061 385
f 384 4949 2061
f 2061 4949 2721
f 384 1964 4949
f 188 4949 1964
f 1963 188 1964
f 188 1963 679
f 2721 4949 188
f 2061 2721 2681
f 3078 2681 195
f 132 3078 195
f 132 131 3078
f 2719 131 2713
f 2720 2713 146
f 146 2710 3074
f 2710 1364 507
f 147 1363 145
f 1364 1390 508
f 1390 1983 452
f 2705 2502 1983
f 2501 2705 1329
f 1363 147 1389
f 147 1834 1330
f 1328 733 1329
f 1328 1355 1545
f 1834 1354 1330
f 1355 2093 1545
f 1834 2696 1354
f 133 196 2696
f 187 196 1848
f 187 186 931
f 2093 932 2018
f 2093 2018 1545
f 1546 1545 892
f 2030 892 891
f 1008 922 890
f 826 891 315
f 826 315 314
f 2257 314 1187
f 2663 1224 316
f 1054 248 1146
f 969 2663 2684
f 971 249 248
f 922 1008 969
f 890 1009 1008
f 962 2023 1009
f 971 970 2648
f 931 2649 2023
f 931 117 2649
f 608 2649 117
f 971 2648 249
f 609 608 117
f 249 642 247
f 247 642 641
f 1943 609 117
f 1176 641 553
f 267 553 552
f 596 551 2647
f 596 2647 4991
f 4991 4921 596
f 2266 4921 4991
f 2266 2263 4921
f 2263 4920 4921
f 4921 4920 1937
f 4920 4970 1937
f 4980 4970 4920
f 4920 4979 4980
f 4980 4979 851
f 4920 4977 4979
f 4977 4978 4979
f 4978 1997 4979
f 4988 1997 4978
f 4978 4977 4988
f 2241 4988 4977
f 4977 4950 2241
f 4950 4977 4946
f 2250 4950 4946
f 4946 4977 2259
f 4977 4920 2259
f 4970 4980 850
f 2647 1377 4991
f 267 552 597
f 1937 596 4921
f 1937 4970 2629
f 597 2631 265
f 265 2631 4968
f 4968 1062 265
f 4909 1062 4968
f 4968 4972 4909
f 4909 4972 1129
f 4974 1129 4972
f 4974 4972 852
f 2631 4972 4968
f 4972 2631 852
f 4970 850 2629
f 4980 851 850
f 852 883 4974
f 2613 4974 883
f 851 4979 1997
f 2616 883 882
f 1997 4988 803
f 903 803 4988
f 2616 2613 883
f 2613 1099 4974
f 4974 1099 1129
f 2042 4909 1129
f 2611 1130 1101
f 2611 1101 4958
f 1562 2611 4958
f 4958 1101 1072
f 1072 2120 4958
f 1062 4909 2042
f 265 1062 266
f 1089 1429 266
f 1088 1429 1089
f 1255 1430 1429
f 333 1430 1255
f 333 1153 331
f 1152 1151 262
f 1153 2594 1208
f 2110 1208 1437
f 1026 2110 2268
f 1024 1026 2268
f 4997 2041 1403
f 1403 2047 4997
f 2580 1024 1404
f 1187 2580 2257
f 825 314 2257
f 1466 1699 1720
f 1699 2577 1720
f 1444 1534 825
f 1039 1040 1534
f 1039 1116 985
f 1074 1116 1721
f 569 571 1721
f 1699 1698 2577
f 569 2569 570
f 570 2569 1939
f 85 1939 1705
f 1704 83 1705
f 1704 1291 47
f 2232 1291 1290
f 2232 1248 48
f 1248 1818 48
f 1818 1283 414
f 415 1283 2132
f 415 2132 907
f 907 811 415
f 2463 1899 811
f 2463 364 363
f 870 2124 823
f 1900 364 871
f 557 1900 871
f 557 556 1954
f 1955 556 540
f 540 539 1849
f 541 870 822
f 539 824 4984
f 822 870 823
f 823 2124 503
f 824 504 1114
f 1114 504 489
f 487 503 810
f 1115 1114 489
f 1370 4975 1114
f 2100 1370 1369
f 2100 1369 1411
f 1338 2099 1411
f 1338 934 936
f 2015 934 2531
f 1542 1541 2531
f 1542 1380 2192
f 2192 1380 1573
f 942 1381 2530
f 942 1412 2149
f 1595 2229 2525
f 1595 2525 1347
f 4959 1595 1347
f 1412 1346 2149
f 1347 898 4959
f 899 1346 2247
f 897 4959 898
f 1709 4959 897
f 4960 1709 897
f 4960 897 658
f 5001 4960 658
f 4961 4960 5001
f 5001 651 4961
f 4961 651 1690
f 169 1690 651
f 4960 4961 1710
f 951 658 897
f 1709 2446 4959
f 2247 2518 899
f 2518 1113 488
f 951 897 2514
f 488 487 950
f 810 950 487
f 951 659 658
f 651 5001 658
f 810 812 649
f 2507 812 908
f 651 650 170
f 860 1868 2507
f 170 169 651
f 1690 169 155
f 1690 155 205
f 1868 862 168
f 156 121 109
f 2472 156 109
f 2495 80 2293
f 111 2293 688
f 109 111 2472
f 156 2472 157
f 687 445 219
f 157 205 155
f 220 219 17
f 220 16 206
f 983 1799 206
f 1690 205 204
f 1690 1710 4961
f 1710 1709 4960
f 2446 1709 2299
f 2446 1595 4959
f 2229 1595 1594
f 2229 2445 940
f 1571 1613 4878
f 4878 1613 1697
f 4878 1697 42
f 2224 4878 42
f 941 940 2445
f 1380 941 1573
f 4878 1572 1571
f 1573 1583 2192
f 1763 1583 1582
f 1572 4878 2224
f 1582 2431 2356
f 2431 2427 4915
f 2427 29 4948
f 42 41 2224
f 29 28 4948
f 28 2422 1778
f 2422 2292 1672
f 407 2280 1685
f 406 2873 2292
f 406 396 2873
f 4969 394 407
f 1286 4969 407
f 4969 395 394
f 2403 395 4969
f 1285 2403 4969
f 396 2275 2873
f 353 2275 2409
f 341 1744 353
f 341 340 1500
f 2407 1135 340
f 2406 2676 2407
f 2406 296 2279
f 295 2318 339
f 282 295 2410
f 296 281 2279
f 1667 281 280
f 282 2410 395
f 1667 280 180
f 179 2286 180
f 2403 181 395
f 2286 179 496
f 467 2286 496
f 467 466 2286
f 466 2274 2273
f 1738 2274 2393
f 438 781 2393
f 782 781 438
f 1727 2310 781
f 1727 762 520
f 761 780 2391
f 1837 761 2391
f 518 520 762
f 2381 2818 518
f 741 761 1837
f 742 997 2381
f 726 741 1837
f 998 997 742
f 967 996 2340
f 997 2355 4940
f 966 2346 2355
f 749 2346 1043
f 638 2029 1043
f 993 638 637
f 967 2340 636
f 637 606 993
f 1022 604 2340
f 606 605 4937
f 2376 2339 604
f 2339 2376 1736
f 4934 605 576
f 4934 576 2329
f 549 2777 2329
f 2317 550 578
f 578 1817 2317
f 2317 1817 4917
f 4867 4917 1817
f 75 4917 4867
f 1815 75 4867
f 2324 2777 549
f 2323 2772 2324
f 2323 96 2768
f 575 96 95
f 2317 94 550
f 4917 74 2317
f 95 76 575
f 4917 75 74
f 76 61 2764
f 60 59 4859
f 4859 684 60
f 60 684 35
f 747 684 4859
f 4859 59 717
f 2309 2764 61
f 590 2309 36
f 60 35 34
f 36 1251 590
f 423 371 402
f 423 690 371
f 1251 373 91
f 373 349 91
f 105 104 349
f 421 57 105
f 421 708 1269
f 1226 372 348
f 707 383 708
f 371 690 372
f 707 706 383
f 690 423 691
f 692 673 706
f 672 705 673
f 672 655 705
f 654 653 193
f 655 714 713
f 715 714 190
f 654 162 189
f 666 162 654
f 134 190 161
f 680 670 134
f 117 931 680
f 118 136 135
f 117 116 1943
f 135 1375 118
f 116 1377 2647
f 135 1376 1375
f 2266 4991 1377
f 1376 163 1356
f 1356 166 1342
f 1357 2263 2266
f 2263 2259 4920
f 1344 4946 2259
f 1342 166 1343
f 2250 4946 1344
f 4950 2250 924
f 947 925 2246
f 474 925 947
f 474 4951 925
f 924 923 4950
f 4951 901 925
f 901 4951 444
f 923 2241 4950
f 903 4988 2241
f 755 902 901
f 803 903 801
f 755 885 902
f 884 1091 801
f 2233 455 1177
f 1091 840 802
f 1090 320 1070
f 1100 840 2127
f 1101 2127 1072
f 1070 320 842
f 1057 842 866
f 1071 2120 1072
f 2120 2116 4958
f 1567 1056 1206
f 1562 4958 2116
f 2611 1562 2113
f 2035 1061 2113
f 2035 2109 1645
f 2098 1645 2109
f 1640 1193 1645
f 2095 1644 1649
f 1634 1640 1639
f 1634 1193 1640
f 1193 2091 1194
f 262 1151 2091
f 262 261 1152
f 2079 1209 261
f 217 1207 2079
f 1688 1687 217
f 2062 1686 1700
f 1608 1164 1687
f 1163 1164 1608
f 2047 1403 1163
f 2062 1700 1591
f 1577 1311 1569
f 2032 1569 1311
f 2032 1311 1544
f 1576 1568 1592
f 2047 1590 1568
f 4997 2047 1470
f 1470 2041 4997
f 1466 1445 2041
f 1465 1699 1466
f 1465 2036 1289
f 1459 1464 1469
f 1453 2036 1461
f 1460 1459 1570
f 2032 1460 1569
f 1461 1454 1453
f 1610 1453 1611
f 1455 2032 1544
f 1543 1249 1611
f 1540 1252 1621
f 1487 1249 1488
f 1247 1249 1487
f 2225 1247 1482
f 1481 2225 1482
f 1481 1307 861
f 1616 1483 1489
f 1616 1617 1476
f 1307 1477 862
f 1477 79 122
f 1989 1476 1617
f 1471 1989 1622
f 79 1472 4
f 1472 1789 5
f 5 1789 4841
f 1622 1767 1471
f 1789 1788 4841
f 4841 1788 1973
f 1767 1632 1978
f 1784 776 4935
f 1776 1784 4935
f 1776 4935 746
f 1973 1788 1785
f 4841 1973 5
f 6 5 1045
f 719 1045 1775
f 1780 1784 1970
f 1784 1776 1970
f 1776 746 1726
f 1678 1745 1682
f 1725 1962 1683
f 1745 1678 1513
f 1745 730 1775
f 1503 1515 1504
f 730 1742 720
f 1515 1494 1504
f 1742 1493 720
f 756 720 1493
f 1805 756 1811
f 1522 1754 1494
f 1810 1754 1947
f 1947 1931 1810
f 1811 1806 1805
f 1073 756 1805
f 1073 1799 983
f 2462 1799 1793
f 1792 2462 1793
f 1718 1717 1586
f 1586 1884 1718
f 1695 1718 1884
f 1713 1792 1719
f 1714 1909 1718
f 1712 1689 1713
f 1593 1712 1612
f 1718 1695 1714
f 1697 1613 1612
f 1696 1695 1884
f 1697 1893 42
f 42 1893 30
f 30 1685 2280
f 407 1685 1286
f 1696 1884 1684
f 1285 4969 1286
f 1586 1284 1884
f 2403 1285 522
f 523 522 1588
f 1587 1586 1717
f 1588 1242 523
f 1794 1867 1587
f 1798 1243 1867
f 1798 1800 1804
f 1804 1931 1312
f 1242 1241 1853
f 1853 523 1242
f 523 498 497
f 1313 1312 1665
f 1668 1844 498
f 439 1844 1664
f 439 1664 440
f 1837 2391 440
f 1837 727 726
f 2367 727 1659
f 1660 1665 1833
f 1833 1671 1653
f 1659 1655 2367
f 1654 1653 1524
f 1654 1748 1739
f 2367 1655 1827
f 1049 1827 1741
f 1748 1740 1739
f 2376 1741 1736
f 1514 1824 1740
f 1824 1962 1730
f 2339 1736 577
f 1821 578 577
f 578 1821 1817
f 1817 1732 4867
f 1962 1731 1730
f 4867 1732 1815
f 1962 1725 1731
f 75 1815 718
f 1683 1726 1725
f 718 717 59
f 717 747 4859
f 1726 746 716
f 4935 776 746
f 1978 728 776
f 728 1631 729
f 747 685 684
f 35 684 709
f 694 424 709
f 737 686 729
f 648 424 694
f 647 691 648
f 1111 678 677
f 647 703 691
f 703 657 671
f 1102 656 678
f 653 657 154
f 193 653 154
f 1076 192 153
f 1076 537 192
f 193 666 654
f 666 166 162
f 165 1343 166
f 1321 165 538
f 537 167 192
f 1321 538 555
f 554 1322 555
f 486 13 554
f 485 484 1053
f 526 13 486
f 5003 15 502
f 526 14 13
f 13 475 947
f 475 474 947
f 5003 516 15
f 933 516 5003
f 933 4906 516
f 4906 380 516
f 351 4906 933
f 380 442 516
f 4951 474 444
f 380 443 442
f 754 443 338
f 444 755 901
f 755 783 885
f 783 455 2233
f 455 291 1177
f 766 292 291
f 338 454 754
f 337 2177 766
f 278 2177 337
f 278 337 419
f 380 338 443
f 380 4906 381
f 419 337 336
f 351 381 4906
f 419 279 278
f 366 2177 278
f 964 366 365
f 294 600 365
f 1442 294 202
f 66 1442 202
f 26 38 27
f 66 89 1442
f 89 40 1441
f 39 38 98
f 40 392 1041
f 98 393 39
f 1 50 98
f 51 50 143
f 52 405 392
f 1422 405 404
f 51 143 142
f 141 1162 142
f 1162 141 4952
f 404 1136 1422
f 4952 1137 1162
f 4952 1366 1137
f 1422 1136 1174
f 1138 1436 1173
f 1427 1173 1436
f 1393 1392 1174
f 1393 1401 1131
f 1173 1427 1426
f 1449 4954 1402
f 4990 1402 4954
f 1305 4990 4954
f 4954 1409 1305
f 1305 1409 4955
f 4955 1409 4922
f 4955 4922 4956
f 4955 4956 1336
f 1336 1589 4955
f 4956 4922 1379
f 1379 4922 1367
f 1305 1244 4990
f 4990 1244 1254
f 4990 1254 1402
f 1436 1410 1427
f 1409 4954 1449
f 4922 1409 1368
f 1137 1366 1410
f 4922 1368 1367
f 141 1366 4952
f 298 141 108
f 1379 1367 1394
f 1336 4956 1379
f 1388 1589 1336
f 1589 1305 4955
f 1609 1306 1581
f 1609 1246 1306
f 1246 1609 90
f 1245 1244 1305
f 1314 1254 1244
f 1253 68 1190
f 68 5002 1190
f 68 1150 5002
f 1254 1192 1402
f 1191 1401 1192
f 5002 1205 1190
f 1401 1191 1230
f 544 1230 1267
f 1267 1058 1057
f 1206 1056 1058
f 1205 5002 1150
f 1206 1149 1567
f 1222 1567 1149
f 1185 45 819
f 820 819 45
f 821 930 1222
f 906 1563 930
f 905 1558 906
f 859 1557 905
f 859 858 1553
f 887 857 957
f 888 887 896
f 920 1553 858
f 949 868 888
f 809 1552 920
f 868 982 869
f 807 869 981
f 981 5005 807
f 981 4996 5005
f 4986 5005 4996
f 4996 4985 4986
f 4985 1432 4986
f 1432 847 4986
f 1432 4985 5004
f 5004 4985 1013
f 5004 1013 5000
f 5004 5000 1428
f 4985 4996 1001
f 5005 4986 847
f 4996 981 999
f 1552 809 808
f 848 2095 808
f 847 807 5005
f 1638 848 880
f 260 1633 880
f 260 1443 215
f 881 847 1432
f 216 215 1443
f 2072 216 1421
f 1432 5004 1428
f 5000 1423 1428
f 1423 5000 1050
f 1395 1423 1050
f 1421 1419 2072
f 1408 2069 1419
f 1408 1351 2069
f 1405 1423 1395
f 1092 1362 1385
f 1374 1398 1378
f 1408 1374 1351
f 1339 2069 1351
f 1700 1339 1331
f 1700 1331 1318
f 1318 1311 1577
f 1544 1311 1298
f 1256 1298 1264
f 1540 1256 1252
f 1252 1250 1621
f 1250 1236 1532
f 1234 1268 1227
f 1204 1227 1169
f 1215 1236 1223
f 1214 1236 1215
f 1214 736 737
f 693 736 646
f 646 1186 677
f 1120 677 1186
f 1186 1175 1120
f 1169 1178 1204
f 1175 1147 1120
f 1169 1282 1165
f 1165 1282 1161
f 1302 1154 1161
f 1145 1154 1327
f 1145 1345 1132
f 1121 1132 1353
f 1128 1120 1147
f 1362 1109 1121
f 677 1120 1111
f 1111 1102 678
f 1362 1092 1109
f 1102 152 656
f 152 1087 153
f 1385 1083 1092
f 1087 1076 153
f 586 537 1076
f 627 626 586
f 1063 1069 1083
f 1053 484 627
f 1051 1059 1063
f 1395 1050 1051
f 5000 1027 1050
f 1053 1042 485
f 525 485 1023
f 5000 1013 1027
f 1007 525 1023
f 1001 1013 4985
f 1007 984 501
f 1001 4996 999
f 999 981 980
f 501 984 502
f 968 5003 502
f 5003 968 946
f 980 956 965
f 968 961 946
f 956 1020 955
f 948 955 916
f 946 933 5003
f 351 933 352
f 277 352 921
f 921 886 277
f 926 948 916
f 955 909 916
f 909 938 904
f 904 1031 837
f 921 900 886
f 889 837 836
f 889 836 867
f 277 886 326
f 875 203 326
f 889 867 876
f 263 201 875
f 849 867 836
f 263 853 309
f 853 813 309
f 843 813 853
f 838 849 836
f 1098 830 838
f 843 818 813
f 308 309 813
f 25 67 308
f 787 78 25
f 112 784 794
f 1703 787 777
f 771 1703 777
f 382 400 335
f 391 374 771
f 374 236 235
f 107 3 236
f 350 361 382
f 335 350 382
f 330 107 342
f 536 323 335
f 107 330 298
f 313 323 533
f 313 253 297
f 1337 298 293
f 1335 293 288
f 194 1361 288
f 171 1361 194
f 253 264 297
f 246 253 629
f 639 227 246
f 476 211 227
f 211 450 207
f 197 194 231
f 207 175 191
f 185 171 194
f 449 151 175
f 171 164 1361
f 160 1288 164
f 1287 160 144
f 130 151 449
f 137 1609 144
f 137 103 1609
f 130 22 24
f 429 119 24
f 126 106 137
f 119 784 112
f 97 112 830
f 137 106 103
f 1609 103 90
f 1068 81 97
f 90 82 1246
f 1112 10 81
f 77 12 82
f 32 11 10
f 12 68 1253
f 1150 68 62
f 46 45 62
f 37 820 45
f 795 37 33
f 796 33 32
f 32 31 11

