# https://github.com/mikedh/trimesh
v -123.06746781 -46.82496905 118.42982499
v -126.79770087 -67.10398806 126.42274368
v -123.09280177 -55.13571019 139.52747746
v -106.86541493 106.23833207 953.60046584
v -98.72546136 106.50889114 936.41157542
v -85.21342574 115.04916149 957.45411985
v -84.48749970 10.34725279 1599.90227600
v -86.99218659 -1.70440735 1619.32710628
v -89.85421714 -9.11850295 1593.93380072
v -198.08668882 -36.65262545 171.25983449
v -194.90648673 -23.19696964 161.51500811
v -199.85643661 -31.13603457 180.37658928
v -201.09915584 54.12292242 37.32150932
v -204.90855629 88.65699522 29.24275422
v -190.99999290 73.52067268 35.83013642
v -62.97050124 122.17657295 1012.88671238
v -91.35703190 113.01468521 1004.97439983
v -64.32847568 123.07569920 985.80872358
v 115.69488967 -52.86723722 1453.36996134
v 116.94103751 -62.97586965 1447.72437316
v 87.49914671 -59.38272335 1458.11111308
v -171.91842036 26.03099191 266.19837167
v -174.20325495 31.87812226 295.76593155
v -181.47965031 29.21620423 295.59781561
v -134.19573472 -10.64323441 110.10734017
v -153.65014785 -8.28408299 95.99882450
v -131.87670858 -12.65477700 99.16495405
v -99.71478947 -27.35278089 492.23918322
v -108.44016303 -30.99887503 485.72505597
v -122.53403958 -33.47037949 505.66106132
v -199.84623091 -26.69715492 197.03060511
v -195.81286876 -17.41119940 188.66262926
v -196.71164106 -6.09789704 211.59168066
v -185.47983359 86.02570116 703.26107075
v -197.40113739 66.47754897 713.07393282
v -184.99209268 77.96313546 671.69293582
v -204.04012071 -29.26722178 216.76524584
v -132.89297553 -10.23580198 89.08647394
v -138.18823162 0.50966915 68.36751853
v -130.46110866 -5.98755762 75.26444647
v -78.52880366 -23.59900693 548.80819582
v -71.05569823 -17.88001839 551.83736491
v -72.99995087 -16.87018114 526.37307402
v -83.00730896 -15.82345850 1635.37681484
v -74.51660513 -4.11450304 1646.61907041
v -201.23470385 -36.80168838 198.52075491
v -204.77132085 -39.64127953 235.05853073
v -104.27425030 91.51447833 1197.95179895
v -115.89467329 94.52417787 1220.75284012
v -112.62679082 78.21003782 1200.04391020
v -132.85297283 10.65012310 28.48724512
v -129.71772367 -7.22907658 24.32138011
v -128.02191683 -7.98087298 44.79450985
v 66.32085927 -5.06844938 507.10935189
v 67.20074026 9.22205668 498.23144413
v 63.62361057 6.97948998 530.99537304
v -198.51743525 -52.18282668 205.90499732
v -186.47314429 87.47208238 792.47077491
v -166.37833173 105.68854837 800.03376869
v -177.55322732 91.40350503 820.42786698
v -179.04906622 85.85362980 652.01806516
v -188.74093880 67.46462434 655.36053192
v -181.54755977 75.44357735 630.37070185
v -197.36887103 -53.44681959 188.10322432
v -50.87162909 -93.30285504 1579.05789092
v -42.98067395 -99.92117560 1571.02603808
v -51.91173750 -85.78935948 1550.01799493
v -176.00707582 92.34102451 837.28522362
v -157.56497409 106.33188436 823.81508165
v -165.78502969 92.88790938 872.76424122
v -212.44583473 -25.71273673 1372.04863514
v -203.18917622 -49.91558894 1363.48848220
v -218.30999648 -41.74897378 1348.23832838
v -170.37695784 86.84118165 617.33681262
v -176.34988218 78.00253859 611.02630047
v -124.86725054 -17.73475039 105.64194165
v -126.87914798 -17.15036747 126.72133361
v -53.64910156 121.57466885 949.27602759
v -64.36848086 117.87799171 943.37946203
v -190.64302478 -10.43133122 170.95065158
v -186.88676278 -14.87734914 139.73938085
v -110.19382921 71.94636534 1153.52953495
v -125.79428671 47.18912095 1149.28753357
v -123.19224239 56.28104060 1115.58788428
v -15.41342183 -111.16690033 1555.35216536
v -36.92573942 -99.02311736 1545.27800400
v -28.12122777 -107.91968724 1558.04795384
v -123.66050694 -17.15976471 85.23157268
v -182.38689454 -4.96304836 150.12580593
v -200.00777136 52.50961487 817.21869877
v -206.48813410 24.81794602 822.84954018
v -208.26399078 38.46481200 785.52408798
v -174.35713368 70.49647668 580.57407579
v -161.01639045 82.58133020 575.86654081
v -168.84504938 79.78491292 591.61906918
v -176.23686764 -9.98579348 128.47472742
v -123.54015898 -38.78201899 108.13820134
v -123.93022948 -25.35971267 123.36119507
v 132.11846325 55.12609985 460.93683242
v 121.78314541 59.39895438 494.30588873
v 119.01837823 51.87497749 490.23577397
v -175.04104149 -17.32588747 98.53958052
v -188.93795172 75.23867490 826.90678028
v -191.88954785 74.79208531 809.98848728
v -169.91328016 -9.73894877 109.49970940
v -119.50960491 -52.22578882 184.20658956
v -129.53517014 -69.80452923 173.87528144
v -126.93074009 -66.89224220 199.13682391
v -116.87342658 99.06822296 912.66735897
v -116.48973483 99.79168034 900.78462401
v -90.54681338 101.28667229 895.90406812
v -164.00494955 -4.09655757 127.16054321
v 186.87628243 -13.22682920 166.43978943
v 189.72753565 -22.33612215 151.51762012
v 191.08100177 -24.19249020 166.22856935
v -64.25921377 88.80153919 663.77517384
v -79.79916598 100.99118193 661.55650410
v -80.62280620 98.61041111 645.61838793
v -174.88589797 -3.31776078 141.02591147
v -132.78953538 -75.39712606 140.36913323
v -128.89441385 -71.22109268 155.06909152
v -129.25706634 100.95292199 883.94518329
v -107.67984205 100.32487199 880.59870080
v 71.67284910 -5.08887507 1545.20948472
v 74.46829486 -32.75493226 1548.14798132
v 75.80989424 -10.21644963 1565.53121783
v -165.87824412 -0.04846842 145.21445530
v -175.74269114 2.73935732 162.97989119
v 63.94570365 40.91944048 1395.16660377
v 55.04120092 49.81504108 1382.39757401
v 80.91125629 49.26506695 1378.31250806
v -122.93368725 -23.87752613 102.79982287
v -84.21108718 95.84704897 1089.63098693
v -68.41207217 106.40740447 1089.62694063
v -72.64444605 104.36073822 1116.59929997
v -51.57793519 71.68000884 654.44895426
v -60.46602933 84.09471226 647.17042958
v -53.71819448 72.85643007 629.59608071
v -178.75003815 2.78331160 173.12552730
v -39.66244636 83.30224977 1602.96544575
v -44.78445477 80.93747216 1609.00058094
v -42.37209275 81.55611625 1578.36648573
v -118.08156035 -46.16269094 171.89076507
v -123.39365732 -61.04975322 154.94446747
v -162.30649962 5.61132875 169.80854681
v -91.39185299 91.09222693 1141.12543585
v -69.15328096 107.85928091 1151.89677815
v -90.35529403 93.81741917 1169.69708041
v -156.31234320 -79.89427311 1307.19655542
v -146.64982832 -88.77929389 1304.53719235
v -155.20894646 -74.55603729 1291.44137361
v -171.07820870 9.58733845 188.02580419
v -205.20795412 -76.25665866 7.74072817
v -209.22187429 -56.53894036 5.30145982
v -203.14141928 -55.87108496 14.69039139
v -129.39901155 106.96577360 853.11604987
v -148.99312142 107.73339095 833.01775089
v -133.24159560 112.94796167 822.22109925
v 73.78099774 -50.29398179 1563.66440372
v 63.98670037 -65.41291440 1548.45192148
v 62.98913333 -68.63042460 1556.20514585
v -158.35383193 12.04161783 193.13723731
v -41.77113152 63.63467646 668.35504029
v -37.64817438 59.68958519 677.52278152
v -56.53421981 83.58193265 682.65532681
v -167.53486831 14.82996104 209.09354368
v -220.35801763 88.17870732 12.64439933
v -221.77602520 46.71934961 10.49942545
v -203.17043893 -84.12835095 3.50575564
v -150.85576152 112.89235188 799.05651278
v -142.19590643 12.10125261 210.20761771
v 186.73147441 -30.26361340 143.62341341
v 176.36103122 -50.32499708 136.67109057
v 178.41936492 -53.90966563 150.08352562
v -147.39841259 17.31980778 226.35198551
v 44.51722416 80.34494617 1325.10681726
v 52.72872190 71.69014485 1338.89651338
v 20.84733344 72.02360099 1330.71141248
v -124.71437192 -36.69810000 482.68220210
v -138.31484992 -36.34621980 483.13295515
v -56.34899182 60.32816859 1623.86187595
v -64.14191329 41.89955425 1637.89884672
v -69.26978141 43.93110660 1615.32258122
v -120.03016739 -44.18025137 146.97785950
v -164.44800523 19.80232003 223.74267070
v -55.54957423 120.29837144 1034.84786448
v -79.43207064 109.89172848 1047.75631704
v -69.89391687 118.41107722 1028.17943477
v -66.04681872 93.14934809 691.45731658
v -166.64355995 25.61295469 252.10578168
v -216.81239252 -35.46113942 6.87319154
v -174.08833668 22.27277374 243.79263001
v -75.36750635 103.22392579 1080.31579683
v -58.91111815 112.31076062 1074.12009508
v 201.29550572 -45.68221632 351.57161772
v 201.50041362 -50.45454326 314.46955702
v 197.94672861 -54.34166667 348.04888987
v -153.48953663 -98.78319060 72.45873687
v -156.64294465 -110.23312788 43.75377295
v -160.32656355 -102.06449218 65.04401349
v -37.55490810 80.39282698 785.54957024
v -61.14943097 95.99836956 802.81385509
v -57.30540475 96.08035531 775.04198550
v -152.77820136 26.46584300 270.84196092
v -93.20542732 -19.59474889 425.28575804
v -102.59612930 -35.20390494 409.94369287
v -99.75458641 -26.06619096 434.92624312
v -165.89128258 33.97870652 299.19939351
v 124.39521343 -84.21424603 39.97733387
v 128.62055762 -85.41841491 52.29100285
v 121.54831234 -90.57041020 17.34275123
v -74.69436536 70.50464734 521.22542337
v -87.83420219 81.48176735 517.71864074
v -84.84539702 66.09679294 500.26528559
v -139.29214436 -81.36051174 122.99777440
v -145.60199888 -88.13750571 103.97993833
v -152.27986707 -84.64647059 131.86521671
v -80.82116530 106.13746883 795.02081112
v -87.44504857 110.18997718 764.15252082
v -36.72226948 -76.98068361 1036.30972432
v -19.87116433 -87.57390493 1019.67229912
v -70.67155345 -73.23167280 1035.23221054
v 26.83950739 -9.61844618 1689.41036702
v 27.61378154 -35.13320446 1681.46507850
v 16.63388352 -32.11496222 1686.93609789
v -155.62763743 33.22446202 294.35391072
v 59.81295372 71.55507665 695.72054568
v 55.70002857 71.65100223 716.19405650
v 54.93339222 63.23679490 689.22623523
v -146.41663931 33.37733632 306.48956657
v 5.70315630 113.51659683 1532.79853527
v -7.41538898 114.72939908 1532.18789581
v -6.10532671 113.99074532 1521.62200126
v -137.35115745 -77.66935424 163.92817784
v 12.00751900 122.92763691 1119.24790072
v 8.34599867 119.14436559 1141.21742796
v -5.35377332 121.07306819 1132.53835233
v 199.93004412 5.34332445 333.01199209
v 201.05116638 0.59048177 362.89582671
v 196.34073158 13.32301719 375.22077482
v 35.02023461 27.75105009 694.08093088
v 34.95656503 11.60794621 681.02389664
v 39.85277790 28.12588029 676.22859132
v -154.75027894 37.97494734 318.62638754
v 96.27592189 51.40006853 1376.57215771
v 97.41965233 63.51415663 1361.46981517
v 104.59215332 68.25219719 1352.53414502
v -132.76722615 -40.25469232 451.53172554
v -116.37762255 -36.47287517 443.35806341
v -124.81716321 -44.88134877 430.28435984
v -144.55062249 37.05878459 328.39355981
v -1.82217206 118.68979202 1144.29665949
v -17.43883604 121.19840898 1145.27984159
v 66.56669438 -25.57432516 1533.87795709
v 64.04037563 -41.37128260 1525.26901702
v -87.74981042 90.26889937 547.01572573
v -74.17681437 77.94630984 541.83619241
v -152.63945072 -92.27268978 95.62143821
v -162.57478041 -94.48474894 78.67900573
v -148.04994455 41.23175424 343.76597242
v 134.12103786 68.17757863 1322.70229274
v 122.74868688 76.53015502 1323.74828559
v 134.05888290 76.23043498 1302.69360359
v 22.11793645 121.89008474 1140.92629883
v 23.64022550 124.37785361 1124.21750946
v -175.17228802 38.17905744 1370.90786599
v -170.01232203 40.87757796 1358.48076907
v -161.30734921 40.33095569 1380.09823081
v 20.49079025 10.53297897 716.35767376
v 27.65628542 5.53139361 696.40022345
v 26.11412520 13.90723240 700.65663819
v -125.52464161 32.28551272 336.87282435
v -192.15046447 -61.00316923 51.66877188
v -185.02425512 -78.95468680 57.27414051
v -191.91441202 -72.01610289 43.98309875
v -148.00565344 -31.41850449 565.49839663
v -128.03432802 -36.20632378 557.14417929
v -142.85791542 -31.43937697 538.00893760
v 16.09744951 -59.76751523 1675.58759358
v 10.73342856 -45.51903283 1683.69179177
v 49.98842477 59.51041513 702.19856697
v 45.28882558 44.46691340 686.43986071
v 54.46617125 53.27913949 682.30331652
v -124.53466330 33.51976195 347.94289986
v -18.58537563 -79.38493921 1037.61073795
v -116.92070522 -33.90381842 463.12457571
v -138.87423246 -38.24771672 463.81246343
v -114.87848223 25.77562777 334.92842512
v -168.26758712 -109.25857032 42.21496655
v -166.16268118 -101.54448393 61.72297111
v -158.02721479 -26.33180354 579.47959048
v -162.18874928 -17.59283967 549.43225880
v -118.15769786 22.62670610 312.16461530
v -107.02277364 18.42932378 333.16783992
v 24.31216016 93.54626678 1490.82103066
v 5.73446276 103.63256516 1482.31363715
v 15.79975134 94.54650183 1479.74003676
v 182.69279603 -39.39851632 705.87458738
v 194.90188393 -21.33141715 714.90830756
v 198.06684663 -5.16831186 695.49086595
v 59.52748730 22.09479523 1536.42835406
v 58.89272025 -4.23868052 1526.65158948
v 60.70211411 2.94176215 1535.21939766
v -159.24746537 -88.55627349 109.59829022
v 40.05272236 116.55426350 1171.51784122
v 1.87022496 120.85462795 1178.32105793
v 28.32833481 118.00115398 1170.50529762
v -116.43049944 33.41439005 359.07445074
v 69.32412427 102.80984535 1305.80743873
v 73.16530668 84.77978372 1323.85798430
v 34.92890881 98.29055772 1301.90036914
v 195.48748498 -36.78243354 740.53511313
v 203.38694278 -17.21668642 739.27411900
v -93.84485008 -21.22291821 441.02933461
v -86.39485642 -19.30240557 459.28253229
v -103.62574111 20.34449729 356.56724761
v -180.14326389 -98.04502922 45.91831599
v -191.25936368 -91.29074723 29.65449109
v 189.94088471 -8.37465135 450.25965234
v 183.71724525 -33.01585396 443.52931464
v 184.35938651 -22.88963495 458.77094655
v -103.90642612 27.29470424 376.85975459
v 111.03471849 83.29965797 1318.60661522
v 97.44257357 78.64021105 1336.42102374
v -0.73015108 122.00234057 1157.77718293
v -117.53077378 36.19071569 372.84875335
v -220.19996552 1.39700162 25.34835834
v -226.77872927 42.00593519 27.02597005
v -217.47269329 5.73702328 32.85809855
v -149.40767721 -36.51265530 603.40016383
v -137.22670875 -43.10052588 605.14199293
v 184.68078109 -50.00828055 736.84700766
v 188.17022429 -49.82285319 768.46708677
v 141.79692791 -78.48827528 165.58220476
v 132.13083633 -74.61505812 162.57307494
v 125.88422968 -72.61697844 192.27909425
v -123.89555132 97.61956589 593.61350590
v -109.44183360 104.23588993 617.15037698
v -139.03386015 104.61704594 629.57441354
v -132.74064458 44.36203766 380.53180792
v -198.26151238 -75.65063976 24.22798653
v -201.25996949 -50.31119710 29.38181044
v -139.42516923 -48.72796719 632.00830410
v -123.01694744 -50.26686507 620.25279258
v -9.20910987 -126.82790676 887.14240085
v -9.39330512 -126.85016716 910.57582946
v 0.80747853 -128.62831992 886.95143136
v -3.14744975 -16.38749639 1694.85668328
v 1.80631550 -31.97633080 1695.09845098
v -13.48472827 -22.89494124 1694.91860610
v -111.12611373 36.73148920 384.73142533
v 94.50483286 101.02957136 747.28902136
v 111.39871688 100.04681586 734.55635180
v 121.81062943 106.15389242 742.18365097
v -109.91215277 39.26279343 399.77232949
v -92.42698663 114.21749134 1281.23400320
v -74.05785259 130.18131155 1251.04375049
v -71.26065135 122.72472391 1275.46310687
v -174.23168108 -91.75561372 64.61420969
v 98.08181383 95.74172934 695.70720350
v 86.57917207 92.07500122 702.53760155
v 79.07363785 85.67565515 695.26743471
v -130.83561718 46.66294178 394.35232567
v -150.16946870 90.57830625 937.08282320
v -140.52033847 96.15978071 904.73423083
v -124.38168537 98.41113647 922.01905867
v -141.52793344 93.83414269 586.27731669
v -148.61923014 90.58953395 583.87398040
v -134.50955003 93.54580763 566.16614673
v -124.41159153 50.80187978 412.13015137
v -30.27476177 118.23723964 1170.98627049
v -29.88297345 120.97504065 1183.84282320
v -62.91302651 11.69194120 1522.25439181
v -73.59752344 1.70242321 1535.25673990
v -63.31888808 1.97467437 1522.25306601
v -209.33935503 -18.88822767 32.19792859
v -209.25298724 -32.00866214 16.89346062
v -149.14850733 48.46196694 395.02431012
v -154.80384693 82.49573107 968.35125004
v -166.70961944 75.07569682 949.15396708
v -158.37758758 86.55948457 932.04637040
v -26.42529248 121.07501551 1157.57774282
v -12.35920147 120.81565994 1120.87654640
v -244.12120819 2.86963112 1231.24473262
v -256.05591963 -4.36297971 1219.96856291
v -252.47766361 5.65734166 1195.52067459
v 67.98177630 83.88545279 716.11103763
v 70.67479833 76.79625331 696.98956062
v -150.39654044 45.82866698 376.17309943
v -132.24228893 -1.42324720 60.39822747
v -126.51810976 -16.05442091 69.29443614
v -106.22195877 -34.39536433 549.31596279
v -87.99765981 -24.77229020 529.31167896
v -118.34674503 -33.55174935 536.75977421
v -10.27677321 -52.36523924 1686.44331492
v -19.19939581 -35.55645642 1690.91003925
v 86.70904116 96.72627547 732.42001749
v 94.62603054 95.78924039 711.46522700
v 98.21966842 98.92630072 724.91233150
v -150.54200996 42.71712807 357.08600525
v 4.41383322 -127.67837235 921.21382773
v -160.72235921 101.76189746 649.76443919
v -162.09434305 97.67462668 637.64825671
v -149.27400509 105.46725697 647.94358807
v -161.09651762 42.53308915 351.07031761
v -136.95477235 35.20578324 21.59414741
v -135.14987627 10.10713998 50.01140373
v -92.02414065 -32.51200469 561.79373972
v 138.44949794 -3.40598851 130.87003216
v 129.57745228 -7.33999855 129.85004650
v 140.33325252 -2.28935028 119.39377024
v -173.16894959 37.74790731 327.40539798
v -113.31206642 103.59813333 1271.87116828
v -104.32851987 115.19080029 1260.47090670
v -108.61898422 103.99550338 1282.36102417
v -69.07736444 -26.49242316 1529.43876767
v -74.33579014 -14.55121911 1535.71942089
v -78.68195944 -10.89370692 1545.46536451
v -196.51283617 -42.92678769 42.23775159
v -171.97816113 40.34077700 350.86150698
v -184.76296574 80.00010964 840.03226051
v -172.70759864 89.59086936 856.03649283
v -169.40145563 98.78623817 670.72317811
v -178.02021946 95.70896105 709.00028976
v -172.37955499 93.86271260 657.07693980
v -180.69738100 35.68024558 333.07880045
v 4.51061651 123.76385109 1207.48755846
v 15.77410850 121.02623054 1200.52629550
v 34.43637025 120.76868212 1206.84085446
v -126.12791475 -21.28334233 40.97913765
v -157.43871297 93.50749810 889.23861851
v -151.36748172 93.02299988 907.27983278
v -4.66804288 124.35455899 1188.78105489
v 175.19848477 -38.45559183 674.95297370
v 167.86316061 -50.48205070 691.12137827
v 183.11798434 -27.31851717 677.85936231
v 105.70696861 -44.69873646 267.83205515
v 108.28731016 -54.47201596 277.11186362
v 108.80194899 -50.05393478 261.61490568
v -192.03437852 -31.04564506 389.29790757
v -182.40757076 -49.26211169 394.66492869
v -195.64586635 -42.34536925 365.31179932
v -185.32424936 19.86363962 259.19783493
v -209.63334814 110.00811533 16.48085733
v -229.65091194 79.35404493 15.07903463
v -81.94996447 117.80797438 978.09482652
v -96.33950070 114.51884488 986.77542985
v -56.90877313 63.26995276 1609.60029992
v -67.95693591 45.04382665 1596.14086361
v -188.25059086 22.41570125 280.78911806
v -199.21332788 6.32483167 257.12559521
v -184.95779159 72.37818666 865.17303084
v -191.18244847 64.95430806 854.73273998
v -227.06428070 26.73776679 12.51454373
v -231.33606722 45.18253057 13.31612277
v -231.17603040 44.76646494 19.40145576
v 147.27465163 75.97427242 499.72824454
v 147.72909946 84.95790454 536.84290244
v 134.28736648 79.14082211 515.44076781
v 135.46891229 75.30243181 9.42143942
v 129.24303284 38.39744547 11.26545906
v 132.80548538 37.87264015 6.59710696
v -187.60674576 12.21734503 242.19858821
v -101.45936656 -99.03192382 781.43387010
v -98.20516165 -86.95467645 767.41066624
v -113.81824685 -90.88793061 772.86512151
v -170.42355071 -24.54153521 462.32885085
v -163.96169000 -29.65555646 463.60209193
v -172.46825924 -45.23566720 424.82015761
v -12.35776031 89.79365192 1610.04822896
v -8.77489550 89.50686122 1596.98029757
v -1.06182487 89.63479725 1609.32947462
v 161.80928877 -75.77649545 789.10199728
v 147.93084086 -81.71564082 785.32241583
v 147.30387105 -83.69538610 802.04896711
v -205.89055637 103.01028246 24.59207456
v -192.34209774 101.45084920 28.08455743
v -188.18355535 6.70728444 217.18266282
v -103.40289812 -66.92619868 712.72590041
v -101.06127398 -71.05075370 734.61938900
v -94.39421426 -67.52214726 723.82312801
v -2.93871077 -61.83073441 1158.84151693
v 2.06832150 -56.03362886 1133.05832095
v -6.09847141 -51.13084397 1120.17436993
v -187.39611389 116.72036455 16.51437399
v -177.25167774 102.59061014 28.09757112
v -184.63611324 -6.68671442 664.67822308
v -177.79301229 -15.55775464 638.21359357
v -180.87729621 -2.00314224 621.62505309
v 87.57728418 -18.19608527 1455.64844416
v 82.41556697 -28.00453780 1460.39512029
v 63.44126115 -32.74669341 1469.24484792
v -76.24793491 30.46000812 1603.57333107
v -77.24331422 23.49815360 1629.35708180
v -181.18426222 7.09090377 195.70470361
v -146.60817912 -43.00988246 444.31251865
v -157.34006465 -33.60265208 461.73005720
v -187.77977064 -2.29658747 186.36745150
v 167.62352915 -58.80311650 906.29222305
v 184.57722771 -22.77091373 917.31685314
v 184.75129899 -27.50330317 898.64296256
v -220.27135874 88.47322748 22.37249001
v -220.48525927 64.72156509 28.44807891
v -173.49437511 -12.94949178 608.16548742
v -171.67414146 -10.38519125 580.44237230
v -198.73485011 46.68824443 840.73659234
v -201.84115717 14.10552889 860.09963716
v -204.91142122 11.38505166 838.75807015
v -65.28303237 -106.35655758 1379.43942408
v -64.91218196 -111.63937234 1359.83370200
v -81.38178301 -106.63870679 1368.56557380
v -9.44318203 116.28555471 1563.43219825
v -3.10007503 122.06040804 1563.27075882
v -8.16724311 116.74356206 1572.15585626
v -133.65719641 -91.11400956 779.45488392
v -114.68415826 -82.72736966 752.56942141
v -138.28174080 -80.48974718 755.41848157
v -146.95027472 -35.00140726 480.78329181
v -150.64088999 -29.07342454 498.95272713
v -194.72183465 4.10155980 242.94661250
v -176.72274365 84.94336311 34.38365903
v 184.63395720 60.30997365 576.25877460
v 189.69482294 49.05049071 581.83207541
v 191.10223658 59.59240574 604.59843688
v 169.24026626 49.81317100 446.48053523
v 168.63727190 58.43126302 476.97717255
v 156.54238031 64.43027406 473.10090320
v -199.47890981 -9.55726605 233.26897269
v -124.03589965 -101.23234309 792.75413108
v -205.17157292 -21.26047157 243.52999442
v -208.32196068 105.97218326 13.45405783
v -172.42676786 -38.16825932 686.75387065
v -164.18276080 -43.64454326 685.68772716
v -160.63961641 -37.35994962 642.61987359
v 61.47594527 6.75613233 1460.30536850
v 56.49800059 18.36236955 1474.97763227
v 56.59365393 19.84103222 1454.32468074
v -198.22988601 -7.61943737 371.05048364
v -203.97649151 -27.26113311 345.34892116
v -205.35797856 -13.86352693 339.75109639
v -205.24977214 -29.82660870 236.87603472
v 138.32791671 40.17771708 44.01581047
v 128.07120821 18.27219630 47.48107962
v 131.67360713 35.47218004 33.22052979
v -145.34345950 89.92615503 558.77260085
v -160.11072538 78.91992454 561.74762161
v -154.29431781 84.19948620 536.43032256
v -27.77409869 121.38597214 1109.13918351
v -55.87513971 114.04550929 1112.43449814
v -30.03025933 121.63478847 1092.45062966
v -189.37523096 111.65384620 13.46585182
v -162.45964519 112.86225294 16.17158574
v -148.56307515 -42.66041696 623.50045422
v -149.46193224 -46.94481200 651.72590400
v 175.70079083 -28.53172986 609.57258939
v 159.33011412 -42.41431847 598.29364096
v 166.60600085 -41.20409588 618.61448823
v -75.35698357 -18.83894886 1648.46418812
v -69.32778804 -33.11457094 1658.27721087
v -82.86808225 -30.33435980 1635.22073978
v -208.37861628 -38.20982362 268.41461494
v 179.04229431 1.46877235 1417.33075507
v 177.66196600 -13.77318445 1425.16257776
v 167.08891869 -4.74503122 1426.83682979
v -135.23063253 20.43389546 1117.24298197
v -133.25511622 1.03087144 1126.72823337
v -140.18413412 8.24066353 1098.63094509
v -173.18463491 43.64000121 49.32267111
v -205.24897632 -22.23368154 310.17342524
v -205.39475662 -9.11148928 308.15431197
v -206.06021997 -18.06680689 324.21760693
v -200.70771543 -57.50501183 255.71922238
v -203.48310572 -27.38815613 800.97529269
v -209.50334335 -8.73132636 785.88259770
v -205.95965851 -12.88643816 829.69352492
v -179.47576124 54.06475880 572.15752664
v -184.57633978 60.66720134 611.70562206
v -203.30412118 -50.58821208 241.68438863
v -49.29786024 -41.56966890 1674.16567558
v -59.20535946 -54.05574514 1660.29306373
v -58.70785657 -39.83127299 1664.13323077
v 198.98058594 2.68530146 879.14743632
v 194.63558571 -23.43752106 868.51639137
v -55.50460582 -115.45474519 1334.80910527
v -65.37932127 -111.85244048 1352.31662924
v -198.79998133 -58.63752829 233.61089913
v -209.37669087 10.77596055 809.32848682
v -126.21483436 -99.34459504 1351.35530245
v -131.62429803 -92.82436023 1378.98543529
v -102.99349290 -103.16777977 1371.15915458
v -51.05969897 115.17655514 1093.52015793
v -21.43528136 121.48675189 1069.92809786
v -42.21478452 -12.52590168 1681.11690741
v -53.47585024 -21.95161347 1675.52813690
v -53.93024349 -10.49462021 1670.82166984
v -200.90120844 -33.58539336 357.70757668
v -203.37439216 -45.08208596 305.06007511
v -192.89769040 -68.59307274 245.05205714
v -188.49420249 51.29902169 621.67043825
v -187.09913208 32.48060221 612.16513093
v -184.78425729 43.52652396 592.78991565
v -194.33135901 -68.64576674 263.08845971
v -56.93407968 115.93562958 1129.76730205
v -183.74536677 -77.07889155 263.44786783
v 135.53541666 -43.75891413 1445.44014803
v 125.37140561 -57.01840650 1446.35050033
v 148.50914403 -82.01239761 0.10227632
v 145.66115548 -94.91088428 3.06335767
v 158.43870302 -92.77401802 2.75017819
v 26.28777647 67.28409072 1645.25252048
v 42.90809426 49.07201031 1649.85090756
v 28.33090746 43.08909155 1667.90638618
v -176.15976924 -78.86227667 249.06147678
v -127.53575947 72.07139383 1073.19167449
v -143.97834452 60.09334134 1056.10432082
v -136.02220944 80.71454736 1040.37740833
v -88.53763007 -26.73082365 1457.61445962
v -105.94146162 -39.36841881 1454.92227905
v -116.63481707 -26.18268128 1447.90170395
v -61.02743435 -17.59950854 1663.71108311
v -186.59422888 -53.80326627 369.63435121
v -195.72990020 -55.81789726 320.24902170
v -173.73033801 -80.01003039 261.89621578
v -172.11492558 -58.12770484 743.09189767
v -187.74205685 -43.72957593 744.59411339
v -178.01273744 -61.07209275 762.02246542
v 50.16370884 41.43590937 1647.78063719
v 58.19828068 34.83712215 1633.63985706
v 60.05988651 20.44386463 1646.89197241
v -182.26243431 25.65107820 598.04337621
v -179.66289368 4.19403599 597.10118291
v -182.58815506 40.40301692 578.18577792
v -162.84954551 -81.32535402 258.31735027
v -170.32289180 -83.05785188 226.85566649
v -198.97741657 -33.16597494 828.06912179
v -195.15487455 -46.60566264 794.58639539
v -156.56135018 -83.48379132 222.09346661
v -32.25537268 122.70010460 1123.47100961
v 117.13825329 37.19199669 400.86544777
v 104.94567237 22.83332122 397.53236977
v 110.53039030 28.34540229 390.75535805
v -181.46281291 -105.26293697 3.59656510
v -164.11761612 -108.66834742 4.75299413
v -168.77475669 -105.36662511 2.06604948
v -111.86550605 116.65686937 779.84744235
v -131.46718998 117.33963410 780.57395412
v -114.98571487 116.95712301 756.26028176
v -163.39460993 -83.02051034 208.16429105
v -82.16482996 106.99039015 747.71196322
v -85.49518896 106.89918782 700.87394029
v -62.17770211 95.44091267 723.08323425
v -174.17974077 -79.97397850 180.48849663
v -194.98770954 -90.16079366 16.93157311
v -131.01062815 117.32142303 721.48587393
v -106.82391078 116.25614761 740.42255504
v 42.76549783 -80.39275541 1628.39061628
v 31.30107004 -94.45356762 1617.55546719
v 34.17255567 -87.31222455 1632.82032191
v -166.07150736 -82.76068708 156.63161489
v -175.37775379 -77.52928487 150.68550621
v -3.19194875 111.56122249 1292.24637124
v 6.57799633 105.76976790 1293.65251022
v -20.25197834 100.96960378 1296.46691666
v -225.73672751 31.60074548 9.75066226
v -218.71689123 -14.06597480 7.20457563
v 188.79336822 6.83597658 450.26166774
v 188.59590353 1.85390843 467.02800320
v -182.14987280 -72.10878355 170.36053021
v -143.22489210 90.62640859 985.38562376
v -128.69481645 98.76216240 997.08418826
v -134.82315302 89.17730866 1016.57249424
v -96.84852384 113.72751277 734.98677901
v -185.06437470 -73.19517702 200.27416302
v -68.78133402 55.00566298 1560.51696454
v -70.16944792 47.46216093 1564.74410502
v -67.28797457 29.17294120 1543.43538490
v -190.79528724 -100.23835185 5.45087556
v -190.71353891 -61.49881370 174.70128620
v -104.83853521 102.19335642 1039.19030127
v -231.86835729 -43.80791200 1318.12053255
v -209.08654965 -55.04721298 1347.55651995
v -220.37531927 -57.45919754 1324.60840432
v -183.98916027 -67.13783740 149.60777820
v -131.88264192 -79.70390533 6.14853423
v -127.84932365 -40.10628783 7.97090422
v -131.70564390 -69.45394765 3.57617358
v -88.45478052 104.82552997 822.66528137
v -85.04873881 99.76289688 839.69286564
v -117.65558612 108.95951562 838.08485059
v 62.24275272 -52.81722740 1633.04215328
v 61.49250196 -59.86328580 1620.16503462
v -192.55577715 -44.90070895 144.13939691
v -110.00083775 115.65882745 720.59453589
v -123.19068748 114.56407201 698.93514128
v -97.89879188 111.04367898 694.10018007
v -182.41586199 -63.27943078 118.14911595
v -148.64573177 -105.71682975 4.65636079
v -151.59469427 -103.20270958 2.01196672
v -102.57789953 101.72094077 860.49369708
v -80.08459614 98.29430472 866.80634060
v -191.60942567 -40.87109373 120.80708841
v -192.32842931 -30.80854297 129.34922549
v -30.24497759 95.55633142 1302.49074005
v -75.38631723 85.42930856 1331.24196375
v -69.50429945 95.38790020 1317.98419925
v -69.30474883 18.74007797 1541.50977167
v -70.51153444 11.07654999 1532.71068039
v -202.29634844 -89.16972568 6.23897839
v -188.52203409 -38.14919554 111.40553091
v -172.33838911 69.19819882 939.88995234
v -168.65437878 83.30087882 898.62977197
v -91.77668345 104.90450086 657.37021573
v -85.05316502 104.14504052 680.79835095
v -178.51024814 -24.16802827 94.71208598
v -138.62852055 -96.73139084 5.02699124
v -140.70700587 -91.01302638 2.54098909
v 178.85901035 -21.12985723 558.45529358
v 187.30831708 -3.28133778 582.53515175
v 183.75977128 -11.05899385 558.23112145
v -151.04802537 81.63026655 995.20743695
v -176.92096938 -15.74405443 69.79982277
v -134.00634062 20.44926906 11.28385937
v -132.80272880 -4.64963714 6.96110260
v -132.67231342 5.50269479 10.09210055
v -31.09586375 98.36377932 876.04805430
v -21.08708281 109.35729443 899.35528344
v -64.97162421 103.07950293 894.84791612
v -161.55008510 -5.38399394 77.40015587
v 207.66292804 -1.67566928 13.92544234
v 199.80961117 -4.68894973 5.03243637
v 208.33483720 -9.08029392 13.93393160
v -177.22995328 24.56716476 469.95895379
v -183.07280768 7.91144569 469.54898437
v -181.84288004 4.47016413 447.42716575
v -164.22265192 -9.66833967 97.63161079
v -130.58077544 -27.93923444 6.52799642
v -129.85939247 -35.76692317 22.33612394
v -39.44239686 116.95387718 923.26165030
v -48.92474223 108.29119053 905.27796363
v -85.15220214 -41.10444884 1614.75423108
v -89.11051895 -32.22161320 1606.94353592
v -151.63349177 -4.39874184 123.61996174
v -190.74864219 17.60411251 906.33875506
v -188.16634423 5.51159485 935.12525804
v -187.65843697 -12.84661588 916.63990900
v -68.41375515 -44.27368752 658.98938013
v -68.80937650 -51.35582261 673.74562784
v -60.56019543 -46.64021502 673.10997315
v -169.85940444 42.41708059 474.62216242
v -177.32349236 29.97283098 454.61946152
v -150.80833478 0.66395701 153.41691119
v 56.53265210 55.32733648 1593.76559470
v 67.37625524 40.19489105 1582.45783780
v 62.38339149 35.71346207 1600.29818830
v -129.64182317 -8.45999910 9.53594577
v -139.66676291 -4.99457547 140.99731432
v -88.12181622 -58.45913350 675.96658400
v -92.19095149 -57.55557146 669.44387645
v -111.00629969 -58.94321219 677.36518476
v -98.58509723 -58.09620381 1158.66252145
v -109.90269159 -50.98660832 1164.34985034
v -99.84577889 -63.57049962 1178.91845311
v -232.46938898 59.65254161 14.08055874
v -1.82907918 124.85500008 943.53627953
v 12.28023789 128.03687688 969.50131047
v -29.74848927 126.85476414 965.54167624
v 143.57164344 -8.82352046 1431.75960241
v 153.45187943 -23.08534279 1436.22853524
v -57.92572489 -86.68504377 1591.08720122
v -62.96223221 -78.81584038 1573.72087657
v -76.24217809 -59.23895428 1585.78439878
v -134.94208826 -5.52607533 153.94200271
v -175.09046856 35.22825960 496.32946122
v -179.53924055 10.70790431 508.71496097
v -181.54536442 14.23290486 479.17634492
v -122.93842455 -18.97716443 150.92202599
v 173.09276404 -68.58989229 816.50465994
v 153.84255980 -81.24789968 819.63746789
v 157.66617809 -78.36474847 836.07332449
v -224.91902859 18.57290153 19.67923972
v -41.68368522 127.56783915 984.32072365
v -8.21340836 130.69382601 984.05847656
v -121.24702878 -27.74330915 140.73556993
v 216.60909169 37.58123128 5.86864930
v 205.71429073 15.21005574 4.70941808
v 216.80537573 30.23109145 8.58837668
v -183.55419538 61.77407381 897.85380055
v -192.50422367 56.01076961 864.69446825
v 31.41751480 80.33060527 1586.09836389
v 44.80683890 71.33585913 1586.20103871
v 41.79374011 73.40407972 1597.85409407
v -130.68437662 -23.90183202 21.25954924
v -68.77148670 -60.28887140 733.66464989
v -82.50765776 -64.80961346 714.23553525
v -183.63877533 -23.72878923 429.05262387
v -178.26758515 -18.80882865 452.78960565
v -179.52737520 -36.81954585 427.32969609
v -120.13693911 -31.04528598 160.08019838
v -41.45666009 -38.47737086 692.77677037
v -63.52033170 -51.37370498 694.22209446
v -115.22606353 -43.83946062 191.21092912
v 95.72401846 -11.62338181 380.70659444
v 96.32268583 -24.13909502 399.97699973
v 96.70074293 -32.15063411 367.41118462
v -166.20196639 55.65032043 440.42692137
v -174.37855462 37.25588532 434.54150193
v -165.27482452 46.55794054 422.92066432
v -113.25945382 -32.91546215 199.07087210
v -143.04394602 -78.86584252 206.98140739
v -133.18058340 -72.28252316 188.10168324
v -148.47337632 -81.76474035 179.04419783
v 126.71814716 17.10180504 290.47346512
v 116.87321539 12.31810185 313.25204063
v 114.96860144 7.07232497 296.37411805
v -117.43535882 -20.27025200 182.44557579
v 19.68165724 122.50177958 1061.57064135
v -5.67331132 122.72121425 1045.20490221
v 20.36604549 122.74964301 1049.25966347
v -117.03820283 -12.81502786 200.85513581
v 146.23999091 29.43257030 1403.38317837
v 122.53722335 35.23984572 1387.69291508
v 150.99468362 35.00342398 1393.41279791
v -177.03604307 -77.09773501 286.11358248
v -186.74040095 -68.77820433 305.36717558
v -176.85756906 -74.06832166 308.70098609
v -99.03373339 -54.60535940 646.23110875
v -105.45428586 -58.38160753 661.81881083
v -91.14652129 -55.57088124 654.61619389
v -122.55806439 -14.15246381 175.60375182
v 198.11557658 -3.17264866 279.01119664
v 201.08240984 -19.92636336 268.59673822
v 201.20017981 -6.76191714 306.13263419
v -170.76256393 39.22724383 416.58381954
v -160.33340444 49.06933338 408.28286142
v -128.90639761 -0.06009221 196.12675667
v -148.74077115 -82.19662659 160.39823381
v -151.65085079 -85.04918813 145.45720542
v -159.97807289 -83.30155117 166.15776429
v -170.74279037 -26.36201488 643.09030675
v -170.75007046 -23.06497482 624.03513754
v -175.13801744 41.33026153 997.54877779
v -170.96738692 29.75751371 1014.73066794
v -181.30705102 9.30898656 999.84681483
v -138.31677918 1.17356574 174.65205512
v 0.89710012 -101.91229956 1261.76432631
v -9.81069397 -99.91292206 1252.25876818
v -10.33558657 -101.61811593 1269.49932507
v -51.15762373 -2.82291915 1675.90080190
v -57.65488491 -0.36672545 1667.98040358
v -33.74866836 -53.69313870 1460.08493354
v -30.00910059 -64.78760658 1452.66142930
v -61.45811898 -65.92086970 1457.31384338
v -129.51134101 -72.36496076 249.84826099
v -142.83491271 -78.75316828 229.81720406
v -143.73629558 -78.30997926 251.87986692
v 11.90728074 125.26729550 1078.21308684
v -2.34196639 123.31230806 1070.93936838
v -183.45404720 23.14943492 411.56382816
v -184.01023292 0.03372413 424.58552436
v -187.24292237 13.94200710 403.10997119
v -148.11789693 6.59488030 180.33689806
v -21.22675978 -7.67962286 1695.58571521
v -26.59722866 -11.68476795 1694.62817838
v -191.69641052 -68.49233372 277.89161831
v 6.10448145 125.38491463 1034.61442074
v -16.86743661 129.19740445 1009.29988139
v 5.87430105 129.46742933 1013.89993086
v 129.02363003 -10.56585866 1435.71555531
v 117.51914284 1.62805534 1426.44812654
v 134.09809591 9.26582320 1421.17718571
v -129.25871540 -73.24390460 308.98288400
v -128.50515604 -72.45004333 293.89573938
v -141.43402006 -80.07075039 293.72457044
v -58.15732823 -38.34450590 660.40023518
v -45.86854960 -25.67315026 661.54157922
v -57.82489177 -29.40463099 640.73432247
v 38.28212422 74.25790486 1619.26249281
v 35.05255939 64.70635963 1638.62425654
v -140.77158930 7.01545542 196.61033902
v -187.14247805 -6.46656635 414.26344781
v -165.74348122 -80.24388874 292.74982868
v -138.53547396 -52.26989719 659.75435200
v -15.21744280 72.15056146 1650.21480182
v -27.04222125 61.13297888 1657.76711860
v -35.99909926 72.11310516 1641.50208976
v -131.84049016 8.38667626 212.21691525
v 142.25016839 92.83679099 25.79033718
v 136.26376949 78.40715290 22.99416608
v 142.01999745 104.41827863 12.97682223
v -201.53059869 -53.52828766 279.16679215
v -197.14419402 -60.65962591 291.87125863
v 31.24947042 127.20895920 1019.44430567
v -74.79398201 -15.75075833 473.87518506
v -69.61969870 -14.26651000 494.33083951
v -64.66541110 -7.80513847 496.12128980
v -152.98548340 -78.79210311 311.32765982
v -139.36734589 -69.71409839 333.59885560
v -122.15680407 4.70384783 217.33873117
v -19.79259848 116.88519069 1287.07686536
v -13.08242497 123.18791308 1273.01986490
v 6.62245303 123.05848148 1273.22242440
v -122.94987752 8.29862811 232.75491063
v 23.59277323 55.64351784 1470.52881282
v 29.87961213 44.31850197 1467.97544794
v 35.89348880 47.55895438 1483.70766824
v -103.79237469 -41.03036030 306.40741220
v -111.59159031 -55.66204309 280.28565701
v -114.66639800 -58.95662700 312.18881162
v -175.80623674 101.73100451 749.44856874
v -159.77894022 110.87528945 740.15567797
v -163.37424012 109.20481712 771.54760911
v -115.03516265 -3.09844278 222.27091981
v -57.47300854 7.17289600 500.13599141
v -64.61646380 -7.37105904 512.76668494
v -110.64508287 -5.02865654 240.85401628
v -141.82999219 -79.40101389 273.13441116
v -130.25129601 -75.03536417 264.43700365
v -101.93918332 -54.16040439 635.26705951
v -76.15843289 -45.37116197 642.18385971
v -120.11713662 13.59166127 252.73063037
v 192.35260958 -60.85235652 254.93424682
v 178.82156228 -74.88955281 258.64071134
v 191.18706109 -62.34498332 267.98620307
v -177.26939631 4.34625522 1237.78268569
v -189.55503994 13.14154413 1237.85919304
v -189.65459571 5.10022859 1207.69982744
v -131.07958573 15.12299365 236.79420258
v -10.42790327 -0.20206461 1692.36533932
v -153.50464009 -81.60604157 284.54889535
v -130.20386227 20.70438631 250.89566224
v 27.70064213 112.26536762 1291.88304170
v 24.52143016 122.46949831 1272.31704241
v -52.99594742 21.35565644 534.27783128
v -61.79963951 -4.65052432 528.30258503
v -54.48491173 10.05100379 545.31992410
v -118.15445946 12.73557738 269.49055337
v -74.82896974 -62.33286540 1616.55289819
v -122.95109180 -66.99717857 240.25034223
v -122.96310079 -68.60758873 280.72337565
v -143.08708246 24.22974868 267.42697972
v -54.24958373 130.98385484 1252.59565545
v -67.67763902 132.78227200 1240.70267320
v -18.99928753 133.63188199 1238.77232118
v -146.33932590 24.35341348 251.04199819
v 51.31861652 26.23862889 1442.09133544
v 41.07073086 31.84277504 1421.15274940
v 59.98767270 22.75055087 1424.10076078
v -96.34743779 -24.05411495 318.23450011
v -101.23081886 -32.00439237 300.84410971
v -96.26919876 -32.95264780 339.10026134
v -192.71144638 82.08263103 771.82210907
v -200.28704039 67.58028910 770.13911947
v -196.79564839 76.67490301 746.14457469
v 79.50378703 -8.91395682 1598.80971943
v 68.17784718 15.80141225 1622.13724861
v 66.03837817 24.34551062 1594.26322746
v -46.54873755 47.42485674 588.54679369
v -52.40882028 36.20625596 537.64902923
v -47.78142248 31.07229898 567.77940717
v -103.47311954 -45.78055799 336.09888738
v -118.37353171 -62.84272365 339.96155748
v -138.35458379 113.94557598 702.35474819
v -147.56733400 115.32251435 724.24628249
v 38.67287216 35.93447407 1664.82982725
v 51.02977511 16.50509040 1661.29485913
v 39.96305914 12.83917549 1672.02653493
v -129.86663057 20.85656265 276.83661668
v -114.41311001 19.79428560 292.25317497
v 176.62100360 -62.37031517 402.21395477
v 169.91351085 -54.16399263 431.84714244
v 177.86979880 -48.91972736 432.54367943
v -107.51404032 4.29525695 275.75732858
v -13.54096229 130.64813135 1252.78388489
v 1.37750276 131.95093589 1234.28112562
v -187.42609339 -62.18451829 324.74378855
v -174.59359124 -63.72592124 370.00261052
v -176.36261487 -67.32757680 336.98627164
v -107.83886913 12.33658889 292.40189126
v -175.87594785 5.02466386 553.04600048
v -178.75193641 17.27204394 557.71722850
v -175.90997281 6.41064584 572.54569013
v -107.81390767 13.37396021 307.07612847
v -17.34555849 122.06077690 1199.80009123
v -34.14967701 122.30777827 1199.77577808
v -69.23423023 -49.46882081 1651.21606663
v 74.50600299 -44.57341629 1463.71491899
v 108.91768977 -41.78838447 1456.71638977
v 24.63158437 -70.10332862 1450.95302477
v 36.04785095 -72.26881371 1450.32890003
v 11.46168635 -79.56353186 1422.64916743
v -101.54541923 -33.25939898 265.33219642
v -110.10396378 -54.41219520 258.50573856
v -132.72058329 26.40539433 298.58323528
v -150.89445522 73.90915709 1014.63167143
v 109.13437278 -44.40578548 216.74255446
v 109.83414074 -29.52715089 221.51608121
v 107.37068983 -42.65433726 244.28927571
v -155.55952246 -72.56320963 331.60486892
v -168.52350852 -72.71851522 324.61266285
v -122.05387811 -71.85346124 734.78135392
v -129.53044093 -68.79030390 718.89085124
v -151.16623506 -64.90540587 719.30313700
v -174.82601186 4.51178559 536.18555594
v -176.70800376 16.61073504 540.03828594
v -101.89213089 2.11042761 297.51969645
v -69.63659538 -30.89657331 1464.02362628
v -60.12449678 -41.66313867 1464.77265945
v -76.26971493 -51.40885913 1460.61659600
v -98.89337121 -3.70840474 302.09447846
v -164.53489443 -73.67419504 767.94486068
v -153.57498376 -73.76966898 752.51206304
v -106.33299641 -89.03888833 1251.35847785
v -111.32156649 -90.63287828 1261.83861929
v -93.07375371 -96.32221414 1260.86456266
v -99.39812146 10.90026209 338.71021389
v -54.42909000 117.32682763 1186.09420144
v -73.00399370 108.00301315 1179.17976465
v -63.33413005 -25.52624407 1665.52382106
v -163.25965016 -70.70279996 344.49427967
v -163.22338081 -66.84617560 374.23608750
v -148.94572237 -71.46789546 355.93176628
v -134.06480384 -97.31428297 1326.40202988
v -148.22161617 -91.60163528 1337.25146862
v -18.41097208 83.56896433 1597.76605115
v -23.50243592 86.44939674 1580.04036061
v -16.81930046 88.87978114 1580.70288010
v -104.53054322 -26.91360935 241.05710654
v -101.99525808 -26.60361361 277.80008182
v -173.31554881 -4.77036697 516.66095235
v -152.07307436 -26.03375987 509.53947766
v -94.99771998 -4.59676222 333.25414345
v 26.78102904 128.62166262 1220.04185625
v 37.03934852 130.23853730 1238.85282640
v -93.49450222 3.50054946 352.98822260
v 63.27730643 13.91530015 1446.24046842
v 67.65296744 -2.90342990 1458.44062867
v -111.77519549 -14.30694838 216.94907650
v 177.32386644 -24.27587918 583.94226828
v 170.44541828 -30.81499807 579.46266170
v 10.07067835 -20.25502121 1692.62434344
v -179.19017484 53.40493795 961.16495983
v -183.31535203 31.32373178 978.68133066
v -162.60120271 -54.46016446 411.42613486
v -152.59212364 -62.99210614 392.45894457
v -165.40351722 -61.05550969 393.38511341
v -93.66825845 5.09874528 368.39457126
v -107.77827655 -62.89158908 697.95742084
v -89.16982833 -59.85506275 691.02523773
v -112.13664527 -49.85822647 238.03357271
v -29.59853676 124.34009362 946.58293296
v -132.19862758 20.60680434 1131.74288020
v -131.75616705 -3.06197677 1144.02510433
v -8.47385332 20.69200087 1687.62617099
v 2.41130511 14.44937312 1690.19967536
v -180.87044905 7.00200234 479.69455135
v -171.72250394 -9.90859544 488.73926157
v -175.07459085 -9.50191860 472.67040575
v -92.38368500 12.81960840 385.70780735
v -90.32341388 1.97811327 380.81727912
v -171.51064270 -46.72529507 701.22030953
v -143.37054296 -57.97750080 693.45161255
v 183.15262184 -63.18643776 198.22267577
v 190.81745805 -52.76995375 205.29990311
v 185.20793772 -52.92976916 182.41393054
v -99.14101312 -11.49106326 299.58870517
v -103.53588807 -10.83350838 257.40644947
v -90.83829150 -9.90715197 366.68450264
v -13.70131215 132.80507334 1226.76116618
v -0.28924887 130.39579075 1225.40399418
v -151.12794845 80.86337090 485.75523558
v -158.04511201 76.27275877 489.98951577
v -156.66960292 70.78431793 470.66375597
v -89.80433998 -12.19896293 389.68751433
v -114.90436953 -47.40090757 211.55110140
v -107.84477721 -38.06873074 227.79064056
v -85.59754065 1.40962494 415.59058704
v 70.94855477 113.22039005 1123.77820541
v 50.85623245 120.84054752 1121.96663599
v 57.13624869 115.56292400 1103.30522967
v -88.73887243 15.30244881 404.02721904
v 148.57322621 58.75989156 1329.18159995
v 143.40811226 63.93390101 1305.86805830
v 157.58561225 52.66902936 1313.15511263
v -35.27162524 -43.90152508 1467.91978549
v -36.55968628 -37.99731434 1475.44980504
v -18.49422660 -45.30194792 1474.69383234
v -135.48551001 -75.40816565 216.90181644
v -83.58931292 15.97008247 420.93568740
v -140.53376133 84.69426806 489.05636055
v -139.63101874 79.15005282 472.63635040
v -127.86362933 85.63597647 486.67918988
v -91.15518068 28.37245635 416.04705087
v -105.35151734 -16.68374358 238.69366671
v -49.91909334 124.80394189 999.37791213
v -36.42301199 126.72235157 1022.57932357
v -137.52728700 46.33803959 1090.57482315
v -140.26508206 52.14700664 1070.87582876
v -79.65098441 28.71011727 438.48450735
v 134.39698191 1.87311365 195.97493362
v 130.94043334 -4.68941581 182.94897957
v 142.00980595 4.08816274 177.89100519
v 56.67445195 -75.01969299 1178.40531519
v 53.94228728 -73.57526702 1165.58896197
v 41.51666013 -76.74728673 1170.45127426
v -90.50368993 45.03048383 450.05448654
v -17.81903744 97.15813374 1567.72484465
v 8.75205488 -63.52508495 1460.26201255
v 6.33538853 -71.71621096 1449.84495065
v -8.73464427 -63.31523642 1451.22977492
v -119.23011296 -58.91375727 218.40400119
v -72.98390049 31.57574753 459.59844008
v 44.82894820 119.85527900 1107.15309183
v 26.78538190 124.63717574 1096.76207752
v -146.49265120 71.53930118 457.98662483
v -148.32646535 64.36275200 435.90033343
v -70.01266978 38.24475769 474.33703199
v -85.25282598 -91.33324627 1235.71295657
v -82.61185993 -86.37257616 1223.62837754
v -109.09796565 -81.28058491 1230.75984506
v -50.07025240 10.95462656 1667.29459148
v -52.13159224 4.30521553 1675.38014718
v -134.71286037 -75.28625877 203.18146108
v -91.88820299 51.89616668 469.85260570
v 15.78372542 127.17041052 1088.48885104
v 9.98078608 125.83598108 1097.68858979
v -102.93190879 56.04665413 447.84465223
v 170.05689058 39.87252169 1339.90631089
v 173.16801177 32.59824007 1387.76491254
v 161.66709383 40.91166748 1353.06007410
v -144.62540072 -53.17009113 681.69728806
v -47.12964601 67.42848158 1633.35499022
v -49.43461142 53.00704945 1650.25112675
v -102.62901197 65.17879894 468.64566626
v -163.04947411 70.23929781 504.94524072
v -161.88313960 66.00006422 475.07169787
v -94.63109126 65.89757415 490.83657941
v -189.36233074 29.22603787 645.36431380
v -188.96347805 13.29021117 661.05381169
v -186.51801315 14.01605058 634.13016300
v -106.28743480 95.04029997 1058.96008816
v -114.75658209 78.97791735 1088.94897624
v -6.93073233 88.30673382 1622.23537144
v -21.35321232 81.23968854 1634.22448909
v -31.69676919 87.67401099 1614.63188013
v -106.46999118 75.17300766 485.62632204
v -99.33052914 71.73656422 497.09449270
v 164.66962892 -33.43578771 557.65184514
v 101.08987403 -26.29683429 296.27344108
v 103.56458364 -10.44505532 288.46274866
v 100.77750131 -12.75396817 309.19873413
v -111.29397534 84.02266625 503.25790506
v 30.74727542 120.76614372 1110.24126558
v 21.81018485 122.59174981 1108.21998514
v -110.08796797 -36.29659041 431.48965286
v -116.01782830 84.26498521 490.09787107
v -12.70946119 -5.11387949 776.24973605
v -7.79331536 13.98719046 787.21060449
v -8.87219149 17.50142221 771.48177105
v -137.75783172 36.89127951 12.17638770
v -142.22703901 66.10955765 13.74112689
v -140.96658132 45.89436282 9.87238751
v 104.05004697 -44.88112444 294.07536563
v -122.15772305 94.80690263 1246.86479666
v -130.62772456 79.44413155 1255.76054503
v -126.55801792 74.73890634 1225.73441735
v -120.23433164 90.54926709 516.70273718
v 100.40361233 45.34125010 1384.02755112
v 3.57024929 113.64159231 1518.50570196
v -174.36742194 -73.59029693 123.34225104
v -165.11243707 -82.31150189 130.90967062
v -166.85828187 -84.32886010 102.08134615
v 54.40436847 122.95062718 1020.70021365
v 67.47262466 114.03557527 1040.33748763
v 51.13826123 119.76519353 1042.79717172
v -124.54649291 76.42953415 467.94211365
v 199.88853031 -28.23029509 227.91960251
v 194.64960935 -48.66637778 234.81744503
v 200.46910912 -30.42932667 245.22385599
v 173.08093832 57.32994279 45.77326380
v 160.65933899 60.27421618 46.64797750
v 156.44930224 83.92389937 37.90623422
v -134.47915585 -49.95300906 418.29752705
v -113.17800957 75.59672906 474.39765562
v -140.86449985 59.26845177 24.18683210
v -140.93094945 37.06672675 37.05108453
v 43.06482667 97.67677483 881.20072555
v 63.12068399 93.06777866 871.35289627
v 63.90670580 101.37799423 900.31791805
v -120.86609688 71.41069084 449.61983495
v -190.47670076 34.86489098 1345.34810755
v -173.72930880 43.52812773 1337.72556260
v -132.97912415 56.56931032 1236.96763484
v -134.69874911 70.39239574 1271.15089389
v -131.18147256 69.87948210 446.43574568
v 74.19300078 -3.05017623 1625.60359236
v 77.76682602 -17.46276187 1618.40948725
v 72.07888582 -20.07856536 1638.75708928
v -146.95390651 65.92560896 10.67308411
v -132.88205462 55.59610588 420.47321143
v 125.38776053 65.68241714 1338.27900729
v 115.98258764 55.18350377 1359.35376805
v -12.58039513 -1.06165053 761.93915316
v -122.22811173 52.84144091 423.33071414
v -9.36320771 -13.24087728 794.42016517
v -8.78959604 -49.89063216 796.41175671
v -1.76311708 -19.40416399 798.73206954
v 14.22081696 58.99115823 1661.96167243
v 12.43322450 40.68416319 1676.64766732
v 5.64474915 58.59368974 1664.22730253
v -159.10238309 -84.55615528 140.44805530
v -113.64079562 67.16463120 447.82651424
v 83.71703104 93.17280630 1316.48178711
v -133.73854748 47.07224146 1209.64293979
v -140.56528716 21.96751978 1202.09319975
v -127.86778520 50.09899318 1198.72813680
v -111.53973243 47.14923849 426.83605001
v 23.99652153 85.84359812 1481.00984991
v -184.81082963 -39.75836563 89.15474366
v -190.67259853 -58.90775971 73.19352905
v -186.76732065 -30.26679219 60.42701879
v 81.37196862 100.78607918 1091.38529944
v 63.30193156 110.74096678 1083.56711721
v 88.87227011 99.46025782 1068.21122610
v 45.36441108 -85.49375738 1525.05555239
v 44.35799919 -91.00474605 1540.30009696
v 16.24506884 -80.33585495 1659.09360650
v 19.05208507 -94.14390839 1634.41389175
v 9.01769184 -87.56450664 1648.57307341
v -101.14052195 47.28147868 437.65727610
v 49.39884821 -47.01067543 1504.08806040
v 48.42507231 -62.66379401 1512.19494878
v 57.30454037 -46.08192066 1516.47706544
v -78.44772003 -12.96487960 460.13622301
v -180.90675865 -67.46055712 92.98185965
v 29.12114592 129.14349353 985.81845532
v 38.81294092 124.94091973 958.66799523
v 57.19837696 123.86126141 988.37523473
v 51.86588178 -32.88097828 1667.52760703
v 45.99691661 -60.50277722 1652.72755734
v 36.04337704 -64.79878698 1664.21674139
v -141.88597777 29.59936578 1251.37180264
v -97.98614171 38.63279697 423.55726936
v 161.80404367 -90.68661340 1337.99509102
v 151.71405123 -96.17967847 1355.13126004
v 162.19459373 -90.56786887 1358.82663850
v 109.42084629 -30.63079437 208.04384462
v 112.73546639 -27.61067969 191.04495639
v -102.30391958 39.41575812 411.62312648
v 91.74170288 107.50885988 1290.71335274
v 89.79620380 85.52638018 1327.84118084
v -12.22697995 -30.32628943 791.25512165
v -153.67171560 98.32566747 618.97433124
v 5.57941928 46.24642251 818.10157268
v 10.41965829 64.93255217 831.24465622
v -2.12281555 44.28897889 815.87132761
v -186.76360253 -46.73758500 97.82291389
v -187.33260240 -50.54871905 86.31415651
v -128.70550619 -14.22077815 1170.35217443
v -119.52658320 -32.53319492 1148.68070091
v -128.86077836 -13.51494026 1143.35258771
v 194.17363180 -63.13932601 1374.26445442
v 177.55452716 -79.07271273 1377.30131929
v 173.52265351 -72.16677204 1392.02008208
v -180.15304782 -105.17623608 15.60518694
v -183.85953050 -101.72609136 29.43987116
v -192.09447578 20.80117503 46.11394286
v -179.70042218 -6.16723394 60.41157739
v -202.77792396 -4.00216756 43.62433821
v -14.64512657 11.73119330 714.05731912
v -18.17533150 -4.24397940 704.84800262
v -15.25128846 -0.70692859 722.02761973
v -161.73013628 91.06632754 605.05550083
v -191.72095509 -50.90595455 65.50899505
v 58.89910363 112.45479388 1063.37063477
v 86.37268695 104.02191507 1051.34903860
v 173.80618134 -88.37207394 1351.41789246
v 194.64052287 -77.89241487 1344.25081782
v 186.39319029 -82.55519696 1334.27434708
v 184.33578592 -68.01950854 223.89584367
v 175.28448223 -70.64438880 193.90511334
v 170.81675193 -77.40711459 222.93742166
v -235.14890247 9.42886651 1224.18894342
v -132.36711552 -0.63403993 1178.00483159
v -130.52261016 -25.72475654 1188.99772656
v -6.83147172 39.65248480 1679.58486315
v -7.82785283 33.10626051 1683.96026854
v -17.85886206 31.47183213 1678.96552154
v -183.84971393 -58.99842813 97.25636398
v -137.61782136 94.97278784 947.20382515
v -140.55538069 94.64237178 964.53938313
v -2.33948471 30.64470851 810.55654255
v -159.19266435 106.33208110 679.52890551
v -149.08336810 55.73866369 420.63788936
v 26.08762356 58.50942545 820.84425683
v 41.47277588 77.62091078 839.21456484
v 27.09631637 66.06595527 829.73983977
v -27.87183305 -43.94796767 1685.14971188
v -195.24259877 -23.04306873 49.06887281
v -15.11998433 6.94204390 744.35531507
v -17.11721401 -7.26553158 751.44586319
v -176.05134606 76.57172442 891.94221964
v 155.72906099 27.45334190 1291.33144834
v 154.89037824 18.09830485 1288.14869905
v 162.05853637 19.85424594 1286.46816941
v -125.21570741 -23.15324413 1127.19348636
v -158.96766323 61.48069350 439.35846102
v -126.28203343 85.37816800 1288.67303780
v -130.39437557 -61.33729967 45.94480114
v -133.45749038 -77.19406467 44.14748885
v -128.79325080 -64.96627559 63.96581480
v -172.73771952 7.73426393 60.06642729
v -176.40396697 27.83129751 52.33610578
v -12.70743254 40.87974115 781.44847210
v -20.74370334 56.37672439 761.30394774
v -15.10807242 41.55609013 760.37741422
v -26.97772537 -108.64809778 1583.73495094
v -23.20059567 -108.71243152 1570.27615633
v -2.75136487 -76.92292023 1663.26102571
v 10.34359759 -69.27617414 1670.64203053
v -158.32124202 53.89584107 425.53846995
v -24.78077028 -89.53657136 1505.69814587
v -11.00901255 -96.72476035 1505.79103370
v -14.30562164 -86.58589146 1495.13525095
v 57.19978459 -36.31230472 1515.38453134
v -213.04286078 27.00606695 36.72647877
v -209.93945838 9.32988944 40.18214693
v -38.67873981 -13.81371066 661.98915883
v -46.15178458 -13.33238308 643.76110557
v 15.56474474 -103.61102000 1604.11302946
v 11.08732798 -98.61552964 1622.74224886
v -137.34945438 -26.71813235 1206.83721654
v -166.17920127 44.29331845 387.46204633
v -154.73623736 -111.70765074 32.04222951
v -172.55920926 -110.51440640 30.97553351
v -191.13835094 -38.91100518 54.51164255
v -193.03467994 -31.95598475 51.38728229
v 139.11991132 36.28963342 375.97061997
v 125.36618574 40.06036221 406.84320712
v -173.27219886 41.27986555 395.98604110
v 25.53465876 79.70448400 848.29008935
v -55.16312612 67.03996340 596.86183431
v -46.59056589 48.75777499 607.14253458
v -54.48947094 72.34583537 610.45020843
v -171.72382949 43.69047020 371.16162696
v -93.02559393 -27.49217637 371.29781217
v -91.78823556 -18.03304909 341.83641615
v 144.11557389 -76.37410400 365.44942108
v 130.81523248 -66.59049892 386.71681372
v 144.01010436 -68.68737081 394.69105252
v -87.57884932 121.46708085 1217.97541472
v -107.69521088 106.43597476 1222.29488776
v -89.33266602 105.50804898 1195.33091365
v -181.53570557 37.52598461 374.34065280
v 86.05519185 -10.24485492 1450.76979980
v 101.18869944 -4.27468459 1438.81680794
v -160.03980831 9.76096957 61.85122843
v -152.97207562 0.85618551 70.63200149
v -165.09368188 0.10121047 67.60600177
v -205.69826399 14.84498725 724.28536719
v -200.85677953 29.15629153 700.34906425
v -206.17651849 25.03829984 726.52314536
v 114.56019362 -15.92718824 151.67966206
v 113.15239274 -25.58052396 140.67597149
v 114.95320960 -25.31573109 130.15756175
v -65.77998639 83.16988375 612.12479430
v -85.00341737 94.91985328 600.40566817
v -73.51444176 87.01638002 590.76987293
v -183.07717176 31.56614747 396.17627102
v -179.66987455 97.57755207 770.79994190
v -187.93010919 90.76853919 746.29166030
v -192.30728430 22.68784627 372.77134012
v -160.31658025 -47.60680871 1253.83949658
v -173.12352217 -53.69992111 1235.92173389
v -157.34227218 -55.82524699 1264.09770129
v -195.80533775 4.51622949 386.47958456
v -82.30579849 -45.98049653 1582.02729806
v -99.98833745 -41.23578915 360.93618534
v -195.19939678 7.17832834 368.18652399
v -91.03902153 124.29094214 1236.18126586
v -105.12258159 113.85319174 1237.97756837
v -73.86623009 95.07685110 626.24204584
v -85.80985752 100.61193236 627.44730070
v -45.08133082 -85.91713124 1640.07119709
v -45.94063510 -73.23402074 1657.86390077
v -35.91038275 -88.01744480 1645.48066974
v -197.23597836 9.60214155 355.91511555
v -99.45100730 85.45216051 1161.43872418
v -112.01343483 74.56735229 1175.91478596
v -195.11316606 18.57967037 356.96280071
v 91.06232143 34.56238857 1400.88122812
v 104.44540178 26.64530437 1401.44063675
v -147.01164619 49.02510671 40.93724922
v -154.37766786 57.19073603 42.43532211
v -161.40530131 68.44336838 40.48580079
v -190.78196383 42.16380492 635.13646820
v 18.14165910 -109.44508160 1562.82691512
v 15.63932092 -110.18440888 1540.08088912
v 5.91850213 -111.33175159 1558.44115292
v -189.82586943 27.36532358 343.04889429
v -153.86855047 34.84083504 52.48234779
v -146.72883830 8.97034432 62.08142171
v -206.27816107 51.30967638 775.75905140
v -203.04784995 62.53367371 747.37160745
v 61.10726810 -69.85212244 1567.77605928
v -196.48438061 18.31580557 327.22074049
v -188.65575508 30.16239817 331.86733777
v 106.49457498 -24.43980115 244.34492641
v 109.87095752 -12.92304145 243.00915438
v 106.55011354 -18.56765045 256.56682322
v -188.84649993 25.96479418 306.71572276
v -101.20221429 89.00298665 1181.36822261
v -163.23097881 -50.38187997 423.36099881
v -146.57592005 -53.40420480 415.13089733
v -161.68528614 36.75723266 52.75814415
v -195.18172615 16.88805432 293.38651791
v 80.75714053 119.09369093 1272.09612739
v 103.91187633 112.65296925 1271.03531887
v 46.23290898 56.08050461 1496.86895890
v 43.68304403 35.88567287 1491.93672214
v 56.43645613 39.73516698 1512.54210674
v -150.94386277 100.19586635 15.30014662
v -164.08910493 102.40620101 12.83904333
v 18.26138693 92.40355484 864.64377752
v 46.99002273 90.99558286 865.99399975
v -201.12836818 2.75032419 273.48119110
v -130.88373448 -56.00261943 400.52324340
v -200.65516091 5.05135980 294.72598599
v -154.00263672 88.71451810 29.45262146
v -147.40481824 77.99783764 28.73043645
v -198.08807461 42.85978618 689.61973494
v -202.68622442 48.85207792 717.91548477
v -201.01160829 6.01749763 322.21815802
v 166.99688310 7.83728724 191.06218739
v 154.20646282 7.35100688 180.84657774
v 170.12728062 5.64500755 170.28877840
v -168.22088158 25.18588556 1406.21431629
v -154.44806452 17.92927232 1417.21890963
v -162.93603319 15.22345762 1415.75844575
v -9.42128661 -102.08054969 1618.35472521
v -35.43505394 -95.88631964 1623.63633704
v -146.62314046 30.01228185 52.26074490
v -203.11922006 -6.90291284 296.93138350
v 58.94225704 118.05561375 1280.46531217
v 69.08098213 125.91295548 1260.24728965
v -114.42504349 -49.96571697 391.36478831
v -108.77994377 -44.46059327 402.01121786
v -110.94716371 -50.51146031 377.48327123
v -206.43787230 -19.07850070 282.10972341
v 65.75537159 -0.77301088 1645.73195373
v 64.22975389 -19.25295592 1656.10037320
v -162.26350034 95.42031987 29.98210702
v -162.27409535 103.32369426 26.28798181
v -207.15515511 -23.00961948 297.83428416
v 132.16555378 81.71331472 1287.47574124
v 141.43452191 69.97444278 1293.38379635
v -205.94629709 -35.67101985 285.44688721
v 48.77116166 81.27531983 1538.41253313
v 28.75592168 97.18283269 1542.83985775
v 40.80750469 86.63774670 1526.35166476
v 27.60148184 123.53807427 945.18484982
v 71.35957961 -29.53662490 1637.57062044
v 62.25527381 -38.07619704 1649.93214638
v -113.99852880 -43.99692619 411.39904951
v -7.67481980 87.23323418 855.51355492
v -3.41414126 72.20096926 835.36243511
v 8.62833531 75.69079640 843.53861176
v 31.86705962 -77.96916368 1652.95665478
v -201.60125205 -58.55996144 266.18768328
v -147.68559651 89.21851658 20.90563436
v 191.66811381 -62.96269915 341.35211487
v 189.22201882 -57.42015130 374.81084741
v 123.80171901 96.24848912 1274.19398786
v 121.69039994 84.36319941 1303.93810022
v -138.55571253 -80.56807144 138.65375430
v 68.60989639 113.44200943 1195.91336716
v 39.04754353 119.26289592 1184.68685507
v 68.91960520 111.84171900 1184.41105648
v -38.69542192 -58.66181869 1112.88854553
v -43.59906141 -54.85990915 1094.80845140
v -56.61933118 -55.31339015 1103.12271206
v 27.75000439 122.65615736 1156.03268633
v 50.79104636 117.90168767 1155.26106276
v -112.02234524 4.80352702 253.69657501
v -104.55629163 -3.51901814 262.90435898
v 158.36324301 79.76760742 958.86066961
v 149.17111332 87.86685783 957.46894608
v 151.21072611 86.37440335 938.44494652
v -165.76254861 15.39614437 1271.79330764
v -158.51182959 7.69138093 1269.11866860
v -152.72686254 17.22297389 1277.46988957
v 64.69095879 120.77328885 962.50583886
v 76.57105496 117.82664162 978.86036683
v 137.13435322 -102.21571430 36.01230457
v 127.32602445 -97.10485549 18.84909365
v 179.75741763 25.13270378 324.42446588
v 173.97430132 30.14679111 342.46648611
v 148.81407496 29.63687876 324.75905832
v -9.43854778 -55.99157091 1458.52761319
v -10.56448586 -50.22984366 1472.65789141
v 1.97821711 -55.56458882 1471.55739315
v 180.92436899 72.20747903 881.24024669
v 171.84087009 81.96998989 882.53771710
v 174.56711119 82.92882509 864.63609023
v -142.48879709 33.46055664 1081.24027172
v -17.55352095 61.96803365 1472.55932381
v -12.13415623 51.81974292 1453.05182060
v -8.05026727 58.96834729 1458.79196926
v 41.79996613 -93.91820802 1411.39296680
v 25.68178196 -86.94459850 1416.91953077
v 41.80065601 -85.34653448 1431.36660974
v -122.42468867 -103.81471344 1312.93235570
v -207.78879366 -7.12242979 39.20447979
v 205.22314382 37.09390201 833.01145601
v 194.45835325 64.07936370 843.63379763
v 201.95616876 50.01645642 828.50873890
v 144.37066187 -42.14099906 527.05313223
v 145.52154788 -41.51733592 544.09826366
v -122.70572096 80.71807923 1063.78127814
v -47.19548829 -39.61156043 1469.96127836
v -56.35956565 -50.71040618 1462.26223238
v 85.81541197 101.70372858 1151.37391279
v 82.30109217 106.01826983 1121.79090601
v 104.26894087 86.24054648 1151.59133021
v -161.61724996 40.01592365 1030.89606198
v -121.91669280 -33.11354443 1170.90479977
v -116.92989373 -44.98768771 1178.64989864
v 14.35833448 -57.90663817 1466.80897251
v 10.72327131 -51.45452381 1480.69913219
v 26.60139188 -53.02640169 1465.64242316
v -131.64833570 -56.50679626 1229.86530262
v -120.04395905 -64.68181454 1221.61621063
v -188.70933214 -65.87434575 72.71159126
v 95.43247486 103.53801680 1198.54209579
v 90.86369929 101.30253885 1188.75644670
v 104.89058934 93.63059101 1194.32937877
v -182.27922892 -72.26918227 156.13352985
v -186.83989418 30.69430230 953.64772482
v -188.77238880 8.26073973 959.10764559
v 169.50553313 -33.36538407 507.23806653
v 149.50656349 -42.73066377 508.54678710
v 175.52477458 -51.72265154 76.92289197
v 178.18460054 -64.70893180 47.98136729
v 172.71722220 -70.50295706 56.34480231
v -167.82031042 66.56023193 547.76011658
v -172.94751791 63.30628366 563.16218021
v -171.52803882 58.49902995 538.46389300
v 115.30343464 102.92953316 1227.15790794
v 96.69873051 111.54699297 1214.16812847
v 113.92685042 99.34156250 1215.06776806
v -176.20590256 41.78958180 545.04963012
v -179.03724800 26.77784446 569.33051200
v 24.75923916 -55.58753273 1099.71490700
v 40.23577830 -58.64121935 1093.79783556
v 42.23048634 -62.61340928 1078.15006105
v -177.42275460 29.71860994 530.51343703
v -179.10460429 19.44867533 521.68338467
v 130.49460993 93.37351902 1259.45900370
v 134.71170683 84.01791506 1251.42042371
v 141.51715492 72.81971003 1261.88685006
v -168.60282052 54.02232379 503.85432496
v -52.44141424 -2.69067376 601.81668304
v -43.18585989 22.18666239 612.23507348
v -47.88105236 12.11832892 591.32780612
v -92.43243963 -20.45608175 399.69766323
v -39.68066293 -64.79642962 1053.69626691
v -13.14377296 -65.44681416 1045.89431390
v -30.99464026 -73.27940640 1043.15624246
v -55.12139208 -3.45686967 581.47434633
v -48.96720537 14.72235341 573.84926705
v -35.67710384 -21.36900530 1686.70155151
v -135.76188962 -89.81659536 30.39425421
v -143.93745625 -102.26845949 20.01151901
v -139.54486742 -99.37099092 43.95311126
v -219.57398787 37.23787961 33.31702301
v -83.19396154 -6.93918085 439.76702700
v -88.64497017 -10.44953547 419.70926253
v -42.21171748 49.29310259 637.97107835
v -32.91800247 30.46144175 660.83382996
v -35.40633732 48.94882078 670.73307265
v -17.34941967 -27.43735530 781.04068721
v -21.33065885 -40.92700148 779.77610016
v 185.11134388 19.98674568 303.07511955
v 187.60085105 13.57902908 284.29152239
v 191.55385365 13.17296829 300.45471778
v 13.60021975 -81.26643387 1490.23449719
v 26.99991700 -89.24047530 1503.40844029
v 29.26930614 -74.31124132 1494.04960245
v 8.33619088 -95.77744180 1500.64558018
v 14.75417164 -101.63587485 1518.10319414
v -66.33406576 16.21351000 459.63526347
v -77.28643802 10.95115706 437.63700937
v -67.81986793 5.61910631 460.90057070
v -14.35023825 20.17908708 744.13581861
v -40.76423411 32.43951968 625.36308346
v -37.30994020 24.83985708 644.96188399
v 138.41971296 -84.34053950 96.71424833
v 130.95644378 -76.98055060 119.40103251
v 141.73756659 -79.78517432 125.15876442
v 122.39216289 92.16155442 1029.75299269
v 98.15007148 104.02992360 1037.91649791
v 106.03258681 101.98106375 1022.91256091
v -142.16655621 -45.08269235 1250.89068934
v -137.43938527 -34.01787803 1221.97972708
v 118.19279876 74.37184054 1076.33390532
v 125.51138678 62.60094968 1076.75151490
v 123.22324446 66.06053249 1092.57572710
v -110.24722422 96.53475720 564.98473790
v -103.14728059 94.44777524 540.97379650
v -92.91146785 95.30050762 578.27112864
v 48.21851373 127.95328092 1223.20374117
v 51.08498961 125.69180487 1217.14989593
v -117.76089474 95.52538001 540.77118977
v 66.35347720 -104.69491132 992.60844253
v 61.95423326 -115.02351993 970.98376920
v 37.19421403 -120.90936314 958.50024816
v -131.01962873 94.20004381 533.12008155
v -143.68280202 91.44962615 545.21674409
v -146.77778987 87.91253424 520.32799099
v 103.86737028 115.39031017 1247.34492031
v 97.44251774 117.14111767 1235.68190428
v -158.96993322 80.00636731 523.83999395
v 169.98874747 122.30997965 28.15727206
v 171.78428046 106.08790446 32.30218915
v 157.40830878 118.38690279 26.27258898
v -130.95041143 -69.67617434 96.28706959
v -133.39868056 -75.79765871 117.22181123
v -82.56520677 -113.15840917 798.33987902
v -55.54663212 -101.96749911 790.14841050
v -86.48643375 -97.89420001 779.54525485
v -138.91265221 -86.37435260 82.87723869
v -145.38039035 -94.67587734 77.70103832
v -145.69722125 -100.69569472 58.66445730
v -48.32574395 -56.70698788 753.07989425
v -70.66069268 -64.41384529 741.37927828
v -54.44641640 -66.27021366 762.55523496
v -151.90843089 -107.71871225 17.50187600
v -147.00515565 -108.48108860 38.74444350
v 172.50679069 87.33786825 36.72645421
v 194.00361785 43.29934423 881.01004686
v 200.72521326 35.80894673 864.53236194
v 194.01678158 19.05682595 900.37651619
v -166.92727719 -88.04048734 90.67305694
v -132.82479660 -5.15644895 1427.82380274
v -144.27312980 4.74282015 1422.24167607
v -109.99449611 7.26180228 1422.24039734
v 173.04175655 61.19273047 958.55214575
v 163.39041031 72.86556851 965.36216543
v 167.91698463 73.39513774 925.28973499
v -137.63799674 -91.41669671 53.06096764
v -58.70140281 23.86155414 492.90551861
v -64.23579401 30.10108496 474.05720916
v -64.73764817 22.70232526 466.06618311
v -50.14002898 87.34517792 740.26966798
v -42.02157947 77.79621979 721.26787395
v -33.35293033 68.83851986 740.94563129
v 28.15903578 -102.48450036 1582.81972566
v 15.05643218 -108.00192053 1576.85148859
v -2.79794769 18.83650891 802.63592175
v 5.27109414 26.19653846 806.94643551
v -123.57256704 -51.80427745 58.29163943
v -25.68135712 66.24965879 811.13490941
v -32.65880814 74.70231692 822.55803279
v -39.64847881 80.68812758 808.31708568
v -68.72410097 42.43198708 488.36189208
v -76.17482200 53.83696822 494.93632447
v -15.85870630 -109.31232286 1584.99440320
v -25.40235955 64.24294607 763.26085313
v -23.69214047 50.78727362 739.31111348
v -39.97082873 -116.04998046 957.29917499
v -22.96293583 -121.85318157 941.00977855
v -38.07116179 -125.46038133 936.46229372
v -35.38278886 67.83954990 704.06173598
v -19.43598379 40.14578595 723.29412654
v 3.94029794 -109.50424809 1584.49181393
v 2.63666266 -104.11659546 1611.52242129
v -124.09019437 -38.58420480 48.57043883
v -131.92167444 -63.16753020 19.32718264
v -28.02471756 81.04886222 843.77280517
v -19.03625664 71.70125055 832.58398367
v -62.35482640 94.27705945 822.16312158
v 177.49793589 -38.01662676 110.16295092
v 172.22847029 -53.63756200 118.81391124
v -143.09029810 -101.58858420 819.25739488
v -147.68446530 -92.36129434 797.05062228
v -162.65259981 -86.37324912 817.83615243
v -131.43303420 -58.98805499 33.35940334
v -120.96451429 -39.57827904 72.02127976
v -96.13103044 -131.94186845 858.47888537
v -77.43569001 -131.42924538 836.59369715
v -100.13396636 -122.40942112 824.76614369
v -121.70548256 -47.93870789 80.50562978
v 124.59746429 -26.88632337 1448.32751346
v 189.34372645 64.45997704 864.23199479
v -32.83710470 41.67940427 1474.85575274
v -46.25112746 30.49445742 1483.41618248
v -47.58258714 31.91581785 1459.76989420
v -213.17822104 -19.31647493 16.69116516
v 83.36638273 -74.78015029 1449.23814822
v 174.39616712 -63.91269410 832.65783168
v 213.39047564 18.73952713 810.04579439
v -38.28072932 -113.14616938 1339.66899786
v -19.95239040 -103.92191919 1352.28863340
v -26.36724149 -107.00316401 1325.75345645
v 188.77673017 69.70728103 623.37318902
v 124.46833184 22.14473147 18.67703905
v 120.14989357 -1.96787915 34.78769080
v 120.39605011 -4.52400671 26.24043283
v 72.51815938 -9.37900401 1458.65707144
v 104.24298514 84.45073812 1168.62235814
v 196.65502410 56.95623900 629.24204002
v 196.77343543 44.01142410 606.73631306
v 199.63031090 56.23157407 647.50107968
v 186.65023630 -38.08106508 865.62834473
v 46.97178267 27.90791878 1482.27651314
v 191.73374409 0.30890908 904.22922339
v -61.44260541 -71.60462770 1453.01213974
v -75.65584184 -73.46801859 1449.74844787
v -139.94788685 -83.75707848 103.55230013
v 112.08301102 103.31519746 1008.00241489
v 135.20155919 92.70208123 998.61335241
v -123.31911982 -42.91204472 95.20320891
v -155.44184161 50.78837096 1343.83436055
v -138.87751550 10.25350070 58.06641983
v 125.02392697 100.93475485 977.21010762
v 112.39658738 104.25549320 966.99086147
v 131.96938044 96.60838492 955.78784818
v 118.97492949 -82.60583995 17.78243463
v 119.59128762 -73.22781136 18.56517493
v 44.93551900 83.01111788 851.67871653
v 69.22306891 88.01583205 844.49347085
v -61.18392754 12.59404912 1493.74463176
v -49.67120675 34.02030419 1495.85006611
v -55.16949191 24.62728484 1507.93187259
v 152.98530872 84.78651632 923.12373667
v 120.69942259 93.46157442 912.37269376
v 133.52260337 91.99910976 902.35834247
v -222.57861043 -4.46731269 10.64591412
v -156.95840077 -50.82303711 1419.77197835
v -151.38028148 -69.70167498 1408.32027030
v -173.72537506 -49.70056639 1402.96934068
v -119.93837112 62.32035032 1171.24827468
v -124.86783333 52.65766701 1190.52061117
v -62.43571769 25.36676877 1653.74485255
v -61.41098273 14.92872232 1656.29575525
v -68.25750454 29.38484324 1644.79768119
v -195.59976841 -33.61942178 1390.29978253
v -175.62705800 -26.86445860 1415.99338702
v -134.27690657 24.14242603 1159.58583507
v -126.76301023 -59.25532033 94.98650327
v -177.81532903 -79.03055763 1340.59663920
v -160.42141106 -86.17734710 1353.97516745
v -163.88423477 -84.00535659 1338.60014520
v -111.27612613 70.98532033 1121.84570586
v 78.57452251 59.05884907 1362.92285221
v 85.84963034 69.06740765 1348.95318646
v -135.68662322 -81.99249609 68.55375900
v 84.46339128 39.39972270 1395.28888340
v 34.11873987 -98.51100460 1582.56821320
v 48.16350280 -85.80897723 1568.07224359
v 30.30275638 -105.16934454 1552.11636959
v -150.21611709 -88.39157532 1319.51288127
v 181.57087964 6.49921028 219.29086385
v 182.88556963 10.45139035 235.90687610
v 175.24077103 14.51358336 235.39147096
v 27.02447591 103.52513059 1296.14109944
v 5.88527081 87.37333660 1296.80710157
v -1.77450966 90.66157948 1293.84817914
v 189.82380562 -31.83818514 162.83846510
v 191.17239925 -41.67261927 190.35255605
v 195.93395540 -32.24668558 185.18928605
v -196.29794757 32.67780286 1319.05400686
v -199.31375652 26.50051930 1289.12014536
v -184.57990016 30.72593617 1297.10821953
v 134.45085282 45.67612524 1193.54833106
v 144.51209579 22.72225033 1197.66306272
v 138.66039345 43.98718714 1203.63382836
v 124.49975515 58.48233382 1168.97625998
v 118.30664892 68.98757255 1169.98392772
v 117.61291111 72.26825813 1141.52139393
v 10.98618434 110.11209016 1516.44742065
v 10.90989747 103.59184731 1501.28791494
v 21.94346143 96.99554899 1508.74843200
v 5.18080094 113.18947458 1540.89792635
v 118.29659907 75.14557722 1121.03570122
v 130.24894570 56.46416213 1106.92874761
v 131.93977844 51.75222611 1122.68941840
v -205.46134138 28.50476783 1318.72538457
v -211.65287237 23.33903844 1303.39534269
v 126.06857366 63.75970253 1192.86889876
v 131.30915886 51.15480756 1183.95021671
v 80.15792523 -117.47077691 957.76157076
v 66.34288199 -122.73806647 950.71173097
v 10.43074151 66.92954925 1464.93538668
v 24.86169905 63.41613859 1475.32737447
v 106.62191138 -114.15513230 935.34608643
v 126.94079753 -103.34458065 915.98414337
v 111.03242843 -115.08969482 913.72447843
v 99.60125338 -114.26647559 943.92034813
v 79.74257804 -127.89817784 923.37528284
v 150.88578136 19.77495961 256.93125736
v 142.19831419 17.76126521 267.12502747
v 131.81334450 11.12995843 261.87353484
v -247.20883414 -14.34062852 1268.83241051
v -244.88220967 -26.99065214 1290.98311527
v -252.13634740 -35.21484020 1276.50553893
v 151.03494452 17.82167525 1260.13246970
v 147.38631359 12.89290911 1271.42736928
v 148.75700783 35.78049517 1270.60298981
v 142.84123069 8.09285937 1239.77753921
v 146.04437196 24.30537315 1246.29860375
v 143.72679439 23.96659493 1233.18509684
v -97.51027972 119.96456443 1256.54754371
v -79.36605644 94.23721427 1321.02421092
v -61.03665940 106.20697027 1304.04516073
v -23.69162417 -90.85339754 1644.41328466
v -10.49713753 -93.45500740 1640.94526671
v 142.69120791 17.02895576 1222.01877590
v 140.51962536 47.70503252 1224.83880142
v 142.02181926 35.36691841 1212.06482969
v -242.35782433 -6.72350265 1271.48516331
v -252.46051693 -9.52436389 1246.60262367
v 144.38635751 43.30194221 1260.02162646
v 143.97020349 61.00866007 1266.05478138
v 142.64632741 59.95348861 1251.49236519
v 189.51386379 -67.66090115 287.05270323
v 179.85833789 -75.48787506 283.73467688
v 174.79904339 -77.11272572 308.23352174
v -154.59915383 99.77431629 867.50652488
v -115.24230646 105.38712028 1248.75053466
v 83.07431422 -130.98229787 890.93722282
v 60.72502951 -136.58665690 890.76219989
v 116.61313006 -43.91226869 95.32577378
v 112.35592030 -21.49613650 91.02656655
v 114.57120087 -23.96150532 111.80599120
v -12.91860845 -54.63148125 1070.88947093
v 1.10825540 -60.24713564 1067.75713694
v 3.30982888 -64.06446327 1053.01667955
v -193.86582594 43.13639161 877.05555357
v -70.23777021 25.87058660 1556.31028916
v -75.50284782 26.17340327 1582.21332488
v -73.46558495 16.18254598 1564.84979037
v -1.92863132 -49.95055400 1096.36199187
v 6.01701970 -53.95181411 1086.16265132
v -197.78501188 -10.39507148 862.08917655
v -197.73448609 16.22803697 873.88949619
v -194.50321815 -6.02596329 886.41859750
v -43.56013231 118.28393734 1064.06781208
v -210.99806052 20.80910437 774.11659699
v 45.18429651 60.51523646 1626.69142832
v 56.70753160 45.59342773 1613.38523888
v 107.39649641 2.07750867 348.56085042
v 110.09031098 16.84884115 363.42359243
v 103.95050426 2.26234472 365.52761127
v -200.96600779 -32.83697172 775.33168478
v 128.13290547 -8.41718441 4.33234673
v 143.66213181 -22.54270045 3.34597677
v 144.17063678 -66.87958272 1.03247439
v -264.96401151 -33.95198073 1242.34772549
v -265.43532623 -40.56532328 1238.50304569
v -269.03846212 -31.81807124 1225.67483484
v -112.76616794 102.29936077 1014.63828705
v -37.55970005 111.26112572 1295.76881538
v -46.51408154 103.65649378 1303.67125963
v 74.67889422 -39.92602701 1606.95538772
v -253.41103966 -42.86160299 1271.21288567
v -251.12417959 -54.63546732 1257.35913565
v -162.34184127 73.01252805 976.04199134
v -90.09260797 101.52587101 1304.18358816
v 111.49428094 -45.42343388 428.66340106
v 120.63927529 -50.70687306 427.89897400
v 123.66533887 -55.88222149 414.38162560
v -39.76042665 -63.06691320 1133.79909089
v -47.94597685 -72.99556399 1157.59549107
v -24.83238072 -66.71776383 1154.59367515
v -189.13744167 46.00226834 893.98242962
v -195.33924528 18.49112291 886.60174475
v -185.68922088 -14.21239907 933.57350945
v -58.67493277 -58.63904843 1126.20202095
v -63.33959613 -66.78119303 1143.24773587
v -139.90415135 24.75130855 48.71711043
v 134.69343966 24.77652066 317.53309279
v 140.82949796 24.66985087 299.54288962
v -53.80003820 -52.18314880 717.21797877
v -182.48506110 48.15682004 934.48667310
v -181.48541633 61.45572430 915.84237489
v 216.93682749 84.23128972 25.41844818
v 226.05732936 76.70612971 19.63066688
v 213.81691079 69.18603839 29.17165110
v 116.81285794 18.17053355 1410.59291994
v 114.82906302 27.01862307 1399.95732548
v 27.78745613 121.56550034 1082.87320940
v 191.37384603 -65.22789717 2.66310961
v 188.42790648 -72.09532128 1.33272385
v 191.84956121 -65.34560663 10.76371697
v 16.55797663 79.72530137 1633.47723821
v 154.18749994 22.92275116 1412.48039525
v 156.68988306 10.65720133 1421.53105080
v 17.30635305 -100.07001097 1275.42018188
v 21.17882937 -95.26894287 1233.97426926
v 32.12956859 -90.56899986 1222.59657855
v 15.70093654 -90.66143389 1219.54674172
v 166.33157905 -81.03706772 285.98039640
v 32.39254411 39.96838491 1453.90520791
v 37.67234415 35.25387776 1468.42922712
v 45.62608482 112.10395820 1294.30429167
v 129.49906834 -34.70503851 5.55395467
v 75.32086106 6.38811938 1442.92771407
v 69.83185825 15.80144450 1432.35557340
v -33.04128077 128.12924748 1261.15364016
v -179.61484628 -2.86740571 1214.39760582
v -177.48219339 22.22828063 1276.96939114
v -197.81187454 23.14970894 1274.91147123
v -188.32322382 18.23494763 1257.53963688
v -102.46317246 -76.24994634 1218.03930281
v -56.01153586 111.77504717 1171.30016214
v -156.60409763 -64.40291023 737.50745376
v 127.77776695 -5.42760135 142.78503276
v -122.54084105 94.54362046 1031.05273976
v -69.59405146 -67.37615412 1625.85294493
v -57.06534435 -83.04531537 1623.21308055
v -60.99051854 -81.45959692 1611.31692552
v 139.00188237 13.53434478 230.48494058
v 132.06246839 7.51212082 219.92428946
v 151.17826190 13.55143000 216.94885956
v 167.54506279 41.20969486 1329.18517807
v 170.17798154 34.19032432 1314.47408783
v 180.36250853 32.21623013 1321.48253717
v 123.81487572 -70.11553304 111.31588936
v 131.02491980 -79.40566169 102.55068690
v 144.57839542 40.37815566 1375.62956128
v 136.46110764 47.26137588 1359.34334261
v 40.14221248 121.60874796 1132.22478613
v 38.62134057 -79.96217652 1189.33861416
v 64.55202877 -65.52565550 1153.28745231
v 64.09378350 -63.35058474 1138.38412790
v 45.79970833 -66.49363285 1135.89453715
v 153.44997723 49.97630808 1339.09149201
v -14.24175491 -100.75719513 824.15858960
v -13.17628427 -113.46991773 839.60887945
v -8.55605356 -103.15874796 830.88802823
v 24.46167536 100.46525980 1525.22750070
v 130.95407128 56.56829972 444.60024003
v 125.32414075 44.71679495 428.91662703
v 138.40402295 51.40027005 433.64397747
v 183.72502147 -2.31669615 183.26116129
v 180.01065167 2.78947231 197.98327054
v -28.92147122 -105.30522472 810.84576286
v -42.56615161 -121.51621037 821.65023607
v -24.05607929 -115.60940440 828.78794340
v 39.21525191 71.80380549 1489.84469392
v -7.44187756 -72.63008337 810.23568573
v -174.15500701 42.87072065 1323.37541985
v 41.98997648 -79.46158585 1512.48431149
v -183.04308314 32.85587016 1379.41928546
v -169.88319716 32.40272537 1396.19164549
v -56.03091052 13.85725848 500.87060112
v 262.78751845 -43.09820851 1244.05920042
v 262.13887184 -35.81837398 1246.44735178
v 269.83772355 -34.28684490 1226.12391455
v 154.40289150 -81.81657865 260.41970830
v 160.41580290 -81.35756119 229.64221329
v 139.20737021 -81.09577412 240.07599739
v 32.90892916 83.04349225 1490.19072119
v 13.09814837 4.86022017 787.33371658
v 16.04195673 -11.54794776 785.64966865
v 21.88090984 5.79154583 753.75000425
v 294.08559478 -31.50837618 1157.93791267
v 277.78474669 -55.98357770 1186.56337096
v 282.54304544 -41.60410371 1186.26450513
v -67.43859278 51.95139852 507.67143052
v 242.85901382 -11.55102362 1263.51992573
v 255.05186682 -34.78222642 1259.88873408
v -21.41541125 -74.72512851 1669.66517158
v 13.60092261 12.15911984 795.31953411
v 5.45493562 7.99684540 796.88426007
v 9.67153535 3.29520166 793.69445869
v -41.54085131 119.22228707 1284.50558562
v 254.29254072 4.79120014 1186.45095542
v 251.84877551 6.64813497 1161.93688181
v 262.44784040 2.79617615 1168.54310892
v 17.79346943 10.27494654 770.74653181
v -91.71831639 59.21105943 485.15271951
v -238.07367593 3.30384188 1258.54690863
v 63.68659327 11.02630889 1542.02035260
v -260.92582301 -0.86915196 1194.36158713
v -262.28552959 -12.20272677 1219.42054321
v -269.73331573 -11.50938251 1193.29221078
v 6.19145000 -46.23347365 798.05901234
v -83.71198074 90.60962433 562.31572044
v -125.80951612 89.16788753 1267.93648183
v -108.81686100 98.63240101 592.21806218
v 90.14009920 7.05356776 1434.70716911
v 103.90422726 8.10036038 1420.90887197
v -69.34387049 128.72412053 1218.37656563
v 197.36151345 -16.84458459 226.13360633
v 199.20674516 -26.50033538 209.99106636
v -139.40796337 87.54084971 505.71677927
v 88.63377268 21.50056257 1416.64767516
v -154.93199482 79.39564141 505.54348971
v -176.81405796 -62.58056340 1238.49935644
v -156.91531897 -62.10404982 1271.27714040
v -188.00563236 -24.06743363 1193.14687583
v -186.81368002 -45.65433406 1202.12546032
v -180.99329576 -43.02017993 1217.92812969
v 172.45271796 -0.86237192 155.30691090
v 116.19747320 42.00755784 1379.69506282
v 49.86347556 70.66297620 1515.51810121
v -177.39474087 25.17125368 550.50470428
v 124.73377288 -10.91307664 164.86021477
v 124.25766846 -8.51347060 191.72720596
v 58.07237107 51.39060707 1517.83970039
v 19.14886050 106.40266424 1541.00980810
v 14.29138196 102.93416927 1552.89317652
v -183.54006779 7.46135148 1407.34277785
v -183.20568332 23.88980015 1395.77756012
v -160.21280242 -17.21168176 1427.56207856
v -160.10563079 -27.94350083 1427.90350729
v -172.05227596 -18.62743990 1421.89528979
v -167.88194547 56.22390986 454.09215702
v -13.64619942 -50.34380855 1094.15202613
v -26.18414401 -56.42551141 1083.74275930
v -23.89727335 -53.45397539 1096.29266752
v -124.90475803 -54.05018568 650.21631467
v 64.50791776 109.36365929 1169.70438337
v 45.29950438 117.26990097 1199.04272344
v -30.28418989 5.96042558 1682.06380564
v -25.33527649 -56.23622332 1110.98250222
v -13.61956840 -51.94109247 1117.10083818
v -81.41330714 -45.06196300 625.72783672
v 129.55332034 -96.31395134 11.75870413
v -166.07164637 -40.27678535 1244.76370618
v -168.02980261 -25.11137658 1243.56955336
v -176.75074644 -21.63134858 1223.30666748
v -176.97606363 28.48552681 425.59813799
v -156.63563863 109.43592328 710.70915219
v 85.26170933 111.24786413 949.09239388
v 73.02771657 111.19070175 934.58769969
v 112.17903260 98.96769240 937.77713469
v 141.87403030 90.75716375 939.16433706
v -86.69242503 -29.92507917 1578.69997465
v -85.54391728 -14.22949320 1567.88981689
v -163.63053254 -6.77870394 1251.89178484
v -160.71528108 -18.28746316 1252.26564331
v 182.05894215 -79.47066208 18.73532830
v 170.95489236 -91.38456995 16.72066274
v 171.42701730 -91.16606398 35.65394965
v -184.86361352 92.55836391 733.63728826
v 84.13385177 111.89722151 1022.84031773
v 85.70438983 116.05520821 991.39728103
v -197.74586820 -23.79171806 374.00904140
v 164.87157747 -42.71967367 461.13206127
v 156.96507403 -54.56037674 437.15947372
v 148.38966678 -50.18298839 455.39572502
v -70.69015218 25.09723572 1419.38280003
v -74.94308400 31.19561372 1409.22689748
v -56.30564444 29.93212975 1411.78413326
v -200.38874049 1.02865276 341.17926196
v 35.99864095 38.57391747 1398.72050418
v 25.45298440 52.38957729 1375.80900768
v 18.32004156 38.89776274 1412.42788351
v -3.93589260 37.82199875 1394.56266237
v 21.47052797 39.82514577 1397.12414553
v 181.53832160 81.40693903 848.96745633
v 181.57941512 84.50722435 824.09344294
v 172.46265556 74.89861539 899.18731305
v -14.42513892 104.97380504 1564.39366844
v -26.64171361 40.49342962 1429.57064930
v -28.04369572 36.66200651 1414.46387456
v -19.32026705 38.67263702 1408.17506250
v -65.55642556 21.48328347 1430.06007497
v -82.07760434 18.88191250 1425.17811629
v 47.74270601 31.73788773 1407.06290390
v 50.71890656 29.26749997 1412.71351578
v 27.21607827 36.62791629 1409.51956304
v -200.68440654 -47.50207956 323.13347015
v -124.29399458 -54.64433351 1205.05613296
v -111.05661186 -68.45509779 1205.31007914
v -108.71941239 -65.18562462 1191.03744646
v 203.95911470 36.63637116 847.31994635
v 206.38494196 15.22632240 849.28595100
v -111.35994734 -45.21893407 1153.34847136
v 193.27386720 68.00246546 827.72699829
v -90.69460145 -76.13191685 1192.89617641
v -88.11415845 -69.80240787 1175.67616973
v 201.65941838 20.40524975 36.86385742
v 191.49142871 1.12412472 41.86687686
v 189.37089520 15.70616925 44.14883102
v -83.13434123 -61.89808085 1138.28655841
v -95.70287020 -55.76032375 1137.42631577
v -23.56011817 89.84615641 1305.63343888
v -31.24157008 76.67269957 1326.45206831
v -43.60653813 76.37052410 1330.06125868
v -3.38905652 74.52661602 1318.75974658
v 81.57729464 101.93387418 1169.25198300
v 105.10453454 88.49120421 1114.34812515
v 1.27478538 52.77686912 1367.95250102
v 29.39079040 63.20012108 1347.79372923
v -148.19800165 -72.79379054 348.84565904
v -106.55647072 -48.64281802 1139.20408622
v -6.70594815 87.02029059 1297.51177431
v -130.48688228 -65.25407554 368.69380626
v 161.31595110 -82.97189838 64.91897980
v 70.39248664 121.17811810 1213.02228282
v -172.42292231 -56.64938815 395.98589122
v -158.12275669 -38.28300209 1252.10059797
v -149.66750253 -29.32653461 1256.59062775
v 121.89177022 19.00426319 322.26366391
v 33.89168849 -59.06285402 1110.36058740
v 19.96580806 -61.36083352 1126.99937174
v 123.56208439 91.96401168 1221.90033787
v 130.88220791 71.92646520 1213.77614422
v 138.51193891 70.19272682 1236.84433349
v -122.35501981 -56.71225261 381.07645840
v 76.81786048 124.17073167 1229.73900603
v 19.04552870 6.63493347 1685.52558309
v 28.76789253 -3.04576397 1688.53219890
v 53.87828577 -56.90819596 1110.97976269
v 41.41686770 -57.64221659 1103.65212505
v -98.39886903 -35.49964915 387.55629593
v 142.58376022 68.13728764 1275.05147211
v 150.13525954 48.18748531 1292.16492427
v 147.79142900 56.94461084 1296.64925375
v -57.97328858 -88.98990070 1007.45088007
v -59.60715773 -2.59488793 562.23571608
v -40.19793685 -29.29051962 676.21907186
v 9.60560233 -88.70407948 1493.89160802
v 36.07324266 120.48745234 1145.32425867
v -40.20298328 11.25360680 1674.82503708
v -37.17742833 4.62656291 1681.46042001
v -45.86298315 4.65876278 1683.14864411
v -44.34947085 49.44409602 623.17894491
v 145.22211822 -82.45504400 109.76461956
v 144.80786803 -88.90150695 79.69135050
v 66.26524108 -51.57694112 1538.93592991
v -15.84448751 31.20838343 745.52572547
v -77.83359869 -20.05788206 486.79878424
v 180.95838247 28.36763642 360.53156898
v 184.21494143 26.03593713 342.45346062
v -69.94881405 -6.04614150 467.22351164
v -209.04711318 39.94680960 745.45264675
v 112.47512919 84.69649826 1063.60835238
v 127.67184674 79.50620791 1046.76760827
v 126.83352623 68.50495494 1063.62731325
v -56.66177208 9.99990321 515.19620142
v -34.36022149 -104.60132278 1600.84086697
v -19.07040971 -104.59554855 1599.59121797
v -129.21620818 -49.88684137 1218.57012874
v -194.77643659 55.10356004 682.01361535
v 105.20737790 86.73605147 1101.93849735
v -46.44043232 27.41655301 590.10757922
v 174.87244557 23.53789976 52.70855975
v 160.65588581 36.08865512 53.39991236
v 90.33462509 -77.00225703 1030.36875827
v 70.62274646 -92.21301596 1013.24495455
v 66.96372677 -81.36079301 1029.16697804
v -61.49234719 75.36490708 591.64874757
v 12.02481826 86.37251702 854.37626594
v 86.44199080 123.24485978 1253.03018198
v -75.79177882 87.66356859 572.19960414
v 71.44539356 -46.99004980 1595.90395996
v 75.59636636 -46.81545713 1579.85033289
v 50.15998177 -102.60088143 995.67858008
v 52.71602981 -89.68402773 1015.35296721
v -95.42440817 99.39807914 602.94307706
v 185.91342042 135.73901296 23.09408574
v 200.39628635 119.89175141 26.13396991
v 187.04287663 117.33509849 28.63396486
v 35.87961225 116.86512924 924.82915377
v 73.97110611 126.73829348 1249.12723999
v 107.19327215 113.22561386 1258.71604456
v 124.36553241 -72.42907820 320.88359748
v 118.28166407 -68.67992015 326.64557283
v 143.67058227 -78.38406125 336.70899564
v -66.57605972 88.23680473 639.63447585
v -82.12762517 -80.26315975 760.99378032
v -76.11060416 -84.06397686 769.64994849
v -109.96202156 -40.16096843 582.39873383
v 148.96193193 121.37384060 13.59201642
v 152.34828979 120.05448397 10.68652531
v 158.43594421 135.04785437 14.21204763
v -26.43380004 -32.22572432 756.04477643
v -41.96899180 -42.90620434 741.11912189
v -53.33950788 83.10242048 692.41308699
v 56.26961273 71.22963279 1571.06322077
v 65.04173533 54.24839287 1571.79626646
v 29.82808004 81.43046204 1599.28942193
v 130.85077048 55.57310017 454.06274006
v 138.99237375 56.91116025 449.04637769
v -39.24020385 -53.19103950 765.99271998
v -62.72497173 95.56439680 739.81838431
v 184.06683237 50.43148776 917.22789913
v 188.00164271 29.74646531 920.91939122
v 184.67131851 43.73768716 932.39522026
v 150.51090330 54.77770931 46.56042531
v 142.31981684 36.30338293 49.88388241
v 141.85532368 62.46346509 37.83173127
v -132.64584087 111.70356747 679.15035955
v 144.81022600 88.91488311 984.60368958
v 160.00792442 69.70433392 996.57426861
v -119.34349392 109.75574213 655.48702204
v -83.08662035 106.00020177 918.20806238
v -132.99112217 19.40251318 1413.88286608
v -98.30958499 14.25291559 1416.98328913
v -90.71211845 2.56753460 1436.92997742
v -109.23520147 107.20917566 642.73878989
v 11.85782999 -132.84664026 898.74149099
v -24.88957259 46.86891956 702.86797067
v -15.08303444 47.87825585 802.36466936
v 173.81736712 -13.91868645 115.95973332
v 175.02350483 -7.73828970 133.99464191
v 167.38382679 -6.67840316 120.00421805
v -2.95205864 123.64731609 1102.80730770
v -48.24689551 88.73008384 773.56993947
v -36.75197365 -103.18269770 1559.78033818
v -54.04810542 89.54070247 839.56068776
v -188.73106888 87.37959854 720.88765383
v -1.99215793 119.82532308 1170.49401955
v 184.48526236 19.90884277 484.93168927
v 192.28924883 0.46927362 486.54753155
v 187.74898948 19.43880160 502.19978548
v -118.44402095 -112.81125158 812.22512928
v -124.53084623 -119.20151267 839.59016393
v -124.53188989 -33.91059477 527.18766822
v 176.98910316 -39.90452096 96.35038618
v 176.85799175 -34.32785969 98.84511239
v 178.67428131 -39.58893973 73.31822208
v -65.63447056 -25.39443940 1524.35537182
v -141.10358902 -108.80640968 842.79578868
v -107.32469836 -112.65496850 803.51328442
v -50.73467566 83.30197062 1562.61627305
v -35.66159786 86.37050782 1573.64516261
v -57.26985462 67.95975143 1575.29963799
v -58.65890846 64.21826565 1583.42994018
v -63.16371322 -120.32740987 812.49888595
v -9.86571330 -43.35007351 1490.63399999
v 3.90080448 -51.26954806 1489.38703933
v -13.24169600 -42.40332944 1483.40583172
v 169.90056988 91.05775325 844.27549301
v 149.83890710 -79.99276317 320.64307373
v 154.01347417 -82.57206316 282.51512858
v 131.48911876 -78.76656415 88.45969426
v 125.52774823 -74.25229453 75.73438754
v 121.76492424 -61.38717372 93.36447041
v 4.61486970 -59.84955895 1492.73868429
v 17.19946913 -51.42461603 1488.94946354
v -32.24709916 -39.41690061 1486.14916797
v -183.62367753 15.33773161 613.14145221
v -38.44693488 39.05321789 1449.33785803
v -44.90349605 33.79205594 1437.71060587
v -27.70956749 43.69756726 1458.18765806
v 117.95960154 -38.65961363 1062.33940689
v 103.74829106 -53.88548678 1056.07670448
v 113.56043839 -30.60389031 1081.82819047
v 177.42836331 48.49815142 465.45936001
v 181.89201667 38.98956622 462.31728966
v 180.76659676 43.64160440 486.20351940
v 207.22360371 21.03708830 837.86397016
v -59.27910117 -54.71082799 1521.16497373
v -61.27038748 -64.96346342 1533.06784084
v -50.62983549 -64.95785342 1515.64060291
v 64.34481399 113.46604416 1156.30050947
v 123.59301152 -14.73919871 1101.98405902
v 117.40056365 -24.01231541 1103.96468925
v 125.31360601 -12.68131165 1128.11095427
v 118.02446319 -50.14589057 1046.41925504
v 113.65209512 -68.84490833 1029.76605317
v 104.48665397 -61.99573586 1040.82650186
v 116.36868467 -32.66771122 37.13135675
v 121.55785025 -27.78490359 19.31000017
v -52.58370120 -52.75811575 1511.78848535
v -52.86777140 -34.78014861 1510.72452976
v -172.38354677 -3.35059178 543.36311726
v 87.44804328 -84.02069041 1220.09737825
v 69.43292722 -94.64042626 1240.04773674
v 98.04134814 -96.16128593 1260.82044091
v -40.92345526 -85.05722821 1516.80306399
v -159.92458361 -28.83632973 479.32756933
v -180.88393627 -1.88071830 458.00245389
v -180.11466236 16.76792172 430.82661088
v 98.15350973 110.43090423 968.95275790
v 120.09325576 102.51018921 986.45275269
v -143.19163378 105.56503108 852.57614951
v 123.57664193 -7.64514779 107.76142592
v 122.61054787 -5.46476246 81.14690766
v 129.73788980 -3.93230508 85.66382823
v -77.33878056 9.07334513 1560.31133040
v -142.26747327 117.17728063 758.73963429
v -161.44527294 50.81423758 1332.67827955
v -141.79143543 36.85031135 1388.84032577
v -130.81832759 49.52938829 1366.56204234
v -123.50330049 41.89152956 1381.81535321
v -184.88431199 -34.88648994 412.36117835
v 176.97358474 -32.68408223 460.93629515
v 179.35008598 -27.44055603 485.62045353
v 82.95344733 94.71872552 854.72322782
v 92.29307828 95.51050031 881.51136673
v 78.91967287 95.62407015 884.65129182
v -99.03112722 111.71868119 799.99447731
v -160.96035967 -43.14649251 438.63658250
v 120.68281770 -53.55508232 27.48998833
v 122.01701340 -54.61304665 19.21045735
v 161.47862926 83.06491839 909.63301367
v -55.72983979 95.85135189 869.94764999
v -51.70645681 34.79270189 1503.72097197
v -79.08531616 -38.94318642 1559.02980341
v -142.87176376 -31.42945429 514.77706919
v -135.61420750 -33.22284427 508.20427454
v -5.93811717 42.05654204 1420.53860777
v -0.61887939 53.61512848 1445.62316057
v 126.35388480 -99.66334452 1388.64284057
v 138.81057156 -98.20891401 1374.47789839
v 111.76317304 -108.51798869 1369.59720046
v 11.38351667 43.80852367 1424.56744897
v 11.57141122 48.36893239 1438.92284405
v -163.39238187 -26.21927702 605.17340919
v -127.50484090 41.53461373 1142.20018198
v -129.20278306 41.91816755 1121.10705801
v -124.98105971 -42.34812195 589.03988226
v 40.34729847 -86.28640386 1207.21807774
v 15.59069683 -83.48972297 1193.38408876
v 73.32689603 26.30036622 1410.23663686
v -45.41464171 62.04139538 1498.87001685
v -53.90322687 50.19559141 1509.45117228
v -43.38902158 46.00727748 1495.61211474
v 45.21238449 56.64951828 1364.82360778
v 220.83515601 0.71767295 1339.27735950
v 225.38185389 -17.55755794 1346.79357358
v 221.00181763 -23.43121165 1364.55548436
v -60.03665059 34.56286883 1522.01537134
v 68.13139932 -59.65904976 1070.24155510
v 49.09327740 -63.52150569 1062.21401826
v 25.46758714 84.48572465 1313.39036374
v 77.49174827 -23.53650038 571.33070606
v 83.26098611 -33.75809451 589.76911456
v 85.15374147 -29.81145096 560.51502968
v -73.24597641 -24.59552081 578.44666232
v 198.97925911 69.15865462 699.05170256
v 195.10133445 77.26271847 710.02602940
v 191.14267213 78.23650364 682.97717110
v 55.32154762 74.19980525 1558.10871390
v 58.50409431 65.74754146 1536.40800808
v 64.80098298 58.32487838 1560.79516178
v -36.51154454 -58.65160859 1078.51980137
v -44.03307598 -60.06125549 1063.89894433
v -61.36533096 -61.91392675 1069.47841978
v 136.82796090 26.61413822 1160.08730884
v 132.34399359 46.13438714 1149.83138766
v 62.78756650 41.73447846 1531.01035384
v 64.27523397 32.76608378 1541.94492024
v -28.33987428 45.08183829 684.68303848
v -20.14287904 23.24760815 693.88117215
v 56.98107289 -132.77619625 922.64123969
v 46.45600967 -137.54907327 893.25395180
v 137.41655093 -93.63700121 53.98077824
v 136.39001989 -87.36436713 79.45253310
v 145.56122114 -95.98526037 56.28295678
v -52.41815726 79.71605348 1538.91295918
v -53.69525183 67.68347478 1517.87023885
v -48.22273195 74.01946472 1510.63651522
v -12.23828387 -91.88911996 1007.75726429
v 13.78962785 -106.16505474 984.63032118
v -16.30052656 -109.28019076 971.84210258
v 163.10146758 -75.28631981 1288.71428696
v 176.46424872 -81.35368942 1299.88492285
v 170.02992324 -77.02129041 1279.04338321
v -13.68826519 -125.65062280 923.29763795
v -18.85316822 90.93664935 1481.39053105
v -11.90351721 103.80125239 1489.40329209
v -27.14717550 87.63278344 1489.51050107
v -96.00320912 -65.79594041 1039.87086388
v -84.56850241 -84.60936593 1012.84397907
v -107.98160172 -74.78763855 1021.99441358
v 165.08600292 79.52846602 548.00798639
v 147.52611544 87.82142396 572.14317233
v 168.61866981 -59.82042296 100.40164438
v 168.02008511 -66.32058209 82.84488991
v 159.59241138 -73.17737683 105.30148540
v -118.83631135 114.98133714 803.06037981
v -142.65709066 64.46411769 1291.24791653
v -147.44065231 36.77308948 1285.64662254
v -139.94064382 59.43251776 1276.83979664
v -40.55243628 -30.38418857 1484.29674029
v -50.14403829 -21.34221087 1483.95938251
v -49.31972398 -19.53460227 1499.36694744
v -136.54950440 74.79419655 1292.02692930
v -79.37331623 99.31659475 879.97102837
v -207.25167203 -4.99979606 828.01376975
v -1.68467647 119.14267303 920.60576563
v 170.68188240 9.02554879 1418.80677761
v -21.93423315 -54.53566240 1069.37972591
v -140.15985516 19.65900900 1102.42973401
v 125.54351753 -39.33813838 1451.07474594
v 24.17722792 -45.95722845 1481.35548202
v -120.18697988 104.87197424 971.68385527
v -3.87286420 106.02089330 1505.86390588
v -0.85214415 105.52550303 1496.69603596
v 181.01410920 -57.08596973 1396.03723198
v -0.42550919 106.58814116 1489.83755342
v -67.13753111 122.21197613 973.07321456
v -90.31213769 79.32481964 1343.88692712
v -167.74146464 23.80780532 1282.96549863
v -168.80743237 31.11413067 1294.37169531
v -109.22906905 67.15555714 1351.14769554
v -123.62543106 64.06070987 1348.42250175
v -119.11878745 76.49999805 1329.59926417
v -188.51557677 -21.94497565 900.85304228
v -69.32149067 14.83819315 1437.76183187
v -61.14054910 14.95324107 1446.60089059
v -139.52431888 115.83319117 794.59334439
v -141.90032303 115.99606222 743.05269948
v 94.23601094 -0.27843012 404.84469513
v 98.19253152 6.79403679 396.66263202
v 88.58802552 5.02274350 427.00609894
v -160.50789837 111.37169816 726.66967788
v 136.81554624 -95.87634574 834.06207793
v 133.91695341 -93.22217352 815.30191990
v -171.65717949 104.06695024 724.59502410
v 106.45139719 -74.93291241 751.62997828
v 81.41890137 -66.95254576 745.87950861
v 74.73812737 -64.83922915 750.26027926
v 40.74491697 -71.45037560 1450.82662472
v 77.51349842 -99.04037841 1417.98970703
v 62.62252886 -93.72049267 1424.72007413
v 88.54838863 -91.62717017 1429.48429452
v 160.98795205 88.59621998 623.02419675
v 167.82806058 90.08961067 639.75897190
v 146.95293210 93.24364204 635.11881057
v -210.67372056 17.67427819 751.71910453
v 101.08965673 -110.36128897 957.62816243
v 127.51132050 -95.20565575 953.95495328
v 143.85577148 -10.73876852 1232.37818127
v 145.48015455 -27.59207210 1238.99539656
v 37.09208872 34.57126125 1437.25572333
v 19.01111712 86.57842441 1581.23667154
v 17.02848826 95.79995610 1571.12121128
v 28.94003128 90.24714037 1566.41043848
v 42.14320051 87.75661932 1553.13438382
v 44.69083908 80.27929081 1572.14751340
v -195.36083596 30.30345361 679.32601444
v 65.32173002 -59.23379117 1460.93777330
v -153.35796999 58.78890193 1035.29828651
v -161.95924531 66.94111739 1000.35662876
v 62.56954991 -15.41009918 1468.85418185
v 61.21249147 -1.76384095 1466.17313191
v -50.76097619 -17.11076437 1508.31947791
v -122.28687755 -54.94428492 662.06103030
v -129.96663897 -57.14776839 683.75125679
v 103.94291021 -49.73597667 1168.54800610
v 107.12250108 -61.08123219 1186.95304288
v 119.13518242 -45.25069536 1183.15441280
v 203.87268048 -28.68253452 769.11500348
v 190.22784937 -51.03061162 784.30651538
v 192.02754736 -49.65128321 796.57796763
v 194.38268586 26.82629373 1317.86132008
v 185.05223814 33.17057227 1353.93212372
v 145.76308345 -70.96171536 1419.69053760
v 160.35445238 -79.07149657 1399.19874896
v 130.47715084 -82.44196268 1420.14240698
v -68.64778965 -38.01942058 629.27525263
v 166.25006743 -27.98867820 1430.74185265
v 150.17045947 -33.05536869 1438.64532376
v -29.31559511 -18.27398839 685.79981703
v -0.95667545 -77.87064251 1422.55743015
v 9.24086753 -84.25052136 1404.60172735
v -3.40904899 -85.33285691 1398.15904454
v 148.46056092 -58.68618583 1269.29215001
v 148.11204872 -66.52783870 1277.49928224
v 155.74306083 -67.19372296 1280.09432603
v -22.83329695 3.55417115 685.07094000
v 46.12266719 -27.48895616 1505.53689253
v 39.50085233 -40.97474162 1499.89196929
v 137.45534848 28.68819082 1176.11149963
v -134.77598444 41.47509408 1232.29367191
v -139.58905239 14.98651792 1224.75247111
v -138.10248614 35.00489219 1211.76075020
v 53.24742585 24.49112378 1508.57483655
v 57.18559418 23.59509418 1522.60972028
v -139.56060429 21.09891752 1234.28335574
v 36.17077193 -51.06342986 1496.89548232
v 51.54826952 -14.41424208 1511.17202262
v 59.40420008 5.32226184 1516.22917279
v 56.28072127 -2.77602730 1494.30768578
v -7.50056037 20.67352440 793.46418210
v 75.83442993 -30.32928199 601.43571252
v 82.61201507 -40.90339678 609.53154083
v 166.99067762 -11.56160535 83.00232931
v 174.11011351 -23.37107013 72.60472505
v 176.21752744 -28.13608627 100.97625000
v -11.59362377 48.47411385 812.67626315
v -22.89479176 66.85433064 821.15336365
v -29.71540992 -75.00282646 1441.21140622
v -40.89583125 -73.02778758 1445.52851177
v 167.05706231 -8.65973399 71.53652207
v 151.57575533 -1.68857230 81.06238367
v -35.88390414 -78.64298980 1506.07271125
v -18.78113239 -81.19036964 1492.65570507
v 165.33415093 -63.41979132 1261.27124364
v -31.17110764 87.37679624 1497.54744332
v -28.58291151 76.35792364 1484.63134145
v -42.79432917 84.70412392 840.20102206
v -134.53102555 20.25585286 1182.21789137
v -39.40532302 88.24388539 853.57094075
v -26.46881408 101.52096638 1534.38887226
v -35.56990655 92.39298637 1513.87375351
v -11.97672332 -100.42750849 1342.37915166
v -0.35113778 -99.35097219 1335.31255202
v -13.30394999 -102.31902513 1326.57153849
v 161.91611507 24.00497144 1297.10025264
v 172.43272154 16.95604602 1280.50857887
v 183.65151502 19.61630471 1285.24479006
v -7.77380423 111.90911940 1555.47732605
v -0.42923636 111.32541818 1548.76639350
v 2.13306583 111.96348075 1556.18511870
v 50.37022509 118.03051031 935.76460194
v 12.44865503 104.31806485 1560.59377328
v 4.03372730 119.19168898 1563.85326656
v 106.89234770 -47.91535863 588.90272995
v 107.18045511 -42.21770227 571.87235397
v 99.31115056 -42.80266806 585.53734065
v 48.80123295 28.55809734 1497.01321492
v 72.63014228 118.10672958 1007.35301076
v 19.54210021 -97.74291186 1259.99792379
v 9.74096979 -95.61332291 1240.47632823
v 142.77684560 17.03606058 1068.30315335
v 152.90331345 8.31683515 1051.02745490
v 135.41836247 -0.27685190 1076.38559032
v 40.60750155 83.09153700 1511.74877478
v 32.50862663 -44.11852106 1497.49292143
v 37.31375088 -35.02122927 1496.71828406
v 30.41969596 -41.66647563 1490.43077998
v 25.46980882 -54.85889918 1492.89625725
v 17.22027078 -73.58921291 1489.59770153
v 102.57565541 89.28593620 1079.46513257
v 38.34956405 119.77809843 1076.76935237
v 134.90835233 27.36304308 1093.55172254
v 134.40897061 38.04938835 1094.01285432
v 135.10045049 34.87411550 1089.73506308
v 17.73677612 122.73153118 1187.37753565
v 14.01563106 -33.35105407 792.44514946
v 21.67338292 -36.56567312 784.39250636
v 138.36124453 17.77586439 1078.29841010
v -11.72050832 121.27646823 1092.95523328
v 120.97947896 -108.42739458 1338.76942893
v 108.17288775 -112.21202111 1334.19036530
v 114.98601889 -108.39065230 1350.44577623
v 170.30111498 94.75894012 815.62395240
v 181.97406918 90.20124176 786.03240756
v -174.04065108 -43.50459684 973.09284614
v -158.14262160 -61.95107761 985.89753299
v -158.80705302 -66.10459597 963.65687616
v 156.11690868 99.89132855 833.75367608
v 163.02253502 101.69447653 792.72306577
v 39.46561574 119.54283545 1056.51795538
v 125.74214215 -55.91986478 1216.08171009
v 105.90678177 -73.78894404 1215.34381755
v 122.62299274 -65.74839286 1225.41396292
v 93.45972597 79.29937392 643.42388635
v 85.94581066 75.00276448 659.19538673
v 87.90313362 74.14159587 631.89342205
v -29.58106644 122.16291207 1044.00592602
v 161.96461800 86.59252282 890.08436098
v 197.13544107 26.37477340 616.62961910
v 196.36414787 35.41944510 596.67945567
v 194.52447522 29.82529582 586.49215483
v 31.20146955 58.26010791 811.16818221
v 15.64654594 48.41431387 816.71477498
v -166.94092240 -69.26659316 1391.47013208
v -173.75548025 -75.83311467 1372.16773336
v -186.36636726 -63.29804847 1373.44352491
v -147.52234556 -42.05862705 1030.69161907
v -139.28424714 -27.34706938 1061.11930063
v -134.66558659 -42.97238309 1046.64181652
v -107.71160675 -108.24145273 1331.28526281
v 12.39421252 38.54084586 811.52565588
v -19.73450677 123.04923232 1082.51046730
v -52.21881092 115.77154269 1152.94550983
v 86.88083807 -50.67140963 1074.03244834
v 119.39370617 30.68034582 378.27338423
v 108.98818182 17.92647850 375.20680120
v -74.63558564 103.03182877 1170.52498368
v 175.60861520 45.57591041 981.94800367
v 179.85439367 19.39356770 1002.77462835
v 173.46233843 31.88473709 1005.99057568
v -111.88161351 -104.58295498 1294.96506956
v -101.03756846 -110.22371179 1326.31054052
v -92.61881297 -105.09207978 1279.33000296
v 46.77437160 -122.71437665 823.92516686
v 72.34672514 -118.66033293 814.07430580
v 45.71001469 -115.57598247 813.59218700
v -15.50936416 122.83244344 1204.52903626
v -126.35141639 -71.53278545 1246.25561361
v 186.90034477 27.97353724 962.39593723
v 181.70762348 21.62319713 989.15353104
v -35.18840670 129.65783603 1214.18819257
v 163.44798787 -34.73188024 1010.43006650
v 145.49791984 -45.25812208 1026.67947544
v 164.73443913 -23.16137494 1021.13419890
v 18.46170039 130.35913864 1252.45820935
v 110.15470844 97.67669886 716.41978684
v 119.89950588 105.21463155 729.13507267
v 101.03237520 -47.18382722 354.97012088
v 97.69543555 -37.96770046 338.95925453
v 40.46118225 129.61537521 1251.40482715
v 181.72856290 -23.30124551 1422.32376780
v 116.51313307 79.03036823 1192.15452889
v 202.68205749 68.89458454 731.64770770
v 189.46834357 86.62956783 759.83738901
v 194.72422563 81.72478682 728.08697442
v 113.04850313 104.12424764 1276.81138659
v 188.19205337 -13.58525203 1417.65978219
v 200.06580306 -18.68273828 1398.45275998
v -17.95350918 -4.07280359 740.00396220
v -26.28649678 -20.89941081 740.51052641
v -15.96501228 -17.43811970 768.12911474
v -54.81179553 -117.80882144 809.84517476
v -36.78453977 119.05194051 1159.97631805
v 54.43426524 106.76265000 1300.34965223
v 209.65164163 8.09400657 827.25259573
v 206.56348910 1.80124793 843.67832259
v -56.78383522 -132.43142726 917.05403847
v -49.04653709 -135.47266102 896.09156927
v -76.26774312 -132.82452559 907.70937119
v -1.82137191 129.32189926 1253.40219691
v 209.78711785 -9.65638621 812.40755609
v -51.40560113 132.67057490 1226.51929185
v 1.18954991 -125.17554685 866.89919010
v 16.44886831 -131.71363947 866.31050771
v 16.21686242 -125.53299637 847.60794574
v 202.43801035 23.91477874 1342.46629576
v 211.78407437 15.11524314 1338.11207247
v 207.05214705 14.07355956 1355.32787216
v 150.82859110 106.70443207 744.43416356
v 150.79619484 105.61364390 761.50165112
v 135.69621817 108.76456195 754.10148761
v -70.72062642 115.45478727 1196.06873431
v 212.55144321 14.66374955 1312.34509169
v 143.23434695 -84.74447034 934.71956820
v 159.91158179 -67.06676545 928.96903883
v 143.04054036 -90.85631968 896.34994823
v 67.64788040 -55.53052014 706.85225772
v 84.18427957 -60.57418708 683.59717384
v 65.46577490 -50.71234169 681.28815062
v -94.45050042 86.41094630 1118.98067829
v 191.23451526 -14.27138489 1193.28054374
v 191.51301580 -31.74485231 1194.27068190
v 194.79043614 -31.34073023 1181.34183040
v -98.76931142 85.20603825 1104.84009597
v -141.64002548 17.77230626 1211.29836792
v -67.72528283 -136.77258241 875.47617061
v -83.34665392 -134.20653173 886.87696660
v -75.36425736 108.07819742 1064.04539314
v -137.72062862 -106.62427458 897.55310659
v -118.06086362 -115.71773906 916.01556969
v -119.10594404 -123.61805786 881.06599502
v 146.39244977 -80.70757626 1282.18522100
v 137.60234330 -97.64171551 1298.11220930
v 149.63574363 -84.95990321 1293.24816638
v -109.48113787 108.23101497 997.49086579
v 206.27437209 -84.04552449 1276.12275610
v 223.13330154 -80.98105346 1252.98630185
v 204.28691040 -80.14601393 1249.00682327
v -158.33322367 -8.37107659 1043.36576040
v -163.19202114 3.16392702 1038.30554512
v -149.34812055 -11.56115157 1060.03613363
v 182.51009546 44.77560067 948.59280805
v 175.09013046 63.70284193 933.82819977
v 26.56493265 41.83252166 768.19881015
v 32.34633966 46.85740208 749.67812145
v 29.99312944 53.92564713 773.10123639
v 17.65778810 27.39415204 795.77300567
v 18.72074962 19.91410457 783.85709182
v -2.67872821 10.95053216 796.41602163
v -11.61402345 61.58818231 824.27457304
v -164.10062347 -79.20067570 787.58078236
v 295.68365879 -9.68445512 1137.22818884
v 281.34967265 -11.05613570 1164.83444418
v 280.44614804 -2.56669460 1151.66618564
v -141.69853331 4.29482542 1277.69109408
v -146.53017232 -5.32470055 1275.03403093
v -142.03362960 -5.54946581 1274.37784179
v -110.85895697 -126.86432623 871.80430263
v -109.11474321 -126.80269521 844.05175464
v -176.84044129 -67.89976814 860.49392611
v -165.21854544 -83.98312215 867.55489353
v -166.17846795 -85.12601307 848.97877044
v -195.50103343 -24.20963049 856.64111252
v -189.31229826 -34.24735798 877.38824687
v -188.24345836 -47.01196159 849.67538928
v -211.14904202 -1.57144377 788.47446136
v 157.82755956 -45.19750086 1258.08703000
v 161.16456094 -30.90652664 1255.39398758
v 155.41610601 -31.90094572 1260.00445358
v 147.02733049 91.22919983 608.47605381
v 158.85939310 86.10275034 595.57675887
v -42.90666901 -112.92391775 1315.39140972
v -120.69819071 -60.38716041 1035.48532140
v 187.51575180 -51.43140688 826.07042192
v 13.72104969 26.82808700 802.09057332
v 22.72977748 41.98772093 797.18462561
v -190.69409455 -47.84203953 767.24059472
v 163.12770705 -69.31516498 765.29185276
v -181.82145638 -64.28613643 790.33189111
v 47.09518128 73.59605129 815.61776286
v 37.45977247 65.43912937 803.26974594
v 170.65121936 -55.00156034 891.53989229
v 158.36937844 -73.02589638 885.51331000
v 132.27753766 -4.34236612 111.25370979
v 144.15682561 -2.28749405 89.31470301
v -173.31661257 -53.63770830 725.91296059
v -142.37084564 -68.91189836 736.23326230
v 130.19398545 -88.17425060 1274.64343553
v 120.48998755 -95.99379065 1276.93411627
v 142.08158616 2.43203190 75.26054149
v -84.26718967 -55.48293774 1456.67676334
v 74.60228068 -111.88312539 805.49281834
v 186.34516373 -5.59086573 931.91344017
v 188.43445876 24.92444266 952.00798669
v 186.24075666 7.88055334 967.36453278
v 203.01678353 -16.23648565 841.37158316
v 188.16953418 18.02444912 926.81652178
v 195.38972096 2.54038666 890.89114478
v 141.41778672 83.43393387 1012.29033891
v -81.70511151 -50.86527033 663.98246356
v 56.66387822 -103.81347731 1277.34675177
v 69.30461064 -101.22745044 1262.63810299
v 38.02718495 -100.87754123 1265.76383577
v -152.63159413 33.91241170 1055.42594440
v -155.87084551 46.17944010 1042.37691129
v 112.50433109 101.20298121 845.06042819
v 89.32352539 96.51973791 842.43793336
v 111.36971441 104.06698511 822.58888782
v -76.76687017 -59.62957500 702.33257094
v -63.62504134 -57.42289621 719.94458115
v 55.88030220 80.46439524 810.28226832
v 71.12972380 90.65389608 815.37139529
v 56.82803239 84.33057266 830.40227030
v 50.69987915 24.17411882 644.47352912
v 52.80911630 2.81811946 633.82775952
v 59.18484360 25.31289413 622.21934818
v -96.46529283 -78.42147017 748.11047850
v 106.95324065 -81.93823512 1233.53540843
v -93.77381963 -55.83916391 1064.40130261
v -89.33410066 -50.15694197 1096.39850951
v -73.78405068 -55.53564141 1085.15237515
v 104.73863527 95.41254574 897.10747253
v 111.09525023 97.72821878 873.03256642
v 64.39125370 85.79647833 751.79515355
v 44.74416566 64.10025555 745.74901027
v 54.32407671 76.28749913 734.57419939
v -146.67017784 -84.55162762 774.21489749
v 37.24108069 47.68853102 717.32861242
v 41.49838783 54.22217932 719.53015186
v 34.03666569 49.36081080 740.37888801
v 62.04402358 -104.59996203 1404.73201574
v 53.37853032 -106.63823341 1384.68196147
v 2.98640975 88.99452451 1472.56551063
v 86.83328213 -103.93414422 1404.02537075
v 74.19220100 -110.22197423 1382.19039282
v 90.60130831 -34.32064427 550.01306838
v 87.97054675 -32.02850467 538.24127201
v 203.05603080 -8.41521053 1386.44083208
v 215.37935670 -21.14687541 1375.44399853
v -62.46919144 66.89467370 1552.56282850
v -64.26972684 46.59933297 1542.01023559
v -54.30611256 -73.09802073 770.61013194
v 200.04511126 9.77683515 1382.71070636
v 190.91666370 1.30402805 1403.38757713
v 61.96838790 -2.10109402 591.52398803
v 66.69148590 -10.09422524 542.09340844
v 63.40633230 3.14787800 546.82040195
v 3.35662845 -51.40417995 1104.04593622
v 136.80828767 -11.02478691 1194.37842909
v 140.64231670 6.98878870 1195.27915940
v 137.14869082 17.45732626 1174.42815704
v -37.55344235 -11.48364303 1688.83672517
v 55.52631508 16.08237065 1497.39988533
v 57.76784976 11.76752548 1519.08415690
v 132.12945764 -1.75521041 1152.14664603
v 133.44613224 -3.57187921 1173.76969120
v 120.67987858 82.60006840 529.27188809
v 133.60600858 88.46406209 538.16394866
v 190.48233413 18.67495437 331.09407148
v 193.14553914 18.96158065 349.10837647
v 153.29965489 -92.95682912 1324.34036685
v 156.71228457 -78.31378616 1297.63128129
v -31.73918588 -71.84476164 1670.21577508
v -24.74481538 -60.83376669 1681.13579209
v -16.30886088 -64.93606965 1680.64002784
v 177.86852437 59.67894236 514.20467950
v 183.21326458 47.36963540 516.91663714
v 185.85965703 54.58100456 540.39881680
v -75.48527276 -112.88230494 959.41106918
v -75.70629726 -106.85387087 974.34757248
v 203.78625014 -20.71041683 322.50522093
v -55.80648435 -2.01120883 1486.72326830
v -56.74228062 3.52047153 1499.53790047
v -129.89175730 74.41974397 1319.58149678
v -117.57973398 89.27514847 1303.81250699
v -39.02316546 -37.61453253 1490.71495320
v -38.86651377 -37.06319543 1497.45153153
v 169.37580152 -86.38171568 1371.99312535
v -5.47519902 103.58120202 1481.31822542
v -6.14606778 95.91945652 1476.41949181
v 150.29875075 -89.17939768 1393.46261787
v 150.05321672 76.48855673 1008.74053819
v 138.06953680 -53.14474112 439.31925346
v 129.53916723 -47.90204434 452.49297448
v -56.40951453 21.28491863 1456.59824879
v -84.57416036 37.22192047 1401.42266817
v -81.26094284 46.89426375 1391.27927794
v -55.81764368 22.82066179 1446.45817079
v 117.00890151 40.07077805 422.44659431
v 114.68714968 40.57815282 431.50816367
v 99.16776780 32.02830483 431.41390006
v 102.56461666 78.68926383 578.01235273
v 90.20547466 67.15476164 570.42177514
v 96.98410753 70.52728186 560.71784585
v 89.64859531 100.37808737 914.43617966
v 64.94983161 -83.78378350 1438.13295871
v 77.31094925 -80.20326542 774.57050297
v 147.82189886 -62.91062725 695.47549270
v 132.74324627 -69.93445761 712.27995768
v 130.84118543 -74.71768458 728.77277140
v 79.77189045 111.11526270 1037.06184486
v 119.64877369 93.14152377 645.69295380
v 118.81808270 94.02600413 632.42842791
v 129.15497918 95.82146368 638.22971193
v 17.38083355 97.92558558 1557.30898655
v 146.25138081 1.58432176 1255.72839544
v 143.72198557 -7.96493191 1209.89223161
v 138.74629230 -24.05649977 1206.49901480
v 123.31918265 69.24792952 1106.35982286
v 189.68545795 -6.86758336 630.59290913
v 199.14937673 13.09502466 658.47818343
v 194.30661820 10.84269933 629.76782431
v 166.63944604 -48.58934078 1418.75014363
v 177.97861416 -64.29379212 786.83915822
v 211.49910059 17.47067136 755.32155200
v 206.71127981 -14.91154380 755.18402474
v 210.31906321 -12.60976079 769.28848127
v 210.21647417 -75.97540179 1321.76805105
v 204.83655221 -81.10111162 1307.73403742
v 100.58246883 -33.90866148 493.95928434
v 117.47324511 -41.10757010 485.20900485
v 109.23381223 -34.07429285 477.54383968
v 25.02764878 -102.41067945 1525.17322563
v 136.83042802 14.29292078 1158.24405229
v -13.00550601 -72.62420190 803.38032258
v 136.36810672 37.62418034 1121.71052541
v 135.99795547 33.03111204 1130.98827899
v -33.35989591 -84.57456229 1426.32820780
v -22.12615621 -86.58303297 1416.90169529
v -28.48142733 -93.08421052 1404.10735202
v 181.30033594 30.36078738 378.05642040
v 189.76200338 23.36774326 377.30974908
v 188.29863488 19.93161222 410.29143424
v 72.25991039 -17.46719250 530.84031986
v 68.84873667 -15.50790861 542.59170704
v 180.51448705 28.91800436 399.81948127
v 54.45838889 -18.96599304 1518.31714462
v 21.56133036 32.12349375 757.62768243
v 163.84711171 -79.44718156 1311.02193687
v 162.63621569 -84.27148776 1326.50450127
v 174.64406427 -83.82332951 1327.71310652
v 111.91014805 -63.27490986 661.55715766
v 110.69032539 -60.01656687 641.10978047
v 97.09630258 -58.46529850 643.52558477
v 192.92232324 17.73807019 1269.13472022
v 148.09827073 19.19514706 1279.35926148
v 154.82129606 10.24265493 1283.23402794
v -4.91394740 -91.24601337 1217.51331428
v -3.39425953 -82.06902743 1185.83140339
v -20.65848326 -85.80543646 1196.81984397
v 63.12344199 -24.09016161 617.80623977
v 56.72399688 -24.65728618 639.06854143
v 62.62655366 -37.84168469 647.13708898
v 147.58397734 -13.49142964 1047.74047294
v 166.17726783 1.99713344 1030.54152057
v 167.58535755 10.57256899 1029.57240315
v 175.48686477 7.66243387 1015.72511831
v 148.99347590 46.37590104 1274.85757056
v 21.06656670 14.05517037 739.16715971
v 24.16383528 -6.30872612 749.99345397
v 22.41995523 -10.39277695 730.07011561
v 152.99554091 46.92767266 1036.51385022
v 150.35071764 38.28564465 1044.30103596
v 132.43783690 53.03019934 1069.47655602
v 29.29387734 -22.62277581 746.89112399
v 25.62592994 -20.99468853 730.38823050
v 74.94792116 55.33405228 606.20512171
v 69.57094588 51.42817585 626.38239274
v 67.67765336 43.65363295 608.07086833
v -120.05094082 -101.20160516 954.14300665
v -130.79587487 -86.97815947 975.21621203
v -106.61996190 -93.87078533 986.83976316
v 148.36917867 104.37858168 811.63112562
v 138.41252809 108.13402359 787.78952825
v -141.32627303 -70.93236071 999.78698851
v -125.67620058 -83.96694892 991.34573608
v 53.08154287 43.56423832 662.88442110
v 46.14429563 30.25339888 655.74956621
v 175.24891301 15.85731500 1411.50751724
v 135.11692125 -54.58942744 1236.38844427
v 126.05357299 -74.32775482 1252.27221430
v 135.26375569 -62.17947935 1255.21872711
v -178.04291784 -13.05857504 1004.95931154
v -179.31573655 -29.95523319 979.25711561
v -184.69947902 -16.01283655 974.02692508
v 26.85832519 51.14275856 799.02320649
v 20.78131178 32.54792154 781.99141433
v -64.18574408 -4.81744159 1660.00111761
v -158.86771600 -30.18091865 1027.51473181
v -172.57381660 -32.71189406 1002.58108046
v 64.57032473 -70.60799353 1454.24427564
v 100.04801303 89.51718115 663.71972063
v 109.56802080 97.94564808 674.68103429
v 98.82226600 93.75817253 676.26968224
v 128.37820782 -66.40130236 2.51248643
v 75.02516412 -85.29951914 781.63756633
v 58.72544013 -70.42257632 775.76086910
v -13.36936523 79.04288181 1314.88588787
v -81.68974267 -40.23690616 1633.29172671
v -63.53994781 -57.80171584 1652.62957580
v 187.85270336 1.94427427 929.78764868
v 83.43956856 -103.52324707 796.52929350
v 56.90357873 -89.21020884 786.21628326
v 132.75520318 99.93680241 675.16049007
v 142.84725763 96.30606833 648.63676094
v 152.37734024 99.33416721 676.74117594
v 129.74062332 -63.44637238 1023.18159648
v 136.87055075 -41.74108081 1038.36232283
v 173.16896699 -66.69835350 0.76044373
v 173.30329814 -81.27791730 0.00000000
v 177.14196103 -82.87417460 2.48326999
v 211.32904239 36.48130302 745.99862520
v 207.26868716 56.38537688 749.57792109
v 207.95672005 50.79112071 720.63986814
v 187.78073411 18.11052715 1395.48077413
v 213.78605604 36.03990478 762.57506184
v 206.77098654 60.48236512 765.01738291
v -8.10161938 -124.83398378 868.30898013
v -0.18847462 -116.10029368 846.25552695
v -7.63233647 -113.93977007 843.83663081
v 214.71650885 25.12782511 776.11761606
v 211.04976109 44.02570878 777.93831749
v -20.88945001 -128.05477942 866.36273681
v 156.73232701 -55.48209137 671.74215908
v 139.45236878 -63.31076543 676.70954333
v 166.89995263 94.97994281 674.47083252
v 182.74204271 86.95826716 681.30975799
v 180.64045197 90.52401853 706.65100369
v 163.99774691 35.79854974 1307.50786138
v 175.37771914 29.01880368 1308.94705398
v 170.60325765 97.56088546 710.11903397
v 158.79669965 103.37265383 715.64339247
v 38.32116865 -23.16412482 683.98742813
v 41.45760800 -31.27250106 690.24418312
v 50.19241243 -27.23618327 654.71966581
v 25.84974061 -64.87390623 1458.42358277
v -101.04224799 -125.43817699 907.63345728
v -141.88112726 6.66601837 1249.47666331
v -145.82531846 -27.65151154 1252.03410284
v -139.37148419 -21.08058736 1221.27014700
v 255.65055085 -46.79284855 1257.95572259
v 245.57466514 -64.41698057 1263.84524698
v 239.38815136 -51.28760063 1300.93980763
v 132.08363035 -100.53141316 1358.29969516
v -172.32143813 14.81703445 1014.86714004
v -174.57447422 1.66638004 1017.00819517
v -98.10991920 86.39093723 1329.91035437
v -128.64998745 41.42077328 1180.65919496
v 221.10863305 9.37047786 1269.42684642
v 207.48720674 12.90287148 1249.21425281
v 226.69837001 5.83782145 1253.66692321
v -177.20628021 -70.49362361 818.00312621
v -140.92572141 6.59912196 1266.28745522
v -141.21717835 17.37190529 1278.56760962
v -144.32919541 24.08307076 1262.62441020
v -143.89929039 23.48389421 1276.10796200
v 135.05241745 -83.96609248 970.18899388
v 159.55794497 -59.05911985 975.05333716
v 150.13952764 -73.76020435 957.65587960
v 130.20020354 0.53366804 1107.92245565
v -149.45703944 -56.79314352 1011.41725827
v -26.89038849 -45.52541497 1496.69438978
v -110.61219762 -48.57382708 1068.04738366
v -123.92867977 -46.93149614 1057.24673311
v 116.62097696 -109.32445908 1320.63965409
v 89.40404047 -113.18626590 1314.99476115
v 117.13285147 -62.26136930 262.90122066
v 119.39268808 -65.94880581 243.76079353
v 173.24141115 -15.21117984 1008.44736222
v 130.75750785 -75.93743719 251.04146072
v 57.68358905 -99.94753963 794.46196767
v 21.13602839 22.87294412 1679.84167411
v 30.68707645 -119.89329152 828.43409284
v 36.90889984 -131.72223204 850.89016284
v -186.90594403 31.01643852 935.94032903
v 35.99436340 -31.92897960 747.94376713
v 58.29189873 -53.66837716 746.29497606
v 37.49248655 -38.77182698 729.64783680
v 88.72508821 100.36391756 803.18867661
v -147.36801215 14.35122322 1074.28422135
v -156.68453646 12.89813146 1060.17922582
v -186.67630493 46.01337393 911.48364908
v 51.92128576 -110.65107556 1298.16633551
v 35.86117626 -103.67367112 1288.27094718
v 41.70569680 10.58235388 663.48059648
v 62.87654705 83.64610762 737.07742378
v -73.02604799 -63.02403453 1061.82300738
v -119.07066293 -32.38867441 1111.43165729
v -107.65031406 -44.00412803 1123.03324636
v -110.57414252 -39.41101861 1103.57316997
v 148.13799000 -96.81751108 1324.48986719
v -240.22218948 -26.85836250 1308.46930157
v -244.45881850 -36.38285023 1294.49557236
v -73.91366924 5.62030110 1646.31897598
v -187.37897487 -55.10374518 826.41371035
v -17.61082869 5.39820441 1689.32189239
v 100.36127497 -108.86543261 1380.00421748
v 87.88330072 -113.40253737 1366.87086911
v -153.96585465 -96.75534047 870.58596416
v -157.18934127 -95.29933249 847.86110608
v -140.00850109 -109.18018037 863.59485303
v -130.21502127 -116.67941633 876.62824142
v 252.49676098 -37.00824158 1273.31655187
v 244.33822063 -39.61494368 1296.89309367
v 225.13307823 4.05698313 1299.05302766
v 220.24322123 7.24921847 1325.30315017
v -130.17976471 -86.56981429 1270.84527634
v -134.85416686 -88.90151331 1282.08507812
v 55.86754439 -75.00107835 1590.69119726
v -90.44255707 -122.71153106 932.10674792
v 30.28750232 -104.36030340 1540.44224351
v 210.97783515 -1.72138550 1363.17953972
v -67.53562785 -133.48944080 845.20266714
v 209.86518667 -81.18134008 1223.76358786
v 190.35864537 -69.01793340 1225.18709915
v 203.36667890 -81.59674840 1234.41989270
v -45.32320939 -136.19762179 876.08978779
v 66.76478209 16.14012461 1555.87580793
v 72.33736738 3.20866595 1560.95652344
v -38.85582830 -131.85044573 855.32406983
v -51.19566230 -130.07363195 842.11757789
v -28.69223182 -122.89250801 838.96843905
v -53.83432563 -128.02387696 829.23169568
v 319.01924593 46.48935882 928.33040762
v 312.85438049 37.92259760 934.05273548
v 323.18432972 47.63242208 914.83057490
v 136.42580982 11.65450330 1122.36055974
v 347.95543851 76.76986319 779.11553633
v 346.90842594 60.46544891 778.57716878
v 355.26303167 60.43884294 784.40296101
v -42.68137375 -72.31928117 1045.72303424
v 135.89493206 24.85235663 1143.78192375
v 39.41797808 -45.48867385 1670.89742986
v -0.98354225 -48.04767806 798.93545325
v -340.61265679 55.70020211 788.80767369
v -344.22802258 53.06102094 806.12973630
v -345.10374811 58.93330302 793.22549637
v 37.39722951 -2.77638772 1681.05209329
v -0.81037944 -66.69526673 808.97823431
v -358.53040602 59.68005618 780.37648019
v -350.40117512 53.80749461 777.28801366
v -39.07020862 -92.72418312 1003.66819548
v 7.06933593 -61.04023400 801.78582925
v -52.88294775 -67.84844809 1050.36087205
v 30.09226348 -67.20465201 1667.05329931
v 15.86903360 -50.20052164 791.34954845
v -367.03645691 68.93678592 789.55308375
v -366.39324703 60.54702409 785.40480972
v -365.70854573 59.05401115 793.03121756
v 208.94424739 -32.76730717 1142.07550251
v 210.63652569 -9.67578713 1154.67740303
v 200.30840195 -21.48374001 1171.88763571
v 170.40506653 -80.83727892 1315.79277095
v 21.90284827 26.27081890 745.10252524
v 256.91624356 11.16692183 1043.55702148
v 257.31689233 -0.60349249 1031.22386181
v 264.28371174 12.10464641 1019.20027528
v 30.62404114 39.17756070 739.18080159
v -37.53272544 -3.17869284 1688.96853206
v 23.40762653 26.85911158 724.48967599
v 34.93359001 -134.62266572 915.74928429
v 24.18797326 -135.96477543 887.74445503
v 32.29601371 36.52640298 711.58812375
v -4.03650012 -119.92236864 945.73333574
v -5.84860926 -57.22199993 1684.34492516
v 36.97923772 39.00062658 701.45719929
v -356.96126486 50.59480655 876.12289545
v -349.65772785 51.71781885 855.88216447
v -349.99007112 48.56782942 881.65767832
v 231.24666063 -82.31027564 1187.74722941
v 251.58117540 -76.48907005 1143.09030303
v 234.82846923 -76.67553195 1159.06534819
v 39.86598774 44.19215679 694.58954405
v -57.12796652 11.12724755 1476.50491966
v -57.81935227 1.39230374 1467.19240900
v -12.11812479 -63.16502415 1159.76240197
v -11.85037212 -57.35817644 1140.63496544
v 47.19176589 65.19433753 719.44535581
v -59.24140408 25.32533588 1522.62820737
v -56.41231973 -11.47786866 1476.12207426
v -80.10249881 12.68207318 1578.95184925
v -84.56832422 -0.92704856 1568.37270898
v -51.97643405 -26.02615289 1475.52178730
v 55.72401355 79.68745501 759.87282538
v 43.07282631 66.33613616 762.10435993
v -53.57917636 72.66458216 1600.94439305
v 42.24983832 68.47767664 772.73857336
v 56.32672653 81.03955338 772.45489862
v -73.37402943 33.85251351 1571.67722512
v 56.04809833 84.46652577 789.25930955
v 45.73700173 73.86399025 798.72120827
v 145.41684000 -74.73571499 758.57226751
v 325.87941402 47.30559553 946.53183205
v 322.04321946 33.76670533 982.71569674
v 315.96614116 41.93925913 961.26952030
v 30.17696069 -95.16787507 1396.82024993
v -152.40895012 -78.29013830 1396.16666430
v -156.12969885 -84.98473568 1376.02644596
v 6.40642800 -74.81954388 1432.55870531
v -53.87716602 -98.84670926 1398.74637596
v -84.26092217 -99.05627747 1389.71734260
v 347.27223263 15.61777543 966.50479800
v 340.44607716 15.94964574 985.81524760
v 350.65804091 23.06496590 951.03755338
v 204.45701613 -25.99621181 813.71144080
v 197.10297426 -40.13770394 814.74887435
v 194.14298985 -31.48767504 849.97664028
v 39.49130569 68.26323695 820.52104413
v 333.65027574 32.85430458 971.54010864
v 211.19993580 -27.43386769 1381.96674098
v 211.45186086 -41.56952794 1372.71635489
v 198.31442008 -37.91281229 1394.36412800
v -188.75337771 -73.80096248 1342.07664782
v 19.13452651 24.52573695 768.47133102
v 194.47815525 -45.03027661 1393.83048610
v 67.57513933 18.90910675 1581.64800340
v -238.03900818 -57.18640368 1285.53911104
v 73.02945252 94.69023873 797.83831316
v 325.89316207 -17.68829016 1042.58673632
v 326.29571799 -21.81224561 1027.64749470
v 319.81567248 -28.08489581 1045.00845290
v -60.65493498 -23.40609406 1469.83417678
v -73.09019013 -79.41069723 1189.75065557
v -26.02268896 -100.07489641 1609.60768029
v 84.79747004 96.30109240 828.55099644
v -61.24422987 -2.20761851 1460.72937773
v -72.56715216 -7.21975866 1453.06779291
v -55.26897355 27.49862381 1424.06474246
v 126.39857943 101.77378566 855.77042564
v 130.79068148 98.12408525 872.76186838
v 262.22906100 -76.64665960 1180.63144976
v 269.97854104 -71.21005066 1169.92402979
v 264.15736962 -75.35877178 1152.44026371
v 137.34239769 102.27144268 850.08226431
v 147.78718708 94.24989865 879.00442200
v -44.61629977 -96.76834380 1613.96593072
v 154.49549752 88.54102975 895.56574402
v 278.99127138 -66.57793233 1132.62531437
v 283.74122445 -60.53921429 1111.76406248
v 268.35367528 -73.75090806 1131.95451761
v 162.89130277 -67.85714460 741.13614351
v 162.77988627 92.74918859 854.74711712
v 133.25162535 105.03027202 821.42525046
v 215.53507213 -81.53357312 1285.27641848
v 112.18270871 -73.02439257 735.25073470
v -22.20689146 49.09157809 1670.61212747
v 101.38483101 -83.06853493 768.47965345
v 160.52500867 102.73289923 772.37278222
v 3.22188870 -101.26306558 1297.72588709
v 2.28869241 -99.60667223 1285.00324956
v -20.64141077 -101.83943906 1279.60184968
v 136.24345508 -75.21746944 739.30917011
v 128.49512123 -76.57847997 754.43467747
v 191.65850164 78.13050797 804.13625118
v 354.61511265 24.21211129 827.98660604
v 363.33106765 24.93389279 819.52781418
v 353.31990132 25.94582493 819.47739547
v 194.11453015 78.60983103 778.10092569
v 202.23116058 62.74450664 795.72198674
v -177.79172754 13.41651425 1255.78456256
v 212.52399487 29.30843397 803.09400188
v 143.66992646 -1.76817247 1221.63137393
v 138.21733102 -31.72010164 1217.02039335
v 196.51396702 -83.04983997 1303.30718372
v 195.53423094 -83.04227473 1283.78975408
v 185.19592875 -84.03861583 1289.54621239
v 48.02578077 5.93171512 1671.48847249
v 54.97822434 -7.86022210 1662.59150694
v 46.26728003 -17.87928662 1672.66909571
v 214.44644279 7.62550941 771.80414767
v 81.64400319 -24.42534776 1575.95044941
v 79.65448997 -32.66352471 1568.43085648
v -174.94008500 -8.03503274 1227.90250263
v -177.74217340 -10.45491953 1214.28477710
v 147.49468061 6.33134889 1276.29195396
v -81.36440549 -108.95061818 1291.93793673
v 201.36094964 -3.88007754 1174.39626302
v 193.00693747 -6.92479365 1187.13675691
v -58.10483186 -73.41300792 1639.94742006
v -23.02918546 -55.40770528 1460.29217214
v 184.29850971 -3.39454459 983.51971286
v -114.76601711 -10.58950174 1439.18216620
v -128.77608619 -19.65010870 1439.54735899
v 183.86279945 -13.96529971 957.63807278
v 182.37298839 -15.67805061 978.69292846
v 160.39729896 61.95066334 1008.98470696
v 339.60058708 36.08173711 860.79523303
v 341.49666483 44.31433655 847.28600672
v 332.13012988 45.28222414 852.03376583
v 207.57117657 8.15484069 731.64209441
v 142.89244860 67.67019466 1036.39012933
v -34.36496175 78.71490668 1630.41399654
v 49.57811202 -68.55658807 1153.07469667
v 139.53309434 64.60527972 1048.48025073
v 208.11791157 -21.54511784 792.37753335
v 223.50677815 9.99939774 1182.91520928
v 229.23292312 10.60831628 1197.21137947
v 220.07708151 11.61560739 1203.16082726
v 134.05748979 44.14373306 1073.10387482
v -40.13221276 51.59326228 1659.80081706
v 73.00959740 -83.69453711 1205.53389979
v 177.98753953 -59.50215379 760.25100066
v -156.62116498 38.67699364 1387.67741856
v 131.87273433 51.32192530 1136.68728775
v 264.18466808 17.19395107 1046.40393622
v 274.66101531 20.10764250 1057.66966083
v 269.35651254 17.48944866 1076.21089356
v 298.12473628 6.71931756 963.31402213
v 308.12957193 12.70138216 948.30708485
v 296.42119106 16.65754641 962.54620637
v 34.27228775 -96.90209769 1524.86961841
v -405.19534429 33.56084898 800.59900604
v -406.29956165 45.81857893 813.06450886
v -409.61109400 16.70988661 813.78408176
v 234.76401654 -51.05259290 1092.10453248
v 225.19578397 -61.81425384 1127.78765985
v 234.73346564 -57.94366573 1103.26213894
v -276.78090001 -0.53104704 1156.27954125
v 144.18341183 15.62854964 1208.81301238
v -395.35811751 38.48080932 777.12661886
v -385.99155116 29.85606368 775.18466175
v -383.97563944 40.73599291 766.61884365
v -400.18962141 51.80006859 787.78090920
v 307.89191620 22.71417973 1030.84554500
v 308.03723692 28.35566738 1009.10704232
v 322.76253095 27.56384281 1000.01040944
v -2.67080066 -108.43241826 1530.13553963
v -19.30602285 -104.40959570 1530.70675014
v 144.48450522 47.70987886 1242.72565984
v -75.01084681 -52.02567957 1553.30205755
v -67.23991090 -65.62467346 1546.61027752
v -368.62146194 77.16276484 788.99538316
v -366.43403711 68.32760439 778.29981808
v -75.34097735 -58.16237670 1565.30297261
v 150.97420075 35.36102062 1282.87686844
v -187.95011371 -60.56037115 1215.07955530
v 286.75494726 -54.63551287 1141.18299829
v 276.76749267 -61.31092156 1179.08576428
v 163.72371257 11.13382965 1273.48042410
v 192.81367057 21.17028326 1293.54840712
v 6.45409127 -111.48750109 1540.40261400
v 202.91013295 19.70078737 1302.38650812
v -149.63738178 -66.06292459 1275.50667237
v -139.88637418 -76.49900808 1269.96176367
v -148.40124066 -55.67858265 1268.62500124
v 210.79602707 15.03866198 1274.12810652
v 195.92547332 22.21512963 1371.98236010
v 333.99838264 17.94684620 917.58608649
v 338.11034493 9.44162555 931.62364283
v 340.33636796 19.47757858 912.39698248
v 187.38392356 28.62471094 1374.30166932
v -174.96921685 -0.78186917 1417.14480966
v 172.97633652 29.64126784 1396.42514209
v 158.38348073 24.22971944 1032.97647487
v 157.36046347 14.82098621 1042.31024017
v 271.70101761 -52.20298387 1203.24226033
v 131.42152172 -19.47319015 1067.41364171
v 193.46321361 -9.90169289 1407.48597947
v -193.40366501 16.57074306 1388.38549864
v -188.56653174 27.64740233 1382.30604461
v 133.88471538 13.02156790 1097.62164357
v 170.06821852 -37.25869840 1422.91188154
v 59.54893107 -24.58779100 1663.47868142
v 164.25698382 -39.59279595 1430.15698609
v 152.52199500 -41.94875136 1434.85480595
v 42.37273063 -50.89487684 769.02530345
v 66.05315144 -69.77675970 768.51327861
v 59.51802267 -57.65717612 755.78897959
v -89.50009117 -52.55504465 1119.30749357
v -69.76065537 -53.28173895 1111.76782581
v -88.24491843 -50.43629048 1105.78656822
v 32.97744199 -45.40622228 775.41069479
v 23.35675659 -30.60769234 777.97700029
v -41.14995660 23.80528183 1672.08301313
v 21.86174317 -18.94200910 769.08561291
v 106.99510861 -80.44444943 1435.29508441
v -31.98930755 -60.87888882 1122.02104957
v 126.03810917 -92.90459416 1404.92011243
v 107.44628505 -102.99195958 1395.36243829
v 81.74082611 -57.30288060 1138.82815707
v 75.79708462 -54.40197016 1126.31909412
v -180.66576635 -30.36492470 940.79506194
v -157.25881613 25.99104079 1283.27784959
v -174.92001718 -44.63718716 952.41353390
v -166.04047704 -61.81658650 932.00564314
v -78.64294460 0.82528648 1551.18232800
v -140.26497587 -81.37831753 973.69703576
v -149.23695828 -80.75884354 944.87586674
v 48.14068887 -68.89148005 1452.99102111
v 130.17876156 -36.08053550 1197.44418284
v 129.18119445 -29.23768824 1183.18969930
v -150.37270190 -14.90877410 1260.35239272
v 39.38454361 -53.19778305 1463.50661879
v 44.85608069 -41.50857445 1472.67420759
v 29.51389050 -45.28293315 1475.13010184
v 376.50379709 65.10058988 837.01311212
v 385.46140039 52.24864456 829.64773062
v 375.75102069 42.66140061 861.98862238
v -80.09287320 -67.57119358 1049.83829520
v 363.19153984 32.99642580 910.67596881
v 361.75159382 27.18539697 889.35793656
v 356.89451518 26.12004831 914.68507258
v -99.24410788 -106.12085864 1351.64194583
v -113.80018738 -42.87735340 1075.38474757
v -6.94888754 -51.82969872 1494.37005189
v -38.42891322 -45.29760207 1503.72792007
v -198.22481237 -71.95988942 1216.78880972
v -209.61711923 -78.40176024 1232.68653423
v -197.00709884 -77.64276844 1245.32145873
v -32.91524680 83.93291942 1597.82564479
v -48.47460175 -28.18537027 1506.01826170
v -161.95964420 -76.30703343 1295.02077196
v -157.18858377 -67.05919183 1279.83411966
v -174.86240178 -76.00084069 1273.43153638
v -55.85418066 -6.59486363 1509.31702482
v -59.76898796 -15.69466074 1519.89662672
v -181.53708597 -76.89503013 1264.43714834
v -183.11018867 -77.56086494 1255.80569355
v -196.71261989 -79.09699391 1254.05521568
v 147.19948874 -49.00429754 1261.99758106
v 152.26321623 -54.52092954 1263.06314908
v 1.98927320 -105.67826503 833.05784787
v 59.33468694 -130.16757207 844.24432916
v 75.65754675 -121.78830023 822.79177567
v -39.20988273 -61.47171399 1673.53218441
v -38.34487435 -63.37216819 1504.68864727
v 166.03206619 -15.62627529 1257.04362736
v 162.39801202 -16.58367302 1263.23774069
v -25.34867209 -72.05998257 1494.99738274
v -25.19850907 -53.59750085 1498.16032756
v -69.63913055 -89.96622311 1227.62137065
v -65.89431658 -88.62318516 1212.13322624
v -15.87071158 -73.46793770 1491.02674968
v -222.82773008 -63.31561852 1138.86767638
v -209.84699940 -59.23113258 1162.68757574
v -214.00739395 -58.12279057 1146.46282011
v 353.30992906 54.69540886 794.33716229
v 361.14150214 59.12209019 791.48743327
v 183.86056813 91.93382163 732.02861798
v 44.83111756 -71.67501885 1046.90995943
v 24.70306305 -64.08358639 1062.92219147
v 29.77616259 -66.40195272 1492.25342588
v 170.83009692 100.14099852 737.48930179
v 174.51218985 97.67763392 754.64954732
v 201.04542153 72.21050103 763.78096338
v 47.14582778 -30.89577916 1482.71789388
v 48.67445176 -22.30246948 1494.86689949
v 4.31960967 74.28254010 1645.42959045
v 57.40457529 -20.26501142 1478.46526214
v 54.53589502 -14.76428213 1487.69199779
v 198.22177972 14.15051008 1254.37615751
v 195.19019655 11.28527399 1226.21714606
v 208.13840205 13.10676425 1222.38098293
v 22.83896893 -10.90296915 720.72644763
v -32.95892399 -59.15585380 1061.93593499
v 58.39317507 7.07920516 1484.28561353
v 25.94497248 20.85923822 711.33469993
v 56.54760003 -68.81572866 1529.82101594
v 289.90026710 1.11987080 1128.73413670
v 273.45122910 2.43528496 1146.68709842
v 323.21256589 65.76267190 795.70625646
v 319.57216117 75.50142716 790.74096698
v 327.79428952 74.44628841 802.82332137
v -101.15039809 -106.31395919 959.50148787
v -83.97472366 -120.07379558 942.19532971
v -149.31209655 -42.59344465 1259.50143259
v 31.14249344 93.98681076 1548.85897057
v -30.68242826 -132.23068107 906.29642462
v -37.80416004 -103.73247395 1597.01406819
v 12.16073816 87.29282997 1587.44891210
v 5.07140726 99.28831348 1590.44553732
v 4.86589841 88.17931482 1599.88311725
v -3.65683324 95.49993300 1594.33860693
v -2.98390983 121.15247615 1574.93875631
v 4.31658963 119.69826691 1573.39021407
v 283.05049225 -32.55888985 1185.72915109
v 292.55641402 -24.34125688 1162.33154524
v 92.88551609 100.26575769 777.00659868
v 76.91260239 95.47940956 764.19461603
v 109.07943122 106.93307533 761.47456765
v 23.51695085 -129.67019298 930.13759080
v 81.73167223 -24.29391229 1596.48517704
v 133.06226315 107.94295317 771.30838274
v 10.90704751 109.78046666 1572.70969721
v 56.84539425 -69.05047384 1605.41173107
v 37.54590673 -92.61299565 1602.56966360
v 144.46592164 107.01312997 716.27246718
v -14.26160193 104.28474863 1548.83447640
v 242.15884509 -20.19305985 1287.01024232
v 248.06112969 -31.79446710 1285.84818108
v 238.21323570 -31.05666737 1314.12157202
v 23.89376495 -92.86752233 1009.85911515
v -24.08232285 95.82678458 1559.50482243
v -37.96225187 92.64839067 1558.47264871
v 319.36471057 68.61007500 782.67336327
v -36.31661080 95.20165958 1544.36971698
v -50.23174030 85.53683254 1554.41612377
v -237.79408563 -49.26205018 1298.76728682
v -139.89426980 1.15278699 1209.61494387
v -61.77923554 68.03135467 1563.53059569
v -60.18251983 54.99471316 1527.68709591
v -35.99074704 -96.51409834 1529.97798397
v -123.46330972 70.96669929 1210.28665909
v -27.64498617 59.48826558 1481.84119216
v 289.52279961 8.67606338 976.11706206
v 295.93095359 -2.76237416 975.75969767
v -182.34982432 1.39791547 997.74263373
v -14.81638747 80.14466936 1473.97989213
v -109.09403845 2.45868042 1428.09011497
v -10.14453515 67.74621369 1468.68252555
v 2.71330815 67.52167001 1463.73930334
v -163.23200320 -75.96048449 1309.27107043
v -170.85079047 -78.42831735 1326.44063307
v -155.01013082 31.67250734 1403.21935346
v -140.85965430 28.49406351 1405.21973070
v -143.15259940 -4.32849130 1077.97726356
v -11.45721827 104.82277031 1506.37583811
v -133.63451725 23.28827250 1174.15558996
v -19.43036278 100.80802288 1505.14264319
v -1.44740785 -114.49195300 961.11212592
v -40.78981356 91.94668444 1533.02795372
v -191.86032273 -2.57819171 1199.00979695
v 73.83151695 80.60067620 674.52533363
v 89.57745958 91.66776571 680.15603701
v 67.61560068 39.73145406 1564.50629358
v 75.76031154 87.01512020 716.99961596
v -137.79146934 -2.17011179 1108.58036279
v -137.96495251 -10.79465190 1091.50970927
v 352.85167688 23.62293163 896.56906125
v 347.97587221 20.19000418 917.36693464
v -145.59256718 32.60764409 1275.59805816
v -65.71310723 -4.40619805 1527.05120960
v -150.12365834 4.92175797 1275.70257106
v -199.44479966 27.04907196 1351.53730580
v 11.15401582 57.60348364 1457.63323807
v -144.07191841 -4.54035958 1260.43054515
v 4.02752490 59.57866205 1456.90399363
v -144.47609896 -10.78662598 1253.39984148
v -11.62856849 46.06673095 1436.72493375
v -42.12507692 -111.73982432 1358.10519012
v -28.52824429 40.59189318 1398.55063468
v -28.03413725 -97.16336571 1394.07687723
v -46.39728401 -93.41666338 1413.07627361
v 369.94312599 26.41824789 844.07526567
v 378.27997175 28.22611086 828.16619171
v -69.81793032 -94.37582674 1410.04917398
v -81.90918333 -79.97862604 1437.15290458
v -60.52800969 -86.13531710 1428.41330684
v -306.69487960 -52.24653098 1046.22645158
v -295.44016860 -55.28456121 1048.86308822
v -302.02044291 -51.71857987 1033.09020747
v 291.09351055 -26.36576186 1001.21493749
v 288.68198160 -11.10757371 994.32202645
v 282.03342180 -16.44405979 1005.22425415
v 8.10958385 39.83968519 1390.64533693
v -122.80292426 -46.76825497 1190.63101264
v -311.24363349 -29.02745274 978.48301467
v -312.10224487 -37.92644557 995.35223851
v -294.86472635 -33.44504968 993.11504249
v -2.52038488 66.06647499 1339.03982112
v -292.93204411 -58.37324816 1068.20525264
v -287.31789840 -57.95509626 1059.26005745
v -0.41894691 -90.50514145 1380.73673809
v 5.29834888 -95.22888145 1366.71608157
v -5.02767414 -94.80448638 1364.43504289
v -148.76400865 -18.50748844 1431.38908867
v -313.96305277 18.67330886 1048.38746447
v -300.89556279 21.84831856 1058.94066395
v -303.55975054 16.85455347 1079.33537929
v -134.98277798 -28.27726895 1440.66050010
v -72.71392397 61.30489404 1368.01316088
v -144.94858349 10.78909441 1083.48843796
v -83.68832774 65.78026957 1364.74766309
v -150.45336352 43.77854538 1367.75500919
v -53.76643956 58.85119716 1370.40527418
v -52.32841015 49.51679418 1386.42841346
v 33.82345675 -95.01255333 1238.97203504
v 41.33206312 -97.90009110 1247.66127874
v -159.17445828 25.06465087 1041.50983657
v -61.47579521 36.39935819 1400.15423656
v -95.21432204 52.24119877 1380.37728295
v -163.37777610 12.07129842 1038.37058326
v -104.46200489 42.50953267 1386.76985966
v -163.55003649 48.98469710 1319.38494468
v 328.22681359 64.84905581 850.58696915
v 327.11759174 52.04304457 857.84201588
v 328.17679549 58.37774495 838.33382123
v -93.19664244 70.73615110 1358.28846888
v -126.78723494 -29.42968959 1080.21661404
v -102.99126549 -48.29913616 1081.40649809
v -105.04051660 96.17215991 1304.35033672
v 88.94174915 -64.51686192 1174.73352130
v 96.35296563 -74.09458603 1198.39680660
v 49.71950856 64.10041413 1612.51403954
v -135.40318425 74.11341191 1307.20166101
v 15.17644445 80.18125511 1603.37219752
v 24.94998091 81.30001249 1612.44834026
v -53.49321414 20.90886436 1479.68274089
v -69.34807614 -67.33322024 1054.85354243
v 13.32814154 80.42378760 1598.39575760
v -149.89685586 -5.18723587 1267.96391457
v 372.63227006 27.98959144 866.26195951
v 368.79899990 25.00055102 859.53427958
v 356.60373840 22.07936015 878.82760073
v -125.59812280 -77.57042758 1256.54878738
v 297.14153674 29.74933795 978.54233391
v 287.69358604 26.94674362 992.20731443
v 293.58682892 22.73357362 976.10859128
v -180.99753047 -78.55541545 1321.32521388
v 237.83468192 -78.92397182 1233.42338207
v 239.63771150 -81.64588666 1209.13037353
v 215.35401049 -83.22178846 1231.21472090
v -229.94013572 -72.61057640 1258.22037825
v -217.62533337 -79.06369310 1242.04283432
v -235.35289792 -76.86508828 1219.79784405
v -201.68937024 -80.62728270 1276.75566000
v -221.21950694 -72.95641076 1281.75080605
v -205.68399806 -76.86379911 1292.21169894
v -207.76553159 -78.40769907 1260.00651937
v -207.98025594 -80.35614835 1245.48696570
v 276.30470924 6.53259297 993.75842316
v 262.30575967 -9.89521464 1020.17691191
v 270.76896680 -1.99501939 1002.68116843
v -277.32801149 -31.44542573 1205.54638466
v -130.80749085 -17.23812490 1112.63486958
v 273.11662440 -58.35546097 1068.01935886
v 272.75642653 -60.62881463 1080.82256630
v 287.73745470 -54.66281713 1063.16284748
v -129.62416052 -22.67544056 1094.21489869
v -231.89260918 -65.92229559 1281.31939873
v 242.00811495 -11.86464236 1062.02983264
v 245.81521265 2.71846168 1067.25851160
v 235.46605694 -14.26024777 1087.60447930
v -27.89241606 -62.84840752 1141.30592645
v -21.60429733 -60.23128175 1055.76131695
v -11.22387362 -58.60657900 1055.24445666
v 12.47847766 87.10713165 1621.78423732
v -186.94688781 6.68610231 981.94003624
v 362.97805486 40.91346041 906.68410369
v 357.05402030 32.16169081 927.51562651
v -197.55428239 -74.79587443 1319.27830956
v 207.41788041 -78.89352937 1210.18726236
v 216.07587581 -77.48113083 1196.15714311
v 202.38434477 -69.04685596 1195.22709719
v -58.07842053 -77.88120543 1170.75809312
v -72.71624038 -68.66954694 1154.75654389
v 325.85771667 -7.34124061 1049.63494951
v 322.09433891 -8.86946770 1062.91054779
v 273.60560910 -63.57372017 1104.79476729
v -175.40077352 -46.26543878 920.18842459
v 353.42307018 55.92259384 786.18846816
v -6.92868359 -94.25352750 1234.50024151
v -1.24252873 -101.17845097 1312.59437111
v -25.46361023 -104.99038123 1306.52243578
v 189.13291507 -74.33220841 1238.54135190
v 175.84070043 -67.37718768 1246.84344298
v 179.42592676 -73.18063481 1260.82650965
v -167.09914144 6.46772819 1258.42330749
v -61.94704915 -122.67743454 942.24651449
v 337.24034148 59.79461194 803.17042234
v 345.79239098 51.14544550 799.63285690
v 340.70407054 65.68471053 794.53101728
v -195.31689117 -5.43856493 1189.88179609
v -184.98277584 -16.94815392 1203.10168345
v 333.16325237 70.39419088 860.34109900
v 329.82014956 73.12578197 847.69783701
v 235.56692029 8.67880053 1166.20625975
v 227.30227371 2.49518398 1152.74600331
v 248.64808568 4.97645501 1149.26324497
v 31.63247372 -71.95670777 1155.57534699
v 37.51052184 -36.33617704 755.91106744
v 327.67416051 51.11028106 841.26491772
v 330.63433764 55.68588591 830.85957335
v 28.81134592 -24.87216864 757.29340236
v -53.71109883 37.14822274 1657.87866049
v 56.04896332 -89.82054720 1214.39216666
v 262.35665494 -48.03980592 1050.73583150
v 259.86389764 -53.73278835 1067.28714903
v 277.08732183 -49.71477196 1041.29274188
v -176.79838691 37.47893642 1313.00617661
v 61.95853235 66.36167343 684.31374703
v -23.20201848 -94.29416280 1226.64486625
v -41.66694847 -87.44011919 1205.25027705
v -57.84626064 -92.19236187 1224.38678790
v 317.07762002 17.21235784 1034.27523903
v 325.31363845 7.34966664 1038.58862781
v 307.10624950 9.69127264 1073.03507710
v 69.54902970 77.74648835 684.33216364
v -54.06194284 -104.15755121 1264.38395258
v -60.49840053 -94.34028464 1238.22017439
v -71.11860411 -96.10094880 1245.14125361
v 244.47841787 -57.11563360 1087.18823871
v 252.58771686 -48.26454616 1064.83857381
v -36.29888575 -105.15487041 1280.88301793
v -46.31780114 -99.64154870 1252.12654704
v 111.39873388 106.37772155 795.57093721
v 277.99302562 -32.02003053 1017.07011142
v 282.59478155 -39.26405942 1020.45358415
v -135.51371840 -66.12431791 1256.13947423
v 261.22012040 -57.33664480 1232.61803809
v 335.75305057 7.23244147 1010.04138743
v 339.39802313 -2.59518328 993.67214900
v 337.44065931 -1.57612957 1010.26733675
v 210.62494929 36.43244491 723.77179759
v -203.94045156 13.31680303 1370.19297261
v -67.85329065 -55.83451510 1120.72914791
v 172.62877925 -56.86428675 724.08948319
v 160.36643991 -56.99141773 695.56179714
v 323.74805576 74.05734620 819.16519141
v 338.36129213 81.36729368 839.03144397
v 119.45453188 -73.31278512 720.94523165
v 131.46516496 -83.88754059 776.05611297
v 383.36740884 36.53617023 846.37445624
v 379.06689785 27.29163066 836.62181079
v 376.74069322 28.58228687 846.02462838
v 122.45312797 -22.03115719 1155.19043089
v -376.86971630 33.75173017 890.25988025
v -384.47438538 25.25848602 880.87884555
v -383.20600393 36.19708929 867.21618962
v -379.06389050 12.05908022 900.66778770
v -370.99066279 4.55789753 911.51468830
v -371.25460864 5.15167734 894.32405835
v -385.73763161 13.21598464 883.06799362
v -380.63604900 20.69076668 901.93361018
v 322.88006350 66.28340295 814.46280948
v 324.85156251 65.56984364 832.33160980
v 178.86644992 -32.16150165 938.91416490
v 377.07695129 81.82808466 808.23703850
v 382.87273521 74.53222413 810.90524161
v 377.86611111 81.45116790 817.52278891
v 180.46476339 1.81464635 996.24554166
v -384.05585113 47.21412999 851.67551480
v -399.31077333 33.92163305 842.71968575
v -402.64935009 55.42234188 817.73502196
v 170.38526744 -1.54009754 1245.01702205
v 179.30786490 1.01419796 1228.34000706
v 180.24960567 6.68388504 1238.84037718
v 32.23579386 3.39149889 1680.92264522
v 71.68598349 -69.47641499 1044.05999153
v 127.58623042 -13.49631653 1080.78029882
v 38.43056105 -62.23531766 1122.06802565
v 53.18123310 -59.08153352 1119.88598082
v 65.25295412 -56.35193891 1086.96481947
v 325.46751952 75.35865598 779.16019126
v 321.84138067 69.29562380 769.96721798
v 334.02666691 74.99257353 774.25132381
v 266.43661293 -3.59215488 1182.29152412
v 253.73389422 -4.35743041 1213.91912742
v 147.75864093 -18.31055212 1257.28150842
v 147.08457344 -13.42512394 1265.25322245
v 147.77847343 -4.46306240 1274.02476483
v 155.31099338 -0.13914892 1271.17258751
v 333.43311704 68.59251267 768.21585204
v 86.38512813 -66.58357954 1046.87186807
v 251.59345088 -10.32828278 1235.86012613
v 231.31180762 -4.18787213 1298.86417603
v 229.92037880 -7.12503986 1318.45236051
v 223.66162697 -37.09324196 1106.65834528
v 237.41841949 -44.55029000 1083.10429904
v 230.56438748 -28.18595291 1094.53761514
v 272.63340819 -8.58913254 1002.72028493
v -111.71236905 29.61543251 1400.38875832
v 332.95997524 61.23607294 893.81373789
v 339.92682284 70.49460113 867.29048978
v 339.68957516 57.21656100 914.46842280
v 136.46938073 -100.73138799 1345.62905178
v 377.74694719 34.95006595 864.27151421
v 369.65526050 34.04088572 886.03313175
v 13.70285132 -91.12445132 1393.18508216
v 172.63533595 -59.34150710 1243.88819744
v 300.67731543 -23.75458301 991.24385785
v 305.44368556 -34.06493156 1009.28681850
v 312.69706434 -30.80492121 1007.58363653
v -306.21624268 -5.83479918 1114.53063928
v -308.84582977 -12.97702935 1114.68497665
v -312.50544729 -12.15302187 1098.24027503
v 15.82781655 -99.97369099 1353.94944172
v 27.77824356 -103.64676102 1355.44471791
v 19.99720754 -101.29120776 1316.58822750
v -308.43903665 2.74603313 1099.37714121
v -296.90024181 12.38890371 1102.77143945
v -294.33762449 -0.16758481 1128.93033064
v -299.45192584 -14.12229430 1134.46205776
v 274.61592613 -41.41242564 1031.43458541
v -266.79983615 -17.58787448 1016.60039820
v -260.86350654 -8.33089042 1030.24328048
v -278.32304938 -7.76153927 1002.80370681
v -149.76677607 46.38772016 1358.17060495
v -69.97407714 -18.67505983 1461.95947650
v 324.45470939 37.39379994 911.68148737
v 332.83413306 25.27359199 907.46416380
v 331.43461393 32.02830090 892.90857196
v -160.92365146 36.87446126 1298.60071292
v -164.47796144 43.71551798 1310.80795764
v -59.07511831 18.23104372 1522.35734249
v 86.58260903 -56.69121850 1154.83543690
v -60.23433733 12.55835024 1509.95626351
v 346.71519440 32.04978876 847.19759518
v 339.81377993 43.51020748 837.44673465
v -30.83971903 46.36314913 1479.48640977
v -230.29079441 -24.97271096 1335.50893378
v -308.52382346 -19.87062441 968.51882236
v -316.85819592 -12.23312709 951.17244319
v -322.23141350 -19.89339389 956.93428711
v -369.19290855 11.54818972 929.48588455
v -369.33566383 3.83516296 927.58355986
v -374.29778309 10.83069588 917.38111448
v -297.11954875 18.69127304 1085.57719491
v -337.25915889 38.83348475 809.42703104
v -342.73754361 32.43403189 815.95652596
v -336.50458305 41.11012413 817.74974264
v -327.99631990 33.27188851 940.73186134
v -333.90383603 34.33419828 951.96007363
v -335.28804991 38.98120922 925.97874877
v 339.95393502 85.27959363 798.86320530
v 338.43967114 83.98116686 785.09109243
v 347.95530038 83.98485482 786.70130562
v -317.83568881 -4.16902545 940.38611979
v -329.22802820 -10.20046563 934.97535898
v -235.69036870 -44.24301881 1076.19632353
v -236.92777427 -55.19012379 1082.34772336
v -230.90786530 -55.30438341 1095.20142480
v 331.72622016 60.38761147 769.70786389
v 338.93576187 61.35200765 771.69090410
v -354.36950240 -0.33873517 908.49475197
v -335.79803095 -1.59585313 914.75814583
v -340.44425206 8.22763158 898.39105148
v -215.47126434 -65.59929710 1316.42616597
v -366.06710752 73.25653503 812.50041756
v -363.82047216 69.64153965 824.60762360
v -374.32801192 70.05986444 824.33083411
v -213.63261313 16.12641268 1341.49283154
v -225.95360447 -78.38840362 1218.02505164
v -232.13175929 -78.15245886 1198.97053163
v -283.19972712 -35.55315854 1008.71419856
v -277.23867789 -48.63945481 1034.11153586
v -272.17319925 -36.98579733 1020.84981676
v -275.95434075 -64.07399333 1124.82352789
v -282.57692703 -59.86915259 1115.99399420
v -282.98899356 -57.21296785 1128.35339887
v -66.88961235 -77.00275324 1442.26921853
v -79.94202065 -102.31979591 1268.73644933
v -30.85352256 43.59921115 1670.71049418
v -270.72215267 2.58768691 1024.59865775
v -279.88247734 19.28154492 1046.58623508
v -278.14266510 8.76744308 1018.08278413
v 61.64861073 -79.42192912 1192.64814010
v -234.84774277 -64.49010099 1124.70328844
v -231.42271559 -61.99951469 1108.27659770
v -237.69980215 -61.83296346 1100.13470326
v -405.10330717 7.25094814 848.09659173
v -406.79446330 14.84453224 846.20517126
v -401.49009858 14.61736025 857.25741573
v -303.05213330 -53.73942896 1060.13298439
v -316.77938618 -46.47465083 1043.22010389
v 332.76725019 55.78614044 921.47094478
v 325.45458981 52.30677813 927.36916791
v 327.53398047 54.65050276 905.84074276
v -291.12241574 -56.82515897 1092.60235626
v -277.49071066 -62.31280330 1079.26622576
v -329.90040494 21.54110799 1004.02896434
v -331.31758245 26.11235940 985.25410699
v -316.96076898 25.33923867 1012.21248587
v -250.19316740 -5.03236357 1095.60285196
v -241.66134604 -16.83262850 1075.67870148
v -231.31393195 -19.58559305 1099.56870374
v -296.23262159 10.79117576 978.00725569
v -292.13500795 1.09672787 978.36396656
v -282.84605972 3.48932697 1001.33048372
v -155.61546267 -36.92985185 1428.19313746
v -150.48409801 25.33499714 1279.77316684
v -233.82244701 -1.17006304 1302.83506989
v -228.98398855 6.60931791 1304.29471089
v -374.07425844 33.73265637 770.16368942
v -379.13274705 22.67378907 773.94299449
v -372.33121899 23.10794222 774.50042353
v -242.99304060 -71.56167216 1231.96468412
v -249.59657227 -73.47146530 1207.89569869
v -214.33671610 12.81312448 1207.13931889
v -233.59270673 14.04348878 1191.66828051
v -226.66642094 13.74402351 1183.27382485
v 282.54033476 20.57289439 990.62363286
v -199.00470873 -21.70732960 1163.23433284
v -196.23810872 -43.39607791 1180.20354383
v -348.66218321 20.64792869 833.52571538
v -342.76361752 24.09670145 858.68307791
v -340.76868023 30.15308009 842.75635499
v 229.24884241 -22.79877677 1098.53607415
v 235.99031839 -23.59345152 1080.40403086
v 22.28072458 -59.11254155 1076.62332243
v -175.89720952 -71.61610092 1252.54031263
v -142.25661169 -50.51546545 1257.11779673
v -279.31986738 -9.10864287 1164.77003561
v -279.17514001 -30.57690554 1190.48837055
v -287.91796368 -29.92215977 1164.87129925
v 48.32808091 -126.43163848 945.38683963
v -226.78402977 -4.48446045 1129.55196207
v -231.20442375 9.47553928 1152.95342623
v -244.01424529 -0.05158506 1120.23642188
v -363.59823757 13.55417083 844.01632450
v -372.03446730 3.32599744 861.99143220
v -355.60754454 13.45739922 864.56260056
v 11.95037536 -61.16515487 1060.39400748
v -390.16923415 5.84595008 871.91212119
v -399.16116619 3.37719713 848.53819518
v 17.64746762 -73.93751239 1166.12266974
v 22.28776309 -69.90406120 1152.96900373
v -41.10293287 -106.56906797 1289.86862734
v -52.35796518 -112.10306439 1299.90402128
v 3.52169183 -62.03305031 1154.26196821
v -289.43433631 -27.98996692 991.24342924
v -270.18339718 -29.82552057 1016.39660170
v -363.27471103 21.02142855 789.22476134
v -357.23123806 33.05656171 795.70102602
v -358.64442854 33.84163385 784.23950106
v 350.50851607 84.89531681 836.89415520
v 350.79272339 88.46281764 828.06453663
v 364.99908484 90.42583031 819.81736284
v 361.35343400 77.66672227 844.92442145
v -118.81764684 -48.25314338 1448.27581206
v -112.44864271 -58.34247255 1445.08500915
v -137.84725363 -48.58633557 1434.02298608
v -150.55700051 62.49398324 1321.86490519
v -382.02948811 11.11318198 783.88388253
v -388.71438207 18.62710489 782.63762603
v -90.77542063 -66.88959428 1443.82876286
v -100.92353293 -75.26774923 1429.87196035
v -284.58552777 -11.28047768 992.36682812
v -289.14103183 -20.00982262 988.05105245
v -293.76226586 -42.80694522 1124.80190399
v -297.36321089 -31.95092736 1125.30197518
v -288.74002866 -47.97389872 1132.59547346
v -353.96643224 -12.84610261 971.72902507
v -347.45704260 -20.01865159 975.99896510
v -348.75823503 -16.22888275 947.26841428
v -270.23279295 -67.17302199 1156.45120426
v -275.33941646 -60.50759304 1173.67138002
v -259.05428797 -68.40732060 1207.04950001
v 257.74586929 4.47046006 1137.53233271
v -264.98074497 8.46592446 1122.18524782
v -254.12538689 10.10421355 1140.69111743
v -323.55313121 27.63787557 928.57883816
v -332.33359221 19.22412020 900.18672261
v -309.90826334 16.60781510 954.30908004
v 300.84869407 1.37077323 1112.41822438
v 289.00830991 7.55384806 1114.65761905
v 289.09627292 11.06717622 1095.31236672
v -227.66001449 12.08835311 1214.84155406
v -226.33956497 -17.33287278 1349.08688128
v -206.48752168 -19.04171417 1385.35637588
v -351.83116229 60.60178791 813.80626547
v -350.70266796 61.15572070 828.34447922
v -360.27573300 -5.22974868 957.06567359
v -350.40495617 -6.37182647 996.06520465
v -310.71603032 -23.31129756 1107.05508475
v -309.04743759 -40.65597462 1096.22189611
v -303.91362444 -45.95171881 1018.18755075
v -310.99581244 -48.73838588 1028.12521143
v -309.53684330 24.80282652 981.56974465
v -308.63920027 25.80518890 993.22948335
v -324.07274500 27.89939944 981.07094811
v -12.65135986 -77.41822131 1173.74603638
v -323.33495429 -23.89704375 1071.89772906
v -318.11894831 -6.88079520 1080.64418932
v -313.24821077 -33.31860778 1093.03967165
v -314.73082782 -41.05180862 1075.92799577
v -344.16478678 -21.93849076 1005.70881648
v -334.47699540 -32.92033384 1014.45614869
v -337.03067573 -29.58726625 990.42056305
v -197.51936290 -52.68409527 1183.33741063
v -256.57565563 2.02735510 1072.39931308
v -300.61373925 -15.86510973 973.75775544
v -286.79674853 11.35631289 1112.83390335
v -282.51711991 14.32075994 1102.83256182
v -274.57079680 11.13965489 1115.30759768
v -396.18981329 13.80709484 791.17140779
v -219.91507354 -10.19103695 1359.21012636
v -206.14290958 -13.33021683 1385.35000106
v -383.98504303 -0.53134125 841.67826706
v -393.19401575 3.44940795 823.24871315
v 356.53073540 24.43545564 927.71925118
v 349.71114393 14.95490579 937.40596099
v -332.61154006 33.78415066 907.05609364
v -339.99868063 42.69535821 896.17581174
v -214.62501856 -10.54266299 1140.33419878
v -214.16961932 0.74460853 1158.24174225
v 327.83165751 19.10777589 1009.43478678
v -196.99615442 -14.23576749 1172.01564648
v -385.48370738 61.39784326 830.99790602
v -379.65896046 73.37229806 813.63977377
v -332.73511926 12.23640731 903.53196469
v -327.14077551 -0.21004388 922.35692606
v -248.88937361 10.43518007 1177.50911066
v -350.02626726 18.19635978 845.72854639
v -358.14360737 19.13180942 834.03950350
v 0.46830228 -78.35224183 1174.77174150
v -377.78860294 -0.64496842 841.11150516
v -382.37616928 1.39865073 866.39762499
v -388.05442013 79.18641555 798.60241048
v -389.51954626 77.05484716 789.29274767
v -380.17110299 80.55053106 787.28108106
v -362.22223353 34.98615943 777.02358998
v -78.20606730 -109.29612377 1341.35853492
v -71.98792229 -112.05858399 1318.62280343
v 185.85778909 -11.85084899 1209.28091316
v -348.45111110 39.66692229 789.55102572
v -344.04638550 38.10058111 799.24045128
v 184.29953741 -21.58198137 1203.58206116
v -403.92786716 7.67690355 813.25858228
v -408.45392451 8.85157531 822.57657300
v -130.52849835 -89.72193091 1392.65526175
v -390.56623542 1.74118285 802.70566719
v -222.88072095 -32.94358233 1099.89285618
v -218.11350614 -41.39215789 1109.12027370
v -212.34675215 -29.73726819 1128.59764761
v 152.69589037 5.93298106 69.53167589
v -0.19654933 -76.97220739 1038.75956014
v 238.23331219 -61.58046164 1110.24889710
v 248.64201236 -73.58507935 1131.05293792
v 261.49221133 -67.47304977 1110.21701988
v 269.79423007 18.61649417 1016.28136685
v 1.36497016 -83.39574449 1027.79507986
v -246.77858123 -2.76891623 1110.40816882
v 29.66285626 -86.06631291 1024.47729342
v 250.74740263 2.43163808 1048.66977215
v 27.84374053 -71.04504684 1049.11044960
v 180.92805959 -67.87578418 364.53320266
v 182.06580788 -71.01242575 332.71454448
v 38.08892549 -77.39572419 1036.36309371
v 155.98836805 -4.91093721 89.86438420
v -281.68929901 7.44088311 1131.20652889
v 333.57515202 -9.32667864 1027.62610521
v 327.09615518 -20.35279597 1007.48740276
v 286.15963951 26.57766325 999.01251742
v 275.82082236 22.48376389 1012.31848780
v -269.97531402 11.23682870 1093.13707456
v -270.54250314 13.48951537 1055.60717049
v 197.24322019 -33.35913461 206.74893083
v 347.46602614 22.67244200 875.44226936
v 251.07133720 -69.34888486 1236.49725042
v 127.10435386 -73.66149601 225.96010195
v 195.95576618 -25.81390754 194.33635613
v -291.52172597 22.54827484 1024.13748530
v -295.61979818 22.24594304 1002.33096335
v 18.47444896 -78.21936934 1175.40500796
v 258.43705529 -68.27466489 1222.96276674
v 253.98845494 -73.05330011 1223.55825000
v -31.29857901 -80.24676411 1176.68381844
v 168.07260448 -79.62939222 259.29936793
v -24.34587373 -74.36020593 1166.80868189
v 284.35364242 -51.71284334 1046.32546439
v 203.73985016 -0.44516351 719.21467047
v 277.77478239 23.32033910 1040.78288982
v 285.16324487 25.37945803 1019.88909525
v 293.09804975 24.34847725 1033.37745875
v 201.06136920 61.30032681 688.80858284
v -45.79067296 -78.65139372 1168.49577800
v -366.68192024 2.74867897 943.12309645
v -359.51620615 8.91643391 956.69333376
v -358.18046227 2.88353957 965.07843805
v 344.77274204 60.38493339 785.50337781
v -50.06261959 -83.90305180 1187.79112872
v 277.16401292 18.37539922 1077.88362472
v 353.77799784 72.36794738 787.74229354
v 354.62716047 83.18555556 793.60473981
v 194.04281392 72.02801420 654.68664554
v 115.80570936 -18.37411615 175.77408536
v 208.12400329 40.24201824 705.96920171
v 206.86583154 30.95566009 689.87601818
v 163.22864416 -77.63748174 191.45492570
v -34.19818390 -86.09654740 1192.32965901
v -349.10063727 -14.89402585 998.41272890
v -328.56148830 -25.16373898 1056.86147868
v -321.22988516 -32.70066983 1074.02254708
v -332.08539403 -30.41569290 1037.89600826
v 331.91230182 80.39823168 789.27391747
v 337.26272996 64.07158962 788.37187644
v -244.49327956 -74.61503822 1163.52466485
v -233.56339217 -75.21230111 1176.90640011
v -239.12453577 -69.71576113 1143.49933903
v -62.17163228 -107.91281202 1281.19082479
v 278.25386464 -1.40246366 990.72269102
v 157.45073501 -51.01964533 645.83095561
v 175.40610484 -36.37573188 656.23290221
v 167.97456190 -40.19878460 637.98060270
v 220.05440479 -16.10938686 1128.01427591
v 212.77868986 -17.69860431 1139.91882799
v 216.69695549 -36.08105521 1122.50065664
v -65.42145033 -111.31273488 1293.96342073
v -256.08385820 -73.79103047 1176.39787338
v 324.63375221 62.37012518 772.68385745
v 204.39725334 -42.42718123 1159.44160968
v 125.40644959 2.78519406 230.65804822
v 112.21734830 -18.15114148 220.78346158
v 184.05185665 -20.88103255 644.83881304
v 114.36389480 -46.48234376 130.76354536
v 116.62731332 -50.75854125 111.39214707
v -209.69630766 -73.20018406 1207.82295978
v 182.14576976 -39.34100244 59.57823317
v 213.66733193 -45.47277679 1131.15380329
v 212.32617446 -58.51957081 1156.42379463
v 217.34173340 -53.14790331 1131.11906470
v 240.44885018 -1.33927065 1088.42917437
v -223.74386157 -56.40444558 1111.79801824
v 227.12795306 -14.98501098 1115.38650122
v -21.58482630 -99.27390629 1266.72636877
v -226.13817919 -6.67637796 1338.72451853
v -232.68516642 -15.97664263 1323.88362788
v -21.96121618 -98.32951980 1248.55368419
v 227.49970050 63.10739880 9.89598233
v 228.55509215 78.70239372 10.59761031
v 224.59731545 71.31970931 7.44769373
v 305.53663347 -42.02713582 1087.08080711
v 304.26702203 -45.27189257 1076.10904150
v 295.38157833 -49.51210324 1105.91641482
v 264.36656319 -71.67039061 1200.79770452
v 147.98891164 22.92831710 282.35888962
v 158.49444180 27.52120457 309.43377135
v 221.68499062 61.80392864 6.98048675
v -191.64543643 -14.16286588 1405.79480402
v 253.38527186 -80.44747638 1182.82261048
v 256.62205491 -77.57935728 1157.20450890
v 256.94502603 -77.28631557 1203.48139099
v -269.55911451 -43.83002405 1221.64967513
v -253.64370717 -58.76260160 1240.04472710
v -261.19638827 -58.39143465 1223.91465447
v 182.75621006 -30.88636962 1210.82336630
v 173.44854854 -42.41517936 1230.54173294
v 184.44329438 -50.29147186 1210.69785276
v 390.52248279 37.66564713 831.74335243
v 127.67438187 19.64154435 5.79778063
v 332.85910824 46.90947380 943.83981492
v 307.52425804 33.92467293 980.96218435
v 154.88756706 18.84324689 60.46902786
v 171.98738644 -50.48388091 1237.14560004
v 133.89716955 29.46479989 344.62250016
v -263.61851596 -62.79496894 1075.60156609
v -264.47137571 -53.59751316 1046.94795485
v 200.11282559 2.18959184 1186.44081781
v 190.35489390 2.57027920 1202.37750022
v 116.41846815 -66.46063238 289.52706986
v 128.52822222 -75.41928533 281.03198930
v 130.04119744 -74.02064542 262.16363716
v -196.41499546 -80.34606149 1274.21560382
v 143.82466818 -81.58699966 284.86839917
v 338.64510417 45.32939841 940.59703635
v -318.64623384 4.58752542 1068.02794614
v 152.94828571 -78.40891817 160.27080930
v 152.19068500 -79.97105347 195.84672495
v 162.69385250 -77.10793696 177.36792531
v 300.49248259 29.72685556 962.28593036
v 307.95626266 38.31141692 956.45178147
v 304.42871550 34.69433528 971.41884970
v -102.58564038 -97.57349901 1388.77073256
v 228.25797579 -81.89181135 1200.31554874
v -300.50954195 -48.72240927 1102.62868703
v -94.33694382 -84.91220559 1418.19029500
v 215.10658116 -81.48096948 1249.63341597
v -121.82845249 -82.68035763 1410.86255281
v 172.08245938 18.62861012 276.89414102
v 180.74005807 13.43061502 266.72571775
v 172.90647681 -65.21775995 158.56085229
v 161.71739162 -74.30239353 150.28535803
v -91.77556690 -78.57371840 1431.51369278
v -283.90762543 -49.05111709 1167.54153876
v 317.57844897 27.11033673 925.23240715
v 310.75851106 28.42083856 935.38085687
v 316.53952977 17.02751341 932.12786368
v -83.38495567 -72.90816321 1447.24897567
v 196.73721863 -49.92514354 1188.56676083
v -268.26369113 -67.81260435 1130.66276552
v -262.52513526 -64.58344661 1094.72474225
v 197.68491530 -73.01567782 1212.89101000
v -129.97166022 -36.13737926 1444.40848151
v -219.77519957 11.19680822 1179.56940015
v -220.61751663 6.54311905 1159.20708990
v 197.28391027 67.91428353 35.27431719
v 191.35700789 -64.03331066 1208.51326311
v 306.15153956 -41.97771115 1034.40368259
v -219.33796413 14.64167945 1230.71587303
v -121.81350089 -67.00312207 1429.00295141
v 102.26213885 -35.52800910 413.94680768
v 95.33645602 -20.74053550 426.80081646
v 213.75835663 45.58083517 30.54677012
v 204.12469071 44.28129973 36.48088239
v -229.78964389 9.38346665 1274.00436559
v -230.57744720 8.86660452 1253.05580432
v -221.41517026 12.76085782 1252.96936095
v 267.13095146 -63.00528888 1206.02878180
v -221.80368738 15.60766954 1278.95752590
v 290.02569141 -55.14644452 1093.95862766
v -362.14934495 -2.47996325 919.37405306
v -355.89483212 -11.25683571 948.59797441
v 181.03269145 -83.73553633 1315.63884732
v 360.92182996 41.09685037 802.96839462
v 361.63958702 28.16269758 813.00296070
v 370.63536361 31.02108281 815.46784149
v -322.39976218 -41.10280238 1014.11315253
v -191.94470308 -5.08900909 1404.56779041
v 189.23135604 -78.02334932 1267.08843210
v 327.45092720 67.39914576 801.55845662
v -182.40880596 -9.33853514 1414.76868226
v 197.61640201 -49.37603530 273.90650395
v 197.26219043 -59.30600875 301.03158757
v 202.69875301 -29.80705991 281.68563697
v 205.75532583 -29.35406321 310.01922404
v -213.18670256 10.79008250 1351.72536514
v 317.61326378 -18.63036822 1076.46542834
v 313.55419389 -30.62614717 1079.18484720
v 304.19519968 -30.58358911 1105.51462912
v -256.06809799 -57.46015857 1064.89077776
v -251.84114817 -53.23169402 1061.36473426
v -217.01181670 18.82963187 1314.02769747
v 142.60647501 -79.38481403 198.27350103
v 141.95610139 -79.87788770 224.89142530
v -214.32065789 19.84955603 1281.50912710
v 285.77244783 -60.18147768 1126.38343853
v 264.84943025 -64.77637740 1097.50690425
v 254.97916959 -63.35067140 1091.46825235
v -208.51341968 18.47085991 1259.04971524
v 116.53390132 -62.90806518 207.99654833
v 117.33108311 -57.88839251 169.49593291
v -258.44581539 1.59555925 1053.46849020
v -206.26064850 16.15026624 1240.58136753
v -324.24790925 -30.26338558 976.84250193
v -324.29390473 -25.01783874 966.50121948
v -337.64250262 -25.79674169 971.39695688
v 237.95585349 10.02647961 1177.26866271
v 326.71512588 56.10377536 883.59310298
v 328.96695192 63.18576256 874.92738104
v 191.78092079 -43.58885300 4.48685789
v 189.04952027 -42.78081391 1.95179891
v -301.63958060 -26.96733166 981.00056688
v 343.61019100 7.09108304 983.42061806
v -202.86934502 6.35448787 1196.67770268
v -187.20072022 -68.72816881 1233.57348648
v 116.52005068 -21.26339537 119.93877591
v -197.82226149 11.59085121 1218.13108113
v 214.14683019 3.30581906 1169.43903109
v 97.96053290 -4.07955944 370.86338626
v 97.45208429 -12.70914308 349.99039495
v -312.43870298 24.91156610 959.77301585
v -209.61767001 -66.82128307 1179.61438948
v -200.22107812 -60.45138495 1185.86326610
v 205.33974163 8.16827237 1195.61386135
v 329.58325553 42.06280831 865.30963841
v 238.56450211 -9.44494428 1103.34685808
v 233.29440321 -14.59024494 1101.22743866
v 123.03335967 -5.48202831 214.02791056
v -332.47208995 13.36105481 1020.25126893
v 334.69038317 -2.02633331 1026.09273715
v -218.20289167 -24.49074373 1117.21126930
v 109.84114657 -19.78752497 232.53786137
v -349.81967253 33.00645536 938.12594022
v -352.40449926 23.85273201 951.89431048
v -361.22823213 33.64236604 916.23894898
v 214.26386678 -68.21913555 1335.05070692
v 382.93147884 69.50306396 822.85991004
v 382.70567591 64.70357276 815.00154524
v 385.94187500 58.02127195 822.73354830
v -200.93157823 -32.84451119 1159.46865092
v -350.67502033 40.92049996 918.71856332
v -210.71484622 -45.20706232 1137.48991126
v 209.03092485 6.19778077 18.72829243
v 217.18993636 32.15334564 19.80029230
v 187.66366428 -79.75750622 1355.73754401
v 234.67946854 -76.09176488 1263.04268714
v 376.20672216 67.64346782 807.40676959
v 160.32943840 19.69011491 250.62648590
v -198.49283730 -66.12338841 1204.67792954
v -363.27301791 -3.81753060 937.14026461
v 124.87171146 6.44857936 252.48426327
v 132.71965226 14.55224860 244.41826239
v 238.37968760 -74.76209142 1253.56268992
v -328.59319794 -3.41524882 1054.58943768
v 296.20810840 21.34986721 1053.01889131
v 295.25658374 -47.57862868 1040.02592952
v -171.11431454 -80.52686476 1295.59088990
v -190.51908008 -80.36308956 1306.30248419
v 304.80507171 26.91395201 949.78036564
v -335.99033589 -2.51898096 1034.17916933
v -337.19533680 -22.18310970 1034.66908113
v -343.72730656 -15.20638729 1016.87024085
v 301.30207183 15.79814419 1068.20210270
v 182.81587818 -69.66573264 241.74996999
v 170.72870981 -4.32906015 62.11292039
v -221.04072942 -69.10648925 1294.36691253
v 198.22602329 -47.11337656 255.59260930
v 361.24311912 56.61899379 875.97455762
v 368.97627124 40.91394485 884.69521103
v 221.45941611 -9.95328775 1135.03057030
v -221.40017935 -76.92652268 1192.72150992
v 115.12554918 -0.44811997 262.03349669
v 122.86869228 0.27626543 245.67320939
v 349.75858484 57.63352993 900.57305735
v -227.97178259 -69.29475074 1160.43683727
v 229.65974204 -73.31626094 1155.18468362
v 216.35319662 -69.85930643 1169.11290369
v 235.12508608 -1.31524348 1259.82193080
v 125.95295048 -71.75485729 135.44370013
v 160.47971082 2.61487155 140.28273446
v -272.77452982 -57.00348114 1195.25893561
v -278.81370694 -41.59796300 1196.42012059
v -261.54316122 5.19369108 1101.05220481
v 305.74350431 -21.52630857 1120.29124653
v 303.04818043 -30.08727887 1122.67557382
v 298.16704735 -31.34704165 1003.89111551
v 298.24445002 -41.85480194 1022.97071148
v -295.57004236 -22.56292670 1145.30072489
v 135.07535573 3.16685012 205.84944905
v 293.06246534 -51.64458331 1123.35241905
v 291.42786311 -43.94249779 1138.59006829
v -269.38407199 6.16667158 1152.05017955
v 275.14316313 -41.32377748 1208.38176443
v -265.47293980 10.06534420 1135.59194766
v 322.28114454 -23.92362349 1002.14092136
v -257.07244217 10.20443512 1157.44834932
v 158.21394551 4.24577636 156.61235347
v -241.35638269 12.16142678 1161.10288867
v -314.35343417 12.32245933 1064.48356067
v -305.86087025 10.06918103 1093.82515393
v 234.31728241 -8.02687754 1121.48715057
v 259.52671031 3.70331944 1123.75589992
v 357.07815660 21.80931828 864.88945147
v 195.41424208 -39.42091000 218.96857559
v -225.51099460 -16.85784635 1113.57389264
v -340.19907791 6.79017982 1010.47081603
v 261.91978839 10.46838630 1086.63249695
v 249.09066624 6.58259365 1068.62960162
v -233.80976886 -24.88398186 1083.59504185
v 318.47676191 4.37964189 944.56886354
v 308.11576140 -3.36004786 962.49194561
v 189.55910535 -7.22287343 203.47781012
v 188.98832200 -1.84733678 223.19044089
v -235.41278924 -32.85616660 1074.88386534
v 162.96370847 17.37753007 230.15204885
v 164.93277263 12.68858548 210.96229677
v -218.10154827 -48.54344836 1113.75480728
v 263.14086085 5.87439800 1105.80863456
v -337.32142249 37.77743448 845.02254875
v -338.81482493 29.15447162 858.40740066
v 374.26615096 75.50029237 800.42432794
v 371.94675632 67.45183062 800.72874846
v 155.25813027 -21.90857710 1264.23146352
v -339.44051248 35.48900786 873.16348976
v 169.46200266 7.53148399 1262.92271921
v 164.45292078 -1.73626887 1263.08961954
v 154.08235655 -91.17918158 63.56044659
v -343.35585156 42.90727634 868.48060468
v 363.52754118 91.14423598 801.94396214
v 360.88698650 94.69236786 812.16835607
v 353.48943832 94.32626115 812.12095614
v 168.04037338 -15.87444277 1246.79691496
v -338.63841719 28.20814658 876.58192539
v -331.47491377 25.90893449 902.72954177
v 148.21884035 -37.29771586 1254.68616070
v 101.26423962 -41.43025444 1114.43008207
v 91.10871430 -44.89694230 1083.10441558
v 89.82064500 -49.30563456 1123.24385142
v -255.16642580 -73.27614809 1157.08872493
v -398.74045694 28.35712864 790.15124437
v -256.64239925 -69.62350709 1130.95637494
v 98.45017677 -47.26429929 1139.38894764
v 141.86099141 -101.99997672 17.35158784
v 155.84114282 -100.24571969 16.90667335
v 169.43653528 -67.45603821 398.61411641
v 160.28281434 -67.97891286 403.18204757
v -366.50508921 12.01160976 798.20016229
v -372.29267724 2.81103265 800.78148090
v -366.15935184 8.19407690 810.01485266
v 369.19266808 76.26192141 836.76397148
v 365.03906171 63.06626151 860.55140753
v 126.10645255 -21.87216317 1171.98679777
v -371.23944192 14.49351385 786.25838452
v 117.53392145 -25.73968762 1127.50653287
v 110.66959583 -35.26503772 1132.28447585
v 181.61666254 37.96808939 453.05387965
v 176.16648393 34.42109941 422.17906118
v 147.08043861 39.86688442 397.10905134
v -304.20122902 -20.07119837 1122.88256469
v 183.15761854 -16.49259644 606.62216789
v -25.42374943 -104.28390238 1365.94195529
v 193.95845537 28.24417733 566.78784855
v -362.90961959 24.75676197 800.23085023
v 347.53804773 48.80216465 921.66490891
v -293.66873406 -31.15837211 1147.23808005
v 351.00119385 16.38138372 948.68341336
v 347.07840104 8.74828947 959.94030320
v 191.53851382 17.25507314 563.93592429
v 191.75451417 15.81158367 585.88950445
v 118.25523936 -59.37568051 61.85897871
v 122.72085113 -72.59682114 55.01867523
v 120.98798692 -68.57647144 44.83025190
v 190.85663989 6.17396998 597.71364181
v 190.42866515 -3.55015565 617.03922637
v -358.75735814 24.83114150 816.81768816
v 158.67400247 35.67232763 370.14082985
v -7.07860116 -97.77714774 1355.78825257
v 346.09050473 30.69497185 951.77959284
v -407.43423998 15.11512438 831.30458518
v 112.15784321 -58.35488441 367.59911304
v 104.57709918 -53.53102164 331.37270461
v -287.02144621 20.85066267 1076.67914110
v 336.43049728 51.45614787 815.06135036
v 144.46427080 -49.73354830 474.88442098
v 149.57528550 -44.68247268 492.22178421
v 155.54532076 -46.77681451 475.83207978
v 169.68443389 -28.05652815 1238.73627845
v 134.25821702 -43.84375312 534.87355982
v -288.74403999 22.66321613 1043.54370206
v -380.07052571 2.39992864 824.56878984
v 247.57838271 -13.58421954 1046.06408269
v -300.81049927 25.62979102 1028.69412315
v 142.38918000 -47.03199418 1252.13294983
v 170.09220090 -29.93217703 552.87477227
v 183.08305355 46.14691749 44.99375360
v 167.94852283 -34.62434984 488.86197543
v 125.20960052 15.58285987 277.09037532
v -365.99029212 21.39871514 831.42977614
v -372.40910396 9.98699868 828.29424078
v -366.85857636 8.84956194 843.40244653
v 104.72805262 -47.82157771 375.52991764
v 353.35147383 38.77946873 803.82247324
v 205.30685630 -60.02978406 1174.53866224
v 177.17026440 -14.21174936 1229.97132312
v -248.67047550 -20.23486780 1049.43299951
v -251.27096139 -25.38213172 1043.98294014
v -341.24377245 20.93592671 879.23276340
v 114.28524606 -7.07384133 250.68124110
v -260.28601986 -33.54776891 1033.83153185
v 336.31310208 60.05792628 778.75893134
v 233.08792703 -26.91670231 1337.51926209
v -352.42086717 -5.77078546 918.90799597
v -264.67291123 -43.02395710 1036.18462378
v -252.02050346 -44.86545771 1050.68653583
v 201.42600792 136.82628513 14.58835424
v 199.20332074 135.78862639 11.05099278
v 216.65264841 123.28142265 13.93557570
v 353.80572058 90.41252350 798.89588059
v 345.42067180 91.23635047 812.33880684
v 221.70131015 -48.82958296 1348.60576820
v 213.34360302 -53.37326731 1359.36558530
v -342.39865034 35.52482205 942.99176582
v -342.31685240 23.88657434 972.22675341
v 236.33285158 -35.03911668 1322.94507774
v 230.00957915 -38.42015501 1338.65255384
v -245.87450830 -63.27821885 1101.44061912
v -258.56137226 -64.85738200 1112.19653501
v 154.93857651 36.27071569 356.08848041
v -404.07381379 31.46369815 833.32489988
v -406.42016491 39.34784314 825.74697838
v 223.32228572 10.80249198 1228.92315427
v -337.60777781 30.54996546 828.02573457
v 187.10414337 11.86466282 1250.15916044
v 163.65728848 4.72261846 63.95468979
v 112.73483049 -37.45371453 61.05120783
v -399.70158826 64.39888493 799.74801623
v -342.55832139 45.80293754 784.30561379
v -349.47268185 39.36154297 776.02611771
v 332.64637427 65.19329623 798.68938750
v 167.63340532 38.66471944 412.26854865
v -359.16599576 62.39622094 768.50725634
v -368.72441542 56.73676894 756.28853232
v -356.53902558 57.02247495 754.88331118
v 141.99704833 42.61070657 412.72284599
v 238.71972656 2.82679942 1230.96206177
v -324.45949206 -39.28039990 1042.16714265
v -372.27951994 43.11061097 757.71648566
v 114.37413159 -65.41583526 340.17210009
v 109.90994740 -58.08928661 308.35178042
v 390.14244827 44.45215322 830.19774291
v 380.51378984 38.06258209 820.44518850
v 127.65096804 -47.47087868 1204.18586975
v -394.76632093 49.22461289 776.67888957
v 113.61726887 -39.09955754 1166.00372378
v 180.26671583 -78.16782421 31.83878350
v 127.26822011 -71.18113587 355.06819992
v 358.24426926 26.49416379 844.39305169
v -343.59364746 15.46113834 987.62259125
v -403.33637929 23.20076356 828.68161417
v -408.31711467 24.06333676 820.86379845
v 117.02259257 -59.34461092 1199.56503461
v -372.16381406 76.85253107 805.83716147
v -298.08902914 24.65299116 1019.10353076
v 269.61903623 -12.99137616 1192.18580636
v 274.59687426 -35.09983726 1209.91282180
v -393.82546665 71.89051423 804.98792893
v 299.82778289 -21.52689158 1140.37667009
v 188.32897401 74.67676330 36.51447198
v 154.85148723 -79.66504129 344.04428393
v 166.16232281 -78.73417564 324.35549302
v -367.26482721 57.54179362 850.54818189
v -371.70640812 47.09440780 867.67198078
v -309.17613785 11.22109076 952.11883048
v 337.39921442 83.55831643 823.73327984
v -309.06858731 -0.65185316 951.29929670
v -378.17327117 5.63065566 881.99877180
v 264.01644960 -15.71753744 1210.82445084
v 247.77552824 -38.68821024 1062.78026600
v 253.96389590 -31.41879975 1047.37670223
v -372.69960735 1.54938921 842.17776894
v 143.30820302 82.88458160 32.47196057
v -323.04875117 -35.87890819 992.56089643
v 111.77315241 43.73008934 487.67892044
v 107.90302054 37.14181658 473.15353779
v 72.38032530 24.88433409 523.33074622
v 67.70061821 12.58185332 512.62143679
v 75.01422166 18.11230949 498.11780762
v -339.82880390 46.74582087 799.34924052
v 26.16567164 -102.86847390 1311.43921961
v 309.96042694 -14.81470008 976.99877682
v -368.20742430 17.95814834 825.96472125
v -370.13414102 1.50438347 816.61478091
v -371.25155730 18.26705189 919.34099143
v 112.71563035 -43.07673669 74.77823421
v 113.03699249 -23.88836616 75.57394937
v 10.95505975 -101.97016864 1322.24849035
v -381.40450277 -1.25893880 806.16571416
v -369.15405611 41.20550839 888.87071571
v 326.82157331 8.42295826 931.88045484
v 181.56501461 26.72712128 424.73025049
v 184.65591911 22.40739684 440.89831439
v -360.77595337 45.48211628 890.91473610
v -397.75293633 3.34432377 816.77838083
v -349.84010274 45.13763718 905.21083715
v 184.32819089 20.65651562 468.64929652
v -342.52701106 43.36328776 915.56218364
v -373.10140988 66.53987431 769.15869334
v -365.57955507 65.06787312 769.91030006
v 202.73215453 -17.45297722 363.54225261
v 205.17541711 -24.94155931 338.59427461
v 198.13747564 -25.59085041 388.19816358
v -379.65780299 57.60702261 764.55132208
v -320.40992568 30.44168588 957.93524984
v -363.82972012 69.15216220 801.34971260
v -354.75061015 62.16600156 802.50006983
v -327.18941797 33.36934180 952.44550348
v 182.00647319 -22.64321812 127.24251175
v 163.02039446 -77.85415626 70.77675997
v 152.08940494 -85.69762422 80.98917783
v 152.31612595 -79.60467578 112.04726175
v -380.38780356 74.56311872 779.16049399
v 203.62188313 -19.98472506 348.88146696
v -343.43129902 53.90972854 828.39731199
v -339.75342236 45.20397463 838.52317354
v 189.94234482 -14.67967396 432.90751450
v 192.29813522 -31.98140723 409.85279096
v -374.99153687 81.21486258 796.57843329
v -373.18521422 78.98208695 784.02726157
v 305.27113765 -9.11857919 1114.63305588
v -364.68038245 51.92317422 864.65072638
v 191.36815984 13.98575548 411.55428976
v 198.31893072 -3.02463663 399.08499369
v -319.32552615 6.23487456 930.72800148
v -351.27065796 41.29532988 767.43206453
v 185.76081121 143.20237730 14.37141968
v 172.95965673 140.52767809 11.55247872
v -340.83889565 -18.72787248 946.66086666
v -333.86029210 -21.45906939 952.25904993
v 209.86917653 -38.87297935 1138.34384426
v 74.36750509 -0.81733025 473.10480106
v 74.97490425 -13.12729421 482.67223820
v 82.73934515 -10.46100630 459.80360540
v -345.24399846 22.82770612 826.89664430
v 82.97335866 -20.25954439 474.91300277
v 91.94268643 -27.38399929 474.85554273
v 95.57681279 -24.18098724 460.16630043
v 382.03723141 46.27181219 820.75770579
v -364.77705430 4.28780622 890.91157882
v 172.56895075 74.02576525 551.15374164
v 184.79504901 56.78630369 557.44766619
v -365.31035146 16.82929541 813.56058243
v -352.66700399 13.20390078 879.54188492
v 166.69063221 78.66567940 580.19262192
v 175.37583319 70.47188352 569.86794308
v 171.86834984 79.27718544 600.10209957
v -47.60143511 -106.75922628 1376.84347030
v -33.41075781 -101.54739080 1381.18299204
v -370.29298324 4.67009517 878.76792273
v 25.91189617 -97.45267933 1376.51436669
v 267.31516395 -30.87625221 1031.65349379
v 189.42308412 38.39007759 551.93856859
v 135.82465301 65.60084731 483.47710356
v 135.40891338 61.66259028 466.75295060
v 147.32537609 65.57581834 472.54903226
v 120.67159070 -1.98311640 69.73075306
v 141.56146445 12.72283057 62.18235598
v 138.82998521 76.16866988 506.02902375
v -393.36587517 13.83483436 869.85561589
v 325.91175675 45.26254319 893.55112905
v 201.60959644 29.11945788 649.27465916
v 203.88176481 48.68670020 677.70985353
v 201.21892291 38.11411333 638.03039184
v 203.97740875 32.60603246 671.16363498
v 162.27711659 -53.77614831 1254.39267617
v 346.68179000 29.72876801 830.25351814
v -395.28305830 57.12739603 826.66477759
v 125.95748870 10.83878984 266.42152052
v 98.79144548 -29.77429098 314.54047480
v 338.40882094 43.30187894 825.83326447
v -411.24135129 15.94039687 820.56937075
v 345.03588628 26.19710584 865.03452392
v 339.88934886 24.78767258 891.14767483
v -403.59788508 22.16936404 842.65007255
v -357.41300894 58.27117325 845.98422723
v 69.19733942 -87.87102218 1221.57614594
v 72.97413926 -66.57885571 1165.36796655
v 187.86509410 2.27019613 551.07437505
v 188.85329699 -2.94251047 522.55383605
v -378.92926458 2.28202190 796.31204514
v 185.89412453 -17.96680750 489.45498717
v -358.59595323 65.63383966 812.13113600
v -384.52880424 65.75965705 776.33893841
v 152.39847132 -78.49543840 133.03351467
v -380.10509733 48.58664026 760.78135789
v -369.96818933 48.73429846 753.98126280
v -350.45043747 56.50760880 763.91016045
v 339.23779786 -2.30521386 976.56483344
v 326.83494650 -12.14919266 976.87363686
v 153.76222841 73.82262014 496.04833422
v -350.38957950 48.30242006 761.88009298
v -367.44921551 38.46808485 766.94118676
v -358.47436102 42.45069006 757.44798695
v -355.36280667 48.65009436 754.33581475
v 176.35839709 53.48500037 484.85617702
v 183.16597531 48.25560251 501.84206165
v -47.72487267 -77.77579203 1437.43650045
v 314.95420579 -35.01363892 1031.07580561
v 156.91319793 -2.56618559 127.63019982
v 204.90231344 -34.96073907 330.96528705
v 346.95263189 22.51928011 895.56745179
v 189.30027173 -9.88394563 183.41386983
v 195.52687963 -25.12527014 181.05773290
v 327.75186485 22.69563127 917.59356005
v 350.59939018 74.12544141 857.16165444
v 350.47953641 65.11991040 878.12390734
v 113.05852097 -44.91289753 175.32017043
v 112.12136491 -24.21983348 160.48444198
v 273.99893508 11.57823943 1096.28663809
v 262.89733137 -62.26840151 1083.63681532
v 100.56087256 -87.99756328 1010.67035470
v 121.53235259 -80.84871291 1004.02949906
v 101.30959954 -31.08428350 282.50310881
v 50.48576578 -137.07173806 875.21446132
v 36.98605133 -137.10272992 875.34388015
v 95.77676447 -101.06893425 987.80506287
v 98.00046873 -123.07441415 912.83437530
v 115.92149753 -55.54112748 149.20323927
v 124.52027214 -68.26847973 168.18469285
v 78.01573547 -131.91758305 861.89697450
v 101.88177301 -20.45724481 268.93112789
v 316.10553468 2.46885517 1065.26143239
v 206.99700510 8.13269302 6.23112135
v 110.92977003 -2.91312722 281.67348591
v 249.61352136 -79.62042131 1208.53816760
v 298.02452697 7.20063721 1094.22325897
v 143.53305619 -79.99048786 265.72744536
v 132.28353619 51.65488448 18.73577700
v 146.04714192 20.76177266 275.55553636
v 318.07229256 45.27852014 943.69813839
v 100.04606280 -34.82975282 402.08799471
v 193.10965106 -57.34001116 1199.53172740
v 203.30727433 -1.54222125 29.79681507
v 119.15286055 -63.16754310 372.78833734
v 109.71272582 -52.56499062 390.55599721
v 200.19525724 -50.78799874 291.83318420
v 129.47675933 -53.79064119 4.76068780
v 126.54654563 -72.53385892 210.00180365
v 112.77151897 -56.43742784 208.06956479
v 215.96316062 -2.11314607 1154.61891771
v 371.81465471 59.42906286 810.52659244
v 362.16189843 68.86183927 793.08620754
v 230.11599590 -66.96314381 1298.41107691
v 193.54843503 -23.71647779 32.74255815
v 227.16827599 -58.79078709 1323.59983497
v 151.21039205 1.98490015 143.04368819
v 256.32251884 -10.76761177 1032.00610260
v 306.65186888 -21.62725295 1099.34787803
v 265.93352930 -17.76262734 1025.74046338
v 151.99591069 19.12902775 246.47227152
v 206.74768048 -71.46751502 1188.64973365
v 319.33625265 -6.78405513 961.00307008
v 318.27975680 -19.36610617 985.09281496
v 135.80562520 -1.10463245 161.15771443
v 341.02033458 2.29705429 957.76053365
v 150.54364664 10.66183057 199.28003168
v 333.24232584 -1.68975666 956.02619844
v 230.61549850 -4.88671207 1135.50592929
v 165.83480202 -65.53167373 128.77137640
v 155.16454313 -9.35114392 1267.28958602
v 368.29802598 91.09420321 809.50570609
v 99.38377490 -18.24176813 325.85020789
v 111.67760814 0.88788699 312.60717352
v 346.00397198 87.50230664 795.71573018
v 144.45617670 -103.78431447 36.66068290
v 106.00281180 -41.87701655 1150.71170740
v 124.77084436 12.07203617 8.33589329
v 290.32586847 -41.63806189 1021.25633408
v 124.78878632 65.18672052 500.98704775
v 347.20553434 38.81203819 809.79209359
v 179.03121131 -11.10055911 55.17063901
v 179.92760284 -20.98149859 1218.17608763
v 226.25400478 45.56006110 8.19328390
v 194.28342428 -24.75366847 2.83964815
v 169.03422137 42.12270039 426.85518919
v 241.94621818 4.35844361 1213.68624579
v 189.67177471 -51.05653791 28.25227783
v 185.05386678 -32.11290929 46.30730099
v 158.88536242 -75.94856770 373.33943157
v 196.68452680 -28.28022976 20.95836974
v 132.00761522 -48.27250248 1220.32455075
v 171.41665390 135.58806916 23.42721686
v 94.71788026 40.42212476 500.08960383
v 150.93670508 106.15147461 27.40070370
v 188.62015195 12.28936727 426.31337916
v 115.35180142 -13.44219593 77.29708231
v 122.81255221 2.87804691 57.54570587
v 116.71029482 -14.03039845 50.41570375
v 196.55432655 -8.41975580 408.13424015
v 195.60370072 5.31629148 286.68767858
v 89.34907351 -31.23756773 504.12127666
v 82.94530534 -28.42859056 506.73305773
v 215.18443762 107.02429755 22.01581336
v 174.54117027 -39.27813626 961.31741171
v 172.24227388 -34.30481605 988.43624579
v 118.08751903 -89.18272491 990.41049154
v 144.72184402 -70.20127067 992.14171285
v 154.46516348 -54.04947639 1002.90216207
v 118.77030365 -95.76081219 970.73429849
v 70.61123389 -53.83075465 1106.77169877
v 105.97733731 -37.34490594 1098.37434671
v 360.88494631 52.65344901 800.26586481
v 56.41832230 -91.20183877 1231.34048833
v 185.40867175 -14.85258251 516.05885791
v 114.86457755 -13.73574670 100.11848544
v 165.30753493 67.70529999 494.41606845
v 188.83867001 21.75192029 525.24174890
v 114.54879417 -41.47449815 547.40533071
v 102.09365430 -35.02957115 515.71680902
v -4.23185260 -70.21822820 1444.21738791
v 89.11268510 -30.69506906 522.47746950
v -10.14451775 -78.59017334 1423.20998622
v -20.05621318 -75.07426559 1436.60762357
v 130.37773233 88.87266119 568.15846948
v 119.80673236 86.87860693 558.44365052
v 98.97452771 33.54117154 444.61291111
v 34.92187988 -107.92935745 1344.73781230
v 38.14068639 -109.96361236 1322.87023146
v -144.39333045 66.89048561 1311.61942139
v 105.51174778 -29.97263898 457.76550123
v 121.33733089 -41.70273832 458.90378453
v 116.52716028 -46.94542659 441.45338401
v -150.08676405 54.17780415 1298.99592963
v 122.57556829 90.30063435 591.24065154
v 127.49296919 92.40513692 617.03852427
v 116.74097897 89.54786884 608.48219764
v 93.77422632 -126.86585876 873.42303400
v 115.91263236 -115.57388933 856.67214136
v 148.74561443 -86.59323241 857.86244095
v 168.25247923 -65.63140017 858.76455780
v 104.62649874 -54.63572381 629.03143065
v 87.19798532 -50.94103387 629.99381632
v 78.53901313 51.01468084 557.17709820
v 84.11834873 49.91093044 542.84556830
v 113.91287982 -89.01969821 786.87453450
v 94.35889540 -87.96052601 782.31275333
v 93.19711308 -113.07571259 814.36298991
v 111.43119797 -97.71474886 801.46690748
v 75.67316391 -20.79875705 507.00063912
v 244.89018352 5.79358740 1198.21067050
v 272.71555823 5.21370511 1124.00694918
v 304.68073630 0.59998544 1093.31426305
v 69.72634137 -40.46519350 633.41265033
v 353.50335462 27.33481330 840.87779397
v 142.01086680 -48.92531993 589.51067266
v 146.43115511 -46.02040121 572.99575521
v 129.71668070 -48.84942872 568.60451977
v 48.77936290 -109.37514719 1371.06517176
v 73.42191119 -98.75170718 1256.21793699
v 141.30489866 -62.51556422 1009.29847247
v 157.84430088 94.97352768 657.63470677
v 226.29237449 -75.69940516 1286.67746463
v 136.94471565 -76.77332763 1270.36481459
v 73.94704839 48.33567727 577.01007074
v 87.90342334 64.42395102 578.21300310
v 86.59812370 66.84569430 591.06957155
v 114.27043242 -85.41103458 1253.41173527
v 132.42237848 -103.52312340 1315.88148069
v 103.90724432 -109.52709495 1297.31970681
v 109.91923890 100.93326756 694.26037993
v 104.69299175 99.98198942 690.45624921
v 125.33447365 21.36946801 329.36321313
v 125.04612452 28.29804700 359.66868538
v 103.02367592 -116.76559698 835.00477801
v 45.40163260 -2.17654089 649.56188020
v 130.86516667 -1.77052173 1123.41789155
v 135.05050273 11.92102130 1136.20712966
v 129.17822075 -66.17004594 687.47552667
v 106.77130928 -66.46646307 675.76090097
v 140.14853253 -94.47029646 882.57078053
v 123.28335707 -110.94996037 869.15860196
v 326.32582485 -2.89882921 953.02617219
v 54.20739035 -115.71019286 1345.64758505
v 92.17477928 -115.21731715 1331.38524123
v 75.97888787 -115.86324037 1331.30853095
v 29.87564081 -15.27623395 698.29945934
v 35.39675096 -12.46051325 681.76921252
v 78.61622160 -107.59453966 1278.83946331
v 190.28609491 23.25123354 542.83029691
v -126.05716237 -70.08670093 1018.90972679
v 98.89943682 -49.29167219 610.03822466
v 69.16254156 -16.02001455 587.02423199
v 134.12873060 33.88588759 363.57666496
v 164.15042885 35.72397845 389.31727598
v 135.02419735 90.97615340 586.24812628
v 78.20299423 10.89122275 456.65339353
v 79.40855718 -0.86599955 455.72908740
v 87.85630827 13.06515969 432.03840772
v 86.42720864 20.17002360 447.24296569
v 97.92423607 53.23230062 514.24441492
v 110.35343360 59.77026114 502.44737626
v 70.39251524 30.90785613 541.88918886
v 83.72365666 34.34173619 505.28728814
v 91.25225307 -7.44816137 420.82318513
v 87.49562257 -13.06214781 441.39649025
v 111.47886429 -118.46923848 882.60086393
v 108.55360928 77.53739464 564.67574278
v 116.01815350 85.48556913 569.12288813
v 90.54664574 -91.88446554 787.75329109
v 102.24208205 67.54194579 542.08557619
v 63.21892358 23.83474040 559.11505942
v 65.29527782 30.84767090 574.78150633
v 146.68379786 51.39539062 431.36027352
v 157.76651624 44.47104176 422.07982385
v 190.86909531 0.02387493 429.55836780
v 118.12208878 70.07225562 509.81805508
v 122.77431212 -60.57857448 638.66000249
v 118.37240427 -58.96460741 618.45831153
v 155.57337690 -48.47017131 629.25851738
v 151.73297425 -47.87819036 603.79087387
v 137.82928557 -56.33819140 627.21854605
v 185.58992748 79.32146801 645.83541725
v 174.54048976 81.79406552 621.43692985
v 91.89827121 79.07623514 614.78733509
v 88.08387988 73.13819022 607.00465936
v 141.71050794 -64.80716088 1268.33797538
v 134.10668902 106.88846331 720.67255327
v 89.42661229 -57.28604190 1061.14580124
v 58.37921341 8.72396456 604.13929355
v 62.41576797 3.81688359 570.29765080
v 58.36436974 -9.32533466 616.11771488
v 64.33897541 64.93772538 669.79631397
v 78.00333332 75.75957176 666.32169688
v 60.15660583 58.82421697 665.31269941
v 66.22626478 53.91726746 656.78679261
v 89.48784881 -62.56847162 703.57002999
v 92.10544565 -67.98523527 721.48808954
v 117.48950273 -69.50142931 707.04299344
v 68.46179889 -116.91539698 1350.15306172
v 133.80352660 -77.79930866 308.39540744
v 126.54090932 -74.04972350 294.74165333
v 94.31534700 87.10912293 668.55684744
v 104.21546048 -104.41193213 1281.86104865
v 57.24263249 -56.76784118 726.81672247
v 157.41724668 80.74434020 531.02176174
v 173.40443457 69.98144644 529.00435221
v 135.95578916 -1.34225287 144.62075621
v 190.30414979 6.09855514 504.98528009
v 145.52624287 -3.37511157 106.56902955
v 95.02561617 -35.61233546 562.11996864
v 109.63978793 -51.20041538 231.90558714
v 181.41964342 -12.37264274 139.49938379
v 163.55388373 -98.88199839 30.52188145
v 151.83724724 -103.32981476 35.01046239
v 110.43516146 80.49996884 533.16744363
v 111.78620426 70.71351372 517.52359565
v 125.48364318 86.73802894 544.86230592
v 104.62182053 -36.65723206 267.05961709
v 148.28372369 88.21549201 589.68086716
v 182.17688203 -29.28500644 127.89642970
v 159.94209604 -73.37677645 132.22541455
v 93.71456839 16.34882693 420.03556148
v 116.47627633 17.42553529 351.57509588
v 99.33944943 26.20182508 422.19638092
v 219.76240965 49.09439323 23.76176774
v 98.77703682 30.61539684 452.67398050
v 226.08043385 97.55884494 11.50332207
v 171.24917475 25.03424029 301.77010410
v 64.73680812 -10.22704866 590.37302725
v 195.13301290 -3.35819099 259.00245135
v 199.30549390 -16.27143059 242.36728843
v 55.99680724 -116.80811109 1332.45468686
v 63.13468573 16.97745250 542.73639932
v 70.51285130 -114.38909540 1303.99993632
v 141.29596890 -50.56698563 455.74500497
v 131.78180723 -47.98340600 467.88855651
v 111.05966247 -46.41268642 412.99424390
v 209.68189110 22.31963451 30.37655732
v 203.89198863 -15.88319546 13.02199561
v 102.70405520 -30.08427814 445.97040059
v 123.96478959 90.62394518 579.52760180
v 109.92770024 85.44251872 591.91158107
v -79.25287138 -27.49372859 563.83373638
v -84.27292398 -31.92422955 578.77293760
v 84.28608139 -54.50939708 657.57510708
v 78.61075007 -56.94024968 668.61918106
v 110.45895048 -32.39585074 1090.67746449
v 141.17538777 -46.24702286 501.53488793
v 193.70759038 -38.68342331 12.53450996
v 153.48004639 -27.46478567 1032.53548392
v 62.27872578 18.79068790 571.17878863
v -42.57373888 1.65731559 635.39411551
v -39.86416268 -0.23548248 645.28327687
v 63.24313988 30.44608702 601.31766016
v 104.59969067 65.19632345 524.11560854
v 107.07796873 75.74700303 554.58282532
v 188.56944869 5.94071860 261.95370622
v 142.35782384 -59.29592758 659.76642060
v 127.63304878 -58.19317928 614.90368611
v 120.33019099 -55.42956093 606.70669387
v 167.37878265 -54.00692732 939.08988559
v 174.69502106 7.28593358 201.07291569
v 123.39429381 -50.52657918 586.20322968
v 130.98185920 -104.48048975 853.99914897
v 127.28291807 -44.57811880 547.72096857
v 133.51368230 -48.29639986 481.87507300
v 124.47156384 -45.17854405 491.53835758
v 194.23485170 -3.25086430 237.58676114
v 103.03186968 -111.74800241 819.44381153
v 142.64794038 104.11816670 700.41736920
v 104.54366524 -95.31442814 794.54878972
v 126.79330325 -89.04841532 795.46021254
v 176.11744769 87.53457549 657.57070558
v -196.46471855 -36.63025828 151.91820291
v 62.38917713 39.84255663 637.96581300
v 93.22209376 76.99756609 593.43653583
v 156.18699958 -100.32966053 43.53623093
v 164.76073861 -78.76913517 345.89741353
v 156.44456691 31.47400083 340.80307824
v 165.32252313 70.12511292 509.46280499
v 84.73861068 88.98421139 673.15360332
v 101.20477372 -45.07431409 310.71619187
v 50.72587904 -44.58916467 705.28298700
v 54.20189247 -42.87889451 682.70662090
v 171.25474553 143.86071289 14.54649890
v 58.95991478 -40.01596680 659.37670729
v 118.48670603 -67.82024672 306.35989021
v 51.68336761 -9.99415922 639.28011727
v 222.61776405 101.66067957 9.04672471
v 73.78057451 61.12968783 648.47695524
v 67.30326823 51.01318640 651.21755777
v 144.43545299 -63.09202220 414.20517951
v 54.93707659 49.99036279 664.80325378
v 147.54828841 -55.65410481 640.77889299
v 197.94983435 -46.73219628 367.27142744
v 192.14126782 -47.90933197 386.89398860
v 113.21240815 -66.88055741 690.59770559
v 85.24318235 31.27597500 493.29636866
v 73.19328859 9.53771995 475.95859696
v 88.42360837 24.35387698 472.97717947
v 151.12304727 92.52691834 33.29873243
v 188.84126146 -8.32244180 472.10360123
v 114.91377796 -9.76188948 66.17712368
v -72.34783574 -98.49896194 989.47060898
v 214.73259628 121.75777078 10.16969137
v -128.70523423 -68.20880541 352.70051699
v 70.02118299 8.15676523 488.43500310
v 128.96247351 4.65986278 64.78888197
v 122.02232225 101.34516837 705.78061045
v 179.19072559 -23.16515527 538.01764384
v 28.14415107 -24.51885959 717.76290750
v 37.66384160 -37.50941131 716.99410438
v 175.98115005 -26.97242860 522.12855027
v 45.08780491 22.13114071 651.93213912
v 158.99487818 54.13934380 446.20439769
v -127.26912678 -66.96736066 325.31281153
v 94.00508953 -13.52928959 409.26412933
v 127.93966834 -83.12533905 2.44706447
v 96.92618792 79.69975847 607.56090636
v 120.59577859 98.87952023 689.44336612
v -97.45233661 -40.06556896 594.29909860
v 60.03967202 21.32246865 591.36038234
v 111.96999673 78.36568976 545.55893803
v 128.76528133 96.39642489 661.69623181
v 185.22082249 -16.87301420 47.90032433
v 195.70835127 -1.71264734 671.05920857
v -194.06141148 -63.51678775 210.87944992
v 124.71056089 -43.51796957 519.26118884
v -26.98225908 15.67515109 670.82145024
v 128.57597039 -60.48265813 399.77437805
v 89.00503387 22.62330111 458.26096218
v 69.11010313 -4.44758741 495.69862671
v -24.46111510 -36.26799772 770.53575776
v 184.34651992 -45.53971578 422.64279031
v -125.43200598 64.00366153 1097.68608032
v 108.73775879 89.14391936 618.65300348
v 179.29094643 64.87463019 902.50456560
v 189.17457587 49.89795066 895.72054471
v -66.27046801 -20.19078776 591.22596626
v -184.23289336 -76.77233770 232.52524921
v 121.49822713 53.77586632 446.54942632
v 111.38562523 44.29015801 446.15367335
v 119.44119250 46.05919254 453.97852816
v 111.79622539 36.23277561 460.55089518
v -167.34073948 103.28954179 703.78363342
v -34.81775729 -37.70656686 719.48989132
v -42.34233460 -41.94598083 734.16293141
v -32.05930406 -32.74385962 709.30694122
v -120.38731849 -62.15328111 360.94629793
v -180.68269512 -21.49132269 676.58679390
v -9.50239457 29.87259852 802.97521229
v -59.09309549 67.35302296 561.36652004
v -56.29849467 21.93902070 512.91026549
v -113.01128792 72.45503780 1108.72057180
v -44.21530095 3.92168296 622.40958955
v -56.88458412 -18.06560194 613.57677763
v 0.92972657 104.78634638 885.28451450
v -57.31730094 34.43359884 513.17017091
v 115.32267548 92.16718019 663.60930189
v 119.36923175 98.31421899 675.10579250
v 102.90096195 85.77729696 643.76968432
v -55.94364961 47.33988912 534.75814797
v -67.83250039 -28.31848365 608.54273889
v -81.01664433 -35.73941318 602.57632007
v 75.09700526 -64.86916178 724.01851273
v 59.83752551 -42.69469703 1469.26254752
v 124.11666498 105.07122825 828.62600193
v 69.55248015 91.84439642 786.50818321
v 66.10275416 89.29483207 767.58256269
v 67.79013038 84.72529725 728.77428892
v -127.96378326 -106.30085703 925.71477149
v -179.05546208 -54.42294411 883.94896601
v -184.46076262 -39.13900487 714.75923841
v 28.44151186 -54.11346277 784.11410221
v 41.65438535 -60.61068150 778.54040301
v 32.95387380 -80.71551007 789.99540048
v 28.84115584 -91.44207193 799.09025736
v -192.13992964 3.07404685 685.48760267
v 19.64618219 -81.33415397 799.50553316
v 0.01819502 -88.95693079 821.22983737
v 16.80815229 -107.57384805 822.10031222
v -198.20859625 0.06639318 707.52087989
v -193.52385132 -17.68480465 708.85434924
v -26.66001948 -49.99381037 777.95376872
v -61.98848196 92.46950023 849.20343447
v -34.24824122 -89.73940655 791.78006524
v -140.12013151 -93.48512804 933.20945546
v -153.95409652 -84.19185328 917.70505426
v -168.34317746 -63.21659829 908.52229718
v -164.03562943 -77.83582038 893.89993843
v -173.87913775 -65.60676608 880.41233023
v -60.44220139 120.69641574 1199.14595869
v -168.42725365 -43.36557978 996.37825881
v -206.87946621 -8.70377760 255.91678323
v -206.89271795 -5.57074891 746.86701895
v 18.60820570 109.36865375 898.46987892
v 53.20207916 -33.54754477 1475.11066322
v -200.32473028 -19.44975664 739.57149413
v -25.18368603 -69.78552210 787.12320634
v -23.39926615 -87.05489131 799.82575463
v -47.05483243 -93.52403307 787.20100161
v 24.23154385 42.68901839 1450.22061457
v -23.74274316 49.57242008 1384.65174568
v -36.68190389 56.27616017 1376.71461847
v -5.78421545 51.82704495 1371.47646772
v -16.86955602 61.89633973 1351.17906573
v -39.14468085 62.69652652 1354.94184589
v -109.32115094 -52.36409019 628.32229101
v -65.04790722 67.65543702 544.91693759
v -62.40764252 57.93877792 528.16266833
v -43.90221171 -63.46794786 770.20945299
v -103.70862580 83.15929621 511.55109892
v -207.72462402 -15.55604656 254.66693589
v -207.89566715 -25.80576599 268.75537072
v -193.18382279 -31.08963103 731.68601607
v -24.12852592 -22.58434863 723.27787872
v -21.80041415 -16.22854597 711.26897918
v -29.41228693 3.98075927 666.13037736
v -51.77724783 52.17955592 557.90180199
f 31 32 33
f 33 37 31
f 46 31 37
f 37 47 46
f 47 57 46
f 46 57 64
f 46 64 12
f 12 64 10
f 10 11 12
f 32 12 11
f 80 32 11
f 11 81 80
f 89 80 81
f 96 89 81
f 96 81 102
f 102 105 96
f 96 105 112
f 119 96 112
f 112 127 119
f 127 128 119
f 89 119 128
f 89 128 139
f 139 128 145
f 152 139 145
f 145 162 152
f 166 152 162
f 166 162 171
f 171 175 166
f 185 166 175
f 175 190 185
f 185 190 192
f 22 192 190
f 22 190 204
f 208 22 204
f 208 204 226
f 208 226 230
f 244 208 230
f 244 230 251
f 260 244 251
f 251 272 260
f 284 260 272
f 288 284 272
f 288 272 293
f 288 293 294
f 288 294 308
f 308 294 316
f 308 316 322
f 322 326 308
f 326 284 308
f 340 284 326
f 340 326 351
f 351 355 340
f 355 363 340
f 363 370 340
f 340 370 378
f 378 389 340
f 400 340 389
f 389 405 400
f 405 260 400
f 405 412 260
f 412 405 420
f 420 426 412
f 412 426 24
f 23 412 24
f 22 23 24
f 24 443 22
f 24 450 443
f 450 451 443
f 443 451 463
f 463 192 443
f 192 463 478
f 192 478 166
f 478 495 166
f 495 478 498
f 495 498 139
f 498 80 139
f 33 498 478
f 520 33 478
f 528 33 520
f 520 530 528
f 530 541 528
f 528 541 37
f 530 561 541
f 541 561 47
f 561 572 47
f 47 572 578
f 47 578 586
f 578 572 586
f 598 586 572
f 572 602 598
f 602 604 598
f 613 598 604
f 604 623 613
f 613 623 633
f 634 613 633
f 634 633 637
f 634 637 648
f 652 634 648
f 648 659 652
f 652 659 660
f 660 668 652
f 652 668 673
f 678 673 668
f 678 668 683
f 692 678 683
f 692 683 696
f 692 696 701
f 702 692 701
f 702 701 709
f 709 714 702
f 714 102 702
f 714 721 102
f 721 728 102
f 102 728 735
f 735 728 26
f 26 742 735
f 112 735 742
f 751 112 742
f 756 751 742
f 756 742 77
f 772 756 77
f 776 772 77
f 783 776 77
f 783 77 98
f 783 98 184
f 783 184 798
f 798 184 143
f 798 143 801
f 798 801 808
f 815 798 808
f 815 808 819
f 829 815 819
f 819 835 829
f 835 844 829
f 829 844 772
f 751 772 844
f 844 861 751
f 861 145 751
f 145 127 751
f 879 861 844
f 879 162 861
f 835 879 844
f 879 835 886
f 886 171 879
f 819 886 835
f 886 819 898
f 902 886 898
f 898 912 902
f 902 912 915
f 915 920 902
f 927 902 920
f 930 927 920
f 930 920 936
f 930 936 940
f 940 944 930
f 944 175 930
f 940 190 944
f 967 940 936
f 968 967 936
f 936 972 968
f 968 972 978
f 968 978 982
f 982 293 968
f 293 993 968
f 251 993 293
f 978 1005 982
f 982 1005 1009
f 1009 1015 982
f 294 982 1015
f 1015 1009 1031
f 1015 1031 1034
f 1015 1034 316
f 316 1034 1046
f 316 1046 1058
f 1059 1058 1046
f 1046 1067 1059
f 1059 1067 1073
f 1073 1076 1059
f 1080 1059 1076
f 1080 1076 1088
f 1092 1080 1088
f 1092 1088 1098
f 1105 1092 1098
f 1105 1098 1111
f 1105 1111 1116
f 1116 1123 1105
f 1126 1105 1123
f 1133 1126 1123
f 1133 1123 1136
f 1145 1133 1136
f 1145 1136 1146
f 1146 1151 1145
f 1155 1145 1151
f 1151 1166 1155
f 1155 1166 1091
f 1155 1091 1175
f 1175 1183 1155
f 1189 1183 1175
f 1175 1194 1189
f 1194 1199 1189
f 1189 1199 1203
f 1203 1211 1189
f 1203 1216 1211
f 1211 1216 1229
f 1211 1229 1126
f 1216 1242 1229
f 1105 1229 1242
f 1242 1216 1248
f 1092 1242 1248
f 1092 1248 322
f 322 1058 1092
f 351 322 1248
f 370 1248 1216
f 355 1248 370
f 1216 1203 370
f 1199 370 1203
f 370 1199 1293
f 1115 1293 1199
f 1293 1115 1306
f 1306 1320 1293
f 1293 1320 834
f 378 1293 834
f 834 1332 378
f 834 1339 1332
f 1339 1344 1332
f 1332 1344 389
f 1339 1353 1344
f 1344 1353 420
f 1339 1368 1353
f 1371 1353 1368
f 1368 1375 1371
f 1378 1371 1375
f 1378 1375 538
f 1378 538 1386
f 1386 1389 1378
f 1386 1399 1389
f 1389 1399 1371
f 1399 1386 1405
f 1406 1399 1405
f 1406 1405 1410
f 1410 24 1406
f 1410 1405 1415
f 1410 1415 450
f 1415 1425 450
f 1427 1425 1415
f 1415 1432 1427
f 1432 570 1427
f 1427 570 1442
f 1427 1442 1448
f 1442 1453 1448
f 1456 1448 1453
f 1453 890 1456
f 1456 890 561
f 561 890 1468
f 890 864 1468
f 1468 864 602
f 864 890 891
f 891 824 864
f 824 823 864
f 604 864 823
f 823 824 825
f 825 881 823
f 623 823 881
f 623 881 929
f 896 929 881
f 873 929 896
f 873 896 897
f 897 871 873
f 871 872 873
f 873 872 916
f 916 872 917
f 853 916 917
f 938 853 917
f 917 939 938
f 907 938 939
f 939 908 907
f 906 907 908
f 960 906 908
f 960 908 961
f 960 961 1377
f 950 960 1377
f 1377 1345 950
f 1345 1346 950
f 950 1346 948
f 948 949 950
f 949 906 950
f 906 949 1028
f 1028 949 1065
f 1028 1065 1066
f 1066 1027 1028
f 1027 991 1028
f 1028 991 907
f 907 991 992
f 991 1049 992
f 938 992 1049
f 1110 938 1049
f 1075 1110 1049
f 1074 1110 1075
f 1074 1075 808
f 808 1075 1027
f 1037 808 1027
f 1027 1093 1037
f 912 1037 1093
f 1110 1074 801
f 801 108 1110
f 108 1087 1110
f 108 1122 1087
f 1087 1122 809
f 637 1087 809
f 637 854 1087
f 854 938 1087
f 855 854 637
f 853 854 855
f 809 1122 810
f 809 810 811
f 809 811 648
f 811 836 648
f 648 836 838
f 836 837 838
f 838 837 1210
f 838 1210 659
f 1210 1170 659
f 1210 304 1170
f 304 1171 1170
f 1169 1170 1171
f 1171 1234 1169
f 696 1169 1234
f 1234 1288 696
f 1256 696 1288
f 1256 1288 1257
f 1218 1256 1257
f 1218 1257 1219
f 1218 1219 1220
f 714 1218 1220
f 1220 1219 1273
f 1220 1273 1335
f 1335 1336 1220
f 1336 1298 1220
f 1267 1220 1298
f 1298 1268 1267
f 1266 1267 1268
f 1266 1268 1326
f 1325 1266 1326
f 1325 1326 329
f 329 1574 1325
f 1325 1574 13
f 1325 13 1312
f 13 568 1312
f 568 1311 1312
f 1312 1311 1266
f 1311 568 1414
f 1414 1356 1311
f 1356 1358 1311
f 1358 1267 1311
f 1267 1358 728
f 728 1358 1357
f 1356 1357 1358
f 1401 1357 1356
f 1400 1401 1356
f 1441 1401 1400
f 1392 1441 1400
f 1393 1392 1400
f 1393 1400 1414
f 1394 1393 1414
f 1392 1393 1394
f 1429 1392 1394
f 1428 1429 1394
f 1428 1394 1451
f 1451 1469 1428
f 1421 1469 1451
f 1421 1451 1452
f 1452 552 1421
f 1421 552 1422
f 1198 1421 1422
f 1422 169 1198
f 1198 169 686
f 1198 686 1161
f 1160 1198 1161
f 1159 1160 1161
f 1159 1161 722
f 1159 722 406
f 1184 1159 406
f 1184 406 1185
f 1185 1392 1184
f 407 1185 406
f 406 51 407
f 53 407 51
f 51 52 53
f 53 52 430
f 53 430 391
f 390 53 391
f 390 391 40
f 39 390 40
f 38 39 40
f 40 88 38
f 38 88 76
f 76 27 38
f 27 26 38
f 1357 38 26
f 25 26 27
f 76 25 27
f 25 76 77
f 76 88 132
f 132 98 76
f 132 97 98
f 97 1 98
f 98 1 3
f 1 2 3
f 3 2 120
f 3 120 121
f 121 144 3
f 184 3 144
f 144 121 107
f 143 144 107
f 106 143 107
f 106 107 108
f 107 810 108
f 107 234 810
f 107 121 234
f 234 121 120
f 120 1474 234
f 234 1474 836
f 1474 120 1626
f 1626 215 1474
f 217 1474 215
f 215 216 217
f 217 216 258
f 217 258 304
f 259 304 258
f 258 198 259
f 200 259 198
f 198 199 200
f 200 199 289
f 289 290 200
f 289 317 290
f 359 290 317
f 274 359 317
f 274 317 318
f 274 318 275
f 273 274 275
f 273 275 341
f 273 341 342
f 419 273 342
f 376 419 342
f 376 342 377
f 376 377 327
f 329 376 327
f 327 328 329
f 328 327 780
f 456 328 780
f 456 780 454
f 454 455 456
f 455 763 456
f 763 503 456
f 445 503 763
f 445 763 168
f 168 167 445
f 167 444 445
f 445 444 502
f 476 502 444
f 476 444 477
f 476 477 14
f 477 15 14
f 13 14 15
f 14 13 503
f 502 14 503
f 15 477 521
f 521 568 15
f 521 1394 568
f 521 477 486
f 521 486 1451
f 485 486 477
f 486 485 552
f 551 552 485
f 551 485 444
f 444 531 551
f 1422 551 531
f 477 444 485
f 476 14 502
f 531 444 167
f 531 167 169
f 167 168 169
f 169 168 664
f 664 665 169
f 665 191 169
f 191 154 169
f 153 169 154
f 153 154 155
f 155 341 153
f 341 653 153
f 153 653 708
f 653 677 708
f 708 677 169
f 677 642 169
f 644 169 642
f 642 643 644
f 643 698 644
f 643 697 698
f 698 697 715
f 698 715 716
f 169 698 716
f 715 684 716
f 686 716 684
f 684 685 686
f 736 686 685
f 736 685 737
f 737 792 736
f 52 736 792
f 755 736 52
f 724 755 52
f 724 723 755
f 722 723 724
f 722 724 51
f 736 755 723
f 52 792 737
f 737 685 1677
f 737 1677 1686
f 737 1686 1308
f 1308 1676 737
f 430 737 1676
f 430 1676 1687
f 88 430 1687
f 88 1687 1721
f 1691 1721 1687
f 1687 1660 1691
f 1691 1660 1310
f 1691 1310 1749
f 1749 1310 1625
f 1625 2 1749
f 1625 1626 2
f 1718 1626 1625
f 1625 1630 1718
f 216 1718 1630
f 1630 1631 216
f 1756 1631 1630
f 1631 1756 1649
f 1649 1632 1631
f 1631 1632 198
f 1632 1637 198
f 1573 1637 1632
f 1573 1572 1637
f 1572 1636 1637
f 1333 1637 1636
f 1333 1636 643
f 1333 643 1334
f 199 1333 1334
f 1334 643 1264
f 1334 1264 1265
f 1265 317 1334
f 1264 653 1265
f 1265 653 318
f 1637 1333 199
f 1636 1572 697
f 1571 1572 1573
f 1571 1573 1649
f 1309 1571 1649
f 1310 1309 1649
f 1308 1309 1310
f 684 1571 1309
f 1677 684 1309
f 1571 715 1572
f 1649 1573 1632
f 1310 1649 1756
f 1625 1756 1630
f 1310 1756 1625
f 1310 1660 1308
f 1691 1749 1721
f 1721 1749 1
f 1660 1687 1676
f 1676 1308 1660
f 1308 1686 1309
f 1677 1309 1686
f 723 686 736
f 685 684 1677
f 684 715 1571
f 715 697 1572
f 1636 697 643
f 642 1264 643
f 169 644 698
f 677 1264 642
f 1264 677 653
f 341 318 653
f 377 155 154
f 153 708 169
f 377 154 191
f 665 377 191
f 665 1697 377
f 1697 665 327
f 1737 327 665
f 454 1737 665
f 664 454 665
f 168 455 664
f 502 503 445
f 763 455 168
f 455 454 664
f 1737 454 780
f 503 328 456
f 503 1574 328
f 1737 780 327
f 1512 376 329
f 1512 1298 376
f 327 377 1697
f 377 342 155
f 376 1336 419
f 1335 273 419
f 341 155 342
f 274 273 1532
f 1532 1234 274
f 1234 1642 274
f 1219 1532 273
f 1532 1219 1288
f 318 341 275
f 318 317 1265
f 274 1642 359
f 259 359 1642
f 359 259 290
f 1334 317 289
f 1334 289 199
f 198 1637 199
f 200 290 259
f 1631 198 258
f 259 1642 304
f 216 1631 258
f 1718 216 215
f 837 1474 217
f 1626 1718 215
f 2 1626 120
f 1 1749 2
f 97 1721 1
f 97 132 1721
f 132 88 1721
f 38 1357 39
f 390 39 1723
f 407 390 1723
f 1880 407 1723
f 1880 1723 1441
f 1185 1880 1441
f 1723 39 1401
f 40 391 88
f 391 430 88
f 52 737 430
f 724 52 51
f 53 390 407
f 407 1880 1185
f 51 406 722
f 1161 723 722
f 1160 1159 1184
f 1429 1160 1184
f 1469 1160 1429
f 686 723 1161
f 716 686 169
f 531 169 1422
f 1421 1198 1160
f 1422 552 551
f 552 1452 486
f 1452 1451 486
f 1421 1160 1469
f 1451 1394 521
f 1469 1429 1428
f 1429 1184 1392
f 1392 1185 1441
f 1441 1723 1401
f 1401 39 1357
f 1400 1356 1414
f 1394 1414 568
f 15 568 13
f 1574 503 13
f 1574 329 328
f 1326 1512 329
f 1312 1266 1325
f 1326 1268 1512
f 1266 1311 1267
f 1268 1298 1512
f 1267 721 1220
f 1298 1336 376
f 419 1336 1335
f 1335 1273 273
f 1273 1219 273
f 1256 1218 709
f 1257 1288 1219
f 1288 1234 1532
f 1234 1171 1642
f 660 1170 1169
f 683 660 1169
f 683 1536 660
f 1171 304 1642
f 1210 217 304
f 1210 837 217
f 837 836 1474
f 234 836 811
f 811 810 234
f 108 810 1122
f 108 801 106
f 1087 938 1110
f 1075 1049 991
f 1027 1075 991
f 1066 1093 1027
f 915 1093 1066
f 915 1066 1484
f 1483 915 1484
f 972 1483 1484
f 972 1484 1005
f 1484 1066 1065
f 1484 1065 1009
f 1065 949 948
f 948 1031 1065
f 1031 948 1346
f 1073 1346 1345
f 1073 1345 1564
f 1073 1564 1576
f 1576 1564 205
f 1576 205 314
f 314 1575 1576
f 1576 1575 1076
f 1591 1076 1575
f 1591 1575 1592
f 1590 1591 1592
f 1590 1592 1956
f 1652 1590 1956
f 1956 1650 1652
f 1650 1651 1652
f 1111 1652 1651
f 1650 1664 1651
f 1116 1651 1664
f 1664 1665 1116
f 1665 1664 1970
f 1970 212 1665
f 214 1665 212
f 212 213 214
f 214 213 1136
f 1136 1982 214
f 213 212 257
f 256 213 257
f 257 1989 256
f 1989 1609 256
f 1609 1608 256
f 1607 1608 1609
f 1609 1991 1607
f 1607 1991 337
f 337 369 1607
f 1612 1607 369
f 1616 1612 369
f 1616 369 545
f 545 1617 1616
f 1616 1617 1618
f 1997 1616 1618
f 1999 1997 1618
f 1621 1999 1618
f 1621 1618 547
f 547 1544 1621
f 1621 1544 1134
f 1546 1134 1544
f 1544 1545 1546
f 1545 576 1546
f 1550 1546 576
f 576 632 1550
f 1550 632 1551
f 1551 2008 1550
f 1550 2008 1555
f 2008 1004 1555
f 1555 1004 1556
f 1556 773 1555
f 1546 1555 773
f 773 1560 1546
f 1560 773 749
f 1135 1560 749
f 1135 749 2019
f 1135 2019 1072
f 1071 1135 1072
f 1070 1071 1072
f 1070 1072 1090
f 1070 1090 1089
f 1999 1070 1089
f 1089 1090 1091
f 1997 1089 1091
f 1090 1114 1091
f 1114 1090 1072
f 1114 1072 1115
f 1114 1115 1194
f 1071 1070 1999
f 1134 1071 1999
f 1071 1134 1135
f 2019 1306 1072
f 1306 2019 805
f 805 2019 806
f 805 806 807
f 805 807 1320
f 807 806 2034
f 807 2034 833
f 833 834 807
f 833 2034 1368
f 2034 858 1368
f 858 860 1368
f 858 859 860
f 860 859 1375
f 859 880 1375
f 859 795 880
f 880 795 440
f 440 538 880
f 538 440 2050
f 538 2050 539
f 538 539 540
f 2057 538 540
f 571 2057 540
f 2057 571 570
f 569 570 571
f 571 597 569
f 569 597 1453
f 597 571 539
f 539 596 597
f 597 596 2075
f 622 597 2075
f 2075 442 622
f 442 621 622
f 622 621 975
f 622 975 824
f 621 976 975
f 975 976 977
f 999 975 977
f 999 977 1019
f 999 1019 998
f 998 896 999
f 825 999 896
f 2098 998 1019
f 1021 2098 1019
f 1019 1020 1021
f 2101 1021 1020
f 1044 2101 1020
f 1020 1045 1044
f 1043 1044 1045
f 1043 1045 2104
f 1043 2104 469
f 469 1412 1043
f 1043 1412 1413
f 1412 496 1413
f 496 1182 1413
f 1182 1426 1413
f 1413 1426 1044
f 1426 2113 1044
f 1445 2113 1426
f 1426 1446 1445
f 1445 1446 1447
f 2119 1447 1446
f 1446 206 2119
f 1564 2119 206
f 1446 1463 206
f 206 1463 1154
f 1154 207 206
f 205 206 207
f 207 1154 314
f 249 314 1154
f 249 1154 250
f 248 249 250
f 248 250 1182
f 250 1463 1182
f 286 249 248
f 286 248 287
f 286 287 179
f 179 29 286
f 286 29 314
f 314 29 315
f 1233 314 315
f 893 1233 315
f 315 2136 893
f 2136 894 893
f 893 894 895
f 893 895 2139
f 1592 2139 895
f 895 913 1592
f 913 895 914
f 2144 913 914
f 2144 914 934
f 933 2144 934
f 933 934 935
f 935 1569 933
f 1569 959 933
f 958 933 959
f 957 958 959
f 957 959 2150
f 957 2150 1342
f 1341 957 1342
f 1341 1342 1343
f 2156 1341 1343
f 1343 1365 2156
f 1367 2156 1365
f 1365 1366 1367
f 1367 1366 2159
f 2159 1366 1989
f 1366 1365 1381
f 1381 1382 1366
f 1382 2164 1366
f 1609 1366 2164
f 338 2164 1382
f 712 338 1382
f 118 712 1382
f 117 712 118
f 116 117 118
f 118 2174 116
f 2174 137 116
f 136 116 137
f 136 137 138
f 138 1577 136
f 136 1577 163
f 163 165 136
f 163 164 165
f 164 1672 165
f 1672 2183 165
f 2183 189 165
f 189 116 165
f 189 713 116
f 650 713 189
f 651 650 189
f 649 650 651
f 649 651 2190
f 649 2190 219
f 219 655 649
f 655 672 649
f 655 693 672
f 672 693 695
f 695 650 672
f 693 694 695
f 694 2197 695
f 2197 2200 695
f 695 2200 712
f 695 712 713
f 2200 2205 712
f 2200 339 2205
f 338 2205 339
f 337 338 339
f 337 339 1252
f 1252 367 337
f 367 1252 368
f 367 368 369
f 1272 368 1252
f 403 1272 1252
f 404 403 1252
f 402 403 404
f 404 1292 402
f 402 1292 423
f 425 402 423
f 423 424 425
f 34 425 424
f 424 2216 34
f 2216 35 34
f 34 35 36
f 36 35 2148
f 36 2148 62
f 61 36 62
f 61 62 63
f 61 63 74
f 425 61 74
f 403 425 74
f 74 63 75
f 75 95 74
f 1272 74 95
f 95 75 93
f 93 94 95
f 95 94 368
f 545 368 94
f 94 546 545
f 545 546 547
f 94 93 546
f 546 93 1545
f 577 93 75
f 576 93 577
f 599 576 577
f 62 599 577
f 601 576 599
f 599 600 601
f 630 601 600
f 630 600 2247
f 630 2247 631
f 630 631 632
f 632 631 981
f 631 505 981
f 981 505 979
f 979 980 981
f 1551 981 980
f 980 979 1004
f 979 1003 1004
f 1003 774 1004
f 1029 774 1003
f 1003 2272 1029
f 1029 2272 292
f 1029 292 1030
f 1030 1056 1029
f 1056 1030 2277
f 2277 1057 1056
f 1055 1056 1057
f 733 1055 1057
f 733 1057 2278
f 733 2278 734
f 732 733 734
f 734 2279 732
f 750 732 2279
f 2279 806 750
f 749 732 750
f 2279 734 859
f 733 732 775
f 773 775 732
f 773 774 775
f 1055 775 774
f 795 734 2278
f 2278 796 795
f 795 796 797
f 795 797 2292
f 2292 797 441
f 2292 441 440
f 440 441 442
f 596 440 442
f 469 441 797
f 797 467 469
f 467 468 469
f 2299 469 468
f 2299 468 497
f 2299 497 496
f 496 497 287
f 518 287 497
f 497 2277 518
f 2277 519 518
f 518 519 180
f 180 519 2306
f 180 2306 2307
f 180 2307 30
f 30 179 180
f 2223 30 2307
f 2307 278 2223
f 277 2223 278
f 276 277 278
f 292 276 278
f 291 276 292
f 291 292 505
f 505 2315 291
f 330 291 2315
f 2315 553 330
f 330 553 331
f 330 331 276
f 553 343 331
f 343 344 331
f 344 2318 331
f 2318 277 331
f 2318 394 277
f 394 2318 2177
f 2177 392 394
f 392 393 394
f 2223 394 393
f 393 392 408
f 393 408 41
f 41 43 393
f 393 43 2136
f 393 2136 28
f 393 28 30
f 28 29 30
f 2136 29 28
f 41 42 43
f 934 43 42
f 42 2124 934
f 2124 42 2336
f 2124 2336 1568
f 1569 2124 1568
f 1568 1563 1569
f 1563 1568 1561
f 1561 1562 1563
f 1563 1562 2150
f 2131 2150 1562
f 2131 1562 1594
f 2131 1594 1577
f 1343 2131 1577
f 1577 1594 1595
f 1577 1595 1578
f 1577 1578 1579
f 2350 1579 1578
f 2350 1578 2351
f 2207 2350 2351
f 2207 2351 1673
f 1672 2207 1673
f 1672 1673 1655
f 1654 1672 1655
f 1653 1654 1655
f 1653 1655 201
f 201 2213 1653
f 203 1653 2213
f 2190 1653 203
f 201 203 2213
f 201 202 203
f 203 202 218
f 218 219 203
f 219 218 2298
f 219 2298 645
f 2378 645 2298
f 689 2378 2298
f 689 2298 687
f 687 688 689
f 699 689 688
f 699 688 700
f 123 699 700
f 2386 123 700
f 2386 700 2303
f 727 2386 2303
f 2303 725 727
f 725 726 727
f 739 727 726
f 738 739 726
f 726 2388 738
f 2388 1050 738
f 78 738 1050
f 766 78 1050
f 766 1050 764
f 764 765 766
f 765 782 766
f 781 766 782
f 782 866 781
f 1094 781 866
f 1094 866 1095
f 1095 16 1094
f 16 18 1094
f 16 17 18
f 17 447 18
f 446 18 447
f 4 446 447
f 4 447 2394
f 2394 1289 4
f 1289 366 4
f 4 366 5
f 4 5 6
f 6 5 79
f 78 6 79
f 446 6 78
f 78 2399 446
f 2201 79 5
f 2201 5 109
f 111 2201 109
f 109 110 111
f 123 111 110
f 110 122 123
f 110 365 122
f 122 365 2282
f 2282 156 122
f 122 156 699
f 2282 157 156
f 156 157 158
f 156 158 689
f 157 170 158
f 158 170 2409
f 158 2409 2378
f 2409 646 2378
f 2409 2287 646
f 646 2287 647
f 645 646 647
f 647 655 645
f 647 654 655
f 654 647 2410
f 2410 963 654
f 962 654 963
f 2035 962 963
f 2035 963 2414
f 2417 2035 2414
f 2414 910 2417
f 909 2417 910
f 909 910 911
f 911 1369 909
f 909 1369 1370
f 909 1370 2047
f 2047 1370 953
f 2047 953 2216
f 2216 2417 2047
f 953 1370 951
f 951 952 953
f 1403 953 952
f 952 1402 1403
f 2140 1403 1402
f 1402 1848 2140
f 2140 1848 2428
f 1361 2140 2428
f 1361 2428 1359
f 1359 1360 1361
f 1431 1361 1360
f 1360 1430 1431
f 1430 2148 1431
f 2148 1430 599
f 1430 1395 599
f 1430 2439 1395
f 1395 2439 1137
f 1395 1137 600
f 1137 1139 600
f 1137 1138 1139
f 1138 487 1139
f 489 1139 487
f 487 488 489
f 489 488 504
f 489 504 505
f 488 840 504
f 2315 504 840
f 488 839 840
f 534 840 839
f 534 839 532
f 532 533 534
f 533 554 534
f 553 534 554
f 533 1130 554
f 1130 882 554
f 882 343 554
f 882 2023 343
f 2446 2023 882
f 2447 2446 882
f 2447 827 2446
f 827 826 2446
f 826 827 828
f 828 919 826
f 918 826 919
f 2029 918 919
f 2459 2029 919
f 919 746 2459
f 746 874 2459
f 876 2459 874
f 874 875 876
f 1328 876 875
f 1327 1328 875
f 1327 875 2125
f 1327 2125 2462
f 2469 1327 2462
f 2469 2462 1270
f 1269 2469 1270
f 1269 1270 1271
f 1271 1299 1269
f 1269 1299 1593
f 2135 1269 1593
f 2135 1593 1158
f 1315 2135 1158
f 1315 1158 2483
f 1315 2483 1313
f 1313 1314 1315
f 1668 1315 1314
f 1667 1668 1314
f 1667 1314 2208
f 1661 1667 2208
f 1661 2208 2489
f 1661 2489 2490
f 2490 1662 1661
f 1661 1662 1663
f 1663 201 1661
f 1680 1663 1662
f 2215 1680 1662
f 2215 1662 2500
f 2502 2215 2500
f 1678 2502 2500
f 1678 2500 1679
f 1678 1679 1465
f 1464 1678 1465
f 1464 1465 1466
f 1466 2157 1464
f 1423 1464 2157
f 1423 2157 1340
f 1423 1340 1729
f 1729 1424 1423
f 1186 1423 1424
f 1186 1424 1187
f 1186 1187 1188
f 2168 1186 1188
f 2168 1188 2037
f 2168 2037 2514
f 1460 2168 2514
f 1460 2514 1236
f 765 1460 1236
f 1235 765 1236
f 1235 1236 1237
f 892 1235 1237
f 1172 892 1237
f 1172 1237 2521
f 2521 2048 1172
f 1172 2048 1173
f 1172 1173 1174
f 1274 1174 1173
f 1274 1173 1275
f 1223 1274 1275
f 1223 1275 1600
f 1223 1600 2141
f 1223 2141 2533
f 1223 2533 1221
f 1221 1222 1223
f 1221 1079 1222
f 2534 1222 1079
f 1891 2534 1079
f 1113 1891 1079
f 1112 1113 1079
f 1078 1112 1079
f 1077 1078 1079
f 1077 1482 1078
f 1078 1482 2127
f 2127 1932 1078
f 1932 1152 1078
f 1152 1932 1153
f 1113 1152 1153
f 1153 1125 1113
f 1124 1113 1125
f 1124 1125 2212
f 2212 2542 1124
f 1124 2542 856
f 1124 856 1891
f 1891 856 816
f 856 857 816
f 857 817 816
f 816 817 818
f 816 818 1174
f 1174 2553 816
f 2534 816 2553
f 1274 2534 2553
f 818 892 1174
f 865 892 818
f 865 867 892
f 865 866 867
f 818 817 865
f 2560 865 817
f 592 2560 817
f 1847 2560 592
f 591 1847 592
f 591 592 550
f 549 591 550
f 548 549 550
f 548 550 2542
f 2575 2542 550
f 857 2542 2575
f 2575 592 857
f 549 548 638
f 638 603 549
f 135 549 603
f 147 135 603
f 147 603 2576
f 147 2576 1915
f 2580 147 1915
f 1017 2580 1915
f 1915 372 1017
f 1016 1017 372
f 984 1016 372
f 372 983 984
f 983 2590 984
f 2594 984 2590
f 2594 2590 427
f 1068 2594 427
f 1068 427 1069
f 974 1068 1069
f 974 1069 1032
f 974 1032 1033
f 2598 974 1033
f 1033 2603 2598
f 932 2598 2603
f 932 2603 1444
f 1443 932 1444
f 1443 1444 1416
f 1249 1443 1416
f 1249 1416 1417
f 2609 1249 1417
f 1417 2170 2609
f 1472 2609 2170
f 2170 1557 1472
f 1472 1557 1454
f 1472 1454 1473
f 263 1473 1454
f 1454 1455 263
f 263 1455 1082
f 1082 261 263
f 261 262 263
f 262 261 1200
f 247 262 1200
f 1200 1201 247
f 1201 1167 247
f 247 1167 245
f 245 246 247
f 246 324 247
f 323 247 324
f 323 324 1250
f 323 1250 1249
f 1212 1249 1250
f 1212 1250 310
f 310 309 1212
f 309 310 311
f 2617 309 311
f 1905 2617 311
f 1905 311 931
f 931 932 1905
f 931 901 932
f 901 931 899
f 899 900 901
f 900 2623 901
f 901 2623 2598
f 973 2623 900
f 973 900 1909
f 1909 943 973
f 973 943 974
f 1909 941 943
f 941 942 943
f 2625 943 942
f 942 1994 2625
f 2594 2625 1994
f 942 1379 1994
f 1350 1994 1379
f 1379 1380 1350
f 1350 1380 1351
f 1350 1351 1352
f 1350 1352 2635
f 1352 1017 2635
f 148 1017 1352
f 1411 148 1352
f 1352 48 1411
f 1411 48 1388
f 1388 1387 1411
f 1387 1388 82
f 1387 82 146
f 148 1387 146
f 146 147 148
f 146 82 1753
f 1753 2643 146
f 135 146 2643
f 135 2643 2647
f 135 2647 133
f 133 134 135
f 133 193 134
f 134 193 194
f 591 134 194
f 194 193 2651
f 1847 194 2651
f 2651 186 1847
f 2651 187 186
f 186 187 188
f 186 188 16
f 187 679 188
f 188 679 1861
f 188 1861 17
f 17 1861 2658
f 670 2658 1861
f 670 1861 671
f 669 670 671
f 671 720 669
f 379 669 720
f 1867 379 720
f 720 2442 1867
f 1867 2442 1041
f 1867 1041 710
f 1867 710 380
f 710 711 380
f 711 381 380
f 379 380 381
f 379 381 1290
f 1290 381 364
f 364 1289 1290
f 364 381 432
f 364 432 365
f 364 365 366
f 109 366 365
f 431 365 432
f 431 1828 365
f 70 1828 431
f 70 431 711
f 70 711 1301
f 70 1301 421
f 421 422 70
f 70 422 68
f 68 69 70
f 68 60 69
f 60 59 69
f 59 170 69
f 59 911 170
f 2287 170 911
f 58 59 60
f 60 103 58
f 58 103 104
f 58 104 952
f 104 90 952
f 104 103 90
f 103 506 90
f 506 91 90
f 90 91 92
f 1402 90 92
f 91 587 92
f 92 587 1848
f 587 2689 1848
f 1848 2689 574
f 574 2689 2387
f 2387 575 574
f 573 574 575
f 575 635 573
f 573 635 636
f 636 1854 573
f 2700 1854 636
f 636 2702 2700
f 2700 2702 626
f 2700 626 625
f 624 625 626
f 626 1010 624
f 1010 1011 624
f 624 1011 1916
f 2709 624 1916
f 1002 2709 1916
f 2710 1002 1916
f 2710 1000 1002
f 1000 1001 1002
f 1002 1001 1061
f 1060 1002 1061
f 533 1060 1061
f 1001 1047 1061
f 1047 2447 1061
f 1061 2447 1130
f 759 2447 1047
f 1047 1048 759
f 1048 757 759
f 757 758 759
f 827 759 758
f 2723 758 757
f 757 747 2723
f 747 746 2723
f 828 2723 746
f 746 747 748
f 747 800 748
f 799 748 800
f 1883 799 800
f 800 2732 1883
f 2733 1883 2732
f 2732 794 2733
f 793 2733 794
f 481 793 794
f 481 794 479
f 479 480 481
f 479 1000 480
f 2740 480 1000
f 2740 1000 516
f 465 2740 516
f 516 466 465
f 464 465 466
f 529 464 466
f 466 515 529
f 1684 529 515
f 2750 1684 515
f 515 517 2750
f 1011 2750 517
f 517 2710 1011
f 515 516 517
f 1010 1684 2750
f 2674 1684 1010
f 1684 2674 1685
f 1683 1684 1685
f 1685 2228 1683
f 1683 2228 2222
f 2221 1683 2222
f 2682 2221 2222
f 2222 2681 2682
f 2681 1688 2682
f 2682 1688 1690
f 1688 1689 1690
f 1689 2234 1690
f 2234 1627 1690
f 1690 1627 2229
f 1690 2229 2221
f 2229 529 2221
f 1627 464 2229
f 1627 1629 464
f 1627 1628 1629
f 1628 2176 1629
f 2176 465 1629
f 2175 465 2176
f 2175 2176 2765
f 2765 1635 2175
f 2175 1635 1634
f 2175 1634 2740
f 1633 1634 1635
f 1635 2189 1633
f 1633 2189 2181
f 2181 2182 1633
f 2613 2182 2181
f 2613 2181 1300
f 2612 2613 1300
f 1299 2612 1300
f 1299 1300 1202
f 1202 1158 1299
f 1158 1202 1156
f 1156 1157 1158
f 1204 1157 1156
f 1580 1204 1156
f 1156 2614 1580
f 2614 1581 1580
f 1251 1580 1581
f 1581 1205 1251
f 1204 1251 1205
f 1204 1205 1206
f 1206 2672 1204
f 2672 1206 1975
f 1658 2672 1975
f 1975 1659 1658
f 1291 1658 1659
f 1659 1253 1291
f 1255 1291 1253
f 1253 1254 1255
f 1255 1254 2673
f 1255 2673 2489
f 1465 2673 1254
f 1254 1253 1296
f 1296 1340 1254
f 1254 1340 1466
f 1296 1295 1340
f 1294 1295 1296
f 1294 2703 1295
f 1295 2703 2736
f 1295 2736 1729
f 1729 2736 1730
f 1187 1729 1730
f 1187 1730 2295
f 2297 1187 2295
f 2295 2296 2297
f 2745 2297 2296
f 2745 2296 2746
f 2745 2746 1736
f 1735 2745 1736
f 1734 1735 1736
f 1734 1736 2302
f 1648 1734 2302
f 2065 1648 2302
f 2065 2302 2561
f 2065 2561 1502
f 1501 2065 1502
f 1501 1502 1503
f 1693 1501 1503
f 2063 1693 1503
f 2063 1503 2238
f 2238 2064 2063
f 1514 2063 2064
f 1514 2064 2082
f 2082 1515 1514
f 1513 1514 1515
f 1515 1700 1513
f 1513 1700 2257
f 1513 2257 2080
f 2080 2079 1513
f 2079 2080 1640
f 1514 2079 1640
f 1640 1693 1514
f 1693 1640 1639
f 1639 1640 1641
f 1641 2192 1639
f 2191 1639 2192
f 2191 2192 2193
f 2666 2191 2193
f 2666 2193 2665
f 2665 1646 2666
f 1648 2666 1646
f 1646 1647 1648
f 1485 1648 1647
f 1647 2199 1485
f 2198 1485 2199
f 2198 2199 2805
f 2805 2722 2198
f 1720 2198 2722
f 2722 1599 1720
f 1599 1719 1720
f 2281 1720 1719
f 1719 2049 2281
f 2049 2280 2281
f 1725 2281 2280
f 1725 2280 2036
f 1725 2036 2038
f 2038 1726 1725
f 1724 1725 1726
f 1726 1486 1724
f 1724 1486 2198
f 2281 1724 2198
f 1726 2039 1486
f 1487 1486 2039
f 1487 2039 1734
f 1485 1486 1487
f 1726 2038 2039
f 2039 2038 1735
f 2038 2818 1735
f 2038 2037 2818
f 2036 2037 2038
f 2036 1491 2037
f 1492 1491 2036
f 1237 1491 1492
f 1492 2036 2280
f 2281 1725 1724
f 1492 2280 2049
f 2521 1492 2049
f 1719 2048 2049
f 1719 1601 2048
f 1600 2048 1601
f 1599 1600 1601
f 2048 1600 2824
f 1599 1601 1719
f 1599 2722 2142
f 2142 2141 1599
f 2141 2142 2143
f 2143 1604 2141
f 1604 2143 1605
f 1604 1605 1606
f 2533 1604 1606
f 2533 1606 2149
f 2149 1606 2832
f 2832 2095 2149
f 2095 1221 2149
f 1522 1221 2095
f 1522 2095 1523
f 1521 1522 1523
f 1521 1523 1709
f 1709 2094 1521
f 2261 1521 2094
f 2024 2261 2094
f 1477 2024 2094
f 1534 1477 2094
f 1535 1534 2094
f 1533 1534 1535
f 1533 1535 1549
f 1549 1548 1533
f 1548 2103 1533
f 2103 1475 1533
f 1475 2103 429
f 429 2025 1475
f 2025 1476 1475
f 1475 1476 1477
f 1476 2025 428
f 428 2538 1476
f 2538 306 1476
f 1476 306 305
f 305 2024 1476
f 2024 305 1482
f 307 1482 305
f 307 1481 1482
f 307 2217 1481
f 2217 325 1481
f 264 1481 325
f 325 236 264
f 264 236 235
f 264 235 265
f 265 2127 264
f 1153 265 235
f 235 2212 1153
f 383 2212 235
f 237 383 235
f 253 383 237
f 237 252 253
f 325 253 252
f 253 325 382
f 371 382 325
f 371 2616 382
f 2616 638 382
f 382 638 383
f 371 1915 2616
f 252 237 236
f 253 382 383
f 383 548 2212
f 235 236 237
f 325 252 236
f 1481 264 2127
f 371 325 2217
f 306 371 2217
f 371 306 372
f 306 433 372
f 306 2217 307
f 305 306 307
f 433 306 2538
f 2590 433 2538
f 2538 428 2590
f 429 428 2025
f 427 428 429
f 1032 427 429
f 1032 429 1611
f 1610 1032 1611
f 2169 1610 1611
f 2169 1611 2114
f 2158 2169 2114
f 2114 1620 2158
f 2158 1620 1619
f 2158 1619 2170
f 1547 2170 1619
f 1619 1620 1547
f 1547 1620 1548
f 1620 2114 1548
f 1444 2169 2158
f 2114 1611 2103
f 1033 1610 2169
f 1611 429 2103
f 2114 2103 1548
f 1547 1548 1549
f 2110 1547 1549
f 2110 1549 2605
f 2605 1789 2110
f 2110 1789 2111
f 2110 2111 2112
f 2110 2112 1558
f 1557 2110 1558
f 1557 1558 1559
f 1557 1559 2120
f 1559 1823 2120
f 2120 1823 2881
f 2120 2881 2121
f 2120 2121 2122
f 2120 2122 1455
f 2122 2121 1083
f 1083 1082 2122
f 1081 1082 1083
f 1925 1081 1083
f 1083 1926 1925
f 1925 1926 1927
f 1927 2454 1925
f 1127 1925 2454
f 2454 2455 1127
f 2455 1128 1127
f 1127 1128 1129
f 1937 1127 1129
f 1931 1937 1129
f 1930 1931 1129
f 1931 1930 2006
f 1201 1931 2006
f 821 2006 1930
f 1930 822 821
f 820 821 822
f 822 1896 820
f 820 1896 1889
f 1889 1890 820
f 1890 1889 1391
f 1890 1391 821
f 869 1391 1889
f 1889 870 869
f 868 869 870
f 767 868 870
f 1897 767 870
f 1896 1897 870
f 1897 1896 2902
f 2902 2389 1897
f 2389 564 1897
f 2389 562 564
f 562 563 564
f 564 563 768
f 767 564 768
f 767 768 1692
f 1692 768 2392
f 987 1692 2392
f 19 987 2392
f 2392 605 19
f 605 606 19
f 606 20 19
f 19 20 21
f 21 20 1698
f 21 1698 2914
f 2914 2440 21
f 21 2440 986
f 987 21 986
f 986 491 987
f 986 492 491
f 490 491 492
f 1708 490 492
f 492 2443 1708
f 1036 1708 2443
f 2443 2444 1036
f 2444 535 1036
f 1035 1036 535
f 537 1035 535
f 535 536 537
f 1714 537 536
f 1714 536 2776
f 2776 2520 1714
f 1419 1714 2520
f 1419 2520 1420
f 1418 1419 1420
f 1420 2011 1418
f 1418 2011 2007
f 1950 1418 2007
f 2527 1950 2007
f 2527 2007 2341
f 2527 2341 1457
f 1459 2527 1457
f 1457 1458 1459
f 1941 1459 1458
f 2012 1941 1458
f 2012 1458 2013
f 2013 1783 2012
f 2012 1783 231
f 231 1783 232
f 231 232 233
f 233 1168 231
f 231 1168 1780
f 1941 231 1780
f 1780 1782 1941
f 1780 1781 1782
f 1781 296 1782
f 295 1782 296
f 295 296 297
f 297 1217 295
f 1963 295 1217
f 1950 1963 1217
f 1217 1794 1950
f 1217 1793 1794
f 1793 903 1794
f 1794 903 905
f 905 1418 1794
f 903 904 905
f 904 1419 905
f 904 1904 1419
f 904 1903 1904
f 1903 945 1904
f 1714 1904 945
f 1903 2433 945
f 2433 946 945
f 945 946 947
f 945 947 1908
f 945 1908 1035
f 1907 1035 1908
f 1907 1908 1992
f 1992 1354 1907
f 1708 1907 1354
f 1992 1355 1354
f 1354 1355 868
f 868 1692 1354
f 490 1354 1692
f 1992 1993 1355
f 1355 1993 869
f 1993 1992 1998
f 1391 1993 1998
f 1998 1390 1391
f 1390 1167 1391
f 2006 1391 1167
f 1757 1167 1390
f 1998 1757 1390
f 1757 1998 2321
f 2321 129 1757
f 131 1757 129
f 129 130 131
f 1754 131 130
f 130 2325 1754
f 2325 177 1754
f 177 1755 1754
f 1754 1755 246
f 310 1755 177
f 177 176 310
f 176 177 178
f 178 2332 176
f 311 176 2332
f 311 2332 1766
f 1765 311 1766
f 1765 1766 1767
f 662 1765 1767
f 662 1767 663
f 661 662 663
f 661 663 1862
f 899 661 1862
f 1862 1977 899
f 1814 1977 1862
f 1862 1863 1814
f 705 1814 1863
f 705 1863 703
f 703 704 705
f 704 1813 705
f 1813 704 2400
f 2400 2970 1813
f 2970 1868 1813
f 1868 356 1813
f 1813 356 358
f 1813 358 1814
f 356 357 358
f 358 357 941
f 941 1977 358
f 356 1812 357
f 1812 1379 357
f 414 1379 1812
f 356 414 1812
f 356 415 414
f 413 414 415
f 415 1307 413
f 413 1307 1990
f 413 1990 1163
f 1163 1829 413
f 1163 49 1829
f 1351 1829 49
f 1351 49 48
f 48 49 50
f 48 50 1742
f 50 1215 1742
f 1742 1215 2971
f 2971 83 1742
f 83 1741 1742
f 1741 1388 1742
f 83 82 1741
f 82 83 84
f 2317 84 83
f 83 2316 2317
f 1051 2317 2316
f 1051 2316 1748
f 1748 1052 1051
f 1051 1052 566
f 1051 566 565
f 565 566 567
f 565 567 2391
f 2391 1096 565
f 2317 565 1096
f 1096 2391 1504
f 1096 1504 1097
f 614 1096 1097
f 614 1097 615
f 614 615 616
f 1518 614 616
f 616 1918 1518
f 1140 1518 1918
f 1918 679 1140
f 1518 1140 1141
f 1140 133 1141
f 671 1918 616
f 994 671 616
f 616 2441 994
f 994 2441 2442
f 841 2442 2441
f 2441 1524 841
f 1524 842 841
f 841 842 843
f 841 843 1042
f 1041 841 1042
f 1041 1042 1537
f 1041 1537 1884
f 2998 1884 1537
f 744 2998 1537
f 1537 1538 744
f 1538 1877 744
f 744 1877 745
f 743 744 745
f 743 745 2406
f 2406 1846 743
f 1846 1876 743
f 1875 743 1876
f 1875 1876 1838
f 1875 1838 788
f 787 1875 788
f 787 788 452
f 1301 787 452
f 1301 1885 787
f 1885 3005 787
f 3005 1885 1884
f 710 1884 1885
f 1885 1301 710
f 452 788 453
f 452 453 421
f 421 453 103
f 68 421 103
f 453 788 506
f 787 3005 1875
f 1838 506 788
f 1838 1845 506
f 1845 507 506
f 506 507 508
f 1844 508 507
f 2387 508 1844
f 508 2387 587
f 507 1845 1844
f 1844 1845 1846
f 2686 1844 1846
f 1846 2687 2686
f 2686 2687 2688
f 2688 635 2686
f 2688 3018 635
f 2688 2683 3018
f 2975 3018 2683
f 2685 2975 2683
f 2683 2684 2685
f 2684 3022 2685
f 2685 3022 3023
f 2685 3023 1685
f 3022 3024 3023
f 3023 3024 2228
f 3024 3025 2228
f 3025 3024 2652
f 2652 2654 3025
f 2654 2222 3025
f 2652 2653 2654
f 2960 2654 2653
f 2653 3033 2960
f 2960 3033 2622
f 2960 2622 2650
f 2650 2681 2960
f 2622 2649 2650
f 1688 2650 2649
f 2649 3036 1688
f 3036 2649 3040
f 3036 3040 3043
f 3044 3036 3043
f 3043 3045 3044
f 3045 3046 3044
f 3046 3045 1948
f 2615 3046 1948
f 1948 1628 2615
f 1947 1628 1948
f 1947 1948 1949
f 1938 1947 1949
f 1938 1949 1939
f 1938 1939 1940
f 1938 1940 1951
f 2848 1938 1951
f 1205 2848 1951
f 3057 1205 1951
f 3057 1951 3062
f 3057 3062 3066
f 3066 1988 3057
f 1206 3057 1988
f 1988 3066 3069
f 3069 2539 1988
f 2539 1976 1988
f 1975 1988 1976
f 1974 1975 1976
f 1964 1974 1976
f 1965 1964 1976
f 1964 1965 1966
f 1981 1964 1966
f 2861 1981 1966
f 2861 1966 3077
f 3081 2861 3077
f 3081 3077 3083
f 3081 3083 3086
f 2751 3081 3086
f 2751 3086 3089
f 2751 3089 3096
f 3096 2752 2751
f 2751 2752 2753
f 2752 3101 2753
f 2749 2753 3101
f 2749 3101 228
f 228 3009 2749
f 2749 3009 2747
f 2747 2748 2749
f 2747 3107 2748
f 3107 3108 2748
f 2669 2748 3108
f 3110 2669 3108
f 3111 3110 3108
f 3110 3111 3113
f 3110 3113 3114
f 2704 3110 3114
f 2704 3114 2703
f 2703 2565 2704
f 2565 2909 2704
f 2704 2909 2669
f 2910 2669 2909
f 2909 2699 2910
f 2670 2910 2699
f 2698 2670 2699
f 2574 2698 2699
f 2699 2566 2574
f 2574 2566 1253
f 1253 2566 1294
f 2565 1294 2566
f 1294 2565 3131
f 2574 1659 2698
f 1974 2698 1659
f 2670 2698 1974
f 2670 1974 2671
f 2670 2671 2910
f 2910 2671 3137
f 3137 2667 2910
f 2667 3137 2861
f 2667 2861 2668
f 2667 2668 2669
f 1981 3137 2671
f 2909 2566 2699
f 2669 2910 2667
f 2565 2566 2909
f 2565 2703 3131
f 2734 2703 3114
f 3114 3113 2734
f 2734 3113 3141
f 2734 3141 2735
f 2734 2735 2736
f 2735 3141 3002
f 3002 3148 2735
f 3148 1730 2735
f 2730 3148 3002
f 2730 3002 2731
f 2729 2730 2731
f 2729 2731 3152
f 3153 2729 3152
f 3153 3152 3157
f 3153 3157 3158
f 1736 3153 3158
f 1736 3158 3160
f 3158 2561 3160
f 3165 2561 3158
f 3158 3157 3165
f 2551 3165 3157
f 3157 3166 2551
f 2896 2551 3166
f 3166 2897 2896
f 2896 2897 2552
f 2897 2633 2552
f 2552 2633 3171
f 3171 2547 2552
f 2547 2546 2552
f 2546 2551 2552
f 2546 2238 2551
f 2546 2547 2064
f 3177 2064 2547
f 3177 2547 3181
f 3182 3177 3181
f 3181 2940 3182
f 2940 2945 3182
f 3182 2945 3184
f 3184 1515 3182
f 2944 3184 2945
f 2944 2945 2939
f 2939 2838 2944
f 2944 2838 3193
f 2944 3193 1700
f 1700 3193 2624
f 1700 2624 2618
f 2618 2624 2619
f 2080 2618 2619
f 2080 2619 582
f 582 1641 2080
f 1641 582 2721
f 1641 2721 2720
f 2720 2721 1715
f 2720 1715 2924
f 2720 2924 2717
f 2193 2720 2717
f 2717 2924 2716
f 2717 2716 2718
f 2592 2717 2718
f 2592 2718 3204
f 3204 2593 2592
f 2581 2592 2593
f 2581 2593 2582
f 2581 2582 2583
f 3209 2581 2583
f 3209 2583 2885
f 3209 2885 3214
f 3209 3214 2805
f 3214 2885 3217
f 2142 3214 3217
f 3217 2885 2887
f 2143 3217 2887
f 2885 2886 2887
f 2886 2524 2887
f 3222 2887 2524
f 3222 2524 2537
f 1605 3222 2537
f 2537 2524 2541
f 2537 2541 2535
f 2535 2536 2537
f 1606 2537 2536
f 1606 2536 1785
f 1785 2536 1786
f 1784 1785 1786
f 1784 1786 3227
f 3227 1779 1784
f 2095 1784 1779
f 1779 3227 1777
f 1777 1778 1779
f 1779 1778 1523
f 1778 1777 1789
f 1777 1790 1789
f 1789 1790 1774
f 1790 2472 1774
f 1774 2472 1775
f 1774 1775 1776
f 2111 1774 1776
f 2111 1776 1818
f 1776 1819 1818
f 1817 1818 1819
f 1819 3242 1817
f 1817 3242 3185
f 1817 3185 1809
f 1817 1809 1811
f 1809 1810 1811
f 3252 1811 1810
f 3252 1810 1822
f 1824 3252 1822
f 1822 1823 1824
f 1823 1822 1808
f 1822 1806 1808
f 1806 1807 1808
f 1808 1807 2869
f 2869 3258 1808
f 2881 1808 3258
f 3258 2869 1302
f 1302 2121 3258
f 2121 1302 2952
f 1302 2508 2952
f 2508 2953 2952
f 1926 2952 2953
f 2508 3263 2953
f 2953 3263 2454
f 2454 3263 3265
f 2454 3265 2636
f 2454 2636 2629
f 2629 2636 2630
f 2629 2630 2631
f 2629 2631 3270
f 3270 2455 2629
f 3270 3274 2455
f 3274 3270 2938
f 2938 3276 3274
f 1128 3274 3276
f 822 1128 3276
f 3276 2938 2902
f 2902 2938 2767
f 2902 2767 562
f 562 2767 3281
f 562 3281 2610
f 3281 2611 2610
f 2610 2611 2604
f 2604 563 2610
f 563 2604 2460
f 2460 2604 3285
f 2460 3285 3287
f 2460 3287 3288
f 3288 2461 2460
f 768 2460 2461
f 2461 3288 605
f 2836 3288 3287
f 2836 2456 3288
f 3288 2456 606
f 2456 2836 2457
f 2456 2457 2458
f 20 2456 2458
f 2458 3299 20
f 3301 3299 2458
f 2458 2804 3301
f 3301 2804 2310
f 3301 2310 3302
f 3302 2424 3301
f 2424 3302 2757
f 2424 2757 2422
f 2422 2423 2424
f 2423 2819 2424
f 2819 1698 2424
f 3299 2424 1698
f 2819 2423 1510
f 2421 2819 1510
f 2421 1510 989
f 3312 2421 989
f 989 2959 3312
f 3312 2959 3316
f 3312 3316 2914
f 2819 3312 2914
f 3317 2914 3316
f 3317 3316 3318
f 2393 3317 3318
f 2393 3318 1528
f 2245 2393 1528
f 1528 2236 2245
f 2244 2245 2236
f 3328 2244 2236
f 2235 3328 2236
f 2235 2236 2237
f 2235 2237 2246
f 2985 2235 2246
f 2985 2246 2800
f 3329 2985 2800
f 3334 3329 2800
f 2800 2384 3334
f 2445 3334 2384
f 2384 3338 2445
f 3338 3339 2445
f 3339 2227 2445
f 2445 2227 2271
f 2227 2258 2271
f 2258 2270 2271
f 2270 3334 2271
f 2260 2270 2258
f 2258 2259 2260
f 2260 2259 2276
f 2260 2276 2495
f 2260 2495 3349
f 3349 2495 3352
f 3353 3349 3352
f 3356 3353 3352
f 3352 2496 3356
f 3356 2496 1585
f 1585 2532 3356
f 2244 3356 2532
f 2531 2244 2532
f 2531 2532 3365
f 3365 2479 2531
f 2528 2531 2479
f 2528 2479 2471
f 2471 2529 2528
f 2528 2529 2530
f 2530 2529 3369
f 3369 2393 2530
f 2529 3370 3369
f 3372 3369 3370
f 3370 3373 3372
f 2443 3372 3373
f 3373 3370 2470
f 3373 2470 2480
f 2482 3373 2480
f 2480 2481 2482
f 2482 2481 3379
f 2776 3379 2481
f 2776 2481 2777
f 2476 2776 2777
f 2476 2777 2477
f 1420 2476 2477
f 2477 2348 1420
f 2348 2477 2349
f 2348 2349 2342
f 2341 2348 2342
f 2340 2341 2342
f 2340 2342 2184
f 2184 2438 2340
f 2340 2438 2437
f 2340 2437 1457
f 2437 2438 2436
f 2436 3390 2437
f 3390 1458 2437
f 1458 3390 2828
f 3390 2436 2828
f 2435 2828 2436
f 2434 2435 2436
f 2435 2434 3393
f 3394 2435 3393
f 3394 3393 3395
f 3394 3395 3396
f 3396 3397 3394
f 3398 3394 3397
f 2516 3398 3397
f 2516 3397 513
f 513 2513 2516
f 2515 2516 2513
f 2515 2513 2013
f 2515 2013 2828
f 2515 2828 3407
f 3398 2515 3407
f 2013 2513 2512
f 2511 2512 2513
f 2511 3411 2512
f 232 2512 3411
f 3411 2503 232
f 3416 2503 3411
f 3416 3411 1106
f 1106 1025 3416
f 1025 3417 3416
f 3416 3417 3419
f 3420 3419 3417
f 3417 2230 3420
f 2763 3420 2230
f 2230 3423 2763
f 3423 674 2763
f 2763 674 2764
f 2763 2764 3424
f 2358 2763 3424
f 2323 2358 3424
f 2329 2323 3424
f 2323 2329 2304
f 2323 2304 2324
f 2322 2323 2324
f 2324 3427 2322
f 2499 2322 3427
f 2499 3427 1505
f 3431 2499 1505
f 3431 1505 3433
f 3431 3433 3434
f 2803 3431 3434
f 2803 3434 2756
f 2802 2803 2756
f 2756 296 2802
f 2398 2802 296
f 2368 2802 2398
f 2396 2368 2398
f 2396 2398 1781
f 2395 2396 1781
f 2395 2368 2396
f 3440 2368 2395
f 233 3440 2395
f 3442 3440 233
f 2504 3442 233
f 233 2503 2504
f 2504 2503 3444
f 3444 2357 2504
f 2504 2357 2359
f 2504 2359 2498
f 2498 2359 2499
f 2498 2499 2369
f 3442 2498 2369
f 2369 2368 3442
f 2367 2368 2369
f 2369 2499 2367
f 2357 2358 2359
f 2359 2358 2322
f 2357 3444 3420
f 3419 3444 2503
f 2504 2498 3442
f 3442 2368 3440
f 2368 2367 2802
f 2803 2802 2367
f 2756 3434 1793
f 2756 1793 297
f 3434 3458 1793
f 3434 3460 3458
f 3460 2309 3458
f 2314 3458 2309
f 2313 2314 2309
f 2308 2313 2309
f 2308 2309 1506
f 1506 3462 2308
f 3462 2067 2308
f 2069 2308 2067
f 2067 2068 2069
f 2068 2056 2069
f 2056 3464 2069
f 2069 3464 2061
f 2061 2060 2069
f 2060 2061 2062
f 2062 2074 2060
f 2060 2074 946
f 946 2074 2073
f 2072 2073 2074
f 2058 2072 2074
f 130 2072 2058
f 2058 2059 130
f 2062 2059 2058
f 2062 3478 2059
f 3478 2096 2059
f 2096 2097 2059
f 2059 2097 2325
f 2096 3483 2097
f 2097 3483 178
f 178 3483 2093
f 2093 1766 178
f 2093 2100 1766
f 2093 2921 2100
f 2100 2921 2090
f 2090 703 2100
f 663 2100 703
f 2091 2090 2921
f 2090 2091 2092
f 2090 2092 704
f 2092 3494 704
f 3496 704 3494
f 2810 3496 3494
f 2810 3494 3498
f 3498 3499 2810
f 3499 3503 2810
f 3503 2055 2810
f 2055 2809 2810
f 2809 3504 2810
f 3504 2809 3506
f 3504 3506 2290
f 2404 3504 2290
f 2290 1722 2404
f 1722 2405 2404
f 2403 2404 2405
f 2403 2405 2970
f 2403 2970 3511
f 2403 3511 3504
f 3504 3511 3496
f 2400 3496 3511
f 2970 2405 2798
f 2798 3514 2970
f 415 3514 2798
f 2405 2797 2798
f 2798 2797 3518
f 1307 2798 3518
f 2385 1307 3518
f 3518 2379 2385
f 2379 1193 2385
f 2381 1193 2379
f 2379 2380 2381
f 2381 2380 3454
f 2381 3454 1241
f 2978 1241 3454
f 3454 2979 2978
f 2977 2978 2979
f 2979 1490 2977
f 2678 2977 1490
f 1490 3456 2678
f 3456 2679 2678
f 2678 2679 2680
f 2678 2680 2976
f 3459 2976 2680
f 2680 3524 3459
f 3459 3524 3315
f 3459 3315 3461
f 3315 2106 3461
f 3461 2106 2962
f 2962 2961 3461
f 3461 2961 2976
f 2961 2978 2976
f 2961 2962 2963
f 2474 2961 2963
f 2963 3422 2474
f 3422 2648 2474
f 2475 2474 2648
f 2475 2648 1214
f 1214 1213 2475
f 1213 2473 2475
f 1165 2473 1213
f 3426 1165 1213
f 3426 1213 1215
f 49 1165 3426
f 2473 1165 1192
f 1192 1241 2473
f 2478 2473 1241
f 1241 2961 2478
f 2473 2478 2474
f 1192 1193 1241
f 1192 1164 1193
f 1990 1193 1164
f 1192 1165 1164
f 1163 1164 1165
f 1213 1214 1215
f 2473 2474 2475
f 2648 3422 1214
f 1214 3422 1331
f 1214 1331 1283
f 1283 2501 1214
f 1214 2501 3441
f 2971 1214 3441
f 2971 3441 1748
f 3441 2501 1748
f 1283 1748 2501
f 1283 1331 1284
f 1283 1284 1258
f 1283 1258 1052
f 1052 1258 1260
f 1258 1259 1260
f 1260 1259 1305
f 1305 566 1260
f 566 1305 3548
f 566 3548 3450
f 3548 3451 3450
f 3439 3450 3451
f 3512 3439 3451
f 3451 3552 3512
f 3552 3011 3512
f 3013 3512 3011
f 3011 3012 3013
f 3012 3294 3013
f 3294 2743 3013
f 3513 3013 2743
f 2742 3513 2743
f 2742 2743 2744
f 3010 2742 2744
f 3010 2744 2345
f 3522 3010 2345
f 2345 3067 3522
f 3067 222 3522
f 222 3322 3522
f 3322 222 2370
f 3322 2370 2986
f 3322 2986 2742
f 2370 2696 2986
f 2986 2696 2987
f 3327 2986 2987
f 2571 3327 2987
f 2571 2987 2572
f 2570 2571 2572
f 2696 2570 2572
f 2570 2696 2984
f 2570 2984 2912
f 2912 2984 2913
f 2906 2912 2913
f 2906 2913 2907
f 2906 2907 2908
f 3430 2906 2908
f 2908 3561 3430
f 3430 3561 843
f 843 2969 3430
f 2968 2969 843
f 2968 3505 2969
f 3505 2663 2969
f 2906 2969 2663
f 2663 2662 2906
f 2662 2663 2664
f 2662 2664 2912
f 2664 2571 2912
f 3512 2571 2664
f 3004 2664 2663
f 2664 3004 3003
f 3003 3439 2664
f 3495 3439 3003
f 1504 3495 3003
f 1504 3003 2727
f 3439 3495 567
f 2727 3003 3004
f 2727 3004 3505
f 2727 3505 3502
f 2728 2727 3502
f 3502 1524 2728
f 615 2727 2728
f 615 2728 2441
f 3505 3004 2663
f 3502 3505 2968
f 842 3502 2968
f 2908 1538 3561
f 2906 3430 2969
f 2908 2907 2548
f 2548 3305 2908
f 3305 1877 2908
f 1877 3305 3573
f 3308 3573 3305
f 3307 3308 3305
f 3307 2548 3308
f 2550 3308 2548
f 2548 2549 2550
f 2550 2549 3311
f 3310 3311 2549
f 3310 2549 2898
f 2894 3310 2898
f 2894 2898 2899
f 2894 2899 2895
f 2893 2894 2895
f 2895 3387 2893
f 3387 3033 2893
f 3033 3387 3388
f 3388 2620 3033
f 2620 3388 3582
f 2620 3582 1671
f 1671 3391 2620
f 3391 2621 2620
f 2620 2621 2622
f 3391 3040 2621
f 3391 345 3040
f 345 2946 3040
f 345 2941 2946
f 1939 2946 2941
f 1939 2941 2943
f 2941 2942 2943
f 3345 2943 2942
f 3345 2942 2628
f 2996 3345 2628
f 2996 2628 2997
f 2587 2996 2997
f 2587 2997 3346
f 2587 3346 3347
f 3347 2588 2587
f 2587 2588 2589
f 2588 2715 2589
f 2994 2589 2715
f 2715 2925 2994
f 2926 2994 2925
f 2925 2919 2926
f 2920 2926 2919
f 2919 2820 2920
f 2920 2820 3290
f 3289 2920 3290
f 3289 3290 3291
f 3291 3594 3289
f 3295 3289 3594
f 3594 3296 3295
f 2540 3295 3296
f 2540 3296 1965
f 1965 2539 2540
f 1965 3296 3298
f 1965 3298 2883
f 2883 3298 3597
f 2883 3597 2888
f 2883 2888 2889
f 2883 2889 2884
f 2882 2883 2884
f 2882 2884 3377
f 269 2882 3377
f 3377 270 269
f 269 270 271
f 3380 269 271
f 3380 271 241
f 3086 3380 241
f 271 242 241
f 241 242 243
f 3096 241 243
f 3096 243 282
f 281 3096 282
f 281 282 283
f 281 283 229
f 281 229 228
f 227 228 229
f 227 229 3604
f 3604 388 227
f 227 388 387
f 362 387 388
f 3611 362 388
f 3611 3446 362
f 3446 3447 362
f 362 3447 360
f 360 361 362
f 3449 362 361
f 361 398 3449
f 397 3449 398
f 397 398 399
f 352 397 399
f 352 399 353
f 352 353 354
f 352 354 3403
f 3402 352 3403
f 3401 3402 3403
f 3401 3403 3619
f 3401 3619 3002
f 3406 3619 3403
f 2634 3406 3403
f 3406 2634 2633
f 2632 2633 2634
f 2634 3410 2632
f 3410 2955 2632
f 2632 2955 3366
f 2954 3366 2955
f 2954 2955 2949
f 2951 2954 2949
f 2949 2950 2951
f 2950 2338 2951
f 2951 2338 2608
f 3362 2951 2608
f 3362 2608 2607
f 3366 3362 2607
f 2607 3367 3366
f 3171 3366 3367
f 3367 2607 2547
f 2606 2607 2608
f 2607 2606 3368
f 3368 3181 2607
f 2606 2936 3368
f 3368 2936 2940
f 2936 2939 2940
f 2936 2935 2939
f 2935 2936 2937
f 2937 3627 2935
f 2838 2935 3627
f 3627 3213 2838
f 2838 3213 2839
f 2838 2839 2840
f 2840 2839 2451
f 2840 2451 3218
f 3193 2840 3218
f 2453 3218 2451
f 2451 2452 2453
f 2837 2453 2452
f 2452 333 2837
f 333 3225 2837
f 2701 2837 3225
f 3164 2701 3225
f 3225 332 3164
f 332 3630 3164
f 3164 3630 3631
f 3164 3631 2821
f 2823 3164 2821
f 2821 2822 2823
f 2823 2822 3634
f 2823 3634 3168
f 2418 2823 3168
f 2418 3168 2419
f 2418 2419 2420
f 2820 2418 2420
f 2418 2820 3170
f 2418 3170 3635
f 3635 3176 2418
f 3635 3115 3176
f 3115 3175 3176
f 2823 3176 3175
f 3115 3164 3175
f 3115 3635 474
f 3115 474 2701
f 474 473 2701
f 473 474 475
f 475 778 473
f 473 778 777
f 2837 473 777
f 777 778 779
f 777 779 1699
f 1699 2697 777
f 2453 777 2697
f 3129 2453 2697
f 3129 2697 3130
f 3128 3129 3130
f 3130 2719 3128
f 2624 3128 2719
f 3128 2624 3218
f 2719 3130 583
f 582 2719 583
f 501 582 583
f 583 1713 501
f 501 1713 2705
f 501 2705 499
f 499 500 501
f 1715 501 500
f 1715 500 2716
f 2716 500 3650
f 2716 3650 3207
f 3207 3650 3208
f 3204 3207 3208
f 3204 3208 2992
f 3654 3204 2992
f 2880 3654 2992
f 2880 2992 2878
f 2878 2879 2880
f 3277 2880 2879
f 3277 2879 3278
f 3277 3278 2524
f 3278 2525 2524
f 2524 2525 2526
f 2525 2877 2526
f 2526 2877 3280
f 2526 3280 3663
f 2526 3663 2262
f 3284 2526 2262
f 3284 2262 2983
f 3284 2983 3050
f 2535 3284 3050
f 2849 2535 3050
f 2849 3050 2850
f 1786 2849 2850
f 2850 3050 3055
f 3055 2346 2850
f 2347 2850 2346
f 2346 1777 2347
f 1777 2346 2472
f 2346 2847 2472
f 2472 2847 2774
f 2847 2778 2774
f 2774 2778 2779
f 2774 2779 2772
f 2772 2773 2774
f 1775 2774 2773
f 1775 2773 3242
f 2830 3242 2773
f 2773 2772 2830
f 2830 2772 2831
f 2830 2831 3186
f 3185 2830 3186
f 3185 3186 2431
f 2431 3186 2432
f 1809 2431 2432
f 1809 2432 2829
f 1809 2829 1806
f 2829 2432 3672
f 2829 3672 3673
f 3673 3198 2829
f 3198 1807 2829
f 3198 3673 3674
f 3198 3674 3675
f 3198 3675 2870
f 2869 3198 2870
f 2869 2870 1303
f 1304 1303 2870
f 3262 1304 2870
f 3262 2509 1304
f 2508 1304 2509
f 2508 2509 2510
f 2510 2509 2868
f 2868 3263 2510
f 3263 2868 3269
f 2868 3374 3269
f 3269 3374 2973
f 3269 2973 2972
f 3269 2972 2636
f 2636 2972 3028
f 2636 3028 3029
f 3028 3679 3029
f 3029 3679 3680
f 3029 3680 2326
f 3029 2326 2630
f 3680 2327 2326
f 2326 2327 2328
f 2326 2328 2631
f 2631 2328 3035
f 2766 2631 3035
f 2766 3035 2761
f 2766 2761 2767
f 3035 2762 2761
f 2761 2762 2611
f 2611 2762 3133
f 2611 3133 3135
f 3133 3134 3135
f 3135 3134 3138
f 3135 3138 2604
f 2604 3138 2836
f 2836 3138 2397
f 2397 3138 1261
f 2397 1261 1263
f 2397 1263 2457
f 1263 1262 2457
f 1262 2801 2457
f 2457 2801 2804
f 2804 2801 2311
f 1245 2311 2801
f 2801 1276 1245
f 1243 1245 1276
f 1276 1278 1243
f 1278 2864 1243
f 2863 1243 2864
f 2862 2863 2864
f 2864 3076 2862
f 3076 2364 2862
f 2363 2862 2364
f 2363 2364 2365
f 2363 2365 2497
f 2363 2497 2466
f 2363 2466 2468
f 2785 2363 2468
f 2468 2655 2785
f 2785 2655 2657
f 2784 2785 2657
f 2657 2656 2784
f 2784 2656 3014
f 3014 1243 2784
f 1243 3014 1244
f 1244 3014 3689
f 3689 2967 1244
f 2311 1244 2967
f 2311 2967 2312
f 2310 2311 2312
f 2310 2312 3020
f 3020 2312 3021
f 3020 3021 2758
f 2757 3020 2758
f 2757 2758 2754
f 2754 2758 2755
f 2754 2755 1508
f 2754 1508 2423
f 1508 2755 3119
f 3119 1509 1508
f 1508 1509 1510
f 1509 3119 3692
f 3692 2464 1509
f 1509 2464 990
f 989 1509 990
f 988 989 990
f 988 990 3122
f 3122 1108 988
f 1107 988 1108
f 1107 1108 1109
f 1109 1498 1107
f 1500 1107 1498
f 1498 1499 1500
f 1499 2237 1500
f 1500 2237 1528
f 1527 1500 1528
f 1527 1528 1529
f 1529 2959 1527
f 1527 2959 1107
f 2237 1499 1086
f 2237 1086 1085
f 1084 1085 1086
f 850 1084 1086
f 1086 3203 850
f 3203 851 850
f 850 851 852
f 852 1520 850
f 1519 850 1520
f 1519 1520 1007
f 3106 1519 1007
f 1007 3145 3106
f 3103 3106 3145
f 3103 3145 3712
f 3149 3103 3712
f 3712 3150 3149
f 2408 3149 3150
f 2408 3150 2407
f 2407 2070 2408
f 2811 2408 2070
f 2070 3151 2811
f 2249 2811 3151
f 3151 2068 2249
f 2811 2249 1696
f 1696 2808 2811
f 2808 1696 1695
f 1695 3521 2808
f 3521 3097 2808
f 2808 3097 3098
f 2808 3098 3149
f 3097 2795 3098
f 2795 3103 3098
f 2795 2383 3103
f 2795 2384 2383
f 2382 2383 2384
f 3106 2383 2382
f 3106 2382 1085
f 2246 1085 2382
f 2246 2382 2799
f 2799 2382 2800
f 2796 2384 2795
f 2795 1731 2796
f 1731 3720 2796
f 3720 3338 2796
f 3720 375 3338
f 375 3720 373
f 373 374 375
f 374 3455 375
f 375 3455 3339
f 374 417 3455
f 3455 417 2227
f 417 416 2227
f 416 417 418
f 418 2305 416
f 3253 416 2305
f 2305 1376 3253
f 1376 3257 3253
f 3254 3253 3257
f 3257 67 3254
f 2259 3254 67
f 3257 770 67
f 67 770 65
f 65 66 67
f 2214 67 66
f 2214 66 1317
f 87 2214 1317
f 87 1317 1666
f 1666 85 87
f 85 86 87
f 85 3251 86
f 86 3251 3425
f 67 86 3425
f 67 3425 2276
f 2276 3425 1321
f 3251 1321 3425
f 1322 1321 3251
f 3251 3250 1322
f 3250 1589 1322
f 1588 1322 1589
f 1588 1589 2846
f 2846 1586 1588
f 2126 1588 1586
f 1586 1585 2126
f 1585 1323 2126
f 1585 1586 1587
f 1587 1586 1953
f 1231 1587 1953
f 3381 1231 1953
f 3381 1953 1224
f 3381 1224 160
f 160 2134 3381
f 3381 2134 1232
f 255 1232 2134
f 2134 125 255
f 125 254 255
f 1324 255 254
f 2860 1324 254
f 302 2860 254
f 302 254 124
f 124 303 302
f 301 302 303
f 301 303 1984
f 2349 301 1984
f 2349 1984 3041
f 3041 3448 2349
f 3448 3041 3139
f 3139 753 3448
f 753 2185 3448
f 2342 3448 2185
f 752 2185 753
f 752 753 754
f 752 754 1850
f 752 1850 3517
f 752 3517 791
f 752 791 790
f 790 2184 752
f 789 790 791
f 791 2186 789
f 3523 789 2186
f 3523 2186 3519
f 3395 3523 3519
f 472 3395 3519
f 472 3519 3520
f 472 3520 3560
f 472 3560 1142
f 1142 470 472
f 470 471 472
f 472 471 3396
f 3396 471 1106
f 1106 514 3396
f 514 1106 2066
f 514 2066 512
f 512 513 514
f 512 2511 513
f 512 2066 2511
f 1026 1106 471
f 471 1024 1026
f 1024 1025 1026
f 1025 1024 3333
f 3333 2231 1025
f 142 2231 3333
f 140 142 3333
f 140 141 142
f 3109 142 141
f 3109 141 1131
f 448 3109 1131
f 1131 181 448
f 183 448 181
f 181 182 183
f 182 494 183
f 183 494 493
f 493 449 183
f 449 493 1840
f 449 1840 3112
f 449 3112 675
f 675 674 449
f 2233 449 674
f 3109 449 2233
f 674 675 676
f 675 1839 676
f 706 676 1839
f 1839 1841 706
f 1841 2286 706
f 706 2286 707
f 706 707 373
f 706 373 3718
f 3102 706 3718
f 3102 3718 1733
f 2329 3102 1733
f 2329 676 3102
f 2329 2764 676
f 3718 3720 1733
f 2286 3309 707
f 707 3309 374
f 3309 418 374
f 418 3309 3105
f 3105 2041 418
f 2041 3105 9
f 9 2040 2041
f 2041 2040 2305
f 9 741 2040
f 741 1376 2040
f 741 740 1376
f 740 937 1376
f 937 771 1376
f 769 771 937
f 937 1921 769
f 1921 3159 769
f 769 3159 3392
f 3392 65 769
f 3392 3159 2145
f 2145 1316 3392
f 66 3392 1316
f 1316 2145 1666
f 1666 2145 2146
f 1666 2146 1674
f 1439 1674 2146
f 3147 1439 2146
f 3147 1440 1439
f 1385 1439 1440
f 1385 1440 1383
f 1383 1384 1385
f 2786 1385 1384
f 3348 2786 1384
f 3348 1384 580
f 579 3348 580
f 579 580 581
f 579 581 559
f 1018 579 559
f 559 558 1018
f 558 620 1018
f 1018 620 594
f 595 594 620
f 595 620 2911
f 2911 849 595
f 848 595 849
f 1121 848 849
f 849 1120 1121
f 2128 1121 1120
f 3297 2128 1120
f 3297 1120 1744
f 3297 1744 1743
f 1743 3598 3297
f 3598 3766 3297
f 3766 1287 3297
f 1287 2026 3297
f 2026 1287 1053
f 1053 3019 2026
f 3082 2026 3019
f 862 3082 3019
f 3019 928 862
f 928 348 862
f 348 350 862
f 862 350 863
f 350 396 863
f 863 396 1297
f 863 1297 1570
f 863 1570 2775
f 3082 863 2775
f 3082 2775 848
f 2130 3082 848
f 2129 3082 2130
f 2128 2129 2130
f 2129 2128 2026
f 848 2775 593
f 2775 1570 593
f 593 1570 594
f 579 594 1570
f 1570 1297 579
f 396 395 1297
f 1297 395 2787
f 1297 2787 3348
f 395 2788 2787
f 2786 2787 2788
f 2788 1973 2786
f 2788 1319 1973
f 1319 1318 1973
f 1816 1973 1318
f 1318 1228 1816
f 1816 1228 1330
f 1816 1330 1675
f 1816 1675 1439
f 1330 1329 1675
f 1674 1675 1329
f 1657 1674 1329
f 1656 1657 1329
f 1329 657 1656
f 3409 1656 657
f 657 656 3409
f 3408 3409 656
f 656 691 3408
f 3408 691 2160
f 3408 2160 3032
f 2161 3032 2160
f 2160 1864 2161
f 3405 2161 1864
f 3405 1864 1461
f 1196 3405 1461
f 1196 1461 1197
f 1195 1196 1197
f 1449 1195 1197
f 1449 1197 1450
f 1449 1450 3191
f 1449 3191 3190
f 965 1449 3190
f 966 965 3190
f 3661 966 3190
f 3190 3061 3661
f 3661 3061 2116
f 3661 2116 2115
f 2115 2116 1054
f 2995 2115 1054
f 2995 1054 1286
f 1208 2995 1286
f 1285 1208 1286
f 1285 1286 1287
f 1285 1209 1208
f 1207 1208 1209
f 3371 1207 1209
f 3371 1209 883
f 883 1142 3371
f 883 1143 1142
f 1142 1143 1144
f 1144 1143 3215
f 1144 3215 141
f 1143 885 3215
f 1131 3215 885
f 885 1132 1131
f 182 1131 1132
f 1132 1745 182
f 1132 3598 1745
f 3223 3598 1132
f 1132 885 3223
f 885 884 3223
f 3169 3223 884
f 883 3169 884
f 3223 3169 3766
f 3169 1285 3766
f 883 884 885
f 1143 883 885
f 883 1209 3169
f 3371 1895 1207
f 610 1207 1895
f 610 1895 877
f 877 878 610
f 611 610 878
f 878 1849 611
f 1849 627 611
f 611 627 964
f 611 964 612
f 612 964 2995
f 966 2995 964
f 627 965 964
f 627 629 965
f 627 628 629
f 629 628 955
f 1449 629 955
f 1850 955 628
f 627 1850 628
f 1849 1850 627
f 610 611 612
f 877 1849 878
f 3517 1849 877
f 3560 877 1895
f 1207 610 612
f 3560 1895 3371
f 1207 612 1208
f 1209 1285 3169
f 612 2995 1208
f 1286 1054 1053
f 928 1053 1054
f 966 2115 2995
f 1054 2116 348
f 2116 223 348
f 1040 348 223
f 223 225 1040
f 1040 225 349
f 225 280 349
f 349 280 3088
f 349 3088 395
f 280 279 3088
f 279 1319 3088
f 279 3068 1319
f 1319 3068 1226
f 3068 1467 1226
f 1227 1226 1467
f 1227 1467 658
f 1227 658 657
f 656 658 1467
f 1467 1239 656
f 690 656 1239
f 1239 1462 690
f 1461 690 1462
f 1461 1462 3286
f 1450 1461 3286
f 3286 1462 1238
f 3192 3286 1238
f 3192 1238 224
f 223 3192 224
f 3061 3192 223
f 3056 224 1238
f 1240 3056 1238
f 1238 1239 1240
f 3056 1240 3068
f 3056 279 224
f 3191 3286 3192
f 1462 1239 1238
f 1239 1467 1240
f 1226 1227 1228
f 1240 1467 3068
f 279 3056 3068
f 224 279 280
f 225 224 280
f 223 224 225
f 349 348 1040
f 223 2116 3061
f 3190 3192 3061
f 2115 966 3661
f 964 965 966
f 965 629 1449
f 3190 3191 3192
f 3191 1450 3286
f 955 1195 1449
f 955 954 1195
f 954 955 956
f 956 126 954
f 126 3194 954
f 954 3194 3405
f 126 125 3194
f 3194 125 3195
f 3194 3195 2161
f 3195 159 2161
f 159 1404 2161
f 159 161 1404
f 161 1225 1404
f 1759 1404 1225
f 1760 1759 1225
f 1225 3034 1760
f 1760 3034 1397
f 1396 1760 1397
f 1396 1397 1398
f 1657 1396 1398
f 1398 1397 3264
f 3264 85 1398
f 1674 1398 85
f 85 3264 3250
f 3250 3264 1397
f 1760 1396 1656
f 1760 1656 1758
f 2846 1397 3034
f 2846 3034 3234
f 3034 1225 3234
f 3234 1225 1224
f 3234 1224 1586
f 1758 1759 1760
f 1758 3032 1759
f 3032 1758 3409
f 1759 3032 1404
f 1225 161 160
f 159 160 161
f 3195 125 159
f 124 125 126
f 126 3042 124
f 3041 124 3042
f 3139 3042 126
f 3139 126 956
f 754 956 955
f 1196 1195 954
f 1197 1461 1450
f 954 3405 1196
f 1864 690 1461
f 1864 691 690
f 3194 2161 3405
f 2161 1404 3032
f 1864 2160 691
f 656 690 691
f 3032 3409 3408
f 656 657 658
f 1656 3409 1758
f 657 1329 1227
f 1396 1657 1656
f 1657 1398 1674
f 1227 1329 1330
f 1330 1228 1227
f 1228 1318 1226
f 1815 1973 1816
f 1815 1816 1385
f 1973 1815 1385
f 1318 1319 1226
f 1319 2788 3088
f 395 3088 2788
f 349 395 396
f 350 349 396
f 348 349 350
f 1054 348 928
f 3082 862 863
f 3082 2129 2026
f 1053 928 3019
f 1286 1053 1287
f 1285 1287 3766
f 3223 3766 3598
f 1745 3598 1743
f 1743 1744 1745
f 1745 1744 3017
f 494 1745 3017
f 494 3017 8
f 494 8 7
f 7 8 9
f 3017 45 8
f 44 8 45
f 45 558 44
f 558 560 44
f 44 560 741
f 8 44 741
f 1744 45 3017
f 1744 2911 45
f 3297 2026 2128
f 1121 2128 2130
f 1120 849 1744
f 848 1121 2130
f 848 593 595
f 2911 1744 849
f 2911 620 45
f 593 594 595
f 45 620 558
f 558 559 560
f 560 559 2922
f 560 2922 740
f 559 985 2922
f 2922 985 2923
f 2923 1919 2922
f 2922 1919 937
f 1919 2923 3202
f 1919 3202 1920
f 1919 1920 1921
f 1383 1920 3202
f 1920 1383 3159
f 3202 2923 1384
f 580 2923 985
f 579 1018 594
f 559 581 985
f 580 985 581
f 579 1297 3348
f 580 1384 2923
f 2787 2786 3348
f 1385 2786 1973
f 3202 1384 1383
f 3159 1383 1440
f 1816 1439 1385
f 1440 3147 2145
f 1674 1439 1675
f 3147 2146 2145
f 1440 2145 3159
f 3159 1921 1920
f 937 1919 1921
f 769 770 771
f 937 740 2922
f 740 741 560
f 8 741 9
f 7 9 3105
f 3104 7 3105
f 3104 3105 2286
f 1840 7 3104
f 1841 1840 3104
f 2286 3105 3309
f 3104 2286 1841
f 1839 1840 1841
f 706 3102 676
f 675 3112 1839
f 3112 1840 1839
f 493 7 1840
f 7 493 494
f 494 182 1745
f 448 183 449
f 1131 182 181
f 448 449 3109
f 3215 1131 141
f 142 3109 2233
f 2232 142 2233
f 2232 2233 3423
f 142 2232 2230
f 1144 141 140
f 1144 140 470
f 470 140 1024
f 2230 2231 142
f 140 3333 1024
f 1024 471 470
f 1142 1144 470
f 3371 1142 3560
f 3520 877 3560
f 877 3520 2186
f 3519 2186 3520
f 789 3523 2434
f 789 2434 2438
f 791 877 2186
f 789 2438 790
f 3517 877 791
f 3517 1850 1849
f 1850 754 955
f 753 956 754
f 2184 2185 752
f 753 3139 956
f 3042 3139 3041
f 3041 1984 124
f 2477 302 301
f 1984 303 124
f 2860 302 2480
f 1324 2860 2470
f 2470 1230 1324
f 1232 1324 1230
f 1230 1231 1232
f 1230 2479 1231
f 2470 2471 1230
f 124 254 125
f 125 2134 159
f 1324 1232 255
f 159 2134 160
f 160 1224 1225
f 1232 1231 3381
f 3365 1587 1231
f 1953 1586 1224
f 1588 2126 1323
f 1586 2846 3234
f 1397 2846 1589
f 1588 1323 1322
f 1397 1589 3250
f 1321 1322 1323
f 2496 1321 1323
f 2495 1321 2496
f 85 3250 3251
f 1674 85 1666
f 1317 1316 1666
f 87 86 2214
f 1316 1317 66
f 67 2214 86
f 65 3392 66
f 769 65 770
f 771 770 3257
f 3253 3254 2259
f 1376 771 3257
f 2040 1376 2305
f 416 3253 2258
f 418 2041 2305
f 374 418 417
f 707 374 373
f 373 3720 3718
f 1733 3720 1731
f 1731 1732 1733
f 2304 1733 1732
f 1731 3521 1732
f 1731 2795 3097
f 1731 3097 3521
f 1695 1732 3521
f 2324 1732 1695
f 2324 1695 3723
f 1695 1694 3723
f 1506 3723 1694
f 1506 1694 2250
f 1694 1696 2250
f 1696 2248 2250
f 2250 2248 3462
f 1505 3723 1506
f 1505 1506 1507
f 1694 1695 1696
f 2248 1696 2249
f 2249 2067 2248
f 2054 3151 2070
f 2054 2070 2071
f 2055 2054 2071
f 2054 2055 2056
f 3151 2054 2056
f 2811 2808 2408
f 2071 2070 2407
f 2071 2407 2204
f 2203 2071 2204
f 3432 2203 2204
f 3432 2204 3205
f 3432 3205 1643
f 1645 3432 1643
f 1643 1644 1645
f 2202 1645 1644
f 2202 1644 1437
f 3438 2202 1437
f 1437 3437 3438
f 3438 3437 2289
f 3438 2289 2291
f 2291 3685 3438
f 3685 2291 3506
f 3685 3506 2203
f 1645 3685 2203
f 2289 2290 2291
f 2289 3497 2290
f 3711 2290 3497
f 3497 267 3711
f 1722 3711 267
f 1722 267 1191
f 1722 1191 2288
f 1722 2288 3846
f 3507 3846 2288
f 3507 2288 1952
f 3717 3507 1952
f 1952 3603 3717
f 3716 3717 3603
f 3603 2402 3716
f 3306 3716 2402
f 2402 2401 3306
f 2401 1488 3306
f 3306 1488 1490
f 3306 1490 3794
f 2380 3306 3794
f 1488 1489 1490
f 1488 3581 1489
f 3315 1489 3581
f 3581 2042 3315
f 2042 2043 3315
f 2042 2032 2043
f 2031 2043 2032
f 2031 2032 2033
f 2033 2004 2031
f 2031 2004 1372
f 1372 2105 2031
f 2105 1372 3389
f 2106 2105 3389
f 2106 3389 1602
f 1602 3389 3815
f 1602 3815 1530
f 1602 1530 1603
f 2962 1602 1603
f 1603 1530 2147
f 1603 2147 1331
f 2963 1603 1331
f 1331 2147 2076
f 2147 1531 2076
f 2077 2076 1531
f 1531 1914 2077
f 1914 2083 2077
f 2083 2078 2077
f 2083 762 2078
f 762 1526 2078
f 3479 2078 1526
f 1284 3479 1526
f 1284 1526 1525
f 1525 1526 761
f 1525 761 1259
f 1259 761 2081
f 1259 2081 3012
f 2099 3012 2081
f 2089 2099 2081
f 2081 760 2089
f 760 2088 2089
f 2089 2088 3292
f 2089 3292 3012
f 2088 3629 3292
f 3629 3293 3292
f 3292 3293 3294
f 3629 1480 3293
f 3293 1480 2744
f 2744 1480 1479
f 1478 1479 1480
f 1878 1478 1480
f 1878 3300 1478
f 1478 3300 2027
f 2027 3300 2028
f 2027 2028 2020
f 2022 2027 2020
f 2020 2021 2022
f 2022 2021 1479
f 1479 2021 2343
f 1479 2343 2345
f 2343 2344 2345
f 2343 3378 2344
f 1565 2344 3378
f 3378 3558 1565
f 3558 1566 1565
f 1565 1566 1567
f 1565 1567 3054
f 3054 3067 1565
f 220 3054 1567
f 1567 285 220
f 285 221 220
f 220 221 222
f 2123 222 221
f 3065 2123 221
f 221 2360 3065
f 2362 3065 2360
f 2360 2361 2362
f 2361 3443 2362
f 3443 3087 2362
f 3087 1669 2362
f 3087 1670 1669
f 1669 1670 1671
f 1671 1670 2366
f 3087 2366 1670
f 3087 401 2366
f 346 2366 401
f 401 347 346
f 345 346 347
f 2206 347 401
f 401 3084 2206
f 3084 3085 2206
f 2353 3085 3084
f 2352 2353 3084
f 3084 3404 2352
f 3819 2352 3404
f 3404 1615 3819
f 1614 3819 1615
f 1613 1614 1615
f 1615 2361 1613
f 2162 1613 2361
f 2361 3415 2162
f 2162 3415 2163
f 2154 2162 2163
f 2154 2163 2155
f 2153 2154 2155
f 3677 2153 2155
f 3662 3677 2155
f 2155 3363 3662
f 2331 3662 3363
f 2331 3363 3364
f 1554 2331 3364
f 3364 3813 1554
f 3813 1552 1554
f 1552 1553 1554
f 1554 1553 2330
f 3666 2330 1553
f 2117 3666 1553
f 1553 2118 2117
f 2108 2117 2118
f 2108 2118 1552
f 2108 1552 2109
f 2109 3664 2108
f 3664 3665 2108
f 1936 3665 3664
f 1935 3665 1936
f 1934 1935 1936
f 1936 3216 1934
f 1103 1934 3216
f 3216 3593 1103
f 3593 1104 1103
f 1102 1103 1104
f 1104 1933 1102
f 3770 1102 1933
f 3224 3770 1933
f 1933 2319 3224
f 3599 3224 2319
f 1900 3599 2319
f 2320 1900 2319
f 1900 2320 2872
f 2872 2871 1900
f 1900 2871 1901
f 1899 1900 1901
f 2523 1899 1901
f 2523 1901 3575
f 3575 846 2523
f 845 2523 846
f 845 846 847
f 1898 845 847
f 3173 1898 847
f 3173 847 3174
f 3172 3173 3174
f 3174 3577 3172
f 3576 3172 3577
f 2507 3576 3577
f 3577 1703 2507
f 2505 2507 1703
f 1702 2505 1703
f 1701 1702 1703
f 1701 1703 2695
f 1701 2695 584
f 3463 1701 584
f 510 3463 584
f 510 584 585
f 510 585 511
f 509 510 511
f 509 511 3124
f 3123 509 3124
f 3124 3469 3123
f 3471 3123 3469
f 3469 3470 3471
f 3764 3471 3470
f 3470 1717 3764
f 1716 3764 1717
f 852 1716 1717
f 852 1717 2714
f 1008 852 2714
f 1008 2714 618
f 1008 618 1006
f 1006 1007 1008
f 617 1006 618
f 617 618 619
f 3205 617 619
f 3205 619 3206
f 619 3493 3206
f 3206 3493 3489
f 3206 3489 1643
f 3489 3493 2017
f 2017 2016 3489
f 1644 3489 2016
f 2016 2017 2018
f 2018 3275 2016
f 1438 2016 3275
f 1438 3275 2014
f 2014 1436 1438
f 1436 1437 1438
f 1436 2014 2015
f 1955 1436 2015
f 3283 1955 2015
f 2015 3282 3283
f 3283 3282 3628
f 3283 3628 3457
f 3457 1190 3283
f 1954 3283 1190
f 1954 1190 266
f 1954 266 268
f 1954 268 1955
f 1955 268 3226
f 1955 3226 3437
f 268 2289 3226
f 266 267 268
f 266 1190 1191
f 1952 1191 1190
f 1190 1771 1952
f 1190 1787 1771
f 1787 1788 1771
f 1788 1772 1771
f 1771 1772 1773
f 1773 3603 1771
f 1772 1912 1773
f 1773 1912 1911
f 1773 1911 2401
f 1911 1912 1913
f 3183 1911 1913
f 1913 925 3183
f 925 924 3183
f 3183 924 3581
f 924 925 926
f 926 1910 924
f 3196 924 1910
f 1910 3197 3196
f 2033 3196 3197
f 3197 3587 2033
f 3445 3587 3197
f 3445 3586 3587
f 3586 3911 3587
f 3911 2002 3587
f 3587 2002 2004
f 2002 2003 2004
f 2004 2003 3259
f 2004 3259 1373
f 1373 3259 2000
f 1373 2000 1374
f 1372 1373 1374
f 1374 2000 2001
f 3268 1374 2001
f 3268 2001 3266
f 3266 3267 3268
f 3622 3268 3267
f 3622 3267 3528
f 3622 3528 2591
f 2591 3815 3622
f 1013 2591 3528
f 3528 3030 1013
f 3030 3031 1013
f 2584 1013 3031
f 150 2584 3031
f 3031 151 150
f 149 150 151
f 149 151 3335
f 149 3335 3435
f 149 3435 1752
f 1752 1761 149
f 1023 1761 1752
f 1751 1023 1752
f 1750 1751 1752
f 1752 3436 1750
f 1750 3436 3532
f 1750 3532 3564
f 3564 3136 1750
f 1750 3136 2568
f 681 2568 3136
f 681 3136 3751
f 681 3751 682
f 680 681 682
f 3421 680 682
f 3421 682 3140
f 1865 3421 3140
f 1865 3140 1866
f 1865 1866 1859
f 1858 1865 1859
f 1858 1859 1860
f 1821 1858 1860
f 1986 1821 1860
f 1986 1860 3547
f 1986 3547 1987
f 1985 1986 1987
f 1985 1987 3241
f 1985 3241 386
f 1985 386 385
f 384 385 386
f 384 386 1282
f 384 1282 1983
f 1821 384 1983
f 1983 1820 1821
f 1820 1803 1821
f 1820 1804 1803
f 1803 1804 1805
f 1803 1805 1858
f 1804 3016 1805
f 1865 1805 3016
f 3016 1804 3015
f 3015 680 3016
f 680 3015 3724
f 3724 73 680
f 3724 71 73
f 71 72 73
f 73 72 681
f 72 2569 681
f 2569 72 1746
f 1740 2569 1746
f 1746 1747 1740
f 1747 1738 1740
f 1738 1739 1740
f 1740 1739 2567
f 2567 1739 3120
f 2567 3120 2568
f 2567 2568 2569
f 3120 3121 2568
f 2568 3121 1751
f 1751 3121 589
f 588 1751 589
f 588 589 590
f 3326 588 590
f 3326 590 511
f 3326 2573 588
f 588 2573 1511
f 588 1511 1022
f 1022 1023 588
f 1511 1761 1022
f 1761 1511 150
f 2573 2585 1511
f 2585 2584 1511
f 2584 2585 2586
f 2585 3199 2586
f 3199 3765 2586
f 2586 3765 1014
f 2586 1014 1013
f 1012 1013 1014
f 1012 1014 1117
f 1117 1119 1012
f 1119 2591 1012
f 1119 1530 2591
f 1530 1119 1531
f 1117 1118 1119
f 1118 1914 1119
f 1118 1117 3354
f 3354 3355 1118
f 1118 3355 2083
f 2083 3355 3146
f 2083 3146 2084
f 2084 3146 3569
f 760 2084 3569
f 2084 760 762
f 760 761 762
f 3568 3569 3146
f 1879 3569 3568
f 3568 1873 1879
f 1873 1872 1879
f 1878 1879 1872
f 1879 1878 2088
f 1872 1873 1874
f 1874 3557 1872
f 3557 3300 1872
f 3300 3557 3100
f 1874 3100 3557
f 1874 3099 3100
f 3100 3099 482
f 482 484 3100
f 3100 484 2028
f 482 483 484
f 483 2771 484
f 1842 484 2771
f 1552 1842 2771
f 1842 1552 1843
f 1835 1842 1843
f 1843 1836 1835
f 1835 1836 1837
f 1835 1837 3559
f 3558 1835 3559
f 3558 2390 1835
f 2021 1835 2390
f 1566 3559 1837
f 1837 3940 1566
f 1566 3940 285
f 3940 3945 285
f 3947 3945 3940
f 3949 3947 3940
f 3949 3952 3947
f 3363 3947 3952
f 3363 3952 3949
f 2360 3945 3947
f 3947 3415 2360
f 3940 1837 3949
f 1837 3826 3949
f 3949 3826 3364
f 1836 3826 1837
f 3813 3826 1836
f 1843 3813 1836
f 1835 2020 1842
f 484 1842 2020
f 483 2109 2771
f 483 3830 2109
f 3830 1936 2109
f 3593 1936 3830
f 3829 3593 3830
f 3829 3830 482
f 482 3919 3829
f 3968 3829 3919
f 3919 2320 3968
f 3968 2320 1933
f 3919 482 3885
f 2872 3919 3885
f 3885 2873 2872
f 3971 2873 3885
f 3973 3971 3885
f 3099 3973 3885
f 3971 3973 3980
f 3985 3971 3980
f 3985 3980 3568
f 3355 3985 3568
f 3994 3985 3355
f 3606 3994 3355
f 3355 3607 3606
f 3605 3606 3607
f 3618 3605 3607
f 3618 3607 3613
f 3612 3618 3613
f 3612 3613 3614
f 3614 3765 3612
f 4004 3612 3765
f 3831 3612 4004
f 3832 3831 4004
f 4004 4012 3832
f 584 3832 4012
f 584 4012 3927
f 3927 4012 3199
f 4012 4004 3199
f 2695 3831 3832
f 2695 3577 3831
f 3577 3617 3831
f 3612 3831 3617
f 3614 3613 3354
f 3617 3618 3612
f 3618 3617 3174
f 3174 4029 3618
f 4029 4032 3618
f 4029 846 4032
f 3613 3607 3354
f 4032 3605 3618
f 3605 4032 3575
f 3575 2871 3605
f 3605 2871 2873
f 3605 2873 3606
f 2873 3994 3606
f 3994 3971 3985
f 1874 3980 3973
f 3971 3994 2873
f 482 3830 3833
f 3968 3593 3829
f 3833 3830 483
f 3833 483 482
f 3885 482 3099
f 3973 3099 1874
f 3980 1874 1873
f 3980 1873 3568
f 3569 1879 2088
f 3146 3355 3568
f 3354 3607 3355
f 3614 3354 1117
f 1014 3614 1117
f 1014 3765 3614
f 4004 3765 3199
f 3927 3199 2585
f 3926 3927 2585
f 3926 585 3927
f 3926 3326 585
f 2585 2573 3926
f 2573 3326 3926
f 590 589 3934
f 590 3934 4077
f 590 4077 3124
f 4077 4080 3124
f 4080 4077 4082
f 4082 3850 4080
f 4080 3850 4087
f 4080 4087 3470
f 4087 3849 3470
f 4092 3470 3849
f 2714 4092 3849
f 2714 3849 3844
f 2714 3844 3843
f 3843 3844 3845
f 4097 3843 3845
f 3845 3793 4097
f 3493 4097 3793
f 1738 3793 3845
f 3843 4097 618
f 3845 3844 4104
f 4104 1739 3845
f 4104 4082 1739
f 3844 3850 4104
f 3849 3850 3844
f 3849 4087 3850
f 4082 4104 3850
f 3934 4082 4077
f 4082 3934 3120
f 3934 589 3121
f 3120 3934 3121
f 3120 1739 4082
f 1738 3845 1739
f 1738 1747 3793
f 2017 3793 1747
f 4043 1747 1746
f 4043 1746 3873
f 4043 3873 3901
f 4122 4043 3901
f 3282 4122 3901
f 4122 3282 2014
f 2014 4125 4122
f 4122 4125 4043
f 4125 2018 4043
f 3900 3901 3873
f 3900 3873 3872
f 3900 3872 4030
f 4130 3900 4030
f 4130 4030 3755
f 3628 4130 3755
f 3755 4030 3795
f 3755 3795 3796
f 4136 3755 3796
f 3796 4113 4136
f 4113 4139 4136
f 4136 4139 1788
f 4139 4113 4111
f 4139 4111 4143
f 4139 4143 1912
f 4147 1912 4143
f 4143 4111 4147
f 4111 4103 4147
f 3802 4147 4103
f 4103 3871 3802
f 3871 3803 3802
f 3802 3803 3804
f 3804 4098 3802
f 3802 4098 4158
f 3802 4158 926
f 4161 3802 926
f 925 3802 4161
f 4158 3445 926
f 4158 4098 4099
f 4099 3909 4158
f 3586 4158 3909
f 3909 4099 3820
f 3820 3908 3909
f 3911 3909 3908
f 3908 3806 3911
f 3908 4175 3806
f 4175 3938 3806
f 3806 3938 4184
f 3806 4184 3807
f 3806 3807 2002
f 4184 4186 3807
f 3807 4186 3893
f 3807 3893 2003
f 4186 3359 3893
f 3893 3359 3358
f 3893 3358 4167
f 4167 4193 3893
f 3893 4193 3259
f 3259 4193 3330
f 3330 4159 3259
f 3330 3332 4159
f 3814 4159 3332
f 3332 3341 3814
f 3814 3341 3340
f 3337 3814 3340
f 3337 3340 4067
f 4201 3337 4067
f 4067 4202 4201
f 4202 3532 4201
f 4201 3532 3335
f 4067 3541 4202
f 4202 3541 3564
f 4210 3564 3541
f 3540 4210 3541
f 3539 3540 3541
f 3542 3540 3539
f 3539 4067 3542
f 4067 3342 3542
f 3542 3342 3543
f 3542 3543 3537
f 3537 3536 3542
f 3536 3537 3538
f 3536 3538 3800
f 3800 4048 3536
f 3536 4048 3553
f 3553 3540 3536
f 1866 3553 4048
f 3800 3861 4048
f 4049 4048 3861
f 4049 3861 4225
f 4047 4049 4225
f 4047 4225 4226
f 3547 4047 4226
f 3547 4226 3817
f 3817 4226 3818
f 3816 3817 3818
f 3816 3818 4232
f 3816 4232 3706
f 3706 3705 3816
f 3241 3816 3705
f 3705 3954 3241
f 3241 3954 4236
f 3954 4238 4236
f 4236 4238 4240
f 4236 4240 3916
f 4236 3916 386
f 386 3916 3803
f 4242 3803 3916
f 3916 4240 4242
f 4240 3864 4242
f 4242 3864 3821
f 3804 4242 3821
f 3864 3822 3821
f 3820 3821 3822
f 3822 3946 3820
f 4249 3820 3946
f 3946 3789 4249
f 3789 4175 4249
f 3789 4253 4175
f 4253 3936 4175
f 4253 4258 3936
f 3937 3936 4258
f 4258 3743 3937
f 3937 3743 4261
f 3937 4261 4186
f 3938 3937 4186
f 3743 3745 4261
f 4261 3745 4027
f 4027 3359 4261
f 3357 3359 4027
f 3357 4027 3771
f 3771 4003 3357
f 3357 4003 4219
f 3358 3357 4219
f 4166 3358 4219
f 4219 4215 4166
f 4166 4215 4193
f 4215 4021 4193
f 3756 4021 4215
f 3756 4215 3757
f 3756 3757 3538
f 3801 3538 3757
f 3757 4013 3801
f 3801 4013 3861
f 3859 3861 4013
f 4013 4283 3859
f 4283 4285 3859
f 3859 4285 4094
f 3859 4094 3761
f 3763 3859 3761
f 3761 3762 3763
f 3855 3763 3762
f 3762 4079 3855
f 3853 3855 4079
f 3853 4079 3879
f 3878 3853 3879
f 3878 3879 3888
f 3888 3699 3878
f 3878 3699 3698
f 3698 4303 3878
f 4303 3854 3878
f 3854 4303 4232
f 4232 4309 3854
f 3855 3854 4309
f 4309 4088 3855
f 4088 4309 4226
f 4303 3698 3706
f 3698 3697 3706
f 3697 3698 3699
f 3697 3699 3887
f 3887 3703 3697
f 3705 3697 3703
f 3703 3704 3705
f 3896 3705 3704
f 3704 3731 3896
f 4326 3896 3731
f 3731 3491 4326
f 4333 4326 3491
f 3491 4336 4333
f 4333 4336 3966
f 3768 4333 3966
f 3966 3769 3768
f 3767 3768 3769
f 3769 3792 3767
f 3710 3767 3792
f 3792 3851 3710
f 3710 3851 3708
f 3708 3709 3710
f 4349 3709 3708
f 3708 4350 4349
f 4349 4350 4258
f 4353 4350 3708
f 3708 3835 4353
f 4353 3835 3760
f 4353 3760 4357
f 4353 4357 4358
f 4358 4357 4061
f 4358 4061 4135
f 3743 4358 4135
f 3743 4135 3744
f 4135 4134 3744
f 3744 4134 3773
f 3773 3745 3744
f 3773 3772 3745
f 3771 3772 3773
f 3771 3773 4370
f 4370 4371 3771
f 4371 4285 3771
f 4371 4370 4095
f 4095 4094 4371
f 4060 4095 4370
f 4095 4060 3783
f 3783 3761 4095
f 4060 3484 3783
f 3484 3782 3783
f 3783 3782 3762
f 3484 3777 3782
f 3782 3777 4079
f 3889 4079 3777
f 3777 3778 3889
f 3778 4390 3889
f 3997 3889 4390
f 3998 3997 4390
f 4390 3891 3998
f 4205 3998 3891
f 4205 3891 3890
f 4206 4205 3890
f 3890 3995 4206
f 3995 3877 4206
f 4250 4206 3877
f 4250 3877 3983
f 4250 3983 3982
f 3982 4402 4250
f 4173 4250 4402
f 4402 3784 4173
f 3786 4173 3784
f 3784 3785 3786
f 3786 3785 3884
f 3786 3884 3883
f 4336 3786 3883
f 4336 3883 4407
f 4407 3883 3967
f 3966 4407 3967
f 3967 3883 3882
f 3882 3790 3967
f 3967 3790 3792
f 3790 3791 3792
f 3790 4417 3791
f 4417 4419 3791
f 3791 4419 3851
f 3851 4419 3895
f 3851 3895 3852
f 4156 3852 3895
f 3725 4156 3895
f 3895 3726 3725
f 3725 3726 3727
f 3725 3727 3480
f 3480 3727 4149
f 4149 4148 3480
f 3481 3480 4148
f 4148 4426 3481
f 4121 3481 4426
f 3892 4121 4426
f 3892 4426 4150
f 3857 3892 4150
f 3857 4150 3858
f 3856 3857 3858
f 3858 4116 3856
f 3876 3856 4116
f 4116 4194 3876
f 3981 3876 4194
f 4194 3729 3981
f 3728 3981 3729
f 3728 3729 3730
f 3730 4437 3728
f 4179 3728 4437
f 4179 4437 3647
f 3647 3640 4179
f 3640 4442 4179
f 4185 4179 4442
f 4442 4446 4185
f 4185 4446 4448
f 4185 4448 4450
f 4450 4177 4185
f 4366 4177 4450
f 4366 4450 3737
f 3736 4366 3737
f 3735 3736 3737
f 3735 3737 3865
f 3735 3865 4457
f 3735 4457 4460
f 3884 4460 4457
f 3884 4457 3882
f 3882 4457 4165
f 3884 3736 4460
f 4165 4457 3865
f 3865 3867 4165
f 4165 3867 3790
f 3865 3866 3867
f 4477 3867 3866
f 3866 3914 4477
f 4477 3914 3915
f 4477 3915 3741
f 4477 3741 4419
f 4419 3741 3726
f 3741 3742 3726
f 3742 3741 3915
f 3749 3742 3915
f 3749 4481 3742
f 4482 3742 4481
f 4150 4482 4481
f 4150 4149 4482
f 4482 3727 3742
f 4481 3749 4356
f 3858 4481 4356
f 4356 4115 3858
f 4356 3748 4115
f 4492 4115 3748
f 3750 4492 3748
f 3748 3749 3750
f 3914 3750 3749
f 4496 4492 3750
f 3750 4351 4496
f 4351 3825 4496
f 4496 3825 3824
f 4502 4496 3824
f 4502 3824 4420
f 4502 4420 3645
f 4492 4502 3645
f 4492 3645 3644
f 3643 3644 3645
f 3644 3643 3730
f 3647 3730 3643
f 3647 3643 3646
f 3646 3641 3647
f 3641 3646 4512
f 3641 4512 3642
f 3640 3641 3642
f 4416 3640 3642
f 3655 4416 3642
f 3655 3642 3656
f 3655 3656 3657
f 4520 3655 3657
f 3657 4410 4520
f 3912 4520 4410
f 4410 3922 3912
f 3913 3912 3922
f 3913 3922 4471
f 3913 4471 4406
f 4406 3754 3913
f 4406 3752 3754
f 3752 3753 3754
f 3753 4415 3754
f 3912 3754 4415
f 3912 4415 3655
f 3753 4528 4415
f 4474 4415 4528
f 3090 4474 4528
f 3091 3090 4528
f 3091 4528 3875
f 4467 3091 3875
f 3874 4467 3875
f 3874 3875 3753
f 3874 3753 4535
f 3874 4535 4459
f 3059 3874 4459
f 3060 3059 4459
f 4459 3072 3060
f 3063 3060 3072
f 3072 3071 3063
f 3071 3256 3063
f 3063 3256 4452
f 4452 4385 3063
f 3064 3063 4385
f 4540 3064 4385
f 4540 4385 4387
f 4544 4540 4387
f 4387 4547 4544
f 4547 4546 4544
f 4544 4546 4478
f 4544 4478 3064
f 3064 4478 4382
f 3064 4382 4381
f 3058 3064 4381
f 3058 4381 4432
f 4432 3059 3058
f 3059 4432 3734
f 4467 3059 3734
f 4467 3734 4468
f 4263 4468 3734
f 4376 4263 3734
f 3734 3733 4376
f 4376 3733 4487
f 4376 4487 3810
f 3808 3810 4487
f 4487 3918 3808
f 3917 3808 3918
f 3823 3917 3918
f 3823 3918 4342
f 4342 4344 3823
f 3823 4344 3824
f 4344 4424 3824
f 3920 3824 4424
f 3920 4424 4343
f 4343 4334 3920
f 4334 3902 3920
f 3920 3902 3921
f 3921 3902 3828
f 3828 3827 3921
f 3827 4420 3921
f 3646 4420 3827
f 3827 3828 3774
f 3776 3827 3774
f 3774 3775 3776
f 3776 3775 4527
f 3656 3776 4527
f 3656 4527 4373
f 3656 4373 4374
f 4374 4373 4404
f 4374 4404 3236
f 3657 4374 3236
f 3236 4380 3657
f 3246 4380 3236
f 3235 3246 3236
f 3235 3236 3237
f 3235 3237 4284
f 3243 3235 4284
f 3243 4284 3244
f 3243 3244 3245
f 4397 3243 3245
f 4397 3245 4538
f 4456 4397 4538
f 4456 4538 4386
f 4386 4451 4456
f 4456 4451 4465
f 4465 4536 4456
f 3923 4536 4465
f 4465 3924 3923
f 3922 3923 3924
f 3924 4465 4472
f 4471 3924 4472
f 3255 4471 4472
f 3255 4472 3256
f 3255 3256 3070
f 3255 3070 4458
f 3255 4458 3752
f 4535 3752 4458
f 3070 3072 4458
f 3256 4472 4451
f 3923 4397 4536
f 3923 3246 4397
f 4451 4472 4465
f 4386 4452 4451
f 4386 4538 4539
f 4386 4539 4387
f 4538 4391 4539
f 4539 4391 4546
f 4545 4546 4391
f 4391 3797 4545
f 3925 4545 3797
f 3797 3799 3925
f 3836 3925 3799
f 3799 4297 3836
f 3836 4297 4291
f 4307 3836 4291
f 4307 4291 4495
f 4307 4495 4319
f 4307 4319 3837
f 3837 4319 3733
f 3733 3930 3837
f 3929 3837 3930
f 3929 3930 4381
f 3838 3837 3929
f 3925 3838 3929
f 3929 4382 3925
f 3836 3837 3838
f 3732 3930 3733
f 4432 3930 3732
f 4319 4495 4435
f 4319 4435 4342
f 4435 4343 4342
f 4435 4436 4343
f 4495 4436 4435
f 4495 4293 4436
f 4293 4292 4436
f 4436 4292 4441
f 4436 4441 4334
f 3903 4334 4441
f 3903 4441 4447
f 3828 3903 4447
f 3933 3828 4447
f 3933 4447 3932
f 3932 3237 3933
f 4524 3933 3237
f 4404 4524 3237
f 4404 4323 4524
f 4403 4323 4404
f 4323 4403 4527
f 3933 4524 4323
f 4323 3774 3933
f 3237 3932 3899
f 3932 3935 3899
f 3847 3899 3935
f 4533 3847 3935
f 3935 4441 4533
f 3847 4533 4297
f 3798 3847 4297
f 3847 3798 3848
f 3244 3848 3798
f 3244 3798 3797
f 4533 4292 4297
f 3848 3899 3847
f 4284 3899 3848
f 3935 3932 4447
f 3935 4447 4441
f 4292 4533 4441
f 4291 4292 4293
f 4291 4293 4495
f 3837 3836 4307
f 4291 4297 4292
f 4297 3799 3798
f 3838 3925 3836
f 3797 3798 3799
f 4545 3925 4382
f 3245 3797 4391
f 4382 4546 4545
f 4397 4456 4536
f 4538 3245 4391
f 3246 3243 4397
f 3244 3797 3245
f 3848 3244 4284
f 4284 3237 3899
f 3246 3235 3243
f 3246 3923 4380
f 4380 3923 4410
f 3237 3236 4404
f 4373 4403 4404
f 4373 4527 4403
f 3776 3656 4512
f 4527 3775 4323
f 3775 3774 4323
f 4512 3827 3776
f 3828 3933 3774
f 3902 3903 3828
f 3902 4334 3903
f 4343 4436 4334
f 3920 3921 3824
f 4344 4343 4424
f 4342 4343 4344
f 4319 4342 3918
f 3825 3917 3823
f 3809 3917 3825
f 3917 3809 3808
f 4319 3918 4487
f 3808 3809 3810
f 3810 3809 4264
f 4263 3810 4264
f 4264 4268 4263
f 4268 4264 4277
f 4268 4277 3906
f 3907 4268 3906
f 3906 3737 3907
f 4272 4268 3907
f 3907 3092 4272
f 4272 3092 3091
f 3091 4468 4272
f 4448 3092 3907
f 4468 4268 4272
f 3906 4277 4278
f 3906 4278 3865
f 4277 4351 4278
f 4278 4351 3866
f 4277 3809 4351
f 4264 3809 4277
f 4487 3733 4319
f 3732 3733 3734
f 4263 4376 3810
f 4468 4263 4268
f 4432 3732 3734
f 4432 4381 3930
f 4381 4382 3929
f 4546 4382 4478
f 4546 4547 4539
f 4387 4539 4547
f 4385 4386 4387
f 4540 4544 3064
f 3063 3064 3058
f 4452 4386 4385
f 4451 4452 3256
f 3070 3256 3071
f 3070 3071 3072
f 3060 3063 3058
f 4458 3072 4459
f 3058 3059 3060
f 4458 4459 4535
f 3874 3059 4467
f 3091 4467 4468
f 3090 3091 3092
f 4446 3090 3092
f 3090 4446 4474
f 4446 4416 4474
f 4416 4415 4474
f 3875 4528 3753
f 4535 3753 3752
f 3752 4406 3255
f 3255 4406 4471
f 3924 4471 3922
f 3912 3913 3754
f 3922 4410 3923
f 4410 3657 4380
f 4520 3912 3655
f 3657 3656 4374
f 3655 4415 4416
f 3642 4512 3656
f 3646 3827 4512
f 4420 3646 3643
f 3643 3645 4420
f 4420 3824 3921
f 3823 3824 3825
f 3809 3825 4351
f 4351 3750 3866
f 4502 4492 4496
f 3644 4115 4492
f 4115 3644 3729
f 3748 4356 3749
f 3914 3749 3915
f 3866 3750 3914
f 3867 4477 4417
f 3865 4278 3866
f 3865 3737 3906
f 3735 4460 3736
f 3736 4367 4366
f 4178 4366 4367
f 4367 4402 4178
f 3785 4367 3736
f 3737 4450 3907
f 4366 4178 4177
f 4177 4178 4179
f 3907 4450 4448
f 4448 4446 3092
f 4442 4416 4446
f 4179 4185 4177
f 4442 3640 4416
f 3641 3640 3647
f 4178 3728 4179
f 4178 3982 3728
f 4437 3730 3647
f 3730 3729 3644
f 3982 3981 3728
f 3729 4194 4115
f 3983 3876 3981
f 4194 4116 4115
f 3856 3876 3877
f 3858 4115 4116
f 3857 3856 3995
f 3858 4150 4481
f 3892 3857 3890
f 3892 3891 4121
f 3778 4121 3891
f 3778 3881 4121
f 3778 3472 3881
f 3472 3474 3881
f 3474 3880 3881
f 3481 3881 3880
f 3481 3880 3482
f 3758 3482 3880
f 3758 3880 3759
f 3758 3759 3760
f 3834 3482 3758
f 3834 3758 3835
f 3852 3834 3835
f 4156 3482 3834
f 3482 4156 3480
f 3880 3474 3759
f 3473 3759 3474
f 3759 3473 4061
f 3473 3485 4061
f 4060 4061 3485
f 4061 4060 4134
f 3484 3485 3473
f 3472 3473 3474
f 3777 3473 3472
f 3881 3481 4121
f 4426 4148 4150
f 3480 3481 3482
f 4148 4149 4150
f 4149 3727 4482
f 3742 3727 3726
f 3725 3480 4156
f 3852 4156 3834
f 4419 3726 3895
f 4419 4417 4477
f 3867 4417 3790
f 4165 3790 3882
f 3882 3883 3884
f 3785 3736 3884
f 4367 3785 3784
f 3490 4173 3786
f 3490 3786 3491
f 3490 3491 3492
f 3492 4243 3490
f 4243 3492 4244
f 4243 4244 4070
f 4243 4070 4173
f 4244 3703 4070
f 3492 3704 4244
f 4173 3490 4243
f 3784 4402 4367
f 4173 4070 4250
f 4070 4204 4250
f 4070 4198 4204
f 4204 4198 4205
f 4198 3996 4205
f 4198 3886 3996
f 3886 3997 3996
f 3886 3888 3997
f 3886 3887 3888
f 3887 3886 4198
f 4070 3887 4198
f 4402 3982 4178
f 3981 3982 3983
f 3983 3877 3876
f 4250 4204 4206
f 3877 3995 3856
f 3995 3890 3857
f 4204 4205 4206
f 3890 3891 3892
f 3996 3998 4205
f 3996 3997 3998
f 3888 3889 3997
f 3891 4390 3778
f 3777 3472 3778
f 3777 3484 3473
f 3484 4060 3485
f 3773 4060 4370
f 4060 3773 4134
f 4350 4358 3743
f 4061 4134 4135
f 4357 3759 4061
f 4357 3760 3759
f 3835 3758 3760
f 3708 3852 3835
f 4353 4358 4350
f 3709 4349 4146
f 3767 3709 4146
f 4146 3960 3767
f 3894 3960 4146
f 4146 3788 3894
f 3894 3788 3787
f 3787 4227 3894
f 3894 4227 3959
f 3863 3959 4227
f 3946 3863 4227
f 3863 3898 3959
f 3959 3898 3897
f 4326 3959 3897
f 4326 3768 3959
f 3768 3960 3959
f 3896 3897 3898
f 3954 3896 3898
f 4238 3898 3863
f 3864 4238 3863
f 4227 3787 3946
f 3787 3788 3789
f 3959 3960 3894
f 4146 4349 3788
f 4253 3788 4349
f 3851 3852 3708
f 3791 3851 3792
f 3767 3710 3709
f 3967 3792 3769
f 3768 3767 3960
f 3769 3966 3967
f 4336 4407 3966
f 3491 3786 4336
f 4326 4333 3768
f 3492 3491 3731
f 3896 4326 3897
f 3731 3704 3492
f 3704 3703 4244
f 3703 3887 4070
f 3887 3699 3888
f 3888 3879 3889
f 3854 3853 3878
f 3879 4079 3889
f 3853 3854 3855
f 4079 3762 3782
f 4088 3763 3855
f 3860 3763 4088
f 4225 3860 4088
f 3762 3761 3783
f 3859 3763 3860
f 4094 4095 3761
f 4285 4371 4094
f 4285 4283 4003
f 4001 4003 4283
f 4001 4002 4003
f 3757 4002 4001
f 4013 4001 4283
f 3859 3860 3861
f 3757 4001 4013
f 4002 3757 4215
f 3331 4021 3756
f 3537 3331 3756
f 3331 3330 4021
f 4215 4219 4002
f 4003 4002 4219
f 4003 3771 4285
f 3772 3771 4027
f 3772 4027 3745
f 3743 3744 3745
f 4350 3743 4258
f 3936 3937 3938
f 4253 4349 4258
f 3788 4253 3789
f 3946 3787 3789
f 3822 3863 3946
f 3863 3822 3864
f 4240 4238 3864
f 3954 3898 4238
f 3954 3705 3896
f 3705 3706 3697
f 3706 4232 4303
f 4232 3818 4309
f 1987 3817 3816
f 3818 4226 4309
f 4226 4225 4088
f 3861 3860 4225
f 4047 4048 4049
f 1859 4048 4047
f 3801 3861 3800
f 3800 3538 3801
f 3538 3537 3756
f 3543 3331 3537
f 3543 3332 3331
f 3342 3332 3543
f 3540 3542 3536
f 3553 4210 3540
f 3140 4210 3553
f 4210 3751 3564
f 3541 4067 3539
f 3337 4201 3335
f 3335 3336 3337
f 3340 3342 4067
f 3337 3336 3814
f 2001 3814 3336
f 3340 3341 3342
f 3332 3342 3341
f 3814 2000 4159
f 3330 3331 3332
f 3330 4193 4021
f 4167 4166 4193
f 4166 4167 3358
f 3357 3358 3359
f 4186 4261 3359
f 4186 4184 3938
f 4175 3936 3938
f 4249 4175 3908
f 3908 3820 4249
f 4099 3821 3820
f 4098 3821 4099
f 3804 3821 4098
f 3803 4242 3804
f 3871 1282 3803
f 3871 4103 1282
f 4147 3802 925
f 1282 4103 4111
f 1282 4111 4110
f 4109 4110 4111
f 1983 4110 4109
f 4109 3795 1983
f 4111 4113 4109
f 4109 4113 3796
f 4136 1787 3755
f 3457 3755 1787
f 3795 4109 3796
f 4030 4031 3795
f 4031 3015 3795
f 3628 3900 4130
f 4031 4030 3872
f 3872 3724 4031
f 71 3872 3873
f 3628 3901 3900
f 3873 1746 71
f 1747 4043 2018
f 1740 2567 2569
f 71 1746 72
f 3872 71 3724
f 4031 3724 3015
f 3795 3015 1804
f 3795 1804 1820
f 1820 1983 3795
f 1282 4110 1983
f 1282 386 3803
f 385 384 1821
f 386 3241 4236
f 3241 1987 3816
f 1986 1985 385
f 1987 3547 3817
f 1860 4047 3547
f 385 1821 1986
f 1821 1803 1858
f 1860 1859 4047
f 1865 1858 1805
f 1859 1866 4048
f 3140 3553 1866
f 3016 3421 1865
f 3140 682 4210
f 3016 680 3421
f 73 681 680
f 3751 4210 682
f 2569 2568 681
f 3751 3136 3564
f 4202 3564 3532
f 3436 3435 3532
f 1750 2568 1751
f 588 1023 1751
f 1023 1022 1761
f 1752 3435 3436
f 3335 3532 3435
f 3335 151 3336
f 3266 3336 151
f 149 1761 150
f 151 3031 3267
f 1511 2584 150
f 2584 2586 1013
f 3030 3267 3031
f 1012 2591 1013
f 3267 3030 3528
f 3815 3268 3622
f 3266 151 3267
f 2001 3336 3266
f 3268 3389 1374
f 2001 2000 3814
f 4159 2000 3259
f 2003 3893 3259
f 2003 2002 3807
f 3911 3806 2002
f 3909 3911 3586
f 3445 4158 3586
f 3197 1910 3445
f 2042 924 3196
f 1910 926 3445
f 4161 926 925
f 4147 925 1913
f 1488 1911 3183
f 1912 4147 1913
f 1912 1772 4139
f 1788 4139 1772
f 4136 1788 1787
f 3457 1787 1190
f 3755 3457 3628
f 3282 3901 3628
f 1954 1955 3283
f 1955 3437 1436
f 3282 2015 2014
f 3275 4125 2014
f 1438 1437 2016
f 3275 2018 4125
f 2018 2017 1747
f 3793 2017 3493
f 3493 619 4097
f 619 618 4097
f 3712 1006 617
f 3843 618 2714
f 2714 1717 4092
f 4550 3764 1716
f 4550 1716 2492
f 2492 2851 4550
f 4550 2851 3471
f 3466 3471 2851
f 3466 2851 2853
f 2853 3465 3466
f 3123 3466 3465
f 3465 4501 3123
f 4500 3123 4501
f 4305 4500 4501
f 4501 3488 4305
f 4305 3488 1702
f 4305 1702 3463
f 3488 4321 1702
f 3487 4321 3488
f 3486 3487 3488
f 3692 3487 3486
f 3487 3692 4503
f 3700 3487 4503
f 4503 3701 3700
f 3700 3701 3702
f 3700 3702 2506
f 4321 3700 2506
f 4321 2506 2505
f 4440 2506 3702
f 4440 3702 3576
f 3576 2506 4440
f 4433 3702 3701
f 4433 3701 4670
f 4670 4671 4433
f 4671 3007 4433
f 4433 3007 1898
f 3007 2726 1898
f 2726 2522 1898
f 2522 2726 3500
f 2522 3500 2523
f 3500 2726 3501
f 3500 3501 2274
f 4656 3500 2274
f 2274 4529 4656
f 4529 3599 4656
f 4529 2274 2273
f 3224 4529 2273
f 2273 3516 3224
f 2273 2555 3516
f 2555 4405 3516
f 3516 4405 2449
f 3515 3516 2449
f 2449 2448 3515
f 3515 2448 3719
f 4530 3515 3719
f 4530 3719 1934
f 3303 1934 3719
f 3303 3719 4286
f 3303 4286 4282
f 3303 4282 3304
f 1935 3303 3304
f 4653 3304 4282
f 4282 4281 4653
f 4653 4281 3666
f 4280 4281 4282
f 4299 4280 4282
f 4298 4280 4299
f 4619 4298 4299
f 4619 4299 4286
f 4619 3639 4298
f 2264 4298 3639
f 2778 2264 3639
f 2778 3639 4296
f 3639 4398 4296
f 4296 4398 3314
f 2779 4296 3314
f 3314 4398 2450
f 2450 3313 3314
f 3313 2772 3314
f 3313 2450 4396
f 2831 3313 4396
f 4396 2450 4405
f 4405 2554 4396
f 4396 2554 4634
f 3186 4396 4634
f 4634 2554 2556
f 4634 2556 2903
f 2432 4634 2903
f 2903 4337 2432
f 2432 4337 4279
f 4279 4337 3343
f 2690 4279 3343
f 2690 3343 3344
f 2690 3344 4518
f 2690 4518 4051
f 2691 2690 4051
f 4051 4331 2691
f 4276 2691 4331
f 4348 4276 4331
f 4348 4331 4625
f 4348 4625 3928
f 3928 3659 4348
f 4348 3659 3658
f 3658 3659 3660
f 3660 4269 3658
f 4270 3658 4269
f 4269 3675 4270
f 3675 4613 4270
f 4270 4613 3351
f 3350 4270 3351
f 3350 3351 2691
f 3351 2692 2691
f 4267 2692 3351
f 2692 4267 3672
f 3672 4279 2692
f 4270 3350 4276
f 4613 4267 3351
f 4613 3673 4267
f 4269 3262 3675
f 3262 4269 4377
f 4276 3658 4270
f 4269 3660 4377
f 3660 3375 4377
f 3375 3374 4377
f 3374 3375 3376
f 3375 4168 3376
f 4168 3221 3376
f 3221 4375 3376
f 2973 3376 4375
f 4375 2974 2973
f 4389 2974 4375
f 4389 4375 4629
f 3671 4389 4629
f 3671 4629 4693
f 3671 4693 1978
f 3670 3671 1978
f 1978 1980 3670
f 3383 3670 1980
f 1979 3383 1980
f 1979 3862 3383
f 3383 3862 4694
f 3383 4694 3382
f 3382 2677 3383
f 2675 2677 3382
f 3868 2675 3382
f 3382 3869 3868
f 3868 3869 3870
f 3870 4579 3868
f 3868 4579 4695
f 4473 3868 4695
f 4695 4601 4473
f 4473 4601 4228
f 4228 4411 4473
f 2675 4473 4411
f 2675 4411 3400
f 3400 2676 2675
f 3399 2676 3400
f 3400 1967 3399
f 3399 1967 1969
f 3399 1969 4409
f 4408 3399 4409
f 4408 4409 4421
f 4408 4421 3670
f 2676 4408 3670
f 3670 2677 2676
f 4421 4409 1959
f 3678 4421 1959
f 3678 1959 1958
f 1958 1971 3678
f 4222 3678 1971
f 1971 3679 4222
f 3679 1971 3412
f 1971 3026 3412
f 3412 3026 3413
f 3412 3413 3414
f 3414 3680 3412
f 3680 3414 4355
f 4355 3414 4368
f 4355 4368 4369
f 4355 4369 2328
f 4369 4364 2328
f 2328 4364 3133
f 4369 4598 4364
f 4364 4598 4365
f 4364 4365 3134
f 1261 3134 4365
f 4365 4180 1261
f 4180 4189 1261
f 1262 1261 4189
f 4189 4180 1277
f 1276 4189 1277
f 2841 1277 4180
f 4596 2841 4180
f 4598 4596 4180
f 4598 2966 4596
f 2966 2965 4596
f 4190 4596 2965
f 4190 2965 4197
f 4190 4197 2660
f 3167 4190 2660
f 3167 2660 2659
f 3167 2659 2842
f 2841 3167 2842
f 4705 3167 2841
f 2842 2659 3188
f 3188 3187 2842
f 2842 3187 4117
f 1278 2842 4117
f 1277 2842 1278
f 4117 3187 2364
f 3189 2364 3187
f 3187 3188 3189
f 3188 4123 3189
f 3189 4123 2365
f 2365 4123 3580
f 4123 3578 3580
f 3578 3579 3580
f 2497 3580 3579
f 3693 2497 3579
f 3693 3579 3038
f 3693 3038 4052
f 4058 3693 4052
f 4051 4058 4052
f 4050 4051 4052
f 4050 4052 2645
f 2645 3931 4050
f 4625 4050 3931
f 2645 2644 3931
f 3928 3931 2644
f 2644 3201 3928
f 4063 3928 3201
f 4062 4063 3201
f 3200 4062 3201
f 3200 3201 3074
f 3200 3074 4593
f 4593 4162 3200
f 4162 4593 3591
f 4162 3591 3590
f 3219 4162 3590
f 3590 4151 3219
f 3220 3219 4151
f 3220 4151 1978
f 1978 4151 1979
f 3219 3220 3221
f 4151 3590 1979
f 3590 3592 1979
f 4168 4162 3219
f 4062 4162 4168
f 3590 3591 3592
f 3591 4611 3592
f 3862 3592 4611
f 4245 3862 4611
f 4245 4611 4214
f 4214 4028 4245
f 4028 4170 4245
f 4245 4170 4246
f 4170 4262 4246
f 4246 4262 4694
f 4262 4562 4694
f 4694 4562 3869
f 4251 4562 4262
f 4262 4026 4251
f 4026 4252 4251
f 4251 4252 3230
f 3230 4252 3228
f 3228 3229 3230
f 3229 3986 3230
f 3986 4562 3230
f 3986 3870 4562
f 4199 3870 3986
f 3986 3976 4199
f 3978 4199 3976
f 3976 3977 3978
f 3978 3977 3248
f 3248 3247 3978
f 3247 3248 3249
f 3249 3608 3247
f 3247 3608 4207
f 3247 4207 4199
f 3610 4207 3608
f 3608 3609 3610
f 3610 3609 4575
f 3610 4575 4695
f 4695 4575 4131
f 4575 3571 4131
f 3571 3142 4131
f 3142 4132 4131
f 4131 4132 4133
f 4131 4133 4601
f 4132 4036 4133
f 4133 4036 4038
f 4234 4133 4038
f 4140 4234 4038
f 4038 3162 4140
f 4140 3162 3161
f 4140 3161 3260
f 3161 3261 3260
f 3260 3261 1968
f 1967 3260 1968
f 4235 3260 1967
f 1967 4229 4235
f 4229 4234 4235
f 4228 4229 1967
f 4228 4133 4229
f 4235 4234 3260
f 1968 3261 4112
f 1968 4112 3279
f 1969 1968 3279
f 4237 1969 3279
f 3623 4237 3279
f 4237 3623 1957
f 1959 4237 1957
f 1957 3623 2964
f 1972 1957 2964
f 1972 2964 3026
f 3026 2964 2966
f 3026 2966 3027
f 2966 4368 3027
f 1958 1957 1972
f 2964 3623 2965
f 3623 3963 2965
f 3963 3623 3969
f 3963 3969 3970
f 3963 3970 3533
f 3963 3533 4197
f 3533 3970 4578
f 4578 3534 3533
f 3533 3534 3535
f 3533 3535 2660
f 2660 3535 4081
f 2660 4081 2661
f 3039 2661 4081
f 2661 3039 3578
f 3578 3039 3038
f 3037 3038 3039
f 3535 3037 3039
f 3535 4078 3037
f 3037 4078 3565
f 3565 4096 3037
f 4096 3565 3567
f 4101 4096 3567
f 4585 4101 3567
f 3567 4093 4585
f 2645 4585 4093
f 2645 4093 2646
f 2646 4093 4015
f 2646 4015 3073
f 3075 2646 3073
f 3073 3074 3075
f 3073 4010 3074
f 4214 3074 4010
f 4214 4010 4009
f 4009 4010 4011
f 4011 4028 4009
f 4028 4011 3811
f 4028 3811 4171
f 3556 4171 3811
f 3556 3811 3812
f 3556 3812 3554
f 3554 3555 3556
f 4026 3556 3555
f 3556 4026 4170
f 3555 3554 3948
f 4252 3555 3948
f 4252 3948 3078
f 3078 3948 3079
f 3078 3079 3080
f 3944 3078 3080
f 3944 3080 3544
f 3944 3544 3805
f 3805 3958 3944
f 3944 3958 3976
f 3228 3944 3976
f 3805 3957 3958
f 3977 3958 3957
f 3805 3530 3957
f 3957 3530 3248
f 3248 3530 4056
f 3248 4056 3117
f 4056 3118 3117
f 3116 3117 3118
f 3116 3118 4583
f 4583 3047 3116
f 3116 3047 3780
f 3116 3780 4055
f 4055 3132 3116
f 4055 4069 3132
f 4322 3132 4069
f 4069 4308 4322
f 3563 4322 4308
f 3563 4308 3562
f 3562 3323 3563
f 3323 3325 3563
f 3563 3325 3904
f 3563 3904 3127
f 3904 3905 3127
f 3127 3905 4310
f 3127 4310 3125
f 3125 3126 3127
f 3127 3126 4322
f 3125 4157 3126
f 3126 4157 3624
f 3126 3624 3910
f 3132 3126 3910
f 3910 3249 3132
f 3117 3132 3249
f 3910 3624 3609
f 3624 4174 3609
f 3609 4174 3570
f 4174 3955 3570
f 3955 3142 3570
f 3955 3143 3142
f 3142 3143 3144
f 3143 4551 3144
f 4037 3144 4551
f 4551 4102 4037
f 4102 3551 4037
f 4037 3551 4114
f 4037 4114 4038
f 4114 3551 3550
f 3550 4141 4114
f 3162 4114 4141
f 4141 3572 3162
f 3162 3572 3163
f 3163 3572 3943
f 3163 3943 3942
f 3942 3094 3163
f 3156 3163 3094
f 3094 4045 3156
f 3156 4045 3154
f 3154 3155 3156
f 3154 3261 3155
f 4039 3261 3154
f 4046 4039 3154
f 3154 4044 4046
f 4046 4044 4578
f 4046 4578 3969
f 4039 4046 3969
f 4112 4039 3969
f 3154 4045 4044
f 3094 4044 4045
f 4044 3094 3093
f 3534 4044 3093
f 3534 3093 4078
f 4078 3093 3566
f 3566 3093 4604
f 3566 4604 3567
f 3567 4604 4347
f 4347 4604 4221
f 4347 4221 4024
f 4015 4347 4024
f 4015 4024 4023
f 4483 4015 4023
f 4483 4023 4011
f 3073 4483 4011
f 4011 4023 3681
f 3681 3683 4011
f 3681 3682 3683
f 3683 3682 4422
f 3812 3683 4422
f 3812 4422 4423
f 3812 4423 4335
f 4423 4600 4335
f 3079 4335 4600
f 3079 4600 3545
f 4600 4602 3545
f 3545 4602 3684
f 3546 3545 3684
f 3546 3684 4005
f 3544 3546 4005
f 4005 3428 3544
f 3428 4005 3429
f 3428 3429 3231
f 3233 3428 3231
f 3231 3232 3233
f 4203 3233 3232
f 4203 3232 4091
f 4203 4091 4090
f 3048 4203 4090
f 3048 4090 4089
f 3048 4089 3713
f 3049 3048 3713
f 3049 3713 4513
f 3049 4513 3781
f 3049 3781 3780
f 3779 3780 3781
f 3781 3686 3779
f 3779 3686 3688
f 3779 3688 4069
f 3686 3687 3688
f 3688 3687 4559
f 4559 4218 3688
f 4218 4308 3688
f 4559 4212 4218
f 4212 3562 4218
f 4212 4213 3562
f 3562 4213 3691
f 3691 4213 3321
f 3321 3690 3691
f 3690 3525 3691
f 3324 3691 3525
f 3525 3527 3324
f 3324 3527 3452
f 3452 3325 3324
f 3325 3452 3453
f 3453 3452 4554
f 3453 4554 3273
f 3453 3273 3272
f 3272 3905 3453
f 4608 3905 3272
f 3272 4610 4608
f 4608 4610 4541
f 4311 4608 4541
f 4311 4541 4157
f 4157 4541 3625
f 4239 3625 4541
f 4541 4542 4239
f 4239 4542 4606
f 4239 4606 3696
f 4239 3696 4551
f 3696 4606 3694
f 3694 3695 3696
f 4102 3696 3695
f 3695 4231 4102
f 4231 4200 4102
f 4621 4200 4231
f 4231 4230 4621
f 4621 4230 3475
f 3475 3621 4621
f 3602 4621 3621
f 3707 3602 3621
f 3621 3620 3707
f 4504 3707 3620
f 4602 4504 3620
f 4602 3620 3477
f 3477 3620 3475
f 3475 3476 3477
f 3477 3476 3684
f 3476 3475 3694
f 3476 3694 3429
f 3694 4434 3429
f 3429 4434 4255
f 4434 4605 4255
f 4254 4255 4605
f 4605 4725 4254
f 4443 4254 4725
f 4443 4725 4610
f 4542 4610 4725
f 4443 4091 4254
f 4557 4091 4443
f 4557 4443 3271
f 4557 3271 3714
f 3713 4557 3714
f 3713 3714 3715
f 4526 3715 3714
f 3714 3273 4526
f 4525 3715 4526
f 4526 3962 4525
f 3962 4247 4525
f 4247 4401 4525
f 4525 4401 3721
f 3210 4525 3721
f 3211 3210 3721
f 3211 3721 3722
f 3722 3212 3211
f 3722 3595 3212
f 3509 3212 3595
f 3595 3510 3509
f 3508 3509 3510
f 3510 3649 3508
f 3589 3508 3649
f 3589 3649 3632
f 3632 3633 3589
f 3687 3589 3633
f 3633 4558 3687
f 3633 3839 4558
f 4558 3839 3842
f 3842 4295 4558
f 4558 4295 4559
f 3842 4294 4295
f 4294 3319 4295
f 3319 3321 4295
f 4295 3321 4212
f 3319 3320 3321
f 4394 3321 3320
f 3320 4491 4394
f 4491 4395 4394
f 4394 4395 4053
f 4394 4053 3636
f 4053 3637 3636
f 3636 3637 3638
f 3636 3638 3690
f 3638 3637 3467
f 3638 3467 3526
f 3638 3526 3525
f 3526 3467 4401
f 4697 4401 3467
f 3467 3178 4697
f 4519 4697 3178
f 4519 3178 3180
f 4523 4519 3180
f 4523 3180 4327
f 3596 4523 4327
f 4327 3648 3596
f 3596 3648 3649
f 3583 3648 4327
f 3584 3583 4327
f 4327 4623 3584
f 4346 3584 4623
f 4623 3180 4346
f 4346 3180 4119
f 4119 4118 4346
f 3360 4346 4118
f 4118 4655 3360
f 4655 3361 3360
f 3053 3360 3361
f 4595 3053 3361
f 4595 3361 4266
f 4265 4595 4266
f 4265 4266 4191
f 4265 4191 3652
f 3651 4265 3652
f 3651 3652 3653
f 4614 3651 3653
f 3653 3841 4614
f 4614 3841 4274
f 4273 4614 4274
f 4273 4274 4275
f 4275 4362 4273
f 4273 4362 3988
f 3988 4265 4273
f 3988 4362 4617
f 3988 4617 3740
f 3987 3988 3740
f 3740 3051 3987
f 3053 3987 3051
f 3051 3052 3053
f 3052 3984 3053
f 3053 3984 3574
f 3984 3360 3574
f 3585 3360 3984
f 3984 4000 3585
f 3585 4000 4383
f 3583 3585 4383
f 4124 3583 4383
f 4124 4383 3384
f 3386 4124 3384
f 3384 3385 3386
f 3386 3385 3999
f 3738 3386 3999
f 3999 3739 3738
f 3738 3739 3740
f 3739 3999 3667
f 3669 3739 3667
f 3667 3668 3669
f 3676 3669 3668
f 3668 4014 3676
f 3676 4014 3746
f 3676 3746 3747
f 3676 3747 3052
f 3747 4354 3052
f 4354 3747 3746
f 4354 3746 4014
f 4000 4354 4014
f 4014 3384 4000
f 3418 3384 4014
f 3418 4014 3668
f 3669 3676 3051
f 3418 3668 3667
f 3385 3418 3667
f 3739 3669 3051
f 4363 3386 3738
f 3738 4617 4363
f 4363 4418 3386
f 3632 3386 4418
f 3840 4418 4363
f 3840 4363 4275
f 3633 4418 3840
f 3385 3667 3999
f 3385 3384 3418
f 4124 3386 3632
f 3632 3648 4124
f 4383 4000 3384
f 4354 4000 3984
f 3585 3584 3360
f 3984 3052 4354
f 3052 3051 3676
f 3740 3739 3051
f 3988 3987 4595
f 3740 4617 3738
f 4363 4617 4362
f 4362 4275 4363
f 3840 4275 4274
f 4274 3841 3840
f 3839 3840 3841
f 3841 3653 4294
f 3653 4181 4294
f 4614 4273 3651
f 3653 3652 4181
f 4182 4181 3652
f 4181 4182 4183
f 4181 4183 3320
f 4182 4491 4183
f 4491 4182 4594
f 4594 4118 4491
f 4118 4120 4491
f 4191 4594 4182
f 4273 4265 3651
f 3652 4191 4182
f 4266 4594 4191
f 4266 4655 4594
f 3988 4595 4265
f 3987 3053 4595
f 3053 3574 3360
f 3361 4655 4266
f 4594 4655 4118
f 4118 4119 4120
f 4120 4119 3179
f 4120 3179 3468
f 4395 4120 3468
f 3468 3179 3178
f 3179 4119 3180
f 3360 3584 4346
f 3583 3584 3585
f 3648 3583 4124
f 3596 3595 4523
f 4327 3180 4623
f 3722 4519 4523
f 3178 3179 3180
f 4697 4519 3721
f 3467 3468 3178
f 3637 3468 3467
f 4053 3468 3637
f 4395 3468 4053
f 4491 4120 4395
f 4183 4491 3320
f 3636 3321 4394
f 4181 3320 3319
f 4294 4181 3319
f 3842 3841 4294
f 3841 3842 3839
f 3839 3633 3840
f 3588 3589 3687
f 3632 4418 3633
f 3632 3649 3648
f 3588 3508 3589
f 3588 4153 3508
f 4153 3588 3686
f 3686 4152 4153
f 4153 4152 3509
f 4152 4513 3509
f 4513 4169 3509
f 4513 3715 4169
f 3649 3510 3596
f 3509 3508 4153
f 3510 3595 3596
f 3509 4169 3212
f 4169 3210 3212
f 4523 3595 3722
f 3722 3721 4519
f 3210 3211 3212
f 4169 4525 3210
f 3721 4401 4697
f 4401 4247 3526
f 3527 3526 4247
f 3527 4247 3962
f 4554 3962 4526
f 4169 3715 4525
f 3271 3273 3714
f 3271 4443 3272
f 4089 4091 4557
f 4542 4725 4605
f 4254 3231 4255
f 4606 4605 4434
f 4504 3600 3707
f 4423 3600 4504
f 3602 3707 3600
f 3600 3601 3602
f 3602 3601 3549
f 3602 3549 3974
f 3602 3974 4200
f 3551 4200 3974
f 3551 3974 3549
f 4563 3549 3601
f 4142 4563 3601
f 3615 4142 3601
f 3601 3616 3615
f 3238 3615 3616
f 3682 3238 3616
f 4023 3238 3682
f 4023 4025 3238
f 4025 3239 3238
f 3238 3239 3240
f 3239 3941 3240
f 3240 3941 3615
f 3239 3942 3941
f 3095 3942 3239
f 4220 3095 3239
f 3239 4024 4220
f 3093 3095 4220
f 4025 4024 3239
f 3615 3238 3240
f 3941 4142 3615
f 3943 4142 3941
f 3943 4141 4142
f 4142 4141 4563
f 3550 3549 4563
f 3616 3601 3600
f 4422 3616 3600
f 3620 3621 3475
f 3475 4230 3694
f 4200 4621 3602
f 4230 4231 3695
f 3695 3694 4230
f 4434 3694 4606
f 4605 4606 4542
f 3625 4239 3956
f 3955 3625 3956
f 3626 3625 3955
f 3624 3625 3626
f 3956 4239 3143
f 4610 4542 4541
f 4610 3272 4443
f 4608 4311 3905
f 3271 3272 3273
f 3273 4554 4526
f 3962 4554 3452
f 3452 3527 3962
f 3525 3526 3527
f 3691 3324 3323
f 3690 3638 3525
f 3321 3636 3690
f 3321 4213 4212
f 4212 4559 4295
f 4558 4559 3687
f 3686 3588 3687
f 3686 3781 4152
f 3781 4513 4152
f 3713 3715 4513
f 3047 3048 3049
f 3713 4089 4557
f 4203 3048 4075
f 4203 4075 4074
f 4074 4075 4076
f 4076 3529 4074
f 3531 4074 3529
f 3529 3530 3531
f 3233 4074 3531
f 3529 4076 4056
f 3118 4076 4075
f 4075 3048 4583
f 4089 4090 4091
f 4091 3232 4254
f 4074 3233 4203
f 3232 3231 4254
f 3531 3428 3233
f 3531 3805 3428
f 4255 3231 3429
f 4005 3476 3429
f 4005 3684 3476
f 3544 3545 3546
f 4602 3477 3684
f 4504 4602 4600
f 4600 4423 4504
f 4423 4422 3600
f 3682 3616 4422
f 3681 4023 3682
f 4023 4024 4025
f 4220 4024 4221
f 4220 4221 4604
f 4604 3093 4220
f 3093 3094 3095
f 3156 3155 3163
f 3161 3163 3155
f 3095 3094 3942
f 3941 3942 3943
f 3943 3572 4141
f 4141 3550 4563
f 3549 3550 3551
f 3551 4102 4200
f 4102 4551 3696
f 4037 4132 3144
f 3143 4239 4551
f 3955 3956 3143
f 3955 4174 3626
f 3624 3626 4174
f 4157 3625 3624
f 3125 4311 4157
f 4310 4311 3125
f 4310 3905 4311
f 3905 3904 3453
f 3904 3325 3453
f 3323 3324 3325
f 3562 3691 3323
f 3562 4308 4218
f 3127 4322 3563
f 4308 4069 3688
f 3132 4322 3126
f 4069 4055 3779
f 4055 3780 3779
f 3780 3047 3049
f 3048 3047 4583
f 4583 3118 4075
f 3132 3117 3116
f 4076 3118 4056
f 3530 3529 4056
f 3805 3531 3530
f 3805 3544 3428
f 3080 3545 3544
f 3228 3078 3944
f 3545 3080 3079
f 4335 3079 3948
f 4335 3948 3554
f 3554 3812 4335
f 3811 3683 3812
f 4170 4171 3556
f 3811 4011 3683
f 4010 3073 4011
f 3201 2646 3075
f 3073 4015 4483
f 4093 4347 4015
f 4093 3567 4347
f 4052 4101 4585
f 4096 4101 3038
f 3565 3566 3567
f 3565 4078 3566
f 3037 4096 3038
f 4081 3535 3039
f 3535 3534 4078
f 4578 4044 3534
f 3969 4578 3970
f 4112 3969 3623
f 3623 3279 4112
f 4112 3261 4039
f 3155 3261 3161
f 3161 3162 3163
f 3162 4038 4114
f 4234 4140 3260
f 4229 4133 4234
f 4036 4037 4038
f 4132 4037 4036
f 3142 3144 4132
f 3570 3142 3571
f 4575 3570 3571
f 3570 4575 3609
f 3608 3910 3609
f 4207 3610 4579
f 3249 3910 3608
f 3117 3249 3248
f 3977 3957 3248
f 3976 3958 3977
f 4199 3978 3247
f 3870 4199 4207
f 3229 3976 3986
f 3229 3228 3976
f 4252 3078 3228
f 4252 4026 3555
f 4562 4251 3230
f 4262 4170 4026
f 4170 4028 4171
f 4214 4009 4028
f 4593 4214 4611
f 4245 4246 3862
f 4611 3591 4593
f 4593 3074 4214
f 3201 3075 3074
f 4062 3200 4162
f 4168 4063 4062
f 3201 2644 2646
f 2644 2645 2646
f 4585 2645 4052
f 4625 4051 4050
f 4518 3693 4058
f 4052 3038 4101
f 3693 4518 2497
f 3579 3578 3038
f 4123 2661 3578
f 2661 4123 3188
f 3188 2659 2661
f 2659 2660 2661
f 4705 4190 3167
f 2660 4197 3533
f 3963 4197 2965
f 4705 4596 4190
f 2964 2965 2966
f 2841 4596 4705
f 2841 2842 1277
f 4598 4180 4365
f 4369 2966 4598
f 4368 2966 4369
f 3414 3027 4368
f 3413 3027 3414
f 3413 3026 3027
f 1971 1972 3026
f 2974 3678 4222
f 4222 2972 2974
f 1971 1958 1972
f 1957 1958 1959
f 4421 3678 3671
f 4237 1959 4409
f 4409 1969 4237
f 1967 1968 1969
f 4408 2676 3399
f 4411 1967 3400
f 4228 1967 4411
f 4601 4133 4228
f 4695 4131 4601
f 4579 3610 4695
f 4207 4579 3870
f 3869 4562 3870
f 3868 4473 2675
f 2675 2676 2677
f 3869 3382 4694
f 3862 4246 4694
f 1979 3592 3862
f 3383 2677 3670
f 1978 1979 1980
f 3671 3670 4421
f 4693 3220 1978
f 4693 4629 3220
f 4389 3671 3678
f 4629 4375 3220
f 2974 4389 3678
f 4375 3221 3220
f 3219 3221 4168
f 3375 4063 4168
f 3375 3659 4063
f 3659 3375 3660
f 3928 4063 3659
f 3928 4625 3931
f 3658 4276 4348
f 2691 4276 3350
f 4051 4625 4331
f 2690 2691 2692
f 4051 4518 4058
f 4518 3344 2497
f 3343 2466 3344
f 4769 2466 3343
f 2466 4769 2467
f 4769 4706 2467
f 2467 4706 2655
f 2655 4706 2711
f 2656 2655 2711
f 2711 2712 2656
f 2656 2712 4712
f 4712 4711 2656
f 2988 4711 4712
f 4712 2989 2988
f 2544 2988 2989
f 2989 4727 2544
f 3021 2544 4727
f 3021 4727 4728
f 4782 3021 4728
f 4782 4728 4815
f 4815 4726 4782
f 4726 4701 4782
f 4782 4701 2758
f 4726 4670 4701
f 4726 4815 4670
f 4728 4817 4815
f 4815 4817 3006
f 4815 3006 4671
f 4817 4731 3006
f 2724 3006 4731
f 4731 2725 2724
f 2724 2725 2726
f 2725 4702 2726
f 2725 4731 4702
f 4786 4702 4731
f 4712 4786 4731
f 4786 2275 4702
f 2274 4702 2275
f 2275 4786 2712
f 2275 2712 4710
f 4710 2741 2275
f 2273 2275 2741
f 2556 2741 4710
f 4710 2904 2556
f 2904 4710 2711
f 2556 2555 2741
f 3006 2724 3007
f 4731 4817 4712
f 4817 4728 2989
f 2545 2544 3021
f 2543 2544 2545
f 2545 3689 2543
f 3689 4711 2543
f 2989 4728 4727
f 2988 2544 2543
f 2989 4712 4817
f 2543 4711 2988
f 4712 2712 4786
f 4710 2712 2711
f 4706 2904 2711
f 2905 2904 4706
f 2903 2904 2905
f 2905 4706 4769
f 4337 2905 4769
f 2692 4279 2690
f 3343 4337 4769
f 2903 2905 4337
f 2903 2556 2904
f 2554 2555 2556
f 2448 2450 4398
f 2448 4398 4619
f 2264 2778 4719
f 2264 4719 2983
f 4720 4719 2778
f 3050 4719 4720
f 2264 2263 4298
f 4654 4298 2263
f 4654 2263 3663
f 3663 4830 4654
f 4654 4830 4281
f 4830 2253 4281
f 2577 4281 2253
f 2577 2253 2252
f 2577 2252 4771
f 2330 2577 4771
f 2330 4771 3662
f 4771 2252 3677
f 2252 2267 3677
f 2265 2267 2252
f 2252 2251 2265
f 2931 2265 2251
f 3280 2931 2251
f 2931 2266 2265
f 2930 2266 2931
f 2596 2930 2931
f 4833 2596 2931
f 2877 4833 2931
f 4833 2877 2597
f 2878 2597 2877
f 4833 2597 2596
f 2595 2596 2597
f 4648 2595 2597
f 2992 4648 2597
f 2595 4648 4651
f 4648 2981 4651
f 2981 4650 4651
f 4651 4650 4703
f 4651 4703 2930
f 2930 4703 4565
f 4703 4650 4565
f 4565 4650 4649
f 4565 4649 4564
f 4564 2266 4565
f 4564 2153 2266
f 2153 2267 2266
f 4564 4649 4569
f 4564 4569 1613
f 2154 4564 1613
f 4652 4569 4649
f 2980 4652 4649
f 2430 4652 2980
f 2980 2982 2430
f 2430 2982 2637
f 2430 2637 1796
f 1795 2430 1796
f 1795 1796 1797
f 1797 4570 1795
f 1795 4570 1798
f 1798 4570 1799
f 1791 1798 1799
f 1791 1799 2352
f 1791 2352 1792
f 1614 1791 1792
f 4569 1791 1614
f 4569 2429 1791
f 1799 1831 2352
f 1799 1830 1831
f 1830 4573 1831
f 1831 4573 4567
f 1831 4567 2353
f 2353 4567 4568
f 2997 4568 4567
f 4568 2997 2627
f 4568 2627 3085
f 3085 2627 347
f 2626 347 2627
f 2626 2627 2628
f 347 2626 2941
f 3346 4567 4573
f 4680 4573 1830
f 1830 4749 4680
f 4749 4681 4680
f 4724 4681 4749
f 4749 2639 4724
f 4723 4724 2639
f 2706 4723 2639
f 499 2706 2639
f 2639 2638 499
f 4844 499 2638
f 4844 2638 2982
f 4844 2982 2981
f 2981 4647 4844
f 3650 4844 4647
f 3650 499 4844
f 2637 2638 2639
f 4723 2706 4683
f 4683 4682 4723
f 4682 4847 4723
f 4847 4682 2415
f 4681 4847 2415
f 2415 2416 4681
f 4681 2416 4717
f 4717 4573 4681
f 4573 4717 3347
f 4717 4690 3347
f 4852 4690 4717
f 4852 4691 4690
f 4690 4691 2925
f 4691 4854 2925
f 4752 2925 4854
f 4854 4688 4752
f 4688 4689 4752
f 4752 4689 2919
f 4688 3170 4689
f 4688 4854 4855
f 3635 4688 4855
f 4691 4855 4854
f 2416 4855 4691
f 2416 475 4855
f 4852 2416 4691
f 2416 4852 4717
f 2415 778 2416
f 779 2415 4682
f 4682 4683 779
f 4683 2706 2705
f 4847 4724 4723
f 4749 1796 2639
f 4847 4681 4724
f 1830 4570 4749
f 4573 4680 4681
f 2429 1798 1791
f 2429 2430 1798
f 1799 4570 1830
f 4570 1797 4749
f 1796 4749 1797
f 1795 1798 2430
f 1796 2637 2639
f 2637 2982 2638
f 2980 2981 2982
f 2429 4652 2430
f 4652 2429 4569
f 4649 4650 2980
f 2981 2980 4650
f 4647 2981 4648
f 3208 4647 4648
f 2595 4651 2596
f 2930 2596 4651
f 2930 4565 2266
f 2265 2266 2267
f 2251 2252 2253
f 2253 3663 2251
f 4281 2577 2330
f 4830 3663 2253
f 2262 2263 2264
f 4619 4398 3639
f 4280 4298 4654
f 4280 4654 4281
f 3304 4653 2117
f 3304 2117 3665
f 4282 4286 4299
f 3719 4619 4286
f 4530 1102 3515
f 3719 2448 4619
f 2448 2449 2450
f 3516 3515 3770
f 2449 4405 2450
f 2555 2554 4405
f 2555 2273 2741
f 2273 2274 2275
f 1900 3500 4656
f 4702 2274 3501
f 2726 4702 3501
f 2724 2726 3007
f 4671 3006 3007
f 4671 4670 4815
f 4701 4670 3701
f 3702 4433 3172
f 4503 4701 3701
f 4701 4503 3119
f 4321 3487 3700
f 4501 3486 3488
f 4305 3463 4500
f 3465 3486 4501
f 2465 3486 3465
f 2464 3486 2465
f 2463 2464 2465
f 4665 2463 2465
f 2852 4665 2465
f 2852 2465 2853
f 4666 4665 2852
f 2851 4666 2852
f 4666 2851 2491
f 4663 4666 2491
f 1109 4663 2491
f 1109 2491 851
f 851 2491 2492
f 4663 4665 4666
f 4665 4663 2463
f 4663 3122 2463
f 2853 2465 3465
f 2851 2852 2853
f 2491 2851 2492
f 2492 1716 851
f 3470 4092 1717
f 3471 3764 4550
f 3470 3469 4080
f 3123 3471 3466
f 3124 4080 3469
f 3123 4500 509
f 590 3124 511
f 510 509 4500
f 511 585 3326
f 3927 585 584
f 4500 3463 510
f 3832 584 2695
f 3463 1702 1701
f 1702 4321 2505
f 2505 2506 2507
f 1703 3577 2695
f 2507 2506 3576
f 3172 3576 3702
f 3577 3174 3617
f 3172 4433 3173
f 3174 847 4029
f 4433 1898 3173
f 1898 2522 845
f 847 846 4029
f 2522 2523 845
f 4032 846 3575
f 1899 2523 3500
f 1900 1899 3500
f 2871 3575 1901
f 2871 2872 2873
f 2872 2320 3919
f 4656 3599 1900
f 3224 3599 4529
f 2319 1933 2320
f 3770 3224 3516
f 3770 3515 1102
f 1933 1104 3968
f 1102 4530 1103
f 1104 3593 3968
f 1934 1103 4530
f 3216 1936 3593
f 1935 1934 3303
f 1935 3304 3665
f 1936 3664 2109
f 2109 1552 2771
f 3665 2117 2108
f 4653 3666 2117
f 4281 2330 3666
f 2118 1553 1552
f 3813 1843 1552
f 3813 3364 3826
f 1554 2330 2331
f 3364 3363 3949
f 2330 3662 2331
f 3363 2155 3947
f 4771 3677 3662
f 2153 3677 2267
f 2154 2153 4564
f 2163 3947 2155
f 3947 2163 3415
f 1613 2162 2154
f 1614 1613 4569
f 1614 1792 3819
f 1615 3404 3443
f 1792 2352 3819
f 2352 1831 2353
f 2353 4568 3085
f 3404 3084 401
f 2206 3085 347
f 2366 346 3391
f 401 3087 3404
f 3087 3443 3404
f 3443 2361 1615
f 2361 2360 3415
f 1669 3065 2362
f 2793 3065 1669
f 2792 2793 1669
f 3582 2792 1669
f 2793 2792 2895
f 4887 2793 2895
f 2895 2371 4887
f 4887 2371 2123
f 2895 2372 2371
f 2370 2371 2372
f 4733 2372 2895
f 4733 2696 2372
f 2793 4887 3065
f 3945 2360 221
f 3065 4887 2123
f 222 2123 2371
f 285 3945 221
f 3054 220 222
f 1566 285 1567
f 1566 3558 3559
f 3378 2390 3558
f 2344 1565 3067
f 2343 2390 3378
f 2021 2390 2343
f 1835 2021 2020
f 2027 2022 1479
f 2028 484 2020
f 3100 2028 3300
f 1872 3300 1878
f 1479 1478 2027
f 1878 1480 3629
f 2088 1878 3629
f 3569 2088 760
f 2089 3012 2099
f 760 2081 761
f 1284 2076 3479
f 3479 2076 2078
f 1526 762 761
f 762 2083 2084
f 1914 1118 2083
f 1531 1119 1914
f 2076 2077 2078
f 1531 2147 1530
f 3815 2591 1530
f 3815 3389 3268
f 2043 2105 2106
f 3389 1372 1374
f 2004 1373 1372
f 2004 2033 3587
f 3196 2033 2032
f 2043 2031 2105
f 2032 2042 3196
f 924 2042 3581
f 3183 3581 1488
f 2401 1911 1488
f 1773 2401 2402
f 2380 3716 3306
f 4676 3716 2380
f 3603 1773 2402
f 4676 3717 3716
f 3603 1952 1771
f 3507 3717 4676
f 3507 4676 4672
f 4672 4676 2379
f 3507 4672 3846
f 3846 4672 2797
f 1191 1952 2288
f 266 1191 267
f 268 267 3497
f 268 3497 2289
f 3437 3226 2289
f 3437 1437 1436
f 3438 3685 2202
f 2016 1437 1644
f 2202 3685 1645
f 3489 1644 1643
f 1643 3205 3206
f 2204 617 3205
f 3150 617 2204
f 2203 3432 1645
f 2203 2809 2071
f 2204 2407 3150
f 2808 3149 2408
f 3150 3712 617
f 3098 3103 3149
f 3712 3145 1006
f 3103 2383 3106
f 3145 1007 1006
f 1519 3106 1085
f 1520 1008 1007
f 1520 852 1008
f 852 851 1716
f 3203 1109 851
f 1084 850 1519
f 1085 1084 1519
f 3203 1086 1499
f 1499 1498 3203
f 1527 1107 1500
f 1498 1109 3203
f 4663 1109 1108
f 2959 988 1107
f 4663 1108 3122
f 2463 3122 990
f 2464 2463 990
f 3692 3486 2464
f 4503 3692 3119
f 4701 3119 2755
f 4701 2755 2758
f 4782 2758 3021
f 2312 2545 3021
f 2312 2967 2545
f 2967 3689 2545
f 3014 4711 3689
f 4711 3014 2656
f 2784 2863 2785
f 2655 2656 2657
f 2467 2655 2468
f 2466 2467 2468
f 2497 3344 2466
f 2365 3580 2497
f 3189 2365 2364
f 2862 2363 2785
f 4117 2364 3076
f 2864 4117 3076
f 2862 2785 2863
f 2863 2784 1243
f 4117 2864 1278
f 1276 1277 1278
f 1243 1244 1245
f 2801 4189 1276
f 1244 2311 1245
f 2801 1262 4189
f 1261 1262 1263
f 3134 1261 3138
f 3133 4364 3134
f 2762 2328 3133
f 3035 2328 2762
f 2327 4355 2328
f 4355 2327 3680
f 3412 3680 3679
f 3028 4222 3679
f 4222 3028 2972
f 2972 2973 2974
f 3376 2973 3374
f 2868 4377 3374
f 4377 2868 2509
f 4377 2509 3262
f 1302 1303 1304
f 2870 3675 3262
f 3675 3674 4613
f 3674 3673 4613
f 3673 3672 4267
f 3672 2432 4279
f 3186 4634 2432
f 4396 3186 2831
f 2772 3313 2831
f 2772 2779 3314
f 4296 2779 2778
f 2778 2847 4720
f 3055 4720 2847
f 3227 2850 2347
f 2847 2346 3055
f 3055 3050 4720
f 3050 2983 4719
f 2983 2262 2264
f 2541 2526 3284
f 3663 2263 2262
f 3280 2251 3663
f 3280 2877 2931
f 2877 2525 2878
f 3278 2879 2525
f 2583 2880 3277
f 2583 3277 2886
f 2878 2525 2879
f 2878 2992 2597
f 2582 3654 2880
f 3208 4648 2992
f 3208 3650 4647
f 3650 500 499
f 2705 2706 499
f 1713 4683 2705
f 4683 1713 2697
f 3130 1713 583
f 3129 3128 3218
f 3130 2697 1713
f 2697 1699 4683
f 1699 779 4683
f 2415 779 778
f 778 475 2416
f 475 474 4855
f 3635 4855 474
f 3170 4688 3635
f 4689 3170 2820
f 2420 2419 3000
f 2420 3000 3291
f 2999 3291 3000
f 2999 3000 3001
f 2888 2999 3001
f 3001 3000 4787
f 4787 4895 3001
f 4894 3001 4895
f 4894 4895 2956
f 4729 4894 2956
f 4729 2956 4730
f 270 4729 4730
f 270 4730 3008
f 242 270 3008
f 4897 242 3008
f 4718 4897 3008
f 4897 4718 2738
f 2737 4897 2738
f 2737 2738 2739
f 4858 2737 2739
f 2891 4858 2739
f 2891 2739 2892
f 2890 2891 2892
f 2890 2892 4707
f 4709 2890 4707
f 4707 4708 4709
f 4709 4708 4859
f 4709 4859 4768
f 4768 4859 4902
f 4902 4767 4768
f 4767 2559 4768
f 2890 4768 2559
f 2559 4767 2557
f 2557 2558 2559
f 4873 2559 2558
f 2558 4778 4873
f 4873 4778 4874
f 4873 4874 4858
f 4874 4778 2900
f 2900 2737 4874
f 2900 2901 2737
f 2900 243 2901
f 4897 2901 243
f 4876 243 2900
f 4876 2900 4778
f 4777 4876 4778
f 4775 4777 4778
f 4776 4775 4778
f 3446 4775 4776
f 4864 3446 4776
f 4864 4776 4785
f 4785 2917 4864
f 3447 4864 2917
f 2917 4785 2915
f 2915 2916 2917
f 4714 2917 2916
f 4714 2916 4713
f 4713 360 4714
f 4713 2599 360
f 360 2599 398
f 4713 4892 2599
f 4892 4770 2599
f 2600 2599 4770
f 354 2600 4770
f 4770 2634 354
f 2599 2600 399
f 4770 4892 4853
f 4853 3410 4770
f 4892 4903 4853
f 4853 4903 2927
f 4853 2927 2929
f 2955 4853 2929
f 2927 2928 2929
f 2929 2928 4704
f 2949 2929 4704
f 2949 4704 4856
f 4704 2426 4856
f 4765 4856 2426
f 4765 2426 4766
f 4765 4766 4499
f 4499 1704 4765
f 4765 1704 3989
f 4765 3989 2950
f 2950 3989 2339
f 3989 3979 2339
f 2339 3979 2337
f 2337 2338 2339
f 2937 2338 2337
f 2338 2937 2606
f 2337 3979 2937
f 3979 3991 2937
f 3979 4515 3991
f 4515 3992 3991
f 3975 3991 3992
f 3992 300 3975
f 300 299 3975
f 313 3975 299
f 299 312 313
f 312 2839 313
f 298 312 299
f 298 332 312
f 312 332 333
f 2451 312 333
f 313 3213 3975
f 298 299 300
f 300 436 298
f 436 435 298
f 298 435 3630
f 434 435 436
f 434 436 4018
f 4018 4007 434
f 4006 434 4007
f 4006 4007 4008
f 4006 4008 4762
f 4762 4877 4006
f 4877 4841 4006
f 2947 4006 4841
f 4841 2948 2947
f 2821 2947 2948
f 2948 4721 2821
f 2865 4721 2948
f 4721 2865 4722
f 4721 4722 4880
f 4781 4721 4880
f 4781 4880 4779
f 4781 4779 4780
f 4780 3634 4781
f 2640 4780 4779
f 2640 4779 2641
f 2640 2641 2642
f 4866 2640 2642
f 4866 2642 4867
f 4866 4867 2957
f 4895 4866 2957
f 2957 4867 4869
f 4869 2958 2957
f 2956 2957 2958
f 4718 2956 2958
f 4718 2958 2875
f 4718 2875 4871
f 4871 2875 4774
f 2738 4871 4774
f 2738 4774 4772
f 4772 4774 2768
f 4772 2768 4773
f 4905 4772 4773
f 4905 4773 4834
f 4755 4905 4834
f 4834 4754 4755
f 4754 4745 4755
f 4745 4686 4755
f 4707 4755 4686
f 4707 4837 4755
f 4686 4745 4687
f 2816 4686 4687
f 4753 2816 4687
f 4753 4687 4838
f 4753 4838 4798
f 4798 4906 4753
f 4906 4839 4753
f 2817 4753 4839
f 2817 4839 4750
f 4750 2815 2817
f 2815 2816 2817
f 2816 2815 4708
f 4750 4751 2815
f 4751 4824 2815
f 4825 2815 4824
f 4824 4677 4825
f 4679 4825 4677
f 4677 4678 4679
f 2826 4679 4678
f 4678 2827 2826
f 2825 2826 2827
f 4907 2825 2827
f 4907 2827 2928
f 2427 2928 2827
f 2427 2426 2928
f 2425 2426 2427
f 2427 2693 2425
f 2693 2694 2425
f 4499 2425 2694
f 2694 4497 4499
f 4497 4498 4499
f 4498 4497 4493
f 4494 4498 4493
f 4493 2791 4494
f 2791 4505 4494
f 4494 4505 523
f 4494 523 522
f 522 523 524
f 524 1704 522
f 4498 522 1704
f 1704 524 1710
f 524 1711 1710
f 1710 1711 1712
f 3989 1710 1712
f 1711 4516 1712
f 1712 4516 4515
f 4515 4516 4517
f 4514 4517 4516
f 2562 4514 4516
f 2835 4514 2562
f 2562 4318 2835
f 2835 4318 2833
f 2833 2834 2835
f 4909 2834 2833
f 4018 4909 2833
f 2833 555 4018
f 557 4018 555
f 555 556 557
f 557 556 4763
f 4763 4762 557
f 4762 4763 4764
f 4698 4764 4763
f 4842 4764 4698
f 4846 4842 4698
f 4700 4846 4698
f 4698 4699 4700
f 4700 4699 4332
f 4848 4700 4332
f 4911 4848 4332
f 4332 4849 4911
f 4850 4911 4849
f 4849 4819 4850
f 4850 4819 2844
f 2843 4850 2844
f 2843 2844 2845
f 2843 2845 4489
f 4489 4644 2843
f 4662 2843 4644
f 4644 4664 4662
f 2760 4662 4664
f 2857 2760 4664
f 4664 4692 2857
f 4692 54 2857
f 2857 54 2769
f 2857 2769 2858
f 2769 4735 2858
f 2333 2858 4735
f 4735 2484 2333
f 2334 2333 2484
f 2484 2485 2334
f 2519 2334 2485
f 2485 4734 2519
f 2517 2519 4734
f 4843 2517 4734
f 4761 4843 4734
f 4684 4761 4734
f 4684 4734 4685
f 2867 4684 4685
f 2867 4685 2876
f 4828 2867 2876
f 4829 4828 2876
f 4869 4829 2876
f 2642 4829 4869
f 4722 4828 4829
f 4722 4829 2641
f 2867 4828 2865
f 2865 2866 2867
f 2865 4760 2866
f 4760 4761 2866
f 4760 4842 4761
f 2865 4841 4760
f 4841 4764 4760
f 4696 2876 4685
f 4696 4685 2485
f 2874 2876 4696
f 2874 4696 2484
f 2874 2875 2876
f 2866 4684 2867
f 4684 2866 4761
f 4761 4842 4843
f 4843 4846 2517
f 2517 2518 2519
f 2519 2518 4793
f 2335 2519 4793
f 2335 4793 2759
f 2759 2760 2335
f 2333 2335 2760
f 4661 2759 4793
f 4661 4662 2759
f 4662 4661 4911
f 4793 2518 4661
f 2518 4848 4661
f 2517 4700 2518
f 4734 2485 4685
f 2334 2519 2335
f 4696 2485 2484
f 2333 2334 2335
f 2874 2484 4735
f 4735 4812 2874
f 4774 2874 4812
f 2858 2333 2760
f 4812 4735 2769
f 2768 4812 2769
f 2768 2769 2770
f 2770 2769 56
f 4816 2770 56
f 56 4429 4816
f 4816 4429 4745
f 4745 4429 4746
f 4743 4745 4746
f 4746 4636 4743
f 4743 4636 4744
f 4799 4743 4744
f 4799 4744 4759
f 4759 4798 4799
f 4798 4759 2780
f 4759 459 2780
f 2780 459 2781
f 4800 2780 2781
f 4668 4800 2781
f 4667 4668 2781
f 4667 2781 2374
f 4738 4667 2374
f 4738 2374 4802
f 2693 4738 4802
f 4738 2693 4678
f 4497 4802 2374
f 4497 2374 2373
f 458 2373 2374
f 2373 458 4788
f 4788 4789 2373
f 2373 4789 4493
f 4789 4788 4863
f 4863 2789 4789
f 4789 2789 2791
f 2789 2790 2791
f 2791 2790 4660
f 2790 2220 4660
f 2220 4791 4660
f 4660 4791 4532
f 4660 4532 4732
f 4505 4660 4732
f 4505 4732 4306
f 4312 4306 4732
f 4531 4312 4732
f 4312 4531 718
f 4312 718 4313
f 2564 4312 4313
f 2564 4313 2562
f 2562 2563 2564
f 1711 2564 2563
f 523 2564 1711
f 2564 523 4306
f 2562 1711 2563
f 4313 718 4317
f 4317 4318 4313
f 4317 4304 4318
f 4304 4317 718
f 718 1038 4304
f 4304 1038 555
f 1038 1039 555
f 717 1039 1038
f 717 4338 1039
f 4338 1147 1039
f 1039 1147 556
f 1147 4699 556
f 4699 1147 1517
f 1147 1516 1517
f 4332 1517 1516
f 1516 4831 4332
f 1540 4831 1516
f 1516 1539 1540
f 1539 4340 1540
f 1540 4340 4329
f 4340 4330 4329
f 4328 4329 4330
f 4330 2053 4328
f 4328 2053 4818
f 4328 4818 4819
f 2807 4819 4818
f 2806 2807 4818
f 2806 1870 2807
f 1870 4675 2807
f 2807 4675 4674
f 4673 4674 4675
f 4823 4673 4675
f 4823 4675 1869
f 4823 1869 4106
f 4748 4823 4106
f 4748 4106 4747
f 2413 4748 4747
f 2413 4747 2411
f 2411 2412 2413
f 4805 2413 2412
f 2412 640 4805
f 4805 640 4807
f 4741 4805 4807
f 2814 4741 4807
f 2814 4807 2812
f 2812 2813 2814
f 2813 4669 2814
f 4742 2814 4669
f 4742 4669 4809
f 4809 4914 4742
f 4914 4739 4742
f 4741 4742 4739
f 4740 4741 4739
f 4739 4484 4740
f 4484 4486 4740
f 4748 4740 4486
f 4486 4490 4748
f 4490 4486 4488
f 4488 4489 4490
f 4489 4673 4490
f 4485 4488 4486
f 4488 4485 4692
f 4645 4488 4692
f 4644 4488 4645
f 4484 4485 4486
f 4915 4485 4484
f 4890 4915 4484
f 4882 4890 4484
f 4890 4882 4431
f 4431 55 4890
f 4431 4430 55
f 4430 56 55
f 54 55 56
f 55 54 4915
f 4429 4430 4431
f 4881 4431 4882
f 4882 4883 4881
f 4881 4883 4428
f 4881 4428 4636
f 4427 4636 4428
f 101 4427 4428
f 101 4428 99
f 99 100 101
f 100 4744 101
f 4507 100 99
f 2188 4507 99
f 99 2187 2188
f 2187 1942 2188
f 1944 2188 1942
f 1942 1943 1944
f 1943 4388 1944
f 4388 4756 1944
f 4756 4388 4757
f 4628 4756 4757
f 4757 4384 4628
f 4301 4628 4384
f 4384 2859 4301
f 4444 4301 2859
f 2856 4444 2859
f 2856 2859 2854
f 2854 2855 2856
f 240 2856 2855
f 2855 2783 240
f 2783 238 240
f 238 239 240
f 240 239 4475
f 4475 239 4476
f 4758 4475 4476
f 4642 4758 4476
f 4476 4455 4642
f 4455 4470 4642
f 4642 4470 4469
f 4469 4470 320
f 319 4469 320
f 319 320 321
f 319 321 4885
f 667 319 4885
f 667 4885 2219
f 2218 667 2219
f 2218 2219 2220
f 2256 2218 2220
f 2220 4549 2256
f 4548 2256 4549
f 4549 2789 4548
f 4659 4548 2789
f 526 4548 4659
f 527 526 4659
f 4659 4543 527
f 4543 4508 527
f 4508 4898 527
f 525 527 4898
f 4898 4628 525
f 4508 2188 4898
f 2188 4756 4898
f 457 4508 4543
f 458 457 4543
f 457 458 459
f 459 4511 457
f 4511 4506 457
f 4622 4506 4511
f 100 4506 4622
f 4759 100 4622
f 459 4622 4511
f 4506 4508 457
f 4506 4507 4508
f 4543 4659 4863
f 525 526 527
f 525 2254 526
f 525 4301 2254
f 4300 2254 4301
f 2254 4300 2255
f 2254 2255 2256
f 2255 4449 2256
f 4449 2255 4300
f 666 4449 4300
f 666 4300 4445
f 4445 4638 666
f 4758 666 4638
f 319 666 4758
f 4444 4638 4445
f 4300 4444 4445
f 667 4449 666
f 526 2254 4548
f 2256 4548 2254
f 2256 4449 2218
f 4449 667 2218
f 4534 2219 4885
f 2219 4534 4791
f 666 319 667
f 4885 321 4534
f 4534 321 2294
f 4534 2294 4896
f 4896 4893 4534
f 4657 4534 4893
f 4657 4893 719
f 4657 719 4532
f 4531 4532 719
f 719 4893 717
f 717 718 719
f 4532 4534 4657
f 4893 4896 4338
f 4896 2294 4340
f 4340 2294 2293
f 321 2293 2294
f 2293 321 320
f 320 971 2293
f 970 2293 971
f 969 970 971
f 969 971 4917
f 969 4917 1471
f 969 1471 3950
f 4289 969 3950
f 3950 4861 4289
f 4289 4861 4632
f 4632 4290 4289
f 970 4289 4290
f 4290 2052 970
f 2051 970 2052
f 2051 2052 2053
f 2053 2052 2806
f 4875 2806 2052
f 4875 1871 2806
f 4913 1871 4875
f 4875 1349 4913
f 1348 4913 1349
f 1347 1348 1349
f 1347 1349 4632
f 4632 4413 1347
f 1347 4413 4400
f 4400 4587 1347
f 4392 4587 4400
f 4392 4400 2172
f 4392 2172 4393
f 4325 4392 4393
f 4393 4865 4325
f 2602 4325 4865
f 4522 2602 4865
f 4522 4865 1148
f 1150 4522 1148
f 1148 1149 1150
f 814 1150 1149
f 1149 4577 814
f 814 4577 4216
f 4341 814 4216
f 4341 4216 4521
f 4341 4521 1801
f 1801 4040 4341
f 812 4341 4040
f 4040 1882 812
f 812 1882 1881
f 2107 812 1881
f 1881 4715 2107
f 2107 4715 4806
f 4806 1851 2107
f 2107 1851 4616
f 4616 813 2107
f 813 4616 814
f 812 813 814
f 4615 4616 1851
f 1851 4164 4615
f 4522 4615 4164
f 4163 4164 1851
f 4163 1851 1853
f 2579 4163 1853
f 1853 1852 2579
f 2578 2579 1852
f 1852 4806 2578
f 4716 2578 4806
f 4716 4736 2578
f 4736 1337 2578
f 639 2578 1337
f 639 1337 1338
f 2812 639 1338
f 1338 4388 2812
f 4302 4388 1338
f 4388 4302 4384
f 4384 4302 4737
f 4302 4320 4737
f 4737 4320 2854
f 2137 2854 4320
f 4320 4372 2137
f 2137 4372 1496
f 2137 1496 2138
f 2855 2137 2138
f 2138 1496 1495
f 1495 2782 2138
f 2138 2782 2783
f 2782 1495 1582
f 1584 2782 1582
f 1582 1583 1584
f 1583 4643 1584
f 1584 4643 238
f 4643 832 238
f 832 2794 238
f 238 2794 4466
f 4466 2794 4454
f 4453 4466 4454
f 4453 4454 4455
f 4454 195 4455
f 4455 195 4878
f 4455 4878 4879
f 4878 1471 4879
f 1471 4878 197
f 197 1470 1471
f 1470 197 4127
f 4127 1825 1470
f 3951 1470 1825
f 1825 1827 3951
f 3951 1827 4414
f 4861 3951 4414
f 4861 4414 4413
f 4413 4414 2239
f 2239 2173 4413
f 2173 2239 2171
f 2171 2172 2173
f 2172 2171 4870
f 4870 2171 4784
f 4784 4064 4870
f 4393 4870 4064
f 4393 4064 438
f 1162 4393 438
f 1162 438 437
f 4566 1162 437
f 4566 437 4801
f 4574 4566 4801
f 4574 4801 1409
f 4216 4574 1409
f 4216 1409 4352
f 4217 4216 4352
f 4217 4352 1408
f 4217 1408 4016
f 4195 4217 4016
f 4016 1923 4195
f 4195 1923 4196
f 4195 4196 1802
f 4195 1802 4521
f 1800 1802 4196
f 1800 4196 4603
f 1800 4603 4192
f 4083 1800 4192
f 4083 4192 1764
f 4084 4083 1764
f 1764 1763 4084
f 4840 4084 1763
f 1763 4813 4840
f 4840 4813 4643
f 4643 4813 830
f 4813 831 830
f 830 831 832
f 831 4128 832
f 832 4128 4129
f 4128 4589 4129
f 4553 4129 4589
f 196 4553 4589
f 4127 196 4589
f 4127 4589 4126
f 4126 923 4127
f 4126 921 923
f 921 922 923
f 923 922 1826
f 1826 1825 923
f 1826 922 3972
f 3972 1902 1826
f 1827 1826 1902
f 1902 3972 2240
f 2239 1902 2240
f 2239 2240 4068
f 4068 4783 2239
f 4783 4068 4784
f 4065 4784 4068
f 4068 4580 4065
f 4065 4580 4066
f 4064 4065 4066
f 4066 2990 4064
f 2990 4066 2993
f 2993 2991 2990
f 439 2990 2991
f 439 2991 4794
f 997 439 4794
f 997 4794 995
f 995 996 997
f 1407 997 996
f 4176 1407 996
f 4017 4176 996
f 4017 996 1246
f 4017 1246 4172
f 4017 4172 4016
f 4172 1246 2010
f 1099 4172 2010
f 2010 1100 1099
f 1099 1100 1101
f 1101 4609 1099
f 4233 1099 4609
f 1923 4233 4609
f 4609 1924 1923
f 1922 1923 1924
f 4603 1922 1924
f 4603 1924 4259
f 4259 1924 4260
f 4259 4260 1764
f 1764 4260 4845
f 1762 1764 4845
f 1762 4845 1946
f 1946 4256 1762
f 1762 4256 4257
f 1762 4257 1763
f 1763 4257 4851
f 4257 1995 4851
f 4814 4851 1995
f 1995 1176 4814
f 4814 1176 1178
f 4814 1178 831
f 1176 1177 1178
f 1178 1177 4211
f 4211 4128 1178
f 4126 4128 4211
f 921 4211 1177
f 921 1177 1063
f 921 1063 1279
f 4208 921 1279
f 1279 1281 4208
f 4208 1281 922
f 1279 1280 1281
f 1281 1280 3993
f 3993 1961 1281
f 3972 1281 1961
f 3972 1961 1960
f 1960 1961 1962
f 4580 1960 1962
f 4580 1962 2993
f 1962 3964 2993
f 4138 3964 1962
f 3964 4138 4137
f 4137 4591 3964
f 4144 3964 4591
f 4144 4591 336
f 4144 336 4145
f 4592 4144 4145
f 4560 4592 4145
f 4560 4145 4571
f 4560 4571 4019
f 4561 4560 4019
f 4561 4019 1363
f 1362 4561 1363
f 1362 1363 1364
f 1364 1917 1362
f 2009 1362 1917
f 4607 2009 1917
f 1917 4790 4607
f 4607 4790 4599
f 4599 4241 4607
f 4241 1101 4607
f 1434 1101 4241
f 1434 4241 1435
f 1433 1434 1435
f 1435 4845 1433
f 4260 1434 1433
f 1434 4260 4609
f 4241 2005 1435
f 1945 1435 2005
f 2005 4795 1945
f 113 1945 4795
f 4795 114 113
f 113 114 115
f 113 115 4555
f 4555 115 4556
f 4555 4556 3965
f 4555 3965 4256
f 4555 4256 1945
f 4256 3965 1996
f 4256 1996 1995
f 3961 1996 3965
f 3965 1770 3961
f 1769 3961 1770
f 1768 1769 1770
f 115 1768 1770
f 172 1769 1768
f 114 172 1768
f 172 114 4461
f 4461 4803 172
f 4803 173 172
f 172 173 174
f 172 174 1064
f 174 4085 1064
f 1062 1064 4085
f 1062 4085 1280
f 4073 1280 4085
f 4085 4086 4073
f 4073 4086 4071
f 4071 4072 4073
f 3993 4073 4072
f 4072 4071 334
f 334 4137 4072
f 1961 4072 4137
f 336 4137 334
f 334 335 336
f 4572 336 335
f 4572 335 4223
f 4571 4572 4223
f 1597 4223 335
f 4223 1597 1928
f 4019 4223 1928
f 1928 4020 4019
f 1364 4019 4020
f 1364 4020 1832
f 1834 1364 1832
f 1832 1833 1834
f 1833 4658 1834
f 1834 4658 4160
f 4658 2283 4160
f 410 4160 2283
f 2283 2707 410
f 410 2707 411
f 409 410 411
f 409 411 4552
f 4790 409 4552
f 4552 411 4792
f 3953 4552 4792
f 4792 2708 3953
f 2494 3953 2708
f 2708 2713 2494
f 3939 2494 2713
f 2713 4510 3939
f 4057 3939 4510
f 2195 4057 4510
f 2195 4510 543
f 542 2195 543
f 542 543 544
f 4581 542 544
f 4581 544 461
f 461 460 4581
f 888 4581 460
f 889 888 460
f 2179 889 460
f 1857 2179 460
f 460 462 1857
f 462 4054 1857
f 4054 1855 1857
f 1855 1856 1857
f 1856 1906 1857
f 1906 4590 1857
f 1857 4590 2918
f 607 1857 2918
f 2918 4901 607
f 607 4901 608
f 607 608 609
f 607 609 2934
f 2934 2933 607
f 2932 607 2933
f 2932 2933 2934
f 2932 2934 1893
f 4155 2932 1893
f 4155 1893 1892
f 4154 4155 1892
f 4154 1892 4832
f 4627 4154 4832
f 4627 4832 4822
f 730 4627 4822
f 4822 731 730
f 729 730 731
f 4187 729 731
f 4187 731 4586
f 4188 4187 4586
f 4188 4586 4821
f 4107 4188 4821
f 4107 4821 2085
f 2085 4108 4107
f 1888 4107 4108
f 1888 4108 4100
f 1888 4100 1886
f 1886 1887 1888
f 1887 4808 1888
f 1887 4033 4808
f 4033 4626 4808
f 4626 4188 4808
f 4626 786 4188
f 4626 784 786
f 784 785 786
f 785 4576 786
f 786 4576 4187
f 785 730 4576
f 1857 785 784
f 784 4042 1857
f 4035 1857 4042
f 4042 4033 4035
f 4033 4034 4035
f 4810 4035 4034
f 4810 4034 1886
f 1886 4646 4810
f 4361 4810 4646
f 4361 4646 2166
f 4359 4361 2166
f 4359 2166 2165
f 2165 4479 4359
f 4360 4359 4479
f 4360 4479 4480
f 4360 4480 1857
f 4888 4360 1857
f 4872 4888 1857
f 4361 4888 4872
f 4361 4360 4888
f 4480 4479 4868
f 4868 2180 4480
f 4480 2180 2179
f 2178 2179 2180
f 2178 2180 1624
f 2178 1624 4637
f 2178 4637 889
f 4637 887 889
f 887 4637 4884
f 887 4884 4425
f 887 4425 888
f 4425 2196 888
f 2194 2196 4425
f 2194 2195 2196
f 4884 2194 4425
f 1181 2194 4884
f 1624 1181 4884
f 1181 1624 1623
f 1623 1638 1181
f 1638 1179 1181
f 1179 1180 1181
f 1180 1179 2152
f 1180 2152 2194
f 4057 2194 2152
f 2152 4378 4057
f 2151 4378 2152
f 2151 4209 4378
f 2493 4378 4209
f 2493 4209 2487
f 2487 2486 2493
f 2493 2486 2494
f 2486 2487 2488
f 2486 2488 2209
f 2209 2211 2486
f 3953 2486 2211
f 2209 2210 2211
f 4224 2211 2210
f 4224 2210 2005
f 2211 4224 4552
f 4552 4224 4599
f 4795 2210 2209
f 2209 4461 4795
f 2209 2488 4461
f 2225 2488 2487
f 2487 2226 2225
f 2224 2225 2226
f 2226 1541 2224
f 2224 1541 2375
f 2224 2375 1682
f 1681 2224 1682
f 1681 1682 173
f 4612 173 1682
f 1682 2375 4612
f 2375 2377 4612
f 4612 2377 4804
f 4612 4804 4086
f 4804 4537 4086
f 4804 4464 4537
f 2132 4537 4464
f 4464 4463 2132
f 2133 2132 4463
f 4463 4271 2133
f 2133 4271 2356
f 2133 2356 2355
f 2355 1596 2133
f 2241 1596 2355
f 2241 2355 2242
f 2241 2242 2243
f 2241 2243 1928
f 1928 1929 2241
f 4438 2243 2242
f 4314 4438 2242
f 2242 4315 4314
f 4314 4315 4316
f 2268 4314 4316
f 2268 4316 2300
f 2268 2300 2269
f 1707 2268 2269
f 2269 4620 1707
f 1705 1707 4620
f 4620 461 1705
f 461 4620 4054
f 1705 1706 1707
f 543 1706 1705
f 543 4640 1706
f 4640 4641 1706
f 2268 1706 4641
f 2268 4641 4379
f 4379 4641 4439
f 4439 4438 4379
f 4438 4439 1833
f 4639 1833 4439
f 4639 4439 4886
f 4509 4639 4886
f 4886 4640 4509
f 4891 4509 4640
f 4509 4891 4510
f 2284 4639 4509
f 2284 4509 2285
f 2283 2284 2285
f 2285 4509 2713
f 2284 4658 4639
f 4886 4439 4641
f 4640 4886 4641
f 4640 543 4891
f 4620 2269 1855
f 1855 2269 1906
f 1906 2269 2301
f 2268 1707 1706
f 2269 2300 2301
f 1728 2301 2300
f 1728 2918 2301
f 2300 4316 1728
f 1728 4316 209
f 209 1727 1728
f 1728 1727 4901
f 4901 1727 2030
f 1727 211 2030
f 211 1494 2030
f 2030 1494 4287
f 608 2030 4287
f 608 4287 4288
f 4797 4288 4287
f 4287 4618 4797
f 4860 4797 4618
f 2356 4860 4618
f 2356 4618 1493
f 1493 2354 2356
f 210 2354 1493
f 1493 1494 210
f 210 2355 2354
f 4860 4796 4797
f 4860 2046 4796
f 2046 2045 4796
f 4288 4796 2045
f 609 4288 2045
f 2044 2045 2046
f 2044 2046 4399
f 1894 2044 4399
f 4399 4630 1894
f 4832 1894 4630
f 4630 4633 4832
f 4633 4630 4597
f 4633 4597 731
f 4630 4631 4597
f 4908 4597 4631
f 4908 4631 4624
f 4908 4624 2086
f 4586 4908 2086
f 4586 2086 2085
f 2085 2086 2087
f 2087 2086 4624
f 2151 2087 4624
f 4339 2087 2151
f 1179 4339 2151
f 4100 4339 1179
f 4339 4108 2087
f 4624 4631 4022
f 4624 4022 2487
f 4631 1542 4022
f 4022 1542 1541
f 1541 1542 1543
f 1541 1543 2376
f 1543 4462 2376
f 2376 4462 2377
f 2377 4462 4464
f 1543 2102 4462
f 4463 4462 2102
f 1543 2046 2102
f 2102 2046 4271
f 4630 1543 1542
f 4586 4597 4908
f 4631 4630 1542
f 4630 4399 1543
f 1894 1893 2044
f 2046 1543 4399
f 2044 2934 2045
f 2046 4860 4271
f 4618 4287 1493
f 4796 4288 4797
f 1493 4287 1494
f 1494 211 210
f 209 210 211
f 4315 210 209
f 1727 209 211
f 4379 4314 2268
f 209 4316 4315
f 4315 2242 210
f 4438 4314 4379
f 1832 2243 4438
f 210 2242 2355
f 1929 1596 2241
f 1597 1596 1929
f 1596 1597 1598
f 1596 1598 2132
f 334 1598 1597
f 334 4537 1598
f 2354 2355 2356
f 4271 4860 2356
f 2102 4271 4463
f 1596 2132 2133
f 4462 4463 4464
f 2132 1598 4537
f 4804 2377 4464
f 2375 2376 2377
f 1541 2376 2375
f 2226 4022 1541
f 2225 2224 1681
f 2487 4022 2226
f 2488 2225 1681
f 2488 1681 4803
f 4624 2487 4209
f 4378 2493 3939
f 2151 4624 4209
f 1179 2151 2152
f 1179 1638 4100
f 4100 1638 4412
f 4412 2167 4100
f 2166 4100 2167
f 2167 4412 1638
f 1623 2167 1638
f 1622 2167 1623
f 2165 2167 1622
f 1622 4635 2165
f 4635 1622 1624
f 1622 1623 1624
f 1181 1180 2194
f 4637 1624 4884
f 4635 1624 2180
f 2180 4868 4635
f 4635 4868 4479
f 4479 2165 4635
f 2165 2166 2167
f 4359 4360 4361
f 4361 4872 4810
f 1886 2166 4646
f 4872 4035 4810
f 4872 1857 4035
f 785 1857 4627
f 4155 4627 1857
f 4042 784 4626
f 4626 4033 4042
f 4034 4033 1887
f 4034 1887 1886
f 2166 1886 4100
f 4100 4108 4339
f 1888 4808 4107
f 4108 2085 2087
f 4808 4188 4107
f 4821 4586 2085
f 786 4187 4188
f 4586 731 4597
f 729 4187 4576
f 4576 730 729
f 731 4822 4633
f 4627 730 785
f 4822 4832 4633
f 4832 1892 1894
f 4155 4154 4627
f 1892 1893 1894
f 1857 2932 4155
f 1893 2934 2044
f 2934 609 2045
f 609 608 4288
f 2030 608 4901
f 4901 2918 1728
f 1857 607 2932
f 2918 4590 2301
f 4590 1906 2301
f 1855 1906 1856
f 1855 4054 4620
f 462 461 4054
f 4480 2179 1857
f 2178 889 2179
f 887 888 889
f 2196 4581 888
f 460 461 462
f 1705 461 544
f 2196 542 4581
f 1705 544 543
f 542 2196 2195
f 543 4510 4891
f 2194 4057 2195
f 4057 4378 3939
f 4509 4510 2713
f 3939 2493 2494
f 2708 2285 2713
f 2707 2285 2708
f 3953 2494 2486
f 2708 4792 2707
f 2211 4552 3953
f 1917 410 409
f 411 2707 4792
f 2283 2285 2707
f 410 1364 4160
f 2283 4658 2284
f 1833 4639 4658
f 4438 1833 1832
f 1834 4160 1364
f 1832 4020 2243
f 4020 1928 2243
f 1928 1597 1929
f 1597 335 334
f 4071 4537 334
f 4071 4086 4537
f 4086 4085 4612
f 1062 1063 1064
f 1064 1063 1769
f 1063 4248 1769
f 174 4612 4085
f 4612 174 173
f 173 4803 1681
f 4461 2488 4803
f 1064 1769 172
f 4248 3961 1769
f 1996 3961 4248
f 1996 4248 1176
f 4556 1770 3965
f 1770 4556 115
f 1768 115 114
f 4795 4461 114
f 4555 1945 113
f 4795 2005 2210
f 1435 1945 1946
f 4241 4224 2005
f 4241 4599 4224
f 4552 4599 4790
f 409 4790 1917
f 2009 4607 1100
f 2009 3990 1362
f 2010 3990 2009
f 2010 1247 3990
f 3990 1247 4561
f 410 1917 1364
f 3990 4561 1362
f 4019 1364 1363
f 4560 4561 1247
f 1247 995 4560
f 1246 995 1247
f 4571 4223 4019
f 4145 4572 4571
f 995 4592 4560
f 4794 4144 4592
f 4145 336 4572
f 3964 4144 2991
f 4591 4137 336
f 4137 4138 1961
f 4580 2240 1960
f 4138 1962 1961
f 1961 3993 4072
f 4073 3993 1280
f 1280 1279 1062
f 1279 1063 1062
f 4248 1063 1177
f 1176 4248 1177
f 1995 1996 1176
f 4851 4814 4813
f 4257 4256 1995
f 1946 1945 4256
f 1946 4845 1435
f 4845 4260 1433
f 1924 4609 4260
f 4233 1923 4172
f 1434 4609 1101
f 1100 4607 1101
f 2009 1100 2010
f 1099 4233 4172
f 2010 1246 1247
f 4176 4017 1408
f 4176 1408 1407
f 1407 1408 1409
f 997 1407 1409
f 996 995 1246
f 4794 4592 995
f 439 997 437
f 4794 2991 4144
f 2990 439 438
f 2991 2993 3964
f 2993 4066 4580
f 4580 4068 2240
f 1960 2240 3972
f 3972 922 1281
f 922 921 4208
f 4211 921 4126
f 4553 196 195
f 195 196 197
f 2794 4129 4553
f 4589 4128 4126
f 831 1178 4128
f 4813 4814 831
f 1763 4851 4813
f 4084 4840 1583
f 1762 1763 1764
f 1583 4083 4084
f 1583 4811 4083
f 4040 4083 4811
f 4041 4040 4811
f 1495 4041 4811
f 1497 4041 1495
f 1497 1882 4041
f 4582 4083 4040
f 4192 4259 1764
f 4582 1800 4083
f 4582 1801 1800
f 4259 4192 4603
f 1922 4603 4196
f 1800 1801 1802
f 4196 1923 1922
f 4172 1923 4016
f 4016 1408 4017
f 4195 4216 4217
f 4352 1409 1408
f 4574 4216 1149
f 1409 4801 997
f 4566 4574 1148
f 4801 437 997
f 1148 1162 4566
f 437 438 439
f 438 4064 2990
f 4064 4784 4065
f 4783 4784 2171
f 4783 2171 2239
f 4414 1902 2239
f 4414 1827 1902
f 1825 1826 1827
f 3950 1470 3951
f 1825 4127 923
f 196 4127 197
f 195 197 4878
f 4553 195 4454
f 239 4466 4453
f 2794 4553 4454
f 832 4129 2794
f 4643 830 832
f 4643 1583 4840
f 1582 4811 1583
f 2782 1584 238
f 1495 4811 1582
f 1495 1496 1497
f 4862 1497 1496
f 1497 4862 4059
f 4059 1881 1497
f 4862 4372 4059
f 4059 4372 4736
f 1496 4372 4862
f 4372 4320 1337
f 4320 4302 1337
f 1337 4302 1338
f 639 641 2578
f 639 640 641
f 1337 4736 4372
f 4736 4716 4059
f 4715 4059 4716
f 2578 641 2579
f 641 2412 2579
f 2579 2412 4163
f 1851 1852 1853
f 4163 802 4164
f 802 804 4164
f 4164 804 2602
f 804 2601 2602
f 804 4345 2601
f 4345 4324 2601
f 2601 4324 4325
f 4588 4324 4345
f 4584 4588 4345
f 4820 4588 4584
f 4820 4584 4105
f 4105 1869 4820
f 1869 1871 4820
f 1869 1870 1871
f 803 4105 4584
f 804 803 4584
f 4105 803 4106
f 4900 4106 803
f 802 4900 803
f 2411 4900 802
f 4820 1871 4588
f 4587 4324 4588
f 4587 4588 4913
f 4345 804 4584
f 802 803 804
f 2411 802 4163
f 4616 4615 1150
f 4806 1852 1851
f 4716 4806 4715
f 4715 1881 4059
f 813 812 2107
f 1881 1882 1497
f 4040 4041 1882
f 4040 1801 4582
f 1802 1801 4521
f 4195 4521 4216
f 812 814 4341
f 1149 4216 4577
f 4616 1150 814
f 1149 1148 4574
f 4522 1150 4615
f 1148 4865 1162
f 4164 2602 4522
f 2602 2601 4325
f 4865 4393 1162
f 4325 4324 4392
f 4393 2172 4870
f 4400 2173 2172
f 4324 4587 4392
f 4400 4413 2173
f 1348 1347 4587
f 4587 4913 1348
f 1349 4875 4290
f 4588 1871 4913
f 2052 4290 4875
f 4290 4632 1349
f 4632 4861 4413
f 3950 3951 4861
f 3950 1471 1470
f 4879 1471 4917
f 4917 4470 4879
f 969 4289 970
f 2293 970 2051
f 2293 2051 4330
f 4917 971 320
f 4758 4469 319
f 4470 4917 320
f 4455 4879 4470
f 4453 4455 4476
f 4758 4642 4469
f 4758 4638 4475
f 2856 4475 4638
f 4453 4476 239
f 4466 239 238
f 2782 238 2783
f 2783 2855 2138
f 4475 2856 240
f 2855 2854 2137
f 2859 4737 2854
f 2856 4638 4444
f 4301 4444 4300
f 4737 2859 4384
f 4301 525 4628
f 4898 4756 4628
f 4757 4388 4384
f 4388 1943 2812
f 1943 1942 4924
f 4924 2813 1943
f 4924 4925 2813
f 4925 4924 4926
f 4925 4926 4927
f 4927 4809 4925
f 99 4927 4926
f 4924 2187 4926
f 2188 1944 4756
f 4924 1942 2187
f 4926 2187 99
f 4507 2188 4508
f 4506 100 4507
f 4927 99 4428
f 4744 4427 101
f 4883 4927 4428
f 4914 4927 4883
f 4882 4739 4883
f 4431 4881 4746
f 55 4915 4890
f 54 4485 4915
f 4882 4484 4739
f 4741 4740 2413
f 4739 4914 4883
f 4914 4809 4927
f 4669 4925 4809
f 4669 2813 4925
f 2812 1943 2813
f 4807 639 2812
f 4742 4741 2814
f 4807 640 639
f 640 2412 641
f 4741 2413 4805
f 2412 2411 4163
f 2411 4747 4900
f 4740 4748 2413
f 4747 4106 4900
f 4823 4748 4490
f 1869 4105 4106
f 4490 4673 4823
f 2844 4674 4673
f 1870 1869 4675
f 1871 1870 2806
f 4674 4819 2807
f 2806 4818 2053
f 2051 2053 4330
f 4831 4329 4328
f 4831 4328 4849
f 4330 4340 2293
f 4896 4340 1539
f 4896 1539 1516
f 1540 4329 4831
f 1147 4896 1516
f 4338 4896 1147
f 717 4893 4338
f 718 717 1038
f 4531 719 718
f 4306 4312 2564
f 4732 4532 4531
f 4791 4534 4532
f 2220 2219 4791
f 4549 2220 2790
f 2789 4549 2790
f 2789 4863 4659
f 4863 4788 4543
f 458 4543 4788
f 4667 4738 4824
f 458 2374 2781
f 4668 4667 4751
f 4839 4668 4751
f 4668 4839 4800
f 4800 4906 2780
f 2781 459 458
f 4759 4622 459
f 4759 4744 100
f 4799 4838 4743
f 4744 4636 4427
f 4636 4746 4881
f 4429 4431 4746
f 4429 56 4430
f 2770 4816 4754
f 4754 4773 2770
f 56 2769 54
f 54 4692 4485
f 4692 4664 4645
f 2858 2760 2857
f 2759 4662 2760
f 4644 4645 4664
f 4489 4488 4644
f 2845 4673 4489
f 4673 2845 2844
f 4662 4850 2843
f 2844 4819 4674
f 4819 4849 4328
f 4911 4850 4662
f 4332 4831 4849
f 4848 4911 4661
f 4700 4848 2518
f 1517 4332 4699
f 4699 4698 556
f 4846 4700 2517
f 4846 4843 4842
f 4842 4760 4764
f 4763 556 4698
f 1039 556 555
f 4018 557 4008
f 4304 555 2833
f 2834 4909 300
f 4318 4304 2833
f 2562 4313 4318
f 2835 2834 4514
f 4514 2834 4517
f 4517 2834 3992
f 1711 2562 4516
f 1711 524 523
f 523 4505 4306
f 2791 4660 4505
f 2791 4493 4789
f 522 4498 4494
f 2373 4493 4497
f 2694 4802 4497
f 2693 4802 2694
f 2427 4678 2693
f 4907 4942 2825
f 4943 4942 4907
f 4907 2927 4943
f 4942 4943 2916
f 4942 2826 2825
f 4944 2826 4942
f 2915 4944 4942
f 4944 2915 2557
f 4919 4944 2557
f 2826 4944 4919
f 2827 4678 2427
f 2826 4919 4679
f 4919 4902 4679
f 4738 4678 4677
f 4902 4825 4679
f 4677 4824 4738
f 4825 4859 2815
f 4824 4751 4667
f 4751 4750 4839
f 4800 4839 4906
f 4906 4798 2780
f 4799 4798 4838
f 4838 4687 4743
f 2816 4753 2817
f 4686 2816 4708
f 4745 4743 4687
f 4816 4745 4754
f 4837 4905 4755
f 4905 4837 2739
f 4834 4773 4754
f 4772 4905 2739
f 4773 2768 2770
f 2768 4774 4812
f 4774 2875 2874
f 2875 2958 2876
f 2876 2958 4869
f 4867 2642 4869
f 2640 4866 4787
f 4948 2640 4787
f 2419 4948 4787
f 2419 4780 4948
f 2641 4829 2642
f 4779 4722 2641
f 2640 4948 4780
f 2822 4721 4781
f 4722 4779 4880
f 4722 2865 4828
f 2948 4841 2865
f 4841 4877 4764
f 4762 4764 4877
f 4008 557 4762
f 434 4006 2947
f 4018 4008 4007
f 4909 4018 436
f 434 2947 435
f 435 2947 3631
f 4909 436 300
f 2834 300 3992
f 3627 3991 3975
f 4515 4517 3992
f 1712 4515 3979
f 3989 1712 3979
f 1704 1710 3989
f 1704 4499 4498
f 4766 2425 4499
f 2425 4766 2426
f 2950 4856 4765
f 4704 2928 2426
f 2927 4907 2928
f 4903 4943 2927
f 4903 4713 4943
f 4903 4892 4713
f 4713 2916 4943
f 360 2917 4714
f 4942 2916 2915
f 4785 2558 2915
f 2558 4785 4776
f 3446 3604 4775
f 3604 4777 4775
f 3604 283 4777
f 4777 283 4876
f 4776 4778 2558
f 2559 4873 2891
f 2557 2915 2558
f 2557 4767 4919
f 4902 4919 4767
f 4859 4825 4902
f 4708 2815 4859
f 4708 4707 4686
f 2890 4709 4768
f 2892 4837 4707
f 2559 2891 2890
f 2892 2739 4837
f 4873 4858 2891
f 2737 4858 4874
f 2739 2738 4772
f 2901 4897 2737
f 4718 4871 2738
f 3008 4730 4718
f 4730 2956 4718
f 3377 4894 4729
f 4894 3377 2889
f 2957 2956 4895
f 2889 3001 4894
f 4866 4895 4787
f 2419 4787 3000
f 2419 3168 4780
f 2823 2418 3176
f 3168 3634 4780
f 4781 3634 2822
f 2822 2821 4721
f 3164 2823 3175
f 2821 3631 2947
f 3631 3630 435
f 298 3630 332
f 2701 3164 3115
f 2837 2701 473
f 3225 333 332
f 2453 2837 777
f 2451 333 2452
f 3218 2453 3129
f 2451 2839 312
f 3213 313 2839
f 3627 3975 3213
f 2937 3991 3627
f 2606 2937 2936
f 2608 2338 2606
f 2338 2950 2339
f 2949 4856 2950
f 3362 2954 2951
f 2955 2929 2949
f 2954 3362 3366
f 3410 4853 2955
f 2634 4770 3410
f 2633 2632 3366
f 3406 2897 3619
f 3401 3002 3402
f 3402 2747 352
f 4952 2747 3402
f 3402 4951 4952
f 3111 4952 4951
f 3107 4952 3111
f 3141 4951 3402
f 354 2634 3403
f 354 353 2600
f 353 399 2600
f 352 3009 397
f 4953 397 3009
f 399 398 2599
f 3449 397 4953
f 4953 387 3449
f 4953 228 387
f 398 361 360
f 3447 2917 360
f 3447 3446 4864
f 3611 3604 3446
f 3449 387 362
f 3604 3611 388
f 228 227 387
f 3604 229 283
f 283 282 4876
f 282 243 4876
f 242 4897 243
f 3083 269 3380
f 271 270 242
f 270 3377 4729
f 3083 2882 269
f 1966 2883 2882
f 2884 2889 3377
f 2889 2888 3001
f 2888 3597 2999
f 3597 3594 2999
f 3298 3296 3597
f 2540 4957 3295
f 3295 4957 4958
f 4957 4959 4958
f 4958 4959 2926
f 4960 2926 4959
f 4962 4960 4959
f 3069 4962 4959
f 4962 4963 4960
f 4963 4964 4960
f 4964 2589 4960
f 4964 2996 2589
f 4963 3345 4964
f 4963 1940 3345
f 3066 4963 4962
f 3069 4959 4957
f 2540 3069 4957
f 3597 3296 3594
f 3295 4958 3289
f 3594 3291 2999
f 3291 3290 2420
f 3289 4958 2920
f 3290 2820 2420
f 2919 4689 2820
f 4958 2926 2920
f 2919 2925 4752
f 2926 4960 2994
f 4690 2925 2715
f 2589 2994 4960
f 2588 4690 2715
f 2588 3347 4690
f 4573 3347 3346
f 4567 3346 2997
f 2587 2589 2996
f 2997 2628 2627
f 3345 2996 4964
f 2942 2626 2628
f 1940 2943 3345
f 2626 2942 2941
f 3045 2946 1939
f 345 347 2941
f 3391 346 345
f 2366 3391 1671
f 1669 1671 3582
f 3388 2792 3582
f 2792 3388 3387
f 2895 2792 3387
f 4733 2895 2899
f 2899 2898 4733
f 4733 2898 2984
f 3310 2894 2893
f 2893 4970 3310
f 4954 4970 2893
f 2893 2653 4954
f 4954 4971 4970
f 3311 4970 4971
f 3308 3311 4971
f 4971 4972 3308
f 4972 4971 4973
f 4972 4973 3573
f 3573 4973 4974
f 4955 3573 4974
f 4955 4974 2683
f 2406 3573 4955
f 2406 4955 2687
f 4974 4973 2684
f 4973 4971 3022
f 3022 4971 2652
f 4971 4954 2652
f 2984 2898 2549
f 2984 2549 4976
f 3311 3310 4970
f 2549 2548 4976
f 4976 2548 2913
f 3308 2550 3311
f 4972 3573 3308
f 3307 3305 2548
f 2907 2913 2548
f 2662 2912 2906
f 2913 2984 4976
f 2696 4733 2984
f 2571 2570 2912
f 3512 3327 2571
f 3512 3513 3327
f 2986 3327 3513
f 2572 2987 2696
f 2370 2372 2696
f 222 2371 2370
f 222 3067 3054
f 2345 2344 3067
f 3322 3010 3522
f 1479 2345 2744
f 3010 3322 2742
f 2744 2743 3293
f 3513 2742 2986
f 3293 2743 3294
f 3012 3292 3294
f 3012 3011 1259
f 3513 3512 3013
f 1305 3011 3552
f 3439 3512 2664
f 3439 567 3450
f 3552 3451 3548
f 1305 3552 3548
f 3011 1305 1259
f 1258 1525 1259
f 1525 1258 1284
f 1331 2076 1284
f 3422 2963 1331
f 2478 2961 2474
f 1603 2963 2962
f 1602 2962 2106
f 2106 3315 2043
f 1489 3315 3524
f 1489 3524 3456
f 2976 3459 3461
f 3524 2680 2679
f 3456 3524 2679
f 1490 1489 3456
f 2977 2678 2976
f 3794 1490 2979
f 2976 2978 2977
f 3454 3794 2979
f 2978 2961 1241
f 2380 3794 3454
f 2380 2379 4676
f 1193 2381 1241
f 3518 4672 2379
f 1307 2385 1193
f 2797 4672 3518
f 2405 3846 2797
f 1722 3846 2405
f 1722 2290 3711
f 3504 2404 2403
f 2291 2290 3506
f 3506 2809 2203
f 2071 2809 2055
f 3503 2056 2055
f 3499 3464 3503
f 4986 3464 3499
f 4987 4986 3499
f 4988 4986 4987
f 4989 4988 4987
f 4987 4990 4989
f 4990 2091 4989
f 2093 4989 2091
f 4990 4987 3498
f 4988 4989 2096
f 4988 2061 4986
f 4988 3478 2061
f 3499 3498 4987
f 4990 3498 3494
f 2810 3504 3496
f 2092 4990 3494
f 2091 4990 2092
f 2093 2091 2921
f 4989 2093 3483
f 3483 2096 4989
f 3478 4988 2096
f 2073 2072 2321
f 2073 2321 947
f 2074 2062 2058
f 2061 3478 2062
f 3464 4986 2061
f 2056 3503 3464
f 2056 2068 3151
f 2068 2067 2249
f 2308 2069 2060
f 2248 2067 3462
f 2250 3462 1506
f 2309 1507 1506
f 2060 2313 2308
f 2433 2313 2060
f 2433 2314 2313
f 4985 2314 2433
f 3458 2314 4985
f 904 3458 4985
f 1507 2309 3460
f 3434 1507 3460
f 2367 3431 2803
f 3433 1507 3434
f 1507 3433 1505
f 2367 2499 3431
f 3427 3723 1505
f 2359 2322 2499
f 3427 2324 3723
f 2324 2304 1732
f 1733 2304 2329
f 2358 2323 2322
f 2358 2357 2763
f 2329 3424 2764
f 674 676 2764
f 2233 674 3423
f 3423 2230 2232
f 2763 2357 3420
f 3417 2231 2230
f 3419 3420 3444
f 2231 3417 1025
f 1025 1106 1026
f 2066 1106 3411
f 3419 2503 3416
f 2511 2066 3411
f 513 2511 2513
f 514 513 3397
f 2516 2515 3398
f 3394 3398 3407
f 514 3397 3396
f 3395 472 3396
f 3395 3393 3523
f 3394 3407 2435
f 3393 2434 3523
f 3407 2828 2435
f 2434 2436 2438
f 2438 2184 790
f 2184 2342 2185
f 2341 2011 2348
f 2342 2349 3448
f 301 2349 2477
f 2477 2777 302
f 2777 2481 302
f 2480 302 2481
f 3379 3373 2482
f 3373 3379 2444
f 2480 2470 2860
f 3372 4980 3369
f 3317 3369 4980
f 4980 4949 3317
f 4949 4980 492
f 3372 492 4980
f 3370 2529 2470
f 2470 2529 2471
f 2479 1230 2471
f 2528 2530 2531
f 2531 2530 2245
f 2479 3365 1231
f 3365 2532 1587
f 2532 1585 1587
f 2496 1323 1585
f 3353 3356 2244
f 3329 3349 3353
f 3329 2270 3349
f 2495 2496 3352
f 2495 2276 1321
f 2259 67 2276
f 2259 2258 3253
f 2270 2260 3349
f 416 2258 2227
f 3339 3455 2227
f 375 3339 3338
f 3338 2384 2796
f 2445 2271 3334
f 2382 2384 2800
f 3334 2270 3329
f 3353 2985 3329
f 2985 3353 3328
f 2800 2246 2799
f 1085 2246 2237
f 3328 2235 2985
f 3328 3353 2244
f 2245 2244 2531
f 2236 1528 2237
f 2393 2245 2530
f 3318 1529 1528
f 3369 3317 2393
f 1529 3318 3316
f 2914 3317 4949
f 1529 3316 2959
f 2959 989 988
f 1509 989 1510
f 3312 2819 2421
f 2423 1508 1510
f 2754 2423 2422
f 2422 2757 2754
f 3020 2757 3302
f 2310 3020 3302
f 2310 2804 2311
f 3299 3301 2424
f 2457 2804 2458
f 2457 2836 2397
f 3285 2836 3287
f 2836 3285 2604
f 2611 3135 2604
f 2761 2611 3281
f 2761 3281 2767
f 2938 2766 2767
f 2766 2938 3270
f 2766 3270 2631
f 2326 2631 2630
f 3029 2630 2636
f 3269 2636 3265
f 3263 3269 3265
f 2510 3263 2508
f 1302 1304 2508
f 1302 2869 1303
f 3198 2869 1807
f 1806 2829 1807
f 2112 3252 1824
f 2112 1824 1559
f 2112 1818 3252
f 1806 1822 1810
f 3252 1818 1811
f 1810 1809 1806
f 2431 1809 3185
f 2830 3185 3242
f 1819 1775 3242
f 1818 1817 1811
f 1776 1775 1819
f 2472 2774 1775
f 1777 2472 1790
f 2347 1777 3227
f 2850 3227 1786
f 1785 1784 2832
f 1786 2536 2849
f 2536 2535 2849
f 2535 2541 3284
f 2526 2541 2524
f 1605 2887 3222
f 2886 3277 2524
f 2885 2583 2886
f 2199 2581 3209
f 2880 2583 2582
f 2593 3654 2582
f 2592 2581 2665
f 2593 3204 3654
f 2718 3207 3204
f 2665 2717 2592
f 2716 3207 2718
f 1715 2716 2924
f 2721 501 1715
f 582 501 2721
f 2619 2719 582
f 2624 2719 2619
f 3193 3218 2624
f 2840 3193 2838
f 2838 2939 2935
f 3184 2944 1700
f 2940 2939 2945
f 3181 3368 2940
f 3177 3182 2082
f 3181 2547 2607
f 3171 3367 2547
f 3171 2633 3366
f 2897 3406 2633
f 3166 3619 2897
f 3619 3166 2731
f 4950 2731 3166
f 2552 2551 2896
f 3166 3157 4950
f 3165 2551 2238
f 3152 4950 3157
f 2746 2729 3153
f 3152 2731 4950
f 2746 2730 2729
f 2295 2730 2746
f 2731 3002 3619
f 3148 2730 2295
f 3141 3402 3002
f 3141 3113 4951
f 3111 4951 3113
f 2669 3110 2704
f 2669 2668 2748
f 2668 2753 2748
f 3081 2753 2668
f 3108 3107 3111
f 4952 3107 2747
f 352 2747 3009
f 4953 3009 228
f 228 3101 281
f 2753 2749 2748
f 2752 281 3101
f 2752 3096 281
f 241 3096 3089
f 3086 241 3089
f 2753 3081 2751
f 3086 3083 3380
f 2882 3083 3077
f 2668 2861 3081
f 3077 1966 2882
f 3137 1981 2861
f 2671 1964 1981
f 1966 1965 2883
f 2671 1974 1964
f 1976 2539 1965
f 2539 3069 2540
f 3066 4962 3069
f 3062 4963 3066
f 1951 4963 3062
f 1205 4982 2848
f 4982 4983 2848
f 4982 4969 4983
f 4969 1947 4983
f 4982 4994 4969
f 4994 4984 4969
f 4984 1628 4969
f 2765 4984 4994
f 4982 4967 4994
f 2189 4994 4967
f 1581 2189 4967
f 4916 2189 1581
f 4967 4982 1205
f 2848 4983 1938
f 1951 1940 4963
f 1940 1939 2943
f 1939 1949 3045
f 1938 4983 1947
f 1947 4969 1628
f 3046 2615 2234
f 3045 1949 1948
f 3043 2946 3045
f 3044 3046 3036
f 1689 3036 3046
f 3040 2946 3043
f 2621 3040 2649
f 2649 2622 2621
f 2622 3033 2620
f 2653 2893 3033
f 2960 2681 2654
f 4954 2653 2652
f 3022 2652 3024
f 4973 3022 2684
f 2684 2683 4974
f 2975 2685 1685
f 1685 2702 2975
f 2975 636 3018
f 2683 2688 4955
f 2687 4955 2688
f 1844 2686 575
f 1838 1876 1845
f 3005 743 1875
f 3005 2998 743
f 1876 1846 1845
f 1846 2406 2687
f 745 3573 2406
f 1877 3573 745
f 2908 1877 1538
f 1537 3561 1538
f 2998 744 743
f 1884 2998 3005
f 1042 3561 1537
f 1042 843 3561
f 842 2968 843
f 1524 3502 842
f 2728 1524 2441
f 1141 614 1518
f 1141 4918 614
f 4918 1141 4937
f 4937 84 4918
f 4918 84 1096
f 84 4937 1753
f 4937 2647 1753
f 2647 4937 1141
f 2441 616 615
f 615 1097 2727
f 1096 614 4918
f 1097 1504 2727
f 2391 3495 1504
f 567 3495 2391
f 567 566 3450
f 1052 1260 566
f 1052 1748 1283
f 2317 1051 565
f 1748 2316 83
f 1096 84 2317
f 83 2971 1748
f 1215 1214 2971
f 50 3426 1215
f 49 3426 50
f 1165 49 1163
f 1990 1164 1163
f 1193 1990 1307
f 415 2798 1307
f 414 413 1829
f 414 1829 1380
f 415 356 3514
f 3514 356 1868
f 2970 3514 1868
f 2400 3511 2970
f 704 3496 2400
f 704 703 2090
f 663 703 1863
f 1814 705 1813
f 1814 358 1977
f 1862 663 1863
f 931 662 661
f 663 1767 2100
f 931 1765 662
f 1767 1766 2100
f 178 1766 2332
f 177 2097 178
f 2325 2097 177
f 2059 2325 130
f 131 1754 245
f 130 129 2072
f 245 1757 131
f 2072 129 2321
f 1908 2321 1998
f 1998 1992 1908
f 2321 1908 947
f 2073 947 946
f 2433 2060 946
f 1903 4985 2433
f 904 4985 1903
f 3458 904 903
f 1793 3458 903
f 2527 295 1963
f 297 1793 1217
f 296 2756 297
f 295 2527 1782
f 1781 2398 296
f 1781 1780 2395
f 1168 2395 1780
f 233 2395 1168
f 2503 233 232
f 2512 232 1783
f 2512 1783 2013
f 2828 2013 1458
f 2012 231 1941
f 1459 1941 1782
f 1457 2437 1458
f 1459 1782 2527
f 2341 2340 1457
f 1963 1950 2527
f 1950 1794 1418
f 2007 2011 2341
f 2011 1420 2348
f 1418 905 1419
f 1420 2520 2476
f 1714 1419 1904
f 2520 2776 2476
f 3379 2776 536
f 537 1714 945
f 536 535 3379
f 1035 537 945
f 1036 1035 1907
f 535 2444 3379
f 2444 2443 3373
f 1907 1708 1036
f 2443 492 3372
f 1354 490 1708
f 491 490 1692
f 492 986 4949
f 2440 4949 986
f 4949 2440 2914
f 2914 1698 2819
f 20 3299 1698
f 606 2456 20
f 3288 606 605
f 2461 605 2392
f 21 987 19
f 987 491 1692
f 2392 768 2461
f 2460 768 563
f 562 2610 563
f 2902 562 2389
f 2902 1896 3276
f 1897 564 767
f 868 767 1692
f 869 868 1355
f 1993 1391 869
f 870 1889 1896
f 1896 822 3276
f 1890 821 820
f 1128 822 1930
f 1391 2006 821
f 1931 1081 1937
f 1200 1081 1931
f 1129 1128 1930
f 2455 3274 1128
f 2455 2454 2629
f 1127 1937 1925
f 1927 2953 2454
f 2953 1927 1926
f 1926 1083 2952
f 1081 1925 1937
f 2121 2952 1083
f 2121 2881 3258
f 1823 1808 2881
f 1559 1824 1823
f 1558 2112 1559
f 2111 1818 2112
f 1789 1774 2111
f 1778 1789 2605
f 1709 1778 2605
f 2605 1535 1709
f 1547 2110 1557
f 1549 1535 2605
f 1533 1475 1534
f 1475 1477 1534
f 2024 1477 1476
f 2261 2024 1482
f 2261 1077 1521
f 2094 1709 1535
f 1709 1523 1778
f 1522 1521 1077
f 1779 1523 2095
f 1522 1077 1221
f 1784 2095 2832
f 2832 1606 1785
f 2537 1606 1605
f 2143 2887 1605
f 3217 2143 2142
f 3214 2142 2722
f 2198 1720 2281
f 2805 3214 2722
f 2199 3209 2805
f 1485 2198 1486
f 1647 2581 2199
f 1487 1648 1485
f 1646 2581 1647
f 1648 4920 2666
f 1646 2665 2581
f 2717 2665 2193
f 4920 2191 2666
f 2191 4920 1501
f 1501 4921 2191
f 1501 1639 4921
f 2193 2192 2720
f 1639 2191 4921
f 2720 2192 1641
f 1640 2080 1641
f 2257 2618 2080
f 1700 2618 2257
f 1515 3184 1700
f 1514 1513 2079
f 2082 3182 1515
f 2082 2064 3177
f 2064 2238 2546
f 3165 2238 1503
f 2063 1514 1693
f 1639 1501 1693
f 3165 1503 1502
f 2065 1501 4920
f 1502 2561 3165
f 3160 2561 2302
f 2065 4920 1648
f 1734 1648 1487
f 3160 2302 1736
f 2039 1735 1734
f 2745 1735 2818
f 3153 1736 2746
f 2818 2297 2745
f 2818 1188 2297
f 2296 2295 2746
f 1730 3148 2295
f 1730 2736 2735
f 2703 2734 2736
f 2703 1294 3131
f 1253 1294 1296
f 1255 2489 1291
f 1291 2489 4934
f 1253 1659 2574
f 4934 1658 1291
f 4934 2483 1658
f 2483 4934 2208
f 1659 1975 1974
f 2483 2672 1658
f 2483 1157 2672
f 1988 1975 1206
f 1206 1205 3057
f 1581 4967 1205
f 2614 4916 1581
f 2614 2181 4916
f 1251 1204 1580
f 2672 1157 1204
f 2614 1156 1202
f 1202 1300 2614
f 2612 4999 2613
f 4999 4929 2613
f 4930 2613 4929
f 4929 1883 4930
f 4930 1883 793
f 793 2182 4930
f 1634 2182 793
f 1634 793 480
f 4929 4999 5000
f 5000 4931 4929
f 4931 799 4929
f 2462 799 4931
f 5000 2462 4931
f 4999 1271 5000
f 1271 4999 2612
f 1300 2181 2614
f 2613 4930 2182
f 4916 2181 2189
f 2189 1635 4994
f 2182 1634 1633
f 1635 2765 4994
f 2765 2176 4984
f 2176 1628 4984
f 1628 1627 2615
f 2234 2615 1627
f 2234 1689 3046
f 1688 3036 1689
f 2650 1688 2681
f 2681 2222 2654
f 1690 2221 2682
f 2228 3025 2222
f 3023 2228 1685
f 1683 2221 1684
f 2702 1685 2674
f 2221 529 1684
f 2229 464 529
f 465 464 1629
f 516 515 466
f 2740 465 2175
f 516 1000 517
f 480 2740 1634
f 1047 479 794
f 481 480 793
f 2732 1047 794
f 793 1883 2733
f 2732 800 1048
f 1883 4929 799
f 748 799 2125
f 748 2125 874
f 800 747 757
f 2723 828 758
f 757 1048 800
f 1048 1047 2732
f 1047 1001 479
f 1000 479 1001
f 2710 517 1000
f 2709 1002 1060
f 4956 2709 1060
f 4956 1060 532
f 4933 4956 532
f 4966 4956 4933
f 4961 4966 4933
f 4961 4933 487
f 4965 4966 4961
f 1360 4965 4961
f 2439 1360 4961
f 2439 4961 1138
f 4965 4981 4966
f 4981 4998 4966
f 4981 625 4998
f 4998 625 4956
f 625 4981 1854
f 4978 1854 4981
f 574 1854 4978
f 2428 574 4978
f 4978 4981 4965
f 1359 4978 4965
f 4966 4998 4956
f 2709 4956 625
f 1011 2710 1916
f 2750 1011 1010
f 626 2674 1010
f 625 624 2709
f 2674 626 2702
f 636 2975 2702
f 1854 2700 625
f 635 3018 636
f 575 2686 635
f 574 573 1854
f 575 2387 1844
f 587 2387 2689
f 91 508 587
f 506 508 91
f 453 506 103
f 58 1369 59
f 951 1369 58
f 103 60 68
f 68 422 421
f 1301 452 421
f 1828 70 69
f 2282 1828 69
f 381 431 432
f 711 431 381
f 711 710 1301
f 710 1041 1884
f 2442 841 1041
f 2442 720 994
f 379 1867 380
f 379 1290 669
f 720 671 994
f 670 669 1290
f 670 1290 2394
f 1918 671 1861
f 670 2394 2658
f 679 1918 1861
f 1140 679 187
f 1140 187 2651
f 1140 2651 193
f 1140 193 133
f 2647 1141 133
f 1753 2647 2643
f 84 1753 82
f 1388 1741 82
f 48 1742 1388
f 148 1411 1387
f 1351 48 1352
f 1829 1351 1380
f 1380 1379 414
f 1350 2635 1994
f 1994 2635 4975
f 984 1994 4975
f 1016 4975 2635
f 357 1379 942
f 943 2625 1068
f 357 942 941
f 1977 941 1909
f 1909 900 1977
f 974 2623 973
f 900 899 1977
f 661 899 931
f 931 311 1765
f 1443 2617 1905
f 1443 309 2617
f 176 311 310
f 1755 310 1250
f 1212 309 1249
f 1755 1250 324
f 246 1755 324
f 246 245 1754
f 245 1167 1757
f 1201 2006 1167
f 1200 1931 1201
f 247 323 262
f 262 323 1473
f 323 2609 1473
f 261 1081 1200
f 1081 261 1082
f 1455 2122 1082
f 1454 2120 1455
f 263 262 1473
f 2120 1454 1557
f 1557 2170 1547
f 1472 1473 2609
f 1417 2158 2170
f 2609 323 1249
f 2158 1417 1416
f 1443 1249 309
f 1416 1444 2158
f 1905 932 1443
f 2603 2169 1444
f 901 2598 932
f 1033 2169 2603
f 2623 974 2598
f 1033 1032 1610
f 943 1068 974
f 1069 427 1032
f 2594 1068 2625
f 427 2590 428
f 984 2594 1994
f 433 2590 983
f 983 372 433
f 1016 984 4975
f 1016 2635 1017
f 372 1915 371
f 148 2580 1017
f 147 2580 148
f 1915 2576 2616
f 2576 603 2616
f 147 146 135
f 549 135 134
f 603 638 2616
f 638 548 383
f 134 591 549
f 550 592 2575
f 591 194 1847
f 1847 186 2560
f 2560 186 1095
f 2560 1095 865
f 817 857 592
f 2542 857 856
f 2542 2212 548
f 1125 1153 2212
f 1153 1932 265
f 2127 265 1932
f 1482 1481 2127
f 1482 1077 2261
f 1152 1112 1078
f 1152 1113 1112
f 1113 1124 1891
f 1891 816 2534
f 2534 1274 1222
f 1077 1079 1221
f 2149 1221 2533
f 1604 2533 2141
f 1600 1599 2141
f 1600 1275 2824
f 1222 1274 1223
f 1275 1173 2824
f 1274 2553 1174
f 1173 2048 2824
f 2049 2048 2521
f 1237 1492 2521
f 1172 1174 892
f 867 1235 892
f 867 782 1235
f 1237 1236 1491
f 1236 2514 1491
f 1460 2388 2168
f 2388 4979 2168
f 2388 4940 4979
f 4940 1423 4979
f 764 2388 1460
f 1491 2514 2037
f 2818 2037 1188
f 2168 4979 1186
f 1188 1187 2297
f 4979 1423 1186
f 1729 1187 1424
f 1295 1729 1340
f 4940 1464 1423
f 725 1464 4940
f 1464 725 2502
f 1466 1340 2157
f 1254 1466 1465
f 1679 2673 1465
f 2490 2673 1679
f 2502 1678 1464
f 4968 2215 2502
f 2303 4968 2502
f 1679 2500 1662
f 4968 1680 2215
f 4968 688 1680
f 1663 1680 202
f 202 1680 687
f 1679 1662 2490
f 2673 2490 2489
f 2208 4934 2489
f 1667 1661 201
f 1655 1668 1667
f 1313 2208 1314
f 2208 1313 2483
f 2483 1158 1157
f 1668 2135 1315
f 2135 1668 1673
f 1673 1269 2135
f 1593 1299 1158
f 2612 1299 1271
f 1270 5000 1271
f 2469 1269 2351
f 2351 4912 2469
f 4912 5001 2469
f 5001 4912 4836
f 1327 5001 4836
f 1595 4836 4912
f 4836 1595 4835
f 4835 1328 4836
f 4835 4938 1328
f 4939 1328 4938
f 4938 1561 4939
f 1561 4922 4939
f 4922 4946 4939
f 4939 4946 2459
f 4946 4947 2459
f 4947 4946 2336
f 4827 4947 2336
f 4826 4827 2336
f 408 4827 4826
f 4827 408 4947
f 408 4904 4947
f 2029 4947 4904
f 2029 4904 2177
f 2177 4991 2029
f 4991 2177 344
f 344 2023 4991
f 2023 918 4991
f 4904 408 2177
f 4922 2336 4946
f 1562 4938 4835
f 1562 4835 1595
f 1270 2462 5000
f 5001 1327 2469
f 2125 799 2462
f 4836 1328 1327
f 1328 4939 876
f 875 874 2125
f 4939 2459 876
f 748 874 746
f 2029 2459 4947
f 918 2029 4991
f 918 2023 826
f 919 828 746
f 758 828 827
f 759 827 2447
f 2446 826 2023
f 1130 2447 882
f 1061 1130 533
f 533 532 1060
f 4933 532 839
f 553 840 534
f 4933 839 488
f 487 4933 488
f 1139 489 2247
f 1138 4961 487
f 2439 1138 1137
f 1430 1360 2439
f 1359 4965 1360
f 2428 4978 1359
f 1361 1431 2140
f 1848 574 2428
f 1402 92 1848
f 1403 2140 1431
f 1431 35 1403
f 952 90 1402
f 953 1403 35
f 58 952 951
f 1369 951 1370
f 1369 911 59
f 911 910 2287
f 2410 2287 910
f 2047 2417 909
f 4928 2035 2417
f 2417 424 4928
f 2035 4928 1292
f 910 2414 963
f 1292 962 2035
f 2197 962 1292
f 694 654 962
f 963 2410 910
f 2410 647 2287
f 2409 170 2287
f 157 69 170
f 69 157 2282
f 365 1828 2282
f 109 365 110
f 2201 111 727
f 79 2201 738
f 109 5 366
f 364 366 1289
f 1289 2394 1290
f 2658 2394 447
f 446 4 6
f 2399 18 446
f 18 2399 766
f 17 2658 447
f 16 188 17
f 186 16 1095
f 866 865 1095
f 1094 18 781
f 867 866 782
f 766 781 18
f 1235 782 765
f 765 764 1460
f 78 766 2399
f 738 78 79
f 1050 2388 764
f 4940 2388 726
f 2201 739 738
f 727 739 2201
f 725 4940 726
f 2303 2502 725
f 111 2386 727
f 2303 700 4968
f 111 123 2386
f 699 123 122
f 700 688 4968
f 699 156 689
f 1680 688 687
f 158 2378 689
f 2378 646 645
f 218 687 2298
f 687 218 202
f 202 201 1663
f 1667 201 1655
f 651 1654 1653
f 1654 651 2183
f 1655 1673 1668
f 2351 1269 1673
f 1672 2350 2207
f 1578 4912 2351
f 164 1579 2350
f 1578 1595 4912
f 1594 1562 1595
f 1562 1561 4938
f 4922 1561 1568
f 1568 2336 4922
f 42 4826 2336
f 42 41 4826
f 4826 41 408
f 2177 408 392
f 2318 344 2177
f 344 343 2023
f 554 343 553
f 553 2315 840
f 2315 505 504
f 330 276 291
f 331 277 276
f 2223 277 394
f 2223 393 30
f 2307 2306 278
f 2306 1030 278
f 1030 2306 519
f 287 518 180
f 497 468 2277
f 467 2277 468
f 796 467 797
f 1057 467 796
f 1057 796 2278
f 775 1055 733
f 1056 1055 774
f 1057 2277 467
f 519 2277 1030
f 292 278 1030
f 292 2272 505
f 774 1029 1056
f 979 2272 1003
f 979 505 2272
f 631 489 505
f 2247 489 631
f 1139 2247 600
f 601 630 632
f 1395 600 599
f 577 75 63
f 577 63 62
f 61 425 36
f 62 2148 599
f 35 1431 2148
f 2216 953 35
f 2417 2216 424
f 425 34 36
f 4928 424 423
f 4928 423 1292
f 1292 404 2197
f 2197 404 339
f 425 403 402
f 74 1272 403
f 1272 95 368
f 404 1252 339
f 2197 339 2200
f 962 2197 694
f 693 654 694
f 655 654 693
f 645 655 219
f 219 2190 203
f 1653 2190 651
f 649 672 650
f 650 695 713
f 651 189 2183
f 2183 1672 1654
f 164 2350 1672
f 163 1579 164
f 163 1577 1579
f 1577 138 1343
f 1365 138 137
f 116 136 165
f 137 2174 1381
f 2174 118 1381
f 713 117 116
f 713 712 117
f 2205 338 712
f 338 1991 2164
f 118 1382 1381
f 1381 1365 137
f 2159 2156 1367
f 2159 4935 2156
f 4935 2159 257
f 257 4992 4935
f 4992 4945 4935
f 5002 4935 4945
f 4945 958 5002
f 958 4945 4941
f 958 4941 4936
f 1650 4936 4941
f 1970 4941 4945
f 4945 4993 1970
f 4935 5002 957
f 4992 4993 4945
f 257 4993 4992
f 1365 1343 138
f 1341 2156 4935
f 2131 1343 1342
f 4935 957 1341
f 1342 2150 2131
f 2150 959 1563
f 5002 958 957
f 958 4936 933
f 1569 1563 959
f 935 2124 1569
f 935 934 2124
f 4936 2144 933
f 4936 1956 2144
f 914 43 934
f 1956 913 2144
f 43 914 895
f 895 894 43
f 894 2136 43
f 2139 1233 893
f 2139 1575 1233
f 29 2136 315
f 30 29 179
f 179 287 180
f 287 248 496
f 314 249 286
f 1154 1463 250
f 1447 2119 1377
f 1447 1377 4932
f 2113 1447 4932
f 2113 4932 2101
f 2101 4932 4889
f 4889 4932 961
f 961 4899 4889
f 4889 4899 897
f 897 2098 4889
f 1426 1463 1446
f 1447 2113 1445
f 1463 1426 1182
f 248 1182 496
f 1412 2299 496
f 2299 1412 469
f 2104 441 469
f 441 2104 1045
f 1045 976 441
f 1413 1044 1043
f 1020 976 1045
f 2113 2101 1044
f 2101 4889 1021
f 976 1020 1019
f 1021 4889 2098
f 2098 897 998
f 975 999 825
f 977 976 1019
f 976 621 441
f 441 621 442
f 597 622 891
f 2075 596 442
f 570 569 1453
f 540 539 571
f 596 539 2050
f 2050 440 596
f 795 2292 440
f 734 795 859
f 2279 859 858
f 858 2034 2279
f 806 2279 2034
f 2019 750 806
f 2019 749 750
f 1134 1560 1135
f 773 732 749
f 773 1556 774
f 1556 1004 774
f 2008 980 1004
f 1551 980 2008
f 632 981 1551
f 576 601 632
f 1546 1550 1555
f 93 576 1545
f 1545 1544 546
f 1560 1134 1546
f 1544 547 546
f 1621 1134 1999
f 1089 1997 1999
f 1616 1997 1091
f 1618 1617 547
f 1617 545 547
f 368 545 369
f 1166 1612 1616
f 1612 1166 1608
f 1608 1166 213
f 4995 213 1166
f 4995 1146 213
f 369 337 367
f 338 337 1991
f 2164 1991 1609
f 1607 1612 1608
f 1366 1609 1989
f 1989 257 2159
f 256 1608 213
f 4993 257 212
f 214 1982 1665
f 1665 1982 1123
f 212 1970 4993
f 1970 1664 4941
f 1664 1650 4941
f 1650 1956 4936
f 1652 1088 1590
f 1956 1592 913
f 1591 1590 1088
f 1592 1575 2139
f 1575 314 1233
f 205 207 314
f 206 205 1564
f 1345 2119 1564
f 1345 1377 2119
f 1377 961 4932
f 961 908 4899
f 4899 908 871
f 950 906 960
f 1028 907 906
f 871 908 939
f 992 938 907
f 854 853 938
f 853 855 916
f 916 855 633
f 929 916 633
f 939 917 872
f 939 872 871
f 4899 871 897
f 998 897 896
f 873 916 929
f 881 825 896
f 824 975 825
f 824 891 622
f 597 891 890
f 1453 597 890
f 1448 1456 561
f 1448 561 4997
f 1425 1448 4997
f 1425 4997 4977
f 1425 4977 451
f 451 4977 520
f 4977 4997 4996
f 4977 4996 530
f 4996 4997 530
f 1453 1442 570
f 1432 2057 570
f 1405 2057 1432
f 1448 1425 1427
f 1432 1415 1405
f 1399 1406 426
f 1353 1399 426
f 1386 2057 1405
f 1386 538 2057
f 1375 880 538
f 1371 1378 1389
f 1368 860 1375
f 1371 1399 1353
f 1368 1339 833
f 833 1339 834
f 807 834 1320
f 1320 1306 805
f 1306 1115 1072
f 1199 1194 1115
f 1194 1175 1114
f 1183 1189 1211
f 1133 1183 1211
f 1091 1114 1175
f 1616 1091 1166
f 4995 1166 1151
f 1155 1183 1145
f 1151 1146 4995
f 213 1146 1136
f 1183 1133 1145
f 1136 1123 1982
f 1211 1126 1133
f 1126 1229 1105
f 1123 1116 1665
f 1651 1116 1111
f 1098 1652 1111
f 1105 1242 1092
f 1098 1088 1652
f 1080 1092 1058
f 1076 1591 1088
f 1076 1073 1576
f 1067 1346 1073
f 1034 1346 1067
f 1058 1059 1080
f 1034 1067 1046
f 1346 1034 1031
f 1009 1065 1031
f 1005 1484 1009
f 1005 978 972
f 936 1483 972
f 993 967 968
f 993 204 967
f 230 204 993
f 940 967 204
f 1483 936 920
f 930 175 927
f 175 886 927
f 920 915 1483
f 915 912 1093
f 898 1037 912
f 927 886 902
f 898 819 1037
f 829 776 815
f 819 808 1037
f 776 798 815
f 808 801 1074
f 106 801 143
f 184 144 143
f 3 184 98
f 98 77 76
f 776 783 798
f 772 776 829
f 77 742 25
f 772 751 756
f 742 26 25
f 26 728 1357
f 728 721 1267
f 1220 721 714
f 714 709 1218
f 709 701 1256
f 4857 692 702
f 702 11 4857
f 10 692 4857
f 701 696 1256
f 683 1169 696
f 10 678 692
f 683 668 1536
f 4910 673 678
f 64 4910 678
f 4910 4923 673
f 634 673 4923
f 598 4923 4910
f 660 1536 668
f 660 659 1170
f 648 838 659
f 673 634 652
f 637 809 648
f 855 637 633
f 613 634 4923
f 929 633 623
f 823 623 604
f 598 613 4923
f 604 602 864
f 1468 602 572
f 586 598 4910
f 586 4910 57
f 561 1468 572
f 561 530 4997
f 520 4977 530
f 463 520 478
f 463 451 520
f 450 1425 451
f 450 24 1410
f 412 23 208
f 1406 24 426
f 1353 426 420
f 420 405 1344
f 405 389 1344
f 378 1332 389
f 1293 378 370
f 363 355 370
f 1248 355 351
f 340 400 284
f 326 322 351
f 316 1058 322
f 294 1015 316
f 294 293 982
f 308 284 288
f 400 260 284
f 272 251 293
f 260 412 244
f 993 251 230
f 208 244 412
f 226 204 230
f 22 208 23
f 204 190 940
f 22 443 192
f 944 190 175
f 166 185 192
f 175 171 886
f 171 162 879
f 495 152 166
f 162 145 861
f 152 495 139
f 127 145 128
f 127 112 751
f 735 112 105
f 102 735 105
f 81 702 102
f 119 89 96
f 139 80 89
f 702 81 11
f 498 32 80
f 4857 11 10
f 10 64 678
f 57 4910 64
f 586 57 47
f 541 47 37
f 31 46 12
f 528 37 33
f 33 32 498
f 12 32 31

