,PC1,PC2,PC3,PC4,PC5,PC6,PC7,PC8,PC9,PC10,PC11,PC12,PC13,PC14,PC15,PC16,PC17,PC18,PC19,PC20,PC21,PC22,PC23,PC24,PC25,PC26,PC27,PC28,PC29,PC30,PC31,PC32,PC33,PC34,PC35,PC36,PC37,PC38,PC39,PC40,PC41,PC42,PC43,PC44,PC45,PC46,PC47,PC48,PC49,PC50,PC51,PC52,PC53,PC54,PC55,PC56,PC57,PC58,PC59,PC60,PC61,PC62,PC63,PC64,PC65,PC66,PC67,PC68,PC69,PC70,PC71,PC72,PC73,PC74,PC75,PC76,PC77,PC78,PC79,PC80,PC81,PC82,PC83,PC84,PC85,PC86,PC87,PC88,PC89,PC90,PC91,PC92,PC93,PC94,PC95,PC96,PC97,PC98,PC99,PC100,PC101,PC102,PC103,PC104,PC105,PC106,PC107,PC108,PC109,PC110,PC111,PC112,PC113,PC114,PC115,PC116,PC117,PC118,PC119,PC120,PC121,PC122,PC123,PC124,PC125,PC126,PC127,PC128,PC129,PC130,PC131,PC132,PC133,PC134,PC135,PC136,PC137,PC138,PC139,PC140,PC141,PC142,PC143,PC144,PC145,PC146,PC147,PC148,PC149,PC150,PC151,PC152,PC153,PC154,PC155,PC156,PC157,PC158,PC159,PC160,PC161,PC162,PC163,PC164,PC165,PC166,PC167,PC168,PC169,PC170,PC171,PC172,PC173,PC174,PC175,PC176,PC177,PC178,PC179,PC180,PC181,PC182,PC183,PC184,PC185,PC186,PC187,PC188,PC189,PC190,PC191,PC192,PC193,PC194,PC195,PC196
01ADL0007,-334.85923375136815,-45.08481361242089,-60.017451400562756,-33.90849356357562,5.97840200453267,-9.16743545262646,-5.4989215061883145,-1.6688309319576258,-31.939849328884254,-5.183534468874767,-18.76329034966102,13.717202303349698,-3.783366321989663,11.13071316144826,-8.876315809157663,0.15377096281262626,0.04155924080764142,1.7926728281692639,-2.4319021080055427,3.8220614216443214,-3.041793750139903,-4.229037270210239,-1.5235020551889173,-4.575240017435194,3.103242153540623,-4.147118903641265,3.397740280671192,1.3305624841269144,1.7357357389544448,-0.897157834284029,3.8676513640353978,4.362491227223788,-3.2912530109832505,-11.542484930221066,-4.246036693112799,3.177788162268958,-0.6859410462312585,-5.049847813217544,-1.9396071531300054,2.9166546806981155,-1.6777396381144396,4.097536583241566,-2.164919987304063,-3.99281498690876,-0.932729034466567,2.1343290309795417,3.019778140131306,-4.742544804958184,-5.097665230790328,-0.18405180787948974,4.952659732363753,-1.8811101224083322,-1.3552172083787133,2.5580938890477856,1.8058431576623861,3.18217459208643,-1.35003514149673,-0.24177760761979014,2.7726667015373336,-5.988169825871824,0.2703372768883185,-2.289173600567715,-2.339576411127271,1.4325482474151927,5.995473238568263,4.270141496938957,-3.316173880327555,0.7217360017904985,2.155475610769592,1.6450051497818912,-0.6018589288785621,-4.022815222527443,0.09188635194406773,-1.2168741375240353,-0.9389438194583267,-0.14594960998646672,2.170374957963946,-2.3066395659190086,-0.04722029337549044,-0.5039811230122325,-1.2859450872251896,1.2341236321257991,-2.431257384090258,-3.1064753071990143,2.9701585836254316,0.02584719935464065,-0.3542770554662891,-0.46356078295648706,-1.990139915850673,0.5095536748526993,-0.16729954015416562,-0.6940348714737219,-0.30651905953059694,2.5708303394400813,-1.771494081058344,1.69800552753552,2.165678995693088,1.500748474477706,-0.46703222765949104,2.360110152133397,-0.6116272323171184,-0.11332213702198389,-0.12155591261056369,-2.5236506623634596,-1.8424582324860794,-0.6907300884251566,0.18874870291245885,-0.8811262568139259,1.3952900140641433,-0.9434508937556196,0.7303514229934746,1.973659407711603,-1.4294854957555918,0.10587991965444228,0.9601842688688172,-1.5243885514776925,0.6306299113083301,-2.466601892357214,-1.0681277075465139,-0.16046224298213607,0.043722242251123276,-0.3897373607645861,-1.4639151632082188,1.9103850370243494,1.8546548179075153,-1.1653851755852542,-0.9432802472108108,-1.183445026724989,0.5742090921469003,0.09312405761027259,0.4946712196612084,-0.36190853840080894,-2.542314906397789,-0.5897847937895332,-1.4125547405672656,2.1244049632500537,-1.2614588413059837,0.5505936094953465,1.3189981959541235,0.8368586101561487,-0.576823684858225,-1.211136895704285,-2.075161998720874,-0.08964082990086202,1.2884613576577173,-1.3651921613506608,-0.4476326835994513,0.03400489657726121,-1.003595660194105,0.45564858769714656,-1.959705783512054,-1.5274743340334098,-0.6475451018330509,0.4289401901671147,-1.6884079040264386,-1.5919997912217896,0.11894359062068831,-0.5943636593616904,0.9072129528637206,0.0005291122757841416,-1.1588576673091506,0.051446383615834625,0.3730158888690712,-0.4823525051493901,1.2447592236597036,0.44696968577384705,-1.6022153936695553,-1.7608734352399822,0.11543022449234087,-0.6497919108245834,1.0726894331127248,0.45999171351826545,-1.1457139399465772,0.6666649523428965,0.16990082053257097,-0.30668897000551093,-0.10936177218729567,0.28351010272148036,-0.05531632680707228,-0.8510534692623132,-0.15116893619761962,-0.02496290739468701,-1.1122141433628705,0.05119177906306054,0.9246960547478127,0.4606315972446578,0.7319045735047177,-0.6158179241085773,-0.7363358004584531,0.24736326070249082,1.0098660914286188,-1.57309390928412,-0.9197393053164623,-0.27034027714739906,-0.4465100117454565,1.7862114330964278e-13
01ADL0008,-315.25020399125026,-52.819986845842514,-28.30083107175554,-23.634005811485707,-6.021160496871785,-21.430515585220324,-28.85005529339831,-2.307928421222537,14.708839641702921,-19.210668675577182,-4.5719401292101916,16.233818390678824,10.558242011887122,0.3422580947923327,-5.819299641979694,6.804234057498898,5.778233886651304,2.7662551143271674,5.465023149529293,3.9297703373580313,-1.7588700374874415,-1.833410343751207,6.90158727119044,-0.30151040853633776,0.9929977997350601,2.1824965963702754,-1.6815835566190205,2.635304478889454,2.316029549079135,-4.311345820344967,-4.336968931703278,1.9592191421707177,-0.5403452371095313,-2.273108501212848,2.074660658325894,-3.1875055276313446,2.8471290903651822,-3.2422067321885293,-1.0492432677151993,1.8293608060353004,0.19273407018807534,-0.9162069055199709,0.8863638228230343,-2.3651018132749337,2.7731231588679335,0.3277898588721703,5.832279656250464,-2.3320985869094444,1.3176142088054703,4.947376337966576,-0.7885024638229672,-1.1343824637418307,0.983732403551449,-3.203618046863577,-1.797539628717926,3.781042286701033,2.7696945959743364,-0.04516997170551646,0.04025215624754089,-0.10991843385356828,4.8312465736955446,4.919123915007497,-1.1035514343348232,-0.071586090583449,-1.4981687627705422,0.47774222456800824,-2.058966095267178,-0.6347479223035246,-1.0077687972509457,0.17337210358784558,2.2953466723345746,-1.3096179165964155,0.9371560063172373,1.5248597015391936,1.6234273500615761,-2.7740060920017995,-3.0790580060061834,-1.1615964272820323,0.786333228244704,-0.19938369400020084,-1.5630528473037446,-1.3722632673180277,-0.4818033882746042,-1.3325800262818759,-0.6932124779022211,-2.625818301304647,1.1787365352532817,0.054424138188596635,1.1561298530288404,0.7837070673221609,0.9807929748666082,-2.1122307037365893,0.4713806826690731,0.3807007174734619,0.14950973127041245,-0.9854249286004048,1.3129957487546937,-0.6228366502533879,-1.061409875728087,-2.400753163031871,0.27670587023306364,-0.5417761968204616,-0.8132505473788242,0.21518419460909782,1.4778258409612077,-2.2409369600914575,-2.452188665987948,-1.576259475958104,-1.016217172371178,-0.5491727488609627,-0.8094618502745183,-2.2808860855458795,0.6612107515173578,0.034703360948150574,-1.252529762091492,2.3547274292643965,4.02264643941114,-0.699799812128449,-2.181818113432961,1.2233901553763995,-1.868941414948692,-0.7678519106594139,1.9395217080566978,1.257793528038984,-1.5366641828585763,-1.194902727795996,-1.5783374393909853,0.9859318048294655,0.918447189424298,-0.6199751306761917,0.08421937619071647,-0.47730816517492763,0.19798805415407392,-0.32669475515791047,-1.6810889612560571,-1.0697594559403325,-0.2733657024071997,-0.24738408764902953,-1.1600602463821315,1.263147295853496,-1.0635313953277916,-0.02835573200096908,-2.1169884949412143,1.2382619806548127,0.6263196045939502,-0.9733429150039649,0.22425220049202615,0.08707978630135992,0.7991364753881002,-0.3454282900035035,0.15818655205977158,-2.156744789673589,0.68862534420651,1.691572313405373,0.26407817786936616,1.1401209974900948,0.4266382179243783,0.11683452085292564,-0.7405513212279651,0.8127184462690448,-0.9339793410828866,0.4239593949265627,0.40983284579298246,1.0958283042151746,-0.7012401864210994,0.46398524780960243,1.5419212469769976,0.35322274618126887,-2.3217074863711042,0.26863570599342745,-0.678381426268753,0.660483912488768,-0.9247068503331558,0.48268480214965664,-0.3027731922158594,0.3303502712995728,-1.6569575116208914,0.6405343371674581,1.3198130937584887,-0.9366969428371003,1.1233686529359808,-0.47191812345120143,-1.764580834209421,0.9823891191324029,1.0837081426909452,-1.298653097551609,-1.140268061028487,0.7202497971325977,2.745731089758648,-0.25768736600019965,0.3400135599596035,1.0811508061157808,-0.6786976546749388,0.47585876095600765,-0.09776175567150389,1.7862114330961872e-13
01ADL0010,-345.661320807645,55.039820921064994,-72.94034968390883,-2.818293823629505,19.038444859108502,-7.587512696815475,-7.8453112093872095,-34.57001202921662,-3.334910514293586,10.946042747323757,-5.557946662192238,-12.271255143884305,-10.304689622062876,-0.03717304795538403,-7.0012474670868805,4.138912853583893,6.5831969514341715,6.8220155505353,4.635962765920909,-10.182685446561926,-1.9976138667749355,9.882406901450215,9.06816610041582,-7.747898193304049,0.6942457823037712,0.04951607489674609,12.170958834804509,3.5383887860201235,-3.0244142067560262,1.5144210505734415,1.5543564443709763,0.7459157445286236,0.4868436338959681,-1.262842660452829,7.975699943983624,-6.820621296160334,0.09032501800082818,-0.3811791408414479,0.9587197142661184,5.848824037236976,-1.7629358700029594,6.47532953853995,0.20019624577389095,1.8519313758312035,-2.6473827658605504,-1.9747434385241298,1.9084909212970362,5.55868597012899,2.5183875509255977,-2.5633269992891856,0.22499654156896812,-0.4637924118246781,-1.9760178301086098,-1.4550049138005405,0.5661591361771928,1.2210002470240118,2.7852689226703427,-1.7927022966684574,4.435950298761334,0.09439901145752543,5.731842010268637,-3.0255085505258172,0.2614359688932829,1.9990731976878942,-1.8575194780901072,-2.171869798252636,2.5492705618039224,0.048388783187641095,0.7942830136016881,-2.2281179005253984,3.1272283617104133,-1.50241547135091,1.350617048328313,2.7852857860438553,0.6156061054105738,1.7302023059612726,1.5160975396096268,1.6374734293936453,2.1880043083663807,0.40458901639136574,-0.9550667485764017,-1.7353219313005426,-0.02372090624501135,-0.15313390307230837,2.51753300863916,-4.99126273979256,0.10489546372564855,0.6669241249341998,2.1480990512039018,1.4505295409744872,1.4819758813435666,-0.42316886432225753,1.0026090288678657,1.1975876040817293,0.3394794438835343,-1.8833067066174496,1.36532227454738,-0.6943864381611055,-0.01588675082423461,-1.5080162061389817,2.256934599222058,-0.31900189411872026,1.3095380573844275,0.9950831370868947,-1.1357761863235092,-2.4724802484527166,-0.8739366671805195,2.7527784497225674,-1.1240145692824526,2.447844813303852,0.9451666177583387,-0.1267717143629178,-0.9210401603753751,-1.29418488141413,4.045943441070799,0.421958871026431,-2.134528968723268,-0.7431204378735985,0.7157580998961554,-0.9706509185315528,-0.008906269346821778,1.56105644167976,-0.27140492219341106,-2.009278280460484,-2.537242042215361,1.174027276946561,-0.3876048775823225,1.089668119418641,-0.15888500539896194,0.5944290561407474,-0.5475016203822544,0.16946698838972052,-2.9197721042025653,-0.35914917283774356,0.8055760086168152,-0.7467686028875208,0.4618141568011199,4.169993140952074,-0.08021212593268222,-0.28839173363209913,0.8479089818577621,0.8108615015199213,-2.1903321952746833,0.10580818121883544,-0.24519514982978438,-1.186416697609344,-0.2419547649387332,0.34284930109021033,0.7838732865679828,1.6679630482877135,0.040140318016727586,1.071002509919925,-2.0444341973326825,-0.3214264317677502,-1.7447990070985813,0.6831835848344704,0.007166405504357607,-1.2120388780176299,-2.2368482476212246,-0.7584876300236367,0.08181238558819653,-1.0442676799333397,-0.1913376373730808,-0.06237263164607406,-0.2144908413279821,-1.0444604970758145,0.10665375717066188,-0.7709037290396705,0.24741082075360912,-0.03309156197829151,0.1634584709834324,0.8898749292809798,-0.39125226196569746,-0.20949700450356099,0.5154649632327368,0.6961835786896775,0.14327615904515306,-0.6739084028874532,-0.20467833081876632,0.6164746395296565,0.5537801386977848,0.6117954598465599,-0.3027921663836457,0.3393475119702057,-0.9831607976885995,-0.6242697209005678,0.3370143729456279,0.09363281079575414,-0.5980390563993971,0.5099072311887077,-0.030148131915698567,-0.12353702318560983,0.003725430087392782,0.053093807515208334,0.4887583433579601,1.7862114330963525e-13
01ADL0011,-323.957091033979,-58.03763748554714,-2.1527117979684913,11.178054230179496,-1.889866855454458,-6.229014070008716,-1.0876554050068472,-8.926826935581689,-10.825638420694967,-45.031767286858006,-11.517221474275937,-4.726886153250137,11.294429341117835,-9.19053574544607,-0.5075052234461639,-12.209623863408408,8.478062868446592,13.36477544621381,-3.967406750707398,-1.8545317395838417,2.8555831562509426,9.243093972205031,11.516436229963665,0.8089896367057615,4.716307030681258,0.5587427542265938,-9.745504661990172,10.260744969404312,3.9429448528402826,-1.6852578346290552,4.278010909753585,-3.352985223094379,0.7487007464770292,-3.5921393883057497,1.186736304735902,-1.7084935163754063,2.131330542728944,-3.00785570716126,-3.4312806928656787,-4.124735589445285,-3.1142004530892105,3.764115502419173,-4.020663006042811,2.452932072123685,-6.050905067600513,8.34652881686863,1.8054475395947893,-1.322138730816864,0.43938555163003046,-1.2571340630909889,-2.1673879342706974,-2.972092001724572,-1.2452906543038977,1.3896577238355077,-0.4303121755328488,-3.410348125800163,0.009404597247056813,-0.705607278853233,1.8604506446294864,0.02636882844854793,-2.203139365367175,4.63261573318257,-3.253925948397333,-2.658958068034889,2.3211945773886495,-2.870971771441283,-2.0614402215430947,-0.6847766678049306,0.7687115094037895,-1.9598132358114237,2.6513809634428798,0.9120562546812396,-1.8808401480056933,-1.1758907471682423,0.136094422005718,-0.4508534874174319,-2.1825251983625678,-0.021225944772549517,-1.19819484528719,-3.927015170672242,-2.4046499336193246,3.4538741965049486,0.6379402297286594,-0.6297041864382655,-1.2486199555092345,-1.9991199017290269,1.1083139934797568,2.734391929611724,0.44098543130271217,1.794394570037999,-0.030288806431725837,1.8259749474982099,2.3583366805007153,-1.4777640741386544,3.5585321675084125,1.9566825494565045,2.108379434447453,-1.9075516461193016,-1.0819007536818013,-0.7583699601876447,-1.8830681737576118,-2.1720342102710735,2.0177337756846834,1.8365152735422314,0.46926159079100865,2.863958084024055,-0.11307561843079282,0.47996245005125615,-0.11685284216642725,0.3589484568896312,-1.4358867344643984,-1.0864085692862129,-0.8863272476786678,0.9189023449331943,0.4066288383822631,1.520040393139474,0.358767507833626,0.6254226830122831,-0.33684434258767376,0.30644551412846904,0.7539558491368215,-0.9492658636430026,-1.9326083929154485,0.37966162107065854,-0.5625550195676886,1.6898972889235446,0.4804334280238417,1.3793136465272555,-0.0005268185986357212,1.9593475629300032,1.4682775953198832,-0.47192253652579386,-1.3766246930230817,1.4211705669972323,-2.054040762138799,0.5855306197163516,0.7993120916201337,-0.5137386329782709,0.11579924939315464,0.26547520705535316,-0.7184656462021881,0.015030348295156619,1.3725860501246372,0.10654555939373993,-0.1098068395327684,-1.0221269367394183,0.9329286334034282,1.4961962356600826,0.1317951833985771,-1.0022778648835988,0.9801715009263033,2.357664438337712,1.2697137008959658,0.8915493927609257,0.25542094116786507,0.6920129091036417,0.529631693823755,-0.2344524840121616,0.7710063067206014,0.3942679277399442,1.386572280888475,0.6897345698484656,-0.43342431145032656,-1.5958822265790604,-0.0515293370758341,-0.5813735777558814,-0.40683865438763883,0.8866154596277951,-0.1838266929989368,-1.1898954923328287,0.591797503842695,-0.18151596028115383,-1.7249298477220187,-0.18381405375896828,0.5270602126801514,-0.06772171265488958,0.4616088190217199,-1.2845851430671709,0.9221311932252995,-0.5748686118416619,0.7015658835938313,-0.11026815895771874,0.2174296046767699,-0.6082617582306766,-1.4327006100567632,1.4264510868982623,0.40085075073502796,0.24403054788668319,-0.32830827475382984,-0.8115412811515433,-0.014023649860738497,-1.016814041441937,-1.4318538555777012,-0.1587362898676498,0.34172179284504095,1.7862114330964714e-13
01ADL0012,-345.19489159060487,-36.54149797948581,-23.926713689010228,-7.032169458627919,13.084703109958973,17.94280997141506,17.6236807333009,-26.228454447540102,3.291245349339948,-3.218765397923058,3.9160216882168664,-17.36510823143456,-4.9129256654864095,-1.2631986677383267,7.163314210984904,0.9791604505210064,6.363145002513105,12.334568116012584,-5.42612989027285,-6.407312597397549,-5.508459119873361,1.7839094754331244,1.8532195288024056,-5.7805279456758605,5.770452878530727,2.6087323541119187,6.486374779174957,-2.82835598933933,-5.288093470574997,-3.1379533251269214,-2.617405563502113,6.2401554932428835,-3.553990985043602,-5.484734719621337,6.451303319985153,-2.821803664948081,5.929975198470987,-3.792469216918381,-0.8136472020843698,3.921853460984528,0.659027986169651,-0.783374781156527,4.203154431586721,1.0095431104476031,-1.7922904170103957,1.245870130662551,1.4206946362916624,-4.263261796453758,1.8883207591080573,4.074643272622274,-1.43164407336845,-1.9826011932783472,-4.794692436690294,-0.7662858743644382,3.2275878285371684,-4.377966858988445,3.8385879519790786,3.3109697164189162,-1.9545610138735157,2.0564762138801944,-0.14852966007701218,-0.9120223931943804,0.31663457033421916,-2.303236564438272,4.622833944954359,-0.34571738319175355,-0.28633621303415135,-0.3089053647786686,-1.189136081831638,0.855801337991627,-3.41681528737179,-1.7255403069764308,-1.9120970486976863,2.5630925637692163,3.0917261271684846,0.5364681303162713,-1.3362872725622974,-0.883023844427578,-0.9828636938099969,0.24952173703088884,0.39226886246904086,-2.126710158659718,-1.2829854943096812,-1.3062210574443855,0.9171324882848202,1.9887417367357298,1.9523262808937873,0.7124127094217196,-3.26235552325934,-0.9757962514009056,0.19746142098044198,-1.6364023265705012,0.6002900606280723,-0.2797935590577138,0.7523363353347756,-1.0653496292813616,-2.496704488761141,-0.30983007434199994,0.9674194447556602,-1.1490490066771715,-1.3275533411356344,1.4558959287442748,-0.7745754307973248,-0.32926206535686986,1.9333276450424137,0.1177694726157627,-1.5578237530332137,-0.6948845516680989,-0.21303934680619951,3.1263830007566122,-1.9371208608623047,-0.1569436252057496,0.5934416519153458,0.3988845476108735,-2.092062434534443,1.533276399186027,-0.7244700766076422,0.6053559422034547,0.6052239496055551,-0.6016779103963711,3.604112449548053,-1.1144583640329384,0.7254835361708409,1.219883677485263,0.5405884939363961,-0.5915615362414587,-0.3316104425991348,-2.77228348848375,-1.4100871722108852,-0.894510058376032,-1.927406747481878,-0.6335402916399985,0.3252385504691113,0.026981954376324384,-1.9162925509710116,-0.4825014395060983,-2.1188733047961597,-1.5972538096471947,-1.2798059029708877,-0.17295841434411036,0.9155833198825767,0.5750876246766313,0.9170447754417371,-1.1620924944705922,-0.25578164603645426,-1.8213492629905321,-0.65486060994094,-0.21030684284075704,0.4224264420659619,0.5257383103471622,-1.910024299270627,-0.2904953094723442,0.6038844628157751,-0.4934463024992974,0.22105671118139697,0.41638541307639687,-0.4688183083572643,-0.3224373108370266,-0.9089532562099657,0.12037981568639891,-0.3185400180650595,-0.03335148128009617,-1.559128001862103,-0.0687801596159965,-1.00652874258559,-1.221363478811016,-1.2683432649172008,0.2726752613997002,0.5348556269940694,-0.9385484080787334,-0.8562106966035191,-1.644203102794857,-1.0129586174856737,-1.2288078030003802,-1.594764782375643,0.3058543413025022,0.19122062481561358,1.4490512017304735,-1.192038150092622,1.4112773420102265,1.5801591475186179,1.272539102531794,0.4556607360922223,0.9922073060669541,0.8939405272194112,-0.10445466515401687,-0.11570530078515778,0.5849986741532391,-1.0549336876443047,-0.21244264337455557,-0.6891762111993226,-0.6856141922132114,0.14823718933755112,-0.2777840885675107,1.536102335015965,1.7862114330964268e-13
01ADL0015,-365.18283089153545,-126.9376869548386,82.87570314780426,137.79855769704764,14.694815316527855,66.17373874411557,3.941384450590081,-4.814301645129597,24.68243739038564,25.406354647920953,-7.803976444250585,-16.284063676430847,-9.91669280567134,-21.36406481581585,-13.001213907025598,-16.240738341657405,-5.251491202760183,-11.422691262388676,-21.606858635216568,-12.460390029064152,7.061303500379415,7.609202046488871,3.4225190091787137,-1.7330303328472494,-13.378884085253203,2.8441389181290613,3.79051977173459,11.530317694140457,10.421011114908978,-8.007543283760127,-13.565282439758192,-3.7903477844689313,1.0953199262337412,-13.373681950419734,1.736489103544553,2.356172904542291,-2.349890160626566,-4.537096078859409,-0.050360392627719755,6.779852892279729,-5.468481700880804,-8.56281574769119,-0.9910540811453837,-5.333956504836982,7.614186346036053,-4.507863486547706,-8.169883642136691,-5.9183841535651,0.23441215686688474,0.8348814773668105,-8.058232586245033,-5.400170234516906,3.7786603162698675,0.00647849177477381,5.21065858224343,7.04431569167528,2.376335915887538,-1.9401561966895624,0.7255126218418384,0.6424438402549552,-1.9601609961521953,-5.158236843710565,-3.583766466615263,-2.2527542780479353,-0.7927379185741904,0.2830592422383183,-1.0660021731065839,-0.3504240689164484,-0.9803368241629572,-2.82955845462835,-0.8584846177937545,3.54268698792971,0.6482504017099439,-0.9412934502711845,4.189544489172247,0.9736808402963107,3.373516820507099,1.641409353339843,2.289756790731936,-1.1294709839666912,-1.0877059987470439,3.08538431477465,0.6446669353137505,0.2952346935379512,2.8391496696646157,1.5135133328142725,-0.08879188437590176,0.8526707390563538,-0.5263796516619789,0.2947279008222325,-0.3920628477402552,-0.29170107318335226,0.3955384149866579,-0.430798187755603,0.2705230433017515,-1.7912891519403884,0.15556067377205407,-0.7032770907938426,-1.0584784371864595,1.0401043878122476,1.2618400853832556,-0.017956100635473253,0.5700218804942104,-1.1068099179254116,-0.2859952271262662,0.1883633459901152,0.4675819377713771,0.007131957397451832,-0.17776048238817474,0.27868995772363886,0.3585794222824793,-0.002596317883106065,0.5105501788164469,-0.08085791611045669,-0.9985896362932043,1.0954876146299939,0.4877697531778353,-0.6136456953982303,0.2640869819130219,-0.16852475060387354,-1.1870544689049218,0.4270447676940828,-0.10078145059613991,1.1320840043101807,-0.5724516473641682,0.08403028694883559,-0.1860716339946423,0.32767559276404845,0.36101301444975353,0.5224128607794183,-0.084401433043818,0.9788306991475562,-0.3108123731783776,0.16539277493157983,0.3980724504383251,-0.03963720640078341,-0.001190612425865853,0.3649954076676528,0.16933862804713237,-0.2812562482511368,-0.18680152905760536,-0.44297719068906805,0.850912567445995,-0.6247696332526751,-0.34819697215799533,-0.9444697007233628,0.011748052113669461,0.13461348442740395,0.1996941677007287,-0.29746398561524723,-0.03596775460823535,0.18110163087040154,0.5130851881439907,0.07933091933397243,-0.3034731449563617,-0.120416848324007,-0.308167330192727,0.29922509170008627,-0.5273176431533415,-0.27734368076061494,-0.05693633981912266,0.03817138138035839,-0.10725353549364079,-0.274617522897592,0.07698764020489515,0.47306499380999933,0.48690948794196487,0.1833681032201232,-0.09684733873429338,0.1520905380552116,-0.3295202852466822,0.20722264059004655,0.23277378804994556,0.285465718862269,0.17450637212483025,0.28959749900668474,0.2969025584463549,0.08467812131150272,0.18398435985012487,-0.25577773352669936,-0.308170305189911,0.13252697972138966,-0.21704821803393928,-0.31717973759416807,0.30847821384311336,0.2370326805858681,0.03033056289581228,-0.2195349669079323,0.2619387857419377,0.1689798530742452,-0.03972914159996093,0.012476593056143907,-0.018123445850370738,-0.03454418172431363,0.1517479766803814,1.7862114330964083e-13
01ADL0017,-338.60630005987747,-118.36864837780922,-85.80719624867528,-29.981253912775117,-22.880871171625373,1.5385635868418341,24.907016333734326,-14.922365858956766,12.868685359940875,3.62353021345507,-4.193087784149332,2.3838587775137268,-5.749549373908311,-26.851981105207273,-1.4364224141087651,-0.5580746868929307,8.206534034681408,-15.616456379109383,0.5193502341900968,2.420194537090109,-4.65668642902736,6.053122344951134,0.9894058846056535,4.66753185493053,3.88272516221719,-5.471313646624844,-7.567114903758184,-3.149082293190507,1.0368682372262676,-1.4530057602356863,4.993498514614356,7.370593717581719,1.2091964142046119,-1.4238187038264474,-3.7994999260684947,-1.319573667231587,-3.567358552724725,1.7696989764126665,1.8424946699227291,0.6078923368361102,-0.7968309080774454,1.215012738823867,-1.7392878483097687,0.6408975997115792,1.9418996307544583,-3.9690918479453474,-0.16609066984295337,3.3849578236769875,-2.504535208456294,-1.3974957309389873,2.778457469993297,0.4232571328486168,-1.3062099441668766,-0.06101331346736224,-4.321216634005434,-0.5276442066901489,0.5693327173131992,2.7320836061481333,7.02826562678159,-1.0020834792781912,-2.293302216347626,-0.40845614851464895,-3.2465350962627464,-0.23737796030966185,1.648085721930056,1.6989620502103864,-4.058638225369857,0.3272507430014498,3.9441691571047395,-1.326349770418594,0.028636163648297026,-1.0624605695622948,-0.6452754086755784,-0.23745972123672252,-0.48952220909332733,-1.6143995160009479,1.3464544752389427,3.756492791101856,-1.142239944692758,3.4415605113399774,2.9880722744906487,-0.0833411669954723,-3.269815651397543,-1.0108202221991465,-0.533808166356368,0.42250658345032116,1.1701730250098445,-1.7712902950105431,0.818454435522422,1.299530200515906,-0.48908759089837994,-2.78756569740729,1.9365422454020145,0.11232653784775926,0.39255423070967627,0.8096517944930807,-0.19705724734376523,1.0338716226381466,0.2962078516491967,-1.62996307829351,-1.2510297036964884,-0.0016288711029070087,-1.3377277179348057,0.4618179285695951,-1.0754939215091863,3.0922315818123898,1.083470425683243,3.2064900306746997,-2.497870546870787,0.48016065299465427,-0.9660529463234989,0.05854113804844185,2.2053498648106555,-1.5776291454311566,-0.8797419638926174,0.19378813825107186,-0.546386099142022,-0.49821366222034086,-1.971406439474971,0.7552820896775484,0.6893167956039166,-0.7000405054505378,0.9924306404679063,0.2960926815206641,-0.5198670802561637,0.6500668373993834,-0.1899074812923432,2.022039058120595,-0.1053929972914962,1.6628965249507581,-0.16850148153511238,2.216169217952289,1.1513621449362228,0.27781585659159935,1.341937315275536,-1.0014276689660284,-0.7399285794323448,1.734315327434643,-0.405405659100439,-1.8378441272892088,-0.22171658724844961,0.9337191638965182,1.1548222488625433,0.21064111035260516,-0.33086593634218614,-1.317912792789516,0.024570327861182184,-0.5346201429195092,1.2073564353201023,1.3773487086824765,-0.05695085085212571,-0.39183453828264236,2.403594829108279,0.15804983365411146,-0.33928888247776207,-1.653019969382093,-1.1558793710879092,-0.24465943283184421,-0.03993713721225873,-2.0052737354494,-1.0673490824234328,-0.4163371463810061,-0.7040287751509117,0.7864505284758415,0.6696159965625308,2.0756032265037567,0.0960391502560927,0.7712752409761013,0.5602988090941577,-2.699148149179072,1.0792078337761384,-0.7889691598315433,1.542452503547404,0.5712356409581689,-1.3192923333616111,0.16304715980089504,-1.1743565781920922,-0.2020545307593987,1.1909200089293752,0.8372866041216972,0.7751254778094085,-0.6039210552911604,0.13162199136851344,-0.6606622596588035,0.4405918420122039,-0.19780581334174963,-0.4790495702748167,-0.13878399114360696,-0.33250637626079566,-1.1779833445726333,-0.16848977653806263,0.775343323475172,0.01691908978870613,-0.5087411592348362,-0.15668474031338844,1.7862114330963586e-13
01ADL0018,-345.6883826286686,74.70883208051688,63.08194548084641,-43.47075352984263,48.68502410365126,-12.580674903373971,-19.816633936878365,-50.354208836712324,-37.2210190161265,7.035501486312315,-2.2534137591006083,-4.195523227043134,-6.518288437432499,-2.254841282565397,-11.490218553976701,12.02789890871171,-12.529265468178695,1.6656030181069583,-4.687176335099276,4.025442903261805,-1.032877298690824,-0.8334751416290841,10.376978478864661,-9.22459208932899,-2.1942139432066283,0.2765170499804436,0.29389951955050136,8.726044633039777,-7.691503394849319,0.5348018701885726,5.2041888506322405,5.28073152499745,-2.9736002408880995,1.2314021821964711,0.3101788728394182,-3.2016293542275416,-4.478663095949031,-2.368183146735882,6.140951822487935,-1.9915477545061504,-3.564978461404917,-1.746376948348698,0.174293808370291,0.889246931514373,1.1330920345818158,-4.255385711566839,2.8552853723953846,4.373137690271986,1.7860427051911798,-1.2250301268221573,-1.9538860598187253,1.697686152175586,9.416033430398175,-0.6853666885062969,-0.6984049943998949,-3.5126914885730214,2.35921359597237,-0.14855755295089407,5.645271523079714,2.153158671917588,1.2841876589954688,-2.5041926521207567,0.10819351278150383,0.5458541865678048,-2.439159555711008,1.034127917463128,0.7373975925359233,1.0335145453099763,-1.4591416578591179,2.7255614320558994,3.9379944429611844,-1.3529733276753815,1.50076091260316,-0.01311794867753016,0.9607424364185245,-1.2265097890017693,-1.2059464105005815,-0.4049392710454938,-0.27441756161917946,0.01280257177334425,-0.6878442898805628,2.413692551758513,-0.29763437131666803,0.10371893299596616,0.05951670021943217,-2.5918138963352697,-1.6155766557452356,-2.557741736502719,-3.4851825091461555,1.1423977993337684,-5.080963400080504,1.3335009626431007,-0.41731171711003606,0.557867679372511,5.121329178013355,-0.12780761015906772,-0.5545488188608075,-1.714163675674929,0.1345099400337035,-0.33975190167584796,0.440009179896181,2.3103341578310452,-0.8626919052952151,-1.5486547065738059,-1.263997895461628,-3.376179733074537,0.40044923112875197,-0.37167402417106293,2.793102586927383,-0.510876629524279,-2.216651684335712,-1.5815865932000104,-0.7255152019571395,-0.42704877850228784,0.5425953020055677,-0.5520521712117687,0.7446128722562254,2.2225391804842762,-1.0257293916071777,-2.6995481248361797,-3.367874910476138,-2.1159312714150613,-0.29445248835786353,-0.9938926407670141,-1.145513813261409,-0.5063817845336185,-0.6605614356579084,-1.1011588247906439,0.16529209065205755,-0.7711534161531264,0.044131571586230704,-1.2613044832321554,1.3303273639249185,0.4462533064107408,-1.0808443529376217,0.8312583401678338,-0.1480763467213346,-0.3328916072511357,-0.20812464535110445,1.382400027194272,0.3671056284174006,-0.7172522408550657,2.9481930582967353,0.15909662682378048,-0.44460479507434525,-0.1445585026146142,-0.6346172127980569,-0.46679075016125976,-0.784342671027114,0.15045609611436891,-0.43721610855710646,0.956731754570221,0.6729672827950994,-1.0780939121294908,-1.047328471914158,-0.03398671536906853,-0.9156848245534773,-0.05877882226126026,1.432651379502629,0.6564082114210278,0.3476012089096216,0.9412435465606349,-0.03692588953894525,0.6457859862622366,0.7380731457643736,-0.11020567477531401,-0.2962383953998511,0.02134542915058885,-0.6145677308804451,-1.3834316864049416,0.22031064304264078,-0.9376468308664936,0.44107602252766664,0.6690009011261372,0.13272491172247988,-0.3609535183807408,0.8069020080473301,0.8878801677348336,0.01863918949384216,0.9288588162891376,-0.21320571582803466,-1.1198609934860526,0.6115017675400792,-0.2826506504656271,1.0098533275449213,0.05213429310151432,-0.2329795947385582,-1.0664524557109794,-0.07232359787210985,-0.4197197171425153,0.32383799491267257,0.2719327021724061,0.20577173591235493,0.10803267725077409,-0.05108394667907076,1.7862114330963715e-13
01ADL0019,-354.40561803403693,27.744862668525407,-34.87167018482254,-30.974404344173,-57.24240098444765,21.446531334143497,-14.900922050901153,-12.469268861895166,26.37093055700496,1.0970928452257667,12.155008862599482,4.330916696793626,-12.248287816987679,-8.654095654781601,11.438630005487354,6.232102921738543,-7.826785571218404,9.795766309933017,-5.801299635212403,-0.11266789081029867,-3.396026798979536,8.309640988856192,7.825575377865998,0.5041951471827931,-0.8126052171773217,0.36636297937138096,-7.796168520553491,1.4261301088469884,-4.6116318151073905,-2.9468826376389536,-3.3115673460612998,1.4265520629529669,1.3636746270841198,4.131173306885995,-5.640275191066998,-1.3868266980504154,-1.006995660803194,0.972846796327905,1.3178122689927307,5.354833734435024,-2.491650227371115,-0.05288691925682474,-1.2657869970000826,1.422012345368979,-1.2117872713278224,-1.474936864994954,1.3308859559769113,-0.5708533836866347,-2.2629609075737585,-0.9011370454289275,0.18732370391799075,1.7008809523734596,-5.618693360330617,-0.050103855782882914,-1.254917300984483,1.9405564441344787,-1.3043804392646552,-1.6396196186601555,-3.8776616220137434,0.3645881873971281,-1.4276565034123967,1.9873740229643466,0.9490530714291224,1.2836965011832178,0.8110686444468542,-4.253619872430917,1.5586692011153767,3.1874490387493735,4.471617691850648,0.8187689842392645,-2.1073131864803543,2.2372846785814255,0.3594103051210028,-3.8690678037412183,2.5516747845339447,-2.4174341017246936,2.2861959401432195,3.3986115700719015,3.3504265773538773,0.8872118533276883,-3.9034041173852065,0.8933207633328268,1.937445276470134,5.124846039234111,-0.2576048316010273,0.5494801692392578,-1.0800835375908975,2.1947082698892175,0.009892570176746327,4.02765653192215,-0.8236235503087516,-0.07710761226968876,0.9312122888492368,0.8847006058382337,0.07221841459470113,-1.3287880507986638,0.25792386453564414,0.4264900733299924,0.9070092181157164,0.5673668096011655,1.4666804286047423,0.6149143470350399,2.331979512736946,0.5051883999840664,0.647803202963468,-0.2055715827036999,0.15991593979881932,0.7740872509761672,1.255462264158604,1.4001265726384111,-0.5985810646386506,3.7135753729144025,0.5970408912988204,-1.2325725495961422,1.0115147296166604,-1.1838269079644523,0.9727276528220639,0.4227489188767602,0.4315751870399778,-0.184912571739366,-0.14724324756191562,-0.38993717437080655,-2.7501370610781146,-0.3896559701987035,0.9845094304347466,1.0920343348908763,-1.3670612432413531,0.5515526713874207,-0.23820328563314253,-1.0951527415379876,-2.62357640961014,-1.68849205093471,2.0705718288605555,-0.10517557093203492,1.8929823220267936,0.2504727245296392,-0.9509038306107411,-0.8756779168105102,-1.057920340366806,-0.4854550131685546,-2.013665080311343,0.5676967188712966,-0.11733143224309611,1.336208180901846,2.0523638556628607,1.0187690911984542,-2.8288853246538728,0.0414037477792135,-1.9058320343294255,-0.14212455571861965,-0.5542979361899814,-0.016946380712401968,-0.5671646311183526,-0.13318013197836243,0.4958361193696619,-0.442971864053624,0.23573878066938528,-1.2355728568511377,0.3076552431841644,1.7004064507016075,0.16835496090646027,-1.6598886516239026,0.40579398304704617,0.4580834324289058,-0.5768010206443864,-0.03040039144279052,0.3302853553576673,-1.4412070616641426,-0.3007466199271483,-2.125410300735499,-0.647358294139002,0.08846890457102988,-0.2877054126202919,-0.5621390902134636,-0.37252578939343123,1.2041725618884145,-0.9751127255436843,0.7286639312751811,-0.4754237185891482,-0.5655503093169161,0.014073801539520071,-0.4498703281174719,0.5694449266342345,0.8949106341467749,-0.12736442728192265,0.9777751985514614,-0.6448335410600261,0.06064296318040983,1.4315317878112797,-1.033979936033519,0.580724575509275,-0.9181728771160055,-0.2294879667592543,-0.1487320108353992,-0.43669409409757726,1.786211433096337e-13
01ADL0020,-293.6768379322207,17.675082992377387,-2.916628833652501,-43.074306277990146,15.101901122174377,-12.397660035906116,-28.507301789295962,-13.141608211729178,10.981780728787525,-6.890072421965281,-30.165448265523008,15.326070493861588,9.362764828418396,2.538689236687961,13.311345791975425,2.637007379703133,-10.77554339121117,-7.979399059188669,-9.45551367465058,6.597558080075807,14.621015536205498,6.8118586081789605,-1.6745902868785945,3.159612319448275,-2.214174866598273,-6.594292867841416,-5.650154983094337,7.594963302741165,-3.5544076542234455,-5.395913265386991,3.3022553347040824,8.095934071263185,-1.4687485428347231,4.161547372690746,-0.41006763215462,-0.9023690772418704,3.0800701539941797,-7.8953322731464395,-0.9250704173651793,2.5522624930078845,-3.7523625682363404,-2.2859042476042175,-4.81186243168588,-1.3537359551093282,-1.9325866194572816,2.2424974374565463,-0.9006975055191765,0.45417823688248915,-2.9059542244619347,-4.958930004138237,-2.1062312704381148,4.798288346324393,1.6370618653290199,-0.5239295938033333,0.048301162175521585,-2.8342749655911152,-2.126611619488432,2.059679627691507,-0.41883540615351805,1.2827147673946129,0.9707247949333633,-1.618643777285458,-0.9162122631266989,-2.3888986770183,0.9858289005991681,-2.6514538998843853,-0.5553121244261094,-0.3441772564628037,-1.3912409707221187,0.4101571861879201,-3.7225340255127803,-0.7934937082158969,-1.7808560780139677,-3.0717835405417397,1.9560139436816781,1.6329649661812622,0.026178075453535597,-1.6598351654864674,-0.5992913527012582,1.8317085395158434,-0.8809796710675453,-0.8367919676511368,1.5610139809106507,0.6620529364394806,1.1438484950940986,-0.09242880561935483,-1.4943489804863093,-1.768901236707205,0.655616170466245,0.2805939952005918,1.8490241853381992,0.1161145072881543,-1.9403364237570762,-1.3114975076166568,2.0728990521482347,0.7440124932576081,-1.7079225031125207,-1.0812122148453587,-0.8448096546386485,-0.09801894671033225,-1.4395686409304163,0.8159027559956915,-0.050771758034122455,-0.7345740823433735,0.8353482302549484,0.43127815002017944,-0.958342421726508,-2.784388754723116,0.7187172401561814,0.05273993715521412,-0.19155719786656472,-1.0164337380275927,0.11491012526604806,-1.961728304557827,1.9295629960671294,-0.29156291921246663,0.8396953511517254,-0.48821365148880136,-0.9419312371451812,-0.10499660159050017,-0.3195330127199287,-0.2703130480312937,-1.2778317848559788,0.01582126122457471,0.7285777854963705,-0.940792158309371,0.17836329492803982,0.20605520094968544,-1.3770272505024852,2.2779377149649047,-0.22047768785221297,1.052407046784267,0.5923717772787617,0.252865377988849,0.4260507025938157,1.1038625086537994,1.7802336420152272,-1.5599812332966378,0.019318082866008023,0.2578306924995907,-0.37506462101187066,1.7959234217114326,-0.9581147836297057,0.07510455865206404,0.3576790867731217,0.2783797424249102,-0.7413236328164949,-1.7217432777760155,-0.6856482314291963,1.1918199742071105,-0.32701512136856553,0.4704862535942769,-2.1123923717131743,0.33652166278740575,-0.8319058513679988,-0.6385630409979567,-1.03153154333474,0.8119020318895849,0.13658876707624862,-1.6777976024057797,-1.722925280866322,-1.9706425606875988,-1.5579976213750306,-0.9713083169487989,-1.9344453283825271,0.16968920270871485,1.1727102572327233,0.8530325759709287,-0.5445008986919122,0.977696392548191,0.6962824881325468,-0.202044336659831,0.2689115848415858,-0.9568812936778996,0.021273204671930685,-0.34747706399971473,-0.07429082744310918,0.23286492129178005,-0.36080899471026884,-0.5316797419109228,0.3077623148870985,1.570852948759766,-0.9245007598238136,0.20383233528757377,-0.7996876714503118,-0.5811731025667422,0.38885239837476165,-0.3771272503190995,-0.7080296178761694,1.749129169938711,-1.3106280097646767,2.3655728593309124,-1.8367765042026023,-0.8699229689444271,-0.5966782405851306,1.7862114330963732e-13
01ADL0022,-303.39117624466,-25.81468868872849,-38.20818521910748,-26.20374477607282,-23.676523204332824,-2.0341162342854036,15.515986884749264,-8.974465483914901,5.442858992295539,-14.811918660233244,-12.39665221774183,-13.485195984501608,18.134597150029258,-3.0538401408295615,0.25118243230015397,10.313378007841933,-5.405886497051892,-0.2820981739594017,2.9530864326086776,3.2976925780909445,5.4570543682905885,6.6613447393648215,-7.051360683522363,3.9654151812041105,9.083258944985241,-1.7224749885161554,-8.79511644460025,3.7903780418907562,-2.278076076609088,5.830465126635021,-3.803453906173001,4.4840815878124225,0.47076986096164136,5.005351322026072,-2.165037692878995,-5.136675490629952,4.544531377369845,2.7438470907089565,1.9108627984167332,1.8503444074399378,-0.2764745643843839,-4.344444473296204,-0.47735412674379263,-4.627453860664682,3.7524561686158786,-6.737637307328495,-0.7974857046559375,-2.33311327151446,2.427149759422461,1.107917762465539,0.29202879884213495,3.4479463435011355,-2.574604887559052,-1.2794162172974735,0.4699574449716191,3.3274633870806523,-1.1197139232258255,0.5950802052617146,-2.0723612907449533,-5.392229055929787,-0.44132478294712146,-0.17969498491595598,-2.584792650481857,-1.7652131216072362,0.12394895228151889,-1.104254989817555,-1.3329874765288832,-2.017410776637848,-0.03609772931453491,-0.5248122119276813,1.0631032697842877,-0.6562235960221544,-2.775333298600655,0.44834790251571577,-1.2576083564554534,-2.3626578443487087,2.0467385363399253,2.2492107196896045,-3.2057962449946564,-2.3358579541844544,0.24022938143400283,1.8765968455680857,1.331615986970341,-1.1106150363131975,-0.808672641749916,0.9684962273323415,0.6313244334191739,0.7344143001809411,-0.16813806902291384,-0.2452109744905374,0.5644816965111977,0.42711924290807296,-1.1805657889817593,1.0199395383299672,6.524658138324541,0.6411776066609951,1.323685587778247,-1.0766823633070948,-0.8846268438323602,1.5896767251503097,2.620125061701521,-0.240378369225714,-0.44824044648862316,1.282103534370283,0.6276611688015558,1.071916798441561,1.4806702049356855,-1.2856275153672299,-1.6842903791648538,0.7835889473732163,0.8815893119497131,1.797594949191045,-0.37821321778512046,-0.8864800804604221,-1.3742284364321595,-0.587744983383632,1.0105823172711452,-2.538567376099495,-1.9251378471970777,-2.7485851952068767,1.786708316493561,-1.877682645914142,0.09437932054673664,-2.245006994669764,-0.15868576948127996,1.3008899781069077,-1.0502067766595002,-0.19882693450306055,-2.2535655873831626,-1.104612689884556,-0.010024434127610973,-0.0607061326364825,-1.0338474142150262,-2.6817707902559205,-2.4529059390236965,0.3934342581361927,2.5590316375577276,-0.21058068704506175,0.5603957255847823,1.0599366193903483,0.10281148559207033,-0.14561456930313435,0.08035942727880185,0.5649672371462793,-1.5265676866178068,0.5744236819572632,-0.07469345274652522,1.0673407180788497,1.2154297180156166,-0.6259367420044585,-1.125154790096039,-0.09201436745673543,-0.6699766752782899,-0.48988219949570055,-0.22492622231712106,0.9536627663287967,-1.4747772928726175,0.49643879080962255,-0.11112753818549093,0.031970937164138305,0.07148584462880456,-1.1118536039370706,1.1907573042151751,1.0044763812690296,-0.45496446736373214,0.2255647818516911,0.8169457477204101,0.20062146363697697,1.6297110439831117,1.2242644015310635,-1.144187454757667,1.3614180808529572,1.004485521871875,1.283609652574335,0.4845479602477992,-0.33113313453515114,0.35252089154263894,-0.8417431508479389,-0.8309372499201714,-0.12472000483378823,-0.3504463076184347,0.21756235671502067,0.2895214537592725,0.7328313353592317,0.7562545954358203,-1.4888925980340155,0.9035704637246621,0.4556829403314708,-0.7802356393430425,-1.2281567389956356,0.7873312736078301,-0.8865926363513231,0.8031651601714708,-0.011855365978373673,0.6874529415967352,1.7862114330964151e-13
01ADL0023,-323.07123646524946,-50.546601953460645,-65.87816444264153,-3.6484033049906794,-5.962478596664304,20.94665570777083,-15.974132458942996,-25.491765462790234,4.104287714473576,-17.810797516986746,10.919605561938996,11.572721613963031,1.3961119870114695,-12.797197520868435,-3.953215747791694,10.89174861285788,-2.1350286513529246,-0.2587468958945478,3.896946483334581,-7.5451685288401205,0.07703324837306322,0.38788544699120225,-1.3991317045299398,-0.5519708381942645,3.176536789265203,-0.6109541698708214,7.094368788997266,4.847711875979193,-4.933778986115256,-4.13385242093489,-2.739474051637147,6.060395719640896,1.87158333200778,-3.704258857461783,1.3946607905646111,-8.264258738022134,3.7864893345784845,2.497944632581664,1.148327788797449,-1.4192359473786644,4.3648035679112445,-4.801899542841498,-0.35436033402718714,3.2678007298179885,-2.09790592566337,0.11130372205310446,0.8711853080363238,-0.5511261022611236,3.760874224135736,2.609959961207864,-1.3304660392892673,4.201689611327251,0.6206445228282362,0.9255157080941538,-1.6110275169740644,1.4852018425258426,2.9252473788500124,-3.88220259122523,-2.856692489137726,-0.009518878545714616,2.598833163492885,-0.028702387659069593,-1.569307639405341,-0.8544049884109473,-2.378127912109747,0.5097733446966465,-0.6802243353260136,-0.3644959510535967,0.30953887502320526,1.1165657749817586,1.9201692148757352,-0.7288499068581301,4.408866886501373,-1.078909473638192,-2.0151578640249936,5.759714583007179,1.619458144600283,4.1046268050614785,-0.13394872752060508,5.169121596134713,-1.1595924626590173,-2.7654122932206513,-0.3544363225517347,0.6383167045822146,0.524013125821029,-0.11332944009082295,-2.4871459683340724,-1.2984556927889483,1.0836414833954437,-0.1869345765150458,2.311668721759924,-0.07651591163774903,2.0871211392187496,0.6119564261896758,0.12258863519523455,0.06826866133939001,-2.0056594243999597,0.2662602027033862,-0.8444192776515312,2.4814566539305765,-1.4997505249375984,-0.8051589586940473,2.62361729754778,1.9367380019909581,-1.3490433596443152,-0.034738779851429216,-0.4996237131640518,0.7326760073551606,0.6848240876679741,-2.928067998741562,1.145140457629964,2.0876467356807495,-2.992529712350139,2.5409760493339517,0.9764110306111513,-2.3152921655267766,3.036477433078023,-0.5785394049290685,0.1448534052560332,0.5602464783689699,3.1134985745760337,-0.8664078872194386,0.3324140228004418,3.116163644025386,0.41497892465045405,0.9173376765122949,1.7653256218164637,-2.0018686166081414,-1.7609645365094158,1.4498137001737088,1.5976951557679575,0.21231767478559335,0.56636695896218,0.2856102348799878,0.07437486334422737,0.08452926033005162,-0.6872579225805803,-1.24918403490269,-1.2301704600447614,-1.6766453015458724,-0.5729642099843915,-0.8593810760336973,-0.1826901899845001,-1.5470680241345955,-2.0228943844591014,-0.5631661355758795,-1.0540585639440163,0.14085504061298865,-0.14950086833828594,0.52544499107081,-0.173267310520052,1.5208334892381299,0.9944103666247899,1.297925864379593,-0.20415951000235524,-0.43824992564471754,0.6362980812636331,0.6649212878793018,0.8100551311283226,0.3082254796745898,-0.5343725042289734,1.4521011854861934,-1.3416601445421787,0.483126925440407,0.5913683609868874,-0.9312600498368132,-0.37648448401023693,-0.5958519995315918,-0.7696040419197764,0.5571885878345636,-1.131703440858568,0.2955287541204914,1.0424647969072012,-0.6582854142836322,0.6893155972148101,-1.0712505137951074,0.7181664145291986,-1.9618184413791944,0.26854222739118,-0.5501031835350131,0.08018080835709258,-0.5830679152013,0.8540054111547923,-0.06021934290853771,0.7550253777570325,-0.1703624654229225,-0.11257513307799809,-0.7953025926557427,0.8466822642907886,-0.07304867121201253,0.28058102282845854,0.6578718693548893,0.24040253513458276,-0.12566925267771192,-0.20756943332114927,1.786211433096424e-13
01ADL0024,-321.7769087652001,-14.576411630256509,-16.482847226620795,-21.8876826488788,-7.769366579900224,20.02705608181529,-9.1504587342113,-25.330012158076613,21.021533224658832,1.0637016917916076,-21.77903853245276,6.2347875241017,3.271527568619074,-3.127826733694358,0.7063376048225791,16.777831679875035,0.33939860629694757,2.972474057803575,2.2722120649136257,5.074968322146637,3.6029150596324815,-1.4260508906111917,5.012940958728002,-5.760434158818494,-2.6365529412409288,-2.0668387236073937,-0.20097537848377425,5.9655037549521355,-8.8613926891734,-6.942063523466837,-1.1955178676005764,5.529383599074459,3.062610098765177,3.030907242774707,2.229495911032844,6.304850907092938,-2.104150277346988,1.636027929524487,-0.06242475543057694,2.4853180083984383,-1.8637159115067814,0.7672079535855804,2.435648814893082,-1.1134784283263308,-0.8572861659805204,-1.3584893088509122,1.2830060560673453,1.2281583118065222,0.6184557093589078,2.738761928486763,2.2977691675268384,-2.9304159109682386,2.845343259498782,1.7161680420188943,-1.1281167447799902,-0.8910320671720069,1.0588447748375993,1.3042029656258605,0.6972284648950012,2.39221837574165,-1.324822173262997,-1.4898566545753165,-1.0275418593089731,-2.2222863100427093,-0.42276214130158174,-0.023909601315739656,-0.0816546284771779,-1.371958302961546,-1.6011226395320939,-0.2109098351104585,-0.7880136342182104,1.3239623972681294,-1.567920356022207,-0.045138109076073386,-3.6932163244969374,-0.8416067379755682,2.3215146984993886,-1.064584975730648,-0.056581766724804944,-0.43992747251256764,-0.7718957389505738,0.6989963820711316,-1.2164532781652964,-1.8994503599251948,0.09107872729524767,-0.21446731682199777,0.7493547195814763,-1.1935419392115547,0.9099591795999438,-1.489005305353041,2.549852929791243,2.0568432887600165,-0.34578213894559745,-2.0949049606942283,-1.8414782365490654,-0.4092513497334844,-1.4888200298018561,-0.8458394307383993,0.7776098739933462,-0.7093330081088862,-0.8976621712062085,1.0660006029519928,-2.2662821830789466,0.8799036905243822,-1.520863704884981,3.0277776796342177,-0.4142270302051312,-0.11299274099741329,-1.2401915793283265,-1.6560912557570673,1.4328304404557726,-0.24315285768918293,-2.8077560768064798,-0.07731043545064097,-0.14262030719248067,2.6528100538274897,-0.18930724418191713,-3.2182229252500676,0.5385754097674232,0.9246031065742626,-0.47699681518152515,-0.3547986474957297,-0.53498257674392,-1.398546689958275,-0.6778405508138818,1.3665139451251613,0.10972988876677689,1.1091290983410804,1.1715903789740167,-0.032030865343580836,-1.4341429868143674,0.15364956944992392,-2.1336337675904256,0.0762293758365909,0.56765203699853,0.055772631565479715,0.6622001398904576,-1.2183204531179825,0.1511983111977596,1.5053906906356516,1.108351278662613,2.4113292131658404,-0.7167243088775404,-0.5078734176925709,2.8937385793232897,-0.16688074171539918,-0.006275201052507897,-0.294380095455741,-1.9109293626285304,0.5855613388419714,1.660943631189338,0.8717414578424505,0.016081479825301177,0.40292140654682984,3.2126047077712245,0.1880949842749779,-1.0176668071543389,-0.1702296988890735,0.04621378881764154,1.4254847837494522,-0.43741866047324973,2.153559728015408,-0.6949964079246792,1.0903387698307094,-1.155861091027082,-0.5901827160657913,0.4920830726458753,-0.7427354129000087,0.4674164266543698,0.7457071858806568,-0.4866912418098789,0.6250997477426518,1.9492460526855413,0.3141930576377309,-0.21754991035657636,0.25416251367788695,-1.2458748868800695,-0.08636574862284348,0.6159697852982428,0.766920460464907,-0.2051885372998776,-0.9607761865270315,-0.1524078290341485,0.7572415102493405,1.1831086285047494,2.42276315575265,-0.896172484938104,-1.6797304585003983,-0.8646025895009305,1.0837755350829172,-0.07441291321924065,-1.5392776105428145,0.6883740135212489,0.5410925759643239,0.733461391016361,1.786211433096428e-13
01ADL0025,-338.05363129793517,-60.62983426496005,-8.400840237170717,-30.276443927256754,-37.68496197197627,51.530961748186236,-25.496407637909567,-10.007560356035263,10.70001876596565,-9.232197062935334,15.196510721982895,-12.285325350845108,-10.816131475770478,-0.23967216216292708,5.97552305771794,4.605863012713027,-2.2403395964629547,1.3750592393113377,-6.744359791552541,-6.329550181799499,-3.5589655519346715,-6.406174334751404,3.0427159299960524,-3.82173180263647,1.4668369001366002,0.5019134711325519,-2.1961619657057776,2.5846911094925415,-1.2282243981289898,-0.6087943415282687,-0.5491971219020567,-0.06508332017047634,-0.8638042015762619,-3.6850637073324046,1.2644917574261594,1.4677435535379353,-1.7188683782380632,-3.165011188200505,-1.7007555865707948,5.3306681236924724,4.131888389840758,-3.8709438591249166,0.17942483858678152,-2.9589959778024255,-1.48460842491102,-6.835199160441568,0.814149683727183,-1.3280224419631106,-2.3177882651027777,2.742180030634956,7.039956698879412,-3.9181559869480593,-1.7328873927141977,-0.1393594572079536,-2.9546491167620497,-0.5614693823471568,-0.7063905356530604,1.2323339467169567,-1.585584308792349,0.793916362426941,-2.41449005794745,1.199837310590686,2.7477995292095705,-0.1708163762207035,1.015521794519405,-5.06229077555899,1.89624655231866,-2.6252413459151565,0.4812614135985048,0.9998138167242321,-1.7429421220571508,-2.127359470292401,-1.8205311926774106,1.7812458064725947,-4.013741640619286,2.6998369517926983,3.9758198604024506,1.261177483177486,-2.2025533618210296,-1.0817677319042012,-0.42999689991484996,4.332735579788857,-2.0565246239828574,-3.067354537317109,-1.1569701087269477,-0.7538697789695021,-1.850246718505348,1.1730721208586907,-2.6694753616916347,-0.027256107995210985,-2.8569276164592616,-0.6510521507692832,-3.008732831794331,-0.511576004708078,-3.1593189407211417,-0.730018089974214,0.7187612080737196,2.565047696142349,-0.38329201503721505,1.1752553242456643,0.989262956453745,-2.153408748480455,0.9372780510909194,1.1209773138399373,-2.0363013046018104,-1.9367916715070097,-1.5540694578688399,1.6132794066930258,0.5137667335121134,4.043436179532697,-1.2773766190851648,0.5406743521102149,0.6416997455614599,1.748808675214391,-2.623054710404905,-2.8250066913301777,-1.7042437335276768,1.8152076226473386,-2.44244582659865,-1.299954802870092,0.28868084529988886,-1.362051894467912,-0.6990842685444707,-1.8727103667434353,-1.153665952900198,-1.7745286281588184,2.726009328620736,0.9947811793129043,-0.5143050820658132,-0.29754691367320474,-0.8067181122313227,0.25019328764143445,0.4566238548740881,0.7113694973249095,-0.9703021815611661,-0.7340457439227729,-0.05636574007634272,0.24139059975407334,0.9826812281380448,0.7636521551254456,-0.13265529314493107,0.9846921611149837,-0.9194272644690619,1.9263264857021405,0.22527201605322245,1.6526302997439866,0.3101895335214555,0.1033715080837813,-1.1209931285500678,-0.9679619248372823,1.6319801955646431,1.8050460992325388,0.40333061310282803,0.06670358753158746,-0.9984855353400914,-0.8725151635617842,0.5880617085223916,0.48397504266865343,-0.6632155543694103,-0.6212053099352095,-1.1723430165295763,2.0801772240529846,0.3102810392896577,0.23321962667508156,-0.5386629728198042,-0.44506408858042534,-0.0028588979782408533,1.4057160016450412,-0.07385498160914389,1.3895297416282208,0.5937639619507257,-0.623438069595097,-0.7420517069463097,0.05189758943386934,-0.07941002111272129,-1.054775511886067,-0.3891491141059287,-1.0350490873172238,0.04027770426306269,-0.18464372003782542,0.3868494529165054,0.09423344671959458,-0.030031701325892564,-0.45583113541476833,-0.7201108092022006,-0.8345676924581771,-0.53187537137839,-0.6595665565856051,1.153547897282509,0.6287945975648891,-0.23893971826264845,0.7460071910524456,-0.567308629657394,-0.18238440821440682,0.026293706019993153,1.7862114330963702e-13
01ADL0029,-324.01395855405525,-31.058036623551736,-51.45473366743222,-51.11597257675125,-14.102675186339665,-32.28182875861974,-31.701557502852843,-0.3385415945139595,13.850873298983714,-6.864701702596642,7.457752420214445,-16.90987862483128,7.089374909987533,-6.564748584998016,0.33226834930385896,1.9032712128432514,10.130355742047238,-0.4176131777647362,-4.685061896083485,-1.9741797931509473,0.15064900429573902,-1.5232407975725202,-3.986210019545375,-6.669861589823658,-0.6242261691176978,-0.29313607807767034,-0.2995959382145926,4.058338033162997,-1.7600401957466383,9.273000859235474,-4.527849082469202,0.9777256092786276,4.376071739140385,-1.4998328184612597,1.8705464582437887,-4.544489483849523,6.005710085750701,0.7496259081080127,-0.6704791447960693,-2.7246313072360127,3.726104762783575,-3.337116174268816,-2.70529866167771,7.514690523860493,0.3734452177879583,0.6365131662346365,-4.093464416177352,-1.5721168079275378,1.4786083045452358,1.3563776209776253,-1.0446194764080896,0.3636644929805642,1.9943213817470435,-0.015368647061525601,2.83332347371922,-2.2666482138441406,0.979357894795288,2.831834511885533,-4.091546230286215,0.666001863765398,1.389817065352321,-2.134754591470244,-1.0258199723075827,-1.7170489837488387,-2.0984984942480764,-0.44933205023659,0.9716699418761249,-1.853246154526688,-1.5203267933051425,-1.0403685978775805,2.5141580434834183,1.7784635149724992,-3.2533953500612283,-0.963060606903854,-1.3082515930370806,0.590105239715645,0.9908978547127961,0.3736842555442644,-0.1781699447175739,2.1883833098059124,-0.384339245289872,-4.163548948495011,-0.17970996840718825,-2.268991473985672,-0.7011724799932484,-0.35528608669054557,-1.917637632071813,-0.1851890860297833,0.36982439645703935,1.8212932251476333,-1.3643935422551507,2.2719669893943673,2.2923896898100957,-0.6824723129182858,-1.3567822521078898,1.2453686874396446,2.2678722559109046,1.2128682939188526,0.057539201017096926,-0.7831621420670761,0.021658466210995646,0.3725376850672117,2.5726002209436505,-1.1327876830279087,0.19930351380244776,-0.2078158278721197,0.6876334125619165,-0.010873569299225798,0.14835282131058192,0.6912868544677424,0.7872682688300382,0.17426109619844393,0.9107014306169062,-0.7403219188207667,-1.2530712880129187,-0.9708435082301351,-0.37768524577738494,0.23004050446443663,0.5140845275897281,-0.6279577326160796,-2.169095267938299,-2.6421949809858156,-1.712044935897502,0.7290954982225986,0.20583164541621854,-1.5670744253184437,-0.005865644999582571,1.092248679082947,-2.2893493069508732,1.3000738715504245,0.16545150198160624,2.6657915375558154,0.00228365299699574,-0.11675402559110144,-0.4033426042669885,-0.9836254580462299,0.9615793495864511,-0.17146026525893907,1.5397879481673398,0.761750149168532,1.2994794021304978,-3.146513611001128,-0.9188027584090092,1.0215752288454747,-0.010373550323497691,-0.3697472091573456,0.0833388868449528,-0.07388921998247573,1.117142422198067,0.5170809422595096,2.034286533367675,-0.8658426967660583,-0.9094263473525444,-1.0541238019813657,1.0947937355265185,1.396995778392598,0.3154142669218694,0.5832988661532312,-0.49145335001600043,-0.02304437282987728,0.4031877518620194,-0.8528814088612402,-0.9763029075768187,0.010414326351260031,-0.39790829661734284,3.3300581293923277,-0.5732463971271339,-0.8446606142006874,-0.02167379580370659,-0.6078838819367622,1.8906756455306246,-0.2965253751107152,-1.6486140635738065,-1.7101960007197994,0.2260702255904772,-0.989821604246965,-0.6663040516999443,1.6423456438643396,-0.06060727558737996,0.6683073281812131,-0.8674209627346643,-0.03256285710392698,-0.7561232310737847,0.5400483229809931,0.7148964182049007,1.45962605456153,0.13172481689710008,-0.26126752580190526,0.5126651838782629,0.24321087197679428,-0.620606787604755,-1.186324276115927,1.854116285947466,-0.15468398382603393,-1.1334008719863407,1.786211433096427e-13
01ADL0031,-330.36270428211833,9.106687088903511,11.430758380177544,-18.684614991967926,14.04395049231535,-23.230963420775957,15.865664650046844,-4.170894920843654,13.776116272989668,-1.8307097973692703,-14.28093020127517,13.733028487159007,0.6011791218373572,7.727570176748689,2.010192860602337,11.469315586950561,10.152505223958991,6.194914778239428,-1.787131116596304,7.400692473926953,-5.730500039112893,11.40301342928497,-2.507687638179712,-7.937895410485625,-1.5173774025689568,3.472989036966419,-6.559191762462925,2.551512861043268,-3.760455306371826,-0.3837660110510374,-2.884398915966028,-3.676916831822207,4.771007420983343,-2.4504919087412484,3.384832959703238,0.912705376326183,7.771732651835045,1.4804520577771552,-4.9142478025623175,5.670726096645223,-0.7661292286408773,1.165687420852907,2.0375256784739406,0.9249913242906116,0.5056574635176725,0.5622644859474867,-3.632508230145613,3.7362674412223935,2.9168284073577047,-7.2868840802659465,3.2962875141312775,4.375842447844765,-2.395860827636031,5.0711279833209435,2.0580527248552856,-0.7023202536046146,-0.3516974526010744,2.289017991144814,-1.4403594873013845,3.0686751004085338,-2.559341581357007,0.4797713075733435,-0.9283740415874715,-0.18060223896421146,0.4654652111701577,-3.259954055622335,0.9109646388467085,1.3827033009434702,0.762047105918879,-1.6706022377971264,1.1703486735963369,-1.4846754117007452,0.924376996614789,1.4930580571521161,2.1469629338836396,-3.706008959771213,-2.5838738534241728,-0.07438030639410174,0.873310914391484,-0.7184800723773387,3.259344368411919,2.835797219732517,0.7527160830145472,-2.0791105819389597,2.0890697279548305,-0.6020499219009586,-1.3097355837086642,0.25976258610731834,-2.232928223254998,4.645974385651787,1.0189617222489489,-0.7472006069378967,-0.4964757574960139,0.5002006809946069,-0.93917092385469,-0.0034268921401416925,1.5386045135814517,-0.33080520997080454,-0.5964712183192287,0.1204622935168739,0.07725444264243232,-0.5241197240072545,1.8403533775082133,-4.03691196209173,3.8500081187678394,0.14302694628161353,1.6741988297344375,-1.1029673677721343,0.6822115561393213,-0.6716416930277382,0.40144211796328316,0.7781884694106678,0.08651592703072523,1.3026853322931393,1.1235119262136093,-0.5346052832291149,0.2403383436583369,1.1229070333927667,-1.1146880455604615,-0.5592781121384893,-0.008723399744768899,3.991811682002111,0.636723616287249,-0.6455728047462672,0.9078137877205151,0.13787651487754174,0.7295338903750966,1.6780114873833516,1.8927890155740812,-0.5485065377731775,0.3780250437316126,1.8400024269375668,1.9980544650030676,-1.0108745899061808,-0.490407205313917,-2.4372949150274494,0.5210560154705537,-0.30086304725634333,-0.10505542433706948,-1.1020914457718247,0.870189340169021,1.8902107716395156,-0.6488201107735397,-1.7371137064211974,-0.9437064768476804,-0.41216738691784505,-0.39817580288968746,-0.5189804216281285,2.087343572794434,-0.6151284249087898,-0.5247111918429439,0.4718846337630242,-0.8154936101228508,-0.6320651237978977,1.942014985082681,-1.4962573698244983,0.1405305485804377,0.978883984640799,-0.306281949431038,1.2199449492812238,-1.3296831550114014,1.3134410687838913,-0.13230995103120807,-0.32514193855972817,1.3491879420175794,-0.35664343432534595,-1.5018587897770412,0.1509068835665779,-0.641066921301955,0.953802543397387,0.42437797507604536,0.5144211118626177,0.3177537287583174,0.2099890680166603,-0.20249286854745083,-0.7963527286533387,1.5590215046817109,-0.3019063897949306,-1.01294762004032,-0.14636589889909507,0.02120191518655485,-1.0734671346689881,-0.8260642805936249,-1.1491054672939878,1.4701750998448477,-0.28754946389584385,-1.0035279714998258,-0.7707918422745915,0.26926139469547145,-0.7023696151849255,-0.3339361477825904,-0.2087117925871562,-0.12838339210013258,0.2605492265879446,-0.11137158359936457,1.7862114330964525e-13
01ADL0034,-324.2776580527448,-52.95226693675852,-14.679902192693994,-37.09075703062241,28.808035397808155,-32.765987026821215,13.65630308418112,-4.888556763818748,31.004450026471755,-18.461130000170403,8.641975926963136,11.231047872612276,-19.14937959761638,-1.1666905200196105,4.015323486224401,9.356544046015912,1.6117259138799933,-19.340218490208848,-2.591742560996627,0.4656765959910437,-2.1828918183250883,1.6409999030861795,7.134126463606245,1.5676726742104201,-4.655012936102828,-3.124207411408522,-2.0570054371593494,2.3684309526211105,1.4642322841505577,-8.39565622176473,-0.7250600698147414,2.1376913160896565,3.8285691993560866,5.435407641197787,0.04452604498811371,-1.292953027550108,-0.3397456211455794,0.18392606007274923,0.39951533262347,-2.824273839282442,1.9980943288629756,0.6259717637663941,3.8296441592079113,-1.378387159519251,3.5018163806610505,-3.871495445327649,-1.7746642115647249,2.310436062877482,0.5744969419548324,-0.6603195361967769,-0.7178886476043387,-1.0090524953237987,3.001605038649004,-1.6270632026734546,0.9620325255889443,-0.43801004027158724,1.0891426368493249,2.4240326585304994,1.9178892959967,2.326497218620419,-0.6343649656830966,2.045993587082447,0.28222800313196583,-1.8247541280445827,-0.592136488298046,-2.311776496744552,1.267070155064432,1.4488306318806277,0.47957023257485354,0.39292267600205516,-1.3141426885281988,-0.9047254171908654,-0.9575179777011235,-0.30687099246312527,-1.7647835560501623,1.3048306942039236,0.1719375106299564,-2.849382506461657,0.473684583036339,0.9581779635665312,2.686662694459855,0.7794258078342471,-0.31326561974133627,-0.12672941211084768,-1.8946232503579938,2.9535399576020662,2.5426658353895775,0.8615276182631448,0.1664327547283201,-0.1818512587159966,-0.051943991253434796,2.168486899118539,1.0142167484750961,2.298433298111809,-2.4273127039584854,1.143973153202035,0.3501768066194871,-3.23739434346553,1.3696134541632037,-1.5808123929939932,0.9883337012420591,1.0191596836389767,0.01210939900204857,-0.03681986236256953,1.5602716093212137,-1.5017370881002916,1.588266660782255,1.3421658377552157,2.1526492410487243,-1.2908504804115488,-0.33103825522272856,-0.5056294768434357,-0.23079183068452036,-0.15103996545642046,0.27889270982717257,0.446865637514715,-1.4605981099311478,-0.023332084526492613,-0.20105750509700232,-0.32193223053497383,-1.4191138911764316,-0.2038675867355939,-0.08569689706644537,1.9430879102088412,1.2928949062072146,1.355381542476436,0.5521229954897788,-1.0044005181624367,-2.3523441380495953,0.28638955113369413,1.8432097202760689,-0.9551419012491925,-0.5246922165711867,-1.4617155631829346,-0.21441734522103545,-1.0033040106601743,-1.31566409047825,-1.048599408176806,0.16691041480000027,-1.1989161032583642,0.9897755210255126,-1.1079538962615139,0.43567279401903386,0.535462707612821,-2.1490783301188143,0.6214420582134755,1.1812560414221298,-0.7739323264699831,-1.9641247945327573,1.2178604209538866,-0.5011363523982524,-0.09684395739766136,-0.7017267200494209,0.9749045439432996,-0.611759885692572,-0.7785284967494073,2.2927642800739427,0.0577439172266739,-0.7517393490151472,0.35555521202333445,0.6855530604743277,0.38057675343828185,0.37208974294759856,-0.6571789047819732,-2.8128401771613527,0.18584231453573863,0.36571623228660316,-2.413188800410195,2.472007066005083,0.6695029077087654,1.5495292766905262,1.0521354257295668,-0.46665391340491197,0.8886586509535983,-0.751092909400868,0.6838833635534709,0.10343534840226792,-0.8974424854575226,-0.07885070074990524,1.133228422667255,-0.6330529834843672,-0.22274265268114532,-1.0865534261325682,-0.9228297572027618,0.0018451554697533803,-0.4238296988576737,0.24408288431785832,1.2727477778216736,1.3730042784036587,-0.6418212855158242,0.371078393669079,-0.8192220661275265,-1.9534002863365425,0.04350957098929222,1.7074906688559837,1.7862114330962276e-13
01ADL0036,-364.86477675820754,-60.782431523312056,-57.73992252994334,90.09379145877844,-61.5094616469846,48.79515053954991,-25.008374270549027,18.44424985871999,-31.805205433423883,-25.311428100513194,12.984908459336236,16.484736973391595,-5.59115863789094,0.4084850334186518,-17.321794508745405,-8.523771581752824,-0.04630636483341966,13.492568648015318,2.267046496145923,6.45286700136688,-2.740975973952619,18.17175738790737,-2.9914660565759315,2.775642003470156,5.432572754960254,0.7144023766754575,13.240634188787254,-1.7964165191727244,-3.790823713613124,-0.9975045218545281,-7.881884082076407,-6.987367055890649,0.7626659428834834,1.2670801066820785,-1.350800425990931,15.214288156787365,-1.4485979203540384,-3.8466858607493655,-2.3117731626737363,-3.1905070861475857,-3.4622519991668748,0.22733503386447684,-6.268792249862194,1.676704477101134,-4.95307621732856,2.1160467525343485,-2.452798136903495,1.4299269725148895,-3.5134097401906343,1.327638752154377,2.9143235797773293,-0.16480526900232478,3.307385083892986,-6.06615722797905,-2.9450477021274994,-0.8496630686348514,-0.29781075743085594,5.577431008243986,-5.486557744506073,4.28398648717817,-1.9826353487448418,-3.8690415267396636,0.8178027118178954,4.621048566914629,-5.629730960411219,1.4298102817989746,2.5241016617372862,-4.931551843778214,4.460123530076157,-3.909560835275967,-1.1364018068685242,-2.02611819938925,-1.092240739306143,1.9372713533508392,4.348430381298273,0.21144486706523025,1.0938054496835583,0.13890756492105522,-4.487436069024038,0.4796064284294056,1.6981377599291032,-0.30920716284151695,-2.5563597581249122,1.4570640731314968,-4.416228555247155,0.2476054079420947,2.8539239733636164,-1.0500067994056461,-2.602198628511378,-0.9054423558132509,-1.4584287169570804,-1.1022727531986665,2.6497371972177515,-1.1343114817514401,0.40082594558735474,-0.2804347427557071,0.8880214651335233,-2.244133501397559,1.0551281072689547,-0.9500715714223741,-0.11933126918408286,1.0535809088216643,-0.5866459600490579,0.44610720246653357,-0.16411936821298378,-1.356420030596697,0.5974650714157763,-1.1744923399230147,-0.6909338582503116,-0.475220214659584,1.263414353761401,1.6898948795900848,-2.286123960784765,-2.2331704807370873,0.6444944893105469,-1.8127635376834497,1.3324815339540572,0.09469204276011461,0.9166270310518849,-1.2630656889958263,-1.0909787461278684,0.7966782005553734,-0.7275338391104738,0.02308242558563929,1.017496335168702,-0.3770275137453558,0.01439199416238613,0.08552422788671563,-0.470294929931858,0.8881874681897468,0.3690120750561992,0.24893899995503932,0.2698828713417216,-0.5849057044010861,-1.0592777527680741,1.1923477177867514,-0.48722248599346835,0.38294516030034875,-0.9194450962392309,0.6004846592956481,-0.7817201994283607,1.2763876272108388,-0.753521520547128,0.6199954859055277,-0.9581990134025664,0.666607089499478,1.3825846296195339,-0.36817654152601065,0.6742023523585488,0.732256675049078,-0.07191743150092056,-0.016790845399696237,0.48366241665079573,0.27283241771104455,0.43746451248511764,0.5818007484009122,-0.24996774872819477,0.023519366918496536,0.2826861632023898,0.2983905776033754,-0.7150832262271787,-0.00060870016543775,-0.6277776061846696,0.11111090338494897,-0.5938222677598812,-0.2483706106470413,-0.3045591978926869,-0.6859360284191232,-0.26404946940510443,-0.5014953772526898,0.4817660658919354,0.43039027365304966,0.03275708305763484,0.8639149122811657,-0.07092336021172851,-0.3263459301299143,0.27318871358827745,-0.002282234039286676,0.028316608021557808,0.1290487497738518,0.015649823758337986,-0.5626562251681979,0.30216972657942137,0.25506967452171253,-0.022135111230197266,-0.5085474554153665,-0.11377097230973794,0.311076933768437,-0.08426657892924314,0.11068153836343304,0.18160391196262118,0.22236783048190886,-0.001630375322043876,-0.17762293787667244,0.11626569259846226,1.7862114330962786e-13
01ADL0037,-347.1246377335787,-205.45096639146004,17.466014409597204,26.70521472242365,-38.844664833406576,2.8811817473276773,-36.88873291504131,3.5773094385875726,4.867782352055069,-16.416015855780497,6.318667213626433,4.839738951386576,-4.186407853187715,-3.7175706323822073,-14.619078108756769,-7.889502772717844,12.241032462789393,5.900964937779986,8.276607908280745,-9.108986144828885,-2.925427960385096,7.701171644675133,4.36407050703523,-0.6047022567827156,4.207601502056237,-3.7609411404691295,3.214980554163512,4.34023615444206,-2.2813756028897156,3.572179443503067,6.523121548327768,5.921566789132149,-0.9689592984398585,6.53013062802315,4.23644825786402,-2.2678275147555884,-4.157962215910333,-1.5427568162131613,-2.0372364103173,2.538743049923091,-3.112283660643062,-0.5105058619383235,-3.2455281601820336,-0.35430949214003643,-3.119516118918668,1.6035431692246003,-0.6010388815682423,-2.195234296872334,-2.1989948563173205,-6.311489348945926,-4.588771462507401,-4.102884849185167,1.477040051301622,1.9497916889868483,-3.693808812335442,6.919436882136694,-2.8051955881672685,5.56214644034077,1.7978350456269092,-1.6722696333063425,3.483860836286181,2.117709339235053,0.18183667155969932,-1.2803166147172065,-4.777376431093887,3.345492757936335,-4.177908463172262,1.0849304221489138,-1.213025344926046,4.18281771430682,-2.8641269767573876,-1.344765001001326,0.8893453146540365,-5.7935998208643005,-3.6379173731377112,1.3941133358272562,-1.13531719949989,0.1381734299327173,1.0653294975800291,4.278358122157132,6.352909042796426,5.588225438430862,1.027353389001267,0.10578332963383026,-3.0715071675176464,1.8609483748779436,1.4259790555959506,0.5460039326272381,-1.1291649076092818,-0.425816746766459,1.16614019564131,1.2345819463141303,1.079169739685577,1.4645706605041033,-0.7294758011113202,-0.3669602251686108,-0.48844226849212025,-1.48909118068897,0.5406636742867339,-0.21840515454253004,0.8838282543027827,0.9080898661355163,0.6693193393744556,-1.4349052092962593,1.0677772623153388,1.8560313798956913,-2.138506308607982,-0.8693773900194864,3.173886434396205,-0.43581146910432833,3.011101445683475,0.9075354661769309,2.0269745720236725,2.694400162321098,1.324463420606097,0.422473725103635,-0.5923951699043939,0.12555790975653172,0.9645196285425357,0.8550233476479991,0.751053657559212,-0.12088119807944304,1.4271285520592625,-1.7879670653279385,-1.675291668555294,-0.6060429510177151,-1.3661125309824769,-0.943579769270422,-0.4855775474494717,-1.5201942893847142,-1.6200550201977257,0.9056768957346187,0.21535612880231902,0.19482354365002025,-0.10987883889185379,-0.7484568480076176,-0.5841563160723571,-0.14330041839666566,1.6966378218767029,-0.49007710368511087,0.8850910137459809,0.41575434352410284,-0.4753472793181118,0.6621841573610984,-0.1005134597920732,0.962824421951163,-0.25555591792621324,1.1500191238685789,0.80157901664974,0.2720181418131858,-0.9269524686016773,-0.38084414111863985,0.2912617926635334,-1.1080374444437433,-0.32434337403299923,0.3274023059043112,-0.5407411884695392,0.0033989259441872936,-0.26208871696640945,0.3619162561228642,1.6539692003100197,0.18467912657773228,-0.4127433441575535,0.08048739496866704,1.0376609380500328,-0.6767661133246996,0.6139582009776176,0.7354386940642981,-0.9218223466781807,1.0763962409432142,-0.18185664759122405,-0.9740778965099586,-0.5533073495455618,-0.2643880211225394,0.018021666684404636,-0.597248960226753,-0.4967714453119318,0.9677771179533827,-0.53143922966078,0.30136967668596154,-0.13538112043869707,-0.2835623382863526,-0.27178579756473725,0.5309593832229781,-0.975189255720416,0.2282686797274471,0.5751621708555431,-0.291381171438421,0.21582881113153743,0.06408380612908124,0.36715434294585614,-0.14386031403736496,0.1649562904957604,-0.15102899186570054,-0.07776460855012449,1.7862114330963437e-13
01ADL0038,-319.53743558051735,-124.47698102999557,22.35343789947668,2.131382242863827,30.901965033609784,-13.527521605109778,37.42735821164451,3.379841403128689,16.503528907088043,-21.23929761493268,-6.841307587302567,25.766667669501295,-7.862075179306226,16.137200148252397,-2.467933444813194,3.4035618414100877,6.195810422778643,-5.182566294876949,-6.783821677986644,-4.692480600581669,-3.5844240367567233,-2.180939869678018,-3.1219898524928613,7.83418117342865,8.660022832047575,2.428403329055567,6.334646018757349,2.8341839426166344,4.13387302379803,4.9392432943681275,-1.056330391076967,1.2281103344403035,-2.6585462181529627,-0.5695321320762987,-0.5654788857387634,2.6010514847093194,-4.260659229372918,4.010908617515541,2.5644203051833214,-2.849909618143736,-3.25880550036305,-0.8773424412088519,4.413506119842343,-7.5794655608773605,0.7545749534438171,3.9997668019642947,0.9047516762732962,-3.421953082004731,-2.3328892723749965,-1.5308759847001523,2.53312914996356,-2.9148462547441176,-0.6774153451870808,1.0482551180359112,0.19905957526391269,4.011392213649104,3.964715355722792,0.8187293452974989,0.5972453496331166,-3.6074651377051548,3.163369078148928,-1.1790540327866406,-0.981385398699467,0.4254241956817941,1.188220701637508,-6.05565618072784,-1.768439029830619,1.032329202187046,2.9208963795560465,2.3360561559449673,2.038349640327014,-0.05488859767919839,-0.4227057383794012,0.6231453438725936,-0.027328923587089476,0.864276792068801,2.4299315696018833,-1.531508989128871,-1.2580508125283354,-0.6346669410001767,-1.6398857786265286,2.5718168434213955,3.0524292130242054,3.502567779794552,-1.04244231153579,-2.5583843974383145,-0.14838534854454,-1.600242932331469,0.7714559828351835,-0.27764662560766934,3.1139898229334375,1.8684628584141907,-0.5655817221869873,0.49254835714459366,0.8145584501420415,1.7812301588064372,0.21886683139646104,-0.3634243648708708,1.3117628157054309,-0.00641494521059906,1.9828821094323728,3.1649682867142186,1.1139770524125248,-0.13927470780500936,-0.6620227191089502,-0.45111551193709776,0.7103357488555976,1.0736782330069032,-2.0565493078340125,2.416234574628455,2.660967197619455,-1.278797165309067,0.7779777457333514,-0.39066614812863887,-0.6250772019765367,-0.2500493803635605,-1.658995407580913,2.7836930148091885,1.7050237070996996,0.8279771797368523,1.462224177504047,-0.6820418892038621,0.33198203989829383,-0.6992749750288177,2.944440119842503,-1.606672027713401,-0.08942771957721618,0.7690443131768402,0.3299469883496219,-0.6717430294867373,3.233590784853547,-0.11215776601853311,0.24437945367176256,-0.1084052498286445,-0.04022276153218393,-0.3597210713759874,1.4308833354347479,0.7462116521755824,-1.9224354481329096,0.9155322783463841,1.4106009729045406,-0.920174146257116,1.3337356882858706,0.7828844866946741,-0.29501266940237436,-0.5178219205915974,-1.1023268239636188,-2.324309402840112,0.675544716122524,-0.2795053876039621,1.6512427734770785,-1.4034950849551073,-0.034170239757347155,1.2171895212478352,1.3824813299402328,1.17845038101824,0.1983060304292088,-0.7432146785160011,1.2254403815499872,-0.12521519174030585,0.19878766581772414,1.1766789790642709,-0.5513759819146266,0.24444900439836367,-0.44943027138744807,-0.6500935535459008,-0.5548503045806147,-1.0346479320255981,-0.8759354112738303,-0.10332548851055746,0.32288074388565274,-0.8529898115333715,0.9494913128972108,-0.6546515169585484,-0.9373534781158334,0.8110575359787693,0.8023202866468809,-0.0672218600379697,-0.1972123133378194,0.48103598671521525,0.5119146309495964,-0.37981112353053065,0.5478513279910111,1.094359471758714,-0.0289230297059776,-1.1913493811824074,-0.3826154269877345,-1.2882266613972595,-0.08413121272604866,-0.02700388478352151,-1.267162326398825,-0.40174793383610735,-0.46263886512270097,-0.6212656782004882,-1.4264331707394522,1.7862114330962326e-13
01ADL0041,-321.4685895020696,13.89092354891763,23.459043077604157,27.397706735711427,-21.69509599203394,10.350396186757278,8.36800895401356,8.49649144518746,31.6530022984754,-42.308950920154885,4.290070555470355,29.321405039812955,3.857454942832056,-11.149392350982508,-2.8585386710554945,3.889015023643023,-4.296772688767046,13.239278953958548,-3.5117119844702613,2.5685649581936545,-7.664697633949615,9.625228227788085,4.896928475345518,7.161282548659231,9.23316187217828,-1.7533255210264764,3.139212444950692,-0.8032906590821246,4.179986411874664,0.07879058885805372,-4.767451046785542,-0.8845194878902264,-6.355730040996509,1.145115875574766,-0.41462881109011746,0.7116945735298777,3.5131227237777125,0.6964554109095458,0.5165845818180875,-0.12091320637010256,1.3452038726098159,0.4024350865014193,1.2542376466752891,1.4892174287527042,-0.17125014264484373,-0.9909659203545628,3.5401021254376177,1.9574360494857035,-5.466776142647608,-2.6891438765778255,-1.17902125808529,0.6222652564785534,5.352513765824607,-0.5990095130139628,0.3073696439040262,-5.893312707872747,-2.047570754851969,-1.7883733502311672,5.4725453555685855,1.6552984466791858,-0.06828036459311984,-0.8712672349698612,2.5124687897465705,-0.8606389117083748,2.649869773033462,2.7804653790912837,-1.4667084401172494,1.5631224004156228,1.1650432905500203,-2.0939317445996477,-2.4678053707298333,-4.160558250524548,-0.6920535671874921,-0.04686414129007397,-1.7548125922459172,1.1931128486497982,0.6313203408047673,3.611141404746883,-1.4100839411153387,-0.39704317786604504,-3.0834548663958836,-0.3956720288638864,0.9002916020732136,1.314810162443805,3.3788722660525683,0.14868563526756454,-0.005583550577973738,-3.9302214153393646,2.2573051673305278,-0.29950825521388036,0.19335158930391141,1.938675528623699,-1.3273318022396101,-0.03398747092482339,-2.097458730023282,0.14970073796489747,2.749345489580939,-0.4172866652463589,2.1857530678634363,1.2132801927730648,0.7285452228448069,-0.5712979740098735,1.6775443105797316,-0.12852922011174842,1.9834048716830714,-1.5124141404804987,0.8518785420818774,-0.486465840826611,0.015562104038927986,1.41315280296428,0.13552577247751474,-1.749238825504288,-1.3312030679121214,-1.811714494463869,-0.2595885184958208,1.8915810417364411,-0.4727725202987838,1.1359385037063452,-0.0712969140466812,0.9360500211447904,2.0960279157187807,-0.46647864497081853,-0.8617889422497036,3.455816541380627,-0.48378231183289067,-0.9070954430368693,-3.2783366036149495,0.9034822221059038,-0.5867332088132332,-1.424544898351054,-2.3860743535726714,-0.2705196570297779,0.6651457989546034,-0.5157606265598599,0.29248073281725656,0.1392462264504965,-1.1084034010051858,1.6049800923385094,0.5100686288192876,0.8949463697412658,-0.625708789560143,-0.9457617319308741,1.483140700087719,-0.12063050050077527,-0.011877583733149483,-0.3176830207075621,-1.131700196762549,-0.09889850426190067,-0.454329589281485,0.709925758086246,-0.3747898871043885,-0.08782212181068999,0.5549873699843753,0.7134820664398956,1.8128787994013167,-0.8994284353759335,-0.08925025992066807,0.29194967974860087,-0.7809486706238913,-0.8276305277915783,0.8570863103615669,0.467308923716339,1.301159657776041,-0.16320640300456268,0.21922735439156107,0.918179898342741,0.6780251969671031,1.7929997074479993,1.1256426906965087,2.7606368718006196,0.3368444828389501,-0.11460378524804718,-0.6190821793201472,-0.3639348371841788,2.1077613021886266,0.09542712338093763,0.15709303977711409,0.4108761914689571,-0.4399833442428417,-0.3491958230166146,-0.7168616428781173,-0.13942568551513307,0.6676625522433375,-1.2575624528897718,0.28556144683568124,-0.19500734546333742,-0.530832099600002,-0.11018186486783275,-0.3194775359514495,0.26827758878602953,0.054015580443511624,0.2768302352662952,1.0843908046920019,1.1940509023800452,0.2785887420779451,1.7862114330965305e-13
01ADL0042,-312.59006132515196,98.52337018066164,14.67950687290013,-39.618280221037054,-31.873925869103118,-9.01419043391743,7.979826478813167,14.369646848245207,-12.635856063123363,-40.13485781909472,8.207767154761466,16.693627539292866,-21.292973837003156,-14.304014669101115,-12.751038327094793,-6.119517596752123,6.732192917105865,-9.259185926272242,-12.21708681917409,4.5152437622042925,7.266592134369549,-5.622341775748336,-9.411037476715032,-2.826966302953865,2.077000180049558,3.66054364248897,-1.4151118078505387,1.7723528686336616,-2.9899907227313394,1.0411996135762276,0.12066015516708066,-1.1430375235645367,3.6266204887431837,-0.39108428001053475,5.1844358743187335,-2.1497600573306603,-3.0263077212090317,-0.026761446587201934,-2.790118334572178,1.7050187000319303,3.364391243373272,-2.5042909053693743,-2.099714982519858,0.3089091656414232,-0.7077277619339966,2.909522595587905,-2.7260177674305295,2.2337460699826313,1.9229000157144587,0.31879001454753375,1.581223196399887,2.48527266683766,4.442152134602597,0.8049449611547977,-1.2385559469071903,2.366245716044511,-1.6143909029956602,0.9615108348339751,0.7614755093964631,1.172991354004909,0.24535245678351378,1.4873480327677966,-1.010027437786409,0.9377831376598911,0.09599315920663394,-1.76731260731921,-1.4878013801319505,-4.1418005315366555,1.5368704838733585,-1.8169247910757595,-2.2526613388303987,-2.0777259985754286,3.179685865388169,1.4892963747443426,2.6519002351417242,0.676134466170041,0.5114954343308182,1.344391087083766,3.4725665892916577,-1.7602046581990798,-1.6626695227602293,-3.588003826317742,1.5954827755866343,0.778151680245147,1.1207226786295827,1.2847815271990548,-1.6573087063203016,0.45267425111085835,1.2745329442707476,-1.2846264438813533,-0.5987618850865045,-0.9326941752100812,-1.7591825034687085,1.4514936122497766,0.29281328031219783,0.4979080526803259,-2.297228718594875,0.8627914506231003,-1.13841348812064,-0.7722029424403695,3.0324931295108777,-0.8760773958963296,-0.21311374000955735,0.9045243845112573,3.251555155076373,1.0261658345836422,0.5498786998257988,1.7396034808811076,0.04457587048662433,0.7780366456887482,-0.5602685523125618,-3.0329854316865887,0.22573485531247758,1.387740009202257,1.3631355210530276,-1.5368715785540177,0.5647073903181818,-0.5450813252514017,-1.0914541832626274,0.8478555436377603,1.759284433166562,1.6568644284676532,1.060200471986848,-0.2951108317470072,0.34911382289790605,1.075202340037413,1.1967048606415036,-1.4526023024815262,-0.38245277713128234,-1.0248021006336168,-1.0121352421144376,0.4250166755761498,-0.3333950631694908,-0.04154978493285294,-1.2002912941171702,-1.5158214496426756,0.8486041037907511,-0.9005298632199367,-0.04471342065181968,1.476630545866889,0.9438999963646563,-0.29293617656092064,-0.8728049951178277,3.952604426076288,0.9118345902767393,-0.05910994531986812,-0.09067011246336798,-0.06750691498356143,-0.45115670909585814,0.26435667257351136,-0.8002203836082198,-1.6174928843671552,1.1208553415542242,-1.9063098297296035,0.2133655487645899,-1.1818312154594168,-0.9031674060926438,-1.2311213970243184,0.9956645548128191,1.3336912541345372,1.298693163768036,2.058811923945011,-1.060828355114007,-0.1872146748125695,0.19172257396967363,1.6747880804347302,-0.14475788742712542,-0.7853691617420905,0.28028476834646276,-1.5691825342514705,-1.2505089200143842,1.103120707176738,-0.4151900023145039,1.6668147823556616,0.49025759166158694,0.07051330918657776,0.9191907686701289,1.1849262136216974,1.4472999795982202,-0.08986250274460995,-0.6777714932287355,0.8981871527041186,0.8461640141232354,-0.47547673833251436,-1.2599567977931816,0.09887069377120306,0.1624152534575769,-0.03887101433460764,-1.1963642413578492,1.2612363120152512,-0.48897929354345515,0.1456828356606277,-0.31562343923365416,0.46364835793166703,0.3050651437776145,1.7862114330963604e-13
01ADL0044,-311.1584596792959,-8.373676077207232,1.6181638201036972,-28.509553096756648,20.933293663569817,-29.34661424909734,16.934483292856953,3.121535109575728,16.97716292545308,-15.205601307255655,-17.71453082954367,22.754415801068614,7.293857059731428,8.099276068315664,-5.652376416542596,-4.414475681984359,10.449460061096522,0.4084218807366792,-7.034594758542651,4.246754807448069,0.00531356560142118,8.594031203820315,0.4544236336496385,7.449740498171115,1.007049115647856,-2.8733055980792774,6.826915120818776,1.0815870250494397,5.177710805597404,-1.808555639142614,1.3903204418834203,-0.967647032638723,3.822458455003554,-3.5759350965550887,1.3678023009920843,2.946249387940516,1.5243201819073997,4.021066608814859,0.6451447495683605,0.23503080966740408,-2.3856477530278286,3.7716741872865858,5.894445028018554,-0.6860368104466317,0.3410889590583194,0.20571023345458345,1.4877596733457825,-0.05434450015179071,1.9303480606338526,-3.0707624730400243,-1.0279398244452644,-1.4659753063924872,5.268793648114472,1.8694397741118278,-0.9390104321713945,1.4084647436118383,4.217687083642437,-0.05929245586449675,-0.8016902798880208,3.4193807539800156,-0.31474383395470024,-3.8466839641720223,0.33160549056897975,3.1990292999653374,2.8799628504656276,1.4377794702514715,0.9439665931684634,1.2057755620717294,1.9246225632388962,0.879320981248989,0.5871030746071765,3.0391023935873043,1.3628698422933947,1.4206199539103221,-1.1423285750449597,-0.1690581999523662,1.180202254762893,-3.8200909440544204,-0.31552376773159185,-1.384852318331434,0.8393178813000906,1.0518752021103348,-0.354580204380078,2.9731586215477486,-1.1888960603789172,-2.9423012910211543,-1.274136744940186,-0.1352455646127263,1.7385620292141473,-0.9573135600236689,0.20030032769206865,-0.9008553546570804,0.42264945837640894,-1.2608409339046325,-1.7369758041621692,-0.14506289406228356,-2.4957932368101563,2.2579669649604925,0.13383497169191594,1.2804307152007388,2.004792273406008,-1.6156032036630301,0.16658161092098633,2.3077263664145464,-0.5389027485315878,0.30792824418979636,-1.398973485935496,0.8718133495390981,2.4364339074269314,-2.62017362251164,-1.8647211666586794,0.3308071307522434,-0.36799914927728433,-3.0062692700819245,-1.5598293847420936,1.764444331951668,2.4466337559256353,1.3797687487802115,-2.6885233497914096,0.7111968485605541,-0.947774304549391,-1.003817921419991,-0.016980416272350148,-3.0663219554632453,0.25826302043238936,-0.03553687701731117,1.7538161513443602,0.5058036906338588,-1.0966938615275967,2.173735238503919,-1.6198107626109948,-0.8586911347752725,0.3359288348820982,-0.2051039952248161,-1.961703004707163,-1.8763436698352791,-1.4209607712893857,-0.2884330364119715,0.5731677568654852,-0.6901854880835644,1.1744527284317814,-0.45772838948277134,-1.7727674272702139,-0.47416679761418945,-0.5994549370611849,0.6216250697120048,-0.8391582672895793,2.3070820152169094,1.1617716611910005,0.3183659012774302,-1.0500348689359535,1.1257971888670426,-0.30793471708682546,-1.1506712788830167,0.6910502170364525,-0.565495046079792,0.9552336561527238,-0.3150184226729817,1.0499399817105985,0.053911359242397774,1.0649255686818884,-0.6366403897384879,1.4983223780261092,-0.01973737444946029,0.4319023500958467,-0.17175793386376964,0.15494477250882396,0.8753573819211492,2.0536466939146942,-0.8562506068002381,-0.3678452766789142,-1.3255209242873174,1.207672911476999,-1.0863421581956056,-1.0841105808195792,-1.30169605011981,-0.5211045906239956,0.3571620415468613,-0.5570181948561218,-1.8450144644820257,-0.48058292062355973,1.198058476327453,0.6343210820083307,0.34570538576844223,0.9303843727459544,-0.36433797284880287,0.6945382896047922,1.2358320147616184,0.16570614746251944,1.2523055165087602,0.2768279123668074,-0.5063224858307831,0.07474214809007401,-0.5431392313329779,-0.6760982265875635,1.7862114330964048e-13
01ADL0045,-358.76413214049313,7.862027049779942,-22.42064982297007,-56.26642835741567,-45.553001631841134,32.74980763896652,-35.4937266201728,-31.28177243119348,-36.631744698049516,2.6400214334740078,6.437900547677718,-12.856630797928524,8.591172164656221,-11.226112703498064,-3.7066227836576022,15.337776312757073,-13.267749431034538,5.38640964032525,-6.787848280880432,-4.337203444315049,-7.8895439647190555,-0.9845066112396502,0.06128073037715939,-4.079326572963382,8.144264829852192,-7.984716206670036,5.317911338183371,6.629177698560227,0.572123574016212,2.8580199405123508,-1.6952718828325093,1.622459191288864,1.8118923448165254,3.4107637667353683,-0.8976990100762087,1.0399749625890955,-3.387182620986168,8.498524544833282,8.62937456747967,-0.4536384904400626,-4.598069286519286,0.6688248935842617,0.3965078675732883,1.56272051060716,3.235782775907859,-2.2030209666628315,2.2190832165284085,-0.7449794965205455,-3.725629847901106,4.846133397844849,1.8364624784011392,-0.8603636705585287,-1.0436844690547593,-0.4212777770636525,4.153382851544663,1.5479990246028374,-2.488637009488524,2.6580620084550493,-0.9953002914378478,0.19196131330895538,-1.3470665409402385,0.8126681380920516,-2.3063639187233083,0.7536506517991888,-2.1530117910148405,-0.8934400540648725,-2.4469885187785985,1.2226762435433811,1.7072447809156759,-3.9888836896529076,2.7361262668008446,-0.8745412540169928,-1.119887092372912,-0.9745239828253716,-0.8542450433031196,1.4904721960055156,-1.7592726708257789,-1.9497135028004007,1.312804787650116,-3.4254084845554646,-1.0217734457815089,-1.168628569317566,2.275319352046365,-1.0041190341890904,-1.1176858942814554,-0.08157312784304435,-0.31118308612609474,-1.4165758754536102,0.6301542458342296,0.14848490563315764,-2.1457037628982025,-0.16007008679986043,-0.4345835959235714,1.2164726507246597,-0.6575176721187088,-1.0812840261071905,-0.6859354300042897,1.1976052072956596,-0.415296440962667,-0.26007186478739164,1.2276909416561024,-4.061891535450969,-3.2670569055958567,-1.8523869504785149,1.7369807131652375,1.490986787669853,-1.0661882605180402,-2.6626289592760117,1.3078025547586407,0.6949728545969682,-0.5481104073979931,1.2756242232350938,0.8526508479022363,-0.26323257093483265,-0.6323570751954336,-0.3192540445558362,-1.8163318368496908,-0.8143488238729883,2.187824257634709,1.8810474875768899,-0.03673073363537586,0.8395262047938606,1.6382212412886321,-0.15070587721425704,1.5357545369224774,-1.2902400446505027,-2.215180986005862,0.41326501514444913,0.7616239493445579,0.4157770071741458,1.5767333026487473,-0.18350730446541333,1.7614937636049561,0.851579117314363,0.5046147176226414,-0.9285087034482904,1.160351883824093,0.19900179049307834,-1.647737101498931,-1.2968082456970609,-0.4627698215169963,-0.7877828279724692,0.34266868871780665,-0.6158198476985759,-1.7498475051751996,0.012770999169170157,-0.5994447411740214,1.0768867339827963,-0.2160983623015977,1.2098498338372305,-0.01567571660997051,1.6125262068684874,0.3137158664395556,-0.8856527501862247,0.5390620704673718,0.19610589900316727,2.63701218048331,-0.45297891374497057,-0.3690622872201308,-0.7767139341850577,0.1593376902435561,0.31506758366766785,0.8427735152487611,0.06531128606649363,0.8134341169386462,-0.5043337652600881,-1.4890651652999898,-0.1027027200356188,0.5653152419986547,0.8260469574087158,-1.0331740475353206,0.37871692809407287,0.03245264329889139,1.1373724955039022,0.7929597062448526,0.4681878963406946,-0.6607714507240076,0.2554354992635136,1.0559416508872894,-0.3502365936529338,-0.19683709722113574,0.30289686099652574,-0.9202947426758485,0.8203876973728155,0.4922550075362988,1.646702510058669,0.5722091718820261,0.9185935727346893,-0.6131642410324426,0.7609805129333365,-1.5424919386217169,1.160290036835943,-0.7353891743913746,-1.5733766179257571,0.20860246564160864,1.7862114330963869e-13
01ADL0046,-320.87834548803517,-153.91539705361492,-73.94790379241691,-12.386393288235832,-12.11542408898191,-1.509767080772733,-1.6208777881210066,-21.81058459096773,3.2549797811504537,-8.382696703943493,4.964249571408214,3.297771333884024,-15.087934666981296,7.036422392740719,-13.254809532152612,-0.6464337959237122,5.810151245927185,0.48673736475303386,-0.7820426592053252,-6.327021960664068,4.82626792191779,-2.398107901286648,-2.9456631210468016,-5.5787649131427015,6.0390192203750885,-0.3980640974476627,-1.9131660079123158,2.9780779815255487,-3.243423312649962,1.8134704623604752,4.3411127596175785,-0.837685330320982,-8.05343469468447,-1.084773064600469,1.7558907578465857,-0.8191208223543839,-3.509980192166967,2.645194708843987,4.037348698773486,-0.07849107927115336,0.7026318548684948,-3.949492410297979,1.9168256326341877,-2.624699334318713,-1.9586710822442963,1.571832210008532,-4.722031103002592,1.999228589694902,2.936102956843144,4.666111189212758,0.4594723713915409,0.5777922850548536,-1.3763455448870094,0.3382866984689807,-4.693213358730098,3.823444571321296,-2.1629926932626593,2.0369973873541003,-1.3468194258599913,-1.8469155478012398,-0.49897742051192656,-1.6212204140550017,1.1998577293360622,-0.417420729233492,-3.5796718510361822,-2.920320704437741,1.4697522876782316,2.245623809315814,-0.3143293118259434,3.188438249558738,1.8312841651566252,4.501412213487394,-0.025176001786019534,1.1302486760325798,0.8713791758918517,-4.077573985518744,-0.393431941519259,-0.7619435675189548,2.185220446757959,-0.3862123793399692,1.0849459521627558,0.9552462716972161,1.2420733433919051,-0.14547337458945536,2.4706186942524737,0.7490810257428713,-0.938103358333162,-0.4709702081827605,-0.346593015374592,0.589331174236099,-0.07065575201579616,2.954298446623397,-0.27140287937492263,-0.5675355962389987,-1.9711648736138663,0.28549294196087677,-0.5384538758035112,-0.265208248710364,-0.293590214081965,1.9432397091398095,-1.6043282006468902,-1.6890956955391903,-0.7320147498966081,-0.44305963808934584,0.0018136915899703288,-1.6087192094998928,-0.6852899467344701,0.7585900961164114,-1.5006153154858235,-0.17664677422717892,-0.680219450000062,0.36535650159045385,-1.5541659940962693,1.9297025873554856,0.044874091432392606,-1.7802121303584657,-0.16146531449845966,0.9940143516271441,0.6222880174880786,0.08771218318814618,-0.6539830801765084,1.363710096713295,0.13097164122513913,0.48083218024254637,-0.9176154831892082,-0.2058628037325953,-1.9074117454543946,0.19366313972271787,-0.40492907251687643,0.2728491823572844,-0.6655951746134975,-2.154123174484297,-1.038004104776328,0.3139775201342965,-0.8986431334190944,0.2522867764724562,0.10967044806612654,-0.14666826196570446,-0.03610667996220272,0.7193595769317649,-0.40408097247936037,0.15053263319376156,-1.0397752430104081,-1.9334081241514987,-1.1453279439987791,0.5381390099632569,3.1091136518362346,-1.3297492023830273,-0.029426594415997723,1.1898313896884167,-0.5882244647471988,-0.36063567553693887,-0.7281857798165168,2.2003829129456722,0.11254924181351197,-0.3823698736182501,-0.7140905518894004,1.3196214187783122,1.7824173537257797,-0.8809087487683017,0.388814659024957,-0.530494506880302,0.5308176849966554,0.34763471565837706,-1.3014357005132238,2.2926914224405524,-1.381469651363779,1.994648282237738,1.0939467234182074,-0.982118334989574,-0.9526944133238702,-0.07325815091899127,1.3607570832406508,-1.1130531587069685,1.5349238162152403,0.7055532150223263,-0.4938167621006773,1.0434003333229764,-1.1196654927968528,-0.18588111950996986,1.4607359160647644,0.03207306022054815,0.07554303075333667,-0.9925995772269531,-0.7507766364159636,0.8476115157119519,-1.8445090778732596,2.2184507975308323,-1.0969917410140055,0.004171942802663745,0.4021766937333802,0.01942254199689961,-0.6362068622152377,1.096274006189016,-0.7437230604921721,1.7862114330964697e-13
01ADL0050,-348.08476928106364,-70.00965313919755,-9.959919464373247,8.109868616205471,-12.37259995140138,18.63625199448065,-3.8925815417542053,8.981993758630713,-0.5175189547085866,-31.025966232612248,22.404717187952105,-13.235405171659416,-9.0197584911396,-3.882767001999039,13.573167327863485,1.2534718679741,4.074325659025887,6.96457746896057,-12.461389696658138,-9.907458644455751,-1.208413451517805,3.0640933726419743,-4.453695355595215,4.47748692487458,-2.136741374243849,-1.0178828446746433,-4.194681420604252,7.00863477462123,-3.721847906931472,4.205179448316213,4.33351901315928,-4.1640196065361526,-6.250797783194188,4.426009803722578,-3.343747786468434,-0.27098629087355613,-7.152424494076171,1.3985628096675427,3.6785824805306975,0.9097177509052605,-2.1062926068882986,5.227802453107641,6.992438014408971,-5.308009261623351,4.013382486893957,0.7248609186261117,0.4190047406290447,0.863847314813486,0.536758161952569,-0.5419766614043396,3.2040150019922424,2.0630659600583283,1.1516511130703886,0.9007636932950579,0.6676018528539898,-2.039076933770269,-2.268161601826716,-2.287296229405436,0.14841233284939095,0.08681434752857005,1.277429314017842,-4.120121754639622,0.26334841868797587,-0.9891892005669108,-3.139995430113631,-0.07586005906676509,-4.5494699368658225,-0.1464246641134747,2.5028216786202018,-0.14920793507764601,0.7358964993412144,2.486428521208579,2.6509818510797833,2.866645450287781,-0.8050952598714107,1.59069325513552,-0.09958305097182277,-3.6242475869714537,-1.9747556095735967,3.243928683245948,-2.007071723729605,-5.457407101368536,-1.0724634369103105,-1.2327897552751816,3.39366425079135,3.214165763383815,0.8231336029223352,-0.32913623941286696,-1.4944916071381555,-0.6154782099065778,0.8718398599910706,-1.838612536298683,1.4923330930378809,-2.1614497070101715,0.5490210064995507,-1.227400940367116,0.6157879554418422,2.2342922812986448,-0.7849258199513668,-0.0004190004755064509,1.5043901349081301,1.0693982130254194,-3.0561673607463136,1.531332506482136,0.28502433411502254,0.925269119513135,1.910583400064501,-2.1336165309914628,-1.2876394065662322,0.2415987960087913,-0.2591598849624166,-1.6570180475568819,2.926108841626603,-0.035038637314441054,0.6131707761110025,-0.7864520584156304,3.007804504380457,-0.31052619699248946,-1.3826506089206163,0.6698875009436739,-1.870002386242139,4.100727258859785,-0.22637181700116826,-0.4133158086796825,0.1279000799953294,1.3527644285070672,-0.7564735783318083,-1.0400024428760224,-0.47389277727986856,0.2119311607507593,0.7875489051279438,-1.2205567524377292,0.6207156945234177,-2.335874154088081,-0.06966833490079975,0.11822473283956104,-1.315899289249235,-0.8808433135007198,0.7075101195672452,0.5595796641267375,-0.31010787287982333,0.29529336876705237,-0.5274246950941909,-0.08907199679128132,-0.3828348719020088,0.8136470341371427,-1.3815714787605105,0.5585144065880531,0.19136217622197138,-1.224052334069017,1.7440829602820118,0.33054915490050757,-0.8780118502059456,-0.6273423273167114,-1.7499946478380317,0.5307434457507042,0.5649368726722159,0.5088354568987978,-0.5535806192409377,-0.43841740781255306,-0.42918790787398886,1.1799943507066968,-0.7682975273232816,-1.53425167911232,0.8284740166844584,-0.7165753156060217,1.5566304473721537,1.1224848256416482,-0.05855531031608517,0.5149965101023917,1.1416133961740744,-0.4271496693714487,-0.5578158112580478,-1.7722234617385924,0.5141512952553079,-0.24313395820898873,-0.5971861530357181,0.016939826382075533,-0.2751228046610575,0.6110534070209972,0.6008242840651539,-1.1494613140398713,0.25144765053714646,0.1916796442936927,-0.6647513751398934,0.5065909942824569,0.19500924619175125,-0.5867332655488233,-0.09510786121001097,-1.035052668151937,0.33363332758304143,-1.402148507935001,-0.2679855544886469,-0.08322477808003695,0.11822916776965403,1.7862114330963957e-13
01ADL0052,-316.06764574999545,-10.980559956165333,-9.029810695725816,-6.140623957787407,-12.652832835676868,-5.274971408420469,62.72343365067935,-17.22649611937578,22.175502424323085,-11.00173757699443,-16.17117625787585,11.448459678720381,5.961176986201908,10.670081860040316,-5.207712090096673,0.5424172911739762,5.016521569191231,15.142348882468351,6.584239679522242,0.5830653500394907,3.1286770502466577,11.676676986125566,-1.1554503745234652,-0.6023479497281055,2.0500797366746344,5.669644959262228,-7.124525245672439,7.165371845350521,-0.9539634531936237,0.03070206227738592,1.696528758108888,0.3709108023266637,0.9032485495264346,-3.5573076010887688,-1.8586827653105091,1.7371221737065252,2.631115537703962,0.7814381653499788,3.6860040055034324,-1.7117658452159,1.2495280995490605,0.6505998238047038,0.6225162870176615,-2.67523676498283,-0.0055019812173171066,-2.253686263983629,-2.962951998225112,1.420534335910704,3.600195065983803,-0.0192645423765464,-2.433485568914226,4.203351784779277,-1.8534952101485345,-0.09733489505672699,0.3302686121383744,1.9312548414401665,0.36347856043237003,-2.86815712905006,0.3209351191698694,0.05115039998805173,-1.0720447717607704,-1.187477544058613,1.0953766834973375,-1.9488282662401248,-1.8984041151684863,0.13434947447529663,-0.3874627691072093,-0.44877564942106263,0.0748232102649695,-0.436568574704083,0.8448181043217663,-1.6204724979046161,-0.49445563104818263,1.3825059625079072,0.8621556531014883,-1.4638069154683662,-0.03955132778711354,3.002798193878456,0.584159919817234,2.475998796550113,0.16838556512451916,0.45416046089897805,-2.533823487914486,-1.9793362430616896,-0.23109857633988448,-1.178417193832899,-1.5515446809190558,-3.5805594874828226,-1.7419089502233964,-2.3771151550503387,0.21350325551773278,-2.305819224208117,-1.3857936280020018,-0.7663702742808595,-1.2675462069129237,4.4137919413133995,-0.12152749881516473,0.39998407988422463,3.231334785163861,0.5144693397317032,-1.619264944058532,3.6695906535868037,-0.4943747110421908,0.06872279965315867,-1.3382684578967512,0.790481171521933,-0.2152052468526142,-0.5356202159743699,-0.18773338200389075,0.3924146431351646,1.274998625068374,-0.6854110443412565,-0.31430559439642003,0.17476041626577363,0.09601684925265351,-1.0866394801651316,-0.5304103184127397,0.06667225579678471,-0.7496791673480753,0.9097585987695004,-1.341766619946999,0.9852813057245824,2.0126725553857705,0.3610080334607031,-1.9123953230261896,-0.3366050024344129,0.3185526196831978,0.6385778311424111,2.1096418751019774,-1.1410340950983549,0.7826596410652839,0.033934483036352416,1.5273918122651484,0.4257335320602175,1.2297570535117237,1.7185762599243097,-0.5734716168727008,-0.21057960640257967,0.2264827695026904,1.6937355576090274,-0.9798357621565701,-2.0090640658489702,-0.09942200805530338,-0.11151695017656826,0.902234718016098,0.748921278317185,2.2605678367837605,0.7301688677261876,-0.25539493467977276,-1.6594994998674626,-0.5508607770229189,-0.03285145257886292,1.2513533484555355,-2.0526709334481295,-0.33606348917963214,-0.3659135678284483,1.3258990787809637,-0.42620520743863805,-0.9011406041025473,-0.23473425300256998,0.677498187155377,-2.296266778099738,0.5267981099091116,1.0647785952600064,-0.4388599856886432,-0.22643826218173704,-1.5624904502409762,-0.8551402145443344,0.7582544698904611,0.3330626597046166,-0.8462221209551589,0.22699990759493127,0.8064128953647526,-1.3936244898335863,0.5994491465489247,-0.15253957254533673,0.8728135017882742,0.250257629174963,1.3469845731092107,-0.3409494081040113,-0.2896547946038114,2.6680642204613707,0.2787977581789074,0.5878868627572454,-1.4050835028418907,0.7826422689443725,0.15150709398475182,-0.7916181066449881,2.054090698845636,-0.07058968242132646,-1.2632009743389374,-0.6757175032816672,-0.7932309849521826,-0.8114208077568089,1.4526427555897934,1.7862114330963695e-13
01ADL0053,-326.9641607323654,-55.96465732172154,40.264674759550765,-26.1652170129374,-19.631802693723053,-28.718743734775025,28.864862235153872,3.8291174128506156,-7.875979372364558,-33.591918964443956,7.279197320736072,-3.0409614131044354,7.752228348190923,13.556337646202799,-20.531827684184712,-0.929720261496644,-2.618731519937215,3.6951901378498575,6.948520769399396,5.101972771577689,-0.03992175469560811,2.3920817958751273,12.126758115344195,-4.4276847532572114,-5.213500740673566,-2.0300871315399704,-2.0093830670738746,6.130566599069426,-1.2926300539320743,-0.1680863934197646,-3.3857804188785483,-0.8467063088645511,4.586051751175442,7.723666774903893,0.12219492791712917,2.421215286818555,-0.3817031064215287,-3.8314763883073173,3.030962971421972,-5.71329160325709,0.16318498554776692,-4.417735574311344,1.6150446462290136,2.816451576652435,5.1254308286253325,-1.497097083678266,-4.754931019588837,1.821131223170297,-0.8836448616949114,-2.9107626376101563,-3.213118636045133,-1.3348128163206963,-0.20367143186774148,-0.6886573114012509,4.46985130381699,1.0202995605706022,2.4505611473936466,-0.8909708184552476,-0.5744119254359222,2.2488484303749003,2.5234656642420603,-0.23778445486056535,4.668935201516047,-1.1721308519083125,1.3824375796311983,-0.3236889463007234,0.7789750303262214,-0.20762936138079022,-1.227841383191889,-0.7285279632871978,-1.5127039756740344,3.8796961418086746,2.5395176295440844,-2.943203848349943,-1.4577767168904612,-0.19257399591576146,-2.8338995170031147,2.004090232723326,1.216701339942653,-4.564068395936377,-3.2078836336144683,-2.787792089534985,2.4065663601310487,-2.354176794161163,-4.1117847761393085,-1.109203218819878,2.049460574449305,2.6261723027920443,-0.7705389079736206,1.091304419887506,-1.3390594941557317,1.4372644346596442,0.6142874683310477,-0.3016535314140973,-1.2313066844153626,1.0022961696079644,0.31290233890067687,1.9217550108112658,2.0032498550237663,0.36118576539005937,-0.2741635796762044,1.8538524561581744,0.31631230571630353,0.6582857731071624,1.1598268857695453,1.339162432884324,-2.2821300996428944,-0.8942208279165998,-0.5670401433965544,-1.6620539562928078,-0.8206736449574269,0.542976911841443,1.2140752007457667,-1.2928171418947427,0.21335157030956362,-2.3188751439340862,-2.7770879500784833,-1.0389430979813166,-2.0065585760966154,1.0388409132680674,3.2603804535025787,2.013002614039273,1.2824647782468088,1.6271058518195165,-0.6078064134060571,-2.2552055943614278,0.03513670688782514,-0.37590664190831635,-0.02293449850487936,-0.2865635928834289,0.7292246978620855,-0.8052951989285305,-1.1752702933321486,-1.7072986560681211,1.878455033230672,1.0132431444899561,-0.41456868846171674,0.4295070602246462,0.2886757522547138,0.8832304451872839,0.2012464153134248,-0.19836993914034612,-0.45610253081133345,-1.3185974499854216,0.043792116325890244,0.032632552000312405,-0.040205502853442536,0.475661142247906,1.0293474104872065,-0.5095706914760931,1.3613686961235272,0.18750708868941446,0.6922352993602451,0.5050324114428942,-2.8272728366785214,-0.9447496389119266,-1.2134829505421052,-1.0082853051888228,1.284452685919346,0.1178298060262555,-1.2186201666868544,-0.40356803321337587,0.2703358634292926,-0.4982508035018856,0.09226644248810668,0.0327654447137978,0.310284792403894,-0.21781742725408343,0.949684959134517,-0.7581893235467019,0.18734263538185647,-0.4991824111638943,-0.4920027519614766,1.1347966486703143,-1.1332333009206317,-0.46502644936212867,-1.0516784153239431,-0.7737181597783853,-1.0028131239262579,-0.7998997768952262,0.919709214912853,-0.5572742219095763,0.19250823653392887,0.03384977286142807,0.3298114595571861,-0.7912932712412971,-1.755343784324495,-1.0770769937010334,-0.8038812662473481,0.9706501123824431,0.04988309466317191,0.19546384089680188,0.8879938276824146,-0.2969428727556791,0.07686842998900585,1.7862114330964194e-13
01ADL0055,-328.07757519985466,22.007990843574266,9.493470724507869,-39.72604301166191,6.689355248555114,-16.728578860757185,24.589202781036704,-22.632446502830355,-10.702471685449053,-5.352308057896834,-29.262128784352868,-35.36844075944417,2.2376927595443177,2.000978383976201,-13.081693162826443,-7.315728405344803,0.7392891083763663,1.1967358992085,5.08699809374483,0.18039974143816456,-2.408259391988441,8.842980012826844,1.6766705219324576,-3.2445917959569655,0.7971105508265198,-13.78077060789422,7.558513268635185,-6.96222382463252,-2.184006282679257,-1.4394634697554158,5.124466589217222,6.20589887491178,-4.286828142978356,7.504632262122556,-4.658696941413033,-5.249292125481909,-3.368360521171621,0.48924773351177003,-1.1671138095090272,12.242852221584823,2.325374787597673,1.9360075657686706,2.107062636228327,-4.037475339736757,1.312018249693659,1.592807952912869,-2.422722832196009,-0.8777921758682448,5.565678678468562,3.3472403205079826,-1.6345384463934252,3.0966873325060287,3.2456620416268644,-1.098320580130559,-2.460630030144998,2.490876507820525,-0.4928261401818593,3.278381203699949,2.029873682697878,-2.225303263845314,-1.6476021426818053,-4.7649513844689455,-0.08793390008431048,1.7748883685475132,1.264639115457203,2.0513581279864797,0.5275046818635416,-4.416008324558933,-3.902167853237068,-0.7426860424065465,-2.354902744772466,1.1619595185030105,0.042851679559633135,0.2644588471862736,2.487921302505366,-0.0076270245876754374,-4.009011885870664,-0.07255270625452259,0.4516538391127657,-0.1393781450424275,2.0798696112186827,0.07635442724308955,-1.990402862113337,2.4828320066142693,1.2712505598860717,0.14142814867726547,0.4315458106411074,4.223020426190119,1.239068605638165,-3.098168912188925,0.38680728636708706,-0.8619769621902335,0.31979815157189595,2.282056063439298,0.005403860482024883,-0.792388076354082,2.5816076055305186,0.48727594967593146,0.9313037634083069,1.0691129742337682,-2.078626624536112,-0.7266454561922019,0.5653532513516102,1.6093352670157495,0.4081009220828274,-1.2031367732641727,1.249008244087612,2.2784547652666287,-0.22914565890875485,-1.6643412155606294,0.3820505892362105,0.46824313312641447,0.135908225033343,-0.4305111171734122,-0.33055761947386886,1.9599830072694384,-2.5580623270299734,1.2037150852198426,0.8063052861148725,0.5328953231151069,0.9955981355952832,1.1899854280510815,-1.639046712888026,0.20150735972945008,0.2539694799322503,-1.747308180184077,0.693950883002081,-0.762538069652391,0.38409227786240546,0.33481004813045967,0.24604588577790698,-1.7763579735048367,-0.4013749974182696,-0.9058197553943331,-0.4152730515101033,1.6297544712565086,0.00036961186219979723,-1.15545372144304,-1.6581779894013386,-0.1794074571950714,-0.809842213516478,1.5850405471609392,0.1200694796386407,1.9645779933986167,-1.0833456351920052,-0.5121310336606791,-1.0095960063927332,-0.223383139625913,-0.18351465124842903,-1.7314294892112154,2.4865577099933844,-0.6549161700120562,0.6371499107440798,-0.040893788890504754,1.352088413503084,0.2299046242688241,1.1969245574889231,-0.507144887052179,0.9924409740599641,0.7525303644968708,-1.1989515574664382,-0.1363963694229216,1.2049038482364467,0.9133952621771587,-0.16086955902885386,1.5705836404108453,-0.1363393223837718,0.853429410710214,-0.013786470588258142,0.179393110916848,0.3559346594157203,0.3933375622588387,-1.029350931678887,-0.723563783937317,0.11168463107702548,-0.24474234518911983,1.0852456005060185,-0.5855316186641139,-0.480103809933325,-0.7452852169630287,-0.7566779926371073,-0.22519370656578028,-0.41058157097095366,-0.49492638656670224,0.09314335022589826,1.155167861463551,0.7706521898904306,-0.9431286131887775,0.8675437510673782,-0.5073890765076412,-0.7509484282991318,0.9421393556760943,0.3363936560674802,-0.5413847379296529,-0.0991239893174072,1.7862114330962917e-13
01ADL0064,-311.61526903812677,10.673090265674958,-62.68223715487337,-31.486990616290875,-18.822529955436746,-24.330057023526123,-12.037851513468071,-0.8210593179726956,19.39167142207456,-12.86612081660157,-10.633668155347872,6.553887512725906,5.710738597595407,10.570582023335469,-11.479898855366493,-3.7147976127257447,-0.19620727192775117,2.9423150347019353,-1.1299447442630048,-1.6106717206886925,3.719411629973175,2.978644494293762,-3.577640884655858,3.869414406726419,-0.7333763108859485,-3.7547165836167657,-0.04726832905928463,8.041075202900176,1.3807584450467218,-1.8330483944147489,-5.604965306241936,0.5844321662534386,0.1120865951880035,-0.9316610201977571,-1.8124738443106758,-0.44603278026103976,2.8939319503817083,-1.9302352237404465,2.0346762265721408,-0.18918318676573187,2.454019004290785,2.411164611760649,1.150914929988937,0.599161874192709,0.4703722169595885,-2.0692395342886103,0.8773851749502215,-1.0721206965015058,-1.3706519654164013,2.7496711253757793,3.8851906906774514,0.5266229253821031,-0.4028790137682783,3.6767560534644548,-2.155960879402216,1.5212100249753142,-0.40785762051884905,1.5048116596681909,-2.173726432514861,-1.4435020291177227,-1.8332193802877266,0.7051922070180344,-0.5554567988577551,-1.6862810693745311,1.7969579293246103,-0.7969049266390241,1.1771023658778592,2.149889641164811,2.4391082861961277,0.9646704453485934,3.3114412459974853,0.7782427852141006,0.2666552836976935,-0.09906143132052941,-0.9716279558595299,-1.6366581333212904,1.9024673410405482,-1.3161922148200023,2.4445641609532167,-1.6498328761319947,0.3381418393382379,-1.112683344174675,-1.7008258187114744,-2.8308681005839813,-0.37449157100859554,-0.5810419801448546,0.6553075197260466,0.009714383827437735,-0.7622304878261967,1.4356029202051297,-1.1486955950139184,-1.023860020435586,4.981654549711981,0.5448791912182698,-0.07240532552897642,-0.29404938389521973,1.5935478265164447,-0.5102692973529422,2.0045804033053107,-0.42077920511593914,0.5272861007925297,-0.924215395331664,-0.03686199334026784,-1.186305058605004,-2.134407264763183,0.9516614775552313,-0.46328769269229636,0.7508474560220532,-0.0320849603520226,-2.7633127934124935,0.5135861510814776,-0.6246601566672649,1.5457782732308873,-0.16275694080791284,-1.2646576734181307,0.11621259979298877,-1.2084758495081986,0.012272917067215037,0.5857900725772437,1.0695908189419725,-1.67815443443501,-0.2563013252906637,-3.184340197182887,0.07665429421429298,-1.073581711000202,-0.4518739339567233,1.0576602718329629,-0.4243449572785362,1.0040665805960567,-1.7844590677566898,-0.14819324117185018,0.9563950407571704,0.9617533353038228,-0.7613967248041651,-1.1698921739341812,-0.6498441011155067,-0.16575536559995982,-2.146999145872898,-0.9630996785338505,-2.023257370852984,-0.9862669942594325,-1.111826260520125,0.19179315246075096,-0.7211559523084764,1.7099959746741724,-0.6043161395062907,1.252176782255022,1.0636073153662644,-1.1062140093536983,-0.849029387326528,-0.498686164944763,-0.48819388860318996,-0.24694638001770786,0.3542191795174395,-0.6145764337633706,1.863571012396625,1.4782102823675278,-0.6204415092254462,-0.6556967162731746,0.21726343151182748,-0.18685622986337602,0.17422084957172768,-0.9477314781581058,0.4660255859027,1.0970427204883755,-0.1759870375777447,1.615486061019961,-0.3663954089249052,-0.062410167898279766,0.7196686976918882,0.017097689632035406,-0.14447802806651874,0.40365502512962104,-0.7671775226837618,-0.9742613069606184,2.233653452279836,1.7043087392131449,0.7570821559848554,-0.9936869348248946,0.4348643778750887,-1.0848133567016478,-0.11947381492921273,1.4923741999148228,-0.22254067766505897,-1.4495143183010732,-1.150735313427371,0.5788841895208714,-0.6628181188693751,-2.33985636341605,0.5808714744673996,0.5073260184324402,2.9985871116940612,0.564691101150421,1.8060752746749371,0.7188599467203465,1.7862114330962796e-13
01ADL0068,-319.8720925833366,-95.7762134772945,-17.827609382224992,-36.50040413404944,-2.813605327546292,17.66125505904988,22.781542534873083,-20.532031114695645,-1.1353343497966526,-30.440050040602998,-8.804834430051544,-4.540191559845969,-2.579598091652796,-3.8201396736761644,16.655763562581082,13.157010435353921,-2.6031906403771354,-4.700414451499911,4.485307084325539,-5.232668455963455,4.777127218396176,1.3693654212826059,4.6499188642987015,-2.818991298265749,0.28227675800856383,2.6929027276235535,5.343410908428503,-0.010590565732003126,-0.9725050583164946,-2.569406048588394,3.7617898626448927,4.137383266960295,-0.7679665457593949,-0.9993421698995855,-0.004737533176509478,3.6008947205628004,0.6018477350356102,-6.963445616030054,3.877631756056193,-2.3052417942607826,0.5391359582419154,-1.0050716628722094,3.566280386206521,-1.6994054968832688,2.0737080935411845,-2.110115333524904,-0.42928059277519004,-1.3291163755684714,-1.7949093564639,-0.09616737732717329,-0.2519664863189279,0.26883105075111946,-1.1864339664910784,0.7242041184409238,2.8988974597842754,-3.5089095400369814,1.961490357817408,2.222222504947735,-0.028428615502136198,1.6568291118890521,-1.726829118585834,-0.4938037070181869,0.7113516345898796,1.1418993135534043,0.007117747432916485,1.0006097622020895,0.9033245869917346,-1.2729799256240615,-1.310912028395148,0.5066898449542223,-0.8380968852494076,2.9823603422243963,0.8484908995049822,0.3408855669615872,1.3462915183956634,0.7668542858019739,-2.6517719118849525,0.0059287566497413,-1.7972798423012946,-1.285356790777382,-1.080221569846653,1.5808011061648357,0.6492987117750323,0.7698053424366786,0.04459582462574758,-1.251592754723179,0.09704847064564538,0.772832752201751,1.1559692093415048,-2.30376493816654,-0.6564278396103587,-1.3556778201974358,-0.7905268902166495,0.5316891161734123,0.49370414526857326,-0.8618847971324176,2.0312804491924807,-0.21364475528584775,3.0943531925731893,-0.8008200993497299,-1.540628511814631,0.46411755862627785,-0.22896714924442021,4.059144271158925,1.660714445278724,0.20511595192040438,-1.4707799818511595,1.5026809968246275,-0.6304012028399076,0.1715058758741733,1.1915531829365196,-1.4093374636144875,0.3418297982732434,0.6855063832023419,-3.7214608337378334,-1.422825243795611,-0.701058176170027,-1.3768205946326526,0.9343441068674231,1.5759355466295621,-1.0643678187544376,2.0504961988330677,0.8114355996704729,-1.0436400273945987,-1.3476303344701723,0.5604053113643845,-0.25280953625709884,0.12261359018381031,1.4218291778200267,-0.704033592139488,-0.744178897503843,0.17148833716340084,1.299178024445945,1.412010995708965,0.8913249959555856,-0.9596658607022339,1.9675675002715753,0.21819707220208442,1.284942737494893,-0.4087782742846433,-0.37794861535887614,0.32502265087294585,0.5171118230876567,-0.16410772933322543,1.4534426522374722,0.14632690821180344,0.07691744902535819,1.579151308441505,-1.8137117780612522,2.281947702182526,-0.11590996483148261,-1.4048826634728733,-0.3173067378324195,-0.6501880821526568,-0.3842631792062023,-1.1365514478549368,-0.17837137721982219,1.2895937359524074,0.5671628500646764,-0.8418596841404568,0.970854980638815,-0.4164878393833325,-3.235027047399499,-0.18074122559134156,0.11446347165197877,-0.6493905982630934,-1.4288875339278453,-1.509007032681402,-2.1633899032880892,0.3456527322473862,0.7910134618337177,0.43621468949907516,-0.2082309673668617,-0.10908279010336171,1.1248162307416112,-0.15575130716440155,0.8293579602197128,-1.0356074539835605,-0.5479239673139331,-1.1441880189109752,-1.6845915310667419,0.35560579937598374,-0.07542844056074297,-0.22868182324416514,1.2034564681233317,-0.9187257847677055,1.0776864175211773,2.067098881331888,-0.4600463607979285,-1.4873400684169342,1.2926462792943232,-0.35733407856800403,0.3559018320067588,0.3819816116757953,-1.9421203950952253,1.786211433096474e-13
01ADL0070,495.04241874822617,153.91254003603854,-109.02419757102405,23.669092175416736,-14.080940818955288,31.041316696337066,-28.771387809939338,21.19128202338382,15.748508481249903,-10.365633094616182,-7.085756158970228,-11.490046490658615,17.216831824177312,-9.843208952789078,-12.759407924031374,1.6463640520663243,-12.06022427171378,6.867828478302012,-1.6055174958012202,-3.8680038165480837,4.417834816700677,-4.963515671729238,-10.35754177685804,-3.3255557085773466,-4.672139320745739,-3.5671510076695943,4.820760987224099,5.8624041090618615,2.9014223765173486,-1.1333977220984592,5.446735700559915,4.034399591323527,-2.245467248068918,1.2240809218032034,5.322170126380672,0.7098509902019317,-1.0902071349906066,-0.7171365382543404,3.0428625108112146,6.163741445750882,4.250049098685976,0.48272917849054897,5.43674589734872,1.343442847314065,1.1474376854506232,2.5615286396967254,0.6352357566904675,5.065673218435067,-1.1284065684505358,-1.4351648088658446,0.07200097598917177,2.5006806152453667,-0.3825237323131245,0.989881669819112,-1.1919584874340896,0.3645614840985914,4.816414156280454,0.28494926317390545,2.5867361166177263,-0.6699143561449045,4.265257421306774,5.4694119163799115,-0.6354243082104502,-0.6278198931644118,0.9470738107486248,-6.390633827597776,4.9158159705284055,3.1890305746299448,-2.8661366508640733,-5.458422842060139,-0.2575539599962546,-1.3508095520386827,-1.0439699179178612,-2.4575349940539835,-1.9420188202619355,-0.09578526566838219,1.2552381684433889,0.49513043307538046,-2.1996929592757413,-1.322977847108047,1.0298302554834446,1.0812591052856204,1.288189896922488,2.916301137539635,3.0772859450565315,4.925824185956474,2.0379195900310916,1.89699568827535,-0.9809699420659423,-1.6599807946300402,-0.40499274112967104,-0.6496087327022142,0.43833504818266167,-2.4334960384007442,-2.5351253874965924,2.9010470359706013,-1.1206236940076888,-0.5733697151737588,0.3996194600878633,-0.9183629115987494,-1.2297899765459055,1.6748301494666364,-0.268285660447739,-1.2357679099010141,-0.4296106871853074,0.3654680337691646,1.352297365170016,0.1829084095438462,1.5142114678332843,-1.3080583394163945,-0.10951132467127925,-1.1439533348468287,1.1449136150279575,0.13773236299688357,-1.8712877761303672,0.3051059104974156,1.0350104843301096,-0.0043766761603220555,0.7036792486827181,2.344079510299936,-2.5836943447851115,-0.6096761991209005,0.7703127481590911,-1.2038585924675447,0.746957111228532,-1.0738947405763244,-0.18497494466851147,1.464400263751151,-2.6332022087187132,0.03681526340217965,-0.27715032839757164,1.8702491841664102,-1.510846041552814,0.7503653499732332,0.5243332122594638,1.0973156174087833,-1.2068927824343751,1.4126723841058264,-2.1680477804911504,0.6972008217400514,-2.712893232660884,-0.1233288776476042,-0.25631604280055065,0.29152033741207467,0.6557956411383963,1.4225257207628477,0.2641413196179099,0.2857660269448993,2.651625768719857,-0.37878433811922346,0.07550646124513243,0.3527938025054282,1.1665360039583064,0.07743047400100475,-1.1260403541211506,-0.5053796889832198,-0.33233720034486636,-0.4469232990621246,0.283524401759555,1.1221553468664436,-0.6503776503617414,-0.16202155948397384,0.012127863348765224,-0.33157029771425134,-0.5917088904485927,-0.8237223440678122,-1.1407524426633735,0.1042926086666246,0.6965752969132409,-0.21012092521183084,-0.6400083664866546,0.24078482021828926,-0.4799971625444421,0.38817336000794916,0.9029993305958828,-0.42954630812319006,1.037608782186634,0.5576738225260114,0.14007950819351633,0.4111863481266374,0.13624258114701704,-0.3807790588535302,0.42408702141794025,0.3321607169748808,0.964436835543184,-0.6993260950951709,0.5793414545750436,-0.3392543386316334,-0.5268018698399675,-0.44713294594367164,0.7773179577182208,-0.2756654267680742,-0.35344038958738927,0.17118551455453135,-0.9326028763095814,1.7862114330963642e-13
01ADL0071,-345.73983219910633,63.47995661862478,8.153561459024337,70.99407616442946,-18.67653934887376,-10.725935052634231,-55.84883042464051,2.5297530485242476,-18.925166159302137,-31.56927407687075,-1.0670496519041868,22.716035421158416,-21.172561721470565,3.7465829273309783,13.809359134523962,-10.548268778585436,14.368937348765915,-13.600095811659049,5.597132266965079,22.32348238111351,-19.272040773451593,11.317901991528139,-4.167383955260616,0.141494320136935,-3.750661230684507,-3.508277084497185,-0.3611928343848295,0.6763818710373238,-1.2126152009127495,11.224692843495593,3.0921578337232916,7.735017326699893,-3.625295911735108,-2.9356456053279607,-1.8721423016031746,-6.482573356069903,9.34466096267562,-4.558354277978553,-3.7958442612204926,-3.4408264052350823,-4.398339226042333,-1.6579076149830283,-4.600162114008568,-2.838872373887676,-2.4305667998775826,-4.045248938892978,-2.3360933513337985,0.9084419945003047,0.020150997896282916,2.7936790836522816,9.998020069917423,2.8094391203306293,-0.7585603480696718,-3.1305791250676056,6.258953130020033,6.418028999366398,1.1434188163459482,-0.06699432621601868,-2.4533290698003336,-3.160685905698496,4.117005064839159,1.5208015231494352,0.018458073784333364,-1.0742557009202682,-0.23616694482844391,0.381065592241151,3.1620619355597683,6.233149047517632,-2.8115912198880655,-2.362244237175029,1.8414294782144567,2.5877688240434216,2.2151212260613553,-0.2823379921941969,2.2099628796264326,-2.15989734805121,-0.06685397156088344,3.7644457247074374,-1.0060072707818992,0.4722484129106715,1.5873864132122455,-2.318095859507602,-1.1585033109420406,0.5114084873396592,2.3010709714039383,1.9457531648002058,-0.8763117722080518,0.5370358793831852,-0.5346551433117546,-2.5063683621732413,-3.763820954241369,2.6400083680482602,-0.4366625154859915,-2.566220045663464,-0.23943745234965894,-2.086394551079728,-1.0711827043848423,-0.3422091415577221,0.1421612588946872,-1.7632650152754226,2.3213243130373127,0.307583391375427,-3.022288687379927,1.6613748673137345,0.45900091451521774,-0.20295757080863916,-1.6871668269447055,1.0953458626589625,0.3358149700340708,-1.1380832521857303,-1.0449864385118033,1.521446085987336,1.5569573018824394,1.0131223989367992,-0.8603106086218016,1.7592824662605413,-1.1617195151634865,-0.1697412711986238,0.38818582419985104,0.3831325747524357,0.028659957282081566,-0.06761543845216567,-0.6391377779444289,0.06833692866777909,0.3626194900995201,0.6035096078982116,1.0954484790248322,0.11445239178201054,1.1083233819469291,-0.11774689746315231,0.9389599290518911,-0.5160989335614883,-0.9123245048186768,1.4529786414895216,-0.2098850793766295,0.33348060214488573,-0.4264757249420012,0.7177103022890035,-0.5520747121290217,0.43571533861882283,0.693007447295259,0.03196519952885322,1.7249936288144874,-0.6908800542031577,0.7734813838552166,-0.5134330307856824,-0.7723493250716998,0.5655023713684679,-1.1739632595819496,0.12576140043547518,0.40659266701370367,0.20141862766578364,-0.04261661282743816,0.48173004055546054,1.13505078028561,-0.286273578570819,-0.31197708493423115,0.762356439677481,-0.0651971161358795,-0.5078789441899759,0.6171435393869623,-0.6936385727808241,0.31385814563257824,-0.7245394021748026,-0.0569431416636556,-0.626633231180855,0.16213750820265777,0.3872657605234135,0.4196336476502678,0.7341902136586808,0.143024194012066,-0.40200386142109507,0.050754870839332424,0.27225175488644277,-0.1915390402079015,-0.8267208591392752,0.30459866237754873,0.009558326928541722,0.25059605244889543,-0.18543128688572283,0.24766971453357106,0.19081920912800038,-0.34361360274581454,-0.22838670966584096,-0.4592806507568782,0.049270126164902804,0.1804007904375812,-0.806935254020095,0.3560499015364861,0.4227781182265933,0.14309154937773144,-0.2795526194221836,-0.23987631368354687,-0.17377404494001922,-0.32004048233808563,1.7862114330963942e-13
01ADL0072,-348.7556626692572,46.275510271746,18.126059284006974,-27.958427391545598,-17.275344550789885,8.719538867669963,8.858151127230977,-12.723206812953238,20.40945420436375,8.903146911971712,26.147352528964962,5.721137367545072,-18.11605642693531,6.496829714222104,2.956386692168043,-10.630197435131084,9.468834959185426,-2.883706992598618,-9.665102998623961,-7.597767414760756,-8.305371051665741,11.06931576999859,-2.306851338309165,7.1085138657268985,0.31120856231116056,-7.487580958184775,-3.374005152249789,-3.1262834834517794,8.83835835144976,1.0227524176519123,0.6208186490361151,0.3519481811804552,0.3671055315775039,-1.0880937902738448,-1.6601063027113734,-5.959907982492189,-0.5670703199763294,7.819255135936712,3.8457623884211314,2.483734173370366,2.9440112200723463,-1.8583662025446004,5.095533137750546,0.23351782302822696,2.25991394821022,2.7643691566377537,-3.9670083879148352,0.045642360847644475,5.02506392613662,-1.6751619139027367,0.5967455658852152,2.2580277088017953,-3.0804595331072218,-0.3359445687249137,1.4477623057363613,2.1797261360292457,-0.3145741962615464,-0.14795713196649518,1.7077591048547422,1.0366382844813093,2.657644707963904,-1.7552670174186182,-0.5009089960626909,2.0206924861724485,3.0348384813757585,0.47225756012713443,-1.9286370601419005,-0.5418676975185793,3.6591017127928027,2.588183162157987,-2.1283328766630385,-2.476059497746684,-0.7586251903179896,0.14939629811773217,0.959835729500738,1.5292943126051042,-1.3741038827389556,-2.7880807568889914,-2.252055758046319,1.3480686184390482,-0.3398222921818875,-2.2950451988725957,0.19007798650217633,0.9813807965434551,-1.5900439239898647,-4.369346775576003,2.5012958414337287,2.625630011924789,-0.2772810960788004,1.938676785549295,-0.764467335204774,-2.370093475025523,-1.8829925787233168,-1.227987671373219,0.69186659665318,0.0012283440602475458,-0.4781913381907527,-0.44040221636549415,-0.5216977370635743,1.7983361795569628,-2.147397517110235,0.6568081592031157,-0.15683817543662978,-2.7542933508756904,-2.356944106222607,-0.22861185538061748,-0.1521890337240938,-1.3549123521447217,-0.5579097012701808,-0.2681277862535237,-1.9026016926875051,1.488487705249068,-0.02786150941137174,-0.5322631062843411,0.24083290141017424,1.919083715537474,-0.13632424672748084,-2.011425612908951,1.4951738276862856,-0.8448749878231097,-1.509336788082811,-1.8415690000808862,0.9553482301187094,0.35911931181055584,-0.8119076150681521,0.6161950965025336,-0.6595715945080209,0.02851426242962864,0.43998320226578647,1.2250576608854207,1.977803899326062,0.05991984530602292,-0.17816645789293548,2.161032827698023,0.8705600823927963,-1.2836497185671545,0.47257003159763433,-1.3018393154936763,-0.16917011032058069,2.3133818664416235,0.17548644717575174,-0.4149950141416578,-0.4921509239106472,0.5005810690577974,1.068841322800999,1.4193470205368413,0.6609456806712241,-0.2333091291925649,0.07416273266878372,-0.10794112995566223,0.30232478905218263,0.31268525687774895,1.7337766047880894,-0.14334097181322006,1.1845372929592568,-1.3120931752203673,0.29630529471814365,0.40430777750574487,-0.7056780933951926,-0.22897125472284444,0.3227055513935026,-0.6428045830706365,-0.6010691362900061,-0.4381428172847459,-1.2592150472366148,-1.1425514522431417,-0.04743729012158995,-1.0117411673246077,-0.6625694389853156,0.7718114015192774,-0.1292606219328711,-0.07824764397855054,-0.8340569789495745,2.8065052231381578,0.9471061695280559,-2.328709369889507,0.0520249632792739,-0.017277484314424493,-1.98687396160011,0.5007133272689587,0.04478120581840866,0.15039376272844374,0.537691971182764,0.19018197771557332,-1.134018763788896,0.9840405020916256,-0.9644130527673017,-0.02565534974310609,-0.7880139367728297,-0.06933818756057084,1.3525280392347354,0.9312312764223404,0.694719886513659,1.2784451982355742,-0.3546133218564336,1.7862114330964492e-13
01ADL0073,-335.6559301438352,6.599756085463158,-100.44608826180907,-26.100814178664177,-3.027244936678609,-8.289919913055845,43.09428889465419,-30.735402179880836,6.068824104392782,-16.278416176677183,26.305816733946763,-13.321931804359041,-28.565296093023647,-9.881515684036419,0.03987276809225379,4.697353677669737,0.28521365762390793,-2.9598042676967604,-4.929089464289244,0.8227868548607428,-0.23930975503559554,-1.3366059055865867,-3.8682022126489337,-5.44642508320044,-12.617889439890117,2.1361099360486837,13.183585359064672,-0.8452804161369447,-9.842694345155126,-5.959604433835314,-0.8484313046609034,4.635753242697971,2.5985383035175684,6.7048047107867745,-2.147041183064175,5.2360796901147415,-6.1451842745652625,-3.7146981942251713,-2.8489553743295555,-0.6195434226358758,3.4274374187394674,-0.30890215315795577,-3.060336832845262,0.28335626131150293,1.6026143867946145,2.938710370264153,4.072431289502193,-3.224251336849167,-2.577577832947253,1.3513509031197937,-2.0304258691726327,1.0102017119039803,-1.72196704194631,0.7669531081121418,-0.21012026438501186,-3.119513413946016,-1.1495127665596152,1.9233268916168105,-2.70236646246103,-1.4022082305197363,-1.9628212871248978,0.9980874975588023,4.2300716923469865,-5.2242907196482715,2.4832664542456184,-0.7574273906651753,0.18697629176963307,-1.659564137203935,-0.6858533626600943,0.64892853693716,-3.053193707950575,-0.22316980180369053,3.899697484371119,-3.1602239775816705,2.185346895896138,-1.942810658484825,3.4047709804654867,-0.5430725931294189,0.3481408352355163,1.2270558652726433,-1.4301287298900431,-0.7154877274322466,-1.1289214995126076,-0.7137493239376903,0.7315250510232703,-1.5034352967728764,1.1013832022731904,-3.825900831056356,-1.0768805078158017,-0.866423221056137,0.8395669242114464,0.4691525986757995,-2.2558771080562323,0.2751140308147077,1.624793022461711,-1.112320212976012,-0.11466277333555462,-0.8560417103661436,-2.1069239358056375,-0.30588038751724994,-0.6821878796393653,-0.2761673254250244,2.5218252159229206,-2.870136495206664,-0.6758823787430831,-0.3504715653673755,-0.6684135991096986,-0.40655540853159094,-1.5707649913633943,-1.844360602625148,-1.8601433799406482,1.5478105035361993,2.3149419235176376,-1.2020755529961338,0.35469086161890484,2.107688598160427,1.5726530742728368,1.348717934735514,-0.35259348025422105,2.0962846526235097,1.305438600032915,-1.423605986828229,-1.0927925117981483,-0.9369490322740845,1.1485529941236114,1.6102424932138821,0.3803752679557164,1.8210804945325558,0.6812092939009561,-2.7975496044918002,3.8078440520923382,-1.2093104518797024,-0.14816525053484375,-0.294608440059432,-0.08259485565585842,0.5221101504019099,1.2367759671804637,2.1901585967136725,0.7021499795615472,-1.044382807932203,1.1877169138136519,-0.22008409698403494,0.6972660851114633,-0.9050658667155812,0.5693591139683696,0.6081794996743526,1.867037054869736,0.780888318507754,1.304658673857814,-0.2948306151292778,1.5214145065042404,0.28713969515749654,0.13330121308440765,-1.0666167191263318,0.3813115442837762,-0.5430159109620973,0.336624388850906,-0.9325749835910689,0.23190830718356334,-0.33028509065355355,0.9121252158932984,-0.42374311993195934,1.6122929780304551,-0.7157537742344883,0.5524881329481812,-0.10751087915144522,-0.08686201193779712,0.9022125200106113,-0.5580657954805618,0.18883592699412813,-0.7923972068748517,0.9841952008215661,0.11735136552826685,-0.7281401595791296,-0.2951278444209614,-1.0554146899895718,0.3128892797891718,0.2814968272602274,0.5328467964743859,0.7534129715577855,0.3628770355432064,0.4303819538286908,-0.7838631837679463,-0.32644976072933396,0.07803906005876853,-0.23103265960610517,0.750086174964432,1.0054013195192373,0.2852626818748572,0.6044017770815538,1.046698311347968,0.010531388539572898,0.3983746427719178,0.358500028135745,-0.07908043343786106,1.7862114330963927e-13
01ADL0074,-368.66830228420866,-20.92209982558067,-31.096362533640033,21.445973891166492,-53.38794517461938,49.33625844869318,-43.88480248993674,6.564346054080296,-13.898021717169016,7.736229847667996,5.968428815469301,12.960100288685654,9.35503998239442,-14.9686727936635,7.017888081705954,9.015875633190468,4.251152270862466,15.092737694515195,-0.08804204352743547,-3.041634375340142,-4.586198238886074,12.43257732146435,1.718985731918199,2.563942094876016,-1.690375674983523,-3.626481610379908,0.9159177269662337,7.1910397292178905,-4.839708207919588,-4.889540444825366,-0.4629678756681578,-7.4841739205869375,-0.6434501113803077,5.8355519075161615,-0.15155710347724835,3.693876205945938,1.5642324664775966,11.959807863171363,-1.2639716967351762,2.186218414794014,-0.46765775087359046,0.7816400634192058,0.20057718308624353,-2.477318951270633,2.6415551407947038,0.15990828983607533,4.6760590157607576,-3.530006125237752,-2.471451399805765,0.2284135253366042,2.6190812198433435,-2.7058552645425884,0.9897902567054808,1.033941327862106,-0.36476332841291637,-6.306518308307752,-0.5001031976958329,-3.3209416876217652,2.676300526845559,1.4009230049304988,2.0308044268042518,2.855145519315212,1.2046470530184978,-1.8045308824446558,-2.39916924394624,0.8095983328001701,-0.24495309958760733,2.250229786042121,-0.0217805475507282,0.4716830117192058,-0.1102897031764945,-2.0872855919612636,3.8749172363184674,0.9910311922206088,2.0774144489644,-1.6674119647290169,-1.032866743518025,-1.6008922661624456,4.444068681570779,-0.7897274594555325,0.7342115160870565,-0.10860531982992334,2.0812459180391034,0.627752767727017,0.23304274620927154,1.0812037941089823,-1.5885104033858648,3.0999632370068135,-0.395666114312238,0.1713984705781227,-0.20701126349313692,0.7033080398987386,-0.5860055181828024,-0.31996654854937767,-2.315693059402998,-2.1655307796329977,2.3159957461279266,-1.5274740987929643,-2.3737158709343387,-2.0163056669917885,-0.9980290949443611,0.7824962801094831,-1.5898089649035276,0.6690366223062456,-2.1291748286989476,1.518125265199512,0.06057711001941334,1.4732447600558167,-3.0798204979098123,0.37364351935374374,-0.48444030641740365,-0.8886492696984367,-2.1286013587544064,1.9107000374630647,-1.2716834068454141,-0.04396219806533696,-0.9664957461978375,1.304968415292121,-1.7392818600008584,-1.5858725195480041,-0.08958154845390297,-2.4012243698262994,1.3791422194902534,0.9285186444020309,-0.026210685767017954,1.593395583017374,1.8144878149100927,-2.16457451515165,1.1829048606124721,1.6761511735560957,0.04294430981769504,0.49261085688263223,-0.14754318217125673,1.751479398791079,1.2565567636838861,1.6167588055205855,0.9477640551034263,-0.9278002268497647,0.32754827701865685,-0.0770299718796135,2.4456587366875775,-1.5215759113451421,0.4440811320874493,0.4568343206072765,0.19336483163005486,0.5581318434581549,1.1068656002646835,-1.5938702902218276,1.9731431067570702,-1.093587589259781,-0.6850598361320004,-1.3949984671946076,-0.7615407287919775,1.1026846379021567,-0.9713037375419382,-1.949490470218181,-0.29762316660170207,-0.1847791894539547,0.7350851520343058,1.2296526020012177,-0.33112803184467193,-0.6733120000224341,0.31983066874470306,0.5806370775034565,0.01461148006300742,0.46724413600339465,0.5796479807154593,-0.12039232251262966,0.22357809832966014,0.30647816566261177,0.25065289567568055,0.4880562897515105,0.14389645339990884,-0.427792506591924,-0.4357854538246152,0.5118950862582173,0.07511945681915136,0.46373726878525273,-1.4243236537240338,-0.5226923796305457,-0.566618877482927,1.1423326783677217,-0.9442035320491708,-0.25031233664106145,0.02339363538008653,-0.4757251026436773,1.5145546023554537,-0.24912277252260018,-0.46584590551477484,-0.2909423611990531,-0.02572566435865596,0.19651232282017791,1.0241069027681977,-1.5141803388435575,-0.37437214156206955,1.7862114330963874e-13
01ADL0075,-313.140198545821,70.53624347873803,-28.73235473270475,21.245983488666745,17.681534679384917,-29.19638625049491,-18.5801200881775,29.970971914167375,12.219925523465728,-29.732641862517404,-23.55489510668863,-4.831168898076575,-6.00098723411604,11.049305945756313,4.828131712664622,-0.877566601187108,11.833502867083316,-5.775504658339445,-11.533540202548382,11.245310676822498,-11.193067650454772,4.09664454828201,2.982247095658491,-0.7050931848679076,-3.821004159337576,-5.708341699236393,-4.952291784079252,1.9167094066982167,-1.2561751550984215,2.2929954767933145,3.707141895921029,-1.2302562215446413,-2.2843472831057396,1.2711656601642063,0.45130793803633484,-0.12282725917584845,3.203176680302299,4.125190970568103,1.0045250678855555,3.037944299857339,-2.115059458240709,-2.4384015395504632,1.2155092181364848,1.989766905722833,-1.872201318313286,1.4406535872265551,-1.9421266676921003,-0.8697170373498381,2.754368080725973,-0.07443395695652952,-2.3825752770103157,1.8939590135821884,4.499950476474395,-4.430670906266978,0.8603341014462532,-4.2030669876896125,0.821837389339265,-2.152829458442969,2.0322796385714685,2.1817805852180583,0.44504445837558504,-2.9912713524849477,0.9080017525010581,-0.3214170367688582,-1.0748902657141701,3.9484152912623838,-0.40202269305921984,-1.3324867445867075,1.2860259713434048,3.762637732869762,-1.9575588091265512,-0.3051124223098697,-3.2881304149607717,-3.3275595177396746,0.12665586589039785,1.8486490607376649,3.942459135619738,-0.7953797933779907,-0.2542301437372881,0.6394011435583532,-1.9672664537100064,-0.29255003638403576,-0.7391054369759478,-0.24073505156369557,-3.3894706396290397,0.587323216507542,-1.6755523188793215,2.233169175999068,0.34124717371844654,-1.070353059108407,-2.629179067445188,-1.4336691118402194,-2.6131655385284693,-0.3873730766185753,-2.289893294946095,-1.7432140573484018,-2.208944821337929,1.094103817841927,-0.8968098420881913,1.8360106329351418,-0.8929840454085811,-2.042467504936936,0.32257481577242403,-2.005625248042794,0.17509136414860893,2.2525686943198635,1.1296957938688303,-0.019021113416815814,1.6831283761278424,-1.5234665670789398,-1.3411572119486572,-0.44386137388113023,-0.35923428533252266,2.5413364828853857,0.874357601993611,-0.7344697367920826,-0.21209437646340645,-1.3510689093298853,-0.21849259131343132,0.6532298652632238,-0.22540987886027494,-1.491805208933237,1.7759806226675818,-0.1814566597381484,1.6183282172076223,0.20820159349276887,0.002782724619019162,1.103357611463427,0.03420004893431813,-0.3421985249373628,-2.028003539140469,0.6195098796275743,-0.39690676854122675,-0.4868475165784654,1.3641168881293142,0.590497511310442,1.3899255716422578,1.0859029156083604,-1.8163164956408102,0.20278811287302173,-0.6014292530589199,0.008793471759690747,0.9779761473473065,1.2931196191313319,-0.8236611435689747,-1.3974886967945648,1.7852040963990383,-0.8045736509885899,0.41594271112965214,-0.24271716015709896,1.4481278995631328,-0.4499441284477288,-1.6218691978421649,0.03971068933146157,-0.545108052536193,1.2688777336097776,0.8774867607772414,0.7872687338729424,-1.1523807527028338,-1.1215379909229002,0.05618286507499659,-0.37330611838544175,1.0564454022995813,1.0965558358713112,1.05046242858898,-0.9381531824476899,-1.5401789775602817,0.8148253432194729,-2.48018751291392,-0.22574207629432566,-0.14908314574500559,0.9364301694999135,-0.11389723801163512,-0.8644536334257634,-0.9179309431117733,2.552118445828316,0.8323352854523028,-0.7608184735622101,0.4904532981300683,-0.3804510634293892,-0.08828521261008358,-0.5606949039446685,0.8227033151358926,0.9495605232081066,0.07267536482628742,-1.3577254955737939,-1.190067267281349,0.9321727742449921,-0.8849178215743798,-0.30183220949975625,0.7996329907553341,-1.3044211538503576,-0.2590577925355732,-0.045680624050716656,0.6854690597296348,1.7862114330963788e-13
01ADL0076,-356.4114946060879,-56.031488517364494,10.805087624513517,3.2224290147299843,-3.416967895558416,5.486895043965084,-15.76911744556181,-20.489632095138372,-23.80663676621839,14.669946046301954,21.739219542027044,7.056873360276698,-8.93791777212134,1.86364017790389,-15.875624349650503,-15.556822454057482,-11.377064811850179,-4.006087350571744,-5.596339036384857,11.139532676328669,-5.774844781457209,21.86498430088621,3.3133795983714127,0.3912487381458918,3.6581770059182377,7.965097388914395,-4.683772967040601,2.8513386727626466,-5.809222174723516,3.3744927551994772,6.069824162644795,8.0623994439147,1.888703938921443,-8.319803304797002,-5.780571797107848,1.2142588091847832,-3.990261164665886,0.9877313867563114,2.475873645592538,-3.309348990480085,1.0507093689927416,-4.866817560475668,-1.1732889865726401,0.7202510745300844,-4.802315408521458,-2.8923015239949854,-2.8659587476629014,-5.805708911023652,2.5780861232467185,-4.928226513148611,-4.033426975163595,-2.1089446983344247,-1.5843433221812666,-1.1139980319313123,-8.492425436389214,-5.321341020846924,5.440624609150396,-2.4432789028666146,0.8579693592563313,-2.757358592625315,-7.197261793151914,5.483401209672017,1.243735610614118,2.7677219302123475,6.028945404367878,-0.06104682228672327,2.5372239852633456,-1.2435792007682416,-5.541423989454909,-3.4386195530566814,3.7116058837411905,-0.5476199218568343,0.7180631849186941,-0.7749097653931563,-2.0531051802711437,-0.4105650601094328,-3.0534736420294073,-3.5115705780869626,0.7185406958545933,0.5461596434789636,-0.7870390571944891,-1.5295646633191644,1.300240661254637,1.4870257041699269,0.12736561420303066,0.9262728347493163,-1.31270239625047,-0.2928113272118875,3.0077124005750826,-0.6335850345830749,0.2508711255366282,0.06794620515219787,0.11196902518825974,-3.682728636835853,-4.631767012732181,-3.371598511407461,-0.6089134115626604,1.5297720383000344,-1.431395607119556,0.5610914812979845,-0.2655760004207203,0.6147211807597288,0.9583712035500734,-0.33052199574797486,-0.14873572779977856,-0.3029474443927303,0.959035343471197,-0.6063858155544083,-1.687277645137055,1.2109451377034317,-0.14674472400344027,-0.1222102499202967,0.3962604782464414,0.293868900941682,0.632864818223791,-0.6037109451971812,0.4517783310719699,-0.7425672504917225,-0.6311767557041007,-2.3578692347591343,0.2507962679481917,0.5781055066268177,2.40535600331947,0.32678709685340906,0.44775665335874054,-1.4558362757392682,-0.53023737461212,0.46923410535591137,-0.7590670020377471,-0.8776247188020911,0.93077418767393,-0.10760752148645299,-1.1724159648345938,-2.228649148177852,0.048578183451498974,0.24954952622980883,0.9839743235744777,-0.36318213250407716,0.12606482644226416,-1.6198682232621626,-0.2952720083283355,0.9434828026787194,-0.7230887977890865,-0.47843208062000414,0.539710938700715,-0.16222931394098655,-0.7170898574054126,0.0918394968460394,-0.4695617604113096,-0.05209972554894854,-0.13072917665874587,-1.511940973885997,-0.006980508577770669,-0.9940811393422888,-0.3283902421737821,1.8730277280958747,0.3937915524335751,0.20845613346096656,-0.39958083560918284,-0.16528221437782822,0.9213498290850014,0.4180720813095649,0.5218067301155132,0.38816762626530643,-0.45733829171501883,-0.6443057314155095,0.12991964769731362,-0.7499514763017913,0.045506095669769576,0.4194574135951463,0.32939295507621535,-0.3516123570983165,0.6466456836618534,0.32675697352510596,0.3437778053767209,-0.2711763885388741,0.08835665640215981,0.4954721221990645,0.05501180237367142,0.8267683809418448,-0.34162944186493543,-0.21718421949633465,0.06206545784778343,0.1119353045941133,-0.14554181573387376,0.3050096399617695,0.7927081109497455,-0.08231200052992245,-0.12005522533239013,-0.47763052651266724,-0.01146497799964322,0.42918397960499927,-0.42192599903645606,0.4175372601100934,-0.2717831485681106,1.7862114330963725e-13
01ADL0078,-303.19582108591646,27.120157613436422,-73.02564774048969,-5.504983665824766,16.009109819982744,-44.28473036370237,-12.370996055340791,18.47369312433213,6.422579527425506,-11.330041279579097,-8.899653267013745,-4.245704689175808,-2.0020553138925257,-6.166365969914235,8.657715809870348,20.19943568471761,7.996941236889742,-10.35256692028539,-7.654220954976708,12.670963563981429,16.894953155919275,-0.45631034197637516,-10.914325218080334,-3.789473323254132,-5.985440783794628,2.5749162845273252,4.795081419930411,2.576454495472254,-5.566360039638494,-7.323278298788333,-0.11237454335340286,-0.4866650772239985,9.679809868613663,5.1664576678850125,10.098884079219088,3.279290777013792,0.43640033458453326,-0.9865581232324301,3.099266687020532,10.100998648982264,4.9223894370363555,0.6733428070307138,-2.9322159197068225,0.24738826132515304,0.7403930460423639,0.1721783977280617,-0.11075046616154553,-2.085130460022882,3.023390358983562,-2.880500659825111,0.21834817898537362,-5.278310264991766,-1.3920012537544473,5.182406729475655,-2.137334667982035,0.8857611133673985,-3.4762029012253457,-1.0559302291381132,-1.4737797241288102,-1.3109678310284203,-1.3965302694560076,-1.9634959047842298,-0.7388917846671792,4.219024531005139,4.708310183616874,4.140585604390648,3.426206272974739,1.1268408264209808,3.361640497023232,2.2787156466996263,4.583145821372417,-1.0325090665652796,0.9047997389794322,1.3733938453912757,-1.6624930759740761,0.9395553680575277,-2.0895976223047388,-1.0363526988668907,-1.6600902243117235,-2.4553892386006253,-0.7502552898335001,-3.4972730598178514,-2.2175044306774256,0.6295060713126729,-0.3522768116171673,1.9255158639114451,1.2910602731487106,3.24007684029745,-1.6172286364642094,0.45520171000803655,-2.122048291881785,0.31408444842749333,-1.491534096628392,-0.6951269983307745,1.4503253150072635,-0.5669611443861033,-0.7421967336824163,-2.8672374144950616,-1.9186076369084204,0.44392438291286646,1.1664172441942273,0.8384721988647248,0.3425980308626965,1.3913126567476064,-2.119781160231009,1.489695545768094,1.3902605447953869,0.23624862160522264,2.0427850353839556,1.70603337882033,2.6862313008276355,-1.235883648720399,0.4641372498363946,-0.6842156957437827,2.09457963751246,-0.7245537779368885,-0.731685379695648,0.646073937595454,0.7248461425362099,-0.8410683524617865,1.064101126476348,0.14418801040916637,-0.5292350123141852,2.4522044135446595,-0.930982778635514,-2.7051735964573904,-0.6782825678311605,-0.36921053789947356,1.5880630943070513,0.21423805575412047,-0.7895201396172251,-0.16552303339183255,0.9545352753355105,1.0138598994943202,-0.42800069690309683,-0.10312345676766053,-0.9691223922856279,0.7492543493525049,-1.1115208557134084,0.12815634035765502,-0.1155045917868185,-0.8374003418926674,1.9340559915701145,-1.7959021395539299,0.5683612619825619,0.8463929477299064,-0.03271961017913058,0.8572516961953501,0.8821736145328224,-0.15163914131621478,0.04218336906473095,-0.9462742306533464,0.8960994573571618,0.25245994525951937,0.3881197505713118,1.0600080790072783,-1.7024573758767862,0.49217870791870943,0.06689296456336949,-1.0333032868672791,0.5662401488979893,-0.029233119268809594,0.7377287877122198,-0.41073216783276095,-0.6054949105896165,-0.46244825246326265,-0.06517922110545402,-0.2131923302852706,0.08631293103319188,1.3695041946334943,0.3977779752328193,-0.5136656407639831,0.9639862569605873,0.28590927068228184,0.301221333636863,0.002908169011631017,-0.9385458516923029,0.035189830807956436,0.8152485495257137,-0.8419698681431225,0.3832208078420802,-0.5961748009688346,-0.10999279036241505,0.13635533773324182,-1.4211833736892456,0.36176526945373816,-0.25489445549952927,0.9538428712279013,0.9672680831750358,-0.6814429636705037,-0.16214310875055238,-0.07434518085839056,0.12617152201467882,-0.7522496747599229,-0.4361503861765656,1.7862114330963631e-13
01ADL0079,-330.03123124556595,43.86804277979398,-57.75018975838401,-1.0114479756333041,-3.095614904516201,-31.31006355909318,27.87912021179926,-15.662038898245095,3.357725364676114,-34.65864374591938,8.361067646882912,2.7989015333353784,-17.720996010344166,20.48709007300132,-1.4285793123501112,-13.896681873045393,0.7120095989059603,5.097135839269777,-13.74220950562467,-2.7792038830309105,0.9283953779628542,3.1926554657712978,1.7265321820321722,3.686523171039326,3.6487360508822024,-0.052983242746814804,-10.4905375529846,-3.364998666327955,-1.04534620570853,0.14726623713886527,-2.433651665077055,-4.183336717059061,1.625225028238929,4.349067817798303,1.130559442189984,-2.5128686857883022,2.8058844254119837,-0.18644932369141629,7.201504014926004,-1.6767612262824865,-0.10029930678029478,3.653163052628192,1.8822747827737916,-2.6544340360558056,-1.1367273006967025,-4.261535118747328,1.2710537851815258,1.2451358904615455,3.7955326317465867,1.1846289671030812,-0.6538120198896017,-0.7752529570954106,-1.457818959309509,-1.322013542891915,-0.08773040719435182,-1.486917298504653,-2.114692944242279,-0.7480477547337083,1.4063735305217653,-0.5464294603027396,-0.18172061141028636,-0.013712749175861018,-0.4088374943104475,0.4147550696781057,1.8785195068042408,2.0885939964877696,1.4823515730446772,-2.190147365670452,0.41887733230506924,-1.9942349437980567,-3.7911550001266185,2.2230386093778574,-1.9017045617945927,-1.1029161840175916,-0.5398634475371706,-3.916935440179017,3.5808539109291058,0.22274270019673642,2.9042826546889837,-3.524761203852487,3.9182802813677275,-0.15256999402866997,0.5723067790083028,-2.9874609288225566,-0.7518293788489379,1.372262320460704,0.0943429724427079,1.380011624509465,-0.3624374256472282,-0.7368968814221522,-1.1822110026379853,0.2542317019729536,-0.8765421988820833,2.5029280634331363,2.2856170314251973,1.7000822488905534,-1.818800995096438,-0.29644973958255927,0.13556888583986595,2.5307654320874295,0.013745405539709453,-0.7081720524049676,-0.20382048952320223,-0.5052014146927089,0.9122299957038076,-1.3484305648592734,1.7271901395965774,1.5125529231200312,-1.7734829731256887,-0.5301178567657696,-0.12514243019812138,-2.2671343862974784,-2.6043214110189514,0.7413518843490111,-1.7926363002643364,-0.3333921771459557,2.3431506066972765,0.11031805274963978,0.47605792708673333,-0.234652871980311,-0.6474664977850133,1.0052176842626912,0.2287318240819518,0.8949691870594945,0.8790987429885263,-0.4759248411110852,-0.2468840494083898,-0.3985273653286905,0.7666741498177381,-0.5298825005413617,-1.498783909719364,0.8948431973385143,-0.9620751145289821,2.600313138759954,1.4078398828877938,1.4526194359686224,-1.5788039493903285,1.3278246051441944,1.8133673200954898,-2.5628775720135506,1.4211595170241031,0.49305623103560015,-0.8023139895733828,-1.084183268388449,-0.417054340127123,0.9628104165634676,-0.9260877384124291,-1.558791758654405,0.8567725093789936,0.6750019125932876,0.26710400238247434,1.0552114200161191,-0.37837532046207806,1.5327014965343189,-0.03606911896589419,2.212693029930728,0.056901630388279764,-0.5835464124316606,0.654302556284781,-0.19931681553174904,-0.38435482923283015,-0.9451998998281742,-1.0189361128534382,-0.25580527837341893,1.0325055454563519,-0.7970886464681516,0.7582781825777198,-0.7228996450739024,-1.0896525837416149,0.4101327272405181,-1.2572081694919783,-1.2161987143384392,-0.8059512472838077,1.0048777672017994,0.4174224246787555,-0.46756007261176086,-0.6083904459817527,-0.07656421657650639,0.6686630407176987,1.797433984240255,0.06692217920662777,-0.4800096785600558,0.5070443787857637,0.03709893483027648,0.704433495907779,0.4783537606630137,2.041498774702846,-0.21282845100564657,1.7217175647067087,1.3534785333797579,-0.825342401747381,0.23095155331812783,0.05523915684947243,0.25208317857872736,-1.0845987631746041,1.7862114330963902e-13
01ADL0081,-348.1505058385986,3.149544183843305,-4.35345130075068,-14.649395885450485,-70.69887776090358,28.405962517462253,33.30667738488487,-11.465612112915027,-23.649991075274436,0.804766774866623,21.380615063835744,9.81222068021501,7.08526883409431,-1.4109165759983207,-16.02410647371663,-14.282890342010088,2.654756461759493,8.53742047028005,12.455696470110029,-8.120456685873167,-8.728646691108477,-0.42092662196143654,-2.7161821091493725,2.1123144064088284,5.107471672272197,-5.803595224332058,-1.9458440626595557,1.8128604174111442,-0.27258044729601827,4.54038940772897,-3.9853275735339606,3.0909725820279745,3.759700330171358,-2.4242032250719365,2.8049186112927744,4.987734977387369,-3.8562742876818197,2.848544514968263,1.7956832989391374,-6.05772850851743,0.17255621138992897,-3.783812863286452,-5.18368040625986,3.069682624886021,1.1567644937421366,3.274397944951754,-3.122082190380026,-3.4027836243170553,0.09792615753346746,-4.979193869599913,-1.1077787852998509,-0.3259195835595642,2.041122834109166,6.72167807133828,1.0548928907726223,-3.2070300616207104,-2.8950458018367535,2.4175832546759546,-1.349215850208319,-2.001399986870264,5.5841066867336755,-1.9527107865554147,0.018428807216609843,-0.8081734557576179,4.253945103400293,-0.9546167474847008,2.7067401600483176,-0.047835902603177965,-3.2541440790479803,4.90046857348798,0.09348443527489585,1.4401147839668953,-1.648178371408961,1.8438513999257917,0.06575246170435492,-1.970132913940216,-1.439236437103804,-0.4149688860190924,-1.1051701204441524,-0.5472932031485254,-1.9524688215608554,-3.202036855287292,-0.7378150211530498,3.747549502832329,0.39263550005757075,1.528156277059086,-2.9788846337286072,0.9801439086944036,-4.344140608572273,-1.4359430686507584,3.383190223434263,-0.8479345895318819,-2.993408864937132,0.777400269744609,1.4335690504498113,0.6992287085297787,-1.9658182890225089,1.6372649478603543,-2.2301227831744965,-2.0168679322605185,1.3459851726987424,0.3306981644137832,-0.6122599846503486,-0.6227921115866816,-0.49377394206068764,-1.0657173832216367,2.530457298548071,3.031313497426416,1.098976892016144,-1.1653114507376072,1.5724628694161364,-2.0331584244994083,1.5881319851110183,0.917372205881931,-1.7861191846583242,-0.5596153364326306,0.8570910641437588,0.875648221446181,0.9749687905084916,-0.17621709284152054,-0.6140017551390324,-0.3946208786392337,-0.3650021351619895,-2.522947146141583,-0.7038867251941164,0.10073287409977408,-1.829098059613595,0.0756987518985811,1.379944968296749,0.8310080935296363,-0.5068205547679921,1.994965416982338,-0.9789187428084971,-0.7822523056782992,-0.7531130578042626,0.4705786026831079,-0.778820249063008,-0.8282688058980427,-0.11010944784219749,-0.42910055921577894,-0.46199476241443,0.8519282996829762,0.7581802793069552,-1.3077277185682217,-0.7127124535629429,-0.16665101496589024,-0.4381644749807227,-1.0185945404893273,-1.6981694912618686,0.45761762700981307,-0.5371853251366926,2.395710663138538,0.4550514847622922,0.9970877233115986,-0.08900169287137205,-1.2137111449389344,0.3400655034315876,-1.0127266149065717,-2.303633987724121,-0.9274177654557744,-0.23361447033747818,-0.44678717302438836,0.6846073759567635,0.5086716597905625,-0.42213451251196593,0.09665007332638106,1.2170983856594224,-0.6678064075148702,-0.4398207850061509,-0.20980527890711473,0.10752488848357108,0.9800896508480839,-0.8855241932709862,-0.020012064290094982,-0.7930455836922775,0.9645684240204068,0.0266269921107989,-1.2348039973471392,0.8609849134344403,-1.084759037731248,-0.2992954454263279,0.3369477974879196,-1.0533403601301838,-0.614252992525553,0.5450990617145415,0.15104813903818065,-0.6726227769920436,0.3625204145456493,0.26677574618239425,0.006997714185206059,-0.0010521669616854366,-0.04068299205930899,0.4760352618417392,0.6372140967979085,0.23917813498480517,1.78621143309635e-13
01ADL0084,-310.5647335188567,97.49747310623181,88.95394024265704,-50.62343449701013,14.733274111924889,-12.019358808871493,-15.855518840466615,-16.446363374466845,2.72789694958787,-12.903616407119067,0.2750313994612596,18.672346805040043,-9.440783054057373,3.452379606931256,-4.591818271619792,-12.731106363427164,-1.4360504722197966,-10.84034594904623,-2.6864586394473564,-7.393591876484617,6.996667664655299,2.4496658940532785,-6.85591776264864,2.2785256618969214,4.518724565765713,0.25422787266720875,-1.9532121149745996,4.443553171598043,-1.5537317974297349,-4.934472528689635,0.9624032126175095,4.206810994428532,3.170286399812283,-7.901133755617597,8.51961534717537,2.8773346840294765,-1.7053141598083,-4.6580114296712685,-5.707341844270607,-1.200714691153917,-2.643192452810269,-0.7719103782019822,1.5476581358707533,1.538180230702279,-2.4936918784967386,2.6870870370941766,-3.9824538944376644,1.432965616019452,1.010350079876118,5.986548743731312,-1.0508367906252274,-2.521890930087544,-2.972524889174865,-0.661634937978288,-0.061138324865380206,3.3150200318606116,-4.1805078692201105,2.2492356364736414,0.09315320134095972,2.147004735294371,0.9147987014443546,1.2614764517226236,0.9183821507354065,-1.9447021392528203,-2.2928058211314304,-2.9320357046609655,2.5205563925431416,-0.08016849860636391,-0.13869212592757496,1.8513534558249516,0.23405756041333914,-1.7144367627621924,-1.4796705138022617,2.3154185263081066,-1.596641515752736,0.20215502349400807,-3.484577328838514,-3.1669291008014557,-0.341594535543139,-1.4879208331031357,-0.17030322142652718,-2.16516200626045,-1.0035345923728722,0.043308007047670065,-1.8095926594009062,1.0216469549543299,1.6561393656058778,-0.8976217203317125,-0.12669710039316204,-0.48813463648593514,3.862657506038576,-1.2703671724106516,-2.167091791710423,-0.06761857123800716,-0.4972990723464772,1.4632927197836592,0.8736253487168493,-0.538719183548617,0.8828387814480745,-2.6114337124266687,-1.0684574300722438,-1.3962726102734924,-0.5165533255180216,-1.1273447242130568,-0.5599394205054001,0.7873091350524158,-2.050727734735435,-0.6417315901999697,0.8348543570800411,1.0603854899595089,-1.6485394349406186,1.0873501618771932,-1.4565626498570299,-0.7490457503166507,0.11103051284037506,-1.416897554617172,0.530965598111794,1.7894850970734002,-0.2756646681243847,0.11853341071912528,-1.17573189880825,-0.42017694980303905,1.037953596408293,1.343071114561051,0.945664698811349,-0.08719157820684434,1.3894041691386636,-0.9707722645372685,1.4096027976367373,-0.971570955802665,0.19046469725354365,-0.05978814595026723,1.175604997232654,0.6229109540924694,2.4852986414301688,-0.39627454820587654,0.2401621541748047,1.8227944633905269,-1.1675333784401243,-0.9320331098237012,-1.181038487511557,-0.47327696103438527,1.020681858266175,1.2699359429854031,-0.8945203430472971,-2.403368294285535,-0.9549051644407799,0.20833872023412273,-1.1033019351732725,-0.03155734028797286,-0.8493614454321703,0.1457027086700714,-1.7704097801082614,-0.5208989061190621,-0.016722460088486178,1.371446460515791,0.19121500148883833,-1.1493411162152363,0.08206943130738577,0.5024021857148341,-1.2736399000286032,-1.3827707204810127,1.0218592487113622,0.10563805115850051,0.46198949712216986,0.6756824598681036,1.0227429402223511,2.4741552264111473,0.5061289519266183,-0.24995989942694055,-0.7030861707013752,0.3060510326587776,0.7182269896830186,0.1803334424537117,1.0405197288189405,-0.3575019352917678,-1.8599850510521392,-1.37795356162092,-0.8038687025577088,0.9597052928171353,-1.4743782791358448,0.042543459534095995,0.5250924296476845,-0.7122094129605587,0.03021701851261624,-0.18154846537198416,1.0604248338240414,-1.6073588303620776,-0.3560989187289482,-1.2258967140327324,1.4109785569728888,-1.2585183397230781,0.9952613812932499,-0.2589621883933067,-0.6919541667366992,1.7862114330963869e-13
01ADL0086,470.0331017714928,78.10585662947555,-32.809279757576775,-35.46105121605808,31.90380197437248,-16.74783412411303,-11.216459188546592,29.585623782478365,-13.8729756885679,-15.003953092581462,23.519404182887694,14.091701944217549,-2.2956791477717795,-16.913033842085742,-4.296252569761621,-10.293590355024518,-1.8408940843855233,1.9192178549763779,-9.960065555276456,-0.9148639139391795,1.3595618591638048,5.522841325560915,5.780433424022557,-8.410552302711242,-3.4457808221360664,2.9902372816398644,-5.014215328392123,-6.327197419575835,5.441504877614694,-4.512120211210293,6.590664498245291,2.18979943012018,-0.6953777715260555,1.0136998184274444,3.562286620546207,3.1175281020468364,6.882650833642018,-0.3982211817113937,-1.6650687007816753,-4.196442923133024,-1.700979913513293,-2.3495146504274427,8.25644659287557,0.15392928563106947,-0.7144958982899545,0.49428202515597297,1.388544325440565,-0.8532942728910218,-1.9572150519039606,1.6965513353562085,-0.3164873854867478,-4.870878451016799,-2.4448675734268197,4.731821440924926,-2.449033557874991,-2.4935772228920707,1.7764988383235836,1.6436186496315746,1.4847830719487738,-3.291012887821912,-0.9671222312668866,0.7413005000079967,-4.794473845967446,2.805426079676661,-1.902206868026539,-0.8441994778764577,0.3777715042017304,0.5696245981815339,0.9448820995746323,-2.2653910781017372,-1.091212827466448,5.525090913722648,0.7463469969295071,4.18970060112421,-0.3633834209179858,-1.2067546926711685,1.6686496326364504,0.7529547180107649,2.075632929975329,2.173086265159802,0.2321993649038637,0.30793852419252815,0.9539657143139322,-1.7239683985567509,-2.9332991794178476,-3.0923615188912055,-1.2969466512397132,-2.097257266193356,-1.1925871064308062,-1.8319656882739035,-1.422071195081178,0.8266867534585791,-1.454770053041177,1.8831095531429147,0.7605465011050853,0.47164976298345573,0.7182384184555877,-0.01092206908226962,-2.9797300952865986,-1.258545122947402,2.9602798216577564,1.1594518757664054,0.8716014265344147,-2.0943398319811606,-2.0356553940682405,-1.9851787845184845,0.810263342352157,-0.7754779052814789,1.1606225149957037,-0.7176862959172939,1.4813969356846337,0.49836826312225124,2.570177165772482,1.3998900086641726,0.752960672269819,1.1188223861554445,1.2573254762355548,-1.7867874186875186,0.9231817128816354,1.7151699204285207,0.502293124827907,-0.49506042247824056,0.528553166467506,-0.13322771653087015,-0.2201412056914505,-0.04294634246556149,1.1594751617332546,-2.9489760323032455,-1.491298011659029,-0.2711265185076726,0.32091711603168915,-1.1336398072153342,1.3210048332503221,1.637439183323836,1.6905269209888767,2.5299817341246693,1.1716663917385879,-0.23081693968134673,0.3691195924752819,1.054173708005649,-1.0684101810680422,3.384603584827228,-0.15970508443774392,-1.0577381978688543,0.02482318499944933,-0.8216395886510927,0.13101745813738058,1.0434004282332359,0.7520598316786316,0.8429087416375577,0.6636490466746289,-0.8433200897969958,-0.2005095630692523,0.5592734358700573,1.3022899365817417,0.16575475541459,-0.7886199989930508,-0.20762964712359558,-0.6767451375704979,-0.6149463150113942,-1.0296940517779236,0.31632682661354466,-0.02367588593851548,0.7185905871039352,0.6748569281765554,0.5332446563742589,-0.03213727843547881,0.31092770214889576,2.2671299149418958,-0.005129428710754407,1.3499405459698584,0.6770616721853688,-1.3931011458866847,-0.2188667025911575,0.7863014314035046,0.13966760223947616,0.30263940790789884,-0.364330360054514,-0.8310052885151381,-0.7548216528020251,-1.3245790000547863,0.35566782255245005,1.1441888586182143,0.9882937556410231,-0.04281116387525758,-0.15581428862273555,-0.8676675850062073,0.26330356992204057,0.337227950501125,-0.5451545885710949,-0.6482912465854708,0.40293996509723756,0.06151335635309861,-0.4872642235042089,0.5418224228874393,1.7862114330963758e-13
01ADL0089,-323.76877353446616,-83.3194162900602,-30.89496550637083,16.689712223880242,-24.643720584309683,28.703776733518126,2.7290246986055493,-13.24134571651897,13.92169085099709,8.897793356097845,-21.810884139952144,-13.840946922014789,2.0545103821392043,-7.065757009855352,0.5133970789209391,2.2077226280957074,4.956804589782539,-5.103208278038263,4.490483216026807,-2.155851392447515,-2.100259792319708,-4.156923082315145,1.832857713802682,-2.6672261934550727,12.237595154606169,-1.6643013801309612,-7.68023362641674,4.426490606146545,-2.0087472158299207,1.104400374647642,5.461213013465567,5.971894953908617,3.9637508373867703,3.966757869069884,2.168173923100262,4.209925394133511,4.36608226742011,0.13266712393818536,-2.6708289388859505,-0.5350018047347186,3.849647172434581,-4.619728835743403,-2.010814974873874,-3.597560394212518,-1.6831726987878122,3.3866211228598364,-1.4092680829332298,-5.631092641715285,-2.3391692305455454,4.545137252776905,-0.004363446539727663,-3.2586803654480607,-3.051195900045652,3.8806112389579175,1.6406780513436017,-1.7671584464918264,-3.339575487548298,-0.6828820729871656,-2.2190628885056665,2.2186461575792564,-3.1777739519460475,1.9537149076839522,4.4738567195583565,3.2022567270432223,-5.304904354157225,-2.2346161668013633,0.27874466574785656,3.5967368503255033,-0.7455175295145225,-1.9461273326490833,-2.22693289545941,-1.4765798287951206,-2.568763288508724,0.503449717849468,2.563105081690015,2.128416456478209,-0.48662600682326496,-2.934265678983592,-2.3836294473233712,-0.16701771079181044,0.0882570590768741,0.5517804696065951,-0.6973864757358734,0.328413752005613,0.8264653850897637,-1.8671117912060018,-2.104648788684471,-1.2217787872724652,4.24479998372107,0.07544630290560075,-0.9831752051741328,-1.881098082582095,-0.8509921258404677,1.7835936333873232,0.756067367485648,-1.1563916512760137,-0.8586443948069502,-1.492572991244491,-2.3189679182922984,1.1078001447061825,-1.4959132541101392,0.32390252577500966,0.652866718698545,1.5462760283313255,-1.1615283755276127,-2.056214174709741,0.8478907803373372,0.45021667946160143,1.5844571183479117,-1.1526948695176902,-0.19951219209373058,-3.134376392180172,0.3554103794092755,-1.440338012257634,0.0002433787897758302,2.5812288613553784,-1.7576325235788557,-2.541176735251288,1.8806733551573809,0.8584299142171272,-1.8142681747446439,2.1534443040515407,1.1481559856277126,-0.19355899155580253,0.7856896805101832,-0.6246804863712199,1.6224957879019275,0.15574949668226354,-1.1625008181310716,0.5584479252782791,0.46046216029844583,0.8012664284049432,0.6424688631819275,-0.978432660775374,-0.6357036096130823,1.535943749680578,-0.2297703262222825,1.5288806523545098,-0.17412093937784692,0.31543309839336664,1.250539417062996,-1.304865311098706,0.044782789368181794,0.10858723988371567,-0.9985939929360548,0.7530188279894763,-1.9160485178434594,0.19450511037431265,-0.30956722751498233,-1.9936465688432154,-0.20026453940483563,0.026737142951423272,-0.13890059362460308,0.9352636237909661,-0.1406088729234398,-0.5618302474058431,-1.3285197511646203,1.4786451678280024,0.13930191244725648,0.37686355997502113,1.1840480137375866,-1.2042737849087246,0.5427745653330414,-0.7177041410297905,3.143014334399807,0.018495318875103476,-0.030493263284049946,-1.8400431526700018,0.440880566803384,-0.9421247635547588,-0.4844897968171613,0.12942276183899767,-0.15338027023693632,-0.3221202402092913,-0.25096395129952204,0.06130643085782853,-1.3957279581562139,0.4389424522855066,-0.44713607929878163,0.36438390631392303,1.1495772475135582,-0.04986603470051364,1.1454315011013052,-1.0337372395715423,0.19312409088395122,-0.5667564053861537,-0.7416101840975449,-0.9091864579600407,0.3357644620385727,0.5304539900019684,0.5420859096218323,0.3128175517941637,-0.08333655665424929,0.94160311537227,0.8727996118931473,1.7862114330963816e-13
01ADL0090,-361.9698400614797,173.889573153435,63.98934000662673,62.30780130494461,-3.178718394789144,38.048657627594984,-14.906812612895466,45.60080853490639,3.3178153205639895,12.038235828866842,-34.828173160210575,8.023569162801303,-25.629104026307587,7.077811817653127,-5.225265489025809,4.285444988106399,2.1295414132602626,-10.506127767808342,-16.900038945998794,6.3786097309561045,-3.258245444199336,-2.581223641683205,24.9551050814138,4.303954011189778,3.102301653620139,7.061050692244812,11.746734213124801,-0.5221286148746279,10.84241945664994,8.599504850006745,-1.8053621254776975,5.0494173110732445,10.218902778639114,13.514013973413272,-5.6003309690954,2.4404360628451043,3.7791985084269966,-0.604382435128906,5.594594025043163,3.7548957284760838,3.3002144100367237,-0.26755431796342843,8.972769870402331,2.1417725169189383,0.17909808408017133,4.571756623453681,0.44588130757130995,-6.416379651113427,0.328919435169841,6.724716317214213,-6.113343057083961,9.917061276274456,-6.432628245872545,2.5130064958870135,0.48244297674543307,-1.7876813402814504,-5.023637940979061,1.3290016258230772,-1.717345238966403,-2.4016237598879298,0.323074016723835,-1.0786473295129104,1.2028557217894194,1.8670713741197662,-0.3273461243825321,1.3866104237273809,-3.0864341390187024,1.299027605551776,-3.1282494998572212,-0.842408624048325,5.271422823718609,-2.5933549302176795,-0.43344467550421995,1.5263218535971061,-2.606321700233221,-1.6948642889696637,1.7884701960335077,1.9008631509149432,-0.6530084645765162,-1.5162125986029737,1.5029312566170878,1.1521018865874184,-1.659630790673977,1.8018472390991778,-1.5003236904973873,-0.20103349581988242,0.28044906135544845,-1.4049111255828077,-2.9627312623340942,0.8101498914281655,2.157303075249029,-0.4655284345817782,-0.5377452434212955,-2.7703116791191147,-0.23056117140388255,0.16588604547149222,-0.061764160258520905,0.6801872767647893,0.17270518187486444,-1.8847505187611464,-0.7388761554482257,-0.6527438234549451,-0.4580370630070669,0.13882375073639067,1.4622257381164678,0.2629179960984448,-2.1527368457949696,2.642509961057104,-0.05570441654070073,2.009349687987905,-0.05978796359749524,0.24263100800418894,-1.2561363924656437,1.0098564497693725,1.1146653037633902,-0.3327108387489303,1.079124718215495,0.7634165528501304,-0.14462084082620777,-0.03687922448895752,-1.0285234294035686,0.07155431011146285,-0.49782772748688964,0.34815454646372335,-0.41852836902756807,0.13830229164651245,0.12254791143529624,-0.4405550278843629,-0.9296517587132364,0.18382498724004662,0.6967854968010028,1.1847475380115304,-1.14786672208145,-0.2657974227212371,0.07536389430076544,0.49806589947079016,-0.3937963733877036,-0.9343305761618164,1.491296718445045,0.28686033204011874,-0.0744001217932037,0.5966177461221448,0.19048364170250226,-0.5613180113284116,0.3252402893561926,0.38381533309253557,0.4059230749816256,0.18463137500695553,0.013291640090372809,0.7961134869059977,-0.3107493559321405,-0.16427300672872722,-0.14922203642239815,-0.6745309027178714,-0.8605455219505409,-0.41044501124949767,-0.4254446484053217,-0.1368512302734056,0.35185123892376124,0.15570701348362964,-0.11972559320753126,0.5622509679902371,-0.06906195662871065,-0.5919642610977698,0.5367066485598334,0.73775377353691,0.38498797178012895,0.13488349059775329,0.030531341977342336,-0.25287935622033775,-0.020249152825520422,0.3973785355597757,-0.056612540734170734,-0.2762294367049829,-0.1443586404848923,0.3508289642930266,-0.13074394275653609,-0.11360837034936834,0.12948363163622648,-0.025891031342051254,0.11102829028132974,-0.12808758652400445,-0.06763159956267034,-0.21691341679525813,0.12422295111512999,0.2202992305888006,-0.03295617855748116,-0.17538141035046734,-0.0815917850278206,-0.1454910131899611,-0.053200634828473606,0.33620913462268,-0.22255629325633075,-0.12254442954581121,-0.04480531579883256,1.78621143309639e-13
01ADL0091,-346.16096212697175,48.79005766391331,-5.810805777506587,-15.745304988390073,24.325888419237668,-26.328818021077915,22.895025188552886,-40.031625482523296,4.268178533189085,2.300483149286559,12.86587036530079,-13.874138229008024,-3.3925854881967616,-2.9627538680658696,7.313524079818679,-1.190460338952615,8.056675747841872,0.44723582954175456,8.06648348053885,-5.7735263219176955,-7.5614721539392535,4.173419893552294,1.419619722177074,0.0009244312234413482,-0.45526175933885,-6.233446467341936,4.160027276933375,5.397023044735893,-4.532701109496237,-5.307751726767203,-0.15807944436124297,1.3810673860025133,1.660321470242409,-2.4465717322476586,-4.340521128805665,3.856210442722504,-3.137555739326585,1.9942041970826765,-1.222391567495721,0.34531706469228,2.1065597874284205,6.804868485868304,3.1668556918164956,-1.0588427189051604,0.9057630661316938,0.5468200280081945,-0.7306588106029039,0.7242709838756306,-1.5136497799677051,2.0575005609091366,-3.11173964756013,-0.8452683025043106,-3.9047617221995927,2.287696361445151,4.591669990261582,0.6153412186574186,-0.45908281503275944,-1.7549923224038804,-3.8146742604831845,2.3074397690796236,-1.1011015739223655,0.4205467035209936,1.9350909738307547,3.1820585281552725,2.882953368888867,-0.5931777494707486,-1.219697282823496,2.728166076722876,0.2764811785856596,2.5676498481559,-0.9062774413821231,1.7105438423898693,1.6044329075080865,-2.2448077268183417,-0.32816507890954594,0.481551704640152,-1.1699843281295204,0.7971020929302585,0.1289135899048199,-0.31215851436249076,0.866731377514351,1.9199927351007555,0.273009556441524,3.7832912760115565,-3.429992338504549,2.8504467801751674,-3.6907898581980656,-0.10732686297229654,1.2335317254798213,-1.8167342323063116,-1.1517053683468494,2.2280667583284925,0.7835829334199961,-1.3416519092433514,0.19757072556883024,3.1718196967284893,2.275939280474222,-0.7040865828144004,-0.43556193954482275,0.9407335534150867,0.18202762438731712,-0.40663061220046826,-0.09580954720167081,2.7022334890109394,-0.013949309197646791,0.09625804047841474,2.28861161481399,-1.3104429858800153,0.27252548254820463,0.14976962935007826,0.4330915939991044,1.2285920532777561,0.04030153769522255,0.631159195786049,0.7934401816288746,0.934720959475891,1.3908579732679545,1.0908275684713238,1.096645913640847,-0.577895171424553,-0.16784910220585364,-0.997644642327375,0.45552498046471346,-0.05545469722637665,-2.454247409715947,1.7849649143693291,1.9816801976385616,0.7019038734484238,0.03881874449593907,-0.3666403693377221,0.8994075733242538,0.14324598971567418,-0.9603107738955328,0.5737488125641881,0.5393517416920629,-1.2209312784473483,-0.5470246449562616,-0.3301097614061493,-0.20039665219272085,1.4814740534660917,-1.9795979850246497,0.8571136625402583,-1.4028981920063215,1.0414974958085745,-0.16531711349380984,-1.090474306148454,0.9246463225692562,-0.4683853230325333,-0.5689208967526925,-0.6895910744225217,-2.22315743512313,-1.4335934013341283,-2.222920217546476,0.049075579587194954,-0.4863848514664619,0.646406317056593,0.07535392539491495,1.7389860391149086,0.12697374578963538,-1.4320358605952974,-1.9198709712325341,0.4891942487656665,0.6340948789308172,-1.4858123414269637,0.7835469568225678,0.24882829411566806,0.7254302852202122,0.3488486853510121,-0.1816443763680023,0.21990185918902053,0.8217078700984126,-1.2480187807296401,-0.4750070137368358,1.9999399016639219,1.177150551048236,0.03982854802546093,0.8868506182741835,1.3500670864045583,2.8025481758596724,1.0876505009864252,0.67038035575715,0.12744721727282712,0.30468869211758604,-0.027051218107331583,1.0079263975516009,-0.8866587104318141,-0.79873118099944,0.20300370866790912,-0.6963435747713993,0.3645216804802379,-1.667711545116225,0.08052239642093557,1.599459051263153,-0.17491873040360095,0.3888710773795094,1.7862114330964194e-13
01ADL0093,-385.45529536303667,-63.396752639060274,40.36566341445455,114.8968330199741,32.9111027695168,28.905928006194905,1.4110785721040435,47.95114767367468,-1.018660177994906,43.45198804903039,-21.07894027348595,-8.780299977968246,-14.132748196178644,10.141328485871949,13.71178617750325,13.972029515182015,5.219916704706818,7.292969555689712,-19.57427585518447,4.038665081228276,-14.416352577161009,6.250443042394715,1.89168031154378,-6.3720370822016905,-1.7671134653433425,-9.264174804621716,-9.518383569803147,3.7502693471563187,-2.726952508620854,7.195114926690741,-3.987742882423258,0.533239806469993,-6.195853418161531,-12.931560918762035,14.282714850643648,-0.9343046949994394,-8.125611225573007,-7.738216348929931,-4.288863137781609,-2.535819922478783,2.3634860156610698,4.219143741004077,-6.105763948932438,2.6913989352845085,6.13310840764698,-5.079999266242773,9.853321250363535,7.6049847179803525,-4.280651972042113,5.850542233689407,-5.904422521169067,10.09344562926277,2.10164521872825,5.605348021308999,-3.2470634078826786,-1.2031030679252166,0.07290115699141338,2.658708473654255,-3.899109700664861,-2.417637309940451,2.1470819187915264,4.310614009847541,0.17637104070551832,2.563584999139905,0.24925953975686885,-1.1289462819999483,-0.6701713541992433,-2.5429162926334223,0.4050203421572971,-0.032030576197792954,-3.314578349692573,2.0250187587975392,1.4271854436682008,2.0644950099358694,-4.314515875893358,-2.2736555725598704,-1.8878881081874037,-3.080229287734522,-0.6228302754417043,0.3734416759110282,0.673687970984057,-0.6745697066235297,1.5582507013801044,1.9651827701964206,-1.5624213801020295,-2.020240702001185,-1.3094548025697046,2.069247694821677,1.0669667901207143,-0.4247761979259191,-0.888607107806468,0.24957600804882352,-1.2436617556762735,1.5004712775357112,0.1436890048795106,2.0104188445090188,1.3683152562695093,0.11677857547639063,-0.21003622272256167,0.9426025767168693,-0.740377488865662,0.8905427144897351,0.4019488698879795,1.076102777722184,-0.6785956253950405,2.2182539269312906,0.07074198814521117,0.8521862341670033,-0.2488468977992596,-1.2119619047529069,0.1962899848834508,0.4986563820885949,-1.0010689432780073,-0.8007356932310381,-0.14279510234752216,-0.3760183533550254,-0.1933060689028006,-0.837785269182821,0.3663249688626547,0.8965909062309074,1.0469819644945269,0.5452412950481927,-0.40034671406898237,-0.2593753067091597,0.9099573285274057,0.061070648420236844,-0.6624209737064418,-0.6978692582263373,-0.04451123993453347,0.0702851580528194,0.6087021083198956,-0.394497312463591,0.8354984745060353,-0.27459959589031246,-0.07433757071545576,0.2446445153913451,-0.035296607501589264,0.5882810106878946,0.1982294712270816,-0.0723886837596372,0.10556041967748797,-0.5720925673323201,0.2345622304305503,-0.3787308336752092,-0.5281875989742977,0.5272251514214576,0.169221863784051,0.1159070727877345,-0.06208722291752564,0.37057701905799795,0.3707515478468657,-0.8185724918919995,0.5927421550589472,-0.10936398658940796,0.09655137760312058,0.0733690126577656,0.023245846522941198,-0.14562422704667757,-0.4510988884399305,-0.18153614400421392,-0.08446201990460371,0.03791832972441318,0.2663937780035852,0.25630236747728913,-0.6030389500623662,0.014879641052839421,0.004712752663216207,-0.2963395723269512,0.17784502851860667,0.06462700413799045,-0.03944577270725058,-0.13569516295879583,0.14818149426864463,-0.07540686868035856,-0.196865152178505,-0.12288199841188689,-0.20603126276130643,0.08779605886307393,-0.12109874955197074,0.31380759489513227,0.004341623968285331,0.016057698111133337,0.08242854734991427,-0.0030316580464763753,-0.37604619116061294,-0.09231141394042765,0.030517296817068523,0.15313625896337074,-0.027738934389567774,0.06544640846832447,-0.14359479085334245,0.272243988141239,0.21995337518281785,0.09782646273003973,0.1253946125097567,1.7862114330963631e-13
01ADL0096,475.40472956504306,62.058608116951966,-9.699975126489015,-44.402386003257085,-3.4019931381058544,46.25832354185428,24.834779433170183,16.960446822370063,21.94245746111374,19.81647854190141,0.29322476286138743,-17.086707150901653,-5.343808855148839,1.2416927513902478,-1.8866581937476987,-7.204454083299362,-16.966380077009383,14.447141653152359,4.456351854735618,13.754853701788097,-13.803792303289264,-4.9568186707794295,-11.297652004588628,7.082548612600535,4.635515732377726,-0.7852754656933693,4.2870888151023925,9.4339817725171,0.2865912736665168,-0.7880561789184204,1.0466526005387544,-2.0832292474636467,-1.2456495630258593,-3.0127213059694062,0.5724453219644685,-2.1091866651426665,4.469045346156781,-6.026578276721317,1.7573295857405036,0.25560043138459454,-6.7634856095486855,1.7308490829081784,0.9162874518615699,-10.167186850772785,-1.5207748856970604,6.533005039640154,1.6740092619504383,0.8123891683578961,-0.02590340697176398,3.276228429481686,-2.5844556795509495,-2.9992926409155527,-0.5371442203206054,3.3620085593663918,-2.746653540734113,-2.1565530657498306,-0.12054735665581486,4.086373491243439,0.38040272396799635,4.209603781531914,0.005502995286602295,2.3849494593905916,0.018888738939196036,-3.1327229543474657,-0.21354948256279738,4.333976430051108,-1.344026222404441,-3.3567728984529626,0.49395221836006226,4.771465453905837,-0.062200948020861624,3.1078412700910225,-2.0984444431600835,0.2678330273173263,-2.9341366564576017,0.21532784612335998,2.7684009464459276,7.310275474840988,-0.10071285024164067,-1.0625137372750701,-0.5490145785345896,-0.3948151137025281,-1.1407656817917828,1.516535686232018,0.13658976358897285,-0.8992917604009016,2.0920539601510595,1.278055940328493,3.8795021527040623,1.3377858936556224,-3.041967467431498,-0.5608951097531247,-3.1886534159700815,-4.300357162101803,0.03807255890515191,1.775132593628171,0.36300543705465904,1.138700430254759,-2.8155872833165567,-2.7081641185646035,1.0758489891022973,2.999248911149107,-0.4828877104934369,-1.4592882251661479,0.9318695720818161,-2.4842313272999323,0.3027397931872334,1.5325030288460781,0.5462944443719034,-1.6966902957748233,0.06490197218547314,0.865720951823925,0.7169859999654871,-1.1824449280584393,1.9699776641019897,-1.3883226415788543,-0.6612430456117285,-1.3193606215329554,1.3118044701517753,-1.299931296096173,-1.0161266479835709,0.7103400997223009,1.1356913701101978,1.8834197358475302,-0.970233642590386,1.3146147092252904,0.8894729681251912,-0.024759093577083238,1.0777700647796498,-1.4363986200326149,0.032398656573863815,0.30239855027346674,-0.8076229845985704,-1.119450150042771,-0.5261605667287363,-2.5610208183844136,0.7635673459793618,-1.474408609072317,-1.1103581899853967,-1.750164189509662,1.535222199630358,-0.9596720939313103,-0.3136938166552904,0.48146396866512264,-0.6239936647921223,0.2817718074101802,-0.35875663444570777,0.37616413879681376,0.8507085735238578,0.5156416974883684,0.37106364410473347,0.004013036079747993,-0.5452485815369278,0.6097721531572182,-0.29301010370427244,-0.23830947187283855,0.041755082015226194,-0.2126516322801889,1.7633235934878744,-0.6709218538523007,-0.5005320439633231,-0.0034474907927781887,-0.46065096089742347,-0.04326740389155116,-0.057183228984451266,-0.7135607847539314,-0.6782729105803821,0.3027640386288866,0.6510840296917907,0.20172778611285577,0.18422100692074497,-0.06732280173694931,-0.2889835908724967,-0.13640502197765925,0.22184025134497232,0.26975833459186765,-0.4452005875506421,0.24855868679872056,-0.320343039544418,-0.4406629797592036,-0.05345979469520742,0.08722481342826072,-0.20175548551867328,-0.2302215663842006,0.057007828195740406,0.6188185526536271,0.538876271765991,0.002888814315839119,0.45242404590317303,-0.3568616519556471,-0.10238280521978455,0.33487908509298536,-0.10879569409082546,0.11094354373642597,0.043955641335600724,1.786211433096364e-13
01ADL0097,495.1881024608842,-20.818030093354288,-4.683414429621348,14.220820742793064,27.1512923243014,11.325714051466157,-8.016414765291756,2.0898238406215506,3.096723310157798,-7.709977013007841,-43.42496489783802,-19.34620204254769,-15.619266193511127,-18.388417527747237,-22.001184774477387,17.609559254191534,5.805389443530595,15.224757587499168,6.183913099833485,-18.211646709303558,-7.053804488019388,6.291852383361399,-11.080659252688289,0.8609509705491097,-5.569197907198988,11.920723088691473,-2.6168853441821445,-2.364278529672134,-0.8665081602046159,-0.07728072941400019,6.964925820458763,-4.549533007171564,1.4110843457253957,1.040221224574196,0.6675167909571437,0.6063814718692296,-3.8475925044317907,-2.644280996546732,-2.135170342081405,-1.8363472795236124,5.6410281821972506,-8.541579670017452,4.719059882434939,3.550242847618388,-4.6971562613252695,-0.6313585578667704,-3.7132509377926683,-2.1198097623448477,-2.4583489533756615,-5.846404549492354,0.1853885003267113,7.918407362924733,0.9951324036082085,-2.149807558531786,2.8071921354851277,-1.4888270640593435,-1.6020268826238289,-1.1310385575089295,1.0206866905031609,-0.03299250784758548,5.4603083334211036,-1.4996911684631702,-1.0035958608060382,4.748720874211619,2.628010513618709,-2.129639373704996,-0.4813927420415238,-4.784974630082111,2.9318950360262854,-2.123680796185349,0.3420947724676303,-1.6356927692601906,-1.1615721149533265,0.2486709147896345,2.781474832636381,-3.1169601276663026,1.1045146639850223,-1.502905865707253,0.7223650323061165,0.6487799781941249,-0.9999668532394728,1.3541300650918788,-0.7359637592207484,-0.768318002574346,0.3047439383642714,0.006933534706038421,1.4966597992150665,0.9975236679126032,4.608690118374034,1.0118968218977642,-0.38059947922343457,2.690862942569801,-2.1339403254290787,0.1074190635342274,-0.8107061896607924,0.7837818065576877,-1.171651685183696,2.6563829012798568,0.0567080919442525,-1.4359778009481556,-0.7939604807681027,-0.8079762431358929,-2.3766863325786844,0.932445886129683,-0.4876075894699653,-1.8752837158934827,-0.42458977226741645,-0.85222132011007,0.46542539870329275,-0.4223209404532489,2.0794261550615873,2.280302698925047,1.7657103719121665,-1.2481039198643844,0.14659361599201193,0.8223375244760842,0.13266537031265238,1.2536878954807753,-1.888452111003367,1.588264210077105,-0.1981269828657146,-2.241377387477479,-1.0477940377275277,0.6227118011854248,0.48542578868078484,0.6483548943827784,0.6619797103273307,-1.0861145301466826,2.1335160548052094,-1.6862385224164225,-1.3044975811899409,0.46365113633218025,-0.9085197196687578,0.5547573920538861,1.1767150048092745,0.17433125368401609,0.8345052219782105,-1.8365517771363271,0.32626657778383306,-0.14987147664556466,-0.28979670566340204,-0.718608161855712,0.5951298593533103,-1.3534917172294,-1.8111668323481662,0.2017101074124183,-0.2369124941894763,1.041962498498901,-1.3288842573960051,-0.4867869401915322,-0.33509606249135887,-0.19940044371421045,-0.9713096693802857,1.2721682482326857,0.08136421312036794,1.1734434635149018,0.017219709030181204,1.2670328058172757,0.22158057146078666,-0.10424240134473116,1.0257183157051721,0.8870466646670123,-0.9005382677683315,0.050974376309203345,0.7123898569751469,-0.011706119516420765,-0.41236004312073277,0.32230964033417386,0.8294068642328709,-0.009470536619944249,0.4114913679773649,-0.7380298454831082,0.322187845169374,1.2120075929474317,-0.8681144710082502,0.4678475243583799,-1.0192421986326847,-0.1912609046767988,0.2784250278135409,0.4452714345130476,0.7849232848121391,0.1874463971769031,-0.9247504500177643,0.2452257710071852,-0.36652502884011257,-0.0854345024439457,0.6068519694063336,-0.34518730866838915,0.2578079507080619,-0.21088622360671594,0.20855058914995,0.37799538278024725,-0.1263658283984959,0.005872069479542175,0.06182692306734045,1.786211433096352e-13
01ADL0098,473.9671434737024,-23.287938749730014,4.393184436955041,-4.2346711063212235,59.30344154909194,-5.3629252665390155,9.525541340468129,28.31461961838386,-7.0987999113855835,-0.007645208117051207,-22.685731228247768,-18.638932382194863,-11.730721793008696,9.571274587073862,9.090826423761252,-12.745035410883881,1.6756939661383559,19.283021990865542,8.315374920120794,-3.754711946568595,-0.7687381614389059,-0.141067832912761,-1.8655299826188068,-11.880721990012127,1.5707322223550215,-4.555369226805529,-3.411711490423903,7.644791841897418,12.157891289009275,-10.233018424971622,4.863809675730609,-1.5997295462875665,-4.441434206740488,2.712237450320299,-3.1882059868927466,3.420496582284453,7.077681737806276,3.5020826781461047,1.2555591853807673,-3.8013352170760517,4.670007660871017,-0.8659641178191401,0.4346237842748197,3.8511199852165268,-5.218867908572838,-3.51018950572623,-3.132298055241492,3.3720598752982327,2.572055992449379,1.0580843971633425,-1.4647510314440262,-0.7745802714539799,2.7804893081422124,5.419182510502976,-0.891424716040563,3.412012416912996,1.6524927186701988,-0.65929675602914,-2.969894129419325,-0.5210114640263585,-5.56601656620165,-0.8128887255402999,0.4144423398102229,-4.355717683910638,1.8979723545299758,2.48392591864223,-4.573899379838973,-1.0289264946614574,1.9266416235585637,0.8948069354986812,1.7322060879172279,-0.7471871535060757,2.615468631183816,2.600549093177479,0.3544850503112729,-1.3628463912578288,1.7943253472442642,-1.2293366056294353,1.295516778851391,3.6148770525904017,-1.9611357763197024,-2.0089954466321265,0.44380533837533803,1.2571984656262796,-0.8147371051098068,2.0901877079571,1.0186907932253564,-0.5712691105163367,-2.9578453912302587,2.610031437305514,-1.1842242499990627,6.290359520518529,-0.8928873240909253,2.5529676465819646,-0.898249080281344,-0.5063275256995968,-3.084318307683301,-1.8054343102726127,-1.3750940982742523,-1.6545540830077994,0.2347619731777537,-1.96733201685151,0.6636988539785373,2.463475011702833,2.0337752920353895,-0.9741916842189894,-1.9089325835354207,-0.004225004866382683,-0.9649620215182243,1.8013375252304868,0.08344950769006647,-0.5863226494763112,-1.0632829244706075,-1.9673466725250277,-1.4634018241599682,0.5844872425010771,-1.007441828194666,-1.7250864537703186,0.8734785807416651,-1.5155980134637588,0.29058798842573147,-0.6466666631405878,2.248219916552852,-1.9455562089020775,1.2575083065662218,0.7590515607424029,-0.5579384414610596,0.4216611508142267,-0.7224668068540765,-0.5555585788604819,1.0946292823663548,1.3249310773477527,-0.3464963498746732,-0.30863261283929533,0.1401838730044182,1.2229357780467953,-2.611487891744418,1.5090815970091276,-1.9592038235394091,0.14692634239003474,-0.5439536701179517,0.007422863986745722,0.23135226601836675,1.3714476527735286,-0.13549316013976512,1.2897259427233734,-0.3026317807693586,0.562502653656312,-0.15320517190096394,0.7799250606299393,0.4486399410332176,-0.5723763416129007,-0.27750474985374124,-1.4385171532647936,0.3627483084280013,-0.26771316889655283,0.36410247438502824,-0.5635437839496706,0.18984441598943783,-0.46758873935594475,-1.1968610848041847,-0.04344146795467969,-0.23060462659586395,-0.472840700689669,0.23011459406297888,0.08007266932163026,0.4851705831818866,0.08136613018742282,-1.2850919777542325,0.4457812054399602,0.6340059210410973,0.0713798134662342,0.898405123784998,0.2578232691445504,-0.05789547635885046,-0.032563558344190995,-0.2785370326832026,0.029923721428361288,-0.2005903850882051,-0.9816951659160859,0.4760747994542569,0.48310954945628015,-0.5503357514069974,-0.30264039270554216,-0.031154965434319264,0.08424906693999866,0.6183062511102856,-0.910514154955587,-0.11041018210815173,-0.5523398893380772,0.42441289141994326,0.5084179163682082,-0.22288739537415656,0.7256045385394463,-0.6019129507583012,1.7862114330963674e-13
01ADL0100,444.55467219624046,-122.7709217751378,-2.21449273257716,0.023456362321147013,-7.410866563428543,-27.737180067126065,18.82136727112742,3.9355050022619955,-33.76608266017098,13.256043302819359,9.273381595402466,11.283525333811388,-5.366865740739733,9.972757466605348,-6.072267408541974,-11.91255364262822,-15.919619030084778,6.579329575300944,-9.23448866660725,2.0068437027154613,-14.60755854802829,-6.949045160614866,-2.039618090099185,-6.127817433120278,3.2085555008587194,2.5726331812470504,0.1258181947283596,1.9524091370139947,2.682594635652016,-7.503763331748928,0.7410705704856742,-2.981707770699836,-1.184515670487393,7.938508047698474,1.2535261626522398,-0.40136061735014905,-1.7363979017988178,4.395710029915623,-0.1749530760391821,-0.913257677775833,3.185060078497873,-1.0243338785034524,-0.16711002726433938,-5.301743484706369,-6.211862040263593,-4.628264691485972,6.302547801948404,1.2749335298829476,4.398579296721705,-2.9664342297084056,-1.9596053028276827,0.3760697901346524,1.6982461447901331,5.7200664551356395,1.4819709504765093,3.9253755879959185,2.7711935040507663,-0.8381773323947491,0.7937174113271147,1.3863353024312965,0.9516394206951249,-2.978189068863302,-2.11694834739529,1.0426853950067703,-0.029417490992661745,-0.9988873434748883,1.7058424490952064,2.631272750173351,0.5479127960906496,-2.209214258069764,-0.7738921825671274,-2.321682548366592,-1.9273798179125448,3.7246616190743422,0.18777244200044763,2.6436001384448318,0.7805377442385107,4.537827800621294,0.13937365528070644,0.9059774185851356,-0.47419593662651566,0.9987613077655404,-1.0011755348925784,0.16066839392909224,-2.634573043273021,3.2664044347333085,-1.2202235207738854,1.4267540611683784,0.7038647292799943,-0.3048427205239773,0.7195616146147585,-1.4804084083979712,-0.7050467082782589,-4.044831605098431,2.629744329974798,-0.16743290290173718,3.015218047369815,-2.3145077703445143,0.6003889793472664,3.184519073906984,-3.852840943252706,-4.1892403111575565,-1.1182614871516765,1.276180817109012,0.20293970865811384,2.744691207086419,-2.4664683210141365,-2.31158942827453,0.4134800821982449,-2.063166164262238,-1.153134608698203,-1.9560900521286135,3.1574911188340278,-1.9168249198915175,-0.20142419604249923,-2.613342901418756,-0.6365472305036318,0.9613659047748141,-0.7244208351089739,-0.04520030899629106,-1.3730908161943338,-0.7738382749688005,-1.94337284814539,0.32539583009430534,0.29859549900976384,-0.7367807384551549,0.3118428734319873,-1.331024637578325,0.3367613712313887,-0.13685781184702384,2.255544405647558,0.3034850139867451,-0.48815984174166366,-0.3614499038114024,0.5831018018231046,-0.5213064935187813,0.6308306684427352,0.7415298586438941,0.26453412784815444,-0.7976693130566983,1.27579414567282,1.3859027765266236,-1.0817369577565286,-1.3961089537661995,0.4454142289278452,-0.33632465657160804,-1.4853541725931372,-0.35595761944796406,-0.6280427384882754,1.6472192315979326,-0.26988689306827934,-1.5714932487908488,-0.4539999328711398,0.7475483958810322,0.30190264543406337,-0.4593740815936572,-0.79378979589198,0.3094398368366995,-1.4458873499053135,1.3978428968094712,1.7332985039335924,0.04007373445058553,0.6631898611842056,0.5069241824756608,-0.6523886891059464,0.5625194933472248,-0.5566882988042343,0.5089314332155722,-0.47169439633862054,-0.20856554204370184,-0.22291641274787866,0.7834556715057263,-0.8408469969289343,-0.3423598123928423,-0.6737019827607916,0.14070767673836723,0.060942849005540915,0.38928177770758343,0.49546760255552796,0.7375538163787124,-0.13136946016405673,1.0236928297078793,-0.016997901935148187,-0.0879593451598754,-0.28495496869337406,-0.09324002758864533,-0.5210520216210031,-0.2845686491531397,0.32218257152667595,-0.2146352741836046,0.0671354223529015,-0.4839155001599296,0.39317099346545203,0.33112542319289995,-0.13346484211779186,1.7862114330963485e-13
01ADL0101,490.75736365606207,125.50579955534693,-42.09650358283632,0.5386907145576364,39.80122760263492,18.834757615653324,-22.334979771221096,14.015126874176884,14.816013312272535,3.277770625559042,-9.638436686380878,18.69268438803453,-2.9539790986774905,2.633811890764878,-3.4368732060622125,8.034813738118253,10.626861019261154,4.82044440624507,-0.10755325771035346,-15.203435212810543,-3.3501559941495813,-2.4724536222947107,-9.592964724725174,-13.254323187436995,-0.36540320680890576,-1.0350289241351824,1.8064334217379998,-1.600793194215348,6.850588735788678,-2.3294604362620923,-1.927446696765512,5.544915390480286,-0.5704854792751585,4.089870736915341,1.5951034980791106,0.870124113787492,0.7947406238627853,-3.86032933004179,3.29689220465259,-1.7510643426877313,-3.1977370303122483,-1.2511895666231514,-1.1788966672524042,-1.057242959991415,-2.0162474529618026,-3.489007579658806,-4.8456468813941305,5.507513253091559,-2.8271711076402917,1.3829338368779018,-1.4674448083900558,-1.8196995034995904,1.3828104659407903,-4.297270202737713,-1.1377240298318299,-1.6718313106717217,-0.3240028810251649,1.3965330611072322,-3.478128111147918,-1.540072110254797,-0.402435947703313,2.5919292135594114,1.6715709337404816,-6.318387175921182,1.5186896986465224,0.6870240203583653,-0.21300827465375013,0.679031850683485,-2.9400175141788005,0.48150306132421195,1.6686820342769826,0.023361683109756542,0.8775690489902234,-4.066220013672777,1.3027695062192304,0.512439475603351,1.3711311723104387,-2.7554332788231775,-0.9459396686146611,-0.9287336250234202,2.776324880634257,0.9143638988816433,-4.678685645444138,4.226697845808223,-1.2809884124854636,0.39717682626806927,-1.636120623120986,-0.6430989729109513,0.4624583327991816,2.499896977879822,-0.4353759247853763,-5.078433535423199,0.8159596780606256,0.593299327874788,-1.930436990633106,1.9836091085166168,1.55826613626169,3.113732095784254,-0.1872376683847141,2.7009181291801085,2.1780640588386784,-2.130570606628915,-1.0738429536874523,0.5902940561181877,-0.9326802721368226,-0.11183098319676278,-0.20378433586566339,-2.3388287851964487,-2.942226759036963,-1.135703683812025,-2.1619403824450805,-2.9124518504346986,0.43326285137977333,-0.1308063443818137,0.6900321781693337,0.4155035906655938,-0.6048684131623223,3.024411154970166,0.032960944125431074,-2.809097973896082,2.102588583457416,1.123413390268896,0.15154737441269284,0.8812335829075226,-2.676790407911519,1.6156152721995802,-0.45291892430980646,-3.1872917140630608,0.8396307402608589,-0.053124487991147364,-0.3582545550733912,1.7763758197013264,-0.5138053584793242,-0.8010965036004454,0.04634751305596473,0.0020083061302614575,1.5035732243303355,0.7181578585848837,0.5777004360190441,1.5614482538641283,0.10559942163404683,-0.6271080932339949,0.12450848549462579,-0.8046671869206329,0.5558676814340401,0.5913172581276128,-1.3998845163835831,1.0686459778253223,0.25062836497732965,0.0380595885654217,0.4594182262743885,0.1589543326756507,-0.327031928351731,1.1929227039698316,2.0984696669934206,-0.2952466742386916,-0.3687517276610824,-1.2759341597525842,0.4452923869707795,0.11271854196210071,0.5292864707274008,-0.5701794266696594,0.5243358905117464,-0.5526622715314071,0.10160616642037903,0.6466107159979197,0.422568299842297,-1.2148141558172607,-0.5626346476749619,-0.2619551313391561,0.8577482440909102,-0.1857130268465169,0.1357301687501513,0.2111643814693527,0.3441384066135519,-0.09447621656153879,0.3423151010608012,-0.9320792464156492,-0.1605416311524058,0.27314157397489713,-0.0660257993712519,-0.5426662819417716,0.625702569282852,1.216268880408425,0.2014746503202409,0.5405785579363376,-0.37174052098974286,0.5323833113868708,-0.17348365770402255,-0.5066082530459999,0.070838465464669,0.17579333483236312,-1.1280226984001882,-0.8117599392151656,0.2692192423953477,1.7862114330964013e-13
01ADL0102,466.3606634800045,-37.58425873417575,-28.811613036015295,12.591266271247402,-5.658616983145732,-46.86943472845904,-34.49499542541778,9.57881648331211,6.862096393430072,-9.860376891414436,-1.0251559464694762,-11.723796013692208,-15.754112907352148,-9.958343379857116,20.927624133461265,-12.819699260525221,-3.8270031358643437,-0.91842019244384,4.851385411363814,5.111957444277332,-7.956977129217636,5.268527911588843,-5.226516515843446,-6.083616925622685,2.764352000953574,-0.41540138019397765,-1.4827147828329945,-3.737665088340645,1.7035492353618704,1.4465987279388761,0.8906649908843931,-7.180230904841669,3.6234977044603682,-4.116397799751346,-1.3945414148495061,3.0400982445958373,-5.073529426726304,-2.1879639716780015,2.184856469594016,0.1693075538055668,3.013861828443335,0.5115037338059623,-0.0787296088495801,1.0199573765323242,2.3490984688188243,3.2228945220284064,1.8537980352588883,-2.376622787023889,3.301798353070797,-6.135111367436012,2.154213680454171,-1.1361410621733272,0.5427847126290626,-1.4447578557463818,-0.7273623050847743,-0.2736041756630514,1.8476396320069501,4.4759375651100815,2.1007859001390794,-1.0333680448935922,-2.472698598654122,-0.9982493549611514,3.4095615683292806,-0.5983706658862653,0.032632546870737085,-2.108471677102863,-1.0786127730972834,-1.247445005577097,1.3308466482274763,0.48488292968033797,1.26753542920715,0.16542863568750857,0.08226407306302469,2.1740629431844916,-0.0065748548227572215,4.576313417637718,-0.848936809303026,1.398414670057786,-0.7298882845845449,-2.5513062234883517,-0.23716189387906,1.8774614782902974,-0.3396842073755252,0.03202365449272993,0.8215247996529395,-1.091299706446268,1.8315316460205238,-1.2809201046504248,-0.15394095870722269,-0.5214869523649044,0.5546458962477447,-0.6912572719235127,-0.9238794038433912,4.471770475357606,0.8494419885222685,1.1802797320510532,-0.7418751264940323,1.5228697754129936,1.3886300799194051,-0.9565173440835837,-0.7283892216633293,1.148295982307866,0.15640677920462354,0.9761807278015665,-0.9928871485324203,0.42576357673710097,-1.7376650012219113,1.1199891464237872,-0.8059225852988439,0.10451302567625205,-3.0619632042085776,0.5698966384955639,-2.554322616877764,3.3415896630434907,0.7266426533041582,-1.1561459945684252,-1.4397125115776368,-1.0864508685586869,-1.2984143079048414,1.6716041633198402,-0.4559389168067522,1.1894877024095025,-1.4986994567441139,0.33296278281382796,-1.6850762077765118,1.7128533780262054,1.2032648889203135,-1.0380572454671586,-2.1902856476820456,1.029863617995257,1.8884385143789775,2.6343933819466323,0.9094516910356257,-1.0307784703934706,0.329909029143113,-0.16535143887057668,1.7066739081793845,-1.4585978598393516,-1.632088139476533,1.5449425240668386,-1.8765913679372466,0.2341995586747029,1.4539460416164205,-2.3371199067671404,0.22467956673173722,1.002952311850936,-1.0338039981876337,0.16516453234238743,0.9050908881134341,1.1021461120739477,-0.5149849616096012,-0.8662190612384477,-0.7467552275694219,0.08687581492983938,-0.3245439684697454,0.7915038378001253,-0.29485184217857036,0.16232071463389,-0.8007095168991943,-0.9696004322512537,0.900912188125955,-0.6424208939202517,1.6768198020929481,-0.0017356869053164457,-0.27492407578343797,-0.011516286636068263,1.561705254812889,0.5542268551630806,-0.2551958865030587,-0.018748517260748224,-1.2986731623586216,-0.9258419729434662,0.15857068635238283,0.6572770586129998,0.3217517182508841,1.7973581642487584,0.5101320245113098,2.271612335349538,-0.7987616940262726,-0.6327213883233984,-0.05681159339920328,-0.8315599415512639,-1.01708114563197,0.10513584513587053,1.2741060071427501,0.9110940904194449,0.6442413899783335,-0.6613851025048857,1.288370475839201,1.5414196133648694,0.25150904185684453,-0.531113796558961,0.08819288796889746,0.17852963819489034,0.0016483177513183342,1.7862114330963902e-13
01ADL0103,444.46314699761643,-1.7008637580505463,12.03803230742574,-18.770973029345694,-20.509846329517448,-35.22661284755641,12.249794579080046,-5.182776078067843,-7.276462506616273,6.557751931025866,-1.2178790654008405,2.40001538028334,-13.971889966839164,-12.157460864375686,10.144703121963577,-4.943318155049199,-1.3935471323012918,6.814646216921705,-4.5546569314115795,3.5992260494205217,-6.464220076901667,8.038304614242898,1.7877790224099313,-8.2136623532351,2.1386154771582775,-2.641430266397377,0.21252478601980004,-5.127794770571858,4.107921543854168,4.369043977938653,0.019008656345681132,-4.768703165764621,5.00637717333712,2.6704597677348656,1.5375670622136668,3.276306514907099,-1.9955337522555179,-1.3001825957509436,-3.1718379492442015,-1.6438555648212156,0.43369757190013136,-0.26762645412853914,0.35047447040368424,-3.0124128476674965,4.240188762945009,2.4578997295707916,3.959419565140683,2.253985242265002,-1.3538827906258895,-3.835297301267409,-1.5284975495513617,-2.1348789899494656,-3.339115811539045,1.9665424013001376,5.030970021115727,-1.80109054861677,0.603746712443656,-0.03698709006394225,-0.26779084610170933,-1.7423564944938295,-3.097125232319624,-0.08588359204670665,1.4082749286633356,-0.15428673657592823,1.2702617891687176,-0.0005497081174037293,-0.40319747331691563,0.9867408447401144,3.1213786514958897,-0.3571243706871894,-0.43982212177111996,-0.24457394426119755,0.8373919088240926,-0.940265424046996,-1.588143520712239,1.5224076392212202,-1.5353347549789695,1.4790121602704676,-0.2873894357541592,2.0993968503021527,1.8940915187091782,1.7954282447040018,-1.4340690745158582,-2.59509839919067,3.8599637289204107,1.7445651190521105,0.16093432102736532,0.9968012400344559,1.14597230538597,1.4573438537930146,-0.7712029298351201,-0.024234850722467075,1.3429401390659168,-0.612171836545782,1.292854704036534,-0.4663981828773395,-3.2660470145838625,0.887053926057735,0.740650624234084,0.9460799837317548,-0.7054857897597773,-1.000073746166174,0.7437459852838624,-0.17478112626182693,-0.21770750473578765,-2.884274449728169,-0.5847061767624318,1.6357400945975824,1.4982137416851666,-1.8502737570964025,-0.79314233108132,-0.0894675903615084,-0.7853882551844815,1.5381334194128244,-1.0018941548425315,0.4260310964431262,-1.1422210208655983,2.2025587881368263,1.4742827893140737,-0.9462110883138474,-1.0896532326728814,1.431743815158033,1.1106026621681466,1.2349269101107552,1.2212687460212828,-2.724361956575228,-2.237214803513029,0.8875065773728369,1.0027228805756592,-0.1976679855172924,-0.9498169248323262,0.03630133998320727,-0.6360515335083041,0.6047694030771195,-0.31233780154622165,0.8365471726933605,1.5336326246346308,-1.6383579307453668,0.9647465154724306,0.10679294802152256,0.4641751266552181,-0.961934518121949,0.10116776223636441,1.3292625311285164,-1.3071318643400003,-0.31475325708930807,2.2790037028994967,1.5775843005058785,-0.5742226727991244,-0.17094617354525257,0.16368352334402173,-0.5838478892470405,-1.3215425518669524,0.4140068764471923,0.7067657966259955,0.30952471704201484,0.28076197357192506,-0.3823963163171185,-1.1680853556032116,0.14306279021323837,-0.19403948178367286,0.6112646431178353,-0.5730443917081431,0.2136784279766838,-2.398313145417856,-0.5069376254019621,2.7947434263955877,-0.11823942691296625,0.13067594501045082,-2.2674376907575553,-0.4969369460410243,2.228026768533434,1.372416509553836,-1.0321015157867546,1.2981988416035315,-1.9068629936554058,-0.7343392715097463,-0.3302453972162991,1.2942678006281707,-0.9437237813686867,1.0735399585478114,-0.11607358805885103,1.1604504026038016,1.6655713567909174,0.47389782841487565,-1.2537353942366614,0.3688038430234752,-1.192562255307881,-1.1945632292434005,-0.3691290594291517,0.10425349481723052,0.2874664982597726,0.3862065528851567,-0.7894903024873793,0.03132306961478815,1.7862114330963785e-13
01ADL0105,459.38467777204374,44.549729648849464,-48.4443866194258,13.816966353829788,21.370859241334358,-30.692613948698206,-30.83635537223274,0.5261281227626237,-12.031662588454795,16.24795430005569,-16.74487305090233,17.460365379793327,-14.585463525110756,-8.325981259678484,5.131798941275963,-2.1402479740923925,-13.66165606530504,6.573050126848928,-1.8142961086990115,0.509041424118133,12.177544283879598,5.854717981134752,4.911436990968708,3.8802042584610024,3.0757232505469503,-7.200502711029509,-6.3773920925696626,-5.284972323371174,-1.9445739201827905,2.9525141076548924,-5.730029369866588,-1.28980099556203,6.463888934460867,-1.3414322975242277,10.09309041064889,3.6971333039298995,-6.48402933358093,4.590538262083262,5.379998163269513,-2.6246950866897714,0.6612439412347823,-0.29636327567274834,-2.05774542258744,3.2366228348017843,-3.646304944411091,0.5324302772311073,-1.4872162594274088,-5.342094760891679,6.299233082806028,0.08371757002954988,2.611735888175603,-0.6390218252230733,0.020801876716469235,0.4479610965319848,0.6915917490451223,1.2353137873135638,1.2012125802528182,-1.5172958001597414,1.091538849256877,-1.8896955795907358,0.24843573743513508,-3.328871233457533,1.7599241033742132,-0.0024290298158432277,1.4711820424600994,0.6097895206812609,-0.9171672574183685,-1.5499039777830828,-2.454828727921572,1.993881608853782,-1.1585249648846658,0.8970419228298636,1.1430901192995582,-1.4408702322343805,-3.3447207423809595,-0.7616867682960398,2.6945017638020743,3.9127633842936445,-2.773673226213266,1.0563705680163014,1.1558219849836453,-0.6918268819110716,1.2751710860905445,2.5828230980395275,2.7607326793220195,-0.9067449033184357,-2.1705711143354023,-2.4698470940039474,-2.886323963669253,-1.3730189405264892,-2.046656062320329,-1.0881519955938856,0.8551027077728137,-0.48779506307609183,0.5021418806340255,-0.42892717522319995,-0.6700943269374374,0.5928725185233552,0.29711633541751525,-0.12856881974129583,-1.5803319495686277,-0.9575974398182807,0.5807832732247604,1.19117551522579,-0.5593134943679245,0.980913842453747,-0.7384417832192091,-1.879419491047293,-0.37567479953683075,1.1973757792238957,-1.8625020510769306,-0.9439467074094746,0.305459928750726,-1.0498484666688934,-1.0636940387040212,2.7540760361682417,-1.4821620442509194,0.5582291335178374,2.488181490175093,2.312527322627029,0.23098624011904673,1.9067502915515502,0.42042970496762216,0.54441555927651,-0.5445702324014159,2.333757533640432,-0.8886000799580116,1.2937296431340102,0.42877500437760935,-2.4090471704366254,0.4111418574927681,-0.28142840919400275,1.3275527176670983,-0.5819583081571049,-0.24190174260262315,0.8876875661895389,1.0624844973939875,-0.06550678246287898,-0.8171515401366287,-0.7660446641237544,0.34111676859834444,-1.5435083619719838,-0.7928074391386922,1.851183526733315,0.46668688876907843,-0.586188318749318,0.10949218253702961,0.010749561479577771,1.0635405501735546,-0.4522366916637078,-1.6703846116372425,0.29214019303846467,-1.8670312729593324,1.796218023281823,-1.4104659722330364,0.9577655828688543,0.10585204882032813,1.0563655250430233,0.4353490336969384,2.723698978582094,-1.1147856307584245,0.7053993425666583,-1.3438503161199873,1.4245260785971654,0.15782788775872442,0.23911411172040345,-0.6234353000053149,0.6795197562849388,1.0505391991384923,-0.1664367500433234,1.8239240523314586,-0.7171415210601848,-0.5057625146523211,1.1466310878622605,-1.166616850268005,-1.3753413370601213,-0.06756132156826893,-0.5431925816345167,-0.7460413925516507,-0.492876342758516,-0.7773706296075854,-0.8024884407274965,-1.279704333548203,-0.20990308389311124,-0.9730856690422114,-0.2861843595734601,-0.31073776498389327,0.7613485472831787,0.3736636079442294,0.266217123119743,-0.16055337931185168,-0.30914148112088546,-0.45793524560579335,-0.17575862689969343,0.4278746145387123,1.7862114330963697e-13
01ADL0106,470.8400766788635,36.62955610452633,-23.96196667684412,18.354004482517254,57.65133178207106,12.665308375107124,20.5666071548833,-30.270852396110453,0.5297726554656575,9.43457825997573,-2.7958781896536755,18.588970431790003,-12.513700446327084,-2.2488931289452196,0.18004121102949872,2.1435257030626085,-13.59259989367367,5.830321338200311,-3.6535475591725066,1.614654871314726,-11.794024964528841,-3.026962708257591,-3.653723755238335,2.616724775335943,1.8816071594176145,-2.5472481468587382,5.009529593048861,0.736900076767713,-1.3670013484167933,-1.3349956213279828,-2.936545791918609,-5.38196719089209,-0.9235493448595523,7.634467203181923,-5.898810839056436,-1.044599373269737,-0.8943173644404571,-5.679551804571948,-2.247959892034202,-5.103379465943125,6.245603542064949,-0.8689557893808316,-7.984550200190947,-5.777162439991911,0.6133889883209463,-2.437122880501831,6.105697677046358,-4.910214309396618,0.664845674485992,-1.3645422780214829,-2.868071798348121,0.5048528303340472,-2.0888139443881815,-2.2602152009494025,5.917727500366531,5.378479064910539,4.894874780853111,3.355861395243554,6.460322598834284,4.03464641453548,-1.5795901053431671,-1.1381281650629549,-0.0900060966626398,-0.7681608282872568,-5.367946802538489,-6.061272687795925,4.139999152057785,0.3709777616726648,-0.49749278710333306,4.489162796588771,2.9004491362231435,-2.2839365347568177,2.4425184466653342,-1.1600949248158088,-0.7625909682398558,-2.3487234080539543,-1.8086068024991346,-2.519084015524549,-1.7004941838216847,0.33675454856089154,1.6672897093163266,-1.0384975121806397,0.08508486845144358,1.1304307052884452,2.5633959309830416,-0.47120398242981737,0.6613496817681049,4.663662329109649,-0.08506050265438221,0.19761983297878166,-1.079467699045693,-1.1242282235224788,-0.33559647950482796,-1.3299731160220822,-0.27814933636484995,2.5101436880021715,-3.9680571609192214,-0.5769601516853629,0.985914385914644,-0.003960943940930586,0.8068130754028788,-2.2256444715372656,1.7838044542927594,-0.3140905468735921,-0.21036633331466292,-1.264083498377556,0.6791409971150363,-0.1402487566800975,-2.5691519563539846,2.2841467050957953,1.013119827725925,-1.0496069658612455,-0.9578674534434564,0.8494785881009115,1.0696484421173376,0.05651318442886259,1.474574862219918,-3.326947529276552,-0.9130089309214421,0.29214069597150366,1.3935392077424287,-0.7062626854378624,0.6528168413250546,-0.5248712171624946,0.5108316557199892,-0.0955566050502171,-0.4395896075274475,0.24327986317608674,-0.6999786427331411,0.8423058413758785,-1.7583704089018133,0.8403960357764777,2.6478361742745333,-0.07504345027074598,0.04520183291014408,0.7155860547509162,-0.7715281176225938,-1.8466973162361255,0.8636065033646421,0.24327066639463676,-0.8326388050703429,0.9927119083416727,0.1310012378676345,-0.23621412480836343,1.2836828915981635,-1.4465972459972065,1.121096064114891,1.0291298997005498,0.5981534582824679,0.09331434511148815,0.4044188504210152,-0.3139795238539358,-0.00020014419969406998,-0.14895674537962864,0.4484366803328816,0.7085808490902885,0.9684648652127112,-0.5283378742712866,0.7183427008244212,-0.8433367290286485,-0.07015491859463166,-0.268884840381035,0.8863788667805488,-0.06890439769754751,1.883534185048537,0.8626283856868653,-0.2837324801395645,-0.6499801767015494,0.7266250644096868,0.9449991870112875,0.9536744059292593,-0.25559296752850663,-0.677014390522195,-0.43593285681681626,-0.7005190243857928,-0.23193281248451222,-0.6595264489262842,-0.9931583116122568,0.48384942258332275,0.33990635297670585,-0.5210032655407846,-0.07580039182010374,0.09152995872117754,-0.5677464791511414,-0.6995568590594559,0.5534551273209749,-0.4828530875004419,0.2001493678355209,-0.7968661690867963,0.09177457237483926,-0.062464509693882585,-0.2441697819171073,0.4175950442155146,-0.19478523735931477,-0.2579198008884311,1.7862114330963753e-13
01ADL0108,457.0795388323302,-78.99696221134222,-27.829035518099786,4.880704878377028,-3.8851767361267853,-14.628541543938876,-2.851345512773085,22.031192612464505,0.565488695773643,-17.89892285711678,-3.6727635262961944,-4.492194608434564,4.172208281571326,-6.270513338642241,14.55307037303347,-13.757586491526542,-6.711007929246349,-2.5045726153706522,-1.0821543014672599,1.8904423154085173,-7.191757200323091,0.5317063483721977,5.2687092355059235,-1.986206415713524,-2.301771364690108,3.7550834774258055,0.298581702713763,-2.944402000563532,-2.420767621535926,-4.510224015969166,-4.955137580756178,2.4703714534151446,1.217395633747063,-1.7472520916079561,0.3619646731997923,-3.364928604530599,-4.331009592744341,2.526877529136739,-0.7522922915556335,-0.964871587305698,-1.7703269399401198,3.7040915656181,3.769578493838401,-1.0610476053665485,-4.9717041014773065,-0.8331246599172367,-3.9211362201996587,4.337751475837872,2.458360765781092,1.4126357773064313,-0.9793784663864048,3.2725285792304497,0.5141232220253127,-1.60889048223054,1.513520377802687,2.337752348936857,-0.8523751849433221,0.3056478585996943,-1.9963830811482546,-0.6693044355895382,-1.8845154786095122,-1.4845699068291334,3.4865970206349877,-1.7196796535983268,1.5211699538002896,-0.4676605310493149,-2.175096488203968,2.0574440494779807,-3.9641624433077114,-1.902996729729924,1.9081857941356444,-1.7032686173012328,2.590692654612444,-0.82357723934575,-0.7136401052625644,0.2907145767658564,2.583230842826137,-3.2096710252673417,-1.3733481183713456,-0.18902608271854465,0.663370651975479,-1.0325856420605093,3.242447227741119,1.3805057355000365,-1.0487462760577826,0.742419643922258,0.17250228538665177,-1.3015942719847098,1.8811434190482876,2.6568320620714743,0.6685161019831627,-2.6013685444593024,-0.17159116428340332,0.2654229534242812,0.019454568521904386,0.22015840608407145,-0.6619202397472493,-1.0858866838447894,0.8039789667969173,-0.6574008595211627,-3.236934739179957,0.9194615870054372,-1.3969851329174052,-0.5877795103392446,-1.4726760577244349,-2.4849753604375255,2.852166915852719,-0.665670976728462,0.10294439715083151,-0.62819558353303,2.8405264136704944,-1.215814250210952,-0.18838825818559682,1.3896800296655158,-1.9051315996054066,-2.8939625840309247,-0.1281772282262002,-0.3940069463118744,-1.0644432286528305,-0.23471733610657186,-0.958667857730129,-0.5897803628319658,-0.6518440592471414,1.1013930716329268,0.5162806780766414,0.054365206771107,-0.17605836310286974,1.7721559843645378,-2.3159863019627434,-0.14352415787872502,-1.2047984771310003,-2.3799708473178964,-0.2647919166952262,2.1589808514594004,-2.536332909987813,-1.8827511431759707,0.9274546014289574,1.2874951092052311,0.9667528841513557,-0.4535539161692558,-0.48036730440756126,0.5148229151009193,1.468767259743535,-0.3525744456296564,-1.2868801659177385,-0.8055351329594284,0.18031144073235567,2.812544232387711,-0.3501793041320178,-1.8360585930142306,-0.6227971028502507,-0.42823407459014223,-0.019906201796259338,0.16242492569110398,1.0796165384861065,-2.046845785505504,-1.6737687207960927,-2.1374925611914333,1.0018104019638738,-1.0745202575420703,-0.8787201897704225,0.04870720041722483,-0.39905841711869533,1.3640576164343021,0.7980229500482522,-2.01942170746688,0.09897258582804046,0.21064851893025097,-0.5044452560058778,-0.6674985909308557,0.7151146914099819,1.1443098009279784,-0.5172576625292139,0.3893399210535233,-0.3436087728526318,1.129397751173235,-1.0901532855862246,0.2262881552817973,-0.9597062012061386,-0.13790306904183067,-0.4701332469488647,0.07961505183444537,-1.7157391664359378,0.3013353254470449,-1.7105189522426796,0.2538021081207155,-0.10265206823904391,-0.055113470291755604,0.2702739243342989,0.9335050260609921,-1.4355922966650232,-0.1830278629704441,1.3068459376833739,0.0515056264976881,0.17987992510036027,1.7862114330963702e-13
01ADL0109,489.1703963946921,-64.72557589102932,-32.75608044523198,8.740956560724912,34.0376676234771,4.007707120346574,-9.249839627011427,-2.7104498800247003,3.214942068379171,-26.530538535634026,-10.816679512854293,10.336453008808771,-11.627277224635892,3.6759011009072826,-12.562367152395893,7.164961389374992,-17.522456067072063,-3.8481705011661904,-1.8027135570133046,-8.56228232154578,-2.3844388625147377,-2.7173416023338106,0.44896662269967463,1.9661725976092856,-5.371731290511623,-1.6128478992015134,-5.449022886371691,-3.9894585302205785,-9.39317545231953,9.159599052777192,1.5062491649750234,-12.88744167009564,7.032677453442121,-3.0186550060292414,-10.067256858881063,-2.5737895992435567,5.439647987334887,-6.256299463727625,-5.054490757413206,-2.1609320035941924,2.4821239796961745,-1.9798646271792435,1.717828196126667,1.6842191986700847,-8.661051627225955,-5.525260707171064,-2.1061911760438,0.971036196305788,-4.077601185489831,5.818536202403813,-1.8653317876591429,-4.790047962391384,3.1287243065895156,2.6821331108080613,1.0632544035404672,-0.0016189392373752351,4.276034649531734,-0.09087382345746849,-1.4341919096679958,2.2656899529978753,2.027945024091533,-4.23335230937924,-0.506903408047912,0.6511342934856638,0.6210531745855948,-0.1699425049668397,-2.259199026961587,3.6461398157790703,0.03039455985917008,3.3515787717419427,1.7898000980366455,-1.678153567552153,-4.052891179172281,-2.162869158857521,-1.8083367425341201,-0.521091813272073,0.02032898461457189,-1.6995517205339756,-1.2542682093976738,-0.46005992184195826,1.2578698856288169,-2.043683412767436,4.492810748555574,-0.6030151269580408,3.27390121185659,-0.8505260264250003,-1.9100460624408049,1.7455502831723513,-0.05798979037792983,-3.6878855823545025,0.12315475783420496,-2.147485825042429,-1.9464775835406414,2.736727099432754,1.4220924659424032,-2.1746384179467464,2.0612153513221743,-0.7871000648575704,1.1212997301435288,-2.374370043887597,-0.6271358602162798,-0.14674081724807872,-1.2777259946565187,-2.5923631633135087,0.36840245032949176,4.540466231639814,1.6821227350294858,2.3956196570041275,-0.5984539286697336,-0.15104314066427524,0.024395088296963807,0.7823349587135712,-1.3323258257224144,-2.0898936388060223,0.822641034946651,1.174714740029938,0.13766829407061137,2.63815054233195,1.3465372262856339,-1.3161089842561475,0.24081939824957055,0.13205509626419554,0.5107126822109614,1.0607698842270878,-1.6062113973597467,-0.03336752519196018,0.27180211494898754,-0.6662248024667871,-1.1937299346902046,-1.8178988238540466,1.1441070981077084,-0.9247441950987947,-0.8577697759616736,0.5986011020973916,0.6166369165066771,-1.3368194771794861,0.5943347522032243,0.01845994626057559,-0.26987076181195435,-0.11036627889886208,-1.5619579586541765,1.297467895126006,-1.1407292757145329,0.1748920106933753,-0.4405732540233922,2.4139366697067186,0.3639444148288716,0.33608672469476275,0.9593513044330959,0.4284451922681076,0.0327811931615855,-0.13218427731394725,1.4936727366198361,-0.5226469976811898,-0.05582326913877537,-0.5577796740598967,-0.10515307097087519,0.27395142458138394,-0.6625568828795817,0.2984614423186174,-0.5682627979982607,0.3345899133212726,0.4897363887652727,-0.5316455200719116,0.141704584491718,-0.2848677725040041,0.6392520598859156,-0.7349223370402014,-0.6678261966462719,-0.6056956452350245,0.33334807449339465,0.12655594416103366,0.5724562818477446,-0.7735027553039122,0.3834275021480697,-0.16557485989228363,-0.5783434261105991,0.487062258400643,-0.06105003148959817,-1.3047467524004401,0.8543524778667279,0.4457674097400197,0.3655785685196907,-0.1311976660306738,0.252542883751601,0.24242562415199323,0.3268512700999635,-0.23446207759289822,0.0558114529844149,-0.2542572624802991,-0.04124733720597147,0.20401512474081576,-0.2317458174465392,-0.16803537002127866,0.34909247235467766,1.786211433096393e-13
01ADL0112,453.94083208694497,-115.74128888732714,26.540253506786645,-14.717493161610738,-19.82880638224677,-52.18848330088617,-20.969305041939087,42.22754500554977,-27.331358684524012,-9.405611843698763,10.254186972284549,17.150228653512208,0.43230582101586634,-4.342873312926535,12.800361490469527,6.887467544618012,-11.515064266115436,1.153976281000486,-3.054993666532838,4.27866978341974,5.137629848832971,-1.2225748437287853,6.903037673704845,-0.5373191992079065,-0.28859765477435345,3.4885354909804698,-2.5851686667341185,0.6449158127429666,-4.022946516692538,0.07911384794831586,-1.7726543537874673,-4.3524592445056545,0.05793845385999046,-1.1756915731128839,1.7289595304528413,-5.001208103464632,-3.0731159565955113,4.924108102042041,2.4626134419545838,-0.5476708695857844,-1.2276326831609061,0.6891370593066554,-3.661636324637602,0.9667913882976804,2.176857006535358,1.766952158321285,-2.737184198941431,0.29583669992452144,4.214095050986103,2.2235431433329342,-0.26130655582747747,-1.9970388455480335,-0.09417133210379226,4.9397442174794,-2.506949576710671,-1.3466219619452053,0.9520948457664052,-0.9210110166294773,-6.617336832006166,2.4114481015119007,2.0973464859674387,-2.820141947242967,1.988965557235325,-0.7172476189376386,-1.8498854742511401,-1.6635695077733619,1.4603003390082459,-0.05640486733745298,-0.45504361285711936,-0.190372261324952,-2.674532188595669,-1.3956764068209309,-1.3664762166218867,0.20118209144947385,-1.0236501286830284,-0.9743768480560552,1.7490195540133042,3.0663209901119917,2.656739417822534,0.22378824804728645,2.401692591558637,1.4699979122969289,-0.8956613772352324,-2.027586369395548,0.0884749188987356,-1.8345339193696564,3.815216921781492,-0.376819220826337,1.809145015274529,-0.14572473629043664,-0.6356633850240426,-0.7397399856940863,1.4804986840019598,-1.0633771538920065,-3.0836416916604104,1.1364612967704535,-1.4559869850169571,-1.5414014424177318,-0.2544664143126569,-0.5722077305502947,1.4430216235095163,-2.4247605017378677,-0.6451073072195156,0.01587142232808249,-1.3420314437268468,-3.022734525350853,0.9932273838455123,3.3869684005910137,0.7168702403046647,0.034164696143118116,-0.15783332720363216,0.22183932927361455,1.2087885910646408,-2.53746975968873,-0.8871152185447657,3.3311946437954925,2.315466990807455,-0.9231952811848692,-0.6784697551517808,0.33093898314306763,1.3084066512738985,-0.5275217203818927,-0.058661635728601925,0.07698066805201093,-1.6866802838825186,-1.298200037243105,-2.682878091932079,-1.4081430721261683,0.6982307390968752,0.7477452793119209,0.9979385766658428,0.7671657653998479,-1.1028656456175507,-0.2689149672505458,0.6212631908739653,1.0000704654134873,2.7148376947720543,-0.6106618612966476,-0.587766482643674,2.039295152369771,-0.6626180812398813,0.8896181148398467,0.035406533284441696,-0.5813780336484392,-0.8684930124016974,0.3278249038429162,-1.3779722155516267,0.2761656306979202,-1.248156549188035,-2.3222155516677816,-2.110006036620404,-1.4765948267179183,0.7264167285947889,-2.106807039042275,-0.026080938864052168,-1.3611100615440896,1.2945825030899598,0.10277877449360995,0.3260862893427842,-0.9120902403918906,-0.5542137765457602,-0.6227895779263953,0.2869021541104103,-1.5278743477082772,-0.4980909577780128,0.43043480856068916,-1.3095781498436845,-0.03842246235507384,-1.514906173508584,0.304499805822821,-0.8747114206278704,-1.5287069678531215,0.07033668034895221,-0.7105768304251295,-0.35175636557424933,0.6501301113341444,0.36323837581619745,-1.5791466477561196,0.09295038146483671,1.2463680847968335,0.011105976256379532,-1.1984695502471858,-0.5632008785233273,-0.8192601447727282,-0.20126653302796663,-0.39929203723069395,0.7405919172743419,-0.23912284454637914,-1.1160796249261646,-0.023569528379298554,-0.2861542464705955,-0.6561964245275329,-0.06544907067439153,-0.4729618509603279,-0.3914364801334099,1.7862114330963836e-13
01ADL0113,483.63443225229355,-38.18921860755413,1.06186048819507,-16.557036924552648,41.86841028769576,21.158674246441922,19.461639790082053,21.50126654871516,-10.908810172234443,-1.7917389471669831,5.997572228849296,9.148794787816776,-1.5296996912186234,-1.7969895976658021,0.7934689011246131,4.7255182672452625,-11.960617899316231,11.461019440458852,-5.052236300780341,-5.65371554644016,5.805035685453275,9.717911736882117,-5.602376723811536,-3.343727022720278,0.2699165477423256,-5.270484651946445,-6.33782879644195,-2.1848927270991485,6.442895849535727,-2.422329959056932,0.48186981102841797,-1.8235114813486624,2.582922680832914,6.726258889165071,4.756601311270222,-8.474897128709557,-1.0679263449582548,-0.4804576837750024,-0.44765514776985293,0.3202055978711973,-9.26443998192872,-7.358996887691942,4.441726232529557,1.583018291299037,-1.3217855191175134,4.1535508897312345,0.38483897252536586,1.7664321147713573,-0.3453357870496532,1.1797515692145453,4.969880438885462,-2.344307163436826,-1.4726675748149085,-3.7955154957616895,5.762478663398761,4.275832847496632,-0.848937925526821,-0.04595050738321044,-3.300058475639708,1.3388504039937432,-1.8063504330223716,1.9382672666677732,3.89307444092412,0.7265453197013795,-0.24525448534765654,3.519716016465593,3.466675198667849,-3.387191073412512,-2.969025535866589,0.8068549809486295,-2.6057285954870384,0.14116921468617846,-0.06917776136051355,2.3543795206445113,-3.3311924979866334,2.2370466562548823,2.3372010836816597,-0.7580042085198277,-0.4145784139523375,-0.8985165304810352,1.2860022431763616,-1.565376589866423,-2.155392098995076,2.7825321134993692,1.0651925462811223,-1.9680965224799836,-3.9687339055041138,-0.9003467833086046,0.7439412823649676,2.9408166375619795,0.7153541453683052,-0.46498797465495517,1.0482675312739242,0.0499033652591137,-1.9570534963153643,0.9586613868931458,0.1921362314884689,-2.01215863030169,1.8581554352918128,-1.4908038399855983,-0.9029702480055186,-0.46727570724212986,-1.0390964192080898,1.4789000243932595,0.7045971535420247,2.368696573216427,1.9001723016734768,-0.1500538709590554,-0.7016804179830235,0.8434274312598387,2.6186238385128955,2.2557668285450956,0.7751147299755763,-0.22749188694244282,1.7791310932966493,0.8471423306292316,0.18658127178158343,-0.3522092836037247,-3.0632115571136755,1.6190897689496573,-0.15203266018287545,-1.284395951471949,0.8756190672326546,-2.322405078632903,-1.1595823116067254,-1.8344372665413877,0.2028010206316802,0.5831654991285543,0.5328390899636124,0.18647058460406984,1.217514169045818,-1.2863673421526298,0.404141747786542,0.9996957850253142,-1.3824646207254032,1.050840085557515,-0.19723642989932882,-0.6912351125541807,2.564509215968452,-1.6003883667941716,0.8497948276863558,-0.22021115143532008,2.4532386895438454,0.025691657711384774,0.3991461287779303,-1.7636632325801804,-0.11067454070146174,-2.471665669964863,0.09121329007917167,0.18364651908212246,-0.045460758589899064,-0.46884589633483836,0.583374647473622,-0.4423845489909104,-1.374744384998176,0.8946850752635263,-0.2937286862300552,-0.35999108492967963,-0.8772588483921832,-0.6257660349604809,-0.6811563159202092,0.6236232682185915,1.1468957575434469,-0.1359106390876088,-0.5114265589846972,-0.2637220061467258,-0.13936602185999386,-0.9324359585639443,-0.23672347326617676,-0.37749387186052175,-0.2637437648723999,0.689148925470647,-0.3424606904269604,-0.23119994321187107,0.8417154441413593,0.14920487220301126,0.7817126882894777,1.6609536120160076,0.34534336688927186,-0.7320647860620529,1.241034867420023,-0.565606430544944,0.8069692598392926,-1.0367529022774762,0.9822006809007844,0.5407866638903807,0.37498352124189843,0.307945362850434,0.0420069597456533,-0.09687178703954123,0.9833500000586879,0.4557534061698292,-0.3866215433396938,0.3938318914538975,-0.03557268025604316,1.7862114330964263e-13
01ADL0117,488.0400923112196,-79.08141526469021,12.63536836253861,-55.59227344549166,73.99939701605751,66.79319492435188,-25.192210057115126,42.29791689971493,-28.068928894052124,12.786706740975152,8.44576022503025,8.372451920134885,0.7073606927317487,-11.155349258369794,13.821604189640382,-0.5957280146581648,-4.570383637855481,5.472297106307285,4.359848199836083,-10.36420669695452,0.363659640761811,15.014776416922466,-5.7141454621009755,0.8122841052552214,3.530874795412872,10.88031367815679,-1.7297411413461459,-9.139483942041279,-2.853505221859765,6.985365096122102,-0.7035325625435394,11.973285290274804,5.467229241875245,-2.8805334206228883,-7.2100104356721815,3.5653939771909315,8.684541245505477,-1.5682914235606558,6.756689076529052,3.6588933305909768,12.863524972477222,12.115120162450825,-6.444035050122711,-8.062379117996313,3.296666135975924,8.609242339698831,-9.42924835770498,1.8436512989241465,0.9869144338548899,8.376843043800385,-1.6454501510831745,-1.0040873291271672,10.031562391563817,1.7933039862386153,1.3915923759841073,2.453735274574522,2.821994934456829,-2.100959762904356,4.2113135431443425,4.0056178503362005,4.4116993385320145,3.472934356238408,0.3877406773366394,1.1856037049520618,2.0757885858089304,-0.5273495118929192,4.0216680434622845,0.2483978143106385,2.519406734576338,-1.132813016385109,-0.6095433198989983,2.718768648027516,-1.1324993850330758,-2.4695137918909027,-1.3321980537602511,-1.335786117115986,1.827146626353502,-1.5158589810120675,0.48838898922263757,0.050198469429486206,-1.5598277992585516,-0.535231689278104,-1.9886091423551773,-0.38392829361849146,-1.4886883697899005,-1.3231352426271867,0.8555176819966539,-0.6395152777168753,-0.035423142087782425,1.373726932138839,0.6140379087130642,1.7461649479954642,-0.13807373291295336,-0.4658839737956101,1.1239330980378712,-1.5659214575285647,0.9790575948261118,-1.1746286925011684,1.3540691411227228,2.444398898600964,-0.42162110072637454,-0.3109143354872542,0.2332636283617458,-0.4990579556439683,1.1039025314512525,0.8315589816435781,-1.0131423441729996,-0.9082203801287032,1.5487302151265074,2.0391073796974166,0.1600600534843648,-0.21374995883609407,0.036470238955887635,2.618146281735974,-0.6528030812389679,-0.17483623225837802,0.06333771881017614,-0.27313659114968525,-0.815594483472295,0.7698694547001287,0.5855425243356768,0.7471467023000213,-1.509279740056837,-1.4195145876120263,0.44501304898157684,0.08546929125389287,-0.6510923538081858,-0.2943390619599401,0.5076540305868253,-0.11014871720515013,0.5371086443534433,-0.29793429270011623,0.5054603259158927,-0.5921787991072338,0.5952358971023131,0.19492165499009048,0.19434570452305447,-0.12588203668843365,0.511580619794548,-0.7322008052357821,1.1842250947882305,0.09676755925541622,0.36492844256157475,-0.0702892990477292,-0.624356241931254,0.07766817197395531,0.4387227575879434,-0.5577955582480364,0.24739881510325276,-0.04387902935348817,-0.15778191152304408,0.09792825972144056,0.046504907583177296,0.08544719292258107,-0.5097103737377392,-0.6817975418778278,-0.36798679750185304,-0.23654754588886512,-0.62411067332507,0.04805476763826573,-0.31390699042564535,0.020203973186672747,0.3544320254194397,0.21588149123816497,-0.191787212307714,-0.05881632395097137,0.42169086090011637,0.24210550692027133,-0.1004936236932654,-0.48079168514755916,0.05526385982060973,-0.04057311244012645,0.4128167905025003,0.030088240252780483,0.3425840313883123,0.11962801737299597,-0.3578913037612431,0.17100783741461528,0.4337365173130788,0.020604779815930615,0.11485471694591645,-0.1843771771409165,-0.18261694193476694,0.13764911302964528,-0.02154896541618856,-0.15706454455716312,0.005695946838565653,0.043149476954008024,-0.09673093860780758,0.09368960405331504,0.08400236267169409,0.24191242237414554,0.1398183653616784,-0.18850652758243588,0.3623341913916623,1.7862114330963798e-13
01ADL0119,494.9377423414768,-57.208994965056,28.433537381498233,3.1342885153074582,32.0093942115529,20.81824479953341,30.528855355377182,-23.90554283121815,36.61540455172195,-1.4826333394697147,-28.97910958709317,9.765626153975484,-1.967862564010127,-2.1347689955481206,-5.360058845382911,-9.88847145663928,-12.429362726528936,12.324632648980828,2.560923571042557,4.663008511157035,-1.227140307747936,-4.494095187249369,5.510502889112822,3.469521951835391,-5.649203776477205,-10.802956285116052,3.844135829824885,0.3627697638877908,1.0075457764682665,4.812392899387242,-0.2673433609158706,-4.884899224959927,3.987595588617496,-1.769565298786814,4.6032509107206305,-0.9647256837417192,-3.364140012761822,0.8031873672756579,3.4219203984326656,-6.291487094036058,8.154234478020385,3.3885041676143004,-6.088418053743477,-5.76514050875823,2.8052643377298274,-1.0641930378261706,0.8006671476860705,-1.4290739958409275,3.1984466107284915,-0.8698610113282647,5.865551099616642,1.3788203144523208,-3.260887959254292,-4.412689843359518,0.0016887472671545552,-3.3095928682349687,-3.9515127026675483,-1.0255989801245722,-1.306801875918376,2.4565424356853804,-1.965073284211456,-4.193459211874736,-2.4580472751021936,-0.22551911592545215,-1.827319575082296,3.4109423343272964,-0.9698751057542863,2.1257454693083724,-1.7052590245011168,0.6711413928706431,-1.7441306291080017,0.3068516603322445,-1.941740206978097,0.09572665593172705,1.7627898875894492,-0.0484326856230449,-0.11192951057847511,-2.465188043085847,2.5696042141411106,-3.9805189006965143,0.855187565564192,1.2587128286787201,1.1826223020438258,-0.7891844433557063,-0.8101889828869967,-0.37978268351440886,-0.9212551133546852,-2.847589017677141,1.2078582235083815,0.26445531649253096,1.0924677583961178,1.8395360579900688,1.681610122596728,-1.374163811728952,-0.7435352094634614,-1.283498244015042,0.3652669410199208,0.8291938503529943,-1.6772759082249786,-0.8881380354824984,0.29654709878268937,1.4046569624182852,0.2202703293739511,2.61514654351773,0.7790841491807937,1.9837819283786025,0.6666780006894072,0.3260965780338752,0.4213698661993411,0.5339968807882369,-0.9579296399448174,0.08147494322621854,3.0547421122595257,4.9298041714734415,2.889673705930404,0.9621309296472983,2.2753151655194412,0.6524531581123844,-0.7793061816170075,0.40063135969962144,0.7853522245905968,-2.3385185894425184,-1.6695906561443783,-0.039876317127314105,-0.5805535295597931,-2.056138362651703,-0.6352860339249609,-2.126150596515977,-1.5141228752221085,-1.0992120653305295,-1.2478793537373494,1.8485817482397333,0.8629275806542893,-0.64464260188872,-0.9900109249617607,-0.7436738681852779,-0.09887899032904801,3.587504476127051,-2.710639924314244,0.23449217230967295,0.19450930151536472,0.2531326122305049,-0.7943964636385201,-1.3539086892092795,-0.8982387249612162,0.13357069632444407,0.7120911208810146,-0.36812667401115584,-1.7113316037021624,-0.6521542322127414,1.4043166004500927,-0.4235898308381445,-0.0163811937889834,-0.7217973837838515,0.1663571605063797,-0.5652091051986262,0.324565617050827,-0.6355284172921094,-0.014584910315257677,0.4544382702349032,-1.0617472130062249,-0.6374219467928958,-0.814790785273716,-0.30617344367096905,-0.7305777007597275,-0.8563780882997375,-0.7486097292152819,-0.42207829072210723,0.5140989019521158,-0.6033900310406071,0.30264739051366907,0.7899374515714885,0.3987960346562124,1.0245390604075162,0.4269992003751283,-1.1918411467600967,-0.41061411353030874,0.526406378925373,-0.395480665982699,-0.053618014781249404,-0.3858233254778845,0.41124501083077925,0.2520299518923313,0.18716262041023363,-0.12655028934287052,0.16110510191882738,0.008007304840379032,-0.3772372002293109,0.2569423977973597,-1.0291339133442927,0.46232701930406356,0.40286179896648966,-0.21862408901923236,0.2594063880533624,-0.4915817125937972,1.7862114330963808e-13
01ADL0121,463.42623684126545,192.11687573060934,-102.57191862287883,42.910808923827275,-8.411420362985252,-44.29176191396572,10.682919410505766,2.687517335416376,-7.992182289665648,15.123891167306132,4.91837070471821,-1.2097459113671074,-18.9011294502982,-4.208252078615012,9.038157382216538,-5.198339507530685,-2.46028090684976,11.21356832044101,-0.7139986019546934,-4.349457273018375,6.342788974012648,10.77414133301848,-0.6488944175065309,-0.9224563781823106,3.364114481882638,-5.829760535238791,3.7148645782389687,-10.14316064427698,1.7201282784614438,2.662967588393981,5.362990244473625,6.7539106119438745,0.4930113455842232,1.8942396165294357,-1.0855308204958132,1.7139901357430314,4.046145131162426,2.625025374035004,-1.5929225949525783,-5.9889596618151035,-1.4839380561711102,-6.562554897680511,-2.618472830045826,-5.967623775085072,6.423125887279198,2.880086964891098,2.0651493953940943,1.7038093664448146,-0.8096258612738172,-2.5811855807918422,-6.272339526773047,2.0360987786806652,-5.953016652379737,-0.044876384865007855,1.926863955137072,2.356162534108445,-2.179709959244296,0.40078384726660077,0.7877977862118678,1.6003776672919399,0.1957902492448078,-0.4543939155407416,-4.370560692909111,0.29358437781132773,-1.168153619340545,-4.496618255223474,2.168877892491621,2.257041413118699,-0.5409747366910653,-2.1821013671224945,-2.587632585488393,1.7497634985070185,-1.343913995729516,-0.32028001839037046,-0.7883678145070042,2.182236824397788,1.224714033175983,-3.418638398299987,2.0271304173403317,-1.3272611708234927,0.6740262318164766,-0.33676543960882427,-0.5324654865328472,-1.9648812573085792,-0.8755933099828025,-0.1839204469653368,2.3719172436975575,-0.4819332468986826,0.38733122525949815,-0.8812021891820015,-0.6923342706061689,0.9143281033510248,1.305070565745329,3.058840521446403,0.8892324521681768,-3.680274385998927,0.8044258514213593,1.0990585202529763,1.0608133334170164,-3.2596299300332783,0.4549551574156867,-1.111001564012695,0.4850844809837947,0.353552273993382,-3.2929923848092537,2.5073964317725697,0.47016570850012934,-0.7590686791856426,2.8047292708166927,-0.0031549245260568803,0.845792249108849,-1.9117823798444655,-1.983451527663788,-1.8576685767109378,0.0659952858159049,-2.5981074516922154,0.8488280341357032,1.2865536302714369,-0.7710957863153837,-2.6237495048516406,0.4794324349958657,-0.3095383860937426,2.0597490018351796,0.8396519843010369,-0.5566772182596472,1.8809292617958364,-0.8188759045531628,0.8108137869894124,1.4222866831833,-0.02068551565485139,-0.3170314940276897,-0.1673348333990243,-2.679965826271604,-0.6707513924466982,-2.173452689905539,-0.6434610700705445,0.3753691368815007,-0.2014280363182391,-0.15903623187820853,-0.7234238118652795,-0.959245630564421,-1.8970638232743056,-0.45455687972771164,0.008331539676374969,1.681594272555541,0.2546081985221995,-1.2020452984747256,-1.7838359021870294,-1.3547486528353794,-0.2775751554327321,1.1654182420932853,-0.9129482323088293,0.987246876576742,-1.154560175165696,-0.11016239470157439,-1.1063792687119731,0.6994169162584073,0.26528981451257094,0.9794110006214665,-0.12956948077022928,-0.19276410189192544,0.4049642204655683,-1.3235457068264325,0.14214725421895225,0.4178673529859636,-0.33804361024042284,-1.1726970775207182,2.269388306984185,0.04371917976923395,0.7587666279689533,0.37866973324364206,-0.4004477666964491,0.42604014447876987,-0.45573489613185436,-0.44374873796707615,0.15289751507829474,0.3758385586079035,0.3329418787003883,0.187316838294447,-0.4532703202045759,0.000531633987279847,-0.42874845604421075,0.10629013957545472,-0.3690668906260442,0.2425592324529231,-0.15535254559575076,-0.9646309980427802,0.1402551632914698,1.1317698268644665,0.37710054534467863,-0.12642598773899325,-0.05763660635332922,0.43884460468077,0.28167432077355303,0.44549851848447786,1.7862114330963914e-13
01ADL0122,455.9611489433238,-87.24041043771832,83.395570716888,-49.57241013548186,2.7549215083199985,-31.19910489893732,-3.581479359062102,20.38821101537576,-12.445887590176389,25.00033720999735,-4.678412158015683,9.072342011109647,6.518756035866901,-18.943848059438135,14.539421495110465,-3.765054663680439,2.2685324315053528,4.16689862076817,-2.9955242453656736,-9.382069220470834,-0.8868430494714877,2.6307409870516785,6.07545751072756,-2.9787044460486425,1.6038970468822928,2.2485141685894154,-4.456087340443418,3.7031281643740717,0.75881344904013,-1.4545783898894498,-4.619591348899062,4.960171190393514,4.887125337919276,6.918504641192726,7.419370230708526,1.3044459916822133,-2.088193487585145,-7.2390788074342955,-0.09725672378934098,-3.257221049189938,-0.18848030961307247,-2.3533497227148623,-4.237648236227588,0.029203245356307757,2.481320555379395,2.5105534108968945,3.100605728176019,-4.810407824942087,3.212180509753698,1.281615319667834,1.97655972845439,-0.8817122788440885,0.7851863089071186,0.47147893839973554,1.1004949712880627,1.3747382215823192,-0.21144182115818336,-1.3792011046120352,3.334302163622586,-0.9590607356553054,2.5534574425879293,-0.9115241518411669,2.732965980733,5.491390037635447,-1.4165229890782505,3.588493519961448,-2.830274357423624,3.8600625835766382,0.048645250755241246,1.2045740615218112,1.9826614122147612,-1.2479064768922041,3.152834486945051,-2.3088110047293635,0.7343849228010144,-3.0750522028122362,-1.0278326812707677,-0.97599590042715,-0.8808359179641514,2.058325224320436,-1.3997607391648812,0.7418914533372309,-1.1526989889361627,-2.0059529556375013,1.7399036899451465,3.3076872706639207,0.6035193030996009,-2.9891900409044423,-0.05426112006691399,-1.108636676440679,-2.3260401349265423,0.5860846519698351,0.09366427063603142,-1.2144722693322527,-0.5654538817671069,-0.2561735856315797,2.7139152705666727,2.4400761776194133,-0.4370388581874845,-0.21836793260263115,-1.7882732687387703,-0.9068758437588782,0.5789549657483075,-0.5801011665971189,-0.390879178063147,0.20414914084155103,0.3521620916120448,0.5314335392945531,-1.092838234387591,-1.0793254624391522,-0.3789514571393192,0.9082602943116838,-0.18184315091034156,-3.4486486941373475,-0.5881687297435122,-2.6695476664316127,0.8300503531806679,0.09150561314573424,0.6541398466315146,-0.5628356515498584,3.106436571759432,1.4618850552931142,0.508780176664076,-0.6634539860509078,-1.0339713439622757,-0.8238849789756947,1.5947588306474474,-0.026945936812356342,-1.056957419802705,0.49973676588670374,-0.5815007052337589,-0.2259690296251135,-1.2534027270649732,1.8518030383858244,0.08792523591196764,-3.1809894567876746,-1.3303328582897143,-0.8772510107371855,-0.856263811687374,0.6390474775624005,-0.16939740756060948,1.8227621318133125,0.36423575400317615,1.2266852035030795,0.18343664273818094,1.0680306950483662,0.6753035764512261,-2.490071893401983,0.8434613470227417,-2.278904497430791,0.813474411549667,2.00389436512144,0.2604975675118931,-0.24920559499703654,1.5626929796806042,1.7330896658516508,0.8372248753787594,-0.22251177878018177,0.08585138910205171,-1.3573249775303478,0.5456541426243869,-1.0125390666769232,-0.27870230627392034,-0.5182388221782512,-0.3940427259897321,-0.03122305105054553,-1.1758712851727782,-0.3230873465105285,1.0039569597649525,-0.18595235859857867,-0.011130387181895709,1.3844619258933475,-0.1580517163666198,0.7043683733729081,0.4342463665880601,1.7217297098784674,0.6524565732716406,-0.0924935225845051,-0.8330649897256387,0.3643686836460664,-0.37393543048110267,0.5106871510244014,0.22927714593950774,0.905819545403192,0.7870091967922229,-0.6466797527022948,0.9374197528010892,-0.10460413158192801,0.4081521616687008,0.5529701922619715,0.40332348911294624,-0.33772825112943705,-0.7162735329828891,1.1549403069993949,-0.541552550737854,1.786211433096399e-13
01ADL0123,498.9343458332896,12.983150336583975,-32.623173612661276,-72.47957275246064,105.83469761979039,92.26185964687497,8.451153907037751,51.39091419678442,6.916375076713207,3.130214371052128,15.782684803766461,29.5180290616394,-9.61229911484501,-8.775467282437553,-4.718144074841423,6.444347316716104,-7.397234317755341,-4.797340253356314,6.125310217407843,-18.169974390523468,-8.275820844086534,-18.526930151355913,1.23087222772563,9.363132912641086,-8.158247167439605,-12.915746606118551,1.7323611917405108,9.742400544235752,-7.177990226489559,19.742401400717437,-3.7337143634827217,5.7757160477997855,-3.978603802895468,-0.8099226228649944,0.8036184765784443,11.735626352575215,10.805426756970089,6.833810851730799,-3.485526205630688,7.560280339632616,-11.676018450789137,3.0398089540860393,-1.83654263692139,2.644845434236308,-5.977483961105736,-4.2288829101792365,3.069108687328586,-3.6472679220185813,8.16894090116769,-4.045738406240783,-3.961850979452595,3.6661482494940123,0.29595652291777974,-1.5340114131667888,0.08574760470123106,2.7699381592878893,-1.4636793118673,0.0384514068173743,0.8271646223387995,-3.899131735980995,-4.638593566548249,-0.10537062684641588,1.100861643835726,-0.8965999740040919,1.6335488354765422,-2.017807458804426,0.5522551671403607,-0.8565258913301838,2.9807688954335894,-0.6222118171568025,-1.8152346009152978,0.11699155304902245,1.6840778602966333,0.5649890861794119,1.7706090581760523,3.1602776095807106,-4.188428580033102,-0.4957758224475494,3.2191881936770215,-2.2027641211829097,-0.9899535324481248,-0.9312870849214384,-1.5259482865966478,-3.088904741921816,-2.0144467192464144,0.37513772907223597,0.33489289586663107,-1.4016553118390684,1.2497404070100107,0.13029808919663172,-1.779029977216319,0.7044740330851396,-0.5000369322224517,0.4020140682891271,0.17028990367505256,0.5447310845847103,-0.8706422443539179,-1.751594311122544,0.6847460014346803,-0.5616924359223429,-1.4656451886344741,1.35435420989185,0.6859784549553603,1.284258806143754,-0.9385939732842276,-0.6951257546579283,0.42296883154308906,1.116974522173485,-0.4154733837581953,-0.3098470580139037,-0.5804657693891204,0.8086466238066404,0.47573270937621936,-0.5723325184225673,-0.687792235410395,-0.057827886982282604,0.8849447111308265,1.445644409618412,-0.1590388624368706,0.6604468386988209,0.073892244694034,1.0321850064826317,0.7013438897809883,0.027850353274914526,-0.4501621954256377,-0.3434082180064176,-0.42403450869863113,1.1436091834186237,-0.67986113028325,0.4600326222472303,-0.7085726181942819,0.03161073920123775,-0.41903119399653027,0.08908520977402105,-0.07810612118787147,0.5148846629185488,0.25258747811112153,-0.2713151120566147,0.8294231051499809,0.05036310188554799,-0.02140581518131158,0.19367673421566553,-0.0855271297258542,-0.49738759941595106,0.0018209054301613916,0.16814187552051502,0.11300409659488403,0.4179806013709953,-0.006938037940356737,-0.338060761565127,-0.04649380090060771,-0.6389499853050934,0.3641363047897644,0.6013228308942099,0.15270278674202012,0.6958068425856264,-0.4212527362635493,0.253887766391826,-0.3652894480278178,-0.1389245843268165,0.30621757826644247,-0.045413020779822684,-0.23709376661941964,-0.40694996811349904,-0.38270962096956807,0.2221947269766678,0.048852879075535594,0.21112328524818136,-0.12311471741347679,-0.1794770054614727,0.00017538806519452443,-0.00932660105332016,-0.20215229116893482,0.4461943125148156,-0.22139634399445685,-0.04320725029703724,0.3258734085431662,-0.06913799867947551,0.03974712577889074,-0.00988677755369606,-0.13256238711625976,-0.2965966914745889,-0.11874283731927628,-0.1385700252279685,-0.08402943391722122,0.07867600817353292,0.07709470003892556,-0.09293938842288296,0.17185601784954396,0.006157484321325789,0.26074898799879354,-0.09309474063188536,0.005483860181133208,0.013814781770881291,0.23509276086677058,1.786211433096376e-13
01ADL0125,493.1927030789939,-60.04810288275039,-18.763931571286363,-21.818921442306497,102.30184509069183,16.779303952517488,-11.744331050081781,-12.440076924288126,-3.4082541193356555,-10.270461433843783,-2.3753418269108715,13.960491314507166,-27.646004369256445,-6.157730090017636,8.704974919879358,-14.393670828327863,-2.752515616894391,29.243491469081093,5.846301646403013,28.973765426405297,9.09587171461253,-13.22019059269026,-1.1965779433099402,15.978478086614365,9.5386915016988,7.612617362049216,-3.686708235561115,9.429115838676543,-1.634218087149341,-3.700950211333609,-6.2360322162090505,1.3842466455027633,-1.9621386366633948,1.7771661661611378,-5.444312086669418,-1.9509767278851011,-5.986160096665185,2.2318863565766915,-6.403662385037835,6.975761013110588,-1.6086269958750121,0.25658380851816004,1.2444685331452319,11.64462692666814,8.373390294816915,-3.988899271586262,-9.740136681105671,5.0454888298192095,-6.616135687835835,2.2802159182064643,-1.4662360441967492,0.6020231463411444,-4.5016492109867245,-1.3650653871938092,2.416838372704937,-3.264443158537632,2.279998191671741,0.4805022730456006,2.246662758216717,-4.491563290508966,3.0764832692422677,-2.077886761633065,0.508129924926533,-1.7636491829865117,0.10400993913081431,1.2672136869655097,2.6362305362686667,-1.1662686806553122,1.6322905536665804,0.7325010679024212,3.2375862612084867,1.2039740836059198,0.023509143952530367,-0.4710509323929588,1.1351337061292461,1.1787038007668829,-0.6090101662472884,-3.69857211352993,-1.8662064660789162,0.5879033834399304,2.767971088449824,3.5692538057431356,0.18367034013934982,-0.24543273711828262,0.6190402365089966,-1.4790767356206354,0.4209054590773649,-0.32373739498242915,0.6264942971169374,-0.9118493374326104,1.265369303584847,-1.4529581491800778,-1.6688268454983082,0.5802900787968044,0.37886858732871465,-2.936082425755384,1.0440042776069454,-1.0960366290596497,-2.41739149764644,0.7509268746893162,0.5039794116448265,-1.4298323162740276,0.16951635627885708,1.941017376232658,0.6171801659907898,-0.5602331722146773,0.13749285486687926,0.5004612135357144,1.4774352052705986,-1.3339572569272096,-1.0924731738563622,-0.25019598780348784,0.5517636328218306,0.37107751983126874,-0.9202000073804413,-2.8479605156387575,0.7140107320328264,-0.5105057449584314,2.002286546185023,1.4671386422534662,1.0767586097655613,-0.41485286967360524,0.35127053716524503,0.27673701863661443,-1.250785922968868,-0.10911504804993197,-0.3229443788656736,0.5943297685556588,0.5731287904068155,1.090157612930951,0.8772064439882366,0.7230004865271406,-0.704681073063739,0.37667382830293367,0.8750498371434082,0.25683051543941704,-0.864616530791195,-0.42827243287903205,0.4137230498201873,-0.35107845735815796,1.1101208489828003,0.2366661247151032,-0.34642421727230854,0.47903024178804765,0.27098390753428403,-0.1277821703356642,-0.48993316429337314,-0.217353136224664,-0.40664497575864905,-0.24112267691229058,0.4522935003257235,-0.2739089135317357,0.5664054419204614,0.2455319276249927,-0.0019454533347291465,0.6742058316308441,-0.28150147028454886,-0.11527542699205501,-0.30604516293643136,0.5113618040514412,-0.01373382402408823,-0.026244910657244165,0.07583910544489406,0.019853159509616546,-0.06474390843400078,-0.050098858220524164,-0.5227481346241342,-0.0877310447395092,0.7557615453695661,0.13253289288277362,-0.1797782063263573,0.10652312049828683,-0.22968095657973214,-0.3118612133629036,-0.19091691170581138,-0.14489811143414066,0.2549318292248525,1.0758980310351312,0.06874211148510093,0.29748946130843296,-0.024789779700422575,0.20053449090080794,0.07392138868604657,0.0793412261109823,-0.30030521215628614,-0.10336021797712133,-0.2669514056984409,-0.1391522738276395,0.10641609254908928,-0.10629740782580828,0.10331453513541657,0.039893018136187765,0.1252268655362949,-0.22086009384532912,0.22227386635773586,1.78621143309639e-13
01ADL0127,486.87113883222816,-33.40253280941173,17.241353874408595,-32.81538253004713,41.287566796222166,12.031871225356966,-19.787575368801726,31.936436351869762,-2.743890344209964,-7.209582575231921,-14.400368151090301,-2.39941135942672,-7.985436240081449,-5.0481073154731,-2.3831890426706956,-2.780695587195552,-6.222360378866301,-2.1338451769580757,7.0086035561953395,-10.359278265716949,1.53667800435381,10.66376057440945,1.9534177437240936,3.9700647753476077,4.513705358951423,2.118077373273654,-3.967546728906506,-2.4502026526081364,5.246068937332109,-2.7212554957582307,7.716540165845538,4.035966266784072,9.055713371931176,0.5868156001945886,-0.4193878577418586,-4.486757937355871,-0.7855916324667721,3.0769531461166526,-5.3179290001651625,0.962320104666301,-4.694302737239932,-1.309726852399923,-2.153987387728552,-1.0294481495953933,11.492090201427663,-1.8625504886104187,5.114469227492813,1.1624871883078278,-4.677663913061338,1.50622185947727,3.7854189236559477,-1.7643980954004874,-2.390041031574476,-2.3255627007937556,-6.064129316246114,-2.2799114605064577,5.7352440237580735,0.8370870294789373,-1.631995914271908,2.1176738982859,1.1763637831424574,-3.8982558133328,2.26968323539051,-0.47593215145128775,-2.3465951239123872,1.6802858173428268,0.22297724042966494,1.4067329435613454,-2.831168086330382,-1.3486180855999266,0.9619379840586563,-1.1560868322025721,0.7204951413424611,2.7092567266922405,2.541472248128751,-1.1120932008822644,-2.0332998207612385,0.2948905019427724,-1.9402491019563073,-2.5743651996367194,-3.656062760226883,-1.8990552407704544,2.242760417840253,-0.8366886903768208,-2.9353050491052284,3.2588070492692522,0.009265039150232284,1.272966606866836,-1.324937031291305,-1.2217958181235107,1.8325865115779978,1.8429473850029354,-1.8798542081919798,-2.2666621025129423,2.4300366681908367,2.941230073100535,-1.148188199435267,-2.0348779917199002,0.866994639528563,3.6995202109729517,-0.8094186983890599,-2.1152714305574523,0.6059297970163211,-2.386383271426928,-1.7345470920585289,-1.8659419120398621,2.0827318491818994,0.2830787382912599,-0.09889955418255597,-0.8799046385368525,-0.4543347988417518,4.0468288652301645,0.6598771277624054,1.5241698221856474,1.7930642013076585,0.6511438088029112,-1.115809476047693,1.2016724991984495,0.5975262841639774,1.3970196421576702,-0.46180083986523685,2.1453332037388053,0.667392821495816,0.6074317710464262,-0.5697903614863918,1.5700980579722186,1.6002940391963527,1.2114057975479335,-1.1397962062767009,-1.8894059454651544,-2.2476911675968236,0.6805950558173729,-0.5112967680386977,0.02817916362989883,-1.4999035895111548,1.2855115871929799,-0.7000692643949017,1.2041113828328656,0.6413466924932754,0.26344982566144315,1.1807464552040985,-2.938742669400667,-1.3294201739516247,-0.4195794757227092,1.504331050283881,0.5660880427131124,-1.1329084033778087,0.1798058771081886,0.01642087920621708,0.688379633257545,-0.6098403790537678,0.18125534248386285,0.7923585609980073,-0.6520689010446652,0.6303050656468727,0.22735656722752015,0.5849714044327888,0.2753157269311051,-0.1899108587333064,-0.8604580385022078,-0.16240353030071333,1.3620196725819194,-0.4783536282514052,-0.17291739970805184,-0.3544738906335506,0.7445999604541772,0.5991616225570088,0.2172875187151612,-1.7859538467345626,-0.2482847776440697,0.18266703243280358,-0.3884995702101881,0.3488862874821165,-0.23458491124441816,-0.9709083281055085,0.4725840357401622,-0.17064305430801718,-0.4345366214066355,-0.2124779385494514,0.13070193518788115,-0.5286193029765598,0.6806745532619386,-0.22543808256759607,-0.06523705888018617,-0.007822999747246031,0.5370148267201085,-0.2355909067048585,0.20329370070232863,-0.3101300607570527,-0.2770292348582023,-0.46941492872956136,0.26590061330210113,-0.46552538185306624,-0.051325508033682,-0.03907334633588733,1.786211433096367e-13
01ADL0128,498.70169943287465,36.93666800670406,-34.176109938038024,-15.284321506655461,11.081153941820167,33.18615944490062,-5.6318752314925105,34.92290532052846,3.505569161324428,-22.32270402177933,-2.810212162583425,-14.907127814302443,-8.132148303033086,5.484517909592804,-3.1554702207666527,-0.5458193639836251,1.1445003219060381,-4.607148660920124,9.885957838442039,-9.62148141940378,-5.339460194958626,-1.9014419673388447,-6.251105939890125,-2.603691165660788,-1.2832249447942479,1.0088605470942096,0.6701922073209653,-0.5925900922193724,4.705253452737974,2.3692182483584947,7.782018920110423,-0.48796777444812317,4.423093404028455,2.9597252685063298,3.846022322969872,1.8331971563488023,5.974218213210888,0.2479999719783232,-0.7467133558218367,-2.0233821663532354,1.1944329093724735,-3.7571989124371417,-3.6723586883744854,-3.7450491492062374,4.202489474997958,-2.089527448903768,0.0254275881778225,3.2554685734867954,1.8672003089194127,1.2105562482130623,-0.6551219733279255,-0.4494328862770181,2.0050815845275713,-0.21357196423229213,-3.504034302362255,-2.8156133816880966,1.7860192502925556,-1.9939885776959347,-3.369452264009677,-0.7582663822485456,-1.490099681163302,-2.686504349825884,-0.2799991767272333,-2.4703686974913306,1.0340190909355091,4.317503992316632,-3.7245861904389588,2.5869942653736135,2.714456676539109,-2.4244469788271177,-1.0312461811960743,0.8318989405447861,0.32626004754649685,-1.0207166683286901,0.4667636115041198,-4.619104661923577,-1.1092916341261225,-1.8563495649185542,-0.8009325511965264,-0.8940827026118663,1.2081399920796045,2.0703299004700244,1.0195846815693466,2.8571123869074455,-0.4746180932909412,-3.2874415267295034,-1.6263082428724522,-0.7754323214730355,-2.3241975172832476,-1.5550355810053584,2.275523962439013,-1.1342006686978565,1.4509973925796322,0.6457827892580521,-0.8924354922450295,1.5580314423950263,-0.22863467108058258,1.836912622371477,-0.9252620300901329,0.3067828377899242,1.0565176534370995,-1.0576036291906246,-0.02829484914176508,1.14833922688662,-1.8237121918153578,-0.2398865300784544,0.8223115295126048,0.29600741500089434,0.1841338704436099,0.3468060561082269,0.11961092436777084,0.1742589586430259,1.0443222423779683,0.38737588515778937,0.41394135392031384,-0.4198333800138186,-0.260600406600184,-1.2254733930108905,1.1190140953808703,-2.858748943741815,0.004866472912868935,-0.47177639277527755,-1.0485386744778271,2.9167461379127113,-0.31026071839103136,-1.4733523286737202,0.11940360398603443,3.928272489557964,0.9934012600776578,1.5539114114916959,-0.21335762541118414,-1.520757756492707,2.574488196091522,0.768838805068232,1.3564535028193059,-0.9371150130214275,0.5471368151680117,-1.223746410732984,-0.9791687481091913,0.5649872964645754,-1.0401071918665228,2.0271111977036487,0.29062931647548523,1.1365275512827469,0.4294408128187479,-2.7388444098188307,-0.7223153007219947,-0.6389855482435427,-0.00580166047933358,1.587966131670499,-0.31761899278774275,0.5324110682243428,0.2967636496009965,-0.4155799965331373,-3.019735723939361,0.26057628321374765,0.31637462679694756,0.6744804192013735,1.039161102394496,1.3687923644621436,2.320971038531525,0.5054416196651742,-0.4537779837751271,0.04631863355286138,-0.5562882671927363,-0.6479918297118846,0.2688056368637074,-0.08850219884543468,1.193904415901783,1.503492453044228,-1.7665144170569174,1.627604041660901,-0.9716072296774086,-1.0044772810445044,-0.6507484400332432,-0.5451498653079931,-0.20998349890831647,0.7529261834483834,-0.09033358195145394,1.5610749362991347,0.887912890265308,-0.22930392873716737,-1.2798752085428526,-0.720244186326249,0.02678528175896026,-0.4835558014966877,0.3669671189101117,-0.4734974036578902,-0.41919386957786253,0.7120778224538693,0.04693496527896015,-0.64181149130908,0.43913216492709656,-0.0012005889111765787,-0.13470217399179144,1.786211433096393e-13
01ADL0131,469.6545071537006,9.42524931471728,-30.80518530250923,-16.605378558624746,-23.436479135869114,-10.063090491873655,1.3667684427785862,33.55388255323921,-12.097086835011517,-11.71662059946077,-5.0400223649682925,-10.906493350437698,-4.346686016558973,3.277858447595955,-4.147053753621569,-22.305121726223913,-9.248874552402954,1.6442349116692467,-1.6121460554312332,-2.934884348672322,-4.988875731134733,-5.767737416805444,5.291118237860554,-4.591713921588255,-4.153559078399009,-1.2354591768631442,10.093846830425464,4.17143048410312,2.7036605036997123,-6.213308263691678,4.106436813882648,5.585665722787975,-3.2500474841115694,0.5042535594871322,1.7037687718401955,2.6335261457111345,0.43150692446494926,1.9044248920497437,-3.479768018612533,-5.871696969703788,0.2971595772958415,-1.3109566303060527,-0.8053983873183518,-1.7418175018885975,-0.7852299113041817,0.19688743060979244,1.2730151375723338,3.563223819918737,-1.7107128209437483,-2.2817590084093626,1.9343265926466617,-1.9803536497077356,0.43962862927850904,-2.8513325825817244,2.4795022992055142,4.086160794603146,-4.5002866450714265,0.44845411452936207,-0.4406158406398415,-4.105653921676479,-1.352266428733518,5.014558190903131,0.4959473613625229,0.9248077505613213,1.7339864483329024,-0.1572242472646843,-1.3638142746228488,-2.2747059946171424,-0.14101192444986754,-1.0476107287591527,1.783320411311307,-4.661892519022442,1.2934154973904246,-3.10050103377528,0.03479591912150409,-1.1395696554137207,3.4674192648322055,-1.5524081335145856,-3.1893160220519117,-0.8291357114801331,-2.169573880924518,0.8882802285210429,0.9748448722858771,-1.4108137192643928,2.0113166724476694,-1.5602090360572602,0.08227680808116022,1.7719471471059032,0.1699714674317107,0.5659883835066606,2.5356004456545502,0.2693272387229718,-0.5993917142877391,-0.49120858675078305,1.3002256838159374,-2.3618344031559912,1.5967855994323559,0.8956823498858445,-1.7821652041912597,0.4964289315828298,-0.022688562304257528,1.6253026199542517,-1.7484660277027038,2.4479698603011726,1.6069294907001794,0.6634909103087832,0.9783412402248034,1.799047260568293,3.239459800959532,-0.2988277228198259,-1.7098134491814698,0.3360705270762771,-2.200478885029804,0.41351379932246907,0.19792154522756797,2.175911766494325,1.0158134744697194,0.7175884322570659,-2.160014044029785,-1.153611925677772,-0.6795491159328119,2.62416287420383,-0.5793232307671208,-1.2960108793540681,-0.45935912974193804,0.07845499922560485,-0.584525545999199,0.49286841239395784,-0.8021524916643704,-0.317229614527815,-0.1795741234614831,-1.8288402727135837,1.49035750319731,-0.020049098636234258,3.5880498688320035,-1.4786453146103087,0.22603138533982925,-1.1447558538344915,-1.690980922566371,-0.14186545402624287,1.6279599786584178,-1.8628403767989372,-0.7376133026255117,-1.8211589596394433,-0.24874880401786661,0.47795603946111137,1.1814832949109497,-1.0243559885288647,0.5202494363676547,-0.36449039236419756,-1.4504661667776668,0.08905132542761622,1.245973579236144,-1.0770928989016508,0.6465933789111903,1.4593426389377306,-0.942665322226107,2.019974525017664,-0.7156204240156613,-0.898078028440144,-1.9519717153537002,-0.4122619950797455,-0.6072262054884637,1.8744736397689115,-0.7531216497623483,1.6280819686272412,-0.1212779702520065,-1.4676661847460724,-0.20437910867508927,0.4434873212176292,-0.555263260857908,-1.2727392240555055,-1.218755771386229,-1.0863068729588932,-0.4776045494813864,0.020614862294530672,0.1359971294862174,-1.055962858999978,0.14861738005285502,0.6619649302539177,-0.887351438101545,0.024940869468097513,0.8885814721320489,-0.3950937028316082,-0.43489123403732133,0.4282442602197952,-0.7958738044457411,0.36005716699495244,-0.15162416967507236,0.08952028899550146,-0.21410327923503822,-0.0956166004156557,0.6660141739427927,-0.7165849462338405,0.09339413212110102,1.7862114330963763e-13
01ADL0132,473.8174762302073,-0.4828969142447445,-62.30008922706934,41.59356337922318,4.578399243524408,-35.98611109524861,7.350643265400632,16.74664916204432,-2.616618893487125,11.630401720296238,-13.14968054642141,-9.483016099758727,7.0117310477135,-3.9374793068020413,4.445712051249858,6.242886951052192,5.1699642408671895,4.7590305754248305,3.1003687024532542,6.937829006519936,-5.2654616572214765,3.887583032930357,-10.485728549151903,-8.816309676624625,-2.167216763802647,-2.884762294485044,4.240026625388965,0.6853083233249655,-4.674330662821286,3.3622371884109694,4.6227529565451775,-2.1049644554836795,2.003400357995909,-2.6928677327424744,-3.251774035131361,-0.29469304275043107,0.1307904128825988,-2.0754607564129226,1.7316544087089025,0.13586785594119657,-8.192528430797305,-3.6565425974220975,1.884251129978017,1.7019112409426453,0.334105021718332,1.4319597114606153,-3.2577348370995844,-0.38524754263169736,1.2081143227491282,3.99721529106988,-2.417581103753848,-3.476129092516305,0.5633758427372348,1.6172174650418019,0.9852878800207414,0.28762177020979324,-3.639554646464552,3.3942609086599673,0.4523165933310051,0.7392483496368205,-2.3681012319397254,2.4442045891865827,1.0140372832934859,2.9800956560739165,1.3706185606203893,0.49782715471064576,1.0750778496235693,2.6195379244448205,-1.6581290238379547,-2.748911689753651,-2.0990687189812696,-2.8721102550937974,-0.7390556612827061,2.3763259801500505,-2.543073352568146,1.4677578617998528,-3.704511421135301,1.5634132048238834,2.165405030396244,0.8592121507703145,1.8796369694455723,1.8245058356170607,0.5948633522986982,1.1296788548273704,1.9695529059195203,-3.372384322279103,4.354741766207031,-0.796775397140178,-1.1240360049481504,-0.46919260715925026,0.35439761889796134,-0.3079486457758601,-0.21102778286905313,0.21962209870414653,0.41753565760983374,-0.971719496535466,-0.4846641523215028,-1.2474875506976626,-0.13523478226436525,2.9288084796113947,0.8052933338157641,0.7772026429634682,-2.0377212446469573,-2.7494632202591243,1.5527522595783307,0.2635961333496774,-1.0107724080584863,0.7948633655305611,-2.2518706815724627,1.017813665200907,-0.2034492454147001,-0.6752962106342721,1.4903503010851844,1.1403047974067644,-0.2966592453021433,-1.1996427065864497,2.013928444716753,1.7743249919724577,-1.9252329464144864,1.714143026540346,0.5505809571190042,-2.375586711450609,-1.032438149456044,1.5037358566289607,-1.0879701379605018,0.3011997047256672,-1.4697358671201053,1.207407814998034,-1.4323462780807672,1.855018832683649,0.46073386689849366,-0.6968576960615134,1.9238900395438232,0.5124187741632794,1.037132263422709,0.8420063235621573,-1.840101267124896,0.3965501738958352,-0.6544114888977204,-0.7213583444283843,1.1751882843511336,-0.4682019704472806,-1.4500283124240925,0.4062319742135489,0.424510918853299,1.1724149500109406,-1.7960847957321455,-0.5572494205995925,-0.9247236564975571,-1.2023843865449961,1.3001732792585237,1.8428355868216517,-1.7155313609542873,0.1978527245026493,-1.210611766944827,0.9306601457777841,0.6792878229358907,0.8446664674020922,1.9921292113286422,-0.3495663689089946,0.09503676867273063,0.98739471484996,-0.507161889402456,0.36311346340605666,0.24224284763200934,0.9674073339537722,1.6023151109431928,-1.1723484868297107,-0.767815948965383,-0.17429987201309677,0.6948805271235696,0.4304320872562417,1.0306748870779063,1.2156569287016281,-0.49381429937183013,0.2837660899503327,0.9362202656165796,-1.2180027397226127,0.4661318722782344,-0.5228923098400634,-0.4703295176183778,2.315426367689404,0.042874940018380873,0.8478346932173358,-0.5441137290456262,-0.18032544937262468,-0.6790940828634503,0.5123042725480856,-0.6173164736568572,-0.19045998419103313,-0.3912189964398156,-1.1665016447694214,0.6740404505952232,1.5654622802630653,0.3642929881196222,1.7862114330963538e-13
01ADL0133,471.8830325409102,-180.0723057617183,71.39531347720255,-12.181849433422633,-37.41726238315135,-44.83298008284459,-27.186954989297508,-12.387229453364572,11.782727808137809,4.0906788359987525,-16.94570626588881,-15.10101359230879,-8.189282440990258,-3.1775906092218458,-8.027557967275264,-7.915691546812076,-7.195190255978083,-2.6702799331040366,5.5390714285748395,-0.014963129584304053,-6.5584293206592825,-5.9114592970700715,-3.2023324831607987,6.275082660445292,0.18658843757120674,18.551780211377697,1.7180282180398634,7.1367488936894485,4.116233478270414,-5.458550229665477,-5.232025404726567,8.341745162634881,-4.7432948944103845,3.4315233433063788,3.4681087343536974,2.893336745916797,-2.682764528465342,-6.0647159242483175,-0.5518062554299981,2.067219270392964,3.830722872426826,6.843886065694125,4.769937719418881,-4.931228070789909,-9.536253101374937,-0.7110415238965212,1.6831313218936084,-1.432895284577987,1.263348958276507,-0.9659117443802251,-0.6272984089750744,2.477100211803688,1.4639023893855547,-2.8031002585517406,-0.5684851797040305,-1.5028970952667795,-1.180240283551749,-4.084190972523955,-2.1000890809047927,-3.8255195252489944,2.1524154674459766,0.9971460904083004,2.7557029724052793,2.769459880509084,-1.0562885033064595,3.095132692406526,4.547605503671805,3.7786133406189903,0.004885087405367111,-0.030488663961709905,-3.6608083211331883,2.5098036068534806,-3.0572055160925253,3.0896711410121993,0.2222562440891292,2.948745415774384,-2.954482463216124,-0.49487601818923105,2.051625918176675,-0.5072010485540933,2.0577910125308065,-0.514536686548615,3.1870767766451222,2.914000312272615,-2.2217038336139097,-0.14361716601490263,0.21508446959117533,-2.487802903183361,-3.190456051324789,2.0398468948364137,-4.637282688754778,-1.0633742402248616,0.22955283289441145,2.8563924653455635,2.492648963620367,-2.5746211645672403,-0.04810946473614006,0.4210195783020213,-0.1036095875778817,-2.5123358241655396,1.2963220692259239,-0.4213388680130879,1.534091384611942,-0.1637338887719053,-0.9291413725446506,0.8696405533185405,3.9125542229475987,-0.009104902038835827,-1.907300317194045,-1.4652042555498936,0.9070505473886399,0.9506173302598847,-1.23161834178786,0.8880735251984425,-0.8256915913296283,1.0252477720231956,-1.3541929715825083,-0.9722750011653207,-2.352173349881191,0.6572525041197191,0.7714059506218396,0.24920577922865955,0.6574028466719661,1.2363249708419848,1.2304450683929122,0.6893978204782815,-1.7234005088876623,0.7802228674166246,0.16938775812427193,0.31967974123902354,-0.0906048996622381,1.6407546644309439,-0.19525097059990681,0.8558226784649774,0.352388352034087,-0.9052029842574518,0.7920764960109606,-1.210195936249611,0.5915818716177049,1.131156905201019,-0.36686669331210275,-1.970771843638017,-1.39247583319562,0.11674829971299587,1.5009486289196496,-0.5525379544447363,-0.38622721319441605,-0.28199000580505484,0.6001864177592392,0.7753067100824749,0.8247174242738433,1.239943721444647,0.047578235807375906,-0.5191722251857052,-0.012305138004251395,-0.30221976459454186,1.1931250823423167,-0.0010884638054099957,-0.4583361109001665,-0.2327608210733464,-1.2176999910780226,0.43746868537801,0.49715194325590045,0.053632296105346686,0.010857077658411048,0.7217397160573199,0.1158760560543063,0.3421117923975392,0.1177092173895223,0.25240679869035376,-0.5137816988395755,0.015887520579117513,0.5997871814946385,-0.6586963633039785,-0.48490471541606667,-1.1780634651514645,0.2583576833381233,-0.5324061376970134,0.5150354287448989,0.33058553985028827,0.4733664825803089,0.43855020719228716,0.21641904761464137,-0.2637691623621664,-0.0885519465260143,0.5115555540611139,-0.25173276564385083,0.062330851862622855,-0.888767496887938,-0.38153702189850675,0.37021008050782206,-0.17091534123422042,-0.574966958013208,-0.4196926003526888,-0.09010536777845495,1.786211433096385e-13
01ADL0134,463.69222600276754,-74.76418429532603,58.42259712530806,-6.648148117602379,84.10111341890294,-61.92677726015658,-56.62987943840861,-9.349110530227627,3.0073894013733935,8.751675330877,-25.909020664732363,14.578634398212916,-17.732043067916546,-19.91607330940309,11.109202268174572,0.40631311945521537,5.537331407097829,-0.7408193786383929,1.9816655769332878,-1.0502977395921702,-3.73189685089045,0.09913346409660101,3.7761342674222997,2.1081155170493373,-4.576382500456701,-4.962901222758207,4.3519507202240515,-8.352886380713098,2.779013432168486,-6.35225626775338,-4.17528670601464,4.458421537880911,-4.173778667024781,-1.4058400973155405,2.4290206963823433,3.987189077773207,1.4734475681647172,2.337999133815333,-2.789857835224775,-6.744304363353127,-7.174658531003242,-2.9225967104964146,3.603194541788278,-0.4164600418439696,-4.578189189536752,-6.147609593368957,-1.2287316216298074,-3.947479225627942,2.1448826982993463,-4.5017081489140764,-1.2273869684493606,-0.25435480451374176,-3.033206107341056,6.194330867279883,-5.676063937275174,-2.346118494514579,-6.168438654042267,-1.4360341381470179,-2.652180311976128,5.7781190788249726,2.830698239939972,4.397791020065414,-6.225855186432278,2.2504733617306667,0.25911702760041766,-0.06970877206251322,2.98743019571141,0.2553629478720462,0.08827051393944738,1.2468169056297578,0.816065329522462,-0.2588454297634136,0.47650768648393105,-4.189676593591455,1.2578535337236918,-0.3366777143888412,0.7839164484172267,1.274033052394616,-5.593642989926597,-0.12470885868173208,-2.8440961043610598,-2.78508948371681,0.33934791771384065,-0.8509702969276919,-0.375476319442997,0.35940799996925993,1.7922343516493844,1.6372096181584208,0.11051262245519025,-0.8561683949815025,0.3530182751653899,-0.17719541110790085,1.195814205623161,2.0949469738842845,0.20322161213925977,-0.6234225166595861,1.7669229878840313,2.2269294603073795,3.477295118747151,4.101983507513963,0.8631708854890627,0.6378255880303927,-0.901475048217858,-0.25174686348856296,3.2784720061309343,-1.8606545269256451,1.6968176259629708,1.4344019509984338,-2.099108630422872,1.8064618626431066,0.26400760839698745,-0.5252280607661588,0.7148667648976088,1.234827189958058,0.5327030043759524,-0.9509685029516831,0.16410894780126092,-1.4896046828538891,1.6415708157722524,1.3823347644489463,-1.6027824436385736,-1.3798985608346486,-0.03452745585236509,-0.8001814890756612,-0.25275066856311423,-0.49675064705829997,0.6505966053725529,-0.147278654587233,1.4242888890964653,0.7857400693031963,0.8001846262187262,-0.5135444801020747,0.2320882766454692,-1.0830284163056323,-1.3957811085559815,0.13355645184571655,-0.21276920212291173,0.16814099632378435,-0.151950307409188,0.5537987108171347,1.3932912288080865,0.1755345834251506,-0.5080626323410585,0.6113229603011404,-0.016009638719134155,0.30562951780701014,1.0436404750258483,1.0600751932816364,0.6460572653426983,-0.46094092713388185,0.7603550895075,0.7834731604339522,0.8342344078050019,0.5058829460377449,-2.000739387447133,-1.0003189520111389,0.1058664146769122,-0.8978442043163706,0.12707785571128935,0.8373121265858617,-0.4338826573913211,-0.7460304781738945,0.4478497951246532,0.28506078772666715,-0.15503046869161027,0.21455797616004044,-0.2484693759146448,0.7780373498117263,-0.2767394757985503,0.576289816588443,-1.0037993074198637,0.48370489860222193,0.6286955855989785,-0.4357867142677295,0.6050661531086289,0.28031957690666565,0.021291385620710975,1.1284649362897496,0.28966584834913534,0.7207173546651892,0.458985794651092,0.14574820072431416,0.38402640418882755,-0.6513841212449535,0.665407878262105,0.8061851581912269,0.45861626684012446,-0.28580130065231724,-0.3433481191867658,0.2642384043643055,0.04868752448866193,0.24186260646505522,0.19680802272211095,-0.8041652257422875,0.35254049424308365,1.7862114330964028e-13
01ADL0136,463.12419642630823,-0.6917072171318068,0.477000185130044,-5.942551757569724,-11.176617676392121,-0.844341199339478,-3.4636188390843667,21.490286826484752,-1.3971565052372756,-9.58110525754884,12.82326166999577,7.352452442142232,-3.677855972982501,-12.964070486133338,7.515346425079809,-4.164531977379615,-2.3885917204856386,-3.231353677139926,4.827026898082805,7.399166998759551,2.6623834207007366,-5.765345712709958,4.924461358569424,-1.3748045972869047,-1.372312603240552,3.190083606578288,4.138538167902906,-0.5073303657058865,-6.38603000106246,-3.0304443473127587,-5.8271364766167135,-0.533709478532531,-1.3036217479569956,-1.608775493102778,3.782845792690908,0.5466613775585278,-0.17605359037748425,1.5515609818000886,4.902655135076969,-1.3615686624316843,4.542308424644022,-0.9807662500448027,1.5491774069516446,4.246044474352271,-1.286024536196706,2.1278152832809196,-2.5456224364568634,-2.573519738918424,2.1786468118553226,-1.7377856945696446,2.789731585687923,1.8888357588690357,-0.4023052473743423,-0.7797007396201251,-4.474677941877592,1.94920838266213,2.5571285202292677,-1.8742421981959143,-2.882279383597151,-5.418093739437541,-1.5888635168205114,-4.481887687343615,-2.7964928487321106,2.7770264509626474,-6.814441887742937,-2.884290343800888,-4.607837314044332,0.29872330227766075,0.109757250959781,-3.034350498393053,-4.01598504157845,0.41936559815937713,1.7961147222145695,-1.5649862385800482,-0.6896329459672276,-1.0300050435725747,0.13673270008207417,-2.1345704076238325,-1.9787472015880447,-1.1614767580461296,1.188029689075342,-1.3335437467242741,0.2210214542502258,-0.12257878271096936,1.197189293748019,-1.947606868100694,-2.3357915604707356,1.3777547149127578,0.09988470883570055,-3.2890334473088556,-0.40611078369303977,0.6873793847280752,-0.11060569440662846,-0.7218366175703742,0.21912798051212812,3.295613232695295,3.3179989499422344,-1.3906097548250183,0.5056516280645059,1.2806005526442263,0.6215289813756506,1.3020713224304847,-0.01710876288114517,-2.025368204760667,0.6331686094829768,0.40444198064114595,-2.2918603902007586,-0.487519747673675,2.051441057444634,1.842265914117964,-1.8019594143947057,-1.2523078286355547,0.0009252564932484346,0.033465675187536716,0.6329432701741269,0.7753255622484413,-2.6662646720261245,-0.8179059566862007,-0.4137284618243323,-1.7447285682773546,-0.8867396035735994,-0.3750920266397757,1.2321932824468151,0.10364907220288871,-0.007376448153370522,1.1176900049007938,-0.541466854982507,1.0055235110959881,1.3091656501909028,1.057430959951748,-2.4969450457145173,0.23494272849693193,0.2573436490197206,-1.0423297326177436,0.6914066885140063,-0.38143792179353425,0.38999008621565656,-1.72714241693542,1.2234349448540884,-2.61007906797349,0.1649863467793354,-1.386085997402512,-0.5648627319921193,-0.8683108233479929,-0.855121045685523,-0.726496629511472,-0.5397070550599263,-0.42388709794529666,-0.4397911225121115,0.1483682115626512,1.1874844992981881,0.292215787383337,-0.3412396056718667,0.4184928492528998,1.346103188575615,-0.8637160197976137,-0.8331992801607095,-1.9831783284361668,1.6318267163803262,-0.99795763729456,-1.200687892122157,0.5709987146030998,2.0468019734114073,-0.937119931877089,-0.4922930592106502,-1.2517865678218825,0.42750558226294894,-0.03034336674064759,-0.16596622278736228,0.15209220526621395,0.581370782853841,-1.1250415454442706,-0.6830185001464454,-0.0049660596924861675,-0.28811803959874915,0.7964482263640045,0.8757546224216388,-0.15021486124247502,1.7484928237036244,0.021264849144640552,1.617247069535361,1.9241994702156862,0.006909607151966067,0.7766310749203549,0.5326554060375324,0.14853506204629807,0.740275094212296,-0.4589940911258196,-0.05567108017578244,-1.352533838046596,1.7907610351538188,0.6292756204409138,0.3122862133127961,0.830443616659734,-0.056247908604876315,1.7862114330963742e-13
01ADL0137,455.5963092122152,46.9303806679873,-28.51476596357281,44.425408137774276,-41.588130972440894,-46.457647092455765,15.175219300517812,28.1060093926247,-11.751042859232653,-1.6293688558,5.6023115289674195,8.508745833775876,6.434907639773753,15.990036869191178,7.403264631935722,-2.915767889371393,0.2835840002227216,11.213701461307378,-4.40453200392031,-5.06920614084895,-5.009229122551621,-8.08154436319282,-8.540849687303714,-3.4679434723639564,-0.5070435886830689,2.4022274055407444,3.21160208350694,12.927707555292036,-1.9509653853399824,-6.96909946549766,2.130567661419429,6.7046049072551055,-11.56509590155786,5.9437780529223545,0.5032170758081838,5.9462514561305975,3.827664397513584,-4.2085620416414,-3.8982860486571145,1.545802065638737,3.037142664130198,-0.728661595984109,1.9463644804366333,6.910407281764038,7.915081129969271,-0.22067840369648692,-1.3736069482833253,-1.1107226800056722,3.376638895293775,2.6379138082728635,-5.185132593704592,-6.438970549632455,0.4483724979449953,-0.3330937905518873,-0.6916073677189423,0.45347398126814503,1.0728344721129952,-0.3922944523007502,4.49869956926731,-2.614952212853116,-4.099422410160999,-2.4355710323568585,-1.8641707542701307,2.641404234811044,0.9683131029742827,-0.6476078225315373,-0.3102779512785922,0.5427494136073835,0.24765292336100825,-0.2799874252606565,0.9209270579962274,0.6582117684785027,-1.3423278215431527,-0.6917415840676888,-0.616528778074302,-2.343388701879011,-1.6130182696350917,2.86691618142238,-1.8070585005439526,1.5523869867329052,3.873328400385903,-4.096994359111638,1.094309004084075,-0.504458756074675,0.008295397533472613,-0.06752277341068053,-3.9922774309124303,-1.4651557686561472,1.3001771107578264,0.7610318088780808,2.49420459299962,-2.0088993158661728,0.21829647639699307,-2.588216521240225,1.2176164796037192,-0.07106862653613126,0.6654466860209469,1.4768144566098784,2.800511480435284,-1.7581659703681005,0.22982516461776586,0.3316300511287273,-0.5940658365036806,-1.8298467551820674,0.3469769910503971,-0.043847014505837625,1.3749456058969176,1.383104408414159,-0.07386874722398745,1.8733052971006317,-0.4583041096254385,2.3853571567707412,-0.17991897948858518,1.4817365850529873,0.3753555884222677,0.7507713388328483,-1.7707576437040466,-1.5505592233970154,-1.5869440567720414,0.7918998628757782,0.17266544025007047,-1.3575206298574232,-1.1642689815968645,-0.3267449282602471,2.270969966117299,0.8317170371780981,0.8998244841107625,-0.9518263836465604,0.6382912374356505,1.0034222269534596,-1.6811766949798672,-1.453181857352328,-0.04678493882413997,-1.4425302898141035,-0.982538651109422,-0.5549290492183008,2.118586790206653,2.7348251074291685,0.6980003726393009,1.2892864650191376,0.6159363536443727,-0.03476020782024986,0.19827499312734706,0.002024076064534537,-0.7392177436293935,1.5178041982266617,0.728472310687729,-1.1902508786363515,-1.4710283353136087,-0.40970776267975034,-1.34771758184903,0.35412317303845886,0.45247749309121893,0.3634400993694365,-0.0024245016466866312,0.24820404330135468,2.31645046445184,0.4245120903962522,0.19127144442573898,1.4733189941518132,1.1362686029997104,-0.5052792874730789,-1.3635407109445234,-1.315221078761728,0.29553865558585213,-1.023367011950332,0.895476598124735,0.29967481762235104,-0.5743748722914798,-0.6543003080943756,0.10758427099729392,-0.538393279247326,0.4092536374207413,1.1458902814024743,0.2205883695266826,-0.053392286457395445,-0.04178068939655615,0.03430628900597241,-0.05776782044753972,-0.77790706720902,0.3592304458938527,-0.9643822490459082,-0.061314085244235116,-0.39086614833768224,-0.1221357450518435,0.08414391021088902,-0.32613042087714844,0.20189362797426044,0.7873785508846157,0.5019957646078529,0.18665471336229542,0.7802869928391278,0.16539749195759978,-0.7816974061669185,-0.17851612155762533,1.786211433096399e-13
01ADL0138,498.0786467570882,-42.36014358758802,16.913876936390636,-63.092329776212,-31.126719174870487,25.298731728054207,-18.412394148529735,33.45236355628219,11.243310767870314,-15.333332718843678,-11.866643799167067,-10.419125745681676,-4.770356980486256,1.9841872536134841,0.4844430902774307,-7.077344639321227,-10.765234920322971,-2.8103743851769973,1.7551868135500233,4.261554650017281,-13.366497804170855,-6.233828898499056,-4.019438323926179,4.529465763673418,1.37507228748138,2.9041359987381385,4.597449667918201,3.5864281042655075,-2.0405878549229928,2.3318470803797413,-2.5226326704828774,-3.151455460894661,11.743013114292454,1.2429739825943649,-0.5701192075590862,-8.939477077487057,-4.792664475313027,2.1524738407764947,0.5015775455771152,0.8683732684148637,-0.642746617483027,-8.613954257022643,-3.6329533176216673,-6.261361868060694,4.353756489784771,-1.5784644246597443,2.0102402108138757,7.349574942859419,-0.4638932796023205,-0.7532335157445658,-0.6387555700949206,0.24801964841308893,-3.5557790569161747,1.492126925786277,-5.766697677261383,-2.1783138153571984,-2.8522418358897283,4.373172321963659,-0.28864691971502077,-2.21694100869162,-1.7525166880446987,0.7111569742079713,-2.7371817942051893,1.4049738961464817,-1.2989813722850114,2.798881964159861,6.127267002030496,-0.2836620017113888,1.3464866389062393,2.446698276027663,4.4208320044478056,2.244656244725107,1.8843063197558687,0.4147663959040345,3.001428986962644,3.19863943424666,1.0615739116692882,-0.5345152362469863,2.0931267182735804,3.146593094787465,-1.6425755427338486,0.7086539640432798,-2.092310312376156,0.4003292437594886,-1.2427446698127034,-1.2209873904339987,-3.3857244096360377,-0.960393188356201,1.412031094172025,0.4223599459989492,-0.3137799076416721,1.1442016232855832,2.1885957611858204,1.704604806408872,-0.2707054631396805,-0.4516368258073571,-1.0923056873317893,0.34189751013134895,1.080892720925623,1.6397076822314922,-0.6782762855280846,4.399391724657216,0.15847278950324972,-3.3421748808887815,3.1131916273767724,3.333126054693067,-0.7135243453304112,-2.5433010617958947,-0.26424582431249616,3.0836409683628676,-0.6154043280965482,-2.5564631559986934,-2.41395465255736,-2.1516637073654175,-3.140199916214191,3.3884772434179435,-1.4820349252564933,0.5576457229464348,-0.6487659920217248,1.3477327098660354,0.29165425413762874,0.15137689019347533,-0.5640472554279438,-0.20489399727865598,1.030688510791014,0.7314598808477132,1.0229308028635182,-0.5867582508358082,0.8077094539791698,0.7862404468539071,-0.7041122500777828,-0.6340086978671711,-2.4539575953227857,0.2051958068072137,0.15168874291906012,0.6744616222672928,-1.70740581854505,0.05841615137243213,0.5861145383156177,1.107164367629904,-1.6968571473374678,0.9078848951427128,-0.4236715787742491,-0.8043502343842122,-0.2536342082869474,-0.8948989584561258,0.8883029050753012,0.06566193391561055,-0.29349900515762084,-0.2797556128504137,-0.9975130172549568,0.6792863559873671,-0.1871509692363658,-0.04550417386656787,-0.07772989703147626,0.06389285216645461,0.4914362484305832,0.8450693718346767,-0.1873288610502966,0.3537121888349631,-0.20724963710355934,0.2552074587406599,0.2655026124175124,-0.9294295935415755,0.5606477737501538,-0.46178870980363096,-0.1709484527868272,0.47207084571776387,-0.26372565636605516,-0.5569563647948705,0.32397732047128286,0.3998229483670318,-0.5749968784530569,0.3177969682420808,0.4578722463005939,-0.3368292986765782,-0.0533863865394986,-0.7531270575113699,-0.28361101607848027,0.20803125693782637,-0.00941728751575155,-0.06936901990648381,-0.661148682111339,0.13778626158121168,-0.5716779552076126,-0.8080427013202693,0.4448382377661905,0.18634782237419534,0.12362985976965979,-0.040780390335764305,-0.1363366213272899,-0.3571932956582783,0.5567933101143395,-0.03825370595858481,-0.2160499840214575,1.7862114330963914e-13
01ADL0140,437.2788810516296,77.94931628841165,42.09645926639066,-4.300519831922864,-43.25097354506419,-37.494767385861735,65.13110563061583,-14.013854201900452,2.2061119081211746,13.71833005948247,16.17670044971745,38.86406507368988,-28.17273451422266,2.3116396157112127,-23.150883598012687,26.897364965868167,-27.293900714844252,-8.10013781590372,11.605379239838468,-7.985994242106921,-8.700187754093355,1.520168176127459,3.1977597317553657,-2.364571325224742,12.530034314308756,-4.35389996901847,-7.792838349934016,-2.7809031011416105,7.854763381159885,-2.7999115467475706,8.609512427245807,-8.710246380729448,-7.8174251607368905,-2.5508619732813136,5.6004197939719855,-4.4766069329708715,-3.7099230219643,-4.365586991009521,3.0277331782530372,13.051155298386595,-1.467496481989278,4.669689864954643,-2.16783569875595,1.3621168686179688,2.5418671818135823,2.8767440452876167,-5.804255716482169,-2.235580210526669,-4.561166680441385,0.5082144306315522,-1.5216884058226254,-1.8922469638020882,-1.0887388296120457,-0.40409340878522576,0.21902322341477898,0.3737057930921938,1.553277435556717,-6.036410295700553,-5.529535676981689,0.39602512651086524,-2.3331375130706835,4.233326440050131,-3.062787511982513,-0.9175327687619149,-0.2778386626722137,4.318845670921968,-1.4069645012398262,0.5171021252643229,-1.0384927028830195,-2.7308662565549486,-0.791848328842278,-2.2078910720637865,2.5294148848242077,-1.4057691938465962,2.8751237163753474,-0.9771218519640446,1.5521559997738925,-2.982389031420496,-1.5385598905913422,0.15784807532920714,-0.24664701153097382,-2.0019608490592327,-1.3755858970555603,-0.35899032532852204,-1.1923171246221032,-0.6829169324676252,-0.23312055340840268,0.6660590909013049,-0.7224250130050842,-3.6462598014337,-1.3132950896281979,3.0161321243667034,2.2188298858450928,0.10410552223700772,1.1385234065920535,-0.979141834310382,-2.4052229240488936,-0.42861929370551005,0.34479945025280007,-2.502395429334313,-1.4797467963705675,2.3227333924383378,-0.7892328054369341,-0.7881667836051462,0.9408982322011185,0.4379993191548704,0.01470034178614002,1.3963774705844976,0.24109375260309154,0.6864546535456407,-1.1322942622223953,-0.5136189709536301,-0.8595009297610003,-0.3468479991131728,-0.6476801378214828,-2.4345315348573706,-0.4272589435870464,-0.8880207828614909,-0.18005845421301042,0.979056674549899,0.0402237839204095,-1.2213357790007975,-2.579279563677378,-0.7171854033206977,-0.3460401946946228,-0.22260585084671458,0.40159758402610457,0.5911046644038415,-0.5205797205616832,1.004910523376353,0.34172432230986327,1.0884410952814714,-0.11554271213829732,-0.4913586635866263,0.2107147812771015,-1.2795433560351481,0.39945029153063477,-0.7974960058332569,0.11239803420180834,0.4579381130955818,1.0600767248166658,-0.13272901324183073,-0.25569709691554204,-0.6835389734995403,0.42016148931756214,0.8271697476257039,0.2379189464374904,0.9299129841830334,0.46667029013827044,-0.5656385613408939,0.1933927496228356,0.07524855794489371,-1.7665004983747954,0.5637122350162487,0.5003421259774675,0.3102450028374928,-0.5017310488590598,-0.3904383665818319,-0.6144218381318464,-0.16029911028789898,0.5949767254173228,-0.10436910205152436,0.07033644556598019,0.4913872212598277,0.9988713964799378,0.2272845014398413,0.02530749832710734,1.039106464068093,-0.14606664641587963,0.4234636980204692,0.16300232648795057,0.33920835200303645,-0.12298879258113017,-0.4519100859489596,0.0512454010321525,-0.43849614534929865,0.19082644352801456,-0.7801739502096187,-0.0783158794212004,0.17263884241932442,-0.17264988085924668,-0.33920253969670594,0.24619229044131244,0.11527846055334558,0.07172061543832157,-0.2336472144949414,-0.7288991134699562,0.28461521719717736,0.32576491282979947,-0.07663320223650366,-0.6211164749503834,-0.2850057765276801,0.05838098815916917,-0.2507825227166317,-0.11522384792376976,1.7862114330963763e-13
01ADL0141,479.3968324534122,89.5562034473998,11.472628894353974,-30.665507143108787,19.445803859103762,-31.299705884179616,-4.113356157733912,13.031829027490637,14.076866663711847,-6.153445312680391,-19.80358103142918,-4.988462932003395,4.880100669804335,-22.001614260212573,-25.36508707076628,6.174598001678191,-1.4593096325074,11.914315882292092,0.19982763266430434,-12.22897332844891,0.6598882017622771,5.665106289043356,6.335830672926766,2.0153360939007476,-7.791362457718066,-1.9941955475004882,-6.699836070657171,-0.5825782001426918,-5.3854257998128405,2.5181468442983173,4.039746843717125,-2.6694309111307204,2.076929110096143,0.8498507647863949,-0.366844059728608,5.063808174856953,-6.7004256705378,-8.566711229614413,0.17168400349797822,-4.164381690403071,4.364310718827165,6.523964576826475,0.9882370373845216,3.758637736594993,1.5167379432514192,-0.5677207339796837,4.084115791599137,-6.990122833092377,-0.13617740861446356,3.467149750990547,4.765287905486864,0.4981296683140242,-4.167200256826921,-1.3613253773498313,-1.4538525795172466,1.9389857140547622,-0.7913020322225467,0.5066709560617029,-1.2570145921669311,-7.064049001528077,4.024071025504082,-1.7116415344664588,-2.220482396116038,-1.4963818984981228,0.1632811751918858,0.40408283282449353,-0.9867122392418842,0.8042736358711093,3.8611171011319376,0.3683809051002896,-1.4688464724787973,2.9794647762748245,-3.9335086470925593,0.8686350227353951,1.1425308200955866,1.983774100861924,-2.716668377773709,3.4948912565922976,1.7125455678711525,0.710121580963886,1.994938907092691,1.6227456772360465,-0.8914268221214611,0.8413069114388504,0.9389673017144983,-0.3259006379584155,1.1804077549079355,0.16012720820615908,0.5971413206168474,1.3683014887390872,1.2128547490230521,1.0181429490567786,0.4876921506778468,-2.8103310346700137,-2.3222020435808073,-1.8868483046202533,-3.7924189014459415,-1.9911232647086783,-0.9240204235597074,2.8462030258751776,1.2156050898660689,0.3056618100377581,-1.7004127395343684,-1.6584051799933675,2.6014158976992694,-1.1001134273151612,1.091510210785949,-1.8789438342435545,-0.5867246149943892,-0.5286683707770077,-0.6002410051192986,-2.3267201379229325,-2.2418508094206047,-0.37804722484641134,-0.9981194907921422,-1.5815850313918918,0.2706657100270836,-0.12601834545272678,-0.0030601373157456632,-2.2724300734603022,-0.7663281758097032,0.19283102931883608,0.6714260741994501,-0.6680933710682682,0.3630729757124958,-0.5391257591378874,3.9718984946789413,-0.23942825967603798,-0.7335266650046743,1.819706415082744,1.1498140715813108,-1.7841962900835873,-0.2026837912000517,-1.3507121482187077,0.8704340085077548,-1.0350329578617434,0.39411315065267616,1.3037038083229184,0.5317635148422447,-1.3294863705829003,0.19872944286027006,-1.252568121320852,2.3477525950282208,1.6319291526095465,1.004726244796766,-1.1105338303648842,-0.3343019341127929,0.36480456581281573,-0.5454529086088896,0.6591289708614155,-0.29615183521762706,-0.49621749775629737,1.284434468924408,-0.8030138293029543,0.3173966430709027,-0.7209524667463347,-0.8264635323091285,-0.5719565453781444,-0.7221818981489271,0.36994271946979174,-0.06947481334258233,-1.3270602567882173,0.658822662880301,0.3983118024683734,-0.30346892877778425,-0.39509075554520834,0.01073105715022731,-0.3174240412295791,-1.0999094393786162,1.2897857570377176,0.1403892201196832,-0.7997440368802552,-0.0734012018457359,-0.47322428508083403,0.4369465861114459,-0.2713120718771884,0.48467944318987694,-0.36693894330688753,-0.21189006380682415,-0.6841464874054584,0.1352544247020479,-0.5508407956361439,-0.29219123962289384,-0.4439229562587271,0.27866698439676807,0.13058393684294975,-0.8909080372976548,0.8508885504885249,-0.3607467663641291,0.6347337853448843,-0.8195338406947826,-0.1440418253107256,0.39802095030963086,0.46559295237268844,0.19246502124479048,1.7862114330963874e-13
01ADL0142,501.44618055052655,42.544992600257345,-76.7439928800037,17.779105921408174,52.40961876605272,-12.994473577786394,-10.720292859560697,-4.1202506862562895,58.163459766144086,4.91420996873469,2.2115900308022045,-31.08846394312474,14.82192363111765,2.052528278809219,6.770726845422963,-16.242900022591087,-13.104914197825817,-0.26288522175793627,7.99600858268773,2.5374104643518556,10.873450989413493,5.258786753256001,3.578919940830411,4.582174266766471,2.1748163878569495,-7.845450348754804,1.4463427538325946,3.944342704913846,-9.15894924015578,6.606812784375361,-2.457084020166492,10.393622694642419,0.8862054551834029,5.556167510050189,6.370554282139445,-3.313319780230608,-8.550908788496578,2.87999103437577,-1.315474247474852,-5.241557941657013,1.315664496670024,-5.227202776814315,0.8823129550380914,2.151973647473564,-2.6833130897461763,2.322483734915961,-1.3395809217660326,0.3400800136566554,-5.349590304045748,1.9257362586774374,0.9074781560053948,2.8271864387759242,1.4855247502008064,-0.17698721533747058,1.1597404390702728,6.136176268102384,0.7480494198303977,-9.151109234680604,0.014388804301878711,7.022370361440414,-2.2371948735871605,2.864382639345762,-5.418622115755097,-0.21271301214083602,2.3019251512538936,2.799921257832341,-0.6722369382916218,-0.846672909903842,1.1273787230847025,1.3366096507438887,2.2689146636921174,-4.369220588352547,-1.7240235115633622,3.388033475281494,2.2667910396998456,-0.5618703057698364,-1.2824296360356122,-1.2787315027553239,5.721062523017791,-0.06265353243772367,2.8550295259719114,1.663178628272155,0.38260760364923724,-1.7902991455809723,-1.084688521953748,-1.4046236640662426,1.5625600376326967,1.7190295770911959,-2.8375660186065286,-2.9041481273833187,-0.966482106994709,-1.7378424456226798,0.05418873364381987,-1.6641458701720242,-2.5039860379210896,1.4723333800316603,2.1092283681455832,2.247395371699076,-1.0170943752160793,-0.25665996030147153,1.1129502021942261,1.538220806853466,0.4981105800588923,0.6819482991017853,-0.18791308370859738,-1.060030105525269,-0.2767181316148864,0.285786813925203,-0.08675395786349967,1.5251872563002307,-0.03870425835327458,1.1527895567764852,0.634563002567567,-0.8163657304341174,-1.2127995050972118,-0.9335400869732534,0.3339648195542998,-0.7845585924641871,0.5389734113459761,0.12383347394061413,-0.14609456518051392,2.211025615812264,-1.4649381584118641,1.0284202059475003,2.8780830618969304,0.6993903925211806,-0.695782702422348,-0.674249338859421,-0.12529725204415967,-0.7640300940687075,0.4538608876235852,-0.20127645557233398,0.1599768011502626,-0.30195860027263854,-0.5046159694943536,0.4087120372727625,0.7902169412350963,0.05695681938380337,0.8803841381746267,1.164620082115878,1.0486818266541797,0.7576345295571002,1.264382724528502,0.34877244063297447,0.4314833840618301,0.24481205119548222,0.5932150678025502,0.28315800691004545,0.712948957128773,1.7625946142620705,-1.2764597023658333,0.9914722409820028,-0.6189669847029505,1.1528984341624637,0.8702226409720202,-1.193104235054128,-0.1487242351941125,0.2965394257452524,-0.6408528404632234,-0.7614620281829687,0.9866357327356333,0.5734229613377199,1.2581689124242388,-0.5606942527403409,0.0029072500784556674,-0.09969813174104525,1.0564452987724156,0.25758208517377407,-1.3551381325229097,-0.5627015263122109,0.48724015629447204,-0.10990388376999209,0.03978382165412581,-0.4583564694719803,-0.24172391783283861,0.02107046322985105,0.2621776159718728,-0.375947222743028,0.17112922651679474,-0.40819719257452947,0.3246525840924306,-0.050783195945698245,0.9819983019463813,0.008764982296422134,0.4609325575058768,0.17750875877884892,0.058179550741070625,0.028604519400094338,0.3135352717184642,0.6024378481157986,-0.12185958639076205,-0.10918261280608188,0.18926684645425063,0.11260954241287036,-0.35710704075560995,1.7862114330963785e-13
01ADL0147,487.4573161009493,36.753010734234394,28.093647195768163,36.61206237229197,-11.57281769575271,-4.876057619493703,-4.892094842011412,-24.072865091954622,-4.262451481368555,-15.149862564289,-25.172962337045774,-12.154411377729208,-4.7447681973893845,1.5308031263897004,19.350912817800914,-9.474147685438776,-4.074094024552198,14.704346418895906,8.174744022729856,4.268881457008596,7.241022756334255,2.4325314304444237,1.1108023691121038,-8.771505844575522,9.10886106627503,2.3488088382116503,4.040058709296979,-3.628386226218453,-2.8184277270573928,6.355960848102018,-1.0289605689777805,1.5555729097754392,2.6458631551913623,-8.596076077837393,-9.886386588462443,3.393170234837896,-1.6650531730713036,1.5715419832290343,0.10341128610936756,2.0659142425104333,3.623151020851252,-3.053416139131573,4.228358780788572,-0.4266436580200411,-2.560836374703398,-1.9022058185396826,2.2068459158991454,0.941377801040731,-0.32257042464698316,0.6156196772863237,-2.9958143032225997,0.17963546986100537,1.6600260229834312,-2.509208851712723,-1.6307088617624725,1.4295938006508506,-4.385783897626592,-3.0862884638364756,1.184928527433396,-0.6154088883459196,-0.8184118376696251,-3.182077203301557,-1.0051832143673027,0.0779512112075197,-0.13145607069182047,-1.565797719456961,0.040752665417039216,1.1047539649185651,0.051429808031565154,-0.22535270183341372,-2.0353270320942145,0.1717476804687625,3.711437027582555,0.6538318019141767,-0.9667536083809773,1.1719963711192922,-1.6196490771687118,0.8755524442361458,-0.5518528100345627,-2.837480333100227,-2.368388435632152,-0.7608900436325743,-2.258344217601165,-1.9004011871023345,0.47240671722439925,-0.02943028940494998,-2.497396418970739,1.706148396838649,-0.2600845567305452,0.6946383348655714,-0.3211905043301951,1.7185099710797882,-0.01816921005665433,-1.1951470799432191,0.5068694749758197,1.5715284375352652,0.5199725059813682,1.4687171961693664,-0.15208527066560174,-3.2701684969128126,0.5129349044868757,1.6901052855584626,2.1801541498476125,-1.3457293677958022,0.5143172028253169,1.7592892076661228,-1.011158519794686,0.45371232589520555,-0.4190043903108495,-1.6456004195435643,-0.1509252701479317,1.056256563353127,3.331755711472476,-1.8476434177205723,0.3055164500779,0.6044746821352924,-0.638063025580947,-1.5493594819511467,-0.03079630848997537,0.4029551430183519,-0.7716395009733916,-1.6316031698368767,1.030052521454385,-0.9072295780503411,-0.8781848593718989,-1.8447958932657336,1.614942240834163,-1.0959743296956697,0.6934513626467635,1.5334124828339075,0.11893736875289121,0.22136177873525947,0.93312725958585,1.978200977542493,0.05064381330631276,-0.5989163578343034,-1.376347098817957,0.5818448572981336,0.8925296653939232,-1.1437428049824905,-0.9947153069348466,-1.0864499757842738,-0.6511019925172752,1.038199016776133,-1.623915045546151,0.931201970745263,-0.16392544907492052,-1.497947252176419,0.5618542573299693,-0.37902479846397763,-1.2016524273069376,-0.6051212938966781,-0.22569812632054623,1.3409883454630147,1.1305430891406865,-0.4402615862439513,-1.2596574441997095,-1.6077388804056227,0.6308063888777221,-0.33027310311616204,0.8446463462212707,0.1383718510732563,-0.028006980686917503,0.32244780746496965,-0.0271236589872152,0.12301983276823403,1.8227426445162989,-0.6244718651224224,-1.1063836929735975,1.1665393549027674,-1.2722957224839926,0.7503043896749029,0.316771814210274,-0.9702441472623796,-0.11363207305502096,-0.8509426823125074,0.3023052928737505,-0.5383430280692993,-0.7349222078251385,2.141332445152561,-1.344287005712584,-2.061721080692541,-0.2751571891631166,-0.05962672563591514,-0.05546203003975741,-0.14601792899026908,-0.9952183063430297,1.9004236586073073,-1.031657501898622,0.27464909100446666,-0.7063663817601851,-0.7782314766459635,-1.7335914210854602,-0.40176869254433106,0.5643129249067794,1.7862114330964146e-13
01ADL0148,458.98417247535,-165.04177685931296,2.2657986216886616,-0.09309590885310613,-1.63090800512009,-50.84025555286415,-16.917633299951873,9.286229376501376,13.09169611493071,33.41470186695492,15.109709815297208,17.83250135190362,-4.968951200635376,-4.080077859153075,12.18962915163548,17.31326958793636,-13.426417861389677,-10.44123945882732,1.254053297378948,3.109893576814445,-5.826096966822377,12.77655911111315,-13.741607774377034,-2.1722427051174837,0.8942706970061237,-4.531858771117602,-0.33543726630611714,-1.1594632109707899,1.2858503404346442,3.5182294283972086,-1.502487482737492,-6.624059521382201,0.5460393428698942,5.935278749988281,-2.843845056179421,0.5525781882721746,-1.483918851775619,3.7736653964009057,-0.7804888423262754,5.856846887264971,-0.3575968731838308,-7.504603331344693,2.7854085100237973,-0.23909017382612396,-4.101816946949167,-0.9042162559401156,-0.6647918376567455,-5.975229696572397,0.3372616798737453,2.3998664640083986,-0.28846635681351196,1.1779559448976618,-0.3706250632437213,-3.2141043913231826,4.360301123680561,-1.5434155428733027,2.072875523696706,1.3040664657615084,-0.713673195066175,1.743627036929777,0.19588574617670368,0.2981681912041655,1.7585913179753225,0.5390209498161201,0.9834089896504145,-1.2431777245081435,-2.6440381815238205,-3.985761517141752,-2.1122870592665643,1.642921772202363,-0.12480858197543923,-1.69507323127142,-2.658068702322181,1.8008019494458165,-1.6825957901158246,-1.7785429912089457,-2.3903866702669583,-0.3127999864711935,1.7184031860761908,3.0505062703322805,-2.154218135925148,-0.399724071958718,3.3938035760556287,-0.4120319527719637,-2.25272900856209,0.3300727534662853,0.8156944217565655,-1.382394054315548,-0.18971517036693208,2.699909508410761,3.0508298385303454,-0.026658378263376737,-0.04765606740287691,-1.3908151035459297,2.2202665253865517,1.5809412491374104,2.4717236422230355,0.9453671281991001,-1.6444516638523226,0.44670206352489217,4.11343690180574,1.5601063124548271,0.3110169691114171,0.14732245595566285,-0.6409603029935426,-0.5872157267313647,-2.4652592385707797,0.7375894224885657,3.3104213633964292,-3.9338092460077885,-0.5563270651820934,-1.8568649899390357,-1.0495061165139798,1.5348378904725335,-2.549692646331384,1.0011558072426976,-0.7733886006709615,-0.3306843340734068,-0.30854705733755217,-1.6881065996124702,1.1034322698268197,2.1646179692839103,-2.0434670811225337,-0.19249376901169615,1.2305463580823004,1.6605088455760537,0.497515716844648,0.29317608707928083,1.18524374402983,1.1837141196389633,-1.1480137271558124,0.49969091350730366,-0.6126921106921631,1.2453826385606375,0.4563049359827452,0.11539396729375626,-2.2284589033987556,3.0652037295213828,-0.7028161110776968,0.0907124978093948,-0.8932621185387907,0.3366898191280685,-1.1110738375041462,0.4266894686251586,0.7142285193164061,-1.0504280824624368,1.5678372568819376,0.6843571653080514,-1.3979246284561775,-0.6653647838794257,0.598529688394809,0.17468279263201744,1.8390919404462858,0.064678911451289,-1.3680352222862011,1.0680333895748617,-1.2977762056872664,-1.6401089863956009,0.4012468562191517,0.07261089415702145,0.07565119395612804,-0.2270171910673263,-0.17803613807140486,0.32342868080808207,0.38038422396348487,-0.2749860457743159,-0.782263318026009,0.05763154344901937,0.37855975137459086,0.17480624981162154,0.3960455228106683,-1.0952086586823973,0.051805747688966966,-0.8081656846188344,1.3071020338732504,-0.24976698783703885,0.7545043590338028,0.5524574571482017,0.5065431449607053,0.518643255244334,0.09901678470584703,-0.3789394999853876,-0.1995106865558563,-0.5511803955540495,0.3443660358210353,0.15322524212242827,0.2726348805258521,0.5506790069795503,-0.4744301714960424,-0.06476326477094897,-0.06742064151945988,0.3624950389108324,-0.5815402574836219,-0.44065997474150553,0.21082508349423637,1.7862114330963846e-13
01ADL0150,462.04531154403435,-39.31338960268696,-42.80780247141451,26.520346635630343,3.339110773283379,-22.319211512371744,-9.512242116581024,-24.010211384669997,25.994370229064753,4.00298034185901,7.172412669755132,14.143419775485656,16.045959290524795,0.12630835016143083,-1.160164456634146,-6.905571698270186,-6.930234728693541,2.5593007827336516,-11.239520767373701,8.553609333752645,-12.91769382762731,-3.342245994173082,0.6973984478096557,-1.4649954986049973,-8.226102948336237,0.2555683054791872,0.7369191873640741,-2.2530777499233565,-3.9729690722167907,-1.9524444829164285,-1.7269577511955725,1.8647771942856994,-4.436439259640148,-0.6329940007129684,-8.009955212630185,-2.315940751953958,2.815747232286314,-4.751228331763045,7.298148118025189,-0.21508157858768034,-4.782493807470987,0.6279426708592235,1.2617405787332177,-0.7112071226892966,-0.442550993707127,-1.3719513387113984,-2.4509860382494635,0.9979805642899415,-3.9277155692996533,1.291950556476909,3.2045521682505904,-2.782050700666551,0.7905604381369911,2.0356174732286676,0.4949399691111758,0.9160040929156442,-9.327277189851333,-1.4539458080272916,-0.9291617219567505,1.6332507907100884,3.788702442751878,0.8096057060244454,2.317368703083407,-2.546564303448169,1.7422871794301522,-1.0169712224540912,-1.6190002519619648,-1.6742189165684094,-3.00223140855598,1.7907070601040531,-2.0261203659132576,0.020365452010898684,2.9146027504225995,2.2963646375855467,0.008941785770321224,-3.2556262530211684,-2.397257476850613,-0.5864055768727523,0.03453137075340691,-0.4920077367348186,1.2072343436636168,-1.9518765551460533,-0.7056230359028931,-1.745888524519368,-1.7848958730250575,-4.118871818298751,-0.72043059216317,0.6338707578757725,1.5048648685999642,-0.3536725169058243,2.6841296628911557,1.6249643600007708,2.043117685445654,-1.9666421454794214,3.995815888087753,-3.3625685559484646,-1.2584505248980191,1.040844074894715,-1.8313232468922038,2.384542752718205,-3.1631975515079067,-0.660618571846055,1.5460931413708103,0.147497257822324,-2.166039588576268,-0.35140188750975676,0.5162665441501905,-1.0539817643705118,0.30068022202516964,1.5902581399600646,3.8374173430820475,-0.5116394800690786,-0.6208249747662088,-1.0143764152238652,-0.49235828891448885,-0.7768932127081141,-1.3531155515229225,1.206666083265592,1.4621971244907437,0.5081456552622,-0.9139005271064369,1.140551488365734,1.1276925917325822,0.40553577634117194,-0.7674022155820258,0.03659754893471609,1.545853049414792,-0.11977531261663667,-1.794429122743808,0.6448721189467831,-1.6820418697961328,2.239564942850587,1.0295770096819743,-0.6952977297549552,1.4911668869453873,0.7368300464467329,-0.6170361641308971,0.5908250423783163,-0.20571610999155504,0.45356420015629517,-1.9240693492858418,-1.082858164041694,0.24933381595888007,1.3371022231073952,-0.28284896014623534,-0.3460413196908209,0.9778883233294029,0.1734339448740587,0.7362216915921959,0.4114169799065347,-0.5800754706827933,-1.0500367899447083,-0.9776625765763383,-1.6476905749377586,0.853751113377815,-0.7783235450335055,0.3902182896094063,-0.06889997771396605,-0.9875162966688931,0.4415546544276651,1.6175259337907937,1.9278089456008352,0.08042404354232897,-0.2195041221572109,-1.2233346961308924,0.32494566958926563,-0.7010799153525805,0.6182522129565837,1.7376638822107626,-0.2846409338848843,-0.9281351809267602,-0.5326191335932272,-0.3737984358084447,1.1082389191321707,-1.3417875885368031,0.6610917943541147,1.115095726655797,-0.82653326024305,0.3256688949601201,-0.431161831753909,1.301126524555872,-0.8181721508830211,0.019854738989104947,0.11052252632202517,0.5300294168800358,0.22789961920050594,1.0538202066452655,0.04750719821291682,0.33686667918790386,0.14887268105423473,0.8069251611719834,-0.23173949928351173,-0.5946835881857812,-0.119469058627637,-0.5151408463185316,1.786211433096387e-13
01ADL0151,478.0815354062358,-57.49408418686444,31.786924997477694,5.123364546894718,-35.81334437906783,-8.446874835076974,-21.96596493911901,8.136425380762967,16.18448256247031,-26.206218527438043,-8.346496905213229,12.060351598795664,4.68848885810716,2.9107880713646614,-3.6986747111145637,-4.596239325897737,-1.3109490083383706,-12.212714565457622,-4.754034306011803,-15.905712417314685,-5.958961979630681,-1.7542253628719247,-9.813746989518371,-8.534300140990121,-9.91911189904261,-1.3834876292839955,-1.8321778567172344,-2.518475111207345,1.0364003019059511,-4.075644337288681,-7.487573433668488,-3.4651538587016364,-4.778464748576043,6.900737552604267,-3.199843579701746,-7.150626153882507,3.410921795127133,1.1936489755975794,-0.24852675802139004,2.3049223377457935,-0.30224348811254476,4.759013888417998,-4.18323057612977,1.0468333924902875,4.463155822064756,0.17912464704757397,-3.9394396721446285,1.1539723584294674,0.2481582379654192,-0.34576532576002383,2.7585527692989893,1.0881374499269623,1.6639519214971923,3.786461870140843,-5.471384673624285,-3.5315831244596443,-2.4106942666571807,1.521688354293923,-3.996663488180442,2.549176864501023,-0.5386293490028454,-0.7335154695246364,1.482400841249577,1.5746629346552625,0.04714569129412674,-0.3429974381541228,-2.825408297631921,-0.556150566054653,1.4216542467832816,-0.7567468457731527,3.780116759452209,0.38037010727252457,2.3428091798994863,-0.15321187080494983,-0.29283341286615333,1.40344796409111,-3.608964782181064,1.5295604625557069,0.6767236490928558,-4.059259588048919,1.48941140513325,2.5710470736526747,-1.1868857611975379,-0.0770003694019204,3.1205081209120547,-2.045336859934701,1.9020910182053934,0.9116618834899877,0.469027275920516,-2.7794262099497344,-0.7963884293840184,-0.32166004596860254,-3.145534066195311,-1.4592713617039692,0.6654582754721424,-1.7889817628733216,-0.10892348075850143,3.5719298519028815,-1.180617299005444,-1.4592464338143842,-2.041413881774819,-0.06783948035641646,3.245440599218294,2.3757661016437606,-0.19148222427913314,-0.5069491048215634,-1.726462067486723,-2.179505580273721,-0.138897082068538,0.2516082719009709,2.370816049178657,1.1610261644162416,-0.2181024082690093,-0.44873257748694906,1.0290574054855883,-0.20844485685902583,-0.12698235323551735,-0.8163540249797354,0.014156887367943159,0.6742357917265596,-1.1154017998298287,-0.7353818855491352,2.149414171838782,-0.37442669085386887,1.7653676292442733,1.667830630129329,-2.2532295594990757,0.5915873334129754,-1.006661917815129,0.08384366371687875,0.7815667120413822,-0.04226932489982745,-1.7328260316948447,0.9517810924049325,-1.6739144394615217,0.44928348802916007,0.18210386208848836,-0.11520328011751207,0.17334008430492226,-2.1427778710761443,0.6088037041242124,0.2523070102697871,1.315895735965155,0.18283392282562633,1.07979523311213,-0.14333490772398047,1.103473542719024,-1.5383003148183227,-2.019561086905532,0.7026195706962286,-1.0367341903370224,0.5347528185594993,1.3765973416905721,0.8243706778050343,-0.8168072866884954,0.88642534512106,-0.029788874270520467,-1.11319287234182,-0.720142686464242,1.1299475697886778,-0.8669886787144512,-1.0661027983892535,0.8255211410531272,0.6955083201696832,1.2759951078315812,-0.12585705538560468,0.1742380879472478,-0.4727134911844279,0.11117831457512653,-0.3834875133933956,1.0480041682689887,-1.8165362498071882,0.17191108875584854,-0.5500688729394083,0.800822034625447,-0.7406178993549357,-0.14025835952856636,0.5462666466190513,0.034905945568844673,1.061465952545744,-1.1889148414434976,0.9082346827208027,0.40943784478724715,0.7293865408943787,0.6338525789240296,-1.1520893587300065,-1.3758882876418523,-0.33922646467627743,-0.08447575174038173,-0.15247589111410328,-0.6953688242644201,-0.7527090109421407,-0.43771491246129457,-0.1154766678447097,0.4261787351517056,1.7862114330963957e-13
01ADL0153,476.1153922496209,-67.78623215608548,-39.27177985213628,12.642415073113854,51.81929715396079,-31.476229199860345,-40.64819715453312,26.11787148163131,-18.494450216381125,-16.842262855140582,9.873503144786014,-2.6644102874767697,-1.2067450091349414,-12.193007530186536,4.257113235829728,0.5311770096403687,-9.338476654021358,-2.5744205749758566,3.5284276987284815,0.7224804936043513,10.901524969550644,0.001468888784925007,9.655294966900412,-4.276128975521802,-1.9135044411720747,-4.620090705472778,3.56523131895352,-1.221279549400949,3.1053999946639412,-1.7879858503288792,-6.115754701406596,-0.34241336064595573,-1.7712635409551836,-5.697039051915372,-2.762314365257924,-1.7201865885851377,-3.413778810640445,0.11091083586248009,2.547740188332845,1.6007518474194806,1.3885841827145529,1.4055767529220344,1.192408345798458,-2.350643587914319,-1.2162915909799794,0.9004934976467291,3.286218794603409,-2.946421751772746,0.022557803100523518,-3.0031928306547604,1.6570910662893452,0.8385404296113705,-0.1912404108179113,1.0602207872223741,-0.7338097350346132,1.2091215214675421,0.8495263885050521,0.5125711477906872,-1.6459238021333595,1.199580308654118,-0.25285658820348506,2.2177524193344906,7.062072502898821,-4.137007467401102,1.5647807181774476,1.431525518206282,-0.9914712751365548,1.7146301475471362,1.2800916263413848,-2.3041808294257065,0.9601263689836447,2.747838849201399,-0.6349570817285922,-1.6104169622463853,-0.09324926924617212,-1.264500974801063,-0.9836836627585396,1.471739540923979,1.6220840702671746,-1.0146349341837395,-0.1290358652468404,-0.7173081186270939,-1.0094312231920561,-1.9573957303848553,0.3666377567002534,-0.19051471263186062,-1.9355263707320487,2.0470993128220174,-2.2734940496689036,-0.1797267308417846,3.0669364974562523,-2.4988600212936016,-3.4072801640038684,0.8719259489076513,-1.0479837289522147,1.0162990191421313,0.3328088067175457,-1.1135561926308615,-0.5603128849030051,-3.4601948806628036,0.4134508643661701,0.48561451970146263,-1.6988243588388086,-0.20424409419734657,-0.1119151808386353,-0.37135379160291254,0.18837564705444557,-1.1020614465761158,-1.2364450767045498,-1.325998325920227,0.06315563038012743,-0.201550987569622,-1.860152177218387,0.061697134156717716,0.9197951548207415,-0.15290828805623094,-1.179563126248103,0.9528704075651162,1.2888965777322454,1.1301147819968633,-0.9374721899986554,-2.4438611858699355,-2.1330576784937243,-0.9346686394818156,1.5244277203638794,1.4347321641533326,-1.3390504414560276,-1.8043714851821202,1.5974895478940354,1.2565371116583781,-0.9173951418712836,0.1559963982426418,-0.2027258173748769,-3.2307969913543433,-0.5139508586879687,0.07897611841647476,-2.205728608849099,-0.5165382117972762,1.9133395477325537,-0.8143056686978022,-1.0014342057544532,-0.07157912979530176,-1.4761534794843747,1.5101513905441462,-1.0056674937061112,-1.4664770032898846,-0.509886500376481,-0.5196592889958765,0.8301649004807838,-0.21647363521888296,1.7698163624652092,0.8576345447605248,0.2261063916472987,-2.061489605907477,1.2712367476978412,0.4555997912789999,-0.02551818709542944,3.324148144133849,0.39206248831393115,-1.2704115020691502,2.6529880283517007,-0.6576104960455397,-0.5185885496510684,1.2762065560989315,-0.0005384966512973334,-0.8792624770626384,-1.2632285300377502,-0.3576340274941129,0.2608630548069155,-0.483084773944413,-0.22860988332629076,0.2986829301352201,0.3145578979334106,1.6777494482920252,0.6858206337709348,-0.14944811722338033,-0.824507575659832,-0.27427656662723976,-0.49275552304670356,0.6849440073341901,0.4175692914304465,0.5575986706438878,1.3570829862791223,-0.7119651746350029,-0.4140811027031465,-1.1710514968020573,-0.9892802581345316,-0.6766951786946516,0.1778544093813139,-0.4797514788957705,-0.9176409952110729,0.49193623318954255,0.10788128715581342,-0.6245634490669533,-0.6630115867873126,1.7862114330964119e-13
01ADL0155,457.7707116001773,-27.262849957954614,13.44928787716598,53.06832021774329,-19.978401001346896,-66.9354867503728,3.6581901209968484,-31.463426917650132,0.3037004349283003,15.258541607421554,-27.372714362781448,9.354231364415371,-12.35836978937849,6.827576397920521,-8.202467432140791,-9.151801022222633,2.9464140940702244,-4.2811832803243925,5.570307765275516,-15.061389507401213,-5.792537528098205,-1.4535248385968302,-0.8064979905646543,4.846359174182653,0.48033874870841536,4.508568936710741,-3.623914169815266,-0.47431022963745545,-4.349925858169573,-3.442785173386016,-0.4248327834319149,1.6507612910402014,-3.0338162972894387,4.486921057667587,-0.5274401177487471,-4.803131565198519,5.069429729025076,5.634013518469203,-2.541618351208506,5.916349402900057,-5.195585300402372,6.702893804963601,-2.830059706775381,3.2128826771421273,3.9502797257307103,1.8882608850303613,-1.4501311678651092,-1.4823212091695677,-0.6051503844887048,2.3407199988476384,0.19276140509029058,0.35770232599844004,0.8513446633012435,1.3484969151809696,1.4543695784939656,-1.0218474814174514,-0.7698634040638913,4.139094511687889,1.3890187994630943,1.0785302379527684,-1.023307595099439,1.205655966846981,-0.09573004848634273,0.20410861706586045,-0.5450620869956848,-3.32151740597823,-1.0722890858136174,-3.8184387395057917,-4.4345036038333046,-0.562764108261256,1.6757103236085076,-1.8215013664389892,-0.20858392401025677,-1.096613335505495,-0.6678703323592985,1.8867833345387617,-1.6186767431301778,1.9717261665901222,0.8998804329990067,0.4732951159213735,-1.7747073427058229,1.1089279785073038,2.693356101949294,0.11374537413013655,0.33377178710507716,-1.6018401352821732,1.1674995069173715,-2.779846138673119,-1.808451170483729,-0.3319743940023622,-3.576869971565838,2.0506140206948493,1.3098154440052823,-1.2799708991214223,-1.7675107742335643,0.9797835112981288,-0.5123957939606018,3.242018245996819,0.45895591687572507,-0.12561056868981413,3.030092444311702,-2.583437030848562,0.08738653281357038,0.4572099536615469,-3.046080207234601,1.4683588278480948,2.2365920240130435,-1.2709154942604988,-0.32162213550136576,0.7511738628117002,-1.1448371207862469,-1.619453681067565,-1.3110593380020026,-0.23444543053780967,-0.5174470878578843,0.7529237757668777,0.66672697858796,-0.07607085615470112,0.29728594048286217,0.4564045675664877,-0.05415024495303621,-0.0069423773227944244,-0.9839835634536219,0.2819583642083127,0.3980084708626687,-1.5715794614364584,2.4851266361302446,-0.7730741749010105,2.7124313174747154,-0.4719079638549159,0.6530093692884568,-1.132796340134693,0.9820726320853218,-2.5734947548881033,0.12145994765783949,0.6782231151562413,-1.1784736271506044,0.17349335180849718,1.0655660010741559,-0.852248564296381,-1.5929786123078824,0.25182851198068346,-0.09838189974332755,-0.34782512694378653,-1.8218615108954603,0.5041784100011425,0.2646556522627227,-0.8193227795534745,1.2111417919719036,1.4403013857229796,0.10802705983011053,0.23865416900182845,0.12490568527375258,0.3058628050370007,0.8056523131150854,-1.4061920859150527,-2.335509580742604,1.1789731699408277,0.46767828786777443,-1.617372711678729,-0.6251771023393893,0.2766328398864844,-0.40108521527287333,-0.8048086294783727,-1.8476407330602376,-1.495664029883211,-0.25494127542037387,-1.3302741709668051,-0.39620967622116315,-0.19442208325061142,-1.4989281778795696,0.9295331912643876,-0.901101311930748,-0.308722712272247,-1.0381670339454054,-0.1871738773221407,-1.3838356862117074,1.3990494198842138,0.595729262911934,-0.7054044269889981,-1.5028923798229814,-0.01656168228033024,0.2508339069261568,0.7126129085010277,-1.0802022407735759,-0.5014342181291548,0.5786127479888519,0.11200574781684383,-0.017044536334421604,-0.9263378085666818,0.6860914511352293,-0.377837168387347,0.45867925729898634,0.6522750480557001,-0.0955115410072254,1.7862114330963768e-13
01ADL0156,497.9631993497396,-4.660573315924201,15.579664201163537,7.445891571479562,-50.30870688896911,-31.433303205518182,-12.798141134471662,25.74162927775321,13.382289910784433,-34.22215409973642,-20.716655786719393,-14.444994498174415,-3.1195918840161414,12.203838439149791,-4.31404000306683,-1.9861028975792527,-3.219751713409895,-12.907283438316517,5.742615183053262,-6.983564379984245,-2.9743939034622047,-1.731370434755033,-3.3927102643160367,-4.974939240401582,-0.760872876881539,2.5039164430178418,1.2977523297569595,0.06641317848221677,3.362995648997409,-0.7353595149066997,1.4223985248648403,2.244601928998946,-6.466664503543525,-4.238004773315626,1.7602654783188372,3.8082324179559635,0.16870890110684728,8.676137531877714,-0.1395146924212596,2.9130583068231206,0.6886857816214369,1.936866990573321,-2.061721844983722,1.3371203889473948,2.6589237567635884,-3.306254978397031,1.6741447256823974,-0.8228103410721337,-4.525220805564764,0.7719278296197751,0.2676143828518083,1.5915078307582875,1.3886967895156899,-0.5922486457187709,2.5633071542775974,-3.7161536110161344,0.2285648564975608,-1.648722248161163,1.0437240958247176,0.03542288425437456,3.2851454150188615,-2.2887388466228646,-5.130605193825019,0.8258907110699635,-1.2247480446753174,-1.5475477148846104,4.361962848752561,1.8202155416630428,-0.8177845423914727,0.5512353158744584,-1.0356043750315618,-2.9486289815022757,-1.544816221367628,0.5492541605803102,-0.717929283062925,2.13175297073511,-0.6757734050315157,0.4977868902754528,-0.4809432936862149,0.655614483137258,-0.44471381516342207,0.9410234881320502,0.6675577631369011,-0.4178768649723749,-2.7500062734014916,0.7336806304586947,-0.8120017292588786,1.7179281624167546,-1.2885156314373816,0.25272737542099416,-0.9464717881901018,-1.740511999837116,-1.5315837331411677,0.6914396634154412,-0.8348648891403704,-0.8909711383619583,-0.9741442887766645,-0.36477647300314364,-1.6791540829233351,0.6439845990834129,-1.4900511623882056,0.7355226445446538,0.8074535390462648,-0.31922722650835933,1.3332519335996311,0.6483120409592921,-2.9068338459635226,-0.2838132371488984,-3.3158371393666317,-0.07548270693949426,0.10607028689376737,0.224803014221299,0.6593170925116498,-0.5612848868766144,0.9909372906457988,0.22260669753441495,1.9662655701280414,-0.6031804913403277,1.2328031270346784,-1.8108443893547868,0.42188163560648406,0.16124650312741753,-0.09370355833768865,-0.01895029708538234,-1.4810672890776257,-0.13890895767695502,-0.41046867104873946,1.606506404567009,-0.4340979095599321,-2.8942868053487767,2.332814198620652,1.0589617819949737,1.456428727279086,-0.5767285868309766,-0.02054529204003392,0.6135296914484611,-1.66000389382212,-0.7060580671495239,1.462764672719913,-0.5941911526148217,2.070750827475641,0.6512463387967184,-0.5364032966053345,0.44145531602470994,0.3779730560003322,-2.1675650212091857,0.3315201157763515,-0.8741932491494151,-0.46964552661460146,-2.4988310353967824,-0.4821799727367486,0.0728851391730912,-0.9949697489749246,-1.7965205336453816,1.2648438051410522,0.3437372343426733,-0.20294754776574786,-0.5089727092365495,1.7658016821265745,-0.8960191654034142,0.6705940840268476,-0.4668864393025929,-1.2367284636765459,0.31086188390941205,-0.9132315355177978,-1.6101314026736635,0.7586903589555736,-0.3087223635081106,2.5789013915061534,-2.096188902018927,0.12919623807683672,-1.2936425588164975,0.04704295497400246,-0.5399437275485457,2.2119964410269537,1.2742954884463893,0.2429656604010209,-0.6971191341188454,0.32744334966283956,-1.6250922740267435,0.45886461943034396,-1.8803951238631387,-0.8043641971072986,-0.6103160599964561,0.03831874760371047,0.6897679666675428,0.37763899876591084,0.5689466559754939,0.5508447364321561,0.5797899272993183,0.5870547554149752,0.9227899067953574,0.3776483860550754,-0.050495349502170044,0.07328308816331948,1.786211433096413e-13
01ADL0159,456.4987132727151,-53.679546554388274,-141.05882415315966,93.52605110991949,-16.80730078530252,-13.382380139901201,4.043447203114885,-36.41609538345268,-4.415319985823746,10.67070150617296,5.411575173288252,20.855281820767438,43.82743349361488,-22.899751348835558,-4.105281069781411,-1.5330195213474533,-2.8988113700610056,-3.2024509638213154,-11.702778869694717,0.4733181326465146,-14.74631367417543,-11.082208895418583,6.618840989526265,6.145293923674553,-13.051143497922123,10.781660088659756,-3.3253369616882993,-1.391688738253397,-5.5469108784381245,9.319993900873284,16.25725632838443,0.6120330011472168,11.40544492514303,-0.2462218108967613,4.254661102141357,-2.9803045566614372,5.187548572577722,-4.0802138324911885,3.5104946085653936,-3.239549207154442,-2.9534870979159837,0.04210552333955867,0.7206892434231135,1.8883063011303844,4.895580595301982,1.8453868194210763,-5.028483893550399,5.191820189328373,0.20601479936202488,3.01613790104304,-2.57135712638858,-0.19565013168007558,-2.2152620226022552,0.6296568737526985,-3.0147073607749455,1.181783591845001,-1.2307064567778614,-2.252863005668929,2.9601651453716973,-0.5584778775938257,-2.1728058977271445,-4.085585196791269,-0.4798833692906347,-2.736857531302367,1.3842826353444362,0.48435459687399235,-0.2866953788670175,-1.474187094740514,2.1536126883313242,1.4660764345015194,-4.35255528405069,-5.1594099257735895,1.553146824886857,2.614900675439651,0.30989893928348566,1.4468362117837632,-0.6666844074927768,0.4450498561690876,-4.090849916997987,-3.2826164622477996,-2.7601502491103687,1.0619619662746664,1.5804012734431054,2.337578979721633,-0.6770292356461897,2.683261597588187,-2.1292577509876747,0.7372266211924828,-1.0327871267778923,1.1260523150798778,0.7169318211348027,-0.702798710441947,2.161984680303142,1.8867091728301744,-2.160059444652171,-1.0236114460792773,0.6421310599439501,-2.4006539298446636,0.3053211586317885,0.04218352324547521,1.7448397876240034,-0.09575560337249983,1.4605841288757486,1.577752202862319,1.044277719055408,-2.473595409039626,-1.2996576888576599,-0.13391735669786883,-1.0488811328005474,-2.3748725538859032,-0.17138254185234203,0.9560405396046431,-1.046475664895888,0.3486061542136173,-0.9629341740048079,0.06912524113751588,-1.4507237559264428,-1.3223654006951455,-0.1528718732532069,-0.05674853272057584,-0.14549142400049023,-0.37115156696883156,-0.5948650224926706,-1.6818525122559107,1.0999093535763265,0.26674467872008706,-1.299111996148685,-1.4698566405239541,2.425636051838753,-0.6161314110622016,1.6285033499817876,-0.1324372028291554,-0.4571893804737978,-0.0198259408370848,-0.5035074445948756,-1.1415166729618302,-1.2962237424834657,-1.5145810198589347,0.24279950057427868,0.5915860496449141,0.29479248561134425,0.3745586558162813,-0.34213770341304767,0.4599327147405331,0.6124105183480293,0.2276837844331919,0.5426272699872791,-0.5410342398578531,0.2675544536411505,-0.13743542419030866,0.8378964207352998,0.07392371152054267,-1.4019997437042577,-0.06300079124111042,0.4997434772925154,1.0568817532221446,0.20535811415344318,-0.5028676110274041,0.09372255762427906,-0.7029052969027474,-0.41300184464351275,-0.6747916351581084,-0.1566187695094018,0.28880091559414883,0.5383689401896801,0.08799643975441468,-0.4394007752081822,0.8288225229031116,0.009146520963902486,0.12577903385830463,-0.11007058243811575,-0.6207218299968402,0.2922909544517003,-0.12659258487621566,0.26383667251758613,-0.27151263321033475,-0.5367864206631427,0.5338925564766427,0.020630509414631945,0.49556519842189006,-0.4181642149960821,0.2656705888804109,-0.02118518265968088,-0.16200040581557476,-0.30231211544184355,0.016322755146209855,-0.1573511584650473,-0.1590416688909871,0.1441690748711403,-0.13950285931527334,-0.03778855951339961,0.39922659175358544,-0.27478319640879034,-0.32054714847878424,-0.03516923117433005,1.786211433096391e-13
01ADL0160,470.6441877952644,35.391319251668776,1.5626435574321604,61.036195931501545,-14.216802766509819,-51.37344206509982,-37.91301027000616,-34.01059045204077,-17.121784513137623,13.547421133535993,3.487202699980752,-0.3051259461184292,-6.675064027051826,7.899420363116756,15.928531221730607,7.181851485883782,10.14413354960644,5.494703247086528,1.822859682468902,-3.276056997153714,3.281657739726607,-8.568634128533006,0.7279766236834135,1.7698485175620677,4.810043611249548,1.6973457183425638,-1.1126413264078137,2.011575166065641,1.7780387603762646,4.435025324018509,-6.086774797956551,0.004772105250201253,2.10256314305021,1.9584468356706046,-1.1149239462477454,-0.38053933237274085,0.6556943445402761,-1.607492827577132,0.9813190317766258,4.47175982647248,0.9990202703900768,-1.722547932328382,1.401016197246484,-1.652609166894935,4.964480063180012,-0.7160800919264588,2.101202744022945,-2.1985845170446865,1.1914225869555255,-1.4357502092109953,-1.7839017912493347,-2.5365343228117623,4.492593618996351,-5.1378183156055295,-0.2803892041690626,-3.6051298569827424,-3.187726389898065,-1.812926177222367,-1.194500172812794,0.04408427905546664,-1.5063176905688027,2.3084790602431404,-0.42863491255851677,1.627959232025374,1.7559228487416376,-1.6332981662043267,-0.2219160027510558,0.014296135235665957,2.952620384039111,-1.615913063860936,1.423093279647527,0.319547063387643,1.8875176980393753,-3.4037138320450757,0.30763128828791064,2.5153179946955753,0.27291532493901827,-1.5631871715525965,1.4242150858480496,-3.3331310881364873,1.3265189039570142,-0.6953380536482057,-0.27283147625147874,1.4604900111138996,-1.5389884373512845,0.9210330428078188,-1.6730275056932653,-0.48616801949190913,0.5145282731199482,2.2117432465726514,2.9669971456642577,0.29157859990719376,-0.48747352047976816,0.11260556521802413,0.14385687063202524,0.006028399652680346,-0.6513376510656751,-2.647723416782295,0.14808279618639192,-0.27398926768526033,0.9591145722950626,0.5691308127314166,-3.267363459225468,-1.5152390077774802,-0.22130555407192729,0.39431664840315067,-2.0293353949539696,0.975289995886026,-1.5736255067916896,-2.1975854233222516,2.025052374291676,1.3868781038850626,0.7318018818013674,-0.184844933996218,0.5896310494038041,-0.05049601960872304,0.6441789095124304,-2.89699977778241,1.0027729622419728,-0.7567321562482788,-0.7779721573086545,0.1164873283825577,1.3270206251996304,0.10048538775974777,-0.9444131506992325,-0.5589079447057035,1.7867138077015248,0.6957768989291754,0.05174941089753274,-2.5677130660112906,-0.5471066221816602,-1.0063034159549804,1.0267608258183265,-1.3464739342261025,0.15926869065903004,0.3888476862153662,0.08898922808207549,-0.5786261275756399,-1.7589131036447234,0.5279324190770375,-0.20251829911323935,0.9919951002863857,0.3080392079762172,-0.7773222479770313,-0.15202001376157423,-0.12345902669286393,-0.014069013011472372,0.0001364885181746631,-0.250923205020135,1.3167060172668554,-0.1228768940056636,1.1455763383746032,0.7444164376810252,0.9680507222631692,0.2969530010809971,-1.6047278268395853,0.5741320804943691,-0.4210039522066051,-1.02867425032199,-0.7060627251847178,-0.10050796633679285,0.18463245505150647,0.6247820190415437,1.9248429541708647,-0.7206514659829076,2.0577660241723286,-1.8105412191047687,1.0720726394275384,-0.5836565444837746,-1.5569454439132888,1.8636988257165363,-1.3678189933453175,-1.2748536885173558,-0.7169863496597199,0.47478846633181654,-1.8431659636297704,0.1852922035199293,-0.6768407395372078,-0.03892773828988286,-0.7093828024392523,0.990056332221698,0.3634939370687297,0.6589497192212931,-0.30370255420617864,-0.8536204310356961,-1.1838733035464104,2.3955241488799066,-0.7583856376099557,-0.007497873318460307,0.2909433058963378,-0.9519166409890117,-1.2166735196595502,0.02122533289532205,2.027996526200695,0.12848945538825257,1.786211433096363e-13
01ADL0161,467.7724488571794,-11.059740161266044,11.384812218578665,10.281055296192147,-40.84002516689067,-34.7612967521415,14.281358858391938,24.633864453373576,-0.12072854494935027,7.4989747930825414,0.9529644279391014,-2.29142605257199,-2.045161799411683,6.952987944694331,0.9467790342264618,-0.10291650551345204,-5.467925558404686,4.177890247529804,-2.8975271360804964,-4.708709094941069,9.077952485935771,3.699526504440977,2.728090846393925,-1.7819658341543048,5.124261608372985,8.76803387693897,1.3724866913321947,-3.1255629342498064,-6.337457565432942,-4.7131765531584335,-6.088711888574095,3.7310106388301687,-1.2759590390000872,-5.87650171283264,-2.0500857966247095,-3.3195730279325106,-1.4756218728189434,5.541434402435388,5.1068616886687535,0.20785697218470245,-7.410944082013679,2.7408601796282137,0.2988491358770913,0.3961865615215549,-3.105158533091636,4.489227269645871,3.2145772123213328,1.404558198746108,-0.4587160157159727,4.000195964686483,-2.6514695944036166,2.4371889141041496,-2.9308704754198556,-5.228176907226347,-0.200933008423663,-2.457657217379914,-0.9741517980673426,0.10660338823119976,1.758117553750689,-0.7780306599532204,2.974655713043905,-0.3896639694029546,-2.741307715806566,-0.6396321944050708,-0.15556604061553744,0.132389921549587,-0.30600579047652454,2.214685940349663,0.35226976837895535,1.106441248497543,-3.0052414163485857,0.8293087041336263,0.6116129021714929,-1.0293069639617727,-0.6725230303393482,0.7267186293968406,1.3664236595035846,0.8712814343010792,0.26861587239804274,-3.3558510557591488,-2.3915194666845268,0.027164335213371266,-2.6954478562357025,-2.0599011491783736,-0.7685276220319929,1.1385744232793924,-0.09554850536938804,3.7054044512573285,0.16765056245972168,-0.34380070285412917,0.35695329300622214,0.2629649521050488,0.09574588824370818,1.188142019420633,-0.3501748953471907,-0.3756227519094179,-4.07156279395434,1.756507642758736,-0.8277182230757095,-0.207794827493869,1.1609144047814837,0.6698742778484242,-0.6978935436027152,0.450684142501551,0.3869235995810003,-0.12810323966431075,-0.04258928099836775,-0.5969332156495858,1.5619682058650515,-2.3552613363951993,-0.3132020301142114,-0.4329574965932104,-1.064307176310285,0.6827386972917994,0.40921533777898333,-0.2599396043577679,-1.6912900331370337,0.11127227263910508,-0.4668168782035442,-1.0495322427144576,0.10734822386480464,0.28906254943593085,0.8115904552103863,-0.536352660258334,-0.550032241180386,-0.02787543187210773,-0.2643258659600341,1.6847147440274857,-0.9763363013253721,-0.7795291569120318,1.2006717734975894,-0.4691774432186686,2.214002770198268,-0.7992664632184111,-0.9613941126109586,-0.969926193144783,-0.24752303198104608,2.2744266227416743,0.9074113551920302,1.2625581479938917,-1.4291378274455426,3.318739416274501,1.6581878288479834,0.46690515253219955,-0.669905359056786,0.4682140854080199,0.44285542472683703,0.3171741568827386,0.3224190038123047,-0.9069673737896838,-0.7534161058739078,-0.2101901703802733,0.6387813885232534,2.0997166527734246,0.2579339372012019,1.4405225559182486,0.6676121131090756,1.0330709178704245,-1.1402336133129571,0.9324324239644894,0.8889690905228743,1.10391818105035,-0.3575512118549531,-2.2149107828028547,0.47784665432063667,2.245159968460076,-0.21174603383861795,-1.8776626019379037,0.20461823664309203,0.8091353336976007,1.8242184903816567,0.05396485198994949,1.6116641479633427,-0.6137366364461346,-0.6369308739782252,-0.47829908020844053,0.2853418007338305,0.7317117696500698,-0.06795444091548405,0.2340577395612222,0.0018176924373207873,2.5987697970869363,-1.0061931412142466,-0.5937681972025012,-0.13238134651906538,0.3622866788949637,-0.15265617005778367,-1.1025896143217169,0.14810307710654672,-0.1938710875659782,1.7128585580565279,0.7675968649117741,0.9533175047207796,-0.7613368349404669,-0.9355051314865405,1.786211433096352e-13
01ADL0162,472.03923925800905,73.39700838894603,-52.33207300575693,-22.60390710989459,-11.58165504898136,27.38767738862186,-9.264151434519441,26.9788970435179,6.15871004184062,-27.81754570868487,31.454339241764067,11.421464685766177,12.673841353002244,2.6931382634048764,-6.517527405360827,-15.358822450679078,-0.7631553656846458,10.322460513822556,-14.938119448474401,-4.172263426947267,6.991902420036695,-7.180105803805181,9.313003135797938,-10.290172773062723,-5.169367310666593,1.9102273662384048,-8.788503165892225,-3.409320331233747,-4.154642663916936,-2.8736377571158487,-10.490552414228073,-2.3747806441092254,-1.635295877622292,-2.4250995479717745,-1.1595853494874866,-5.184949419203773,-1.4098495364382155,3.1243727594044945,-0.09880053307356593,-1.2742656557051775,-2.596149589165643,7.7959374057691475,1.4348028885527673,-2.5641217703018344,-0.4829638797788043,2.175250051762648,-1.2176112442510991,-1.8605815004390436,0.559225750765454,-1.4963557022031917,1.3451366044213715,6.913183277944968,-4.082403977851415,1.1769097099052332,1.7544151426881722,-1.8249294520387513,4.639951062370416,2.859581088310668,2.0352506276140856,3.8149952339941406,-0.8960862290151678,0.75572429251441,0.24594303649237179,-0.4270248943236003,-3.031788174872052,2.1474276842464666,0.7746676224274536,-2.4359975405532115,-1.5676689727187225,-0.133918162738623,1.1780559690688979,-0.3619830352189701,-1.821540528845567,-0.0988573217859051,-1.3819306850446456,0.9921370448051763,-2.8194389515671725,-4.308919823360654,-0.5758786193166164,4.277750716053446,0.30876763827632836,2.655117310185258,-3.152263229866782,3.927707628753435,1.4483991347659757,2.998289601405907,-0.33551935419285817,-1.2039324898414665,0.6950314523728304,-0.3626491362069647,-0.6621833841000935,1.4504403715326648,-0.329191078692312,1.834862286170632,2.1308924914497585,-1.732916232566977,1.8916228630868979,0.3070441632163812,1.6206160530936344,-0.5977936144670863,1.5501880637914076,0.56067206205632,0.0458317858331286,-0.47838709584456274,0.041989335821173084,0.7761345000024453,-0.38246502290613604,2.9910310445772956,0.4784621006045219,0.2624283538952142,0.4638699929675731,2.448763316350286,2.0415374777267967,-0.5618700257325602,0.043276769975042435,2.1217579714505153,-1.3086731908506422,-0.564994311981641,0.4411820506509268,-2.1617345053692727,-0.1015870926519624,-0.773054058965326,0.5192036812187615,1.964909027626109,1.7896637928332009,-1.4251350689740845,2.8404716004632276,1.3594327134058333,1.344130719368108,-0.005530986086864241,0.45738850582432805,-0.4419380613900308,0.5323750806617091,-1.432554998584282,-0.7582206806731371,-0.25188934189606293,-0.738676936356862,0.6896336682618538,-1.0263601384117285,1.2765342776554185,0.42769032645434274,-0.6032113980447125,-0.37775422161079836,-1.2513010544798704,0.9019115907212488,0.42179646201645093,0.548438071384225,0.023254308677759246,-0.36433861805319084,-0.5484567394864943,0.02088670779563105,0.10708432812472694,-1.4721291461123347,0.44453992568188305,-1.6112427373096618,-0.4003594160673876,-1.7840169748758523,-0.42287334064579857,-0.27651238783761606,-0.4696580706735734,1.693583379838979,-0.08213679119890799,-1.0163255111954392,1.1293425418532166,0.7161173827440533,1.786039190715533,-0.08251006445003979,0.33840496624631355,-0.2567146471539504,1.090241810829261,-1.7276321982878031,-0.867947567781449,0.5775297445117175,1.1889198949691746,0.19184246817658443,0.19258037505608888,-0.5629664912312945,-1.7072437589433338,0.6352202516695894,-0.8577882309896375,0.2289643839106233,0.1481392613541161,-0.04944290177380463,0.822362463708829,0.34446062776593056,0.49946342299684915,-0.09331052630898114,0.31628875316222815,-0.4961427147748661,0.6844228902811585,-0.23934836185677333,0.19598615729666638,-0.41986444955782987,0.18190084605633758,-0.3786720220451849,1.7862114330963768e-13
01ADL0163,468.05128441009316,-64.15486701202671,64.55378693148042,13.9587711393121,-26.42337178500004,-47.6558875221193,-27.939677342539955,5.942771927263171,-1.3475274348806556,-9.88419231056305,-3.1495355116672967,1.7687041786952882,12.394703991399059,-2.1819988694957066,9.577500499459061,11.114383145306576,0.42493061813664224,-3.902206517055432,1.9666400954655996,4.784836167140663,-3.6872044150364762,-12.508502170088557,3.2880686809797357,2.779398494148724,2.361066602770816,8.637612741904727,5.3547482088224205,6.981684123229893,1.0759650464083552,2.3185947910490095,1.1023615136044251,4.3946495841276665,-8.130399716311391,-6.692605375644425,-1.5689874260378784,4.7639383564804705,-5.103701527973034,8.575916848276412,4.285577005581199,-2.1143708862482073,-1.1549776827215463,2.0009825987775334,0.5070714297788813,-0.7602950285292468,2.7248789830383036,0.6112372735482362,-3.444869476448012,-2.838220418501423,1.8245518353534027,1.4947556897425482,2.296203200107537,-0.8882900974085027,-2.899013125160886,-3.5903841679184203,1.63546543977563,0.5858472630652386,-3.275990899682319,3.917616352821839,1.238712487724155,3.9318971456621004,2.1455182419544636,-1.3775062786162262,-2.243997286269941,-0.6112249575229779,1.6782146413359478,-1.5673466980809623,0.6595544522542482,-3.577466078833221,-1.153684712974147,0.1836473466052537,-3.1549908074670263,0.6656062781550789,-0.5660520489510922,-0.3476603497382882,2.3189335529668265,-5.295741326207759,-0.551651153120401,-0.93673249014499,-0.12266826229887064,3.9881045897018086,1.92939956414019,-1.4127842308239642,-1.9432111123313593,-0.7894221886743799,1.239500949898178,-1.362368805204908,-1.2622897352199958,2.9138014787734132,-0.751433256499907,1.3975363678053754,-0.41368558052956206,1.2306587983114108,0.8807400700165332,0.16943829546466976,-3.229480559054348,1.4944518431418823,0.24852349518586397,-1.5477176670031305,-1.0044774460768613,0.8508012195702189,-1.760995633863482,-0.4698852327198782,2.4655845407348846,0.3660135117609783,0.19274767240869756,0.3977259129417938,1.107755562870201,0.7504338912739308,-0.39317215286038615,-1.4624340343414106,-0.4621051599063068,0.3582111147892758,-2.0559680456740104,-1.531825075081171,0.3627780580889903,2.032809552715272,-0.41906269602870383,0.9614741484322056,-0.18820044724411747,-1.593721091048178,0.8846121538610414,0.8792581744344591,-0.9730862716451998,-1.111548553882068,-0.3463533942974508,-0.11137007515322266,0.9225946747289233,0.2206192139571492,-1.486400541238584,-2.2354399204620434,0.16067655554673313,0.6392169697115343,0.22533246751225522,2.021181755582239,-0.7794348869686091,-0.40439784781801974,0.6878969465124503,-1.0599640077187604,-0.7425326294994075,-1.321819546480419,-0.5416426982053665,-0.6658098374814843,0.7705446643873258,-2.100269827413891,1.048931697918383,1.215114925253639,-2.3489851621304902,-0.39829458331875434,0.439376031217649,2.340758919773504,0.3356288941890076,-0.736638592280954,1.2082052215403272,-0.8130719170587367,-2.976658896936172,0.9316557370347931,-0.8366674750977268,-0.32050743802590526,0.11253748722631231,0.38410995075273335,1.1732904883913424,0.3156740761136914,0.7301829564343492,-0.3164963543673773,0.6150804911561172,-0.7494586333335194,0.5492494284131479,1.3302689408382096,-0.4274549950298249,0.0015204664378388316,1.4272386466656624,2.8165978312760527,0.01967316116214871,0.676029581073867,1.277055962203722,-0.19545018404884923,-1.01402200202956,-0.1568922715018335,0.2953846976205207,-0.5603984838083327,-0.48336982844251525,0.7724242200303417,1.2291919804456741,0.894576512600638,-0.13600067910046143,-0.7000692579290811,-0.5673765100241446,-0.3686825038504368,0.280216602342661,0.09975942177473977,-1.0598648748529722,-0.14555941972730702,-0.20814863371531356,-0.11261320966080826,0.8202525710196082,1.786211433096397e-13
01ADL0164,451.5950739883539,105.43376665308469,-72.67720068909433,9.456448569061871,-27.246003741394873,-72.95604143228685,-11.959612967977554,27.03114939401546,17.314374315513408,10.716138010221266,17.294068546704484,-2.452189079720537,-13.754438524625247,2.784599450351265,6.826723330021354,-3.5968521106908082,-3.410048984312651,-3.0146244034034666,4.8417924659622065,4.9708589111823045,-19.433708466651936,-4.5074650569577654,3.976246078404724,3.7853068578071083,5.16795633069609,7.422504263515613,-0.6008666171834524,-0.977932261900692,-7.141218611784439,-2.2510934341979536,-2.6466012679482627,3.749972193257787,-1.5960868747902253,-4.206520455951064,2.316056170787256,1.9428033100457829,0.3024161876876721,-0.7025881291097587,0.6598654842530706,3.7891465358430896,2.0846686987223437,3.6068810735902503,-4.570904087795617,-1.9146303802872122,4.371138928102043,1.1445820738217518,-2.2112037848590615,0.1643730146596162,1.3781675699830702,-7.517852505948826,-2.013507471163249,-0.046888228906434765,0.17373426643099585,-1.2943603319960928,2.1012430813623695,0.041214599233079276,2.3198716483360493,0.8477141596363278,0.42312263331731176,1.7585486904248504,-0.7271531882089738,1.5099313481990027,1.6974865122191032,1.0650555033335778,0.8310391828172529,-1.5975038562843167,-6.976439620365398,-2.7283164779958926,-1.379432293776624,0.29837990140719817,3.7715696726691927,4.616411319423531,-3.411850389056127,2.630418504559839,2.7543059232593827,1.0115720469969387,0.4851566348698013,1.7380210263107057,-1.488749799498129,-0.6247037236533808,-1.9207513799329319,0.9815932874280722,2.1151313078796603,-1.523439179082715,0.7753555920860695,2.388583044868595,-0.836156853224738,-0.16613670457503762,-1.2604006929438198,-1.9505356587101874,1.0403401529581466,-1.4456050371567732,1.321033544281415,1.2979361366099071,-2.6918513869281373,1.4018990776733204,1.0374907432037026,-1.1704488326726958,-1.1126884982361858,0.9221541299373937,-1.0797410990980465,1.7195152116570676,-1.7736088583139737,0.6218483501159628,-1.168996514978857,1.825806998376124,-2.276703798380756,-2.025638405806191,0.06499596799277133,0.6078068814008977,2.494114086365124,0.03047566653367659,0.20385701335410913,-0.5657596251831052,1.6113511849288196,0.9936450606123945,2.3449648898346895,2.096152788179722,-0.5118496202045953,-0.8004869440923716,0.2768609561430545,-0.8074463245758488,0.6317894096005948,-1.094909071383868,-0.49380307669323764,-1.8503860684245654,0.005891529587222868,-0.339374110709017,-0.39618507175984286,-0.286584867660738,-0.24089213372315355,-1.4480091186656643,-0.6426205190336516,3.658640317090171,-0.1657284657782287,1.85366965136553,0.16470073150176376,-0.13633491112517473,0.5294701005010135,-0.05505671830798197,1.1128565750921777,-0.7525214271047613,0.680713838502544,2.460748511121212,-0.6925616565774831,-0.21597669840571537,-0.3145672931223883,1.8361337413377479,-0.38678837325954674,1.2463941544173338,1.4995812820843886,1.6758899770984819,-1.1828606268484134,-0.23256366898017572,-0.11921996015317246,-0.5680062543844201,0.6527060259595867,-0.42313050535300184,-0.6423909242058251,1.3791409897241071,-1.139204755589146,-0.536234433473503,0.01354162630112803,-1.025471646615819,1.0219234535829425,1.9735143586829882,-0.3658807814200474,-1.328355938187431,0.21532859036779156,1.0381227154383459,-1.20220137110345,0.14600095004050348,1.3081735127108376,0.16117323338890002,-0.6561926282014755,0.606243959798359,-0.18130514667512426,-0.4003247342268734,-0.9775343616364767,0.0054565482746422355,0.7663928593822433,-0.8996017576285212,0.6643746641273841,-1.1110070537684933,0.3081812506340998,0.38785991231169004,0.08052609696088243,0.7997435385944324,-0.4698263252680844,-0.5289446927372806,0.11884788114794505,1.1167691064292709,-0.2211278537850525,0.4606436883669121,0.08245668709139435,1.7862114330963874e-13
01ADL0165,482.0452153434648,-141.04027444919905,-9.488283894434298,20.750275565664438,15.772805557151036,13.206611974018395,-17.540224500623555,-10.227958100965056,13.267657118564458,22.537664057300805,-10.73891297541133,19.22974094817418,18.54986162995617,-12.612116983373095,-6.3086147861508195,7.834081514939573,3.347056729586754,-1.6409359600070585,-5.25759692028144,-0.05342706357049906,3.0901390298440945,2.705475128925046,-1.2895137772518235,-2.53049272087501,-2.854915870140806,4.302300062626217,2.622515461485926,-2.8823122705569117,-1.7890403946996007,-4.419618521226773,-2.5250450203239945,4.331979830480321,-0.17158740686190535,-2.3328677387713843,0.5977161812498294,-3.0458895189607276,-0.8378130631637072,3.0685925907233216,2.2422812863709476,-2.827761363110094,0.8424541452673284,0.32032696496151153,4.286144372163343,0.26785740312635925,-4.62919670523799,2.9113729057461812,-0.35973233619741607,1.0426460379858515,-5.661717031674179,-0.7665895969119622,5.071925757994291,1.8718765181330603,1.9218694223963124,-0.16942363803300842,0.18044813231815443,-1.9165763238440332,0.4421630707776328,-2.066708006964866,1.2112945073095738,-5.988368257728936,-3.1163713992439743,-1.1968938392508115,0.4130760103112983,0.6764517456815405,1.3146576667384833,-1.6742950987015601,-0.9971871202340642,-3.902399885320427,-3.5208081062309318,0.5007172308449389,-0.3323664609947918,0.8335581878177938,2.06087970108665,-0.8817493245459469,-0.2573476116547052,0.37142732973981146,-0.86720331699044,-1.3279912620091716,0.5884160498800316,2.038369857072067,-1.9347498214202752,1.6204253514144518,-4.510661394178388,-0.020437891321405884,-2.3486364872372203,1.2051703782729446,-0.9925543106942833,2.317419016106635,3.320543252116268,-1.555327003842312,-0.5120925705095642,1.0030481506889417,-0.7141762066199736,0.3756364683756654,4.270228396833208,2.3925414677676007,-2.195911907015661,-1.8817787546047764,0.0961844857450559,-2.488139398167078,1.940964626411839,-1.8304887989234462,-2.4306059234783595,-2.4571293472460343,0.4684410224587145,0.47998429764170464,-2.806461881375913,1.2810903049003466,-1.7379604984074615,0.8128177927881922,-0.5583856787739713,0.45602492358256475,1.1419937420225617,0.42527328970321354,0.42861290827695525,-1.8083228187869769,-0.6134671775801761,0.8555784311027931,0.5746625573371983,-1.4809204366834279,-0.14444144904077938,1.360694635582809,-0.49999290877411473,1.1956077787142563,-0.42984997363375116,-0.5868577245080095,-1.9870223897251733,1.7547202054794864,-0.531112414899723,0.0715782988226148,-0.4945373838968269,0.7235964486178486,-0.37211732677969683,0.5950206436731932,-0.3396248170824533,-0.11364722441981999,-0.2070055857283558,0.13310743223423627,-0.7826585545599084,0.9286521457121412,1.2209060367890245,0.32043072035332354,-0.6376964194009539,0.2674905356715621,-0.06649244398296132,-0.8206214268046372,0.9421633523438828,-0.722238537969705,0.04191580971965619,0.7202151066442286,0.5320037847838907,-0.3225181738788556,0.9542903352898782,-0.546109211608695,-1.0569383408761706,-1.1239061435567934,2.2607266531333634,2.1884040310132034,0.37025754853114473,1.7735397815142977,-1.8621769164852378,-2.096178285254795,0.7797582701503782,-2.5660513587681124,0.5824824738703771,-1.416556450011791,0.5606334716570548,-0.2819103501430704,0.15294067941870113,0.34894353792584976,-1.1745901843951823,0.3763680131207722,-0.4319169902815721,-0.41632447468190376,-0.9858649817311355,-0.24299962812466064,-0.47956080226195835,0.5878086803647236,-0.6934670903496176,-0.772117363698775,-1.4292175906709461,-1.2316974393350835,1.8454345124739846,-0.513710573966474,-0.3589861515065573,-0.02353339456009051,-0.13481371966193673,0.4909281446034179,1.0196342476314808,0.4630564417623059,-1.0411298484599398,-0.8687179417120572,0.9884061147402678,0.8738049232627866,0.18888872292201878,1.7862114330963808e-13
01ADL0168,514.4684052578694,153.17930199163325,-91.53572753263519,-5.855872752456036,75.84455240904538,37.223998465640996,-54.47947364834337,20.776008625264872,-5.038389749012037,-1.7450733506571003,8.742573668014497,-2.803904314479973,22.044171140568235,18.777052536757424,-26.561237693422317,0.8798409289937728,4.646955809387365,-13.046094581183173,-15.326941055124722,-7.82220165872019,-6.472069238490517,5.995914097389622,2.7719501139078537,10.01016695913649,13.229093286720795,11.459562597789892,-6.388747049287529,-4.2899457890430535,-4.569559401337807,-7.136511265938005,0.38377307047356446,1.660082365041253,2.894369860209836,-8.141502537080843,-9.685300781286038,4.377704776696865,-8.055879360332549,-4.477083719286983,-6.714405388311877,6.759362297462266,6.1023562205988435,-4.852258334671576,6.0365214626913435,1.8522861114269549,-0.5498155175897925,-2.366474044539973,8.877683025317536,6.687004393727653,9.361578612527406,-1.7506167885389936,3.375675322575506,-6.282093068509967,2.5667644088674963,0.8187862484516629,10.039544597748646,-4.420336186020551,-8.250158545998854,0.11768602103131748,-3.749701936935849,-0.05019250124488205,-0.0660514164863162,1.2170848130710277,-1.930044078679981,-1.9452153882478973,-5.776379681953222,0.06493549680294579,-3.4508010623173964,-0.27677629793818403,-0.9468767589681465,1.3078382452156148,0.805019239014224,-0.2849318813636871,-0.47766815688960257,-1.8631355045611782,-0.08801387857908081,-1.8745299030775266,-0.896723734305061,0.8032144692099924,1.9044151653415504,0.01922185106060842,0.6256294043467975,-0.5255478449604862,0.38988138918171233,1.4529878503697646,-0.04567678916787847,0.3747048380951559,0.8100850060088742,0.1250942866225144,-0.24498060907331007,-1.3340008492761564,-1.0775081350265103,1.4196161760025048,2.0035422355366057,-0.40518233890213556,-0.6284354353671892,0.3053593579554111,-0.046340497937688775,0.3063215780070903,1.096194234996426,1.0765423729236778,-0.23870093842911846,1.7638023282764355,1.418864088562713,1.23750959917932,-0.8023559109425213,-0.7801144095996085,-0.7229936492553654,0.6005385268256257,0.6284846391849458,-0.054236163439492516,-1.1055700951402905,-0.1889833504184593,1.0135061076695207,-0.14997117745418886,0.3151697166361278,-0.7867981348591128,-0.8093620346514501,-1.0377054486729398,0.8344236695475272,1.1009879766739137,1.8809289845382087,-0.18289154126827317,0.37840611702272126,-0.9143430739349645,0.25227821968751296,1.0450553205434097,-2.2040638334076306,0.8352243550353982,1.217709160479964,0.9287852980498325,0.4433477096161902,0.3256873672443094,-0.6782483102311166,-0.499626688498755,-1.3549667296101948,-0.08298502773417295,0.18851157628621604,0.24388211716598393,-0.8636068483382254,-0.22783045423743836,1.127778507830774,0.36258256683141454,0.3781516011655554,-0.6307455078179434,0.38324358971703987,0.005692407160052709,-0.29287871432507606,-0.3750568435278192,-0.00711373672614001,-0.4265149618268543,-0.1482388082118112,0.22917325887884984,-0.05266889706601126,-0.5387349012609518,-0.30209684749121163,-0.19689064581161705,-0.32163509812034774,0.03805265477450216,0.26823288161110553,-0.9744206048744366,-0.1254424392219707,-0.5744301073523902,-0.07794576233535992,0.15055929748391736,-0.5475169460844209,-0.02837692053122944,0.0861830664835517,0.05624216155639093,-0.03825703165658891,-0.024591040392872722,0.13524222329702393,0.4160590005177069,0.09032736530989145,-0.030026833367362903,-0.24199109491043158,-0.38374770795263874,0.23236623208605794,0.21221781049770652,-0.001720681278180032,-0.3045733394362741,-0.47068305045353487,0.3429448580617907,0.005017134847992648,0.09896909488764516,-0.140570060759357,-0.041278095810553674,-0.034180610313002686,-0.0880456882397352,0.5162026567401073,-0.08001346819750682,0.09130216775398622,0.32312522903187785,0.07876108204665777,-0.009206366834797367,-0.21788499840075765,1.786211433096385e-13
02ADL0002,-327.1387445446149,130.87536126115603,55.21344929316852,-8.606459929001597,39.564441334603984,-2.221244727984356,-53.11198202872662,-21.920282402499073,-15.21120070056618,0.22672459590232172,-14.386166435475229,9.762006578938454,8.306539358498311,8.427122629177024,1.9235577196102878,7.040715800318171,-13.69074122505271,-6.124762616115874,4.843985553357634,4.21762568722884,4.498146396434044,-0.8024112156734632,0.10210996166689498,1.1736911323922443,1.3823775282903572,3.8178748282744825,-5.227057200450401,6.49458450676266,2.452245027749704,-4.391197516904833,1.8128366104518783,-3.8689303979072887,-0.2898014169019161,-2.7201217454476616,1.405977781840833,-0.09745703064429775,5.752186962288877,-2.8569190281798478,3.0473392297596784,-2.138067857358706,-3.052258744246416,3.7058713419692864,1.6099229171577114,-5.441264038637835,-2.159540183322425,-4.676264267887267,0.9019307995492548,-0.7786518367121468,-1.5011604696680334,-2.199991314696989,-0.9470092378090588,0.8244681123342104,0.5026883691149374,0.6304245536403694,-3.3622696653790434,-3.488558137565095,2.8653094315886887,0.9280635217416129,0.05597885626878729,0.337432409645539,-0.6355766247715229,-0.3261266876905546,0.7542559769347285,0.27606358148875243,-1.8510496470700908,-1.296478211844616,-1.265644862213707,1.8154507866139376,-0.07907241001759197,-1.2952060695063288,-1.9438091558693837,-2.905943621933084,-0.7278755902831523,0.8913164941477689,-1.430121392900203,0.5921921867671045,0.6036308486608388,-1.4408446058200821,2.257575397272458,1.9333258131172761,1.2392147966889129,2.3728201829304174,-1.782761464149454,-1.940006925875124,1.8466749818055623,1.2226863552159235,-1.0947377086130916,-0.8070722540897355,-0.5113485088267715,-1.3810125238936515,3.1898839721021837,0.1319249109112239,0.22202180652217404,-1.5886770699451223,-0.31246057611054096,-0.009999407151709697,-1.4350121859091036,2.835460723093234,-0.15837236402836544,-0.19615045688611998,0.9197039339971139,-0.8990304055689968,1.882644407033123,0.8447969555217801,0.7994131555465667,-0.1908556439540772,-0.6382815863944648,-1.7519613882480194,0.5910765781689096,0.8016493295309489,1.9167213874739757,1.9903133532465775,0.6866779420644313,1.01297226747802,-0.2862570414037665,0.49603369847641027,-0.07164713551609413,0.18265842620287412,0.7008930811637383,0.9669387550344244,-0.5866536424784475,2.1714402705673854,-1.468342371287781,-0.7047427218987601,0.5319578878212892,0.060905074491797155,-0.38987708166196816,0.0189823041332857,1.2419392876128703,0.15665650697012823,1.0845192681543017,0.3110761302080128,-1.822475995731384,0.5227085658349071,0.22210723204104052,-0.49403549658702256,-0.5470024077567033,-1.0553292980908053,-1.5314158779485718,0.2465828546506856,-0.8321384881395444,-0.8147311330305755,1.4276271662197118,0.6506897062864766,-0.6951931518375566,0.9924049566114753,-0.958752250009351,-1.374652810472197,0.009512455665359434,-0.12520833166934672,1.4980751274827397,-0.48438022460858443,1.2154696356913144,0.7696967017072713,0.3394506163362479,0.7084763398032249,-0.21068273038974966,-1.8648590571795638,0.5965222859272026,-1.4441969339442005,-0.11684444936239924,-0.6180150769058358,-0.34140895076479516,-0.012894320823686837,0.10750331674965713,1.2592452448195492,0.1892319401785667,-0.4712765695544282,-0.8316096467158202,-1.1037570928967684,0.11666740801631997,0.8682042888872361,-0.5246971391521834,1.5188275124651192,-0.8429479316347452,-0.9186027161346658,0.8592379837875108,-0.011575146815187185,-0.8414173661866492,-0.43296779746452657,1.9741272677521176,-0.1260729777127507,0.36559955505847264,-0.7429809259544126,-1.3180862501762414,0.16667844613241514,0.18898501284358907,2.765146199202404,0.6176462866524053,0.847601304811105,1.1074055212789253,-0.2938622202626466,3.516544041292221,-1.1285110162526764,1.2738968328043576,1.786211433096429e-13
02ADL0003,-351.30413249289967,-47.67207850301688,3.222522428099779,-3.809683073651583,4.260971872084562,1.1479840440399447,-39.142064813729746,8.659041221446701,-20.209347948773196,19.814234227683784,0.9721876675214532,8.240337402807494,13.213714780935705,19.061988331312648,0.775835042742086,-7.79182286418982,3.15059839124366,3.626134023127186,7.805473424274915,-10.152732554204771,-1.4719616814600622,-10.372506541897295,1.5952238565458523,4.572894720315929,1.0193597636145653,-8.919378643345675,-2.2547066150411874,-2.6032795645476705,-0.798517333072402,1.2684806922145022,-1.6417395378101103,-2.377243465601958,6.706378741011473,3.02921204875037,0.940312386572939,-2.3092667151031963,-6.800367219813472,-1.5479724559904005,-2.273811814843902,2.1391141753656306,0.3599900366847697,-0.4742765436960161,3.011884959670977,-6.07741220500518,-1.0360253025790964,-0.575385767344594,-3.70790971062247,-1.2985144598271958,-4.8024282329949015,-0.3882123173839159,-1.6417575236036428,-3.5871294968299217,-2.6291225107660514,-4.0675313718124455,-2.456297934634826,-3.9426160979211686,1.6089733515948643,1.9830233067709473,1.3882193912110457,-0.19433215432997597,1.3933455487483448,-4.0667771359074445,-0.39390405522044614,-0.7234563112363421,0.32773044959949615,-1.5634878660881952,-0.18739961498258048,1.1154500961627924,-4.7701631381019345,-1.1076918889854181,-1.5021680017236387,2.555043922786908,2.600508665920822,-0.15443227743786866,-5.539434371540871,-0.48801262452663435,-0.5557479810363255,0.8573838861154452,2.7979532768111812,-1.0233352249607643,-0.6547752867123655,-3.201239462371066,-2.2161769553600608,1.087138946495597,0.2199093668992667,-0.6607975113147524,0.7798419076651049,0.8264708974662973,-2.095091922119536,0.1711468401514277,0.882730432903436,1.3429967321717708,0.3573636819041926,2.3882419484387776,0.8490501675130271,-0.4535232648135118,1.6144635845984787,1.2281041555387893,-0.2826108338803811,0.5276910994833404,-1.5687171684945096,-0.38432526885831253,0.7184461159270352,0.6199836420140502,2.0527307581309984,-1.2254774112721214,0.5922866104695509,-0.7128680652613538,-0.9390599872384123,0.8370815113313482,-2.3256927345331913,3.1182502152618112,-1.2848812199696926,-1.1860419490153582,0.25999186940194413,-0.5411774267706809,1.9162684856546817,-0.3126545833182154,-2.1696066986596185,-0.5814907729493798,-1.285562871280514,-0.7958047317797452,0.1567411917366966,-0.619635358674548,3.519905811277346,-1.520969397893034,-0.6990228691138445,-0.396497647588707,1.6094243931258896,1.1964801841608472,-0.4351541828852896,0.770248231642319,0.4623081808639198,1.7661859946916887,1.1252851318055062,0.22232131968292176,1.2322481544791986,0.006951942923211939,-2.268011827412977,-0.15705525423791125,1.8694149499296127,-0.257487497990429,0.7694629089262871,0.968049740222024,0.18965770289885525,0.1674904839780264,-0.09434493721345484,3.5237334962772118,1.2358096176449558,0.6677809977253888,-0.8839284022567917,-0.382398702423959,0.5145748834867868,-0.21206711610920595,1.5407541734283274,-0.6663746025956391,-1.3749396539639447,1.623001074397707,-0.17627413202775558,-0.2561316253832819,0.6135054912398175,-0.6431304096799489,-1.637452986446626,-0.9810410561564673,0.35006444931083336,-0.36192125492208543,-0.6219457272151,-0.41560223901266974,1.0696499780179234,0.5020512286497839,0.588897304952303,-0.030754284742557515,0.8959723973479764,-0.5733059738351313,0.8385553241185687,1.112321798785636,1.775514908161539,0.5608868930840376,1.8903562380492451,0.16516165914844055,0.3365976667617179,-0.3469842024328238,-0.13560876276870057,-0.12855763120705274,-1.1516960552658044,-0.769638315517985,-0.550771427069822,-0.5624733438217615,0.9052271059830578,0.27479740431717276,0.5492450452462091,-0.14513982850660695,-0.3328660581523806,1.1113782196584205,1.2320884643550771,1.786211433096379e-13
02ADL0004,-346.97044323628893,-129.6677747648836,-27.725836701723793,-40.09529149167235,20.53471858539043,-55.652423625860756,-20.808510812770155,2.588051694480247,-3.508010349646806,17.912384209280447,14.252632506229297,-8.140812909046163,0.8329759552886118,-16.184100514984706,-9.954429785757076,4.633370216562605,17.24798933565809,7.301752486102031,-7.21426646369786,-2.9144825483456533,-0.3488827483894289,-10.44241812884935,-4.70511687399327,-5.385613793009546,-2.1169375730313322,0.7143498000734076,-1.1963291040781687,-3.8512689442447128,6.49018151407569,10.29745464938683,-6.698737864029212,0.12423480031179707,-0.631579680625009,-0.31775538095886846,-3.317244956108539,-0.9946773163938636,-4.442346429501872,0.7190245481304324,1.65963037250605,3.3927041259819433,2.656835168051393,-0.22900619217191379,-1.0519025250485667,3.385832101039985,1.515634158482486,-2.8523991320291633,-1.3428572744868317,2.4826329673172465,-5.032714579989607,-5.177038292315885,-2.1466944933318417,-4.074818965125879,-0.29574623596901345,-3.3353760381669,-1.3789271798437481,0.1096567240359129,0.1238107798400874,-2.2204910751212217,1.0180094184271014,0.40634894891423723,-1.3566905837280216,2.677128614656409,-3.5107953856338248,-2.649170801896331,-2.6952078658365353,0.510426905045567,-0.6908620857042672,1.3588362747661282,-0.858278400991834,-1.4293127184412435,-1.3107801032845452,-1.026714818252635,-5.217028783359921,3.093343375936364,-2.5781701135095476,-2.521082005811276,1.8571246951128686,-0.4005938908223954,-1.9871376552229638,0.24360437230391424,-0.7994943526285303,-1.8529486473413381,-1.7872170136736585,-0.42393222664297087,-0.743439009146678,0.010298803802918411,0.6879278227410641,-1.9078185737762026,-0.3021190322759698,0.12178614846939223,-1.1041949031467977,1.71264568649034,-0.7757900152038745,-3.714116799532102,1.9130972870196712,-1.006293136340619,0.260147315871495,-0.5609712077549973,1.1746763888855354,0.11268157415520838,-0.7988558469186026,1.0934187126540655,0.04157501800782336,2.9153003603393297,-1.1683557916866187,1.6854680043013213,0.3437285539591168,1.9281709308486636,1.5239755154611832,1.545075760911209,1.8599511586855078,0.5471594506383032,-1.8560733893032928,0.5563997763208084,1.8296268457469869,2.086371224986477,0.30883788838083726,1.5553460966312989,-0.573242053253777,-0.1808737428886216,-1.0362032828960053,1.2219328342183833,2.472026596747169,1.0898049794694118,0.6753779756056763,1.1983429286499752,0.43532008926030136,-1.7710443317159215,0.08571182321216972,-1.4607938665580695,0.06089341431132682,-0.32925583287468996,0.9354598861757687,-1.1894657419787134,0.32972890798370547,-0.4932410793691608,-1.670805703073048,-1.5265716059480174,0.21547035225531058,-0.5556527651270597,-0.17873735039824654,1.6947135305734302,0.5842981324532237,0.6454291403711502,0.9595981168623201,-0.3935583089816094,-0.9913117630576476,1.715880989712135,-0.46261243070361163,-0.5212589944971424,0.4909700669364671,-0.27159127507921477,-0.5111995623074075,1.9640510100596198,0.2875170714757713,0.5133663150499675,0.9498432531561719,0.15933301776238704,1.8855133287727013,-0.6695237919896369,-0.6986056986013907,-1.6282869148560093,1.364477930660827,-0.7392453622008465,0.21495974929287917,-1.184602538193539,-0.5564706390158013,-0.3863866036857511,-0.9069209219027292,-1.4062168807832267,-1.6304674642957249,1.5735091520409075,-0.7776791939517127,-0.1781458938641401,-0.12969750484195774,-0.930841549037104,1.4450248654842819,-0.3193097731748009,-0.9337221125671303,0.025699974761420354,-0.9418309460066737,0.8749552292993726,-1.8318202252250226,-0.8530498021047754,0.06812233075053203,-0.7868042240023821,-0.8800345077187656,0.04070171574491417,-0.736526262935253,1.5301216207749393,-0.301222451506119,0.22816721785348817,0.043256526948075254,-0.08973531305843242,-0.8295430508217451,1.7862114330963748e-13
02ADL0005,-352.4720420821488,-26.473945604060248,-28.539721898184485,-8.301323344190331,-11.845412463848024,10.681871727122191,-2.9976807737111693,-17.67532648155131,9.000276333217984,9.07999247287235,-3.573921354458893,-7.685751918696575,4.90186599089707,-14.05569346520103,14.804064942198151,-5.58474338603262,0.927455956465579,-1.0551643960032286,-2.3816662676940217,-9.668859093221352,0.5550229486946203,-0.4966861250426372,5.078769864294459,5.874061740105055,2.9944019675147215,1.9091888789609335,-6.429130474725092,-1.6461994559413005,7.788687478939675,-2.1390443260376943,-4.979679325394039,-2.8888850213506765,6.506188633037433,2.1703336769717723,-3.3410008273785854,0.9251209107960693,3.522706691041003,-1.2464863290254404,-3.2889231504066907,-2.0713949116945956,-1.1130657576652452,2.6962019798786088,-5.62615146359855,3.39090116385656,-1.4754244573779656,-3.681486963596518,1.3529442724824894,2.6806952490755935,2.9296518758461207,2.0421706748131614,2.2365626707433393,-3.367931777806036,1.2805692886391478,-2.0942598701369985,0.7072300039584561,-2.162627071000021,4.1167083682568135,2.4908659098156343,-0.7747571443889427,-2.4358238675393618,2.4490161753732966,-0.043144904694034036,-3.9934371860455977,2.612350412614019,0.39080003859454077,4.167560664711738,0.3561909558273559,-1.4853809388620327,-4.493231018528842,-2.087172569894393,-3.645057132297367,-0.01170652623841244,3.951503278541414,1.3245186800657154,3.242520678570422,2.101865430596831,-1.490910609881228,0.23035650590492007,2.2299181129894,2.03384274890159,0.7934824972020457,-1.1543956433030904,-1.1575585666790416,-2.125679810812678,0.8757619034336812,-0.11232408908304678,0.8668959745099134,2.1198795866443065,-1.1930780756931396,5.042691075871451,1.7731132347153729,-2.418595926052117,-3.502404137919766,-0.42308781408343815,-0.31842383292440846,0.05850518180931636,0.07564661255891567,2.3793243048486046,1.4727175290593402,-0.518521423543413,-0.3604974455074529,2.59727419575701,-0.2747392525761486,-0.5827818215837693,-1.6781175466692178,1.8261094633321389,-0.2165238471403547,1.8779572294364624,0.2933875692656405,-0.02431856078729338,1.4233962877107442,-2.117985889168356,0.4729537968796981,1.8223639732865131,0.8281766357593784,-0.7443239640202546,0.29166752205142915,0.8623059084175124,0.6736976317059912,0.7841439808273072,-1.1802681199446647,-0.4403877749998677,-0.7696824886331802,-1.9998925984976077,0.6894606733445752,-0.4234132483797881,-1.514288851320159,1.2694529268173766,-1.4256691535880694,-0.7684662539743137,2.0090260531112882,-1.3108771939859876,-0.9443746643956347,-0.8497658664639424,1.1025775543589833,-0.4095313734388311,-0.09910200031969169,-0.0639248329868923,-0.5278292970628325,1.1617682192642327,-0.5391873027119904,-0.8245288655028864,0.26218926544749294,0.3970869324060768,-0.013850991576373175,1.894347218422713,0.3620388910950277,0.5009588530444137,-1.1804919023778029,1.0939222870848468,-2.260052839156611,-0.013893819599026781,-2.462449917966256,0.21296958624483334,0.7858041086913777,1.3466415890612233,-0.3000543509847306,-0.3492623817521918,3.7722589754441924,0.32025221056632713,0.7471310543685843,0.03491242590361679,1.443732712412614,-0.7287719990060125,-0.1316441744473136,-0.2839720208560629,-2.066755019258064,1.1218737170405781,0.5574624781763113,1.967476697361754,-0.005904655938627147,-0.011633710799606081,-0.44187213421399407,-0.41457902577628436,-1.0429538295423908,-0.1374443791090444,-0.7156901356303439,-0.22814045237147118,1.0597297325933495,-0.2952971148249162,0.6012188576554613,-0.6392469186167831,1.4196062128519091,-0.3539962428717634,0.6589439146052503,-0.2939375557175453,-0.20693228322457516,-0.30197969897225524,-0.6340314938763433,-0.5135811691350223,-0.3148086091976665,0.8216159553461364,0.15233885606060288,0.10199623090363995,0.30868428155263256,1.7862114330964124e-13
02ADL0008,-339.0379690934464,3.982963127260776,-15.195519766602095,-71.32812555672155,-35.28093423503216,-24.448074606571424,-28.229250497202827,20.870033695494175,-29.03418366114595,-8.472043102216647,2.5055829837008408,2.738628975801674,0.09834594550650377,-12.93200590679725,2.1181560546803038,-8.915047403360443,24.03280824847906,12.789738854569228,-12.374749319832432,8.524377014287985,-9.11530750408141,-14.492033045308276,-6.817697709252172,-5.2571479327140604,-0.7503908078791752,-6.4800015984286485,-1.317833463348409,-2.80732525325816,10.40866878790625,5.575424079331858,-5.1916784895737775,-2.7352686978112524,-0.5294617477937312,-1.4870268100545023,2.414317210089836,-7.960388519714113,4.6875681053643765,-0.9985665461102153,5.610376947366805,2.439313420218578,4.421827734793576,-1.2413935403224994,1.593128450504499,1.8171286507905746,-4.14390269118532,-0.5931566338465654,5.703324096325429,0.2142219373818977,-4.329192516419431,-0.44009072610794675,-2.891404099710538,-2.194727047050727,0.065977602239258,-3.223908325858793,3.6178944134380986,2.2178357868394687,3.2643655244493583,-6.686118432614547,-0.13614391676556922,-1.3007950589024178,-1.040176719484425,1.6678713480877674,4.756944926531957,3.1313136848317376,-1.558094684374922,-2.7451433781281342,1.2388547677343513,-0.7293952305246787,-2.259330308668295,5.5990865791193505,-3.01063016553006,-0.8131601872394895,-0.27903170008578737,0.7621954381206084,4.189241599430567,0.17664643776434588,1.4952834368736163,-1.1814539291285509,1.985421850128086,-1.4854316635274012,-0.515919376643447,2.9800851832262794,0.5082625307070932,-0.9051737311464669,-2.870618639709083,0.3969315620152476,1.2445971852712978,-0.6059471837125234,-0.10385177703387745,-4.894727654739471,2.4303391723690844,0.19462360140826093,1.150136135431404,-1.2338127232482141,-1.8734489565212917,-0.3730506643478947,-0.14835854562148829,-0.19429799833642505,-0.12390853132152438,0.7361564483995545,-1.539736379319151,0.780550573078245,0.9944013889923775,-1.8855465770149298,-0.5520644691550506,-1.6830595968637594,2.543781503245858,-1.139241212674756,-0.9588290499980517,1.481390619675127,0.3052907964976208,0.4640304027018655,-0.10950214649683616,-0.43484142619073396,1.1174577925050342,-0.6705687072095919,0.05173228366012288,-1.5848212565698518,0.24010663393084294,0.6762538499274451,-0.18689221765831723,1.3179597612091336,-1.5862037931961284,-0.29522331907125626,-1.3385775010899388,0.336816679979052,-0.31990951574879556,1.3695212461358763,2.074247038368434,1.0140733650319698,0.9580112921558188,-0.4497054525075012,-0.7748761788782228,-1.6741163742723517,0.003931101363043108,-0.9831686773092798,-0.17722106187335598,0.3738708522067672,-0.8126958253566118,-0.7454765035655032,-0.7600562063078281,0.13788884551581068,1.5137074396814885,-0.5617395058599434,-0.7944436181920317,0.5550008880905737,0.004141354857262443,-0.2141410642314656,-0.3919047099190192,0.7627501588816722,-0.354279342399853,1.2084605315268748,0.8023463681217059,-1.500405228763401,-0.41635460592220225,0.016228663850652976,-2.0339077897998745,0.6322185154795259,1.327915190844419,1.5114741954943913,0.015106483717473664,-0.306191545808938,-1.3160061684757443,0.0604971372116418,0.10093361753297858,0.43084827636778666,1.4195682380563632,0.4373561535236352,0.15551610838517507,0.1998963304652629,1.3567000439571162,0.02186136616537454,1.819191747388823,-0.36903051695725186,-0.2691541582100714,-0.5613069102931724,-0.8719022662658121,0.05010525785184338,0.35123919768443096,-0.3116541656548263,-1.1284463171607944,0.00338428820154519,-0.4043195963645797,0.07586452793507911,0.5545261406192501,0.35841325956782444,0.8887352687707863,0.23273050686568342,-0.2825228477918773,-1.0839472104381465,-0.42135823852830767,0.6325081765803634,-0.36519296651202354,-0.18955690601777583,0.9368265710534895,1.786211433096391e-13
02ADL0009,-318.4660866394021,-15.13202865569483,-55.56135606734282,-2.448996291681912,14.069939010041542,4.292120263465304,37.017921411035786,-25.47154305378891,-0.7726359054978137,-0.6410596177630994,4.403590884571478,2.495911030528477,24.398137073610005,-4.151819968105043,6.412875947444291,3.3853211582400906,-12.547742242944661,1.0485987924565645,3.2238747400276746,2.2252697141357887,1.5183276906216312,0.2731734949084092,-7.201165004686071,3.1750452179916935,0.1322011114347475,-5.668713142208917,4.898803344049538,-4.40263891678492,5.905876238551339,0.8027105141981642,-11.006322704067832,6.00265161716932,-0.7297218280817258,-2.2250475695456298,-3.8482137509717385,-0.2692314975837194,-0.7810374456392666,3.5306281091194616,1.2816283886737951,-1.4231741030601552,0.6262254016750687,-3.986450015064219,2.5252932103485186,1.3969165847281344,-2.3767677044035604,4.862031359973617,3.0984102474192308,3.9258203776937286,-0.748859958815426,2.107309419747261,-2.046669880545107,1.3374041318102436,3.847707224353132,2.725309295682688,-1.1541431636867283,-1.364212788268984,2.8714873565199706,-0.7107762923021392,-2.847338339267987,0.406362312650301,-0.47392254866856276,-0.4360696980205175,-3.5752892108635557,2.0846054996926884,-2.0115061194125303,1.0832562779375448,-2.7612855836844252,-1.2559236301620522,-2.466824566625661,0.47176464980381083,-1.1991533189357995,-0.8264285209359483,-2.2712282943139246,-3.9729566143369843,1.894692199176327,-0.5807752013039158,-2.3536694103577123,1.7752137924292681,-0.8132299795350407,-2.49955404199038,1.5138888210129389,0.8103310223696584,0.7342133018636148,-0.18762372648406772,1.6872544702196002,1.6381186317867766,0.5440849772849734,-2.184307836944671,-0.09672421450232485,1.4953060925979138,-1.9817171044171245,2.5569306556592704,-4.454592717731334,1.680367133594362,-3.1988429563392975,-0.8689643652151329,-0.7239482355498558,-0.7375247358487615,0.750010355596582,1.8557679245647285,-0.1556366233654775,-1.104710374395259,-1.1205277894778032,-1.5613764127131997,-0.4697276945794557,0.21041057638940103,0.13318215027856148,2.195550157948907,-1.2276267171606827,-0.5583831760385803,0.21312647682891586,-0.7296099539228711,-1.7111130474361003,0.5069620579504835,2.343079390077085,0.487577778685,0.10159697992210583,-1.192109046796216,-1.3620751007214222,-0.44831904981131243,0.08498916296003482,1.5587081572006818,0.18015582093432533,-0.7410356186243775,-1.1089022923486087,-1.2017553577432945,1.9554479235924984,-0.5376263287873067,1.0247054560166595,1.6018672854704936,1.6456652354681665,-0.6196826966909148,0.6149223900599208,0.30695727765344355,-0.02870723654856703,0.17452719033818417,-0.4111768433681079,-0.14363684412397276,0.13396738273749745,-0.14136321967845994,0.18904367585750778,-1.2968830658512347,-0.184174589693118,-0.3877878622278684,1.9279434341002333,0.15259365789504736,0.31098861254505034,1.4713014104671804,-2.2474231713846575,0.6478658841413053,0.09237633593325249,0.7672495192382747,-0.13492319726218516,-1.2421591942725876,0.7789260713172543,1.395773489975307,-0.7939545917071864,-0.23983660377859667,-2.191208859212659,0.7819974782073084,-0.5154121228139308,0.35318465511005714,-1.1375799194529033,-0.6994305548266202,1.0763247895136043,0.040274124479281206,1.5459431366508547,1.2244851576606879,1.7112159896900152,-0.8639410026335679,-0.20040522080559145,0.3535298848176705,-1.1121483987767327,0.5404915201364098,-1.0977653943581225,0.6279862320561933,0.767306614516514,0.39011030419369885,-1.0672007447926748,1.109096201303494,1.6092464375571733,-0.6442572286063386,-0.3412127358821468,0.6325287933067583,-1.879520512552868,-1.7482395782499418,-0.3646503107273581,0.46457553521531125,0.9438805459438181,-1.0716671774874575,0.04356737633404274,-0.9695790538978324,0.15788937085854002,-1.0319502634114375,-1.6430145641478662,1.786211433096372e-13
02ADL0010,-353.6883865796639,-114.09446463077438,32.473497934197944,-18.47463583899447,8.209239694912917,-38.793758200363484,-2.6835527781953608,41.90775093942718,-44.61429975777131,16.61466256516666,-22.346857760348286,-35.17362259347625,3.0355563058575754,-2.640211335090891,-20.48228182874139,-4.789324427324868,-5.586405853642528,-9.461296201228693,-5.648974158156609,9.93243857961617,3.237615137784992,0.7762397806210843,2.690409057865614,-0.6922262420237937,-3.471279421315638,-1.2514923464636785,-5.80394889578655,-2.5050266788868014,-3.200925862354667,9.63436533607587,-5.745907697379014,0.290585695745592,-3.663202528995611,7.284373519197615,-2.809196106616345,-1.735822421709697,6.35371778282942,-1.7112942495189962,3.4971384316154768,-1.1981736401868195,3.7165568547517385,-2.280032071030033,2.1446539339704933,-2.1230361921017615,1.6783515648866723,-2.796740568841396,1.1965378791134584,-3.7795369550242244,-2.441818116943049,-0.922140334391616,-0.7314243004007757,-3.449542953551403,-0.4742872890154269,-1.7883536957057857,-1.8493249760689041,-3.8065538765743767,-2.4038692778461304,-3.8798873900799613,0.5720028661543912,2.9269525384189192,2.0088495777929913,3.3611302144382673,-2.4669629208030286,-4.45108297797861,0.11094885829420705,-0.2554009281571304,1.3430703406476217,-2.105531344020922,3.7922159100418433,3.188553078200172,-2.5347296400204007,2.160232218278481,4.052214398362888,0.8126925978506024,3.172931328964655,1.1723298305510315,-2.092400743626442,-1.9178170944065438,-2.433858306389037,2.5994878502276304,3.0609025246661696,-0.9009304253822746,-0.14916847030157193,3.357809538456574,3.1865278408031994,0.6743888461394432,0.3741185156919297,-2.019800723127033,-0.13393475813198857,-0.6058882394118467,0.944175603928434,-1.0423395514884033,-1.4629471646823524,0.08804123394485468,-1.7257931770762607,2.8654294639512443,-1.190535644192313,-1.011780983619896,1.267334365109311,-0.9881382695214924,2.170855809590704,0.872869222455902,-0.15296536562547822,1.9202208017900062,-2.300491978405249,-0.17400606666327095,-1.5237980735718768,-2.3827578678493158,1.9135635166629006,1.0533362825338792,-1.7572706849275057,1.530714234358817,-2.0993060229029314,-0.6107891242324295,0.3740480106214236,-1.113050970797463,-1.192699205649294,0.3619749325718797,-1.1649129367186315,-0.2790186197085179,-0.7534580718163488,-0.7466407514021446,-1.4751287748243784,-0.41044273044274415,-1.8562980167962666,-0.3985857767705902,-0.33757108636109107,2.2708850038129382,-0.3958172594028462,-0.41365005238156205,1.37273802345957,0.34731382574205927,-0.4189067330463068,1.5112314623154148,-0.4811555658439198,0.12813421765772198,0.40494289562010843,1.9307770956563919,-0.14801033711796732,-2.2751664862597214,0.7450071748948301,0.6520047478526023,-1.999357207683464,-1.1552825567916394,-0.36914512194892146,0.12658842395672035,0.0534373745370444,0.5784533057191114,0.4124042049585244,-1.3591616236493456,-1.055296528012587,-0.24193656117006515,-0.046808362963826344,1.2478649294596462,1.7430323170745539,-0.28452776324349055,1.4857393600337427,-1.0942503910428565,-0.5875690757803671,-0.31528806481128746,-0.14469313266801878,1.0149190515563429,-2.054555805918046,-0.29838027858167754,0.06775157424126096,0.6849077927568905,-0.24344254048772976,0.014241283163728479,-0.17833946350142843,0.4726148545269508,-1.5960609545179114,0.19464945963534694,-1.1326770104714448,0.9854923663938939,-0.22829503366839096,1.1103160554203817,-0.06772090113099864,0.5077751412204144,0.3301236801461153,-1.0331861244235008,-0.2505357483844391,-0.12159428942365508,0.9769742087095804,-0.31815748825326956,-0.1761929524283134,0.2265990319482848,-0.5207951372175647,-0.503299937475298,-0.57699523312421,-0.8623364192827925,-0.3674047676471861,-0.9140817258154246,0.1240813566282294,-0.08535063250952572,-0.0419111533273716,1.7862114330963992e-13
02ADL0011,-322.289248886921,26.681093075585625,-11.465684252853013,-16.076398728123444,54.3727352889063,-30.199933799199222,-4.69536023979011,4.159929607460544,-1.9127020607036553,10.966357318845875,-11.972605533405131,23.233278832356824,7.269990248165131,21.44940008777234,4.653573990346035,-3.1420437487627177,-2.1366603077962587,-1.2283054620814324,-5.7316579961600915,3.7738099005342627,8.833702960622519,0.0969839924278621,5.1482267418198315,5.938928767787341,-4.895352595390554,-1.8085826457443521,8.15843728798213,1.0190689137660511,7.218261830767461,1.0771237295709184,3.1350177697559363,-0.7838255000372315,7.217299842511597,1.0319789945899136,1.936733670513349,-4.62353968109057,-6.571404185815391,-0.553856378933193,-5.919518347708642,1.4962858222839306,3.535248075909828,-0.6925695594255862,-0.7494196741971056,-0.5428327584537294,0.4354548538953126,-3.826822011728281,-4.2789297558468,-1.7529193624613637,-0.14076793398662912,-1.1775324041572983,1.055415325266109,-1.3191306028552576,5.112751190602124,-5.546247361051807,-1.610787622559926,0.10603591765148564,0.8060962258624036,4.642734955726454,1.5173779298790755,-0.5140606482626427,-1.510357535376017,3.6016271743970423,1.20374106007535,-0.13059216118130368,-0.1256621703004596,-0.4326087938243335,-2.4351609591157124,0.7489513506625148,2.2035532354367833,0.8974815250786653,-1.8773069240223863,-1.9541030202738654,0.5318210431448301,3.160442974972526,-1.5640131719823176,-2.7893569964786193,-3.901800094472001,5.382226853898174,-1.3065445204706105,-1.715040491371342,-1.7562179733683225,0.013347645640545738,-4.432461568408979,0.2661134165937571,-2.3960636968916122,3.0037929217131683,1.268601993685482,-0.11219876824517856,3.4728094262293463,-2.2133991525463967,-1.928311881506016,1.2385372028533812,-1.2020129492159484,1.5142547599059222,-1.6744460605384652,-2.4063785719399817,0.5025773085454434,0.7510132574502831,-1.454255345963575,-2.4027470435786693,0.2897004500303128,-0.33114698081936533,-0.12760779798622612,-1.6416824418076525,-1.6919587669769363,0.15504924839856463,2.64060742707143,-1.6676952822508264,-0.327485159226762,1.5569276758065937,1.437301985696401,-1.730748243879964,0.9905250336834526,0.33134470182064135,-1.5100938609887746,-0.1907790492378675,1.1883691460288766,-1.6204863289599243,1.7381888762108657,-2.050912592041839,1.6302006971630731,-0.2441756304891433,-1.4559825232985448,-2.6949504783276144,-0.24301643267579806,2.4364950730185706,-0.33345044128602747,1.8238083615120257,-0.24542829850272155,0.03473967253896598,0.8426447997201587,-1.4338260765735973,1.822286933668802,1.0367870009062399,0.4596405297473283,0.05276703377480018,-0.4038012861063365,-0.18365435964022325,1.631408089067221,-0.5687957368436052,-1.5861025658812933,-2.099753818511135,-0.722003276732337,-2.593882874323437,-1.779904728862843,0.365718289222971,-0.37181866487483706,-0.28649513997723663,-0.06649719176469839,-0.25439230909554855,0.11686323698899825,-0.34828690982951477,-1.3235570829864582,0.7328191997321554,-0.6225292957057831,-1.1597926641018574,0.2759470635771835,-0.14236299779752754,-0.5757090479670941,1.9296374699426615,-0.0733771617737606,-0.10989638873147123,-1.0714612436087183,-0.38705876064141925,0.19411268223585515,-0.04175760084570822,-0.36831534358157153,-0.10818757466056222,-0.5020131953826231,-1.052053839472203,-1.1908371247052751,-0.08402060634522758,-0.6166667656050676,-1.1765659859488553,1.2002957575572009,0.21008671487663672,0.5149604026228335,-0.590799027315879,-0.3476056856295124,-0.222789170799617,1.6045498823365918,0.6521056637636442,0.2723158080563043,0.8993931797733152,0.5731702042672708,0.8985653984942222,-0.4681677364598977,-0.9016692118184433,-0.5137160962334657,0.46958757950157703,0.056134574277584594,0.3340635782321842,0.33404557358945675,-0.12840000127134918,-0.047162347737485344,1.786211433096375e-13
02ADL0012,-341.30214373410064,73.62651406166349,42.163330134138775,-0.7510542649234926,8.279463102536278,-20.397092291177998,-17.56847156195814,35.986821050956024,8.291921074555699,7.493171238791857,-7.9739083796583925,-21.24105246203489,5.607750309106381,-5.156022532091885,8.453280809663179,6.001582491679819,13.947186967871088,-5.477224628484297,11.977723184009598,-0.536347700806653,-4.792274077181637,0.637089084421761,-2.008955041455522,-4.964643113876792,2.9399065426348425,0.1094122168680456,-3.216965344602192,8.16859465675152,-5.611291082016051,4.18462123891068,2.721481961639723,-5.693913690247969,0.09373749430023894,-2.8985756995170617,3.076982247222683,3.180598500800562,-7.050418185964687,-2.0958067137966436,-3.1481415413717295,-0.24832118579695536,-3.4804558349828194,6.657633234683848,2.7544016216612763,-3.1852952758093425,-2.9907767403308516,1.8859381926732617,-4.166131460071674,-0.6922368504145759,-3.9214688183295925,-2.7461027749516957,-0.13914152621614098,-3.1081014781348997,-4.059042070435243,2.1515924584485235,4.746700485014333,2.783497189420619,0.027815133694524492,-2.6766204846686916,2.812650376357101,2.272272315625165,0.01678562042526715,-5.410497451660068,-1.2158799821612882,-2.368189745739901,-2.3993422753820903,1.7018885821462515,2.4952216805689944,-2.0370799091651293,-0.5559396430453525,0.2552985224609092,1.1452975843569646,1.0557741033077037,1.4497369209639976,-0.728853395756386,-0.9960206766359818,-2.190809586497742,-1.0436696261016525,2.077993922787747,0.1810279219642025,-1.3058077832112553,-1.7160851604171814,-1.408531429322537,0.34186027710876027,0.39451968421219213,-2.846884949135991,-0.7377472449677148,-1.917367159346731,-3.68588135554017,3.7616158232506343,-0.832415021959994,1.6920975412172952,-1.585439866044681,-1.0782766876514984,1.6048027574904047,0.15055575320576337,-1.3424480259000116,-2.402462788388633,1.7625109263427692,2.9396833535832068,1.081444478739461,1.9298813698905957,-1.8086845016105975,-0.7490076073604331,0.162866110725154,-0.6737886284571978,-0.31006847195590337,-1.8441297529073926,0.01457997563306478,1.156064654807042,0.3760598896539216,-0.7158329995562468,0.021247538618410448,0.8809499734019962,1.026292332779367,0.1717088907805387,0.46434067253950495,0.3564300368042964,-0.694354537808119,-0.7329927682342107,-1.8304827946587034,0.3813261740675052,-1.2720120326489397,-0.25172391752438283,2.1991177665992936,0.7102532759391975,-0.15983037512442186,-1.588053202856879,1.4554767247955784,-1.9095150754694792,1.105073978190226,1.3737092720980213,-0.005707806510657242,-0.9674073444167077,-0.76143008766236,-1.2198251785393257,1.3784324942899395,-1.7590327219318733,-1.2247158175656985,0.37485288091383295,-1.3894555928784789,-1.1082792567753685,0.2854738340728058,1.5291352196619918,-0.803893941589815,2.162472862221136,3.4883289883153146,1.014922042041599,-1.3052995566554493,1.0649168642270883,0.3082031628657005,-0.2593059822803542,-0.2952073191485636,0.12377089626967949,-0.9187985323191474,1.7625157523145858,-0.3034448164606866,-0.7877962870604787,0.5237360099720846,-0.33095515695967903,2.2944641442524425,-1.1908794394021958,0.7843230350870232,0.25328383708664326,1.4904130934099893,-0.2768063094679374,-0.09466260298196161,-0.5274033836658049,-0.07170864687171444,0.05704660753945209,-0.4149982807758735,0.0909093796888565,0.5014147390804125,-1.8133187070922334,-0.17782298104681962,0.14866953409225833,0.21292600772979342,-0.13207197852025224,-1.0479385250085167,-0.22886632136866636,2.0624549617581267,0.11635511541451614,0.621162243561274,0.5243310146217556,-0.6476712176954752,-0.017018721754651373,-0.6000237447622462,0.8812432027008291,0.8369900233549554,0.07250148743928532,-0.7075203639531109,-0.018953904021391986,1.3708061752609648,-0.2472172828134296,-0.058843410925763735,-0.661522596435847,1.7862114330964018e-13
02ADL0016,-337.53382437560884,59.12800085885165,7.584599022054346,20.110005028436145,-38.109694584689194,49.72713902161495,54.76455901882271,25.875205833009083,20.067615410482585,5.97662358182929,-15.671337237097841,-10.816326935172741,-10.688587962430173,15.348232405694802,-15.471702857371408,3.6690950562258484,-14.762532660754847,-0.7142915503674635,7.149684140154822,5.401409774730836,-0.7193636454475745,-11.380515644689012,12.774513864190137,-11.953258514598945,-1.8028673650276474,1.9920477293294898,-15.444781623885747,-6.389914872047047,4.130995749016694,-5.935411862640423,3.365890983252959,6.479412908449088,3.882820062460088,-2.7469421363048507,-5.91432428835173,2.900883057603303,1.852099501783143,7.7195989407446834,-0.22379972740949897,-2.765929606840252,-3.274795438277637,-1.007653894662279,0.608446814375662,-1.6737666059005403,1.5418791921047559,-0.15069857943803108,-0.4342565429725976,1.5720202382900008,1.5147087986463181,-4.532895730252883,1.9983759974164823,-1.6096209014481455,3.4638673378995626,0.2250064165969088,-1.115112427642382,2.65800537756893,-1.1021992172394457,-3.3354596679931268,0.8954551564612778,3.2200719899607506,1.7460676059579212,-1.9029065691614762,3.6350876444777374,5.716501671267977,0.34521700331837213,-4.363777472396949,-0.49407294598551027,0.18133133276552113,0.18774598601787185,3.2770034889052932,-1.0136986410882958,2.8761597179892524,1.1604298517320804,2.264490803739298,-2.045543862080653,0.9530339952887559,-3.1262518326243494,-1.8783539939603677,-3.670936713839159,1.6122559857795993,2.4928092709431064,-1.4779104203405962,-2.326736657457778,-0.9362449763598039,1.066081096274093,0.8749913439971414,2.4733612890629657,1.0473576559401234,0.6366118227021688,1.9347244233244318,0.09854999149317599,-0.8783194953575125,2.307880468985031,-1.0330036743381108,-1.3845880473775702,-0.6579908823079414,1.4656483914397633,-2.440058573384003,-2.5521122709823,-0.24437986644894022,4.434625256279786,0.735608859941391,0.6394321286815862,-1.4458207179012665,-0.36035715615306346,0.8668784602915703,-1.1404709441083032,0.7508857951968398,-1.9648750836343931,0.3992151149424215,-0.009871920422433242,0.9124031165769974,-1.1929315700581586,-0.012704644840176174,-0.9002981182145523,-1.5736559660199485,1.1102074157808786,0.5655128477440249,0.5133458405990114,2.206544026217843,1.5630646480826813,-0.8187792139753823,-1.3350614758791635,1.848563134096419,-0.5904415879978278,1.6350936865999328,-0.42841457585690623,-0.27706263196934167,-0.4997446555341713,-0.701620388214356,-0.7324385677996438,0.11220029775387981,-0.2246730664145057,-1.3109886940758468,-0.040287537179350345,-0.14252863241721392,0.7053708630672214,0.7548457768599403,-0.42955577292213987,0.06906869992979617,-0.02902023436671751,-0.8866572600221725,1.7703374447615283,0.6324882380760521,-0.24360057069259183,-0.2745573042694641,0.440444615302473,0.6309403758334476,-1.0732422762041907,0.7880321487522064,0.10142541803915263,1.427209869301897,0.4912348460123238,0.1388273056581551,1.3341930040612564,0.7764522102978662,-1.2035091647290506,1.7640722366990056,0.058913117331494284,0.9985194096911374,-0.9164571182812092,-0.9750714246135723,0.057821914474366756,0.2974914173242055,0.8179004835025736,-0.3973009222941521,-0.5886783094897617,0.5457978687317638,-0.6134172504278571,-0.10504457077435948,-0.2928841239953825,0.7695032600591182,-1.3712831857963328,-0.7475736235801865,0.6288064426585938,-0.6629149144193638,0.8397447542998886,1.241808483894367,0.8276190653817066,0.6524388571289069,0.2953813343232126,0.8321705996188258,-0.8178855822864552,0.7437315612623749,-0.15528704996937737,-0.41343321274744244,1.3298304493196431,0.3758859130018378,-0.6527059616846855,1.005307020924881,0.12598428725619476,0.5210914728118492,-0.27636504008018553,-1.0612523064617,-0.43088389678180894,1.7862114330963833e-13
02ADL0017,-345.06395333075795,59.666673981428026,140.66682626621719,15.939889883333096,8.546682463103025,13.520292659067763,-0.8711781045408352,10.918665029538435,18.44571259102092,-8.588946534399025,9.030628590763511,3.5692098632874996,-3.4886549770410125,17.460681877285534,-6.408014591649173,10.341595472677705,6.707974329774805,24.659498808688266,-8.686534496578025,-1.0230166855852951,-9.07307949437832,-11.8671468062877,4.794111189466808,-0.5925322743204018,-3.31876762220364,-5.577137628635185,-0.950325272673615,-7.0685144019529345,-7.274559890114669,-5.468168146773819,3.011002523212405,1.771185120260639,7.84887353892981,-1.222301937017338,0.7167356432747007,1.3402498413092907,1.250882632612511,11.60767636309668,-8.99879691008591,4.961038041923114,6.32971336883339,-2.58604648631785,-4.216870498981735,-3.014254571324419,-5.41182918936386,3.3385754844485143,-1.2626542970859647,-0.8353356434488477,-5.552423118631268,-3.2786922566003978,2.565835778470723,0.7706292306659507,0.4889646676778185,0.9124354667583235,0.670008268614891,-0.5797907441240211,-2.021951175713714,-1.241087365561209,4.32973431389075,2.439358924610208,2.841666988608735,2.290962266489388,-4.162852328607005,-3.737024506036416,1.65487474754453,3.815398834732277,-0.3142057237945624,1.4870856690290557,-4.758424777611742,-3.3137806840614763,0.26712855957002124,1.6028382800525676,3.1366037837776477,-0.21398455209377576,3.2857774589410695,1.0538859526850313,0.7728025873339234,3.066010407573816,-1.734183745438527,-2.2410561789322596,2.7047646270903036,-1.1501654438402888,2.04610567784431,0.2551519383353876,1.3475064191500379,-0.6879043346432677,0.022395242839167512,-2.109724962371105,-0.9062915854355313,-0.03591542307350295,-0.3032594787011978,-1.1875984886356123,-0.7257596168411741,0.13856035048595083,0.39619407138028806,1.440363766919638,0.10106816127224379,-2.4878154261077214,-1.0423036894924336,0.5826244399387885,2.2057825461033898,-0.8466420604533956,-0.5314301480240183,-0.8372269299650026,-2.520490545176298,-0.45450837658216886,-0.8655453711189166,-1.0672005100552346,0.19944970059848063,0.2122919014939211,0.9269716751167205,0.9093139793819118,-0.5347555475255849,-0.6352325545948224,-1.7398565555208712,0.17963438477951071,-2.476852395506582,-0.7684572459724321,0.3297081117714381,0.030085055693539732,-0.17452851478174364,1.4887982380870821,-0.4380429956144476,-0.60492214229552,0.7946266663275042,-0.339058390858538,-0.41437692376419216,-0.7015467700714662,-1.3223035263619762,2.121792736460268,0.841512746713051,-0.09592329766833539,0.7631149617797265,-0.8657543511485244,0.050533283722025334,-1.9372934537119912,0.9823741276372648,-0.5938929410115865,1.693956392918331,0.058873676824160164,-1.93141334130997,0.35063232155868185,0.18941110785058404,0.10253586957177636,-0.19549018991099434,0.10705707615422358,0.1578462039406588,0.6351809257596999,-0.9201714422222557,-0.2729357995356653,0.8112346760805635,-1.2556934826936241,0.3727245865588407,-0.4252687044959235,-1.9586176322034723,2.634781983289117,1.2765410756269544,-0.5401783088019998,1.155701538226501,-1.2872269238140372,-1.153266930678238,-0.4889316027997298,-0.6978572823772351,0.4909802258112702,-0.8717600276633056,0.28952564205358094,0.25606842713171385,0.11435288698669163,-0.3368026915419379,-1.0150234446456285,0.1121767533194222,-0.7119094711176585,1.767946887690541,0.020535538266034336,0.16377649600599545,0.14459123368337062,-0.3319890545102502,-0.3304641584692126,-0.04424564586587181,0.5078985316070284,0.2563186143965113,0.11266898948487172,0.72379186627257,0.023977210245818857,0.2612505269187482,0.09060721572211336,0.11060857503863032,1.1075296740479472,0.8281537721038774,0.022296187316917758,0.26795988723993996,-0.5384892734160627,-0.03368291407913134,1.1131370201713957,0.06791961288165632,1.7862114330963917e-13
02ADL0018,-345.6305268783111,60.941161703733194,63.63714808534689,73.04633464097253,0.599031997040452,13.920405974547217,13.220096870894697,41.07287969374255,-5.195462211967896,1.4741874676632245,0.7610866855794248,-0.9801237303555498,-11.648498661974807,0.3653196363028715,-16.69289978864456,4.438769390055434,-1.2225592573512214,-1.1286478061392018,-6.8692454336810425,6.011675269202533,6.085851197283299,-11.89080219050137,-3.6234063264992256,-2.866669560378882,2.2284928802367947,0.30929840103522577,3.3557421610467077,-3.6965631908679706,-2.3806152095135067,5.527474631229945,0.09929160783744383,13.223233968155851,4.969452872714029,-1.9626596092921806,0.6934205885662152,2.9531289801074063,-0.4995387221372707,-3.25318956278386,5.605282297136008,2.622845811102886,1.3104290973675354,2.305284598509268,3.5195058154105845,1.6250407806293619,-1.1418966442599683,2.0948334873611847,0.08596034674070327,-1.2129822133941939,-1.8342639794979154,-1.6543743888802138,6.8938094779170385,-0.12432932107208822,-1.7776047564665551,1.3060402866494927,1.5561302437555578,-0.6840893920051686,10.77458883687777,5.549770412182777,-2.986683516744334,3.5088427632021837,-1.9524853895257233,1.570631521129504,-1.1250083665715207,-0.16035375249859932,-1.4091828372815887,4.018379665468414,0.9020979189340096,-1.5176510204943428,2.4789725394346918,2.4477697373860696,-0.8896614027809592,-1.7505271919650536,1.0216330068715516,-3.624675681397046,0.12599768124386757,3.7569520852069305,-1.1584317661095003,2.7283282596119696,-1.1224202983596332,1.0957551759209967,3.378169116970843,-0.09601090073956481,5.85300906238542,-4.344101034019699,-0.4726351464180629,-0.8600565317931649,-0.24105031177046413,3.0078035797718297,1.7153656193449454,2.3999324467550336,5.590277039352767,5.990764804743087,1.005847978008279,0.8321452658547945,0.9671086068406155,-1.3922132082865515,0.18458794971686715,2.9446843544699437,-0.5439207656742165,0.06312301989651153,-0.734522161136904,-0.5520121312278115,0.4122057666616145,1.8872966755901706,-1.7423796499212403,-0.03708050600138197,2.023155742476523,-1.5183678623191093,-2.8330732310933873,-0.32529825214625824,-1.1937563514052871,-1.7289842940993305,1.9196187539262135,-1.5947811784805594,-0.9082151025904528,-0.7169721465313856,-0.4213906898052654,-0.13345950152146782,-1.3732100917404817,-1.2324961846749032,-2.4134987183939276,-0.2472626679318249,0.6223356150112356,1.1718165687498805,-0.7923364682006983,1.9943756680998317,-1.2219796222629264,-0.5753723717852997,1.5905030371706457,-0.21197622885615738,-0.997850690362193,-1.017149011303326,0.9375889404848053,1.867898112412118,-0.5752941060749499,0.7374448780243285,-0.7082322683954517,0.16130173280919866,-0.27636174024658755,1.2188244365907832,-0.5282016718324315,0.5565375777890929,0.45874235779880357,-0.09721464092774318,-0.42819991419418324,0.2895019931505077,-0.4314135807293165,-0.874321799824123,0.024641575633877956,-1.0682923242072668,-0.6749321990171666,0.7184099896640692,-0.8344406894232858,-0.0026169372912821123,0.049972944940698726,-0.21101373677335825,0.8497203880958812,-0.21089200936155844,-0.5644124250314476,-0.43401773061726073,-0.29434848115194023,-1.148538620237722,1.11897042764647,0.2836446556432421,0.4452530336386007,-0.052902302867628176,-0.09094734188712617,0.35029468323225565,0.4179620215034912,-0.34695081721577553,-0.343060504627229,0.7544984621530514,-0.16782103175629184,-0.240057897681453,-0.005581681748899193,0.040112683648834364,0.5807148345102859,-0.01087209755221886,0.5035777085424903,-0.07452779246260467,-0.49292344292498064,0.12880332944057052,0.09479373519084176,-0.26140384384291293,-0.36990785377599744,0.31286491625747,0.0474210897507434,0.1603298047575199,0.28075150186057435,-0.0664567609901356,-0.14541165753483765,0.06045605084888044,-0.4562592786082329,0.39939167936452963,0.18815401792611477,1.7862114330963806e-13
02ADL0021,-363.73902507678457,59.29296242358946,-4.804564679259883,-0.4494936390333992,19.50946287955962,6.708457693404654,-17.93092394101755,-30.989976908080656,-22.153016822066434,5.643672138899954,32.16108764689729,-1.332278075294237,3.077590646587283,15.359356490739469,1.1179889412949933,-6.423503390134851,-9.019293989236544,3.0350853674327665,3.526157591259046,-0.18392919280524303,-8.43991306860304,-2.4036743329160726,4.504329145481332,2.441079359616512,-5.258164061787514,0.4575445282376184,3.2968512155132603,-3.3339934950886656,-1.783746034111887,0.3202959839581683,-3.4889840963136907,1.5130905571264135,2.022467133429069,0.7035776394897361,0.023500682558015927,2.3627134709913578,-1.002778667341522,-4.618443406651092,-1.6412810796782318,2.973591210456042,0.8701522355817887,0.5421354948306298,5.5415189212159035,4.475283825661275,0.6744434176963345,-1.0221383318812727,-1.6179295449594295,3.4839418898505783,-1.5702682818271139,-1.7448088930587426,1.6186446903599356,-0.7950945770182085,-0.7939796736205227,0.46660979746027564,-6.352025442949651,4.478764384842086,-0.6428059690593684,-0.9490666774790798,-1.41878971825476,3.8498452614095813,-0.9278332851171387,0.865815178707205,-2.0768544536204607,1.71454443780389,-0.27243535032940236,-0.4628171767914712,-0.011809816712481422,-0.7978482865483081,0.4641764444963213,-0.6758643436271558,0.7772683762289315,1.8592946649525453,3.584195485823389,-1.1335093451653024,-3.370342910451345,-2.4116108314696416,1.3813412850854883,0.051021692207328835,0.3021811353245231,-0.6213008288271935,-2.5205689129198623,2.9688744789354056,2.518911789431028,-1.4801054772067135,-0.13903390816140102,-1.3964654633790168,2.1613965651993943,-1.1093813131884547,-0.5379800763733754,3.066576098737725,-1.0144111677381273,-2.7082283945449452,-1.002068773678607,0.37301751269619776,0.3349727059323503,1.298463713876558,-4.046570053044751,-0.05530998684449419,2.643398226671879,0.8197671761705175,-0.11470077192223835,0.8577247315691439,-3.862813286962667,1.4694992074267255,-1.966706820410465,0.2126305686309683,1.6799660474060933,-0.1058453507200886,0.029152828810666147,0.3580657823457656,-1.295216496430427,-0.6920244593229508,0.44825886097763223,-0.23787368626484262,2.2093940373681766,1.7696990805543626,-1.0631931420140885,-0.48914178222315124,0.05721500746466933,-1.0042713261185834,1.4020969057471828,1.5037320607950073,-1.5758877806268685,0.5406872612925557,1.543360999255258,-0.5506766210269164,0.8932872684068882,-0.8667493659761044,-2.266011528170641,-1.0891859965832242,1.0059605898254935,3.640539367777761,-0.890192048711303,1.7167362915853739,-0.2508737522389371,-0.045344672530667304,-0.6547788056948762,-0.5136358270555502,0.29035692939051566,0.2564165947874936,0.367638126120939,-0.8490185408146944,-0.09635281367216943,1.1109358851033189,-1.6980753729505673,-1.799056717275424,-0.10301156885369171,-3.248380629643468,-1.3330814729216383,-1.740517630975819,0.8754479360685521,-0.658133364123023,0.8534156765597664,0.4687450830562632,0.5202101649149057,0.13824977378418468,-0.7340446243433121,1.1952110017008,-0.48155533064708445,1.213059864469276,1.8465461649043031,-1.9355427611047462,-0.6822563820951787,0.050389679088199864,1.1428519070105827,0.08931654686110375,0.40014882877741415,1.199716408939794,-0.1941018163402591,1.1905984938715715,0.43839230127100076,0.46232680853727404,-0.07392165441468201,-1.27663547178515,0.2500167345987023,-0.34242763720963926,-0.22774472753088426,-0.13301897216783307,1.0611393996821403,-2.0479614685910628,0.0813483376365557,1.0136843371428628,-1.2591909538327246,0.3764490316147345,0.7477910457984687,0.11837206796789783,0.4814453542384831,1.1849299301795988,-0.8312671147143419,-1.2452869619832003,-0.13328133625867564,-0.22588435991086814,0.20957924128029373,0.5436328825564843,0.2480963122530422,1.786211433096341e-13
02ADL0025,-346.3172196089545,70.1784236967658,-24.959074813401525,67.99129157890522,26.27449808609407,13.939772942081088,9.83046893989552,23.280792414961102,7.6532740270197746,1.988138948700053,9.467860006178903,-16.306232948846556,-2.916775652314571,13.899169353211324,3.1757553821898195,-5.31204755070624,-7.594568286137271,-0.42043831771683465,-9.431866974415186,0.8329540241298519,3.287671720593375,-5.648870971825757,-0.028026796582019876,3.8461153239276675,-1.187083854611783,-1.915439086767602,-3.0589649970224158,6.393355900060934,1.8356174065880362,0.8725479938408612,3.4445148517980306,2.458815006712396,-2.961274881663164,4.945955026716578,-6.148371617413658,-3.149500473504244,3.8765931848265462,-1.3888280557400252,2.093050403270434,-5.40242447354666,-2.368993368455177,0.30823511029606704,1.0373172010178804,1.7436598245128028,-4.39800865376139,0.8236147359674326,2.1266446172715763,-0.9429175397497412,-0.7639925683627224,-0.2771494998379061,-0.8779779620572912,-3.1110925084478063,0.9914401292038921,0.8218559863530884,-3.3746673837710905,-3.190486840267503,0.7275897620592701,-0.9344791752452677,-0.733385187641407,0.48564443171284816,3.4773949131883666,-1.476988816507391,0.5037308260952237,1.0358296125330322,-0.9299963117797566,-1.426746623228395,1.4735044813275537,-3.0720344171759066,2.131188791272825,-1.650987920338927,-3.0625028968403742,0.5752477367409544,1.9034823921327992,-3.3543311580004853,1.4527738338958396,-0.4901156927384261,-1.1696997373188764,-0.018888070383035426,0.07000165838859944,2.2667927415056868,-2.569051169607563,1.7227966815309337,0.5316584356884037,-1.2700064061754093,1.6855176007720292,0.6969940735319101,3.3586552545718797,-1.4468671187335858,-1.5713252340352302,-2.4545841540969713,0.6614037094066945,-3.054131675916715,2.213892579346822,0.4043061707947342,1.9162429692436687,0.0018807625276413237,-3.3470665389120877,0.38868693222917833,-0.7571455211545212,-1.324017993983518,0.5757818504790049,-1.8991393457907069,-1.6930355471426237,1.094539536969948,-0.5218943919616476,2.440445612446708,-0.7917353994156734,0.16632632733107536,0.9859460896500483,1.0384888036835647,1.7740182206511363,0.2695290141650402,-0.5239661750328919,1.8138542151407622,-0.3350621076081308,0.41188991646044315,-0.8550915931408332,-0.17360083656791694,-0.37820658507593613,0.4023719830440274,2.6223466999964304,0.06507907055090882,-0.5108161903547109,-0.7073725623660968,0.13880351391807666,-1.8737794221104775,2.2328107547480625,1.0209879234703225,3.0912450888414527,0.4940753451361613,-0.9376573160438866,0.2906926814725674,0.18156459101677905,0.9630300097201231,-1.2363911095825633,-1.491464102017639,-0.15620344027671607,-0.11792226470170476,-0.13499455329181256,0.8065392012368914,0.8642965031408935,-2.3369249813440667,-1.1263510780080193,-0.18757072105951775,-0.15208064297922416,-0.49931283660288045,-0.44644349386181825,1.381245686281421,0.29190239329685624,0.0145774663232464,-1.2039995285446794,-0.45872728567775994,-1.525510299026647,-0.014990148457313687,-0.30240600215265023,-0.12017633366097995,-0.5525781439252703,0.3927210096144929,-0.3085297104974329,0.023567874693322565,-0.292905103052373,0.14450986075425581,3.6008821932161275,0.034712463533697724,-1.185896318262866,-0.28640815425167454,-0.3956284896209239,-0.9524735130687135,0.2804634356542983,-1.8833998328561525,1.7560653550626038,0.701717577371873,0.8367333902369963,0.17490806153934993,2.2805431692346243,0.1840868763942548,0.5480745412875991,-0.5304436028838028,-1.4207502098980405,1.726855601025991,-0.7793282464070498,-0.3221713263382046,-1.2827301275093732,-0.2120687780072752,0.8459698391311683,0.4275784125274651,-0.9093440264552974,-0.21810713772052537,1.0024331603613765,-0.8305807979045122,-1.1797238009619222,1.0343640384274329,0.3505554430185614,1.3741471935381184,-0.3626424627347538,1.7862114330963806e-13
02ADL0027,-378.01301311812875,-15.56499181194654,113.89977260624012,40.537354781157255,-3.8528333684807707,7.421778573870401,-23.326871682389637,4.186046042228164,-14.180479516006958,21.355265054153783,9.2820964115414,-1.802725774381466,-5.272225702560275,-0.0035987537523495005,3.7393497696554565,-27.446684689462465,11.53851619441884,3.86188385654667,-1.2500567178190416,-14.286248798233697,3.255961142204803,-5.775350877900551,2.8936702473663103,12.922656725015582,7.813508000457905,-11.476212136031096,4.15771241578813,-10.455113218792539,-7.709194674566872,-6.069928195939549,5.478277625590661,-4.659500861706914,1.2416368320347164,7.232424106213222,2.532225596847119,6.629406597317408,-1.663527941628612,-3.6856436571534896,17.6020771156442,-1.7409790517161268,-0.7792212487501039,2.3999358843543726,4.7852926432008465,-0.8196899293847484,1.4050812186820254,-4.522574783088849,-1.7770289611908017,4.918304802528124,0.10730167921145918,3.2515048933514668,2.788765390061339,0.07255690677775792,2.152736411879931,-1.1565939301994559,2.6995790818301835,0.07219626428595734,2.272510979796398,-0.2525659875393487,-6.2746682420440765,-0.8285514977579918,-2.3762421809997436,4.348568184929137,-3.46394711981609,-3.03148451876249,2.5619318199167487,-2.787927241066184,1.2867662243700624,1.3512484885613216,-1.183522118664657,0.31374231907710126,3.5414282536525032,-1.7079382657972724,-1.8710321051361452,3.0456537598863194,2.689058779937537,-1.1338040688225661,-3.6871951165252628,1.9078426955515766,-4.018153841785817,2.118073270355854,-2.120740171560784,1.750458674101422,0.5133039759726088,-3.193899070835354,2.0702329074000048,-0.9304637604349824,-2.727083306500082,-0.30645491738215097,3.259885391878788,-0.21108048712308344,-2.5769678870469863,-1.5508766742392073,-2.4246577732634935,2.963755699103071,-1.3102548613639726,0.30426653049378993,-1.522193801109544,-2.3385326551381644,-0.5446482157949574,-1.1125340951375375,0.2262302597832218,0.3005711948319928,3.7412667209742385,-2.052795003924664,-0.37276097309483425,1.3004748981385799,-1.7933688123187204,0.08577237046211345,1.3515688088262456,-2.584973978788601,2.3625603641894366,1.0086933231269193,0.8148554501693792,-0.21013314611026723,1.197198347421658,0.40525087624145667,1.4324347014353784,0.08586655626329066,-1.7037263900454565,0.5534616997424885,1.5524394166554143,-0.6788473068872037,-0.7761355994877068,1.2408814221571582,0.4405752014744711,0.5937728191605655,0.4314742563755571,0.6597794123332378,0.4030439850718361,0.9499112719090115,-2.0844796593826613,0.549365457499042,-0.9393729022091553,-1.7195374810837778,0.49900271405538327,-0.7377049513100873,-0.1233129681999921,0.3612240860279082,0.3673996451381999,0.141288317975258,0.9299518039966397,0.29593869644780396,0.6793831464311918,0.31846174450863585,0.6569560659826355,0.10936141699844203,-0.05938394127338837,0.036612099015159306,0.4495560761680171,-0.4560649464705325,-0.05721874696687709,-0.4218354487012109,0.14573700036403492,0.08759664537151678,-0.8468648373542964,0.3043669584160752,-0.06616022292367703,0.6392139024932332,0.582254181962479,0.1236351160450759,-0.09224452640525951,-0.04185262116596702,-0.05528903411925152,0.3413553092063083,-0.534441132019191,0.23024541290811115,-0.005015913438257802,0.009427240203059723,-0.3505510526347387,0.10230654262263003,0.3517524146615903,0.1868734151060311,0.01472154672357735,-0.07214769141238168,0.12233824600165133,0.13444134859564738,0.44144634010726713,0.301339744594146,0.2898531873676288,0.04489143295972688,0.245183124809037,-0.14528690913305692,-0.5395955582665725,0.2551513929123384,-0.5540421083117776,0.3263188565021577,0.2893847026895563,-0.13950638007033692,-0.32977993741588546,0.003737529447730931,0.20994766409787033,-0.3894907211762578,0.03726303330829303,-0.27631874934128015,-0.05281510479909151,1.7862114330963962e-13
02ADL0030,-357.34252288994327,-142.8620898695391,67.76522161256828,111.0207016919549,27.659297009792642,17.663731899760965,-32.665358383240864,46.44545278297372,12.368553493563443,-1.3540766001022313,38.71958700878853,-20.478368519170647,10.07184188913761,-14.899795292670602,-19.561469207559206,3.04503328545668,-8.836768326156887,-3.3716738132558626,-5.110565679855016,9.338687362192797,1.9671260829077293,-4.867467754558977,-14.421764784480771,-12.77986073582447,24.095202857640874,-8.549962179914504,11.89019406356607,-3.185665730129979,-1.50339761502183,-14.010570581997001,6.399132745600995,-5.665734625290611,13.536019682201813,-0.47232324280340987,-1.1453905209687183,-5.987178756078944,8.270088576425572,-3.1042188362070653,-8.369381909754708,-6.0579570107431095,-5.809810192526191,11.438281963192818,4.764461459041513,3.150429437930559,7.954302838292503,-3.0266008908055775,-0.9644833288710444,-4.613739893240922,3.387451395633359,-2.487610036274512,0.466622343670086,6.781801167134292,0.6063303218945888,-4.567065105233276,-3.290615475617162,0.46416317014713776,-2.735273581798811,-6.116775124392009,2.4356754294311034,-1.1468831550695988,0.11602372937827464,-0.358941077539828,0.2287290127942942,0.29737418215573663,1.9405358532247081,-3.8160681218566457,-0.686130338250807,0.5886650428893763,-0.36950069314642964,5.705765277911629,-0.5892112609583363,-0.14528836665929548,-4.165891436704244,-3.8295803460762565,0.8887913159050909,-0.7755602895915849,0.2542160603526708,-0.16472297687596588,2.3846294528014935,-0.5644821457627539,0.3048071168579035,-1.5100723766717314,-1.1487010043004158,-0.4935983928113934,0.43672275723581727,-1.3886998439053744,-1.210839238847813,-1.8448025762952018,-1.1327068666468474,1.1543941387273995,-1.9982997541211351,1.2024136050848924,-0.40965753355416396,0.39768270611857837,-0.37016724699414133,-0.6518246698115024,0.5690107608790437,-0.48667120698961636,0.5796725488103045,-0.09573533369905779,-1.5017031315142215,0.8465506699517801,-1.1104801922665979,0.6844595459962096,-0.626172583707617,-0.3293771805537007,0.18713591066187535,0.25526672848730075,-0.5421577107471045,0.5015587967042257,-0.15883423266423594,-0.7400228740975716,1.1650208567266764,-0.5628793748324089,-0.9471191337607732,0.2053583219101327,0.31543978617538465,0.23883066556983237,0.15501043817830043,-0.011629650159876928,0.4482377562180365,1.3434155907702618,0.25589833177069543,-1.470082754725495,0.24017088072969478,-0.303391326887392,-0.03487586391032357,0.05101708741010564,-0.07975630573642863,-0.08264377771729482,0.5403332414947292,0.4026759415583968,-0.0642349577027692,0.5803821974345222,0.48592092420119715,0.4009235340280057,0.46127163340819727,-0.39104544300453725,0.3006821941154457,-0.30417260069462465,-0.44934491880616634,0.3967648519974104,-0.577453091279114,0.10113696064395768,0.38161737031913623,0.18678143859859112,0.2580708913419455,0.5931874546344301,-0.5253583615716462,0.20068793683718586,0.12018543839304684,-0.036937338173350126,-0.3814858993091633,0.3750861147850239,0.2782470992433163,0.16515778913802817,-0.0977218844458862,-0.20204279641991524,0.3270427193945025,0.27263756076065615,0.4364977622880686,0.10585704646384958,-0.046307260373537815,0.1878751955765109,-0.5394120363204731,-0.4115260647539413,-0.2704004204071342,0.08279065316682611,0.03405808266882494,-0.009474837604153635,-0.0958186436254818,-0.04379222618538802,-0.027853356089753235,-0.07316750055956027,-0.14551724644169667,-0.06481019765505734,-0.309393087071511,-0.26751592694496956,0.1529170428241397,-0.0005513488620563615,-0.047359053007125576,0.06616255472736136,0.11123275792665308,-0.17602742786314476,-0.03721565476718574,-0.0015078015407540407,-0.23858740507962609,-0.1618548276945797,0.018717630598268656,-0.09331769876745494,-0.01980946114589951,-0.1123732100731602,0.07754347429580097,0.007913062620112054,-0.02021273544561177,1.7862114330963695e-13
02ADL0031,-352.3861840351406,85.01465018231603,-27.564365167514094,-9.422165138702331,-18.579801293152354,-0.10666462330205878,-26.266887450985777,11.346370817949646,-12.790359814554586,19.374877406046352,9.662260343790031,0.7012682490862775,-4.048351123884569,-5.054540093656891,7.1083049248425585,-4.06136261059602,-1.3308233664840297,-5.739856733189135,16.29352072083888,1.0639400163891326,-5.906490856581781,2.5947026005876537,2.486297977597375,-0.2808719117261797,-8.538658801759654,-0.6172463499503588,-5.950005704748584,-1.0028670006359992,-3.317172176814766,0.16904153352669687,3.983404034176416,1.2719648322307116,-3.7188512154651123,0.17720068497074817,-2.7840383820411585,3.2367837419327197,-3.8483847732162273,-2.120730250495967,-1.9555436014374425,2.692409989968027,0.29724342817425853,-0.4132413554267664,1.6822232556273073,-1.7923734972646659,5.28781933479723,1.0063147747311456,0.6385090153321393,2.505711035173822,0.7762699018270198,-1.5802530576030749,5.495688990748644,1.2030350815289974,5.115403918178565,-0.8382401677096847,-0.9812427382087209,1.7091105905550419,-0.8329451411437305,-1.5425328581671782,-3.2900758770204006,-1.3339156023039143,0.03551179740806441,1.1642577088623336,-4.59121671311864,1.6274975837166585,-0.6121935449251679,0.6425333081573064,0.6008923226454034,1.3714961153493639,-5.1316573585798615,6.1044277671199065,-2.366769076204768,0.18636962410508714,-1.9196726033795917,-1.5074902834533677,1.0194810710238107,2.097601622560899,2.937059272674868,1.581375628635557,-0.3816497887371191,0.2955170704822586,-0.7058827596990357,1.3687123562972123,-1.036308970581516,0.1788861553258601,-0.6422457192480588,-0.8587784399010875,0.6035733624373286,-0.9123978299527996,-1.3680724751217426,1.9332463990894062,2.884994374597353,-0.9393445119321503,-1.5029685092140315,-0.12926081792782507,1.4707634365900983,1.355787859090936,2.2111514592679393,-2.8340944950539226,0.4276842408604033,-2.471504471930052,1.0614605848008116,-3.841610578314177,1.6735396412890677,3.102988658447204,1.9845632726823086,-0.18705136870047454,0.014123034768888511,2.3570523911372647,-2.0373524285946023,1.4035093172446018,-0.8852473749597617,-2.6956990877268177,0.5265123207600887,-1.6696690420214064,0.9519343060256048,-1.2024060741789349,1.3937653803204468,-1.0316665810747674,0.2895382008843872,-0.2565021097122768,-0.8812281219728519,-0.10602665199590076,1.1632116164989224,1.8096502617874777,2.3549241130668386,-2.1571341098167527,0.34010795332648724,1.4529178311682098,0.5328667914199136,0.26059153033475674,-1.311668280738366,-0.5549054154982525,-1.1911554291496427,-0.3229294314974992,2.1335151457874892,0.9443510447798077,-0.047428919669518614,-0.48469322846160173,0.42674964189805176,-0.7111443713528198,-2.0949008222996475,-1.051609157820315,0.1936945900298027,-1.89614644312894,-0.871138222966037,-0.21002661958992763,1.2723405531101224,0.6257929134690761,1.131814123812607,-1.275860977978672,-0.16776449926889447,0.03489866235320383,-0.04339076736589456,-0.11758581948454679,0.2132046807715814,1.529953999664516,0.6870193157252855,-1.1111605967994689,-0.8461378030897446,0.24531740211961506,1.3995346055197646,2.578922641041301,-0.490980931570704,-1.7041855974260527,0.8220337744614448,-0.17524580380160495,-0.8444183131138585,-0.5290558765169169,0.05887956568164954,-0.7500956749185671,0.0427740725272886,-0.9557515163745265,0.9847105439977414,0.6260361277450677,0.38562957661981145,-1.0915636572609,-0.4532954765450876,0.6513785573051876,-2.5097561214025594,-0.2752444502160526,-0.6149713606465774,1.5488974158186364,-0.0007776306814563195,1.007227900255177,0.49263813323715494,0.446480771230101,-0.37614506921487484,0.3100628860329581,-0.18437685473255785,0.34242638314589263,-0.7430360071221398,0.2918430317621135,0.21553283849737756,-0.00316235141733789,0.8823023347675176,1.7862114330963763e-13
02ADL0032,-345.4295227147412,-237.21175032001793,-75.66574321885635,50.197350359105855,25.433637722006765,3.64402782421225,11.144906986496347,-20.204220946504183,-51.41079381134238,18.72851442465474,-6.179316355169314,8.376356113338474,4.062586729531698,18.081915752114202,-4.932981759813823,-20.97517846819295,-4.184654143091895,1.7678445969347758,2.568862758282614,-10.142880736989042,8.625996406828149,8.438524073566475,-14.236607495925767,7.627837366084228,-1.4126923993536735,3.324423336231301,-2.128249437434789,3.1165466886094855,2.0485709484064736,3.9723873938115464,2.243093421119316,-0.30269330658501564,-1.5753236509635027,-1.2867492301283914,0.5163716430604582,-1.1537494886299942,4.026347033621129,-0.4866385452104676,2.289284520111457,1.9015798088475067,-1.231580782273567,1.1063168972813673,0.5478441879118265,3.7035281142370273,3.5198075912238234,-2.3969144358670054,3.2389609793922842,2.359491283442141,0.39481954590618357,-4.8996396594873435,3.0312288437718644,3.5842532954235797,-1.7123791966891113,2.7742404032893253,1.1273409863770076,0.9941317126972317,-1.3072551306938873,-3.887591785482633,0.6975714794134422,-0.568158386696622,0.6707988313138267,0.4036170585029774,6.607713657251947,2.2742507830764107,-1.1161641221860918,3.0830812425479786,-0.01985784909954734,2.1260345030010397,-2.4308965417856094,-0.1912662671521031,-1.219677425776392,0.0959911332471601,1.2717364311788142,-0.9889004883858548,1.633512053063581,1.0841647514607675,1.1193890080415865,0.67936810120423,0.8016635116186992,-3.537003074885521,4.246613444992252,-1.2845423794077429,-0.266966775531286,-2.0872331518722502,-0.6040751719782691,1.9494559186010312,1.4424179513601367,-1.3856735978178982,2.1565321124012753,0.9293312938623114,2.3357587928815895,-0.10792471173849671,-0.9378403462410794,0.5307616052615943,0.09542405087018903,0.4910025440373702,1.135296919941949,0.9338231971796298,-0.31385551439148,0.02701221014455386,1.406534079277009,2.1896045338495282,1.3437805293940794,-0.6223808759437968,0.5772284865749016,-0.9429916792607016,-3.129459008447914,0.4415236667882825,1.1033470516569899,1.3981921297769864,-2.085370549825785,-2.738624609205385,-1.7861569088380909,-1.8070855428872379,0.9436297767365547,1.3580989853769216,-0.5020723725415752,-0.023151422796422443,2.3714028821447837,-0.5554175437027483,-0.38815526784398846,-3.166262296458445,-0.8036571466993246,0.35548690470081334,1.96579370215106,0.5242468075911888,2.854710850149493,0.02860002161899394,-0.6748208065971202,-1.8453979982355442,-0.4142174006636058,0.6038960181194449,1.5442184204506695,0.3357138824987472,-0.6176479362058811,-0.7278890413824098,0.7580507557187895,-1.5432072293805885,0.07487071766322831,0.4327774611894458,0.22457274835087296,1.7359410693364696,1.5346279407579246,0.4856685799826323,0.5576974350364835,0.3959181563934264,-0.5759096530946795,1.3894343210106685,0.11034004222547955,-0.21214151031170123,0.9702158296582238,-0.42677921059125773,1.0203742117666592,-0.6075001298971944,-1.6230321969296897,-0.6724118148133015,0.6812501898958858,0.747187507017228,0.18018411141980684,0.22355233240674066,-1.8924655949251505,1.3269941727658714,0.38717778995049223,0.010485593435472595,-0.1805764402729057,0.7364462275631996,-0.07414530504465035,-0.1672237168784245,0.10584016709535295,-0.04885515105179339,0.31177151312738877,1.2728279263178126,0.09969182819161046,-0.6636655845445352,0.8197825664323607,1.0942460362739497,-0.6614072974014714,-1.4863215920231474,0.9162373050663798,0.2921164875576305,0.3634499235301831,-0.5684924557389633,0.035863537635226234,1.2702058804528875,0.2648206453056906,1.310723584924475,-1.1404544682361126,1.7057908119448901,-0.21781689121542444,0.07728525444490505,0.08967846026034576,-0.24139687079773164,0.17647701740448965,-0.15225579736439593,-0.2566894259006097,1.786211433096377e-13
02ADL0033,-320.9436781814829,31.482017112432388,47.433632845719785,21.64227992447545,20.78215646744807,-29.979704871018765,31.684167802143524,-6.633254401403203,21.008912557117284,-11.289662002421736,-2.9778071606550505,16.023262735571763,14.702166819454558,8.57358788817764,3.7979597947050685,-2.082441945847559,12.05620380194504,7.472868633307876,16.482932852658518,-2.7173501367474224,-2.583662363434611,-2.3818645345808145,-7.474230796437771,2.6927896692309052,-5.220770710404473,-2.0808197962655135,-0.39159714881036667,-3.2927733754815347,7.624839420242166,2.7844152947394867,-9.345507284127414,2.6575702650111936,8.765361451372808,4.588799251941599,-0.8605969338312723,-5.309395409870527,-3.105516453364313,-5.143900102343762,-1.474530457909868,1.095469030338633,-4.301434012043628,6.331389919408866,1.421778426101097,-2.3787393803680605,-2.716691508129603,-2.0407572817984123,6.415026139039338,-1.9245328718852082,-0.3195041300393809,4.577500586352573,0.773137761133142,-5.262269979312775,1.4962892075840155,2.271291743215665,-0.574497229119173,2.6732858974611347,-1.4507413679515755,-4.935527954204027,0.9135862177229105,0.8167308404312178,-3.9151834178852156,-1.2217887658185624,-0.7419246200790802,-0.1443963107434923,-2.1678026614638246,-5.199851749965627,3.709367982314778,-4.511789450114712,3.0185037575229012,-4.979102919980757,1.2021734516297073,-1.1956807702824008,-2.1480660028243586,-1.5575963895674412,0.023426578947082066,-2.3636152829579307,-2.1573944591124254,-0.6698295984714835,-3.451249927314792,3.5644958807279177,-0.8172414364692406,-1.0731857182950766,-0.017139556901020123,3.1705118362570963,1.5845998514821298,1.8636971499975439,-0.614172670940092,0.23107429589952802,-2.609277186455579,1.2455546130838084,0.31621954777769934,2.3366999959100463,1.270288610106777,1.0544374013788482,-1.1520726930569554,-1.5537789384204572,-0.28530612903048247,1.231293834152803,-5.749653210679442,0.8073561573854506,-1.7365067099327065,3.2036090871252627,-0.17438921853499245,0.26575691933260887,0.28425957075217323,0.9454654161606645,-1.1857489335043883,1.1623041803623313,1.3415217768079102,-1.3808518711325235,-4.048014157711342,-0.6252481774594831,1.124061011355034,0.7141515986989667,1.9540066477261142,-1.0116203571986544,-1.152238194601916,0.004447513864984918,-0.17510306491742147,0.511403595762989,-0.7178660194405263,-0.7457652350008893,0.25209431185969494,1.237374590729508,-0.6526314150418903,0.40741366163654924,-1.8112944006922944,0.41581492358707006,0.046556021938900155,-0.8552204470336967,-0.1993450527273408,0.41049329486894454,-1.1100810231382106,0.7626391361543976,0.38433334432740307,1.1051699210427626,2.0894804437314534,-0.3729260651828756,3.2274814641555083,0.6666777846730465,-1.114181406041726,0.5678513660806208,0.19455261990879608,0.6472695593306662,-1.7982599892566702,-0.2606432964168282,-0.5406892887211147,-0.23671209106805105,-0.6982285997218767,0.4832227183964452,-0.16076221097153495,-0.7754845281904527,0.821677388441423,-0.9154755725359017,-0.8677405792419771,0.0687960093994502,0.2015736325243219,0.010973156376707323,-0.17269738463303638,-0.5865214828992992,-0.2967435547194227,1.2413634363674821,-0.5161642614601006,-0.16323886342060795,0.263441446582131,-0.1783546811826603,-1.7203525138722884,0.14285902949746343,-0.07525265519293703,0.22938552136522783,-0.43587097149243614,-0.7283365325089463,1.1619777500681816,0.2701185950177097,-0.5266734042630367,0.8296144760033226,-0.20180225273333915,-0.4324928888940469,-1.3272735335382297,0.18697741918467028,-0.3192389520524276,0.466736138767345,0.15484683548834086,0.3539337047083278,0.439157373500922,0.12123929169503721,0.32454795234937545,0.8242609960901346,0.35685793341437444,0.5928782111809037,-0.36514475730648327,0.460399415137756,0.7364188155035686,0.24877435090000713,-0.04080757030645052,1.7862114330963748e-13
02ADL0035,-331.87580827171837,256.98414808905994,8.215511542989987,-24.643802477617893,11.697762676981863,1.5889741148014656,-7.705180646398939,5.670199936398704,21.15683311591555,12.76021247927621,4.660236914794948,-1.0619611172430787,-0.5230619960454641,6.18392068625439,7.3656696192615705,3.3480479813649198,-9.108782340059612,4.529567394942454,-1.4208136567829581,-3.5113214838868223,4.42178355451309,-3.470377170380514,-10.789999098242642,1.7468255865732925,1.2640555564289782,9.988992338222168,5.580869366997105,1.6477431048049378,1.125393604605273,3.997723971830684,-0.8003677533674982,0.24600249518121645,-1.8140990794513292,-5.5149624901331045,2.3907539042175325,-7.228953459493716,-1.1895326859399837,0.5928030844461691,4.035089965846884,-2.2603648166376855,-3.039758796984901,2.7067892061064285,2.8679756259112,-1.6252643062560723,-0.7137446058343531,-1.9981123264494336,-1.7411525388152098,0.09460762541436006,-1.855845435308841,-2.9709821860934134,3.3550708144637404,-2.7936361212493024,0.9366890081314723,-0.5968318217134215,-3.045453036086651,1.175094170339544,-1.0794516289787424,1.3381989734900286,1.9421274854252781,1.3942791943519512,-0.8448522385708988,-1.4847993055091344,-1.596567998077563,3.9210214054512,-1.963912084803711,-0.29947445384147264,-1.8140515220566664,1.9581946751652375,0.13817716315759576,-0.3470880709852309,-1.9480537333575314,-2.857850204782503,1.7437491707297932,0.20118174060493313,0.1110762393796375,-1.81251431196766,1.5091642468209605,0.30077083429505175,1.6234273364416505,0.9334991631038108,-0.90050975131272,0.004386945410270622,0.6500953620842602,2.1208135001369532,-1.249524477218015,2.6319209939797803,0.09844902778081577,0.58841865399102,-0.9461468468310971,-0.5168953814223001,1.0337463281746837,0.4732415248322219,-2.040734335614515,-0.23854137988751553,0.9613332263291305,-1.5405199327743453,-0.3801250777843395,-0.09497410844749031,0.4178509337055461,-1.0671913472952557,-0.7092312832621431,0.39444780669189916,3.1894505289250823,2.0065055332951323,2.425452743061608,0.7852797820456953,-1.466872348477485,1.4772343267782362,0.6016161889357945,-1.893192219410164,1.3227351571451567,-0.3077222612957214,-1.5585175788726224,-0.17212406633608282,-1.673786605803703,-0.07731548900819357,0.44122163920541535,1.195961745927207,1.150613889686093,-0.29877822809461974,1.8081839519662501,1.1986865618857498,-0.4994789732690015,1.3207763591402257,-0.7750264212539301,-0.6604634844189917,1.806817715633237,-0.8871954377723301,0.3230545921197988,2.4371657385744365,1.0939856414226707,-0.18751927312234412,0.5364981192369952,-0.20592480622777606,-0.07877405983223672,2.6235526230073583,2.9201475538022423,1.6293507737582595,2.599754991159046,-0.6779632227717618,0.0011374220439586793,0.5458376342144788,0.3437842797430425,-1.0049513702495403,0.24459171551193046,-0.24057645213758377,0.9678931869163693,1.675063089903253,0.30837019007337746,-1.8593089562809724,0.31330943106749715,1.22438967374828,0.532051778212112,-1.2675338091430548,0.23041154218363227,-0.0757566327654044,2.6679559963218322,1.3740724552633523,0.9394550373481112,-0.6378093595713824,-0.20965028352107706,-1.6052599707246245,0.053721807346687356,2.134303222531693,-0.915010761820509,0.246689524122038,0.5170702747124893,-0.09680281752930768,-0.5250091828920591,0.5909418625444716,0.7210809548104755,0.19428905755645196,-1.3540723438014761,0.8320150354833428,-1.5117015421817277,-0.15070230484587016,-1.852816122379468,2.3315416743446606,0.8545236335211994,-0.03254828107315498,0.8128905828546181,-0.8652649390421921,-0.406059121222692,0.18505226901859148,0.6384495375372236,-0.2056764922784298,-0.8473947782219309,-0.5603659890125605,-1.4341842277837749,-0.8187084803910485,0.19637067370183364,-0.1908698267945035,-0.8647266868741221,1.254673971060431,0.7132721835820129,1.786211433096384e-13
02ADL0037,-338.7289408935087,-62.96371455625229,-70.79289144011602,0.37534774077989513,43.2713664451147,-11.528061796480424,-6.609305908529079,12.760650802732338,-28.66106849408738,-5.062368101719997,11.150175444810223,-10.20547866346239,-1.5775199539690745,13.419031755622647,9.898945101122258,-0.6647767396911428,7.505700583163768,-5.98987969136007,4.92880079059998,-10.577013038216336,-2.122682916086047,-12.85740792483512,2.060106449344103,5.171233138219647,0.10140447740482839,1.1303428949893,-0.34858934212123244,-3.9449642038787336,-3.9003838225926604,-3.1540615165245334,9.198939825329763,-1.928250725160968,-2.090456505695658,0.02215825066340949,-1.099300421533728,-2.503564839267555,1.3613751611037128,-0.5747381185155388,-1.8450497666387462,-0.06622616081451582,0.8314106967196744,-3.4321304964133086,-0.6771776054255173,1.4480836245266404,-2.6137567289369135,3.5727909551057575,-3.308698251428173,-4.552226157671633,-2.508141260966579,1.8747409094183825,-3.745715725479801,3.2390792662152132,-2.44382731706699,1.008711890587566,-3.43730555732102,-2.2516448033726255,1.4576064975295604,-2.2408021912901717,0.15797024759465877,-0.4167666441677396,-1.2218329636290244,0.440475004577006,-0.7085267695696762,3.144776094799645,-5.140469982752304,0.03789572224730326,-0.5162685339510612,-1.532750153016794,-3.221672255860636,0.7620433844167148,2.024424504721571,3.14372316562335,1.9273003991898512,-0.5471787613541955,2.690737019557608,-3.0921630227913184,1.4878871765580615,2.953755833115938,2.117015275478575,-0.5394962902261133,0.3035386226328008,1.5711007984954977,-0.30826402489090204,0.2812328365148201,0.4097433606296045,3.538062605353195,2.3833775907140273,-0.38412119929545147,2.7343409037189126,2.3034082269476253,-0.4709256049397105,-1.702447980601101,0.952439503684193,0.41127450987385045,0.5014731115619285,-0.24862925966234772,0.17184469375323047,-0.6336104833838502,-0.6877662806009012,0.2875430718413041,-2.063987615792723,0.9504334929007343,1.4013886016631523,-1.1948856762731386,0.662399189790718,2.669825114237872,0.7469493303152448,0.7770913990926602,1.0159503578780646,0.3389849794421665,-1.7398940251843746,0.8382769329723209,0.2557987258038328,-0.9590546285468556,-0.7673285663354885,-0.7070663493191319,0.9894685128437651,0.5305313223014684,-1.5382803817399162,-0.4067411778835093,-1.768897064439071,1.0879814520836564,-1.4003630382815166,-0.08411596355520005,-2.4766614065135815,0.6516924508874973,-2.0163626626788127,-0.5107121353862307,2.033214848792913,0.45876216871236447,0.2580535311412332,1.2371846134402968,2.404397990531735,-0.40807259941702123,-1.3346911394634946,0.5138142234856348,-1.205198970123522,1.5705927434709896,-0.5541401615855553,1.108150638372938,-0.07504315575831819,-1.0939814167309052,1.5441265820495642,1.214563625509976,-0.2599468811908542,-0.5021917345785993,-0.5750809723310126,-0.8234549477099261,-0.11834660821808517,0.7331689145881115,0.7306217036697678,-1.0122118339454933,-0.14256767462727452,0.26888581754653623,0.9447288886436515,0.5303921670407512,0.9922379758026737,-1.3177012714048373,-1.681260379549768,-0.6060870821114758,-0.7430223592864609,1.5633370185449211,0.895939852507894,1.8919927140768291,-1.1954960120987792,-2.1865704959066696,0.40343369514908306,-1.2040688503617714,1.6000293526689946,1.6848738425561216,0.5465491299288977,-0.2990895534549692,-0.3621942963566713,0.9486225147859301,-0.028368954164213613,-1.2814702957933408,-0.7985644625725604,-0.39039626499982405,-0.49858251492904493,-1.2459380136602092,0.20644644590001296,0.8889312415705818,0.7670684163707592,-0.566858737143126,0.5512415315683806,-0.48807354331269137,-0.0015692274676290955,-0.2355301302359374,-1.615278968351256,2.3217852002001584,-0.3750396411182565,-0.8084925779013826,-0.24687458230927783,-0.7092097585885275,-0.5114328642789864,1.7862114330964045e-13
02ADL0038,-319.4600371886756,21.190279778181658,19.967464049717137,-18.413459944995154,8.977032527637352,-41.0069325555601,-9.789795509785812,15.65566489228974,-11.456412824149368,-6.952370789691848,-3.880953249362324,7.927941177392591,-4.201320007379515,16.385086300156708,-5.796284854550288,6.014295739438395,1.95473220604838,-0.2648345795721312,-4.845581755017376,-4.297694542530697,2.8914429253964737,5.9503685143751,-14.334050841929647,5.791461313567626,3.2706181016003417,-2.458933044827583,0.8424817720345208,0.9967945921897962,2.0963219442532424,6.988167302488631,-3.4152560812861466,0.4405560888251496,3.346563861278066,1.7154274706659982,-2.2520869840436637,0.45321071158449633,-2.2213581584804563,-3.480740933545652,-0.7245289432341921,-0.5202576807058616,1.2150308979186533,0.37660457967327854,-2.317625204897675,2.31638598852365,3.201996204617933,3.3116692357723143,2.585446857232048,1.2273955198458546,0.8906015331033841,0.7795994486244489,-0.5066399828172008,0.057986441862009915,-0.42217229277779805,-1.1565633020971595,-2.5144749809153195,0.3719953049248276,-1.0535575388815184,-2.5416055069060066,0.6213669155483597,-1.5851029390759388,-2.7252771445094655,2.551897899686439,-6.255328630211668,-0.1740400009643487,0.8057950056197514,1.9012365009914318,-0.433387354831572,-1.7908347225733625,-3.769018678838705,0.8523391230985067,-0.114498940985788,4.133459540174547,-0.2916581081518826,0.9886852061471637,-1.2771098661092597,5.17060072316568,-0.20021535051364178,-2.0985545355133506,0.14798427613770407,2.096291594942523,-4.233549256828558,2.0337263284363845,0.25899831052414657,-3.3782392182155334,3.465654632505337,0.5793703205558696,0.4717621668745346,1.4821719444394506,-2.243659848090908,1.3457896202770792,-1.0287357576569336,-2.3942419711970206,3.0199330659333756,-3.5686997716746007,0.5668050879925915,0.7171368701237566,-0.14244603426540794,-2.340388102247182,0.5623778361791965,-2.155391551495973,0.08796342336211882,-1.939290341523537,0.958576677948477,1.743657640231882,1.8430689783389749,-3.3469283028105377,0.8187303581815151,-1.233874181823079,-1.9081495303520488,-1.5827552781117427,1.4053231450757895,1.962129238919574,-0.6021954015381795,0.4382126367376383,-0.8189278264132036,1.6829740928745107,-1.8340948471259464,2.009881673789867,2.1475452819235636,-0.3352927187044944,0.8129681161967169,-1.7596762435150715,0.9573034822070721,0.301680975700547,-0.8500802859950571,0.21572272048706903,-0.3475707062295784,0.8816282302783649,-0.0469859439689224,0.000911736886237223,-0.3429933356448545,0.05197178194447621,1.1980387212425774,0.4237484107301911,1.9370551588344127,-1.0331074299509437,0.16124852779965815,0.36824523542093407,0.11905383574672028,1.5787888043506806,-0.17068039219496392,0.7215167444034931,-0.6721968953536549,-1.4489111343445742,-1.5895431474032486,1.662174906941415,0.06321231534244322,-0.5821890130201066,-0.9944250027809705,0.35841514821811116,0.9986473202228221,-0.467490889329601,-0.5734470379032915,-1.8092170529246896,-0.059605948847359216,-2.518839857474719,-1.6084084652088895,0.24646927838356256,0.221070904016276,1.3653261750579457,-0.723867775168846,-0.05662739179096468,0.45902215149357106,2.3185371825080283,1.7702076948519672,-0.8976088756242953,0.6821662550469483,0.01576250881932006,0.6963612496166339,-0.19004847083949752,0.35663470470717706,-0.24211688563324404,-0.7358769482173928,0.7035398802507533,-0.7006201649675219,2.012870952945186,-0.2556310966022477,0.07598390842529212,0.4590592320611247,1.0674958063692863,0.7985760368444554,1.4364469807661642,0.7320097133571002,-0.842288074278336,0.25236802101854655,-0.1112849538797547,0.1633908563586038,0.34120284646245835,0.6081580616182874,1.1524704270905453,0.943509373204567,-0.556502230035139,-0.6117595354127653,-0.5507979068013241,-0.4531627841247726,1.7862114330963778e-13
02ADL0043,-348.9311263077107,83.15107657490685,86.5197483355671,30.442434194114902,-4.550773342286403,-7.5942810169204815,33.04311712426741,20.86505832777176,9.274975519650887,8.168490786209844,-1.297017782742642,0.26551849451146753,-7.8441255360700985,-4.24049747973962,-5.707572946871599,-0.6477114048946497,11.428157739520069,13.364186768040192,-1.8564481069678118,-3.7763637383571678,5.783872254998295,2.3947769792824922,-3.874763176021779,-1.4153405709217854,-9.813128629896054,18.748361082268296,5.278186595612725,-6.43171362607949,-6.711695190584292,4.474538752953319,2.6109137502973083,-9.18258418042022,-0.3672125873935847,0.17225974580960252,4.245624514262446,3.623654991614799,-0.9944404351349168,5.021774399212071,4.100409951891363,2.47871535758047,-1.1836247760091587,-6.5913116206733315,-1.9300559097784422,-2.303995113435747,0.6097073951749272,-4.147752313851945,1.3009016696759974,2.161756101907935,-0.6349638978390296,6.3346919247667355,5.295617140787437,-2.418509096429071,-1.776324619842379,-0.772950716480035,-5.26803728770276,0.385116945648858,0.1628206847075504,-2.382299721086273,9.484778846746517,1.2984787508201452,-5.325211091850409,4.814664667215758,4.428637847775532,-2.793071996084986,-1.2009084317883572,-2.413004399098215,-5.593489680552695,2.260900296291354,-1.91813205249758,2.3188661263882437,0.6564169774275976,0.8885166552368334,-1.476096828390387,-3.456392959315856,1.9256815557567626,3.0937723836067597,-1.2905489868273898,-1.0954422572991385,0.20747116442173466,1.1896019979194317,3.0458758121892107,-3.680481831671538,1.5021535685095706,-0.45058063383880986,-1.556822251344847,-1.5917440630739499,1.0798728520260903,0.16361022291055868,-2.25655429929745,1.1182944923931502,-2.0157844305251524,0.3504568718125186,-1.8321682986070602,-0.376536762065938,1.7943691946351283,1.6192112864261634,-0.019788601956579444,2.079891324083741,2.1731100548086872,0.9345321509335546,-1.5661413295050253,0.18288119245970266,-0.5343811485428043,1.9257537885634861,3.3532324376089564,0.10911862202651244,0.7518036789845822,2.130270298684825,2.060806261725761,-1.9606229450480397,1.4597484624052233,0.6161914017910048,0.7097531225396062,-0.7069719444448889,-0.5759286669445188,-0.6650405461355176,2.088927135660521,-1.1138320869715008,1.5299404508075622,0.4209421011818159,0.09381146831375264,-1.2393234829806385,-1.5763594416100473,-1.0180593597904857,-0.03255189102845597,-0.6858717975535029,-0.7579299404909553,1.2230251486725547,0.013414834507292262,0.9919088593073626,1.2972992478213876,0.1732843144360205,-1.3432568586655342,0.09736315095704642,-1.76555212747021,0.13103448975921878,0.09395300929715666,-0.45815778508147187,-0.9150005839243801,-0.4603896624519301,-0.8661506152907421,-1.0790043166667074,-1.3530967428094591,-0.31918233372333005,0.6583458979160812,-2.295657632569873,-1.2601225831346117,-0.5042113980860286,-0.5979155187473013,0.8154912002017675,-0.419255435200585,-0.17823285077812942,-1.0472138804964604,-0.14019127332478876,0.8886676904897692,-0.40752229345649066,-1.4281319962132635,1.0202265117656462,-1.4415309744253977,0.45250706697537074,-0.560828167993019,-0.36518623686706525,0.9923338334479388,-0.9316225977082679,-0.16461067366917903,0.1850973726693655,-0.1821096771300593,-0.07723747914622384,0.4503582210558828,0.13515445582572747,0.4657183060295597,-0.186224341157586,-0.15768388477651357,-0.027911218090666164,0.03064289655211587,0.3106218149390444,0.3756122574793113,-1.1499071111100276,-0.4935813540071677,-0.22296874309842374,0.1760374981555306,-0.10535247898426682,0.10633535061299852,0.27555173927451754,-0.14495238080108241,0.006315954293609746,0.520098834745475,-0.06486838254710373,0.13190969702693484,0.46788639939727766,0.1936708706695514,0.6727572457763867,0.22003890320689376,-0.7799368591426207,0.05992321129298,1.7862114330963886e-13
02ADL0044,-301.6639103935341,-57.96815840176742,-8.597116178080883,16.727812404468484,59.03542884592725,-52.70428297687693,25.37687811765341,9.909876854952842,11.188848584083924,-31.610762247430937,19.50628740790053,-13.852107507834234,24.494750064955184,18.585080849446452,-3.8618689881658286,1.6706111173690599,-5.458282544662775,-2.296566093363767,-0.395645433874002,-4.795908058971764,-1.2667286249895537,-1.8874076026767834,0.9324203375072531,7.3720992372307474,4.183456610577917,4.173374316225357,4.117920839929856,-1.70268288303132,1.0039436727937605,0.6207683898266441,-3.357765282260556,-5.128700670755335,-3.597957499471222,1.1254304249032914,3.0075453796087164,0.8174315139397393,-1.4143445054761037,-1.1037746827150707,-0.3883380895356805,-3.5397892628462464,-0.3713773679895664,-5.623018679424412,-3.1546693221472357,0.12789016504767908,-2.1441350048127825,6.735706317894121,1.6508491211826388,-0.9173890225864555,-2.2510392904129053,0.8054956344429269,-2.202164730140573,0.599811388953424,-1.8086164485971963,1.154747318109775,-2.7210683631441435,1.6661321320893279,2.075360854908853,0.051306544062465514,-0.7868956002050606,-1.9561185967362416,2.6625939077540526,-0.8843999793473205,-1.9259379659216675,1.1988981177214004,1.4424965869490225,-0.6410241355936811,0.2123433757961438,-0.4283799695878043,0.8951719931317984,1.50093042861618,2.1806484757919704,2.191739424938666,2.5269645240869174,0.9163291061398569,0.3456868669775868,0.38771892862855317,0.3620400008996317,-1.7498890638239817,-0.32124209693626365,-2.1446408204366008,1.926264318852836,-1.34148572907693,-0.3790908837758124,0.38472310718833774,1.7481294120699178,0.45327075577189463,-1.3273111553104777,-1.11541008205586,2.088797810781763,2.6866359231484,-2.1380452723868966,2.2173342562792704,0.34204297402236594,-1.6746441644387546,-1.0091280527737019,-0.3349445204395547,-0.6228528887415749,-0.08076311981014428,0.2869344155531242,-0.2362547263794496,-1.7469861243779325,-1.7499863107355376,-1.5364513615966278,-0.77409805606734,-1.1800752911765824,0.37129009149955244,-1.549192711193334,1.782872755298497,-1.3474441093741858,-0.09251222948396715,1.2849476149664212,-1.8534799858413116,0.4897014122389314,1.5571785031956147,0.542254995834469,-0.6616017051778916,-0.535541247655862,-0.09031395891097574,1.3873718201328087,-0.7825688007839872,-0.45025875139522104,0.27490313099787334,-2.2017018485212025,0.08625940207564128,1.0782515417655447,1.1001613580546097,-0.34861562623855696,1.9540429847258856,-0.6451134849149596,0.21774024281551058,-1.3125692548987138,-0.47233538988572427,0.828131849782922,0.5399433213801709,1.5955604989862375,0.24558628090733528,-1.0335276398624176,0.5088528899347053,0.4073464742555474,-0.2841978415148952,0.6599557268717158,1.1477182131279329,0.1886100177905221,0.7799644097384641,1.4981434714670392,0.9016905252532246,-1.6058747497132442,0.1808347485499336,-0.09126808178835949,-1.0297181935516326,0.7434681750160126,0.44982570077779427,-0.731966547906407,-0.8522389036397621,-0.1759469703027365,-1.403607091755366,-0.5030267454971888,1.2712714943946268,-0.2257965633826132,-1.4835977858739975,-0.59263031211063,0.039462955484439094,0.22665438782432845,0.07854251545082087,-0.6272228194134178,1.4527444809431789,-0.7244085904946505,0.009132720580729429,-1.024776981297523,-0.5038330229049357,-1.6103155820746675,-0.6219218967623731,0.30629415029346524,1.203129267822772,0.586732887794195,-1.5607988225937546,0.39524951596099017,0.8207159477875529,-0.6126078154802893,0.3542511520699232,-1.761369299907299,-0.38047480146872265,-0.9580059441418229,0.769715825096618,1.1381902784572075,-0.6604582707328053,0.5636792075246133,-0.34808139250782427,0.30860101121370537,-0.797973087011109,1.1965552598695077,0.5701175052665185,-0.41879226581054363,-1.6785274639280614,3.8819078496966015,1.7862114330964485e-13
02ADL0045,-322.2492078902463,-8.998680687653708,-29.109712482006692,19.850161099347687,29.590712516924086,-21.397481998327482,32.2626344532807,-4.9371004762347654,25.592092003301644,15.513990590665728,-10.92574683716893,-3.3264097697504327,-3.4632973354221295,-1.1210361674921452,15.24311832271528,5.3851301924032615,7.47452662855407,0.5458773294439931,-4.299924565462486,-1.2234460066341781,6.231911989082918,-7.957060468860365,-7.940427359667961,-4.227910935759876,8.624637948605816,-2.2958723917884596,-5.9206044945149285,-0.6436301633104973,5.243496728217588,6.188008593448647,3.0595880799739232,5.717350935105842,2.8124149310075377,-1.621650309146733,0.5011732364895078,-2.126914691582242,-6.718925374291565,5.690408445268045,0.4052200085774987,-3.1035287504182243,-2.541054856061799,4.4279286107054485,-3.7571187083379027,-0.6628882100079921,-8.231951287695638,-1.8885056516057444,-4.609505324387364,4.199364050289783,0.8163838969797869,1.1416945545758597,-2.4374274220689873,-0.6386584625975551,3.933261486235123,-1.294001863632437,-0.94438175739129,-4.898225477639322,-0.4720912345119201,2.5351402124973803,0.5127911957326851,-0.07901112675777022,-1.747414001372477,-0.45259730389352637,2.003856949971996,5.300322523322335,-5.905528094260771,-1.0563112308832614,-3.2409429023394107,1.6338179954201253,-0.059302416603974145,-0.369818103149346,1.415798409281061,0.2386920331391645,-1.555445503690604,-1.7199875325936895,3.2021399467213856,-0.4032182346120945,0.7939654726614854,2.479900798068291,-0.7477705285196165,-1.59098661175478,-1.1062840781032337,1.5560048967327083,1.4905438964977702,0.804133395134456,1.0375180873864018,-2.826421905347404,-1.6187508394776458,1.9318131492423245,-4.310338118717443,2.729061107582018,1.7230967465754503,-1.476253259024415,1.7116759141210396,-1.3069479122979393,-0.8046646092010299,-2.1573062799223526,-2.6519293343020895,-1.3940282033610827,0.68226160166045,-2.226082873713273,-0.1649111735493781,0.5572771803775459,-0.60658366559393,-0.7451731238781484,-1.4623985084618125,-1.9950518774595376,-0.5507588887479714,-2.725748511783801,0.06486595438939613,-0.054494849184539985,-0.37037663560612516,0.44996160088346204,1.5984099187118568,-0.8814203606718655,-0.13761763369405972,-1.4734010527694068,-0.5991367775504733,0.29118759711139347,0.5126850713107818,1.183628454473761,1.3892482581451169,-1.1370694431917778,-1.0086096542450191,0.13113043011557102,1.4504572819217505,-0.0975348848905117,1.1882320623765097,-1.0025174980362344,-0.4339162707931037,-0.9764562851783515,-1.5303820131228467,-1.9291860330955148,-2.5472309025706026,-0.5569953863900535,0.8689244209095536,-0.42115377830237516,-0.5433687266519113,-0.9477837896786445,-0.8322352560020235,-1.9027925823677863,0.9496796056921581,-0.14049193452220599,-0.40181941504744906,-1.2438628623124544,2.266069956852538,-0.4525218016849224,1.6930977501878266,0.3986979554167801,0.7955417524461683,-1.3495080634449883,0.5554291726205381,-2.685390678891422,1.3671363579841374,0.2344663367241172,-0.6736173490881655,-0.4332446162075346,0.45107854561445926,0.1613353009504593,-1.2243155863201116,-0.9687729815485717,0.11767462410639712,0.45841697960959976,-0.4839661341263222,-1.3975888556178748,-0.3297009373764074,0.6057391340179554,1.653318740629276,0.21019086284206615,0.7190966926956002,1.4401758170794703,-1.441771085109731,-0.3170949832768988,-0.9414957632186474,0.8455359951662537,0.6720178431471523,-0.035496697128600346,0.29323600022408847,-1.2919575656138065,0.9537827003886818,-1.0404002767857756,-0.6107004585068577,0.284066635516412,0.05044179799283548,-0.7235552142700123,1.703933912447788,0.07728679061967922,0.49871840020363384,-0.41546791656133003,0.3278259775715593,0.025396846097975198,0.15368149265363412,-0.3342310587234074,0.1449332274727984,-0.5313279707909869,-0.2553444166764708,1.7862114330963778e-13
02ADL0046,-345.7722528241537,-49.23543437057072,31.550308536195022,178.96899430291407,52.365209254263405,27.951631633384608,20.09126846162985,-33.703970507406225,-26.042102670209097,-35.25044382194909,16.508585687422798,-20.72701884214116,-0.06980853143756965,5.066755950840598,10.259165747064557,19.027178559587984,-18.42940900390612,5.646688086705664,2.7241721145821547,5.440211849199484,-2.8339945494111816,-1.0903087954414088,-8.220424156041366,0.5219343738898844,-19.758971950777653,-0.5741698755653757,-13.312163586493837,0.16917789429495178,1.471973290917442,-5.226918829186026,-1.0208684703615876,6.679199437465872,9.582593961851767,-0.6239328971773416,3.110952943443594,0.9099149215183723,3.0867998159140773,13.062790177967607,3.412630472085716,0.438589028963389,3.819392866580907,5.394951190464185,1.3825640315563503,-0.4220714867227063,-1.4011377710138382,1.7861102324276845,1.6661930740941178,-1.8593448185266908,-4.370377527458493,-1.7437786856433455,-3.4669347614846244,-5.364271385401825,2.1250113263836785,-7.727707569795021,2.785385050289346,1.8622956520522376,-2.7610994521693972,5.248425207455773,-3.9443386545770296,-6.260247274932517,-0.5749322792168097,3.09149108357886,-2.78178335374484,1.4879751958673273,-1.3507819857221621,1.2012438059364097,-0.4026282332540917,3.5170105287696964,0.5378538329928477,2.388093145247965,3.626757429215331,1.1065957084545353,-1.4249972741320178,4.095983865326055,0.3848973089601205,-0.12655652156588376,0.19019097053560638,0.15888299791495036,1.1474189308805443,3.0617573772636866,-1.7397641084413085,-1.1243015934495968,-1.1128132225843397,-0.3717066028416294,-0.10744524480580286,-1.3467699495487442,2.6794297643063647,-1.5402163386347194,2.8528051077358954,-2.898572783011676,0.6917823593606133,-0.685823717773166,0.8680101062633502,0.12040098883568515,0.08102720047504972,1.8905772403070067,0.8045709077497946,2.9676908600855887,1.6337459923433357,0.3681254534508881,-2.321410582203298,-0.687695711270729,0.8079236386907468,-0.6436929112531335,2.1862524264019867,-2.232937363490274,1.04751941192225,1.349419249046942,1.4337491467077916,-0.8365844118125585,-2.0988103299137553,-0.6087346917390468,-0.4529650133975982,-0.26534966413606775,1.3488052264052817,-0.7845514845432715,-0.7998432361001057,1.067310536015985,0.04358457871293319,-0.20452585781261823,0.9408200472208527,-0.38324183675646517,0.4013669112199546,-1.054658527593964,-0.15223694803328003,-0.7703490394328502,0.33600124909591705,0.28407057583472844,0.12748558336334803,-0.4706442962292134,-0.8590918499850078,0.5868112398306402,-0.5415287883185881,-0.042388316614687734,-1.1052152007769136,0.41847451233704863,0.3198211902505871,-0.9580578173918487,0.1367971248861622,-0.24989537648036753,-0.02296636148384877,1.0203581326778126,-0.4656352581612861,1.0110405449471271,1.2626353151768164,-0.07993431311333687,-0.02514202775226751,-0.911860302480771,0.8019165019496952,0.23095314898987657,-0.49503804805375007,0.9048017107565836,-0.7495688089984217,-0.29194132884467555,-0.0837347832414732,-0.969098562478886,-0.23141266163753993,-0.7330819747295862,0.10410458995939877,0.046398649829154176,0.3140823621988394,-0.1908855935514424,-0.45624236977660415,0.49465133527665195,0.04337328864500025,0.5375054517013744,-0.15401173260987888,0.009733935334863431,-0.08923140688942724,0.3667214496821539,-0.24521405280406247,-0.6546770340567959,-0.2602970108724983,0.18235666673558412,-0.09174549283183389,-0.25404809402808465,-0.41829523162324,-0.21298141820759015,-0.3250239773411992,0.08246135840550305,-0.05608483033906128,-0.04492327784179898,0.05314913855700742,-0.43461260370657956,-0.41766322941393685,-0.22542598750615706,-0.1526016725772061,-0.4068758573330798,-0.5061069462686201,-0.24964509379338548,0.17809033011630393,0.13633465896930397,-0.1331203203602993,0.020529198459709144,-0.34065878270438504,1.786211433096397e-13
02ADL0047,-320.6026492720985,-26.754591776615488,-34.84036484023937,-4.813100214111657,9.905390537084363,-18.406335635668622,35.003813754360195,9.498659685276344,56.27430333912379,4.516070981510531,10.896566523427726,-9.644012835070118,-0.8908113123042957,-17.075173711080772,-0.6057135093447719,7.528312273510894,0.6837425477372684,-4.54672266809263,-8.42523208854344,3.2281690729188424,1.2766967292043712,-6.949595738526908,0.6456104643204649,2.623229356761029,9.4035549483769,4.991184526064156,-6.126425604497187,-5.356425914629131,-5.789144298056036,-7.6921963467654475,5.543169531953015,1.7039665144682252,1.728055398489658,-3.1014518432062115,-3.6771869782035234,2.2110930519226106,0.2880414625159209,3.163019656214964,1.4545944404644398,-0.7224392660619071,-1.9377324256439907,-1.1150540677218077,-6.843693090178726,-0.7854345664388058,-1.4088812435095797,-2.7143824170751834,4.882588067503536,-1.442196421094521,-0.778150721424705,-1.478423715939691,0.4207302528579125,-0.3074487549918488,0.8093537723018812,-3.5109108930905246,0.8791365160360585,7.604261326268201,-0.36573074757960594,-3.0970598081025025,-0.852514820170171,-0.14680560558240882,1.6214099375860145,3.5596499782698148,2.009024174045623,1.1137541634250625,-1.7621325743057343,3.524191484398459,5.190052227926578,-4.139068973219363,1.550485762121968,-5.820891948751341,0.8430219179911723,0.7330358369369107,0.4975749000838267,-0.27015071441113164,-4.052103821339628,-1.27449919202908,-2.2824889141393476,1.3392166420764056,-0.01711344804725965,-2.5186465745733653,0.7127875982092045,-0.5391954619825492,2.311185811077572,2.2498306407916018,0.504343239884212,0.527049576067049,0.2648976233798251,-3.5087994088429664,-1.2913836705988113,-0.17389140589041255,1.7734588451448328,-1.8942074073532553,-2.160282909814887,1.9702102850674126,1.912482103216804,1.8947051452512234,-1.1913725677474136,2.5462290913125156,-1.3697590738199932,-0.7612129024024897,-2.5572969820689067,-1.376055120423946,0.6296807489335894,0.3567622604811736,1.2974266568310922,-0.8101032924994805,-0.48692693797353037,-0.48068578421156627,-0.7678005261111711,0.4880267006900048,-0.34740208403185313,1.6765930441378698,-0.5019769077209121,0.36523275448772285,-1.7767330243799313,2.333166168617156,1.0224560341292925,-0.16004951707782752,2.15323763425694,-1.8142634038106333,-2.1418798548748654,-0.9932635066002427,-0.3091626896544761,0.36139474284233614,-1.9424498173136644,-0.9830987768922217,0.9503937531319129,-0.702437004407675,1.2185804299810647,0.6303790782499892,-0.8541896925015532,-0.33122724392131814,-1.95938258853124,-0.6242584684149697,0.8149539184142173,-0.9113968569861172,-1.8072577285648332,-0.3060965572224498,-0.8353429563006669,-0.16566848501539758,1.5715312281053742,0.9060329088722361,0.7647679364910295,-1.4179346606068073,-2.179480094631099,0.7599825756103298,0.9226044268829068,-0.5452917535691583,-0.49041360588218785,0.4233479914263537,1.1382800481950732,-0.8664639806296054,-0.3920318699074935,-1.1504815827007404,-0.5801808011605745,-1.1370955396334106,0.8626388315950893,-0.8192870749486149,0.19815165839305998,0.7921366936043067,0.26418983884404745,-0.01570608704146147,-0.6189300116076497,-1.6165952776194037,0.5131050697358337,0.24740723993621938,0.1359281203652145,0.42286796067931454,-0.6745812477139567,0.33189998136415333,1.8843552520434266,-0.1430500143303033,-0.6129211839464687,-0.7209193883650789,-0.051178127169786335,0.5846225181070678,1.40179148931962,0.7913279787933907,-0.7654636507184188,-1.1213865738863507,-0.33524981283405486,-0.4790967788541873,-0.07930391450881344,1.4501267220626732,-0.987042400162334,-0.30614523210417616,-1.070596788468155,-0.9713545188589258,-1.2468577400605068,0.16275255327936297,0.5412133198884621,-0.3457285650918735,-0.12900587836245628,-0.7340151427578631,0.30735550123609323,1.7862114330963594e-13
02ADL0048,-324.17366541085715,-36.115075729102365,61.57627152219695,66.66074577780897,4.303628765822729,-9.004266176934982,-16.186216693168312,14.578778228887543,54.73600019926498,-19.67200492719298,27.573183358787684,1.1405302844513427,7.333687233973943,-7.33385417701939,8.299477627338808,-4.709678940469304,-10.185435264579429,-7.4856072074922855,-1.4686693062060636,-8.62901380185889,4.749465226676237,-6.792341243350529,-0.1251440421109704,10.296292381520233,8.393782418600791,-1.2834613494960256,3.9748604860015564,-5.394311213138471,-0.6780279481965676,6.591307969526372,-0.0198044455586267,0.11059473085159435,-4.636099901115234,2.410893133503421,-1.8367970864622458,3.3492207639715805,2.089590638282631,-2.729745453002295,3.2167430152880696,5.299667436578095,4.143970425568238,-3.9951947232178187,-4.725505899770423,6.47786580538959,-0.5509833551730182,0.9406790830891388,4.212109798079768,2.5961978649692563,-7.636659427420735,-7.451350646765937,-1.7451004049889434,1.5721779830369673,2.4348684870869537,8.611446684553341,-0.13282886719385917,2.9927031939698936,-3.460952181737386,2.423756143463137,2.895353032221004,0.4151314608930516,-1.5790436585491292,-3.790364160490442,6.110810954298665,-0.3074578708996906,0.07186154212779022,2.9368159224749046,0.21144642389964252,3.8614580036698984,-4.991077107849826,-2.5380532556129003,0.37991656586873757,0.8609429217323654,-3.31205826011702,2.88801980067442,-1.418872204854409,-1.4112429322331914,0.31986428170218706,-2.044878649760742,1.0087973081082868,2.5516089794530217,-3.1984648323186122,-0.7009826618951464,-3.6714275640143956,0.5770995790532496,1.6477046475518702,-2.4028020785092012,0.6663600361444803,3.005335796004134,-0.688634676892125,0.7335848513108095,-0.29376022526591683,1.5244376119133263,1.7602145798767106,1.7345656848239954,-0.4461974595660676,0.2746757622088093,-0.6004913830769988,-0.684543687227947,1.2455470623847813,0.2667745372330016,2.017473823560314,-0.5335170882941841,-0.8293754925524902,0.12328809689725283,1.8189769426566371,-1.3808062661589358,2.1134738832555056,-2.671673011147157,-0.4486111375815108,-0.7682088518658574,-2.03031399443113,0.369588486050986,0.8235686799267464,1.5455247623300803,-0.32652759932943076,-0.8961600950210253,0.5578113185496536,-2.980728046263304,-1.8746814128806046,-1.1265461834436301,-0.39614399218655605,0.0795992850318026,0.48232674955685445,0.4549699114509697,-2.4507726997361425,0.9767389623719143,2.507036231659971,0.2811727516384875,1.0840121140256078,-1.1203357438087092,1.5749287214050443,-0.610066170819532,-1.0578528658610376,1.4674751683747718,-0.13869621325186218,-0.09131427938446615,1.8068708432890106,1.4184990275015588,-1.4677270212969342,-1.2643405924878537,0.14358308008869572,0.39854879982064395,0.031579811268617634,0.26868126559674715,0.054530402671044795,-0.41407316101501107,0.8494322190312099,-0.42804408713958575,-0.17208719416898377,-0.4990400351796266,-0.9558160743948424,-0.051759103122109594,-0.529131443818415,0.6506755104001234,0.5393370914361377,1.0127083971231483,0.8463619417766005,-0.14641894785712042,1.0924648182742858,0.937579091357221,-0.44271364813877767,0.4058208954185047,-0.07567436945891241,0.6405026466533765,-0.9999846393426239,-0.10904296119120753,-1.3714714776680796,-0.3027650981587346,-0.0867754909002701,-0.8536765047481363,-0.4684779835082605,-0.3173113797852191,0.06442347550455522,0.12001791868004935,-0.5625860442803521,-0.44373602997693695,-0.443949509740546,-0.45670413617362654,-0.10497924131528281,0.0023014631350852647,0.6505516279602905,0.8048715304096544,0.6994121004587174,0.885926879242872,0.1771672717588029,0.38908565251515564,0.36935904977460565,-0.12444274941215365,0.07634500402871913,-0.5584348969300995,-0.6832808376195861,0.128437053622802,0.18784850692525087,-0.7032239265565037,0.02889624233736682,1.786211433096383e-13
02ADL0049,-332.8025253516121,92.54277319319885,38.7168260843819,11.61664535627089,-27.989178747251504,4.644392046887456,-38.11621995353319,11.486685745106215,28.99450104980644,17.70220726184066,-2.370033608833663,2.6873828588683333,-6.404080837177397,-10.368616707627563,-1.5957907285048627,11.571289960683487,0.25273303435935723,-2.73147967442579,-1.0922288562856273,9.111806740944468,14.998320307039856,-8.221850365983824,-5.0939856973887165,-1.0726078383332132,6.228447622960055,1.1031527804441483,-4.07585484257373,12.429407676891444,4.947085240252374,-2.0236453050114775,2.6405284052618208,-2.781558424777192,0.6764541888306966,9.769645836503006,-11.152202302202097,7.09111739341727,-0.9334339748977503,-3.398970734563767,1.9157657297375363,-7.225663743009058,0.9829338639394168,0.8406723782693153,-8.063788042451955,-1.847572724819651,-2.5862151757311596,-0.9634903495010506,-2.318044952447931,5.418664781759209,2.71217358334588,0.07949959154566985,2.4648526377003805,0.33466453670929897,-1.2179898590974703,4.029332337235321,3.454598733364868,0.06956548260207542,1.613120949642624,-2.9369587904336707,0.736697743487634,-1.455824455765686,-1.6787725431447047,-0.21304630063587118,-2.1948648987517605,-0.32028475791539396,3.143144771683301,-0.8911131827921519,-0.16454060517371866,-1.241838103332564,-5.261545461946079,-1.9513636651244148,-2.781122943881558,0.19360060800840542,2.671052322592949,2.4775778893479647,1.6642810561689174,3.059685848226474,-1.282603863512692,1.1241896709861192,2.1057568297338203,0.9252042879652556,-0.6209317904564856,1.4038701602603507,-1.741547953370001,0.9603579611202168,-2.3334798410009743,-1.9287750132962913,-0.1639487851810466,2.0207433615343113,0.225515371263927,-3.004400670270606,0.7003824590561042,1.5211963038145875,1.267412081241537,0.9424133981740316,-0.7470976045549671,0.09784738501167307,1.1081464926249347,1.5513807154345447,1.7862816496617664,3.078893966827489,-1.9176242981776925,1.289950017925594,-3.3363720473560203,-2.0504169475454193,-1.8871959107992466,-1.4353401962225971,0.44259879287274945,3.608693795330155,0.6445132545064022,-0.29537219913743284,-0.34471316494883275,1.144036759349081,-1.7158762722471348,-0.023220915064090963,1.8266429376567288,0.6499511371844057,0.8447961946151166,0.9094332466889078,0.6618518741999044,0.4647235345728828,0.2323027126443529,-0.8405189274548538,0.7018189445013675,-0.23557525715196007,1.8445364182482438,1.3193575373814448,-0.6389494114359642,-0.6371935985051107,0.698698996033269,-1.4622945071284266,-0.33665192864282195,-0.18224912242370916,1.2860800019406704,1.0143539339625847,-2.110493535204312,-2.2677165964389783,-0.13871574297043096,0.4511869907120204,1.2524835475055984,-0.5727144625776888,-0.6846622958354425,0.5027666861764165,-0.029547548384764626,0.0696859343690074,-1.4381677436917295,-1.6686773218233144,-1.0770074822366185,-0.10419246769516696,2.1658864376277998,-0.8579129466029037,1.4047540908369416,0.2956872960330568,0.2221092530073915,-0.26457329048589173,-0.07492096321277687,0.6351021714826557,0.16062319517668852,-0.554878908464037,-2.2763190746682973,0.04023867343274089,-0.46347381747365185,-0.04717861748675864,-0.9908833454998364,0.6442098759969263,-0.23561066299542108,0.20261839873059903,-0.01865922184198143,-0.2709541556974147,0.1106225599913655,0.4168602438521522,-0.7179265063676784,-1.8433611726923846,-0.7296636143306148,-0.17314055059236422,1.066029958626944,0.032226797651391526,-1.1294902011998864,0.9105600841343784,-0.6328428452737402,-0.4192641297431457,0.10633698808915303,0.016861277950019526,-1.097748315411376,0.4067870571222183,-0.30680892705630186,-0.9017303272403192,-0.6116377147213603,0.6643840070012681,-0.869867202566269,-0.3210440975004854,0.5590047753554577,-0.5224674587947714,-0.31991535206872396,0.14703276320042558,0.08553709405978484,1.7862114330963902e-13
02ADL0050,-332.42547149638847,16.298596514292363,11.387177778939986,-9.533361021445488,4.922676596601411,-10.94118970337162,-48.165791409112735,-8.04811157712614,13.403755715545639,9.21083462018497,1.9436091135063465,7.479696769515908,10.902951128800773,-9.228437938185184,-0.08586774066078391,-2.361801885589525,1.1703607640494587,-5.313576268391104,4.82608655327663,0.5213586726253363,2.227791088228248,1.4456038699113485,2.900099024689791,4.618725394347073,2.6257916956875307,-2.6959344508337852,-0.43813103944838505,-1.93265508456353,-0.46885860494928033,-6.226629037553176,-3.2337932010097474,-2.8582808788720384,-7.182689319441741,1.177048071673403,0.018420283828724047,2.3658229227315406,5.432634819203494,3.4192784928321243,3.3112791909300063,0.6217724671860008,-0.1958020994868884,-4.154860742100139,1.1002798464646528,-5.188751713966315,1.1238390784886467,0.9116757949833212,-3.538084112041539,4.020315160545184,-0.4871991156280374,-2.2028752801260576,-1.9358964845165292,0.8878448581402217,-1.224866894035049,-3.146513497844898,0.9258935416175398,-0.5332913366501957,1.478768378556197,0.007533576368045298,-2.6841614190453225,-1.8207220020924886,0.12613890974510822,0.9864261958651039,-1.7308227045881817,2.677501618444336,1.811215973767181,0.17488112982318818,-0.6855255454573578,1.7790568730081875,4.094833310223253,-0.8724050409159119,-2.0980250298649583,-1.1101418620756418,-0.4666643949663784,1.0929723192550083,-1.7715798412182975,-1.1791159807801301,-1.2696458452163213,0.3221735482848319,-0.16393592271067728,-0.9204889166499736,3.3782547048779317,0.5133268764770896,-1.0252877228915473,1.4811657061698598,4.412911992404786,0.21494533171076438,0.15131029835916668,-1.9098438561485098,1.221186949784511,2.113436635331311,0.4265249945248266,2.058952849880608,-2.756338129056487,-1.3955844427599462,0.3926295887379828,1.939361400277468,-0.6027930220824178,-0.3931971063763105,0.33800416437152986,0.39002803182936646,0.4916493108176346,2.098537627678,0.30837762523590245,0.4715649741449815,0.9476615455807798,1.4926171874730132,1.8713509422220873,-1.532977865397499,-1.023666614709096,0.04124629324490582,-2.225785718333732,2.141632489785133,-0.6414231143742092,0.3578125202728398,0.004150012653339949,-2.534648034236898,-1.0486598750341063,0.351239596713391,2.3592767422500804,0.21068756642962613,1.0521110859868077,-0.3115627012814807,0.36928570851968284,-0.9416191632939431,-1.4376413554578527,-0.5392842425464328,-0.8047310512448964,-3.1777937865987966,0.3386505214558435,0.5928497535804236,0.72630015376105,-1.5391615001208985,-0.35724526252646055,1.5916200748476232,-1.6523900184681406,0.20691438989978808,0.23401538143966777,1.0708941364919768,-0.6113058390417191,0.9630030776704145,-1.1521993434064883,-0.27324816738111546,-0.4794909915469937,-0.020510665683279874,0.5219373058351638,-0.1075327196022338,1.3320719493780644,0.3036865498435092,0.9843873794142114,-0.19870596884161965,1.8875518476138675,-0.5267245587023875,-1.1838289849098593,-2.211329646234867,-0.8522943000358145,0.6459563756876311,-1.0082827198346715,0.6505045306773519,-1.148897413206229,0.7913113737750833,1.021425689427475,1.758025188912801,0.6231776044496247,-0.28524338284970197,0.6410265241740398,-0.7445850638266861,0.05366876456622867,-0.5352299443829817,-0.5113123161310615,-1.9782372747474128,-0.09212747868180567,-0.9826722723859286,-1.0555991100027102,-2.1178642044104277,-1.794053888023694,0.40926369873968205,-1.860158552396339,-2.2059138883346825,1.2991765290114923,0.4360633400210735,-2.101396566075505,0.03207762750836013,-1.2960368029156544,-1.0270698489425798,0.7797922935148696,0.33202677349991944,0.47827654857573415,0.21001909411292607,0.2283542668914792,1.003823578677423,0.6444348789971006,1.3451511539983152,0.2493278493045588,1.242293212758248,0.428648829705604,1.7862114330963518e-13
02ADL0051,-343.3327901118575,-6.040037768274462,-53.187278981570195,16.232560947524764,-17.7157843697517,33.28013033228153,-28.209282899067194,-1.0957138590887385,-27.333144898981235,8.876487392041023,-24.06099783766774,-0.6283319530745651,4.8489621663871585,1.9355835064379254,8.602196062860527,-0.9298139266585077,-1.5711324171587593,7.620980883387468,-7.936190559653167,-4.292444763570136,18.449258932649194,-4.998646525830637,11.699536203641628,-1.2712329513602367,-2.987450425266966,10.905497125723356,5.333322750373242,5.047640788359945,3.3773567387538623,3.1243273167281504,8.14463295292129,-10.427141886529057,-1.3198565492584318,-0.7889171247045162,2.9798358350312912,2.774510747960612,1.6091492589850223,5.231198540096884,-3.40812131769712,3.233680562970491,-4.5896250549868,-1.0617657351763117,-6.6047008029536585,-2.0456638380609875,0.7154603161805531,4.982969317109695,-4.100086200842039,0.5987193824772753,-0.9654774712406802,-2.9695563366202653,4.222096634956579,1.4650201944984522,0.18832074956345235,1.2075653954457457,3.5212838059512652,3.145579551284278,-0.5938027296216047,-3.466926090805068,-3.6488538151817513,0.6030780666737575,1.3438308627787772,3.8732923658347667,-0.6841409312627172,0.15373696379314922,0.6670748407314054,-1.0314263157941401,0.30202297574822806,1.2454142140941336,-1.5591711977810707,3.8435869707509376,1.7702810138522478,1.950017963060631,-5.198696081989555,-0.044741441804329415,-3.2228533537788175,-0.6356174252171206,-2.7737453198989908,0.9954983236490474,-0.6237879287850533,0.4004208744838647,0.9965798130145128,-0.6255134723095233,-1.412240900392084,-0.2537863777970166,0.2268663078543288,1.7116324971809902,-1.3637623375112118,-0.494975675882486,-0.17892404881534282,-0.8746487513228056,0.03830734616379215,-1.0826721115643798,-0.1663145563614041,0.3399626087124108,1.3336366032165599,-1.6850114582212903,-3.87966878795569,1.0261554335204797,0.5434766690180599,1.6586814115820319,-1.6613325797831462,1.6738412184399065,0.7744935146992614,0.011237489792439935,0.1537898967995048,-0.6841616017977271,1.5048026388589633,-0.6419258403870347,-1.1891945458631632,-0.1348475242276965,-1.7604106811775562,-0.7147874114642349,-0.28737300767731094,-1.2822618325262798,1.8318647360750864,0.19939516889948314,-2.1155916686829457,-0.1491152777967439,-2.9266771927879422,0.7558462779425598,1.4843710203082465,-0.20137962179546082,-0.37988223944164656,1.2840560895506754,0.18556724256889454,1.7595408194660462,0.2323973509881746,1.197431116929777,-0.1684342543105371,-0.4458060255316309,0.6679598856236812,-1.6082715370070306,0.7087970638206563,0.8217932085635861,1.1607122691798344,0.5741468381782558,-0.6162910496054796,0.15379313359535002,-0.4585584479708033,0.8907533965453642,0.6518091379941003,0.7595796323025569,-2.745373747527882,0.9386193727225384,-2.0691495843141525,-0.08568970389348571,0.9584170547871312,1.377881534235636,-1.7585109672328645,1.9024320445857603,0.7276784015468661,-0.9732522904852039,1.601230719736799,0.37700658018520816,0.7672904938722795,-0.7608401354824298,0.801366089144621,-2.128144711912459,0.39122285271468915,-1.6916751229561946,1.0913427728067173,-0.30969407974113117,0.3175906534349808,0.5932046612641865,0.5150968555394471,-0.09879537799987001,0.6976939327660666,0.37296762652958204,0.37296998281943416,0.7392134267977504,0.7283564519556188,-0.16203995143665847,-0.4792350478176545,0.4038507232282231,-0.850600737553594,0.06714653856550158,0.8631527738350785,1.041498638298684,-0.3460312560652779,1.4168011382413506,-0.8465383690729582,-0.8908737164779293,0.35548433254275386,0.7493627334942384,1.4826134456203839,-0.4453300146897172,0.8273413104883452,0.1061085361031764,0.5763318301153645,-1.0254028481715565,-0.3022909093633605,0.7717067630237571,0.650845048895422,0.9072831990626176,-0.0943819767123004,1.7862114330963594e-13
02ADL0052,-324.28373100456827,75.22122379624788,-32.28215201546753,-35.34608189026145,17.474812771072695,-28.130014549192524,11.504587769429298,9.28408662365007,44.851769871922194,8.250705427358703,-0.07381998420879354,-6.098510136548929,11.825934843770524,7.091983225841634,14.083237540895897,6.585808871841595,-4.251645565423497,-4.707868105849585,-1.7942053967528178,-0.8245760387524071,0.9505192916334323,5.306530284716594,1.4624062770462478,4.51692913016175,-2.631657053809549,11.895902306297561,10.945201031780568,-1.7499355471003073,8.14161509628655,-1.2336325526152123,-5.316206554821363,-7.691640187382603,2.645919566382246,-2.8624959810496837,-4.349971245462388,0.9227421607100139,4.251604975398708,0.3460112354906787,3.609588247906826,0.11766975933968975,-3.5695754876657153,-0.6510149500438718,-5.388824334732515,1.3876779350306088,0.762502841528872,-0.9398614466254464,2.0555723841383067,-1.239046397000534,-2.024728848433628,-2.203343058556248,0.7511710638617487,0.543988915435854,-2.139674923215086,1.4992422467567503,-3.0140698175141702,1.112701088825904,2.0148495557646515,1.1735344458565367,-0.0005933287589313843,-0.9704596735148077,4.2432983939446745,2.58833853613519,-3.552153347177067,-0.31693057309532024,2.341826397683737,-1.0766518090747337,-0.7990464242592299,-0.15488419322711386,-0.29965463499867817,-0.4103155585281918,-0.3085405124695128,1.296572230841561,-0.3171076130990529,-0.4921076920063279,-0.5318402072107083,1.1774665616441429,-0.1809424493727943,-3.064205812450124,0.4327618256845735,1.0345550605589793,3.6276447458941448,-0.6303793902571676,2.687814742752731,0.5758610948602754,-2.586309565363596,0.2753934710235834,-1.3597390826157925,-1.8124351201360753,0.4512305442872927,-3.4917764881206037,-2.2232451641592856,-1.0297536974685844,-0.25539992744637796,-0.3903940338115254,0.33201422779812545,-1.703162342208267,1.0454000894997448,-2.371824187154612,0.7184595782013388,0.213360785362501,-1.1871109721096147,-0.6725373465822374,-0.3190696558444914,1.3175005092834229,-1.1656580612638967,-2.784991182082685,-1.4415581293357933,0.14184460238552773,-1.3541123451687211,-2.2803143170876656,-2.652287350600382,-0.15456643447180068,3.1374419967623064,-0.7388911002083829,0.7225290458354874,-0.9185035231682119,-2.242139902827313,0.9123763145956129,-2.783243354872709,0.6839687566874497,1.24211363886472,-0.2647206125176621,-0.09662128535597131,-2.047683128031669,0.281115946273944,-0.03177258618644108,-0.5128669947238105,-1.3323451125661372,1.0101929839825754,0.5809501237625887,-2.2363966065850165,-0.07667737866950532,-0.04661298988248202,-1.957876732101632,0.2469924474169425,1.0445071461284603,-0.05312213671456726,-0.17849643228077125,-1.5599993256013425,-1.0746905699473983,-0.5351808166827937,-0.3176378552706827,2.1711561428507333,1.8652155057538446,-1.0069211718919993,1.3439492762626795,1.7622883771283984,-1.380025636960039,0.37089418735805313,0.4394428275595953,-2.147803177007479,-0.1345621026188714,0.16796804849804986,-0.1646229152145349,-0.1273214026699968,1.1277949238579381,-0.8439478471803542,0.8012079569773822,-0.11087465337179107,-0.45803315275300616,-1.380529210854927,0.8897662672680081,-1.0303389205584115,-0.15554531177749803,1.7000706039274187,-0.219472345342526,0.08193309975504433,-0.7809292655871665,-0.052917097560339,-0.07016161323190577,-0.844784692104268,1.6002416890145272,-0.7193442175110153,-0.7377632848330107,1.7480004286046815,-0.7575401558600916,-0.5581897413335677,-0.7732574221951026,-0.1075568242802741,-0.19685844030234514,1.0392458430569103,-0.08435422122098338,-0.6783171950012662,-0.6231687454455798,-0.2998707839275519,2.3627464952319057,-0.6126773962740067,-0.9937169564900904,-0.2131481450410214,0.4352488674958266,-0.5522125465686497,-1.3257144174483761,0.055606564490303004,1.1266338816856094,-0.13448267220423155,1.7862114330963795e-13
02ADL0053,-344.9246534398799,13.4201625366,-6.874688084994469,-1.5534866508305747,-0.6372371328421291,4.709898769283848,9.760057257267896,10.844209957624328,-6.761129996019186,20.281919425819492,5.607934599138182,-3.691562742424921,18.650487614778083,2.279761613539057,1.9828583157516917,13.901465023355707,0.3107816259809166,3.501185538663735,16.48274251364888,-6.014014696649293,-1.4323096477567072,5.832353185729967,-4.643904380055708,3.9164361466591955,-5.76691540444705,1.0603809566618652,-1.025098777285661,4.6281968138093745,-0.0845420351905356,-1.1641746901272576,-5.451311858404491,-1.3346624625872845,-0.7329786753958388,1.4021929726748283,2.499138675158236,4.514623755490971,2.236617092509717,3.3015821379805774,-0.44484234952733126,-1.8400528157421896,0.10866247212238209,-0.20345701903762528,5.731851628926666,-1.5898526259430346,4.346500353764575,1.8456779305678122,1.1475007274630669,5.389397631471431,-2.4782588481375303,-0.19968257321169555,0.17964806780882273,2.9406226145669025,-4.235774650101406,2.397700800903374,2.6321633046114825,-4.9420869270226815,2.7437710716223576,-3.1468695550811203,-3.6395027892484784,0.3656774243736186,0.5233709651297846,-1.229921363203451,3.1818182062383755,1.6542338826926875,-1.1802341636526945,-1.3025226427112326,0.5617199251834741,0.4490528438554809,-0.7380523848241956,1.0805581280365775,0.5099500968700742,-0.5026209201606332,0.5751071339684366,-2.172262639675101,-1.21255489653628,-0.3109223503276138,0.32282195058663404,2.066547294185889,-1.9092799614529399,0.42554892125122357,-0.5720912098812959,1.1021505702976333,-1.3023178095447934,-0.9946922131654736,0.7190746310556582,1.4180588399055327,1.6150740166804953,0.9821327155827179,-1.2772147086376628,-2.061726616974966,0.0877070540826048,-0.2879250903885606,0.7601367991274903,1.4228415302646091,0.9381639837156052,-3.649578365396342,-0.31441819485586964,1.2118289900816548,0.5828065353983439,1.0720069267727597,0.06117848679808949,2.1983125901602456,-0.7538669741119461,-0.6774761750245323,-1.331098907643795,-0.6728930897884958,0.11480927986603892,-0.6436632108491027,0.4233901964924219,1.6712716986053138,0.1462322859196937,-1.7587444661901805,1.1553919464499627,0.5133135067011443,-1.8424116705049782,1.7401332913207348,1.5198576685873035,-1.538476098280704,0.8182075541117313,-1.243100602222146,1.2499828770572232,-0.916946435818227,-0.7590816207953544,-0.051949410909948666,-0.3378006663844506,-1.5881885656463128,0.09538299908973775,-0.3181759122744171,-1.6501179267952526,0.1380616268858205,-0.2520767781113035,-0.3602662441181893,-0.5317940834623146,0.5918325067059034,0.5352233442386884,-2.225226103573375,0.6070432398206643,0.6834032536381162,1.1318910293297804,-1.8066835359550104,-0.2479614692942088,0.3457527053481765,-0.7407650921812365,0.01729100110285638,-1.5676825101406988,-1.7571400017713765,0.524970745120411,-0.4370235199267722,0.1074708441549928,2.969158364916763,0.19003115766604603,-1.8559598387311411,-0.3336362568762257,-0.4754301610784922,1.0961727041371663,1.8260844018161027,0.12357809129810805,-0.23054320074671056,1.7093608683473047,-0.39350879082160906,0.5017093356277658,-0.172398992143047,1.4534286512570151,0.6261933480515373,0.47189609422916107,1.2049934412030554,0.5424158631305167,0.9339803315492652,-1.7963942686619834,-1.3009579600282362,-0.26819928630361684,-0.07272171556704796,-0.27127840304586276,1.733181216588281,-0.44958295636520906,-0.4797620115304119,0.6196777935910687,0.25815663567953867,-0.2546564613446244,-1.2812048097668343,-0.9754029784042231,0.3559771631607449,0.6613537612750453,-1.871479841408867,-1.9500352670409022,1.4273022795815264,-0.19535950784541772,-1.705421377647849,0.2438333559638393,0.8640026752914525,0.8530132400977373,-0.6329677320030043,-2.627765496149346,-0.31861211392624156,0.307442099637737,1.7862114330963806e-13
02ADL0055,-359.550198461975,43.63603126053588,23.543012030320444,-70.7230856579462,-1.608302554351945,1.4899257990704822,-2.9692047766541623,-27.583411642926325,4.38675477103413,30.08849970397008,34.98349107363467,-26.66895745394914,12.671451032613625,-2.471684111782768,4.1487677159734115,-6.478233592516385,-6.7187091109703,12.541505124016076,-12.858073264390528,6.5295136441847115,-2.163171424245545,-4.385354999650388,1.1983518028152895,-8.365084524879078,1.8038216150933435,-0.342166947086426,2.6915644634317006,-2.7235798563351015,4.172931282455907,6.792375630139218,6.130373155137326,-4.516156112299597,-1.2968316607217192,-0.7643244361232456,-5.8459013766941625,0.8698605993300754,0.5659320925671258,0.9402923434508357,-4.542647432338894,5.163638260248716,2.8638744344699942,-0.07825735672649697,-2.497761661108261,1.1617978045084532,1.087092611295768,-2.2014012144318986,-2.66133733232741,1.4261523581526747,3.293987194065001,-0.7668263199195157,3.3543384555492226,2.866552377325535,1.3001875049085876,-0.24595438112194984,-2.308382440941863,3.742536804218153,-1.4503883521060634,3.7914391011494937,-6.257930813695816,1.7227208801317908,0.608063953122534,-2.974217340533243,-3.0200938728098086,2.5342001033161465,2.300230812412969,-2.8551413538780874,-1.5113762031067806,0.9484103846877598,0.7412599181120814,-1.3093368065142317,-2.7019563074076407,1.75206196983257,1.6748084504291871,-0.3290644020098248,0.07177241711999896,-0.779509113166178,-3.049150892401398,-1.931712959352792,-0.5779263811786242,0.3656440393370621,-0.5799587837304279,2.501982491529329,1.8288341235184395,1.6988300561539225,-1.210969174130657,1.5995349485454116,0.46440834316981805,-3.8829770441710862,0.32147420306565805,-1.6647183126060858,1.671909263879295,1.4293358162586094,0.011918404431247635,-1.9515036974063311,0.08018877721055755,-0.516972951516637,-0.367062879028113,2.512632092330548,0.8845672206614092,-2.5548398224994395,-0.011392168925114078,-1.319974825041043,-0.11116733845354332,-1.2620891801674703,2.560869914465549,-0.8232818447596275,0.6201488030210288,-0.27140529329046403,-0.2699249994923801,-1.1641232905318297,0.010216249721101401,-2.8580099393835647,-0.5875382295379878,0.4016398193406349,1.0347043159855474,1.18298627918903,-0.8098272935145979,-0.9142866758500393,-0.3857291127697477,0.5022196091476193,0.19860821769569,-1.8824418301466135,-0.5230002668221068,2.1913925166163715,-2.175598836466583,0.09844590579050048,-0.5557489397192615,0.09774068936590867,-0.5027181163967199,-1.1156041829666432,0.31826617053432077,-0.16130559075962445,0.101408309418465,0.2812025503745693,-0.1339230022721318,0.2470160543264316,-0.5052057028056192,-0.09364851689945591,1.9392738605439748,0.8768839538865227,1.5824779661348212,-0.913507435676516,0.3749183752745216,0.5191345922765922,1.8170662884444848,-1.464017074437305,0.05316176680304801,0.43121399156012663,2.5931126879872086,0.6078085695227904,-1.0418778690555395,0.8577040369607805,0.844034170065194,2.083538618646266,-0.5166793641303851,0.5378955224909416,-0.14233605030227947,0.7422244934113906,-0.3220666953647947,-0.5756748266652304,-0.6830899394321074,-0.18263370650462726,-0.11619661217493606,-0.06781104951273753,-0.4225436137305213,-0.8402528732194209,-0.9924817988144131,-1.0002780619806515,-0.7557217747216788,0.09801985787431124,0.9676257481534982,0.1494318806577392,1.6850460147129949,-0.08506465823501516,-0.14769458944294545,1.9864015815297427,-0.7402021535689108,-1.3016501994244332,-0.04510070452846209,-0.5244918466307813,-0.19811313595349916,-0.40162633440967044,1.9545914878746866,-1.0484557665990415,-0.880000970945838,-0.6252716025392339,1.0008944092950076,-0.4568547966187773,1.0877781798881032,0.8751183270603679,1.451063887842444,-0.3942224889893681,-0.006282239167025291,-1.3427021814595261,0.2068878839784042,1.7862114330964056e-13
02ADL0056,-329.48529053217555,47.384816030898605,25.140027526386426,-7.0547715942272164,24.242262595479506,-15.167501467762344,-12.90116201893696,-12.768921054174092,-14.349786412606306,10.415637810596808,-3.318771116111882,-6.644743780567573,11.028938634794166,4.289678249295654,-9.167911931994167,8.45396619614064,5.56058963512991,-4.824461059793348,11.05923787972152,-4.771360799076006,-9.80923728536665,-7.528556643134118,1.068401383606527,0.33672896086114396,0.8955626633714586,-1.5736234809470016,-7.235244806572631,-2.2313092516775175,4.573701498116706,-2.337666096788218,-9.264584371177785,-1.6644816520719854,7.039964772338708,-4.304287512370938,0.5456537533374887,1.4123886964397696,0.8926458334661562,-0.4317595414534442,-3.428920153151871,-2.2896147917190266,0.9912553056155431,-5.0896848346186365,-0.2320008420002218,-3.4186298302528133,-0.5254121659023457,5.740210210346749,-4.096010468954519,1.3809342377716347,0.26399766896292337,-1.3507609930859314,-0.45192568144995454,0.7005612105173588,-3.1742003782047297,0.23777998897884192,0.10624806796371364,-1.2024877215339822,2.1882490516827917,2.6306185883259636,2.742273830613548,-1.932358147919277,0.11026685428584268,1.47595079934927,-0.8897710537966336,1.1336643246487594,1.2858985878170837,-2.6468683251481044,-1.0843534036030729,-2.0067337555523928,0.6838928895751717,0.19603240770954594,-3.552806966430716,-1.313757806666782,2.0312179584613705,-0.935741549632391,0.7187037900362457,0.10595278848405405,1.4245611647602663,-0.36357276091081436,0.05216890610927526,-1.6999119143509291,2.4922720920839607,-0.2554057731116825,-3.546606920352989,-1.5800281391977167,0.21035902576077523,-1.092347424694496,-2.336427479473739,-1.2416591168029245,-2.47413338345084,-1.657685430498133,-1.817246839070326,-0.6015775905763799,0.6380211526193365,-1.268137533498556,1.3334133666970607,-1.1476954940983795,0.5926510140177002,-1.2607061279457386,0.5785611654697874,-1.825485298312848,-0.77505753929785,-1.003109536460358,0.7076011745782023,1.9841894281445212,2.2075095478027844,-2.0685861617932146,-0.35439605472230673,-1.7853117749593317,1.130668143109394,-1.2583843143129678,-0.567604246826773,-0.3590610261752495,-0.31465069825311365,-0.7442477107671244,-0.17533351842573416,0.5722845218185671,2.337705176980899,-1.8665559553012376,-0.4536233280418089,1.4206271296367545,-0.5143222556730206,0.10397613179112844,0.6958805199107323,2.522910453186761,0.47598366450618945,1.766358076854298,0.5787513520460599,-0.4575029767355521,-1.4791749360592863,-0.9616568552934461,-1.1062046983602392,-0.8842056214318446,0.012162001483715833,0.8147302438286792,-0.09083095515208187,-0.951746368406787,-0.7465641725445017,2.805257940979066,0.957748630467653,0.1322913515251746,0.45070832464809707,0.44599796976459916,-0.6956401598973518,0.4040875253018893,0.7374495724940476,1.9333792867618829,-0.4310297100544936,-1.6594947641374453,-0.43435158196259877,0.18736261323310438,0.8799833077107733,0.5037443464383989,-0.23572094001540356,-0.2996240417670331,-1.7374885866272627,-0.4814962841814457,0.5010226878213977,0.5444046622634487,-0.37183063441531056,-0.47573876807552296,1.5946449550479995,0.4973174854820209,2.459232292736445,1.040689748488079,-1.4182310782413017,-0.6632804776818969,0.24721186158435554,-0.8402823752399199,0.37063631031172767,0.5464005316624015,-0.49257728553888536,-0.7243138800820191,1.1135927095319937,-1.2032622183312889,-0.26446002897385273,1.2245924607705971,0.8882364143366436,0.1884380287645736,-0.48622112591180594,-1.046617554122076,0.4626651821434955,-1.6442377674829425,-0.39518598285942447,0.8447695399760843,-1.5389251867819131,1.351654846514595,0.5663929250028329,-0.4925333209058491,-1.6274827279678985,-2.0210457705070066,-1.6424992066405064,0.5582482096756128,1.2018027514152259,-0.8904674910197525,-1.4999462055842936,1.7862114330963528e-13
02ADL0057,-347.7850082667499,-76.57590933052722,-48.263976143087596,-76.81508606006511,-5.690551504241377,0.5323882490423092,-2.630061941149934,4.574814611190031,-19.31521472393044,24.879273016800305,-19.793947075816533,18.86757165948665,-6.421521868464657,15.235223480813366,7.534204001767079,2.6535866273229,6.136732638906859,-0.28583131568086606,-3.446303425861229,-3.138482913973558,4.5904889612458435,-7.202818009083366,0.20798282780265212,4.554937452812214,-9.170426683813181,-2.6866322238004203,3.764312449743016,-6.086140667848199,-3.982338599427504,-12.191737450653505,2.6886562585328737,-3.597155872237157,2.7739259212588894,-0.35557125174811677,1.0254155796857902,5.578503974119454,5.335385057616578,-1.8072292625263893,-0.4830457820742627,-1.6053853996840752,0.017969399182916977,-1.3895241622752714,-3.0839058849884027,-4.17497967746362,0.536944610152692,-4.172312831939433,2.5083240019637905,7.270311783688509,-4.629888065098831,-0.7575271493427623,-3.299422871304339,3.9159812462874113,-2.2061545248581638,-5.882021203586618,2.264262458013822,3.9399108024235256,-0.704621330975173,-3.290332951344694,-0.41807795429405187,-0.07013064575197994,5.763137092776263,-2.1906289655642244,2.0734803866223874,0.8886986175618999,1.8015538052384676,1.49688105921959,-3.254465129350667,-7.52952835697771,0.6521113136223214,-2.4678128711931957,2.414366186370239,0.6095225978496664,-2.2902833021178672,-0.5609871912663886,-2.0785604716578243,1.9707142854572692,-0.26416021394595557,2.1127709797042216,0.22953082271213118,1.5191468532377579,-0.05432656400632974,-0.6391017259659147,0.9437601390970914,0.5164757686123279,0.5127567284423324,-2.305003527269919,0.1839975098305661,-1.1285209603175017,-3.1665213036869955,-1.055411536857395,0.5617838623642899,2.7548545024587936,2.6161189986608107,-1.5340970679287835,-1.8916512787328343,-1.4830934405067715,0.30607149522343335,0.16635441992849004,-0.0695939629312797,-2.6009002743255745,-0.5418434870025495,0.6076702200103116,2.484662144239004,-3.0189593411693054,0.6038115859678435,0.5319337777221483,0.5538426502850441,1.6381700830880446,-0.46454541110771147,-0.8594765277659341,-0.3861770381672191,-1.2134187009445796,1.204955274707155,2.538022285347103,-1.6497356294640835,-0.8856674300913914,-1.4028622541971443,-0.9215906753143654,0.31459383494044013,-1.411011728581854,-0.6952427237935097,1.0978352052639895,1.264940267862439,-0.5089095993699446,-0.35889679950164155,-0.6125579694016721,0.45216706708460286,0.3580796163211126,-1.5055446922538083,0.1406171230230757,0.23623271845597266,0.2801768647314837,0.31539847557771744,-0.2660689218721562,-1.5515339783947824,2.094636751937388,0.9687245613141561,-1.3005515884794214,-1.4133673803401423,-0.5271698147511452,0.4233868070929229,0.7696117523526161,-0.08014186640227201,-0.30434249156154347,0.9179242028678616,-0.23993758260525092,-2.359902750225392,0.21235753169978827,-0.05192606390127142,-2.8620729784839494,-0.8250163923766793,0.8109340131097369,-0.28980082621921294,1.4771530028592688,1.1367575097552105,-0.4261661595617541,0.6172212469724757,0.8517224654505092,-0.5301875844603774,-0.15239843504295786,1.648453368117328,-0.021620222564057257,1.4304772144418916,-0.41882644988760065,0.6430645663255038,-0.5045419550649969,0.8194700607528757,0.4925470290870691,0.04531032946251551,-0.7738059814176775,-0.3608981807436576,-0.67364299292475,-0.30367622049057863,1.1733295363973273,1.0056060610364597,0.3742927109404503,-1.0443585219405458,0.6414922120073915,0.1278695222617483,0.5636496993170937,-0.10550100383738681,0.9299582935913994,1.0041104617497028,-0.9075302036515365,-0.07285051027905284,0.21695459394887923,0.24093429462753843,1.1092858987623992,-0.6227921779530793,-1.2071787680720134,-0.5006985269474032,-0.32791680465383927,-0.013895331857714311,-0.14930350756303956,-0.5990737090061893,1.7862114330963823e-13
02ADL0058,-323.80225398268243,32.43982055894494,120.71396178881707,57.978118359893855,12.030178325932036,1.3420338945316435,-10.746134399730366,20.62552339871826,5.096445174174607,-11.274587579719913,6.907163946641476,18.269876257680668,14.189936544159531,1.9248819384353066,2.6555373906996267,-2.5568072996219193,2.0628986026064737,9.709515037828528,23.561531344400134,2.7411946671756446,0.17934430838910784,-3.7859106868281134,4.807056827838467,-2.354343894904153,-3.4377173351135557,4.660815557289333,5.705028093915378,-10.569254710222054,-4.241662069701851,-1.1812306327064568,5.681782715642311,3.3918184836292586,1.6186713955124006,-0.47443644909875493,1.1894866251598462,-5.215110398069245,-4.415503145183722,-5.530230693032682,8.056953046970783,4.446065539349845,-10.335262213964434,-8.159021282155186,-2.28643221087083,0.83356873136241,-0.5271983437391822,-4.10531371790836,2.068773080783818,2.353017981523301,3.4572069780398613,-0.5185390420577101,4.194234940267704,2.0557362633179226,3.386922453004605,5.496460743775267,6.682794090255938,-4.868280843535466,2.4936805589888413,2.265141361741945,0.057162298854686974,-2.936382117593943,-2.082324373119735,-1.1014480691603277,-1.7218384315440876,1.6870499643734456,3.6642268890887015,-1.4510627061678956,0.9983620737310592,-1.2985361313212478,6.499316680257993,0.2580359696279636,0.006209399895297538,3.1583422887689783,-2.7079518590439555,-1.8868787275994026,1.1960973035761853,0.690358946838379,0.8710315918806344,-1.2242182120978107,5.716289100937106,-0.05118878277526511,0.27763283789285537,-1.5140502985852622,0.6375146907056751,2.8694460258731738,-0.438726229687557,2.447371359924599,1.2381928846804124,-0.5831179553927986,-0.22042203377446828,-1.2172542860499975,1.4796963062912665,-2.5638080545332835,2.276670428146222,-2.036915523681023,1.236041460921702,1.9011169769718332,2.3178224452921596,0.7247248751017643,-2.0478692630582467,-1.0961011034074244,-2.3057075798602438,-3.1992632901469307,0.2901252594799031,-1.326362392737062,-1.7221982066348278,-0.6179806966702083,0.46467182752523534,0.16382404237788376,1.8016185239156317,3.2033531618314277,0.22353378420667672,0.33346915992193843,-3.5533474161985588,1.0608296441956426,0.21031315743408965,1.0112703610626939,-0.31429844944286994,-1.9627977938261074,-0.6072485660399399,0.10432250492586827,-0.2601562374553042,0.1347880182424543,1.1653784239101874,-1.1838106692279902,-0.35633166805101013,-0.5295701479752555,0.20108947608773656,-0.2923778411746008,-2.095387931471859,-1.6929185256133557,1.9089115471883422,0.37966106580489417,1.428091661895003,-0.8928214522260393,0.3377447862992873,-1.1597513784643356,-0.884306304179939,0.47982949431051436,0.1613277916417605,-0.3953941587501972,0.9909898101808502,-1.1720688007319449,-0.4288056345984292,0.37932002255074987,0.6564254608077241,1.3105854805303165,1.6695659449637765,0.44649356354836844,-0.34625698960990503,-1.0493811807518527,1.1929748692772122,-0.952311961928158,-0.07621441685277977,1.146717624136942,0.40806168244312535,-0.3665118633875091,-0.3410506728754861,0.22214467939064622,0.7958088848732014,-0.3510253267837014,0.2493605264190402,-0.5304510029780992,-0.35263145605873747,0.021669496701848964,0.8744109510872791,0.057877193921481114,0.8677528913122696,0.33668570436159573,0.4177755044108057,0.39969773646140777,-0.6540547719984929,0.3334854336375788,-0.4104484105191974,-0.45119772880233744,-0.06044463606840094,-0.32726573401201753,-0.6255873829255485,-0.1355470598266682,0.21429020298337148,0.5693396086454253,0.16225288429958887,0.24076047656628663,0.09187181374372884,-0.49498225189004286,0.1566740365285323,-0.09198841971903463,-0.30933763667396297,-0.04287718258458642,-0.1969750612587157,-0.1722067669282966,-0.14254976060734015,0.04271777396471004,-0.5253512246335725,-0.1684156361820614,0.033391094633784014,1.7862114330963957e-13
02ADL0059,-334.8599465696653,58.02751660351775,-102.21445727799782,23.684944093533954,-19.887281837059128,16.51370080892304,25.285360697870814,16.328915747511278,25.449395356408047,12.099351236845655,-7.83960790765477,-1.4437496169261166,-20.86755687302889,17.45127981101999,4.524066313839611,-7.819511761602094,-12.401970482195905,-0.8390309749150107,-0.3774011731470766,-2.8872706321707198,15.832497916849615,-3.974865167568231,6.683297896759054,-6.791470229653189,-2.0876545498175068,8.045881317253196,7.1702980407815735,-0.7699000645139996,0.23648159210804462,5.24874016547679,0.5909988635314543,-1.8071563794120913,-5.592643156533247,-0.42154506916301226,-0.035959013171257236,-9.280249137984667,2.393046605594125,-1.321555814255247,-2.36972693080375,1.1902179760944616,2.9187420186303905,-0.37756440954366915,-1.6110982920831884,0.7532497138321124,-1.0665236391481592,-3.8275296276903443,-1.7491187663782148,-3.296204527908417,-3.3415752512839174,-1.2713867127175107,2.3564563278903856,-3.905117690850719,-3.053762921839828,-0.5744087350245772,2.041573902592286,-1.3147746767532609,0.9899177921998845,-0.6597006395408186,-2.4491124355353664,0.6676091898622801,0.5233330220444132,0.4381279620080451,-0.9708024552339048,3.1840394008246,-0.7402863896020243,2.807919058542692,0.48871942927691214,1.2167910081406188,3.816771076426936,3.0332657726967014,-3.1862049354297937,-1.08242645060438,1.3476320083946334,-1.6916193862840638,0.8840123458924848,-2.7820776018296858,-5.319007919080086,3.177658376362658,-1.4919656351555548,0.5786306725138188,-4.436185607788026,-0.338615803698642,-2.080693910055223,1.3983329263311408,0.9504166601218599,-1.5269312071525132,-1.6611852215784062,-0.16635080661659202,1.2925782392773688,3.5101636623856645,-1.7229980902116748,1.0509289411075005,0.8478088150299757,0.8767032380320872,-0.7537829918432423,3.1385370507165793,4.173003352032642,-1.4758546478950347,1.94054129217923,-0.12144800538819263,-2.3503994510194626,-0.6733967615467145,-3.1274040931734945,-0.11157152802180867,-1.4596573340434469,-1.3246605548950212,0.47534723062714856,-2.6262945143566507,2.086719401995908,-1.6273915430562267,0.33257886606046366,-1.2829792670155593,-0.7765279175850747,3.1831254919786915,-2.0196486747682916,0.8127750285819866,2.363012150335817,1.5606910528182123,0.20267442970921018,0.7689771214996117,0.04269647854756741,-0.025139493511525002,3.6350731434476007,-0.9622098238835863,2.0959434887671007,-0.44797372540155406,-0.21186479400628166,0.6214276613398643,-0.5414884563271428,0.929264269737495,0.694683706943343,2.288257761962485,-1.7827401042303568,-2.3490386924988793,0.5427395583566951,-0.3295149395070062,0.9744509911628845,-0.22297070500419278,-0.6830668851648225,0.20871060002338426,0.9043472262865625,2.2086194983584857,0.9327468281481162,0.7256535274544955,-0.08762512821035497,0.12309897562656302,-0.8790078874860183,-0.5165838212680718,0.241790495276618,0.7481847829978207,0.7907140954113729,0.8763863004861897,0.7104636202824913,-0.8103033623171124,-0.3990373646722207,0.2618920638968034,-0.10341817504320695,-0.4135170758859363,0.10181855392685576,-0.2131614596853216,-0.11865970142509949,0.8197625332950408,0.3818869762189276,0.2642544120869967,0.16565805022181046,-0.04341673680795057,1.330396598408781,0.5481726526664987,1.1753313358585837,-0.38954944241761297,-0.056389993200733755,-0.2750924053156299,1.191370602113048,0.147325476929418,-0.8379432185853709,0.36188197719914544,-0.07312182300678981,-0.21437149706912303,-0.5696050151188562,0.011749535287832617,-1.0053552631377494,-0.04509978253915522,-0.07564667978299776,-0.03686953755189898,-1.2888886750069617,0.6917103751300618,1.0081502824374238,0.995002929420981,0.055010539192678676,0.5270182635118522,-0.5774992874623993,-0.4527817086768406,0.23352872558461435,-0.03213944889832599,0.3648854837825652,1.786211433096384e-13
02ADL0060,-355.4055099256031,32.095825161018865,-5.3062780528269125,-11.912374639156173,0.28368700111004197,7.841345222994271,-51.98554550122478,-15.967222381615034,-26.395383672173402,4.859657253004013,8.183377851749432,-11.353918321497423,0.14123462373849535,2.908977806491705,-11.123810028804671,0.8316678305207129,-10.036948972851402,-10.930957489369664,2.003494077559495,-0.42618312737149777,-8.003195747047014,-5.633530472260938,8.087248501360373,-0.3818600974723174,4.103909669438573,1.8900388703736148,1.4570863280798425,1.7495160873298512,-1.9896380114249792,-3.2532990579079515,-0.41117231734527554,-4.984071081703302,-3.7132158021572486,1.8697017025850424,0.3385561208047416,2.3982977831145362,3.86170143597006,4.216186553474979,-0.429928801757091,-4.206507975147524,0.3895850002711515,-2.047270191964948,-0.970977281299529,1.238111210052387,1.7644583455945118,1.3492793318624887,-1.8146466146502434,-1.0187600497324982,-3.5531641607925155,2.8328445661937383,1.2218098251164324,-0.48020159494927417,1.164678696694506,2.8410691982282663,0.9597700997097135,2.4042347932074217,3.5583525328940553,2.578915936414558,2.8216931089141184,-0.45185044857452555,2.238810928357913,1.9746894884036814,0.9561744011201873,1.3796846031173038,0.8634140482863498,2.0055755115131064,0.028617731057515056,-1.9049779074583875,3.634556517050338,0.5423522655813329,0.19526147858066958,-3.8139992616885636,-1.1931178649390628,3.4475275951747366,-0.1592315924603791,1.457726008702977,1.0196281755584724,-3.2492494247625743,0.9988554017787226,-1.0648213167626546,1.633766131893806,-0.9662100274454613,-1.7594989773504859,0.531952002621987,-0.8266325927475605,1.5342633972670632,-1.7119689452516742,0.6692463526397461,1.4182865155073872,3.8035764494070348,-1.4814680080197622,-1.778087519610469,2.5670000800175123,0.7399690279586018,1.4805224556514098,0.4691301623783685,-0.7111495079914507,4.492819774105032,0.7330755259767536,-0.13331219890664847,-1.0832708319073283,0.8466637819542989,0.5154606763240807,0.6058556890174402,0.6229898042210252,0.2525132850299671,-0.18377952215002766,-0.5063694078445683,-0.03158205779604086,-1.1259186888856223,-0.5089368790732323,0.039844477668904206,1.0056112611044166,1.713417739570066,2.0651559221161686,1.407558025528083,0.4519519086532252,-1.7545422271612274,3.4291422665747433,0.1516013792368872,0.7334395774849898,-1.0889384861541909,-0.7604913541143172,-0.2463368807632154,-0.9764542813662983,0.40735656633692785,-0.4993969390219564,0.49693501559837916,0.5600377340853208,-0.5957927012823675,-1.691852302308,-1.5178327078309262,-0.18789792667014094,-0.6187085589753133,1.3665757812658061,1.2552189897831894,1.3805516572937435,0.29665932816935286,1.6329665538378408,-1.7486230231752078,-1.2049448603988882,-0.7891982551863878,0.732522584990435,0.043896934494414494,0.0826108256219529,0.038844171160297127,-0.0602170452999531,1.2055694393814682,0.6927895523730717,-2.0198016945087285,0.7987281059189594,0.11365964044921081,0.7448878451681552,-0.9863358715762027,0.3277542651367801,-0.15870731323663964,-1.5133007449179792,-0.22215522699337048,0.06886414376535403,0.7111752899347026,-1.357598503489735,-0.6118752591255038,-0.7828268090604018,-1.4568218480640232,-2.00556710728689,0.0273492064658444,1.1212360063504476,1.3354047482418208,0.12104225675149226,1.0649361346273523,0.1431241839250717,0.21187761606576988,2.025678852298193,0.16505571521475995,-0.6648923259406458,0.04866620582111177,1.7168107494540077,0.13295683612568682,-0.47530604679830535,0.40918801854541803,0.12151621147200366,1.7851723473344068,-6.64080718580326e-05,-1.4903560533538283,0.5180332387095997,-0.7940708843942266,-0.40993556626238686,0.4673995137392733,1.3128848335962713,0.3107273812553256,-1.670774143311001,-1.902074742771436,-1.0226676635464345,1.197239965851276,-1.506266789304915,1.7862114330963573e-13
02ADL0062,-344.69954043675455,12.397813257709648,-5.978727409417939,-69.47409502581243,24.51198088194877,-3.6904455491087362,12.602575339674981,-18.9240141967031,-18.307775368386583,16.788443455401314,3.60292587242028,-10.420725766628859,9.190797632455448,11.914403965341554,8.231594663117098,5.742018744793957,-9.750263135898972,3.005738639382395,4.9635795878933395,-2.320640195462332,-6.492843905138621,-0.9926280905320197,1.074502560143704,-4.974714143505024,-5.00361184376023,1.3568764259384185,2.905717638328241,-1.6339056894478465,-0.29920705154934857,-3.245004821688944,-2.614959664820416,0.7330359141478707,1.637236530593036,-5.10844992753637,-0.6804784795772775,1.8267121054844944,-0.57174479973625,-5.9794884469217955,7.444634873244511,-2.5044552775873217,-0.43960792010508226,3.005455299520273,-0.5700414477377583,5.847183943987268,2.6265554481468563,-2.091144802336654,1.8822480545860973,-1.3892513030030764,-1.4078003296000228,-1.6990865862448505,0.5260868093278287,1.2011492492770166,-0.6356736550996906,0.789520282295141,0.48963828428775963,1.3445311081587217,-2.1800277688275895,-1.82411718546162,3.7329338432499393,0.2488971410539674,-1.287325633311541,-0.7651949989901804,0.03282551326434258,-1.032414422442002,1.5581233365669278,1.5519435300477251,-0.01498826899346385,0.19121676506579324,-1.8858770840991714,0.2933085531349732,-1.65035845151051,-0.4282704779375005,-2.035966642050657,3.3200149979536584,3.18931128129233,-0.23691937328776497,1.6927324568679978,2.083750264481909,-0.4965653480383663,1.3732936648674539,1.9104555190745802,-1.5432605044444678,1.8761202224337266,1.721753395550089,-3.120044243091356,0.7310001925734698,1.1323218700949942,1.413324981718371,0.912368970237246,1.5891870416315863,0.4779201007154767,0.3936589166806684,-0.13373540497441558,0.8493886652490943,-2.544525161798094,-1.4870561544670482,-0.5079432467585193,-0.8473715537080372,0.23725160285738267,-1.0974194433034168,1.3008356961884544,-2.567380772197259,-2.642953362765164,-1.1524108919506417,1.7291722190796244,2.817811534670758,0.09046117847031153,-2.3990319137728946,0.16091269261066174,2.112381613494485,-0.4282786984292016,1.2479152292222897,0.2835103099089963,0.9503510569523356,0.3849305242666578,1.1628609195583157,1.1503237433584506,2.0410225496058625,2.916993497146153,1.632908401354433,-0.425618381701529,1.1471345231990253,0.3707755593232405,1.3319340078230366,0.3573006592610778,2.32272239347278,0.6195147576228763,2.3707620619433944,0.379286175590732,2.1605589695146907,-1.42813376683824,0.0243477937014791,-1.2063551621345412,1.450221601160248,-2.972150984041293,0.7154564671486325,2.0025602312394595,-1.3504358879191851,-0.7606564805155175,0.9418652171919868,0.6246416814694276,0.5022402835763969,-1.223914860183809,-0.18415299233380322,-1.5058660543024032,1.0715475367089156,0.882651590144946,-0.5955399994336602,-0.5708371586097013,-0.9137038506698997,0.03161159075910123,-0.7641756411450119,1.290279728026732,0.4560792140236332,-1.0583977130977091,0.5357630002664135,-2.117418673243825,-1.3509780872819575,1.0335426726314312,-2.083854291600439,1.2592995747430327,0.48842431777117046,0.7964735524440385,0.7736007647898571,0.5470433264379035,0.8381951641752575,0.4194698011556756,-1.5850271389020882,1.286258315830139,0.4315841864275934,-0.7001185746121428,-0.7951094419671815,-0.44579931306083426,-2.1213376071539263,0.45348722868459795,-0.6829068073509912,0.34442884971600524,-0.272811654634886,-0.11055807632638731,0.26537654202544986,-1.1561303757174068,-0.5503353767110835,0.6629172477064703,0.02179863860422976,-0.7166462369836439,-1.6745713331157515,-0.4301531255917616,-1.9366920716587241,1.0679711994686096,0.01817824960496647,1.2134959839853805,-0.2330948821985641,-0.37902411454490703,0.2039790848812327,-0.5601640131726263,1.7862114330964e-13
02ADL0063,-347.44352281375046,35.80260594781719,-44.50844323906257,-34.72281016015882,-73.67537228797822,42.83732367949955,27.16664290782208,26.499316755624687,26.261999462118688,20.00937235772109,-20.916210961369206,24.626735736941768,-25.987225560698963,-1.4088894294870384,5.529744914794485,-10.153760928481669,10.742222522297851,-8.611895901407975,-0.1579796110426696,-2.307778709982939,-3.8449679680400166,-3.8466831207837737,-4.929876971772044,0.6122677863481257,0.6907788359273712,1.0985737404858653,6.293008840451941,-2.7140739817731405,-5.198260634671347,-2.3511711841940106,-4.343319610670125,-4.261553760776768,-1.419396090866502,-3.6345876264961103,-1.5494677373591519,-1.8327763798081411,0.8352854893680776,3.2722745151448565,1.684180359522374,-8.685830667628368,0.8710910039210713,-0.12974261557048744,3.4909712442392284,7.611209231288021,3.160598782440551,0.08402242080762834,2.6241940651729725,-0.29561965857518413,-1.0386903697164005,2.9303425705103985,-4.048263851342872,-6.013962968232265,2.6214135248234522,-1.3048538290809426,0.6329908947843073,-1.1254010172852476,-0.27931065043716724,-0.06826624253002474,0.7447650364872064,2.037567022935207,2.535958679511007,-1.5701715072985742,-1.1339431369340711,0.8982897969171167,0.5375758547915388,2.6573560307311563,1.4866866550439108,1.0606622552244322,-3.3217929035751625,-3.2830480627762566,-1.7883928254009496,0.37116543988195705,-2.575856874084147,-1.6376204516431798,-1.3541638168096166,-0.49153250724773095,-4.716535507494931,0.06001559646012855,2.523647134339896,-0.5847053112322613,1.2374439470298582,0.6441018691200566,-1.8168191931164355,-1.8315790491758077,0.9171867431768392,2.277747523534102,-0.4530139906532855,-1.823855983769567,3.2199415098445363,1.1330034131774929,0.08262499325133844,0.3834500557601941,1.2494749060910058,0.621762888461433,1.8855120831853787,2.9028558253140995,-0.5577719227001781,-0.6708409501080115,-3.8062213991996825,0.9114990309427858,1.2631436077361957,-1.2650665966504748,-0.39788315075775704,2.3935778782540242,1.0572673708669522,-0.9607062736572692,0.7768669813412843,-0.7217575690071792,1.6834177473070988,2.8420709534831174,-1.1020845999536568,-0.06195225098929665,0.7820270222459963,-2.206985384780865,1.2432689929000589,-1.979472844096875,-2.0628464306605454,-0.04503272558835642,-0.4819395118764896,0.8290264735138619,-0.26333207084194293,0.5413864076531859,-2.10178348688164,-2.081352156949678,1.0212854443352526,0.2591693066153917,0.09080906024615554,-0.063471861669252,-1.79614118992122,-1.8059104033852036,0.4969680756433125,-1.3675702808407253,-0.9080687931503398,0.9709083354826079,-0.13700751317536472,0.3400027503008766,-0.4592763100437472,-2.5932357448454653,0.00923852644307789,1.105357068027156,-1.320162584580911,0.30315593864706036,-0.7072131777109267,-0.5237116035433463,1.7552496278294079,-1.636759564890621,0.9533523153917995,-0.10488935834741428,1.7682966306036743,-0.413495042352753,1.2498470792863714,0.45351178110724993,-0.6416708506956987,0.33496260733695005,-0.22345360969957503,-1.1052481697733891,-0.06306419321460746,-0.08644276832134738,-0.29660260450072484,-0.6882863172452097,0.05342962656433321,-0.5605714707893767,-0.08284502554440974,2.9148204035084277,0.6877882546538133,-0.860603289874714,0.0023810738655134465,-0.46779906725354026,-1.7050286486564747,1.0104822766654744,-0.32339434942783574,-0.43967405379304214,1.398326425969037,0.3157655394741615,-0.09186586738575828,-0.8096981418537875,0.6417011411963197,0.3188265734370456,-0.7798164466330533,-0.4575635108267526,0.7254545804868364,-0.6133873737638842,-0.2750010676437134,-0.8580902545474055,-0.7533564775934548,-0.09206698120194605,0.39002516623353206,-0.6966005799544069,0.10609755012361818,-1.204156745603114,0.1643799583500234,-0.26325266886260057,-0.635238395722162,-0.6389981865588802,-0.010745678428138929,1.7862114330963896e-13
02ADL0064,-313.65639916804764,28.762956772160425,-6.035361043966453,-49.14645588188966,-11.519142166306702,-21.24967182681226,25.49185912345059,14.956657677741365,20.60965026074298,-22.79470737515589,-13.553809327230445,-21.36504929569103,27.99226681149004,-17.010486488314797,3.5496991716056523,-3.014821463108138,-4.860286783743477,5.695003704884173,3.3888724914492947,-6.269634491301842,1.0136339722593508,2.400691302896637,10.566527846620609,4.494723318150799,-0.06683056771980989,5.108872165993512,0.13860447681122956,-0.21685235749567588,11.622353962857565,1.8277756724903704,0.27012540847309624,-3.2502491505135884,-1.5455370293690573,-0.08399047542563093,-5.846510054785928,1.3670461492903851,-3.0300648359407827,-0.46714672270261737,-3.5310842397695534,4.600083807592838,-5.830454227590327,-1.464006881757562,-4.1616142971985655,3.367339611159516,3.412416777844122,3.2558378436339366,3.0364944316738733,0.20689703741449117,1.8603259372026075,1.4010972321838842,-0.8027973151627104,3.4574319208990314,6.798653683531488,-0.9368141866707905,-0.027629330755819914,2.51246521100763,0.6446523985147155,-2.7099459101428014,-1.5584765588501543,-2.8396100058439044,-4.06840068350752,3.24814654567476,2.9176592153944116,0.44078683731719887,-2.7802857314970915,-3.2618702314137744,1.0524663773452265,-0.7421528547957991,0.3444968922024777,4.24117127674566,1.2868632718095192,0.7525326616984247,1.661225880741418,-1.4134402198922917,-0.5275955025720698,0.32152844889264354,0.3631119704915835,1.9723056529753096,-5.150006279962033,1.4887629391489392,1.4712064572142922,-2.9358026034652855,-0.00324417474405835,-1.8958286479261337,-1.396075167504437,-2.37842637671399,0.988023191252426,0.47085733902784865,1.8969743219620712,-2.193068085077649,-0.6225345938256053,-0.08127783461155857,-1.3384625488409658,1.4218051097501392,-0.6093175547587445,-1.086910941267225,0.3047493087479305,1.400757090696987,-1.5660447234708461,0.19390612208358624,2.4486912225307087,-2.1870935491825048,-0.4424344324789263,-1.2457015753451077,0.08060767145481464,1.0905420692822598,-0.6402852078772484,-0.8443046381964775,0.46222929610865965,0.5477687668089276,0.019697291777529467,0.8993978113188977,-0.9398522331376815,0.9005784823353724,-0.7200287245555074,0.23206313372192183,-0.018113345838106688,2.1619351774203475,1.255764921547842,-0.8405500663788461,-1.6584189075026452,0.8263086003817209,-0.15474750085799846,0.4484463921096018,2.3490557302104325,-1.8884905830524592,-0.165396554350106,-3.416031616090831,-0.09249210697417408,-0.7837337376535298,-0.4787288182292667,1.1557622673963168,-0.6394193104790006,1.8758080396503893,-0.39602228884989527,-0.49491940851271155,0.2705208330089782,1.016352020025275,-0.6486049922026997,0.35699761222312004,0.13517390064844292,1.6816291127976506,-0.06328443272073868,-2.1066454006269026,2.266945582081355,-0.7205594992412047,-1.183271400316792,-0.6862205103243462,1.038973563942233,-0.9021549352679306,-0.05829445680135777,-0.8466861019973293,-1.95811450042285,0.5157214828487292,-1.189342801537843,-1.1505728912780844,0.10332610414282856,-1.207213349125441,-0.006449202224323448,0.12871397274708718,0.45522862956872473,-0.758859882286638,-1.1499475756136328,1.2293304398699718,-0.8494125569804819,-0.885171393347358,-0.07047643082335502,-0.5473876725016195,0.8613819812845168,0.4026349442827627,0.9627578930911606,0.07978776444598548,1.4718003080319546,0.5564458001926617,-0.929618490519947,-1.0313804467802168,0.37265987813003454,0.4987876749010462,1.4883212487165136,0.9629717650963038,1.0145518406589193,0.6020461796026289,0.12309829367117484,-2.032080632584214,-0.1855063228532289,0.6834631548116771,0.0911762317112523,0.6261487488196071,-0.02399313798459116,-0.6664759598233215,-0.41750452236430496,-0.49000431775545294,0.2567454603058821,1.133146210544114,0.20443395214237614,1.7862114330963808e-13
02ADL0066,-349.18926892697255,-136.15607292057229,-42.052620818738035,15.385462284332862,23.242298711337234,-40.62943459332508,8.732300248217413,28.807411700139664,-15.48617797966809,18.95656936046577,-3.489181588222783,-1.2618308961249742,20.246845794260764,12.101168798706945,-20.09210672673789,-2.4437838793151885,2.9751910275136364,0.10385042905366099,7.228493263926124,3.4835019952035338,4.316594580794234,-1.2498133879189883,2.1812205976665178,-2.026687130864763,-3.774142717620161,-1.3354732254353248,-1.3458125934888159,-4.288627769193723,1.4356666985643416,5.460903546509581,0.40460138331675377,-3.3236325913536926,-0.10898712911471459,-1.3711041065898648,-3.7122375321814025,5.133373168368631,2.6617124904790783,-2.6425582653720925,-1.27476243899692,4.395499943278897,0.880732148723383,2.4109557155386607,0.9726030305824156,-2.5017446569823645,1.7579840982650534,3.168411951930561,1.6024516461712026,-3.387052499807291,1.1586611668614948,-3.786411331651099,0.37962689109178654,1.0180800030627106,-1.8518782026045704,-3.3519565092526658,-0.8519687137839469,-0.7641924983943617,2.9919896401038892,0.7572543851219737,-2.884690917651157,3.558439349334093,0.2826945342625078,-3.731336480962017,0.5856434608449607,-0.5807682338766723,1.254984756321108,-3.049999115349673,2.4190840621601706,-0.027417840477819238,-2.4997043294973116,-4.231583760771229,1.859433321628879,-3.5449432688183666,2.639320935313283,-0.768343776664128,-2.403011581155873,-0.42516301776439286,2.4475906585448355,1.171595508781621,2.575268060418189,4.915554141719125,-1.177782865316531,1.7461264062548447,1.3842814804338914,-1.980165623393044,-1.5223400429189393,-3.21473085240913,-2.697225780242569,1.1180873091809898,0.5404736446810873,-0.3192882664509817,-2.997999977225895,-4.268093351822053,-1.3072033947176305,1.3153009385860734,0.2605581311231352,0.7474840964417223,-0.29246407207120084,-0.9141851062967059,-4.311835862281824,1.1340469260808201,-1.3739088852744883,0.43627285664461246,-2.8501819426013633,2.3516122869226033,4.502548804656601,0.772796915436015,2.8582988716208755,0.022264238640829003,2.228476705092418,0.7896212820071004,1.1526957693173328,0.1971520860582358,-0.14964783798173034,-0.18895459582067586,-0.3903143375400777,-1.6976448667808413,-1.3748253875136733,0.21383623114770098,2.704597681735505,0.8186231500542366,0.9350546357300218,-1.4492999821969819,1.7234969630116128,-0.944137080511222,-0.5049304348285178,1.8432993372388269,-0.12489401281460888,-1.0259646549595334,0.3755992489715771,0.4884293926307626,0.11380730796493047,-1.5053646797436515,0.5784466552127686,-0.6378958830166961,0.13645746050533605,-0.9679292863286545,-0.44096908395371687,0.6560403398474951,-0.607946125922354,0.7493988349762248,-0.4389709866080423,-1.426352051340081,1.8978472246936753,-1.3125192917741595,2.3532966835832516,-1.0139695897444325,0.7513836848875867,-0.7313700308128184,-0.8588997289576542,0.23664355396577005,-0.21275439030363685,1.196132662538956,-0.11334155577967595,0.9298192760235351,0.5969463092245024,-0.5564865257723612,1.3433112493360768,-1.0890772286634165,0.5539190365199748,-0.45360887772747555,-0.5986484356509125,0.4174575640154516,-0.7158850233352307,-1.6003582696775145,-0.4532284739309855,1.7668955716146553,1.952669948769689,1.3024063581240573,0.2802992579889967,0.5104816012538262,-0.7263419452146871,0.3453494520471621,-0.12607563742279082,-0.004881431820678478,0.21379959221708422,-0.45296133699158303,-1.38763830501901,0.45725822524983895,-0.6102607575954203,1.159474951961635,-0.2380107012698213,-0.6080903491140032,0.3564789909313325,0.7272448805646003,0.02602542202549932,-0.08452034150413389,0.9634205222111326,0.019379390255870148,0.06263374543510378,-0.20601299612915744,0.703616940956311,-0.10774259700862424,-0.5281593239738918,0.37979465229349285,-0.2368661302647953,1.786211433096386e-13
02ADL0068,-354.3192453800748,-94.91405288194314,-29.927600031585865,13.607208740360734,25.56346623715451,-6.302799266827281,8.954974692777997,12.16656176462903,18.695950824014947,45.2544662604121,-29.540324500599525,-12.822964087530652,21.408376123005805,0.1524135433129239,-0.6995127403379681,-7.856945518279565,8.996936369117046,1.886402581224117,-4.186530851659309,13.647405717159403,-7.907337878221533,-3.5133486016050064,4.769354874217478,0.8246698108920159,2.310784216228732,-3.7286587487108065,-2.6072891959206506,-3.4773860691568297,-2.8441592419862207,-3.2501974066323935,0.5381521490264101,-3.3244389444867855,-5.3361566814818895,4.41052194884668,-0.35980540031146024,1.5623025812013862,-0.6974201784829623,-0.3580794407954468,-1.6894564277267354,4.078106811703325,-4.14275863204075,-3.0059327323872846,0.017155301594958844,1.2566046227755667,-1.971247935989749,8.274485383453799,4.291046308861401,2.626056676254184,6.232888926548771,1.5444219807227217,1.452120191609407,-4.673663014917085,-1.3154174011435362,-3.4499349566777346,-1.678543688575491,-0.843764461316056,4.936581460249113,0.16967137895786757,-0.6800496661499904,-1.1106882426396472,1.6591013358855582,-1.6900304641990787,-1.5122319145721854,-3.270323308713165,-0.39436540653521185,0.1797107788714005,-2.0231991160391494,8.13804352384897,1.8673928549071284,-3.653928896938688,0.2050014911639517,-0.5140715580642969,0.09425957664340388,-2.401223495166505,0.6870493761940795,1.6703523114710566,1.8364798919276715,-2.218226575300599,0.9712829511136906,0.5217587017612063,-2.06969961923602,-3.048074957225479,-1.463044650080453,1.9164874253212068,0.30298432294987687,-2.5618721001292126,-0.154522736889917,1.3950239100854593,1.4866452892763253,-1.2297373786074492,-0.006986312698399705,0.6910758229273593,-0.5279701027749402,1.559414919085409,-0.08078883449623844,0.7262358747737108,1.0717400868910714,0.8902975717024633,0.8369719513818193,-2.1393509499549226,0.7151734396505328,-0.00886563812578656,0.9323982392732382,-0.2704232827824547,0.7513512075873988,-1.083717684949577,0.53338325637477,-0.9540642396156218,-0.09653791206373127,1.3964118551144507,1.9317686845132698,-0.42721108410521796,1.191278841514577,0.9516876578663944,-2.473435101262903,-1.3237283825334991,1.184209755943898,1.6181006367427964,-0.6175848498902596,-0.5903481423104874,0.4639317320701316,1.7995857796863906,-1.6775454386925026,1.4029848839270518,-0.8332371806531642,0.6234876037758806,2.394722218107886,0.182044778446727,0.2141685598603407,-3.2517675675270565,0.4695456256691155,1.4730292549933925,0.7356916102225273,0.08340745970853253,0.14471074696209058,2.7025694797516056,0.05615394801505447,-2.599995117581244,1.5640744382929517,-0.38430473196731213,0.7806651633595648,0.22332115415434464,-0.5695641995478096,0.19615109031122654,-2.5013332817855094,1.2972560750094273,0.8226461651932829,-0.30493475674598225,-1.678324950904597,0.9989636321452473,-0.3666169775690248,0.822869687160918,1.5749281919800069,-1.7849022576493676,-0.6897864077485386,0.877107891258162,-0.9274182804935317,-1.0112012089781648,-1.6062401980773169,0.5869719467650573,-0.05530964174297157,-0.9293370770715155,0.17509586529657442,0.3193367223731661,-0.020819352930710168,-0.07558005172588646,-0.6376590213812287,0.41566491949999923,0.22151948037217722,0.4272775783157333,-0.2682523882237723,-0.7509062239031911,1.0295800463753257,1.5681552083563282,0.6194583080242916,-0.7845927606104721,-0.6003659789206618,-0.48671706820343197,0.9673944624259896,0.31163910101060954,-0.7889066800690948,-0.5366386818272283,-0.48014407761208766,-0.4718474813729554,0.011089528689415809,-0.2026499007437665,-0.8722014696056951,0.7393674278040417,-0.9489372287514477,0.5035476586464716,0.5022646328178989,-0.2981400364718014,-0.04669298140374955,0.008292008715755238,-0.8943563497432923,1.786211433096387e-13
02ADL0069,-333.0491327463749,-111.61767633714096,5.5743706996912765,23.74398727431921,6.143443363023613,2.7069306505420805,30.93200609570427,4.079250730079433,-23.097345089293036,2.4048901163454137,0.1180888456199155,10.326848082166917,3.9159334121751592,11.818775349622738,-10.25170591299469,-0.06593961061544817,-10.49965149277566,-5.189750808195382,8.27589669277884,1.245434251830995,6.466329607521956,-5.519639618238749,-0.32396024427492875,-0.8956778658373027,2.384255726418509,2.208654350104385,-7.305716859088654,-2.628065176840675,4.345193824008071,7.458036053497222,-3.4267747003584823,5.3723068788435935,-6.047089507851851,-0.948783528644828,2.60354487227616,2.5515589463680506,-0.4076935182975042,-2.269616674292117,-0.12446263473066474,-2.653906539618898,2.166720348490865,-4.842619355982755,0.16443009455109397,0.5925438275464251,1.358329763614222,-2.606815530371669,-3.0094810218909713,2.7982911975817366,0.6030864768723159,1.9563495893896792,3.1256947974230096,-0.7919760151731103,-5.815573607263213,-0.3960792210207413,1.0834894712320267,-1.748796405570895,-1.969482318315775,-0.7115159476008197,3.26996515594748,-0.3761843830557186,1.5655939514548607,2.1523849820329928,2.721259762818061,0.7616580855741001,1.084403290775907,-0.6259290214963907,-2.94810392795455,0.677420278095537,3.8386795221039782,-1.6137452013467066,0.5825377661473015,-0.4120728197691301,-1.737976544532971,-2.279426455888251,0.8240525091065927,1.3827674484468915,0.6822232122196682,0.3946267246959962,1.1021132714491584,0.13380696822685545,-1.7781482088907792,0.881944680356877,-0.552345279605622,2.70615995161833,-0.34282601870932333,-1.5917498889896482,2.2313909566414254,1.7350967654119198,-0.8393499879586761,-0.3598624117225627,-1.1970752591439155,-0.4271150023189267,-1.4716555779689964,-0.596476181229334,1.3523181277410055,-0.4567957677926871,-0.4135040253419672,-1.473197222022177,-1.1526629927513392,0.22945774075157682,-1.3488735612925964,-1.1905426757201378,0.18690241841784125,-1.6402127053476263,-1.236694059421422,0.3552363208374847,-0.09699210460396432,0.8268872249608165,-1.3863059002751277,-0.2539316917660445,-0.21847524850123273,0.014182166605628056,3.7417873184771895,-0.8477964103600439,2.38363048143751,3.703073136441498,-0.8784646942282872,0.2569892421270462,-1.8791003360169758,-0.9608419259278809,0.7722524497440937,2.378256896352284,0.6084156522505225,0.0893092671850204,0.3531325514531229,0.6446236723762816,0.9941803395074328,-1.854152750265113,-1.4648167836241792,3.2069314791648345,-0.8788032298955378,-0.30516087964570243,-0.7726593420899366,-0.14478565530298682,-1.0903867689473365,0.4411254610008406,-1.6982320251074425,-1.1317855718495236,-0.0222278505069949,-0.49223459354337756,-1.4499402334508744,0.07005117197822924,0.7051146495618485,-0.5990589827655545,-0.4874920556263877,-0.06439715594632389,1.6662781697913251,1.0469613436983813,0.5153690522089197,0.43301789735032586,-0.051265255991786524,1.3922522438078422,-3.138672973504936,-0.9289545233878503,0.44595833495392384,-0.5527605418738956,1.1023279933729366,-1.6639588811569652,0.9542328065228477,1.4862967012850128,-0.15259271113006787,1.261280061623959,-1.117383201885919,1.3808525664365245,-1.3379252773319639,-0.12364821625008725,-1.297541580310404,-0.16995110355951576,-1.7457596073647106,1.4756776044916478,0.8502193662772687,-0.0006058137542130768,1.1519476828294433,-0.7883471979234309,1.104198961506866,0.7094479300133877,-0.5945925809328292,1.9807176361450587,1.337706831738358,0.13414450790938406,-1.1230653259868104,-0.26787002693208745,0.41619383355401807,-0.8005216828372911,0.08866756896589603,-0.568633705916535,0.38161593104826447,0.13926946781730096,1.2246274655854539,0.8361342523970869,0.4096723704766971,-0.2779128943860559,1.8415277991327945,-0.7708757471649608,-0.230039935713262,1.7862114330963692e-13
02ADL0071,-352.47069414253207,85.05313222606691,46.1633634580657,-18.83844944159339,12.622953970841015,16.683166269330908,-1.4811891419734151,-0.09060930835823221,11.231155413466734,10.93477048547995,19.587407217979425,-2.0705585111192364,-3.408920310362783,-0.8939024460123541,4.644350884686987,9.163701482333455,0.4843318842481701,1.7718359730942268,9.20652150561345,3.2902345655795617,-12.51302622835454,4.288643995061862,2.825251877160408,-3.061296137930244,-8.597023292320989,1.7190530746613273,2.5366682115375583,-1.295535078687288,2.9027433077371496,1.1299241181893882,1.7621551616406912,-4.4796710146897585,-3.7354942079834474,-8.21849680457997,-4.756118908166266,-5.788974603610303,-3.649512895884795,7.007336384770978,-0.0930090405197211,-6.879915046508698,3.943591680860339,-3.57303079748124,3.080179681281393,5.612808952704181,2.529013395171717,4.11646627255606,1.8007730999159781,-2.3883678534764394,4.459178419490319,1.0279411285184354,-1.6465376959172742,-3.163632197366049,2.107830019401621,-0.9776386220580436,-1.8185964158026566,3.072639547683107,2.314420744369185,0.3185407413587093,-3.128018416799648,-4.6761443962167935,2.707373808250229,-0.8239931945144625,2.2424712333554244,-4.363304705753314,2.4564719575614062,3.4963791388512173,2.5426394555603165,0.6913714314865549,0.6132489874772157,-0.8031446317599886,2.959877348489563,-4.605590355194485,-2.482628994863446,-2.8352567908776245,-0.4125535607546478,1.0113366702403987,-3.736576421012639,1.3878633158543165,0.5575382009866474,-1.1775397744124054,1.031374056935313,3.359466626888518,-2.2617814787652333,1.4261522928490689,0.7826156770856744,-0.5783799027577001,0.29967961747903277,-0.4157904803893125,-3.534679699813927,0.17402724062561395,-0.4241835230256445,0.16996313432354523,0.3084062052899405,1.0427897557573833,2.5210220091171553,-1.6857127853559828,-2.1851640247754327,-1.1115991357809945,0.8925917363964752,1.6761387440901845,-0.13255676792497337,1.922349382302649,0.8381492016753372,1.4124125489607442,-1.6636450638170408,1.6755337480545602,-0.28237787085098626,-0.6433747062257578,0.3257264938346269,0.3166279431729913,2.062379582817947,0.04108332921456335,0.021439243202326676,-1.923911296616893,0.20335240973983154,-1.2446795486528195,1.2096389523033892,-1.2782108285262717,-1.7470522832252406,1.7556342910970077,-1.4004664219662193,1.7457840670689868,0.6786410267494243,0.1293437878580721,2.0891253425277054,0.9005698579437189,1.4269266186958138,0.48311179079699024,1.8889932158784843,-1.0728321940621977,-2.1846245591887836,0.9495871686551687,1.0804852735683363,0.3482404916491444,-1.2415173183499026,-0.5899002525343588,1.7432382406368905,1.4049975431839004,-0.19372217403112318,0.12423090214863639,0.5743236088564586,1.4553060371055888,-0.7510888996491706,0.016903552165522116,-0.7190739541163458,1.256145451640241,-1.028509630799695,-0.6264128439615774,0.2824590410865112,-0.5846043203340632,1.7273730343720644,-0.8015835831963277,-0.6610762708403175,0.9065350685285786,0.6865405567808515,-0.7466011615947198,-0.21100900349648946,0.12843857567425515,0.7981621236056159,0.6150305503904694,-1.4408839994015339,-0.012504729442667735,-1.0341395019186983,-1.5959608468570807,-0.7006608701781679,0.859665356382077,-0.31048490540469365,0.2538924042734674,1.2420540911762799,0.3349898717919184,0.39808272470449685,0.5188234977898701,-1.406909377874492,-0.5829632211087815,1.0013954680909005,1.6055283425036937,-1.9227120499449428,0.04000962934615233,0.4500314709083454,0.772946745448536,0.08190983726966868,0.5262792600740575,1.7409707043136493,-0.856341351311976,0.08267655941740837,-0.10013764414004045,0.8681999137889734,0.8180274041534414,-0.5898242046799197,0.6726156368244167,0.17781402321636267,0.5350446012893606,-0.4684899874903039,-0.6427430503997164,0.672774773983735,1.7862114330964048e-13
02ADL0073,-337.3421357303491,119.43345852218879,24.571039083561026,-47.37558660934848,2.1601245022444013,-9.288533619376455,18.173814766631974,-25.590568989304835,-0.14377434304322376,10.329632382665888,-8.625082501204195,-19.859726187131656,4.8439698544046985,-15.388116347944226,-1.5599555832823333,-14.775496496134048,-9.610695305625857,1.599459843630054,-6.97405480996358,-6.158503734257603,3.366346383336338,-2.6994727208755065,-4.819209065340111,4.068296687070356,-1.5562597763141297,6.862250879347889,-4.489109806135382,-4.142629226766884,0.5020700859211341,-4.604262071859709,-0.6043485359689587,-1.997036480758596,5.237933946602797,-4.564630970726595,0.3272009230991978,-1.0990672427203207,3.5034832439286983,1.4583251836505526,1.038235861543139,5.650545410546196,-3.5892236755934173,4.417352645438822,-5.179746074748875,1.6706153367992178,-6.39434031266314,0.2991082211311145,3.476846529502414,-0.5708559499288874,1.3576358757430598,4.676922370205793,-3.3697703499587255,1.0727162562145505,-4.88965305452935,-2.022824968760233,-1.3321125058822207,0.12121518745116779,-1.069687935894235,5.139020588232424,-0.4699804156120803,-0.7093510805696895,0.8478419434237092,-2.6227373068073394,4.850950960310296,-1.3571182484059778,3.5228347860476426,0.09187831941366476,2.351244773430849,3.8278375056433394,-0.9556202817330771,0.3415992555596397,1.4429689634965746,-1.5835046645688398,-0.16703379913570945,-0.8079604716460222,2.9103136294849046,-1.8486972388169252,0.9198799984301618,-0.16520327696799708,-2.043912861150065,2.9645325392630957,2.451395325748931,-0.23330233476952106,1.0240189268225608,-2.021652100020821,-0.9987941218960212,0.3988837907326753,-0.9698046867120977,1.2251507941974176,0.4513551515093601,-2.7688841668362723,0.16940848819019072,1.808244849790024,2.71084611607006,0.10987666309757033,-0.2771020330774328,3.126088997319739,2.1859629244358563,1.0371746045039494,0.5919216614778208,0.5571035239153974,3.8385579281857765,1.4602988704206343,-2.2209780506581134,1.7802454092673252,-0.5803067409796825,0.257508607665798,-0.8277957850767866,-0.7735642963580911,-0.8249786946846194,-0.05436635610011771,1.0290013254096422,-0.3502206665619162,0.006691937827275678,-1.4416353803075463,3.147480658066742,0.005347948279384497,0.7754464214091712,-2.3882158043061357,-0.9537934315236047,-1.088065475999961,0.8714238511432304,0.6655040448173469,1.762491503329974,-1.2229574607901248,1.857870426611858,-0.512768262201369,-2.399564199930091,-0.034771483624171665,-0.39647809094347014,1.3126162367873622,0.5491834070182312,1.418242048528187,0.7571192325998474,0.861951123584477,2.5879205393258298,0.19124052462070026,-0.1821025439186589,0.09916579066673671,0.11946871995392701,0.1170948050527589,1.6170387900962504,-1.4287610693566997,0.7955620060842289,-0.9841866469401294,-0.6460128326977841,0.8496024990550182,1.0232560646971443,0.839468104849246,-1.8333553192327143,-0.6776485962844567,1.9621473928382904,-0.07832026973650352,0.4554866072630839,0.8940330463153966,-0.09908544458074812,-1.4623071802484693,0.894551887248448,1.1209493645266422,-0.16556838277848426,1.263167340877121,1.1754915343640349,2.6622361351333694,0.5499409137411481,1.4353428315132213,-0.6143552401828886,-1.0201436723918016,0.7189783902086604,1.3960883007559433,-0.8252593319971288,-1.2418155981358803,0.18223312229829133,-0.6422187903407656,-0.8979126747434963,0.08931358331448588,0.6008729207170789,0.6222898365054026,0.33352224654136403,0.7560569984574244,-0.8990325214324498,-0.9973883902323332,-0.7634623857574281,-0.08559569775961576,-0.12162449826874358,-0.8197818690441341,0.6960327185902409,-1.44267362922052,-0.3987728211109968,0.17166616912226249,-0.16569338242139434,0.8033366077978102,0.13186143631269875,-0.19939636598826938,-0.3165085976167234,0.03721184157681234,-0.2674322241575353,1.7862114330963508e-13
02ADL0074,-339.0552487594766,-32.89253195702953,-20.52238786405048,-10.380887687620996,25.031956681617984,-38.98234165961253,38.46046475297831,25.14014003190056,-1.6494684069880543,47.80543982613508,-6.73039642535924,12.04390834956381,-3.6390087311731993,-4.139884549755786,-26.994967229821942,-7.863529809681013,0.7249112598442088,-6.627944081257631,-11.13139163126681,9.766012179057952,12.889115986242036,0.8204280788486236,-10.98555620991558,2.1044381183340093,-2.696680248415189,-1.8328946771179586,2.253341741837132,-2.9967408841509497,-12.197419639931853,1.7198043080618435,1.7828260842171642,-0.9157772251707438,-8.301050060562924,0.6061214055302389,1.788877987010999,0.17102674751733005,-3.517684573281466,8.948920076933103,-2.8041209791722,-4.683153395564623,2.1882767663056657,0.5777776488256849,1.1676478193372415,-2.0920784611925054,0.7583295536827122,0.9169024146069749,-0.950000502855396,0.790702505389092,2.349152842734238,2.372350602377689,1.6281228209037917,1.351085722223571,3.3807052929759553,-1.0351779491321653,1.159767995560407,0.18037057208010795,-0.5158265959812892,1.5975551476445349,0.0027438045250167816,0.35781554602834,0.27420658997537495,1.334356453969888,3.5062158388917117,-2.6245966312550593,0.26639439131197695,-1.8691177838223354,0.11218140573737796,2.2471162445410355,1.942966885888191,-2.554867312130266,2.7970608481108092,2.0943657402265945,2.2695906440338622,0.5498209222844556,-0.4626468225392755,0.6746056457408748,2.163042703365221,0.8333204415490929,-0.8929861057088698,-0.8756858010982134,-2.4507813066967996,1.807230221083385,-1.7607463914158195,0.9640712633409906,-1.6602906316012218,1.0972303337531175,1.1093570499769634,0.34283153450737214,-0.48178156191169247,-0.09575162919770339,0.33690137170594014,0.8547742038277326,2.159307219054179,1.5248209504668864,0.5038919379911624,-1.497045288319413,2.0505747507640635,0.8667675288067019,-0.7122115249226745,0.7461270506429342,-0.9379523694603001,-0.5628037130187714,-0.3025805388826669,-1.3279531331074044,1.3142790741232193,0.07749118870176407,-0.698203747938371,-0.47215974512198805,-1.8598593492505184,-0.07243338160063163,-0.8910874625978552,0.9059198521390988,-0.9710048227054856,1.0124901789516993,1.6981517245776452,1.2941392830475902,-0.10395244054015708,-1.138364344718649,0.7245172755774616,1.5180419820844444,-0.38191723434727926,-1.0254491571091382,1.108147369032715,0.8400069994755824,-0.0008051546538426481,-1.9859991727971489,0.2962666824625304,0.1522667799212111,0.49547869696048397,0.3833446546346664,-1.4179534802457714,1.9362636231831156,-0.4336590914914783,1.052797101037117,0.6141875645676464,-1.6249864725892886,0.5991729793856498,0.09829265468245604,1.5004369324665219,1.654204048663141,-1.2016238131889392,0.15125162955354646,0.5654457822757548,1.3183352777103645,1.1782978558463761,2.6580244281608834,-0.5081002041384226,-0.23984447913949686,-1.7342575588482745,0.8975418508800034,-1.8314618903411901,0.9788179916570883,-0.3746608371622346,-0.2950142485248894,0.02991178682917047,1.8958422753933057,-0.696188454618924,-1.0478443958535149,0.8248936661657836,-1.7883488741948772,0.7931757233186066,0.014584051631039516,-0.7803336777755798,0.40628849594499833,0.569253256895967,-1.6471156824094029,0.34411551524534656,-0.3711782961569383,0.05899328453092253,0.08150067406619424,0.06237579126317805,0.37477305242819153,-1.9767681739964909,-1.4259527349447105,-0.8147817979482599,-0.8857355470236434,-0.27402801257258735,-0.7588654006716361,-0.7910716470765377,-1.3927346147388664,1.4881716081235772,0.37444248120592577,-0.4193488651203887,-1.6538086500826858,1.4383009465064627,-0.3068541224716028,0.395380093994982,-0.20611178274645095,0.37398647313317174,-1.7500914669453753,-1.1506179679943676,0.23032684034833664,0.20578200116825104,-0.23466502155703242,1.1452907487425918,1.7862114330964414e-13
02ADL0076,-340.2070575378327,21.31529675734311,29.198356377204412,34.10658865060411,84.53684839401282,-34.543445378664806,-25.478388231907022,-7.783388713489745,24.81709831011484,8.054893651876418,29.035656666565032,-17.03295554507839,18.80373766433897,-2.673431401091369,6.583073153741153,2.684462586049724,-4.512656114249686,-2.5233730109586427,1.5986220603886743,-7.398468992220703,-3.672579008832193,0.3077008260956499,14.594688499359794,0.5965625801048571,10.457290404245649,-1.6010273278537273,6.905214660118683,-7.8493349278423565,-1.2483805320865071,2.9825423301604443,0.0695414759337682,-3.95691766358371,-6.587262354053813,3.875750436884069,10.649007243043783,-4.973028730561346,6.393088058305902,2.0171582757236663,-7.983195981171762,-0.022526274356911503,4.111078950936771,-0.48586665101898574,-2.728898939888564,-1.5753507664548292,-1.6822355177442563,-2.9576754236354543,-4.885020617550283,-1.2871547725494406,-0.12135411105882483,3.8507806563067852,3.426805407218192,-2.9843436895728392,1.8560642960325273,1.2980808154909593,1.7933751365285744,-3.8518002647342398,-2.8037244646769204,0.26547460033462894,2.1838534325763446,-3.6168916915115523,-1.341058588087285,-1.6186054754567056,3.4888818794390963,-1.407851292386523,2.8111612983203327,0.3712402803177224,3.4137294369316127,-2.2978778128277493,0.5950435084939613,-1.2387804217119882,-1.039321968595877,1.4320712966768046,0.40741159628091206,2.3499535729194445,0.6604381796184647,-1.7296843336815753,3.8512054741228914,1.0175346660415583,-0.09382739124829234,1.90773970186405,0.49102311839188467,2.8837404681469456,0.6823949890530254,-0.06779957297004935,-0.8203718071158963,0.7639354355466438,2.203569817264688,1.4219731697119615,1.185463488978909,-0.11705936494722799,2.136273091538096,1.0200133963362679,0.06072973738933611,-2.2960511392418677,1.1523740350491778,-0.1812301181058974,-1.2961371945530265,0.6477459161452785,0.3065803796605409,0.2859463567590409,1.8234823121401926,2.1181901792979474,0.8841111153578833,-0.0009194037178171218,-1.0132870468932118,2.6513131096401965,-0.8055775552507662,0.139027930286937,-1.1391994898839515,-2.252414920941906,-1.7978396115622417,-0.7384944463617289,-0.5154184739812013,-1.8588044134429873,0.8912879787674679,-2.570715261562035,0.2905667813827845,1.4873407438367505,0.12800323930263482,2.09427352734026,-1.4407794803886869,-0.6611620572590523,3.2209976300639775,0.42841709010178514,0.7974624007696423,-1.7299465035271466,0.635949797611041,1.171130985055505,-0.23284105724999368,-0.554911754534529,-0.5974753314955348,-1.3809091775968103,0.6792471242203186,-1.3909084657662458,-0.7009201001410039,-0.34965108463749445,0.35289964727340134,-2.281266416762548,-0.46462566265067234,1.250897934528325,-1.2652178406759258,-0.6908251988404087,-1.1497047800560798,-1.9306212193039203,0.14539852844745554,-0.5700233679102779,-0.3110634349272411,-1.0448980520711804,-0.6666357922256683,0.3904240992083756,-0.37274757693740457,1.1421440970670882,0.36413169416692215,-0.9075422560663814,0.3980335855582952,-0.9123504499864723,0.2774819819399434,-0.7267976372901841,-0.3158353854045925,0.4111576551706399,-0.1258119565522574,-0.634651173752775,-0.17231407645646535,0.06381952201653392,2.5592038472312852,0.2773513085331283,1.4427440341971198,-0.9650785369011928,-0.46520447660997416,-0.01732707423994836,0.6221619862702064,0.25813702166247043,0.45264870054763967,1.289170009985103,1.0592641472668651,0.38233739731422095,0.7545539517354583,0.753163351773808,0.8646064039461957,0.1364579813257703,0.3911922547579382,-0.1363153937532638,-1.4324966333742941,0.1730366893547019,-1.1228887979501874,0.509233777753073,0.09416461537092323,0.3011159749386009,-0.45221022414460427,-0.5731987678895483,0.6979867060391323,0.12330808906858937,-0.7307366802456391,-0.9896037222900774,-0.7290974401803408,1.786211433096384e-13
02ADL0080,-339.77742238626286,44.50385090815427,-56.21041675523787,-8.686559389396589,-10.938285814858927,5.638141034847827,25.225530107296656,17.0024851239992,2.244929805486567,20.427937344326242,-19.35980012498432,-8.582327972498968,6.65611261247171,-10.704047587518106,7.475710145207988,-1.6267700316140106,-3.8820697404700026,-10.075452839398126,3.438292844280361,5.043518597526728,0.6681381234591292,3.287172499275858,-1.5192946294778962,1.0970010485579604,-0.7548879962067134,-0.12169521691586212,-0.17804772415748138,-6.220268056950048,-4.897787307920416,1.9565282764666627,-2.8127172815585717,-4.033253277198463,-7.83748030294497,-0.4673142610987107,5.449946560385458,4.174154366028764,3.450150098661365,4.878721873102485,-5.064931837035675,-0.9137387918558204,-0.4969412361955134,1.8068999814314886,1.9920753362327472,-0.8808087720781907,-0.863472340247582,-0.5852530359403504,1.6553421799929087,-1.0495312171707567,-2.7259606975455917,0.6839904838472697,0.39705988487324906,-3.1287677096536224,2.456162012116905,-0.6366690442298335,0.2991229086817537,-5.104997034451398,1.6849336211819759,0.04813247454427087,-1.3903820786447143,-0.4725938852036901,-2.9638494617638784,-2.4190639025084186,-0.559139664206374,0.6808404921393169,2.2364599198506636,-2.4394478909472768,1.623038552539154,-3.530737078572045,-1.4323058679766945,4.460520155602711,4.032301718163853,-0.12047632644285346,0.5635905910392003,0.3295696526727044,2.1264616632029205,0.423045780818129,0.3613830034886569,-1.1176300680236557,-0.5826959275558824,-3.637969516527009,1.35533153745706,1.742028473781465,-0.1760655972298162,0.694404298459241,1.1594033837587379,-0.5038675164043283,-0.2473287411020623,-1.945337471892942,-1.0325191357217627,-0.041502811792949346,-0.2059307019875891,2.657100753755359,2.8525668465749354,-1.80926337320673,1.7381140038023397,0.3140064431939334,-0.1361636962692116,-0.9669130906912096,1.890748590000212,-0.3737604672578357,0.20263992900517394,-1.5979213886164265,-1.0657160205686926,-1.5696133686006857,1.2007727929765755,1.655193682256318,1.3918715229766156,0.1927426749327275,0.18577634610571084,-0.7612110998090086,0.556580022370623,1.0312932068605645,-0.01660801409858571,1.5862896869368388,0.2506961204872253,-0.5069669267632267,-0.5315998786059841,-1.351583876329561,-0.9770317106691842,0.8277676354849108,-0.24244148715329417,1.1451776091715127,0.5010405713370067,-0.4308447830343769,-0.19141771592355525,1.6065155919503677,-0.8686576082138582,-1.8459353457484082,-0.09626176967551144,-0.8361313579989764,1.0699997861385295,0.9927651769125304,-2.2588204834221486,0.8402996214529374,2.3122195289502896,-0.9727176335032085,-1.8857073060505978,-0.05015760573267132,1.05540579016393,-0.6112837268956716,-0.3202597172730879,0.4719146663673804,1.4916683127451111,1.6383472953452083,-1.5558042127779041,-1.106421807300991,-2.298372613528449,0.9560853856988067,0.5702709559138978,-1.6065282516734682,-1.379364478861338,-0.44770316422131406,0.23785746944383043,-1.0363784264641716,-1.565079576429282,-1.4351710434011204,1.1640239350634467,-0.13456255661766992,1.018640430812627,0.09021175814953711,1.4036135242976948,-0.8793106753747799,-0.20253234323356123,1.120624130652844,-0.9085325929938995,1.4497953567821982,-0.2891227497996562,0.09954945016797816,-0.09803504221034372,1.4551014652938172,0.3488847500883175,0.5509911471772385,-0.8272759391283147,-0.6183257783118514,0.6204207158729528,-0.42607424733354976,-0.896860524767189,-0.9837904377106257,0.2653724958909616,1.0224126284144228,1.220129519047551,0.5377476763172555,0.702903521299963,2.665193141782741,-0.5918916504447465,0.2905356888202139,-1.8830286325715595,-0.6327541125952907,1.1629538688520253,1.2309672237762077,1.1900943958466146,1.1756106965460427,-0.3899003951737954,0.8212643536246854,-1.229271981287401,1.7862114330963687e-13
02ADL0083,-317.1696093481107,95.66877292546143,24.586159186357385,-3.511803144189233,-15.900010958414535,-29.167507417808658,27.43827244540061,22.330854633439593,44.60882155830397,9.146981985410493,25.641449810227005,-3.078425642619709,0.33228090938602795,-15.159752364648433,-8.738365762584554,-8.114214655922783,7.6932560284203495,1.1615069483084457,6.063668784977009,-6.058569718148074,11.833694036727286,-0.23688738186915279,-15.317199585972196,0.7719553230230816,-0.2652950344985581,4.158650066719434,-1.3974143800874554,2.298924604317323,2.834189404341976,4.313509698618249,0.23172860138295887,-2.9099541484637004,1.3094851901065083,-3.0090138223809793,3.129792656043242,1.521154164758613,4.673706412707425,-0.762779270571732,1.2754249601029206,-3.0902018478730398,3.0676461941985185,2.8966982625047977,5.015027783377585,-1.368114900396994,-0.779641870713462,-1.1803160910868336,0.9673421594824355,0.7937932314587501,3.9337761624156338,-2.6576032792195035,-0.05133150354576943,-0.7626062617044276,-0.6604772698424914,1.739841362552777,4.265402258278682,-1.348410038921493,-2.6139810563925474,1.882543258785928,-0.8530186154103974,-0.5539436509290941,3.3794845744568662,0.7113662593723482,-0.6082823512174029,-1.3716522849828487,-1.3536101198845982,5.6062516247222876,0.8963147851825122,1.14018914587952,-1.685043163891424,2.3648702466509723,1.7230323008751753,-2.8114555814772575,7.271268684966626,0.1418471791952333,-1.0852040047268017,-0.8771738927898916,-0.6139480074825593,-1.4052707817230539,-2.3822272023165323,0.66124663313797,-1.7206293807645137,5.42355705190048,2.5370736215495837,-0.5359391585721351,-1.5664790714278969,-0.9441428085235808,-0.05549193036425394,1.1180777756809797,1.8538193425600766,-0.18287825615240952,-1.052570323683708,-2.8693849589739036,0.28584793909512224,-2.591737282816289,-0.15697341447493876,-2.140330890520449,1.4523754472952473,-1.5099610291788448,0.03875128988353385,-2.180372061829435,-0.6100327321503304,-1.4650058460788038,-0.49671688510161527,-2.7198313315758287,1.0459253481715267,1.3428165537051273,0.37146750105389215,0.7322878604589858,-0.8852430169213508,0.7882657130478183,-2.6713954445938075,2.3383436589442144,-2.9788144147041002,-0.7043260860991474,-1.0550401958474875,0.3403982664446674,-0.14988754851421993,-1.6793614211581966,-0.27226952224562695,-0.28670442901642035,-0.1308136579954052,1.1193571224953534,-1.3415654865939144,-1.7814435908931745,-0.28952030740943063,-1.0024125535497048,-0.7384058325632349,-0.6408635506360589,-1.730618960870041,-1.1212370528787416,-0.890187425087753,-1.0742598038377145,1.0283547341512964,-0.6192052954393698,-0.937415081981339,4.488637042044809,0.4684646217668661,-0.25080132037967573,-0.7115175391401604,-1.5935710989918426,-0.8916959873279063,-0.3545688361970534,-1.1049086371663122,1.4157793419487936,-0.8988741289333142,-0.20153765915957822,-1.3590332689432891,0.20843956603538996,-2.300673615949641,0.9037595964677823,2.124283974022337,-0.45196739723434654,0.2679736539353152,1.7338888622627482,-0.23611686504664034,-0.8962287077619121,-0.8655377082900387,-0.5180263659560965,-0.9680812329851065,-0.8511947840464072,0.7770801097590062,0.03221909506219514,-0.17618806069603873,-1.5452925549302454,-0.4250957533874376,0.22692016360884346,-1.4550143824896222,0.07503820525725266,0.06654229237813146,-0.27037309839771695,0.1050010452758838,-0.23057092281467778,1.2984099182828928,-0.0850532126541457,-0.7666872610589179,0.14017467400596356,0.76968305324917,0.29040441622210633,0.9030264330842223,1.0852280693629515,0.05718468332217812,-0.4007567206628662,-0.4053861984415052,0.061987940440017895,-0.0610038693640217,-0.001340988004279221,-0.4237914935503994,-0.11402729520904606,0.5051137425411664,0.646143620718372,-0.873802345166446,0.25171171845794094,0.3576080575224195,-0.5204335394699683,-0.24023734119565326,1.7862114330963722e-13
02ADL0084,-326.43477865559316,-94.87415104943665,42.253926515126935,40.81056730967186,-21.6789792329157,1.4682454787156953,11.667403045098311,8.982747821702194,5.977762899413683,-24.849668599952977,0.6353273984824365,14.991240206632268,2.6892709589297117,-20.77759258037066,-2.011740799587325,-1.0971697289239541,1.1601285272586768,8.476501354204675,17.18028768402612,3.8807754333079854,20.252676569477863,-5.4490963502101675,3.9566256065442977,-6.199003810363504,-2.6559590786134915,3.593593217630787,-0.9458507972724748,-13.599368571179928,0.9864110364444514,1.4648178219674601,4.35424024994563,-0.36891313093380507,-7.7513010228517265,2.8899748259789066,-1.2420502372523632,-2.083845799155671,-1.4381714737496587,-5.151313225379902,-3.412023712587,1.2952685224792606,1.820732997822409,0.9367559879260957,-0.02946117780196201,-3.6169179040191057,-1.607288133293758,1.5968870555320658,1.9980544903576913,6.416937722039385,1.9095059353299244,-0.8696290118633146,-8.986149128201804,1.9067383570944383,-0.6879724657469776,-4.8233414717277,3.9006079630095503,-0.1392747412370889,-0.60979770653585,9.343054294037536,-1.6027670177973572,0.9624847971263596,-0.790870625061402,1.3547592089325546,-2.264658191757059,0.7457344807648054,2.169651520565274,0.5156664837071817,-2.5941294934959034,0.6765538109354284,0.4391591971838567,3.4158818618341056,-0.8486429943311777,-3.4153221942008747,1.8555173937206393,1.257146686154668,-2.658072519624758,-1.643466213347056,-0.1723952654323912,-1.9929786529721814,3.4297781041666977,-1.4628615032236107,-1.7076355799161242,-2.679157253050924,2.2565092087803635,-2.3607726453432014,-0.7383098486186879,2.766526041925772,-2.7387807115537446,-2.4700841157676856,-0.4689956027414623,0.15316641399646444,-3.1037245471959896,-1.889162615867378,0.5763470324261762,-2.9000411569266356,-0.25904323346729485,-1.9723625386547112,-1.8948254602938244,-1.049460587664862,-1.0580698833591315,4.960705345162001,2.5820267705604882,1.7376234802753265,0.27934649613477613,1.426750185085495,-2.1773449475900453,0.2584369712828808,-1.9738327545114274,0.8801919789990641,-2.247551719647114,2.0098110518891783,-0.5571129826260137,0.9874417377367505,1.1552705373900192,-0.19206357855564415,-0.8214811711168314,0.5822232516090117,-0.26466954491851086,0.36989272939216944,2.3919543022749843,0.6591225660607843,-2.752486822786956,-0.29093351280053265,-1.5824949298882156,0.6962255459375006,0.7312509737817802,0.7653855885159612,1.4847454492228764,1.6057744405539056,0.8783776935255402,1.599520119702442,0.25546895449921914,1.1757397842043895,-1.797935624650779,0.23936873382762772,0.4066316029156281,-0.3072780226428469,1.856628415730257,-0.8060460107203915,-0.21467726389563827,-0.4317453695320222,0.5594277278059889,-0.20959567485924502,-0.02024217835492568,-0.2617140619845693,-1.249643987611858,-0.3740043849962306,-1.2443337813171171,-0.6951008787815729,0.7784183274904592,0.1134251901488025,-1.16986197344955,0.6918043446746278,0.8883649111589493,-0.6449376326970908,-0.39183591703364196,0.5376822233708777,1.1105165950572955,-0.14067160114559674,-0.7094337170448439,0.6877059107833843,-0.8837120058968867,0.208469259547085,1.2135390562179498,0.4850780431308748,0.4499928796172087,-0.44657882516275427,-0.5883157001329975,-0.8487753717216506,0.6652910586230553,0.5256600946722042,0.45670782731753773,-0.1024672258828536,0.12831539362036903,0.36197563070280137,0.326426491478848,0.8958946324275955,-0.15402627825153237,-0.1609382901207477,-0.5973820477866576,-0.5894565750525829,0.04056499629098577,-0.02722161861115497,0.3413083782644762,-0.40806936042037045,0.2409516344477221,-0.17425247273699127,-0.46729550964747446,-0.41580224107371927,0.26095656098776016,-0.41689537561828205,0.046592451500695575,-0.1825889942435807,-0.16646246863168707,0.10935909476862345,-0.38102746858068925,1.7862114330963798e-13
02ADL0086,-338.09666397729103,42.17120037584116,10.458940630017901,17.196329514723818,-49.184333801657786,38.59153413224261,-24.510918581417023,43.74959198711206,-7.625790119387786,15.902768370447367,5.181684906059635,23.475113027761086,13.84568969821641,2.580787966129854,-7.4654384214688045,-16.302285111055113,-0.4067039763975557,-4.257307642477347,22.148572143978953,11.525901133400176,3.5212233724276363,-1.5245116887090517,-6.986352682560693,1.7316068447882789,-11.048726592511775,-5.945411236598883,3.017433846398529,1.376949328481376,-0.7941095709945695,-8.515365735603242,9.50828831888759,6.804563804189525,3.8895726590730026,-1.1427909252184125,-0.5271812450607278,-13.167381866749835,-4.369653030752003,1.3730495471777544,2.8657634037646904,5.191283812454407,2.64117203618341,-0.5842095272119875,-8.28917622367634,6.680823584356527,-3.9979092806057643,-0.5812284555358316,6.073897845735465,-7.380204389361319,3.151143262543335,1.6691472115041264,-4.757848625615438,-2.9105968342140276,-2.219246183169298,1.4128872250882842,4.660113632552151,-3.038864041486477,-3.071037248562531,-3.6560236377560122,-0.7788179132494975,4.46040059865825,2.579744162189322,-1.5894025996109533,-0.08934450286605704,-2.3252611955257083,-1.0286742518129108,-3.2176152879217135,-4.511723065914918,-1.4938628885154936,3.47304250230007,-4.215123624027003,0.12675572570355356,4.746325120483995,0.1614550543518781,4.293079883337833,-0.7900816694910422,0.29776346721312735,2.2393964600119154,-4.1347440548782375,-4.889856820984207,-0.29880096766049186,2.3109360047709835,4.475021756721147,-0.6946217265266043,-2.2946506131845013,-1.3150873249071966,-0.4196142662842827,-2.0621856285531215,0.11562066762230357,0.33356963916920507,2.9327090212435505,-1.5804948012005937,1.3554553058947756,-4.020178468761171,-0.22196092163107303,1.1841230781996193,-1.0822822138540853,-1.0967162385321143,1.5448931056069717,6.288541465758922,0.11016069196531315,0.6972904740102857,0.8209563557878422,-0.04081342240120686,-0.37012313903247507,1.3781861582752284,-0.8979303572424293,1.060365841858071,0.6665755147128434,-2.4566244116117977,-0.7378246259628181,0.29778983301738765,-0.7784366254086892,0.25954191810608956,0.1216355603814516,-0.630232989621611,0.06922541564786318,1.151338736673308,1.3615770763432187,0.6060890876008618,-0.34521921466023525,0.7422827188191158,1.1459547232368397,-0.0909838667409718,0.4272773886822771,0.48677984801458934,-0.05112299217350765,-0.36768598570696476,-0.7107105736674934,0.3334604013795937,-0.4844577179581133,0.045543856799401226,-1.503702975544292,-0.3484256575392254,0.08309406542468022,0.825884311729164,-0.5325479523193571,-0.16964447983728428,0.20319003465826835,-0.6849516491420294,-0.12049308509578076,-0.6841315868738905,-0.40234288331477724,-0.4056180539640268,-0.14803975109275677,0.414616754864527,-0.16101853230494112,-0.09686602623240408,-0.17314623396834836,0.9517530208758959,0.3917307022112994,-0.2081609197943481,-0.4708844026545944,-0.37918062943639147,0.09049201865823472,-0.3060366430095652,-0.3666434836313119,0.6787340017943496,-0.20665289909266274,0.0898888579721151,-0.3999760148797932,-0.10663028017264087,0.36688697066976406,0.2899213519930695,0.21389640048371264,-0.20095232316889075,0.3443391408224638,0.2914085875200195,-0.3946428092860131,0.291245900838174,-0.042324122333527864,0.5469962443854354,0.35167344049139776,0.255206351294622,-0.08407021622628635,0.2316408705948779,-0.03204373143257776,0.33246596981342486,0.5818050964427457,-0.06776113368436917,0.09531506472261626,-0.05263371928251215,-0.30091562136576955,0.3270406664562143,0.09013985786585389,-0.047587427402166635,0.20171853636485437,0.003963630924122308,0.029324083020743606,-0.2437930530435835,-0.12752922498498556,-0.006430459224613247,-0.15693949299090526,-0.1933186143531662,0.21100704377858148,0.0478643069633029,1.7862114330963859e-13
02ADL0088,-345.56143451785556,302.27641688792306,104.1853297778636,-79.87253912008897,-3.87554821606822,-5.562121310550475,-44.32471563477157,-6.5119931279165355,-50.54665866488065,2.277969392227287,-1.734725153583661,-23.32429017806469,-4.797876814100901,-4.167201319996178,2.085446043339749,-21.150486139164556,-8.581127996117546,-9.129127370417484,-5.693802091156664,-8.547381265599228,-0.4403396328130551,2.506750158171328,-7.218151277277572,6.10423421943331,-4.064068488526335,0.01666735230008791,-0.6278344803561018,2.478117894606138,3.8282738735528405,0.14366102913754658,7.624719628891044,-3.157118497137529,-0.7212373533086794,-0.06694437565819165,4.758342099641146,-3.2505638642063612,-3.926633808554318,3.256706646265599,-0.9299744515727627,-2.859488140203695,-2.191603870376324,2.263785597202663,0.016796900897589083,0.5403882995407254,-2.6485342950804496,2.00355577962635,-0.8089351681438466,-1.8566424621896724,-6.672820933464989,-3.916085515758993,-4.434324437797423,2.542717465922473,2.471844126021129,-2.698791601372037,1.745273667009864,-2.288318826358972,-1.2151526897607885,0.322486195328012,-0.17273841501526352,-1.3684120433480165,-4.038749399539003,-1.5079994628153626,1.4515912123743822,-1.9495077584912122,-1.9425854297848533,-1.2625634887172479,2.1778103510932,0.7242490858941159,4.252411316218065,-2.643398408312626,-1.412630948620893,0.6563959752098006,-0.6887327574243253,-1.851660544392733,-2.811814468914673,-1.3885995432977318,-1.3803624000409054,1.8996966274473246,0.7452647210598603,0.4592736828661244,1.8163955227971047,-3.4511570623497447,0.0039976785376010645,-0.8037220835685985,2.1449966628853985,-4.2232388592967425,0.8009881804303899,-0.22912033635142207,0.33031231730237004,0.05160809092382259,1.8515900869971584,-0.1726711987665862,0.5517128162756624,-1.53551374153833,-0.587275032013583,-1.1275926139193355,2.8963669909832825,-4.394390036261293,-0.22703395542298796,3.478408676987791,-1.4750244410782065,0.5245185008535486,-0.8304993222208701,0.5579424597591656,-0.9514071253647465,0.0523380508571035,-1.5990494360931573,2.3834562610857817,-2.0791855799775516,-1.00725468559534,1.8184957801091295,-0.4473691868160067,0.7918254672139428,0.7890027589509822,-3.033956679195294,-0.12284581137127241,-0.7206504937100544,-1.23809571915865,0.5257847410260751,-0.6259654968328707,1.4767414796458602,-0.7558561149417177,-0.7402421669986955,-0.034942804703737236,-0.8245467875197163,0.6108083338360122,0.0844070140074434,-0.7344445944638468,-0.17591734732223446,-2.2433740245568914,-0.6847474413513797,1.292568364406914,0.18508584253628968,-0.398789683974492,-1.7293839734436869,-1.0701492091476192,-1.8436118635194199,-0.3341380474657787,-0.3906035873307231,1.199306656307362,-0.43753416766210584,0.3104616510842307,-0.36643880955548125,0.08970423811125877,-0.6676477038891911,-0.3756410869313585,1.6761351069263577,-0.4100857889890014,-0.6019752535294318,0.19212155312734228,-0.5976581121691071,0.9455372576134334,-0.3805816570998326,0.06829981954734163,0.24230549532198084,-0.19918168666648708,-0.7107036527189872,-0.5869140705111521,-0.1554409184101851,0.1545403029518116,-0.8703218824224843,0.5654202708095668,0.5100040129795392,-1.7158544660309336,0.9764226235665179,0.4120017163288892,-0.8738716840886813,-1.162958967553305,-0.09466441056054052,1.3528827439698408,-0.890852009894476,0.07838934276346549,1.3663100656310085,-0.2613281939942305,-1.3899716977980652,-0.009143434722513505,-0.6379608678994119,1.119519266783818,-0.11594113459237206,-0.7687871750866981,0.04964801215246502,-0.4647598761615785,0.26718792014499326,0.842019499582723,0.2400940799475319,-0.8269631960989314,-1.0400907964009494,0.2325391577479181,1.4496338889667668,-0.46562901367508835,-0.3237145944355644,-0.5596546574459988,-0.8672958672875818,-0.5827897201037913,-0.5412929209658026,1.786211433096364e-13
02ADL0089,-363.3099435725861,-101.17380647031223,-22.57511186481256,32.12288937468791,0.6706327285761758,48.71306294624026,16.129932510168512,-19.727157044555167,-34.16758000588253,-3.0954715825060197,-22.28142500752581,-20.415100461393916,-27.74970239982742,-13.399148942470777,10.539964028584265,1.5014451853794508,-6.1915345923574385,-7.422159524453006,1.487994342913917,-4.5880716446548275,4.655017712228779,0.1118621108468564,1.7021050393213,-8.572088150390327,-0.04538977454931146,8.955693229420357,3.431022633130365,-0.8214699381718891,-1.4546221292828103,8.29048505079704,-1.3512410184768888,-3.6875971336764803,-7.7921998305997935,8.245261144307296,-4.223821614866292,-9.475332737863054,2.575334887421235,-2.604580817542538,-4.160126918281784,-1.9168063324157083,-4.70029999432314,5.0754220891853805,1.9654821910206648,1.1079744017674815,-1.7287051386059686,2.8302349717183297,5.74828782667321,-0.04725035960479385,4.946186723214629,-4.593895435146787,5.629737376106695,-2.9007946785487966,0.03576953429940153,2.0326867432475413,2.9585718505500793,-0.5236941260313069,2.400532488419716,1.0072422611763867,2.6713670970663217,-0.13039856664830476,1.0941164166911197,1.8717872313379225,-5.7335300489755925,-2.7767386636633664,1.1551751614492196,1.1208316272156877,-1.695836470595957,-2.841346906142666,-3.2550295926525767,-2.668986925169578,2.782700378928453,2.6176258528518366,-1.5086618442109576,2.48496651577595,-1.1542891908639008,-1.4251656134469255,1.2687182990067571,-1.779224063964076,-2.633254383610703,-3.5046461887096605,-0.9542285023318227,-0.5667138524903532,-1.0243267667869134,2.2924202602933335,-3.3471186853686246,-0.050508449532907174,0.5265485442350943,-2.1462095305847764,-1.357208079486197,-0.5087498727892207,2.988652099130266,-0.25001333046448987,-0.048558994075166104,1.4301699485586292,-4.876155579066338,-0.16639439892883034,-1.0257791792051567,-1.4998836433724587,-0.5353894426330705,1.5029589019543124,-0.9926153230126427,1.471155577805011,2.5431049975588205,-1.6088183018847495,0.8735268273527338,-0.07620108772761691,1.4968158535692908,-0.6910928309354072,1.1737270828501092,-1.4059600018854517,-0.4623629472822689,0.9311543722112148,1.0306284497946043,-3.0217663781028343,-1.7196364250501706,-1.1907984937217684,1.019734515127288,-1.5672398221095016,1.8763866497685153,-0.929384424299047,1.0908120160916532,0.8657275660950903,-0.12622067431474895,0.14074122156232635,-0.5107859753839656,-0.36708535176839785,-0.9321078023721098,-2.3512011867603513,-0.1235011235816623,0.8912483854695563,-1.9615502831196878,1.3357543983708198,1.5922949711246321,0.9799970821356402,1.0128770521526256,-1.5997995074042495,0.8341113369164825,0.5580693857753268,-0.26679284959939575,-0.1028827159163726,-0.5121041127059892,-1.450375757648875,-0.42746124044923384,0.4118103215811394,1.1570809194618041,0.3677090527526402,1.5490580306589186,-1.2804107277346826,-1.2271616303987307,-1.2312289419499114,-0.02898594613668036,0.10062506614412521,-0.9824532035343174,0.8216276084630161,-0.4535003716529383,-0.6494639397349795,0.015218116701883555,1.2815472051690724,0.4983844365371073,0.9722334509691632,-0.049986775908668575,-0.17253974506043138,1.5789352890673833,-0.5969526131865301,-0.03761913645352637,0.09799384726718759,0.7016158288260292,0.45419201583631175,-0.27277089237748425,-0.9491356633761767,-0.618138992034486,-0.7438681735987176,1.0766097662796796,0.5879881998562538,0.1003890389313491,-0.4164328311173712,0.2535806588549489,-0.11182566217051731,0.6281105495550328,-0.5047112639237886,-0.020820222125927886,0.1967390664117442,-0.0006944330003507121,-0.20003393063585995,-1.1212686603984832,-0.7518595174226271,-0.13675347283691253,-0.2347260651840788,0.5427164281618666,0.21217656172689045,0.20588163476609805,0.3902843988496125,0.7432811938983732,-0.25894995062625475,0.6928134420501945,1.7862114330963798e-13
02ADL0090,-344.1552428988658,156.01226983698675,141.70389283394258,76.45063162021144,47.231800977113615,13.500990659136718,-32.497627938541136,-31.455506181443983,-27.463606494894428,-29.011826441275833,15.401124472861708,-6.648718295329336,-17.934003614876268,-13.236555717391486,7.281995394712914,1.6305431285236833,-8.358836355165684,-17.612599867221913,-2.701768841265774,3.223723816307627,-3.0002743452115466,0.48827276861893154,-10.1940732472742,-0.4278639625671774,-8.061736822848921,0.6745050820592956,-3.266474892112371,0.4247514168880753,-0.054305209194046265,0.37479998984485635,-6.909587050214558,1.0351269545648205,-5.236039038577588,4.49569430499371,-1.1820190623391105,1.7035470923086449,-4.348191003242026,-2.02573773853312,-3.8929337818717746,2.2751035169978775,2.0860347086609217,-2.7430383797540916,-1.6419200995161007,-0.655592847867279,-1.939561351794631,10.954518508407922,2.452241266300642,11.218577679599836,4.3740513269512125,1.2475122349008947,1.513603998405869,-1.4076912935021317,-8.123577471243458,1.5533311905813807,-3.68764328015415,1.9232890446409878,2.6966164241964967,-7.791892103713388,1.3056160055591362,2.813496925659825,0.7760687326691009,-4.816895705507434,1.3154023273969129,-1.292771419896345,1.503051567168207,-0.6556300185183137,-2.602159781857252,-0.6958429659595455,-0.4569054815194112,0.2749658058355976,-1.2742566913465965,-2.5464788642183254,-3.3963432731872505,-0.35610189946290727,-0.0800757626012356,-1.6731670155665919,-2.2864903727513934,1.0325605965221867,-1.1017666210187842,-0.33444861136606163,0.36414833701333454,1.2856586186959658,-1.3161875015017332,-1.5426663059897363,-3.021140105489686,0.1682360812755655,-0.8195312799934458,-2.338295343819304,2.1262647900082197,1.8655983176683615,-1.0594178731403763,0.45421650058060853,1.4090723068019346,1.821392672330665,0.2427355870962817,0.3648772642786163,1.1636324993111171,0.4572994615837495,-3.309142256126229,-0.8430494826161657,0.532708944841764,0.06364112100414991,-0.05277453028135856,-0.9191202965094828,0.12162668704389826,1.0399267248405513,-0.10011388990352978,-1.1540220247799473,-1.7944862125340402,0.4151636431329212,0.6852216887110767,-0.04339583276916924,-1.1608497217871396,1.1475621536408736,-1.870984786970042,-0.24995565694657695,-0.4473131784525764,1.965882473039248,0.5318256399724639,0.7214790645178434,-0.3426379796563819,-0.8945221481621722,0.9602597663340195,-3.2557914700889365,-1.172364157998029,-1.9385062659869816,-0.2465912504106909,0.5303187455362749,-0.608419657201166,0.15567984133028986,-1.0882824691133286,-1.209640688557561,-0.24694683248374075,-2.2338266776639246,0.6478585261662672,0.8206376855532361,-1.2525024336138642,-0.5668864216292846,-0.9325204099900462,-0.5963473382792791,1.0431235163826351,-0.46653219948701086,-0.7155724526108067,-0.9335348958174724,0.09885339822169602,0.7603681969301281,-0.6462043285060075,1.3249018994175181,0.39047476344271237,0.4462632285933476,-1.2496204132450741,-0.5082269503697565,0.9323587422118966,1.683619363288626,-0.5345039070169193,-0.2832514076441761,1.3099840798660711,0.16150207352710078,0.559643788586442,-0.6735362095801728,0.7615136149498377,-1.02482302953517,-1.5031735782734073,0.899121912702939,0.22094289469746733,0.32353273359846274,0.10392615407294796,-1.1536817126752232,0.6917847564618494,0.9363834831686333,0.5719301194214913,0.4686700494072906,-0.3305543376554122,-0.7724760738792948,-0.37136136822619564,0.3594630064509738,0.14442667125037537,-0.3284414476919728,0.3493882962117554,-1.1057756742973242,-0.2619722581844742,0.0376642537972862,-0.2301591780333343,0.31027544282673597,0.5726378987304819,0.5796462427581368,0.14518625544700914,-0.08082766961624926,-0.3065808831415955,0.28336389706404147,-0.09260873063441237,-0.06801164329609745,0.2586832082449513,0.36763015407331645,0.08516837432929708,1.7862114330963687e-13
02ADL0092,-364.12927560009337,-61.1590005135385,-37.336197477518446,25.390265056004804,-31.83506283964274,54.45041235056885,-12.036190263699853,19.618302676601765,7.735065399326905,27.254632260479642,26.459939890555493,3.839126803458196,0.7340050515768053,-21.658520669218856,18.95892881819905,-13.854564695645173,9.890979466499834,1.9400994012318165,5.406311712117183,-4.955087418690993,3.905977264360546,-2.2652613932672234,3.735762598084445,2.743122926054937,-10.291128399622126,-2.159766863537247,-7.53538027653483,2.8181007066796857,4.836993357949698,-3.9827147152264932,4.544432149721535,-3.1865861309141303,-6.161143949650008,-2.0276326640692433,-8.759640366868906,-3.5051271058967632,-4.929583126698455,-3.9477592315085364,-0.8473748735478525,1.6702777595414995,3.9407528198462303,-0.6733065977419054,4.030307000842472,-3.89018181941257,-0.3235379432451542,-4.427426390876942,-3.3133554004997876,-4.785365334279108,1.1079518054417221,-1.3559319872823385,-2.0554951840469204,4.572389346454643,1.12218017811391,3.720489582073911,-0.3278507484919784,-3.6265033325736185,-0.7624375489226046,0.35911130545511405,1.927279036909026,0.982877826362879,-0.6779019797891257,0.4506069915948282,-2.8964193935841,0.8295037676992865,-2.0207679473784586,2.1966440066086443,5.8268494981586025,-1.2107815418387216,0.8643868607207627,1.2284055503389046,3.9996825260360316,-5.1853824139042795,-0.9375428890611213,-0.6645698633473626,-1.6257899362467,0.6770506277098005,3.202380740298376,0.6704703824386922,-0.8253307640190881,-4.522732837296699,3.796495491187286,-4.058906226329252,0.5481011434097021,-1.2106571339272496,-1.7517241438002256,-2.790397567305512,0.583635208499565,0.4020468755584132,-1.3122975882102077,-1.8010258972917559,-0.2297521320017867,2.171495789050617,3.464398413162484,0.37798732755750014,0.5305125175280281,4.924517687057098,-1.363245100550886,0.04611379701220428,-2.6242063374260103,-2.4749629844758703,-0.6221118747745243,0.27832418756558236,-0.9252718198177272,-0.4459869448234008,1.1267105955401158,-1.6549463666905129,-0.9743939916561183,-2.58184335438588,-0.9416828646879776,-2.476424353959694,0.12171269976458976,-1.2257076367125452,0.09215069156625114,0.9923829544204518,1.2799508255788783,1.163476107474597,-1.5652577148222055,3.3332840361429925,0.24365408301683064,0.2727381364465395,3.4661829050192994,1.689877303625787,0.13316674803825126,-0.17096174918253668,-0.1126188823362637,-1.6057302562271585,0.537332077554933,2.2330087204669526,-0.08833345402059731,0.5887327159024359,0.3449945325102576,-2.725949274078055,0.4123491463989775,0.41163980475393896,-0.5723780398489,-0.48021093027031875,0.4209218939566441,0.8084270016234288,0.38786728948610033,-0.15698004579107594,-0.21946870319600686,-0.5445282303253991,-0.6727388405294584,0.7101783339215965,0.5534493633691504,0.7635410152854979,-1.8603645845820134,-0.7855335727552224,-1.542119004518555,0.8684309880193651,-0.6455213457214757,0.10336594144952344,-0.8586601008428109,-0.5587930569513181,1.1773115598742379,0.5632192570556294,-0.3440253080815137,0.440658757963096,-0.5395712205761907,0.5133425999581095,-0.42211840443079063,-0.9895649699067405,-0.24632395290075065,0.6237739820934504,0.2744785760653514,0.0666449992493542,-0.8433301445357049,0.037692827369128046,-0.14088627923092262,-0.1502845768831207,-0.7032748863098336,0.3426868336820149,0.07125759746510414,-0.08748577171286781,-0.2684858579018966,0.2697087566080769,-0.048227274184254376,0.2479785014280523,0.2985760354393019,-0.9215381661679581,0.06271072025037394,-0.17037913474744593,0.029210351369938964,0.37235660190205294,0.515011023235194,-0.47890909275553073,0.008292129833472257,-0.11627294530472151,-0.5402120865923963,0.3655881723758768,0.9297377238212753,-0.5986855849107017,0.10041521468610863,-0.3833288681409647,0.005916016282733757,1.7862114330963758e-13
02ADL0094,-355.1940948611131,10.404889829260643,1.1357531015892315,-0.9242784740272051,-45.860859476252614,30.3399745827941,21.666832221354614,33.51422334058495,21.192308057343485,8.749579583608867,14.549153134802877,10.784051076539846,-6.795529290445142,-9.78392492743109,1.3454879789002026,2.2721182578678056,-0.5673780437279643,-7.700479945026701,15.926234337528227,-3.6076637030585887,0.8419371979416236,-1.6992929397031267,5.128193909916824,-3.8474589935542634,-0.40181289080794863,-1.187630371235746,-0.7532607411767527,-2.2196621094202658,6.166122534675605,1.8996995902701603,-0.38306744140067306,6.164744977511144,1.312294027390242,-0.9173345113729179,-2.7152560673675983,-2.0034240092113187,-6.147203678402534,-0.43766969490849295,-5.786965332229338,-2.0611057847683094,2.7562824957893675,3.652326597669575,2.8073657502457467,-1.0153504973217427,-2.886872755315789,-4.649257442348815,0.4049762446786202,2.3429349447195094,-1.1996657879642594,5.297893613407912,1.2731316187003052,-1.9353817117769456,-5.107296999810427,3.424594501209606,-0.8684919181045404,0.590156392841494,-0.2153863609868428,-1.305917577783367,2.6503342481299597,-1.2522914594285637,-0.5503628902895994,-0.6107554847304201,1.589181200742008,2.808739122073642,1.676660491868285,-1.8560306573732661,-1.1220995612229534,-2.322704675029861,-0.971828857978402,0.6803334077838081,1.7924839098213792,1.178653690308024,-0.1774374060248315,0.7948525941873358,0.3710863179081517,1.466684802237512,2.4691652333348046,-0.3197888524976655,2.591596521960662,-2.4868699468050215,0.385469760224018,-2.2005181717995814,1.1821479652330138,-0.5093018189749337,4.3357016438703235,-0.30688640529711386,1.424520830283925,-2.5230614167993592,2.6209828867565648,-2.0358521019114066,-1.400305193315344,-1.478855682944304,-0.8506112277317771,-1.467789754027277,-1.613894244972849,-2.403370613763523,0.8518880880853439,-1.3561938731230374,1.5585051681331685,1.30251205652675,1.5142636236625737,-1.1350784616727008,0.9937238450973406,-0.09200286271973075,2.1321911604558594,0.999152943320898,0.6380977638748806,-3.38537614434609,1.8394281130609276,-3.8821465177356402,2.678380935767652,-0.9879027949340643,-1.7655601546825557,-0.5468633186848291,1.610178534725341,-1.2973548861211792,-1.8031078480556468,-0.15539319653527586,-0.429307888987348,-1.6294130165911096,-0.13577073255818964,-2.881045725974055,0.0965591208875216,-1.163569572247545,0.27075640916422106,1.209391760823406,-0.18807484698988558,1.2354129312960092,1.5005050431549491,-0.5911242318303684,-1.0147778226177018,2.1556412600727644,3.4358619045928243,0.740483342789322,-0.7064793098813068,2.4624835598038266,-1.0945410775917717,-1.4180559280534566,-1.4548378782349165,2.5391363428062967,1.658857896476599,1.0545997536006666,-0.2417393054724987,-1.1461235560952057,-1.9384400778014357,-0.16768486501521845,0.8732991830991508,-0.12052041315492125,1.3295699452194398,-0.05854982284789482,-0.1286096746015353,0.41385731218313365,-0.19227255237212645,-0.4165956746215006,-1.2830774539937742,1.5523993781296057,-0.11633585833205007,-1.2846301390329327,0.8454309664648804,-0.20871726280813638,1.2217628969086087,-0.9064802247646955,-0.7907438299713899,-1.7331594939839463,-1.8440639511154309,0.2377091748408827,0.385421890624073,1.1918277346608825,-1.5262231042628693,-0.7916113804147288,0.042075517010614905,-0.27476724095979865,-0.9765933500412801,0.5353955378371962,-1.2463510974343235,-0.36020104246681034,0.3873340759684887,-0.4998279978860894,-0.4746300162987523,-0.4059195094264035,-0.17013119510605346,-0.5148803161954597,-0.07171095189178095,-0.4428970879465514,0.5376961201541135,0.27756038624791707,0.07368831218401453,-0.019474230758079823,0.23530698827761415,-0.3264348725848849,-0.4862510532168676,-0.406391073040742,-0.017482587363145886,-0.013175950696356879,0.08076709517842508,1.7862114330964048e-13
02ADL0095,-303.75058417947616,31.24704375646686,-12.23733123390849,-14.993912866867108,21.585008171192793,-9.291725281246741,8.111634451455098,-7.6253118846329775,37.42561290124951,-19.207781129297462,3.6253015320495057,2.1340709551986636,-5.776640135527378,14.542302253192076,17.21806064042246,9.447241459425477,-3.657123936196014,-10.055255249615247,6.163300927924478,-3.787847979358051,-3.6885485250291956,6.145142458796785,-0.5028832159213071,1.5969542335769202,-3.3459403035089945,8.163780344818717,2.90065960161513,-2.277957900541563,-5.894611352012669,-2.073944973764337,8.000299780836349,-4.0156733781874925,-2.4454376201384425,-1.5391495230956496,1.3704832027184057,-0.6572651741054051,0.018788058111119915,0.1405319892725466,1.2163207254063553,-5.177330264831246,0.48296611337950285,-1.8831372782353757,-1.4571047678666067,-1.578338815725915,3.2459399788370265,-0.6081512824514856,1.9446004448151935,-2.1721664252060533,1.927157264394599,0.7472039681830867,-1.4454284510593491,1.617015030557601,1.8464229940742223,-1.7792520351813212,3.8480227912476717,-1.79617634146193,-1.184262289344951,-0.8309153872313122,-0.8866332614511024,-2.755477039035269,-2.1387907244757067,-0.21924763529995248,2.9140874089973012,-1.0570319329578475,-1.6918735027744225,1.1041477352844153,1.5607669912174666,1.3301794618027523,-1.4231887965885464,0.1317913541966374,-2.6493384720040845,2.1019424194889225,-0.11109881303396164,-0.2509333779116581,-0.4880796391993889,2.6654584902874676,1.8937883842908818,-2.183738531213357,-1.332677312780698,1.439822173629147,0.1470257765112191,2.0229669487661233,0.23319244016533583,-1.3857818573652296,1.0213411246322677,-2.38255155052744,0.48112924118336253,-0.06172059697915009,0.6412821476301234,1.4705253336857083,0.551658136605735,0.9060476426057338,-1.0215788729003341,-1.093918444302028,-2.155440980542653,-0.8359557857809878,-0.49068743067765863,-1.5242750036389638,-2.4032190295378113,-1.7212298899374598,-2.3156918487137323,-0.5292390709056009,-0.8272923287531013,0.6684852760672416,0.6520146869517713,-0.06596492445093358,0.8638230249494435,-0.1939916759303674,0.3272079338703579,2.1995490174471906,0.2586427009341642,1.17572590878266,2.3782953422820716,-0.2534771352127497,2.186902068192547,-0.24924190873936197,-1.2685385722824636,-0.31766420745849466,1.543542222758355,-2.0151070481135975,-0.49459878334794083,0.6544719114513174,-0.435462172807759,0.035703579057948354,1.6147051307449976,-0.18475538038109124,-0.8566941841438307,-1.8118486708404757,1.7889682374311437,1.7190422101905398,1.062047947032218,0.907501361104053,0.33068455634494937,-0.5668834686920584,-0.5888502370150134,-0.9045778125824372,-2.244236977272159,0.5240702666664593,2.8221680218524736,1.4671376570989592,-0.44682029796750045,-0.11414339043330414,-1.3894069349197078,0.7624831377700599,0.06921809986846397,1.5846109232415886,-1.1934891834395127,1.9672076349439958,1.6058717602732269,0.6631840817504501,-1.818951151680562,1.509212046035647,3.5203095670189226,2.5283919783603936,-0.07128254668761494,1.6533711613478055,-0.05581736569655335,-0.42775076335882917,-0.2537939029399972,1.9813667509086434,-1.3260167277969683,-0.8236806651234649,-0.08424741805816843,1.0065682906289544,-0.5876334839599919,0.9317262971603589,-0.3655933219291585,1.9783434828939694,0.31114518387297274,-1.0065233375315985,-0.906963087846695,0.23861442676324504,-0.23948074673146316,0.7627906120379708,-0.6144378595525835,1.9317136309529666,1.3973336641457024,-0.19909313664647588,1.5822310493865637,-1.0973171685742251,-1.4638949227379963,-0.23359976835263607,-0.15319580920380682,0.6228129735855252,0.1668658193254594,-0.051287334459351214,0.4238576527729167,-0.6870685724283956,-0.9398169921819295,-0.34600825782719935,-0.7368185450822488,0.23076637891666635,0.38453383704815997,0.6455375754278984,-0.605914855391072,1.7862114330963361e-13
02ADL0096,-362.2738522259366,-15.45939958230604,-70.23165466326972,0.24987930302260988,20.63793726635221,-40.13469241176172,20.300477017167843,-14.387517690955596,-16.000582930913502,21.616606797281015,25.81263533886173,16.80253687260772,-7.350997635959633,19.441378058376653,-5.638899634129769,-1.817445361379093,-0.9723028405073562,-1.7470933780715983,6.77952928862203,6.919553003225633,-1.9679596319023165,7.406861846632808,2.190762866721858,-3.412117585709988,-12.298094547516722,8.936367113848368,15.770393403077218,5.536258708788293,14.093544811716644,5.057768768197034,2.2471378873505783,-1.1153834891370586,10.017539913670431,5.912962111976219,-2.3021340595101263,4.340799913133532,-6.487882523134351,4.425539826213731,-6.585209272398919,-1.2945938032533026,-2.529840348553019,6.840237920672075,-0.379771546106254,1.5434954862983465,-1.767658805167564,-0.3002706441222002,-2.5725727871651163,1.4701919238394197,3.1713117653299316,2.860891580138211,0.6667039099437044,2.8033472571226192,2.249967312398013,3.663134385250393,0.6561885622532329,-3.0923136912025853,-2.545748885151362,-0.40351054452955204,1.2135150575447007,-1.0544619041217318,1.0252959661161072,4.3547196335279095,-0.48520069334800847,-2.1323578837942256,-3.045959652841697,0.8131371175548155,1.4056364424775596,-0.07705868215079054,-0.7759351076657723,0.7490103390898128,-4.217084756456908,0.12648553705671733,-4.557395013421471,1.0505543809905171,2.0096882303731336,-0.6057615169037067,1.9668225987080696,-2.1299359256618966,0.9878894213083224,0.4358168466780812,-1.784147720861257,0.9654131103195994,1.297084143674145,-2.119576156999569,5.202889407256158,0.8093654240843033,-2.6954458144285964,1.180570213556946,2.4079028833040352,-1.4705360665116005,-0.4339254987091585,0.7056768341189856,-0.047171898850762284,2.661543954008187,1.7878186822141966,4.859750715321859,-0.5003008289904343,1.7688436123546174,-0.6014531778444961,0.4326711014512716,0.5984804878606927,0.41749906994844527,0.4486774655786114,0.08491598586014307,-1.2307897589777652,1.4397588828378853,-1.0653300715371992,-1.7080528814873288,-2.062147140373102,1.7256997447094493,0.8086327162590341,3.2368662432885222,-0.053229030882818544,0.006423610649533478,-2.9201642445575002,-1.156722495259717,-0.45075707919895247,-2.034397283197661,-0.3097873161627791,0.25814366766898295,-1.2604878847609169,0.20006979709399783,0.7200026538388336,2.223705443341505,-2.598657609269585,-0.5257077152034575,0.17771548983604668,-1.0049846008230694,-1.7075507018870213,1.3272013469412527,-1.4506719158023038,-1.0412480608349146,-0.023925272037402388,-1.1257948477249744,-0.3848514281330926,-0.44356693638639955,-0.22032261481297089,0.03718564620667164,-1.6744851431510244,-1.2628909460210496,1.2673143497575112,0.6625934544033629,1.6258642774177428,1.0607388324088625,0.3907169144907078,-0.08233344279561325,-1.3236381062425815,0.15888801054695234,0.02689826705984867,-1.0252654767925864,-0.8051606188496351,0.9023246839868675,0.41330575835695604,-0.3796553117935393,0.7088834587814279,0.4956626604040077,-0.615492322164008,0.2757715479547472,-0.5151990492516446,0.5341621102909565,0.7665341169779694,0.14582176300020966,0.0896240332296135,-0.1898012369408892,-0.6387257926251535,-0.22103786957889276,-0.821659638914053,0.5381547244499557,-1.0193659306622904,0.1761181995717021,0.7071983561246594,-0.7793976064751481,0.16616369144376691,-0.1027334681110871,0.1570411576290819,-0.20028439397069714,-0.7268175404887967,0.05621188037487113,0.3381453826218664,-0.48289731993408996,-0.07673073131810416,-0.724152397317734,-0.02000995914285286,0.14401538458250615,-0.19968803771385368,-0.7397878357689481,-0.560910884552427,0.06938276979931654,-0.2543752914373356,-0.5275997045087562,0.24810119276336315,0.7905612251654303,-0.5203027117177245,-0.08032591975287084,0.0235229236581456,1.7862114330963843e-13
02ADL0098,-308.9331754134235,130.3851947774851,24.98541164573393,-43.480791995026905,-26.85375089084921,11.026524016373557,12.355999600414,25.340722271565728,-8.299824102457487,-19.857702536325696,-26.482092936900973,16.793109314702342,15.490264244598789,9.444340990629323,9.422902268092301,-0.15483735164211393,-5.99113868686631,4.435448795523811,2.3892576747342402,8.557110793451388,0.9605178504425079,-6.232984566362235,-8.46589125858352,6.568486822325076,2.2504998887814196,5.042571482079105,-5.413184305499031,-0.4471388774521605,-4.807647270672913,-0.4390268231836347,-0.0815722471028133,-1.926201749247356,-2.347248747076522,-4.036194483601998,1.7026667241932316,-1.0196149233318843,-1.0402019631409818,-5.880548886629178,-2.356830231786577,-4.622960063918745,3.6428306713925505,-2.037695861504572,3.202501684951639,0.8991771334211532,5.281866509957667,1.6134361397033121,-0.3084596519946448,-9.771723492121659,-0.3261187444936798,0.8802361261096127,-1.1928697530411907,4.810757129264994,4.231537160943294,0.9576077439168262,1.5045208586283805,1.4232759975848825,2.452122319404459,0.7704866923507366,-1.5363630172261242,0.6443069034628612,-4.294798044682548,1.2470797168670416,-2.423858562453295,-2.898966961582281,-0.6925946160954165,-3.5141600309275605,-1.9873488922033455,3.5176200516681773,-3.315703368339586,-0.7342803021112847,-1.4342414334951097,-3.1559305644857676,3.0454153945385367,4.686207590804764,1.7479330345292683,0.8177519788465759,3.2323709149377047,1.9791869001929445,1.6248865660557732,-0.2704466437636346,0.1930013051102646,-1.4692437564718506,-1.0258127003549058,2.545004431118448,-0.4228336567349897,0.04319370186868791,4.252518410071,-1.1973662661970783,-1.0303886825604869,2.7897851459134047,-0.010892650465727186,0.443061430761008,1.0353931221043624,4.4320021195587245,1.036327479759703,-1.9173926509961352,0.6255842693619114,2.050022472638648,0.16872461359788635,2.0959707881650536,0.5617536706631733,0.5656282738442274,0.05569487922354071,0.49549130998884866,-2.828543644511482,0.5567989189642241,1.0225224350955286,-0.8023198141384453,0.012091260131195082,-1.3561539589866978,0.5700248547377229,1.3769170098904027,-0.2744614654521372,-0.2598006682837852,1.4127837625586699,0.4776026934259426,-2.569541438623809,2.278153822014732,0.7635411061327818,0.1457572737617936,-0.9571450052030623,-0.6288332088803086,1.7460254090084968,-1.408390581553352,-2.7902671056088026,-1.335830810157014,-0.6267774360991947,0.5731395350410624,-1.3263376409286625,0.6778059208778889,-1.579073881894089,-0.9514382126925799,-0.8600360767551901,-1.150738445711123,1.889115655881978,-0.05925427326101828,-1.3455924319172716,-0.7628753586507985,-0.6030563085318074,-1.3072459963414018,2.4564206806414832,1.8238588734548806,-1.0184820023705115,0.776886485191229,0.22612063529081772,-1.0650233032462373,1.831919698195546,0.12570048582422877,-0.25267748156763536,0.034804800778549416,0.15089201445666275,0.3105186312411972,0.8496786629474127,1.2532370305595062,-0.6118518348832193,-0.30059464667272784,-0.3227611980992655,1.7564454313542637,-0.9503688774866664,0.3846972317024431,1.0214499194911817,-0.16328384702774326,1.3128021860967132,-1.1180069419014953,-0.08456183505834773,-1.162383612708842,-0.6852924347733483,0.5702280955445136,-1.191934727969355,-0.6381699538368872,0.9371165759118124,-0.004736304038280881,-0.19339602899707492,0.5600237739079169,1.1339344596728909,-0.1898158009417621,-0.8295641040047914,-0.1470341736196284,0.38621641473340945,1.0508712392687771,-0.3924765243052741,-0.6548585334937741,0.18243877697813812,0.3365585104557744,-0.09355725464666133,0.8401875969731223,0.5401617325178808,0.7462298174969464,-0.21661462459801484,-0.16111318957367304,-0.5454027141600319,0.13851281428409395,0.28139593807573665,-0.8654376548063786,-0.6695486313745898,1.786211433096389e-13
02ADL0100,-335.5705913171308,-74.70471171925877,30.046495993939605,1.7551078107179419,57.56910148405686,-11.650290288796178,13.0547468926921,21.611986295250688,-27.261863233556095,-21.813867349321495,8.096577129374209,3.2268421431064573,4.710172226006384,8.488305503251635,29.48868981622057,13.319052968301818,5.075836096867645,-0.022805161971941882,-11.236032396243285,-5.508300714887629,2.61179425613315,-7.304040349178917,-1.4744369155977959,6.203857226038039,1.6692375037761649,-6.95039463857106,-1.7735655884022203,2.0220344711100386,0.4457954520683505,-1.576138015622146,12.865823106918258,-2.775865479780653,-2.5925759700142654,-3.5700265849804316,-5.891204701558483,-0.6226220270310492,-7.324087320278811,1.9962841019772126,-2.45710975500067,-5.329037854765126,0.6870005350527612,1.9704704828581223,0.20469116828912037,-2.6950016558991092,0.8453395179546753,1.8723885486490532,-1.3514001389730383,-1.5336558348823746,1.5070877854432432,4.703609289225509,-0.8778095404923439,-0.9273349321439979,-2.184959294045312,0.7793371124832086,2.1297064669549397,-0.34343151147973144,0.4697834128572973,-1.5379927441832342,-0.7182460612965123,-1.1923707659179212,0.40391418442767074,2.325486475650326,2.560949395264469,1.9538984335190017,2.7129638198541843,2.1034308145432767,-1.152229068645855,-4.668596312832029,1.1372806595563079,-3.5652615728048573,0.9714383627305111,-1.378465346408844,0.6534185989247658,-1.863753597968426,1.7317095678963594,2.9135015355465677,-2.0721792966539936,1.6201245218062363,0.4921888521607451,0.6015484830800684,1.5572071002081331,0.775921583323773,1.179941497275043,0.6244344064266775,-0.9925934118733041,3.3027042337877726,-1.9664963546885756,3.1661964254813366,-0.7132863810708121,-0.37041296710839605,-1.9530106062657548,-0.34353172000449517,0.5153163253683709,-0.44145423504923664,0.6539883419524833,-0.5199880537603072,0.850535487626859,-0.17368613968622787,2.265742056192448,-0.9632448222799729,3.8894615557323697,1.4180631868309062,0.08895089433023963,0.28660534167994745,0.975158822006406,-2.4087635725491,0.32827774816904565,-1.3283659707242998,0.8980670285060789,2.011600783251262,1.84237673368758,-0.386357293110867,-0.878380523214368,-1.4719110452486823,1.2489820608545532,0.9752795291011495,-0.117524496842525,0.8336425213110824,-1.0295268728290143,-0.02573492711442856,-1.8590251280636734,-0.21424202153025532,0.04115957515716899,0.9379096702102842,-2.083301306068574,-0.7443761240696957,-0.2790340275421035,-1.312079520821656,-1.2788439863890328,-0.7775495707840309,-0.02391239722269217,3.218814206015785,-0.41649211575399625,-0.1669062255562312,1.1053923813650728,0.7895204250687151,1.7641567597680086,0.8453261589763034,-0.5589639969990925,-2.201663310185847,-0.9855124459283914,0.3719326367164074,-1.1192044983947242,-0.4291585219352437,1.4007893027272507,-1.778533125755609,1.6757442999730916,-0.974395254510299,-0.048494602318677874,0.08734778574494635,-0.6267370354925279,3.2952650574509867,0.7128249000523147,0.31702833491278165,1.3467671245987025,-0.3496544731799012,-0.784143605200435,-0.482288814419028,0.5253857799931476,0.3272496138476879,0.49948068323273587,0.21537308309974146,0.3322986446981936,0.03614038431718264,0.4994107925992741,0.27650432329868985,-0.9045021619378848,0.5405872183012101,0.8897990310077263,-0.5315110623885257,-1.092223012642925,1.2704720598666301,1.1433159764442589,-1.2482974239514117,-1.6033411593038025,-0.6880476077082373,0.24154616746406493,-0.1098626372028916,-0.922224734621605,-0.08212386774999887,-0.18618485282512282,-0.09080038067719944,-1.5088242534781076,1.079291694730023,-0.02609803411507141,0.38747888870207986,-0.8143609614069739,-0.07480842921839544,0.468587774776302,0.6837047663976312,1.1628710620810412,0.6871510910518864,0.6894068096050708,0.9631103964807755,0.30295458652985763,1.7862114330963609e-13
02ADL0101,-328.1776807825873,208.72874977595288,36.21792249371771,-1.241415281837124,-7.405176524024285,-33.919876391208994,-49.925931529849066,3.946002267739723,-7.163511291941936,-4.27671350875507,5.980038586341667,-10.213199156502643,15.079428873536596,-6.280409705368614,-24.38326585643204,6.330886185682857,1.5026201596733768,7.277686475698092,13.17584223541385,10.939081289497462,-2.365704938350619,8.129777242552317,1.8278024556674182,-0.5175985830365895,-1.8565609255331685,-0.9544231856097144,0.9794047163207834,-2.5461691838582663,-0.34304468784863934,-0.2460662448562964,-8.554646348938258,-3.295376640536488,-8.136737003141201,-1.782510520906805,1.3953280638645187,1.1145497727320721,7.185594433389499,1.8381032805723794,0.37855490241663464,-0.361787646576556,0.8594894318638936,-1.1456284656605424,-1.6748949626146477,-5.275524494234783,-0.5285101859301108,-5.9659690096735325,-0.5071843062684815,0.9051382517416646,1.8201311663011994,5.779771095128761,-2.126925305295405,2.90964223694568,-2.416477880355566,-1.8113550068262407,-0.5157860871205803,3.336026614702521,-2.6015251468456237,-0.7728116350523342,3.632678464586093,-1.1263341819294768,-5.346129541581238,-1.4986062203367205,0.7396170162296352,4.2270327567208215,-3.703849654352011,6.76531247445837,-1.291098741923148,-2.670693663449238,-2.1158591220265266,-0.48735929502391906,1.7477168313331908,2.444717546857466,-0.5825038442774257,-0.5044981962743684,-3.205321825606682,0.6022069345312049,-0.6857436330210089,-1.615604592488819,-3.055250522912641,-1.2786855162564972,-2.0602764139508056,1.1723281108039856,1.3162633106200305,-1.372454505425365,1.0061738320994935,3.0705005296030334,-0.508758942340285,2.184664981477164,1.9233232270538148,0.9902093439221702,3.7016665324056026,-0.0526226309834983,0.6663820993928797,3.373319800885641,0.0047657767622263526,1.0136485505723303,-2.073959304109496,-1.6212055977460504,-1.2288560980296628,-0.4945385176107192,-0.7939901628550748,-0.5175460769186262,0.9141455644288727,-1.0671528899451923,-2.571800881891298,-2.485815461138107,1.4232708399941845,-0.2185503291857702,1.2884762256838564,1.5259631478681697,0.3701470298160547,-1.6365557515641789,2.332653406817175,-0.8851549761147907,-1.1388432284434193,0.2367014108231416,0.40697432361781477,2.9581149092702033,-1.5382114100339543,2.4441813681727655,1.84427353773047,-0.5346705662121135,-0.638537970095568,-0.5179915575421393,1.0254110999784836,2.5336619092603003,0.5654914385947325,-0.46458279617963993,0.6255035345015989,-0.20790393062442872,2.1860742047681976,1.549441444911663,1.4858970061999819,-0.30250436909371425,1.9449700829235752,-1.1067180668361125,0.9788244838226057,-0.8497601909653529,-0.26425756435189446,-0.6084047286574218,1.0990712236803721,0.5487014229700884,-0.47397555921726475,0.7037112148733299,2.4210368690132666,0.6860509589146322,0.6199607687818119,-0.13681108403961395,-0.257069562013156,0.49323413815138073,-1.07278333671157,1.0836308868165425,-0.0008222718043913844,0.5175971916425756,-0.6207711236466271,-1.0138851770452801,-0.41610410688325455,-0.5325107073042848,-0.5325331985484876,-0.8983484565616795,0.7775362365598643,0.18816943349307916,0.26920841340443813,-1.8716377213145934,-1.644917774511515,-0.9608809358543957,-1.0296119403653727,-0.2731450155725237,-0.3582227609864315,-1.2895699207229705,0.2935168182617681,-0.6101445800176144,-0.032177245061223894,-0.8836577791055931,0.5569091246884244,-0.2549113089827458,-0.5734681566757007,0.6611646340930419,-0.3798015804862998,0.14621677389784454,0.21961369581813017,-0.38361352702383616,0.0794690229058294,0.3888942348557727,0.0819973480089994,-0.41728912022581094,-0.4970560464778759,-0.31953779625831485,-0.3729179172667075,0.25313875518707685,-0.15821413794439607,-0.5084209129140724,-0.3041758134032381,0.48642536042001133,-0.3024696614555725,1.7862114330963813e-13
02ADL0102,-335.37149856530095,-57.38403050501228,73.49125522621112,-70.12770903990507,2.721492428193766,-17.434387793822353,21.073563069512588,-21.021529292558366,-38.316077149439366,-2.160417844434611,-10.800806897159143,3.7355379297903633,-3.4271516348580295,-13.449426708449955,-11.817695808091003,-8.274280038017295,-17.033632911913354,-8.363858457266394,-1.2445003251011786,-1.546007844350132,8.811105772974873,-4.287350686165384,-8.210925622843314,0.9303983836286496,-4.033682610371431,-0.007486136714477747,-5.444001339872351,-9.128124224429811,-2.1546543419112445,-0.7380218955179627,-4.600616527289896,-0.2414836388508913,-1.544295483083005,-1.8858904548866782,-2.835667925576104,0.4054166152896981,1.7789750371668065,3.365399792686106,-4.241919185104225,-0.6790942336858553,-2.616279964198796,-0.19094368979177745,0.5983963309396884,2.2587533784326475,3.1944597054903596,0.48838244664178426,5.318178044545375,-1.3816653350724641,-3.9664209613287995,2.639259860698244,-2.5341225797302043,2.726147616747382,2.033665237810684,2.3015781655089937,0.8802096306878633,0.37408285711006944,-3.5475863446376694,1.900994370192061,0.29206796099450827,3.0966312418240864,-0.1562815905654496,2.146710943079579,0.858724330916416,0.012404079942127895,1.0519968219260762,1.570618655405832,-0.9331384729218231,0.8135002275756564,1.2252134346945152,0.808815670996071,1.6887504112671168,0.9805630313424653,-2.194120587846565,0.8031850322627803,3.1764794000142738,-2.034150620373862,1.5064663389895478,2.1476937630280166,0.56575133306136,0.15224143775008503,-1.5175335279647544,2.916969668786774,0.2886881291530894,2.3743397346509383,-0.13348210952153833,0.3339352547944444,-3.650522096936774,1.7123258121310552,-1.3307422031483975,0.5626994965015456,1.6375625860712313,-2.0151439796121426,2.313484023523284,0.11496067712191077,-2.6685175448181777,-0.6005991713535541,0.5774668059991058,0.19737996925711337,0.29154570449394634,-1.13070163907003,-0.7389928458526259,0.39609563793437796,-1.6034104828233993,1.7785559914529034,-0.5287311753476989,-1.705332254095199,-2.1362034712871347,2.4316970626188286,1.9263423363477497,0.9818146835436605,1.5216201765973252,-1.0318463582036983,0.9614341738306744,1.7160834830372989,-0.27150746475071064,-1.3462456741296371,-1.5916304545712752,-0.602512685069881,-2.0139853678862947,0.09858554825254975,0.44247403441374755,-0.24738015017277745,1.6153807777915916,1.5729881335656495,-0.007772929333619613,0.9547220211212982,-0.04462609277877448,0.4698062191212597,-0.8112089807916384,0.571026121694051,-0.46802628096566357,-1.698773525832053,0.8342658150502423,0.7508939596687814,-1.1290714578648915,1.0575959850986854,-0.3292088869081816,0.31449237197408675,-0.3182444097907861,1.129457954088509,-0.1555000895925624,-1.1316227826744272,-0.9655080650347843,-1.2066970152031273,-0.5057312168856972,1.7641297218373866,-1.2012989625638488,-0.9913694556158151,3.019486748306532,1.6434755059002095,1.6100583324809987,-1.0009013793811312,-0.5561040757323301,-0.9421965533373189,1.7376044776166515,1.3813910725238725,0.29857065180110876,0.45737050782679844,-0.4124309092866471,0.7498077699150193,-0.4155770185896529,-2.292700192965117,-0.05783913365565361,-1.2272408154570507,0.07506342743212344,-1.927769121556782,-0.14984558065827708,0.6175419614502919,0.29445669378456246,0.267701865486838,1.3008570846065157,-0.45972023959710356,0.7381684882587728,0.19785041940065598,0.08188657011620785,-0.9511273565725205,0.9324324316621017,-1.314198601554095,1.2222745721798582,0.9425022996378303,0.3802629116723499,-1.2353144885427119,-1.075130093459538,1.314654181342099,-0.8904554266385093,0.5491656824752326,0.28306474347795346,-0.25948834261360976,-0.9996136266746366,0.8022225495915423,1.0219938900153107,-0.13950508911207735,0.034782185439747745,1.4811046470467917,1.063691602228919,1.7862114330963758e-13
02ADL0103,-332.104779154104,-80.07642393103559,49.159295900204754,-28.22243690919309,1.5597571508980546,64.59625541496031,31.22254390168825,-43.04577704450532,-3.9536163552788683,-5.119005609477395,-18.145996321264008,11.260549135551726,3.9333047758979856,7.633439151460101,13.675256214349766,9.073231470104485,-8.728432625404563,9.094386694813705,-1.840138761303802,-2.8441739865017146,-3.14929641827822,-3.64418776371603,4.228082725716221,-5.578742299695078,8.661442785550765,1.7650989195375268,8.433360937896206,-8.803434925155662,3.2237319686304833,3.332691941252758,-3.4318648877044575,3.557685925669884,-3.7367505534919077,-3.1860389737258665,7.221657967477616,-4.331083529825589,2.0057238581827503,-4.049838434954728,-5.377583275171423,-3.522323893408192,3.8650056362822482,-3.0584506655443544,5.2808761203094665,0.009761851277166674,2.8507646257231123,0.09725099707657955,-5.025226065928262,-1.0174558728445102,6.089199468271189,-3.3752516172441447,-0.2603532283179064,0.4085561589721958,1.166497188193851,-0.0004738732840903599,-2.5979204858355116,-0.7840867884026976,-5.30178943710569,-3.1246693762398055,-1.1926965850352225,3.2198476633608086,0.5471311119387454,1.5530309028434717,1.0598091984528337,-6.200413580067812,-2.7675296226335595,-0.2293168306950285,0.40532493066521663,1.4889706232692448,3.0418596358741765,-3.522654794877252,1.7051722502737598,1.8368315701481583,-0.945239024516867,0.843092720930032,-0.9619927124878119,5.843972042273802,-2.457252881199057,1.0192146750356206,-0.6840753663026169,3.021567302880929,0.22028527749175872,0.8378748943744054,0.7055349065036525,-3.012604312980233,-1.4443659162641762,1.3318598913245205,-0.7283948441946314,0.39211566266049197,0.10561773472668583,-3.086737790485344,0.7724026151729021,-1.8573954055385515,1.7560826637904952,-0.789317415427183,1.2447387426117793,1.1501414834571626,0.6537540443503997,0.7647178122132641,-1.5873199464024959,1.0006209763611311,0.730133313896438,-0.8613046304491353,-2.0778940728884634,-1.879930708970503,0.1811271953570047,-0.40850245664285145,1.9399081635616828,1.7293953317342137,-0.6405689533472547,-1.4231262331248498,0.20257409498110265,0.1556075870289353,-1.8070311061143485,0.570895583866862,0.9414494123340146,0.6741622597306225,0.5842639033026537,-0.1627485488132086,-0.5247278942037381,-2.0812895158739115,0.4112652606329807,-0.7005053262466739,-1.8156360748483495,-1.096455820302282,1.2825891328628733,1.3455380573334064,-0.6213489106555122,1.9583611590788645,1.6791700856966245,-0.9661367105544818,-0.18143289210106595,-1.008063036425101,-1.0577189187524245,1.1526209914897583,1.830663177029009,1.4674455636763433,-0.6785575045807388,0.405116130004986,-0.9325468426399264,-1.663189581319719,-0.5351558635510048,0.599301520910011,2.015944659376819,0.5588825033826808,1.7965022077687736,1.5909031893343974,0.026714590559713557,-0.06127425917126041,1.4663326115185773,-0.7216509698463887,-0.5358365652131644,-1.7361145612197042,-0.6530565792135037,-1.0775473498406285,-0.28088405346594364,1.2591486880379141,-0.33428071301425977,-0.02877954469389142,0.1737916289038639,-0.21968130236888528,0.15647469040062845,0.7059598054557689,1.2874279653874823,-1.0006124514451815,-0.16821688667324503,0.32866229040120065,-0.07744619489475738,-0.8373682730513089,1.0781531990184532,-0.4599682718621095,0.6334481806600888,-1.0301246174246146,-0.5483615406641594,0.7961738066068855,-1.4642590274934923,-0.10462929749372071,-0.9461871796160903,0.8215515684793923,0.21613391684517572,-1.6641769964072604,-0.7526039319105036,-0.2995789705574441,-1.0470866631037359,0.5552819441552405,-0.3296305493326784,-0.33643741174973874,-0.5817075360873629,0.6192122835965119,-0.5897904244142008,0.3583127806347057,-0.08704291363402611,0.6138765762140442,-0.7252142274709489,0.5186542842673265,-0.7938743383170181,1.786211433096358e-13
02ADL0108,-342.57465054056513,28.22223813164147,25.867837431075923,19.372943556770238,-28.10112215569762,48.79744333075267,39.38557376910353,39.301608994291755,24.71224387441623,28.71139856672585,-43.420592739253614,0.634827899886655,-6.427600706616581,8.054890122068965,6.311981447863154,6.5508617628479415,0.3031301833581086,-0.10382204520109393,-0.37236221892294413,-0.3830475770988692,-12.20380556516374,-1.1097467595546135,1.816562270621483,0.3245301977128638,1.5122167947667158,0.3173098362429581,-8.010635448280102,-3.404438463035741,0.7421234767779655,-2.2193189930480868,-2.94102453965733,2.1919193754874726,-2.8252445927513836,4.4974246784946645,-2.2988062506230125,0.5350489164145076,-2.7691895986094104,-3.519735212444868,1.9101412028360358,-0.3896528405616283,-2.3767829995997323,-0.9585784321498545,1.5362032860447354,5.214073997430285,0.7242564262216662,8.94740699109625,-1.974040792581053,1.33108354415111,0.7187595217137723,-4.600215309260259,3.1794320226467034,-2.4269087921148276,1.525538459635661,-5.424799129940851,-6.269986217025986,1.8934078498312268,-3.732400708853319,-0.38907569159766514,-0.19781237307630395,-1.718130174094267,-1.3257254532591272,-1.6854719817996269,2.850255299176244,-3.7258852440867303,-0.08001520997186977,0.9724759142001977,8.988522070121933,-2.391197180815447,1.9468182579282283,0.9345442021494336,1.843724653986079,-1.5439964095089291,-1.1046624147847677,1.3795365635266483,0.09170417813455169,-4.262621558987351,2.245290409656181,-1.3860858013492616,3.834866128258869,0.699072748812402,-1.5628370049238607,0.6790830470171607,3.6609169368301817,-4.345100617379627,1.7893977555353366,5.047510588844503,-2.08930233053019,0.6726294095298835,-0.026917154491181088,-1.5454654296784422,-0.3690713589154057,0.6319104106645329,-1.0284261535475854,0.10164411910636613,0.8293478824573076,-1.7940438126209564,2.2693114373189145,-0.46606571230177596,4.2014339202830895,-0.3474104775386577,-0.8271481526050594,-0.5535825254553429,1.0656245604541423,-0.36862596774818507,-2.0376877433389198,-1.1852517191588017,-1.8246494401736788,-0.09722219774655555,0.37399069672653706,-1.0560096590244192,-0.03428253555256794,-1.4763608928449914,1.5644790603491627,0.7945086094814023,0.970353055748754,1.3715064525116296,0.7688461154117346,-0.5211669269485959,1.9498725715009024,-0.8073167300506324,0.3145532618142757,-1.1378078296352767,1.2066184078115958,-0.13820394987533408,-0.7565786575995923,0.29835685894898334,-0.7408575121227321,-1.7990464228979886,-1.0204610193841643,2.226092931442751,2.800373764961386,-1.7168150078732913,2.0643943099105266,-0.015414549429349394,-0.7166019382321025,-1.4803164364756107,0.9662497839339497,0.041811415658307184,-1.0832463463053161,-0.7634555345677017,-0.8638730229960698,-0.4123075527978738,-1.873800984083529,1.1463095353395538,0.6173379385789847,-1.5421451631131926,-0.8428067086218918,1.1288606769556144,0.6750252348367338,0.7127722993253729,-0.17146949592893682,0.7063681329493728,0.74380384224112,0.22736999377996125,-0.608275733074662,-0.5233961594254714,-0.9667183478154127,-0.050493211005047715,-0.09457964239008548,-1.0491704285203047,0.34144456917190147,0.5994753035633317,-0.5304909568742641,-1.0950330016997816,0.43175446656619026,-0.2561296546914826,-0.031067565038617663,-0.4587392923148074,0.4464168552125111,0.16716949287922417,0.029591963755962424,-0.8447641216845075,0.11340550751563948,0.34249764640067226,0.19061822217993876,-0.5332114530247511,0.05635810415046118,-0.5262601024785253,0.9305080068923708,-0.5158484943644871,0.3272829983194251,0.02866801119450109,0.24196610503464763,0.30073448762066607,0.5229163287533377,-0.24563059857621897,0.2312440832415337,0.13666484966215922,0.17839327015818118,0.19966882264013697,-0.4258555746326972,-0.44767237604012805,1.1492344363846299,-0.2989986743254214,0.277841040315888,1.7862114330963944e-13
02ADL0110,-356.0859978567277,-27.52301046379423,19.192936435551815,-46.216918569811824,-4.808979525786817,-21.00185385736329,-4.158630115132536,-1.0331147885754575,10.401256312740308,12.772970911295307,10.463549352202925,3.1260428420229966,-2.7063233759476626,-23.021781025505415,-8.193823350354748,-0.5643056964122618,3.4107774407669598,-10.342618516647295,9.01259622172118,6.680443375861887,-6.552857566433199,-7.431578964635684,6.689982248940978,-3.8911796927453666,-1.3701583717974772,-0.5328053002629825,-5.76451976780387,-1.1137333318814344,2.509897788382086,-4.057155837658198,-2.370604390537847,-2.0505157423822484,0.21940569457325576,2.879807872604504,0.8120869474355255,4.830788305214667,0.1912134937408988,-1.2557868694172076,-3.5453450101838877,-4.840415662643758,-0.47226949186153205,2.7273471419784694,-0.17585257745519628,5.88237853921767,0.20246829467761362,-0.7311087590046411,-4.4951388625138184,4.2782525101193425,1.3793879580263884,2.6537153237510136,-1.9393047761206323,1.9061072849723408,0.3058246108789562,-2.4413490455806635,1.5264625175805862,1.3538013336393693,0.9718450893456487,2.120809749676411,1.2643506056929263,-0.7395947010200504,2.087173343097088,0.08740682884968534,0.8868142958143252,-2.043429995719422,-2.146729878898837,-0.6044820712997219,-0.5300912061631549,4.80588232311489,1.9130484117403677,-0.48899194401537943,-0.1113090860169674,1.1365370795876728,-1.2434124937827855,0.6153726388338102,0.8061105984638227,1.93186096852445,0.5805965124647243,0.23085059778104702,0.6522833023978123,-1.9043712506871655,-4.344914016385193,-0.123982471168871,0.006440296563045647,1.7029879694229322,0.9818961745057317,0.2680028541177909,3.0601332195056172,2.9622998330921777,0.4019097091310451,0.020709908346134325,1.4981761569996066,0.09412730111267689,-1.5449997543953404,-3.0260019301177383,-0.05393022833518427,2.1781854603133493,-1.0573546939124994,1.7188067008833028,-0.2423555352709031,-0.6240758021925448,-1.763859132498287,1.7362522973729013,0.2282147452878963,0.34180937084999197,-0.39769870771032095,0.9195629980266302,0.8437779656373343,-0.20766630878242914,0.3432822772441511,0.6715830110168333,1.0525502196480225,-0.21731025189473857,-1.0474767800162386,-0.4577905147664283,-0.4323464809846401,1.45071686514205,-1.1907068536298038,0.467865243309429,0.02816679806629336,-2.2533311610335542,1.0660087868871102,-0.718821030239041,-1.2406058677722835,-0.621296614602052,0.511493149563113,-1.2409363945623904,-1.0982741680109702,-0.9794243037231207,2.205502824516493,0.7657601372743597,0.10730372847797917,0.9005477686221643,1.4884586262985955,-0.5794553972177956,-1.511310593128348,1.3765463618668343,0.901797609098922,1.8624507598244333,0.23087996117972215,-1.141055611046513,0.8000903548835964,1.215612831646906,-1.3501127061525402,0.10280589730954545,0.7507169155750929,0.1284525338414837,0.02229348585882953,-0.9090451429273926,-0.48201937701344955,-0.5964276725170241,-1.844018290847304,-0.9981013895765722,0.11459653424849915,-0.22438520063214604,-1.2755444183147227,-0.6605224609219121,1.2364231072008307,2.28902403891851,0.26961962558074143,-1.5118162857709578,-1.0010548791597087,2.485540074864734,0.17297266909881218,1.638528137805871,2.1745656680841607,0.3295428601223368,0.5713257447895319,0.6217802421924257,0.36129791480577506,0.1550368514924901,-0.14768132605417952,0.9133929729760603,0.18713077541020126,-0.5686507595930412,0.16526423519613598,-1.1313472321543308,1.6185924631557753,0.5342681526558571,-1.2446162201278108,0.32966178826680503,0.8475526909909301,-0.8572990018059848,1.115402464905215,2.499247824710547,-0.6835709789358456,0.9975947483918712,2.1975272851189964,1.255059076649382,1.4890229148949883,0.5411540918460477,0.08950683040242578,-0.04493313133298233,-0.5048112678195485,0.8269557453574257,0.04730023672570695,1.7862114330963785e-13
02ADL0112,-332.27256559422756,-55.9666243387018,-74.91510398743456,-34.019742920165484,24.87502424678437,5.089960417816155,23.978162588729187,-19.60876190929515,-41.14316416509316,6.47548458939509,-14.507399079304223,-11.030295181609535,10.745511326648403,0.9693794114445266,8.393959037030568,10.625236486944475,-8.63947564650266,-11.963908670334595,-2.2162327878070913,2.0951751928397333,-3.2962912517641603,-12.204421955216857,-6.934838111551363,-8.453036859178338,6.200073632727362,-3.465471517205956,2.594775539539051,-5.4373966867342975,3.9295487489797116,-2.290528542345324,-2.1163969140982557,0.7258400316103686,2.660618473662412,-1.9608215258735626,0.6764991013880605,2.8931649092079197,-1.9222329012646953,-3.5780183589336594,6.846597393300953,-1.9696131979190714,-1.391819350898599,0.047121686586242155,-1.1091400375130824,1.7831108566219844,-0.5176405194722862,2.77538687156822,-3.047749498475848,0.7674674269448087,-0.427322919558244,-5.568179775885507,1.4366875818104548,1.0426239666294204,-0.1918877596979345,1.9640075057604638,3.595589279986581,-1.5520770725300839,-1.7951421340068159,1.418239780669873,2.1103930605848613,-0.8785723464505608,-0.7066997602617284,-1.2711201478312033,0.05366340210920369,-0.6509481701650681,-4.152482275382651,4.809135382004689,0.6461566329965069,2.213823952263193,0.5579566299308554,-3.1511749862024256,1.3763231934792584,1.4271049656975925,-0.10673230165413189,-1.0662590461951698,-0.3475364636084168,0.1315830133285367,1.3895215326408714,-1.5768586742695625,-1.3703389440516192,-1.5889079702811926,2.8225067474371572,-0.9978178529988255,3.337295768321107,0.6113815855491096,0.2587660471078141,-0.09258576075667951,0.7696824270444335,1.8211984146016977,1.3624491869845887,-0.40713769684098255,-3.358600108246347,1.009835645171488,-0.5418908590121502,-2.672677052434513,-0.08404835455232118,0.1876139838139671,0.4249251433928142,1.0898414411010051,-1.7742885980498286,0.933895273361735,2.5345553693150875,0.8033417880032367,2.0668843601269717,0.3446568994664294,-0.3664883299194547,-0.13304885307689707,-1.156339024210552,1.6129789347877193,-0.29241230301623433,-0.4298832088310894,0.4624654800475522,2.8181682651689015,-1.722789787229821,0.7556054367364373,-1.7008690054621338,0.20688613461221356,3.2316001359257935,2.678204043758649,-1.640861568087671,1.207196238764214,1.0856695154044453,-0.2519898235754248,1.4132936472131368,-1.2985163202069865,1.0625371582563128,-0.07235008711324356,1.1700834737955028,1.7293111740792455,0.7258789306108046,-0.12158910585811478,1.2893394866188084,-0.10100890356085848,0.09231872156230617,-1.5433822382459945,1.2831522728854334,0.05712753107358893,-0.9180339703569311,0.3058492694075665,1.5705803636675464,2.0295080538225676,-1.6313067440424314,-0.24965170691513314,-0.982153795047278,1.1855997502967657,-0.3155125343886141,-2.1945465266484856,0.023084850777311528,-0.9561115951659188,0.2516536896657871,0.2176976622512114,-1.0784029736903558,-1.3757049992228785,0.7112759489485794,1.020472047743041,0.3547871506452565,-0.8289177830425962,-0.5151770669582528,-0.6947047656718266,-1.2108161912340025,2.073786442459798,1.2134007402275668,-0.531148856110577,-0.7465083914619122,-0.558524364359215,-1.1123996788717094,-0.685952765862216,0.5122387819228682,1.029700384031192,-1.6557098397403411,0.6287565471281122,0.5852610726831874,-0.553720321147765,0.12958942261099063,-0.344161460032451,0.08459429678428931,1.322489885087474,-0.8820896555501724,-0.5707998450487602,-1.7657783904947904,0.3297112741789776,0.21135519458990595,0.8167972475088975,1.0198756068292771,-0.3111366371026199,-0.6108586522654337,1.3123037392069996,0.720173931384256,-0.45843918427807046,0.6108881307061718,-0.5908375583412907,-0.6599418800799353,0.8006695966999638,-0.0006451609716433227,0.8488238982744583,1.9891539630547774,1.786211433096411e-13
02ADL0118,-348.7948540923622,-44.15860855083323,-25.7691336183105,-24.93558514792762,-35.13407796710258,36.64313642036169,-28.136999237282158,-28.39198993562836,-34.23067745627976,-8.887641970805953,-13.64547183923481,26.589143827131487,-3.04698984236041,-5.358346191719837,19.401131030190793,-2.0825641244956654,10.382760437476136,7.322398852253584,1.0269479674694222,2.6914545921422732,0.17787156188107456,-8.016033616320378,-5.38835690716518,4.9992795500524325,-1.8961724561922604,2.731706452008348,-0.8841983302426321,-8.707681383079969,-1.0253949398897682,-3.6535319032462232,5.903624418527836,-3.912995434617398,-0.8544093301953942,-2.4707139755581498,-0.5068458686073154,5.665307684722968,2.4195606955469,-2.645388670668746,-4.920707664616045,3.8043703497000454,-0.1647141223527286,1.1486368985444808,0.8032918022463422,2.6409138607324536,-1.2940326154350241,0.07346886748405246,0.5931426539482509,-3.44867817409935,1.3471707636595784,1.410976606147471,0.4228913119718382,1.7911662441116458,-2.3478982750078226,-3.2301059867191277,-4.749896644187023,3.5866847442424477,-0.801757444344274,-4.417635557281995,-1.6721822540843303,4.2642847378673485,-3.2007023802941905,-2.320888355869497,-2.2306521014693357,0.3965013188840969,0.32217932493555645,3.964615956206884,0.24083964722509996,2.7110889826122024,-0.8020482562612142,2.8179812580308234,0.35421585552147683,1.3645550151065793,-1.0553028786902878,0.055610387656238436,-2.682348582679192,1.1692033793967176,0.39925426910852796,-3.0957233731918974,1.7694396879606256,1.7782716075995026,-1.9334231763291547,2.19328136120744,2.136712738917646,3.7880401395529426,2.165975016830531,-0.9650133717508527,3.677548218981705,3.0555382611700055,1.1856581353611435,0.13216588929256326,-0.512332040495247,1.0840531035706416,0.26710583459133186,-1.1253518698362435,0.4016029973240487,1.6761780825773458,-0.8958458359232637,1.7847977827807486,-0.18886069014998202,0.16604177372872997,-0.1240726783761183,0.05846119110228591,-1.0588583211522322,-1.2858848414044255,-1.956217452989636,0.8866781283736466,-2.9799347538880046,-0.9286128973049599,0.34352666977850654,-1.1815900987808357,-0.2131526903005984,-0.62287630451898,-0.1626491622667605,-1.4762001302469796,-2.1918868087636976,0.37112097735710237,0.2884694775950844,-0.5357302363897005,-0.27514298177474755,0.5623646444521508,-0.1202466862066816,0.628382547125019,1.0434420314228494,-0.8443113877290934,0.21446881161146858,0.29010266414714597,-0.938508755930084,-0.954114823026467,-1.30409752565765,-1.9056176475640054,-1.1396170379791832,-0.28511139681453246,-0.24071966687411075,-1.2902799693189089,-0.6119124386157649,-0.6507469657647624,1.1956139075939727,2.198461655701878,2.0802686984456904,0.13122470548987272,0.18768707836262405,-0.785371791222844,1.946628426220914,-1.776772297094183,-0.1784659281730131,-0.20873321035093165,0.4289916157835704,-0.8319286591806614,1.1504700634845837,1.015502812496601,0.8898285660360891,1.598415341046878,-0.9380805608811066,-1.5214510066013498,-0.8398538656875412,0.3589674836129108,0.39123696408655423,-0.04750126586291928,-0.03589364964698415,-0.19761783245820005,-0.017112315761739983,0.06247087972964168,-0.7118519806090841,-0.5203349819562139,-0.9831997441394456,1.8729861898720195,0.4319067386927986,-1.4310961302625327,0.7736967472368838,-0.6393342508781736,-1.5016639225736712,0.9260789458181783,-1.6453336420204399,0.729097676948027,0.4030250768251495,0.4621655525951225,2.022590854291325,-0.5022804338645988,0.326535136289647,0.5546230671981695,0.2958918316938794,-0.6916555451166249,-0.4924166394142943,-0.8291405688186185,-0.21169849473023197,-0.5282124644099753,-0.9696355075721246,-1.5200565972419027,0.9665704373225316,-1.0027007851315337,-1.711276192238271,1.0391709482837324,0.6921933421711889,-0.40715468640269425,0.24851294475447827,1.7862114330964124e-13
02ADL0120,-352.21326146055884,57.964116859174474,-21.453568422171298,66.69572196484752,-13.253084526598158,25.129307925747355,-17.653076351453866,-15.503648642070308,-1.9192447107959962,14.944005661448537,3.482018343559204,-2.638993380889379,7.899718602241817,7.505113131081057,5.122654904263499,-3.006615088623667,-18.578223020500438,0.8530970482622937,9.728206408988697,2.8835077594756053,3.271932584185719,4.06927933753948,-6.150263882530409,2.8180699554719353,2.662677584322359,1.4858892270035422,-6.78937311101695,1.1174390738443323,0.6883670539187327,0.15857934948249963,-6.993819508946179,-6.000040404620393,-4.300344224552651,4.362038752613604,2.3134453449007344,1.9997480753388928,1.4909261479775382,-0.13775173006469577,-0.11286160708534566,-1.8983691097972983,5.407630231510114,5.183941670180303,-3.496439952176681,1.7264498996056103,0.01680375471055281,-2.329043658961463,-2.3137734570740807,-1.469523657704609,7.109551413539148,-0.7862362537495924,-1.1135132864802808,-2.979496900010666,-4.843835481027914,-1.7186490037802054,-2.222881262218054,-1.782280728501492,-5.149226033253205,2.414405508475134,1.8515857076398412,-2.044662910642327,3.305608105397717,2.502310525514606,-0.13535512096866884,-1.5660305691580307,0.4598630051542905,0.023065757291881667,-1.0681120903431978,-2.786733794035948,2.074465010153455,0.35056514856631343,-0.2585012260948614,-2.3126526134720757,1.7310722511443244,-1.7166416332390315,-1.6829795359358868,2.877408253876805,0.5490251312221804,0.6820921432154224,1.3486717296959556,0.32633042566579795,-0.32052805993074845,-2.3464894924101656,1.2542389297667496,2.4130224791005523,-0.7096236858859851,-1.2762037362559282,-0.5916522130532762,1.6266393011928948,-0.5480854090296265,-2.7901149677831785,0.39352424990523543,1.534701782604391,-1.2607411013977468,2.1454294540832866,-2.620906918835938,-0.0802168249284011,0.14017958493842606,-1.0205475024229316,1.03001127423309,0.9124484337763948,0.33120003821546323,-3.289176858490162,1.6730160978245978,-2.171303077091372,0.34220444007433476,-0.022952488150313866,-0.8290973065153628,0.3467501495914509,2.0241236406813434,1.0546905089589576,1.1458078352808148,0.865519121461393,2.479606714570844,-0.7943848702435625,-0.5445592837677492,0.16341150626172207,0.43289965966764765,0.6412911547751744,-1.889038501554672,-0.33744790555214854,-3.6027410234906196,1.7008188715429808,-1.3453787280847067,0.8666585468085333,-1.8291906561081244,0.7780446344999272,0.21258240689683094,0.26739847120685545,-0.5849160464988062,-0.41026417493535455,0.2659966478463229,-2.130827743482956,-1.3464821101109257,0.06719855902377773,0.3758439310781287,-1.3580815873189729,-1.4875413608278845,0.5405606778164677,0.8105648704138303,3.6477043592607536,1.0372180484381797,-0.049362553916219236,1.6237141457759112,-0.8780347749435109,0.03983121231247158,-2.42056134890021,-0.014738606639148763,0.31613042278924625,-0.22070976394787337,0.0011293178149025444,1.5169312923958262,-1.3363678202466032,1.1479947920618239,0.027996900524699858,1.0058916203921253,0.17894896572108693,-0.3334855646039521,1.9546134665639943,1.0733130523611703,-0.8415697818417992,-0.282583365951384,-0.04706736310759815,-0.945768506411139,0.19054374132947197,1.344204571268917,-1.1427274487111108,0.8909405977105977,0.05335661264113694,0.8119612325796216,-1.5889116165564907,-0.20107219897657416,1.1167718654008276,1.1080481948798346,-0.4737252322804236,-1.3720438064168987,-0.37169952135544754,0.7172937095380046,-0.5103045580301359,-0.5233922846002836,0.5304091758122526,0.002397286001501743,0.8424295405045613,0.2939919340758945,0.5161293687406174,2.159389766971582,0.2583282295186995,0.48567893002107576,0.22144486611025496,-0.5994940264978486,-0.06653882080069266,-0.8227077885565766,0.37381265243558526,-1.4646328275064255,-0.17118906788416693,-0.3313730973195456,1.7862114330963924e-13
02ADL0165,500.635108544663,-55.978962521014836,66.4564475053183,-30.284787373706475,23.430033341622963,3.18607370469327,8.107899605989092,-18.637764829574287,13.395373731671736,5.389128277255116,-1.895198885241936,-9.854374592531386,0.8092463714117465,-11.16487921835545,-15.498036372645862,-3.593283372123273,5.070995242735403,1.0400785432626904,-4.507656148733202,9.69752785233463,2.1680285451256385,2.177513013686511,-3.2584397223466497,4.414356230112078,-7.483676742548614,-5.7664444578137894,2.1372445045272035,1.7814224810484254,13.390169690389065,0.8169960020172136,3.716608755114778,5.876855578235381,-4.651149442943814,-6.7739276962667665,-2.8362285829382357,0.8441463616149432,1.0247862257936184,3.9293893727573868,-3.55011372897664,-1.147643875304521,3.843763701135608,-2.3222931082478313,-2.8888379639753823,-1.2727173511359091,3.2561662755640337,-0.19004973185754415,0.24042890243513482,-1.5719994836036466,-1.8312392676681586,2.416231215551043,7.1385711558539295,1.510058141097856,-1.980944857159691,0.8804858652221925,1.9241497776249679,-4.791020279879721,-1.5530105496127025,1.1069577755899016,-0.34497799529620893,1.1417488384873549,-2.510982715738733,-3.0282815154809195,0.9716321034787839,-1.1554974962614586,0.5803061771148577,-1.5067227883007297,0.5945885259243198,1.2522548774886746,-0.11114522009353194,-0.7707634235107103,-0.22259383701856814,-0.3402782014975456,-0.4802257131693495,-2.11103868411352,-3.9681017661100353,0.02037460657465641,0.3192925264577409,0.608347877459857,0.809505525268686,1.519824691969616,0.13918362026258727,-3.5082439064601316,3.159041461492671,-0.9260952426370104,-1.4526955176278145,2.747392404880275,-1.0863753847642297,-0.7332035984137142,1.1224343771437175,2.628973465749639,-1.0992897082528195,-2.395069534544128,1.8980239253230626,1.647409858059015,-0.49359307961289517,-0.7588659230080892,-1.9363895513213256,-1.0283923407839903,2.1179870872307345,-3.5440014532663175,-2.130826301629509,0.4962369201421978,1.5734437113322017,-0.2913229266013761,-1.313291192801623,0.17372888018411622,-0.8344312126206317,0.09418240647088305,1.6363549541326496,0.09261561736632469,0.6358626932909213,0.11989253223424257,-1.4769937486846405,-1.7083033424213538,1.0562080501463638,-1.3230454224321004,1.8505964642833599,-0.11890868901418322,0.22383163356230948,-0.06340879153373134,-0.14603197659090858,2.919281325617654,-2.3216079162002123,-1.2886346755898415,-1.7219609239978932,-1.6406579132112875,-0.31068203613873313,-0.6691583731137825,1.4324803870444798,0.5903356373051001,-0.23692894321365982,-0.8056539939606001,-1.1769293749919596,-0.27402751071783943,0.17148938995034685,0.6401090164789877,0.8012917294722384,0.20713909520731508,0.3269506719885943,1.5697765492013962,1.5172324567245907,1.858366982518026,1.6586962474331886,1.08013442215332,-0.8216506970078564,0.07968307971429818,0.3857010304088028,-0.1496569035590196,1.8270176288399356,1.4384144713989948,0.4116524606645204,0.5058043337043774,-0.7996892193147068,1.296327344646875,-0.023365692947006415,-0.22961015459518427,-0.03164749365746487,-0.026292622677104815,1.3144945331933933,1.5386679108235441,0.828777929980232,1.2143256760245273,1.259837731491872,0.7319765650726444,0.9390536329470307,0.47102919978154995,1.0180956515565749,-0.7410061363705129,-0.8541850173973897,0.8053652772269757,-1.6070667551403643,-2.793803595897754,-0.3631247364194559,0.597627399834244,0.5788393341861693,0.37481463279373245,0.604593884108505,-0.9247935478638478,0.3411593128515216,0.695324962676936,0.3077772312234309,2.1898763179707457,-0.9177822477369965,1.2677733271672873,-0.235981815817526,-0.39341454782530705,-0.09208286401722748,1.0600793450396626,0.4242751720595164,-1.2672834942789444,-0.08838961525431412,-0.4953532387274137,0.09068088147838209,0.35442890032972785,0.2842403194198058,1.786211433096377e-13
02ADL0169,473.5136412429169,185.34510190613602,-49.758174819256624,6.3079816320032664,-55.32686270730736,-34.43709868075092,-42.318808445051204,-30.36176624893079,15.427858838110838,13.30057007704865,8.638345606956328,11.0662896499056,4.29637149938027,4.858797442633734,-7.348028703731329,-3.46276730119324,2.2563392070342023,1.1204372380239842,-3.269585733522301,5.344488623460979,9.211977048509668,-1.536785327379305,9.988154972349019,-9.829530883365894,-3.6021918525669503,-8.84703286450121,-0.5460344304335684,2.437107766175255,7.369463954675253,3.5115744368221753,4.330566493581378,3.82366455888632,-3.3626770830682484,-1.9584672750495637,-0.019213844685183994,2.216762406596096,4.032499155825655,-3.9270504610014942,-0.5733009636404983,-1.3461211477189634,3.170524131268523,1.3697078020981277,-0.12400810192644406,-2.4463474287648084,1.5319897790623662,5.496194040101713,-0.03806813972108838,-1.4679719290091273,-4.788899131605587,0.867013071579587,1.2312701397685557,-2.8882012796141563,3.0195243669512952,-2.2202073339806687,-0.6429014367054928,-1.3923187443669525,-0.388844926877936,-1.6745701343311221,-2.32387425272826,0.7659342460913796,0.43522028158566856,-1.0153546787979342,4.022388154405885,0.8056715254600262,-1.229921275818869,1.8417820616349292,-1.066684234540632,-3.7807901184445942,1.7717789998975586,-0.04228252118688461,4.9520514658905395,0.8406305553841132,-3.153301070420474,0.34771464153334164,2.613445550684847,2.761988383175316,-0.45122095444781607,-0.5392279299232999,4.7586661059974515,1.7974507216766271,-0.9852284827640095,-1.1980613017259643,3.011506928511303,1.7575033874987778,0.9534584128353251,0.40937359628914466,0.14867620545824375,-0.029656496068943234,0.46756431265662896,0.3062640544027403,-0.1697832558793877,-1.8940826032811646,-1.2329949447324975,1.4682935956166692,1.751720504709781,1.9218035632552497,1.2219997991141096,-0.2280196256819395,1.830890344962764,2.922532615005287,1.3949689503522427,0.5782418146165023,1.4907778011407848,-0.6155239579639852,2.35283414576228,0.04935266640819371,-0.24280705019248008,1.0774809940967054,-2.3717507299728378,-0.24657400679899694,-0.9823430776287503,-0.00838323095006741,1.180908447402965,-1.6186065313698248,-0.2523299561343854,-0.4270544091409717,1.1431179645645682,0.5860705881908401,0.9614962076238356,0.4588623223430768,1.0191888177290032,0.1819154515017024,1.1679009927525297,-2.787877486459819,-0.08155324587428808,-0.0884548904230656,0.2225402091803143,1.0067708546023533,-1.0831111293339368,0.5611703084347996,-0.6299300852588056,1.0641687857641553,0.5520810745567445,1.8060294264698524,-0.6563850076604685,-1.2713509376187007,-1.2691606639750814,-0.41462110254298173,2.608269557953624,-1.1173916619885902,0.00045478729117630145,0.594448679712599,0.9222780813220567,-1.2949936655193226,-0.5608926564908254,1.3766965123082888,-0.32547268077329755,0.21099457987432307,-1.4938838706147577,-0.5835076190328107,-0.3832835244530205,-3.0324858221548827,0.8989262181870998,2.2356339338890963,-0.7582955997918714,0.4561444658072004,0.4903934665442023,1.8509160864203638,-0.003869704886635076,-0.10714184908205018,-0.6887909217542426,0.4934764962076678,0.4991705204409662,0.6671794753973839,-0.8149833635650346,-1.553864613688123,-1.4776699108773876,1.1154168561531683,1.0850131215082992,0.29751844797050275,-0.7353875586071182,0.6080410720085337,0.7450444276116545,0.2733915487967024,-1.2547176434127105,-0.276238427177452,0.39619901445079203,-0.5324800887719688,0.6807761633179187,1.0474089299436458,-0.14091065045236956,-0.1300005969116756,-1.5358106937972047,-0.15823083624481007,-1.1054394133160395,0.7363463077331164,0.05219623110563609,-1.3837851200427147,-0.4115300048905749,-0.5936795409670669,1.0141745542062084,-0.39043229772152527,0.873278787096104,-0.8670835214202576,0.5298586325395828,1.786211433096385e-13
02ADL0173,503.61758581608586,-69.59393090165415,54.74552217094014,1.214526680356772,-12.774948801905461,18.902864610202045,18.60017736697772,-50.021137423685275,-3.239388932896028,-30.179319221928537,-5.337994730566269,-12.885119230220612,1.9288089460403532,6.855745916484283,-2.803447310327051,-14.208681899257323,8.108414605481364,-3.8260052982202097,-1.9037231490083342,3.9326962373357732,1.9776324829723027,-8.634921140838204,-4.215208738310077,-5.931105199009126,-3.053630703528094,-0.38508020854870634,1.5115685475244756,-3.6637633701023473,4.654031033664026,1.496256422805801,2.5038731701155394,-1.8628830536337229,-0.23746910873893715,-4.353332850138718,0.8849247841282532,3.2721238080901163,1.0137673507033407,-0.40301798932742583,5.574886697518307,1.0474739516060851,-4.185294085155431,-0.8922051210125581,-5.6460662073466885,-2.7005215759045327,4.740254640919459,2.632221290992242,0.13517894543166373,-1.569979926524383,1.889736205898429,4.268175735630518,1.5142361686166903,1.2918307174014914,-0.7981941878602662,1.262024655899301,-0.06803026660576554,-3.7397295304511196,-3.6671567241891023,-1.7597578399464395,0.9237695938321723,-1.780433872180259,4.396330286432639,-1.3385312709209853,-1.3673606174028068,1.2705413478222678,-0.8014609419902944,-1.7693634850546287,0.8113051726527281,-2.6806591676979448,-1.0873153362838235,-2.358597982995585,3.351413026260151,-4.386998571996123,2.2598522750793757,-1.0084192427666838,-3.057499831725459,0.01978176039824991,0.6503295010683562,1.1939635598056688,3.0485462348245926,3.311979687394079,-1.8808449621017729,0.6872419495678067,1.5742309842047089,1.543575998603072,-1.392113959304705,-0.0466993571137026,2.048177843745572,-1.204040121352927,1.6463936560805144,-0.02013702096523875,0.004069234095150045,1.5834508982044644,-2.166664721063413,-0.26299786845625545,-1.4958611492800495,1.974061238270915,1.148284357047983,-3.836226823161911,3.0092117331941624,-1.9152167965781206,0.8847750156705863,0.6377757161328881,-0.4039128102481428,1.5854771442964366,-3.2173154021955046,0.8001345745824231,3.4023724092969867,-1.6465635001662708,0.3693114255548555,0.9101077787020553,-3.140215446216984,-0.38508608571548314,0.44104966441739873,0.8465082153455333,-0.6776900527413622,-1.5538172265670205,-0.19274148617829726,-0.10269837104508278,0.7538490869160217,0.4953718568878746,0.5232644508500098,-0.6370261227356341,1.2057667623348807,1.2364934466242554,1.520865770616966,1.2869877046664642,-0.6311165639785926,-0.21060544956511398,1.095462616347931,0.14819364025538598,-1.4781054719856086,-0.46369284118783,0.28817211412512184,0.8954419108326801,-0.26183684672111235,-1.24274986618628,-0.42068986399807967,-0.5722379512661268,0.885490736787237,-1.874705252408916,0.2807740327534879,2.010627355913066,-1.2223902676861862,0.12135489695652721,0.05070101026366192,0.6915404833594261,-0.028007913691676448,2.303538415684851,-0.26328206541465843,-0.4881996926643775,-0.30566171777450846,0.24120108773837728,-0.5468200323676926,-1.2719539469738805,0.31193981242489216,1.1432178106155062,-0.8073543710404824,0.49059427935045385,-1.206712939733417,1.435492065933843,0.23677381768293826,-1.507778077245844,1.0892321741489295,0.09328455128355938,-0.224678992637182,1.42568512323751,0.5211954120108669,-0.6189482534238908,-0.982302694012718,0.4166312496730363,1.547472220641842,0.44195146111840417,0.18441444978406574,-0.1746276255952585,-1.30226445805989,-0.6150051382888585,1.2774617993616737,-0.07695051456020274,-1.3838290793762584,-0.8151355398242607,2.5500922386535545,-1.0049998555814055,1.2589031238742523,-0.6504946372599114,1.2887565043865115,0.42312128995871306,-0.09597111316763876,0.40764546301797455,-0.1687833103158349,0.8781079802992837,0.04131949926028999,0.5696519934124668,-0.3927315435637883,-0.5102116127056812,0.2252241685831246,1.786211433096391e-13
02ADL0181,487.75752542053203,-117.23325298583346,-13.932459307719192,-29.991584554314663,30.049872954648855,51.712788656924275,58.38263337176004,-20.45141062480559,-0.1730180478091554,-2.3272887015787904,8.466039044021802,-15.009231557479666,-18.13110783563449,-10.508957946820303,-22.82487658413068,-2.276358300762992,11.279923993922182,-5.978783031457686,1.2417183034881105,8.65095940583854,-5.936238079796028,-6.419273215244939,4.484723974292776,9.522875935758671,-0.803353297689074,-1.2929326439339894,7.339668710953645,7.7198314485036015,-0.17612615212983984,-2.6537181602885345,-4.378557487083915,-5.4416277209144726,0.7123284896114768,-2.2409300243564974,4.176250185270457,-5.826144812039659,1.7082973747647785,-2.88857680613141,-0.4723900229914069,-1.6732301200991615,-2.4646794971153887,-0.9043322373535607,-4.164063872524912,1.2245605447193784,-1.7733296426901277,6.3210651944331415,-0.42544241844576114,4.294072444655401,0.654782318272683,2.6801593799361885,2.129466773818458,-0.07799489415894921,1.7384700857643194,-2.9520695813181916,4.2836325437893885,-6.5868860088620576,-2.359246603805206,-3.8582246850424484,-1.1769342153616362,2.116066828818747,-5.229777499068664,2.0357847483600686,-1.7039937270243204,9.548016502026961,3.6768483443036866,-1.4878070297117862,-1.0264916462732618,3.7246845285177748,-0.7444451152323498,0.05088169409485158,1.3016038498606401,0.40846505754934204,1.8560130599458713,1.7150099683354518,-4.501903123202142,-1.5618312423940404,0.10854722948497549,1.6533883510880154,1.5136445096731648,3.5827297572257617,1.8048291171430868,-1.3365588444667562,-0.014276761238433293,-1.1799847430502348,0.6231044875466307,0.5976812098391578,2.5842193294791493,1.5190822135460849,-3.8200679433417295,-1.7312107398472119,3.322563607074811,0.1968108604552517,-1.872546454119054,2.398289783072,0.4189974332261951,0.42113880270600035,-1.0506809742681364,-1.361933379736906,2.319002975611067,2.4542640864984726,1.3247168524881974,-1.660400767343672,0.0020248278228827687,0.9143750020960104,0.8358773497282855,0.21591317586810813,-2.124179637655296,-2.8395557115096173,-0.12669188453205646,-1.4820507607666213,0.5683753780896429,0.5095493018671412,1.008605805841375,1.1489947519279304,-0.17434289814968923,1.9091619481250484,-0.8503368497537913,-0.03231636666575687,-0.6327173909174015,-2.725269738084207,-1.3541409598611134,-0.5308777967322545,0.28004077353068024,-1.540683933236719,-0.8193220723523177,0.5752322874330958,0.7333842029101872,0.5440855606318225,0.07991662844816548,0.3802201177049569,-0.576281999943524,-0.017903696529751864,0.09441063663269564,-1.6917290688415008,0.2717814291161268,0.7781544536870999,1.8234933276343945,0.002293794411820585,0.8222505338425721,0.039998396103346795,-2.103844301767646,-1.624538866529683,0.6718847496191552,1.0101493368438543,1.0170870008186648,1.1549564013543099,-1.576408808829886,-1.00472479116757,1.0783956485060902,-1.0034570761610964,0.5163980524215428,-1.061740593373601,0.41499472068209514,1.4573060232555057,0.4605728375271517,-0.6100968035916358,-0.16762992588493267,-0.6353035652479384,-0.4268715110755806,-0.5204702683667948,0.1327906349058885,-0.9194362950518294,-1.0494824467260688,-0.06751571759519802,0.15022822957861554,-0.2565032367936396,-1.0185266329385652,0.7009735083278305,0.2920982635841986,-0.26620867633472667,-0.34546038480292945,0.3845752655631032,0.2830212524427946,-0.4470940724889455,0.41006200536898463,0.7564637783713434,-0.48512868746441534,-0.03492114723725571,-0.7559774634242096,0.4831208521909777,-0.9092758209922136,-0.8746263531496014,-0.420023408789393,0.49884553673684917,0.11966649397101717,-0.07906349945167397,-0.07263684404326466,0.11315045678079753,0.05267508182733947,0.7224028088742069,-0.36674734124363845,0.32609975634685484,-0.5667653536935119,-0.5381661041254268,-0.2290867875322392,1.7862114330963985e-13
02ADL0199,486.9738968527029,35.46070524514627,39.888409461765576,1.3640433526109654,71.39911130090307,10.245659928119919,35.76309504127209,-41.912125078241274,33.02074931706841,7.089380229622678,29.226288931615784,-0.18933237633540598,-14.32797123598782,5.931208410455474,-0.15542313069254837,0.8410293583261377,12.178426664902817,-3.6604656385341263,0.8852020027231041,3.8215158913104466,-0.26063715976718316,5.703995107358204,-4.772959699494965,-10.381175161577039,2.16493095358221,-0.40160164412854626,-0.5293562409736743,-3.2112946346306233,3.071640183303293,2.1029317001013914,1.587314264491431,0.16231992836899303,-1.758302596454354,0.1373332369908008,-2.4546907306428345,7.05330540307429,1.5420486641319755,-4.303986536273314,6.46282340403016,0.5927361456736916,-1.8396131235068305,2.0587023970843608,-7.896713093614444,4.249101379258472,-3.2755439207784964,-0.5648073689151889,1.4162932458585884,-5.163513386253294,-6.308972005117944,-1.4890286179409458,1.856461303150831,3.090580777843944,0.10528923995033675,-4.29325189760266,-1.322403085115168,-4.6432920676925065,0.986863842851518,-4.012394006976004,-2.0692552396576103,-0.2945243197744253,1.0273468457981165,-2.5854713945132612,-1.8930802119795727,-4.276097959785363,-3.453048907189933,-2.6211850236093004,-2.7254643224990827,0.602264639542262,0.638290013605848,2.265814209700623,3.923985554237062,0.48153176487205884,2.2647640985915487,1.1457810146548018,-2.9890632393558887,-1.0121287948361086,-0.2326808565983267,2.260252699573708,0.9727740004673606,-3.327881164890496,2.4597592654147453,0.29509659299246366,-3.6426855072432858,1.2095586373645655,-1.1627232302774093,3.421001699409893,0.9944022426763792,2.11273731237695,1.8438166149013886,1.2906653941008055,0.6103615782835579,-3.7451279197479095,1.5598711715784592,0.8345789876820255,-0.22183600375166707,-0.038482039076572876,0.9333442383016112,-0.39171198141152275,-0.18627778763104794,1.5230036697600935,0.9295242322816716,0.2677336439080084,2.031866016318898,-0.7579128081566948,0.9636228056858045,0.48842161458274397,0.9324861618735598,0.7040614766976259,1.6598056245801953,0.1487502483542427,2.081963856158875,-1.3589230392916458,-0.3719491170584319,-0.8250177135141401,-1.8680098058615038,2.175244529549287,-2.0625684018577375,-1.78469447726489,-1.860836942143471,1.8302242591065394,-0.9500146128278593,-0.6816813687993178,0.6956363702266785,0.3236428796063453,1.5308843747122551,-0.6062037199139138,-0.22690521379858858,-1.0539143405931692,-0.8049664952373482,-0.13131601992535336,1.175006230799285,-3.2286575562577213,-1.2881517693420903,1.9259690906852727,1.1918988282252352,0.39812227117672966,0.6791578955332522,-0.5675306832049112,-1.0389039795511894,1.2891706179415239,1.097834085654224,-0.3498447816005793,-2.142096208495215,-0.6059059582174391,-0.9619966580938099,0.18970721751968034,-1.6063219764688503,-1.4410629601679092,0.21461011890884277,-0.9125976206284871,-1.0886523284969842,2.1011450650485117,0.12694070790242357,-1.871978198264014,-0.5420807403979772,0.7285747836283262,-1.1116166361234112,0.9535505516880136,-0.5181844111703594,-0.2398680552331314,-0.5643670101420386,1.2301566296765911,-0.7883186322126186,0.01290900348835674,-0.7158908245613136,-0.5323559895947626,-0.33102565230495185,1.4131026057772418,-0.048024289163244076,-0.4643686091019455,-0.4053207607421183,0.9674949271491121,0.07363021883289557,0.3647166162399864,-0.2761914526833496,0.5741925545733806,-0.5541939410817003,0.9989126607536917,0.09779973987822221,-0.929878318656742,-1.0565547278589653,0.5524273087021819,-0.29644988058613286,-0.4937232549806769,-0.40336596307742806,0.061912801926378845,-0.22844066739371824,0.048828737647905504,0.22686288238599975,-0.36555012901167255,0.08149511339180646,0.33387179874755707,0.4901742103189806,0.5407184036808611,-0.5672177974608472,1.7862114330963652e-13
02ADL0203,487.44450459680945,29.149114555759514,73.01072883873279,38.139728401218235,-19.206611271799424,-23.12954800197543,4.22767376916453,-44.204071747449454,3.6432894355595193,3.1608343138489383,-0.6846680953308543,-7.981612954440776,18.77747113441722,-4.336281413846311,1.482885415880436,-7.449617780417909,11.377246465030618,-11.745374960952184,-2.900120267433633,-2.3683423194147317,-2.679985195917833,-0.626751291654915,1.958941213451234,2.661468909777508,3.428327163969778,5.653294742700938,1.173411081824416,2.6318438771826687,-7.536797018530052,7.868703897318904,3.328567968314489,1.241965445638955,-0.40822474931497593,0.500642101877144,-4.025206212801693,-2.927744189857056,-2.4092179259365363,0.3845664727668532,-2.795863800239527,-1.064253575965595,-1.1525214401360024,2.9175529645815095,-0.3845243253688617,-2.9888061306307065,0.6289646512452499,-0.2156823337237626,1.6161736156569866,1.290308222551497,-3.3305497640787256,-1.1061932399371222,-4.747187542252529,-1.4734444445278194,1.2072243124435929,-1.7041577256802858,0.8067880108598294,0.0946867284459902,1.2402710040149452,-2.19287731428536,-4.165913338859337,1.8104914215739718,0.9946996219285124,0.44371936542294,2.705260620776268,1.480758557257395,1.5109592599634027,1.2958806928569415,2.8323988647317324,1.1333262426646784,4.323402766932046,0.688510241371225,0.04977230210635195,-0.4790713656242224,3.00813854604489,0.2348733412505325,-0.8496922611016212,2.7746179261151536,2.6465518109675665,-1.2654275357571452,-0.6580465079046537,-0.8643506467469212,0.7273873413532748,1.0687027820114614,-2.4674176883387204,-3.1482174688373554,1.0824127580821161,1.717326727258624,-0.15665371586387816,-1.279254685224133,-4.53282821706427,1.0016458278184264,0.49492341128668593,2.7475401133180624,-1.4107853957902121,-0.6349511581944929,-1.4433291522299623,3.0135785466239695,0.5051182590548005,2.575382148706449,0.008216753975248035,-0.7932645151576114,-0.9311415340957867,-3.0541954695772175,-1.1220265897269246,-2.3424306169785893,0.8838589154884658,0.6073796870832896,2.0570733890151076,2.60841522105152,1.7764132402976385,0.2802683218024219,0.5546286965843058,-0.45588837028264007,0.9638743685098636,-2.9844705543624124,-1.2473013344062733,0.4282752656285226,-0.38732708569464647,1.2913415277079419,-0.05475836105720629,1.1906496871102386,0.6940677355377921,-0.15622693208079327,0.8431108854133608,0.11432992649488408,-0.7148253797206232,3.681380756514061,-0.19177385270962832,0.13350166471127822,-1.6339100281158347,3.2669844648366793,-1.1756709973131678,0.26322970837980264,1.672490960921593,-1.7171223846349855,0.13731599809447312,1.8384977936316977,1.6851139007188334,0.3165409656629812,-1.4471849576964948,0.3724913337077435,2.043656980126184,0.7465353032110243,-0.23851842634939924,-0.3385961590557206,0.3010606261458282,-1.7990425991407557,0.7902874069871159,0.7682591549067679,-0.9186981659481429,0.5540860540430838,1.1522110773732526,-2.1665259111165907,0.06669912461667407,0.2158727729063652,-0.49051528468348266,1.8519225382195654,-1.4767265552447841,-1.1438517045159955,0.4842462758861448,2.097785974395243,-0.8470343139746276,-0.4237571931212383,-0.6452882012970417,0.747325460221558,0.003631330209364634,-1.0639141182502196,-0.7314700740523079,-0.9356260746742755,0.012231039087860936,0.9481246536009208,-1.2583260524990765,-0.10647123482393055,-0.45825863179421383,0.898549789503861,1.1913751616146742,-0.11815555735372683,-0.22834752756460303,0.15939780224560401,-0.8824864604715706,-1.1009035749895613,0.7860811330682878,0.3703012180305419,-0.2690068199669365,-0.2634146403521302,-0.42867123685737296,0.8051966813895207,-0.011765867479574303,0.35305019756960765,0.8655765588997841,-1.0561510007033414,-0.1672418068794188,1.2376654401975216,-0.12044544049900571,0.7482643059565285,-0.29894888841773615,1.786211433096387e-13
02ADL0209,516.6256033779049,-165.24235251915778,73.80773970819162,-55.23400715078354,69.40856959393416,69.47790932169542,15.908794992282171,-18.329004456337447,25.79827947030505,-19.00470435120097,4.011216027768906,-15.840869702669488,-6.435366065218879,3.4587807521471263,9.590226921528265,-24.718442881073607,8.738296580273037,-16.066973374326764,13.542420455758363,18.364411027456672,2.839902350360795,2.06120551243704,4.4653465567357475,1.5444440007666012,-0.2642984143487727,-0.4321852209216673,-0.8972535307301065,4.4096563298462605,0.25629484102362815,2.891486936531756,7.912271189632803,-4.948090006886289,2.820719085088992,-1.0614604750656904,9.799591600060328,4.898845427562141,8.528248799172804,4.468569536385667,6.1824957403542715,6.869552699556122,6.482596111674504,0.8343481854561328,3.9509253693871096,2.795254770553235,4.28154504037067,0.14642067325572664,5.25706932127691,1.0128088991157758,-0.2373802020074397,-2.762383603176714,-0.35150800395453274,-2.8927226234126437,-2.406776089089705,-0.7129426747461161,0.18784412910438886,0.6654060713348352,1.6051106401946393,1.6925851119451925,0.9145794719675323,-0.33942485657329724,0.9144742498536913,4.100472962470355,-0.7867403864168171,-0.36788635220803495,-4.826016584547258,-1.0747960933187208,-0.31215977434719283,-5.671799804370185,-2.6730237063374407,-0.7484727016007862,-4.711942559442261,-1.1419945719290099,-1.4803870539311328,-2.403194668763449,-1.0697111405413637,-2.34723415015792,0.13623535029755077,0.5756521721652118,0.6840326869755691,-0.8961676302237224,-2.130882715059244,-0.627308438270799,-0.35408756763574895,3.3137363439524834,3.2291637023222797,0.7170813203135571,-1.5024762619761762,0.2109976349673675,-2.1329402145127174,0.33450736645326823,-1.3710186561494995,0.11054724818302164,3.4447873946760095,-0.10628466973322259,1.6723647550250829,-2.5656842849383263,0.722457000532537,3.2408995393025215,-0.11908941628654046,0.6080926955256281,0.29307976311314643,-2.1282724772577537,-4.006602855043738,-2.4682501668641903,-0.3677729379448835,-1.3289194632674248,-1.8622045828737623,-0.07140534647760641,-2.0952488228826724,-1.4167391549965551,4.180903087594924,-0.03743826708338826,-1.9040781506726363,-3.1322762667972843,1.6733951291413702,-1.8015324922712874,0.619054255675747,2.4648188507452566,0.029102321122473844,0.14153903109362548,0.588378245907477,-1.3961469084548406,-0.3279031723736784,0.45673612712614653,1.2736468994020613,1.0404092697005964,-0.35843852434961276,-1.1358555863019542,-0.5125480590703724,0.785851269298431,0.9945195309499415,-0.1585463387137531,0.8635487738939117,-0.03071832626936053,-0.513803802399345,-0.29703511370317953,0.6983093430246174,0.8995416503180061,0.42147687680891904,0.2993461406245927,-1.0910495708406327,0.08196211346543367,0.3396625199256579,-0.5340916713790359,0.5107789575572096,0.6506875631382425,0.891768814513165,0.3164938921848493,-1.4453908683647374,-0.912291123638615,-1.0708000556809487,-0.3635090826251241,0.3549232050283536,0.4555011892374658,0.09538015729738947,0.06257992396014246,0.31541250882018457,-0.05686810305326145,-0.906506765873665,-0.1877903678118595,0.39159722801609953,-0.10809050627415157,0.0985636906391574,0.06122888420589221,0.5352550331536152,-0.2540797580035669,-0.17756241579688567,-0.2784349567719229,-0.4623024712912619,-0.08075538002919362,0.5636281134870361,-0.4575021626653452,0.1658578014683863,-0.1417735089950853,-0.3359646815407309,-0.4595198899862708,-0.05792094851426857,-0.05139912708113249,0.2511108425352833,-0.0011929834829164,-0.15278178007249027,-0.0060075643307957475,0.19445030447753806,-0.26098032505160423,0.02871986061581103,0.1272366528872692,-0.3414833855405811,-0.08819582977780738,-0.28154868798883054,0.2775505648358918,-0.2524894334725983,-0.27984181307134687,0.03820782858426611,-0.04286274677141445,0.231394003237672,1.7862114330963947e-13
02ADL0211,525.1294276700959,66.83861203637329,-96.34215183027565,-7.69671303570613,128.56700723570125,98.94279383246541,-12.032412523199993,-10.28462315045929,-18.407764140919284,13.279909355143996,29.084137464487295,20.08298497168467,4.608646947808029,10.774822512246454,-13.737210537223142,0.6111653404313501,33.21251814552137,-9.435800788424766,10.222989678617747,12.637322981510652,4.020406785727481,2.471415347795601,3.351085856845282,-12.809982538627876,9.595302391331703,16.992051396109837,-12.536431109493448,2.932348817322024,3.13550093979312,-2.670985512265526,-4.258392533682123,-7.65706263187341,-5.240740107234469,9.697789702137435,5.522403836664378,-6.181342227839286,-6.711969034748118,3.884093613310833,4.834961023324205,-1.2323212541342676,0.63721767686437,0.620289975620909,-1.1357030438563167,-4.346995352830588,0.9487157495638996,1.3928327143071,5.475082394109316,-4.120224672607893,-6.815368149492682,1.156227641549337,-3.926981774300551,2.3397264683092844,4.032069972078158,1.9404869105790181,-2.965442285383597,5.195152150748418,-5.756696542420566,3.5067231185541816,-2.5323876775663754,1.1217662390890875,-1.129401964231839,-5.2813217150649345,-1.8346815393786253,-0.06871159458297296,7.158757519060324,-0.4020249975791038,1.1836947725721776,1.68703189990417,-1.4572042012761641,-0.7290990117677619,-2.1489097884490387,-0.045084718459181994,-2.0209302338395014,-2.3283568778769257,3.3634642261419603,4.324545423164574,-1.7960320317043847,3.076112895288227,-3.3135775431242247,0.36121476176516254,-0.6996548966231804,-1.6185847421485327,3.8892338418632715,-3.175305697760379,0.9471267637158023,-0.7515416894316199,0.6403699810508502,0.08421147093572899,1.3354903941213823,-0.07971433727331308,-0.13160562874299978,-0.5336632630402515,0.3478194030000604,-0.2650215216742245,-1.6932496302090108,-1.3085301157245237,0.6941041026740562,0.915843008678738,0.7959799161984101,-2.26386877458155,-0.23609372127129005,1.2069951846951243,0.1095189119142796,0.0988922319932196,-0.5576321804599798,0.1270229279513723,0.6298343246782876,0.3284652326725688,0.35619361627510987,-0.08984232728151054,-1.359045899881987,1.441481272691535,-0.7160480176744827,0.6913789914881552,-0.9720971229327745,0.9737525602938034,0.5286851843463583,0.12467897780804194,-0.6688369603219663,-0.9252040036568074,-0.6186883238550958,0.5392619520872668,0.060798012398880094,-1.1544561430728006,-0.30303114541754517,0.10409854496573914,0.8009753822653283,-0.11664015129565403,-0.8093443721921882,-0.27873354623524826,-0.3046750154636656,0.3112654460116955,0.5325492963088275,0.8297066137347731,0.4849665575313382,-0.04536727752682,-0.3483077285133582,0.44750757925845314,-0.474369964782973,-0.5445531944397796,-0.7417597483526297,-0.2960343682581914,0.10928993716308114,0.028731707159756766,-0.0007484928373101521,-0.47785690289433114,0.7224169664702836,0.11821594880045751,-0.1922384568604517,-0.13906031142291309,0.07572466494192799,0.17219056219551518,-0.6685526272085706,-0.3007464256647567,-0.13324587830439596,0.21801212535989314,0.6869106487997202,-0.07259155089602387,0.83814172304277,0.22209095579479354,-0.11470097217899203,-0.2831067451869745,-0.04420501384053437,-0.08611135222168258,-0.032229562282922064,-0.2563867187194967,0.2952754662116506,-0.11467933059883936,0.13592245908025716,0.2985324146050537,0.3049034681946962,0.11135039045067001,0.11484060276297478,-0.07428920422287867,-0.09062661638408781,-0.0061947518211315075,0.2847095952874144,-0.3130786926533268,0.3028036612418977,-0.05632584187827192,0.06320736241583086,-0.16086458057078257,-0.09810217823301899,0.028957040892622472,0.16435652532177322,0.022314908267262464,0.1977597491424049,-0.23314572981763945,-0.14905281749880314,-0.08856784124754688,-0.044643149130321434,-0.1591048474825154,0.2747321978568305,-0.015799619142797622,-0.030514116021882188,1.7862114330963748e-13
02ADL0215,495.19188517352563,-12.624691145310692,75.53001624039155,40.72405879079527,14.522438893087415,-19.96010501529607,19.270642711733256,-51.173842172147246,9.444310796976323,3.082660190469703,8.512337343313193,26.86005960422677,9.944320686709364,6.685031211064008,-2.297806620110069,-3.105243399136981,7.905371274714998,-1.277569326405407,-6.2433082219644405,-5.393873937159152,13.809772405032813,1.3046267436381496,-3.0041191079559795,-5.895176232496594,-1.3976137942795177,-5.452464512523653,1.9261134149909627,-2.4709974811285362,0.18632657672064395,-4.395493912908966,4.5667946122767065,6.895603978782621,-6.867945328916132,0.31019578609581716,-4.88726207833916,4.294533687040982,3.2833961908248934,4.725673432910447,-5.370099266699329,-0.85484637811294,2.12177182765372,-2.6141733659537065,1.010563304679349,3.123528413031646,3.26485440662079,0.45732148733980266,7.285954816529033,1.7989115054229223,1.339190690849298,1.6722398467471724,0.6062374758884734,-0.4040396343512783,-0.8831360216589658,2.694569147927547,-4.336848383461308,0.33985153150951053,3.278747631510164,1.117962167759858,0.014062828066245972,-1.7565841330019214,0.01874574786632445,-0.6542948527632304,0.328224247137498,1.3436096541891973,-3.2029570282557556,1.4456931158351398,4.324575148855607,-0.9438796836229748,0.5348165731907231,2.4043336262888335,-1.1478594055258151,0.9544486237391846,-1.9502359503382407,2.8140210497883933,1.2468885074960974,-0.6207730976206696,1.8809891236516307,2.690383723174587,0.43207017948337534,-2.603674739661645,1.3966784389260172,-1.1420706866013437,-0.6373498975276187,1.0080054400380367,-0.5729965231951233,-2.506030989753946,-1.3683611585805115,1.297605677789742,-0.10823281915231782,-1.8500763727703986,0.9270311070157824,-0.6434073724398924,-1.0249833529693992,-1.5789935961189046,-0.3661564047153319,-2.531779236466685,-1.0201063276311884,0.46263416694850873,1.9496139405251496,-0.16915512416727838,-0.02705063301989882,1.9995291252191998,-0.15179814735243707,1.2453532352990457,1.5645870991704742,0.6306788592680296,-0.5974338589295501,-2.465091958676976,2.3193652579070574,-0.03223562979413037,-1.0504272871860632,2.490535017851662,0.18393069174076707,1.0804645504686843,-1.4713424448093952,0.755217561313017,0.8879489891077785,1.7873977174830924,-0.9266690030048859,-2.1888452313255575,1.2815403728825547,1.0178946783529088,-1.229768555481525,1.160959975475103,-0.24738123084538025,0.7952948902709301,-2.8871127849165,1.4402224382149071,-1.1632881393019183,0.7280263375597885,0.8660410046504963,1.3505029795379266,-0.6232484124988649,-0.17499536391586754,2.0415338955098767,-1.3843080804692307,-0.7201932495729768,-1.6104889969931058,0.34084874022143463,0.08331499742210167,-0.40688588939182724,-1.5396024950228222,0.9006813249572188,0.673422029254793,-0.33397604125685565,-0.035505742354467996,0.739615866596539,1.966502009069923,0.45894362334739314,-1.5215062015446355,1.353807335074124,1.0502075747365183,-1.1075686305550154,1.0615325383164045,-0.7098112521994346,-0.9748969211214243,-1.656047032499825,-0.5304144538290031,-1.042237638008398,-1.0144716867759533,0.02424203669896359,0.708078133485956,-0.010974975157275224,-0.5518568673388183,1.6345247612011358,0.7366491833797244,-1.4489457180602991,-1.136245913989052,-0.5183670533941723,0.22721099303809006,0.11151793731751469,1.41183400731102,-0.04306747807975856,1.0651895210472213,0.00816054920755862,0.902865128078706,-1.5287942019837373,0.9546297563306905,-0.21914654449311222,0.19264217114629478,0.4401099154940703,-1.039637942384466,-0.461197333098329,0.07265854736241792,-0.7266261932135993,-0.31449980441516456,2.1654732961413328,-0.3673631644352635,-0.4403767494559859,-0.1497489966397065,-1.5524406562188315,-0.14666287664781202,-0.9684992831613568,0.9258484094549181,-0.04687045058781073,1.7862114330963705e-13
02ADL0217,491.8488876019916,318.4487078468112,3.461159726980156,54.08440338889895,-14.798691360379236,48.89809335458023,67.28149831358077,-19.436475960510805,-45.642762995022366,-19.807167225015792,-46.67017366903008,2.759730420632811,18.6564215600703,-21.836928052679685,5.553936887150188,-3.980193894705268,8.450114963972265,-6.188093476840626,-1.7295198844283266,-2.7878084891355885,-2.280534683974081,-0.04360960735842744,-1.5485170105077903,2.9451407604772464,6.2837355138781765,-6.481411370204693,3.1557927415690425,1.1224266875720288,-5.216748957932038,-1.4639174555784065,-4.346956913319432,-4.226948102569568,0.33897948144066536,2.482946073584988,-0.004125389155388014,-3.852130931013839,0.03395820627979662,3.5842016398726577,1.233844288090933,-1.2058146171638757,3.894464148272399,0.2097634719160137,-1.083145665061448,3.823216939752563,0.4847827100357383,-6.024643059509067,-3.2566974073775783,-1.8142306847018204,-0.17172047934040924,-4.091394804457929,2.278881914335634,-4.0902242802430635,0.6663656732501397,1.9098441440607699,-0.28573689883142994,2.347956514972833,1.3998518043087405,0.682896097741909,0.1647651324225228,-0.21074440640556327,2.0272773715995096,2.184573396258004,2.116399694284743,2.7727719531542316,3.2369767604992057,-1.1198073977074854,-2.0541972406390334,-0.4347269574914241,-1.83989983266384,1.7310946748411458,-1.3417650421873928,3.434545517473343,-2.459808715868993,-3.4977181815754315,-3.0360919790307195,-1.5281367597802213,1.7396000704472676,-0.8349618631982259,1.6168755467789726,2.5160643579291113,-1.9267069176450091,1.5229561675905494,0.3696697943246204,-0.5116827470255219,-2.8848726775116456,-0.06725045628886454,1.4227444796778312,-0.12822376058194504,0.948105296382239,-0.26596197400235116,-2.459961882025826,-2.3140771567645353,1.1243838091401162,-0.1898216416362027,1.4470234254869132,0.04812801414397203,0.477646747966143,0.06810445787728202,-0.3511643869783734,-2.7102409124467863,-0.4172616138386689,2.9595238151241,0.9633820421117127,0.3892545659281985,0.03393459866509471,-1.5287751066479813,-0.1888816622464188,-2.1780481100916007,-2.142164537871546,-0.6162927674481252,-0.40417967105919606,1.4788056631736313,-1.3300089269584765,1.7371355942380384,-0.20700266112969692,-0.31477191210244304,-1.0925433125153818,0.6580039619772281,0.7251984187252211,-0.37525493113039166,-2.546879764462895,1.2885852625206342,-0.7736230446222725,1.4849229335723284,0.5721242239923547,0.43316918692381373,0.02937447434423776,-0.3842703683892205,-0.6582620987890891,1.9559965062947238,0.46695496630339967,-0.6747152235548115,1.4689862710333446,0.025885167682392747,-0.23257030039009133,0.11325686927690196,-1.2899882317683202,0.3822113387994609,0.9581814055144618,0.8822882378315847,2.332678116897923,0.8277629866685339,-0.5606844001382186,-1.33404063732715,0.9324938160485676,-0.11900245734643443,-1.878760601575877,-0.49615280349556895,-0.5435341724835744,-0.21213948802711152,-0.6094966869573292,-1.232431462949261,0.3226997345232112,-1.1969152415195115,0.4566085473516264,1.4365704775162869,0.614930993973984,-1.237407242559622,-1.1398327727643713,-0.510946575340523,-0.6586080373983084,2.0144518763653596,0.5752619231744239,-1.2532582901722567,-0.3468673070203924,1.374266218458778,-1.8152860561017,1.1778993537354983,-0.68718146882405,-0.16883355657509025,-1.4250213454781395,0.930757345635553,0.7668097712180271,-0.9922739693604028,0.8718968254218953,-0.1842984365405433,-0.6954012259355447,-0.37067616659009067,-0.0847686788117906,-0.08914407367159993,0.4445619428925645,0.42652680783080216,-0.5842428197100149,-0.5301333163244498,-0.7260537380421055,-1.1265535490462764,0.1023176729280539,0.2994682546463303,-0.2301899829729175,0.015469418631258993,0.6856697866019427,0.027036261641550343,-0.5390663346773686,0.25667606157773903,0.16110669234802982,1.7862114330963753e-13
02ADL0219,483.8950588595768,127.59657787267376,109.24639897661733,-4.62204542696903,19.463525293367013,8.559336782075649,90.74485063617067,-1.0538448074189,-38.10680916223884,-2.469327097608684,8.12277358138685,19.34121428324212,31.673572041672124,3.6448599678386477,10.927669659393974,-7.918210367389198,7.133019960765298,-4.496677868707763,-11.666895598782553,0.41315152669864763,-3.3290174292976125,0.7099976908184112,4.678048435924155,-7.839805705813629,-1.6027578977609243,-0.37257525173398953,-1.3210369263433186,0.036160457228611186,-5.037533840814973,-4.277733824133065,-4.412575311660341,0.824818449821272,-1.3083648087541173,4.322156363022412,-1.0133727291487649,-0.6789925042683961,-1.4260996475351775,-2.398519017950125,-1.5161136322195212,3.418351249626836,1.7397617011315583,-0.2953801679114894,-2.7892079919284587,0.7126157566997682,0.13503248026364845,-2.345158845486221,-3.229110349947226,-4.524572352420045,0.9615372419428687,-1.2504456647894509,5.107927284962955,1.3312799733072262,-0.48655147051151726,-0.11007598999396999,1.5845829474477118,0.18714006529451638,0.15090003672181673,-0.03376707532830951,0.13613989384179806,-4.945507626567603,0.19634211862666173,2.015280505248775,0.2305589142706171,3.0767741039884746,-3.8007314476693823,1.6065920791656358,3.9198164948975167,-1.392103493203541,-1.4480389538918725,0.18756513446409961,-0.9468934925601459,-2.1253979123148294,-0.16479266604830103,-0.849829814246615,0.169888131215933,1.760649182812573,0.11410022866771169,-2.4978447101553245,0.7070109484904803,-2.1978909596033285,-2.2471166447385165,1.1979270725294127,-0.4218895220481966,-0.6378070292853204,0.43937685322191194,-3.072424614103779,0.6784739307511531,-1.3155120053604705,-0.3680123673694657,2.047454698529858,0.05121131367656022,-0.1236715349653018,0.26181210476439154,-0.7152410306309169,-2.014091339143024,1.9716248353328147,-1.127458464500426,-0.44263808077884376,-0.22323218626815056,2.3028132364166845,1.191982276796129,1.481028559662234,-1.1951478816763614,0.546395316652645,0.8725580130258119,1.9647308986160117,0.256658237149213,1.1264115511097348,0.8006327133033692,-0.7779735814298728,1.9409254793958457,-0.07707741194700857,1.2807810193931364,-0.829500060368965,-1.0874990588219748,-0.13387036225823548,0.8595117103861906,-0.2563673352450281,1.2547018932420941,-1.6066089754394652,0.4585504786391877,-0.6775884061280688,-0.962288158039431,1.2201965108408281,-0.9916402685609129,1.8789282906924656,0.08396331904429696,-0.3127164755882857,0.4325855349716964,-1.7895861371384492,0.03720831426702937,0.4669410195431386,-1.5501373042873934,0.823308672642647,-0.6558029091925777,1.529753432033741,0.5558385667947684,-0.030708869531922478,-2.0914795014416665,-1.2570346297378816,-1.0037717361505927,-0.4778785968557347,-0.8027283279032464,2.4547459484129646,-0.5350359657307252,1.8303714176481576,-0.10617372344368652,1.6112385909900542,2.3218549093835543,3.0067451910645846,-0.001742858702181515,-0.14083807240844323,0.12698309438942265,0.7908236798571067,0.09824380396855285,-0.4920442253760639,2.50221149142862,1.4662889000880843,0.1950342257590018,-1.3277369827823762,0.836136234213515,0.31325923449902543,-1.4422886843730147,1.0512946416078608,0.5952042653535885,-1.0485285014109726,2.003447833178678,1.0271129444736806,0.3650620656660032,-1.042737819021058,-0.2446767939327662,-0.467404289967635,0.31822919729789567,-0.9897354968007166,0.5728444262350793,0.452523416673577,-0.2949404292795696,0.7866192475305663,-0.6934789202756452,1.105965803048876,0.6643047624950038,0.5698444890323185,-1.125042569380111,-1.5886062030424193,0.4031677936895336,0.507470775811478,-1.3643241153084689,-0.4282425477270568,0.04598032760171729,-0.4440421459304862,0.2756422345592639,-0.24038264971646997,0.23486238502144133,-0.7742495237499206,0.009946863696003437,1.786211433096389e-13
02ADL0227,460.4099450907053,0.8786758797788229,89.06554769131846,-18.69599587761383,-53.77812911038027,-24.775018896544637,19.9201948734815,-5.179501666022139,-31.72758177454911,26.295148207041436,18.872000717926408,7.51342648010586,-5.899243900839018,-8.262273452069481,3.445587265775317,13.03698414440291,-0.5923260308374647,4.664612658569076,-3.3486319707209575,10.711981351926374,5.78277076356459,2.9441666388119723,-1.08955669709159,-1.1325040056886366,8.802310629613233,0.9739573680048158,-0.215902885579912,3.4730746051834136,3.627283947489765,0.6340003722311337,3.6855678072354507,0.22923275883752137,5.039784491476854,-2.141316941506222,-1.2666660524857973,1.3971627363497152,4.824127132082916,0.6755309448286392,1.5118502393615985,7.476075549301047,-2.5931035268922695,-7.1594606517533625,2.1987673440578432,1.315183319416456,-4.73940835728562,0.693946224540268,0.14711012562071485,1.9530172712230058,-0.4023656927922592,2.8858426553574135,-2.336162246633138,-0.14801570588913116,3.286571609514416,3.2775587953775043,1.7416913626481556,-1.5617081769735628,-0.44356844952150026,-1.6813394189918325,1.9469516000830676,-2.1474488046707494,4.502255905572511,-0.6461466909110344,-0.21058273895000787,-3.5412916809867663,-1.0612829831096242,0.5657309825952639,1.5540505524103623,-2.0420999000284215,2.747620857790658,2.8745297791708935,-1.0706337391579375,1.3649727470567494,2.7963650192500205,1.4823458649204553,-0.993615521018188,-0.9603395878850807,-1.2038337343267387,0.6106546330645005,-1.4200137930570882,-1.947030780270105,0.25056114574488264,1.7557697156858778,0.7156017469473499,-0.198486816729551,3.1416564221056165,0.24918849379373786,3.3621136797848425,-1.0965131172825513,1.1392586100326694,-2.049244864218497,-1.2570268921561527,-1.2865356511106691,3.60431943966701,3.900416932913855,-2.73394225030758,0.588389575362988,0.8489672515920028,0.266030726599709,0.34231455179805775,-0.03154861937019748,-2.2161539982118956,0.28487029224269317,1.5091946983972384,3.2979166549678527,1.555520623856456,1.9572254094261636,1.669832258152916,-0.8637856191464041,-2.033846085633641,0.007700471557658136,-0.2835025887557527,0.4536177882255172,4.043178794306255,1.9612585410069077,2.195759569689723,0.23915124578837757,1.081450892560589,2.3412909512340154,1.0775412315287904,-2.912986398617364,-2.857106719749207,0.49126319342481944,-0.43952158831528926,-1.0316373346774521,4.290773272084103,0.9968685557972298,2.0390794953444282,-0.020453131907121686,-1.8597697899293828,-0.7130132903932707,-1.3197406366132856,-0.11287671311793758,-0.07982768844104297,-1.0248756736042284,-0.136067115040699,0.7244989162535059,0.6243775171680357,1.2775533936176078,0.4144283757242427,0.4661791409326624,-0.24015184013873866,-0.6395643627655236,-0.25952112643963743,-1.112418032954553,1.4732163406684933,-1.4896532969827954,1.817080598674899,0.04954921127308712,-0.8756356153552424,1.0075282260799958,-0.39453261510391635,0.9284833272203782,1.5546763703071345,-0.6275428819738087,1.012782310087231,-0.07044747623532496,0.5458495927631208,0.8949580351337002,1.1232394795298877,-1.0260360925369787,-0.4596437879215527,-0.5544913356187087,0.8340927457866658,-0.04113792852431767,-0.16888859595080014,-0.2312683284824156,0.22133231421445584,-0.6190721048922271,-0.4939139108725129,0.7916840144842582,-0.5445977322958908,-0.7957690203467228,-0.8043415792450054,0.7436577935146197,-0.38174204724003763,0.3353065127013554,-1.1981146790346997,-1.125892722174078,-0.28655427827203206,0.19946536782027888,0.6152868207134954,0.15323484774797308,-0.39161482327756963,0.9738907953527006,-0.40634626196078677,-0.4199594764418512,-0.13146430349484942,-0.04432254485115203,0.27677836898677227,0.8339685950778036,-0.1890872062755625,0.4287511354270539,0.6084652426999015,0.21176183857194475,0.0032929567576832027,1.7862114330963934e-13
02ADL0229,483.8980036898262,-5.5756084179439975,16.530154013660432,18.367192086422133,4.070582872942076,-28.41011009530463,68.76567341298248,19.293308304701625,-10.898103214290572,-2.385786722386344,-14.994534848429545,-8.829089694855234,18.430767693114234,-7.9495319760972505,2.520587245395726,0.9091316911781098,17.22529209520148,-7.694118474532795,-1.5335296807740473,4.943814394521322,-1.2202215321470582,6.666177167401713,3.817217321484667,2.7255322653418563,-3.504527601035843,-6.928920859325782,2.4546496683449406,0.019157134144695206,-6.922598300814276,-2.3743933337218075,-6.815538904608793,-2.6907097396296775,1.5836545363454357,-2.1426542652055693,-7.572432456702378,-3.9144103716381764,0.5733702642892705,0.07387080933804625,-1.1697485200640387,1.4170011531138176,-0.11951299661441489,3.996122044139349,1.9438754181756563,-3.49450913597745,-1.4459059694889944,0.7613424996817403,-5.6324957270351055,0.7127284642930577,-6.142435464774167,-2.104112132941396,0.5391117067145375,1.359862865325928,-1.7282586290319142,7.020050036977887,-1.466160661638433,1.9381920966125015,-0.7032481642738811,1.6477537743181,-0.022181601034904457,-0.5206200294411453,-1.2179608094379946,2.7019534374301952,-0.29422780218592764,-2.6064148099404596,-4.01181552360826,2.088449461312967,-1.4097041667263457,0.9251255773406636,1.968067080802768,-0.878651932071765,-1.3071114226338365,0.11165296378375317,-1.6439936505842936,2.8174483777528887,0.09964406034265921,2.0397842300890923,-1.298287802004972,-0.4320364074594621,1.5494244943673148,0.11935508132897,-0.07896519109347229,-1.7767193664478433,1.6825568712880548,1.0749326107978043,0.27996041044644976,1.1208402020383617,-0.5818864387109322,-1.0698446972332905,-0.9604005450939287,-0.07343846401138646,-0.36862863397852164,-0.5661627676198421,-0.35597755844759904,-0.21774021781951247,-0.34677324457292297,-0.2062621919830848,-1.3476000622485964,-0.9484951657047561,1.5300895301950603,-0.9903492052059983,-3.723427794770672,-1.2191793485360412,-0.5052003630046509,-0.9986143347949268,-1.3839914208857111,-2.0231429280474744,-2.1544063682052688,0.8555046432913634,-0.3002249766797953,2.020078282269435,-1.8753426659769024,-0.09181086292772599,0.05270186260240844,-0.3202088893358515,0.28686944989115964,-1.6873999871691754,1.7011604104682685,-0.9243776796552081,0.4615792258932055,-1.4400452952408578,1.77954575864596,-0.7227538530131237,0.9344106326968384,-3.1348786424887005,0.46080133347861674,0.11096171913376034,0.4533007171793735,-0.255502577842279,0.4907522266447965,-2.389379516970806,-2.024338172862337,-0.26661999519365753,-1.1649203935015642,0.041320727962305945,2.294911416747391,-0.453402245284342,1.384764854423836,0.42372360058590425,-0.49025563717820053,2.816231883068273,-0.5150441543578261,-1.6213660992309993,-0.42788502047523386,-2.3732947484890516,-0.7971075225148253,-1.7118801402593633,-1.832532695199772,-0.0014603432431176918,-0.17031137154786813,-1.0886402988631974,0.12322180348208343,2.2495094747835855,1.4546084794066572,1.662138065689173,-0.813209274809157,1.7949965381848212,-0.10146845418753646,0.33412204583169347,0.6091416221681634,0.8424341024831185,0.726204852162183,0.8419000448072338,0.33384113125833503,1.1911465110141979,-1.094906407889,0.1317721607609468,0.0013804001970987355,-0.8407467139153657,0.30191581924777267,0.4357323593684979,1.7837935318526006,1.1533511095302873,-0.6392571005114507,-0.6217018766673513,-0.4298152388890148,-1.0438665405092669,0.24112663728124492,1.6808141974158386,1.0235601176776858,0.46730285402442595,-0.7367752326755462,-1.2490083043297837,0.4287736202406067,-0.7034710064530837,0.07815060367089349,-0.15577251560001368,0.592015717848502,1.185115266293296,0.06138774172780018,0.807980696561233,0.7725844346565496,0.704217574043036,-0.5150117289170227,-0.678872362661336,-0.4262105140452385,1.786211433096392e-13
02ADL0233,491.2253349545846,54.05284656640672,106.91001419958279,-79.25337597008412,-17.96950575809552,63.49870479072071,35.960546423445514,3.8924133488809063,12.018364561060622,-0.6656362003036909,13.16985598750715,11.945782648462055,13.544702384268572,-3.904998227147961,11.19824034036811,-6.892257243849363,-1.2303658004441893,-7.963807401887608,2.186637961835819,2.9471811668779284,11.644162057128002,6.819498696382957,1.0668310665070462,-11.74182997237559,0.23875183713079165,-2.029519681974783,5.146513910643425,4.9084050153462835,-10.539833555616267,11.11901426070362,-2.0263438646450247,-1.1788717642593487,3.926090570746799,1.3984019569966122,-2.7706009841250863,4.059141068209653,-1.1137582549899177,-2.482685931527879,-5.806721296668864,-0.8156882851219014,-5.735603969923046,1.6007641266166701,6.079015333908808,-2.9328515304397516,0.19124044069278484,-0.7215136748371592,-0.25233112569020366,2.2992658163834254,-1.7135688653918015,-4.246551583854535,-4.730553842124464,-3.997909252595306,0.5145038276634412,-5.290544177138305,-3.4002821035050403,-0.8458146109452895,-1.0571389325456482,-2.47432472505024,-3.575089522896627,-4.145302307571038,6.0321264373692784,2.164241808636511,1.3571018107251323,2.088748259872071,1.4298595874290259,-0.32921225825961303,-5.459632982018743,-1.1451565707049147,-2.475551041010669,-1.9507828043368731,1.934887891040484,-1.3915031628533627,-1.0378958498351682,5.105728518381563,2.4549841403756427,-0.35549224595492973,4.659143210709695,0.9706772847974177,-2.300782177950448,2.3066231548163914,5.310546576582852,-1.6468340220305335,2.7269544651849795,0.8229870668539775,0.9919292866153647,0.8296555216116452,0.28320955339133663,5.304869827017902,1.099195562824821,1.8295697008076732,-2.17275197772359,1.4322102947402402,0.8230210587523882,1.0163429831595325,1.2645433374023678,0.6460369132668691,-1.0393856537318416,0.21360347065658752,0.3044373029583088,0.3146452609038835,-2.231275651687932,-2.7419087434040597,1.8587523647165423,0.5845212222301923,-2.2743552292420492,0.16930360390791885,0.25450480951948734,-1.870669674433921,1.1822168439068894,0.9877071363957479,-2.1469950971760188,-1.6781317118306496,-0.6869259314863289,1.5825644405321846,0.10287739322158723,1.0475779412813837,0.9851928795360068,-2.1096169725080003,0.23549406301402204,1.7235939704794316,0.7913443949969383,-1.1981452706449518,-1.2886628010421828,0.6408471831982089,-0.2425191800189536,-1.5896939361506235,0.563830269832217,0.15813339547365696,2.784828441730037,-1.1218859935373284,1.3318100604150434,0.7328224541264661,0.6233012376789044,-1.5066325803190495,-0.5175976522704864,-0.8337139776937775,-2.0047056591794457,0.33915422317534855,-0.07078872847867482,0.3030143807079392,-0.05230921727437832,0.3441036725371706,0.6378238043211202,-0.3590479065145625,0.5425662957776314,0.5179834077227683,0.6141288799971573,-0.9076847061671776,-0.7110164674592953,1.4477633268239862,1.0703584708459086,0.446069337429325,-0.30025586600368803,-0.3029084360924617,-0.08830952655818557,-1.0152200588187998,1.3329673862382372,0.18504910460230364,0.323113526321333,0.3981686159177426,-0.14695900367392295,-0.8137312304887552,-0.18614707340886125,0.4875453226696019,0.6000617130762803,0.41778257630697896,-0.5613099173361668,-0.27264696064214905,0.6288772337946327,-0.1908281078818207,-0.036391503762499215,-0.8559853157651699,0.7913653447327285,-0.03513293993011024,0.6845981664522736,0.8873012849823719,-0.3660834566379272,-0.09152580252538789,-0.2870670072363374,-0.1101044796044276,-0.15918258747566613,0.11071781915200447,-0.1964639850311359,0.02356840223889971,-0.06058631920400381,-0.5525467409583977,0.04996393799259921,0.22633170421169893,-0.0750860342305357,0.05395454238499548,-0.2967567688769919,-0.17205668803916166,0.1727821340875167,0.33923785961973774,0.1231530683915944,1.7862114330963788e-13
02ADL0239,485.97544170344037,6.5693433305351485,68.79763242027742,12.655457673892645,-23.799383952360152,-46.84539596366817,-11.369890410046633,-43.48549204711359,35.02356182519653,-0.4885096194593446,2.690937853403428,-14.634992823927082,-13.783705136915259,20.90327862473415,-3.2580176088226147,-1.8202701829593977,5.175335077823229,4.018241050597357,3.9844188793186244,-6.164483715016635,7.977577019357062,-6.437628382824871,6.114077648189496,-1.1493900091536697,-3.2965393295878176,-8.143314424677015,-9.946741437449125,4.950944680922056,-5.4071679287347445,7.746180973623966,-0.8822628393574177,-8.47979344476546,3.2668429985329395,0.6685959139054769,-1.7866918363326632,2.5239796159903642,-0.1328051143421577,-3.256675261183037,-0.13213255350551736,0.6270216866923006,0.021368616077405023,0.9323474770098077,0.6525849018581964,7.159909334623905,2.675511138287877,0.9320819987580163,2.731515139565686,-1.0727664366557652,5.179850660831105,2.6386011422093234,0.933108951969572,0.17470632009368353,4.360164596221644,0.3825894384930748,-1.0461020065953495,1.5739193651603083,-0.17047492521096147,2.7300912106396416,1.2583276491957902,5.87419094146945,1.6497249691808327,4.247870804839215,-0.3594456218677673,5.06399985981924,3.2241201034657534,0.6300988021790731,0.5573256334878423,1.7066666818203564,0.37813642294852995,-1.7341305457935796,0.17867935172774313,-0.22558882306962133,-0.4835981089568028,-1.0225302126907023,0.5166769478175663,2.5332976569777634,7.108656162449699,-0.026723205710325024,-2.407244661019231,-0.2513729733960002,1.5959626693427917,-0.3205010292479508,-2.549544685924958,1.3090751417998914,0.46891178164731867,2.530623938013215,-1.4672465976999454,-2.796505714741628,4.567682116025867,-0.6349273780692587,1.7546052856293892,0.9267795543699179,0.47889364984589267,0.4906549700161857,2.050444024798693,-1.8048631819955578,0.3779194699152725,-1.4258658422084631,-1.525047997431614,0.13254881107699018,-1.4233240636675677,1.767287243751038,-0.8133348702521315,-1.0005454903837476,-1.2304219949857698,-2.6748052294911178,-1.3414635578931715,-0.17699878882592182,-1.4536077670637506,0.14717253288788884,0.432900569604285,1.8519370510446491,0.5973454053253952,1.8519951476899597,-2.1053186321679203,-0.7104039592904754,-0.2707447772669065,0.19506731379131076,-1.3745847469128496,-1.707857323753954,1.3963153336160543,2.1988395683373763,1.2790077413321141,-1.1077834530996615,1.1387480632474922,-0.19819396877876225,-1.7365896939688847,0.02227318636887973,1.914217555813768,0.5280163056838134,0.6361847233859984,1.119625602272866,-0.06184604874398119,0.9843614963061169,-0.8698112551870977,1.5182239109612037,-0.2833465892551759,-0.17256230452689414,-0.7482422291677376,-0.27551758965727047,-0.9533491914158898,-0.3760919580712388,-1.0038730611303734,-0.25714345902790126,1.1176462433880876,-2.4269080151003126,-0.2715049020852515,0.3161553905087374,0.853015975867517,1.029902774433749,-0.2886434218059757,0.03065827697608088,0.930542516867701,-1.4718794682607528,0.34873930043919216,-0.6913380467370828,0.007556675422348346,0.5120507524731384,1.9730470721208482,-0.15297090521559642,0.8650189508417988,0.5648258800723542,0.6038932521565342,-1.1938430318680062,-0.43541209591773244,-0.10728641390826218,1.1830829779870597,-0.042714221517385485,0.7263113723630583,1.162321871521151,0.15946227531400453,0.6900588199616855,-1.139621073900674,-0.280249457970155,-0.7193106051721564,1.0329033388362203,-0.1169108457508949,-0.052111410201208234,-0.5473569700291373,0.26529173581017085,-0.7617232632254237,1.0102395089019258,0.23443426709777093,0.06296294152199985,-0.3668093944819815,0.34406609064098503,-1.2305843370574154,0.31656975510980795,-0.1721995898494875,-1.172707852113638,0.42223217236997695,0.4059131328421948,-0.011218101655661391,-1.4809704756854887,-0.33069778767214825,1.7862114330963826e-13
02ADL0243,484.3704538458206,74.7659181436142,-30.94617482116577,50.88840141540773,-6.6749889846279675,-33.5682840719948,55.225281614552365,-13.488322935074764,-33.8182708174336,-16.506030747486914,-6.420479413721364,-7.889527645812986,-10.91267754117868,-9.75852993365204,-12.751432754725332,13.076146183677915,2.8667188732841384,-8.037070747760803,6.737442890198962,3.0568606310477144,0.9700999667607592,-2.486463355449588,6.281633821773484,5.268892798527553,5.258090342918327,-3.1615461669067018,3.255700009605863,-2.052167078491984,-0.6891486170271999,1.6375392505164055,6.066664801616412,-11.382646229248913,-0.03208263674131544,-1.7540245017477316,-2.6454116898528848,2.4540321383548385,-1.184965456051581,3.715276525390535,0.27467747267420567,0.4297367613685769,-1.553482783190492,1.5922195045661116,1.468354129614655,2.0283214699158685,-3.9588278396538548,-3.3018590691404275,-0.3696159573089145,1.0746221347743259,-0.7067003504736714,4.031053668410228,-2.362535743036218,1.337281255885232,0.8316949601864129,2.087794911730977,-1.3474945712951483,1.9301715008032192,1.1618660109507952,-1.3571078453068455,-1.6871050432574106,-1.450083125352055,-0.2771601372803206,0.5595058790355107,-2.4435538730625206,-4.834908911075799,-2.26867601732676,0.38446745955659734,4.277744803965293,-0.5821527905829941,-0.6099063161212519,-0.6408800843114132,-2.683854589581481,1.9319446632082873,1.5927718482020865,-0.25156750744833617,-2.9226489748138507,1.5819274450430447,0.9266273551101645,-1.609547737253978,0.06113449237483048,1.7899475995838616,-0.16706148909445948,-0.0041369510617859425,-1.0155147072948794,-0.38558023715228934,-0.8262804325172947,1.9285889044794666,0.20655763982033917,0.09948388997952384,-2.1959369919998752,3.4201941254919364,0.877296600995513,-0.2626364463814003,-4.283432424999941,-2.9208219915995444,0.5460158019410578,-2.1431788606471422,7.022782852920725,1.6812357533903521,-0.9676859582060081,0.6629030955266557,0.9821262694691927,1.0478052190273426,1.501226125144381,-1.2251929185941015,-0.8213636378842161,-1.8755456679639522,-0.17349424886653636,-3.200102283943892,0.2151841456147708,1.4938955499541737,0.5850078222012804,-1.9644259452111819,-0.22431501849516536,1.1055868392456158,2.2084248120189622,1.6910246818731738,0.33339128594976536,-0.9938181047579161,-1.1118360551305504,1.755133071967747,2.704876979144983,2.396283903068871,-0.14991263369891666,-0.5867974732286907,-0.28840123211538005,-1.002637796144927,1.066356953674646,1.8163828128769972,-0.26891288140089925,0.9564995251452262,-1.5309663794961836,-0.19472220883465935,-0.5376229656202296,2.290898220206555,-2.6116928866961926,-0.5606180448421967,-0.1063459608335958,-1.5002858930478242,-1.6244435138066802,-0.07856558208751938,-0.23357767420432304,-0.3307699132938029,2.5753218023385465,0.224641926268767,-0.3534471532443096,-0.03955202201030362,0.3334655301791929,-0.07885461339805293,-0.1743159820322835,0.5659283457965927,-0.2216486861577607,-0.3469928625984579,0.04664097324080485,0.039049096502177395,-0.5251896002318089,-1.1837482779879949,1.9468902253778788,1.8023503385733886,-1.0804647132725946,0.25639815438970154,0.5767323313057204,-1.9578601192218055,-0.603439671827655,0.13569649494586083,-0.5894533912191535,0.6034011960870902,0.7402208175338372,-0.9190958347589715,0.13904401889248064,-1.0320396463712809,-0.6163492855763262,-1.0179904025803845,0.5651902496404879,0.8791631881036952,-0.8102286053363718,0.28716615621217395,-0.9120544961774684,-0.1908988350168807,-0.09747089028423819,0.396372066572095,-0.451966695749545,0.22069092043237332,0.20115655318605563,0.7510000006255567,0.6879811368377896,0.03394715553336125,0.7548821947697515,-0.9058184868325283,-0.23283157028092252,0.31767900559769513,0.12047997380663757,0.10492462311330855,-0.09257338108803613,0.5603597676114246,-0.7331921868025817,1.786211433096397e-13
02ADL0247,492.26310310178013,135.74224156820668,-59.522516028121785,42.31144800417214,-2.1801041779099304,25.548981776253463,60.68206634433713,17.652312115240715,-25.98600894149783,-9.31686735615843,-5.687326033444451,-7.392951739679709,23.244378593711428,-0.5318348365361643,14.15137659523002,-5.186538100821083,3.1879960637942832,-13.494227373743765,-1.2399768421480946,-0.11747642049308087,-1.824058517390502,5.679043665040149,-2.9166571897263656,-0.8522781623353834,5.66054286123718,-8.287176893258966,4.9911745269265255,2.317606282798682,7.450179672081756,-5.565673331524296,0.08038502732710899,-2.48107563295604,-2.70673643990121,1.0668893057625122,0.10901214378328558,4.128361979893681,-5.481579375985557,-2.1512245016591685,-0.31127531694134764,6.5593599955868624,3.4218481757282433,-4.313742934891805,-4.8718076872762,-0.680110570728737,-5.282341076928091,-7.138694563899352,-2.593545390645863,0.4828972874085325,0.5753836509208975,2.384311571332815,0.24133992757673267,0.6758883298359847,-1.482469011957458,-2.915199296879896,-5.267677513447811,-3.1397130152577764,2.8756809096422193,0.820540783815862,1.7113316751464887,2.3056909444429654,9.146507484040932,1.861480056753705,2.0588191583216195,-0.3528218282635406,1.7963740219646727,-0.9944376622034843,-1.0434507393046704,3.73382370873378,0.8324154591390718,2.9133991377264756,1.126192692275004,1.1539446998582839,-0.37414542190525557,3.2049122961465506,0.36644793438252027,0.2264921808327343,-0.77736942120303,-0.4309374713971461,0.7247722791436265,0.3847525253100055,-1.9700545065068336,0.38434712748335775,1.5866556534342509,-3.0816261078941096,0.15771315728236446,0.9394303149739706,-0.7263768389884138,-3.809132815082625,0.003894704137934522,1.8850832440469127,2.6573405370665633,1.638986409934984,2.57009823157433,1.936149093404659,-0.3221554502022835,-0.9153576951091505,-1.568243830473818,-1.569564428906268,-2.3555797048353666,1.6569518993411994,-0.1159622832721035,-0.24868140140989578,-2.142297122367672,0.8738562728897363,1.8509266371605342,-0.7993345842750001,-0.6466315636358566,2.4602400523811445,1.2711582641839225,0.8656681666791493,-0.2330852883847921,2.434079151134887,-0.9031494348205363,-1.244414990250804,0.07963928739917985,1.1890127022229129,-0.26506789475318754,-0.1854044446747936,-0.5930506101504744,0.7276252077679077,-0.7256882754178124,0.5948016780187103,1.8299759247187382,1.6851588340444135,-0.32360290456837404,-1.245425772564866,-0.7366915877324199,0.06062633098761538,1.1572160510622642,-0.6990930704458462,0.5674182591432215,0.24689499549197857,1.254744176988625,-0.9529913377700027,-1.77179686356915,-1.251568795313553,2.1791337892817317,-1.1692455768052834,2.6572781567287245,-1.5553357765475424,-1.4516491535853997,0.4503927467748653,0.17492880576668346,0.19159899527765578,0.2727521898531812,0.47352730151638406,1.2934610466764793,-0.8531556454380285,0.03686582660669423,-0.6602998755055184,1.4642684113998141,0.28335631065866546,-1.223037664539915,0.5802470672359772,-0.6242440680920733,-0.7550629760497874,-1.1138565346115772,-0.07106514889257162,0.4010017598097856,0.590466285560816,0.19507005762741175,-1.1383714137373968,0.5066380519758262,-0.9929720363803691,0.2791080219735254,-0.5798064230633933,-0.4358780584616095,0.03864709623501025,-0.06585351409717143,0.08724245122822813,0.24468385402827528,-0.49287392293568705,-1.181504028439035,0.7153859433394818,-1.4492293158783136,-0.6083491918752584,0.5975289574748869,0.30086994237005626,0.7539204402989141,0.03553269319094279,-1.4239152168786715,-0.16610866933636934,1.8823495643385828,1.1957477387846915,-0.048006761374332914,1.3081767231151538,-0.10138333350836,-0.1872173283650939,0.18343623787800842,-0.14532247401968093,-0.3707751333588204,-0.5694100836210059,0.3136595170523146,5.9998452624597e-05,-0.10415812052407109,1.786211433096367e-13
02ADL0249,442.79604288519613,10.056777869593557,17.21774027580799,26.171908205838186,-48.69813941669641,-33.80590860411029,101.88681518098089,37.348843949720404,-50.6658493447778,9.190117355353713,49.528393930430475,3.7633695253194706,16.696812001429848,-15.306089362078472,7.890902629217911,16.599225587067103,5.82490641990705,-2.6006713697564248,-3.1532187193510297,-3.071208639171558,2.762487221539805,-1.0150054507638702,8.659218201383828,11.055466439035616,0.7464898632836295,3.0801104532536723,-1.3138591879552308,15.387921660093173,5.727362039162534,2.188994103815512,5.554357891955035,4.797373246975923,-0.8058901197403295,-2.6915264979630606,6.223309691633896,-0.5336882183670353,2.8695411886146722,-3.10871078252929,-0.07251259184601455,-1.7315048222512388,2.9879560455063614,-1.5651136595067463,1.6779790992947847,-1.4791167048758977,-2.4105963286472005,-3.8130199596267365,4.845561262677046,1.8199463659103943,2.9997124237170665,-2.2297167933569226,2.771580354871363,3.232590444043379,-1.8070465330531413,-7.374276560089802,-1.750176320436586,0.8396896499989372,-2.358067810243646,3.5104368295389823,-0.6286354302828621,9.171576324398885,-1.016456828381573,-3.004250017966503,-2.6246488154719776,-1.5647510899875567,2.045361576068835,2.30026762044389,1.003508122368425,0.15811790863478434,-2.006977065754978,-0.6420203012797007,3.887196570565868,1.4367654268922279,-3.537564878062923,-3.31196476786563,2.5430572276336907,-1.3719527518883001,0.07914911360201737,-1.4300562183866112,0.6261146525275176,0.4855407283972579,0.6408135876851903,0.462611178743417,-3.8729194296927325,2.0383921328447037,1.7621130109898564,-1.7426565477307343,1.1463355633639287,0.4189757090746346,0.5386509377823774,-0.695427941506129,0.17454055345708225,0.784115812728499,-2.337015221832337,1.1301412593213185,0.9382990238626012,-1.8613289540154296,0.8747556358553041,1.1616283640580163,-0.18657061925036816,0.46166867464557626,0.48067679987360906,-2.0255925162457795,1.791947485560146,-0.8948889116916858,-1.4701165846415563,0.16646744610650116,-0.7474923347482926,-0.7160482619546531,0.1328594673476829,0.5616889975158433,0.022147471023190392,0.27615455855821525,-0.1928438081243148,1.5456563999900732,-0.026842829305092172,-1.955277291144143,-1.9119768411620308,-0.06975385914502273,1.5549314836802055,2.664518806788671,-0.5852234982404348,-0.9194020821705025,0.5090402516192911,0.16381015843712415,0.49553461932341636,0.6361378786142298,-0.44153712337002077,-0.7073518116849268,-0.01999952399073701,-0.5577932054403303,0.9916180104189974,0.190026202067431,-0.5078596970583769,0.21937276438281098,1.6711001752136478,0.48636244916426785,-1.0452592664934934,0.3329807514588812,0.4259757369098086,-0.1557830527160215,-0.6089312931322521,0.14840492210088382,-1.074554214130064,1.0017057889833032,-1.1151543806372084,-0.2040513689066717,-0.2739972939660066,0.4384941492855442,0.2558910464092422,-1.0643616594941574,-0.2977831030836615,-0.5386325891234756,0.6662314292654633,-0.1559149130070564,0.7794067990086426,-0.22507758199756817,-1.5193827815380305,0.688174764075275,0.6061544219429075,1.1370152117860826,-1.7202033344797643,0.5760897918742639,0.8558674525527347,0.1314673732236332,-0.3114004475629418,-0.2399062819013912,2.0010653977789126,-1.3823489945240781,0.21689697367768548,0.20206793914917778,-0.08028157035243892,-0.983377309770694,0.5468245420064952,-1.0945878683943098,-0.16178157412023783,-0.009700913044767999,0.5571772572625677,0.688495125892931,0.053066413834434466,-0.7037551745077082,0.5800354372434783,-0.6735642177535324,-0.7685483777889623,-0.11973403094423328,-0.29421029958587697,-0.12613054841861177,0.7261676271814714,0.4874648998770181,-0.7560657677213749,0.37867510817651145,-0.46569287190688685,-0.5266291007266358,-0.14224370642564108,0.5427617059558852,0.11892219682461587,1.7862114330963826e-13
02ADL0261,458.53375279895647,3.148093986206905,61.687081533700436,11.371905050053533,-47.34800291562254,16.26749692919302,-0.5908516152384313,-45.408402081682624,32.96644325305459,64.44078155638809,5.39291854391221,8.055236249673506,5.19372750801736,14.944274303768081,5.837080990718279,-12.887564785654329,1.3258950332680592,-4.205147603447537,-3.4310241314143135,-9.779992451520341,-3.0943387220022154,6.67373142240484,-0.751690556362148,4.309785712258181,-0.04196616794735604,4.173947255819454,-1.3203718818599859,5.127924020530783,-2.4947239990705268,-6.212461081462117,2.5806740067447933,2.512555261455968,1.710098939721814,3.040555768982888,0.6012908634701316,-4.886748848013093,7.809578587055171,-1.254372888675425,-2.331932829142457,-2.7508958482377235,3.8142511605632827,-0.33091348550234706,0.7940665855148031,3.7461144428680226,-5.638560184247286,4.917197467433132,-0.37278055609864863,1.1917778924488471,-4.156304688727456,-1.3491041211096215,4.147078020022175,4.663949638347963,0.21099941557766486,-1.6170691379262983,1.7864889789223894,1.099181078818481,2.6834674018578624,3.3524560331058417,0.11894040967425935,-3.0154328970757067,-2.4539045150812457,-1.3929132280925498,-2.3762160274360675,-1.690643317792708,-2.0898576838903606,0.4913308471944014,-3.1811927033766025,-2.0707504397986582,3.9917522038863718,2.5798037314140476,0.18217052700556768,4.047705079524801,-0.07237392773628726,-0.6465533170870844,-2.4030554266293906,2.069137276640078,0.011997209719786085,-1.3583015501918971,-1.4554592579625145,-1.252105998145604,-1.100317061114938,-2.2297045960976796,1.3316193935565654,-1.523691558998914,-0.7872613739491594,1.12205974672969,0.2991580449088193,0.8653402307788748,-1.776206415230623,-1.228607759006487,-1.6083194374015404,-0.28914165890269466,-1.8561322284708086,0.7651802408819514,-1.4275503495635766,-1.5004943149675156,1.3858240174324652,-1.6708769220876656,-2.8715240403396867,2.311102920818848,0.4655161393666103,1.3145716935215335,-2.702397463674692,1.7716020211370118,0.2871766519405993,-1.7655446203208631,1.6670723110147676,0.7991023308944911,0.9263200160807509,2.3951553497906035,-0.7954175517043732,0.16120124734200839,-0.8350350331756728,-0.3397068657569284,0.6054801448162899,0.3944467070335048,-0.24584218975357944,1.4662152770939343,-1.0397621155973753,3.674767954075899,-1.0041661502214043,-0.6895044540172898,0.05606099255471148,0.9865527133710172,-2.3611428395747853,-1.1648725675726193,-0.898311227923341,0.7607730850055803,0.9828539331229005,-0.07134906649452079,-0.21779067988534173,0.3176430048981787,0.013254472301683827,-0.5788490565391616,-1.1452440211405852,1.0179171981103536,-0.40214371583296254,0.8644749923481435,-0.18797862223481676,-1.9180256586200852,-1.0127530115183447,1.112802841139404,-0.30926690102503046,-1.714542675297766,1.081844620830259,0.10345669774141705,-0.6105681235501738,-0.10728573515080872,0.787932065519335,-1.035385396416094,-0.08546542318069775,-0.692295895557087,0.5413920771792965,-1.1464824177782096,0.3124692207776862,-0.37270667533369023,0.5848748755572226,-0.745665692351091,2.010370869661547,1.4897596242060873,2.572772490738495,-0.3017229958461132,-0.19448753861624155,0.5327660431282113,-0.8599817361230848,1.273012561453576,0.21861340257003953,0.06359986789566814,-0.7333728171707953,-0.41293503566210205,0.5391621150236984,0.8754362139128892,0.08012308042168882,0.39172952910949227,1.1097099322336639,0.15933975098313657,0.440207663065421,-1.308800220932093,-0.0664974638435733,0.5951969232937361,0.430058132438082,-0.8708629264452536,-0.37266318737174486,0.2589785584540424,0.6953988390717197,-1.6815463872215999,0.2249150114499396,0.23155937947691052,-0.5432399245784356,1.3333994814366708,-0.6244751484744293,-0.5851914321577247,0.2196900874744155,-0.7595813374477097,0.7078526307847254,1.786211433096402e-13
02ADL0265,472.4762217745728,-29.471407267598074,130.94553864063565,12.1140921132726,-40.80774103386202,-6.7920163475745,-30.259781218185367,-35.84160628799897,-23.67330821641547,23.643774645084466,-17.14646731468966,6.286328572326351,-0.711629606934842,-3.4515527043512706,-4.725270345979621,18.846080221742397,16.20769987600231,4.738087336270594,2.640406326147027,-3.372810140391608,2.457008115997493,-8.821000246073536,-3.1832626444928627,3.4868316068403393,4.426552910006113,9.62560228987458,6.1965311824146605,7.422076972251647,-3.568190885072006,3.1859022017210195,0.6984262467540747,2.088040317470031,3.933163133117011,0.39533157617395803,-6.486531852420955,-7.587608044952526,4.169195341826563,4.653008221727269,-2.877790442145938,-4.751777885269272,4.3696070750655585,-0.42448201261704505,-0.5760816485758626,-2.392850719871998,1.82273809628062,-2.3006979319715293,3.914807000260729,1.120908039894662,0.3047815741572332,-4.421120198484625,-1.453362026367552,-2.1460239991404326,-0.6159897597201321,1.3229886113305047,-2.734176559822615,2.7433183511863497,2.8186622079829373,2.8405120496777907,-5.357600416030977,-0.22439621542200713,-2.585115661435461,-1.223406515250579,3.4573373759834363,-1.2833269338705002,1.5643439274789481,1.2385254162196269,-1.2047312257912641,-1.9374290657966455,1.2070239185846319,-1.7933753343304057,-1.3073774189220093,1.080752062627822,-1.3941009322706661,-0.18232451933945365,-0.14867769726078028,-3.5690859578725296,2.35161675468956,-1.249042029903251,1.2618306756597846,-0.37147409458977204,-0.09991505809567286,-1.1348363275701248,-0.18389636094184092,0.47863646973656937,0.634642759780016,-0.8346161513306033,2.1285650750971263,1.427330784757491,1.7611555790375852,-1.0025680399367118,-0.8734367648054834,-1.9987554222946735,-0.7373982878297964,1.5326416626473365,-1.1646242827357494,0.759291116238172,0.10753678688329951,-2.9953417708607586,-0.4852671479763889,-0.5598381221756584,0.6780293676415156,0.07746741298011182,-0.9456812081516026,0.3799653053834408,-0.09444291742707606,1.2573177365891333,-0.7356189683146935,0.572226689892141,-0.6236548115538388,0.07208157843739067,0.01858529079056493,-1.1397761095949621,-0.20302499720705908,0.8328590241138005,0.5793702374050537,-0.24531799233225174,1.3181396002360044,0.58028921754321,0.4058962988062005,0.988908765065033,-0.1534181006711929,1.2118399887925362,-0.25971464873677635,1.9437835113675397,1.4745935907015704,-1.431847679153151,0.01860426513399923,1.1167942192248659,-0.6803480230421187,0.5709991021017701,0.6980965352719923,-1.2468845191788542,-0.34328238868647193,-0.4844044214114466,0.17568911091136089,0.5506828165484832,-0.41219344314939005,1.1649896725198037,0.06682731893436561,0.21292021590179622,-0.2743928103530575,0.11057508790966697,1.196416078470668,1.9349029663357094,-0.048756788272503564,0.08093191810583236,0.8265124784104533,-0.4521788245950346,0.32349491522345686,-1.3602684782574965,-1.4586868985051584,1.0116659690030445,-2.2803927752683455,0.6189034318703007,-0.8610865395443452,-0.803463987632569,-1.4300936483896247,-0.599972491032021,-2.2080966956868164,-1.50989903365967,0.3000157288754184,-0.2655545080538069,-1.4573877607654355,0.8887772626663171,-0.18511267780434848,-1.0738350629416575,0.46356883176652247,2.0499266920570736,0.7108721147311289,-0.20454465209010103,1.0953567387557146,-0.4078534171839499,-0.8021877923608766,0.6542595135837109,-0.6675532488065898,-0.09262504384262096,2.082373950162271,-0.09739430315593049,0.2106204853366983,0.15030353726442505,-1.3100549347423414,0.03155762836902464,1.2410266086214554,0.5612194919035072,1.2258617917282761,2.4195992035563063,-1.3259156045445495,0.25030317718543355,0.6390907883074335,0.3428607727892067,1.5736234439470835,0.5829612352483635,-0.30565202428092253,-0.6014055734308362,-0.6663743725955895,1.786211433096374e-13
02ADL0267,483.9923517441997,28.792170395434464,-48.463597816710575,16.015934969503896,-20.84589863014317,-12.182845311320131,30.24804273232209,-2.171989449243428,-10.097933233129647,18.93836817575311,26.469691211181388,-20.00153826279552,-26.598962959779442,13.901185657147796,2.510471088977678,2.6224609921011828,10.252503213144207,1.0791941641423948,10.238342270426234,2.147167559126737,10.83476048291212,-4.9078008639156065,1.7274400014460718,3.525360637371758,-5.2327169160366305,-9.999065711023572,-1.7835222885584425,1.7132901728315584,-9.354857629046986,-6.495952115566353,-6.01610204907583,-9.231573675919691,4.368662895555622,-7.183116384619593,-4.479085912543692,-3.384577762933329,5.81145051029374,-7.518023795430004,1.7936409712189818,1.485146243556844,-0.8444491593585691,-7.360418965566667,3.080505791508838,-6.64189774877932,-1.35502190164155,3.914459281370224,-0.9754586863377074,-0.5565647120920243,0.975955715754766,-2.5783462202051,-0.3830012778775496,3.5181930959297665,2.28700413159612,2.801748379856434,-2.9290506406455172,-1.0443309398628537,-1.2664623060772502,0.12380970112800427,3.927012190173859,-5.806045451796709,1.4608605829536496,3.430509151129343,1.8241519951891234,0.5107936875687349,-3.827006027982902,0.03921791738593698,-0.030602691973961482,2.0894204585642977,1.1295231359650075,-2.8755226693819664,0.7546003885109829,-2.673771812607422,-4.732747353762872,-0.5630119269790467,2.354175828812368,-0.8557997491925977,-3.1858510482153317,-0.7645974991345498,-1.1898391684463356,1.7579954370331354,-2.9625883728995146,0.4559838427828804,-1.7603612906481996,-0.5668830105913175,-3.2658779336270247,-0.6528459770538926,-2.2216893257156745,0.5009365149036152,-0.007641733144467999,0.32853720764145955,2.0111090176891344,1.2679359784928723,-0.40219772925819525,-2.7927854667991516,-2.483710346277459,-1.9011773935808884,-0.9986821139157059,1.5209540940398238,2.1110819493318855,0.8617503595463518,3.1321553579752948,-3.120417720668761,0.30082215125102607,2.7593375704569767,-1.823309702660476,1.4557314614746575,2.109091144305101,0.3577167025340975,-1.1917208483483215,-2.0404206943093652,-0.6909818487581249,0.6941909575362339,-1.5845467866954037,-1.0129278359517302,-0.6944355656966286,0.81414577808749,-1.209122111686917,0.18989122923631405,1.4455567788010302,1.6587073083288681,-0.6310697477831955,0.34700296376419176,-1.3502706618181561,-0.6411640273769001,-0.12785518257491424,-1.007401744763445,-2.300889033904032,-0.978906073337341,-2.6287629517355677,-0.763259708734381,0.17164001527325592,0.10462133650115997,1.2279241857952832,1.0289073729525318,-0.1846625496314663,-0.26468785350830754,-0.0901963945554837,-0.07524963315290184,0.8650434167876832,0.6875791407020433,3.0368276026199403,0.093029779462821,1.6832156009672827,0.0638924934539304,0.037340149802232554,-0.8357771033784216,0.41478730461496544,-0.07209831523252422,1.0982261484015345,0.743220156626032,-1.610450838937761,0.06441783957571837,-0.4082051541396399,-1.1963551513732578,-0.4788717605292546,-0.4480583658599455,0.1789110643436574,-1.9136823211531133,1.1540175257358751,0.2900834348055081,-1.2763257569342252,0.10757414430197178,-0.677190258982498,-0.5589498768027006,0.5653311574473676,-0.5858974570229599,0.07937424771608552,1.0274388042675562,-0.06453707837344916,0.29910053555386185,0.243215006935398,-0.1983043590399639,-0.31139586588971957,0.5749334727307832,0.674229987663951,0.2668820299600774,-0.03532852715981376,-0.057451053991282044,0.2862296356604626,-0.10710752619264398,-0.2971204326987878,0.011733077383146408,-0.44887352833264216,1.0059501943125981,0.24610571678612495,-0.12408728469911667,-0.43261283704259074,-0.26498433654079084,0.5143784313151267,-0.42288864062874915,-0.19558785998626566,0.10986326979545338,-0.3563275430450986,0.1467942007991254,0.2594215226749671,1.7862114330963808e-13
03ADL0001,498.0684744303768,-54.0921212701901,3.2357161360182047,6.672692763741173,-18.238373676233735,49.55629817101366,-60.639797306890635,-20.919413753526772,33.270910973010004,1.3936180692591702,-18.98947162071829,29.176527693326488,22.845069213261453,3.2451761940005768,-4.199877275465283,12.320413075168785,-12.044156982747666,-8.220239751837816,-3.6687390742112598,7.7655874286837445,5.415257912412441,4.043325485673445,-0.879548058674179,-2.476615654343023,-2.0485728102828324,-11.297322626265919,2.5864333857948876,0.5263435934927734,5.383612431406967,4.971798515534163,8.521591650054663,-13.098185183565757,-2.6617234814852804,-5.75733074574857,-0.770400614590401,-1.7911124124256028,-1.1236628319426774,-1.5025202732776406,3.5411657252076902,0.15549072025322405,4.999248867842146,3.0734493280544,7.650719922760493,4.068378741724464,-2.0235570494789283,3.553284418140725,1.1364123812244145,4.21609950292394,-1.9624028452013011,-0.6163214896315918,-2.6794316721633313,-1.4480679753770411,-5.6416225853299995,-0.8889816262786142,1.3866044582646402,2.400505157385884,-2.039864283453631,4.2586846533662905,5.323008117634186,0.23634808684080078,-1.3958800357855936,1.656241014674685,1.3238490643606686,3.9168820655870333,0.26725128098448747,-0.7486567301331857,3.936836959786784,0.16054672577694457,-1.0913073360972572,-0.6293610134707933,2.633240055910663,7.019387624626255,2.8598515828300917,-2.0946676830912945,7.061495336876894,0.5623378060761623,-0.20974482633667982,1.5083991581116092,-2.6905515852663524,2.0663500706761297,0.1843345395451627,-1.0041217755934786,-0.9491519883798121,-1.68068338853471,-2.6050388670171305,0.9474799142963265,1.9709396802951882,-3.2210228707235387,-3.7891225246770963,1.0122901304845262,-0.15520473394397022,-0.058080342041706506,-2.3405137912170764,0.6899276249501477,-0.4075832968563008,2.3936650227273484,0.5646028137819236,0.5431895500485175,-2.5735868112226745,0.9985938554052627,-0.9732344432156502,-1.7296732105816335,1.5454601620489274,2.3192627548564486,-1.9374782126296137,2.1237375486900616,0.44533334154779475,0.7996010172045741,0.17483707569761633,0.19429347217182447,1.2524176492286132,-0.5113504565820791,0.3441254666746801,0.20783039449851762,-1.1319609714362724,0.4058019098063131,0.016790719543429415,-1.5560771540213456,-0.2778631909820326,-2.086866963798878,0.40024027869832257,-0.5467345256671714,0.5286785610730124,1.4643004780965447,0.4246577909050428,-0.21047539764516013,-1.142912135190154,-0.5503484847116273,-0.004763237520365329,-2.1163178051440106,-0.5480091450447059,-2.761852700499775,-0.20876968956353453,-1.5476273685784587,0.25545643613788344,-0.548302125915705,1.2779704458208199,-0.36507016420845384,-0.034997263679402715,-0.356552360207823,2.302328312593641,-0.01960289455065277,-0.49853994347859326,1.4132693768195412,-0.9625757661553166,0.21552620297508543,-0.7980880225070847,-0.684581606387776,-0.29000196005248746,-0.7573745726900557,-0.663326789725829,1.2951306295668619,0.1494066639887437,-0.342453333694008,0.47260601642769884,-0.08599101977598043,0.1116098752096042,-0.7523837001125206,-0.9007232381591466,-0.5357853421634738,0.504169737791574,0.39737868174760405,-0.09193048789957195,-0.3883512658263141,-0.06009571119020076,0.31598407084381996,0.5823533745993134,-0.35136521213957045,-0.9082792990862969,0.27153678160359446,-0.32062512017459094,-0.10403993772820293,-0.16922631842467933,-0.5360916454885739,-0.9454957854255173,0.1606796108894156,0.48570647196075395,0.16264507006681148,0.6885720405148222,0.6374534447268484,0.4002477254593931,0.5544123871981563,-0.8113491814238428,-0.5417955278925637,0.2472198205525256,0.10960526278619792,0.2278918769194987,-0.42972946475792123,-0.010682263541548406,0.6203870280845358,0.3931801815490569,-0.14621172376596794,0.39515440087436726,0.20434607597343427,-0.0745244785987174,1.7862114330963664e-13
03ADL0006,505.3886189218355,-82.88822535003442,35.2421511619572,-47.28884096273471,-77.19721092667453,71.87532742179923,-15.07307864154778,-20.40931804045875,28.996838967562457,-11.645351249578018,19.105542375008184,8.46187683657454,24.20192800671531,18.783951340964606,3.876026999082337,5.116611157657987,-1.6212775107442037,-3.713223201041527,-13.22564649682711,3.506695048619675,-3.219239062862629,-0.9128969501188198,-10.203225352523793,-8.04557051105803,-4.319556633365708,2.5399631132189686,-1.8544415548856286,-9.031910265665914,-3.545787777182913,3.3254971975751206,-0.7191398054364889,-1.5201843964434552,-2.6079358942132274,9.792585065497452,2.5633462881998277,4.0500312695440925,-5.911725573052835,-0.18453161668951415,-5.339489759600736,-0.6189241142536742,-3.1552091553702546,-0.5758823313355536,-1.237292745411005,-1.7743784006410734,0.8560264553773267,-0.35899135233107515,-2.869313795112052,-3.44610094456799,3.1627279798083383,1.1370675345627619,-4.7201232964323045,2.160635886558826,-0.797545539629103,-1.319294174563482,3.759042862839832,-2.133162000058586,4.551694553505252,-3.0717644945547375,4.328131840325576,-2.554512328893452,-1.8545119287014402,2.2481221861948173,-3.977928089231475,1.8782162430798315,1.2913043838196336,4.084535462113114,1.4018118250935772,3.570476499586217,3.2925410947208986,-0.9837152937825802,0.4469347363317946,2.856154259442476,-1.2249026830080132,-1.7650436058046333,-1.9498249435876762,-5.470674994284837,-0.007762443902961673,1.6662600192085926,-1.3455557647354535,1.5336199704921665,-0.875097656439865,1.795377810999683,0.02392830855669739,-2.257356744506995,-1.3735999555070395,-1.4693975085690405,-1.2647141074371668,0.8631322398977319,-1.0592909081492488,-0.8299645188556137,2.3687140538979867,-0.5601384977808154,-0.37715793164145006,2.8277249961496405,-1.8917543275459312,-1.544025208612355,0.14096839932162483,0.18651783165603172,0.8561159951070914,-2.0994192251033077,0.5548897965075857,-0.6751707865777086,0.3587290599536455,1.1883667912851188,0.15065059078828907,-1.7096769085511812,-1.4966980596679715,-0.6092896031444275,-1.5708798898012182,-0.21653609429817752,-0.30344016998846607,-1.1248505145318328,-2.22057906662442,-1.64521563081129,3.477434747864509,-1.2603072473101278,0.047474379243940726,0.4697922864646543,1.4164737014536821,2.4224771610272624,-0.8599861897136221,0.1329032180720735,0.1210684882234644,-1.3075491136174082,-1.1965887939220758,0.6267699561330624,1.7323006332409305,0.2868974248740199,-0.6006160149026625,-0.04444793324015838,0.23504500965582745,1.8657903641267755,-0.7859830375265962,0.3558683996673523,-1.6832641691574315,0.46638335777166806,-1.314372029522529,0.715932493942031,-1.3809954133739122,-0.07015910918358867,-0.2828846926723468,-2.078451559218341,0.9710395889723282,-0.27552242018650425,-2.0339910725092363,-1.0531187426249364,-1.5622448615845257,1.3873693464318675,-0.7066495505676512,-0.9680432069842394,-0.8679777706930561,-0.2705922450907475,-0.45363292099676245,-0.5407333489921823,-0.05609762750186387,-0.9255596988849678,-0.6101497287676284,1.1151028554840487,0.5757222512739819,-1.0033569756440353,-1.8068009634748334,1.3184030808293505,0.6420214374439113,-0.05151478558554134,-1.8005633425475216,0.15513174140583538,0.24255414182752544,0.00032108471410032316,-1.3320471699625245,0.37485553609094585,-0.36349305181413233,-0.042340843024940567,-0.7049028430032803,0.01774924517639214,-1.0620632673700423,-0.7392828148812185,0.2279406781024331,0.546495207954235,-0.22740514206384305,0.6693905123059105,-0.3072704241403188,0.5006217826079783,0.6771995962116798,-0.05918771348962328,-0.8099432355755728,0.9702047907152975,0.18772843125040037,0.32479005428213914,-0.4815641179845604,-0.24165568550064992,0.03201574885383489,0.05603880660392086,-0.13192144648560616,0.2882642717023107,-0.026071169690729187,1.786211433096387e-13
03ADL0007,497.40284455464996,-47.10188295111165,20.15583748973337,7.43997082027389,-4.030264189132466,47.826346938790124,-47.722351781818695,-14.338461799957354,10.376905154129128,1.8901175682182036,-26.936808329573033,-18.34850327177186,14.455370710942043,11.097194343694637,-2.7023781217824046,4.6793424400275265,8.766965686629309,-6.526183118242598,5.317135620493223,1.2259034735526682,-5.44961065507712,-1.43738530018932,-4.953418599292773,0.25292254972013894,0.6012839584810145,0.649437332155561,6.1498912127682495,0.6386452086092524,2.993734154434351,-3.6266128251121605,0.7423743961757966,-4.032871346494871,-0.4616546548559773,-0.4573451605969315,-2.0827731591911145,1.8203286917572905,-7.397825097818941,3.2937807624144204,4.363227993487406,-2.191657564440615,-1.0260581813377896,1.3712903222906088,-1.3438417405585488,3.7713797582207524,-1.7955622458876932,-0.18181386522865456,0.4717428122330072,-2.592263865597956,4.565339528014709,0.5914754271940704,-0.25067468879933347,4.999532258647762,-2.3462641961337587,1.2033999724896427,-0.8485540796290308,3.462768988530279,4.0420172639715535,1.1121451441637202,0.17502279478579613,4.924982362291736,-0.9853101152876135,7.611175464683353,3.0704365612951396,-0.4426355477581438,-0.6784813004902928,3.2547339048121047,-2.3197193026668828,-1.0269781677030179,2.5753604468194586,0.5364542346030432,-3.8529988615323685,-0.790928919191334,1.8822258434587267,0.9589497637248341,1.6358884294807154,-3.1557315062770153,1.2594653872407282,-0.8477013325160486,-0.1651373590043549,-1.9578101967260615,-2.1177153221893654,-1.9994779279581654,-0.43361895124555233,-1.7272398268599698,2.9146947117203292,-1.0945735549462539,0.06198842385737645,-0.9218770353115618,-0.4378057580277994,-1.554149192337452,2.3142741059599725,-2.8516774464474084,2.5266418398594412,-2.3591182020741153,2.7958641602458227,-1.5327091738329857,0.20226113480044183,-2.8158148801043525,1.451926608779838,0.4695821275256865,3.5340319040581485,-1.0948266795325015,2.958496604760377,-1.8928221953268374,0.0259124991698985,2.301554214377296,4.115062453244026,1.0507926137536232,2.4842154579009774,-0.1826339223792986,-2.799651375254977,-0.6725129872754807,1.5068129215542723,0.7630829105846432,0.3411930883829609,-2.1354597435912432,-1.5666894768947655,0.6609477704323286,0.12331833370658488,-0.6465725461210605,0.4936538585312673,-1.5916453559682628,2.751113591972568,-0.7823148967527944,-0.2374242483801155,-1.8375333930035247,0.46905953689878094,0.16582254606148616,0.10280504950672908,-0.41387836305210207,0.9795393400093538,0.123672310038054,-2.1889214306233638,1.0345135465964217,0.8668164079497586,1.2441017069337226,-0.2569367013029503,-0.15798352157136303,2.0607966325906437,0.8588716904059379,-0.026078761019704688,1.0942700415884896,0.9372090735279862,-0.376072751968124,0.12635324243476292,0.03036619784534941,-0.9959448920653706,0.4575456176212636,-1.434344081780263,1.5172557604540227,0.32709906400442096,0.03346693824280711,-0.9983405016482162,0.7176051160307021,1.6044248260004281,-0.062424216879410306,0.8676973509616345,1.0087763274793806,0.6457801236182914,-0.11980696031147513,-1.100553020864154,-0.5088469846556404,-1.2328075296530028,0.22728481241717988,0.05983994604562548,0.9928920006361156,0.038066190623413085,-0.1406197353695178,1.3968886562090348,-0.21117444996566387,-0.18196847613703238,-1.5509168079439648,0.0015947188570952378,-0.45195748685627385,1.305693043021744,0.1813773338719553,-0.12636679648043891,0.17440157525232844,-0.40658594986509283,-0.9999420739188624,-0.05120837633107309,-1.0190038770397618,-0.9078150927474782,0.39140425864657497,-0.8403875020222163,-1.2274886436038328,0.2485433594107657,-0.21416470512244543,0.821745808506011,0.30409362894974645,-0.020585550847211132,-0.361840323219712,0.0881256288963248,0.13852125995115033,0.6556461541399817,1.7862114330963965e-13
03ADL0008,489.89888302445286,-8.266953891934818,-11.620952514202783,-11.184320215997923,-61.98781315905993,22.815977721662104,-27.50529257073087,-14.175468224540598,8.769336658798663,4.128701445956553,-6.039317360688396,-12.01140326066172,5.304925731093596,27.92211418047843,-11.216625971928385,-3.7771301469867837,2.513527485003891,-0.8984045256591039,-8.74970421678088,6.045502543126519,7.131634166230536,1.999110817434416,4.933696863741973,0.3292124221660365,3.8380052348484397,-1.6549518261960907,-0.8515607798427648,-8.793928765789529,-3.802920730565706,4.978771813260219,-1.0104911651424973,4.814603492380676,2.1362967270812683,-3.2781687556739167,4.389282401407082,1.1079132962035094,-3.260077207788352,3.5957128534247738,-2.988379474171093,-0.4773052095964713,-2.8513122900178574,5.2182456098291965,-4.63072550419967,-2.522530477806319,1.3227842842550217,-6.728604898043325,-0.6954087764215178,2.838884444004738,2.1810797771819663,-2.9002555430502652,-6.276627949958602,-2.8095409486773004,-4.856036648337221,6.606739417040877,3.214047457254979,-0.8606826238355848,4.630006661728621,-4.090330551729236,-3.6633623842171654,-3.645114539105667,-1.380978139348747,-2.0873375121268536,0.7123405574567766,-2.860172699899464,-1.5758935539736911,1.645135009033403,0.681806711788388,-0.9192492546798029,-0.3535403711652775,2.1836917926615107,1.519590638272149,-4.467966114978733,-1.8908955041891953,-2.47519432800505,3.7662501131140855,-1.0026417754491224,0.9791472761412314,-1.6746323562725984,-0.7075309185054008,1.8617374296913987,-2.1303383197098764,-3.567234606930808,-2.005931080389663,0.4608788761167036,-0.8592949800901348,0.39416513451007484,6.51171665252555,-3.0650793772245017,1.913701038844631,0.9880455379022604,-0.42001989632372655,0.6050680729109794,-2.3135625413504473,-1.1041444835734786,0.3044665560500332,0.22262601213823502,-0.7221200876211209,-0.22967032648868976,-0.41230133980308287,-0.8099656785695729,0.41220939164810205,-1.0244416980602016,-0.30840792446114473,1.2759930925540433,2.263601541478785,-1.2454763680630905,-1.3166355337665427,0.10913880844229003,-1.1513849836865828,-1.0461174280933785,2.1109487200813364,0.6232378849784259,-0.20363337072740328,2.5492880324090126,-0.3783257002904872,0.4054283054377254,-1.742180629094979,0.5851339175463516,-1.8693205546423242,1.1822612778344024,-1.8184380296904512,-0.40642985519052505,-1.4968101997263819,-1.3327074174303657,-0.6935571929191113,0.4488859411289815,0.6867986542992625,-2.2693603920330943,-0.4137175329710268,0.820811236982432,-1.1096192809987664,-1.5575666059343967,1.659266552851854,1.8734202462407399,1.2176224837103047,-0.7436553922612789,1.5198415528812097,-0.12622868859462988,0.7960621104828944,-1.3525659279846054,-2.4716760223039946,-0.8156001905953674,-0.5443829892445884,0.9840014728844841,0.28463286913191105,-0.3230594614038971,-0.20012299212874757,-2.8431473099068305,1.35426203166548,0.6540007727556798,1.1780482671459862,0.5896940785257354,1.1922870884945762,0.788056595674186,0.08659610476047501,-0.6777843445050612,0.05880458864678798,0.5187679277435331,0.6485748330518584,0.6804033054150087,0.5401691087892244,1.0874998470997377,0.6691145417032833,-1.150024398682233,0.7422280879346945,0.05309489362051525,0.013097445404415856,-0.2717049406878359,1.3480912377233143,0.18936178887087265,0.7174119537415643,-0.7880640465895836,-0.1579854150380324,0.1307217980981893,0.7932944122968547,0.18327325035996808,0.5325086286217411,0.28423515012382633,0.4057156580659303,-0.9836264831862469,0.4153878022347193,-0.37087413345488063,-0.13103793761058474,0.2461318142682453,0.48775535586869806,-0.8280212494989037,0.28394693549859173,-0.23093605857706,-0.3212229083448961,-0.15118580445387517,-0.1646030277372114,-0.3065857627677028,-0.2741191342506118,0.5028660200357725,0.5658677018659342,1.78621143309639e-13
03ADL0012,479.5905931276473,123.39470230850557,-57.03284924795259,13.879820410345276,5.8915298075427485,21.028096701290302,-2.1514378623144474,-26.110264783354793,-0.8525104997029607,5.212824488065708,18.700884921456787,-38.709625743635165,-3.4058490888865967,4.691003413222693,-1.601823774643935,2.051634483543758,9.939753912162832,7.177063630643553,2.8082319633081196,8.372479147946255,2.8763367693962936,-1.6957841722654687,-9.814844567501035,9.916833892020382,-1.1959864101638826,4.460165985176972,-6.815558144295003,-7.171041815438834,3.4322975917847716,0.3435974451750669,-0.0015477881221935383,7.325159919979536,-1.5806681083531169,4.489714380133283,1.386269780829765,2.876400273532542,-0.7275282297742541,-2.3756176333786523,-7.00858220678036,-0.8790779429352245,-10.307019188705175,-1.4663327832445054,7.344305474220486,2.3283139163662008,3.478461406766601,-3.994615154533836,-1.5600716413972842,-8.355209902477567,-3.4343094304097153,1.0965088398505676,3.3339162553266117,1.123614592411935,0.15734076333578578,1.6279975084735174,0.8179337692761538,2.32312406082709,2.815028356673867,2.3325097525864784,0.7249171671462358,4.11773534989008,3.317175023576819,0.35646726014565694,4.533539157035607,2.030787275496548,0.19872576007770792,3.130789259819032,-2.630272617333266,1.8281512889308418,-0.07230756512271377,-3.2752178437632447,-0.9799917763481926,1.2883695992538424,1.517966986244582,0.9232550314726881,-0.8541171736052272,1.430317513199536,-0.0008593816744382031,-0.5635074726139947,0.4837176710251294,0.5192729809826452,-2.498387830386191,0.5495933550887235,-2.1666821896230846,-0.6011871712905551,-0.4083682201324526,-1.143431019426805,-3.6081284286746818,-0.578031123578288,-1.1547666365044935,-1.9329519590716076,-3.366515987239573,2.391796906741514,0.27352033976808615,-0.8078197834521664,-0.6982715493174629,2.6817093350394496,-1.7600341274234277,-2.7497659780053723,-0.45141073933247594,1.8615696513854467,-1.0762468742409546,-0.5665128914423456,4.188845835843182,-0.7118285186977094,0.8785762777412853,2.45497155165676,-1.6964504918392205,0.5033078894779663,-1.6170639648102478,1.005111990462738,1.239028321782578,-3.557879928818084,-2.212613421290443,1.8936600558704713,2.0540183584284524,0.41530441876222274,0.048146196454996924,1.0037899682278206,-1.3073677027958235,-1.1321371511198293,-1.42753246511484,-0.2571986560200703,-1.8616325955143767,-0.4570886047899979,0.6781289644316447,0.006591417320973096,-3.36396290549971,-1.0395977105293785,0.21831582141373665,0.06540323948822305,0.15327712874840846,-1.0854919260877456,-0.2690464359237405,-0.6449250601147598,-0.018903553573063968,-3.001712586065199,1.5601058090273012,-0.03706527456203757,-2.260982292853398,-0.601928674154869,-1.2526866978898719,0.7872482616177785,-1.4023265252462656,-0.6628198396044097,-1.2245433787391071,0.5347315460001326,0.9344892393166825,0.17630019760988488,-0.40162840025578933,-1.179002982045892,-0.7940731271759373,-0.6983420996544798,1.1399461819181034,0.057819430531445434,-0.08904222679037403,-0.7284262134886134,-0.06151095221389425,-1.0057314434840225,-1.0387301651903578,0.2506708002834576,0.3345045544917673,-1.0215519485618023,-0.5766869085577452,0.32482420700412007,0.07268081702632316,0.4163554983250793,0.30695864275720475,-0.3988012910384471,0.36826577276155326,-0.3168673928152976,-0.03836247670488046,-0.6747319152459167,0.026282149283309877,-0.16178564921045158,-0.04361798243311583,-0.008840359912574746,-0.5373187980684203,-1.271742605102984,-0.15351874596291182,0.437883826625054,-0.3445420122981554,-0.45095558852960305,-0.4423189544339675,-0.5360834724489086,-0.05520838443337509,0.06218742690711572,0.6343640463437045,-0.5869949976117552,-0.21072193245893892,0.0815757020667733,-0.039762438518401395,0.035048193084663545,-0.16793509716545002,-0.29815530958652314,-0.4699971958857795,1.786211433096387e-13
03ADL0014,484.83829388760046,56.26849258270662,-37.09405675198106,0.7522674984274526,-37.045637112625165,33.178550944195536,-5.538400541084621,-22.65211282509835,3.014362807366745,-0.6179717629356275,5.2232044194592735,-7.492938746958663,-16.5267472569256,-10.20589440707601,-15.487186692769633,25.627240393717653,3.300279937166051,9.394621375258374,-2.214910079667738,9.146466102062426,10.505802775405993,-3.910217019350765,2.9393867773341458,24.877116440527043,-6.75550373819369,-8.71051014643104,5.374492560498025,-6.3387726428762345,3.4089246299621463,-2.851351842468669,-0.9532010312372581,1.7383774723586773,-5.924579730086473,1.100584209834348,3.216314546633635,-6.155527347255019,-1.1158879292378525,-3.4458095294975672,-3.5708839035376463,-1.603901989925771,1.1251963806076548,5.689788296628601,-1.326716121855742,-5.331104662384868,1.4176751439450501,2.569838909651318,-2.05018974573364,0.008326899254143646,4.068365676351553,-3.7094457427376355,-0.012401087610929236,-2.7459735267189203,5.534925390011596,1.762919599620302,-1.2788984526414593,-1.4560031266899836,1.481848846668707,-2.3449375473397978,-1.528048423852646,-4.8458569709988275,0.6111536932905547,-0.17841482146150486,2.177400944075125,0.013935823014425188,0.17178025137411151,-2.2405322214216836,0.19556063864268716,1.4218847761985092,-2.1036567510477737,-0.5680862533721868,-2.441498688633022,0.3527197268658605,-0.46178245190984657,1.4674385279790518,1.1737542126051634,-1.6410701923447708,-0.9854081639116796,-0.44800484985146516,-2.5732363701205503,-0.7704282190468444,0.8299448154875607,-0.6023161644312772,2.8761878331672923,-1.16471937137429,-1.8224917264816372,-0.9838972359654127,-1.2919294998080804,-0.11554221029239652,0.318531311462856,4.034652237781404,-1.3054338402157855,-2.2433694877465507,2.454191253983986,-0.6726801847441692,-0.5319212681750495,1.4950951840367444,-0.21936648952818144,3.4121651624942904,0.1985890526381071,0.5762843601337618,-0.34492628035450656,-1.3844134753245216,0.14021970359108216,-1.3449073144437236,1.3639651158955486,0.37427323127651246,-2.8347237234167255,1.2803174696307875,2.508263839383836,2.218533854960475,0.30214636045869486,0.8792422287168831,1.3759582226023868,-1.027861569367809,-0.994909255108295,-0.5929253222174107,-1.210520368718514,-0.3952595257787805,-0.888967751556413,-1.362446036203764,-0.1008146300618352,-0.18791547159065966,2.979367944720552,0.9130320753313159,0.7111818097881502,2.154501020597861,0.4313892599042534,-0.625181100182144,0.43842092228964075,-0.5320717340445937,2.537993005679489,0.5332397029732415,0.4364201612599826,1.6698219688301126,-1.1284166504393498,1.7839594960628409,-1.9721699890412752,0.9929229788345157,-0.731961668425204,-0.9462459692237515,-0.8462907043870763,1.2690414753042754,-0.49271976131191464,-0.8836379303115725,-0.2834198056547739,0.2509484249879047,1.2687338701423903,0.19692445547458254,-1.2430466702801617,-0.19679504833860906,-0.32646616067686085,0.45463262055308806,-0.44012002588501276,-1.0012120099052737,0.8941450893283672,1.2709904811065607,-1.7286455335890467,1.889318346235797,0.18605036907141612,-0.5334484416237545,0.8127596222414813,0.18093362948665262,-0.02808444516066564,0.3362242950102491,-0.3516273876849138,1.226764550431618,1.1033506251453704,-0.8721155209662802,-1.3419016723618271,0.20385450162157273,0.4606473641991196,1.1093215301806594,0.3189657075870125,-0.07586110762011641,0.7750184061108549,1.3617049208065821,-0.07492499264479915,0.12304068721197915,-0.560521912656926,-0.3258097102884771,-0.11857215818579504,-0.060999880536131645,0.5749414659108166,-0.13618728448821582,0.4444822377918208,0.3938057252595885,0.2588752439132559,-0.6295440859804167,0.004191423870727781,0.8204542282614311,-0.43139569801913147,-1.025047830835819,0.3043573957186113,-0.44610593192780384,0.41553048675797194,1.7862114330963753e-13
03ADL0018,467.6272366101252,13.37688828922655,-1.3964325826235493,-6.9187423638205665,-49.55795524813277,15.955161631601488,-43.12918979622061,-12.35285175611396,3.5017524507695437,7.570789080769581,24.09842653817089,-17.857374726126597,-10.703489476091123,11.40239728260359,10.861629237748893,13.116012329980306,4.603524584128227,1.2875237645657844,-1.0752164657791312,3.746027964862241,9.304664052038015,-2.2274347349822228,0.8474202172464077,4.705287580365891,-1.1506455956252382,-5.581302358023571,-4.282855252216326,-3.1760889941257675,3.848424183397384,-0.2153075360880873,-0.22147516834061234,-0.6473868032471781,1.7791167865844641,-2.3815157510538207,3.9756182017515442,2.2143753191866553,1.2553551069200548,-1.188838422722479,1.2816587978131955,-3.639831504628086,-6.038188526280499,-2.564041044147601,0.12381672558444241,-1.5055061390405262,-0.6971916020134034,2.841035975431481,2.1694045823427723,-2.558373459247889,4.21271532677004,2.950955219152041,2.7439928374959535,-0.2884429508935923,5.167664550051401,2.4015697241297196,-1.4977797676068567,1.1866327555097376,-0.7968926844889046,2.988149207550264,3.438741173705689,-1.8174263552790229,3.127490532840349,-3.658258184920975,1.3295879464050577,-1.4974271885199397,0.06305336478832181,-0.8479551467439482,-0.7427949631043028,-1.014054895894142,-1.5215499190572879,0.3022666978388124,1.557950430045281,-1.4688873550466026,1.0204765378480443,-0.2514964081232333,1.3488430724533853,-2.6906665150720315,0.010691040461154915,-2.9830067150658657,-0.44443357701549996,-1.4454307639118407,0.49825896422092747,1.321915071443686,2.465818660942132,-1.6550446385709463,0.06688520602322184,2.190986941664987,3.0261925345955696,-0.31314206553404367,-0.4828466591399516,0.9492533264266829,-1.2545877267572825,0.3659997138765897,-1.1090884066321383,0.05094401842175443,-1.037672842895901,-0.41732591835275434,1.9721947168933887,0.17415929271106867,0.2527264479251934,1.2677990850532597,-2.8408331396584874,2.2807225111579164,-1.2700443149536684,1.316003799963367,2.05836169351024,-1.3717958457763408,0.5159700289183543,-1.4426817383844217,0.9074467568046568,0.9408540005110857,1.5215516203102213,1.2119339051034135,-0.43212531408881755,-0.24028063004731925,-0.14453766320220782,0.15391967886816513,-1.5370516548547237,-0.36436243335477875,-1.0887658447888462,-0.8035642094204238,1.9533833092067057,-2.5477047908046595,-0.3918842213242045,1.3836729932620693,-0.893369431912031,1.1177738781540274,1.7013583270220227,2.084137029701003,-0.25785712131212596,0.9057397279729994,0.05426541956888037,1.1267438408546668,-1.9330709419016772,-2.2581049089312684,2.255432786078139,0.19371452595918676,-0.2860954911566055,0.03343999541732108,0.5958577964369657,1.0238777930572385,-0.4671884726765595,1.1587190748465,0.730508168844794,-1.0178382563108161,-0.4388757188314461,-0.19460683632362594,-1.9549520940261622,0.45746314132632193,0.7504733947473785,0.24299618212603966,0.01632338577480354,-1.0859461935709434,-1.6674664649232818,0.22808968769311122,0.5335568405698661,-0.3080506493005753,1.9689454708224925,-1.3738854039255977,-1.5582552431326464,0.47745301930518025,-0.19890128819620068,0.2501517963205854,-0.44284704913730016,0.07889942080581594,1.513509879684542,-1.0305469162010805,0.4415251336644449,-1.1085478412581542,0.3072092991254085,-1.6963018603576383,-1.911190862404262,-0.011304136230923004,0.4963434833131277,-1.7494290706897837,0.122064269007874,-2.2695458632307792,0.40679246343313014,0.6591818631496504,2.1317397510942087,-0.41804606050179655,-1.3432658629110954,-0.16769776687030805,1.4687669978455196,-1.0417303213575302,-1.0912280852692495,-0.3240526237001697,-1.0753865753046163,1.453347936596265,0.18073654228100985,-0.5794017098984966,-0.4013729094711222,0.9942118846363545,-0.11431579647868957,0.20763847038831895,-0.28016899147473545,1.7862114330963864e-13
03ADL0020,468.1828296280562,-98.45601846396431,91.5908446438033,-85.02217131719115,-12.264784524373262,45.03784911146786,12.019254622432781,39.909235287528595,-20.53376663502746,3.1639857069095867,11.708712310496256,-33.57577098349904,2.1638561361003297,14.292662080038456,0.09026869520293103,27.907159508716006,6.526807579037196,5.820308616896501,-9.249854717835452,12.646200187742854,0.686479570203794,19.489105795659796,2.423997502311009,15.825149417833755,-6.98902686966054,4.1709006021039094,2.3882756972683885,-14.465863905925852,2.5407861011222184,-3.199500402620855,4.957202972958213,3.715142423399215,-7.442418796995964,3.7085010462611043,2.0009163579225624,-1.516035551866856,3.2410085244414057,-4.240368890027516,3.531185497625773,-4.0165535092565845,-0.23131855672503457,5.3713616658228736,-4.635771281346574,7.627613154363717,-2.2485669896746874,-2.7836260044858974,-4.48206421286987,1.803544512190191,-0.9811325777449142,-2.2256195489164883,-3.840427921794176,-7.3838888471316375,-2.345207504235034,3.1379183156982515,0.8190463308683944,4.993854943831442,-2.75616544620243,1.7767504983130542,0.09074825178112926,1.7507635653134561,-0.45563378286988243,-1.6833539560766693,-1.4916409038131084,2.7851023476698296,-3.7433602854953745,-5.296334067547596,-2.1321498780649955,0.5696145782546365,-1.1385377779817014,1.6776696690436055,2.6483514889872612,-3.932484469243398,0.8138453248320588,-0.9030773111670679,0.7869773294207165,3.6422293603651354,1.338840571435971,1.3134951457349207,4.249659255242721,-2.505509223803699,0.07589058053500139,0.8165242336934162,-2.8323426247177976,-0.03892364159034513,1.4459906777012217,0.9812102651867615,-4.920201240594496,0.14116402212763537,-0.38131461810610684,-0.7829950765424176,2.3494429857641124,0.08106390428787186,-1.6942874354391821,0.8292803019996051,0.26125890694750187,0.5271929032065596,0.9110967955753976,0.5475669308645501,-2.6843690450007784,-1.592210744522389,0.34650918881294335,1.5968468529102995,-1.0550361665016483,0.8959464765612919,-1.1897082123979088,0.3747815154806743,2.1879683472278155,-0.42979531390833364,-2.6902588738105964,-2.6155734375680457,-2.9831674183407433,0.8033527364101519,-0.7431298758905224,0.03546660656020878,-1.9603908969640589,1.2935628157962191,0.9069598406477914,-0.3427597600021349,0.23855097476426132,0.38556898081308744,-0.18098958084253391,0.2748868414095574,0.24955334059887474,1.1186298792787213,1.1488199190596746,-1.7259721659645337,0.08719546351730319,0.9872182264148184,-0.6989784632977626,-0.5770512882870503,-0.4305154735584796,0.9286185151809934,0.4832719982945783,-0.5820216066470976,-0.9070187705194855,-0.44247574605314555,-1.188131485618163,-0.015105018083166916,0.07067161465626744,0.7874946353627373,-0.07490542704080853,-0.9056303475214913,0.011461299830735391,-0.0020321048470108493,0.6096729271217693,-0.3118275491607239,0.2769325480896581,1.0727359648375125,-0.5383169916480817,1.072924904500717,1.0386202094887305,-0.13928960217486142,-0.7050341131383308,0.8031325239399671,-0.6941262679156336,-0.022069461011175386,-0.26303764634863774,-0.28016470560962503,0.3640378672189423,0.39635573867287355,0.29328410913977404,-0.009731978980804964,-0.2992124570231606,0.26397688188313256,-0.39040146041320445,-0.31751744049742275,-0.4729982240153638,0.6148363773714063,-0.07750146087106957,-0.11322088561311466,-0.7344136842678987,-0.1275480525678043,-0.010845938828926089,0.31348626121893597,-0.0012924896422395883,-0.01565223746174579,0.6886637107566108,-0.3375838804209798,-0.1310479647565862,0.6629701679637093,0.0731540437404461,-0.059432275186403156,-0.3120943402138933,0.294737980254761,-0.3041879890368284,-0.06637848837529124,-0.11234587283947299,0.05709890178104607,-0.02506802069412996,0.027002922080464627,-0.03922498804264978,-0.04946037789795405,0.022618904279485427,0.43938854151918827,0.031536061517624656,1.7862114330963742e-13
03ADL0021,468.9176171169288,-179.2483674372821,73.98351511543011,-44.09368664856859,-53.505458837933624,-2.7404784610574544,-0.21972877892255835,61.81938876562172,-19.354568755108378,3.6843511894236407,13.596348259058162,-24.877355323379295,-2.5383517790627534,32.28260796227266,9.47222336840223,8.000830057724057,-2.822185488039788,-5.404269826092317,5.174826436234182,-6.866154852563702,11.540512198929918,9.054722037734676,4.67541334700681,-3.191275056592537,-1.9308979187443038,-5.654763118416725,2.9582908118548485,8.870535030054702,-6.185218545768247,-2.580774751051118,-4.454656613500079,-1.783023656303597,1.917971866780465,-1.9342432777197698,-2.9957826684853424,-3.4565270892939934,2.4123268309042705,0.33602859593289186,-2.6523153863210687,0.3908135919099587,2.8991661218573417,-0.12403491601286287,-0.49227666843825785,4.623624189429254,-3.1854349167576474,-0.3498381901452016,0.8526872794244152,2.71268586325727,-5.098389680385903,3.5083051089239805,4.287854988856401,1.1969915102378466,0.5937123207418866,-3.1476355279320978,0.9109392661835489,1.3969317918530582,-2.188358685104265,0.8879291623999993,3.87644822539414,-1.7353932183090515,-3.8526618869186513,-3.528799542928063,-2.250377309990532,-0.6525065526789278,3.8337454927421373,-1.061153143769345,1.790257033182563,4.4455641305237155,0.08310257270890054,-1.2658750265054175,-2.9760620936704267,-2.1570644933841683,0.3998545074267389,-1.75486091316371,-0.3445289006703167,0.045567930995665085,-0.13150743418993502,-0.3841899072150985,-3.7870751514038874,-1.002697822728549,-1.29787279833574,1.497545015543594,2.8055257400897378,2.133041103397051,-0.8947808597249378,0.04135402655598367,1.8739389153263408,-1.6480471707087356,0.9296224212395696,-1.026155415395314,-0.5763858196417136,-2.1430756385513705,3.072568078205922,-1.8271343697862665,0.5798476224980375,2.0196005898506355,-2.356228749038048,1.35046390753907,-0.8028076716318453,0.6852549698559627,1.166241205575092,1.1427425571498244,3.870275682507113,-1.3213757616755777,0.1646666711203296,-1.5030394337082258,-0.5098869463422706,1.6092176257758901,-1.291572070680263,0.8309438135109686,0.9153308904252258,-2.0759896804456,-0.029811409368443557,1.009104749418746,1.0955310576063186,-0.16362290921411674,2.163278859584929,0.6274652753167369,0.2530633001338399,0.7418050730026567,-1.5263752006175126,-0.16064528668021316,2.0160650419252852,-0.466429587774261,-0.9790935192672815,2.2991873714618656,-0.14094219567437904,-2.663812825174068,2.334108008275332,1.0528089803844094,-0.1912273026980441,-1.131787270012829,-1.2843671130435992,0.59065601944568,0.02151963342526749,-0.1960643197914021,-0.545018989047291,-1.2486904366661495,-0.7755614079430867,-0.739711677276375,1.2373745523907982,-0.36982128865957875,0.7555261908766364,-0.15778031121982977,0.09932203624764632,0.48417716429198115,-0.04566267936661131,0.5196717949281757,-0.5972617478588819,0.6533616345582655,1.8017644615649226,-1.3312298296129772,-1.2285605769470906,0.30761078548917986,-0.5339525091706866,0.3969906313477634,-0.515044264387524,0.3944019519597468,-2.2455481035276836,-0.05289513272173079,0.7867110736771054,-0.5806280622889396,0.13961230942319433,0.2791981928300916,0.692422400866181,1.2633666609311645,-1.8171005161443619,1.415568963712506,0.9468603414399928,0.4243146803772375,-0.7966357175731493,0.997975302240159,0.034236898960069394,0.7572439678983234,-1.3592587134671983,-0.7593819916778731,-0.3933221141113783,0.22985583088803874,0.10195756120531244,-1.0179308260139817,0.4620132080533225,-0.6786044685474355,0.21328030201943615,0.1262160793501114,0.6403803723336903,0.3538150570930022,0.3153190219416778,-0.45731865170798347,0.1412443895897348,-0.49596186623497607,-0.7817441000575112,0.3750937286546971,-0.015371358835213437,0.3863469418605685,0.0331375007792305,1.7862114330963763e-13
03ADL0022,496.69682344869005,-81.07616284662387,7.083087068221228,-4.756462189363459,-70.64530280369475,14.143140580814345,-21.00515873832633,-5.180145840103961,18.246017235851284,-24.149218434386633,7.160563501065312,-23.49740534126832,5.655328147251621,12.736147672419008,-10.910131010839018,10.104595396545822,10.369753518773871,-1.0768520230589973,-7.060268675118877,-1.2400388528898059,-2.7318837422474638,-1.7144914423751187,-5.627799736114426,3.9836242100144372,-6.324715480318083,1.9158857094449873,-2.77511711740251,-3.4163252992281676,7.442874704935715,0.18214204987226523,0.7675633092740713,2.023482304849577,-1.37093647035808,0.2321337894246961,1.4828989726617596,0.7389542647330368,-3.4327195051343757,-1.4340626933974556,1.5462912613288915,-0.5448492922915129,-1.7019749277921536,-0.40709695620663366,-0.4706468780098392,-0.3863664931734626,-5.444066606418788,-4.322359630583572,-2.2345122729472657,-0.7496019625724714,2.883419163512759,-1.806992187432646,-1.0474590622804025,2.5626020543199615,-1.7482886338557053,-2.3807056346657403,-1.6263551208326232,-1.338506098828353,3.2595001329984465,-0.4549721916715516,-0.15141259519715528,1.0689529708221572,-0.5602295088831821,0.9545836171159147,1.7063171539289506,-2.8966308295240943,3.9736747644092207,-0.6204575673092091,1.0439304924147468,-0.3361487336772536,-3.1113999337355165,0.7581034388006553,0.47727835459337536,1.8433424085567043,-1.6009794915081235,1.7990533706708536,-1.4076620885327442,3.4026758756491926,-1.68672978739436,1.3679606843008443,-0.9656883991995426,-3.110159601681031,-0.39379660066506317,1.2838213029192094,-0.9035778814492945,0.9266584677146282,3.529165777320439,-1.1829650065043886,0.13720448772470417,0.13453365310629029,0.45972020712683326,0.5544925346512871,-0.3346708517875841,3.1967422535386087,1.901534101676151,0.5708292782264963,1.6308162121316752,-0.21510452042132072,2.385322736220554,-1.081194915174885,1.0590232609957835,-0.060382840313086605,0.6497934447175945,0.07519729548687984,-2.301478451644442,-0.128708341739855,-1.2094777846489249,0.12137954154999177,-1.916863783621545,0.3678318555492828,4.029815140789678,1.181847949475208,-2.133070843926791,-0.0980812502910017,-0.15190267593441947,-0.06921413310723526,1.085970682134846,-1.0183640172349082,3.976328320276637,-1.708998618083473,4.079841673004345,0.4806935475382173,1.6261186020214513,1.3727204533915578,-1.0922747763132779,-0.6658326419744022,-0.5081457116253411,0.4438463538772167,1.2029957203755013,-0.52333594893845,-0.11684502663204234,1.7184419660885588,-0.9875763474760912,-1.3358197859392242,1.5717996056715333,-0.4448950157944632,1.3148142438938515,1.853082542572156,-0.03579924395245111,-0.7560072853336383,0.9668365707614173,0.7414474422041819,1.7253947269797483,-0.826488117685337,-0.6307154189104307,0.5457636497277459,0.21512789843176316,0.5696896045855221,1.2546504313342703,-2.741830402328204,1.3623130028894705,-0.37941396047619314,-1.950881280192749,-1.2875503300183575,0.8760929218545527,-0.7031725941610875,1.7413769059801791,-0.374864635450293,1.8275216351381565,-1.9107390526736374,-0.26126790146700024,-0.9812354446138506,0.2769229435510591,0.07465341547622668,0.1205520112593688,-0.03147635025011161,1.7997408368640453,-0.5687095861373342,-0.315551715875759,0.8625242497693939,-0.3457567679767435,-0.15033289642853795,1.988066871371302,2.5513610415664747,1.3239988709655433,0.4186453097999585,-0.8887468889865012,0.22884570801418064,-1.2148786396309073,0.08104748724930849,0.3303376657954214,0.6087817151444902,0.5723944704320332,0.1663318060362137,-0.6000805000764308,-0.14954066136410385,0.22523915915364418,-0.6590720050678996,0.04131509863379623,-0.38098217431055575,0.07645222071087691,-0.23144231648220057,-0.23537981682346018,0.4290705116204475,0.5229382796182329,-0.14251692510119973,-0.17883446864845948,1.7862114330963735e-13
03ADL0023,495.4054836418548,81.46059895009509,-59.385138725916185,27.941769135009395,6.176089761822903,35.228416438046764,-40.57500191323981,1.262986670159835,-33.078922257470246,-5.755779041258939,3.3665254559127957,1.9138046289868473,-7.717072790458533,9.435684293003161,-4.200221091359206,15.80972203758277,23.607445606888945,-12.743201870368988,5.118389082048459,-15.683592949578939,13.265909762441595,1.7708909400817023,8.103064777166743,-0.9074698632014557,3.486061948957712,-5.1270949635782825,1.6872217678488266,-2.352230845179152,1.4029176533477807,-2.068394980781023,-8.88068144342592,6.040248466064431,-0.2133409805177441,-5.367232105866936,-6.92952655792842,-2.2685818379801335,1.1593311602727674,1.0120050601647612,1.6768184220940872,-3.332211799756021,-2.5948710281191896,0.06087644004663357,-5.744291361133152,3.7239312388113683,3.8347829956284176,3.350126539049711,-0.3518919694478326,1.5725061286569788,3.201596666292896,-2.9394638774757755,-1.1012025032539021,-0.0778432635763248,-4.2120472505526205,-4.59318346344966,1.0242666376006433,-1.287761202791514,-0.4767080247491244,-0.7866597912438915,4.817288545356324,2.177274727265937,-5.301115185144796,1.2479332341638243,1.030372452972779,-2.3235950598244473,0.2819644164218436,1.0984474948778256,2.678322293931114,1.567472820452472,2.7220032081533008,4.05390498703746,-2.2645325162384227,-0.09424077922964644,2.5543974888685264,7.533434332714436,-1.0182656197710513,-1.3795788474684227,1.0764545432451558,2.492589004306941,-0.8715403894812345,2.430346695035303,0.6954303087991168,2.598029079319706,5.264808489211544,3.8358047313011645,0.8511695038781577,-1.1390183421470428,-0.7658165167189666,-0.6748505419115827,0.5446093312145535,-1.620294807153073,-1.2330106524582458,2.146825502653821,-0.8530984916198038,-0.3967779159514764,1.707665299160315,-0.0651434042721541,1.0510902854418291,2.0191529052446886,-2.690587579848711,-0.42388904344107253,-1.5977775491704045,-0.8385829555511162,-3.1155325045201745,-1.2308628064593203,1.9852574013493223,0.27655107924828903,0.8874868189328755,-0.38443320134046366,0.0070549585933179755,-1.6811937166791864,2.279882617793904,-2.605932923935264,0.5025747431507769,-1.0765985446223223,-0.06158413765801919,-1.345794247546748,-1.2339904576662073,-1.5647334428879895,-1.7657295958915804,0.8815114235395539,-0.7143037845040209,0.4925738206925573,-3.2516116972254303,0.96847873872856,0.4119836452919463,-3.261667836518065,0.9498012674921767,-0.7977127094264087,-0.40569012682444383,-1.3073698968057461,-0.12232754923841849,1.6632855407430196,-1.0742291404939524,0.0378375571978411,0.8014445452002101,-0.661709419389147,0.5552379254681268,-0.6931397552407379,-0.6083326864784002,-0.6046870690101552,0.48038523623986545,-0.22808929582666546,-1.1280242365914095,0.4955090986367478,0.09895108441702637,0.7637523516836725,0.5923305446525606,1.595326716676875,-0.4186269633677528,-0.4621408945022272,0.05112787637879568,-0.3743999756001252,1.0906394023786836,-0.8574613665042545,0.7162626492920334,0.9326172998815759,0.33709841184569106,-0.26519250869253574,0.17592331394038582,0.8746135081142408,-1.0202157664978875,-0.061778579146968104,1.1933498024047438,-0.4308551048623085,-0.30883816103708883,-0.9132561668143261,0.0646244055241724,0.3392179472707058,-0.4295646272076591,0.09715106241845535,0.06230493100247561,-0.5910772553604976,-0.06426078532260533,-0.41687409184875956,0.26514602074313093,0.162383400767758,-0.3171716974460292,-0.18300839386677242,-0.3466678163542257,0.8477901958769757,1.1178443412722663,0.39347520549259873,0.33160568202882695,0.08870723830544905,0.27846223572604745,0.18069077700574698,0.003608965300239275,0.20710714502318062,0.10490006020614574,0.05711803655880501,0.7196902103424861,-0.3342116763263866,-0.031007411194979358,-0.6891237459513919,0.27706623477896986,1.7862114330963818e-13
03ADL0024,456.7559917287359,-45.085746895671356,-93.1269588961546,34.03177082300383,-128.55473121919752,11.560283630767868,6.07821704680426,-25.93869669501675,-24.53052947632041,-2.946103070849952,-3.7795355272837114,-6.08721882014007,-6.148713877270735,3.687198330354304,15.207753502686549,-5.851519909758834,-4.48456544986959,-16.30284671818394,5.223396686654431,6.9298859085829,1.9189105439867087,-2.1969863339465143,2.9282638681001543,5.694688364729686,4.708015074467373,3.892638923997477,-4.331447839590126,-8.873767011548779,8.301275435467996,2.433031820792699,-5.218662521868595,-0.8689620634739089,6.941239354285866,0.15142614383778083,9.662487788435573,5.162601037899469,0.036208609983162464,1.084492712999604,-6.135758064019034,1.4502958575343095,1.883455384800421,2.3260603731414924,5.795822421673247,0.6044059709824403,-2.7472958322503467,-1.6931691370763085,3.7414830273380124,2.1673147792514573,-3.9431425628604737,2.1144428368847024,0.8534755019238025,3.578706055034696,6.8009610836047925,2.373102550046457,0.8361588434403145,2.9106843362297243,0.00419569951055718,-1.125989155113581,3.2652047081697306,0.4381647933010663,-2.608390135715728,-0.763346892956558,-1.2629170539484569,-5.780992553444763,2.0915231113446953,-2.0520759772564685,-0.8718136309709886,-1.7319239412923348,2.024669026994154,-0.2115797280334826,2.082707258344922,1.0974148643599386,3.5941734572666477,-2.8394675283140267,1.1254693381791405,-1.2202910793929815,-3.2230129923245254,0.878905699308962,3.4488234195263665,1.8138916924647954,3.3802211741898924,0.5636639509589818,-1.6853438153499838,0.33267072721958535,-1.6108762338979146,-1.6474011990226347,-2.309012354834769,1.6330522411665611,2.393702170640869,0.03492726485401007,1.4934117426214282,0.9786617216250005,-0.24824275273571744,-2.3110638668910517,1.6190777006619779,-1.0785887088944615,-2.9552836731841143,-0.8361653185057336,1.6638325336308204,0.31333506949847695,-0.6751213474831067,0.3198507509149581,-0.23509517916956257,0.036385710386352146,0.39801681209928025,-1.2315505427249578,2.765417507528805,-1.6093500245926238,1.2352829096609583,2.0555120914838505,0.659457388621984,0.971740760924283,0.5029762332699713,-0.4822661073474202,-0.6067116676039258,0.8953403247507121,2.0983961494608354,1.6592998898572575,0.48197507727798733,-0.6100654139199931,1.1207115488512653,-0.6077977518232457,0.657406957461543,0.587976724084256,-1.2882729834528337,-2.1142293720943024,0.6733907201488096,-1.3849076707330747,0.9954700551372146,0.4528864938751878,0.6004418907007515,0.23962817406418274,0.03118884466156242,-1.6505691197087036,-0.10223052356931005,0.4601474522477399,0.7861913374949375,0.6117157804198919,-0.5209805312774348,0.44402583519401395,0.5529994996472792,-0.934015131314683,-0.9868719385441067,0.6957864108557884,1.0656301713188658,1.4931019968158943,-0.3369702284363427,0.5984891080569762,-0.535002421412565,0.006342114196481431,1.7620827223939142,1.3210962517779854,0.2497682353821347,0.5534362018344869,-1.6055930856604603,1.6806897249123944,-0.08270300577754643,-0.19887076560134012,0.2474065390536507,-1.3246369385221748,-1.0288377713158765,-0.00575849853813647,-0.11415969328284563,-0.07226018818227681,0.33194777154518523,-0.5397413785979204,-1.122435931429744,-0.14321503665065505,-0.09515128804737531,0.059536474332376056,0.3116456640667317,-0.3489869085806661,-0.34226446436137453,0.04081482725721392,1.1573517313270367,1.5338774829357886,0.26220123337072015,0.7387311623514172,-1.1914363008030855,0.3582294656298089,-0.33726269872824827,1.3193235892417958,-0.6318459738600261,-0.6137102349434344,1.2614678801908852,0.7513377566005972,-0.8197354228995137,-0.22750719069187428,-0.5593712968589853,-0.09767399291862547,1.2705967090117247,-0.37205974116117074,-0.37746082329691244,-0.27701299029038345,0.536510863319026,1.7862114330963874e-13
