,PC1,PC2,PC3,PC4,PC5,PC6,PC7,PC8,PC9,PC10,PC11,PC12,PC13,PC14,PC15,PC16,PC17,PC18,PC19,PC20,PC21,PC22,PC23,PC24,PC25,PC26,PC27,PC28,PC29,PC30,PC31,PC32,PC33,PC34,PC35,PC36,PC37,PC38,PC39,PC40,PC41,PC42,PC43,PC44,PC45,PC46,PC47,PC48,PC49,PC50,PC51,PC52,PC53,PC54,PC55,PC56,PC57,PC58,PC59,PC60,PC61,PC62,PC63,PC64,PC65,PC66,PC67,PC68,PC69,PC70,PC71,PC72,PC73,PC74,PC75,PC76,PC77,PC78,PC79,PC80,PC81,PC82,PC83,PC84,PC85,PC86,PC87,PC88,PC89,PC90,PC91,PC92,PC93,PC94,PC95,PC96,PC97,PC98,PC99,PC100,PC101,PC102,PC103,PC104,PC105,PC106,PC107,PC108,PC109,PC110,PC111,PC112,PC113,PC114,PC115,PC116,PC117,PC118,PC119,PC120,PC121,PC122,PC123,PC124,PC125,PC126,PC127,PC128,PC129,PC130,PC131,PC132,PC133,PC134,PC135,PC136,PC137,PC138,PC139,PC140,PC141,PC142,PC143,PC144,PC145
01ADL0001,-376.732403931026,-38.06725531605903,-50.223119752226715,19.587099663913634,8.664579895465293,29.028759761470692,-22.35823391631189,4.974809255563178,3.0183466316002385,-2.4665043248717313,-8.036819625486253,-1.133510182843068,-2.782734634351271,10.937196168241076,-4.606325920569637,-0.599553350647486,4.663192201119585,7.675571265669865,1.0636283538397495,-5.682283968251331,4.039307538672546,-5.592964011509732,-1.7354890783563084,-3.7511907979866845,-4.724671846746501,-2.3165264654480007,3.786075549454766,-0.35069248787323587,-5.084483077412271,-0.6273348797591878,-3.4999557473798206,-3.740325499298159,0.09633928369782363,0.8543214588345313,1.1899860117879217,-1.6176558522734967,5.40344784836597,5.5096603519308625,-1.587116717081798,3.188922713381976,1.6829482086657417,2.1338852594949462,3.015084304803233,2.636689126292932,6.065764474818372,-1.629089052950424,-1.104279317567949,-2.3482034679390837,-0.39421364822678456,6.99927395414008,-0.2089783331424052,3.595393249454831,-4.785501901720185,-0.4142163617463378,-0.314103264055075,-0.19524897146800121,-0.8176325845252496,0.1455714454014578,2.5116250281506676,0.3114572416066217,-1.3102929153343588,1.970576069484541,-4.158637657041906,1.6716734635421935,-4.296456638267469,0.4733159395300171,-3.5968216444677967,2.9432942420173966,3.504676343473388,-0.9231449978757135,1.4686343848674825,-0.9098221436069841,3.902006920235413,0.08973839092361989,0.38101743895956974,-0.19348382245759602,3.7301398597455235,0.43082519026726934,0.9049338866285521,-4.375502978993609,4.18304357859,0.10140087658370824,-2.306455649243117,3.0586725065694593,1.6781054198251022,-0.12069623604521136,1.1989310702085452,-0.6391991757403527,-0.7240575497327115,-0.9646381170689445,-0.2586312768305214,-2.049277176372767,3.223678049299247,-2.699800720354363,1.9254909258895527,0.7973051103302647,-0.45539176475210696,-1.6722475626948672,0.09017961106230939,-0.5939798506135753,2.1745026148098043,1.1555954608994836,-0.7055948659541638,-0.45630038114074206,-1.5635702613306994,-0.8536009175129801,0.8665470298332139,-0.7167391438841447,-0.4172887476380983,-0.573822692487053,-0.4253386175916591,2.694173320357388,-2.212772083725693,0.7602756389308599,-1.038629211900816,-0.782810089963989,1.0501659958572849,0.6555327568788568,-2.0868979867481934,-1.8389199619258392,-0.7766430506183618,0.5595185014102524,-0.4402452890836665,0.5569635873562744,-1.8792556052891571,-0.6570735898016822,1.4357568592957868,0.5355768899719611,0.34760247984699494,1.4947589282818727,0.6611642243845052,0.6025658959714887,0.993814293735206,-0.1257038897177887,-0.850804926917672,0.8978115284925475,2.0091755196706362,0.4929838197452618,-1.2036267570365649,-1.0806228191249774,-0.10771684237499385,0.31911075003738876,1.082211496448017,0.07465530628811819,1.7889458430696203e-13
01ADL0004,-357.53876657884337,-95.99511386215978,9.309873453372148,28.911388556805626,-0.7306528099606691,6.8738117502944345,-0.7646825534039684,-20.31860393829119,-28.2391871318001,-0.16044444949059877,-0.35405977523154175,-21.784195902559308,2.1105964028930333,9.229319159804366,-1.8518241969286566,-0.9270242670604268,-7.718879028435453,1.224673727706665,8.097022854968792,0.547391467663235,9.96125210317424,-8.201643108000342,-1.205088078219128,1.5436242501621489,5.862253208714765,-4.17068639878835,-11.963787105138318,8.445429590623343,-9.48878927439458,-5.3496848345102865,-0.03230555520132774,4.26228139475317,3.8401011619543377,0.6084963772860184,4.133598433802946,6.813229285447356,0.38631441849426157,1.3028786940191401,0.8567172836274758,3.8817129013687275,1.0988502372839255,0.37067225975772644,-2.2397565165383297,2.605706014790499,0.3547102158066868,-0.2939894509874941,-0.7482484007917037,2.072967745574182,-0.1350911575955657,-3.6833023492657517,1.271292600922033,6.687132128670444,-2.7132439697908315,-0.18138452830166807,1.4604333160438352,4.549183515909357,-0.06534184395302063,0.7564996803624777,2.798063005561812,-1.5953917126592345,4.362593126476758,1.0751313605985855,-2.4577566341202934,-0.20725382032286244,-2.5868145238670537,-0.7550437333004135,-0.6300601747602952,2.1597066224666173,-0.11336541981757702,-1.518430757889246,-1.0657477495368628,0.1024673794380521,2.5900081545757425,-0.30717999956301006,0.8808572074919261,-1.8352682325100984,-0.5411506981503756,0.026581370738264533,-0.5735788696413012,-0.5907005412548759,-0.4983673872089443,2.0617423344320622,0.6896565872988727,3.129158869564932,-0.7718252779517975,0.5218829350682588,-3.400458896681391,2.4795895634538954,-2.493080528811536,1.9745052928937483,-3.054302749487964,3.3360702788049283,-1.9262044394980369,0.8879403239638746,-1.954290044295436,0.29899476132588815,1.2148300751304981,0.77724752819141,1.2575150524334815,1.9273936808961545,0.17403844204140603,2.223542193719591,-0.2329928982884681,-0.5989546271840721,-0.7306644492745757,2.099953880029649,-1.498499114723172,-0.6544526929517385,0.1787327824273,-0.4866566938041108,0.45846232625971456,-1.3600589443182958,-1.4351942708168097,-0.3625651174171602,0.13572626625859618,0.9507694313446581,-1.7654060342309104,1.7979821827613627,0.3313510244885312,1.4874911563335542,3.210854202991605,-1.2872415148484546,-1.1567365141941333,0.43484284654446986,-1.073804495549493,-0.6116941453378043,0.515102143036234,-1.0801172202407172,-1.3910121558403576,-1.9694331199731792,0.49297835691805814,-0.5818042273450504,-0.8299778542544348,1.3555675173406951,0.13222102706403585,0.5269458236061614,0.6185349256634252,-0.6730635199534981,0.79168565189592,-0.22113316708652114,-1.7323808936128746,0.08972326223232775,0.3290789052299677,0.7518020935336821,1.7889458430696652e-13
01ADL0006,-372.52928074712975,-107.14840344056874,-53.0217865905143,-29.9862503974971,16.87918671755173,35.47377457636362,-7.605912241715897,-7.972064432407194,16.44809879946461,-43.357945198609556,-13.402974506761115,-3.1623967325042606,-10.079358141355652,-2.423179389380954,10.063307756060668,-5.544782724427102,2.820096841628411,10.571689331466532,0.6546523155760194,14.366089784560856,0.5637262895119785,-0.825048983017807,-12.514090029761338,4.098329519702223,-3.209956091545415,2.335639310559366,2.2421733956313283,1.622510811696512,1.960993836227714,5.547882757308402,-1.2430237593979951,-3.594258909702289,1.4198882015116263,-4.397152074058928,-2.1423676235766864,6.93314433342823,-1.9721672837391218,-6.263433760063029,1.7600173845263751,-1.1451766535512786,3.799772496250427,-1.5998385610044457,1.9812489581601114,-3.600132563483829,0.358996758728757,-3.017920607230062,5.160315981604874,1.3027886114586678,-0.4479203273413561,-1.239409762041474,-3.5597265212035825,0.6489969219373516,0.17953535518708355,0.570321050942874,0.3616249413018194,-1.7487680029041153,-0.7278036859705826,-1.9373465793128288,0.8880550165289438,-1.5503012766434847,-3.648697573638923,0.014038741551523924,2.300613741643795,0.9883294039894805,1.3649073469161577,-1.0735597399877588,0.7338063757137904,1.8854384012062715,-1.5569264732429038,1.6937878759056488,-0.9625149687978304,-1.1473637938526942,0.19971470737404137,-2.5536529513383037,3.4511809491581555,0.4222953629491172,0.13575082872702435,1.7548569782308723,-1.3987389285130327,-3.920176022930823,0.07375388501377679,1.1641971830858526,2.3719985111528623,0.968649908423014,-1.3567596993197795,3.155346250464514,1.7201747001883412,-0.7153752761546576,-0.14258242429758006,-1.189933261639587,-3.1690561987753236,1.1902338987605285,0.10046915791488582,3.1205138473991796,2.3692274416866663,0.7274823044410672,-3.503407518275576,2.0872652683056567,-1.9271944136416173,-0.5355909107640605,0.8140543895456034,-0.43199494450760906,0.09517103100027745,-0.08862817056662918,-1.0077319479479334,-0.6130675817816162,-1.5052554904151692,-2.6667121991701084,-1.690144515445959,0.4134904436806578,0.3380576124008268,1.2821991822465424,1.3532667831438936,0.8770964558965544,-2.4135756064162943,-0.8972627624854265,0.15936493884273917,1.0973261914193102,2.626246906704769,0.3865161668647094,-1.0876851486734125,0.12434966578514815,2.4980252759997943,-0.33892540353892914,-0.8234955155987755,-0.25361358639515574,-1.8795494113007711,0.03754192265239009,-0.8570845721974149,-1.1408634046149297,-0.19331590023722767,0.11207864807853725,1.747612915045567,1.2303256982337363,-0.5586041434825266,1.6874889455891,-0.44373349036934584,-0.40327209322768887,0.41126963724263804,-0.5293779097502881,-0.3914559892245273,-1.1815292209944306,-0.20941128460058253,0.3582244399986132,1.788945843069641e-13
01ADL0009,-391.96768416927915,-74.91529970928337,-60.96510249359062,23.316069995031096,76.87092935562424,5.405526906714036,-32.816962002256986,-18.52697773667105,23.13103357024794,-16.683120201341747,10.592636276967388,-20.010490252179224,-0.7411224759930901,-0.6214559203460548,-11.642151636119772,-1.9740480596048828,0.4495115416182592,1.2173990244225414,7.736441262453168,-13.707206396017858,-5.713525811673911,1.100539748714926,2.314294766208431,-2.8543034096139017,4.095839004960646,0.6951036408499632,-1.1757731413861123,0.7304101262650645,4.948559960035922,-3.0524232793781714,2.8368159375328585,-8.628761605508716,8.873811287703255,1.7406064368448286,2.307333219588819,1.3304331558650242,-2.1168561755844486,0.021219206857996258,-1.1994267653178972,0.139635629870235,-7.432450846681884,0.2532166230972758,-1.2487351027628995,2.644928183532062,-1.170384461857691,-0.20332107580262335,2.3314739216009706,-2.0744705765491553,-0.37405891075733316,1.3371696136998954,-1.1694419427514628,-2.235203663413814,1.5369855109892643,-3.336691628818506,-0.8082464937239988,0.6103944046022538,2.050353595476966,-0.22701098470212844,2.7235866780385107,1.3969446531029468,-3.9277063049862977,1.423670152988718,1.619793479375425,-1.1668506804913423,1.9062205037330948,-0.06891224280250195,-0.747614665541949,-1.7564982286635928,3.003667397381516,3.0032749026327594,-0.12706402084652196,3.166092877495366,1.1056101379391288,-0.9401806263575865,1.5744416637437992,1.2872404721985782,-0.8424115437311757,3.1247628466426502,-3.9296118348687603,1.5498439275085438,-1.6951808408608582,-1.1551712284600175,0.829997651975713,1.1071781120860842,-3.427699725589743,-2.710221286466325,-0.599850052820091,-2.224720002800938,-0.13695726417258777,-1.3477136007824435,1.6133966798606059,-0.5609907146189084,-3.002619074412548,0.9071815141014556,3.6730768827183944,1.795090210758243,0.06276226366144998,-0.9395111566652659,2.134594187004792,-0.9377912901220172,1.0822720747172785,2.0602018506605657,-0.9423684435083867,0.26997289350908277,-0.6417605490058794,-0.222938118621329,-1.205426176923065,-0.19638459108722314,-0.17854945321071278,2.005897605366708,-1.33893191034455,-1.2339484171206214,-0.2869745294202178,-1.9051019451528164,0.9590602998222942,-0.19711983303499883,1.1025683634529377,1.1475255783367706,-1.3239240610038572,-1.7975687829516216,-0.023511102908754477,-1.9395275520184467,-1.886716934986567,0.3592830274224362,0.3873754355096875,-0.176186171806119,-1.4055219339857656,-0.36309447092114167,-2.1210563225331995,1.1214880230214115,-0.8464592357231265,1.0529724848713884,-0.6088336544493744,0.20076358049202186,1.1019083056836658,-1.2738618485818378,0.8582736379554134,-0.2757205720746384,-0.39347655316658575,-0.15632398938227504,0.2714790646395078,-1.458536886038875,-0.9202030906925378,1.234581120697205,1.7889458430697566e-13
01ADL0013,-377.2959975050616,-31.801248897167188,-4.693009298366354,9.31785682960487,50.01624584033803,-30.56189346255001,-9.813422389557935,3.1422647171395917,20.298308783112436,9.01173199189797,-13.26202064909337,-1.8861318819308954,-7.229683444030744,16.01333668218199,-17.241887109561105,2.399744293378985,-13.081814752834342,-7.210925206148784,-13.962778947993689,5.53781074656442,1.0601669847308668,1.2640330937128375,10.10834662825586,-6.381283251117855,-8.421658808311618,-0.7746568884704919,1.302941167995568,3.702407475851786,-0.15918996469792693,-0.5177066736858711,4.840697346703985,-8.078994964434152,2.790480212366042,0.3608117910057304,-0.7223741013109037,-2.5777042742207827,4.398932827347913,1.9582887688387989,2.353385070591286,0.6854470815496547,2.040451210300825,-1.0162010520726465,-2.0535092764627425,3.367261200748171,0.42989490992477697,2.5410905069165195,0.12711654577608036,0.3255392110160705,-3.4104802097332416,2.861320303233316,-1.8576045772268728,0.572650423273748,2.0430914413686962,-1.326878422989528,-0.1829725073462868,1.4511378802031638,-4.206467646939632,0.835404315675952,-3.0235713134278477,2.957863275843625,0.1258885838358191,-0.24331201800604987,0.6924835799584191,-6.0223997974251215,1.3880175415706713,-1.4819729210121202,-3.4486935207803535,4.385183037007288,0.6182242975845643,-0.6312013471906452,-2.2678639364512656,-0.6392694320730037,1.1337627211499521,1.089771350627022,2.3128723552609505,-1.8423553604183152,1.7895249485283455,0.19342056988147688,-0.1684770563017996,0.46662356299416513,-2.851618153444374,-1.1740886926656247,-0.40777395254573934,0.36853742412007906,-1.2116995226195606,-1.4323648238720545,0.9093672122934088,3.9218045427229273,-1.317123887538484,0.8448595018067447,-0.0012460914794699908,1.0154487316557306,-0.36643427786658966,1.055172804584388,-0.3900351881194168,-0.05237956587973849,-0.14479205880876486,0.39108857973431854,0.5478755236147735,1.6982710021002174,-0.35515483510394225,-0.7501959064642733,-1.3929701364110414,-0.5390280692472877,0.38100893036114886,1.063928776546616,-0.7424206414317076,1.3765992606905182,-0.6080773456233175,0.3718161637366799,-0.5847875751052621,-0.33034796858535453,1.4479818323898812,1.3836732010843402,-1.3669451581817824,-0.1161259117455228,-1.1260370527900367,0.04211039370204848,0.3156511862178815,1.1807399198780022,-1.7738152563558716,0.9786753592792489,-0.842252906615693,1.0014715693103478,-0.6872628747764448,0.2239623916663996,-1.8867335572657424,0.29322883183243953,-0.32833756441618334,0.7722296374914659,1.9770474401094296,0.43521972875494064,0.7872217491354699,-1.472945224782087,-0.41855884433286983,1.7422904128097711,0.8844651724888003,-0.1440097110503388,1.8281482707516046,3.391582781856015,2.5957114598387347,0.6181847716665059,0.4516183610783016,-0.6702064075625906,1.7889458430697452e-13
01ADL0014,-355.47135879935433,-116.69203777145592,-53.55495781245945,-28.13683807719324,85.02533960838808,-11.744779100561408,-14.697320443024084,29.339879822547875,-18.20389974491887,-12.178883880829748,11.297796885129122,6.81600740620913,-15.790686325418902,-12.249860811032464,5.602356361970987,-1.4251111198790858,-3.7977409243872384,-12.665084442700094,9.664195898026822,-7.547949282418975,9.818096519479823,-3.926136045636511,9.737137068273176,-7.131970192563371,5.289268673218687,2.448410842377457,-7.555970736739629,-0.09812891591425763,10.524188645745083,3.328576896569772,2.4683895840191608,-1.3336144377965635,-3.772726320491064,-1.885222361972984,-1.696239567102859,4.631665679529434,0.15271093385473866,3.5534844704053064,1.3230453346699584,-1.9510274391400602,6.460396617643473,-2.1739356257798885,-6.741371170217039,-3.4645988843814504,0.9655649233964377,0.4036369676469353,0.9063258099029424,1.9060098740986386,-0.8083042942785911,4.032159439800789,1.1112596544895872,-3.0358588204008283,-2.5670920862865385,1.9463075259037217,-4.1677618675731765,-0.9122763879391685,-0.3960400827938157,0.6286199333721603,-1.1541830269367657,-0.46180897179876806,-0.5852302376207976,-0.7355287934282295,-2.0484780760221284,-0.10730025437054883,-3.4875127255237044,-0.43192548456082375,1.8311720056638907,-1.6967170714081832,4.061937874311574,0.6476817102812035,0.9134793870079102,-1.117729510993196,-0.4469620928442587,-0.12051310278670022,-0.15060583487867343,0.08245046274142419,-0.251623405361676,4.999493593585642,0.4589500636347755,0.579725230082366,-0.42895574067518666,-1.5638317992782,0.7559556138286945,0.9456195778198331,1.1856887894660302,-1.312815424892021,-1.6075615054879446,0.7973095408656629,3.0500843628037977,-0.31164889401940526,-0.62979583559178,-0.8541237120188347,-0.3841622385339968,-0.828742468709266,-2.7668000624983895,-2.864813226336959,-1.7667768718259715,-0.5820582929667983,1.2417679286080212,-1.3509892893859445,-0.24157042347290733,-0.33741586013584024,0.4525965201528071,0.5676152775170064,-0.16436888707671138,-0.4715127620225145,-1.2238619580509238,1.4655327033496426,1.2380546063188058,-0.3320965427211672,2.3222391396578246,1.1727140749812406,0.14325708204358872,-0.15130157062101052,1.5856265436926165,-0.7685286972914032,-1.2557927780318994,-0.4927313058127969,0.06411884061373498,-1.2164610166724363,0.6928853333288705,-1.0802527766820693,1.1946978974195288,-1.666522785435568,-0.62360072869287,-1.4314331461323493,1.6162954169520598,-0.48396713681396325,-0.3554372198678316,-0.5397708925484027,-0.6641304511006852,0.3445559219227996,1.6605965047527447,-0.21578251372161417,-0.6465055869349909,1.179580823099247,-1.659276707216968,-1.063338509758781,1.5682218272685982,-0.723896418097441,1.5920751589133595,1.656059060180333,-0.5108821457066597,1.3303749998569554,1.7889458430697374e-13
01ADL0016,-350.6413288507267,-69.77901112331435,-19.221095877167887,8.275841877094765,21.94041525733827,13.518847917508864,-29.566318581065154,11.14254759954541,1.6521353422076825,-7.298940458318611,3.59620938013241,-0.4397356355629629,9.476851349025425,3.4607635969523436,0.1975426672961741,3.8459308214343313,-3.75850650212016,1.1798726042622498,4.439299255549793,5.35177374619063,8.545320951736683,-9.6647225414875,-3.5590856234708603,2.509599459746924,3.8897690005429397,6.174496661913718,-4.815669259377277,-3.3729219452397547,-0.13223910369563563,-2.3592952923384933,1.477431288043691,-0.938809041547731,-4.3808932337143025,-4.260947269865845,-3.8701611215173157,0.7057000610336948,-5.0298906204840135,-4.232071780292589,3.180626261601796,-1.5842371507025848,-5.5638168151124345,2.3513202483662936,1.8640578930945766,3.0202694312407,-3.409967637931834,-1.5873394044058382,1.8658686597737275,-1.8511294932254319,-2.382893754099242,-2.714393925934011,2.7411012093574434,-0.2666102092168807,-2.2676080371568315,2.337948752127119,0.25415916510357356,-4.1822853695536235,-3.309675717535719,2.112589676855926,-2.2406853190206113,0.17169612273405624,0.1453060414842427,1.8534192061649117,-2.7037080165522993,2.331760518278432,3.674053065757156,-0.8914620874125222,4.638475311703669,-0.24771735775804915,5.307637818272406,-2.188650222824025,1.1692936878047775,0.5104251670779482,-1.6030272433723713,1.0316623654624881,-1.6951311986061794,1.7506971695128954,-1.1176433714977907,0.48372074278837146,-1.6476744660002602,-0.15407013505348455,1.173211623974933,1.3359597587236347,0.4159219084480223,-2.4040810356012807,2.1494263906439635,-1.5638059940487479,-1.161748792374586,-1.3209401754601187,-1.5566982049410663,0.2984865559411884,4.809537887586181,-1.312994962048974,2.3489218859495558,-0.10134835504042897,-1.8570723709139112,2.8358841378274398,-1.1804794598322363,-1.6805774539685445,1.7744345861593018,0.46320100761515465,0.5233185212198402,1.3825703332017316,-1.0933753524766412,-0.5296896521042713,1.678899928371498,-0.13856194509071135,1.1571764086081837,-1.4352488641258134,1.3325793710961078,-1.079799795652684,-0.4294450752197329,-1.1409075116226897,0.983159318994749,2.5200819520584603,-1.1537009480882452,0.403356790746107,-2.446623306652513,-2.5645987956309173,-0.3657748133252338,0.22618734509532906,0.45626409756319447,1.5742280373129884,1.4935384348980962,0.9781080699999993,-0.8854026254515638,-2.0243898120595607,-0.7504329332846758,-1.898825995979742,-0.8215017714684371,0.6269501179016125,1.2137609240326603,-0.5812813310652072,-0.589322843195784,0.8371873354132658,-0.017599377589789012,0.8500302415643173,1.3977695964988646,-0.40614696777707,0.8479472728153078,0.3973262107461402,-0.29476990251838375,-1.666031655585879,-0.5460303879501666,-1.116743597755626,1.7889458430696117e-13
01ADL0021,-345.47475255974933,42.26183469696014,-0.7353483071352648,21.913953363297757,37.579153551291185,-4.510130129826199,-37.051784882104954,25.99759289997503,3.0658897466461106,1.3352379229997875,11.717911036735767,5.057573357256962,-1.2321106258186987,2.4253359950309368,3.0503521794156763,10.852055125931708,0.7288107281629013,2.3453896798021914,5.823740204989051,2.322327525877997,2.1707962686582394,-4.997797699375826,-3.0949320046754827,-2.581276496374884,-0.9430599085049316,7.030724483246571,-3.352165792695395,3.059721724258872,-2.5075852587510497,5.82163852736373,-0.6724895792443294,1.4297464524983876,6.412961041218849,-1.9493409724015371,3.525795901548038,2.0568782664158456,1.9405750301527964,5.028588646298443,-2.624385677522801,-1.3318022544205332,-2.749088338598142,-2.03949326734442,-3.2381275904730393,2.476143276882538,-1.1218331097620544,-4.039314330850781,0.6424685732546727,0.6151081467748402,2.3061360918579883,2.7161053809493203,1.7133069318680556,4.523133011551595,1.2313997229698217,-0.4259952564344879,-0.07385632627585158,1.18863345919243,-3.26220845234394,1.969268020767581,0.20361720693186838,-1.295963365194148,2.9204283862290272,-3.9437682405565075,-2.250560344877383,-0.13002726717647667,2.3515062768084194,1.2632232240462271,-1.355595471955785,0.6893489019496346,0.5595391727223216,-0.6847348494390052,0.3459720785646128,-1.9265230529191133,1.0091968934703377,2.7558057988033817,-1.2937631341468223,-1.3872298932980605,1.5068037252005895,-0.9188397213335363,-2.1006914419705796,-1.4780236465926415,-2.3234114149902867,-0.8343461830198704,-1.0972504428044012,-0.6610103213747942,-0.7121437545893807,2.676215394959005,-1.1400874361988766,3.243298891481658,0.40270451791564515,2.6787099347201098,-0.8686477051484851,-0.23051920171308884,-0.429950861817766,1.731378746480555,-1.1529236753651522,-0.8703248129385699,-1.1452892185296564,0.35315085645611766,1.3340488329950877,-0.001372688665313389,0.16032830659451755,-0.3641855092567759,0.11836235210338232,-0.3505455350262947,-0.09834217706315058,-2.3441224190528165,0.984198514130178,-0.5903741274316289,0.8122794583165992,1.1043135314917674,0.6655207922193968,-1.530851066056291,2.296427612859258,0.2928347633246584,-0.4264757462391591,0.37788897024877205,2.0368739317876456,-0.9094565425830259,0.33936943009182735,-1.1114320168294236,-0.04126235725601818,1.84096277159081,1.1001240510616945,-0.7182718437123158,0.05054796091121694,-0.12357595329617488,-2.192255608787854,-0.31464788857610637,-0.49926138447093465,2.3832736790253377,0.005703691798646024,0.810420549514899,0.7375955889981209,0.3498756229643998,-0.09474703184941421,-2.1773717562222754,-1.6318000100707613,3.4287998989641046,-1.6637590520084076,-1.058321793166278,-1.6448463034130378,1.9198790183257841,-2.07814124935656,-0.39015576537217433,1.7889458430695334e-13
01ADL0026,-373.2080108854049,42.97814310022208,-24.263149130501848,5.455753306801634,-3.2553272723085995,23.80722791319693,1.3968029375640902,10.618556541297583,-40.49938184271481,-16.16220160384788,9.373320556813804,2.6508160320431635,20.88199970132515,20.777529358667323,19.83408186579418,-19.852877219437634,-0.026779084085512748,-9.172533661202586,1.6638383291123873,-0.9072583077010019,-5.446927593594273,-2.7273268860440423,1.932410117362498,10.454682918242339,-4.356059565834615,7.004457324399253,-0.03681727254705278,0.6400890229436537,1.3275187273524613,5.069294700186638,6.6343409238764,1.8406841074013975,6.993161012390307,-8.355062973563552,-4.915693414277067,5.059595333264505,1.3299573610177577,2.3825015996652628,1.2063722969604043,-7.406233065718709,-6.14806291809588,3.7369510086129734,-2.655950774468976,0.3255906584073301,-3.6819869008798904,2.9632776215663315,-3.3222008729617394,1.7991105285776658,-4.0460773785389454,-1.1140332106484392,0.6346072863901233,4.370531185511733,0.49811199824954516,4.761905589527283,2.4433549462159223,-0.8353418012065817,0.3987805592717174,0.9002899354882884,-6.149777954116494,0.3171245422148776,-3.3889201022307014,-3.4503419253897514,1.876126854956247,2.9985598543110346,-4.022188912493585,-0.48619660347715177,-0.11215121829877574,1.4393451497858862,-0.5190937691291484,2.386752378972817,-0.29461669584960387,0.6928851491397299,0.432490633154021,-0.2936886082851819,-2.8285097202067435,-1.6682532390163134,-2.0390991206387317,1.3633539301164368,-2.0363463916558566,-1.947503172115662,-0.1192191450963138,-0.8269481820035156,0.15428732553277782,-0.3104926355833856,-0.8400155105876187,3.0606371589798043,-2.194471401096031,-0.8240701464196203,1.415182097675998,1.8050339137811997,-2.1390379130684543,-1.973005231937515,0.8796352638350535,-2.475132895569784,0.6696191513962213,2.1279757116852043,-0.08798869573261202,0.19798521054224977,0.4555263151912636,-1.49012499703346,1.156825533866699,0.16267516111478408,2.528690489877293,3.7193765081448764,-1.1433653326035706,0.8855257181157877,-0.595730026124537,0.16232377177653526,-0.2461101583761629,1.1713300994434082,-2.0753156771277896,0.7756545802432626,-1.3622149750521924,-0.23825265934179873,1.2576980180377513,-0.7444861891602244,-0.5496940097716831,-0.37126759905766715,-0.7322374585376975,1.6501442587459698,0.4524527996920359,1.1539647272868254,-1.2372744608292348,1.2390064074264417,0.8210179409504508,1.6936482335911829,0.17499089656594718,0.8506359730024299,-0.4181361053808153,0.20796855305394346,0.23857375135423073,-0.5605799919892251,-0.02574706673563145,-1.1300487433163278,-0.07005849401562812,0.03868985349461512,0.2806570111982173,0.16460309498628264,0.3662262107280799,0.6446817826166599,0.5759768368149752,0.487686635591058,0.5595312544921587,-0.43958864277103754,1.788945843069639e-13
01ADL0027,-391.51100433048407,-67.1209941233896,-7.85462113020785,6.342986228219321,-37.09875529235726,39.63666311083646,-24.645046342041216,19.0795571050227,44.24046075723008,9.14651913358996,19.053427902390727,-10.063608438470952,2.899015939857345,23.92117034972292,-2.5673327052922175,15.720586809435739,0.3545359354431177,22.961885731021564,-6.81750436201484,3.6017585990786354,3.546707744775849,-11.875018249193934,3.26868013947754,-8.719500237208054,0.8349738926108978,-2.210619633781224,0.12946823114204645,4.487534334005231,-1.4282430292101769,4.264792456188509,1.3772089568961992,2.2514779194411934,4.065845277427062,-0.4480917729492392,-2.7884366817729997,-3.0196137905872216,-0.3266748361617223,-0.905359386851705,-3.6949477673995785,4.405991057810859,1.8011717957784972,0.6758973336017409,0.5223678680779885,-3.3587723152562683,1.9651821508042027,-3.9559932806104885,1.524588108300775,-3.767517375390504,-0.5154752018474521,0.5466734627133564,0.5659890791734632,-2.5600853299114736,2.60675791021099,4.673310161536466,0.6261697840433278,1.3597522725579652,0.3618723906954607,-0.6655979212625193,1.1734173391471268,-2.2158606774612353,0.7864939007759094,-0.6886688017472968,-1.0909180596312982,2.8492502271965505,-1.5413383211056495,4.367815555002562,-0.6733527296792057,-1.2742524652942833,-0.833354695841991,0.4247574131338157,-2.705556666627981,-0.890657848984324,0.42907806481179417,1.0865935278558476,2.105680700891423,1.5719174618682545,0.2922120440433973,-1.4130828701540052,3.1405461273540074,-0.08758430703482135,-0.6467216503824933,3.2048721353586442,1.6320630794662538,-1.310751201414508,1.5401107015763327,2.2187537499757353,1.1927936655780906,1.0606531042764713,1.3971425047325938,2.5468152037554144,1.7832489283098163,0.5320645606482372,0.36890932690487327,1.124202549955449,-2.835554184229461,1.2831396268000643,-0.08804113757604844,-2.1455760046151777,0.3695601920056538,-2.2920823903257097,-3.033774170950487,0.3917546104033829,-0.14944996162293678,1.6976646564655307,-1.2139540630523427,-1.5704662248839418,-0.732501101981945,0.7363054923362943,1.8312587691318385,4.128858223796787,-1.049626949933998,1.2549769297228262,-0.21272546735813105,0.07090533711694547,3.5315833970958947,1.2128314046258837,0.09689787731494795,0.23248508627593203,0.44825549206106946,0.4000332700677074,-1.4792730634170557,-0.9909304629410045,0.07574455646753155,-0.04109569778076276,0.9242437629751121,1.1198803598165654,-0.35755295416165944,-1.7660786396973043,-0.38310394907432305,-0.6275758610559073,-0.7492117901990613,0.3651757313466822,-0.9219338157331608,-0.09651978567637658,-0.5087524375679684,0.8268817115061037,0.7093585814851752,-1.0925839794700052,-0.8927274903570347,1.0801318055133067,0.9528564594730803,-0.5436918975211232,0.21972757500610793,0.6996533929175928,1.78894584306975e-13
01ADL0028,-365.5297759536524,-12.943755791430172,23.625583196730712,-2.617485145842944,19.87773340219267,0.08872984752855899,-1.6159633074145723,-18.326853716074037,-12.189617437942148,13.222913495157385,-14.401629622719538,-5.196757209670714,12.996008189526094,6.793212116449197,7.273334757772481,11.30528445583113,-2.273196618392146,-0.7238199680120952,-10.426750512437618,-1.4099221797820027,-0.3735604407854265,-5.222529809902421,-3.454219449276497,-3.499778312758927,-2.479410890966346,1.1442081698289364,-0.7395161375837116,5.163286480896715,0.018037965727249375,-3.817396935295055,3.745307496114861,0.10458826595215369,0.736378246945049,-0.4711181157302124,1.372987536472677,1.0479388989942964,-1.169987257578739,-2.2888947079901416,0.679719617382352,2.843694361020716,-0.6780406064988099,-1.5712610750664224,-0.29187209717202334,-6.791919124243917,-4.240786303490517,-3.2818879947596096,2.727266088348038,1.9104408484008126,-4.587796392419089,-6.672098346235746,2.8488660743619434,-2.7966771542553515,-1.8889603992097126,-0.7923164662508617,-3.333415505867793,3.1370956274836312,2.087605078755267,-1.2774128063311,0.9314672757391923,-4.6130598365541475,-1.775993128183736,0.19806009182314024,1.6836126521731314,-1.6133210774700417,1.7998379300399283,2.292362107048165,1.4364065115241385,-5.252658232108253,-1.560990284026472,0.7781458944451065,-1.0589081751705314,0.8108992891654945,-2.6991470542753078,2.199254599553064,0.21590947265040705,0.042324028697099246,0.6043991788552959,0.3518172832221127,-0.1050914247734614,-3.2324130521771,1.1358770410765782,0.227711068371272,4.125569030904691,-1.0183556959313638,1.0955222861242015,-0.07190935944482488,2.046625051932573,0.8165644552518085,-1.1692405615841812,-0.5343623765336356,2.1802494421153695,-0.4120109153906699,1.6340414008243362,0.38761154113081014,-0.779174028302358,-2.589872953976791,2.468393512783599,0.10066898436343359,4.81292666478848,-1.2745544080674711,1.7009684217581642,1.3051027860871698,0.3422389089421356,-0.20611965230425897,-1.1544138198548792,0.9457811769024445,0.44046426641195724,0.24955019646939203,0.3620103267443587,-2.45046394394816,1.4520340786011037,0.5023798303006677,-1.4728197329886312,-0.60728256181226,0.020711304598312892,-1.0745619493411664,1.8264606420749525,2.880361880020873,-0.8468330934102407,2.0057976762059124,-0.4519822120279599,0.5028309905130491,0.0479422899903048,-0.12893837480726683,-1.4997581446602468,0.5898943425385821,0.3815404825706493,3.2281573493263993,-1.0491282673362934,1.2413904870142847,2.243668021344152,0.6066539077895348,-0.1470182930496628,-1.1222891583461296,-0.1629326025684728,0.4214036184886688,-0.8314976383037697,1.1699107820813857,0.03906635204246592,-0.4945126469736037,0.2957071408866802,-0.026297936967842446,-0.04630647380442523,-0.7153948382375241,1.7889458430695811e-13
01ADL0030,-381.9675019198645,36.38336409635186,20.958922715137025,-10.71888866085569,21.363928807799066,16.02694296865787,-16.354062976370148,-20.65653632112532,13.452517279505429,10.846385180991518,-38.312028260815005,-2.4631169299109734,-21.221978339277797,10.020073321012644,1.433817271525399,-4.42012556649886,0.9307542910183411,5.583303669089765,-8.566264631776342,-5.11708781889519,-2.113293744991023,0.9214175936168795,3.163027575381685,0.5754365875566385,-5.009157495972489,-4.6881588629509166,7.233978169586954,-0.7312803194645314,3.415335051058833,-3.0641569969692317,3.0246005773654807,-0.09095209099808996,0.06531014123529445,-1.549102942338023,2.1917017631767894,2.973563555762079,1.262308303511487,0.5600787784483947,4.2230823270873525,-1.3197986470153173,1.1643426374297994,-1.414582304862648,-0.4150504621387511,2.7258420436483974,-1.7015080578891726,2.741133993336858,1.1481998841092462,-2.7102631003636155,-1.2042854453034548,1.0551805143632618,0.1879661595299465,-1.418610050850822,-0.8465275898849113,0.3838868487453842,1.8033660909826776,0.1799199779796318,-0.07446463206406957,-3.218331591904883,-0.06431854549028872,-1.7323261777823649,2.914270172544451,-3.0416630132033466,3.863872258100089,3.001675377297404,1.526711427319414,-1.0139884798735932,2.6877693102489633,1.8157866814417956,-0.5039994765311503,-0.872345715269586,0.013166467655759441,1.6281984328441574,3.0484381992145155,-2.4977679460181665,-0.18243093859346501,-4.261390653187166,1.3867532403789862,-0.5589968014647657,0.774833118878111,0.28157968518580995,-0.7684856072639825,-0.021120925972647035,2.8364876704781614,0.6088047090080217,4.663261380231513,1.2016472721020974,-1.1287488075307013,-1.9852052958831832,-2.1594582910645572,-0.3091552048769359,-0.8322315962096427,-0.5913229752161163,0.42890104099860565,1.070855320184718,-2.2337231134147655,1.0959450267030548,0.5672986707281938,1.972211416861077,0.6680567413762887,-0.41226016074450766,-1.01654263574872,0.7873989470616577,1.3101564444660962,0.3208308238814478,-0.2499646019078078,-0.4685411029232994,-0.0714728895676329,0.4307343866892557,1.1979690078209089,0.5071637961984929,1.0599763731242102,0.050857973733468634,-1.3966004299913717,-3.0332981611067926,-1.6825804924885503,1.002772526940528,0.1907608194215719,-3.3170705581504416,1.3460726174089426,0.19320570066763587,-0.05353394258709208,0.29088114157875306,-0.7293142378611344,-1.9475338454077895,0.4208855997816286,-2.747246517951802,0.17862256071197238,1.2731311737586035,2.0372776723719435,1.04582694505638,-1.3888936288868818,2.27314064574541,-1.3826041448311226,0.5786358132611883,2.7534580221106473,0.3097049913491579,1.518515100962659,1.1000216958353988,0.6035865583966734,-0.4309361512272625,0.8825428518028401,-0.024781401876219702,-0.3376745283536005,0.9509675336018037,1.7889458430695571e-13
01ADL0032,-352.1395085240656,30.593791010759443,-55.870668438988105,7.632387307003412,43.36037588799706,9.571791999140013,-37.475802177578416,10.303441960782221,9.06036651634451,-0.8216544092085155,19.98029469297341,-6.477675171856402,11.177667848097364,-9.1409751982095,6.074449210663665,4.313290779627864,-6.83268499156693,-2.805356655672509,1.5301848393362236,3.5181582630926713,-2.0715095395309633,-1.9221691768652602,-3.198769632927502,-1.1271823904849192,-0.5277255211491234,5.911324553104913,-5.214489987716123,-0.5362853777396482,4.219689456332469,-1.3681307674414476,1.3292487667128519,0.05188148155796436,-6.043012287323208,-1.6342925806275175,-1.1358997189121642,-0.061492880819044964,-5.330744382845086,-2.221279691530854,-5.405488322110736,-4.299565033312607,-1.6032944069323043,-2.883424227923164,-1.3834859235471495,0.7029878839639607,0.09753745372500898,-0.3903389897115052,-0.5368432956075668,1.1673488571090747,0.6106352059211164,2.0282246570455773,0.25212479743992405,-4.505514143173692,1.9822925304232124,-3.49048473383019,0.1512172274067645,-0.3876990806724799,-2.431755062585926,2.904277374324584,-3.807055302533431,-1.5972328603383077,2.2188193651431516,-1.7048576967791782,1.4455074961265177,0.36220976343505934,4.212355794355651,-0.8287602519117525,-1.4643373345225252,1.0176431403945516,-1.6548355193022974,1.3195129302975166,-1.9752157877263041,-0.38446779808262815,-3.60560150696626,-2.962984918113054,-0.9988880855198391,2.0683183370176237,-0.7452724596136662,-1.897981571290985,2.556203774310834,1.3019251806502985,3.2540296633196557,-2.3970773847811633,-0.13874814596736218,1.3225324426388139,-1.279269643228608,0.9544557742595113,-0.03443867812239917,2.9891857996039173,-1.748270778156125,0.8453772032457959,-3.1377820825312592,-0.2320038952831939,-0.37590876567300885,0.1362364255796299,0.6341791116417536,-1.730220461352871,0.5310939081132146,1.0790059585512075,0.21688564990454556,-0.0017011823077779256,-1.6337893682135198,-0.15328672948106148,1.407972449526708,-1.5840596784949923,-1.1872570135931941,0.11190276921106693,2.3882273148943365,-0.22729265026705278,-0.6764260301518399,1.6718519371731961,-1.1483293357085247,-0.26732112685265336,0.18907311360746568,1.2041593338418053,-0.422157476137133,-0.750007359179924,-0.866796611603058,0.322498199108939,-2.0464918112948314,1.778931247842764,-0.09252090667275871,-0.4538534701094411,0.28879848329110114,0.6905056042637363,-0.7725249733343823,-0.12985882325296247,2.117920589586611,-0.007764284222287792,2.0890645922988087,2.8847321216739306,1.0868083992658293,1.2014811184508574,-1.0502759852379704,1.559500239173979,-0.03162991212756473,-0.043898358043013855,0.5652691686610578,-1.1773360862325208,-0.6286795702885781,-0.18625190231905178,-0.8652163231643794,-0.7823569258710484,2.035682109620767,2.9790186418191507,1.7889458430697884e-13
01ADL0035,-388.63430416761366,-33.35389200136872,11.834198784286789,-51.07458392934137,-8.86253025082493,18.373568482344353,-15.65060592167094,-0.1226670220243375,59.72875548490896,-1.740436779680858,21.144125203219257,-10.338091809499831,-20.763944217589195,-26.773042896301547,4.448018009261075,7.883617944161156,-4.838265584217048,9.913253338441605,1.3395421012065312,0.3843558820501411,-3.6105786595858436,-9.954800665002693,-4.029226689974787,-4.792613729303108,-1.4108145274314852,2.82054426151136,2.3232480825102018,-3.4399925083206226,3.543630070633418,0.42521778700163837,-3.5334501287298035,-5.76225687667729,-4.720730886962977,-4.629321700756362,2.850848136108615,-2.9893628564013484,-1.884048760426651,-0.4475109124940717,1.7226071894173676,-5.935213930270307,-3.180467469297655,-0.01822987900001957,-5.202401531278914,-2.5473863899631697,0.25918506914809886,6.441625862744141,4.787321085316015,-1.6932371359884486,2.648888476381615,0.7447107729427919,-1.2878781936700818,2.7257953657655745,0.32815857551234556,0.058835139038974735,3.7642189887071837,-2.7490475987405825,3.7753282185975165,0.8360709451792957,4.54171258751771,2.598796649407777,4.863688842040008,0.13726943188798588,2.286833904989982,-0.538041293361206,3.2761180187949828,0.38642456088509197,1.3789506974785422,-1.8577063953536344,3.46957407900581,0.5409313714568139,-2.8168227347056356,-2.7788432746161686,-1.5436905655010034,1.7449404963997235,-3.262340312549645,0.7916088731416574,1.13430179789621,0.2963866999084564,-0.12325161399864706,-1.612659419503655,-1.2469103214478279,-0.18041695618049744,-2.9478078639845635,-2.6160483024494274,-0.6266848372854055,3.6799428190642245,-0.05196899267239118,1.6886831303598056,-0.6427120145510475,1.5865903623758097,-0.9938759240220587,0.269860857320646,-1.4681592540491772,-3.262067626973225,-1.823181746551175,1.187224196844534,2.1495328885937575,0.1808743761433266,0.24577230396426725,0.046771952793930704,2.006074027493728,-1.20062945237374,-2.673137482506496,1.402657579263244,0.4896577292293252,2.0720024143609352,-0.26591271579909076,0.03623832071305918,0.2517918876094558,-0.9860125662367946,0.09933510874196845,1.3969308341465378,-2.453172990891363,-1.8502016321612222,-1.3902441156251701,-1.7856960495673875,0.6126744663652789,0.5716916026259763,1.4329040429261364,-1.8108627874324976,-0.9192449803858989,-0.3520956726855164,-1.6040109899113797,0.3360815640720028,-0.08132086919990014,0.5901695302559433,0.29395175695421777,0.2797701888018579,0.726545853877076,-1.3950141675094572,1.0464424965039412,-1.2793666882194197,-0.4855531991983732,-0.03407209802458349,-0.16485158080065623,0.20214034958186372,0.10754878945263953,0.11832226689412312,0.576640571994586,0.5463122896697147,-0.45666527198476964,0.036532974563691284,0.13538582161155469,0.2626720668683963,1.788945843069683e-13
01ADL0039,-355.98119839429285,-133.92751005048422,-67.9029631597298,42.53379519637183,-16.840923152147898,1.650632808839395,-26.90318196749695,7.053231484325327,16.99846696705167,14.362959034802318,3.1169547323721796,-4.786061428718793,-12.72490433456826,1.6049367756373505,9.684333417883426,9.945621797486156,-2.368232977762087,-2.1515083761495726,-8.088941655163058,5.327960632192185,-1.804994158974385,-8.611092559764002,-1.7190419572676234,-6.9367460663793645,-6.625280547466604,0.05570908310815732,-5.223960625904379,7.649378200322914,-4.296237123574574,-1.8190898890922094,0.5932102066877999,4.030953934725159,4.558843248192183,3.3418235451198095,-2.775910805380021,3.2179461065997303,-1.7329567063023203,-7.007701187038691,-1.9245853440973595,0.013579847560360491,0.8397331855768501,2.200969300336275,-1.266476393587734,-2.6619990002874405,5.0897847977170105,0.6199614076459672,-1.6913744089524254,-1.6431505201371344,0.30286569119124535,1.0534710227233548,-4.850239690270629,-1.8778703479997771,-0.2072421744464205,1.922931472432622,1.0279506532569551,-0.8548348624626085,1.4029470297520936,-1.0956385938688336,-1.9768062283100503,-1.1233007204257173,5.456368210496231,2.8287806565312255,3.117865965055709,-0.24358972538697263,1.1269791815977308,0.3017458016169152,-1.446511160899603,-0.30045400911479136,-3.357389310180743,0.3304766007680808,0.7089425394742612,-0.5482780289359128,-1.2716633355509956,-1.582222082928239,1.8250462948060637,1.21140598784313,0.22891199964818684,-1.406917348114839,-1.4873640619750477,1.593971753110207,0.6025643632866492,-1.3151919960569456,-3.997662454046584,2.748894086045549,2.1563893620839942,3.3637872742113153,0.10035203735682426,-2.1505989559180465,-0.6234350877628287,-3.417520817020651,-0.7304537919068824,-0.7232159379783262,-0.13452075668242933,-0.07278943944608086,1.877011428995742,1.1386089846150067,1.8720021756313558,-1.142506312102258,-0.4424044470262199,0.04341585447798478,0.535969565133548,1.7575014485109532,3.130856303569739,-0.8954998650953971,2.3085713378915425,2.8360579324054758,-1.3154108367704125,-0.9486787605133433,2.348224658564838,-1.2333429369809887,-0.3163412614363551,-0.25975663736525156,1.129443752490062,0.19422020365668524,0.9371189280704026,-0.7583195138370732,-1.5106259563128381,0.2559856930330684,-1.4413571355783708,-1.7933370900335779,1.565705649011156,0.20888643992761705,0.5667868000281404,-0.8423983103162501,1.2728887707737626,-0.7519632048708411,0.5478653742004908,0.912558841429598,-0.34337694665549956,1.449596988904199,-0.3863578348651119,-1.4053313270900334,0.8327455948195019,1.097475470740682,-0.18944938186159824,-1.2018334679523097,-1.2186553411489496,0.25822766786752127,0.045812217718328205,0.9215629041978525,1.97849515261225,0.5271278315843576,-0.9406966620861261,-1.669020128418507,1.7889458430696016e-13
01ADL0040,-397.4798066977594,1.780288618750895,27.531120804089355,24.92952960924495,-39.885759954804904,18.001214238267714,-0.5225503552848494,-33.97862909089569,0.6534341400277879,12.295975970921509,-31.04183268078113,8.071530661743797,1.2020724817297146,7.694927815940295,-7.287668463476434,-6.428974213435938,-4.046022380916548,6.5912281506093615,-10.81788702838669,-3.4228863691512204,-0.3344598611184097,0.043992637684886836,11.98416960972715,0.9464001552480265,-6.154387813831669,7.162382172935948,10.410140025797663,-4.4337432556300485,2.849222676831595,-8.196612272706593,2.8835844160497524,-1.900799969914357,-3.184767733320942,-3.812351985323627,-1.0475177502999642,0.14902761970521666,-7.660799709983962,1.1601316655659881,-0.6935487749461449,-3.2762914892143087,6.135678321508439,-1.9698856788640167,-1.30084829868009,0.6584596544631358,-1.4953393871631642,-4.669982621108704,-1.7308185205058095,-0.8835102243278057,2.7045241717889943,-1.8467082699444417,-2.337987948029033,0.5057903168081876,-2.3304908896136434,-2.442042201478421,-0.12213251001569554,0.33677546057177016,1.3801362433099007,2.2132496009643945,-2.490105035927853,-1.5131477790886785,5.257403007680039,4.2998784900090286,-5.234400422332487,1.5558553865143918,2.0007379556141505,4.827145938872973,-0.4328792386816222,0.9096123260176796,-3.69500252179561,1.6025477792688587,-0.9123847303380346,2.275663012078757,3.4362155740685,0.846381987530944,-4.33367852938016,2.6205090406753366,-2.6537559773406953,0.4283714735152545,-3.335138078454743,-3.4960220387988636,0.811316578058431,-0.939118747995619,-1.4749182276221469,-0.4102640674722067,-0.790754631017082,-0.9789442333924103,-0.042114100013803495,2.033863405003496,1.0831949641947949,-0.7041964759052269,1.3837735087736507,-1.8815374697888732,1.3449682340715432,0.6125685558096184,1.3138135006336413,-2.6849554099741217,-0.5565008968039716,2.9734160833443726,-0.35737611071363734,0.2249640746403446,-0.6853923325416743,-2.9143418091432634,-0.24015147697639308,1.0050858081267766,-1.0977910452253055,0.050197868452941274,-1.5542907103256738,0.5446097582182091,-0.036336094434147585,0.6210458798854605,-0.1730666433485641,0.031802380602744554,0.518928327737991,-0.3131027241143557,1.9005298567306916,-0.2108026983323494,-1.970933220599029,1.0224985249768899,1.6815584895707416,-1.9803284502240965,0.8457108122105136,-0.26925181416293664,-1.7337157242435213,1.6535723267719014,-0.4285479827112451,-1.2345533709150514,-0.2811340655701833,-0.7944979627263806,-0.060182153144437076,0.34318634584434743,-0.7017833483260613,0.9334799266586667,0.15306903498005994,0.0793809594359886,-0.20676749376421014,-0.3498017037991815,-0.7024824099124035,-0.1994782610216671,0.8223075496867969,-0.6288344420259684,-0.30174331354355416,-0.9459518944911771,0.028946921564967306,-0.7057677993517796,1.7889458430696654e-13
01ADL0043,-381.34994337262015,21.440911813325013,12.96276343234509,-16.22367667762445,3.634077103909757,30.35778641993976,-21.705013720392422,-23.249506944446587,-0.03624791352688598,-14.80405011249129,1.0181401494404814,7.316446501291011,-13.07693731332966,16.95278063267908,9.820329021350364,1.8998850358417272,-0.15718642872477312,-1.7267302660719615,12.5808918332063,-3.59873946498889,-2.9528475787617556,-4.238400145835265,-1.4638386294010073,1.7789651474356816,-4.498016363643336,-0.4687134598180976,4.793940900593986,-0.08097657399871029,-3.302075535213284,-1.308212840937371,2.956729030465885,-0.5979255216369381,0.3984707923341036,-3.2909403743939487,-0.12860056577346435,1.8047982258321131,-3.8014673594026887,1.2521010926639566,2.277952371183068,-0.02874898987132716,2.1904613345008457,-1.8954139492568762,1.7360312146787644,-0.23602700365920715,-4.208353987988584,0.23716975417533379,-3.0223470074115473,1.5279830868314839,1.9934192078606718,-3.0888101049973704,-7.169095613720382,1.0960722781240606,-1.2818843210089867,2.9544658321738977,1.1246336502371033,-0.5482556269336386,-4.314133115956391,-1.2438110528052577,0.21919176539372556,-0.6124903321544262,0.7253325802491963,3.2315026685935098,2.03066061894582,1.8333341342606446,1.3299222300445888,1.5959305606218912,-1.7420771501701802,-0.635616129566186,0.7133609192205893,-2.768887197478301,0.9469473926610953,-0.6287724558041073,-2.0574345462216255,1.0303380133963227,-0.6758130104439405,0.13163777551408526,-0.33235573989090395,-0.6916623382370902,0.16415796834056431,2.5753963010744716,-1.487758554866278,0.03722978589437907,-1.4599326948426172,-1.7341234474306138,0.9706838649241615,0.3109408574178564,-3.0762109155607225,-0.22885004640444007,-0.8785247540192321,-1.557215867163463,-0.25552722806704153,2.245478182923797,0.6177782404768613,3.169624875124439,0.8326965002987581,-3.574924636480127,-2.52563372313824,-0.7275234861471958,-0.13373088593967009,1.8180167064079094,1.3040756416975703,0.40049373039660496,-0.10838051151936526,2.4952930811370564,2.925046195175681,-1.3049556325970797,1.2125707382905675,-0.15321687502382367,0.8266020973164596,-1.2736731313125427,1.822124280110794,-0.6283773255970302,1.0889234576048066,1.6527965279687817,0.04849184268850407,0.0686067107181364,0.5020874908300978,0.4154310113139442,-0.47521404408849954,-1.2572490383512376,-2.023177697089455,-1.4211726836204281,-0.44401155188428065,-1.4815561310915852,-0.5253446115322923,2.0377855852202797,2.3498861740469525,1.3070560689058581,-1.709969796381159,-0.4140267356484406,-1.0176235540961813,0.5123665998051699,0.3165283684287427,-2.7028586496199924,0.5904684041233734,-1.10102868114807,2.759569739989407,-0.9894818849789284,-0.8006503749347472,0.978610838008818,-1.0833334361551865,0.6898099022224596,0.955091734347039,0.8289733436879847,1.788945843069612e-13
01ADL0047,-345.1878514073596,-8.357753724371008,-91.54262444798917,-24.19282157687018,11.206717057089158,31.250886990912765,-11.740868785811465,10.469458784620333,-18.54626956831802,6.640727698187847,-6.327821709764842,5.696829422597118,7.09566511345684,1.2319296550840453,16.581353654979957,0.25375824569035466,3.7114437275162726,-0.7004416021555102,-2.077548154811832,1.1424648998089808,2.3394789531658216,-11.63106629665784,2.626149635224094,0.7232180178376318,-2.6787000533416716,2.1976244047258193,-5.047069573746714,7.296535954276627,-5.030724151758989,-7.388062369684174,0.8192458912531289,6.4408708142487,-2.9847795238984,-2.290576063586019,-7.035648442150115,-0.7813777544977955,4.809735525938727,-3.939567951112208,-2.405711813831741,3.0216023901292437,1.58561942390219,-1.7779943120353643,1.2253449785586144,4.98528222100307,-8.51629820683813,0.8632172858169402,2.327702510329432,-1.9365562081177448,-0.9773798467275753,3.7579071538197257,-1.3053843499812456,-0.9732310475374787,-3.82347845051106,0.6125450182597105,0.5656430331670442,0.9832054393041882,-0.507771445889631,-1.0114465578673908,-2.2958922246678237,2.889160338382622,0.877568801444453,1.6763871101150907,4.903996203390305,-0.3858707113279097,0.21285209138566302,1.1138922372427975,-1.4131438115968806,0.30083158222131856,-1.0311522834813704,-1.3894358348909435,3.158126281787831,-5.120149245583845,-3.4920127152745795,2.083744216857878,0.40999080391606285,-0.4334230372103495,-1.1631653450974742,2.4727913023396253,0.07954263240483163,1.9887082741165267,1.132269334140348,2.227167986141585,-0.3787421492010234,-0.7111684208466578,0.9888790166066767,-2.0345770014003044,1.7009628025657977,-0.6642899248425531,1.6341385701565325,-0.6424356970514293,-2.01528246584714,1.5189869015105348,1.6223008001786487,-1.7582505859761748,1.5397969932693465,0.6067654465940883,1.0949902766389243,0.27238406311536356,-2.8266596624286477,-1.156194454714408,0.913109486076828,-0.7777150171187581,-2.8220765609913983,0.8241797422556707,-2.25141568406778,-0.8031113865418154,1.573875932003588,1.6832555813517385,-0.7974328171818619,-0.7540770892279423,-0.025041500269670947,-1.8041741678849683,1.496039485876138,-3.437921226707595,0.06513755389034459,2.1338710859417036,-0.043586441250653585,1.3116684485453438,-0.6076239794921614,0.8515905902139759,-0.662773310505787,-1.9418939299146434,-1.1108967422477538,1.1809166294869264,0.051461392464651236,-1.6371524326328721,-1.649442778854771,-1.0626731932184894,1.7030735170536038,-0.5088510903168755,0.7867413076604876,0.5793326962220716,0.40344272240090073,-0.9457306422737307,0.011835632273425496,-0.17926587570185198,-0.3915734807704916,-0.14807346646707722,-0.18745725379684477,-0.6870595391077947,-0.6912416380310995,0.31762501516243175,-1.3172420818890938,-0.22055209976872056,1.788945843069819e-13
01ADL0048,-364.63788891093844,-102.64577538940044,-101.88005726177464,42.58160723808934,31.02174038389764,27.00143854556517,-36.58663953231171,14.235518491764505,2.8056045218100043,6.114314877020664,-9.722627263611649,-5.969512245946717,6.021956224349233,9.038922817173868,14.493833025128477,-1.3634572747262406,5.129819579844551,-9.434303057204394,-9.560135733986343,-11.999124408564711,0.5366048426050591,2.313714750264367,-7.866007960290583,6.074135084781291,0.9536674158332423,-1.2600178012376557,6.57676103057427,2.4293822668852156,2.940595646619463,-3.133498666612193,-1.7900848566571557,-2.7908211119842177,-2.212491476073058,2.1015478804403886,1.7676600654387733,6.6394674033733185,0.09124252377332326,-4.491673720820277,2.95464065002847,3.973129016697231,5.615704319296097,1.758659243785626,0.18781800464281692,-0.8410185853823546,1.3905431480756778,-2.2590266963293804,1.3248866008743363,-0.18345370003959396,-0.25114606127625294,-0.8771078744669222,-4.429600845732921,1.0814750526910912,4.943076090408546,-0.5850281399534387,-0.18294811878283146,0.12692654279593357,1.2934690798474813,0.28468685670156113,0.8369324854384809,0.8796427273345583,-3.045362985205884,1.8489952565539192,-2.066508917669766,1.225133338282282,1.8956754897095156,5.6069916331505985,-2.1178089100702437,-2.954303950800353,1.4738655786486032,3.3974799140608734,-0.5442868229448129,-0.14513813501514797,-0.36140809827782916,0.5938706180840182,-0.487604037155277,-4.446795280388716,1.6462470456164937,0.3788424242949822,-0.4601832238115278,-1.1115438360937029,-3.071302476504941,-1.1779561022608498,0.6507757574953107,-0.3518982358372867,0.24512224478372502,-2.91708089076165,-2.3301637988188495,2.2950461212607984,-1.637826759279056,2.6442241597592075,0.7437857103333841,0.11733151539023529,1.0111722894912438,-1.5539021501774646,1.0495729789665675,0.8614589116217177,1.7329607609972935,-1.762239619100989,-1.3298812650561214,0.8556654466956776,-1.4921557842955695,-0.6809024065545867,1.4212310805469488,0.1812181824743552,0.6303135140040386,-0.9803799134695287,1.488769639068219,-0.4214165029753611,-2.475660075527977,-0.9258503721479034,-0.8054718480037765,-1.7462215981455864,0.42659191769437455,-0.016069147816989572,-0.007378078853009043,-1.3882819975751661,3.0598215285348656,-1.9975886840352952,-0.14805436286272625,-0.016489740821120116,1.8457594069037113,0.9124038345538549,0.39766484580613454,-1.57420681104394,-0.6611172219141196,0.2957394371211126,0.7719933654243168,-1.3727333390866796,2.4718706548509735,-1.804712062944915,0.07913457334285823,-1.0108376430200354,-0.4711956441696085,0.28910669077520473,0.5150192420359467,-0.08738474072966142,-1.517142247675217,-1.2427361323627504,-0.4921692285046003,0.7781112412598594,-0.08249810608969967,-0.06731435812145085,1.127313554566533,-0.9108178548798991,1.7889458430696735e-13
01ADL0049,-358.8774443091745,45.79706829616659,-57.359817008713925,36.45024151564717,27.03747214814299,-9.944873360769716,-34.47073149978584,35.87283583459696,2.0305536831333426,21.219789184319794,7.520424111888207,-1.7965848786375567,-2.4873279940818156,-2.21519822999984,4.267944977821112,8.522234612094302,0.9897783398731677,-2.8990975034523836,0.09331134466564225,2.3363146700039557,-7.942030359042502,3.9302780453600366,-6.824523014584376,1.6900932022432271,-3.2343231516995967,1.0745769964704763,-0.043603860975104075,-0.8646246016800142,-0.3836215597931543,7.062933440281124,6.37752018732145,-4.7227945390162,1.697375839239437,1.928390486990627,-1.9488624545191522,-2.4316490158675976,1.4435837222329126,0.03955056777087592,-0.24527849609353475,2.061507776166031,-7.3527708603198825,-2.9116785159921608,1.1403080601763986,2.2984446691589957,1.9503838097633253,-3.984717669443603,2.4868055819972623,-3.1665430032742896,-2.1429030963180895,2.958221349732335,5.176072414265285,-2.806781942630779,-3.396704193721491,-1.3277012027499602,1.3282171823525522,1.6260116652715155,-4.896080524054956,6.013822582730073,1.88055452810832,-3.1720302379126264,1.3792585171451466,-1.7423196877024245,-1.5431898050121429,-0.6952887120439544,-0.5387938300413085,1.3880390733619496,-2.9122830545544462,0.9108371391253145,0.6278799146280972,1.3596018806527324,-0.9189871273564764,-0.3602982578537481,2.651624773504064,-1.0861341641962023,2.8764775643486806,-0.6581624069862769,-3.328530874752993,-1.6884210311214858,-0.9750194892957932,-1.7274373612201959,1.0738218914160718,0.3405227497534756,0.005222338587606694,-0.06227208086625266,0.9157159526824604,-0.8698537532029534,0.90876228391201,0.44136621154385625,1.2935928636601908,-2.197660001968217,2.9181093593733816,1.0687837355549472,1.1474773117513366,0.00517504737282938,-0.011312941228352502,1.5279914305095337,0.3578902715825179,0.059775619219761024,-2.4658750438990453,0.3572278488578683,-1.027034557369206,-0.24208995050423868,-0.14986523201592802,1.1635039988398896,2.7933390933982634,-0.9331985509989581,-1.3943523298988918,1.0333537835192401,-1.4601923735287532,-3.3812047111262755,0.7403193670478635,-1.136936871309675,-0.08593941152523715,-2.3697780357270646,0.1708402996672109,-0.8525683581890929,-2.5064596363992537,-0.27639873191058006,2.727775356122877,0.46931440030456884,0.24578040659824252,-0.21017525910491536,1.2932924538663026,1.1262873659790875,1.4737408814953317,1.800903276820581,0.7433624440663428,2.4420735311680626,0.03729338927723173,-1.7569470943592054,-0.06312041630197536,-1.1710545796291403,-0.9038384755153329,-0.5996430297441827,0.16627471536684438,-1.0876891225675176,-0.11395417919631481,0.2781176211408494,0.7796887294670414,-1.4348449225329512,-0.13957973393128045,0.38079589625287596,1.0281369498325663,1.5022754947573806,1.7889458430695468e-13
01ADL0051,-369.5655449827891,80.51830789311262,24.128547789691755,41.1716043712188,9.313216524276584,25.40476186424332,-39.926492036797875,-10.442645790236904,12.66783199533087,5.930102535825913,18.03429522455841,-29.13804060829876,12.055123886503415,7.892598861037607,-4.831347335282484,4.447002397959159,-0.1274285283646987,3.7864487954525172,7.146343914500959,1.1764959478270234,10.622591726132514,0.8771541606454419,-7.245587702954424,-1.4409530465393727,1.3191874558534196,-6.407606705316016,-7.244306303965411,-7.8166682941841295,-4.269868210819576,-6.220415582813337,-4.2923192302943605,-1.5040047133810044,1.978406884675835,1.4026463678620609,5.323169019885638,-3.546505553613952,-3.0962778191115383,-2.5613550405351924,0.08347445522999207,1.6471067458655395,1.0313601979535316,3.482261696321587,1.872427503436377,-2.678179131982692,0.06405938992471927,6.223036581505254,-2.4665390856586153,-1.3046407889977978,-0.8210931274651623,-2.577945487320223,-1.157188461921361,1.4282441452992403,3.7943903867592583,1.8842428910802955,-0.7813981784000041,-4.5204482140197975,3.4209217715966806,-0.7654397691267762,-1.6626312247721293,3.948578146178683,-0.8987414197190017,-5.279540460345573,-5.105929705620798,0.1994645058483423,-2.963141294871583,0.5905012737290429,-1.0232794468522142,1.384962234566624,-1.7334081249389979,-0.3580502485290593,-1.2230092248458253,-1.9952461157498211,-0.025831991789375317,2.6194969634620353,1.7448660752513214,3.663346830985336,-0.328005278097402,1.0958868585290042,-2.1547541069254676,0.7800583243055186,-1.402722343021737,-2.313529811828335,-3.0908780873867157,-1.514716255001119,2.1419994721506144,-2.2907504503905294,1.0734010905832032,-0.844202265396689,-0.2304279617629523,1.916402071134827,0.6764714864858326,1.3341231556543192,-0.4694759761188268,1.5895213806986261,-1.453492300579373,-0.3335076418458351,1.537564526625131,1.6743243170240152,-1.3772856695030775,-2.5431323206693044,1.4987578317020647,0.27672161098380615,-0.9738597649209293,0.7460920552046951,-1.125200063986365,-1.2390889449431237,-0.3453795828641877,-0.29652279138502835,-0.6961693967547667,-0.8800701148859634,0.0029835600294312024,0.3188493285219634,0.7954532845596173,0.3722375788905574,-1.0407027825388486,0.14968764202329848,-0.05155427209164817,0.4307169127588763,0.8210077366566396,2.54907846440576,0.8408709500608964,0.24457918370660697,0.4505597763353062,-0.211686837932493,0.6040430122799817,0.20458370765451447,0.7213027140281124,2.090324298495451,1.0405667389732136,1.0044371686915607,-1.55664014374643,1.7033956938218224,2.7090313298605726,0.31631636096588084,0.726821090094213,-1.613594628316255,0.16053844898167943,-0.7273751184232494,1.952797298248584,-1.1299375249427748,0.5679413693938796,-0.7672219165219277,0.3818951478543448,-0.29386010163703685,1.7889458430697293e-13
01ADL0054,-359.6620991944683,102.04512085182465,39.292209403512835,-10.392022953309839,-19.054500145285584,21.699676288840546,-13.815610635276624,0.29755046424522597,-5.263962795142682,19.501842289454,9.69434495004804,-4.199777361224607,8.472364676956126,-8.758737554882746,4.142229746842613,-2.8553479793250904,8.384702863228576,5.999646666639853,4.804353746290095,6.5351692438309374,8.095711771628295,-1.6128136575438936,1.1855189679269547,5.185433178183358,2.1840759971786796,6.846427190853568,-8.363575533923758,-14.50170955583604,3.047700398475428,-0.6720069283823685,2.695925943601472,-0.010946397985477517,5.522388488955962,-1.0596706818725297,2.2644655768629365,-5.862732738615125,-1.6721582016704164,-0.21966561642765595,-3.1735318781510564,0.7833975486397532,-3.325254804836775,0.9365075971254245,-3.3392816471524527,-5.127863784045106,-5.4078126682064775,3.53114652897642,-0.44743145515969474,-1.6808446149558773,2.643146868173928,-0.10115625505932194,2.104073450857333,1.0382071331865481,0.03028294401081737,-3.7584325643719145,0.14169189392567305,0.5558254718998091,1.90625878781589,-3.5892242485130934,2.7210963572231766,-2.3999361899439604,-4.749884026518572,0.4363187188791213,-0.7646946309027017,-3.378439319836874,1.5637163293202627,-1.4308188576034442,-1.909876178184738,4.118383266431943,0.04942139650265557,-1.2497306524148002,0.5953471811194658,0.06727509499770006,2.358761739797107,-0.4903798022469705,2.1654357107315882,-0.6861144497234386,-0.7815768476283467,2.154381319892335,2.866764320352044,-0.7987641534548607,-1.0039332494474382,-1.3359312804299415,-1.1846192075323627,-2.0384636590465477,-0.43212077243484387,0.16637939797114512,-1.7769963092532906,0.7665133325010183,-3.5590803730378417,-1.4408753399604357,0.8975632972539064,-1.8875029106479024,1.7250672395708082,3.375704437945637,1.0854607053707264,-0.23057605752079482,0.5599575622731033,-0.5720300696154995,-1.0086062182621753,0.4359769285409845,-0.924219507711857,1.0609350501826986,2.420804889863556,1.0079853449297291,-0.2792353012808103,0.5575237265893981,-0.29944306078013994,-0.7710319151459917,-0.2562135884505277,-1.712128449626893,0.4410041212357219,0.8907297906208836,-0.5021710402974118,0.2862026812550422,1.7319961147045921,0.20363234026989294,-2.140799159375241,-0.44488386752224157,-0.045440976712366826,-1.1848831653419034,-0.55779536537206,-1.9866168007841531,-0.48349226462880923,-0.6263556488535408,-0.3541511402938297,-0.38720813378588753,-1.7190865913736761,-0.17325800565762123,2.0296139589489015,-0.14036378605386945,1.120023320004395,0.24107983845836342,-0.5737401455672195,-0.11843385510846226,1.0712481797918003,1.8718466237613682,-1.2270177458945617,-1.6970817659668245,-2.449574036810024,-0.07916242602910487,-0.15550835081850273,1.994489819275128,-0.1823170687459456,-1.2302804083569632,1.7889458430696528e-13
01ADL0056,-383.9847685988003,-52.403523366640975,14.127276405939995,-42.21545802065809,-48.23468042409049,35.341851234991644,10.351196844729708,13.334874292162166,1.9901201364092889,1.6795994905009326,-6.1225413658706955,5.441598328072641,3.889233159136915,1.0211904315112654,6.668214486948284,-12.422701708194598,15.336311390455878,17.378307866178034,4.218451278553997,-5.958355305557727,0.6022893833338187,-6.454134351636116,-1.1535722466484077,-0.6874779800417469,5.190398261673315,1.5179697645808023,-5.773813453680784,-0.1805541653309447,-2.132353739280423,0.06301788035062544,-1.4839023514594798,3.031712144269269,12.302034326600285,6.238116650680633,3.6194706253780335,-2.5796122137921915,5.630460462449336,6.137951984671249,-2.900074325952081,-3.6817010589546197,8.600811809939637,-2.289456361763912,-6.7415371809001075,-5.814246320318211,-0.18979652733827418,-1.9466722046435194,-2.758208121935426,1.8905200637444894,-3.1935847642106774,7.7825216304931635,-2.27218462117564,-0.5317092562180384,6.959569173688067,-2.1359915799628766,1.9970086797032012,-1.5799038071223643,-4.361460257839763,5.902788574373514,-2.128564756534455,2.4285999473600177,-3.6939924658783614,-0.8116326292548037,1.444560631767098,-4.3995912983799,2.2725291518428548,-2.7346306149835935,6.473476356821603,-2.8576645649355368,-2.239574035475222,-1.339110282084493,-0.012783439119553937,1.527734649430417,-1.7559048984993562,0.9317972816621491,-0.6012245268238254,-0.8391073526337279,1.1923362772919965,-1.996454326473803,-2.39446805402512,-1.29092789352333,3.196288693729155,2.1125306373552477,-1.0625872549456508,-1.2080065477364565,2.2240202168050094,-2.1234845728651877,-1.4295645672537494,0.12285225777402647,2.064787265855746,-1.8053415805853559,1.0211982068529786,0.33812145020663564,-0.053892802074337304,0.7669766811557918,0.13413691096767358,0.47853134468138436,2.5716043276473535,1.7454930614906674,0.035826283160910743,1.2808643202427987,-1.0118896871430996,0.08139761305067887,0.3878396819839116,0.014760726470219433,0.9204652375239964,-1.2016586737918322,0.16867022112906613,-0.7843538098942255,-1.809290041411034,0.6505095217737387,-0.0954123596068824,-0.24978642498304743,-0.7458392707428255,0.05749965201908651,-0.5530632939161549,-0.7228489368460638,-0.6494402993075663,0.08700564718247451,-0.23880292874214487,-0.1415130775751346,-0.13608466546479475,-0.3527249150726717,-0.46716946698856504,0.27553967693817716,-0.6306427719621156,-0.9875580499522105,0.46274635037131484,0.6886143022967816,-0.746897496587264,-1.2217891612930465,-0.07305111951978638,0.07277406733628056,-0.41279178953903917,0.6610074854319107,-0.44077811262318106,-0.3958529010460469,0.7293305440962897,0.3647983381253618,0.16983118143102707,0.31767254905437814,-0.09514578638522553,-0.2003489962794266,0.2569184914461616,-0.20217084416200778,1.788945843069652e-13
01ADL0057,-381.72278192836785,20.355481662253638,8.020277287492233,41.37829102449348,-38.761654228845586,-9.961922260108423,12.14026172646775,-16.55833146041279,-45.1860953027307,18.184365635418917,12.764206263299863,10.852928281055293,-4.733641292972659,-16.12368010841757,-11.84346831417104,2.006246783283118,1.6744041449355038,-4.156321260599924,9.154514364003983,-14.525700356959666,0.061867414603678006,8.323148722315816,13.910548835416586,-4.433890264885056,-5.500664798515963,4.167180632182341,4.312788411751642,10.821256829941063,-7.080216697015523,-1.8811241436253772,5.425664346074701,-4.855578882069321,7.9889012081487305,1.1981314863754444,-0.19880433612908943,-1.114301739290533,6.573337095928326,-4.038054074508627,-4.321835065273211,-2.8095094194356447,-1.1935753705875807,-1.9543231356838484,-0.8571444069863853,-7.990758888766224,-1.1395082092262598,-0.6135866252580816,0.8301738969273795,-1.6065287691828516,-2.9568134701250925,-2.689026213533847,1.0445059083265158,3.0691665442956007,2.854266108416143,2.0690501185737653,-3.235534875304434,-0.6787271131126339,2.742231131437982,-1.8469197700524038,-0.9994360866390699,-0.2843535252117217,1.7341986177748299,-2.973511899156138,3.590985936456423,2.108343189645361,0.8621573238838414,4.100366407832699,2.1248547192054246,2.4648235059633117,4.29360009309817,1.5829749881952146,-1.918464318809807,0.25283507501487595,2.213803384487353,2.976876458528244,-1.1960425631181975,1.4030182846241654,3.521686891700458,-1.740927750572357,1.1988259011200806,3.330879650748934,1.1997003022384836,0.479544483905372,1.2928137986453174,-1.39475273872481,-0.6467623153275147,0.5297739422212423,-0.5633398739814935,0.07453992951844673,1.1623614361765844,0.9667971249865965,-0.042305753033878506,-2.100135202398491,1.3652306591363992,-2.0611295312606743,1.9208368466420815,0.6132330286340218,-2.022675874743886,1.7579753701947722,-0.6153121138955681,1.5821882445592967,1.5597899482010282,0.559565584499936,-0.7823533838743897,-3.5669624970593254,1.2109132854991786,0.18363082273439524,-0.5652519868875052,-1.6743744255837227,0.3209226264161924,-1.056334586283352,1.5589740802114467,-0.27503587623663184,0.09736751528174904,-1.107406411290868,-0.5062313291232822,1.103226730955837,-1.6280345832629344,0.3848763705135203,0.6848520780619408,1.028774847253849,-0.44928300336875854,-0.03671788296096506,1.635313973555377,0.4421983584373182,-0.7637178073877295,0.25342595283713043,-0.12657656111654492,-1.381622465230521,0.6172498087611433,-0.46803634868331756,-0.5681224493181061,0.3588137510100414,1.4086132378959757,0.27738297931675926,0.6478261472036387,-0.5239458664615464,-0.31187311177532895,-0.8888544470129115,-1.4897477976625717,0.1463557437400005,0.3429954570464675,-0.4412002514344852,1.3674984259490126,0.5070360045721745,1.7889458430696978e-13
01ADL0059,-378.4781126008326,-74.77246591864817,-83.28175175603663,32.04734874597624,-9.65175146054675,23.912305450926848,-10.918207031679074,1.098347320846144,-16.490892206575644,14.274022636898742,10.86329296779308,-0.588627077717465,8.351338048216196,-6.1946067013049815,-16.512367929193058,-7.776434062197126,-7.664165367291613,-2.631381927195494,7.0418966333181325,3.2374302828370354,3.2005875783076405,-2.9799960551044635,6.646420865555202,-8.346619011987803,6.406707432485994,-2.0481657589261646,-11.649088764655067,5.638540443562689,3.347419813025241,-3.093404104928915,2.4430557892435965,0.059712563862424205,-2.0588615650278617,5.142799113317615,-1.4610321003754716,-1.5203669088921472,-10.151878131090788,2.279552502039559,1.769645042934075,2.007349931325314,2.63357380766457,1.6743121449334244,-0.1794223510591299,1.3503297780267896,4.131868264201354,4.987085013203804,2.888731105945383,0.3471076320724008,-3.581493029658272,0.3863263511170473,0.460191640152801,-3.5752717234841946,-6.9670590820826845,-2.7482990383394825,-1.2251793948760332,-2.897583284028116,-0.4302018016367814,-1.5622832083100795,2.6077902777756785,0.6085903164999357,-2.045596719179104,-0.8125685637044194,2.6933462525448113,2.6879833262198987,0.8993540753899933,1.155865127832733,2.669453819301004,3.4364899153233543,-5.219373152323749,-1.3589274946129395,-0.6843158571643222,0.32012191816530844,0.3816265073446346,-1.4340397493508301,-1.945696526009259,1.1798168374357176,-0.24104888254902893,-0.48331895325796825,2.4684809226457074,1.3372157752964327,4.685686447675122,0.4411284636253498,1.237976617111267,0.9429852579051413,-1.592645120875513,-1.6581284072564533,1.069348715392423,1.387873599328458,-0.05647766537081959,0.937916716192904,-1.303431301442192,-0.02903187250521581,0.02810143709398237,-0.22434876288306574,-0.4456379767615515,-1.2349550356322239,-1.1937038858160072,1.8464386610149528,0.01065175576000652,0.8334269827342483,-0.6363729404309137,0.8302033059483961,0.15447514118452582,1.4377207086433674,1.452239034627458,-1.9649151041703192,0.26212570181904943,-0.5523271682504565,0.12503596756685292,-0.4887569761213544,-0.7548786330548085,0.8922549693158855,-1.618016445254148,0.8381463901837817,-0.46556100446487914,-2.2988338189303765,1.2180280780391415,-2.037241336998307,0.7448068202272208,0.23262475605936112,0.04874932659036089,1.189187379013687,-2.212017994533116,-0.9875423758746973,0.11261135330255607,2.338798668906569,-2.169928729621793,-1.1569068330083214,-0.19100875774636888,-1.5267731850260926,0.027214132521228757,-0.7800421700969961,0.8320373886681631,-1.33243220915908,1.2762297354822507,-1.4855304358139598,-0.05888295412337695,1.627524996289994,-0.7290635621184861,-0.0670800868743733,0.49622023751754585,-0.27918863956563733,-0.11751111555483267,-1.1107368860632352,1.788945843069549e-13
01ADL0060,-382.70027635135926,77.02312883145123,48.242461320082725,28.05800406478766,-34.63949783873509,16.75893364765364,-28.73473593221408,14.734466685024593,7.981733738548968,32.393666701401216,20.633615279747417,-5.174570484464689,-20.57397880036387,5.527965730015744,-4.521943183056084,-0.613888450150551,1.1169578727447516,-2.5330829888893263,15.290525632395193,2.4505675838332492,-4.425417141949867,4.742921719348506,2.033640646945395,-2.190509590579594,-6.694796560622367,6.699328985596967,7.58797725381606,3.405853276703816,-2.083630466369837,1.3399956798294734,-2.4965345219681394,-3.7246860972689633,-7.660371360481765,-2.107554081370607,1.0023445133179036,-3.133309611403235,0.8805739841776091,-0.5928324181652757,2.7729526244550082,-4.909127249345744,-1.235895741140637,-0.6498555987256754,0.9255767879486656,-4.336837867437186,6.149635632677233,1.5789505812912612,0.6442207229292141,-2.7586817230458363,-1.7829026018345653,1.943704218509692,3.0006814592465223,-2.9134591044911318,-1.015206312093807,-0.4548332205844072,2.956574346196536,1.1322895965589521,2.368088248352093,2.495701773320927,-3.1674631099478523,2.756034714538239,-4.4346000626512,3.7581735421202764,1.1966542152314972,4.459862766154247,-0.5560989850228051,-0.1995485114164257,0.5316282106369499,-3.665862200043003,0.43850836608159527,0.37210432557013906,-0.8846122958326598,-3.485697385558885,-2.1184989740853886,2.5691399218801436,1.5608861523839346,-4.73749680658194,0.7723856352501987,-1.7749964989418685,2.373948320314671,-0.800476362772286,-2.8756390381805437,-0.7595819562329725,1.7474997425789858,0.814209983222154,2.19328203298619,-2.726648501988441,-1.8781146249218432,-1.2471837108760442,-2.2779918446520404,-3.9942390689317744,-1.234904179087618,1.9259566879622476,-2.019956712369947,1.3438180362604857,0.5009618120123932,-1.38465621365555,-2.0862832647506995,1.9967645710005124,-1.11989636731849,-0.3469560613040892,0.13656244029935105,1.173546021536323,-0.3854251533685062,-0.8090133091621226,0.1719411369739582,0.5331934061340641,-1.097947653667656,1.1687941977524077,-1.8131621713428074,1.0365143711836877,-0.271883549150844,0.8549778482594504,-1.9140615589079584,1.7356163605492043,2.0979483064824116,1.4056048082777348,-0.1686113216115983,-0.026442058293711233,0.7687210226601657,0.8224957870721842,2.1058925566938402,0.3256770405853936,-0.8295826642191613,1.3782339477894257,0.459823518161348,0.29226325801066144,0.013946998970242484,-1.216063350993822,-0.5708806557118622,1.5504101252765146,1.3165940812431318,0.1121479044424989,0.38300467459449034,0.2510827840293443,-0.5009574905912056,0.10147599805403532,-0.2325128417735165,0.7372406917223716,0.19759902455881978,-0.4624304350601592,-1.0421990756850632,0.14539945190775008,-1.1489398671347462,-0.7032285341166487,1.7889458430697924e-13
01ADL0061,-394.77433482624866,75.55408315407622,9.624667248650834,-28.714845230841064,-26.348151003060035,42.054419114728056,-12.325301801041544,5.242510882009883,1.6194652230771511,28.945605240043555,14.105738379990163,-1.4968409055168526,13.24009775363001,15.443257750539113,-2.294411080736224,-7.30714297462349,-5.509125888820365,8.803754931557963,-4.836314868570439,2.8164655405615555,-9.113591358398763,-3.159731688949289,4.271938060455217,-7.342411717330166,-7.265673595504606,3.6038988205814864,14.543131710343848,3.800204372520276,4.748818502696013,0.04020890837022238,3.9635705151567837,4.83420839964254,1.3621611728998557,0.7868606661097289,-6.922526934676488,-1.5349879540484206,-5.180728990191252,1.089506700566227,0.44053088251497285,-0.5156888183285432,2.308746240244215,-4.705904172437708,2.6018865684406633,-4.571483895833276,-0.4985795840060667,3.2711058966288244,0.052009713210927545,7.281322098654528,1.116401460127243,2.2391857270431115,-0.26651604151471586,-5.3936584370988765,1.188661172443052,0.5416193775338882,3.855363373301772,0.2719796798040362,6.408140330510056,-0.028250838549819288,2.921668424638738,-4.224678107306641,-0.9439358601185083,0.06283686110235989,-0.7253172435265207,-1.190894632578915,-2.522935453267747,-4.593006416478574,-0.782459729175344,-3.4235265659938983,0.3569208895662014,-2.3262593534301748,-0.5858453637353906,-0.14949639101952547,3.4016562772950456,-3.189569307620063,-0.6685152634839877,0.36359998458889253,0.3599855680215625,0.32158791527592984,1.850205342232147,-0.6655428125229899,0.3663463552425939,-0.5615596480268398,-2.8086231181844465,1.486044940761256,-2.870157981746666,-3.7638251362482458,-2.9401489647989294,0.5679311415929935,1.0811220448565677,1.0735863495119555,2.4107466783038576,0.936762619581864,-0.8903130522599092,-1.891051643803807,-1.7317072350870175,1.2582800379927603,-0.891451134451553,-0.4803201696781563,0.05880443494696213,1.7240164843087602,2.6858328757598406,0.4794456554281469,0.37592988933542537,0.07048323063784175,-2.144491522183604,-0.29130911112447416,0.32053900273814384,-0.631936938169976,1.9619804953621351,-2.0860142643025554,-1.5696226373045266,-1.283436829480408,2.9318070622635926,0.1319318458431205,-2.6990794601368537,1.3634456034477358,0.3174280322316251,-0.21786492240069688,-0.4038836811517636,1.1112310803569792,0.46812640068355865,-0.18528898834044738,0.8300242248560088,-0.2595139347385311,0.4333717627619805,0.2171559914344646,-0.4023909262344604,0.09331372312196873,-0.14634956760153253,-0.2680073493419718,-0.5189607261132448,-0.6060507937282009,0.39084908173913946,0.647611673202956,-0.14787762802610596,0.5928102028885506,-0.19161159782544424,0.6135856456187353,-0.3142621507145961,0.01338347131061234,-0.2974666083341402,0.34299100474355926,-0.4770344457303273,0.9213375304184473,1.7889458430696902e-13
01ADL0062,-335.5638516028165,-10.516480112774618,-42.452016338204125,77.29835516871822,12.36082085872783,0.6048580301092755,-33.96967441762101,-10.259557322635628,-16.9655348720945,26.11372579865248,-13.619259953759826,-1.4588395246731218,15.230973723855339,5.750059560017328,-14.12323880543744,-3.8709746816818176,1.4561128243705843,-4.656049348730715,0.03910443064655951,-0.3421437715033723,4.841494960309646,3.817804091529019,-7.890338763853818,-4.522441178045453,-0.9624412323626425,3.039441758370839,-8.889030004532923,6.526903651057444,-0.5831568778108821,-1.4817658935710467,1.899229727162957,0.3258003724397925,7.167946962066046,-2.1610878519711276,0.6263576623100283,-1.3536039560568214,-4.544377624498397,-0.06391419011098344,0.7764096257497637,2.124370035912669,-4.063457560953519,-1.0216672401513167,4.449650178855246,2.5713361926718115,-4.284455034729983,2.09397940689433,-1.7089806907316147,-2.568820793809322,-1.6417033739488884,0.25518191389197326,0.813335527191472,4.001340745267508,-0.1825742279122751,-0.8639368712079528,0.5052683623447505,-1.011724029792769,-0.5587967460796397,-2.909597541132483,-1.0802414308404664,2.6264356288386748,-2.7050323677050834,-0.11710549851041038,1.1693578616186855,0.04345415791034361,0.8741432208093073,-1.8329494001165565,-1.500712840291671,-1.0774645437743249,-1.350487943156349,-1.0228289558557517,2.065956021328116,-0.25067819511068834,0.6600927727667338,-0.7086030304075839,-0.9534120213891861,0.682803204548564,0.7877845163299074,-3.437469373981759,-1.1658315728942192,0.8380204424474113,-0.5612050441493576,0.5435456117132882,2.029867249649059,-2.097634983955433,-3.1513214134581,-2.062896607806418,-0.7384877799394521,-1.9739766442728177,0.9560845880269563,-2.456218976821993,0.7010589536125181,2.522696046243302,-1.0784066869481717,-1.067749908474218,-0.7311852449377257,-0.8552352007851717,-0.2590236738755973,1.8026178295990605,1.387864023620695,0.4916801847264526,-0.466346015610678,-2.3566344423810617,-0.8512982751524012,-0.1224681696950267,-0.8600239870346729,1.3977407002797804,-0.24720722439693954,-0.5154299119160192,2.004595836975899,1.0381179409021835,0.5236098551538405,2.542143209374802,0.31586694189297854,0.4293992837650971,0.9208868833802638,0.08286663365432545,1.3924828350194207,0.9304310928063535,1.6728984538761849,-2.3687792323328036,-2.2674287305103706,3.1510879286110027,0.30278401689722423,-0.2434736497325398,0.8059584661938227,-1.0633742942287308,3.209788241007103,0.5922218512918898,2.3680319338795623,-1.1678240665154802,-0.82321466281347,-1.0672890064775709,-1.1517082005569148,1.630741860912279,-2.1510905746789413,1.4083374261815433,-0.5245567316048022,-0.28113579673279354,-0.01239474321108044,0.2819582881285715,-0.36108143528726144,0.8976329452885833,-0.7315841843905634,0.6034037269034663,1.7889458430697997e-13
01ADL0063,-345.960531787231,150.0703252585091,15.001447186823333,9.67078329239027,54.09618958192741,7.577952619301977,-44.42108137325542,4.411037132264901,-27.669457890181185,23.36840651899094,-20.73631731693394,-1.837269555069097,-11.410421808223942,-6.135017630140029,16.973207798626767,12.004662258119568,-0.44842877144725585,-1.1428872611592227,6.619633257702975,-4.552860440317057,-1.1801413853187108,-4.597531549993362,-3.3886569748756554,9.285475890023205,5.553935927551466,-4.966523839927438,-1.18950388335247,-0.3782838487546549,-5.30549406265969,2.8231035315178334,6.207321254230768,1.7408285719823238,0.9331392788487884,3.23221888528415,8.737674142440799,2.746101081284106,-0.18570736686809353,-0.20064818731289752,3.252041320955086,-2.496894555997663,2.782076894900995,-0.045260644250321565,2.553566981465176,-2.756221022162648,5.5621081599365265,2.0723357920928285,2.909859627656284,4.419984460214592,-0.5460557602019642,-4.378651155167473,0.42716587378168347,-8.01622955955471,-1.2759856445653783,2.0372698222220342,0.943549989760707,-3.750550263994154,-2.861332707583741,1.7954696140401742,-0.24735561308881396,-0.35574769455251254,0.4302746263153884,-2.798396034412958,-2.3916749488312288,1.5380943544864383,-0.03199367457305138,-0.6920562820411698,-0.8877656821701327,-0.2219466281038679,2.1942215489252503,0.4540158709620045,-0.8873004133275829,0.30037629969824237,-1.939571089209282,-1.389463798656828,0.8773643501728665,0.1925563448234034,-1.159772733363458,-1.4335723466525363,-1.549400141430551,2.7065971956809367,-0.47620047880626987,-1.7168907923668733,-2.0439162992464968,-0.2413522451210957,-1.4624599573733612,0.39861235411865437,0.998802486731508,-0.6130198407112871,2.6812816051825235,0.53870052897866,-1.2063356603940159,-1.077593281385654,-1.0472706501708282,-0.7388976279148599,-0.053567045001299454,-0.6183556363520967,-1.3389783564931488,-0.8321677977268244,-0.7092281464543662,0.12342872208608006,-1.5825843429310111,-1.2183502713378978,0.7238277223305802,-1.9211442595349886,-1.3664789194522726,0.5711344722242558,-0.6334787153052863,1.0371824984764015,0.4138959243343326,-0.9939546241925975,-0.5830424038857164,0.5090703237371689,-0.9086349773618071,-1.0794463478823462,-0.4672645917741906,2.1030825054621136,0.4703014038574878,1.7673349256684159,0.12745795177101163,-0.412562851418189,-1.0603933091174595,0.2749767037812305,-1.7138521460557343,-0.1979903085989229,-1.263054566475997,-1.1927933311966845,-2.5328529435046145,-0.08397396127705324,-0.4672746031066302,0.03378912839794939,-1.9641096050261777,-0.0827161680589797,-2.3429292435135802,-0.20007872620523845,-1.8080762354349247,1.37979700828266,1.0465483204395425,0.2502346051506242,-0.7181187351111527,-0.17283383764093824,-0.48922650697725095,0.25156439299256267,1.6948462351440654,-2.577601835352106,1.7889458430697147e-13
01ADL0065,-368.08759373033337,-35.82433067464277,-56.50049179216172,5.22975367548942,12.91077699436357,-37.75658445824493,24.790063532335868,-17.93638455421102,4.448112914868735,-6.625999659916745,-36.295986625627535,23.344156967861203,-3.9930344679915057,12.933892143683334,-10.182527031947853,-12.777245064802896,5.290580203138087,-7.279593156211947,-1.1604185151901767,5.077062636044552,-1.8495793402057703,-6.460237936368769,-0.818133699009654,-10.306516262919352,-8.323099612288864,7.911103135259614,-11.270777268581554,-10.137564338960651,6.2489827483443845,3.458651548400469,-1.8489391646872024,-4.817539444964704,8.869266110326976,-0.5914553641915119,7.644530754340759,0.9074697048259976,-0.03138541693150052,3.380828071963662,-0.9113049195064041,4.511015901544607,-1.7099786087512903,-2.9706983833816847,-3.169994359571323,-0.2441644476999041,-1.3673847199660913,0.8294510763449239,0.7868122311593876,1.261316391280783,1.2116465307924296,2.1634453436865395,2.872051591410791,-4.125525114942272,-0.28262546574348174,2.517134951195021,-0.35889597936903805,-1.204435771074492,1.0463526460792494,-6.226278899874731,4.219898134751353,1.6588331962259424,-0.3958476242524017,1.359139491146092,-2.018651194889537,-0.19146571492285963,-0.22951896414333384,0.819838362811511,2.666781761410273,-1.4188025225133916,0.4175364853895432,-1.7526860874070902,-0.9598591250168215,-0.6036229091304096,0.4599292502096187,-1.5609827659544804,-0.1546342136585623,3.398136271187523,1.8938983926328972,-2.0843752176347685,1.740895470142184,-3.11047472660128,-2.389384201186344,-0.36005434501436134,0.9519915061363754,0.6357457038500521,2.3676428175755357,1.0935317946074152,-0.7117380472291052,-1.5024486370530028,-0.706556616481929,1.4151632806905734,-0.633371614809377,-1.3930654384876906,0.003928686971584374,-0.9691001530842429,1.6475001859918181,-0.2544738208826042,-1.2585389125895656,0.35671775014723067,-3.0096205781857552,0.6022419001028431,-1.9947866437075283,-2.5657422700495744,-0.040309593375277786,-0.43184460133897773,0.09917561851101471,2.8233388585323196,1.4831333272796587,1.1262441161502168,-0.6658770861175134,-0.7107539975433989,-1.108290029840978,-0.6128566716090538,0.21062302354858095,-0.8093307705816176,0.3991424411074224,1.3684454846080292,0.03955933532209311,0.08028602070707451,-1.1002872291818673,2.7972325090789685,-0.1357296972176424,-0.6274372326071057,0.7003334873542073,-0.3392521376063222,-0.8737823141171678,0.5679745399782153,1.0136301224362372,-1.1038278789235292,-0.625091227571174,1.2881521040135908,-0.6436647218931947,-2.133149545260028,-0.5114368867122181,-1.2206798489139086,-0.47006480981313004,-1.7088341321195553,0.3494579472725915,-0.06535630057607011,1.2930611997565873,-0.0071325441205499,-1.3293876421411677,-0.6592532568015225,-0.5804250965782977,-0.223744963664488,1.7889458430697308e-13
01ADL0066,-367.1705087436079,41.65619522193485,26.290012575890536,58.21427502393681,-54.04873584672393,-47.24777350491132,14.671619117926772,-16.90310072615489,-20.51932919264311,45.533972742857785,-38.350078906003695,0.6540567111438965,-23.54769091542371,-4.835284030018736,8.110408727014335,-24.814105520158744,6.2663950559879495,-19.93447497304143,4.3313737031740605,3.0975398773875247,-5.720270627945304,1.4529337576519412,0.517008106052946,-8.396243113056341,-12.719064687031844,-7.569941830011115,-3.6948002024342954,-1.9249692624054457,6.642260867953377,3.7254696972346557,-2.1867261339997914,1.1605492713249388,-3.679090213592919,1.0679978152942222,3.0605677379930616,-2.051107015768534,-1.5834692866711502,-0.20140862265790377,5.292797690726137,-2.1212634331694784,-0.48308052837024,-3.987676995652052,2.7482640381748142,-3.9004200991216553,4.529424088200321,0.7663096671948667,-1.5316300843566026,-0.14689161870319478,-0.6206398913964557,0.9649539502793987,-1.0972665464943865,1.9901218348784162,-3.11162849684518,-0.9208600253042487,-8.012862775353058,-2.7906812497270894,-0.1742340478840394,0.13099332314652976,-1.1733673340547974,-1.2566191694118762,1.4137023932913926,-1.4569090993541896,1.288414763562532,-3.3873081769345417,-1.877344135982176,1.858428181636231,1.2568535528616813,-1.6403061106909127,-2.1328347867868684,-0.7670281195383557,-3.974262006049363,-2.921987235880215,-1.2245800431695941,-0.531882732739085,1.7301385157665266,1.0713757304995257,-0.9948344608400307,2.2927019749514037,-3.4710681984392227,-1.043518981070249,-0.5346878154537492,1.6262282798395413,-0.8573760424490696,-1.1514376257917782,-0.4246160378616692,0.874322866477773,0.18679103091937999,0.6341617760150317,-0.5043348463239721,0.8511133273469796,-0.7372508883559161,-1.4953460893982724,0.2392130637929075,1.2836752519563626,-0.7298211317646625,2.608867217800857,1.0896766266579807,-1.2240419824581241,1.6134842863733987,-1.9842263955567294,-0.18263207518749844,2.996944793432096,-0.6591520488567995,0.5610319778039916,-1.1744041169197417,-1.0765727521287203,1.4969121977254576,-1.1237648594333292,-0.8681382924181085,0.48573103870873596,1.088815718161569,-2.3864694799323893,1.3697618120265491,0.884599681665663,-0.014698986830855349,-0.11204927877561706,0.48318173625133365,-0.7110168975651503,-1.0568018600747757,-1.415409316139981,-0.6752595981492622,-0.0469430332148682,-0.5305107057542137,1.1246884390223983,2.438603897049038,0.5181743701435078,-0.042193387875952865,-1.0891731456304035,0.21751084327897202,-0.9679465075963383,0.37293253387936454,0.4104592876701926,-0.49089300639399924,0.6198786721780601,-0.8830449389157439,0.8639381167030541,1.1651806073873496,-0.6436514986501375,-0.5899747488342132,-0.4299083934274862,-0.9240477704544282,0.3035647477084768,0.1591157985248909,0.6410351915362638,1.7889458430697096e-13
01ADL0067,-366.49810639824983,-67.52075451543648,-35.71590384376205,-69.8651985494572,-21.6184894962739,29.971493185677208,-4.528818790656901,-26.221084122192366,16.757646428174425,6.647912581784778,-12.29461863535514,21.76709172558097,-12.705963053356792,-22.794055212378474,-8.691703855446873,-8.134271886217425,10.855432244243596,1.1163295815981846,-7.082234692875539,-16.510988148137347,7.13564134845903,-4.982316211573038,4.10513274135553,-1.0071672500150088,0.42823730675938987,8.47916472908649,5.387433869756651,-1.5829785111990793,-5.621761160112611,-4.4779532769884804,5.527593263988221,4.32037864079903,-3.3281270075223417,-4.719994904706912,-3.3332503773705544,4.538691823582483,-6.088814159340166,-9.940766802283292,1.6440202958413201,2.393320400181461,-0.2830399895855984,-0.5906666370130779,-2.854537908503906,-0.8154506177292153,-0.6820374778287875,-1.5445901136688862,-2.8701404087905438,1.2531035106992174,0.6373210410620915,1.6226779314210957,4.168396036799177,-0.21849337076260694,-0.49527609476374607,1.0309991993391363,-1.4954970188978693,-1.0290631669835977,3.514546299318558,-0.3530040366193479,-0.9157915440557571,0.30128982119747366,-5.0775102970303685,-3.733400506772806,0.5698886066506182,-2.5653151823495737,-2.492490492724725,-1.9428765122118488,-2.1502537293878308,3.088989269087338,3.1297779959050764,-2.2138828605845684,-0.8648247597584536,3.140685568224869,2.799999385796305,0.5558042758722817,-0.7146288476075814,-0.7474937153078666,-1.7949632268126876,-0.268048540081458,0.19856855094890905,2.904500148351903,0.4579294478820392,0.6518545398946731,-0.6115486117309248,-1.371809522937847,1.198379302318398,2.1541290116590393,1.3653530477753137,0.9526726865476854,-0.966443182161199,0.7426472438049162,-0.9784210784167021,0.3088254592784196,-1.17175595258209,4.511850759861167,-0.8455675689645548,-0.22491857678134555,0.13411425029449953,-2.4272484621922223,-3.2878575839525856,1.0549867736861764,-1.1278425071715705,0.14735430354617973,-1.979346597154853,-3.0011631311606215,0.25583658040770324,-1.6330612640527677,-0.03304537540633745,1.0554265753087,0.08920109385130322,1.458772367348836,0.23479532030596453,-0.16367557009822167,0.051107488568532325,-0.1009124114838084,0.6725536472540041,-1.6148259680359103,1.69595418211533,0.7583087815355016,-1.642660462382703,-0.4719744670536385,1.6633342159026887,1.3649816333883404,-0.15062016508940537,1.3920869030895178,1.029497574216808,0.5479740970713018,1.201739126634742,1.7018990841783201,-0.3435082400921951,-0.14061581145898966,0.42918053607709333,-1.1055982964864086,-0.7875647881464329,-0.23253539215557978,-0.8451660930973859,0.0009724713644843399,0.2008644083344971,1.2493263536877575,0.8486191117583597,-0.422080285665812,-0.16289055824073145,-0.5034029390519942,-0.21000719093862869,-0.3403140017007557,1.7889458430697015e-13
01ADL0077,-359.8068993136374,160.27864171780266,31.866492337893355,6.301398866040321,46.67529233217666,-4.342390424860106,-28.69713636183078,13.385163041794415,13.25278958670667,7.098735825480515,-2.459757094427568,1.6207752899973487,3.3925184947967284,9.915890167499203,-0.233174141741702,3.6001984373275144,1.1688234494496026,4.800119386102655,-7.42665130483814,3.3023896779374926,9.128660813644462,-4.691057334352761,6.819608388174925,1.3356977976787805,-5.282462423750672,3.231897757454913,6.505854553795383,-3.201674788530155,1.7428344675287197,4.126189301556342,-3.9924840534310415,-5.684870646847524,-1.2300970469361636,-4.503803392996907,-0.6637409688018197,2.779211192978897,0.5933674468576864,7.197396958123569,-3.7369003585203076,2.3762191945969278,1.9159840288503927,-3.622024973056596,4.968955796231186,1.6277056235796785,-1.2610148864577368,-0.6798882326880354,-1.3982183206576246,-1.6271417324311979,0.5880511250014824,-4.468870563106135,1.3253371005815628,1.2157684850366857,-1.2718754737409184,-0.8837150451398046,0.7480100642846708,2.534995123777399,-3.39880612916665,1.918962876206148,-3.2858408019008327,2.5083187544812215,-1.9983740042286013,-0.8896911500302266,2.8535048871923365,-1.7266098087569863,-0.6472518979312073,0.7312384223571642,-0.04976646655485523,-1.4073553796515386,-0.38161529384420934,1.7370397647474947,-1.0220188308207792,-0.6264560022646599,0.4192622592383084,1.4987435205872246,-1.9471941030479847,1.6694737322721513,0.7043368929365978,-0.030799344048439876,-1.708954990215481,0.36832981630198514,2.712489624520979,-0.4719842473042092,0.023419297349282563,2.082218032350587,-2.925827822598752,2.420973673020336,2.6416760155556003,-2.4978202085086676,1.395033633422833,-1.7592829623187463,0.7535625187252631,-2.121460598063599,-1.5955207919549548,1.1217906248632614,-3.368985272186015,-2.9268554615173468,0.26569784943516184,-3.855404124268226,-1.6376595547155994,1.373166326589639,0.5939086738877989,1.4371267261018528,-0.8961514930215431,-2.020392348276037,-2.3965151959703697,0.8350594162263173,1.3885538603400287,-3.3319871299519317,-2.4138670752169626,-0.13303296927442634,0.6855205130889903,-0.3055934991373647,-2.6749133533545852,0.7663377940758761,-0.224983745276878,1.3999131739533885,-0.9732952238568436,-1.084850462467775,-0.39651241313978947,0.6021971389343312,0.7483218761329423,-1.178855069646424,-0.786702298395085,-2.350893280743352,0.6021589482348684,0.43133821636748726,0.20744317110017382,0.09258053048856153,0.7907895453169534,-1.715339177642562,-0.6715836192308813,-1.6018418471504503,0.2880900745719751,0.773821777788339,1.2696327545478974,-0.9995253896364427,-0.5252566815552214,-0.2924909686996783,0.4253016918475774,1.3879526572582737,0.05791684955836845,-0.25473322062095044,-1.3443895697696207,-0.1120757940116342,1.7889458430696783e-13
01ADL0080,-371.32187438416895,15.115727704968277,89.90433213491218,-2.5637411860924404,-47.17494678825889,17.424514701332082,-25.16715299057955,20.56291242736786,35.13334993548563,25.657150879298467,-4.774688951301788,-21.365437527251384,-16.886299895147843,13.840409398625907,2.9663959479535507,-14.489649757914218,5.65026583640087,4.436301784697856,-3.8228812188972703,6.244014982767452,6.655657953504366,-2.9910673754580346,-8.74088021439073,-4.994766535497247,-7.602889758878749,2.9311465980763236,-1.0768744373106707,-2.182097013461616,3.5956166151193973,-2.610255338478305,-4.843367389009659,-2.535278014072498,-2.6467631360114994,-7.477276682845799,-0.339421312672907,7.402453679788022,0.35181062651174444,-0.63869226596756,-0.230228744847551,1.0978779725302468,4.248456380284901,1.00509324005345,4.303683050988231,4.537244082945619,6.535898998900358,-3.2197087601084196,6.991385141192326,4.493286573306257,-1.376073934329305,-1.937206442606116,2.7983925192602683,2.546786115244259,5.136940765268886,-0.06155974520563489,-1.0121601324369833,1.0358079407101186,1.499144593175806,0.2606437130489518,4.790436399627702,-2.3347517843292462,0.829286939938496,-3.953504766625477,-0.44163190801939006,-2.2189916189241425,0.8743114845830096,-4.778633240261013,4.081772607492903,5.3735736078192256,0.817893366600415,-0.49082801757998656,1.923130859975483,2.074350059760493,-2.832769764022079,2.732325487480448,-1.3403026943320338,1.9019945090339176,-1.4732422715360658,0.6844020106887457,0.14253344806508758,4.441525606890103,-1.6823898585050914,2.2536764289917066,2.9755522383282833,1.7492205262090137,-2.930451183093369,-1.4578261797933658,1.3175388056442443,0.29288364948422946,2.0605116217368424,-2.1732714658557772,-0.4998460653865619,-0.24627156078801907,1.025607207586354,-2.4030001060299213,2.8306351020557385,1.2049182856105387,0.8823936798856136,-1.6320218356796932,0.9878123018640146,0.08763992448991863,0.6576857571756707,-1.3151323594890545,1.2489955230901866,0.5569380568948786,1.6603013708909677,0.5231513128211229,0.2857560646493829,1.2807923096998186,-0.12750959612467214,0.3207150645867667,0.414442305282825,0.6525495997566448,0.19914431750978978,0.6603672665151612,1.232479029077532,0.71475733602328,-0.45071768412981783,-0.7963543525028466,0.30945227464685254,-0.06471604424434663,1.02575284502866,-0.4328575079133864,-0.2202501948742216,0.7846896325948997,-0.4672524742640928,0.1863390155092241,1.074397427098053,0.31371803864052517,0.5962065777840156,0.3407868364111881,-0.0525304736754729,1.1676631976000722,0.3915048652652873,-1.4461397928960393,0.06977867622159083,-0.8908705577316333,-0.5452520208810013,0.05179296469287596,-0.31506426498544937,-0.11295827726778122,-0.4582631510540646,0.8255015736566371,0.5029993662028366,-0.1319973250872307,1.788945843069722e-13
01ADL0082,440.482285808081,-100.79521545544249,81.82239655283118,66.8240246062547,5.8777515601671455,-11.318093819445412,-18.021463425619928,29.332847508367944,-24.909883778915088,10.09363331804728,7.772305558508727,-3.829528358288639,14.595010878742267,15.977776857236035,-13.042025025434256,-5.959387966090303,9.361194509950238,3.651322609796514,-4.7482035790588935,8.328657953527374,3.7516727772609344,4.498030412578285,-6.137255337916463,0.2986870156726148,1.783817479446404,1.6650063758249938,5.00781852117479,2.965696436729189,-4.316434309598159,1.7529633421938418,-3.2027659002564315,-6.560048007600456,-2.103327418895266,-3.6074743417354145,0.17262881215704673,-2.3964787931156732,6.512599913152613,-5.2727939508571104,-4.018428777575383,-1.7403316417619221,11.9246042171198,3.3901021221560703,-5.049436402031431,3.1883392462698934,-2.1290724577147984,5.769641412843932,-8.442544152959638,1.8141197937124756,0.6683142931988203,0.22733890627187814,8.636596031543123,1.1154995309393232,-5.901838146693735,-3.3223167787008077,1.439470645890846,0.5637664048712608,3.0386736063155873,-0.21117299484729676,2.3772872432236287,-2.6534316680089627,0.7076702658542366,0.8079853468390475,3.842322180519282,1.558434431727302,-0.9358810567584082,-1.0792445735291796,-2.3225068661857953,-3.734292784671372,4.495600458565792,-2.2050918736021283,-4.031482350174854,0.3259419705725793,-4.476096570101564,-1.5548891354904935,0.9328542150734275,3.0754258894815196,0.09236290024091427,-3.1822654930761867,-4.169422186125468,0.26537111635644195,-0.4316550751384161,-1.5197791055049186,1.116369489600281,-2.5511272854818445,-1.2703821171422094,0.38095540715926185,1.0332319434094686,0.387887881266021,-0.9591434425186323,0.12357430434429884,-0.558552569112853,-0.4591956179296532,0.3009009579487345,0.3490089711712455,1.4993634530448758,0.5732442507600133,-0.37325440116098213,-0.35532363487173124,-1.521463414378051,-0.15845727951877508,-1.148570698241674,-0.12417380150508946,1.7364824604140874,1.2352161190955036,-0.38103939416883137,-1.813612335235034,-1.001919068542343,0.608514601765718,0.582908611947545,0.2705715773953852,0.07512372158171458,-0.1692612317017935,0.3386117309886964,-1.0157035326746873,-0.5781980244845417,-1.2914175677708948,-0.6843182668338907,-0.09357335269115147,-0.9304132462897073,-0.6796755006971718,-0.15043777712109688,0.34440092760046215,0.2625601628527402,-1.6175717611740463,-0.44851563122681076,-0.9927806082449485,-0.40666148244768224,-0.6300955437606214,-0.6873776069976605,-0.6368682188390136,0.45047943494599674,0.13057948699327837,0.059766864081089915,-0.5340366566245548,0.5385137467516541,-0.1322635978113822,0.3204802918351509,0.38084874941537405,0.47418786768930316,-0.20359550251463088,-0.03709273510941861,-0.12930683598381817,0.2615334776521677,0.33086560278440263,1.788945843069652e-13
01ADL0083,-357.4477545742205,89.47575718475385,-24.717610124189072,63.90470059978163,18.111411724637943,-9.733473329777356,-21.91618869032504,35.17428068151273,6.703083886581715,-1.4236671309790732,-18.2417785507872,-4.022951465370098,-5.150738127880607,-1.0673595209065427,9.214845464940904,-18.133647868649074,9.902748522177664,8.485158495385424,9.33534126224985,-4.982458500303406,-4.014284848475292,3.0029016771136208,-4.414321133239443,8.97887539587058,3.253632458606754,-0.3678224569954498,2.4752147694998516,0.8552209152856155,-0.7375044795559097,1.0770004878503732,-8.838002175138412,-2.8845860956353153,-1.069570025614983,0.4227933605100653,-0.5378509840829727,-5.098250640407796,-1.1283220048190654,8.472825552672386,1.3612356661776135,-1.6751152667196236,-1.0344891994533136,2.567575327129342,1.3905126315463676,2.3068860940730964,2.8226334503335884,-2.7445924710022744,-3.6445769462661124,-0.42584912936721353,1.3611370329371208,-5.153950530579023,-3.253017834111008,-0.7748660009986287,2.2535230657634004,0.6419869586689843,-1.8132092051691755,-0.7095232184563715,0.043518887545392695,3.6844252612057957,2.628314429701398,0.7266478453487033,-1.2806260316391676,-0.16921536249608202,5.101810127239171,0.4536840796804928,-0.796601489400737,2.0191432102402143,-3.466470896445325,1.7125386938098959,0.6521653837650259,-2.575160170219354,-0.2083682715913706,0.7747521041075457,0.11118021731190195,-0.4011530840261856,-0.9978409982038827,0.1430499137967289,-0.9615191472744731,-1.523379356498424,2.110243955670584,-1.2143357247330993,3.2727128945937682,0.21084365971275362,0.6764598969838799,-0.18051450984746398,-0.30793430154858176,1.6871044143848248,-3.077001730768643,0.14747712695552045,-0.5671592997012099,0.26326360284963374,0.6556015255624891,0.5276764851299052,-0.363921838380569,-0.11239115260778348,-0.2588392697271631,-0.11283098434386071,2.0211947435987447,0.6799295276150814,1.4923225900211792,2.2032498746657487,-0.735406221402732,-2.1578274310101433,-0.6518442543463921,-2.315957712202523,1.0945215464386298,0.8217352125625553,-0.04429561062978793,-0.3378350174377194,3.474125910509622,0.23683625951792042,1.24180679367621,2.6059646518549537,2.2443364549606764,-1.5276422617101184,0.5714818101731063,-0.7107305757511075,1.8377883930662446,-0.8814539060976332,-1.695956880313347,1.6515821989114565,0.45536572417376076,-2.472398479831986,0.9640754917406207,0.6090613049088105,1.9986122599904848,-0.5099363472685009,-1.9308937985614962,-0.13935462900184958,-0.3288746791560103,0.11635818727922431,1.1178800905303914,0.3259972274641035,0.9223071950634535,-1.4439419365052386,-0.5205837236278109,0.9741631465671741,-0.6868413011291535,-1.2484963873461445,1.897262674197514,-1.3305961428979831,0.34674992864775583,-0.7735908147237082,-0.777598351941327,-0.382189726954894,1.7889458430697008e-13
01ADL0085,-341.76007682293067,170.73335991101948,86.7612567860997,19.898957287756613,-6.538687039281619,25.73886764248834,-36.0207444413825,-33.32025242659554,-53.3341702039489,30.142561405243903,-12.000301724754612,-10.545971775238003,-1.0565685444885538,-9.804758293256054,9.996306160325103,-17.57380648857104,4.949327201414769,-5.413625537592636,8.376909086627423,-1.6824078021318238,3.7757283538316755,-5.560634124657896,-5.526446093313982,6.235910490723989,3.3155039839326967,-2.467774630396042,-3.195528220941278,1.105919187623822,-2.2835491111503594,-12.194024182057273,-6.50058470413021,4.562631374424079,-5.858588454024046,8.028240534160478,3.1983610999707994,5.420546392199638,1.2726023648665563,0.6866801530632314,-2.631403973593538,1.0605977645410691,-5.056566823935359,-0.9563066773370752,-1.7954662424509868,0.2849093474437096,-2.802202451179866,-0.8663189983767275,-0.4305430769981595,2.707314479317215,0.12633416137791686,3.2062935624693667,2.259016106204281,0.005362150436771478,-1.5959535138958323,-3.917713740065806,2.0276238463807297,3.174070423474404,-1.1896949533641885,2.4880793318626533,-0.8943867563987672,-1.3580659341250214,2.2428216865924755,7.765626603797488,0.5162669144455989,-2.706321790065761,3.5743909651439782,0.485609562795303,2.417883533139099,-1.7895871243609132,3.923233588888484,-0.5633064718768285,-0.7075097405115491,1.5164932619480838,3.239225162294252,-1.3213031861078164,0.1611830976012075,0.7135630557928662,-0.28938290482324663,0.47881135727460705,3.0947402550380922,-0.4881137638822143,-1.3153077557595747,-0.6629758320285651,0.9253864771372745,0.6423443047620181,1.1427417322554274,1.1182878495483581,2.1038356897840482,-1.8755165221824317,-0.4228779821763254,1.4942083856985457,-1.4969956559982578,0.8563653242754692,-0.1489307033449609,-0.9143480016221431,-0.42684582738217397,1.1361887781662694,-0.25247521308831217,-1.5974314683060797,-1.3002436671271829,-2.430778089066908,1.012617092969451,-3.6471115422600087,-1.1128356163458812,0.7371001156836258,0.3659391204513779,-1.1888149033855653,-0.4471646695871915,-1.4333137709647565,-0.20143374500892933,0.7138844621442904,-0.7065499982458223,0.6721215731555811,0.0630111939179644,0.9592176031289285,0.44101033762389935,-0.9243640100104179,0.18966615645969326,-0.25050742654877245,0.5320529371014383,1.1205174671651976,-0.63533406337787,0.3492192189126354,0.9035869086534626,-0.22941327258342523,1.417123292270009,0.7666321127157083,-0.21287514208430244,0.3799870726959695,-1.4704248045277286,0.4749699756392632,-1.5750878152695804,0.322954479050532,1.1368092620619032,0.015487564530919302,-0.35963215289121947,0.1702613749942354,-0.9493359955331447,0.5383381615875743,-0.676887791196404,2.0241157025789973,1.820384050935982,0.0051034458358402085,0.37227608547784585,0.6099935989145101,1.7889458430696256e-13
01ADL0087,451.6014169670884,0.020277898357400355,20.041918775912862,4.1839244098569335,-18.619809204861355,-8.251163980981625,-3.079013335788802,-24.506459523851962,-10.736885210562084,39.481300490391924,-6.079629882341853,-2.548419245258742,-20.482833176942062,-8.258608643997144,-12.418622177625176,0.012952927446586352,-0.21467555737420918,12.776791458660316,-5.995043014536036,3.54045892703402,-1.275252490574783,5.0329102591473305,-17.74062176592308,3.0828597008947574,5.635585309545818,9.341923824095788,-4.7205710714746605,12.22648055644653,-3.3014663872258927,7.645861015880298,-0.2826008527160115,-3.8631778214812464,-1.381193755393123,2.1347419425269125,-1.1981182457761956,-7.987188770286407,-0.48395487987641916,-0.2667760371133207,5.704812081125953,0.5993608151637974,0.556447741520456,-3.707871500418362,-0.6135097396362074,1.4533088068182605,-4.959364608868723,-1.0886647622956813,2.6180617150887366,-0.2787271366207698,-1.164547756527148,-0.8703143007606204,-3.0419977376462084,-1.4553326327852538,2.22247615172134,3.321091937220554,-1.7284513516910702,0.7801565805122918,0.5119773316940905,-1.4665111950290795,-1.6741568261320448,-1.1452158385545694,1.654763966644945,0.7697693242749307,-1.952121740740717,-2.0059120803314143,-1.9230849552156104,1.1474481764553757,1.5762363958864793,-0.1026081025456209,2.0886876670916763,2.2290349379645176,3.2689887623371563,-3.7949764408950672,0.6473071501381465,-0.4438753279182618,-4.859361845640859,-0.24543257156389048,-3.8634709772347917,-1.567637798457981,0.32349488999228687,-2.6189610004493136,-0.9840054667146403,-2.3317935732540644,2.0910601810049374,0.7838273032563396,-1.3074893843729825,0.767893097920853,-0.22690128735318368,-1.8305562362020478,-0.4631438542367163,0.7861266958112068,-0.923669532209867,-1.0767355585224807,-1.016639882125927,0.6672732152175858,-0.059006358161359324,1.3839494411626938,1.2390879199152902,-0.3482879297621904,-1.168311996117485,2.6765112258890533,-0.3219510418228854,1.8179798016674145,-0.5332958935388908,0.8642285528723792,0.5960430013984912,-1.4123703466548791,-0.7366203613691954,2.167629109851578,0.08849086403936693,1.1427456301045846,-0.5167712096525916,-1.0617885406707883,-0.814308019404688,3.634957405526335,-0.22478644849735735,-0.46916972775262095,0.22582345890549238,0.673983545008091,-1.714433104422956,0.8104010625812264,-0.9999828962699148,-1.1326744048552722,-1.3421725992440472,0.20058772261520758,-1.4886971373450326,-1.8247086837908943,-0.6887205840544796,0.9270868399158914,0.7412413873642346,-0.32538527883307544,-1.3081099424940312,-1.379821823054118,1.2473386850777093,-0.0989961632511359,0.6782448306015655,-0.4440725218712731,0.15592475615665655,-0.17488446189331416,-0.466992140024601,-1.687637409093866,1.8682706528002986,0.6327362313153551,0.3054393634354794,0.5604479345328394,1.7889458430697015e-13
01ADL0088,-422.0237840852214,-132.8015446076376,-15.353527889899176,4.961054542505321,-52.34409354636272,35.39400399614451,3.4621200445792795,12.335723667778417,44.47356924760007,-16.333323536992243,20.01834046419122,-22.91985909335142,-2.2425556974299674,14.23998181262853,1.4830973135112258,-7.399375494318042,7.446649612693349,9.136847232504625,17.672996872349007,2.852037295570439,-12.490228985660778,-3.82590702294914,-2.124976068530068,-4.052773050915129,-5.669241112012272,-4.328320164187964,-2.6533469409914274,-5.809422539649878,-3.5883355051602908,-2.937418267285409,0.007121518677711478,-9.515100090972375,-6.723429360999656,-0.13973490133152647,-1.6462841005054394,-9.200583625913334,4.789250009593417,-1.3772377247812548,-3.769178826013767,4.967535106017035,-3.756764024609739,6.987296817456662,1.5845819157783647,0.43120049908990166,-0.5411251230870988,-6.826691757511767,0.7830610931379344,3.7292802810635894,0.12502117645276628,-0.7501148909194444,-1.6339597267328483,-0.16114127963407351,-2.224871254492112,0.24180640579266263,-1.5882807471080258,2.0072016189411093,-0.5069527229295592,1.158472912639944,-5.420572770962036,-0.9320716135888704,1.1285125403258816,0.2944132277878941,-2.1757238411013895,-4.746527684088922,-3.8757777530071547,-0.7051665712111393,0.4875840980792894,-2.6825558551762834,0.07988298773510966,1.4595582056583634,-0.35515567623985933,5.2395225312511124,1.0645220592273485,-1.7376083948402752,-2.803865506250808,-0.5961467521519958,-2.1145108916483992,1.5407618396966636,-0.736682033178516,2.623815191125373,0.24853525578321536,-2.3154815012102454,-0.8450819662937782,-1.5947277190230398,0.9659024861145827,-0.4096405546588652,0.8910539628866443,-1.9466960123328902,-0.29578791920516273,2.2329331038815057,-3.5268549944379184,-0.20897911341813435,1.1949154586780788,-0.1954082068457105,0.4338355672942955,-0.11610616581772192,-1.6486817280760728,3.7443847279394125,0.8161499800551869,0.4255190853811526,-1.482783088246872,0.13405665932840743,-0.2684875650320175,-1.636822085220191,-0.5196132299874155,1.6458777151838317,0.7303482116989474,1.910988648390215,0.000313546384713333,-0.9542577532514522,1.492822429725027,-1.0763340090928235,-0.745932515565064,-0.07574577328546989,-0.7586552112620285,1.2133526194293907,0.6568073805131046,-0.10772953961045575,-0.5627072401123528,-0.34841388341399787,-1.345950217903728,0.8951611343584279,0.6762957236737056,-2.0337637351623274,0.28447438290172844,0.7745730734490198,0.09706869760894436,-0.488515187000049,-0.007263858240066478,-0.9326777715300764,0.12128312357882153,-0.5782730117267189,-0.8388052105066587,0.3102675935255401,0.809475395715594,0.9512582206328666,-0.8727228094162228,0.7176506123329869,-0.19679090856089518,0.24601344772766656,0.14563232928506953,0.2667855366108844,-0.5451297501205512,-0.2648433647726338,1.7889458430697202e-13
01ADL0092,-398.9024062038231,10.086303683686419,65.03438361665984,6.730976406724788,-74.13275357001893,24.063444638378268,5.576470094195498,-26.645519466377927,-13.68954926712663,-3.3878295734039314,8.762783061816648,6.241302295194564,-4.736725206601715,-6.340995946913896,0.8257996068437801,3.209880233279226,-0.21255644079516012,-6.851939663868976,3.6986956958650583,-11.419645778571251,-1.2998998878759516,-3.1135554143114748,-1.6971158036075151,2.5072581212709117,-7.945519853601017,-5.502695724547194,0.370489036790155,11.355844480753781,-4.0099470737309995,-1.5792494845641214,6.353996953037053,-8.659561078067423,-1.828761391497945,-6.412121004541476,3.5433226104919253,-8.757252143483171,0.8701899935440041,-0.9618931195046487,12.42661742252525,-2.171800675688035,-0.6768198105279343,6.3338703962350085,-4.788358014811735,-4.381747253628354,-8.76826897612396,-4.02059417012747,1.126940949319629,0.12871516912440067,6.122571064729785,-2.9652117237436846,0.12440260372430871,-0.614626521617871,-0.8359770094216714,-2.8665445942303833,1.4827908826352092,-1.0367502199189913,-3.5165777765069377,3.6055572123759627,7.124932499615503,3.423700475701734,-0.5299568094042437,-2.311681894306402,0.5287923956052243,1.9300273684147473,-0.9668551560751485,-3.3538338047905936,-3.1332998961201453,0.5400448112351182,-3.635582314963005,-1.0551657952835996,4.5830696732296765,-0.8869458353524232,0.2816221691615734,-1.6296650505314594,2.322752544124285,-0.07729016210140836,3.137048235966708,1.6556226563858585,1.1625161233020587,-0.9262746972371042,1.2372022462203707,-0.3468173559579421,0.2565192821983296,0.9588144692458812,-1.0574700439485245,-0.342767323157701,3.2438305675833043,0.9540859628174675,1.6385625003876183,0.01938975090167611,0.7362852780962109,-0.4659083621508152,-0.54313527962715,-1.8393748667446361,-0.603354411270996,-0.9580254999301846,0.7338498834049951,-1.0587501317657846,-0.17476179949969556,-2.7673697703873357,-2.1581405546129737,-1.0008241841325192,1.09375201045549,0.7003445370299829,0.4362747380998335,0.8368552513754735,-0.7086461739175033,-0.7082650266500692,-0.7721974611942155,1.4308635874648443,0.5428437326517748,-1.4373319658921455,0.6651414839344395,0.7430822474699309,-0.4687522251453375,0.09910456389587213,-0.7631391851463232,-1.127944047410702,-1.5294947612218706,0.15428185047026358,0.949169384033206,0.6237576076434279,0.7752796742358351,-0.48493300020435876,-0.8146482305754529,-0.4102511598372593,0.19735481433946214,-0.34153278040079005,-0.5025698847561271,0.5629697799409077,-0.46652401993398085,-0.6102840638082551,-0.35425769157367776,0.10453235129597731,-0.0017094599507254953,-0.5169951149270263,-0.21397650404230978,-0.47318144899041886,0.2750445117820288,0.3643719690933002,0.028415920564004882,-0.3978248209153717,-0.49541324739057685,0.3722649551425934,1.7889458430696331e-13
01ADL0094,418.5181266675098,94.20688982230861,36.86742499728706,-57.93816684018262,30.497306819081626,-25.792328319313143,-6.370419651275919,-18.172642374324134,9.974267030668651,33.38751337216148,32.03621643375662,2.9640298522788826,-1.6336223505957435,12.294717062033097,1.8381775937558555,0.08792437533359972,6.482784115891357,-2.0428050993644207,-8.951782448895266,-0.9215407053005787,-12.410598820328252,-4.934560710673353,12.194083300849554,-3.4804229291772906,5.741860282735039,-3.3606092001895482,-7.042454658616241,-12.262139979337373,-8.428574729402941,-3.7089139497102686,4.551004114085854,-10.85540722196617,0.11781653491800989,9.82003024463431,-2.00898298221575,10.677324313027512,6.782659046542454,-0.6220151929617638,-0.7082829657884956,-1.5509338843341667,1.5189907997123986,-3.832777893868866,5.05429883738979,-0.31289137970070435,-0.199090222027131,-2.948801341294111,3.1119502174082996,1.9509466107293278,-1.663294412863465,-2.569466084002677,4.933227011519437,7.248832340758542,-1.0506016884466454,0.8426468574734872,1.1066196482001978,-4.517146092482051,1.5124550184543635,0.37786418829350255,3.7486356170984467,0.23697123629635086,-0.45609088981495005,-0.56471986356054,2.233166157695386,3.027747053766739,3.5872009198254386,1.6869146921665514,-1.5966798737970755,0.741758661476063,-3.1741179165396045,-0.4701894405856113,0.5164095957367564,-1.1049345506307502,0.4107636312506027,-2.387237704393331,-1.9785731181192199,-0.39206903918759667,0.5439565000955359,3.52292390870137,-1.7263662310080423,-1.3265545425932743,3.2510209156542045,-2.667561698159158,-0.6805140227915755,-1.217181033866809,3.004366749063321,-0.067886301474381,-0.3965501411696741,-0.045769894945049065,0.09703526078110473,-2.27098417597911,0.1354671903979121,0.6100350638667007,-1.5465191425871816,-0.09862970825806579,-0.5332879478462004,0.6087648861470594,0.7355020751383967,1.1245563481057477,-1.0148513406801947,0.07394112136348863,1.2086305552022776,-0.16547794083374598,-0.3411892884845578,-0.5764963150079374,-0.06841990666096914,0.5010148809934687,-1.463790939279959,2.8215658493376417,1.0905878393871469,2.3450460916522275,-1.1810140854679303,-1.0672413463583441,1.2054739936414356,2.5738093792693952,0.33384964140279116,0.3106095110033857,1.138565780508836,-0.7490586107593391,-0.6325430749067948,0.4766240202491989,-0.6376252501213784,-0.38458822687783856,0.6609351137085748,-1.0655296717708593,0.18493764456456185,-0.1870673210547176,0.21250019626240418,0.0521395076769763,-0.21532542875744082,-0.8646209445406008,0.7535451102901799,-0.4805436722390656,-0.3433038294334802,-0.15728134824214002,-0.7203670218736556,0.3800352383144519,-0.46076758392246153,-0.42887988254124637,-0.31752233146725706,-0.36907485416477787,-0.24026744696464739,0.10024347805823254,0.34375169837746516,0.2574775824818913,1.7889458430696617e-13
01ADL0095,407.4100959625679,107.80743478346452,-56.61384211451737,52.94582270824372,11.807470141951322,14.271788302573192,-21.22329437394052,-0.3470995471469574,-0.07761811865386661,-39.68358386703821,20.470104324154764,16.75189276807896,0.8266287753376583,14.923317641066383,-27.759850797946218,5.3743385869461076,13.886602819456293,16.90943361869962,-11.732872472390483,-1.1453315082548379,3.0023302398570118,-0.47838507948725234,-5.973879986589331,7.671459262537146,-2.6374080489250744,5.836084821299914,-5.7093070600405715,-2.732645023352124,-2.723695640830175,-1.799408789145971,0.4587036453867949,3.8368032191147683,-10.545953979215895,2.5669480073093736,1.5954839540090495,-3.2205812573460006,2.1065250703205782,10.667763065060091,1.5821776262134,-1.121291564621588,-2.40306891616146,-1.7582549868492277,1.3489803968603296,-4.606381613311266,-4.4713462463672204,1.6864533267675215,-3.407822887848368,7.7593940637266625,3.5116675571586957,1.7588781076653965,-1.4693537231723497,-4.092620039535414,-4.856166067958851,-1.893574725517535,-1.6399926082865448,-2.2327427416830656,7.084338898423919,-2.179318158766035,-2.7584654350285236,1.2749210246494282,1.0460227210728565,-1.3414131062655872,0.4094815424687722,-2.071284016864467,2.9479438875883615,2.28375154926033,2.0576723506346566,4.081448028806269,-1.6309940028015621,4.158806147596475,-2.669310274988779,0.442597562433739,1.3119182721705993,1.1399638586971457,2.590603824699229,-4.095226313066151,1.5849507443072035,0.36838589957128914,-2.3726815745334466,1.0472700920527371,-1.1370071530280028,1.315162245729637,1.876976548479519,0.17871280086352082,0.8522176569966237,0.7602834527396332,0.9661786119180845,1.1078710071717743,4.253747324016413,-0.32251140849095145,-0.047061528505013786,2.7871657109428436,0.17148776069597088,-1.2861266915105096,1.1181687032677161,0.8558085463508528,-0.9441585231568097,-2.386099434257533,0.08738387038368915,-0.09181364593068832,0.4705464033554609,-0.0056395147759936695,0.3367741146986692,0.4643835578568161,1.5521834795771188,2.1629394558345987,-0.2669683285934019,0.12584162073444755,0.719284472660457,-0.4848176106153387,1.3885003777721285,-0.6288518141963477,0.19075571830079657,0.9492657181489929,0.6219709100896738,-0.6821397279428719,0.39633385174546837,-0.7780220061619162,-0.23121454853088627,0.09501194480069221,0.26453918498008006,-0.21891876315002526,0.12017824187126273,-0.04598884331342803,0.20293859193797795,-0.4348887852309809,0.27882583123435356,-0.20590107769026078,-0.40695484928545994,-0.15330048119185577,0.6701521137062988,0.14000221284248993,-0.36566394625040366,1.0387478333744837,-0.21870396796357577,-0.13526040427789046,1.0877665587997098,-0.03524261037834083,-0.007769553979303114,-0.5605758219192759,-0.327650857283963,0.042749469355728716,0.3671548511121476,-0.07536114232409817,1.7889458430696788e-13
01ADL0104,426.2982636891374,-59.372330424451484,-38.93900792134573,-24.64396522901215,11.419440656723685,-4.45931770526518,15.93313395830814,-5.6349189809062,-8.349182629350649,14.551576950004371,8.534841149999142,-20.29248219368231,-17.542949571841202,-1.7817165782349338,-12.658791041817226,0.7498967821014888,11.227789108226757,3.3374785596886634,-2.0405166051020878,6.3290379570967,1.9961521097934056,1.9856040039794485,-3.4732055240805466,-0.7088080533293732,-7.424501291149046,-13.493547607940762,-4.919321931590166,-1.6167925535785368,3.242849691715919,8.393303052703487,5.486545251183456,-4.685448993927824,-2.4532138768346585,6.725748806655625,-3.1772219946063465,-2.231584361525505,-1.757010568308596,-2.8803776708260784,1.4985173320636438,3.71739949233649,-3.135012755688139,-3.5555113075197844,5.505061421770492,-0.8840676457640606,-6.514311367102465,-3.025542280928444,-5.787321995285614,4.009601773632942,-3.81744505550377,5.026009915967962,3.76834435776499,1.8352909010946905,6.021422450819402,0.5389682695975617,0.9465371986520154,-1.844784797997108,3.864893360120119,2.9102467812516855,0.3916110004205352,5.150207786570709,0.9769235795376883,-0.25601295558616555,1.539478715645546,2.8709524027317284,0.9101334811267199,2.8246303844023735,-0.8225243467730325,0.11137233733047827,-0.7653237604512215,-3.9629195942039592,-0.4964227196971658,1.856021367389742,-2.4049817602026313,0.5193501836480973,-0.15480367558875455,0.10160550458428778,-3.2437390094498255,0.1770169964582781,3.159388311295763,-1.064965830685309,-2.3752302034456596,2.252597179099377,-2.3376810937714505,2.6720633652550716,-0.6341282239640291,1.5397633889499909,-2.776794223309274,0.31768524970325085,-0.09890418464842529,-0.27340242462853404,-1.9924729851172902,-1.6735307061077342,1.5907514175913524,-0.27594745813986993,2.1427718700338785,-3.569880210565056,-0.769139973644474,-2.747591836951457,3.093946209624323,-0.4410748201835841,0.7577916888785949,-2.283994891310302,-0.23798316370199762,-0.12930399968921938,-0.4524346965208198,-2.8824318920065295,-0.9060537029991662,-0.3100412869860683,-0.3429886032476668,-0.985580799429212,0.5031569210100126,0.5104554065412934,-1.009476564924304,-1.229886281898716,-0.13831755626027858,0.5833705314671624,-1.2621195616644898,-0.428480436967607,-0.20348888652235347,-0.051697035832051645,0.5586465713006301,1.5664586754179854,-1.008993841838901,-0.17262796893381793,-0.5794075549108662,-0.6968557365084941,-0.9480449820603062,0.7135060068536299,-0.6121934608303973,-0.2244408765208143,-0.30201982958999024,-0.31221528860355924,-0.29957518868280025,1.21355465679567,0.746491849617551,0.2539969083478566,-0.44930726046974856,-0.23639170003248824,0.46522866691505094,0.29037148719523265,-0.3301637338741925,-0.6716718401559502,0.08326617790534413,-0.3168916023316338,1.788945843069636e-13
01ADL0107,416.2400629104512,109.70364929398403,39.53453227306992,-9.394486837655524,6.246286804068149,18.513490494320187,-7.253019875020264,-3.2810490792525213,-12.009345716946692,-11.360023674240836,0.8687473195788126,1.8991440879035912,-1.1855776677634497,1.194958659690067,3.724460323619926,12.934303627035192,9.495727795191431,8.718271489517765,-3.2107675087463923,-14.081135337087701,-12.25138904195526,0.40299911426993107,2.8482707672482004,3.4781195643646217,-3.5439703524981505,2.97508779079189,-5.153728866302885,-4.258799059254931,0.8768128482900274,-1.5760778467548615,-1.602789564163416,0.2786703646125524,-3.842918767257074,-2.6035857858125926,3.034026303705962,2.627075606082754,-4.023535812415613,3.6563669158485483,-0.32907662359542383,3.9282118527521144,-2.0185778594129937,-1.7110573824206807,1.7191094623908827,-0.42519234458509075,0.6905980141318785,0.40721284649294226,0.5874875724539939,0.01650324034590883,-0.9926830222901311,-0.9349549605841692,0.684364386601631,-1.7156331304268466,-0.852837610462505,3.2687428803073977,-5.818513198890189,-0.7133055835475922,-3.151943619876875,1.4210977737633745,3.0416980018298054,3.760870951925273,1.8342764694382934,0.6857005286039043,-0.3960754132803581,2.1161150986428554,-2.165739663472123,1.340679548776707,-0.07618751177945453,-1.4241480678853138,-2.5355397965057676,-2.872101353565157,-1.9670728627982685,1.8583376404762217,-1.3032639040067548,0.3898757364734264,0.5737832702295168,-0.06967747474497632,-2.1028544174584614,-2.041015786365647,1.3323203637419538,-0.17960758011828937,-0.32959450033919013,1.4019796172267507,0.7551363966851746,0.598330816608389,-0.8670087749798958,-2.293467500847427,-1.7029777703850615,-1.43978523599749,0.600595440547271,1.1754419281339938,-0.5615175725681015,1.3341584613833453,-1.601720683408119,0.14885072989361753,-0.6511962197208386,2.864403846130785,-0.347007790500635,0.31967899683927853,-1.4773825524170785,0.042323617310534266,1.2463459437792688,2.2958608424746494,1.87407696060514,-0.5635280922469644,-2.100442280756015,-0.19284183083751671,-1.0885856296264094,-0.04541587605794263,-1.1309287581183003,1.9449261994557485,0.5812367533373916,0.9889266582157721,1.0376576290261808,-0.9317806227702315,-1.0221577271106472,-3.356896798576051,-1.7832307051917202,1.8522773102144237,-0.8264994928470973,-1.9023111001675785,-1.7808929467814218,-0.038556990205569366,2.3641900059811003,1.9374322594673263,-1.2872351229940984,-1.1739577823242788,0.8105605199375902,-0.9433877833168989,0.909869455557011,0.5876580173580505,0.4558739190274936,-0.7410981321433593,0.49007013635554575,-0.8117522849506177,3.1915058534016945,0.02330556498703508,-1.4427855294046326,1.2868721748578957,0.8421428961578643,2.232816815434822,-0.5755665146648898,1.2112090867906031,0.5047468995949665,-0.7005206517960778,1.7889458430696766e-13
01ADL0114,413.2156633181785,3.4427822179322582,39.009173685000064,41.0111889505937,0.3050187964587373,3.1168305811023393,-4.166044730878324,-4.349421724186224,-18.912771337790026,-25.671067400567875,11.285471139230474,-19.27456965761101,-5.409250694294596,-3.2860651021688123,-8.592350350667177,-1.9426318602120187,3.4302373802232533,10.408756481924122,-3.803232083508824,0.4910017193098292,0.7105645950880151,7.55520422693076,4.840227722368348,4.11067679950918,1.3995338051280168,-3.959610257971011,-3.782285462456835,-4.395370373410647,-1.7400569798969325,2.7847427948996053,4.51765947989827,-3.307651326094013,-0.04514206119876414,1.2888321955423538,-0.5113974857690659,3.438861648173682,-5.42637611043921,-5.801604400515158,5.122173511867751,2.654416395912843,-2.3990820548876837,-4.506357435007379,-2.6243236892050974,3.4864792976590167,-0.13418029703014142,-1.1927155661492088,-1.3753671175575146,0.07876064657892039,1.3675963135748153,1.2476753195384678,-0.03079252554162911,1.7422206947155416,0.6940485977767624,1.3857369439645153,-5.825850565006499,-1.5868167562789715,1.6318624790851277,1.855178148238482,1.5898580215008677,-4.334378886997413,-1.3257662863556248,-0.5778940279543936,-0.2679053976362406,1.4755080605559885,-0.4019645361822196,-2.4778432531154024,1.8726113174478785,-0.9300062635462215,0.2456109859901533,-0.2636279556212651,0.6453491378236601,2.756586160611269,-0.7285560097945101,3.8033349258010447,-2.7148086439962915,-0.6826537261889718,-1.1670274779476573,-1.766743232563084,-0.23225380002833917,-1.4385739850554198,0.880717474538434,-0.16382399904188785,-3.4187120992431,1.665009457363437,-0.8164267604106277,0.23459245835968248,0.12384649590884685,-0.30121358476198323,0.8965581015024676,-2.697400462051134,0.3169608629172386,1.0439339389702729,1.1116634529841487,-1.4003185654008994,-2.266722507712855,-0.46112363660871825,0.19155486070657873,1.974411268386682,-2.210816641739741,-0.0697259167258491,-1.5067952097252963,0.2838204290923952,0.46024568333032717,2.1811022740928,0.8501163903676657,0.47887495828421517,0.6563126750371826,-1.647480235918406,-1.4841242614362402,-0.6241300249863363,1.3435903452383882,-1.6552238843864335,-1.08268194931959,-1.8481956467500298,0.48298840429121,0.41332617040241376,2.637403097779459,2.223894947146049,0.9910058685746569,1.0185007936444477,1.2214428335773242,-1.1744113961337284,1.0815164815555567,-1.6933355972997555,1.1771685931348848,-0.5696157963842473,-1.0746645020938828,-2.013314604829609,1.5621570933266447,2.4021512574215116,1.193429633853113,-0.5242359914575077,1.0128728982544455,-0.5748944252110114,-2.14637190338392,0.7040518263034059,2.2135367842315836,0.2749052727249876,-0.9118317307885315,1.9081607921249637,1.3973123522677355,0.3334612942606215,-0.43141241954669046,0.6648503832419925,1.788945843069712e-13
01ADL0115,423.1481616870687,-171.69769312766212,23.43743212018386,-15.087495689907835,21.754606678827606,-16.05541401309822,4.437510278999809,12.967852662021219,-20.854614424851103,-6.145792714712933,7.661296184570093,-0.1511003897518114,4.892005524735376,0.010189744288656552,10.778396103077025,-12.22087758809106,-3.4087560508318018,-4.080400048826879,-12.394837402804312,-1.8626596531858977,-3.7077023340480446,-1.8930669977110568,2.805677891670066,-12.006591624397299,-0.9805926155615619,-0.014158101766119048,-1.4773285989177054,-4.442718970380563,-1.4034543678686855,2.3861741607961844,3.3162303030065714,-3.138939159724338,-2.6450441025429607,0.9323871735919371,-3.7172537151778586,0.3686968175969409,0.5956623797352231,1.9683963580900994,2.40994431243643,-0.12733833646611628,-1.1821115895835153,4.6802019032476,0.7710078373564372,0.596937575278867,-2.870935166963914,-0.9158979353012399,2.381218924866975,2.431177843820249,-0.6592911839507918,-4.016281141993159,1.494603796739113,-4.475987517757639,-0.5631348019137293,1.9678227356880498,0.7251240892173544,-2.8535117560112346,-0.6339331288985797,-0.9472387351302959,-0.1597037682419988,2.173474073588197,-0.8222560978297173,4.225934069786545,0.2493397230195241,-1.361168068575803,-2.479928128467819,-0.3067569622039529,0.22737486716254665,-1.5357158739416183,1.528296516338653,3.7833426610318157,0.4121489946898115,1.1878318382976834,-0.8950143936874845,-1.3813594895364283,-0.3574865226345728,0.18660718390027548,-0.3066370118545392,-0.6994987702408885,3.3015996743173615,-2.090705521866678,1.1969846810562552,-0.9553030096850266,1.2309207049216357,-0.501460963598597,-0.248609778169289,1.0230307299486128,0.2793410789751371,1.0913927306781175,-0.963678409702327,2.295502163066042,1.057386090115532,2.5031644178611057,-1.9067508174411032,-0.4950739307936588,0.21791862628664396,1.8542068969997516,1.9044360564711076,0.03415443115064355,0.438180696680448,1.8594996472714975,-0.7252742895925877,-1.4115025224437472,-0.1538551889992636,-2.2655672757634857,0.017901042543669806,-0.6912382323518066,-1.2659266174727264,-1.1374806062636187,-1.580840020402521,0.6610210284313892,1.0667142016629187,0.8492083389480682,0.7737490257334915,-0.8696596441571045,1.5536436271820593,0.07471677574248492,-2.410951540317808,0.034310109934471596,0.3698963687710122,-1.0248680235867713,0.9146317021276835,0.3354439424651733,-0.4638534423530453,-0.8391830425318856,1.2673891658730818,-0.07502019628664387,-0.4321294777458768,1.9318652203169202,1.400454482467952,-0.4774307378448395,-0.5294486304175822,2.989837393079594,2.817969182980259,1.167244666021935,-1.20608748984833,-1.5928389856757654,2.9642968376428667,-0.014139114791275853,-1.485169546223689,0.7112627106063587,-2.067629049631802,1.4191904630753036,-0.5502790366894189,-1.1719734899833623,1.7889458430697076e-13
01ADL0116,420.0006616902464,-86.6442950609308,34.397761995375056,45.36068300699588,-1.9676010840329565,-25.565116631916695,2.3815494785483877,-27.000702540981976,-12.107307267258015,-1.0789665838172393,7.24452158439726,-9.230181076245927,-5.850800968595102,0.22990901612973674,-6.169165146706567,7.163889654256156,6.001261195828685,16.56971448620621,-14.607067732819262,5.359117929656079,-10.728322975353455,2.051064902962279,-0.5579337728136432,-6.558460754112075,8.627433326098163,-1.9575277607570523,3.0784018029981715,0.8369246698006038,-5.754045421328335,-2.3242995815059593,-2.2124998544882186,5.27945047657484,-0.7841548529122359,-8.046576313716502,-0.5491407414311961,4.905314179006404,0.8079217195094475,6.091119978348431,1.9618358661597406,-2.5785108798962977,-0.03474095839699374,-1.0176318405259566,-0.691591394618853,1.719645622127832,0.18518353180796815,-5.02565897809805,3.7713124939607288,-3.1474152569320326,-2.8060251813311434,1.7321843895126763,-0.8101772299237304,-0.3787109789746173,-0.45631448237457395,-0.6127205546037355,0.5989819813431092,-3.1267687274598246,-0.18724897025900353,1.5900932997390447,-2.867136495667915,3.2005429195881634,1.4682764113864777,-0.4024768797336023,5.250655024065695,-1.6890911475834163,-2.284901677127802,-1.0676617580168457,2.4272468664700684,0.012552163114340056,-0.4137764955317404,-0.314640777026999,1.0502965929859112,-1.1331592055806776,4.1601388933639765,-0.6277209577738917,2.6025310670136057,3.03222997215047,-2.152456598947953,0.4430551064951304,1.9732074709724168,1.033836745378836,-0.6142058364200256,-1.633514912764419,-0.7727976950171395,-2.928677808315961,-0.6204596266513981,-2.148592970658766,0.3580700492382396,1.9274545870612942,-3.3172480436252094,1.5799852255084066,-0.3291750412935123,-0.3177899553483799,-2.203574646538886,1.4633327390796542,-0.15013485647042396,-1.3965331264874201,-0.6480092560352049,-0.07667247365042325,0.1984625855280552,-0.9187773001636758,3.5581305795240183,-0.5227746965345497,2.0234831509788056,1.332443564269087,1.2145306364881798,0.30509786027925745,-0.03151927819778013,-2.711690215304347,-2.241383172450596,-1.6209241988996996,-0.2055752851673018,-0.1751097943085838,-0.44713210496618927,-1.9832229467918587,2.764976546434823,1.7831366665184505,0.8574525212564754,-1.536240892954363,-2.33956919791951,-0.5062923078822461,-0.6486170453955604,0.3704874742599816,1.357627452611446,-0.47273119467192043,-1.6235406708296098,0.7144989604142454,-0.03323180543204907,-1.0413203820804784,0.3869378869995903,0.3796698590834471,-0.7026954491637221,-0.7932160880717547,-0.8826019168321043,-0.3705962568120012,-1.4246363352175209,0.6362866510861822,-0.1903777088895387,0.4955028510734033,1.0957612275373916,-1.4377732931871616,0.28677410892998373,-0.017487712505454136,1.154438628009839,-0.22416082562386358,1.788945843069667e-13
01ADL0118,407.7322932144849,-91.81291287924276,6.378006795442942,-14.320889444175993,16.055443484267855,3.9402438570001697,27.77488785802337,7.436671694148824,-29.797732231648016,1.907759666022546,9.502879417226463,-22.727197662660807,-13.28105701646749,-0.14750979290760144,-12.213860029972565,-5.504991547961733,-4.225980343863183,3.817885979778648,-5.196629278035677,-6.260040437623838,-9.342432249022714,3.299158743250677,0.5458389333537776,-1.1188764055916391,-3.2194816847041072,-3.4817066000443258,-2.830400372447464,-1.3244475443147146,2.3246994947303694,-6.397854220775123,-6.340104115999592,4.566942198485018,3.7934326193557615,-6.26824447322408,0.11160778796058682,1.418682247998658,-2.566283496935737,-1.9507353480888312,-0.12188537395839251,4.28069552176769,-1.6150570071259223,-2.4033837792904693,1.7257044516778066,-1.42011776780209,0.8992163933262487,-0.3423532664524469,-0.37781793065023545,-0.316966515912735,0.932899392002123,2.1136434185140125,-4.49351215697819,-0.820610354148718,-4.922665528297487,-0.5043275341653528,0.231993859443303,-5.86253408016404,-2.202741417352609,0.10902236482372654,-2.6016174156634513,-3.585211308962615,-0.5434638253100262,-2.3591404314921216,0.34218350066150366,1.250111432216806,3.630659603011469,-3.3466030001515485,-2.7828340845281434,0.47277275910079397,2.670325119806863,1.7627123784001577,-0.8138981679902015,2.7794091612732226,-2.2914098266498124,0.4396926575702817,0.9517213425748233,0.027726841662511787,2.8552702871422966,-1.4023023866666247,-0.3509197098764038,-1.1374933934045686,-0.5556290099169883,-0.015710830484311836,0.4712961172080548,1.0086914895611743,0.5738696066342123,-0.6430266301242498,-0.9035981036102909,0.46332354272456305,-0.6919500774515565,3.081809415473978,1.7448453307156775,-0.031772419260915355,-0.052950443718613335,-3.950937922440619,0.46895048722924554,-2.229361018333979,1.6926545741934917,0.4115420190898312,-2.213375269975121,-0.5710271370467044,-0.9065321684028761,-0.07337317042371119,-0.20995955778530975,-0.10368923737786205,0.9173685684758901,-1.4150566194773269,0.9239817085638008,-1.7847546614252023,0.18493792369838058,3.2606081976946686,0.11796360623549274,-0.7177259879326877,-1.32400426597579,1.392405301143306,0.2313618816568547,3.9460682480924927,-0.8112864537123998,0.4354549795985292,1.0264136996551727,-0.5348625635836887,-0.8601900597464314,-0.6384539611868711,-0.7156661576854432,0.17979764999431896,1.8315545841734644,-0.5888798371310302,-0.1710707544889579,2.3226413336920655,-1.9415839150962892,-0.183142378265941,1.3172294935360986,-1.7973640293809967,0.9942265618012873,-0.5030718032567781,1.8687020881380185,1.2386524294597583,-1.4617867514944882,-0.4708692547965193,0.3021306799211671,-1.4447332591254214,-0.5205198520106645,0.8398422508986405,0.441596198941903,-0.5793409318956816,1.7889458430697089e-13
01ADL0120,433.59667114983336,-29.434684670195324,29.08201646731869,-14.660342810541383,14.813924333260886,2.2314499928644147,-11.755176631973162,15.010740108651676,-5.621242157224963,31.497058587119856,27.39961136594853,-27.71904335235273,-6.401500968341982,0.9141706626388765,4.198241949670087,-11.808347787926024,9.220700105477698,-1.2076442452340481,-6.445810613554883,2.0393523675811562,-1.8835092956877408,10.617171719531482,-4.450970100663019,-7.641463168541753,7.730369685298587,-4.30995599650609,-3.2601252283629663,2.8616853315286463,-4.271100193533943,0.8253421965823846,-2.140395102637147,2.3975657629988594,-3.235459559258423,-9.342062670409428,-1.9606714817072475,-7.052327974756562,-2.5167774219386203,4.474573963370969,2.886400028610689,-7.43883959388664,-2.960205676564959,-3.7293766343020063,2.036149373289766,2.3625712790168296,3.345827883578227,-1.2969681407788631,-0.8112579625079237,-0.4609518552656912,2.1388695320289948,2.9762230626296864,3.6585078283231964,-1.2716271030680606,0.34708962475031774,2.790099699298,2.136795870549135,-3.0671566970084205,-5.135743741724738,-6.478556016860136,-2.6681565829565965,2.5003077943178913,-0.5303939613315474,0.47012732604462626,-1.3498640115057112,-1.5230782338010067,3.159903437576082,2.1137056787833792,2.3954321623807617,-3.627526908349144,-0.8051656024652407,0.24187813821123946,4.322707442190013,0.590865921942289,4.103730580176148,-0.10076799584239488,0.060101715673707055,0.08316919114008937,3.310598596010222,2.1999990705091754,-2.4191952627613094,1.7383157751820357,-0.13379612187497802,2.1806428021928066,-0.8196113848067879,0.49924241593450447,0.16639791751312816,0.8384858742018136,0.6398691084650243,1.121069123278968,-2.4112240942708136,-1.170075041040378,0.25421956826754527,-1.8705617383447721,3.5591685025310316,-0.4083014831033531,-0.4007797065644749,-0.5470998500566017,-1.4446121209993699,-1.251041550224774,-1.485574422039619,0.9381583439469426,-1.7324109441060567,0.5009383743431729,1.2563996106961903,-0.8778850445645137,-1.2888202901316783,0.6578082027590341,-1.9089636774861694,-0.12744949602406783,1.7200797328595108,0.6674703389992631,0.10600542450487857,-0.2263540515565046,1.5532499544144944,-1.6789149818328384,-1.4853104251917641,-2.007993720107728,1.3198162067365113,2.9112167837712994,0.6093283220108594,1.6860324556432305,1.7953502783320738,-0.32131686711235,-0.8869118310045807,-0.21173975103225098,-0.42648243211463016,0.8458992776025548,0.4487204354624498,0.018341124226921506,-0.6818372695122432,-0.6706487687823824,-0.027839656273042836,1.1601300774869214,-0.18080101937083853,-0.5625964392867671,0.6542313290871157,0.08577336075867482,-0.7509071558360528,-0.571816673731712,-0.03842302808018569,0.9044370699941354,-0.7038485127272914,-0.06737671260181277,0.4126413956907564,-0.07777887901012513,1.7889458430696753e-13
01ADL0124,435.91758621568346,65.91847933863417,-19.69718843995827,-0.32267620152067045,35.865265464201094,-4.998775583401981,-10.737244941314321,-6.399238502527524,-36.889937579041636,-12.96967168816242,19.629143514782825,0.7512214655716145,-8.988815301535492,9.002165273348002,2.4878264762493756,-12.672996920776226,1.214033378127698,5.829371145329431,-4.934546951440682,-6.1529453545744675,6.864031220315029,-7.810592900873514,7.688520964857712,0.7377475326181939,-0.3832380649737957,4.3398811804246975,1.4798392848080821,-3.882139969773606,5.694327221832114,3.4932547037910924,2.791569364947221,3.483459752450153,0.4306954596371946,4.056703189728477,0.8560119773790267,-8.184852313311707,-3.7758455919524345,-5.861794944822133,3.2384818901362715,2.681468950387232,6.0059922552205975,6.170117277717898,-2.6294080608718144,4.237091340972908,-3.368768824562383,-1.121130549281449,4.071325417772056,-3.4274760466495104,-1.9321395883428378,-0.8433585947197181,5.0800788615994055,1.1275386145426585,4.726955366001602,-4.978343173518286,2.5699171529321756,-2.875358210903638,-1.2551204243172205,0.905396123078575,-1.493033997622168,-0.26196571173945826,4.665306520957498,0.2081279626307571,-1.0831966385835878,-0.21325205738608077,-3.0186220520726357,1.0115306364053829,1.7476429118212478,0.40515286197869516,-1.4283034141166753,3.4033373672983127,-3.955823179779732,-0.38802696548132115,-1.0596056392060866,1.429009552128914,3.834225052876244,-3.110828803412826,1.209415955393458,-1.9343809113569543,2.787152452794396,1.9365068219551924,1.9457246013905343,1.6306639186185334,-1.552843666238812,1.0466265059586635,-2.8608130439493165,1.0736933806713178,-0.6620846379474028,-2.781291303929792,-3.0916997469852245,-0.7885348566268733,0.09819089344267193,-3.617808091474186,0.3378649522359141,-0.936114530793259,-0.19196817169320277,-0.3298270662874085,-1.3015380014787405,1.0587278342611233,0.22063668563179062,-0.14902079731131104,1.2727947995439808,0.43820461950879386,-2.5103929884916343,0.8161415799442089,-0.05967983371505313,2.9988110718880137,1.1515521632601624,0.11502763924857583,-0.7994472936550815,0.29352909952277484,-1.0357828945922203,-0.8247710771319035,2.1756441508185724,1.2107214126549342,0.8120292439734814,-1.1016949840990815,2.2429072060264463,0.14279644608673414,0.7626649371256207,-0.052220512722272704,-0.1220770957989631,-0.7439025586853709,1.1310358877838929,-0.2317975488873601,0.8167543162396997,-1.450767022999099,0.8552531589699941,0.998210272510129,-1.8589054810309242,-0.8996650922477004,-0.9220952911309582,0.5032835534190568,-0.4343474077350509,-0.8900303816377813,0.11501700965946483,0.5192696464329374,-0.15172182694412567,0.48332428887438916,0.22592276275951131,-0.7458035216370331,-0.5944083821626847,0.8477423163789999,0.3865846346751499,-0.20005268619748448,1.7889458430696942e-13
01ADL0126,429.2748634854446,64.9513941319436,13.599262577443437,5.559817951524881,6.369174916968222,1.4401240019219237,-4.854156456478147,-2.9246738887896124,3.8492686508433986,6.122516624897043,-9.311108587158762,-16.00063185142241,-15.47223803641218,12.429815951101668,-0.7113006155892935,5.230080815753709,11.408405705625585,5.134396138563278,-8.79351904628244,6.549167442548481,-5.003204341284433,6.311263920703821,7.002027333566976,7.222967107467828,2.4736100277811746,-7.530238696142982,-4.1327198691080795,7.676947255294281,-0.07391196749952189,1.9041441453406267,-2.013324089799106,0.9360299428215323,5.34432967928115,2.255531268021687,-2.48080122077715,-1.0757771182893596,-2.3412523869482738,-3.735776242553259,1.4274586989695357,2.92215783011716,2.4422543703564092,1.1631829262625761,-6.530391171660922,-2.2266596652422193,-3.4381664518258326,-1.7817902831201502,1.4930472691727195,-1.466587235032034,0.8685327947357714,0.09680618638656126,-2.1308258175613757,-0.4470899254765742,-2.6441433957852483,-0.08639367064392521,-1.5059407731175583,1.9653172452188628,0.5353811825121255,0.7856991119654174,-1.3490928970526743,-5.333405692171473,1.1597093086856014,1.1854059956061853,0.9590709942517642,-1.2595497343087285,2.360267660814965,-0.11406818750767157,2.9588104694163606,3.2752958359266557,2.14137075337781,0.8663739142293262,4.178429013484413,-1.806419239953006,-2.74322467976255,-1.0438739320598032,0.7197632784953917,-1.8081952899863818,1.7134247854138782,3.1965032798930686,-1.7873223525666349,-0.5389750463961404,-0.5807433894130689,-0.11321662557612472,-3.0753164338645105,-0.23653830947965127,-2.304746054851445,-1.8431345616912589,-1.760856315665628,-1.7543151825674133,0.28041674389253435,3.1491441272813514,0.1700450675972992,-1.4445557747833062,-0.4366950907480486,-0.13330869476217622,0.6851561440281257,-1.3389449644187532,-0.05429486108662599,-0.2877201536170485,-0.4833035936414165,-0.3784962434365551,0.758192026502484,-0.2838009166765242,-0.8453121414252194,-3.0880009832783877,-2.272688174446563,-1.1654071873322307,-2.3128422544514744,1.235960383174369,-0.37408617355387513,-0.3740626688767515,-0.27543992459308525,4.190851211835499,-0.7211891781866447,1.2259335578755075,-0.580256950309872,-1.296705377337816,-1.1004958191819991,-0.8841866093174042,0.5990155384684354,0.6353673344972364,0.008824202682922931,-0.4884318253171533,1.6619085906269442,-0.07079322640333205,2.098157409932777,2.654091255588271,1.636599377538446,-1.2978428986055222,1.1607961028820728,0.704335936118199,0.7694611480169796,0.21760811516247447,-2.442587072745062,-0.5063723070490311,-0.17055698471427674,-1.488789079926131,1.4744060082478632,0.4330404472026714,0.9779548083293904,-0.23742582746951701,-0.8430305240845954,-0.05152167665226761,-0.7816401869639162,-0.5705307081734988,1.7889458430696932e-13
01ADL0129,438.9013542899786,-12.924000309322587,51.297658315490935,-2.6523414791382627,37.537127421825524,-5.427978286361558,-19.726404637971633,-12.970522522107636,-46.973801301003974,-1.5174598982906051,9.811405235652481,20.9221162321647,18.780543806642616,3.0289376611304264,-7.137907698935271,-1.2540521396546191,9.093628358380249,-1.315218236781533,-6.702890588438754,5.2263673344857535,3.0223993228802017,-1.2976651002432558,3.249553557647449,-6.221790408237456,3.773762534938009,-5.463379736308321,5.32950395233146,-4.702629823105945,0.9227293517742293,-4.2335678768133524,0.19933557536352595,-2.9861874335259393,3.8105129346926145,2.0597923996498615,2.0558847876240085,-1.5732103459628086,-2.065938534344282,3.664179404001931,-1.0858042555241791,0.37046736726587176,2.6875094756267055,0.9997934595585467,-0.465748297683799,-5.5839075674470875,0.4967121484880852,0.02582094812554805,11.117783232559345,-0.03468297874179482,-0.9348217846281648,0.9402239972515217,2.4667976311787743,-0.8209038895601763,1.3063699795201111,-0.21536937180902654,2.321958318077811,1.5695856780860278,0.4510720565274232,-0.5626975973424359,-0.4884941061331578,0.5819559141498922,1.0531914330661947,-2.1903575177344496,-0.5659351426251588,-0.28135630008923374,-5.288243127236652,1.7803726324860398,-2.0334045535869607,-0.36167278190017693,0.48710971095446903,1.577739187408685,5.504832171273623,-0.6426840102085947,-2.0061877895834233,-0.2815607467260507,-1.419429590354159,-0.9645979896693619,-3.7327222536286837,-0.9984232679895698,-1.1593285870404058,-0.16414060553418028,-2.417294287150021,-0.7283245775855967,1.721670757456131,-0.9223897669055344,0.7848949827813553,0.9791001736570917,0.8669772078096475,0.12338504372023731,1.4688208762114499,-0.6971374641699111,-2.9664384078911215,1.5998322227108293,3.7331613128634067,0.12281114067069261,0.5055014887083091,-1.4630613821413214,3.6751397162087724,1.180605462186844,-2.2314325919447997,0.7131046491107333,-0.5528281900616562,1.5346203217834569,-0.7348260812478659,-0.6534792446638412,1.041046128452256,-0.5160255707758538,1.220217166401195,-2.7162544130111086,1.822411784433166,-1.6065308520197714,0.023528096561741277,1.456328109405155,0.7324853882620758,0.0652090678041514,-0.9948988585060379,-0.31837739638999113,0.9436919258356208,-1.7303566922509082,0.08815873165567563,-1.763548094918646,0.25999623788848036,0.14444948044107278,-1.1017033970793313,1.9547577895909947,1.4166641214105604,0.5421691526555853,-0.2250412190023484,-1.0530680438760665,-2.209428182408102,2.081622104759158,-0.07306460614086589,-0.7772225776066055,-0.3991998438115969,0.9686653578233455,0.9825928071137812,1.116544531241115,0.09828274467758041,-0.8087358359699774,0.5205326529766834,1.4633677589814653,-0.788537064757762,-0.35416004629572456,-0.11712723991943184,1.0543664092469367,1.7889458430697046e-13
01ADL0130,427.6230527171607,78.66832710175528,-31.027738701291643,13.158384737453941,27.39560623484855,-24.417274220621714,-4.495735702764504,-10.224263667987524,-2.291843476421318,11.565647760009286,19.286407338579817,10.291813327375136,-21.16834644739063,19.45470468627238,-4.313079972878213,-14.255313211550298,-0.5135584919347025,8.353733145985569,2.750017268176874,-14.602261290804384,-18.73619515152502,-8.70864184928322,-6.487052164820362,-0.2875518974948487,7.058185503980257,10.976067449210689,6.464540192421041,8.72714350530315,8.054352057464001,5.646679744801409,-6.642980531146005,1.9421619238752719,-0.6873164458153196,1.4579000103434125,1.9243526931271062,7.694541614805338,-2.28264711351433,-0.9602671190511531,-1.9594078282496432,0.8810349458959871,-3.814058179694985,3.044948930071597,-1.9613622564507094,-3.222374232842823,1.9504172637848234,6.0935140549014974,-3.052006502330342,-3.96096913646931,-4.302922140804248,-1.7399632418258464,1.8617030881145837,3.7903785898579287,3.0170785008187253,-3.396754636957594,-3.3249798228528817,-1.57317917720471,1.0318187746007876,-0.4201974081300678,-0.5752346868947039,3.8993164136397085,5.129711944143375,2.9068625702165676,-2.8268452001237976,-1.5227478194148043,-0.854881120339996,-5.203293052891919,-3.3615251614630486,1.3114397914023204,-1.2880442850307678,0.6230018434876097,2.5989862419921677,-2.0388481587366085,-1.6197915786166694,-3.5951561842137667,-1.2806600463294615,1.9584131768037465,-0.9558373029843342,0.876873333008862,1.2925420512856938,-0.27735195615569963,0.7658977714174723,3.083989191893269,1.1876945827307996,-0.6289465124182838,-0.09968299222108894,0.5480360206204512,-0.05117235026849775,1.8321276027910667,2.5974703283224985,1.034465972510944,2.037724668130079,0.902852482942383,3.99908701246163,2.252625481298791,-0.2699338138672117,-0.827589482959686,-1.3443077578756304,0.936962891670467,-1.270089447001777,-1.698740083993094,-1.045725266474609,-0.26669405341115876,0.16648902616406683,-1.0259780104653662,0.39332055503054536,0.04063331819759349,-1.1882506732954314,0.5980069648631018,-0.7306124147487818,-1.2322239906943901,0.5887457150173687,-1.0388153965356395,-1.652035570762284,-0.24864935134821078,-0.8857729838832924,1.4614619441852583,0.8348192287352789,0.2507454570461965,-0.23544282198327293,-0.004683439871716663,0.13710594633585182,-0.29079314668032274,0.15695166892917273,-1.0103263539997716,-0.49799256178488205,0.295433505788914,0.32547465175540213,0.3449149301603496,-0.39996072200062294,-0.42344047637872145,1.1546563843875748,1.3137403839927508,-0.6429132831929418,0.5701104994609943,0.15578093252557254,-0.09126299883450718,0.14011340565548724,-0.2803419016411407,-0.7220050100558397,0.6127464974143687,0.7203514136669388,-0.716495727084389,-0.7469154050955408,-0.7401388201745454,1.788945843069687e-13
01ADL0135,427.53129799638924,-34.159236150700316,-2.909543533960445,-24.57281214874885,12.817495598333393,22.228881963162284,4.064997812169454,3.9514061950265367,-28.592930767628634,-0.28060888683942653,4.577768609117603,1.7523033546701192,8.186640272604087,-2.587409985167961,-11.48111403440407,-0.9685215175301639,1.1874201273043306,-6.015789168512125,-11.650719136656996,-1.7121374437978216,-10.8052119739732,6.268173919842768,-6.64071572576023,1.1014680332440054,-4.820259748879828,-4.607205576845216,-8.134603346033948,-2.873835797192659,-7.947242171033716,0.7107781993766279,-8.206462274534992,-4.840824607348827,0.5391294243434424,-3.970471546055174,-3.8981987992270786,4.487023445722009,-4.3912976078682435,1.5068167464983653,4.063551608194896,2.472595334155385,-1.4587848909542716,-4.692784809640415,-6.415105006558249,-3.7281459238397447,3.929610811156391,-1.6546077433863062,-1.0813005865011653,1.2593477247171205,4.981735004229771,-2.4727413945322483,-1.0074473978020102,0.7385654492153402,-0.9661822141375199,-0.8634682784277069,3.094259103212218,0.2885251529747286,-3.0242032829252703,0.7331568106745072,-2.959903531531212,-2.731364358858453,-2.742562455574038,1.2877158789625833,1.3552447280322741,-0.0746951010587623,-2.042961696394979,0.24958038954216347,-2.1478729865858885,3.244956712090763,0.9463199607626286,-1.7814770180610704,-4.196997567013175,-0.4237204067521845,-0.5659382843692219,3.000707007090648,1.1809968292781703,2.1063010113543466,-1.524785483260315,0.20005303728370813,4.030008494875205,1.4879393207166796,-1.3167452837503677,0.5737837537779785,-0.9083739692568938,-2.8647114586416054,1.5963139216143394,2.1944235803515952,-1.0355670003332664,-2.0185375884246515,0.8703787792638854,-0.932219400885562,2.306851028423416,1.8447821082307188,1.171318635016242,-2.3441683870857197,1.293108240056388,-0.49316016265135293,-0.04623801329953903,1.4078292682572289,1.721605187978551,0.11255460412319777,-1.7799260034280437,2.2088342726863615,-0.5626382193211386,-0.8523660980535777,-2.8811373648171563,1.2523241928289852,0.23806996561266847,0.2667034312687778,-0.8987590100763807,-1.1272283750730288,-2.062851619300084,-0.448184271632673,-0.14500053278427688,0.5644339333613655,-1.578284763225652,-0.5605226375123421,0.5839777270184849,-2.2375288737994103,0.6116474208177384,-0.816780112876499,0.54340538253721,-0.6684653347957615,-1.087708691707887,0.9546535075217706,-2.300093934825291,-0.8107900769209947,0.11937444707172158,-0.053664254645838745,-0.2222645427659911,-1.1490659785265107,-1.5157728053557729,1.9776327148478032,-0.847716116727174,-0.37748494692428597,-1.5476529542105253,-1.2596378753612254,-1.273027821047748,0.5809102979247412,-0.5640483953550196,0.12373822539711755,1.2388126826104697,-0.30902482691972677,-1.110496269100413,0.8194381072039749,1.7889458430696591e-13
01ADL0143,406.1626319137007,52.481586237358854,77.73228980517244,47.72412486033789,-38.266227153847005,29.132115785806068,-17.317417312937998,-5.079991344636441,-0.04897400493767128,-11.253307540309555,-21.246092617625433,-25.037232215837243,4.787184197967128,9.161524193238389,13.810345034051334,1.328951811485255,-6.966466801360928,2.117804129404721,-0.005186089761698733,0.1324596247242633,-16.215178903861595,12.094058374169471,12.85791656302836,-0.38910623464391664,2.065484386583699,10.86789425698805,-3.120259289696631,-1.9434970370425486,-4.416021255569682,12.815389609026015,-7.2808270385031975,0.8938085507860494,1.4691891905000067,7.04726158771907,1.1015181497600801,4.514382374465048,-2.486055191435256,-10.908694952679694,-1.037888578140365,1.6916677791199761,-0.2677021844841639,3.3919186578554186,-4.6558592101421015,2.782286510283824,0.565254994126634,-0.6468485429523803,-0.5762211460718177,-4.5827246312594125,4.514380253008201,1.8730254275422813,0.5810120212794466,-4.246094251446232,-1.2382178216937758,-2.615111622273927,5.388766751077793,-1.282313050885072,-0.8201677350341353,-2.0151181150111226,1.7984393371113963,4.6776464582873025,-3.942647434326865,-1.1792495009040556,0.16125091367638897,-2.4212543082842655,-1.5295452497833466,4.158648972011576,1.8980729340635039,1.327087218056981,1.3178313444894105,-2.857006076148658,-3.1784376948886828,-2.391460483886778,0.38189622124197714,-0.2199657613820398,-3.9823678389286905,-2.248061630264789,-0.7634705690208824,4.570962193186835,-1.7444489915089034,1.2324183849909809,1.8317237907130357,0.9666108766462818,1.3476660745935445,1.9640885316960113,1.250343976390331,-0.27440766070862027,1.9323433084863135,1.5791122221017866,0.8546589670657347,1.5848101887417607,0.23317601750377578,1.1899443201123017,0.08191058863864065,-0.6676559984835299,0.35149736015337574,-2.695194369928572,0.582342915330871,-1.7316662386011406,1.8432599195548043,0.9698484789024828,0.2206345763136078,0.3772438689564838,1.5390949122515662,0.864392719795927,1.411234608010606,1.43917261060664,1.0879248569821003,0.39712572785381606,0.2014879765059147,-0.5624288761254809,0.9093747524249909,1.0562048778121453,1.192287203621327,0.041001234784006454,-0.2772480401254896,1.7470879951001956,-0.1872197225752866,1.0468161954479214,0.3004300437081429,-0.15358407971078378,-0.4998931757180697,1.1948555840438635,0.3124602108017321,1.1719001053347227,0.12057791032562203,-0.5110458743561354,-0.014683581904910792,0.4718289840464079,-0.13324500049905855,0.21915503975197548,-0.7806028763259368,-0.7306862311021244,0.6776854776639293,0.7930187561703832,0.7144762888313873,0.6734155267073041,0.3176904893669904,0.055283990935560634,-0.2840565354537605,0.13124496220755916,-0.17106714041966978,-0.18669005720721701,-0.0012903851320779395,0.7357417295561889,1.788945843069685e-13
01ADL0144,432.0873035572907,57.85231402250882,-29.07445104037303,22.010441376740175,18.334859909944473,-28.889520492666424,6.89307661024387,-4.718547397587401,-44.53422638262963,-23.086329739057007,29.739092563765826,26.442746201303954,-18.76148118640108,4.891490676517107,4.367289630817599,7.7275131715028325,-1.5853335889667268,-5.72864932175904,-4.831119283499858,-5.490117365288503,-6.398667568545403,-9.047620828412896,-2.0819091747043568,-3.2167486076867386,-8.902174292148901,-4.5755915493348285,-2.3975694486943344,1.4532624132387764,-0.9100016682702915,1.2872800224474048,-10.779658995021276,1.6470249301232116,7.74066035495516,-3.1054561665934903,0.7629321623693393,-7.8811139486748765,-3.0661125983358373,-5.001216678682535,-2.7541545430271963,0.15709577469228841,2.2236193140274785,-4.574738076847482,2.704407593161921,-0.055809334901226165,4.696106122582987,2.724433941902962,0.2699802215539091,3.3370618646089865,1.8234358288842987,0.7941079695094956,-4.71080954637006,-1.019157548027022,0.532207796419754,-1.6523658434915436,-0.02124559254264094,2.0843873942534232,0.9315938117476679,0.49106858663001807,-0.10118696562194752,-2.179092081998759,0.8985667487694813,-0.21259705852169464,-1.3600449261062377,-1.6168976570078033,1.46322321527332,-2.624350030724216,-4.212913619339116,-0.7192255204113551,0.6713556102031536,-2.7042805276199138,0.14133385597853954,2.526002205236698,-0.5691268424390651,1.4046824783992284,-1.9083567443304998,-3.067445791953413,-1.1573205870191765,4.091183036439255,-1.3903878181672553,1.0296294955418048,2.5366819645273515,-0.23994109692912513,3.331393796525716,-1.116367436881138,1.0952127205593736,0.7190284879731648,0.2554300203546075,-0.47156460157706026,-1.4620255150048627,-2.0316207047314054,0.6912090684208119,-2.1035488418063553,-0.8449460293074443,-0.2018786892747745,-1.2120477457373164,1.4407638959315758,0.5666522690583713,0.4811845194549615,-0.34693587767012757,1.108644088688844,0.4847911364152991,-0.7568408119941319,-3.6710057951834094,3.029800379738297,0.8134997580710056,-0.42917992109969827,-1.4754625679537698,0.020081035547485183,-0.3627455252529762,0.38651825945419016,0.7788794231220756,1.2125654810291542,0.03742457125117492,-0.5173900653038013,2.591610341823322,-0.9347961072176423,-1.1740312256575962,-0.18926822058892523,-1.1759093104312837,1.896820224596593,0.7606417973107313,1.953885931068755,0.5675020135662101,-1.0878555249083148,-2.081820346412236,1.2847283228835258,-1.2697891260324534,-0.3774585505249853,1.2418324536108922,0.5893608356352026,-2.1130225773316025,0.15122118721045485,-0.2602397702877377,0.9959133112797214,0.24945466853056852,0.8429826538891864,-0.07410863746148252,0.34850829853319243,0.1760457091459478,0.5284953626892419,-1.4102299892081687,-0.7127727047729115,0.288909056954656,-0.1923825582410972,1.7889458430696682e-13
01ADL0145,411.91482182824944,17.883968378224818,5.707540535090374,-28.49774188001066,29.163215828413698,15.017393624186765,3.3054071457990153,14.586249349945343,-22.094620091824773,-16.127819170885598,-4.34949617961258,-10.152410910580741,-4.971737065513382,-12.680755947931747,-2.250066696946788,-9.996043445109143,-3.5523875401582994,13.87680649123041,4.437651281035303,-9.970244511025317,-1.7656458299860673,-2.1759810500164054,7.083892577676431,-3.215696080330909,1.0274277530307638,-2.142415277821961,0.9591587355958539,3.5282670455388723,3.8125498965483255,-7.106766097010928,-1.8002118774597957,9.12679405784749,2.5780916988657556,-3.230386101613205,2.210188103427496,1.313105039785901,8.34589013196387,-3.5236648513630304,0.4197507363557091,2.3907764035108316,-0.6103556744658473,5.119865063615979,4.0386840135993625,-2.1607769677483426,4.533670944408935,-2.3682264352169757,-1.7567901567023347,-2.874706236158126,-5.169834148875724,-0.06002545955650904,1.3162625569706237,-1.8162005045293492,-3.332257369039609,1.31079646605111,8.063902757054759,2.639112162204399,1.2186142857071118,-1.1515747657864028,2.3588770545411,-0.7955524758640355,1.8970534415716327,-2.398877016935607,-1.624719525707732,1.529036635764127,1.0609970066468342,2.1051400834144025,1.0681831822782262,0.4816542489904768,-0.8487696416221688,-2.374924793408283,1.2932064467571744,1.1961937643099263,-0.5433665444738771,-0.04554577246628821,2.7920437709298707,0.9720848576398723,-1.908939714264917,3.1847648817700818,0.3399589161186137,-2.905441524045342,-4.015187039260741,-1.2872538273782401,-1.0123195656418953,-3.1580347078906046,-2.3922527610223483,1.7002378284536748,-0.2936187492410102,1.0511118752808595,1.2285289427761263,-3.370429820589991,1.8193046355570093,0.37347103775321355,0.5452388433774036,-0.9879688804639614,-0.3489462395726654,-0.5198331596041086,-2.6492649362644625,0.6235038765286529,1.3991267098877267,2.654043330442099,-1.6701588320175313,-0.4939043349548601,0.5298170496805268,-0.20894646645057371,0.22252756261651455,1.0879392040905194,1.6745553721418944,-0.15456553633082432,-1.8221561435788876,0.552035863567792,1.754598282575512,-1.2429141189003177,-0.724958036307138,1.9205002555082882,-0.899569617324999,-2.2554751539261026,-0.17010690214847052,0.5553780206846066,-2.6934038100005777,1.4948394315396039,-1.7574353826913245,0.20819125513869727,-1.3615722792225762,0.18457113667035832,2.4726183673539714,-0.36125195623021633,-0.6045641506960511,-0.5700624311889603,1.8480207607072145,0.013794391381284387,-0.2397429447641839,-0.15836225789945468,0.6433666116602588,0.8456556308403571,-0.24994968847368246,-0.9554268158752868,0.12422687684756852,0.058774843791819374,0.9161895301969223,-0.1725958736700614,0.26044498614941874,0.2654957449529272,0.04719317595018954,0.45671656297672636,1.788945843069693e-13
01ADL0146,438.00038682449787,-83.64187123131613,50.56535934958565,-9.395841938254282,27.749098153190296,7.027668162030562,7.322386695664191,37.138568687194706,-54.46044050625688,15.517612423534333,4.843539822516692,-21.341867276398364,-8.894603606705024,8.396927518693772,7.836320636259151,5.303491461124255,7.503879407728854,-1.041072514907082,1.781951646101485,-2.2506347955332684,2.8436829500548004,1.5574590047850083,-5.604775159393447,1.7510902159034452,-1.3306289489144874,-4.488176871604093,1.4340489528681495,1.105968001934307,2.5942754618133943,-4.161530367251046,7.68074436373709,-4.7965052539630255,-0.6615925129162836,1.7163987128981395,-1.5209705481473808,-1.0949902670860847,-4.083508481061754,-0.40371364385590713,-0.1756802586940559,0.3368154531590338,-1.1245246692847233,-2.432207581038526,-5.632255133487955,3.8176517684150224,-1.3284436874094423,-2.1978175777178084,-1.0775392149045264,1.6622226151041983,1.2855819645296809,1.3247761878440516,0.038778282389076414,1.2273090937594644,-0.17888583230595015,-1.5503214405817949,-0.5729178302436722,5.484677282916,2.52696860432854,0.5443760929728831,0.4964433770269399,0.7358711722258202,-0.7529550852372369,0.5844286510717733,-3.331329771985686,-0.5495409064107509,0.2520427569195428,-1.5506336732983261,1.625748806822518,-0.23014492709807607,-1.1174517199576948,0.7309935531834386,0.19940143476245187,-1.4748271821849932,0.02236292267534374,-1.4201077667712607,1.4575402772950528,-1.7770364664636475,1.6309023580456061,0.2725293908919146,-0.06071523717440435,1.7689618506311668,-0.25498919844668017,3.2588749487158704,1.4364287552343928,1.1448588595423699,2.5260049644456846,2.9217661044414966,-0.45191908268148084,-1.341526283661387,2.1112279040050645,0.4074896751934356,1.84422188919699,-1.9913642215442817,-3.0440674981348295,2.2410347208644605,-2.8217572445505867,0.8712225101313573,-1.2945203516579558,1.5677580596780873,-1.168646254505797,1.1806448085625236,0.778955770128845,0.734316568275733,1.4179513394200989,0.44559568719114506,0.7161738227164847,1.3359090345726516,1.8268983578258673,0.23285957493838916,0.7158533684567058,-0.8288643556621237,-1.3230406479984336,1.277988369857836,0.018580178497343357,-0.217718021910062,-0.9005120164164871,2.101822441595701,0.25016378918239385,-0.06946206179785291,-1.4448511853137103,-2.7619085255634745,-2.2336363831195802,0.5617790958903708,-1.6561621802386504,0.2253065223409177,0.5922565066863434,1.0761893617257097,-0.6753897822363498,0.05993601979219373,1.766703623883029,0.20497338147375987,1.4239675322339864,0.5101939031447492,2.33748109208937,-0.5675998698995381,-1.2907304506015091,-1.1525392880008227,-1.773473560350177,-0.760758256170619,0.8744177373083738,-0.07407835124315013,-1.1737621009473609,-2.626075515957983,1.8108239144274716,-0.28396283395371047,1.7889458430696104e-13
01ADL0149,463.520976128836,-138.82318098081865,35.17428049660753,-132.76225083793733,66.57303709243686,27.678447454811042,-44.21934558595293,10.26707862359204,13.980533377099333,33.39473965202136,-2.6762926700239418,40.49316145813415,38.959073622141254,1.0087417266320668,-4.305972493126858,16.45160289494805,40.45858881745644,-10.031530567507478,18.53846732724908,24.77423152389318,-8.043978498784103,5.843762501403518,17.844660737137204,5.503317646832237,-6.024630434930403,4.973173145253902,0.39198304048216326,17.207983308562884,5.536483794329796,-0.2590011591420867,-7.001557036314002,2.559470825548122,-3.7698405936086923,1.119833754557002,10.413799631194419,-2.2522680895073237,0.22072361141452523,-1.7183223819143019,2.7960472469694757,-3.0044006143654975,-0.8528638705275609,-0.9931686877105557,-1.0899751737705596,4.2157245876174985,-0.3999849702234814,-2.6668750198989177,-0.23995707115931633,-0.33894899143428925,-2.5513349915666526,-3.208601573223174,-3.675898079004128,0.4071543320915271,0.7831656382196438,-1.4513644443876765,-1.5369196576932325,-2.445152108449472,1.559482905061521,-2.331059638075541,1.294649948808433,0.33028829323187725,2.0253540760560496,-0.6383249214254862,0.15120949519095625,-0.29153780429353615,-0.14032328133626393,-0.8630494152603714,-1.7078285734193737,0.6554892670957343,-0.055908995605056015,-0.3067956077107774,-0.8945380123238316,3.653334069160497,1.953313646316958,0.7591301586503937,0.31088707327070536,1.1034458549967312,-0.24790589882491704,0.09775881889700275,0.27419685416229356,-0.5478631899268972,0.6274047689906304,0.6102717738967838,-1.2067075964162663,0.3000862475718051,0.6808087953153933,-0.5630717096598452,-0.27937693497635335,-0.19091347643735374,-0.10949334675052286,0.4193506536258695,0.1891217352594122,-0.0855659895430484,0.3232550926242759,-0.26907439911413567,0.13128900410239056,0.9028002031195489,0.3639321528687735,-0.7406231757279664,0.26763844505020357,0.011064963404042281,-0.5992465912900188,0.7388422223891455,0.16491415700884127,0.7807999237117621,0.31602421427835214,0.6987243269635258,0.22571481225101994,0.22539700246677533,-0.953639518376481,-0.030896751600810356,-0.04765751295317456,0.06522403558007875,-1.0698641479792856,0.30156677050353126,1.0085207676778054,0.63289158452785,0.5187592883805603,0.10970018123816122,0.6664844163016456,0.18784903905559114,0.1318662834906221,0.08507357774898103,0.1800040421389443,-0.047234915961491805,0.4997959036746344,-0.22627936290124423,-0.01459886542910028,0.48416521137680096,0.05316686371695184,-0.2464521153132573,-0.3364193483896102,0.3574583648908917,0.6377075929149439,0.3844696961745362,-0.4735442769979872,-0.05075474458324971,0.13665244904907947,-0.14390410963479022,0.4002074237722174,0.11693071399162659,-0.07023690307087578,0.09944884596544568,0.3086668258089225,0.09737037872425745,1.7889458430696892e-13
01ADL0152,433.2099532830649,-72.34419325558339,-6.895731048818443,-20.171098793816007,29.575151399059962,-5.408708925315815,-8.742298177191495,8.210853094575855,-25.773317603175553,-3.106501855892058,5.1311879215719545,7.212055292516576,1.8882235795844684,2.540590071814264,13.158871793355843,-9.024518968451032,4.6117913629799725,1.4415550528980758,0.8056202689610084,-1.2766859242816084,-0.0006810555755791903,-7.827382291812176,7.310932486937953,-8.7538553450289,0.48407721730350545,-8.072508281742312,-0.19987135356434885,-5.400898013053082,2.8354860747778585,5.8088559519881695,-0.08889512788781641,1.4637720491522421,-5.070995591528884,3.497470516064511,2.220041148538344,0.5534789759092071,0.663150761638942,-1.355959200037145,4.333747503891365,0.5285520958309522,-3.453510186893707,3.9900916284377,-1.9539598690474662,0.12071000027100616,0.48008804883917977,-0.3164190977443693,-4.138585031141414,-0.8579284858907449,0.6025741067229688,1.00200812115487,-0.9945406882137905,-0.7791895342524477,2.326941331035404,0.0710216954792566,2.8064514172562607,1.1469351007561197,1.3387254550985894,-0.5353786217944886,-2.7893816832052725,-0.6145442300381274,-1.3920395199037983,-2.41871455564913,-1.7454366946901598,2.127974334142872,2.182789823314029,-0.9541426961020726,0.12472662807011903,0.8328541865620603,-1.2095409804271677,0.6217464300578358,-0.5131674427769274,0.37788890758737614,-0.2811559350531785,0.829585986214839,-1.3762196566775746,-3.291383892028506,1.0510188283645028,-2.962448612167784,-0.86871927122988,-0.933710063577594,1.3833574875744445,-2.0660225865278385,1.6952815603604054,0.5714391930745857,-2.2378779613394557,-0.17855000278154556,2.7649729341322327,2.6853264612055034,-3.4788523904699264,-1.1451250408216334,0.9707290884975873,0.8465085523753056,-0.6493327758904843,1.4793236919885864,2.3653220560851054,3.4823191059762344,0.5309841829868478,0.3879057211231426,-0.38438571130134747,-2.188401517804058,1.3460630417180015,-1.550509833193001,0.5695918349035304,-0.4910014681516789,-1.9255354558439046,-2.051599977824523,0.3793000988777704,-1.2419532624249174,3.9700390071298868,-1.4912159247743444,4.029248019893185,-0.474987847574179,-1.2611407275262032,1.8556914953338128,-0.8428645068026327,2.24856321969845,-0.5383078552044778,0.7400881745612925,0.17159583910984993,-0.47078994851980016,-0.5167827702251802,-2.783837461390428,-0.09349803084535384,2.060988821551805,-1.9144803024003814,0.9361834402992688,1.0537522531680463,-1.3662788154369845,0.9027350158839741,-0.8769993174460163,-1.658830402788663,-0.8911323552493489,-0.7188499227545052,-1.2083891878490907,-0.6700249197851031,-1.1167704463257013,-0.7492509962232593,0.8523003053119854,0.8923437224677039,0.5326428421970101,0.8515070578694091,-0.35723545294438624,-0.7041567479962617,0.12316494432199133,1.7889458430696705e-13
01ADL0154,427.50441639514014,-99.26731184922323,48.39289053647796,-20.177772653011562,-3.200456387884658,39.7992271598137,-11.640407657921799,39.29550254422657,-49.491152939204625,-6.640593073030427,-26.277731270789115,29.29770044866028,-16.14180406922749,-3.6797750150992456,-2.145489349089358,-7.55256815835458,-11.354150380384462,2.1947454636638764,-0.5339373895335023,0.046751630356245,-0.5155242573503481,-2.534572633508755,-7.190826865502701,1.2820529474731124,-1.2333761194050643,-8.009313451863594,1.2670435664511215,1.92781959637799,5.954813015175715,-5.482669658247578,-0.4538555929434341,-1.7520940767878865,-2.2300850887402035,5.011592329156307,-2.8530081587904115,-2.343788246674378,-1.6819911294116212,2.916997262293343,-1.4304847138575267,-0.05982551548052718,-2.6007650680371683,0.29990566934454005,4.089239600499756,-0.9768669133928948,-0.750153253293211,4.677561643132465,-1.1059019218944368,-1.8889337636968258,-2.379685088103865,2.0295925525089404,-0.8722922539065351,-1.2182163911790505,-0.45461838942414,1.4363933945117406,3.374940250735049,0.9789744287591698,3.6649347049311,1.7560601581845738,1.2404291858668115,-0.05927655638884484,0.1744691578177374,-1.355158052156061,0.07777051199966395,0.3024346079133025,-1.5563166929034618,0.940383263220534,-0.21861434891397458,-0.1288267421608748,1.0620434494363107,-0.2312022372613223,0.011094503887028364,0.8839449157118237,0.26563144463567434,-0.22526360742688836,0.31645337943766144,0.6598990760005841,-1.9754331808011647,0.6421394694207558,-4.230603919367276,-0.11398845623748485,-0.5877790138749421,-2.621524050902588,-2.535808269067,2.0716118459885764,0.08722761797410676,-1.795770810570496,1.6456360751743375,0.23662907330868369,-0.8843523156184342,1.2638778238227424,-1.2576799234685039,-1.2761181395495678,1.3633488244150092,1.9863399051387378,-1.653154834580121,-1.932695972534265,0.007810657298582581,-0.4205187168029826,0.6156309230802723,0.0015043774315401525,0.18990315342392775,2.002679488326096,0.2868494501732947,-0.8102982970999036,3.2108802495875244,2.719695044395915,0.287368674840146,-0.65009975343904,0.03471916620096301,4.112176989301089,-0.8048329494619558,0.9573781005399774,-0.18375080734701985,-1.3769661161607203,0.5205693429960481,0.4713480781185873,0.40728354914219866,-0.8406698331093406,1.8235264146111867,1.668779501998855,-1.0367233654788721,-0.43207835000095907,2.872892898226129,1.6000312570491402,-2.914800354192651,-0.6606675703168099,0.16588396356316243,0.7882208186709375,0.6443473566578755,-1.5880857237550539,1.274584608145169,0.5528260740503849,-0.9209921167539532,-1.0899420964001063,-1.3594672511685466,-1.7818273277760202,-0.4772250452940929,-0.684898520702745,-1.9378997792097914,0.6109064671320734,-0.4011979578801448,0.06768932569203454,-1.2451370226931944,0.12545905858828565,1.7889458430697018e-13
01ADL0157,428.43299034169536,-67.4738971596013,15.273526380965134,11.15378917930613,2.785676807169676,-17.272386734500696,-39.35924753241258,16.131280822778518,21.793992415326898,-8.587037496636528,25.60671042879617,12.00496141108814,4.020621275602762,-10.278415702085207,19.932816000209616,-14.190536592504671,6.389521557381266,-1.462941585398785,-14.803003902045955,-10.30173016531102,-7.867980052718867,0.020819391727944135,0.47323984181100587,-5.332722330939541,2.945022028197966,1.2079687954798952,-1.4383629863945688,3.1427670926282736,-8.535463093061727,3.28473402237511,4.239058094727494,1.1214466998523707,-1.5640168996074026,-0.5627807286727197,3.832459433694513,-2.7179605231967616,1.900907633990992,-1.9192909568302317,0.7098257203654917,-0.5068402366582294,-5.208598166699178,-5.852274040976581,0.2532300749492236,0.5560150635597715,-0.48771414612814196,3.9703609139609837,-1.2199603883445647,-0.8367608962928461,-1.222600340597495,0.645640003991474,-7.6069956939715935,3.0579679730479405,-2.0634394665971723,4.12610571957913,-2.560460651782475,5.402157089370039,1.7587282923751282,0.6645698933515818,3.5486707862804634,-2.275124368139742,-0.8125295212264532,-1.3813714402928476,-3.542328460660442,1.0670731862779803,-3.517662524025495,3.5643706352751003,4.5231188625275855,-0.7985835084881804,-2.1686768540192003,-4.707011650976525,0.3508857062819036,0.10059222631259819,-0.8667479212714199,-1.704797683131402,-0.23454000740927633,-0.7702772153426086,0.797652811613457,-2.256371148359765,-0.6895309984940957,1.5666724109682206,0.937529536115336,-1.0390034839243534,-0.11314330255165508,-1.0745148513975415,-1.7815230096946988,-0.9773796949437452,1.3360912800812053,1.6926434464070883,-0.08180540310188929,-0.5379898164292817,-0.39061885146968334,-0.03665696862901594,-0.9817068650466875,1.1312811908953595,1.571244735408503,0.6393732885531285,-0.5832037027465886,-1.5563363565510278,-0.7837373425598345,-0.39225782236768714,0.060049781036440174,-2.760385009545479,-0.9006539884000121,-0.9383924325231574,0.042706618049846386,1.3343199357170956,3.2939141514703607,-1.224828079789861,-1.617901858278928,-0.7304217518229048,-2.870937030400169,1.152363530183187,-0.8890120782910857,1.1342553927681507,0.21922872490718717,0.1916560098326748,-1.8572727144348873,-0.5231466916758268,1.7175150394553915,-0.01675610654477974,0.4049812799467793,0.7359048555143274,-0.6213873285193847,-1.9629193150117286,0.790916233230606,-1.202887419948739,-0.032387191246071485,0.31710371059066944,-2.0857741525799645,0.45257490249427756,0.7726940299627431,2.28275169505036,-0.7526658674949943,-0.6101907554069407,0.805624569396444,1.1368241717363776,-0.734782101363159,-0.5352792375779749,0.43927607908984323,-0.828084998274584,0.5769861454177125,0.0548689572537305,-0.6955947042428435,0.2883041300471943,1.788945843069636e-13
01ADL0158,421.2269832344873,-85.56684481825708,51.2167683107427,-65.51111774603689,4.273492237104585,33.70303545551156,49.967059435292235,-18.680331158266778,-57.49699105821404,11.072539964653524,-41.70178563379263,-39.304887762187775,-5.270559786461855,-2.73543914081965,11.735660273508016,19.697054323512845,-1.7182264736441282,18.85011706050672,0.8843733460767995,-0.7761463582121055,5.2185284508892105,2.552839240766276,9.372186394852273,-0.24818308999472352,-11.889454326470203,7.4408416635444015,-4.1804689453788955,-4.526621364870052,1.8753654340338122,-2.4484387869027535,-2.5088773344231705,-1.52322401783137,0.33363649984541627,-3.5520350818200104,-4.430373269792166,2.857717817363043,0.8998537321377529,2.666669060620862,-7.7304358389158985,-6.071823524250107,-3.8203003670676994,3.7797041978583716,1.8519230477767912,1.5889540033741678,-3.065521866693178,3.6242680559510148,-0.3190169421715892,-2.078954119682752,-2.1482015745013685,0.5515020550394718,-2.258793962461504,-2.259189638480266,3.07884214769623,1.6629214079031218,-6.045174086820618,-0.31729117518817457,-1.314907119687414,0.031441956237375494,4.106924735477085,1.5684492258300473,0.83095474708276,1.791890111032126,-1.3133762584200763,-2.375943640496753,-1.1032303724459873,1.4652274200407955,-1.7242620839110507,-2.714035935194894,-1.2582314475987029,0.7660678969655832,-0.873463178324643,-0.7830700682629009,0.17000646774753433,2.40157858704325,2.5287241881590417,-2.0592485138363967,-1.4421909201188425,-1.333456620848003,-2.521753945345038,2.830416380030264,1.8042338795991253,-1.6707574726803045,1.777881379114082,0.42235340459667586,-0.8965342655928457,0.8639626556919399,-0.9751381896995915,2.0094100481364787,-0.8210046506336145,-1.7746292530077004,0.7065383522892847,1.7449541404508453,0.22696002824043873,-0.9029432585876126,0.6496411343575013,-0.3111967071568572,-1.605667231795408,0.2296214226537115,-0.3878587534583352,-2.4202215613996096,-2.3139372307123303,-0.8747024238101242,-1.919179334624408,-0.1593374793515458,0.4926330317711741,-0.25320850156130303,-1.6015137683598015,-0.2103106112442152,1.4705263809814686,-0.9596640320579717,-2.5359260207634415,0.7671546672246348,-0.8471784366631868,1.1608237422322745,-2.4641334533094974,-0.09625051630392024,0.5438215788243443,-1.8908784007794108,-1.2536234184553887,0.34901793516125373,1.742863528257061,0.4597906425864194,0.220131838191256,-1.127354251546958,0.381724155884756,0.7712059195060899,-0.23907152711910326,-0.3942040725090401,-0.12413707458685165,-0.28083909575715266,-0.1985313996827768,-0.5935471988867975,-0.4086591182456335,0.14665351774530547,-0.6707254270227212,-0.03331995227789386,0.40013245723059665,0.11247904442042098,-0.2985442316297974,-1.1346363512806696,0.22513187639166013,0.849434449880421,0.27231018672231,0.38448321396073804,1.7889458430696824e-13
01ADL0166,442.50297185963973,99.24172549947534,-67.82499949997379,-16.356697965454668,13.363349738888598,-20.769918532436026,4.434767740515744,-36.94521369000834,2.998461221179646,3.9678117523048204,3.7412900905488486,-1.715013551382836,-16.160279555778096,-18.42325427000575,7.999025902594377,-3.67921878663744,11.12129069589627,1.394743159791167,0.4342261798254156,-5.741500310908347,-6.866135834028385,-12.523846673174367,6.740149836494301,6.848490257193831,-3.159621816101396,6.991961848479194,-10.715530704285499,0.17170659293890367,0.7893553460373055,3.5131113428703573,-5.701726745552384,-1.1612991061110538,-2.4305338320768644,-0.4509186870187402,-8.702292131816462,-3.390157417478894,0.2706083329740985,0.19828800438475616,-4.215059707752534,-4.022987524221154,3.153445466321699,7.225142976532344,5.396069605105149,2.1137394449250233,2.0594071096298023,-1.8947610769454046,3.782543440404631,1.437975794630857,-1.265465521165338,-6.363763861190187,-0.8838855233500923,6.177284651526213,-2.627374425100422,0.899270322074588,2.18659756945219,3.005093778528841,3.620458003049127,0.9243543120236838,-2.0067048211159237,-0.7736041865839542,-4.404076894732863,0.768939916804964,1.4496472325461827,-3.4117852809664413,-0.7611402499022586,-1.1324298137502398,1.251216551746095,-1.226694214217643,-0.8702599399207714,-3.165907929220905,1.5037869777739812,-1.7420248271554752,1.8783115771365493,-2.5232048622707888,2.622726971475768,0.5309627560331613,2.277121645791759,-4.408400292494668,-0.44937642681237355,1.581845903141607,-3.8616008599930107,-1.879927979070938,-1.0315570683394237,3.0796101116918853,2.449578734079667,-0.6388997216699497,0.7989384933722269,1.5523290661786704,1.720214657841549,2.183617800990878,3.1432284764685896,-2.5838188764820953,-1.8385928588194373,-0.5716642017648966,1.0802296533394504,-1.9240072756188655,0.21001178344383462,0.7990827642952206,0.7528442026446649,-0.35433880780335086,-2.007637040707161,1.1314790224752622,0.3398152737109226,1.3878616897345615,-0.8853112987544375,-1.9797536016060509,0.46251582294092786,-0.5890267460885855,1.0297293409816335,-1.017844762409167,0.711354711265283,-0.4489498814300797,0.03798482754185269,-0.8156027286017534,0.9616440664252983,-1.3380257412286725,0.3624182750253203,0.017134889499785935,2.6854589835666,0.07633904322570291,-0.16100249864633343,-0.18056019134466936,-0.32842208284672747,0.5588863359565489,-0.846531183355171,-1.1896396652389316,-0.12462709397355093,-0.07529417413233778,-0.012412498752220256,0.8069201577288894,0.3212277265353557,-0.8847823182406156,0.4103723047331637,0.3553768184139689,-0.19056975123281986,-0.3594200047969523,0.930190388345224,0.09006057553600094,0.013524925660887676,0.8608370657852663,-0.3240416332793547,-0.482258133331503,0.7686862214643507,0.6332244267073776,1.7889458430696591e-13
01ADL0167,430.38205227524924,19.659478011887273,-5.111267738734297,36.68453190120442,-26.376289647269036,3.747704528316588,-9.964304825488865,-23.312797057180173,-10.183257261430818,-15.667558419592734,7.506228174530829,-27.792418564807203,-20.29900435111719,2.5686072451434727,2.266483850260067,9.113709857485519,12.283091642350433,5.548132033141039,-14.638884138335074,12.847607827934667,10.3683126767275,10.501080282630378,8.708169803153814,5.85032207933974,-7.256778621742714,11.993310590934772,2.056504048994178,-0.2351114508076035,3.9836097162362427,1.6543193248124786,12.490372331568203,5.870142873653037,-7.084842610450578,-2.6211969411196736,5.417016213977704,0.13629109854189275,5.160208847473109,-4.760492155585789,-0.22232290385060705,-0.4077769086185565,-2.1469512869473846,4.857753893388361,-0.8763929933496547,1.4925800961039575,5.635508807813078,5.579297388091311,-0.4900598490271802,1.6843510162960333,-1.0220885714967733,4.764770194202709,-3.822615660841891,2.492591937320373,-2.3746103171445463,3.763387603098414,0.547010069564769,1.841329411457861,-2.685757896999668,-0.25119426317813814,1.0312385595469673,1.1828318487524572,-1.7668375712411757,-1.9893091250680852,-3.5205448282115333,-1.6512438203692426,2.896545287536141,-0.05994960611206149,-2.7283848843929985,2.0199654444351847,1.726327579613075,0.5391264413367614,0.6709274189877228,0.6754522645435868,-1.587508646309253,-3.712599977546987,-1.02702899575871,2.551563022283533,0.6426593638392344,-1.129174223509254,2.0317701238699652,-3.1921602729216114,1.3506186511676836,0.6958649416535544,1.3129371110890224,-2.18877216020399,2.2029316945866744,-2.286843817598457,-0.5946827182991978,-3.671741970238415,1.3082068683932189,-0.7775098139614706,-1.6508916628807289,-1.3344992455176619,-1.9299896807453754,-0.2054665793970149,-1.3829113621272358,-1.6660341404592733,2.5468501209487204,1.3447789221157915,2.470290022021097,-0.44726415940836295,0.5844419358747909,-0.19353031684403224,-0.6739499444913846,-1.923154066539569,0.4114036078493852,-0.8973450780583183,-0.44579040627144856,-1.5031113522334283,0.7062224628923734,-0.37991012119233636,-0.46934996315254496,-2.2568009450177855,0.6433435279065454,-0.9014600016821389,0.7690640215474625,-0.8770413606010363,1.165164731119365,-0.41912609507454684,-0.4364748639503264,0.6457322485816755,-0.11445778025587502,-0.9529017855454729,-0.045144563235618745,0.5933096631109922,-0.9769672145207171,1.0198597937018254,-0.20611203883267276,-0.36201780316977195,-1.1369590655489308,-1.3539165821409371,-0.8684100951947857,0.7382561350109352,-0.1344686911324578,-0.13741900167952525,-0.37912101838153944,-0.3968190698742375,-0.8329662045122486,-0.5493299147945139,-0.4191546695716337,0.8673765401763064,-0.6591396963060628,0.18331948244041954,-0.5645640326667558,0.2347115862892163,1.788945843069677e-13
01ADL0169,449.11622756744464,22.667542186592968,-57.01745795302717,40.97540842640196,1.8955203419922395,-46.91303583667367,9.756078289337086,-46.74139181779294,-2.4151392428650693,-4.666938616209333,-3.4873581872504174,1.7720247195832863,-4.215692116224707,-5.154105606419302,2.435026754142405,9.653986289911304,17.187761640682997,2.5441447057999715,-10.726296511462476,7.055235323070377,-0.14876458569644704,-11.086603764888597,4.5401537032476575,7.290964325372276,4.3831466540720925,0.7724539800685963,3.5940726280881146,-0.5742996398888548,-6.254249298113095,0.6171865566805321,-3.0550021223579233,-0.4828963271510774,2.508229619793328,-3.5748407305677437,-0.8588064717371023,3.9494240316688507,-2.977314023058535,-4.274403973992097,0.7769788036066574,-0.686823010147019,1.1999540546306182,-1.0957317265786763,-0.9171037386603182,-0.02724162694776357,-0.529493393506362,0.852929307160999,-0.659832307087606,3.52706519341451,3.4603033514559796,0.6607146994516253,-1.1545616510696617,-1.4436094241827737,-0.5411832953925911,-4.6964414579805736,-0.46595428886915274,0.23125026129518125,-0.38870560068323223,3.5087541701775034,4.38440529239846,5.1998338891047355,-2.2403571958959354,-0.10172610457394263,0.01188079985104192,2.7687164384917655,-1.544178615609462,0.07692541761830701,1.31962850253023,-3.305498957367666,2.6481445899169564,3.06935733458055,1.255388815565769,0.08946813772227112,0.5886567477969081,1.292362705720019,2.814988123963357,3.228908236188695,0.2782010574047557,-1.1016988124280662,0.21785367694454072,1.6726955219442783,-0.3187315219104601,-2.0086021402501584,-0.440013917495862,2.7275768887815115,1.6967575411802516,-1.5259414225530314,-0.5091889020832596,0.6599283355422932,0.4710654883577665,-0.8730221075552923,-2.8515607416166158,-0.7107620023989157,4.234571818893381,1.4141765835872924,-2.4724895363682218,3.860262288920403,-1.7337651455187815,1.600622542184217,3.747550383033821,3.323545133913601,-0.5399788488759943,-1.1894700799930795,-0.8194426815678402,1.1561358613080293,-1.2630009412673064,0.6021575184327448,1.7701281013100165,0.2224530213379431,0.30640993493781615,2.3215786452248652,1.366186363628171,-0.21632149418073782,0.3306072011293491,0.1767692579015413,-1.3374558323593375,0.8478702925992787,-1.4859247129989648,-0.30148314136473847,0.918990355164101,0.3907462124497278,-0.29414548979185995,-0.5264882601475657,-1.2492439430065414,0.7180341307421383,0.8891070411165998,2.8738531244337207,1.0567820820549922,0.8437298060979247,0.39934730033590765,0.1779809953826167,0.5564760924134681,0.07079965799637343,-0.2929146875414735,0.266227147561647,0.26882712794037295,-0.15504889036747224,-0.678443056728957,-0.4145332489481766,-0.7973741073389147,-1.1373146206815494,1.2866546918570059,0.6890468196952906,-0.43719425762430764,-0.8369595181451795,1.7889458430696892e-13
01ADL0170,431.76800099311436,28.570590370087718,-2.2327964937979297,33.966174433503014,2.5505271342112166,-22.028886833114264,-7.7013723987526115,-48.57854793436024,-29.30187345443684,11.407606260922691,-2.095866958502546,17.060599540229457,2.6480336768808823,-1.5236480439654114,-24.624900525989805,5.678475445882162,8.357049408301421,5.763874180829446,13.780821126230345,-4.483401501394951,-10.64980005188266,-2.283932548865853,-8.64005453653011,4.628122909443454,0.46565277270383887,-3.359977909697599,-3.31463287668075,-4.147395463789574,6.057481280367077,-3.5569159216615347,-3.6750164969675945,-3.9937130247838324,-3.1856434094689643,3.350888116870779,-9.925721042432656,-0.9573536260250642,-4.337627513338911,-3.1274195364997417,-1.8705573051073734,-1.5945105251359502,5.433078240967663,3.6240720937060296,3.1102004525204476,-0.8065282065110698,0.22305284214798773,-1.8016117031442904,2.860464721387077,-4.454724483965607,1.3763019262545013,1.859057427036673,-1.8924802260355684,-0.5237861890736968,0.090568422836416,2.61795074830244,4.309798048949012,1.118706793818207,-5.900665483570512,-3.8226055531980654,-0.11596395422929365,-1.955479888547686,-1.0706230702665194,-1.588599787061311,-1.8516864810687124,1.7810832427789443,-0.49358606099730706,-1.4307681691067395,-1.7002863842595615,-0.8038830998109756,-1.916354036423456,2.7895241426370054,-1.8962212962857505,2.1941390298046497,1.6646341407049206,0.9270261168390487,-2.174743096389927,0.14910291701096365,4.426311107952989,0.18575946050509756,-0.08720543516990378,-0.5242504002059943,-0.5496991716170706,2.3074388776781456,1.3493956870730421,-4.3241736591652025,-1.0684367046381071,-0.6157091894011849,-2.630309221750214,1.4637584214926636,1.5938294080012292,-1.562614148865714,-3.9317655691892437,-1.4721943247743827,-1.8562693174734957,2.6932276891115485,-0.748156488189833,0.919449422190597,1.5608305078617528,-3.24818652083838,1.8184118162293479,-2.0638231400247036,1.2078105866930064,-1.3520390885856883,0.6277828877832985,-0.8681591229831697,0.875731315352335,0.1901221187610328,2.268224122958697,1.7031822155984233,-0.41544667102195665,-1.0749855860660746,-1.7377416589926822,0.2590782457913818,-0.4671075563920992,-1.5057081423886611,-1.5891019917742994,0.41532517121443197,-2.296755838795368,0.977798471910577,0.1330800247721695,0.3889299409617384,1.4815416924269227,-0.6628477141201806,0.3462999079228332,-0.4042540479251427,0.7470111894042588,-0.506674764691298,-0.3697737646010438,-0.12149657743063456,-0.06638827183364097,0.10070477625239621,0.8497069804786347,-0.4783300688738566,0.8428933305580087,-0.3138826113670975,-1.0979085122256909,-0.28660817845110986,0.45912350415360415,0.6292161634742403,-0.05278743676474886,0.07744003340703445,0.7093450489489139,0.689540910221126,-0.17876693998145068,0.13062998412689422,1.788945843069665e-13
01ADL0171,432.7301985950172,-13.185391214045296,13.765941928875389,6.7193698645976845,5.985227725293313,-36.70050590396533,-2.523784376806693,-17.311559181965418,-3.7648074235254754,-18.39444007641031,17.580016992247685,-12.463611788869432,-23.133451780386814,-17.189097799094682,16.293828552434654,-6.15794883357803,16.229151698357615,2.6372364978519207,-1.7121015268464321,1.5129407882761656,7.725913491932402,-4.778318377113018,4.76875762455241,2.004874065413276,0.5875499588094832,-5.182738504925866,7.051742959603132,-1.4080683497121305,3.175341280773358,2.5953743293788403,2.923514064289705,3.646285769606829,3.123600447129642,1.5113886472554992,8.066959267477088,-4.0459491991906775,-5.054496679557514,1.8221390479734279,-4.68451707324067,-1.0452830886717075,-1.1436476895893464,0.571840146442362,1.7729646237061414,-2.390300170774611,-1.169521813525398,2.609036999058131,2.553290920301425,4.536312973137451,-1.4552439834125281,-1.0435928230089162,1.1814160734491428,0.6946087022405996,5.526251231622221,1.2815190025355276,3.624752818966742,0.3284683251884313,-1.1178652957785011,0.19672085517953197,-4.053304101451011,-5.4128823419049175,-1.3884965065159587,4.4309778929235435,3.4887811421836723,0.8308049567845954,-1.3584530520936262,3.3122452625010204,-3.452702602169932,2.7167681387104956,-0.387153565078048,-0.7242941322761137,-0.22507256156001706,-1.3087108293442395,1.7951974982426095,4.077383906061454,-1.6237197239751109,5.4405823329599645,3.6417539567366957,2.6648340342670305,-2.0328153333021515,-1.9455973462987757,1.7899720691054128,1.4297679955493734,1.223560948435784,2.328177122203991,-1.5693538755728287,-2.109269823582292,2.328574511870454,-2.1168644169928754,-1.2721359243863908,1.9215628794172366,-0.31719985895201563,4.811826993942899,-1.4181375396651676,-0.298663705549448,-0.599706686378642,0.6725091108202069,-2.2647538611493436,-0.39351573878854157,0.3620065057820398,-0.05981314762735593,-2.9098612808428075,0.6086704605250878,1.6090895201796367,0.4338384264101334,2.1057581598610096,-0.22250049877365197,0.2088384041469339,2.7202367934801557,-0.18417617301356662,-0.8562655794496319,-0.6793254930569228,-1.2702917081426786,-0.6493722478844959,-0.8010201935621384,-0.8996453908600623,0.03149996995146575,-0.7632047423826069,-1.0413716590318587,-0.789491202411541,-0.7876206881750581,-0.18109597946740025,1.103414693068625,-0.42498594004306933,0.2361440647392496,0.22286248054892246,-1.0081415154255013,1.247249887781255,-0.05738248377504978,0.644752362380057,0.4997211898380423,0.7910170513081415,-0.30380715954551507,0.08226913434541405,-0.6311145816109712,-0.12831176289794288,0.7458830996791458,-0.300041222199849,0.5673577800861621,0.23765313539042504,-0.43617981528578675,-0.17881959514501553,-0.2887194279137619,-0.5208695307789182,-0.19943509251553274,1.7889458430696786e-13
01ADL0173,431.44478854000175,-63.02681242145338,21.522521058831266,5.948744451471007,0.5124949927278543,-0.6497992849418966,-6.951561359137482,-14.734289965192014,-12.864354553582492,-18.296890078081198,-19.100908506220776,7.020734079287204,-1.4858770298548054,-5.224034285533336,-7.006677066606683,1.5364903325664345,13.363964278526224,-1.2638057260436515,-2.808901791781984,-0.27663987082582814,4.18134612962812,-6.222832097793342,-4.891286408646541,-0.523674018800502,-12.037009794362243,-4.711539185285774,-2.0819070768017607,6.671352049863108,3.399399575883529,5.592128520609251,-0.8027173520459431,-0.8286165824572367,-0.22714595054957593,-1.5610430552564962,1.274111594472511,1.4408754260659564,8.179746821610086,4.921737571505215,-6.896039316132831,-0.3911043036684598,-1.5124882832661906,0.9702356224204584,-0.6211813273210529,-5.670098272850801,1.6694388152806472,-0.4084047333870802,-2.909131151322117,0.7479021464419362,-0.16295634921355087,-2.539191932857728,4.450324720237231,-6.398403780808988,-1.4437123321662912,-1.106502688804985,0.7762089750516296,4.584397121566252,-4.183872773594573,-1.097267870646521,-1.3624626944400906,0.6690331646329444,-2.350143938950431,1.3755750611930633,-3.6871464317798757,2.7400641680459263,1.586716271192678,-0.7585920450760465,1.3017496884171385,1.2280391393764372,-0.056190486726401485,-0.015557465678826737,0.4291179241597098,-2.567610589007255,0.27393658156269307,0.0002174706161764925,-0.3061931106506923,1.2263161589533507,-1.6985252805728335,3.553290823475923,3.1229334054367945,3.6534544633524972,1.4081607284859299,-1.3136494975911328,-3.178254403836808,-0.2774087209937926,-1.717253366157976,2.186096408319474,-0.8853810215733776,0.3775233817380542,0.013510789180590997,0.09278279013904343,1.0827710784546005,0.16164143231227313,-0.657334518669426,1.0249011495449953,0.3164601273079344,1.101442519855326,3.3334701412467025,1.8599755291207232,0.4964396291064124,0.6500780349652562,3.0417898295433545,-1.3894785129445693,0.6069249338247245,0.17773813239359365,0.8909010845102948,-0.7072983401187997,-0.3720891896831941,-0.017556673054462516,0.6201301543408639,1.3721814114059325,-1.4998677751132448,-2.3514197607219045,0.20520835620312144,0.6658345683859399,0.5480377885871043,0.26417840453321717,2.5114824212211024,1.6183358821947094,3.0401709583274537,-1.2640541945962624,1.6711645895647806,1.762057447900082,0.5225323819042748,-0.5679213721985505,0.2514819061595461,-0.5703780208709962,0.6026496040615976,-0.5053215538816342,1.1910841862734658,0.0695761121199739,0.7996804266742703,-0.9331335159881133,0.18071387919453147,-1.7067907731126106,1.9208152289293756,1.3043836705667946,1.3659062384809044,-0.7121911864467355,0.3880858788228344,-0.8109979001645814,0.17817169632786092,-1.0562558442929644,-0.4554082797627319,-0.009087983131113817,1.788945843069672e-13
01ADL0174,438.26295692396167,-91.44544127259967,67.4721158817427,-44.2650422237177,22.079064904469394,7.754157535807222,14.00703101462697,39.77834459757003,-35.80760329209421,-1.087826527398575,-2.864121984202857,9.546362417807668,-9.502435226814834,15.98556394293055,-5.093470820651926,-11.308274798269524,-9.060551333692743,7.165502455684052,-2.6185657497586,-2.3902957952384325,3.4170742255017195,-6.413947268831336,-4.741461672915883,-2.882931215569314,2.9805449757367297,2.0960796807274735,2.306572966446426,0.053145779402648724,-1.1425868844667286,-4.534459801889295,2.2737117829534688,-4.273042694905763,-3.505172384780298,-2.6266736709284197,3.706080452669287,0.0070767058275373615,4.570786375782021,2.664516634184357,1.6432224904358095,-0.5445772989764289,1.3797419377791655,-2.461375116318461,2.42587437275645,5.040688912005635,0.371134953053893,2.030259306776077,4.393140940523519,-4.168812450680888,1.8099984959316484,0.8675322779177415,-2.314014883207803,1.5363766103157246,1.9853403242739205,1.2033264291715773,-6.4372825294665175,1.0868441811497662,-1.0447167250176048,-0.023714233322951743,0.08467245356942481,-1.1095697827042283,-4.608597799822702,2.7582074148186093,-0.6914863257968696,3.4497512799609393,3.189390634364378,-1.7017070996543113,-0.930122701625446,-1.157894405854749,1.859677892659318,-1.4720081123296036,-1.44330219502902,0.30875900695511854,-0.2577544187865278,1.4659534190141095,0.8049239405304489,0.19740671484582747,2.656767784578282,-0.6705641195814221,1.4337174039403615,1.150249381115455,2.050177226601434,0.9439959600474231,-2.875418082186946,-0.20045626713458714,-0.7981643286812128,0.8540965651065515,0.6118462440752026,0.4730567811464535,1.1812613968984076,2.406118819187801,-0.3852501148616834,0.3235809319725352,-1.1286930192810805,1.5805092831039125,1.126180143489544,-2.020793353754758,0.7775517173050622,0.9685651115219952,0.13169378478557422,-0.2789059736413924,1.4994281105330174,0.17894252358044255,2.527977937139904,1.162729907152473,-1.1621152033349715,1.639534907607163,0.8756052288666575,3.4147608534213023,-0.20007070306767447,-2.0406422169140344,2.356839945237676,-0.45226438258282625,0.9472178553396451,-0.5660353246534703,0.7212789741857087,-2.122696131278821,-0.641698361643296,-0.7624593788880623,0.3161867904173852,1.67636659478478,-0.48080027435677836,1.1138045610461604,-0.3840855697465612,2.6675120415743367,1.78385244615556,1.0656944831324147,-0.4172184135593188,0.47666109583958066,-0.6863648492560336,0.3282286508920395,-2.001206691107228,-1.4746209904563434,-0.9763225442721221,3.1122911432489526,0.7630231945962073,0.1642138851624134,0.2714238401924302,-0.9150861509981141,-1.3977169382792716,-0.803733287855784,1.0746700271929277,-0.46520545542599073,-0.8905983168796312,-0.3077569592882491,1.788945843069667e-13
02ADL0006,-396.52402533459104,-16.26510460153979,37.9331278121986,-25.499319031979955,-26.418730267251796,13.662028923474104,29.136587671680683,-46.72812148612795,-5.239452925855056,-26.055104985359655,5.23251699206915,-17.299770062883635,-4.753619058947394,3.69062707394905,-7.104448466219257,-14.566089572995555,4.862965253458845,10.484002471714192,9.509694845638222,4.169729013821169,8.567966052926197,6.766083203236691,-1.6955175626509316,-4.724296049709167,5.476118926776832,3.65707697295832,6.682583171801302,-0.27953979517347644,-1.3839731149841379,-2.2311428901449983,-3.056571268658146,-5.235487589612565,-1.9597960817810363,9.799607040310564,5.1596911027200845,3.7671368636934655,4.396662841383956,-1.2668653157292251,-2.9309767305608503,-1.175327873562963,1.937057449724858,-7.76394188598163,-7.161748323175613,-3.755049881716676,2.165334294752369,-2.599577174047929,-1.166680012143229,-1.18125006672232,0.9760980520181595,-4.871785558974905,-0.6931682725461059,1.3006018027816544,-1.1788547323979635,4.441496453893124,-0.7535909160806268,-3.3941158643078966,-3.010423313827373,-3.251596499163319,-5.13121009497025,0.004527293237629851,-3.301262556849538,-0.7650821978203922,-0.2633496347606558,1.12937380697128,0.18240644375334034,-0.23486403337915907,-5.512769594003826,-0.850617844622108,-2.395447298686314,-0.5818326454684549,2.7330027333986626,0.5389548083649057,-1.8896338668549348,-4.284163275107405,4.7309559262101,-2.0702156795448543,-4.853860596631129,-2.154236537062434,-0.5476236535707494,0.7847716424048539,0.36531397105254876,1.2223831891929504,0.35991279292724615,1.2142641084950403,-1.5475177128669928,-0.6999336203067795,1.6558824844141662,1.128662346185343,-1.5407226623396786,1.1914833148776391,1.0059332765388405,-2.2479306974927296,0.01345564593689027,-3.263634926806855,-2.2130053074648037,1.1642538066937738,-1.4978950346522584,-2.808513390393884,1.3242742344332419,0.7603648806059847,1.327231937404886,-1.0115007752062906,-2.17656047467716,0.9810630559023489,1.6904015771385965,0.8339505370543298,1.3894698047826983,1.030307663633019,0.9361695705308049,-0.5101001171231488,-0.8732609543401241,-0.26664503586169447,0.12055151780756275,-1.1511964869208051,0.5007550288584807,-1.0607322066198013,-0.9319662004953334,-0.23372782052541544,1.483238264641643,-0.048274129621176026,-0.5838820729056331,-0.5115505917130216,-0.8406397651477968,0.03595905107670077,-0.48655428598947603,0.1303120205613754,0.4850130454581789,-0.3888990268318265,1.3572585888189257,1.1030363121089464,0.69791934747337,0.17710545027448704,0.08051083758921526,0.638006766144358,0.10179856336455156,-0.7843643172618073,-0.33895692079914425,0.7415932822060001,0.08895106518138016,-0.14022748185864534,-0.29577031034711304,0.293388249970814,-0.7736317304424892,-0.00752702785637485,1.7889458430696465e-13
02ADL0007,-359.84886010909287,-44.60917613268403,-26.743583070410157,21.325907654402595,23.120795886248207,-18.83201432032488,-5.990611817183425,30.60837216378651,5.685162804823888,16.917699983687474,-23.561987265930114,-9.800202586477708,6.416923311742346,2.770671392719311,4.533519539537804,-3.7626070969504264,2.296460042208599,-3.6470841351220664,-8.645809131441865,5.58481332000136,6.245347795995417,-1.3011419932662893,0.2900869001664102,6.465291546326097,1.0410569727738828,-4.804183192835694,3.5607041510398725,-9.394042940463331,-3.2846349537468096,3.178323358532734,-4.769038355313462,1.1573801305938978,0.44040455025250747,-0.1776428439139724,4.91858471421288,-1.2891639465517923,0.6978528313465069,0.743835528323886,4.737886766514604,3.5210656391749344,4.7253435294726644,1.0055812127286756,1.0833465884617364,-0.22654491646489555,-2.2000124655871414,3.350882527195483,-0.4302842164577038,-0.46989140800461765,-1.9288948776635628,-4.788297837579786,-2.8562505767094297,-1.0263102554136971,0.25904239411234636,1.6078321392843675,3.309787843568282,-2.462934961238925,1.1909717797917994,-3.184601474621921,0.6568043947745394,4.187882181482743,0.39763405735389995,2.1600570842344786,-3.0444686880958325,1.4701933477889544,-1.4357167807396818,-3.6154490296515855,1.0001825526164951,-1.6842371936116576,-1.6356788018958506,2.6761471772539474,2.1673461353672003,0.24709602084988067,1.024795778877495,1.6513569546659452,-0.2504168330701698,-0.24848738199541215,-0.2957817553195847,-0.28135221724040216,1.0181406833047615,1.0857023848380807,2.1607831633908066,0.8928381742410652,-0.7514124163979944,-0.8670223611267709,2.441113167771303,1.4833574450915663,-0.08471920077932045,-0.1684312336544147,2.059319298949102,2.213508105004962,1.3140454769148022,-0.8019204296436282,-3.168593061053034,0.16534700482389172,4.031830608662049,-1.8318243053205472,-1.3404286821624412,-0.12099658529804251,0.3037988132617852,1.4957431547132405,1.2682952459287793,1.2865388102066138,-2.0078033749438697,0.3830554795044726,2.1725874934275775,-1.093121777268741,-1.5948220067662786,-0.7298997826360994,0.48215617337502115,0.8328535118338254,0.5389066004762229,-1.7348464274246505,-1.4290635400762939,-0.23173542470657205,-0.7340360277505049,-0.9181260910530304,-2.424408191547157,1.135458946721839,-0.7947003392383312,0.38223255737422407,0.48659280659789467,0.9071819382980216,0.74472024326204,0.44106191683401075,1.7802015509020528,0.380863853521608,-0.5552240535187636,-0.9242683003481896,0.5754568129449827,0.7075898078377609,1.6090651489475836,0.9041938883991837,-1.8685362066271909,-1.1255995379028496,-0.7638615356957377,1.083572023044205,-2.2390799713823815,1.7714238357082093,-1.6358919088701414,0.28945989871452266,0.5981633335764084,0.08607954773332231,0.1869015692631633,2.7997478098086526,1.7889458430696766e-13
02ADL0015,-168.40862709073897,21.781394914894104,109.12164946815847,161.4882246814487,169.8135569025582,155.169675663657,183.23935212434722,-24.53960222423068,64.20499890060725,24.89465718594557,18.62191655811246,39.55476234749653,-6.65806183917315,-12.074715508083413,8.696320292887881,-3.512146391487701,5.884453963030363,-5.321014986377488,-2.444464569692541,5.725851414812154,-0.28316117218759984,-0.27676638180739416,-1.5964336120195637,-1.6890221814814506,-0.745183442956913,-0.41388642651941243,-0.9964608296304981,0.404189657691324,-1.0175305443517426,1.266844291391343,2.061568611510928,3.223609132479558,-1.084278033133244,1.6056897432750796,-0.8884822229167721,-0.47706756277890167,1.0086457874667423,-1.1582895663291854,0.05478852499440449,0.10864040804386386,-0.08708724086634134,0.7170588412052976,1.0577298019415828,0.4551490444823738,0.7767933842132324,0.088795873487269,-0.2566299657134589,-0.38962426609761636,0.360570344462906,0.39909305546767626,0.033147416503310594,0.6998564704348872,0.9068105177086869,0.1969828459397933,0.6611476948250868,0.15173239060507554,-0.8529992968288614,0.1974642083829011,0.49660520453422613,-0.24426968550498723,0.1383421548821688,0.21654065817040966,-0.6077175168655743,0.018265246627592588,-0.29797341792153115,0.030349962791462994,0.6412735681399107,0.3163382293745869,0.16137656041288456,0.1427819601113782,0.25917398047641405,0.02007561462863332,-0.36428651593624034,0.24125161369418982,0.012435098844218928,0.21165804974539829,-0.03887595605041807,-0.1455974877203469,-0.04071022919823058,0.2890609512249869,0.2152410780495867,-0.0632567032799687,0.2177786779740618,0.07040206704950569,-0.10030379873323594,-0.15605322582604825,-0.09571034106234463,0.12587453390850029,0.15081423174653139,0.11027412379862349,0.14207285944946713,0.12934715232811184,-0.18197122362005402,-0.005266204044976261,0.002414853627576059,0.054087637639305026,0.020763844296667965,0.0043449126738782165,-0.07991711552314403,0.013853849949457094,-0.05008018789994414,0.021282960034009837,-0.0036533417026311434,0.07665863403846405,0.014751726775343907,0.03905039837921407,0.01405365743632943,0.15498412192314742,0.16423931167847733,-0.026138781800666762,-0.15428843678007118,-0.04461156957568892,-0.034010807121474494,-0.001487440722027007,0.028808835193429617,-0.010355752558031317,-0.06899356806031892,-0.02157264397739621,-0.1551373759336044,-0.13010427921655116,0.09827305656759953,-0.03097831683804466,0.10211030312771507,0.1316996425581703,0.07854018242876708,0.03960070210592459,0.032569579970920574,0.04653850066108317,-0.014867833426064443,-0.04017521893186201,0.09947615942648562,-0.005995774056063126,-0.01243401804753594,0.004102451353769589,-0.04995418350877955,-0.009994710344708856,-0.017248151462307054,-0.023874509532831625,-0.037242440989684954,-0.058871530596806144,0.04983679432078639,-0.020482764075966883,-0.028486276220500675,-0.03471202057795274,1.7889458430696745e-13
02ADL0020,-386.5586915851339,-121.27672700372432,-115.58942656830922,77.65385501743388,-13.974138289560054,-39.55990893299657,25.631253980736783,10.419729624119284,-29.10674372905817,-1.6669693879969423,8.819649566460166,2.568843372338776,-21.73075874608656,1.0531419534755078,-7.605806562257627,15.491078926984182,-4.75910893949764,-14.54313609089577,4.555075553681822,-7.4093033229914225,1.878519068548721,7.242978638130125,6.8979266841096605,-0.7876934802196978,-1.1097804615240157,7.057387994046099,5.322566539420697,1.0190723165536468,2.7520999804114132,1.215738317515288,-2.089508132550263,-2.8283151721611195,-2.621764072207768,-2.51199365390688,-0.9395880744072588,5.032696753120395,6.8650814695199704,2.9594417913152533,-0.025661191582980098,-8.007126443957363,-1.6951804230321115,-2.564837324770861,0.6380684829871035,-1.4371953548882233,-2.178942065301601,-2.27375405875362,2.6309274328556254,1.622019010711539,4.90894511684942,0.9679295364693214,3.054154395499124,0.7427127375462622,1.6501055347620985,-1.1237017576484003,8.253221654719962,-3.8377197529867844,2.0114294560077863,-4.047253975980565,2.730260124683309,-1.6175383286252059,3.6432357684148227,0.930806737730394,-3.8953452210543924,-3.0510583786402905,0.8939759301381379,0.5598166653735468,0.6975269633325726,0.4199409913054572,-2.444010405483718,-3.870484660717287,3.6533759954116842,3.416021746559009,-1.7363644199863044,3.123075769212844,2.176948069249436,-0.8886475338960722,-3.181418142600675,-2.9101472850019023,-1.9751692673409555,1.693770724126152,2.410097576458123,0.48462233529267434,-0.9315139784627373,0.3009865596086154,0.4216353895000488,-0.6908850928496822,-0.07743168570167289,-3.2222423307447445,-0.9002011378528768,2.453200965176529,-0.5420798938030166,1.7565638931598049,-0.9843494417621013,1.1774711628903476,-0.6234533975840094,-0.5440370163387195,1.5328219450712097,-0.5496141001297765,0.45564751473607407,-0.06958909561568355,-0.508296843601246,-0.024752971271128868,1.582461368167252,0.9269733290672976,-2.592316225544784,-1.0476121873283593,2.126955657538617,0.7287036139139873,-1.0442081323245083,-0.25449535975285764,-0.49258489912881626,1.4336692690558295,-1.661384970464538,1.3309443215510943,-0.10487155274713096,-0.392356032752462,0.46534659087137303,0.3385202317856525,0.044807909432371715,0.21804554539589432,-0.5422121617064769,-1.2587662968990647,1.8140711836740426,0.5848409404401905,0.9153205112599304,0.5260068307054314,-1.0049734899145406,0.6277984761316343,0.3154082729275281,-1.060674679097954,-0.03389468843000237,0.5809625568508855,0.5304400899294328,-0.21782850633972575,0.14132858947282,1.0666941175996691,0.4666252805702473,0.09928920866007282,-0.3821882603130688,0.09998125593667022,0.7915492195377387,-0.8323398548523564,-0.3117875466528065,-0.3964032860730738,1.788945843069669e-13
02ADL0023,-369.56843800201585,49.67466766274496,126.28588855865247,31.038810572427295,-28.75231469175,-39.49146526149496,4.4380670899759815,16.552565124042154,-3.8337772434932793,3.6698969451043157,2.060473032061111,7.528650356586607,-15.569207112029064,28.06215673197976,6.211094298866882,12.300208974699654,-1.3618766343068875,-10.098992552528484,-1.348608549424931,6.95513137053263,6.310922752762885,5.363850244118424,14.001602253630958,2.639938720707562,6.174754192339532,-1.5126108947174755,-7.174666528380923,2.4321545383702583,3.8508728198093025,3.4967980775126093,4.548704251308739,2.112720687567964,1.4432460138456213,0.8507973122256394,-7.9909908148296624,5.558104880567595,-4.254238523320523,7.329969049380949,-0.644225041888427,3.83281279486345,2.423691034199928,4.162623133867702,-0.7027074033493901,-5.26540411845001,-0.5509436480989022,3.2070363755806186,-0.5741043954158042,-4.531615083938345,-0.07708935665890396,-4.534017728996037,-3.2487156928768135,0.10489778710891634,0.22798126527112722,2.6074347656306167,0.1525411031360508,-1.928221372902214,1.299234105665155,2.279354586854571,-2.6776611110198707,1.2266711675970332,0.46965100581212665,3.7740256150685916,-1.8425729788670004,-1.7648219527779527,2.0627565756413713,0.7081068745032985,0.9052202219534973,0.5189688503164889,2.029090576638156,-2.728755130242625,1.4030390211822918,3.861578616296718,-0.9266038172613581,-0.39599369421932423,-0.7976601661302641,-1.6555702270017765,2.258107073847851,-0.4759803426576879,3.77679300964339,-0.09543313580994078,-1.3815919772718608,-0.7623204432373095,-2.798584105874572,-1.737704689395748,-1.7566830878476627,-0.8368812638406213,2.638152863955749,-0.00022452595534489406,0.044523811732383685,-2.1182762925001537,-1.66360575940186,0.24088606115654496,1.1728059194603724,-0.005855824601477302,1.5966012099556584,3.5892665087552977,-0.7841362510358558,-1.2143444056255306,-0.7905476629479741,0.017082929304334266,-1.9947604919749469,0.2947531416685736,-0.7839400377591679,0.5840824362798551,-0.019286477117835744,0.6089669843100506,1.6343456210283964,0.6656525617890688,0.048574097918102965,1.4900157137004524,0.4168690724644845,-0.5311809450615321,-0.5078615882684429,-1.5738827212481967,-0.3898900997889665,-0.5232776491070382,1.3571414316749086,0.258512839971917,-0.12539422206455836,-0.9539220214570249,0.23356756523627145,0.4245723953101489,0.21414860966384247,-0.2564965007357271,-1.731533682824035,0.7774988062678507,-1.6077464562550958,2.1711923472584265,-0.0012005590843100695,-0.10855157996655161,0.6494977860894291,-0.7846811300608582,0.6388579944955379,1.3858767867228399,0.28291598082716657,0.11267107262143508,-0.5128437246181956,0.3947462764185007,1.0990244866418293,-1.8761899648122942,-0.8496291448100108,-0.8605118460639423,0.07915231927377102,1.7888223464724176,1.7889458430697106e-13
02ADL0024,-351.9688476650073,72.13776801612447,62.810475378866556,-31.431352982848843,26.500357584760746,-34.739195002819336,-10.714732616672652,5.499703469825725,3.4209040400432538,18.070695480070107,-0.5252715539611691,8.328463956894877,1.0016545154431737,-17.148988691617916,-12.63793274579596,2.718751488237139,-8.703461029444602,-2.440572917558189,-5.924777701190348,8.337766342102894,0.43747799846698865,-1.1781866681988014,4.102465710369819,-0.3105280972535555,-5.220715798765708,-2.0935966194734505,3.040534617228903,-7.068721347879858,-0.4682430222216495,6.708723985253807,1.9767260931943131,1.709572892231822,3.690538956400867,-1.0338878784077525,-2.536801283779694,1.5156244035917243,-1.8474752186146375,0.6092794310142305,3.347551459027517,7.25403794934252,-3.237254994544536,3.441054823342577,-0.9930626241251803,-1.4969114221735038,-1.9748039453391333,0.08441061170662924,-2.6371943034025636,1.8717863436079978,-4.263642782746677,0.6730592494552756,-3.7101307945494124,0.1397966391726027,-3.4175695334844742,1.3017190663800262,4.439529644245451,0.18836610698273162,-3.2134260834137156,-0.8016138448391081,-0.67476152649614,-0.07905938461565286,-0.37265563841899063,-0.40067108170812366,1.2109699794639437,-2.1222951424272147,-0.4469731656906807,-4.750730796778797,1.1167432630428693,-2.724464186173839,0.9910883491306013,-1.6562581674607604,0.49237265940941133,0.5665985166363825,2.266772327420338,-0.732815488036974,0.6336753818989628,-1.2592371784013194,0.12579025631629068,-3.4771102640874894,-2.870758807698187,-1.123728195168909,1.422026583252393,-0.058944737564823206,0.2725773083747077,-0.5114979808221402,-0.7897350134273341,2.3902891438957248,1.1016150427030995,1.8251830698710405,0.36945834916878095,-0.4215915715823131,-1.783565658117483,2.6020008297520305,0.20525613514998525,-1.7883852205598711,-0.7388335508826821,-0.5113653977689974,-0.8452854144457725,0.23993868339172988,2.0846599619555355,-0.5001138781443747,0.5479994240552903,0.489596470902464,-1.6152218654681032,0.8398949502951981,1.015421950830392,-1.1093855321069095,0.005124134387599576,3.4081487028514554,-1.726203845369212,-0.6303661656996329,-0.571166895815565,1.4151680776623459,0.7853678486543814,-0.1926967414188735,0.9400920654254341,-0.14413776208638976,2.1932739280974602,0.5321087852165307,-0.3482154606437625,-0.6547726352438845,1.2582120329877395,-1.3056918150987966,1.6871654556054154,0.5919859018908071,0.6283638988474639,-0.8250028305436132,1.4123066254146628,-2.760811561489227,-0.053169616479717415,0.2899862410556854,-0.131000229144325,1.3812132219728388,0.567919827591618,0.8858730999100767,2.259637468881301,-1.1747256659955332,-1.1418144181597425,-2.080920539727035,-1.3298489090718872,-0.8483418320856323,0.5775526791739461,-1.6473975684329458,1.3733628437530063,-1.9255229836933694,1.7889458430696763e-13
02ADL0026,-395.6045134519857,13.729424300920542,53.21238482075164,-26.39269469134448,31.145638463432377,-13.595835622319212,-13.843154990905056,-9.733569856788908,14.30458359407008,-27.829087273323477,-12.57184543647637,7.42233585931468,1.5535679663898685,8.687435739748459,6.553019243452866,22.046681344360245,8.796840726359441,7.819865240932462,7.179824478238839,-9.780689767852511,-12.983842044125636,3.668005085048481,-11.040383431739334,-7.64899879044795,-2.513210104765104,-8.235132754900027,6.423175691351648,-8.709414810828104,1.4318310791094484,4.336953079459319,9.156223257247287,4.1550703026504054,5.797926250580137,-0.03373818169380849,-0.2271751348071571,-0.19360417806377303,0.432588371990566,0.35168972745849353,-1.3462477044455794,-6.9878953592162665,-0.13287977850057867,2.0814527874078887,-1.853589498385708,0.8814639021570642,0.3382462615700035,-0.1488945894538065,-2.6191496818965714,-1.285027650346913,4.383637378363242,1.4504641364684372,-0.9047807430896488,9.046805231496458,-5.221422952511305,-2.278650391459078,-1.1628804664974208,-3.529267424068252,-0.5356740523761766,-4.033265992041498,-1.2064762174365429,-2.3002783033022216,3.207961369887447,0.9512062831093737,1.424632316225441,1.2661596706470752,-0.6469429636183774,-1.9925981036064722,3.6616985116894916,-2.6651413334293195,0.9332092568999564,2.9668069401253008,-1.5001519156385248,0.07417933674949162,-1.0718928089853421,-1.426800679426072,1.421223725607207,0.13172573557644374,-1.26007457008931,1.4891797552395956,3.6263511240788286,0.7099644315880818,-0.13069945241229347,-0.24415254977310114,-0.6531339601073852,3.2004226504706783,-1.766616928900393,-2.388648581683644,1.579851409588806,-1.7693234894837104,1.201733654227231,-0.12784889701809815,0.51146922892913,1.9795696197785617,0.9613904452608928,2.791739205523876,1.079391080987454,-0.7483820394983995,2.7131208940854097,-1.5721102236007496,0.4739549632453167,1.4177898505279265,-2.397593709066692,-0.2891684715810479,-2.175157528976925,-0.4976707093109293,0.09565771248288403,-0.3930424307154021,0.19019792601052277,-0.3222631938911372,1.2645944756076837,-0.6712901392412999,-0.23876164354644047,0.5335182210625826,-0.13723466701410164,0.6567461999784152,0.9737615565043416,-0.5092570842643729,0.24059969558082392,-0.45186680074182417,-0.1176539497112649,2.8280581573041834,0.30626421401328435,2.314816401215597,-1.0501645327955054,1.8016416064689067,-0.2906744698055722,-1.0043233530511637,-0.39559747585398436,-1.430414015537723,0.7242405057936144,-0.7422630506749629,0.18371925007283213,-0.4363085509395957,1.308153642285267,-0.6164703341447639,-0.0007377320034123022,-0.43859155784822385,-1.0701172513598132,0.01848815739972938,-0.1242955455548051,-0.24030958344651518,0.18771901986134887,0.4368326867910971,0.6112987794038697,-0.02972021277957297,1.7889458430696836e-13
02ADL0028,-411.87703816559394,-76.07869313625784,-114.14804905377571,31.18757396778519,-72.35231200032673,-5.019418419574262,43.288565983784345,7.379240015555495,-16.41017807883351,-4.117312253642335,38.25453557801527,-10.771614359128058,-4.547935005558408,-3.8452389734616244,3.725991701587735,-4.532513470751471,-11.948880100700807,-1.6886046997603399,4.7205060520725,19.423293149408593,-4.123530464991652,-2.0641268061258478,19.506017318603206,5.891497412037318,4.121353171380757,-7.7198315612250274,-7.545878986950526,-1.96593553006916,1.5353622172703238,3.1845450125205113,-4.658371219576225,0.9294113359873045,-6.23970201397898,-1.5395792945835478,4.392772205598972,-1.2245030236293069,0.08012096494016883,2.2375758296188892,0.16108402982099515,-1.8785339634231772,2.06407739696864,-2.839463496586588,2.5502358824011897,-6.51081694696593,-2.256750657747348,0.12052067916475766,-1.6103321200051912,-5.594635063020013,-3.9054897842856384,1.1910806408043515,-4.234571440888097,4.418899466776379,-0.3299865819042868,0.5252910842755995,0.6861789810685791,5.18662402299432,-1.8433716555565216,-2.4784242809304895,5.18102366938563,0.5846116894299922,-2.1510620707731314,3.2385725033243213,2.167932553635306,2.6874724299471353,-0.6452232315453635,-2.5284238510590358,0.7301520752598596,0.4348862492963896,4.2574545123964285,5.78381258955236,-2.628474988392155,1.493066185694506,1.420076664202806,-0.10831209805249878,-0.23853336784765444,-0.17127658773493662,-3.6357685669898445,-0.5034098967262549,-1.279415459484577,0.9122117339084687,-1.2593701881084822,1.0442377607293059,0.5379472399801676,1.0883079687115205,-1.5217392218756962,0.4406900250740393,0.5463738722450155,-0.12478549154840558,1.398358937245562,-0.7826877439595361,2.222712270619349,0.16229879410043274,0.7388674882298825,1.4921314584259833,-2.214999082639267,-1.0492441595717834,2.2408061784335276,-0.9459753073928031,-2.392820961257379,0.17695103569041712,-0.007111849422988916,-1.940152386807444,0.8143401316125113,-1.0216770846802703,-0.9270251179091159,0.7310297411399745,-0.1237452003618485,0.9039625430460682,0.22709168134801147,-0.262833324270402,0.004254565371436885,-0.27140784993703193,2.044216073637905,0.48054578818321775,-0.6904030728964957,0.12964253950380789,1.0868692828761763,-0.40612525189931403,-0.8819669148097414,0.12191432384192023,-0.3718476536076194,1.0523399860621823,-0.06802216671911551,0.55713061549937,-0.5445506416254509,-1.5910402213097259,0.27348371218079137,1.0886874356942864,0.22523883086853444,1.1770412074619458,-0.4203824861950503,0.8398858246138036,-0.8533925722141928,-0.5487152855573746,0.36082921623222797,-0.43883976642397104,0.19628917722394468,1.3396605567081041,0.13286378188939987,-0.17293738353381086,-0.3929016611111211,-0.23612061710544288,1.0125181265147611,-0.3823471489797219,1.7889458430696738e-13
02ADL0029,-353.66775620048526,-44.43853549943314,4.061878776905812,15.626893939426548,33.178647820810056,-13.231514948717944,-23.04390407833886,0.2278772800601802,7.1242183055050505,-17.149205093507074,-9.364556318979654,-6.702636962877503,35.324866423753804,-15.252454363041021,5.3613245767966236,-2.0593500304716765,8.108117336328338,-0.3911037723104912,-13.435083127953492,-6.1282125947805115,9.970099067122783,4.724344124294246,-11.33853133015405,2.20014158769665,-2.9001664502861786,-5.849652739132924,7.173929789674721,1.7097384644655622,4.263687646499296,5.6815664419311815,-4.879822178358027,0.12149421613647668,-5.111037741291512,3.073629681513523,-5.902239795481537,0.4693087269213893,4.4330656621200015,1.1232687889340967,-1.833058872235623,2.304959851318018,-1.9512987431053992,0.13066772199965035,2.6630800077011405,-1.8824809809222125,-4.693470805078073,4.920878178929345,-1.716262742825641,-5.447123175358917,0.4205674725266408,0.9291452624490721,0.15053481465493831,4.340820029696235,1.2605505884560044,3.098462558117581,3.508573056546041,-1.9006239989802032,0.033706420039063954,-2.902686665625487,3.2594329565559654,-2.964059951868817,0.4841992869342373,1.6974381650927264,2.632105812176403,-3.3408079712311745,2.8704854678596727,-0.7561838455824228,-0.9421246165383111,-1.349740866692585,-1.6122120239546904,-1.1138109055326346,-1.9121531679180912,-0.6355146691810316,0.954422850937218,0.4733445015097359,-1.1698248941887384,-1.698564196533225,-3.5291100633160712,2.079521982767936,1.672758435522406,1.734045287403241,0.9477901992150233,3.239859438529635,-0.6644104302326411,0.15133708108070432,0.9379334738367952,-3.388288182751336,0.346594384227285,2.1813731360232165,1.554357320683238,0.22972569505128146,-1.4801810771107553,-2.868942628985787,-1.0381047030495532,-1.3433351261297894,-2.2762839836583364,1.5768914824846438,-0.974376900954697,3.122285853891723,-0.10677888902035135,0.19953099316863665,-1.8488529769408684,1.566670957519539,0.908714139930833,-2.2176454989871854,-0.456740396573336,0.8877182876696753,-0.6832114601925005,0.4078946144544619,-1.1360291964631086,0.939109357967746,2.0208865046176516,-0.4698894224802558,-0.7216588531743574,1.338785425664385,0.22639851071449182,0.014558656944433408,-0.6444706613480005,-0.27752263950832434,0.7190689120295707,-1.0931182537380058,-0.04303109775683564,-0.1971899341888015,-0.5411592786677543,-0.3400879091778096,-0.531969142297055,1.2325791739680385,-0.004727069880834803,0.06912019473586836,-2.275748785640297,3.0160752237744997,-1.9426971578954337,-1.1995470674905362,0.22368863861191934,-0.8593494995594998,-1.0513334213971681,-0.32571212328702687,0.17153782451566113,-0.5402215157846697,0.3152012110370673,-0.8703153377406543,-0.5276913473812932,0.19680555806061165,0.6104552716276782,-0.7647913955298451,1.7889458430696829e-13
02ADL0034,-351.88245032684137,0.14050718057413164,23.643657399801338,-10.884697834214496,-6.344726337584878,-13.27897429807397,-6.157733207091457,-7.6100751488313385,-10.500945355974258,-9.887526494118415,-11.1290433361921,1.6373665547226974,1.5250868256719425,-21.798372204720906,4.772380380469298,-3.693379671538048,-0.206435051250916,9.505916408170306,-0.03913523577316919,10.92952358733729,-0.19468496933863927,3.5178877632757266,-8.798926391692518,1.8059693054482975,2.3645477003123765,3.0222712892566346,0.6171964085458244,1.8353919647300845,3.2105227736924116,-0.09171605203021421,-2.534555246854766,7.565414576548227,-0.33315829667987423,1.8223395667407387,-0.5346494923233305,-0.3455763470201915,-3.4461541155375555,-1.2890776448861525,2.908068471578531,1.5187265721033636,3.3186738279343637,-5.792685011451557,1.5944494407385967,-0.7542871185203038,0.014485182556971392,0.08836330360669796,-1.4012377287349793,1.0657760406237793,2.221416225499032,-0.023333910227532926,2.028928481972328,2.474626065575479,1.3019046276040442,-0.012659931938044652,4.947894667947517,-0.8765363832362131,-0.22923932325632299,0.5396500051487207,0.704573727167873,0.4824813651627826,-1.231900685077747,1.4559088924504056,-3.2477890278139028,3.711879870811674,1.3860712993136244,0.9582298657710026,0.1745727879186972,1.4185133900582954,-2.4155338967979265,1.896252973168186,0.8290791414316664,1.7910252416364,0.05663960489122437,-0.5966766263165216,-1.2137813323095006,-0.456552557703146,1.2110970199798332,-1.6750397988902836,-1.737425985274456,3.1318498580433514,-0.21664247516515148,-2.8967452433728043,0.14447321902606766,2.117935146121647,0.6571225152382892,2.184277666418883,0.4608992534051663,-0.5948196248862041,0.10101844816482394,0.03330892069830525,3.6239856588633867,-0.17155601942031157,-0.047633939912117784,-0.2555529925885686,0.328101976383788,1.4437833730653495,0.25207625235876713,2.4644698520321358,0.4937649943011301,-2.923337187420218,0.34680204518977065,0.669564871601834,-0.9612360490247633,-3.0084450503895876,-1.1808538458826023,0.1257132045980669,0.5145557397460423,2.175732313604854,-1.958942508277297,-1.337406252973909,0.6566166330773212,1.1916593445830486,0.8070569156673024,-1.8971676333079874,1.9586531110094265,1.2372786408314225,0.5202068598450673,-0.33666473846065903,-2.787606585027345,-0.6140124651365626,-0.7491755404063859,2.6422859699829533,0.15767780961858396,-0.04758709382011983,-1.176262760123509,1.7940405122584475,-1.340227699197415,-1.049771558865639,-1.523459904581267,-1.3884882967002368,1.7775632927707024,-0.14973825113140327,0.6666996177421753,0.07199873341901655,1.4909622168973504,-0.4510292135856311,1.5159711791358759,-1.6804299985538567,1.088296961871844,0.41518543801352464,0.7415007746056306,2.839945720598565,-0.4973436012278767,1.4590857123404155,1.7889458430697005e-13
02ADL0036,-369.8893190774749,87.64768173476966,69.71962616935821,5.235638934609912,35.695557557009835,-0.4605600302914112,-49.03554350770739,3.389590277569831,41.498377892646374,14.243612097958257,6.372958972429267,-2.119493102346888,-0.5541009229062365,-20.087358936723245,-10.795089027282549,2.7716716561555144,-16.356964073823796,0.5969243671147124,-11.342342989313291,-5.122358333664852,1.885330002408062,-3.7262033255019733,15.356705858148187,12.639791508240194,3.4643849636997213,-8.0087924382862,5.530409189407731,-1.4874516792873498,10.176495503507455,-1.87832473642208,-4.694330242735065,-4.3093406463294155,2.5454143766247044,-4.461564438597923,-2.790615584061413,-1.3738756617117012,0.5171669864809951,-2.7205957773384206,0.28417767378270414,-2.224582665503832,2.1356677225898677,-5.919856387655346,-1.6741652685597037,1.3375657155823786,-0.7335905867165706,-2.370503109020905,-3.68409221102319,-6.083310499718706,0.8475506104264332,6.974179326536361,2.104035923621117,-0.3460882716207931,0.5337642956120149,0.32736076026037303,-3.8092127059300935,6.316827325044658,0.9874202663396364,-0.47226565491862166,-2.103390956311905,4.118696444981076,-1.696144118326209,1.8763162853246576,0.9455542087613588,0.993197162108172,-2.369965708615628,0.5649121806889855,-0.2584305961496111,0.8583647893847707,-5.124078834943338,-0.03974542231100965,1.9305628881375507,4.051435967946797,-2.09436077100998,-2.6889830938787234,0.5479487118792891,2.1273881649744135,0.4608463815231573,1.15600725831519,0.4788808814130959,1.433083950620257,-1.36572197401948,-0.45170228240897403,1.3770403181171413,-0.5521598920365395,0.7903670258622313,2.0756542801281963,-0.12912234214551624,-2.691923486653456,-0.05320815378882476,2.9919643346851843,-0.28561640732554144,1.937709451535033,-0.6477673972551297,-2.139018017346167,1.1765329776068008,1.7831180565932465,0.9904265577945688,0.2030939821180942,0.5818626947451022,0.48649956020365653,-0.7096889154726991,0.5124243928315159,0.41904271840810214,1.2975606962023059,1.7113038539083443,-0.23109553708499148,0.7483927902093265,-0.5222820575258695,1.916152599197291,-1.6522276268014373,0.33616024052547805,-1.000418488033656,-0.9700733356386916,2.0112801160405613,-1.0336888772504196,-0.17619332221428174,0.18139634012031292,1.3042980562839437,0.7088244228434202,1.28170793932385,0.055151482771145406,0.1872190746233126,1.419318637711894,0.2115685496216154,-1.2134663588547687,0.13855812948798124,-0.38046585693773943,-0.28376564331593407,-0.881916767039504,-0.8544208345753445,-0.3094364592038666,0.1661535603847793,0.16246253385945447,0.38547296541737897,-1.3468751624329645,-0.05053422228060024,0.6995813988310047,-0.07256426415105628,-0.4438601823015574,-1.3286152827045297,-1.4106958445630298,1.2560072395100408,0.36656296166304597,-1.1903788021115316,1.7889458430696819e-13
02ADL0039,-328.18267185332985,40.3919313864897,13.272429597245965,-7.997427624021942,-10.331378340517052,-17.38077150268461,-6.999308906837892,21.79434125623363,-25.778289280583643,7.501944479422977,20.964321290772332,-5.3041450661506735,-18.396360436864875,-12.882604414701907,29.093001234203612,4.0337768544519115,11.166261929762019,-7.500502891492494,1.9978520149787558,10.32767236574571,6.597713723554986,5.3625824453760496,-9.868610688213876,3.303582915022408,-3.944516226780136,1.1328303563591402,6.497965481643605,-1.9545493555897324,2.3046101514534305,-0.0656562370838249,-6.160963379689338,4.053318723498725,0.40709969762468695,4.598147103074741,-5.899170488840169,4.309019994042978,5.341148522210099,-0.6973617447319461,-3.7901235196982266,8.403941164095622,-1.762761833217199,-4.159322104981639,0.6243849841430876,-0.8689290215344817,-0.8079264692894059,-0.1878814017970605,-0.3736309829139398,-3.952233125751036,5.442137371156478,1.9028368118897538,-0.037366642865492905,0.7426101734267307,-0.6035816138044694,-4.277740252438029,-4.765133609008084,-1.630300229496813,-1.0876251795824892,-3.418420513700486,2.552417167749554,-0.041442127746057614,-0.11443441245596218,-5.919278126544568,0.7594396411424156,-0.0019556998369503887,-1.716537507455806,0.912213444196741,0.42902950745636864,-1.7739735175610472,-0.5936813118044041,4.222866304722359,2.628893788618322,1.3316677316373193,1.8282329513279558,1.1715758057058212,-1.2070162596521945,0.1595553093332816,2.1521813784604213,-1.059469710321165,3.2405437385121063,-0.5639853898581235,-0.9338559560382809,-3.014840597886665,-0.5278358808386872,-1.2754675671943743,-1.1249636794377271,-1.1748222814769254,0.38516470408702014,2.2343550147240347,0.7187569844689767,0.4325240970295855,-0.449494073134864,0.6651127668358208,-0.2945703214068448,-1.0490538940907133,0.30607035308057534,-1.6848799378947528,-2.247872607745201,2.3583627814079384,0.489849044212015,0.20377156066450713,0.2063659502599231,1.209485717047021,0.45524776707063125,1.7286541066187995,0.5087148277281223,0.1657902314798171,0.05040085877403863,0.3958052458958174,1.8517305168747433,0.021602895529565378,-1.73887487901671,0.062493808182537636,0.3129800875457642,0.8442968086606774,1.4464285619352324,-0.828251225542786,-1.4671292265702576,0.4149728020861744,-1.5331425139670074,-0.21435447080337716,0.3140370893748841,-0.1697686733557704,-0.2354112914168812,0.6379535918391841,-0.08433261340146017,-1.9289553926389345,-0.12363472431627033,1.0037607502832702,-0.4851694305082227,-1.961975133670564,0.3740830369240507,0.5161509057914451,-0.9779528333200068,0.36693256961723586,0.16310477960214578,-0.1885582661625122,2.062914050722339,1.2971570844153075,1.3853628489862448,1.5195897057033758,-0.0955576112841352,-2.3267523768524625,-0.716415195310338,-0.8849810067315587,1.7889458430696677e-13
02ADL0041,-392.0606640581934,46.927150572344594,-37.34051431829769,-26.593212842368438,-28.307031066575995,-15.78082400322412,29.968929242029194,-14.657114714947259,6.2293478592737,-25.816350054219296,-3.0370387642205032,8.16288964953534,-9.239047839868695,21.601913636424904,7.093136379306911,-10.751280007895001,-1.864404142686592,-4.587376663369825,0.6751522749042931,9.001142021392095,-10.702629611489575,6.54137369464825,-4.415613432789264,-1.7206463321462884,-4.222902361621748,4.878746165783882,-4.560978849837395,1.4355252022370693,1.7785985001725553,-6.168973040151678,-4.708363498766901,12.617409341514888,3.8059711490821466,-1.4686755352415577,-4.627877978987228,1.696491824532535,7.038194557768918,-3.50261900594551,4.361267205665769,1.1773119111225354,0.46572188666562664,-4.464710394806624,1.8910164900801554,2.9713023990899208,-1.5395032961532011,-1.1017623052882384,3.129844702832336,4.310151407126825,0.21308397079200225,3.305935602789952,4.739742630663382,0.7810547444118227,0.13633900768645957,-1.2888588555996245,-0.38257652227612465,2.416788516246952,0.9393691761351662,1.248179910793,-2.143752472208222,5.967455207106376,1.5008776558171666,-0.22665166181378654,0.8051072707105471,2.789247204591481,-2.4117444860674317,1.0855398800003029,-0.8901133037542907,1.0574564951448826,1.1085600662639084,1.3526145411116994,-1.0883146259783443,2.6641498374884844,-0.6043637713578356,2.741457652705754,0.16702981339799627,-0.8001933316907363,0.26302613194998115,-1.6082247063431028,1.582022370994718,-1.4568768900910336,2.20555811628676,-2.980356545444564,-1.8573546961930663,-2.0646208332703577,-1.6489938113420348,-1.5645994580659717,1.8387079328035612,-0.08606029836487174,0.09681650326330045,1.0945162258743502,1.9127056002639597,-0.39015984841315954,-2.374618289320647,1.9666125241611851,-2.011667006451382,0.7388029818985405,0.6524644546693055,-1.451618947039336,0.93764318783568,-1.6633206098873956,-1.7701790730314257,1.5196970640344463,0.5648119961510817,-0.9792631873706072,2.6719148888158855,0.23971317445637308,-1.6889514338133396,0.6830153731312442,0.7066192952185073,-0.9668803830312436,0.6465980524064837,1.6850352515125506,-0.5860823430769184,0.5216508948632514,-2.928586344822562,-1.312360596190476,0.14489953842061806,0.9455233406831428,1.9580467007866538,-0.8851795004605837,-0.011380367529769477,-0.5916410150511179,-1.8428815111338055,-1.9665042995577797,-0.1390835427955533,-0.29758503917471535,-0.3245235748213417,-0.9629140772533378,-0.22215392620830207,2.0453794270753742,-0.7291837894574204,-0.3615951036118691,-0.06233531541395356,-0.9196385188701013,-0.1856855609357493,-0.07889676174344383,-1.0919825395488534,-2.279591757609815,-1.0353977163476125,-0.4861876352464231,-0.788592383275373,-0.7894914891653586,0.04982123591308092,0.23439723908314786,1.788945843069679e-13
02ADL0042,-364.3491275675395,8.59391183043753,84.65173679621385,5.74176863678838,-13.340609969059004,-21.80051607629355,-2.6056950793000713,29.76271100116865,-6.554280818030361,-8.711925315636158,16.818067042971045,8.438370826063327,4.832587884371582,-13.554022314513634,-9.313714153899678,20.45923960546336,-9.844687243073205,11.481820419675891,2.297167132391671,5.983859618889277,1.6485046157791754,2.155180590023725,-4.571266868988919,-3.6188295211364405,5.235699161875044,3.177316104004715,-2.950270645395188,9.611107816567182,2.0250100902370014,8.684092150814491,-0.6272619507508025,4.878007069323845,0.38759238688281245,-6.423934604922931,-4.131236564389258,2.774473400590198,2.057569102312975,3.8888532660080664,0.02461810175509927,0.08164540666844074,-2.392297195569802,-0.801950580967704,-0.3176397020120639,-1.2583609070334245,2.339662584065967,-2.079290108186364,-1.3851144611165471,3.3417532790315403,0.7273841603403486,-3.144121243544961,1.7423855138500046,2.270479594235298,2.741564047729047,-2.062501707570209,0.3905621381589739,0.16586718604627715,0.9470216596142408,-0.7363640728574904,1.7858243351316638,-1.8406056711843166,-3.733736692641381,4.848542397714444,-3.0627012216219085,0.6062514516881136,-2.6373286580802864,0.06952653856159437,1.4020425948720803,2.03880812663804,-3.3949108655755063,-1.1492001876825413,-2.2684974006844767,1.6626819203070915,-1.6024232793479065,-0.9787930539103135,-0.30974270828556566,-1.1666987208294923,0.8719765333345442,2.2007596450177545,-0.15242678102469076,-0.9345784977800158,1.500822889111677,-3.797035681360327,3.1489873437706013,1.1198261431422172,1.9693183991186134,-1.8971491781094376,-2.1578667431145075,-0.14848803121748322,-2.1051559319168627,0.7114163862265722,-1.79896837748412,-1.570808200625641,1.3594239889811912,-0.19455230455281325,1.9427679715505948,-2.0670161683131067,0.475754486941833,-1.0044286010519066,-1.745252353124929,-1.7831519923854642,1.4859534735474742,0.7083579708531088,-3.546439830505149,-0.20956046564587658,0.8001210597947851,0.232155392374624,0.9318831317325001,-0.01452213798278111,0.41625191347744506,1.6809275504779508,1.2085429151241345,-2.2562872655793313,1.0884478104854072,-2.5155960390004526,-2.3494962068810072,-0.5716334381235992,-0.7407683448205925,-0.6488707960538417,0.521873424251015,-0.8084591736049724,-1.7190914428457027,-0.24681588567638613,-1.1740014063492552,-0.0033567116643487428,2.997588796134652,-1.0237729070903205,0.8868983630699966,0.1671641780381668,0.6726258625469594,0.2751793643358032,-1.0331580493121515,-0.17684613411918668,-1.1812112993634212,-0.2136085674004394,-1.4467028388260386,-0.8229547181262005,0.10888241713823137,-0.3962334744490509,0.4058300934866044,0.8824071171641071,0.6393053024867871,-0.3913000331432047,1.02043611597253,-1.4780010645952237,1.7889458430696622e-13
02ADL0054,-419.20022543792624,-90.5217962074431,12.48064567314053,21.10751375593478,-114.46394267647136,33.23334736709866,39.445083212273204,-9.30922812747476,7.145668093207935,10.164066680624568,1.3694465139629204,9.197124134498823,18.724956072422337,23.52644685981567,-2.2559685093291106,6.920126061346267,10.931195010868121,1.986579187249468,-8.794432308539271,-15.260440482284999,11.283337017055509,-8.414665278097706,4.765911675855574,7.051441320689793,15.333538718024688,-10.173431759484433,6.432180548678948,-2.6379180029429254,18.76571540995979,8.837432054008687,-11.905019215757864,2.1740003285284915,3.921349216957799,5.017580272002552,-5.721340693257416,-3.199427771766381,2.341275490888042,-3.735981216758766,4.846401142190862,-5.100688588089062,-9.525162693791685,-4.59245329234071,-3.4471630522010273,6.908623823487992,0.8969168920054891,2.9434626811310918,3.746169184999416,8.237025744939936,-5.504210798756196,-4.242870565500327,-0.4449372511090211,0.29152065694415574,-4.974067896100613,1.4365467052255585,-0.9168396774222852,-0.06282338135277132,-2.311668575375379,0.9545364308993655,0.905300608913819,0.5876019730297628,0.6735369014413601,-2.665737925683128,-0.7764080989107534,-1.4721931498732266,2.0043198731134035,1.7685005997743883,-2.2725792658776065,-0.8737811129199207,1.0993043817209383,0.5442782273342922,-0.9809165228570752,-1.095189045310365,0.15478210327051795,0.6465889294581497,1.2998603167613252,0.9234030520527083,2.14123392031604,-0.04426433401241223,1.0369494845922842,1.1980004645017148,-0.8425236990961658,-1.6664235590343097,-0.1265973436705426,0.32413083466954323,0.48628106147105,1.000069693471738,0.09423378842577507,-0.33798707586574583,-0.5628616028961525,-2.002921177334331,-0.7534010553419691,1.0171875571145481,0.3549076063431103,0.5136380217699872,0.840982813037476,-2.218983283533995,0.4621975793260831,0.577439597914766,-0.9524439668307842,0.3329796309210501,0.7876410645318619,-0.09859356913352371,0.7947494259952891,-1.104210911394361,0.00558302917105016,-0.17172527855076852,0.16094073374184156,0.8217001233000066,-0.5985302487551166,-0.11474017750522106,-0.5580471569325294,-0.15937735967105224,0.15587913479009166,0.116257367564969,0.2937546418687569,-0.0809613694567352,-0.42685580420145786,0.5531599098567853,-0.25558913763714736,-0.5261620891602898,-0.36941222844004845,0.23977727831190415,0.35447126327240164,0.16778725599055588,-0.20989439970255125,-0.6020365120632896,0.07641150161355657,-0.685085935762587,0.10337999753545335,-0.041969147098815746,-0.2957427313627716,0.22232929287469602,0.5395560626022009,0.7155334860437065,-0.13940413749370167,-0.13284348864515874,0.05208710964934221,0.21518048011720392,0.36341740101907716,-0.21402878687051377,0.03142132728889788,0.19195152038022248,-0.0025584190486678277,0.19973051908814002,1.7889458430696766e-13
02ADL0061,-369.768023036208,17.606741706317333,70.65371650380155,-2.9912461777845607,20.96305303046094,-28.463527900166426,-7.003501673733272,-49.32247587005898,-13.539913644663942,-24.228606766005175,23.184148841963,-6.6051495549293,36.53638970749357,-13.8049802111983,-17.14901601147006,4.9634636683371145,-13.87125081921226,-1.1890184521731957,-7.972596499762704,6.202934516851537,8.156570386384338,-5.873084759908444,-1.1080170321254341,-4.379045954810267,-5.405888922859452,-1.9350408713209748,-0.7915016738526764,2.7691386270655918,-4.645600798727418,-7.76983476477232,-0.5457607531227036,-0.24630562057631422,1.187924083701851,-1.4724444326000197,1.1843638121656472,-0.04022896251647822,4.501390408618207,-7.032801178393576,2.720073745591111,-5.281822647177872,-2.9046061038485913,-1.5805802788932257,0.435173078090803,0.8369720644715851,6.680837923728815,1.8186186024084696,0.2550323805842918,1.011046257076883,-2.218911366582664,-2.184998517940055,-3.4970788858824067,2.1574840020330703,1.7093751833547974,-3.285128038565403,-1.4949685637614207,-0.22764172224054682,-0.7538051535535857,-1.515394371603287,-4.887272079253475,1.7263394811296022,-0.08049063974983084,0.13425189234891652,-3.450323251711634,-2.3972754336294804,-1.7211835680445602,2.0658599948386804,1.7135893538253415,-1.9612668154556403,-1.0082595787211306,0.6814822760758131,-1.9688279549188699,-1.4268028230465655,-0.8097553415376065,-2.4683556937993316,-1.5475150229104142,-0.9007636202413422,1.114782827648717,0.15081459497777577,1.7852909068785985,-0.16961750238315568,-1.1508327572408066,1.1796523377840222,-1.1461490639813023,2.5621829726407057,0.15913863789621285,-0.2780275646829687,-0.934102573400732,0.10544698207264394,1.3109139546419166,-0.8847505652250663,0.7711486671070437,0.039635130082026626,0.6799899447883573,0.17686156777115658,-0.45981019778054805,0.491567293717096,-1.0583548124253102,-0.47385612447039754,-0.03710843100705302,0.6554137502095724,-0.8209060846509381,-2.0729755364245603,2.243294158538655,0.6738650202846728,0.028636037409224567,-1.598248629698241,-0.9487310399074216,1.7006447563292912,-1.0487710747897752,0.4882571708118795,1.6906633892693148,2.886861857397741,-0.2136616549342721,-0.7957032000049278,-0.8200114042090635,0.24722955112802725,0.2687918557356755,-1.4386127392898822,-2.0635836083285857,-1.039846471875655,0.47479649818265385,-1.537386527312044,2.3158875054957146,0.5386689286324767,1.035197172225173,-1.5277387176999015,-1.5852280361415554,1.7127224931557339,0.19527865080583562,-1.0732621145532935,0.1988865929403379,-1.6256960681183001,-1.4591464651685924,-2.515816141122028,0.25782338299565816,-0.05505839087482686,0.44605414043509156,0.14790475205536685,-1.2454063703863978,-0.3627714855475427,-1.2630752367155547,-1.131855112481733,-1.2260110009934388,0.8826160108740909,1.7889458430696528e-13
02ADL0065,-378.99945636759895,-30.430095377978883,-36.04162140458909,-27.944813089774094,16.866109776530344,-4.404240653193093,22.414980647753346,-21.612073941344015,3.725808639789277,14.627162989388948,-27.336147596625718,-10.884939329207999,12.659595764265058,1.4829968952055397,-11.947007318540521,4.782046475874833,-3.2931313762314907,4.793987785007585,-0.8637587371781842,-4.016171919437022,0.10740044345631386,2.0741969839739114,2.5960053859658663,-4.601614015595415,13.83877200673695,-3.4668202433709805,-3.7015093810102306,2.7533004012328606,2.649801335179022,6.462935920712149,-1.7013325469696245,6.115253113697659,-9.627399661340128,-8.950618047339592,5.281113308934359,-0.1993242010226388,-8.83545301301749,2.3340510903798624,-4.5358417795594415,1.3611322847318985,4.478214246412445,-0.26844075405962,2.136275311574108,-4.961492168937037,-1.2282652157038365,-3.1350479394874373,-7.2508348574231185,-0.03276183635233763,0.5295364769596506,0.6521316748769912,4.324361299068605,4.854943507107922,-0.844126300372558,3.552718182349947,-1.3658851093481765,0.21869612181157103,0.3538431498152066,3.145010980908184,-1.8599264633934607,-1.2862642773711066,4.08837373402524,-6.442739077651404,0.3761813088494889,0.6400522025995324,-1.8504020212056151,0.04476160480994933,-1.6934104828748067,-1.7371534339601176,3.4742920944907185,0.33602772663003583,1.887935416346095,-2.464257904628335,0.831757680105987,1.3955307636998935,0.22751662631277283,-2.264015694740383,0.9980241136833127,2.4246186208539213,1.398031311019146,0.4008236757982938,1.032787797813446,-1.625915409593892,1.3485563589065315,1.4617278703826142,2.054329318659517,-1.379231121301807,1.0060099191639573,-0.5306666976532667,-0.8309441826742728,-2.0951034616083866,0.11271907309473339,-0.9443218680442046,-3.8880028507587627,-0.7071386567123362,3.2418186342315267,1.4002494750856487,1.0105452513773012,1.3389621450753915,0.7885181728496105,0.8464191000609904,-1.050777402524132,-2.147190275674904,0.7616453252597182,1.444978600576546,1.329367722672958,1.6037310518595225,0.2302055020905078,0.709464336465538,-1.3441934852417199,-1.3564443355396905,-1.954387181007437,0.27489910727702427,0.6611061331702118,0.41711006817732155,-1.1620964320557066,-0.15620783667809274,0.06698674581600646,-0.03040713381822047,0.6092836024927436,-0.3507952945631095,-1.545964658953694,-0.9131805687950357,1.0201642726143976,0.4291289566293848,0.8303339711075531,0.895625834928823,-0.9914599082463477,0.8823346543015844,-0.4240836088182924,-0.057340338105258265,-0.16132792298295243,0.10750907584613077,-0.10313426936604693,0.4458686036713527,0.5482250140125845,-0.08193611598348799,0.5825172087185571,-0.6335963451732182,-1.653388680632903,1.6331073571903472,-0.47267797634186487,-1.0503270333311852,-1.2449342046452534,-0.4125191754325665,1.7889458430696574e-13
02ADL0067,-388.4270435433874,-87.14693929321501,-10.100699974772551,-44.62298183161965,48.678732130736236,-47.07365005292574,38.38890109601081,-10.134797645658015,7.649696926399126,-47.48598485195523,-11.690173687093088,-4.408992500214637,-4.6490535578641525,-9.74338552810806,4.659914774474041,-15.412668668676261,0.6826316791184499,5.208572282429267,0.2853235986586037,6.757923534072863,2.217348828953224,-1.9305224506193734,1.1860263171915797,-5.180838930926514,0.43121344576465204,4.596863510817145,0.9217675445553742,-5.050418368907019,2.4098775807196753,-3.176326624992215,-2.2745372870789917,-1.6750582494892696,-4.380508339665137,-7.192873839748004,0.1525927847052311,-7.191170709837659,0.351218924198512,2.6887325281940635,0.22078619574440292,3.6152987077608842,0.32169752594346573,-3.520625035809842,-2.049550657674731,-0.14928024330041034,-2.1373490806588276,0.1253497067403524,-1.5682417612428534,-2.357671301608138,-0.35870153580886605,-5.729319714299576,-0.10149939514188863,-0.2127527324779325,-1.704419205839896,-2.335231964986622,0.35939823989588154,-0.9802582349476665,-0.866074866142252,2.581636862584705,3.0679563615510483,0.8869321614198175,1.5400841855691145,-0.07770194033222383,-0.4971866367048744,-2.3183982576883633,0.303582279682517,4.156473923049643,-2.363986568939027,2.852283744825561,-1.3147507814808248,-2.8196447957498454,-0.1493159528217698,-2.3350326145465696,-2.801689276254649,-1.6699207511564862,-1.9234860085370846,-3.2704191588591662,2.567023273623696,0.9744738760020213,0.5264901974975156,1.1871920281051689,-1.665227338461098,-1.8981880750625095,-0.6266447411770971,-1.3551935886160518,-1.5164361006601528,-1.917178764503725,-0.9258287671830956,-3.411753310616544,1.1636382264025085,-1.4413585305929355,0.207979389834158,0.25586739187417185,1.9640419089122871,0.6126161108566206,-1.4680233298439138,2.0128596729004418,0.6495495841960136,-0.2460945085607152,-0.0847556399002568,0.6270498074305487,1.3193729778756915,1.2945588363471658,3.0638843257704393,-0.5171040081073748,1.1267448178254034,-2.8258012324438058,-0.6811100704536879,-0.025640483062887486,0.30606790862614297,0.5607304114785664,-1.270316694771037,1.6044710472173673,0.18323131811036722,-0.925351667880192,0.677780490972834,2.6628297429838597,0.3913353826099766,1.646864595966628,0.6577758350417722,1.9071766180780294,0.9190433027190928,0.7659214235424608,-0.4177513047239725,0.20161411865422757,0.9192671180367976,-0.1690606457170065,1.2157845154076983,-0.7042337746612027,-1.2734009221126883,-0.5245305571336184,-0.17819667790029062,0.038696968646820436,0.001816122726043482,1.8256828075491551,-1.267344102614602,-0.586998869138565,-0.7617078888116915,2.1781607408257746,-1.435886290985344,0.4326667272267991,1.3034107116062645,-0.4993565565621403,2.149005680475149,0.011183847410491903,1.7889458430696937e-13
02ADL0070,-387.61948584672496,5.921137435912667,-6.262930124213134,-42.359629811568,-9.508497776301502,18.882903723526095,4.650497349324981,-11.573910911588904,-7.6438790351700545,-1.7867387194419013,18.63041328317105,-13.041722140225096,6.16608292447341,-12.320188575805055,15.499325293497826,5.230304656883651,-0.7450097496037146,-8.304723613960423,-2.235430694558395,-8.705619535882462,-0.7873942456918577,6.379384728191118,-11.044368069378804,7.032162350857632,1.539028567790959,-7.397294518823187,-7.334303892801333,-3.0040366994697836,-1.9385609832814255,2.3840346592637074,0.6972643964488338,5.859018567031882,-0.016693785810526236,-3.5328367504155125,3.8842010480210076,-2.4344428896460637,3.92370763943505,0.45232557519161554,0.7565127855384622,-6.669517963054452,8.68022063014913,5.770028777526206,1.0001620286290722,1.0230658588768786,2.1730812499981575,0.7043198121311607,2.621321133615644,0.7886861314449042,-2.7402041904538397,4.861929592522303,4.0206997043727375,-0.5232155234362017,-3.2580262592076736,2.400727888175635,-5.65878222354383,-2.218655250386378,2.3006813297743998,-1.8511505792774512,2.633917550452406,0.13397712354301206,0.9325604989552242,4.759158751187231,1.493187832306164,-1.3218803439981681,-0.6878518644820087,0.044350731216839565,-1.92914469522156,1.2866357825801584,-2.8540064085699255,-0.16268808944244784,-2.7289811631012246,1.2058540775663151,2.055683097870921,-0.5890828279780567,-2.1712851908003112,-2.5495374210845836,1.1891837033768358,-1.5668115056267946,-0.15453739072738706,-0.5406551257350527,0.4853785509068116,-0.5774211940671073,1.257966060617433,-1.846080959622383,-2.191092305177966,1.3411043150253517,0.4910059581482134,-1.853676011142008,0.07065678214822763,0.7740450127737428,1.2907638317446066,0.6442236705740646,2.8706848767038653,0.29129289617627374,-0.37084109193511977,-1.112113891355154,-1.443714608835748,-0.8573610478217613,1.9603403840585074,3.773100176694646,1.4932769801069483,-0.039334041618484555,-0.4900052709914971,0.33801465911440304,0.24933432000055977,-1.3705658437789472,0.909305642271368,0.8078482611192933,-0.9332550041516217,0.5988739692862766,-1.8030368306320208,-0.9668928907792185,-0.44269993368327965,0.5384270824075479,0.5623347441499471,3.2297182648750815,0.1447272456743561,0.4442998041119546,1.2746080459915479,-1.4344209765882034,0.25342896967730544,-1.1041217738717153,1.6679672647070045,1.037560154623057,-0.3010958208626042,1.459768241803031,-0.6162321379518956,1.064225696617406,0.8420534378030073,1.8804615216998612,0.07650852335554463,-0.3260858993628774,-1.0999251922290791,1.1472969146467586,0.0629190851177336,-1.4589961570987047,-0.20185930553520828,-1.3561988177575426,1.717130626377899,0.8988339424038059,0.8600773957004604,-0.32491029597222154,-1.4326070964869748,0.550094319131797,1.788945843069681e-13
02ADL0072,-382.2405881987537,56.41905287096736,41.75263783731724,-68.00995444001062,45.42577392623831,-32.77111100525604,22.535422662089594,14.475202849967152,12.227322472085012,-21.78021224952762,-4.097009836410999,-0.967479963582842,-9.827096496580275,-0.714241416915388,-10.073919818077165,-14.055515280746315,-0.44116658724426006,-12.995122308166312,1.4764757292868924,-4.238716549203533,3.9954064609070707,17.008357775073254,-5.550072642943286,-0.23831500761179517,0.3410855470601929,0.2507917877120077,-8.182997691593464,-3.681351401219837,1.1454147678317876,2.867228491957738,-3.2936725650458203,-3.043948126279568,-0.510342381014087,-4.514083009474834,-4.0970036248129444,1.0720189995324245,1.3989249283657235,-2.811884340492548,-1.0222667211293692,0.6515728605702519,4.472001620494959,3.1056165302857357,-5.361128141177991,1.541699210622331,0.5287348088935245,-3.343954504226618,-0.3731981993141341,5.106173856087739,-3.789840422979335,0.06899375995359877,-7.118240082191799,0.25872255473268774,2.115017080249524,-3.301367235703662,4.256962573123356,3.0585404065450024,4.599652370272221,1.1969808662907204,-0.17754144670035266,0.5505406580248636,1.6534934309135796,-3.3176495478243093,-1.824185549134362,2.234164887293628,1.1279100309735375,4.884320330499921,-0.9414374627188913,-5.097007017156042,1.9992122384255728,-0.2744163740267908,0.6655804654990712,-2.5607542438303446,5.351932376002257,-2.4166045588177325,-0.015288827347157965,3.0013072987779466,-0.30557051722196765,-1.3359623043093714,1.6188337990712183,1.9023538883836941,3.311992671773111,3.4726221357999476,0.8771039923682408,-0.31557873031103756,-1.1820636484417857,-1.2149981035271329,-0.8188672600552606,-1.7726928718169528,-0.009081873736526308,-1.4272706187882365,-0.6410412242735373,3.079740483696805,1.0678391446721978,-0.21827500501310798,-1.1053874571547633,-0.942324893475212,0.7536077169649646,-0.7619021287128062,-1.8965678781865631,-2.9891102126609224,0.6574738513079061,1.0710560817745738,-0.11952068732815514,0.09960794558932369,-0.2889499792086264,1.3301426980701085,-0.3826320027380438,-0.9838672788071635,1.3920790127338543,0.5585358452683155,0.5695941055260776,-1.6191916661783434,-0.414041707086023,1.1221848189383028,0.5574475379597329,-0.21142780261841737,-0.7542330497449883,0.06976245229849914,0.4324450056987757,-0.3939100298864364,-0.890903129712098,0.7642625187199671,0.4025265288624758,0.5301128143292799,-0.1984127277920575,0.795084269520634,-1.9988620815043385,0.6253107745040051,1.033367153853749,1.042677454279257,1.087805038478201,0.042440602375780845,-1.611675938719686,0.21358411486714118,0.31423512232718104,-0.49691641865997616,1.240375925584516,0.2467073874278411,0.13269748057026123,-0.2370794762283225,0.08700693014369315,1.1206720338440208,0.2713229225817617,-1.1927274495783318,1.788945843069685e-13
02ADL0075,-372.6963706710838,18.04187332509202,-10.784769807459929,27.639507718052485,-19.5685738537893,-16.641749804767574,-12.184613794881507,-22.64280570824051,-13.497854770058836,2.573873504550661,-10.705173104100211,2.7758303576983265,28.27189628452782,-11.835579347033699,-10.33657900191697,0.11736435260205681,-1.1625682892073856,0.4548572884589761,-1.725983106377956,10.25618418212713,-1.6503552169654716,4.416493854325651,2.09238861423495,-3.1949358556365293,-7.535021788174624,1.8165467554416759,1.2310233318579884,-14.223743754886268,3.4988000448017558,1.9515739648932922,3.528204892995544,6.437709990327009,2.419801071373411,10.198297737721374,0.2855654704835446,-8.865571757622966,4.864441945665689,-1.3984669971289883,-3.6357959962137976,-5.409704964581268,2.162775250021609,-3.605215944509479,2.600610900804933,5.951289518624169,1.4058694833050673,-4.127962368397214,2.0765208016594006,-2.786557288396523,1.1048178891735703,0.7985529639053238,-3.4577508753607127,-0.17655969524828416,-1.9293868538285532,2.4335132048209607,0.32210317690680507,-5.445701377466307,2.8011790331025885,7.39915087503696,-0.1901252601088105,-2.839809380368766,0.20427876818780016,3.397047990579502,-0.46748282183438333,3.8882980632090534,-1.6727671025639221,-0.484310055479752,0.7072431710267458,2.6034551009654296,4.630085164827753,-2.701719962595927,4.82820125569467,-1.9218754435436458,-1.5111168832458077,-0.7599818579765348,1.1100759006529184,-0.5140735593909407,0.7928698999866521,1.6854524640094317,1.377771956257706,2.812472398044027,-0.9168431705299923,0.568199017674525,4.169717147348281,-0.9088529120951295,-1.601142620263994,1.6754457145069988,-1.8784522561783945,2.577758586610498,1.1319850048042477,1.5652258287414829,0.4507823554531879,0.6257467809400108,-0.6993284495823366,1.1511929022723806,0.10726258396904108,-0.07958056294840916,0.04528055040043808,0.21274263558002912,-0.6381819177523409,-1.1165427811477955,-0.6893927701285454,0.8487820448779508,0.642851121096622,1.0338567986654776,-0.9359546412337856,2.3307737886379516,-0.7927655791255992,-0.8678007326372156,-0.5510312956434353,1.4160983490260046,0.8776732073497242,-1.2530471976402175,-1.23062993262948,-0.26991017214973867,-1.8693427720793079,-0.5346556250475603,1.2682468263464028,1.5912135280575825,-0.6576558165506574,-0.35478016298718923,0.7532637793595355,-0.2127458049401911,0.10626873379828251,-0.8824758124424327,-0.8117988936162354,0.6953433728924268,1.3157567613522463,1.5087137713758947,0.02067453330583656,-0.7373548587464747,0.11749887494799403,0.6698977209931644,-0.20721431243713273,0.31350319681061645,0.3056050071611843,-0.554166611167178,-0.6874873320476322,0.18670338346044374,0.29826300123791927,0.657170784298792,0.7436146253011029,-0.8907408023224714,-0.6859564332246748,-1.1446686721789157,1.7889458430696738e-13
02ADL0078,-384.7991448545683,53.083343784788326,109.26773032811172,-56.75012951680386,20.845570953929656,-62.92283853606753,37.397991424808474,41.765427798331686,7.175895771143737,-49.425364465779076,-8.442125783231536,30.20260001830159,-17.557838816489898,35.176024239813806,5.156686985437079,3.914948725873762,11.149338124509928,-1.5761019734907498,9.094908130425202,-4.706778157593748,8.727613460184473,5.090147551602508,4.4792134665974705,0.9507697886225472,9.294795606840598,6.172027790858422,2.152330581682652,4.397280800316837,-3.8989056908584603,-6.7938434610877,1.9784706556798504,0.38578090728672615,2.521700724068565,3.686368875405347,-4.216593848515149,-8.967041404845883,-6.191935243798103,-3.1974739509641132,5.647243532265179,-2.270292643672943,-1.0135421987822428,2.0637882516833397,8.042435096036899,-4.71906004037091,1.6394174982375185,-0.83555442856841,0.46486353754297766,-3.180399610358036,0.5645165360415967,6.324838564114527,2.8403453038708055,1.9999934268854722,-3.9078869517693335,0.7438651595439747,-0.03917144466018141,0.37890949080146996,-1.062097558748101,-0.2021094291626472,2.3848092647332733,-1.5134198211077714,-2.972423727394888,1.0062345960004193,-0.8872062215760113,-2.65721129034398,2.1684014523887374,1.6606122143570203,-0.584940751296452,1.3254894398788268,-0.20016671086065177,3.199334586812538,-1.3421824471566755,-2.4584130572107257,-0.08396095904584995,-0.812009847205331,-0.9231609644109695,4.186856746203614,-3.7465189408439845,-1.6504018445688955,-0.3919170669912802,2.702900034451964,-0.5357486321698766,0.5735166034572148,0.5405827676059572,1.9298934850716094,2.188773352377007,1.8383566641750406,-1.600249686906851,2.446775796930604,-0.8947696562477278,1.0850732163300316,-0.5175352510255715,1.0673237475695831,-1.8731211260263494,-2.91750515254066,1.1872856637391558,1.0272914710036019,0.32227070671941754,0.7679758101496932,1.1862690263364857,-0.02186652210392375,0.950612671755594,-0.41033703875597144,0.5155216973931308,0.7233057455116343,-0.39157601129218134,-1.2128714458510013,-0.2570216355384413,-1.3350132268737793,-1.879503255735079,-0.33865783004178746,0.013763225894500236,0.5062438619856631,0.22364462621428044,0.5306240081353455,-1.0214702051606848,0.7359645082661962,0.4339715175991749,0.8894508022851947,-0.32348174826574466,-0.07126755601682348,0.8619832409226452,-0.28781169902887677,-0.09983470428635159,-1.5152636304652833,0.1144480453158195,-0.7147537516303005,0.469608328519683,0.4334755255362088,0.995890044712516,0.12877291807412805,-0.42517948221047175,0.2854276659094584,-1.4507404766841456,-0.31766435127769443,-0.15146787066876594,-0.013268294622952759,-0.8415413925315252,0.16798460897056364,0.3288682779061851,0.5097954627238807,0.6537057590553531,-0.24295278122571862,-0.5438990833083848,-0.2554423608302916,1.7889458430696877e-13
02ADL0081,-391.13898890937287,-14.128657822394427,-4.237467624194931,-6.980506003318468,-9.443439228827389,-25.951259262883482,18.15352312883267,-16.374499625684905,-7.436998472428912,-13.811800360208785,0.27538893273283105,7.445834683711691,16.750111901889735,-0.3474791891895726,-11.068196536302667,9.15567278872405,-2.4018564198778156,-0.03605956717281726,-2.2619411887614818,-1.317281509415488,-9.323016144908749,6.0832448414658105,-1.5586906651889119,-6.511841675625495,6.809538475855841,0.249517767969318,-1.8312324526883414,-4.075755250783219,5.375593826739094,2.1831350552665962,1.9461132955231921,7.840008317075291,-6.4801795106907445,-1.014902728910365,3.6870629475315124,-0.988497220425307,4.864637583964245,-6.9433767479851705,4.153576700309724,7.963058269325814,-2.6023876008296165,1.435990084020091,0.5529307726006165,-4.571011795214304,2.904117084917353,-3.240369067391659,-0.22912885702076885,0.6956377792226449,0.8079343593344407,-0.5804395103410049,4.7837607150940284,-1.735254980035859,8.124784922718943,3.278877221854122,-2.97131778699601,1.638815181381971,-1.997378449686712,4.882148071672253,1.898138302805727,0.6908407676312255,0.9986283034755481,5.535252235922659,2.19017736411404,-2.039940799557745,4.534330401585234,-1.4555526278312334,-3.6089908657061636,-0.5409342684089603,1.4733426855503258,-0.09409737478737722,0.5272502885017412,-0.588670306508727,2.3552141406465745,-2.585279034083288,-0.42490970513731807,-0.6709310705834091,1.977864342018359,-1.1685255121331142,-4.276893843738812,1.3798900945191974,-0.053573450768246045,0.4660201289794627,-1.3226257772603407,-1.158207123358931,0.8206936002570939,0.21574768441251865,1.4809006820935273,-0.18578824192640894,2.600132787688813,0.5974883066189216,-1.9986386248553836,-0.09861366237559022,-0.03554140594364244,0.7074643669041466,1.2458020014602058,-1.1812559368848792,-1.5778902461454631,0.8199684166843101,-0.20449841215165504,1.2104112794454045,1.0960117219517735,1.9971724511375566,-0.062300148465858116,2.7742891534141227,-2.235123149340259,1.147394444493106,1.5490464954431604,-2.232145318740184,2.3555680323371604,0.38203273421551426,-1.0900806159257501,1.8725355322077166,-1.2553503579391503,0.45510729746695416,0.7720571373948534,-0.39215430810755186,-0.7263271012668523,-1.6827915291980473,0.5028685195152295,1.4006802191016292,1.2952647843263494,0.7776133064235546,-1.274861371796072,0.21266512380426242,0.46375096597006465,-1.4430159217371257,-0.211649901948194,-0.292342895278693,1.0627222303881505,-0.8527793410888296,0.010780277213531222,0.4438234699406536,1.2557428455320683,-2.2237196570001556,0.18544313651308783,-0.08118646874444196,0.5917083747612684,-0.10775327651123719,0.2995850692167447,-0.9944998423963389,-0.5442181233111394,0.7706715352343319,-0.1761119331006995,0.2069328757260912,1.7889458430696654e-13
02ADL0082,-373.7483899501499,-63.36905033588801,-60.58188697492992,-14.316049748036864,20.639242015467612,-16.028327276476475,29.29469209100927,8.417664267304152,-3.8044684146773955,11.506549118518459,-26.885498964897327,-9.383117069918834,-11.292467076790388,-8.551386157292027,1.9476507956567466,5.783720715820629,-7.814713310780095,-0.6932282137176686,-6.901607549315966,2.7235449799149953,0.668485144493186,0.8000083363430747,0.6842322967487598,14.334127859740683,8.272939903304735,4.890760367924957,0.8592192826323277,-5.796729604015151,-10.965354880369253,-1.2132743532780241,0.2570122967412047,-2.754825948638287,-2.4025644445714436,3.3345140224634604,6.366883062472952,-1.9342580509125227,-3.0847137226141066,-5.317438910379948,-0.6115440208511479,-7.393390562446254,-4.030533122981331,2.116773045260666,-0.11132531865463144,-0.2920616942833694,4.4232723090659425,-0.29315168519990065,-0.6338819960199629,0.5065529430678719,-0.9189033514725232,0.028808532777371054,2.631997245444844,0.06934880112739451,-1.2070137831351933,-0.8252696096867826,-0.18510498527910477,3.998387142716475,3.268005012056749,-0.5550548618715562,-3.3091096807795974,-0.2897803041459728,0.09577380261678521,0.614665006140142,-1.5181762974852515,-1.668311079082137,1.6554069277437582,-1.6128541612837466,-0.749051916655019,-3.1837463298069713,-2.9788336797405246,-0.39225210190467696,1.5834252911957585,1.344941763112656,1.179937644134358,4.111612251680144,2.0046886065720573,0.5934956440615289,-0.6054323818413844,1.125182301808322,4.287423861790855,-3.2905471439912963,1.3022917540096295,0.7576993216151169,-0.6798055574032207,-1.4653889714216812,-3.98763338678434,0.10154121734280457,-1.3479402088964867,2.8151606975678036,2.420117713077908,-1.2691321931378865,-1.3147050900326875,-0.8206478389395568,-0.011987440218219977,-1.2609894628954124,1.8857285626898717,0.4987500410838349,2.2201569340183402,-1.165093608736248,-1.985386804132732,0.19155273762416652,0.4391585813061583,3.8351262029474253,0.14377135327517473,0.7959229343008513,0.3508400549664429,-0.1757471078171137,0.9586068172344171,1.063455237691571,0.6326711915118169,1.930018616831538,1.2344168289410002,1.6834127724904995,1.9011510824569968,-1.157342766746669,-0.5375756670983157,2.4554996323546385,-0.1767463983172192,-1.7607483724754898,0.5671450615968404,0.8016964300118591,-1.8863727377612314,1.5667307551743423,0.13384770660967069,-2.2851847616842904,-0.6803653188286097,-0.07881760605875165,1.9623750865987195,-0.9869537936495394,-1.4039301843751064,-0.6535478837754451,-0.616741252936678,0.5250832309030444,0.7075735338563435,-0.40544475831728105,0.6698814317345824,-0.49528522876653414,0.7783776775280763,0.07232891311590334,0.8691873398641211,0.16746810322402342,-0.1672430799074688,-0.18823412267174044,-0.5146284601878269,-0.07321012057500013,1.788945843069686e-13
02ADL0085,-375.89114196432865,73.48914519662236,51.377965474470955,-14.339592148025302,-4.436978269713402,-40.59541482417931,23.225918378201,0.7511568360049552,-25.575850687145103,-17.21140144327996,29.051300214836083,18.58714874863655,3.2178304345492594,2.847616423516613,-8.144535169377258,7.353215242724172,-1.462488990872043,2.250723916327582,11.721458798151243,5.67257693591029,6.645326186214911,-2.293964724083349,-5.986836293090663,4.097293212708307,6.511698388952665,0.4106050563516241,10.628021028308803,-6.266387103001818,-0.5839143028073931,-5.6321998889456015,0.4474436184348167,-4.427390913862026,-9.345062775727683,0.11834800002829898,-4.613524130178857,4.879361053735395,-0.7921841189682896,-4.973560070523725,-0.7833462022682679,3.286115596788921,-4.408608565733366,1.1229593360117416,-1.0316094405453418,-0.4444160948265867,2.0546421562829065,-3.4994476124965685,-2.7660196904388483,2.153880966186221,-7.257104168587749,2.7103880478551,-5.41019178170489,-3.631889031651505,-0.1404821341678614,-4.048909306199563,0.16122835810743488,-1.385101135044127,-4.113665778983673,-3.1202378666036568,1.837721992400103,1.648979882839385,2.6612287433126007,0.7766345626838886,2.8435947684943357,1.449307045790781,-4.005095421109931,-0.527482942469382,4.347026460703689,1.8637955571558704,-0.9052779254382443,-5.409640147263871,-0.9002226061469221,-3.250613242348608,-0.18972749867087138,4.18990517382531,1.5799359210350215,-1.0827794251545542,1.5543674453273135,0.7306503212351418,-3.0774071771011307,-3.09617308346016,-0.37240296413317553,0.4971183868433212,0.5790326845484025,0.8133611163563753,-1.1627419602867735,-0.17809492504753208,-0.15821481495722559,-0.2465263169795025,1.224601971506987,2.1452575435482135,1.3608741874286976,-3.100239019329632,-1.684713292471807,-0.00491731357594233,2.2350706301839747,0.6849823672230811,2.004914709279788,0.9847983342877876,-0.6715576790508769,1.9828337529601798,-2.6362696444384413,-0.22574446485976696,0.2842680399351358,-1.1939570409063047,-0.9031459995043668,0.008416679074985868,-1.2592986008410707,-0.5042906273918681,2.44552817925818,-0.5948295986118008,-1.9261580138845387,-1.262280078336417,-0.18059435202701948,-0.3495662009268497,1.5065785596731,-0.027989407861996624,0.950540250759558,0.60463741517182,0.5389866744376127,-0.22018431409057546,-0.21571661437004724,0.6637661132588363,-0.36951263592056754,-0.6888736067769898,-0.791917016876038,1.4975459957339026,0.34736926174569677,1.3450826869217227,0.7522708722096065,0.4168363579487935,-0.5590301575014255,0.3223285681490203,-0.5121674310401821,0.6684010082440369,0.20329398078046682,0.44544911963329936,0.04891418654043554,-0.9649731948696234,0.14368312346997078,0.07333130882888703,0.06488193912155314,1.1734966281761974,-0.7486041764193042,0.5923399017909219,1.788945843069688e-13
02ADL0087,-378.0377978854512,107.004230380975,82.29116706793234,-28.045305157320943,-49.74941133579049,-13.474802423853781,-2.744412481289901,4.123168298439157,17.96922541565144,9.589744994568406,21.916301215678555,23.192759843590682,6.870120332311414,9.773307827884764,5.254233453143707,4.070112540911752,-2.007064288596031,-12.625918265522598,-1.719429508293794,0.9628431938507841,-6.632224063718163,1.1047219691995283,-15.926060456331975,-4.989809561642497,-3.968976081410468,-2.9228104912179984,-9.61182868458514,-8.735712199775,2.123194576230071,3.2060924709899377,0.9249298821981475,3.4269100391866942,-1.8214778959830547,-2.142905233031866,2.434865224945561,3.846348891942494,-1.542018384113356,-2.9069336047868375,-3.62492931579243,-1.8324820040715848,0.21172126412864073,7.549166784678932,-5.258388151348292,1.273041688592543,-5.8192905745147865,0.7567849174210808,-1.26746776560663,-0.562270058647457,-2.4220799058246545,4.508900959090947,-3.4814317745228855,-3.0438236328710278,1.2128483292883905,-0.611379621858973,-2.7967784992890206,3.374412312963009,2.088976982738286,-2.3870823978790536,-1.402317614453647,-0.7840075008667429,1.409656527356697,1.2960494574810053,-0.24839644711886558,2.8568022776517914,0.1491322697388266,1.935411700899256,-4.258203309129181,2.1324082920169305,-1.2207740473348643,1.280326711714232,5.021610616286618,0.42133453003554316,-0.6079932398403871,2.3945940379189055,1.6269680440545822,2.652122720102222,-1.2164280666922924,-0.6417163187390991,-1.8381112607587158,1.084008667069543,-0.4372888371103931,-0.3735932516372897,0.9409026846361922,1.7635227967071827,1.4320403902473278,-0.284145956188811,-0.3963603057170423,1.5931718114353268,-1.2849562386297197,-1.563481390511639,2.9907125911580854,-1.6651784456287853,-2.17172265248938,-1.558577828520786,-1.4583686102248459,-0.48159419541915977,-0.6720053061738339,-0.20924273753265935,0.6121398758402524,3.113315425730718,1.519667851373936,-0.31560340533403436,1.111311452384123,-2.5334762236475106,-0.7381631551285445,-0.1849718629612684,0.8494427517284858,0.43567301115342655,-1.9265389326987858,1.6534814083262697,1.1666774217494231,0.6428844254695324,-0.5342980886292401,-1.716105010981878,-1.2117013986549525,-0.6530140901803047,1.2779041578234092,-1.297472153554357,1.0581543293999058,0.7274924478696956,-0.26133719591200244,-0.9591537319408338,-0.38944063861603057,0.41096791986992803,0.7189031079069558,-0.19559538083175346,0.05578512170028282,-1.3068320534282563,-1.8061482699603704,-1.728111784347757,-0.543191014865544,-0.5465899389195986,1.104327566817932,0.5031645067263312,-0.569503432856675,1.864101947852671,0.8982418412303758,1.8866509455147722,-0.4484128733457157,-0.46347717131077937,0.5745620368626269,-0.5002924846175136,0.8128147924211523,0.21058960672762903,1.7889458430696697e-13
02ADL0091,-395.05477631228473,25.905605090757668,-85.59033781609834,-43.56834263391369,8.375353650804357,37.92431959606618,1.1523878932656582,15.297326746833797,-3.510475945615645,26.92673361738593,-8.873926418894373,-0.036451805345911324,-14.27661102850162,-8.311079626208961,-18.831045093246342,22.635194343166614,9.888434055824138,6.0818382425290345,12.83897768033541,-13.338883167164564,-5.1492046432711795,18.117427518325666,1.8063712861333578,-1.3003729503839918,5.326832708333452,-6.77352993292761,-0.24018918535945671,-8.898643674090314,6.51836877262394,3.135565472639587,0.25755603123382725,1.5421429174386019,-1.6540666975446165,-4.771145200711352,0.38955117532231864,0.96011227279526,10.925518765464716,-2.62800343126215,4.575101116142071,4.475525141333705,2.055310704237463,-1.1248805535383493,3.8088722201571446,1.2909437904573078,-2.8276046415518548,8.969760840193365,4.873668651899732,0.7157548656879472,4.949064669655073,-5.234884019644643,0.19699831094583442,-0.0692852714510335,0.6346767846865403,-3.283767639601899,-0.3251435452307153,5.868447223926664,-0.2850691017337102,-0.7493799911030573,-6.09054500214568,-1.4303992086128092,-1.6698309879325155,2.8782378345227504,-0.10438772239444385,0.0016479651995774036,-3.8897658753431443,1.2280588233313345,3.404884473112852,2.878604967236911,0.2350974252359596,-0.8429771249993935,0.9001798748577677,-0.34978871639851206,-2.9398123772137414,-0.8931668761726911,-0.30341129526603217,2.6192995017181673,-0.239343338274681,-0.9018788257139958,-1.7425386939905796,-2.4362783429079466,2.2398709689783205,2.6301760076406846,-1.3270166671596193,0.43643732840169236,0.9732746860754544,0.24491582773387938,-0.3579683802716331,3.4749518707846474,-1.6660137423639243,-1.1317895569665286,-0.2480429208231144,-0.3692980504203016,-0.18056931679462157,-1.1466321015919807,-1.1301556291644965,2.1478131469885744,-0.47454636822885177,0.4421913865677578,0.48934622481591356,0.11289917931093434,-0.2214077695372236,-1.9437520182898922,0.5902501977136427,0.9506681615342617,0.42964360031752263,0.6066052391581855,-1.3820178446811135,-1.6876753337253367,-0.029693694419561066,0.6231070495308303,-0.423944870164772,0.682699658615688,2.6491888514847095,0.20411928001773932,1.1896641336307454,1.2384116027575274,0.597328236511541,0.19431574974157323,-0.9458936196250091,0.059379338936602195,0.34500156775118784,0.5238529547123366,-0.2551553284735491,-0.35962617571573474,-0.3157456017496008,0.5672645359710374,0.19703601048486144,0.9220251138912011,-0.920023058646642,0.26760345745843145,0.43387371117651874,-0.4063649295448503,-0.5887819850214968,0.7244473122781212,0.23261476687110044,-0.9422247791603456,-0.29966806616680797,0.5088209514159471,-0.3648976804604405,0.48900550703411244,0.3893001968002635,-0.04343090226133799,0.07213001806666089,0.28623453885608274,1.7889458430696829e-13
02ADL0097,-403.7375208891567,-14.45452039779254,-17.07271438746501,-72.14385437814812,-35.6596870456963,9.252125715072033,24.601760810896344,-32.39093788520434,15.076936009980116,-25.094779865048846,8.7494648698552,9.421166553218924,2.5197555491488344,5.369446710635933,-0.3656937527241719,7.586757603914922,-5.495015602885393,-3.084895827775149,-16.03969658320518,-4.943522546959249,-1.3196775259631688,-6.881830291863369,0.3687207137005404,-2.1057830986414054,-3.2507413705865256,-8.74227852185834,1.3258306246166334,8.869024771020088,-9.093893457745176,0.84022095332435,-0.7867740471171768,-2.183770023726036,-6.374849667507795,9.559889136812352,5.308631729027495,4.08880869564512,1.012411609935462,1.4283890203191059,-2.850887596794234,-1.0900205727877805,2.8220731619813457,-0.19306268180596634,0.602407117560757,3.0766127048047007,-2.2140766249765593,6.888823132681816,0.6500598315569907,2.2165013043739044,4.4473119636063,2.20097140213819,2.654833359325064,-2.3515628219677445,1.060492446825117,-0.10937328568243616,0.7672073615342532,-0.2557428966869458,-6.406111149294085,-0.39814224911916635,0.4035016327183587,1.0755649278862924,0.05412700779427783,1.0511657833762444,-0.9293903708989905,-0.4694638333346026,-2.8637292892134574,-1.3140760453274676,0.9021118184738427,1.5076821791627646,1.8812359155084246,0.44877020240277565,0.14741136497128418,-0.8721514763162823,2.6651481181591143,-0.3491069607513231,-5.168113565209434,1.1629770602783491,-1.0908602746246001,-1.1491465673004782,-0.8630712103526506,0.8699143972657197,-2.3904161363536054,-0.522409144652194,0.7438712230420591,-0.6370399023033873,-2.2109291994608067,0.19267603564810784,-4.229939671992406,-0.8270368023410375,-1.2474769315997183,-2.787115493164274,1.2544720099958335,-1.762872789803143,-1.401538290021597,-1.0127463049272136,2.0687355487688066,-0.3385765625793089,-0.8992389927009448,-0.5892218322079513,0.4229509070643363,-3.3885969957334017,-3.058652808291005,2.6213031967820597,0.3836907943693278,0.5487638164950243,0.17445812643461403,-0.17632409313057423,0.8925240094654796,-1.8222691700856848,0.6545234781402339,-0.7400982736685782,1.5768736861737571,0.2766422839722333,0.06449571555758404,0.04047083996500685,1.5839622162812412,-0.4422130396347491,0.6427278914219313,0.28118054751665766,0.9105782226194269,1.7750177674578316,-2.0321439121573843,-0.5044527662562639,1.0419859628863886,0.48925305505755007,1.8299425221260794,0.8924531595966202,-0.4656163480992042,0.21966373722206955,0.7213341693617542,-0.2054124653071614,2.0705548807920477,0.9491330286084526,0.5189603626398667,1.1793934045943943,-0.3018242116219199,-0.019168893227384694,-1.0483457704245247,0.08446127485515918,0.688197101961172,-1.172260103075817,-0.3808435056912094,-0.6779268462250586,0.550983569740254,-0.8727552382359735,1.7889458430697015e-13
02ADL0099,-385.42320922343987,26.71100478776259,-6.441693926943097,12.795267202554315,21.688121866299895,-31.759824377494727,20.825513041327216,-11.41010893739086,0.5856073814029228,-40.00061796636698,-31.298790901640135,0.3861776523856406,11.026293069564968,21.671360197612085,5.575940646908825,-0.9762241905235951,-12.844796512451417,-4.628408430868554,-8.543329850144149,7.178425384059132,-3.9396111865349743,-1.5219962169405463,-3.8464495907612317,7.854563859141554,0.9881406760632879,-2.374707768493432,-2.9766525908438055,8.20519835007774,-5.215988773185066,3.058628436608023,-4.559140467969381,-3.710578717427162,-4.431910312900243,0.7713321839677723,5.63317055869999,-2.3707925257576146,0.672375567183593,-3.424984232748581,-3.1031640292191525,-7.285878353533153,-3.689898256802245,-2.286975075488027,6.321461720777607,-1.8621554706739,-3.9507733454186122,-1.1097253372963352,2.6961337640689425,-0.4859580637591374,-1.649286097233215,2.365588241097687,3.2156619357840377,-0.20307932865680106,1.041713024449859,-2.31828326676372,-0.4802119390887988,0.7547772728360166,2.561157011857223,0.948663366306337,-0.9345592851596822,-2.596259210066806,-2.7341231468936167,-2.939617600706926,-0.25572756119660034,0.3769583990306039,-2.6814145417922,-2.1772041717893433,1.3711522554389952,-0.8249549018046999,-0.06775487025872158,-1.097902359040836,1.3153734418906762,2.02253430559192,-3.7264123639688633,-1.2312383808503213,-0.9474974764899105,0.9525808022200276,3.0388227373061065,2.0154503914702584,0.6914522877797247,-2.3518327453031986,-0.5842543293614503,3.356422228296467,-2.8878433160582846,-1.4051532960281239,1.4945083655392313,-0.49326233362727195,0.8807147017491636,0.9562950339449205,-1.5818636647952973,-0.09224700523422787,1.2453196393782684,1.4353769912507561,-0.60946550113625,0.9119553359376025,-0.6590244752656892,-1.5478848721487168,-2.6095247621092064,0.9409739975721901,-0.5326067018270602,0.06545784323076907,-0.37360611363903334,-0.805451774566139,-2.079479243574378,-1.575262039476394,0.88630506767969,1.2883140568770335,1.1006174284839079,-0.2282557454809354,2.418604782382862,0.6621912511161477,-1.8510811244845253,-0.3250957037555729,-0.36286123211742793,-0.22552540758187195,1.3580965938778216,-0.6573244369293607,0.3102303246095954,-0.023457132184148344,-0.5694430110008075,-2.8136957474679285,2.210623833478915,-2.1407827919394533,-0.09623330248451244,1.1537507799658777,-0.11030610718127819,0.5956960726874879,-0.6536229101046648,-0.46723747307717495,0.9887495800465428,-1.0752490692173096,-1.1348979492880167,-0.16195222880781693,0.9065845061861082,0.6052660027402104,1.5791228553415484,-0.9252277380644387,-0.05152351225484665,0.9725748678316536,0.030134765189426694,0.2227657559220492,1.3713034288027983,1.6847027466745332,2.1421175433950057,-0.0520578053753855,1.7889458430696692e-13
02ADL0104,-382.0389605158141,107.02446693099563,0.757776163141657,-48.20356736638745,7.024109420367837,-13.338465944218644,37.07241076145305,12.848546145029982,-3.716570043438437,3.4580620054206315,12.141256771758767,-17.875069051961674,-16.294194049705574,0.7079713086928422,-8.246815804977151,0.11540184510286272,-6.455440523472494,-0.7476675003386777,0.4170372361266506,11.306506671759532,1.5937668841248611,13.281645847004883,3.845587900369877,0.886158486799375,-0.49426750444480094,2.838783560296445,-3.973191413925819,0.038092525901162806,-4.832464398070292,-4.581310927709469,-2.8648941621105597,-0.8466510172494697,0.7730649471649023,1.7819229796924339,-2.8991857501728515,-0.4115614347577863,2.819546820167097,0.3569380428768066,-0.10462682515505724,-0.5638370450840804,-1.3157815656393521,-0.6692983850758294,-0.28410402981002697,2.4588514817459437,-3.67481471438299,7.034368655394257,2.9597544220264327,-2.438314685763502,3.310894577110055,-4.968390611022294,1.4719304527308525,-4.600469932464004,0.08173172954135129,2.6773944032284094,0.7855188460662863,1.791238518489042,1.3815162888995025,5.51684709898982,-0.35482340212425634,-1.089978512128636,3.351517692318137,-4.152482390546518,0.20511301351370606,3.641488592321053,-0.2933463237825435,-3.835939089485017,-0.28695400433513374,-2.0118002278420626,-2.2458175601101895,2.0865700542914407,-2.7765851650544544,-1.0710183593625642,3.0081823874300584,-2.16761993234113,-0.2645531976942203,-1.3049329924737798,1.6805816204126303,2.4538172695549125,-1.8166505437491038,0.7897227726284262,-0.48924238573920037,2.5830429371278614,-0.010141956112551523,2.2366036429263962,0.9744678998115025,-0.09155554357144653,-0.8761340021367056,0.5305365865956316,-0.4822342442202669,1.0747848442819017,1.2913709538216294,1.4900448405385582,3.797080166364792,2.1237452446920244,3.170027069310839,0.8854998641224291,1.595025578782379,0.009309071478171527,1.104122970286958,1.858697169031419,-0.3522960463762726,-1.0830539966930959,0.12878542257015843,-1.7596480264076177,0.4102068691355091,-2.4772153921117273,3.1755199211223535,-0.44054702346867625,-1.0937784869019513,0.08479719778843961,-0.9295032156524301,-0.840403369247071,-2.0605202413940575,-0.6157407770280344,1.8209472017651651,-2.6558879655594425,0.21807009685754813,0.5880235942412081,-0.763804872987666,-0.7832172944898675,-1.700229708623596,0.14536033810126472,0.394015584093417,-0.7379916030895025,-0.4928475036177947,-0.23380067581874525,1.6689863064475892,-0.8649506371136821,-0.6466302376861051,0.29933094321190035,-2.037649717752119,-0.3872153699393852,1.1669332399669043,-0.7928598346766697,-1.559238466619769,1.2574603365629844,-0.5499905756982133,-0.3783980981352676,0.35641369574114157,0.2809332466337368,-0.3617898910058277,-0.27738095756657266,-1.2892578531864856,-0.7560235878825281,1.7889458430696718e-13
02ADL0106,-388.44831316814907,56.73268262815741,-52.738556891319156,18.8083587550664,4.4116712360584005,-6.480385921751273,-4.632519134051156,2.5684585763624908,-25.51970288850899,11.154981320988606,7.665684649121204,9.408187282944047,11.314751644964192,-9.626002741572293,-7.541212510117713,6.495356419895767,-5.160710163465521,-0.8074982636044926,-5.830380441382594,-2.159437085793422,-8.660341369970062,-0.12646159008035981,8.539275769070509,0.36183312483848945,-6.507661224100584,0.05150627358307828,8.071390254446225,-2.362936149377636,-4.915773151013317,-7.791889954788824,0.7772565474555616,7.8178569709133985,4.388917424342365,1.487408104052474,0.3280521546118151,-3.603279690046956,0.871619409818755,2.445666240320532,-0.23934232097661115,6.018729682460746,-3.7850482378292205,5.059051443316777,4.219211350075275,-0.8599061033331216,-0.8325865205244684,-4.374395148507843,-3.0393185003439567,1.8789349194557685,3.1073923092713653,-3.217043494329375,-1.2109648708562226,2.727591285011049,2.5516029678296768,-0.7202225591726569,-2.8611326027433726,-1.420776423487365,0.621288614686537,-1.9778458762792719,1.176193067592385,1.5697570506889056,-1.5517033093322254,-0.6001284272205331,-3.119350791233315,-1.2457199938720975,0.36771080898714825,-2.8368241518874124,1.5448711629445084,-3.852005577846448,3.1710639141615546,0.3172740057637167,-0.9625559366533479,-2.51814212567541,-3.303254250561261,-0.18050939756167966,-1.4882674076759863,0.7906693764282811,-0.513616462322092,1.5911941028796213,0.24613889495799304,0.8378013839279024,1.6719040582704319,1.9301438095080183,0.8109854098372904,1.661053522335549,0.2650326871510088,2.2950163961463597,1.073465095739369,-1.2398505180018695,-3.0358985376586847,-0.6131131120855934,-1.1406990033446471,-0.36406911245442786,0.2700773874675042,-0.6164989455610652,-0.33269984515820106,-1.1430389713505726,-0.20061666103966477,-0.7403939477949326,-1.0587010490805178,-0.1906720449880512,0.853509595594647,-0.013841606852698914,4.554359927064303,-0.4865631630354507,2.965627736924604,-1.6944958404192219,-0.04548510912302446,1.6536439769350557,-0.687083925676976,0.785786724962616,-1.570592156172221,0.25962370651622474,0.3151777157427073,-0.05329369781976664,-0.6844394120981016,-1.451681289818672,0.08943727417906126,-0.500434907418306,2.9930954670041343,-0.21902868949492615,-1.3865325252555574,-1.6088575064644617,-1.684346790238587,-0.0029277057600888452,-1.4559960188970538,0.8152821940296164,-1.1168609100203648,-1.5362999815762632,0.06427067732140258,-0.33678426060822514,0.4926188408586991,0.9204605216999386,-0.5835844805280815,1.6803003435303299,-1.2237829491423853,-0.2263595277083855,0.6021393888568161,0.4983478509759465,2.875988769932176,-0.7789564130364965,0.4336694307072592,1.633763876300134,-0.48072127760551003,0.8126900636222681,1.7889458430696508e-13
02ADL0107,-382.1289343018251,39.2091711053592,-44.88024364666667,-21.76076727964806,-66.70954659351219,-8.674488265549492,40.76251362806052,7.192593369737616,-10.235575656512967,33.455560227775074,3.783807708916845,19.73674486814599,2.233231035037103,2.9671291842704868,-15.73129998236467,-5.601897192448947,26.90268977708323,-11.391162487461312,-9.239287821956479,-19.316765337333155,20.684621948959638,15.552205793368273,3.34501402398093,-10.39084372787608,6.779731075830214,2.4557671594132655,-1.4875208365904415,1.6696376907863106,-8.656889986673074,4.405028682171868,0.5142186244249023,-0.30515426207189444,-1.7993668782586814,-5.295637686918709,5.574704205232254,1.237445819444599,-6.784833321618222,0.1120078709146649,-12.32474203089034,0.48293864596559116,-1.7959346003130596,2.2364781187354614,5.171198595525279,7.770209435651965,0.6822522478144727,-3.5758995318532225,0.714863293067224,-1.582325950327012,1.3427552553797466,1.3704953116491188,-5.749327450083515,-2.1937098616429753,2.544486219596477,-3.008448307801924,3.276462895051403,0.12512571680744342,-1.1600821704908395,0.728913357889307,1.378729215522191,-1.0067957843742017,-0.9534448910176953,1.2250880984116501,1.4910555506221352,2.483048050835758,0.21138511468213,-2.7875440621279783,1.2275930898539538,-0.4406259450178262,-2.269311411720472,2.382198390544173,-2.248386159616576,-0.4680271895916869,-4.471982591731777,-3.0577340060786473,-0.20345116713021502,-2.3892354844304298,-0.8121240610041701,2.0406594539015495,0.47307848308448586,-2.486600313263961,-2.6903615568792105,-3.0530542215173146,-2.316512285598414,-0.6882142873558643,-0.26061217022399785,1.856116520745004,1.4321534789852177,-0.29693020304577744,1.4606433406274622,1.669125250172557,0.6702162712416275,1.329030528157089,1.042721465833104,0.3614467671427909,-1.8800879410930031,0.9091904131701345,-1.0995154003954406,0.15325969016243493,1.2226220377006227,-0.8650184468132939,1.215899659993622,1.4110965799928972,-0.48883984902065786,0.32771587152168297,0.5892287036934019,0.3120771090701007,-1.2686893226683493,0.5387244222212278,0.5114622048739743,-1.219486294806937,0.5081820531033919,0.4242046904274897,-0.7814715841864758,-0.4051098366819209,-0.935702141664833,0.26526619895720394,-0.4160195647008249,-0.11892466642582852,0.006109237240969996,0.7194477774320612,0.0014841809609924977,-0.26262035124739824,0.6597157463932797,-0.21794397780958535,-0.47871672749882044,-0.7333140179716756,-0.416642494013707,-0.17895531692321512,-0.5932563494459766,0.14780141734707775,0.0902179035476174,0.05384140194677163,0.09218474715438083,-0.7431109528953824,-0.14609672363818874,0.2894819241174766,0.09183495467055916,-0.4518462038926697,0.079463155511568,0.13181331935530757,-0.3122650051645316,0.29698193209620977,0.2408697250616232,0.035445394248804524,1.788945843069675e-13
02ADL0109,-382.13897638298295,-128.76278303977435,12.68333271047859,-19.70084621051657,6.492213228147409,-28.22928779657315,17.901235418993664,15.967885605178017,-0.8883126023028531,5.805986180588925,-16.157084589934215,-0.6096615328975816,3.903690900407571,-3.977424002074045,-0.7635578251255938,4.519717830027537,3.003228638804338,4.542789009527501,2.025389069169212,1.8882485501778938,-13.641275851506458,2.4208537297080346,-7.1635004240722315,-9.97655593718394,0.24070223621753,6.707683046558641,3.069840375119217,0.13194440880580355,1.6154612997397175,-3.734048621161849,6.143689041464484,5.6757955115639,2.9043336422519284,6.7191934707577845,0.3672991864219405,-5.655665330571955,-7.016929861836537,1.749678053668182,-1.6449744992259607,3.6011596690740713,-0.7770938560802066,0.6735398737687401,-4.893998120368137,5.983840198685197,8.286886477694779,2.1532772048723725,-2.5164512806897177,3.368067217446859,2.952370145738217,-5.120049974059324,4.270778043552406,3.525395449071514,-2.9611803443757396,3.208547094217574,1.3085800002582684,5.495120391246031,1.499974424549484,-0.6864428979671487,0.7033157919318674,5.777000017777872,-3.490125580910778,2.279897547826873,4.19853337211583,1.7950590249958125,0.6851609068183299,-0.32730056034282135,0.8313477032984139,0.5602514129575735,-2.643490580141698,2.9820305784270436,2.1542572967257083,-0.7328118542238407,-0.7466254294402288,4.454311870728189,0.4019658149236366,-1.1235579035584706,0.34606124147534295,1.969570799951345,-2.1788761729122803,-0.5266962745464124,-1.9634456043224142,0.9130847524950121,-1.6422753247526496,-0.8223980302167754,-1.1144671396822448,0.01927572748797844,-0.8962843107863524,-0.6960035808340291,0.6752632950522848,-0.15010823564244993,-1.3722527466404915,-0.254921830765575,0.6500652522473901,-2.001623939510233,-2.110143985718848,-0.7430926133784695,0.24266536304101044,0.09662950251172811,-0.7079244357501473,-1.1785897711118765,-0.7187822579276333,-2.179980330257469,-0.5307342970156074,-1.1738757646926332,-0.5483977344754956,-0.9335042950755346,1.057196587697147,-0.4521124530278165,0.573628597386744,-0.050552163012325554,-0.09646414766439437,-2.0205891590795653,-0.6461381208956742,1.731833602508506,0.6692636581605786,-0.6746436846552455,-1.2482331877160135,-0.9812958067069417,-0.1399474725563289,-0.6487143878751402,0.2108534327816071,-1.91685331273772,3.3085002268232433,0.15333199165618486,-1.0741161670310486,0.4147954692399131,-1.0306963208885342,1.927418353986965,0.10948863941271289,0.5833002889949521,-1.0553882782334143,0.5588051187160643,-0.6437746660789934,0.4894704781029592,0.812115875013325,1.6408911120817076,0.7725952096608348,0.4510379587415245,-0.5106734531893585,-0.49008130999105526,0.49333371996401143,-0.5397933609278155,1.3386934544813138,0.03997445061189336,1.7889458430696564e-13
02ADL0111,-386.1019184957139,17.347470760330427,34.401808601517345,-38.52225741769671,-40.32937596416812,-1.3647606919407973,45.38091706861919,-26.484504995242606,-29.878208830795117,-18.079422890581732,2.8960118407139412,-0.8312876194090204,36.82802954254659,-1.0444798742015489,9.927996236503049,-18.96557107083121,6.531684694807044,-2.121127027203594,3.2491101955431,-3.154335708368988,-10.15921207928469,-9.677935575134311,4.8509644175611255,26.248283400284038,4.195873911235659,-3.2887167140026343,-5.473298772056379,6.402933210826878,2.792107362174641,5.39723868692997,13.86668953949837,-10.480351316019759,0.8798508635325961,-9.019999840622036,0.1628546913765369,-1.1068218083479473,4.602892499049384,3.1617466702680375,-2.0468879161273605,11.61694985900251,-0.7908077544482333,-4.352596836811204,0.6454606991210123,4.136006448243152,10.589052912095857,1.8502450310835068,0.9601511449438976,-4.945789443948249,6.639836666098312,2.8830177624568574,-0.1205831450978818,-3.587150484132204,1.7772193162381174,1.3614616106418893,2.925259858555098,-3.70356427305992,6.038558651355913,-1.3870888758638165,-2.4375194470746844,-0.32310190136190176,4.679475842647054,0.6292450367173303,0.2820376153219976,-1.3833832083263558,1.3106988528860857,-1.2444111982558423,0.7702792358038105,-0.6391101386396685,-0.6252242521418087,1.0201137552115376,0.1564614119556332,-2.09543363448069,-0.6470675521699686,2.456015040286365,1.1346995290158237,2.073296548985351,-0.31133331610583703,-0.9255687458697534,-0.5835001576244523,0.23553927800296773,-0.22537531607491662,-0.5414906441049225,1.9452605898250999,0.7295970943796621,0.8369982120188164,-1.07628659941112,0.26623772332666534,1.2674452798449982,-1.665053014683436,-0.6791337270822068,0.12716731546270407,0.23885128586731236,-0.18577685242931102,1.0365467936010915,-0.877558204396476,-1.0725698505979109,0.4703561144863933,-1.2149528241608238,0.8825279516715234,-0.2935525791474069,0.6238400728329732,-0.4722520194675991,-0.8328966442398951,-0.8707628362499863,0.4448787140626556,-0.9280004601000738,-0.49892350528666385,0.1273531226603102,0.24957962455247162,-0.3043137304177564,0.061958696335423225,0.6227165755417494,0.5105613733499472,0.679996449616207,-0.31030482393604103,-0.6744249791785539,0.22016339801655724,-0.09288649861894949,-0.020707376926930202,-0.4956442031107623,0.07746554544407692,0.7126269413779522,0.14167587651716207,-0.6828167283828686,0.2633033853169957,-0.2012079589459932,0.056358285365215505,-0.08350442778643175,0.08571971436585966,-0.21088280240752627,0.24380294467638386,0.24891971912653468,0.23629249229534116,0.42104034020920655,0.10380389695243172,-0.014530629053397371,0.01377130587304916,0.07467957978738617,-0.13592095693981732,-0.08111832836199674,0.09980721240721607,0.05503199399060237,-0.005187166914545253,-0.01863435824019077,1.7889458430696798e-13
02ADL0113,-391.61602254037695,-31.949154452281718,-30.236716951928578,-7.2442206842909735,-0.10164569444857924,0.6447925464898827,16.140995625056483,24.335776357006328,-21.323834474326482,13.84775873942581,9.933560041663883,-15.429190231205142,9.940346102780817,6.19852724851026,11.14835505219656,-5.000551864066954,-15.93964394273424,-3.527062134104278,-10.710073187344362,2.975842293940971,-15.608476936675073,-0.47639117643482304,6.369069995683783,3.260424050994642,4.139945213946463,-3.138256028903606,2.896263741606295,5.441853216165768,5.2432538749052275,-4.872204620517139,3.2771665068004876,7.9732898089999376,-9.55644254306355,4.765922725182216,-8.240691016238284,-5.497747322623505,-1.0633475343651273,6.179361903293812,-8.071969967006194,-1.374874906687452,1.511089948492423,3.3043893583406434,-4.983920020721314,1.735215009644202,0.05620071876424913,0.504493101981057,2.635928162243759,1.1995793071848915,5.046472001280895,-2.438008163201001,0.5458211641911443,1.4542178616772705,5.352511649669556,-6.647737224031101,-4.424826980141318,-2.752264199004196,-2.611673205981591,-3.5742341013663212,0.949436945880665,-1.369551656361527,-3.9759449705938645,-5.118474907006835,-3.000712781168051,3.6306596281030767,1.7610662263511898,2.1445778839889096,0.15253805219200306,-0.3853706116803457,0.7413040912882128,-4.398712415054726,-0.01733629087841539,-0.7333217142443298,1.233160834887017,-1.741318231169837,2.401666457159716,2.3198746133346138,-1.293347287320153,-1.150467488606744,-2.162265754617706,-2.5572732662662734,-2.4856723006336794,1.2782095315057633,-0.6236583324092706,-1.0774942481563945,0.8930975781148948,2.232674303254352,0.4570391786265301,-2.2419946953432452,0.9455094411451207,-0.9180211846019488,-1.8230070854395635,1.1812156888308232,-1.780719991243255,0.02418380376801366,1.0933852703093783,1.431300568686499,-0.03605301631408976,-0.6757677677099224,0.8762680420467512,2.065917536476316,0.3543042497636066,0.1417667586730751,-2.9860739426645577,-0.2131104117787093,0.9755449674863174,0.23199286961302948,-2.06499701070174,-0.32627295659942174,-2.28485637167181,-0.19164197871184474,1.9571897477900078,0.3883125889693663,-1.1613914940841021,0.39873619016756195,0.045339120262589676,1.8131484627795367,0.16555609378544267,0.14334709184847494,-0.25977804695120443,0.12784135002571537,0.7321156706723693,0.8538852421700271,0.10858907608710047,-0.477855585923698,-0.5571202485045769,-0.7370619462236215,1.280953827779182,-0.2906715249847538,-0.002816854337682304,1.1391878402493703,-0.10631572253533526,-0.724484672205366,-0.3313419862452262,-1.070237867039679,0.35923335738423134,0.05715487121116495,0.1671764924223708,-0.21097377629672803,-0.4599273532948476,0.1201793648501949,0.6423113207058732,0.17084679458017918,-0.20214386679328158,-0.19575886420069033,1.7889458430696803e-13
02ADL0114,-401.822719811194,-88.90076929617953,-40.85905849475161,-30.174512043588614,-81.10556424966605,28.81089098376636,28.449752719355782,-12.454464404076832,-30.10397860514268,-20.378944290801975,49.5882111096174,15.673281828234927,9.867736497854551,-30.089816612490868,4.937145065946815,-2.587706934398697,3.958036283261209,4.542557585684892,-4.477793987140867,9.2440777170949,-10.731247900698193,8.991212313537234,-6.719455532207792,1.015825995921016,-1.8466271410287907,6.353730033472654,8.876879462874742,-3.05408325072903,0.2596730556271377,2.6971816493754943,-0.8782277143433803,-7.619451087257645,10.568217264548775,5.351707268059314,2.5449604006177697,9.206645238999583,-8.767496990325611,8.274107124897942,9.17364573609012,-2.3930473493405495,7.445818051546213,4.526158685710684,9.486206683001027,5.451792107498986,-2.078594309180764,0.6690395273941833,-5.478291296734204,-4.189205245543987,-3.9247021563149644,-0.9836205845849088,3.8368073522065504,-3.150067552891812,-1.402983026734798,-1.4837116912360635,-2.8397293074799843,6.151810871030758,-0.8904509741935184,-0.18504286716341464,-2.164187314399897,-0.989588687318212,2.287457601448519,-3.100128685331711,-3.426888913622858,-3.100840757264396,4.1975064279245675,2.618632277250132,0.23893837356386266,-0.2626057296830314,2.3238553455751347,-2.075399196283064,0.43089016588903295,-1.19453320017145,-1.9109569011041518,-0.644481853064821,2.4683234282006707,-0.03713830052026316,1.2442281151436516,1.5610605727466313,0.8800221480528749,0.6483002043240562,-0.2517211777550888,0.4786187814208404,-0.9353111979188266,-0.21374269290811024,1.645439259247307,-0.5839857486651988,0.7178817647752785,-0.789780078947136,-0.06612674527060917,0.9939689622562337,-1.2963350785456451,1.0889401994362848,-0.9417131341721278,-0.5035309541381656,0.23586119603143743,0.47681219100889966,0.004149400104143137,-0.1349606872044913,0.23897913261797457,-0.6638198747078164,-0.1819619399349212,0.054502949722016976,-1.2417566775853977,0.017351833199731753,-0.46915502505446355,1.0145663722423348,-0.26992897165232355,-0.3211019830598181,1.194178076266922,0.11468320733273325,0.3562101391108254,0.017525617038940757,-0.6578785799694933,-0.07158731202983991,0.17643551584128958,0.3602643755767401,-0.12909470876502208,0.19575422836530895,-0.3387369659404693,0.050973000953599884,0.4232461301555632,-0.1964850174338659,-0.3713432247862633,-0.005061619526773746,0.5997452825028373,-0.2084640842162472,0.1355359211210803,-0.0643497176726728,0.461502883897502,0.5960273521909374,-0.20396809408999392,-0.17841339912501128,-0.07265993079075661,-0.43298975391065786,-0.0023057341205659043,0.2647563051543307,-0.309928635920825,-0.11808890897940127,-0.31052742649009757,0.12323175876225637,0.23831562545049156,0.30268589397551526,-0.018891126372684922,-0.07066951182643562,1.7889458430696819e-13
02ADL0115,-351.08225261039183,-30.42075499557783,30.057469648189514,-1.1675892790611642,49.4140890201318,-42.531576403395796,-1.1953187017021618,32.10151639707465,-7.371249992248897,-0.6785590158909273,-15.415671441665191,-4.409384907152005,6.595530331995092,-12.481126094888332,4.947317066786111,6.426678146322854,-1.6591404946890915,1.2825502383945255,-2.92100393827926,-3.3918666497063725,1.7954403963110612,6.44035510364187,-4.75548093271527,7.629062032456407,7.8208508716004355,-0.09691319705897751,-0.9630406154046026,3.279784489629039,-5.323942309147551,-1.562618333183846,2.4102050157040447,3.4608470808139202,4.52028142415446,2.0110727056563453,-4.9244894888636415,-2.948814361921907,0.7960641092037092,-1.6098629132173494,4.036227561454597,-1.9052188058632784,2.6717534911641017,0.48530430459191437,5.359813655482594,-0.2781526621644082,2.570487376711294,0.9982406099340231,-0.2144137934529461,2.3621327609677545,-1.049549864196873,0.751762553096267,-2.694587354347247,-2.0414137387839224,4.029352777699715,-0.029279525575553463,-0.3865753498250908,-0.1313047618828556,-1.3192058478380024,0.1343789980836733,2.3424725439676672,0.6201838797482285,0.7911843622110338,-1.3097848085226667,1.837060912037956,-2.116960195172312,-1.7672098587133473,0.11025704739662823,-0.3265774440451016,1.5845837062146642,-0.39946585205713897,-0.3336723152847421,-2.470496519068159,2.5532561866073316,-0.1665958520590707,-1.6362626819189343,0.22785384786486954,-0.402485717700789,-0.8744632393687816,0.033627298124920824,0.26741571943038633,0.5539057452591687,-0.5867217708715995,-1.5551489591338186,-0.148872497029164,-1.5307762574052377,1.1635841497381523,0.33648177794918244,-0.3764979239401327,-1.367391469044294,-0.9396241799156625,0.42898071301951296,0.7609565962168173,-1.3736913632799064,1.8324814317750897,0.34238295517708717,-1.1082346766364088,-1.2982128633998447,0.6976491284485957,-1.7332484270716069,-0.8666651307778562,-1.9559788710012094,-0.2306320675580905,-3.272209576022452,0.5579434483732142,0.6472980706920471,-1.5655438547273264,2.8472334427832835,-2.989638315069665,0.8349377770893942,-0.04247717517502225,-0.892019762766891,0.007642821262352742,-2.178948503168258,-0.6575570353719775,1.1850542654637515,0.7156632157831044,0.41351990882997075,-0.0787585241462257,-0.897231252053247,0.989913887836006,-0.6212275088102247,-1.4341167047435195,-0.9977044765748141,-1.3159385747957666,1.0453787753432802,-0.5514545990980586,1.124652709224424,3.017817894078824,-2.4063252991774613,-0.17721014667956608,-0.012164305320642877,1.8404423474286757,-0.39424926327901577,3.3018817011013675,0.46947331767427314,1.463320043635061,0.9993540544901421,0.7811889770330667,2.7437717483845523,-1.57239814373795,-0.4493910362397266,-1.1342876932512742,-1.6635542353653388,-1.5302131290013576,0.6897006641249286,1.7889458430697063e-13
02ADL0116,-410.09551069840745,-23.232010130836386,9.103591693085088,-30.88379969834026,25.067236220020444,-24.250126365174584,19.746477472873266,-17.13712347598917,28.170019649129394,-11.638082440477108,-23.747429351620934,-15.598693884993384,-6.186612722958982,4.777636011428542,-5.116327956633345,12.074398483307418,-9.678580239611607,5.021987365293688,-0.7324390110334066,-4.23097494679724,-16.716150317174883,1.2642583369976343,-3.0649377809239233,-1.0703330848012138,3.4994333873043644,-7.018216125589494,0.6810994544607132,2.1730598361976337,-3.028866774765753,3.9783314664499785,3.029569108721217,-2.7618126925141566,-3.5039285657694155,8.147446687591202,3.3891109499622067,-1.868592418668994,-0.9578762751163054,3.051885454162943,-6.23510318982476,-2.7877100782462514,-0.44670983234747147,1.3112678487883742,-0.9347389314437677,1.0040455286106493,1.0430856348762259,2.406729465444464,-3.115839810674769,-2.2048919641870115,-4.890678486571556,-3.084397429597147,-3.4060457362516967,-2.914564394848286,-0.6658911969444788,-4.563301526479348,2.2012742388072555,1.7246635433575053,0.6346102080600362,-1.2728562479366765,1.103027146070649,-0.6277176714579925,0.11889380665063269,-3.4247828960441193,2.468588029718775,-1.4395248473360263,0.5768573446184825,0.28521375393125503,1.267840619621233,3.543321241985235,2.3341365548179756,-0.08764653586932854,2.86229113199666,3.9468638041426574,-0.5218422946963996,3.4433904133347,-1.166308132230397,-0.34233162581333515,0.6376422293015973,-3.4260892045541476,1.798851598968277,0.2574600918017738,-0.4278457378612114,-0.6418706938572193,1.981089036172168,0.2935505453732962,1.6704236608140945,0.611415133193851,1.8270527348892422,-1.5186395715227963,-0.072242604638891,1.306918123731584,0.2908918463940413,-0.9654958206573365,2.2988561695744933,-0.3300684104321636,-2.2318644201793525,0.299370889834077,-2.154257138551155,0.810272214978509,-1.6363908263029774,-1.567874859744553,3.335881069627672,0.4205797530324255,1.6533846550265063,1.887056701055762,-1.433596314808302,-1.7056273246102627,0.3988918703077408,0.4089840001682574,-1.1467914275168893,0.1753087695247803,-0.680188849610219,-1.1017702283308932,2.4015024932681754,0.9103404131358437,-0.19354912281589381,-1.955809707989425,-1.1432076611497335,0.8499348405278234,-0.6786190665572299,-0.5239175735560515,2.3497129854354015,0.7107746986784218,-1.3006688745932122,-0.06738118635670622,0.8692313496140767,-0.6214608533797149,0.38275798959168844,-0.22207591691222733,-0.1845734301628765,-0.4241066992030601,-0.23646996304613035,-0.6725859750683569,-0.2791753628909773,-0.3672098851442797,-2.2253646785367684,0.502183844152879,-0.9881045834541375,-2.423509576495591,0.03874697703151964,0.14270987472745117,-1.8409808764627649,0.8552913689067398,-1.6259718444690445,0.20137941230597872,1.7889458430696682e-13
02ADL0119,-381.42260046953857,101.60708315878651,13.73020463593656,23.097465352740024,23.29349592542917,-30.286472298691454,-5.161322018479003,12.119980932684594,-2.0469165514215515,-0.6194284763943134,-8.75938470130206,11.208202678912965,-17.604176953843538,-20.953802720308687,-16.902521495122617,-11.9078328614717,-17.374301318785616,8.655338845257452,9.725505024292175,8.400612892626652,-6.1116338692526115,-1.2417670043466176,13.50905421137444,6.202821600409762,1.6822495755304498,-6.525275278795154,8.287003747052887,3.836991344087114,-6.630240100660601,-0.47351547447792264,-9.513551679184006,-2.287870995944319,3.612135674309946,-0.15116309373247608,2.8712494069365677,0.667937653335202,-1.3897458910071332,3.6500521359996605,-0.9325537240442647,1.5625593387567522,-2.889843274198914,8.290061611172003,-5.764540443244138,9.007348286216395,-3.730319442697791,-2.265919999384717,1.938192740852054,10.42175659003593,1.6926162345002016,5.635318900336496,1.4197990627253383,-0.27273312922119813,3.119119778563487,10.1359712653367,-2.2089371543694574,-0.45943158824606106,0.272078015959236,-5.35767534824603,0.8162330032070796,-3.9695540672931826,0.15898283639781063,0.8635371807943685,0.3114084069824066,1.2758452734375672,1.2301024594829018,1.3277566818869213,-0.5815235368311712,0.50929024374917,-1.3441337503647683,2.3467359976926767,-1.5841435573977127,-2.5326662510515363,-3.3436963696294795,-0.9218548618411965,0.47975263040720667,-1.063036016790374,-1.240862911254417,-0.1745881982806897,2.16846182898023,0.8807327669747991,0.48357808720139905,-0.6321942421064899,-1.1841731422689157,-1.6337926972162207,1.8938375335955284,-2.801791553817693,1.7543599068637852,1.6676334322953823,1.3704476249150361,-2.127712146957356,1.2036023631327577,-1.0540691831191755,0.6392394980220004,1.6567512008409637,-0.33397577879436563,0.676004030937239,-0.3032579436068092,0.3669362495052824,0.5543918065701184,-0.5503765451817845,0.029225830116454583,0.3681319140711073,0.33785939049638686,0.3501965299374513,-1.1790449320457197,0.20939157929319152,-0.2309014765791273,-2.230595154612655,-0.845208473752048,0.12707951921758798,-0.511777539653619,0.23683144015611413,0.2462719731132544,0.3482126206082171,0.3857196004682015,0.011141714544862426,-0.04953991200149896,0.764505231985282,-0.37420857565321397,-0.6921216759714225,1.158659167784255,1.3146845074141047,-0.44674756498012386,0.004464699216529601,-0.2551837770955292,-0.3045983074168617,0.43298985986445304,1.6529948109344825,0.1994736884105737,-1.2132764501208235,0.6451752406710249,-0.6733594893859887,-0.42686192995099054,0.46844801379239437,0.4813725667695666,0.07971926121621449,-0.5440741896865258,-0.40310074028366055,-0.17758532234414454,0.17107104801208903,-0.2931550045258642,-0.6397745134525776,-0.0188901907521666,0.203071505756803,1.7889458430696705e-13
02ADL0122,-354.8434194858853,-61.78202668638131,5.791725274842501,-12.32438202819379,-0.5060799172747685,-12.660647314683457,-18.434616678480854,20.632015492029385,28.368860700359704,-31.11496172830218,11.560315956888397,23.95993674501505,-16.18032134922129,-20.63050508739188,3.2036065347525637,2.787541240254893,13.744612919908946,-4.152635604763897,-4.632894299349274,-3.763890911701607,13.954958390855653,-1.2842796723575693,4.728675511419857,-4.846989165339487,-1.356997296826233,0.36195714493289316,-1.4894890002994454,5.0895930911214196,-6.329354687449946,0.06506355487643839,-9.668625181712862,0.7948997608232948,-0.7631365701029105,10.776276217906775,-7.304034148314141,3.904862793437161,1.787623549620792,1.4062211409981482,-0.715057403018232,1.377064867557997,-3.3315379694181226,3.7710542378966303,-3.0180513647877105,0.9598272887432691,1.93955783353209,0.42767865022119106,-1.0324905792088643,-5.6997526447715945,4.408651847682906,-1.9146185441955164,2.365262407153469,-4.029169022760265,-2.4483709243894816,4.161149253189776,-3.9335511745451726,-3.1475444771305465,4.557193334272829,3.9570581949308377,-3.0654505306521536,-0.4706721620278006,1.2580532297673963,-0.43890412387252303,-0.653281502761699,0.41222727055964326,-1.2790280058043708,-2.996965781381423,-0.26893469933044467,-1.104803747976317,-1.151487196534209,-0.20641836256281618,1.1637015359031586,1.386828623743432,1.3515748173641673,1.1583747494720391,-0.26822058191759346,0.5376006385755464,0.8775896982177369,-0.7554926816121625,-1.9676207151553855,-3.241026295228681,-1.6438973678316955,3.130871198815824,2.174194892643747,-0.4799895669998717,-1.5951534709771202,-0.20784420967583578,0.22958941308878458,-3.1653063076558063,-1.6139276947653012,-1.2951059816666928,0.7120657622998344,-0.2744054588384249,-0.6759249913171137,1.752252488793144,-0.19292813167133827,-2.6585524108202843,1.3995174168155124,0.9211361568177721,1.1517092737669457,0.4822828070344714,0.8227618905351624,-2.767288442707316,1.3260556368263172,1.5678119140391529,-1.453543471644152,1.062484549236043,-1.4540912982445782,0.3441626897874496,-0.9488325076716448,0.019082752382344616,-0.7938875179006338,-0.2790933650614714,2.267219932430152,0.3638143337709378,-2.9317579885624556,1.4905691151287956,0.08054796000744129,-1.068758552912732,-0.28337122389274055,0.7084812166504755,-0.05061598757234156,1.1046093412270124,-1.5688760715515446,0.42692073944607667,0.003998144199910545,0.5319638568508993,-0.6202901294258891,-0.34360131332108595,0.0409321178966112,-0.07286393069533749,0.0594109630535049,-0.16456056913805606,-0.894212792471067,-0.9862228757436998,0.9441451935424532,-0.16092212744185327,-0.1163778920486213,-1.016292827537477,-1.4443041604917646,0.32548691180341927,-0.31798577087118934,1.2749194478834651,2.0009465917438503,0.6837237933905829,1.7889458430696803e-13
02ADL0167,442.2129921324922,48.060285187944125,1.179029875145761,-1.2550871564386017,7.679588624493769,33.796709676600805,-29.829292316629406,-48.26098855481663,13.797392465174317,-33.05325064435694,-11.15616105475495,-13.214662782873189,10.411197729222021,-5.478777686719678,12.450325375417584,-14.063016108198434,-2.1439824087197916,-4.460001666692231,-5.449924607760092,-0.3557471236187356,7.599334080522191,13.028002276685674,0.7131243508386008,-12.469578868272643,6.491464828845575,-4.437662654268524,2.5460630063142577,5.227290713542865,2.2085140189396717,-0.6350941214741844,-5.419414483724858,-4.135554708339984,7.342057156733401,-3.0858704456162402,-3.1358816191799685,-6.151652543918683,5.25671214791771,2.4874936790051834,1.153463416230873,0.49126221367545,-4.4491263022737835,4.415069725934978,0.7740882878851716,-2.5368437879138424,1.2170660647318172,-2.176114968586283,-0.052663917357559376,-1.6254759755628525,-1.9424163035846147,-2.0839922233943424,1.0591410256005829,-1.2084387517601016,0.14089116654928024,-3.7152781607939454,-3.248175457049378,1.996516164339538,3.221269464405809,-2.171006244829733,-1.0151644599304546,1.3012296515274522,3.603143806392615,1.6418277462057345,-0.7100604501965142,7.396013757988194,5.008173094717166,-3.37490577929393,2.75275609496331,2.676065709968873,1.5214603965598548,-0.6803985689909882,-1.1409160700433107,-0.030157306133659544,0.7789231997691917,0.2790750748144071,-1.1209300985565485,-0.45208340585334633,-2.026393334893324,-2.3059922719271313,-1.165131774122647,-0.6349958025130377,1.2554651182216459,-1.9470217645450496,-0.8082956860843397,0.6598551243434749,2.01928832838859,0.3512066489686861,-0.928190956151995,0.6969160460333996,2.9871504673316815,-0.8563945325851549,-1.807488747728766,-0.16160881563958632,-2.4380411804650315,0.6218382162227046,-0.4337943488147661,-1.0242512019054157,-0.054674139858702155,-2.2427182710851925,0.03431625643937646,-0.47362137937002013,-2.72335414855257,2.1467711626782413,-1.3875136855383416,1.115953133729702,-0.3728214282291856,-1.0418543878707838,1.5157048524765409,1.2695643148177898,-1.2242285198149738,-1.2620193196419631,-1.7772302699044897,-0.21454963454860818,3.008873742031294,-0.7083210958883107,-0.10429469627850672,0.8481818295956668,-0.465212896928313,-0.19230795689309702,-0.5552665510012083,-0.395295725814137,0.10801830108187711,-1.6567833177636018,0.3637875013551996,0.24588868268781428,-1.1584919014305748,1.7459407772438964,1.142587506807634,1.1084492627853202,0.2177592572317193,-1.044797148237321,0.31578069523762653,-0.027257532420981972,0.5106183145179494,0.4683319033139935,-0.4811582793279252,2.0076017893378424,-0.5282077922101474,1.3579580239369082,0.12340787183513789,0.5203201563390394,-0.2938085503898912,0.47316964045177284,-0.07602689013287132,-0.8850188623686094,1.788945843069671e-13
02ADL0171,425.4827227223847,-106.21661677785484,63.71155302544697,114.69036447789793,-19.95263482609213,-38.37738748307588,-8.277001043545297,-1.3021741435769298,3.5279234268006925,-28.60483888653163,5.7762278712651645,5.781510508565198,23.71726749447862,-5.6514725579861205,10.071026525298949,12.343880832957582,-0.15635610229682792,-9.412198122701618,11.810887518455734,-11.971670831564717,-9.66502296149228,3.011424027283504,-4.712927672295357,-2.2797235247581704,1.387687908907339,16.93622788576749,-1.3007475740788375,-4.418829062429276,4.70841079119529,-9.756200683946584,-1.7565139408518167,-4.615024719491712,-3.5050770116001253,-1.4785717767248923,2.159427587329208,-1.8569339772430775,-0.147706158397824,-1.353637627300778,-5.863278277816608,2.3410922621521184,4.9787035654262555,-6.006745354976112,0.044139044422602906,2.2087520576437862,-4.562524598323317,5.933912618492933,1.5137075032931588,1.7822287258766931,-4.138785800439716,-0.45554882471142627,-0.05682750571918111,-1.7023360415077728,3.7478912880422306,7.382094851327932,0.41214850447467993,2.619846982261361,-1.9276702951824394,1.3489114291733546,-0.2315989033318437,-1.9478253232594949,0.5012122348536123,-2.1445873334187207,2.5165793942475405,1.7592777047908532,0.39812034430644383,-2.530283219215809,1.9717288805555346,0.8169263693531414,-0.5083820971511299,0.16274009474350304,-0.10028084347819527,0.8752348368009865,3.9111259990690237,-0.9014255583113366,1.4891648536826265,-1.0389689752806983,-0.03677390711520412,0.8625445178573707,2.957990766467147,-2.095039274006402,-0.9341644198122421,0.12943654275362396,-3.172524905762857,2.75119495579265,1.4523328230577146,1.5647745132805408,2.47091712825201,-0.6219699557034362,-1.0009387929109281,-1.185487693657815,0.014514000617374274,-0.34063546705370873,1.0643778014102627,-1.2164427302308962,0.9378137015105196,-1.3786720533525416,1.2628136965610117,-1.4994059862762117,1.2338388922072345,-0.14138940341945966,-0.7418718337122836,0.9506713999896271,-0.9466932764611253,0.8999357660770317,0.15308761985549668,-1.4538344453459997,-2.0249913564924875,0.10960375692007998,-0.40075726517370724,0.5627048412656153,1.285859066154893,0.49928494500591425,1.4208668014244283,1.6782597204763179,-1.472966463289934,1.5430537743783228,1.0815089163059837,0.7217535829648951,-0.1282380747985392,-1.0146613132416191,-0.00013838050253580465,0.07764804623695333,-0.6372556165034801,0.36466366054976024,0.7370619949361179,0.9595732839705303,-0.32991304880092737,-0.9876232574520218,0.42476874868152636,-1.7009781034973537,0.4292359532491638,1.0058825766498565,-1.694634363200992,0.43108517111915357,-0.6014471580790556,-0.5111261418873634,0.048568938412504904,0.21921137335039476,1.1191793942750894,-0.41500503230610225,-0.05036263156694432,-0.0983496525418894,0.03166109084958222,-0.7351324177854437,1.7889458430696748e-13
02ADL0177,444.16623502067597,98.92739641032563,-36.620632561222024,18.972562265634398,-2.875513075549257,68.4988171942614,-54.695282683665305,-37.410910249956025,-40.70692768360957,-31.086980656925796,-32.476699370495986,26.407247522949085,12.442711791430455,-10.246775807537242,4.275181177034552,-3.45332289989036,-9.536761775904887,3.708565478412996,12.499213107599214,7.828432468481597,4.958043310376457,4.789604308802871,9.444363238560987,-14.376481951796773,7.083563597297418,-0.6512321620377495,-1.8302252485505708,0.6142283677350463,1.121129727634917,4.699887377882035,2.0256927058619203,-6.26709617156102,-4.6134160760217195,0.41619162594556086,-7.585552017912606,0.8300304658911555,1.7128885539380398,-0.8076253082320746,1.0943412855985755,0.18923208488900453,2.410037662272738,4.058416220967266,3.6981140362948692,-1.2655590281798748,3.7819316530834364,3.1817550101925915,-0.5854288383738745,6.053993455829652,4.325237552166544,3.104553537389094,-1.7924444810105258,4.551284937597405,2.1972933346357175,-1.8072340319445737,-2.787824325138454,0.976604950913296,-1.9388168833184374,2.197545193555964,1.0662443338941694,0.8796767709744877,1.1387030598602328,-2.571585646399248,2.799037496389256,-3.819832208685651,1.6964488071328585,0.06751220347411398,0.22191394031847536,-0.1993356684106091,-1.5838901292670875,2.612969681552814,2.8531749279581655,-0.27430121228524296,-1.421638974263519,1.0421064007982581,-0.6386627272914953,0.28114141733781,-0.3283466628086164,-1.3879648737719943,1.5744100896494353,-2.6116434435167575,-2.5687848766553576,0.992543816521316,-0.2628801634289795,-0.05071049046377301,0.5772944431820793,1.0910405723077905,-0.2557518982284087,-0.823693219194387,-2.8498615595641263,0.6447769453315562,4.059981280393017,1.8264666597762307,0.17035162361488596,-0.7391695684077226,-0.21618495595421572,-0.23499304015391093,0.14524082718655257,-1.4040249488726502,-1.6976968286124619,1.6730807773480643,1.242527932952716,1.1831822648472339,0.7913168513572648,-0.1367078293295112,-0.8073827236751397,1.124921387402401,0.4903034780027139,2.1629122775682292,0.5510156393789036,1.3026446349523075,-0.7406875726035733,-1.197105335665584,-2.1320303714813154,-1.4699486418870795,0.09970412072947119,0.23287789735240666,-1.6176996649144433,1.4841958048590598,-0.1757071763426068,-0.2875817056219266,-0.38272648485599997,2.059359325895591,0.9450836584134154,-1.0359426615414045,0.9245505412467899,0.9454571673047205,0.07690725614729425,-0.7667079942759393,-0.8319507110574736,0.5236541042859494,-0.9207973707708561,1.3791682293810934,-0.8096231843954943,-0.6379009375657256,0.27060747683443903,0.5430810458548363,-0.7624245644212614,-0.2512336367741835,0.15574471346981808,-1.6230391099417552,0.3266542519188289,-0.7551449297091686,0.1963526557766407,-0.34751043710612906,1.788945843069688e-13
02ADL0185,438.25547510478447,-73.51003169773885,40.74036186993504,-30.068912578591846,-32.77184389068089,27.165404669728606,-27.589345601509226,33.60348765647946,54.17010161636716,15.38173888812629,-1.4899458619367814,4.245798767993169,-9.99967442897329,-14.114364636863023,7.68160590738201,-9.398394725641147,-9.117679869997655,-2.6950976782376452,-13.958513149487692,1.8766661006337777,3.1045820530745414,3.0088965209093637,8.672157921274849,1.828733299350594,11.352063275950432,12.631686807940776,-8.901575050181933,-4.5202774810743325,0.23550120399858115,-0.5107005661012861,6.4949228222051625,-4.188683570142943,6.1141068854664535,2.3944129827746212,-1.4026004172021762,-1.9546147702965135,5.031111621820349,1.441578314986564,-0.7479071740416366,0.4233420711909177,-1.892874425435519,-0.7321249086198538,5.584893253009691,-2.698597576011239,1.8424066731136906,1.8937490878059364,-4.547819278812647,8.650892415688173,1.0044242391478702,-2.179752809665001,-1.2437487971503487,0.379338215796617,-1.4528733234609468,-6.199399627725137,0.11515736695132518,-0.17433524163007788,-5.642364897548659,-1.8574888794215396,0.12814094114858257,-2.820926612531421,5.374363936468575,1.7923017372416137,2.695563789679571,3.629898142403939,-2.5804394463520075,-1.4840079740958576,-4.6410017155296766,-2.5691517380090922,-0.805479751960742,1.3980539861383348,0.42783635045510426,-0.16740167523924432,0.26582389112755095,2.4613971301052584,0.6119426175987451,-1.4316099139671663,-0.9679270847398663,1.3000057975383088,0.5649375526477264,0.7289271048270691,-2.3005802048354806,3.2828784484276055,1.2852767953995416,-1.0375580989969098,1.35586917675718,-2.417920148044536,-0.09007061866709014,-1.0742000390656052,0.3274680323262264,2.2355822174504674,-0.007400718986239194,-3.1912671563517216,-0.5437420522862286,1.2594385829979207,0.5854126151561414,0.3399756767512589,-1.0542620081553915,0.5492518134558289,0.40109246948338956,-1.7790771780191716,0.5382853128862938,-0.9779548540614338,0.09774581356882714,0.24598898066187308,1.3280327267681744,0.3588059162196719,1.9431280831585145,-1.9285068546455195,-0.6535857526522437,-0.02623532538396934,0.8527470514409801,2.4476052080393864,0.04879216762137721,0.6155333387526275,-1.2332740109343485,0.5398272359562387,1.5910606845080626,1.3077926866148013,-0.21272237142448613,-0.10683205748403143,1.93251558083989,0.15500094213828253,-0.04288752026839749,1.4456380309396248,-0.34449649546697664,0.046394999507311005,-0.6103601901280288,-0.24059454764135596,1.098532167319615,-0.11116108433172084,-0.49968400316800987,-0.9962674340416452,-0.020629166872365854,0.48866016827635705,0.04284940791144704,-0.8168203424574241,0.977202458025739,-0.14237744762994584,0.797738759593838,-0.3167068289115872,0.9265608818662302,-0.15192704181419314,-0.23521689576889687,0.5456387562598526,1.788945843069655e-13
02ADL0187,447.0190997064122,-138.0292472216087,71.68597546539755,62.88105306683529,-49.13411095158507,-58.76220677541369,2.29200522019514,16.824407113483534,27.454105390259457,10.02209766348046,2.9625993718192647,12.438459175910857,-6.495289729587663,-12.45009594222569,-19.787793581954055,-5.915489632611806,8.93105587069057,-2.230562885489653,3.799761177705064,8.497221729194177,5.681622962129941,-19.069473071433674,-5.018458268078127,3.3223026476793813,-0.6049093094088372,-11.36146809743279,-1.0968147809932407,-3.997229835210452,4.920100963463884,-7.011852494980806,7.3809505960162705,5.943846008552774,1.0929475896396759,-4.998074456692943,0.3947045766433305,4.55964679784391,1.907922192297904,-2.0050522276849914,-2.4846845212097137,-5.056016638530846,-0.81136919236259,3.480892722190914,-0.06963863465334097,1.488154109820676,2.4404700739658547,-0.8369681498133906,0.35925589077771924,-4.146970966668927,4.7128952429874555,-4.8239967225644,1.9870179365015745,-3.4021883522421006,0.9748110161667877,-1.5402039364026623,-1.0433004291827026,3.059648613606147,0.16814782138687545,-1.2528635192108395,0.22230242801388628,0.5888949966946894,-0.9314437300716173,-4.5405157082599725,4.73123478258805,-3.2018708083955945,0.8027596758818082,2.859759969490998,-1.3638431809688503,-0.2773251123793077,1.9307255467106896,1.2925268253722904,0.9777534737853648,-0.9003311684189682,-0.4078674845957668,-1.9947352157210319,-3.0455793589265285,-4.297253670920435,-2.3084615015470744,-1.8473662962685027,0.08411276022881542,-2.438521920431592,3.7604831693641096,0.9423808390198019,-2.0230149614935535,1.626879707226408,1.849700720528295,-1.4234575346520408,-4.335137961704247,-0.010815524306641719,1.6321201507242697,1.1320017235699895,2.9378005783136487,1.7201399347964368,-0.09282676526509798,-0.08831295544587618,1.602564291442929,-0.507484297758187,-2.9607334087353214,-1.445980087928817,-0.8032357488137101,-1.6227019201199047,-0.3733895014611067,0.490666539778022,-1.64730204761256,0.5609660936149453,-0.3603313323544835,1.096518793467999,0.25034304341372876,-0.03698716997615231,-1.5243431970910024,-0.018281927567570536,-0.9044796340596395,0.4132780568255591,0.31218604150946666,0.7736146185448831,-1.000194748710284,0.20137269691675658,0.4392141632385233,1.5402655388248476,0.344554008510679,0.36697882467339854,-0.9986215157635299,0.4458263887266198,-0.4982805380626327,-0.3065775643257875,-1.3103649222836387,0.5700152009446383,0.025167016325553453,0.017497663859823147,-0.09832794801814143,0.4478770850992873,-1.224442988652701,0.9761868797333412,0.46862940008899245,0.5401026251520264,0.5573559761014171,0.039735747192081214,-0.6555738414252564,-0.07171178012984852,0.5690226390143932,0.33910484794347906,0.49416965767923415,0.8773195064008492,-0.09121939134646165,0.14676682775531824,1.788945843069675e-13
02ADL0201,437.9873271922986,73.58524824622916,-61.311477598128484,-9.996639435792714,-14.203776292546072,49.525995523774974,2.0404263572091215,42.75126780726187,-15.158752613029005,-21.286736030155662,-20.032441570469082,18.3753824020048,7.049923252455649,3.5773594462910037,0.4297230217344313,8.943253176477969,-8.116628159761065,-3.7566138382075267,-13.395456046870743,1.6219204513489611,5.315790302688021,3.297417286458921,-4.216735816073712,-0.4581584766227182,-2.8470885967428834,-3.5092389851278383,-3.504587275730706,-5.532106530361144,2.498501831187269,-1.1805927977542514,0.7200972012946959,-3.276668442399139,-3.0618216548015575,4.194305405840977,-1.5484664833558432,4.2601069842443655,-4.578604923882041,0.6300450475554207,0.4248849360478126,-8.467527831220805,-2.492465316875473,-0.2019732011538705,-3.0293243885582326,-1.5341470664474903,2.163421744428829,-6.779281758968439,-1.4255159046829553,-3.3164130093990667,1.5398607069228682,-2.3585683974153997,0.3798499815041922,1.2138223083305866,4.751039048839088,2.6769450629369875,-0.5666087855981122,2.5323809326271594,2.9349753812426878,-0.8107814447673983,0.24901201723570426,0.12416283392104537,0.6482184384698757,2.437364546421558,2.05479126195489,-0.16715078192888103,-1.8847873124328958,-5.132732400428201,-0.31444260457780426,2.1240922726053433,0.8315701365756775,-0.7804943955945342,-1.0128793944154584,-4.162742978078232,1.6386862314755692,-0.405835221838262,2.386065487024638,2.302419002763718,3.034087218388685,-1.8173612410473947,-1.5423247304403107,0.2859944420047312,1.2110755210184598,-2.651607896909436,0.10032433528443611,-1.3626830320979546,0.8864861465006854,-3.331497792318939,-1.0378164520641777,-0.5529814286149601,-0.5498839238064608,0.44480228260429044,-2.313966404045766,-0.7439589027214256,3.0303578739359422,-2.069267556487904,-2.284556817582734,0.9313326510930617,-0.3444991865079262,-0.5227750742776226,0.8690360457598131,-0.5251837433973507,-0.46096295331833165,-0.6912499908353462,-0.0016240560136989881,-1.1264199068223992,2.761105017590758,-1.035231612901283,-0.22691918476483042,0.4697720784722486,-1.3717976454539103,-0.9152570166236831,1.094367126869556,0.3892166905725743,-0.24297960796893675,1.939089072801312,1.7601268833639883,0.26551969659894253,0.21690295382829947,3.855573035238587,-1.0274562011611492,-0.052914992194822014,-0.7452008146171833,0.7606068212754026,-1.890945149508611,-0.9249462350187265,1.6413667871195516,-0.4136051561779646,-1.699629237851848,-0.18591341105954903,-0.25140506214188163,-1.1236472199285497,-0.8613756584683334,0.4204079630704682,-0.8931487893448253,-0.12864217504112246,2.0442751527934058,0.09459897505998792,-0.3836210601057475,0.9562684380070305,0.436943336880818,0.378609845792444,-0.9640230872619503,-0.4517220063085817,-0.5660984052429655,1.0303314474412846,1.7889458430697144e-13
02ADL0205,446.4879473733113,-22.25012331860505,-38.265279453962236,27.180936361335437,-3.168034977440551,-26.01559201221799,-5.969635826115227,-35.3635474751289,40.40981379091134,16.447730852937344,-3.870261140042171,-4.785306314491772,-7.791141363944424,-5.15397966303783,6.936083006851439,-2.535204048479828,0.424006858286339,-4.033354387990307,9.943931375736664,10.384450149452386,-4.777806829537502,6.673179800012851,-4.854772036544971,-3.4651114731952957,15.296205037366223,-5.081909886407686,10.416155133872737,6.630629626832769,2.559797514062986,-3.1105397689906096,8.548525619384122,-3.3579914384954725,1.862208505475712,-3.414322694128306,-4.383789248727178,3.4949268295073335,2.1855370429900454,-0.19563900233723502,-3.3511109198042615,0.06838631884087917,3.095862817255258,-0.9860262241907097,0.581360347390294,2.40574451619889,-2.9054452468986267,1.0259777781354666,-0.784062531570845,1.31677406419529,-4.541536765274532,1.2232949899089072,-1.7102228271864606,-2.496633053252787,-0.9325495071441445,-3.072143879174925,-3.4201509611541536,-5.545962605957329,4.002248025710423,0.7127863145031305,-0.25934803289547237,-1.564754710596407,-4.440655845524494,4.07935330083817,-4.337159141810492,-2.9859185472124548,-2.401532353593666,-2.280528386315941,-2.793067937654893,1.6780813332477065,0.16132211458535253,-0.4996199893659114,-0.822359708744525,-3.3241925237127035,2.4574282847280497,3.833330189542798,-0.39936856963641676,-2.5546686660211084,0.053915545972001516,0.25351198596877295,0.4429448689506746,1.0940314771342299,0.28939996553263364,0.07260605691958896,-1.372156755001472,-0.9430740992901561,1.2759680475720123,4.287438600124516,0.643688714474529,-0.5123734387687133,0.8129995591220274,-2.085304614652844,1.2619153918796966,1.722055593228783,0.3271723510595945,-1.3190460386570755,-0.6576783277555246,0.05446181249571799,1.511249617527399,0.8470857025724163,2.667505626518478,-2.2616895612806567,-0.764170796810615,-1.2076781519145687,1.038677295702667,-1.172092899338689,0.45505314387863627,1.0117711322675265,2.2735754108603445,-1.7154131701346522,-0.0019005336282815245,1.5718416732569431,-0.023415372389339825,0.5495173091033643,0.03147703587336737,0.4458825927374185,0.14336925106788698,-1.2202364470654778,-1.6672155536766116,0.3602439886557365,0.4307038299455376,1.7486624461490194,-1.0544332596444723,-0.7104437085658313,0.25336432073187587,-0.1411773332457184,-0.2696808331370498,-1.071045079888286,-0.09414530576901833,-1.3528053559339261,-0.3315781186617099,-0.008112947775189129,-1.347570779638904,-0.8441408829968106,-0.9192920579164012,-0.91438439173592,1.750547434747896,-1.059667904145837,-0.4929622590731425,0.928875476152534,0.38401630028676176,0.5901929279427931,-1.9169077358895728,0.3734639506905984,0.6428226699681818,-0.07777457181755268,1.788945843069682e-13
02ADL0207,429.42783521883246,-21.742600642413297,-54.16250332176388,42.75880710621091,-11.336441135728641,-32.841151640739426,16.059116359340397,-34.259786281304315,44.0529476820352,-5.591187707850249,-24.65576408194806,-10.964620707366644,12.92135514673095,4.305622737777423,17.029288953509276,26.584213188946684,15.518781994648439,-2.040986376728157,7.140302308528337,0.21260864645816294,-1.4894710471326107,-7.122090656697153,9.547850363003887,-1.1324668174584807,3.7177286565549283,-0.08235323204128969,-4.080426956695902,-6.52810252464183,2.7328797662236135,-10.086716200018586,-3.219461282326864,-1.3287430153472333,2.3804826428842176,-3.204355610954518,-2.02021039012876,3.528494686793522,1.4935883724425847,6.0621291476183385,9.167263383957076,-1.242748416197947,-1.4182742925386764,0.2578187576237127,-1.5576503973665454,0.33068781582859574,2.545569358827883,-0.3505243592110682,-6.1418622137206365,0.8204820627544537,0.8836878895792574,5.520723718833958,0.7282028175808749,-2.6048808139127755,1.9813948335422866,-2.528787109474703,1.210895659343757,2.972812631529898,1.0582696184218439,1.0419413043891548,0.4395097588891375,-5.816514346618056,-2.2236046456020353,-1.2840338843532642,-1.6909781164105575,4.275877708537439,-1.0202248542805228,-1.155506455582923,0.05061530241416053,-1.238354386372347,-2.0474233011747396,-0.43102372736689637,0.7300759820573051,-4.889402170573574,-0.4444706633494807,-1.6577440315977112,-3.817401920429432,-1.3922485141937126,-0.9425209750368152,-2.4797045773320487,-0.2952425021813229,2.2350196147527015,-1.3529326756639986,3.134149910617548,-0.06255440958116847,-2.3208970829330924,-3.522418641031762,0.1593317900971247,3.007270403165467,-0.33918080695672786,-1.8258768942346728,1.8273374051815612,-0.2569100737183864,-1.1747626726256062,1.3360700153248484,-1.1592932228475312,0.6298377880568614,-0.8173939917232271,-1.5873748290169911,0.1414626220530766,-0.45668010533099035,0.30958795630247277,1.3648147082839934,1.5913523182880258,-1.412002593728079,-1.646211483895423,1.359334813145096,0.4380033224226044,-2.565397962788431,1.254186195413442,-0.6783229233127465,0.228956392423791,0.4170042234606525,-0.8221136511447098,-0.17402551802608532,-0.5331889650439998,0.7184195587303273,-0.732409137930688,-0.10343040087576695,-1.6204565560797426,0.008183776722640009,0.9159933509272438,-0.6489797128487221,-0.3063947200158621,0.15005325140690112,-0.1284352928113196,0.3584725427364854,-1.0512970030348563,-0.3753347599401987,2.1962091350707293,-0.4484326036038099,-0.12175589411397436,-0.09894485378289666,-0.1969135277494133,1.7768618051312255,0.7858641205937011,-0.30499848279636954,0.6430813999552196,-0.19189947531556245,-0.9298299213876464,-0.8510905291024705,0.9740149445832857,-0.4219340993541566,-0.3853164993164736,0.05355126510892566,-0.03508966180095991,1.7889458430696783e-13
02ADL0213,457.44491579251684,288.70763842059154,-84.34986988858407,-30.402172144530272,-31.455552368026957,-50.737928435730744,35.15626698989461,-40.63501659584251,56.07573026484776,4.460874413656416,-17.172238425036163,-2.6577358074950075,4.75446077720482,-15.952197309517608,6.087904419050357,-5.797460643691344,7.11323131059042,0.5341613107497227,-0.5906541634119721,5.571950291677947,3.867991909271209,-4.910762717970112,-10.175337756929254,-7.802505967256892,-1.01589095336017,-0.8741748788740694,-1.3727683598945635,8.708433718318204,-1.0531461224660608,-3.3507553041643297,4.5640581751044,-2.2977467561150497,1.6620424155328217,0.04791719853777185,-7.864112071377285,-1.9150898105442171,-2.2453584925283065,4.612125702800268,-0.16923219277093418,-0.15911851961332563,-0.4794917182705046,-0.4009066090367711,-5.997894176978213,1.6878591469940796,-0.16071049292742914,4.340252115469805,1.6104880198827765,-2.5694953757105266,-1.9681203221471293,-1.498875458114229,0.09787466267933577,1.4609359316482702,0.04889581533186851,0.4844840886094219,1.5980574243118604,0.2721530509000496,-1.9848917843757277,2.262260469437014,1.586153636658638,-0.6978315792191224,-0.6593838485936233,1.519115833411918,-3.573011908748909,1.8116695956449858,-1.14920642240364,1.1527557918618054,-0.48478885375553177,-0.886492105376482,2.18007678006694,1.908934846171847,-2.6535965885211072,6.264994105478262,-3.4416205958683483,1.2149792995725004,3.1418429731911792,-0.32182871704564264,-0.7599020855594293,1.7434800097955787,-1.3837340772622586,-0.10610165706006298,2.517710299801481,1.0274114876327523,0.01576081253356743,-1.2004050907389452,2.3729650815291268,-1.3617954405406265,0.5535242751493359,2.5671369516694607,-0.8474464975123859,-0.03521467725747198,-1.8593316567447158,-0.21175055749876837,-1.267864116550118,-1.6779243644573623,1.0934763724103038,-1.5410840296159898,-0.9714991716395648,-1.638565046140587,-2.174693186695985,2.3847259287093103,0.5683096809625212,0.5603506796331976,2.846592571120463,1.0541165106527604,-0.5160205079383388,0.45021174710031076,-1.3549069717382807,-0.783935711665327,1.6114195725699378,-1.1320851841495463,0.2458065585170224,-0.14899999158802113,-1.6161119917951592,1.3534882166660027,0.41947015778443053,2.2469351709730097,2.2886206669915725,0.24147659356882079,-0.4034916701629358,0.01247916664604567,-0.8666744967041307,1.416233484567484,1.409397417394466,1.2401805224384652,0.8807367682557716,-0.6347826865163698,-0.6705599528991447,-0.40577480491483986,0.6724223447040298,-0.39016925499508653,-0.7659851587815647,1.653794979591186,0.3532837949592883,0.41833688360376714,0.4570884048058709,-0.5559219915488375,-0.14723231288907948,-0.5402023770002709,0.6789067440991493,0.5512067509932398,-0.20028228316024962,0.3863361171819177,-0.8612609751323141,0.4858413369696738,1.7889458430696846e-13
02ADL0221,430.89877927147774,208.2312943513644,-59.74880916337119,17.065447201762552,6.449830831395089,-0.5267092968355821,-10.216336665997078,14.416327952137722,37.33052792244609,-27.76956973111144,17.791661364673622,-10.119117143834034,5.589879005583763,23.013163261238677,5.603455457044052,-6.216056673501664,3.1651895315475347,-3.63266176067858,11.477051325337479,5.040314255330878,7.262796325222599,1.1711093770120893,4.202385892135358,-5.933316254045999,4.950688222894809,-6.848652456372018,-0.14384431923546925,2.5431483941476034,3.3867683045606958,-2.720866414532979,4.72880500866373,-1.5948584429274695,0.21750297418837097,3.754649221387133,1.4582809568317687,1.1159243642910328,-4.765110604713395,-4.67118685551564,-1.2588387079378667,-2.957234814686593,3.499086502532858,-4.8330761912862235,4.023127449973022,1.53022408940191,0.18248559277600299,-0.46573139721912515,-1.629897956430696,2.310694778991299,8.279164494391594,-2.931887744194621,-1.2633886271073962,-1.6781454371065585,1.1486237373919534,4.249509356788055,-0.5499486548797459,5.719271920796622,0.8291794110591808,-4.455500047135844,0.9271128405658837,4.021207878407329,3.7420506587483024,0.5538036368996712,0.4961030175745918,-3.4206510170806252,0.4414171116978264,-1.0559564418424232,1.5294491353347701,-2.5558279369272197,2.4986981296456063,-3.4178400766813293,0.9995829824465825,0.5510298605211793,1.0338964388050456,0.27460104305211286,3.0385514026137757,-1.8467023493492691,0.17510569101958795,1.045049105639277,0.7522336864706551,-0.9925714747698601,2.90548492274785,-1.9850355782387918,2.5087510937432773,-2.91644546076151,-1.7225720296312497,2.6410721448251917,-0.1421643582513927,0.986260357101977,-0.02698141973238586,0.32455882606533215,0.515940937481563,-0.7793516676293938,0.8240366964107972,-0.7671473833078684,0.263404638319435,-0.8067854506388653,-0.15177148707245774,2.554437108452265,0.40378238330277794,-1.2356844298349814,-0.5296127448965083,0.6843664757989877,0.4071112869022424,-0.9867505595896944,0.6383428977124416,-1.7177661718133082,-1.3414145170046734,-1.1126125259081658,-2.532972493892895,0.9512438799454697,-1.254925910327126,-0.7317082578266928,-0.8787965110328106,-1.1654875910913802,-0.30648892558659224,0.6605694867229129,0.09545086730142655,-1.8015996544029245,0.12657484038909247,-0.7681422078854978,0.440746186314768,0.4377342065938348,-0.08409530278669748,3.4991335746254033,0.13717088594341953,-1.501297136658083,1.2495091773635922,0.7935341428945892,-0.3691767049427953,-0.2362201764629894,0.6986748065175195,-1.9177156956005479,0.27491780702303376,-0.6937722012172001,-0.6861752965964268,-0.6191005806145014,0.5285786406511825,-0.11987686348676807,-0.604490092374637,-0.769422478553405,1.2986777539569545,0.8779363259445179,0.2141160780098072,-0.6949157011735377,1.788945843069674e-13
02ADL0231,422.0178753339021,207.4891195696647,21.66717265332915,23.54531078061754,-40.599863188605646,35.2407281203866,-2.427187927515895,28.354530279925672,-2.7224867270923228,-34.99184708955798,-11.636626894897468,11.984834216517518,13.219085129110919,-13.499869735291655,0.7436333925321066,-1.5405369119423038,-9.703226656210914,2.1795142268190713,-0.3037730886600778,4.1627529240009,0.03540665258276024,7.752085454212718,2.621655850967678,-5.204941260167306,-1.1067584024721817,-3.057234568149333,0.3149429415984733,0.7893784178844483,4.870664454709014,3.201837879589131,1.654070468740827,1.66484970606376,-1.1033815098242368,-2.228302386514464,7.769202905575037,3.6448733128902364,-4.129638387384473,1.7165991784777983,-4.903239054345168,1.0140648900981686,-1.7565764956039638,-1.9685583728155136,-2.1007762329216613,-0.1377416459827975,1.2591546327223595,-2.7670248948605476,9.14867648089491,-2.079469391439346,-5.486688038537993,0.9986981858735249,1.2854277909160265,1.7146263136390116,-5.268204550317541,-2.3605709946048594,1.2974313956802113,0.2205931509306303,2.0502131358873794,0.3500064004681937,1.373003769217344,0.5449218387492641,-0.15491550205740814,-0.8923541310788848,-1.061413235035213,-1.3774589301740474,-1.3911949781534594,-1.6729975144865956,-3.7393373232133356,-4.339738980395444,-2.10251444940618,0.7511440688547824,1.1255853828284201,1.1476104767435542,-0.8696363739265249,2.4223896043914173,-2.5348673974464937,-2.9887080377264232,1.854807652640674,-1.1691551973874368,-0.9143309699511356,2.9004952389781966,-0.18561241655717536,2.876791918196001,-3.048108769629284,-0.8495330022885653,1.5006174158499104,0.9459105547989611,-1.8288778653396427,-1.7562694109736166,-1.6421025747412894,1.4861420141882484,-1.6665560202395566,0.1277763611136915,-0.8875932436928747,0.053787380789772035,1.702031159626297,1.4565383168655048,-0.9667440459765688,-1.4251585214481504,0.9249882853835879,0.2946783722886331,-1.2541267517777293,-1.7582081813775343,0.3553834176574836,-0.6136550713473212,-1.2731020030422817,-1.387922544372845,-2.9697758464763635,-1.340372746433284,-0.006861662391149991,0.031468291022344025,1.019105013704218,-0.9812889559205674,2.7998595721730166,0.7061125545782508,0.8187891568101614,-0.2655281552296973,-1.1907531720721853,-0.8865494295542184,-0.11301172924714925,1.157129199687172,-1.1250016677506947,-0.08659354808612456,-2.0449856470879677,-1.487757472524744,-1.6882507919661944,-0.6890212600515064,1.12380126853766,0.7746754864263509,0.27407695302216684,-0.3276136223151491,1.742884062533995,-0.5450513318966784,0.54328380682274,-0.37621004358681953,-0.6601419832681671,-0.5987251553353664,0.687477974505047,-0.9161896980928623,-0.15894052197725458,-1.2177120180463987,1.8948964658351037,-1.3998670729742502,-0.3224556660136646,-0.14796646730743768,1.7889458430696667e-13
02ADL0235,427.8508365629095,-112.62778240846092,-57.727770023155486,25.199635239445044,-3.4070658898661406,8.253755766084579,6.199180702787828,49.03142027199409,20.100776212801886,-12.643994549695767,5.278456952595622,-13.875509362504474,14.73525712770981,-7.288401927510904,-7.714609251992895,-1.333264391563745,8.332610907660037,-9.687644052500302,-1.283869438666853,0.29875064835273224,-1.0092679478889315,15.711188043700329,-0.19956014164495123,7.232792823537191,-1.2479823382467115,-4.778609949127087,5.44009427947817,-1.4219213671412168,0.23136181825526894,-10.059023538632445,0.8645759747673971,1.8973329405284038,2.18974233149439,0.9486710652591894,1.6551796865056276,1.4157279793618807,-4.184204933797235,5.257069705901127,0.9404939732620743,1.272381355511228,0.9946558649344782,1.8284348032842128,-6.737661633955907,-4.3529059632868785,-1.5516359282837686,2.371539673799997,7.548828807571618,0.2360410919296125,1.4787380748049854,2.836356805368926,-1.1727313282474012,6.201887970642428,-2.4577031488177288,0.9221976185386168,1.718937289973671,0.28902229159826553,-1.6126226082817636,5.530720544287018,-0.7712811462769438,2.7164149556841592,2.490058124394734,0.5139043936321636,0.17580890042564187,-2.905866332325398,-0.5754183315314708,-0.32479313070917937,0.021937617358773424,-1.7569177873794415,-1.4649824866344379,-3.445231188615583,-1.6154097065921031,0.2433519575546977,-2.177998318827821,0.3599266392145088,-1.746785728833392,2.5060098832542894,-0.6640360993900747,-0.6570077066987443,1.3614941775808644,-1.1620742322635051,-1.1550743347460453,-1.7267653984840694,3.7201119907677547,2.303267530735995,0.9532763876248577,1.8548915480816863,1.0894069791883028,2.0868528431336912,1.1307527881807227,-1.8313842538092384,2.426251152265395,-2.2540525926457544,-0.3328267525701074,2.0978546462083436,1.4820119523255926,0.586097717708405,-3.4601113143388598,-1.06824583548444,0.334090376507532,-1.7862274365994963,2.097142269179035,0.885695710753744,-0.28118604678235576,-1.758377039612827,0.3160900856521772,0.14364596851075112,0.4435486840198739,1.8298789353431253,1.9925244043561148,0.5430701758734358,-1.0665987440550002,-0.5448532184609781,0.5547568910160401,0.139795729695528,0.17389433373693428,0.4745973579533584,0.6454341203035049,1.2364351143342551,0.5549397131870085,1.9731528941289167,1.037962446295325,-0.47781090255330066,-0.013684064329351361,-0.08024239904974974,1.038672985845456,-0.08115334647047674,0.18682591349132538,0.5529612984532086,2.292098283945533,-0.4205766351577847,-1.8277594818483935,-1.2463244317227682,-0.09290954313187337,-0.2257557275417341,0.9343461509957475,1.527809353519336,1.8246015775719473,0.12069799856735831,-0.9114702720305035,-0.28145328537563435,-0.5234981518548318,0.6213024016730031,-0.22286485768713926,-0.7492608110311191,1.7889458430696606e-13
02ADL0237,453.6633263414867,-23.47758992996922,-5.444445287141046,7.77549161176567,-14.849190143047545,-6.044074795382677,30.61264314161182,14.924747422857363,-20.07881275210065,32.879193476878285,-20.34489036495603,-3.703929935834303,6.047094304094201,-10.167997305697599,-11.764762144038292,3.9254419920888464,-8.882824989347444,14.914593000819577,11.585573160212267,-1.9959141522808863,6.523590454855999,-10.300180975334364,-6.72614485414961,3.9333266973594254,6.384577145982462,10.369207490275265,-0.16624755996172524,-1.842285679941315,-2.3617414410906012,3.2046366761761313,3.0474988867646116,0.519740259831429,0.8452236740795469,6.694611849774216,-4.739289609243786,-1.2609235921753896,5.319097350553168,1.6620350846534837,1.5829839159514805,-0.8149208638615676,1.2555356493582852,-3.512066346306221,-1.3790301537561793,-0.8617369914967287,-1.4533915485201991,-2.701836287479209,-0.66982425596239,-1.5785592774692814,-0.1916566846453631,2.4650566289848457,-5.133632030197374,0.19862728023710563,-0.7415273980894298,1.090654556980588,-0.5107180761219726,1.5655994070985613,1.5865786785084641,-1.536718815409139,1.4512430685014477,3.256816911083026,4.726642185592329,-2.2980516579596904,-0.44333614155080603,0.6372916764771068,-1.1586952952902934,-1.9894011663733093,-1.5253736215503995,-0.4062854787637433,0.2605861137576036,1.4191690045410614,-0.7434192901791025,1.080861792356118,-2.1954334814805097,-2.6135845044640784,-1.5104715762825491,2.817649058361014,2.080605902401226,3.60840147377095,-1.014907516679925,-0.6700623723042901,1.22767093197849,-1.2621804697735362,-0.3564803645516198,-1.0792444631467726,-0.5245775152354171,0.8576489942407289,0.7399539941373153,-2.377832775532056,-2.619257417389147,-1.1596447236812417,0.9829777297062766,3.1694323848242227,-1.239194836450691,-1.8016849407268516,1.1095954412831943,0.9268842043257882,-2.7859133982044475,-0.9700443345633804,1.1446737334978638,-0.04637970250211594,-1.2597653855898456,1.9883362535471678,0.7594932895205213,-0.9664135173399555,-2.066222373481007,-0.8480397140469572,1.7361497155768533,-0.36831187009992156,-1.4650083166919017,-0.14873547356728156,2.070290396041553,0.5729198251972741,2.0742689899613067,-0.20071163308433282,2.1956445611734243,0.16672143886716037,1.0218108441528873,-2.0412630807944097,3.1541173947598535,0.17693469794822467,2.5722335045371683,0.3123559490637914,-1.0680547819108224,0.4851136651505014,-0.006184765201683816,0.9700855587900025,0.06506369825082041,1.513528340055985,0.42501465367741764,1.524284702111805,0.062492248554353355,-0.18919228719166167,-0.6542841509214621,-1.9875256601437308,0.2957028279212435,1.1548107572792214,-0.7670689588300692,0.39807697174280016,0.5069735786876759,1.7281592786549005,-0.7222236388594767,-0.7242356129315615,1.015923108757642,-0.02921696955157636,1.788945843069683e-13
02ADL0241,432.68373454398966,170.90084886483262,-65.68134134417883,-20.904371079421605,-14.373041070269995,22.56766648633761,28.95963771008645,44.582425474919816,12.098100131700996,-10.177770168724512,-8.592737640989238,-7.277168393338126,10.365293570616156,-5.523846454656759,-15.105489857863615,-12.299032481498664,-7.598277732033758,9.14052512985378,0.17689065346221192,-0.42159875235473443,4.356826190135131,1.9713760981193886,-3.1424332368877326,0.3979357125905443,0.32682286148741263,2.413488639626933,3.0886712422638096,0.8466429142173215,-1.2713061476060008,-2.0316868606314205,2.641107809033503,2.527680209162145,3.843506530928878,-1.032100280743726,0.970386027345484,-0.0373772962213613,-1.0136315817706083,-2.4538627137423314,0.7752779652174381,-1.1820160559497717,-1.9829566287569744,0.08856813546388012,0.35135653389198573,-3.5200139270071054,1.518770508583466,2.6750865846216243,1.3414780368849515,-0.7837024533631041,1.3759621384425604,1.1547344430785518,-0.2035020196591473,-2.3472972307436404,-1.3689070565080603,-0.12845089127197895,-2.132503553252934,-0.13843352385330296,-3.348007916453861,-3.7268239357892448,-0.763153169074917,0.6019510405624352,-1.0317947966591074,0.4260426864564664,2.6599236589396127,1.9640062713730797,0.019232688047116628,2.265453450519326,-2.143744878232942,-1.9084277192059513,2.77347352013939,-3.76934934472633,3.916437016596438,0.27473929532335223,0.6722984544045921,1.668220835288838,-2.204335806506897,0.37808842160437783,0.35165694889311355,-1.5728690080693197,0.592475619953033,0.7362361657265161,0.0954355073379732,-0.8923085299996446,-0.47331954068764837,3.264810534176906,-0.21020272308746932,-0.40444244384152417,1.740744972602379,0.5270767546953147,0.24845829926463342,1.1516153810644032,-0.37900670951434934,-0.6123627128320902,2.1786541147049543,3.704650699168124,1.8618832063958637,1.2960478680362921,2.956827696867774,0.564906560451859,2.938626676146831,-0.8279947684230192,1.090175807959814,-0.15551569691523104,-0.7551536523302969,1.1922994143330765,-1.6977081525359283,2.288115867752264,-1.4397384562219933,2.3928044087103393,-0.8636218260866978,-0.009686011979820051,0.26538055997729676,-1.5827114651810685,-1.5150449652491509,1.6939352301669857,0.6405380419954909,0.8188879995755394,-0.2832128304553974,-1.7872211763988455,0.6357046844135403,-1.499062661530488,0.2700255771064888,-0.963254202075105,1.828777374516998,-2.1951541125320957,1.5539754434505473,-0.7296509537687945,-1.2611857115413607,-0.147141268722785,-0.3732896662200505,-0.7491788643883284,0.21561512718774106,0.49663636702374137,0.4806912928784013,0.30806842813430674,-1.7294651254017634,-0.922311636026767,-1.0171286262550197,1.1021347876357086,1.8351618744626519,1.2372489472659163,-1.7002362504936117,0.13252338641461794,2.8525445714117037,0.6681900041135354,1.7889458430696773e-13
02ADL0245,407.96525303264394,135.67573910921223,31.65478611491162,-9.601054602658866,3.3545584552712095,-29.851028332176753,44.0851761337842,86.00423610147479,18.4178658179179,7.110593901301827,12.278979952931685,-32.297034753265045,23.878483143274273,-10.06007088347229,-5.935643565111552,-5.6584590415066,-7.446588130022037,2.3693664613684096,2.1070525339642545,-15.269152165285096,-3.0952722498747876,-2.3233070717584496,0.99587216184465,-4.588702886390183,-9.031133695671532,-2.1150837562844824,-4.555122407715526,7.647587052944726,8.557799597016112,-5.187663757017724,0.7285155911274771,1.3160269849222608,0.4280332420946195,4.389529155131597,2.5878445674914117,6.535173189976001,4.93489444888246,-1.767142310408607,2.5393651370599826,-5.0530151586802345,4.013449570834865,-1.8185108575806663,2.7998231794190422,0.5540442099842335,-2.6598557180152254,-4.988641924209904,-4.10491249847738,2.15228665628882,0.5430215043078076,-2.820101806566129,-4.106847813253999,-1.592694975044556,-3.228547054210672,0.5238815271017265,1.8010831503814584,-2.0027715302963145,1.8732821853318427,2.3762468279815003,1.2442565447158838,1.9058262832851,-3.2456852496463,0.14165018721495656,-2.023334965777467,-1.8506077436557824,2.441288776331473,-1.3593720906081403,-0.8148553660487969,3.833744310804977,-0.24012388440179896,4.8728721005334314,0.48578607916886973,-3.886565251942099,-0.018707257531208374,2.882958264644821,-2.262042002093622,1.726611076927795,-1.7515587292460448,-1.1737737536311914,1.923554834886542,-1.921343976169476,-1.4282233365653583,1.0306492990389526,0.07353123470177556,-0.5621956544858938,0.621384436989196,-0.8775701672523103,2.534375616746756,-0.917342576747243,-2.7461970113493717,-0.47426369656450607,-2.372604452250471,-1.7485275966946983,-0.3098873921280016,2.4973121231575304,-0.451146066470693,0.9009716995619341,-0.6297315008109123,-0.1872197869750784,-0.18920025130298088,1.7547689293689748,-2.2789056168887347,1.1214171464781264,-1.2788511812604753,1.8689951482615184,-0.6233804547676551,0.18079595363035508,0.4400892826773192,-0.45132976392387014,1.9438690805384033,-1.676322220638472,-1.8531892529382137,1.1737326858576627,0.027551775910853074,-2.400041286681219,-0.04971841394051205,0.11567616643133334,-0.023591859390991256,0.24155154344746918,-0.042248451845071595,-0.5315252819994083,-0.0066725355219298,1.1042652989251809,1.8002159947171446,-0.26997951307629126,0.08852941600020647,0.030601238817440934,1.5245687851712355,-0.8629972797761808,-1.7019842549973985,0.13525495186975997,-0.2608721040855265,0.12604130890498114,-0.593808386557245,0.26473217822608697,0.8317989734478268,0.19061401344800452,0.6100128260582891,0.09027625251699493,-0.195242394564029,-0.15794456051337608,0.3425276493698251,0.41825442746651287,-0.23584653904346015,-0.21921675739907776,1.788945843069675e-13
02ADL0251,438.85779928104097,99.16723006064764,-58.965064971054886,44.0761184553678,-40.633659533967695,-27.855226472654714,42.525096172142675,66.77162548045908,15.3092345622452,-14.1104069799074,-26.01514692176723,-0.008215953549231393,7.546100989267258,-7.918104378700005,1.1696337393934904,10.115019648535657,6.278309021751076,8.440338527239296,2.708569110903961,1.3547680695757756,3.749409451405105,-2.923352937881847,-1.8906593370594227,-1.0808383827953343,-6.265921834666484,-1.0226310494298194,1.6518020118154144,6.8549600843871605,1.7834651384055349,4.422738159774009,4.875022653749805,-1.4985793403021916,-1.0552365290927426,3.207962820313566,4.258412847273813,1.8121319039903088,-0.8624582768140813,-2.419506963773145,4.476153928927128,3.677832936484673,0.9851516116978442,2.5094120311041963,-0.3803603354060022,0.6904326019324022,-0.5494853265859245,-0.09637514117367157,6.299762467390775,-0.9236513656398406,-0.9541482628101977,0.4881017485075418,0.6818138106181929,2.896513568845201,1.3417950264134288,-2.906799685936371,-2.2005035322281006,-0.44421630939391166,-1.8895326248446733,-2.244928483617703,-5.088089957640863,-0.9632821935833111,0.8367523982093205,-0.6321136847536705,1.262438735004974,2.1824043056652913,0.67795162281847,-0.7486110910583004,1.0808456623652214,-1.2532543365613358,-1.2075007518809577,-2.9229636049997256,-3.573757893577444,-1.527905407914637,5.735456833457509,-1.267358653978961,1.1444050129884449,0.35394707434044226,-3.057099254702517,2.393499900284343,-0.33875860938908126,2.0189347309007575,-0.9889993911579339,-3.0099344656306677,0.09931204511149005,-2.3296798777569285,-0.16053466416929416,-0.6593731792954535,-0.5303228400024765,-2.0491264378916747,0.02853964119737897,-0.38552560547781356,2.5952179833602433,0.8937439873274745,-0.750709814767056,-1.740711335396461,-0.1895930924641926,-0.5812633084449318,0.5714707002555502,0.1613141578592733,-2.616354812164813,0.75602899324652,1.006436259743688,-2.4704105951642563,0.6268648454692543,1.2332843483321032,0.1006836469359827,-1.232604703770369,2.8272917593832894,0.96445903294329,1.9418915940618828,2.491748836553756,0.8447787537960998,1.6205893071779125,-1.6473939022676891,-0.49808284647614265,-2.1348652033018216,-0.631448081026826,-0.6216469991237862,0.48887221583532964,-1.29426329401118,0.02272220621263822,2.3353182897322333,-1.3972747099654148,-0.4824790469799485,-0.3201521476399205,-1.5354695494368564,0.9152462289375285,0.2267441353251288,0.6248381484489112,-2.0547648159642686,0.16325077557098033,1.661645115124554,1.097806851460433,0.3508449621069566,1.633775912170565,-0.5129519691205635,-0.31830185710160963,-0.22249927020385188,-0.8325309994673703,-0.8634419288095432,0.8714612811069286,-0.7389549998783349,0.6383235063695024,-0.06964950042780575,-0.37619050152053507,1.7889458430696665e-13
02ADL0253,440.4771817980916,107.03864848301454,-40.89202127460438,46.657433416417675,-47.28576524479579,-18.77742310849424,18.777690379307383,72.75995366911367,14.11702988244341,4.613681180051643,-20.546437242285382,21.52929429489946,18.90211736585245,-3.2854053568939365,4.59650091814604,-0.0917867336905179,4.408659662084776,2.6502991620586047,-1.165420958960644,1.9887783100496923,-3.903074068266685,-5.26768917359934,2.9456748342171504,-3.60476241745051,-1.1319881833317453,-1.9673982554803366,4.6657966438795135,-3.383665076370054,-9.543382688874251,-0.9434372338784561,-2.146735960814788,-3.204209710975544,-2.138696663147742,-7.788016232241168,0.36464786952764194,0.5293586565223254,3.5185498990544763,-3.117339426138371,1.697976106372863,-0.6924034341021966,1.9879035458222867,4.661989834941827,-1.694453215819599,-0.5683244573630393,1.0953149023366393,4.438650299281844,-4.028935535641135,1.730726153441156,-2.581232859660291,-0.17917179338020253,1.400286360515504,-1.0972033108977057,2.7000615080815655,0.3842502612629077,-2.477476746213094,-5.426342835813536,-1.3311130999625271,2.0079385142726194,-0.24712042359138128,0.4749880603961898,0.6233989253690669,1.1079234024264168,-0.4169407192820931,0.8035668453307505,2.346098563629646,3.032049012415484,1.754812990945847,1.1179355259712116,0.36136921245491255,0.804009042662583,3.7699704542706245,5.637803028854282,1.5664840048136035,-2.0145476838961,2.189913801474463,0.1182358048129022,0.9649102504314965,3.8159752794760275,0.05301310930701687,0.1628642631810524,-2.5916788933636097,1.7465658499125287,2.2414396888279837,2.9637358754747445,-2.060894934706874,1.2765861589286926,-2.2091696547898385,0.9879396545954013,-1.1626623651313872,-0.22369094877063972,-1.2871493184600387,1.5645265407954203,-1.1932605506235237,-0.3512182761753402,-3.332265320543938,-0.638118709470481,0.9048779694808374,1.5683035990201493,-0.40363990563453256,-1.932957164870751,0.2173205104555633,1.8970605848291269,-2.0875576606577355,-0.8930404225972618,0.20473844690000337,-1.416800331061731,1.4138323102041632,0.47212614151077664,-0.20373156766622852,-3.1012832249430735,-2.301796605426867,1.007945645393691,1.1497742593459472,0.9838526994739846,1.746806899628123,-0.21930041477025009,-0.6148947348910812,1.1525648764173697,1.1060922121083163,-0.36851691950734855,-1.6222324959735932,-0.7470675024364988,-1.0163045653720972,-0.6215479314899369,-0.8962366514003268,-1.122518693857694,-0.19816182081496977,1.0843404005787833,0.1902419596475343,0.7521276924817778,-0.11517865532071757,-2.0077970863404806,-0.266355967917459,-0.2942946227988549,-0.4220550506534566,-1.0367719984734285,-0.13216124048545735,0.1655740575414958,-1.4023179253606746,-0.15095318620497492,0.43596999613573484,-0.8140251683900519,-0.5793911364021632,1.0698889074522147,1.7889458430696788e-13
02ADL0255,446.135632203223,175.14730215379814,-73.37214041023924,-81.01602365753931,-5.137713953580006,9.524238031149427,37.625198185977226,38.5145011418739,20.123082170214822,34.044133392712716,-0.93204032079369,-6.252077698832418,21.700959469398743,-1.3558197683901927,5.031149492423179,2.0305243538434583,-2.522358637609649,-2.1442871485988224,3.7154223538442346,-2.9175972249567788,0.15317671962853266,-7.83579302881922,-1.107137753067818,-2.9808416697698163,-1.5327434466128886,2.441646180477864,-1.0524743111703385,-0.7042195937935624,-2.591679556108695,-4.467704151517955,-4.022748660042058,-5.017307376448653,-2.6373340881493945,-0.27851414148037495,-0.2998586402973358,-0.1992792413860667,-2.021389300855083,-2.594481733462595,2.5009491880156056,1.1701310037134631,-1.822255789155717,-3.702436861207273,-2.4606976885615914,-0.4822540812342179,0.6386897296625892,0.7026701990708268,-3.5475008919562008,-2.7470334699678536,-1.6749735619870074,0.37806286767769487,4.098529748329227,2.6360703032652837,0.7937215781966674,1.109891973111228,1.9990795937680557,-1.7921262865365681,-1.624600440903675,-3.3001811007703616,-0.29598403415809776,-5.004676093961511,1.1226572440381108,2.036420275169571,-0.865877786987909,-3.450546693569716,-2.991777516009091,3.9957670860005665,1.5453973371393888,1.9641497485689965,2.0721380368267255,1.939431194063042,0.9687732528168697,0.5788588691114165,-1.9107431992354218,-2.748195545689769,0.4726784275805061,-1.9418299433888981,2.5286083160352906,-3.6405252074849246,-0.42917241111191734,-0.52540626895529,-0.6847351191231121,-0.663952013968436,-0.9181882176766539,1.2582940419264192,-1.5943858193755853,-0.4300339666827419,0.44962947274817894,-1.8219417149509627,3.1391795606660553,-0.6548058808096258,0.01828264278480761,2.2371002980016343,-0.8922778840296389,1.3261042648292913,0.3067008462377327,-1.9885453176803254,1.1836097325540107,0.5430969273211982,2.1823161976660472,-1.0698164185295074,0.9892831087722438,-0.5675294678860289,0.2292344804898373,0.8618403487830215,2.6533486970244637,0.5372017534388414,0.0866325200912398,-1.927625507849375,-0.7581812822756938,3.1099736314256963,0.8566987159187316,-1.4928652575876875,1.3367066834098935,-1.8663569255409602,-1.1527572750169537,-0.4014968511032277,-1.155946033497156,-0.38817403980659076,-1.0576217744224927,-0.5059642810891207,0.8683032830421326,0.2074831261093609,-0.46620405104959767,-0.19649361601086224,-2.0102563378573564,2.9794145085462778,-0.3040392036735254,-1.1621423149471837,1.3298974652060385,0.6218653268418599,-1.2994842022174358,0.181852381571366,0.32399100716263624,-0.3571999266962471,0.3697329963674702,2.535195951891493,0.6784102687810074,0.14869093042483736,0.7439146169790748,-1.5858239976553392,0.2563967562289701,-0.6442490476703251,-0.49884555416854576,-0.9939637510205604,1.7889458430696718e-13
02ADL0259,456.11589698751686,59.280064209940036,-8.406604558282478,-3.748090079135218,9.805930064895694,-10.129019103618248,-6.614414413728736,-27.587161792469026,-9.127240988696744,10.771581009700109,10.584721949789357,-15.032771385914481,2.0362166462391293,-10.165259407432586,26.06346658401042,2.2577677732086063,-8.094806014164778,-18.9303474617293,-2.515470122463409,-4.180842151566532,6.116680440730218,0.9571418494814483,-4.317936135455644,-2.759679991749024,1.5902435499196863,1.2032467671636011,14.161496325311727,1.1821098489650075,3.838201281234968,4.488792689696683,3.4010318197136913,0.14227238306992682,-3.9132912255679178,0.4642565531880455,3.5343910762285446,-2.927639844221406,-0.6502624358417961,2.2135779333439767,-4.251807730575475,3.6116704323113464,0.44575998344233114,-0.6318153136258394,-1.1042997302048552,-0.90493175168336,-0.4805341216903751,-6.8135982933221495,-2.1800029275297064,3.7387830911096627,0.12528814467944738,-0.9491653088023927,-0.5456816021956047,-0.8372299132638161,-5.08235538199258,4.417376685919319,0.7342329133913073,2.286400679650623,-1.2169035900696206,0.14920796766318387,0.8490376285958483,3.8910447070782817,0.4066162336997442,-1.4053535975892204,0.5249574899192415,-0.6749767575184485,-1.033703173577105,-0.8004077404300106,3.4916039676478445,5.019964626131184,0.21482498270370853,2.5236707054331755,-2.043012174159503,1.570142696769587,-0.7099165570791341,-1.7284211634021893,1.4308411468207975,3.0594592383129413,0.6849240961146238,-1.759835077523985,-2.225586326982691,1.2297185252166165,0.016061039416820373,4.056259635881629,-1.590183124575894,-1.8209416015553603,0.6836098480492359,-2.0957639114024347,-3.033757944955533,1.6091848804653066,-2.522884752792858,-0.2950889089223005,2.108579289573527,1.5726968585487469,2.509714716980879,1.2497204704470726,2.684329074247379,-0.27823944025469566,1.8614094599775945,1.2346876801223299,-0.5932838340049975,-1.5141404960233822,1.136617093510426,0.915145331793176,-1.4903876546997,1.6908262622296941,-0.13678965058885023,1.3997199527487154,-0.4930842454916335,2.2748752415287936,-0.07220978497790784,2.241441279589114,0.507406488541114,2.6576342093329863,-0.7591071291017099,0.11271839972430707,-0.9150472715761588,-0.02588956408638452,0.48254663722694185,-0.8809789775174237,-0.19899540270793886,1.153142762704895,0.2938394591790883,-0.6672715803819088,-0.5689043148546795,-1.9360823489022094,-0.2746381160988153,-0.5438942821658111,-1.3016751696541875,0.09113850178134186,0.4067681949145818,1.0134095294189198,-0.7482586379051992,-2.77153314391741,0.7737027795892624,1.392655229503504,-0.8690949018684716,-0.08778833715635163,-0.3039348817120004,0.4564875378613429,-0.7830382944793819,0.6045007259532243,0.020902796236141552,0.2104598900587673,-0.5996532550911172,0.6959008456910346,1.7889458430696753e-13
02ADL0263,450.92349372246906,27.233310779111466,5.452021724114167,3.0111278957366174,-41.05688411513269,6.571846942541222,-10.60012459778775,3.4500392398993367,17.337129828958943,11.877902933360382,-10.043764317852258,34.17246534945336,-7.461534212156321,-7.373887016457253,10.45010170284681,16.48226414079971,-17.512325047377352,-9.374943764817809,-5.215405271689663,-1.077629986178815,-4.5575017828588935,-6.346503556801863,-2.5230214883447246,0.7196989924795073,12.034768939985527,4.158781456018269,-2.0984034761029964,-4.27665966722003,-3.8765121678215397,3.597052190417545,-2.371025783717983,-1.6060759301306573,-0.8609525696502899,-1.3344612512525786,0.8645844762780484,-6.345940891197452,7.025446206254097,-0.5055852638637564,-1.290745927851876,5.292874110605757,6.661248228781496,-0.4790589228960558,-1.0604746089391384,-0.37575761793514856,-3.6611780697725442,-6.333533652026042,3.1953753654323944,-1.1174117492089888,-0.38700259991019786,-0.7008561038495295,-0.44274801260948876,0.5553084403121864,-4.611388178745958,1.6040791128579488,-0.481880862826488,-0.5592253569445425,1.9354129791904695,-3.58290218564601,-3.35125667879674,2.206970601925489,-2.8843775429522425,-2.230719881747164,-1.9030229021991605,-0.6869177066810659,5.834002478561927,-1.4417225535790947,-1.7150968839670293,-0.8298810376175223,-0.23879687036195796,-2.779991677872605,-3.359206472122002,0.5344787202259415,-0.6999566699188576,1.562150308109231,-0.9419285379335969,0.6720790064142308,-1.153007798548219,-0.4125812643976452,0.06738164440591707,-0.5538045173927658,-0.9383040108571209,0.22273870993633904,-0.6983554543726382,4.982358231849977,-3.6038669381451656,-1.0254611826327935,-2.8376693766801093,-0.25733949264620604,0.36469941050287746,-0.42046985453510266,-0.6150644900336947,0.2905341254967108,1.466191684037782,0.4606012147672823,-1.8151840032947995,2.022049889429508,-1.6572154842198035,1.6455248823014181,0.1215840577465373,-2.1667960615856647,-0.24599996419734205,-0.7546645110985951,0.7186495896278766,-0.6786989897021579,1.8354748672865864,0.478566613804466,-2.27113004708596,-2.1559343585423325,1.0161997173888893,-1.0228058269661893,-2.1051169804272645,-1.1397942625008954,-2.7482771309839515,-1.2323634277884967,-0.6997883639182249,-0.1291259093427391,0.9612209651680066,-1.3866136991996376,-1.93556502710504,-0.15192922763456235,0.14919313254170416,0.34947017183237933,-0.03989063394483593,1.297575779662302,1.9693181965436541,0.680204728994032,0.9106686979002709,0.6407559323386973,-0.15225995264070522,-0.14016554175675955,-0.9519082604084307,1.977367415277659,0.9317201382730871,-0.8153485017778662,-0.1714542824523246,0.7438516850654858,-0.1357215420143713,-0.6890003588661737,0.053920723603203394,0.3799785416877105,-0.5450627759478341,-0.13680088969948634,-0.424470410251507,0.3652713472887306,1.7889458430696753e-13
02ADL0269,427.548370329157,-4.656665128729268,-105.27022844932922,-5.427458219547572,-24.054368306824305,56.450977611961804,-46.82738268997205,4.382692188350447,11.725948270985665,-16.68160543796259,-5.712578493190268,43.418246896884995,-34.39751277274527,13.571254885996556,-15.484939283659694,-13.20142028305969,-2.8826497254711723,-4.617997408193173,-0.5813255542232942,11.438987557894711,-6.575914011316056,11.637838307405659,-6.618929893656945,11.330796024414763,7.6484013058188,-5.191165986463253,0.5038784964409566,-4.511219718685367,-0.7980007874894706,-8.411650115959958,7.6446789136458575,6.59104651429577,2.8438864433119964,-1.933137571538978,1.9074383481151251,1.9861091773127009,6.304962395627194,0.268324004219196,-5.006730020033154,-1.9751893451716458,-3.8828821022343853,-1.6091319141729974,-2.6788048604772237,1.0823050874834055,-0.8740663113624961,-2.7061415113935103,-4.4445402248692245,-3.8989580892469675,-3.54593459763368,-5.8604663237049,1.1590872436801825,-2.121900484768653,1.830534657472249,1.9977083620802258,1.0376555574261452,-1.7933364669646712,-1.5638873908823017,1.0308690223395987,4.193151468174669,-0.996412528421421,0.15941507238785516,-0.22433459388986257,-1.2081571992793716,-3.1842552516957117,-2.152915538544411,1.4326071657002177,1.6730916205351976,-1.6072216112843503,-2.435298666878114,1.352041992729348,-2.7015106523995054,-1.7842877032859672,-0.7202470014284217,-1.4091194390294954,-2.2450469943844373,1.930495480231859,2.866697839320141,0.6063341292056519,1.1935988358663778,2.7874399582775538,-1.8125076646634288,0.19446039273370355,0.7521323261126417,1.3975669610068475,-0.9179284634988517,-0.21957356127748964,1.612341518837975,0.8873223752625503,-2.289354339751884,-1.9652295767731183,-0.019388749960513502,-1.1850432250979597,-2.0769933276827515,-2.386579961459582,-0.9389800390288014,-1.329985084644282,1.3157433736847517,0.42727344464214795,-0.4988972049216929,1.0427002648274137,-0.845533141570763,0.6828089846270702,-2.2840216116490013,2.611510936203396,-1.9694140560201558,-1.792023210503021,-0.578858400131615,1.064656417902943,0.7340455989900172,-0.4877326739999162,1.381703102860744,0.40330022368209434,-0.6413771790615063,-0.021371826400997336,-1.6304524074853093,0.5534868896680196,-0.7878897748794434,-1.115346011910052,-0.8152696063628416,-1.5865439570729594,1.21953484317135,0.1581602005211256,1.3202950334957322,0.9237464726430233,-0.13567897651210725,0.9700349441888974,0.037764203123346926,-0.0714572133343217,-0.5244374310929829,0.9007014236049357,0.3948150118333981,0.1022677434805654,1.001514338224706,0.7066792211763394,-0.33853882773862093,0.7203250686818132,-0.18521651987873,-0.2823557640340645,-0.6166864806061617,0.1475720013719333,-0.07204208096371201,0.0168682359406929,-0.13044054472353334,-0.5559297335433854,1.788945843069681e-13
03ADL0002,439.22670430561317,-78.75841324005954,2.5089486903663802,-7.52742369817136,13.023926618745692,5.784702540545277,-3.368336942434349,9.850055041584758,15.952124764810963,6.84385024267347,5.010712162296274,-10.608833764266365,12.583743508460566,11.695109921224134,0.3583545881946253,-8.527152380840386,-1.8037755586590518,-11.599011180877891,3.7981671659692964,-5.9522095638096655,3.1510188334262326,-5.070043951579466,2.2511805970579872,6.9817998628817195,-1.3447571944553935,6.206132592680211,8.478201286988968,-12.265045851253868,-14.191290082988548,3.185521745269187,-4.977513890018997,7.919085910665298,3.1224876811470303,-1.027413642785339,-1.3589777731799288,-6.081522578490572,-3.561468528087288,4.054433816498623,2.477309047440249,-0.9567746825712174,0.5400895484885851,-3.930114579180868,-1.8701379347858382,-3.6304315211417797,1.9514297494314299,-1.2377697395617142,4.667837460896017,-2.213476811529936,-1.2684447242086154,-1.6959751533478398,-0.5655282112623407,-1.751423865813724,2.623712791917089,-4.193568861327761,-3.993063161655842,2.9940394402967105,0.8199844502083022,-2.773355740665793,0.5874174989915838,-0.10392691509692045,2.97294909897541,0.5502948048962947,1.1213318525365537,0.10878539127191969,-0.5069218615590029,-1.6923044832391783,0.22506056362895296,4.692193465783295,2.216387168489137,0.7057855075137541,0.3859416342854793,-1.1836602909383278,-0.5401260327081936,-1.80896935783689,-0.107981430876202,-2.193714261824137,-2.584141402886739,-0.2738896338456513,-0.6885387024803291,-1.0919750048935237,-0.6401339950117677,0.9587368623561588,-1.0043269445397633,-0.13203595121934217,1.683251883665351,-1.8063204871557046,0.8889428957129345,0.25618034873125695,-2.1354716222618957,-3.3706454731982354,-1.7976951066569542,0.28093289417281037,-2.0903471063066332,-1.7649129039417624,-0.8316012282832884,-1.3423800280995524,-0.6573088039511117,-0.6119612708919726,2.2847445455334987,-1.3770064793895949,-0.6927349974971417,-1.4956288309950612,0.9702913473115671,-0.7559147287882059,-2.3773424259609417,-1.3889192660742948,1.2330603186091156,0.23803854000472718,2.0540426701235432,1.3260508513229774,-0.5517998573034788,-2.4042018052399357,-2.0987279122541795,-1.4985691530022376,-0.7109127365965499,-0.9128339583361412,-0.7903278847696138,0.9828219560567628,0.24921120163718852,-0.04241726254308507,-1.2990808210453366,2.898933992215281,1.911848548924394,-0.7600232799334282,0.4349112353818738,-0.18950150489360543,-0.7322872109194161,-0.3308952201304664,-0.5950869828110857,-1.1095419204692545,0.5858293862794839,-1.4554073894742108,1.1295492450816937,-0.5015822771992163,-0.14812064800190677,-2.2591648483153253,0.6538280819278461,-2.0408019405673192,-0.30208493763038097,-0.04486484466000627,0.3925439807871776,-0.3512025262156957,0.16814467739022942,-0.25209899442146855,1.788945843069674e-13
03ADL0003,426.2899123542871,-30.09686950003664,10.652632002955112,-20.136793641358004,-24.61774781427965,-2.8376529723689847,10.353073168707565,-9.922020446922316,33.854666350983564,-3.5905410507302125,-6.9700954656681295,-19.162370463015602,-20.745707945158756,-6.752264008699572,16.46295498304376,8.837653496128842,6.5519137942263095,-6.70721127460523,9.99134221346257,-1.7137513877490174,1.827135691288947,-0.6499485561375786,4.09909353600428,0.9359786319095142,-1.6020749962507446,-7.66587082225278,2.077845751998165,-0.4781807409207731,0.8932824474020431,-6.306551032415664,1.7146232823254013,3.4500973788881195,3.7274851333641283,-0.6333836252751047,0.04850957795152837,-3.313875140341691,-2.327068689682777,-0.6750044913712694,-3.2976451736632963,-0.17394751987301624,0.31260949063785975,-2.0782813968567586,3.0161261311168435,2.0586051122992406,-4.14051414255205,-1.6895062083879049,-2.009077202765536,-0.6592111619750332,-1.882809527245238,0.17827703171777645,3.575116499719024,-0.8085931128375664,1.8548063272814659,0.46902616468329406,1.4577846488776025,-1.6790998170302522,-1.6783961047720581,-2.370229509687469,-4.127967864832046,3.2734856256396205,0.9617721522965665,-1.6226083342800486,-2.763753850454841,0.914997762266439,0.7410766589063106,-4.334641679896235,-2.1192992910054835,0.2048587606409252,0.1818241036186973,-3.219793407726911,-3.4602681007510236,-1.4054233102076785,-1.4689053647849428,-0.8872703500588218,-1.9682079991208872,-0.31668304975359884,0.7779375853751345,-0.8343486266319545,0.09803720232500461,-2.823642364358284,-1.790910177381836,-1.9071017030983153,4.759078317296724,1.4935229419712235,0.6805196892973947,-1.7971315663513927,-0.5277901943867679,0.9861384240054666,1.9541441779583613,0.8020631997855471,-0.534880450969016,1.4827487730878999,1.6205431053280828,-1.3337022504403304,-0.3555377594805162,-0.16365283212732665,1.535873385003203,-1.1435221850021755,-2.3282921171761326,2.1760233777914233,1.755720497395441,0.805729635990867,0.4728863187179227,-0.537716861301217,-2.620454672082303,3.7287295939557548,0.551955011956817,-1.4883564372449523,-0.4317447437251571,-0.427685616385489,1.0278922534263435,0.5626468625860382,1.4790394397267983,0.7102796776742617,2.112287466609665,-2.4840975307442434,-0.3948099811107845,-0.34584610504193314,0.9727662860791717,-1.989097450923773,0.7111786038541309,0.07177903168508835,0.6743616749508073,-1.574282738412426,0.19654044317053032,1.12970599017243,-1.873542152109252,-0.7406959193483609,-0.8262437200436732,-0.30043528553867627,0.48336402648247184,0.41656410892992274,-1.1839615419683456,-1.0163229328608931,-0.6796451970944246,-1.1036144751167112,0.8301552447027779,0.2970041331130216,-1.3459061523265037,-2.037283769045354,2.21993438613979,-1.2328791639460133,0.2749302633362063,0.557424699591636,1.788945843069677e-13
03ADL0004,419.7872302091303,-28.54614113393867,-7.31293951995468,-30.28438493552179,5.874635247114781,0.450662757524998,-27.300596221709675,-40.23843495552445,58.19006120785955,5.42002794633769,0.02647607552680368,-5.261381985885194,14.677909221802935,9.523255795645017,-27.68838606168211,-15.548340454512063,0.9385226354420133,-18.726651742605778,6.832048563492426,-7.259112287741734,-3.1283437053507392,5.310776295288597,2.8731844858537903,9.06505446606585,-9.127126395047206,-1.0073721567091427,3.5600923153377146,-2.803971453504811,-10.184313985285131,4.819100897863832,0.6460657744809774,6.980250514559211,-6.2434691933733175,2.693313848866709,-8.883166391988308,-0.30978387123242274,1.897968418447993,0.9609660978829235,0.6164971411881502,0.7560683104423217,2.3202730052084184,0.06953944438094724,-2.0055608545157364,-2.8953901054423525,2.7467067852154754,4.182034568322946,0.7188044309023277,-1.3707886651646093,-4.740969837239259,1.2551112917820175,2.1869975288804553,1.0945729098499786,0.8934658328152649,3.1505486667867832,-1.2483821306423772,3.2822232884650453,-3.98254221607636,1.150905792346637,3.7391391210446923,-2.52846037324719,-0.7583848899526425,-1.9626973707022024,-2.9362263992501045,-0.6139180030341628,4.783525185494265,-1.7026033731746117,1.7742980074499677,-1.4265707020943237,-2.6828047690787096,1.5299553071121388,1.4928040898284272,-2.895516316022606,-1.2985220019423398,4.691463733287914,2.5074401624579257,0.5318600156619422,-0.9399748063887875,1.5736147958819633,-0.33413621421871553,-0.5837122928511038,2.1795259679730794,-3.8802653243991774,0.7073848889904822,0.9601811977405741,-1.3177791005397224,0.7494818711314145,-1.2384175272865834,-3.326491563899537,-1.4326300431644206,4.46484722315595,0.519397991544119,1.4937001368616083,1.5616236682021007,1.1356159321752777,0.039426746993568094,0.12223797191266218,-1.389881134498405,-0.10013348910937733,-0.5198274799402961,-0.006299887379826776,-1.0754643897342828,-1.3821704161067065,-0.5000478096101346,1.0092678692035217,1.1242302684586156,1.7129573413272465,0.2499226592253571,-1.63501884597643,0.6063410978989198,0.0807289599268732,1.0641320768878229,1.8627679612162156,1.1554117227631875,-2.04919757210457,0.9998637677442674,0.5365006261649132,-0.20686609546468587,-0.24198194404743326,-1.62987422194497,-0.90384833664895,-0.2958279444349242,-0.7427535313364699,-1.3505818630961575,-0.14930172013771476,-0.8533148038393817,-0.7345328470212459,-0.43122573158695254,0.5403702601134543,-0.17690421352663369,-0.3216976931714319,0.03033878133829988,-0.8533275627095019,0.009653909198716814,1.378370049094102,-0.23346207706319472,-0.26015341012014404,-0.3785309697369211,0.7537681743260675,-0.1717107001811002,0.18413421371721367,-0.05058579983640987,-0.4176990861154147,0.6196347709717879,0.3057963485286529,1.7889458430696758e-13
03ADL0005,458.7581877830518,-107.1009916333964,-27.69153905684338,-11.577936995153587,-15.587333549928445,22.175284683744,6.517360130295386,-0.6312123285388334,-42.348810434651355,22.977978717792872,-16.499266928262976,8.237322455728489,2.105714687733979,4.81713928986968,7.987011022108239,5.7350139949922285,-11.820724185767553,-15.29809955271769,3.868500169336552,7.39526217320141,4.984465361051627,0.4813220404397681,-6.758077937886296,-2.812783540228822,-0.5323875143301776,-0.4934967692080886,1.679942526970957,-2.7002105995534804,-0.4882527468546086,1.1611143991296844,-1.1380819469525278,-5.99318416943695,3.0996687375745293,0.2068902439053199,-5.382758592330656,-4.2139493240060935,-0.5286771064212605,-4.421260120211162,0.4947153549230145,-4.2043708496772645,-1.0058992738831938,0.26665489562660427,-2.4300645820063522,-0.8280027733336508,4.931645953510142,-0.4819582061923323,-3.369789862789388,-0.7311439259772492,2.8612614040435065,-1.4688216265828111,1.1731205892605638,0.3117856963444233,2.278002943692654,2.288831369749199,1.8753702761098432,0.7216817075287579,-1.3727762434867072,0.0682240243602891,-0.30111018398892164,0.6554156915964641,1.9500757323778612,0.06243870542313513,-0.6586373232896522,-0.10460904204763556,-0.49713617338035304,0.2839832119606241,-0.03741418461687436,2.4601512245343247,-0.7061727628418141,0.20355706739570856,-1.2711896755602525,2.348854596810812,0.7302512217856071,1.3745061180608003,-2.80566135330246,0.10642478036528964,0.47048196910029094,1.6239541527991166,2.160470529312906,0.587213709073801,-0.6006999905323924,0.6465272873566886,0.3660379558288992,0.8680614292395008,1.346750392380243,-2.098340985658386,3.9949612870976576,-0.08597872057340253,3.239484766836489,0.34621918594644996,1.0399443026197916,1.8921352316196312,-2.0218006738674084,1.6602090994718737,0.2280773234625706,1.3318941069362478,-2.2754981144094515,0.10699606238094318,0.20307114585334493,1.4302798985441143,2.09638730547056,-1.6952844095383985,-0.4313586808747857,0.8700618966929179,-1.0046093266597145,-1.2667494010781162,-1.5591566665568,-2.885693735371429,-0.31718615285232815,-0.2816602080817084,-0.4420097219378137,-0.401732708122164,-0.38322404680709493,-0.9587134006332101,0.7276242113891623,-1.4415554861387916,2.316000636806978,-0.9559005937805691,-0.20862650925240758,1.529931717051767,-2.385818104353002,-2.9497381439185046,-0.7307882528021404,-1.4220411091353944,0.8699399456443376,-1.6592506625603267,1.4863248642653808,-0.3664054187659158,-1.305424617030987,1.3750283352234005,2.7107703000336656,-0.6601520905347953,-1.9806999253206758,2.103994551644867,1.1292312386019616,-0.5801197096618403,0.039662588717378475,-0.6076229861832371,0.48265667107273436,-0.8045011303128524,-0.3061825586707672,1.8592136143795408,0.5917566469594764,-1.2062835694992857,1.78894584306967e-13
03ADL0009,481.83717706875103,-169.4365131219431,-49.64341232386815,4.549412838322719,14.459266694593294,-81.93746804882807,0.9003819305533958,-45.83432090244534,43.42832089295679,56.00166642473579,22.10194446940944,62.485491158371175,19.016521545115605,14.983063248187152,39.50929453788198,-9.734632894428657,-31.20780725954921,44.41260348062628,10.669410506965502,-9.843716402577465,16.689825937357718,26.528993270413892,1.7966620061254068,10.120605988018946,-15.165736173264403,-7.224467352264417,-6.140961261326066,-0.10043182558201953,0.13262360072023274,-1.371862041394539,-0.6260920535484018,0.01844410647558035,-1.3937998911694367,-0.24768991330865528,1.898427685924912,2.2921390380250397,-2.057960688467428,-0.4827845688893644,-0.5470287321485551,0.5767770742867013,-1.3544105074603978,0.20953044941962407,-1.5334178256311137,-0.7494141592691528,1.4777521857722162,-0.24862240818268827,1.2771686645876836,1.3553338043261933,1.5961128765594208,-0.4938806553505183,1.8466179873093997,-0.8476672747625413,-1.5673728805560594,-1.509421171824337,0.6324735568965658,0.047458467670654134,-0.18981852527795667,0.48613973740709626,-0.602188585962501,1.028923559277173,-0.6783948809767016,-0.3319167616154742,0.5976982874565557,-0.49903426605218476,0.6686501675556382,-0.5246639142398343,0.2242775880251162,-0.166185026130519,1.3362989749623102,-0.40728341285031705,0.6369576475243401,-0.38883370680326085,-0.005135904089819857,-0.3443673155727192,0.29303985697003376,0.3466786974030739,0.3360155094888638,0.3051292121963106,-0.039717207019007154,0.17331899606111092,-0.5583488203143586,0.3922427769126528,-0.27800388158786704,0.3237227495660371,0.39030150864274094,-0.08632614213533142,-0.0602992452608982,-0.5287318738584735,0.2880968064460712,0.3218924341517055,-0.5439453485120429,-0.059409091379065145,0.19052490005748232,-0.2762407079573715,-0.1342576490413569,-0.1360080012769614,0.03176378562263888,-0.025921982861901467,0.08805390276258865,-0.010708509156773245,0.34557445084786437,0.12501222795921882,-0.011745908883269514,0.45065892623462744,-0.030656200518036972,-0.17324145521279585,0.029294374375815772,0.042769186174463215,-0.1581234394392591,0.006067153050350613,-0.17236617718362526,-0.17828158411280617,0.028537055327362993,-0.06716886022727171,0.01879370200495597,-0.20112455451528446,0.10260078154483457,0.10995079051068347,-0.10675600740918245,-0.07596434785714386,-0.17283958511770872,0.1998147540233418,0.004351907753387899,0.10770134136407553,0.18513939343857824,0.18024801784557457,-0.045460722062359384,-0.04373818454735716,-0.05886659780914238,0.03204547517544962,0.04611212560709132,0.029464890307253046,0.010743479768107822,-0.17872161814155937,-0.0634411805676033,0.033107303032708396,-0.13961315316126374,0.07709725976913126,-0.01200253245655626,0.14608177138018552,0.013137834270547587,-0.06188584498876587,-0.06735233469299193,-0.002443349122392516,1.7889458430696718e-13
03ADL0010,412.3611545467409,8.283674198830155,12.775374801660282,13.618680874288412,24.34142443169052,10.595465688268321,-6.158313247357438,-20.046945035770744,8.574658207685426,-33.35373267451442,9.534194862233404,-30.295140415557896,11.781378050190883,2.2996193990056466,-9.693416168388246,-6.288693645069123,-10.941895078560693,-4.089232846386299,17.702404388571445,-7.632988085375302,6.017067106538321,1.343633202731267,5.880478646275166,-2.041364200019731,-4.646671677796671,-1.7973818448772216,-1.0763736970519808,0.255307292646937,-4.8044286690049045,11.679671766123107,0.25615094785219866,9.772524173983022,5.242873402289787,-3.272074908415528,-3.536296196473717,0.9689826248638568,-0.3458528057984097,-1.3047989421531443,1.0092517381723654,-3.9946588871834443,3.5261925218179346,-2.890353772219975,1.2269805384286043,5.055803982112858,-3.3613980976370543,-2.7562110022621114,-1.594668679301159,-1.8291705521782806,1.5828354631457127,-3.360459977426291,2.147059546454631,-6.186122206690422,-0.8223385631176848,-0.7263872233067586,-1.9253098991915465,-2.0714044810929817,-1.3651176755085155,0.15226542721150385,3.1918288759668965,-2.3240612550078548,0.716772220336556,2.4003160692420002,1.5605402996782687,-2.945993317204011,-1.7019458013210047,0.8306234896127108,-1.1186871467090906,-1.887068133977043,-1.6314427724940461,0.2744020356410015,0.31814001120133156,1.3124889324105036,1.1630871585684537,1.1269756189664746,0.16213337991562307,2.8635954998405526,0.3790614473475083,-1.3704951026950243,-0.6648044910531759,-3.161040489580558,-3.622629121966137,1.1481969152441098,-2.081051045736845,0.9669556564688944,1.7154751206738093,-0.24320103759011888,0.18296959667586796,1.0338283181215921,2.4383637336975754,-1.0967717311182374,-1.7002667243359257,-1.482731401662762,-1.6408261146830334,-0.45733476144979923,0.19300671702347644,2.1248735367767226,1.186408577938176,1.1969245007405636,-2.866448436399485,-1.6059373793248843,3.4241718583776453,-0.15860288838142347,-0.08129773555910406,-2.8603732526278827,2.6747819874589407,-0.5369596847225299,1.267694328818577,1.7220639873462753,0.8534684914424189,-0.22892998902813402,0.9649003000339221,0.3858220219872689,-1.2152172387309248,1.7969560386739805,0.7596281816067788,-0.4354304534504149,1.1650122583838511,-2.506026044975449,0.21940537036667457,0.8415390951293561,-0.3012791982364059,0.3344336864061204,-1.4551178904576823,0.6025624958933886,-1.6315104044454973,0.5760879171951795,0.0741991310972701,0.7980745369391183,0.9831529875545074,-0.8274849568025586,0.7277946044998805,1.8307614302051936,-1.3173270835178585,0.6233055875281966,0.5299147627394654,1.1723165296253415,-1.0845877710213063,-0.5008666157978792,-0.4701026920940758,0.8696131663223817,-0.0643633421034132,-0.5632434248277233,-0.49587732872184315,-0.17138223811311434,1.788945843069674e-13
03ADL0011,463.5358939291386,-130.14766714106855,26.142557460309757,-34.83707581502222,17.78000461571128,-32.213570242759836,8.771187681364042,-19.159996632182416,28.983695714386815,38.92688954376371,-9.113107601395425,-13.651383745009923,22.708119837686024,7.071566212073773,-9.727935259187642,-23.170858879860827,-8.220394427988314,-7.416171300948184,5.946123438477089,7.012245128242634,-2.670371160349375,-8.379723613942929,-5.988370546071933,-5.385271106082094,11.631206018497695,6.550370691584639,7.1644319161171,-0.5461250772743832,2.696366505283835,5.04583857635721,-0.6551082293656654,3.154806922876839,1.6899761578335346,1.804033650978585,5.4271440608839185,8.559134415740038,2.5079682400947947,-0.298955973049003,1.1172507809940815,-2.4264174739396496,-5.688858754257155,7.891004511757139,6.872910573294415,-5.399722356967172,-6.070897618271367,0.622033678372976,4.234414452708629,-1.6094219347607825,11.157078111184587,4.7983976508825235,-4.125780632570419,-0.8144018622242585,-2.010874309277577,1.3480458006081462,-0.5089254624817485,2.699506886275342,0.13111043886645854,4.570468861528146,-1.98935984306852,-0.8204176756350021,-0.17296819597935906,-0.854713400174433,-0.7222453690247568,0.9089089426267284,-1.1369533088445416,1.9328893787679202,0.21581040370541843,1.5588667474595437,-2.0657445515291184,-1.913123586206853,-3.9798267864000914,1.726212803821462,-0.3385827602639032,1.7818294185836427,2.4838429596316467,-0.3793774329785338,2.379727618384387,-0.9659457638459379,0.11560863051973268,2.5039355172705764,-0.4808843842392827,-0.012738789360734144,1.096355964007252,0.9722015092022234,-0.7827542965278564,-0.03194997443485203,-0.7195961266498216,-2.5921001474329444,0.7784087367537272,-1.3037692958761975,-1.102463807732066,-1.7326597042126481,1.0895861822205124,-1.9469298210221493,-2.391497459290286,-1.5979139836033485,1.3129793578459221,0.38976745872052837,-1.3645821952020842,1.7934542552928832,0.08977616873783803,0.39715267496661477,-1.1340051999475362,0.48693677503588306,0.4103963252667029,-1.9229976760917449,-2.462188425658467,-0.02364830227512587,0.1795034604210628,-0.3781863132078604,0.11643268397387858,-0.4661026373862872,0.5670307402059819,0.013382597243044593,0.5456873480766037,-1.0639954774340135,-0.4762508926182418,0.9007734198730523,-0.9032532368670562,-0.29302617637779776,-0.2646198565043333,0.3397730898612394,0.5680623193347744,-0.7556735242209944,-1.2956720302680083,0.08290565356728709,-0.781362104769205,-0.19696599125243472,1.3444262719649493,0.26368976130528743,1.1791740913763138,0.6500720208763544,-0.45556921149648555,-0.4471683114653463,-0.33784477068002494,-0.26777581611952506,0.22628379815891655,0.07439142711407071,0.5898641754333735,-0.30607982667217687,0.078017740483017,-0.5146688311946174,0.19888230347695016,-0.024540398017874842,1.7889458430696745e-13
03ADL0013,439.39828805789233,93.3591767404569,-7.079141313718199,-16.92446300702103,-20.553761726297196,18.726971483051127,10.473986937062623,-56.93789541745055,-4.83645774174291,11.163592349738458,9.384465065437805,-16.784697716945022,1.4000112980396187,16.329144426183397,10.218321283339325,23.157831078203234,-12.453126356410305,-12.816737992047054,0.5148568282198804,-0.5319991224216853,9.063161025297688,4.481118553767331,-5.338478794390787,-7.529154057558855,2.3999804988311495,4.87177067490992,1.1211065665382922,-0.017404718666809565,-1.762137166016508,-6.090251881942491,-1.4242971831392943,3.4241143413904545,-3.3073264853085838,1.2497641963591308,2.1935492879265737,0.3787726834942403,3.1746943328157906,12.312633184193887,9.799348531684554,3.612621487883022,-2.122585012944458,2.4557597810001,-2.107647889710687,3.8390312927306876,3.7040169062346915,-1.307147623841577,0.07220142232253318,-2.3367204429407664,-1.9330650632739328,2.4409014788832635,-1.4096822115851406,-1.6940091878970573,2.9463641040208346,1.1482346418632239,3.4290901525700948,-0.7793110294817814,5.075417443579486,-1.1936045261119403,-0.190102137045552,-2.2852644403230813,-2.8878707950518914,-2.2824491673287453,6.291248775168328,-2.5242473479102427,-0.9777314609394664,1.931215376910099,-3.2974106199565822,-1.77958148102805,1.468678218175633,-0.019749217009251252,-0.6828339349579652,1.9771850532400221,-2.4535926921734026,-0.9414336859740976,-0.1804943185090037,2.5120805731652385,-0.1415907478611671,3.2704047406514993,0.3901333065469299,-0.26955516558925674,1.4842409888720258,-0.15025373591381008,0.1793913016795735,1.8723405515397293,-0.9363598751978562,2.375241097406993,-2.313439997467235,-0.6892130587002168,1.7592181630110815,0.20820600259476077,0.9935894770510241,-2.9234504871378366,-0.20230384436215526,2.8285990169197293,0.4393192827063765,1.2887151962775023,0.17654573615796518,2.291177053026421,-1.3945012755675898,-0.2504307736903053,-1.7377051781604176,-1.7300757201553973,-1.5302537400648755,1.0078990581051763,0.3029610036816316,-0.6206641273725872,2.3221064287076545,0.15564686594545069,-0.4028048453656941,-0.6458712153875888,0.7783764398366078,0.41544923987423005,0.602329003197602,0.8184653092131061,-0.4804829983678155,0.4453091848089475,-1.5252562726520875,1.8035573346290006,1.605882610442268,-0.8568503660172982,1.0462801219780833,1.5110628114868558,1.15036097132194,-0.17780841945379772,-0.3488409124591783,-0.9347548941632081,0.7608645886495589,-1.4735101069615806,-0.6955275804829387,-0.5492491815139888,1.6396295147289761,0.2500023750713258,-0.9047807067938622,0.26796481570728997,0.4488768644466945,-0.7642976651726546,0.38234196047189256,0.3767826585867182,-0.4729674863809418,-0.2741303507295888,0.7108261735426831,0.27161955913005925,0.4573605459784436,-0.2558087401968593,1.7889458430696733e-13
03ADL0015,438.2205781706791,35.33888100165159,-22.022030781768688,-54.100243407156654,-6.452051675565674,26.88754261994069,17.444036175796175,-0.23812279183852667,-26.241837504951736,13.251627948434397,8.58860187206669,18.527576884121615,-6.60895681078002,9.029866737113048,3.255387401721557,16.89259241345384,-19.26923995904768,-5.511936161291416,5.412840730433238,7.60111897818828,-0.688283488895214,-5.308698351274169,-2.7446703818689135,-7.330701318402196,4.6700269876334355,-8.909736036909436,8.034642644309729,-1.6955955485931513,-3.450624034799143,-0.701825504617666,-6.744039265309669,-1.946115642142956,8.349923238834732,-9.405052857343307,4.177650142375827,-2.4052517238771567,-1.2221494523649967,-4.586006106063404,-6.547734925953197,2.8062392631244926,-0.973931292948338,-2.252257834892408,0.748476448006636,1.54163257265218,-0.7760979608107671,5.7608442121595775,-2.0362773576699396,-0.549854571769321,1.8313749222957647,-0.2821935289825764,-0.6194057238825702,0.9241838755995413,-1.6581409140476644,0.7741859082290439,0.14442580102035205,-2.585597128532362,1.7657624315736717,7.738118806967986,0.8783308154036898,0.27762708063016617,-2.539656515248097,-0.4591541607076627,-0.2254898437285741,-2.1688810558859615,3.325864792496125,2.301307312479721,3.3921908207388416,1.5077627472153317,-2.519721376612402,1.9338865562846386,1.1035936763004244,-2.2890893482170194,3.6757952093835278,-1.4113880705813997,2.492463811128742,-0.6936441991307586,-4.038015812752472,-1.647502492153641,1.098998270551415,-2.3787683543271805,1.5653934632351643,0.6911704211421722,2.10738572186316,-2.610399601611418,-0.4185349807326459,-1.4725806343596684,-0.27427131144402095,-3.238538186849037,0.9315033062072253,2.2923315075683153,-1.9463315185001517,-2.2253562560970623,-0.8471820390811831,-0.4896196765903409,1.724582676043997,0.09192819003603053,-1.3031333352098435,-1.760712791549943,1.1782779309592235,-0.4963731665108612,-0.9244181277633258,-0.9806983559891671,1.6844533786803273,-1.8882262050758927,-0.13208724987470918,0.9408702574284558,0.9979446160917206,1.9025413855459363,0.7761740187388128,-0.40062634676604825,2.2801263129015013,-0.9538339713961594,0.5224864112394693,0.5180581867505946,0.11363089124724425,0.05941391376047693,1.798051612506692,0.2739087997841027,0.7921202304411642,-1.4296612959455732,2.8360819506709123,-0.038973889988564304,-0.4783752782099463,-0.10510174504012271,0.22138778093876646,-0.8475519791876042,0.01140544340449202,-0.10326812319233503,0.05554683126760133,0.04569105834672979,1.123211532226048,0.09592775027611873,1.2015902385860417,-0.5320858094380154,-0.07631020592329135,0.13395252770626617,1.0037465622127897,0.08541885631812585,0.5458237981494729,1.127335761663263,0.4186618082873384,0.4525442308611474,0.4230752712508219,0.7192215817270793,1.788945843069667e-13
03ADL0016,418.28309492655393,-161.44048154159404,13.154365673016938,19.514644444416938,-26.009159567392558,13.42693789265776,19.94162422347101,31.454478332498105,4.03253864378807,-23.401951586498022,-13.545100466523603,-17.188662514470703,-4.357134170390324,-0.725261451400164,3.601217793722761,2.5759775150289936,-8.793744844682593,-4.120912694504402,21.96650149202284,-1.3313704203942722,4.519471224732982,-5.114338753838463,4.960285596475061,-2.1038475576665143,-5.824567138869106,-1.7162574157346646,8.36246947277012,-3.267739573731669,-13.706575879592824,8.215070711169382,0.9509876582940712,2.1326894535492134,-4.467495118574443,2.4870815121544703,0.0024496341995023777,3.093471822636891,-2.8910856733668986,1.4579671281080526,0.18434679780019111,7.000605291053783,-2.312897140232168,-4.112831160618221,1.2698491264048468,1.2144787414504192,-1.7666364379047392,2.059404183936471,0.5788087259315714,1.945650242951167,-3.7571101589911553,-0.20387100684791987,1.3141178438249748,1.4101900071870987,-0.029793525913320514,-5.646310525468541,0.1139883386801291,0.051489828551816975,3.388140752286918,0.20606471473444207,-2.5752748012371067,-1.6304678772374173,-0.27924076129377345,0.4091847177270786,0.6069352334000226,0.29687959013625526,2.3518108392590884,0.48078264040296337,-0.8348651191235501,-0.5641168429292832,-3.429395423471489,2.1085425742673967,3.102204051526997,-0.03859356549523548,-0.18933888682115457,-3.3051914084044904,-1.1989921884360317,3.1399277620573143,4.893598365045333,-0.5965824984385275,0.4431787186365934,3.036923902938511,0.18657917187582368,-1.9051210501172704,1.4238451384827613,-3.041934005281787,1.1922354905282515,0.23533566181409518,-2.234153830409484,1.5963724641439074,1.5316059148105714,-0.5031819414372661,0.03371104620866342,-2.256051515236287,0.6568508773116759,0.699506104459752,-1.1754641172426907,0.9689447920893717,1.8520272403910623,-3.0534582283971994,0.32563802198264635,1.8072708831835118,-1.9289819951545424,0.04288932334612371,-0.4498545312078361,1.5897393506965283,-0.17737716233421702,0.8862911787180142,-2.753799131286311,-0.5232040539055081,-2.4793636575549782,-0.5454179491051699,-1.2888533740519623,0.5574282381669154,-1.0912653894623607,0.3671041362469193,-1.1113030607975507,-0.44166252705934966,1.505675019798597,0.2128655876335406,0.5716517852691455,0.13905939994652863,-0.8190332610073485,-1.0402471814009093,1.267490489195713,2.80248366482985,0.04134699990806425,-0.6285396960214094,-0.3810836305283172,-0.4408494620027937,-0.12838579684973978,1.259383844707333,-1.7629330392995162,0.23983993335459464,0.2573508741446419,-0.3989718972776656,0.28800778844079133,0.33240524456290815,0.06946202325501133,-0.1873465182151814,1.3485203173434808,-0.4619830408628718,-0.3385486198799476,1.5532943438762368,-0.4801000506348511,0.02569799405376504,1.7889458430696813e-13
03ADL0017,440.818186580626,-56.992424702378216,-21.306024851883638,-34.932939625325425,4.616610669092283,9.644188605663,31.357001080944492,-5.574645261071237,29.361029401388883,1.9825483216466844,5.990456454507243,-28.479383253615786,7.4584485282541015,7.309064139526025,-14.48793056181691,14.987775568647333,-5.056412076042036,-14.664764967062546,-3.073195347165206,1.9529901237877778,4.473472629015074,6.415859568900068,-8.308786670972838,18.705325116132677,-5.579004596736686,5.738553881958979,2.991599960194664,4.247827698982442,8.811875851869837,-3.288624876673568,-5.1638619370540395,-6.816841191927663,8.657824240075694,0.925761152735461,-0.9693263051105699,-0.38077447330708,-3.890672944349989,-0.20177925082791653,-7.9242927482027365,3.6768757636037903,-0.04069603642549127,6.06526910858791,3.135086501426526,-6.429471957716119,3.3934351778730503,-1.8689966790125703,0.7350487278656918,5.6331142195752,0.18074632930703527,1.967332610367349,2.6395340302647723,0.1249337112324807,-3.0637217774330936,1.8095549860772477,-2.947763878637994,-3.5414314008834324,-0.4447895447446281,0.5732837011936495,0.49670695304942936,1.7719522624444446,0.8482704332856826,1.5003690307256958,2.3421174585841458,1.8027300236537955,-1.2963021945396365,2.069514462999333,3.288385127189376,0.6505955902633399,0.0031629496358344675,-1.0182114623695897,2.7524448417204304,-0.8037905265800117,-0.12273419222961658,-3.022665830858096,-2.007219155049981,-3.241251671860085,1.621988056041677,-0.30174788674911085,-0.8951694599634707,0.4561559375453515,1.2214236282878472,0.13079613093139697,-2.256987520255056,-0.2511882682521938,-1.5572048385635968,1.050897567813704,0.3971452619510007,1.6116653731492996,-2.7631750557717782,-0.6793363207442458,0.6628182672236304,0.4272776739121032,-2.1677570075524653,0.8684707248018347,-2.9265595572383947,1.3738092531168271,0.38111992930831545,-0.3667365225614397,-2.365338522225717,0.10143847763304852,0.06523068714021178,-1.276433996993181,0.1521948004547179,0.8454923081807,-0.2913109742189154,0.47492663846007027,1.3813887198929116,-0.37643621093537616,-0.9525265546295119,-1.1060917770050733,2.6469466282973406,-0.7208342652158768,-0.08669829774140633,-0.4532101729373295,0.8583366374728091,0.3349713092774051,-0.41913106938571143,-0.2634232749690106,-0.7246100656327366,1.0071773512345619,-0.8673606631454452,0.9922820079271029,-1.2433399729086354,2.160358503837467,0.31278979053163164,-1.3419623087271437,0.5841885820207714,-0.39193722158134287,-1.5429835174718933,-0.15711398461600518,-1.135103811331311,2.5630927007134994,-0.7763978686869685,-1.1198707574866682,-0.9630784966949711,0.08262802465267197,-0.8300456202957699,-0.06548700627679202,-0.6833805309835834,-0.1398820574772533,0.7847101772484845,0.3310548695427572,-0.4348154587078139,0.49385421456338646,1.788945843069683e-13
03ADL0019,443.77931044162955,51.19717942112732,-62.0396230027166,-31.166155669684372,17.65442559918627,-3.0541917359449795,11.311161468324064,-22.014171271740498,-2.81818709704992,-0.4246608061766787,28.57700484937172,-0.9855004374019217,-22.17589194205115,15.011987662874457,-13.221403934089489,0.5644275700554505,-18.98279881533697,-7.300984318110087,-3.4304279007942355,-1.3385719858456084,12.393742933606196,-8.948158642819314,-5.455344947841016,5.358209880472426,-4.340493681938067,10.30848499472926,1.9566933203822645,1.7796108944002829,12.760543200897192,1.6721523603432955,0.28988648716095766,1.5500041927723438,-0.26626020483009816,4.696281395165292,10.010302593856812,-4.475502683629543,4.487864214857387,-0.455366025674327,4.676806204950891,2.318433873458547,3.157259438851133,3.781923530615382,-1.5971717340947713,4.385472932454699,1.6351217521273684,-1.4041702007714578,-5.170081436700897,-3.0631785099213107,1.575253876618008,-1.9198830470802148,-1.0188201337954053,2.739194501695985,0.17716506383776995,-1.665000597044143,-1.6873519812240423,-2.074084351681747,-1.8662040157101978,2.382221571898163,-0.1184572079119213,-5.149809381267152,-2.4323921048861457,-0.050140863260143026,3.831824590748088,1.323326591454456,-0.9035119064317475,-0.46238019212757875,4.174429065246733,-3.5623895600662725,-3.1593090671220376,-1.5379363359549905,1.9342189199136417,2.005188803113664,2.5194779296177665,2.3830930632916245,-1.916297777964613,0.17436147685369,-2.8323948851374956,1.2288702408120198,0.4485902068250073,1.658415222589929,-1.475843926432787,-2.466055379874689,0.08910240080463668,-1.5862005291397783,3.55336548656974,0.005217812600480029,0.9001587380239502,2.188104419236369,-0.11509276577658133,-0.7024522588597963,-1.0658918019068337,3.215531446857042,1.5675017426563047,-1.32411143373409,0.367255157291606,0.4896412242478245,-0.00426495844258138,-2.3350975287237796,0.45054974036914613,-0.29519403636731817,0.4463852933020738,0.5055738930198846,0.7063809220114474,-3.4103407204875156,-1.3037678284069942,0.7373141247083598,-2.0067547315805108,-1.5439939125447895,-0.025667050328985835,-0.035857731366252504,-2.900423661312376,1.0580069166533055,1.2408548239920782,-1.0197260018373444,-0.7419826595151178,0.8524860276077841,-1.0317076207134084,0.7409810403230647,0.6260870726493548,-0.7008553770254073,-1.1658611453364174,0.26335527153994814,-0.3854048916978026,0.33587326978903154,0.34795134471010636,1.1782736547753236,-0.7392861608195237,0.00845753866242842,0.8338495236525763,0.11895457689094988,-0.2729599659506382,-0.9453621259590591,0.6598763905672723,-0.677038797771683,0.005175143955535539,0.16527626189979278,-0.03156219790556272,-0.19043888317209723,-0.5357507638086438,-0.8456488992619107,-0.5826398382565825,-0.4439585047906365,0.35737012001250695,0.616637181680483,1.7889458430696753e-13
03ADL0025,411.917616429933,-129.02159717659248,134.94071613885507,13.077328355554052,-72.60973507732578,27.74292575478964,-39.72085226388381,4.020780723796184,60.76754494745836,-29.186316793423163,-18.589516659667225,12.079241007047914,-10.603387821137352,-15.683961814996179,-1.3450038454209197,1.6665292831036234,-17.83223322026896,-13.478148063613393,-5.456492526218999,-8.384632673325765,-4.622495609179675,4.056667757499168,4.612945364176804,3.960531422251584,-1.6212170919709148,2.7723801044556207,-9.212766939136255,5.3560021770252595,6.018964041246591,-6.6571958511622915,-4.0881216462027625,0.8724303874923914,-1.8324330221684761,3.279473071954438,3.935016060902562,-1.337650890105949,-3.3967705048491648,0.7547121465048016,0.8408083982494725,3.1136427124963673,-1.1003238436802807,-1.7059654428732673,5.452574821832861,2.387145640384197,-1.862987102739532,0.5552294628778137,-1.952642995854237,-0.4260053715414873,1.3103683416355596,0.8985540350020851,1.0586367417055125,2.8938149787484604,3.2851644912368245,-1.765686274593771,3.123680335038207,-4.127894389465599,-1.0926366818228432,-1.0200646661102053,-1.587113391807543,-1.5267061071011436,-0.5448352938142426,0.02635399114613621,-0.6847984855412012,-0.8866141379105031,-3.959424213321041,1.2310050621676376,1.6980207555076519,-0.171345869985539,3.1759985242288535,3.4110589851735833,1.3610845887285414,-1.9843467111386968,-0.9835245109742372,-0.23561230776721284,6.295041233828932,-0.3690901252735823,0.25849352681270854,-0.30009290151442325,-0.8768481259356946,-1.2601379762542626,4.2476893130841535,-0.833491805789098,0.6472399387625969,-1.5364570172534378,-1.02529680812847,1.6193158330388195,-2.0305021328975186,0.9370027543667038,2.5519482737060804,-1.769580964614705,-0.5880066796061652,0.6928001292334511,1.0591675442285045,0.8883371347124519,0.030612940659920606,0.710896107711236,-0.7568140641500779,0.6333488945692384,0.18263028395110045,2.040717057863993,1.545680686769558,-0.3673575820587048,0.8013273173701314,-0.33094748306178157,-2.534400471521554,-2.5220319316942423,-0.24105415356735707,1.6056747724179739,2.286490017856026,-1.1524285871885382,-0.9602331424021789,-1.6371597843984216,-1.365866747429969,-1.2088264536771505,1.6581941861943263,0.08234249396623157,-0.12151470114663625,-1.5299109566974796,0.41157647143485165,1.0419954626282169,-0.5411483995797075,-0.4465452550276962,-0.39194152412268984,-1.3196603582499344,-0.46893544858327996,0.4773285385085229,-0.2373507124671113,0.29620647210279916,-0.2489477314007989,1.4915560057464488,0.2648437569523669,-1.0300402322600952,0.18428661090855428,-0.12967525055842202,-0.1980062273201383,0.17423617345632378,-0.8949436170565566,0.15708382032959903,0.26536724597151273,1.2843729158693424,-0.8891403570587645,-0.4247588896172577,0.5416297108758095,-0.14688814103730496,1.788945843069677e-13
03ADL0026,434.9043576959099,-41.95374457046556,49.28204992669696,-31.46875637810739,-14.046261136059233,19.528479010144245,-15.083349070546952,-13.95664069747926,16.789238735604595,-6.6310405434411015,-3.352381373968566,16.287627606784156,-11.831715406474446,-5.231326426781825,-20.133894329699558,9.250974584371976,-9.951347830963398,-10.184684641807333,12.468649815164884,-3.4794692255970987,6.953345201364599,-10.699836478138991,-6.0132978958799095,10.16159486556354,-6.956916183751054,-2.091836403591501,-2.301418767833077,0.5288228545349818,-3.919608482567875,9.154513835717903,5.177236358545054,5.880235472659521,0.4640288861428247,-0.0009151056238770407,-2.350549851330212,3.452707670361178,-3.757385705909797,6.212315745945802,-1.1187377135647878,-1.8848026010853964,0.8949472564922154,-3.4043024721495887,1.1897190026294102,2.536171586906481,2.082961476692227,0.9733812671106101,2.8161814878948097,1.5382173431342197,0.1339875606749833,0.4379210073713083,-0.48688962337427283,3.2809957011243607,2.0130682641429494,-1.7424536255045786,0.4504950784180681,-0.2659791717514554,2.4682262591858275,0.40123357552758626,-0.2792396935333074,4.690937768380283,-1.475720645275117,1.2142945696092902,-0.5719292388516588,3.0154030997188466,2.0437810046303317,3.0428286695148756,-0.8885566919577345,-1.2013408011830007,3.5075483231478386,-0.7657465083447377,-1.5476203477139963,1.426150366215423,0.8242700446550494,-3.285694980841901,0.8012735328209554,-2.47727569889193,-1.7786818432407063,0.40961889502496507,-0.9012054551097751,-0.551298258853799,-1.5404427225817567,3.2890020769915775,0.12976578470662856,-2.019827037212864,-1.3260036735856742,-0.8760753257234187,5.907557945502811,0.3726470018051486,-1.0705742921712735,0.9903770912817199,1.1514907168005202,-1.5840124165807887,0.8247139700632266,-1.5282868753338323,1.129248994795649,-0.9579763093358706,2.3275482116105204,4.094782293293658,0.7109118873323884,0.3249328423907316,-1.070619533566774,1.6221199604144199,1.2540785110247243,-0.672386479325723,0.7934176957773329,-0.4695052703438011,0.35878969674523054,-0.5180356186593632,-0.22759885258294568,-0.6519713092752562,-1.8773478527126897,1.034180889870193,2.0229553013452892,0.4066301474108987,-0.2689017220044103,0.8747147093722333,-1.9475865355229518,1.120267530892938,-1.9865868056083622,0.7800061271263848,0.32372381726564353,-2.182013900176439,0.1275226573051716,-2.334568859154946,1.8824634874253958,0.7146487727561882,1.6653656704021018,-0.4795804153181694,0.802545460982761,-0.26981054747938377,-0.21311513227107728,0.3838230020032498,0.18462750305189965,-0.5837075812852305,-0.17089533215133512,1.0593317979119936,0.07818784226280653,1.7022512774697103,0.2282051214226294,-0.3844502507078124,0.5415614945701576,0.27702980799349936,-0.560940838243568,-0.19663321089186478,1.7889458430696687e-13
