# https://github.com/mikedh/trimesh
v -169.84301971 -113.44691428 274.80840891
v -162.52537113 -107.71189985 250.41452384
v -175.12576153 -109.14717001 248.95159476
v -215.36053938 30.04221852 834.46838083
v -216.31589571 12.55938659 840.48401731
v -218.54511131 11.38414697 817.85528757
v -253.37648312 -88.99435567 1240.41791221
v -255.23392651 -81.28925067 1222.23904368
v -276.76529931 -80.88744268 1217.58194849
v -187.73434604 -3.81750836 190.07421393
v -163.79908635 -13.26378616 186.05784998
v -181.98917017 -3.30795187 198.05627547
v -157.68047596 -12.84321009 23.66411327
v -155.56776472 -34.73144380 19.83244572
v -153.94859636 -17.30967868 40.92226302
v -189.13947798 89.67262348 832.78589957
v -182.39174918 93.42014682 811.34075502
v -177.62340007 101.88743449 831.35819457
v -190.19876004 -46.07188758 1048.25595698
v -185.36208424 -61.73359640 1054.78722362
v -181.42598665 -67.73817498 1037.98656375
v -205.12148914 -7.71052141 221.48538557
v -212.22522761 -15.45191865 246.12149055
v -211.97237928 -16.17261628 204.38222052
v -139.38877951 -112.02091006 301.67094353
v -142.16482179 -117.07388022 317.05213600
v -111.88869032 -108.61632789 321.60468163
v -86.22045734 120.79951141 850.73254377
v -73.71519033 125.64557925 873.10091259
v -115.97170218 113.23496905 867.81092570
v -214.70508985 -16.16836874 182.39012478
v -221.71840987 -36.34045399 176.06238278
v -213.33419857 -15.96132970 161.17862338
v 53.06705041 125.65143473 836.19951157
v 34.75753886 131.02850939 840.26631066
v 34.41526245 123.11883491 808.53226118
v -201.58729769 -4.43779017 180.73874496
v -138.26874824 -116.06473952 367.17730179
v -128.33594017 -118.32389362 353.64639101
v -143.05225422 -119.01892190 350.31667081
v -93.72349257 120.86088392 900.10136688
v -89.13089624 121.66908835 883.08858156
v -274.96509885 -88.98193938 1242.45298388
v -255.37236811 -96.83791022 1266.21994886
v -206.54936094 -2.88605437 138.89582388
v -193.43588332 -0.60135800 159.98769121
v 120.42385109 39.88485684 458.40691566
v 103.99474429 26.63031785 456.63444678
v 118.28957906 28.16737566 440.68248288
v -170.14135159 -123.34601727 331.25474411
v -169.50694366 -124.73169796 352.12044361
v -154.17826432 -124.60628412 340.32400937
v 132.94218377 -122.02188875 1008.09456067
v 142.90451586 -114.85694119 1025.74209495
v 148.45711244 -111.91652595 1004.28160498
v -188.35743666 -1.60830829 171.93279190
v 17.94701724 163.78613498 1054.78326647
v 4.97625565 164.41885270 1043.77694956
v 30.63031946 166.43536257 1038.07232879
v 69.31636227 120.27521820 838.74826812
v 77.22991361 121.84769137 859.15201859
v 47.65222985 128.82814691 853.62989361
v 23.93414127 -139.41720605 1221.76921899
v 5.91060548 -145.67608339 1244.71412283
v 23.79026397 -148.00333237 1238.83520077
v -137.95411188 -114.83028031 337.69786634
v -130.34850186 -113.47982813 323.38280521
v -174.89709956 -8.41257971 174.85874739
v 27.62547891 164.29606656 1084.85014774
v 20.84995488 163.91842669 1071.97615604
v 32.39023166 165.62091250 1063.74915453
v -323.90862682 209.28297446 812.48465686
v -341.84522052 202.46981043 816.10534772
v -330.11029166 202.05901482 804.81629587
v 63.37669962 127.60964676 889.51298584
v 84.14676540 118.63103905 924.94586563
v 49.28874950 133.43107118 914.17471082
v -189.27298571 -0.25269588 237.10382907
v -109.18097941 -96.93358518 301.70890760
v -119.65965081 -91.80874267 277.40821964
v -222.13515029 -2.32871218 838.59966305
v -222.12541280 -4.28198942 805.03056099
v -172.21274509 -3.76034011 226.79487073
v -174.82234718 1.45111727 247.16643643
v 130.06511147 50.64362566 476.25782577
v 132.23991226 42.02181475 463.19587270
v 151.79657750 40.32636122 470.72994743
v -25.00504923 -161.90295190 1291.96812829
v -9.26109352 -158.67171460 1319.07286891
v -13.59642807 -156.75176543 1282.03844344
v -153.21590717 -13.51667784 232.70452579
v -3.49940817 165.94501943 1016.26106436
v 0.59379060 159.55333576 991.94538827
v 26.56422220 163.37533409 1007.39851131
v 107.70314116 109.18358359 924.43327759
v 119.57316758 104.17276205 930.82108944
v 120.32963709 101.22913301 953.74297422
v -146.32870822 -13.77481140 246.86043826
v -146.00397279 -102.45987884 259.26379908
v -147.44847241 -107.84282197 279.52946818
v 162.45458692 -104.75903937 1044.31323115
v 161.39790531 -99.58024085 1023.65715530
v -137.82268613 -20.39268263 224.41179980
v 30.54768909 165.93599711 1023.85284194
v -128.97263444 -22.77219711 246.79917338
v -204.52829444 -90.02404839 185.44649829
v -191.57863949 -100.73778237 199.16992136
v -188.78142802 -98.79479574 184.10106570
v -202.71773133 65.02815241 777.95259690
v -212.98411171 35.87317736 770.19122695
v -205.37904081 61.27427840 747.35054040
v -124.06610277 -33.85518961 236.45203734
v 176.26187708 -97.78449921 438.87199162
v 188.29867419 -91.10506148 435.18408882
v 187.47446877 -98.71102125 406.76296883
v -49.82909670 3.17700841 595.38504396
v -40.97341233 -9.85581107 591.16100907
v -40.91761749 -3.20694679 607.25478087
v -125.67816909 -21.33514776 263.92638528
v -166.55155600 -117.99280227 301.87113547
v -185.20742412 -112.04888722 282.24619067
v -188.54631351 88.44788746 780.62597072
v -198.79804257 74.52489042 757.78757750
v -255.24316368 42.74547764 1265.35326510
v -272.88900494 33.28498946 1281.30266788
v -274.31176872 40.22062591 1251.49457016
v -132.19528730 -14.29684113 268.36703952
v -128.53350049 -18.12211196 291.24603907
v 95.25958248 -95.53600187 756.46998048
v 82.63036816 -97.65334206 782.69954045
v 113.42596406 -95.24248607 767.67026747
v -131.89571316 -94.82937780 268.39519898
v -136.30109629 -12.51430300 285.85002812
v 166.08667952 63.64861966 990.61529560
v 150.44834028 78.08613706 982.61589330
v 167.09036646 66.71793229 977.79024463
v -35.56188557 4.67172132 641.15777077
v -40.98479752 14.27066642 647.26451123
v -40.00955236 7.45580433 619.55482787
v -153.83549040 -4.23091320 272.18655577
v 239.77644144 7.53671521 1179.55540031
v 231.38336618 3.20792041 1192.89098516
v 234.46766912 -21.17003887 1181.78008166
v -198.96007800 -101.35728296 251.41999872
v -183.63835885 -105.47782478 234.10162532
v -160.78830512 1.34546961 285.79252220
v 185.40063256 70.83826691 917.26762903
v 179.12716900 72.55772820 940.06449522
v 160.02606761 89.30160404 924.04823636
v -321.33587997 109.65038488 1004.04012681
v -325.07576300 105.30198378 1026.14995908
v -332.68574467 106.85700736 1026.14097777
v -174.01476594 2.81347046 266.40784506
v -159.79172340 -79.70398016 102.32534934
v -150.68289171 -59.88769987 107.52959959
v -155.71198263 -61.40298397 68.00160750
v -157.18866487 111.45063768 780.47984218
v -168.36980515 104.26231880 809.45863052
v -173.59412016 102.07452980 786.61984527
v -255.09974859 39.98572332 1302.89022273
v -249.66439069 43.68442017 1279.35096772
v -30.18663602 6.69487175 655.68751801
v -30.68450289 -9.35881475 639.53136505
v -26.52269382 0.59285245 659.99459219
v -184.12822225 5.66398101 283.75813587
v -151.83643239 -13.88780079 79.62173996
v -150.93414919 -35.34699901 74.50913819
v -147.16042777 -34.85110429 103.81192159
v -192.58091850 80.12750025 716.58978470
v -174.41859692 6.48741170 302.72903827
v 138.61119097 -108.28042296 419.90171434
v 114.37825138 -96.31883175 426.89206302
v 132.17256935 -99.55734442 439.09551679
v -198.99600835 2.54208422 302.57017183
v 68.04212170 -88.36026491 744.53605289
v 61.85701841 -87.06897347 715.19858430
v 48.00394880 -77.86969821 715.94410233
v 41.59330655 133.39485379 931.52863966
v 6.92870063 139.08755239 910.29521604
v 26.67872962 138.07305995 900.84020891
v 240.94430694 22.98418709 1206.69488635
v 242.13427209 15.22865919 1180.45797019
v 250.30068629 16.59739526 1176.24415474
v -182.87099691 11.01440080 331.92121709
v 182.20335957 39.62170337 1001.74273547
v 196.78847724 21.88928835 980.94379799
v 192.38570550 13.18760060 1004.73573425
v -31.30147564 24.67474485 688.31482705
v -23.26709132 3.79297804 689.07672156
v -197.17241056 3.44879312 323.99334550
v -147.54665414 -40.81548817 116.55150377
v -154.03088756 -71.39094583 120.93169854
v -203.95526250 -2.37509246 337.47686420
v 165.30065881 62.25013585 1008.08802906
v 152.47980230 77.88890696 1004.20673077
v -190.10408212 9.23887797 357.82681488
v 146.97527104 -54.89270960 153.64378633
v 152.90003729 -70.97973937 157.75530892
v 150.73347593 -62.26281764 139.10668196
v -233.19024719 -36.62622630 80.98585948
v -231.38751368 -51.86008955 82.34584558
v -227.39832325 -52.88716481 62.88405029
v -192.56032147 49.74168073 970.73903524
v -201.37173015 32.95268242 968.21938986
v -197.49011969 58.24367177 941.39703057
v -200.23852159 2.26852864 361.59475424
v -139.25575002 -102.09062856 665.70167274
v -129.03659567 -104.28591027 649.96986983
v -143.88449268 -98.06365555 631.92981715
v -191.88257869 5.43158413 407.25111522
v 272.40109523 20.75429082 2.73542357
v 262.08155489 -6.76705644 4.42436760
v 269.01258405 4.76874215 4.80670962
v -139.20917083 109.97317383 709.09696682
v -137.30574726 112.62489434 728.96818614
v -165.39003973 104.12048838 723.00013827
v -214.73002741 -73.15293433 103.05098776
v -189.67294155 -94.87938763 123.19158546
v -202.60459325 -84.57007811 95.45081183
v -208.28611704 20.33811953 952.90031492
v -207.91233917 36.14717262 931.63475284
v -284.61978613 -43.40814774 1114.44413056
v -262.11335054 -34.61395054 1091.24278464
v -284.89492397 -30.58856163 1081.99366814
v -22.62815193 96.42762109 1553.84412073
v -13.00421563 114.03946223 1559.28313736
v -30.80395222 101.61515748 1563.24495877
v -207.66349161 -9.33317252 395.32782926
v 146.81325870 122.17092184 1337.32883067
v 165.61473996 110.12532049 1325.06759945
v 156.71287833 105.57273097 1353.30623944
v -210.85561555 -11.97781449 360.75867807
v -163.12768739 -110.03366284 927.73496988
v -153.41078055 -116.69818208 956.79896660
v -143.61111266 -127.36248700 929.12607174
v -214.92791627 -76.60612158 182.78809542
v -207.22650292 -91.44046468 167.71591917
v -213.56665907 -84.78232289 167.94300496
v -21.86856871 156.92219954 1261.02260681
v -25.07378582 157.86785814 1244.56228139
v -12.05177270 158.39857385 1232.09129445
v 121.66937123 -114.67477761 1152.93189583
v 99.11938151 -121.90553819 1120.75451145
v 95.54180302 -121.80379486 1141.18807650
v 159.44946005 78.89102808 1232.38681233
v 172.21016368 56.52598419 1219.37184962
v 183.33201170 43.04218635 1242.23233283
v -212.00801900 -19.43088153 394.16966067
v 82.07654581 118.13829708 796.69138659
v 63.50728376 112.02238026 779.02678728
v 84.66160306 117.99652787 777.46335027
v -127.99263041 -103.31751583 708.01487262
v -144.93156121 -99.48191515 689.02011569
v -157.33977989 -92.09983653 711.91467890
v -208.45144813 -24.69131683 414.70788416
v 2.01800981 149.86693532 1267.97851173
v -4.60947229 154.00427067 1251.12921094
v 17.43271701 155.20901826 1259.22985745
v 80.40533321 -155.28253733 1250.08362776
v 82.46399210 -163.08917917 1268.35842644
v 99.49998115 -159.87576182 1260.94027129
v -180.36678336 96.40317602 752.18763971
v -177.20003965 94.17853671 711.18821637
v -223.87467568 -68.36933971 84.03460981
v -220.25405508 -62.86899459 109.67788008
v -212.19191228 -33.18210658 399.28532220
v 57.07479240 113.32902348 791.60874811
v 67.56218541 118.43871143 811.29594387
v 53.46934517 120.75157844 814.95005117
v -0.11307616 157.84370402 1204.69020607
v -0.57140906 158.65440714 1229.02603750
v -4.41570904 156.49962194 1219.48516446
v -271.29628387 18.44006559 1049.17765528
v -283.77644133 5.15004815 1038.87614540
v -271.42889843 -0.11349455 1057.85911941
v 187.55409254 53.40041406 1273.11098488
v 194.34137680 36.12813451 1269.78064979
v -220.47411801 -43.55187842 375.03428304
v -232.08590386 -23.28511961 62.24725499
v -229.40828363 -36.45504167 61.55913954
v -227.84705855 -61.80654539 45.62823137
v -9.64803671 135.87234479 861.18692530
v 6.98281392 138.45711669 868.85984923
v -8.51674618 141.50354788 888.75012057
v -26.71240575 110.81680540 1571.28230428
v -36.74550522 104.42427640 1575.86624233
v 166.52189151 97.30080639 1279.88166233
v 157.53878319 92.18068903 1260.88513203
v 175.70879087 71.39234658 1267.58928295
v -219.79501203 -51.84877838 396.20502384
v -256.74718395 -41.36541766 1111.82777791
v -112.18023888 -102.63336862 743.85103057
v -112.02463399 -104.89175135 717.57546218
v -220.62524326 -47.95562037 378.61258124
v -232.08706148 -25.87380796 75.98001478
v -14.59568386 142.15317201 843.18714760
v -22.22877230 136.77818433 865.39222514
v -221.16813961 -62.02376411 373.61732396
v -220.59424404 -61.67611509 386.22881808
v -58.86777210 -148.88736609 880.47357118
v -65.64284394 -143.65935215 856.85310820
v -97.33018945 -145.23817613 874.11229269
v 254.64214565 8.98443231 1142.08841546
v 244.96196335 -6.46272686 1162.72162521
v 250.62383877 -10.66080163 1135.45682491
v 130.92278532 -134.73431695 1224.03871132
v 134.37072915 -143.16433609 1239.88631242
v 146.14631594 -131.73584343 1230.93169846
v -213.28194887 -82.56339963 68.16221863
v -49.11721678 161.91087452 1191.90340326
v -42.33064238 163.79818202 1158.40056042
v -27.37384232 162.29974495 1182.77572849
v -220.99726439 -75.27532259 371.74195748
v 21.72074719 101.89005986 771.09700517
v 31.55985905 93.60506736 769.00158706
v 29.83326243 111.21495474 782.71438147
v 254.07625267 23.98738375 1212.94433415
v 259.13502822 24.04202894 1222.71857601
v 244.29733806 22.21066486 1231.26252453
v -101.70203329 -109.49720095 666.76046686
v -112.06891810 -106.56853664 691.91778438
v -99.37261534 -110.65551065 687.02181259
v -224.73747868 -61.82690996 362.34030897
v -23.72664411 151.89020685 1279.39994627
v -38.51685424 154.44761453 1267.15864935
v -224.97527869 -7.34683856 80.35996343
v -229.66628612 -17.13786357 71.80950855
v 91.32473211 -130.58955294 1029.82018720
v 82.37009370 -128.29141931 1056.35154662
v 98.72765671 -129.55509960 1047.91097528
v -220.41901238 -48.20810912 362.79759726
v 51.23656125 99.04861808 754.02677000
v 76.07687822 114.34444134 759.70624569
v 22.02205114 152.49685685 1271.22994881
v -221.16323947 -52.77497986 350.76847353
v -154.98338985 -32.16006867 3.29441271
v -259.80010813 3.87318550 5.06081127
v -248.31052565 -26.96078186 4.72029475
v -40.10188011 135.79677194 935.30451910
v -29.00518515 140.12539742 922.55240702
v -16.00040357 138.85195150 938.54252871
v -217.23040747 -31.73810262 361.24142100
v 233.44358593 13.80373625 1197.17866301
v 144.37314346 -110.26875802 328.57189212
v 137.55578042 -105.10922684 314.45371946
v 128.33005976 -104.72520934 327.22707489
v 17.98200078 86.03382835 764.97069326
v 5.48240667 102.64715873 765.61675896
v -220.78603691 -38.21439165 345.37431100
v -245.93187263 -20.40194797 24.49865939
v -241.51773446 0.75385419 48.57764233
v -42.44805114 131.29096050 956.20076624
v -17.07070414 135.04696967 956.14924816
v -339.54306465 -6.84527561 1065.59497644
v -328.71277894 -18.74746631 1074.89620044
v -328.93446719 -8.99015846 1048.16147026
v -225.78641985 -30.18237652 1182.98064628
v -222.45886982 -48.63097360 1185.14089550
v -223.52664991 -42.17323768 1197.13453934
v -216.23383047 -23.70928872 335.75093294
v 214.07071320 26.48019681 1364.12565805
v 223.48575910 18.88549199 1358.75096090
v 232.94746606 12.37345986 1378.81709005
v 42.21007859 -15.75724136 548.66112719
v 40.69202333 -22.52482494 571.88945732
v 42.57645215 -22.86239545 552.36012107
v 195.58613011 59.48523620 1367.57204200
v 182.56698250 71.16003051 1376.48556955
v 171.67770527 92.92401592 1350.95592834
v -211.50412539 -10.49268832 304.48111740
v 87.41337123 138.78107793 1122.57591198
v 76.10955844 146.31326346 1129.76131367
v 93.00231205 136.69538876 1101.97388196
v -15.48340159 115.45858365 768.00888672
v 3.06594968 128.27583095 789.26399761
v -16.01219671 131.43299517 779.66729795
v -59.15936368 161.35720726 1234.16767585
v -70.96186317 157.83289742 1197.02605168
v 92.78992885 -123.56399030 1163.96501441
v -245.92534934 -39.58355134 5.85017287
v -219.23519730 -25.50203015 317.11124744
v 102.07752027 125.74476282 1119.71632788
v 113.55104625 118.51495205 1091.22952326
v 123.51086865 101.93476323 1117.21123368
v -34.54688546 160.50760947 1251.79844723
v -352.24871575 191.88808194 837.88066194
v -358.01701658 180.85152979 848.40972753
v -351.81421324 183.56734861 835.04224613
v 158.22935717 78.11791658 1394.13996886
v 137.57831342 109.92318102 1368.75395804
v 153.09815650 96.15244308 1374.37189780
v -213.66886372 -12.47803636 275.12635116
v -154.79607262 -123.23418421 355.37278522
v -146.74708864 -118.25603658 368.56869000
v -65.31148781 126.02852920 956.99454246
v -56.81074428 134.24713728 915.75630971
v -231.58024060 -32.02630589 1165.55734104
v -221.97138971 -42.57446745 1172.70340796
v 206.49935755 42.41141350 1368.72358238
v 210.01460320 31.60295850 1376.70044569
v -206.68667388 -6.84437105 261.33610677
v -348.55911427 -3.94540644 1099.14660245
v -337.68862563 -20.11349704 1110.72828294
v -26.20247809 135.02158665 785.03387755
v -24.65990723 112.96307077 769.39602756
v -186.09935260 -114.84845430 313.88598978
v -72.20372483 128.06389659 894.06844018
v -49.96169002 138.05552044 878.00545974
v -197.69277939 -0.83203843 266.45193695
v 126.04591138 -54.82784162 231.90800355
v 135.54737087 -75.13109315 244.38198628
v 136.23991157 -65.43303506 219.94087222
v -198.36809578 -3.08284766 218.47269347
v 72.93477377 5.03191993 474.42566478
v 58.81364064 -4.32533424 494.55786272
v 69.37669379 -7.81868362 468.18290455
v 88.70083650 -135.11443482 1203.68134046
v 114.42952919 -122.61060463 1187.96769662
v 83.92203452 -132.54857165 1193.27896583
v -235.25900977 -64.74432877 24.08241024
v -238.66928100 -53.86066387 17.00739161
v 25.45091319 160.69827381 1101.96935191
v 39.63942980 161.58292151 1084.29894176
v 7.63992273 140.41063383 813.98798049
v 21.42985778 118.17946715 789.36557363
v -203.14781301 -9.16522875 199.02278490
v -19.11195970 162.20047559 1159.71208955
v -161.18117846 -127.68435984 369.89299047
v 73.43763990 149.21843897 1104.24914390
v 56.63156323 154.16472982 1141.60834617
v -59.22005766 160.76253850 1173.72611163
v 235.83418765 -44.27985910 1185.62180468
v 243.03978918 -22.96673970 1158.66665214
v 214.76402485 -33.62802091 173.23097274
v 214.43726225 -33.25187173 202.35573434
v 214.52000614 -26.42944175 173.33543795
v -21.52013413 135.76214358 965.30081082
v 1.78140590 135.50679666 965.14905406
v -216.57972857 -25.79594683 243.05564604
v -153.75656962 30.01548595 5.34021812
v -159.46708474 -1.60229950 4.28396987
v -151.76426476 15.51075861 5.71917237
v -198.31679724 72.11201444 818.54188955
v -280.47924522 -37.92016044 1392.18884773
v -278.69046379 -51.34067988 1393.09984658
v -291.23618791 -46.79807335 1357.09068758
v -224.32550975 -36.26639823 257.91473489
v -220.38393464 -42.87918306 241.39701523
v 58.27459322 10.26834522 519.68302834
v 44.49497736 -6.37273269 539.20754403
v 50.25728126 -4.64185224 518.11181207
v -167.11150751 -93.52050297 1.93947155
v -150.49401783 -79.23977176 2.83933433
v -122.15554521 -115.17906704 1033.67999516
v -104.08325025 -120.48539776 1023.51412044
v -136.51464022 -109.00011423 1013.73489719
v 176.38154364 -76.08771025 0.00000000
v 246.91672709 -14.69882943 2.19390235
v -217.50356703 -27.86275006 220.39367687
v -211.32203348 -18.30670903 907.21081463
v -200.80034022 -50.26484760 911.04635242
v -207.84428988 -48.51645851 872.42322581
v 46.12184780 135.20127489 971.26803015
v 39.90326832 130.58186960 963.47313669
v -222.78566987 -50.11084085 217.09794543
v 198.56924608 -15.27339754 1238.09236135
v 203.89284630 -31.06709169 1242.31592686
v 204.15210016 -19.31112509 1247.64790930
v -30.86193137 119.81539059 1389.88611661
v -24.95449634 127.14387564 1365.44587278
v -9.26871336 120.82051647 1373.07354221
v -157.38041171 1.12676694 21.45510821
v -156.45041937 -1.46552257 7.17032087
v -224.33207784 -55.77736673 236.75599993
v -204.32505242 9.45196105 984.98226499
v -209.73756887 -13.27273223 959.56469271
v -211.55120753 -3.53072722 950.74686683
v -317.92420543 173.96285755 856.47029136
v -327.78665394 153.05595510 857.84271237
v -321.30064577 152.99525777 872.00668123
v -220.53888604 -65.76789515 208.73920072
v -154.40865056 -1.29420241 97.19999281
v -161.09072534 3.83368337 105.48942368
v -158.63491132 10.24062623 88.14756505
v -184.33289954 16.39132026 509.65588332
v -182.26372030 35.50159725 524.18777275
v -185.87594170 25.74735315 528.73712199
v -192.66332976 -6.54330435 1011.87028666
v -192.39842248 -24.98596951 1020.25228678
v -204.99482611 -18.82101010 994.09327512
v -260.83341824 -71.36044960 1415.03394663
v -275.22834650 -81.74011749 1372.11275682
v -225.00319051 -55.32517919 192.25436924
v 66.85407391 121.95798347 962.86267275
v 64.36827663 128.00308291 971.45206066
v -225.76727474 -45.89961103 191.32440132
v -140.67368166 138.62806982 1291.85651599
v -153.32375660 123.45018136 1284.60411598
v -119.59699918 137.27489178 1269.87851869
v -153.84702563 -1.88948515 40.45609256
v -151.33836140 -18.08732857 58.39143399
v -189.26984686 11.27552970 548.05829520
v -190.48059282 -7.12335086 543.94547517
v -221.20951380 -55.59610887 174.31573456
v 35.26306934 12.89529838 620.14162123
v 36.65538764 7.94960330 597.18401792
v 35.66582998 21.53756691 629.48661875
v -315.43468875 118.95602045 930.83533811
v -317.39747801 111.38624637 929.23347086
v -319.24324818 119.29459965 946.37497257
v 204.89715309 -61.64244331 1244.74887599
v 212.19624797 -85.25362797 1253.44169905
v 209.90441204 -55.06539372 1236.09961148
v -153.00306641 13.86368831 14.18395411
v -220.42229909 -44.41496791 150.51610473
v -222.24862470 0.84731833 789.86959067
v -218.20333104 -32.42391470 796.30936176
v -221.00746522 -5.19655315 773.88487483
v 52.67517590 125.43977082 953.44481694
v 78.54955609 119.58769636 943.01506746
v -216.33630033 -72.13536250 169.41727766
v -154.96317542 12.20762218 68.87221078
v 37.32185166 -130.13762295 1179.43012892
v 42.88493936 -124.03670016 1162.96073924
v 4.97631704 -114.40706645 1171.67087752
v -36.38083790 -149.44349136 943.94489160
v -44.77292890 -144.73548344 966.73913364
v 5.30902172 -148.14278321 959.92968946
v -213.43973091 -73.78592143 150.54492908
v -211.42089330 -51.65387008 823.33652133
v -213.65381580 -33.95637106 869.26834674
v -217.32870710 -62.35247908 130.98317404
v -148.85038135 -10.53623447 113.91197913
v -188.82642627 -57.78513599 517.39613884
v -172.70062969 -76.34300030 519.07374340
v -185.33694758 -70.84063624 502.20017057
v -192.36483003 -14.05580888 1037.06717483
v -191.37132275 -8.89864598 1024.70122909
v -195.17086016 -13.23660540 1053.51451810
v -151.50450719 -123.27756883 403.67127086
v -140.20358242 -119.55027191 391.00097658
v -219.40250280 -38.43605798 126.76841744
v 146.94845209 -18.50407043 136.86265943
v 149.54525616 -11.47416426 143.54749510
v 151.29066882 -7.00386946 155.66772608
v 132.60792699 91.28691564 989.60152844
v 133.41043199 91.15219956 973.28595805
v -216.27327624 -20.40137600 133.56019092
v 104.03573160 118.48303099 856.48984240
v 87.65455524 119.14258326 843.80473098
v 120.09284005 114.59472082 845.27599772
v -160.03383289 25.62307433 70.98267912
v -165.76116619 24.67447868 82.09608632
v -164.21497243 -88.86488444 503.76178602
v -179.53928829 -89.75253159 482.32286287
v -5.75252915 -149.86922212 1263.17594500
v -8.52408167 -144.92473485 1239.82277515
v -33.64841692 -150.67042758 1246.61945033
v -315.55264051 -49.90572248 1235.20310556
v -320.83796339 -24.75865134 1246.94960184
v -317.78754233 -36.79941025 1259.49651605
v -223.53343774 -35.72622034 107.86254120
v -195.06855144 -19.44192266 1113.86411272
v -191.52336970 -36.41397014 1120.46648280
v -194.29576660 -32.72947911 1095.67720405
v -220.47268057 -11.83888270 109.31748662
v 179.84088664 35.97647839 556.36910462
v 160.91800395 59.85120203 560.66119990
v 165.17498442 52.68411124 546.12672616
v -156.91846333 14.55533472 45.54079215
v -156.57613616 -114.46229317 434.06386033
v -138.25604537 -109.19347266 442.70236737
v -131.12704303 -112.52161331 427.45799773
v -213.17862265 -8.33427821 128.47902274
v -41.40863718 150.75587707 982.75404554
v -51.88113574 135.59596577 971.78710143
v -16.40998808 141.57986518 972.93628872
v 113.30507438 101.62115555 966.70298336
v 83.77512670 114.86729793 958.95624842
v -216.36881443 -0.09928356 105.42132252
v 196.06595622 43.41082304 1331.10077922
v 202.05120304 24.97636343 1326.24202226
v 196.81726520 56.40347151 1352.97145869
v -105.69725831 156.73722660 1306.35611082
v -102.71793692 148.84649993 1278.20348968
v -86.82772884 153.07006139 1280.82509523
v -152.18606831 -6.01911059 112.65946793
v -326.43011646 100.81727770 929.59172205
v -323.26382663 107.82600555 947.77722019
v -206.59974081 3.04787489 120.05554933
v -20.91343406 163.57059975 1011.60018101
v -39.42323233 163.79521599 1010.32076113
v -365.72936151 176.93713771 875.55852622
v -372.40472042 174.45149021 877.13051219
v -366.59578724 176.65094321 864.25112160
v -206.23729749 17.93626899 95.96292896
v 94.02490634 118.69729846 871.56424013
v -313.21164293 -56.62275000 1218.49229254
v -307.75439136 -63.75730794 1270.37896220
v -140.24980657 -98.08916528 488.34674571
v -125.49173696 -92.91747176 503.20719548
v -126.63334515 -97.23794149 475.28085895
v -194.43764355 8.93238753 119.74587002
v 79.09263584 132.06417287 979.57860939
v 91.37704512 117.26858354 978.28484547
v 92.84762316 130.14692972 986.64221347
v -198.47492758 30.95620297 86.47783895
v 108.85268283 119.31429949 810.36418822
v 113.60634254 121.07844101 787.87506809
v 124.67155967 120.26503047 797.78765268
v -210.06877564 28.13617334 84.66949164
v -191.07336079 -52.64450311 1078.88887715
v -183.95835422 -67.51331649 1082.62720166
v 202.11133772 -57.83090365 106.49942117
v 185.19802296 -79.68449110 115.09188877
v 202.48077744 -54.22507535 138.31202114
v -41.12432158 66.81504374 1457.78410318
v -15.66552538 77.52752241 1445.22295290
v -17.30875018 55.25257781 1464.91347486
v -215.35101462 12.11065522 87.75181550
v 180.49390368 66.42465979 629.65383576
v 165.60854025 78.77845458 628.29379544
v 178.09456358 62.19587380 608.84084615
v -322.48506388 107.66664689 960.67327127
v -318.70097407 92.72402702 959.22801148
v -309.69675385 84.36302856 984.44700676
v 210.36156976 15.25749699 1317.91307033
v 204.04857775 10.19228211 1293.99948151
v 212.05430718 9.24230777 1293.92302784
v -174.44728015 7.93019710 116.99251104
v -179.42545359 13.99184609 110.29145138
v -118.08167702 -98.00484281 483.00943156
v -109.84474061 -101.84850376 468.54398483
v -118.26902304 -97.12232396 469.42981220
v -226.49055725 20.74770097 73.55843567
v -100.12753850 134.24794603 1012.76535742
v -121.78014142 110.30858213 1012.72482528
v -104.15395308 124.42765019 998.30749537
v 7.70744107 60.54859584 1456.30404002
v 1.11658111 68.21375015 1449.15799395
v 20.58004142 72.87225991 1447.76803017
v 114.90151728 110.33031519 991.64896317
v 113.89068778 119.02591418 998.80331722
v -74.51741659 126.03092851 972.65822241
v -47.20427391 132.13241971 964.35737653
v -237.46431278 1.89620255 58.58887666
v 125.55961672 116.98398711 825.60124844
v 172.51410871 -96.27727739 250.05906167
v 157.12512403 -93.50368618 254.83466029
v 146.70058497 -93.71558517 267.19848188
v -164.78009215 -97.40999674 19.72278791
v -163.18106172 -95.96860573 4.44713756
v -173.04038867 -102.79308307 20.82273468
v -211.91554529 39.52695085 718.96625155
v -212.27095387 39.35278431 742.77346371
v -214.82280307 8.94970821 702.91570375
v -227.78199309 33.30833938 71.31956183
v -40.41130381 57.78494695 704.21122751
v -29.59936648 33.42503319 697.65480984
v -38.22572043 57.89468270 718.50672272
v -238.51433358 40.65122586 56.98712011
v -164.84728042 -89.59227607 82.96991219
v -161.29357302 -77.33604155 71.28847909
v -217.47371865 -1.36942796 717.04716069
v -216.95056701 6.79188415 729.27905740
v -239.97062157 22.94005877 1190.56914351
v -229.83285201 7.59699734 1197.57671758
v -229.83899858 18.41613783 1207.68592928
v -226.02163125 61.24185428 60.29142183
v -246.50858678 46.37899997 47.29410615
v 30.13512475 -54.71634875 678.69202137
v 20.21395463 -33.22558013 680.76017212
v 21.72071060 -46.40702178 701.48791398
v -153.51084371 -57.57245285 88.70455461
v 98.30310574 -148.61998619 908.11798599
v 111.81144134 -144.62145269 896.94227129
v 85.46977326 -150.81262287 883.82564312
v -262.68876452 62.75360345 34.35060550
v 155.60560587 81.44925314 1045.30482424
v 168.21541133 66.44281662 1048.00476296
v 173.11803171 61.72771124 1060.14651303
v -22.03090054 43.59231991 736.01044311
v -31.72577648 59.42334673 736.61704891
v -235.07706390 75.21356720 48.93667051
v 316.10814796 -2.26231517 1224.02437357
v 287.74123185 7.07153894 1255.87664566
v 297.22603563 13.55242622 1226.78839035
v -174.91537956 -97.80101091 63.29276676
v -167.08672659 -96.39059474 36.27272015
v -262.24422929 72.05001114 34.71003922
v 184.23941835 30.36230200 1014.77454082
v 193.75310572 2.03159018 1021.01958048
v -354.52177765 95.81527883 909.41652492
v -357.25884549 76.51947240 933.19950862
v -349.67029178 76.61733816 931.35444093
v -271.09276838 72.89809809 27.58584772
v -189.31357170 -96.86202368 97.82290383
v -182.15165159 -100.04813816 88.18466878
v -189.54282854 -101.33042659 71.78752757
v -208.91466504 45.55533480 874.58239244
v -196.58236688 71.96135527 873.84992742
v -207.52533377 46.06301816 906.50138390
v -237.85521444 33.70482856 1220.77203715
v -263.57878966 103.44159746 28.10040558
v -29.96087965 72.26304466 760.57800249
v -32.08508998 68.27727028 752.47545147
v -24.20855757 64.08771341 760.81198854
v -270.11434709 90.95661430 25.98813560
v -189.82515093 -104.93896637 4.65959945
v -184.81204318 -106.49294409 21.79184693
v -179.47972866 90.52392109 893.27519230
v -195.79873586 68.63354574 917.46943688
v -277.51886247 77.90529272 11.86028520
v -277.35419084 98.74358796 10.84621684
v 37.77986668 -14.28980625 594.94924507
v 31.64786074 -13.24427780 623.92881327
v 261.67391094 5.01125009 1309.10239123
v 243.36319095 11.00806236 1330.19375856
v 261.00059206 10.94861206 1286.46449436
v -166.24708733 -89.24366166 66.78167545
v -273.86240541 47.56372636 6.58016469
v 145.36663696 84.76865525 1092.08136842
v 129.34350593 100.88455571 1088.33343240
v -16.79132021 91.99091074 759.15181738
v -23.40310257 80.56387109 762.07193702
v -5.52974780 81.18181652 758.17689756
v -195.34214499 -106.16313411 50.37835041
v 181.13931193 -70.49753452 844.67994150
v 169.07937627 -84.72108365 853.35741821
v 175.55022850 -75.76883091 874.27834654
v -266.44986525 128.08763717 8.50475169
v 187.71737290 37.15631755 1051.25967731
v 190.72369698 35.84648527 1084.11780195
v -245.00802011 154.31070908 9.11119807
v -223.27953556 -68.08291281 66.93186828
v -222.84363484 -75.95484800 48.19947316
v -161.73385305 91.45619750 934.90876961
v -181.27713643 84.63285522 920.83176444
v -153.71314640 100.58416425 914.50782630
v -246.89229095 155.10271519 12.54663832
v 200.16511078 -76.99185182 228.42218470
v 208.15370410 -66.10055240 237.68350069
v 204.01856909 -63.01368766 201.88123924
v 56.97520334 163.21270294 1058.62668498
v 56.56450657 161.86692386 1038.88307318
v 86.10752838 148.85300698 1049.03727574
v -230.85807121 165.60949600 12.34328099
v -198.14160983 -96.33249649 77.18397595
v -136.77217816 104.29137217 925.01164487
v -134.22712779 100.34110657 944.99283904
v -164.93712711 -142.22927382 1440.45226876
v -171.85364577 -149.80974566 1413.37020428
v -198.59818776 -137.32440336 1418.99032007
v -230.73052039 153.46076757 21.00365791
v -214.77903265 169.88503483 13.16443065
v 78.11683065 55.82637188 540.25271042
v 75.11721606 46.86246791 531.11483659
v 94.50223248 53.62746939 518.88021795
v -202.61446078 -106.49209104 21.50214550
v -214.49959387 169.49421518 9.35009271
v -167.56513138 63.45856503 1000.48306922
v -174.02641686 46.77819352 1022.96232624
v -181.34815562 44.66324684 1000.63881527
v 76.85113797 149.96415088 1007.70877957
v 93.29565208 138.58343097 1003.28416999
v 101.65779697 134.29878869 1025.72088930
v -199.98032704 169.29965307 12.25578303
v 124.33590216 -113.40602494 1165.25625705
v 157.19844015 -94.43332816 1145.17889731
v 137.24231633 -110.30827490 1136.25145713
v -209.06228331 -96.72407297 56.83218098
v -185.31025289 154.68091686 8.75128936
v -188.15191730 13.26443826 1034.10990200
v -183.83377784 28.53743124 1036.21450576
v -185.53917630 33.15190086 1056.66366922
v -384.88846140 169.37501252 891.27072384
v -389.74998364 167.87578829 879.55373070
v -116.01777124 113.73162165 910.44297015
v -128.02905107 110.08251703 888.30537334
v -187.14338435 -49.87604402 1119.85960963
v -187.21121722 -36.50955700 1138.94474582
v -184.51620007 -152.25722026 1383.96749034
v -196.19602049 -146.00312100 1393.82030909
v -167.71542844 106.19716716 7.67510727
v 73.56514626 143.82211917 987.14746383
v 61.44530943 151.81118922 992.14989477
v -167.60200164 53.82903042 5.79750548
v -53.04460320 115.16164122 1404.69866829
v -76.38413714 124.69724798 1391.50668743
v -59.24118339 141.81713364 1366.37247466
v -233.50499634 -61.63883607 3.05030735
v -212.71708817 -92.89519347 1.93990390
v -133.03845539 111.52244276 871.67009510
v -157.69648158 107.94355015 858.51664414
v -134.15384171 114.63485118 839.15119556
v 155.22887023 -114.76986655 366.29341407
v 168.57717567 -112.89858296 359.56058111
v 153.43883124 -112.36020453 337.26034173
v -149.86108984 33.36496704 8.01158737
v 48.60034549 39.15656808 603.49221346
v 45.30249614 19.09997555 583.23888569
v 176.86796088 -62.16030317 1189.78519521
v 165.55936215 -87.69583811 1195.33785674
v 167.46747681 -106.68318852 1226.90397184
v -201.82228159 -104.05661102 55.88020375
v -164.93050521 61.65510192 9.10291193
v -203.28935396 -5.54769734 992.05598939
v -208.60715910 -16.09549417 978.28591566
v 12.69062866 140.87760552 972.13570354
v 44.88400050 148.97659673 979.16728595
v -9.32408308 151.11690392 980.36426572
v -155.76860101 42.21036604 15.90083501
v -148.87992842 -62.89525499 5.39109590
v -152.54255305 -35.83106690 6.27704372
v -158.82802242 42.88218160 23.34184331
v -191.83256628 15.71717679 1006.69043999
v -193.40152056 38.61149003 985.63672764
v -151.99215864 29.63574037 15.62285627
v 207.94837252 -9.23591343 278.70472292
v 219.04933629 -38.53760212 298.41816106
v 212.30913350 -15.19109621 299.21836622
v -200.94404280 -109.36105619 378.55966011
v -212.84376108 -97.24650850 357.96634956
v -212.54706619 -90.45975886 397.57230873
v -161.01275523 23.97015481 23.02217904
v -158.54072622 58.28903417 551.29427143
v -154.48707577 56.35471089 525.00365881
v -142.39130337 67.49441435 568.86091930
v 87.72569365 -26.72065034 390.40392372
v 85.48726149 -53.59024599 406.16698976
v 88.51904388 -46.51807677 368.93202343
v -161.34749127 20.94897985 30.74231205
v 142.90658587 115.25746584 798.33365255
v 122.21399884 120.18960832 771.58985303
v 147.47188174 112.17288906 756.20084514
v -160.07316782 33.90631304 39.80341664
v -141.66060322 91.94650792 1063.55170271
v -164.81515111 67.64900251 1079.41701529
v -153.56050600 79.43038779 1050.76737438
v -92.96583308 -23.86746109 445.62784499
v -115.55853601 -9.51610214 428.56536361
v -95.64810931 -29.92554488 425.76544294
v -149.41063592 -96.18390549 496.86080412
v -148.76631714 -105.97097777 460.96598459
v -162.61630709 -99.96295965 475.52728593
v -163.13673839 42.66608502 54.87560726
v 150.43146608 -76.74531062 538.56673777
v 175.57294763 -55.26195427 534.21457680
v 165.72493968 -76.10193319 504.87600120
v -201.38658597 -108.74587114 338.96324988
v -183.79452224 -120.79124760 358.32269718
v -166.34768526 51.92351533 527.05315840
v -165.02407974 44.47083175 490.11949387
v -158.04790492 48.12119621 489.87902740
v -194.42481582 -46.87152985 512.33637250
v -196.50673589 -54.28866627 491.13138025
v -197.56770832 -44.87905211 490.70301263
v 113.57523560 66.50372229 527.52849310
v 113.98390401 62.54707483 508.30642425
v 136.83090355 63.05425621 516.48244892
v -341.58943444 160.17508965 914.55259841
v -348.97928668 163.29252751 919.48835214
v -342.12496370 169.24669477 901.40614684
v -168.13462570 39.93515773 69.03552105
v 210.71115290 -7.32181211 1253.14747304
v 203.65146611 -12.50599658 1254.54570543
v 213.44328236 -11.46844830 1237.60717455
v 3.99986071 -105.66886614 1134.80788269
v -1.72114526 -106.80531361 1113.60249239
v -8.03574333 -106.06549150 1128.56873822
v -156.73094336 69.20571427 597.30992943
v -163.91968464 57.21957756 570.30540156
v -174.39998045 58.05201596 60.28139188
v 137.72871674 115.12991663 752.14292401
v 141.65612093 108.22801883 699.80221994
v -195.17695959 -110.86450376 404.69240579
v -177.84458636 -124.45156034 379.39140321
v -183.54878706 57.76382968 68.53343928
v 268.74455531 -14.16328908 1334.22853370
v 280.95777339 -1.73241217 1282.78175923
v 287.70238420 -20.79042503 1303.71145991
v -98.39017408 -11.83156948 454.00423072
v -115.98944132 -1.47243757 448.30298709
v -183.53310159 75.32433967 56.02311384
v 125.89423558 110.60207367 874.53967109
v 140.62166535 110.11530416 845.32245240
v 143.26959552 99.24566283 908.42593379
v -175.22832763 75.61341563 40.47328540
v -169.82413153 53.55423582 1162.98559591
v -177.84099955 34.58979963 1173.90530227
v -181.36162024 32.17009850 1134.84265673
v -89.79213536 -2.66763717 496.22680850
v -107.02769279 13.10863807 490.07581674
v -91.45954994 -12.18987451 475.26000797
v -156.84567375 -84.53567090 536.25165132
v -181.43496064 -61.43134281 545.35917537
v -162.13477918 -76.32268832 563.12714724
v 123.76645997 -6.14025715 1479.71431593
v 160.56611593 -10.58321297 1474.85885870
v 138.30670070 -20.59305199 1488.02022474
v -168.86464354 61.65419332 36.63875320
v -158.52420707 -124.33057562 382.77641526
v -166.81287533 -124.79007817 400.82237979
v -172.69317451 77.96543708 32.12038208
v -86.31574731 -34.39136830 426.48199070
v -79.26345743 -35.04198798 451.03014545
v -176.20427235 -101.97776606 458.94784820
v 98.00841451 44.10656386 1455.58031352
v 98.81414985 35.07497849 1463.82417525
v 81.17896414 42.80899169 1466.05246261
v -182.76786866 88.96956807 47.69952323
v -172.62342919 109.44311349 26.30479758
v 254.88976582 -4.02848061 8.64791734
v 241.90479065 -2.61969235 12.66982429
v -127.74873884 8.05946621 448.34460403
v -125.95366178 4.75635007 427.53169645
v -183.94223281 109.88024219 40.29313570
v 159.98391722 101.39355226 846.55705614
v 158.36727573 96.01092814 888.03263725
v -115.88199901 -105.03838002 658.17050249
v -108.07301351 -99.48634449 615.56082464
v -184.19791912 137.87464179 26.67813603
v -74.52511708 -23.87969017 485.42972740
v -70.27252813 -16.89926864 501.30672971
v -176.18281627 136.85112405 11.49325745
v 13.42026828 59.38883613 743.93916963
v 10.53162785 70.30534812 757.07025955
v 6.66696305 62.24655001 754.66606759
v -184.17927110 154.64394123 13.84535580
v -18.56877885 -123.09792131 840.23384353
v -18.35061880 -132.18960196 850.48048929
v -4.36755769 -130.18102772 849.65004877
v -140.57546845 58.33014306 528.87468572
v -137.43374266 52.39237462 513.08125465
v -201.05219150 -21.61624692 633.33975500
v -206.10127764 -21.71934402 674.88546597
v -193.81678033 -39.94890098 653.48653191
v -200.09392416 152.99288174 26.40273692
v -92.78923023 -103.17813965 625.56615408
v -86.55478020 -97.42891256 603.98055655
v -120.81003130 25.26088124 489.00337503
v -124.16895761 21.23123513 475.10482956
v -142.91296719 -89.55862550 536.42374090
v -215.21001623 153.46104836 24.30879792
v 121.96988486 -88.49286786 466.68215463
v 105.04420259 -76.45395597 458.32297524
v 107.06672518 -74.56897325 480.57283462
v -282.28126729 54.31148100 1055.45950978
v -285.80995498 41.84870991 1021.31587641
v -277.55836647 34.01438152 1038.35097505
v -199.56632023 137.73534743 31.87167474
v 248.72993585 -2.10055047 1377.51069336
v 258.10290759 -2.85783585 1339.01518818
v -77.18670529 -28.76797708 470.20210122
v -216.02589698 131.13291771 31.88764481
v 36.33017191 91.72738124 762.11621052
v 29.91659345 80.27877555 748.12744936
v -72.45710423 -84.30168511 567.24785407
v -93.18204985 -92.96554368 554.32677890
v -98.95436182 -95.13702251 573.30927331
v -199.19907978 108.42519712 46.04912949
v 227.19487939 -22.86230261 1201.18556472
v 226.43205452 -6.34554273 1207.75859609
v 212.51457731 -26.08960134 1234.39946654
v -134.85130846 44.90489476 502.44975998
v -149.11182266 50.53852992 498.29525765
v -213.09320342 73.40897228 60.85444362
v 59.93129587 102.30228129 739.85866266
v -198.81719811 77.68744271 61.18665308
v 7.65576902 -58.68433556 810.87463614
v 0.94635655 -57.22368930 810.85740660
v 9.75279047 -71.07110241 814.21387378
v -82.37588761 27.95775455 546.96520276
v -96.90333022 41.08854109 539.42226858
v -100.63404412 35.08110032 528.17138288
v -198.24112745 25.57178288 617.34576354
v -202.46738482 6.54478988 610.03260513
v -199.92649729 2.74600969 596.30405242
v -73.73051329 7.39663106 1528.54092969
v -64.48103209 21.55359580 1518.07826049
v -60.45942774 25.69082933 1542.48010462
v -196.74359031 59.70217545 71.47112254
v -87.87135015 -81.79773219 517.79341804
v -87.74259081 -83.64684294 537.24860271
v -72.77384602 -78.16453161 537.61046178
v -209.19267122 53.65946954 73.77895481
v -125.16765890 46.23527056 517.63353525
v -124.24588320 53.72472329 528.94363814
v -213.20568976 -25.82967567 719.73234437
v -210.62136785 -16.56889000 693.46641341
v -53.97923283 48.37463859 1562.48764999
v -55.54863498 38.60132117 1557.51982919
v -34.72912786 57.72817786 1547.12552899
v -238.11683859 91.28909016 42.30588389
v -135.92296365 43.08577607 488.69940136
v 144.78732498 -104.63903102 834.33870067
v 129.35054600 -122.00210373 843.64888652
v 147.02906174 -109.83987828 852.48576115
v -230.73022832 117.97045068 34.30882259
v -23.58491499 54.06762567 754.42302056
v -8.74384672 19.87761870 742.56232431
v -16.91741700 44.17603378 755.40326560
v -109.13360296 -105.81456579 449.71994076
v -111.81878999 -110.79002019 430.48833594
v -117.85026029 -100.15267497 452.83488495
v -248.18634552 133.25566610 24.24372638
v 125.36849362 98.32521613 990.34512158
v 142.94877613 89.83324032 1011.40551127
v 122.39921570 113.00200434 728.56818357
v 120.25324880 116.24297714 740.87797322
v 104.08031254 114.85563802 744.04047587
v -241.62309089 -120.87278961 1365.69864984
v -231.82905297 -121.30361044 1347.61824015
v -245.64034892 -114.95004080 1335.77804349
v -191.20958879 -55.71515434 1003.37170995
v -199.46013940 -31.55291483 1003.30391272
v -0.46576412 -127.57163305 1200.94574625
v -5.96293631 -123.75987343 1188.78221113
v -20.37442601 -131.73543716 1195.34950491
v -90.42106353 48.78694792 594.12185497
v -94.78959637 53.35012373 587.47479942
v -100.86040629 54.77148373 560.64133147
v -151.99246742 113.43923598 831.62497889
v 142.32102674 76.76937431 595.26781610
v 108.91716244 75.29072881 576.72555471
v 137.96186452 70.75947236 562.71188295
v 111.02045422 -19.70688453 263.90447226
v 121.84108794 -9.94745447 260.71113374
v 126.43835106 -3.39366282 266.96996644
v -98.04622508 -94.54110941 442.56597453
v -101.85320029 -106.68457547 428.94161503
v -102.43293922 -100.62461871 455.12693204
v -261.53442950 122.14766312 21.51225720
v -170.77293066 59.02921547 1061.00332109
v -179.15384976 46.70422284 1084.71776293
v 139.62536890 97.53367801 1032.05177542
v 138.80797751 94.65601973 1059.38711801
v -264.54816129 131.10510987 11.87941917
v -115.77748680 108.64905942 994.83337141
v -147.81728489 81.60594485 1010.37625700
v -396.92329559 159.77011150 892.27503564
v 112.96309682 118.12948262 761.08477359
v 88.30240135 116.99317397 750.00105123
v -258.13218307 -109.68461987 1359.21368775
v -257.15211314 -110.29945913 1338.68172643
v -82.94001199 -74.19064932 447.84812375
v -79.49505969 -71.94402368 457.59414739
v -73.97694786 -56.56644973 459.79429762
v -391.71539231 156.04032744 873.12963269
v -396.92645072 148.99325195 880.66644881
v -385.13068360 141.69508970 872.38413598
v 229.96536504 -34.24926677 1201.14740092
v 219.70870602 -40.11610335 1218.95305098
v 230.60851795 -56.28491994 1202.22273508
v -77.09209252 33.08337143 582.69179735
v -86.30096023 36.63432387 568.34301718
v 98.21891876 139.60315077 1074.51205510
v 78.20424350 107.26836474 723.77863156
v -185.96765585 39.23113448 79.53063358
v -193.49890431 -27.06733732 1051.21334051
v -188.48103817 -34.14902684 1030.27388748
v -144.36797554 83.96525307 622.85994002
v -145.02398945 75.95271353 605.33085402
v -129.50177834 82.06997118 615.21114354
v -206.18302389 62.25092153 847.22466007
v -91.22469970 40.71647988 1464.36187457
v -74.93516672 34.67134785 1472.89401932
v -99.03149812 22.58244075 1477.80473599
v -191.77324881 31.37785283 87.14844546
v 114.72906071 54.44043981 490.86603406
v 126.73250604 58.96918197 496.02139967
v -102.13953466 -94.89231116 493.10251056
v -86.88421380 -78.00359902 486.38115745
v -82.26552095 -77.02236241 473.87496495
v -180.54877782 28.32040964 87.99301176
v -196.14515284 2.00095926 1073.45837372
v -119.93539849 65.20566271 559.05306775
v -106.19629626 61.64163723 578.37545871
v -150.13937391 103.51348003 896.56075804
v 160.83118983 56.32615850 526.04795776
v 141.37477878 66.89883681 544.27421744
v -103.64920909 76.50280826 1430.83367349
v -93.40733039 56.79779699 1450.62297494
v -106.77940257 60.44781845 1442.50539962
v 82.70391217 149.59133770 1082.39308880
v 56.54554999 161.26815622 1084.88547657
v -179.60791546 40.52676774 1119.16080102
v -192.05264029 16.64242550 1087.25144472
v 216.02826747 -34.61544399 66.75094323
v 213.18154669 -49.74947370 60.03921278
v 215.13189187 -48.47765200 86.27389638
v -73.84479039 23.62100975 564.19723760
v -187.37856421 7.63666168 128.16908160
v 91.12074656 112.13205305 731.43881985
v -190.82024534 -15.10682518 479.39565895
v -191.38827579 -26.98820667 489.06830674
v -201.02085807 -18.14397133 443.05816808
v -197.54266834 1.80426996 144.77462870
v -131.23313456 68.94965977 579.93735959
v 39.59921515 71.02146707 702.48745509
v 20.08069262 50.73135904 711.84046502
v -178.82548793 1.25565036 146.94400053
v -45.47622236 164.63625933 1135.13399744
v -50.73279687 165.57792855 1093.57582515
v -35.50484556 166.38216606 1132.12012046
v -31.35783889 -116.28253802 1131.12643624
v -15.47911604 -107.27402340 1120.17733468
v -27.50455956 -116.85532822 1106.17600238
v -178.72812867 56.25839176 601.18300035
v -159.40672686 79.60983756 628.63283481
v -195.05180141 -41.69714783 513.18646650
v -201.62677273 -40.22454260 452.54348516
v -204.87551506 -59.40401657 457.92525542
v -166.14348228 -2.96077209 139.54342524
v -128.94603755 95.94716729 655.31556450
v -146.48309193 97.11038813 667.06199548
v -147.59559182 113.83791061 814.90198444
v 174.04829270 58.94850636 581.26291482
v 187.06962478 46.03088463 588.02087013
v -161.49416965 -6.91774641 160.21166770
v 123.44687578 -43.40711528 227.24409706
v 124.03020299 -29.26203260 222.43718899
v 121.73746889 -30.34739325 239.12776605
v -386.89926498 101.54064771 969.00350726
v -383.38176679 86.37807894 989.46282580
v -387.07421790 89.20705463 977.06029778
v 222.20229495 -67.81436736 1222.55835057
v -23.98387904 -127.20680596 1165.28701419
v -156.71877334 -12.05767077 134.22634939
v -0.68224793 36.04478054 752.77229507
v 1.11604587 26.82767938 742.99726639
v -201.58973317 -64.92719458 466.45274873
v -195.17547392 -73.67209697 476.37060941
v -152.19171027 -19.44489818 131.08874343
v -391.37905232 111.73115062 933.10357473
v -390.07872047 117.37612836 938.95706629
v -389.29374121 110.28603244 945.75517981
v 224.26825958 -2.14857026 1218.09462113
v 220.67709128 1.80644875 1240.23759597
v -168.98413177 82.88280002 652.39438004
v -178.19696909 68.01130724 635.02508728
v 86.45399893 105.27985899 696.76016787
v 97.79890086 101.09609679 666.65934838
v 113.88906518 109.04628494 689.69326078
v -111.26923210 129.01911866 1050.30269920
v -93.11970423 145.36834499 1042.04755314
v -83.29469775 155.94148462 1073.59779824
v -174.21667833 46.58237167 526.75127693
v -195.20276266 -87.54745200 457.57183876
v 112.10565742 58.72496669 1436.89716493
v 116.16901077 42.83995196 1447.62868238
v -148.35692828 -42.49259998 129.71473862
v -192.16675404 -101.23727846 432.85683718
v -204.60145965 -93.60224015 418.44315318
v -147.54724425 -36.27890361 154.29510455
v -168.32701498 60.85436418 589.44315915
v -186.68254439 1.50337868 469.53408918
v -176.74473351 16.49535699 457.99023793
v -184.52874018 7.88230270 485.00698341
v 150.03214317 70.70683002 574.24035215
v 115.62604363 32.30291547 1462.84137605
v 102.62341821 12.07696746 1474.85689765
v -149.83318421 -20.51014650 172.86149293
v -144.68909093 -29.72109069 170.66904877
v -156.52540413 90.82601724 653.64153915
v 101.02016412 -80.33263364 566.48365652
v 125.22401471 -85.29045705 545.28498667
v 106.01354177 -75.47334749 537.17745380
v -140.74783084 -33.74290193 189.93927200
v 82.29911462 95.88002344 678.01316736
v 79.02874650 90.34750078 660.67027587
v -160.61687569 -90.95560735 667.14860489
v -151.24769045 -21.68554981 185.84254062
v -199.60003932 -66.65347974 861.05613323
v -177.64554047 -93.57036229 858.86036152
v -186.09482986 -83.31724000 844.69586393
v -205.07762520 -96.64784659 253.39150203
v -217.16443887 -80.93422313 271.81705421
v -214.13096967 -90.14488600 301.05079763
v 189.03507717 -36.24090529 497.65201720
v 189.07783331 -26.13014251 515.14403389
v 186.89239066 -25.88258226 484.65186188
v 204.59298721 -13.02967939 713.49971913
v 196.91896388 -35.29803393 728.12571488
v 204.15519879 -21.90600973 747.86655054
v 99.44242889 118.07572695 774.27259559
v 96.06517069 120.02436314 796.65779034
v -158.45411707 -14.43934600 175.68724911
v -131.77986377 -133.62437903 944.38255423
v -138.85994405 33.41735949 472.63839681
v -151.98448292 32.18605884 467.38288750
v -140.16894117 24.40913879 461.88811838
v -19.85905656 -39.78112379 695.32995665
v -13.81155839 -19.57599059 707.36699773
v -20.07016651 -22.87776555 677.70038170
v 199.06871701 -3.18664044 222.00668050
v 184.11716935 3.86028590 220.79752717
v 198.60794631 -3.42984590 195.09147027
v 175.28624778 23.11294391 86.23891547
v 178.57699976 30.72695339 75.92883249
v 189.71809679 26.91280709 78.75341122
v -142.80367107 -98.36753533 727.95455085
v -199.42317210 -105.51840240 303.02707798
v -74.54465442 -105.09160741 697.22893448
v -63.70324559 -101.09619288 674.96505078
v -72.94121513 -106.78123384 679.46396488
v -151.60784834 -14.09162249 200.26483428
v -284.43108891 -14.83092837 1059.02538891
v 210.66931222 29.27641347 736.46409984
v 210.44948863 11.96328827 715.36866494
v 209.64184103 -2.01057926 749.49400350
v -143.05234064 -21.19514848 202.11232083
v 35.21980608 30.41462243 1526.71336766
v 15.45388393 42.84493026 1528.68713783
v 21.67222180 35.18502570 1507.22372393
v -218.69247034 -75.72516998 239.35983799
v -212.80834825 -83.91188204 211.68105815
v 88.94419439 119.62173629 809.39590590
v -200.59122864 -67.05308684 828.93763610
v -95.84138303 -138.92094992 845.56923559
v -97.55616309 -132.08969445 833.56742415
v -127.71519014 -128.08326615 844.67200064
v 96.81312931 -14.35895744 1495.75647701
v 85.29944586 6.57110409 1481.91206955
v -149.77236714 41.47718575 478.93587432
v -137.49883986 -29.76591587 202.13630604
v 187.86316053 -55.74863567 780.82737818
v -147.12752770 14.52315438 442.04434390
v -158.75287892 19.52654683 443.05788860
v -16.17947927 30.36634891 730.89922407
v -248.74958143 -51.39041807 1167.41876388
v -254.17350390 -41.36266236 1140.62389160
v -270.09075546 -44.10224514 1135.04305035
v -52.07940789 99.78429434 1598.74007006
v -55.88486686 89.18942462 1586.96012024
v -132.20386650 -39.01309656 208.34540472
v -251.36142662 4.97673592 1140.51258957
v -247.34058142 -6.07952877 1132.57270197
v -240.69716987 -25.35806598 1136.48972715
v -90.90316083 -110.01024763 665.97871453
v -117.87248637 9.71632583 462.63601591
v -38.03143245 -60.71948748 628.72470399
v -29.65543159 -50.32090823 651.97555687
v -35.56908858 -48.99523449 617.93541512
v -28.16458815 115.02708772 1616.72891790
v -13.75883295 118.23409781 1587.71789752
v -125.75176953 -61.41236009 227.08182482
v -122.62346741 -65.18565969 244.46330738
v -141.22908914 135.79246009 1346.10262958
v -139.87113228 120.82158984 1373.48362659
v -159.88344305 113.56279165 1364.09921041
v 204.62706389 54.86789397 59.14076689
v 226.41937370 47.74297634 50.40115695
v 208.51329805 31.48909800 65.96052369
v -121.10143448 -53.05822860 243.99551369
v 44.17443141 115.48887738 793.85055933
v 44.84587814 108.62319017 782.04795375
v -115.12722845 -139.84849834 863.67022508
v 6.85619159 112.59378404 771.49105551
v -119.82209837 -39.83202641 254.16462745
v -62.00783343 -112.16116731 812.09977256
v -67.42829764 -106.68744205 797.78171056
v -76.25719553 -100.51536115 782.80419476
v 158.19857786 -103.02734765 904.13003804
v 178.07223033 -72.77813071 914.16362226
v 163.08947974 -94.65756190 878.02475571
v -117.21589181 -31.84174260 279.98444643
v 75.44761312 148.14229732 1171.13420895
v -110.24616891 -53.60223801 269.12333220
v 50.85884381 -36.34282228 535.52176959
v -114.67217988 147.03717672 1350.35667690
v -141.38551114 142.62821304 1327.18840177
v -122.77510821 152.38397202 1322.24592571
v -139.29132141 -57.71252135 174.64823131
v -134.04222192 -66.23415552 190.58211677
v -132.84379749 -57.37291575 199.42814462
v -163.44232651 13.71877945 389.10078602
v -161.51616576 15.10053161 411.43709426
v -178.64077929 12.58161145 404.86954887
v -174.23120065 -79.34169826 709.97823565
v -176.82261430 -80.04599826 727.28166123
v -107.14663259 -55.10598583 284.06795053
v -106.64599293 -40.91204562 298.77105977
v -149.63969481 18.42116691 427.46372269
v -140.07736876 11.48711526 430.61028402
v -20.83659402 -5.24429509 701.41205201
v -16.47670640 -2.57403989 714.06555418
v -113.74208745 -31.37897068 292.68123836
v -162.61444683 96.96152581 1391.65968194
v 198.30045448 1.48982810 265.26128042
v 207.43266777 -7.35133684 261.45385570
v -350.98212702 192.30851120 816.17561662
v 191.10298700 -44.41652100 915.18267842
v 196.25507837 -33.05359841 935.47947483
v 56.87608488 15.64450208 1487.54642837
v 67.00014388 3.47473904 1495.54394655
v -105.29084292 0.37932753 466.49641883
v -111.63457301 -33.60554041 308.21187808
v 102.40901137 125.34271157 1141.11185238
v 88.24937147 139.85075279 1162.81764280
v -89.88617190 -115.05278534 812.89147282
v -2.73629473 135.34796847 796.20221285
v -120.97830314 -26.75481043 308.06286131
v -47.77393670 -89.43642168 708.30881862
v -63.40359452 -97.76085675 744.68625087
v -44.66279252 -88.04545581 744.74391154
v 245.22440091 -51.94723014 1441.45402571
v 249.96218633 -65.31228956 1433.94479299
v 235.65855108 -60.49017286 1454.97817620
v -158.35478601 18.92338334 425.53111720
v -182.99481624 8.78001851 425.19786049
v -111.03158386 -33.68179054 325.21307187
v 46.53692915 159.91691497 1098.71521468
v -73.77656162 109.37991864 1410.16653662
v -105.23869519 102.60142592 1409.67036349
v 143.67059026 -120.48682647 881.61861483
v -119.73594056 -21.65942242 336.91079982
v 79.15941534 -5.57317904 450.97836828
v -127.36869981 -72.78584423 229.17213462
v -126.21457139 -78.34130617 249.01665100
v -202.21727862 -16.15683694 429.11579114
v -205.31724461 -43.72373538 433.95999605
v -214.60016920 -47.87431695 415.99308247
v -182.66137649 -84.22213222 799.53025126
v -199.82163869 -67.74965000 789.99700781
v -195.54168495 -73.98711274 813.40440097
v -306.05580413 -62.60054469 1204.97378886
v -315.77103580 -50.43314872 1165.26045673
v -247.19236876 3.32650827 1150.24427520
v -234.96016358 -31.97457234 1152.37426688
v -125.96393604 -13.33696581 324.27874582
v -272.69648459 -71.25546823 1189.11635848
v -283.96845379 -76.18378119 1205.35410591
v -257.69121038 -76.31059424 1201.28588793
v -125.83713960 -12.26061326 346.41752148
v -244.12360690 -35.17464114 1122.02824793
v -177.80032389 12.53510923 378.35197975
v -175.61310408 -65.09718713 594.94039733
v -159.70397408 -83.19162751 594.33145562
v -227.39362877 -18.26772219 1210.63797608
v -231.63905670 0.22577457 1188.97656063
v 181.05779016 -70.00323109 898.01659886
v -137.32938338 -2.96601492 340.74841444
v -142.88803671 -2.44092300 331.59387176
v -148.14910314 -50.37068686 139.49546230
v -144.13122229 -56.71607531 152.49710370
v -150.08519059 13.76465437 415.13009288
v 135.39620283 18.07226046 348.35338631
v 110.25196752 -5.37387569 333.64229762
v 130.24712671 9.70939094 331.64262844
v -149.36951517 6.08808945 343.47942533
v 56.99116100 156.52493261 1104.15704269
v -65.16346406 -98.89536990 766.77438658
v -83.42896395 -101.23507514 753.61622208
v -68.56284735 -69.04629196 499.02529370
v -75.94866754 -71.61676392 482.19162702
v -73.94464943 -75.64425030 511.87804251
v -136.53020864 -3.50981050 356.63474838
v -105.04879211 52.42640955 543.59410145
v -102.38151946 46.95281029 532.51866160
v 171.41269936 -59.49807849 669.17719231
v 153.79331681 -77.66495788 663.97220898
v 160.54251827 -74.80349947 691.62253150
v -145.03097383 4.31706340 364.61140408
v 87.82096177 121.79322110 824.37031748
v -159.80760682 9.50392444 340.73929504
v 14.85642681 -48.17088198 755.40322168
v 7.44151678 -36.31807566 748.58045893
v 8.12980464 -41.83738908 774.13126007
v -218.88542173 -60.11953912 405.87027927
v -192.99058558 -21.12774786 561.07342896
v -191.33903085 -37.13710621 586.32244503
v -192.57032937 -32.78635558 552.43860119
v -153.28783293 3.00591812 320.70735898
v 209.85601511 -22.58688109 365.75282779
v 215.39250395 -49.19821908 377.57331770
v 212.80134907 -48.44542489 396.41845546
v -48.56217699 -46.95744186 521.73335145
v -62.96532470 -57.75490188 493.60659918
v -54.14604082 -61.71354917 525.85375942
v -172.05398590 11.29386747 334.96328400
v -88.24881333 14.44929815 521.01004240
v -73.37778142 12.69113096 547.47929358
v -180.97618650 -66.76024347 649.14935960
v -186.86723691 -50.40225196 617.73389146
v -266.90732085 17.08943726 1062.51792540
v -163.60119006 5.50124468 304.53491297
v 227.46073669 1.17940124 1203.66261864
v -129.90167365 63.79450213 546.66993466
v -135.16593075 -9.52560056 311.33784985
v -47.44701832 -20.77084360 551.17683107
v -47.80711011 -34.20724746 527.39041930
v -41.44985405 -38.06192127 566.05845241
v 236.45297703 14.90159616 1332.54733837
v 228.81765696 17.05788573 1328.95396909
v 239.96379027 16.26995100 1302.55164209
v -207.88684280 -67.92580622 447.29929634
v -205.84518303 -77.53325746 444.31458428
v -126.43802699 -21.75222002 303.33575810
v -134.76570147 -8.58298644 295.75544647
v 66.31993743 -93.52386135 785.31817340
v 58.23880026 -84.29017874 764.82001915
v 43.84608928 -80.87937387 786.21432402
v -224.66078695 -44.95910416 292.88635843
v -225.45170331 -59.94585882 295.56994481
v -224.96956458 -59.50371910 276.47146176
v -179.58891919 23.06036082 490.60651198
v -185.06670073 8.83862534 1474.94966157
v -215.27710824 13.14488536 1461.25267640
v -175.23677508 24.83802314 1463.13476286
v -145.66815193 -3.77668580 300.36044900
v -37.29345902 -37.19320282 592.86833322
v -219.53380649 -85.01641251 355.65160453
v -223.87177572 -69.54024489 348.71184527
v -196.97708301 -8.86655873 575.94995676
v -198.40169531 -0.98568465 579.98261142
v -118.03333078 2.02504836 1489.64804523
v -135.57559499 -15.22853856 1498.17404692
v -139.48918409 4.38587829 1482.94484891
v 142.39365013 -0.87567204 96.17085007
v 148.78544108 9.76607023 89.12824189
v 149.27525080 -1.20557665 109.32435664
v -103.39550796 -99.31158698 479.27997345
v -223.25888183 -47.03624405 324.23217397
v -224.13379226 -62.77688309 328.79581443
v -172.62785240 11.98013950 356.59519811
v -193.16186519 -64.36676787 969.22572629
v -203.95645388 -40.60273906 961.45927343
v -200.25918352 -47.31140537 987.25799410
v -224.63523985 -59.23371575 249.26566596
v -77.80966935 -104.07298221 720.68766591
v -98.76928116 -108.78896852 706.07862262
v -181.25536686 12.44221102 352.56004210
v -109.98065891 -96.63491119 517.71226708
v -123.16798536 -91.03626617 525.65516296
v -110.69041832 -91.89736971 537.55847433
v -219.15459529 -30.30509124 292.36505365
v -189.45994434 -46.58888793 556.53196238
v 204.38595966 -58.73565355 433.09586561
v 206.80291542 -43.98576579 417.89030295
v -308.82174365 85.80334642 1064.71561732
v -296.19684845 71.89493573 1071.04792601
v -302.71023331 72.43360093 1086.00973263
v 212.24633817 17.70236055 1334.47719693
v -221.95341139 -74.92390736 313.03333554
v 40.87877188 82.43046034 727.41149182
v -104.48343582 -92.73574148 554.40336973
v -132.63474679 -91.14743002 531.11300783
v -128.52105699 -92.67854503 564.95843947
v 20.54951215 39.43105707 1491.24371327
v 36.40770845 28.08174404 1489.12458520
v -227.07170313 -51.46850371 267.80737917
v 49.82465716 102.04176193 771.72726764
v -142.90488863 8.81134212 390.13553424
v -194.53992370 -69.10165821 885.06574905
v -181.53530477 -88.32876367 899.14901225
v -180.89132822 -89.55909384 871.99902916
v -43.25382176 -65.60719809 620.01568942
v -43.00736347 -75.67153436 650.54319167
v -0.15474586 94.83706192 1547.65734927
v -18.41217995 65.39873634 1541.13806347
v 4.26736896 66.98965604 1539.24147817
v -132.70986499 -96.09550719 596.50123987
v -146.93325226 -88.45649091 567.39263831
v -154.65395372 -90.06594722 612.11377894
v -137.03165978 6.98890852 416.95891804
v -107.35012181 -102.80759808 765.22507121
v -98.10940404 -105.23949077 786.00787740
v -40.38036074 41.04228228 1538.08647730
v -48.46181761 35.36771453 1535.37551146
v -21.87517469 45.86303200 1527.20307428
v 207.57354156 -12.63161714 345.73925654
v 199.05934276 3.42263373 359.95050025
v 199.83942288 2.38673333 322.40082135
v 42.74729854 102.18767843 775.67691362
v -50.55609856 115.25093922 789.12932259
v -53.42494992 115.28629866 794.35028434
v -62.11317110 109.83329549 790.74895553
v 19.78492847 160.53580743 1173.82984329
v 31.06223258 157.49892858 1166.87141108
v 43.34202972 158.66806048 1181.23420025
v -35.84741012 124.99096996 783.91048312
v -34.95327982 137.56420450 795.86432368
v -328.49201875 65.87162268 1132.20388791
v -330.96514955 72.47779989 1110.29630824
v -320.80721571 75.45263425 1106.31551176
v -16.61044998 148.56274623 814.16822144
v -25.07750580 143.08102363 797.45925130
v -14.88038498 143.05841052 796.89514518
v -11.38726067 157.04396313 1191.63213661
v 12.43976069 159.72491028 1165.54908511
v -5.90777049 145.43784125 827.91949849
v 16.41027211 136.54626412 821.62785081
v 6.98999923 136.54637683 851.49871385
v -126.32379261 88.53944510 634.78194613
v -115.44661239 92.14247938 651.22290396
v 195.05302753 53.87022159 925.03272463
v 202.52216149 25.40737475 907.17667839
v 199.69699326 34.21916740 945.25844220
v -106.46066330 81.37220885 637.75798690
v -95.42604250 65.53186157 627.13863937
v -99.64929438 77.40654031 652.10994587
v -342.26775273 -3.61624389 1180.95094476
v -329.08953295 -31.66620430 1181.57883382
v -342.21877557 -4.77570498 1154.70702640
v -101.70390864 62.12318801 594.16775311
v -99.61663275 64.75229611 611.33606898
v 199.52689663 -4.94214823 992.87548144
v 200.41328141 8.57660101 971.34207156
v -110.37455681 68.25647011 605.39908032
v -119.30608845 77.48461501 609.71638090
v -111.97740599 65.40951199 585.42044913
v 148.52290139 -7.38382507 44.52788130
v 155.35023697 -26.71623715 29.13420299
v 149.59178828 -8.04444670 22.09328614
v -108.69831163 -18.82105384 412.35378764
v -103.30170144 -33.67837217 379.88801042
v 157.06645817 -2.28959189 156.46512455
v 158.80475809 -3.35933018 145.11946576
v -43.93580628 -123.81631343 1143.69731387
v -48.68824489 -132.68292160 1159.08326808
v 18.95783851 40.62071527 697.65652758
v 11.59898174 16.01827927 695.80791457
v 20.99739632 18.74241037 665.11363314
v -95.24793272 -32.77419438 406.27454623
v -87.42002699 -34.70113973 408.87277130
v -334.13569342 134.14197197 962.99275250
v -333.93552567 134.69478742 947.00043160
v -326.87910483 122.35922691 960.21447231
v -4.34744979 -133.18889356 1214.81726025
v 4.12288089 -130.66953418 1212.43475602
v -396.88970323 159.78091686 881.27054770
v -80.84109085 -46.16987895 426.71613477
v -81.63355440 -70.73884058 386.11160145
v -80.25882796 -61.60958432 424.47638749
v 76.19288454 79.57426866 627.07019616
v 63.62105013 64.20423702 616.01030887
v 79.45546890 71.85864765 596.31967200
v -77.69931781 -47.47674195 448.86904364
v -71.04552570 -36.69581152 468.83998728
v -70.62017296 103.07487741 766.10093929
v -99.27749198 112.65936130 750.04211819
v -79.52577703 103.66532697 732.65887617
v -6.17766530 -113.25645471 1163.96926921
v 5.10510460 -106.91896596 1150.97252578
v -9.11558619 -107.68830217 1146.83730207
v 118.10235001 106.08594670 1153.27680732
v 139.18441363 86.97928224 1147.10493830
v 124.81067386 102.42517053 1167.43791988
v -99.73003684 114.61037121 776.51094445
v -117.96278960 118.44098558 775.13140821
v -330.52939204 -21.83794688 1201.67316541
v -61.64780535 -125.32679312 1140.26314144
v -65.53410690 -128.97871154 1155.39060495
v -393.35716086 125.36266780 917.59361581
v -80.68400105 112.79671875 798.75098010
v -73.13343046 108.69242573 786.28327532
v 114.09340511 129.10780899 1208.67366840
v 101.99763289 139.80681607 1220.45515990
v 90.83600583 142.90560109 1196.90190933
v -59.74259399 126.83116762 819.92553359
v -71.96682609 120.96837158 826.53883627
v -65.74099417 117.06590589 810.18341581
v 104.71561792 57.38871008 508.31850282
v 106.49849710 66.64682007 531.57809742
v 183.38002408 83.62017282 1325.11034384
v 191.39997149 65.75150636 1343.16446255
v 222.28835332 -76.71679686 0.19767575
v 225.02419734 -49.89870288 0.53678127
v -181.29726923 36.82233291 569.73798274
v -181.96124019 32.92911932 555.12627406
v -13.81270267 166.16870147 1030.93743731
v -12.16699852 162.21003612 1051.02401558
v -173.94624807 36.96585112 495.36546167
v -365.59923753 58.69420864 974.56601479
v -351.59990101 51.00421806 966.45906579
v -364.88125493 68.37383842 954.32597357
v -173.09048418 29.20047626 480.03488368
v -164.95488589 31.77868456 471.95374005
v -86.18071897 149.28497285 1035.91236693
v -76.30122070 146.94554821 996.86889621
v -65.95578371 156.91180981 1014.59304818
v -179.80482502 12.95890674 444.40387125
v -169.13126809 20.14333511 447.34141641
v -36.22288464 141.56323265 838.20255555
v -34.62178686 144.16184282 824.46014997
v -20.23352103 147.60744187 825.96867693
v -124.43581999 99.82106881 976.13043452
v -141.54055633 93.90638375 969.36696682
v -104.74249089 111.08840521 953.31640551
v -16.67864142 159.43420640 1212.14086711
v -59.01712558 130.60834373 828.03087974
v -254.49775955 -15.93777618 1079.81723061
v -258.75245307 -23.84987519 1079.22034520
v -244.13627601 -23.51276302 1098.74734506
v -200.53430401 -7.25329082 418.85204606
v -112.15220223 110.27923712 934.33163728
v 263.70283141 -31.34835150 1392.59971366
v 271.11996218 -48.16937171 1394.68044671
v 257.42294151 -34.36336266 1409.46069496
v -133.89685845 -72.43633366 208.31377929
v -195.35699593 -0.67145629 438.41361387
v -76.05198157 123.72642737 848.45103910
v -122.87977259 101.22805826 986.86491621
v -102.50039091 111.42733461 977.22201394
v -157.47670616 -110.48352423 852.75601260
v -140.25221092 -128.70624854 871.14321148
v 149.02815433 14.41638979 300.04567980
v 142.43997903 12.73641017 283.73238416
v 158.96340928 15.45152633 290.30919166
v 40.41840699 -168.97276986 1304.76848183
v 4.32917874 -161.13942402 1331.42418099
v 49.10386710 -171.64259423 1316.14410579
v 5.52450768 149.20891844 1284.94528769
v -4.13902495 149.76239800 1291.62359568
v -2.01736014 -157.66487312 1377.08049424
v -3.68348987 -151.22266630 1439.09824963
v 8.11893236 -156.86302773 1400.44997473
v -94.18760087 114.93233093 833.60943607
v -112.28379157 115.42009686 851.44283076
v -213.38340753 -57.63413629 425.31431723
v -173.18993833 -83.54450956 745.66818031
v -163.93418079 -89.08946095 749.15593983
v -91.23193716 121.45790099 982.23696040
v 265.44822505 131.30427795 8.19691977
v 250.55439324 124.80092303 19.21055445
v 250.13252186 140.90796540 15.56566615
v -77.73120606 54.70738281 631.62566768
v -81.83308285 53.29919731 613.30377858
v -63.28999467 38.27427569 621.46867974
v 197.24603103 5.32398859 1039.79854706
v 194.09673657 -13.88330901 1028.47195606
v 200.86328302 -14.69775943 1055.21818046
v -135.39206875 105.31817072 690.53435176
v -116.58784462 97.79841253 666.79589370
v -340.71751130 26.69529988 1170.69145816
v -340.61130218 16.68515886 1178.01169015
v -350.10649527 23.34940240 1152.54781051
v -78.59755971 98.06734692 714.98796697
v -108.44317245 106.91085630 700.11612304
v -91.25985523 97.07696651 687.12696522
v 179.73148083 46.27524484 1112.79186964
v 195.37379943 22.35855399 1095.11335819
v 175.97648808 41.15149920 1148.18547443
v -56.77474816 84.90442016 721.68440300
v -52.06037274 69.02088420 707.70162968
v -45.95798232 80.74390837 736.70631095
v -188.80863626 67.28453909 665.58313577
v -177.21282060 84.67832934 682.70864656
v -11.84912629 163.74355978 1138.50171138
v -22.07868005 162.42439020 1115.71847146
v -206.93318284 13.81262757 656.38446792
v -201.96052387 42.22657202 664.45790729
v -207.45591568 36.40124537 692.43944117
v -331.34542823 54.15291715 962.02036933
v -327.37394983 25.45945995 994.10031436
v -312.05061984 43.95246035 983.72223677
v -208.15102973 -9.18950464 662.94638554
v -204.99637495 0.89027803 632.59830266
v 6.32903107 162.20709647 1083.42273285
v 2.94233316 163.42089671 1103.48630597
v -10.17838059 166.25536614 1103.04738248
v -189.55637719 42.06154555 598.54887975
v -194.40422984 23.61518547 588.25470059
v -182.95024264 -120.27182452 333.02156298
v 264.73569369 130.48205524 5.27694564
v 266.06553526 59.41161733 3.46466058
v 269.07542868 93.93248555 7.42069380
v -182.72534558 -98.39047000 110.84439101
v -212.25963259 -31.44687396 738.17582721
v -199.80260392 -53.60258659 724.76848465
v -207.42517116 -39.48016592 719.01142784
v -163.35234102 -91.99508581 129.41225990
v -165.38900453 -89.63541566 109.18297523
v -173.97564513 -96.65048871 104.23642559
v -294.10950015 43.46700092 1188.98280423
v -300.39125762 46.10353319 1161.58466158
v -281.65092964 43.53627205 1182.10463423
v -150.06721807 -78.52837807 140.71417526
v -153.61763419 -86.23032571 157.62613989
v -216.76514404 -4.49744869 881.12294626
v -215.47561654 -3.34167061 897.15420621
v -139.51546938 -67.48926534 177.17509392
v -143.64392038 -84.43316899 188.22769640
v 158.31864551 16.64119672 85.06122221
v 158.73622624 27.48746024 65.95640099
v -63.37626909 -29.47899299 487.70370996
v -61.04061467 -37.89072124 484.95097564
v -61.91866721 -26.32974809 500.48876582
v 120.81673126 105.13970386 673.63349531
v 120.77494391 100.04893848 644.87828080
v 137.97817386 101.43276305 663.31828917
v -56.15288958 -25.13609279 512.59169915
v -343.36462597 59.62972694 1130.41942942
v -328.46817587 44.17643359 1163.60529236
v -62.70700750 -5.84363176 540.08759859
v -70.83026803 -13.20625970 512.11878832
v -64.12848940 -15.28179603 526.82485211
v 189.50687646 76.33180240 691.70304886
v 170.43076760 97.95113048 701.43478683
v 179.44150576 83.05130545 671.24634846
v -61.93618360 1.71331993 559.60395869
v -51.51824882 -2.94100783 574.31429071
v -113.30519109 -84.75787779 277.06741763
v -123.21380929 -83.44829596 260.45885717
v -195.37411570 -97.92659560 169.66040443
v -105.72597643 116.07587113 811.90417853
v -131.92539240 117.17903507 813.29832063
v -141.99078222 116.80170894 785.53853762
v -165.04757744 74.60926978 981.67393033
v -164.72627323 81.93815603 959.56931113
v 119.99968039 -28.70967086 1495.20795774
v 141.21701221 -58.44465470 1500.54045874
v 120.61068725 -53.09593629 1505.12091538
v -97.84170756 -118.02525213 817.25883971
v -60.64915483 -133.55170819 832.99711099
v -106.28734050 -63.53698790 285.22545697
v -100.85008887 -85.87480305 301.56890548
v -117.94430157 -122.57577975 828.86006433
v -114.37454116 -114.28123544 815.76627399
v -140.89900735 -107.52458726 818.82248059
v -153.27226831 112.89324401 751.48414035
v -196.56166124 -91.83036380 144.82926081
v -288.70351638 -68.88955259 1190.48287828
v -307.64185025 -55.57229714 1164.76498144
v -172.98173187 -94.08897038 835.70717740
v -322.50961256 -33.21436109 1110.26468475
v -310.59617547 -38.84231463 1106.63065726
v -176.67758645 64.30432208 982.75603174
v 159.31560425 -75.99183611 1498.73286630
v 130.54295134 -71.52615571 1508.04104244
v -94.04767627 -43.29419760 329.13843979
v -92.66981400 -52.32362152 316.16997807
v -85.70971862 -57.96844378 336.87633106
v -43.96847510 -91.06450786 773.86663888
v -101.55314471 -37.70686501 317.43759974
v -100.62572452 -39.93393585 336.27692157
v -161.61109842 -99.71981136 824.97347697
v -149.40009395 -98.88316304 794.40860515
v -161.04299811 -94.86938190 791.49272734
v -123.37304600 -108.24851252 805.68792270
v 141.05970130 96.44018425 8.18554053
v 141.59740169 122.75048148 8.32387998
v 147.73890446 110.08843102 18.73322298
v -229.66556575 -82.53793503 21.24498886
v -221.61019466 -0.16336405 762.02554412
v -215.46846736 22.07924597 758.61299592
v -216.31409257 13.98293310 775.89722677
v -230.78014585 -81.43983349 3.37540901
v -296.31963508 0.32176988 1292.22336962
v -283.57689272 6.55418796 1322.23252625
v -299.38640081 -11.96931036 1301.69988239
v -217.55909821 -99.41029357 4.88751470
v -211.62584036 -48.97235751 792.10036461
v -212.85497135 -102.67518245 18.77209936
v -220.68384035 -95.68852105 21.21860149
v -181.62953989 -50.23280210 1154.92997095
v -82.78187462 -42.52704262 407.12268939
v -330.32075132 125.18384868 972.82068432
v -7.29020710 112.92305516 1394.54761071
v -184.11950190 -50.15212710 1023.99314045
v -82.77196844 138.54085907 1374.62948259
v 84.96274009 86.47240842 629.11110321
v -330.90720435 135.82145273 886.48820229
v -343.53292235 121.50502993 884.16198577
v -329.08382191 114.98323847 902.09602415
v -70.39201969 -56.34807405 474.08417523
v 22.61323333 -113.26676020 1145.68282478
v 219.93078411 24.08979976 61.17916430
v 226.91490423 33.60341211 51.70006908
v 217.98051141 3.56407014 64.91424930
v -116.34262000 112.23862722 722.32453554
v 105.28572900 125.04181472 1170.09760675
v -52.38375475 -123.48552528 1119.54896515
v -40.02390484 -119.72838771 1116.67702723
v -56.23482422 -125.31788562 1109.21689278
v -112.75072254 118.05956089 793.29590303
v -345.52750345 4.77143173 1163.10014862
v -343.40927457 3.46833971 1181.35788828
v -127.75035548 150.46044167 1307.81654784
v -188.81797192 11.61671068 1021.46231863
v -141.90792022 120.30503853 1267.33747890
v 74.37609145 151.43978213 1195.84409433
v -320.97566379 127.73056963 916.51106213
v -324.32847522 123.18703816 903.09819602
v -53.36492958 13.81832512 600.40901296
v -61.70544033 25.03526389 605.27893748
v 198.19885640 73.23906131 753.48771069
v 191.24682794 77.12381855 798.65913929
v 185.60262171 88.21474824 769.59465555
v -69.66594667 49.98696563 637.54506399
v -48.26903058 34.63703809 654.28667999
v -344.11516942 64.49077966 1110.45278597
v -340.47124592 80.64987475 1084.57489062
v -75.12458546 65.02901733 659.91222615
v 177.42387332 82.90732071 867.23644623
v 188.73055782 67.51835791 869.03330721
v 187.36881299 66.39478141 890.81915644
v -107.47624941 91.67585393 662.36496726
v 163.16855919 -73.87669433 49.96507230
v 158.57873029 -63.90186824 28.76586677
v 157.40434158 -49.24838147 48.09424324
v -118.61067593 -15.44845680 347.48329648
v -113.95192274 -26.09010565 346.25393548
v -113.47497461 -26.04858924 359.05748174
v -23.42060771 -76.12059308 780.46319531
v -13.45458579 -66.08681325 785.08614561
v -18.93848863 -61.81393420 742.42282044
v -124.34212483 -11.61466159 362.83329673
v -122.46874094 -14.30154155 355.64294842
v -378.49674210 70.81919049 1020.70698564
v -378.60588761 61.23557348 1009.33278798
v -381.27117550 70.46071771 1008.00879614
v -134.20595581 4.68828865 385.66351031
v -122.36668089 -5.30437088 398.41373873
v 19.88129130 -47.73231273 726.77249704
v 7.45928957 -17.92302780 720.68723576
v -117.99680338 -5.79050169 409.47754672
v -321.99830492 199.22964969 853.60656503
v -341.63299926 186.14030016 884.27214357
v -350.38134680 198.13725641 872.05946753
v 17.57801519 164.38522024 1093.71866083
v 144.04737706 30.26473288 435.67979011
v 145.20543964 39.43759215 454.73910657
v 135.46818157 37.21521421 446.33334416
v -237.89890573 -59.74869738 6.03207461
v 104.42834090 44.65978812 480.75000598
v -223.15828540 -65.58913407 1200.97382357
v -239.60728478 -68.54535819 1206.49479798
v -228.07908521 -64.52102424 1215.24038835
v -323.37840163 205.29081650 829.97612724
v -329.43656053 202.37266925 850.54000643
v 149.30728211 62.49020896 528.49418603
v 144.54915286 -19.87837423 85.81753575
v 148.06289765 -39.13797554 84.85246840
v 149.08996925 -20.58472826 58.65815338
v -313.71030131 73.60928288 971.16324259
v -177.25028953 -97.43523521 124.24294645
v 158.60571793 83.61445123 948.00671920
v 81.80384036 -93.87423603 765.60406709
v 104.98847849 -101.08840162 788.66655545
v -268.02019490 18.15333174 1343.47185337
v -250.08743618 37.88298911 1335.91362705
v -251.51836136 35.54932026 1361.56740733
v -326.22511203 119.42625268 982.73712658
v -144.51216278 -71.35689075 157.18873536
v 157.18981936 -72.10491263 138.28888257
v 167.91938519 -84.58774239 146.87406622
v 167.23762530 -80.75080842 120.67553303
v 33.08141306 -65.15250040 708.79212309
v 34.54431629 -66.66288176 734.25108345
v 83.54770948 -95.90612432 721.01740596
v 151.31265912 -88.96574001 489.69645432
v 163.48288677 -93.64866768 463.27798073
v 148.38990955 -99.31308750 458.71000673
v -262.56723990 -14.01749538 1070.31744069
v -272.19651383 -23.24432380 1072.61803214
v 265.77498551 -64.07321489 1404.06921640
v -94.54260064 138.00030802 1146.79232578
v -77.33815579 152.34395323 1145.58944620
v -91.33343765 141.80039679 1168.78870272
v -108.66199868 132.29410698 1204.14293056
v -94.10674155 145.61275639 1210.33066584
v -89.00367824 150.42421074 1232.34381309
v -90.01761897 -148.88370026 905.57729653
v -121.73640951 -139.68748035 895.52901977
v -147.06635900 -125.54103668 888.68199193
v -51.48070685 103.51903895 1618.95004878
v -39.81841565 109.95202623 1602.65226860
v -71.80210068 156.48201164 1255.31746708
v -75.84510663 155.45140940 1280.32390549
v -82.78495354 151.06142541 1186.30403224
v -133.37252939 -84.73150475 232.87419148
v 267.74723400 10.34389924 1061.31181917
v 270.08259150 -2.79922630 1070.23058345
v 283.34738310 -9.46145229 1057.45521463
v -35.91803878 -131.21094465 840.41281900
v -36.42076755 -142.31975703 861.71168167
v 302.90539803 55.86434361 1001.45196078
v 294.24116693 42.65300558 1010.43703990
v 305.85358662 44.77437317 998.01965255
v -118.11247826 -71.78836038 256.05405026
v 289.24616671 25.16275105 1026.48169538
v 299.01705690 4.02808150 1033.02810262
v 312.69297834 -2.77954079 1021.94679170
v 176.00754604 -100.15040405 278.13992323
v 171.79375733 -107.50603703 318.07535422
v 187.41081403 -102.43414516 326.02478520
v -352.09621695 179.56407941 817.32377245
v -341.09123990 168.03885323 806.22604107
v -345.86537236 175.93048271 802.07636116
v -162.82363418 68.79114200 1195.28512729
v -181.52843077 32.04455709 1206.57003236
v -132.73035971 106.46753634 1199.56229232
v -150.50505211 88.29074741 1201.76107699
v -140.10495166 93.73535134 1174.13854636
v 50.86693724 -13.04287539 511.06829522
v 56.61988216 -21.64084628 494.38331631
v -93.37012300 -71.25301798 313.23953150
v 52.93211305 -42.69132357 541.13230309
v -241.10786000 8.71442371 1169.76654762
v -234.50954329 -5.88710531 1171.01457282
v -116.92727440 112.41723082 1172.92090290
v -125.48050968 103.92460648 1138.82035308
v -339.15829588 188.83778651 799.89768410
v -349.48917876 184.37773324 806.83892201
v -164.25056079 74.99448415 1230.38345241
v -174.77298262 55.23153432 1222.98855869
v -86.93898878 -48.31526661 341.95816788
v 182.35048057 -85.90166399 100.82835962
v 184.41448270 -81.09424983 132.96445559
v 83.49989717 24.11467934 488.20378006
v 90.89173323 21.24894166 467.26844373
v -104.07259069 -38.54385844 346.54175466
v 64.20711211 -22.44286203 474.80550457
v 255.26156605 -40.97748212 1143.67694475
v 268.47174857 -54.16580778 1131.71830168
v 263.75104037 -36.37099845 1113.44154936
v 116.01177327 -59.20941599 271.56324127
v 127.61654270 -65.21958856 249.51268227
v 121.61980606 -48.58004445 250.61935364
v -310.37067755 192.62948605 834.74056064
v -316.43346958 191.57954128 856.45760852
v 41.27840310 5.31412440 581.67460210
v -126.96435252 -4.10979979 383.46969592
v 45.79284694 2.88050437 548.36413392
v -229.11336496 -104.02729942 1434.32449204
v -242.92748452 -92.60555755 1427.22914755
v -229.12178403 -88.53136387 1448.86739101
v -317.44132667 182.50166631 862.41045743
v -329.08320034 185.76395556 875.48004986
v -126.70996430 -1.40833821 411.85609041
v -219.17146355 -30.98837479 819.66555890
v 82.93267245 62.19970225 549.40630686
v 96.26215115 66.39257755 541.93872397
v 94.06891582 72.99032261 566.44850730
v -114.21000341 -20.32122332 375.73042426
v -388.94945099 123.86495266 900.71703609
v -87.32164871 -40.75161934 385.79199969
v -46.85976748 159.15297289 999.53152927
v -45.96196185 50.39477830 1467.85545462
v -295.65557492 -81.34169616 1268.60754149
v -289.43932888 -85.49665198 1300.16502281
v -282.64203102 -92.24861969 1292.72945465
v 105.23524456 118.62504539 823.37261123
v 111.99443782 -86.05760842 307.44632334
v 125.67401093 -93.27070154 296.55363922
v 116.35982658 -81.23821688 290.04785081
v -66.45776345 145.22069326 985.65456498
v 210.18425672 -19.42133281 158.05349808
v 206.23456567 -12.64350243 189.98234015
v 205.12107690 -9.76509189 140.94995396
v -363.62413999 124.22948827 871.95828548
v -378.12809646 123.70486731 887.43988809
v -372.42694959 120.91470883 884.72475642
v -55.81364857 -41.74250061 502.01710060
v 185.83651212 25.26354299 1025.62543701
v 23.47907426 3.48032265 646.36023470
v 26.45344282 -17.45045189 637.14797066
v -54.98008416 -23.80768950 526.02746754
v -252.86784281 42.77932218 1211.51706254
v -247.77244438 28.02292057 1178.95595804
v -372.59873388 105.45573577 890.09231100
v -371.66253946 106.33510375 880.40725798
v -46.42600449 -14.05506893 561.56412626
v 179.02042128 52.87024739 1084.57041795
v 40.83878229 -27.85838403 590.74606383
v 45.77072502 -36.07406018 570.97566661
v 158.87709995 -110.62791678 411.70645924
v 171.04429698 -111.40834756 388.79946808
v 153.15697192 -113.80993357 388.54258857
v -334.34152905 175.07396275 888.01655786
v -52.09517484 22.45255058 620.85303100
v 58.46721731 46.53005834 588.93280132
v 70.17317700 50.30316303 560.55474310
v 66.72370876 58.44404855 593.91950223
v -60.24489118 45.21520347 652.65843553
v -247.95382729 -113.15713057 1385.16349975
v -83.07792842 70.47361566 656.71368198
v 212.18752852 -23.28633593 220.95833616
v 215.07707503 -38.71434099 236.51202321
v 218.35977548 -37.12659616 251.84280740
v -95.70477481 77.32491581 659.38621572
v 42.48068706 7.51605821 567.72340141
v 200.86674057 -91.26837817 379.87851012
v 209.32835891 -74.90445665 390.29163106
v 209.35843845 -81.13057405 355.70153772
v -147.99627614 83.21941391 1098.45953964
v -165.82619952 62.43900973 1121.99416592
v -109.62533338 76.49491502 622.03358331
v 204.86720832 -87.29145259 2.50859834
v 202.10343030 -93.17791424 19.06671116
v 214.82771363 -83.42361440 16.46166831
v 115.53642205 7.72084875 1472.45303376
v -135.23228464 95.97047854 1088.93583911
v -185.29338996 10.99582950 1157.57966443
v -188.66662809 -16.40271582 1167.03222910
v -188.00553514 4.49020706 1132.30257708
v 150.13856156 111.65569528 799.88792938
v -340.24843302 156.75742655 901.24240328
v -358.37516728 156.92887464 930.27173519
v -371.25133746 161.63900105 905.97422605
v -365.18232517 169.75758770 892.55984419
v 95.92377324 -71.58601258 443.41053427
v 103.22277286 -86.12014238 428.24927853
v -2.08096463 -108.19681313 836.85021279
v 9.45973791 -114.14555045 837.41120220
v 9.46930850 -96.07115510 824.41519739
v -119.49860671 103.40220548 687.38047454
v 232.43931532 -57.08598906 12.19306467
v 222.38681430 -74.44224701 18.86895660
v 218.16562603 -75.40972825 30.97290428
v -66.48266748 86.69812155 705.68849921
v -0.26673253 -44.69217730 788.40880705
v 0.12408610 -43.45047809 804.74819027
v 7.32891480 -46.15110764 802.72654653
v -9.97108216 37.49342537 756.17214607
v -275.00582017 40.82124436 1070.64046445
v -298.34214309 12.52444210 1019.06608113
v -296.24333396 -3.33936326 1035.71284297
v -55.36169273 92.75911697 748.50821728
v -389.38560887 103.63763772 940.26606258
v -137.33167769 97.19236089 1023.95623037
v 153.49667837 -50.43903119 78.79770431
v 163.32903517 -68.80399357 65.21341498
v 154.64872047 -41.52605122 46.82847555
v -131.80248340 24.65224725 1468.36236210
v -271.36189420 -98.99706843 1332.18572098
v -289.22173250 -76.79487113 1328.62080714
v -90.56943897 116.20160397 821.31765628
v -189.46039227 12.86649489 1115.24059616
v -46.96925090 132.83168056 805.00924884
v 130.04930834 -29.14918964 209.09748744
v 132.53431919 -56.22515376 211.92005511
v 139.77129666 -56.99499196 184.04186460
v -49.82998021 101.72035190 779.53943423
v -65.12245003 159.12046800 1138.50175403
v -73.10057943 157.35544465 1107.18843188
v -58.28800247 164.55073447 1099.99639684
v -38.13734348 97.74122875 774.15252182
v 172.39438871 -86.32065095 74.56734889
v 174.43079982 -87.47721232 62.81722567
v 136.93866176 50.75263901 1434.01725403
v 131.82187599 36.37456663 1449.65021722
v -32.57744026 163.19945360 1100.19895758
v -1.55919840 143.36491138 817.22964899
v -103.01517571 138.57559967 1085.63560488
v -114.62714789 124.56066195 1069.30576646
v 61.00777733 73.64369132 656.70954115
v -374.25209463 97.73887827 989.42642653
v -381.39550321 79.35566408 979.94860242
v -379.25927566 71.06827895 994.00761303
v 190.17575732 61.57218157 654.76748076
v -107.15293054 -144.80944804 920.60465712
v -37.27986047 141.59081297 812.19905499
v 150.64607973 -104.99038201 1092.50000982
v 114.71000388 -123.70877827 1067.48481257
v 121.78041964 -117.08415556 1085.93538423
v 132.07511591 107.46497370 5.55091666
v 145.42784533 65.66084437 4.38928523
v 147.56077661 92.91733667 651.61396356
v 132.64163003 89.77259031 628.70829536
v 165.77123885 85.88263101 646.00041020
v -68.89550625 125.26246405 859.35449967
v 190.35328765 49.97842389 622.52615222
v 73.10996233 -174.05322167 1314.52661786
v -263.20245303 3.80169223 1066.22194840
v -254.97696105 -4.20566835 1078.75045422
v 389.35783421 158.90205694 800.43647404
v 377.24357101 149.78635540 805.35669888
v 392.89954139 149.88674508 798.05940393
v 218.88846624 -46.26433487 263.78693639
v -69.41942254 -135.78150907 835.68976625
v 207.42479563 41.31565507 791.24639419
v 199.28521355 64.35924182 791.84665533
v 206.36193837 56.27967304 746.45612180
v 404.74660925 166.30196655 839.26580497
v 397.09814145 161.25760349 842.67246632
v 392.02290252 165.91332168 818.42506981
v -137.67657149 116.50673889 754.39049469
v 404.01166100 140.59660654 807.03237019
v 394.40099601 141.36492968 806.11324129
v 173.41472195 82.57552436 52.61260260
v 173.64417466 57.13082046 64.49891384
v 165.15329424 87.86062661 47.91084695
v 210.09612854 39.49135723 718.24799751
v -159.33754999 99.57861656 693.82242815
v 358.90019431 100.31407901 863.50018003
v 354.95192304 80.57587029 884.97724385
v 363.52863188 93.69895115 861.38413439
v 153.63130085 -114.18498638 1213.27263795
v -372.03942911 167.80640918 864.53569340
v -371.78972680 157.66545435 862.34738725
v -357.45536003 158.14785693 851.86772996
v 203.19501941 58.83651685 704.83049058
v -165.19660800 90.77080786 675.00265277
v 90.46461565 11.74520747 452.99726274
v -193.14804738 68.95789202 693.96903722
v 26.46957725 -62.03193793 759.84235049
v 146.89312669 -19.45014129 110.12519716
v 147.93409565 -36.22368128 116.24849202
v 148.11324948 -31.68662579 100.86886162
v -211.26892784 4.67811493 674.26132430
v 26.14441163 -69.70120779 797.54389644
v 16.24291075 -56.27172422 794.58260424
v -196.16883133 41.26526105 628.88007460
v 63.87228745 -102.88445481 800.97602446
v 83.79489956 -107.53368409 799.82095125
v 110.95258518 111.34671297 901.66461525
v -285.01774324 26.55942431 1020.87981850
v -292.78309458 40.87571722 1008.22623893
v -300.23403494 28.94131935 1004.13434021
v -192.15408301 12.48115558 568.51868737
v 197.93107062 -64.29596317 451.48682438
v 200.57720578 -76.96483402 429.50415666
v 190.55550996 -71.12879031 465.14565223
v 42.21698288 -83.93397888 794.84191932
v -172.79963171 45.89467646 562.03780488
v -178.40144338 -87.88508484 954.96533658
v -198.85295853 -51.70166014 934.00333990
v 65.31471397 97.03229451 715.06640482
v 177.26532350 41.14358007 68.12733302
v -12.39511204 57.96877069 1536.28930029
v -187.91924192 -70.91460375 986.11568622
v -168.24518030 -105.67196909 896.17650202
v -161.25317495 -111.16577550 872.56845355
v -287.10621192 50.40556965 1097.09667786
v -299.91565026 79.67365371 1042.77847148
v -311.63442974 93.26803928 1037.13197802
v -299.23630999 78.37979555 1021.42889472
v -191.94036643 -3.70936239 454.61354503
v -181.68715449 -85.89301408 926.22989232
v -269.89308846 31.48772804 1129.47018014
v -286.57592502 40.64192238 1141.83681631
v -277.07956794 39.22657017 1123.13024045
v -196.09180719 -40.90267916 474.19906844
v 7.60373482 158.07885567 1141.32258396
v 28.88950544 159.01880635 1123.20953723
v 33.01227633 159.26261930 1143.79942104
v 29.12269720 158.99288501 1195.03728221
v -307.81507444 53.23314197 1148.42618057
v -286.51077860 40.54023498 1152.53800389
v 19.89647719 160.05969853 1208.43014498
v 156.45684176 -38.21135241 18.39885246
v -326.62639814 -4.13435295 1220.35576160
v -325.97871281 -18.12151192 1230.46169489
v -330.85059894 -8.52170817 1211.85474744
v 200.79444795 20.56056572 947.36751626
v 199.82197184 11.51630237 959.22355231
v 198.27092827 42.66342511 883.27948730
v 232.54199252 5.50667345 1221.56053904
v -323.66037355 -40.16227604 1210.81786584
v 153.58616339 44.14945445 41.64786747
v 150.01377832 55.15135544 40.97985589
v 155.68104143 57.69870775 54.72224015
v -198.62444244 -22.53658639 620.39336516
v 196.79145866 -5.44693853 1003.08246757
v 190.43609081 -37.70849017 1010.51560857
v -171.36972382 -116.94487044 416.07812781
v -142.47469787 -117.72014137 414.27634246
v 178.35545163 -54.46730234 697.98794520
v 168.16174810 -72.77255714 713.44161970
v 186.78352290 -51.40232558 722.33221624
v -334.53328273 95.19722761 1056.03623056
v -324.61628981 95.17969441 1058.77538079
v -119.84954738 -118.40962211 401.01108026
v 64.07947376 -59.72465695 547.98590820
v 79.55443174 -68.07253227 535.14929442
v 69.44301559 -58.09903404 526.98972357
v 115.94147876 -85.94736480 580.73880167
v 93.86945050 -83.06588521 605.06702898
v 43.51400358 49.43071028 649.53253414
v 43.28303802 42.76499620 637.54108257
v -124.55581501 -101.43166898 450.63950107
v 18.04168257 -4.68115892 664.97165565
v 204.45480164 -42.03967768 1241.30273248
v 106.67007664 -95.99222093 658.14540325
v 106.73626358 -91.10517339 640.97559296
v 86.36318935 -90.25026500 663.03521621
v -333.33633444 124.58699868 986.22814600
v -344.32727154 108.14242316 1020.64711225
v 74.45372091 -68.81593131 567.47343566
v 86.24233994 -74.42889539 559.73889653
v -117.42385545 -93.79202308 496.92989925
v -139.73514238 -135.63898450 1463.99155618
v -157.16358333 -128.32329555 1466.90705633
v 105.74513566 96.69133403 636.57338126
v -221.94622994 -134.19744875 1381.20750544
v -223.72814473 -123.17671946 1412.14208650
v -187.90486495 -88.29791406 1484.83336218
v -156.70038638 -94.32111742 1495.77463903
v -175.71604494 -113.22483052 1473.85058008
v 151.47025418 34.48730158 29.08340448
v 148.71308112 3.32506596 37.32555636
v -359.43589548 46.24666073 1104.93123931
v -362.57164814 36.89404776 1105.98749967
v -368.30286734 41.15101613 1088.63580387
v 76.49634173 -14.89580694 447.53066644
v 84.46747719 -35.90988423 421.07788672
v 84.24685674 -16.21025469 421.33464109
v 58.85516173 -28.69042134 492.97015788
v 71.20315214 -45.84753416 483.20590612
v 73.68476941 -40.91893252 468.62336651
v 133.68603225 109.74964520 1204.00457251
v 100.11853354 133.90261630 1184.68548824
v -91.49840798 -89.46948640 455.67378637
v 204.05806744 15.13820260 1317.24851978
v 58.37251718 -42.02932328 515.30646799
v -364.99362651 27.93819914 1093.14472753
v -357.60057282 36.72868148 1134.16374967
v 76.55464039 -39.14272052 448.84739848
v 71.61674263 -22.95903383 459.23852213
v 236.06781436 -5.46941941 20.22884297
v 235.06455215 -30.60915523 10.42235798
v 230.93567820 -29.40230139 23.48742222
v 58.29009644 156.91766679 1203.90160909
v 57.30371005 156.04107424 1188.67667469
v -109.69565365 -97.56805992 497.67585009
v -148.68062732 -160.85540638 1380.80159064
v -136.08609219 -164.86866716 1359.10132744
v 83.31143379 -52.94005428 460.62149394
v 87.55083863 -60.35425417 476.09266347
v 89.47903946 -62.76886959 445.09973405
v -387.11255684 96.54452222 961.66094391
v -30.21920453 -29.48569429 629.65704392
v -50.60943423 166.54614363 1048.68365054
v -61.94477483 164.72520861 1057.60633226
v -54.31337609 164.08035904 1028.92888603
v -101.03561904 -92.70280589 529.17240711
v -0.72331608 152.48658387 1064.78470628
v 2.39205356 152.33819953 1067.16219530
v 62.35922170 46.38241283 1466.57010710
v 44.01202743 32.64625963 1477.90141585
v 32.25247113 40.72106921 1476.40132061
v -376.09208690 91.01173594 926.12184546
v -18.62023730 6.52428691 699.62928995
v -49.14930379 166.89550857 1075.59565462
v -64.12178557 164.83281479 1078.13141558
v -294.18864203 -41.79140622 1104.74499948
v -99.09407993 118.00345207 918.66185919
v -170.98248935 -79.11519016 635.33337937
v 49.61746821 -170.95900351 1352.27524081
v -135.64589017 -99.52860153 752.88782376
v 234.98731556 172.26471319 7.23997733
v 205.36956875 191.28787509 7.45994415
v -98.05451539 -104.11470898 646.98132651
v 118.92481205 -0.01006880 301.42628695
v 112.64690775 -6.69304546 281.66861147
v 129.11590696 0.54708060 283.87148222
v -325.86616317 32.48145722 1185.06844818
v -312.93560451 36.11463939 1193.79430860
v -124.40955895 -99.12688037 609.96993306
v 198.67407806 1.05109676 1106.39699356
v 200.68870811 12.66723019 1070.99718128
v -77.80220251 -93.46599510 600.13638317
v 227.33380694 15.94137601 1297.31852070
v 223.19503198 9.45113774 1267.64888388
v -315.54313951 8.84147042 1230.85716083
v -314.95696684 24.59538914 1211.58955988
v -76.15846119 -82.69606217 552.10975869
v -192.91785622 -28.32547450 532.55821475
v 159.09749330 67.52996072 1145.73265913
v 146.48521011 82.12785125 1125.61396373
v -57.83722544 -68.35582425 537.09410362
v 221.33908389 157.20056947 17.00406184
v 248.15978920 160.34812824 6.92226436
v -327.83997326 94.37096674 937.92223096
v -335.92066741 96.05056583 926.31484845
v -332.78768780 73.62107957 941.86967357
v -92.07222450 -84.57212984 498.23311712
v -3.13007017 164.16456465 1125.45407499
v -47.35433562 -47.53821921 539.01669073
v 61.11842772 1.18190428 1529.42990712
v 53.96979335 12.34578829 1532.89035803
v 49.04571052 18.51950379 1518.68899734
v -322.15367206 68.70042583 958.97215515
v 241.39974962 14.31614317 29.25724147
v 228.27885324 -0.48036563 43.82760199
v -41.14304955 -48.17078040 573.37465621
v -74.12616040 -103.51614446 652.15196942
v -18.88170239 162.26740049 1065.27320718
v -33.38021740 -24.68874549 607.90279653
v 174.45633792 11.73707747 467.68230696
v 185.26023655 -2.40933975 453.71074104
v 180.61661567 -3.53798355 478.51805747
v -222.27892136 -10.75182174 839.26340639
v -220.37513458 -2.56032458 864.89317366
v -78.06301339 126.25242523 932.16958595
v 174.66194241 -85.06336843 136.81465759
v -4.66612024 -158.45762277 1301.84323208
v -35.41368829 20.98030832 665.92686498
v -26.47246930 -17.13468859 650.09046345
v -213.95994621 28.00197854 882.22207974
v -218.38202416 11.06264195 861.16325493
v -216.83263358 26.53463126 852.08597914
v -19.53350579 -8.97571374 681.49049394
v -269.92210028 36.73681185 1163.23238204
v -289.52417274 33.47729125 1242.59512066
v -281.82944789 43.01320314 1218.30607799
v -36.90088021 40.35664821 687.99144548
v 145.04684290 -116.75566173 1047.38430590
v -213.68933987 10.63374302 909.24209393
v 165.00301448 93.83340266 676.04179935
v -41.92160072 66.31160988 727.87079265
v -212.16322025 39.66735245 827.31688120
v 140.75439671 -8.64783712 98.26281043
v 145.21523392 -4.97376971 78.93065690
v 200.13122354 51.91427381 687.14700376
v -14.77888678 58.46810967 759.89473032
v -212.63456738 39.27778617 798.49681753
v -339.74789423 37.11361145 1159.77456177
v -309.09170379 70.98065965 1104.21593477
v -299.51222523 59.72198434 1122.34673234
v -313.84922219 68.45631360 1125.28305834
v -8.20416395 94.92048260 759.98148960
v 190.34381362 70.88801925 675.63772094
v -340.58640970 3.10286649 1035.46930798
v -152.99514314 78.91533229 994.72600499
v 209.99572971 10.64078034 74.76734191
v 193.29452412 37.80193365 69.43428624
v 143.08380110 -147.61237672 1254.01278798
v 202.50482854 -71.82452534 1484.37652880
v 221.46001900 -78.89482197 1469.55351763
v 200.58082947 -84.62595798 1483.82739323
v -182.23568502 67.51806070 959.87155175
v -129.06100885 -101.98308788 780.98951116
v -1.80597378 -113.99832264 1042.37059346
v 27.11288970 -123.82600586 1035.21126543
v -13.70556510 -121.26608495 1035.03647064
v 36.64790283 133.96496491 874.85176646
v 148.11876406 64.90531805 35.26416396
v 149.73258203 86.27546968 26.35281103
v 156.44309400 84.45188997 42.76663405
v 84.23465349 -128.26024707 1183.19370225
v -187.97923950 -63.19592561 702.11531930
v -35.42593796 139.82760321 885.66846401
v -311.18392673 -21.99889909 1275.27932729
v -292.78015248 -29.52784222 1350.98451937
v -292.81863861 -36.12722886 1354.40016203
v -295.60090463 -28.60637453 1331.92004312
v -197.63378544 -60.09375342 746.08094531
v -156.93949012 -150.29243557 1299.01647687
v -164.51537455 -139.32968921 1281.16502968
v -184.73191962 -141.64767222 1309.33679320
v 112.75618765 102.74625360 976.34211599
v 91.34522162 -71.06165979 430.94851520
v 100.69689603 -86.46834194 390.43937634
v 158.86244676 109.20433911 38.24745338
v 172.31615884 117.07916769 38.58613632
v 81.22927827 118.68862796 971.88513440
v -203.55521643 -117.02365530 1297.74277372
v -199.77245582 -132.02651486 1312.60261649
v -189.31879768 -122.48148285 1281.49388146
v 92.52097725 87.09695039 622.77919999
v -153.34674659 -158.05052663 1322.98550308
v -52.33027635 65.80238219 1455.82423220
v -357.25467218 137.58876988 963.53349760
v -349.28009358 152.56505763 941.49700737
v -345.65489900 138.82637840 964.69693534
v -198.40494181 -103.21761524 1270.48863772
v 123.09373295 114.14037573 1010.81354094
v 241.60101803 -100.94453367 1237.91060198
v 259.50690110 -96.25872543 1210.42019361
v 247.41074748 -94.69647940 1212.74020545
v -3.24237395 -137.98231669 995.08375825
v 6.13732642 -141.91650912 987.61158647
v -53.76203396 -137.32256197 992.81468896
v 91.77707785 73.45637703 584.88353570
v -31.51487760 -140.88956769 1212.46768918
v -45.95696797 -136.83009129 1193.16363061
v -50.07401260 -141.96524314 1218.25486730
v -187.40661561 -17.12797905 512.73140657
v 183.85542360 -104.16532087 1243.98043349
v 196.23251348 -67.10541860 1245.04874500
v 181.88139896 -85.01093941 1234.82877257
v 108.42933789 130.15622286 1049.87219117
v 222.99834447 -85.52061192 1236.86028081
v 229.47518615 -95.26144577 1239.54666834
v 236.46886947 -84.75284108 1216.08973714
v 221.93749199 84.58073915 41.56362518
v 244.09470007 82.57590855 32.26584135
v -74.06907479 -149.94522267 1244.18953363
v -52.13016936 -150.21535819 1233.64147905
v -63.58749888 -147.00976255 1227.50032633
v 239.33784031 -133.05304853 1293.94292569
v 239.08361017 -124.38071923 1277.28201120
v 222.65521254 -126.65284453 1286.92385741
v -75.16969362 -137.50072761 1207.13169801
v -68.49053916 25.69118809 1487.60705797
v -91.34605193 -149.86255774 1248.20067155
v -93.14690700 -141.95952155 1223.02411618
v 175.25689070 94.93597897 802.16183086
v 179.50635171 85.17377243 833.47335277
v 167.68367275 92.07282730 870.05637211
v -167.71383305 106.80431108 755.00352997
v 221.80849747 -32.41808373 82.28350737
v 207.46227036 -46.39522623 110.09007594
v 193.85973295 54.68093922 860.63615031
v 30.89796239 158.16162779 991.01785313
v -207.93529241 47.58177798 707.36377997
v -352.00933280 76.86491970 1074.43552840
v -368.34173920 52.47684529 1077.25054662
v -376.00676566 61.21990047 1042.32997452
v -348.51017814 89.46634206 1054.06054198
v -359.26300516 86.72539356 1042.54516476
v 177.41738677 -72.88157596 822.02638506
v 158.18176222 -94.61668929 843.64201821
v 175.32167205 81.41104563 898.52033843
v 2.53372981 132.81179265 954.46397277
v -7.33295452 -42.55089510 746.49552255
v -14.15045745 -45.16817039 724.35480161
v -0.82684394 -41.24469759 765.39987055
v 27.43371101 131.11491082 952.56094134
v 182.12370419 -90.38134182 75.19281674
v 181.23984533 -94.47701512 57.07530439
v 163.29550832 -81.22784123 1174.82566568
v 11.72935429 -8.19831096 692.52313752
v -168.07315666 98.11487280 885.51519439
v -380.12940567 78.31564692 1006.42246427
v -365.44051685 25.91291233 1083.28630461
v -352.36645702 5.43332770 1074.42427474
v -362.72632888 28.20234628 1038.21523101
v 0.58271463 138.25106042 935.02129019
v 14.02093332 -32.84394983 715.52381470
v 98.35160119 -90.86761645 627.22855679
v 89.74539214 -88.81874586 644.94705828
v 121.93681635 25.41576517 429.07747103
v -55.55113702 -159.38067687 1270.51970994
v -51.02872976 -164.15719959 1302.47033847
v -36.28764568 -163.76919973 1309.59283074
v -40.19826099 139.99984719 857.29109160
v 77.52006607 -84.23889499 628.94529686
v 153.03939226 51.02740303 488.83141465
v -117.18159274 -20.11470396 1508.62660971
v -100.60384693 -46.16670706 1527.79745941
v -120.09578165 -53.90398121 1521.29753097
v -82.05231192 120.11679414 960.83331788
v 28.37602388 -103.08460758 818.19767395
v 33.89997822 -86.69512891 805.82023813
v 98.78768897 -98.13497470 725.26184364
v -222.50291095 20.95195180 1232.82238618
v -220.99837301 12.31890313 1241.27323445
v -222.09938046 20.38594466 1249.41083997
v -59.28013631 133.51403124 870.33203581
v 56.10922935 -112.79028372 813.55018377
v -80.16961713 -113.28411234 1514.07316850
v -78.04341219 -122.52905639 1508.89723746
v -100.09152474 -115.15169331 1508.64180231
v 60.78840209 -83.13069650 674.69934932
v -157.12532612 99.81041624 1260.05112076
v -177.81744472 95.14237238 1289.86027361
v -183.58652008 75.81487196 1275.14512845
v 283.28036711 -36.08174044 1334.12052826
v 273.45047163 -24.82488217 1340.80156835
v 146.56595238 127.89523799 1318.78399192
v -137.03531056 -124.59221173 977.68360876
v -152.56404497 -111.52786602 986.45180576
v -270.45430761 25.63824866 1113.30204406
v -255.84293816 8.95312235 1097.93472671
v -258.17854814 11.49622168 1127.83334828
v -186.72530506 85.20377684 1328.15132143
v -207.81932820 63.17088685 1356.37283710
v -194.72110468 62.12669852 1321.74775642
v -104.14186236 108.20356251 967.03708071
v -249.07020452 -33.46783190 1099.49764709
v -172.69267175 -92.30073531 985.01798967
v 142.36395847 114.88709982 1271.92386400
v -138.62347777 89.79402260 984.53928169
v -34.24945766 -155.80416071 1407.04530091
v -39.39138111 -159.27235974 1379.96814783
v -61.97565587 -159.06033400 1399.52231820
v 209.73490200 27.45666007 1392.39184386
v 65.67265701 -77.67817430 627.90325914
v 46.94518359 -58.64227869 626.45535804
v 39.98730446 -53.62618372 638.64497285
v -290.77627896 -57.06379957 1157.41529262
v -297.88587983 -53.69128524 1142.74833239
v -184.64826063 -148.89948824 1332.34144851
v -202.16717187 -140.36388538 1338.09307721
v -214.15401300 -138.32633967 1359.03356545
v 46.93113335 -70.05454936 662.14863305
v 67.19741905 -80.76450606 645.41410313
v -187.08419754 72.44237219 940.33228148
v -178.06518224 -11.67440825 1487.23315423
v -157.02147473 -12.62138947 1493.37852652
v -167.79418906 -28.62615516 1498.09616374
v -212.69377253 10.78807733 925.24693778
v 80.51388018 53.18095108 1449.34198321
v 84.49695854 63.16729555 1440.19496124
v 98.31849508 68.17703181 1432.24715208
v 215.89657322 137.68784686 23.09033606
v 191.17940774 171.09525073 21.58464776
v 145.26597365 22.54256018 397.63871927
v 134.99667814 21.53219137 385.16872630
v 150.57948965 22.48215168 383.19805105
v 69.46484272 16.76566832 508.09194951
v 68.98398892 44.09110774 539.37819473
v 40.90184440 -119.25588557 1071.16955695
v 38.26514708 -112.85186834 1088.27354451
v 56.84415740 -122.17164737 1075.09014228
v -184.82326344 88.42289261 867.33830129
v 171.63778662 19.81614754 389.99514975
v 156.86167840 22.27410974 413.16571401
v -176.22122352 94.78465974 874.16712462
v 76.19956854 60.42727998 575.30889034
v -191.87210125 -17.33397232 1132.01126819
v -195.28500642 -11.23295472 1102.99231468
v -274.41497041 -21.09669850 1403.53017479
v -277.04581791 -7.52072880 1379.21903150
v 176.02022364 37.18316378 537.61899943
v 184.00289617 22.59490744 552.86464524
v -177.09884249 -69.04199522 1124.05883499
v -213.48663061 -87.25372619 1290.04028495
v 146.66837408 78.71888721 605.09990492
v 167.13558022 70.17568595 607.33310555
v -212.29122597 46.63024799 846.42189887
v 40.55443495 -69.09873143 683.62406388
v 118.66154639 -95.55848252 673.68974383
v 134.15874595 -90.49415102 678.33832991
v 123.67015358 -92.74371932 628.21908338
v 22.64466005 -14.87484287 654.95160546
v 25.69992397 -28.03794982 650.55979742
v -223.09197590 -64.82555466 1262.52057450
v -230.06078389 -78.97801578 1269.76788844
v -221.92970163 -76.93165159 1276.97815160
v -217.33431827 12.57522243 804.27569555
v 135.44421861 -93.82731617 722.25470009
v 112.46631971 -97.11118828 706.09789514
v -215.87300565 21.77046309 790.72017583
v 36.20015589 -32.31514323 612.95845773
v -309.51109378 -30.45568985 1295.23889442
v -310.77308304 -40.35811130 1291.36598432
v 145.42650861 23.14737226 358.53848358
v 145.14310941 18.27548400 339.69506590
v 153.12761612 24.06374005 359.61700719
v 21.81357921 -112.36284990 1113.49985569
v 34.78659699 -114.26965751 1123.56985541
v -201.20993842 65.55855681 713.43131954
v 133.07978365 16.41403425 360.52608067
v -244.72500391 -84.24930396 1237.19667151
v -217.10231883 -11.18859731 735.37571697
v 179.40385946 -52.55125450 1172.43309441
v 171.19556341 -69.15634656 1170.61518519
v -128.20226702 107.51588694 1039.39704222
v 303.32690188 60.39572173 1092.61505061
v 318.17311378 54.73349842 1094.36411308
v 306.69815500 50.40087656 1110.71995940
v 20.62972869 86.19505731 1436.53857779
v 4.31211443 88.31561217 1435.89927192
v -155.77358504 74.31519722 1142.87528450
v -214.52771428 6.20324099 1246.66297026
v -216.66931057 -7.88046203 1241.87727546
v -206.31791125 0.27783679 1242.14315618
v -202.08943705 -5.27944022 610.79728689
v -198.40934802 7.83862833 1234.70413348
v -198.30987669 -12.15434295 1230.63827507
v -195.00138388 -9.48187600 1218.18790176
v 82.07699247 -128.39968603 1173.49911326
v 58.60169352 -130.69527504 1175.38076417
v -11.65496058 -143.83096638 870.91934433
v 302.10416318 48.72405308 1126.60780073
v 287.86403726 40.29655348 1127.95912017
v 287.88016846 49.88315904 1107.32064315
v -195.99526716 81.96204583 1363.03196051
v -196.55276470 79.59549886 1351.06372539
v 0.65901496 -86.48379130 816.03658276
v -60.21422111 -151.24708619 903.52500923
v -65.58659886 -150.20765862 925.79690066
v -89.83734106 -139.33617057 978.47566536
v -86.62397173 -144.17226120 959.11135579
v -111.97301225 -139.24103345 956.20633645
v -186.97644763 -49.91016714 1014.81385309
v 130.88152881 71.17963889 549.86227960
v 120.81496233 72.03615049 556.35154976
v -183.66802170 -110.02709229 423.55249833
v 205.97503260 -113.45850510 1287.29936266
v 204.75058899 -101.52497080 1278.93984731
v 197.02887513 -109.70530608 1283.55907342
v 61.38590418 69.30017786 1444.81306919
v 77.32454018 79.75534499 1428.70222307
v -95.69829435 141.29593387 1107.77613399
v -182.09827782 -74.81939870 1217.76602391
v -190.03989955 -82.87951240 1235.79558884
v -172.79079583 -93.14058961 1216.69143445
v -139.31061882 -129.79570076 1225.25417784
v -159.69381271 -116.90163073 1224.84385484
v -163.68226779 -125.27711037 1251.34354478
v 181.95627148 -152.67031144 1310.35263483
v 171.04142955 -161.29005483 1315.67957104
v 186.20258017 -162.70984317 1340.85602260
v -138.50033109 94.74041669 1408.15441128
v -119.46994261 78.64055734 1429.69156159
v -133.93408469 81.27571793 1421.85226809
v -242.52807925 -35.11372576 1137.92669379
v -241.36918046 -22.53762781 1110.86271932
v -192.97733991 66.93148304 1300.76363552
v 202.80478486 -25.18895112 785.89823046
v -176.46288120 -79.14019680 1003.52003676
v -181.96992262 -80.64386972 768.61394603
v 203.64788252 1.01022147 687.29040855
v -160.69501989 -88.07265812 1022.07820706
v -168.48123635 -82.47742688 1013.58066502
v -237.70406015 -80.12191075 1244.87267138
v -228.17839778 -63.29626281 1249.78991941
v 200.36341437 18.79886743 77.85831525
v 205.16197184 8.65741727 83.74515099
v -152.59879675 -108.44013460 834.57578821
v 45.39355712 -165.85565393 1386.75964885
v 73.86883607 -172.63737656 1392.09413357
v 84.92289565 -177.73953657 1362.56947049
v 213.30634784 -5.30040199 76.69827785
v -246.71610568 -57.72153742 1183.03420188
v -263.02375283 -68.93422162 1186.92089165
v -187.59270321 -150.79188828 1356.21631144
v 139.82707654 -124.33323725 903.64320396
v 105.56203633 -95.63971739 673.76871878
v 185.79650095 -58.06046414 883.51780796
v 99.65308964 -97.93693012 686.54593141
v 72.51570977 -90.63911124 688.02053406
v -94.15700096 -104.60573335 728.97747444
v -41.06626116 -120.42118335 1523.63349115
v -43.61911977 -125.05689352 1510.11302133
v -55.22833079 -120.02964843 1513.82826375
v -231.57030905 46.60446336 1314.43568744
v -233.30306517 47.87437477 1343.49433299
v 41.41294174 -73.22204286 755.43242878
v 96.82945721 -145.14733791 866.30759166
v 108.50373758 -137.60223114 853.14238973
v 82.60086386 -141.92575025 848.37916440
v -53.40872055 -88.62715092 653.64379972
v -53.45481138 -83.00437161 635.19489112
v 56.03506872 -155.60028064 923.08957698
v 65.44874463 -154.30657237 893.45532273
v 44.78855146 -154.80679507 899.67192915
v -172.75413488 110.24520134 1315.86541639
v -183.88614649 88.77229875 1305.12471009
v -27.66398368 -48.68354748 668.81637588
v -36.78329463 -89.59692659 1552.48780440
v -4.72670479 -106.47987877 1544.30972555
v -42.40029779 -106.17769593 1532.64700392
v -199.12655770 33.09210276 1257.83004188
v -192.67826046 5.46474604 1220.79588706
v -182.58777078 37.10287622 1218.52416161
v -119.63242486 -116.37382636 1069.44557098
v -108.26028331 -119.19660827 1111.61305015
v -101.34446746 -119.93834716 1096.84310382
v -19.39905171 17.31158200 714.24427243
v -97.33065681 -123.87012887 1144.82737642
v -72.56855421 -128.76713101 1149.93791894
v -65.45765039 -122.61379233 1124.85682107
v -12.67102130 16.28333437 734.38195635
v -8.32083591 2.76228028 728.77152111
v -56.89932494 155.67988743 1304.62298271
v -56.39443177 154.94919841 1288.09236940
v -42.63394969 152.52088863 1295.54169450
v 39.87001941 157.38845301 1151.40723679
v 118.84468798 141.50163866 1312.83694550
v 127.50115980 135.91888540 1299.82048048
v 42.71002058 62.21048839 678.60986006
v -72.03776107 156.57220962 1315.84668588
v -74.95671815 157.09604255 1296.67156427
v 67.69910496 89.60099538 688.23097166
v 0.12328516 159.07602719 1178.81269628
v 14.70971308 156.14573322 1190.04432562
v 98.60346694 110.37775217 710.13409446
v 117.23553381 109.76086293 714.70306937
v 329.49873191 7.92773966 1000.63550848
v 334.33258870 3.91407173 1002.09300579
v 345.38005045 7.52524320 997.02417659
v 201.56943918 24.51032510 864.33945600
v 39.05237658 158.32996858 1248.97949212
v 47.81292490 155.19067583 1255.73949464
v 32.07314929 151.90509273 1262.44728172
v 192.98654121 34.19092350 976.71236144
v 188.89303480 61.13676348 939.18164186
v 142.98596600 -105.28440662 1115.44878337
v 118.94350188 -115.02421739 1115.12319937
v 12.80137042 158.98710981 1241.35762611
v 22.46624678 159.01083046 1235.49591968
v 171.71970405 100.14364834 751.60949668
v 167.78044411 100.13067488 811.45849051
v 364.26223283 5.63448060 1124.70697969
v 367.33378499 -0.98742997 1079.98264774
v 357.15351882 -13.52068259 1103.60233782
v 200.99569497 -12.56871651 979.84597309
v 196.01500631 -40.33191735 987.69756020
v -122.79212442 52.17655153 1448.57408008
v -150.51381943 33.21246115 1458.81570602
v 101.66342683 114.02972904 889.69285840
v 215.52481850 8.18667880 1420.62453216
v 223.48878412 -6.89985333 1432.25474283
v 208.60523735 -7.90853127 1450.62625894
v -41.56348527 -134.56885164 1177.79372153
v 171.56466783 -93.62736975 974.44140309
v 157.24174805 -113.08838386 983.88560228
v 169.86607150 -96.14073534 988.68702571
v -357.81592175 190.98937092 875.60556798
v -359.08748226 193.15455485 865.97047004
v -76.95078402 -123.12976136 1059.18619099
v -63.21413591 -124.34499025 1030.75491038
v -94.04445724 -123.09815258 1043.78666707
v 167.34789480 -95.06566547 953.61833582
v 151.97823153 -112.79568591 940.50842255
v 343.88453242 -30.04356157 1108.42089259
v 324.54204226 -48.95968395 1115.21047199
v 334.57171067 -43.97889303 1125.19283010
v 136.45169968 -91.19072521 278.33784597
v 3.55852157 135.42731310 1326.18619279
v 9.79626193 142.23098228 1306.23097590
v -397.05075854 145.76238204 906.48690634
v -393.91071063 134.74155778 918.36173399
v -396.39407837 133.06445297 902.82338774
v 189.31468307 66.45412233 1296.57779168
v 175.35442476 94.12595983 1298.54517501
v 29.90786802 148.16787942 1280.96308021
v 365.84924018 84.85629891 1004.98031219
v 372.16645765 88.38216357 994.83629711
v 377.02122119 76.72139405 1008.48319145
v 145.23458739 -113.13717717 352.39562159
v -113.08152094 -131.93968271 1211.12520881
v -29.64124255 166.72016435 1043.45635155
v 184.01770033 53.88943569 1400.29968244
v 200.94077492 27.60226320 1410.15788250
v 179.66993878 26.88608184 1430.97827188
v 19.99399954 80.64435860 761.40481654
v -105.39677425 -129.22995864 1194.74711174
v -132.24223949 -115.41090688 1184.99904502
v 322.51146279 75.92002751 989.79083871
v 320.81283195 73.21238270 1003.83089971
v 314.79760339 66.53737339 994.47615352
v -12.40761622 152.71589312 1266.74775871
v 96.62072094 135.83363541 1352.93169614
v 105.17619049 125.45580633 1367.99239348
v 86.73324371 124.69602246 1376.78900889
v 186.78336279 11.42785218 1218.20980069
v 188.63740119 -28.99331475 1218.75916894
v 198.93743563 -5.59902363 1242.76471900
v 111.86687071 136.46234238 1344.55138321
v 122.60429194 126.27703857 1356.80280647
v 160.73803955 68.16839670 1119.92973279
v 326.81762479 -40.04985485 1087.13580958
v -170.31524338 -71.68388310 1151.75383836
v -158.73725330 -87.39575960 1165.04470299
v -159.30313643 -88.49129185 1136.40540157
v 197.84709803 -15.22992516 1466.69329444
v 222.27336874 -19.70514493 1449.70860407
v -174.79842005 -68.35392628 1174.58501254
v -156.50170501 -99.05114861 1192.11358237
v 266.31280322 -124.90174132 1298.00710665
v 280.09057871 -108.57488852 1261.26657345
v 266.83458571 -115.27152660 1261.76022117
v -16.84927523 164.01014391 1089.01961923
v -8.19679918 160.38991401 1077.35906205
v -189.66841966 -55.92866284 678.22068471
v 379.26339014 79.21644133 835.56758366
v 371.70753546 88.07750021 835.46416476
v 369.46522303 87.41253728 844.36303319
v 181.48861937 56.50761097 966.90862473
v 195.51542574 13.07553670 594.84241606
v 193.84492054 -2.49551513 600.31614945
v 196.66520878 0.95993721 623.80584556
v 185.66139238 44.76075749 983.45853103
v -135.64789799 63.40479098 1434.36437479
v 113.65977562 100.46393711 642.83324870
v 175.74232583 51.88022382 1037.44320772
v 434.32744320 118.95730112 853.55380407
v 425.88554127 88.24364472 848.23820413
v 428.42823654 91.56449999 858.72040910
v -29.09022802 -114.68969876 1061.02807104
v -23.24030013 -108.36805778 1075.77612850
v -2.78463003 -108.91787993 1067.73043048
v 160.62968875 103.73001104 707.26088269
v 197.22705336 -20.29065307 1043.47819006
v 192.76980952 -49.16052365 1037.48957169
v 197.45116385 -43.93021292 1072.92273089
v 166.28539826 66.07728319 1092.42493220
v 173.41569144 -81.56803370 1011.88544301
v 179.79383717 -70.44445847 1019.66267460
v 183.18038262 -62.03298087 1009.47452686
v -41.24063711 162.35222309 1238.18628026
v -35.16203265 161.58036786 1217.21809466
v -43.54240178 -100.54888776 801.60821417
v -53.67244045 -97.58765682 783.14681044
v 211.49700307 27.24635398 705.78896682
v -30.58300981 162.83914279 1198.41734905
v 347.46752334 126.61176154 868.61446666
v 348.30185197 114.33922827 878.26738450
v 357.82627036 117.17113452 868.58411226
v 169.76642491 46.98396161 522.22762641
v 160.76805892 46.37429095 488.75229652
v 107.87677348 70.86810212 548.89575119
v 106.01739438 75.53290189 560.44358010
v 48.76750751 158.73060844 1003.02808285
v 104.07543030 77.32955208 588.51796030
v 433.87417743 119.90847117 862.28706381
v 69.82093581 -125.62450966 1150.54377681
v -346.44236170 113.58950435 891.05978377
v -336.81143097 101.99973485 917.38434296
v -51.64216705 -121.97788030 1045.05583088
v -66.99272159 150.04312105 1349.74548496
v 179.30083866 -77.86346085 963.43318628
v 185.24707034 -62.18707614 937.42735442
v -79.90368914 139.25483218 988.57099840
v -45.16645544 129.24613996 1382.33750367
v 199.70234329 -14.29041989 962.59827821
v -7.09465061 120.25352192 1567.22495727
v 152.70886078 -60.63643409 3.98398686
v 155.27699082 -40.77156463 2.52739175
v -170.09755258 56.39231511 1037.61506290
v 402.72708466 167.31989730 820.49920332
v 156.65865543 -55.91207153 0.49120566
v 154.69849943 -28.55719759 2.07508063
v -323.79558065 127.67165149 946.33931380
v -122.98238524 127.53243684 1245.71483245
v 37.40799059 141.30566701 1323.64092226
v 23.66446131 144.40372553 1303.10491884
v 46.78523599 147.13978165 1292.63430401
v -317.77111855 126.49631091 932.56308678
v 46.15032133 131.24507562 1370.02245041
v 25.02652925 128.98995103 1363.88732030
v 47.14329841 139.97077919 1344.65167798
v -197.88385787 -19.74276135 1077.85809175
v 189.89066598 83.85834277 729.92874566
v 193.50122938 77.28749448 708.31213666
v 350.17811301 102.07214950 944.63762198
v 350.46857217 97.77345194 955.21906010
v 341.15484527 91.84945833 946.90637155
v -160.27901418 67.67979030 1019.06461257
v 113.09653101 -131.33300266 1007.65498800
v 88.91414371 -135.25329985 1006.69404337
v 186.17445257 75.18222220 834.45077534
v 142.48278859 96.88746544 1190.18171428
v 155.80216275 72.57510691 1168.30470592
v 160.99717445 74.44094060 1202.53934508
v 188.48064700 -7.86059284 1164.73330945
v 182.15777976 21.89219813 1158.40853443
v 186.46864475 17.17134328 1138.74054083
v -40.61870589 40.44203863 1481.34739995
v -57.47137284 40.77454954 1473.05782497
v -37.18935107 -79.58062268 715.82412120
v -28.45462409 -73.91920333 743.94124900
v -207.64052380 -22.90215650 932.56901545
v 325.97035077 68.83665924 975.66384370
v 337.93544883 60.12362118 960.83787337
v 344.57513808 67.50415229 941.79680494
v 101.56574654 -139.42874415 994.29272849
v 98.75622356 -145.16914472 970.23832386
v 76.82994551 -151.11207931 959.90247075
v -0.30728126 -23.14642419 737.49516567
v -0.65006705 -36.11352950 750.23709165
v 202.93697376 11.05140771 894.86432114
v 201.87522126 2.09036015 875.41021339
v 199.45253016 -10.00857077 892.39127456
v 209.49745180 7.48817475 785.07746629
v 206.56876896 -0.01728891 805.79269817
v 205.64401542 11.10637413 829.72194704
v -20.80189771 -145.42234566 1226.47932669
v -44.23836108 -155.31837736 1260.15974742
v 77.87177947 -74.29078393 581.40372154
v 60.56867776 -60.99587218 578.08438529
v 60.90619289 -68.97737552 609.27030660
v -58.82709695 -151.40541234 1249.55609284
v -216.45170381 50.23896674 1337.75409563
v -216.27739556 56.31819118 1356.33211078
v -225.07152157 -35.69449325 1229.54023702
v -224.44490284 -49.48867579 1236.35036748
v -222.33250917 -45.64362477 1242.34814837
v 19.18147656 -142.09184462 861.97341789
v 22.39016841 -128.27174859 844.43576576
v -223.94737089 -18.71819944 1234.41381207
v -95.37635537 158.29075774 1327.94489271
v -85.46040390 149.78464482 1354.95488992
v -102.69008854 -143.00919524 1463.65394782
v -82.84783336 -149.33474024 1447.44585139
v -123.54126308 -145.62413345 1452.60493798
v 275.39154935 -56.95834582 1380.90048019
v 273.73443179 -37.32663450 1358.45477075
v -160.16553200 -100.58130604 997.51210501
v 244.65090400 -43.06097849 1438.40679205
v -198.88422392 48.29226555 1297.07333845
v -208.12546654 41.64992211 1300.04465271
v -202.20243163 35.91121835 1281.33837204
v -9.82474469 103.98834632 1412.81909388
v 139.60594113 5.68010833 270.84569205
v -123.66063194 -165.59013702 1362.50535723
v -115.48603006 -164.41770897 1326.27261932
v -138.45328530 -163.24699611 1333.05086526
v 207.92959217 -27.30797291 1467.89082287
v 227.89338679 -44.68552330 1460.47410887
v 211.16427771 -44.03968310 1473.00127134
v 87.64087562 -95.49239764 703.69647004
v 180.49920070 -49.31076461 1490.14999583
v -165.40044287 -158.10860468 1347.26872842
v 126.72448668 79.24484553 1411.27423763
v 128.61191698 62.16772211 1424.78680447
v 114.47879307 78.34050440 1419.42808060
v -120.85021433 -121.62058988 1492.38141536
v -106.46620678 -131.66894080 1479.30353440
v -124.68476594 -128.29171567 1479.81191678
v 161.48678662 19.63352689 348.23555386
v 164.80597570 19.63248717 334.80934878
v 46.14694091 -121.05568886 1143.11627105
v 79.07749329 -124.04083590 1128.32175798
v 56.47537962 -120.30974714 1115.36168720
v 172.85022390 17.59270941 422.93868203
v 163.53217354 22.70494179 441.84844188
v 152.65530479 24.35026532 430.85768956
v 53.73148976 -120.35190208 1091.46756049
v 35.17666293 -114.64189829 1104.94918718
v -213.43492613 -99.70728442 1302.39407846
v -222.19018577 -94.74488887 1298.38657810
v -221.35060202 -101.88875378 1314.18658738
v 147.14995770 -89.12078228 777.73788863
v 141.17428571 -90.59325944 747.12068505
v 128.70399840 -93.30044013 765.92954220
v 204.14545517 -4.30934379 1261.97677923
v 212.45234646 1.34803587 1268.88761220
v 204.14793843 6.17891565 1273.17706529
v 28.28144245 -114.99248384 1055.66153128
v 12.03678097 -111.38733017 1052.06238685
v 16.72976220 -107.08483182 1088.46972725
v 106.12334699 9.04906943 410.10629665
v 109.63567190 5.38615195 391.77363156
v 21.68540641 -107.21099232 1097.53921863
v 4.49034238 -104.54877792 1084.61550448
v 198.43690744 -42.30829943 1121.98277274
v 188.39081363 -62.02691411 1127.29146694
v 196.87701589 -43.95853287 1126.94799861
v -280.49852366 -92.30115408 1266.70384003
v -269.88572979 -97.90308791 1279.58549146
v 42.05688069 -134.12628599 1197.69594583
v 26.78174085 -133.74825614 1202.30324397
v 202.29723636 18.67885867 929.29762955
v -207.14077003 14.66796687 1253.15846643
v 7.58498680 119.31669275 1380.32966413
v 32.76331909 118.52870616 1392.35632869
v 259.22027694 15.27166083 1111.72459700
v 264.10044168 23.46047105 1116.82728053
v 255.22770899 11.25875114 1125.44195670
v 204.08182225 -0.47167971 1072.90658517
v 103.76646414 -145.85717092 1236.59882039
v 88.85338255 -142.80753191 1221.07079091
v 74.08507517 -148.84299696 1236.79879964
v -66.36250705 -147.08286158 949.59970742
v -162.03787000 119.40964226 1294.74848740
v -156.93304527 130.20967141 1306.62620329
v 12.68304815 -126.38438571 1193.59461167
v -175.85880085 -101.92618761 1229.56818144
v -157.72518093 -108.31995194 1211.86813606
v 58.53639064 56.34857574 1456.47052496
v 82.16580680 108.73559769 1398.97669379
v 106.13255427 98.36844777 1399.23595881
v 383.11288889 79.62860740 860.76582722
v 392.27369640 71.04633933 861.96760950
v 391.05795070 79.53770625 851.51014086
v 25.44624577 -164.43050348 1363.91399903
v 199.48034389 37.43107008 647.22616753
v -206.95448602 46.68090559 1316.98625859
v -206.76887772 53.48650979 1338.18577040
v 97.94545444 -176.76055623 1383.82516526
v 67.00791892 -166.79818847 1421.21340036
v 108.40077135 -170.11307729 1416.36125863
v 174.61792094 -80.12147754 1113.26099292
v 166.07809845 -89.09928708 1114.06122268
v 174.62389509 -80.99265889 1129.94334909
v 174.09507814 -71.69525565 1151.31760102
v 150.75666068 -96.06728826 1169.78303622
v 108.70506742 -154.13846780 1251.04078423
v 207.10508032 39.00394750 802.18777391
v -219.12679059 -126.77872632 1342.28292042
v -221.00047582 -112.68062206 1327.98597109
v -229.22701019 -116.66168600 1336.12816135
v -236.03114804 46.85006165 1354.38691517
v -218.04782334 58.63430161 1380.21832475
v 75.86302143 -149.41249728 867.61792991
v -248.32194746 42.26643679 1301.51190564
v -204.51051304 68.52864826 1379.91314582
v -202.98781835 64.28509735 1395.89074503
v -70.52109263 -13.56852102 1591.45628566
v -69.93119683 -31.89318111 1570.92755322
v -74.91968241 -14.44108529 1557.64488168
v -161.90469898 124.92904842 1322.51480551
v -139.88897468 143.98311924 1311.41074010
v -92.92876583 -123.62240614 1112.19346784
v -194.78235435 55.34353828 1271.43597862
v -170.34809643 74.00524864 1246.40005230
v -185.90273608 50.40358669 1246.33121299
v 186.73311135 67.87922756 1284.52895096
v -35.14568652 135.66378110 1359.14659872
v -51.78075072 147.35827582 1348.87511236
v -28.14575218 139.43592775 1329.79729159
v 161.32624077 110.17967278 1293.88273421
v -77.23452611 14.62324168 1502.15536559
v -44.74811829 35.55754060 1504.64503142
v 183.46546601 -62.10474852 1139.62495358
v 65.14604547 155.86033605 1228.63959637
v -84.51737966 84.70591808 1427.84501292
v -82.12786620 68.98339361 1443.09337184
v 393.14119888 59.90896761 994.40346715
v 390.36324628 50.65336911 988.55736796
v 390.26555525 50.08989886 1004.94891937
v -57.07261758 -122.07088013 1089.70548438
v -47.77153906 -124.03033517 1104.39869623
v -256.55832304 -101.44730043 1280.40328531
v 189.88885816 -56.09638941 967.18264539
v 194.59921717 -39.55271998 952.71372975
v -301.85536930 -71.91452989 1245.20196340
v -48.06742125 -119.25183345 1076.82373703
v -77.34586534 -122.60656867 1093.71777335
v -171.28450541 -73.53539586 1022.25371314
v 8.63202305 51.06960174 1533.56330367
v 23.40433427 42.07994572 1536.21941092
v 209.36199518 -26.13022979 147.46508049
v 206.46906468 -29.32176791 128.78527755
v 145.72832873 121.61410525 1289.49993896
v 117.91492253 134.01756696 1283.61958411
v -304.18147047 -57.32868088 1305.65270585
v -297.14051422 -55.40011477 1330.97395321
v 28.72345288 136.06129315 1337.45270518
v 24.32196776 140.28816357 1324.99395343
v 196.40307219 -41.97205172 1481.65469332
v 408.53300479 97.93200556 915.94710415
v 399.62548855 86.43635749 952.69361731
v 403.33366600 104.02237399 922.35368580
v 198.23558167 -70.25385159 180.70419783
v 204.54929100 -55.46568575 164.97533184
v 141.65662658 81.29647752 1402.03562279
v 150.97487111 61.11015929 1417.41524811
v -114.50707111 -120.16141571 1169.24860158
v -141.57923096 -105.99685711 1172.01689354
v 201.47970345 20.21207573 1292.89738324
v 71.11930594 145.92951159 1330.06488357
v 95.10335582 144.75477132 1309.47446501
v 110.57943242 143.14079174 1320.33752733
v 0.59702893 -99.16737642 825.88355317
v 200.24422925 8.47455057 1258.35980796
v 146.68159857 9.81092709 1465.31583878
v 154.95855556 17.71223352 1452.98209078
v 170.97987894 5.39605288 1460.33864510
v -187.91498888 -35.62608114 1188.99486246
v -185.94520594 -38.03527223 1164.90470361
v 126.72662016 -167.35393611 1290.67303164
v 277.39831719 -104.89671764 1233.17524406
v 287.54874159 -98.77677219 1231.18397511
v 283.73586957 -89.08125064 1205.87036476
v -252.49795837 22.22448657 1401.01432352
v -264.13079838 -0.09169191 1405.85944593
v -268.17923273 12.00028682 1377.11341613
v 194.71981626 -9.99432686 621.60822262
v 193.63512441 21.37063277 573.47899293
v 187.71881607 -4.90597064 560.36955324
v 411.72767349 84.33848685 834.71028773
v 419.88968784 79.27548743 856.32596627
v -164.02876263 66.71265751 1424.52951122
v -164.08803222 45.29803859 1442.43371698
v -182.15562233 48.70490438 1434.83862297
v 191.70164089 -35.27710628 1023.88186292
v -5.28679094 -111.57895858 1048.06274502
v -17.20543589 -106.44876796 1083.49602100
v 51.74260264 -52.47245303 582.58124241
v 136.86508124 30.10989781 421.91422972
v -102.96099422 143.10189375 1364.67909563
v 167.20869343 38.93683365 487.80231972
v 174.51392596 24.98861668 490.86513233
v 160.31410301 32.52052123 465.55494778
v 168.97575541 21.59816444 464.49292157
v 264.90742999 19.74365416 1064.39566752
v 258.69314585 5.67016691 1097.35123806
v -68.01489670 16.62667241 1557.17758563
v -3.33080983 49.82957671 1472.17696180
v -77.25099979 -123.97461576 1074.87077232
v -123.37644284 -158.44607074 1300.87929494
v -26.20025661 -129.46563675 1010.97280437
v -68.22445456 -128.05346399 1008.67224909
v 402.04578495 151.89675238 874.09101642
v 414.64665099 138.97252867 877.44997707
v 399.70875849 139.47471391 888.36130960
v 106.88356502 -28.25168181 282.19689111
v 117.21070623 -37.87123492 260.15251875
v 109.86338951 -22.82582536 267.82536622
v -50.37854899 102.79999329 1651.73660428
v -38.33208518 111.05726103 1634.68755037
v -100.31965170 49.26011897 1457.45621897
v 164.65846404 111.05622117 1316.69628174
v -58.76518809 -136.96714322 1191.73859936
v 196.62306512 42.28369619 1289.64828575
v 82.16328924 31.30387495 506.12217692
v -10.28733800 49.77978467 1529.14242710
v 55.42324501 28.92094197 563.54474796
v 167.92921115 53.20968370 1169.38409515
v 122.39030805 -125.48182647 1029.17124803
v 70.13310436 -129.97772486 1031.96974058
v 47.41778041 -134.25628820 1008.58025675
v 45.82140483 -127.73786843 1032.48385039
v 350.04791949 32.49464706 967.58678762
v 357.60035689 41.96145608 952.80063815
v -0.40754833 42.09204387 1484.64592839
v -17.73792330 45.52840589 1483.24967650
v 72.57480542 -143.63076342 991.65296201
v 118.99567654 -139.23006824 966.17853158
v 108.06039720 -145.41927188 920.85300429
v 89.02348058 -150.35952333 942.94100377
v -83.69089918 -161.34911829 1295.24902501
v -98.02445973 -163.84582774 1320.37800199
v -320.69479629 200.48978471 805.71405074
v -327.35691136 188.70822449 799.92085977
v -319.11713492 187.31304140 805.03256677
v 116.53868391 79.74170527 601.41403825
v -240.78035534 -73.99105863 1221.95501312
v 102.95244013 84.36083625 608.53145415
v -47.70486124 -164.89538114 1322.23715374
v -77.71371281 -165.32773436 1320.51033648
v -223.75953853 -58.36198604 1224.79118753
v -35.43329895 -156.35771168 1259.87573170
v -336.48842277 202.37175538 841.98014440
v -245.51954287 -97.79666675 1273.93503932
v -241.17908213 -93.12468240 1268.83769072
v -78.28430615 -47.95487641 1744.69900516
v -67.51775693 -69.28915540 1733.72631370
v -73.45849275 -59.25427172 1720.74059973
v -229.23559165 34.67061756 1241.55446613
v -227.41239064 33.34311537 1260.61368112
v -279.89084494 44.57699782 1110.19309836
v -276.28749864 39.30278926 1088.71313980
v -266.65808319 27.89670877 1314.02577968
v -219.78817795 52.06409169 1399.95214109
v -235.50450381 27.92913228 1422.27860154
v -241.65125804 38.54253825 1392.30339468
v -222.33032699 9.89770449 1216.90309502
v -222.48590020 1.85083209 1232.58377235
v -60.05677652 85.68683355 1720.74299294
v -45.08211741 103.06914241 1717.73884190
v -58.37751817 78.46467046 1743.03829405
v -254.37840308 43.26902225 1243.45353701
v -245.77616072 44.21659607 1261.33435160
v 405.85099269 80.68823916 934.38536142
v 397.18136949 75.99031592 967.82062949
v -218.83474844 46.90828991 1320.56783105
v 364.98726792 98.29294831 975.35205782
v 372.11268946 102.75852651 967.53048642
v -259.94955694 20.58929873 1142.00654403
v -7.32403355 126.86413881 1602.32733793
v 200.75052897 44.99394107 666.63955498
v -298.56794090 -15.72063672 1052.08508381
v -65.84045588 68.44517526 1589.63824751
v -69.31335697 52.97137591 1594.82577986
v -37.61707271 82.60998781 1558.14938078
v 204.94081856 27.04273009 679.71302039
v -67.04924411 81.60231874 1601.72164134
v -70.33970281 75.63968267 1613.77899812
v -308.73039917 -51.60969798 1137.57209875
v -52.22958628 82.80418624 1572.95163515
v 202.82977040 19.85521359 653.91276686
v -58.46725398 79.46909939 1579.89920287
v 4.55779314 113.59361081 1685.11408373
v 15.34992601 107.01739956 1693.56531521
v 2.79906397 114.95064641 1693.36667885
v -214.19642019 -109.77244080 1315.02035083
v 211.16986103 36.40478695 760.47192654
v -227.45475384 0.54782927 1203.26564354
v 195.17311351 62.60424531 821.23492885
v 11.68523852 128.58488188 1655.28002075
v 21.09066667 109.20423154 1652.77436447
v 14.20933565 108.42816698 1671.70304660
v -226.25545921 -54.27710410 1196.51002561
v -224.92180202 -59.73830773 1213.05471096
v -349.23934695 10.68019551 1034.53616172
v -329.40622673 -39.23701110 1137.84918039
v -230.13683606 -42.42305091 1162.05387469
v 202.60944503 35.51899141 832.53006032
v -68.75213086 20.41970226 1571.49503688
v -73.47275859 -5.02134932 1575.10870101
v 352.65872086 133.65189677 857.77620277
v 352.81314723 125.62766220 858.54938575
v 351.29873829 131.09738459 845.20739555
v 53.96788643 -126.34481016 1041.57638723
v 17.60304996 -114.89451642 1042.82516355
v -321.65467340 153.17274977 879.81713327
v 202.43890063 -24.50681989 825.43619735
v -240.37943954 -63.09108804 1448.95433010
v 203.39661121 -6.87559836 853.13877517
v -184.46533332 -130.55250595 1447.90560722
v -202.84182877 -103.96907937 1462.67502989
v 65.47573664 -124.20768380 1078.18051370
v 201.93290533 -12.07402125 870.40851647
v -314.73737647 183.92732873 847.92784234
v 193.80623541 -36.89386925 890.26757941
v 199.16381959 -15.96105962 904.73042050
v 74.72768640 -122.80191040 1104.77384419
v 199.92284502 -4.94784689 925.84494219
v -257.09959494 -96.76856593 1394.48604679
v -18.71119225 119.37056250 1712.93280312
v -30.68633203 120.02921247 1701.22074919
v -11.28046061 118.85569351 1700.86718514
v -30.50721063 47.51668096 1473.88100192
v -297.42793111 -75.90584321 1295.38290808
v -63.46063964 100.35932565 1420.05241827
v -15.79082817 -135.29648651 1205.52494388
v 167.47177133 -94.26328587 925.22835798
v 81.19539034 36.55661056 1694.57131842
v 82.52854443 17.77882381 1697.33490753
v 81.98557202 30.80391939 1703.60803005
v -66.59759029 153.73101289 1336.14131923
v -85.38535920 158.68365015 1326.79353213
v 188.64986215 -65.39186411 984.33545971
v -51.06428768 76.82230415 1444.92246204
v 405.02404865 150.72328614 802.90981861
v 410.45150476 139.19026141 812.15492871
v 423.00369609 142.23660952 823.86783850
v -230.93937939 -68.28512818 1234.56007362
v -264.25846156 44.64322173 1231.64862192
v -214.16483953 -73.90556637 1274.21414638
v -214.09556281 -55.55019385 1254.82302727
v 203.83114375 -12.43012529 1085.37625795
v -379.64107193 110.59502161 904.98704886
v 197.82582690 -35.80981638 1093.65793737
v 199.12152748 -21.29694659 1107.86489941
v -236.52133017 40.00597426 1249.45332575
v -245.41930677 38.55111093 1231.76012408
v 198.23046981 -9.57964051 1121.40634521
v 192.76768890 -13.93143015 1139.72518665
v 48.26766621 -66.40781329 1617.44108826
v 48.41342365 -80.87531470 1626.73625678
v 51.93461906 -76.08964818 1635.15282251
v 176.85203570 34.26396887 1186.80199088
v -256.27603524 -108.95239514 1319.50627582
v -248.40185521 -106.29065205 1301.32490039
v 11.64593516 -107.54704057 1107.29606693
v -65.27526274 -42.68992404 1635.42121663
v -61.15025572 -54.31687494 1644.17154975
v -57.04379117 -52.40810779 1630.59423202
v -351.56917202 199.59923053 859.00260332
v 138.07728324 107.73902712 1233.63301036
v 133.07676396 118.14449738 1260.86866706
v 104.23385857 138.51974062 1241.71386945
v 365.23115209 71.55856559 905.36782173
v 367.80856726 61.14201376 924.06601359
v 377.35626035 65.29545874 903.01511215
v 116.64485914 130.63451805 1268.52581324
v 127.71149453 19.83461789 1464.11551569
v 82.23152820 145.52550093 1265.25759007
v -354.61126221 176.85553127 894.99537803
v 84.25809015 147.88262156 1238.90048421
v -26.58417312 -28.13819280 1797.95917128
v 1.96686684 -31.60093891 1802.68648624
v -21.63466291 -34.84729712 1799.23990070
v 13.07076443 104.63296276 1412.59519245
v 35.12172649 159.19257508 1228.21953306
v -16.34647258 92.92970775 1431.05541967
v 30.61865452 52.20870595 1466.03093751
v 48.96772544 62.53369778 1451.50213371
v -324.72816418 135.33546548 915.64833396
v -336.82334713 148.91739848 913.90544978
v -328.18914765 143.72753833 897.59882686
v -44.92910289 100.23033309 1425.03594177
v -29.82432812 98.93864709 1424.40560329
v 384.19683070 33.54297217 1026.32904565
v 386.92284996 47.40944527 1028.30382228
v 70.21449128 27.73773841 1473.09857213
v 61.86190228 147.88928701 1272.85369797
v 76.01113836 145.12563637 1278.09023822
v 63.70544356 146.20861036 1311.51099588
v -179.78139058 99.40311000 1333.41069303
v 27.99815233 -7.92701165 1798.89078555
v 57.06622896 -13.63391557 1787.54494187
v 48.55885199 -38.67202672 1793.79454401
v -64.92863227 37.80411631 1576.66349956
v 74.18466700 144.19223546 1339.10066982
v -90.49579513 -0.37922825 1509.81791346
v -94.28165470 -12.00443099 1516.81662253
v 123.16545210 137.47818634 1328.70335117
v -291.65529307 64.86605068 1037.50766588
v -190.22959211 86.07270825 1378.11835987
v -178.99390546 90.25563633 1388.27082056
v 62.43198719 132.88499148 1368.56710413
v -77.83049431 9.67411338 1514.32462813
v -85.83227351 -11.69214177 1525.27655356
v -56.66765717 -133.37712398 1178.42123753
v -91.43934209 -128.69131274 1171.56608613
v -399.43659228 147.69415667 894.25105557
v 57.52941874 -82.33369724 1793.70817583
v 69.00598988 -92.94904438 1778.83159289
v 56.30175813 -98.12802344 1789.46882334
v -270.27414606 -101.78500255 1310.69143738
v -51.10657871 -125.48179855 1130.28924981
v -59.46009342 27.84309164 1494.81471783
v -28.75229477 43.03065671 1494.95244840
v -24.55408291 -117.68593313 1146.85123788
v -317.48310364 106.68036683 993.12797270
v -234.72531909 -112.26145125 1324.38139442
v -144.94269338 105.57064834 1246.43226669
v -132.72763952 111.73588170 1222.02013126
v -21.24910716 142.57283311 1315.83712998
v 319.90030433 58.38954061 986.51152772
v 329.23879659 46.50728187 980.61623387
v -10.60212631 127.22185376 1340.94886493
v 112.99435405 107.98291428 1386.15896613
v 9.52731775 126.13984309 1344.59505948
v -2.65767468 121.07086320 1358.53354586
v -40.31800137 -45.99051529 1807.24499613
v -31.45484113 -58.86288030 1804.42602298
v -41.51778678 -55.52609488 1797.47958591
v -46.87961838 150.43178535 1319.01891633
v -380.20096994 116.98459992 951.38995613
v -375.35351136 132.77692800 942.30125330
v -374.28229757 115.50797427 969.51918375
v 54.44905478 119.79381859 1391.15701300
v 71.57839391 100.86794705 1409.62501580
v 38.13407419 93.05517523 1427.61968377
v -55.33796346 157.74765656 1267.15597748
v -105.00615322 144.37331769 1258.98358576
v -38.34883376 100.16987357 1736.82331547
v -26.02147858 96.55358276 1754.15215718
v -77.45145042 27.16499176 1628.36280375
v -73.61464731 15.06280374 1621.99523067
v -71.79977378 17.95793807 1594.25402609
v -274.49007447 -67.43767679 1177.53026751
v -291.33352503 -64.13330011 1173.82631450
v -199.52442532 49.37728127 1308.11249073
v -109.85249515 118.27962022 1158.13611717
v 309.71655459 -58.53996493 1267.09563628
v 301.06916735 -70.82475008 1296.41519883
v 303.28697131 -57.89613018 1296.06572320
v 351.12540777 108.67226964 909.50315106
v 359.67115631 119.56750286 911.65816262
v 349.70574720 103.37085655 933.97271548
v -264.72888250 -57.12243097 1165.05529917
v -146.82309485 83.60486480 1127.57525830
v 291.27524220 -45.73199898 1323.29442636
v 300.38615194 -49.16027342 1304.93364592
v -154.64377897 79.01190411 1185.81855501
v 313.30377607 -70.74057609 1235.81645904
v 78.55824176 40.85481878 1726.02192817
v 81.28180214 27.76772955 1733.03907249
v 67.50749342 50.18858437 1743.86098030
v -353.21600890 10.60745192 1121.29491268
v -340.21904388 -19.83121759 1139.16377664
v -340.90699131 -18.94898058 1125.48721325
v 277.94211861 -110.64304674 1334.05192115
v 267.12508210 -120.67954556 1354.14446735
v 278.85760785 -100.11125999 1347.44868745
v -181.64301657 22.84360464 1178.09953282
v -189.98776487 1.02126668 1198.04447557
v -164.37452501 1.15531124 1482.20779829
v -190.19375891 -14.86551392 1197.29763644
v -301.78856947 59.64474789 993.50499884
v -299.38326330 76.06495024 1011.26032078
v -187.74390450 -7.07042918 1180.39512576
v 70.02310761 -108.60664309 1748.97150122
v 61.41454701 -107.12598302 1715.95286512
v 57.75324401 -119.80344850 1742.52929696
v -119.75763587 11.13561460 1478.41085898
v -236.64889194 42.91463106 1281.04926605
v -178.97485205 -62.36164972 1184.68402425
v -229.59527668 15.63795722 1444.30467814
v -242.01066725 0.10918090 1442.44317796
v -172.39329931 -80.06423653 1196.54916579
v -278.66270250 26.83332258 1030.25203472
v -225.39851327 42.46152909 1288.86998713
v -171.75906119 -81.95735454 1100.75196413
v 426.96277529 157.74090679 849.59102761
v 435.22845015 134.87097235 853.49675643
v 426.68915879 125.82446693 870.90196378
v -212.00600001 38.57721205 1432.83742327
v -216.14788556 26.36084059 1446.52446286
v -152.90795726 -97.21133853 1110.00895353
v -137.42919871 -107.75063113 1128.72368958
v -143.56218246 -102.16234715 1145.62628088
v -127.45419479 -112.66738260 1152.63320342
v -107.26583910 -121.43668308 1141.55621540
v 5.54852487 -118.38224341 1776.70732316
v -4.57443566 -120.99461388 1753.68687158
v -13.72010346 -107.10323544 1777.04487590
v -30.12954329 49.39705893 1538.45856417
v -206.61374151 27.18646789 1270.51529140
v 17.16120055 114.99304806 1570.92780743
v 2.90292256 119.67527464 1582.75313040
v -135.25219442 -122.32157526 1209.43309572
v -212.51214168 31.42120542 1275.17317434
v -207.16486624 33.18264023 1284.79367292
v -111.83363649 -144.24048513 1239.58259879
v 9.51285622 110.20884138 1558.03501116
v -137.51431156 -138.84468120 1248.49765506
v 96.41819442 140.35569668 1274.22763052
v -353.86003695 45.18820877 1132.97851157
v -178.50556446 -109.83374584 1246.86890874
v 239.73941082 9.98969957 1358.39927495
v 108.23941985 140.55575622 1294.46839645
v 242.54381310 20.98543949 1221.13464356
v 235.46354181 15.21429582 1218.51478497
v -200.75832330 -70.12473847 1245.92579784
v -198.67127423 -45.61613418 1235.79946871
v -187.82260301 -56.20549877 1216.32559672
v -191.62414132 -38.16980775 1218.05826975
v -204.06498356 -25.77853709 1240.69412308
v -88.85441909 -12.56845097 1736.35852513
v -85.82525346 -21.98492441 1748.07919847
v -84.37025382 -33.92358194 1728.32542839
v 76.88267992 -124.13955316 1095.91908757
v 98.74868526 -122.10302386 1092.23936489
v -352.02237652 17.38261377 1143.78785432
v -201.40509736 24.13384240 1252.18931247
v 235.47838638 11.87234320 1234.12699597
v 161.88963725 -94.49312268 1127.04056513
v -214.36543100 -37.08497886 1245.64136041
v -206.81867099 -44.73808144 1245.47877392
v -207.15114006 -62.51576491 1254.98369026
v -208.91484118 -81.29560637 1274.87355987
v 282.32840102 -41.43662206 1087.77286944
v 276.78079084 -34.64255500 1086.89841304
v 2.28064151 -132.99842486 1003.99370339
v 374.05249492 157.40671641 814.69517474
v 382.01706986 155.79978417 823.70424321
v -99.43100319 -122.76765889 1013.21665077
v 196.45188598 -29.17561217 1237.51338434
v -121.67196856 -151.22667643 1275.86179880
v -340.93327648 126.17996855 988.42107070
v -143.94622190 -144.31500460 1270.79263412
v 63.32095081 -47.92021796 1578.85278121
v 58.01928410 -54.52449645 1588.40347939
v 63.09962841 -44.84608935 1611.65446942
v 44.14051805 -84.74521920 1560.92625665
v 73.22908027 -83.86813292 1543.16319757
v 58.18553867 -94.22929204 1541.96393194
v -104.18742046 -154.06465377 1270.27105086
v -85.96147169 -157.76712249 1270.65382615
v 44.22267006 -69.46653897 1590.26863524
v 55.96015203 -66.42002717 1566.37176760
v -54.86653065 -43.26342629 1785.50302563
v 212.52172764 22.90231113 1352.32949859
v 67.09604818 -110.90064886 1758.72905525
v 59.54685208 -120.02425554 1757.81831963
v -356.42582361 28.03479228 1137.61284446
v -76.32478718 -133.88523920 1185.13160704
v -388.22036166 141.04175787 923.20605100
v 85.23963531 0.43988503 1681.32268756
v 91.58985035 -8.98608432 1679.91703085
v 85.69289930 3.40838068 1693.20850202
v 311.08750222 69.57032335 1045.70599213
v 310.99743049 69.10478266 1030.28700517
v 324.86333553 69.27731269 1041.31047608
v 190.62238405 3.92906702 1449.17083666
v -340.43241053 52.09450124 962.11873873
v -95.04786177 -122.83680816 1126.43468507
v 235.27562100 1.04393456 1404.99420889
v 18.10699118 47.16193149 1475.57024294
v 6.46118428 39.19574431 1493.02518618
v 176.10118006 50.44797010 1410.65608246
v -103.31758433 -120.13447972 1067.93776968
v -111.42160222 -120.48765911 1050.37075063
v -373.18858642 80.77007664 949.32482156
v -143.30429700 -107.27634368 1050.44088003
v 53.48781803 11.51844235 1501.85709847
v -143.73841913 -104.23804935 1031.32124861
v -155.46264987 -99.50107085 1048.83477049
v 198.46554895 -22.08024326 699.67684699
v 61.58410123 -3.31662133 1784.50647683
v 65.98009429 -7.45224603 1779.56058425
v -245.68496268 -4.44020657 1110.29936479
v 178.67056907 34.61038993 1206.80881294
v 186.14805975 25.68131786 1227.01917674
v 87.26792180 -170.50200755 1294.53059171
v 58.90621167 -167.67008009 1287.38331351
v 183.56031765 13.32951046 1199.77571064
v -282.66887811 -52.51027706 1146.68890067
v -28.03854040 41.09876320 1793.81806761
v -34.19134995 5.81303015 1798.56358942
v -48.63192865 4.84123422 1790.92256204
v 191.22664554 -53.13610867 827.19947832
v 200.92072554 -28.45453598 851.54521269
v 239.77351324 -15.96784470 1420.29317395
v -122.51766526 -122.99854217 998.74727873
v 29.30001629 -163.54284726 1290.78465800
v 6.61724793 -158.79996103 1298.66228769
v -119.39841976 -133.20893764 974.83016912
v 388.85457024 87.53380109 975.30076079
v 379.85703147 99.00634232 970.97813498
v 387.61977811 103.66381341 952.95377015
v 184.32118573 -31.24342867 1180.60661632
v 238.42352446 15.92690621 1278.94168865
v -87.83060559 -147.71106624 921.20329736
v 185.34493232 -36.66139296 1195.55377678
v -19.48375887 -152.17854720 923.95468926
v -14.98378644 -151.79334610 907.73088366
v -302.86612001 28.53241118 1230.63349015
v -10.38295612 -150.05038904 893.04536490
v 45.69879101 -150.24331850 872.88375740
v 25.35899224 -153.78632075 912.52653380
v -21.65719989 -90.55241244 1787.96516701
v -4.73874363 -80.81257641 1800.94019811
v -344.25027465 19.25333678 1008.33596312
v -330.64772275 9.04958590 1014.76667457
v 78.81097947 -153.50613039 921.10654282
v 37.67247773 30.48133197 1535.50370051
v 75.05642381 -9.43745800 1508.13527376
v 82.87901808 -23.36435922 1514.09668647
v 106.46702784 -125.45426639 826.38629201
v 79.58918583 -128.82820008 826.75801792
v 61.12394860 -33.28482535 1793.46834091
v -305.66110692 49.19128422 987.33178647
v 107.11693325 -114.26763852 812.99200293
v 10.51365808 38.49525876 1500.98362674
v 81.12836132 -114.96248451 814.33413485
v 62.86658653 -133.46172372 834.93451665
v 35.87028932 -122.39504049 830.51202193
v 319.33122444 -59.03042937 1219.20223832
v 312.44019485 -72.91777934 1206.44821065
v 187.60986959 10.65804068 558.30807749
v 44.32284628 -141.77057375 852.42258997
v -294.70429984 38.54349762 1217.95978351
v 66.21368972 -143.15235920 849.34661171
v -85.98085428 39.71781797 1702.80053494
v -88.27952745 -1.36343810 1693.95313412
v -85.46561540 24.29111657 1689.45694424
v 196.00759083 28.47461448 609.37947826
v 199.56283521 22.73411858 629.20388100
v 185.59824458 -25.53697706 585.51164446
v 10.86429665 -160.74282371 1354.20432458
v -7.04328420 -158.38587151 1355.48234042
v -267.78855383 29.95522924 1145.22049383
v 183.06619195 -39.70622713 665.16113323
v 195.05906731 -21.74428756 665.79332568
v 188.40056313 -24.98266582 619.62410186
v -11.02466649 -159.69217575 1340.66403538
v -13.58292232 -107.76228938 1102.44442613
v 254.41727780 12.62704852 1158.29923844
v 128.84609508 -109.60285277 822.49270292
v 135.51967089 -97.06029809 797.79457125
v 121.05921406 -98.13617389 786.74931528
v -71.88975661 5.75513955 1633.12681363
v -70.97011295 -15.36316220 1647.83196875
v -66.92421064 -5.01279460 1632.89240500
v 118.19082210 -97.25446815 726.56688494
v 280.07748471 22.58310455 1211.54293036
v 292.54276930 18.95850810 1218.56638967
v 277.22600647 16.47663142 1246.50305133
v -35.02104763 -125.69898346 1028.04078517
v 12.58476782 -128.06322245 1026.27819930
v 116.95341685 -93.64929490 641.14059183
v -59.60264040 -76.37620140 1745.48236360
v -68.56391650 -52.91623873 1759.50504815
v -50.81687538 -84.29658221 1751.50713753
v 176.33997720 -85.33302500 1493.06163049
v 201.44917556 45.75127373 1380.45392745
v 136.45792626 -112.13838805 1186.72576167
v 151.29303526 -100.37905236 1187.96574759
v 126.41699323 -114.15143472 1177.92761942
v -325.43645774 -39.98577874 1165.21485745
v 106.93787650 -29.64282554 1500.66492588
v 154.03192321 -111.43684590 917.62445645
v 133.34552261 -129.77234149 917.73595400
v 40.93268440 -46.88920532 619.92120777
v 59.98989607 70.49326096 1579.41142621
v 71.23019495 69.63082307 1601.72670981
v 66.17071585 79.59283291 1602.13905823
v 107.27417869 -137.47503286 1213.30363419
v 177.78379820 12.44524870 439.77000678
v 31.21744551 -29.96250183 634.86479644
v -286.28694700 -7.84000772 1338.95056252
v 33.71897432 -50.95787614 663.26931389
v -12.25322537 -112.86952393 1715.84775027
v -31.14617385 -102.15808234 1711.56505052
v -19.86730997 -113.01483854 1729.99676435
v 77.19365758 -79.67957150 612.66905568
v 176.32501984 32.36855207 516.87275607
v 47.52711367 -155.09387470 1254.09449877
v 52.70994285 -146.68558513 1226.68794941
v -300.33419646 20.55865644 1244.29872336
v -303.61689155 6.32813481 1265.72688630
v -311.34988550 -2.90126153 1250.80847325
v 182.01456421 14.04090308 529.42609696
v 110.10323861 -91.54879698 618.43281857
v 74.03488507 -141.84053196 1219.08911402
v -340.93701883 142.24236291 954.55974359
v 36.13949885 -99.22126632 1678.61685845
v 57.00475636 -81.08011253 1674.79722909
v 36.11790204 -95.45974922 1662.31622893
v 388.90869424 61.61781178 1007.38328826
v 111.07826231 -89.12693968 600.18743734
v -331.96849640 141.24217180 931.66639907
v -67.63659617 -51.76234365 1665.69274297
v -56.42822469 -74.71164754 1676.58089522
v -51.10023540 -70.59118759 1652.25386622
v 255.33084015 -132.31489516 1359.79198860
v 266.30492514 -126.45676506 1328.27593285
v 67.33960137 -53.75230520 514.32001177
v -333.50632271 5.19827318 1200.15307050
v 49.68595860 -24.57736540 518.95377742
v -33.04303307 -99.29821349 1698.45196258
v -48.78027995 -82.66118631 1676.30928012
v -46.41820394 -88.63440882 1697.03489735
v 85.98437416 -35.80061482 1717.81174804
v 82.51111266 -46.31465646 1728.04118512
v 86.00726482 -32.27666096 1741.82093847
v 198.19573117 39.85457877 1315.78094941
v 201.00857149 18.84494236 1312.87008914
v -306.20439690 87.94966454 1003.43435743
v 240.18261862 16.18998157 1255.82856729
v 30.81278166 -90.93012861 1649.57149531
v 40.42677608 -83.86986176 1642.50794497
v 32.93323859 -91.04138676 1636.24966045
v 89.00425635 3.55315891 434.56772962
v 94.05445559 0.31043829 422.94016536
v 109.79187431 14.78680796 427.35246329
v 135.68824368 23.55004909 402.42850576
v -10.86598793 100.83351268 1751.07753478
v -15.48963549 79.81253862 1775.32378259
v 303.03942926 -9.81020964 1254.70544070
v 292.88912842 -4.75064344 1268.21662802
v 127.74761249 16.26758580 371.65965618
v 118.39577718 -126.56927286 1045.57219871
v 110.31284131 2.35223696 368.27412515
v 246.09551025 19.73309689 1244.98725527
v 260.08409698 18.34485985 1258.16686980
v -375.40200429 53.64980652 1051.91683748
v -372.00672201 42.67077438 1072.99509432
v -373.66587982 44.26014273 1048.23987055
v 159.50703012 21.79639881 370.41803680
v 302.19770979 -32.58656364 1058.48691658
v 324.20594369 -14.20990781 1028.85608533
v 309.39448713 -18.59096759 1039.12872227
v 179.19697345 18.36385773 365.09696611
v 127.66838035 -134.22355734 950.15919772
v 186.13567538 14.56620404 384.15483173
v 170.49899941 21.76668175 402.16226034
v -70.97175944 43.06794865 1757.42464772
v -80.84078862 20.05216202 1755.53630744
v -79.54990363 41.52474631 1742.92830442
v 45.57428528 -153.28326142 948.63039591
v 185.70739178 -47.89819429 1210.94120408
v 193.86871888 -46.34724385 1239.24610282
v 144.83915037 29.10939946 416.53433896
v -359.71183198 100.88244698 1015.83587063
v -364.56058050 114.52651734 988.63919838
v 37.86852476 -141.08939018 993.44055947
v 177.57734799 -74.67800336 1211.63705901
v 187.64844418 -67.06619984 1231.19731128
v -334.13904766 207.44631085 822.20037384
v -325.65444919 175.41935211 803.23710664
v 176.84816587 19.53079546 507.50374740
v -349.58178727 176.16840024 899.14655049
v 186.67732124 -11.62586684 546.58085194
v 413.30901783 123.35108411 888.32247483
v 387.67690723 64.97207478 906.04325855
v 379.93794824 57.97046213 925.60204006
v 388.93664378 56.50611974 940.41113118
v 174.97869642 -49.23765858 607.71869047
v 200.29930285 -14.21559223 680.17903658
v -91.88805630 -8.66867084 1668.45897608
v -85.07641849 5.48233693 1668.31555512
v -90.12379319 7.15673009 1678.79841809
v -254.48395439 1.95387130 1083.92317263
v 190.91825297 -55.46393869 806.82728891
v -237.68724502 -34.78429841 1145.00891107
v -238.82305430 -40.52752470 1149.75604589
v -311.53142353 0.56644223 1025.21336675
v -310.28156350 -21.14255253 1060.90856806
v -229.64441246 -59.20872446 1193.29069082
v 190.67572052 -52.13430874 869.54877440
v 346.78862216 83.62966679 927.43162932
v 352.04730115 72.70031978 925.89030871
v 354.06578625 81.99663386 905.33126538
v -361.39038099 142.69329373 863.36129712
v 127.77973657 -134.46460136 902.03166404
v 373.66800812 150.75389905 827.01516626
v 371.79754949 141.95575487 822.87704548
v 372.89904644 150.18818074 814.99898298
v -334.79160800 177.38051693 799.14734364
v 128.95274535 -135.05054660 930.11957458
v 29.02379012 104.79278495 1637.09429140
v 24.51713080 102.13568290 1666.45957414
v -323.88119048 173.31133747 846.38466541
v -323.80507449 172.51019811 874.77343752
v 30.47989634 -145.49423986 974.25422399
v -312.14693781 199.67391861 829.34789253
v -311.91740140 197.85722394 815.78961339
v 402.63911792 104.00218783 823.71633388
v 396.64295303 89.78567272 826.35389051
v 33.53312051 100.20385762 1683.65637560
v 45.03830407 93.44439177 1677.49193137
v 43.30098841 103.55093276 1698.29624735
v -266.54992910 45.88974529 1201.18527746
v -372.95936401 96.84733531 904.35784244
v -363.60326977 86.66592762 919.71923685
v -363.25569193 101.71911085 893.33039708
v 428.88102676 115.89217907 875.91049378
v 419.87267072 95.71640417 887.00227582
v -235.99396056 -101.51900417 1290.87810533
v 371.55382447 87.02186119 858.64501891
v -334.67597462 163.20462684 886.68351199
v -30.95233700 -92.69430396 1670.51350578
v 87.34747401 21.46899374 1472.01517789
v 353.95922131 -17.48556049 1083.90218029
v 338.88801519 -29.85976698 1076.04356973
v -327.68250130 139.32553157 894.17017611
v 187.61951240 -40.38535097 1154.31752547
v 83.92761922 -26.45154760 1751.20193673
v 84.06670880 -47.01347604 1753.12228900
v 77.43417409 -42.49964710 1768.99726401
v 184.95399047 -4.52140303 1180.35580942
v 380.17775135 34.44519007 1057.29229812
v 377.59784374 21.21374513 1047.03106322
v 374.65665512 13.18181839 1065.13044339
v -294.36068601 57.94086377 1012.91899704
v 346.52693900 -6.91043208 1023.12103322
v 357.94943611 12.60129462 997.08933945
v -94.97601554 11.30245004 1491.96753482
v -57.52040545 24.99187349 1780.44130652
v -60.03165943 -3.10340481 1782.86595923
v -70.55744398 6.25246647 1771.69029226
v -383.11420102 78.97524844 993.05399679
v 341.69580988 31.25411920 974.30641229
v 320.72771806 28.58291228 993.56916856
v 340.10506239 20.53936531 981.41721896
v -361.18107122 37.44023156 1005.45239148
v -373.80282973 145.03485390 930.13208574
v -364.86231234 134.85555685 959.50195228
v -68.04909413 -35.72884468 1646.93942976
v 355.56600023 137.26430217 879.26895164
v 347.56376076 123.35499093 881.22732453
v 54.34716073 83.73401169 1718.67765348
v 40.14312132 83.24251353 1750.76524756
v 41.31423262 94.69370114 1724.56985101
v 29.32052185 -157.28153836 1267.45130011
v -326.59269931 151.59705615 888.50696006
v 371.72540285 126.65371422 911.28299747
v 361.25000547 136.23570399 892.11006024
v 376.06772045 150.95970876 876.92687854
v -349.49130883 173.68902361 845.25365202
v 416.39201478 165.45407397 829.26552456
v 426.73035075 159.89772865 829.84503819
v 418.96456082 165.62548349 841.45948313
v 179.70931322 -38.40685524 1486.46070890
v -203.35727379 22.13683850 1457.13050155
v -55.65281022 -57.03835956 1773.61467091
v -317.28690547 87.92695733 1072.73130893
v 438.47935501 135.21125536 845.68293374
v 434.62912992 134.63889125 836.78697026
v 432.12577323 126.11482115 844.06525537
v -318.67399135 99.62760271 1037.15489975
v -266.30644894 22.56423871 1084.87783376
v 155.33414295 36.72125637 1435.30821219
v -317.40512501 48.20283488 1161.54932579
v -308.53154080 45.10210853 1170.51063146
v 54.93583455 82.58266787 1433.62280285
v 38.64111019 107.44982206 1410.41511876
v 299.86948202 -47.44811092 1088.29486465
v 316.70082818 -42.46487093 1081.92830311
v -36.22483975 81.56221916 1439.66185457
v 278.83135970 23.83721664 1039.31426151
v -79.29228918 -22.34746162 1670.19602349
v -88.96838742 -9.54926626 1654.21011349
v -87.72330661 -17.10457773 1670.49621315
v 221.41838850 -107.98592735 1266.84933451
v 204.91915560 -83.65185750 1258.93426293
v 196.69884327 -84.48394525 1254.76004502
v 212.56058408 -99.90159066 1265.63163129
v 324.10232179 62.35188638 1073.83353449
v 340.58754558 63.10187357 1072.05170523
v 305.10976831 65.21720550 1078.13386690
v -378.70571501 59.12632562 1023.77997138
v 243.54574964 -81.03879808 1199.44360691
v 28.66355681 -130.07463348 1767.03037565
v 34.92582119 -120.59846069 1787.06699698
v 40.69327024 -127.90130779 1774.11999131
v 11.70735495 50.88224539 1462.90951940
v -342.27523617 78.33714982 932.25743620
v 280.35477837 -57.18085600 1357.95387157
v 369.37378830 54.78291750 1061.03411929
v 381.07290032 45.33015128 1051.09098151
v 371.33242815 36.79880248 1085.42521063
v -20.60765690 72.01997237 1780.93820758
v -35.63788930 49.67143510 1786.20366068
v -178.21752595 99.83332228 1361.02462511
v -191.43695061 66.65090450 1406.69030108
v 351.99986958 -10.94781797 1163.73186690
v 356.37802008 -14.64440351 1139.69050559
v 335.09952357 -40.15170715 1166.91481546
v 70.19958467 -8.59380018 1516.19252857
v -325.90273426 61.15461727 959.68300376
v 307.44601004 -79.26260341 1217.50494278
v 300.92458273 -82.50982081 1210.65099757
v 47.61558001 -75.03914929 1798.97746154
v 65.17599816 -63.89559898 1787.17775811
v -281.04084322 44.98324971 1201.84986277
v -215.73438340 20.80902247 1260.58795129
v -0.85316854 -86.47265187 1577.06329923
v -9.31581447 -80.66619186 1589.28453673
v 5.14141917 -87.25588927 1591.91023351
v -256.43697870 19.22311726 1159.25343772
v -260.99046513 28.09150463 1159.53176633
v -82.45749192 10.40545166 1643.32767475
v -81.62344645 13.14112708 1635.19622666
v -63.25705554 -41.94753334 1606.01737852
v -53.29015041 -57.52145490 1617.62141959
v -56.82989195 -51.85142725 1600.29597540
v 275.86198640 21.33345060 1191.12534140
v 219.22675503 -70.97944659 1472.19157840
v -4.22895776 139.11934486 1647.27230907
v -4.46145777 127.30805003 1629.73351611
v 3.85890258 128.43217672 1634.21547360
v -319.59352099 -45.94370404 1132.99726573
v 11.51664467 -122.73504721 1733.72971684
v 26.67193103 -120.04061355 1712.40280138
v -1.29745875 -114.93535106 1706.31761197
v -280.58164995 -4.29892257 1360.02377541
v -70.83480233 -166.39221849 1349.04956324
v 9.32073101 124.36126380 1623.66245990
v 35.92487851 104.99295209 1620.85037216
v -288.05185717 15.94502413 1286.31001396
v 82.38520046 -58.57951035 1744.30302712
v 78.57021091 -75.20722332 1542.27383364
v 104.77827116 -87.04366306 1531.27309402
v -121.69500724 -162.15175375 1393.50299972
v -92.62589282 -162.45010181 1371.30508147
v 86.37559629 14.89669924 1718.73872845
v 83.06344908 13.04952402 1748.01939826
v -95.32980307 -164.52112682 1351.95541158
v 154.77591710 -103.87271550 1496.67427331
v 170.46192613 -112.85292540 1485.01901910
v 162.50020191 -133.19928920 1470.48882889
v -41.12198540 -152.43986541 1431.69301642
v 300.93473883 -75.55187867 1169.73001349
v 284.85306549 -77.19055431 1171.18415404
v -84.52911215 41.75801854 1730.06039603
v -88.92188602 5.91799179 1744.18328597
v -87.98130433 30.63117957 1726.56671263
v 315.89526807 -32.88171035 1057.69332619
v -348.53362960 126.03851904 988.26414907
v -356.29012064 121.22445857 990.57751646
v 61.28783922 -137.35940535 1199.38626330
v 89.02851853 -177.51058656 1330.53712055
v 69.77866060 -175.42445781 1341.11970231
v -25.61412785 -163.35891925 1322.14343578
v 171.93379834 -166.50853007 1408.56563670
v 158.06890664 -156.61033635 1441.24423122
v 186.64629100 -155.87989273 1421.47937466
v -23.78936334 -158.50691966 1380.99340039
v 45.19025316 -86.23350238 1617.40132256
v 42.26465729 -90.77017543 1625.09479293
v -14.31788879 -151.51910792 1433.15336259
v -82.78713150 42.20051018 1654.53060254
v -82.79449672 26.06045089 1669.88209862
v -79.50993050 26.80009771 1651.47491123
v 217.64218451 -149.99586196 1343.72062745
v 207.35868809 -156.71288929 1356.20026066
v 223.43707203 -152.62881096 1356.71589036
v 382.40271623 61.92837299 1023.33903337
v 193.31186244 -154.76827282 1333.93290438
v 140.67090028 -148.72152541 1466.38495588
v 125.10398737 -161.92694294 1441.79902148
v 88.71253234 -149.22438316 1473.09577813
v 354.39238699 42.67662025 1118.10955342
v 362.22979956 34.87337973 1116.24022158
v -326.19173469 143.13711538 879.96245132
v -339.51075500 137.99080270 871.59649867
v 155.59938024 -154.15675570 1282.96276868
v 169.20987124 -138.43497141 1267.61512934
v 310.75316254 11.53524400 1212.54171307
v 252.32907373 -25.80942031 1137.32002806
v 257.68891213 -24.06974540 1115.82687419
v 264.52596755 17.44749221 1131.46124831
v 23.23307182 109.05067179 1725.98724940
v 7.06060959 119.94599475 1708.68744005
v 21.86909901 118.53839641 1708.55587941
v -135.95186692 -28.04343246 1505.51822241
v -156.12059620 -48.10894406 1506.77822378
v -51.92033780 -65.57745390 1637.49412684
v -40.02959074 -76.22388891 1641.52197438
v -157.16139571 -74.50538783 1506.04032611
v -340.16685677 155.25094133 929.81133479
v -387.87748502 161.07442990 901.15940757
v -94.45979916 -160.68947500 1400.67831725
v -106.01220304 -153.36184192 1432.76987001
v -88.05747359 -156.25569889 1422.17254571
v 278.28614847 -72.76284447 1363.72989143
v -86.74824172 -85.64766005 1529.49938654
v -75.89171970 -100.51936735 1523.51037566
v -96.48938126 -98.80709556 1525.78731738
v 337.78711041 -14.67415701 1207.63325496
v 326.36756414 -24.99452043 1227.02124253
v 95.25806434 -15.49639317 1684.51269019
v 91.10003323 -15.09384047 1658.73908492
v -20.94369734 109.72137031 1664.45446764
v -28.95109462 111.32851567 1648.34271192
v -18.76554801 116.02497856 1650.71291793
v 233.64280700 -72.26033337 1456.85969088
v -79.21107880 -16.28698788 1540.61236687
v -46.39253357 102.23809506 1665.40174063
v 28.20335987 -129.68415889 1508.63659526
v 17.26585257 -126.14584112 1522.71001848
v 48.48840892 -122.10519704 1513.82659740
v 64.20114245 -59.23901412 1646.85660548
v 59.81376834 -52.87120712 1622.35309589
v 58.49921739 -67.81982778 1637.74629881
v 91.51874943 -159.47458526 1446.97857110
v 29.67318483 64.62849585 1454.68215319
v 91.33079685 -54.11086462 1524.18181616
v 78.51793374 -35.39745066 1524.78900397
v 92.53509829 -44.04344092 1518.65581960
v 98.92537706 -95.65411737 1530.26626375
v 118.77445442 -98.51082361 1518.75785998
v 98.11699860 -104.56491662 1519.71571016
v 394.56265213 125.56132633 816.67117614
v 404.69317656 124.90018363 820.99151931
v -30.84956692 40.89773166 1509.81152241
v -13.15011201 123.34622224 1644.18174120
v -4.86964220 137.48445143 1655.43359860
v 405.94517541 70.67530005 856.77020710
v 400.70883953 77.68064670 841.39373466
v -356.12259890 41.90641148 986.53903390
v -344.60361759 35.95919008 983.49870051
v 21.91553552 86.48396805 1550.58625744
v -312.09030456 20.99054789 1003.28339730
v -257.61856765 -22.86151184 1434.18904444
v -24.49045598 -81.39015883 1576.25280136
v -18.76364472 -79.01626496 1599.69396730
v -337.08240282 170.61235040 843.48924460
v -347.45781864 156.95550951 850.17141815
v -264.60578055 42.85026768 1188.78238013
v 348.47048649 -15.53717648 1187.33422363
v 338.53452058 -23.63506101 1206.27547088
v -257.22719479 35.70088448 1177.83054046
v -352.18755576 109.48296346 879.37479053
v -343.52391443 172.67586655 822.17847668
v -41.81300190 -77.99379253 1625.87662728
v -48.98990272 -65.24315276 1626.28070662
v 84.87819756 -64.25082969 1538.24186847
v 92.82506888 -61.14176108 1532.57786560
v 358.26385100 23.07247323 977.07420613
v 369.14113379 23.75850040 990.53169794
v -267.36782002 -99.17578924 1364.16923908
v 367.82771608 27.86387099 975.94948733
v 41.71579099 85.66097941 1566.24679934
v 39.00854391 58.68196140 1553.89797752
v -211.64252266 -75.27339917 1475.54381869
v 42.25557272 -72.90263702 1608.79169541
v 39.58413441 -77.77708671 1575.35693569
v 16.39083729 -83.06909609 1587.75675849
v 32.67264210 -77.15221854 1590.72380960
v 172.30822249 -171.08726429 1383.02361252
v 186.67304749 -167.27439714 1364.43426484
v 172.97328656 -169.33340741 1345.85344066
v 36.05338735 -115.37902994 1531.60070539
v 38.53822042 -119.86425811 1524.45589379
v -56.29551398 45.72596985 1772.71493033
v 141.94465819 -124.97042030 1486.45489726
v 188.08022174 -109.95763744 1258.69709579
v 197.24026110 -125.05443052 1302.83314135
v -48.05015245 -16.39840418 1799.22372442
v -47.42715277 -36.59252625 1798.85048791
v -57.85543690 -20.32220998 1794.37190569
v 72.10979554 59.34876669 1703.87398397
v 64.70491449 74.81933488 1685.84846716
v 67.74364789 72.97772244 1673.77268301
v 0.03055118 117.34923913 1717.66157728
v 283.67985252 52.87743196 1060.61163251
v 293.59302041 59.71348395 1086.35357291
v 272.92906372 38.45664660 1087.18288557
v -33.37597311 -84.33339945 1625.44543211
v -34.63211704 -82.72438183 1617.79538867
v -134.20739817 -97.03914922 1508.26374565
v -142.11892499 -118.22793027 1484.60569625
v -1.75923624 -100.75036677 1660.90139259
v 18.32115444 -95.41838759 1646.42113333
v -8.44990363 -95.51714163 1651.28638742
v 19.00007525 -98.20395463 1656.64266368
v 5.27340155 -104.16191706 1662.76239512
v 16.49642622 -104.87955337 1665.77382588
v -311.34084207 185.68257554 832.54984953
v -323.23810913 174.02943701 821.09038188
v -323.56750379 176.62262847 835.47151039
v 87.96090135 -14.64741741 1702.48935986
v -73.19057542 -38.44783703 1554.35610377
v -72.89350671 -61.44243989 1546.80295944
v -81.97029644 -38.42958961 1541.20558417
v -52.84131007 -86.46452757 1728.64906068
v -58.22456382 -78.07990222 1706.90972682
v 83.68065367 20.08067265 1658.57650023
v 80.64074436 4.81725708 1652.86273647
v 77.33027044 1.47326902 1664.29376907
v 83.48315265 40.22758440 1646.54059810
v 81.41384000 26.92005917 1621.36784065
v 83.60776182 32.04723002 1642.20743821
v 104.91319004 -179.13028545 1359.40498827
v 86.13872174 -15.42800946 1648.25606439
v 84.44359649 -6.25564429 1641.92248186
v 73.91773741 -7.36804492 1636.55416226
v 54.47772379 43.13087116 1565.86869454
v 38.27302739 44.19019422 1549.69230282
v 51.59891237 29.01767191 1554.88415761
v 27.50025604 51.45614176 1545.16202646
v 10.38779206 123.90337759 1601.13355134
v 75.86480460 61.06980716 1664.98300910
v 65.38441827 84.05962577 1642.18652379
v -12.83344280 125.54362139 1616.02998889
v -18.16412049 116.76891622 1635.12366388
v 90.64085408 -22.54282315 1674.43850565
v -58.21662566 -54.77043212 1582.91505540
v -67.43301809 -30.25246336 1605.47269975
v -12.14487243 -91.56756962 1556.68121798
v -302.33946524 -37.51278233 1316.40431881
v 305.99441487 18.25660704 1193.15260273
v 316.05195932 22.07663407 1173.38967802
v 330.77206212 19.64346363 1174.13012062
v -357.14715477 125.34548478 869.24844889
v -347.35311310 138.91404310 865.56864279
v 340.66665642 9.25913281 1179.07811790
v 351.41382966 -2.36248772 1174.88214320
v 338.54820863 -3.34336694 1196.24317481
v 292.90821350 -61.97947673 1328.62854966
v 295.81712604 -81.05723212 1310.46519431
v 284.92379747 -83.42465631 1342.37930867
v 177.99005750 -96.53665272 1489.83425368
v 71.76629230 -93.52504716 1721.87451298
v 118.60454986 -73.23957816 1516.57033043
v 117.82894751 -85.86549202 1524.22243733
v 108.01900377 -67.53612676 1524.90020774
v 69.86797504 -78.34279759 1704.60703808
v 74.41821765 55.73610588 1602.01540618
v 76.40634777 28.64294755 1605.34077987
v 77.42187423 52.94919187 1616.32418522
v 38.16722722 101.93252855 1591.53799116
v 51.74755948 95.91293441 1598.58703805
v -312.73951226 185.44271481 815.94484461
v 151.62928631 -146.52166577 1461.67704835
v 140.82128968 -48.72289075 167.66169805
v 145.39565203 -62.35263507 165.94843244
v -321.10611062 176.00451320 811.82897505
v 356.99291324 134.04384428 830.64907329
v 360.13631148 134.02877348 821.22523011
v 364.05122273 141.95639409 831.82882861
v -333.65241500 168.10144088 812.68436647
v 186.61088123 -124.18935960 1464.79090726
v 178.33232165 -145.04431572 1446.94696552
v -336.46540252 175.17422306 834.41022326
v 45.06274998 94.37173459 1665.91309560
v 60.87314672 86.44788969 1659.38898363
v 189.26344112 -71.26997550 101.39815654
v 141.83047121 -68.88713500 198.19978585
v 120.40849521 -119.65500065 1502.64501765
v 135.54603988 -104.59951398 1507.67761762
v 378.15476119 154.88906525 862.21856734
v 371.31827626 153.71912516 838.41806915
v -40.07879976 111.48031328 1693.73490437
v -24.25112516 106.49169068 1693.09587282
v -20.98573154 115.02964744 1696.11754436
v 98.24847796 -122.98439256 1505.98998178
v 82.46073402 -109.81652451 1521.66558041
v 16.44833225 98.28165567 1684.30841063
v 159.90989247 -85.20701131 493.05048733
v 176.11104801 -79.11797812 482.81739230
v 416.52387011 157.01100090 859.03912245
v -347.64771615 127.73856500 871.55795814
v -71.95211410 -22.12811477 1660.45263000
v -356.14962734 112.07482144 871.76924906
v 149.68982044 -43.14383330 134.95033488
v 156.09102271 -62.94317686 114.74413276
v -364.98714698 105.51518569 875.44068274
v 28.42383741 -82.92135219 1609.89552720
v 418.65602616 103.07617693 891.81927914
v 411.00667582 93.49751453 907.00304238
v -93.19972355 -7.81479709 1683.99765134
v 26.66882153 -98.66063199 1617.76604119
v 215.08796208 -25.90011188 268.08630726
v 265.92806485 123.16633580 13.06658620
v 265.74326897 94.28413744 19.05611612
v 353.33528844 145.13714017 865.69904572
v -323.36218876 208.78325146 819.67017580
v 51.27489454 39.15179438 1776.96433361
v 292.54229510 -16.04664423 1282.00611941
v 379.93802406 116.49977961 936.05617782
v 381.92081859 127.51381381 911.34404363
v -38.76175935 116.85490609 1702.08170955
v 340.67835656 91.77050849 967.31560293
v 151.63114107 106.09502020 29.90117554
v 292.63243337 19.75290107 1201.08094143
v 198.26825490 2.76746271 294.40963566
v 85.65451600 27.53383244 1678.48263689
v 82.26922615 12.21416742 1681.77318034
v 81.66891614 -7.13442983 1661.82320760
v 63.04351766 65.97679775 1732.92913514
v 390.75457294 117.23650061 922.90439039
v 19.96925268 -109.90960147 1539.95809518
v 29.05041432 -102.18608200 1544.72147111
v 120.98097091 -70.38282097 271.51745944
v 187.98268407 144.29075543 27.75149374
v 190.44818000 122.65048810 32.92838078
v 172.96386722 146.91070730 27.41833804
v 34.66665270 104.04401032 1693.16154957
v 20.77466474 100.71556383 1691.15303906
v 62.57968397 -115.75854487 1518.82019068
v 355.69781052 54.71925228 1081.62570928
v -4.17052653 116.48919000 1683.44913420
v 180.16158768 -107.73336542 345.62853438
v 244.97912452 -64.91130424 1188.38470196
v 104.54940194 -69.10974537 300.86746488
v 71.35230388 -142.21875448 1487.00669594
v 71.67730796 -127.16458883 1506.63719439
v 346.58809501 103.33958882 881.26921211
v 125.71874892 -134.15513025 1489.39785013
v 128.20366731 -141.65450514 1479.16679169
v 358.13801234 5.08913176 1153.34151335
v 358.73629493 22.63514726 1137.92595633
v 363.56580905 11.64152087 1131.48344345
v 346.52002378 49.37489467 1113.04506753
v 38.32761790 109.13559631 1708.48875041
v 162.70688218 -105.90159138 305.37163609
v 369.43750845 69.38527039 887.57306536
v -10.72652042 109.05081166 1732.90072135
v -63.65710252 -70.70414972 1692.54533340
v 218.28164475 -45.49454732 296.62607760
v 130.55232970 -107.27896485 361.45556959
v 137.80711252 -108.26230053 369.48620949
v -7.20781363 115.99099555 1693.35805389
v 0.39793263 122.03823033 1700.48431346
v 377.96756082 88.00554723 828.72050809
v 363.95443487 115.46254115 838.28532831
v -37.14602186 -71.13824624 1610.83465991
v -23.48204093 103.81772057 1685.21244759
v -14.11680832 105.78237314 1681.40816599
v -24.92595821 -87.00681322 1647.52687471
v 84.87022386 -101.28999935 1531.99528164
v 75.87904816 -55.32067957 1779.85003830
v 77.78797533 -84.58148915 1767.80840138
v 394.81928159 69.22362201 983.75117858
v 397.42361318 65.78604622 964.33004242
v 197.58191081 -0.85173664 160.25599118
v 387.22412332 151.64964571 837.16057796
v -66.82431730 -46.65636817 1623.21393393
v 68.40944139 -107.69251239 1532.01689665
v 156.18099082 -73.09604939 3.11088912
v 166.22274452 -83.49970433 15.86067918
v 169.34364615 -84.38469698 1.81052754
v 76.00576752 -41.57028776 1781.83766688
v 69.63759910 -38.44816468 1790.36871479
v 139.46472195 -35.54360441 171.84334074
v 144.85203512 -32.85941787 155.87894287
v 184.66089996 3.41262348 144.64981575
v 198.90138076 -3.19934807 144.47506219
v 51.90315971 -150.57034189 1470.38496984
v 79.95451314 -84.25261848 1745.99514950
v 404.19696796 158.81343504 806.74458435
v 428.07522352 150.75754103 827.87824194
v 106.67586038 -53.33546316 288.29367488
v 100.72590828 -35.35308998 298.54171492
v 93.78726533 -36.90710468 323.75144067
v 90.08450175 -68.13266267 390.72213628
v 12.62088447 117.63267115 1699.68400308
v 22.19166259 -93.76719524 1610.02851416
v 14.22339595 -102.02878486 1606.84372787
v 116.84722843 -100.53314149 367.63327679
v 109.77232400 -90.93288659 348.53980059
v 394.12287675 60.48878093 942.19197296
v 32.14406386 -76.99439508 1602.73654022
v -70.22515524 69.76319704 1726.25950219
v -74.31159549 67.47616393 1693.00652510
v 174.64185182 -85.49348184 166.21490587
v 185.89419800 -82.29217844 161.53341444
v 119.31286705 -103.89706800 391.63316480
v 54.17861387 -74.68111603 1560.94769786
v 361.03868850 31.82520486 965.29880949
v 375.31350992 42.98060025 955.92082320
v 365.44466524 44.59548143 946.22350071
v -3.73303316 127.63381262 1667.95410319
v 5.41495992 123.77625802 1671.89028092
v 38.52470243 -105.12288963 1537.37687952
v -40.79520799 106.30090165 1685.69000199
v 214.64427642 -69.30179038 348.89934734
v 418.07976163 79.34068753 871.34528437
v 187.81588890 -103.91747970 375.10090600
v 213.72772771 -69.19665100 313.09307855
v 54.71604211 93.37430440 1706.84216943
v 398.80969132 65.89752553 879.18912183
v 406.11750069 69.08331382 867.12857975
v 391.25352424 66.01038181 870.03534652
v 21.52854408 117.26265932 1700.51868355
v 18.70698573 -107.41101547 1681.49531202
v 10.30452251 -112.18322738 1692.81761767
v -17.24974244 -89.96323909 1640.49300966
v 24.67495076 61.22310286 1783.25403414
v 26.05445164 27.78009662 1795.20779135
v 10.14603354 56.43712979 1790.21212485
v 345.38054598 -18.96006695 1052.80085941
v 331.84406281 -27.69155698 1054.43936643
v 3.78628126 -95.73619490 1640.39979958
v -1.45050774 -97.83634684 1632.16964753
v -14.56508936 -95.41862316 1632.31918421
v 231.67938026 -55.74837733 3.63191442
v 12.40769671 71.27424762 1782.51311100
v 78.36561216 -6.37038750 1761.60679554
v 376.51231916 29.53299971 1074.58376980
v 121.66021400 -83.17000825 487.14263531
v 134.99206412 -89.65095899 485.67667153
v 144.66613511 -82.41302557 521.93580376
v 133.43056379 -85.07633454 546.54065536
v 69.35131104 -24.64106001 1790.25962963
v 86.99858959 -7.07384608 1650.18701791
v 69.87812745 32.99638799 1754.46609595
v 390.30896490 155.20174883 871.45585921
v 73.87828154 -22.48727375 1647.63285184
v 69.80712888 -35.67034299 1638.88285748
v 73.81534763 -37.01369278 1655.42702847
v 169.33284710 5.94459388 126.10851263
v 158.23882414 -1.24643648 119.77197281
v 165.02946247 6.48641659 109.54357047
v 71.61348170 -10.86242121 1632.26816880
v 78.36366019 6.67892714 1625.41789958
v 71.58504910 -7.58685861 1597.74629339
v 58.91882350 -84.89316232 1689.78412331
v 407.44722365 157.23883602 863.20356483
v 407.46428090 161.99126722 854.33372228
v 218.75318624 -37.45657664 316.75810869
v 74.15756616 2.46998514 1603.51621973
v 212.99884743 -55.48560103 256.06031742
v 214.69239023 -56.09558663 270.93881971
v 84.43355009 -32.69303603 1695.99987286
v 33.76366051 -89.48238454 1559.95667315
v 14.26759739 -110.44458846 1787.98169268
v -3.85906055 -103.72453416 1790.58460302
v 31.35306033 -97.73425203 1798.53841112
v 333.13689160 -16.24126518 1031.84468982
v 321.77496429 -4.39269905 1017.24304303
v 212.25416467 -46.01565919 225.21901964
v 215.76707893 -35.87629548 221.18135485
v -7.96329705 -103.55768774 1673.96617649
v 56.88042360 92.48007876 1700.00069200
v 175.08081859 -92.69001019 49.16057110
v 165.18431585 -79.50861814 30.18558396
v 42.14784506 -128.68889740 1749.17838120
v 210.25132050 -42.80218963 178.30247428
v -67.14810891 -16.45660618 1783.03376854
v 345.52485839 17.85706382 981.90820778
v 116.67225350 -21.23427136 237.71546208
v 119.66728662 -21.03010134 220.49547105
v 77.96038533 -47.24248639 1685.52554079
v 66.66076511 -68.08608625 1680.80612052
v 74.75586082 -65.55355444 1699.13494230
v 82.54865124 3.88687677 1636.61791318
v 123.80262151 -6.38884824 241.39122930
v 131.09787249 3.39856861 250.62571815
v -56.80850280 -28.40417839 1793.83738199
v 2.69945279 -99.55885841 1605.48424362
v 10.12904958 -92.48556269 1601.03569562
v -11.21678580 -92.66639853 1609.96668720
v -19.65882416 -44.22184016 1802.16462359
v 299.26640816 -87.18662951 1262.55107384
v 293.06068765 -91.48002190 1306.98704817
v -1.62907147 -106.90998690 1609.80567715
v -1.76445235 -110.02424252 1617.32186527
v 16.09581291 -102.73597265 1618.11687916
v 182.00292090 -96.47408309 32.30396137
v 174.18869583 -91.33484669 18.69160904
v -23.93135802 -0.13400966 1802.33390547
v -21.61960363 -92.87981345 1625.93183158
v -8.62548848 -108.78469741 1625.10259217
v -10.08718871 -107.05441183 1616.65691018
v -31.67972258 -52.23737983 1807.11529273
v -32.73315015 -42.27875275 1808.50311010
v -288.44223077 -82.39298109 1236.51981072
v 338.62855610 -47.58485434 1147.47531309
v 323.47993565 -62.10390581 1141.15736701
v 325.16233366 -62.56601467 1154.33939995
v 169.20315853 -58.65488971 635.30054900
v -18.45999619 -92.48247316 1619.62080936
v -21.87621072 -83.61337156 1609.48776859
v 158.40444396 -68.60676269 592.16902934
v 176.57979692 -47.05886932 576.95736159
v 14.53143298 -56.28704238 1804.51349821
v -16.52835585 -63.75430686 1803.69528131
v -79.79369996 43.87023057 1638.55244866
v -78.84820103 55.20685196 1641.16722346
v 14.02330415 85.24769503 1766.29020806
v -168.81896171 81.54886146 1408.27063534
v 357.26864774 141.18658711 850.55699120
v -230.50315532 -58.16878914 1184.62171769
v -227.91194681 -51.63047492 1173.28522415
v -237.78495977 -49.02446650 1163.91600139
v -140.65757392 47.14786132 1449.24339979
v 147.20128939 80.76398706 15.50863670
v -72.97033072 72.09546369 1671.41942065
v -82.84999174 45.56187353 1680.73665690
v -74.73112452 71.87545921 1661.11984768
v -12.41460654 117.67856251 1660.82435712
v -222.10136303 -50.18533255 1176.49126215
v 190.17083586 8.12015190 283.80630961
v 197.10534223 0.36003870 248.32979252
v 197.54874523 6.78921463 112.85182719
v 205.52522028 -4.69083053 113.67911716
v 193.82334278 12.78172973 98.23775385
v 17.16674268 -96.69342749 1553.15349904
v 17.90749856 111.99402685 1641.86819727
v 10.61764717 121.69195350 1636.98472663
v 96.94798804 -140.00316117 1488.41101023
v 76.75059730 61.20609612 1646.17352222
v 359.62627383 113.65118931 848.36530979
v -98.68755308 131.64426049 1381.63669985
v 97.50976861 -62.71891949 317.49818667
v 104.07395451 -83.42260573 339.98326703
v 124.71615334 -103.00006676 343.30480992
v 21.07899703 100.27787215 1674.83201556
v 50.61688278 98.53806488 1629.38087283
v 9.69026501 -124.02239188 1761.21620590
v 428.47627908 160.28252226 837.84839175
v 80.77104911 17.35379869 1637.60894530
v 180.75676774 12.93966063 104.02564419
v -34.33205473 -88.44100907 1777.79904530
v -43.77100632 -79.60196090 1763.90093678
v 192.94628601 -12.89625292 440.56200362
v 198.89237781 -4.99667468 406.53362346
v 206.76749374 -24.15136936 399.24183214
v -33.94858952 -101.51880800 1745.01438228
v -91.01888844 14.48223256 1720.32775493
v -90.53446454 3.76484817 1706.71698693
v 332.06311902 84.91635947 974.37876959
v -262.68096589 -32.39612042 1430.65020802
v 222.05140056 106.13586830 32.86687681
v -240.99595926 -30.87138512 1462.77209572
v -246.35598752 -44.59895103 1455.31528467
v 77.36589539 -31.19483120 1669.77500605
v 88.44739261 -24.20758263 1690.41183664
v -229.64280074 -46.66603187 1471.86027075
v -43.96006443 68.90947072 1769.19044856
v -52.82492796 78.74488274 1752.01549980
v 349.08138091 101.89157007 911.82566425
v 348.99607574 93.75507513 905.89437661
v 344.94675979 104.81259932 892.52559958
v -259.40384927 -41.28254138 1434.28091444
v 178.32888696 3.93995118 156.50888556
v 167.48918227 -4.43802083 174.54746608
v -221.34048190 -59.33113909 1475.75341359
v 144.07018821 -25.16931547 166.80510599
v 135.70007440 -29.50526365 183.94193032
v -191.46722376 -73.25843028 1489.98151985
v -184.92684249 -58.07326908 1495.67136097
v -204.15145729 -47.51135144 1485.98425191
v -219.99852886 -46.90658913 1478.89661582
v -195.67274720 -26.20071950 1487.73309193
v 95.86793082 -8.16258079 383.27356410
v 91.33118184 -20.36936784 364.64986258
v 95.53104660 -13.66631480 354.90870166
v -227.18444983 -22.47972116 1473.22734241
v -209.75928994 -6.77075961 1476.86359458
v -234.08754558 -13.88579609 1465.00896539
v 46.55901889 -102.82221900 1794.19889313
v 49.17803698 -120.97553828 1778.66448798
v 91.28251708 -10.46170416 399.94413735
v 362.41142501 71.68440348 1034.94283207
v 348.90635883 65.56314858 1061.06491900
v 73.00811433 -15.89814381 1775.47723449
v -63.47924761 92.09645945 1624.10462898
v -180.70940566 -43.28377554 1497.16270518
v 78.90713519 -61.19705606 1761.85812656
v -138.88147241 -61.27654341 1516.20408918
v -85.97034007 -21.64802295 1707.77280385
v -87.69376627 -11.08318125 1698.17728812
v 59.81425733 16.29275125 1560.87702850
v -114.81511281 -80.36001336 1524.02019498
v 148.18870829 -8.65313477 4.37744958
v -134.23492187 -87.77554533 1513.22709990
v 144.17932961 -90.36831195 714.99500825
v 159.70820493 -81.23665114 745.66888643
v 67.08197244 -10.15421022 1528.27290996
v 65.25902383 -10.02981681 1541.19310286
v 267.73205375 -73.40667456 1171.69719482
v 267.16867113 -63.91680776 1154.36096028
v -87.32935291 -15.68269295 1687.54094970
v -10.72798432 -142.88757820 975.88391327
v 163.01672751 -91.45023031 222.34247158
v 151.75158874 -83.24981197 220.04251776
v 152.45867249 -88.20497245 232.70373481
v 74.21802190 -38.89269787 1537.82257620
v 80.57309615 -54.61127987 1713.21316663
v -148.66032146 -150.48350480 1428.01348792
v 138.15910950 -90.28590922 1507.96499518
v 53.38944357 -77.66052566 1659.20954360
v 356.00394944 157.09460247 839.60867693
v 364.59546095 149.60204848 830.44038566
v -127.78835548 -157.03528731 1416.49458249
v 188.54080391 78.95097173 53.11684743
v 207.15586801 73.45324922 49.84508402
v -148.44906254 -157.36967452 1406.20899214
v 127.06660559 -85.42880888 1514.27331772
v 157.85982063 -84.93408314 203.05008610
v 103.01161692 -58.23071113 1516.69013362
v -72.08464705 -163.38890867 1377.05363470
v -53.83684993 -163.75271307 1351.31950276
v 23.32544331 111.56056360 1594.60269204
v 5.32996254 118.69187674 1586.21180146
v -36.11461946 -164.03866481 1354.60291239
v 122.08930696 -104.02939723 354.39670592
v 339.77063732 74.74725943 1031.46811681
v -29.63623604 -162.47387016 1335.99909649
v -32.03516857 -74.02471522 1792.09711459
v 401.15879865 79.07773973 834.52746435
v 150.47199104 12.59931903 6.86337545
v 78.49057118 -58.32279093 501.41665823
v 4.97245499 138.58510144 1646.90003590
v 117.53584321 -95.90351207 320.73996873
v 301.51488748 67.92967415 1048.62032178
v -56.74331295 -153.60362294 1427.05515118
v 4.84113981 137.39672569 1657.07159033
v 407.39159434 70.69811859 881.07200439
v 406.17234585 77.80900989 901.78863197
v -39.51944758 -143.92190983 1474.04081808
v -56.07541608 -144.64198068 1464.11905386
v 183.69885025 -44.37614176 533.07055204
v 185.82650880 -49.80084494 498.89021172
v 177.33252202 -62.77850411 503.17886549
v -57.99686007 -136.06706107 1485.98178029
v 311.31645378 -71.42010085 1170.88257885
v 320.02457128 -62.26603341 1181.59106795
v -73.77962875 -144.24349287 1463.93999779
v 50.34000229 -53.12725715 1792.37545382
v 33.79371877 -37.75315831 1800.61484619
v -87.72243143 -136.22716903 1481.75984081
v -28.05282041 -87.34974377 1559.80005366
v -71.98660162 -126.76797802 1497.33537822
v -88.40538429 -127.75369215 1493.30773088
v 226.14264081 -32.73737597 37.82911216
v 184.63173137 -76.56677947 472.23205619
v -52.43477652 -127.76090443 1504.78925190
v 7.68795944 -91.11130048 1562.47350582
v -65.33721931 -116.35587494 1516.19549021
v -59.12502980 -109.27697331 1525.46036221
v -2.74827291 3.57058617 1803.20733268
v 14.53013255 -86.30386741 1574.37154156
v 37.65099642 -63.43078303 1800.26699894
v -105.44688127 -71.99260255 1527.29932201
v -73.86827502 -32.72916108 1663.46695323
v -75.42861876 -39.98504832 1679.17865039
v -78.95388854 7.42735899 1657.42787785
v 110.59185873 -5.64620143 290.21442279
v 364.36252857 108.25614858 948.32550900
v -90.14977681 -64.01250417 1534.93257983
v 328.38545351 -32.16069051 1222.60489461
v 322.79503000 -34.92916324 1237.96792568
v 12.11571432 -6.83890044 1803.02166644
v -90.90153856 -41.54945044 1532.86955498
v 63.25215955 8.96013986 1775.23832080
v 196.57130914 1.26734592 127.50834739
v 266.37659243 41.79763945 3.76636692
v 265.42487053 23.81219709 9.86784939
v 257.85902595 35.82964198 11.35412466
v 312.52517149 -48.28807129 1262.46526395
v 103.07504383 -13.71944425 312.34269078
v 104.18168865 -14.94056683 295.59443126
v -77.93205914 48.01105437 1619.84983195
v 398.27350695 126.75838143 902.61770962
v 191.25234907 -43.84924758 1139.59122525
v -64.74511208 -56.26657419 1560.10386464
v -71.23530687 37.73017803 1592.10695735
v -1.48301585 37.99244216 1799.66827146
v -72.13373065 -77.65368728 1540.03847879
v 108.98402773 -44.97562004 1509.12357105
v 135.37470784 -83.77632555 571.77575553
v 149.64439490 -77.06962123 556.97014348
v -54.53432822 -97.73523666 1535.76151623
v 294.53472707 -25.44363188 1055.43450416
v 302.55185198 -12.02179106 1038.85620819
v -56.87142427 -69.48447758 1558.68186949
v -78.66086912 -10.86025337 1770.15754286
v -79.39785295 -37.10873241 1753.61534824
v -79.30329962 -24.50249184 1682.74057304
v 153.32459445 49.93860139 20.80398685
v 151.23479823 -76.60094979 622.20066520
v 151.21427456 -74.65610811 571.03429764
v -18.56599857 -114.06472259 1530.07581914
v -0.84704305 -122.30766638 1524.63132715
v 302.64187800 65.51573529 1017.43229857
v 288.59405619 45.68363264 1022.36245142
v -26.03264878 -127.09432758 1522.25159211
v -73.69888670 -13.73732906 1777.44871327
v -4.59024549 -128.74443062 1510.86737053
v 35.66671964 98.09731836 1570.93681099
v 24.37873830 99.98517780 1558.35478158
v -84.28222106 -3.43933863 1757.69638615
v 52.35513453 -137.38809327 1492.56297786
v -66.48524480 -16.59294746 1610.85408907
v -71.70857393 -36.38608969 1619.83230456
v 31.26033253 -140.64995467 1490.20086253
v -1.21393883 -135.61592460 1499.84815441
v 12.02615080 -145.08240852 1480.09098587
v 13.09457520 -85.03704841 1802.01098090
v 33.71774250 -156.70763090 1450.01626137
v 194.06593247 5.36875793 396.25144313
v 191.03144996 3.62491732 421.93180403
v -47.10336932 -64.64904579 1591.47125347
v 142.13892494 -172.05855244 1403.89201170
v 333.10057439 -40.78719925 1199.62292381
v 328.59133289 -47.93552975 1207.35261411
v 143.92113759 -174.84803965 1364.88608293
v -3.82225946 -83.87820142 1601.46500667
v 31.35532485 -78.42909411 1802.18407600
v 325.68683407 8.23292237 1198.04998692
v 105.76655073 -176.83593440 1320.84830624
v -80.76562344 -3.12692116 1644.63628736
v -86.02048377 -1.71136231 1653.61251352
v 288.46541014 18.44640296 1172.05786474
v 111.96194720 -173.89201161 1306.48688636
v 122.74040130 -176.68082434 1333.15254688
v 148.85191463 -172.58980645 1339.10842166
v 351.87078807 10.05470886 1163.92475217
v 343.03159852 -25.56993569 1187.18509242
v 129.90286467 -130.90253362 992.45657212
v 200.60067519 -162.45524483 1373.88767468
v -70.92362151 7.05078371 1612.24864587
v 191.12986259 -163.97532803 1393.81185736
v 67.33266953 -58.38262649 1553.42240330
v 40.59327895 42.50354385 1783.52778269
v 41.42295559 58.64422939 1771.87274485
v 252.06608032 -132.03541993 1299.59503488
v 153.21978479 -165.16562475 1424.32610314
v 66.59276974 -49.06698880 1556.39081073
v 219.64756983 -19.93526694 68.44299883
v 198.91851430 -145.37433953 1427.60194661
v 47.19704946 13.61711074 1787.57428700
v 214.75694234 -153.58469179 1392.25757912
v 67.91222534 -30.09285021 1579.12692962
v 67.69360044 -20.12409432 1569.70535283
v 235.95302179 -136.55401027 1392.40625018
v 265.72878264 -100.56745189 1226.16671914
v 233.15023108 -142.39129403 1385.95640657
v 68.94632377 38.07593287 1588.54593453
v 70.97125220 18.56201350 1589.18359866
v 237.59098126 -146.98667141 1354.78635292
v 15.18310783 -152.56546703 934.43317418
v 220.46617159 -153.23433027 1377.52591431
v 22.91686100 92.39663916 1755.93225245
v 19.23090889 103.42866963 1736.45796015
v 179.50173881 16.43499067 330.72638872
v 175.12178422 16.09196464 317.13821993
v 191.26964986 9.97491102 335.27321622
v 232.98778402 -142.39528904 1325.83225506
v 305.31327110 -26.43428210 1266.42763580
v 223.35855012 -141.34812478 1322.11993751
v 165.82965266 57.53865957 62.55806012
v -35.31182783 -94.01412779 1758.84013203
v 225.19422824 174.11854702 10.35425749
v 219.02715875 -134.26260733 1307.64048685
v 205.74284576 -135.74424280 1325.38849477
v -14.02054350 -108.32712509 1692.77713694
v 204.83527472 -123.52765786 1303.52936927
v 347.66692499 28.45649034 1149.06332648
v 187.51004209 -139.62455775 1299.48139099
v -4.69832036 -119.65375103 1734.51744959
v 198.62104505 -137.72954718 1319.77435894
v 324.40722584 30.17435578 1157.65956599
v 292.06188625 23.41131595 1159.97047468
v -49.63303535 108.49228722 1698.31183374
v 205.36733290 -144.28499374 1337.25502599
v 12.53332781 -98.45617961 1628.76404176
v 297.33192811 33.65919444 1148.92205193
v 188.07921023 -93.27151920 263.85301080
v 184.01096123 -90.97477533 238.33234627
v 170.03181214 -150.13416956 1292.39058445
v 334.61707594 51.16366617 1114.46989350
v 334.35297479 56.67266920 1092.91783707
v 148.15854509 -167.72792048 1312.03848809
v 189.21409740 -64.84562185 1078.48657897
v 189.05286160 -55.85359981 1110.75448164
v 138.93049202 -160.81528432 1281.37778852
v 338.45974698 38.02728004 1141.18691501
v 166.40791071 -97.20045923 1060.90868527
v 154.03789381 -105.35247558 1074.16113075
v -66.69497494 81.90100161 1693.96629041
v 389.42411293 53.32255426 968.22996086
v 380.58530037 42.97729234 967.79298453
v 165.05670400 -125.05824798 1239.40618622
v 181.70520742 -123.98105097 1265.04398995
v 87.33018964 -8.61648119 1736.77755041
v 196.36994634 -55.93139385 1246.16332263
v 234.72260173 -32.75351138 1.26021813
v -91.98018921 -132.51230702 994.98817843
v 88.46005374 -11.88750777 1721.77209166
v 358.09110881 0.03043942 1024.24543505
v 25.93922643 109.79460520 1611.64380494
v 152.55430780 11.33131127 2.61295038
v 258.93089747 -77.89558554 1183.53017104
v 88.67822679 -68.83727214 521.66554358
v 95.88299014 -68.84643627 505.81400419
v 192.33999855 -94.70242009 56.80000259
v 157.73930453 -57.18734744 95.48813123
v 259.34216183 -57.62139856 1156.48783010
v 128.15643361 -84.70445572 518.07198386
v -41.26475392 87.64827760 1754.49580947
v 308.50601928 -71.80936654 1152.18124386
v 298.78273149 -72.24810388 1147.92740042
v 256.57358412 3.83299535 1108.81737336
v 259.18038631 17.36640806 1090.67512093
v 174.98040202 -86.76282870 104.95150617
v 263.04324253 25.72508119 1093.08778030
v 45.36862308 101.73982662 1624.70171779
v 276.13354997 42.57405628 1058.96731885
v 279.98212897 38.67746470 1112.75602597
v 265.26751439 -105.81508645 1376.48428153
v 40.28991863 -123.70370155 1728.12164993
v 274.49190228 23.49572920 1131.97014365
v 258.83609448 -91.48609767 1402.63895451
v 230.70816164 -99.79654478 1439.39444203
v 188.67172683 192.83005208 9.50781262
v 174.58832443 188.87806547 8.28323976
v 251.73803126 -0.83337694 1131.32520307
v 24.62254105 -128.19333256 1745.59953576
v 258.35221140 -119.65838312 1376.33689774
v 242.71789240 -112.72933670 1411.04361734
v 37.67762184 -114.00355737 1702.90076358
v 68.23065955 -30.62998737 1598.21776730
v 267.03784232 15.39795105 1147.89474661
v 286.62453272 18.52413747 1165.36868485
v 213.54879250 -125.91402737 1435.96323899
v 273.13213395 16.46380513 1164.59395511
v 321.01969910 45.94810007 1126.21209148
v 346.56209530 54.76043112 1092.38800512
v 363.47765868 157.45377686 835.57077351
v 390.32245579 157.34550414 859.31114303
v 160.53404625 -80.51863950 153.53733648
v 411.17057114 109.96452720 901.36383747
v 151.16345131 -104.84551640 432.02574739
v 156.31225606 -77.88631761 169.24425753
v 399.78309893 68.38419297 943.68004338
v 272.69670351 23.50280297 1049.84726492
v 357.04636479 148.90061086 871.38448332
v 358.71366405 156.90322910 857.59397156
v 286.96764007 54.28296242 1043.42370252
v 312.98743753 72.24230848 1015.25684204
v 324.58493268 68.07699861 1027.07243766
v 175.46880805 10.11763542 252.44071639
v 190.39508903 3.64071260 233.45768168
v 276.00657643 33.94643894 1045.61935658
v 163.75234023 38.49628852 63.33451229
v 307.21050705 -37.65661382 1271.00144892
v 347.09201480 91.00903374 885.82041814
v 286.66551025 35.23610054 1023.48038861
v 285.56490603 -61.03127064 1123.41532703
v 278.18466508 -59.70744547 1128.10035963
v 200.47849774 -89.79527218 316.99624532
v 196.21302901 -89.35951483 290.02374281
v 355.57527006 125.68856582 835.72446586
v 156.97099623 11.87419205 271.31279806
v 153.90829085 14.15176849 246.68573000
v 174.52931974 16.02315674 301.73353716
v 179.63388468 10.94689165 280.65001399
v 208.98240454 -105.38711412 1462.68128408
v 386.26147961 87.01384948 826.64025652
v 388.05924356 125.92648978 816.52173538
v 365.16401889 158.33471021 850.79148787
v 153.31934988 -3.19811083 131.15220744
v 171.03756827 1.88116596 139.28889500
v 166.98035986 -86.55898588 188.14151623
v 70.71281517 -30.52938913 1545.58328446
v 129.41582775 -105.56859948 406.92977121
v 190.15513346 -83.35691951 203.69454293
v 65.23230729 0.71932500 1564.40592769
v -56.79883422 100.32152321 1695.62483873
v -47.70947225 101.36600562 1678.29069452
v 373.20457102 54.22398515 932.84120724
v 219.17435499 -40.04711920 334.18973816
v 218.20035081 -51.57676031 310.06073711
v 396.86595316 68.18832997 907.47753106
v 205.65957739 -74.63564100 263.06896099
v 217.28431779 -56.44090184 368.75376064
v 212.65743998 -57.64565135 396.25995231
v 385.37191430 63.88056381 887.51906866
v 370.37955490 7.96551945 1047.00238118
v -21.73233983 28.89003940 1798.83692181
v 56.14347476 15.32894739 1548.16732994
v 133.88612568 -87.94695707 503.03879345
v 202.18180528 -84.75360913 57.31961877
v 189.51795085 -86.22740238 78.46541562
v 77.68829573 5.44916352 1760.94388072
v 80.63172539 -66.51300644 1727.28318679
v 213.00175125 -16.39951795 97.69605977
v 137.94643105 -110.06219007 390.74346679
v 111.35541266 -22.42258418 250.32018803
v -41.85182079 -31.00241366 1800.47416107
v 80.67170261 -22.67707511 1662.89173141
v 320.84715506 -63.79119723 1200.35079160
v 162.56357185 -68.95242794 651.35815141
v 292.30781891 -96.65279301 1259.72622267
v 347.57374682 -26.63587095 1126.70168419
v -65.18385804 91.09963780 1655.50018042
v -74.88284626 70.23187857 1634.26327264
v 188.73931149 -96.72724261 21.45053094
v 413.08860328 118.87783368 830.57369607
v 425.33752535 103.88561595 839.77898344
v 416.93618092 128.56979002 831.82354743
v 161.11540582 147.54591161 20.10667078
v 156.96428571 128.76068998 25.50515669
v 147.07048768 143.19362207 8.26615347
v 347.85792335 118.94224139 892.30573189
v 368.51278976 126.14819317 825.75304034
v 371.51853919 134.27553047 818.46045104
v 194.82543546 -98.43910096 349.10102863
v -67.77882065 -8.65811053 1620.08961962
v 434.77579455 141.88223181 835.38964888
v 195.87638320 -31.06718653 443.43284010
v 192.06392598 -38.26295974 467.16353789
v -31.67394384 -73.40860621 1603.83381512
v 152.29029182 -9.78010240 119.56823461
v 337.51997294 83.85088065 949.50453593
v -44.99085592 -74.54321753 1566.76897316
v 160.15475979 -7.21118491 182.61814188
v 13.76667745 -86.44387091 1596.88170671
v 220.87261817 -24.96907001 83.99999350
v 250.07538147 18.33716429 12.70989120
v 247.25800506 28.21828261 20.00892475
v 240.49778680 20.54159101 35.34084750
v 352.43189971 88.71208764 989.56577788
v 153.87168075 -90.28385938 813.27822756
v 160.06528954 -83.86289807 785.60928349
v 44.79372995 -99.51312438 1687.25856562
v -208.78186748 -117.53040894 1442.12104535
v -270.71587796 -42.00747937 1415.02260528
v -68.38990137 -24.88211774 1634.74220200
v 241.31911337 52.56677055 38.63983188
v 309.29311240 66.25948964 1059.82967951
v 321.10588230 63.84216067 1059.38810501
v 189.79069907 -91.08636713 2.59515749
v 216.44616118 -56.08233387 47.63529508
v 202.65984577 -68.51258367 70.37988559
v 287.19528683 -104.11678408 1299.76421529
v 277.46491349 -116.06132304 1299.08758851
v 193.74261521 -43.07405308 1105.58346661
v 134.21655976 9.25821311 309.49607025
v 120.22498592 5.18047333 323.37367450
v -5.68981157 50.79984475 1795.15348369
v 154.23855995 30.92303351 3.55513630
v 153.04570857 46.01837816 3.68808569
v 331.10648346 71.58437239 1017.62692526
v 265.26958101 68.04080703 13.01680913
v 254.79386767 76.71392559 26.03166390
v 327.80458040 -47.77079007 1176.54930452
v 331.38070715 -44.69308468 1192.32045055
v 201.89463167 -3.00912051 375.75820957
v 255.36074942 65.52451054 25.61257463
v 248.79791965 46.68082244 29.02353991
v 140.08209210 -127.27768163 976.08880572
v 167.01653532 -77.67332757 103.75660189
v 249.61054062 -121.16532832 1268.40366696
v 270.67882322 -88.12260663 1197.47485750
v 218.78255870 -12.25601320 65.56362081
v 234.09416927 135.08643583 19.90283572
v 184.67557527 -73.05840987 1063.67705737
v -59.74725268 89.14960997 1676.12009103
v 175.01419775 -89.55015158 207.21533012
v 153.61907734 -102.54299526 294.31805589
v 35.49737985 -109.38270640 1793.88243361
v 171.46360746 -103.14162682 1229.88025820
v 153.23494832 19.09934731 57.15040856
v 147.23810978 8.51389779 79.99873861
v 309.81653350 -68.67205998 1140.55670688
v 307.10511933 -57.51826045 1116.97809392
v 172.36033623 171.45742719 18.91044213
v -30.86369097 107.25581095 1675.25098298
v -103.03301751 -122.27193012 1494.45343214
v 406.91870930 83.92165823 915.76212372
v -78.99276271 -44.61083719 1696.97777832
v 51.62512675 -112.58016998 1712.15825110
v 378.27952298 159.80592327 805.03256432
v 380.28250965 31.99812226 1005.80122235
v 295.60405224 56.30370637 1101.25119580
v 345.06796603 92.75458311 933.40199318
v -4.92155150 -144.77306756 1472.60168049
v -23.75070093 -137.82053746 1491.62233917
v 7.15520965 -155.05866048 1424.91700351
v 186.35417770 10.48847570 117.62750782
v 46.90305606 -163.59189716 1423.82953984
v -141.94414021 105.48487415 1395.37329973
v -68.02195818 -161.59934077 1289.74251281
v 249.65344726 -139.48266794 1339.61675022
v 352.96988946 79.95188889 1020.02820531
v 345.34342621 82.62029146 1001.84313764
v 379.73625625 80.73478304 849.21313371
v -80.56386824 52.69149887 1453.52879594
v 374.75403113 16.33626221 1084.52683486
v -190.57621492 56.29991644 1422.69986635
v 237.73920590 -113.03758298 1265.00496607
v 253.49250690 -107.41396534 1246.35802444
v 377.54579414 141.83711758 814.13441380
v 156.19489677 -54.20174332 24.85243932
v 370.07444555 22.37079431 1110.73686921
v -11.27513900 40.93774388 1505.48946610
v -18.52458231 40.53575641 1496.91951991
v 332.49749992 83.33515933 995.04011319
v 337.81405743 76.80919059 1007.62843906
v -112.21153220 -101.13432982 1519.81672692
v 97.67079690 -20.89590561 320.87747357
v 109.41923315 -0.72694055 349.58508744
v 180.57348237 -77.87265278 1091.57841754
v 44.69510514 -141.54477023 1212.97684447
v -27.41759115 -130.41034709 1504.75942389
v 262.15948343 -112.81909532 1251.85421292
v 375.51902517 17.28235985 1029.92601359
v 189.64701600 3.63404328 159.13116997
v 207.77432752 -17.31375057 125.41425271
v 360.02133613 -4.96521874 1123.63405423
v 89.94744493 -57.52714956 362.31009117
v 95.97127680 -75.35925351 364.47099794
v 117.54709305 -12.88188034 225.54039658
v 117.77474644 -13.94761662 245.61730819
v 8.49896820 39.65030420 1516.33507276
v 378.55485669 117.07323034 823.33396172
v -153.33092258 -39.10136186 54.60988602
v -151.95666211 -54.43358568 34.56083814
v -158.78865302 -84.47118019 48.16219162
v -93.42490918 -85.33038243 322.84707064
v 428.36926967 118.60283734 843.57660388
v 132.79326765 -94.26988193 464.55131130
v 189.85685594 -15.71588522 1152.69834246
v 208.36150383 -72.81631617 298.41821346
v 147.57938629 -19.35252599 124.52969364
v 111.35466398 -97.42726124 405.27056207
v 210.35413006 -85.48425469 35.33918964
v 150.31279825 -84.46943777 510.93824202
v 122.06199394 -91.40387383 445.79082724
v 220.94097963 -15.26194176 55.56134044
v 185.09773319 4.28607216 135.06773538
v 217.78613410 -43.48079937 349.20781671
v 185.93224340 -20.11293678 563.55331502
v -61.20543411 74.97297290 689.81866313
v 208.28298865 -14.31422624 246.04589913
v -161.90300121 117.88628796 1348.72719804
v 192.54023487 -45.31545378 472.56404320
v 150.21122087 -13.39215862 169.09994681
v 147.59748313 -13.99498435 182.80487206
v 185.77507785 0.91995266 194.19328353
v 173.52590779 0.97265758 186.16738451
v 184.74289025 4.23748896 175.68548675
v 239.37650679 -18.71068013 8.03000823
v 89.73554619 -16.67363430 385.77272934
v 84.12441538 -50.43122334 432.17531971
v 174.77507749 -74.48580077 796.78703752
v 170.36737577 -74.24754836 762.60684733
v -11.53211711 90.48507263 1547.00495930
v -101.88762981 -112.71468458 383.85307326
v -103.13057342 -111.03310597 345.29211653
v -114.28332012 -116.46800035 347.60904641
v 133.62230395 9.58641985 294.20263570
v 133.84560586 -88.97355288 627.96214779
v 179.35758773 -64.94400026 753.90971667
v 134.21264228 -86.22735394 608.72926772
v 208.10255746 -7.70074732 305.85835052
v 178.45623277 5.89325310 494.80407973
v -114.91889452 -118.71361167 1500.52996880
v 179.20337640 -82.38738246 1042.13906049
v 179.50614256 -77.66539975 1030.86558667
v 189.25701508 -62.11975486 1038.64655127
v 124.88627586 -134.08759880 870.34703442
v 213.38567682 -26.01490552 101.72432529
v 132.01609550 -121.03817885 1054.54738271
v -123.90860071 113.37283150 1392.68267826
v 163.97729622 -96.68249478 1006.61574074
v 108.61450136 -73.87119477 505.79341142
v 156.08737286 172.95521260 8.44921361
v 204.04547735 -53.89146917 116.20251139
v 149.56900311 5.16592253 230.95279784
v 160.57143538 10.76263676 237.04486432
v 183.07891062 -87.29932293 203.62726983
v -11.50989416 44.81973899 1520.30651723
v 202.09026718 -93.47601691 33.16426277
v 187.03647396 -31.43376035 536.01589269
v -187.05333460 56.67643402 630.65868842
v 167.42869277 -101.75666482 280.04864083
v 181.59691077 3.26117609 167.07388839
v -83.97164586 -82.60366638 384.19086277
v -94.06896757 -100.72837191 382.64194592
v -92.32240272 -92.82974694 415.06726372
v 157.47698820 42.69012975 55.18824611
v 181.67000424 -9.35140325 514.56267598
v -120.73184430 28.69698491 505.50661951
v -126.72578213 103.41169264 1114.20336269
v 122.34630016 -88.42741357 595.53534251
v -59.99920294 -97.62774969 712.35542347
v 181.61184410 -37.19186375 575.80380086
v 167.97024702 5.24030478 214.53394617
v -185.82079486 -51.64137660 590.98133029
v -186.73975596 -54.63624864 551.58620049
v -42.50713870 -55.50565466 588.38261678
v 143.92566198 86.55941631 1170.07327034
v -10.59890179 -27.55516352 717.82652148
v -8.88948376 -9.53610339 721.32528725
v 153.35686000 3.14058593 193.65668341
v 140.76966357 -0.88232621 191.72053674
v 164.36947005 -0.35023969 192.08934286
v -15.30291214 -105.77714726 819.19305218
v -32.46480770 -88.45321479 793.67716096
v -11.00329145 -63.29173837 796.45446617
v -178.83998614 -69.08186008 636.16526378
v 160.67062448 9.27771895 218.79479088
v 138.36225478 -0.31516120 224.26500950
v 152.12936027 9.21958497 211.94326360
v -151.22104676 -56.85820476 21.38244323
v -155.27379038 -77.77424030 24.31923172
v 156.94653033 12.15331025 201.19160658
v 150.91004821 15.10227599 198.21092132
v -159.31262720 -87.21548025 24.77834531
v 166.69498214 4.01969591 200.80172809
v 167.90782079 10.61033753 226.29059753
v 151.28294694 -4.18479190 190.46173048
v 137.64143665 -16.78275544 187.28989948
v 129.04685815 -12.58167336 192.56380976
v 132.52327723 -25.35243860 192.08207797
v 127.55180156 -19.58195201 202.78001769
v -65.24164283 -91.78780132 628.41757845
v -62.82237735 -81.94025030 591.96496683
v 127.16935774 -8.61224732 200.39060023
v 126.87117577 -4.99431700 221.00301561
v -145.31024456 -96.55872184 231.11410837
v -170.22490427 -104.12804950 221.05105664
v 138.90194697 2.26488325 200.32441420
v -47.03313415 -60.01481610 562.87295531
v -136.11112427 -92.09348890 252.09166497
v 143.66485484 7.61499068 199.64540098
v 136.72794595 -4.70717094 230.65400668
v 121.14954331 -8.78814870 230.13536268
v -92.70192071 90.55168781 673.44627865
v -181.59017281 -101.04485479 180.29146168
v -187.25818946 -97.78663661 155.80825107
v -102.41549796 -97.19082292 312.26410013
v 90.27404710 -24.29606791 351.14010711
v -44.74379039 -81.09298131 672.11012781
v -179.73996735 -98.82734857 141.12617851
v -84.90217220 -104.01290975 639.09935305
v -171.60544951 -100.59251262 194.74831773
v 178.39841689 -0.78176969 511.52325220
v -264.02714145 25.03611071 5.78385055
v -254.67735832 0.72049441 22.14729638
v -104.15327756 23.87012571 513.47107525
v -115.69566793 30.79871535 513.63801894
v -78.89478373 2.69085040 517.81926873
v -270.48287827 48.77762650 20.99943106
v -251.14227888 6.80410346 34.20187702
v -262.35703846 39.21259327 31.98400510
v 207.95479892 -8.92033955 777.72145648
v 200.21912396 -4.84079838 659.93535086
v -46.36553248 47.75703049 668.35055193
v -40.38217092 -20.60358137 578.64917998
v 191.94831763 35.88311433 590.60565523
v -90.12366038 -42.63744143 366.94836931
v -84.18580087 -51.39541650 380.77044213
v -117.57695296 -10.12056758 375.13858554
v -70.35566519 83.70160178 690.52173430
v -97.06084931 -104.15506152 397.06992020
v -38.12711329 164.49681490 1060.15325890
v -24.42113398 166.62477748 1079.83644732
v -31.66581688 -33.65707244 617.64343011
v -43.52598322 83.65762633 761.58372295
v -35.39085343 84.03288600 767.74642070
v -170.23189409 -87.21994291 1050.07304421
v -172.07280780 -83.41682194 1063.79737689
v -161.71980249 -92.86669509 1095.98021671
v -150.25043119 -102.08826289 1081.34306502
v -132.80564667 -111.29444773 1095.78140474
v -133.38607566 -109.12007548 1117.85548927
v -50.73823416 93.48890982 769.70894918
v -63.57086111 99.19866296 770.24969381
v -5.85549617 -23.25208835 729.42322994
v 3.17811941 12.91612552 722.38376300
v -2.14404555 6.21058588 728.43027426
v 0.38817305 -4.03146113 723.22370707
v -96.38332305 -104.30940283 409.76665746
v -85.80033797 -77.68507368 351.32715435
v -83.45251259 -59.93419372 360.91693937
v -5.69931951 -57.25031002 803.29471654
v 174.08144505 97.96786042 726.42302955
v -95.13633007 -99.77861667 355.86418084
v -119.35171332 -117.38923580 368.52322140
v 7.04713758 3.55310820 707.58968969
v -0.63212081 -13.24724073 726.97182751
v -14.19786330 142.19201888 909.21328053
v -112.47197734 118.97114899 1122.45699020
v -52.22002253 61.61119528 690.18646420
v -38.57642528 30.48249590 665.31406325
v -13.60118413 -72.52177445 803.91351354
v -27.07445303 -92.23458849 804.74175717
v -9.42386611 -93.62221804 811.59604530
v -31.23995465 -104.63526706 814.32203731
v -8.85322824 -101.13442147 815.58241861
v -32.69222527 -118.82972763 824.23506908
v -111.57066563 -116.70808207 399.20695205
v -88.62802313 -86.97533018 353.78384538
v -63.52633276 101.81558192 780.32737968
v -166.81422833 92.61755249 10.48791792
v -78.10343648 82.12238220 681.02130770
v -83.67099567 81.42412137 669.13119767
v -245.98208788 21.40468567 42.58492110
v -70.62859240 74.89339189 669.36633430
v -154.45592061 -91.44345623 179.09333687
v -26.42870758 -58.59380587 697.64138016
v -84.80996668 -77.09172085 433.27187411
v -167.32028015 76.34035310 9.33176413
v -55.25770654 -70.42118812 564.73140368
v -224.27252509 -50.25473623 335.25232984
v -59.93299574 59.84286438 669.67590472
v -151.26276440 -93.46997186 209.02888410
v -169.05919698 -96.01958380 157.34584562
f 31 32 33
f 37 31 33
f 33 45 37
f 45 46 37
f 37 46 56
f 10 37 56
f 10 56 68
f 10 68 11
f 10 11 12
f 78 10 12
f 78 12 83
f 84 78 83
f 83 91 84
f 98 84 91
f 91 103 98
f 105 98 103
f 103 112 105
f 105 112 119
f 127 105 119
f 119 128 127
f 128 133 127
f 133 140 127
f 140 133 146
f 146 153 140
f 153 84 140
f 165 84 153
f 170 165 153
f 174 165 170
f 174 170 184
f 184 190 174
f 193 174 190
f 193 190 196
f 206 193 196
f 206 196 210
f 210 228 206
f 206 228 232
f 248 232 228
f 228 255 248
f 248 255 266
f 248 266 278
f 266 290 278
f 278 290 294
f 298 278 294
f 294 299 298
f 299 313 298
f 313 323 298
f 331 298 323
f 331 323 335
f 342 331 335
f 335 349 342
f 342 349 360
f 232 342 360
f 360 370 232
f 193 232 370
f 370 360 381
f 370 381 392
f 392 401 370
f 370 401 174
f 174 401 409
f 413 409 401
f 401 22 413
f 413 22 426
f 413 426 10
f 24 426 22
f 22 23 24
f 439 24 23
f 23 447 439
f 439 447 448
f 439 448 459
f 465 459 448
f 448 474 465
f 465 474 481
f 481 493 465
f 496 465 493
f 496 493 504
f 496 504 32
f 32 504 515
f 504 521 515
f 515 521 529
f 515 529 532
f 515 532 542
f 548 515 542
f 548 542 562
f 562 566 548
f 574 548 566
f 574 566 580
f 590 574 580
f 580 596 590
f 603 590 596
f 607 603 596
f 611 607 596
f 596 620 611
f 635 611 620
f 326 635 620
f 620 580 326
f 635 326 646
f 657 635 646
f 646 661 657
f 669 657 661
f 669 661 670
f 670 678 669
f 684 669 678
f 690 684 678
f 690 678 696
f 704 690 696
f 708 704 696
f 708 696 713
f 714 708 713
f 714 713 721
f 721 336 714
f 731 714 336
f 336 734 731
f 740 731 734
f 740 734 747
f 754 740 747
f 755 754 747
f 755 747 760
f 767 755 760
f 772 767 760
f 772 760 336
f 784 772 336
f 787 784 336
f 787 336 440
f 787 440 799
f 806 787 799
f 806 799 812
f 815 806 812
f 812 818 815
f 815 818 825
f 815 825 832
f 832 836 815
f 846 815 836
f 846 836 522
f 846 522 552
f 846 552 864
f 873 846 864
f 873 864 878
f 878 884 873
f 873 884 888
f 888 901 873
f 904 901 888
f 888 911 904
f 912 904 911
f 911 917 912
f 917 922 912
f 925 912 922
f 929 925 922
f 929 922 938
f 938 767 929
f 767 938 944
f 951 944 938
f 955 944 951
f 951 961 955
f 967 955 961
f 961 969 967
f 969 982 967
f 982 986 967
f 967 986 669
f 994 967 669
f 999 967 994
f 994 1006 999
f 999 1006 955
f 754 955 1006
f 1006 994 704
f 1006 704 1033
f 1006 1033 1038
f 740 1006 1038
f 1033 704 1038
f 1038 704 714
f 982 607 986
f 607 982 1059
f 1059 1069 607
f 1059 1075 1069
f 1075 631 1069
f 1069 631 603
f 631 1093 603
f 1098 603 1093
f 1093 46 1098
f 46 1093 1102
f 1102 1093 630
f 630 1114 1102
f 1114 1120 1102
f 1102 1120 56
f 1114 1129 1120
f 1134 1120 1129
f 1129 533 1134
f 533 191 1134
f 1134 191 1152
f 1134 1152 1155
f 1134 1155 1163
f 1163 1155 1164
f 1163 1164 1169
f 1163 1169 1173
f 1173 11 1163
f 1163 11 1188
f 1163 1188 1120
f 1120 1188 68
f 1207 11 1173
f 1212 1207 1173
f 1207 1212 103
f 83 1207 103
f 1226 103 1212
f 1212 1169 1226
f 1226 1169 1236
f 1226 1236 112
f 1236 1247 112
f 112 1247 1248
f 1248 1255 112
f 1255 1260 112
f 112 1260 1267
f 1260 1269 1267
f 1267 1269 1282
f 1267 1282 1283
f 1283 1288 1267
f 1267 1288 119
f 1283 1298 1288
f 1303 1288 1298
f 1303 1298 1312
f 1312 1317 1303
f 1331 1303 1317
f 1317 1335 1331
f 1335 1343 1331
f 1344 1331 1343
f 1351 1344 1343
f 1351 1343 1358
f 1351 1358 1364
f 1364 1366 1351
f 1351 1366 1374
f 1366 1381 1374
f 1381 170 1374
f 1374 170 1387
f 1387 1390 1374
f 1331 1374 1390
f 1390 1399 1331
f 1400 1399 1390
f 1390 1411 1400
f 1400 1411 133
f 1400 128 1399
f 128 1288 1399
f 1390 1387 1411
f 1387 146 1411
f 170 146 1387
f 1426 1381 1366
f 1381 1426 1433
f 1433 184 1381
f 184 1433 196
f 1433 1337 196
f 1433 1426 1337
f 1277 1337 1426
f 1277 1426 1364
f 1277 1364 1454
f 1347 1277 1454
f 1347 1454 1466
f 1285 1347 1466
f 1285 1466 916
f 915 1285 916
f 883 915 916
f 916 841 883
f 882 883 841
f 840 882 841
f 840 841 842
f 840 842 905
f 840 905 906
f 840 906 954
f 954 894 840
f 894 954 923
f 894 923 924
f 924 892 894
f 892 893 894
f 942 894 893
f 893 941 942
f 995 942 941
f 995 941 965
f 966 995 965
f 965 934 966
f 827 966 934
f 933 827 934
f 987 933 934
f 933 987 988
f 1389 933 988
f 1359 1389 988
f 1359 988 1360
f 974 1359 1360
f 1360 975 974
f 973 974 975
f 973 975 1382
f 973 1382 1383
f 973 1383 1092
f 1092 1056 973
f 1056 1092 1055
f 1055 1020 1056
f 1022 1056 1020
f 1020 1021 1022
f 1021 1078 1022
f 1077 1022 1078
f 1077 1078 1099
f 1099 828 1077
f 828 1389 1077
f 1063 828 1099
f 1099 1064 1063
f 1062 1063 1064
f 1062 1064 1115
f 1062 1115 1116
f 1062 1116 1165
f 1110 1062 1165
f 1110 1165 1140
f 1110 1140 1141
f 1110 1141 1109
f 1109 871 1110
f 1110 871 1063
f 871 1109 1156
f 1156 872 871
f 871 872 828
f 828 872 826
f 826 827 828
f 852 827 826
f 826 1148 852
f 852 1148 853
f 852 853 854
f 853 1191 854
f 854 1191 1225
f 854 1225 966
f 1225 1191 1190
f 1190 995 1225
f 1190 1191 1192
f 1190 1192 942
f 1192 1241 942
f 1297 942 1241
f 1297 1241 883
f 1192 915 1241
f 1228 915 1192
f 1191 1228 1192
f 1228 1191 1229
f 1229 1284 1228
f 1228 1284 1285
f 1284 1229 1310
f 1310 1347 1284
f 1310 1278 1347
f 1278 1310 1311
f 1311 1279 1278
f 1277 1278 1279
f 1279 1311 210
f 210 1337 1279
f 1311 1596 210
f 1596 1311 1602
f 1602 1321 1596
f 255 1596 1321
f 1321 1323 255
f 1321 1322 1323
f 1323 1322 1621
f 1323 1621 1370
f 1323 1370 290
f 290 1370 299
f 1621 1397 1370
f 1397 1398 1370
f 1370 1398 824
f 1370 824 313
f 313 824 1413
f 1413 1414 313
f 1414 1413 1445
f 1425 1414 1445
f 1445 1405 1425
f 1424 1425 1405
f 1404 1424 1405
f 1404 1405 1406
f 1406 447 1404
f 1437 1404 447
f 392 1437 447
f 1404 1437 381
f 447 1406 1452
f 447 1452 1430
f 1452 1406 1430
f 1406 1216 1430
f 1430 1216 474
f 1406 1178 1216
f 1216 1178 1217
f 481 1216 1217
f 1177 1217 1178
f 1177 1178 1179
f 1179 1203 1177
f 144 1177 1203
f 406 144 1203
f 1203 850 406
f 406 850 1665
f 1665 50 406
f 120 406 50
f 52 120 50
f 50 51 52
f 393 52 51
f 51 428 393
f 393 428 394
f 40 393 394
f 394 38 40
f 38 39 40
f 39 66 40
f 52 40 66
f 66 26 52
f 66 67 26
f 67 27 26
f 25 26 27
f 27 79 25
f 79 80 25
f 100 25 80
f 80 132 100
f 132 99 100
f 99 2 100
f 100 2 1
f 1 2 3
f 1 3 121
f 120 1 121
f 1 120 25
f 3 145 121
f 121 145 144
f 144 145 107
f 144 107 106
f 106 107 108
f 108 1706 106
f 106 1706 237
f 236 106 237
f 236 237 238
f 236 238 521
f 238 237 1723
f 1723 529 238
f 529 1723 217
f 1723 218 217
f 217 218 219
f 217 219 309
f 309 264 217
f 265 217 264
f 264 201 265
f 200 265 201
f 200 201 202
f 200 202 280
f 295 200 280
f 295 280 279
f 327 295 279
f 326 327 279
f 326 295 327
f 326 562 295
f 279 280 281
f 351 279 281
f 350 351 281
f 350 281 420
f 350 420 421
f 350 421 380
f 350 380 338
f 337 350 338
f 336 337 338
f 338 791 336
f 336 791 792
f 336 792 452
f 336 452 453
f 336 453 813
f 813 814 336
f 814 473 336
f 473 441 336
f 473 442 441
f 440 441 442
f 514 442 473
f 514 473 472
f 472 825 514
f 13 472 473
f 14 13 473
f 13 14 15
f 13 15 500
f 500 15 501
f 570 500 501
f 570 501 522
f 522 501 166
f 166 484 522
f 484 166 482
f 482 483 484
f 484 483 553
f 552 484 553
f 553 483 631
f 483 630 631
f 483 587 630
f 483 482 587
f 482 533 587
f 482 166 533
f 166 168 533
f 166 167 168
f 168 167 674
f 674 155 168
f 155 191 168
f 191 155 192
f 154 192 155
f 154 155 156
f 156 663 154
f 662 154 663
f 663 720 662
f 688 662 720
f 688 720 689
f 653 688 689
f 653 689 651
f 651 652 653
f 652 709 653
f 709 710 653
f 709 759 710
f 759 727 710
f 688 710 727
f 727 699 688
f 698 688 699
f 697 698 699
f 699 748 697
f 219 697 748
f 805 748 699
f 805 771 748
f 309 748 771
f 309 771 736
f 309 736 735
f 281 735 736
f 202 735 281
f 1745 736 771
f 771 1756 1745
f 1756 1753 1745
f 1753 1749 1745
f 1745 1749 420
f 1749 1826 420
f 1826 1749 791
f 380 1826 791
f 1749 1753 792
f 792 1753 709
f 709 1753 1755
f 1755 1753 1756
f 1755 1756 805
f 759 1755 805
f 736 1745 420
f 805 1756 771
f 697 1669 698
f 1669 1675 698
f 1675 1669 1838
f 1675 1838 1673
f 1673 1674 1675
f 1675 1674 662
f 1674 1673 154
f 1679 154 1673
f 1679 1673 1680
f 1846 1679 1680
f 1846 1680 1684
f 1683 1846 1684
f 1683 1684 1275
f 1683 1275 1274
f 1683 1274 1346
f 1155 1346 1274
f 1155 1345 1346
f 1345 192 1346
f 1679 1346 192
f 1152 192 1345
f 1274 1275 1276
f 1169 1274 1276
f 1601 1276 1275
f 1601 1247 1276
f 1247 1601 1319
f 1601 1684 1319
f 1684 1873 1319
f 1873 1320 1319
f 1248 1319 1320
f 1248 1320 1882
f 1320 1705 1882
f 1704 1882 1705
f 1704 1705 80
f 1704 1269 1882
f 1882 1269 1255
f 1269 1704 1717
f 1717 1704 1718
f 1718 1899 1717
f 1733 1717 1899
f 1733 1899 1734
f 1732 1733 1734
f 1732 1734 1909
f 1909 1737 1732
f 1732 1737 1736
f 1312 1736 1737
f 1312 1737 1914
f 1804 1312 1914
f 1914 1805 1804
f 1803 1804 1805
f 1803 1805 1810
f 1803 1810 1335
f 1810 1358 1335
f 1809 1358 1810
f 1358 1809 1925
f 1925 1814 1358
f 1814 1925 1815
f 1814 1815 1466
f 1466 1815 1932
f 1818 1932 1815
f 1815 1516 1818
f 1516 841 1818
f 1815 1937 1516
f 1516 1937 1517
f 1516 1517 842
f 1517 1525 842
f 1517 1939 1525
f 1525 1939 1526
f 905 1525 1526
f 1526 1758 905
f 905 1758 1533
f 1758 1534 1533
f 1533 1534 1535
f 1535 1539 1533
f 906 1533 1539
f 906 1539 1540
f 1539 1048 1540
f 1540 1048 1767
f 1767 1688 1540
f 954 1540 1688
f 954 1688 1687
f 1687 1688 1689
f 1689 923 1687
f 1689 1688 1956
f 1956 1693 1689
f 1693 924 1689
f 924 1693 1960
f 1960 1698 924
f 1697 924 1698
f 1696 1697 1698
f 1696 1698 1391
f 1696 1391 1965
f 1965 1703 1696
f 1702 1696 1703
f 1702 1703 116
f 1702 116 1786
f 1092 1702 1786
f 1092 1786 1787
f 1787 1786 1973
f 1630 1787 1973
f 1630 1973 1792
f 1791 1630 1792
f 1791 1792 1977
f 1977 1795 1791
f 1628 1791 1795
f 1502 1628 1795
f 1795 1979 1502
f 1502 1979 1983
f 1983 1799 1502
f 1496 1502 1799
f 1496 1799 1635
f 1635 1115 1496
f 1115 1495 1496
f 1496 1495 1500
f 1500 1495 1990
f 1990 1501 1500
f 1500 1501 1502
f 1501 1990 1507
f 1629 1501 1507
f 1629 1507 1020
f 1506 1020 1507
f 1510 1506 1507
f 1510 1512 1506
f 1078 1506 1512
f 1510 1511 1512
f 1511 1099 1512
f 1511 1510 1990
f 1501 1629 1628
f 1628 1629 1630
f 1507 1990 1510
f 1990 1495 1511
f 1511 1495 1064
f 1634 1115 1635
f 2009 1634 1635
f 2009 1635 1641
f 2009 1641 1640
f 1639 1640 1641
f 1641 2013 1639
f 1645 1639 2013
f 2013 1646 1645
f 1645 1646 1647
f 1645 1647 2021
f 1543 1645 2021
f 1543 2021 1541
f 1541 1542 1543
f 1543 1542 1772
f 1543 1772 1639
f 1551 1772 1542
f 1550 1551 1542
f 1777 1551 1550
f 1556 1777 1550
f 1556 1550 1557
f 1556 1557 1478
f 1478 1563 1556
f 2030 1556 1563
f 1562 2030 1563
f 1561 1562 1563
f 1477 1561 1563
f 2032 1561 1477
f 1476 2032 1477
f 1476 1477 1478
f 1476 1478 2036
f 1476 2036 2040
f 1476 2040 1482
f 1482 1483 1476
f 1483 1482 404
f 1488 1483 404
f 1488 404 1489
f 1487 1488 1489
f 1489 2046 1487
f 1492 1487 2046
f 1492 2046 1493
f 1492 1493 1494
f 1492 1494 296
f 296 1587 1492
f 296 1585 1587
f 1585 1586 1587
f 1487 1587 1586
f 1586 2055 1487
f 1561 2055 1586
f 1561 1586 1592
f 1586 1585 1592
f 1592 1585 2064
f 1592 2064 1603
f 1562 1592 1603
f 1562 1603 28
f 28 1619 1562
f 1619 28 1620
f 1619 1620 795
f 2030 1619 795
f 795 1708 2030
f 1708 1707 2030
f 1707 1708 1709
f 1707 1709 1777
f 1708 1117 1709
f 1117 157 1709
f 157 1722 1709
f 2080 1709 1722
f 215 2080 1722
f 215 1722 216
f 214 215 216
f 2087 214 216
f 263 2087 216
f 263 216 262
f 262 169 263
f 263 169 1649
f 2096 263 1649
f 1140 2096 1649
f 1648 1140 1649
f 1649 2098 1648
f 1653 1648 2098
f 2098 1654 1653
f 1652 1653 1654
f 1654 656 1652
f 656 2103 1652
f 2103 1658 1652
f 1652 1658 1659
f 2106 1652 1659
f 2106 1659 976
f 1663 2106 976
f 1663 976 1664
f 1570 1663 1664
f 1570 1664 2113
f 1570 2113 502
f 1570 502 1571
f 2118 1570 1571
f 2118 1571 1148
f 1148 1571 486
f 1574 1148 486
f 1574 486 1407
f 1574 1407 1578
f 853 1574 1578
f 853 1578 1579
f 1579 1578 1158
f 1579 1158 1584
f 1579 1584 1229
f 1583 1584 1158
f 1158 2131 1583
f 1583 2131 1602
f 1602 2131 1097
f 2131 1095 1097
f 1095 1096 1097
f 1096 2136 1097
f 1112 1097 2136
f 2136 856 1112
f 1112 856 1113
f 1112 1113 1621
f 856 1132 1113
f 1113 1132 1397
f 1132 856 1133
f 1132 1133 1398
f 1133 1149 1398
f 1149 1154 1398
f 1149 1153 1154
f 1154 1153 876
f 824 1154 876
f 824 876 822
f 822 823 824
f 823 822 850
f 850 1179 823
f 1413 823 1179
f 850 822 851
f 877 851 822
f 877 51 851
f 1665 851 51
f 822 876 877
f 877 876 903
f 903 428 877
f 903 902 428
f 540 902 903
f 903 2159 540
f 540 2159 2160
f 540 2160 541
f 540 541 394
f 2166 541 2160
f 573 2166 2160
f 573 2160 571
f 571 572 573
f 2174 573 572
f 602 2174 572
f 602 572 600
f 600 601 602
f 602 601 2184
f 2184 632 602
f 632 634 602
f 632 633 634
f 633 1005 634
f 2174 634 1005
f 1005 633 1003
f 1003 1004 1005
f 1005 1004 573
f 1031 1004 1003
f 1003 1032 1031
f 1030 1031 1032
f 1032 2206 1030
f 1046 1030 2206
f 1046 2206 1047
f 1046 1047 1048
f 1048 1047 1356
f 1074 1356 1047
f 1073 1356 1074
f 1072 1073 1074
f 1074 1423 1072
f 2218 1072 1423
f 1423 633 2218
f 1423 1032 633
f 1434 1072 2218
f 1434 2218 2184
f 1435 1434 2184
f 1434 1435 1436
f 1436 2229 1434
f 1447 2229 1436
f 1447 1436 1448
f 1447 1448 1449
f 960 1447 1449
f 1463 960 1449
f 1463 1449 1464
f 1463 1464 1465
f 1465 209 1463
f 208 1463 209
f 207 208 209
f 209 1172 207
f 1172 253 207
f 252 207 253
f 252 253 254
f 254 1202 252
f 1202 2243 252
f 252 2243 292
f 292 293 252
f 293 321 252
f 321 293 1432
f 1432 322 321
f 320 321 322
f 322 1240 320
f 1240 2246 320
f 320 2246 920
f 920 2246 921
f 920 921 208
f 2252 208 921
f 1463 2252 921
f 921 940 1463
f 939 940 921
f 940 939 2255
f 2255 960 940
f 2255 958 960
f 958 959 960
f 958 2260 959
f 984 959 2260
f 2260 985 984
f 983 984 985
f 983 985 2264
f 1357 983 2264
f 2264 1355 1357
f 1355 1356 1357
f 1357 1356 2270
f 1379 1356 1355
f 1379 1355 1380
f 1378 1379 1380
f 1380 2272 1378
f 1392 1378 2272
f 2272 1393 1392
f 1391 1392 1393
f 1960 1392 1391
f 1393 2272 2279
f 1393 2279 1412
f 117 1393 1412
f 117 1412 2282
f 117 2282 118
f 116 117 118
f 116 118 139
f 139 1973 116
f 1973 139 138
f 137 138 139
f 138 137 162
f 2291 138 162
f 164 2291 162
f 162 163 164
f 164 163 2292
f 164 2292 2296
f 2296 189 164
f 188 164 189
f 189 659 188
f 2300 188 659
f 658 2300 659
f 658 659 660
f 1646 658 660
f 1646 660 2304
f 683 2304 660
f 682 683 660
f 683 682 1000
f 706 683 1000
f 706 1000 707
f 705 706 707
f 725 705 707
f 725 707 2309
f 725 2309 726
f 724 725 726
f 2315 724 726
f 2315 726 347
f 348 2315 347
f 347 314 348
f 348 314 1259
f 348 1259 374
f 1259 375 374
f 374 375 376
f 376 405 374
f 374 405 724
f 724 405 2040
f 404 405 376
f 376 375 1302
f 1489 376 1302
f 424 1302 375
f 424 375 425
f 424 425 36
f 1493 424 36
f 1493 36 35
f 34 35 36
f 36 269 34
f 34 269 60
f 60 62 34
f 60 61 62
f 2330 62 61
f 2330 61 75
f 77 2330 75
f 75 76 77
f 520 77 76
f 97 520 76
f 76 95 97
f 95 96 97
f 96 1839 97
f 547 97 1839
f 547 1839 135
f 135 546 547
f 546 2345 547
f 2345 578 547
f 2345 579 578
f 97 578 579
f 2350 579 2345
f 2350 2345 605
f 604 2350 605
f 604 605 606
f 785 604 606
f 765 785 606
f 643 765 606
f 606 642 643
f 643 642 1007
f 643 1007 2361
f 1008 2361 1007
f 1007 546 1008
f 195 1008 546
f 1008 195 679
f 679 1036 1008
f 1036 679 1037
f 2376 1036 1037
f 1037 383 2376
f 1057 2376 383
f 383 373 1057
f 1085 1057 373
f 373 429 1085
f 429 1086 1085
f 744 1085 1086
f 744 1086 71
f 71 59 744
f 744 59 745
f 744 745 746
f 746 745 764
f 764 766 746
f 2376 746 766
f 764 765 766
f 2361 766 765
f 1036 766 2361
f 745 786 764
f 785 764 786
f 786 810 785
f 810 786 2399
f 810 2399 811
f 809 810 811
f 811 577 809
f 438 809 577
f 438 577 437
f 437 353 438
f 438 353 2409
f 438 2409 2413
f 438 2413 464
f 463 438 464
f 464 495 463
f 810 463 495
f 495 604 810
f 494 495 464
f 464 519 494
f 494 519 579
f 520 579 519
f 519 178 520
f 178 519 2413
f 2413 2423 178
f 178 2423 179
f 178 179 180
f 77 178 180
f 179 284 180
f 283 180 284
f 282 283 284
f 284 297 282
f 296 282 297
f 297 2431 296
f 297 2336 2431
f 408 2431 2336
f 339 408 2336
f 339 2336 340
f 339 340 341
f 353 339 341
f 352 339 353
f 645 352 353
f 645 395 352
f 395 645 2437
f 2437 2288 395
f 2288 396 395
f 395 396 339
f 2288 407 396
f 396 407 408
f 407 2444 408
f 407 29 2444
f 2444 29 2064
f 2444 2064 2431
f 28 2064 29
f 28 29 30
f 42 30 29
f 41 42 29
f 42 41 778
f 2240 778 41
f 407 2240 41
f 1597 778 2240
f 1597 2240 1590
f 750 1597 1590
f 1589 750 1590
f 1588 1589 1590
f 2464 1588 1590
f 1590 2437 2464
f 2437 1605 2464
f 644 1605 2437
f 1605 644 1624
f 1624 1039 1605
f 1605 1039 1604
f 1604 1588 1605
f 1604 2468 1588
f 1040 2468 1604
f 2318 2468 1040
f 1040 761 2318
f 1710 2318 761
f 1710 761 1729
f 1710 1729 1711
f 1589 1710 1711
f 2468 1710 1589
f 1711 1729 2325
f 2483 1711 2325
f 205 2483 2325
f 205 2325 203
f 203 204 205
f 221 205 204
f 204 220 221
f 220 2487 221
f 221 2487 2302
f 702 221 2302
f 702 2302 2293
f 2293 700 702
f 700 701 702
f 712 702 701
f 711 712 701
f 711 701 2501
f 2501 2504 711
f 711 2504 2418
f 711 2418 738
f 738 2418 739
f 737 738 739
f 737 739 749
f 737 749 750
f 1711 737 750
f 779 749 739
f 739 1079 779
f 1079 793 779
f 779 793 30
f 778 779 30
f 793 795 30
f 793 794 795
f 794 1023 795
f 1117 795 1023
f 1117 1023 18
f 1117 18 158
f 17 158 18
f 16 17 18
f 16 18 2501
f 443 17 16
f 16 1065 443
f 2305 443 1065
f 1065 2516 2305
f 2305 2516 4
f 6 2305 4
f 4 5 6
f 5 81 6
f 6 81 82
f 82 2526 6
f 2526 2529 6
f 2310 6 2529
f 2310 2529 110
f 109 2310 110
f 109 110 111
f 111 123 109
f 122 109 123
f 122 123 262
f 262 159 122
f 159 17 122
f 262 2395 159
f 157 159 2395
f 157 158 159
f 109 122 443
f 123 111 169
f 169 111 2538
f 169 2538 2098
f 2538 2400 2098
f 2538 654 2400
f 656 2400 654
f 654 655 656
f 655 665 656
f 664 656 665
f 665 2541 664
f 664 2541 989
f 664 989 990
f 2103 664 990
f 989 1672 990
f 990 1672 936
f 990 936 1658
f 1658 936 935
f 935 936 937
f 935 937 1384
f 935 1384 1385
f 935 1385 2156
f 1659 935 2156
f 1659 2156 2554
f 2554 977 1659
f 977 2554 978
f 976 977 978
f 978 2554 1415
f 978 1415 1416
f 1416 1664 978
f 1416 1415 503
f 2113 1416 503
f 1415 1371 503
f 1373 503 1371
f 1371 1372 1373
f 1372 1438 1373
f 1438 1111 1373
f 2261 1373 1111
f 2372 2261 1111
f 2372 1111 1096
f 1159 2372 1096
f 485 2372 1159
f 1159 1407 485
f 1159 1158 1407
f 1157 1158 1159
f 1159 1095 1157
f 487 2372 485
f 485 486 487
f 487 503 2372
f 502 503 487
f 1096 1111 857
f 1111 855 857
f 855 856 857
f 855 534 856
f 536 856 534
f 534 535 536
f 535 554 536
f 554 555 536
f 555 1149 536
f 554 845 555
f 907 555 845
f 845 571 907
f 571 2159 907
f 907 2159 2575
f 2575 1153 907
f 571 845 844
f 843 844 845
f 844 843 600
f 843 943 600
f 1448 600 943
f 943 843 554
f 943 554 895
f 895 1464 943
f 897 1464 895
f 895 896 897
f 897 896 1338
f 1338 1339 897
f 1339 1338 2241
f 1465 1339 2241
f 1172 1465 2241
f 1172 2241 1280
f 1280 254 1172
f 1280 1281 254
f 254 1281 1623
f 1281 1622 1623
f 1740 1623 1622
f 2599 1740 1622
f 2341 2599 1622
f 2599 2341 1325
f 1325 1324 2599
f 1324 1325 1326
f 1326 1176 1324
f 1176 1726 1324
f 1738 1324 1726
f 1738 1726 1606
f 1738 1606 2607
f 1721 1738 2607
f 1721 2607 1719
f 1719 1720 1721
f 1741 1721 1720
f 1720 1468 1741
f 1741 1468 2326
f 1468 1467 2326
f 2326 1467 2243
f 2326 2243 1740
f 1739 2326 1740
f 1738 1739 1740
f 1721 2326 1739
f 1467 1468 1263
f 1263 1354 1467
f 1467 1354 2620
f 1467 2620 292
f 1354 1431 2620
f 1431 1432 2620
f 1431 1204 1432
f 1204 1206 1432
f 1204 1205 1206
f 2280 1206 1205
f 1205 2630 2280
f 2631 2280 2630
f 2631 2630 1459
f 1458 2631 1459
f 1458 1459 1242
f 1244 1458 1242
f 1242 1243 1244
f 2225 1244 1243
f 1243 2637 2225
f 2637 2292 2225
f 2637 1195 2292
f 1195 2637 1193
f 1193 1194 1195
f 1286 1195 1194
f 1286 1194 1287
f 2236 1286 1287
f 1287 2647 2236
f 2236 2647 659
f 659 2647 1230
f 682 659 1230
f 682 1230 1001
f 1230 2651 1001
f 2651 2652 1001
f 1001 2652 1131
f 1130 1001 1131
f 926 1130 1131
f 926 1131 1101
f 1100 926 1101
f 1100 1101 2659
f 2662 1100 2659
f 2662 2659 2049
f 1170 2662 2049
f 1170 2049 1171
f 1170 1171 1143
f 1142 1170 1143
f 1142 1143 1144
f 2665 1142 1144
f 2666 2665 1144
f 2666 1144 875
f 1009 2666 875
f 874 1009 875
f 874 875 835
f 834 874 835
f 833 834 835
f 1999 833 835
f 1999 835 2680
f 1999 2680 2681
f 2681 918 1999
f 886 1999 918
f 886 918 919
f 919 887 886
f 885 886 887
f 885 887 2109
f 2109 551 885
f 551 2109 2689
f 2689 597 551
f 549 551 597
f 597 550 549
f 61 550 597
f 549 550 551
f 1945 551 550
f 550 1365 1945
f 1365 1218 1945
f 1945 1218 608
f 1945 608 647
f 647 608 610
f 647 610 833
f 608 609 610
f 609 834 610
f 609 1186 834
f 1042 834 1186
f 1186 333 1042
f 333 1043 1042
f 1042 1043 1011
f 1010 1042 1011
f 1009 1010 1011
f 1011 1094 1009
f 1094 2665 1009
f 2665 1094 1058
f 1094 1043 1058
f 1042 1010 874
f 1043 1094 1011
f 1058 1043 333
f 333 968 1058
f 968 2121 1058
f 2121 1142 1058
f 2662 1142 2121
f 968 1446 2121
f 1100 2121 1446
f 1446 968 957
f 1446 957 926
f 927 926 957
f 957 2725 927
f 347 927 2725
f 347 2725 956
f 315 347 956
f 956 1453 315
f 1475 315 1453
f 1257 1475 1453
f 1453 267 1257
f 1256 1257 267
f 1256 267 269
f 267 268 269
f 268 267 249
f 268 249 1218
f 1218 249 1187
f 249 251 1187
f 1186 1187 251
f 249 250 251
f 250 333 251
f 250 332 333
f 332 250 1453
f 250 249 267
f 1256 316 1257
f 316 1256 425
f 425 314 316
f 314 315 316
f 267 1453 250
f 1257 316 1475
f 316 315 1475
f 332 1453 956
f 332 956 957
f 2725 957 956
f 926 927 928
f 927 2309 928
f 2309 2017 928
f 928 2017 1130
f 2309 1002 2017
f 2017 1002 1001
f 1000 1001 1002
f 1000 1002 2309
f 332 957 968
f 968 333 332
f 251 333 1186
f 1187 1186 609
f 609 608 1187
f 1218 1187 608
f 1365 268 1218
f 60 268 1365
f 550 60 1365
f 551 1945 647
f 551 647 886
f 2689 2109 597
f 597 2109 76
f 96 2109 887
f 887 149 96
f 886 885 551
f 919 149 887
f 149 919 2408
f 2408 147 149
f 147 148 149
f 148 1839 149
f 148 147 2675
f 2675 2758 148
f 2758 136 148
f 136 135 148
f 134 135 136
f 134 195 135
f 194 195 134
f 185 194 134
f 134 2762 185
f 2674 185 2762
f 2674 2762 2758
f 185 2674 186
f 185 186 187
f 185 187 691
f 691 187 692
f 692 1957 691
f 2765 691 1957
f 2765 1957 732
f 2765 732 681
f 680 2765 681
f 679 680 681
f 195 2765 680
f 681 732 733
f 733 1966 681
f 1966 2776 681
f 2776 1037 681
f 2776 722 1037
f 723 1037 722
f 722 384 723
f 383 723 384
f 382 383 384
f 382 384 1299
f 371 382 1299
f 371 1299 1300
f 1300 1268 371
f 1268 372 371
f 371 372 373
f 372 1268 430
f 429 372 430
f 429 430 1352
f 430 1313 1352
f 1086 1352 1313
f 1313 423 1086
f 423 1313 422
f 422 69 423
f 423 69 71
f 69 70 71
f 69 1822 70
f 70 1822 1660
f 1660 2231 70
f 2231 57 70
f 57 59 70
f 57 58 59
f 58 92 59
f 59 92 104
f 104 92 94
f 104 94 2793
f 745 104 2793
f 2399 2793 94
f 94 93 2399
f 92 93 94
f 92 591 93
f 93 591 592
f 592 1940 93
f 1940 575 93
f 811 93 575
f 575 1940 1949
f 1949 576 575
f 575 576 577
f 645 577 576
f 644 645 576
f 1949 1624 576
f 2803 1624 1949
f 2803 1949 1581
f 2803 1581 638
f 1581 636 638
f 636 637 638
f 638 637 1039
f 1039 637 1040
f 637 2023 1040
f 2809 1040 2023
f 2809 2023 839
f 2809 839 1034
f 775 2809 1034
f 775 1034 1035
f 1088 775 1035
f 1035 1087 1088
f 1087 2031 1088
f 1088 2031 2507
f 1088 2507 1076
f 1076 2507 2822
f 1076 2822 539
f 1076 539 773
f 1076 773 775
f 773 774 775
f 774 773 1781
f 1781 762 774
f 2809 774 762
f 2828 2809 762
f 2828 762 761
f 761 762 763
f 762 816 763
f 763 816 817
f 1729 763 817
f 1729 817 203
f 816 475 817
f 204 817 475
f 475 816 807
f 475 807 808
f 475 808 476
f 475 476 477
f 475 477 220
f 2842 477 476
f 476 1428 2842
f 2842 1428 461
f 460 2842 461
f 460 461 462
f 531 460 462
f 462 530 531
f 530 1933 531
f 2286 531 1933
f 2286 1933 82
f 82 1933 517
f 82 517 516
f 516 517 518
f 518 1748 516
f 2529 516 1748
f 1748 518 1746
f 1746 1747 1748
f 110 1748 1747
f 1747 655 110
f 1746 665 1747
f 518 517 1746
f 1746 517 2541
f 2541 517 1670
f 517 1754 1670
f 1671 1670 1754
f 1754 2341 1671
f 1281 1671 2341
f 1671 1281 2335
f 2335 1672 1671
f 1672 2335 2754
f 2754 2335 1384
f 1280 1384 2335
f 1670 1671 1672
f 517 530 1754
f 1754 530 1325
f 531 2286 2287
f 1681 531 2287
f 2294 1681 2287
f 2294 2287 81
f 1681 2294 1682
f 460 1681 1682
f 2302 460 1682
f 2293 1682 2294
f 2293 2294 2295
f 2516 2293 2295
f 2295 2294 5
f 2286 81 2287
f 1933 530 517
f 1219 530 462
f 462 1174 1219
f 1176 1219 1174
f 1174 1175 1176
f 1174 1457 1175
f 1457 2126 1175
f 1175 2126 1606
f 2126 1607 1606
f 1222 1606 1607
f 1222 1607 1258
f 1258 1220 1222
f 1220 1221 1222
f 1719 1222 1221
f 1715 1719 1221
f 1715 1221 2073
f 2073 1716 1715
f 1301 1715 1716
f 1716 1261 1301
f 1261 1263 1301
f 1261 1262 1263
f 2783 1263 1262
f 2782 2783 1262
f 2782 1735 2783
f 1735 1353 2783
f 1353 1735 1306
f 1353 1306 1305
f 1353 1305 1354
f 1304 1305 1306
f 2840 1304 1306
f 2840 1306 2841
f 1808 2840 2841
f 1808 2841 1806
f 1806 1807 1808
f 1808 1807 2412
f 2411 1808 2412
f 2410 2411 2412
f 2850 2410 2412
f 2850 2412 1368
f 2849 2850 1368
f 1817 2849 1368
f 1368 1816 1817
f 1817 1816 2424
f 1817 2424 672
f 2417 1817 672
f 2417 672 2175
f 1523 2417 2175
f 2175 1524 1523
f 1522 1523 1524
f 1522 1524 507
f 1522 507 2172
f 1101 1522 2172
f 2172 507 2173
f 2172 2173 1537
f 2049 2172 1537
f 1537 1536 2049
f 1536 1537 1538
f 1763 1536 1538
f 1763 1538 2368
f 2368 2354 1763
f 2354 2187 1763
f 1143 1763 2187
f 1143 2187 2764
f 2764 1691 1143
f 1143 1691 1690
f 1690 1691 1692
f 1144 1690 1692
f 1692 1691 2061
f 1692 2061 2303
f 1692 2303 875
f 875 2303 2772
f 1700 2772 2303
f 2303 1701 1700
f 1699 1700 1701
f 1699 1701 2316
f 2316 2308 1699
f 1699 2308 2095
f 1699 2095 2824
f 2824 2095 1788
f 2823 2824 1788
f 1790 2823 1788
f 1788 1789 1790
f 2392 1790 1789
f 2392 1789 2393
f 2392 2393 2394
f 2394 918 2392
f 1796 2394 2393
f 2393 2831 1796
f 1796 2831 1797
f 1796 1797 1798
f 1798 2408 1796
f 2150 1798 1797
f 1797 2398 2150
f 2398 2670 2150
f 2150 2670 1498
f 1498 1497 2150
f 1497 1498 1499
f 1499 2675 1497
f 1499 2674 2675
f 1498 2933 1499
f 1499 2933 2148
f 1499 2148 2149
f 2149 186 1499
f 186 2149 1509
f 1508 186 1509
f 1509 2685 1508
f 2685 2686 1508
f 2157 1508 2686
f 2157 2686 2158
f 2157 2158 1632
f 692 2157 1632
f 692 1632 1631
f 1631 1632 1633
f 1631 1633 2254
f 732 1631 2254
f 2254 1633 2940
f 2254 2940 2253
f 2253 1643 2254
f 733 2254 1643
f 1642 733 1643
f 1642 1643 1644
f 1642 1644 2262
f 1642 2262 2740
f 2776 1642 2740
f 2263 2740 2262
f 2262 1548 2263
f 1548 384 2263
f 1548 1547 384
f 1547 1548 1549
f 1549 1773 1547
f 1299 1547 1773
f 2205 1773 1549
f 2205 1549 2204
f 2204 1558 2205
f 1558 1560 2205
f 2205 1560 1300
f 1558 1559 1560
f 1559 1783 1560
f 1560 1783 1268
f 2217 1268 1783
f 1783 2216 2217
f 2216 2140 2217
f 1481 2217 2140
f 2140 1479 1481
f 1479 1480 1481
f 2656 1481 1480
f 1480 2139 2656
f 430 2656 2139
f 2139 2138 430
f 2137 2138 2139
f 1491 2137 2139
f 427 2137 1491
f 1490 427 1491
f 1491 2663 1490
f 1490 2663 2664
f 270 1490 2664
f 270 2664 2143
f 2143 271 270
f 270 271 272
f 270 272 1591
f 271 1591 272
f 241 1591 271
f 241 271 2678
f 257 241 2678
f 257 2678 258
f 256 257 258
f 256 258 334
f 334 1614 256
f 1614 1615 256
f 256 1615 2731
f 2731 1615 324
f 324 239 2731
f 257 2731 239
f 324 325 239
f 239 325 385
f 385 240 239
f 239 240 241
f 240 2780 241
f 2780 2781 241
f 2781 2780 377
f 310 2781 377
f 310 377 378
f 378 431 310
f 310 431 311
f 310 311 312
f 2785 310 312
f 2785 312 1490
f 2785 1490 1591
f 2781 2785 1591
f 312 311 427
f 427 311 1650
f 311 1105 1650
f 1650 1105 1651
f 1650 1651 2271
f 2271 2137 1650
f 1651 1662 2271
f 2271 1662 1661
f 2271 1661 422
f 422 2138 2271
f 1822 422 1661
f 1660 1661 1662
f 1660 1662 2752
f 2752 2753 1660
f 2752 2281 2753
f 2230 2753 2281
f 2230 2281 1573
f 2230 1573 58
f 2230 58 2231
f 1572 58 1573
f 1573 2721 1572
f 2721 592 1572
f 592 2721 2226
f 2226 2228 592
f 2226 2227 2228
f 2228 2227 1580
f 1582 2228 1580
f 1580 1581 1582
f 1940 1582 1581
f 1940 2228 1582
f 1147 1580 2227
f 2238 1147 2227
f 2227 2237 2238
f 2039 2238 2237
f 2237 1104 2039
f 1103 2039 1104
f 1103 1104 1105
f 1105 1104 2045
f 1103 2037 2039
f 2037 2038 2039
f 2038 1147 2039
f 2038 2581 1147
f 1147 2581 2047
f 1147 2047 1145
f 1145 1146 1147
f 1145 636 1146
f 636 1580 1146
f 2047 2048 1145
f 2048 2544 1145
f 1145 2544 637
f 2048 837 2544
f 839 2544 837
f 837 838 839
f 1995 838 837
f 1995 1988 838
f 1988 1989 838
f 1035 838 1989
f 1988 2550 1989
f 2550 889 1989
f 891 1989 889
f 889 890 891
f 890 1996 891
f 1998 891 1996
f 1996 1997 1998
f 1998 1997 2506
f 1998 2506 2507
f 2506 563 2507
f 565 2507 563
f 563 564 565
f 780 565 564
f 780 564 781
f 781 1757 780
f 1757 2742 780
f 780 2742 2512
f 2512 613 780
f 780 613 612
f 612 613 20
f 19 612 20
f 19 20 21
f 1761 19 21
f 1761 21 3010
f 1761 3010 2572
f 489 1761 2572
f 489 2572 1015
f 489 1015 1016
f 489 1016 490
f 488 489 490
f 807 488 490
f 489 488 538
f 489 538 537
f 537 1061 489
f 1061 537 1060
f 1060 19 1061
f 539 1060 537
f 537 538 539
f 1781 538 488
f 488 816 1781
f 490 1016 1429
f 490 1429 808
f 808 1429 1428
f 1427 1428 1429
f 1429 2124 1427
f 1427 2124 2119
f 1427 2119 2120
f 2120 2119 2132
f 2120 2132 1456
f 2120 1456 1455
f 1455 461 2120
f 1455 1456 1457
f 2132 233 1456
f 1456 233 2125
f 1456 2125 2126
f 1867 2126 2125
f 1867 2125 233
f 235 1867 233
f 233 234 235
f 234 1189 235
f 235 1189 1866
f 1189 2054 1866
f 2054 1865 1866
f 1865 302 1866
f 1866 302 1258
f 1865 300 302
f 300 301 302
f 302 301 1220
f 301 2073 1220
f 300 1878 301
f 1716 301 1878
f 1877 1716 1878
f 931 1877 1878
f 2560 931 1878
f 2560 932 931
f 930 931 932
f 2006 930 932
f 2006 932 2007
f 2006 2007 2008
f 3035 2006 2008
f 2566 3035 2008
f 2566 2008 972
f 971 2566 972
f 970 971 972
f 970 972 2016
f 2015 970 2016
f 2014 2015 2016
f 2016 1369 2014
f 2412 2014 1369
f 2016 2105 1369
f 1369 2105 1367
f 1367 1368 1369
f 2104 1367 2105
f 1367 2104 2099
f 1367 2099 1816
f 1851 1816 2099
f 2626 1851 2099
f 2099 1403 2626
f 1402 2626 1403
f 1401 1402 1403
f 1401 1403 2117
f 2117 2107 1401
f 2107 2108 1401
f 2108 130 1401
f 2108 1841 130
f 130 1841 131
f 129 130 131
f 129 131 2440
f 129 2440 1852
f 129 1852 175
f 1840 129 175
f 1840 175 1402
f 1402 130 1840
f 1852 176 175
f 175 176 177
f 177 2626 175
f 177 176 2449
f 177 2449 2517
f 2517 1850 177
f 177 1850 1851
f 2517 671 1850
f 673 1850 671
f 671 672 673
f 672 671 2522
f 2521 672 2522
f 2521 2522 1959
f 1958 2521 1959
f 1958 1959 716
f 716 505 1958
f 1524 1958 505
f 715 505 716
f 716 2530 715
f 1967 715 2530
f 2530 3060 1967
f 1967 3060 1968
f 365 1967 1968
f 365 1968 1900
f 365 1900 366
f 364 365 366
f 364 366 1270
f 364 1270 1897
f 451 364 1897
f 415 451 1897
f 1897 1898 415
f 415 1898 1915
f 1915 416 415
f 414 415 416
f 414 416 1318
f 414 1318 2097
f 414 2097 1913
f 1912 414 1913
f 1827 1912 1913
f 48 1827 1913
f 47 1827 48
f 47 48 49
f 1825 47 49
f 49 2427 1825
f 1825 2427 3061
f 1825 3061 1823
f 1823 1824 1825
f 86 1825 1824
f 1824 87 86
f 85 86 87
f 87 2433 85
f 1071 85 2433
f 1833 1071 2433
f 1833 2433 1080
f 1081 1833 1080
f 1080 569 1081
f 568 1081 569
f 567 568 569
f 569 2510 567
f 2510 2511 567
f 567 2511 3050
f 567 3050 1119
f 1119 1118 567
f 623 1118 1119
f 623 1119 621
f 621 622 623
f 623 622 2515
f 622 2514 2515
f 2515 2514 1160
f 2515 1160 1118
f 1118 1160 568
f 1160 1026 568
f 1024 1026 1160
f 1024 1025 1026
f 1025 2574 1026
f 2573 1026 2574
f 2574 858 2573
f 2573 858 1081
f 858 860 1081
f 858 859 860
f 1071 860 859
f 1070 1071 859
f 1070 859 1564
f 1564 1827 1070
f 3087 1827 1564
f 758 3087 1564
f 1564 1565 758
f 1565 1935 758
f 758 1935 756
f 756 757 758
f 2497 757 756
f 756 1975 2497
f 3089 2497 1975
f 1974 3089 1975
f 1974 1975 1976
f 1976 800 1974
f 800 801 1974
f 800 506 801
f 506 1924 801
f 1924 1984 801
f 1984 3089 801
f 3089 1984 1926
f 364 1926 1984
f 1926 364 450
f 449 1926 450
f 449 450 451
f 2497 1926 449
f 2496 2497 449
f 2496 449 414
f 364 1984 1924
f 1924 506 715
f 365 1924 715
f 506 800 507
f 505 506 507
f 1537 800 1976
f 2505 1976 1975
f 1934 2505 1975
f 1936 2505 1934
f 1934 1935 1936
f 1935 2792 1936
f 2792 1025 1936
f 2794 1936 1025
f 1025 3108 2794
f 3110 2794 3108
f 2354 3110 3108
f 2794 3110 2368
f 1936 2794 2368
f 1935 2791 2792
f 2792 2791 2574
f 2505 1936 2368
f 1976 2505 1538
f 1974 801 3089
f 3089 1926 2497
f 1934 1975 756
f 757 2497 2496
f 757 2496 3087
f 3087 2496 1912
f 1935 1934 756
f 2791 1935 1565
f 858 2791 1565
f 757 3087 758
f 859 1565 1564
f 1070 47 1071
f 859 858 1565
f 2791 858 2574
f 2573 1081 1026
f 1025 2792 2574
f 3108 1025 1024
f 2062 3108 1024
f 2514 2062 1024
f 2187 3108 2062
f 2062 1691 2187
f 1024 1160 2514
f 622 2062 2514
f 2063 2062 622
f 2061 2062 2063
f 621 2063 622
f 1701 2063 621
f 1701 621 2053
f 621 2065 2053
f 2053 2065 2957
f 2053 2957 3143
f 2053 3143 2316
f 3143 2957 3148
f 2308 3143 3148
f 2957 3153 3148
f 3148 3153 2600
f 2600 2784 3148
f 2095 3148 2784
f 2095 2784 2086
f 2095 2086 2076
f 1209 2076 2086
f 2076 1209 3159
f 2076 3159 2074
f 2074 2075 2076
f 2076 2075 1788
f 2074 2969 2075
f 2075 2969 3161
f 2075 3161 1789
f 2831 1789 3161
f 2831 3161 2398
f 3170 2398 3161
f 3161 2969 3170
f 2856 3170 2969
f 2969 2854 2856
f 2854 2855 2856
f 2856 2855 3179
f 2856 3179 3181
f 3181 2670 2856
f 2670 3181 2852
f 2670 2852 2851
f 2851 2852 2853
f 2853 1498 2851
f 2852 3185 2853
f 3185 3187 2853
f 2853 3187 3188
f 2853 3188 3190
f 2933 2853 3190
f 3190 3188 1294
f 3190 1294 2805
f 2805 2149 3190
f 2149 2805 2685
f 2805 1294 3006
f 2686 2805 3006
f 3005 2686 3006
f 3005 3006 2802
f 2801 3005 2802
f 2702 2801 2802
f 2802 3199 2702
f 3199 2703 2702
f 2702 2703 2695
f 2694 2702 2695
f 2694 2695 2696
f 3205 2694 2696
f 3205 2696 2777
f 3205 2777 2779
f 2686 3205 2779
f 2777 2778 2779
f 2158 2779 2778
f 3057 2158 2778
f 3057 2778 2774
f 2774 2773 3057
f 1632 3057 2773
f 2773 2774 2775
f 2775 1633 2773
f 2775 3214 1633
f 3214 2775 3216
f 3214 3216 3217
f 3217 2253 3214
f 2253 3217 3220
f 2253 3220 3221
f 3221 2837 2253
f 3221 2835 2837
f 2835 2836 2837
f 1644 2837 2836
f 1644 2836 3225
f 3090 1644 3225
f 3225 2834 3090
f 2833 3090 2834
f 2832 2833 2834
f 2204 2832 2834
f 2204 2834 245
f 2204 245 3233
f 3233 245 288
f 288 3234 3233
f 3234 1558 3233
f 3235 1558 3234
f 3234 3239 3235
f 3235 3239 3241
f 3243 3235 3241
f 3241 2671 3243
f 2671 2996 3243
f 2996 1783 3243
f 2671 2679 2996
f 2679 3248 2996
f 3248 2216 2996
f 3248 2143 2216
f 3248 2679 2143
f 2678 2679 2671
f 3241 2672 2671
f 2671 2672 2673
f 2671 2673 258
f 2715 2673 2672
f 2672 3260 2715
f 2817 2715 3260
f 3260 3261 2817
f 3262 2817 3261
f 3262 3261 3033
f 3032 3262 3033
f 3032 3033 3034
f 3268 3032 3034
f 2738 3268 3034
f 2738 3034 3271
f 2738 3271 2739
f 2738 2739 2733
f 2738 2733 2732
f 2732 2733 2734
f 2732 2734 3275
f 3275 3268 2732
f 3275 2819 3268
f 2819 2821 3268
f 2819 2820 2821
f 2820 3019 2821
f 2821 3019 2815
f 2821 2815 3032
f 3019 3020 2815
f 3020 2816 2815
f 2815 2816 2817
f 3020 2709 2816
f 2816 2709 2715
f 2709 1614 2715
f 2708 2709 3020
f 2708 1615 2709
f 1615 2708 3293
f 3296 3293 2708
f 3298 3296 2708
f 3298 2708 3019
f 3298 3299 3296
f 3299 470 3296
f 3296 470 2991
f 470 2989 2991
f 2989 2990 2991
f 2990 3303 2991
f 3293 2991 3303
f 2653 3293 3303
f 2653 3303 2660
f 2660 2661 2653
f 2653 2661 2654
f 2653 2654 2655
f 3310 2655 2654
f 3310 2654 1871
f 1870 3310 1871
f 1870 1871 586
f 586 3311 1870
f 3311 1864 1870
f 1870 1864 377
f 1864 3311 1862
f 1862 1863 1864
f 1864 1863 1872
f 1864 1872 378
f 1861 1872 1863
f 1861 1860 1872
f 1872 1860 431
f 2037 431 1860
f 1859 1860 1861
f 3320 1859 1861
f 1861 1903 3320
f 1904 3320 1903
f 1903 1896 1904
f 3328 1904 1896
f 1896 3331 3328
f 3328 3331 2550
f 1895 3331 1896
f 1894 1895 1896
f 1895 1894 3292
f 1895 3292 1907
f 1895 1907 1892
f 1907 1908 1892
f 1908 2643 1892
f 1892 2643 1893
f 1892 1893 890
f 3342 890 1893
f 3343 3342 1893
f 1893 2557 3343
f 3343 2557 3345
f 3343 3345 3348
f 3345 3040 3348
f 3348 3040 3041
f 3041 1997 3348
f 3040 2747 3041
f 3041 2747 1757
f 3040 3354 2747
f 3354 3357 2747
f 3357 2748 2747
f 2747 2748 2743
f 2743 2742 2747
f 2742 2743 2744
f 2744 3360 2742
f 3366 3360 2744
f 3367 3366 2744
f 2744 3368 3367
f 3368 3369 3367
f 3370 3367 3369
f 3029 3370 3369
f 3029 3369 3030
f 2727 3029 3030
f 2727 3030 2748
f 2727 2748 2949
f 2949 3378 2727
f 2727 3378 2720
f 2720 2726 2727
f 2388 2726 2720
f 2391 2388 2720
f 3381 2391 2720
f 2585 3381 2720
f 3383 3381 2585
f 2587 3383 2585
f 2585 2586 2587
f 3386 2587 2586
f 3386 2586 2948
f 2583 3386 2948
f 2584 2583 2948
f 2948 2949 2584
f 2582 2583 2584
f 2582 2584 3357
f 3391 2583 2582
f 3392 3391 2582
f 3392 2582 3393
f 3394 3392 3393
f 3394 3393 3040
f 3395 3392 3394
f 2556 3395 3394
f 2556 3394 2557
f 2555 2556 2557
f 2557 2642 2555
f 2642 3402 2555
f 2555 3402 2553
f 3402 2934 2553
f 2553 2934 2551
f 2551 2552 2553
f 2552 3405 2553
f 2553 3405 3406
f 2553 3406 3395
f 3405 3213 3406
f 3406 3213 3407
f 3406 3407 3391
f 3407 3408 3391
f 3408 2360 3391
f 3408 2513 2360
f 2513 2351 2360
f 2353 2360 2351
f 2351 2352 2353
f 2352 2344 2353
f 2343 2353 2344
f 2342 2343 2344
f 2344 2355 2342
f 2355 3072 2342
f 2342 3072 3416
f 2342 3416 3418
f 3418 3416 3383
f 3072 3425 3416
f 3425 3381 3416
f 3381 3425 2390
f 2390 3425 3426
f 3426 2382 2390
f 2382 2384 2390
f 2390 2384 2391
f 2382 2383 2384
f 2371 2384 2383
f 2383 2369 2371
f 2369 2370 2371
f 2371 2370 2388
f 2370 3085 2388
f 2370 2693 3085
f 3085 2693 3278
f 3085 3278 3434
f 3085 3434 2726
f 3279 2726 3434
f 3279 3029 2726
f 3279 2648 3029
f 2648 3279 2649
f 2648 2649 2650
f 2648 2650 3444
f 2648 3444 3370
f 3370 3444 2645
f 3444 2984 2645
f 2984 2646 2645
f 2644 2645 2646
f 2646 3449 2644
f 3450 2644 3449
f 3449 2701 3450
f 2701 454 3450
f 3450 454 3452
f 3452 454 3454
f 3455 3452 3454
f 2601 3455 3454
f 456 2601 3454
f 2601 456 2602
f 2601 2602 3010
f 2602 456 2878
f 2598 2602 2878
f 2878 2466 2598
f 2124 2598 2466
f 2598 2124 1015
f 2457 2466 2878
f 2466 2457 234
f 2466 234 2119
f 2457 2456 234
f 456 2456 2457
f 2456 456 3472
f 3475 2456 3472
f 3475 3472 2569
f 2571 3475 2569
f 2569 2570 2571
f 2570 2054 2571
f 2570 3481 2054
f 3481 2570 2944
f 2568 3481 2944
f 2568 2944 526
f 2567 2568 526
f 526 3483 2567
f 3483 3484 2567
f 3484 3486 2567
f 300 2567 3486
f 3486 2560 300
f 3487 2560 3486
f 2634 3487 3486
f 3488 2634 3486
f 2634 3488 2632
f 2632 2633 2634
f 2633 2632 3493
f 3493 677 2633
f 2975 2633 677
f 677 2627 2975
f 2629 2975 2627
f 2627 2628 2629
f 2628 3497 2629
f 3498 2629 3497
f 3497 3501 3498
f 3498 3501 3503
f 3498 3503 2445
f 3504 3498 2445
f 3504 2445 3505
f 3509 3504 3505
f 3505 2868 3509
f 3487 3509 2868
f 3487 3511 3509
f 3511 3487 2975
f 2868 3505 2869
f 2868 2869 932
f 2007 2869 3505
f 2438 2007 3505
f 3504 3509 3511
f 3505 2445 2438
f 2439 2438 2445
f 2445 2107 2439
f 2008 2438 2439
f 3511 3498 3504
f 3503 2107 2445
f 3501 2108 3503
f 3501 3497 3527
f 3527 3528 3501
f 3529 3501 3528
f 3528 2913 3529
f 2915 3529 2913
f 2913 2914 2915
f 2914 2527 2915
f 2915 2527 3533
f 131 2915 3533
f 2528 3533 2527
f 2527 2519 2528
f 2518 2528 2519
f 2518 2519 2520
f 2518 2520 3539
f 3539 2177 2518
f 2518 2177 2616
f 2616 2618 2518
f 2618 2616 2619
f 2618 2619 2891
f 2618 2891 2528
f 2440 2528 2891
f 1852 2891 2619
f 2619 2616 2449
f 2616 2179 2449
f 2179 2482 2449
f 2482 2481 2449
f 2481 2482 2473
f 2475 2481 2473
f 2473 2474 2475
f 2475 2474 3552
f 2530 2475 3552
f 3558 2475 2530
f 2522 2475 3558
f 3560 2475 2522
f 3060 3552 2474
f 3060 2474 2861
f 2860 3060 2861
f 2859 2860 2861
f 3564 2859 2861
f 3564 2861 2473
f 2473 2432 3564
f 2425 3564 2432
f 2426 2425 2432
f 2432 2482 2426
f 2425 2426 2178
f 2178 3572 2425
f 3572 2178 3539
f 2179 2178 2426
f 2177 2178 2179
f 2425 3572 3564
f 3572 2171 3564
f 2171 3572 3579
f 3579 2170 2171
f 2170 1166 2171
f 2171 1166 2183
f 2859 2171 2183
f 2859 2183 2182
f 2182 2183 2168
f 2182 2168 2167
f 2860 2182 2167
f 2167 2168 2169
f 1900 2167 2169
f 1900 2169 3586
f 3586 2208 1900
f 1270 1900 2208
f 2208 3588 1270
f 2208 1898 3588
f 2201 1898 2208
f 2201 2208 2202
f 2201 2202 2203
f 1915 2201 2203
f 1915 2203 2212
f 2212 2203 2211
f 2211 2198 2212
f 2212 2198 416
f 2198 2211 2199
f 2198 2199 2200
f 1318 2198 2200
f 1318 2200 3602
f 3602 2200 3603
f 3604 3602 3603
f 3603 2922 3604
f 3604 2922 3605
f 2427 3604 3605
f 2494 3605 2922
f 2922 2923 2494
f 3610 2494 2923
f 2923 3612 3610
f 3612 2539 3610
f 2533 3610 2539
f 2533 2539 1348
f 2533 1348 2534
f 2533 2534 2535
f 2535 3618 2533
f 3618 2535 3622
f 2502 3618 3622
f 3622 3624 2502
f 3625 2502 3624
f 2905 3625 3624
f 3624 3557 2905
f 2905 3557 2906
f 2905 2906 2907
f 2905 2907 2503
f 1823 2503 2907
f 3632 2503 1823
f 3632 2493 2503
f 2502 2503 2493
f 2493 2495 2502
f 2493 2494 2495
f 3632 3605 2493
f 3061 3605 3632
f 1823 2907 2906
f 2906 3557 3066
f 3065 2906 3066
f 3065 3066 3063
f 3063 2790 3065
f 87 3065 2790
f 2790 3063 2789
f 2789 1080 2790
f 3063 3064 2789
f 2789 3064 3565
f 2789 3565 2510
f 3064 3640 3565
f 3565 3640 3571
f 3565 3571 2511
f 2511 3571 3642
f 3508 2511 3642
f 3508 3642 3051
f 3051 3050 3508
f 3050 3051 2759
f 3515 3050 2759
f 3515 2759 3516
f 3515 3516 2957
f 2761 3516 2759
f 2759 2760 2761
f 3049 2761 2760
f 2760 3517 3049
f 3523 3049 3517
f 3517 3647 3523
f 3523 3647 3521
f 3521 3522 3523
f 3521 3456 3522
f 3648 3522 3456
f 2600 3648 3456
f 2600 3456 1183
f 1183 1210 2600
f 1210 1183 1211
f 1209 1210 1211
f 2784 1210 1209
f 1185 1211 1183
f 1183 1184 1185
f 1185 1184 1227
f 2597 1185 1227
f 2597 1227 3653
f 2597 3653 3179
f 3179 3653 3469
f 3469 3470 3179
f 3470 3469 3659
f 3470 3659 3187
f 3659 2617 3187
f 3187 2617 1293
f 2617 1342 1293
f 1293 1342 1265
f 1293 1265 1294
f 2802 1294 1265
f 1342 1266 1265
f 1264 1265 1266
f 1266 1316 1264
f 2615 1264 1316
f 2615 1316 3664
f 2615 3664 3551
f 3551 3550 2615
f 3550 3551 2703
f 2703 3551 3669
f 2703 3669 3623
f 3623 3669 3101
f 3100 3623 3101
f 3100 3101 3102
f 2847 3100 3102
f 2848 2847 3102
f 3102 3493 2848
f 3102 675 3493
f 2846 2847 2848
f 3099 2846 2848
f 3099 2848 3629
f 3635 3099 3629
f 3629 3674 3635
f 3674 2366 3635
f 2366 2365 3635
f 3411 3635 2365
f 3411 2365 2367
f 2367 3074 3411
f 3073 3411 3074
f 2700 3073 3074
f 3074 3414 2700
f 2700 3414 455
f 2701 2700 455
f 2699 2700 2701
f 2799 2700 2699
f 2799 2699 3071
f 3008 2799 3071
f 3071 3009 3008
f 3002 3008 3009
f 3002 3009 1776
f 3002 1776 3003
f 3003 3059 3002
f 3059 3003 1108
f 3059 1108 3525
f 3059 3525 869
f 869 2925 3059
f 2925 2771 3059
f 3059 2771 2770
f 2770 3008 3059
f 3008 2770 2769
f 2769 2770 2771
f 2771 3058 2769
f 2769 3058 2799
f 3537 2799 3058
f 3058 2329 3537
f 2329 3538 3537
f 3073 3537 3538
f 3538 2329 2328
f 3538 2328 3094
f 3411 3538 3094
f 3094 3093 3411
f 3092 3093 3094
f 3176 3092 3094
f 3092 3176 329
f 329 328 3092
f 2830 3092 328
f 2829 2830 328
f 3091 2829 328
f 3611 3091 328
f 328 330 3611
f 2057 3611 330
f 2057 330 329
f 3400 2057 329
f 329 3184 3400
f 3400 3184 3399
f 3399 3189 3400
f 3189 243 3400
f 243 2058 3400
f 2677 2058 243
f 2677 243 242
f 242 770 2677
f 770 2676 2677
f 2676 770 3404
f 2964 2676 3404
f 2965 2964 3404
f 2965 3404 769
f 2965 769 2966
f 2995 2965 2966
f 2995 2966 2542
f 3696 2995 2542
f 3479 3696 2542
f 3479 2542 802
f 802 3482 3479
f 3700 3479 3482
f 3464 3700 3482
f 3464 3482 2736
f 2735 3464 2736
f 2735 2736 2737
f 3036 2735 2737
f 2737 866 3036
f 3036 866 2916
f 3036 2916 2918
f 3036 2918 628
f 3031 3036 628
f 3031 628 2207
f 2207 3596 3031
f 3596 3086 3031
f 277 3031 3086
f 2988 277 3086
f 2713 2988 3086
f 2713 3086 581
f 2713 581 1567
f 1567 1566 2713
f 2713 1566 2714
f 2714 1566 230
f 3084 2714 230
f 230 2455 3084
f 3084 2455 2992
f 3015 2992 2455
f 2455 2658 3015
f 3015 2658 3016
f 3016 3239 3015
f 3015 3239 2467
f 3384 3239 3016
f 3384 3016 3388
f 3388 3033 3384
f 3033 3388 2657
f 2657 3388 2658
f 2658 3388 3016
f 2657 2658 2455
f 3271 2657 2455
f 2455 229 3271
f 2992 3015 2467
f 2467 287 2992
f 2992 287 2714
f 287 2988 2714
f 287 289 2988
f 2988 289 276
f 247 276 289
f 288 247 289
f 276 247 277
f 277 247 3461
f 277 3461 3036
f 3460 3461 247
f 246 3460 247
f 245 246 247
f 246 3225 3460
f 3225 3464 3460
f 3460 3464 3461
f 287 288 289
f 287 2467 288
f 2455 230 229
f 229 230 231
f 229 231 390
f 2739 229 390
f 231 391 390
f 389 390 391
f 391 368 389
f 2722 389 368
f 3544 2722 368
f 367 3544 368
f 367 368 369
f 367 369 1566
f 367 399 3544
f 400 3544 399
f 399 361 400
f 361 2472 400
f 363 2472 361
f 361 362 363
f 362 3387 363
f 363 3387 952
f 363 952 3445
f 952 1598 3445
f 1598 3471 3445
f 2691 3445 3471
f 2691 3471 2746
f 2692 2691 2746
f 2745 2692 2746
f 2746 2888 2745
f 2745 2888 3021
f 2745 3021 3733
f 2745 3733 899
f 3039 2745 899
f 899 3037 3039
f 3037 3038 3039
f 3038 2724 3039
f 3039 2724 3442
f 2724 2723 3442
f 2723 2690 3442
f 2692 3442 2690
f 2723 3445 2690
f 3445 2723 2472
f 2722 2472 2723
f 2722 2723 2724
f 2722 2724 3448
f 2722 3448 3028
f 3028 3448 3742
f 3028 3742 2043
f 2043 2895 3028
f 2895 2894 3028
f 3027 3028 2894
f 3027 2894 3297
f 3027 3297 389
f 3297 2894 2952
f 3297 2952 2734
f 2951 2734 2952
f 2580 2951 2952
f 2580 2952 2896
f 2580 2896 2490
f 2490 2489 2580
f 2579 2580 2489
f 2579 2489 2950
f 2579 2950 3251
f 3251 3745 2579
f 3251 3309 3745
f 3308 3745 3309
f 3307 3308 3309
f 3307 3309 3746
f 3746 2936 3307
f 2936 2819 3307
f 2819 2936 2935
f 1760 2935 2936
f 1760 2936 3247
f 2883 1760 3247
f 2549 2883 3247
f 3247 2548 2549
f 2548 640 2549
f 2549 640 618
f 618 3249 2549
f 618 3749 3249
f 3256 3249 3749
f 3256 3749 3206
f 3206 3255 3256
f 3256 3255 2883
f 3255 788 2883
f 469 2883 788
f 788 2804 469
f 2804 470 469
f 469 470 471
f 1760 469 471
f 788 790 2804
f 2989 2804 790
f 788 789 790
f 789 1762 790
f 1762 2800 790
f 790 2800 2990
f 2800 3203 2990
f 2800 3204 3203
f 2660 3203 3204
f 3204 2800 2872
f 2872 2871 3204
f 2661 3204 2871
f 2871 584 2661
f 586 2661 584
f 584 585 586
f 585 584 1780
f 1780 497 585
f 499 585 497
f 497 498 499
f 499 498 1782
f 499 1782 2814
f 3311 499 2814
f 1782 2450 2814
f 2450 3291 2814
f 3291 3292 2814
f 2814 3292 1862
f 2450 1907 3291
f 2450 2986 1907
f 2450 2452 2986
f 2986 2452 2987
f 2986 2987 1908
f 2987 2452 2985
f 2985 2641 2987
f 2987 2641 2643
f 2641 2642 2643
f 2985 2882 2641
f 2882 3375 2641
f 2641 3375 3402
f 2882 3380 3375
f 3379 3375 3380
f 3379 3380 2881
f 3359 3379 2881
f 3138 3359 2881
f 2881 2958 3138
f 2863 3138 2958
f 2863 2958 2959
f 2864 2863 2959
f 2462 2864 2959
f 2462 2959 2463
f 2461 2462 2463
f 2596 2461 2463
f 2880 2596 2463
f 2463 3319 2880
f 3319 2881 2880
f 2880 2881 2882
f 2880 2882 2596
f 2636 2461 2596
f 2596 2452 2636
f 2451 2636 2452
f 2636 2451 2635
f 2635 2451 2945
f 2635 2945 2946
f 2635 2946 2982
f 2982 3263 2635
f 2461 2635 3263
f 2461 3263 2564
f 2564 2565 2461
f 2564 2462 2565
f 2564 2977 2462
f 3273 2977 2564
f 3774 3273 2564
f 3774 1251 3273
f 3273 1251 3274
f 3274 2978 3273
f 3274 3775 2978
f 2978 3775 3126
f 3126 2974 2978
f 2974 2977 2978
f 2977 2974 2864
f 2974 2973 2864
f 2864 2973 2625
f 2973 1843 2625
f 2624 2625 1843
f 1843 2976 2624
f 3353 2624 2976
f 2976 161 3353
f 161 3135 3353
f 3135 3122 3353
f 3353 3122 3359
f 3122 3135 3218
f 3218 3121 3122
f 3121 2441 3122
f 3122 2441 2443
f 3786 3122 2443
f 2443 2551 3786
f 2443 2442 2551
f 3122 3786 3379
f 2441 2442 2443
f 2442 2441 3129
f 3129 3130 2442
f 2442 3130 2552
f 3130 2870 2552
f 2870 2867 2552
f 2870 2865 2867
f 2865 2866 2867
f 2604 2867 2866
f 2866 3210 2604
f 2603 2604 3210
f 3210 3109 2603
f 3109 2540 2603
f 2603 2540 3117
f 2524 2603 3117
f 3117 2525 2524
f 2523 2524 2525
f 2523 2525 3212
f 3212 3213 2523
f 2867 2523 3213
f 2513 3212 2525
f 2525 2911 2513
f 2513 2911 2910
f 2910 2911 2912
f 2912 3158 2910
f 2910 3158 2351
f 3158 2970 2351
f 2971 2970 3158
f 2970 2971 2972
f 2970 2972 1013
f 1013 2480 2970
f 2479 2970 2480
f 2478 2479 2480
f 2478 2480 2614
f 2614 2893 2478
f 2355 2478 2893
f 2887 2355 2893
f 2887 2893 2220
f 2220 2885 2887
f 2885 2886 2887
f 2887 2886 3072
f 2886 3104 3072
f 3103 3072 3104
f 3112 3103 3104
f 3807 3112 3104
f 3807 3111 3112
f 3111 2429 3112
f 2429 3111 2430
f 2428 2429 2430
f 2430 88 2428
f 88 3114 2428
f 2428 3114 2858
f 2862 2428 2858
f 2862 2858 2383
f 2858 2857 2383
f 2857 2858 558
f 2857 558 557
f 1530 2857 557
f 1530 557 64
f 1530 64 1531
f 1017 1530 1531
f 1531 2947 1017
f 1017 2947 525
f 1017 525 1018
f 1017 1018 1019
f 1019 3198 1017
f 1019 2369 3198
f 3198 2369 1530
f 1019 1018 1128
f 1019 1128 2693
f 1521 2693 1128
f 1128 1520 1521
f 1520 1554 1521
f 3279 1521 1554
f 3278 1521 3279
f 1553 1554 1520
f 3285 1553 1520
f 1520 1106 3285
f 1775 3285 1106
f 1775 1106 1108
f 1106 1107 1108
f 3288 1107 1106
f 3288 870 1107
f 870 869 1107
f 868 869 870
f 870 1546 868
f 1545 868 1546
f 1544 1545 1546
f 1544 1546 3288
f 3288 1128 1544
f 525 1545 1544
f 525 1768 1545
f 525 524 1768
f 1768 524 2902
f 2902 2537 1768
f 1768 2537 868
f 2536 868 2537
f 2537 2909 2536
f 2536 2909 3228
f 3228 2909 2924
f 3228 2924 2925
f 2924 2921 2925
f 2925 2921 2920
f 2919 2920 2921
f 2921 2498 2919
f 2919 2498 3176
f 3176 3177 2919
f 2328 3177 3176
f 3177 2328 2327
f 2920 3177 2327
f 2327 3058 2920
f 3176 2498 2500
f 2498 2499 2500
f 2499 2908 2500
f 3184 2500 2908
f 3189 3184 2908
f 2904 3189 2908
f 2908 2909 2904
f 2903 3189 2904
f 2902 2903 2904
f 2796 2903 2902
f 2796 244 2903
f 244 243 2903
f 244 2796 379
f 379 242 244
f 768 242 379
f 379 2558 768
f 418 768 2558
f 2558 2334 418
f 2334 419 418
f 417 418 419
f 419 3831 417
f 3831 3573 417
f 2942 417 3573
f 2943 2942 3573
f 2943 3573 3567
f 3566 2943 3567
f 3566 3567 65
f 3724 3566 65
f 64 3724 65
f 63 64 65
f 3474 3724 64
f 3474 64 556
f 2290 3474 556
f 556 90 2290
f 90 89 2290
f 88 89 90
f 88 3834 89
f 3834 3524 89
f 1612 89 3524
f 3518 1612 3524
f 3524 3519 3518
f 1616 3518 3519
f 1616 3519 3838
f 3838 3841 1616
f 1616 3841 1617
f 1616 1617 1618
f 1618 2608 1616
f 2956 1616 2608
f 2608 2242 2956
f 2956 2242 1612
f 2242 1613 1612
f 1611 1612 1613
f 1613 2066 1611
f 2066 3463 1611
f 1611 3463 3473
f 1611 3473 3474
f 3473 3463 3724
f 2066 3462 3463
f 3462 260 3463
f 3463 260 3566
f 260 259 3566
f 259 260 261
f 261 2968 259
f 2941 259 2968
f 307 2941 2968
f 307 2968 2321
f 307 2321 308
f 306 307 308
f 308 2091 306
f 2091 3545 306
f 306 3545 418
f 306 418 3556
f 3547 418 3545
f 3545 3546 3547
f 3547 3546 2967
f 768 3547 2967
f 2967 769 768
f 768 769 770
f 2967 3546 2416
f 2967 2416 2966
f 2543 2966 2416
f 2543 2416 802
f 802 2416 803
f 802 803 804
f 3636 802 804
f 3636 804 2375
f 2375 3637 3636
f 3630 3636 3637
f 3630 3637 3631
f 2736 3630 3631
f 3631 3415 2736
f 3415 466 2736
f 466 3415 467
f 466 467 468
f 2737 466 468
f 964 468 467
f 513 964 467
f 467 2176 513
f 2176 511 513
f 511 512 513
f 513 512 2377
f 513 2377 1127
f 1127 1053 513
f 1053 1127 1054
f 1052 1053 1054
f 1052 1054 432
f 432 143 1052
f 962 1052 143
f 142 962 143
f 141 142 143
f 141 143 304
f 141 304 303
f 303 3526 141
f 141 3526 183
f 182 141 183
f 181 182 183
f 317 181 183
f 317 183 3797
f 3797 3534 317
f 318 317 3534
f 3536 318 3534
f 3534 3535 3536
f 687 3536 3535
f 3535 3859 687
f 687 3859 685
f 685 686 687
f 685 3608 686
f 686 3608 3609
f 3609 880 686
f 719 686 880
f 719 880 717
f 717 718 719
f 719 718 1396
f 719 1396 3480
f 3614 719 3480
f 3480 3598 3614
f 3614 3598 3613
f 3613 318 3614
f 3613 319 318
f 3403 319 3613
f 3403 3389 319
f 3389 317 319
f 3390 3389 3403
f 2151 3390 3403
f 2151 3403 1139
f 2151 1139 1138
f 2151 1138 1388
f 343 2151 1388
f 343 1388 142
f 182 343 142
f 963 1388 1138
f 1388 963 962
f 962 963 964
f 964 1053 962
f 964 963 867
f 963 1139 867
f 865 867 1139
f 865 1139 2257
f 2257 2917 865
f 2917 2916 865
f 629 2917 2257
f 2256 629 2257
f 2257 3480 2256
f 627 629 2256
f 2256 1395 627
f 1444 627 1395
f 362 1444 1395
f 362 1395 1394
f 1394 1395 1396
f 3430 1444 362
f 582 1444 3430
f 583 582 3430
f 583 3430 399
f 581 582 583
f 582 581 3595
f 3595 3596 582
f 1444 582 2207
f 2207 627 1444
f 1395 2256 1396
f 627 628 629
f 629 2918 2917
f 3598 2257 1139
f 865 866 867
f 867 866 468
f 1138 1139 963
f 3403 3598 1139
f 3390 2151 343
f 181 3390 343
f 3389 3390 181
f 3613 3598 3403
f 3480 2257 3598
f 3536 719 3614
f 3480 1396 2256
f 1396 718 1394
f 1394 718 3387
f 953 3387 718
f 953 718 717
f 879 953 717
f 879 952 953
f 717 880 879
f 879 880 881
f 881 2454 879
f 879 2454 2877
f 2877 1598 879
f 2876 1598 2877
f 2877 3768 2876
f 3768 3876 2876
f 2876 3876 1858
f 1599 2876 1858
f 1599 1858 1307
f 2879 1599 1307
f 1307 3471 2879
f 3471 1600 2879
f 1600 1599 2879
f 1598 1599 1600
f 1307 1858 1308
f 1307 1308 1309
f 1307 1309 2889
f 2746 1307 2889
f 2889 1309 2890
f 2888 2889 2890
f 3798 2890 1309
f 3798 1309 3887
f 3887 2323 3798
f 2323 2322 3798
f 2322 2323 2324
f 2322 2324 3543
f 2322 3543 1730
f 2892 2322 1730
f 1713 2892 1730
f 1730 1731 1713
f 1713 1731 1714
f 1712 1713 1714
f 1712 1714 3549
f 1223 1712 3549
f 1223 3549 3496
f 3495 1223 3496
f 3495 3496 3779
f 3453 3495 3779
f 3453 3779 2273
f 2275 3453 2273
f 2273 2274 2275
f 2274 3494 2275
f 1213 2275 3494
f 3494 3012 1213
f 3012 1214 1213
f 1213 1214 1215
f 1451 1213 1215
f 1450 1451 1215
f 1450 1215 3502
f 3502 3447 1450
f 3446 1450 3447
f 3446 3447 3070
f 3070 3766 3446
f 3446 3766 3250
f 3250 2234 3446
f 2234 3250 2232
f 2232 2233 2234
f 1451 2234 2233
f 2233 1295 1451
f 1451 1295 3453
f 1296 3453 1295
f 1295 1224 1296
f 1224 1223 1296
f 1223 1224 1162
f 898 1223 1162
f 1994 898 1162
f 3240 1994 1162
f 1161 3240 1162
f 1161 1162 909
f 909 908 1161
f 908 1151 1161
f 1161 1151 2044
f 1150 2044 1151
f 2043 2044 1150
f 1150 1151 908
f 1150 908 2490
f 908 2488 2490
f 2488 908 910
f 2488 910 2232
f 2488 2232 2950
f 2232 910 3259
f 910 3692 3259
f 3692 1224 3259
f 909 3692 910
f 908 909 910
f 909 1162 3692
f 2044 3240 1161
f 2044 3037 3240
f 3240 3037 1994
f 1994 899 898
f 898 899 900
f 898 900 1223
f 1224 3692 1162
f 3259 1224 1295
f 3259 1295 2233
f 2232 3259 2233
f 3250 3251 2232
f 3250 3897 3251
f 3897 641 3251
f 641 3897 639
f 639 640 641
f 640 639 619
f 639 3070 619
f 619 3070 3195
f 619 3195 1941
f 619 1941 617
f 617 618 619
f 617 1941 2356
f 3206 617 2356
f 2356 2998 3206
f 2998 2997 3206
f 3206 2997 3197
f 1315 3197 2997
f 1315 2997 1082
f 2592 1315 1082
f 1084 2592 1082
f 1082 1083 1084
f 1083 3083 1084
f 2687 1084 3083
f 2027 2687 3083
f 3083 1066 2027
f 1068 2027 1066
f 1066 1067 1068
f 1068 1067 2389
f 3707 1068 2389
f 2993 3707 2389
f 2993 2389 3286
f 2994 2993 3286
f 2994 3286 3287
f 3287 3906 2994
f 1470 2994 3906
f 3906 1471 1470
f 1469 1470 1471
f 1469 1471 3374
f 993 1469 3374
f 993 3374 2123
f 1461 993 2123
f 1461 2123 1462
f 1460 1461 1462
f 1460 1462 3913
f 3913 3382 1460
f 226 1460 3382
f 2806 226 3382
f 2806 3382 3376
f 2806 3376 3377
f 1246 2806 3377
f 3377 3142 1246
f 3142 1245 1246
f 1245 285 1246
f 1869 285 1245
f 1869 1245 3082
f 1869 3082 1868
f 1868 1234 1869
f 1234 286 1869
f 1234 1235 286
f 286 1235 3152
f 286 3152 227
f 285 286 227
f 285 227 226
f 225 226 227
f 225 227 3147
f 993 225 3147
f 3147 3152 993
f 3152 991 993
f 991 992 993
f 991 3267 992
f 3267 3069 992
f 992 3069 981
f 1470 992 981
f 981 980 1470
f 979 980 981
f 980 979 3276
f 3276 2993 980
f 3276 3269 2993
f 3269 3276 3277
f 3277 3270 3269
f 3269 3270 2434
f 3707 3269 2434
f 1417 3707 2434
f 1417 2434 1418
f 1417 1418 1419
f 1417 1419 3352
f 3352 1419 3344
f 2027 3352 3344
f 2027 3344 1408
f 1410 2027 1408
f 1408 1409 1410
f 3734 1410 1409
f 3734 1409 3365
f 3364 3734 3365
f 3127 3364 3365
f 3365 3355 3127
f 3127 3355 3356
f 3127 3356 3046
f 3046 3128 3127
f 3126 3127 3128
f 3128 3046 3048
f 3128 3048 1844
f 1844 2974 3128
f 1844 3048 1842
f 1842 1843 1844
f 3125 1843 1842
f 3125 1842 1751
f 3125 1751 125
f 160 3125 125
f 160 125 161
f 161 125 124
f 124 125 126
f 124 126 3134
f 124 3134 3135
f 126 3211 3134
f 1961 3134 3211
f 3211 3682 1961
f 1961 3682 3920
f 3920 3923 1961
f 3923 1962 1961
f 1961 1962 666
f 1961 666 703
f 703 3219 1961
f 3218 3219 703
f 3134 3219 3218
f 703 666 668
f 703 668 2441
f 666 667 668
f 3129 668 667
f 667 3160 3129
f 667 1341 3160
f 1340 3160 1341
f 357 1340 1341
f 1902 357 1341
f 1901 1902 1341
f 666 1901 1341
f 1901 1329 1902
f 1329 397 1902
f 1329 1330 397
f 1330 3169 397
f 397 3169 398
f 397 398 357
f 357 398 358
f 357 358 359
f 359 358 3165
f 359 3165 3166
f 3166 3113 359
f 3113 2865 359
f 2865 1340 359
f 3166 1830 3113
f 3113 1830 3210
f 3166 1828 1830
f 1828 1829 1830
f 1830 1829 3109
f 3109 1829 1334
f 3109 1334 8
f 8 1334 9
f 7 8 9
f 9 43 7
f 43 44 7
f 3117 7 44
f 3116 3117 44
f 3004 3116 44
f 2930 3004 44
f 3284 3004 2930
f 1944 3284 2930
f 1944 2930 2929
f 1944 2929 1942
f 1942 1943 1944
f 3196 1943 1942
f 599 3196 1942
f 599 1942 3007
f 3007 598 599
f 598 559 599
f 561 599 559
f 559 560 561
f 560 2337 561
f 2337 2532 561
f 3017 561 2532
f 3017 2532 3018
f 2029 3017 3018
f 3018 492 2029
f 492 3932 2029
f 2029 3932 2028
f 2028 1943 2029
f 3284 1943 2028
f 3284 2028 3226
f 1045 3226 2028
f 2028 1044 1045
f 1044 1012 1045
f 1014 1045 1012
f 1012 1013 1014
f 1013 3290 1014
f 1014 3290 3227
f 1014 3227 3226
f 3226 3227 3004
f 3004 3227 3688
f 3290 3688 3227
f 3688 3290 2912
f 2971 2912 3290
f 1012 1044 1978
f 1012 1978 2188
f 2480 1012 2188
f 2480 2188 782
f 2188 783 782
f 752 782 783
f 783 753 752
f 751 752 753
f 751 753 3182
f 2186 751 3182
f 2192 2186 3182
f 2192 3182 3183
f 2190 2192 3183
f 3936 2190 3183
f 1929 3936 3183
f 1929 3183 1927
f 1927 1928 1929
f 3180 1929 1928
f 491 3180 1928
f 491 1928 3191
f 491 3191 492
f 445 491 492
f 445 492 446
f 444 445 446
f 446 2339 444
f 2509 444 2339
f 3806 2509 2339
f 2338 3806 2339
f 2338 2339 2340
f 3559 2338 2340
f 3559 2340 1752
f 1752 1751 3559
f 3806 3559 1751
f 1750 1751 1752
f 1750 1752 2337
f 3569 1750 2337
f 3570 3569 2337
f 3568 3569 3570
f 3568 3570 3485
f 3485 2298 3568
f 3568 2298 3810
f 125 3810 2298
f 3485 3510 2298
f 2298 3510 2299
f 126 2298 2299
f 2299 3510 1676
f 2299 1676 3785
f 2299 3785 3211
f 1678 3785 1676
f 1676 1677 1678
f 1678 1677 2297
f 1678 2297 3920
f 1677 2142 2297
f 2142 3520 2297
f 3791 2297 3520
f 3520 3141 3791
f 3790 3791 3141
f 3141 1329 3790
f 3141 1237 1329
f 1237 1239 1329
f 1237 1238 1239
f 1239 1238 2595
f 2594 1239 2595
f 2595 1336 2594
f 1232 2594 1336
f 1232 1336 291
f 291 1233 1232
f 1231 1232 1233
f 3327 1231 1233
f 3327 1233 3465
f 3327 3465 2476
f 3317 3327 2476
f 3317 2476 3318
f 3318 1724 3317
f 1332 3317 1724
f 1332 1724 1333
f 1332 1333 1334
f 1332 1334 2613
f 1334 2612 2613
f 2613 2612 3327
f 1327 1333 1724
f 1327 1724 1725
f 1725 1328 1327
f 1327 1328 598
f 3548 598 1328
f 1328 3168 3548
f 3337 3548 3168
f 3168 3338 3337
f 3336 3337 3338
f 3336 3338 402
f 2420 3336 402
f 2420 402 2421
f 2420 2421 2422
f 3617 2420 2422
f 3761 3617 2422
f 3761 2422 1812
f 1811 3761 1812
f 1811 1812 1813
f 1813 2419 1811
f 2419 2050 1811
f 3633 1811 2050
f 3633 2050 3634
f 3634 3830 3633
f 3829 3633 3830
f 2357 3829 3830
f 3717 2357 3830
f 2357 3717 2001
f 2357 2001 2358
f 2357 2358 2359
f 2359 2358 3574
f 1527 2359 3574
f 3574 1528 1527
f 1527 1528 1529
f 1527 1529 1759
f 1759 2180 1527
f 1527 2180 3417
f 2181 3417 2180
f 2180 152 2181
f 2164 2181 152
f 2164 152 2165
f 1486 2164 2165
f 1486 2165 3736
f 1486 3736 2312
f 2314 1486 2312
f 2312 2313 2314
f 2314 2313 2141
f 2314 2141 3743
f 2314 3743 1484
f 1484 3743 1695
f 1694 1484 1695
f 1695 2311 1694
f 1694 2311 3385
f 1694 3385 2195
f 1793 1694 2195
f 1793 2195 2402
f 1793 2402 2401
f 1794 1793 2401
f 1794 2401 2404
f 1794 2404 2164
f 1794 2164 1485
f 2404 2401 2405
f 2405 2181 2404
f 3633 2181 2405
f 2405 2401 2403
f 2405 2403 1811
f 1485 1793 1794
f 2401 2402 2403
f 3615 2403 2402
f 2402 3616 3615
f 3615 3616 3617
f 2402 2197 3616
f 2420 3616 2197
f 2197 2209 2420
f 2420 2209 3433
f 3433 3401 2420
f 3401 3433 1638
f 1638 1778 3401
f 3401 1778 1505
f 3401 1505 3336
f 1778 1503 1505
f 1503 1504 1505
f 3548 1505 1504
f 1504 2152 3548
f 1504 1552 2152
f 2152 1552 2146
f 2146 560 2152
f 2145 560 2146
f 2145 2146 2147
f 3587 2145 2147
f 3587 2147 1779
f 3587 1779 1637
f 2250 3587 1637
f 2250 1637 1636
f 2250 1636 2311
f 2311 1636 1638
f 2311 1638 2210
f 1636 1637 1638
f 2250 2259 3587
f 2250 2251 2259
f 3485 2259 2251
f 3485 2258 2259
f 2258 2145 2259
f 2258 3570 2145
f 2250 1695 2251
f 1676 2251 1695
f 1695 3744 1676
f 1637 1779 1778
f 1779 2147 1503
f 2147 1552 1503
f 2259 2145 3587
f 3570 560 2145
f 1552 2147 2146
f 1504 1503 1552
f 1503 1778 1779
f 1637 1778 1638
f 2210 1638 3433
f 2210 3433 2209
f 2209 2196 2210
f 2195 2210 2196
f 2195 2196 2197
f 2196 2209 2197
f 2403 3615 3761
f 2197 2402 2195
f 1485 1694 1793
f 3385 2210 2195
f 3385 2311 2210
f 2311 1695 2250
f 1484 1694 1485
f 1484 1485 1486
f 1695 3743 3744
f 2141 3744 3743
f 3744 2141 1677
f 2313 2134 2141
f 2141 2134 2142
f 2313 2135 2134
f 2133 2134 2135
f 2135 2458 2133
f 2133 2458 2460
f 2133 2460 3141
f 2458 2459 2460
f 3459 2460 2459
f 2459 3652 3459
f 1595 3459 3652
f 3652 1593 1595
f 1593 1594 1595
f 1595 1594 2465
f 1595 2465 2595
f 2465 1594 223
f 291 2465 223
f 291 223 222
f 222 223 224
f 222 224 2239
f 222 2239 3151
f 2477 222 3151
f 1725 2477 3151
f 2476 2477 1725
f 222 2477 1233
f 1728 3151 2239
f 2239 3657 1728
f 3657 355 1728
f 1727 1728 355
f 1727 355 403
f 1727 403 3168
f 3168 3802 1727
f 355 354 403
f 402 403 354
f 354 355 356
f 356 2317 354
f 2317 3167 354
f 354 3167 2421
f 3491 3167 2317
f 3491 2317 3492
f 1656 3491 3492
f 1656 3492 3656
f 3656 3914 1656
f 3914 1657 1656
f 1655 1656 1657
f 3780 1655 1657
f 2276 3780 1657
f 2276 1657 3500
f 2276 3500 1837
f 1837 2267 2276
f 2269 2276 2267
f 2267 2268 2269
f 2269 2268 3767
f 2269 3767 3443
f 2269 3443 1655
f 3443 3767 695
f 695 1576 3443
f 3912 3443 1576
f 3911 3912 1576
f 1575 3911 1576
f 1575 1576 1577
f 3451 1575 1577
f 3451 1577 3684
f 3684 2235 3451
f 2224 3451 2235
f 2235 2022 2224
f 2224 2022 1124
f 1124 1126 2224
f 1126 2051 2224
f 2051 1126 1125
f 1125 3711 2051
f 3711 2052 2051
f 2051 2052 1575
f 2052 1812 1575
f 1812 3715 1575
f 2419 2052 3711
f 1125 2419 3711
f 1124 1125 1126
f 2050 1125 1124
f 1124 3306 2050
f 3306 1124 3304
f 3304 3305 3306
f 3717 3306 3305
f 3717 3305 3716
f 3305 3435 3716
f 3435 3872 3716
f 3716 3872 2002
f 2001 3716 2002
f 2001 2002 2003
f 2003 3242 2001
f 2001 3242 862
f 862 3242 3641
f 3641 863 862
f 861 862 863
f 863 2000 861
f 3253 861 2000
f 2000 3254 3253
f 3252 3253 3254
f 3254 3695 3252
f 1785 3252 3695
f 1764 1785 3695
f 3695 3855 1764
f 3855 3856 1764
f 3856 1765 1764
f 1764 1765 1766
f 1766 1765 2797
f 2797 2798 1766
f 2798 588 1766
f 509 1766 588
f 509 588 589
f 589 510 509
f 508 509 510
f 508 510 2818
f 1784 508 2818
f 3252 1784 2818
f 3252 2818 3580
f 2818 2813 3580
f 2813 1528 3580
f 3871 3580 1528
f 3580 3871 3253
f 1784 1785 508
f 2813 2818 510
f 510 1529 2813
f 624 1529 510
f 509 508 1785
f 510 589 624
f 589 625 624
f 624 625 626
f 624 626 3289
f 1845 624 3289
f 3289 150 1845
f 150 2180 1845
f 3597 150 3289
f 2130 150 3597
f 3597 3347 2130
f 2130 3347 2128
f 2128 2129 2130
f 2128 1441 2129
f 3740 2129 1441
f 3740 1441 3736
f 1443 3736 1441
f 1441 1442 1443
f 1443 1442 2127
f 2312 1443 2127
f 3124 2127 1442
f 1442 2018 3124
f 2018 3741 3124
f 3124 3741 2458
f 2018 1386 3741
f 3741 1386 3652
f 1386 2067 3652
f 3652 2067 2068
f 2067 1856 2068
f 2068 1856 1593
f 275 1856 2067
f 273 275 2067
f 273 274 275
f 274 1208 275
f 274 2020 1208
f 1208 2020 3144
f 3144 224 1208
f 1857 1208 224
f 1208 1857 1856
f 1856 1857 1594
f 3144 3657 224
f 3656 3657 3144
f 3144 2020 3656
f 2020 2019 3656
f 2019 2020 274
f 2110 2019 274
f 2110 274 3358
f 949 2110 3358
f 949 3358 950
f 948 949 950
f 2018 948 950
f 3272 949 948
f 948 1442 3272
f 2128 3272 1442
f 3704 949 3272
f 3347 3704 3272
f 3347 3346 3704
f 3346 2111 3704
f 3346 3500 2111
f 2111 3500 2112
f 2111 2112 2110
f 626 3346 3347
f 626 1837 3346
f 949 3704 2111
f 950 3358 273
f 950 273 1386
f 2110 949 2111
f 2112 2019 2110
f 2019 2112 3914
f 273 3358 274
f 275 1208 1856
f 2067 1386 273
f 950 1386 2018
f 948 2018 1442
f 2127 3124 3123
f 2313 2127 3123
f 2135 3123 3124
f 3740 150 2129
f 151 150 3740
f 3740 2165 151
f 150 151 152
f 1442 1441 2128
f 2128 3347 3272
f 3597 626 3347
f 2130 2129 150
f 1845 1759 624
f 3289 626 3597
f 625 1837 626
f 589 2267 625
f 589 588 2267
f 1785 1766 509
f 2798 2268 588
f 693 2268 2798
f 693 2798 3685
f 693 3685 3684
f 693 3684 694
f 693 694 695
f 3683 3684 3685
f 3683 3685 1963
f 3215 3683 1963
f 1955 3215 1963
f 1955 1963 1964
f 1955 1964 1953
f 1953 1954 1955
f 1051 1954 1953
f 1051 1953 3663
f 2093 1051 3663
f 2093 3663 2094
f 2092 2093 2094
f 387 2092 2094
f 387 2094 3729
f 387 3729 388
f 386 387 388
f 386 388 1292
f 73 386 1292
f 1905 73 1292
f 1905 1292 1906
f 1891 1905 1906
f 1906 1889 1891
f 1889 1890 1891
f 1890 3668 1891
f 3668 1890 3639
f 3106 3668 3639
f 3639 3107 3106
f 3105 3106 3107
f 3105 3107 3676
f 3676 72 3105
f 72 74 3105
f 72 73 74
f 73 72 3638
f 3115 73 3638
f 3115 3638 1831
f 1832 3115 1831
f 1831 1819 1832
f 1821 1832 1819
f 1819 1820 1821
f 1820 3641 1821
f 3641 2697 1821
f 2698 1821 2697
f 2697 593 2698
f 2698 593 595
f 2698 595 386
f 3232 2698 386
f 386 3115 3232
f 593 594 595
f 595 594 2092
f 2092 594 777
f 777 1049 2092
f 777 1532 1049
f 1532 1050 1049
f 1049 1050 1051
f 1050 1938 1051
f 1938 1050 2712
f 1555 1938 2712
f 2711 1555 2712
f 2710 2711 2712
f 2710 2712 3280
f 3280 1041 2710
f 3872 2710 1041
f 776 3872 1041
f 776 1041 777
f 1041 3280 1050
f 3435 2711 2710
f 3435 1136 2711
f 2711 1136 1555
f 1136 1135 1555
f 1135 1136 1137
f 1137 2022 1135
f 1135 2022 3215
f 3215 1938 1135
f 1938 3215 1954
f 3304 1137 1136
f 1555 1135 1938
f 3280 2712 1050
f 1050 1532 1041
f 777 1041 1532
f 776 777 594
f 776 594 2003
f 2003 594 593
f 2697 3242 593
f 1821 2698 3232
f 1820 1819 1931
f 1931 1972 1820
f 863 1820 1972
f 1972 3690 863
f 1972 3673 3690
f 3178 3690 3673
f 3178 3673 1930
f 1930 480 3178
f 480 3855 3178
f 3178 3855 3725
f 480 479 3855
f 478 479 480
f 3672 479 478
f 3186 3672 478
f 3186 478 1930
f 1923 3186 1930
f 1923 1930 1931
f 1922 3186 1923
f 1819 1922 1923
f 3675 1922 1819
f 1922 3675 3676
f 3676 4025 1922
f 1922 4025 3970
f 3971 3970 4025
f 4025 4029 3971
f 4033 3971 4029
f 4033 4029 3639
f 4036 3971 4033
f 4036 4033 3925
f 3925 388 4036
f 3925 1889 388
f 1890 3925 4033
f 3972 3971 4036
f 3672 3972 4036
f 4036 3918 3672
f 3729 3918 4036
f 3919 3918 3729
f 3918 3919 479
f 4007 479 3919
f 3919 2094 4007
f 3856 479 4007
f 4007 4054 3856
f 4007 4006 4054
f 4006 4056 4054
f 3924 4054 4056
f 3924 4056 4059
f 3924 4059 3685
f 3924 3685 2797
f 1964 3685 4059
f 4056 1953 4059
f 1765 4054 3924
f 4006 1953 4056
f 3663 4006 4007
f 3107 4029 4025
f 3970 3971 3972
f 3972 3186 3970
f 3675 1831 3676
f 3676 1831 4069
f 1922 3970 3186
f 3186 3972 3672
f 3918 479 3672
f 480 1930 478
f 3673 1931 1930
f 3178 3725 3690
f 3725 2000 3690
f 1931 3673 1972
f 1931 1819 1923
f 1821 3232 1832
f 1831 3675 1819
f 3232 3115 1832
f 4069 1831 3638
f 4069 3638 72
f 3676 4069 72
f 4025 3676 3107
f 74 3106 3105
f 74 1905 3106
f 3107 3639 4029
f 1905 3668 3106
f 4033 3639 1890
f 1889 3925 1890
f 1905 1891 3668
f 1292 1889 1906
f 74 73 1905
f 3115 386 73
f 1292 388 1889
f 386 595 387
f 4036 388 3729
f 3729 2094 3919
f 387 595 2092
f 2092 1049 2093
f 3663 4007 2094
f 1049 1051 2093
f 3663 1953 4006
f 1051 1938 1954
f 1953 1964 4059
f 1954 3215 1955
f 3215 2235 3683
f 1963 3685 1964
f 2797 3685 2798
f 1765 3924 2797
f 1765 3856 4054
f 3855 479 3856
f 3725 3855 3695
f 1764 1766 1785
f 3252 1785 1784
f 3725 3695 3254
f 3252 3580 3253
f 3254 2000 3725
f 861 3253 3871
f 2000 863 3690
f 3871 862 861
f 3871 2358 862
f 1820 863 3641
f 3641 3242 2697
f 3242 2003 593
f 2002 776 2003
f 3872 776 2002
f 2710 3872 3435
f 3305 1136 3435
f 3717 3634 3306
f 1136 3305 3304
f 3304 1124 1137
f 2022 1137 1124
f 2022 2235 3215
f 3451 2224 2051
f 3684 3683 2235
f 1577 694 3684
f 2051 1575 3451
f 1577 1576 694
f 3911 1575 3715
f 3911 3715 3491
f 3911 3491 3912
f 3443 3912 1656
f 694 1576 695
f 693 695 3767
f 2268 693 3767
f 2267 588 2268
f 1837 625 2267
f 3346 1837 3500
f 3500 1657 2112
f 2276 2269 3780
f 2269 1655 3780
f 1656 1655 3443
f 1657 3914 2112
f 3914 3656 2019
f 3657 3656 3492
f 3657 3492 356
f 3912 3491 1656
f 3715 3167 3491
f 2422 3167 3715
f 2317 356 3492
f 1728 1727 3802
f 355 3657 356
f 1728 3802 3151
f 3802 1328 3151
f 3657 2239 224
f 223 1857 224
f 223 1594 1857
f 1594 1593 1856
f 2068 1593 3652
f 3459 1595 2595
f 3741 3652 2459
f 2460 3459 1238
f 2459 2458 3741
f 2458 2135 3124
f 2134 2133 3520
f 2135 2313 3123
f 2312 2127 2313
f 1486 2314 1484
f 3736 1443 2312
f 3740 3736 2165
f 1485 2164 1486
f 151 2165 152
f 2164 2404 2181
f 152 2180 150
f 3417 2181 3829
f 3417 3829 2359
f 1759 1845 2180
f 1529 624 1759
f 1529 1528 2813
f 1528 3574 3871
f 3417 2359 1527
f 3574 2358 3871
f 2358 2001 862
f 3716 2001 3717
f 2357 2359 3829
f 3633 3829 2181
f 3830 3634 3717
f 3634 2050 3306
f 3633 2405 1811
f 2050 2419 1125
f 2419 1813 2052
f 1813 1812 2052
f 1811 2403 3761
f 1812 2422 3715
f 3617 3761 3615
f 2420 3617 3616
f 2422 2421 3167
f 354 2421 402
f 2420 3401 3336
f 3338 403 402
f 3337 3336 1505
f 3338 3168 403
f 1505 3548 3337
f 3802 3168 1328
f 2152 598 3548
f 1725 3151 1328
f 1333 1327 4260
f 4260 9 1333
f 4260 1327 3007
f 3317 1332 2613
f 1724 3318 1725
f 2476 1725 3318
f 2613 3327 3317
f 2476 3465 2477
f 3465 1233 2477
f 3327 2612 1231
f 1231 2612 4276
f 1231 4276 4277
f 4278 1231 4277
f 4277 3169 4278
f 3655 4278 3169
f 3655 1232 4278
f 358 4277 4276
f 358 4285 4277
f 398 4277 4285
f 3658 4276 2612
f 2612 1829 3658
f 3165 4276 3658
f 3165 3658 1828
f 1232 1231 4278
f 1233 291 222
f 291 1336 2465
f 3655 2594 1232
f 3654 2594 3655
f 1330 3654 3655
f 3654 1330 1239
f 2595 2465 1336
f 1239 2594 3654
f 3459 2595 1238
f 2460 1238 1237
f 3141 2460 1237
f 3791 3790 1962
f 1962 3790 1901
f 2133 3141 3520
f 2297 3791 3923
f 2142 2134 3520
f 1677 2141 2142
f 1677 1676 3744
f 3785 1678 3682
f 1676 3510 2251
f 2251 3510 3485
f 3485 3570 2258
f 3810 3569 3568
f 3810 1750 3569
f 1752 2531 2337
f 1752 4002 2531
f 2531 4002 2532
f 1750 3810 1751
f 1752 2340 4002
f 2340 3018 4002
f 3018 2340 2339
f 3806 2338 3559
f 3048 2509 3806
f 2509 3048 3047
f 3047 2508 2509
f 3047 3915 2508
f 4316 2508 3915
f 4316 3915 4318
f 4319 4316 4318
f 4318 4322 4319
f 4322 3180 4319
f 4328 4319 3180
f 4322 4331 3180
f 4331 3936 3180
f 4331 4334 3936
f 4335 4334 4331
f 4336 4335 4331
f 4337 4336 4331
f 4338 4336 4337
f 4342 4338 4337
f 4322 4342 4337
f 4343 4338 4342
f 4344 4343 4342
f 4342 4318 4344
f 1409 4343 4344
f 1409 4344 3356
f 3356 4344 3915
f 2484 4338 4343
f 1408 2484 4343
f 2484 2486 4338
f 4338 2486 4352
f 3867 4352 2486
f 3866 3867 2486
f 2485 3866 2486
f 3866 2485 1418
f 3866 2436 3867
f 3867 2436 4354
f 4354 4335 3867
f 4354 3870 4335
f 4354 4358 3870
f 3870 4358 4360
f 3870 4360 2191
f 2190 3870 2191
f 4334 3870 2190
f 4360 3962 2191
f 2191 3962 3963
f 2191 3963 2192
f 3962 2897 3963
f 2897 2899 3963
f 2186 3963 2899
f 2899 2185 2186
f 2899 2875 2185
f 751 2185 2875
f 4374 751 2875
f 2875 3874 4374
f 4379 4374 3874
f 3874 3814 4379
f 3814 4382 4379
f 2219 4382 3814
f 3814 2885 2219
f 3814 3815 2885
f 3815 3818 2885
f 3818 3815 4386
f 4386 3807 3818
f 2886 3818 3807
f 4386 4387 3807
f 4387 4386 4390
f 4390 3111 4387
f 4390 4393 3111
f 4390 3524 4393
f 2470 4390 4386
f 2471 2470 4386
f 4386 3873 2471
f 3875 2471 3873
f 3873 3874 3875
f 2874 3875 3874
f 3875 2874 4401
f 2874 3822 4401
f 2471 4401 3822
f 3822 2469 2471
f 2469 3822 3841
f 4405 3841 3822
f 4405 3822 4406
f 4410 4405 4406
f 4410 4406 4413
f 4413 4416 4410
f 4418 4410 4416
f 4416 4419 4418
f 4419 2447 4418
f 4418 2447 4422
f 2623 4422 2447
f 2447 4424 2623
f 4425 2623 4424
f 3878 4425 4424
f 3878 4424 2446
f 2446 3879 3878
f 3877 3878 3879
f 4429 3877 3879
f 4429 3879 4358
f 4358 2436 4429
f 2436 4435 4429
f 4439 4435 2436
f 4439 2436 2435
f 3277 4439 2435
f 3888 4439 3277
f 979 3888 3277
f 979 2981 3888
f 3974 3888 2981
f 2981 2980 3974
f 2980 4451 3974
f 3974 4451 3975
f 3974 3975 3976
f 3976 3975 4435
f 3975 4454 4435
f 4435 4454 3877
f 4454 4458 3877
f 4461 4458 4454
f 4461 2638 4458
f 2638 2640 4458
f 4458 2640 4425
f 2640 2621 4425
f 4468 2621 2640
f 2639 4468 2640
f 4468 2639 4469
f 4468 4469 4472
f 4474 4472 4469
f 4474 4469 3891
f 3890 4474 3891
f 3890 3891 3892
f 3892 4478 3890
f 3890 4478 4481
f 3890 4481 4482
f 4483 4482 4481
f 4481 4141 4483
f 4485 4483 4141
f 4141 3896 4485
f 2961 4485 3896
f 2962 2961 3896
f 2962 3896 3851
f 3851 4489 2962
f 2960 2962 4489
f 4489 4492 2960
f 2960 4492 3985
f 2610 2960 3985
f 3832 2610 3985
f 3985 4496 3832
f 4496 2066 3832
f 3832 2066 3833
f 3833 2066 2242
f 2610 3833 2242
f 4496 4500 2066
f 4501 4500 4496
f 4502 4500 4501
f 4492 4502 4501
f 4492 3943 4502
f 2589 4502 3943
f 2590 2589 3943
f 3942 2590 3943
f 3941 3942 3943
f 4506 3942 3941
f 4508 4506 3941
f 3835 4508 3941
f 3835 3941 4489
f 4513 3835 4489
f 4513 3836 3835
f 3835 3836 3837
f 3836 4035 3837
f 4035 4516 3837
f 3837 4516 4518
f 4518 4508 3837
f 4516 4521 4518
f 4523 4518 4521
f 4523 4521 3584
f 4523 3584 4526
f 4526 4528 4523
f 4528 4526 3847
f 4528 3847 4506
f 4518 4528 4506
f 4506 3847 3846
f 3845 3846 3847
f 3847 4534 3845
f 4536 3845 4534
f 4534 2385 4536
f 2385 2387 4536
f 4536 2387 4540
f 4541 4536 4540
f 4541 4540 4543
f 3949 4541 4543
f 3949 4543 2576
f 3949 2576 2578
f 2578 3948 3949
f 3949 3948 4545
f 3949 4545 4547
f 4547 4545 3849
f 4551 4547 3849
f 4551 3849 3846
f 3846 3849 2590
f 3849 2588 2590
f 4541 4547 4551
f 2588 3849 4545
f 4545 4556 2588
f 4556 2589 2588
f 4559 2589 4556
f 4556 3857 4559
f 3857 4562 4559
f 4562 3042 4559
f 4559 3042 4500
f 4500 3042 261
f 4500 261 3462
f 4562 2321 3042
f 2321 4562 3857
f 2321 3857 3858
f 2321 3858 4569
f 3858 4570 4569
f 2373 4569 4570
f 3948 2373 4570
f 3756 2373 3948
f 2374 2373 3756
f 2374 3756 3755
f 511 2374 3755
f 4572 2374 511
f 4572 3637 2374
f 2577 3755 3756
f 3756 2578 2577
f 3757 3755 2577
f 3757 2577 2576
f 3757 2576 3754
f 3757 3754 2378
f 512 3757 2378
f 3754 2362 2378
f 2378 2362 2364
f 2379 2378 2364
f 2379 2364 3762
f 1127 2379 3762
f 3762 2364 2363
f 3762 2363 4579
f 4096 3762 4579
f 4096 4579 4584
f 4584 1916 4096
f 432 4096 1916
f 433 432 1916
f 433 1916 3860
f 305 433 3860
f 305 3860 3861
f 4589 305 3861
f 4589 3861 3068
f 4590 4589 3068
f 4590 3068 3067
f 4590 3067 4592
f 4592 2937 4590
f 2938 2937 4592
f 3959 2938 4592
f 3959 4592 4594
f 4594 3957 3959
f 3957 3958 3959
f 3959 3958 2563
f 3959 2563 4595
f 4595 2563 2562
f 2562 4598 4595
f 2938 4595 4598
f 4598 3862 2938
f 2939 2938 3862
f 3862 303 2939
f 303 4603 2939
f 2939 4603 4589
f 4589 2937 2939
f 4603 303 305
f 4609 303 3862
f 4609 3862 4610
f 4612 4609 4610
f 4499 4612 4610
f 4549 4499 4610
f 4549 4610 4598
f 4548 4499 4549
f 4549 4553 4548
f 4613 4548 4553
f 2561 4613 4553
f 2562 2561 4553
f 2561 2547 4613
f 4613 2547 2546
f 4613 2546 4557
f 4557 2546 4558
f 4557 4558 4614
f 4614 4106 4557
f 4106 4563 4557
f 4557 4563 4548
f 4563 4005 4548
f 4548 4005 4004
f 4003 4004 4005
f 4005 4495 4003
f 3859 4003 4495
f 3859 4077 4003
f 4077 4499 4003
f 3797 4499 4077
f 4008 4495 4005
f 4544 4008 4005
f 4544 4503 4008
f 4008 4503 4009
f 4008 4009 4010
f 3921 4010 4009
f 3921 4009 3776
f 3921 3776 4504
f 3921 4504 3922
f 3921 3922 3880
f 3880 3922 3881
f 685 3880 3881
f 4010 3880 685
f 4495 4010 685
f 3922 4436 3881
f 3881 4436 4437
f 3881 4437 4535
f 4535 3608 3881
f 4445 4535 4437
f 4437 3332 4445
f 3321 4445 3332
f 3321 3332 3322
f 3321 3322 3323
f 3330 3321 3323
f 3330 3323 4011
f 4011 3329 3330
f 3329 881 3330
f 4071 3330 881
f 4071 4632 3330
f 4632 4445 3330
f 4535 4632 4071
f 4071 3609 4535
f 881 3329 2453
f 3768 2453 3329
f 3329 4011 3768
f 3768 4011 4013
f 4011 4012 4013
f 4012 3341 4013
f 4013 3341 3876
f 4012 4248 3341
f 4248 3339 3341
f 3339 3340 3341
f 3341 3340 4596
f 1858 3341 4596
f 1858 4596 4599
f 4599 4596 4606
f 4599 4606 4600
f 4599 4600 3887
f 1308 4599 3887
f 4611 4600 4606
f 4606 4521 4611
f 4605 4521 4606
f 4600 4611 4644
f 2323 4600 4644
f 4034 4644 4611
f 4516 4034 4611
f 4644 4034 3820
f 2324 4644 3820
f 2324 3820 4014
f 4014 3820 3819
f 3543 4014 3819
f 4375 3543 3819
f 3819 4042 4375
f 4375 4042 3902
f 4383 4375 3902
f 3902 4017 4383
f 4017 4016 4383
f 1731 4383 4016
f 4016 4017 4018
f 4385 4016 4018
f 3898 4385 4018
f 3929 3898 4018
f 3813 3929 4018
f 3928 3929 3813
f 3928 3813 3812
f 3928 3812 4509
f 4372 3928 4509
f 4514 4372 4509
f 4514 4509 3428
f 4514 3428 3419
f 3419 4519 4514
f 4651 4514 4519
f 4520 4651 4519
f 4519 4209 4520
f 4209 4525 4520
f 4654 4520 4525
f 4357 4654 4525
f 4524 4357 4525
f 4524 4525 4021
f 4020 4524 4021
f 4020 4021 4022
f 3554 4020 4022
f 3554 4022 4295
f 3555 3554 4295
f 3555 4295 3995
f 3995 4302 3555
f 4593 3555 4302
f 4593 4302 3670
f 3670 3809 4593
f 4593 3809 4024
f 3809 4023 4024
f 4024 4023 4475
f 4475 3934 4024
f 3555 4024 3934
f 3934 3553 3555
f 3934 3935 3553
f 3935 3989 3553
f 3553 3989 4524
f 3935 3990 3989
f 3989 3990 3991
f 3989 3991 4357
f 3991 4667 4357
f 4357 4667 2273
f 2273 4364 4357
f 2273 4363 4364
f 4364 4363 4651
f 4363 4372 4651
f 3899 4372 4363
f 3779 3899 4363
f 3899 3898 4372
f 3898 3899 3900
f 3899 3496 3900
f 3496 4455 3900
f 4385 3900 4455
f 4385 4455 1714
f 3494 4667 3991
f 3990 3494 3991
f 3990 3935 3992
f 3990 3992 3012
f 3011 3012 3992
f 1462 3011 3992
f 3913 3992 3935
f 3934 3913 3935
f 4476 3913 3934
f 3934 4475 4476
f 3376 4476 4475
f 4023 3376 4475
f 4023 4388 3376
f 3376 4388 4389
f 4389 4388 3993
f 3142 4389 3993
f 3801 3142 3993
f 3808 3801 3993
f 4577 3808 3993
f 4577 3809 3808
f 3801 3808 4293
f 4398 3801 4293
f 4398 4293 4292
f 4398 4292 3162
f 3162 4402 4398
f 4398 4402 3908
f 3908 3799 4398
f 3907 3799 3908
f 3908 4284 3907
f 4284 3886 3907
f 3907 3886 3997
f 3997 3800 3907
f 3800 3997 3996
f 3996 3142 3800
f 3996 3997 1245
f 3886 3885 3997
f 3885 3082 3997
f 3885 3889 3082
f 3889 3081 3082
f 3889 4682 3081
f 3081 4682 4351
f 3081 4351 1868
f 4683 4351 4682
f 4682 4283 4683
f 4272 4683 4283
f 3842 4272 4283
f 4283 4282 3842
f 4282 3843 3842
f 3842 3843 3844
f 3842 3844 4271
f 4271 3844 4448
f 4272 4271 4448
f 4448 3844 3314
f 4448 3314 3316
f 3316 4452 4448
f 3146 4448 4452
f 3146 4452 3267
f 3171 3267 4452
f 3150 4448 3146
f 3146 3149 3150
f 3150 3149 4351
f 4351 3149 1234
f 3149 3146 3145
f 3149 3145 3154
f 3149 3154 1235
f 991 3154 3145
f 3145 3146 991
f 4448 3150 4683
f 3316 3171 4452
f 3316 3172 3171
f 3171 3172 3069
f 3069 3172 979
f 3316 4507 3172
f 2979 3172 4507
f 4507 4695 2979
f 4479 2979 4695
f 4695 4480 4479
f 4000 4479 4480
f 4000 4480 3794
f 4000 3794 3999
f 3999 2980 4000
f 2979 4000 2980
f 3794 3796 3999
f 4488 3999 3796
f 3796 3795 4488
f 3795 4119 4488
f 4119 4699 4488
f 3917 4488 4699
f 4699 4266 3917
f 3917 4266 4493
f 4493 3788 3917
f 3916 3917 3788
f 3788 3787 3916
f 3916 3787 4001
f 3916 4001 4417
f 4417 4702 3916
f 2638 4702 4417
f 2638 4417 4001
f 4001 2639 2638
f 4291 2639 4001
f 4423 4291 4001
f 4218 4291 4423
f 4427 4218 4423
f 4423 3787 4427
f 3789 4427 3787
f 3939 4427 3789
f 4704 3939 3789
f 4244 4704 3789
f 4493 4244 3789
f 4245 4244 4493
f 4243 4244 4245
f 4245 4249 4243
f 4243 4249 4151
f 4251 4151 4249
f 4249 4250 4251
f 4552 4251 4250
f 4256 4552 4250
f 4257 4256 4250
f 4255 4256 4257
f 4265 4255 4257
f 4265 4257 4245
f 4245 4266 4265
f 3961 4265 4266
f 4119 3961 4266
f 3961 4119 3926
f 3926 3960 3961
f 3926 4180 3960
f 4255 3960 4180
f 4180 4188 4255
f 4188 4180 4186
f 4186 4187 4188
f 4256 4188 4187
f 4186 4552 4187
f 3965 4552 4186
f 3965 4186 3966
f 3964 3965 3966
f 4122 3964 3966
f 3966 4180 4122
f 4122 4180 3869
f 3583 4122 3869
f 3868 3583 3869
f 3868 3869 3926
f 3868 3926 3927
f 3231 3868 3927
f 3231 3927 3795
f 3795 4130 3231
f 3229 3231 4130
f 4480 3229 4130
f 4715 3229 4480
f 4715 3718 3229
f 3718 3230 3229
f 3718 3581 3230
f 3583 3230 3581
f 3581 3582 3583
f 3582 3590 3583
f 3590 3582 4111
f 4111 3591 3590
f 3589 3590 3591
f 3589 3591 3562
f 3562 4542 3589
f 4226 3589 4542
f 4226 4542 4179
f 4179 4178 4226
f 4178 3969 4226
f 4226 3969 3968
f 4226 3968 3964
f 3691 4226 3964
f 3967 3968 3969
f 3967 3969 3577
f 3967 3577 3599
f 3599 3965 3967
f 3601 3965 3599
f 3599 3600 3601
f 3223 3601 3600
f 3224 3223 3600
f 3600 4376 3224
f 3893 3224 4376
f 3893 4376 4237
f 3893 4237 4236
f 4203 3893 4236
f 4236 4217 4203
f 4320 4203 4217
f 4320 4217 4321
f 4320 4321 4677
f 3998 4677 4321
f 3882 3998 4321
f 3882 4321 3973
f 3438 3882 3973
f 3201 3438 3973
f 3201 3973 3816
f 3202 3201 3816
f 3202 3816 3333
f 3200 3202 3333
f 3200 3333 3953
f 3200 3953 3994
f 3994 4079 3200
f 4080 3200 4079
f 4079 3979 4080
f 3981 4080 3979
f 3979 3980 3981
f 3981 3980 4081
f 3981 4081 3436
f 3437 3436 4081
f 4081 3883 3437
f 3882 3437 3883
f 4198 3883 4081
f 4198 3986 3883
f 3986 4677 3883
f 3986 4201 4677
f 4677 4201 4203
f 4201 4202 4203
f 4207 4202 4201
f 4201 3988 4207
f 4207 3988 4208
f 4207 4208 4209
f 4608 4207 4209
f 4209 4208 4214
f 4208 3983 4214
f 4021 4214 3983
f 3983 4208 4305
f 4305 3984 3983
f 3982 3983 3984
f 3979 3982 3984
f 4022 3983 3982
f 3979 3984 4305
f 4305 4239 3979
f 4305 4208 4239
f 3988 4239 4208
f 4239 3988 3987
f 3980 4239 3987
f 3980 3987 4198
f 3986 3987 3988
f 4207 4608 4202
f 4608 3421 4202
f 3893 4202 3421
f 3421 3894 3893
f 3893 3894 3895
f 3894 3222 3895
f 3222 3224 3895
f 3894 3420 3222
f 3937 3222 3420
f 3420 3427 3937
f 3937 3427 3940
f 3940 4155 3937
f 4155 4060 3937
f 3937 4060 3839
f 4060 4150 3839
f 4150 4064 3839
f 3840 3839 4064
f 3601 3840 4064
f 3601 4064 4552
f 3223 3839 3840
f 3222 3839 3223
f 4064 4150 4151
f 4244 4151 4150
f 4704 4150 4060
f 4060 4155 4704
f 4155 3940 3939
f 3938 3939 3940
f 3940 3427 3938
f 3428 3938 3427
f 3938 3428 4161
f 3938 4161 3422
f 4218 3938 3422
f 4167 4218 3422
f 3422 3424 4167
f 4167 3424 4131
f 4167 4131 3944
f 4167 3944 4085
f 3944 4084 4085
f 4291 4085 4084
f 4084 3944 3891
f 3944 3945 3891
f 3944 4092 3945
f 4092 3892 3945
f 4092 4099 3892
f 4092 4048 4099
f 4098 4099 4048
f 4294 4098 4048
f 4294 4048 4101
f 4102 4294 4101
f 4101 3850 4102
f 4102 3850 3852
f 3850 3851 3852
f 3850 3836 3851
f 4026 3836 3850
f 3947 4026 3850
f 3947 3821 4026
f 4026 3821 4035
f 4034 4035 3821
f 3819 3821 3947
f 4101 3947 3850
f 3947 4101 4041
f 3947 4041 4042
f 4102 3852 4294
f 4041 4101 4048
f 3903 4041 4048
f 3903 4048 4049
f 4049 4123 3903
f 3901 3903 4123
f 3813 3901 4123
f 3813 4123 3423
f 3423 4123 4131
f 4017 3901 3813
f 3901 3902 3903
f 4123 4049 4131
f 4131 4049 4092
f 3902 4041 3903
f 4294 3852 4098
f 4098 3852 4141
f 4141 4478 4098
f 4099 4098 4478
f 4048 4092 4049
f 4092 3944 4131
f 3423 4131 3424
f 3422 3423 3424
f 3812 3423 3422
f 4085 4218 4167
f 3812 3422 4161
f 3427 3420 3428
f 3222 3937 3839
f 3421 3420 3894
f 3419 3420 3421
f 3421 4608 3419
f 3988 4201 3986
f 4198 3987 3986
f 3436 3437 3438
f 4080 3436 3438
f 4198 4081 3980
f 3979 4239 3980
f 3436 4080 3981
f 3982 3979 4079
f 3200 4080 3201
f 3994 3982 4079
f 4295 3982 3994
f 3955 3994 3953
f 3953 3954 3955
f 3680 3955 3954
f 4227 3680 3954
f 3681 3680 4227
f 3681 4227 4173
f 4173 4107 3681
f 4107 4177 3681
f 3156 3681 4177
f 4149 3156 4177
f 3864 4149 4177
f 4177 3865 3864
f 3863 3864 3865
f 3865 4107 3863
f 3723 3863 4107
f 3863 3723 4530
f 4530 3956 3863
f 3956 4530 4110
f 3956 4110 3192
f 3956 3192 3864
f 4116 3864 3192
f 3192 3194 4116
f 4115 4116 3194
f 4115 3194 4047
f 4047 4046 4115
f 4121 4115 4046
f 4046 4120 4121
f 4120 4755 4121
f 3884 4121 4755
f 4755 3889 3884
f 4656 3889 4755
f 4168 4656 4755
f 4550 4656 4168
f 4168 4045 4550
f 4550 4045 4074
f 4550 4074 3132
f 3132 3131 4550
f 4550 3131 4655
f 4655 3131 4566
f 4655 4566 4745
f 4656 4655 4745
f 4281 4745 4566
f 4566 4157 4281
f 4157 4282 4281
f 4157 3512 4282
f 3514 4282 3512
f 3512 3513 3514
f 3513 3651 3514
f 3514 3651 3843
f 3843 3651 3650
f 3843 3650 4432
f 3650 4498 4432
f 4497 4432 4498
f 4498 3752 4497
f 3752 3531 4497
f 3530 4497 3531
f 3530 3531 3532
f 3532 4507 3530
f 4507 3315 3530
f 3793 3530 3315
f 3314 3793 3315
f 3314 3792 3793
f 4497 3793 3792
f 3531 3718 3532
f 3718 3531 4055
f 4055 4430 3718
f 3751 4430 4055
f 3751 4431 4430
f 4430 4431 3581
f 4431 4758 3581
f 4758 4111 3581
f 4111 4758 3120
f 3120 3978 4111
f 3120 3119 3978
f 3977 3978 3119
f 3540 3977 3119
f 3118 3540 3119
f 3118 3541 3540
f 3540 3541 3542
f 3541 3735 3542
f 3735 4308 3542
f 3542 4308 4538
f 4312 3542 4538
f 4538 3373 4312
f 4312 3373 3372
f 4312 3372 3563
f 4312 3563 3977
f 3977 3563 3562
f 3561 3562 3563
f 4546 3561 3563
f 3561 4546 3803
f 3561 3803 3805
f 3561 3805 4542
f 3803 3804 3805
f 3804 4179 3805
f 4604 3804 3803
f 4604 3803 4303
f 4604 4303 3763
f 3763 4230 4604
f 4230 4597 4604
f 4597 4230 3351
f 4759 4597 3351
f 3351 3350 4759
f 3350 4712 4759
f 4759 4712 4607
f 4712 3575 4607
f 4607 3575 4178
f 4607 4178 3804
f 4597 4607 3804
f 4712 3576 3575
f 3575 3576 3577
f 4376 3577 3576
f 4210 3576 4712
f 4237 3576 4210
f 4210 4019 4237
f 4238 4237 4019
f 4019 4373 4238
f 4217 4238 4373
f 3592 4217 4373
f 3592 4373 3593
f 3592 3593 3594
f 4575 3592 3594
f 4575 3594 4571
f 3816 4575 4571
f 4571 3817 3816
f 3816 3817 3334
f 4199 3334 3817
f 4199 3817 4671
f 4070 4199 4671
f 4671 4440 4070
f 4070 4440 4517
f 4517 4510 4070
f 4510 4511 4070
f 3722 4070 4511
f 3722 4511 4181
f 4181 4273 3722
f 4273 4529 3722
f 3722 4529 4530
f 4529 3606 4530
f 4529 4273 3606
f 4273 4190 3606
f 3606 4190 3607
f 3313 3606 3607
f 3313 3607 3772
f 3313 3772 4323
f 4586 3313 4323
f 4586 4323 4324
f 4586 4324 3133
f 3133 3312 4586
f 3312 3133 3132
f 4324 3626 3133
f 3628 3133 3626
f 3626 3627 3628
f 3628 3627 3825
f 4156 3628 3825
f 3512 4156 3825
f 3827 3512 3825
f 3825 3826 3827
f 3827 3826 4313
f 3396 4313 3826
f 3826 3397 3396
f 3396 3397 3398
f 3396 3398 4355
f 4355 4314 3396
f 4314 4355 3513
f 3513 4355 4356
f 3513 4356 4063
f 4063 4356 4367
f 4063 4367 3649
f 3649 3651 4063
f 3649 4367 3753
f 3649 3753 3752
f 3751 3752 3753
f 4367 3751 3753
f 4367 4464 3751
f 4367 4355 4464
f 4355 4431 4464
f 4356 4355 4367
f 4355 3398 4758
f 3118 3398 3397
f 3397 4463 3118
f 4462 4463 3397
f 4477 4462 3397
f 4462 4477 3710
f 3710 4473 4462
f 3710 3709 4473
f 3709 4232 4473
f 4232 4242 4473
f 4473 4242 3541
f 4473 3541 4463
f 4242 3429 3541
f 4242 3951 3429
f 3951 3300 3429
f 3300 3302 3429
f 3429 3302 3735
f 3735 3302 4307
f 4307 3302 4394
f 4394 3489 4307
f 3489 3373 4307
f 3489 4220 3373
f 3373 4220 3371
f 3371 4220 4219
f 4219 3764 3371
f 3371 3764 3763
f 3763 3764 3765
f 4346 3765 3764
f 3764 4345 4346
f 4345 3283 4346
f 4346 3283 3282
f 3282 3431 4346
f 3431 3432 4346
f 3431 3351 3432
f 3349 3351 3431
f 4125 3349 3431
f 4142 3349 4125
f 4353 4142 4125
f 4353 4125 4124
f 3699 4353 4124
f 3699 4124 4135
f 4350 3699 4135
f 4135 4197 4350
f 4197 3458 4350
f 4191 4350 3458
f 4440 4191 3458
f 4440 3458 3457
f 3457 3458 3265
f 3457 3265 3264
f 4517 3457 3264
f 4517 3264 4182
f 4182 3264 4438
f 4438 4453 4182
f 4183 4182 4453
f 4183 4453 4727
f 4190 4183 4727
f 4727 3772 4190
f 3772 4727 3466
f 3772 3466 3773
f 3773 3466 3708
f 3773 3708 3946
f 4323 3773 3946
f 3946 3708 3626
f 3466 3468 3708
f 3708 3468 3709
f 3466 3467 3468
f 3467 3950 3468
f 3468 3950 3952
f 3468 3952 4232
f 3950 3951 3952
f 3950 4676 3951
f 4676 3950 3244
f 3244 3246 4676
f 3246 4259 4676
f 3300 4676 4259
f 4259 4258 3300
f 4258 3301 3300
f 4258 4270 3301
f 4270 3490 3301
f 3489 3301 3490
f 4270 4269 3490
f 4269 4484 3490
f 4484 4220 3490
f 4484 4221 4220
f 4484 4494 4221
f 4494 3783 4221
f 3783 4345 4221
f 4221 4345 4748
f 4219 4221 4748
f 3783 3281 4345
f 3281 3783 3784
f 3784 3282 3281
f 4124 3282 3784
f 3784 4136 4124
f 4136 3784 4414
f 3499 4136 4414
f 4414 3266 3499
f 3265 3499 3266
f 3499 3265 4197
f 3266 4414 4415
f 4415 3264 3266
f 4415 4414 4428
f 4415 4428 4494
f 4494 4269 4415
f 4269 4438 4415
f 4438 4269 3245
f 4426 4438 3245
f 4426 3245 4254
f 4426 4254 4453
f 4254 4666 4453
f 3466 4453 4666
f 4666 4254 3467
f 4254 3245 3244
f 4269 4246 3245
f 4246 3246 3245
f 4414 3783 4428
f 4197 4136 3499
f 4414 3784 3783
f 3783 4494 4428
f 4484 4269 4494
f 4246 4269 4270
f 4246 4270 4258
f 4246 4258 4259
f 3246 4246 4259
f 3244 3245 3246
f 4254 3244 3950
f 3950 3467 4254
f 3466 4666 3467
f 4190 4181 4183
f 4727 4453 3466
f 4181 4182 4183
f 4510 4182 4181
f 4438 4426 4453
f 4415 4438 3264
f 3264 3265 3266
f 3265 3458 4197
f 4197 4135 4136
f 4191 3699 4350
f 3699 4191 3697
f 3697 3698 3699
f 3697 3594 3698
f 3594 3811 3698
f 4353 3698 3811
f 3817 3697 4191
f 4135 4124 4136
f 3698 4353 3699
f 4124 4125 3282
f 3811 4142 4353
f 3811 4672 4142
f 4672 4015 4142
f 4672 4019 4015
f 4015 4019 3350
f 4015 3350 3349
f 3593 4672 3811
f 3349 4142 4015
f 4125 3431 3282
f 3281 3282 3283
f 3281 3283 4345
f 4748 4345 3764
f 3765 4346 3432
f 3765 3432 4230
f 4748 3764 4219
f 4219 4220 4221
f 3490 4220 3489
f 3301 3489 4394
f 3301 4394 3302
f 3300 3301 3302
f 3951 4676 3300
f 3952 3951 4242
f 3952 4242 4232
f 3468 4232 3709
f 3708 3709 3710
f 3627 3708 3710
f 3627 3710 4477
f 3627 4477 3826
f 4462 4473 4463
f 3120 3398 3118
f 3826 4477 3397
f 4313 3396 4314
f 3512 4313 4314
f 3827 4313 3512
f 3627 3826 3825
f 3626 3708 3627
f 3133 3628 4156
f 3133 4156 3131
f 4324 3946 3626
f 4323 3946 4324
f 3313 4586 3312
f 3312 3192 3313
f 3312 4074 3192
f 4074 3193 3192
f 3772 3773 4323
f 3606 3313 4110
f 3607 4190 3772
f 4273 4181 4190
f 3722 3335 4070
f 3335 3722 4082
f 4082 3333 3335
f 3333 3334 3335
f 3722 3721 4082
f 3953 4082 3721
f 3953 3721 4173
f 3721 3723 4173
f 3721 3722 3723
f 4511 4510 4181
f 4510 4517 4182
f 3457 4517 4440
f 4671 4191 4440
f 3335 4199 4070
f 4191 4671 3817
f 3335 3334 4199
f 3817 4571 3697
f 4571 3594 3697
f 3592 4575 3973
f 3594 3593 3811
f 3593 4373 4672
f 3973 4217 3592
f 4373 4019 4672
f 4019 4210 3350
f 4210 4712 3350
f 3349 3350 3351
f 4759 4607 4597
f 4230 3432 3351
f 3765 4230 3763
f 3763 4303 3371
f 3372 3371 4303
f 4303 3803 3372
f 4604 4597 3804
f 3372 3803 4546
f 3372 4546 3563
f 3371 3372 3373
f 3373 4538 4307
f 4312 3977 3542
f 4308 4307 4538
f 3735 4307 4308
f 3429 3735 3541
f 3541 3118 4463
f 3540 3542 3977
f 3562 3978 3977
f 3118 3119 3120
f 3398 3120 4758
f 4355 4758 4431
f 3751 4464 4431
f 3751 4055 3531
f 3793 4497 3530
f 3531 3752 3751
f 4498 3649 3752
f 3792 4432 4497
f 4432 3792 3844
f 3650 3649 4498
f 3649 3650 3651
f 3651 3513 4063
f 4314 3513 3512
f 4156 3512 4157
f 4566 4156 4157
f 4745 4281 4682
f 4156 4566 3131
f 3131 3132 3133
f 3312 3132 4074
f 4045 3193 4074
f 3193 4045 4047
f 4045 4168 4046
f 4655 4656 4550
f 4745 3889 4656
f 3884 4284 4121
f 4094 4121 4284
f 4165 4094 4284
f 4094 4165 4166
f 4166 3155 4094
f 4094 3155 3157
f 3157 4115 4094
f 3155 3156 3157
f 3155 4050 3156
f 3156 4050 4091
f 3156 4091 4090
f 3679 4090 4091
f 3681 4090 3679
f 4091 4050 3679
f 4050 4301 3679
f 3671 3679 4301
f 3164 3671 4301
f 3671 3164 3163
f 3163 3670 3671
f 4037 3671 3670
f 3680 3671 4037
f 4037 4038 3680
f 4302 4038 4037
f 4292 3670 3163
f 3670 4292 3808
f 3162 3163 3164
f 4166 3162 3164
f 3679 3671 3680
f 3164 4301 4050
f 3155 3164 4050
f 4166 3164 3155
f 4402 4166 4165
f 4755 4120 4168
f 4046 4168 4120
f 4094 4115 4121
f 4045 4046 4047
f 4047 3194 3193
f 3157 4116 4115
f 3157 4149 4116
f 3192 3193 3194
f 3313 3192 4110
f 3606 4110 4530
f 4530 3723 3722
f 3863 3956 3864
f 3864 4116 4149
f 4149 3157 3156
f 4090 3681 3156
f 4177 4107 3865
f 4107 4173 3723
f 4173 4227 3953
f 3679 3680 3681
f 3955 3680 4038
f 4038 3995 3955
f 3953 4227 3954
f 3994 3955 3995
f 4082 3953 3333
f 3333 3816 3334
f 3200 3201 3202
f 3816 3973 4575
f 4080 3438 3201
f 3438 3437 3882
f 3998 3882 3883
f 3998 3883 4677
f 3973 4321 4217
f 4677 4203 4320
f 4236 4238 4217
f 4202 3893 4203
f 4236 4237 4238
f 4237 4376 3576
f 3224 3893 3895
f 4376 3600 3577
f 3222 3223 3224
f 3223 3840 3601
f 3599 3577 3600
f 3575 3577 3969
f 3965 3968 3967
f 3969 4178 3575
f 3804 4178 4179
f 3805 4179 4542
f 3589 4226 3691
f 3561 4542 3562
f 3562 3591 3978
f 3589 3691 3590
f 3590 3691 4122
f 3978 3591 4111
f 3581 4111 3582
f 4430 3581 3718
f 3532 3718 4715
f 3532 4715 4695
f 3229 3230 3231
f 3794 4130 3795
f 3230 3868 3231
f 3230 3583 3868
f 3583 3590 4122
f 3691 3964 4122
f 3968 3965 3964
f 3601 4552 3965
f 3966 4186 4180
f 4180 3926 3869
f 3927 3926 4119
f 4265 3961 3960
f 3960 4255 4265
f 4256 4255 4188
f 4187 4552 4256
f 4552 4064 4251
f 4257 4250 4249
f 4151 4251 4064
f 4245 4257 4249
f 4244 4243 4151
f 4704 4244 4150
f 3939 4704 4155
f 3938 4427 3939
f 3938 4218 4427
f 4085 4291 4218
f 4291 4084 2639
f 3787 4423 4001
f 3787 3788 3789
f 3916 4702 3917
f 4493 3789 3788
f 4493 4266 4245
f 4488 3917 4702
f 4119 4266 4699
f 4119 3795 3927
f 3999 4488 4702
f 4702 4461 3999
f 4451 3999 4461
f 3794 3795 3796
f 4480 4130 3794
f 4480 4695 4715
f 4000 2979 4479
f 4695 4507 3532
f 2981 3172 2979
f 4507 3316 3315
f 3314 3315 3316
f 3844 3792 3314
f 3843 4432 3844
f 4282 3514 3843
f 4281 4282 4283
f 3842 4271 4272
f 4683 4272 4448
f 4682 4281 4283
f 4351 4683 3150
f 3889 4745 4682
f 3884 3889 3885
f 3884 3885 3886
f 4284 3884 3886
f 4165 4284 3908
f 3907 3800 3799
f 3799 3800 3801
f 4165 3908 4402
f 4402 3162 4166
f 4292 3163 3162
f 3801 4398 3799
f 3808 4292 4293
f 3800 3142 3801
f 3993 4388 4577
f 4577 4388 4023
f 4023 3809 4577
f 3670 3808 3809
f 4302 4037 3670
f 3555 4593 4024
f 4302 3995 4038
f 3995 4295 3994
f 3553 3554 3555
f 4022 3982 4295
f 3554 3553 4020
f 4022 4021 3983
f 3553 4524 4020
f 4021 4525 4214
f 3989 4357 4524
f 4357 4364 4654
f 4654 4364 4520
f 4209 4214 4525
f 4209 4519 4608
f 4364 4651 4520
f 3419 4608 4519
f 3419 3428 3420
f 4161 3428 4509
f 4514 4651 4372
f 4509 3812 4161
f 3812 3813 3423
f 3928 4372 3929
f 4372 3898 3929
f 3900 4385 3898
f 1714 4016 4385
f 4018 4017 3813
f 4017 3902 3901
f 1731 4375 4383
f 4042 4041 3902
f 4042 3819 3947
f 3819 3820 3821
f 3820 4034 3821
f 4596 4605 4606
f 4605 4596 3340
f 3340 3584 4605
f 3584 3340 3585
f 4771 3584 3585
f 4512 4771 3585
f 3585 2749 4512
f 2749 2751 4512
f 4512 2751 4740
f 4512 4740 2385
f 2386 2385 4740
f 4778 2386 4740
f 4740 4779 4778
f 2362 4778 4779
f 4779 4522 2362
f 2363 2362 4522
f 2363 4522 3043
f 3043 4741 2363
f 4741 3043 3045
f 3824 4741 3045
f 3823 3824 3045
f 3823 3045 4411
f 4411 4587 3823
f 3823 4587 4588
f 4587 4752 4588
f 4753 4588 4752
f 4752 4262 4753
f 4753 4262 2705
f 3748 4753 2705
f 2705 2741 3748
f 3828 3748 2741
f 2741 4185 3828
f 4185 4222 3828
f 3828 4222 3620
f 3828 3620 3619
f 3619 3620 3621
f 3621 4459 3619
f 3619 4459 3409
f 3619 3409 3747
f 3747 3748 3619
f 4635 3747 3409
f 4636 4635 3409
f 4636 3409 1917
f 4636 1917 4366
f 4584 4366 1917
f 4584 4365 4366
f 4365 3824 4366
f 4366 3824 4635
f 3824 4588 4635
f 1918 1917 3409
f 1918 3409 3410
f 1875 1918 3410
f 4459 1875 3410
f 1876 1875 4459
f 4459 4460 1876
f 4460 1884 1876
f 3750 1876 1884
f 3750 1884 1883
f 4634 3750 1883
f 4634 1883 1880
f 4471 4634 1880
f 4471 1880 1879
f 4470 4471 1879
f 1879 2730 4470
f 4626 4470 2730
f 4626 2730 2729
f 4626 2729 4730
f 4627 4626 4730
f 4730 4392 4627
f 3441 4627 4392
f 3441 4392 3759
f 3758 3441 3759
f 2546 3758 3759
f 2546 3760 3758
f 3758 3760 4717
f 4717 4718 3758
f 3439 4718 4717
f 4717 4400 3439
f 3440 3439 4400
f 4400 4470 3440
f 4625 4470 4400
f 4400 3957 4625
f 3439 3440 3441
f 4718 3439 3441
f 3760 4400 4717
f 3760 3958 4400
f 3760 2545 3958
f 4762 3958 2545
f 2545 2547 4762
f 3760 2546 2545
f 4718 3441 3758
f 3759 4392 4349
f 4614 3759 4349
f 4614 4349 4093
f 4348 4093 4349
f 4349 4772 4348
f 2716 4348 4772
f 4772 4709 2716
f 3139 2716 4709
f 4709 4075 3139
f 4075 2826 3139
f 2826 4434 3139
f 3139 4434 3140
f 2717 3139 3140
f 3477 2717 3140
f 4072 3477 3140
f 3140 3726 4072
f 4072 3726 4073
f 4083 4072 4073
f 4083 4073 4449
f 4449 3024 4083
f 4083 3024 3478
f 3478 3024 3023
f 3023 3476 3478
f 3476 3477 3478
f 3476 2718 3477
f 2718 3476 3578
f 3578 3848 2718
f 3848 3769 2718
f 2718 3769 4348
f 3848 3770 3769
f 3769 3770 3771
f 3769 3771 4093
f 3771 3853 4093
f 3853 4106 4093
f 3853 3771 3854
f 3853 3854 4544
f 3853 4544 4563
f 4544 3854 4104
f 3854 4782 4104
f 4782 4105 4104
f 4103 4104 4105
f 4105 2682 4103
f 2682 3777 4103
f 4103 3777 3776
f 3776 3777 3778
f 3777 4261 3778
f 3778 4261 4733
f 4504 3778 4733
f 4504 4733 4734
f 4504 4734 4490
f 4490 4734 4491
f 4436 4490 4491
f 4491 3506 4436
f 4491 4678 3506
f 4678 3507 3506
f 3506 3507 3332
f 3781 3332 3507
f 4411 3781 3507
f 4412 4411 3507
f 4411 4412 4263
f 4733 4263 4412
f 3782 3781 4411
f 3044 3781 3782
f 3782 3045 3044
f 3781 3044 4680
f 2750 4680 3044
f 2750 3044 3043
f 3043 2751 2750
f 2751 3043 4793
f 2749 4680 2750
f 4680 2749 4723
f 4722 4680 4723
f 4722 4723 3585
f 4722 3585 3339
f 4248 4680 4722
f 4247 4680 4248
f 3322 4247 4248
f 4247 3332 4680
f 4680 3332 3781
f 3507 4678 4412
f 4734 4412 4678
f 4734 4678 4491
f 4733 4412 4734
f 4261 4263 4733
f 4261 4262 4263
f 4262 4261 2706
f 4681 2706 4261
f 2704 2706 4681
f 2704 4681 3693
f 3693 3694 2704
f 2704 3694 2741
f 3694 3693 4184
f 4184 4185 3694
f 4184 3705 4185
f 4576 3705 4184
f 4576 4184 4665
f 4794 4576 4665
f 3702 4794 4665
f 3702 4665 3703
f 3701 3702 3703
f 3701 3703 4192
f 3770 3701 4192
f 3258 3701 3770
f 3258 3257 3701
f 3001 3257 3258
f 3578 3001 3258
f 2999 3001 3578
f 2999 3578 4126
f 4126 4127 2999
f 4127 3000 2999
f 4127 4567 3000
f 4567 4568 3000
f 3000 4568 4761
f 4761 3001 3000
f 3931 4761 4568
f 4568 3933 3931
f 3931 3933 3930
f 3930 3706 3931
f 4576 3931 3706
f 3706 3930 4233
f 4233 2669 3706
f 3705 3706 2669
f 3705 2669 2668
f 2668 4222 3705
f 4222 2668 4223
f 4223 2668 2667
f 2667 1885 4223
f 1885 3621 4223
f 4460 3621 1885
f 3713 1885 2667
f 3713 2667 3714
f 3712 3713 3714
f 3712 3714 4233
f 3712 4233 3095
f 3295 3712 3095
f 3095 2844 3295
f 3294 3295 2844
f 2844 2843 3294
f 2730 3294 2843
f 2728 2730 2843
f 4315 2728 2843
f 4315 2843 4701
f 4075 4315 4701
f 4701 2827 4075
f 4763 2827 4701
f 4763 4701 3660
f 4763 3660 4326
f 4325 4763 4326
f 4325 4326 4327
f 3324 4325 4327
f 4691 3324 4327
f 4691 4327 3720
f 3719 4691 3720
f 3719 3720 2786
f 4068 3719 2786
f 4068 2786 3173
f 4068 3173 4275
f 4068 4275 4377
f 4068 4377 4624
f 4068 4624 4623
f 4623 4624 3728
f 3728 3727 4623
f 3719 4623 3727
f 3726 3727 3728
f 3726 3325 3727
f 3727 3325 4691
f 3726 4434 3325
f 4434 3326 3325
f 3324 3325 3326
f 2825 3326 4434
f 4763 3326 2825
f 3728 4624 4043
f 3728 4043 4200
f 4073 3728 4200
f 4073 4200 3077
f 3075 3077 4200
f 4211 3075 4200
f 4200 4616 4211
f 4616 2078 4211
f 4211 2078 4212
f 4211 4212 4053
f 3732 4053 4212
f 4212 2077 3732
f 2077 2810 3732
f 3732 2810 3730
f 3730 3731 3732
f 3732 3731 4304
f 3732 4304 3361
f 3737 3361 4304
f 4696 3737 4304
f 4144 4696 4304
f 4144 3209 4696
f 3209 4687 4696
f 4696 4687 3738
f 4687 3739 3738
f 3737 3738 3739
f 3737 3739 3362
f 3362 3739 2766
f 3362 2766 2795
f 3362 2795 3363
f 3361 3362 3363
f 3361 3363 3076
f 3361 3076 4053
f 4053 3076 3075
f 3076 3363 3643
f 3643 3077 3076
f 3077 3643 4449
f 4449 3643 4618
f 3643 4061 4618
f 4618 4061 3022
f 4618 3022 3024
f 3022 4061 4062
f 4062 4757 3022
f 3022 4757 3136
f 3136 3023 3022
f 3023 3136 3137
f 3136 4621 3137
f 3137 4621 4127
f 4621 4154 4127
f 4154 3646 4127
f 3646 4154 4660
f 3646 4660 3644
f 3644 3645 3646
f 3645 4163 3646
f 3646 4163 4567
f 3645 4657 4163
f 4163 4657 4164
f 4162 4163 4164
f 4162 4164 3096
f 3095 4162 3096
f 3930 4162 3095
f 3237 3096 4164
f 3237 3661 3096
f 3661 2845 3096
f 3096 2845 2844
f 3660 2845 3661
f 3660 3661 3662
f 3236 3662 3661
f 3236 2089 3662
f 2089 4633 3662
f 3662 4633 4326
f 4633 2089 2088
f 4100 4633 2088
f 2788 4100 2088
f 2788 2088 4296
f 3174 2788 4296
f 4296 3175 3174
f 3173 3174 3175
f 3175 4296 4639
f 4639 4030 3175
f 4032 3175 4030
f 4030 4031 4032
f 4032 4031 3666
f 3665 4032 3666
f 3665 3666 3667
f 3667 3413 3665
f 3413 4129 3665
f 4043 3665 4129
f 4129 4616 4043
f 4043 4044 3665
f 4044 4378 3665
f 4615 4378 4044
f 4615 4044 4647
f 4377 4615 4647
f 4615 4377 4378
f 4377 4032 4378
f 4647 4044 4043
f 2079 4129 3413
f 3412 2079 3413
f 3412 4760 2079
f 2079 4760 2069
f 2079 2069 2810
f 2810 2069 4143
f 2069 2071 4143
f 4143 2071 3207
f 4143 3207 4144
f 4143 4144 3731
f 3207 2071 2081
f 3207 2081 3208
f 3207 3208 3209
f 3208 3905 3209
f 3208 2081 3905
f 3905 2081 3904
f 3904 3677 3905
f 4686 3905 3677
f 3052 4686 3677
f 3677 3678 3052
f 3678 4395 3052
f 4395 3910 3052
f 3909 3052 3910
f 3909 3910 2955
f 3909 2955 2954
f 2954 4175 3909
f 4175 3053 3909
f 4170 3053 4175
f 4170 4175 4403
f 4170 4403 4404
f 3687 4170 4404
f 3687 4404 4062
f 2768 4170 3687
f 3686 2768 3687
f 3686 3687 4061
f 3686 2795 2768
f 4660 4404 4403
f 4403 4174 4660
f 4660 4174 4664
f 4176 4664 4174
f 4174 4175 4176
f 4176 4109 4664
f 3238 4664 4109
f 3236 3238 4109
f 3236 3237 3238
f 3645 3238 3237
f 4664 3238 3644
f 4109 4176 2954
f 2954 2953 4109
f 2953 2090 4109
f 2089 4109 2090
f 2090 2953 3689
f 2090 3689 2757
f 4296 2090 2757
f 4296 2757 4118
f 4118 2757 2756
f 4117 4118 2756
f 2756 2755 4117
f 2755 4645 4117
f 4803 4117 4645
f 4646 4803 4645
f 4645 3904 4646
f 3904 2082 4646
f 2082 4780 4646
f 4780 4693 4646
f 4780 3666 4693
f 2070 4780 2082
f 2082 2071 2070
f 3667 4780 2070
f 3412 3667 2070
f 3678 3904 4645
f 4693 4803 4646
f 4692 4803 4693
f 4693 4031 4692
f 4692 4118 4803
f 4639 4118 4692
f 4395 4645 2755
f 4803 4118 4117
f 2755 2756 2757
f 2757 4774 2755
f 2755 4774 3910
f 4774 2757 3689
f 2953 4774 3689
f 2953 2955 4774
f 4660 4757 4404
f 4403 4175 4174
f 2768 3053 4170
f 2767 3053 2768
f 2766 2767 2768
f 4686 2767 2766
f 4808 4686 2766
f 4685 4686 4808
f 3739 4685 4808
f 2767 3052 3053
f 2954 4176 4175
f 2953 2954 2955
f 2955 3910 4774
f 3909 3053 3052
f 3910 4395 2755
f 4395 3678 4645
f 2767 4686 3052
f 4685 3905 4686
f 3905 4685 4687
f 3904 3678 3677
f 2082 3904 2081
f 2081 2071 2082
f 2069 2070 2071
f 4760 2070 2069
f 2070 4760 3412
f 4129 2079 2078
f 2077 2078 2079
f 3412 3413 3667
f 3667 3666 4780
f 4378 4032 3665
f 4693 3666 4031
f 4030 4692 4031
f 4032 4275 3175
f 4030 4639 4692
f 4118 4639 4296
f 2786 2788 3174
f 2786 2787 2788
f 4296 2088 2090
f 2787 4100 2788
f 3720 4100 2787
f 4327 4633 4100
f 2088 2089 2090
f 2089 3236 4109
f 3660 2843 2845
f 3661 3237 3236
f 4162 3933 4163
f 3237 4164 4657
f 4657 3645 3237
f 3238 3645 3644
f 3644 4660 4664
f 4660 4154 4621
f 3136 4660 4621
f 4660 3136 4757
f 4062 4404 4757
f 4061 3687 4062
f 4061 3643 3686
f 3363 3686 3643
f 3363 2795 3686
f 2795 2766 2768
f 3739 4808 2766
f 4685 3739 4687
f 3209 3905 4687
f 3207 3209 4144
f 4696 3738 3737
f 3361 3737 3362
f 3731 4144 4304
f 3730 4143 3731
f 2810 4143 3730
f 2079 2810 2077
f 3361 4053 3732
f 4212 2078 2077
f 4129 2078 4616
f 4211 4053 3075
f 3075 3076 3077
f 4200 4043 4616
f 4647 4043 4624
f 4377 4647 4624
f 4377 4275 4032
f 3175 4275 3173
f 3173 2786 3174
f 4623 3719 4068
f 3720 2787 2786
f 3727 4691 3719
f 3720 4327 4100
f 3325 3324 4691
f 3324 3326 4325
f 4327 4326 4633
f 4763 4325 3326
f 4326 3660 3662
f 2825 2827 4763
f 2825 2826 2827
f 4701 2843 3660
f 4785 2728 4315
f 4785 4315 4709
f 4709 4773 4785
f 4786 4785 4773
f 4772 4786 4773
f 4392 4786 4772
f 2729 4785 4786
f 4785 2729 2728
f 2843 2844 2845
f 3294 3713 3295
f 3294 1881 3713
f 1881 1883 3713
f 1879 1881 3294
f 2844 3095 3096
f 3295 3713 3712
f 3714 2667 4233
f 1883 1885 3713
f 2667 2668 2669
f 2667 2669 4233
f 3095 4233 3930
f 4162 3930 3933
f 3933 4568 4163
f 4761 3931 4794
f 4794 3257 4761
f 4567 4163 4568
f 4127 3646 4567
f 3137 4127 4126
f 3476 3137 4126
f 2999 3000 3001
f 3001 4761 3257
f 4192 3703 4776
f 4776 4782 4192
f 3771 4192 4782
f 4782 4776 2682
f 4776 2683 2682
f 2682 2683 2684
f 2682 2684 4797
f 2684 4681 4797
f 4797 4681 3777
f 2683 3693 2684
f 2683 4665 3693
f 3703 2683 4776
f 3702 3701 3257
f 3703 4665 2683
f 3257 4794 3702
f 4576 4794 3931
f 3706 3705 4576
f 4665 4184 3693
f 2684 3693 4681
f 2704 2705 2706
f 3777 4681 4261
f 2682 4797 3777
f 4104 4103 4503
f 4782 2682 4105
f 4782 3854 3771
f 3770 4192 3771
f 3848 3258 3770
f 3848 3578 3258
f 3578 3476 4126
f 3023 3137 3476
f 3022 3023 3024
f 4449 4618 3024
f 4073 3077 4449
f 4083 3478 4072
f 3728 4073 3726
f 4072 3478 3477
f 3477 2718 2717
f 2716 2717 2718
f 3140 4434 3726
f 4434 2826 2825
f 2827 2826 4075
f 4709 4315 4075
f 2716 3139 2717
f 4772 4773 4709
f 4348 2716 2718
f 3769 4093 4348
f 4349 4392 4772
f 3441 3440 4627
f 4730 4786 4392
f 3440 4626 4627
f 4786 4730 2729
f 2728 2729 2730
f 3440 4470 4626
f 2730 1879 3294
f 4625 4471 4470
f 4625 4594 4471
f 4594 4630 4471
f 4594 3067 4630
f 4630 3067 4622
f 4630 4622 3750
f 4622 1874 3750
f 3067 1874 4622
f 1879 1880 1881
f 4471 4630 4634
f 1883 1881 1880
f 4630 3750 4634
f 1883 1884 1885
f 1876 3750 1874
f 1885 1884 4460
f 1874 1875 1876
f 3068 1875 1874
f 3861 1918 1875
f 3861 1916 1918
f 1916 1917 1918
f 4366 4635 4636
f 4588 3747 4635
f 4459 3410 3409
f 4460 4459 3621
f 4223 3621 3620
f 4223 3620 4222
f 4185 3705 4222
f 3694 4185 2741
f 3748 3828 3619
f 2704 2741 2705
f 3748 3747 4753
f 2706 2705 4262
f 4752 4263 4262
f 3747 4588 4753
f 4587 4263 4752
f 4263 4587 4411
f 3782 4411 3045
f 3823 4588 3824
f 4741 3824 4365
f 4365 4579 4741
f 3043 3044 3045
f 4793 3043 4522
f 4793 4522 4779
f 4779 4740 4793
f 3754 2386 4778
f 3754 2387 2386
f 4740 2751 4793
f 2749 2750 2751
f 4723 2749 3585
f 4771 4512 4534
f 3339 3585 3340
f 4248 4722 3339
f 3322 4248 4012
f 4012 4011 3322
f 3323 3322 4011
f 4247 3322 3332
f 4445 3321 3330
f 4437 3506 3332
f 4445 4632 4535
f 4436 3506 4437
f 3922 4490 4436
f 3922 4504 4490
f 3776 3778 4504
f 4103 3776 4009
f 4010 3921 3880
f 4503 4103 4009
f 4544 4104 4503
f 4008 4010 4495
f 4003 4499 4004
f 4544 4005 4563
f 3853 4563 4106
f 4614 4093 4106
f 4614 4558 3759
f 2546 3759 4558
f 2545 2546 2547
f 2561 4762 2547
f 2563 4762 2561
f 4548 4613 4557
f 4553 4549 2562
f 4548 4004 4499
f 3797 4612 4499
f 4609 4612 3526
f 3862 4598 4610
f 4598 2562 4549
f 2561 2562 2563
f 4762 2563 3958
f 3957 4400 3958
f 4594 4625 3957
f 4595 2938 3959
f 2937 2938 2939
f 4594 4592 3067
f 3067 3068 1874
f 2937 4589 4590
f 3068 3861 1875
f 4603 305 4589
f 304 433 305
f 3860 1916 3861
f 1917 1916 4584
f 4365 4584 4579
f 1054 3762 4096
f 2363 4741 4579
f 2377 2378 2379
f 2362 2363 2364
f 3754 4778 2362
f 3754 2576 2387
f 3755 3757 512
f 2373 2374 2375
f 2373 2375 4749
f 4749 4569 2373
f 4569 4749 804
f 804 308 4569
f 3858 4545 4570
f 3857 4556 3858
f 4556 4545 3858
f 4545 3948 4570
f 3756 3948 2578
f 2576 2577 2578
f 2387 2576 4543
f 4547 4541 3949
f 4541 4551 4536
f 2387 4543 4540
f 2385 2386 2387
f 2385 4534 4512
f 3845 4536 4551
f 4534 3847 4771
f 3846 3845 4551
f 4526 4771 3847
f 4771 4526 3584
f 4605 3584 4521
f 4523 4528 4518
f 4611 4521 4516
f 4034 4516 4035
f 3836 4026 4035
f 3836 4513 3851
f 3835 3837 4508
f 4508 4518 4506
f 3942 4506 3846
f 3846 2590 3942
f 2588 2589 2590
f 2589 4559 4502
f 3941 3943 4492
f 4502 4559 4500
f 4496 3985 4501
f 3833 2610 3832
f 2610 2609 2960
f 2961 2960 2609
f 2609 4768 2961
f 4768 2609 2608
f 2608 2609 2610
f 3985 4492 4501
f 4489 3941 4492
f 4489 3851 4513
f 3852 3851 3896
f 2960 2961 2962
f 4485 2961 4768
f 4485 4768 4766
f 4485 4766 1617
f 4764 4485 1617
f 1618 4766 4768
f 3852 3896 4141
f 4483 4485 4764
f 4483 4764 4482
f 4482 4764 4765
f 4474 4482 4765
f 4765 4792 4474
f 4792 4765 4410
f 4792 4410 4422
f 2622 4792 4422
f 4472 4792 2622
f 2621 4472 2622
f 2621 2622 2623
f 4765 4764 4405
f 4478 4141 4481
f 4478 3892 4099
f 3945 3892 3891
f 4482 4474 3890
f 4084 3891 4469
f 4474 4792 4472
f 4469 2639 4084
f 4468 4472 2621
f 2638 2639 2640
f 4461 4702 2638
f 4461 4454 3975
f 3975 4451 4461
f 2980 3999 4451
f 2979 2980 2981
f 3888 3974 3976
f 3172 2981 979
f 3888 3976 4439
f 2434 2435 2436
f 4435 4439 3976
f 4358 3879 4787
f 2448 4787 3879
f 4787 2448 4845
f 4787 4845 2897
f 2897 4845 4756
f 2898 2897 4756
f 4756 4416 2898
f 2873 2898 4416
f 4416 2874 2873
f 2873 2874 2875
f 2898 2873 2875
f 4845 2448 4756
f 4419 4756 2448
f 4435 3877 4429
f 4458 3878 3877
f 3879 2446 2448
f 2446 2447 2448
f 4458 4425 3878
f 2623 4425 2621
f 2446 4424 2447
f 4422 2623 2622
f 2447 4419 2448
f 4419 4416 4756
f 4418 4422 4410
f 2874 4416 4413
f 2874 4413 4406
f 4405 4410 4765
f 4764 3841 4405
f 4406 3822 2874
f 2471 3875 4401
f 2469 2470 2471
f 2469 3838 2470
f 2470 3838 4390
f 3873 4386 3815
f 3873 3815 3814
f 2219 752 4382
f 4382 752 4374
f 3874 3873 3814
f 4382 4374 4379
f 2874 3874 2875
f 2875 2899 2898
f 2897 2898 2899
f 2897 3962 4787
f 4360 4787 3962
f 4358 4787 4360
f 4358 4354 2436
f 2436 3866 2434
f 4335 4352 3867
f 2484 2485 2486
f 2485 2484 3344
f 4338 4352 4336
f 4352 4335 4336
f 4335 3870 4334
f 4331 4322 4337
f 4342 4322 4318
f 4316 4319 4328
f 4316 4328 4714
f 4316 4714 444
f 4328 491 4714
f 4344 4318 3915
f 2508 4316 444
f 3356 3915 3047
f 2508 444 2509
f 2339 446 3018
f 444 4714 445
f 491 445 4714
f 1928 1978 3191
f 3191 1978 3932
f 2189 1978 1928
f 4328 3180 491
f 1927 2189 1928
f 2189 1927 4713
f 2189 4713 753
f 753 2188 2189
f 3183 4713 1927
f 3180 3936 1929
f 4334 2190 3936
f 2190 2191 2192
f 4713 3183 3182
f 3963 2186 2192
f 2185 751 2186
f 3182 753 4713
f 4374 752 751
f 2219 782 752
f 2219 2220 782
f 783 2188 753
f 1978 2189 2188
f 3932 1978 1044
f 1045 1014 3226
f 1044 2028 3932
f 492 3191 3932
f 446 492 3018
f 3017 2029 3196
f 4002 3018 2532
f 2531 2532 2337
f 560 3570 2337
f 559 2152 560
f 561 3017 599
f 598 2152 559
f 598 3007 1327
f 3007 1942 4260
f 1942 43 4260
f 3017 3196 599
f 3196 2029 1943
f 1942 2929 43
f 2929 2930 43
f 3284 1944 1943
f 3226 3004 3284
f 3116 3004 3688
f 3688 3117 3116
f 43 2930 44
f 43 9 4260
f 8 7 2540
f 9 1334 1333
f 1829 2612 1334
f 3658 1829 1828
f 3166 3165 1828
f 358 4276 3165
f 398 4285 358
f 398 3169 4277
f 1330 3655 3169
f 1239 1330 1329
f 1901 3790 1329
f 397 357 1902
f 359 1340 357
f 3160 1340 3130
f 667 666 1341
f 666 1962 1901
f 3923 3791 1962
f 3920 2297 3923
f 3682 1678 3920
f 3211 3785 3682
f 3219 3134 1961
f 126 2299 3211
f 2298 126 125
f 3810 125 1751
f 1842 3806 1751
f 1843 3125 160
f 3048 3806 1842
f 3046 3047 3048
f 3047 3046 3356
f 3356 3355 1409
f 3364 3127 3126
f 3126 4777 3364
f 4777 3734 3364
f 3734 4777 3056
f 4274 3056 4777
f 4777 3775 4274
f 4274 3054 3056
f 3054 3055 3056
f 2688 3056 3055
f 2688 3055 4279
f 4279 2687 2688
f 4279 2763 2687
f 2592 2687 2763
f 2592 2763 2593
f 2591 2592 2593
f 2591 2593 3054
f 2593 2763 3054
f 3055 2763 4279
f 1410 3056 2688
f 3054 2763 3055
f 3054 4274 2591
f 4274 1289 2591
f 4769 2591 1289
f 1250 4769 1289
f 1250 1289 1251
f 1249 1250 1251
f 4823 1249 1251
f 4823 1272 1249
f 1249 1272 1271
f 1271 1272 1273
f 1271 1273 2871
f 1273 1272 1780
f 1780 1272 2983
f 2983 1272 2982
f 2982 1272 4823
f 1250 1249 1271
f 1271 3062 1250
f 4297 1250 3062
f 4297 3062 1762
f 1762 3062 2872
f 4852 1250 4297
f 4297 1315 4852
f 4852 1315 4769
f 4297 789 1315
f 789 1314 1315
f 3062 1271 2872
f 4852 4769 1250
f 4769 1315 2591
f 1289 4274 3274
f 3355 3365 1409
f 3056 1410 3734
f 1409 1408 4343
f 1410 2688 2027
f 2484 1408 3344
f 2485 3344 1419
f 1418 2485 1419
f 1418 2434 3866
f 3707 1417 3352
f 3270 2435 2434
f 3270 3277 2435
f 979 3277 3276
f 981 3069 979
f 3267 3171 3069
f 3146 3267 991
f 3154 991 3152
f 4835 226 225
f 225 1461 4835
f 227 3152 3147
f 3152 1235 3154
f 3149 1235 1234
f 1868 4351 1234
f 3081 1868 3082
f 3082 1245 3997
f 286 285 1869
f 1245 3142 3996
f 3142 3377 4389
f 2806 1246 285
f 4389 3377 3376
f 3382 4476 3376
f 2806 285 226
f 226 4835 1460
f 3382 3913 4476
f 3913 1462 3992
f 4835 1461 1460
f 1462 2123 3011
f 2123 3088 3011
f 3011 3088 1214
f 3088 4860 1214
f 4802 1214 4860
f 4860 4783 4802
f 4802 4783 3502
f 4783 4860 1471
f 4860 3088 1471
f 2123 1471 3088
f 225 993 1461
f 993 992 1469
f 1471 2123 3374
f 1470 1469 992
f 1471 3906 4783
f 4784 4783 3906
f 4783 4784 3097
f 4783 3097 3447
f 4784 3098 3097
f 3070 3097 3098
f 3098 4784 3287
f 3287 3195 3098
f 2838 3195 3287
f 3195 2838 2839
f 2838 2389 2839
f 980 2994 1470
f 3906 3287 4784
f 3286 2838 3287
f 980 2993 2994
f 3286 2389 2838
f 3707 2993 3269
f 3352 1068 3707
f 2389 1067 2839
f 1067 4775 2839
f 2356 2839 4775
f 4775 1067 1066
f 1083 4775 1066
f 2998 4775 1083
f 1068 3352 2027
f 2687 2027 2688
f 1083 1066 3083
f 1082 2998 1083
f 2592 1084 2687
f 1315 2592 2591
f 1315 1314 3197
f 3197 1314 788
f 2997 2998 1082
f 2998 2356 4775
f 2356 1941 2839
f 1941 3195 2839
f 3098 3195 3070
f 3766 639 3897
f 3897 3250 3766
f 3070 639 3766
f 3097 3070 3447
f 1450 3446 2234
f 3447 3502 4783
f 4802 3502 1215
f 1451 1450 2234
f 1214 4802 1215
f 3011 1214 3012
f 3990 3012 3494
f 2275 1213 1451
f 3494 2274 4667
f 2274 2273 4667
f 1451 3453 2275
f 2273 3779 4363
f 3495 3453 1296
f 3779 3496 3899
f 3495 1296 1223
f 3496 3549 4455
f 900 1712 1223
f 2892 1712 900
f 2892 900 3733
f 1714 4455 3549
f 1714 1731 4016
f 1731 1730 4375
f 1712 2892 1713
f 2892 3021 2322
f 2890 2322 3021
f 3543 4375 1730
f 2324 4014 3543
f 2323 4644 2324
f 3887 4600 2323
f 2890 3798 2322
f 1308 3887 1309
f 1858 4599 1308
f 3876 3341 1858
f 3768 4013 3876
f 2877 2453 3768
f 1598 2876 1599
f 2454 2453 2877
f 881 2453 2454
f 880 4071 881
f 686 719 3536
f 3609 4071 880
f 3608 4535 3609
f 685 3881 3608
f 4495 685 3859
f 3859 3535 4077
f 686 3536 687
f 3534 4077 3535
f 3614 318 3536
f 317 318 319
f 3534 3797 4077
f 4612 3797 183
f 3389 181 317
f 181 343 182
f 183 3526 4612
f 3526 303 4609
f 303 304 305
f 304 143 433
f 182 142 141
f 1388 962 142
f 143 432 433
f 432 1054 4096
f 962 1053 1052
f 1054 1127 3762
f 1127 2377 2379
f 512 2378 2377
f 511 3755 512
f 2176 4572 511
f 3631 4572 2176
f 467 3631 2176
f 964 513 1053
f 468 964 867
f 3415 3631 467
f 3631 3637 4572
f 2375 2374 3637
f 2375 804 4749
f 3636 3630 802
f 803 2091 804
f 803 3546 2091
f 2416 3546 803
f 2091 3546 3545
f 308 804 2091
f 307 306 3556
f 308 2321 4569
f 3042 2321 2968
f 307 3556 2941
f 2941 3556 2942
f 2943 259 2941
f 261 3042 2968
f 3462 261 260
f 4500 3462 2066
f 1612 1611 3474
f 2242 2066 1613
f 2242 2608 2610
f 2608 1618 4768
f 4766 1618 1617
f 4764 1617 3841
f 3841 3838 2469
f 4390 3838 3519
f 3518 1616 2956
f 3519 3524 4390
f 3518 2956 1612
f 1612 3474 89
f 3834 4393 3524
f 2430 4393 3834
f 556 88 90
f 2290 89 3474
f 3473 3724 3474
f 3724 3463 3566
f 65 3567 63
f 4791 63 3567
f 3567 3831 4791
f 4791 3831 2931
f 2931 3831 523
f 2931 523 2932
f 63 2931 2932
f 63 2932 1531
f 2947 2932 523
f 3831 2559 523
f 524 523 2559
f 2559 2796 524
f 2558 2796 2559
f 3831 2334 2559
f 4791 2931 63
f 259 2943 3566
f 2941 2942 2943
f 2942 3556 417
f 3567 3573 3831
f 3556 418 417
f 419 2334 3831
f 2334 2558 2559
f 768 418 3547
f 2796 2558 379
f 2908 2499 2924
f 2498 2921 2499
f 3177 2920 2919
f 2924 2499 2921
f 2908 2924 2909
f 2909 2537 2904
f 2536 3228 868
f 2902 2904 2537
f 2796 2902 524
f 523 524 525
f 1768 868 1545
f 868 3228 869
f 870 3288 1546
f 3285 1775 1774
f 1774 1775 1776
f 1774 1776 2650
f 1553 1774 2650
f 1106 1520 3288
f 3285 1774 1553
f 1553 2649 1554
f 1128 3288 1520
f 1128 1018 1544
f 1544 1018 525
f 2947 523 525
f 2932 2947 1531
f 3198 1530 1017
f 1531 64 63
f 556 64 557
f 2857 1530 2369
f 556 557 558
f 558 3114 556
f 2428 2862 2382
f 3114 558 2858
f 88 556 3114
f 3834 88 2430
f 2429 2428 4770
f 2429 4770 3103
f 3426 3103 4770
f 4770 2428 3426
f 4393 2430 3111
f 4387 3111 3807
f 3112 2429 3103
f 3807 3104 2886
f 3818 2886 2885
f 2219 2885 2220
f 2893 782 2220
f 782 2893 2614
f 782 2614 2480
f 2478 2344 2479
f 2970 2479 2352
f 2480 1013 1012
f 3290 1013 2972
f 3290 2972 2971
f 3158 2912 2971
f 2911 3688 2912
f 2525 3688 2911
f 2523 2604 2524
f 2525 3117 3688
f 3117 2540 7
f 2540 3109 8
f 3109 3210 1830
f 2603 2524 2604
f 2866 3113 3210
f 2523 2867 2604
f 2865 3113 2866
f 2870 1340 2865
f 1340 2870 3130
f 3129 3160 3130
f 668 3129 2441
f 2441 3121 703
f 3121 3218 703
f 3218 3135 3134
f 161 124 3135
f 160 161 2976
f 3359 2624 3353
f 160 2976 1843
f 2625 2624 2863
f 2973 1844 1843
f 2973 2974 1844
f 3126 3128 2974
f 3126 3775 4777
f 4274 3775 3274
f 3274 1251 1289
f 1251 3774 4823
f 4823 3774 3263
f 2977 3273 2978
f 3774 2564 3263
f 3263 2982 4823
f 2982 2946 2983
f 2946 497 2983
f 2945 498 2946
f 498 2945 2451
f 498 2451 2450
f 2635 2461 2636
f 2565 2462 2461
f 2463 2959 3319
f 2864 2462 2977
f 2863 2864 2625
f 3319 2959 2958
f 3138 2863 2624
f 3319 2958 2881
f 3138 2624 3359
f 3122 3379 3359
f 3786 3375 3379
f 2934 3375 3786
f 2881 3380 2882
f 2596 2882 2985
f 2452 2596 2985
f 2450 2451 2452
f 498 2450 1782
f 498 497 2946
f 585 499 3311
f 1780 2983 497
f 1273 1780 584
f 1273 584 2871
f 1271 2871 2872
f 1762 2872 2800
f 4297 1762 789
f 788 1314 789
f 788 3255 3197
f 3255 3206 3197
f 617 3206 3749
f 3256 2883 3249
f 617 3749 618
f 618 640 619
f 2548 641 640
f 3309 641 2548
f 2548 3247 3309
f 3249 2883 2549
f 2883 469 1760
f 1760 471 2935
f 3299 2935 471
f 3247 2936 3746
f 3309 3247 3746
f 3308 3307 2951
f 3745 3308 2580
f 641 3309 3251
f 2232 3251 2950
f 2489 2488 2950
f 2580 2579 3745
f 2488 2489 2490
f 2896 1150 2490
f 2896 2895 1150
f 2951 2580 3308
f 2951 3307 2734
f 2896 2952 2894
f 389 3028 3027
f 2894 2895 2896
f 2895 2043 1150
f 2043 3742 2044
f 3742 3038 2044
f 3448 2724 3742
f 3038 3742 2724
f 3037 2044 3038
f 3037 899 1994
f 3442 2745 3039
f 3733 900 899
f 3021 2892 3733
f 2888 2890 3021
f 2888 2746 2889
f 2745 3442 2692
f 2690 2691 2692
f 3471 1307 2746
f 2690 3445 2691
f 3471 1598 1600
f 952 879 1598
f 3387 953 952
f 1394 3387 362
f 3430 362 361
f 2472 363 3445
f 399 3430 361
f 3544 400 2472
f 367 583 399
f 1567 583 367
f 2722 3544 2472
f 389 2722 3028
f 368 391 369
f 390 389 3297
f 3297 2733 390
f 231 369 391
f 230 369 231
f 2714 3084 2992
f 1566 369 230
f 1566 1567 367
f 1567 581 583
f 3595 581 3086
f 2988 2713 2714
f 276 277 2988
f 3086 3596 3595
f 582 3596 2207
f 2207 628 627
f 277 3036 3031
f 628 2918 629
f 2916 2917 2918
f 865 2916 866
f 2737 468 866
f 3461 2735 3036
f 2737 2736 466
f 3461 3464 2735
f 3630 2736 3482
f 3700 3464 2836
f 2835 3479 3700
f 2835 4810 3479
f 3482 802 3630
f 2542 2543 802
f 4810 3696 3479
f 4810 4450 3696
f 3221 4450 4810
f 4450 3221 2928
f 2928 2927 4450
f 2995 4450 2927
f 2926 2927 2928
f 3220 2926 2928
f 2926 4561 2927
f 4561 2963 2927
f 2927 2963 2965
f 4561 4790 2963
f 2963 4790 2964
f 4790 4565 2964
f 2056 2964 4565
f 2057 2056 4565
f 4565 4851 2057
f 2301 4851 4565
f 101 2301 4565
f 4564 101 4565
f 4846 101 4564
f 4744 4846 4564
f 4744 4564 4790
f 4560 4744 4790
f 2775 4744 4560
f 2775 4560 4561
f 4846 4744 4848
f 4848 4847 4846
f 4847 102 4846
f 2777 102 4847
f 102 2777 4853
f 4853 55 102
f 54 102 55
f 53 54 55
f 55 2695 53
f 53 2695 4505
f 2829 53 4505
f 2846 2829 4505
f 2695 4738 4505
f 4505 4738 3100
f 2695 3623 4738
f 3091 54 53
f 3091 2301 54
f 54 101 102
f 55 4853 2695
f 4847 4848 2778
f 2774 4848 4744
f 4846 102 101
f 2301 101 54
f 2301 3611 4851
f 2056 2057 2058
f 2676 2056 2058
f 4565 4790 4564
f 4790 4561 4560
f 2926 3217 4561
f 3217 4724 4561
f 3216 4561 4724
f 4450 2995 3696
f 2542 2966 2543
f 2927 2965 2995
f 2966 769 2967
f 2963 2964 2965
f 2964 2056 2676
f 770 769 3404
f 768 770 242
f 242 243 244
f 2677 2676 2058
f 3189 2903 243
f 3399 3184 3189
f 3184 329 2500
f 3400 2058 2057
f 4851 3611 2057
f 2301 3091 3611
f 2829 3091 53
f 2829 2846 2830
f 328 329 330
f 2500 329 3176
f 3092 2830 3093
f 3635 3093 2830
f 3176 3094 2328
f 2327 2328 2329
f 2327 2329 3058
f 3058 2771 2920
f 2925 2920 2771
f 3228 2925 869
f 3525 1107 869
f 3525 1108 1107
f 1775 1108 3003
f 1776 1775 3003
f 2650 1776 3009
f 2650 3009 2984
f 3002 3059 3008
f 3009 3071 3449
f 3008 2769 2799
f 3071 2699 3449
f 2700 2799 3537
f 456 455 3414
f 454 455 456
f 3414 3074 4574
f 3414 4574 3472
f 3073 2700 3537
f 3538 3411 3073
f 3074 2367 4574
f 2569 4574 2367
f 2367 4368 2569
f 527 2569 4368
f 4368 528 527
f 526 527 528
f 528 4368 3674
f 2944 2569 527
f 4368 2367 2366
f 3093 3635 3411
f 2365 2366 2367
f 3674 4368 2366
f 3629 528 3674
f 528 3629 4527
f 3483 528 4527
f 3488 4527 3629
f 4527 3488 3484
f 2830 3099 3635
f 2848 2632 3629
f 2830 2846 3099
f 2847 2846 4505
f 4505 3100 2847
f 3102 3101 675
f 676 675 3101
f 676 3101 3664
f 676 3664 4849
f 2627 676 4849
f 675 676 677
f 3100 4738 3623
f 3669 3551 3101
f 3551 3664 3101
f 3664 1316 4849
f 998 4849 1316
f 729 998 1316
f 2407 998 729
f 2406 2407 729
f 728 2406 729
f 728 729 730
f 3659 728 730
f 730 729 1266
f 730 1266 2617
f 3469 2406 728
f 2406 996 2407
f 2406 4710 996
f 4710 3527 996
f 996 3527 997
f 996 997 998
f 2406 4833 4710
f 4710 4833 4711
f 3528 4710 4711
f 4833 4834 4711
f 4834 4362 4711
f 4711 4362 2914
f 2914 4362 4361
f 2162 4361 4362
f 1363 4361 2162
f 2161 1363 2162
f 2161 2162 2163
f 3456 2161 2163
f 3456 2163 1184
f 1184 2163 4841
f 2163 2162 4841
f 2162 4834 4841
f 2161 1361 1363
f 1361 1362 1363
f 2519 1363 1362
f 4840 2519 1362
f 1362 4466 4840
f 4842 4840 4466
f 4456 4842 4466
f 4466 4467 4456
f 4467 4457 4456
f 4456 4457 4196
f 4456 4196 1167
f 4456 1167 2170
f 2170 4873 4456
f 1167 4196 4585
f 1167 4585 1168
f 1166 1167 1168
f 1168 4585 4854
f 1168 4854 4581
f 1168 4581 4580
f 2168 1168 4580
f 4580 4581 4397
f 2169 4580 4397
f 4581 947 4397
f 4397 947 2222
f 2202 4397 2222
f 2202 2222 2221
f 2221 2222 2223
f 2211 2221 2223
f 2211 2223 4832
f 4832 2223 2346
f 2346 830 4832
f 2199 4832 830
f 830 829 2199
f 829 830 831
f 831 4340 829
f 4340 4831 829
f 829 4831 2200
f 4347 2200 4831
f 4347 4831 4339
f 3603 4347 4339
f 4339 4831 4340
f 4339 4340 4341
f 3612 4339 4341
f 4341 4789 3612
f 4789 4341 4788
f 4788 1349 4789
f 1349 1348 4789
f 1348 1349 1350
f 1350 1349 4726
f 4725 1350 4726
f 2247 4725 4726
f 4446 2247 4726
f 4446 4726 4788
f 4446 4788 4146
f 4446 4146 4447
f 4433 4446 4447
f 4433 4447 2248
f 2248 2247 4433
f 2247 2248 2249
f 2249 4839 2247
f 1609 4839 2249
f 1609 2249 1029
f 1029 2884 1609
f 1609 2884 4640
f 4640 1610 1609
f 1608 1609 1610
f 1610 4532 1608
f 2534 1608 4532
f 4532 2901 2534
f 2900 2534 2901
f 2900 2901 4531
f 3622 2900 4531
f 4531 4533 3622
f 4531 4532 4533
f 4533 4532 4286
f 1474 4533 4286
f 4286 4078 1474
f 4078 4843 1474
f 1474 4843 1472
f 1472 1473 1474
f 1473 1472 1375
f 1375 4735 1473
f 1473 4735 4486
f 3624 1473 4486
f 1473 3624 4533
f 4486 4735 4310
f 4486 4310 4487
f 3557 4486 4487
f 3557 4487 2284
f 3557 2284 2283
f 2283 2284 2285
f 2283 2285 4844
f 4844 3064 2283
f 3066 2283 3064
f 4870 4844 2285
f 2285 1182 4870
f 1181 4870 1182
f 1180 1181 1182
f 1182 4698 1180
f 4698 4824 1180
f 1180 4824 4408
f 4824 2116 4408
f 2116 4421 4408
f 4408 4421 4052
f 4408 4052 4409
f 4407 4408 4409
f 4407 4409 848
f 4407 848 4268
f 4875 4407 4268
f 4875 4268 3647
f 4267 3647 4268
f 4268 4457 4267
f 3647 4267 4264
f 4466 4264 4267
f 4264 4466 4679
f 4679 1361 4264
f 3521 4264 1361
f 4862 4407 4875
f 4862 4875 4820
f 3051 4862 4820
f 3051 4820 3517
f 4820 4875 3517
f 4268 848 4457
f 848 847 4457
f 847 848 849
f 849 4195 847
f 847 4195 4196
f 849 4815 4195
f 4195 4815 4585
f 4585 4815 4668
f 4585 4668 4193
f 4668 4194 4193
f 4193 4194 945
f 947 4193 945
f 945 946 947
f 946 945 4816
f 4816 2004 946
f 2223 946 2004
f 2004 4816 172
f 2004 172 2005
f 2346 2004 2005
f 2346 2005 2347
f 2347 4148 2346
f 4148 2347 4799
f 4798 4148 4799
f 4798 4799 4298
f 4147 4798 4298
f 4298 4145 4147
f 4145 4146 4147
f 4145 3078 4146
f 3078 4145 1919
f 1919 3079 3078
f 3078 3079 3080
f 2248 3078 3080
f 2248 3080 1027
f 1029 2248 1027
f 1027 1028 1029
f 1028 4241 1029
f 4240 4241 1028
f 4801 4240 1028
f 4800 4240 4801
f 4234 4800 4801
f 4801 4675 4234
f 4675 1123 4234
f 4234 1123 4235
f 1122 4235 1123
f 1121 1122 1123
f 1123 1921 1121
f 1121 1921 410
f 1121 410 2034
f 1121 2034 2033
f 2033 2034 2035
f 2033 2035 4137
f 4333 2033 4137
f 4137 4332 4333
f 4333 4332 4825
f 4826 4333 4825
f 4703 4826 4825
f 4825 1518 4703
f 4330 4703 1518
f 1518 4329 4330
f 4330 4329 4865
f 4330 4865 4828
f 4828 4865 4829
f 4827 4828 4829
f 4827 4829 4128
f 4128 1198 4827
f 1197 4827 1198
f 1196 1197 1198
f 1198 1951 1196
f 1196 1951 1980
f 1196 1980 4822
f 4822 4287 1196
f 4629 1196 4287
f 4628 4629 4287
f 4286 4628 4287
f 1290 4286 4287
f 1291 1290 4287
f 1290 1291 819
f 1290 819 4078
f 4065 819 1291
f 1291 1982 4065
f 4065 1982 820
f 2072 820 1982
f 1982 1981 2072
f 2072 1981 4215
f 2072 4215 4216
f 2072 4216 4112
f 4216 4811 4112
f 4112 4811 4659
f 820 4112 4659
f 820 4659 4213
f 821 820 4213
f 821 4213 4658
f 4658 1472 821
f 1472 4658 4819
f 4658 4169 4819
f 4819 4169 4662
f 4662 1376 4819
f 1376 1375 4819
f 1375 1376 1377
f 1377 4311 1375
f 4311 1377 1440
f 1440 4697 4311
f 4309 4311 4697
f 2284 4309 4697
f 4697 4698 2284
f 4697 1439 4698
f 4309 4310 4311
f 1439 4697 1440
f 1439 1440 1377
f 1377 4663 1439
f 4663 2115 1439
f 1439 2115 2114
f 1439 2114 4824
f 2114 2115 2116
f 2116 2115 114
f 114 2115 1985
f 1985 115 114
f 113 114 115
f 115 1970 113
f 113 1970 1969
f 113 1969 4619
f 4619 1855 113
f 113 1855 1854
f 1854 4052 113
f 4051 4052 1854
f 4051 1854 1853
f 4051 1853 4815
f 4051 849 4052
f 1853 1854 1855
f 1853 1855 4809
f 4809 4194 1853
f 173 4809 1855
f 4809 173 4816
f 173 1855 4619
f 171 173 4619
f 171 172 173
f 172 171 4652
f 172 4652 4813
f 4160 4813 4652
f 4160 4652 4674
f 4674 4113 4160
f 4160 4113 4152
f 2347 4160 4152
f 4152 4153 2347
f 4391 4153 4152
f 4300 4153 4391
f 4391 2719 4300
f 4300 2719 344
f 346 4300 344
f 344 345 346
f 4399 346 345
f 345 1947 4399
f 1947 1946 4399
f 4299 4399 1946
f 4298 4299 1946
f 4298 1946 4097
f 4097 1946 1948
f 4097 1948 1919
f 1919 1948 4086
f 1919 4086 1920
f 1919 1920 1921
f 411 1920 4086
f 4086 650 411
f 650 649 411
f 411 649 4371
f 411 4371 4370
f 4370 412 411
f 410 411 412
f 412 4370 4384
f 4384 4040 412
f 2034 412 4040
f 4040 4384 4620
f 4040 4620 4028
f 2035 4040 4028
f 4027 2035 4028
f 4027 4028 197
f 4027 197 4057
f 4138 4027 4057
f 4138 4057 543
f 4138 543 4332
f 545 4332 543
f 543 544 545
f 1519 545 544
f 1519 544 4648
f 1519 4648 4649
f 1519 4649 4329
f 4329 4649 4139
f 4329 4139 4795
f 4795 4139 4128
f 4128 4139 4140
f 4140 1952 4128
f 4128 1952 1951
f 1950 1951 1952
f 1952 4796 1950
f 3013 1950 4796
f 4796 3014 3013
f 616 3013 3014
f 3014 4856 616
f 4856 614 616
f 614 615 616
f 616 615 1911
f 616 1911 3025
f 616 3025 3026
f 3025 743 3026
f 4231 3026 743
f 435 4231 743
f 435 743 4224
f 4224 4225 435
f 1980 435 4225
f 1980 4225 1981
f 4225 4224 1981
f 742 1981 4224
f 743 742 4224
f 741 742 743
f 742 741 4661
f 742 4661 4216
f 4661 741 4638
f 4638 4811 4661
f 4811 4638 4637
f 4637 4172 4811
f 4172 4637 1987
f 1987 4169 4172
f 4659 4172 4169
f 4169 1987 1986
f 1985 1986 1987
f 1987 4694 1985
f 1985 4694 4171
f 4694 4095 4171
f 797 4171 4095
f 797 4095 1887
f 797 1887 798
f 796 797 798
f 796 798 2719
f 2719 4674 796
f 1971 796 4674
f 1970 796 1971
f 2719 4114 4674
f 2719 4113 4114
f 796 1970 797
f 1887 4108 798
f 344 798 4108
f 4108 4747 344
f 4108 4864 4747
f 4864 650 4747
f 4747 650 2707
f 4747 2707 345
f 4864 648 650
f 4864 1886 648
f 648 1886 4554
f 4554 4555 648
f 4555 4746 648
f 648 4746 4369
f 649 648 4369
f 4369 4746 4650
f 4369 4650 4384
f 4746 4158 4650
f 1848 4650 4158
f 4158 2289 1848
f 1849 1848 2289
f 2289 4591 1849
f 1849 4591 4739
f 4058 1849 4739
f 4058 4739 4583
f 2102 4058 4583
f 4583 1835 2102
f 1835 1834 2102
f 2306 2102 1834
f 2306 1834 2307
f 1420 2306 2307
f 1421 1420 2307
f 1421 2307 4751
f 1685 1421 4751
f 4751 1686 1685
f 1199 1685 1686
f 1199 1686 1200
f 1199 1200 1201
f 1201 4290 1199
f 4306 1199 4290
f 4767 4306 4290
f 4767 4290 4288
f 4441 4767 4288
f 4288 4289 4441
f 4140 4441 4289
f 4288 2606 4289
f 2611 4289 2606
f 2319 2611 2606
f 2605 2319 2606
f 2605 2606 4290
f 2320 2319 2605
f 2320 2605 1201
f 1254 2319 2320
f 1252 1254 2320
f 2084 1252 2320
f 2084 2320 2122
f 2084 2122 4631
f 4631 4537 2084
f 2085 2084 4537
f 2155 2085 4537
f 2333 2085 2155
f 2333 2155 2331
f 2331 2332 2333
f 4076 2333 2332
f 1744 4076 2332
f 1744 2332 4280
f 1744 4280 1742
f 1742 1743 1744
f 1743 4689 1744
f 4690 4689 1743
f 4690 1743 2059
f 2059 457 4690
f 4855 4690 457
f 4602 4855 457
f 4602 457 4601
f 4601 2492 4602
f 4602 2492 4754
f 2492 4089 4754
f 4754 4089 4688
f 4754 4688 4855
f 4089 4689 4688
f 4089 2349 4689
f 4689 2349 2348
f 4689 2348 4076
f 2348 2349 2085
f 2349 2083 2085
f 2349 4380 2083
f 4380 2084 2083
f 4088 4380 2349
f 4088 4317 4380
f 4380 4317 4381
f 4381 1252 4380
f 1252 4381 1253
f 2380 1253 4381
f 2380 2381 1253
f 2381 4716 1253
f 4716 1770 1253
f 1253 1770 1769
f 1769 1254 1253
f 1769 1770 1771
f 1769 1771 2319
f 1770 2278 1771
f 1771 2278 4742
f 1771 4742 2611
f 4515 2611 4742
f 4817 4515 4742
f 4515 4817 1089
f 4515 1089 2396
f 4515 2396 4705
f 4705 2396 4850
f 4673 4705 4850
f 4673 4850 4796
f 4289 4673 4796
f 4796 4850 2397
f 2611 4705 4673
f 4850 2396 2397
f 2396 1091 2397
f 1091 614 2397
f 1091 4039 614
f 4039 1091 4721
f 4721 4670 4039
f 1910 4039 4670
f 4670 2414 1910
f 4591 1910 2414
f 2041 4591 2414
f 2042 2041 2414
f 2414 2415 2042
f 2042 2415 4228
f 4228 1800 2042
f 2042 1800 2025
f 1802 2025 1800
f 1800 1801 1802
f 1802 1801 4781
f 2026 1802 4781
f 2026 4781 2144
f 1514 2026 2144
f 1514 2144 2808
f 2808 2812 1514
f 4359 1514 2812
f 2812 4578 4359
f 4396 4359 4578
f 4396 4578 4728
f 4396 4728 2193
f 2193 2194 4396
f 1515 4396 2194
f 2194 1513 1515
f 1513 1514 1515
f 1514 1513 1836
f 2307 1836 1513
f 4750 1513 2194
f 2153 4750 2194
f 4869 4750 2153
f 2155 4869 2153
f 2153 2154 2155
f 2154 2153 4465
f 2331 2154 4465
f 2331 4465 2060
f 2060 4280 2331
f 2060 4465 4729
f 2060 4729 457
f 4729 4728 457
f 4728 4729 4465
f 4465 2153 2193
f 2155 4631 4869
f 4631 1686 4869
f 4869 1686 4750
f 1513 4750 4751
f 2193 2153 2194
f 4465 2193 4728
f 4728 4578 457
f 1515 4359 4396
f 4578 2812 457
f 2812 2811 457
f 2811 4132 457
f 457 4132 4134
f 457 4134 4719
f 457 4719 1991
f 457 1991 1568
f 457 1568 1569
f 457 1569 4573
f 458 457 4573
f 458 4573 4830
f 914 458 4830
f 2213 914 4830
f 2214 2213 4830
f 2213 2214 2215
f 2213 2215 2277
f 4707 2213 2277
f 4737 4707 2277
f 4737 2277 4708
f 4708 1770 4737
f 2278 4708 2277
f 4707 4737 4444
f 4444 4706 4707
f 914 4707 4706
f 4706 913 914
f 913 4706 213
f 913 213 212
f 913 212 458
f 211 212 213
f 213 4443 211
f 4442 211 4443
f 4442 4443 4444
f 4731 4442 4444
f 1667 4442 4731
f 1668 1667 4731
f 1668 4731 4067
f 4066 1668 4067
f 4066 4067 1626
f 1626 1625 4066
f 1625 1626 1627
f 1627 2266 1625
f 2266 1666 1625
f 1668 1625 1666
f 2266 457 1666
f 1666 457 1667
f 2266 2244 457
f 2244 2245 457
f 2244 4539 2245
f 2492 2245 4539
f 4539 2265 2492
f 2265 2491 2492
f 2492 2491 4087
f 2491 4088 4087
f 4087 4088 4089
f 2265 4743 2491
f 4743 4317 2491
f 4317 4743 1626
f 4317 1626 2381
f 2266 4743 2265
f 4539 2244 2265
f 2265 2244 2266
f 2266 1627 4743
f 1627 1626 4743
f 2381 1626 4067
f 4067 4732 2381
f 4732 4736 2381
f 4732 4731 4736
f 4737 4736 4731
f 4736 4737 4716
f 1625 1668 4066
f 4067 4731 4732
f 1666 1667 1668
f 4442 1667 457
f 457 211 4442
f 211 457 212
f 4443 213 4706
f 4444 4443 4706
f 4731 4444 4737
f 2277 2215 2278
f 2278 2215 4420
f 2278 4420 4817
f 4720 4817 4420
f 4420 2010 4720
f 4720 2010 2012
f 4720 2012 4669
f 4720 4669 4721
f 1090 4720 4721
f 2012 4814 4669
f 4582 4669 4814
f 4814 4861 4582
f 4582 4861 4684
f 4582 4684 4252
f 4252 2415 4582
f 4253 4252 4684
f 4719 4253 4684
f 4719 4684 1992
f 4252 4253 4228
f 4229 4228 4253
f 4253 4133 4229
f 4133 4132 4229
f 4229 4132 1801
f 2807 1801 4132
f 4133 4253 4134
f 4861 1992 4684
f 4861 1993 1992
f 1991 1992 1993
f 4814 1993 4861
f 4669 4582 4670
f 2012 1993 4814
f 2011 1993 2012
f 2011 1568 1993
f 4189 1568 2011
f 2010 4189 2011
f 4573 4189 2010
f 2010 2214 4573
f 2010 2011 2012
f 4817 4720 1090
f 2215 2010 4420
f 2214 2010 2215
f 4707 914 2213
f 913 458 914
f 4830 4573 2214
f 457 458 212
f 1569 4189 4573
f 1569 1568 4189
f 1568 1991 1993
f 1992 1991 4719
f 4719 4134 4253
f 4132 4133 4134
f 2811 2807 4132
f 2808 2807 2811
f 1515 1514 4359
f 2811 2812 2808
f 2144 2807 2808
f 1836 2026 1514
f 1836 1835 2026
f 1835 2024 2026
f 2024 2025 2026
f 2025 2024 4583
f 2041 2025 4583
f 2144 4781 2807
f 4781 1801 2807
f 4229 1801 1800
f 2026 2025 1802
f 4228 4229 1800
f 4228 2415 4252
f 2414 4582 2415
f 2025 2041 2042
f 4670 4582 2414
f 4039 1910 615
f 4721 4669 4670
f 4721 1091 1090
f 1089 1090 1091
f 2396 1089 1091
f 4817 1090 1089
f 2611 4515 4705
f 2278 4817 4742
f 2278 1770 4708
f 4716 4737 1770
f 2381 4736 4716
f 2381 2380 4317
f 4381 4317 2380
f 2491 4317 4088
f 4089 4088 2349
f 2492 4087 4089
f 2245 2492 4601
f 4601 457 2245
f 4855 4602 4754
f 4690 4855 4688
f 2059 2060 457
f 2059 1742 2060
f 4688 4689 4690
f 2059 1743 1742
f 2060 1742 4280
f 1744 4689 4076
f 2348 2333 4076
f 2332 2331 4280
f 2155 2154 2331
f 2333 2348 2085
f 2083 2084 2085
f 4537 4631 2155
f 2122 1686 4631
f 1200 2122 2320
f 4380 1252 2084
f 1252 1253 1254
f 1254 1769 2319
f 2319 1771 2611
f 4673 4289 2611
f 4818 4767 4441
f 4139 4818 4441
f 4818 4204 4767
f 4204 4206 4767
f 4204 4205 4206
f 4205 1422 4206
f 4206 1422 1421
f 4205 4700 1422
f 1422 4700 2306
f 4700 2100 2306
f 4700 4812 2100
f 2101 2100 4812
f 2101 4812 543
f 2100 2101 2102
f 4648 4812 4700
f 4648 4700 4205
f 4648 4205 4204
f 4649 4204 4818
f 4290 2606 4288
f 4206 4306 4767
f 4306 4206 1685
f 1201 2605 4290
f 2320 1201 1200
f 2122 1200 1686
f 1685 1199 4306
f 1686 4751 4750
f 4206 1421 1685
f 2307 1513 4751
f 1420 1421 1422
f 2306 1420 1422
f 2307 1834 1836
f 2102 2306 2100
f 1834 1835 1836
f 1835 4583 2024
f 2101 4058 2102
f 2101 4057 4058
f 4058 4057 199
f 199 1847 4058
f 1847 199 198
f 4617 1847 198
f 198 4620 4617
f 1848 4617 4620
f 1848 1847 4617
f 197 198 199
f 4583 4739 2041
f 1847 1849 4058
f 4739 4591 2041
f 2289 1910 4591
f 1911 1910 2289
f 4159 1911 2289
f 1847 1848 1849
f 4158 4159 2289
f 4859 4159 4158
f 4859 4653 4159
f 3025 4159 4653
f 4653 741 3025
f 4555 741 4653
f 4555 4653 4859
f 4620 4650 1848
f 4158 4746 4859
f 4746 4555 4859
f 741 4555 4554
f 4554 1886 1888
f 4554 1888 4638
f 1886 1887 1888
f 4864 4108 1886
f 1887 1886 4108
f 4095 1888 1887
f 1970 4171 797
f 4095 4694 1888
f 4637 1888 4694
f 4637 4694 1987
f 4637 4638 1888
f 741 4554 4638
f 434 4231 435
f 434 435 436
f 3013 434 436
f 1951 436 435
f 434 3013 4231
f 4231 3013 3026
f 743 3025 741
f 1911 4159 3025
f 615 1910 1911
f 614 4039 615
f 2397 614 4856
f 2397 4856 3014
f 3026 3013 616
f 4796 2397 3014
f 1950 3013 436
f 4796 1952 4289
f 1951 1950 436
f 4140 4289 1952
f 4441 4140 4139
f 4818 4139 4649
f 4649 4648 4204
f 4812 4648 544
f 1518 545 1519
f 544 543 4812
f 543 4057 2101
f 4137 4027 4138
f 197 199 4057
f 197 4028 198
f 4028 4620 198
f 4384 4650 4620
f 4370 4369 4384
f 4369 4370 4371
f 4371 649 4369
f 648 649 650
f 650 4086 2707
f 411 410 1920
f 4086 1948 2707
f 1948 1947 2707
f 4299 4153 4399
f 4799 4153 4299
f 1946 1947 1948
f 2707 1947 345
f 344 4747 345
f 4399 4300 346
f 2719 798 344
f 4113 2719 4391
f 4153 4300 4399
f 4391 4152 4113
f 4674 4114 4113
f 4674 4652 1971
f 4813 4160 2347
f 171 1971 4652
f 171 1969 1971
f 4619 1969 171
f 1969 1970 1971
f 115 4171 1970
f 113 4421 114
f 1985 4171 115
f 1986 1985 2115
f 4663 1986 2115
f 1986 4663 4662
f 1377 1376 4663
f 1376 4662 4663
f 1986 4662 4169
f 4658 4659 4169
f 819 820 821
f 4843 819 821
f 4213 4659 4658
f 4811 4172 4659
f 4216 4661 4811
f 4215 742 4216
f 1981 742 4215
f 1980 1981 1982
f 820 2072 4112
f 4822 1982 1291
f 819 4065 820
f 4643 4628 4286
f 4286 4642 4643
f 4642 4640 4643
f 4641 4643 4640
f 4640 4241 4641
f 4241 4857 4641
f 4857 4858 4641
f 4628 4641 4858
f 4890 4858 4857
f 4857 4891 4890
f 4891 4892 4890
f 4895 4890 4892
f 4895 4892 4896
f 4896 4883 4895
f 4883 4898 4895
f 4895 4898 4876
f 1197 4876 4898
f 4629 4876 1197
f 4899 4876 4629
f 4629 4858 4899
f 4899 4890 4876
f 4885 4898 4883
f 4883 4884 4885
f 4900 4885 4884
f 4884 4901 4900
f 4900 4901 4826
f 4884 4902 4901
f 4902 4903 4901
f 4901 4903 4333
f 4902 4904 4903
f 4903 4904 2033
f 4235 2033 4904
f 4907 4235 4904
f 4800 4235 4907
f 4908 4800 4907
f 4911 4908 4907
f 4911 4907 4884
f 4884 4914 4911
f 4892 4911 4914
f 4891 4908 4911
f 4908 4891 4915
f 4915 4916 4908
f 4240 4916 4915
f 4908 4916 4800
f 4907 4904 4902
f 4907 4902 4884
f 4703 4885 4900
f 4885 4703 4828
f 4883 4914 4884
f 4898 4885 4828
f 4896 4914 4883
f 4914 4896 4892
f 4895 4876 4890
f 4911 4892 4891
f 4915 4891 4857
f 4858 4890 4899
f 4241 4915 4857
f 4641 4628 4643
f 4858 4629 4628
f 4287 4822 1291
f 1982 4822 1980
f 1951 435 1980
f 4629 1197 1196
f 4898 4827 1197
f 4128 1951 1198
f 4829 4795 4128
f 4898 4828 4827
f 4829 4865 4795
f 4865 4329 4795
f 1519 4329 1518
f 4330 4828 4703
f 1518 4825 545
f 4900 4826 4703
f 4333 4826 4901
f 4825 4332 545
f 4332 4137 4138
f 4903 2033 4333
f 4137 2035 4027
f 2034 4040 2035
f 410 412 2034
f 1921 1920 410
f 1921 1123 3079
f 2033 1122 1121
f 4235 1122 2033
f 4675 3079 1123
f 4801 1027 4675
f 4800 4234 4235
f 4800 4916 4240
f 4915 4241 4240
f 1027 4801 1028
f 1027 3080 4675
f 3080 3079 4675
f 3079 1919 1921
f 4145 4097 1919
f 4145 4298 4097
f 4921 4798 4147
f 4147 4788 4921
f 4798 4921 831
f 4799 4299 4298
f 831 4148 4798
f 4799 2347 4153
f 2347 2005 4813
f 2005 172 4813
f 4816 173 172
f 4816 945 4809
f 4193 947 4854
f 4809 945 4194
f 4668 1853 4194
f 4815 1853 4668
f 4815 849 4051
f 4409 849 848
f 4862 4408 4407
f 1181 4408 4862
f 4862 3642 1181
f 4409 4052 849
f 4421 113 4052
f 2116 114 4421
f 4824 2114 2116
f 4698 1439 4824
f 4698 1182 2284
f 1180 4408 1181
f 4870 1181 3642
f 4870 4926 4844
f 4926 3640 4844
f 3571 4926 4870
f 1182 2285 2284
f 4487 4309 2284
f 4487 4310 4309
f 4311 4310 4735
f 4311 4735 1375
f 1472 4819 1375
f 4843 821 1472
f 4078 819 4843
f 4078 4286 1290
f 4533 1474 1473
f 4532 4642 4286
f 2901 4532 4531
f 2534 1350 1608
f 4642 4532 1610
f 1610 4640 4642
f 2884 4241 4640
f 1029 4241 2884
f 4839 1609 1608
f 4725 4839 1608
f 2248 1029 2249
f 2248 4447 3078
f 4447 4146 3078
f 4788 4147 4146
f 4433 2247 4446
f 4839 4725 2247
f 1608 1350 4725
f 4788 4726 1349
f 4921 4788 4341
f 4340 4921 4341
f 831 4921 4340
f 831 830 4148
f 830 2346 4148
f 2004 2346 2223
f 2222 946 2223
f 3586 4397 2202
f 947 946 2222
f 947 4581 4854
f 4585 4193 4854
f 4195 4585 4196
f 4457 847 4196
f 4467 4267 4457
f 4466 4267 4467
f 4842 4456 4873
f 4840 4842 4873
f 4873 2520 4840
f 2520 4873 3579
f 4679 4466 1362
f 1362 1361 4679
f 3521 1361 2161
f 1363 2519 4361
f 4362 4834 2162
f 4834 4833 4841
f 1227 4841 4833
f 3653 4833 2406
f 2407 996 998
f 998 997 4849
f 997 2628 4849
f 1264 2615 3550
f 1264 3550 3199
f 1316 1266 729
f 1265 1264 3199
f 2617 1266 1342
f 3659 730 2617
f 3469 728 3659
f 2406 3469 3653
f 1227 4833 3653
f 4935 1185 2597
f 4935 2597 2855
f 4841 1227 1184
f 1185 4935 1211
f 2854 1211 4935
f 3159 1211 2854
f 3456 1184 1183
f 2600 4936 3648
f 4936 3522 3648
f 4936 3049 3522
f 3456 3521 2161
f 4264 3521 3647
f 3517 4875 3647
f 3523 3522 3049
f 3517 2760 3051
f 2761 3049 4936
f 3516 2761 4936
f 3516 4936 3153
f 3515 4939 3050
f 3515 2065 4939
f 1119 4939 2065
f 2759 3051 2760
f 3642 4862 3051
f 3571 4870 3642
f 3640 4926 3571
f 4844 3640 3064
f 3063 3066 3064
f 3065 1824 2906
f 3066 3557 2283
f 4486 3557 3624
f 3625 2905 2503
f 2502 3625 2503
f 3622 4533 3624
f 2495 3618 2502
f 2495 3610 3618
f 2535 2900 3622
f 2535 2534 2900
f 1348 1350 2534
f 1348 2539 4789
f 3610 2533 3618
f 2539 3612 4789
f 4339 3612 2923
f 3610 2495 2494
f 4339 2923 2922
f 3605 2494 2493
f 3603 4339 2922
f 48 3602 3604
f 48 2097 3602
f 3603 2200 4347
f 2200 2199 829
f 2199 2211 4832
f 2203 2221 2211
f 2203 2202 2221
f 2208 3586 2202
f 2169 4397 3586
f 2167 1900 3060
f 2168 4580 2169
f 2183 1168 2168
f 1166 1168 2183
f 2170 1167 1166
f 3579 4873 2170
f 3579 3572 2520
f 2859 3564 2171
f 2860 2859 2182
f 3060 2860 2167
f 2861 2474 2473
f 3560 2481 2475
f 2481 3560 2517
f 2482 2432 2473
f 2426 2482 2179
f 2616 2177 2179
f 2177 3539 2178
f 3572 3539 2520
f 2519 4840 2520
f 2528 2518 2618
f 4361 2519 2527
f 3533 2528 2440
f 4361 2527 2914
f 2914 2913 4711
f 3529 2915 131
f 2913 3528 4711
f 3501 3529 1841
f 3528 3527 4710
f 997 3527 3497
f 2629 3498 3511
f 2628 997 3497
f 2628 2627 4849
f 2975 2629 3511
f 677 676 2627
f 2633 2975 3487
f 677 3493 675
f 2848 3493 2632
f 3629 2632 3488
f 2633 3487 2634
f 3487 2868 2560
f 3486 3484 3488
f 3484 3483 4527
f 3483 526 528
f 527 526 2944
f 3481 2568 2567
f 3481 2567 1865
f 2569 2944 2570
f 3475 2571 1189
f 4574 2569 3472
f 1189 2456 3475
f 3414 3472 456
f 1015 2602 2598
f 2878 456 2457
f 2601 4950 3455
f 4951 3455 4950
f 20 4951 4950
f 3455 4951 4952
f 3455 4952 4953
f 4952 3366 4953
f 4954 4953 3366
f 4955 4954 3366
f 4954 4955 2645
f 2645 4955 3367
f 4954 2644 4953
f 3452 4953 2644
f 4952 4951 3360
f 4951 613 3360
f 21 4950 2601
f 3452 3455 4953
f 456 3454 454
f 455 454 2701
f 2701 3449 2699
f 2644 3450 3452
f 3449 2646 3009
f 2645 2644 4954
f 2984 3009 2646
f 2650 2984 3444
f 2649 1553 2650
f 3279 1554 2649
f 3434 3278 3279
f 1521 3278 2693
f 2693 2370 1019
f 2370 2369 1019
f 2857 2369 2383
f 2384 2371 2388
f 2862 2383 2382
f 2382 3426 2428
f 3103 3426 3425
f 3072 3103 3425
f 2887 3072 2355
f 2478 2355 2344
f 3418 2343 2342
f 3418 2587 2343
f 2353 2343 2587
f 2344 2352 2479
f 2970 2352 2351
f 2360 2353 3386
f 2513 2910 2351
f 3408 3212 2513
f 3212 3408 3407
f 3407 3213 3212
f 3405 2867 3213
f 2552 2867 3405
f 2552 2551 2442
f 2934 3786 2551
f 3402 3375 2934
f 2641 3402 2642
f 2555 2553 2556
f 2553 3395 2556
f 3395 3406 3392
f 3393 2582 3354
f 3406 3391 3392
f 2583 3391 2360
f 3386 2583 2360
f 2948 2586 2949
f 2587 3386 2353
f 2585 3378 2586
f 3383 2587 3418
f 3416 3381 3383
f 2390 2391 3381
f 2384 2388 2391
f 2388 3085 2726
f 3378 2585 2720
f 2949 2586 3378
f 2584 2949 2748
f 2727 2726 3029
f 3029 2648 3370
f 3370 2645 3367
f 3369 3368 3030
f 2743 3030 3368
f 3366 3367 4955
f 4952 3360 3366
f 2743 3368 2744
f 3030 2743 2748
f 3357 2584 2748
f 3354 2582 3357
f 3040 3393 3354
f 3345 3394 3040
f 3394 3345 2557
f 1893 2642 2557
f 3348 3342 3343
f 3342 3348 1996
f 2643 2642 1893
f 1908 2987 2643
f 1908 1907 2986
f 1907 3292 3291
f 1862 3292 1894
f 1862 1894 1903
f 1892 3331 1895
f 889 3331 1892
f 1904 3328 4872
f 4972 1904 4872
f 4972 4872 1995
f 2581 4972 1995
f 4972 2581 1859
f 4872 3328 1995
f 1903 1894 1896
f 3320 1904 4972
f 1861 1862 1903
f 1859 3320 4972
f 1860 1859 2581
f 1863 1862 1861
f 2814 1862 3311
f 586 585 3311
f 2661 586 1871
f 1870 2780 3310
f 3310 2780 325
f 2655 3310 325
f 2661 1871 2654
f 2660 3204 2661
f 2660 3303 3203
f 3293 2653 2655
f 324 3293 2655
f 3303 2990 3203
f 2989 790 2990
f 470 2804 2989
f 470 3299 471
f 2935 3299 3298
f 2820 2935 3298
f 3293 3296 2991
f 3020 3019 2708
f 2820 3298 3019
f 2935 2820 2819
f 2819 3275 3307
f 3307 3275 2734
f 3297 2734 2733
f 2739 390 2733
f 2739 3271 229
f 3271 3034 2657
f 3268 2738 2732
f 2821 3032 3268
f 3034 3033 2657
f 3032 2815 3262
f 3033 3261 3384
f 3384 3261 3241
f 2815 2817 3262
f 3241 3261 3260
f 2816 2715 2817
f 2715 334 2673
f 3260 2672 3241
f 3243 1559 3235
f 3384 3241 3239
f 2467 3239 3234
f 3234 288 2467
f 247 288 245
f 2834 246 245
f 4880 2833 2832
f 1549 4880 2832
f 2833 4880 1548
f 2833 2262 3090
f 2834 3225 246
f 3225 2836 3464
f 2836 2835 3700
f 4810 2835 3221
f 2928 3221 3220
f 2926 3220 3217
f 3217 3216 4724
f 3216 2775 4561
f 4744 2775 2774
f 2774 2778 4848
f 2778 2777 4847
f 2696 4853 2777
f 2694 3205 2801
f 2695 4853 2696
f 3623 2695 2703
f 3199 3550 2703
f 1265 3199 2802
f 2801 2702 2694
f 2801 3205 3005
f 2686 3005 3205
f 1294 2802 3006
f 1293 1294 3188
f 3188 3187 1293
f 3185 3470 3187
f 3181 3470 3185
f 3185 2852 3181
f 3181 3179 3470
f 2855 2597 3179
f 2855 2854 4935
f 3170 2856 2670
f 2074 2854 2969
f 2854 2074 3159
f 1211 3159 1209
f 2086 2784 1209
f 2600 1210 2784
f 4936 2600 3153
f 2957 3516 3153
f 2065 3515 2957
f 2065 621 1119
f 623 2515 1118
f 1119 3050 4939
f 2511 3508 3050
f 2510 3565 2511
f 2789 2510 569
f 568 567 1118
f 568 1026 1081
f 1080 2789 569
f 1833 1081 860
f 1080 2433 2790
f 860 1071 1833
f 1071 47 85
f 2790 2433 87
f 86 85 47
f 3065 87 1824
f 2906 1824 1823
f 1823 3061 3632
f 3061 2427 3605
f 49 3604 2427
f 86 47 1825
f 49 48 3604
f 1827 47 1070
f 1827 3087 1912
f 414 1912 2496
f 2097 48 1913
f 1318 3602 2097
f 1318 416 2198
f 449 415 414
f 416 1915 2212
f 1898 2201 1915
f 1897 3588 1898
f 449 451 415
f 450 364 451
f 1897 1270 3588
f 1924 365 364
f 366 1900 1270
f 1968 3060 1900
f 2530 3552 3060
f 715 1967 365
f 716 3558 2530
f 715 506 505
f 1959 3558 716
f 2175 2521 1958
f 1959 2522 3558
f 2522 671 3560
f 673 1816 1850
f 671 2517 3560
f 2517 2449 2481
f 2449 176 2619
f 1852 2619 176
f 2440 2891 1852
f 131 3533 2440
f 130 129 1840
f 131 1841 3529
f 3501 1841 2108
f 2107 3503 2108
f 2439 2107 2117
f 2104 2439 2117
f 2104 972 2439
f 1403 2104 2117
f 1402 1401 130
f 1402 175 2626
f 177 1851 2626
f 1816 1851 1850
f 2099 2104 1403
f 2016 2104 2105
f 2014 1807 2015
f 2015 1807 4888
f 2015 4888 4965
f 2015 4965 971
f 971 4965 4975
f 4888 4975 4965
f 4975 4888 4976
f 4975 4976 4977
f 4975 4977 2566
f 4979 2566 4977
f 4976 4979 4977
f 4976 4978 4979
f 4978 4886 4979
f 4886 3035 4979
f 4978 4980 4886
f 930 4886 4980
f 4980 1877 930
f 2782 4980 4978
f 4980 2782 1261
f 4978 4976 2782
f 4887 2782 4976
f 4887 4976 4888
f 4887 4888 1806
f 1806 1735 4887
f 2016 972 2104
f 2015 971 970
f 971 4975 2566
f 972 2008 2439
f 2566 4979 3035
f 3035 4886 2006
f 2008 2007 2438
f 2007 932 2869
f 930 2006 4886
f 2560 2868 932
f 931 930 1877
f 1716 1877 4980
f 300 2560 1878
f 2567 300 1865
f 3481 1865 2054
f 2571 2054 1189
f 234 2456 1189
f 234 233 2119
f 1866 1867 235
f 1867 1866 1607
f 233 2132 2119
f 2119 2124 2466
f 1015 2124 1429
f 1428 1427 2120
f 1016 1015 1429
f 2572 2602 1015
f 1761 489 1061
f 2572 3010 2602
f 21 2601 3010
f 1761 1061 19
f 20 4950 21
f 1060 612 19
f 2822 612 1060
f 612 2822 565
f 613 4951 20
f 2512 3360 613
f 2512 2742 3360
f 2742 1757 2747
f 1757 781 3041
f 781 2506 3041
f 2506 781 564
f 565 780 612
f 2506 564 563
f 1997 3041 2506
f 1997 1996 3348
f 891 1998 2031
f 890 3342 1996
f 1892 890 889
f 1989 891 1087
f 889 2550 3331
f 3328 2550 1988
f 1995 3328 1988
f 2048 1995 837
f 1995 2048 2047
f 2581 1995 2047
f 2038 1860 2581
f 1860 2038 2037
f 2037 1103 431
f 2237 2045 1104
f 2045 2237 4946
f 2045 4946 2752
f 2752 1651 2045
f 2237 4945 4946
f 2281 4946 4945
f 4945 2721 2281
f 2237 2227 4945
f 1147 2238 2039
f 1146 1580 1147
f 2227 2226 4945
f 4945 2226 2721
f 2721 1573 2281
f 2231 2753 2230
f 4946 2281 2752
f 2752 1662 1651
f 1105 2045 1651
f 311 1103 1105
f 1103 311 431
f 378 1872 431
f 378 377 1864
f 2781 310 2785
f 1870 377 2780
f 2780 240 385
f 325 2780 385
f 325 324 2655
f 3293 324 1615
f 1614 2709 1615
f 334 2715 1614
f 2673 334 258
f 257 256 2731
f 258 2678 2671
f 241 257 239
f 2678 271 2679
f 1591 241 2781
f 2679 271 2143
f 2143 2664 2140
f 270 1591 1490
f 1491 2664 2663
f 2664 1491 1479
f 312 427 1490
f 427 1650 2137
f 2137 2271 2138
f 2217 2656 430
f 2139 1480 1491
f 1479 1491 1480
f 2140 2664 1479
f 1481 2656 2217
f 2143 2140 2216
f 2996 2216 1783
f 3243 1783 1559
f 1558 3235 1559
f 3233 1558 2204
f 2832 2204 1549
f 1300 1773 2205
f 1549 1548 4880
f 1548 2262 2833
f 722 2740 2263
f 2262 1644 3090
f 2837 1644 1643
f 2253 2837 1643
f 2940 3214 2253
f 2940 1633 3214
f 2773 1633 1632
f 1632 2158 3057
f 2686 2779 2158
f 187 1508 2157
f 2686 2685 2805
f 2685 1509 2149
f 2148 3190 2149
f 2148 2933 3190
f 1498 2853 2933
f 2670 2851 1498
f 3170 2670 2398
f 1798 2150 1497
f 147 1798 1497
f 2831 2398 1797
f 2394 1796 2408
f 2393 1789 2831
f 1790 2392 2680
f 1790 2680 4966
f 2680 2772 4966
f 1788 2075 1789
f 4966 2823 1790
f 2823 4966 1700
f 1700 2824 2823
f 1788 2095 2076
f 2308 3148 2095
f 2316 3143 2308
f 1701 2053 2316
f 1700 1699 2824
f 1701 2303 2063
f 4966 2772 1700
f 2303 2061 2063
f 2061 1691 2062
f 2187 1691 2764
f 2187 2354 3108
f 2354 2368 3110
f 2505 2368 1538
f 1536 1763 1171
f 1976 1538 1537
f 2173 800 1537
f 507 800 2173
f 505 507 1524
f 1522 1131 1523
f 1523 1131 4959
f 4969 1523 4959
f 4959 4961 4969
f 1817 4969 4961
f 4961 4970 1817
f 4961 4882 4970
f 4882 4958 4970
f 2849 4970 4958
f 4958 2410 2849
f 4958 4881 2410
f 4881 4958 1194
f 4882 1194 4958
f 4960 4882 4961
f 4960 2652 4882
f 1287 4882 2652
f 4959 4960 4961
f 4959 1131 4960
f 1524 2175 1958
f 1523 4969 2417
f 2175 672 2521
f 4969 1817 2417
f 2424 673 672
f 2424 1816 673
f 1368 1367 1816
f 1817 4970 2849
f 1369 1368 2412
f 2849 2410 2850
f 2411 2410 4881
f 4881 1193 2411
f 4990 2411 1193
f 1808 2411 4990
f 1807 2014 2412
f 1807 1806 4888
f 1808 4990 2840
f 2840 4990 4922
f 2637 4922 4990
f 2637 1459 4922
f 1806 2841 1306
f 2840 4922 1304
f 1304 4922 2630
f 1304 4874 1305
f 4874 1431 1305
f 1205 4874 1304
f 1735 1806 1306
f 4887 1735 2782
f 1263 2783 1353
f 1262 1261 2782
f 1261 1716 4980
f 1715 1301 1720
f 2073 301 1716
f 1221 1220 2073
f 302 1220 1258
f 1607 1866 1258
f 2126 1867 1607
f 2126 1457 1456
f 1457 1174 1455
f 1455 1174 462
f 1326 530 1219
f 531 1681 460
f 1455 462 461
f 2487 2842 460
f 1428 2120 461
f 2842 2487 477
f 1428 476 808
f 807 490 808
f 816 488 807
f 762 1781 816
f 538 1781 773
f 773 539 538
f 2822 1060 539
f 2507 565 2822
f 2031 1998 2507
f 2031 1087 891
f 1989 1087 1035
f 1076 775 1088
f 838 1035 1034
f 2809 775 774
f 1034 839 838
f 2544 839 2023
f 2828 1040 2809
f 2023 637 2544
f 636 1145 637
f 636 1581 1580
f 638 1624 2803
f 1949 1940 1581
f 2228 1940 592
f 592 591 1572
f 1572 591 92
f 92 58 1572
f 2231 58 57
f 2231 1660 2753
f 1660 1822 1661
f 69 422 1822
f 2138 422 1313
f 1313 430 2138
f 2217 430 1268
f 1268 1300 1560
f 1773 1300 1299
f 382 371 373
f 384 1547 1299
f 722 2263 384
f 722 2776 2740
f 1642 2776 1966
f 1966 733 1642
f 2254 733 732
f 1631 732 1957
f 194 691 2765
f 1957 692 1631
f 187 2157 692
f 186 1508 187
f 186 2674 1499
f 134 2758 2762
f 194 185 691
f 195 194 2765
f 2758 134 136
f 2674 2758 2675
f 1497 2675 147
f 2408 1798 147
f 2394 2408 919
f 919 918 2394
f 886 647 1999
f 2392 918 2681
f 2392 2681 2680
f 2680 835 2772
f 833 1999 647
f 833 610 834
f 834 1042 874
f 835 875 2772
f 874 1010 1009
f 875 1144 1692
f 1009 2665 2666
f 1142 2665 1058
f 1143 1690 1144
f 1171 1763 1143
f 2049 1536 1171
f 2662 1170 1142
f 2049 2659 2172
f 2121 1100 2662
f 2659 1101 2172
f 926 1100 1446
f 1522 1101 1131
f 928 1130 926
f 1130 2017 1001
f 4960 1131 2652
f 2651 1287 2652
f 1230 2647 2651
f 2647 1287 2651
f 1286 2236 189
f 4882 1287 1194
f 2296 1195 1286
f 1194 1193 4881
f 1193 2637 4990
f 1243 1459 2637
f 1244 2225 4947
f 1244 4947 1412
f 1412 4879 1244
f 2282 4947 2225
f 163 2282 2225
f 1244 4879 1458
f 1243 1242 1459
f 4879 2631 1458
f 4879 4906 2631
f 2631 4906 4905
f 2255 4905 4906
f 4879 4993 4906
f 4993 958 4906
f 4912 4993 4879
f 2279 4912 4879
f 4993 4912 2264
f 2260 4993 2264
f 2264 4912 2272
f 2630 4922 1459
f 2631 4905 2280
f 4924 2280 4905
f 939 4924 4905
f 4924 939 2246
f 4924 1240 2280
f 1205 1304 2630
f 1206 2280 1240
f 4874 1205 1204
f 1431 4874 1204
f 1354 1305 1431
f 1263 1353 1354
f 1301 1263 1468
f 1301 1468 1720
f 1741 2326 1721
f 1719 1715 1720
f 1719 2607 1222
f 1721 1739 1738
f 2607 1606 1222
f 1175 1606 1726
f 1738 1740 1324
f 1176 1175 1726
f 1176 1326 1219
f 530 1326 1325
f 1754 1325 2341
f 1324 1740 2599
f 1740 2243 1623
f 2341 1622 1281
f 1280 2335 1281
f 1384 1280 2241
f 2241 4889 1384
f 4889 2241 1338
f 1338 1385 4889
f 1338 4877 1385
f 4877 1338 896
f 4877 896 4878
f 1372 4877 4878
f 2156 4877 1372
f 2156 1372 1415
f 896 534 4878
f 1438 4878 534
f 895 535 896
f 1464 897 1339
f 907 1153 555
f 845 554 843
f 535 895 554
f 534 896 535
f 534 855 1438
f 503 2261 2372
f 1111 1438 855
f 1372 4878 1438
f 503 1373 2261
f 1415 1372 1371
f 2554 2156 1415
f 2156 1385 4877
f 1384 4889 1385
f 937 2754 1384
f 936 2754 937
f 1672 2754 936
f 989 1670 1672
f 2541 1670 989
f 1746 2541 665
f 655 1747 665
f 111 655 654
f 654 2538 111
f 111 110 655
f 109 2305 2310
f 1748 110 2529
f 2529 2526 516
f 516 2526 82
f 81 2286 82
f 81 5 2294
f 5 4 2295
f 2310 2305 6
f 2516 2295 4
f 2516 1065 700
f 2305 109 443
f 701 1065 16
f 17 443 122
f 158 17 159
f 794 18 1023
f 2504 18 794
f 793 2418 794
f 1079 2418 793
f 779 778 749
f 738 737 1711
f 739 2418 1079
f 2504 794 2418
f 2504 2501 18
f 701 16 2501
f 712 711 738
f 738 2483 712
f 702 712 205
f 701 700 1065
f 700 2293 2516
f 2293 2302 1682
f 460 2302 2487
f 220 477 2487
f 204 475 220
f 205 221 702
f 817 204 203
f 2483 205 712
f 2483 738 1711
f 1729 203 2325
f 761 763 1729
f 761 1040 2828
f 2318 1710 2468
f 1039 1040 1604
f 1624 638 1039
f 576 1624 644
f 1588 2464 1605
f 2468 1589 1588
f 1711 750 1589
f 750 749 1597
f 1590 2240 2288
f 749 778 1597
f 778 30 42
f 29 407 41
f 2288 2240 407
f 2437 1590 2288
f 644 2437 645
f 352 395 339
f 341 340 2423
f 2409 341 2423
f 4971 2423 340
f 284 4971 340
f 340 2336 284
f 396 408 339
f 2431 408 2444
f 297 284 2336
f 1494 283 282
f 283 1494 62
f 62 1494 35
f 283 2330 180
f 4971 284 179
f 2423 4971 179
f 2350 495 494
f 2413 519 464
f 2423 2413 2409
f 353 341 2409
f 353 437 645
f 437 577 645
f 809 438 463
f 577 811 575
f 809 463 810
f 811 2399 93
f 2793 2399 786
f 2793 786 745
f 59 104 745
f 59 71 70
f 71 1086 423
f 744 746 1085
f 429 1352 1086
f 372 429 373
f 1085 746 1057
f 373 383 382
f 746 2376 1057
f 383 1037 723
f 766 1036 2376
f 681 1037 679
f 680 679 195
f 2361 1008 1036
f 1007 642 2345
f 765 643 2361
f 785 765 764
f 785 810 604
f 606 605 642
f 604 495 2350
f 605 2345 642
f 2350 494 579
f 1007 2345 546
f 195 546 135
f 1839 148 135
f 97 547 578
f 1839 96 149
f 96 95 2109
f 95 76 2109
f 579 520 97
f 77 520 178
f 597 76 75
f 180 2330 77
f 75 61 597
f 283 62 2330
f 61 60 550
f 60 269 268
f 269 36 1256
f 62 35 34
f 36 425 1256
f 2046 1302 424
f 425 375 1259
f 425 1259 314
f 314 347 315
f 374 2315 348
f 927 347 726
f 374 724 2315
f 724 2040 725
f 725 2040 4949
f 2040 4956 4949
f 4949 4956 4948
f 4948 705 4949
f 4956 1541 4948
f 4956 4957 1541
f 4983 1541 4957
f 4983 4957 2036
f 1557 1541 4983
f 2036 4957 4956
f 726 2309 927
f 4949 705 725
f 4948 706 705
f 706 4948 2021
f 707 1000 2309
f 1647 683 706
f 682 1001 1000
f 683 1647 2304
f 658 1646 4973
f 4821 4973 1646
f 4821 4995 4973
f 4995 4937 4973
f 2300 4973 4937
f 4937 4974 2300
f 2300 4974 2291
f 4937 1792 4974
f 1792 138 4974
f 4937 4995 1977
f 4988 4995 4821
f 4821 4943 4988
f 4985 4988 4943
f 4985 4943 4917
f 4985 4917 4986
f 1983 4986 4917
f 4917 4943 1641
f 1799 4917 1641
f 4985 4986 4988
f 4986 1979 4988
f 4943 4821 2013
f 4988 1795 4995
f 682 660 659
f 4973 2300 658
f 2300 2291 188
f 189 2236 659
f 189 2296 1286
f 1195 2296 2292
f 163 2225 2292
f 2291 164 188
f 4974 138 2291
f 163 162 137
f 137 118 163
f 139 118 137
f 118 2282 163
f 2282 1412 4947
f 4938 1393 117
f 1703 4938 117
f 1965 1393 4938
f 1412 2279 4879
f 2279 2272 4912
f 1956 1378 1392
f 2272 1380 2264
f 1956 1379 1378
f 1379 1767 1356
f 1380 1355 2264
f 983 1357 2270
f 1072 983 2270
f 2229 983 1072
f 983 2229 984
f 2264 985 2260
f 984 2229 959
f 958 4993 2260
f 4906 958 2255
f 4905 2255 939
f 2246 939 921
f 1240 4924 2246
f 1240 322 1206
f 321 320 920
f 920 207 321
f 1432 1206 322
f 2620 1432 293
f 293 292 2620
f 1467 292 2243
f 2243 1202 1623
f 254 1623 1202
f 321 207 252
f 253 1172 254
f 208 207 920
f 208 2252 1463
f 209 1465 1172
f 1339 1465 1464
f 1464 1449 943
f 940 960 1463
f 1447 960 959
f 1449 1448 943
f 1447 959 2229
f 1448 1436 1435
f 1448 1435 601
f 2229 1072 1434
f 1074 1032 1423
f 1072 2270 1073
f 1356 1073 2270
f 1047 2206 1074
f 4991 1030 1046
f 1535 4991 1046
f 1535 4866 4991
f 4866 4868 4991
f 4866 4867 4868
f 4867 4944 4868
f 4868 4944 4962
f 4962 1031 4868
f 4962 4836 1031
f 4981 1031 4836
f 4838 4981 4836
f 4836 4837 4838
f 4838 4837 27
f 4920 27 4837
f 4807 4920 4837
f 4837 4967 4807
f 4982 4807 4967
f 4982 4967 4867
f 4836 4867 4967
f 4982 4963 4807
f 1734 4807 4963
f 1734 4963 4964
f 4964 4963 1534
f 4941 4964 1534
f 1909 4964 4941
f 4941 4940 1909
f 4940 1914 1909
f 4940 1517 1914
f 4941 1939 4940
f 1939 4941 1758
f 1534 4963 4866
f 4963 4982 4866
f 4920 4807 1718
f 1718 79 4920
f 4967 4837 4836
f 4981 4838 4968
f 4968 2166 4981
f 4981 2166 1004
f 2166 4968 38
f 4968 4838 39
f 4836 4962 4944
f 4867 4836 4944
f 4866 4982 4867
f 4991 4868 1030
f 1032 1074 2206
f 4868 1031 1030
f 1004 1031 4981
f 633 1032 1003
f 2218 633 632
f 632 2184 2218
f 2184 601 1435
f 601 600 1448
f 600 572 844
f 602 634 2174
f 573 2174 1005
f 844 572 571
f 573 1004 2166
f 2166 38 541
f 571 2160 2159
f 903 2575 2159
f 540 394 902
f 2575 903 876
f 1153 2575 876
f 1153 1149 555
f 1133 536 1149
f 856 536 1133
f 857 856 2136
f 1097 1112 1322
f 1096 857 2136
f 1159 1096 1095
f 1157 1095 2131
f 1158 1157 2131
f 1311 1584 1583
f 1407 1158 1578
f 485 1407 486
f 487 486 1571
f 1570 2118 872
f 872 1109 1570
f 1571 502 487
f 503 502 2113
f 2113 1664 1416
f 1663 1570 1109
f 1109 4863 1663
f 978 1664 976
f 2106 1663 4863
f 1648 2106 4863
f 1141 1648 4863
f 976 1659 977
f 1659 1658 935
f 2103 990 1658
f 656 664 2103
f 2400 656 1654
f 1653 1652 2106
f 2098 2400 1654
f 1648 1653 2106
f 1649 169 2098
f 262 123 169
f 262 216 2395
f 2087 263 2096
f 2087 2096 1165
f 2087 1634 214
f 214 1634 1640
f 1772 214 1640
f 1634 2087 1116
f 215 214 1772
f 1722 2395 216
f 2080 215 1772
f 1709 2080 1551
f 2395 1722 157
f 158 157 1117
f 1117 1708 795
f 30 795 1620
f 30 1620 28
f 2064 28 1603
f 1585 2431 2064
f 2431 1585 296
f 282 296 1494
f 1494 1493 35
f 1493 2046 424
f 1492 1587 1487
f 1489 1302 2046
f 1488 1487 2055
f 1489 404 376
f 2055 1483 1488
f 2032 1483 2055
f 404 1482 405
f 1482 2040 405
f 2040 2036 4956
f 2036 1478 4983
f 2032 1476 1483
f 2055 1561 2032
f 1592 1562 1561
f 1619 2030 1562
f 2030 1707 1556
f 1477 1563 1478
f 1478 1557 4983
f 1557 1550 1541
f 1707 1777 1556
f 1777 1709 1551
f 1551 2080 1772
f 1550 1542 1541
f 4948 1541 2021
f 706 2021 1647
f 2304 1647 1646
f 1646 2013 4821
f 1639 1645 1543
f 1641 4943 2013
f 1639 1772 1640
f 1640 1634 2009
f 1635 1799 1641
f 1502 1496 1500
f 1799 1983 4917
f 4986 1983 1979
f 1979 1795 4988
f 1628 1502 1501
f 1795 1977 4995
f 4937 1977 1792
f 1628 1630 1791
f 138 1792 1973
f 1630 1629 1787
f 1629 1055 1787
f 1786 116 1973
f 117 116 1703
f 1383 1696 1702
f 1703 1965 4938
f 1965 1391 1393
f 1696 4931 1697
f 1697 4931 892
f 1382 4931 1696
f 4929 4931 1382
f 4929 893 4931
f 4929 4871 893
f 4871 4929 4930
f 987 4871 4930
f 1360 987 4930
f 965 4871 987
f 4930 4929 975
f 1698 1960 1391
f 1392 1960 1693
f 1693 1956 1392
f 1379 1956 1688
f 1688 1767 1379
f 1356 1767 1048
f 1539 1046 1048
f 1539 1535 1046
f 1534 4866 1535
f 1758 4941 1534
f 1758 1526 1939
f 1939 1517 4940
f 1805 1517 1937
f 1809 1805 1937
f 4942 1809 1937
f 4942 1937 1815
f 1932 1818 841
f 1925 4942 1815
f 4942 1925 1809
f 1805 1809 1810
f 1317 1804 1803
f 1517 1805 1914
f 1914 1737 1909
f 1909 1734 4964
f 1736 1733 1732
f 1733 1736 1283
f 4807 1734 1899
f 1282 1717 1733
f 1899 1718 4807
f 1718 1704 79
f 1320 4913 1705
f 4913 99 1705
f 4913 4909 99
f 1873 4909 4913
f 1873 4996 4909
f 4909 4996 4910
f 4909 4910 2
f 4996 4925 4910
f 4910 4925 4918
f 4918 145 4910
f 4925 4997 4918
f 4919 4918 4997
f 4919 4997 4923
f 4923 218 4919
f 4923 1838 218
f 4997 1673 4923
f 4918 4919 1706
f 1706 4919 1723
f 4989 4997 4925
f 4989 1680 4997
f 4925 4996 4989
f 4989 4996 1684
f 1320 1873 4913
f 4996 1873 1684
f 1684 1601 1275
f 1346 1846 1683
f 1684 1680 4989
f 1346 1679 1846
f 4997 1680 1673
f 1838 4923 1673
f 1669 218 1838
f 218 1669 697
f 1675 688 698
f 699 727 805
f 759 805 727
f 759 709 1755
f 452 709 652
f 652 651 4897
f 453 652 4897
f 4894 453 4897
f 4894 4897 4806
f 4805 4894 4806
f 4804 4805 4806
f 4804 4806 156
f 4804 156 674
f 15 4805 4804
f 4805 4893 4894
f 14 4893 4805
f 14 814 4893
f 4897 689 4806
f 4893 453 4894
f 689 4897 651
f 653 710 688
f 4806 689 720
f 1675 662 688
f 4806 720 663
f 154 662 1674
f 156 4806 663
f 192 154 1679
f 674 156 155
f 167 4804 674
f 167 501 4804
f 501 167 166
f 472 500 570
f 832 472 570
f 15 4804 501
f 15 14 4805
f 13 500 472
f 442 514 818
f 799 442 818
f 473 814 14
f 814 813 4893
f 813 453 4893
f 452 652 453
f 792 709 452
f 792 791 1749
f 350 337 4928
f 4933 350 4928
f 4928 4932 4933
f 4934 4933 4932
f 678 4934 4932
f 4933 4934 4987
f 4987 351 4933
f 4987 646 351
f 4987 4934 670
f 4932 4928 4927
f 4927 721 4932
f 721 4927 337
f 337 4927 4928
f 791 338 380
f 380 421 1826
f 421 420 1826
f 281 736 420
f 4933 351 350
f 646 279 351
f 200 295 562
f 281 280 202
f 201 735 202
f 562 265 200
f 201 264 735
f 217 265 532
f 264 309 735
f 309 219 748
f 697 219 218
f 4919 218 1723
f 1217 106 236
f 493 1217 236
f 237 1706 1723
f 108 4918 1706
f 107 4918 108
f 145 4918 107
f 3 4910 145
f 3 2 4910
f 4909 2 99
f 99 132 1705
f 132 80 1705
f 25 100 1
f 1704 80 79
f 4920 79 27
f 26 25 120
f 4838 27 67
f 4838 67 66
f 39 4838 66
f 4968 39 38
f 394 541 38
f 902 394 428
f 877 428 51
f 40 52 393
f 120 52 26
f 121 406 120
f 51 50 1665
f 851 1665 850
f 121 144 406
f 1177 144 106
f 1203 1179 850
f 1445 1179 1178
f 1217 1177 106
f 1405 1178 1406
f 381 1424 1404
f 4994 1425 1424
f 349 4994 1424
f 1405 1445 1178
f 4994 1414 1425
f 335 1414 4994
f 1445 1413 1179
f 1413 824 823
f 1398 1154 824
f 1132 1398 1397
f 1113 1397 1621
f 1112 1621 1322
f 1097 1322 1321
f 1602 1097 1321
f 1583 1602 1311
f 1310 1584 1311
f 1584 1310 1229
f 1229 1191 1579
f 1191 853 1579
f 1574 853 1148
f 2118 1148 826
f 854 827 852
f 2118 826 872
f 1156 1109 872
f 4863 1109 1141
f 1140 1648 1141
f 1140 1165 2096
f 1165 1116 2087
f 1115 1634 1116
f 1495 1115 1064
f 1063 1062 1110
f 1064 1099 1511
f 871 828 1063
f 1099 1078 1512
f 1359 1022 1077
f 1078 1021 1506
f 1506 1021 1020
f 1056 1022 1359
f 1020 1055 1629
f 1787 1055 1092
f 1092 1383 1702
f 1382 1696 1383
f 975 4929 1382
f 974 973 1056
f 1360 4930 975
f 1359 974 1056
f 1077 1389 1359
f 828 933 1389
f 988 987 1360
f 827 933 828
f 827 854 966
f 987 934 965
f 966 1225 995
f 965 941 4871
f 995 1190 942
f 941 893 4871
f 942 1297 894
f 1297 882 894
f 893 892 4931
f 892 924 1697
f 924 923 1689
f 1687 923 954
f 1540 954 906
f 905 1533 906
f 842 1525 905
f 842 841 1516
f 882 840 894
f 1297 883 882
f 916 1932 841
f 1241 915 883
f 1228 1285 915
f 916 1466 1932
f 1285 1284 1347
f 1466 1454 1814
f 1278 1277 1347
f 1814 1454 1364
f 1279 1337 1277
f 1364 1426 1366
f 1364 1358 1814
f 1344 1351 1374
f 1344 1374 1331
f 1335 1358 1343
f 1317 1803 1335
f 1399 1303 1331
f 1317 1312 1804
f 1298 1736 1312
f 1303 1399 1288
f 1736 1298 1283
f 1283 1282 1733
f 1282 1269 1717
f 1260 1255 1269
f 1255 1248 1882
f 1247 1319 1248
f 1236 1276 1247
f 1169 1276 1236
f 83 11 1207
f 1173 1169 1212
f 1169 1164 1274
f 1274 1164 1155
f 1345 1155 1152
f 191 192 1152
f 191 533 168
f 587 533 1129
f 1120 1134 1163
f 1129 1114 587
f 630 587 1114
f 631 630 1093
f 553 631 1075
f 1075 1059 553
f 864 553 1059
f 1059 982 878
f 969 884 982
f 911 884 969
f 961 911 969
f 955 967 999
f 951 917 961
f 754 944 955
f 951 938 922
f 772 925 929
f 925 784 912
f 784 4984 912
f 951 922 917
f 917 911 961
f 912 4984 904
f 4984 4992 904
f 4992 806 904
f 4984 787 4992
f 904 806 901
f 911 888 884
f 884 878 982
f 878 864 1059
f 846 873 901
f 864 552 553
f 552 522 484
f 836 570 522
f 846 901 815
f 836 832 570
f 825 472 832
f 818 514 825
f 901 806 815
f 812 799 818
f 4992 787 806
f 440 442 799
f 441 440 336
f 784 787 4984
f 772 784 925
f 772 929 767
f 767 944 755
f 755 944 754
f 1006 740 754
f 760 747 734
f 740 1038 731
f 760 734 336
f 1038 714 731
f 336 721 337
f 713 4932 721
f 4932 713 696
f 704 708 714
f 690 704 994
f 678 4932 696
f 690 994 684
f 684 994 669
f 670 4934 678
f 4987 670 661
f 986 657 669
f 986 611 657
f 661 646 4987
f 279 646 326
f 611 635 657
f 611 986 607
f 603 607 1069
f 590 603 1098
f 1098 45 590
f 596 580 620
f 574 590 45
f 580 566 326
f 33 548 574
f 566 562 326
f 265 562 542
f 515 548 33
f 542 532 265
f 532 529 217
f 521 238 529
f 504 236 521
f 504 493 236
f 481 1217 493
f 474 1216 481
f 474 448 1430
f 459 465 496
f 459 496 31
f 24 459 31
f 447 1430 448
f 447 23 392
f 459 24 439
f 426 24 31
f 401 23 22
f 413 78 409
f 409 78 165
f 401 392 23
f 1437 392 381
f 381 360 1424
f 232 278 342
f 1424 360 349
f 349 335 4994
f 342 278 331
f 335 323 1414
f 323 313 1414
f 299 1370 313
f 278 298 331
f 290 299 294
f 290 266 1323
f 255 1323 266
f 1596 255 228
f 248 278 232
f 228 210 1596
f 210 196 1337
f 206 232 193
f 370 174 193
f 190 184 196
f 170 1381 184
f 174 409 165
f 170 153 146
f 146 133 1411
f 128 1400 133
f 1288 128 119
f 127 140 105
f 119 112 1267
f 103 1226 112
f 105 140 98
f 140 84 98
f 91 83 103
f 84 165 78
f 10 78 413
f 11 83 12
f 11 68 1188
f 68 56 1120
f 426 37 10
f 1102 56 46
f 45 1098 46
f 45 33 574
f 31 37 426
f 33 32 515
f 31 496 32

