# https://github.com/mikedh/trimesh
v -177.33272780 21.94390515 59.55339415
v -179.83460806 43.91516765 81.31446534
v -182.79195373 37.84679693 58.94933660
v -44.17465879 -77.17986994 640.73204643
v -35.02645342 -55.59681547 642.72003492
v -39.48761271 -68.40044821 654.17538505
v 160.44140089 86.73131759 54.87160168
v 162.54847752 105.73123023 31.53036033
v 154.82842368 109.75892016 43.14752360
v -143.09798484 -33.29113502 264.82843576
v -143.63390685 -30.65629357 242.49168582
v -130.74471772 -29.24628829 248.06758834
v -139.94310975 -35.63705258 47.33251986
v -132.03341189 -44.07843468 35.50713411
v -131.71317272 -23.23429617 47.61495542
v -31.27917611 -58.23065624 660.66051417
v -4.24590326 -118.50752397 1249.59902656
v 9.57404520 -118.47605938 1241.92452106
v 30.35383765 -116.60794108 1251.60389913
v -113.66341324 23.53667367 150.72757619
v -117.48099931 13.62080568 148.04586056
v -117.76556266 20.26082611 109.62074960
v -179.10090789 36.61920555 100.05054340
v -179.76376438 24.35778812 112.69286375
v -183.78528986 28.71511242 125.20569947
v -36.78680181 -20.97175386 621.69347357
v -42.32629573 -17.32128780 601.70252300
v -39.56700791 -6.90019080 627.48152741
v -157.44860049 -16.43672936 184.18552634
v -168.05829088 -7.13524547 158.03104551
v -152.46436280 -9.88855429 157.78876938
v -121.71701085 -82.30831795 458.09061450
v -123.02288711 -94.54299498 487.44597798
v -136.53080431 -82.65427596 463.07376977
v -145.92320226 -14.09308310 176.60512281
v -186.06173235 42.38814224 167.94720232
v -175.31210593 65.82195276 171.15999801
v -175.68185386 64.24680971 157.91491549
v -32.28483189 -40.56547414 640.97295470
v -34.82410732 -15.83032641 641.09356517
v 143.23742526 119.44768280 48.90396645
v 152.28485622 119.53059787 30.60541136
v -141.07541641 -16.52982786 194.53976101
v -132.82167923 -10.60280061 179.38864981
v -179.69063897 -91.25936779 827.08452658
v -171.11521500 -101.08435213 827.23212932
v -170.65999226 -96.53876605 848.95654921
v -183.03208268 60.22231724 212.32279724
v -173.70247025 69.59927012 209.83661816
v -176.17388875 68.47666042 197.66773004
v 186.22361843 0.26596363 1181.65147362
v 191.74870444 -0.71140261 1170.99745185
v 198.84143653 -5.92824231 1168.83927321
v -125.28767782 -12.28200839 203.40279322
v -36.46929523 74.08404431 1132.65262500
v -30.85230444 66.66919943 1118.97529010
v -42.53455735 65.44747608 1110.89182803
v -148.89053848 -84.70557234 484.25227667
v -155.67386630 -77.04390203 485.10390554
v -147.33579326 -78.98785256 468.49313812
v -128.35873067 -20.32010742 223.26274283
v 165.87508437 -20.30037024 404.85969131
v 178.54421103 -11.20881048 386.77940451
v 176.37475301 -13.42879841 411.59381777
v -188.65147315 29.26432136 151.39460227
v -183.17452788 34.68615756 126.74958731
v -3.13693905 72.36719006 1157.33270690
v 5.49348651 68.25928892 1141.61739899
v -7.31720956 66.91378876 1144.44683275
v 88.05483178 34.25029104 464.75730094
v 72.39464266 25.32266842 479.51995758
v 80.47572063 38.68902042 499.67899557
v -156.21777503 -70.40449367 469.69993138
v -162.78352166 -50.72884228 475.23524650
v -160.43940247 -63.72947717 445.67719181
v -122.03574013 -25.66682412 248.03374223
v -172.82895091 19.55051596 94.60147087
v -52.01959893 -77.48299940 580.26871021
v -42.78844088 -58.10701215 586.75691793
v -42.96167294 -67.88971304 605.79894393
v -129.50406171 -29.14635825 271.18815898
v -113.29569712 -23.90447806 273.00243832
v -187.76467074 -86.03760163 783.19656502
v -189.21581028 -76.25785933 812.39623684
v -200.41504440 -56.90381889 791.80938973
v 188.25322695 18.68551007 411.93004284
v 188.53474206 12.22128318 412.91214261
v 193.12405098 15.23492328 381.16271400
v -186.61669668 37.94270849 146.21818638
v -112.83856974 -27.12070788 286.55592128
v -45.17759924 99.50843885 1198.99066539
v -72.76617247 91.33713376 1186.66547168
v -78.40578828 97.58315306 1208.00070021
v -173.18276760 -24.37938282 461.35318362
v -177.68238976 -5.97574038 440.02340759
v -171.50385391 -33.39464361 422.11141605
v -103.71021710 -20.33201648 282.07966758
v -173.47592954 20.50011655 74.94009560
v 195.88008833 -12.91949795 1263.52476714
v 188.15145762 -9.55875833 1239.03673545
v 200.72268038 -9.71201076 1250.08485166
v -98.56676687 -11.29192054 273.89238567
v -51.28257987 80.93529094 1144.32982577
v -62.15690507 70.48612675 1124.33747676
v -108.83834294 -19.07559957 255.38727649
v -195.17193954 20.50373640 34.54822591
v -195.11759752 34.06518538 26.45229182
v -203.48290354 7.45439739 26.28610580
v -71.78099944 -98.18012303 584.22169936
v -58.38182185 -86.39886513 595.85458387
v -58.14846977 -92.32973770 616.03155831
v -97.32262210 -5.28264269 262.52397841
v 321.62455391 -77.08544594 913.58861511
v 320.97674381 -88.75809930 882.16379204
v 328.93788547 -79.21850375 906.39241850
v -121.54177493 -123.16382841 738.92906727
v -139.81132838 -122.52080064 766.48210580
v -144.45837504 -120.09756625 748.24826659
v -92.17047876 -1.53054573 284.69484189
v -168.87701017 10.48129741 65.77749753
v -179.92986396 18.45385045 55.09420117
v -71.38407965 -102.53113056 620.04531152
v -79.63190366 -103.00917684 599.32612063
v 164.95727302 -99.94590804 25.15442938
v 164.35742171 -112.68828114 12.89424561
v 178.86171150 -111.02567641 12.85787200
v -91.92889397 -6.77064692 302.33947214
v -97.52420578 -14.25363555 293.34184095
v -110.56364865 -63.85631790 1153.37443151
v -125.79178003 -39.70205256 1148.58428746
v -113.30229358 -61.37680723 1131.93983680
v -179.62934560 45.99754667 120.06122733
v -179.90305343 39.68765772 103.81898655
v -96.50355114 -18.60568173 319.95833881
v -5.97647602 122.40141151 910.22128727
v -13.90031140 124.32068896 882.49225543
v -36.53940702 127.46831824 900.61692865
v -120.75161880 -121.72183120 705.33671253
v -137.64901600 -119.11305781 706.78318040
v -123.80056261 -118.43387922 688.67077981
v -104.45907740 -21.76890078 299.65677120
v 193.27538287 26.98693587 333.70834330
v 194.82993480 32.27253466 356.40428597
v 194.60913904 22.61267581 355.22175640
v -192.42574510 5.15020437 40.72701789
v -104.11902386 -25.10247665 319.72120829
v -53.87972847 125.85526434 837.08409218
v -64.31420123 128.99458654 853.43757604
v -33.60016281 125.53548369 844.75526922
v 195.42166075 34.52294749 322.97652053
v 193.60882611 45.00580568 299.19473517
v 196.45742498 45.48416359 319.60028976
v -111.70813639 -30.18279637 310.61430307
v -122.42195905 57.97477697 51.21770273
v -134.92723663 87.98654202 43.17705651
v -129.81606737 71.25822851 61.63293568
v -49.15058627 -87.00723981 660.76509280
v 168.87435719 -108.92456233 9.93929814
v 149.86808273 -108.55636571 12.67899933
v -123.23674247 -37.16971401 314.99314125
v -109.71876893 -119.09014043 695.14012352
v -108.44541080 -117.45857583 668.24706575
v -95.69806528 -116.56598097 689.55993643
v -121.69125010 -32.43814326 301.87926724
v -130.54217589 75.49650141 37.02399809
v -121.22282679 52.13846590 45.96893575
v -125.37616680 48.82257300 24.68244658
v -54.66727362 -93.17479014 661.31960485
v -70.41115505 -104.58200601 667.38142170
v -68.17713550 -103.09697825 655.61138138
v -132.25594735 -41.61298667 318.16666791
v 363.72675052 -103.61969046 809.84581339
v 357.40775503 -117.68180950 803.73458568
v 360.64152985 -101.99163498 805.66360719
v -140.58287935 -38.59387179 292.69104919
v -110.93169372 -71.81427817 1094.56324711
v -126.05648149 -69.96411837 1067.11971046
v -115.07801745 -81.31085429 1064.63678655
v -148.20836197 15.90095371 509.91297720
v -146.20770201 18.99952912 551.42268920
v -136.92099569 23.40447423 522.02671083
v 193.16983343 62.19333333 330.77773976
v 194.98248190 49.93831981 352.93488193
v -186.75379223 40.73712708 46.90276749
v -190.05078073 33.90430052 39.18380720
v -55.62796777 83.17303124 1008.89404718
v -46.27041481 90.17894853 993.29842839
v -62.78313394 100.90657833 969.66988493
v -128.87117989 -113.48875132 643.20073967
v -128.34372648 -116.70578081 668.26530657
v -146.10380999 -112.03526745 657.20837488
v -158.83954755 -44.75688326 308.72854762
v -31.20650441 122.26324661 921.67583125
v -43.47492138 125.60394683 912.59201778
v -159.97225199 -39.77500591 287.38943146
v 226.92093852 3.49892029 1069.50569292
v 226.88364658 3.94560697 1084.40029195
v 224.23046551 9.29131624 1071.34946736
v -213.41675373 -100.67940436 13.44128037
v -218.57234496 -85.46780330 10.76600987
v -215.09149129 -95.68838907 8.41584303
v -31.96207522 -73.91724248 716.59229995
v -23.09731363 -65.17466300 738.65569284
v -18.63880829 -64.45683295 755.45141998
v -147.83612379 -36.47272500 276.56587691
v -57.62118309 -99.02579776 715.41729545
v -59.80336042 -102.27543442 744.18008328
v -71.81587611 -109.12616942 742.44604278
v 309.45327124 -77.94099967 824.01106265
v 305.81080124 -101.10118521 818.30157773
v 301.27691513 -92.03449292 840.11760321
v -185.43642393 -1.01743342 194.15683779
v -189.78700000 -2.51930420 212.32843298
v -191.62977163 10.16081201 202.26419701
v -216.54838060 -69.07988833 17.16599513
v -216.99756922 -46.78681710 18.79915297
v -218.82955277 -68.88274651 10.04508307
v -20.93348447 -55.33626436 723.31966482
v -8.27834698 -39.12371968 756.27859214
v 108.10366159 25.71859410 204.93148512
v 98.70778896 46.57545238 184.48401484
v 109.94499483 28.53820277 191.60109507
v 171.10915753 28.50587232 166.83006045
v 165.49927693 33.93363229 137.05257464
v 176.26411404 43.50547761 159.88540318
v -165.38459702 -31.90238965 260.90946857
v 176.50043796 39.88230003 956.99630308
v 168.61632109 51.73815717 962.16731389
v 162.95881451 52.45021209 985.14416304
v -159.04951184 -31.80435372 247.40809513
v 1.24664735 -117.53749420 1214.63746295
v -47.93225157 -117.25930441 1206.59641130
v 7.37568879 -113.78184230 1206.98240385
v -209.62718982 -14.30972873 22.61179492
v -206.17506977 4.19054458 20.11524640
v -209.75615534 -4.27874832 4.65927978
v 130.73519981 -93.71659479 931.85632933
v 121.55396208 -94.54486659 923.76195848
v 144.50313000 -88.88875499 910.16033750
v 186.85282557 -22.04299037 1304.13671628
v 209.30956475 -10.25246832 1293.47048664
v 204.23042840 -15.32350831 1319.30238411
v 184.88105149 -14.24576678 990.29701928
v 183.15833497 12.80714904 986.21510877
v 178.85505638 -3.12074536 1011.01901922
v -172.42893021 -27.32748761 243.67729978
v -91.89708778 35.15610328 601.70322513
v -73.25230197 30.85662543 619.05218626
v -70.92435926 26.28644098 603.84185763
v -66.66946948 -108.19746049 764.13894481
v -50.58300649 -97.24402662 779.91829825
v -78.94840666 -111.79130731 791.29022409
v -154.79445444 -27.66564240 230.02259672
v 11.95261172 -103.41102240 876.73169928
v 36.66513960 -87.69835819 848.18396471
v 37.00875898 -94.74991171 863.30505987
v 130.98070693 62.73598098 443.30701630
v 115.94120824 55.42739202 451.59483908
v 131.02889653 59.15571708 459.97823066
v -201.15717774 23.18176214 264.13416865
v -194.36677842 46.11801410 251.04337711
v -195.55091272 39.36711422 238.42144474
v -196.83827310 -97.41970850 24.95163930
v -212.19007514 -82.03952645 20.94262767
v -165.56879372 -24.12026622 223.43594956
v -125.45872383 44.36769299 634.35155128
v -115.52187907 44.94769312 620.63795526
v -130.63739247 42.33513157 624.11729092
v 1.31434943 -80.32600541 836.06538194
v -13.35915885 -76.15855333 829.74236857
v -2.51139563 -65.74686566 821.20932732
v 91.59257682 52.46524082 273.59509243
v 93.99796804 61.55472662 280.21289727
v 95.04152860 59.63758246 261.48095824
v 181.86124399 -21.72259832 990.81446769
v 176.51767540 -36.60856657 993.44965723
v 183.59914761 -37.43221806 961.07228319
v -152.61774592 -22.33556661 205.37341352
v -192.78210124 -130.70627017 10.09188554
v -182.89608401 -136.12560357 10.35167184
v -183.09456473 -128.73677207 16.83671420
v -132.77057074 33.33336776 589.56996398
v -136.75055189 28.29211163 576.96696884
v -144.38659418 28.42312888 591.05574780
v 167.16882578 20.97441405 175.25507808
v 161.67669884 28.28299758 140.39147029
v 182.31905121 23.43906918 972.83909005
v 176.73361988 34.68547739 977.94215376
v 171.55089724 28.42449579 1004.02566379
v -162.01913414 -21.97359864 206.23531774
v 107.31463001 39.22685377 174.81497220
v -71.59796717 -105.29957394 816.75075113
v -60.86151752 -101.37270985 806.39708572
v -49.38309874 -91.93698795 823.83248231
v -207.14205475 -115.18537228 9.38233379
v -194.72635466 45.82836852 2.32006335
v -138.31395438 34.31908010 607.33029250
v -125.09531370 38.34368637 603.98513435
v -172.26179668 -13.45120449 192.12692797
v -172.61874904 -18.92434707 208.97944396
v 27.00863132 -107.41423975 1200.34830968
v 31.53105752 -105.52247121 1193.47089206
v 48.64014083 -102.80203440 1192.59425537
v -325.49128166 -7.48007526 1023.57519488
v -319.51574591 2.43826648 1042.57754920
v -329.73350479 -1.48737347 1006.88894101
v 111.47658123 57.63697328 439.97697111
v 106.33247770 59.80088598 420.35184230
v 105.64312877 49.57173739 445.21746751
v -211.96187556 -67.81015771 23.62832874
v 134.42705398 -83.48810312 1022.40718891
v 154.01480245 -77.97924753 993.68937876
v 153.48591491 -68.17525086 1014.28214272
v -183.00154934 -11.15822458 209.71754922
v -44.52307471 -7.97290915 609.39875447
v -62.74153399 18.62999300 603.19364862
v -55.58014886 13.96394815 613.72372880
v -293.75715848 -26.36929394 1069.91689147
v -287.27210772 -27.06320257 1075.06787269
v -291.20209820 -16.18667511 1097.10707244
v -47.89547167 -97.58959285 862.01749277
v -58.13444707 -96.33816483 839.51666366
v -39.87406599 -95.79335185 855.45315203
v 93.93422363 -102.79493550 923.45145682
v 106.50821659 -96.81733454 900.50144619
v -197.46401793 -114.19768431 18.87233251
v -182.57354173 -112.18884343 24.52726636
v 176.25303584 -15.00429044 1271.97476421
v 176.49273913 -11.31640481 1260.10412641
v -177.61242664 -7.51675356 178.64349179
v -79.36263262 24.90995981 578.55686520
v -102.82829102 30.31980353 570.35647090
v 23.15711459 -102.26583363 876.10907742
v -183.63615532 4.94387744 160.97127156
v -132.57315041 -85.77997525 10.99203272
v -139.12909457 -110.26236824 9.23646178
v -132.22681304 -70.72090508 7.43612831
v -103.16817862 25.81769145 542.72486829
v -82.83625819 17.78915697 522.70448753
v -125.10990406 26.10328129 520.33716803
v -176.63987359 -1.79722114 155.97631090
v -311.52968885 -35.66562892 1011.52121252
v -318.81128574 -28.03309688 1011.67221389
v -322.74822563 -39.99276165 975.74747418
v 343.89364805 -74.80648577 889.02148695
v 335.84152534 -67.70779172 916.01911393
v 336.76946769 -81.77811951 891.70893501
v -161.22901689 -73.67593218 548.50396138
v -155.37234388 -82.31105750 518.26451708
v -154.36624665 -84.00514712 553.07339279
v -168.70160618 -126.66584176 21.58687123
v -169.90309381 -138.54240611 10.78901743
v -83.99249745 17.64959819 505.59152068
v -104.20843493 22.47267367 516.34251201
v 112.88935465 90.83082783 234.04564253
v 112.52985658 89.37104055 255.72858011
v 125.16428587 97.71487023 250.39269191
v 162.41043895 35.97413017 57.08085809
v 167.98831315 18.69879004 49.13668142
v 175.91014740 19.86113346 41.79886840
v -168.04701419 2.29249009 123.88975563
v 130.35889701 101.25380539 915.38024214
v 117.81635273 113.12203713 904.42398099
v 108.28175378 115.11244920 919.72854510
v -161.50841453 -5.10456587 140.64267411
v -153.69370522 -88.81937680 947.05617272
v -132.02652579 -101.03971594 948.14090644
v -141.66792643 -93.18544603 971.69857691
v 120.43557690 107.01558104 929.91948762
v 140.46673731 88.43527842 938.88358085
v -159.63173696 -0.08648291 115.70601586
v 29.27920454 60.33840643 1062.04460692
v 24.95570090 72.68625813 1044.18129606
v 12.49712648 60.48444858 1055.19037264
v -164.97703044 -63.92743665 537.66148799
v -171.58518487 -52.48786929 551.76214732
v -166.21090853 -56.00043494 519.59743006
v -157.54577495 6.22998875 88.41131036
v 143.94776729 -89.60299792 969.74625387
v 156.71342686 -80.55518466 952.96933487
v 113.35246555 -18.80958823 376.13823450
v 100.25455980 -6.69791738 386.89055025
v 102.34090004 0.86514853 360.64274618
v -152.48417324 -131.60932228 10.13056863
v -146.85687256 2.42886365 89.10327405
v -16.52140979 73.95751460 1036.41642673
v -38.96114692 68.65651243 1046.70076305
v -8.74910769 67.32258251 1040.82766196
v 119.23638286 -96.30087238 890.10062651
v 87.72941561 32.87130826 356.91444068
v 92.72317698 20.85339143 347.83963917
v 88.65472341 21.02269827 374.54748485
v 153.64416174 68.72841470 967.59829846
v 157.94313146 71.88631103 932.23848299
v 143.98795811 80.20266212 961.57091285
v -145.00630877 0.36877323 106.31348733
v -187.59215932 46.89549678 184.06308108
v -182.17032766 59.65683712 187.82631565
v -72.99945194 14.69702776 544.28331927
v -59.84260679 2.47141384 549.35103965
v -59.46107001 1.87278825 517.14752933
v 152.63866467 6.55642638 56.73281836
v 156.68352874 31.34448533 63.07326063
v 102.62445610 113.10547110 940.02083481
v 120.96439667 100.32811295 951.13099677
v -154.07181751 -2.32058433 129.12935697
v 111.59189645 85.75875472 266.99364211
v 122.81349994 94.33166327 266.84923214
v -162.34942406 -69.32797809 521.78730023
v -155.71591356 -77.14024264 501.32330598
v -133.24167432 3.36207337 122.92834606
v -167.86228708 73.47314479 197.97173908
v -163.00779790 74.59162560 177.91624269
v -55.23428123 -5.10183424 538.88111849
v -61.08606751 5.32725152 568.94256835
v -135.90528716 -2.09248616 142.37681508
v 286.90633328 -38.34725190 957.66374959
v 291.08814197 -46.49769354 956.92701551
v 290.85865609 -44.72559743 970.06196933
v -121.30366461 12.79357479 117.24321588
v -178.40685441 -72.30122612 890.32486783
v -165.63956778 -91.08001403 885.06620671
v -171.27537259 -79.15695688 910.35886201
v 129.42143452 -23.73635086 383.49861808
v 139.16215303 -23.95499067 367.51704747
v 153.59251770 -24.54370116 394.00323246
v -152.29508942 -131.94012600 14.04909083
v -125.78587493 7.68835853 105.44251431
v 14.13228127 68.49505315 1126.81450602
v -2.88923642 62.75539880 1129.62418634
v -139.41996401 -91.21008359 489.46279992
v -136.18646677 -95.58469434 511.08101623
v -149.14830943 -86.19597882 505.23613339
v -119.95528494 12.04418402 97.76065225
v 116.05584502 -84.48670596 1049.03032685
v 97.48757729 -85.74537095 1074.26294851
v 89.21932435 -99.44109711 1048.81274069
v -190.56365336 48.78640533 213.60160995
v 30.64109751 60.16918775 1076.66912785
v 15.37702786 59.99478708 1062.52565720
v 136.87586637 -89.46978611 997.74947640
v -299.97326511 -3.51177564 1098.03634871
v -298.48712023 5.91836660 1112.44446416
v -301.23590675 8.36728376 1094.91486127
v 264.45613308 36.56773075 1203.99057291
v 261.96936618 44.69651021 1206.63423227
v 258.31053186 37.59397422 1222.64850446
v -172.47807020 7.19840069 450.97498578
v -169.55619989 15.47472321 450.42257341
v -174.01056992 16.45962591 433.65300113
v -116.63780770 35.01787343 112.98641790
v -140.33275890 -95.78255780 24.51966438
v -137.70489808 -82.28448488 26.64248680
v -146.52513532 -87.12787327 29.83388210
v -39.67586807 -61.59134651 617.34468190
v -39.85430949 -31.97863735 598.54160729
v -36.91456231 -40.43094661 613.83004589
v 187.02624436 38.15707032 14.30648613
v 182.73653212 48.74432031 20.44232400
v 183.58960502 37.55668788 27.93693187
v -113.54028593 34.20017345 151.96637077
v -112.74269143 15.11066368 173.41688264
v -157.52101679 46.46747690 699.24261598
v -154.38760529 42.21683957 682.21869708
v -161.89892143 37.63101943 682.19911369
v -134.09334147 -87.40546533 17.26473557
v -131.54451281 -64.98084303 19.80043800
v 170.42056026 -18.96253453 1397.15037898
v 178.54680905 -20.48923483 1385.52569547
v 178.23362920 -11.79737755 1398.96048372
v 343.41536640 -108.18906071 848.63058529
v 342.91291994 -89.13723980 867.82083457
v 336.09664690 -96.14421472 867.40764656
v -116.80072758 14.17467966 156.23124106
v 38.24623742 62.46127302 1076.88865484
v 44.83614142 63.24834473 1081.57519764
v -173.16869538 -12.82538549 466.95719538
v -167.17265744 -0.76096811 480.06091096
v -176.32363304 -12.46048024 449.81738171
v -127.25951692 -2.31042689 163.22731049
v 139.81160067 -13.63326184 319.42536283
v 132.75158632 -10.03594159 307.34043484
v 152.05635604 -10.58733406 305.00980560
v 105.66657891 -79.84008539 583.76348721
v 114.02473716 -78.89957143 562.12286282
v 118.45214973 -84.63243221 584.80396344
v -139.57736072 -62.71177237 34.69623180
v -118.09505798 1.21485167 180.41320887
v 18.81044261 72.73099846 1139.35410625
v 31.55797130 69.25179267 1117.61599135
v 87.97487082 30.57406865 414.66928845
v 90.65160228 43.21303722 397.01081791
v 87.54505301 32.47472392 389.26175480
v -125.81016784 -6.54130743 178.82920259
v -124.76228550 -13.91183261 36.81741680
v -118.87047867 22.36992789 35.95691281
v -121.88499803 3.08542625 61.91073082
v -0.40936011 -115.01560048 1083.60014883
v -3.39094397 -118.77801928 1072.84587701
v 15.34102878 -116.98627248 1062.20431509
v 55.89154895 -96.04930199 1295.51639918
v 31.61003842 -88.58329917 1295.43244468
v 42.09458774 -96.17155199 1294.18639305
v 195.63219373 9.60567552 23.47520962
v 192.40335074 27.68414530 13.17309803
v -174.05366513 -28.45728464 484.95026510
v -173.59038572 -20.18916085 507.11360197
v -176.12728733 -19.93398815 482.87336647
v 180.24050302 -40.77475342 515.08765682
v 187.91857705 -23.07264771 540.56259809
v 187.45349790 -35.29550858 554.10458367
v -134.61172468 -11.97307873 57.82883706
v -150.64369529 -30.06399330 52.86952982
v 9.48204254 -116.24769044 1085.78008182
v 24.71850817 -116.61463281 1071.31994805
v -146.24121791 -8.11824288 150.52045010
v -101.76703371 52.78980830 684.49197204
v -102.52716907 48.54022976 664.95602372
v -116.72062843 48.77520002 662.60857821
v 96.54284116 66.10350029 228.37283285
v 99.52276927 73.88140092 204.82045950
v 96.10664474 66.13198414 203.64715952
v 184.54042709 -5.91815456 354.53418233
v 175.69506965 -14.49742910 363.89343979
v 176.35424739 -11.36179357 343.94016250
v 79.79048227 75.06654648 1033.10289459
v 80.83925854 67.71365922 1045.93664374
v 109.23145484 60.98916343 1042.59533477
v -161.04232836 2.53652935 510.26149996
v -156.75624389 12.50046492 486.41722460
v -124.78056207 -8.99532043 48.61519515
v -258.98046441 33.42636056 1252.68092309
v -257.26683013 40.91062911 1254.56219439
v -260.05895109 33.36432365 1244.27300908
v 191.18888104 45.07389719 1393.21944203
v 183.19000898 26.15385181 1413.43972712
v 188.81092029 25.45848910 1404.67549145
v 48.13069073 68.99301492 1050.40462323
v 35.70983451 65.10972871 1054.74656048
v -116.94853743 -1.71228830 198.36000085
v -128.89524537 70.38545972 13.92800552
v -133.66883520 86.12130285 18.73800357
v 24.71122193 -111.59578158 1117.74602994
v 14.33011230 -111.27440279 1110.69980552
v 29.84594241 -115.03909445 1100.99227686
v -2.65213445 -81.22256038 1287.72121684
v -15.26158168 -80.08404348 1292.44515796
v -34.29823458 -93.48968133 1293.78109229
v -98.43152866 20.47939809 484.61327933
v -98.78394433 19.12175343 464.85264664
v -116.28479404 26.49242972 472.19658227
v 255.29711752 20.38097633 1017.39399894
v 255.30327544 29.56761355 1023.80146792
v 268.73250203 26.09502612 1009.17146418
v -175.46838215 -18.44678134 422.65356856
v -177.83943734 0.37142081 429.43762085
v -116.84045823 -12.83822224 223.36663823
v -190.21791337 -57.24413677 676.24013473
v -185.56196223 -65.75903907 646.39288095
v -180.54296565 -80.95370109 663.28050717
v -123.47610104 3.89085665 20.43266827
v -125.59964142 20.72446662 6.88423103
v 38.98790268 -113.83366911 1124.68492365
v 40.05223922 -110.99862686 1102.44352704
v -171.00247760 79.45186956 1266.71432458
v -164.62921805 74.78802043 1272.63801210
v -162.51671935 69.13216450 1262.37893597
v 96.16941434 56.83134272 54.00948336
v 102.86629736 80.28049641 38.89429400
v 103.27089848 69.96375995 27.23190802
v -105.86089610 8.39783663 212.86240008
v 91.33654398 -96.89607202 1199.75014569
v 83.95725884 -108.22477880 1219.64226859
v 62.07741864 -110.61140421 1209.48221879
v -108.50249257 11.03341185 192.72249662
v -196.45584625 21.93972904 844.34784897
v -192.45730505 39.83154188 823.26148603
v -201.79466585 20.25154093 818.98395680
v -127.69453160 -31.50951972 32.46961955
v -82.11241241 15.08832065 472.07562688
v -75.35911592 15.78734651 490.87973146
v -84.28073366 12.86612033 457.65306786
v -103.64372189 16.65408178 214.11082094
v -89.60222138 111.10837961 1258.33377217
v -71.36869797 108.80111643 1243.16455463
v -91.76542931 101.06795755 1234.44150446
v -180.92288395 -11.71295000 411.43733365
v -177.83154328 -6.86906237 419.44235492
v -182.26615241 0.97460992 401.57419758
v -97.00511191 9.36102342 230.95956443
v 179.65729225 -2.42448565 312.53085780
v 169.33415240 -9.09284346 315.09713680
v 169.81979016 -3.60203920 287.13367448
v 176.07901790 -43.94746226 497.09804981
v 178.81036726 -34.89732483 493.60881735
v -128.41979005 50.97262464 4.86291996
v -131.05221449 77.36302392 3.91046681
v 99.52930663 38.65789464 207.35118319
v -97.47908969 16.94650980 228.12659047
v -66.53539586 103.60808327 1225.28491266
v -85.93816763 99.63382293 1222.50683734
v 126.24445451 69.04276074 424.60401007
v 145.93115990 68.39014374 429.18524589
v -96.24264482 9.91431887 246.05169841
v -193.78966053 -60.15133003 701.28111813
v -193.88732520 -41.68901459 679.25900718
v 106.13696314 98.76857835 29.19101767
v 101.63793149 80.88667744 50.47590278
v -66.25732316 2.78217049 477.75407852
v -75.28700954 5.43376342 452.99334713
v -103.48805458 -8.48523696 246.03213703
v -188.13682314 -12.05818426 377.70263497
v -186.45652576 -6.49436799 390.67763206
v -190.87289201 0.81973604 365.22533174
v -179.29749288 -70.77251948 616.59772299
v -178.32783093 -61.97349272 598.00076400
v -171.10518944 -71.99828694 579.63620708
v -93.91835089 4.97275819 270.69512829
v 10.90878399 -119.61227664 1227.36335755
v 31.10706996 -118.27658459 1229.35714049
v 255.43750163 -15.12447426 1006.52462590
v 251.35181982 -6.17514585 1009.52907678
v 262.79100867 -9.08664227 991.56666751
v 135.74572769 104.35105893 108.79709139
v 151.63046370 95.09237120 67.09862783
v 135.82464906 109.43877891 83.05221079
v -94.24713063 26.17574199 263.36741501
v -200.73927348 21.27728305 759.68603103
v -192.40358436 39.00938592 762.84020523
v -190.05950981 30.29145051 737.40021866
v 152.78773336 98.90246188 242.50188873
v 147.10100068 98.70171169 198.35485292
v 135.69809335 100.01770617 239.50849022
v 187.82796007 22.02159459 269.74991171
v 193.91219375 34.71101060 288.03161901
v 189.84051293 15.92952559 297.84575351
v -123.69889282 30.31460356 15.78122087
v -55.39593719 -15.78354952 474.98381944
v -64.92550076 -7.28435653 455.77337601
v -94.80853039 23.07890984 284.22009975
v -36.60892956 103.06568129 1214.57219055
v -34.37234746 98.34388179 1195.86491095
v 166.26908921 53.10533243 50.74108466
v 168.43789694 72.67328500 42.78988944
v 162.46501351 68.22570464 66.79079968
v -194.10285542 -3.53604136 333.87673465
v -185.97500736 -30.80011531 335.78155945
v -189.58639547 -17.01383037 353.39110866
v -91.08120687 18.81153775 308.33724292
v -58.08289613 113.29830659 1253.01152118
v -55.56702198 111.55068482 1245.18616525
v -97.11364001 30.79856404 293.58831242
v -169.39226067 -83.94465925 601.97988770
v -165.70336889 -77.89269254 573.29930583
v 210.70258067 27.88393188 1099.93636953
v 213.08725317 18.64342179 1097.04045684
v 206.32900218 19.26696405 1120.21861981
v -138.85084683 91.33588647 55.53372170
v -144.89462743 90.86774980 72.05472543
v -138.30566608 87.38947767 73.02282218
v -104.61404336 46.29944487 269.77473135
v -155.28245949 -101.40320315 620.28952330
v -146.17518357 -104.58325863 614.44445937
v -141.92145334 -109.31612828 627.87300076
v -112.07121077 54.84295272 300.11429509
v -120.76613324 51.85409688 62.49801816
v -125.93605145 61.55575108 98.89870292
v -27.39489425 -76.29418628 765.85324794
v -44.80861895 -92.61349722 755.50857383
v -44.13239959 -89.67300211 728.75738291
v 129.42543884 -86.32674187 11.66305909
v 133.91542025 -75.50966590 25.91826636
v 121.97318552 -67.72146463 10.93671269
v -111.02015796 53.62959668 279.14972844
v -125.01328076 66.49500506 288.76605732
v -153.71602899 -64.52865431 1017.76897427
v -139.55070901 -85.46965839 1011.20634844
v -139.78776547 -75.73170700 1034.90563339
v -117.27893721 31.39163398 47.88066285
v 194.60785150 -12.83088831 1369.21764089
v 188.16844886 -4.60225025 1392.36658492
v -125.00092408 63.12690551 319.54130310
v -72.74337406 58.38757223 1068.68371091
v -57.07895023 65.25645027 1050.30697724
v -67.45794292 66.89829537 1043.70388287
v -134.33369415 -104.40312070 598.55085440
v -128.98993689 -101.84402875 584.03929671
v -102.61746851 -105.81451442 590.98322607
v -100.04985626 38.96215751 315.44750673
v 177.45923667 84.70073577 278.81329052
v 168.26377513 92.05971427 284.07626709
v 176.39776260 85.57510392 303.49605279
v -116.93842009 57.39450041 328.61850317
v -74.86649161 88.19947270 989.81043938
v -89.92669551 79.16612472 1004.47907541
v 127.68391833 -11.86216636 331.83030304
v -103.78454774 45.11670898 334.78952254
v -136.82023564 89.55713519 3.16643552
v -145.30101282 95.50736255 1.38564560
v -141.14846213 96.01733363 20.29163016
v -15.62876501 -35.04992773 702.13253435
v -11.56377066 -22.01714024 728.20171676
v -13.51638884 -38.11047724 733.19989510
v 149.86300227 -100.42541068 22.43540975
v 146.68113162 -88.09898220 27.19722243
v -97.04106769 37.11115901 349.06700993
v -131.53431474 -99.78643892 564.42520826
v -137.65938474 -97.74566528 537.29591118
v -123.36731851 -101.82057065 536.50724844
v -91.50934869 26.30455447 326.42816316
v -153.45019533 96.68838837 60.37001643
v -142.69957241 99.00841802 42.97945665
v -24.87603638 -61.87099038 694.76649266
v -88.97435005 24.41184325 349.83866136
v -85.39001963 14.33875476 346.28120951
v -162.16130686 -64.31988504 996.71918337
v -155.48732393 -76.20337384 995.45007111
v 142.69758513 92.74911642 349.14472838
v 153.94728918 93.41301781 330.52609809
v 139.74102796 94.18634472 333.66044136
v -133.18457510 73.30654628 90.16270172
v -87.93351671 21.48050062 369.98745528
v -23.23112331 57.83562230 1063.52499242
v -10.88920997 62.08005893 1051.35979891
v -147.00600723 -91.55803077 522.49037750
v -145.90443597 -91.60626144 560.63122457
v -85.66972483 13.54724464 376.44335924
v 221.44044495 49.01583409 1338.27115712
v 220.08356340 59.22733999 1331.31817074
v 209.01472141 57.64610792 1356.48323466
v -84.56786428 -1.63165762 361.19026679
v -47.79564505 64.58600302 1056.16451473
v -36.12425778 73.95371410 1037.46920226
v -82.35158425 -0.47917704 394.77746511
v -132.38756995 60.86023781 1.82123813
v -127.94846629 0.70131149 6.64699633
v -180.35813594 72.26803586 1.20728225
v -44.72440359 -85.61676801 690.74401031
v -33.35268670 -68.42130633 679.41527902
v -81.98355568 -15.27040963 393.01849000
v 265.75348876 -21.94272295 1071.40722676
v 249.99501663 -20.64767909 1056.49805449
v 266.69494986 -27.37355857 1050.12508224
v -179.15036461 47.40793241 362.33010975
v -166.74564023 55.43896958 368.21783044
v -176.79145041 52.84142727 344.68350505
v -79.12831620 -5.71833675 419.53613528
v -153.49742338 98.59852899 2.93275385
v -153.62769500 104.66609450 20.48575012
v 195.28300945 -42.91398314 31.06029530
v 200.13285538 -24.79509285 29.08423629
v 192.22159571 -24.15902634 34.04179514
v -77.15480793 -17.68579155 418.35915150
v -72.48084339 -8.67640755 437.09748268
v -183.95270982 -19.01585698 648.77095475
v -177.34830444 -6.35125030 620.41095533
v -182.94689443 -31.86197417 634.21706838
v -149.45616097 104.63348059 31.50787515
v -67.71102831 -17.97524000 439.91538600
v 31.28399442 87.68041859 1163.95949881
v 31.06415058 91.78950243 1175.59165676
v 58.23807206 92.28219707 1186.24741780
v -155.66661408 56.51009084 377.40738315
v -166.63677170 47.11895746 395.60497243
v -78.16772811 -25.39329345 415.98883355
v 88.46395776 48.65888102 358.63286855
v 91.83369204 58.28593951 340.80663407
v 88.44963239 49.76397546 326.45448200
v -164.30695201 92.00549849 0.28964212
v -135.23547043 81.15255511 1.03299862
v -73.62458532 -32.02955793 431.70283518
v 9.26078049 106.92614250 1230.13260633
v 26.29377998 101.91582489 1212.57545264
v -2.92388775 103.86830370 1221.22679465
v 86.12715851 -10.37509478 432.75856633
v 75.59372254 -4.43394286 451.39239150
v 86.97793126 -2.49699714 420.60736214
v -60.79281209 -31.07234737 459.11887691
v -137.93656161 -110.65638493 11.75888442
v -153.86735178 -108.08979337 26.12177175
v -56.99173687 -92.19885675 632.94471411
v 59.02181614 -115.16137729 1226.68835253
v 76.78618240 -114.37201948 1241.31176546
v 206.60660455 -41.26918187 23.50974414
v 204.46364110 -18.66340972 23.02315082
v -79.83390737 -38.74252556 428.87610824
v -171.77580694 40.08998865 404.00520541
v -60.83048649 -38.97389299 466.16828522
v 117.99654242 -77.76985969 535.35836181
v 115.75210707 -71.53455527 519.76754757
v 127.30749160 -78.92626495 530.02648106
v -128.69635833 -56.01750949 9.70902244
v -68.92556335 -44.36582246 459.07555463
v 281.21331322 48.00077369 1076.41533063
v 294.90583984 36.50430010 1068.34031919
v 294.30171547 33.46301394 1028.23289329
v -75.94670584 -50.66005894 461.23336495
v -171.76601062 -8.85646600 586.10101668
v -169.25769693 2.16568915 593.43589625
v -161.29874763 10.61278942 578.67508248
v 96.49775920 20.15937455 318.25111319
v 91.83884743 29.68402583 311.41989374
v 92.06902997 27.48193526 297.60295439
v -153.51809406 87.78714885 0.59959461
v -65.81435523 -53.77907265 484.51570214
v 53.05647981 68.07373188 1117.11970039
v 42.73097877 76.59023912 1135.14171838
v -162.63063083 23.88457807 448.57302364
v -169.85324834 30.37586599 424.75103847
v -76.92194023 -60.71880726 480.78587119
v -93.50293205 -69.05176895 465.39196136
v 68.96675228 81.09784702 1164.43857247
v 50.98273425 83.89201199 1160.86957574
v -89.65728963 -73.11924510 482.59419006
v 169.37812225 32.24688575 1423.85110178
v 163.29632565 40.40201700 1424.58293817
v -117.15533994 42.72242747 398.72080856
v -106.24076394 46.52888209 357.94406354
v -130.31250228 57.58231217 357.50463569
v -107.04437529 -83.01400925 468.06687459
v -145.74115574 80.07746996 118.56475930
v -146.88064483 84.02980917 98.87185247
v -153.86149644 84.65119041 92.02118855
v 200.83010538 27.09453263 1127.27208024
v 208.01343950 39.29251036 1106.64105869
v -104.95457449 -73.10972727 442.71834542
v -203.75622532 -52.70718838 773.00128503
v -207.92246992 -32.92453844 778.83816499
v -207.78094980 -33.13250013 762.53213163
v -92.62298551 -58.86672425 444.13212697
v 131.45058866 -47.48113042 1125.33477788
v 117.47637631 -65.04376335 1137.27359330
v 114.51116016 -73.06251646 1116.09419076
v -176.27454615 5.72187044 137.83382491
v -181.13143826 15.62928179 130.58511474
v 47.59012117 -104.93105143 1171.16379235
v 46.30860820 -105.56599436 1163.38082557
v 67.02341035 -97.62909427 1165.28938233
v -106.46239878 -57.28499954 422.10853082
v 231.02266841 37.62658405 1062.72864502
v 246.37253169 44.75219830 1050.24556371
v 243.47051661 37.17120722 1043.76120694
v -102.81995949 39.03490145 381.49991953
v -96.43013642 -46.18100819 420.24974413
v -145.91582070 77.83941829 145.38677669
v -145.76617232 79.68174451 127.89067886
v -156.98585177 77.65454055 133.55629773
v 13.25037044 -116.22291122 1098.09994752
v 23.19420792 -112.63272875 1084.55591983
v 28.96464086 -115.99209686 1092.82373391
v -189.52910355 -38.02393366 660.19272580
v -187.10125921 -48.23224201 639.62221262
v 153.48588393 1.77126503 227.80416152
v 160.63547595 8.19174653 214.73087764
v 165.67938299 4.15168089 232.63553825
v -89.48647779 -39.76014362 409.47810994
v 119.08325490 62.73747500 636.25988783
v 121.92414372 61.38483822 619.10938567
v 112.02079507 61.88699602 620.86481243
v -140.35303127 83.63205220 87.79475670
v -83.06840874 -32.15708720 409.76433169
v -195.27298248 -75.20179729 757.98405624
v -199.17495456 -65.00891236 729.70544753
v -83.49491419 3.62734700 415.51605853
v -90.71761003 18.78827833 400.02577686
v -92.17779186 15.46348415 420.18547956
v -91.69710450 -31.82155359 382.40262439
v 159.54426539 87.56990323 170.94266578
v 146.06043690 97.13752706 173.79695086
v 157.96427617 95.76831740 209.81977523
v -86.66590709 -21.73030984 379.97489868
v -201.60291429 -6.93091212 718.56898044
v -200.81056829 9.70261199 737.46707726
v -192.01988691 9.54818029 702.16211908
v 88.13624044 -87.25650937 1170.29616651
v 86.45117596 -88.76792013 1163.05074070
v -155.61776148 -11.81277345 60.27234278
v -156.40877392 -1.62944538 66.53446132
v -167.58597901 0.50522408 59.70780235
v -7.69285654 -113.23368745 1156.47370690
v -22.14835824 -114.18739116 1138.26220175
v 5.10863048 -112.45735862 1156.67180666
v 143.35316050 27.71740030 110.14220513
v 136.48244944 22.71176898 132.76380951
v 134.99712631 26.75731831 92.14623516
v -90.34386955 15.05361727 445.43164240
v -80.55595295 4.17043118 439.72261893
v -98.30317645 20.62512528 434.96036109
v -90.51745049 -22.04988817 360.86119984
v -168.03609972 12.97983664 91.09508373
v 53.98289769 -111.17346443 1129.21078664
v 39.24937979 -110.96406753 1142.37777578
v 151.17789070 32.90213423 105.53220173
v 157.66339003 46.83928375 85.72477479
v 158.09295090 40.13904575 106.63630960
v -87.65036825 -9.45068458 346.90842563
v 351.34937918 -87.60665964 855.16328820
v 351.94614733 -71.25923114 872.07143562
v -190.81732152 23.74333349 171.64794259
v -187.88369434 8.81908113 183.11356612
v -86.09415388 0.83643452 334.95462383
v -207.29625379 -6.00669284 755.64986101
v -207.84987956 -11.83333765 732.07903776
v -54.54670701 -103.14698063 876.55594212
v -52.93731059 -111.06239517 904.12940863
v -68.00619242 -107.60186171 895.33375581
v -90.15808005 -4.38235956 315.95307936
v -155.91510179 1.71804847 72.19578385
v -68.64753587 44.94662622 669.49986219
v -43.98221115 22.30745609 661.33532104
v -66.42269591 34.37390072 649.74543072
v -95.29208493 -23.31890400 349.79402022
v -49.76800185 -108.35791061 1190.19015611
v -39.81822381 -107.06533396 1172.14157825
v -30.74922712 -109.78134713 1181.59073543
v -180.29897346 -73.08826834 33.04438837
v -167.43513791 -89.40459750 31.48261449
v -22.71512053 -86.84773699 841.19388959
v -10.00995834 -84.04701747 841.90439922
v -107.28333524 -32.52776844 337.55242180
v -86.25986045 -105.44488674 879.38003956
v -90.91541484 -107.27621656 899.16670286
v -112.88640252 -105.43185202 889.62343194
v -110.14653488 -41.12218398 353.83364133
v -173.45303126 -42.58235452 44.44843577
v -178.47604686 -4.44535046 51.08757996
v 65.28178585 -100.86158857 1178.33766668
v 27.45630406 -110.23761992 1179.15189221
v -117.85478933 -44.82137752 353.47478136
v 211.72214017 13.10744262 1116.99614278
v 220.50182999 11.89298982 1084.94022053
v 228.75242547 3.44517581 1096.03761270
v 145.74260170 89.73907588 367.60028391
v 139.98141111 83.62331212 385.46830329
v 149.63358728 80.88813067 401.42588073
v -122.73807323 -51.69988835 379.18547228
v 156.31871201 97.40892049 229.06271004
v 167.33591523 89.97640834 215.29938935
v -99.66835572 -36.37933216 366.86602861
v -51.43292463 17.90953597 637.98569219
v -44.46735321 13.06597885 646.72129574
v -125.34241567 -108.78377515 869.31894111
v -124.60069552 -114.11421161 848.03194277
v -107.69560388 -111.74083631 848.37100987
v -108.85367358 -48.74615103 388.10000437
v 92.41303810 32.13825690 284.98985298
v 102.95674834 12.42191799 287.97417106
v -165.48095958 -56.10659051 42.35293727
v -113.60881541 -53.71758369 404.71967595
v -51.50662012 42.79001861 729.19214017
v -51.37236733 41.66544103 714.82769443
v -70.95927805 52.13848226 719.72956510
v -101.68272390 -47.10524196 400.95865508
v -66.02149602 -114.79075322 1204.74290374
v -149.37372990 -49.90456907 45.52659165
v -37.27182743 -116.24015905 912.60073667
v -11.98986375 -108.97332752 887.82442798
v -6.62451802 -113.70435216 896.75137993
v 157.33941784 36.59112880 124.00480042
v 164.16946824 47.63782420 122.94134744
v -71.15026953 -101.77050927 840.42109691
v -90.05416825 -109.38154206 834.59917341
v -76.32690885 -103.31655982 829.86542862
v -114.78630278 -64.04952147 424.88411458
v -33.18881859 -83.29663583 795.57085452
v 169.01157803 40.60119717 138.67347548
v 172.01657541 53.03804057 148.65069539
v -129.73190737 -60.26738142 407.36657137
v -124.40849854 -68.75197957 428.96825910
v -184.90871967 -26.30842049 42.81250356
v -197.62244228 -37.62692154 37.26698363
v 228.65575635 59.60730910 1303.69674551
v 223.79794265 70.15754268 1297.42106089
v -146.49832068 -67.30732200 426.34857921
v -82.98212699 51.44007406 689.10125583
v -63.49506822 44.72441808 687.73945376
v -51.75354175 -13.10946588 499.90032465
v -49.78526137 -20.70310407 504.93942492
v -54.51930168 -23.93897336 476.24102754
v -111.86284498 -76.91513982 442.26598039
v -199.59264806 16.57725152 310.36827604
v -193.57221317 -10.75996072 315.07371872
v -142.56472850 -75.44513784 444.32836803
v -172.34520310 -36.79205025 551.27878716
v -174.37722912 -28.70443966 571.44190759
v -170.52650327 -18.74451915 561.30968702
v 116.32808407 -10.58711443 5.53867080
v 147.46170365 118.71451301 0.00000000
v 190.70024246 -98.99215631 9.46175968
v -156.04643922 -69.25672490 443.12544604
v 38.19641276 -102.56422535 1287.34768270
v 21.70559970 -96.10362363 1289.92909902
v 177.19483574 36.55470804 451.66496134
v 171.38748911 41.60735707 459.33864773
v 178.53754908 30.35199739 467.95279427
v -125.33700094 4.53055051 83.45986750
v -139.25225326 2.11917705 87.03352541
v -155.54374465 -56.75517860 415.25792663
v -184.00124341 29.77388043 714.31581853
v -181.04452836 11.95504738 675.25935908
v 293.92472008 18.90734328 1121.75187706
v 294.51263463 9.82335899 1117.74368720
v 294.15009928 8.64360968 1102.07918083
v -49.59254894 -46.28477057 522.06604750
v -48.24734843 -27.86631336 522.17030582
v -45.32238190 -42.84719270 536.94148806
v -150.43339378 -59.14347270 408.96822351
v -16.27032305 95.12848508 1192.04549524
v -2.84263803 93.45842535 1179.73947332
v -20.12722999 90.83015216 1171.20278421
v -185.44449230 -32.17332981 322.63002586
v -164.68912924 -48.18777147 402.25133308
v -176.53446378 -39.30096687 389.52448140
v -32.82354029 92.26017576 1171.10931123
v 185.70722202 1.95528126 413.75138927
v 183.73292692 -2.98221738 399.04685712
v -168.91066523 -39.23452075 419.16842312
v -179.36444634 -28.30739863 605.64468559
v 109.66371539 5.72258963 7.31623764
v 114.76959567 5.50162344 4.83608432
v -58.92676044 -79.20139680 542.59062334
v -47.68768399 -59.65645784 546.17371162
v -45.04118395 -62.69154456 564.02880294
v -179.52192921 -33.14291966 390.55088527
v 163.28066633 59.52024691 440.32344848
v 173.07930494 54.19260917 435.77449722
v 191.75118452 13.10833096 329.80307184
v 188.78952709 2.71163454 343.76005177
v 186.58777584 5.69010213 308.49206314
v -143.62206249 -4.97972580 68.51325690
v -125.20994389 0.81710723 69.40802792
v -184.51265767 -27.07791144 276.36753138
v -183.79544567 -31.26422797 304.47750045
v -188.97231157 -23.19809633 303.21354639
v -183.05195726 -33.42374597 363.12844849
v -170.08828774 -37.67604212 489.56440560
v -173.10058947 -27.84384866 503.74375714
v -177.06867910 -41.60466387 361.79692121
v 8.74840116 -77.81497072 1290.80441653
v -1.64788587 -73.67592990 1293.30152625
v -115.42665322 40.99824200 75.59459664
v 54.51147736 -9.54001753 1448.20369107
v 60.03768629 -2.18216821 1445.09514346
v 55.80232996 -2.38529291 1458.60626840
v 99.95399168 46.28233635 166.28261210
v 96.73538172 66.66963387 193.01533830
v 100.49525321 67.17415152 170.28124873
v -169.42900060 -48.08359063 379.01315833
v -72.27469897 -93.78103008 547.19462491
v -65.50961063 -89.11181689 565.22576542
v -81.16088639 -100.28486782 574.38057289
v -169.04826494 -46.89270525 348.83391327
v -3.04889947 110.57446310 1237.35074572
v -2.78184403 112.40606986 1251.88566568
v -120.62158135 12.70675307 85.31850407
v -209.10810193 -6.85590882 798.22245828
v -203.43878534 9.75206203 826.04213035
v 105.09258304 82.03926840 185.56204906
v 114.57980785 93.74516893 162.95619898
v 106.94268139 83.55598753 167.58382058
v -194.45267730 29.21159851 345.76621350
v -190.91735103 38.50307209 340.96725664
v -195.15322673 36.65585758 314.31176648
v -176.86271162 -40.33463159 321.90463379
v -168.95197256 -43.57246997 314.65779931
v 16.73409575 96.74108894 1191.95690407
v 307.17848161 -59.84177931 947.93722435
v 298.70775840 -54.69491388 941.48690463
v 305.42678836 -63.81943488 925.38417961
v -146.52110477 -12.50853938 60.92560114
v -162.84531477 -49.04930264 345.63977850
v -169.58527554 -38.16580305 526.72200392
v -140.51901381 26.52980253 485.44766507
v -148.01881190 23.30805895 482.26593645
v -140.66962169 22.61560442 501.33213455
v -160.16067403 -52.45933051 387.13356615
v -116.06665810 20.29346796 71.28730913
v -114.75252846 32.46972319 77.46807542
v -154.70312237 -52.75391407 364.53847044
v -153.56518635 -115.79464312 793.78210939
v -138.96940875 -119.83112819 791.59120442
v -139.83007792 -118.34480383 816.54816915
v -135.75937546 -55.15603808 384.10794292
v 55.28079477 -106.63129130 1095.58513979
v 34.38912351 -113.30330555 1085.91393006
v 63.72170185 -102.77685072 1083.42724624
v 151.42110011 50.60522190 610.04134093
v 144.20414431 49.79083241 577.02767227
v 137.58225715 52.90797980 588.48690446
v -135.70110800 78.19885662 101.25469711
v -130.77430177 71.43099524 123.18122517
v -153.19090160 -54.97468829 396.46872803
v -129.65840449 26.46307479 500.69176926
v -117.41102459 30.99825716 98.74546215
v -117.50890362 44.12028554 110.48696082
v -209.64579043 -2.20571190 778.50073017
v -209.35054599 -12.14883407 770.82563067
v 267.96989729 51.53117871 1057.81188538
v 259.52105152 59.19992079 1084.08311299
v 274.58047747 55.17455492 1096.00620485
v 157.52839178 76.17494132 127.39095977
v 167.96123239 51.84583966 130.17495860
v 165.20255618 56.66178521 118.74839420
v 193.00523966 16.00138722 350.40010005
v 186.87663837 -3.34087834 381.75384001
v 163.60238515 48.78064582 460.40920128
v 153.62265956 55.23844201 458.70275891
v 152.86130488 52.55908123 479.93719709
v -119.34432110 -118.56506203 821.91335822
v -122.17495521 28.00568556 469.81413434
v -112.70219769 29.10446647 442.66418875
v -125.48441157 32.89786866 439.36493003
v 136.07273600 -27.91053296 398.41023746
v 132.70410358 -34.11054197 419.09047449
v 116.84336606 -28.49350160 409.19826226
v 194.00629303 56.22405616 310.92004439
v 192.86778701 53.05740169 284.02922619
v -122.81149979 59.11408217 125.83780888
v -130.73542771 -52.87455939 377.01465003
v -185.52083731 -92.34899049 760.15417838
v -174.01080521 -104.46082997 744.69350228
v -175.45847664 -104.03694240 763.58938984
v -142.99600621 -52.59588730 361.95807151
v 121.69697345 -60.80368341 1094.55968126
v 108.15401643 -75.05262354 1097.54732587
v 115.62551383 -71.94222855 1072.80743562
v -155.73449359 79.35953493 115.26812951
v 48.31371001 -112.43147048 1116.03893287
v 150.40708656 94.21763207 152.91464136
v 157.19741888 84.97071131 147.82781097
v -132.47133112 -50.13251166 354.77037406
v -130.30754391 41.68962708 417.95132738
v -104.41268742 31.89614640 410.63325772
v -138.60971227 80.86408157 107.13743432
v 13.09663384 -122.13530557 1035.69714343
v 14.66537000 -118.35229678 1051.45175898
v -6.64991775 -119.17740008 1056.53975592
v -170.30558521 27.84832645 675.39639936
v 181.80537195 51.93868771 190.76234325
v 180.33696370 51.28276502 177.87500285
v 173.26860884 74.34753923 187.66604723
v -128.98423742 -42.37742912 328.41759674
v -141.12116590 -48.58987627 336.76507944
v -116.56741762 45.04189476 134.07157954
v 68.96832987 21.69442566 1456.09159153
v 84.91243411 37.58799733 1454.23958732
v 60.49719812 41.78295599 1464.10663215
v 193.13310092 89.98390574 1302.69010347
v 206.54646524 86.16354201 1293.88064953
v 201.50690243 89.18730738 1273.31758435
v -157.03751883 -115.31428033 744.70632964
v -163.98662014 -112.34457887 766.58099224
v -152.10497580 -48.11504410 330.91183635
v 1.40297000 123.49246951 880.46404666
v 8.62595903 125.24516945 912.03565530
v 13.75948838 126.94020607 900.66403592
v -99.65840666 37.16267444 239.45475294
v -101.03090623 30.52107269 222.42344732
v -110.29760104 50.42923276 228.54255916
v 244.42179391 79.97324060 1181.23629927
v 255.71500974 72.54388461 1176.78231836
v 247.18212750 77.75685453 1155.71516702
v 72.49346187 129.86458945 851.63579570
v 90.34448313 128.38179637 869.26084506
v 102.55802525 123.83034457 859.67942161
v -88.65437220 40.85426270 629.39014939
v 28.85132546 -116.12438976 1214.24391204
v -145.60764588 77.05054501 180.25470905
v -145.77238200 76.11784111 165.68100241
v -153.60458927 77.43520152 179.41748998
v -116.95398422 -104.02462874 917.17836801
v -130.85280479 -100.66751550 919.90097291
v 322.23795050 -42.73609452 902.48925471
v 321.42504762 -31.43689236 918.31193525
v 328.71980692 -31.46803763 920.33320134
v 322.74286700 -26.04500653 994.15289331
v 329.27901992 -22.83314805 983.21933624
v 324.75236240 -10.86485677 1005.00945729
v -63.62382362 -102.86360765 790.33978555
v -128.76149826 66.77886609 191.35245309
v -130.59033082 68.56137679 165.44612130
v -97.02385417 -108.41867826 1017.71319901
v -114.71059587 -98.58013214 1021.94665837
v -98.78718677 -110.20742193 1001.77139691
v 100.02045968 73.57185828 283.00899119
v 95.74393470 67.51291581 306.88388491
v 67.64516897 130.29040350 909.56008023
v 76.92813505 132.04573816 879.07803074
v 53.53081210 134.98328825 880.79444513
v 163.91658150 15.42598999 190.20191378
v 175.24542389 27.00449513 190.12742440
v 172.66229045 16.98429667 212.77721567
v -117.45546290 51.91800429 174.80952860
v -111.61052904 43.57590895 188.19856118
v -115.82628751 49.62556943 161.30025290
v -101.06263124 46.25329089 637.73314659
v 28.50649807 132.75985166 888.03599450
v -169.66559764 -38.19596502 286.29595991
v 1.81701908 103.76588127 972.50795075
v 1.02687975 116.14480784 941.73982021
v -42.88347001 113.93353036 943.52907590
v 185.20671626 42.80249793 220.29505212
v 184.94698548 58.90972167 220.09534429
v 189.58312396 49.15878360 235.54446811
v -159.33123665 75.30742303 187.70350642
v -177.03067286 -33.36009843 277.35951424
v -54.34719028 2.93777351 590.38313570
v 97.60365335 122.41452056 840.61060829
v -124.07260024 63.53325461 153.76934197
v -139.43616629 -108.96169053 866.68938990
v -137.21161273 -112.84541681 853.45088426
v 120.33952416 124.91836402 14.47755548
v 120.19093383 126.08610957 34.44538689
v 132.20920392 128.86708343 30.05023404
v 154.53423729 13.46887873 181.45540976
v 146.62508989 18.68081000 151.18114413
v 157.02278542 20.88766273 154.21391986
v -181.26915576 -24.71778619 261.75933149
v 136.05455861 115.94529609 0.09208558
v 122.35413031 115.77929959 0.06544726
v -136.13650577 74.52246540 150.25943745
v -89.50233796 -116.42239203 962.92727600
v -94.35873094 -114.47873415 986.65337221
v -109.64364393 -110.63143341 984.44662989
v 121.26036983 20.19712266 177.67778112
v 121.31034194 17.10770854 194.12749307
v 84.44602230 127.62113218 906.71467730
v -191.84599905 -12.04289342 264.88622757
v -191.11230438 -11.38377987 252.44768820
v -362.19407667 -93.63451909 786.89915755
v -359.67373783 -95.25175239 777.46663676
v -357.21404462 -102.17354065 786.48155532
v 311.01321672 -29.32221654 924.90070779
v 300.08194654 -35.74166493 930.85788956
v 300.78266910 -21.76162222 943.96542150
v -154.14873810 77.08155519 157.41069929
v -184.51082590 -18.11076385 245.44924778
v -69.39106309 18.49110324 583.46462248
v -22.25680801 117.06697677 936.23714006
v -12.91702207 116.90130533 843.07936555
v -18.63445617 122.44433618 855.13613777
v 0.35044927 121.09410830 859.74593710
v -130.41041185 73.73573874 139.39744364
v 85.98105028 81.71140766 771.58277550
v 101.87873774 86.51513489 777.11881541
v 103.32929097 73.50815414 745.05646448
v -182.95476401 -13.98274400 227.65716742
v 10.87566782 73.62488025 1037.29931545
v -144.44735465 -96.65519320 921.59492801
v -362.30044196 -74.20152959 807.97562798
v -359.21923781 -66.98627467 822.18359325
v -364.37758704 -56.84360052 815.72467738
v -179.28023131 60.19007663 75.80447403
v -184.15149556 48.62725300 53.57314716
v -102.30190527 33.46103393 213.98477507
v -4.74075777 -111.44166135 1137.98577150
v -23.59839220 -114.12194894 1118.93752533
v 3.71387864 -111.06611604 1117.17067869
v -188.05979515 -8.03267303 235.29361375
v -129.31977313 -101.56536517 906.23079808
v -195.81731237 12.23246718 238.19792416
v -352.53591364 -112.34936026 785.23344247
v -343.15925054 -117.39409209 789.47948416
v -351.95004187 -107.92506822 794.95210463
v 333.67523255 -48.72940822 843.52181649
v 339.80504898 -54.07339418 826.85306835
v 328.77009312 -57.92130684 836.70209457
v 90.91531036 46.61891837 297.97011702
v 86.57675366 102.04615800 792.72191139
v 109.06824201 92.94728059 787.36715822
v 87.57580631 88.37899152 780.00536885
v -197.78669334 1.34234220 254.68114947
v 184.32433059 62.12932094 231.96532666
v 188.47089858 55.12056570 245.99291818
v -200.66105680 12.17834638 255.10429015
v 8.53180847 82.98342551 1024.47535530
v 0.87550730 117.20590016 846.30323828
v -197.81830922 6.38891113 271.77825865
v 4.04623045 55.25901202 798.35358172
v -3.84877269 59.99565434 800.93101163
v 4.96651634 69.52125372 804.14249660
v 124.09147446 90.93799705 310.94129277
v 135.32100992 94.98511653 303.38627078
v 121.17416696 94.08729935 281.86998024
v -107.26405922 26.22910577 192.36588881
v 49.67975728 132.25307127 859.18298307
v 27.26860679 130.73145494 861.99634719
v -2.94947985 55.16393181 1106.93198504
v -328.70970233 -33.29058795 850.82393091
v -322.78144850 -42.69740068 869.66451691
v -322.61507019 -46.37101977 840.39667037
v 79.41137718 66.36526920 745.10740148
v -194.99536633 -6.67627144 289.16854324
v -177.28280856 -81.08172562 872.59186612
v -188.22302221 73.21993262 27.27119325
v -192.78951281 71.80723909 12.90764701
v -193.25804074 52.64772937 21.14558782
v -154.69342177 76.80620567 213.27408177
v -145.34865806 75.05536963 194.25514478
v -55.95342318 -108.33600695 1068.15864344
v -20.37259872 -116.96791151 1067.42029760
v -33.22656604 -113.58413608 1091.56456375
v 136.76801815 124.06183836 2.64408815
v 127.97201239 123.90989164 0.92734858
v 147.65441226 29.05975220 72.15869128
v 138.83800537 13.60089807 63.69968432
v 149.95844109 22.82121458 64.62794765
v -198.77557195 9.69547622 297.15640428
v 107.22773607 67.49242349 2.82584459
v -127.07969038 -96.45835561 507.63814827
v -199.21053087 21.50358076 283.22982976
v 111.44780428 116.12750367 2.82602804
v 111.91978897 120.16955495 17.56573807
v -115.34907699 53.03579926 212.20155546
v 15.85954992 -112.02240654 1137.36122542
v 136.29071489 -22.42756718 47.54137367
v 141.00757584 -7.59273778 55.21659743
v 124.92652357 -2.34912410 52.84715157
v 62.67426915 93.48323294 785.42756092
v -197.92618913 30.23487801 297.66779757
v -194.14032722 45.11255267 278.61361046
v -171.84835336 74.54507942 77.20128644
v -173.18457774 78.96272859 56.68692853
v -175.46019893 69.85406664 77.29599998
v -109.71493339 37.06890386 183.68130516
v 235.89300054 -7.24347080 1147.66778819
v 245.15411998 -3.95528434 1127.12856969
v 251.40712397 -6.06962401 1143.35106977
v 17.67647960 61.02508906 1102.52441968
v 16.93161937 58.59572557 1078.80557956
v -4.11817498 85.25447230 813.24602432
v -83.08911994 -102.72783941 854.54651266
v -86.17942446 -104.77014414 848.82209047
v -191.08801130 48.03153852 299.91461723
v -147.09545055 -68.22288622 36.41842498
v -154.41155024 -75.96267696 35.23507187
v 187.75543562 89.48300552 1332.32656437
v 194.68233396 87.00805046 1319.53896582
v 180.00043376 91.32302550 1316.61274012
v -182.32091187 61.13740180 286.45488784
v -18.54661779 34.93083438 776.05877510
v -21.93043144 31.10420863 766.10705462
v -28.60416249 45.38531933 769.57421353
v -184.22523260 51.90559964 318.08062722
v -35.09889722 -108.77488613 1163.01878329
v -61.54960677 -102.47128367 1149.86756432
v -35.28619265 -110.25094902 1156.67637375
v -123.38152053 63.86159107 235.13367448
v -110.62281955 55.15524162 242.85021701
v -76.67801234 -120.45166908 988.45787723
v -60.05655615 -124.73584844 976.07308812
v -173.29865792 60.70520373 316.22403527
v 298.15971941 -47.35627745 928.35472778
v 309.40820960 -37.06283823 919.42743382
v 314.01081022 -52.05490711 904.07478134
v -83.62666057 -104.67754054 867.24177617
v -66.84563044 -103.02973281 876.22018123
v -175.42468087 65.67664314 292.28045958
v -26.10286688 -98.45577139 864.11084210
v -166.19498481 63.12880099 317.13727376
v 179.17886548 79.09390214 343.42185260
v 169.23529039 88.36262248 330.38282895
v 166.31985728 83.92397230 370.90650887
v -165.73747373 69.21848552 300.65860797
v 92.16579326 35.28468107 267.53623201
v -165.56574873 71.71709298 275.22659131
v -36.27295331 43.08112759 755.24172080
v -51.24207920 58.34706838 757.84485768
v -98.33847720 -113.50012903 824.54793137
v -103.30874929 -117.97842345 808.71501393
v -149.30245371 73.99126969 291.68360670
v 179.19299060 8.76840380 270.60445026
v 183.66243231 20.38206927 254.79663999
v -130.90243151 69.15707617 248.29778233
v -118.14368168 63.26966526 258.69454602
v -150.14987501 73.06930308 270.40141098
v -62.61762341 104.52544823 792.54592724
v -64.13835442 116.59068987 812.13718349
v -35.26961606 117.27455010 824.99090983
v -158.10746428 73.80651708 254.63488667
v -85.07539653 -87.10947018 1135.72960470
v -90.04032906 -84.07550372 1163.81224155
v -34.51181718 -120.61068461 1040.31784926
v -11.90932273 -121.44390529 1038.60817447
v 119.92876675 23.42026922 76.63918375
v 114.84964341 14.71147849 60.18897189
v 128.22733742 22.06629999 75.91773229
v -139.01514388 72.43011947 256.34334543
v -101.38601890 -121.81155471 757.43762893
v -94.00907012 -119.54556213 768.56803343
v -119.92918751 -124.24249962 771.81091683
v -143.35087152 74.34029021 233.22792387
v -103.97872392 43.58827217 253.47853819
v -38.54050608 -122.75808460 932.99968520
v -58.17251185 -122.56262692 945.55461035
v 126.55788510 23.69131753 143.20667824
v 116.00521007 26.33315377 127.35102464
v -165.92778415 73.88830872 223.78288662
v 285.88956734 -3.11687736 1114.28059701
v 285.62007149 -6.99432254 1098.73348182
v -131.14002253 70.04505529 224.93659563
v -129.31734243 67.13522746 213.35640828
v -164.88853619 72.34251606 245.87339338
v -38.74835957 105.21297171 805.18695390
v -44.83599823 86.00388458 781.98347082
v -86.17237300 -107.29396258 610.90683184
v -172.93619255 70.17224416 262.26318127
v -110.86866136 56.58823926 262.00553167
v -178.91136185 66.09592946 248.71249825
v -162.86559094 3.66339750 559.15429986
v -156.87389133 14.44639877 572.71403508
v -154.89792034 10.39063052 539.36337868
v -183.55837605 63.17453788 264.14236313
v -55.30916233 -102.22497454 1289.60430317
v -69.79543922 -106.60628058 1280.04962163
v -38.89700153 -107.91178702 1279.48199407
v -71.05326936 -116.21918713 1021.71954230
v -190.47646381 55.36422671 263.66371802
v -97.50581945 -114.21407781 656.02174065
v -99.84454359 -112.46526544 633.91920630
v -87.95260021 -110.78778667 638.68027211
v -189.70699098 55.28995376 236.64331100
v -34.98627898 -128.45558638 984.10395061
v -57.98164086 -125.65797930 984.92658467
v 305.55963098 -61.89055159 914.49052265
v 309.44868702 -69.33212574 911.62029315
v 186.07907837 69.29082585 256.38199530
v 172.28887226 4.47225205 268.07142240
v 179.18083104 14.01290311 241.54941491
v -98.29849838 32.22424541 250.28261368
v -170.96448809 -16.90916868 539.00790103
v -162.21201767 0.52690097 535.36953096
v -85.82983058 -111.42012075 668.04068768
v -71.77452429 -107.64215231 689.03128842
v -197.27583848 20.90658690 230.41060443
v 180.52971909 30.81775345 199.88423153
v 178.25932495 22.03495210 218.77755603
v -196.32380447 26.67351563 215.74887997
v -141.25872094 38.76881369 628.95038086
v -24.87224850 -113.91820467 1264.16274965
v -25.03272717 -121.40084150 1241.66576335
v -119.99237698 -105.76179700 969.19538845
v -117.93151956 -106.33236551 983.83906689
v 104.55027391 37.99863829 121.01060601
v 113.57922779 29.32035054 101.49099244
v -102.20594447 -122.27694055 725.92602570
v -79.58040968 -113.28037007 724.69034974
v -94.00155862 -97.03475181 1058.76550648
v -67.99721826 -113.05255165 1041.80866799
v -77.13794816 -101.13832196 1068.99484441
v 100.55129512 52.19443156 134.19725160
v 98.99358005 68.58288599 133.48165030
v 101.04219113 67.72318413 113.80541831
v -192.87251423 23.15218057 192.48820941
v -125.16829228 66.33128352 271.15614060
v 253.00114170 11.45460977 1201.24934555
v 262.65419860 29.81798008 1198.27358960
v -153.03958918 27.18374940 610.40644846
v -157.87995477 26.33917282 625.24516644
v 17.02237019 26.61144196 780.21146146
v 11.53447122 -7.75574530 781.39019142
v 9.75247035 8.12021615 789.60471032
v 121.32925731 -9.48960457 44.94062174
v 128.19848448 -26.61629150 40.49648932
v 12.68777806 -65.66712136 821.64379258
v 16.66479103 -47.91904544 808.77137366
v 28.33017497 -61.33526323 809.38286178
v -212.62508120 -51.84969080 24.63513261
v 45.45957762 -77.03961493 782.98159473
v 27.08859654 -56.09269383 791.73565381
v 36.26208126 -62.21207165 757.39136181
v -219.35089540 -38.09734868 9.00706461
v -210.18427192 -15.37595158 4.93998606
v -218.85562021 -43.02855398 6.11951950
v 3.37763085 -24.38548446 787.49737821
v 3.81000405 -15.13853692 783.79372939
v 10.60030268 -19.99851376 782.92053436
v 341.69999593 -83.23181314 800.89838130
v 343.61240746 -85.02145366 794.37458877
v 335.90873144 -80.44617640 800.16252569
v 224.34025482 -10.98623663 1164.51758849
v 214.74796030 -9.75701367 1201.47549559
v 202.46791577 -8.82283433 1194.59815489
v 142.46100299 56.14207804 483.45939165
v 143.63718631 58.76860575 456.42278785
v 133.37754828 57.75457043 478.56238044
v 23.58713832 -3.78624254 725.99536979
v 25.24253070 -1.31770258 706.87428231
v 28.64404134 -12.63222106 695.46282329
v 117.24394778 -27.59598960 21.89438414
v 115.85872307 -2.36949960 40.31381288
v 110.79998990 4.12437265 30.51030116
v 185.05810464 15.96155502 485.00939193
v 186.51100862 7.90845240 495.57237485
v 184.95280323 5.50687581 477.05523614
v 171.65496571 65.81660876 417.54940761
v -164.15181663 105.11722401 30.24942494
v 31.52020586 -50.58459757 745.96435588
v 22.35996652 -32.77447910 747.57049877
v 35.16269604 -48.41659283 731.56567467
v 61.93888858 55.04101176 1460.63165218
v 79.44846382 53.05210626 1455.05589843
v 73.40304181 68.50501109 1448.66445063
v -172.66096468 39.58479030 708.11226102
v -176.44353492 69.28374919 225.45830216
v -183.77680260 62.89012651 232.22400791
v 110.32797261 65.61160316 660.43641404
v 107.07390830 62.51499446 639.64309588
v 93.21072818 60.52814515 662.21641346
v 3.64067861 6.15006802 792.27763346
v 3.60599432 32.36461129 792.03989758
v 11.21745303 33.60568499 788.80177584
v -190.71032397 -21.74549214 668.49134376
v 163.20008994 -76.15126647 31.32349253
v 130.40822171 54.38552941 502.22358629
v 121.51926955 49.81015835 532.32861094
v 131.00337963 49.75166731 538.46035089
v 153.23215365 -29.53912126 412.63669472
v -5.20083790 28.01663273 790.50536552
v -4.75812562 -1.78648701 784.19362569
v -183.73462832 -44.60797140 617.25213307
v -183.11845523 -63.39693925 631.78261887
v 94.22734890 75.12575809 1445.62571017
v 88.27122403 58.37332769 1451.34328416
v 105.07375541 57.55442266 1449.61865854
v 348.51804303 -89.93726450 787.49348831
v 343.94101410 -81.03431943 787.09552438
v -133.14382998 69.45498336 303.43141439
v -135.19247269 70.95963398 284.94360517
v -143.13416805 71.39967551 301.52057227
v 52.28518702 -123.35736075 961.47676967
v 47.44230475 -121.32012750 941.25731933
v 69.91306349 -118.25322116 955.59325624
v -133.65211466 62.58686466 338.86163584
v -150.97811747 66.86610991 314.20990797
v -143.41860584 65.57394976 328.69832079
v 172.83297502 88.22289448 20.80528270
v -133.97308708 55.00133690 378.52744915
v -144.54738383 58.96319716 372.32358652
v 34.76390343 -117.02069682 1053.34537863
v 32.23447384 -125.66957928 1017.68070678
v 54.13466797 -120.19433942 1022.90212857
v -143.47530819 46.48329290 410.00332436
v -152.66890846 35.30644130 435.58976026
v -26.27804576 14.96464257 691.52614113
v -15.57107527 -1.39099815 711.98155115
v -16.23389345 -5.28036221 693.83152307
v 8.86182829 -87.88173037 849.22427943
v -3.87359354 -93.91024120 857.16191686
v 115.88046792 28.54378591 139.06586757
v -29.54397100 -4.52893528 659.63375717
v -33.02350967 13.50130498 668.95165642
v 131.15990810 95.46096277 288.74151739
v 149.19994158 95.31961578 311.91407040
v -180.67263202 72.19255660 45.55167755
v -184.09365127 84.70328666 26.88276594
v -203.05398086 -58.05039339 29.93280433
v -0.80240463 -25.24779190 778.91636840
v -7.00847547 -16.54347396 750.79681055
v -2.77131596 -16.59869267 775.13265715
v -144.29097009 74.85640847 210.48171899
v 240.90125294 27.34051886 1255.18115976
v 235.14866908 16.06048272 1264.76544709
v 244.51658937 18.18448855 1240.47345935
v 163.69927269 75.18875487 409.31534265
v 171.94294071 74.71326159 391.93990471
v 43.38297846 -107.69892544 899.71704099
v 54.57696108 -97.47388797 873.07584429
v 182.86469895 1.87452948 430.16338311
v -25.85719123 -115.15360345 1101.96067297
v -8.57148563 -113.69371356 1108.94659478
v -12.45381958 2.03962178 747.37383229
v -9.72170068 -6.06919873 765.94996095
v 321.22570156 -124.08344313 829.34724062
v 315.35258874 -129.76272131 813.46415700
v 320.75906015 -133.75458311 807.14473407
v -175.87587628 53.82075846 106.81853782
v 19.15580022 -23.18922048 758.35688536
v 20.41069984 -11.31166099 748.43525205
v -177.25280469 53.50545751 136.35672757
v 179.25548263 88.64621247 12.49491580
v 177.21740987 79.19027573 18.20556548
v 185.13550388 77.70300869 9.78168134
v -193.43758389 30.79020184 186.24951344
v -192.96891150 31.54849827 199.12993784
v 19.43257988 20.36842918 770.27890485
v 27.67615107 40.15540569 772.34266233
v 33.39735236 39.87243497 763.86104790
v 115.37506447 -92.23778458 1034.15090085
v 81.54121581 -108.05658169 1032.05177190
v 114.29893144 -95.78761573 1021.49030700
v 135.84071862 100.45248086 145.80144337
v 128.46035225 100.96192714 138.65437007
v 124.51661778 -100.07567712 971.75459131
v 110.31113071 -103.70231086 970.37558264
v 130.86371972 -96.22028162 957.18921378
v 331.99848644 -30.38846865 968.43990348
v 332.70734987 -23.65324802 971.45226397
v -175.55875782 97.22701325 25.35899890
v -163.42863083 104.60339421 20.76454322
v -178.91996753 89.66104701 3.05791319
v -17.01156787 88.52917266 1007.75588720
v -16.15738849 93.52758700 991.52578456
v -32.08189189 90.03075650 997.64398430
v -164.09965393 97.93403124 3.13560890
v 212.20767913 -54.25270241 10.67478571
v 207.94372394 -43.28274369 7.18498746
v 207.78036686 -26.38097209 9.15309093
v -167.90882906 96.52080152 44.12625376
v 54.37828860 126.06944054 931.43114232
v 28.71478431 117.95695583 948.23566968
v 54.52402619 120.33884697 946.99485196
v -160.78426918 89.68231584 66.86203526
v -160.95545002 80.59461468 85.77378781
v 302.50842597 -12.35059594 1059.37037957
v 292.36489134 -15.42340153 1073.29182242
v 299.92448252 -24.42752303 1041.57119227
v -123.31205235 -15.84287023 15.48462708
v 70.83015775 -83.02752319 711.13614519
v 67.88997252 -78.74499117 692.02501675
v 76.29496580 -82.50973529 686.50389461
v 115.02212208 105.35939073 80.07505390
v 114.25663797 98.67958080 99.08095228
v 120.57916139 106.30902807 97.66418415
v -129.80901458 -24.96551489 5.55503312
v 101.08920424 -93.54275628 678.23599354
v 85.76174991 -79.42608185 663.57179745
v 105.63128265 -90.53433967 664.80398129
v -216.92006519 -67.90562599 7.30481070
v -179.81659809 65.65253444 56.34775629
v -202.50612251 18.11257883 6.70756992
v -13.20665389 -68.30910033 816.89002132
v -31.15127779 -82.20407465 820.85236431
v -19.37662266 -69.96983326 803.63432626
v 95.60824636 45.09552181 221.67571609
v 96.46247587 37.85616101 232.50216274
v 20.19432227 125.59805532 847.08753413
v -172.11122924 64.47614667 91.95145557
v -64.59885722 -102.10217575 1130.52574871
v -93.90477249 -79.13756601 1115.94322392
v -214.64573279 -28.69646756 16.01740547
v 107.00969288 101.45659128 3.55231783
v 106.46221701 80.25627116 1.66905022
v 106.08823526 106.64021955 16.83768248
v -53.50471814 -104.51650106 1091.72122434
v -62.17169901 -101.41920874 1081.85612308
v 112.87560548 90.35923908 200.13403072
v 120.66940634 95.35662585 207.34324660
v -10.64517503 -57.28161112 803.60531930
v -5.05382248 -54.53312156 809.60553444
v -167.97759320 72.29812532 163.99033190
v -166.71788100 71.14090261 139.72072208
v -10.03343617 62.03966118 796.92327241
v -12.90516965 88.49497435 811.28187791
v -94.02400925 -91.83598929 1072.45281316
v -118.63955136 -55.25967976 1113.44377152
v 344.82574601 -46.96621345 903.22924646
v 347.09338847 -55.90709187 907.22655689
v 350.23191162 -58.57659652 889.73360352
v -124.60124375 -18.95375660 8.30964474
v 55.07308702 87.88183804 1013.26710184
v 91.57401202 87.04034265 1012.19269058
v 61.83383742 96.92699438 998.37725963
v -128.21328857 -52.37919805 19.76184958
v 154.64808851 116.63766557 3.31097831
v 191.24646838 74.15254090 2.14359969
v 8.77628898 87.42282728 1011.47105058
v -194.40800584 55.73985852 4.69304037
v -190.55268555 76.48045510 3.10113611
v 52.06167440 -116.07063547 1249.13182990
v 26.87046903 -25.74679459 711.44257304
v 108.18030795 16.69619583 50.17693606
v 131.80770347 -82.30135369 565.51756260
v 15.42517406 -110.21714618 1268.80601365
v 124.49585869 -66.47765000 507.65827357
v 112.35917477 11.11953776 247.01518934
v 105.44685490 15.84470232 256.30188164
v 105.99288603 18.58508036 241.06993567
v -250.71187032 40.95430965 1272.09304132
v -248.73476206 57.13931663 1257.68205273
v 314.76784715 -65.99178398 829.81119431
v 319.00378896 -57.86174362 823.66308559
v 314.49656796 -65.66040172 818.98591864
v 62.99329386 -76.67302326 1313.41011433
v -209.36396641 72.36332093 1322.47989330
v -221.99606439 70.68024463 1294.49530192
v -231.39893776 63.96660803 1289.15834997
v 178.96143459 -99.53300237 23.96995996
v 194.08979449 -101.74149696 10.89076739
v 185.78065065 -3.35744906 496.56032300
v -17.59225211 -96.77104511 1288.35957944
v 186.23785975 -3.44200704 513.08072886
v 187.30414266 -4.20980780 525.42834089
v -3.85126582 7.07217879 790.01699632
v 152.28438933 99.04920300 282.73228907
v 143.43441345 99.23715443 263.48410471
v 130.19754590 98.24832167 276.80692526
v 109.48457575 -106.05104058 745.66314357
v 114.06370434 -101.08301090 719.73438998
v 138.13909447 -105.62110877 724.99568810
v -205.80533242 -35.29561735 32.84145206
v 97.19202920 40.53902559 68.43254340
v 102.24728496 33.89740923 79.44359791
v 98.32392664 39.64437559 93.99830976
v -197.38424432 -20.02245967 39.30565579
v -205.95022253 -14.43656457 31.43470965
v 90.09310680 -93.28743847 715.73320215
v 81.25063289 -93.24913654 732.22529687
v 346.83342838 -91.87433081 779.66598248
v 346.88113779 -109.44070409 783.13156379
v 338.44056387 -97.40881445 771.57776165
v 21.21174493 74.95059164 791.83539142
v 21.72744232 90.23445981 800.38158531
v 38.44920534 84.16920049 786.17259975
v 192.48067916 -0.75993374 33.52668218
v 56.98494817 51.22212257 740.80503100
v 43.75097254 42.45411827 745.55729253
v 48.63826839 58.33034547 765.69953047
v 108.52206232 47.39255630 528.89818758
v 101.19040232 45.47923177 500.53631262
v -10.73326499 71.59115381 1155.14556265
v -193.94161149 -60.85768601 837.13975043
v -196.32852472 -35.28562213 856.54264182
v -200.07480719 -44.36620781 826.99948134
v -162.92835298 -107.97626725 825.74996996
v 174.32935453 59.96248595 33.94758685
v 74.22706586 11.58899656 453.79606824
v 72.41563426 20.35842822 466.62321851
v 77.34585258 18.77020363 453.39179795
v -187.58745428 61.10506659 1.87442033
v -80.08755614 71.90662708 1137.54406340
v -201.25593744 -10.75281840 851.86160079
v -185.15741121 85.94892047 14.01393495
v 252.67441603 -5.68910315 1117.61337029
v 253.50017386 -7.60608539 1105.78741142
v 264.03897130 -5.82648756 1131.26027502
v -35.93875676 127.57754719 861.67688129
v -124.50652816 -51.96080958 1103.77702238
v -134.64580322 -34.72551917 1096.69748385
v -129.56804041 -55.44403032 1085.49839369
v -119.38952653 -56.48586281 1170.44898191
v 116.55880110 -34.53925680 9.48222822
v 120.31411144 -54.85971839 7.37118933
v -161.01999681 98.89249379 50.74660617
v 258.91176913 37.65953178 1028.26348905
v -139.20179091 -63.26757705 1052.28269005
v -160.97463524 -45.18559245 1020.21409042
v -159.58529962 -54.81880692 1015.13069339
v 352.05758041 -120.12808976 820.84368689
v 341.92663284 -118.72250259 834.17028534
v 344.04875757 -124.54757604 820.01489393
v 137.71679748 78.08087652 405.22185823
v -111.04433420 81.84383340 1207.80286942
v -127.39194109 67.89273243 1212.87263577
v -116.87726771 85.77972379 1224.33331568
v -91.59619192 89.30243363 1196.31639718
v -89.35979010 80.51076242 1173.78208946
v -106.39511378 77.52029232 1184.57999832
v 57.04076715 -101.05928990 1194.04074043
v -29.06061319 -120.15147853 1214.87630224
v 134.80019227 18.73118720 160.85891548
v -103.03793543 61.78102168 1147.33600936
v -117.68748898 45.87545295 1151.29371881
v -103.45662644 67.43690999 1160.00153838
v 118.08872018 78.95610482 378.10982111
v 125.26002114 79.23315847 389.52628658
v -104.65392600 92.12631978 1221.38532711
v -100.13249720 89.23152233 1210.31162721
v -83.61605455 23.16231911 558.80353247
v -254.30894643 29.53076157 1027.24849146
v -269.76359262 34.30863087 1014.19070160
v -261.19079857 39.46436162 1029.70281437
v -1.88012653 -110.35709789 1193.09784378
v -11.46144933 -112.01833785 1184.23790388
v 2.63600361 -111.90550614 1185.36887228
v -236.06899594 26.25724909 1047.45463712
v -236.69568508 14.61328386 1046.65755850
v -241.75235523 17.20672305 1032.31900348
v 71.58039032 -97.30245530 1182.30253137
v -238.95066715 47.56097489 1060.73572284
v -244.82709226 38.59794186 1042.99335359
v -261.29823121 46.38368051 1039.21130976
v 276.62868300 28.78605413 1168.42465471
v 276.44622378 35.68436756 1168.22470378
v 272.12324707 37.97923826 1179.32494886
v 98.00321519 67.47396601 361.44269845
v 92.06527173 56.66813880 365.80101528
v -130.89603319 -36.70766347 1191.88267350
v -137.11071622 -30.89839323 1203.12589787
v -137.05475007 -20.70747734 1191.17256776
v -170.25529602 64.09709445 108.68829611
v 4.64506437 66.76383680 1042.58662699
v -134.80422717 -15.12621268 1176.92249297
v -141.19590982 16.59735708 1204.05589515
v -132.52641064 17.23329625 1177.72482291
v -166.11593328 -81.27714876 924.07655031
v -176.88153186 -65.14411934 926.15194158
v -151.84185339 -85.68026240 968.74503174
v -141.67699233 34.22924845 1213.59869173
v -136.84507169 55.90079549 1221.97822582
v -130.98532815 52.95572477 1195.99592485
v -133.99417240 -18.22926557 1170.05264042
v 243.10798317 39.74896445 1264.45697885
v 241.10623952 46.57317799 1271.66274959
v 241.45689626 38.24910731 1282.83534495
v -167.29911026 -96.79980995 863.89028043
v -152.72876539 -105.19330884 867.39373967
v -180.53649919 -65.09071327 908.72413731
v -265.86998767 16.03008540 999.17921880
v -256.40684647 16.44464621 1013.89849520
v 310.90859772 -37.52682153 996.42401527
v 314.04472592 -51.22454130 969.30046142
v 321.45560887 -43.70661355 972.29538649
v 68.29070528 13.49665100 469.71368357
v 50.99243644 64.20951788 1099.46559109
v -93.27247711 47.13730626 642.41844439
v -150.42914946 38.67268642 656.15762255
v 171.15450347 0.69510256 45.02177244
v 71.09625060 5.24586271 459.66911249
v -202.31111413 12.97796404 3.72802253
v 54.58514152 66.53941485 1065.74150400
v -149.46051766 56.95804224 724.63132199
v -127.01900814 57.94597254 709.52957891
v -143.32325868 54.19858307 707.55006216
v -85.61690430 46.01856630 658.60117055
v 187.83618323 68.75145603 350.09827811
v 177.59440861 65.00357613 401.48416575
v -198.05393498 -42.80510538 704.02054397
v 143.17182213 109.32173999 64.65804460
v 110.33628694 111.40649927 41.56472506
v 113.27151846 119.76125389 35.90411634
v -162.60067822 -90.70706931 598.78704913
v 218.75698382 58.96907190 1108.61569324
v 209.82837297 47.38030413 1108.59646364
v 211.01141470 60.20775337 1127.46063492
v -199.80799054 28.64447020 793.40052740
v 118.38445475 -3.99705856 300.33633446
v 106.82728059 4.24383567 330.37862778
v -79.58468139 73.89241675 1021.94992966
v -124.31535742 -90.32557673 1031.67398434
v -97.38136837 -100.40957798 1047.69313390
v 136.69857303 -96.83917835 12.03748975
v 135.50022421 -85.89922908 21.86914627
v 127.99091036 -7.89504244 294.12330523
v 117.03090907 0.30733663 286.43309397
v 123.28588297 1.41368412 266.18139536
v -53.94314334 61.67699158 1071.79032406
v -169.77563186 -70.71464792 957.34064781
v -166.94998449 -78.27444368 940.15940207
v 236.96533581 62.77724827 1264.24243808
v 245.75741684 49.10807479 1254.24778913
v 242.03044209 66.11062309 1242.18947205
v 119.95689410 -20.99320637 372.34569770
v 117.08977734 -24.50578884 395.01244440
v 15.81128356 100.79972303 1204.69055661
v -171.82723073 8.61633190 626.58098192
v -167.57933031 8.18119443 607.59240647
v 205.54011899 -81.03712502 11.22099701
v 207.07702910 -54.43180059 22.38095306
v -187.67738581 -10.66429200 45.62954666
v 183.18641945 -22.13735314 1368.59265908
v 175.92496585 -29.89784329 1346.19029125
v 198.46488769 -18.12525541 1342.03119300
v 52.91218234 79.50527024 1145.24991740
v -161.32631364 27.37176885 644.20977442
v 309.16118355 7.69676773 1058.11577742
v 310.21169725 15.47446620 1045.96942705
v 303.44521859 17.80919789 1073.97788639
v 85.36589958 -92.26145601 1153.99108385
v 92.15215597 -89.93089007 1122.77722176
v 102.35198489 -79.19719493 1133.14646853
v -190.04984557 -85.33457734 739.31896558
v 299.53353525 -47.96173489 976.73009395
v 289.61603439 -40.94457659 990.21388667
v 142.27672466 22.69300385 134.98102004
v 106.51334832 -78.12885688 1187.96217529
v 93.69366388 -87.35799415 1186.72981326
v -207.82307415 -23.60151528 749.20589610
v 159.63084202 0.73855612 248.18339120
v 182.28301457 31.21638709 218.38874574
v 236.76094923 -6.75125278 1082.98746362
v 250.84941464 -19.22173539 1075.55629913
v 256.12457239 -17.64989820 1086.71165831
v 105.67942976 -72.91753657 1167.31449454
v -10.70215806 -111.09590328 1200.91551136
v -31.27590255 -109.51999951 1192.18810824
v 339.46278977 -39.26629377 935.01194517
v 335.63009790 -47.03674953 940.24458221
v 342.56458199 -50.27167741 923.78650905
v -67.04387417 -103.30669663 1185.62403381
v -87.61349975 -108.19162463 1207.90626849
v -87.32200437 -94.03057275 1185.97182889
v -77.87016884 47.87471884 681.06097436
v 153.07888683 91.90217656 355.61321104
v 113.35861137 66.52956639 416.67375781
v -178.92200572 -33.85860022 583.86606287
v -46.20703249 88.55813768 1161.12747520
v 334.40052765 -113.44014479 849.33684186
v 99.87543210 50.29204185 161.80420946
v 113.51165331 -14.15521816 8.48932386
v 118.49018841 -25.17441151 6.27763532
v -171.94889745 -26.26667298 523.99730306
v -24.21196533 105.48910318 1218.10097279
v 281.48582858 43.90570172 1044.36340212
v 282.12392960 37.07259038 1023.04131460
v 81.75460993 -92.12259954 1080.90709583
v 84.42090961 -90.28389976 1095.74791889
v 306.65180535 -54.88075449 963.03493427
v 164.54493187 77.72821328 161.27289465
v 128.64036252 -49.88729158 1088.19715521
v 131.45172460 -42.78366559 1090.59814271
v -150.60527607 -119.67509481 766.83232227
v 156.59289520 75.77466482 101.98201203
v 152.32315360 85.80197418 99.83436829
v 151.06126382 87.41522481 125.38539678
v 151.65039807 35.80396222 80.18351081
v 128.27056656 -58.98105039 1067.77151442
v -116.60778157 84.43987227 769.36225926
v -136.47524207 70.55127180 743.39129875
v -136.72845733 81.82652448 774.83115496
v 219.45466709 -1.67206354 1284.21448575
v 229.44627758 4.73360313 1254.83345183
v 225.02642641 7.58263813 1304.04542105
v 323.33959409 -63.74188055 842.94714075
v 321.65054761 -65.49660204 837.01350152
v 142.70885191 11.23021736 189.13060722
v -85.80831465 97.63326636 782.27803216
v -80.31577788 106.94072407 794.09891500
v 22.33751240 -110.52074139 1186.15816184
v -100.70449303 83.71441632 767.43116438
v -84.40205030 74.96115192 758.14242263
v -115.87916992 76.72894840 750.88116681
v 107.96817443 82.40755514 311.77241052
v 101.18026272 73.73543456 337.55629268
v 118.79499472 8.80234931 230.91640494
v -67.01352329 91.51454291 778.48632529
v -241.14840943 -9.23561265 1121.85239464
v -222.62636930 -11.15068080 1150.30808903
v -231.52527564 -13.02680800 1148.06540923
v 314.43868622 -68.19374615 839.01461844
v 308.73392423 -73.83935954 835.44212070
v 309.11609918 -62.24785216 853.45713940
v -98.47823852 122.37552041 871.85785072
v -104.13517397 119.10893132 890.80352245
v -76.42649343 125.67326574 893.78991434
v -159.82144056 -88.61161380 919.20572041
v -219.60161359 -8.35606026 1143.38776036
v -220.78262977 8.45874668 1113.32686436
v -206.88503864 1.86792956 1146.77874159
v -247.96221509 -11.58629947 1124.94048854
v 331.44053535 -41.13428030 903.04299054
v 335.61124553 -34.88619490 920.39858345
v -90.55025058 125.62286302 864.12921739
v -110.49986348 116.85149602 836.13410949
v -155.26580131 -97.74739694 888.88471090
v -215.03096186 73.62657755 1194.49016971
v -198.75759519 68.20424317 1199.67050049
v -202.61036092 63.31092661 1176.65155939
v -87.72237333 116.21289739 921.89906815
v 87.89924187 40.83401524 337.45097601
v 89.19148017 28.22579767 328.39266656
v 97.49139962 44.88016737 421.97895459
v 100.80833462 9.50090716 342.74735806
v -79.89929765 126.37079521 845.10508011
v -196.40568092 45.24049306 265.28987961
v -35.13386125 -113.46876132 1133.29427635
v -50.72341579 50.08048357 742.69049976
v 255.88052330 66.29231475 1106.58765702
v 249.39460655 63.45059055 1098.38720048
v -97.41329708 -87.05586763 1189.24738994
v -99.31272606 -76.07735279 1160.73941945
v -32.05998690 77.30654465 782.99332869
v 111.71714114 87.38568435 297.55223196
v 321.38099670 -60.96700028 945.91919490
v 315.08801437 -65.14715066 939.17866702
v -70.47076155 -94.87028777 1165.33035380
v -40.26624273 -116.49053328 1259.33180074
v -29.88461332 -109.51046300 1273.16763789
v -171.52289191 -18.78765242 521.07108181
v -153.18645198 61.77868142 351.36029599
v 278.33034430 48.94433657 1109.49853149
v 273.13501649 55.45514786 1113.90737549
v 282.21705219 37.03548102 1142.05559925
v 107.77825470 33.84321018 106.18486632
v -73.07593449 -114.14679189 1265.25472251
v -153.04979748 48.67052962 402.17739628
v -13.78904540 -121.57100613 1224.58476033
v -156.52161886 19.14854304 595.73263068
v 191.11494725 49.93539612 262.74024702
v -136.73731841 29.99265672 457.07994714
v -151.65976010 24.99488577 460.96363348
v 105.20727572 32.19094732 93.33807316
v 24.67796674 -110.38456204 1131.80667862
v 3.43199981 -54.82800562 814.84422354
v 2.90125856 -38.18524967 803.91046901
v 10.87158481 -44.78596412 809.12146394
v 179.91215152 80.10905224 253.89503113
v 139.63177248 27.28520575 79.22255961
v -111.15633214 32.68067065 428.29926399
v 16.37899976 -109.04139716 1171.46538580
v 14.25394910 -72.17827775 828.53668390
v 128.85118988 124.88246208 48.73248589
v -119.38447786 56.64379507 345.76123465
v 12.55535916 -28.71736727 792.01225299
v 12.71195773 -39.33855013 798.67978265
v 3.93355128 -29.66949408 799.53939610
v 63.51013971 -86.64316291 754.21565872
v 90.48124399 58.91574616 322.95910685
v 317.03018456 -91.53154441 781.17897797
v 325.56406882 -79.19895104 779.86369852
v 321.15833401 -89.32160581 772.38497129
v -37.28560017 -107.52088224 887.49866460
v 22.77654525 -43.00623216 770.13679425
v 187.37704428 91.31512278 1286.90322052
v 192.91667084 89.87327195 1270.16363858
v 97.95355411 73.08436053 75.72920383
v 96.27863414 47.14747518 79.95444010
v 140.86255357 -19.18665954 1109.01491777
v 139.04614763 -13.04514378 1121.25552452
v 139.30307999 -22.83695692 1128.58794439
v 141.66556549 -13.06211962 1074.91894758
v 149.21269264 -8.89695269 1060.64336507
v 139.52182366 6.84197515 1072.14741691
v 29.70912005 -35.22394569 726.17470349
v 24.93169142 -23.07591289 729.03852520
v 25.74580024 8.64947848 715.15087711
v 161.18191702 -20.49502140 363.21720950
v 157.36997373 -15.76670394 333.57463703
v 142.17142539 35.22342646 1041.29335992
v 129.81383974 49.86204337 1038.82537047
v 129.34644569 39.14199363 1054.70435269
v 104.03883477 27.47955571 37.78712776
v 137.40357352 -7.88847588 1103.91134029
v 138.40120589 -23.30610313 1090.06968216
v -322.26400579 -48.92268240 779.35057490
v -321.15655173 -57.93369703 767.83340681
v -328.95732507 -56.33342285 769.64643130
v 61.03756333 -76.65733057 714.33860368
v 47.30939080 -67.87621452 733.64195261
v 48.68986148 -62.08802567 707.96996066
v -323.19433509 -67.93467701 811.70375942
v -316.69282313 -74.34868088 804.99176296
v -318.03732652 -56.93974920 800.12849160
v -60.39509661 1.34223386 491.04358123
v -314.98231540 -58.01897539 777.76172657
v -321.17580124 -41.09426954 791.42500089
v 336.06056836 -78.95563368 781.48057643
v 333.72305603 -83.09436398 792.06438234
v 140.71009847 -95.17224135 9.17235716
v -52.29087014 -36.57690888 491.90968028
v 135.08885893 4.90856192 1121.86733984
v 132.81587990 12.48113544 1118.63010389
v 132.79097790 15.52981511 1131.20964809
v 137.54384062 -2.13927589 1132.58932879
v 139.15967797 -19.35836768 1148.75571206
v -10.35979112 41.82521760 787.79092533
v -21.29359393 66.38139786 785.59639421
v -4.16980286 45.74494844 795.44335994
v 175.49566353 -7.91005414 331.17621606
v 136.94291568 -30.75496248 1144.34055726
v 132.32653090 -43.40524456 1138.57259793
v -42.01001761 -53.01234210 561.21365279
v 138.27105223 -1.99281725 1122.17492948
v -54.07445598 -76.28685373 563.89627001
v 330.01381193 -132.23432364 787.38294314
v 337.45684149 -122.35727132 780.16593902
v 348.34291638 -117.75425193 790.00238074
v -89.23803373 -102.12781603 563.73053849
v -314.48832825 -68.14938550 770.39553572
v -308.42058869 -80.65263161 770.95354411
v -314.91464465 -85.64888815 763.84758480
v 188.37282244 62.49326721 1183.35840382
v 193.38017673 73.94358520 1191.48161876
v 203.05848012 64.29178993 1151.88688058
v 123.88417022 27.53589992 97.89045118
v -104.79309117 -110.22374598 616.09289239
v 70.09373732 -117.20071200 1002.89272327
v 67.45326421 -116.58695770 1019.17495922
v 79.77280180 -111.60032146 938.81307489
v 187.02587559 28.97091179 238.41680381
v 188.29184892 34.68312774 257.08972272
v -86.74426725 -115.67257414 708.36103547
v -135.06765604 -107.16623692 880.63544542
v 54.06809023 -108.99801250 1059.45069668
v 40.02167923 -113.78561935 1072.83640393
v 62.79387441 -110.20478261 1048.31407259
v 99.67916432 43.43854709 153.79352356
v 30.82816872 -113.28488231 1148.36334368
v -38.19289550 -88.03393709 831.39790004
v -13.13430867 -9.99849523 728.27643264
v 312.04703861 -99.45659164 805.83383313
v 307.11841829 -108.54902701 808.21843387
v -18.14358253 -116.97925417 1094.95230366
v -58.98246181 -99.14733555 855.45151323
v 222.91623239 -7.65386707 1215.81795373
v 224.37871610 -2.19413331 1235.60336372
v 206.58866523 -9.73812685 1224.47626834
v -84.77385161 -110.02467495 919.22006112
v -64.71774790 -117.13764789 929.48789047
v 22.35419741 0.34678292 742.72880808
v 27.79731553 15.65815990 740.67595634
v -102.12379993 -106.76883412 864.08387705
v 13.62630934 -19.41905973 773.39386040
v 138.22104563 -1.95825063 249.34866022
v 131.72142691 6.94672938 218.91748726
v 143.08420051 1.61881798 228.28555730
v -38.63279579 -126.58420236 1003.93248653
v 27.39191420 53.66475420 779.16224532
v 368.17049756 -72.96455829 822.23839117
v 365.13104964 -86.15347068 824.90566435
v 361.84778880 -87.06583810 817.53017901
v 115.73229900 -100.55527925 1003.98416974
v 114.87358456 -103.05415020 985.57307924
v 141.06897643 8.17559272 201.67094521
v 145.42666022 5.77501449 215.79920823
v 143.01998947 98.91843956 152.39195074
v -119.06859706 -122.71653984 788.56265796
v 314.98640322 -15.52879185 1026.10765036
v 319.32748806 -0.80545514 1024.27780380
v 98.73899179 -107.50413719 955.89829985
v 85.27658327 -113.89193444 973.95929659
v 283.58614845 27.75805723 1145.16445486
v -141.81646481 -121.15433174 730.98432854
v 1.14294528 95.35694774 993.19068416
v -75.85008809 19.77187053 568.77923412
v 262.56409756 -28.47384267 1022.23627742
v 253.66372547 -23.11805395 1027.48688727
v 259.81789383 -22.62390950 1006.96124397
v -26.87893662 102.93334100 970.07094367
v 43.85807270 131.69152902 905.83705748
v 196.88117168 -28.76904610 6.52732496
v 201.71979607 -13.89930996 5.79338971
v -160.44813038 -103.05540352 644.17102405
v 210.28359956 -9.25864656 1265.70353552
v 220.50791939 -3.13295865 1262.15963492
v 77.87490330 123.45739366 930.30140401
v 77.61831205 -81.46137956 678.45406822
v 95.33808869 -95.55371590 696.12595473
v -144.86856602 -97.06127554 580.28904221
v -107.26581498 -103.99505207 572.67551098
v 292.41017673 -26.87204871 1044.76172556
v 282.49896854 -28.21602886 1047.79844577
v 288.53219141 -31.73977408 1031.55087852
v 83.14419288 -87.58789963 701.35516847
v 120.33641147 -103.00375911 689.70484001
v 108.70107953 -98.69743068 707.50609238
v -61.84454553 -89.55160716 578.36630888
v 120.75677642 113.09044559 74.04807038
v 105.64819886 86.10881529 90.29683989
v 104.17777689 81.81522772 113.50142919
v -153.27411865 -93.91332019 585.43657192
v 99.36623685 74.77101389 227.60299857
v 104.69916599 82.53342841 222.27432261
v -172.02135979 -57.90825584 560.60461084
v -3.16917247 -34.82514110 795.64188161
v -59.73721528 -103.51148418 1105.27504005
v 329.15074600 -15.63412292 962.28688337
v 321.49912823 -16.88252191 942.30328396
v 321.56957896 -8.63499482 961.66389691
v -161.44882118 -60.23711291 491.46643143
v 99.05144003 69.47897417 267.06912605
v 97.71382316 70.05693504 243.41840212
v -103.67088037 -72.50192583 1109.12476249
v 169.04301171 -16.68936262 1274.23221495
v 169.40903035 -17.65958559 1286.48679359
v 159.59403749 -22.07040074 1288.05543147
v 52.58413957 74.30829372 1034.77021871
v 27.92739040 82.07110376 1025.36365184
v -128.48637579 27.66497761 551.49050722
v 345.50036275 -46.10405566 913.90358842
v 27.11530080 92.64272143 1001.38029490
v -169.91512561 -35.62044585 463.15068684
v -36.56108599 79.73733620 1018.49925507
v -16.09769641 78.44815795 1031.51799950
v -115.30329340 29.80818179 560.13822454
v 200.30879750 59.75236309 2.99157950
v 196.83564417 72.65738117 4.92489638
v 181.77389070 87.48066817 4.24390815
v -161.19659954 -58.84025709 433.75191699
v -26.62642190 112.72893406 1269.42937865
v -42.07778192 113.48043132 1251.24145064
v -25.56838349 115.86579468 1288.71410474
v 38.47518076 -41.42065776 694.63541150
v -179.18543178 13.00246431 420.57787825
v 264.11508747 -18.02598746 1090.05085366
v 357.78872456 -82.25748822 845.03751928
v 369.13451591 -74.11003976 835.10262612
v 363.81503393 -71.56071231 845.08831793
v -73.12677440 120.79231624 1277.17205814
v -48.83651644 118.91657305 1279.21532901
v 33.33761256 -24.12383636 686.96499022
v 41.51771394 -51.59319165 707.19616570
v -14.46174030 113.84050825 1284.22515252
v 128.50771963 110.27740387 90.40471049
v -64.27939392 126.49845877 1303.07078004
v -195.01391029 13.57940119 354.55139559
v -199.06307182 12.38297195 333.67358805
v -314.45964333 -54.50353071 888.71531355
v -315.82930401 -48.24485650 882.93491332
v -312.24926049 -40.27943011 898.31266578
v 180.87214593 47.58783769 1402.09328449
v 175.63332236 64.69811159 1394.73099854
v 151.84863409 57.47530576 1420.61013453
v 7.84189508 91.82065738 1416.96103319
v -16.85355959 91.28229972 1414.62122773
v -7.60965151 85.14264005 1430.52546435
v -317.44635019 -65.60868587 911.71151130
v -316.59676608 -66.69127038 891.44142946
v -312.45295943 -59.97024370 919.68672406
v -323.89574869 -28.23975276 889.05278015
v 326.73130137 -56.79870151 814.02693006
v 328.00771870 -55.23868601 824.67245073
v 184.17024529 11.45295891 282.01103167
v -39.71914010 99.82233435 1409.38930297
v -11.80642747 95.34939275 1400.24363365
v -197.78214137 27.24935093 316.51549977
v -329.56663043 -33.85433035 872.36662965
v -337.24823995 -33.42669348 865.62274338
v 13.71073104 89.74234799 1427.07525064
v 135.15112006 -48.67341759 37.76811118
v 129.15033692 -56.47694062 30.58510136
v -13.53545357 102.35689490 1379.41563849
v -183.09353185 38.77751342 370.80284839
v 94.98375663 -100.56850760 751.19469643
v 109.12771017 -105.99055050 767.78053464
v 323.51126092 -120.18023030 838.69235421
v 313.03065735 -124.46271528 827.04129111
v -162.83982303 36.17914212 425.11689580
v 118.37845299 -107.32405143 746.84144363
v 106.31433645 91.94189986 70.22642920
v -162.20550096 12.66700769 466.87808795
v 233.80455197 43.26192546 1307.92265810
v 57.65194297 71.33022872 772.86449426
v 321.10954123 -133.38952822 787.91158825
v 318.54203293 -127.89665336 780.55997435
v 329.14208083 -129.17808852 779.34058579
v 37.55648180 96.88935301 795.52731858
v -171.46702938 -11.93689722 505.95969429
v 31.62243849 21.99511652 737.00697621
v 206.48092776 -18.76358104 16.22605437
v 199.15861502 4.74582939 8.58070565
v 102.60961864 47.16885847 1076.61077915
v 114.23474835 44.60843075 1064.43906731
v 102.48828269 56.85684379 1055.37005840
v -187.60942202 -70.43915303 854.28731195
v 181.58158336 -0.83875078 459.80594921
v 175.85502230 -33.69027995 477.43386824
v 177.45347599 -23.83238131 448.68292425
v -115.86816128 36.06720437 591.29469354
v 87.59746533 61.01577997 1055.75321414
v -205.69228111 -26.48140421 812.09552928
v -67.35236577 8.94630772 520.52432862
v -323.36597122 -84.65604270 862.27664218
v -330.09512002 -80.05330357 877.97515640
v -329.94390060 -91.50208700 847.14315208
v 115.09138553 53.68780343 1167.54464992
v 125.85046736 41.42906302 1171.70703407
v 129.14166689 30.81824777 1164.96918535
v -124.33131687 -45.46821842 1119.61070676
v -129.19352448 -32.02094589 1117.81354267
v 69.82455325 -44.61364272 556.12046035
v 59.58932065 -24.21161179 550.50466588
v 69.50283444 -33.87404163 536.03470756
v -48.95277860 -9.92810279 580.24511076
v 124.79149725 34.13110298 1148.79942918
v 104.64233553 55.53459816 1149.52170057
v -48.41624043 -15.16692847 561.05561280
v -306.95477284 -67.95865897 835.16705081
v -314.43115235 -60.10401712 833.50622245
v -308.97769259 -67.34171497 844.64424321
v -24.08879361 -16.60092715 665.47653493
v -13.95113021 -88.81937401 1473.99894261
v -25.53428510 -79.79067867 1476.08057258
v -0.73045937 -89.00793408 1465.83203942
v -36.50468182 -5.20154460 643.73073539
v -0.09211135 -119.35928177 1227.92575912
v -277.79185023 8.22794809 1155.33585761
v -283.45860082 27.81448930 1161.17754753
v -291.42500662 10.53466183 1131.57967698
v 57.21958937 111.63279268 1405.91283871
v 57.89426126 118.67353189 1383.68801454
v 30.45099179 107.70349402 1389.90212993
v 101.51106988 49.26145509 108.20231976
v 100.09181367 69.25549209 96.01978324
v 202.95728233 -27.10038598 676.90329145
v 198.02792873 -6.91981488 668.80785921
v 196.51248037 1.29283230 682.66086764
v -14.85431022 -13.59333151 693.79558655
v 106.16708426 39.45665527 154.68314839
v 60.40314732 126.67472507 1349.11437721
v 39.33231355 117.32153739 1367.58564800
v -337.69245306 -38.14804838 800.66513041
v -336.53324183 -33.25663490 821.17513537
v -329.43533661 -43.36851337 812.32303645
v 306.45801824 -116.25840077 824.26646889
v 308.69337802 -125.55393849 801.65394703
v -7.22125121 -40.25220290 771.84487218
v 105.60738787 46.34706641 1115.49056873
v 94.52431235 53.80652226 1116.04007336
v 110.46364737 46.89447051 1132.99534215
v 140.37252332 -50.40737455 454.55000899
v 145.49872512 -58.20949606 475.72119117
v 129.14082122 -53.89422168 463.48201688
v 118.88661647 32.99665376 1110.79817384
v -343.07729232 -102.22937360 772.20538227
v -332.21927295 -88.34268728 763.02097383
v -322.44420707 -101.50645526 760.11351797
v -5.33403669 -95.56602012 1577.31055118
v 1.06420492 -90.74752268 1582.62229163
v -5.94337501 -87.98528926 1588.19040533
v 323.38518356 -88.77267612 801.29396326
v 319.00827299 -74.02385874 806.44809170
v 327.40470501 -81.60670718 800.59229637
v -14.57821714 -58.03060538 776.90288144
v -5.56996296 -29.77430798 761.98500579
v 159.65402247 -17.37866376 1036.51435330
v 176.43138859 -7.29371899 1016.19899273
v 156.15897363 -5.75973241 1045.71028001
v -132.38876720 51.26651563 691.38900166
v -129.21739490 48.22842470 660.79974862
v 82.18854569 8.81685907 427.31097635
v -22.96203735 -38.18815196 673.22328557
v 152.28116224 -40.51725303 1042.60587352
v 169.88877701 -24.90877514 1015.84681300
v 74.35490608 -97.27943621 1192.21774859
v -308.84606646 -102.88431038 798.34298419
v -307.37715784 -109.23445910 804.32779151
v -309.73241312 -109.49265609 786.71654207
v 140.43965898 -32.35996302 1105.28192493
v 41.43171347 -116.12544860 1221.88222575
v -71.25752460 124.77439561 1292.91877046
v -43.54646896 -29.58266268 558.99116780
v 125.19320091 -53.68022590 1180.44037028
v 124.03592973 -49.51972955 1167.84509364
v 135.44775598 -30.43620391 1181.55819946
v -129.84891501 -96.07435452 1000.38019431
v 101.76840557 -33.00329762 472.71674230
v 77.47896307 -21.01150573 480.04339982
v 84.39876930 -22.73516579 470.72646482
v 120.94463835 -61.90171510 1191.39695878
v 118.81025127 -58.87198025 1168.83892033
v -163.91767288 -70.40857327 973.95752582
v -308.49640001 -117.33498139 765.23957288
v -310.14226785 -96.45487065 764.22858596
v -306.19589489 -110.03920921 772.03511440
v -181.73594330 -0.51762415 659.98439884
v 84.56324777 39.29768075 543.90445944
v 87.50738637 42.04736419 568.21538885
v 109.12711922 49.89526466 568.12815517
v 136.06008603 2.71419542 1092.13685930
v -309.92002651 -73.03474693 778.02599200
v -312.23958825 -68.71632989 789.74396570
v -310.59536727 -81.73471920 798.92155127
v 142.13895528 100.83847965 1388.27412847
v 168.53531731 88.92850387 1378.34666411
v 169.01064839 97.52472536 1357.35502205
v 127.86331655 -58.34815580 1109.98292984
v -315.47623421 -62.79089770 926.00761961
v -309.08630787 -57.09516627 935.38511847
v -315.81095829 -56.74898259 945.26283245
v 54.65316560 -18.88150262 608.41592825
v 56.89674086 -30.95015625 618.75488223
v 52.19084035 -23.83702819 627.84322144
v 71.64416376 -99.88565523 1155.08906024
v -80.72173687 124.98751376 1318.00986982
v -94.52716078 121.98535932 1317.20529571
v -14.73750460 -102.68038316 873.53109664
v -129.78020251 110.28507335 1287.69807021
v -136.10913906 109.87007578 1298.51067115
v -106.78441519 120.95235349 1299.60323296
v -207.15561607 -11.84311756 1199.82310015
v -219.17695247 -13.21250798 1206.75939896
v -215.49754859 -12.73778417 1176.41921728
v -9.01861709 -109.01775472 1170.50076184
v -71.78178845 -119.85797534 951.70948244
v -93.13934291 -112.50727140 942.22886965
v -290.15095665 -30.19402201 947.47606183
v -293.21187508 -20.84709745 941.25707641
v -285.34682577 -21.19300979 954.50401357
v 150.19716029 67.91240284 713.48511048
v 165.78492961 60.67213400 711.33570249
v 153.03935564 60.16614449 689.70576215
v -36.90539701 -112.85122998 1200.42653622
v -5.42207823 103.04080106 1374.90172521
v -2.91223770 94.69750958 1401.89543166
v 13.25051501 104.51870886 1386.99511390
v -21.66296657 -127.97755354 1014.34466540
v -43.66550359 -125.16083070 1017.97157003
v 26.75035198 98.09831769 1419.73794486
v 43.60441896 92.59595970 1432.33018386
v 36.97243441 101.75685056 1414.69967451
v 15.90072883 -102.79143451 1285.40067104
v -187.38988404 -3.52354687 678.01790606
v 30.21313388 -80.38358383 1302.07949862
v 11.52956848 -68.61399223 1306.92729169
v 27.49767655 -109.50279600 1163.80561181
v -315.29015442 -56.87157090 859.48839724
v -314.04470901 -54.95819824 843.69352874
v -321.16233720 -48.99039525 856.22886665
v 85.24379638 63.18724982 690.70829230
v 65.35222910 52.85553445 677.49499565
v 64.15535574 55.71013018 717.80626923
v 89.48253220 -90.45791193 1110.48188293
v -125.33780087 88.11876202 1250.03522764
v -109.29192911 92.59737697 1236.56778515
v -124.82236299 82.10205501 1238.28645917
v -143.20255364 35.62239737 1224.84510443
v -137.16902324 60.91784309 1236.07305781
v 3.19550163 -109.48853045 1125.80911078
v -352.04275310 -46.55735053 889.67868290
v -348.27561128 -38.99226101 909.67863447
v -349.94048610 -38.97872380 896.06107197
v -327.42435448 -107.72655735 824.03150028
v -315.91016094 -110.82553719 815.58640282
v -322.02853680 -100.14750847 832.92437212
v 17.29028417 -113.61067020 1123.92097178
v 121.86607276 123.50785945 2.83152069
v 185.47898566 24.06842624 678.64162452
v 85.52777065 122.96171148 831.74868755
v 19.09838250 108.57081059 1372.31986544
v -18.01168845 -117.01799833 1082.54258558
v 94.19528101 126.31243061 886.37630827
v 41.42044220 123.07773669 1338.91395659
v 42.78422336 122.99753333 1314.09735593
v 16.05523728 113.86333841 1316.53000600
v -90.77323843 -59.85907679 1354.94028112
v -73.16893129 -50.78975220 1361.99688950
v -82.97777636 -50.81785177 1365.37709200
v 299.57157573 6.73889832 975.55566655
v 310.55467212 8.88753256 984.19771286
v 311.48059020 -3.26734528 962.50689406
v -72.68799479 -94.73499737 1094.55213983
v -56.42491246 -107.20046213 1135.77209060
v -354.76006111 -78.70824317 826.80757395
v -360.94815479 -64.59368747 835.68827291
v 106.82485886 29.72008899 6.56729303
v 103.58744915 35.92113437 27.00955843
v 126.07051390 -59.54337662 485.34020211
v 61.56206055 66.65151900 764.46921846
v 137.20771144 9.35806091 1157.61328259
v 134.69180360 15.49262660 1169.65227389
v -91.25649883 -85.52804254 1091.10356901
v 58.97459263 103.40860299 794.79662826
v 138.92125599 -10.84965490 1171.80771765
v 137.30438542 -20.88821412 1168.73638921
v 133.29862699 -35.92002225 1156.56722146
v -54.49654103 -117.59007762 1037.23454814
v 77.09206506 47.65204662 618.29381352
v 69.77147288 41.87109494 620.72887571
v 77.15720195 50.04008046 634.10529832
v 36.15367628 106.77274818 1232.80816727
v 28.66989379 105.35820293 1225.14383029
v -142.31220810 -91.04778355 990.92239808
v 14.69942134 115.38784527 1300.84569403
v 30.46024750 116.26236643 1278.12518410
v 8.44781150 111.94251881 1278.75888575
v -57.50138960 -74.05571380 1546.31919734
v -46.51949196 -85.67168334 1542.24646166
v -52.73005062 -78.26392479 1553.42027364
v -55.01218253 -93.29551581 1299.32678072
v -25.80248301 -102.83625409 1286.50072259
v -111.74608153 -107.11897375 949.95645182
v -121.83911210 -104.91781789 949.33544715
v -337.12547066 -61.01636449 907.96013798
v -352.63167940 -54.16549192 878.09639683
v -345.35172604 -72.73501137 868.11064567
v 194.37213074 -70.80275979 668.06996276
v 197.19361207 -53.51999266 637.49815870
v 203.37430750 -49.55910982 687.58888050
v 77.81571161 121.58708988 1378.20558847
v 74.70116929 127.50809634 1350.71502084
v -143.78752829 -101.46816788 893.77910690
v 63.98728995 108.21443995 1415.18662399
v 63.60999544 95.05725015 1432.57299812
v -155.03995926 -112.07453682 826.34782532
v -123.31321880 31.30329016 1147.30834107
v -124.54973062 36.75233246 1166.68716912
v 163.12168369 -74.55506604 955.52722873
v 178.12883316 -63.52692576 924.55650729
v 175.38901354 -63.75989681 939.77423093
v -126.87854777 23.58360802 1165.25144384
v -125.68407187 23.79982880 1128.81058112
v 23.88892609 -83.27937884 843.15594424
v -179.31152577 -96.09730376 791.76200332
v -227.88711159 35.53612692 1063.38728269
v -228.38179035 48.49849231 1073.73341126
v -220.82158206 46.77633770 1087.53983853
v 46.97347808 -70.79498155 744.77828781
v 3.22589325 55.07644107 1077.62333252
v -7.13875600 54.37740182 1063.21446755
v 19.02529566 -41.46913973 791.48100830
v 177.56027194 -91.45610570 691.64687321
v 196.31077488 -70.98257950 691.70488023
v 186.41885288 -87.40897509 711.61199974
v -7.69649219 53.20046910 1084.48425268
v -205.41020252 -39.81283265 728.69586832
v -283.74651525 49.17013370 1060.55516653
v -298.82606266 38.19698654 1042.07660350
v -294.01746749 41.67102796 1080.87439273
v -198.98637530 -18.82086288 700.77452078
v -293.25452845 -44.13555625 974.29865427
v -300.84245656 -47.35683186 966.51233740
v -294.30842648 -43.16772331 957.33803522
v -194.76671532 -26.80120243 685.51678011
v 42.66508647 -29.07703485 1486.25809919
v 31.32792331 -31.82323036 1459.22372955
v 44.41189845 -18.83401964 1477.91008820
v -166.51362790 -22.64085094 1018.12024450
v -177.93562140 -12.80771364 997.24567923
v -172.87840625 -26.68992374 1000.56363304
v 120.60218052 56.10133932 467.39202657
v 99.64322724 42.15269318 476.85445479
v 112.65522608 51.20310975 480.89770175
v 87.76004350 -78.13023056 626.68565382
v 94.90146429 -78.87669190 609.91982832
v 111.88281829 -85.90336012 610.46713991
v -177.46529666 -80.55136841 633.54255025
v -180.01090904 -15.42989343 985.14289631
v -184.67671919 -15.07886264 972.20392444
v -170.94134624 -93.22606129 650.92501933
v -180.99604197 -49.05298300 598.03359991
v -331.43964599 -12.96753111 998.27470496
v 188.64516046 29.87225543 1162.85510110
v 195.11311356 43.90897875 1149.94983159
v 194.18212085 31.29707116 1149.89470104
v -125.82874934 28.79849897 1073.34092847
v -140.17286294 8.20130095 1070.69671993
v -138.10341646 9.35960923 1083.66382112
v 189.80264363 47.59523748 381.65089211
v 192.19328155 58.42396214 356.86352492
v 185.30885211 57.00147053 388.23789581
v 197.62133715 -47.11775958 865.63697272
v 206.49985883 -21.78495119 859.45387706
v 198.61879436 -33.60327365 879.56621350
v 163.44266872 -19.70656704 379.20368320
v -149.29644682 -12.03915036 1060.44272813
v -144.03725790 10.30081795 1058.88492582
v -285.15636926 -37.64900497 981.24375832
v -277.65971498 -29.04571176 990.79799929
v -259.81580258 -12.99810954 1105.55417234
v -248.87841156 -4.80639526 1098.91946852
v 196.41578969 84.98896603 1227.04346090
v 206.95681564 85.38947932 1211.53745042
v 198.06293924 81.96281296 1205.85881325
v -140.49665770 -5.54970565 1221.93545496
v -141.22850203 21.76552609 1221.64819366
v 44.72142933 -125.76805971 983.88386899
v 68.34865854 -119.41477950 979.46234544
v 163.48765050 71.36947164 759.31121162
v 174.29860864 58.61653768 742.87570555
v 161.91673170 65.64052994 742.54006255
v -142.84857961 2.38401829 1210.87496276
v -142.96163611 -11.27631538 1202.85982070
v -136.99227306 44.46494717 647.43122191
v -263.24292756 -25.65378700 1065.15666447
v -256.85194110 -20.68997897 1034.62822032
v -255.02898339 -19.54941726 1065.61250576
v 18.79071401 124.58518583 925.10172502
v -82.50786059 78.60924573 763.89424468
v 53.21704272 -113.35377631 919.90574679
v 71.61294817 -100.88350488 894.68625050
v -131.19352307 8.83680665 1118.13612958
v -126.23384872 26.36491596 1111.78183855
v -133.45927184 9.91162475 1105.87231498
v 183.41760690 -67.92070691 885.92370310
v 177.67039668 -70.41806682 901.83290698
v 177.23172276 -79.84979271 869.01004739
v -79.20864580 42.61933049 652.15839018
v -118.02754590 37.40771358 1119.93065533
v 42.72769181 63.23115831 774.48059635
v -76.47249555 57.81574685 730.27959352
v -63.42286061 66.39565566 758.06578060
v -286.03006852 30.00163247 997.02120754
v -299.09441841 15.51862015 969.29116758
v -298.41678672 26.24928758 988.24515375
v -122.58592342 -78.40380987 1225.64424116
v -127.89132773 -56.24116502 1210.15489456
v -121.48666121 -63.23255006 1201.66603234
v 115.34943217 118.09990845 857.55762738
v 131.85627728 105.59567384 881.76378738
v 139.33852108 100.37107442 844.87409249
v -110.81970026 -95.59476855 1222.31603861
v -127.94671725 -78.36580058 1249.25166467
v -38.86455404 64.03644720 772.04196441
v -315.39225159 11.65841899 964.71410731
v -324.38436003 1.51696677 951.91985342
v -322.54408774 9.76817604 982.99574349
v 111.17891307 -101.03176414 946.63942596
v -211.21450345 47.86260434 1124.65148179
v -222.14822121 56.75174760 1107.42252512
v -217.90383817 57.19616706 1129.43451513
v -64.19849701 72.73786875 1026.24205607
v -214.53206980 78.63996633 1238.51546970
v -227.04721563 74.96986528 1240.84602396
v -225.17290305 77.71413879 1253.44348066
v -31.55799305 128.32209981 869.86312284
v 82.36847500 100.65155348 988.55706010
v 100.73071627 93.01732601 995.94060034
v 40.68651676 102.84403726 983.55432360
v 52.84745769 111.66303746 968.38736111
v -106.84244834 61.96120513 722.51743254
v -101.36548323 71.33352536 740.44122864
v -76.87317761 113.42257658 938.96303785
v -310.12783081 -85.67388760 846.53861084
v -305.50580116 -78.13581098 845.22170437
v -316.04840155 -77.04652986 862.76499493
v 58.62274193 -68.64448542 688.96099642
v -84.93368678 66.09929814 1033.48576268
v -268.20095059 31.84369681 1220.29623828
v -264.00808713 39.47777447 1230.38488309
v -272.15229707 38.10044226 1207.40282922
v 188.26727649 -43.91251554 579.30428517
v 189.36523216 -22.34763416 561.95492251
v 192.27558063 -32.89406271 586.64303132
v 78.07246619 -74.37275040 664.23418493
v -133.54599931 34.57009838 1046.74632952
v -146.42253400 28.86459802 1032.14831184
v -37.76820244 59.46478682 1079.43345410
v -34.13815696 58.50957641 1066.87199150
v -156.05492150 -10.24509827 1046.03459164
v -165.59384071 -10.77189223 1021.81101824
v 147.02914367 -86.86378808 940.80766632
v -12.40166001 105.45521009 826.16128924
v -3.80660151 103.64002300 826.36145215
v -82.16235246 122.48971921 827.05083319
v 131.19126674 -71.25823639 1047.99273250
v 87.03008033 80.51364885 1022.97484958
v -23.87226490 67.73308472 1127.75465204
v -15.25660904 57.20085792 1111.61765502
v -201.67914169 35.71062793 1138.11500086
v -201.88828626 49.86644848 1155.21643364
v -195.73033848 40.66818381 1162.73784351
v 163.10088473 27.34104459 1022.36914825
v 158.14849586 40.09378535 1016.09766935
v -133.27020083 98.94790968 807.42760617
v -151.27182746 82.41747303 792.18601495
v -56.40104299 83.77950240 1154.20311279
v -162.77446220 50.55352710 723.87563255
v -157.79895377 64.86128096 747.08904451
v -253.85734875 69.69975829 1200.87074742
v -246.39226364 75.32492578 1181.02635287
v -264.60529331 65.57498855 1176.70035309
v -229.97227663 -11.70028520 1206.36676883
v -247.40631945 -8.63712558 1183.66938563
v -229.49392138 -14.33197929 1173.45103760
v -114.61527345 100.74975965 1253.41684036
v 93.71533333 40.88502912 253.68397489
v 96.19866664 33.02548327 252.63012730
v 115.81785771 -89.68026551 632.06113098
v 140.75103217 -73.25115479 518.60263138
v -176.65984098 -38.49454479 982.04899901
v -173.87824745 -51.12838037 977.09935902
v -39.75702988 108.72334200 1238.64168036
v 95.31717616 -71.93000484 571.68331799
v -182.00226940 -41.58141018 956.74584267
v -322.76637468 -65.86961915 919.21679299
v 357.78300463 -117.87437228 813.15276530
v 354.05899135 -106.58125018 833.27258434
v -27.00889769 81.33523788 1154.98244968
v -14.92451944 83.98068469 1163.60564012
v -11.52381241 88.55470881 1167.71945770
v -291.34803958 25.26493638 1115.82584926
v -284.54368724 43.55178324 1131.66415791
v -289.88155747 39.13154538 1103.31598974
v 330.75109652 -124.24106569 819.36816221
v 159.20729472 96.22669279 271.16090985
v 190.57133423 -59.79749266 872.87657408
v 185.54922688 0.20637040 550.95651435
v -151.80843420 -29.78512659 1048.09484381
v -145.73432949 -26.42141408 1061.37643596
v -18.75251781 108.17209248 1236.41533877
v 178.56852051 -52.87316293 531.42390369
v -18.78375462 109.76557846 1250.05901228
v -140.69241809 -35.33493451 1075.38886913
v -138.98999772 -12.19686682 1096.60917989
v -142.93991803 -6.48737699 1082.63850147
v 124.98774170 -104.66679954 707.00482335
v -276.44743238 -13.75693420 1117.05691443
v -275.07008449 -28.27905372 1073.14893158
v 37.73201524 94.63474019 1190.79903007
v 130.29663852 -87.44702636 603.67314850
v 138.21409529 -91.23847522 632.08404067
v 124.89205956 -92.27890694 639.60340673
v 78.09552974 -95.40557980 751.52931398
v -102.72616874 49.99866930 1092.69638113
v -105.06671452 47.58425573 1106.10803474
v -90.03420349 54.28462318 1099.94859579
v 31.99667219 81.29396824 1152.92793762
v -111.63810568 47.42944775 1056.05123847
v -102.29432543 47.14024612 1077.60721520
v -85.88509023 53.61954911 1080.26910048
v 68.02316701 71.96262232 1133.80366890
v -276.16824819 41.40426034 1022.77513107
v 5.19084849 86.95171687 811.39360889
v 37.28123055 62.66642808 1102.30138144
v -238.21192150 4.96329554 1082.50639046
v -246.42254664 -4.85471294 1077.20711276
v -239.08347655 4.98776435 1071.49277193
v 29.70525937 7.59417493 691.08369992
v 37.06991634 18.55341087 676.51259923
v 43.82076353 13.36035871 651.83126475
v -165.34060559 28.51775892 999.98628035
v -139.67052175 41.82309357 1024.39539474
v -140.00882140 52.43642396 1010.62104279
v 62.92219949 66.70204750 1051.54160910
v -109.18530455 81.30810169 990.42532458
v -115.54691843 71.12828606 1004.56467473
v 177.49677130 -17.50953485 476.73519221
v 69.91444829 60.64069482 1087.55589044
v 71.76686659 63.05656364 1069.53861750
v 52.72694271 60.88318029 1082.89854651
v 171.51908153 -36.16271422 450.20471683
v 176.11312769 -31.37025694 457.11464397
v -10.41028456 -104.20315117 1521.01959564
v -30.96533293 -91.78115598 1515.42459593
v -9.15970559 -100.50015697 1504.94682718
v 93.90461904 -55.48238030 514.71235758
v 105.79152910 -64.05567761 511.61075436
v 88.78430771 -53.75448521 524.23374353
v 86.17435146 67.34307803 1148.36266316
v 86.03886796 80.29066540 1174.52526290
v 108.70681939 70.76953543 1177.89751170
v 105.12323076 -71.62620622 530.85576602
v -28.31334260 -86.33115650 1500.48055187
v 33.52569011 128.84094381 915.64450537
v -300.86164270 -85.92122340 820.64775178
v -307.82206877 -83.88347752 807.22947840
v -308.03738894 -72.02114502 824.53059701
v 167.24564333 41.76027965 630.88386546
v 178.12154712 27.22126339 626.33724883
v 170.99771676 33.94248791 603.20618353
v 130.68693774 98.05130844 203.14708761
v 132.85728449 99.31574086 177.07294706
v 116.52214336 93.39602113 184.99696640
v 26.45134114 114.09609825 1357.08388186
v 14.77034424 113.06116920 1348.69202668
v 186.45227072 15.57166587 642.07814849
v 177.75961792 33.21923654 656.10423264
v 27.14107621 -82.93994543 1482.75353515
v 19.40378528 -89.99286926 1490.44772741
v 18.75481523 -86.81508543 1473.69241399
v 234.49439782 4.08366331 1235.55589855
v 154.16295177 -48.91704079 459.72427111
v 164.90324021 -41.40236637 451.31678203
v 158.20016308 -55.55218173 477.73914911
v 136.37213127 4.86818371 1167.11500920
v 158.36285975 -59.90991034 488.03835933
v 15.43800107 -91.24619703 1553.55194062
v 16.36273223 -91.16108735 1544.04154480
v 23.25928672 -85.89647391 1550.43618174
v -357.44480629 -73.93869879 786.65606602
v -360.81624936 -58.87082794 789.99711972
v -350.50944609 -68.83407219 777.84337255
v 255.38179269 39.25547334 1235.38121460
v 253.39042650 46.00169706 1238.48652075
v 87.29995923 22.19763402 396.91429374
v 143.93410839 -58.15401043 1043.95178600
v 132.89152048 -47.55989635 1070.59002917
v 73.16908724 80.07486877 774.62503512
v 86.14508933 24.73159263 420.62389790
v 91.43124792 36.86704977 437.62646263
v 99.35981536 -26.87541947 443.11694834
v 85.15223076 -17.51499904 454.98695546
v 89.78762328 -19.29784472 439.56117841
v 134.51373404 -34.22215675 1191.12920589
v 143.52264741 -19.46758439 1201.82135602
v 137.78322257 -34.94754899 1202.27928440
v 69.05668819 -72.08786309 672.52062186
v 68.34616977 -0.86406781 473.24025115
v 112.64352193 74.79397484 1439.07937604
v 127.30092866 58.58601457 1440.11978558
v 137.36123011 68.25717021 1426.01166440
v 65.81475266 24.75953582 509.95690764
v 61.22554014 11.84046241 493.39047560
v 59.73881617 12.42867573 527.59359909
v 111.47442149 39.82742322 1083.25747751
v 120.95459503 30.54324477 1082.08259881
v 75.50768312 -96.15247340 784.88684986
v 74.94303247 32.26279497 544.98697487
v 68.62975096 25.51525230 543.66291122
v 155.48062254 103.74475263 1336.13169381
v 159.31738652 98.49344292 1316.85079683
v 145.43970921 107.74509241 1317.01527833
v -330.67749552 -74.25092289 760.31078959
v -322.27514734 -70.24083437 763.26032094
v -224.32575307 77.94535873 1196.58181629
v -220.18386840 74.37868567 1176.92822541
v -91.29109170 120.90752016 1340.98251422
v 56.47434370 -26.67346306 592.74370241
v 50.04154209 -2.68644973 628.42075743
v 50.36426210 8.81918968 630.62441655
v 55.22396821 5.45960945 604.25726887
v -300.97995003 -4.57383913 944.43482331
v -293.39012566 7.28236859 959.75359951
v -285.31215870 -4.25702055 957.27187674
v -197.28534320 13.64988885 1158.20201970
v -202.93884339 0.71471173 1166.55720543
v 15.99268704 100.30620363 1405.40204988
v 135.43925799 67.62829530 696.84529069
v 152.24207784 56.37839588 646.22706267
v 157.29311490 54.30172936 663.24571364
v -156.62744857 77.97381860 1275.02178543
v -164.14722318 77.60973206 1282.32592335
v -134.55886787 75.35378417 1245.96248115
v 53.99448586 46.27587022 693.56763349
v 102.34545108 69.57136025 735.01536330
v 113.88245582 69.41336132 720.53701540
v 96.19229397 65.52635386 712.95484244
v -274.79319528 0.30664452 1148.28029114
v -257.66290679 -7.91159033 1167.49731048
v -264.57226057 3.86314534 1182.38342583
v -189.01795873 -24.71980173 1289.31112388
v -175.98144075 -32.72365639 1306.30663827
v -199.55540283 -26.33208743 1302.26731185
v 183.78332362 12.09293293 432.72470300
v 183.03004162 15.64231510 456.79157758
v 187.10421780 19.54769757 664.52845220
v 202.68637968 -62.73747486 709.07928418
v 209.28485845 -41.52706194 729.99503093
v 217.26689458 -1.69023341 1318.24202344
v -130.41453862 -58.90867188 1332.98045303
v -161.78470151 -40.34464155 1339.10333292
v -156.58042242 -46.38618704 1331.67129368
v 205.57083529 -5.82013176 1351.52379227
v 139.72979039 -67.42666985 493.62379153
v -59.46869275 125.11798776 909.67086716
v 126.68446306 -48.17986691 452.01718134
v 110.64137076 -37.02402962 440.58273846
v 123.92279802 -45.92230412 439.30039650
v -60.71704868 8.80408790 1476.55012970
v -54.74832536 19.78211902 1499.20994380
v -53.36720266 29.42301290 1476.97403444
v 106.84423680 -105.12852378 994.95212763
v 15.70427680 110.82689266 1255.80351406
v 94.31119498 56.56626828 619.45062685
v 102.69094304 65.75997605 674.92481508
v 82.68139044 60.75765850 673.79140247
v -345.17600649 -109.88822726 803.16176060
v -335.89150512 -113.29506317 805.93511658
v -336.71209149 -106.87376528 820.06782939
v -72.65469235 -47.05716555 1554.01762628
v -73.58587078 -25.18384513 1548.26082504
v -66.74403828 -55.92794459 1541.40519401
v 71.45443134 116.93656799 1397.50990818
v 196.59609295 -33.70126552 616.71713309
v 195.51451640 -23.16085344 619.65990477
v 199.46656459 -27.44563253 634.16928047
v 70.85574495 -100.78269505 1072.14767301
v 161.23710028 -67.73723305 994.86392277
v 164.03473220 -52.45503458 1010.42244665
v -131.87072722 -8.18536445 1131.78593125
v -130.68194795 2.76579561 1146.62772686
v -129.74925951 10.33492033 1141.19647993
v 172.52685345 -57.75141421 969.63467594
v -259.73665466 -1.50817602 1008.26390991
v -256.91681893 8.57959884 1010.23503263
v -244.45782709 9.68598308 1027.23383954
v 181.51109875 -90.42867188 789.30431198
v 192.23509315 -84.07190812 747.31529557
v 191.31292669 -79.52021187 799.06441798
v -31.51194090 60.11297986 1097.03740359
v 98.19103599 -82.91928592 1153.21665893
v 198.89952966 -72.89811666 733.03343048
v 199.75662670 -74.02610624 748.59919497
v -264.59658473 58.56460294 1089.02171020
v -256.05426813 59.36533583 1073.39328565
v -271.04005914 54.87234164 1063.54193697
v 138.03576288 -80.82630936 556.05999842
v 153.05978303 -80.57397808 585.81424430
v 132.69780358 118.29142503 63.14157308
v -182.34189839 -50.68329395 924.60956467
v -177.22927177 -58.24677536 951.27555046
v 109.06676926 103.96339057 61.40328493
v 142.65926295 -83.77554710 582.92475683
v 34.62856794 -112.10177488 1265.73228004
v -256.50066801 60.18203835 1092.17449233
v 242.65550934 7.25480899 1020.93567561
v 255.57592515 2.26740665 1008.27200027
v 188.09725595 -40.10816459 920.46112301
v 196.69983829 -25.85011658 894.33903189
v 191.73732428 -20.97880056 923.24272949
v 107.04754452 14.05521300 21.56169437
v -141.98195404 -44.07935906 1062.95334998
v 202.59124242 -7.52443165 876.44152846
v 191.79512097 -2.77841913 918.24845524
v -293.61256649 -5.34389064 1111.54430443
v -294.00883566 -43.28351255 996.18049702
v -301.50175054 -44.53751810 992.21266427
v 235.51178038 2.50668788 1033.33577571
v 241.86818109 -11.99118076 1036.38339365
v 126.15040071 91.23249261 792.68875161
v 112.47956402 87.93537712 778.18436421
v -130.71452796 -53.63292444 1221.64561349
v -136.97266967 -29.80982026 1228.20269895
v 115.34001994 72.76640134 740.21371810
v 132.61677343 78.45670265 754.72317226
v 204.20289848 -37.70686710 843.02352201
v 198.86075100 -55.54205179 842.28349002
v 206.96306274 -43.88888045 813.77092889
v -89.50250269 70.31376319 1141.79395354
v -100.10504410 59.62878335 1132.52263640
v 192.43528910 -67.61037366 840.58966400
v 203.07338581 -61.18794770 793.19247692
v -265.34193766 66.02986841 1152.55598647
v -273.78444997 59.61049379 1124.08678178
v -273.05094859 59.83748635 1150.10332364
v 149.79821293 76.96317344 760.53587448
v 137.50108429 93.21882587 813.75048141
v -111.35048448 -84.06866753 1206.49967798
v -100.18132933 -96.92326829 1206.18469792
v 122.53360020 98.22108442 805.88906745
v 132.08465158 101.24996587 827.80192429
v -205.37791009 58.98796296 1159.91648673
v -193.63968470 57.74584935 1182.72089899
v -256.53024577 54.97572939 1059.86979496
v -267.61268868 51.98036979 1050.16323634
v -366.12664359 -52.19934071 800.40437542
v -359.59592664 -46.59430980 793.87112472
v -98.42613413 57.68413782 712.11395474
v 95.76399614 109.17287761 959.69311982
v 131.17135393 75.81014182 1002.56860086
v 113.54953682 78.95443957 1013.99947806
v 124.53804811 73.80173531 1013.54974639
v -275.23235389 25.32986012 1187.43046126
v -158.63965971 13.42715256 1023.98025717
v -169.61734710 6.27489621 1008.44881781
v 192.47231213 -50.81804716 609.54285835
v 170.44703459 -62.50050616 530.52072663
v 180.02375962 -52.82123341 548.84169868
v 180.74183844 -58.17159433 575.50080596
v -191.38914917 -61.28196566 855.18150542
v -344.28426086 -35.87298140 799.64918743
v -345.67364874 -40.86002071 790.75373689
v -351.38754479 -36.94573998 799.87841762
v -149.22204125 73.91321643 764.73412983
v 149.31095122 57.39973913 1008.41771047
v 173.49514411 13.31613848 1011.19277224
v 166.51635006 1.97776659 1030.88611519
v -307.86149387 -1.12074943 940.56435488
v -312.46534885 4.28517072 947.22472624
v -323.02045590 -11.51557948 914.65348113
v -315.33230690 -20.30869371 910.85038936
v -322.10851987 -17.88950675 903.92215205
v 156.56024946 81.37929373 81.21913485
v -10.80578446 114.72742859 1263.37599525
v 77.90706077 -66.60765090 619.45454814
v 82.75414024 -67.76096359 600.09826517
v -173.39856552 44.11175426 727.03189480
v -309.70643033 1.29151732 1076.68374064
v 281.36026133 4.82493132 1133.24274515
v 291.90205388 12.52255477 1124.42644189
v -305.19965727 -39.41181662 918.71169373
v -300.79709239 -31.21773911 925.57350953
v -298.47422297 -45.01139858 942.29353453
v 103.86766884 81.14042591 155.56968891
v 188.22011281 -50.84948441 901.30938798
v 11.65406919 84.58179576 1444.11018071
v 207.74190350 -19.28961162 845.53552207
v 211.00015911 -13.01136597 828.95549186
v 206.86913881 -2.53396696 851.01152915
v -307.90432367 19.57961863 977.00050352
v -175.47381242 5.16257213 641.33577725
v -119.70045548 33.90720195 1106.06531033
v 129.66229585 -95.21449020 648.35081759
v 156.93302992 -94.45714768 660.49674266
v 145.26943098 -94.64911174 646.16274078
v 164.26092857 -84.08720394 620.82740729
v -166.92681966 19.87565292 637.21459191
v -232.10079483 22.73288510 1056.42582648
v -219.87199648 25.93711548 1087.14600549
v -268.06291863 7.86984915 988.61789321
v -281.81805328 15.15840555 978.15781595
v -125.89640163 60.84998109 1013.89391074
v 39.15354026 -5.39350134 659.94112049
v 37.14447542 25.89322103 693.41028036
v 35.70931945 32.46775116 713.34030497
v 44.54879192 39.16617646 704.46309680
v 158.38661861 -34.28722904 425.76783951
v 172.22049102 -21.75922834 424.65735651
v 89.28324146 34.06108773 453.55796115
v 102.28346447 41.64752222 460.76769161
v 175.57894355 -23.96186623 438.67445974
v 181.21005882 -5.20246000 444.57998417
v -166.67681158 69.38576891 781.60342774
v 174.90630448 52.42893025 35.67751959
v 171.43527342 -43.04439466 476.12759187
v -138.72717713 102.36548726 832.78981374
v -112.58474430 114.71126704 828.21434359
v -103.03828108 110.31911530 806.00749683
v 138.97747480 126.16976389 39.79317900
v -121.03464274 96.82923336 791.63481259
v -104.31696194 98.98181786 786.87818263
v 170.47606699 98.12413530 13.56301684
v -72.94012238 68.56136722 1542.68963407
v -54.34654488 87.12938893 1524.21241983
v -60.57119094 75.77726770 1522.88836352
v 59.12947829 9.65237012 567.35011849
v 62.71362045 17.56351720 542.29203243
v -126.94994990 62.35381134 725.75382583
v 58.37462558 1.55019712 542.07592236
v 60.94110529 -18.44133144 535.94387803
v 120.69592416 -42.00860002 26.73282603
v 80.24714067 -50.25939131 541.97778754
v -80.28558741 67.14170946 744.27876320
v -79.69965054 -13.12449478 1565.13843643
v -87.20949331 -6.03927757 1575.72247907
v -87.83807151 2.94181482 1556.61319157
v -51.63765827 72.16049804 769.35540407
v -245.38202729 30.16342787 1288.99036784
v -252.81677570 34.15312195 1267.47858369
v 201.88382725 -38.11231647 656.05874586
v 204.80787475 -35.94938113 687.60191718
v 69.54621498 -1.90550685 1597.25036467
v 75.91418307 24.03702297 1595.73903104
v 70.93494245 15.62557545 1618.41312889
v 121.81898296 25.01393264 159.55303856
v 115.21684657 30.18592798 165.31778133
v 206.87868003 -26.56444064 707.91901976
v 102.89092183 41.15263573 108.25761221
v 111.57314419 28.24810666 180.40712464
v 110.41460335 69.73049334 398.00997246
v -88.00257681 -115.81540291 1235.16184817
v -80.65707674 -115.38084730 1217.94485685
v -56.37489735 -121.18761705 1219.35807624
v 180.70162355 42.08590983 182.77958010
v -101.64230677 -106.41362715 1259.54328330
v -84.02642856 -116.65967350 1243.61628205
v 100.70354487 76.44497150 137.14820614
v 107.06439554 91.12899221 127.61777517
v -79.96627547 -114.40322316 1261.24505367
v -57.34480779 -120.58295048 1247.05561497
v -88.74422064 30.50137905 1624.17900625
v -79.88380243 35.56058159 1644.40046660
v -86.18597319 46.07646244 1616.50227860
v 109.21059816 -27.79342360 422.56167294
v 122.29355649 -33.89829938 423.35960349
v 139.41094539 -47.21605466 442.69796928
v -77.85456617 127.65026128 867.77603156
v 147.25184834 -43.39115592 42.57332571
v -3.48721540 98.85222250 1628.92824374
v 12.59527861 105.92459492 1603.73727443
v -6.06855625 110.14119119 1593.69876936
v -93.52629016 103.53763832 950.06131871
v -92.08509124 97.04798102 966.66214080
v -112.36250627 94.30128406 955.22045842
v -88.94115526 90.81913303 982.45508603
v -123.29660934 -84.60257923 1262.64640575
v -109.48212637 -101.28938435 1241.08415644
v -114.52700085 -93.28147905 1266.14792898
v -216.58135729 26.90869038 1363.27285630
v -207.53160171 24.63535669 1380.61021128
v -207.60821156 52.85793014 1359.76577608
v 96.82559383 -7.22431719 397.61505936
v 90.19622409 10.35000019 387.02615830
v -113.62398159 62.66075767 1026.35740923
v 179.84696300 29.22983071 36.49707675
v -132.94087212 66.47166635 997.71731992
v 164.28122474 -31.10568640 42.98268906
v 165.11942394 -11.10074464 47.32086004
v 86.23709940 12.23492027 411.75796794
v -157.77884688 44.85371194 991.68830203
v -169.55229446 35.64468557 972.54072345
v -178.60035810 15.41656188 971.79536693
v 186.57422613 57.05346444 13.78498004
v 178.67230103 61.80735183 19.06419727
v -177.44912015 10.31775508 985.83270358
v 193.51354218 8.47685505 29.62476895
v -185.46145624 -0.70616458 941.24912291
v -187.42163155 -22.82843349 943.40618829
v 100.70002977 -69.11826093 542.24679334
v 73.81549459 34.04533267 1604.80816791
v 61.27662823 59.73902351 1605.66320080
v 63.78490105 45.88813284 1627.99146529
v 180.92025163 33.90519587 439.27741268
v 120.60685346 97.32729008 155.90899178
v 119.99650802 100.97489257 124.61965694
v 113.19993606 97.90350427 120.33209546
v 175.18959323 32.66565213 488.76380562
v -11.31567159 -20.90542591 1680.45378031
v -5.98928700 -7.17949485 1683.37413021
v -27.17814948 -5.96290318 1680.16601370
v 101.51195517 52.51898006 33.39029846
v 148.12754836 -67.09561936 494.83129586
v 160.49505323 -64.98982252 509.48429702
v 160.71627820 -71.02082176 534.26994019
v 125.24641961 105.61923053 109.71702116
v -169.18458818 -19.45792257 1397.83430131
v -144.89172636 -13.02448366 1406.82361322
v -164.98306995 -9.46950153 1406.81977235
v -157.06497166 -25.94026058 1034.90258020
v 76.99791130 -29.92491000 502.95059986
v 96.45380147 -48.52064504 502.30486343
v 87.14042200 -44.60615656 511.22045330
v 147.50796432 -20.49981477 353.07408401
v 134.96474106 -15.09473775 336.19265360
v 92.40597095 -39.40121454 490.78830772
v 89.95038021 -31.08942683 481.51284228
v 179.13775492 -60.35337198 31.87789735
v 165.65279594 -47.42389290 38.38976743
v 101.33338178 -26.52033687 453.71642719
v -107.59770297 53.28840940 1045.99749716
v 149.90813780 -70.93214057 33.16597270
v -102.55738918 60.71290820 1037.47974778
v -87.00498187 58.16731424 1053.54376279
v 17.97128430 -46.86095696 1660.73362254
v 26.59173006 -35.33675353 1663.85782649
v 4.56690328 -37.55891694 1671.30692008
v 79.21918820 55.50701111 654.09206599
v 104.86966454 -21.30094739 405.85346993
v 93.85573570 -13.29937450 418.89142233
v 210.02133742 -42.05913060 17.04634098
v -113.71834110 39.13244249 1079.22800106
v 97.15787693 49.15888725 594.25524814
v -127.76957229 28.47666456 1088.86476913
v 193.39911501 -86.02912195 22.31811326
v 81.03179944 37.26639366 515.35690709
v -90.08531910 64.37364327 1129.43857817
v -80.02974267 57.31351247 1101.14299661
v 34.85900310 -78.50639497 1557.65097993
v 27.92298332 -75.76665578 1574.23064998
v 14.80390818 -76.85964807 1580.55166534
v -66.96513128 58.75508074 1077.49034749
v -49.49085740 59.68435587 1088.40346804
v -192.60990575 -1.92707314 1191.62100442
v -198.60612058 -6.26004701 1185.98888712
v 53.39716631 23.27194141 631.70583212
v -64.41845032 59.79011255 1099.17220916
v 150.20762476 27.76901819 127.87363641
v -64.63522784 62.48761295 1108.26322115
v 60.55342575 -7.68199198 1433.72430570
v 49.27357953 -16.57095191 1417.36669400
v 69.98067462 -4.32109053 1426.39482276
v 47.13723528 -23.61285448 648.84085993
v -25.49826074 56.51503087 1088.30010344
v 63.28744385 -43.75341710 610.11801782
v 157.99578827 42.19593534 68.71099135
v 162.84511865 60.11501459 66.74360889
v 75.64721337 -55.48841906 575.72520133
v 69.39739999 -52.19469532 598.18808664
v -57.75223899 28.02251075 1469.81721601
v 145.87919657 56.26457799 631.70257344
v 168.80727942 52.33429500 694.68920609
v 31.24145572 -26.82124209 1419.96939684
v 16.10156298 -27.52534727 1395.93987575
v 24.80175440 -27.55115965 1395.86239646
v 164.97442321 68.95822993 141.43573434
v -114.33031313 44.23521394 1127.55074119
v 134.89131717 70.24777234 717.95022142
v 156.61899708 78.93337695 405.23153282
v 112.73698909 68.24893502 698.26366771
v 134.59053687 66.10255665 675.48921910
v -134.80200498 -3.85054436 1109.26933858
v 170.46066409 -51.86088763 496.62709402
v 118.51213712 53.30303428 499.63875055
v 193.37019186 28.41784051 375.88634139
v -30.38438245 -64.04980752 1471.78155743
v -31.74135328 -45.27290265 1473.06470730
v -21.42415739 -48.10825427 1463.70435207
v 119.45511400 -38.86827488 6.77465106
v 154.56711252 42.49554939 545.64013118
v 107.99601662 39.57002650 143.57224593
v 123.65494766 58.12358429 604.04092388
v 207.86922761 -72.15543897 8.43874864
v 189.13585919 -7.73177850 587.34417519
v 193.17692275 -24.77389631 593.89978543
v -163.93455495 -43.30923790 1316.80559092
v -152.56174845 -54.34867730 1316.81265955
v -132.25552453 -16.49322754 1117.93236341
v 169.48284340 80.16445534 187.70434853
v 161.60186221 47.49282196 110.22929121
v -132.01723686 -17.81120112 1140.61156455
v 78.63656985 61.32924209 730.51020639
v -135.65174197 -14.58441835 1157.07814421
v -36.44003534 -86.67651705 1510.48493047
v -132.70329999 8.89033880 1160.77036122
v 161.86780946 58.55213209 95.23592829
v 161.73266878 55.93258798 106.35976421
v 46.64630900 23.66107192 651.79126225
v 55.66946641 39.83623726 658.31787367
v 56.70027564 31.87703387 638.74727037
v -117.72288973 52.55511092 1171.42282501
v 103.19658388 12.66105958 272.75000309
v -88.72562728 73.85131807 1154.15405750
v -64.89947610 3.05752133 1503.01414817
v -63.86163624 0.82319439 1486.19776713
v -40.66795240 -81.51080185 1603.83855977
v -52.16533679 -66.69706385 1616.97984276
v -49.93721149 -76.59648417 1596.59561025
v -130.21207500 69.08938957 1221.82220874
v 116.40069148 96.23775954 971.91684782
v -177.28901152 23.67094706 1208.06367943
v -178.55581120 38.33846206 1209.22523975
v -171.01299415 28.77594887 1222.27109167
v 144.02036798 125.19396348 22.23137266
v -140.66776608 25.60508599 1201.76419620
v 145.48720853 69.85494006 990.75116124
v -133.40682257 41.22508519 1193.09619040
v -66.73006125 29.11798364 1462.24036662
v -68.79211654 41.82429524 1459.68154392
v -87.18949156 35.14166097 1452.21903823
v 150.50078628 -12.82417902 52.86479429
v 150.86705733 4.97328043 1052.83825708
v -126.56992447 -39.78865102 1178.81468594
v 171.69680330 97.86094936 5.26961368
v -118.83103510 -53.77342363 1189.15033911
v 91.46972201 65.53529980 682.91441578
v -108.58299557 -72.31185039 1191.58229699
v 117.75273666 89.02430612 324.12113306
v 126.35706869 87.44607488 359.74450539
v -26.96059996 85.33923794 1489.22463081
v -30.75366643 94.62648207 1495.41815511
v -13.94045601 94.24647046 1489.97099561
v 81.62873697 41.56505371 598.25018297
v -94.66884679 -110.54259180 1227.10900349
v 122.21283328 -29.25509986 32.38855062
v 76.45123756 34.18565394 582.44265442
v 69.42892162 26.13661779 583.37544364
v -250.68783436 3.76997307 1227.16404695
v -260.03801680 11.37786884 1215.09947027
v -256.52729269 3.03423568 1202.95868768
v 114.75453750 9.50829216 53.30799762
v -140.04745769 -38.09556892 1249.27452962
v -137.31521667 -54.45705511 1259.90122377
v -146.97988550 -31.76368050 1267.90028151
v 167.95209005 92.38811015 250.12917578
v -145.33036880 -21.67239092 1258.35748479
v -142.07377440 -19.43798352 1238.54985957
v 198.74019451 -40.76593966 631.64305711
v -43.79666704 91.76064535 1509.32344600
v -51.34065968 72.71032994 1508.13027470
v 193.01460856 -74.69675096 686.65312628
v -138.61326499 -17.58622562 1216.85755985
v 191.32440503 -70.04270761 648.51098301
v 184.18139547 -79.71201154 655.91989495
v 184.06292870 -73.31200942 630.41781781
v -143.81931850 43.12480670 1238.53098969
v 182.43072899 -52.29215728 934.58913753
v 189.37200368 -26.19523932 943.58244496
v 121.08013260 -53.42896782 21.92475125
v -145.20719510 52.52349885 1242.82381911
v 177.78004142 78.92128184 226.41534212
v 193.94641855 40.37558458 280.17850305
v 191.67069419 64.18414528 293.55248960
v 165.71062794 -77.48276099 918.22540612
v -147.38699643 82.25194016 1263.44803409
v 128.63611849 9.16959680 60.16343304
v -137.55824304 92.89594775 1262.50957290
v -131.54650626 99.04479776 1263.85889288
v -109.32469904 110.19666672 1266.13201906
v -151.32532491 98.49688995 1293.86219486
v 162.22380629 11.48156725 1231.05227577
v 169.47358552 10.27460283 1210.60321862
v 168.40295882 1.70166740 1229.79067641
v 134.47791280 -105.87620765 709.68325284
v 126.63236745 -103.47110844 690.84173178
v 144.68440796 -99.00165826 674.97737399
v -114.31994763 118.88097414 1311.38564097
v -118.95479682 118.77440334 1324.79149102
v 169.81102952 -91.28388604 672.10180779
v 168.03701159 -96.87116599 695.46192686
v 113.33471935 81.08409781 362.29080970
v 104.24204591 66.96646077 384.70209289
v -88.97207797 121.73391804 1295.60951297
v 140.48389662 -59.45792344 1294.93697650
v 147.02291116 -47.83697735 1290.94512220
v 148.60455953 -48.24955811 1297.67328432
v 114.18390310 112.00398903 62.46804670
v -103.43022227 114.45601535 1272.36764998
v -77.96725605 -0.78370952 1641.97985644
v -79.73873037 9.37204611 1640.63356290
v -87.59260784 14.84785126 1627.96461793
v 66.72273411 -52.23310450 627.11047740
v -189.74571914 -31.03616397 1332.82450036
v -199.09608185 -27.49813992 1316.93289557
v -187.69502397 -30.88813281 1313.30469667
v 87.47350558 -71.45549885 589.05978702
v 152.66358709 -4.32757313 269.40606052
v -4.48065003 113.31162788 1291.07921135
v 100.98130573 30.48290967 62.97306394
v -13.33271711 113.83188063 1311.75432309
v -21.45350063 108.97632825 1586.70473041
v -22.81126418 113.14599607 1574.30874927
v -35.04789634 109.74839538 1585.23628985
v 0.33802691 113.89307984 1323.19622034
v -21.75464478 99.47568225 1616.84468791
v -16.00724334 106.14715830 1604.85807938
v -32.29027902 106.62205528 1598.69145778
v 177.99960660 52.36096329 426.15702848
v -2.72353805 111.43222372 1344.71576976
v -15.43487666 111.03769336 1348.70528306
v -13.38639233 105.67165988 1363.55719865
v -45.44248682 104.14497611 1577.74668496
v -45.28266523 105.37294709 1594.50963650
v 101.94641987 -54.54007095 1352.88322411
v 114.98538623 -66.53779873 1326.31087223
v 124.58367656 -49.30041775 1343.50289130
v 213.74720898 -19.27615034 804.71118956
v 209.96549297 8.61021273 824.31040839
v -7.16121681 76.85737275 1442.59746717
v 126.41926776 3.83653097 1419.37353968
v 138.04915874 30.12143822 1432.97461635
v 122.52865330 15.27410477 1426.67456869
v 7.19129755 70.55326331 1455.01815700
v 19.31738779 77.16511140 1451.25765167
v 28.35937100 84.23663168 1441.76417283
v 55.62490664 77.87920887 1449.11425728
v -3.81339261 112.82107800 1574.87026852
v 1.55570471 116.50126750 1551.60185648
v -14.87759935 116.29354373 1564.28228898
v 38.57012741 -69.85212825 1600.42505180
v 47.49942398 -58.79759937 1599.66672860
v 34.53798944 -70.00790801 1612.73348777
v 62.74993193 83.47830936 1444.78481293
v 159.92545612 79.36466508 791.08553541
v 165.37605175 77.81691125 808.78286474
v 168.12769772 72.93344851 784.07820453
v 83.84886881 101.42348234 1423.63828535
v 81.43229693 113.95788822 1403.26921935
v 188.64305538 48.48564610 754.76191115
v 180.02818296 64.12151111 775.48179770
v 142.03762345 70.33758940 738.88374093
v 56.17033709 128.11560433 1324.41807820
v 70.97898015 128.86541276 1321.81964059
v 55.13153980 124.53606423 1297.24515431
v 185.56489683 50.55166234 205.14539346
v 72.35640304 124.47235868 1287.58130269
v 63.56639258 122.54402830 1281.83784918
v 44.85707853 117.53416315 1280.60788209
v 26.60025029 116.90912325 1302.01016112
v 109.95544380 117.57264305 893.50115087
v 55.51349699 9.74273396 1465.88620932
v 54.94324451 7.11483589 1490.62219452
v 24.02314841 117.22658965 1332.21856659
v 189.03091110 -17.22157397 968.11542248
v 187.16929766 2.05598203 971.67775735
v 155.08570385 62.27264659 440.98442187
v 32.67887907 -84.80302705 1543.90581775
v 42.59703027 -78.56812590 1542.85878183
v 107.75589062 84.10389853 279.36766774
v 96.25278139 112.15517838 811.72512676
v 18.09587730 -74.02939718 1625.17915260
v 16.97936245 -66.53009266 1638.76384348
v -2.83382720 -75.54203082 1635.20259558
v 162.86992097 -96.04523526 838.64861972
v 170.07352980 -97.98934656 796.61103593
v 179.60570062 -86.37804221 834.06614681
v 171.17452030 -78.61986725 892.36379616
v 168.40144839 -86.08329113 874.76415479
v 183.90850790 -80.59001760 838.52984714
v 1.95533968 -113.88344047 1563.91065924
v -6.93314540 -115.42057977 1557.94978382
v 1.16835554 -117.13885557 1555.74224884
v 125.63541866 109.11145603 893.20669757
v 21.87943977 112.50075290 1267.05676044
v 146.91486587 91.24577041 884.12581636
v 155.74113294 85.22615401 868.19373464
v 31.51837642 111.79151013 1251.29643446
v 107.94812235 24.29313504 225.11201717
v 116.34675386 16.46274755 218.16593767
v 117.00286260 111.30804971 830.33067708
v 45.56595242 104.13064060 1225.53916973
v 45.79919538 102.81468298 1211.38346935
v 23.40828391 -92.60652994 1525.00366421
v 10.58343307 -103.93802204 1523.76250042
v 12.64002922 -99.40293639 1506.15416687
v 60.17007225 101.82737123 1221.77159303
v 61.70852893 98.43210471 1203.60554458
v 72.18766335 98.14519038 1211.45127092
v 28.41060265 91.70655972 1623.01142812
v 47.41180081 75.97093209 1607.52645180
v 32.09263312 95.99927728 1595.30808486
v 79.21501679 92.94661657 1195.87946518
v 95.79673473 89.36100185 1199.57946480
v 56.57870513 69.35838155 1536.46885516
v 55.86414033 46.01347456 1519.76422362
v 52.39068120 51.29997137 1514.52132051
v 111.58558440 75.93944558 1191.09276619
v 100.22782638 67.81125815 1166.89454514
v 74.07600283 113.92633621 959.53318977
v 92.65957238 65.91511948 1152.74476813
v 184.19431476 40.00999566 416.39899643
v 196.20113378 20.92491155 7.57045552
v 202.14212588 37.21230449 7.27814754
v 192.83734724 38.26023698 10.11239029
v 132.41147135 42.51529844 1187.89138822
v -47.88935772 -75.24969734 1579.32591251
v -39.23138794 -81.73943843 1589.43842061
v 138.95449606 11.33326717 1180.15318729
v 166.60042092 -71.92386484 578.36530704
v 138.65237264 26.41028934 1195.41268020
v 141.80877348 2.31247571 1189.26024069
v 142.18310317 -6.63661927 1190.65077164
v 184.36005167 -51.71265456 574.62866485
v 47.26769268 25.19026451 1498.42634624
v 36.42421010 39.99483890 1490.64987772
v 36.50780385 41.53623228 1498.49061228
v 126.49980249 -64.67884380 1206.14510130
v 188.02165864 72.67933429 320.70053379
v 175.59977607 -76.13099927 613.40316695
v 180.94885811 -67.60816964 602.53630465
v 86.17036498 109.47008386 802.30784761
v 90.39272332 92.26305945 1436.66420645
v 103.52558761 92.80033944 1424.46178022
v 139.36848311 -6.14574150 1157.99166950
v 149.80867141 83.28776527 917.70997994
v 99.36927171 56.56121609 402.95878905
v 54.22292175 50.03961915 724.93452704
v 94.69159251 60.12522528 1134.78403264
v -29.82076980 56.13306378 1678.56368864
v -18.99904836 63.45168753 1677.17153510
v -33.34883166 72.21427420 1666.04540398
v 79.64564906 60.67603479 1114.30364703
v 98.29203916 49.05553984 1085.22640106
v 123.51772047 -16.11860680 353.42510589
v 62.99579951 61.61294930 1095.70432712
v 161.15354753 16.79446756 1030.62975299
v 115.21166243 115.81774081 1374.34456871
v 138.44624068 109.71930358 1355.14838584
v 120.28113484 118.34330422 1349.82433260
v 114.23980578 -8.85895529 351.78566726
v 88.73192532 53.91430271 1074.38174123
v 150.59798459 -47.53929745 447.44409064
v 201.09026562 52.86992437 3.59269915
v 195.10826575 20.48906488 4.38365820
v 134.95914238 83.13448944 975.53461132
v 130.78276966 26.26294311 1067.07839936
v 154.48619240 70.56067874 1263.40035017
v 154.38646599 77.86671354 1270.28961066
v 161.50113739 74.35293830 1261.25109117
v -67.24603409 20.62735912 1460.30566581
v -84.30576573 26.33425013 1450.10630547
v -84.11709555 7.94312641 1436.89226098
v 139.67274533 -3.67941276 1081.11277352
v -144.21471082 46.92458783 1434.35015456
v -154.00175598 69.40272683 1412.02960318
v -169.80384223 60.39415369 1404.17405228
v -24.77156207 0.39019396 1683.69963702
v -25.84520832 15.80417140 1688.23247092
v -32.96528033 7.92482073 1688.45698717
v -192.18005488 25.65626157 1400.42252471
v -174.80040082 33.07074336 1415.45791910
v -180.19210885 56.14168368 1395.52475083
v 124.37343455 -54.98390610 1148.06432356
v -159.22840781 82.33042791 1395.94058036
v 147.18927401 59.45502555 1251.55301083
v 146.90610531 80.77836746 1265.44023177
v 137.80270208 -2.98342363 1147.74090975
v -184.34416515 -26.29108633 1375.57233601
v -170.27678061 -25.23192977 1389.27404684
v -188.24720745 -20.17019964 1382.60376594
v 125.96307602 21.17303300 1108.62660472
v 133.51508145 12.92888432 1080.57644917
v 175.06566357 -86.40925409 655.58766886
v 160.22674221 94.50679085 300.76602198
v 97.54668144 49.06350251 94.18788295
v 146.45532527 -1.05976291 1245.57123041
v 145.22362226 20.51024250 1239.72676516
v 144.28193874 12.05487427 1247.79893835
v 153.89011973 -84.57352599 609.01174756
v 119.41290891 -95.15548769 667.54109080
v 108.14807123 27.60214745 73.12533862
v 37.76699058 64.54653358 1652.74105955
v 28.22539175 80.88119338 1645.70211212
v 27.43988391 64.84074752 1663.51298167
v 105.42770657 80.72334623 325.85251930
v 41.86480748 37.51615166 735.45734862
v 136.60809127 -30.83752117 1080.18269666
v 144.17188604 -21.01245089 1064.86058837
v 30.99739411 22.24582075 708.16730793
v 151.17081776 37.00189597 1237.22352091
v 154.41382896 14.91463094 1238.19078596
v 151.92346419 21.74897755 1240.99074840
v 57.87735733 -44.51987545 652.07756388
v 58.21585873 -40.49780880 640.99341319
v 107.80318045 4.16050183 300.85676004
v 65.74453107 23.40081898 497.10354398
v 160.49697657 60.14076156 977.69736488
v -232.67536067 -6.85277571 1250.99192976
v -241.11511579 -3.50354621 1230.80670757
v -225.08181464 -11.35415524 1249.20429415
v -239.04036088 26.05495932 1307.70196193
v -233.30703287 20.21475600 1327.98868111
v -235.16916020 29.89314655 1322.55901830
v 100.30461003 120.37089220 915.87705776
v -70.04508369 4.08129659 1521.67465746
v -78.62542301 18.90122521 1528.21663672
v -65.20375437 14.09938307 1515.24585713
v 213.68385922 -8.41433711 762.09948929
v 214.76453104 -20.50539893 758.02292547
v 211.20298228 -26.60277167 737.25907670
v 134.57341623 72.16751598 416.38121849
v 210.45821695 15.64743838 795.07866745
v 199.82137877 41.92719491 795.71275734
v 205.72290595 25.26187993 817.97144674
v 69.86102219 118.44908220 814.48951116
v 211.76061911 -37.67875735 781.88319106
v 213.79043052 -22.12468727 785.21647312
v -193.97113046 80.38673232 1332.97967765
v -200.22624001 70.92781364 1345.28628002
v -243.01073790 20.63599680 1291.01151701
v 201.74256330 2.19492923 710.66109002
v 205.98786708 6.69620368 736.20039158
v -42.02740346 90.67645343 1636.59510127
v -23.32620672 93.74027511 1639.11070008
v -41.45233079 99.17252258 1615.60805525
v 42.69633777 30.29361837 677.51803925
v 44.19036440 -29.77869720 661.11271128
v -140.66010092 24.63265352 1430.62263349
v -122.87999963 1.02046840 1415.77700410
v -118.48020454 8.74105178 1423.25994439
v 159.96022723 -72.64461093 554.45760216
v 23.04660095 40.48687783 1676.37097902
v 22.95902898 9.54642843 1680.71734783
v 33.20671936 19.22988601 1671.51378922
v 190.32910057 -59.76564223 617.73353516
v 140.25876249 -3.89745576 271.65890884
v 174.24480465 -81.63638492 629.45386106
v -226.80010352 -7.59961800 1298.68389534
v -221.31373479 -12.28271916 1299.50140483
v 136.03077735 -95.93017826 659.90850914
v -189.18123334 22.64275596 1165.23847794
v -190.77577368 36.85876955 1176.72857796
v 29.09027479 -76.34357015 1586.37003219
v 38.13297656 -69.49355546 1576.38570229
v 150.57557203 -103.68342375 712.73072163
v -47.40844993 34.93672336 1498.26962701
v -39.96881523 43.09802620 1490.72675146
v -49.70373389 30.26452817 1491.96072349
v 206.45468991 -55.81954647 728.00630468
v 25.18027210 -30.53430456 1440.13459508
v 11.35780233 -40.44295662 1439.32964532
v 21.11809474 -30.87530495 1425.12518357
v 154.26102745 -90.34931843 886.32527527
v -42.48170562 45.00206990 1497.54437564
v -100.37270216 -48.25123337 1365.82321581
v -125.35033574 -41.58263639 1363.46999786
v -115.33046337 -63.68066213 1334.62629115
v -47.79657899 -84.19125470 1534.77201320
v -49.71841903 -74.69863764 1513.53532908
v -129.58387048 -68.22255923 1312.16695999
v -121.17126282 -79.53618090 1296.46377569
v -110.02235541 -75.63824296 1320.04444455
v 163.89513831 62.24403162 88.17407191
v 38.04397132 57.31094026 1460.77431902
v 20.82060586 55.15514039 1467.73191984
v 30.40055302 50.78322010 1471.34867603
v -201.44427163 -9.44632659 1197.73122595
v -186.70189717 -8.68037880 1220.85622799
v 169.58030193 53.53534084 939.06989257
v 143.78287381 49.26139159 507.18361580
v -45.14449126 61.08252203 1459.70433558
v -51.20857948 43.84371702 1468.04522495
v -32.27620953 56.48940772 1467.64288873
v -180.90063134 14.06742929 1203.36701585
v 142.20001998 95.59191629 894.03496587
v -205.49487132 80.64264554 1303.61238453
v -202.62437572 83.36477224 1278.87798983
v -211.56044174 78.48658767 1288.17637889
v 184.24638222 75.71870972 275.21636638
v 150.12205424 90.18898709 841.53934959
v -45.62894116 99.85210121 1529.58698749
v -33.11343982 109.25998486 1532.61253729
v -29.26735139 103.32257439 1509.05739431
v 193.15559065 51.78676098 791.86487149
v -257.13473892 42.74828471 1243.87268674
v 124.84802789 71.87005823 736.27235363
v 117.52247490 -41.31827645 17.08592637
v 12.61707347 63.40005713 1670.94592871
v 106.55923892 20.83042973 62.30501279
v 63.16768822 -37.85294259 584.63763205
v -20.21786929 -82.35719006 1622.44333677
v -17.13823451 -71.25017991 1640.98653432
v -27.32198801 -77.25349375 1628.91046760
v 82.57785278 -60.01344087 559.52333678
v 155.62620407 -11.74632766 1246.65857394
v 154.24453886 -24.19748227 1266.41407318
v 147.17901694 -16.53473978 1260.35843303
v 207.90634689 -57.76904409 7.81403719
v 141.89177221 -79.41866051 535.68919292
v -12.50706201 -84.01138616 1577.89205075
v 60.24268017 -1.73270654 1637.55798653
v 47.34740094 -31.46027334 1646.02400953
v 54.99074848 -27.95998059 1632.57829686
v 184.12280317 5.16527771 565.95199880
v 183.76215777 9.26081764 593.39933906
v 190.37458866 -0.07852142 618.44454826
v 138.21844709 1.41846195 1417.40572124
v 114.22506865 -9.91520567 1403.92552209
v 152.30547538 -10.60900947 1410.95625886
v -20.60171960 -18.09802312 1677.70645398
v -28.48423341 -14.52086513 1674.32859715
v 161.13628229 42.68940756 596.59607712
v 49.10388556 -43.99679865 1495.73029610
v 49.62275454 -36.18370764 1495.89272720
v 57.16535090 -38.43175503 1516.02790842
v 172.34394758 41.44584867 670.04709346
v 50.80498104 42.31336941 1655.54056224
v 47.78711739 61.34712221 1641.89436302
v 143.05295403 97.29458121 138.04893860
v 71.99973466 35.62456860 603.78940234
v -6.68089180 84.94586751 1651.94549209
v 16.41342740 81.64414710 1651.04490165
v 2.15832173 -103.37047571 1534.02677779
v 1.13488595 -105.25352735 1541.31283954
v -6.06604453 -105.11415614 1541.78946922
v 60.22559747 -5.09452172 515.94411005
v -20.66641484 -90.65767746 1555.73935851
v -30.53603656 -91.58390590 1543.04319106
v -19.93203362 -95.23248001 1538.02292925
v 34.95674450 43.60426005 1481.48098336
v 47.88075228 42.20900695 1470.86338987
v 74.04082091 -21.79434357 494.08214418
v -65.80015184 -51.93319590 1605.79503064
v -71.11717110 -41.47218191 1583.60704983
v -61.85032297 -59.92091996 1578.82587944
v 72.90940450 -11.61326140 477.22167376
v -78.83682058 -28.88777083 1603.26053832
v -74.66734706 -39.11898332 1605.31669532
v 91.87980615 125.22833971 1356.86214581
v 99.50464251 118.69701430 1379.78601239
v -66.05465921 54.85568191 1651.60420879
v -70.13574537 28.92894861 1658.22532926
v 23.71705259 -39.23642004 1456.32385618
v -57.66733776 -29.57258186 1653.28977008
v -43.17659701 -20.36121014 1665.73762386
v -68.81769068 -16.63076060 1646.39419961
v 98.31613648 106.12337313 1246.90309023
v 125.15471554 104.41833394 1269.16434615
v 99.83990517 99.43545279 1231.28227558
v -60.90705940 0.28962638 1658.49099329
v -57.29124950 12.11709905 1663.69164797
v -71.26470076 9.80665193 1651.14555319
v 139.04042237 61.03678147 651.29714517
v 105.35238285 53.82953671 600.87907681
v 19.99553939 93.76846052 1630.80856063
v 160.16778930 27.52815012 1229.34934523
v 161.21465883 47.69346965 1230.47804029
v 173.66681416 38.80742122 1201.76720660
v 62.54314589 -7.39324438 506.94106371
v 38.68680006 82.28134041 1623.24596543
v 193.42454607 -72.27275371 25.62442328
v 150.37817760 -105.73078448 748.55291237
v 154.91704104 -106.02560490 771.99905916
v 140.96770669 -107.08901548 751.29120488
v 186.78275733 75.15948155 299.36971118
v 44.71316870 -76.32641638 801.66646084
v -32.11368050 85.38111722 1432.25627111
v -43.31291841 87.27648315 1433.74779995
v -71.83013474 -76.85329459 1321.99327239
v -52.32367980 -61.35153836 1334.38051459
v -85.24992231 -70.62240279 1335.60265478
v 66.01215272 -91.82018184 787.27769746
v 46.87115208 -80.71088654 813.77346415
v -31.43699944 -57.97150281 1653.18661858
v -18.94586183 -49.80631679 1664.47383340
v -37.71679489 -37.84078511 1664.60845616
v 151.65709270 -101.11711169 838.74109563
v 144.98222654 -96.23314303 872.44455260
v -7.50436767 117.07609678 1536.64041738
v 0.82452412 112.47374741 1521.04593304
v -22.39049376 111.75323923 1526.12469402
v 20.53223167 -7.93945997 1674.36405249
v 9.39125078 -24.42250706 1674.45182180
v 166.87487519 -99.95350049 716.61278152
v 69.14374382 6.09394520 1567.07377136
v 68.42043711 15.81812273 1546.63074813
v 75.54762191 22.19698521 1581.00404227
v -154.62292536 101.36968566 1334.46777177
v -168.53634464 92.86874610 1331.49947421
v -162.19248546 95.51013209 1355.82350617
v 177.07693693 50.27527328 161.39510037
v -95.96122413 106.46894435 1393.14674901
v -107.52947540 109.07386689 1383.29586371
v -118.85027164 90.75661855 1412.59036807
v -65.85034586 -42.48699803 1634.31198746
v -80.37944626 -22.80829314 1625.61406728
v -67.24099308 -28.86212281 1643.72627848
v 139.60908275 -99.82442779 858.57400828
v 129.25765823 -104.09792892 835.61218783
v -70.47086176 75.51925626 1444.90144187
v -69.80409488 89.69623421 1432.57631639
v -90.23322554 81.90600605 1436.36748587
v 185.12064833 -90.17031507 747.06210082
v 171.22732015 -98.08450653 736.86156135
v 188.77406942 -85.16579500 731.13893238
v 214.31010485 -8.99946919 790.15292824
v 23.10916681 -64.42111107 1318.88524511
v -0.29762380 -57.45296061 1328.13386840
v -75.52099941 69.65848504 1613.90294326
v -66.69884908 80.94333359 1616.13718962
v -76.85901641 68.78136279 1589.01418340
v 179.65273931 36.55283865 933.52637161
v 184.18315267 24.08300381 948.59284345
v 185.92133935 20.48309370 930.33608158
v -152.04837296 24.97808451 1426.37552418
v -155.07996979 -0.56796599 1414.16492533
v -140.77117695 8.63989217 1419.60586234
v 165.74289218 74.30798412 857.08165208
v 177.47402289 57.31617306 867.55776439
v 172.24297797 68.44123587 851.44692497
v -63.06280095 -9.27100780 1438.19236176
v -55.59472576 -16.14417124 1444.01451577
v -61.19300781 -7.17834492 1451.91914710
v -124.37953102 -20.49791005 1394.98732410
v -107.47987195 -3.93004708 1411.02532398
v 99.22006154 51.38916540 145.53962188
v 178.62535431 66.76800104 817.90358648
v 190.10175298 54.62078685 815.45665762
v 209.70313208 -52.10192067 751.57528603
v 178.00664197 22.80164983 589.09354047
v -144.67291036 -4.30310695 1252.70012472
v -147.13943957 12.86923624 1256.15220566
v -142.80238815 8.02933124 1237.15496101
v 180.13813030 19.96285178 535.37121752
v 167.79467918 34.97961735 527.78201689
v 167.12068627 34.40203286 555.93201032
v 177.43553648 29.01476393 506.24427341
v 169.89473274 36.55758274 490.48349413
v 169.84375611 36.20046520 509.91722430
v 120.02701843 -51.64379883 470.96895188
v -131.59425604 111.98111282 1333.56333659
v -146.48684368 100.69672997 1358.63989012
v 102.25452376 -103.54202406 1264.02618352
v 85.90024852 -93.87758839 1294.29508446
v 80.33291092 -108.11855652 1267.97437819
v -92.79394345 -21.68376531 1399.52102074
v -100.18235297 -8.29161986 1407.82956122
v -89.89580174 -39.20398751 1383.47319881
v -84.69916650 -26.20807350 1397.23514638
v 56.60039285 0.97966658 570.32298580
v 57.86446239 9.75402122 592.66650453
v 56.01719979 -34.06495747 1383.71058972
v 30.61807422 -31.92605403 1385.35664932
v 51.45365670 -47.43527760 1356.75398359
v -82.92791062 59.00871375 1451.19301720
v -99.05658514 46.39527282 1450.19955551
v -17.38720457 73.68524018 1449.61649482
v -42.70685404 68.76965508 1452.46997932
v 72.76500021 -95.39517765 802.16354496
v 22.02323160 82.57280276 1492.96910434
v 25.00107689 74.28625669 1493.63663082
v 13.18689281 65.68890618 1490.87789580
v 37.73209411 -81.67836224 1526.26604769
v 50.31355492 -61.10643038 1514.39328628
v 51.83491987 -68.08317708 1538.22226976
v -67.26291255 82.62853210 1565.01437731
v -48.80573258 103.08989260 1562.46972922
v -52.88418247 96.14211116 1547.44692723
v 81.74994031 -95.58917791 846.63615693
v 78.80959164 -97.56998957 821.59118268
v 96.42082323 -102.61694168 812.44499241
v 10.34654171 -97.33608140 1544.39495694
v 28.58551017 102.85303019 1527.03754832
v 49.91083797 80.61217542 1534.76249318
v 37.77959101 87.05893061 1514.23343586
v 54.83805352 -39.02586769 1603.63070928
v 55.77295490 -45.69906923 1583.70373408
v 47.29886422 -46.14161297 680.94909745
v 53.32003158 -51.43773466 667.68121749
v 58.17425246 -60.88044027 676.41115737
v -162.95640786 82.05000939 1290.14358899
v -185.85039512 85.22317064 1329.58666690
v -187.09113875 84.28928516 1305.70155829
v -199.12584142 80.43950181 1315.44810127
v -194.67970632 -25.30864510 1351.48143735
v -202.47830374 -14.76504442 1361.01371741
v -216.40105381 -9.92513035 1335.64538553
v 182.80450871 18.78926741 508.50333472
v -136.55236772 34.92982633 1437.49247773
v -152.53247041 32.74146623 1427.63867654
v 87.86134489 85.30165590 1442.16520490
v -119.95895604 70.63358241 1435.48238056
v -120.28600130 84.80880024 1420.75260659
v -139.33945912 66.79004226 1424.19064467
v -34.99315403 117.26542577 1299.64043683
v -27.46434682 115.57309068 1325.65702892
v 171.75577686 -98.81268642 763.92002560
v -78.55473730 110.38305745 1394.42108607
v -79.11646561 104.15889237 1412.40675343
v -63.79856192 105.99786016 1407.25990738
v 96.32620695 -33.07403304 1381.26477486
v 87.00511792 -10.74755164 1410.80094806
v 88.81751657 -29.14218222 1388.38236700
v -32.88148098 -43.15365994 1374.27660620
v -7.35562350 -40.33202434 1367.01031604
v -0.87192981 -28.05189552 1385.11059649
v 198.58326846 37.81390957 767.76176512
v 192.58437774 37.20103989 727.93592299
v -39.59975652 -27.79395526 1434.85081066
v -9.50879926 -36.79866885 1429.81102649
v -26.14085782 -32.22367189 1446.58732021
v 12.45038044 8.99449554 1683.51800417
v -48.49498917 -22.94626138 1437.62113561
v -47.46253051 -22.26619375 1425.68289716
v 173.71642715 51.63646810 923.24754285
v 166.32000517 67.38041284 898.12243298
v -14.32917041 -34.23719065 1672.91767562
v -149.61039225 -32.78724357 1278.74844969
v -157.27517071 -20.43635968 1276.89188346
v -149.46782163 -18.28806268 1276.11720906
v -156.23929318 9.02597523 1252.39294920
v -149.29991473 26.48796107 1253.85379729
v -150.15069759 13.80594180 1261.40909713
v 183.16714026 33.57748084 692.33626768
v 53.74153150 124.99503256 828.27872990
v 36.33422165 122.66194156 828.83752362
v 19.52516673 103.75250513 814.20267185
v 46.35586308 115.04955280 813.17775859
v 64.91631722 -36.20569873 567.35414617
v 1.21462864 -76.33307933 1460.48183480
v -9.84119962 -59.01334936 1459.90251166
v 1.68337560 -55.08868099 1454.15523890
v 117.70537875 -94.03205147 1253.44169008
v 96.21898889 -106.95714007 1235.73273372
v 119.97419929 -88.45913292 1232.08530855
v -13.28826867 -74.15599576 1463.65457443
v 95.84193927 -55.17662547 1353.99682861
v 111.75498276 -40.72133413 1362.81723673
v 72.70743038 -10.75130637 1409.86493688
v 86.29542897 -1.80271853 1423.12272968
v -23.16179373 115.61936189 1557.48467157
v -31.15416714 110.07521315 1549.19767080
v 265.60882686 -4.08081106 989.45442829
v 276.79845807 -22.09946306 976.25138571
v -241.64968689 43.99766308 1289.69999538
v 10.14672606 108.26418827 1586.01297209
v 3.32337608 109.21439081 1595.96430418
v -42.75938520 104.45284004 1545.80977550
v 125.31985234 52.27882439 573.26955937
v -12.50277860 96.12036041 1632.32773630
v 271.05681017 -28.14102305 986.60913799
v 283.10793024 -30.42831267 964.61734836
v -81.09618943 52.23134462 1548.78380603
v -80.20667873 63.06598398 1563.22954453
v -212.37485979 -19.27306002 1316.54287332
v 53.87609789 76.39068517 1583.00102274
v -87.96738658 35.53732031 1560.40216229
v -78.42249695 27.93528577 1535.73225851
v -89.92044787 12.87224527 1559.27969861
v 20.64445504 111.74120952 1551.45536787
v 177.08469867 21.95424438 557.99865464
v -102.60711870 62.76707969 1446.67710592
v -246.34710036 9.50012874 1255.65305087
v -72.78533923 26.53657722 1519.99198954
v -71.34776386 47.69974352 1525.68266341
v -65.94723640 34.20417230 1512.56916424
v -57.16322130 53.92328207 1460.08566409
v 281.33731233 -17.31225398 1082.15493348
v -59.22448642 64.73583827 1455.40700888
v -57.09425194 72.55387910 1451.16904491
v 153.07813676 44.72544372 504.70102368
v -258.37967641 22.13176981 1241.56196299
v -249.13999797 20.45281555 1263.37822883
v -65.73874680 -5.96270499 1509.60968771
v -59.92765989 84.86309605 1437.11468695
v -63.47688523 22.81311139 1513.17007732
v 318.13415755 -56.94892949 851.54767832
v 313.50336400 -108.84085435 852.58877650
v 314.19832206 -95.59497213 867.22959743
v 307.01352424 -104.30302909 852.97623206
v -185.02430854 0.29080835 1199.35079850
v -279.32687936 -31.53395504 1053.26086192
v -287.48781757 -36.79469637 1033.04988253
v -278.87040867 -35.34749145 1027.70330776
v -268.60261820 -6.64541783 1145.29439352
v -282.35047290 -7.73535551 1123.98762166
v -131.43317759 46.06738535 1440.72491825
v 45.05984177 -16.73855491 1655.28835406
v 76.98028443 34.25606417 1579.88328682
v 76.00077025 40.89579638 1578.29127297
v -271.53328679 57.62550052 1179.93122704
v -281.75696811 38.74728075 1171.01667946
v -276.30693773 38.88045454 1190.54280129
v 343.09103374 -49.36251520 875.60283679
v 335.91874466 -44.92253600 869.08633051
v 335.86222845 -46.22664181 889.76230967
v -132.18370119 60.34305369 1435.19843586
v 308.81430890 -77.89891959 877.95862938
v 312.10036309 -85.70392360 875.90345050
v 314.17620925 -77.76527783 892.88016296
v -103.16611344 91.51678003 1419.50262790
v 38.86727751 -0.45667129 1667.97860281
v 28.65484040 58.06628601 1496.05170091
v 29.74196749 48.57710663 1491.96224749
v 12.97226169 58.21829094 1489.40011317
v -232.43694612 57.53563048 1297.74293303
v -218.40390851 61.18287874 1327.24719435
v -295.89113647 12.56178769 1120.37010763
v -77.21976921 52.07806752 1635.38184223
v -60.35311306 77.91213121 1634.30153509
v -318.09336145 10.81385793 1041.91702644
v 14.82564204 79.20702409 1488.79343211
v -93.14903854 22.99130049 1580.05229892
v -93.91209151 8.85373013 1590.97415108
v -93.63862967 10.46828077 1602.81596026
v -304.39659718 -27.19742834 1045.60359187
v -297.79752121 -33.25555663 1040.17761013
v 287.42844529 30.45112939 1131.34403094
v 280.25655256 18.88751721 1148.14393654
v -308.76712825 15.32390732 1074.87549772
v 326.28560374 -49.78144075 954.85441106
v 20.12612050 98.19246244 1506.79976596
v 5.55532240 95.21030164 1492.57976035
v 2.05980265 102.34672246 1497.66629548
v 311.55227814 -89.62589808 813.21303880
v -177.86447738 82.50807770 1371.26355963
v -173.42387882 75.18573813 1387.30738797
v -22.90765848 81.07184994 1658.57979922
v -11.63848091 101.41196474 1496.07153676
v 48.89635477 1.51286034 1658.60904815
v 54.43798542 19.14774035 1659.35827223
v -42.14100875 70.84621617 1661.67893638
v 2.06979564 19.01928422 1685.55934468
v 64.76600388 -11.53588227 1580.34044300
v 317.46553090 8.13888548 1018.07926475
v 314.50727761 8.96153739 1041.45835758
v 115.75270895 -55.44407510 496.14708086
v -196.25258969 21.84423333 1153.34443401
v 109.59652178 -45.96344952 488.21303409
v 7.68798749 -80.53006074 1583.19585589
v 16.52613991 -84.04325075 1565.05296312
v 63.41988518 -17.51020201 1592.50783664
v 51.48773508 -67.67068237 1556.92118179
v 49.65848264 -56.70811047 1578.76164545
v 46.06692190 -70.73729064 1562.04570110
v 194.60112451 -21.78087667 1324.46367277
v 313.22187654 12.27688207 1000.17232805
v 306.75571273 22.33363901 1035.45334796
v 109.46195686 -39.80264036 468.72697952
v 61.92493556 -49.55281850 1559.86360508
v 63.02484856 -31.48653571 1577.19881831
v -183.61100548 38.50390697 1191.98929943
v -183.20693669 60.78085551 1211.74238253
v 112.49919094 -38.27174857 455.75579687
v -9.08430572 -87.04888974 1604.95786519
v 0.54585487 -86.55948741 1593.74981039
v 64.31471850 -11.55545815 1561.42230465
v 65.15952666 -28.44627248 1566.66221786
v 58.97695439 -26.73456695 1522.73118254
v 19.06998960 -77.00554163 1593.58083509
v -88.19436716 44.68039864 1579.62305193
v 8.37412258 -87.23209547 1465.77740781
v 21.90828164 -71.99299910 1467.15089989
v -111.98249762 24.95231774 1439.68811107
v 273.80039039 45.54944990 1040.26924389
v 274.53237582 34.64610945 1017.42255125
v 262.79883125 46.54517251 1041.80033274
v -136.10607983 93.78413095 1398.30291719
v -128.63404075 104.40446387 1380.54377418
v -151.75088980 95.67424334 1378.66373706
v 61.43530037 39.66429278 1641.26825675
v -63.90167505 88.10527082 1585.30421258
v 65.19415045 54.93014646 1594.27075940
v 10.08166006 -54.45357503 1455.44963393
v 16.99061037 -48.88468498 1457.32683110
v 257.87174247 -1.18250367 1161.77238249
v 252.65226656 56.99799890 1069.84824969
v -51.55057663 96.45238506 1612.29802765
v -56.87030337 95.26405626 1580.00594840
v -8.61327936 -52.09223682 1455.70127220
v -153.08759697 -23.62404894 1395.05216808
v -164.26089506 -31.37513420 1377.24407759
v -131.85793063 -34.22620430 1373.44417029
v 273.44111010 -1.39755062 1134.69455860
v 268.89997856 6.96101463 1158.64330619
v -162.77134386 46.73240937 1417.29657905
v 29.45155681 2.35042547 1676.74184488
v -41.38849331 106.61414365 1597.96866182
v 263.29169256 -10.09320060 1106.72037416
v 51.67589585 33.84076279 1658.71332832
v -28.83583795 81.79350789 1437.42490802
v 358.37209443 -73.40286315 859.96887202
v -224.05556554 46.96205717 1333.65632896
v -235.58609104 46.18843224 1305.93524518
v -74.08649475 -6.66847548 1527.43654925
v -80.35590097 8.78881962 1530.35315237
v 224.89948248 47.24036334 1080.91357950
v 360.19666904 -88.87842853 835.62184337
v 3.06725646 67.43560778 1461.34923187
v 57.93183745 -20.69049118 576.17204711
v -216.61039973 -4.74734760 1344.22831860
v -231.80011209 3.79706058 1309.58736412
v -94.37175025 27.98887492 1593.64528336
v 2.02771747 62.91140236 1472.35336401
v 12.38746988 57.01255952 1482.34431908
v -76.86439354 -29.01707257 1575.04435834
v -87.67658072 -13.84048324 1594.27734419
v 61.14787404 26.22484229 614.88094265
v 20.77841720 110.20399313 1536.80855866
v 29.63081832 104.85599766 1550.17508173
v 299.50991678 8.72720047 1078.96694665
v -147.93468670 -37.51750664 1361.23576158
v -139.02787536 -42.77761819 1353.57874270
v 42.22943986 -45.02148773 1639.99408923
v 30.00326431 -61.86639886 1633.98912460
v 30.19588286 -45.02724387 1652.97690375
v 233.97320605 34.41311907 1311.61050047
v 294.35960018 -4.47410546 1085.83351499
v 306.72831343 -4.04277081 1059.62056241
v 59.23473687 72.31751546 1556.36581527
v 69.36787425 55.50343111 1566.22969354
v 66.30653461 58.48710648 1554.08120059
v 69.35653052 29.90691857 1546.12127697
v 75.00756882 30.23073194 1565.43942675
v 9.51482947 -84.78406540 1607.50791242
v 47.90488590 -19.93747662 1401.99486298
v 63.50357858 -12.64415932 1409.52402691
v -56.49935475 45.66175978 1504.98818663
v -53.33070800 32.21011597 1504.27899231
v -171.81826608 85.87549041 1317.78184444
v -166.00847480 89.97031782 1317.91864258
v 35.38317445 -22.55222720 1407.88297149
v -177.20263224 83.73472872 1309.65376100
v 175.87363952 50.29641287 705.80557200
v -14.23057075 57.92051558 1490.14659624
v -8.51192528 56.84697852 1481.89949904
v -29.94614015 52.38625197 1490.84859686
v 220.63230803 17.20542291 1078.20367616
v 182.80712332 50.71659136 732.02923026
v -182.69632429 86.02230977 1348.17734235
v 241.84902887 20.84316029 1036.45876481
v 231.91137288 17.24874948 1047.60072174
v 200.42839413 27.30335839 740.19631890
v 11.25310198 -30.10747845 1412.25535994
v 208.06838600 16.74588209 753.38571686
v -99.07670488 115.22624500 1368.73602462
v 206.52851327 25.49232588 777.22493902
v 210.72262090 7.30860655 762.10998573
v -166.08722362 55.46388793 1237.83999315
v -158.44297597 47.75583312 1252.10678568
v -170.48192813 44.41627115 1225.19654679
v -112.42670686 114.90408124 1348.99840426
v -124.08174999 110.47090141 1366.07812575
v 282.85642212 12.16578490 986.58936683
v 284.94579799 28.84816727 1006.68968094
v -32.33433725 49.26072500 1483.27115694
v 203.31687160 16.16592868 850.39080314
v -52.36772246 118.70757811 1368.70022664
v -51.69889173 124.28444580 1347.33972074
v -70.30160372 125.63335469 1349.63744820
v 198.92740638 37.10612306 827.54981248
v 1.84844169 88.34352994 1488.66485527
v -0.87498749 79.36303622 1489.14824559
v 194.61850400 31.19860019 864.13006034
v -184.55627919 78.25708323 1247.61466625
v -186.38108212 82.14416114 1260.95410850
v 196.24241991 17.91053497 880.92649508
v 321.70294079 -50.24767415 870.08323774
v 311.17027558 -60.50779812 872.90508457
v 312.43507629 -61.25005906 885.85264526
v -64.15740172 127.76481652 1334.54587267
v -45.02403736 123.99590992 1318.04103364
v 194.25688098 3.85803406 900.64995455
v 299.88557631 -75.57766242 852.51183195
v 300.08428194 -83.17932169 845.73574957
v 299.74728927 -89.31664934 854.20921671
v 188.14204695 30.36598716 892.97745641
v -11.51786441 66.04513815 1493.00347082
v 179.83865866 42.35277776 905.74893220
v -196.50676214 40.46247993 1386.15593779
v -39.70433261 -61.48192939 1481.95674937
v -36.68068844 -77.27531645 1496.46317903
v -50.44173752 -60.37902733 1497.49707572
v -98.16646647 -61.73445683 1350.49920819
v -92.53485090 -80.58114610 1320.20222468
v 240.67182411 -13.63645120 1072.18565357
v 233.32477697 -4.31340347 1060.55200929
v 190.41970045 -0.50930386 949.67629854
v -204.48200088 -2.99795352 1373.71020391
v -206.75438431 17.30545730 1382.43188854
v -211.23238771 12.23072399 1369.02836037
v -38.08766901 110.89082456 1562.95816969
v 328.40515747 -63.60296300 934.03968035
v 190.59353271 -11.85118820 948.96817280
v -47.24218371 -32.89475229 1485.20083723
v 202.56257648 56.17942464 1142.52880337
v 234.92628519 8.72834451 1033.66468921
v -110.87527700 -28.64916925 1385.56542956
v 263.67590531 62.80251352 1105.05687077
v -1.14542595 -54.03738389 1660.29740503
v 3.79970157 116.45322232 1534.49331563
v 13.05693718 114.77893868 1549.50299129
v 294.88596398 20.54376612 1099.56228197
v 291.18266263 26.56425364 1106.59856572
v 168.04621806 65.13979809 885.81228129
v -30.49011682 -92.28669888 1524.55633158
v -164.57705330 17.24841269 1236.10021222
v -154.10049238 23.06408119 1250.78761060
v 30.58787277 -38.84570367 1468.03492662
v -72.82814259 -17.01001246 1533.69427750
v -80.49738657 -0.08983982 1537.94521324
v -156.76885168 36.92712971 1251.78045724
v -149.35909249 40.80951912 1251.73024526
v 171.99360524 70.16294930 833.45460672
v 246.70587039 -13.08385927 1020.72795319
v 157.82764502 82.65581557 832.17638010
v 34.43554619 -51.82602338 1475.91507316
v -152.32273838 54.79935765 1251.01524820
v 39.38878084 -24.03655478 1443.09052592
v 50.81784245 -15.07308505 1440.42730212
v 148.88169474 88.20397947 816.49875748
v 223.21153752 73.85535615 1140.51092003
v -149.81689796 63.46294109 1257.05123079
v -156.83425557 55.53561558 1256.17704410
v -156.82944211 68.40118025 1266.62870533
v 238.38925169 80.56078611 1194.40836155
v 248.35161217 73.57275823 1202.34365235
v 188.32240355 50.06716281 841.87480335
v 37.43620396 -25.61388242 1461.97198458
v -39.11334149 -68.60234287 1633.81062796
v -62.18232575 12.06172556 1466.19538393
v -324.14219933 -111.68551819 788.37769141
v -333.02115694 -114.33007490 777.66039550
v -322.71623641 -116.32301439 773.86871974
v -191.46179013 8.92119502 1183.34532267
v -119.60158543 60.31162248 1442.13741093
v -314.98879176 -112.14344370 806.03683732
v -315.35922540 -113.18434787 793.56930759
v 328.95960116 -45.74490539 891.22575305
v 329.74838081 -45.63639123 856.89055171
v -60.84319766 -4.73052793 1473.73441296
v -65.16473179 5.18065166 1452.77390577
v -31.08454974 -85.94346689 1606.05663868
v -31.10760646 51.92083261 1475.45137695
v -171.43321245 17.53990046 1219.35482131
v -343.50108742 -109.85168878 774.13688660
v -344.22808422 -115.01489684 779.66434154
v 336.06040715 -43.77532008 854.02267135
v 342.78529934 -46.52780350 841.74709967
v 295.95693513 20.16461138 994.08171853
v 329.91368483 -15.29799416 976.98807182
v -46.94747746 38.66794675 1478.18989901
v -73.28823801 -2.51573023 1648.47269052
v -356.25003543 -51.62257281 848.84949850
v -351.45747231 -42.10489850 860.85971142
v -359.48252432 -42.35715163 831.52313172
v 213.44526784 -34.47127570 752.12005916
v -362.20674366 -49.44388994 834.12635454
v 13.81685640 108.50195624 1520.24958099
v -42.20035291 56.74607883 1671.19957739
v -190.79347385 69.36985523 1369.90041596
v -361.61676820 -42.67191639 805.70713036
v 192.70507386 24.72227603 707.95878894
v 335.98605035 -32.25114132 932.69679527
v -54.32392441 43.51042575 1667.64057446
v -62.29360973 55.28836818 1511.96278481
v -46.74496582 64.94138859 1502.37326608
v -216.72197608 79.49480210 1274.20669504
v -234.41010777 71.39462830 1261.80277704
v -24.84919309 113.08904563 1356.20012129
v 227.47995947 59.27379074 1100.01587683
v -34.16938493 86.03443203 1493.28050612
v -36.14488424 59.27300952 1496.94024214
v -69.11974936 114.44340811 1384.75906997
v -266.82845525 31.38366053 1230.52925461
v 299.94487254 -54.41051248 927.36427511
v 305.67890855 -54.91910657 913.68757364
v -73.08374184 92.58450489 1427.43804739
v 291.54402302 -34.73975955 946.50813070
v -190.74251960 -13.35331924 1387.30627154
v -67.03949796 -30.61103654 1525.09057264
v -158.72131574 -29.02088227 1286.56993266
v -166.38167121 -36.71297853 1302.59992359
v -194.61532078 7.58818513 1396.79704632
v 300.95500808 -79.32505200 860.78488380
v -58.05171107 -54.54449647 1506.93405363
v -65.07361842 -46.93517345 1522.70145736
v 192.90670211 -1.18945469 643.72288343
v -172.52571595 25.25930860 1417.80468192
v -193.99816417 17.93760694 1400.05259325
v -64.19822795 -8.55872735 1491.40893307
v 196.55835291 -11.62825364 652.49311277
v -212.77315483 -15.29785348 1242.09907510
v -206.25707617 -14.86621506 1236.29094225
v -198.44858099 -19.23092733 1267.62920464
v 291.46205514 -18.45101634 955.10930072
v 281.32583671 -17.78826748 969.76937712
v 288.95678675 -5.19289692 969.84177845
v -159.70637773 38.25426212 1422.77718136
v 294.83886269 26.96023835 1007.59687181
v -60.45080660 -19.23674494 1501.59111229
v -49.70980299 -23.74489136 1481.39414575
v -70.84046235 0.48680773 1438.85040363
v 222.10797899 6.01896421 1115.72814200
v 213.30792007 -3.06107989 1145.82883572
v 205.62408832 2.10528438 1144.48443625
v 44.25287599 -50.13829789 1626.00788317
v 143.77227229 40.97960487 1434.41898069
v 121.34763424 40.53058407 1443.49168638
v -62.63583342 -13.81914699 1423.37675753
v 153.74188576 23.00263321 1429.01849022
v 327.77647925 -132.30342905 801.79403494
v -25.04845525 -28.21101566 1414.58567577
v -51.61947512 -19.87912589 1411.25543312
v -25.81320439 -26.94876667 1402.11724018
v 59.54398784 10.67410849 1648.92868440
v 70.66878316 2.57010975 1437.60811244
v 59.43609211 8.49997268 1455.94041664
v -32.39448565 -30.39390552 1391.54048475
v -17.08912016 -30.21439194 1389.66870428
v 128.17091684 48.35426937 1441.96762504
v 108.85072373 48.02798558 1449.44115681
v 70.83591450 -41.01166014 1369.83546751
v 197.76638869 87.94252022 1249.03942417
v 4.48520716 78.30677183 1658.76756235
v 161.36880556 -1.33517940 1240.11483495
v 168.32817948 -8.68071343 1248.85898982
v 84.13685583 -43.04682613 1367.55444601
v 174.02312166 23.07342870 1203.65255122
v 351.77297159 -104.50569264 791.03698117
v 351.27207933 -96.55150941 798.99814165
v 209.75413041 87.29155284 1253.20118941
v 214.52031433 86.74259071 1227.01202884
v 37.08000581 -54.02309802 1340.18869512
v 45.79579917 -70.30203207 1318.49604078
v 60.97848386 -62.41296498 1332.80473416
v -37.30250824 26.15352852 1681.54882776
v 146.84477805 -24.70477855 1265.81725625
v 20.37475792 -48.45703457 1347.51287634
v 154.25225393 -3.95013103 1244.01441452
v 153.56602985 2.38903359 1244.73835405
v 199.53285507 47.51700115 1378.52014475
v -49.00744061 -48.31532719 1650.92213863
v 59.55158397 21.80418395 1462.66980176
v 142.02478454 53.51791331 1232.07947118
v 129.47125715 78.52940002 1237.96882454
v 50.11183904 26.60016043 1482.65729348
v -179.72018622 -30.79752509 1361.96642448
v 154.39054988 60.24951530 1251.83658084
v -208.34952247 -22.65302367 1303.48712726
v 64.36479333 -37.20505844 1556.23043626
v 350.61890076 -53.40483002 822.14630390
v 359.41617432 -57.66152178 819.14988049
v 342.52752033 -56.56412677 815.75737545
v 53.93970566 26.10048430 1471.37776508
v 196.88093127 37.99279105 1389.53725518
v 106.80525227 -94.92386563 1213.81604295
v 124.52833237 -78.97866263 1220.17394612
v 127.71124806 -84.65726862 1260.16597635
v 107.25174319 -99.11969320 1269.35166825
v 138.33813735 79.19309139 1251.47467324
v -15.94715819 -37.46551870 1444.03751044
v -1.56132295 -44.35538110 1442.97095507
v 208.86381683 73.06015051 1158.22674796
v -17.52520228 -80.44204942 1588.33466074
v 108.92768359 33.49827038 1444.46707865
v 102.41143727 19.70165026 1437.54307640
v 151.59955646 -35.44581268 1350.67520972
v 141.33896233 -26.73040465 1382.50180035
v 130.35356283 -31.97166053 1371.79198081
v -35.48148033 -31.06781949 1463.43002713
v 107.09217315 -73.00737745 1317.46374057
v 91.66295340 -67.23213720 1334.29097379
v -169.64522069 16.29981475 1416.79958643
v 80.18987943 25.04643484 1450.96900821
v 118.08898061 59.65528422 1445.75597894
v 185.43861278 75.63455990 1209.20539281
v -45.09589488 -25.25449623 1474.56458171
v 213.50375287 82.98103750 1191.03874264
v 224.25641484 84.93414040 1211.29968165
v 226.72822459 83.66559364 1182.23336187
v 153.90806399 -4.70573734 1415.60847209
v -56.83997405 -16.18114415 1461.52959470
v 149.81098875 -19.47218281 1400.32462235
v 156.92063611 -23.73313528 1392.51967530
v -142.42514464 -8.49044642 1230.16606744
v 238.35384672 80.13880605 1207.73917845
v 27.33072811 100.56383180 1584.88843503
v 36.30115808 -78.71109989 1502.31113638
v 316.08395835 -1.07635286 1040.89725414
v -157.30788972 -3.76012655 1266.75866195
v -162.12555786 -9.80780455 1267.81016773
v -165.86859034 -4.42878673 1250.85151581
v 39.29658457 -59.92645755 1483.28550544
v 44.81032018 -48.90291865 1488.52576399
v -178.55744547 -9.70934632 1241.44042417
v -177.50102407 -4.54198696 1224.50282189
v 43.41810902 -69.94138793 1504.14992985
v -55.55912671 -50.58977148 1358.42830569
v 45.76830708 63.44279871 1457.22397410
v 53.19572706 70.67001944 1453.52522933
v 37.29648623 72.26425269 1454.71794111
v 239.04620755 0.86366868 1212.38495419
v 54.24433648 -1.36194655 1482.08019902
v 48.27764715 -15.10886524 1494.77393153
v -79.62793867 -87.00215815 1311.40437149
v 322.26224362 0.66482814 1012.20985133
v 322.01462643 0.26694166 991.50694400
v 232.76165589 -5.44898776 1200.33195543
v -88.30316660 -96.50119690 1292.67742077
v -102.96641706 -98.25810060 1276.70236598
v 216.63055001 28.92362490 1361.65315962
v 205.67699680 10.46789666 1364.72980831
v 212.30988730 3.81533759 1345.61677032
v 45.86875074 -22.25686763 1491.37491992
v 145.62798625 -89.95516660 899.49931200
v 7.74842154 -40.96427802 1364.87300966
v -8.32873973 -48.11262430 1349.12861285
v 205.95055512 79.39145789 1324.60203895
v 218.13423814 78.72465717 1291.52979613
v -47.10765406 -57.29805459 1642.40853660
v 121.98471571 -99.76841277 868.03701778
v 129.73885286 -67.51562513 1304.66926698
v 137.15036087 -58.75544203 1308.61118797
v 106.94588122 -102.16237022 841.97915092
v 147.10440354 -34.75280857 1271.85958091
v 153.80595048 -29.05325755 1276.73342813
v 96.96874897 -97.85667283 875.99984760
v 319.94090660 -97.57598026 771.23903368
v 97.70697993 -98.73942062 860.32516191
v 218.98139194 80.40015589 1274.84342341
v -12.61488984 -28.10200238 1401.69945959
v 3.21128718 -25.15651958 1394.40382721
v 105.89158304 -102.64962039 823.78049596
v -64.40105670 -64.22668989 1555.58444871
v 129.16919465 -72.95599631 1287.68786978
v 106.31922076 -83.92448179 1296.51572450
v 123.59341793 -105.33846875 820.53779090
v 151.09968712 -102.90870664 820.50022156
v 126.10333773 -59.78029837 1325.84467134
v -139.49638398 -62.21523576 1283.95518689
v -150.19381138 -50.11816644 1294.51387815
v 160.96472492 -102.30187337 795.87497471
v 143.54408166 -106.80262400 799.53071433
v 43.87376711 39.01572000 1664.47497782
v -6.30398638 -113.21935806 1548.74713301
v 1.79534793 -114.37736152 1547.91658394
v 2.25788687 -106.09622099 1570.37963737
v -5.83266632 -103.73490182 1568.95586744
v -143.17714451 2.55585695 1260.91397270
v -142.83698992 -13.93855068 1268.33750367
v -141.98945531 5.48453474 1268.49699590
v 68.72808507 55.68225453 1581.83509940
v -13.66745599 -100.16119817 1547.06078322
v -14.28587616 -99.00034348 1555.31668855
v 20.22230320 111.84268222 823.06173700
v 44.07838453 37.33412703 1505.89862278
v 44.91678758 52.21807494 1505.25428214
v -64.01824408 -60.68803715 1565.64135635
v 139.40774453 -108.32867421 773.36199472
v 4.59988281 104.65316706 824.83680125
v 128.65089165 -107.80605481 757.09740173
v 283.54947585 -38.38360161 979.67784023
v 267.42453824 -29.54872325 997.77179810
v 129.35336513 -108.70460929 794.07305765
v 41.66269637 77.11104064 1511.27185216
v 37.96400457 70.51806261 1504.44233391
v 115.45429268 -107.74511797 794.59761589
v 70.21797249 127.66421994 840.01467174
v 49.05232309 35.29064851 1475.27062692
v 95.88451793 -103.63065531 786.76338885
v -57.20084012 -67.39995396 1591.27362461
v 187.49266441 -8.08815672 1224.45752688
v 198.29136742 -10.39083527 1222.78250900
v 191.25089576 -6.71931125 1203.18731392
v 63.60694478 -90.69583995 829.16254950
v 84.76730142 -112.38975817 1250.55418826
v 41.05181058 -79.20710820 822.70228911
v 111.74480117 85.53300449 1216.10053054
v 124.90854553 77.78133384 1222.77566622
v 125.82306013 67.70678456 1207.50061729
v 33.92429435 -80.27163124 832.33999128
v -10.64353862 13.75129907 1685.65663054
v -19.62579438 24.42847122 1688.97432199
v 62.43866979 -113.18658094 1260.84337106
v 48.78218084 -87.19365298 842.08621231
v 311.47317937 -107.22516215 788.25287758
v 99.76728781 91.74819805 1213.29864854
v 105.68134768 84.69741293 1201.10765494
v 58.94034913 -91.70645220 854.01836467
v 85.08418666 -84.40271905 1309.59642082
v 71.78840245 -89.76879708 1302.79000261
v 72.93700243 -94.50353991 852.67300345
v 146.68405853 42.73365104 1237.56407264
v 147.19588381 17.85959225 1247.95441595
v 87.95025088 -97.92601832 883.08729307
v 144.28943037 46.62959629 1433.17393273
v 143.08229639 25.75069438 1221.97733171
v -57.81410524 -122.58350226 1233.22819466
v 152.99973643 90.63834757 1393.74868220
v 126.63327770 104.73800925 1394.17223255
v 262.34536087 57.24992798 1189.17398226
v 252.11451672 66.69559988 1210.15871744
v 253.27134985 58.36532629 1218.93130423
v 58.37622657 -53.47385378 1536.20262144
v 329.79248363 -23.15778451 938.89280957
v 109.02759160 108.43423324 1399.87378891
v 116.85393624 95.08747599 1415.68715036
v 314.47572032 -99.34036242 794.82438283
v 313.82110118 -98.15201117 778.35564593
v -128.31493156 -75.70375979 1278.26266185
v -133.25979450 -66.63417482 1265.54491994
v 171.60493622 -29.20356273 1315.82081120
v 54.73394449 -7.04679452 1519.46338758
v 54.09003640 -0.40713935 1504.05915565
v -4.71722247 -80.00650329 1624.48152717
v 301.48532496 -38.34669587 1004.64409656
v 56.42142160 -1.40031781 1529.73225908
v 58.98024312 -14.25994654 1533.40000791
v 53.72175466 -19.57123480 1512.19744872
v 49.43353476 27.35160951 1513.75239322
v 67.00022564 40.84192588 1539.63487254
v -34.37635543 -82.51037411 1567.36299723
v -21.98271445 -83.47495150 1568.93692659
v 173.08383015 50.10234368 1205.97967100
v 186.25773840 48.24711467 1175.56394699
v 178.40072941 74.75202429 1223.03938459
v 170.64737152 77.17199522 1246.03697538
v 180.07662192 83.10863506 1240.39733495
v 55.87720963 14.12156172 1522.95102843
v -71.32741977 -9.55825258 1424.17117900
v -89.31177390 1.80565028 1428.93822405
v 147.19855550 53.65226985 1242.39615875
v -51.63309469 -2.20092535 1666.22925735
v -237.92352510 2.78003445 1278.88737273
v 155.21310999 58.49318333 1241.40496098
v 119.39703810 90.32137522 1239.23351079
v -40.25724544 -5.46108263 1672.50471975
v -48.74235590 1.60968943 1673.47790165
v 176.96361751 21.72525213 1419.42216425
v 182.47382346 17.98079313 1411.89111802
v 99.80522851 -86.07499002 640.37303178
v -223.70358052 -12.73279864 1217.53759535
v 168.31833373 -7.32547470 1409.15160734
v 140.12561722 96.64063652 1273.04242891
v -103.39201401 -90.07876197 1294.46320174
v -171.34780322 81.08492507 1285.86070491
v -179.70978387 84.72016529 1274.57167004
v -30.60338431 -36.85718883 1466.39606520
v 338.32949046 -66.30055927 805.65992887
v -55.87646618 -15.12447583 1476.70045837
v 205.91555603 79.55561194 1183.16119680
v 115.14079628 -24.91961557 1383.45947395
v 147.31670505 3.27211869 1264.70347614
v 146.74453232 11.55719053 1261.83987649
v 152.48026323 10.70549078 1247.17713464
v 12.13396665 98.96179418 1620.85441780
v 103.92448139 -9.04281088 1404.96322602
v 102.72328023 2.99164963 1416.94942124
v 87.70434441 -78.71764209 647.73088714
v 338.21302853 -122.73794741 796.80003854
v 70.03339256 -62.15939266 652.27311526
v 152.70500943 51.85363319 1238.18381127
v 65.10796241 -59.71540750 664.46643615
v 50.84557729 67.20454487 1624.83164276
v 208.41460855 73.95957461 1333.35207236
v 193.33991213 72.90932698 1361.28682684
v 47.51270502 -23.20700632 1395.82993234
v 196.62047641 15.66217623 1391.60747373
v 124.02207475 113.76767304 1290.77631004
v 107.21508290 121.55782764 1300.90638982
v 133.87768830 113.16472515 1307.44254343
v -27.50081088 31.11137815 1685.66178971
v 344.06004367 -44.41619347 853.56979522
v 351.25411874 -48.61253024 851.86801921
v 93.94664327 126.03254154 1331.70858853
v 155.97093724 87.84820349 1285.87515875
v 160.88158083 81.17336463 1275.36696644
v 143.62427604 -52.46519493 1324.76950514
v 160.55337845 -38.08591215 1327.28976668
v 157.42527150 -37.47938042 1338.76657225
v 151.47211857 -33.46556038 1285.62751675
v 163.10690005 -34.54243799 1309.92591577
v 147.40436093 94.80229293 1279.54630336
v -202.82604498 -23.41101084 1332.46102331
v 328.38711371 -95.53901422 871.66638232
v -57.36888259 19.31471053 1506.73086190
v -186.04841528 16.50491452 1185.43160433
v -185.10022596 20.98174932 1171.02608847
v -183.22781129 24.49044513 1185.09176005
v -266.48058119 -27.89007507 1038.82082169
v -254.19141181 -17.28772330 1053.20471731
v -244.63975772 -2.86803890 1046.99677032
v -279.80971202 -34.32316777 1005.13522255
v -268.43237845 -25.80804328 1022.10987824
v -270.97201405 -3.55527971 981.19943013
v -161.66720374 90.45141412 1379.96710680
v 246.25280231 9.91961251 1218.51560452
v 198.92095874 -3.15088733 1373.41224302
v -193.02476851 12.86974032 1172.76014017
v 299.76645152 29.99569239 1038.60662652
v 73.58008586 71.76557093 1150.34155945
v 7.96919430 -80.51377727 1590.50274699
v -188.32088203 73.67603200 1229.48701513
v -183.41454980 68.33022671 1221.92392914
v -198.78439594 76.71702235 1218.21859668
v 198.13373855 11.14544402 1149.37832774
v 44.93566449 24.74821015 1665.59771410
v 349.87872839 -123.73172229 809.18365102
v 236.53393258 82.07784925 1178.52294967
v -221.57803338 20.59694303 1355.92744457
v 366.13069955 -96.48915428 815.14736816
v 239.94398380 75.33062827 1129.37768988
v 228.27647158 81.66477606 1161.60450683
v 79.47589443 -74.21655308 1322.55285092
v 102.53096409 -18.03029933 1393.83923569
v 103.01412235 12.34231442 1429.45623853
v 29.14763975 -74.96771881 1604.22734840
v 336.01977605 -34.63720960 956.12254053
v 336.04458878 -29.12049030 951.77913259
v 298.67545765 -53.81378327 954.86122949
v 28.04104683 -41.72250980 1367.05805964
v -172.16903789 70.51216835 1245.17898434
v -8.73999049 66.02689466 1462.78256608
v -170.86010417 61.47462662 1233.06289867
v 0.66338772 -29.32101085 1408.99201492
v 183.05893530 86.75379270 1250.75632297
v 243.43160298 -3.71062874 1019.71221582
v -55.09452303 -25.00839435 1396.65561644
v -65.38824060 -38.77349842 1381.01268549
v 274.49707321 -10.00781178 1104.74245776
v -261.60335861 -10.93237808 1141.49408604
v -240.57519672 -13.27482282 1167.17188502
v -64.32074015 -92.91221067 1302.99063555
v -246.94227685 -4.87320687 1201.22380332
v -262.57977785 -12.49313404 1130.84933869
v 350.28215830 -47.74518135 841.81849192
v -177.95175682 3.05261952 1212.66099803
v -194.76457616 71.16979191 1360.40354414
v -207.93343288 27.92608558 1112.91351792
v -207.22153092 35.33895030 1115.39598289
v -202.68123458 27.49948067 1131.06213829
v -209.18487194 18.38974216 1123.73442613
v 265.00922053 62.70014860 1169.62560773
v -244.97816578 61.77445075 1240.17366856
v -149.81985651 -1.89812063 1273.20244132
v -149.48545334 7.83558460 1269.17712680
v 248.54948546 74.06291794 1126.05079167
v 259.83367252 70.13426236 1128.45137239
v -173.55521757 -17.40307995 1272.01548229
v -165.28388993 -21.51568525 1279.22114788
v -58.09222686 -61.24728642 1516.23356789
v 278.83464809 -4.67322155 978.90280745
v -184.82491293 -16.75784751 1260.84912023
v -196.52749241 -12.80037636 1226.81637048
v -166.91603394 3.84060586 1238.37834427
v -164.45056482 34.01460588 1241.87851359
v 305.63111896 -111.08380771 839.65444550
v 113.92367475 5.04455533 1418.78973119
v 63.26398877 -15.27408926 1616.33293887
v 68.71052620 18.46251851 1630.59605655
v 343.90502114 -75.28418352 806.56433640
v -154.87579150 100.43744972 1315.28947688
v -171.49543912 81.92258168 1305.14221251
v 227.91108609 76.40877544 1259.52417263
v 236.67094258 74.70748006 1234.69615402
v 360.20203636 -67.44099944 815.27247962
v -2.33510642 53.07658953 1681.26670064
v -14.55320507 49.56205939 1684.89246171
v 253.38318215 47.68001947 1048.93459335
v -53.80469955 16.10423882 1672.73579999
v -56.87418513 23.93077545 1668.38452632
v -312.91235217 -102.31759383 785.79650449
v -311.26870949 -94.00290906 776.83132430
v -312.41011879 -95.15199567 791.79250021
v -315.33935839 -117.08444921 782.12776859
v -309.61711416 -90.96320655 798.52400605
v -308.85106903 -93.06596227 770.89102587
v -307.61910909 -109.83638496 781.23148997
v -209.94501424 -1.96296516 1360.33917986
v 350.26474004 -88.79601369 809.26885504
v -175.27295039 -10.24744085 1402.12369195
v -8.44201680 -102.50167937 1534.96380289
v 0.38249473 -106.40169586 1521.74231025
v 301.27288589 26.83226880 1071.87903861
v 52.51634616 49.40419905 1463.95611255
v 224.99931652 27.27560488 1333.41864569
v 249.40999205 -1.01524284 1185.86700437
v 246.25989309 -6.37499289 1161.36863798
v 314.07314764 -114.43746197 781.36572314
v -78.83279652 122.44389885 1358.66330666
v 169.49905761 94.08966933 1319.76976102
v 120.93997452 -76.18090389 1295.91525740
v -33.23054077 107.96095651 1382.82709470
v 40.22840433 90.96319876 1576.62902868
v -44.16523069 -78.39873711 1566.96005522
v 272.30043983 -32.68859271 1004.12607253
v 277.15707251 -33.29655517 1020.37979520
v 266.12951963 -27.87528073 1036.23233004
v -5.78637143 38.00770462 1686.71715725
v 13.19651730 26.87585588 1682.74325754
v 17.75731861 60.78397673 1458.87175772
v 139.42021338 35.74626101 1216.82973073
v 307.93122768 -118.38446823 793.83360029
v -32.65386293 -83.45011528 1596.53558549
v 177.20600452 63.69650923 1210.40418697
v 54.98309610 8.90299432 1515.66836990
v 289.45940258 -36.29348629 1016.63665764
v 313.07738821 -21.42275627 1023.95664009
v -86.53416088 49.65746680 1599.83029092
v -311.55179464 -33.76159731 905.53841121
v -306.56296797 -24.49206626 918.76102073
v -315.83108306 -6.33436696 923.75501698
v -307.64990972 -8.53105434 928.97545445
v -42.83852265 10.19534780 1680.22632542
v 364.18408476 -59.19853833 830.13872075
v -318.17245621 -75.46944461 873.60156237
v -312.20422447 -68.22473083 854.08351092
v -315.42310067 -62.14061489 867.22399681
v -323.02105535 -72.30511536 895.47296166
v 334.03859971 -59.87006977 808.27279346
v 43.59630301 90.17883090 1549.54578616
v 20.06601914 100.88444214 1610.28058367
v 147.13088549 -0.63193849 1255.46368130
v 70.37425488 40.97638629 1549.84701468
v -39.07049466 0.30388935 1683.16758619
v 115.53728654 120.60613516 1330.19589661
v 148.86174294 -50.94407213 1311.70408796
v 342.95174596 -49.08935928 891.10528772
v 62.29186991 -2.25372749 1540.39385035
v -329.59473078 -112.08803617 769.56392305
v 47.24511146 24.43841666 1506.46650886
v -208.38484450 -18.98564984 1281.90752760
v -304.56034461 -97.31812308 809.22232917
v 1.13701507 -102.87113456 1503.97419735
v -302.28120767 -95.70405938 818.86703410
v -354.05863689 -93.35625817 812.23109768
v -137.83673032 -64.85234996 1297.08611140
v -145.03159555 -58.76225779 1300.90771992
v 303.36054833 -106.47780627 832.64236594
v -345.58189055 -55.75431498 779.68976027
v -301.23800472 31.71137441 1079.28721181
v 147.50359886 104.49252511 1366.70844854
v -196.23541748 27.59970330 1152.19366444
v 142.68392998 107.18382724 1299.31610710
v 179.13470180 94.04715573 1344.71896048
v -173.04030108 -37.33627734 1324.73144289
v -73.51416418 -15.32075635 1413.50573483
v -84.51486239 -13.19136173 1415.78834683
v 76.06254951 104.11176591 1226.91656219
v -322.70285739 -61.93768329 820.75331831
v -327.48721387 -47.47468903 828.52131226
v 133.47898421 65.22418917 1222.24115821
v 137.95779205 49.71070267 1215.61907266
v -323.96216905 -53.66801820 812.88396170
v 143.73438372 4.22387476 1258.74771135
v 123.20430289 84.35097411 1424.67716543
v 150.54206876 80.58797219 1406.49073166
v -322.40448816 -85.91251632 759.63655827
v -209.05711736 -6.46776851 1166.75393149
v 172.65914125 -5.58079661 1239.82664318
v 147.13548916 -10.94768766 1243.80026423
v -312.85596627 -47.19281763 971.88064102
v -308.41230018 -54.96905858 947.50598394
v -352.39735704 -103.10590060 779.12694957
v -331.36603684 -53.73868288 930.68004715
v -345.79998163 -30.73753033 927.04298529
v -344.90941461 -38.09348886 923.66115673
v -343.99167360 -24.51756907 929.78015609
v -339.40320072 -16.28515614 942.14596758
v -336.82176473 -22.42284445 904.68325318
v 325.98233472 -7.94842171 996.17760728
v -350.19499668 -76.74829402 842.24838954
v -354.37799651 -63.45950289 848.36725731
v -307.69833960 -103.74391737 817.80149901
v 8.38267337 -109.88966779 1557.14684659
v 8.28817234 -92.85841797 1571.32103437
v -329.87573189 -34.82459566 836.17377066
v -336.68367531 -30.80324489 843.08901790
v -55.55884394 -29.55179277 1494.84437311
v -336.83818565 -89.28713488 847.02992373
v -336.60494220 -70.36010489 891.05086344
v 31.98398501 -72.00969253 1476.58540692
v -352.14694258 -32.76666289 826.92076644
v -343.25742680 -36.48726077 866.24129111
v -251.43008671 -12.41982698 1034.08225227
v -263.46970856 -12.71894482 1010.34308560
v -240.01019611 59.88921370 1095.63116561
v -238.57375211 58.51388839 1080.17978674
v 3.52503735 -95.75615921 1476.64555898
v 230.37296088 0.34692079 1123.90236966
v 198.53652477 36.28250784 1133.57371493
v -312.67894468 -42.29860421 985.48157255
v 215.13680580 82.29142988 1177.55996007
v -14.96482990 -85.60060699 1598.77466922
v -329.44017181 -11.25691448 922.53385803
v -329.00971004 -17.85078152 904.40389333
v -63.77969149 -16.63171974 1515.28280207
v -322.33936788 -5.54533401 927.70845291
v -333.27338296 -6.08583170 979.15352242
v -332.13208317 -5.97918939 963.23667404
v -24.92883045 62.09500815 1493.44217679
v -241.02711080 75.81913942 1195.03138368
v -64.39516067 61.58726748 1518.59055603
v -287.79683340 44.02543281 1036.34552019
v -289.76440956 39.49200573 1019.42137523
v -321.39889673 -42.04543479 799.47332451
v -256.15430020 57.62408197 1226.91363619
v -265.61510967 53.51323806 1207.75054545
v -235.35947016 70.82035309 1241.60626945
v -345.82774993 -32.84253982 897.00587218
v -337.48781855 -28.86625235 885.34291019
v -87.22258619 -11.57091899 1614.29890674
v -313.67538119 -4.67470081 1058.91602637
v -360.95687576 -87.81648504 778.04140311
v -362.17712598 -75.86490611 797.33805440
v -226.08206134 78.52184864 1218.97362374
v -240.87316323 75.27050559 1212.37195175
v -213.25653913 77.41354219 1208.04304109
v -204.52283682 80.01841095 1236.27825143
v 67.85925688 35.04916680 1627.57141788
v -280.59461351 48.61418107 1156.27750683
v -282.87787949 48.65702750 1111.02725975
v -265.27090442 60.04595945 1196.85765447
v -249.30567249 68.97082565 1218.93067268
v -215.87190822 34.07132496 1094.91027815
v -329.73384012 -28.21733687 981.42467082
v 320.99447364 -103.58651024 861.08731427
v -273.80405860 -16.87485307 980.87005325
v -283.33165771 -13.21429301 956.26446130
v -264.47552308 -20.58690057 1082.65030246
v -273.42658623 -17.57755139 1105.31905377
v -231.95191165 63.42143564 1115.21629925
v -228.36200829 74.85105632 1168.87994025
v -217.63452426 66.40309494 1150.15527643
v -321.19447092 -116.18731871 765.55873680
v -1.96944279 -95.31681792 1474.91129627
v -320.44317683 -91.12157404 847.25019292
v -6.82271976 -96.66548214 1494.27613057
v -16.08109681 -91.73358768 1482.82847266
v 227.19749244 -10.65974061 1181.42644988
v -329.56884264 -38.89730965 790.80837835
v 213.94380023 -5.62654917 1245.83620556
v 170.30748609 83.51351633 1267.58133864
v 161.25851355 85.23312895 1288.20387554
v 175.97328314 90.15741092 1287.22561028
v 161.12796814 88.69458369 1303.36769066
v 181.29538926 89.51071311 1355.63143582
v -315.23234062 -96.40735033 760.41035324
v 194.41818440 83.64547257 1341.20468286
v 175.81371647 81.45662210 1379.59000175
v -301.49542379 -51.62824121 944.17495403
v -340.34008512 -23.78051937 949.27560836
v -274.45944447 31.13030954 1203.49587123
v 222.28186748 9.31284504 1322.98146553
v 230.24470278 33.56604861 1321.84772348
v -157.13685673 -50.70134288 1310.63727812
v 189.10170327 -17.99935872 1289.05256592
v 169.24522637 -24.78822654 1304.41263099
v -345.51211038 -86.38108635 839.67547529
v -161.51817130 55.36943141 1249.76663722
v -290.31778670 22.83290021 1140.55728228
v -287.22259628 31.36884259 1150.60404712
v -287.12871376 -39.08770860 1007.92652408
v 271.33429744 15.09087659 997.94473919
v -310.52408920 -53.38094784 914.80096519
v 229.80715077 54.61237860 1085.00969752
v -228.88789202 2.61924596 1109.75685662
v -330.60206352 -41.20161680 956.66250890
v -322.79136513 -58.95521771 935.53213632
v -228.07814599 16.35373990 1080.33513016
v -264.94746172 63.84610295 1113.81510938
v -275.13770925 57.22588977 1103.66761547
v -309.33794012 28.09361622 1036.98422289
v -286.02523139 48.26195993 1090.21697149
v -232.57606058 55.71919075 1078.41418163
v -298.36785916 36.75503858 1018.11766288
v -255.47036204 67.67057875 1126.38443580
v -315.15363790 -19.04760984 1036.71502992
v -329.98520687 -24.75403692 888.28578330
v -341.81296485 -48.16946101 915.39818002
v -277.70420669 53.51054342 1087.10683975
v 306.31972976 -44.81235676 985.11812003
v -211.46184036 82.60172820 1253.86565322
v 234.81291896 24.10473657 1286.33596521
v 3.78884619 -96.58284073 1489.89459678
v 315.08076704 -132.24159978 800.15847121
v 328.90477884 -87.87809208 794.56241164
v -189.97174029 58.82199752 1196.19599042
v 357.69386087 -53.60959094 831.68165981
v -112.41634013 -92.80556998 486.59596880
v -104.39779269 -87.61710135 484.38855170
v -236.50080923 68.47010200 1139.00849333
v -225.79960957 64.03505364 1134.32291204
v 140.69408813 108.66363595 1335.58125146
v 292.66434405 36.82168947 1084.73650656
v -193.79667495 22.35933670 356.27507495
v -248.33622750 71.94296863 1156.04469219
v -257.16547161 70.80876950 1166.28178361
v 167.83048719 87.17089661 1300.94805927
v 274.96534464 -6.00492126 1120.88518335
v -304.04774396 -10.32049079 1081.60619290
v -301.63786282 -19.69083650 1068.80661891
v -296.66399253 -38.86077404 1021.80625605
v 230.65962141 68.29132655 1116.54808170
v 354.06960813 -64.36648402 869.57524823
v -261.04775537 -13.58211693 1117.38765144
v 200.04672062 23.23369766 1388.68464739
v 311.69776857 -70.40948792 891.55363117
v -65.89182177 -23.46146028 1397.06223047
v -316.19360985 21.27478814 1013.24073165
v 311.80263699 -61.72262513 897.98304929
v -335.38908783 -14.47260156 977.21035897
v 322.44766960 -49.06924383 892.65527090
v -336.68252911 -22.73062581 966.75559713
v 285.47152415 45.90449776 1090.63022658
v 314.43452148 -74.42229269 912.25405584
v -264.90833943 -20.39119043 1017.97964166
v 310.19753226 -13.90107574 945.74928269
v -277.74318607 28.01763660 1000.23077755
v -278.32752978 5.18557998 972.29360281
v -308.10701336 30.67996234 1027.46604906
v -311.45616757 24.88637257 1002.18527605
v -49.90296384 36.26429653 682.73535124
v -38.33034561 28.15188538 685.61862935
v 328.95676043 -94.43147935 768.12190458
v 339.75814985 -89.99298118 771.85951354
v -292.29106755 20.48849560 1127.94221471
v -330.14056462 -67.76636203 907.36969675
v 187.68698537 12.72521752 1169.00253890
v 343.55670370 -82.35346675 779.74486755
v 220.26336104 83.96908614 1246.46492289
v 226.89915781 81.44291519 1230.17551954
v -157.94216822 -108.30184502 675.63457448
v -154.05683258 -114.44254560 714.24708493
v -165.24293503 -107.55624257 715.42179455
v -344.44349820 -30.13171877 828.12659158
v 256.96871567 73.05880114 1156.44385523
v 265.95485992 64.08870066 1153.25222417
v 211.15282753 -8.84223071 1316.83592291
v -344.00460411 -94.87186611 828.63717452
v 177.33389820 89.59290907 1301.96738983
v -305.41053777 -94.97158866 830.93893452
v 260.85995683 6.84970845 1174.04284065
v 350.66909656 -57.66475397 876.18231530
v 178.99069973 1.90759313 1195.97592613
v -300.89228647 -88.09789257 830.45138235
v -301.67521361 -80.98093152 830.64083031
v 202.96790183 20.24294382 1377.61116140
v -330.56019669 -43.74638052 782.80877031
v 161.79111678 -15.84518246 1256.36080259
v -351.73675564 -86.41848906 771.59741427
v -314.58564928 -116.56829857 761.78801659
v -315.40506559 -120.19351624 765.84712410
v 178.23335440 7.73935201 1185.01066204
v 185.08354560 17.49205684 1174.89485120
v 11.77571572 87.77182731 1167.21045355
v 166.04081591 15.88799179 1422.65152905
v -308.12554939 -117.03246606 776.83832084
v 333.77138837 -126.27651083 809.55466129
v -344.68620515 -68.52653444 769.13617521
v 218.07571870 37.62974757 1352.47029975
v 164.35699303 -27.94220842 1374.40354163
v 359.16526973 -54.99071827 841.45445078
v -56.38474299 -54.75940306 510.90644607
v -176.70387886 31.51009760 406.66783134
v 148.66038943 34.07414031 1432.42878722
v 299.38247839 -9.53553484 955.74261359
v 332.27732755 -82.06023894 771.99698454
v 204.39001168 30.71210171 1379.06179461
v 311.38354345 -28.83715997 1014.46519617
v 179.68357243 29.20245601 1186.08399063
v -54.00900462 -79.46384709 1311.34046353
v -40.30309905 -67.17501366 1320.85007580
v 87.61616245 -112.20935841 999.01573902
v 60.48909883 117.24433389 1267.94707878
v -191.76661673 43.97980219 792.05371639
v 145.87025545 -11.97324313 1229.32796588
v -173.56222404 59.06787523 882.42937760
v -160.66675148 73.21316729 897.76194098
v -164.05161856 79.13546707 858.75977386
v 143.90274460 -21.53856289 1246.35422674
v 140.51170446 -48.02317852 1256.30440170
v 142.58211671 -41.43335548 1235.30374396
v 139.83163112 -61.75736642 1274.21555976
v 141.15942605 -63.08482747 1262.16504907
v -101.97966788 71.80669257 1173.12798473
v 7.53371545 -127.26350855 1016.38767753
v -10.98818354 -124.95094485 1027.05169680
v 80.19876407 -100.30968675 1055.93489235
v -182.43912705 22.30521369 915.83412740
v -186.04431477 30.15180317 886.55711159
v -180.68309088 56.33767840 849.09877183
v -186.86445007 37.10512757 862.23040491
v -54.78491900 129.58635359 881.46189748
v -155.47430460 58.57137625 964.27289084
v -131.77953220 84.10250911 952.01201746
v -153.69305809 67.06025520 940.88686734
v -130.88428930 36.95835201 1180.27543326
v 143.04862672 13.60127114 1223.40575082
v 143.61838260 -5.92050468 1216.44761550
v -15.08284576 -129.92496511 981.41429039
v -6.73935565 -128.32662095 1004.88771086
v -186.17997275 16.07543978 382.59139094
v -181.88940291 25.42057063 395.20842466
v -22.94345824 13.91259005 715.90305052
v 168.05809151 63.72676323 1228.99786256
v -46.18653564 -24.15418239 540.93205238
v -27.78152747 -80.01447232 1300.21858175
v 61.93868295 -106.95265780 1111.63067650
v -124.69303461 -21.81535874 235.14789726
v -10.27665570 -126.26866471 943.73190718
v -35.28881565 -125.78152495 948.85387448
v 5.59398710 -121.38949175 921.03793510
v 22.36500746 -112.86398510 901.69113659
v 29.47837275 -120.34117524 928.15812852
v -10.10798645 -127.91158864 954.31360608
v -38.64172900 -128.28925806 966.97152462
v 142.87000498 -54.08473104 1266.68303358
v 143.21051803 -42.68300435 1261.88462975
v -98.14490411 -88.47616893 501.85776425
v 143.53382518 -32.64980370 1262.45063088
v 142.86717706 -20.26634276 1222.57400269
v -114.67548577 -95.72876750 506.73625622
v 144.98304999 7.14276807 1203.87229888
v -85.44932285 -110.08962926 1026.02211877
v 146.70924943 18.89694052 1204.96759128
v 140.23790277 34.70217384 1208.96962475
v 137.27515150 45.43874047 1204.79251546
v 139.83862802 -35.63115033 1218.92974979
v 134.61776258 -68.37521970 1234.45226521
v 138.72200153 -56.03231903 1244.63646994
v -40.45094839 -114.47684710 1061.35692619
v 137.56923506 -68.78313099 1252.89467337
v 135.11010077 -50.88751750 1215.37668200
v 21.30105426 -128.06486801 989.53105441
v 21.25638670 -128.61955949 967.53422914
v 30.87953061 -127.60683320 998.34314809
v 3.19446744 -130.61773685 989.59719267
v 10.92053806 -125.85628511 945.26778471
v -54.01551283 -42.92772657 495.38426259
v -59.84834907 -69.61134243 521.35217868
v -78.80128736 -74.67153890 498.20308492
v -83.10300247 -92.19347214 520.87414804
v -69.08015701 -65.98200578 498.35018664
v -68.84609649 -76.93830559 513.44040566
v -171.97025492 -101.55907922 809.33370646
v -101.08887551 -108.04751970 926.90126234
v 123.44643584 66.46655630 1197.23886837
v 124.46344580 54.25914357 1178.95377156
v 53.84824806 110.26892195 1238.30533913
v 61.22667777 112.50888107 1248.83631051
v 82.10041951 115.63191406 1262.06482406
v 44.59786157 112.64052827 1260.10019709
v 95.47556948 117.60073644 1273.62333182
v -6.04996744 -115.85386357 1098.53671015
v -74.18798787 -85.27423034 521.69670963
v -102.37902549 -93.40066540 510.36902448
v 73.40460817 -103.45908960 1128.22307055
v -18.51294651 7.08087912 736.32970692
v 59.65119076 -106.66218647 1145.84475264
v -176.38601393 30.63316639 942.01245862
v -28.57621358 26.61753573 740.76137755
v -188.43214248 8.41223513 899.80699687
v -37.67643491 31.98896136 707.17412166
v -187.96860576 -19.47711890 926.04302297
v -186.89004536 5.77069713 919.74425379
v -176.51852343 60.60500905 866.94075231
v -195.96536891 0.99180505 866.77916441
v -195.92361607 -16.78316765 872.35577647
v -192.26032124 13.94814286 877.23602496
v -180.70411916 59.54490654 821.53351752
v -181.02981242 58.34412610 791.55649214
v -54.08961862 -8.29185296 518.50310269
v -134.59572753 90.78285850 925.89053251
v -111.53773699 107.45837115 919.41779351
v -116.97905786 110.20076288 899.26633414
v -12.48931972 12.48075708 771.14317038
v -124.47169263 98.89811525 924.36196285
v -137.46782326 71.88336284 974.54944876
v -163.99138354 56.50926227 930.10906417
v -166.99425426 44.53944757 958.54788102
v -145.96906480 -114.12620490 680.52145757
v -117.65707495 115.57793126 857.09150334
v -161.59004000 -113.21281444 728.28840065
v -145.65838048 77.50032728 937.45046652
v -121.29898893 111.83324332 869.75695930
v -135.55124488 103.18029778 881.70851710
v -180.88671197 54.34865361 771.01079377
v -175.04430151 55.88576170 756.04438007
v -173.46714347 68.27565319 815.56692338
v -156.54495289 87.47610268 825.38487659
v -149.22018282 94.41908278 861.23557771
v -152.52932661 83.91799783 893.51353895
v -180.50619005 -92.91491733 715.14858940
v -187.22223542 -88.33365160 725.74324555
v -185.95899779 -81.82451444 707.44665122
v -166.09587951 -101.26163294 664.39836488
v -8.97451377 -66.29616040 1310.67965980
v -20.61400459 -54.50169915 1337.26429704
v -131.16239548 106.51584263 850.44508572
v -128.70465187 -35.29081632 1157.79439998
v -125.62351096 82.45757148 967.51322976
v -32.74440752 27.84467697 729.58728771
v -170.82301343 44.55040046 930.91184506
v -183.28977818 -60.68295705 894.81294973
v -186.96754319 -46.96529500 899.31292667
v -190.70174313 -21.06303046 898.57914042
v -193.27902073 -42.65646255 869.08182986
v 9.27686802 82.11842620 1161.34403931
v -122.44863028 66.17879000 1194.44178989
v -68.08343769 10.66090915 495.42441476
v -192.01380424 1.51962543 886.08425551
v -175.07406562 -105.52159037 729.42247531
v -166.58747224 77.59678989 832.39536758
v -169.72790641 70.08283923 802.08500271
v -171.60442640 57.61142059 897.41155929
v -2.25735135 -128.94404403 972.49495818
v -102.64301854 -3.43052735 233.40297138
v -111.25927236 -102.20210896 533.05042229
v -172.19120198 -100.40595953 702.18189128
v -90.65789566 -99.66853796 534.99317703
f 29 30 31
f 31 35 29
f 43 29 35
f 44 43 35
f 44 54 43
f 43 54 61
f 11 43 61
f 61 12 11
f 10 11 12
f 10 12 76
f 81 10 76
f 81 76 82
f 90 81 82
f 97 90 82
f 102 97 82
f 102 82 105
f 105 112 102
f 102 112 119
f 102 119 127
f 127 128 102
f 128 127 134
f 141 128 134
f 134 146 141
f 153 141 146
f 146 160 153
f 153 160 164
f 160 171 164
f 171 175 164
f 164 175 90
f 90 141 164
f 175 171 192
f 192 195 175
f 175 195 205
f 205 10 175
f 10 205 226
f 226 230 10
f 226 246 230
f 253 230 246
f 246 265 253
f 278 253 265
f 265 290 278
f 29 278 290
f 29 290 299
f 300 299 290
f 299 300 314
f 314 212 299
f 330 299 212
f 212 334 330
f 330 334 341
f 341 30 330
f 30 341 361
f 30 361 365
f 371 365 361
f 371 361 378
f 371 378 385
f 385 396 371
f 406 371 396
f 406 396 411
f 416 406 411
f 420 416 411
f 411 428 420
f 428 434 420
f 434 22 420
f 420 22 21
f 20 21 22
f 22 451 20
f 20 451 461
f 20 461 462
f 474 20 462
f 480 474 462
f 480 462 488
f 488 494 480
f 44 480 494
f 44 31 480
f 480 31 516
f 480 516 416
f 416 21 480
f 31 406 516
f 406 31 365
f 494 488 540
f 540 54 494
f 54 540 557
f 571 557 540
f 571 540 575
f 571 575 583
f 590 571 583
f 590 583 599
f 590 599 604
f 611 590 604
f 611 604 112
f 112 604 618
f 618 604 627
f 618 627 640
f 640 649 618
f 119 618 649
f 652 649 640
f 652 640 661
f 665 652 661
f 661 674 665
f 674 675 665
f 675 682 665
f 689 665 682
f 689 682 693
f 689 693 697
f 689 697 706
f 710 689 706
f 706 714 710
f 715 710 714
f 715 714 722
f 722 727 715
f 731 715 727
f 727 734 731
f 740 731 734
f 740 734 747
f 753 740 747
f 753 747 754
f 754 759 753
f 765 753 759
f 771 765 759
f 771 759 778
f 786 771 778
f 786 778 788
f 788 793 786
f 797 786 793
f 797 793 805
f 805 810 797
f 811 797 810
f 810 814 811
f 814 820 811
f 811 820 826
f 826 830 811
f 826 839 830
f 839 844 830
f 844 786 830
f 844 856 786
f 856 861 786
f 856 867 861
f 867 871 861
f 765 861 871
f 871 740 765
f 867 889 871
f 889 896 871
f 871 896 731
f 896 901 731
f 907 901 896
f 134 907 896
f 134 896 912
f 920 134 912
f 912 924 920
f 929 920 924
f 936 929 924
f 939 936 924
f 939 945 936
f 949 936 945
f 953 949 945
f 949 953 839
f 949 839 964
f 968 949 964
f 968 964 969
f 974 968 969
f 974 969 980
f 974 980 983
f 974 983 990
f 990 998 974
f 974 998 1007
f 1012 1007 998
f 1013 1012 998
f 998 1017 1013
f 1013 1017 1024
f 1013 1024 1035
f 1013 1035 1038
f 1048 1013 1038
f 1052 1048 1038
f 1052 1038 1064
f 1052 1064 1065
f 1052 1065 1071
f 1052 1071 1076
f 1076 1071 1079
f 1076 1079 1083
f 1083 1092 1076
f 1092 1012 1076
f 1048 1076 1012
f 1007 1092 1083
f 1083 968 1007
f 968 1083 936
f 1083 1119 936
f 1083 1123 1119
f 1119 1123 1131
f 1119 1131 929
f 929 1131 1142
f 1131 1143 1142
f 1142 1143 171
f 1143 1153 171
f 1143 1123 1153
f 1153 1123 1079
f 1131 1123 1143
f 1123 1083 1079
f 1071 1153 1079
f 192 1153 1071
f 1065 192 1071
f 1198 1065 1064
f 1064 1206 1198
f 226 1198 1206
f 1206 1218 226
f 1218 1206 1032
f 1032 1228 1218
f 1218 1228 1229
f 1229 1237 1218
f 1237 246 1218
f 246 1237 1247
f 246 1247 300
f 1259 1247 1237
f 213 1247 1259
f 1261 213 1259
f 1261 1259 1272
f 1275 1261 1272
f 1278 1275 1272
f 1278 1272 1228
f 1278 1228 1293
f 1293 1308 1278
f 1308 1311 1278
f 1308 1320 1311
f 1321 1311 1320
f 1321 1320 1063
f 1063 1334 1321
f 1340 1321 1334
f 1334 1344 1340
f 1344 1352 1340
f 1358 1340 1352
f 1358 1352 1360
f 1360 1364 1358
f 1364 1366 1358
f 1366 1364 1371
f 1371 1376 1366
f 1380 1366 1376
f 1376 1388 1380
f 1388 1392 1380
f 1380 1392 1298
f 1380 1298 1398
f 1398 1403 1380
f 1380 1403 1407
f 1403 1409 1407
f 1413 1407 1409
f 1418 1413 1409
f 1418 1409 1422
f 261 1418 1422
f 1422 438 261
f 262 261 438
f 1435 262 438
f 1435 438 1438
f 1438 214 1435
f 1261 1435 214
f 1261 260 1435
f 214 1438 1454
f 900 214 1454
f 1454 899 900
f 899 334 900
f 334 899 65
f 334 65 835
f 834 334 835
f 834 835 361
f 361 835 890
f 890 835 77
f 890 77 98
f 98 120 890
f 908 890 120
f 878 908 120
f 878 120 879
f 877 878 879
f 877 879 926
f 925 877 926
f 925 926 970
f 970 971 925
f 925 971 916
f 948 925 916
f 917 948 916
f 916 327 917
f 917 327 351
f 917 351 780
f 780 1336 917
f 1336 780 454
f 454 1335 1336
f 1335 955 1336
f 1336 955 948
f 955 513 948
f 877 948 513
f 513 1070 877
f 1070 1030 877
f 512 1030 1070
f 512 1031 1030
f 997 1030 1031
f 1031 996 997
f 996 428 997
f 396 997 428
f 1055 428 996
f 1055 996 497
f 497 1077 1055
f 1078 1055 1077
f 1077 679 1078
f 1041 1078 679
f 679 666 1041
f 1041 666 1095
f 1094 1041 1095
f 1095 451 1094
f 451 1095 1144
f 1118 1144 1095
f 1095 667 1118
f 1091 1118 667
f 667 1090 1091
f 1134 1091 1090
f 1090 860 1134
f 822 1134 860
f 860 659 822
f 822 659 823
f 821 822 823
f 823 1127 821
f 846 821 1127
f 1127 847 846
f 845 846 847
f 1236 845 847
f 847 413 1236
f 1170 1236 413
f 413 1205 1170
f 1205 1168 1170
f 1168 1169 1170
f 1168 1181 1169
f 1169 1181 1221
f 1169 1221 845
f 1221 1243 845
f 1221 1209 1243
f 1243 1209 1118
f 1209 1221 1181
f 1181 1195 1209
f 1144 1209 1195
f 461 1144 1195
f 1195 1325 461
f 1325 1285 461
f 1285 1325 1194
f 1285 1194 1255
f 1285 1255 583
f 583 1255 1158
f 1159 1158 1255
f 1255 1314 1159
f 1402 1159 1314
f 1402 1314 1180
f 1402 1180 1299
f 1561 1402 1299
f 1561 1299 1298
f 1298 1299 412
f 1205 412 1299
f 1401 1402 1561
f 1401 1561 1392
f 1401 1348 1402
f 1401 1374 1348
f 1374 1375 1348
f 1375 1349 1348
f 1348 1349 1159
f 1157 1159 1349
f 1157 1349 1393
f 1430 1157 1393
f 1393 627 1430
f 627 1393 661
f 1408 661 1393
f 1157 1430 599
f 1157 599 1158
f 1393 1349 1408
f 1408 1349 1375
f 1408 1375 1455
f 1408 1455 674
f 1388 1455 1375
f 1388 1375 1374
f 1374 1401 1388
f 1299 1180 1168
f 1180 1314 1194
f 1194 1193 1180
f 1193 1181 1180
f 1193 1194 1195
f 1348 1159 1402
f 1157 1158 1159
f 1314 1255 1194
f 1325 1195 1194
f 1181 1193 1195
f 1168 1180 1181
f 1299 1168 1205
f 1205 413 412
f 412 413 50
f 49 412 50
f 48 49 50
f 50 398 48
f 438 48 398
f 438 398 397
f 37 397 398
f 36 397 37
f 36 37 38
f 36 38 89
f 65 36 89
f 65 89 66
f 65 66 25
f 25 66 23
f 23 24 25
f 835 25 24
f 23 77 24
f 66 132 23
f 23 132 133
f 23 133 2
f 2 98 23
f 98 2 1
f 1 2 3
f 3 121 1
f 120 1 121
f 121 3 184
f 121 184 185
f 185 106 121
f 145 121 106
f 108 145 106
f 106 107 108
f 108 107 1631
f 235 108 1631
f 1631 236 235
f 234 235 236
f 236 1473 234
f 1641 234 1473
f 1473 1472 1641
f 216 1641 1472
f 1472 217 216
f 215 216 217
f 215 217 264
f 310 215 264
f 263 310 264
f 199 263 264
f 199 264 200
f 199 200 201
f 295 199 201
f 295 201 296
f 296 279 295
f 295 279 326
f 279 327 326
f 326 327 263
f 281 327 279
f 279 280 281
f 281 280 351
f 351 280 352
f 351 352 427
f 384 427 352
f 296 384 352
f 296 336 384
f 336 296 337
f 335 336 337
f 335 337 792
f 335 792 467
f 466 335 467
f 466 467 453
f 453 452 466
f 452 779 466
f 780 779 452
f 427 779 780
f 427 336 779
f 452 453 454
f 487 454 453
f 453 467 487
f 487 467 14
f 487 14 13
f 487 13 955
f 13 14 15
f 13 15 512
f 13 512 513
f 512 15 531
f 531 15 579
f 579 495 531
f 531 495 497
f 497 1031 531
f 495 496 497
f 495 561 496
f 561 562 496
f 637 496 562
f 562 596 637
f 541 637 596
f 596 597 541
f 541 597 542
f 541 542 165
f 167 541 165
f 165 166 167
f 637 167 166
f 166 679 637
f 679 166 154
f 166 165 154
f 155 154 165
f 154 155 156
f 154 156 666
f 666 156 667
f 667 156 721
f 156 660 721
f 721 660 860
f 660 156 155
f 155 658 660
f 658 659 660
f 659 658 712
f 711 659 712
f 758 711 712
f 700 758 712
f 155 700 712
f 542 700 155
f 542 698 700
f 698 699 700
f 749 700 699
f 748 749 699
f 804 748 699
f 770 804 699
f 770 769 804
f 737 769 770
f 770 735 737
f 735 736 737
f 1625 737 736
f 736 1660 1625
f 792 1625 1660
f 792 1660 1664
f 1664 1660 1618
f 1664 1618 579
f 579 14 1664
f 1660 561 1618
f 1660 736 561
f 296 737 1625
f 296 1730 737
f 1669 737 1730
f 1668 1669 1730
f 1668 1296 1669
f 1296 1733 1669
f 1601 1669 1733
f 1733 1599 1601
f 1599 1600 1601
f 1601 1600 1605
f 1605 769 1601
f 1605 748 769
f 1600 749 1605
f 1497 749 1600
f 758 749 1497
f 1497 1600 1599
f 1497 1599 1609
f 1609 1744 1497
f 1497 1744 711
f 1744 1613 711
f 1613 1614 711
f 1614 823 711
f 1322 1614 1613
f 1322 1613 1323
f 1322 1323 1324
f 1322 1324 1638
f 2 1638 1324
f 2 1324 1253
f 2 1253 1254
f 1630 1254 1253
f 1555 1254 1630
f 1630 1323 1555
f 1555 1323 1556
f 1555 1556 1295
f 184 1555 1295
f 184 1295 1297
f 1295 1296 1297
f 1295 1556 1296
f 1609 1556 1323
f 1555 184 1254
f 1253 1324 1630
f 1638 2 1577
f 1577 1791 1638
f 1791 1127 1638
f 1638 1127 1614
f 1127 1791 1652
f 1580 1652 1791
f 1652 1580 38
f 38 1651 1652
f 1651 847 1652
f 1791 1577 1580
f 1577 132 1580
f 1630 1324 1323
f 1613 1609 1323
f 1614 1322 1638
f 1609 1613 1744
f 1556 1609 1599
f 1556 1599 1733
f 1296 1556 1733
f 1297 1296 1668
f 107 1297 1668
f 1297 107 185
f 1601 737 1669
f 1668 1730 296
f 1631 1668 296
f 1820 1631 296
f 236 1820 296
f 236 296 1474
f 1629 1474 296
f 1629 217 1474
f 200 217 1629
f 736 735 562
f 770 597 735
f 698 597 770
f 737 1601 769
f 748 804 769
f 749 748 1605
f 698 770 699
f 700 749 758
f 1497 711 758
f 155 712 658
f 165 542 155
f 597 698 542
f 597 596 735
f 637 541 167
f 596 562 735
f 496 637 679
f 562 561 736
f 561 495 1618
f 579 1618 495
f 14 579 15
f 14 467 1664
f 779 335 466
f 1664 467 792
f 337 1625 792
f 779 336 335
f 337 296 1625
f 384 336 427
f 279 352 280
f 296 352 279
f 201 1629 296
f 326 199 295
f 1629 201 200
f 326 263 199
f 263 1557 310
f 1468 310 1557
f 1468 1557 1701
f 1468 1701 216
f 234 216 1701
f 1701 1706 234
f 1706 108 234
f 1701 1705 1706
f 1705 145 1706
f 1705 1860 145
f 145 1860 926
f 970 1860 1705
f 971 1705 1701
f 971 1701 1557
f 263 916 1557
f 310 1468 215
f 217 200 264
f 215 1468 216
f 1474 217 1472
f 1472 1473 1474
f 216 234 1641
f 1474 1473 236
f 236 1631 1820
f 234 108 235
f 107 1668 1631
f 1706 145 108
f 926 121 145
f 106 185 107
f 185 184 1297
f 1254 184 3
f 3 2 1254
f 133 1577 2
f 1577 133 132
f 66 1580 132
f 66 89 1580
f 89 38 1580
f 37 1651 38
f 37 413 1651
f 36 1584 397
f 397 1584 1585
f 1438 397 1585
f 1454 1585 1584
f 899 1584 36
f 398 50 37
f 48 1505 49
f 1398 49 1505
f 1505 48 1506
f 1409 1505 1506
f 1422 1506 48
f 1398 412 49
f 50 413 37
f 1170 1169 1236
f 1651 413 847
f 1169 845 1236
f 845 1243 846
f 1243 1091 846
f 1652 847 1127
f 846 1091 821
f 1127 823 1614
f 823 659 711
f 860 660 659
f 821 1134 822
f 721 860 1090
f 1134 821 1091
f 667 721 1090
f 1118 1091 1243
f 1144 1118 1209
f 1095 666 667
f 154 666 679
f 1078 1041 1094
f 496 679 1077
f 1055 1078 1094
f 434 1055 1094
f 497 496 1077
f 1031 497 996
f 1030 997 385
f 385 908 1030
f 512 531 1031
f 513 512 1070
f 955 13 513
f 955 1335 487
f 454 487 1335
f 780 452 454
f 427 780 351
f 327 281 351
f 327 916 263
f 948 917 1336
f 971 1557 916
f 1705 971 970
f 1860 970 926
f 925 948 877
f 879 121 926
f 877 1030 878
f 879 120 121
f 908 878 1030
f 890 908 378
f 120 98 1
f 23 98 77
f 24 77 835
f 835 65 25
f 899 36 65
f 1584 899 1454
f 212 214 900
f 212 213 214
f 1454 1438 1585
f 1438 438 397
f 260 262 1435
f 260 261 262
f 260 1965 261
f 1311 1965 260
f 1275 1311 260
f 1422 48 438
f 1418 261 1965
f 1321 1418 1965
f 1422 1409 1506
f 1418 1340 1413
f 1413 1340 1407
f 1407 1340 1366
f 1403 1505 1409
f 1505 1403 1398
f 1298 412 1398
f 1561 1298 1392
f 1388 1401 1392
f 1455 1388 1376
f 1529 1455 1376
f 1455 1529 675
f 1528 675 1529
f 1528 1529 1530
f 1535 1528 1530
f 1535 1530 1364
f 1534 1528 1535
f 1534 1535 1536
f 1534 1536 1980
f 819 1534 1980
f 819 1980 1539
f 1538 819 1539
f 1539 1986 1538
f 1543 1538 1986
f 1986 1544 1543
f 1132 1543 1544
f 1990 1132 1544
f 1544 1991 1990
f 1990 1991 1074
f 1073 1990 1074
f 1073 1074 1075
f 1073 1075 1093
f 1093 1075 181
f 1093 181 340
f 340 551 1093
f 1093 551 1110
f 1093 1110 1990
f 1110 1112 1990
f 1110 1111 1112
f 1111 1999 1112
f 1999 1132 1112
f 1999 1133 1132
f 1132 1133 817
f 1132 817 1538
f 817 1133 843
f 817 843 818
f 817 818 819
f 819 818 2003
f 2003 818 693
f 706 818 843
f 722 706 843
f 722 843 865
f 865 843 1133
f 1133 866 865
f 864 865 866
f 866 887 864
f 747 864 887
f 887 866 888
f 886 887 888
f 888 1111 886
f 550 886 1111
f 550 1111 551
f 549 550 551
f 354 549 551
f 354 581 549
f 581 580 549
f 580 581 582
f 580 582 550
f 582 581 610
f 610 886 582
f 581 609 610
f 610 609 639
f 754 610 639
f 887 610 754
f 638 639 609
f 638 609 2044
f 2044 977 638
f 979 638 977
f 977 978 979
f 2050 979 978
f 2050 978 1005
f 1004 2050 1005
f 1004 1005 1006
f 1022 1004 1006
f 1022 1006 2062
f 1022 2062 1023
f 1021 1022 1023
f 1023 2064 1021
f 2064 1050 1021
f 1049 1021 1050
f 1049 1050 1051
f 2068 1049 1051
f 688 2068 1051
f 688 1051 123
f 123 1406 688
f 2076 688 1406
f 1420 2076 1406
f 1420 1406 1421
f 1419 1420 1421
f 1433 1419 1421
f 1433 1421 169
f 169 1434 1433
f 163 1433 1434
f 2082 163 1434
f 2082 1434 1447
f 1446 2082 1447
f 1389 1446 1447
f 208 1389 1447
f 206 208 1447
f 206 207 208
f 207 250 208
f 208 250 1390
f 252 1390 250
f 250 251 252
f 251 1179 252
f 1179 293 252
f 292 252 293
f 292 293 294
f 322 292 294
f 322 294 2089
f 322 2089 323
f 321 322 323
f 321 323 904
f 904 2094 321
f 1357 2094 904
f 906 1357 904
f 904 905 906
f 906 905 2098
f 2098 921 906
f 2098 922 921
f 921 922 923
f 2102 921 923
f 923 942 2102
f 944 2102 942
f 942 943 944
f 944 943 1369
f 962 944 1369
f 962 1369 963
f 961 962 963
f 322 961 963
f 961 322 2094
f 961 2094 1332
f 1332 1333 961
f 1333 1332 2102
f 1356 2102 1332
f 1356 1332 1357
f 921 1356 1357
f 1333 962 961
f 292 963 1369
f 1369 1370 292
f 1369 1109 1370
f 1109 2117 1370
f 1390 1370 2117
f 2117 1391 1390
f 1389 1390 1391
f 1391 116 1389
f 116 1391 117
f 116 117 118
f 118 2123 116
f 138 116 2123
f 2123 139 138
f 138 139 140
f 138 140 161
f 138 161 2082
f 161 140 162
f 161 162 163
f 190 162 140
f 190 189 162
f 162 189 1419
f 189 190 191
f 664 189 191
f 191 2133 664
f 2133 662 664
f 662 663 664
f 686 664 663
f 663 2139 686
f 686 2139 687
f 686 687 688
f 2140 688 687
f 687 707 2140
f 709 2140 707
f 707 708 709
f 432 709 708
f 725 432 708
f 725 708 726
f 350 725 726
f 350 726 2151
f 2151 654 350
f 350 654 348
f 348 349 350
f 375 349 348
f 348 2154 375
f 375 2154 376
f 375 376 377
f 377 409 375
f 409 377 2160
f 2160 410 409
f 349 409 410
f 433 349 410
f 410 58 433
f 433 58 431
f 431 432 433
f 432 431 1310
f 33 1310 431
f 33 431 34
f 32 33 34
f 983 32 34
f 60 983 34
f 34 58 60
f 58 59 60
f 60 59 73
f 990 60 73
f 75 990 73
f 73 74 75
f 74 2172 75
f 96 75 2172
f 2172 94 96
f 94 95 96
f 96 95 555
f 1017 96 555
f 2179 96 1017
f 555 95 556
f 588 555 556
f 588 556 2184
f 588 2184 589
f 587 588 589
f 589 613 587
f 1024 587 613
f 1024 613 612
f 612 613 614
f 612 614 648
f 1035 612 648
f 1035 648 647
f 646 647 648
f 648 2196 646
f 646 2196 2197
f 646 2197 981
f 646 981 982
f 982 981 1293
f 1034 982 1293
f 982 1034 1011
f 982 1011 647
f 1011 1064 647
f 1064 1011 1033
f 1034 1033 1011
f 1032 1033 1034
f 2197 2216 981
f 1063 981 2216
f 1063 2216 1061
f 1061 1062 1063
f 1061 2223 1062
f 1062 2223 744
f 746 1062 744
f 744 745 746
f 746 745 1352
f 1352 745 1980
f 1980 745 763
f 763 745 764
f 763 764 1986
f 1986 764 2228
f 787 2228 764
f 764 744 787
f 787 809 2228
f 2228 809 808
f 1544 2228 808
f 808 809 449
f 449 2231 808
f 2231 1991 808
f 448 2231 449
f 448 449 450
f 450 556 448
f 478 2231 448
f 478 448 479
f 477 478 479
f 94 477 479
f 94 508 477
f 506 508 94
f 506 507 508
f 507 2238 508
f 478 508 2238
f 2238 529 478
f 478 529 530
f 179 530 529
f 179 529 1412
f 1412 180 179
f 179 180 181
f 180 2169 181
f 2169 180 283
f 282 2169 283
f 282 283 284
f 282 284 297
f 297 298 282
f 298 2249 282
f 2249 2175 282
f 2175 2249 332
f 332 338 2175
f 340 2175 338
f 338 339 340
f 354 340 339
f 339 353 354
f 2252 353 339
f 399 2252 339
f 1769 399 339
f 399 1769 2125
f 2125 400 399
f 399 400 401
f 414 401 400
f 414 400 415
f 415 2264 414
f 2267 414 2264
f 27 2267 2264
f 27 2264 315
f 315 28 27
f 26 27 28
f 26 28 40
f 39 26 40
f 2271 39 40
f 1551 2271 40
f 40 2275 1551
f 1551 2275 941
f 1551 941 1552
f 1551 1552 1545
f 1547 1551 1545
f 1545 1546 1547
f 2288 1547 1546
f 1546 2090 2288
f 702 2288 2090
f 1559 702 2090
f 2090 1572 1559
f 1559 1572 1573
f 1573 1560 1559
f 1558 1559 1560
f 1558 1560 1475
f 1558 1475 2155
f 2297 1558 2155
f 1649 2297 2155
f 1649 2155 1650
f 1649 1650 1632
f 1634 1649 1632
f 1632 1633 1634
f 965 1634 1633
f 1633 294 965
f 965 668 1634
f 204 1634 668
f 668 202 204
f 202 203 204
f 203 218 204
f 204 218 219
f 204 219 2297
f 2297 2314 204
f 2297 219 2315
f 219 702 2315
f 703 702 219
f 701 702 703
f 703 218 701
f 218 713 701
f 713 2322 701
f 2322 2288 701
f 2322 2271 2288
f 16 2322 713
f 739 16 713
f 738 739 713
f 738 713 202
f 202 670 738
f 670 206 738
f 206 1434 738
f 157 739 738
f 157 738 168
f 157 168 781
f 4 157 781
f 4 781 111
f 111 80 4
f 80 455 4
f 5 4 455
f 455 457 5
f 5 457 39
f 5 39 16
f 6 5 16
f 6 16 157
f 455 456 457
f 456 27 457
f 456 2332 27
f 2062 2332 456
f 79 2062 456
f 79 456 455
f 4 5 6
f 80 79 455
f 78 79 80
f 110 78 80
f 78 110 2147
f 78 2147 1050
f 2147 109 1050
f 109 2147 110
f 109 110 111
f 111 122 109
f 122 123 109
f 78 1023 79
f 110 80 111
f 111 781 122
f 170 122 781
f 170 1421 122
f 157 4 6
f 168 170 781
f 168 169 170
f 169 168 738
f 157 16 739
f 16 39 2322
f 202 713 218
f 218 703 219
f 203 202 218
f 670 202 668
f 668 669 670
f 207 670 669
f 1634 204 2314
f 669 668 965
f 669 965 251
f 293 251 965
f 1633 1632 270
f 1633 270 2089
f 2089 270 918
f 918 270 919
f 919 1359 918
f 1359 323 918
f 2012 323 1359
f 2012 1359 2367
f 2367 957 2012
f 2012 957 905
f 956 905 957
f 956 957 958
f 956 958 1394
f 956 1394 1395
f 956 1395 2099
f 1395 2375 2099
f 2376 2099 2375
f 1222 2376 2375
f 1351 1222 2375
f 1350 1222 1351
f 1424 1350 1351
f 1351 1423 1424
f 2107 1424 1423
f 2107 1423 2387
f 2388 2107 2387
f 1383 2388 2387
f 2387 1384 1383
f 1137 1383 1384
f 1137 1384 1135
f 1135 1136 1137
f 499 1137 1136
f 1136 500 499
f 498 499 500
f 514 498 500
f 514 500 515
f 515 849 514
f 848 514 849
f 848 849 850
f 850 545 848
f 544 848 545
f 543 544 545
f 543 545 564
f 563 543 564
f 563 564 1128
f 563 1128 891
f 563 891 892
f 892 1993 563
f 2088 1993 892
f 2088 892 837
f 2396 2088 837
f 836 2396 837
f 836 837 838
f 836 838 927
f 836 927 928
f 836 928 2000
f 928 2374 2000
f 2396 2000 2374
f 882 2396 2374
f 2374 880 882
f 880 881 882
f 882 881 1256
f 882 1256 1315
f 1315 2088 882
f 2409 1315 1256
f 2409 1256 1258
f 2409 1258 2416
f 544 2416 1258
f 1256 1257 1258
f 1571 1258 1257
f 1257 1570 1571
f 2093 1571 1570
f 2421 2093 1570
f 1570 1301 2421
f 1301 499 2421
f 1301 1570 1302
f 1300 1301 1302
f 1646 1300 1302
f 1645 1646 1302
f 1645 1302 2156
f 2432 1645 2156
f 1639 2432 2156
f 1639 2156 2433
f 2433 1381 1639
f 1639 1381 1640
f 1381 131 1640
f 1640 131 1656
f 1640 1656 2163
f 1640 2163 2442
f 1640 2442 2432
f 1646 2432 2442
f 2442 1655 1646
f 1655 1450 1646
f 1450 1655 1448
f 1448 1449 1450
f 1450 1449 1300
f 2447 1300 1449
f 1449 1417 2447
f 2447 1417 2388
f 1417 1350 2388
f 1417 1182 1350
f 1184 1350 1182
f 1182 1183 1184
f 1443 1184 1183
f 1183 2336 1443
f 2336 2453 1443
f 2453 368 1443
f 1443 368 1442
f 1442 1224 1443
f 1224 1442 1222
f 1222 1223 1224
f 1184 1224 1223
f 1442 2462 1222
f 1442 2463 2462
f 1171 2462 2463
f 367 1171 2463
f 1171 367 1172
f 1172 1260 1171
f 1171 1260 923
f 1260 2083 923
f 1260 2472 2083
f 2083 2472 1807
f 1807 1210 2083
f 2083 1210 942
f 1210 1211 942
f 1210 1807 1211
f 1807 2475 1211
f 1211 2475 1082
f 1211 1082 943
f 943 1082 1109
f 2475 1080 1082
f 1080 1081 1082
f 1082 1081 2117
f 1080 1912 1081
f 1081 1912 117
f 1080 1152 1912
f 1151 1912 1152
f 1121 1151 1152
f 1152 1122 1121
f 1120 1121 1122
f 1122 2484 1120
f 2484 83 1120
f 83 862 1120
f 1120 862 1872
f 863 1872 862
f 862 827 863
f 829 863 827
f 827 828 829
f 828 1097 829
f 829 1097 1878
f 829 1878 2496
f 903 2496 1878
f 1878 902 903
f 902 873 903
f 872 903 873
f 872 873 874
f 2500 872 874
f 874 2504 2500
f 1828 2500 2504
f 1828 2504 606
f 605 1828 606
f 605 606 558
f 560 605 558
f 558 559 560
f 559 2517 560
f 2520 560 2517
f 2520 2517 653
f 1832 2520 653
f 653 654 1832
f 653 617 654
f 653 615 617
f 615 616 617
f 617 616 2154
f 616 2521 2154
f 1896 2154 2521
f 2521 1018 1896
f 985 1896 1018
f 985 1018 798
f 985 798 986
f 984 985 986
f 984 986 1431
f 1431 1902 984
f 1902 1072 984
f 376 984 1072
f 1072 1902 1037
f 1072 1037 1036
f 1072 1036 377
f 1036 1037 506
f 506 2172 1036
f 1902 507 1037
f 1902 1979 507
f 1902 1431 1979
f 1432 1979 1431
f 1431 1410 1432
f 1410 1412 1432
f 1410 1411 1412
f 1411 1410 800
f 800 1988 1411
f 1988 284 1411
f 284 1988 1458
f 1988 1459 1458
f 1458 1459 1439
f 1458 1439 297
f 268 297 1439
f 268 1439 2554
f 2554 266 268
f 266 267 268
f 268 267 298
f 267 266 1196
f 267 1196 1166
f 247 267 1166
f 1166 248 247
f 247 248 249
f 249 331 247
f 247 331 332
f 331 1769 332
f 1238 331 249
f 249 316 1238
f 1207 1238 316
f 316 315 1207
f 315 316 317
f 316 248 317
f 248 940 317
f 317 940 28
f 940 941 28
f 940 910 941
f 940 911 910
f 909 910 911
f 909 911 2568
f 2568 1825 909
f 1825 1893 909
f 976 909 1893
f 976 1893 975
f 975 952 976
f 951 976 952
f 950 951 952
f 952 2571 950
f 950 2571 2572
f 950 2572 1967
f 1367 950 1967
f 1367 1967 1368
f 1367 1368 1343
f 1342 1367 1343
f 1341 1342 1343
f 2057 1341 1343
f 1343 2584 2057
f 1972 2057 2584
f 2584 1405 1972
f 1404 1972 1405
f 1404 1405 1377
f 1379 1404 1377
f 1377 1378 1379
f 149 1379 1378
f 149 1378 147
f 147 148 149
f 149 148 1737
f 1241 149 1737
f 2596 1241 1737
f 136 1241 2596
f 136 2596 137
f 135 136 137
f 193 135 137
f 193 137 194
f 1201 193 194
f 1201 194 2603
f 2603 188 1201
f 2129 1201 188
f 187 2129 188
f 186 187 188
f 186 188 694
f 186 694 695
f 695 1839 186
f 2592 186 1839
f 1839 2608 2592
f 685 2592 2608
f 2608 683 685
f 683 684 685
f 684 733 685
f 732 733 684
f 684 1847 732
f 732 1847 2618
f 732 2618 2619
f 732 2619 723
f 723 387 732
f 723 724 387
f 724 388 387
f 386 387 388
f 386 388 1792
f 1792 1248 386
f 1276 386 1248
f 373 1276 1248
f 1248 374 373
f 372 373 374
f 374 440 372
f 439 372 440
f 440 1330 439
f 1329 439 1330
f 1329 1330 1288
f 429 1329 1288
f 429 1288 430
f 68 429 430
f 430 69 68
f 67 68 69
f 1721 67 69
f 2628 1721 69
f 2628 69 2629
f 2629 56 2628
f 56 55 2628
f 55 56 57
f 55 57 104
f 103 55 104
f 103 104 1731
f 1731 2637 103
f 1897 103 2637
f 1897 2637 92
f 91 1897 92
f 91 92 93
f 600 91 93
f 600 93 601
f 586 600 601
f 1767 586 601
f 586 1767 2405
f 2405 2646 586
f 2646 584 586
f 584 585 586
f 584 650 585
f 650 651 585
f 600 585 651
f 600 651 2653
f 2653 641 600
f 2653 1903 641
f 1903 642 641
f 641 642 91
f 642 1014 91
f 1014 642 1010
f 1014 1010 1897
f 1010 2659 1897
f 2660 2659 1010
f 2661 2660 1010
f 1009 2661 1010
f 1008 1009 1010
f 1066 1009 1008
f 774 1066 1008
f 1008 1903 774
f 2671 774 1903
f 1903 2673 2671
f 2671 2673 1054
f 1054 1053 2671
f 1053 1054 772
f 1053 772 774
f 772 773 774
f 773 1855 774
f 1066 1855 773
f 1066 773 2680
f 1066 2680 761
f 761 2680 762
f 760 761 762
f 813 760 762
f 762 812 813
f 812 1864 813
f 813 1864 2688
f 807 2688 1864
f 1864 2692 807
f 2692 806 807
f 806 490 807
f 807 490 489
f 489 490 429
f 806 1815 490
f 490 1815 2695
f 490 2695 1329
f 475 2695 1815
f 1815 476 475
f 372 475 476
f 476 539 372
f 538 539 476
f 538 476 1821
f 538 1821 2705
f 2705 2167 538
f 2705 527 2167
f 526 2167 527
f 526 527 528
f 528 1662 526
f 2627 526 1662
f 1662 1661 2627
f 1661 1662 1663
f 1661 1663 2171
f 2171 2168 1661
f 2167 1661 2168
f 2168 373 2167
f 539 2167 373
f 2171 1667 2168
f 1276 2168 1667
f 1276 1667 1602
f 1602 2174 1276
f 2174 1602 1604
f 1604 2173 2174
f 2173 733 2174
f 386 2174 733
f 733 2173 2592
f 2173 1604 186
f 1602 1603 1604
f 1603 2129 1604
f 2129 1603 1199
f 1199 1603 2124
f 1199 2124 2599
f 1611 1199 2599
f 1611 2599 2600
f 2600 1612 1611
f 1610 1611 1612
f 1610 1612 2136
f 1610 2136 1187
f 1610 1187 2130
f 2725 1610 2130
f 1197 2725 2130
f 2130 1189 1197
f 1189 1286 1197
f 1197 1286 1287
f 1197 1287 1154
f 1156 1197 1154
f 1154 1155 1156
f 1156 1155 2725
f 2558 2725 1155
f 1155 1200 2558
f 1611 2558 1200
f 135 1200 1155
f 1200 135 1239
f 1239 1201 1200
f 1199 1200 1201
f 1611 2725 2558
f 1154 135 1155
f 1154 1287 1242
f 1154 1242 136
f 1242 1287 1637
f 1637 1277 1242
f 1277 1240 1242
f 1240 1241 1242
f 2623 1240 1277
f 1277 2624 2623
f 1654 2623 2624
f 2624 1331 1654
f 1653 1654 1331
f 1280 1653 1331
f 1280 1331 1281
f 1279 1280 1281
f 2108 1279 1281
f 1712 2108 1281
f 1281 2694 1712
f 2694 1713 1712
f 1712 1713 1714
f 1713 2237 1714
f 1714 2237 1319
f 2233 1714 1319
f 2233 1319 2759
f 2233 2759 2439
f 1718 2233 2439
f 1718 2439 1716
f 1716 1717 1718
f 1588 1718 1717
f 1588 1717 2239
f 2101 1588 2239
f 1487 2101 2239
f 1487 2239 2026
f 1487 2026 1488
f 1487 1488 1489
f 1671 1487 1489
f 1489 2191 1671
f 2191 2183 1671
f 1671 2183 2024
f 2024 2025 1671
f 1499 2025 2024
f 1500 1499 2024
f 1498 1499 1500
f 1471 1498 1500
f 2039 1471 1500
f 2039 1500 2192
f 2192 2040 2039
f 2038 2039 2040
f 2038 2040 2607
f 1620 2038 2607
f 1620 2607 1621
f 1619 1620 1621
f 2144 1619 1621
f 2138 2144 1621
f 2137 2138 1621
f 2768 2137 1621
f 2137 2768 2615
f 2137 2615 1627
f 1627 1626 2137
f 1626 1627 1628
f 1628 2145 1626
f 2138 1626 2145
f 2145 2146 2138
f 2138 2146 1707
f 1699 1707 2146
f 2146 2677 1699
f 1699 2677 1700
f 1698 1699 1700
f 1698 1700 2229
f 1698 2229 2225
f 2224 1698 2225
f 2224 2225 2778
f 2778 2684 2224
f 2684 1708 2224
f 1707 2224 1708
f 1707 1708 1619
f 2038 1619 1708
f 2684 2007 1708
f 2039 1708 2007
f 2039 2007 2488
f 2007 1471 2488
f 1471 2007 1469
f 1469 1470 1471
f 2013 1471 1470
f 2491 2013 1470
f 1470 2005 2491
f 2491 2005 2004
f 2004 2005 2006
f 2006 1475 2004
f 1477 2004 1475
f 1475 1476 1477
f 1477 1476 1461
f 1461 2103 1477
f 2103 1461 1578
f 2013 2103 1578
f 2013 1578 1499
f 1579 1499 1578
f 2103 2013 2004
f 1578 1461 1579
f 1579 1461 2100
f 1579 2100 1487
f 2025 1579 1487
f 1461 1586 2100
f 2100 1586 2101
f 1461 1460 1586
f 1460 1587 1586
f 1586 1587 1588
f 1588 1587 2570
f 1587 2108 2570
f 2108 1714 2570
f 2108 1587 1460
f 1512 2108 1460
f 1462 1512 1460
f 1462 1510 1512
f 1510 1511 1512
f 1511 1279 1512
f 1511 2058 1279
f 1519 2058 1511
f 1519 2056 2058
f 2056 2057 2058
f 2058 2057 1653
f 1519 1341 2056
f 1519 1520 1341
f 1519 1694 1520
f 1520 1694 1510
f 1476 1520 1510
f 1560 1520 1476
f 1694 1519 1510
f 1510 1519 1511
f 1461 1510 1462
f 1460 1461 1462
f 1476 1510 1461
f 2004 1477 2103
f 1995 2006 2005
f 2005 1996 1995
f 1994 1995 1996
f 1465 1994 1996
f 1465 1996 1466
f 1465 1466 1467
f 2001 1465 1467
f 1467 2483 2001
f 2001 2483 1548
f 2001 1548 269
f 269 271 2001
f 269 270 271
f 919 269 1548
f 919 1548 1549
f 2367 919 1549
f 2367 1549 254
f 254 1549 1548
f 254 1548 255
f 254 255 256
f 333 254 256
f 1567 333 256
f 1567 256 1568
f 1568 2561 1567
f 2560 1567 2561
f 324 2560 2561
f 324 2561 325
f 238 324 325
f 238 325 389
f 389 239 238
f 237 238 239
f 237 239 2622
f 1596 237 2622
f 379 1596 2622
f 379 2622 380
f 379 380 312
f 441 379 312
f 311 441 312
f 311 312 313
f 313 2626 311
f 435 311 2626
f 435 2626 1126
f 435 1126 436
f 435 436 437
f 435 437 1589
f 437 1590 1589
f 1589 1590 1591
f 1589 1591 311
f 1591 2112 311
f 2112 1591 2833
f 2833 2113 2112
f 2112 2113 441
f 1594 441 2113
f 1595 1594 2113
f 1594 1595 1596
f 1595 2588 1596
f 2588 1595 2120
f 324 2588 2120
f 324 2120 2079
f 2079 2120 2121
f 2121 1533 2079
f 1532 2079 1533
f 1531 1532 1533
f 2548 1531 1533
f 2547 1531 2548
f 2548 2077 2547
f 1542 2547 2077
f 2077 2078 1542
f 2078 2086 1542
f 1542 2086 1540
f 1540 1541 1542
f 1541 1540 1136
f 2084 1540 2086
f 2086 2848 2084
f 2848 1086 2084
f 2084 1086 2085
f 2085 1086 1085
f 1085 515 2085
f 1540 2085 515
f 1084 1085 1086
f 1907 1084 1086
f 1907 1086 1906
f 1906 436 1907
f 1125 1907 436
f 2403 1907 1125
f 833 2403 1125
f 1124 833 1125
f 1124 1125 1126
f 1126 1917 1124
f 1124 1917 1910
f 1124 1910 1911
f 1124 1911 2357
f 2357 1911 2329
f 2357 2329 831
f 833 2357 831
f 831 832 833
f 832 1871 833
f 1870 833 1871
f 1869 1870 1871
f 1869 1871 2862
f 1869 2862 876
f 2364 1869 876
f 2364 876 838
f 875 838 876
f 1884 875 876
f 875 1884 1876
f 1876 1877 875
f 1779 875 1877
f 2325 1779 1877
f 572 2325 1877
f 574 2325 572
f 572 573 574
f 782 574 573
f 782 573 783
f 783 1670 782
f 1670 2330 782
f 2330 1167 782
f 619 1167 2330
f 620 619 2330
f 18 619 620
f 620 19 18
f 17 18 19
f 1674 17 19
f 1674 19 2875
f 2875 991 1674
f 2392 1674 991
f 992 2392 991
f 991 503 992
f 502 992 503
f 501 502 503
f 501 1684 502
f 502 1684 2394
f 1039 502 2394
f 2394 2395 1039
f 2395 1040 1039
f 546 1039 1040
f 546 1040 547
f 546 547 548
f 1691 546 548
f 2461 1691 548
f 2461 548 2460
f 2460 1414 2461
f 1416 2461 1414
f 1414 1415 1416
f 1416 1415 1985
f 1416 1985 1977
f 1416 1977 1978
f 1416 1978 1674
f 1978 1440 1674
f 1978 1977 1440
f 1440 1977 1441
f 1440 1441 17
f 1987 17 1441
f 1441 1760 1987
f 1987 1760 231
f 1987 231 2276
f 231 619 2276
f 1760 232 231
f 231 232 233
f 233 1167 231
f 233 301 1167
f 301 574 1167
f 574 301 1759
f 301 303 1759
f 303 1779 1759
f 1779 303 927
f 301 302 303
f 928 303 302
f 928 302 1929
f 928 1929 1775
f 1773 1775 1929
f 1773 1774 1775
f 1774 2374 1775
f 2374 1774 915
f 914 2374 915
f 913 914 915
f 1886 913 915
f 1886 915 1773
f 1885 1886 1773
f 1885 1773 301
f 2383 1886 1885
f 232 2383 1885
f 232 913 2383
f 913 232 954
f 954 1890 913
f 1890 954 1891
f 1890 1891 1892
f 1892 1976 1890
f 1890 1976 914
f 914 1976 1345
f 1976 1346 1345
f 1345 1346 1347
f 1345 1347 880
f 1347 1346 1966
f 1347 1966 881
f 1257 881 1966
f 1966 1302 1257
f 1346 2433 1966
f 1976 1382 1346
f 1381 1346 1382
f 1892 1382 1976
f 1892 1970 1382
f 1382 1970 1971
f 129 1382 1971
f 129 1971 1741
f 129 1741 130
f 129 130 131
f 131 130 2259
f 2259 130 2260
f 2259 2260 1739
f 1738 2259 1739
f 1738 1739 1740
f 1740 177 1738
f 176 1738 177
f 176 177 178
f 1655 176 178
f 1746 178 177
f 177 2883 1746
f 1746 2883 1747
f 1746 1747 1748
f 678 1746 1748
f 678 1748 676
f 676 677 678
f 1840 678 677
f 1840 677 2336
f 678 1840 178
f 1840 1448 178
f 1840 1841 1448
f 1841 1840 1183
f 717 677 676
f 716 717 676
f 717 716 2342
f 2342 1798 717
f 717 1798 2453
f 1798 2342 1848
f 1848 1849 1798
f 1849 366 1798
f 368 1798 366
f 366 367 368
f 367 366 1249
f 1946 1249 366
f 1946 366 1796
f 423 1946 1796
f 1796 1797 423
f 423 1797 1808
f 423 1808 421
f 421 422 423
f 422 421 1294
f 422 1294 1806
f 1955 422 1806
f 1806 1807 1955
f 1806 47 1807
f 1807 47 1725
f 46 1725 47
f 45 46 47
f 47 2245 45
f 1722 45 2245
f 2245 2931 1722
f 2931 1723 1722
f 1722 1723 1724
f 84 1722 1724
f 84 1724 85
f 83 84 85
f 1724 828 85
f 1724 2251 828
f 828 2251 1056
f 2251 1732 1056
f 1732 1057 1056
f 578 1056 1057
f 1057 576 578
f 576 577 578
f 578 577 1836
f 1836 1096 578
f 1096 1836 628
f 902 1096 628
f 1097 1096 902
f 1056 1096 1097
f 628 1836 629
f 628 629 630
f 628 630 873
f 873 630 999
f 999 630 2948
f 999 2948 1504
f 999 1504 465
f 999 465 1138
f 1138 1000 999
f 874 999 1000
f 2393 874 1000
f 2393 1000 2346
f 1513 2393 2346
f 1513 2346 755
f 851 1513 755
f 851 755 852
f 851 852 558
f 852 755 757
f 852 757 1521
f 1521 1522 852
f 559 852 1522
f 1522 615 559
f 1521 615 1522
f 1521 757 1018
f 757 756 1018
f 755 756 757
f 606 1513 851
f 755 2346 756
f 2346 2962 756
f 756 2962 1856
f 756 1856 1857
f 756 1857 799
f 798 756 799
f 798 799 800
f 799 1857 800
f 1459 1857 1856
f 1856 2968 1459
f 2968 1865 1459
f 1865 1817 1459
f 1865 465 1817
f 464 1817 465
f 463 464 465
f 463 2319 464
f 2319 2320 464
f 2319 519 2320
f 519 1196 2320
f 519 1816 1196
f 1825 1816 519
f 518 1825 519
f 517 518 519
f 517 1893 518
f 517 519 2319
f 1823 517 2319
f 1824 1823 2319
f 1822 1823 1824
f 1824 463 1822
f 1822 463 2638
f 2638 2639 1822
f 1919 1822 2639
f 2935 1919 2639
f 2935 2639 2984
f 2984 2636 2935
f 2935 2636 1920
f 2635 1920 2636
f 2635 2636 2987
f 2635 2987 2988
f 2988 2989 2635
f 2635 2989 2991
f 2989 2992 2991
f 1918 2991 2992
f 2992 1927 1918
f 1927 1930 1918
f 1930 1932 1918
f 1919 1918 1932
f 1919 1932 2999
f 1932 2601 2999
f 2601 1823 2999
f 2601 2919 1823
f 2919 2601 952
f 2601 1932 2602
f 2571 2601 2602
f 2602 3004 2571
f 1931 3004 2602
f 2572 3004 1931
f 2572 1931 2559
f 2559 3008 2572
f 3008 1368 2572
f 3008 2559 1405
f 1405 2559 1936
f 2559 1927 1936
f 1936 1927 1377
f 1927 1928 1377
f 1931 1930 2559
f 1931 2602 1932
f 1918 1919 1920
f 1930 1931 1932
f 1927 2559 1930
f 1927 2992 1928
f 2991 1918 1920
f 2992 2989 1928
f 2625 1928 2989
f 1378 1928 2625
f 2625 2989 2988
f 1954 2625 2988
f 2625 1954 1964
f 1964 147 2625
f 1953 1964 1954
f 1953 1954 1943
f 1953 1943 3038
f 1945 3038 1943
f 1943 1944 1945
f 1944 1959 1945
f 2826 1945 1959
f 2603 2826 1959
f 1959 3043 2603
f 3043 3044 2603
f 3044 3043 3045
f 3045 2706 3044
f 2706 3046 3044
f 3044 3046 188
f 3046 2706 695
f 2706 2707 695
f 3055 695 2707
f 2973 3055 2707
f 2973 2707 3057
f 3057 2704 2973
f 2703 2973 2704
f 2702 2703 2704
f 2702 2704 3061
f 2702 3061 3062
f 2702 3062 3063
f 3066 2702 3063
f 2519 3066 3063
f 2519 3063 3068
f 3068 3069 2519
f 2519 3069 2655
f 2651 2519 2655
f 2652 2651 2655
f 2652 2655 2872
f 2342 2652 2872
f 2872 2655 2871
f 2871 1797 2872
f 1848 2872 1797
f 716 2651 2652
f 1748 2651 716
f 2651 2518 2519
f 2518 2509 2519
f 2510 2509 2518
f 2508 2509 2510
f 1747 2508 2510
f 2651 1747 2510
f 1747 3090 2508
f 3090 2620 2508
f 2508 2620 2621
f 2925 2621 2620
f 2620 2537 2925
f 2537 2617 2925
f 2925 2617 2702
f 2925 2702 2926
f 2537 2616 2617
f 2617 2616 2703
f 2616 3055 2703
f 3055 2616 3101
f 3101 3103 3055
f 3055 3103 2608
f 3104 2608 3103
f 3103 3101 3104
f 3101 2689 3104
f 2691 3104 2689
f 2689 2690 2691
f 2685 2691 2690
f 3112 2685 2690
f 3112 3114 2685
f 2685 3114 2963
f 2963 2686 2685
f 2685 2686 2687
f 2686 3117 2687
f 2687 3117 3118
f 2687 3118 2691
f 2691 3118 3122
f 3122 683 2691
f 1847 683 3122
f 3123 1847 3122
f 3122 3127 3123
f 57 3123 3127
f 57 3127 3129
f 3129 3127 3118
f 3129 3118 1731
f 57 2618 3123
f 2618 57 2861
f 2618 2861 3134
f 2495 2618 3134
f 2495 3134 2629
f 1288 2495 2629
f 2489 2495 1288
f 2490 2495 2489
f 2489 440 2490
f 724 2490 440
f 2495 2490 723
f 2618 2495 723
f 2629 3134 2861
f 3127 3122 3118
f 1731 3118 3117
f 2900 1731 3117
f 2901 2900 3117
f 1762 2900 2901
f 3147 1762 2901
f 2901 2686 3147
f 2686 2569 3147
f 2482 3147 2569
f 2569 2563 2482
f 2562 2482 2563
f 2562 2563 2564
f 3152 2562 2564
f 3152 2564 2528
f 2528 2676 3152
f 2675 3152 2676
f 2674 2675 2676
f 2674 2676 2536
f 2674 2536 2670
f 2883 2674 2670
f 2883 2670 2669
f 1740 2674 2883
f 2536 2669 2670
f 2669 2536 2620
f 2527 2536 2676
f 2536 2527 2537
f 2527 2526 2537
f 2526 2527 2528
f 2528 3114 2526
f 2674 1739 2675
f 1739 3168 2675
f 2675 3168 3152
f 3168 2851 3152
f 2851 3168 3171
f 3171 3173 2851
f 3173 2852 2851
f 2851 2852 2853
f 2851 2853 2562
f 2852 3175 2853
f 3175 2481 2853
f 2853 2481 2482
f 2481 2476 2482
f 2481 2477 2476
f 2476 2477 1763
f 3147 2476 1763
f 2477 3181 1763
f 3181 1764 1763
f 1762 1763 1764
f 1764 3183 1762
f 1764 1757 3183
f 1757 92 3183
f 92 1757 1756
f 1756 1757 1758
f 1756 1758 1753
f 1756 1753 1768
f 1768 93 1756
f 1767 93 1768
f 1768 1755 1767
f 1753 1755 1768
f 1753 1754 1755
f 3189 1755 1754
f 1800 3189 1754
f 1754 1801 1800
f 1799 1800 1801
f 3195 1799 1801
f 3195 1801 3197
f 3195 3197 1795
f 1794 3195 1795
f 1793 1794 1795
f 1793 1795 3175
f 3175 3173 1793
f 3173 1802 1793
f 1793 1802 1790
f 1790 2553 1793
f 1789 2553 1790
f 1788 1789 1790
f 1790 3203 1788
f 3205 1788 3203
f 3203 1741 3205
f 3205 1741 3207
f 3207 2578 3205
f 2909 2578 3207
f 1970 2909 3207
f 2909 1970 2910
f 2582 2909 2910
f 1891 2582 2910
f 2582 1891 3214
f 2582 3214 3048
f 2582 3048 2583
f 2576 2582 2583
f 2583 2577 2576
f 2576 2577 2578
f 2578 2577 1788
f 3222 2577 2583
f 3222 2583 3223
f 3223 3224 3222
f 3224 3226 3222
f 3222 3226 3227
f 3222 3227 2894
f 3222 2894 2893
f 2893 2894 1789
f 1789 2577 2893
f 3232 1789 2894
f 2894 2545 3232
f 3232 2545 2553
f 2552 2553 2545
f 1794 2552 2545
f 2545 2546 1794
f 1799 1794 2546
f 1799 2546 2407
f 2546 3236 2407
f 2407 3236 2408
f 2407 2408 1800
f 2408 3236 3240
f 3240 2804 2408
f 2408 2804 2406
f 2408 2406 3189
f 2804 2404 2406
f 2404 2405 2406
f 2405 1755 2406
f 2404 2804 3245
f 3245 3247 2404
f 2404 3247 3248
f 2646 2404 3248
f 3248 3249 2646
f 2368 3249 3248
f 3250 2368 3248
f 2368 3250 2369
f 2368 2369 2370
f 3257 2370 2369
f 2369 3258 3257
f 3257 3258 2366
f 3258 2788 2366
f 2366 2788 2365
f 2365 2195 2366
f 2195 2331 2366
f 2366 2331 3263
f 2366 3263 2370
f 3263 3268 2370
f 3268 3249 2370
f 3249 3268 584
f 2189 584 3268
f 3263 2189 3268
f 3263 2331 2189
f 2189 2331 2195
f 2189 2195 2190
f 650 2189 2190
f 2190 2181 650
f 2181 2190 2182
f 2180 2181 2182
f 2180 2182 2193
f 2945 2180 2193
f 3278 2945 2193
f 3280 3278 2193
f 3284 3278 3280
f 3289 3284 3280
f 3280 3290 3289
f 3290 3291 3289
f 2384 3289 3291
f 3291 2222 2384
f 2215 2384 2222
f 2222 2214 2215
f 2214 2205 2215
f 2205 2385 2215
f 2204 2385 2205
f 2204 2205 2206
f 2219 2204 2206
f 2957 2219 2206
f 2206 3299 2957
f 3299 3303 2957
f 2957 3303 3304
f 3304 3305 2957
f 3305 3304 3306
f 2390 3305 3306
f 2390 3306 3313
f 3313 2474 2390
f 2473 2390 2474
f 2474 3317 2473
f 3317 3318 2473
f 2844 2473 3318
f 3318 2470 2844
f 2290 2844 2470
f 2470 2471 2290
f 3322 2290 2471
f 2471 3323 3322
f 3324 3322 3323
f 3323 3326 3324
f 3324 3326 3327
f 3327 3328 3324
f 3324 3328 3329
f 2424 3324 3329
f 3329 2425 2424
f 2423 2424 2425
f 2423 2425 3333
f 2735 2423 3333
f 2735 3333 2736
f 2420 2735 2736
f 2736 2386 2420
f 2420 2386 2282
f 2282 2281 2420
f 2281 2291 2420
f 2290 2291 2281
f 2423 2291 2290
f 2280 2281 2282
f 2282 2391 2280
f 2473 2280 2391
f 2391 2282 2798
f 2798 2389 2391
f 2389 2390 2391
f 2390 2389 2219
f 2389 2798 2219
f 2281 2280 2844
f 2798 2282 2386
f 2385 2798 2386
f 2384 2385 2386
f 2386 2736 2384
f 2420 2291 2735
f 2423 2735 2291
f 3333 2425 2736
f 2736 2425 3284
f 2424 2423 3322
f 2425 3329 2454
f 2425 2454 3278
f 2454 2456 3278
f 2454 2455 2456
f 2456 2455 3354
f 2834 2456 3354
f 3354 3357 2834
f 3357 2451 2834
f 2834 2451 772
f 2451 2452 772
f 2451 3361 2452
f 3361 3362 2452
f 2452 3362 773
f 3362 3361 3366
f 3366 3367 3362
f 2680 3362 3367
f 3366 3368 3367
f 3368 3372 3367
f 762 3367 3372
f 3368 3373 3372
f 2721 3372 3373
f 2721 3373 3377
f 3377 2722 2721
f 2720 2721 2722
f 2722 3378 2720
f 3380 2720 3378
f 3378 2256 3380
f 2266 3380 2256
f 2265 2266 2256
f 2258 2265 2256
f 2256 2257 2258
f 2258 2257 3385
f 3388 2258 3385
f 3388 3385 3390
f 3390 3391 3388
f 2444 3388 3391
f 3391 3392 2444
f 2765 2444 3392
f 2765 3392 2766
f 2765 2766 2767
f 2340 2765 2767
f 2340 2767 3397
f 3397 1876 2340
f 1876 2341 2340
f 2333 2340 2341
f 2341 2334 2333
f 2333 2334 2335
f 2333 2335 2765
f 2335 2445 2765
f 2334 2445 2335
f 2334 2446 2445
f 2444 2445 2446
f 2446 2055 2444
f 2055 3404 2444
f 2444 3404 2746
f 2441 2444 2746
f 2746 2440 2441
f 2440 2053 2441
f 2265 2441 2053
f 2053 2304 2265
f 2304 2300 2265
f 2304 2298 2300
f 2298 2299 2300
f 3408 2300 2299
f 3412 3408 2299
f 3412 2299 3413
f 3412 3413 2709
f 3412 2709 3415
f 1815 3412 3415
f 3415 2709 2711
f 2711 476 3415
f 2709 2710 2711
f 2711 2710 1821
f 2709 3421 2710
f 2710 3421 2250
f 527 2710 2250
f 527 2250 2244
f 2242 2244 2250
f 2242 2243 2244
f 528 2244 2243
f 2030 528 2243
f 2243 2031 2030
f 2029 2030 2031
f 2029 2031 3426
f 3202 2029 3426
f 3202 3426 2023
f 2022 3202 2023
f 2021 2022 2023
f 2021 2023 3433
f 2021 3433 2033
f 2034 2021 2033
f 2033 2018 2034
f 2329 2034 2018
f 2020 2329 2018
f 2018 2019 2020
f 2020 2019 2055
f 2060 2020 2055
f 831 2020 2060
f 2060 2061 831
f 2061 2060 2446
f 3443 2061 2446
f 832 2061 3443
f 3443 2341 832
f 2019 2054 2055
f 2055 2054 3447
f 2440 3447 2054
f 2440 3404 3447
f 2019 2063 2054
f 2063 2051 2054
f 2053 2054 2051
f 2051 2052 2053
f 3451 2053 2052
f 3451 2052 3452
f 3452 2777 3451
f 3451 2777 2304
f 2777 2776 2304
f 2776 3413 2304
f 3413 2776 2242
f 3413 2242 3421
f 2776 2777 2243
f 3426 2243 2777
f 3452 3426 2777
f 2350 3452 2052
f 3433 3452 2350
f 2052 2051 2350
f 2033 2350 2051
f 2051 2063 2033
f 2063 2019 2033
f 2019 2018 2033
f 3467 2021 2034
f 2034 1911 3467
f 3467 3468 2021
f 2758 3468 3467
f 1910 2758 3467
f 2323 3468 2758
f 2757 2323 2758
f 1917 2757 2758
f 2757 1917 2626
f 2757 2850 2323
f 2850 2324 2323
f 2323 2324 2316
f 2316 2324 2317
f 2316 2317 2318
f 2318 3468 2316
f 2022 3468 2318
f 2938 2318 2317
f 2317 245 2938
f 245 2937 2938
f 2938 2937 3416
f 3202 2938 3416
f 2937 2633 3416
f 3416 2633 2029
f 2029 2633 2634
f 2029 2634 2936
f 2936 2634 229
f 229 3477 2936
f 3196 2936 3477
f 3477 393 3196
f 393 3425 3196
f 2921 3196 3425
f 3425 3190 2921
f 3190 2598 2921
f 2921 2598 2922
f 2921 2922 2923
f 2923 2936 2921
f 2030 2936 2923
f 2922 2030 2923
f 2598 1662 2922
f 2597 1662 2598
f 2598 2920 2597
f 2597 2920 3379
f 3379 2600 2597
f 1663 2597 2600
f 2920 2136 3379
f 2920 404 2136
f 404 3484 2136
f 2136 3484 1227
f 3484 3330 1227
f 1227 3330 2422
f 1227 2422 1188
f 1187 1227 1188
f 1187 1188 1189
f 1163 1189 1188
f 1188 1164 1163
f 1163 1164 1165
f 1165 1208 1163
f 2419 1163 1208
f 1208 3360 2419
f 3340 2419 3360
f 3360 2911 3340
f 2911 1270 3340
f 3340 1270 3401
f 3340 3401 3495
f 2443 3495 3401
f 3401 1269 2443
f 1319 2443 1269
f 1269 1271 1319
f 1269 1270 1271
f 1270 1245 1271
f 1244 1271 1245
f 1244 1245 1246
f 1246 1292 1244
f 2439 1244 1292
f 1292 1246 2806
f 2806 3172 1292
f 1716 1292 3172
f 1716 3172 3407
f 1716 3407 3466
f 3466 3407 2977
f 2977 2976 3466
f 2239 3466 2976
f 2975 2976 2977
f 2975 2977 3506
f 3506 2700 2975
f 2975 2700 3469
f 2699 3469 2700
f 2699 2700 2701
f 2699 2701 2974
f 1489 2699 2974
f 2974 3507 1489
f 3507 2974 3133
f 3473 3507 3133
f 3473 3133 3474
f 3473 3474 3272
f 2946 3473 3272
f 2946 3272 3139
f 2946 3139 2947
f 2515 2946 2947
f 2947 3276 2515
f 2515 3276 484
f 484 2516 2515
f 2514 2515 2516
f 2649 2514 2516
f 2681 2649 2516
f 486 2681 2516
f 2681 486 2874
f 2869 2681 2874
f 2874 1673 2869
f 1673 2868 2869
f 2869 2868 3511
f 3389 2869 3511
f 3511 2928 3389
f 2930 3389 2928
f 2928 2929 2930
f 3393 2930 2929
f 2929 511 3393
f 3393 511 2612
f 511 2613 2612
f 2612 2613 2614
f 2612 2614 2927
f 2930 2612 2927
f 2927 3400 2930
f 3400 2927 3515
f 3400 3515 3235
f 3399 3400 3235
f 3235 3517 3399
f 2967 3399 3517
f 2967 3517 3453
f 3453 2965 2967
f 2965 2966 2967
f 2966 2682 2967
f 2682 3459 2967
f 3459 2869 2967
f 2682 2681 3459
f 2681 2682 2683
f 2682 2964 2683
f 3460 2683 2964
f 3460 2964 3520
f 3520 3256 3460
f 3460 3256 2145
f 3256 3255 2145
f 2677 2145 3255
f 2677 3255 3254
f 3254 3255 3256
f 3525 3254 3256
f 3260 3525 3256
f 3260 3256 3259
f 3259 2492 3260
f 2494 3260 2492
f 2492 2493 2494
f 2863 2494 2493
f 2493 2818 2863
f 2863 2818 3529
f 2863 3529 2864
f 2859 2863 2864
f 2864 2860 2859
f 2858 2859 2860
f 2860 3346 2858
f 3345 2858 3346
f 3344 3345 3346
f 3346 3348 3344
f 3533 3344 3348
f 3347 3533 3348
f 2566 3347 3348
f 3348 2567 2566
f 2565 2566 2567
f 2567 3349 2565
f 2667 2565 3349
f 3349 2902 2667
f 2898 2667 2902
f 2902 2903 2898
f 2903 2899 2898
f 2897 2898 2899
f 2959 2897 2899
f 2959 2899 3297
f 3297 3298 2959
f 2959 3298 2960
f 2958 2959 2960
f 2960 2533 2958
f 2958 2533 2897
f 2533 2532 2897
f 2532 2533 2534
f 2534 2667 2532
f 2534 2956 2667
f 2880 2956 2534
f 2884 2880 2534
f 2880 2884 2885
f 2880 2885 2881
f 2879 2880 2881
f 2879 2881 3238
f 3237 2879 3238
f 3237 3238 277
f 277 2854 3237
f 3237 2854 2480
f 3237 2480 2479
f 2479 2565 3237
f 2956 3237 2565
f 2478 2479 2480
f 2479 2478 3244
f 3244 2566 2479
f 380 3244 2478
f 2478 2480 2854
f 2849 2478 2854
f 2849 2854 276
f 2849 276 2850
f 313 2849 2850
f 312 2478 2849
f 2854 277 276
f 275 276 277
f 277 3334 275
f 243 275 3334
f 3334 3335 243
f 243 3335 244
f 243 244 245
f 3335 287 244
f 244 287 289
f 289 2937 244
f 287 288 289
f 229 289 288
f 288 227 229
f 227 228 229
f 227 3549 228
f 3549 394 228
f 228 394 393
f 393 394 395
f 394 370 395
f 395 370 3425
f 394 3405 370
f 3405 362 370
f 362 369 370
f 370 369 405
f 370 405 3190
f 2920 3190 405
f 404 405 369
f 369 364 404
f 362 364 369
f 362 363 364
f 364 363 3484
f 363 362 3353
f 363 3353 3330
f 2580 3330 3353
f 3353 3555 2580
f 2580 3555 3355
f 2580 3355 3356
f 2580 3356 2581
f 2579 2580 2581
f 3360 2579 2581
f 2581 2912 3360
f 3560 2912 2581
f 2912 3560 2908
f 2911 2912 2908
f 2891 2911 2908
f 2907 2891 2908
f 2907 2908 3314
f 3316 2907 3314
f 3314 3315 3316
f 3320 3316 3315
f 3315 3564 3320
f 3320 3564 3319
f 3319 2550 3320
f 2549 3320 2550
f 2549 2550 2551
f 2907 2549 2551
f 2551 3321 2907
f 3321 2896 2907
f 2896 3321 2895
f 2895 2892 2896
f 2891 2896 2892
f 2891 2892 1270
f 2892 2895 1245
f 3321 3566 2895
f 2895 3566 2807
f 2895 2807 2806
f 2806 2807 2808
f 2808 2807 3150
f 3150 2400 2808
f 2400 3172 2808
f 3172 2400 2402
f 2400 2401 2402
f 2401 2805 2402
f 2402 2805 2977
f 2401 3179 2805
f 3506 2805 3179
f 3178 3506 3179
f 3178 3179 3180
f 3178 3180 3126
f 3126 2701 3178
f 2791 2701 3126
f 2791 3126 2792
f 2790 2791 2792
f 2792 2361 2790
f 2790 2361 2363
f 2790 2363 3133
f 2363 2362 3133
f 2361 2362 2363
f 2362 2361 2789
f 3135 2362 2789
f 2789 3570 3135
f 3570 3139 3135
f 3570 2261 3139
f 3138 3139 2261
f 2261 3574 3138
f 2654 3138 3574
f 2654 3574 3070
f 3070 485 2654
f 484 2654 485
f 484 485 486
f 486 485 1673
f 485 789 1673
f 791 1673 789
f 789 790 791
f 790 1675 791
f 791 1675 2650
f 3579 791 2650
f 3579 2650 3083
f 3085 3579 3083
f 3083 3084 3085
f 2928 3085 3084
f 2928 3084 3153
f 2928 3153 2672
f 3153 594 2672
f 509 2672 594
f 509 594 595
f 595 1690 509
f 509 1690 1692
f 509 1692 510
f 509 510 511
f 510 1692 1693
f 1693 2668 510
f 2668 2613 510
f 2613 2668 3584
f 2613 3584 3164
f 3164 3165 2613
f 3164 3585 3165
f 3165 3585 3586
f 3165 3586 2846
f 2845 3165 2846
f 2845 2846 2847
f 3228 2845 2847
f 2847 3011 3228
f 2468 3228 3011
f 2468 3011 2469
f 2467 2468 2469
f 2469 2493 2467
f 2467 2493 3231
f 3234 2467 3231
f 3231 2492 3234
f 3234 3233 2467
f 3233 3234 3235
f 3233 2468 2467
f 2468 3233 3515
f 2469 3011 3012
f 2469 3012 2819
f 2818 2469 2819
f 3018 2819 3012
f 3012 2285 3018
f 2287 3018 2285
f 2285 2286 2287
f 2418 2287 2286
f 2286 2817 2418
f 2738 2418 2817
f 2737 2738 2817
f 2737 2730 2738
f 2729 2738 2730
f 2729 2730 2731
f 2731 3592 2729
f 2729 3592 1087
f 2729 1087 3141
f 2729 3141 2800
f 2800 2801 2729
f 2801 3596 2729
f 3142 3596 2801
f 2801 2382 3142
f 2381 3142 2382
f 2380 2381 2382
f 2380 2382 2799
f 2799 3148 2380
f 3321 2380 3148
f 3151 3148 2799
f 3148 3151 3150
f 3150 3151 1507
f 3150 1507 2836
f 3150 2836 3206
f 3206 2836 2837
f 2400 3206 2837
f 2836 1509 2837
f 2837 1509 3108
f 2837 3108 2401
f 2401 3108 2449
f 2449 3108 2450
f 2448 2449 2450
f 2448 2450 2835
f 2448 2835 3213
f 2448 3213 3600
f 3213 3216 3600
f 3217 3600 3216
f 3216 2780 3217
f 2997 3217 2780
f 2780 2998 2997
f 2997 2998 2775
f 3000 2997 2775
f 3000 2775 3606
f 3000 3606 3001
f 2262 3000 3001
f 2262 3001 2263
f 2261 2262 2263
f 2261 2263 3003
f 3003 2263 2719
f 3070 3003 2719
f 2723 3070 2719
f 2723 2719 2718
f 790 2723 2718
f 2717 2718 2719
f 2717 2719 3093
f 3092 2717 3093
f 3091 3092 3093
f 3093 3612 3091
f 3091 3612 3096
f 3096 3612 3097
f 2337 3096 3097
f 3097 2338 2337
f 2337 2338 2339
f 3100 2337 2339
f 2763 3100 2339
f 2339 3616 2763
f 3616 2769 2763
f 2763 2769 776
f 2763 776 2764
f 2762 2763 2764
f 2828 2762 2764
f 2764 3035 2828
f 3035 3036 2828
f 3036 2829 2828
f 2827 2828 2829
f 2827 2829 3037
f 3037 2301 2827
f 2303 2827 2301
f 2301 2302 2303
f 2438 2303 2302
f 2825 2438 2302
f 2825 2302 3083
f 2302 2747 3083
f 2745 2747 2302
f 2302 2743 2745
f 2743 2744 2745
f 2712 2745 2744
f 2712 2744 2978
f 2978 2979 2712
f 2982 2712 2979
f 2979 1569 2982
f 2982 1569 2983
f 2248 2982 2983
f 2248 2983 2246
f 2246 2247 2248
f 2713 2248 2247
f 2986 2713 2247
f 2986 2247 594
f 2712 2713 2986
f 2712 2248 2713
f 2247 2246 2708
f 2247 2708 595
f 2708 2246 1495
f 2708 1495 1690
f 1494 1690 1495
f 1493 1494 1495
f 1495 2816 1493
f 995 1493 2816
f 2816 3074 995
f 3074 993 995
f 993 994 995
f 994 3078 995
f 994 1106 3078
f 1108 3078 1106
f 1106 1107 1108
f 1484 1108 1107
f 1107 1485 1484
f 1484 1485 1486
f 1515 1484 1486
f 1515 1486 3154
f 3154 1516 1515
f 1515 1516 1517
f 1517 3550 1515
f 3160 3550 1517
f 1088 3160 1517
f 1517 1089 1088
f 1087 1088 1089
f 1087 1089 3162
f 3162 858 1087
f 858 3162 859
f 857 858 859
f 857 859 1508
f 1507 857 1508
f 1507 1508 1509
f 857 1507 3633
f 1508 859 2835
f 3108 1508 2835
f 2835 859 3634
f 2835 3634 3113
f 3634 2349 3113
f 3113 2349 2348
f 3113 2348 3213
f 2347 2348 2349
f 2349 1719 2347
f 2347 1719 3116
f 2779 2347 3116
f 3116 2773 2779
f 2779 2773 2780
f 2773 2775 2780
f 2773 2774 2775
f 2774 2773 3476
f 2774 3476 1814
f 2774 1814 1819
f 2769 2774 1819
f 3606 2774 2769
f 3639 3606 2769
f 1819 1814 1727
f 1819 1727 2321
f 777 1819 2321
f 3060 777 2321
f 2760 3060 2321
f 2321 1729 2760
f 1729 2761 2760
f 2760 2761 491
f 2760 491 2756
f 2756 491 493
f 493 392 2756
f 3054 2756 392
f 382 3054 392
f 392 383 382
f 381 382 383
f 383 3420 381
f 3420 3414 381
f 1853 381 3414
f 1853 3414 425
f 424 1853 425
f 424 425 426
f 1113 424 426
f 1518 1113 426
f 1518 426 62
f 2978 1518 62
f 3037 1518 2978
f 3422 3037 2978
f 1518 3037 1114
f 62 426 2535
f 2535 63 62
f 62 63 64
f 62 64 2979
f 1016 64 63
f 63 1105 1016
f 87 1016 1105
f 1105 88 87
f 86 87 88
f 88 3155 86
f 3155 2529 86
f 86 2529 3381
f 2529 2531 3381
f 3381 2531 3288
f 3381 3288 3074
f 2815 3381 3074
f 87 3381 2815
f 2815 1569 87
f 1015 87 1569
f 64 1015 1569
f 1569 2815 2816
f 3288 2531 1827
f 1496 3288 1827
f 1827 1566 1496
f 1565 1496 1566
f 1565 1566 1363
f 1565 1363 3149
f 1565 3149 3336
f 3336 1025 1565
f 1025 3336 1107
f 3336 3149 603
f 3336 603 257
f 1485 3336 257
f 1485 257 259
f 257 258 259
f 258 2511 259
f 1486 259 2511
f 2981 2511 258
f 309 2981 258
f 307 309 258
f 307 308 309
f 309 308 1962
f 2761 309 1962
f 2980 309 2761
f 1962 308 3406
f 491 1962 3406
f 491 3406 492
f 3406 1787 492
f 766 492 1787
f 766 1787 767
f 766 767 768
f 1960 766 768
f 768 1268 1960
f 1961 1960 1268
f 1268 802 1961
f 801 1961 802
f 801 802 803
f 1838 801 803
f 803 3475 1838
f 1837 1838 3475
f 1837 3475 1845
f 1837 1845 1844
f 482 1837 1844
f 1844 3516 482
f 482 3516 3277
f 482 3277 483
f 481 482 483
f 481 483 2028
f 3094 481 2028
f 2027 3094 2028
f 2027 2028 525
f 524 2027 525
f 523 524 525
f 525 1028 523
f 523 1028 1105
f 1104 1105 1028
f 1027 1104 1028
f 1027 1028 1029
f 1029 636 1027
f 636 150 1027
f 1027 150 142
f 142 150 143
f 142 143 144
f 1104 142 144
f 1104 144 3155
f 144 143 3155
f 183 143 150
f 150 152 183
f 152 182 183
f 183 182 2530
f 183 2530 2529
f 1826 2530 182
f 182 3398 1826
f 1361 1826 3398
f 692 1361 3398
f 692 3398 3645
f 692 3645 3559
f 3559 690 692
f 690 691 692
f 3454 692 691
f 3454 691 1695
f 3454 1695 1554
f 719 3454 1554
f 719 1554 720
f 718 719 720
f 3208 718 720
f 1282 3208 720
f 1282 1933 3208
f 3208 1933 3465
f 3465 3261 3208
f 3261 3209 3208
f 1765 3209 3261
f 3262 1765 3261
f 3261 1786 3262
f 1787 3262 1786
f 3261 1934 1786
f 767 1786 1934
f 1934 2008 767
f 2008 1934 1186
f 2008 1186 273
f 1268 2008 273
f 273 272 1268
f 272 1365 1268
f 1365 946 1268
f 803 1268 946
f 946 947 803
f 946 3182 947
f 1845 947 3182
f 1845 3182 1846
f 3182 1676 1846
f 1846 1676 1935
f 1935 2104 1846
f 2104 3516 1846
f 2104 1935 2105
f 2104 2105 2106
f 2104 2106 1879
f 3277 2104 1879
f 1428 3277 1879
f 1879 1429 1428
f 1372 1428 1429
f 1372 1429 1373
f 1372 1373 634
f 1372 634 2213
f 1372 2213 1029
f 1029 591 1372
f 593 1372 591
f 591 592 593
f 592 3277 593
f 592 591 2059
f 2028 592 2059
f 1028 2059 591
f 2213 634 636
f 634 635 636
f 634 3242 635
f 635 3242 151
f 635 151 150
f 3242 1117 151
f 1116 151 1117
f 3243 1116 1117
f 1116 3243 182
f 151 1116 152
f 3242 3243 1117
f 3242 1989 3243
f 3559 3243 1989
f 1989 1427 3559
f 1427 1997 3559
f 1997 1427 1273
f 1273 3241 1997
f 3225 1997 3241
f 3241 938 3225
f 937 3225 938
f 870 937 938
f 938 868 870
f 868 869 870
f 632 870 869
f 632 869 2733
f 2732 632 2733
f 2732 2733 2734
f 2734 1648 2732
f 1648 633 2732
f 633 1648 357
f 1696 633 357
f 1696 357 408
f 1697 1696 408
f 1697 408 1284
f 1553 1697 1284
f 1553 1284 1283
f 1553 1283 1554
f 1283 1282 1554
f 1282 1283 1284
f 1282 1284 1973
f 1284 3339 1973
f 1973 3339 1185
f 1186 1973 1185
f 1186 1933 1973
f 3339 2161 1185
f 273 1185 2161
f 273 2161 274
f 274 2161 2162
f 274 2162 520
f 2647 274 520
f 1635 2647 520
f 1635 520 522
f 522 221 1635
f 221 598 1635
f 1635 598 1636
f 1636 598 220
f 3358 1636 220
f 3358 220 3359
f 1678 3358 3359
f 1935 1678 3359
f 220 1226 3359
f 3359 1226 2105
f 2105 1226 2114
f 2105 2114 2115
f 854 2115 2114
f 2114 1215 854
f 854 1215 1190
f 1192 854 1190
f 1190 1191 1192
f 1437 1192 1191
f 1436 1437 1191
f 1191 3025 1436
f 1436 3025 3325
f 1436 3325 1202
f 1880 1436 1202
f 1880 1202 2080
f 1437 1880 2080
f 1429 1437 2080
f 2080 1202 1204
f 2080 1204 2081
f 2081 1373 2080
f 2081 1204 1989
f 2081 1989 634
f 1204 1274 1989
f 1204 1273 1274
f 1204 1203 1273
f 1202 1203 1204
f 1203 1202 3325
f 3325 3241 1203
f 1141 3241 3325
f 3325 1139 1141
f 1139 1140 1141
f 1140 967 1141
f 967 1909 1141
f 1141 1909 3169
f 868 3169 1909
f 1909 1130 868
f 1129 868 1130
f 1915 1129 1130
f 1915 1130 1101
f 1913 1915 1101
f 1101 1103 1913
f 1913 1103 3177
f 3176 1913 3177
f 3170 3176 3177
f 894 3176 3170
f 3170 895 894
f 893 894 895
f 893 895 959
f 959 3128 893
f 883 893 3128
f 3128 1875 883
f 883 1875 884
f 883 884 885
f 883 885 1998
f 1916 883 1998
f 1916 1998 1305
f 1305 3136 1916
f 1916 3136 894
f 3136 3137 894
f 894 3137 3543
f 645 3543 3137
f 645 3137 643
f 643 644 645
f 645 644 7
f 645 7 2944
f 625 2944 7
f 7 1829 625
f 625 1829 626
f 624 625 626
f 624 626 2194
f 624 2194 3086
f 1593 624 3086
f 1593 3086 3076
f 3075 1593 3076
f 3075 3076 3077
f 3077 1059 3075
f 1059 2734 3075
f 1058 2734 1059
f 1058 1059 1060
f 1047 1058 1060
f 1060 2955 1047
f 1047 2955 3028
f 3028 1899 1047
f 1047 1899 1045
f 1045 1046 1047
f 221 1046 1045
f 291 221 1045
f 1045 2289 291
f 2289 3161 291
f 3017 291 3161
f 1550 3017 3161
f 1451 1550 3161
f 3161 3706 1451
f 3706 1452 1451
f 1451 1452 1453
f 1453 2283 1451
f 1444 1451 2283
f 2283 3019 1444
f 3019 1984 1444
f 1984 1445 1444
f 1444 1445 1397
f 1444 1397 1550
f 1550 1397 3016
f 3016 1397 1396
f 1396 1761 3016
f 3016 1761 1225
f 1225 3017 3016
f 1225 3020 3017
f 3020 1225 222
f 222 291 3020
f 222 1225 1226
f 1761 1926 1225
f 2114 1225 1926
f 1216 1926 1761
f 884 1216 1761
f 1926 1216 1215
f 1215 1216 1217
f 285 1215 1217
f 1217 286 285
f 223 285 286
f 286 224 223
f 223 224 225
f 223 225 3025
f 1140 3025 225
f 225 3671 1140
f 225 967 3671
f 966 967 225
f 966 1102 967
f 3146 967 1102
f 1102 1101 3146
f 960 1102 966
f 224 960 966
f 959 960 224
f 959 3170 960
f 3170 1103 960
f 1102 960 1103
f 225 224 966
f 286 959 224
f 1191 285 223
f 1216 286 1217
f 1216 3128 286
f 1761 1396 884
f 884 1396 1397
f 2075 884 1397
f 1397 1445 2075
f 1445 1385 2075
f 885 2075 1385
f 885 1385 1387
f 1385 1386 1387
f 3246 1387 1386
f 3246 1386 3221
f 1318 3246 3221
f 1318 3221 1491
f 1463 1318 1491
f 1491 3215 1463
f 3215 1464 1463
f 3215 3002 1464
f 2221 1464 3002
f 3239 2221 3002
f 3002 3567 3239
f 3239 3567 1742
f 673 3239 1742
f 673 1742 1743
f 2049 673 1743
f 2049 1743 987
f 987 158 2049
f 159 2049 158
f 158 125 159
f 124 159 125
f 124 125 126
f 126 1688 124
f 1514 124 1688
f 1688 3098 1514
f 1514 3098 3099
f 1514 3099 3102
f 705 1514 3102
f 705 3102 672
f 705 672 1843
f 1842 705 1843
f 671 1842 1843
f 2049 1842 671
f 704 705 1842
f 1842 159 704
f 704 124 705
f 1843 672 671
f 671 672 673
f 2220 672 3102
f 3102 3039 2220
f 1316 2220 3039
f 3039 1317 1316
f 1316 1317 1318
f 1316 1318 1464
f 3039 3201 1317
f 3201 402 1317
f 1306 1317 402
f 402 1307 1306
f 1305 1306 1307
f 1307 403 1305
f 402 403 1307
f 402 359 403
f 358 403 359
f 358 359 360
f 360 2985 358
f 358 2985 643
f 358 643 3136
f 2985 1726 643
f 2985 460 1726
f 1726 460 3065
f 3065 1582 1726
f 1726 1582 1537
f 1726 1537 644
f 1582 1581 1537
f 1537 1581 2993
f 1537 2993 8
f 1537 8 7
f 7 8 9
f 9 8 42
f 41 9 42
f 42 2990 41
f 2870 41 2990
f 2990 2002 2870
f 2148 2870 2002
f 2002 1213 2148
f 3267 2148 1213
f 1213 1831 3267
f 1830 3267 1831
f 1830 1831 1313
f 1830 1313 1644
f 1644 607 1830
f 1830 607 2873
f 608 2873 607
f 607 569 608
f 568 608 569
f 568 569 570
f 3082 568 570
f 570 2437 3082
f 3082 2437 2032
f 2437 2882 2032
f 1492 2032 2882
f 1490 1492 2882
f 1490 2882 1900
f 1742 1490 1900
f 1742 1900 1901
f 1742 1901 3159
f 3159 1901 987
f 1900 987 1901
f 1900 1019 987
f 1019 1020 987
f 987 1020 988
f 987 988 989
f 989 988 3163
f 989 3163 1858
f 1689 989 1858
f 1689 1858 3115
f 1689 3115 1688
f 3115 3641 1688
f 1858 3641 3115
f 1859 3641 1858
f 1858 1606 1859
f 1859 1606 3111
f 784 1859 3111
f 3111 2240 784
f 784 2240 785
f 784 785 751
f 750 784 751
f 750 751 752
f 750 752 3058
f 3099 750 3058
f 3039 3099 3058
f 3058 752 3059
f 3058 3059 3201
f 752 1818 3059
f 3059 1818 402
f 752 1715 1818
f 1818 1715 360
f 1715 3056 360
f 1715 3067 3056
f 3067 460 3056
f 3067 504 460
f 504 505 460
f 505 458 460
f 458 459 460
f 458 3064 459
f 459 3064 3065
f 3064 1583 3065
f 3064 2177 1583
f 2177 2178 1583
f 2178 1581 1583
f 2177 1666 2178
f 3204 2178 1666
f 1665 3204 1666
f 988 1665 1666
f 988 1666 2176
f 988 2176 3423
f 3424 988 3423
f 3423 3383 3424
f 3424 3383 3382
f 3382 2241 3424
f 2132 3424 2241
f 1608 2132 2241
f 1608 2241 2240
f 1608 2131 2132
f 2131 988 2132
f 988 2131 1607
f 3578 988 1607
f 3578 1607 1606
f 3163 3578 1606
f 1606 1607 1608
f 1607 2131 1608
f 3382 505 2241
f 3382 3384 505
f 3382 3383 3384
f 3384 3383 3423
f 3384 3423 3064
f 988 3424 2132
f 2177 3423 2176
f 1303 1665 988
f 1219 1303 988
f 1219 988 1220
f 1219 1220 1304
f 1220 2417 1304
f 1212 1304 2417
f 2417 1312 1212
f 1312 1313 1212
f 1212 1313 1213
f 1212 1213 1214
f 1214 1304 1212
f 1214 1303 1304
f 1303 1214 3194
f 2990 3194 1214
f 1312 2417 1220
f 1642 1312 1220
f 1643 1642 1220
f 1309 1643 1220
f 1020 1309 1220
f 1309 1020 2436
f 1309 2436 2437
f 1643 1309 570
f 1643 570 1644
f 1642 1643 1644
f 1642 1644 1312
f 1303 1219 1304
f 1665 1303 3194
f 3194 42 1665
f 3204 1665 42
f 2178 3204 2993
f 1666 2177 2176
f 3423 2177 3064
f 3064 458 3384
f 505 3384 458
f 2241 505 504
f 785 2241 504
f 785 504 1715
f 1715 504 3067
f 751 1715 752
f 751 785 1715
f 2240 2241 785
f 1608 2240 3111
f 1859 784 750
f 1606 1608 3111
f 3641 1859 750
f 3641 750 3098
f 1689 126 989
f 989 126 158
f 1606 1858 3163
f 3578 3163 988
f 1020 1220 988
f 1019 2436 1020
f 2436 1019 2882
f 1019 1900 2882
f 1490 1491 1492
f 1491 1672 1492
f 1672 2032 1492
f 1672 3279 2032
f 2032 3279 1702
f 1702 568 2032
f 1702 2017 568
f 2016 568 2017
f 2016 2017 3455
f 3455 2284 2016
f 2149 2016 2284
f 2149 2284 2150
f 1623 2149 2150
f 1623 2150 3029
f 3029 3077 1623
f 3077 3086 1623
f 1623 3086 1624
f 1622 1623 1624
f 1622 1624 2148
f 2194 2148 1624
f 2230 1623 1622
f 2230 1622 2873
f 2873 1622 3267
f 3028 3029 2150
f 1453 3028 2150
f 2230 2149 1623
f 2150 2284 1453
f 2016 2149 2230
f 2016 2230 608
f 3455 2283 2284
f 1704 2283 3455
f 1704 3455 2017
f 1704 2017 1702
f 1702 1703 1704
f 1704 1703 1992
f 1984 1704 1992
f 1992 1703 1385
f 3461 1385 1703
f 3279 3461 1703
f 3569 3461 3279
f 3569 1386 3461
f 1672 1386 3569
f 1702 3279 1703
f 3279 1672 3569
f 2437 2436 2882
f 2437 570 1309
f 2032 568 3082
f 568 2016 608
f 569 607 570
f 608 2230 2873
f 570 607 1644
f 1312 1644 1313
f 2873 3267 1830
f 1313 1831 1213
f 2148 3267 1622
f 2002 1214 1213
f 2194 2870 2148
f 2990 1214 2002
f 2870 1829 41
f 2990 42 3194
f 9 41 1829
f 42 8 3204
f 8 2993 3204
f 2993 1581 2178
f 1581 1582 1583
f 1582 3065 1583
f 459 3065 460
f 2985 3056 460
f 360 3056 2985
f 1818 360 359
f 3136 403 358
f 402 1818 359
f 1306 3246 1317
f 3059 402 3201
f 3201 3039 3058
f 2220 1316 1464
f 672 2220 2221
f 3102 3099 3039
f 3098 750 3099
f 1688 3641 3098
f 1514 705 124
f 1688 126 1689
f 704 159 124
f 125 158 126
f 159 1842 2049
f 989 158 987
f 1743 3159 987
f 671 673 2049
f 1742 3159 1743
f 672 3239 673
f 3567 1490 1742
f 3002 1490 3567
f 3239 672 2221
f 2221 2220 1464
f 3002 3215 1490
f 1490 3215 1491
f 1463 1464 1318
f 1672 1491 3221
f 3246 1318 1317
f 3221 1386 1672
f 1387 3246 1306
f 1306 1998 1387
f 1386 1385 3461
f 1445 1992 1385
f 1984 1992 1445
f 1984 3019 1704
f 3019 2283 1704
f 2283 1453 2284
f 1452 3028 1453
f 1452 3706 3028
f 3161 2087 3706
f 1899 3706 2087
f 1550 1451 1444
f 3016 3017 1550
f 291 3017 3020
f 2289 2087 3161
f 2087 2289 1045
f 222 221 291
f 220 221 222
f 1045 1899 2087
f 3028 3706 1899
f 3028 2955 3029
f 3029 2955 1059
f 1046 1058 1047
f 1058 1046 521
f 521 1647 1058
f 521 2153 1647
f 1647 2153 355
f 1647 355 1648
f 356 355 2153
f 2162 356 2153
f 2153 2152 2162
f 356 2162 407
f 407 408 356
f 355 356 357
f 2152 2153 521
f 520 2152 521
f 522 521 1046
f 1060 1059 2955
f 2734 1058 1647
f 3077 3029 1059
f 1592 1593 3075
f 2733 1592 3075
f 3077 3076 3086
f 1592 624 1593
f 3599 624 1592
f 1592 2116 3599
f 1129 3599 2116
f 869 1129 2116
f 869 2116 1592
f 1915 624 3599
f 1914 624 1915
f 3086 2194 1624
f 2194 626 2870
f 1914 625 624
f 1829 2870 626
f 7 9 1829
f 2944 625 1914
f 1914 1913 2944
f 3543 2944 1913
f 644 1537 7
f 1726 644 643
f 645 2944 3543
f 3136 643 3137
f 403 3136 1305
f 1306 1305 1998
f 1387 1998 885
f 884 2075 885
f 884 1875 1216
f 1216 1875 3128
f 893 883 1916
f 3128 959 286
f 894 893 1916
f 895 3170 959
f 3543 3176 894
f 3176 3543 1913
f 3170 3177 1103
f 1101 1102 1103
f 1913 1914 1915
f 3146 1101 1130
f 3599 1129 1915
f 3146 1130 1909
f 967 3146 1909
f 3671 967 1140
f 3025 1140 1139
f 1141 3169 3241
f 3025 1139 3325
f 223 3025 1191
f 1880 1437 1436
f 1192 1437 1429
f 855 1192 1429
f 1190 285 1191
f 854 1192 855
f 853 854 855
f 855 1879 853
f 1215 285 1190
f 2114 1926 1215
f 853 2115 854
f 2106 2115 853
f 1226 1225 2114
f 222 1226 220
f 1636 3358 1678
f 2648 1636 1678
f 1677 2648 1678
f 1676 1677 1678
f 1677 1365 2648
f 2647 2648 1365
f 1677 3182 1365
f 2648 2647 1636
f 220 598 221
f 1046 221 522
f 520 521 522
f 1635 1636 2647
f 2647 272 274
f 520 2162 2152
f 2162 2161 407
f 407 2161 3339
f 1284 407 3339
f 1553 1695 1697
f 408 407 1284
f 1695 1696 1697
f 1695 2666 1696
f 1696 2666 631
f 2666 3225 631
f 691 3225 2666
f 357 356 408
f 1696 631 633
f 631 632 633
f 357 1648 355
f 1648 2734 1647
f 3075 2734 2733
f 633 632 2732
f 2733 869 1592
f 870 632 631
f 869 868 1129
f 938 3169 868
f 870 631 937
f 631 3225 937
f 938 3241 3169
f 1997 3225 691
f 3241 1273 1203
f 1273 1427 1274
f 1427 1989 1274
f 634 1989 3242
f 1373 2081 634
f 1429 2080 1373
f 1372 593 1428
f 1429 1879 855
f 3277 1428 593
f 1879 2106 853
f 2115 2106 2105
f 3359 2105 1935
f 1678 1935 1676
f 3182 1677 1676
f 1365 3182 946
f 1365 272 2647
f 272 273 274
f 1185 273 1186
f 1933 1186 1934
f 1765 3262 3021
f 1765 3021 1766
f 1765 1766 934
f 1752 934 1766
f 935 934 1752
f 1752 603 935
f 1752 3491 603
f 3491 602 603
f 602 3491 1895
f 307 602 1895
f 602 307 257
f 3021 1895 3491
f 1895 3021 308
f 3491 1752 3021
f 933 934 935
f 935 1894 933
f 718 933 1894
f 718 3209 933
f 3149 1894 935
f 3209 934 933
f 1766 3021 1752
f 3406 3021 3262
f 3209 1765 934
f 3261 3465 1934
f 1934 3465 1933
f 1973 1933 1282
f 3208 3209 718
f 1894 719 718
f 1894 1362 719
f 1362 1894 1363
f 1361 1362 1363
f 720 1554 1282
f 719 1362 3454
f 1554 1695 1553
f 691 2666 1695
f 1362 692 3454
f 691 690 1997
f 690 3559 1997
f 3243 3559 3645
f 3243 3645 3398
f 1362 1361 692
f 1826 1361 1566
f 3243 3398 182
f 2530 1826 2531
f 152 1116 182
f 150 151 152
f 183 2529 143
f 636 635 150
f 636 1029 2213
f 1029 1028 591
f 1027 142 1104
f 2059 1028 525
f 523 63 524
f 2535 2027 524
f 2028 2059 525
f 425 3094 2027
f 425 3095 3094
f 481 3094 3095
f 481 3095 696
f 3414 696 3095
f 2028 483 592
f 482 481 696
f 483 3277 592
f 3516 2104 3277
f 1844 1846 3516
f 1837 482 696
f 1844 1845 1846
f 947 1845 3475
f 1837 696 1838
f 1838 696 3420
f 803 947 3475
f 1963 801 1838
f 1963 1838 383
f 383 391 1963
f 1963 391 801
f 801 391 1961
f 1961 391 390
f 390 391 392
f 1268 803 802
f 1960 1961 390
f 768 2008 1268
f 390 766 1960
f 766 390 493
f 768 767 2008
f 1786 767 1787
f 493 492 766
f 3406 3262 1787
f 3406 308 3021
f 308 307 1895
f 309 2980 2981
f 2980 70 2981
f 2512 2981 70
f 72 2512 70
f 70 71 72
f 3476 72 71
f 70 1728 71
f 1814 71 1728
f 1729 1728 70
f 1727 1728 1729
f 1720 2512 72
f 1719 1720 72
f 1720 1719 3154
f 1720 3154 2513
f 3154 2511 2513
f 2511 2512 2513
f 2513 2512 1720
f 2980 1729 70
f 2511 2981 2512
f 258 257 307
f 602 257 603
f 603 3149 935
f 3149 1363 1894
f 1363 1566 1361
f 1496 1565 1025
f 1025 1026 1496
f 1025 994 1026
f 1826 1566 1827
f 3288 1496 1026
f 1026 993 3288
f 2531 1826 1827
f 2529 2530 2531
f 2529 3155 143
f 3155 88 1104
f 3381 87 86
f 1105 1104 88
f 87 1015 1016
f 1105 63 523
f 64 1016 1015
f 524 63 2535
f 2535 426 2027
f 1518 1114 1113
f 1113 1114 1115
f 1115 1854 1113
f 1115 3109 1854
f 1854 3109 381
f 3035 3109 1115
f 3035 3110 3109
f 3109 3110 3053
f 3109 3053 382
f 3110 777 3053
f 777 3110 775
f 775 776 777
f 775 3110 2764
f 3036 1115 1114
f 424 1113 1854
f 426 425 2027
f 1854 1853 424
f 3095 425 3414
f 381 1853 1854
f 3420 696 3414
f 3420 383 1838
f 381 3109 382
f 383 392 391
f 3053 3054 382
f 3060 3054 3053
f 2756 3054 3060
f 392 493 390
f 491 492 493
f 1962 491 2761
f 1729 2980 2761
f 3060 2760 2756
f 3060 3053 777
f 776 1819 777
f 1727 1729 2321
f 1814 1728 1727
f 1814 3476 71
f 2773 72 3476
f 2773 3116 72
f 72 3116 1719
f 2349 1516 1719
f 2347 2779 2348
f 2348 2779 3216
f 3162 2349 3634
f 3162 3829 2349
f 3829 1517 2349
f 857 3633 858
f 3633 3141 858
f 859 3162 3634
f 3829 3162 1089
f 1517 3829 1089
f 1088 3592 3160
f 3716 3160 3592
f 3715 3160 3716
f 3714 3715 3716
f 3714 3716 3841
f 3584 3714 3841
f 3584 3841 3710
f 3710 3585 3584
f 3585 3710 2730
f 3841 3716 3710
f 3710 3716 2731
f 3714 3717 3715
f 3717 3719 3715
f 3717 3718 3719
f 3718 3851 3719
f 3851 3160 3719
f 3718 3550 3851
f 3550 3718 1108
f 3078 3718 3717
f 3768 3078 3717
f 1493 3078 3768
f 3717 3714 3768
f 3714 1693 3768
f 3160 3715 3719
f 3160 3851 3550
f 1517 1516 2349
f 3154 1719 1516
f 2511 3154 1486
f 3550 1484 1515
f 1486 1485 259
f 1107 3336 1485
f 3550 1108 1484
f 1107 1106 1025
f 1108 3718 3078
f 994 1025 1106
f 993 1026 994
f 3074 3288 993
f 2815 3074 2816
f 1493 995 3078
f 1494 1493 3768
f 1692 1494 3768
f 2246 2816 1495
f 2983 2816 2246
f 2983 1569 2816
f 2979 64 1569
f 2712 2982 2248
f 2979 2978 62
f 2744 3422 2978
f 2986 2745 2712
f 2745 2986 3153
f 2744 2743 3422
f 2743 2301 3422
f 3153 2747 2745
f 1675 2438 2825
f 1675 3917 2438
f 3919 2438 3917
f 2718 3919 3917
f 3919 2718 3092
f 3092 3096 3919
f 2438 3919 3720
f 3929 3720 3919
f 2337 3929 3919
f 3929 2827 3720
f 3934 2827 3929
f 3934 3929 3100
f 3934 3100 2828
f 2718 3917 1675
f 2438 3720 2303
f 2743 2302 2301
f 2303 3720 2827
f 2301 3037 3422
f 1114 3037 2829
f 3934 2828 2827
f 2829 3036 1114
f 1115 3036 3035
f 3110 3035 2764
f 2828 3100 2762
f 2764 776 775
f 1819 776 2769
f 2769 3616 3639
f 3639 3616 3612
f 3001 3639 3612
f 3616 2338 3612
f 3100 2763 2762
f 2337 3100 3929
f 2338 3616 2339
f 3096 2337 3919
f 3097 3612 2338
f 3093 2263 3612
f 3092 3091 3096
f 2718 2717 3092
f 3070 2723 789
f 2719 2263 3093
f 2261 3809 2262
f 2262 3809 3980
f 3730 2262 3980
f 2789 3730 3980
f 2789 2792 3730
f 2792 3731 3730
f 3730 3731 2997
f 2792 3988 3731
f 3217 3731 3988
f 3570 3980 3809
f 3001 3612 2263
f 2262 3730 3000
f 3606 3639 3001
f 3606 2775 2774
f 3730 2997 3000
f 2780 2775 2998
f 3731 3217 2997
f 2779 2780 3216
f 3988 3600 3217
f 3988 2449 3600
f 2449 3988 3126
f 2348 3216 3213
f 3213 2835 3113
f 2449 2448 3600
f 3108 2835 2450
f 1509 1508 3108
f 2836 1507 1509
f 3151 3633 1507
f 3633 3151 2801
f 3151 2799 2382
f 2551 2381 2380
f 2381 4014 3142
f 3804 3142 4014
f 3788 3804 4014
f 3788 4014 4019
f 3319 3788 4019
f 3319 3787 3788
f 4023 3788 3787
f 4025 4023 3787
f 3787 4027 4025
f 4028 4025 4027
f 4028 4027 3492
f 3488 4028 3492
f 3686 3488 3492
f 3686 3492 3298
f 3298 3492 3494
f 4037 3298 3494
f 3494 4041 4037
f 4037 4041 4044
f 4037 4044 4047
f 2884 4037 4047
f 2884 4047 4053
f 4053 4047 4057
f 3694 4053 4057
f 4057 4059 3694
f 3694 4059 3795
f 3694 3795 3692
f 3692 3693 3694
f 4068 3694 3693
f 4068 3693 3335
f 2885 3694 4068
f 4074 2885 4068
f 4074 4068 3334
f 3238 4074 3334
f 3693 3692 227
f 3693 227 287
f 3549 3692 3795
f 4059 3796 3795
f 3795 3796 394
f 4085 3796 4059
f 4085 3355 3796
f 4057 4085 4059
f 4057 3699 4085
f 3699 3356 4085
f 3698 3356 3699
f 3698 3699 3700
f 3698 3700 4094
f 4094 4096 3698
f 4096 3560 3698
f 4096 4094 3315
f 3315 4101 4096
f 2908 4096 4101
f 3315 4094 3707
f 3708 3707 4094
f 3708 4094 4108
f 4041 3708 4108
f 3493 3708 4041
f 3493 3564 3708
f 3787 3564 3493
f 3707 3708 3564
f 4108 4094 3700
f 3700 3699 4108
f 4044 4108 3699
f 3698 3560 3356
f 4044 3699 4057
f 3694 2885 4053
f 2960 4037 2884
f 4057 4047 4044
f 4044 4041 4108
f 3494 3493 4041
f 3492 3493 3494
f 3497 3488 3686
f 3497 3686 3297
f 3497 3297 3496
f 3496 3489 3497
f 3489 3496 4137
f 3489 4137 3490
f 3488 3489 3490
f 3490 3502 3488
f 3488 3502 4025
f 3502 3490 3018
f 3018 3501 3502
f 3502 3501 4023
f 3501 4143 4023
f 3501 2287 4143
f 2287 3804 4143
f 2819 3490 4137
f 3709 2819 4137
f 3529 2819 3709
f 3709 4137 3496
f 3496 2903 3709
f 3709 2903 2864
f 3489 3488 3497
f 3492 4027 3493
f 3488 4025 4028
f 4027 3787 3493
f 4023 4025 3502
f 3788 4023 4143
f 4143 3804 3788
f 4019 4014 2381
f 2381 2550 4019
f 2382 2801 3151
f 3804 3596 3142
f 2418 3596 3804
f 2801 2800 3633
f 3141 3633 2800
f 858 3141 1087
f 3592 1088 1087
f 2731 3716 3592
f 2731 2730 3710
f 2738 2729 3596
f 3586 2730 2737
f 2737 4168 3586
f 4168 2737 2286
f 4172 4168 2286
f 2846 4168 4172
f 2738 3596 2418
f 2286 2737 2817
f 2287 2418 3804
f 2285 4172 2286
f 3011 4172 2285
f 3018 2287 3501
f 2819 3018 3490
f 2285 3012 3011
f 3011 2847 4172
f 2468 2845 3228
f 2927 2845 2468
f 2847 2846 4172
f 3165 2845 2614
f 2846 3586 4168
f 2730 3586 3585
f 3164 3584 3585
f 3584 2668 3714
f 3714 2668 1693
f 1692 3768 1693
f 1494 1692 1690
f 595 2708 1690
f 594 2247 595
f 2672 509 511
f 594 3153 2986
f 2747 3153 3084
f 3084 3083 2747
f 3511 3579 3085
f 2650 2825 3083
f 2825 2650 1675
f 790 2718 1675
f 790 789 2723
f 1673 791 3579
f 789 485 3070
f 3070 3574 3003
f 3138 2654 3276
f 3574 2261 3003
f 3139 3138 3276
f 3809 2261 3570
f 3980 3570 2789
f 2362 3135 3474
f 2789 2361 2792
f 2974 2791 2790
f 2792 3126 3988
f 3126 3180 2449
f 2449 3180 3179
f 2449 3179 2401
f 2400 2837 2401
f 3206 2400 3150
f 3150 2807 3148
f 3566 3148 2807
f 3321 3148 3566
f 3321 2551 2380
f 2551 2550 2381
f 2550 3319 4019
f 3787 3319 3564
f 3315 3707 3564
f 3320 2549 3316
f 3314 4101 3315
f 2907 3316 2549
f 3314 2908 4101
f 2896 2891 2907
f 4096 2908 3560
f 2581 3356 3560
f 4085 3356 3355
f 3796 3355 3555
f 3405 3796 3555
f 2579 3330 2580
f 2579 1164 3330
f 3555 3353 362
f 362 3405 3555
f 3405 394 3796
f 3549 3795 394
f 3692 3549 227
f 287 227 288
f 3335 3693 287
f 3334 4068 3335
f 245 275 243
f 276 275 2324
f 277 3238 3334
f 2879 3237 2956
f 3238 2881 4074
f 4074 2881 2885
f 2884 4053 2885
f 2956 2880 2879
f 2884 2534 2533
f 2533 2960 2884
f 4037 2960 3298
f 3297 3686 3298
f 3496 3297 2899
f 2897 2959 2958
f 2897 2532 2898
f 2903 3496 2899
f 2860 2903 2902
f 2898 2532 2667
f 3349 2860 2902
f 2956 2565 2667
f 3349 2567 3346
f 2566 2565 2479
f 3347 2566 3244
f 3244 3533 3347
f 3533 3244 239
f 239 4296 3533
f 3658 3533 4296
f 3658 4296 389
f 389 4302 3658
f 3678 3658 4302
f 4305 3678 4302
f 4308 4305 4302
f 4308 4310 4305
f 4310 3749 4305
f 4305 3749 3751
f 3751 4314 4305
f 4305 4314 3679
f 3679 4314 4318
f 3679 4318 4319
f 4319 3657 3679
f 3657 3678 3679
f 3657 4319 3344
f 3344 4319 4323
f 4323 4319 4324
f 4324 3643 4323
f 4323 3643 3345
f 3345 3643 3777
f 3643 3642 3777
f 3777 3642 3684
f 3683 3777 3684
f 3683 3684 3685
f 2859 3683 3685
f 3684 2494 3685
f 3684 3664 2494
f 3684 3525 3664
f 3777 3683 2858
f 3642 3525 3684
f 1700 3525 3642
f 1700 3642 3644
f 3642 3643 3644
f 4340 3644 3643
f 4340 4342 3644
f 4342 2229 3644
f 4340 4345 4342
f 4342 4345 4348
f 4348 2225 4342
f 4348 4351 2225
f 3751 4351 4348
f 4351 3751 2778
f 2778 3751 3739
f 3652 2778 3739
f 3653 3652 3739
f 3739 4356 3653
f 3653 4356 4358
f 4358 4362 3653
f 1467 3653 4362
f 1467 3646 3653
f 1470 3646 1467
f 4362 4358 4366
f 255 4362 4366
f 4366 4370 255
f 4373 4370 4366
f 4356 4373 4366
f 4373 4356 3749
f 4376 4373 3749
f 4373 4376 1568
f 3750 3749 4356
f 1568 4370 4373
f 4362 255 2483
f 4366 4358 4356
f 3750 4356 3739
f 3652 3653 3646
f 3652 3646 1469
f 3652 2007 2778
f 3750 3739 3751
f 4318 4348 4345
f 4318 4345 4324
f 4324 4345 4340
f 4324 4340 3643
f 4324 4319 4318
f 4318 4314 4348
f 4314 3751 4348
f 3749 3750 3751
f 4376 3749 4310
f 4310 4308 4376
f 325 4376 4308
f 4305 3679 3678
f 3678 3657 3658
f 389 4308 4302
f 3657 3533 3658
f 3344 3533 3657
f 2567 3348 3346
f 3344 4323 3345
f 3345 3777 2858
f 3346 2860 3349
f 2859 2858 3683
f 2864 2903 2860
f 2859 3685 2863
f 2864 3529 3709
f 2818 2819 3529
f 2818 2493 2469
f 2863 3685 2494
f 2492 3231 2493
f 3664 3260 2494
f 3259 3234 2492
f 3234 3259 3453
f 3259 3256 2965
f 3664 3525 3260
f 1700 3254 3525
f 3256 3520 2965
f 3520 2964 2966
f 3460 2649 2683
f 2649 3460 4422
f 1628 4422 3460
f 2964 2682 2966
f 2965 3520 2966
f 3259 2965 3453
f 3234 3453 3517
f 3399 2967 3389
f 3517 3235 3234
f 3400 3399 3389
f 3235 3515 3233
f 2468 3515 2927
f 2614 2845 2927
f 2614 2613 3165
f 511 510 2613
f 2672 511 2929
f 2612 2930 3393
f 2928 2672 2929
f 3389 2930 3400
f 3511 3085 2928
f 2967 2869 3389
f 3511 2868 3579
f 3579 2868 1673
f 3459 2681 2869
f 1673 2874 486
f 2681 2683 2649
f 4422 2514 2649
f 4422 4440 2514
f 4440 4442 2514
f 2514 4442 2946
f 4442 4440 2615
f 4444 4442 2615
f 4442 4444 3473
f 3473 4444 3759
f 3759 4444 3760
f 3758 3759 3760
f 2607 3758 3760
f 2768 2607 3760
f 3758 3507 3759
f 3758 2191 3507
f 2768 3760 4444
f 1627 4440 4422
f 2516 484 486
f 2654 484 3276
f 2946 2515 2514
f 3139 3276 2947
f 3135 3139 3272
f 4442 3473 2946
f 3272 3474 3135
f 3133 2362 3474
f 3759 3507 3473
f 3133 2974 2790
f 2974 2701 2791
f 3178 2701 2700
f 2026 3469 2699
f 2026 2976 3469
f 2700 3506 3178
f 2805 3506 2977
f 3469 2976 2975
f 2402 2977 3407
f 2402 3407 3172
f 3172 2806 2808
f 1246 2895 2806
f 1245 2895 1246
f 1271 1244 2759
f 1270 2892 1245
f 2443 3808 3495
f 3805 3495 3808
f 3808 3806 3805
f 1637 3805 3806
f 1637 3806 4336
f 3806 3807 4336
f 3807 4341 4336
f 4336 4341 1277
f 2694 4341 3807
f 2694 2624 4341
f 1286 3805 1637
f 1286 4349 3805
f 4349 1286 1163
f 3807 3806 3808
f 2237 3807 3808
f 4349 3495 3805
f 3495 4349 2419
f 3808 2443 2237
f 1269 3401 1270
f 2911 2891 1270
f 2911 3360 2912
f 3340 3495 2419
f 3360 1208 2579
f 1163 2419 4349
f 2579 1208 1165
f 1164 2579 1165
f 2422 1164 1188
f 3330 1164 2422
f 363 3330 3484
f 404 364 3484
f 2920 405 404
f 3190 2920 2598
f 3190 3425 370
f 3425 393 395
f 393 3477 228
f 2921 2936 3196
f 228 3477 229
f 289 229 2634
f 289 2634 2633
f 2937 289 2633
f 245 244 2937
f 245 2317 275
f 2318 2938 3202
f 2324 275 2317
f 2850 276 2324
f 2757 313 2850
f 2323 2316 3468
f 2033 3433 2350
f 3433 2023 3452
f 3468 2022 2021
f 2318 3202 2022
f 2023 3426 3452
f 3202 3416 2029
f 2029 2936 2030
f 2243 3426 2031
f 2030 2922 528
f 2242 2776 2243
f 2242 2250 3421
f 3413 3421 2709
f 3408 3412 2692
f 2720 3408 2692
f 2692 4482 2720
f 4482 812 2720
f 2300 3408 2266
f 2299 2298 3413
f 2304 3413 2298
f 2304 2053 3451
f 2053 2440 2054
f 3404 2440 2746
f 2055 3447 3404
f 2055 2446 2060
f 3443 2446 2334
f 3443 2334 2341
f 3397 4238 1876
f 4237 1876 4238
f 4237 4238 3815
f 3814 4237 3815
f 3813 3814 3815
f 3813 3815 4239
f 3813 4239 4240
f 3813 4240 3723
f 4240 3724 3723
f 3723 3724 3725
f 3725 4357 3723
f 3723 4357 3814
f 783 3814 4357
f 783 4357 4365
f 4365 4357 3725
f 4365 3725 2875
f 3725 3724 991
f 501 991 3724
f 3724 4372 501
f 3724 4371 4372
f 4495 4372 4371
f 4371 4253 4495
f 4253 1684 4495
f 4208 1684 4253
f 4208 4253 3817
f 3781 4208 3817
f 3781 3817 3818
f 3818 4433 3781
f 4496 3781 4433
f 4496 4433 4438
f 3782 4496 4438
f 4438 4439 3782
f 3820 3782 4439
f 4439 4497 3820
f 3820 4497 4197
f 3820 4197 3132
f 3132 3819 3820
f 3132 4007 3819
f 4007 4448 3819
f 3732 3819 4448
f 4448 3733 3732
f 3732 3733 3734
f 3732 3734 4203
f 4203 3783 3732
f 3783 3782 3732
f 3781 3782 3783
f 4203 4208 3783
f 4203 3734 4208
f 3734 4216 4208
f 3734 4214 4216
f 4214 4215 4216
f 1684 4216 4215
f 4214 3687 4215
f 3687 2394 4215
f 4219 3687 4214
f 4219 3688 3687
f 2395 3687 3688
f 4298 3688 4219
f 4297 4298 4219
f 4297 4219 4502
f 4502 3733 4297
f 4297 3733 3786
f 4297 3786 3785
f 3784 3785 3786
f 4200 3784 3786
f 3786 4313 4200
f 4312 4200 4313
f 4506 4312 4313
f 4313 4024 4506
f 4243 4506 4024
f 4024 3531 4243
f 3531 3954 4243
f 4243 3954 3812
f 4243 3812 3960
f 3960 4242 4243
f 3790 4243 4242
f 4242 3791 3790
f 3789 3790 3791
f 4251 3789 3791
f 4251 3791 4429
f 4258 4251 4429
f 4429 4075 4258
f 4258 4075 4182
f 4182 4431 4258
f 4431 4263 4258
f 3793 4258 4263
f 3702 3793 4263
f 4263 3703 3702
f 3701 3702 3703
f 3703 4122 3701
f 3701 4122 4183
f 3701 4183 4411
f 4411 4190 3701
f 3793 3701 4190
f 3793 4190 3794
f 3789 3793 3794
f 3789 3794 4193
f 3794 4194 4193
f 4193 4194 4195
f 4193 4195 4312
f 4194 4509 4195
f 4509 4199 4195
f 4195 4199 4200
f 4509 4510 4199
f 4199 4510 3784
f 4510 2427 3784
f 4279 3784 2427
f 3650 4279 2427
f 3650 2427 3651
f 3649 3650 3651
f 3649 3651 4286
f 4514 3649 4286
f 4286 4290 4514
f 4290 1415 4514
f 4290 4291 1415
f 4291 3030 1415
f 3026 3030 4291
f 4291 3049 3026
f 3049 3048 3026
f 3022 3026 3048
f 3026 3022 3027
f 3027 3022 4379
f 3027 4379 3031
f 3030 3027 3031
f 1985 3030 3031
f 3031 4379 1441
f 3024 4379 3022
f 3022 3023 3024
f 3024 3023 954
f 3022 3214 3023
f 4379 3024 1760
f 3047 3048 3049
f 3049 4391 3047
f 3047 4391 2583
f 4391 4392 2583
f 4391 4321 4392
f 3223 4392 4321
f 4321 3798 3223
f 4321 4322 3798
f 4322 4162 3798
f 4162 3799 3798
f 3798 3799 3800
f 3798 3800 3224
f 3224 3800 4331
f 3800 4526 4331
f 4331 4526 4332
f 4330 4331 4332
f 4332 4527 4330
f 4330 4527 3803
f 4330 3803 3712
f 4330 3712 3711
f 3226 4330 3711
f 3711 3712 3713
f 3713 4266 3711
f 3711 4266 3227
f 4266 3713 2545
f 3802 3713 3712
f 3713 3802 2546
f 3712 3803 3802
f 3801 3802 3803
f 3803 4271 3801
f 4273 3801 4271
f 4271 4272 4273
f 4272 4530 4273
f 4530 4534 4273
f 4273 4534 4276
f 4273 4276 4277
f 4277 4536 4273
f 4536 4277 4518
f 4536 4518 4087
f 4536 4087 3801
f 3801 4087 4088
f 4087 4537 4088
f 4088 4537 4092
f 4088 4092 3802
f 3802 4092 4093
f 3802 4093 3236
f 3236 4093 4098
f 4092 4098 4093
f 4092 4030 4098
f 4030 4104 4098
f 4104 4103 4098
f 3240 4098 4103
f 4103 4104 4105
f 3245 4103 4105
f 4105 2802 3245
f 2802 3761 3245
f 3761 3250 3245
f 3761 4011 3250
f 4011 4543 3250
f 3669 4543 4011
f 4010 3669 4011
f 4011 4544 4010
f 4010 4544 4013
f 4010 4013 3762
f 3762 4013 3763
f 3762 3763 3764
f 3762 3764 3498
f 3762 3498 4020
f 3762 4020 3669
f 3669 4020 3670
f 3668 3669 3670
f 3668 3670 3722
f 3721 3668 3722
f 4033 3721 3722
f 3722 3950 4033
f 3949 4033 3950
f 3948 3949 3950
f 4477 3948 3950
f 3670 4477 3950
f 4477 3444 3948
f 3773 3948 3444
f 3435 3773 3444
f 3435 3444 3436
f 3434 3435 3436
f 3966 3434 3436
f 3436 3442 3966
f 3441 3966 3442
f 3440 3441 3442
f 3440 3442 4060
f 3440 4060 3051
f 4070 3440 3051
f 4070 3051 4071
f 4069 4070 4071
f 4069 4071 4560
f 3766 4069 4560
f 3766 4560 3981
f 3766 3981 3767
f 3765 3766 3767
f 3767 4465 3765
f 3765 4465 3273
f 3765 3273 3448
f 3448 3450 3765
f 3448 3449 3450
f 3450 3449 3087
f 3087 4160 3450
f 3450 4160 3766
f 3087 4562 4160
f 4160 4562 4164
f 4160 4164 4069
f 4562 4254 4164
f 4254 4169 4164
f 4170 4164 4169
f 4169 3440 4170
f 4164 4170 4070
f 4169 4254 3695
f 4179 4169 3695
f 3695 3770 4179
f 3770 3434 4179
f 3769 3434 3770
f 3508 3769 3770
f 3508 3944 3769
f 3769 3944 3200
f 3769 3200 3867
f 3200 3736 3867
f 3736 4116 3867
f 3867 4116 3877
f 3867 3877 3434
f 3434 3877 3774
f 3877 3772 3774
f 3772 3773 3774
f 3772 3682 3773
f 3682 3881 3773
f 3674 3773 3881
f 3881 3672 3674
f 3672 3673 3674
f 3674 3673 3948
f 4026 3673 3672
f 4026 3672 4154
f 4154 4571 4026
f 4571 4032 4026
f 4032 4033 4026
f 2788 4032 4571
f 4571 4040 2788
f 4040 4571 4038
f 4038 4039 4040
f 4039 4051 4040
f 2365 4040 4051
f 4039 4052 4051
f 4051 4052 2195
f 4039 3776 4052
f 3775 4052 3776
f 2182 3775 3776
f 3776 3280 2182
f 2190 4052 3775
f 4150 3776 4039
f 4150 3290 3776
f 4039 4038 4150
f 4574 4150 4038
f 4574 4038 4154
f 3780 4574 4154
f 3780 4154 3778
f 3778 3779 3780
f 4158 3780 3779
f 4158 3779 3881
f 3681 3780 4158
f 4158 3682 3681
f 3680 3681 3682
f 3680 3682 3842
f 3735 3680 3842
f 3736 3735 3842
f 3199 3735 3736
f 3199 3847 3735
f 3847 3849 3735
f 3847 3551 3849
f 3551 3738 3849
f 3849 3738 3850
f 3849 3850 3680
f 3850 3855 3680
f 3850 3648 3855
f 3780 3855 3648
f 3648 2214 3780
f 3647 2214 3648
f 3971 3647 3648
f 3647 3971 2206
f 3648 3850 3971
f 3738 3971 3850
f 3738 3737 3971
f 3971 3737 3299
f 3553 3737 3738
f 3737 3553 4504
f 3737 4504 3979
f 3979 3303 3737
f 4582 3303 3979
f 3984 4582 3979
f 3545 4582 3984
f 3545 3984 3985
f 3610 3545 3985
f 3884 3610 3985
f 3985 3885 3884
f 3883 3884 3885
f 3885 3742 3883
f 3741 3883 3742
f 3740 3741 3742
f 3742 3892 3740
f 3892 4042 3740
f 4042 3903 3740
f 3902 3740 3903
f 3902 3903 3904
f 4139 3902 3904
f 3660 4139 3904
f 3660 3904 3909
f 3660 3909 3563
f 3660 3563 3661
f 3659 3660 3661
f 3821 3659 3661
f 3821 3661 3822
f 4072 3821 3822
f 4072 3822 3828
f 3747 4072 3828
f 3828 3748 3747
f 3746 3747 3748
f 3748 2994 3746
f 3834 3746 2994
f 3833 3834 2994
f 3833 2994 3845
f 3845 3838 3833
f 3837 3833 3838
f 3837 3838 3839
f 3839 3893 3837
f 3893 3941 3837
f 3941 3834 3837
f 3941 3691 3834
f 3691 3941 4590
f 3691 4590 3689
f 3689 3690 3691
f 3691 3690 3952
f 3691 3952 3746
f 3952 3959 3746
f 3959 3952 3690
f 3690 3958 3959
f 3293 3959 3958
f 3968 3293 3958
f 3968 3958 3505
f 3968 3505 3285
f 3285 3287 3968
f 3285 3286 3287
f 3286 3281 3287
f 3287 3281 3283
f 3287 3283 3293
f 3292 3293 3283
f 3283 4072 3292
f 3282 4072 3283
f 3281 3282 3283
f 3282 3281 3307
f 3282 3307 3309
f 3821 3282 3309
f 3307 3308 3309
f 3659 3309 3308
f 3308 4081 3659
f 4081 3308 4082
f 4082 3989 4081
f 4139 4081 3989
f 3989 3753 4139
f 3753 3989 3990
f 3990 4602 3753
f 4602 3754 3753
f 3753 3754 3755
f 3753 3755 3902
f 3374 3755 3754
f 3754 4000 3374
f 4002 3374 4000
f 4000 4001 4002
f 4605 4002 4001
f 4001 4004 4605
f 4003 4605 4004
f 3666 4003 4004
f 3666 4004 3667
f 3665 3666 3667
f 3665 3667 3013
f 3914 3665 3013
f 3922 3914 3013
f 3922 3013 4540
f 3922 4540 3756
f 3757 3922 3756
f 3756 3311 3757
f 3757 3311 3924
f 3924 3930 3757
f 3757 3930 3931
f 3930 3938 3931
f 3914 3931 3938
f 3938 3937 3914
f 3937 3938 3939
f 3939 4399 3937
f 4399 4610 3937
f 3937 4610 3666
f 4610 4410 3666
f 4410 4610 4398
f 4394 4410 4398
f 4400 4394 4398
f 4398 4399 4400
f 4400 4285 4394
f 4394 4285 4395
f 4587 4394 4395
f 4395 3332 4587
f 3332 4612 4587
f 4612 4401 4587
f 4410 4587 4401
f 4410 4401 4003
f 4003 4401 4402
f 4401 3375 4402
f 4402 3375 3374
f 3374 3375 3376
f 3376 4346 3374
f 3376 4338 4346
f 4338 4347 4346
f 4346 4347 3741
f 4338 3883 4347
f 4337 4338 3376
f 3396 4338 4337
f 3394 3396 4337
f 3394 4337 4612
f 3394 3395 3396
f 3395 3884 3396
f 3395 3394 4350
f 4350 3610 3395
f 3610 4350 3611
f 3610 3611 3546
f 3611 3544 3546
f 3544 3545 3546
f 3544 3611 4566
f 4566 1501 3544
f 4280 3544 1501
f 1501 4281 4280
f 4280 4281 4282
f 4280 4282 4582
f 4582 4282 3304
f 3306 4282 4281
f 3306 4281 1503
f 1503 1523 3306
f 1523 3771 3306
f 1523 3402 3771
f 3771 3402 2474
f 1523 2770 3402
f 3402 2770 3403
f 3317 3402 3403
f 3403 4387 3317
f 3403 4388 4387
f 4381 4387 4388
f 4381 4388 4380
f 4380 2354 4381
f 3417 4381 2354
f 2354 4623 3417
f 3417 4623 3418
f 3417 3418 3419
f 3417 3419 3620
f 3417 3620 4387
f 4387 3620 3318
f 3620 3419 3619
f 3619 2470 3620
f 3419 4607 3619
f 3619 4607 4456
f 4456 2471 3619
f 4456 4607 4451
f 4451 3323 4456
f 4451 4607 4452
f 4450 4451 4452
f 4450 4452 4625
f 4425 4450 4625
f 4464 4425 4625
f 4625 2782 4464
f 4464 2782 4457
f 3446 4464 4457
f 3428 3446 4457
f 3428 4457 4458
f 4458 3429 3428
f 3427 3428 3429
f 4229 3427 3429
f 4229 3429 4408
f 4229 4408 4416
f 4229 4416 3445
f 3445 4416 4413
f 4413 4225 3445
f 4225 4226 3445
f 3445 4226 4241
f 4241 3446 3445
f 3445 3446 3427
f 3446 4241 4425
f 4417 4425 4241
f 4425 4417 3628
f 4417 3629 3628
f 3627 3628 3629
f 4630 3627 3629
f 4368 4630 3629
f 3629 4359 4368
f 4368 4359 4369
f 4368 4369 3373
f 4361 4369 4359
f 4359 4360 4361
f 4361 4360 4633
f 4634 4361 4633
f 4633 4225 4634
f 4583 4634 4225
f 4378 4583 4225
f 4378 4225 4374
f 3457 4378 4374
f 4374 4375 3457
f 3457 4375 3458
f 3456 3457 3458
f 3456 3458 4636
f 4636 4604 3456
f 4434 3456 4604
f 4221 3456 4434
f 4436 4221 4434
f 4434 4435 4436
f 4375 4436 4435
f 4436 4375 3472
f 4436 3472 3471
f 3470 3471 3472
f 3472 4374 3470
f 3470 4374 4443
f 3470 4443 3636
f 3636 4443 3637
f 3636 3637 3638
f 3638 4209 3636
f 3251 3636 4209
f 4209 3252 3251
f 3251 3252 3253
f 4206 3251 3253
f 4206 3253 4641
f 4641 4207 4206
f 4206 4207 3575
f 3575 4220 4206
f 4220 4221 4206
f 3471 4206 4221
f 3575 3456 4220
f 4642 3456 3575
f 3577 4642 3575
f 3575 3576 3577
f 4218 3577 3576
f 4306 4218 3576
f 4306 3576 4307
f 4306 4307 4462
f 3265 4306 4462
f 3265 4462 3266
f 3264 3265 3266
f 3266 4304 3264
f 4303 3264 4304
f 4303 4304 4320
f 4303 4320 3295
f 3295 4573 4303
f 4573 4316 4303
f 4317 4316 4573
f 4252 4317 4573
f 4371 4317 4252
f 4240 4316 4317
f 4573 3295 4252
f 4252 3295 4253
f 3295 3294 4253
f 3294 3295 3296
f 3818 3294 3296
f 3818 3296 4250
f 4250 3296 4248
f 4248 4249 4250
f 4264 4250 4249
f 4264 4249 4265
f 4265 468 4264
f 468 3589 4264
f 4264 3589 3588
f 3588 4433 4264
f 3587 3588 3589
f 3589 4262 3587
f 4262 4191 3587
f 4191 3300 3587
f 3587 3300 4539
f 4539 4439 3587
f 3302 4539 3300
f 3300 3301 3302
f 4189 3302 3301
f 3301 4188 4189
f 4188 4201 4189
f 4189 4201 4202
f 4246 4189 4202
f 4246 4202 1146
f 4255 4246 1146
f 1146 1145 4255
f 4197 4255 1145
f 4197 1145 4198
f 1043 4197 4198
f 1044 1043 4198
f 1044 4198 3331
f 1044 3331 3332
f 3332 4284 1044
f 1042 1044 4284
f 2507 1042 4284
f 4284 4285 2507
f 4285 4295 2507
f 2505 2507 4295
f 3594 2505 4295
f 3594 4295 4400
f 3594 4400 3939
f 3939 3595 3594
f 3593 3594 3595
f 3744 3593 3595
f 3744 3595 4385
f 4385 3745 3744
f 3743 3744 3745
f 3745 3338 3743
f 3337 3743 3338
f 3337 3338 3119
f 3337 3119 2750
f 2750 2749 3337
f 2749 3363 3337
f 3752 3363 2749
f 3752 2749 2748
f 4656 3752 2748
f 4656 2748 4657
f 4328 4656 4657
f 4328 4657 2309
f 4328 2309 2308
f 4328 2308 4329
f 3350 4328 4329
f 3350 4329 3351
f 3350 3351 3352
f 3352 4656 3350
f 4656 3352 4327
f 3351 4327 3352
f 4326 4327 3351
f 3351 4335 4326
f 4334 4326 4335
f 4335 3609 4334
f 3609 4563 4334
f 3605 4334 4563
f 3605 4563 3603
f 3603 3604 3605
f 4327 3605 3604
f 4327 3604 3752
f 3752 3604 3603
f 4563 4564 3603
f 3603 4564 3364
f 3363 3603 3364
f 3363 3364 3365
f 4269 3363 3365
f 4269 3365 2740
f 2740 2739 4269
f 2739 4278 4269
f 4269 4278 3743
f 2739 4663 4278
f 4663 4274 4278
f 4278 4274 3593
f 3593 4274 4275
f 4274 4097 4275
f 3594 4275 4097
f 4663 4097 4274
f 4663 3943 4097
f 3943 3955 4097
f 3955 4089 4097
f 4097 4089 2505
f 4089 2506 2505
f 3623 2506 4089
f 2506 3623 3530
f 2506 3530 4099
f 2506 4099 4109
f 2507 2506 4109
f 4109 4100 2507
f 4099 4100 4109
f 4099 3131 4100
f 3130 4100 3131
f 3130 3131 3132
f 4100 3130 1042
f 1042 3130 1043
f 4099 3143 3131
f 3143 4012 3131
f 3131 4012 4006
f 3131 4006 4007
f 4012 3145 4006
f 4448 4006 3145
f 4012 3143 3145
f 3143 3144 3145
f 3144 3733 3145
f 4024 3144 3143
f 3532 4024 3143
f 3530 3532 3143
f 3530 3531 3532
f 4099 3530 3143
f 3531 3530 3623
f 3623 3955 3531
f 3955 3623 4089
f 3954 3955 3943
f 3942 3954 3943
f 3942 3943 2741
f 2741 4670 3942
f 4670 2274 3942
f 2274 3810 3942
f 2274 3816 3810
f 3816 3811 3810
f 3810 3811 3812
f 3816 3158 3811
f 3811 3158 3960
f 3158 3816 3156
f 3156 3157 3158
f 3157 4429 3158
f 4429 4242 3158
f 3157 3156 4061
f 4061 4075 3157
f 4063 4075 4061
f 4061 4062 4063
f 3539 4063 4062
f 4062 2724 3539
f 3174 3539 2724
f 2724 2715 3174
f 3174 2715 4086
f 3538 3174 4086
f 4086 2458 3538
f 2458 2457 3538
f 3538 2457 3539
f 2457 2843 3539
f 3539 2843 4532
f 3539 4532 4166
f 4532 4167 4166
f 4161 4166 4167
f 4161 4167 2843
f 2843 2842 4161
f 4161 2842 4090
f 4161 4090 4678
f 4181 4161 4678
f 4181 4678 3854
f 4181 3854 4171
f 4181 4171 4182
f 4660 4181 4182
f 3185 4171 3854
f 3854 3184 3185
f 3184 2831 3185
f 3185 2831 2830
f 3185 2830 4121
f 4121 2830 4111
f 4121 4111 4122
f 4111 3430 4122
f 4111 3140 3430
f 3198 3430 3140
f 3140 3552 3198
f 3198 3552 3199
f 3198 3199 3200
f 3431 3198 3200
f 3140 4132 3552
f 3552 4132 4124
f 4124 3553 3552
f 3551 3552 3553
f 4132 4036 4124
f 4124 4036 4016
f 4016 4504 4124
f 4504 4016 3984
f 4017 4016 4036
f 3527 4017 4036
f 3527 3534 4017
f 3534 4153 4017
f 4017 4153 4682
f 4682 4015 4017
f 4015 4682 4058
f 3742 4015 4058
f 3742 4058 4043
f 3210 4043 4058
f 4042 4043 3210
f 3212 4042 3210
f 3210 3211 3212
f 3212 3211 3909
f 4152 3211 3210
f 4153 4152 3210
f 4147 4152 4153
f 4008 4147 4153
f 4008 4146 4147
f 4146 3230 4147
f 4146 4684 3230
f 4684 2996 3230
f 2996 3229 3230
f 3230 3229 4152
f 2996 2995 3229
f 3229 2995 3561
f 3563 3229 3561
f 3561 3562 3563
f 3828 3562 3561
f 3229 3563 3211
f 3561 2995 3748
f 2994 2995 2996
f 2994 2996 4684
f 4684 4146 3845
f 3846 3845 4146
f 3844 3845 3846
f 3846 3856 3844
f 3487 3844 3856
f 3487 3856 4467
f 4467 3184 3487
f 3487 3486 3844
f 3486 3838 3844
f 3485 3486 3487
f 3854 3485 3487
f 3975 3485 3854
f 3975 3976 3485
f 3975 4091 3976
f 3007 3976 4091
f 3007 4091 3005
f 3005 3006 3007
f 3006 3894 3007
f 3839 3007 3894
f 3987 3894 3006
f 3986 3987 3006
f 3987 3986 3617
f 3617 4693 3987
f 4693 3895 3987
f 4693 3271 3895
f 3271 3032 3895
f 3895 3032 3983
f 3895 3983 3893
f 3893 3894 3895
f 3034 3983 3032
f 3032 3033 3034
f 3033 3889 3034
f 3889 3689 3034
f 3889 3890 3689
f 3889 3621 3890
f 3621 3912 3890
f 3912 3503 3890
f 3890 3503 3958
f 3912 3411 3503
f 3503 3411 3908
f 3503 3908 3504
f 3503 3504 3505
f 3504 3908 3601
f 3601 3830 3504
f 3285 3504 3830
f 3601 3040 3830
f 3286 3830 3040
f 3040 3042 3286
f 3040 3041 3042
f 3827 3042 3041
f 3041 3826 3827
f 3827 3826 3307
f 3826 3840 3307
f 4268 3840 3826
f 3990 3840 4268
f 4575 3990 4268
f 4575 4268 3371
f 3836 4575 3371
f 3836 3371 3370
f 3953 3836 3370
f 3370 3072 3953
f 3071 3953 3072
f 3071 3072 3073
f 4701 3071 3073
f 3951 4701 3073
f 3951 3073 3598
f 3951 3598 3597
f 3951 3597 3970
f 3911 3951 3970
f 3911 3970 4488
f 3514 3911 4488
f 4488 4325 3514
f 3514 4325 3512
f 3512 3513 3514
f 3967 3514 3513
f 3967 3513 3792
f 3662 3967 3792
f 3663 3662 3792
f 3663 3792 3080
f 3079 3663 3080
f 3079 3080 3081
f 3079 3081 3590
f 3797 3079 3590
f 3797 3590 3591
f 3591 3656 3797
f 3797 3656 3655
f 3655 3107 3797
f 4080 3107 3655
f 3655 3572 4080
f 4080 3572 3343
f 3343 3342 4080
f 4080 3342 3105
f 3105 3342 3996
f 3996 3106 3105
f 3105 3106 3107
f 3106 3663 3107
f 3994 3106 3996
f 3996 3995 3994
f 3312 3994 3995
f 3995 3341 3312
f 3312 3341 4005
f 4498 3312 4005
f 4005 3940 4498
f 4498 3940 3523
f 3523 3310 4498
f 3523 3524 3310
f 3924 3310 3524
f 3924 3524 3925
f 3923 3924 3925
f 3338 3923 3925
f 3120 3925 3524
f 3925 3120 3119
f 3119 3120 3121
f 3121 3921 3119
f 3121 3920 3921
f 4657 3921 3920
f 3940 3920 3121
f 4483 3920 3940
f 4483 3940 3936
f 4483 3936 3920
f 3920 3936 2309
f 2309 3936 2310
f 3935 2310 3936
f 3935 3936 4005
f 4396 3935 4005
f 4005 3343 4396
f 3343 3571 4396
f 3935 4396 3571
f 3571 4123 3935
f 4123 4585 3935
f 3935 4585 4675
f 4245 4675 4585
f 4585 3387 4245
f 4404 4245 3387
f 3387 4403 4404
f 3608 4404 4403
f 4576 3608 4403
f 4576 2458 3608
f 2458 3609 3608
f 3607 3608 3609
f 4576 2459 2458
f 4576 4339 2459
f 4315 2459 4339
f 4315 4339 3615
f 3615 3614 4315
f 4315 3614 2841
f 4315 2841 2843
f 3614 3986 2841
f 2842 2841 3986
f 3613 3614 3615
f 4352 3613 3615
f 3386 4352 3615
f 3615 4576 3386
f 3386 4576 3387
f 3386 3387 3188
f 3387 3186 3188
f 3186 3187 3188
f 3188 3187 4352
f 4110 3187 3186
f 4110 3186 4123
f 3573 4110 4123
f 3573 3654 4110
f 4110 3654 4301
f 4301 3654 4223
f 3675 4301 4223
f 3675 4223 3677
f 3675 3677 3676
f 3675 3676 3618
f 3618 3613 3675
f 3187 3675 3613
f 3618 3676 3617
f 3617 3614 3618
f 3677 3269 3676
f 4693 3676 3269
f 3677 3626 3269
f 3269 3626 4133
f 3270 3269 4133
f 4133 3632 3270
f 3632 3622 3270
f 3270 3622 3033
f 3270 3033 3271
f 3621 3033 3622
f 3621 3622 4145
f 3621 4145 4140
f 4145 3409 4140
f 3409 3411 4140
f 3409 3410 3411
f 4549 3410 3409
f 4453 4549 3409
f 4217 4453 3409
f 3438 4453 4217
f 3439 3438 4217
f 3439 4217 4595
f 4606 3439 4595
f 4606 4595 4419
f 4419 4418 4606
f 4606 4418 3081
f 3437 4606 3081
f 3591 3081 4418
f 3591 4418 3625
f 3625 4418 4414
f 3625 4414 3630
f 3625 3630 3626
f 3624 3625 3626
f 3656 3625 3624
f 3624 4223 3656
f 3631 3630 4414
f 4414 4419 3631
f 4419 4551 3631
f 4552 3631 4551
f 4551 4217 4552
f 4552 4217 4145
f 3622 3631 4552
f 3630 3631 3632
f 4414 4418 4419
f 4419 4595 4551
f 3437 3439 4606
f 4595 4217 4551
f 3437 3438 3439
f 4363 3438 3437
f 3080 4363 3437
f 3080 3913 4363
f 4363 3913 4364
f 3913 4581 4364
f 4364 4581 4580
f 4580 4549 4364
f 4580 4548 4549
f 3512 4548 4580
f 3512 3568 4548
f 4548 3568 3410
f 4205 3410 3568
f 3464 4205 3568
f 3464 3463 4205
f 4205 3463 3602
f 4205 3602 3601
f 3602 3463 3635
f 3602 3635 3040
f 3635 4437 3040
f 3635 3369 4437
f 4437 3369 4603
f 4437 4603 3041
f 4603 3371 3041
f 4603 3369 3371
f 3635 3463 3369
f 3640 3369 3463
f 3463 3598 3640
f 4445 3640 3598
f 3370 3640 4445
f 3598 3463 3462
f 3640 3370 3369
f 3462 3463 3464
f 3597 3462 3464
f 3464 4325 3597
f 3601 3410 4205
f 3512 3464 3568
f 4581 3512 4580
f 3792 4581 3913
f 4363 4364 3438
f 4453 3438 4364
f 4364 4549 4453
f 4548 3410 4549
f 4217 3409 4145
f 4552 4145 3622
f 3632 3631 3622
f 3632 4133 3630
f 3269 3270 3271
f 4133 3626 3630
f 3677 3624 3626
f 3677 4223 3624
f 4301 3675 3187
f 3654 3656 4223
f 3654 3573 3572
f 3571 3572 3573
f 4110 4301 3187
f 3188 4352 3386
f 3613 4352 3187
f 3613 3618 3614
f 2459 4315 2457
f 4339 4576 3615
f 4404 3608 3607
f 3607 3580 4404
f 4335 3580 3607
f 4329 3580 4335
f 3387 4576 4403
f 3580 4245 4404
f 3580 2310 4245
f 2310 3580 2308
f 4585 3186 3387
f 4675 4245 2310
f 3186 4585 4123
f 3573 4123 3571
f 3935 4675 2310
f 3120 3523 3121
f 3523 3120 3524
f 3940 3121 3523
f 4005 3936 3940
f 4498 3310 3312
f 3310 3311 3312
f 4187 3312 3311
f 4005 3341 3343
f 3341 3995 3342
f 3312 4187 3994
f 4187 3583 3994
f 3994 3583 3582
f 3581 3582 3583
f 3581 3583 4540
f 4540 3015 3581
f 3581 3015 4541
f 3581 4541 4196
f 3581 4196 3910
f 4196 3911 3910
f 4196 4541 3911
f 3015 3071 4541
f 3015 3014 3071
f 3014 3869 3071
f 3869 3870 3071
f 3869 4004 3870
f 3667 3869 3014
f 3013 3014 3015
f 3582 3581 3910
f 3582 3910 3868
f 3582 3868 3106
f 3106 3868 3662
f 3868 3882 3662
f 3882 3868 3910
f 3882 3910 3967
f 4187 3756 3583
f 3106 3994 3582
f 3342 3995 3996
f 3341 3342 3343
f 3572 3571 3343
f 3654 3572 3655
f 3107 4080 3105
f 3654 3655 3656
f 3591 3625 3656
f 3107 3079 3797
f 3590 3081 3591
f 3437 3081 3080
f 3107 3663 3079
f 3080 3792 3913
f 3106 3662 3663
f 3882 3967 3662
f 3792 3513 4581
f 3910 3514 3967
f 3513 3512 4581
f 4325 3464 3512
f 3910 3911 3514
f 3970 4325 4488
f 3911 4541 3951
f 3970 3597 4325
f 3597 3598 3462
f 3073 4445 3598
f 4541 4701 3951
f 3071 4701 4541
f 3073 3072 4445
f 3870 3953 3071
f 3870 4333 3953
f 3870 4001 4333
f 3072 3370 4445
f 4333 3836 3953
f 4333 4000 3836
f 3369 3370 3371
f 4575 3836 4000
f 4575 4000 4602
f 3371 4268 3041
f 3041 4268 3826
f 3042 3827 3307
f 4437 3041 3040
f 3040 3601 3602
f 3410 3601 3908
f 3410 3908 3411
f 4140 3411 3912
f 4140 3912 3621
f 3621 3889 3033
f 3983 3034 4590
f 3271 3033 3032
f 4693 3269 3271
f 3676 4693 3617
f 3614 3617 3986
f 3894 3987 3895
f 3986 3006 3005
f 3986 3005 4090
f 4090 3005 4091
f 3007 3839 3976
f 3976 3839 3486
f 4090 4091 3975
f 3976 3486 3485
f 3856 3846 4467
f 4467 3846 4009
f 4467 4009 2831
f 2831 4009 3526
f 2831 3526 3528
f 2831 3528 2832
f 2832 3528 4132
f 3528 3527 4132
f 3526 3527 3528
f 4009 3534 3526
f 3534 4009 4008
f 3846 4008 4009
f 3846 4146 4008
f 4147 3230 4152
f 4152 3229 3211
f 4682 3210 4058
f 4682 4153 3210
f 4153 3534 4008
f 3526 3534 3527
f 4015 4016 4017
f 4015 3985 4016
f 4036 4132 3527
f 2832 4132 3140
f 2830 2832 3140
f 3430 3198 3431
f 3430 3431 3432
f 4183 3430 3432
f 3432 3431 3944
f 3510 3432 3944
f 3510 4412 3432
f 4411 3432 4412
f 4411 4412 4629
f 4629 4628 4411
f 3729 4628 4629
f 4629 3726 3729
f 3728 3729 3726
f 3726 3727 3728
f 3727 4078 3728
f 3535 3728 4078
f 3535 4078 3536
f 3535 3536 3537
f 3537 4064 3535
f 2426 3535 4064
f 2426 4064 4065
f 2426 4065 3651
f 4064 3542 4065
f 3542 4426 4065
f 4290 4065 4426
f 3542 3541 4426
f 4291 4426 3541
f 3540 3541 3542
f 3542 3537 3540
f 2821 3540 3537
f 3167 3540 2821
f 3167 2821 2823
f 3166 3167 2823
f 2823 4627 3166
f 4627 2813 3166
f 4163 3166 2813
f 4162 4163 2813
f 2813 4531 4162
f 4531 2813 2812
f 2812 4530 4531
f 2812 4175 4530
f 2814 4175 2812
f 2814 4613 4175
f 4613 4173 4175
f 4173 4174 4175
f 4175 4174 4534
f 4174 4535 4534
f 4534 4535 3548
f 2371 3548 4535
f 2371 3547 3548
f 3548 3547 3124
f 3861 3548 3124
f 3124 4115 3861
f 4468 3861 4115
f 4468 4115 4480
f 4480 4469 4468
f 4468 4469 4470
f 4468 4470 3554
f 3554 4470 3191
f 3554 3191 3193
f 3193 4125 3554
f 4518 3554 4125
f 3861 3554 4518
f 3193 4087 4125
f 3191 3192 3193
f 3193 3192 4031
f 4031 4537 3193
f 4030 4537 4031
f 4029 4030 4031
f 4031 4505 4029
f 4029 4505 4503
f 4029 4503 567
f 4741 4029 567
f 4741 567 4104
f 565 567 4503
f 565 4503 4045
f 4045 4046 565
f 4428 565 4046
f 4428 4046 3557
f 3763 4428 3557
f 3557 3556 3763
f 3556 3557 3558
f 1686 3556 3558
f 4148 1686 3558
f 4148 4149 1686
f 1687 1686 4149
f 1680 1687 4149
f 4149 4525 1680
f 1680 4525 3565
f 533 1680 3565
f 534 533 3565
f 534 3565 2610
f 534 2610 4155
f 3852 534 4155
f 3852 4155 3219
f 3218 3852 3219
f 3218 3219 3220
f 3220 3479 3218
f 3218 3479 3843
f 3478 3843 3479
f 3478 3479 3480
f 3478 3480 3518
f 4415 3478 3518
f 3518 3982 4415
f 3982 3500 4415
f 3853 4415 3500
f 3500 3010 3853
f 3852 3853 3010
f 3010 532 3852
f 533 532 3010
f 3010 1679 533
f 3009 1679 3010
f 3009 3825 1679
f 3886 1679 3825
f 3825 3974 3886
f 3973 3886 3974
f 3483 3973 3974
f 3481 3483 3974
f 3481 3482 3483
f 3483 3482 4491
f 4491 3050 3483
f 3050 4491 4071
f 3482 3981 4491
f 3981 3482 3982
f 3982 3482 3481
f 3050 3973 3483
f 3050 3052 3973
f 3052 3887 3973
f 3052 3499 3887
f 3887 3499 1685
f 1687 3887 1685
f 3886 3887 1687
f 3498 1685 3499
f 3052 4519 3499
f 4519 4020 3499
f 4519 3906 4020
f 3906 4477 4020
f 4141 3906 4519
f 4141 3907 3906
f 3906 3907 3444
f 3442 3907 4141
f 3052 4141 4519
f 4060 4141 3052
f 3050 3051 3052
f 3973 3887 3886
f 3481 3974 3825
f 1679 3886 1680
f 3481 3825 3009
f 3500 3481 3009
f 3843 3853 3852
f 3500 3009 3010
f 4415 3853 3843
f 3982 3481 3500
f 3518 3767 3982
f 3835 3767 3518
f 3835 3518 3519
f 4230 3835 3519
f 4613 4230 3519
f 4613 3519 3480
f 3835 4230 3274
f 3835 3274 4465
f 2814 3274 4230
f 3275 3274 2814
f 3275 2814 2813
f 3273 3274 3275
f 3273 3275 4627
f 4228 3273 4627
f 2822 4228 4627
f 2822 3992 4228
f 3962 4228 3992
f 3962 3992 3963
f 3961 3962 3963
f 3963 3704 3961
f 3704 3088 3961
f 3961 3088 3087
f 3087 3088 3089
f 3088 3696 3089
f 4254 3089 3696
f 3088 3697 3696
f 3695 3696 3697
f 3697 3508 3695
f 3509 3508 3697
f 3508 3509 3510
f 3510 3509 3705
f 3705 3509 3088
f 3088 3509 3697
f 3704 3705 3088
f 3705 3704 4078
f 3704 3963 3536
f 3962 3961 3449
f 3963 3992 3536
f 3992 3993 3536
f 2821 3536 3993
f 3993 2822 2821
f 3448 4228 3962
f 3992 2822 3993
f 3518 3480 3519
f 4423 3480 3479
f 3479 2643 4423
f 2643 2372 4423
f 2372 4173 4423
f 2643 2645 2372
f 2373 2372 2645
f 2645 1938 2373
f 2373 1938 4640
f 3125 2373 4640
f 4640 2797 3125
f 3124 3125 2797
f 2797 4480 3124
f 2797 2796 4480
f 2796 3521 4480
f 3521 2796 3918
f 3918 4624 3521
f 4624 2632 3521
f 3521 2632 3522
f 3521 3522 4469
f 3522 2632 3932
f 4470 3522 3932
f 4470 3932 3192
f 3192 3932 3933
f 4505 3192 3933
f 3933 4485 4505
f 3933 1957 4485
f 1957 4486 4485
f 4484 4485 4486
f 4484 4486 4700
f 4045 4484 4700
f 4699 4700 4486
f 1956 4699 4486
f 4699 1956 2786
f 4699 2786 4697
f 4697 2786 4683
f 4683 4698 4697
f 4697 4698 2594
f 4697 2594 2593
f 4697 2593 4700
f 4764 4700 2593
f 2593 2595 4764
f 2595 4148 4764
f 3557 4764 4148
f 4700 4764 4046
f 2593 2594 2595
f 2595 2594 4690
f 4690 4149 2595
f 4690 2594 4698
f 4690 4698 4705
f 4705 4525 4690
f 4688 4525 4705
f 4688 4705 4689
f 2610 4688 4689
f 2610 4689 2611
f 2609 2610 2611
f 2609 2611 4734
f 3219 2609 4734
f 3219 4734 2924
f 2924 2811 3219
f 2811 2924 2277
f 2811 2277 2809
f 2809 2810 2811
f 2811 2810 3220
f 4515 3220 2810
f 4515 2810 2644
f 4515 2644 2643
f 4513 2644 2810
f 2810 4512 4513
f 4513 4512 4516
f 1939 4513 4516
f 4516 1950 1939
f 1939 1950 1937
f 1937 1938 1939
f 1947 1938 1937
f 1937 4748 1947
f 4748 1948 1947
f 1947 1948 1949
f 1947 1949 4640
f 1948 4523 1949
f 1949 4523 4522
f 1949 4522 2796
f 4522 4523 4520
f 2630 4522 4520
f 4520 4521 2630
f 2630 4521 2589
f 2630 2589 2631
f 2630 2631 2632
f 2632 2631 2914
f 2632 2914 4769
f 2914 1958 4769
f 4769 1958 1957
f 1956 1957 1958
f 1958 2787 1956
f 2787 1958 4715
f 4714 2787 4715
f 4773 4714 4715
f 4774 4773 4715
f 4715 2591 4774
f 4713 4774 2591
f 2591 2590 4713
f 4713 2590 4668
f 4713 4668 2876
f 2876 4758 4713
f 4773 4713 4758
f 4778 4773 4758
f 4778 4758 4779
f 2641 4778 4779
f 4779 2642 2641
f 2640 2641 2642
f 2640 2642 4704
f 4704 4705 2640
f 3871 4704 2642
f 3871 2642 2904
f 3871 2904 2906
f 4702 3871 2906
f 2906 4703 4702
f 2663 4702 4703
f 4703 2664 2663
f 2662 2663 2664
f 444 2662 2664
f 444 2664 4622
f 444 4622 3900
f 444 3900 2949
f 442 444 2949
f 4782 442 2949
f 4694 4782 2949
f 4694 2949 305
f 4694 305 304
f 304 4759 4694
f 4783 4694 4759
f 3896 4783 4759
f 3896 4759 343
f 343 342 3896
f 3897 3896 342
f 342 4784 3897
f 3897 4784 3863
f 318 3897 3863
f 319 318 3863
f 319 3863 3862
f 3862 2679 319
f 2678 319 2679
f 2678 2679 4712
f 2678 4712 4516
f 4516 4712 4787
f 4712 2540 4787
f 1950 4787 2540
f 4711 2540 4712
f 2541 2540 4711
f 2696 2541 4711
f 4711 2697 2696
f 2696 2697 2698
f 4751 2696 2698
f 2698 2969 4751
f 4751 2969 2970
f 4751 2970 4523
f 2969 2485 2970
f 2970 2485 4706
f 2970 4706 4520
f 2487 4706 2485
f 2485 2486 2487
f 2487 2486 4756
f 2487 4756 2590
f 2487 2590 2589
f 1780 4756 2486
f 4756 1780 2915
f 2915 4669 4756
f 4756 4669 4668
f 4668 4669 2866
f 2915 2866 4669
f 2866 2915 2867
f 2865 2866 2867
f 2865 2867 4762
f 4753 2865 4762
f 4755 4753 4762
f 4755 4762 2497
f 2497 2499 4755
f 4755 2499 2664
f 2497 2498 2499
f 2499 2498 4754
f 2499 4754 4622
f 3891 4622 4754
f 4754 4791 3891
f 3891 4791 306
f 305 3891 306
f 306 4791 2587
f 2587 4680 306
f 2522 306 4680
f 4680 4793 2522
f 2522 4793 4795
f 4795 4707 2522
f 4707 343 2522
f 2522 343 304
f 4707 344 343
f 4707 4749 344
f 4749 4750 344
f 4750 4643 344
f 344 4643 4673
f 344 4673 342
f 2888 342 4673
f 4673 4643 2888
f 2888 4643 2502
f 2888 2502 2501
f 2501 2887 2888
f 2888 2887 4784
f 4784 2887 4744
f 4744 2887 2501
f 2501 2538 4744
f 4474 4744 2538
f 2539 4474 2538
f 2538 2379 2539
f 2379 4709 2539
f 2539 4709 4798
f 4798 4475 2539
f 2556 4475 4798
f 4798 4667 2556
f 4666 2556 4667
f 4667 2855 4666
f 4666 2855 2857
f 4666 2857 1777
f 4666 1777 4473
f 4472 4666 4473
f 4472 4473 2557
f 2556 4472 2557
f 2555 2556 2557
f 2557 4711 2555
f 4711 2679 2555
f 4471 2556 2555
f 2555 3862 4471
f 3864 4471 3862
f 4471 3864 4475
f 3864 4474 4475
f 2557 4473 2697
f 4473 1777 2698
f 2857 1778 1777
f 1776 1777 1778
f 1778 1781 1776
f 1776 1781 2485
f 2485 1781 1780
f 1780 1781 1782
f 1772 1782 1781
f 1781 1770 1772
f 1770 1771 1772
f 1771 2693 1772
f 4800 2693 1771
f 1809 4800 1771
f 1809 1771 1810
f 2971 1809 1810
f 2971 1810 2856
f 2855 2971 2856
f 2971 2855 4476
f 4476 4801 2971
f 4801 2972 2971
f 4801 2794 2972
f 2972 2794 2574
f 2573 2972 2574
f 2573 2574 2575
f 4686 2573 2575
f 2575 4757 4686
f 4685 4686 4757
f 2498 4685 4757
f 4802 2498 4757
f 4757 4803 4802
f 4754 4802 4803
f 4685 2693 4686
f 2693 4685 2916
f 2693 2916 1782
f 2915 1782 2916
f 2867 2916 4685
f 2497 2867 4685
f 2575 4803 4757
f 4803 2575 2961
f 4803 2961 2585
f 2585 2587 4803
f 2585 2586 2587
f 4681 2587 2586
f 2586 4650 4681
f 4793 4681 4650
f 4676 4650 2586
f 2586 4679 4676
f 4676 4679 2941
f 4676 2941 4677
f 4651 4676 4677
f 4651 4677 4760
f 4651 4760 4692
f 4692 4691 4651
f 4651 4691 4649
f 4649 4650 4651
f 4650 4649 4733
f 4795 4650 4733
f 4749 4795 4733
f 4749 4733 4646
f 4646 4733 4647
f 4646 4647 4648
f 4648 4761 4646
f 4646 4761 2464
f 2464 4809 4646
f 4646 4809 2656
f 4646 2656 4750
f 4750 2656 2358
f 2358 2360 4750
f 2358 2359 2360
f 2360 2359 4644
f 4643 2360 4644
f 4732 4644 2359
f 4732 2359 4746
f 4746 2952 4732
f 4732 2952 2954
f 2503 4732 2954
f 2954 2377 2503
f 2377 2379 2503
f 2377 2378 2379
f 2379 2378 4710
f 2378 2793 4710
f 4710 2793 2795
f 4710 2795 4801
f 2793 2794 2795
f 2794 2793 2940
f 2939 2940 2793
f 4594 2939 2793
f 2939 4594 4593
f 4592 4593 4594
f 2378 4592 4594
f 2953 4592 2378
f 2953 4591 4592
f 4591 2942 4592
f 2210 2942 4591
f 2210 4591 2200
f 2199 2210 2200
f 2198 2199 2200
f 2198 2200 4746
f 2208 2198 4746
f 2208 4746 2209
f 2207 2208 2209
f 2209 2358 2207
f 2207 4600 2208
f 4597 2208 4600
f 4600 2253 4597
f 4597 2253 2606
f 2606 4598 4597
f 4597 4598 4599
f 2397 4599 4598
f 4598 2398 2397
f 2397 2398 2399
f 2397 2399 2199
f 2199 2399 1290
f 2199 1290 2217
f 1290 1289 2217
f 2217 1289 2218
f 2217 2218 4692
f 4665 4692 2218
f 4665 2218 4659
f 4817 4665 4659
f 4659 2293 4817
f 2293 2932 4817
f 4817 2932 4664
f 4664 2932 2934
f 2934 4142 4664
f 4664 4142 4136
f 4136 4135 4664
f 4664 4135 4665
f 4665 4135 2412
f 2412 4691 4665
f 4691 2412 2411
f 2411 4647 4691
f 2410 2411 2412
f 4761 2411 2410
f 2410 2412 4135
f 2410 4135 4134
f 2465 2410 4134
f 4654 2465 4134
f 4654 4134 4138
f 4138 2435 4654
f 4653 4654 2435
f 2434 4653 2435
f 2434 2435 1251
f 1251 1250 2434
f 4617 2434 1250
f 4617 1250 1230
f 1264 4617 1230
f 1264 1230 1232
f 1262 1264 1232
f 1262 1232 4645
f 1262 4645 4126
f 4126 4127 1262
f 1263 1262 4127
f 1263 4127 4113
f 1263 4113 4112
f 2839 1263 4112
f 2414 2839 4112
f 2414 4112 4117
f 2414 4117 2327
f 2327 4655 2414
f 2415 2414 4655
f 4655 4823 2415
f 4823 4718 2415
f 2415 4718 2255
f 2255 2413 2415
f 2840 2413 2255
f 2255 4661 2840
f 4821 2840 4661
f 4661 4740 4821
f 4821 4740 4617
f 4661 2466 4740
f 4653 4740 2466
f 4661 4662 2466
f 4662 2464 2466
f 2464 2465 2466
f 4662 4661 2254
f 2254 4809 4662
f 4600 4809 2254
f 2840 4821 2838
f 2838 2839 2840
f 1264 2838 4821
f 1264 1263 2838
f 4661 2255 2254
f 2253 2254 2255
f 2839 2413 2840
f 4718 2253 2255
f 2253 4718 2604
f 4823 2604 4718
f 4827 2604 4823
f 4823 4616 4827
f 2726 4827 4616
f 4614 2726 4616
f 4655 4614 4616
f 4614 2727 2726
f 2726 2727 2728
f 2728 4828 2726
f 4828 2728 2268
f 4828 2268 2605
f 4827 4828 2605
f 2605 2268 2270
f 2605 2270 4598
f 2268 2269 2270
f 2270 2269 2398
f 2269 1291 2398
f 4631 1291 2269
f 2269 2728 4631
f 2041 4631 2728
f 2041 4635 4631
f 4635 2294 4631
f 4631 2294 4632
f 2294 2293 4632
f 4632 2293 4658
f 1291 4632 4658
f 1291 4658 1289
f 1289 4658 4659
f 2292 2293 2294
f 4687 2292 2294
f 4687 2046 2292
f 2292 2046 4722
f 2292 4722 2933
f 2933 2932 2292
f 4830 2933 4722
f 2933 4830 4621
f 2918 2933 4621
f 2752 2918 4621
f 4621 2753 2752
f 2751 2752 2753
f 4695 2751 2753
f 4695 2753 4832
f 1231 4695 4832
f 4832 2305 1231
f 4645 1231 2305
f 2305 4832 2306
f 2305 2306 2307
f 4716 2305 2307
f 4716 2307 4833
f 4833 4834 4716
f 4834 4114 4716
f 4611 4716 4114
f 4113 4611 4114
f 4113 4126 4611
f 4126 2305 4611
f 4114 4834 4556
f 4556 4112 4114
f 4556 4118 4112
f 4556 2328 4118
f 2327 4118 2328
f 2326 2327 2328
f 2328 4553 2326
f 4555 2326 4553
f 4553 4554 4555
f 4555 4554 4557
f 4554 2070 4557
f 4557 2070 2351
f 4557 2351 2353
f 4557 2353 2727
f 2727 2353 2042
f 2041 2727 2042
f 2041 2042 2043
f 2042 2352 2043
f 2352 2046 2043
f 2046 2352 2045
f 2045 2035 2046
f 2035 4830 2046
f 2035 2037 4830
f 2035 2036 2037
f 2785 2037 2036
f 2036 2069 2785
f 2071 2785 2069
f 2069 2070 2071
f 4558 2071 2070
f 2344 2071 4558
f 2345 2344 4558
f 2345 4558 4559
f 2345 4559 4839
f 2345 4839 2343
f 4839 4834 2343
f 4839 4559 4556
f 4559 4558 4554
f 2343 2344 2345
f 2344 2343 4833
f 4833 4729 2344
f 2071 2344 4729
f 4729 4639 2071
f 2307 4639 4729
f 2785 2071 4639
f 4639 2784 2785
f 2306 2784 4639
f 2069 2036 2045
f 2069 2045 2351
f 2784 2037 2785
f 4841 2037 2784
f 4832 4841 2784
f 2037 4841 4621
f 2045 2036 2035
f 2351 2045 2352
f 2353 2352 2042
f 2351 2352 2353
f 2070 2069 2351
f 2070 4554 4558
f 4559 4554 4553
f 2326 4555 4557
f 4614 2326 4557
f 2328 4559 4553
f 2327 2326 4614
f 4556 4559 2328
f 4839 4556 4834
f 2343 4834 4833
f 4833 2307 4729
f 4611 2305 4716
f 2307 2306 4639
f 2306 4832 2784
f 4695 1231 1230
f 1230 4696 4695
f 4832 2753 4841
f 4695 4696 2751
f 4696 2917 2751
f 4696 1250 2917
f 1250 1252 2917
f 1252 4138 2917
f 4136 2917 4138
f 1251 4138 1252
f 2752 2751 2917
f 2753 4621 4841
f 2752 2917 2918
f 2917 4142 2918
f 2918 2934 2933
f 2037 4621 4830
f 2046 4830 4722
f 2043 2046 4687
f 2043 4687 4635
f 2294 4635 4687
f 2041 2043 4635
f 4631 4632 1291
f 2728 2269 2268
f 2727 2041 2728
f 4557 2727 4614
f 4827 2726 4828
f 2605 2604 4827
f 2604 2605 2606
f 4655 4616 4823
f 2413 2414 2415
f 2327 4614 4655
f 2327 4117 4118
f 4117 4112 4118
f 2413 2839 2414
f 2838 1263 2839
f 4112 4113 4114
f 4126 4113 4127
f 4126 4645 2305
f 1231 4645 1232
f 1262 1263 1264
f 1230 1231 1232
f 4821 4617 1264
f 1230 1250 4696
f 4740 2434 4617
f 1250 1251 1252
f 4740 4653 2434
f 4653 2466 4654
f 2435 4138 1251
f 4134 4136 4138
f 2466 2465 4654
f 2464 2410 2465
f 4134 4135 4136
f 2917 4136 4142
f 4142 2934 2918
f 2932 2933 2934
f 2932 2293 2292
f 4658 2293 4659
f 4664 4665 4817
f 2218 1289 4659
f 1289 1290 1291
f 1290 2399 1291
f 2399 2398 1291
f 2270 2398 4598
f 2198 4599 2397
f 2605 4598 2606
f 2604 2606 2253
f 4600 2254 2253
f 4597 4599 2208
f 2207 2656 4600
f 2198 2208 4599
f 2198 2397 2199
f 2217 2210 2199
f 4760 2210 2217
f 2210 4760 2943
f 2200 4591 2952
f 2210 2943 2942
f 2941 2942 2943
f 2942 2941 4593
f 2952 4591 2953
f 2942 4593 4592
f 4593 2940 2939
f 4679 2940 4593
f 2378 4594 2793
f 2378 2377 2953
f 2954 2953 2377
f 2503 2502 4732
f 2952 2953 2954
f 4746 2200 2952
f 4746 2359 2209
f 2502 4644 4732
f 2359 2358 2209
f 2207 2358 2656
f 4809 4600 2656
f 4809 2464 4662
f 2464 4761 2410
f 2411 4761 4648
f 4648 4647 2411
f 4733 4649 4647
f 4649 4691 4647
f 4691 4692 4665
f 4760 2217 4692
f 2943 4760 4677
f 4677 2941 2943
f 4593 2941 4679
f 2586 2940 4679
f 4676 4651 4650
f 2940 2586 2585
f 2961 2940 2585
f 2940 2961 2574
f 2573 4686 2693
f 2575 2574 2961
f 4800 2972 2573
f 2574 2794 2940
f 2795 2794 4801
f 4710 4801 4476
f 4709 4710 4476
f 4709 4476 4667
f 2856 1810 2857
f 1809 2971 2972
f 1809 2972 4800
f 2693 4800 2573
f 1770 1810 1771
f 1778 1810 1770
f 1782 1772 2693
f 1778 1770 1781
f 1777 1776 2969
f 2857 1810 1778
f 2855 2856 2857
f 4667 4476 2855
f 2556 4666 4472
f 4471 4475 2556
f 4709 4667 4798
f 2379 4710 4709
f 2379 2538 2503
f 4475 4474 2539
f 3864 4744 4474
f 3863 4744 3864
f 2501 2503 2538
f 2501 2502 2503
f 4643 4644 2502
f 4750 2360 4643
f 4750 4749 4646
f 4749 4707 4795
f 4795 4793 4650
f 4793 4680 4681
f 2522 304 306
f 4680 2587 4681
f 4803 2587 4791
f 4803 4791 4754
f 2498 4802 4754
f 2497 4685 2498
f 4753 4755 4703
f 2905 4753 4703
f 4752 4753 2905
f 4752 2905 2904
f 2904 4758 4752
f 4752 2865 4753
f 4752 2876 2865
f 2497 4762 2867
f 2876 2866 2865
f 2867 2915 2916
f 1780 1782 2915
f 2485 1780 2486
f 4706 2487 4521
f 2969 1776 2485
f 2969 2698 1777
f 2696 4751 4748
f 2698 2697 4473
f 2557 2697 4711
f 4748 2541 2696
f 2540 2541 1937
f 2679 4711 4712
f 320 319 2678
f 320 2678 3866
f 2886 320 3866
f 2886 3866 2809
f 2809 2279 2886
f 2886 2279 443
f 2886 443 442
f 3888 443 2279
f 4808 3888 2279
f 2279 4742 4808
f 2662 4808 4742
f 2279 2278 4742
f 4742 2278 4743
f 4742 4743 2663
f 2278 3872 4743
f 4702 4743 3872
f 2278 3873 3872
f 3871 3872 3873
f 2924 3873 2278
f 2277 2278 2279
f 3888 4808 2662
f 443 3888 444
f 3865 2809 3866
f 4782 320 2886
f 320 4782 4783
f 4783 318 320
f 3866 2678 3865
f 3865 2678 4512
f 2679 3862 2555
f 3862 3863 3864
f 318 319 320
f 4744 3863 4784
f 2888 4784 342
f 318 3896 3897
f 342 343 344
f 318 4783 3896
f 4759 304 343
f 304 305 306
f 3891 305 2949
f 4783 4782 4694
f 2886 442 4782
f 442 443 444
f 2949 3900 3891
f 3900 4622 3891
f 4622 2664 2499
f 3888 2662 444
f 4742 2663 2662
f 4703 4755 2664
f 4743 4702 2663
f 2905 4703 2906
f 3872 3871 4702
f 2904 2905 2906
f 3871 3873 4704
f 3873 4689 4704
f 2640 4683 2641
f 4683 4714 2641
f 4779 2904 2642
f 2641 4714 4778
f 4779 4758 2904
f 4752 4758 2876
f 4668 2866 2876
f 2590 4756 4668
f 2589 2590 2591
f 2591 2913 2589
f 4715 2913 2591
f 4773 4774 4713
f 4773 4778 4714
f 2786 2787 4714
f 4715 1958 2913
f 2913 1958 2914
f 2914 2631 2913
f 2631 2589 2913
f 2487 2589 4521
f 4520 4706 4521
f 2630 4624 4522
f 4523 2970 4520
f 4523 1948 4751
f 1948 4748 4751
f 2541 4748 1937
f 1937 1950 2540
f 4516 4787 1950
f 4513 1939 2645
f 4512 2678 4516
f 3865 4512 2810
f 4513 2645 2644
f 2809 3865 2810
f 2809 2277 2279
f 2277 2924 2278
f 4734 3873 2924
f 4734 2611 3873
f 3873 2611 4689
f 4689 4705 4704
f 2610 4525 4688
f 2640 4705 4698
f 4698 4683 2640
f 2786 4714 4683
f 2786 1956 2787
f 4699 4697 4700
f 4503 4485 4484
f 1956 4486 1957
f 1957 3933 4769
f 3932 4769 3933
f 2632 4769 3932
f 4624 2630 2632
f 4522 4624 3918
f 2796 4522 3918
f 1949 2796 2797
f 2797 4640 1949
f 2373 3125 3547
f 4640 1938 1947
f 2645 1939 1938
f 2371 2372 2373
f 4174 2372 2371
f 2643 2644 2645
f 4515 2643 3479
f 3480 4423 4173
f 3843 3478 4415
f 4515 3479 3220
f 3220 3219 2811
f 3843 3852 3218
f 3219 4155 2609
f 3852 532 534
f 4155 2610 2609
f 532 533 534
f 1679 1680 533
f 3565 4525 2610
f 4690 4525 4149
f 3886 1687 1680
f 1685 1686 1687
f 4149 4148 2595
f 3556 1686 1685
f 1685 3764 3556
f 3558 3557 4148
f 3557 4046 4764
f 4427 565 4428
f 4013 4427 4428
f 566 565 4427
f 566 4427 2803
f 2802 566 2803
f 3761 2803 4427
f 4427 4544 3761
f 4046 4045 4700
f 4484 4045 4503
f 565 566 567
f 567 566 4105
f 4505 4485 4503
f 4030 4029 4741
f 4031 3192 4505
f 3192 3191 4470
f 3522 4470 4469
f 4480 3521 4469
f 3861 4468 3554
f 3124 4480 4115
f 4277 3548 3861
f 3124 3547 3125
f 2373 3547 2371
f 4174 2371 4535
f 4173 2372 4174
f 4173 4613 3480
f 4613 2814 4230
f 2812 2813 2814
f 4163 4737 3166
f 4163 4322 4737
f 4619 4737 4322
f 4737 4619 3167
f 4619 4618 3167
f 4618 4619 4321
f 3275 2813 4627
f 2822 4627 2823
f 3166 4737 3167
f 2821 2822 2823
f 3540 3167 4618
f 3540 4618 3541
f 3541 4618 4391
f 2426 2428 3535
f 2426 2427 2428
f 3728 2428 2427
f 3537 3542 4064
f 3536 2821 3537
f 3536 4078 3704
f 3728 3535 2428
f 3705 4078 3727
f 3727 4412 3705
f 3726 4412 3727
f 3729 3728 4510
f 4510 4790 3729
f 4628 3729 4790
f 4628 4790 4194
f 4194 4190 4628
f 4412 3726 4629
f 3705 4412 3510
f 3140 4111 2830
f 2830 2831 2832
f 3184 4467 2831
f 3854 3487 3184
f 4121 4171 3185
f 4121 4431 4171
f 4431 4121 3703
f 4678 3975 3854
f 4181 4660 4161
f 4678 4090 3975
f 4090 2842 3986
f 2841 2842 2843
f 4166 4161 4660
f 4166 4660 4075
f 2843 4167 4532
f 2457 4315 2843
f 2457 2458 2459
f 3609 2458 4086
f 2714 3609 4086
f 4086 2715 2714
f 2714 2715 2716
f 2714 2716 4615
f 4615 4564 2714
f 4615 3365 4564
f 4615 4766 3365
f 4615 4719 4766
f 4670 4766 4719
f 4717 4670 4719
f 4717 4719 4720
f 4720 2272 4717
f 2274 4717 2272
f 2272 2273 2274
f 4720 2273 2272
f 4062 2273 4720
f 4720 4719 2724
f 2724 4719 2716
f 4766 4670 2740
f 2716 4719 4615
f 2715 2724 2716
f 3174 3538 3539
f 4062 4720 2724
f 3539 4166 4063
f 4062 4061 2273
f 4063 4166 4075
f 3156 2273 4061
f 2273 3156 3816
f 2273 3816 2274
f 4717 2274 4670
f 2740 4670 2741
f 3942 3810 3954
f 2741 3943 4663
f 2741 4663 2739
f 2739 2740 2741
f 3365 4766 2740
f 3743 3363 4269
f 3364 4564 3365
f 4563 2714 4564
f 4563 3609 2714
f 4335 3607 3609
f 4326 4334 3605
f 4327 4326 3605
f 3351 4329 4335
f 4329 2308 3580
f 2308 2309 2310
f 2309 4657 3920
f 3350 4656 4328
f 2748 3921 4657
f 3921 2748 2750
f 4327 3752 4656
f 3603 3363 3752
f 2748 2749 2750
f 2750 3119 3921
f 3119 3338 3925
f 3743 3337 3363
f 3923 3338 3745
f 3743 4278 3744
f 3745 4385 3923
f 3923 4385 3930
f 4385 4231 3930
f 4385 3595 4231
f 4278 3593 3744
f 4275 3594 3593
f 3939 4231 3595
f 4097 2505 3594
f 2505 2506 2507
f 4100 1042 2507
f 3332 3331 4227
f 3332 4227 3394
f 3331 4235 4227
f 4235 4350 4227
f 4235 1147 4350
f 4224 1147 4235
f 1147 4224 1145
f 3331 4224 4235
f 4198 4224 3331
f 1042 1043 1044
f 3130 4197 1043
f 4198 1145 4224
f 4255 4197 4247
f 1145 1146 1147
f 1502 1147 1146
f 1501 1147 1502
f 1501 1502 1503
f 1503 1502 1524
f 1502 4202 1524
f 4202 1525 1524
f 1523 1524 1525
f 4256 1523 1525
f 4202 4256 1525
f 4247 4246 4255
f 4246 4247 3302
f 4247 4497 3302
f 1146 4202 1502
f 4201 4256 4202
f 4201 2771 4256
f 4256 2771 2770
f 2770 2771 2772
f 2770 2772 4637
f 2772 4638 4637
f 4637 4638 4380
f 4731 4380 4638
f 2202 4731 4638
f 4731 2202 4447
f 4447 4730 4731
f 4730 4728 4731
f 2355 4731 4728
f 4728 2356 2355
f 2354 2355 2356
f 2356 4728 4626
f 2356 4626 2781
f 2356 2781 3418
f 3418 2781 4775
f 4775 2781 2783
f 4775 2783 4452
f 2781 2782 2783
f 2782 2781 4626
f 4626 4572 2782
f 4727 2782 4572
f 4572 4780 4727
f 4727 4780 4725
f 4725 4457 4727
f 4725 4780 4726
f 4724 4725 4726
f 4726 2015 4724
f 2015 4507 4724
f 4724 4507 4409
f 4409 4408 4724
f 4407 4408 4409
f 2542 4407 4409
f 2542 4257 4407
f 4586 4407 4257
f 4586 4257 2072
f 4405 4586 2072
f 4405 2072 4406
f 4852 4405 4406
f 4852 4406 2523
f 4836 4852 2523
f 2523 4810 4836
f 4836 4810 4835
f 51 4835 4810
f 51 4810 52
f 51 52 53
f 53 1483 51
f 51 1483 4355
f 51 4355 4826
f 4826 4355 4353
f 4826 4353 3253
f 4353 4355 1483
f 1483 4354 4353
f 100 4353 4354
f 4354 101 100
f 99 100 101
f 99 101 2134
f 4738 99 2134
f 241 4738 2134
f 1921 241 2134
f 1921 2134 2135
f 2135 1922 1921
f 1921 1922 1923
f 1923 2820 1921
f 4735 2820 1923
f 4735 1923 4736
f 4735 4736 4567
f 4735 4567 4294
f 4294 4567 4292
f 4292 4293 4294
f 4294 4293 2824
f 2824 2820 4294
f 2824 1863 2820
f 2820 1863 242
f 242 4820 2820
f 2820 4820 241
f 4820 242 241
f 240 241 242
f 3926 240 242
f 3926 4393 240
f 4393 4739 240
f 4738 240 4739
f 4739 2165 4738
f 2165 328 4738
f 328 2165 2164
f 2164 4207 328
f 328 4207 329
f 328 329 99
f 100 329 4207
f 4831 4207 2164
f 2164 4307 4831
f 2164 2166 4307
f 2164 2165 2166
f 2166 2165 4739
f 4739 4463 2166
f 4462 2166 4463
f 4463 4739 4393
f 4393 4460 4463
f 4608 4463 4460
f 4460 4459 4608
f 4459 4304 4608
f 4459 4460 4461
f 4461 4248 4459
f 4320 4459 4248
f 4461 1862 4248
f 4843 4248 1862
f 4843 1862 1861
f 1861 469 4843
f 469 468 4843
f 468 469 470
f 4424 468 470
f 470 4420 4424
f 4424 4420 4838
f 4424 4838 4262
f 4838 4420 4191
f 815 4191 4420
f 536 815 4420
f 4420 4421 536
f 4421 537 536
f 535 536 537
f 537 4236 535
f 4236 4222 535
f 535 4222 2202
f 2202 2201 535
f 2201 2202 2203
f 816 2201 2203
f 4188 816 2203
f 4188 2203 4377
f 4377 2203 2772
f 815 816 4188
f 4188 4847 815
f 816 536 2201
f 2202 2772 2203
f 4292 4222 4236
f 4850 4292 4236
f 4788 4850 4236
f 4829 4850 4788
f 4479 4829 4788
f 4788 4449 4479
f 4479 4449 681
f 680 4479 681
f 680 681 470
f 680 2824 4479
f 681 4449 4420
f 4449 4788 4421
f 4293 4829 4479
f 4850 4829 4292
f 4292 730 4222
f 4447 4222 730
f 730 4446 4447
f 729 4446 730
f 728 729 730
f 4842 728 730
f 4736 728 4842
f 3997 728 4736
f 3997 2232 728
f 2232 972 728
f 1805 972 2232
f 1805 1850 972
f 1850 973 972
f 972 973 729
f 4545 973 1850
f 4545 1850 1852
f 4545 1852 4546
f 4812 4545 4546
f 4812 4546 4813
f 4813 4213 4812
f 4212 4812 4213
f 4212 4213 4204
f 1150 4212 4204
f 4204 2015 1150
f 2014 1150 2015
f 1148 1150 2014
f 1148 2014 4726
f 4726 4822 1148
f 1339 1148 4822
f 1339 4822 4780
f 1338 1148 1339
f 1337 1338 1339
f 1337 1339 4572
f 1337 4299 1338
f 1338 4299 1149
f 4299 4300 1149
f 4300 4311 1149
f 4311 1150 1149
f 4545 4311 4300
f 4299 973 4300
f 973 4299 4446
f 4730 4446 4299
f 4299 1337 4730
f 4730 1337 4626
f 1149 1148 1338
f 1148 1149 1150
f 4311 4212 1150
f 2543 4204 4213
f 4213 4260 2543
f 4260 4259 2543
f 2543 4259 4432
f 2544 2543 4432
f 4432 2073 2544
f 2544 2073 4257
f 2073 4432 4244
f 4244 2074 2073
f 2072 2073 2074
f 4076 2072 2074
f 1835 4076 2074
f 4076 1835 1834
f 4672 4076 1834
f 4672 1834 825
f 824 4672 825
f 824 825 655
f 655 657 824
f 657 4487 824
f 4487 2525 824
f 2525 4487 4810
f 4186 4487 657
f 4186 657 930
f 4186 930 4184
f 4184 4185 4186
f 53 4186 4185
f 4185 1481 53
f 1326 1481 4185
f 4671 1326 4185
f 1326 4671 1327
f 1326 1327 1328
f 4569 1326 1328
f 4569 1328 3956
f 3956 4568 4569
f 4569 4568 4721
f 4721 1481 4569
f 1482 1481 4721
f 4721 4289 1482
f 2095 1482 4289
f 2095 4289 4283
f 2095 4283 2096
f 2095 2096 2097
f 2097 4354 2095
f 4723 2097 2096
f 4723 2096 1922
f 2742 1922 2096
f 1922 2742 1564
f 1922 1564 1563
f 1562 1563 1564
f 1564 2754 1562
f 1803 1562 2754
f 1851 1803 2754
f 2754 2755 1851
f 2755 4384 1851
f 4384 1852 1851
f 4384 4383 1852
f 4382 4383 4384
f 446 4382 4384
f 1785 4382 446
f 1785 446 445
f 1457 1785 445
f 1457 445 447
f 1456 1457 447
f 1456 447 4478
f 4478 4283 1456
f 1456 4283 4568
f 4568 4824 1456
f 4824 1783 1456
f 4824 3965 1783
f 3965 3899 1783
f 2122 1783 3899
f 3899 3898 2122
f 2122 3898 1983
f 2122 1983 1784
f 1983 4819 1784
f 4524 1784 4819
f 4818 4524 4819
f 4819 4529 4818
f 4818 4529 1162
f 1161 4818 1162
f 1160 1161 1162
f 4490 1160 1162
f 4490 1162 4494
f 4494 4261 4490
f 4106 4490 4261
f 4260 4106 4261
f 4267 4106 4260
f 4267 4260 4813
f 4107 4106 4267
f 4107 4267 4546
f 4546 4383 4107
f 4107 4383 1161
f 4524 1161 4383
f 1160 4106 4107
f 4494 4674 4261
f 4674 4259 4261
f 4494 4244 4674
f 4494 4102 4244
f 4102 1835 4244
f 1835 4102 1833
f 4102 4785 1833
f 1833 4785 4151
f 1833 4151 4747
f 4747 3977 1833
f 1834 1833 3977
f 3977 4747 841
f 840 3977 841
f 840 841 842
f 4022 840 842
f 842 4021 4022
f 4021 4077 4022
f 4022 4077 198
f 198 4018 4022
f 4018 198 931
f 931 656 4018
f 656 655 4018
f 930 656 931
f 930 931 932
f 931 197 932
f 197 1881 932
f 1735 932 1881
f 1883 1735 1881
f 1881 1882 1883
f 1883 1882 741
f 1883 741 2185
f 3969 1883 2185
f 3969 2185 4511
f 1736 3969 4511
f 4511 4781 1736
f 4781 3964 1736
f 3956 1736 3964
f 3964 3965 3956
f 2950 3965 3964
f 1399 2950 3964
f 1399 1002 2950
f 2950 1002 2951
f 2950 2951 3899
f 2951 1001 3899
f 1002 1001 2951
f 1001 1002 1003
f 1003 4083 1001
f 4083 4084 1001
f 1001 4084 3898
f 1981 3898 4084
f 4796 1981 4084
f 4796 1100 1981
f 1982 1981 1100
f 4079 1982 1100
f 1099 4079 1100
f 1098 1099 1100
f 1100 794 1098
f 794 1904 1098
f 3945 1098 1904
f 1905 3945 1904
f 1904 796 1905
f 4035 1905 796
f 796 4180 4035
f 4180 4130 4035
f 4034 4035 4130
f 4034 4130 2429
f 4034 2429 4178
f 4533 4034 4178
f 4177 4533 4178
f 4176 4177 4178
f 4848 4176 4178
f 1235 4176 4848
f 1235 4848 4799
f 1233 1235 4799
f 4799 1174 1233
f 1354 1233 1174
f 1173 1354 1174
f 1173 1174 1175
f 1175 1951 1173
f 4119 1173 1951
f 1951 3876 4119
f 4120 4119 3876
f 3876 3875 4120
f 3875 4128 4120
f 1265 4120 4128
f 4128 4129 1265
f 1265 4129 1266
f 1265 1266 1267
f 1265 1267 1924
f 3857 1265 1924
f 3857 1924 1940
f 1942 3857 1940
f 1940 1941 1942
f 4054 1942 1941
f 4054 1941 4055
f 4054 4055 4056
f 4056 4165 4054
f 4054 4165 3878
f 3878 4789 4054
f 4789 4050 4054
f 4054 4050 4049
f 4048 4049 4050
f 4050 4794 4048
f 4119 4048 4794
f 4794 4050 4792
f 4792 1355 4794
f 1355 1173 4794
f 4792 4157 1355
f 4157 1353 1355
f 1353 1354 1355
f 1353 1234 1354
f 1353 4159 1234
f 4159 1235 1234
f 418 4159 1353
f 1068 418 1353
f 1353 4156 1068
f 1069 1068 4156
f 1069 4156 4157
f 4157 1425 1069
f 1425 1426 1069
f 1426 4797 1069
f 1069 4797 1975
f 1067 1069 1975
f 1812 1067 1975
f 1974 1812 1975
f 1974 1975 113
f 4073 1974 113
f 115 4073 113
f 113 114 115
f 115 114 4466
f 347 115 4466
f 473 347 4466
f 1898 473 4466
f 1898 4466 4708
f 4708 2226 1898
f 1898 2226 1750
f 1750 471 1898
f 2658 471 1750
f 1749 2658 1750
f 1749 1750 1751
f 1751 4489 1749
f 2657 1749 4489
f 173 2657 4489
f 173 4489 2067
f 2067 1710 173
f 173 1710 174
f 172 173 174
f 172 174 4492
f 4492 2657 172
f 2657 4492 2658
f 2658 4492 3978
f 2658 3978 897
f 897 3978 2186
f 897 2186 3972
f 898 897 3972
f 3972 4786 898
f 898 4786 1659
f 898 1659 345
f 898 345 472
f 347 472 345
f 345 346 347
f 345 1658 346
f 346 1658 1889
f 1889 1888 346
f 4073 346 1888
f 1888 3901 4073
f 3901 1888 4499
f 4499 1597 3901
f 1813 3901 1597
f 1813 1597 1176
f 1813 1176 1811
f 1811 1812 1813
f 1812 1811 4763
f 1812 4763 1908
f 4763 1873 1908
f 4501 1908 1873
f 1873 419 4501
f 418 4501 419
f 417 418 419
f 419 4343 417
f 4343 3832 417
f 417 3832 4159
f 3832 4177 4159
f 3832 3824 4177
f 3831 3824 3832
f 3831 623 3824
f 3823 3824 623
f 623 2878 3823
f 2878 4745 3823
f 3823 4745 4034
f 4034 4745 554
f 552 554 4745
f 552 553 554
f 553 1745 554
f 554 1745 3946
f 3946 4035 554
f 3947 3946 1745
f 1745 4550 3947
f 3957 3947 4550
f 4747 3957 4550
f 1098 3947 3957
f 1745 841 4550
f 3945 3946 3947
f 553 842 1745
f 4021 553 552
f 2877 4021 552
f 2877 552 2878
f 622 2877 2878
f 4508 2877 622
f 621 4508 622
f 621 622 623
f 621 4095 4508
f 4095 2889 4508
f 2889 4095 2890
f 2889 2890 196
f 4077 2889 196
f 2889 4077 2877
f 196 2890 4067
f 4066 196 4067
f 4066 1881 196
f 4066 4067 2890
f 742 4066 2890
f 2890 2127 742
f 742 2127 743
f 741 742 743
f 743 2142 741
f 2142 3848 741
f 2142 1616 3848
f 1400 3848 1616
f 1616 3998 1400
f 1400 3998 1003
f 3998 3991 1003
f 3991 3998 3999
f 3999 1866 3991
f 1868 3991 1866
f 1866 1867 1868
f 1868 1867 4565
f 1868 4565 4083
f 4565 4776 4083
f 4083 4776 4796
f 795 4796 4776
f 795 794 4796
f 794 795 796
f 4481 796 795
f 4565 4481 795
f 3928 4481 4565
f 3928 796 4481
f 3927 796 3928
f 3915 3927 3928
f 3928 3916 3915
f 2119 3915 3916
f 2119 3916 4270
f 2118 2119 4270
f 2118 4270 1615
f 2118 1615 4589
f 4589 1178 2118
f 1176 1178 4589
f 4851 1176 4589
f 1617 4851 4589
f 4397 4851 1617
f 4397 1617 2143
f 4588 4397 2143
f 2143 4578 4588
f 4588 4578 1874
f 1874 4578 4577
f 1874 4577 4343
f 4344 4343 4577
f 4577 2126 4344
f 2128 4344 2126
f 2126 2127 2128
f 2127 4095 2128
f 4579 2127 2126
f 2126 4578 4579
f 4579 4578 2142
f 4344 2128 3831
f 2128 621 3831
f 3831 4343 4344
f 2126 4577 4578
f 2142 4578 2143
f 2141 2142 2143
f 4588 1874 4397
f 4397 1874 1873
f 2141 2143 1617
f 2141 1617 1616
f 1615 1616 1617
f 4851 4397 1811
f 1176 1177 1178
f 1178 1177 4131
f 4131 4652 1178
f 4652 4288 1178
f 1178 4288 4287
f 1178 4287 2119
f 3927 4287 4288
f 4288 2430 3927
f 4130 3927 2430
f 2430 4288 2159
f 2159 2431 2430
f 2429 2430 2431
f 2429 2431 4799
f 4799 2431 2158
f 2159 2158 2431
f 2157 2158 2159
f 2157 2159 4131
f 1598 2157 4131
f 2157 1598 4500
f 4386 2157 4500
f 4386 4500 4144
f 4144 1175 4386
f 2158 4386 1175
f 1952 1175 4144
f 1887 1952 4144
f 2170 1952 1887
f 1887 1889 2170
f 1952 2170 1951
f 1657 1951 2170
f 1658 1657 2170
f 1657 1658 1659
f 1659 4609 1657
f 1657 4609 3876
f 3874 3876 4609
f 4825 3874 4609
f 3874 4825 4455
f 4455 4454 3874
f 3874 4454 3875
f 4129 4454 4455
f 4455 4517 4129
f 4844 4517 4455
f 4770 4517 4844
f 4596 4770 4844
f 2188 4596 4844
f 2188 4844 4786
f 4786 4844 4825
f 2187 4596 2188
f 2186 2187 2188
f 2187 2109 4596
f 2109 4233 4596
f 2109 4547 4233
f 4547 4601 4233
f 4601 4234 4233
f 4232 4233 4234
f 1266 4232 4234
f 1266 4234 2212
f 2211 2212 4234
f 2211 1682 2212
f 2212 1682 1267
f 1925 1267 1682
f 1925 1682 1681
f 1681 1940 1925
f 1681 1682 1683
f 209 1681 1683
f 3905 209 1683
f 1683 2312 3905
f 3905 2312 2311
f 2091 3905 2311
f 2091 2311 4389
f 2091 4389 4367
f 2092 2091 4367
f 4367 4584 2092
f 2295 2092 4584
f 2296 2295 4584
f 4584 2235 2296
f 2296 2235 4767
f 2296 4767 1575
f 1575 2227 2296
f 2227 1575 1574
f 2226 2227 1574
f 1574 2665 2226
f 1574 1576 2665
f 1576 4840 2665
f 2665 4840 4489
f 4441 4489 4840
f 4192 4441 4840
f 2065 4441 4192
f 4192 2234 2065
f 2236 2065 2234
f 2234 2235 2236
f 2235 4806 2236
f 2236 4806 2066
f 4806 1711 2066
f 1710 2066 1711
f 1709 1710 1711
f 1711 4807 1709
f 4807 4811 1709
f 1709 4811 1527
f 1527 1526 1709
f 4210 1709 1526
f 4210 1526 4211
f 4210 4211 174
f 4211 4561 174
f 2111 174 4561
f 4561 4542 2111
f 4547 2111 4542
f 4542 4430 4547
f 1480 4430 4542
f 1478 1480 4542
f 1478 1479 1480
f 1480 1479 2048
f 1480 2048 4768
f 4768 2313 1480
f 2311 2313 4768
f 2009 4768 2048
f 2009 2048 2010
f 2009 2010 2011
f 4309 2009 2011
f 4309 2011 4806
f 4806 2011 4849
f 4806 4849 4807
f 4390 2009 4309
f 4570 4390 4309
f 4309 2235 4570
f 4570 4367 4390
f 4389 2009 4390
f 4849 2011 2010
f 4849 2010 2047
f 4849 2047 4811
f 2048 2047 2010
f 2047 2048 1527
f 4389 4768 2009
f 1479 1527 2048
f 4211 1479 1478
f 4430 1480 2313
f 2313 4601 4430
f 2312 4601 2313
f 2312 2211 4601
f 1478 4542 4561
f 1478 4561 4211
f 4211 1526 1479
f 1526 1527 1479
f 1527 4811 2047
f 4807 4849 4811
f 1710 1709 4210
f 1711 4806 4807
f 2235 4309 4806
f 2065 2236 2066
f 2065 2066 2067
f 1576 2234 4192
f 1576 4767 2234
f 2065 2067 4441
f 4840 1576 4192
f 3858 2227 2226
f 4538 2227 3858
f 4538 3858 3860
f 3860 4056 4538
f 4538 4056 4620
f 2295 4538 4620
f 211 4620 4056
f 4620 211 210
f 2092 4620 210
f 209 210 211
f 4055 209 211
f 3860 3879 4056
f 3859 3879 3860
f 114 3879 3859
f 3859 4708 114
f 3858 4708 3859
f 114 3880 3879
f 3878 3879 3880
f 3858 3859 3860
f 2227 4538 2295
f 1574 1575 1576
f 4767 1576 1575
f 2235 2234 4767
f 2235 4584 4570
f 2227 2295 2296
f 4620 2092 2295
f 4584 4367 4570
f 210 2091 2092
f 4367 4389 4390
f 4768 4389 2311
f 210 3905 2091
f 2311 2312 2313
f 1683 2211 2312
f 3905 210 209
f 1941 1681 209
f 1683 1682 2211
f 4517 4232 1266
f 4770 4233 4232
f 4601 2211 4234
f 4547 4430 4601
f 2111 4547 2109
f 2109 2110 2111
f 2110 4492 2111
f 2110 2109 2187
f 3978 2110 2187
f 4770 4596 4233
f 4232 4517 4770
f 4844 4455 4825
f 4825 4609 1659
f 1887 4144 4500
f 1887 4500 4499
f 1597 4500 1598
f 1597 1598 1177
f 4386 2158 2157
f 4131 2159 4288
f 4288 4652 4131
f 1598 4131 1177
f 4589 1615 1617
f 3999 1615 4270
f 2118 1178 2119
f 4270 3916 1866
f 4287 3915 2119
f 1867 3916 3928
f 4287 3927 3915
f 4565 795 4776
f 1867 3928 4565
f 3916 1867 1866
f 3991 1868 4083
f 4270 1866 3999
f 3999 3998 1615
f 1615 3998 1616
f 1400 4511 3848
f 1400 1399 4511
f 2141 1616 2142
f 743 4579 2142
f 4579 743 2127
f 1882 4066 742
f 2890 4095 2127
f 2128 4095 621
f 2889 2877 4508
f 2878 552 4745
f 622 2878 623
f 3824 3823 4533
f 3831 621 623
f 4343 3831 3832
f 419 1874 4343
f 419 1873 1874
f 1908 4501 1067
f 4501 1068 1067
f 4397 1873 4763
f 4763 1811 4397
f 1176 4851 1811
f 1176 1597 1177
f 3901 1813 1974
f 4499 4500 1597
f 1887 4499 1888
f 1887 1888 1889
f 2170 1889 1658
f 345 1659 1658
f 4786 4825 1659
f 3972 2188 4786
f 472 897 898
f 471 897 472
f 471 472 473
f 2186 2188 3972
f 3978 2187 2186
f 4492 2110 3978
f 174 2111 4492
f 1710 4210 174
f 2066 1710 2067
f 4489 4441 2067
f 2657 173 172
f 4489 1751 2665
f 1750 2665 1751
f 1749 2657 2658
f 471 2658 897
f 2665 1750 2226
f 4708 3858 2226
f 1898 471 473
f 473 472 347
f 346 115 347
f 114 4708 4466
f 3880 114 113
f 113 4797 3880
f 4789 3880 4797
f 115 346 4073
f 3901 1974 4073
f 1974 1813 1812
f 1908 1067 1812
f 1975 4797 113
f 4797 1426 4789
f 4792 4789 1426
f 1426 1425 4792
f 1067 1068 1069
f 4501 418 1068
f 418 417 4159
f 4156 1353 4157
f 1425 4157 4792
f 4048 1942 4049
f 4789 4792 4050
f 3880 4789 3878
f 3879 3878 4165
f 3879 4165 4056
f 211 4056 4055
f 4055 1941 209
f 4054 4049 1942
f 1941 1940 1681
f 1942 4048 3857
f 4120 3857 4048
f 1924 1925 1940
f 1924 1267 1925
f 1267 1266 2212
f 1266 4129 4517
f 4454 4129 4128
f 1265 3857 4120
f 3875 4454 4128
f 3874 3875 3876
f 4048 4119 4120
f 3876 1951 1657
f 4794 1173 4119
f 1951 1175 1952
f 2158 1175 1174
f 1173 1355 1354
f 1354 1234 1233
f 2158 1174 4799
f 1233 1234 1235
f 2429 4799 4848
f 4159 4176 1235
f 4159 4177 4176
f 4533 4177 3824
f 3823 4034 4533
f 4848 4178 2429
f 4130 2430 2429
f 4034 554 4035
f 4180 3927 4130
f 3927 4180 796
f 1905 4035 3946
f 3945 1905 3946
f 1098 3945 3947
f 796 1904 794
f 1099 1098 3957
f 3957 1969 1099
f 1968 1099 1969
f 1969 4528 1968
f 1968 4528 4529
f 4529 4079 1968
f 1969 4493 4528
f 1162 4528 4493
f 4493 1969 4785
f 4151 1969 3957
f 1968 4079 1099
f 1982 4079 4529
f 1981 1982 1983
f 4796 794 1100
f 4083 4796 4084
f 4083 1003 3991
f 1400 1003 1002
f 1002 1399 1400
f 3964 4781 1399
f 4781 4511 1399
f 1736 1735 3969
f 1734 1735 1736
f 1328 1734 1736
f 4511 2185 3848
f 2185 741 3848
f 1882 742 741
f 1881 4066 1882
f 1735 1883 3969
f 1734 932 1735
f 4184 932 1734
f 4671 4184 1734
f 1881 197 196
f 196 197 198
f 198 197 931
f 196 198 4077
f 4077 4021 2877
f 4021 842 553
f 4018 840 4022
f 4018 825 840
f 842 841 1745
f 825 3977 840
f 4550 841 4747
f 4151 3957 4747
f 4151 4785 1969
f 4102 4493 4785
f 4493 4102 4494
f 4493 4494 1162
f 1160 4490 4106
f 1161 1160 4107
f 1162 4529 4528
f 1982 4529 4819
f 1161 4524 4818
f 1785 1784 4524
f 1783 1784 1785
f 1983 1982 4819
f 3898 1981 1983
f 1001 3898 3899
f 2122 1784 1783
f 2950 3899 3965
f 3956 3965 4824
f 4283 4478 2742
f 447 1564 4478
f 1456 1783 1457
f 1785 1457 1783
f 445 446 447
f 447 446 2754
f 1785 4524 4382
f 4382 4524 4383
f 446 4384 2755
f 2754 446 2755
f 1803 1851 1804
f 1803 1804 1805
f 1563 1803 1805
f 1805 4765 1563
f 1563 4765 1923
f 4765 3997 1923
f 4765 1805 3997
f 1804 1851 1850
f 2754 1564 447
f 1562 1803 1563
f 4478 1564 2742
f 101 2097 4723
f 4283 2742 2096
f 4289 4568 4283
f 1482 2095 4354
f 1481 1482 1483
f 4289 4721 4568
f 4568 3956 4824
f 3956 1328 1736
f 1734 1328 1327
f 1327 4671 1734
f 1326 4569 1481
f 4185 4184 4671
f 4184 930 932
f 657 656 930
f 4186 52 4487
f 655 656 657
f 655 825 4018
f 2525 4672 824
f 2525 2524 4672
f 2523 2524 2525
f 825 1834 3977
f 2524 4076 4672
f 1833 1834 1835
f 2524 2072 4076
f 2074 4244 1835
f 4674 4244 4432
f 2542 2543 2544
f 4432 4259 4674
f 4259 4260 4261
f 4204 2543 2542
f 4204 2542 4507
f 4812 4212 4311
f 4813 4260 4213
f 4813 4546 4267
f 4311 4545 4812
f 4546 1852 4383
f 1850 1851 1852
f 4300 973 4545
f 1804 1850 1805
f 2232 3997 1805
f 728 972 729
f 973 4446 729
f 4292 4842 730
f 4788 4236 537
f 536 535 2201
f 4421 4788 537
f 4420 4449 4421
f 815 536 816
f 4191 815 4847
f 4191 4847 3301
f 470 681 4420
f 470 469 680
f 1861 680 469
f 1863 680 1861
f 1861 1862 1863
f 1863 1862 3926
f 1862 4461 4460
f 3266 4463 4608
f 4460 4393 1862
f 4393 3926 1862
f 242 1863 3926
f 1863 2824 680
f 4479 2824 4293
f 4293 4292 4829
f 4842 4292 4567
f 4567 4736 4842
f 3997 4736 1923
f 2820 4735 4294
f 1563 1923 1922
f 2135 4723 1922
f 2135 2134 4723
f 241 1921 2820
f 240 4738 241
f 99 4738 328
f 2134 101 4723
f 100 99 329
f 101 4354 2097
f 4353 100 4641
f 4354 1483 1482
f 1483 53 1481
f 53 52 4186
f 52 4810 4487
f 4826 4835 51
f 3252 4835 4826
f 4835 3252 4852
f 2525 4810 2523
f 4835 4852 4836
f 2523 4406 2524
f 3638 4405 4852
f 4406 2072 2524
f 4405 4887 4586
f 3637 4887 4405
f 3637 4416 4887
f 2073 2072 4257
f 4887 4407 4586
f 4257 2542 2544
f 4887 4408 4407
f 4507 2542 4409
f 2015 4204 4507
f 2014 2015 4726
f 4724 4458 4725
f 4822 4726 4780
f 4780 4572 1339
f 1337 4572 4626
f 4730 4626 4728
f 4446 4730 4447
f 4222 4447 2202
f 4731 2355 4380
f 2202 4638 2772
f 4377 2772 2771
f 4377 2771 4201
f 4188 4377 4201
f 4847 4188 3301
f 3302 4189 4246
f 4497 4539 3302
f 3300 4191 3301
f 4262 4838 4191
f 3589 4424 4262
f 4439 3588 3587
f 3589 468 4424
f 4843 468 4265
f 4843 4265 4249
f 4433 4250 4264
f 4248 4843 4249
f 3296 4320 4248
f 3296 3295 4320
f 4304 4459 4320
f 4316 3264 4303
f 3264 4316 4865
f 4865 4316 4866
f 4866 4899 4865
f 4865 4899 3265
f 4866 4863 4899
f 4899 4863 4900
f 4899 4900 4306
f 4900 4902 4306
f 4900 4863 4902
f 4863 4862 4902
f 4902 4862 3577
f 4862 4863 4864
f 4864 4858 4862
f 4862 4858 4642
f 4864 4903 4858
f 4903 4881 4858
f 4880 4858 4881
f 4881 4905 4880
f 4905 4907 4880
f 4880 4907 4378
f 4907 4908 4378
f 4907 3390 4908
f 4909 4908 3390
f 4908 4909 4634
f 4907 4905 3391
f 2766 4905 4881
f 3457 4858 4880
f 4881 4903 2766
f 4910 2766 4903
f 4910 4903 4864
f 4911 4910 4864
f 4911 4864 4912
f 4914 4911 4912
f 4866 4914 4912
f 4239 4914 4866
f 4914 4239 4911
f 4915 4910 4911
f 3397 4915 4911
f 4915 2767 4910
f 4912 4864 4863
f 4912 4863 4866
f 4866 4316 4239
f 4608 4304 3266
f 4865 3265 3264
f 4463 3266 4462
f 4899 4306 3265
f 2166 4462 4307
f 4307 3576 4831
f 4218 4306 4902
f 4902 3577 4218
f 3575 4831 3576
f 4862 4642 3577
f 3456 4642 4858
f 4207 4831 3575
f 4207 4641 100
f 4641 3253 4353
f 4206 3471 3251
f 3253 3252 4826
f 3252 4209 4852
f 3251 3471 3636
f 4209 3638 4852
f 3638 3637 4405
f 4443 4416 3637
f 4374 4413 4443
f 3471 3470 3636
f 4435 4434 4636
f 4221 4436 3471
f 4220 3456 4221
f 4434 4604 4636
f 4636 3458 4435
f 3457 3456 4858
f 3458 4375 4435
f 4375 4374 3472
f 4880 4378 3457
f 4378 4908 4583
f 4634 4583 4908
f 4634 4909 4361
f 4929 4361 4909
f 4929 4909 3385
f 3385 4930 4929
f 2722 4929 4930
f 2256 2722 4930
f 4633 4360 4226
f 4226 4360 4417
f 4360 4359 4417
f 4929 4369 4361
f 4369 4929 3377
f 4630 4368 3373
f 4630 4931 3627
f 4931 4932 3627
f 4933 3627 4932
f 4932 4856 4933
f 3327 4933 4856
f 4934 4856 4932
f 3328 4856 4934
f 4934 2455 3328
f 4935 3627 4933
f 3326 4935 4933
f 4451 4935 3326
f 4450 3627 4935
f 4932 4931 4934
f 4934 4931 3357
f 3366 4931 4630
f 4931 3366 2451
f 4450 3628 3627
f 3629 4417 4359
f 4226 4417 4241
f 4225 4633 4226
f 4413 4374 4225
f 4416 4443 4413
f 4887 4416 4408
f 4724 4408 3429
f 3427 4229 3445
f 3429 4458 4724
f 4725 4458 4457
f 3428 3427 3446
f 4727 4457 2782
f 2782 4625 2783
f 4464 3446 4425
f 4450 4425 3628
f 4625 4452 2783
f 4451 4450 4935
f 4607 4775 4452
f 4775 4607 3419
f 3418 4775 3419
f 2356 3418 4623
f 2356 4623 2354
f 2355 2354 4380
f 4637 4380 4388
f 4387 4381 3417
f 4637 4388 3403
f 4637 3403 2770
f 4256 2770 1523
f 1524 1523 1503
f 1501 1503 4281
f 4280 4582 3544
f 1147 1501 4566
f 4566 3611 1147
f 4350 1147 3611
f 4227 4350 3394
f 3396 3884 4338
f 4337 3376 3375
f 4401 4337 3375
f 4401 4612 4337
f 3332 3394 4612
f 4284 3332 4395
f 4285 4284 4395
f 4295 4285 4400
f 4394 4587 4410
f 4399 4398 4610
f 3939 4400 4399
f 4231 3939 3938
f 3938 3930 4231
f 3923 3930 3924
f 3310 3924 3311
f 3311 3756 4187
f 3922 3757 3931
f 3756 4540 3583
f 3015 4540 3013
f 3931 3914 3922
f 3937 3665 3914
f 3013 3667 3014
f 3937 3666 3665
f 4004 3869 3667
f 4003 3666 4410
f 4003 4402 4605
f 4004 4001 3870
f 4402 4002 4605
f 4001 4000 4333
f 4402 3374 4002
f 4346 3755 3374
f 3740 3755 4346
f 4602 4000 3754
f 4602 3990 4575
f 3990 3989 3840
f 4082 3840 3989
f 3840 4082 3308
f 3840 3308 3307
f 3042 3307 3281
f 3286 3042 3281
f 3285 3830 3286
f 3504 3285 3505
f 3503 3505 3958
f 3293 3968 3287
f 3292 3959 3293
f 3959 3292 3747
f 3690 3890 3958
f 3890 3690 3689
f 3689 4590 3034
f 3983 4590 3941
f 3941 3893 3983
f 3839 3894 3893
f 3839 3838 3486
f 3844 3838 3845
f 3845 2994 4684
f 3837 3834 3833
f 3746 3834 3691
f 2994 3748 2995
f 3747 3746 3959
f 3828 3561 3748
f 4072 3747 3292
f 3822 3562 3828
f 4072 3282 3821
f 3822 3661 3562
f 3309 3659 3821
f 4081 3660 3659
f 3661 3563 3562
f 3563 3909 3211
f 3212 3909 3904
f 4081 4139 3660
f 4139 3753 3902
f 3904 3903 3212
f 3740 3902 3755
f 4042 3212 3903
f 4043 4042 3892
f 4043 3892 3742
f 3741 3740 4346
f 3883 3741 4347
f 3742 3885 4015
f 3883 4338 3884
f 3985 4015 3885
f 3395 3610 3884
f 3546 3545 3610
f 3985 3984 4016
f 4582 3545 3544
f 3979 4504 3984
f 4124 4504 3553
f 3553 3738 3551
f 3552 3551 3847
f 3552 3847 3199
f 3849 3680 3735
f 3680 3855 3681
f 3780 3681 3855
f 3779 3778 3672
f 2214 4574 3780
f 4150 4574 3291
f 4154 4038 4571
f 3778 4154 3672
f 3673 4026 4033
f 3672 3881 3779
f 3881 3682 4158
f 3842 3682 3772
f 3842 3772 4116
f 4116 3772 3877
f 3736 3842 4116
f 3200 3199 3736
f 3944 3431 3200
f 3944 3508 3510
f 3769 3867 3434
f 3508 3770 3695
f 4169 4179 3441
f 3695 4254 3696
f 3089 4254 4562
f 3087 3089 4562
f 3087 3449 3961
f 3448 3962 3449
f 3448 3273 4228
f 3273 4465 3274
f 4465 3767 3835
f 3766 3765 3450
f 3982 3767 3981
f 3981 4560 4491
f 4160 4069 3766
f 4560 4071 4491
f 4164 4070 4069
f 4071 3051 3050
f 3440 4070 4170
f 3051 4060 3052
f 4060 3442 4141
f 4169 3441 3440
f 3441 4179 3966
f 3442 3436 3907
f 3966 4179 3434
f 3434 3774 3435
f 3436 3444 3907
f 3774 3773 3435
f 3948 3773 3674
f 3444 4477 3906
f 3948 3673 3949
f 4033 3949 3673
f 3721 4033 4032
f 3258 3721 4032
f 3258 4543 3721
f 3721 4543 3668
f 3950 3722 3670
f 3670 4020 4477
f 3499 4020 3498
f 1685 3498 3764
f 3556 3764 3763
f 3763 4013 4428
f 4544 4427 4013
f 3762 3669 4010
f 3669 3668 4543
f 4011 3761 4544
f 2803 3761 2802
f 4105 566 2802
f 4105 4104 567
f 4030 4741 4104
f 4030 4092 4537
f 4537 4087 3193
f 4125 4087 4518
f 3861 4518 4277
f 3548 4277 4276
f 4276 4534 3548
f 4175 4534 4530
f 4272 4531 4530
f 4531 4272 3799
f 4272 4271 4526
f 4271 4527 4526
f 4273 4536 3801
f 3801 4088 3802
f 4527 4271 3803
f 4330 3226 4331
f 4526 4527 4332
f 4272 4526 3800
f 3799 4272 3800
f 3799 4162 4531
f 4322 4163 4162
f 4619 4322 4321
f 4391 4618 4321
f 3541 4391 3049
f 4291 3541 3049
f 3026 3027 3030
f 4290 4426 4291
f 4065 4290 4286
f 4514 4853 3649
f 3649 4853 4854
f 4889 4854 4853
f 4853 2460 4889
f 4889 4979 4854
f 4979 4980 4854
f 3650 4854 4980
f 4980 4979 3688
f 1040 3688 4979
f 1040 4979 4889
f 2460 4853 4514
f 4065 4286 3651
f 4854 3650 3649
f 3651 2427 2426
f 3650 4980 4279
f 4980 4298 4279
f 4298 3784 4279
f 2427 4510 3728
f 4510 4509 4790
f 4194 4790 4509
f 4194 3794 4190
f 4411 4628 4190
f 4183 3432 4411
f 4122 3430 4183
f 3703 4121 4122
f 3701 3793 3702
f 4431 3703 4263
f 4171 4431 4182
f 4660 4182 4075
f 3157 4075 4429
f 4251 4258 3793
f 3793 3789 4251
f 4193 3790 3789
f 3790 4193 4506
f 3791 4242 4429
f 3158 4242 3960
f 3811 3960 3812
f 3810 3812 3954
f 3955 3954 3531
f 3532 3531 4024
f 4506 4243 3790
f 4024 4313 3144
f 4193 4312 4506
f 4200 4312 4195
f 4313 3786 3144
f 4199 3784 4200
f 4298 3785 3784
f 3144 3786 3733
f 4502 4219 3734
f 3785 4298 4297
f 4298 4980 3688
f 4214 3734 4219
f 3733 4502 3734
f 3145 3733 4448
f 3732 3782 3819
f 4448 4007 4006
f 4007 3132 3131
f 4197 3130 3132
f 4497 4247 4197
f 4497 4439 4539
f 3782 3820 3819
f 4439 4438 3588
f 4433 3588 4438
f 3781 4496 3782
f 4433 3818 4250
f 3294 3818 3817
f 3783 4208 3781
f 3817 4253 3294
f 4208 4216 1684
f 4252 4253 4371
f 4372 4495 1684
f 4371 3724 4317
f 3724 4240 4317
f 4240 4239 4316
f 3815 4911 4239
f 3814 3813 3723
f 573 4237 3814
f 4238 4911 3815
f 572 1876 4237
f 4238 3397 4911
f 3397 2767 4915
f 2765 2340 2333
f 2767 2766 4910
f 4905 2766 3392
f 2765 2445 2444
f 3392 3391 4905
f 2444 2441 3388
f 3391 3390 4907
f 3390 3385 4909
f 2441 2258 3388
f 2257 4930 3385
f 2257 2256 4930
f 2441 2265 2258
f 2265 2300 2266
f 2266 3408 3380
f 3380 3408 2720
f 2256 3378 2722
f 2721 2720 812
f 4929 2722 3377
f 3373 4369 3377
f 3372 2721 812
f 4630 3373 3368
f 3368 3366 4630
f 2451 3366 3361
f 3357 4931 2451
f 3357 3354 4934
f 2456 2834 1054
f 2945 2456 1054
f 2455 4934 3354
f 3329 2455 2454
f 3329 3328 2455
f 3327 4856 3328
f 3326 4933 3327
f 3326 3323 4451
f 3322 3324 2424
f 2471 4456 3323
f 2290 3322 2423
f 3619 2471 2470
f 2281 2844 2290
f 3318 3620 2470
f 2473 2844 2280
f 3317 4387 3318
f 3402 3317 2474
f 2391 2390 2473
f 2474 3313 3771
f 3306 3771 3313
f 3305 2390 2219
f 3304 4282 3306
f 4582 3304 3303
f 3303 3299 3737
f 2206 3971 3299
f 2219 2957 3305
f 2219 2798 2204
f 2205 3647 2206
f 2204 2798 2385
f 2214 3647 2205
f 4574 2214 2222
f 2385 2384 2215
f 2222 3291 4574
f 2736 3289 2384
f 4150 3291 3290
f 3290 3280 3776
f 3284 3289 2736
f 3278 3284 2425
f 2945 3278 2456
f 2945 2673 2180
f 2182 3280 2193
f 2180 2673 2181
f 2653 2181 2673
f 3775 2182 2190
f 2195 4052 2190
f 4051 2195 2365
f 2788 4040 2365
f 3258 4032 2788
f 4543 3258 2369
f 2370 3257 2366
f 4543 2369 3250
f 2370 3249 2368
f 3248 3247 3250
f 3247 3245 3250
f 4103 3245 2804
f 3240 4103 2804
f 3236 4098 3240
f 3802 3236 2546
f 2546 2545 3713
f 2553 2552 1794
f 2894 4266 2545
f 3227 4266 2894
f 3226 3711 3227
f 3224 4331 3226
f 3224 3223 3798
f 2583 4392 3223
f 2577 3222 2893
f 3048 3047 2583
f 3022 3048 3214
f 3023 3214 1891
f 2576 2909 2582
f 2909 2576 2578
f 1970 3207 1741
f 2578 1788 3205
f 2577 1789 1788
f 3232 2553 1789
f 1790 1802 3203
f 3203 1802 4982
f 4982 130 3203
f 3171 130 4982
f 4982 1802 3173
f 2553 1794 1793
f 1795 3197 4879
f 1795 4879 2481
f 3197 1801 4879
f 4879 1801 4991
f 4879 4991 3181
f 3181 4991 1758
f 1758 4867 3181
f 1794 1799 3195
f 2407 1800 1799
f 4991 1801 1754
f 3189 1800 2408
f 2406 1755 3189
f 1753 4991 1754
f 1758 4991 1753
f 1757 4867 1758
f 4867 1757 1764
f 3181 4867 1764
f 2477 4879 3181
f 2481 4879 2477
f 1795 2481 3175
f 3173 3175 2852
f 4982 3173 3171
f 130 3171 3168
f 2528 2527 2676
f 3114 2528 2564
f 2851 2562 3152
f 2564 2563 3114
f 2853 2482 2562
f 2563 2569 2963
f 3147 2482 2476
f 1763 1762 3147
f 1762 3183 2900
f 3183 1731 2900
f 2901 3117 2686
f 2686 2963 2569
f 2563 2963 3114
f 3114 3112 2526
f 2526 3112 2689
f 2526 2689 2616
f 2687 2691 2685
f 3112 2690 2689
f 3104 2691 683
f 3101 2616 2689
f 2537 2526 2616
f 2536 2537 2620
f 2621 2925 2926
f 2621 2926 2509
f 2509 2926 3066
f 2669 2620 3090
f 1747 2669 3090
f 2508 2621 2509
f 2510 2518 2651
f 3069 2871 2655
f 4946 2871 3069
f 2871 4946 4987
f 1808 2871 4987
f 1808 4987 4986
f 4986 4987 2931
f 2931 421 4986
f 2931 4987 4989
f 4987 4988 4989
f 4988 4950 4989
f 4989 4950 1723
f 1723 4950 1732
f 4949 1732 4950
f 4950 4993 4949
f 4949 4993 4951
f 4949 4951 576
f 576 4951 4874
f 4873 576 4874
f 4873 4874 4948
f 4952 4873 4948
f 4948 4861 4952
f 4952 4861 4995
f 4952 4995 4971
f 4971 4953 4952
f 4952 4953 4857
f 4952 4857 577
f 4953 629 4857
f 629 4953 4969
f 629 4969 4970
f 2948 629 4970
f 2948 4970 2639
f 4969 2984 4970
f 2984 4969 4953
f 4953 4996 2984
f 4996 4953 4971
f 2636 4996 4971
f 4971 4972 2636
f 4972 4971 4995
f 4972 4995 4861
f 4973 4972 4861
f 4973 4861 4974
f 4968 4973 4974
f 4974 4955 4968
f 4957 4968 4955
f 4955 4956 4957
f 4956 1944 4957
f 4956 4955 4959
f 3045 4956 4959
f 4959 4877 3045
f 4983 3045 4877
f 4877 4960 4983
f 4983 4960 2706
f 4960 3057 2706
f 4876 3057 4960
f 3061 3057 4876
f 4962 3061 4876
f 4876 4961 4962
f 4962 4961 4985
f 4942 4962 4985
f 4985 4871 4942
f 3063 4942 4871
f 4871 4985 4997
f 4871 4997 4859
f 4871 4859 4872
f 4944 4871 4872
f 4872 4951 4944
f 4871 4944 4947
f 4871 4947 3068
f 4946 3068 4947
f 4946 4947 4944
f 4944 4988 4946
f 4993 4988 4944
f 4872 4859 4948
f 4997 4860 4859
f 4859 4860 4861
f 4961 4860 4997
f 4961 4966 4860
f 4860 4966 4974
f 4961 4878 4966
f 4878 4877 4966
f 4877 4955 4966
f 4876 4877 4878
f 3062 4962 4942
f 4961 4997 4985
f 4961 4876 4878
f 4876 4960 4877
f 4955 4877 4959
f 1944 4968 4957
f 4967 4968 1944
f 4968 4967 4981
f 4981 2987 4968
f 4981 1954 2987
f 4981 4964 1954
f 4964 4981 4967
f 1943 4964 4967
f 4966 4955 4974
f 4973 4968 2987
f 4860 4974 4861
f 4973 2987 4972
f 4859 4861 4948
f 577 4873 4952
f 4948 4874 4872
f 4874 4951 4872
f 4993 4944 4951
f 1732 4949 576
f 4993 4950 4988
f 4987 4946 4988
f 3068 4946 3069
f 4871 3068 3063
f 3066 2519 2509
f 2926 2702 3066
f 3062 4942 3063
f 3062 3061 4962
f 2617 2703 2702
f 3061 2704 3057
f 2703 3055 2973
f 2707 2706 3057
f 3045 4983 2706
f 3043 4956 3045
f 3043 1959 4956
f 4875 1945 2826
f 4875 2826 137
f 1959 1944 4956
f 1944 1943 4967
f 1945 4875 3038
f 4875 148 3038
f 3038 148 1964
f 148 4875 2596
f 4964 1943 1954
f 3038 1964 1953
f 1954 2988 2987
f 4972 2987 2636
f 2991 1920 2635
f 2636 2984 4996
f 4970 2984 2639
f 1920 1919 2935
f 1919 2999 1822
f 2638 2948 2639
f 2638 463 1504
f 2999 1823 1822
f 2919 517 1823
f 2919 975 517
f 1824 2319 463
f 464 2320 1817
f 1817 2320 2554
f 1138 1865 2968
f 2962 2968 1856
f 2968 2962 1000
f 1513 2504 2393
f 2346 1000 2962
f 1000 1138 2968
f 1138 465 1865
f 1504 463 465
f 2638 1504 2948
f 630 629 2948
f 1836 4857 629
f 1836 577 4857
f 576 4873 577
f 1056 578 1096
f 1732 576 1057
f 1724 1732 2251
f 1723 1732 1724
f 2931 4989 1723
f 421 2931 2245
f 45 1722 84
f 84 4927 45
f 4927 84 2484
f 47 1294 2245
f 46 45 4927
f 46 4927 1725
f 1725 4927 2475
f 4927 1152 2475
f 422 1955 1946
f 1806 1294 47
f 1294 421 2245
f 421 1808 4986
f 1797 2871 1808
f 1797 1796 1849
f 423 422 1946
f 1249 1946 1955
f 1249 1955 2472
f 1849 1796 366
f 1797 1849 1848
f 2342 2872 1848
f 2342 716 2652
f 677 717 2453
f 676 1748 716
f 1748 1747 2651
f 2883 2669 1747
f 178 1746 678
f 1738 176 1656
f 1740 2883 177
f 1740 1739 2674
f 1656 2259 1738
f 3168 1739 2260
f 130 3168 2260
f 1741 3203 130
f 1382 129 131
f 1970 1741 1971
f 1970 1892 2910
f 1891 2910 1892
f 3023 1891 954
f 232 3024 954
f 2383 913 1886
f 914 913 1890
f 914 1345 2374
f 1773 915 1774
f 1929 302 1773
f 301 1773 302
f 233 1885 301
f 232 1885 233
f 3024 232 1760
f 4379 1760 1441
f 1987 2276 17
f 1977 3031 1441
f 1977 1985 3031
f 1985 1415 3030
f 1415 1414 4514
f 1416 2392 2461
f 4514 1414 2460
f 548 4889 2460
f 1691 2461 2392
f 546 1691 992
f 548 547 4889
f 4889 547 1040
f 1039 546 992
f 3688 1040 2395
f 3687 2395 2394
f 4215 2394 1684
f 4372 1684 501
f 992 502 1039
f 991 501 503
f 2392 992 1691
f 1674 2392 1416
f 991 2875 3725
f 2875 19 4365
f 4365 19 1670
f 17 1674 1440
f 18 17 2276
f 19 620 1670
f 18 2276 619
f 619 231 1167
f 1670 620 2330
f 783 4365 1670
f 783 573 3814
f 574 782 1167
f 572 4237 573
f 2325 574 1759
f 1759 1779 2325
f 572 1877 1876
f 2341 1876 1884
f 2341 1884 2862
f 1779 838 875
f 2364 4939 1869
f 2364 4941 4939
f 4941 891 4939
f 4939 891 4890
f 4890 2403 4939
f 2403 1870 4939
f 4941 2364 837
f 1884 876 2862
f 2341 2862 1871
f 1870 1869 4939
f 1871 832 2341
f 832 831 2061
f 2020 831 2329
f 1911 2034 2329
f 1910 3467 1911
f 2758 1910 1917
f 2357 833 1124
f 833 1870 2403
f 2403 4890 1907
f 4870 436 1906
f 1906 2848 4870
f 1084 1907 4890
f 1128 1084 4890
f 564 1085 1084
f 564 850 1085
f 1086 2848 1906
f 2086 4870 2848
f 4870 2086 1590
f 2085 1540 2084
f 2078 1590 2086
f 1590 2078 2077
f 4855 1590 2077
f 2547 1542 1541
f 1541 4918 2547
f 4918 4917 2547
f 4916 4917 4918
f 4916 4918 4868
f 4868 4919 4916
f 4868 4883 4919
f 4883 4882 4919
f 4882 4998 4919
f 4917 4919 4998
f 4998 4897 4917
f 4920 4917 4897
f 4897 4892 4920
f 4894 4920 4892
f 4892 1394 4894
f 1394 4892 4893
f 4920 4894 4896
f 4920 4896 1532
f 2560 1532 4896
f 4894 4895 4896
f 4896 4895 1567
f 4894 958 4895
f 958 254 4895
f 4897 4893 4892
f 4898 4893 4897
f 1423 4898 4897
f 4897 4882 1423
f 4893 4898 1351
f 1351 1395 4893
f 4917 4920 1532
f 4897 4998 4882
f 2387 4882 4883
f 4883 4869 2387
f 4869 4883 4868
f 4868 1135 4869
f 1135 4868 1541
f 4916 4919 4917
f 4918 1541 4868
f 2548 4855 2077
f 2548 2121 4855
f 1531 2547 4917
f 4917 1532 1531
f 1532 2560 2079
f 2121 2548 1533
f 4855 2121 2120
f 4855 2120 2833
f 2833 2120 1595
f 2113 2833 1595
f 1591 4855 2833
f 1591 1590 4855
f 1590 437 4870
f 4870 437 436
f 436 1126 1125
f 1126 2626 1917
f 435 1589 311
f 313 2757 2626
f 312 2849 313
f 2112 441 311
f 441 1594 379
f 2478 312 380
f 2622 3244 380
f 1594 1596 379
f 1596 2588 237
f 2622 239 3244
f 237 2588 238
f 239 389 4296
f 325 4308 389
f 2588 324 238
f 325 2561 4376
f 324 2079 2560
f 4896 1567 2560
f 2561 1568 4376
f 4370 1568 256
f 4895 333 1567
f 333 4895 254
f 256 255 4370
f 2483 255 1548
f 2483 1467 4362
f 1465 2001 271
f 1466 1470 1467
f 271 1994 1465
f 271 1650 1994
f 1994 1650 1995
f 1466 1996 2005
f 2155 2006 1995
f 1470 1466 2005
f 2004 2013 2491
f 3646 1470 1469
f 1469 2007 3652
f 2684 2778 2007
f 2225 4351 2778
f 2225 2229 4342
f 2229 1700 3644
f 2224 1699 1698
f 1700 2677 3254
f 1707 1699 2224
f 2146 2145 2677
f 2145 1628 3460
f 4422 1628 1627
f 1627 2615 4440
f 2615 2768 4444
f 1626 2138 2137
f 1707 2144 2138
f 1619 2144 1707
f 1621 2607 2768
f 1619 2038 1620
f 2040 3758 2607
f 1708 2039 2038
f 2040 2192 3758
f 2192 2183 3758
f 2183 2192 1500
f 2488 1471 2039
f 2013 1498 1471
f 1498 2013 1499
f 1499 1579 2025
f 1500 2024 2183
f 2183 2191 3758
f 2191 1489 3507
f 2025 1487 1671
f 2699 1489 1488
f 1488 2026 2699
f 2976 2026 2239
f 2100 2101 1487
f 1588 2101 1586
f 2239 1717 3466
f 1718 1588 2570
f 1716 3466 1717
f 1292 1716 2439
f 2233 1718 2570
f 2759 1244 2439
f 1319 1271 2759
f 2570 1714 2233
f 2237 2443 1319
f 1713 3807 2237
f 2694 3807 1713
f 1712 1714 2108
f 1512 1279 2108
f 2058 1280 1279
f 1281 1331 2694
f 2058 1653 1280
f 1653 2057 1654
f 1331 2624 2694
f 1972 2623 1654
f 1277 4341 2624
f 1240 2623 1379
f 4336 1277 1637
f 1287 1286 1637
f 1189 1163 1286
f 2725 1197 1156
f 1187 1189 2130
f 1187 2136 1227
f 3379 2136 1612
f 2725 1611 1610
f 3379 1612 2600
f 1663 2600 2599
f 1200 1199 1611
f 2171 2599 2124
f 1667 2124 1603
f 1603 1602 1667
f 1667 2171 2124
f 2599 2171 1663
f 1662 2597 1663
f 1661 526 2627
f 528 2922 1662
f 528 527 2244
f 2167 526 1661
f 2710 527 2705
f 2710 2705 1821
f 2711 1821 476
f 538 2167 539
f 1815 3415 476
f 439 2695 475
f 3412 1815 806
f 2692 3412 806
f 2692 1864 4482
f 2688 807 489
f 489 4990 2688
f 4837 2688 4990
f 4837 4990 2661
f 2661 4990 67
f 760 2688 4837
f 4990 489 68
f 812 4482 1864
f 3372 812 762
f 760 813 2688
f 760 4837 761
f 761 4837 1009
f 3367 762 2680
f 773 3362 2680
f 773 772 2452
f 2834 772 1054
f 1054 2673 2945
f 1053 774 2671
f 774 1855 1066
f 1066 761 1009
f 1009 4837 2661
f 2661 67 2660
f 2660 1721 2659
f 1721 55 2659
f 1008 1010 642
f 1903 1008 642
f 2673 1903 2653
f 2181 2653 651
f 651 650 2181
f 2189 650 584
f 3249 584 2646
f 2405 2404 2646
f 1755 2405 1767
f 585 600 586
f 601 93 1767
f 641 91 600
f 1756 93 92
f 91 1014 1897
f 92 2637 3183
f 103 1897 2659
f 2637 1731 3183
f 104 3129 1731
f 2659 55 103
f 104 57 3129
f 56 2861 57
f 2861 56 2629
f 2628 55 1721
f 1721 2660 67
f 68 67 4990
f 2629 69 430
f 429 68 489
f 430 1288 2629
f 429 490 1329
f 1288 1330 2489
f 439 1329 2695
f 1330 440 2489
f 439 475 372
f 440 374 724
f 1792 724 374
f 372 539 373
f 373 2168 1276
f 1276 2174 386
f 374 1248 1792
f 387 386 733
f 724 1792 388
f 724 723 2490
f 2618 723 2619
f 3123 2618 1847
f 733 732 387
f 684 683 1847
f 683 2608 3104
f 2592 685 733
f 3055 2608 1839
f 186 2592 2173
f 695 3055 1839
f 695 694 3046
f 188 3046 694
f 187 186 1604
f 1604 2129 187
f 1201 2129 1199
f 188 2603 3044
f 2603 194 2826
f 1239 193 1201
f 194 137 2826
f 1239 135 193
f 135 1154 136
f 137 2596 4875
f 1241 136 1242
f 1241 1240 149
f 148 2596 1737
f 148 147 1964
f 147 1378 2625
f 1379 149 1240
f 1378 1377 1928
f 1404 1379 2623
f 1936 1377 1405
f 2623 1972 1404
f 2584 3008 1405
f 2057 1972 1654
f 1343 3008 2584
f 1341 2057 2056
f 1342 1341 1520
f 4958 1342 1520
f 1573 4958 1520
f 4958 1572 1342
f 1572 4943 1342
f 4940 4943 1572
f 4940 4984 4943
f 950 4943 4984
f 950 4984 4945
f 4886 4945 4984
f 1545 4945 4886
f 1545 4805 4945
f 4945 4805 4804
f 4804 951 4945
f 4804 4805 910
f 1552 910 4805
f 4984 4940 4886
f 2090 4886 4940
f 1342 4943 1367
f 1368 3008 1343
f 1367 4943 950
f 1967 2572 1368
f 2572 2571 3004
f 2571 952 2601
f 950 4945 951
f 951 4804 976
f 2919 952 975
f 975 1893 517
f 909 976 4804
f 1893 1825 518
f 1825 2568 1816
f 1166 1816 2568
f 2568 911 248
f 909 4804 910
f 940 248 911
f 1238 1207 415
f 415 2125 1238
f 1238 2125 331
f 316 249 248
f 2568 248 1166
f 267 247 2249
f 1816 1166 1196
f 2320 1196 266
f 2320 266 2554
f 1439 1817 2554
f 1817 1439 1459
f 1988 1857 1459
f 1988 800 1857
f 798 800 1410
f 1979 1432 2238
f 1410 1431 986
f 376 985 984
f 798 1410 986
f 798 1018 756
f 376 1896 985
f 1521 1018 2521
f 616 1521 2521
f 1521 616 615
f 2520 1832 2133
f 4978 2520 2133
f 4814 4978 2133
f 4978 4814 4816
f 5001 4978 4816
f 4816 4975 5001
f 5001 4975 2520
f 4975 4977 2520
f 4975 4976 4977
f 4976 863 4977
f 4977 863 605
f 4994 4976 4975
f 4994 1872 4976
f 1121 1872 4994
f 4816 4994 4975
f 4965 4994 4816
f 4816 4815 4965
f 4815 2123 4965
f 1151 4965 2123
f 4994 4965 1151
f 4814 4815 4816
f 4814 4963 4815
f 4815 4963 139
f 139 4963 190
f 191 4963 4814
f 2520 4978 5001
f 615 653 2517
f 4977 560 2520
f 2517 559 615
f 852 559 558
f 4977 605 560
f 558 606 851
f 863 1828 605
f 863 2496 1828
f 606 2504 1513
f 2500 1828 2496
f 2504 874 2393
f 873 999 874
f 2500 903 872
f 902 628 873
f 2496 903 2500
f 1878 1097 902
f 828 1056 1097
f 85 828 827
f 863 829 2496
f 862 85 827
f 863 4976 1872
f 83 85 862
f 2484 84 83
f 2484 1122 4927
f 1120 1872 1121
f 1152 4927 1122
f 1151 1121 4994
f 1912 1151 118
f 2475 1152 1080
f 1725 2475 1807
f 1955 1807 2472
f 1249 2472 1260
f 1172 1249 1260
f 1172 367 1249
f 2462 1171 4928
f 4928 2376 2462
f 2098 2376 4928
f 4928 1171 922
f 367 2463 1442
f 367 1442 368
f 1798 368 2453
f 2453 2336 677
f 1840 2336 1183
f 1184 1443 1224
f 1841 1183 1182
f 4906 1841 1182
f 1449 1841 4906
f 1184 1223 1350
f 4906 1182 1417
f 1449 4906 1417
f 1300 2447 4913
f 4913 2447 1383
f 4913 1383 1301
f 1448 1841 1449
f 1655 178 1448
f 2442 176 1655
f 176 2442 2163
f 2163 1656 176
f 131 2259 1656
f 131 1381 1382
f 2433 1346 1381
f 2433 2156 1966
f 1640 2432 1639
f 1966 2156 1302
f 2432 1646 1645
f 1450 1300 1646
f 1300 4913 1301
f 2093 2421 4936
f 4936 2421 498
f 1571 2093 4936
f 1571 4936 848
f 1570 1257 1302
f 848 1258 1571
f 1315 2409 2416
f 1315 2416 1993
f 543 1993 2416
f 881 1257 1256
f 1347 881 880
f 1345 880 2374
f 1775 2374 928
f 927 303 928
f 927 838 1779
f 2364 838 837
f 2396 836 2000
f 2396 882 2088
f 837 892 4941
f 2088 1315 1993
f 891 4941 892
f 1128 4890 891
f 1128 564 1084
f 1993 543 563
f 2416 544 543
f 1258 848 544
f 545 850 564
f 850 849 1085
f 514 848 4936
f 849 515 1085
f 1540 515 500
f 498 514 4936
f 499 498 2421
f 500 1136 1540
f 1137 499 1301
f 1136 1135 1541
f 1384 4869 1135
f 1301 1383 1137
f 1384 2387 4869
f 2388 1383 2447
f 2387 1423 4882
f 2388 1424 2107
f 1423 1351 4898
f 2388 1350 1424
f 1223 1222 1350
f 2462 2376 1222
f 2099 2376 2098
f 2375 1395 1351
f 1395 1394 4893
f 1394 958 4894
f 958 957 254
f 2099 905 956
f 957 2367 254
f 2367 1359 919
f 919 270 269
f 270 1632 271
f 1634 2314 1649
f 271 1632 1650
f 1995 1650 2155
f 2314 2297 1649
f 2297 2315 1558
f 2155 1475 2006
f 1475 1560 1476
f 1559 1558 2315
f 1560 1573 1520
f 1573 1572 4958
f 4940 1572 2090
f 702 1559 2315
f 701 2288 702
f 2090 1546 4886
f 1547 2288 2271
f 1546 1545 4886
f 1552 4805 1545
f 1552 941 910
f 941 2275 28
f 2271 1551 1547
f 2271 2322 39
f 26 39 457
f 40 28 2275
f 457 27 26
f 315 317 28
f 1207 315 2264
f 2332 2267 27
f 2267 2332 4888
f 4888 2332 1006
f 4888 414 2267
f 4888 4954 414
f 4954 4888 978
f 415 1207 2264
f 4954 401 414
f 977 401 4954
f 2125 415 400
f 1769 331 2125
f 401 2252 399
f 2252 401 4992
f 4992 401 2044
f 2252 4992 353
f 353 4992 581
f 339 338 1769
f 340 2169 2175
f 332 1769 338
f 247 332 2249
f 267 2249 298
f 268 298 297
f 1458 297 284
f 283 1411 284
f 282 2175 2169
f 1411 283 180
f 180 1412 1411
f 1432 1412 529
f 530 179 1074
f 1074 2231 530
f 2238 1432 529
f 507 1979 2238
f 1037 507 506
f 508 478 477
f 479 448 95
f 530 2231 478
f 450 449 809
f 450 809 2184
f 2184 809 4846
f 2184 4846 4885
f 4885 4884 2184
f 4884 4885 4777
f 4884 4777 2196
f 614 4884 2196
f 4884 614 589
f 1061 4777 4885
f 1061 2197 4777
f 4885 4846 1061
f 4846 809 787
f 787 2223 4846
f 744 764 745
f 746 1344 1062
f 787 744 2223
f 4846 2223 1061
f 1061 2216 2197
f 2196 4777 2197
f 647 646 982
f 614 2196 648
f 555 587 1024
f 613 589 614
f 589 2184 4884
f 556 450 2184
f 555 588 587
f 448 556 95
f 94 479 95
f 2172 506 94
f 96 2179 75
f 74 1036 2172
f 1036 74 2160
f 74 73 2160
f 2179 990 75
f 59 2160 73
f 33 32 4771
f 4904 33 4771
f 4938 4904 4771
f 4771 4901 4938
f 4901 4924 4938
f 5002 4938 4924
f 1049 5002 4924
f 4924 4937 1049
f 4924 4926 4937
f 4926 4922 4937
f 4937 4922 1021
f 4922 4845 1021
f 4926 4845 4922
f 4926 4925 4845
f 4925 805 4845
f 805 4921 4845
f 2050 4845 4921
f 788 2050 4921
f 4921 805 788
f 4923 4925 4926
f 4925 4923 810
f 4924 4923 4926
f 5000 4938 5002
f 2068 5000 5002
f 2140 5000 2068
f 4923 4924 4901
f 4901 814 4923
f 814 4901 4772
f 4771 4772 4901
f 4771 820 4772
f 5000 4904 4938
f 4904 5000 1310
f 709 1310 5000
f 820 4771 32
f 980 820 32
f 4904 1310 33
f 431 58 34
f 58 410 59
f 349 433 725
f 2160 59 410
f 1036 2160 377
f 1072 377 376
f 2154 1896 376
f 348 617 2154
f 349 375 409
f 654 617 348
f 654 2151 1832
f 2151 662 1832
f 2151 726 2139
f 726 707 2139
f 349 725 350
f 433 432 725
f 709 432 1310
f 726 708 707
f 2140 709 5000
f 707 687 2139
f 2151 2139 663
f 664 686 688
f 2151 663 662
f 1832 662 2133
f 2133 191 4814
f 189 664 2076
f 190 4963 191
f 139 190 140
f 4815 139 2123
f 138 1446 116
f 2123 118 1151
f 118 117 1912
f 1081 117 1391
f 1081 1391 2117
f 1109 1082 2117
f 1333 944 962
f 1109 1369 943
f 942 1211 943
f 2102 944 1333
f 942 923 2083
f 921 2102 1356
f 1171 923 922
f 4928 922 2098
f 905 2099 2098
f 905 904 2012
f 1357 906 921
f 1357 1332 2094
f 2012 904 323
f 321 2094 322
f 323 2089 918
f 2089 294 1633
f 292 322 963
f 294 293 965
f 1370 252 292
f 293 1179 251
f 669 251 250
f 1370 1390 252
f 207 669 250
f 206 670 207
f 1390 1389 208
f 1446 1389 116
f 138 2082 1446
f 206 1447 1434
f 2082 161 163
f 163 162 1433
f 738 1434 169
f 170 169 1421
f 1433 162 1419
f 1419 189 1420
f 1421 1406 122
f 2076 1420 189
f 688 2076 664
f 122 1406 123
f 123 1051 109
f 2068 688 2140
f 5002 1049 2068
f 1051 1050 109
f 1049 4937 1021
f 1050 2064 78
f 2064 1023 78
f 1022 1021 4845
f 1023 2062 79
f 2332 2062 1006
f 4845 1004 1022
f 4888 1006 1005
f 4845 2050 1004
f 1005 978 4888
f 2050 778 979
f 978 977 4954
f 778 638 979
f 977 2044 401
f 2044 609 4992
f 639 638 759
f 581 4992 609
f 353 581 354
f 550 549 580
f 582 886 550
f 886 610 887
f 727 865 864
f 888 866 1133
f 888 1133 1999
f 888 1999 1111
f 1110 551 1111
f 354 551 340
f 2169 340 181
f 181 1075 179
f 179 1075 1074
f 1093 1990 1073
f 1074 1991 2231
f 1991 1544 808
f 1132 1990 1112
f 1544 1986 2228
f 1132 1538 1543
f 1986 1539 763
f 819 1538 817
f 1980 763 1539
f 2003 1534 819
f 2003 682 1534
f 1535 1980 1536
f 1980 1535 1360
f 682 1528 1534
f 1529 1371 1530
f 1366 1380 1407
f 1376 1371 1529
f 1530 1371 1364
f 1360 1535 1364
f 1980 1360 1352
f 1340 1358 1366
f 1344 746 1352
f 1344 1334 1062
f 1340 1418 1321
f 1063 1062 1334
f 981 1063 1320
f 1965 1311 1321
f 1308 981 1320
f 1293 981 1308
f 1293 1228 1034
f 1278 1311 1275
f 1275 260 1261
f 1272 1259 1229
f 214 213 1261
f 1247 213 314
f 1237 1229 1259
f 1272 1229 1228
f 1228 1032 1034
f 1206 1033 1032
f 1033 1206 1064
f 195 1065 1198
f 647 1064 1038
f 1076 1048 1052
f 1038 1035 647
f 1035 1024 612
f 1017 555 1024
f 2179 1017 998
f 1013 1048 1012
f 1012 1092 1007
f 990 2179 998
f 990 983 60
f 32 983 980
f 974 1007 968
f 964 980 969
f 964 826 980
f 949 968 936
f 945 939 953
f 867 953 939
f 936 1119 929
f 1142 920 929
f 920 1142 146
f 924 912 939
f 889 939 912
f 907 649 901
f 901 649 715
f 649 907 127
f 912 896 889
f 939 889 867
f 953 867 856
f 953 856 844
f 844 839 953
f 826 964 839
f 980 826 820
f 4772 820 814
f 814 810 4923
f 830 797 811
f 4925 810 805
f 830 786 797
f 788 805 793
f 788 778 2050
f 771 786 861
f 778 759 638
f 861 765 771
f 759 754 639
f 747 887 754
f 765 740 753
f 864 747 734
f 871 731 740
f 734 727 864
f 731 901 715
f 727 722 865
f 649 710 715
f 714 706 722
f 710 652 689
f 706 697 818
f 818 697 693
f 693 682 2003
f 675 1528 682
f 674 1455 675
f 661 1408 674
f 652 665 689
f 649 652 710
f 661 640 627
f 604 1430 627
f 4999 590 611
f 557 4999 611
f 611 4891 557
f 4891 61 557
f 61 4891 76
f 611 76 4891
f 105 76 611
f 604 599 1430
f 1158 599 583
f 4999 571 590
f 575 1285 583
f 575 462 1285
f 557 571 4999
f 488 575 540
f 575 488 462
f 474 480 21
f 462 461 1285
f 1144 461 451
f 22 1094 451
f 21 20 474
f 434 1094 22
f 434 428 1055
f 21 416 420
f 516 406 416
f 411 396 428
f 396 385 997
f 378 908 385
f 890 378 361
f 371 406 365
f 341 834 361
f 341 334 834
f 900 334 212
f 30 299 330
f 212 314 213
f 314 300 1247
f 265 300 290
f 278 11 253
f 265 246 300
f 230 253 11
f 246 226 1218
f 226 205 1198
f 195 1198 205
f 192 1065 195
f 1153 192 171
f 171 160 1142
f 1142 160 146
f 164 141 153
f 920 146 134
f 128 141 97
f 134 127 907
f 127 119 649
f 112 618 119
f 105 611 112
f 97 102 128
f 90 97 141
f 90 175 81
f 76 105 82
f 175 10 81
f 10 230 11
f 76 12 61
f 11 278 43
f 557 61 54
f 44 494 54
f 43 278 29
f 35 31 44
f 30 365 31
f 299 30 29

