# https://github.com/mikedh/trimesh
v -8.81290481 -189.31615015 821.61203247
v 14.75769245 -187.15302779 832.78511828
v -6.37005611 -178.60975181 789.52254003
v 139.98163466 55.08893514 436.28748185
v 155.30726323 44.25066013 437.23979677
v 157.57016848 50.60038588 452.82248725
v -61.92840832 -34.04147783 1372.12118718
v -62.76498381 -46.40592685 1382.11971417
v -57.28659920 -46.29979575 1370.40152155
v -97.51534137 -21.29999337 175.30892338
v -94.83256584 -31.42404290 172.97518462
v -96.48914613 -11.42603040 190.19857679
v -7.77433534 -124.83495943 677.07806616
v -10.77033800 -103.39607877 664.98764168
v -21.07802513 -122.00681503 673.29739992
v 196.58956605 0.79272565 375.23689841
v 189.87159897 -4.02972086 391.50259630
v 179.95977611 17.50442105 393.81051743
v -15.38465648 -185.38880995 1017.16900135
v -12.03580359 -179.90491603 999.45708187
v -27.68681052 -181.13491454 994.71123254
v -163.10201974 6.58914712 201.52635007
v -184.07874751 -3.70639977 202.63477525
v -178.95566812 -0.84273654 184.03038087
v -12.41776443 -170.79867358 747.08231994
v -27.70307269 -169.56925324 733.75873646
v -31.76293628 -172.91363115 747.67500909
v 62.58767877 -2.11232585 323.68609939
v 64.20711151 -24.06413593 313.64889501
v 68.77198544 4.53790121 304.82532446
v -119.49216721 -75.95091869 145.07408440
v -108.75126860 -86.41650508 185.36545567
v -101.91577857 -80.24775326 189.31419940
v 12.41091642 -62.85424171 627.32812905
v 29.95803356 -74.40944808 612.80656281
v 13.69387002 -61.09432451 603.55699695
v -109.60733763 -68.46345565 153.77914278
v -56.52346426 -153.90935776 703.73386837
v -73.17133342 -164.80201023 722.40573423
v -44.72128903 -160.58742248 717.06511405
v 69.91441272 -29.75357407 287.48982380
v 71.33025208 -8.67314047 287.66508992
v -42.77083020 -61.79613925 1367.30704447
v -58.63845927 -45.31231999 1361.48707451
v -111.23813693 -52.37263182 131.96891852
v -98.82452171 -58.31039301 165.31760889
v 223.10616627 -7.55494182 873.44616806
v 217.94967791 -32.22287478 878.98906540
v 225.13360138 -28.31913867 904.12951266
v -47.12507903 -144.71946930 686.54037236
v -63.99129671 -142.46469646 686.30225324
v -47.69493680 -150.05648386 692.49365193
v 86.02894445 -61.10691520 275.20243729
v 93.62220726 -73.97983196 282.82414144
v 108.26416527 -80.53054701 260.29413483
v -99.80104328 -29.49684738 152.71142018
v -70.72620277 169.65659394 729.28493714
v -67.90700866 184.46327218 749.63842392
v -86.73712796 168.25298458 735.03386357
v 7.21204393 -58.65573829 611.37807282
v 8.58390895 -52.43591936 592.84157264
v 0.29169988 -51.21592034 593.42541432
v -96.60976949 -49.55135209 166.51513751
v -333.80901893 91.21518946 778.64887032
v -338.35444562 98.85530476 755.93284659
v -321.75833291 99.79585056 757.39038446
v -42.93426546 -173.77443751 751.40065222
v -43.16767146 -167.88084423 739.53848211
v -108.05386874 171.93797046 766.24343649
v -122.53509311 164.86788541 777.67488601
v -125.23408669 154.88389057 754.15797123
v 177.91210225 -137.91672008 1221.66147982
v 193.70392707 -147.23911667 1193.02773765
v 176.87708323 -153.10520224 1195.33129286
v -29.67767820 -81.82091799 573.44691346
v -8.89974529 -75.79143296 608.00936150
v -9.91249089 -67.34446177 590.65329558
v -108.56471392 -9.34649065 177.12967566
v -31.73632340 -178.60945766 773.53746938
v -16.60112561 -176.48579449 766.88045483
v 121.57662922 73.47810006 434.84374076
v 144.61979605 72.06156928 457.58436306
v -115.90016186 1.81315028 197.30326279
v -129.59991896 4.25261119 179.51181299
v 225.55636494 48.46760781 893.19485054
v 213.81907254 75.22738988 909.11527863
v 216.76698599 76.44858219 887.16559764
v -308.51968610 95.00088367 756.85510599
v -316.96605393 84.23402017 782.35262588
v -62.92887571 -167.31703814 730.54309833
v -119.04000914 -5.99992598 151.99247822
v -47.25674896 195.64339794 764.53377762
v -50.09835406 205.24325126 796.96552282
v -6.51896343 -39.35555259 572.60627548
v -5.96938250 -52.24397981 583.02195619
v 1.03718427 -47.53127034 580.76178106
v -110.08303935 -14.14635754 153.46840000
v -9.87966930 -183.67462496 805.03478279
v -24.45677447 -179.52328008 787.44261576
v 111.73885384 -31.50602857 184.59378389
v 131.12834532 -47.73299472 162.56486677
v 123.78638502 -24.96151858 154.81919101
v -122.66306727 -4.71567295 134.74474956
v -25.03659304 176.41193664 724.12306658
v -25.99183523 186.32484274 737.78292767
v -133.31094204 -0.41103377 142.11650950
v 35.19809443 -163.41460353 760.85677074
v 40.49818971 -157.88499545 746.47510099
v 3.30391827 -167.25147983 749.44581515
v 109.91989337 58.14014552 409.65232040
v 102.56133665 70.23182649 425.63177266
v 94.03246576 59.07927917 409.51938458
v -127.57516408 -1.07423157 125.79593905
v 247.05342133 45.59408361 9.67414369
v 253.22578477 84.89600238 11.15438362
v 249.46029385 91.17369794 8.44299717
v 41.97796984 -178.17171174 874.26731278
v 59.79575532 -174.31021794 870.56388384
v 44.58871172 -181.33150470 850.38029256
v -109.06887168 -24.62633218 135.30465602
v 33.04010451 -181.67808735 826.40010173
v 39.34996685 -174.32216850 806.54623322
v 131.10411008 51.41228711 410.92310099
v 111.75003272 48.40060367 384.50531432
v -45.03588667 100.60121345 1415.06496899
v -45.30017204 99.23378931 1397.94859366
v -29.43654432 105.38056835 1400.13318126
v -119.95186767 -19.09374819 112.87764300
v -115.75500884 -40.40106826 118.38622608
v 129.60921379 -158.52818781 986.74903152
v 141.35194403 -135.50411237 973.89250647
v 125.45300122 -146.48238336 975.87270438
v -26.95258246 -185.34115280 807.96536654
v -197.84456794 -98.34815938 698.90594057
v -195.00113821 -101.44714285 719.62914517
v -189.28332837 -106.63519138 693.27386481
v 105.42930359 -155.42223468 874.69103316
v 84.82314493 -169.55887261 853.87393216
v -121.99989202 -54.97117466 113.28490925
v -378.24053050 57.81664654 799.83750197
v -377.59351329 54.55477105 793.42255560
v -368.50250587 62.85223332 775.81784873
v 14.06611924 -168.62317741 764.10028464
v -130.22154757 -74.41422152 121.72009205
v -215.70537398 -71.80660734 729.43441290
v -204.57153009 -90.27097421 728.76757248
v -209.77110753 -83.04510549 709.23910055
v 37.96496803 169.00232101 1131.37703022
v 62.11545813 174.72107326 1120.78176238
v 37.81209283 155.77554527 1148.28055153
v -135.41823193 -69.32084017 93.17483083
v -86.64284780 -116.38918704 615.54078744
v -78.44767948 -124.25817143 648.11160722
v -67.30937896 -114.32975395 622.34855639
v 140.04193287 52.48790529 422.96753411
v 161.37052361 33.67058651 395.74824443
v 155.11268218 43.66117616 422.93054637
v -63.52750254 83.41197261 1410.25974872
v -54.24677031 88.72362663 1390.33578473
v -139.71949032 -83.65132793 118.80891550
v 74.93359086 -167.91517076 814.63116258
v 69.55556634 -175.12051667 839.20085616
v 100.51881937 -162.44991356 834.86002922
v -150.79781215 -85.95560445 101.52247298
v -71.99781774 -131.67668858 677.45892203
v -100.38749435 -135.86207887 678.80010434
v 171.96197211 23.92774235 420.04038732
v -146.58021779 -82.93245118 90.10658746
v 198.25304114 128.91287103 26.14814007
v 186.15130733 114.69948448 38.46348341
v 173.19994693 128.26914209 28.66569509
v -152.46479191 -83.67961448 68.20924666
v 117.41355861 -152.08936357 979.41094340
v 113.40309076 -151.33919931 967.45421303
v 95.36162696 -158.98108210 968.92635823
v 47.59139033 -69.39241801 509.09473061
v 64.23354431 -71.55563758 484.32662224
v 53.05014426 -69.19652007 498.77709379
v -358.30212489 9.68933678 855.89499065
v -355.28926611 5.92667125 898.01891533
v -349.36186400 -1.19556523 875.75325451
v 16.16723532 -173.07193390 779.60169996
v -164.96004857 -87.56068949 90.49547150
v -154.69821090 -154.01683840 780.56223273
v -141.00788859 -159.13951941 756.22803427
v -159.46016006 -146.67950204 758.64084283
v 112.82606849 -153.74516330 796.60393243
v 102.67024692 -160.76859275 819.80265495
v 123.03820010 -151.75869844 817.97555673
v -159.02271851 -93.14120697 115.84790602
v -71.65137177 -125.55344263 660.50646397
v -60.25169550 -118.47738434 641.12743459
v -166.59538830 -92.61707522 114.43724727
v -171.14008512 -122.42103800 708.13454349
v -184.93989598 -120.18049561 743.54760873
v -165.58502034 -100.27157215 146.10107258
v 129.91751099 -181.46272330 1096.60171485
v 107.06678370 -183.57639198 1064.13686205
v 103.04794973 -186.15669851 1082.75999261
v 32.00803292 -81.06761248 656.19499848
v 38.15263338 -77.21637594 650.51504581
v 15.56283189 -61.48685268 651.98914436
v 165.28419101 37.84321177 232.21478484
v 174.21618242 37.52728391 216.54507778
v 188.51768089 31.80404943 230.92115960
v -174.89873665 -96.91263909 143.58467490
v -112.76304333 -179.99052216 799.40817323
v -114.18159407 -180.17750858 813.78742042
v -105.58516678 -182.93921440 831.39947365
v -178.36550734 -89.59711207 121.98271746
v 191.64855175 73.94602135 631.83236156
v 198.92960383 49.45810953 628.56304123
v 195.51197107 72.03239327 665.78147080
v -134.54664911 47.22674224 432.78643454
v -139.55694966 58.26482460 451.19397719
v -158.97827403 52.09271489 459.45698036
v 50.67528692 -89.70204944 663.31469836
v 64.71307324 -112.52653048 678.06202424
v 61.92589103 -89.39893641 667.08723458
v 207.57056622 15.91058756 231.69280105
v 186.98682282 33.89562096 248.41578170
v 89.84595523 192.09373373 989.80867279
v 89.55895391 191.41015262 974.89725611
v 111.01362384 181.63580260 981.75066547
v -210.81896703 -36.26949888 1273.54402222
v -226.50339954 -11.45837854 1263.88706181
v -213.14286094 -16.74102953 1274.75166521
v -183.81135746 -90.68058857 143.89569980
v -349.89528049 62.67864825 708.68796692
v -350.35933857 56.00314508 706.23189130
v -340.89074472 64.73021660 697.23722882
v -192.87986646 -80.15549917 132.23402592
v -26.01962618 -180.93440743 1177.36352597
v -27.37224053 -176.92052422 1191.57440828
v -9.20233542 -174.32918226 1196.46823041
v 27.12504522 -133.54838432 702.24470008
v 33.54139834 -144.75457450 716.66176338
v 37.78603457 -133.67770164 698.20408339
v -325.87343896 63.51096008 988.79594322
v -318.61419593 69.13950303 983.94590251
v -322.21406996 54.50141282 1009.18827208
v 196.92994329 31.53873689 129.83197398
v 183.53285333 36.05854846 140.66429985
v 187.63300648 33.31760309 124.60391497
v -352.50445679 82.46618372 729.19590780
v -364.35015884 69.41817356 745.62419968
v -358.65982393 70.22191783 733.81428504
v -194.42048362 -81.98970659 153.10031888
v -151.06353594 75.85314732 502.55592201
v -170.06636111 65.41575161 505.29333075
v -161.46448845 61.86398925 481.69390765
v -131.37070446 -168.99718806 864.11668544
v -107.54134009 -176.58612052 868.22149945
v -184.85728576 -96.74369913 167.53898055
v -326.52158938 7.90654031 1042.78787227
v -327.51962065 -11.28530663 1043.33279838
v -322.35277359 -15.34923988 1028.17898242
v -348.86683163 92.80302716 743.82831536
v -366.36764705 71.17652142 755.20793351
v -149.68760668 32.44423109 433.75016055
v -164.36779376 16.54337950 436.21288797
v -150.74657793 22.00824449 427.15707602
v 50.73761145 -83.46783449 658.76050474
v 48.06484973 -81.87542224 651.83081730
v -198.72434360 -86.59383525 188.70676196
v -199.88027870 39.94500643 573.56705526
v -187.53139366 57.45429485 548.07764849
v -184.66407420 63.59864322 563.16789243
v -305.06786789 -51.74969127 1072.88042729
v -302.53845532 -56.43774095 1052.88157077
v -314.46354144 -40.63767707 1063.61843728
v -139.39321036 157.78666448 1034.50486906
v -157.99736931 134.78582982 1031.35576211
v -136.73345444 147.80060690 1027.17108746
v -369.14085128 56.09290144 771.55827743
v -202.49403987 -76.24798918 177.02374612
v 0.40517082 -61.48655980 642.25902047
v -6.07022157 -76.01856155 632.55385595
v -0.28858684 -58.64433637 651.37057722
v 46.71035712 -64.55441475 479.31256305
v 61.26840383 -66.33130281 460.51666071
v 55.47866645 -61.62308455 444.46139298
v -198.33310439 11.38224476 1269.27968623
v -213.56359862 4.64693309 1264.29996513
v -352.35528024 60.55076639 730.53837927
v -346.47062502 50.82659152 721.85498960
v -205.05775992 -60.85443327 156.69456079
v 62.11935615 195.96956847 1008.42113122
v 69.28274271 198.72350007 987.04633873
v -117.86809016 -163.09477978 903.46908033
v -122.58120902 -167.44713859 879.86286328
v -147.09106886 -150.90522561 896.81608968
v -209.28024804 -50.42980002 175.30954443
v 5.58358405 -54.52735035 650.78916937
v 9.96760968 -62.54237900 657.19772888
v 31.11476848 -51.81114924 478.27006645
v 34.89621878 -51.92598500 459.42364911
v -207.69180481 -44.40348221 155.47471794
v -205.24203299 -59.15591945 144.00239414
v -23.09273651 -148.16059267 1255.35788720
v -35.20263986 -139.69599971 1271.03911504
v 9.63068735 -134.34601913 1281.55626670
v 92.36120914 -75.98358809 485.11891360
v 88.48056445 -68.51965272 457.91100546
v 75.88691762 -73.09328067 479.39057684
v -348.31380970 6.75594120 813.81840868
v -362.86680696 17.76751582 814.87930218
v -355.64364881 8.28993892 823.92040401
v 62.99739017 -86.25237012 658.82521243
v -292.08395994 50.24133461 1063.41951957
v -279.05795556 57.85139182 1062.87157889
v -291.40144290 49.72561700 1077.42802434
v -207.75065328 -37.58244111 152.92326048
v -105.52829842 73.40271148 471.72091743
v -113.72127285 64.54604328 455.53034615
v -91.91873424 64.91548059 456.06216030
v 132.24366121 -74.80364216 501.43172280
v 129.86730523 -79.32320677 521.96575475
v 147.66067237 -69.36824644 506.00471310
v -99.20936844 -169.44986423 900.10381578
v -112.19518499 -162.30086654 932.86462164
v -89.25753711 -167.68809045 925.27040486
v -209.73834568 -35.16331563 127.80739078
v -334.94416714 35.46935312 1011.85760337
v -347.68142691 37.52897851 976.17539272
v -332.29135395 54.36640651 994.03307097
v 6.40149697 -60.88293539 629.85217920
v 0.12396951 -63.30860830 619.13822756
v 214.88139991 13.02900324 174.77410305
v 209.55214216 15.07855420 205.41294037
v 209.43215985 18.94251647 183.93631588
v -208.06553721 -28.20377514 129.98374278
v -139.09531111 69.35558944 478.28570702
v -319.92920194 2.04727907 1024.14197499
v -198.93683542 -16.76251495 146.40733462
v 4.22725621 -81.83340294 667.07167123
v 12.87116876 -76.92808016 662.53729319
v 15.44060376 0.15503206 435.20678091
v 13.86495018 -8.99206757 457.71939702
v 20.46005236 -15.39572003 431.66852635
v -200.40973843 -12.65628391 122.01165010
v 129.12405730 -75.16325638 488.98026710
v 123.96608912 -72.33462882 468.92025139
v 105.59174893 -72.09640288 473.84537787
v 237.78550438 57.31219172 39.22396024
v 244.06006213 42.61407000 26.20953966
v 237.86751569 38.88830255 41.89109014
v 85.18478559 -92.74481971 640.11004257
v 81.51976892 -91.33313570 659.16771297
v 103.08605136 -93.50916976 652.87642236
v -191.26596969 -4.23497570 127.71191863
v -12.95657564 -82.95660826 637.90003547
v -15.00589070 -80.02251693 650.79233611
v 18.69084624 10.15725661 428.62791870
v 27.69083992 -8.04316482 410.42833701
v 58.22969281 193.35481009 951.63536225
v 80.80331842 184.02005713 951.00781628
v -62.71219419 53.43138123 1352.34507516
v -62.20568135 37.99165846 1343.03871145
v -39.98066520 59.80783797 1323.63064691
v -184.86129189 1.82607212 120.25177107
v -298.49679487 83.10082077 710.11293922
v -296.04174425 75.10071198 705.09088926
v -294.68880972 77.98495056 717.83415163
v -192.57435562 -3.87143889 108.59213915
v 65.77248385 -160.91228526 899.05588475
v 99.31888225 -151.26663082 892.83169763
v 80.96973697 -160.34679088 886.68763048
v 18.93038960 -64.97776935 644.01336504
v -320.90810947 101.39680496 742.31278302
v -314.01673427 94.19323092 702.35859089
v -307.46676610 96.25389834 707.87325921
v -173.20659145 5.60025639 100.55244391
v -207.38826610 59.25382247 787.02468512
v -218.60069820 47.65197092 809.37392240
v -216.41595858 38.18226224 787.53470240
v 105.55084251 -90.03824108 612.03321658
v 90.56258179 -90.00588032 597.70523719
v 81.38435487 -90.95031920 621.86322109
v -153.87971572 5.67080564 119.14725225
v -316.07750020 45.09573362 1037.41619639
v -300.16574174 49.03170951 1054.18742283
v -303.97409169 36.57673420 1068.84109338
v -278.14822176 -2.00827398 895.12479712
v -292.17664618 11.58989166 857.10699603
v -298.86198485 5.39403355 856.46078463
v -1.18396620 -64.58476833 658.41469277
v -14.55661144 -83.08224603 657.77776423
v -152.50717074 5.83600793 94.46570391
v -224.56137412 11.82779146 783.91889326
v -232.42617235 -20.94360962 795.16256794
v -227.56669131 -8.87593246 776.72140171
v 99.37028697 -46.58206161 1321.95691051
v 92.61134164 -66.06515090 1319.51234720
v 86.18246333 -44.34377706 1329.87533143
v -341.45556558 88.67821869 719.00656903
v -333.09179168 78.60917071 698.05635283
v -321.77282625 85.14941844 696.87475163
v -33.94811497 -161.90348163 711.01724590
v -38.59355992 -157.58783436 704.97778982
v 67.57463096 26.54239285 360.17565138
v 52.32807435 11.31176212 367.73543967
v 57.45307638 3.55491827 351.65390593
v -41.16646119 70.15587276 1333.08961430
v -55.81630395 66.28032709 1345.64199467
v -301.38155456 94.16918998 733.55348880
v -300.84045759 90.50983775 700.43028914
v -147.71032368 6.60465402 142.25042366
v 128.05525198 166.21423805 963.69275150
v 132.60775276 166.46952613 973.86475055
v 110.99354191 179.24428313 967.33087937
v 53.56099848 -84.73714042 595.88501390
v 51.24252863 -83.81872798 611.35890210
v 69.74380094 -89.10822469 612.89972891
v -172.38022364 3.71365575 136.95626039
v -80.03127727 -150.68199824 693.80125150
v 57.53867624 -9.75503958 352.55817067
v 61.33657330 1.70226608 337.59701681
v -164.43540803 4.80717167 161.88764879
v 189.75429118 -70.08501620 39.06913564
v 194.17087732 -71.92915577 22.82004594
v 181.60876650 -68.14910628 37.26008049
v -177.66121959 -0.86443193 171.04793378
v 207.28654269 -60.68328002 894.42256406
v 197.88014639 -75.48461182 886.47144555
v 191.54455817 -85.48316689 898.70456528
v -285.28687957 52.52778645 852.40913633
v -278.75612761 37.10821908 868.29737792
v -281.75769517 50.65242630 868.65099218
v -32.42725655 -100.07181091 651.78320598
v -151.12746663 7.68838069 177.81176040
v -146.12773547 143.53571621 775.36279095
v -149.63695377 135.39486458 761.04839534
v 62.36514472 -89.88131706 637.28615465
v -301.82367379 36.61858607 1085.57620471
v -306.94056572 25.91673172 1082.52043471
v -17.67802918 -153.37683149 701.82374028
v -160.90623208 6.25683089 188.15518398
v -192.22082670 83.82709038 774.13114851
v -203.25649929 77.17407192 803.02009581
v 69.10916139 -65.08772478 439.14106634
v -26.29785702 -191.63728022 1098.37010155
v -38.50007930 -191.10885311 1118.89268755
v -14.38468134 -192.20671302 1110.44743534
v -17.54944838 -89.83207234 617.07760732
v -191.10588937 -9.66912761 184.98271719
v 17.05842422 -155.81586093 730.83425459
v 18.70668802 -137.94803653 705.58600559
v 5.40893774 -155.06996216 721.36255465
v 182.12991321 -0.46083461 411.11456593
v 177.24662923 15.40369479 412.55687130
v 66.31814599 17.96108048 1369.93595577
v 63.82120140 9.26501137 1360.93353111
v 64.64249003 5.78823871 1382.72360998
v -200.36907297 -23.40951322 195.24406373
v -197.57846337 -16.35951647 223.04154642
v -173.59105208 111.50046326 927.13580835
v -169.47502876 104.64667799 939.24960129
v -188.96622800 78.83641230 939.06701702
v 13.28337684 -92.81092690 672.42896968
v 18.81406241 -108.86050942 680.99649081
v 28.14451056 -92.55619144 662.15366850
v 186.64740382 -86.62602730 236.42924357
v 174.19545884 -89.24421920 223.72042233
v 174.52503982 -95.53960733 275.48671894
v 115.83276062 -71.48469553 465.20318523
v -201.87752619 -26.17138105 219.70457589
v -197.39417213 -115.31235056 932.12168481
v -169.99284368 -139.59576543 941.35926897
v -162.06547969 -140.24613022 918.97101477
v 10.82180916 -51.45746924 577.98040048
v -205.83191028 -37.75236937 198.25734865
v -287.40383856 69.27495923 917.10852341
v -307.92246903 78.85473294 907.66745677
v -295.42193154 75.59060715 904.53184753
v -340.98959492 12.61629911 751.46295918
v -324.65920888 4.64439016 741.64984758
v -330.47931965 11.02536187 729.30685319
v -4.22253699 -136.67538651 688.44683984
v -22.76686254 -137.75944261 683.35834184
v -221.20917855 -79.92094629 888.31444827
v -208.96856876 -97.35697739 908.27471610
v -209.93281846 -97.62202105 892.25597787
v 257.27088242 -94.70282686 1155.66531748
v 258.01211520 -96.72753029 1130.85823886
v 240.23038318 -99.08266547 1133.67308250
v -210.66649838 -49.50975562 201.99908973
v -32.06705961 -102.37960032 638.76996787
v -42.98207465 -108.27943181 660.36520889
v 131.53043189 141.73896158 727.13330027
v 153.97590062 128.42256645 697.67070442
v 159.75010864 124.35226987 708.72969205
v 27.69998910 -165.34388189 978.96017809
v 33.32695744 -167.99507032 961.22325538
v -4.17562816 -169.91647602 972.24479221
v 68.53832023 22.00759374 1372.69938784
v 77.06739111 14.25024026 1389.77388394
v -206.01394051 -39.77624083 215.04218732
v 36.09831553 -75.67202892 595.58759574
v 62.79199519 -86.99387499 585.00632607
v 45.34431976 -76.72943415 558.21416534
v -211.07975020 -52.09190239 226.97751524
v -305.79957621 92.98726396 686.77161052
v -310.64279691 84.40253431 680.93503360
v -299.92555122 76.90475099 685.74272431
v -24.06886214 -102.99757379 665.08986426
v -39.64168987 -115.40723258 670.56502682
v 166.13217553 119.53209074 725.19313930
v 149.69233335 131.27285767 739.43273133
v -206.35065739 -75.52454313 208.17520077
v -209.11368403 -55.71028945 185.57495663
v -174.01904892 74.81325895 965.46694268
v -184.35877571 66.21289498 972.64912824
v -182.45883916 52.73424396 965.77845087
v -163.47568267 147.48445401 1055.96923457
v -168.84840034 140.28214180 1066.83710482
v -173.74650363 130.08315224 1049.68632653
v -317.04125294 84.24517869 847.46072231
v -320.39300902 85.11401131 831.71426680
v -300.94483667 76.55715367 853.54838642
v 7.21117553 -134.19968894 695.53846445
v -130.89486304 -157.80262743 957.11864987
v -128.83485293 -152.14613524 972.19314669
v -111.00626798 -157.31267273 972.02447862
v 71.10324250 -82.14785251 535.86022516
v 57.69706867 -76.93667064 521.29389114
v 41.55972950 -71.40325899 535.79277523
v -207.46037417 -71.09633001 233.29430620
v -28.65876785 -95.97500660 658.07086750
v -31.84753463 -102.37408738 664.17689169
v 210.75027512 8.00977760 265.18782536
v 218.00413838 -9.34399643 257.56955818
v 221.94541737 -12.21211398 272.01013371
v 222.08326887 -30.60899551 270.97778358
v 214.71974315 -55.34663188 276.88691512
v 217.63461000 -42.52877286 295.52708790
v -201.55455577 -88.05681842 229.25906867
v -130.20128373 -159.05675469 949.61890904
v -135.39790120 -154.55890941 920.46921685
v -204.31506732 -85.01886016 256.34338859
v -62.33740754 -127.87024456 670.73155562
v -58.70973534 -133.17211922 676.94847764
v 186.40932408 96.93247379 710.93219403
v 190.99508761 86.03577453 741.02609239
v 183.45375958 96.20295400 760.58924227
v 38.22824089 -187.87448331 1054.66525001
v 21.29535856 -179.64593816 1044.86838619
v 10.49261471 -190.75232294 1053.72552695
v -208.40022346 19.31614497 580.68889604
v -203.57452601 26.35454809 566.11105238
v -207.63039132 -73.01606381 276.08374083
v 170.01684827 -52.63527943 45.49953483
v 172.67611911 -51.80254582 62.44812867
v 173.87309152 -60.65578700 40.39847159
v -4.48753780 -30.38599412 546.19869455
v -9.17272139 -35.52033396 559.99244709
v -4.82670532 -34.12344614 565.06894674
v -210.92088284 -49.53493063 259.00307779
v -17.93698362 92.23236508 599.39822832
v -17.58321527 83.22108832 586.73601134
v -10.56132824 92.40750367 601.31108854
v -52.57239678 -114.28465813 640.17380037
v -58.99141430 -120.55163130 661.73420995
v 166.99157841 119.15038885 760.90834237
v 175.60449846 107.61272633 748.55237410
v 180.35472572 -27.67215538 468.79725597
v 185.76478479 -6.80310642 462.53035433
v 181.94354693 -18.07177730 439.18714980
v 52.36263652 -31.39034973 1363.76423868
v 43.94117854 -48.49696108 1354.51097474
v 46.26305385 -43.11132792 1365.18682836
v -208.81971000 -61.42873179 280.35097151
v -23.87028772 -193.14835831 1081.69336475
v -25.16807585 -193.07747996 1061.57146816
v -62.79642890 -193.81871325 1075.50012997
v -209.28074736 -40.80495450 278.49429305
v 157.80277958 157.70500670 878.96768093
v 174.56935631 138.57653350 888.88248893
v 145.09973235 156.40395668 904.37004026
v -206.48709671 36.21786244 603.54435256
v -212.34081377 31.86048080 636.02876762
v -212.51771680 8.25090177 597.34832704
v -210.29804182 -39.11042572 267.98983284
v -138.75129146 176.56582621 837.02388004
v -135.66776293 162.61528437 810.76489616
v -118.70883451 174.99724500 806.21057979
v 3.29861851 -41.08206067 569.84145095
v -89.28049647 187.66316119 1097.88815432
v -97.33451558 180.70886850 1107.71722291
v -114.71918179 180.48114177 1092.85110300
v -314.37771547 77.04634025 669.12331094
v -322.06805787 77.11651294 675.10860205
v -149.42069567 157.27776418 1042.35092277
v -167.87298229 132.36468898 1040.49033081
v -205.76152639 -30.02673638 234.71992729
v -56.03331329 212.46109407 819.83185187
v -74.07936848 195.63601145 792.33282486
v 224.89920762 -120.80761504 1180.38969219
v 230.61674955 -110.61120986 1196.25263756
v 230.52351017 -109.91114496 1183.15449970
v -206.20690872 -31.97899076 255.80191812
v -10.48818771 95.96595804 620.04079897
v -17.47323663 94.73827193 611.02515266
v 33.61470687 -67.61262267 1350.21499232
v 31.46797310 -63.83182920 1357.11116045
v -221.97792868 -18.98646863 647.21374638
v -215.80859672 -19.88688377 608.39482579
v -223.68202291 -5.95973482 660.58499423
v -203.12493907 -21.85916315 247.22109343
v -18.83566017 -60.81879492 565.26269256
v -10.90874242 -33.42686205 537.77840634
v -10.79580360 70.75530726 568.44488383
v -11.15432274 51.62391237 546.39672759
v -5.48384990 57.82756306 548.02781798
v -191.40668088 -6.14287037 235.31098990
v -36.53899194 -186.14096851 1013.04367122
v -17.63233807 -190.09452699 1035.60332137
v 202.67770605 -57.66403764 143.66954022
v 202.45691981 -56.62814937 126.07129631
v 192.07568779 -65.44757753 149.15349093
v -171.45519056 57.47553325 1230.81637248
v -179.53513721 56.61397715 1228.48781431
v -187.51052417 62.20558624 1219.00693299
v -177.99631015 -1.02743561 219.94855897
v 80.67644848 210.21730549 872.38607576
v 84.25460977 205.53645001 889.20827400
v 49.12259297 219.34834831 891.37918660
v -128.70336360 169.48341113 1040.45241428
v -119.87093613 158.54775546 1027.40405576
v -109.29620330 170.63573598 1034.75291638
v -77.77945691 167.63721595 1131.22023506
v -58.77127355 153.11132619 1149.70367338
v -82.34161072 144.94231433 1152.48871392
v -213.63097849 -51.15048292 638.50371727
v -217.42613990 -32.32986996 630.38267808
v -171.64291628 4.31304447 241.88650917
v -179.00045009 127.26386119 836.75653142
v -171.55728762 124.59353655 817.94672815
v -158.30098683 141.00011794 817.56649568
v -173.25746280 43.85179269 1250.59250729
v -173.79056114 30.04500683 1265.58578813
v -194.06915906 35.42230307 1255.91763674
v -38.64122685 -74.46942461 504.85565789
v -32.16000373 -75.66916942 545.05036350
v -24.31724687 -54.72006867 510.01671763
v -185.28362902 -2.25312581 251.13401499
v -174.14402945 8.66666603 279.68585325
v -101.34063464 178.14685346 778.39178039
v -123.01479780 166.37364676 791.18053543
v -148.39170453 11.93112971 246.49366985
v -5.20472831 78.60846741 563.68591830
v -9.37392543 77.94113136 580.92054792
v -49.79268609 -170.68057726 965.24978151
v -35.73665128 -170.21733207 942.16205123
v -66.73873028 -169.45609330 942.59978757
v -98.61758565 -115.40308655 614.66714046
v -96.52588040 -112.55904717 591.41620050
v -111.68185867 -114.54410241 606.27506581
v 138.08943218 86.83495776 474.39600607
v 116.65121411 84.50737386 454.25264092
v -155.30465126 13.31817896 262.00164399
v 113.56513815 -142.56774554 745.18944898
v 106.95600400 -152.54947806 769.02019302
v 133.15985911 -135.32009091 753.13919193
v -154.14821300 18.78743812 290.46301878
v -61.51073129 -106.67351669 590.18743520
v -80.55112014 -111.66923633 587.56324431
v 133.24112515 103.16191290 507.34664270
v 122.74343287 90.91360495 467.99327678
v -68.23687580 64.76544859 1438.75657214
v -78.17206950 41.86764220 1431.23843480
v -74.00402153 59.70711195 1418.02969923
v -173.20262946 10.80662485 299.11841207
v -155.71882187 18.47704317 321.54141711
v 11.55002415 -167.45783678 933.19458155
v 46.60922126 -160.80677504 936.47270229
v 50.81506533 -160.66788556 922.93528801
v -81.33007065 -127.78054971 670.04547766
v 127.44663684 -69.86320894 412.68291618
v 134.07984787 -79.62331734 380.70728804
v 119.29197089 -76.91417665 382.40412364
v -172.62241170 10.58861064 326.92948571
v -193.07034666 -115.70823073 803.36595557
v -212.02085031 -87.40697299 801.58628659
v -222.81418267 -88.68286102 846.42038172
v 75.64646445 -130.24435976 698.20053169
v 86.28265577 -149.09854657 737.02888569
v 106.00483816 -134.04592070 717.63368070
v -158.52730338 11.66445454 355.25404186
v -261.38892723 -41.93903539 984.69884660
v -255.29519453 -35.13409248 972.03870545
v -278.56243726 -37.64773557 966.96849693
v -87.25158047 -110.22787926 555.56814592
v -100.63311031 -109.86952077 561.16959556
v -179.95098481 0.40944129 351.84808373
v -176.27194948 -135.51520950 783.77214420
v -161.19836386 -150.09912911 817.79796242
v 83.37052394 39.72207958 1275.13882857
v 87.17948864 56.89250230 1258.51931079
v 100.08565022 49.55491916 1264.26133717
v -173.59394833 0.19304465 367.94470635
v -92.49571500 -125.06426211 650.29401776
v -104.68257679 -133.85944451 673.74919131
v 167.44921680 41.76238958 278.58258302
v 185.58851007 34.71056985 275.80447607
v 170.39158188 41.44117916 288.82608397
v -77.25385121 21.96035779 1430.00680895
v -79.22016696 25.43183351 1411.19982996
v -190.06941529 -17.01835079 362.06960162
v 85.19948367 -96.61030650 675.28699235
v 83.64985156 -112.24620892 682.85053621
v 100.08063281 -117.44057273 689.16148005
v -191.81485189 -8.03006490 327.40399666
v -117.48960609 -121.80769524 639.43905666
v -93.14701828 -120.26520740 638.51756338
v 152.44183239 43.86952343 280.97180887
v 146.96086887 40.28892994 262.66038104
v -182.54918393 3.52730446 328.12829683
v -185.63532918 0.90086059 311.16016494
v 134.30349614 -135.76798000 916.67616478
v 124.76143749 -138.22631697 903.51236229
v 107.61200498 -147.62331324 923.78780127
v -273.12985981 -25.45246755 930.43436850
v -275.15326117 -31.73762016 945.66009356
v -261.15981303 -28.67491895 949.39416247
v -69.14227723 -105.58135854 566.57691430
v -234.80495193 6.74714592 814.93157058
v -237.04696218 -21.58004173 809.19015703
v 84.15465586 -91.65346822 669.90664950
v 69.95260075 -88.11621905 666.71768435
v -197.76124623 -16.25220027 315.45255807
v -118.52340037 -139.03301225 684.40403996
v 111.08072943 -90.44356476 322.67304990
v 106.86459021 -82.79518006 338.06741190
v 131.43637700 -93.25266298 336.46168939
v -188.87293164 -0.26005175 299.10113459
v -228.88936322 -71.65422662 828.45046821
v -223.55625887 -60.69820651 797.30655032
v -141.58107139 -110.96830774 589.34755061
v -129.60126717 -109.36976041 552.43483008
v -161.82055658 -100.75721578 561.91277632
v 201.64666615 21.09681905 311.85251918
v 191.56888594 31.87985994 321.08043201
v 191.95241089 30.37791155 293.97144716
v -198.11197082 -17.21452174 297.83776515
v 230.20155791 -8.03257310 72.33718216
v 228.02441294 -15.68154950 69.74812831
v 229.59421550 -15.57146830 78.57386352
v -41.20551137 -103.94836621 612.91696663
v -49.38833863 -109.52543435 626.05460908
v -187.76153577 -2.95061173 282.29590665
v 202.71727661 22.40732008 281.77401556
v 214.73775039 -3.47267262 294.56831851
v 64.50854652 73.27154005 1439.62216970
v 48.11121716 89.69862157 1442.39499897
v 60.88213458 84.48077814 1419.24639689
v -197.74918547 -15.25188498 262.25256536
v -113.49239184 199.24586466 842.97147166
v -93.05927038 212.35652869 854.27713555
v -101.34263506 208.51800690 862.52526383
v -201.05272908 -21.01164884 276.66269096
v -237.22410378 -24.44737214 884.87719051
v -234.32909557 -40.07821002 896.20837909
v -232.41902093 -53.00578646 882.54092204
v -78.88074194 -102.12773986 525.74941348
v -67.21443983 -101.52571017 542.13217746
v -209.15976016 -43.42742974 294.47922301
v -330.32485088 0.92134204 835.65037637
v -338.57368243 -1.31229505 843.21064379
v -327.01318168 -9.54630473 864.42799299
v -117.17039787 -110.48383103 556.11482125
v -94.16092543 -106.65393617 532.98678451
v -201.75964964 -29.29446975 315.49702038
v -231.17351321 17.97341587 857.57431341
v -240.15020584 -17.41745085 860.28088726
v -233.23115785 18.57247006 821.94262481
v 290.31398794 -24.15370330 1190.98392931
v 282.36241237 -49.81932014 1188.47622952
v 279.88518690 -22.32483749 1207.94227117
v -205.93122299 -49.12040562 313.58907841
v 201.78280104 17.98536312 326.33389720
v 188.22981444 30.12323294 335.21920364
v -42.75185544 -194.29486236 1058.99684675
v -75.75738928 -195.34096483 1037.78811257
v 58.01342072 86.62244793 1459.32436754
v 48.43091914 94.86478175 1459.63995706
v -27.93200206 -53.23281005 479.06867073
v -33.39433609 -61.86765869 481.12349337
v -204.22118860 -64.97391685 316.99964494
v -346.93535090 43.15768435 731.79339453
v -340.70177549 30.52423057 723.59410289
v 8.07521815 -107.37872074 678.24485015
v 207.94452216 -7.29044265 350.24575274
v 197.74631644 14.55256429 351.95152169
v 201.87203673 12.61807592 334.99728367
v -204.45376100 -39.62468565 324.68224784
v 151.12188410 84.83565515 9.81280794
v 155.04034346 63.19562876 20.21544866
v 157.52255857 62.15742344 7.04348077
v -203.17189405 -45.75820992 339.75894168
v -198.38632833 110.43666017 878.64701997
v -165.98978697 153.77556199 862.95008723
v -176.66312549 135.53414621 889.35956650
v -312.41757705 -10.21408612 870.94431046
v -299.62714247 -11.70135481 883.62826943
v -201.91661333 -32.99412836 342.27140905
v -196.45427184 -112.37715790 899.05264746
v -211.86870676 -106.49410682 865.65826311
v -50.24371922 -89.88227315 529.37149503
v -192.06302355 -36.93823692 381.59685597
v -191.28802372 -51.35568480 382.10338525
v -224.26235867 -70.67040924 901.13769495
v -191.91484613 -66.64592403 368.48040180
v -142.18252199 -154.65791918 1199.60532902
v -130.79994912 -160.24666233 1188.63477822
v -169.11406157 -151.53975306 1184.41950616
v -171.57905527 -68.67333687 464.48600167
v -184.49928737 -53.74929533 474.00128341
v -184.71562408 -63.08617296 505.73432478
v -180.44361081 -72.93787974 397.61169174
v -119.13514542 -116.13337197 234.29870535
v -125.36026721 -111.13802347 207.53745815
v -132.32613774 -119.05774587 223.87681691
v 149.77916428 101.75877316 23.01792741
v 151.27187094 89.52315238 24.55135853
v -181.59744209 -81.68197127 379.02784024
v 4.43371250 46.32299969 515.38893048
v 14.38390628 66.79639015 512.78817547
v 9.67729467 74.50627147 534.27644057
v -190.68788944 -80.64672293 352.59448956
v -100.52903746 -151.28580428 1226.76239197
v -82.90160975 -165.68074834 1204.02015422
v -109.11331216 -156.16181566 1213.99545259
v -156.84041735 16.59384357 414.52381105
v -144.37323653 24.87777132 418.57300152
v 116.65554104 169.46835366 793.22050354
v 92.40869620 185.69056651 798.97379178
v 117.69301443 159.99273206 761.16248982
v -200.31433127 -70.43947920 331.12069639
v 177.82393431 -62.42973847 122.05662450
v 169.78668896 -53.34356753 100.19857828
v 157.33984068 -54.96808131 128.20280873
v -198.91968736 -73.99686544 614.95566599
v -184.91119521 -90.87889679 610.94328949
v -188.16932650 -83.51232356 582.14384193
v -199.83877685 -85.49666270 310.91512604
v -116.52869909 -118.55194949 244.82186649
v -98.77655581 -108.07169025 252.16731238
v 179.60142380 104.12842503 698.58023955
v 191.10330311 84.00502552 691.70597126
v -29.91433852 206.02521445 785.77427400
v -19.32304273 218.02101041 818.62629575
v -71.53203423 195.61397677 1002.80068607
v -88.58988786 187.30375169 1011.38379672
v -102.00250143 185.91070221 997.26922232
v -108.55601160 131.23230686 1152.59302792
v -105.07719945 169.53672035 1119.22043777
v -92.57210838 162.35327109 1131.85850542
v -354.33241944 52.00450966 753.74942010
v -143.00359076 -123.85053124 244.08352880
v -153.52221520 -121.17035577 227.84206338
v -200.03005238 -91.89110643 283.86176205
v 41.61069877 89.53112990 494.26242637
v 31.27961202 81.38185457 494.64707971
v 42.61596733 77.65719149 475.28825915
v -209.81106670 -30.00290849 585.10822712
v -206.02783395 -50.11968908 592.71955345
v -200.82838180 -48.40975728 554.50513431
v -190.94126657 -95.26050182 328.08054932
v -80.00598846 93.35481578 1211.65572214
v -75.31133560 104.99559084 1197.10949959
v -43.84268239 98.25454298 1206.23650014
v -126.95410610 41.20344806 420.65534977
v -186.98138742 -108.54066943 290.73812699
v -2.49994151 100.95354221 592.59390613
v 3.99793414 96.93500307 568.75928939
v 2.48978524 111.84227893 597.64940212
v -193.29982661 -102.15046396 251.58391137
v -127.30625033 -174.74398248 1154.47688341
v -88.18945645 -182.07192129 1159.91450689
v -105.09263011 -186.28607969 1128.92428925
v -171.76091257 -2.39967638 389.85652457
v -177.86293232 -9.10889900 389.81545440
v 75.87773116 199.22383044 814.42526297
v 84.50223737 182.28272578 775.82633986
v -72.22591519 72.87832555 1232.52660635
v -109.04296060 70.84064401 1231.05588499
v -205.61243391 8.35000084 557.14761501
v -209.11995725 -8.82421954 573.67164099
v -206.81387474 -17.14383117 558.24354824
v -184.93104042 -110.03380385 245.85186376
v -138.01957577 21.78256230 391.94255510
v -160.17606442 11.66344196 398.53523392
v 163.77301315 119.93451486 742.86295559
v -43.50393775 46.54986116 1258.37152800
v -76.53774063 55.31696488 1248.93565180
v -50.18714336 58.86845364 1242.85840316
v -175.61131067 -117.31228829 290.74569743
v -168.06738041 -120.08253425 258.43478822
v -116.09183652 36.20841173 398.27967745
v -128.78471491 31.93490490 406.65810078
v -171.39899407 -116.92048033 230.30363529
v 20.33514496 115.76744045 572.14379012
v 21.21390600 98.22427979 549.22577771
v -83.49420043 -181.58865586 873.74867904
v -69.39729373 -189.14628313 853.20337565
v -92.45373697 -183.96470733 848.49256920
v -185.32358875 -107.93878332 220.75770518
v -168.89009271 2.70388678 410.33998220
v -178.86798974 -16.24411740 409.65099114
v -196.11225706 -96.10804254 225.08184771
v -121.88863465 92.27795495 521.21874144
v -128.80562426 95.84633267 552.54479985
v -153.91516767 83.90936594 540.77706195
v -189.18512936 -99.12534567 186.95900963
v 8.31336052 -174.88157020 1195.12835599
v 24.35652769 -175.10041333 1192.26847929
v -1.27671638 -183.07042875 1172.72070058
v -188.17124906 -28.61282540 383.91668663
v -187.02946969 -37.19637799 405.87434964
v 138.50953130 124.00904535 597.29096417
v 119.71972618 128.81274305 581.14018363
v 141.07542362 120.28138926 582.50040040
v -44.73818645 -190.72680093 841.36232875
v -59.45973855 -186.39553118 786.86410854
v -72.19663997 -188.40731792 800.45910969
v 101.01499752 163.08322397 742.53072630
v 97.90618898 170.42088918 757.13942161
v 162.82278532 -37.13901604 60.60619824
v -18.64149795 121.35451072 1183.08219614
v -26.64540763 153.33772536 1148.69002536
v -14.14507990 138.06193453 1160.16878927
v -173.19542003 -110.83543658 196.11613617
v -57.65209830 120.14699929 1181.98448190
v -92.57603537 111.67492372 1181.19546007
v -163.03271920 4.63089905 381.83844190
v -171.77660277 -106.08182978 172.96899422
v -153.76986140 80.20771142 527.35034828
v -51.62786626 -183.41940956 774.50229328
v -71.99317362 -178.48062976 756.82850732
v -84.25677127 -182.44865050 776.91728488
v -184.32052375 83.44974667 1087.59167685
v -185.33917608 83.35597948 1102.07765473
v -193.90765221 85.63443015 1095.46404154
v -199.88538464 -25.96096296 333.95223274
v -192.13621401 58.76048337 583.02259807
v -188.59953769 67.55958093 602.84298663
v -159.75494241 -111.95937564 185.80932665
v 47.25101291 -188.69641142 1145.90824437
v 64.47198321 -188.34793398 1131.76869892
v 36.48011348 -190.50528580 1128.63005873
v -154.31656925 -85.32834385 437.12110959
v -171.37791250 -68.62498249 431.08469626
v 112.98908912 103.73764458 497.74385301
v 103.12472522 95.66497854 473.73268086
v -143.19431904 42.19185423 1251.83427668
v -147.80656374 60.42108935 1230.89478801
v -184.94667675 -32.81926489 418.13945684
v -183.12422356 -51.94389417 417.42726353
v 126.31501247 114.27021169 533.52687687
v 144.87877754 106.77732514 535.35260352
v -229.84056564 17.95633114 1242.54840729
v -227.66717708 4.85692376 1251.18680463
v -240.88667792 7.37860553 1234.80340087
v -141.02513825 -113.11895450 196.28500386
v -142.95001296 -105.60711517 172.10738762
v 167.44705684 -96.41659724 313.07877988
v 150.54240537 -98.10147214 318.11206461
v 153.89363755 -94.30527226 338.59322936
v -150.72916003 -100.31763842 149.22537926
v -190.82990332 47.62818221 531.35379294
v -207.86095047 -72.19743488 659.44011118
v -199.43548908 -80.54920330 636.10302557
v -205.21520932 -64.02356635 617.93387157
v -61.76768243 -84.01193140 476.63301420
v -48.86266898 -81.12614547 492.75110551
v -53.23498313 -76.38061171 468.91640857
v -139.40257060 -94.46853309 146.83867887
v -35.68906474 91.82833566 568.82306886
v -41.60103037 102.82969981 580.61580600
v -46.42687066 94.25384335 560.27751818
v 76.13761062 49.53698279 1420.62175760
v 77.83029435 37.09983160 1421.95670784
v 79.36283689 43.19743994 1432.62584491
v 14.93327267 -166.52473254 948.65462508
v -4.61237684 -170.92040386 960.32919825
v -280.78311027 43.48626941 636.18072230
v -288.66305654 35.27590626 639.80237712
v -280.99067688 37.13240956 643.63225779
v -157.84830926 -94.07472274 396.99832717
v -177.21780145 -107.21759069 334.70131445
v -176.43818458 -92.30129477 371.12707887
v 200.56396289 -0.86730333 361.98290001
v -19.12412667 230.07658247 864.22370373
v -49.13388013 226.70001215 854.34476299
v -5.51142251 227.44775996 840.90668039
v 166.47372916 -47.19231448 7.08039325
v 183.83106777 -69.16296178 8.08211836
v 216.34119294 -57.03833361 6.76107584
v -193.45284128 -89.73061010 648.12798688
v -175.03637805 -105.88061832 644.38751675
v -130.64967752 -92.78706109 158.48468739
v -203.02824111 103.23922622 874.12379212
v -216.37941105 74.72626667 875.31433788
v -199.30238848 97.68798722 846.83566709
v -130.47980159 -104.36974818 182.20603858
v -107.71597960 182.21578285 1047.76312035
v -134.39899792 172.30037841 1049.58830203
v -121.09769899 -98.46429521 189.49176270
v -186.39120076 106.73236728 828.69399074
v -171.30151762 121.59027446 804.52678037
v 246.80142277 31.83089379 1227.54102932
v 230.75357465 36.66289462 1242.03614362
v 234.18964770 51.91705776 1214.99554619
v -24.79534526 75.13473098 559.26428030
v 76.33346176 21.68798896 1426.22222055
v 80.76076524 28.23592090 1437.73845132
v -155.26666920 -114.97679163 644.21946027
v -170.96724009 -111.86372752 660.50752049
v -106.60505400 -96.20403194 205.82927938
v 269.18074236 -42.11914922 1214.83720339
v 260.90745669 -65.25937234 1209.64270454
v 252.66677741 -59.44889296 1224.76287433
v -339.57483854 98.41744481 736.80854477
v -144.87827513 -89.02360230 417.63384018
v -169.39865168 -82.66036901 405.00845320
v -45.87072716 -97.85464207 583.28687571
v -45.07748628 -92.60810897 562.33419905
v -68.95144905 77.40870938 491.20491268
v -72.76332949 86.64134328 507.91712495
v -87.83920999 90.65117918 510.11917927
v -98.39149770 -99.59689274 228.33163456
v 42.44968019 -182.02028695 1039.16951397
v 28.86932949 -170.93672927 1015.44212844
v -170.56080474 -114.18780967 330.65033404
v -175.99409826 -112.18670861 314.78071160
v 185.05953156 -8.23281524 414.70255331
v 196.32457622 29.49462763 575.37053028
v 196.03612247 21.36527191 566.40557796
v 198.81027583 27.11691122 593.99330564
v -267.73163370 43.94314586 1160.75474970
v -252.87763455 36.40077611 1189.82795675
v -271.34338334 24.28684461 1175.05877311
v -76.70312794 -80.37314373 248.80215218
v -41.31629722 222.52240166 835.72963559
v -64.68889375 217.37700677 835.03924248
v -156.56446108 -133.32240757 705.67459929
v -172.84874101 -115.15227081 675.95729192
v -86.06240955 -98.52750972 261.03010555
v -230.61354291 27.02725034 876.05144832
v -217.20927889 53.58159529 842.64287951
v -182.05573899 -95.64970053 348.81472217
v 212.62472792 -11.58834355 327.28178701
v 208.32868212 9.62207359 308.26910190
v 175.39774609 143.19463408 871.62627505
v 197.65912110 111.97014421 883.13594119
v -243.57223840 -1.70647364 1237.99700406
v -26.23952646 -89.64659385 596.44491141
v -71.26769934 -77.75732345 262.50520294
v -72.77887841 -68.80579630 245.54535331
v -212.71430520 72.52053458 855.45075952
v 173.25619352 -100.13916357 796.10716044
v 159.52548477 -121.88645852 802.74212838
v 186.07505078 -85.92938389 822.70808261
v -143.23959479 -90.96516415 433.14657895
v -161.08054683 -79.50080861 420.45922373
v -68.61261460 -52.20865749 251.23017777
v -56.08718386 80.27478704 510.02262455
v -60.69351442 88.52901024 538.71738920
v -202.68609198 3.75466836 510.75171603
v -198.34242782 -28.10308491 509.18450887
v -196.83858969 -14.37483081 489.40463247
v -73.60894019 -47.46574754 228.98626769
v -160.93382452 -108.81028592 354.43821940
v -162.21048290 -115.67795310 339.26669044
v -79.43555825 -64.21676372 220.47486481
v 73.04947907 130.07299118 573.04389994
v 47.65273332 132.24136099 587.97854014
v 48.95893894 121.60438204 563.51717252
v -87.96098652 -62.01628696 197.55904113
v -230.41330248 -90.51700730 1211.54362021
v -221.51052585 -116.60609940 1191.88478400
v -248.43031010 -80.08008553 1189.54479978
v -310.92852610 41.38294616 670.01517124
v -317.67154792 55.26032340 673.41517973
v -333.13101078 51.09385976 699.65514141
v -158.74908553 -124.33353944 286.44832666
v -136.71697098 -125.44124800 270.17046101
v -149.27991473 -123.99354383 262.29032162
v -93.21422041 -78.39258707 204.56120710
v -193.57799123 -47.39998361 512.21598447
v -195.39706526 -59.24514529 534.90525759
v -161.25868908 -121.32335277 303.43481147
v 206.57255413 -15.84272085 359.76395853
v 199.57256458 -18.86527236 376.63862382
v 110.60136518 196.48034959 857.33531486
v 107.08584051 193.54650395 882.06431881
v 237.70802891 -22.97975781 10.23263673
v 231.15158012 -34.97063380 21.84779373
v 232.81864330 -20.42014134 25.37965862
v -22.83833109 184.95187028 1086.66952867
v -6.58930613 185.92400063 1084.62156622
v -8.40505169 185.19865978 1091.58984784
v -332.67666629 89.62570685 788.25570761
v -337.17328434 91.82818384 810.20700646
v -344.25928850 89.55998975 780.17928858
v -299.12829719 76.54472239 665.54929059
v -303.68206193 74.10507214 653.26103061
v -287.10430748 73.99472758 648.20970588
v 35.84692289 137.03029990 613.03884549
v 25.18934784 127.13633399 593.40302280
v -157.86160836 -88.17860401 503.95619554
v -178.15593091 -73.92525117 510.95493864
v -165.13242911 -91.72872418 525.02351176
v 270.56113216 23.46497901 1202.13497335
v 258.64876509 40.46279840 1199.87894872
v 277.00584211 32.67235642 1188.49752803
v -125.28664464 174.10397455 1097.44571586
v -127.77435842 149.52867775 1125.23269244
v -145.87536388 -125.03629854 301.03953704
v -130.37413302 -123.43089685 282.78263350
v -70.86788237 -32.05096105 235.14101864
v 28.83893251 92.11790214 521.49238407
v 43.62289833 104.29654703 521.70442903
v 23.11218743 92.98399158 537.41451583
v -67.89226772 -29.52737355 252.70681562
v -182.68459847 -141.14767963 1199.39266007
v -146.71966637 -147.51150605 1215.89130766
v 14.02386249 48.03328391 1292.25532436
v 17.11018944 69.42068758 1314.76118028
v 1.50417968 70.69398742 1309.53421492
v -71.00083474 -20.65033931 248.82415234
v -135.37136271 -93.78081723 485.95219439
v -134.11556347 -92.13329488 463.88007083
v -150.14095202 -85.70224884 478.48721184
v -69.68012834 -13.01714089 268.50256732
v 129.48498342 141.25203914 689.59360065
v 137.18986349 136.37542024 657.76981378
v 145.92039463 132.33877957 658.47220830
v 8.83147511 229.38767650 860.24001977
v 18.37374926 226.23714801 887.76490259
v 30.85414959 73.30593840 1329.29900630
v 42.96646196 66.57888462 1335.23353548
v 43.43088111 83.47848681 1347.96569007
v -80.93461556 -5.18176308 246.48681450
v -85.66729860 2.96241834 263.47722415
v -148.15870713 -124.54780659 320.41136502
v 193.22006294 -5.10427245 567.47001695
v 193.80883057 13.94136247 534.01322177
v 155.89069796 49.30999989 42.93011811
v 157.80135965 23.77510839 56.57448279
v 160.25181276 37.21463972 33.40630899
v -88.30376431 0.65179362 243.51776369
v 37.87773349 111.15880889 551.57201084
v 55.05581097 117.14444072 545.97416608
v -85.91895056 -187.17083602 809.66233220
v -89.97341319 -3.87361387 223.55672765
v -211.33133374 79.53748149 903.72963530
v -197.04789629 62.73669785 941.52787710
v -215.73532307 59.59913545 917.21952910
v -127.83434250 -140.43775171 690.25408814
v -143.72158906 -137.86095086 698.43427725
v -123.98794483 -148.36422678 699.25554457
v 201.62771466 -53.10534141 98.18057665
v 210.07313973 -44.57348290 103.87111140
v 212.99268215 -42.82030829 91.02616488
v -213.68312818 35.32009868 1029.48905689
v -206.36700123 48.37089500 1034.99550782
v -213.15011262 49.42369473 1041.50173657
v -75.43543998 -22.43678854 229.24143354
v -88.20492520 -12.40243995 210.41931634
v -15.60282681 -163.91081261 1220.25102427
v -64.24908875 -76.46400772 276.02246745
v -73.12153213 -92.44801298 277.97216596
v -72.55804082 -94.80800373 298.06626761
v 109.27000576 144.57561649 673.61053112
v 93.47427118 148.83472458 670.70282287
v 99.78600043 146.06641642 653.87550746
v -83.76539646 -20.63854401 206.22560982
v 159.27136276 111.63806691 33.63478773
v 158.94304535 133.12012667 23.78525391
v 197.84441018 -77.06999773 313.17876701
v 199.42916184 -78.49007051 286.08851128
v 185.44422946 -90.18439495 273.09026362
v -80.05463951 -33.54382889 212.58830619
v -99.45844994 -151.59561525 694.40147317
v -112.02532410 -155.90790734 707.68220398
v -87.47000300 -157.38996370 709.54223492
v 36.26206277 168.29663600 710.28700169
v 65.75594430 156.43709632 685.84211939
v 69.38254909 163.88956202 711.65487772
v -128.23270629 147.52495819 1020.29640212
v -140.55025019 133.60517266 1020.60894477
v -143.70684558 129.90217670 1013.93333795
v -189.88666047 79.63083653 1034.67236046
v -200.67758881 60.63865150 1041.47182906
v -86.54094385 -31.10647463 194.00559487
v -3.33103314 120.62515873 1435.54341636
v 3.47506646 105.83460585 1447.03978768
v -3.45950484 105.12717373 1448.53017715
v -126.52342760 -132.31158104 671.03048670
v -180.98594832 59.91075435 527.59148359
v -174.64442839 70.40755137 542.16585759
v -219.52504554 67.05718200 890.61303469
v -221.72904524 11.29956547 941.47992553
v -227.73396072 -20.77501159 949.45629667
v -229.71190080 -0.93055980 934.56920540
v 33.46519066 100.41961669 1375.94287957
v 7.69921614 108.81386742 1361.71329379
v 35.08000731 96.38295749 1364.23614007
v -94.25633789 -109.51992690 276.12832739
v -121.94712502 75.97172963 481.99332118
v -224.35285992 49.78916070 1028.53351050
v -7.12193535 -152.33502818 1246.66722563
v -48.08555702 -20.44454999 375.18924917
v -51.76861510 -22.46494275 358.61658806
v -51.55462966 -40.32916138 366.39051262
v 48.91658886 145.15684747 636.79874987
v 65.43746746 147.30153962 651.16575603
v 41.78246945 147.33074409 654.50943912
v 190.28800288 -138.55780086 1136.03154289
v 173.46127999 -155.69023053 1133.65220470
v 178.65937118 -145.99204860 1150.30378466
v -184.28946101 21.16960149 1269.76314155
v -160.82334811 12.95900323 1277.45844021
v -185.33146970 -3.10631403 1281.47186239
v -99.90350848 -4.53346638 211.40033830
v 146.90979632 -161.57296190 1170.81377338
v 123.50429271 -162.86354494 1189.55375192
v 162.65596324 -157.76600613 1178.48027945
v -69.64556542 -175.96580122 896.40190870
v -55.39441490 -63.96367991 298.45049802
v -62.24890766 -79.32400274 306.53606612
v 131.05668865 147.16819811 750.86911620
v -195.11732576 -18.78553793 1284.61016748
v -206.03658330 -16.59644962 1281.26088289
v -188.97682788 70.88710448 1025.22093970
v -102.60027818 2.30772149 224.71144576
v -109.87504314 0.94084548 208.18935616
v -352.66449804 14.63329822 945.22871557
v -359.98190892 26.89447235 938.60684975
v -353.28656119 24.16071129 956.29042601
v 214.63080660 -46.08008977 892.93978889
v 216.98685870 -59.98543681 915.27698527
v -107.25143562 91.03518967 511.02914190
v -216.11612310 2.13879417 951.49917571
v 97.68401351 -90.84751900 628.91095549
v -131.24511643 6.33827859 211.30667605
v -214.11479520 -45.19115514 977.18751130
v -211.88154418 -50.07184334 970.08459130
v -220.97649246 -35.83700548 957.24943228
v -51.16129257 -41.62737424 325.48122358
v -51.53601464 -54.56346871 330.78188799
v -245.17183452 -4.15403437 955.11524300
v -238.69554835 -11.46004269 969.46166973
v -247.21671153 23.64835208 959.38792196
v -138.92634317 6.31453273 189.88756795
v 127.35411632 -138.56612985 890.34716029
v 138.17793994 -140.45279328 866.99345944
v -320.49158433 1.03245151 1013.92464407
v -316.35745336 -9.03833789 1014.91366481
v -44.08958898 -68.55315179 447.20851515
v -37.70750927 -63.29805894 467.14599387
v -37.98302306 -58.31725012 430.47303877
v -87.95398886 -87.53055461 384.99925052
v -85.25275987 -73.82294252 405.44294718
v -78.53326836 -85.82433281 365.45113470
v 167.71758574 137.36531248 824.26115976
v 177.30375492 126.59335329 827.82770651
v 163.13846156 148.95865176 834.47811166
v -148.28663747 7.36699169 214.85749428
v -127.84263852 10.75483236 228.99274958
v -59.74227190 -70.22760176 355.34715366
v -52.15180899 -44.28973065 375.55387815
v 77.01149895 146.91712592 639.33596224
v -123.94987464 7.02069559 212.42191339
v -361.40941923 36.48156810 930.05408357
v -363.19643975 28.82228927 914.76905804
v 212.95542098 100.65079761 44.46630683
v 231.42836211 106.16802503 32.08363153
v 227.20040338 84.22986141 45.16152669
v 73.53958566 -70.72886015 1325.99138569
v -233.49999456 4.14319890 985.55623628
v -231.50225528 16.96672533 991.98089250
v -234.66439364 29.24260115 988.42227563
v -116.20775723 9.35737103 218.75670350
v 23.75397382 105.52212572 1395.03624672
v 22.12078033 104.98340531 1416.71071233
v 6.25440240 113.57631476 1409.53297184
v -56.86969556 -70.13472238 337.28864656
v -115.07099962 8.86189434 229.17170639
v -215.89681419 34.90887104 769.61612547
v -215.53943204 -34.31227138 969.74437365
v -121.14065041 12.83869446 244.41127331
v -212.94385199 -92.37468862 998.36374940
v -195.63702240 -128.46535113 1001.86199597
v -206.68941538 -102.61577904 991.18237838
v 22.16768578 44.55823287 1285.95197903
v 31.15723632 45.21195986 1300.79450651
v -63.58013934 -61.75269773 393.05639357
v -64.68899575 -67.79497888 374.19290302
v -227.23164418 46.91909646 897.35067880
v -171.29007636 117.47716045 779.59342596
v -275.99379950 -67.58280981 1032.39795078
v -298.34623217 -45.33588698 1017.92096289
v -282.37962588 -73.73446836 1051.85940804
v -253.10949096 18.57911573 940.35931210
v 203.85020044 -83.72982689 920.30611539
v -12.69637096 5.96627141 489.83223423
v -18.63025600 -13.06977350 479.50227766
v -16.70368427 -32.44276306 498.29258359
v -131.48992822 -96.32696178 404.58075214
v -132.01569172 -91.12094115 418.21273372
v -119.54969850 -95.89069562 415.86572383
v 97.28274694 201.53535574 836.76831895
v 122.19958939 188.76182621 849.85296283
v 223.38775898 -95.57641439 1153.14722467
v 235.02938469 -96.77255791 1156.01459135
v 221.86928019 -95.76093377 1140.82122878
v -34.34792734 89.66731560 1344.93660523
v -46.46025997 82.69535215 1351.90389480
v -103.10158821 11.29703554 253.87359453
v 216.74303212 -103.78725546 1141.08531380
v 205.70906129 -121.90344226 1138.28615972
v 214.39981832 -121.19477277 1146.42363659
v -130.85205674 19.62855567 265.21719487
v 163.89663709 -155.82801512 1157.71023084
v -93.62202834 -95.02295961 368.55670827
v -111.65840182 -101.17392638 384.54185259
v 114.16896992 182.41582036 818.68106265
v 88.71134159 203.01829845 829.54876970
v -69.46849883 60.50129362 1396.50092060
v -76.31402829 42.71363512 1394.86754013
v -70.25724453 59.67570151 1374.87995213
v -231.14565870 -7.47903199 983.60665895
v -220.52955069 2.29608359 992.53948415
v -97.66285140 11.33365942 264.75747254
v -122.87308968 22.47589728 282.96089038
v -51.13391532 -65.63959513 419.61959248
v -52.88029839 -55.16331298 399.86693042
v -66.17998515 -64.79123888 403.29641650
v -60.83311599 -59.13974677 385.91592090
v 159.19294246 31.93889386 72.05725076
v 154.90418019 20.79128182 86.71321419
v -97.71285277 16.32194308 279.79524252
v -191.28824612 94.05282135 795.62288459
v -194.09996983 -121.76905907 986.13186113
v -22.64659485 -190.81359582 835.49427567
v -26.03665197 -188.12671844 817.46019121
v -104.98985623 21.00799592 296.22193207
v -178.65925505 -58.67970701 439.74861836
v 135.71741671 -26.06708538 131.78794691
v 134.32596393 -42.76868949 147.74727895
v 144.59902542 -45.31784582 133.78174961
v -86.78370982 13.24381634 294.93984453
v -209.99104712 53.98444958 681.73214389
v -224.82727705 12.74539916 689.10825413
v -217.26836565 28.09830529 654.02946949
v -99.65585847 23.12831541 309.51977826
v 67.08351655 -187.48515592 1051.80317192
v 45.71201311 -189.73200943 1060.66547918
v -110.46820435 -98.71884746 494.49318736
v -115.20570543 -94.04974440 468.25208296
v -124.63643397 -93.77511166 477.11300481
v 91.62106200 133.60190141 585.45168379
v 92.71729635 128.27381477 560.32580544
v -80.68116246 11.56500521 306.52131719
v 248.37532474 121.27458733 11.04670606
v 252.95961558 100.30284401 11.06281386
v 251.89787554 101.08205665 15.95316515
v 11.73164911 -188.26334975 866.73611601
v -7.01152870 -192.22196787 845.32134008
v -14.31227798 -191.12081038 859.72121897
v -71.71230285 -1.43901741 288.95928562
v -149.82850413 -85.94817609 457.38716691
v 124.02645322 124.13614985 569.36939019
v -66.42724213 2.69179146 327.57462650
v 24.11316598 157.32158813 1142.88433482
v 3.46446377 142.02216700 1143.76115292
v 15.80005011 163.49501245 1136.50303899
v -58.90041258 -9.51749256 313.59713673
v -191.69732316 76.77266644 1072.52949142
v -194.41898003 76.75278067 1080.58940385
v -184.60355554 -41.53884103 433.18310200
v -61.57833931 0.55810395 348.93523321
v -206.65116291 55.44415243 653.88929128
v -209.53231510 51.07888498 668.21595880
v 0.37043598 -174.97221761 904.06691620
v -28.01814656 -178.71016895 899.11049601
v -34.11951273 -174.55018547 916.65124481
v -71.83397413 12.89363741 351.57086763
v -156.98487137 155.42232957 1078.02823501
v -131.28258806 177.47239229 1073.77648638
v -143.85876429 165.16482483 1086.29860978
v -118.39008580 -91.80956074 442.71678781
v -92.67895913 19.53764842 320.90046304
v -229.66576648 -18.47004273 700.20893912
v -223.36900992 -53.75627012 725.04989349
v -219.46244305 -62.69472104 695.63947305
v -86.62604530 19.57167260 344.19533536
v 110.82160253 -181.51989048 1035.90457314
v 115.62060264 -178.66337865 1018.89545976
v 84.95285618 -182.05947526 1026.20886219
v -141.48568743 -106.25548753 547.67753468
v -167.18793599 -94.35673307 546.07626599
v 122.11772222 137.65807659 636.94878234
v 136.23968700 131.74968154 636.41870827
v -38.64246452 39.55751077 1300.69980595
v -23.96551199 43.94247534 1286.85137101
v -24.17164576 48.45866548 1298.48285997
v -109.38855971 24.44803304 339.58675136
v 29.42053690 -169.22827385 906.94767075
v 24.47202556 -177.31729011 888.61136655
v -112.85798839 24.86290659 331.23624571
v -123.65352032 -105.81085580 519.54594889
v 77.95241437 114.81540271 517.49871816
v 82.05539205 100.36297804 489.45120498
v 97.09397063 105.96345668 499.42044735
v -83.07784263 31.71947717 1274.46829052
v -65.42749871 27.85639136 1287.50830308
v -90.82644168 26.40135779 1278.91315485
v -120.54556402 27.61540929 313.03775924
v 132.38305506 -138.92763244 968.23136338
v -127.33539884 -93.38510865 430.66859194
v -118.12333771 23.17330217 300.44012041
v -228.55120295 -9.04917963 695.39384966
v -227.23942771 -22.46325102 681.11372591
v -120.13711618 -159.11820922 725.13880133
v -146.55925970 -150.29615978 735.10583578
v -132.26595191 24.80346966 298.03824247
v -150.07379794 -100.16426876 526.18936557
v -60.54123374 99.66960803 559.80397004
v -77.33521648 110.29680873 576.53043856
v -84.90273139 95.48824761 539.30290525
v -138.15874248 19.83348932 279.11037110
v 27.90404885 -190.66124224 1086.69359735
v 19.57365865 -191.94077793 1073.95674579
v -133.07469148 -115.01456684 618.35046922
v -138.12283402 -120.12546539 643.04044640
v 51.14495752 172.68054407 722.74536410
v -97.02897392 -175.09567406 755.57520023
v -103.39761411 -168.87934137 739.62221838
v -122.13199519 -167.72291016 756.15024405
v -135.48202641 22.90734152 317.17855498
v -161.77827787 -105.05627273 601.48759561
v -176.55326217 -92.06570682 565.95444157
v 76.05045444 141.74042659 611.47975687
v 66.58875365 139.27109126 599.61726973
v 206.99591199 153.52074745 8.15718047
v 222.76617976 147.56187826 11.05209541
v 193.78212838 155.20077201 10.57036099
v -64.77911252 190.02761328 1067.17087009
v -59.72997356 188.63527048 1095.94095138
v -91.01507518 190.35289910 1076.17855860
v -137.89781095 20.05615075 342.02477594
v -151.59764578 143.32321456 1106.82526986
v -164.32438105 135.11320766 1093.47139417
v -133.90561182 -105.08765958 523.59707306
v -100.09648244 104.05649600 560.63914317
v -104.52276988 98.65079509 543.53047937
v -125.17318890 -171.57001479 781.67985288
v -140.40281507 -166.09622119 802.29286019
v -127.60899178 21.33547925 350.89063849
v -19.72388453 106.92787015 1427.69493187
v -9.74042057 119.87301853 1428.64022595
v -160.56613485 -108.54346179 623.88358234
v -116.50542876 24.09887372 360.27970337
v -158.27055308 88.11504827 575.34688772
v -184.34255936 69.31138441 587.51786607
v -146.94448899 13.26858283 371.54284732
v 1.23441596 -189.50416087 1145.50781200
v 5.72642840 -191.01403559 1124.56164045
v -2.09394151 -192.14802456 1131.33629051
v -139.27867884 -149.76902529 717.01701958
v 107.58510105 150.81105799 712.23604555
v 115.27154278 148.40612226 710.83429743
v -235.52734374 43.80856198 1207.54636856
v -233.28627180 29.10337669 1230.07601840
v -247.74344565 30.28502123 1208.16337729
v -116.81236647 25.78698984 375.78957291
v -137.97748325 -168.50313505 824.91507341
v -159.36285489 -154.77561037 850.79616585
v -137.30377345 -167.98110114 847.23218783
v -106.29989398 27.81945599 377.16325534
v -151.86554239 -125.84808119 673.29552258
v 14.66656880 208.17647331 796.56430587
v 12.78327938 201.31505552 768.48185287
v 37.17378075 196.08107769 764.21114814
v -265.95841780 -18.63519621 1206.33113404
v -250.67699738 -12.12410761 1227.71229199
v -251.79591451 -36.53554803 1217.71581257
v -170.22068763 -103.81012528 625.47265000
v 189.41020555 -57.34838821 101.56569484
v 200.25503323 -55.30523494 114.14604609
v -144.76709365 100.37152900 594.34281527
v -157.35756935 85.13046858 558.13646225
v -29.40538316 43.58567396 481.35346878
v -34.37006462 35.34064526 443.91309699
v -24.66275050 30.73115467 465.62900474
v -250.81339049 -90.15780502 1098.12242562
v -257.29356143 -84.88783385 1061.95801233
v -267.62666744 -85.24629927 1077.00156320
v -14.54567755 22.29859355 489.52349673
v -17.01886080 30.48845512 495.94685504
v 80.05393974 166.43365842 1043.38111876
v 85.56183366 179.06053161 1055.65813706
v 62.49574112 169.14924037 1049.73684657
v -23.41359063 20.61228923 452.17210459
v -17.18958213 5.59146769 455.55687025
v -15.20915907 14.58482152 465.95386557
v -282.46223442 -71.69226828 1126.18351311
v -271.59210304 -83.18582448 1116.76234494
v -284.57634516 -75.73641313 1096.31789026
v -26.40029113 -4.15121404 412.94075837
v -27.67956189 -25.26532334 416.96789810
v -19.84774739 -18.96514019 441.33550722
v 75.54006988 78.96356113 448.79095987
v 46.71905917 65.43797008 456.15830188
v 62.80369813 65.73595917 437.70063160
v -110.95333847 -187.76592712 1098.02069481
v -115.96131506 -179.85182044 1066.39843863
v -130.71916050 -179.46149814 1083.78100595
v 93.03915083 75.27663655 438.72672851
v 81.75798921 84.78515587 460.22890172
v 210.32870634 7.78206529 973.97940998
v 206.31490565 -15.98788262 964.24396030
v 218.29226265 -27.29683611 981.24456295
v 84.78685093 93.73709072 474.04189774
v 59.44540597 87.29646533 476.61279484
v -191.01674847 -146.69583975 1169.12215965
v -158.31669850 -156.46692063 1166.44396804
v -174.22584087 -149.87945565 1146.74918462
v 31.52104369 58.22159306 461.87706296
v 116.12570207 -84.69763961 545.82248995
v 123.39188273 -84.27813230 568.63841930
v 140.93029360 -78.56559864 558.74341534
v 35.86504061 24.28137926 404.78685734
v 29.89142604 9.59362048 401.48902914
v 50.84088159 21.26657051 376.88694488
v 7.25730609 -185.46013473 1048.01452686
v -11.50212091 -193.00095638 1050.77675558
v -282.29238129 64.69540106 691.52053469
v -283.21687648 63.10932262 678.19313195
v -204.36965863 -95.49479650 1023.77394686
v -205.43917464 -109.36016804 1007.75434613
v -212.25668307 -83.80550454 1014.53894285
v 77.71463129 39.61218172 370.82558152
v 62.72372643 35.87039636 379.57325627
v 93.50698784 193.66029981 907.26375949
v 229.18356293 -74.71698414 1054.37307407
v 228.29768730 -81.39751353 1066.71267501
v 247.94922939 -82.85738018 1062.09795043
v -282.80429286 66.63062708 754.33576252
v -275.18445059 59.42939962 739.19606877
v -277.11676252 51.64951803 753.51213014
v 231.77307532 -97.20062597 1219.37122641
v 98.35575448 42.20341174 330.95040677
v 83.59006043 35.09546866 347.97807321
v 95.51380151 38.65212856 316.77960259
v -178.76218124 -147.69105381 1024.47951334
v -157.84337536 -169.83353654 1027.93407834
v -165.87325208 -166.10438438 1013.53808918
v 188.11368540 -21.85551993 544.26741761
v 191.11139548 -18.18044014 581.54472334
v 118.94846991 48.59162538 331.50789917
v 132.92110618 49.26292108 307.52030242
v 139.03967875 49.03045054 339.51544310
v 31.32439999 226.36662158 871.35899262
v -10.87926929 41.43329177 531.12434738
v -3.65563720 21.23617970 515.98381227
v -3.34519037 45.30786106 532.86657802
v -354.40857262 30.82406490 764.19513505
v -350.85498741 23.45173213 766.59528954
v -350.11388569 25.84386418 752.92201369
v -238.44491837 -90.35977180 1126.91166157
v -239.62660997 -89.24012826 1100.09823204
v -34.35949396 77.97642844 546.23885074
v -32.90076680 62.89612370 527.14810628
v -14.43933990 209.05651851 790.73064498
v 141.08288135 164.09326089 1073.38929807
v 114.19876924 178.20251716 1072.78646832
v 128.23104809 168.23135838 1054.12283676
v -315.68755385 69.96410246 655.94999582
v -308.77314559 78.75135328 670.62055073
v 274.37268796 48.13159127 1172.86843474
v -45.31259992 72.90399730 511.13158779
v -31.90718268 54.49115006 499.09780845
v -30.06010816 54.78426665 509.62930399
v -234.57766689 -77.37813322 1055.45474150
v -229.38462784 -80.14040122 1079.91638946
v -228.29122071 -76.98277193 1056.85269856
v -99.12557645 203.67981828 836.51975322
v -69.97531543 221.23444802 851.28990071
v 174.87429541 62.20375324 497.87466874
v 186.61249610 33.85576105 493.64430428
v 184.51456791 53.04521007 526.15728236
v 175.48909969 -62.68012730 691.49958552
v 165.06503737 -79.85822848 709.01933906
v 183.75939130 -53.63740532 709.39292104
v -191.99132303 -17.74797573 449.54756410
v -184.34141176 9.90655897 454.16552559
v -192.34521399 -7.64488284 463.31790452
v -295.03632997 -44.64004914 1131.49195547
v -287.00788340 -56.01348793 1151.63293200
v -286.27753722 -62.11364124 1136.79734222
v -177.84110823 41.27565033 472.49517810
v -194.73532706 26.88942787 490.73776490
v -186.86430656 20.50404793 473.00745302
v 40.00065039 171.07690535 1051.01160172
v 49.50574460 170.39133045 1043.44898504
v -194.46219934 37.09586044 502.81808507
v -180.78064480 56.28798226 503.56476154
v -227.96047306 -112.11653544 1179.61848886
v -241.48196823 -91.22796415 1181.86721243
v -199.45959673 30.12307164 535.59637415
v -202.68968834 19.08904902 519.76485960
v -43.58828032 -46.52164399 402.57062369
v -31.17669178 -37.22259275 418.02798815
v 107.94135620 40.61449223 297.07871396
v 108.22121489 34.89342581 272.63774266
v 122.13993797 38.31749815 268.37219738
v -325.98761381 -17.54670240 1061.61278410
v -308.84873789 -39.67287543 1083.71304200
v -38.33114343 -0.51276025 391.78428377
v -51.29178798 -8.53718138 367.52670025
v -36.57890732 -15.84955321 392.89893627
v 30.36014550 203.56410049 979.49319278
v 39.85915565 200.04686653 962.80853302
v 56.97544903 201.48552163 976.77931584
v -112.26248739 -97.39544658 401.96276448
v 96.14044428 32.35362651 288.63913013
v 0.02382869 46.60544410 1283.93244463
v 11.16326145 46.01176663 1274.19485844
v -25.66919609 -41.86879706 452.98210488
v -24.04255689 -37.16520180 462.64234487
v -99.40336657 -85.34947690 410.34593966
v -37.99317607 10.22133963 400.06890070
v -54.84642509 24.89052710 398.12135437
v -51.10328765 9.56969949 379.86344749
v -112.15047834 -93.76832888 411.49226978
v 127.43078691 35.35555080 252.72822776
v 103.61726336 22.40410067 253.57441692
v 108.19304487 20.63649045 240.12868237
v -208.23495680 30.05383614 947.62133488
v -194.37026005 27.04871723 960.51045605
v 228.75702287 5.31822175 68.71232418
v 226.70442497 0.85645136 54.34675956
v -326.92968399 17.28952127 1032.74879227
v -329.14212379 18.50807014 1021.42270518
v -308.08731699 96.00549524 688.95942268
v -94.86458847 23.05030869 363.49910436
v -75.38045283 23.74262238 378.90037575
v -82.34427847 28.18263402 387.52889991
v -118.33119646 -95.30462462 428.59017956
v 177.21980442 138.21573105 851.81464644
v 158.05989901 159.81505995 850.58297439
v 129.38275014 32.67262554 233.23536364
v 143.17352876 36.28273635 244.37140983
v 167.86621434 81.16438917 517.41004907
v 177.31826584 68.54085747 528.06205217
v 27.93005726 69.14877985 478.90502248
v 16.52850125 62.12167661 491.78346729
v 22.41502134 56.17080398 473.42628896
v -224.51083919 -120.72934809 1161.00506670
v -212.98751736 -133.44716880 1153.48508728
v -219.14839876 -119.33856507 1138.29295638
v 8.45411215 11.33338941 465.48719144
v 10.62437485 36.69743084 479.70708462
v 4.34676730 37.79433147 505.92403433
v 177.58553849 93.27060930 1002.41325955
v 190.77857171 71.08236867 1000.75017439
v 180.76732071 66.90818139 1017.17092389
v -0.47874501 15.66828483 505.28961278
v 2.20696818 3.01472388 493.53613074
v 4.11325698 7.10888027 490.59437166
v -210.91505402 -102.96650109 1112.63311313
v -215.86217274 -86.38815196 1112.37942720
v -213.89256262 -95.56533143 1118.54303109
v -10.55224724 15.23685641 502.93410384
v -9.92357612 3.87606992 496.25972724
v -3.63058719 13.20812183 506.22421907
v -173.03363083 5.27472301 435.79979157
v -175.83368444 24.87114445 455.50334369
v -315.15169610 24.39709296 1061.58247788
v -318.41215637 4.36405791 1072.08851927
v -322.72128331 21.10138516 1049.44247543
v -185.21701312 -24.31380667 431.39932481
v -180.36994748 -12.89803393 433.15605120
v -33.78126547 202.27224124 946.61112322
v -37.78803432 214.09254135 925.53397188
v -5.95226986 206.98194510 943.16501049
v -188.29263219 -27.03535484 440.33429783
v -189.40523425 -40.92296632 467.21991413
v -327.42684944 -7.81661910 1060.66195301
v -317.15905664 -21.33834304 1082.72131412
v -192.51622451 -23.90766916 471.69779333
v 193.20894521 30.49074014 170.17383655
v 176.10086830 33.27490208 153.23358429
v 185.50335956 32.34117950 152.26853499
v -99.12815747 -94.99711995 482.38979605
v -105.29291891 -93.59631926 468.00496120
v -207.10774030 -72.14353072 969.69547337
v -198.36341528 -95.18275877 970.35936390
v -215.31120107 -81.70010054 953.49963426
v -103.36888187 -92.76873802 447.23712090
v -102.14856593 -87.51510285 424.49068938
v -110.85448923 -91.25928089 434.33335317
v 125.61641791 -121.20075614 1270.80115777
v 103.79122587 -134.88217783 1258.37016051
v 84.65727131 -126.52286217 1275.44480911
v -84.18446491 -72.71348518 415.36856304
v -85.43125626 -77.18536723 427.31878406
v -232.68650482 -19.83319076 940.48716736
v -238.03943136 -4.04481484 913.11778003
v 178.35311229 -91.81243135 317.47759914
v 179.54783929 38.35187005 348.85015513
v 161.23220432 43.23391102 361.21110946
v 154.47450875 46.88073378 341.93303293
v -114.14531746 -183.73991141 994.68738717
v -102.05913970 -193.16013027 1013.00360359
v -89.78423661 -189.28636994 1005.41606545
v 178.28637111 33.42597962 367.99785216
v 224.49243068 2.63762766 991.45807338
v 224.01287601 -20.82101447 986.47890311
v 230.32133654 2.26692506 989.24302574
v 167.43946202 29.09740644 393.30611203
v 161.21991255 34.54142586 386.65104952
v -87.10540873 -163.37857199 986.24291009
v -75.64001966 -167.23981647 971.48568663
v -91.66722106 -161.35535145 978.98781210
v 146.83342831 41.16677299 372.18025664
v 140.59472273 42.03456891 388.89478573
v -4.15405240 -15.93012493 511.80441256
v -4.09224331 -8.35589687 501.95924883
v -10.91457416 -10.74635087 500.93869437
v -110.65678690 42.19893637 415.40783702
v -95.19819416 36.98407621 399.80087883
v -85.02714791 38.70274975 416.96933769
v 126.74086918 21.57498113 198.10955043
v 140.53037437 33.27451377 210.80484415
v 56.69411784 84.50150458 1371.67665770
v 68.12427190 61.21644683 1373.07939205
v 59.98533893 85.09231468 1392.93362849
v -229.27410395 -33.32875418 946.14095268
v -10.92420592 -26.43571181 525.82752440
v -5.01391232 -22.54867439 529.14556143
v 40.79387059 -111.33377886 673.50910339
v 29.47848681 212.92309843 814.12496175
v 32.28822548 224.34984880 845.05512089
v -0.20300265 215.85856900 815.39861634
v -102.55286610 51.11179434 437.59831765
v -113.82780683 52.48435450 437.13811098
v 55.23482164 -133.02144966 695.87188202
v 225.93727950 -101.79445788 1163.64178899
v 240.27318747 -97.87222693 1172.08796251
v 64.20085854 218.16978340 858.49352267
v 149.37524252 146.15082469 969.16883112
v 125.48875913 155.35064462 950.47286299
v 42.09116084 -99.59139022 665.51327028
v 121.40927467 27.74298356 226.37808145
v 118.62063398 19.84998368 204.27527538
v 56.30369549 77.41517321 1357.21700771
v 59.11195813 58.41782355 1350.91983636
v 11.51159083 -41.64415249 535.15642337
v -0.36390635 -27.15989989 534.58284419
v 0.92533668 -35.02669769 540.74574487
v -203.35560818 -87.36168054 977.64213434
v -208.86750987 -87.93046530 984.45575479
v 29.45489147 -64.47500135 556.26353834
v 22.21993843 -57.48466421 545.50386172
v 42.75196234 200.60157723 790.33200139
v 60.50028707 191.32697065 778.03043067
v 31.19825430 204.91687942 798.09022268
v 220.56839518 -8.25756508 227.71199207
v 223.48844393 -21.64267683 232.95909591
v 217.44781405 -3.60565164 240.40063560
v -103.13860306 -105.51521548 519.15766236
v -118.32134007 -163.06747932 980.47326086
v -132.86027526 -156.31734372 976.30252558
v -140.18026777 -161.82614312 978.65217212
v -81.41007443 -100.96226373 508.81736864
v -92.86299135 -103.89415950 509.22317789
v 74.85162732 -25.37865187 1330.84289634
v 70.81223990 -46.53078140 1332.12771763
v 60.55680507 -53.10514873 1335.72546007
v -86.06060698 -83.84202133 449.26378061
v -86.37719975 -90.69598950 483.51378630
v -179.43709926 -150.89372994 999.54244553
v -177.94315298 -146.84894729 990.69327281
v -90.54889877 -88.58381539 463.66345512
v 54.22795442 35.40375783 392.04338484
v 246.96371618 -74.99280620 1042.33770651
v 111.21023932 45.46320562 310.76536371
v -2.23390809 -172.65515366 986.75614528
v -144.03723048 -182.09781798 1022.05209190
v -156.91366519 109.44934289 1020.28562140
v 118.63731673 47.49838340 344.49704871
v 214.68969666 4.99210308 272.92633932
v 118.66965656 -44.49895960 182.90330553
v 111.71190318 -54.25132549 203.53001218
v 132.83716674 -66.66513006 189.65627096
v 12.27725122 -170.73358417 1008.19218564
v -230.53848348 -85.85819925 1097.75974685
v -48.91465400 78.11806702 529.81791122
v 104.35318680 180.41132254 1091.25659786
v 19.77283891 -191.54665832 1061.06081632
v -228.00512024 -71.08723544 1043.69820138
v -46.70910314 64.98621901 489.54968412
v 122.66665829 46.45909639 368.25361178
v 105.38708207 47.52226445 367.70051205
v -29.37757530 -175.59526916 979.62403123
v -62.97785817 -172.11414911 982.64277173
v 100.42575879 42.75254203 346.88789522
v 185.91674707 -138.22538516 1007.54994256
v 173.34251105 -150.68020583 999.76816701
v 175.12993656 -150.31714463 1027.70171846
v 73.50067546 47.75746246 399.92552959
v 85.12292585 51.31696216 395.52629581
v -60.45681443 -194.42818072 1032.22490896
v 46.68051698 52.71433635 432.56152965
v 29.41609893 36.06597511 433.17954041
v 52.28541588 44.99014235 411.18673293
v 141.99470421 -70.35499237 409.19839545
v 145.82753195 -68.21276490 422.57375686
v 156.92690923 -64.80549530 412.86477453
v 21.44623435 -40.28540241 494.31053427
v 26.46151001 -56.18675516 524.07433763
v 38.39275350 -59.17818616 499.12906214
v -220.04368792 -34.54515935 983.07656935
v -220.12331752 -44.70880292 991.50236358
v 14.44868626 -23.84967036 477.22249655
v 21.67007347 -37.49661568 468.83068802
v 194.31130332 -141.93055119 1097.76226528
v 206.07435905 -128.87311650 1093.53450949
v 199.87619200 -128.92752957 1073.23771752
v 9.37425374 -2.07110947 464.00302530
v 15.39129516 9.16397105 447.57353419
v -220.51562808 -59.49090765 1029.49388200
v -220.53522903 -55.97590758 1014.31711060
v -226.27535993 -53.17999449 1013.05071126
v 24.76517147 45.19244821 452.37866441
v 22.68582997 26.77128259 432.41001408
v 191.83577687 -151.26449579 1173.46741205
v 205.65316840 -142.28046371 1161.53984486
v 189.02044321 -149.93909561 1162.43304705
v -102.82360207 167.60692650 746.58799529
v 230.45009001 16.57671148 894.93616790
v 231.34563015 10.45579341 909.10699603
v 215.68082237 -42.59533172 853.07546991
v -69.71725949 3.90030661 1382.78208728
v -64.51571175 -24.11963933 1374.55490484
v -68.53087708 -25.10858808 1354.48426888
v -69.57716101 -91.74223638 496.06145802
v 207.89313579 -140.21053935 1187.69243478
v 211.84990059 -139.19857139 1164.95634160
v -61.53553768 -77.79437572 447.37779057
v -86.25870802 -79.96644471 439.68773436
v -40.61129178 190.85181560 750.09706617
v 197.29770954 112.09452929 867.32917333
v 226.83178100 35.82910819 908.82404250
v 124.52526032 -170.55484058 1000.18640628
v 138.26113406 -168.36047766 1000.20972808
v 73.30008196 112.00647847 1192.30283473
v 70.12508438 124.77290880 1176.74591836
v 87.73944915 122.43167354 1173.69423503
v 133.05990793 -142.32373624 953.01465056
v -41.54294112 93.25128390 1361.45650075
v -13.64523698 111.29571412 1353.50812723
v -37.45440489 99.43731207 1381.86622703
v 49.38066447 135.93138815 1170.61343263
v 57.22188342 146.50576111 1158.60727080
v -62.07351759 -74.13164792 426.89352825
v 73.43178151 -181.80324402 1174.55770507
v 102.98024365 -182.41984689 1157.79679262
v 71.63202708 -186.83802110 1156.09119745
v -75.70112316 -69.07649380 406.92195387
v -168.90036362 -135.29077401 739.27878120
v 63.12835760 -163.52720123 959.40537365
v 88.02883739 -153.92309715 936.04799171
v 115.09806091 -149.87724743 942.58697006
v 160.13954281 141.93518528 19.56706290
v 156.46766655 147.86111284 10.25359377
v 175.45108601 142.50562594 19.60231270
v -51.32129268 188.81233355 1068.96535621
v -61.39891544 178.25471621 1043.33259913
v -33.16299834 180.77755685 1050.57816747
v -110.19164376 -27.14349565 1309.13430008
v -86.79352265 -34.69214896 1322.03413579
v -111.77381882 -38.47703330 1316.52873355
v -122.44288516 14.95501919 1281.35279305
v -123.59209328 4.92183149 1287.86312831
v -2.66369536 -158.97343295 1229.48363817
v -34.03788304 -163.85061115 1222.37354109
v -28.76876804 -45.89139450 435.50350758
v -213.13643373 20.98327969 1258.92490140
v -177.58509455 -25.68312512 1289.12504949
v -165.45388923 -12.05151980 1287.60742174
v -174.07411402 -40.17348777 1293.87293386
v -85.22221126 175.37427240 1034.95085590
v -93.24019176 173.74859560 1027.71696595
v -68.36608810 179.12016556 1035.23262984
v -123.20374250 -13.55335051 1296.73537910
v -104.02319650 -3.47737524 1301.79911069
v -17.81468830 -11.98188769 466.22066053
v -223.58182020 37.25623110 1017.85216351
v 20.49727682 -154.17831217 1237.26927780
v 61.55006983 -159.68027016 1222.14655834
v 34.35823100 -163.73555973 1217.10587114
v -179.05775065 84.89065206 1098.28312254
v -179.16072042 80.96918810 1114.55523112
v -57.55450906 -153.03471737 1240.70015405
v -198.98668859 64.08246199 1058.92493841
v -198.10562666 69.61845659 1065.77960789
v -205.61615362 57.61584349 1054.27703150
v -39.05019568 -171.52357570 1202.03903011
v -64.86757675 -162.75807660 1218.31566553
v 112.35472779 -96.11821120 1299.98820138
v 82.11693666 -111.71496509 1293.01702820
v 82.56868032 -89.46137782 1311.98894907
v -11.77012099 -18.70260967 509.96897594
v -90.12550297 -143.59872992 1247.77846576
v -121.94049169 -137.02472349 1248.24636745
v -98.02241219 -124.96685469 1272.89881708
v -223.93253682 5.92692943 769.38326837
v -130.25500576 -64.64462045 1308.65770363
v -107.83133932 -72.41385595 1312.94001176
v -123.77429939 -87.68118958 1300.18616731
v 153.52997092 -120.85444539 890.17146420
v 170.66599326 -106.50133198 889.13470301
v 179.88048813 -102.71063531 872.09904326
v 113.79124396 189.72806597 831.23050038
v -55.62270216 85.77886797 1372.39100254
v -122.76385412 -47.88636413 1312.89367956
v -108.19679042 -49.75908642 1320.10086809
v 56.08936408 -92.42969011 1320.56886362
v -139.22497013 -119.18874953 1264.91804517
v -144.40054574 -97.65856423 1284.89990040
v -96.86401821 -106.34381340 1294.45526522
v 10.43735467 -44.04781556 551.02489590
v -60.95364994 -192.78438121 1120.44180687
v -61.56854574 -192.88092357 1094.62819452
v 209.95801343 -53.58977653 876.81218495
v -183.90764450 99.97910766 1043.31233905
v -178.11002198 92.69484065 1029.54473115
v 187.19540133 -58.26440256 68.22089675
v 296.10726301 -65.98163982 1102.65363049
v 284.64238232 -80.08646317 1099.27717240
v 276.72131789 -82.21330478 1145.14855000
v -188.24671042 -119.39572584 911.62705160
v -191.98072903 24.57555777 965.42915749
v -185.38387586 49.83760636 957.81204322
v 8.32162663 -15.68132651 480.49011020
v -202.45382402 87.03638680 912.91964293
v 70.66010088 59.21015737 1395.40615568
v 73.04492059 51.87137755 1382.38674918
v 278.70878775 -84.57987174 1083.55261406
v 273.52860420 -89.65490477 1103.74022755
v 13.35367532 32.60189884 460.31565516
v -169.27122133 -138.90143257 953.97700106
v -150.51645699 115.70716875 960.11939048
v -138.54081800 150.70446272 977.15797860
v -156.81291428 127.06920810 977.90980047
v -194.73163958 46.82640837 977.85180370
v 244.39505492 -39.06153488 1243.28945624
v -18.03346637 97.74387180 624.74056414
v -81.63176415 200.09007385 813.55433865
v -155.72850401 77.60320222 1209.49764194
v 71.68537077 23.60804500 343.21388788
v -14.54641138 -77.84074199 1356.61438786
v 14.14519538 -88.20094179 1347.17045003
v -10.60963192 -87.46034410 1351.20282406
v -16.23942201 77.11844927 571.00953632
v -47.63225129 -177.87716099 893.91983195
v 143.76428717 45.14967003 354.06046349
v 171.38407314 -71.68556889 168.69842755
v 157.90221294 -60.80276237 144.87104902
v 162.25475996 -67.49322052 161.39022286
v 86.49141549 11.04672209 1304.98081089
v 85.34672482 -5.83378442 1317.64209770
v 74.01028472 23.15496587 1302.38046335
v 178.14293178 38.07315489 335.52504527
v -178.36412291 -134.19049644 811.25410093
v 77.55024612 -155.04535672 919.97939941
v 187.16590213 19.23654577 375.22930402
v -74.98444983 51.54132745 1441.85864641
v -68.22134273 60.40452564 1460.02796396
v 123.49464985 25.33467786 1286.34093517
v 114.35251865 -1.79824703 1308.40801075
v -233.27232655 -52.71946299 819.62129165
v 104.17391000 -147.24268206 906.63628172
v -74.19714390 -188.83618109 1140.47357124
v -56.24160017 -185.85221003 1160.06909027
v -58.96882090 -189.64578609 1137.99713866
v 259.57115776 -75.38211428 1201.84755215
v 268.89440215 -82.50743827 1173.23222632
v 249.31659239 -89.69845043 1197.58769202
v 97.81662911 48.24552421 379.69322389
v -240.81529789 -17.28988410 831.36771761
v -157.44392274 158.63439677 838.21105068
v -146.74962373 174.25388866 854.48874836
v -120.72997648 182.41172559 821.73637970
v 49.82861509 92.16216691 1470.44284182
v 34.21537685 97.10417551 1482.74501003
v 277.82805472 -67.48690962 1179.57758454
v -254.01464839 -80.28592534 1174.85695461
v -243.49044111 -88.67023073 1164.95319350
v 60.48573296 52.41130505 418.76572653
v -224.47546955 -84.22223477 868.33094857
v -193.66443464 107.10027087 900.59701373
v -185.19981628 127.25733136 849.96477945
v 164.61998268 42.49250315 67.61556577
v 165.76934146 33.61483220 88.77108356
v 79.41977323 60.38329446 424.81051799
v -110.02619787 -170.29861290 1180.57378890
v -69.14348145 -173.50102337 1192.46908483
v 81.23261041 -36.31573571 259.80884774
v 87.52107687 -50.65994894 252.89807815
v 67.25917739 79.99004373 461.77530248
v -88.49960806 -191.20298442 1111.33634829
v -83.53995066 -191.09795263 1087.50861725
v 3.57111277 91.41924940 558.31111802
v -116.70120013 173.57430776 1004.55836690
v -66.93908514 191.62012078 1019.34317479
v -31.20167832 192.54239154 1024.99004740
v 164.07574015 -50.48134109 23.62251986
v 54.06315225 -170.13267914 1203.95471369
v 50.21754164 -182.65367215 1174.30111335
v -173.32094807 54.22122298 484.25954383
v 74.24553001 -55.91383459 405.98088757
v 88.00827674 -54.35143991 396.89872235
v 73.96491270 -49.49690429 391.12140375
v 3.36522069 -10.92051002 495.65219009
v 20.23169852 -187.15995063 1155.01296501
v 96.96692289 -188.83684843 1118.75371302
v 55.68255465 -190.49351951 1115.41809011
v -2.92884781 -0.45020094 499.03410219
v -6.26127449 128.15779089 1171.41705808
v -17.68327626 170.55671287 1128.64815244
v -38.53620482 177.04728932 1118.37937510
v -12.01110843 178.79674259 1112.19159075
v -9.80448759 21.85011772 513.09508953
v 94.25471671 -185.87478822 1142.53774415
v 277.74221967 9.05384837 1202.33818644
v -18.81359320 47.49120420 526.04810849
v -195.96219960 92.74477653 832.54798686
v 158.99350519 -74.93725353 665.25747778
v 159.84107708 -69.66444273 640.70530704
v 143.58684762 -85.43044012 668.24878814
v -256.05504184 19.23662687 1204.35675793
v 77.11666998 1.81606804 1393.98445786
v 78.65031773 8.26185933 1398.25525394
v -43.66340211 55.13649622 476.62193621
v 237.31032059 18.12203094 38.13057197
v -209.29856781 -117.13121870 1210.76790690
v -207.10793335 -91.95631407 1236.78838533
v -194.81311887 -104.55125009 1237.98217079
v 160.53455333 -95.39052481 722.03941915
v 182.52838570 -61.03009729 724.02243677
v 7.56042198 81.84783243 1317.10809574
v -20.66156205 8.78489356 436.82514885
v -123.70298610 -148.04702770 1227.93645796
v 67.21576465 116.69483141 528.35192508
v 15.65292999 184.66859835 1087.54849257
v 18.50150308 179.33848748 1112.35606297
v 9.40008736 169.64633151 1129.25033255
v -45.23119675 -36.98840024 388.31341186
v -281.39299563 -53.15707502 1013.41909789
v 141.08214319 2.22511017 122.67414526
v 134.90406010 -9.33531268 129.49748115
v 144.43341020 -14.22753206 109.40276354
v 187.13756310 111.52426815 803.86275523
v 206.17956014 81.38082842 811.03111557
v 196.26044769 100.62843241 811.52198106
v -62.04840752 7.08146035 360.17733520
v -257.10079053 -70.54941976 1030.16111436
v -247.55131695 -52.60084985 1005.03271623
v -265.62635088 -56.98334288 1012.02892258
v -70.47648971 15.58155378 363.81269518
v 34.49641041 -141.48497215 1263.67691642
v -286.07228195 -39.47689249 999.04631509
v -341.42299189 80.85232252 708.94852309
v 60.75837030 -6.75184660 1368.97152380
v 53.18376539 -29.75453698 1370.68954474
v 62.34331143 -20.92901933 1389.09478733
v 248.20765623 78.06277935 25.43077844
v 246.80963739 59.57176126 26.67488182
v -349.57812211 60.09371697 931.90525465
v -357.67884889 35.29871157 946.90411904
v -95.10388878 43.48074503 426.75351137
v 165.31516706 -120.04485190 865.45176132
v 28.23906167 -65.43591484 1364.05169647
v 57.81829132 -44.79663072 1393.35287604
v 64.10932248 -34.72083168 1397.52195274
v 55.70955123 -39.65673184 1379.05655991
v 230.12687209 -11.91944659 907.82509747
v 227.95130691 -23.88623037 920.80673843
v -351.05332708 25.93006184 969.23886468
v -119.38551365 50.10717742 431.83613738
v -163.11034181 36.85237773 446.18150903
v -65.99791620 -21.95513882 1395.55128566
v -70.57005342 -15.56987732 1406.73046259
v -63.85462505 -39.08895637 1395.45855313
v -356.62381172 54.76745094 909.45688838
v 59.59280264 -69.45135387 1330.19081673
v -364.98526631 18.18662983 829.85249400
v 77.87216652 -2.13569946 1319.55655476
v -337.38113167 3.37660311 975.28142805
v -166.24836205 8.64033260 426.92551415
v 110.56170624 -182.09203457 1045.99789296
v 92.34851648 -185.74678976 1049.59684886
v -176.72692899 -6.57796823 423.35578662
v 79.36567584 -158.88759409 948.48275758
v -54.16721723 36.50307667 1272.33922617
v 107.70442893 -162.32196514 989.59115293
v 93.88257670 -171.90372308 1001.21424699
v -189.44219973 -48.18786134 489.06939774
v -225.24302169 15.67128802 713.12671226
v -11.03138576 161.79685201 1136.48570246
v 50.42102144 123.52731539 1182.14021173
v 34.87795198 128.80151298 1176.74337639
v -196.44024877 -10.16231621 473.73919136
v 27.91881010 -191.39926383 1104.99100444
v -200.05161542 4.27902676 488.99224496
v 2.61532807 -192.95725241 1096.59657361
v -19.15660243 -191.03027456 1136.38765048
v -15.65263793 -186.61450005 1153.97523611
v -94.16781450 189.38169022 1065.32236276
v -33.61944395 186.51247675 1086.81823302
v 94.98996303 161.61241924 1029.66941351
v 71.48924065 179.08745286 1026.94191514
v 108.54990279 168.63629691 1012.92297579
v -201.70011294 -35.57647865 525.48157414
v 152.26074039 134.84096340 765.20115981
v -260.54589686 -84.07391284 1146.32672601
v -256.43828960 -89.24292381 1120.64737850
v -185.11852500 -73.95187396 528.35211010
v -271.72226968 -78.58069296 1049.98461047
v -97.72356012 125.77500494 1165.11843613
v 69.84225940 166.92847987 1037.82983636
v 81.38732637 169.11085366 1030.51897642
v -172.05902646 -71.73419590 486.75954584
v 76.03576365 170.21807461 734.60470701
v -295.68009496 -62.51694429 1049.64024696
v -273.42009244 -72.65161856 1155.91715257
v 177.49310864 -30.83590369 456.32922308
v 161.81701323 -54.26366025 450.92087255
v 168.21693576 -46.61766392 472.07624378
v 222.85174826 35.84556274 1007.57797441
v 224.76811875 23.86378116 1001.11852905
v 235.32909894 34.20826905 1000.95339975
v -152.64650293 -167.73294376 1137.14318981
v -194.58128579 -71.11287145 568.63568272
v -92.29107919 -188.11281831 1067.09546652
v -215.96223979 69.01427668 1062.00517627
v -211.10238181 80.53503096 1076.36463313
v -226.63797385 76.23388630 1067.49752906
v 216.79960830 18.29110795 999.95742858
v -204.27549516 -27.98221777 544.80085488
v 152.34421258 -72.18075049 631.17245763
v 155.65274554 -70.09031136 586.03130486
v 103.64493216 122.36717662 539.34466149
v -202.97981983 -135.57990066 1191.02583108
v -213.89563910 -133.43807962 1167.37340007
v -203.71993557 -2.40185872 533.49437071
v -163.07399645 -157.16797520 1149.46466774
v 148.30575366 -88.05709988 223.83837806
v 152.52140140 -84.38945550 206.52633893
v 140.56745786 -80.41545559 207.27504353
v 247.64874698 -39.12450182 992.70288532
v 243.43043180 -28.34926790 978.01581104
v 229.71330915 -29.74093746 990.90044538
v -10.73332039 227.26529030 888.83327517
v -21.17966328 224.02334035 901.85378517
v -40.20732294 227.07488482 879.78579377
v 65.65205251 191.02160541 941.22888674
v 43.01616823 200.47537198 939.45602449
v 61.89269396 207.08068250 914.58562744
v -184.53921815 -145.30956928 1011.90794320
v -218.74674773 3.16675883 634.12237583
v -208.70553225 -82.94031839 1025.40037834
v -332.75647361 87.10370428 844.44399049
v -315.10317447 80.11461314 874.16357384
v -329.62105795 80.62099530 875.64837565
v 106.52001344 182.00643378 914.87615540
v 114.23312211 163.23486351 935.25840513
v 86.09321820 179.32034268 940.35184873
v 245.16918277 -58.88144552 1018.12482343
v 230.20025344 -46.08441133 1008.69099755
v 31.56210691 215.11359180 917.58693673
v -5.03654845 220.37775479 915.57273373
v -221.91966897 -34.44447042 667.80468580
v -123.79371727 -190.66798114 1017.49440870
v -147.32838200 -180.05840077 1010.11563099
v -274.78649362 -33.00909326 1193.59119052
v -280.39850849 -18.48776746 1188.91183309
v -284.67849329 42.23879060 1141.88389590
v -277.29931725 55.07216119 1136.28815106
v 178.82813242 -44.93776345 559.96100036
v 65.01127498 186.58836973 1093.00818647
v 89.06583800 182.68130018 1099.14355977
v -148.01572725 166.59536726 891.21889990
v -147.63506296 173.87690284 866.47431798
v -118.13034287 189.26869263 902.13696370
v -77.26892644 215.33996170 891.54245677
v -78.91642789 204.12301994 923.44019896
v -96.23346914 199.56003198 913.04408318
v -221.94990952 -85.44640458 1092.39161659
v -225.58322836 -83.62141002 1083.04879105
v -56.85026640 178.10876080 1120.11097167
v -39.92963496 164.51370771 1138.66970985
v -56.61628438 215.05584732 914.75533369
v -54.68977885 224.47143420 882.44859600
v -191.64183037 -97.79336075 665.99897710
v 117.30329708 167.78381012 1108.76232760
v 92.53059622 169.65703571 1121.80396545
v -122.99193501 193.62985787 877.19192091
v -97.54742201 205.92642460 893.66800069
v 194.48956644 -41.87222326 732.74402021
v 195.81511175 76.39551822 710.02411139
v -247.70688999 -83.00302090 1058.21592591
v -224.23684399 -82.22785954 1054.67529521
v -216.06489720 81.36949873 1161.40778161
v -245.46593348 69.60033307 1149.17643642
v -208.33088950 89.16256290 1147.07937362
v 155.77407107 118.69091216 7.12976321
v 236.20350624 140.67878683 8.50429060
v 44.63965049 183.83110206 1074.67803669
v 55.01765975 187.08893202 1086.26006880
v 35.65629073 184.61849214 1094.25095840
v 123.22632596 142.26024473 674.40436999
v -295.84888876 -35.45269108 1148.24910917
v 7.39254019 114.67062203 1394.75605964
v -5.48199416 115.67030527 1393.86893023
v 7.93133755 111.10895197 1375.23544992
v 17.21116804 183.93006484 1076.26503288
v 10.74764755 178.13927539 1061.22310281
v 95.86651899 142.98939244 631.99081901
v -249.63233900 -86.01783784 1156.97874040
v -229.55700201 -91.64070078 1133.23733654
v 79.12916759 22.22889239 312.31181955
v -161.95125983 -148.92495608 875.90333623
v -29.33471911 53.61863430 1247.73547191
v -0.71565336 61.23999427 1241.22210505
v -6.37261776 52.01470381 1255.67142232
v 186.46129870 -0.81019900 475.48643124
v 186.99378635 -19.51391904 487.85968116
v 137.71773541 -172.84540954 1132.08732324
v -53.94571499 -189.35253537 863.13646048
v 207.45042995 40.47584806 77.54863624
v 213.32447992 27.42058642 86.24321390
v 199.67202869 34.99418895 90.49305154
v 156.35967935 134.81907898 1039.00133918
v 144.76350449 114.09996845 1024.37303827
v 178.83352588 96.40140643 1035.75963322
v -64.62654474 -190.07536849 834.26593246
v 57.15543683 103.21713408 505.29847677
v -225.54643652 -96.50993249 1134.36247962
v -217.19905941 -112.09661922 1128.97392765
v 159.03066510 98.53371436 1017.77380637
v 161.49597066 96.54364678 1024.79747347
v -78.88730134 -172.76544006 742.06410385
v 103.91891307 137.53522396 609.76941051
v -222.78959833 -90.46748265 1123.34664361
v -206.39631622 -118.11352705 1122.89218780
v 220.85704418 -19.43609204 263.93984346
v -35.59538872 199.65985044 1004.97287758
v -38.43839219 202.21286887 990.34655103
v 2.85189123 198.01551120 1000.74052447
v 28.68176758 189.46298423 743.53177312
v -20.00931848 -185.97211377 877.97538706
v 12.94742655 100.96421991 1437.44584506
v 12.75543930 111.09668883 1420.41451468
v 25.60378163 97.72559257 1430.61225384
v -14.30609583 202.16612723 961.80640234
v 5.77238281 201.50645290 982.90757589
v 145.77805219 25.42881161 166.42053572
v 135.33725562 26.55704585 183.47359569
v 131.26544416 12.33846625 167.20607143
v 84.68580625 157.60695833 705.33908709
v -305.83188963 -17.82276878 1111.32194393
v -302.15419415 -15.30912966 1142.10012084
v -314.05027449 -11.75218551 1091.83948594
v 218.20327781 9.86364150 163.49954708
v 224.17852660 -3.43952459 138.48910578
v 225.54293109 -5.36414994 152.29758932
v -224.76893264 -72.25568092 940.02394312
v -232.66895685 -45.38521496 933.59995084
v -224.36857118 -52.65713878 953.07487630
v 52.55388542 -7.58874815 367.00078269
v 161.38739293 -45.82216542 100.92682033
v 154.38617082 -37.42931787 102.68266744
v 145.34973017 -37.61035068 118.14714181
v 110.80172707 -159.03955755 852.94265296
v -298.32690883 67.29789452 776.30945469
v -297.13197594 52.53644602 781.82051389
v -302.69251843 61.97000424 788.60640708
v -231.40869057 21.63020243 917.00580846
v -232.29849759 27.20818916 895.23003505
v 88.39470303 -160.93862499 791.08193185
v 72.99392596 18.92788655 324.59685804
v 59.97422602 -130.06565092 1277.04665892
v 41.97801168 -120.76181288 1299.24609285
v 32.10974571 -111.21816787 1313.26879469
v 55.94379437 -103.07120206 1312.88791101
v 129.55029453 -144.30496814 784.72357137
v 124.20001342 1.14576254 153.51581679
v 116.88704400 -6.64311931 166.45041372
v 127.82866322 -124.88132044 718.93012264
v -95.89616240 -184.73351413 997.35592481
v -93.97820235 -170.11153725 990.89069308
v -123.16796829 -175.12847310 984.71267403
v 174.76440567 19.76691947 435.75451852
v 94.45551754 -128.04011867 700.10075352
v 156.00722787 -97.30520270 254.59142489
v 164.23401126 -93.39431858 236.84163559
v 140.91208454 -96.48104830 254.86966469
v 112.18476078 -97.66738973 682.28752050
v -98.47871733 -162.89707678 984.77457298
v -104.71178267 -158.05516285 978.41495303
v 102.77524642 -94.45358470 672.66761942
v 111.14715129 71.58503641 428.07156976
v 231.78915602 -16.82976935 985.52526184
v 247.66168658 -1.94228005 955.86931074
v 245.26498347 20.82660072 965.20064949
v 237.37900246 -1.28421142 981.92258986
v 108.96831865 14.40940820 215.49146668
v 64.28829997 215.78040442 843.57530488
v 197.63558539 -81.08925471 249.63734771
v -363.75566417 42.20656226 785.34012579
v -352.62166423 22.35261124 783.26294644
v 53.32119699 28.23446346 1319.80775094
v 60.34651048 20.34957495 1316.95582115
v 59.76041096 15.05410212 1330.71025516
v -211.78034777 -23.41990909 963.47973245
v 34.67566718 -80.13017144 632.63879055
v 157.94596184 37.14047052 220.59727446
v 51.73026586 204.07904794 802.09453781
v 217.73848030 2.39228850 200.34317404
v 224.81262409 -17.18229517 195.80641711
v -131.26659173 -184.83426115 1001.42195219
v -141.47317534 -172.27601382 987.65764781
v 207.78288482 -64.93696414 209.50275137
v 208.04119285 -67.79174106 242.79048974
v 214.60640429 -56.44159254 223.26967707
v -276.01867794 50.83334964 886.34141185
v -282.95834633 62.13454887 886.91925149
v -193.88087687 -103.59705060 976.46645342
v -183.34548844 -121.15832827 976.59728521
v 25.31629614 -29.13944102 440.84278542
v 59.67397311 -15.56161707 1345.68758025
v 54.37372856 -33.20118836 1347.87913962
v 59.16858881 -6.92098800 1354.74429687
v -173.11116070 -131.91598467 976.97326996
v 119.14312665 -179.99952489 1136.25536150
v 121.24907232 -183.00502071 1106.16097685
v 169.44285780 -61.05046228 21.92613387
v 170.75979935 -59.77088048 8.75349802
v 145.52072073 6.14876826 110.76809903
v 150.25857276 15.92400337 104.81011813
v 153.25975455 19.25404787 121.48206197
v -341.22524259 77.46727887 879.25073204
v 133.01551864 -170.89103091 1160.83466332
v -195.95436674 -117.99740072 1020.23619818
v -21.77505887 -52.65309806 522.67195025
v -118.07431957 -190.49654697 1036.48464568
v 235.82799089 -66.65401226 1032.92919239
v -194.25923315 45.20804892 1245.08467545
v 240.61615470 -96.96025262 1103.39014103
v 228.68277614 -87.51599518 1081.57591453
v 220.99883363 -91.11633298 1110.13768260
v 96.89831865 -176.66227807 1175.64954002
v 175.45968450 102.96825536 993.85075958
v 189.40775044 83.32754325 984.41657257
v 212.66687427 -34.64740246 334.61513725
v 207.11421828 -58.81071484 327.05389749
v 203.56357983 -51.23936801 351.35899313
v -135.56546543 -183.33116845 1036.17292911
v 174.10153422 -151.60816530 1081.68436062
v 181.53547498 -135.67073679 1062.21014954
v -60.35232845 -93.30805646 512.99162848
v 210.80797490 30.09836243 997.85289283
v 206.69097166 38.73791200 1000.95425828
v 169.70203202 114.39236991 975.74470963
v 185.44645063 89.75938801 974.90240014
v 168.97067825 116.02527280 986.14705311
v 94.17656942 -16.03756613 210.74531990
v 93.82703549 -24.79249925 218.57723998
v 170.93055723 -140.82455141 1050.51083697
v 156.19121905 -157.39897760 1049.56727633
v 153.31718656 -161.21463034 1057.29713606
v -242.04728888 -73.62732958 1037.06680471
v 229.89009638 3.60040588 919.23641276
v 186.75448785 -123.67848967 1053.07516658
v 92.24071568 185.30219710 1076.80746676
v -284.41157086 19.68455837 1161.42603911
v 126.70005933 161.73745593 1042.95075977
v 158.23593185 140.83407188 1046.67463945
v 150.27399926 154.07484924 1057.35262823
v 132.97791654 -173.53567523 1047.19882195
v -57.31914104 -186.31603671 1011.22852533
v -48.93334062 -180.74052708 997.89390709
v -67.90284022 -175.13038770 994.54810064
v 92.77088499 -76.42620720 330.50013643
v -260.45117725 -15.72644957 928.49643589
v -270.75199398 -3.80888039 907.02494969
v -272.56789728 -13.31916508 911.82880027
v -96.20439278 -195.60375802 1033.67703151
v -94.26820351 -189.41158454 1057.55480692
v -70.96670801 -192.98618447 1060.88084697
v -18.98192670 -36.61615594 485.92599945
v 110.64349066 81.56629459 445.03920988
v 184.08858714 -135.48164729 992.14021402
v 198.01224615 -119.00254681 1007.37277675
v 200.95281595 -109.39708438 987.68450255
v 214.48161856 -87.40026182 1001.45117597
v 202.87774807 -107.23067578 1014.93319628
v 150.88502895 -75.95192700 390.98915469
v 153.81496147 -89.33085739 355.53073233
v -227.05901735 -38.61714135 993.24240014
v -226.62969674 -28.03691342 981.92451779
v -233.31685672 -31.45433317 984.19897018
v 183.26868068 34.73590612 263.76795873
v 32.19306772 -71.09904072 580.45991190
v 109.62556812 -68.11825499 428.92898173
v 108.97062056 -67.93685155 419.41908496
v -317.28751944 -19.95441356 899.10367271
v 66.09397118 -83.96432437 561.27493804
v -218.11565057 -60.46915955 1008.52001419
v -213.37606167 -63.35008059 1023.07256005
v -220.79395693 -53.07240352 1001.13254674
v 181.39332493 40.23426857 307.68596246
v 197.77005886 -138.13221083 1117.74499834
v 215.76736449 -96.01671398 1107.22255021
v 210.34832829 -117.58493463 1113.38419808
v 209.29267296 -96.85077031 1124.62119153
v 73.95803075 -77.99339203 509.72996220
v 141.39295072 139.53040877 934.49516517
v 118.60997873 165.73901007 926.04144380
v 136.75715238 155.71315971 919.74125228
v 227.41937253 17.64974764 877.99588027
v -326.61045802 29.16797113 702.99397347
v -315.78373288 10.75405318 709.52387765
v -308.71173570 10.73386141 698.12885909
v 31.56266389 -41.66791325 445.24622425
v 161.01697637 134.68281287 914.95319927
v 163.24036155 116.19713995 934.85461768
v 35.14466370 -43.02048774 431.78851941
v 208.48234623 81.59470202 844.47212982
v 217.38263069 67.06719037 870.00399896
v 38.43513427 -20.98677591 394.59378394
v -70.44973805 19.67904971 1360.78311591
v -69.39012363 4.00913173 1354.38382784
v 196.46171466 65.48050757 976.29161682
v 207.33028314 40.58497223 980.17446883
v 199.76610170 56.35006812 986.87632758
v 146.35064523 -127.14196733 969.12831539
v -299.71507963 43.95250076 638.49873097
v -296.74333861 44.34079510 634.14580290
v -64.83002172 -67.54916247 1338.42807645
v -79.98702010 -42.88139024 1333.47869128
v -70.38951138 -36.92208527 1346.46886105
v 85.59524719 -163.18596071 975.64921641
v 74.05255306 12.48973539 300.86250491
v 206.70372407 -0.40637080 727.03022691
v 202.08702106 -20.74444803 727.61217867
v 203.56819524 -14.17537747 742.18453040
v 82.53535706 17.66525191 287.32640263
v -25.50603656 -185.25296345 1165.43807840
v 110.41856909 -87.44580626 576.82065462
v 87.73836016 -90.17369991 585.75971047
v -349.06541023 56.92348092 714.25926518
v 154.86267791 -158.33418629 990.43208915
v 154.10487574 -166.78980817 1012.46202774
v 33.47686207 188.43567158 1029.93689127
v 26.31034938 194.01958672 1019.86807865
v -300.25309816 38.37782862 782.27012439
v -280.41609334 45.44534891 760.51803491
v 135.10490677 44.90495391 284.21817511
v 138.55720271 -174.72053757 1020.77066146
v 93.03535240 7.03702212 243.40111572
v 102.33023857 10.51895240 227.36455585
v -88.50097349 -153.48711412 1229.52823941
v 179.15576241 23.41795079 473.45274071
v 175.30263954 40.72114214 481.02195556
v 174.32797986 28.88687679 460.71801008
v -296.57264534 75.98707728 694.68788486
v 198.90153149 48.98688145 943.70346573
v 193.08370544 48.02268049 950.50958185
v 191.55827750 66.14876221 950.41885625
v 105.30901276 170.75128873 950.98079758
v 113.70346640 162.78110174 943.44825037
v -302.31585398 28.80315251 649.95050901
v -296.86724827 21.59846724 652.88056124
v -293.38454152 27.59307666 646.77602100
v 149.15609381 38.46788750 234.47625799
v 200.40666972 67.82749305 935.66257562
v 216.61968246 46.54718476 926.95070457
v 156.41204285 36.79982474 202.46909052
v -157.50534517 -37.65798465 1298.74203468
v -146.12938669 -51.98586425 1306.11017114
v -172.45132412 -51.70122695 1294.11331356
v 199.56418905 21.28728416 264.11577220
v 182.23594051 -36.59570486 521.16787078
v 177.25304842 -32.88644093 436.90790314
v 158.98382293 40.02097948 261.03964719
v -104.56765331 183.48544350 979.11025440
v -73.99466119 194.13165781 978.74932022
v -74.36840744 196.13510976 992.36021637
v -170.03936316 86.75506704 952.21230874
v -292.13032249 24.42122031 746.78585183
v -307.35768686 16.69480840 740.59877388
v -296.38172106 26.74183300 765.84130687
v 157.84813298 46.81797009 316.97998261
v -101.90176298 169.38323821 960.54494173
v -86.46319784 181.23165262 963.46483594
v -177.99622839 84.56197983 980.38017455
v -167.77225359 95.98540691 970.41645773
v 126.29710480 181.74949683 883.06828466
v 10.61996736 -178.72902823 1037.31290481
v 17.38603918 -172.19587159 1019.56021103
v 151.75797979 143.47538958 987.68786485
v 127.26274002 167.91635562 991.59713683
v -271.01669375 45.60294042 734.15733590
v 111.50457079 176.90831564 997.62579817
v 152.54644519 -121.37813307 908.55538186
v 129.70232935 59.91901781 426.26619531
v -139.96585011 79.18498404 1207.14674670
v -113.28072091 163.16208994 946.02576025
v -85.62194039 182.03417931 948.18124223
v -84.94262277 179.87933464 954.07659396
v -130.25544181 189.33998213 863.64908387
v -333.56888562 7.84969136 758.74118177
v -322.99684959 6.88325973 759.79382797
v -144.81194182 163.02477360 907.44346830
v -117.15602094 183.73158232 918.31352409
v -128.22544907 165.29999506 930.91369679
v -195.07352131 92.81480392 1127.10330484
v -195.92106986 91.46446425 1108.87809581
v -187.00325572 89.05578901 1132.09836442
v 150.20664972 96.68646351 510.05579958
v 174.40946196 -45.52116591 420.37043838
v 176.14988565 -62.74870472 393.66720202
v 159.49583786 99.51833730 553.82281312
v 192.12601636 108.36293115 908.32964608
v 179.30837810 109.73684714 924.04844069
v 155.53880452 107.83727821 572.62645929
v 160.27487341 109.42141777 591.91220930
v -307.73573341 19.04149391 814.92064245
v -302.25050712 39.30193259 796.34870349
v -320.53244154 19.38445572 794.82719481
v 40.87921634 -132.50699200 1280.64116296
v -2.45666456 -121.85066568 1306.46855414
v -20.36670553 -100.39525806 1335.15889950
v -17.10472725 -107.75856968 1323.65276463
v -37.61882912 -105.12537078 1320.26191103
v 126.39429420 17.04078919 189.97007936
v 83.34659580 125.10379855 548.35956257
v 174.46946945 95.69342498 952.47689927
v 177.48077280 93.22227335 942.60292025
v 178.15184051 87.14237967 951.76995690
v -309.28565593 22.07219846 681.10056709
v 171.87708845 -111.72820382 969.92618189
v 164.23805599 -114.85897667 962.58700997
v 166.73105299 -135.39846713 975.77656255
v 169.11623580 -146.41067719 985.73357679
v 183.53551798 -128.60045548 982.58075201
v -33.36805680 -171.16229945 956.69294235
v -79.19895464 218.23341982 869.73138410
v 124.96575359 -176.89631333 1057.85486984
v 146.37632195 145.70652541 781.69398195
v 226.70685362 1.77002132 929.57646391
v -282.54592404 17.46599922 867.79673649
v -272.50942073 10.93030066 892.30394452
v -182.01607494 -127.82296629 1221.60313261
v -55.96052614 -55.88515440 1352.34903059
v -43.86730940 -67.28672984 1354.84866783
v 66.81392680 184.98617604 757.47654352
v -71.64108975 -18.26697501 1341.98551263
v 140.65043815 172.28126747 836.80929143
v 150.91328446 -150.40766189 981.62910656
v -355.28576476 63.20452848 888.73575538
v -365.30884845 43.44057814 890.24043476
v 147.67484168 155.81006110 818.69252804
v -285.99640363 35.81069013 762.76380591
v -231.08380280 70.12390415 1050.98351310
v 156.13545149 -164.57230404 1032.71170521
v 164.61988731 -160.48787370 1017.96749354
v 146.19151409 171.22518202 859.78843764
v 180.81266735 -122.12093128 1043.99558613
v 181.32521864 -127.38320632 1037.86404859
v 167.14272768 -147.41224516 1043.00453040
v 187.77885643 90.54543347 666.49999740
v 175.16973561 110.18550439 673.35402443
v 180.45248801 98.68316053 649.64645997
v 58.16056447 213.27805419 829.46257655
v 206.56891347 -72.69708528 1030.34314194
v 199.43974086 -87.69301860 1030.42609976
v 208.15500338 -79.97433447 1037.31493962
v 222.91896785 -27.12863239 245.41220751
v 220.38445631 -124.46893010 1157.59162665
v 226.50198480 -108.02458915 1166.40522387
v -306.28728817 30.96092141 663.50822799
v -300.56433972 23.14376359 667.53810449
v -249.83715975 -10.96527937 939.19287879
v 190.15315987 77.93043923 942.58254775
v 52.54685870 209.03769025 819.34548105
v 160.53702105 120.85093195 959.75128754
v 70.07420456 -188.47875830 1084.84569815
v 52.60149413 183.60520012 743.34998474
v 156.59712347 -164.84905500 1108.42729322
v -290.74638387 52.78637427 629.59731674
v -290.23009476 64.74799376 633.89302443
v -302.61212094 64.24764120 632.00223758
v 174.16808646 -116.43136956 939.12209839
v 169.45258996 -119.99125412 929.82364073
v 155.04628860 -132.43508183 937.51647070
v 86.28372924 152.91716275 687.42645302
v 192.65242017 -97.90492140 925.73441280
v 209.81316248 -75.20189419 931.45992405
v 211.64187639 -15.85058594 815.80449610
v 215.10668831 -15.47360122 825.26086754
v 204.62505367 -19.62457200 799.66878328
v -8.87014088 -194.31530887 1060.70827906
v 11.91697764 -104.50989497 1325.91478980
v 0.58727386 -96.06686474 1342.90781934
v 29.51340095 -98.17420163 1326.12663038
v -278.30982439 50.63117656 678.57616025
v -276.90532994 48.52881927 649.47792166
v 23.13642766 -187.89547564 1140.64941560
v 217.39583787 -61.87678956 1019.58401055
v 216.50512831 -72.33112321 1015.09362699
v 104.01346638 145.07402391 644.43073702
v 230.14661724 -55.98756295 1022.31981670
v 221.80128641 -59.06196403 1035.47327675
v 32.35280730 141.79980109 637.42435378
v -188.73422389 -43.01105401 1288.13016479
v -152.46515865 -66.84784987 1300.10522510
v -180.26816725 -70.79982387 1282.55431018
v -284.19442973 -76.34578736 1070.21553780
v -274.70495779 -82.94613900 1091.11351092
v -352.42589894 4.57697370 845.74493093
v -339.63077600 -8.96945522 879.34387574
v -153.53916611 -77.78741589 1294.00830756
v -164.90634197 -91.59659638 1277.73366941
v -297.85569230 -51.00912260 1106.29937523
v -294.21437854 -66.57725399 1081.23717024
v -6.20228835 113.33903515 1372.83808727
v -246.20077446 58.27723592 1166.78516947
v -128.37303879 -179.07847325 1134.52634076
v -143.20016123 -175.89107299 1112.62275841
v -301.49425722 79.31679255 953.07422492
v -291.31525051 74.53886190 929.78969785
v -289.55638823 73.89549421 958.61559734
v -229.74935226 60.68611904 1186.05374466
v 48.29243841 99.36616368 1406.66327933
v -183.88785046 -145.94381690 1148.03227405
v -197.52437104 -142.58135242 1153.65180598
v -4.09816278 111.54901344 623.15142040
v 222.39821214 -5.31375208 842.84754277
v 218.30037754 -23.21805688 837.95432080
v -11.37927190 102.28662010 632.47523504
v 201.56168017 9.77810436 633.21377926
v 203.96432643 28.60355938 638.68822302
v 201.55444326 27.84158026 611.84251850
v -285.59394482 69.06312583 662.59852476
v -236.56488663 83.86319960 1083.50565141
v -257.17648051 77.36612683 1097.44911737
v -264.69174786 74.19595274 1081.81035934
v 221.32761918 -127.83689295 1164.68227331
v -369.10510420 31.68815008 851.39189712
v -265.90992934 67.50569407 1056.23954643
v -251.95968883 75.75895460 1061.41105302
v -6.98848122 95.16961702 599.28488667
v -281.04074550 66.78828651 650.14888693
v -18.12089756 63.85484787 556.38226975
v 42.05003061 36.75660404 1299.59701300
v 45.44137874 36.45355869 1293.24509035
v -65.37921917 -170.93524158 923.80686736
v -287.71380212 -42.20852793 1165.92505424
v -265.97774138 -51.84818162 1194.18670211
v -280.72524603 -55.52117439 1166.73346494
v 234.24319338 17.29792446 1256.64951051
v 244.43166128 -1.72060883 1251.76376456
v 236.96535491 -7.99500411 1263.10687846
v -264.02926932 15.65669043 911.86917572
v -256.85711066 -3.57363721 927.83929278
v -50.54949286 105.66952751 579.90138481
v 260.80520019 55.00159318 1177.41446043
v -292.99526185 -18.14782404 1168.82138154
v -111.04390374 108.24510623 1181.99182041
v -111.77328588 123.33051713 1159.08770769
v -93.52062311 78.04057720 482.73753829
v 149.62330083 -111.16481249 726.76026831
v 150.61986040 -120.06652201 751.41379618
v 162.98201979 -103.49449713 744.12030546
v -68.11352738 11.87031686 1343.85899670
v -64.76218270 18.79493978 1320.75687372
v -60.43248742 27.87692603 1327.98952639
v -308.09449453 76.64044651 830.13780217
v -320.36099638 85.97391693 810.41803386
v -109.48370917 109.96020450 578.94313728
v -46.45982450 41.75000106 1317.30016346
v -51.87878471 33.38451757 1310.05630010
v -119.09455272 105.03646124 574.56153499
v -233.93432207 -100.64786077 1169.31059725
v -225.35010037 28.56633995 926.84925709
v -111.29337112 186.10151844 1070.14063873
v -320.74447845 -32.64208487 1050.28013395
v -323.33837023 -24.31114832 1038.20009994
v -98.07611171 -18.53240513 1310.28016354
v -243.75615050 -29.82813109 974.95199164
v -337.95619094 27.66683471 1004.75419440
v -326.59339572 26.28596801 1032.71953172
v -306.57038575 7.53108866 1119.39700038
v -311.90526848 -0.14829735 1100.55778445
v -309.74129216 13.99616522 1103.89415749
v -230.77788913 -95.05804278 1151.19649043
v -229.34550568 -107.71988504 1156.32640544
v -232.68413778 39.72479513 1000.33034836
v -251.46269588 41.70474910 987.25955887
v -243.37850468 31.64960392 978.30691076
v -301.98520863 26.36499707 1119.40367608
v -222.74108218 -85.48048028 1111.78215255
v -202.75117056 48.04130691 619.78932152
v -196.59267087 62.52023593 623.88852829
v -226.14281300 20.98531794 1005.49300899
v -219.88092805 14.86694466 1008.64329552
v -89.82984860 -48.06552683 1324.29101176
v -322.04180154 38.30399420 1034.77623710
v -322.50668606 84.14764667 791.56967179
v -222.33746562 4.76303675 655.08278236
v -78.55788233 -66.95986352 1327.32363727
v -99.24161018 -65.59937564 1320.62046822
v -140.69700040 148.67552874 932.10429613
v 61.54706883 -32.34371595 342.65239011
v 60.03789952 -31.97896248 363.63522506
v -179.04984967 -121.17499854 970.26110264
v -201.69058849 -105.12199620 955.43450284
v -205.62653108 -84.67222271 677.98538117
v 15.09026873 86.50744111 1520.18428699
v 6.17028435 63.35268729 1544.78410924
v -3.71752040 86.48756219 1520.40032610
v -218.63740608 28.07178180 1019.05991346
v -212.14129397 12.43787172 1010.34260980
v -239.09638809 -22.66959323 918.16658903
v -219.68111744 -20.92011229 979.28096198
v -212.47138968 -28.07084149 971.53648669
v -211.57603940 -8.43235016 978.29429742
v -199.34077767 5.94441283 970.58280882
v -203.70795758 -5.33945405 963.63355794
v -197.83398600 6.37213361 963.90773325
v -351.04057964 72.64362020 875.26682999
v -360.42250389 65.15007105 866.36928996
v -186.84041760 -130.13155431 833.65895346
v -211.78607530 -102.68127409 837.28335379
v 68.02571041 67.66829699 1446.23527982
v -345.72559677 83.69013708 845.42348196
v -347.73295699 90.21979870 805.73527182
v -76.35594336 -172.30029578 994.14112753
v -174.08748163 76.75978496 1132.20355040
v -179.74240959 83.21924792 1148.96771241
v -240.87753492 -34.49267512 831.54123332
v -239.70116806 83.29512837 1125.36005422
v -240.37667687 85.35302079 1105.76212661
v -210.23885096 93.90326324 1118.98123412
v -315.35273413 58.99522138 1009.72470032
v -286.38210717 55.11849910 1108.34748571
v -294.44068999 45.23402127 1108.85378677
v -154.85939188 -149.68396712 975.91888157
v -98.91910072 156.68178155 728.66465640
v -88.09050030 179.01627650 756.09496350
v -25.96708466 -72.22056227 1363.48401680
v -155.32036741 108.87642495 1013.50453246
v -157.74169453 -171.12368609 999.82224498
v -158.20596644 -162.01579582 986.57985900
v -186.40997051 69.19594136 979.04084430
v -189.73045235 63.18006515 987.64802931
v -10.62967629 199.62475661 760.61506213
v -158.43789400 127.52754136 986.68985580
v -134.56533016 159.26841880 987.48193873
v -156.68017677 127.33099665 996.01625920
v -92.49791173 189.54952567 800.51157511
v -61.70690616 70.19133119 1448.99616659
v -43.49074195 91.36786291 1442.82479185
v -59.11839283 73.12466289 1452.75717229
v 109.65543491 13.69832623 202.29479158
v 110.30480003 6.21874325 198.14941301
v -376.86265270 42.99362148 826.45383870
v -342.22489370 55.40213872 703.44987798
v -258.07911191 63.18582597 1029.92249800
v -253.77083417 67.88948476 1047.52432566
v -274.75145247 62.10868345 1046.76538446
v -144.62924136 150.21195812 802.23791531
v -318.01472417 5.26231735 726.05244430
v -300.27627334 66.94736554 999.50884337
v -299.33944448 73.60314174 977.06841123
v -288.54059927 68.47723423 985.49515521
v -179.59952710 125.88130257 902.04657383
v 136.54910799 -80.03076172 602.67277352
v -11.10189277 112.81660574 1385.56211745
v 98.72996616 -87.81070194 568.84046586
v -149.28003153 164.34302605 1060.10711291
v -284.50081363 -2.64395691 1178.26407466
v -209.11398325 69.29085512 838.87919193
v -320.69615738 69.14103459 668.97022815
v -300.95626282 -2.57278568 1148.41205418
v -242.67575824 -26.72292481 852.57376463
v -18.44302886 111.11984450 1373.13719402
v -238.77297826 -22.76062604 876.46494494
v -269.28508323 56.95235185 910.39107951
v -265.49340094 45.92277670 906.56725714
v -263.00366523 54.86327918 922.97239753
v -70.70327684 -189.63161048 1013.30262257
v -121.89137927 106.15080810 1176.21201159
v -131.40073150 90.55451969 1194.35720401
v -134.63154969 99.86966700 1172.37334983
v -234.34716261 -63.66083074 853.62998465
v -157.22366221 85.67052638 1150.52567587
v -150.37246447 89.61326036 1157.85888379
v -165.89092608 87.10663923 1163.00710675
v 209.62490422 66.95844848 806.87725459
v 213.81567899 42.81946935 803.26379458
v 220.05868549 36.59223693 820.91503948
v -214.46847736 -81.39503965 991.01985220
v -170.73196801 -135.08617222 901.77546844
v -11.24997311 78.15402125 1313.79678244
v -22.11874791 57.18928821 1303.77831436
v -13.37743216 47.94687352 1291.84109652
v -287.95146199 -36.11286535 994.34184872
v -290.79698594 -34.30482600 959.10715010
v -234.19549442 -63.14710308 1024.26000276
v -227.67250226 -62.78692669 1029.86186372
v -341.87544438 75.26777003 893.72689861
v -92.80667649 -166.96552230 955.92642393
v -369.71889618 51.89086475 852.63027476
v -359.99668637 73.54532083 839.73325308
v -273.47343526 34.84135947 733.74164780
v -274.93129258 29.17738593 705.17428782
v -277.84262598 28.02328312 731.42561511
v 200.22526067 81.09157887 927.75554597
v -283.55057601 23.24149704 713.70207629
v 196.56976725 -49.11228284 800.23205101
v 202.60091867 -22.18660940 785.31751707
v -287.91419708 24.71607603 672.64121381
v -279.69534340 31.60003293 685.11725411
v -281.87957090 30.45042029 656.17183062
v 201.36696003 21.83294053 958.74458119
v 208.95425629 28.71062394 973.31133808
v 197.35221419 33.79757410 958.37127259
v -291.40324798 21.89569704 655.66558462
v 206.46407323 14.71691345 684.83107003
v 200.64626445 -16.96938350 680.71139927
v 203.84004788 5.01569672 703.32325446
v -72.16061042 2.67663167 1324.32806555
v -69.05829502 16.52883575 1311.47419138
v -287.22428001 21.37335309 730.03529206
v -21.52660314 70.23240919 1230.67218357
v -44.25540083 80.73357973 1222.80470796
v -10.20748267 82.33183739 1221.73007257
v -213.91468748 39.52994327 935.70311131
v -0.90705998 48.19263825 1274.22861750
v 189.21119918 -33.83770461 632.50891982
v 179.39630158 -53.20411358 647.22149910
v 191.37817734 -37.11380065 664.82225144
v 219.10602045 15.06527573 95.14153323
v 223.03017543 20.97514453 72.84076063
v -307.97449886 48.86103077 640.61020613
v -306.97577344 41.05271119 652.87000600
v 51.32226128 29.75433140 1307.88700191
v 45.45451932 36.70736727 1312.64986833
v 185.88353680 78.00908944 953.92027825
v 47.83061854 56.51212958 1334.23332362
v -301.35539820 36.41263892 646.92012268
v 192.52624754 23.20150805 515.45885074
v 193.05678347 28.81635446 539.11116630
v -78.72192075 -84.60847035 1320.49137788
v -91.69558533 -91.15073471 1311.94662484
v 228.47149396 -15.41591736 46.85359712
v 223.62386085 -28.71839818 56.58470483
v -334.72563266 14.43890869 789.17609841
v -321.39040686 19.96444172 785.91722782
v -330.08181209 14.83809285 780.04781367
v -129.98206278 144.60044697 960.54025611
v -111.52131614 161.37817900 953.64036179
v -300.34554750 51.98179087 795.46988441
v -300.65224536 45.03474804 788.91362539
v -295.16765870 14.42457644 685.75846699
v -281.39815472 26.26356091 693.25374598
v 127.41805803 158.51084529 1005.13272886
v 147.67565663 138.53196646 1001.49211077
v 123.12496883 145.57443525 1018.27535723
v -289.66907800 19.15543026 697.37761637
v 175.64937575 -45.07573249 491.60241297
v -359.95649368 45.57444609 768.81972440
v -140.71806021 134.17224432 945.60001017
v 127.22872303 -71.65651581 438.77020359
v -164.22699441 103.54345170 1115.24548484
v -154.95022129 92.72111161 1139.40988915
v -169.59844133 85.02595430 1114.62916673
v -295.89571822 42.40993934 809.26911184
v -340.57829179 7.60097069 805.74018562
v -327.47692697 9.19206418 807.44976495
v 167.73348725 34.70552949 192.42325436
v 146.89332707 31.32507151 191.38391452
v 159.58005452 33.36245534 174.48787907
v 177.51292683 -99.28736911 966.80160871
v -320.98661787 37.68241091 690.03917756
v -309.43859161 8.94372088 724.80857193
v -307.42821566 10.25950355 705.44579567
v 186.92352611 -24.21038499 407.71307629
v 186.36961860 -37.18281300 404.90963233
v -296.28255473 26.14202816 832.04772952
v -281.04051727 26.97570194 863.68829339
v -269.38184762 31.59389339 891.30183590
v 82.90702072 21.77437126 1441.52420933
v 155.18973980 99.03457580 533.65145982
v 169.69817731 84.87448179 539.06782192
v -325.62676081 95.80076930 724.49821835
v -306.42177422 -21.03137992 1007.27499851
v -294.99091247 76.49810632 756.52417655
v 181.15071799 33.37415901 116.70538743
v 172.70041401 34.46782975 134.38832404
v 146.05412256 124.66200298 615.11209739
v 155.91218625 118.38858281 618.41554705
v 154.37688315 29.02286601 136.87239061
v -367.92634649 62.58426002 757.12196066
v -365.12697801 39.50728723 907.51689695
v 205.90133541 28.98536789 770.13871643
v 207.30125768 27.27784484 741.74338966
v 204.99505393 5.66845073 773.75534852
v -287.42704746 72.25138292 641.29113751
v -306.45821292 58.82243811 642.90612440
v -310.74475092 51.49769932 654.58960820
v -253.36676312 -71.33869556 1194.03473665
v 179.22579326 -90.01937108 795.07097573
v 193.69562535 -54.76315694 772.74356378
v 215.70202766 -56.53807392 1031.19904917
v 216.73184154 -62.19700363 1036.87408203
v -280.74071738 52.49016349 635.74702382
v -373.22866875 38.93626755 813.47724285
v -199.16072458 -78.35423707 1260.81098665
v -220.63167778 -77.91786737 1232.28612468
v -210.20246032 -57.01660477 1264.90067119
v -154.70862801 -132.24917631 1237.08512239
v 216.38509260 57.80359010 827.11529850
v -270.70129557 51.75169416 979.64147663
v -260.38937300 45.64745591 972.85159237
v -196.94112739 75.68391400 1187.75859857
v -209.88806761 62.45326303 1204.06892088
v -48.91747765 -180.49100570 1177.32118341
v -271.39032231 56.03526257 996.56472348
v -289.57500289 64.05774431 1003.34979377
v -278.09552676 58.96231215 993.08440538
v 197.03037832 -80.25984286 844.91792509
v 184.48208099 -98.90665614 849.19303781
v 19.93391880 95.83940740 1453.31610727
v 15.51141210 97.08604900 1442.65696476
v -366.54782560 75.85298967 798.64545393
v -378.40522120 52.47567105 818.79869544
v -21.27774775 -74.38109414 1375.44069784
v -291.13914396 63.60228595 1013.82433531
v -278.60850906 64.37257033 1019.41985593
v 47.93853757 -59.97322994 1343.18594168
v -378.21726464 48.54625774 808.97146881
v 139.54956920 -142.32312612 846.99769768
v 142.00777979 -58.18004018 160.25247689
v -295.02289064 -19.01523457 902.74705674
v -287.59985777 -13.90350853 899.79598237
v 75.37386124 27.28208362 1402.44523016
v 126.72898220 -94.04145162 676.53267941
v 132.97734282 -97.43691102 690.00408783
v 18.47995961 68.29601755 1235.56251332
v 31.15963490 86.31154321 1221.88345378
v 206.95660187 -55.10520738 60.94116880
v -273.73087706 60.71912965 897.14961802
v -282.98108188 66.24266728 899.25062799
v -80.96080602 16.21007402 1297.79030951
v -66.41651502 22.46623942 1301.35597829
v -292.59289315 67.12641545 867.40754281
v -249.73710211 58.76415148 1016.11417923
v -239.47992875 62.85689064 1036.60173353
v -295.11642446 34.98152277 1130.27176188
v -263.54032214 58.42364952 1009.10239093
v 81.01713360 -190.11116044 1107.20207459
v 46.89233534 -54.68751673 430.38045490
v 48.46118133 -48.86920011 411.64396874
v -305.06326492 64.94808903 796.29344631
v -296.61317647 58.39353598 813.17550304
v -54.42408386 -94.70167770 1324.18492464
v -87.44655492 -102.95265714 1303.52342074
v -304.32869520 71.30658392 813.75339906
v 69.78236630 -47.23898305 312.06365209
v 75.92908635 -52.07186052 290.81815543
v -332.64765764 66.45496147 969.91254265
v -338.45848186 67.53017322 944.92918335
v -320.74603365 75.11218593 965.35471301
v 157.83346199 -128.16559930 949.39136789
v -203.91664158 -4.99347622 971.23400203
v -211.08114793 25.85226857 1019.85786322
v -203.87833281 26.93782633 994.17088171
v -211.25274718 12.02226933 997.35116033
v -213.11522743 4.32649368 987.06543214
v 76.45152145 39.51428153 1396.24991074
v -329.49229914 79.24281290 899.04354682
v -197.47561162 88.97762247 1150.04226734
v -360.91676647 79.90275693 820.76310656
v -349.85929735 87.55939850 778.07987547
v -357.21912509 80.84066259 768.51841515
v -314.88023689 -38.55433552 1040.12405384
v -168.67063008 85.72401991 1020.03497097
v -133.68028852 159.49561974 995.39806663
v -112.78430976 180.22488998 990.16400252
v -373.05484320 42.69161080 845.71180787
v -362.07051364 17.70153782 888.50118455
v -12.20859179 111.19273389 1364.33057823
v 4.72173560 109.46574232 1347.47111458
v 168.69370641 20.18521277 6.90568543
v 168.05562955 4.09497202 6.57856114
v -175.10153024 68.88252877 958.30630907
v 163.67991159 1.64124038 9.09496601
v -257.35056549 -1.73668470 1216.28579060
v 207.18728234 -103.96640007 1051.02713509
v -256.20295590 34.31295794 929.02587997
v -254.81555614 46.34638191 935.33554157
v -135.19768986 109.12727752 1152.72961972
v -305.06697853 76.75606476 875.19066866
v 32.04468495 61.07422922 1317.62604968
v 178.72779495 108.46996653 774.60942993
v 195.41797124 84.24221005 784.48585799
v -300.79413707 -29.63792898 983.49376613
v -306.71171653 -28.46475781 945.70771153
v -313.56613906 -24.07156074 960.33838858
v -296.53020418 -28.67545211 926.85718330
v 144.88061177 -130.24177434 1251.02311882
v 131.32621053 -112.44715582 1279.05238493
v 166.82061408 -117.49743761 1254.84779919
v -169.36696600 102.21507355 996.34150634
v -302.43494187 16.88264954 679.26581946
v -301.91809338 9.98393927 691.22494419
v -178.47502749 81.25376769 995.65094676
v -70.31768523 36.66722079 1362.40934019
v -74.03646610 22.81604258 1376.35407149
v -302.85153535 17.17746721 707.36563321
v -205.38782500 17.17869464 978.27463115
v -58.13172658 -52.96061687 1380.04150193
v -35.67875006 -66.37357618 1376.68198289
v -193.44227831 24.46750311 969.40687014
v 16.75576160 95.10195696 1504.46994861
v 0.93682083 116.63299988 1186.74372164
v 13.06259130 124.90186089 1180.18615898
v -287.16174262 40.91243476 632.06509058
v -10.20954256 105.85252437 1339.01821042
v -11.57572442 93.03527143 1330.50283761
v -3.78716585 108.64603919 1340.43572667
v -219.44118187 -3.88022969 987.11006360
v -231.91826938 -18.02537161 977.81720359
v -43.26289174 91.37786941 1454.32992045
v 93.35266717 145.33481307 1149.24269146
v -33.12535141 103.60438104 1417.56699498
v -33.81298210 98.70671151 1431.82287086
v -63.47137521 77.63256062 1394.01612699
v -242.01598830 -21.09870631 967.74095991
v -61.26063380 31.88908121 1514.13247357
v -63.02826312 8.70313725 1528.63859260
v -66.50103447 18.94373986 1517.05930431
v -282.03939228 68.88561107 732.26066401
v 50.85808939 -101.70308265 1473.44370771
v 34.96270848 -120.76920164 1460.36280666
v 41.37529804 -115.15217100 1485.30409095
v -284.36877002 58.97832105 764.25768893
v -102.58883300 168.80207635 1025.83950647
v -301.38061660 -24.60993284 994.32313807
v 183.64824447 109.93495386 1061.83474739
v 186.95488384 97.87809291 1049.29488135
v 201.45717412 77.75887463 1062.46874306
v -221.36596019 -5.75952053 1267.20666032
v -316.31613762 -7.13192152 1000.72621015
v 217.35734921 47.19614451 1038.58226238
v 209.17712151 45.79024652 1029.04720466
v 226.18370814 46.72986510 1029.81083310
v -320.97009424 -10.90996174 980.42554268
v -330.28908228 2.32269758 994.88352280
v 201.72942264 75.85545796 1049.05707330
v 211.20809754 51.38329890 1039.32012545
v 212.07979320 52.74531755 1055.94555934
v -83.45412366 9.64450883 1444.22533511
v -80.86383295 27.31971882 1442.69323008
v -82.95613168 26.51048464 1461.35836940
v 152.03575374 126.18959504 945.05989106
v -62.27097812 84.66139911 1427.79029577
v -56.60102931 -54.06058614 1390.25800982
v -48.76698646 -60.66284046 1388.12774916
v 93.73800984 -84.23403693 1312.79578564
v -365.69472836 32.53417930 891.65520015
v 39.98759326 198.71932696 952.89938864
v -319.38562213 63.51861700 655.94713644
v -368.87090241 32.14767140 869.60134493
v -24.87638802 75.41656372 1319.27192105
v 165.06573435 140.19996637 1064.17554537
v 152.89868494 150.07597694 1091.76788713
v 85.30651760 -9.18245740 1430.43289862
v 83.54167966 -2.58676279 1421.35313213
v 84.17567147 -10.81800823 1410.80113455
v 252.94084966 -91.03058670 1181.33038067
v 248.17980711 -95.45598845 1167.52428444
v 63.91183344 35.91183606 1355.02857390
v -302.15037022 15.13198370 725.26379973
v 72.13077759 65.17858232 1410.07397807
v 71.63999309 68.01924723 1418.98855901
v -335.77612349 71.75036196 923.69748628
v 260.88639396 -90.97452664 1078.33622946
v -314.42172280 78.45570666 920.46825668
v -320.98242729 77.48078795 943.46535846
v -307.82430233 32.35094973 787.51260456
v -309.59843556 17.45182162 764.07378136
v -311.53980828 78.40210897 961.71715601
v 74.02665983 23.85491370 1382.09702251
v -315.68590649 5.83689677 738.09347693
v 2.89798455 -75.15198858 1363.29822325
v -7.10839432 -75.45215775 1369.94595069
v 11.87959629 -74.25371427 1372.24158693
v 219.58549345 -129.27178787 1186.04851010
v 36.46394238 -78.40085627 1342.77820049
v 11.88513722 -76.33505679 1356.42425521
v -279.45122170 34.99373093 672.24390107
v -275.96392625 46.94577683 685.18559220
v -177.85263580 118.42736857 1078.34330448
v -178.50406438 121.09247604 1057.75003269
v 84.06198767 -13.85223549 1455.38353624
v 84.46342536 -34.40511033 1447.93852557
v 86.67476162 -25.79731416 1469.23772362
v -326.25873261 59.16683814 689.71638833
v -274.15083529 67.95454714 1106.02544805
v -206.07735828 35.44946985 1249.63572511
v -219.38115108 35.94515498 1236.83676448
v 82.57996363 -16.10361262 1438.54236925
v -268.67690836 39.78163154 705.64614920
v 80.68777510 74.11765620 1241.84472749
v 56.19203781 86.29983199 1226.76184157
v 81.33834438 97.11377394 1214.91861880
v -75.84043306 37.28152506 1451.24295932
v -269.40296475 51.69135213 706.02217780
v -45.93413683 96.59475685 1430.92439685
v -173.71016912 80.06877635 1117.03126609
v 103.37414208 30.44032050 1285.87447992
v -166.09384044 76.83537159 1132.82482905
v -159.88544713 83.59557580 1139.16876251
v -172.01957730 82.56875387 1153.58016500
v 38.00521485 60.85851036 1533.74480303
v 47.33002752 73.58669221 1511.67533871
v 53.51172283 59.04171252 1518.36340336
v -340.87517954 14.75519263 772.68328065
v 252.47454484 7.06486749 1237.84731997
v 262.63824985 -9.73202757 1230.17702552
v -161.20814986 89.60822009 1180.09844081
v 35.13089965 98.38906414 1469.66636793
v -145.54130516 91.14412988 1170.74478066
v -342.83943081 16.09237924 784.96512290
v 67.94084354 60.13184702 1477.68340726
v 63.66693608 71.92220443 1474.40450696
v -316.54417752 8.69881317 758.20424035
v -111.68022079 96.42348990 1199.19834499
v -46.73561648 76.25417096 1503.97409361
v -58.79126174 61.76575836 1499.58577758
v -52.84315114 78.77452534 1486.89791622
v -143.82464729 86.75828056 1191.94165334
v 35.28174954 95.83183046 1450.34726339
v -73.10259284 45.60013356 1377.03457041
v -79.02491236 20.46393874 1393.16397962
v -169.44288219 79.09237469 1198.39997569
v -33.81472113 63.07663109 1235.83522491
v -181.43588170 81.85728198 1173.83570793
v -180.95796861 75.48544445 1195.59946876
v 195.69955684 44.86208983 1019.73571844
v 196.64121795 45.11714230 1010.55050083
v 203.35543299 42.59149638 1013.83385723
v -220.42425891 45.96562362 1223.09223340
v -136.15768794 27.16468468 1267.73301870
v -126.40575498 56.62623717 1240.69144464
v -105.91302706 56.16645139 1247.69834836
v -113.51884607 162.49887929 1021.32790795
v -265.63745828 65.54971887 1129.53968231
v -13.10548800 -92.24183277 1539.65673904
v -2.79057612 -84.64655178 1546.46880917
v -7.21877303 -93.42853086 1539.43688799
v -109.98429235 26.01457950 1275.42071155
v -254.62820743 75.31599188 1125.57656395
v 207.09181662 -16.85452433 958.24851691
v 203.83107499 -37.63192248 961.34807981
v -299.12783740 6.19886144 1148.70371710
v 13.48475372 93.63691041 1213.96906368
v -23.26773174 101.55706106 1204.87093057
v -310.03648839 50.20034255 666.09244392
v -311.50666951 11.95585699 1086.15012793
v -333.38176578 70.57834107 689.29212495
v 218.03160103 15.30095354 1275.19287537
v 238.10198706 14.59870876 983.04959467
v 232.79278153 26.68429372 995.75947164
v 232.03901956 12.82158001 992.04638513
v 74.32550265 12.73118127 1411.02440175
v -318.78188687 62.41909163 667.94990894
v -273.95146958 7.04947045 1184.89497250
v -270.13319772 -2.52865456 1200.78491652
v -333.95982850 36.84719622 707.23970727
v 73.89875280 50.14578495 1450.49661117
v -251.58368888 -58.66839109 1207.95608827
v -35.19649764 -70.01852983 1541.08575945
v -24.87897637 -92.59791990 1530.67519276
v -45.16140473 -69.80186678 1532.13569331
v -260.47734586 4.79913104 1204.58466428
v -237.60156208 -55.81015534 1225.59044730
v -231.77934797 -47.10190971 1239.64385546
v 259.27532195 -72.14377249 1037.94369123
v -307.98365545 12.41972878 831.47089203
v -181.82574355 -92.64270570 1264.36880855
v -25.19526105 46.18014806 1271.04692423
v -20.49860990 182.95186083 1068.68771378
v -318.77863141 6.28063810 831.46316230
v 3.65750590 51.77878519 1293.62640831
v 170.56472643 -154.05786569 1161.72435037
v -141.51494342 -21.27536299 1296.10257273
v 232.76077501 -103.27510225 1174.03542172
v -4.00151617 -116.98841098 1381.09121768
v -4.16142560 -127.83584826 1387.51052709
v 17.48429964 -114.93512321 1384.43093750
v -101.58330405 6.23404528 1295.60595025
v 201.80963949 -122.39043474 1131.02273436
v -131.64401104 -38.31312168 1307.72881343
v 311.15198556 67.98454858 734.20677315
v 308.35464231 73.63628748 733.00564108
v 302.33242846 78.33039373 759.15269267
v -5.38733433 -60.98134853 1556.70379827
v 1.64819630 -75.95871915 1552.70009023
v 90.59145213 -32.29499491 1328.12957474
v 304.74065047 63.75591634 763.98333191
v 298.20230933 48.54803622 764.47371671
v 308.92612649 60.36094136 754.92044410
v -104.19401438 -96.47146691 1299.61742860
v 317.45017833 74.98717493 721.45114725
v 312.24650263 60.81859494 727.37002386
v 319.25332207 66.97141744 706.51775164
v 196.54912883 -130.97800080 1139.68187617
v 186.59890328 -140.97909525 1146.15961662
v -66.19973460 73.78856963 1378.64473186
v 212.50575777 -95.65185196 1131.67942649
v 339.01175822 18.40894836 794.17378850
v 350.11271427 24.44717519 793.68533009
v 346.59628338 20.27375820 770.49853850
v -70.67977985 -140.09581135 1261.89949313
v 220.68019021 -92.70950469 1123.12306939
v -77.76168885 -122.26275841 1285.22606141
v -32.06022646 -127.41398526 1293.97941493
v -42.68145962 -118.43117473 1304.28613707
v 23.71303552 145.41521587 1157.59345428
v -61.91641131 -107.48957965 1310.67660894
v 60.51771558 0.18118598 1338.61423234
v 66.21240009 -21.49684101 1337.24174757
v -51.59503381 33.32323356 1291.05746514
v -302.48680781 70.36272858 643.15033171
v -61.44499238 -85.72278327 1327.84502003
v -3.93537217 142.13311747 1143.75028333
v -308.82504760 64.03602992 645.90888214
v -81.34692775 -37.43104369 1329.59740622
v -11.42489495 -94.95114346 1378.03961357
v 4.10277890 -100.77849148 1377.23130689
v -73.57849402 -13.64024336 1329.08823312
v -77.82243105 -10.12395101 1322.14887532
v -35.66120087 182.40219713 1105.46003632
v -78.43223588 8.39371525 1308.07286117
v -274.72783610 62.38016755 705.01969577
v -224.82960132 -40.63044358 1256.29831876
v -282.11380893 70.19081517 705.16526026
v -309.50877636 -24.89643730 915.68732603
v 87.74145184 184.62574776 1069.33357612
v 108.12214572 177.51159295 1057.08751070
v -327.78786366 -15.52855565 890.07623936
v -144.00025363 113.17941012 1136.82411461
v -132.61113633 126.70188558 1137.99486854
v -49.29466711 -81.51269756 1342.26114898
v 86.30412911 163.88350592 1037.55601318
v -33.35967827 -72.65181319 1355.76821599
v -32.15281097 -92.66787680 1341.83836786
v 199.52733826 -135.75097281 1209.80183771
v -272.17438909 64.49404201 950.60817563
v 215.27005450 -45.42793305 977.76611767
v 203.08514036 -50.74662341 964.54154205
v 214.86493405 -59.71852541 977.05559156
v -304.16471088 77.48650324 922.51626821
v -232.15471077 48.71445984 1014.10589318
v -275.01605429 61.18988403 970.04390250
v 64.03021802 -142.75409542 1253.91200299
v 56.61244783 43.32025456 1275.56132086
v 217.18710552 7.85662064 990.28575237
v -218.16187750 90.18962518 1096.63141213
v 90.82318703 -157.70012414 1219.70245699
v 96.47196674 -163.16994674 1204.34562371
v 85.51004611 -170.82837162 1193.92282062
v 45.82811292 -107.30150201 1496.43016105
v 75.64956862 3.88861190 1413.88024071
v 83.59753538 10.74128019 1431.05262441
v 221.52435102 73.47045945 1087.34378892
v 227.20263876 57.34454149 1052.60689472
v 235.26730834 73.28644175 1071.14757758
v -358.32841559 84.72291067 799.73439862
v 149.37169952 -168.57387341 1072.88606397
v 191.22107274 81.12139925 1034.73490711
v 250.23069368 -15.05960643 1245.15298804
v 132.96363626 -177.96088188 1077.07050323
v 219.60491772 -121.02416379 1206.41186738
v -329.13386301 90.68491146 813.22041530
v 203.79317978 58.33645862 1033.85820595
v 39.15023407 41.26784900 1277.38305682
v -257.98846593 49.83124648 957.01614032
v -257.55971818 52.07323960 937.33621038
v -253.44462543 47.00617647 937.96141668
v 193.87573279 -108.53726504 1046.99230646
v 54.01399534 104.21186694 1203.25641379
v 196.85969294 -92.31016675 1037.75448947
v -135.72087106 160.29631205 1105.68861435
v 262.49090474 16.25446002 1219.46298089
v 221.23668346 -67.62266611 1044.50353718
v 241.52022418 54.00669132 1201.81958019
v 218.53890694 90.39548463 1143.43015666
v 242.92177048 82.72614184 1130.54034878
v 227.75052460 85.54764677 1157.93583032
v 71.33048132 -74.97367906 1469.14717975
v 57.22354504 -102.31105191 1448.53183609
v 227.99542480 -66.70202460 1041.61185347
v -292.47719651 51.79732293 830.89226468
v -297.60092714 65.36227420 832.71420914
v 23.65324539 176.26173067 1045.80200135
v -21.61331460 182.16807237 1042.16144173
v 1.35865359 187.22036198 1029.44322460
v 222.82872639 -56.58167298 1022.80510706
v -292.75286304 67.44702410 851.70526209
v 4.16774929 123.19272530 1424.97384380
v 207.55905765 -91.22931964 1019.02122055
v 45.03440118 172.75515735 1057.20069077
v 194.70417663 -114.58997249 1025.65763015
v 28.96755325 92.20055445 1347.41099787
v 189.87097846 -104.90575673 1037.55704864
v 43.18042027 102.71285542 1397.40925723
v 185.88694755 -135.16316151 1025.97443437
v -178.94199724 73.18626265 1018.68824915
v -370.19071739 51.71579714 783.81220493
v 48.43583235 201.69250702 992.85420633
v 187.78645709 -111.02148082 1043.68180901
v -352.56798109 70.22630717 721.10446869
v -67.60268823 189.11914802 954.30576428
v -58.59262845 195.73941259 947.08905314
v 28.55385835 53.68649993 1309.51830119
v 43.03988106 23.37694765 1547.14907821
v 55.93612276 24.17493559 1535.04783177
v 47.20331198 0.81292583 1546.94718115
v -251.87581559 38.82674999 958.52827882
v -248.52214903 34.38543094 970.54816258
v 199.68818463 47.62630966 1003.31378381
v 183.33316969 -117.03394094 974.36097120
v 165.63993229 -124.65699335 972.63806025
v 181.57578921 -92.51725595 962.81178201
v 194.26983393 -81.94031950 967.38120691
v 170.62133321 83.96203269 1017.24229344
v 189.96874815 -80.23837292 962.42802218
v 198.96336607 -83.94876274 945.83435303
v 190.30106014 -99.78173584 940.58731398
v -169.59926925 113.21719295 1103.03330267
v 213.40709801 -58.63224635 941.93658371
v 218.44447656 -58.68861378 926.10997195
v 91.21436172 184.66180269 1004.47713776
v -298.71566629 82.89476617 751.21390803
v -302.33140613 85.76980720 761.78181058
v 13.92827224 205.48324387 943.25411954
v 17.68959766 202.47869289 962.89171370
v 173.41772895 -105.97152528 906.28250915
v 41.27909917 101.20143116 1415.97213887
v -33.30723177 200.31589328 966.40677918
v -2.78573761 126.39720334 1424.99229538
v 4.79896217 119.32717050 1432.35619142
v 224.89573363 -27.14425441 934.53877220
v 218.69218541 -30.22991037 944.92408474
v -72.80221209 -42.55577369 1501.81315747
v -62.61105074 -68.86895079 1496.07408600
v -74.59553960 -51.06159139 1479.42085875
v -202.10773677 22.82645172 1005.36916678
v 216.86673612 -11.30525299 945.63477296
v 220.34819173 2.58026624 940.88800325
v 67.35435761 -115.99175113 1292.66296458
v 205.45240292 18.93575480 950.18388781
v 270.92373653 56.99919190 1011.45842764
v 264.21535865 54.36560112 1015.93859124
v 260.17896529 47.31097274 1004.52457586
v 201.37703728 46.55437051 969.62671325
v 213.97680669 18.91806637 988.71782386
v 153.94132047 -141.31540666 1229.27597590
v 104.26914101 -144.08179684 1243.90818944
v -200.19768516 47.17175399 1022.57811678
v -193.08725316 44.14244532 1012.26186525
v -184.09160099 58.10108524 1013.39967622
v -17.70217347 -103.28344986 1381.38452677
v 157.75625662 115.63946439 1006.57786071
v 143.71582550 117.56650670 1017.68158990
v 331.53714844 79.13151625 886.91725165
v 326.64562300 76.67622949 930.53163627
v 313.16212931 78.47559421 904.33759717
v 107.15623587 154.96132815 1025.40387808
v 223.30048178 -40.62033838 1000.72563141
v 223.22233603 -29.73844613 990.20240404
v 154.17535526 141.90951695 978.31160020
v -330.51047174 -14.45842704 939.34988576
v 276.54118876 -33.25688760 966.17803073
v 267.17884113 -30.16939554 959.95839733
v 259.28569648 -35.30950575 980.90469854
v 58.58879018 30.32266576 1337.50497878
v -311.41614944 99.96018358 741.54544092
v 52.90067100 90.86447341 1384.26762227
v -250.06433475 -17.42788440 947.84349309
v 190.72702437 67.08838223 960.11453222
v 22.83542165 -102.53693576 1520.42130643
v 16.85760880 -96.53048933 1531.57650050
v 27.77067081 -100.55867660 1526.81112697
v 191.01587607 51.29546560 958.30335881
v 262.74289656 -41.28939927 997.81560157
v 275.19108208 -38.57329728 997.52325365
v -292.17206693 38.89085991 830.90266220
v -168.49786580 82.68061132 1012.11425025
v 47.40964663 -80.67594778 1330.92512000
v -177.69355077 69.41978187 1011.67861265
v -191.64450802 47.16985004 1005.80482977
v -196.62391666 45.41861973 995.91550815
v 245.71908796 -92.66680944 1080.89533234
v 66.72824541 199.63028598 924.80565845
v 315.83114232 -8.59250488 1105.77064434
v 313.22507702 -23.44616096 1104.52271615
v 313.16391948 -6.25365368 1119.24935709
v -26.95486113 -64.41395202 1550.75241012
v -188.33940228 92.33621195 1057.69168772
v 172.41935742 21.73493193 1295.15426699
v 167.84889289 30.35508446 1288.44726883
v 186.78924592 32.62282999 1281.64871331
v -30.36611329 10.17919423 1559.84668810
v -40.18528581 -7.74929153 1556.26712811
v -45.12112611 19.60507509 1546.09087599
v 196.33194637 39.99608424 1266.34440052
v 196.03846138 50.22858843 1249.51229653
v 208.70898053 52.00974595 1240.11520004
v 197.04000862 16.41327843 1288.78610094
v 294.79586714 -68.94458225 1073.70814357
v -75.77731906 182.05198621 1112.25300431
v -86.60616032 186.37116260 1051.61258122
v -77.86041731 178.02424182 1040.28205200
v 205.35773791 87.57559024 1119.10722554
v 217.34938326 90.36913349 1136.01096944
v 198.92686030 89.59144137 1143.12826126
v -166.75520841 135.33931662 908.81040762
v -151.74424019 137.94813220 930.95910768
v 213.60310279 33.27094396 1261.75532174
v -273.47970588 -42.49798015 990.01304009
v -110.06721557 181.43557376 930.20541978
v 208.07141100 -80.40947536 975.70184309
v 195.23272715 -103.41464590 974.94005223
v -283.76828535 67.05259876 965.95403361
v 40.45462538 -70.58078281 1544.92391749
v 34.52537596 -56.75859469 1554.03660736
v 45.42924802 -52.65132482 1544.72984055
v -134.17578293 137.51959020 952.92420866
v -331.59454399 -15.97209383 916.71929584
v 214.58655822 -113.41006115 1095.07606222
v -152.84313856 112.80074604 952.26195706
v -165.88900837 90.24153928 959.10136284
v 209.09217194 -114.12370295 1227.40652899
v -119.94652115 167.44705917 974.66046203
v 181.60321138 -152.06830589 1114.59884239
v -336.81472023 -0.91640515 959.85647236
v -126.43006248 154.15024915 1013.47100872
v 160.23284507 -102.25550665 1275.96260064
v -45.64258570 -117.77605976 1422.46283764
v -29.75322698 -132.66071986 1415.09295476
v -39.19860465 -115.51733302 1401.87368365
v -18.40303551 108.11241539 1347.41223006
v 68.84216388 157.85702856 1142.16318952
v 19.38923583 133.90347624 1167.54556998
v -18.39983886 62.24678801 1541.30473691
v -17.76091346 39.77275012 1549.45147830
v -26.92434567 48.86226940 1542.67858014
v -204.64579477 20.61188603 1012.31567385
v 102.67797165 111.60516085 1187.14254973
v -13.84751472 96.40419579 1458.81117451
v -20.38670673 92.46277372 1450.68257316
v -13.36043126 96.39092428 1446.31667277
v 279.50042961 2.81333728 898.47646671
v 291.38424256 -1.39263776 888.82375912
v 293.33312219 6.69304116 873.71006782
v 319.36453765 -6.93340926 878.30411379
v 309.91184540 4.89618831 853.54432319
v 303.68462564 -9.81590159 893.84861756
v 281.17728671 -10.02898120 913.81018792
v 78.79876323 36.42323210 1456.77127779
v 79.19375876 36.16596462 1476.87818685
v 64.84265495 4.79457590 1328.31173105
v 77.03489718 -33.71153473 1423.72807490
v 139.81994534 -90.59090401 1294.94234169
v 279.36698848 39.82549923 871.24079046
v 288.47434101 26.34182181 863.97879534
v 298.61451061 35.09498906 836.89191616
v -78.40594899 -19.78894587 1424.78394429
v -72.66493480 -27.20032042 1428.01694341
v 257.53938737 -96.20960757 1102.85094901
v 299.47820993 -39.39517953 1138.10355074
v 285.78204378 -69.81137378 1140.37514936
v -345.33568203 -4.66898525 917.29450163
v 74.01040903 -55.16922487 1423.72580172
v 69.94355310 -59.75705172 1416.82996764
v 85.71340471 29.08645535 1288.29840330
v -37.83329901 -70.38881613 1382.92103466
v -49.48851592 -65.87422266 1390.97922084
v -77.12824011 -19.02558031 1440.41099561
v -75.63771415 -28.53233376 1438.16378150
v -79.86460249 -18.80372455 1429.66980848
v 41.98968731 95.88487892 1429.94601939
v 266.51349835 -89.65846214 1158.04196119
v 290.72030723 -51.10634402 1170.09038814
v -5.15426017 69.86331600 1539.45997503
v -26.11522754 77.69176508 1524.39865928
v -13.79399982 -138.47973384 1438.89468042
v -22.46671071 -135.35834468 1440.08674400
v -15.01283833 -133.26034306 1465.41811143
v 203.52337057 -55.99498034 956.70874537
v 199.44747163 -67.63520744 956.66225935
v 198.86587639 -65.78121382 963.96804163
v -22.04631502 159.02599490 1141.19990275
v 7.87238520 -95.39541832 1518.24730808
v 5.45093379 -104.35275866 1503.94337061
v 0.01999625 -96.89207501 1520.11813852
v 23.54131567 107.70975573 1197.82129026
v 71.65279433 -13.47050712 1402.79165280
v -27.23633666 -104.55196821 1515.75026122
v -40.80433244 -92.71820794 1498.62946660
v 221.60869116 -78.21423765 1055.73341797
v 215.61624004 -96.63364298 1056.60865331
v 221.04053579 -88.96087572 1076.14926891
v -29.26896371 -118.63196849 1477.01136579
v -40.13553152 -105.05173231 1474.94620495
v -44.93954968 180.81703390 1042.19954706
v 1.32191105 177.97034676 1049.27793833
v 276.13801620 62.39176899 895.86023821
v 273.14582372 52.71287555 885.54298053
v 283.96231753 62.33698959 874.27488882
v -53.69956719 -95.10249032 1469.01328659
v -48.10902184 -106.15911701 1451.91454954
v 292.71635609 -25.76782569 935.57250976
v 295.29235473 -18.47211118 917.86215176
v 279.18247190 -22.45498157 934.29225883
v 263.67787338 -17.26190555 939.59691587
v 248.20496154 -22.62601075 965.52788914
v 310.48243242 -17.95995146 912.59439775
v -24.44089014 -49.30705402 1558.40169653
v -32.74445937 -54.44527916 1553.33816214
v 272.36826187 45.93607452 883.88154580
v 269.10978668 55.48436429 910.70583520
v 21.26472105 -137.33720975 1416.62899540
v 3.65966513 -140.50024649 1406.83883683
v 2.66155175 -142.27199064 1431.61432255
v 3.46631108 135.32221536 1156.91412386
v 9.72249176 103.82788670 1475.32340052
v 27.70402351 100.62082301 1480.27206278
v 10.83108062 -80.46626785 1375.88092656
v 16.30345278 -94.45909776 1377.06154250
v 68.02811220 165.40982087 1043.89222408
v 43.81467735 -87.87266454 1523.54540311
v 37.21408190 -89.56123971 1535.13509049
v 81.76007064 -19.87551622 1502.81149495
v 81.33398598 -38.89093120 1492.06475383
v 70.72638219 -44.19610454 1513.76899023
v 213.33804643 42.73104558 1015.28573696
v 126.83079787 8.67526639 1300.57168097
v 220.94883430 -88.95583080 1088.94972068
v 336.09300423 52.59438643 682.96364193
v 335.30134788 43.42802783 693.18622234
v 345.42667985 52.71878895 701.00794916
v 239.15033151 -15.17224609 976.54719345
v 331.26368778 85.16093322 697.63053434
v 334.57530766 85.76207637 704.18582233
v 325.16535691 82.67233782 694.91995257
v 336.42012318 59.35325030 674.61674117
v 328.01829689 35.20810748 670.31309231
v 80.04871618 18.36197013 1488.66278816
v 75.05895124 7.37301956 1510.21029871
v 69.46473662 10.78474364 1519.85212953
v 139.16915844 146.00058526 1036.02310007
v 34.22986883 -126.28430532 1477.01382997
v 43.30132755 181.10118814 1107.84257290
v 349.44505104 65.91937464 706.46571706
v 345.13165391 73.42285922 688.15281657
v 110.40825602 122.42413045 1169.43569794
v -20.83843522 20.17537641 1554.86274465
v -4.56058796 23.09681078 1559.53038962
v 27.78167634 201.57790958 996.04210642
v -234.38056790 81.39098268 1075.41943505
v 169.94768211 116.29508415 1041.37152835
v -47.90341151 8.43858877 1546.96750085
v -63.78295047 -81.24458896 1468.36217104
v -57.06153362 -100.64072295 1440.81816004
v -69.55042317 -79.70150003 1434.28160274
v -41.56924849 198.22547165 954.96522259
v 119.22627695 145.08732881 1024.31381142
v 131.48522745 129.29868199 1024.68362778
v -70.16105220 -36.71559639 1424.88483626
v -75.61817498 -55.12587311 1436.76976462
v -70.97968725 -50.80820937 1425.26966847
v 139.07477727 -156.90794455 1204.43430415
v 121.78831812 -155.25300406 1218.28744467
v 278.86458772 68.71643029 913.85008165
v 288.63170217 73.31917684 894.12831196
v 287.72577497 73.72590604 921.62147233
v -40.15700540 -103.91757678 1390.74232600
v -49.58564445 -91.68023403 1391.48945927
v -61.36738849 -89.41058743 1405.73021810
v 211.01790071 -87.32980758 985.69720203
v 220.12519408 -66.46860162 999.68888861
v 17.72978763 -135.21764414 1434.39361437
v 31.36084159 -133.47055691 1427.61113297
v 275.77803887 -45.04152040 1018.58785836
v 282.14032748 -51.70736791 1027.83652099
v 297.15028608 -39.66827349 1032.85163299
v 31.82196802 -111.76047076 1505.48750629
v 26.95673261 -118.96572141 1489.15919201
v 13.62229043 -111.09011920 1492.51590792
v -47.26686912 -19.69450159 1549.57211995
v -57.50928159 -0.45320511 1538.25640095
v 361.24429595 21.11557550 908.54515045
v 354.21142199 8.74701437 904.84820854
v 354.55010070 15.95651106 942.91129374
v 345.09081801 17.95324038 988.78955703
v 342.57271126 9.54472019 981.48915111
v 364.81534832 39.85790653 922.73784619
v 362.22317481 32.00819769 947.64492767
v -48.66451785 51.10425963 1527.26467754
v 377.01692885 56.55405769 832.83122814
v 375.14327319 40.41472382 841.48636053
v 374.89221350 55.23237090 866.49424537
v 25.20303572 41.84098475 1547.91476878
v 43.91921830 34.52107777 1539.74265331
v 25.50561777 27.99007278 1553.81906226
v 204.34977590 -74.90465973 969.28495622
v 210.84077062 -114.36845123 1070.40906882
v 17.41082177 -43.55558535 1561.37572035
v 24.19343389 -12.84404401 1560.20209289
v 38.75054361 -23.40671980 1552.64362501
v 356.22003716 34.88243278 763.74946521
v 358.39083796 34.63589184 792.18442330
v 310.08090704 27.71488846 691.69069073
v 316.24892839 27.85491667 687.38419509
v 310.13942752 34.44403755 674.53828192
v 197.21663344 73.78093935 1094.48020735
v 191.38709221 79.80923455 1102.43734917
v 195.96313010 75.75873609 1086.67462925
v 235.01020442 84.47742384 1112.93125642
v 234.81728594 79.27332229 1087.18674031
v 254.24955737 78.35283594 1091.07383843
v 330.63069112 74.78184763 669.34124489
v 333.28487434 77.34942858 681.70178046
v 321.31558080 73.42448939 682.19255994
v -3.34088103 6.01446803 1567.72525883
v -12.70356307 12.07964040 1564.52778026
v 311.03576310 58.74829131 685.93081594
v 318.28094881 69.03625516 660.01161295
v 164.00614292 -2.01914029 1305.35533923
v 168.46998830 15.56541506 1298.85014918
v 182.14720344 -1.17859033 1303.73503092
v -11.09734086 0.24610389 1565.56578989
v 295.38125575 47.48933025 724.71782660
v 301.27200617 40.49755844 725.05574151
v 302.72155890 46.85374617 714.82257609
v 100.75342424 77.37376961 1234.37027434
v 354.62839721 41.51249903 736.47000584
v 349.37524843 52.13720932 717.26558033
v 343.58302230 34.55840472 725.65102874
v 276.85322366 -6.90936479 1212.20963576
v 309.85327672 46.56605561 659.12027959
v 317.00462890 31.39584918 667.21861268
v 295.73197263 10.46758360 1178.01658820
v 371.32276119 56.94099747 806.04435202
v 361.49219777 36.17781895 807.04457229
v 373.68480548 43.43559422 828.38455860
v 225.05630858 -24.69645899 1273.40668528
v 218.47897361 -42.10694968 1274.28045781
v 205.68144868 -24.74175302 1291.41648128
v 353.91769001 65.18628210 914.55711062
v 364.27281548 64.56325042 883.70450606
v 359.42023761 54.53307028 923.76368696
v 368.04509272 54.86408526 889.19141045
v 368.54952619 34.31116111 881.54792594
v 367.39884835 47.55429477 904.93051243
v 305.09557195 63.97510668 800.59543355
v 304.22034717 53.27987539 801.50428406
v 294.39055151 56.68885400 780.07780553
v 353.28168349 84.68996058 729.66389273
v 342.92894040 84.91849990 719.90794684
v 348.92060622 79.76224201 715.36009622
v 182.57774480 79.43885234 1142.60734065
v 183.22360850 79.94881920 1126.71857752
v 191.74345229 84.34769214 1123.27878411
v 64.91120141 -91.46283554 1427.02402027
v 60.62310221 -90.94527770 1406.66022055
v 42.42433428 -122.88395811 1420.85442849
v 63.47047850 29.54696565 1297.96743449
v 301.51501957 53.31961959 748.45629048
v 297.58450661 47.45747388 737.85269130
v 296.56631772 53.86672014 725.48236981
v 42.54579506 -112.15391129 1403.53214970
v 351.77235851 73.44198874 712.25656475
v 364.23688404 78.05102638 739.48214785
v 179.65742039 52.31957494 1256.78135914
v 157.05885187 55.28953432 1252.66140256
v 180.53071816 60.23502195 1239.84993718
v -4.65072349 114.13419134 1410.27256834
v 362.02532985 90.88218662 779.84810325
v 368.68728143 76.41942779 787.94421393
v 362.21631221 79.50823065 802.37112817
v 102.18597018 172.37150346 1047.55906381
v 326.96143680 26.24805322 1065.58728888
v 324.48580401 5.30234116 1076.19852766
v 313.22062674 24.00097162 1085.86636093
v 312.91503012 -9.00048906 1019.61154825
v 289.80848016 -28.46090947 1020.12084835
v 308.64441061 -13.48834528 1026.41529396
v 347.37363225 45.80385626 991.32765755
v 335.32624766 48.14354611 1023.36741997
v 338.71703103 60.24930381 989.50219860
v 322.70652736 57.90174752 1027.64879414
v 317.10309410 70.14467866 1006.75065612
v 330.51619544 63.94470032 1006.50779592
v 79.63729626 -47.34907514 1436.56960949
v 324.58652390 -3.67986431 1007.02476211
v 331.66208158 8.16317000 1014.01897557
v 281.45024469 60.62429399 1080.25342208
v 308.46346693 35.50913627 1081.17790950
v 300.25761059 40.34384408 1092.99101757
v 46.05896636 -57.25622559 1384.58322540
v 34.30830642 -66.23748047 1378.73950640
v 53.35955316 -67.54030881 1394.31970653
v 339.56869251 -5.15142645 933.52980223
v 339.42968145 -6.55752189 908.01385483
v 320.94555006 -16.69605026 923.16301748
v 328.09440905 85.12073877 802.29711954
v 315.49856870 73.20070618 816.52201423
v 312.95091408 76.24328728 802.70383214
v 330.24586737 94.34827596 728.08651528
v 331.95454352 100.77852599 747.36194810
v 323.74627073 100.25194936 753.93514936
v -22.87531555 88.68814510 1332.60086837
v 123.87592616 110.44305233 1179.75294700
v 116.13790632 101.30778523 1199.67228293
v -24.87015301 100.53271398 1344.15884447
v 318.62644942 11.26635265 1092.75595895
v 323.31388095 -10.99576813 1091.26399247
v 274.93089463 -81.88111809 1064.71264983
v 205.76017225 -113.14325162 1130.34975956
v 144.87101200 135.94287861 952.42398881
v -69.84766499 -0.87791532 1393.34672592
v 257.56503421 12.55323573 937.02193086
v 266.35818918 1.89636974 926.87542244
v 271.23510803 23.65116802 897.00362280
v 296.11733617 73.94175126 969.25638717
v 274.23307004 65.84072752 946.36376150
v 292.66366723 75.35732817 947.51154151
v 209.83949334 -15.59319461 1290.14583434
v 187.99722622 -18.56311042 1302.99631944
v 353.90656299 96.90168966 753.66583429
v -44.72191325 -76.09162490 1516.49421672
v 68.20398061 -1.53087336 1391.32514376
v 268.92320246 59.31237799 1000.44357251
v 258.79419276 45.70173363 995.19061880
v -64.26754185 -49.66498638 1512.49157022
v 55.58080941 82.52258470 1477.36026296
v 246.72418177 34.92890897 988.82893005
v 366.03731336 24.36810732 838.93144476
v 357.38332691 15.09041053 839.73323066
v 354.01262176 9.09917356 871.74312642
v 213.71475237 -90.60268226 1122.83328511
v 274.57584798 65.35641276 1063.18181637
v 286.57552707 60.56057787 1065.22819594
v 137.64423915 77.80955083 1222.62855938
v 156.82188770 76.61772212 1223.20936947
v 188.41372001 86.56557123 1154.14905938
v 315.78471052 15.22225113 718.98942034
v 310.40105592 21.96204359 711.25627992
v 318.86107235 28.01895732 726.83035833
v 226.85361108 -10.82766907 1274.23515981
v -60.88159604 192.55251241 963.13350061
v 148.16155776 87.63754837 1198.15558503
v 136.71564062 89.57284679 1202.99765077
v 313.37323403 56.84692188 654.84784594
v 316.34475043 49.04580844 648.93491780
v 292.30073419 27.18026510 1170.18569554
v 297.48697954 46.35521699 1110.39552846
v 306.50320177 31.04029132 1120.72126274
v 299.96442924 40.05245157 1132.28998874
v 329.05494977 46.47772200 659.20943797
v 199.52399781 -55.49951164 1284.19802691
v 176.77816293 -75.38197120 1286.90999984
v 182.18266992 -52.33232371 1296.56116840
v 346.09881342 74.82404497 898.70723063
v 345.05988224 81.47211301 867.93575336
v 358.11931388 73.21557936 875.87369373
v 195.73145025 -107.65093769 1244.45453256
v 195.41929674 86.21453639 1173.55495202
v 267.10833254 -45.04517871 1009.75574770
v 257.66937369 -52.11987036 1011.76193663
v 210.75935395 55.73228433 1073.64992235
v 217.26540519 52.61058502 1063.52390187
v 263.92141544 -8.70689500 931.96196455
v 271.90812272 -7.14527400 921.19238486
v 183.25701041 85.12703423 1116.35542291
v 173.12805944 115.44122302 1108.62274485
v 175.65950342 84.84459503 1129.14049685
v 174.60553599 79.91933589 1147.79126024
v 161.81228702 99.96759249 1140.64352018
v 368.55117189 58.48607782 792.31187157
v 368.57115248 68.71966601 801.28813324
v 186.79445582 64.93797153 1227.07700268
v 183.37561151 75.55230485 1205.59986527
v 194.56245520 79.59744681 1190.69612900
v 301.53878917 65.72945135 1026.38629158
v 308.27000233 -19.02908006 1032.47005047
v 311.68187018 -41.65788422 1055.65962529
v 318.87347573 -0.57400219 1030.96457625
v 314.32425342 -6.83371990 1034.55073166
v 324.63055769 6.96146905 1041.50794766
v 76.24931411 -64.01903548 1452.29900868
v 80.10482603 -52.08835503 1467.34639688
v 253.09119439 75.26211756 1145.24140857
v 271.51902150 72.81708001 1114.49735257
v 270.67476153 61.24207155 1152.50546229
v 353.65919077 37.41438767 977.25930403
v 353.95348541 47.73125321 961.33681439
v 81.55624355 12.23879422 1475.33897196
v 81.54657094 4.29320384 1467.97979403
v 84.03424791 -2.25253507 1482.27156668
v 142.26152316 149.37239628 1113.40525674
v 130.20556206 130.31640545 1144.48858049
v 126.23580866 155.45610326 1121.00887325
v 113.76552196 70.73238909 1240.41902444
v 126.46476817 40.61233161 1270.39503623
v 300.07744780 81.61192277 779.44546550
v 294.59544696 70.13884564 773.27811858
v 299.61512083 79.90079394 768.52446317
v 309.37691531 33.22988497 770.93145807
v 315.32726540 26.16721071 780.57106211
v 315.51874838 28.34524667 743.28461023
v 276.08080399 -71.15229443 1045.50561853
v 371.18539375 71.46785244 776.44415583
v 331.54774672 11.63888901 818.21510353
v 320.29579114 20.11998988 816.70698430
v 317.75765612 11.65145165 830.70883170
v 343.81010861 68.85701865 938.63474529
v 317.66612612 77.76560706 883.39744600
v 295.43498942 74.26183039 874.93517030
v 325.70009674 82.03061226 858.84637583
v 259.18605846 57.50531415 967.57881103
v 250.67973900 50.38352732 960.69748255
v 266.25937534 59.17320449 957.79636092
v 334.81401805 84.63185995 827.29847655
v 339.05488469 88.95713429 802.29053677
v 343.94867051 87.09354186 814.25247155
v 291.41064732 67.41155351 862.92274434
v 293.51121759 54.82403208 843.55984403
v 306.79162936 68.31429711 831.95711105
v 303.26498679 12.41748188 850.79852392
v 291.53118962 -58.80559186 1154.94429780
v 306.43334313 -23.44094379 1143.92579120
v 305.57564534 -25.24310204 1132.59810035
v 163.65993135 -32.66440503 9.24427613
v 165.43060340 -23.57304247 7.03704997
v 303.65452507 -48.35275675 1110.69734338
v 72.43693005 -25.35260410 1411.91803777
v 76.23153375 -15.13835931 1415.95042988
v -55.07748788 -58.63816545 1397.44860014
v 307.98089319 -16.14400611 1128.10018571
v 115.42942660 86.96973170 1219.15967058
v -62.66173640 -49.08684630 1405.90504601
v 312.59261363 -5.63615151 1144.64881182
v 313.87711999 2.67623621 1114.02456891
v 158.29297747 10.26447933 30.17957392
v 161.12065090 -27.68381083 43.54712931
v 160.63558300 -31.73834797 25.10762178
v 313.14939193 5.40230114 1138.63694348
v 145.73645698 108.80637987 1154.36735077
v 128.48006924 118.41724381 1160.87798642
v 311.62939177 12.26507246 1120.16150114
v 312.08392114 16.65342174 1107.59862752
v 80.22151635 -0.80929742 1404.41361819
v 79.33571504 -4.46161763 1399.77293794
v -20.62520550 -80.02303803 1379.60994930
v 307.12499638 30.84378712 1105.72710529
v 173.80902643 122.66854603 1090.48322760
v -65.68684878 -64.98619986 1411.54412852
v -60.60926883 -77.28260712 1400.72948334
v 319.15930901 -27.43812646 1078.27944840
v 173.85516909 153.40139687 10.25644597
v 308.95023498 -47.34142998 1085.38109021
v -21.13357774 -116.10275006 1390.54045421
v 315.09328910 -39.47015409 1063.82822724
v -4.11090475 96.02678350 1502.86155460
v -20.78058258 102.24827634 1480.15219820
v -4.71105517 105.96324145 1472.82080523
v 161.54675892 81.02656324 1212.71138338
v 34.36088273 87.49492965 1510.08090625
v 64.55189933 -178.97450710 1015.72201658
v 294.29673615 -61.78891574 1054.15009395
v 183.28479242 152.77858118 7.79386511
v 160.35736158 87.25514250 1171.53311078
v 162.66078408 85.93240665 1156.65612806
v 174.47565607 80.65060946 1157.19595960
v 264.88270418 -86.17196589 1070.13044401
v -81.59745384 -29.56610657 1481.07232164
v -82.65218870 -6.39842524 1461.32273745
v -77.50588741 -6.35458194 1498.40593662
v -26.03908242 100.26466752 1435.25204814
v 186.70051899 94.42864252 1096.17245158
v 191.93890180 95.21371970 1074.45418739
v 4.31405030 102.81330144 1461.43241864
v 279.13452960 -37.12226152 1009.49504203
v 221.04679168 62.85392861 53.81384198
v 179.62361598 76.05145073 575.35831365
v 114.81319627 -77.33699911 500.65006141
v 81.43791240 -86.40592035 562.78889866
v 296.39777862 -30.00309326 986.00424220
v 202.99319411 65.89091717 1081.50797173
v 59.02614080 -72.50988135 1511.78545955
v 57.62890047 -53.92568886 1530.30262751
v 289.92543603 -30.93387393 963.09654854
v 300.67250790 -28.29210158 962.77798127
v 120.30255354 -86.31241567 605.88218034
v 306.61502593 -25.43102274 942.88575395
v 83.07519979 -77.87304258 502.16737371
v 91.95442778 -86.55478267 548.34449683
v 109.25166206 -83.14171318 525.52725241
v 239.35954334 91.02594086 34.89319578
v 185.05610255 67.79649109 584.98139688
v 179.00496943 91.78365339 612.46902741
v 195.87901072 78.69542602 1108.59787664
v 189.18967273 81.23263696 1117.01662464
v 63.86185566 -23.52845747 1532.11883057
v 219.50174713 -14.76370096 1280.29632715
v 200.14573559 -68.75605204 41.13595382
v 164.77113067 -54.52838835 427.06017036
v 248.86206278 -14.66600361 956.39462552
v 83.56182875 29.33482268 1472.19358821
v 70.33231737 -58.24453357 417.80647885
v 88.99535386 -55.76279939 409.70511697
v -86.34963479 -4.50471804 1442.97818061
v -81.87279131 -12.27586467 1430.08720887
v 183.15564949 -35.28694688 1302.20106553
v -17.70436795 12.70033523 1558.45598577
v -75.68447429 28.66994886 1478.88633885
v -82.91795391 8.66096338 1467.52952272
v 33.91948017 14.96647453 1553.25090003
v 11.38080216 8.33611057 1562.16360260
v 149.31179785 -67.23267063 484.74223204
v 91.35794602 -63.95721917 430.68390728
v 208.74856009 -67.34428395 22.47346949
v 193.72776262 -84.19706527 1268.29884224
v 258.73523628 30.73647928 923.97048340
v 87.22612599 10.70070401 1442.50870069
v 88.46808813 0.72701592 1436.35377779
v 84.04163244 -7.31082797 1463.33209418
v 267.97058019 43.96755994 901.70331187
v 148.32450556 -16.41678971 1309.41414953
v 158.51797190 -36.37612226 1309.92236982
v 138.88787233 -27.51067682 1313.89138327
v -31.61110868 23.97367971 1550.02720967
v -85.64550125 -12.60324436 1441.22944753
v 304.25148879 4.34458950 1163.99850033
v 299.60107848 33.37532524 1143.13729072
v -78.54706848 -12.61018332 1414.73280238
v -81.77581475 -1.80557988 1407.46191922
v -54.58439085 87.01968009 1471.22961997
v -36.48508181 96.77356271 1481.37539672
v 295.29179697 75.83015364 892.74696016
v -25.47086021 88.27627398 1512.08391356
v 302.74506843 76.33921520 929.86837717
v 281.84038669 60.01749764 1093.65676448
v 280.88943901 65.06820514 1115.48234700
v 317.83916497 77.89636116 945.40972673
v -77.55284770 -3.49591212 1424.31568219
v 280.26985462 69.04471648 933.87650053
v -69.06080723 22.37750551 1504.44396377
v -68.47109417 35.81416101 1498.65012847
v 289.50509610 63.85738716 1046.59385469
v -42.27036862 95.22999824 1472.07551150
v 275.35528728 66.92593369 972.69231930
v 172.24518160 130.20494128 1075.61254718
v 282.51661370 74.14469798 982.65449006
v 174.60491945 -65.02211855 140.69173944
v 292.56582390 75.85477556 987.91937457
v 286.28723952 68.96089439 999.47592166
v 173.09715338 -14.56797188 1306.80114500
v 28.52729081 -65.49596690 1371.45664871
v 307.84070156 73.42917354 1000.73399775
v 290.97246397 66.35146367 1017.93017708
v -4.95620239 -81.01748355 1374.23841137
v 207.42846640 7.26848670 1287.17590556
v 188.53952592 -57.56817582 79.34782793
v 179.07028825 -57.31263537 104.11026393
v 216.76484619 -4.90347588 985.58557856
v 262.65638427 55.60148649 987.72011881
v 86.42793293 16.17247413 1461.23922710
v 162.87209284 26.06821666 20.86272955
v 70.17511484 -79.79698724 1434.58967945
v 176.94988179 78.81865172 1023.60115380
v 185.77253056 67.38149248 1024.05088398
v 49.80593349 -52.92144337 1385.87159664
v 263.13533302 58.01735238 944.83895511
v 210.82652356 65.64104753 1085.82497472
v 214.19869395 78.08358331 1100.26871974
v 203.26877006 70.98633817 1094.95121326
v 262.05103885 51.54004118 930.57330596
v 195.74669013 64.57273428 61.84568912
v 208.54564046 54.45384236 65.26546934
v 196.93532987 52.09125428 70.07367748
v 259.42700711 42.33606235 922.86543782
v -47.09211337 93.75307936 1465.29100796
v -55.38459165 87.18069464 1464.71780355
v 248.13795330 37.79457571 950.76583501
v -30.40389520 94.34112723 1460.24644911
v -36.04709209 94.10681990 1449.45805586
v 250.51393166 14.66802283 949.13265456
v 182.43359896 53.35014279 64.56323281
v 245.35189523 29.65303697 974.96776112
v 210.80651516 81.21260839 1182.95198482
v 251.41433409 46.76696409 948.08039729
v 24.64981116 67.23505331 1536.99024477
v 251.66889751 40.18783999 984.54133973
v -74.55399227 40.92769453 1469.19151130
v -64.06461508 71.09076530 1467.06968940
v 248.35525939 40.42874212 998.99512015
v 287.01070707 43.64356154 1159.32450392
v 285.18301699 52.39307496 1143.25852858
v 241.93461341 55.60191111 1028.91317905
v 171.87871499 38.78929333 80.09983756
v 250.46383831 60.35250273 1031.87699446
v 24.05225116 56.47466041 1546.00394916
v 4.79986844 44.22958701 1550.22460514
v 248.04782982 66.43519679 1052.38781444
v 265.90868917 66.29720340 1048.45580974
v 68.07186953 52.00498584 1494.12837487
v 57.94458482 73.98155580 1491.23554282
v 262.40093240 68.33065185 1064.31994318
v 189.74729022 40.39187282 84.08176656
v 299.94647094 -9.88798816 1176.63141584
v 302.71498919 -20.71479443 1161.19199964
v 295.29466731 53.68924443 1070.51037071
v -80.17718412 -6.29697740 1403.05264168
v -18.46661804 90.05941429 1513.70286452
v 317.79452816 46.35437368 1056.79447000
v -13.96993625 -117.82012817 1498.15115467
v -20.14285841 -121.13842456 1486.23209678
v 331.39409004 22.22746683 1059.42397238
v 205.63502210 -71.96370468 1266.96765462
v 219.13091198 -82.68919906 1243.28971706
v 328.76958000 10.34273183 1062.39803038
v 324.87398287 -1.01223479 1063.95657326
v 58.02865040 -61.33811460 428.09965793
v 319.93986056 -19.96411564 1053.74233567
v 322.17244343 -1.76615060 1049.90832441
v 4.30963707 -90.75790632 1533.72956593
v 175.60389654 -53.37181271 79.08319768
v 163.70470927 -42.96873551 75.97911537
v 181.70549819 82.54239631 1157.21888405
v 291.28169157 -31.62330755 1025.42074330
v 22.43355294 -81.83607778 1548.07023011
v 178.69037221 81.98399284 1170.97123661
v 164.53794856 86.63618816 1192.29460369
v 145.08966844 92.46260465 1187.74298075
v 156.59068472 90.65368382 1166.00029393
v 335.29359462 22.41764913 1039.68143721
v 0.20484395 -123.20573755 1467.92151990
v -9.44761052 -133.90676764 1460.49669144
v 0.58948590 -118.40521416 1480.46412832
v 239.01367207 -4.97986089 7.98341310
v 244.75037280 13.01853115 10.40170771
v 241.67086050 11.58596520 7.54437351
v 339.35281170 31.51887565 1031.60799726
v 158.53818892 97.54756068 1149.77772664
v 333.46068955 33.59584413 1046.43631808
v 249.79765527 69.79527381 17.79335379
v 340.86608770 38.15380374 1024.07820809
v -32.85808156 -107.65448073 1500.64064837
v -24.31160798 -115.60147304 1503.01195658
v 217.88832376 -43.63912396 57.18931760
v 328.07579295 73.09456741 978.33379429
v 236.80300364 73.17823490 1175.48462723
v 214.60372518 71.02872821 1199.63730114
v 317.49299191 75.84249769 979.79434261
v 214.91022458 44.87643400 1046.02944468
v 226.01972034 52.25905356 1039.65010050
v 326.19456328 74.77062639 958.71487991
v 114.73023506 -122.05316073 701.45062916
v 126.58738746 -110.38973912 696.21397628
v 211.18135884 -62.10399142 38.95075156
v 341.70183565 65.70718194 962.68331518
v -27.05096608 -128.58189863 1452.46876249
v 351.17150061 57.95691184 950.36792811
v 31.06350725 -74.20198008 1380.33262418
v 236.17764579 -38.55648608 9.89579276
v 218.26169511 -58.99318227 23.47814012
v 71.61574124 33.36108546 1505.84741714
v 278.47340655 61.17488323 1132.61987400
v 197.38896532 -71.27305480 8.97145608
v 210.93984247 -67.87730201 9.20078425
v 362.58575746 38.58522411 950.09875268
v 107.11592505 -31.58715417 1320.78309556
v 106.51314331 -15.34957036 1317.29203180
v 350.90852312 30.18378544 986.66633432
v 4.79132026 -135.43861855 1396.49140820
v 15.72550152 -129.18280271 1394.00173987
v 130.20778202 -43.00507010 1316.84770009
v 122.29978527 -56.78763862 1316.72773221
v 333.46580125 -1.29089878 977.57206653
v 93.83231623 22.25995926 265.62738473
v 91.74553883 22.79365793 278.60161017
v 315.03344219 -12.24834239 995.11636956
v 120.76984088 147.12055028 1030.15276859
v 309.26886730 -23.50950672 974.64429457
v 125.56193177 -72.58855502 1310.06069080
v 109.51844134 -69.49128759 1315.84198383
v 302.98797653 -16.80615835 1013.40388089
v 25.26581319 -120.91781820 1393.10592497
v 290.19113667 -29.16965366 1007.21963694
v 211.40084420 -53.31736604 173.33708658
v 198.49147139 -64.64294656 162.35804658
v 160.69505444 -68.92897775 1298.71603630
v 225.35434160 -11.60723496 91.84067637
v 218.87092763 -25.59787921 103.24230857
v 221.72088425 -8.98915017 110.00750383
v 327.28754456 -10.86524358 959.70642727
v 316.98761046 -20.68642847 942.97694178
v 206.63540668 59.00835966 1071.81133883
v -67.86000506 -32.08753293 1522.96712932
v -78.89099668 -32.28396132 1491.29476534
v 327.60840046 -11.40348745 897.69862659
v 343.29272757 -0.57748058 876.51137905
v 344.16754299 4.01367700 849.45429180
v 223.08061903 29.40967564 852.31263064
v 46.69338479 -90.10549329 1389.25367768
v 48.57113197 -115.40931819 1438.70426424
v 344.99237663 10.16884285 827.30855671
v 334.02587907 2.50727032 843.88945650
v -23.21388998 -2.55845303 1563.66218858
v -18.96541757 -26.52086755 1563.05131012
v -31.46623642 -24.00110487 1558.78044088
v 202.98792381 86.42250651 54.51343240
v 199.31464034 101.62892802 47.96807273
v 219.19774823 -46.14258301 254.31850899
v 324.86410199 3.35842677 842.05714284
v 207.17932006 -67.11671850 300.99058871
v 8.68302376 -120.86210801 1471.86713364
v -78.69735870 12.28207043 1429.81435124
v 6.70439702 -135.66115153 1448.82601068
v 154.07200008 -55.09330552 1307.41829605
v 284.13392765 45.94213075 859.65575227
v -308.98070355 -32.48781758 1019.65449434
v 305.11642505 45.62043218 820.76460530
v 235.11792836 -25.21902737 7.27678644
v 218.67000879 -45.64986619 189.90508864
v 206.61666684 -63.95896224 188.18929440
v 301.86727999 56.41470256 828.19540493
v 236.72024034 25.08411639 44.47337667
v 305.28075060 57.46261937 815.05272299
v 17.66103170 -108.25319829 1506.19949110
v 308.31494146 66.21907590 814.96241869
v 37.71168691 -122.12576116 1449.09280826
v 311.07678350 88.84200098 780.26435693
v 294.23934019 73.09404590 779.99525929
v 53.02955472 -171.26821405 998.10189677
v 295.50619052 63.03266683 785.44170229
v 49.30487147 -97.08765749 1394.84291023
v 297.27930642 53.61272646 771.09768669
v 227.93959389 138.33859437 16.96367899
v 208.84515438 141.00972474 18.99528978
v 248.58182095 95.96167435 25.16703876
v 239.95181573 122.43108190 20.32932510
v 303.37236251 86.82134198 771.73213363
v 303.63206661 85.85507489 753.42642737
v 313.87105635 91.03182878 749.51819142
v -1.07612624 -105.55885793 1504.43613006
v -7.65784760 -120.53886531 1488.02514828
v 323.93109474 94.08787292 735.39033872
v 333.07292327 102.65643433 761.39450621
v 216.55422067 59.81982033 851.23595793
v 333.26235083 98.62753710 778.07030017
v 347.01902735 100.48478006 769.69029422
v 346.89203307 95.45982101 786.45405450
v -0.96825016 -135.13551058 1447.41385388
v 185.66517238 99.32723048 48.74538400
v 184.68497380 75.67677840 56.95911199
v 224.37782914 31.00458390 66.43340741
v 325.32875247 80.21529645 821.72230369
v 317.74620635 84.35699210 844.64132094
v 340.57455683 84.57480539 849.98818650
v 159.67490653 44.13276572 58.85167619
v 157.52797854 60.27267725 44.83511612
v 165.34673149 58.67549512 55.44294868
v 25.74559011 -127.63733665 1447.77179993
v 352.80071444 85.94392145 829.77985675
v 352.99619097 85.93967110 803.37906565
v 363.58822077 81.21004239 826.00757679
v 196.00345448 -44.81735888 762.24951663
v 191.05061620 -54.69517314 742.39987738
v 183.37369614 -66.62913822 735.39592309
v 359.04108423 79.56628817 854.13090557
v 159.17872938 79.18324876 40.49745468
v 165.97214030 83.74346620 45.63398901
v 368.35676675 72.13858862 852.41703903
v 371.17215718 74.43789153 820.37180877
v 374.73953219 64.78828209 846.25884941
v 34.03282367 -122.06150359 1487.74318777
v 374.92436632 65.47371426 821.26312939
v -44.39659534 144.09799532 1162.55662997
v 255.53393264 80.01231138 1120.50947196
v 253.96516841 80.84594919 1105.88982673
v -34.03505311 122.08466663 1183.15521736
v 372.58669344 34.91510666 859.71019413
v 376.17680363 45.22943604 864.14028648
v 168.61836192 -54.06897328 504.53247347
v 177.89066654 -45.04072727 535.64268306
v 177.07674283 -43.19797212 505.03954954
v 124.39257560 -90.88315565 261.56215470
v 118.01275528 -82.43861530 241.92475083
v 41.95609878 -100.18244178 1515.02630280
v 40.32753358 -114.61458593 1495.69366225
v 360.92525728 46.67043950 942.23160382
v -54.37245267 18.42815905 1534.84108375
v 197.10218673 8.07934612 602.02969455
v 278.01529351 -78.46422962 1162.69791075
v 200.37867999 -1.95933800 653.61311643
v 307.05813054 76.82961387 856.12668608
v 313.64895473 81.64043073 841.65923718
v 201.07514153 35.94865321 625.29635208
v 111.64801030 -15.07163923 180.51179979
v 112.57354281 -5.59307715 181.69512163
v 367.73686810 37.44305863 905.56189697
v 205.00564807 31.23828905 658.62597236
v 220.52473254 -23.96478635 294.90612346
v 345.42281419 4.91204701 953.49441496
v 363.25111308 20.74266007 874.36791213
v 78.03160834 -14.27520821 1510.29715586
v 190.42898956 16.48452236 508.47718816
v 64.28328523 -66.00516389 1407.79766660
v 30.45847113 46.26645709 1268.38710361
v 195.76576688 20.29269606 549.99136190
v 193.17726773 -14.65593329 614.10620401
v 196.63481504 -13.53823515 631.46898367
v 184.50794406 54.57985762 548.17147808
v 169.24234795 36.48058430 6.73288703
v 85.59744018 -27.60690104 1485.91059901
v 87.71265654 160.73641807 1133.96784798
v -37.47761647 -86.69558060 1382.80735765
v 54.95178965 -85.98172635 1396.30940552
v 353.04200090 22.87863824 810.22041315
v 222.72502864 -0.66370354 104.78269451
v -77.54415864 -55.30896324 1451.64145130
v -72.29939992 -68.17041252 1449.12637110
v 137.07848844 55.40016060 1251.16045654
v 344.99997361 20.34797836 803.67965190
v 108.92773649 152.98474468 1032.01711506
v 134.67478578 6.58521351 140.81182068
v 128.70985175 8.67683004 153.83889642
v 330.69486800 17.43279228 807.54302394
v 162.99080282 43.84999247 1272.47020970
v 320.52474286 24.20118060 805.53866019
v -31.81269397 -133.40421047 1424.95783273
v -37.44093575 -122.66360020 1444.25400297
v 307.70019363 43.98591154 806.88971855
v 135.04169449 163.02102937 1094.99333428
v 298.72924287 45.92244395 780.06469507
v 133.82725933 -4.58415936 1307.58147096
v 266.55227619 72.75988526 1092.11883229
v 63.39002504 -78.69714816 1488.00281370
v 53.82240398 -92.63370801 1498.35814695
v 323.89155677 93.92102538 704.48418078
v 316.33847408 87.80364972 708.42609109
v 301.66670445 39.19720198 764.15770164
v 246.77208677 74.60537420 1072.33100076
v 189.20691302 -72.34479567 353.68859431
v 167.78523853 118.29464998 673.70181845
v 303.71114667 80.53320700 742.78727945
v 189.07570063 37.23926975 92.34978091
v 234.46844517 61.53673505 1052.54714183
v 309.25802671 61.61334344 734.03165928
v 47.69862442 -26.09760650 1546.85821417
v 159.21939185 24.00890625 115.70590019
v 309.42338686 67.05250314 755.17682889
v 309.59849600 80.63768094 730.47516334
v 317.49904541 83.34876771 726.61364454
v 155.82745063 13.34444733 77.67152034
v 153.30192357 -17.00583252 88.81343335
v 156.45048727 -8.54123990 74.12067261
v 318.02940876 84.00092755 731.92715583
v 70.79514144 -61.88124219 1498.03872709
v 37.94977243 62.13236716 1245.01268806
v 56.74278543 55.64277716 1259.25094230
v 322.98191469 94.02864064 718.57321802
v 155.64780888 -30.76650423 91.94883384
v 158.10752996 -26.15722210 72.61688385
v 280.56233060 63.22628820 1028.65176286
v 343.26150943 80.21554135 692.97485235
v 61.02746585 -3.60052765 1534.42183893
v 28.33308531 51.79535071 1255.59358688
v 308.05106193 60.52533772 1040.44856397
v 52.60184215 73.05654944 1239.41276890
v 364.04198512 86.79149344 747.94419548
v 149.98480336 130.85413256 1126.68851131
v 144.90298499 123.44440113 1137.95931439
v 219.12599331 -19.52023117 132.39461784
v 99.88167963 161.48513404 1036.84331811
v 360.21819833 94.52944769 763.94521790
v 216.80153896 3.67783703 217.44082025
v 371.15847144 83.16861061 763.32731423
v 217.47676921 -39.02656666 162.73160741
v 220.52880186 -20.93044202 157.50902474
v 114.82588013 145.59576712 1138.26712641
v -80.31469039 -43.24212980 1461.78914486
v 319.25051888 20.16574227 732.97977658
v 320.36928978 11.62092561 749.83665826
v 322.71914062 13.49701012 735.08374302
v 348.64489248 27.31579678 747.67765129
v 341.65889981 41.87161807 714.57381506
v 329.44475298 24.37856684 711.06129807
v 338.86052230 18.78457946 744.56727654
v 323.51081758 12.29032871 721.08491566
v 368.03445076 64.69095387 752.94383234
v 329.73652068 12.30819565 746.18253112
v 105.94650778 -44.76725370 204.01229659
v 105.73308848 -70.33265997 239.22741343
v 308.05609003 34.03524917 719.71020458
v 304.13907232 39.14824895 712.58740980
v 310.06431806 20.65883853 699.03996852
v -5.95328575 -16.33672350 1566.02244382
v 306.61266227 44.90644550 673.46127371
v 79.84154405 -63.83804670 304.89329442
v 323.98012206 30.13691152 687.71757781
v 323.92410825 32.09598194 666.72808268
v 324.20088501 47.31804768 650.24105417
v 8.41818283 31.42871702 1556.18661223
v -0.79302882 22.03157261 1560.67963538
v 331.51626076 53.61870535 648.99727342
v 174.79519232 -76.85033236 369.74046167
v 162.29593942 -81.77488441 371.21608490
v 168.61331224 -71.28976637 387.39023403
v 336.27176713 60.52343151 652.31991030
v 201.64888843 -37.51993330 366.13231598
v 186.14730021 -53.07243526 390.38825226
v 338.10871369 67.11498212 663.19727615
v 337.58092555 73.66028594 671.63827359
v 218.52495227 -51.71996853 39.93751610
v 323.72925523 74.68601017 669.23637450
v 331.49127661 67.99999178 651.80226477
v 324.00365779 56.85194683 646.30711615
v 183.58686429 -7.10618020 440.69220403
v 184.01905362 4.36785385 456.78474127
v 331.05143253 60.74063152 647.14198304
v 327.97805827 18.25967328 796.10645047
v 11.67201291 -11.77376956 1562.52125851
v 2.34704113 -2.26607340 1566.95054911
v 202.61931686 26.58298693 165.68670269
v 211.22751611 20.45348804 139.06813494
v 159.97579778 130.50189528 1113.73490334
v 198.85528889 34.15365625 110.77744063
v 210.94545380 23.04838897 113.77926525
v 204.76770847 28.85934178 124.72998624
v 309.28110616 55.32350849 666.07654583
v 317.93061839 14.66541929 762.12380358
v 306.71349489 47.03876959 695.58146871
v -73.36017370 12.01978985 1493.90199174
v -77.45515748 19.67784231 1481.19430350
v 330.58009054 12.01856437 769.69645260
v 321.88657419 12.25131013 769.36690310
v 321.21151594 76.00435109 698.41210013
v 157.33685031 14.61831890 38.29806527
v 319.41576383 19.25071556 787.78329307
v -81.39856710 -22.86832943 1454.52048130
v -84.54722304 -9.69258010 1450.96863736
v 100.80357882 -84.42083614 300.35877385
v 120.59664438 -93.40691835 312.09354621
v 311.62364945 57.44211067 712.13383641
v 84.99068908 -65.92764862 359.66344933
v 74.37006529 -58.68091741 348.15444255
v 74.22181290 -49.12473209 381.02657883
v 304.37178518 53.30605756 717.99502481
v 255.20774711 53.70407275 975.59215007
v -55.68145598 -54.41692197 1528.78875518
v 197.08182368 28.23403866 209.82138516
v 189.27216202 32.76359574 208.23636229
v 192.03739335 31.26623847 189.06447097
v 102.73160131 -19.11567646 190.74915362
v -40.40593428 29.56787318 1541.83416127
v 210.51850777 -65.95466973 259.54364108
v 140.84385005 -69.42129178 446.89313962
v -20.21796016 -101.17427626 1531.38303411
v -20.61758258 -106.97465912 1518.83290022
v 210.39072940 -17.18079526 343.90958706
v 328.77809767 35.17621169 686.32657679
v 216.02278165 -17.84382978 314.48561091
v 363.97530699 65.56670116 737.68682023
v 165.58687487 47.42691271 8.05780623
v 159.39782342 -77.57228565 682.34674730
v 99.44162716 -66.22082450 436.29017076
v 321.58058874 16.97039502 701.08713588
v 315.67924999 13.98104131 698.07582963
v 100.78003966 -77.28726812 362.51922473
v 122.07922269 -86.34179564 353.77334951
v 113.37183608 -67.30689022 406.68831709
v 8.84422983 -82.12345768 1546.86287340
v 174.04003537 32.13557318 109.38800416
v 223.17664462 -29.98137966 211.99057626
v 307.13360027 17.29713266 1138.23292137
v 74.94499904 -18.38846259 1425.10857692
v -48.51280165 -76.86956966 1388.21329855
v -71.85478840 -69.54402140 1431.42056642
v -2.90082248 102.02063007 1461.51775816
v 200.49530439 -77.64965488 863.29185243
v -61.61333467 -37.12138946 1528.22539876
v -49.78996216 -34.21024315 1543.12718018
v 86.05232822 24.97513372 1461.79789080
v -36.00558090 -191.19930166 1139.23253260
v -77.50977957 10.12513120 1395.11165294
v -63.00913003 61.62198723 1487.21933439
v -71.58343180 44.88836135 1481.86703452
v -52.61514080 49.59988921 1522.39338942
v -55.31398511 51.72585758 1511.06658502
v 171.47124353 114.83010939 37.04268648
v 172.84044145 100.35100161 44.55871835
v 43.97817279 85.52335691 1500.41029961
v -12.96950879 -106.96601401 1515.74795411
v 82.08333004 -67.77232405 318.20027970
v -12.33311744 -103.18593627 1530.48722202
v 242.49680743 27.76660408 8.77511995
v 239.10349242 15.01512332 22.13270774
v 24.45667776 -130.09496568 1471.23770636
v 223.04647542 -60.66017526 9.53622448
v 22.48140653 -133.57471850 1405.97332386
v 209.19320325 -47.13202509 126.64235584
v -8.88463157 -133.63354360 1396.49818831
v -10.98637728 -141.14772502 1415.71432066
v 80.06227655 -1.93802931 265.74295438
v 89.55817236 8.83687230 263.66462377
v 80.16487373 4.86090110 279.09600718
v -68.84015774 -21.88842383 1525.22710149
v 216.47175426 120.01302983 29.55861205
v 10.26710342 -63.42236254 1557.52235141
v 5.15683460 -38.58449775 1563.12731575
v 4.95851331 -29.49803755 1565.49098023
v 238.13834813 138.92986350 11.12109286
v 65.24276662 -165.38873202 976.62611631
v 48.00753938 -166.23994499 977.85996326
v 219.75185489 23.88750160 821.91781327
v 221.92713665 37.93770376 837.75542573
v 207.14014544 -56.13586278 835.34524554
v 212.65394982 -38.69125248 832.05533176
v 200.53897473 59.21381633 697.86827992
v 199.84040606 64.13726832 736.09904793
v 15.48282110 -136.10121787 1449.95544071
v 28.43134482 -130.91137554 1465.49092494
v 163.83270294 -98.50255500 278.50414718
v 165.95208821 -61.06210275 561.94925782
v 150.04002711 -72.49269435 544.32320076
v -51.53882121 29.32169518 1530.26272121
v 218.34976226 -46.84770164 230.09716041
v 108.02729598 -1.27978296 189.05902908
v 193.77809707 -34.76799103 680.57780800
v 185.25978310 -49.53917405 680.14136852
v -191.41143118 82.76362755 1166.29071288
v 68.19435150 -36.13396649 1523.99106197
v 43.09541994 50.15592480 1537.04396573
v 63.26574906 31.47556669 1520.50969696
v 156.56836891 52.06849867 33.85920599
v 165.49641338 39.64030383 19.60122595
v 171.18357014 -57.15619756 617.26449533
v 101.91943703 -0.00198742 217.48017082
v 107.86212226 1.37025126 196.07686609
v 225.37143469 83.06418707 1107.27467795
v 157.46701761 27.13647999 102.30039882
v 163.77370922 32.15752186 100.33195284
v 33.52424559 -78.48287279 1545.56173398
v 183.27405459 19.99001473 482.19110004
v 200.68033381 28.57876134 143.56889924
v -74.19028614 -0.88770446 1509.59745300
v 179.44474083 79.81511610 1191.86972703
v -59.64783753 -95.92892412 1417.91030148
v 166.94336648 -89.86057230 346.62374721
v 94.56715868 -51.63542475 235.59486520
v 192.53930945 -76.14536571 200.88967153
v 197.10324943 -77.17541016 222.35404807
v -79.79692050 -0.45842838 1477.01139197
v 159.64158608 4.41115529 47.75967211
v 178.70231293 -46.98431226 579.64692954
v 173.98102014 -53.12873067 594.83295985
v 302.83071109 -2.89103353 1171.42528631
v 112.20247274 -78.63882342 373.18324465
v 37.20093511 -4.99454903 1554.45489004
v 219.15776305 10.82112727 114.11400082
v -90.79649895 0.80453025 1304.53036632
v 168.19387310 -102.32660657 764.61036688
v 177.88070094 -84.90810638 756.48256167
v 222.62073147 -48.49203855 1011.45942273
v 166.74313430 106.37976822 611.09032102
v 170.09357606 110.27438021 645.07408975
v 204.45627149 38.61710682 662.67211048
v 206.22481317 32.41978216 685.25673860
v 170.41082790 91.32116968 571.43018191
v 164.78746988 49.70632106 464.22648692
v 153.96682035 74.27691744 476.84430516
v -176.44653710 -120.03055413 1238.24640636
v -85.35089757 4.71099899 1452.36184107
v 199.16440556 -17.88181931 698.58488676
v 158.84170120 -60.36237982 483.13597985
v 152.01803311 -63.84442202 454.40354285
v 188.92402048 119.62738247 893.06139933
v 208.07382315 32.16766366 701.78512625
v 207.67127958 35.24906293 718.40387882
v 13.64394405 52.12010802 1254.97418261
v 184.94502283 -37.13134104 613.51782459
v 175.94205539 -80.36208979 196.20774929
v 162.86919807 -80.45047434 194.10951440
v -157.86842424 -117.64022525 1255.74669351
v 176.89159218 21.83262750 449.40361841
v 147.24137993 -134.64879832 808.66441266
v 147.90966605 -128.51901696 776.91478000
v 34.21213106 -33.29418678 417.04336928
v -339.11037017 59.96926598 967.46732266
v 12.10470964 98.22935944 1337.39910415
v 116.31264072 1.61647969 186.40483893
v 151.96157935 -89.68903072 699.14843659
v 136.84006500 -116.77148578 713.12450297
v 194.88857885 47.01759669 602.08051842
v 198.70862335 -35.62353453 757.85683463
v 157.68431194 34.88610534 55.55367604
v 160.64273381 118.62978950 643.39221093
v 99.29366024 -61.57583904 404.11732171
v 97.25813972 -60.52104248 414.19571744
v 170.69197767 -64.69037439 662.50843986
v 205.08391298 42.04343624 737.71713918
v 148.48382030 26.03704803 146.66303417
v 149.19263685 10.49758254 97.05333158
v 211.12521871 23.60735736 796.58201513
v 207.42708319 41.82946520 788.05801491
v 115.38126407 -88.83102829 631.39310938
v 132.78079558 -82.88788073 630.99902799
v 135.99948346 -84.76382285 647.93629133
v 225.12050197 15.94837980 856.14569625
v -14.47628512 112.77926952 1423.81629477
v -20.51373544 105.75409509 1412.47230438
v 180.29942027 -69.42408055 23.22904157
v 197.10225138 -58.70720125 67.46707232
v 85.21859268 -6.30484014 250.98682457
v 94.63927706 -7.52661367 221.81598339
v 89.52747376 -26.91208000 229.69844254
v 151.83783479 -133.23191279 850.44999676
v 168.93719904 -118.25109680 845.81675873
v 67.49398373 -49.13566905 342.71957953
v 52.48568118 -22.16423162 376.89475207
v 1.52449905 91.35018664 1328.98803256
v -300.31732898 59.03505967 1027.65442438
v 171.92437460 125.84167771 792.23603261
v -140.24111400 -25.53184098 38.61400827
v -143.31982985 -3.48799972 39.32855084
v -142.55328362 0.80240545 25.86954529
v 191.73758663 -2.88817126 528.45833716
v 187.90064207 -18.87958891 508.08083933
v 168.30233526 -12.71094293 6.55960930
v 253.19319826 82.64662657 17.73839810
v 159.40947167 79.77481171 492.96884252
v 228.50294684 17.30662748 57.69444901
v -165.09828799 103.21253492 4.87387527
v -156.70326382 76.28276215 4.90400661
v -163.37470159 90.88912451 17.61172461
v 150.97967657 115.14179806 23.13374929
v 148.69256847 109.27667339 9.65452643
v -151.81056582 -87.18592334 54.39158454
v -158.60271008 -86.33601526 61.29625198
v 149.68603871 128.76409855 9.71177364
v 161.11449539 141.41224826 7.37624650
v 206.76526461 16.49876614 713.25261617
v 15.13883027 87.23229607 1330.76369089
v 196.58280486 -29.05143798 712.76638727
v 189.44057993 6.13252775 490.58419362
v 179.77713262 35.09301918 183.40657770
v 158.83436729 -27.89157082 62.41375972
v 134.71161573 -142.12370962 936.43870863
v 196.24189966 71.13929215 769.70057191
v 202.89598879 46.05176059 767.61757937
v 100.59542242 -5.05598945 200.62092858
v 221.57934689 -26.72893751 181.68595186
v 225.60149344 -13.32753603 173.74335936
v -174.39305603 -68.58689206 418.73773475
v 224.29550540 -0.05745624 127.41400174
v 153.18619376 28.74663009 162.65602792
v 87.00311769 3.63671095 255.38694187
v 168.17535266 31.34629837 146.19890665
v 183.77734116 -83.54412802 337.62264571
v 186.19631916 -69.41938620 157.03687603
v 185.79535269 -73.88155767 179.30138257
v 196.84146315 -56.72466488 814.48258858
v 209.08353660 69.10643714 57.47944764
v -61.56998898 -39.53806267 267.93129903
v -112.78416905 -120.27515948 293.57265153
v -100.78894898 -115.49419226 298.88932794
v 155.84030070 75.39277442 32.51828191
v -239.90128602 -39.85030731 0.00000000
v -221.65610185 -62.93219297 0.70697167
v -211.15320063 -76.68738593 0.16500060
v 204.40632866 97.44889184 898.83397992
v 223.44786981 21.29827239 839.65718659
v 163.00942422 -60.88876153 518.19996432
v 153.72265683 -73.93358204 183.61756997
v 147.09582000 -99.06427584 280.14768580
v 156.79395363 80.07145971 6.96323446
v -125.98831310 -123.35408596 263.84672360
v 145.49372948 21.27284396 134.48142030
v 224.36279197 -27.81763796 81.60594804
v 77.51071048 -25.20301247 265.73462558
v -126.72919970 -118.35277402 331.68158164
v -106.06041453 -107.61059805 351.57472053
v -106.71026602 -112.48906133 336.62720271
v -144.73105258 6.69787216 163.79909541
v 161.29190417 -122.62543254 830.96735964
v 156.62148497 -2.35372556 62.26675233
v 177.84307135 -107.95915442 855.92771122
v 51.38455111 -54.75823628 417.54593130
v 62.38838469 -39.88145372 385.71611843
v 60.20813012 -32.84031266 371.43260266
v -352.59806615 44.99048735 951.35216682
v 122.93002044 -74.21418497 215.75531735
v 140.79045680 -86.66640067 359.65419551
v 127.60112666 -81.20308269 377.59754322
v 116.43737192 -90.74209582 271.94458392
v 15.32265384 -39.90809637 509.52300947
v 112.21276831 -88.35865929 282.59972140
v -228.19276427 -52.33036272 0.38566215
v 131.73346004 -97.57527206 298.92934611
v -9.44294286 -160.33268955 719.29970641
v 101.92992569 -70.48091559 386.08957321
v 193.44198211 105.77271429 837.92070481
v -203.87497600 80.97314385 33.73038150
v -216.37753004 106.32359068 12.52375546
v -193.10567056 108.04537550 16.48809818
v -299.53908346 56.03424280 1039.44592268
v -136.03608395 -59.34261258 44.33147680
v -135.28833211 -32.28103929 61.74274091
v -136.85031272 -38.09463443 39.97367276
v -242.51383448 92.80048089 0.92896821
v -175.66373937 109.49286977 2.05986902
v -188.90364848 122.27800248 4.05365651
v -100.56076065 -23.70821694 155.84264792
v -132.00509263 -64.00204137 4.25266903
v -133.53229016 -81.06614993 2.20477574
v -133.05369478 -66.19478350 18.62285746
v -207.28934332 -7.92528315 65.23437764
v -214.70743785 -26.88181974 60.58339991
v -224.84873427 -7.59161754 42.56862249
v -75.79785577 -93.83750050 335.02965115
v -94.15494728 -106.29685849 339.36227042
v -75.30990324 -88.59043137 354.47804871
v -172.96445477 -85.85477749 92.38738737
v -148.77043172 -91.03279033 41.20753360
v -154.99719712 -101.97039225 18.53053520
v -138.95631632 -98.18356372 400.35392378
v -245.54973103 3.83718482 0.43370573
v -237.26508819 -11.08548111 13.25161253
v -244.03355889 -12.50666833 2.93763991
v 119.40393241 -95.17165256 296.46046746
v -207.28579371 121.56970362 1.87075725
v -232.30964372 108.92902231 3.70108695
v 1.61447555 -23.17953359 520.03971216
v -228.38238542 -29.88880259 8.94781273
v -238.89227694 -31.27458782 1.37801885
v 90.56712470 -62.54926615 378.07485606
v -229.49506587 -19.00956477 27.41302670
v -219.45530330 -41.12772704 36.00430515
v -225.20078191 -30.59107710 16.19172118
v -62.61923143 155.09630631 707.59795856
v -41.07975343 163.13123241 713.38249398
v -208.59547129 -87.69215801 752.92906259
v -219.55651308 -59.16867639 758.87267761
v 1.32722156 156.34560447 693.37015463
v 23.21777854 145.93858689 663.82040844
v 32.55587195 157.23226731 686.14691273
v -89.01084372 127.90263461 639.19154790
v -75.64059907 130.26780598 657.11311374
v -94.85552892 130.69690923 664.92735338
v 12.55704057 124.33117978 605.89365621
v 4.59188829 122.23381285 621.36031069
v 2.64178956 141.69234980 670.97988803
v -13.10700700 154.36104787 693.43783754
v -155.35646210 -140.93958846 971.17454146
v -168.50059814 -131.03657906 970.54836851
v -136.65343604 -170.95152545 1067.85132489
v -179.18262708 -153.85102448 1073.03502783
v -138.53501126 -166.19853015 1051.35530385
v -122.25039050 -176.77383735 1055.32443528
v -153.25188075 -167.37563789 1037.72268966
v -76.64475948 70.52961542 477.03660153
v -79.39861912 65.28363138 461.95462857
v -67.84598286 60.32237821 460.29253278
v -33.27379581 22.76602596 424.83517404
v -38.11155665 127.88296931 673.36437613
v -52.73632644 132.90414637 673.18028539
v -51.63046575 125.74414618 652.24176899
v -190.93159836 -127.08941913 876.12538318
v -17.76330707 114.00334719 656.46778391
v -7.33812634 117.53284607 645.14929264
v -221.85210166 -71.74855468 1039.58565725
v -65.18120006 29.64391714 398.40011839
v -65.28044315 43.04560373 425.20021069
v -51.41019164 41.08564966 432.09620249
v -47.79076459 32.25670787 415.28401838
v -167.92351671 -162.97549845 1120.14496742
v -183.11728530 -153.81075616 1115.38189126
v -135.79889384 -27.16505961 20.86663446
v -135.56036305 -27.74452177 4.36368543
v -135.39812227 -38.53681046 29.39087430
v -42.68599017 49.40329161 465.69330268
v -147.58369786 19.92126436 33.73428728
v -147.52670044 12.45342838 55.78373573
v -137.15371315 -71.59367488 39.82455129
v -135.63411363 -57.75993721 59.15117850
v -202.37239404 -26.40792658 172.38873127
v -190.94436095 -9.98804848 173.88126692
v -151.21999406 -94.39429011 1.04038330
v -156.75688325 -100.93084441 3.50945517
v -140.34671732 -93.57791120 3.81083060
v -146.12023234 9.90604985 6.07938270
v -219.68264787 -104.00824967 1055.88521398
v -144.66556994 -92.13387870 33.16031581
v -224.22168044 -93.48786212 1075.69628738
v -217.22210194 -117.81366008 1078.02468906
v -205.88794760 -132.50847306 1067.78704203
v -205.82665498 -116.64546725 1046.30073733
v -216.76870583 -95.95445123 1043.08617993
v -205.48710512 -95.93366362 1031.15491625
v -132.47308726 -56.88444862 82.70858566
v -128.52987484 -46.40027202 90.44571154
v -152.48903743 33.83929552 41.36292098
v -151.67122857 21.03026807 53.98353920
v -126.73708544 -12.28387195 98.62294534
v -121.08919544 -23.71074296 104.02553338
v -192.44581893 -114.07571645 1037.02013350
v -193.17564491 -108.91759438 1030.84590231
v -187.83878918 -118.80652222 1031.85440472
v -177.03274522 -131.02637171 1039.32934234
v -152.47664602 13.44543621 66.71780904
v -182.43947058 4.68018264 95.00560632
v -54.98247006 -9.86643175 352.15913833
v -160.64876183 -146.31863551 1045.26581906
v -133.88775934 -13.34281014 80.80479413
v -108.63084058 -187.04341076 1050.55434912
v -163.42274315 92.30587957 2.21917781
v -138.33631775 -165.16014734 1059.16697985
v -164.74346071 73.70218938 31.56757498
v -156.29844398 69.18120956 17.46004388
v -151.39459690 -153.72669142 1054.35268536
v -174.70128779 -151.14768529 1063.72108369
v -163.61313692 -166.35945976 1096.08193702
v -187.52995757 -152.55889104 1090.72096758
v -161.14398250 44.16736340 1.90214374
v 62.96471620 -153.87032470 739.74252300
v 77.50553381 -157.44365198 760.33878371
v -182.97683295 -144.85963009 1135.05211280
v -87.36286324 10.48403627 277.40849560
v -203.96787645 -134.31533858 1104.70801932
v -193.68126771 -133.73237598 1126.37056384
v -203.47550882 -121.12475491 1118.51367310
v -170.09200912 -94.34737207 45.66218118
v -172.57829042 -83.98056165 68.50353944
v 66.87744681 -161.56712841 771.24981980
v 66.94409186 -164.11662533 790.93498233
v -215.18128509 -112.71262209 1100.49588125
v -141.95407485 -72.51548142 65.54899103
v -215.92559505 -89.34680461 1106.95611159
v 50.43381106 -166.55397596 775.56585907
v -222.74060388 -82.79972410 1101.10022640
v -180.26743329 -96.96058166 1.18328868
v -204.80281370 -137.19836390 1090.77241582
v -169.33462274 -102.56833377 20.21002696
v -198.98809459 -129.38802989 1131.12285230
v -190.02463945 -138.27601876 1138.09423136
v -207.65882440 -134.15766449 1144.25902489
v -142.18950802 4.74514528 152.42159968
v -128.70138668 -17.00118803 91.45785988
v -193.30125225 -136.92206461 1057.74337189
v -188.79247740 -5.42745948 148.34344350
v -172.67068703 -134.83318205 1044.76815135
v -185.09977793 -125.92599775 1042.14522032
v -164.20856115 -144.30989094 1051.22759514
v -156.48132472 54.35173893 34.75146820
v -155.34504437 55.29648922 13.27249444
v -156.79615626 42.88506888 4.15871810
v -153.80034412 30.08230502 11.61152610
v -177.97590151 63.11370661 42.89217401
v -176.80002038 91.42482687 26.31424370
v -157.78932424 43.89456887 44.75680336
v -164.49496342 50.69260285 45.20528655
v 60.14150960 -145.94714863 715.85439236
v 48.88648835 -140.29624695 705.02425815
v -153.59719511 11.11349795 232.60718916
v -156.47828682 6.64993233 220.12937314
v -138.49349193 -25.78126454 1.83339374
v -144.15813745 -2.79831069 2.51576000
v -155.48507111 28.67610551 2.47455188
v -149.77376150 16.98212379 3.37551467
v -201.27421437 -55.55734178 109.78373470
v -193.14215151 -68.76616522 107.80976997
v -215.68157939 -36.83033485 55.49536537
v -226.93474523 -17.13234695 38.66695097
v -211.68182081 -36.29528053 69.46159779
v -248.81515776 69.66566216 17.66735186
v -218.44232916 61.35446519 38.26796563
v -242.19221116 53.09954877 26.24758878
v -81.12620140 52.49150751 437.53174941
v -230.57645422 36.65356793 35.50414886
v -120.73413880 -44.63369883 105.97844210
v -236.75679424 -12.90602069 878.66761497
v -244.13985684 13.64739673 23.02976727
v -145.25727808 7.58930081 72.98489805
v -53.85100879 -16.51774298 330.02455330
v -235.51198260 -42.63368450 919.17510129
v -234.90816263 4.73955162 32.10534535
v -139.10408450 -15.00917057 60.11099808
v -142.57101432 3.47248669 69.79494059
v -228.19993867 -67.80190363 926.50277211
v -208.22116469 -34.93282869 227.04591676
v -214.76007276 -94.48758397 937.21232247
v -210.59968273 -15.29426200 585.80378685
v -215.36538410 -92.79325247 925.91396689
v -189.96796009 -122.26051468 950.18558223
v -167.32546313 -144.21942057 978.97106092
v -145.32605770 -146.48468882 970.38533319
v -62.01052585 -50.81807826 265.94203400
v -136.15590445 -63.41901718 1.49389320
v -88.57704769 -108.57426688 311.92597243
v -141.95456930 -94.55081777 16.68127212
v -180.22376992 -137.86691647 864.90673971
v -196.13365913 -124.62929878 851.96143542
v -245.52951031 35.56121612 24.36893979
v 152.12297433 145.09705034 798.07856393
v -205.72670468 -32.03984985 90.18544641
v -187.23480444 41.38461506 51.49503962
v -205.26673244 63.72568866 42.48471205
v -192.40456248 72.24958682 40.44075901
v -216.18637261 7.74507551 47.31196906
v -199.80990854 5.65094135 67.04660933
v -177.56623729 118.90056450 5.00024001
v -176.75588523 105.29383928 17.31488001
v -147.58208304 -106.20567678 367.16052307
v -138.62664845 -110.43132499 352.66279606
v -149.73559058 -119.05374381 337.73010380
v -122.91830365 -96.07202344 393.51041977
v -145.69289329 -101.37603047 386.12695338
v -5.35595676 187.91952110 737.30593636
v 14.04565286 171.30137040 714.07417768
v -161.76124349 67.94087673 33.67082412
v -134.41233860 -124.97856142 310.41427532
v -8.57010925 169.34934105 712.81843676
v -11.88687175 133.90495861 671.50385289
v 12.68605167 137.39541986 650.49723215
v 15.00936122 133.70002893 631.90270827
v -0.53043989 126.12028827 646.71493676
v -214.11997040 -61.46225422 667.42513252
v -17.36219634 100.05189792 635.66907785
v -25.03240208 108.96607464 649.22029172
v -179.49668890 -81.30621796 99.02293734
v -194.53425924 -65.31615359 90.71154036
v -25.71634222 118.46356033 664.38142596
v -184.82745135 -97.91526934 17.50979494
v -190.25251086 -92.28784516 24.77001714
v -180.31134960 -96.08940356 31.69327262
v -221.16990167 31.67720575 731.10754347
v -46.90622581 119.08526918 623.96048694
v -34.50215686 111.45684800 616.19091400
v -106.96366146 -100.50172740 365.61495212
v -54.93419205 119.24193490 605.83792603
v -39.60746941 108.85109885 600.49263845
v -195.71352148 74.45649844 670.69550142
v -207.54245731 -49.39124541 73.72907638
v -60.87101410 119.85869402 602.15231182
v -178.16736295 82.50705674 615.91137204
v -80.98757829 116.72754767 593.12458963
v -126.47269003 -101.50433199 364.91310589
v -124.82049382 -102.84378835 380.13040212
v -98.41673467 115.98152884 594.05623519
v -102.91548883 120.51584912 611.82393484
v -86.28494063 127.18034708 623.42519914
v -112.57999495 122.61277698 644.79801883
v -217.78484032 -56.85031777 8.81092923
v -114.52234029 126.78880806 678.50392423
v -141.69056027 114.00993861 663.09846032
v -133.12778548 112.87187103 624.51395967
v -170.48061052 97.27402681 645.13927706
v -163.43790380 99.47328346 631.25966783
v -132.82079473 107.46171149 598.57545682
v -252.72908007 81.03409437 3.28924485
v -257.21425752 62.00016474 3.08259021
v -186.64858550 83.18826082 648.59293909
v -174.01025567 95.87213688 665.67866142
v -178.48035641 93.67007334 688.09827594
v -199.54862013 71.71620323 696.92130552
v -55.47089883 -20.62203854 307.16693501
v -54.12820029 -44.29540915 300.51346341
v -209.67052872 55.13068435 701.54813273
v -191.85070884 77.50471304 736.38528043
v -207.47290796 57.97421859 731.30623711
v -213.44671573 48.69681324 713.44585159
v -227.73404200 3.84971560 747.30763155
v -229.43787475 -9.08051417 741.18667477
v -228.41400476 -19.25941297 762.73085518
v -230.64645961 -21.02791963 736.38055101
v -230.10867763 -8.60852811 719.67697341
v -215.15748309 -80.94763132 2.77383774
v -222.09464744 -50.51392202 770.09912410
v -220.91246806 -59.22659338 782.55511904
v -207.85283912 -89.61879118 781.53022658
v -193.67764446 -112.57440220 760.27360929
v -194.91767028 -80.63685624 40.78690650
v -193.60605250 -72.71026940 61.36745265
v -183.08415597 -80.89763660 65.16701996
v -203.65730678 -99.11464601 799.02669050
v -227.99150932 -22.48122192 778.01586236
v -209.03601318 -26.78438636 116.07750274
v -205.80032927 -31.72827767 102.08828230
v -207.88065704 53.21051545 767.07033745
v -198.26377029 68.70968833 748.32597485
v -188.20197863 29.65229756 57.49564794
v -170.75258490 14.27695909 72.34885048
v -183.41586173 11.95360017 74.04101575
v -175.79960797 100.71539793 756.59978680
v -165.00280057 110.92555886 747.23594337
v -173.18019260 97.70892557 725.61301886
v -164.74895759 105.14251250 717.79342414
v -143.94432362 122.70063532 722.13617997
v -212.14713010 30.18753317 47.33674819
v -152.28229529 124.54299946 746.42720553
v -149.19224636 7.58095595 81.92670743
v -132.28657442 135.95505753 731.81022645
v 143.72715656 47.61558147 292.26921895
v -130.10203544 128.27195704 711.78429935
v -118.76378220 141.02513761 722.24997653
v -112.41093684 135.00108937 699.39867025
v -142.38183089 117.89490915 693.12060463
v -250.44680686 24.80677235 14.61485686
v -127.61680733 120.78368487 678.56247789
v -138.48853883 -0.32042085 87.23131768
v -56.96727643 -26.20584836 294.60182769
v -58.41402816 49.12958431 440.35037654
v -98.93954103 147.29192643 713.89373215
v -92.15443536 135.42106546 683.00514201
v -78.37694531 149.84424192 705.92157167
v -59.38286487 147.32356173 697.38863080
v -252.48435507 48.04714596 0.45175579
v -27.90009320 152.94808741 698.00490918
v -42.81444863 136.28994647 681.95597331
v -28.30860527 135.47995679 680.96884359
v -64.96318963 128.50885077 643.65952671
v -202.21978669 35.41254619 50.92521470
v -72.58803510 136.25289561 679.70604528
v -163.94133138 103.24918227 688.68770236
v -158.73018302 107.44443813 705.59934808
v -109.95831292 -117.97266270 314.23500971
v 57.82567545 153.26565965 671.19722863
v -191.75057618 12.11102985 69.71576997
v -244.88366526 97.81410081 3.93022085
v -229.70258330 94.10259959 15.03380177
v -244.03927220 80.00499676 16.41472378
v -200.96509660 -66.02787007 51.90383764
v -256.73202455 40.79107049 2.93503445
v -252.86030330 46.02921263 16.83365458
v -208.64135746 -41.58524803 168.28275861
v -62.29381572 -17.35394210 285.18472969
v -154.99676968 51.19529430 25.94959604
v -160.30190494 26.15721566 54.39076617
v -134.02977077 -82.54682813 13.88810169
v -135.76232083 -43.72402483 1.74362911
v -67.81183959 -86.12200685 330.50585812
v -191.03824931 -93.01272139 3.04981527
v -201.87874753 18.35400530 57.70679822
v -210.43665207 -71.13169836 18.01887676
v -204.17865933 -82.90985405 15.72702695
v -192.98887138 2.43179996 82.52823007
v -197.78898952 -10.84816680 102.46165297
v -198.42775209 -3.26326041 79.30412337
v 49.54312544 -178.10204141 823.37484215
v -212.43136961 -63.60470896 18.54378858
v -180.81565034 -80.84853468 80.70379798
v -252.19216071 22.42850027 1.86936503
v -232.00675007 -44.28941693 2.68711888
v -219.27344043 81.85005095 27.60352853
v -28.76484988 -164.76927130 722.67619150
v -200.38762535 -55.22919705 90.99687011
v -135.04102929 -0.64710139 110.48423057
v -141.15481008 -12.07389348 19.69579460
v -145.76960130 -1.73787194 11.00037277
f 31 32 33
f 33 37 31
f 45 31 37
f 45 37 46
f 56 45 46
f 56 46 63
f 56 63 11
f 10 56 11
f 10 11 12
f 78 10 12
f 12 83 78
f 83 84 78
f 78 84 91
f 78 91 97
f 103 97 91
f 91 106 103
f 103 106 113
f 120 103 113
f 120 113 128
f 128 129 120
f 45 120 129
f 129 139 45
f 139 144 45
f 139 151 144
f 160 144 151
f 164 160 151
f 151 168 164
f 168 172 164
f 164 172 183
f 183 190 164
f 183 193 190
f 196 190 193
f 206 196 193
f 193 210 206
f 228 206 210
f 210 232 228
f 228 232 248
f 248 254 228
f 265 254 248
f 276 265 248
f 248 287 276
f 293 276 287
f 298 293 287
f 298 287 299
f 313 298 299
f 313 299 323
f 323 332 313
f 335 313 332
f 335 332 341
f 351 335 341
f 361 351 341
f 361 341 365
f 361 365 373
f 380 361 373
f 380 373 389
f 380 389 113
f 380 113 408
f 408 415 380
f 415 408 419
f 423 415 419
f 423 419 431
f 24 423 431
f 431 438 24
f 438 22 24
f 22 23 24
f 446 24 23
f 455 446 23
f 23 456 455
f 456 467 455
f 467 472 455
f 293 455 472
f 487 293 472
f 487 472 498
f 498 502 487
f 502 510 487
f 487 510 511
f 511 510 276
f 502 528 510
f 537 510 528
f 540 537 528
f 551 540 528
f 558 551 528
f 572 551 558
f 576 572 558
f 583 576 558
f 583 558 502
f 502 595 583
f 601 583 595
f 609 601 595
f 595 456 609
f 615 609 456
f 456 624 615
f 624 636 615
f 646 615 636
f 647 646 636
f 647 636 650
f 650 661 647
f 661 665 647
f 673 647 665
f 665 674 673
f 682 673 674
f 682 674 689
f 695 682 689
f 695 689 701
f 701 709 695
f 695 709 713
f 713 718 695
f 718 713 719
f 718 719 682
f 719 713 731
f 719 731 736
f 719 736 673
f 736 731 745
f 745 751 736
f 736 751 647
f 757 751 745
f 761 757 745
f 767 761 745
f 767 745 773
f 773 780 767
f 572 767 780
f 780 789 572
f 789 780 796
f 800 789 796
f 796 806 800
f 800 806 810
f 810 811 800
f 813 800 811
f 811 820 813
f 820 826 813
f 813 826 830
f 813 830 839
f 830 846 839
f 839 846 789
f 789 846 551
f 551 846 862
f 869 862 846
f 869 874 862
f 862 874 878
f 878 540 862
f 891 878 874
f 874 898 891
f 898 899 891
f 899 902 891
f 891 902 908
f 911 891 908
f 911 908 915
f 915 265 911
f 911 265 537
f 537 878 911
f 933 915 908
f 933 937 915
f 937 254 915
f 937 206 254
f 948 937 933
f 948 933 902
f 948 902 861
f 861 965 948
f 965 966 948
f 966 970 948
f 948 970 196
f 970 966 978
f 978 190 970
f 160 190 978
f 1002 978 966
f 1006 1002 966
f 1006 1009 1002
f 32 1002 1009
f 1020 32 1009
f 822 1020 1009
f 1020 822 1032
f 1044 1020 1032
f 1032 1049 1044
f 1044 1049 1059
f 1060 1044 1059
f 1059 1067 1060
f 1060 1067 1073
f 1073 1076 1060
f 1073 1080 1076
f 1080 1090 1076
f 1076 1090 1044
f 1080 33 1090
f 1090 33 1020
f 46 33 1080
f 1073 46 1080
f 1122 1073 1067
f 1067 1126 1122
f 1132 1122 1126
f 1132 1126 1136
f 1145 1132 1136
f 1136 1146 1145
f 1145 1146 1153
f 1145 1153 1157
f 1157 1170 1145
f 1170 1157 1171
f 1171 1179 1170
f 1179 1185 1170
f 1170 1185 1122
f 1179 1197 1185
f 1197 63 1185
f 1073 1185 63
f 12 1197 1179
f 1179 1171 12
f 1171 1227 12
f 1157 1227 1171
f 1238 1227 1157
f 1227 1238 1239
f 1239 83 1227
f 1239 1248 83
f 1248 1257 83
f 1257 1248 22
f 1271 22 1248
f 1272 1271 1248
f 1276 1272 1248
f 1276 1286 1272
f 1286 1291 1272
f 1294 1272 1291
f 1294 1291 1238
f 1294 1238 1153
f 1153 1322 1294
f 1326 1294 1322
f 1326 1322 1337
f 1338 1326 1337
f 1338 1337 1345
f 1350 1338 1345
f 1350 1345 1355
f 1359 1350 1355
f 1367 1359 1355
f 1355 1374 1367
f 1377 1367 1374
f 1377 1374 1381
f 1377 1381 1385
f 1385 1391 1377
f 1391 1396 1377
f 1391 1400 1396
f 1396 1400 1411
f 1396 1411 1414
f 1396 1414 1359
f 1414 1422 1359
f 1422 1425 1359
f 1422 1430 1425
f 1338 1425 1430
f 1430 1435 1338
f 1435 1430 665
f 1444 1430 1422
f 1444 674 1430
f 1455 674 1444
f 1455 1444 1414
f 1463 1455 1414
f 1414 1467 1463
f 1470 1463 1467
f 1480 1470 1467
f 1467 1484 1480
f 1480 1484 900
f 900 892 1480
f 901 892 900
f 900 873 901
f 873 835 901
f 873 214 835
f 214 262 835
f 262 834 835
f 835 834 893
f 892 835 893
f 936 892 893
f 882 936 893
f 882 893 909
f 909 910 882
f 882 910 883
f 882 883 701
f 883 910 919
f 883 919 709
f 709 919 806
f 709 806 945
f 945 806 773
f 945 773 731
f 910 920 919
f 810 919 920
f 910 958 920
f 958 959 920
f 920 959 811
f 958 1384 959
f 1384 1351 959
f 953 959 1351
f 1351 817 953
f 952 953 817
f 817 1375 952
f 1375 1065 952
f 952 1065 1066
f 1065 1025 1066
f 1026 1066 1025
f 1025 990 1026
f 992 1026 990
f 990 991 992
f 992 991 1052
f 992 1052 826
f 1052 991 869
f 1052 869 830
f 990 1074 991
f 991 1074 1075
f 991 1075 1035
f 991 1035 1036
f 991 1036 874
f 1093 1036 1035
f 1093 1035 1147
f 1147 1120 1093
f 1087 1093 1120
f 1120 1121 1087
f 1121 1088 1087
f 1087 1088 1089
f 1087 1089 899
f 1089 860 899
f 899 860 861
f 860 823 861
f 823 860 821
f 821 822 823
f 823 822 965
f 822 1006 965
f 821 860 847
f 821 847 848
f 848 1032 821
f 848 847 1211
f 1211 1049 848
f 1174 1049 1211
f 1211 1175 1174
f 1173 1174 1175
f 1175 1233 1173
f 1232 1173 1233
f 1233 1290 1232
f 1253 1232 1290
f 1253 1290 1217
f 1252 1253 1217
f 1216 1252 1217
f 1215 1216 1217
f 1274 1215 1217
f 1217 1273 1274
f 1342 1274 1273
f 1273 1301 1342
f 1300 1342 1301
f 1266 1300 1301
f 1301 1267 1266
f 1265 1266 1267
f 1265 1267 1328
f 1265 1328 1329
f 1265 1329 1630
f 1630 1636 1265
f 1640 1636 1630
f 1314 1640 1630
f 1314 1630 1312
f 1312 1313 1314
f 1313 1424 1314
f 1314 1424 1654
f 1395 1654 1424
f 1134 1395 1424
f 1424 1065 1134
f 1363 1395 1134
f 1134 1364 1363
f 1362 1363 1364
f 1415 1362 1364
f 1133 1415 1364
f 1458 1415 1133
f 1431 1458 1133
f 1431 1133 1114
f 1431 1114 1405
f 1404 1431 1405
f 741 1404 1405
f 1446 741 1405
f 1445 741 1446
f 1445 1446 1492
f 1466 1445 1492
f 1492 1018 1466
f 1018 1439 1466
f 1438 1466 1439
f 714 1438 1439
f 1201 714 1439
f 1439 1485 1201
f 1485 1161 1201
f 1201 1161 732
f 1163 732 1161
f 1161 1162 1163
f 1163 1162 1474
f 1163 1474 1187
f 1187 1186 1163
f 1186 1187 1188
f 1186 1188 416
f 51 1186 416
f 38 51 416
f 51 38 52
f 50 51 52
f 400 50 52
f 437 50 400
f 399 437 400
f 40 399 400
f 38 40 400
f 38 39 40
f 68 40 39
f 39 90 68
f 90 67 68
f 67 27 68
f 26 68 27
f 25 26 27
f 80 25 27
f 27 79 80
f 99 80 79
f 79 133 99
f 133 98 99
f 98 3 99
f 1 3 98
f 1 2 3
f 3 2 121
f 121 122 3
f 122 182 3
f 80 3 182
f 182 143 80
f 109 80 143
f 107 109 143
f 107 108 109
f 447 109 108
f 108 237 447
f 236 447 237
f 236 237 238
f 1747 236 238
f 1747 238 1753
f 1747 1753 218
f 1759 1747 218
f 217 1759 218
f 217 218 219
f 219 309 217
f 217 309 263
f 217 263 200
f 263 264 200
f 200 264 201
f 200 201 202
f 295 200 202
f 294 295 202
f 294 202 369
f 369 327 294
f 277 294 327
f 327 328 277
f 277 328 278
f 277 278 279
f 353 279 278
f 278 352 353
f 353 352 430
f 353 430 388
f 387 353 388
f 387 388 336
f 387 336 295
f 295 336 337
f 460 337 336
f 336 792 460
f 460 792 461
f 460 461 462
f 462 461 1747
f 792 521 461
f 461 521 448
f 461 448 236
f 521 449 448
f 447 448 449
f 479 449 521
f 13 479 521
f 13 480 479
f 479 480 437
f 15 480 13
f 13 14 15
f 15 14 506
f 15 506 507
f 530 507 506
f 529 530 506
f 388 529 506
f 529 489 530
f 430 489 529
f 430 488 489
f 489 488 562
f 489 562 563
f 489 563 507
f 507 563 541
f 541 542 507
f 507 542 480
f 542 50 480
f 541 165 542
f 51 542 165
f 51 165 166
f 678 166 165
f 678 165 191
f 153 678 191
f 191 192 153
f 153 192 154
f 152 153 154
f 667 152 154
f 154 666 667
f 667 666 726
f 667 726 693
f 667 693 657
f 657 693 694
f 657 694 658
f 656 657 658
f 715 656 658
f 658 714 715
f 702 715 714
f 703 702 714
f 714 732 703
f 166 703 732
f 732 1186 166
f 678 702 703
f 715 702 153
f 715 152 656
f 656 152 657
f 771 658 694
f 694 772 771
f 771 772 740
f 771 740 739
f 739 740 741
f 1415 740 772
f 772 1777 1415
f 1777 1782 1415
f 772 1782 1777
f 1782 772 765
f 765 1781 1782
f 1787 1782 1781
f 1781 1853 1787
f 1853 975 1787
f 1786 1787 975
f 975 1856 1786
f 1786 1856 1857
f 1786 1857 1705
f 1790 1786 1705
f 1705 1701 1790
f 1790 1701 1787
f 1701 1700 1787
f 1700 1701 1363
f 1701 1705 1363
f 1705 1857 1712
f 1712 1706 1705
f 1705 1706 1707
f 1707 1395 1705
f 1707 1706 1640
f 1707 1640 1654
f 1711 1706 1712
f 1711 1712 1872
f 1872 1876 1711
f 1876 1266 1711
f 1636 1711 1266
f 1872 1341 1876
f 1341 1300 1876
f 1341 1340 1300
f 1339 1340 1341
f 1617 1340 1339
f 1264 1617 1339
f 1264 1339 1262
f 1262 1263 1264
f 1894 1264 1263
f 1263 1634 1894
f 1516 1894 1634
f 1516 1634 1635
f 1904 1516 1635
f 1635 1310 1904
f 1309 1904 1310
f 1309 1310 1311
f 1311 1735 1309
f 1680 1309 1735
f 1734 1680 1735
f 1733 1734 1735
f 1735 1920 1733
f 1746 1733 1920
f 1920 1745 1746
f 1745 611 1746
f 1746 611 555
f 1765 1746 555
f 1765 555 1766
f 1764 1765 1766
f 1939 1764 1766
f 1770 1764 1939
f 1939 1769 1770
f 1769 527 1770
f 1770 527 1827
f 527 176 1827
f 1827 176 1828
f 1826 1827 1828
f 1826 1828 296
f 296 1832 1826
f 1831 1826 1832
f 1831 1832 339
f 1952 1831 339
f 1836 1952 339
f 1836 339 1837
f 1667 1836 1837
f 1958 1667 1837
f 1837 1842 1958
f 1841 1958 1842
f 1821 1841 1842
f 1537 1821 1842
f 1842 1538 1537
f 1537 1538 1539
f 1791 1537 1539
f 1548 1791 1539
f 1539 401 1548
f 1547 1548 401
f 1558 1547 401
f 1558 401 1968
f 1968 1559 1558
f 1557 1558 1559
f 1557 1559 1793
f 1565 1557 1793
f 1565 1793 1566
f 1565 1566 1567
f 1797 1565 1567
f 1974 1797 1567
f 1974 1567 1718
f 1717 1974 1718
f 1716 1717 1718
f 1716 1718 1981
f 1981 782 1716
f 1716 782 794
f 1716 794 1722
f 1722 794 1984
f 1722 1984 18
f 18 1726 1722
f 1726 1727 1722
f 1717 1722 1727
f 1717 1727 1731
f 1731 1727 1732
f 1731 1732 124
f 124 1809 1731
f 1974 1731 1809
f 1809 1810 1974
f 1809 124 1810
f 124 1997 1810
f 1997 1547 1810
f 1547 1813 1810
f 1810 1813 1797
f 1818 1547 1997
f 1997 112 1818
f 112 1817 1818
f 1817 1791 1818
f 1822 1791 1817
f 1822 1817 2007
f 2007 1820 1822
f 1820 1821 1822
f 1820 1518 1821
f 1518 1820 1519
f 1517 1518 1519
f 1517 1519 2013
f 1517 2013 1523
f 1524 1517 1523
f 1523 660 1524
f 660 955 1524
f 1528 1524 955
f 955 1417 1528
f 1528 1417 1529
f 2018 1528 1529
f 2018 1529 865
f 2018 865 1518
f 1518 865 1533
f 1533 1841 1518
f 1533 1663 1841
f 1661 1663 1533
f 1661 1662 1663
f 1668 1663 1662
f 1662 827 1668
f 827 1669 1668
f 1667 1668 1669
f 1669 1675 1667
f 1675 2032 1667
f 1674 2032 1675
f 1673 1674 1675
f 1673 1681 1674
f 1681 2036 1674
f 2036 1681 1680
f 1679 1680 1681
f 2041 1679 1681
f 2041 1681 1570
f 1569 2041 1570
f 1569 1570 1571
f 1571 613 1569
f 1569 613 2044
f 1578 2044 613
f 613 1577 1578
f 1578 1577 1804
f 1578 1804 1588
f 1588 1804 1586
f 1586 1587 1588
f 1587 1504 1588
f 1588 1504 2041
f 1588 2041 2044
f 1497 1504 1587
f 1808 1497 1587
f 1808 2052 1497
f 1497 2052 1498
f 1497 1498 1499
f 1498 1508 1499
f 1499 1508 1510
f 1499 1510 1503
f 1499 1503 1504
f 1504 1503 1679
f 1503 1510 1309
f 1510 1509 1309
f 1508 1509 1510
f 1508 2060 1509
f 2060 1516 1509
f 2060 1514 1516
f 1514 1515 1516
f 1514 1626 1515
f 1515 1626 2066
f 2066 1617 1515
f 1515 1617 1618
f 1515 1618 1894
f 1215 2066 1626
f 1215 1626 1625
f 1624 1625 1626
f 2074 1625 1624
f 1639 2074 1624
f 1639 1624 1637
f 1637 1638 1639
f 1639 1638 2078
f 1638 1652 2078
f 1651 2078 1652
f 1651 1652 1653
f 1484 1651 1653
f 1737 1484 1653
f 1653 1738 1737
f 1736 1737 1738
f 1738 2089 1736
f 1752 1736 2089
f 2089 1751 1752
f 1751 315 1752
f 315 215 1752
f 2098 1752 215
f 215 214 2098
f 214 215 216
f 216 2099 214
f 2099 260 214
f 2099 261 260
f 260 261 262
f 2108 262 261
f 1682 2108 261
f 1683 1682 261
f 1682 1683 1601
f 1682 1601 1688
f 1682 1688 2111
f 2111 1688 910
f 1687 910 1688
f 1692 1687 1688
f 1600 1692 1688
f 1600 1693 1692
f 1692 1693 1384
f 818 1384 1693
f 2116 818 1693
f 1071 2116 1693
f 1071 1693 1696
f 2121 1071 1696
f 2121 1696 1600
f 1602 2121 1600
f 1600 1601 1602
f 1608 1602 1601
f 1608 2123 1602
f 1607 2123 1608
f 1606 1607 1608
f 1606 1608 1683
f 1606 1683 2099
f 1611 1607 1606
f 1611 1606 1612
f 1612 971 1611
f 971 1615 1611
f 1615 1616 1611
f 1615 888 1616
f 1616 888 1070
f 1616 1070 2123
f 2123 1070 1072
f 2123 1072 2121
f 1070 1071 1072
f 1070 2132 1071
f 2132 1091 1071
f 2132 1092 1091
f 819 1091 1092
f 1092 2136 819
f 1113 819 2136
f 2136 1114 1113
f 1112 1113 1114
f 1113 1112 2141
f 1135 2141 1112
f 1133 1135 1112
f 1133 1134 1135
f 1375 1135 1134
f 1135 817 2141
f 819 2141 817
f 817 818 819
f 1114 2136 1446
f 1446 2136 845
f 845 844 1446
f 843 844 845
f 845 2152 843
f 867 843 2152
f 867 2152 868
f 866 867 868
f 868 2158 866
f 2158 890 866
f 889 866 890
f 888 889 890
f 888 890 2164
f 549 889 888
f 550 549 888
f 266 549 550
f 266 550 1615
f 266 580 549
f 580 582 549
f 580 581 582
f 581 2179 582
f 607 582 2179
f 2179 608 607
f 606 607 608
f 608 1427 606
f 1427 2191 606
f 606 2191 634
f 606 634 635
f 867 635 634
f 867 634 974
f 974 634 972
f 972 973 974
f 843 974 973
f 972 1000 973
f 973 1000 844
f 1000 1001 844
f 1492 844 1001
f 1001 1000 2213
f 2213 1019 1001
f 1018 1001 1019
f 1018 1019 1485
f 1048 1485 1019
f 1047 1485 1048
f 1047 1048 194
f 194 1429 1047
f 1474 1047 1429
f 1474 1429 1428
f 1428 1429 185
f 185 1443 1428
f 1428 1443 1442
f 1442 1187 1428
f 1441 1442 1443
f 1461 1441 1443
f 941 1441 1461
f 207 941 1461
f 207 1461 1462
f 1481 207 1462
f 1462 697 1481
f 697 1482 1481
f 1481 1482 1483
f 1483 208 1481
f 208 1483 209
f 207 208 209
f 209 1156 207
f 907 1156 209
f 253 907 209
f 209 252 253
f 291 253 252
f 252 2241 291
f 2241 292 291
f 290 291 292
f 292 539 290
f 539 321 290
f 321 320 290
f 320 321 322
f 320 322 1231
f 905 320 1231
f 1231 2248 905
f 905 2248 906
f 905 906 907
f 906 2255 907
f 2255 906 924
f 926 2255 924
f 924 925 926
f 926 925 941
f 1156 926 941
f 925 939 941
f 939 940 941
f 939 67 940
f 940 67 2261
f 940 2261 1441
f 67 939 79
f 939 925 133
f 1349 133 925
f 133 1349 1
f 1348 1 1349
f 1348 1349 924
f 924 1373 1348
f 1373 1372 1348
f 1371 1372 1373
f 1371 1373 2270
f 1388 1371 2270
f 2270 1389 1388
f 1388 1389 1390
f 1390 675 1388
f 1388 675 1412
f 1412 1413 1388
f 1412 366 1413
f 117 1413 366
f 117 366 118
f 117 118 119
f 1371 117 119
f 2 1371 119
f 138 119 118
f 118 137 138
f 137 2293 138
f 2293 162 138
f 2293 163 162
f 161 162 163
f 163 188 161
f 2299 161 188
f 187 2299 188
f 187 188 189
f 189 2305 187
f 2305 663 187
f 2305 664 663
f 662 663 664
f 664 2308 662
f 2308 688 662
f 662 688 687
f 686 687 688
f 688 2313 686
f 686 2313 712
f 711 686 712
f 710 711 712
f 710 712 2317
f 2317 2320 710
f 710 2320 729
f 710 729 730
f 730 219 710
f 349 730 729
f 729 350 349
f 348 349 350
f 350 1247 348
f 379 348 1247
f 379 1247 377
f 377 378 379
f 414 379 378
f 414 378 500
f 414 500 412
f 412 413 414
f 434 414 413
f 434 413 2335
f 264 434 2335
f 434 264 309
f 434 309 349
f 413 35 2335
f 34 2335 35
f 34 35 36
f 36 60 34
f 34 60 327
f 60 36 61
f 60 61 62
f 62 328 60
f 62 77 328
f 328 77 76
f 75 76 77
f 610 75 77
f 95 610 77
f 94 610 95
f 94 95 96
f 96 587 94
f 557 94 587
f 557 587 555
f 555 556 557
f 1939 555 587
f 587 471 1939
f 557 556 94
f 587 96 471
f 62 471 96
f 95 62 96
f 556 610 94
f 610 556 611
f 2364 610 611
f 610 2364 644
f 2364 645 644
f 643 644 645
f 645 788 643
f 976 643 788
f 788 977 976
f 975 976 977
f 2380 976 975
f 809 976 2380
f 2380 765 809
f 765 766 809
f 766 1028 809
f 644 809 1028
f 644 1028 75
f 1027 75 1028
f 726 1027 1028
f 1027 1058 75
f 1058 445 75
f 1058 749 445
f 445 749 488
f 488 352 445
f 488 749 750
f 749 154 750
f 749 1058 666
f 666 1058 1027
f 726 1028 766
f 765 693 766
f 977 788 1263
f 1263 788 787
f 809 643 976
f 787 788 645
f 1311 787 645
f 2410 787 1311
f 2410 1634 787
f 809 644 643
f 1311 645 2364
f 1920 1311 2364
f 644 75 610
f 76 75 445
f 445 278 76
f 95 77 62
f 61 471 62
f 61 36 471
f 2423 471 36
f 2423 36 499
f 501 2423 499
f 499 500 501
f 500 2427 501
f 2427 525 501
f 501 525 527
f 525 526 527
f 525 2436 526
f 2436 176 526
f 2436 177 176
f 176 177 178
f 178 177 280
f 178 280 1828
f 177 281 280
f 280 281 282
f 282 297 280
f 296 280 297
f 2444 297 282
f 2444 282 2447
f 2349 2444 2447
f 2349 2447 340
f 340 339 2349
f 338 339 340
f 340 355 338
f 354 338 355
f 354 355 1538
f 1538 355 2450
f 1538 2450 2289
f 1538 2289 402
f 402 2289 403
f 401 402 403
f 403 2289 417
f 417 418 403
f 1968 403 418
f 418 2300 1968
f 2300 2240 1968
f 30 2240 2300
f 28 30 2300
f 28 29 30
f 30 29 41
f 41 42 30
f 2463 30 42
f 2463 42 2467
f 2463 2467 1631
f 1631 2240 2463
f 1559 2240 1631
f 1631 1619 1559
f 1619 1631 1620
f 1619 1620 1621
f 1621 2478 1619
f 1793 1619 2478
f 717 2478 1621
f 1621 1641 717
f 1658 717 1641
f 1657 1658 1641
f 1643 1657 1641
f 1641 1642 1643
f 1643 1642 2480
f 1643 2480 2481
f 1760 1643 2481
f 1760 2481 2326
f 1760 2326 1761
f 1760 1761 1739
f 1760 1739 1657
f 1657 1739 1740
f 1657 1740 2495
f 2336 2495 1740
f 2336 1740 2498
f 2336 2498 204
f 203 2336 204
f 203 204 205
f 221 203 205
f 205 220 221
f 221 220 2502
f 2502 2422 221
f 2505 221 2422
f 704 2505 2422
f 704 2422 705
f 704 705 706
f 704 706 716
f 716 717 704
f 2513 716 706
f 2513 706 2431
f 1981 2513 2431
f 1981 2431 743
f 743 2431 744
f 742 743 744
f 744 752 742
f 752 753 742
f 742 753 1054
f 742 1054 781
f 1053 781 1054
f 1053 795 781
f 781 795 782
f 743 781 782
f 795 1053 793
f 793 794 795
f 794 793 993
f 993 793 1094
f 1094 1095 993
f 16 993 1095
f 16 1095 17
f 16 17 18
f 18 17 450
f 18 450 451
f 451 450 1037
f 167 451 1037
f 167 1037 2312
f 5 167 2312
f 5 2312 6
f 4 5 6
f 6 82 4
f 81 4 82
f 82 660 81
f 660 2411 81
f 2411 2321 81
f 110 81 2321
f 110 2321 111
f 110 111 112
f 110 112 124
f 123 110 124
f 110 123 2526
f 123 155 2526
f 4 2526 155
f 123 1732 155
f 155 1732 156
f 155 156 157
f 5 155 157
f 167 157 156
f 1726 167 156
f 112 111 1523
f 1523 111 2321
f 81 110 2526
f 2321 2411 1523
f 82 659 660
f 669 660 659
f 668 669 659
f 668 659 2540
f 668 2540 961
f 960 668 961
f 923 960 961
f 961 2543 923
f 923 2543 2546
f 923 2546 2547
f 2547 921 923
f 921 922 923
f 922 1376 923
f 922 1366 1376
f 1366 2161 1376
f 1376 2161 960
f 954 960 2161
f 2161 1418 954
f 1418 955 954
f 954 955 669
f 2161 1416 1418
f 1416 1417 1418
f 1417 1416 2256
f 2062 2256 1416
f 2062 1416 2557
f 1077 2062 2557
f 2557 1366 1077
f 1365 1077 1366
f 1448 1077 1365
f 1447 1448 1365
f 1365 2262 1447
f 2237 1447 2262
f 1406 2237 2262
f 1406 2262 921
f 1406 921 1407
f 1138 1406 1407
f 1407 1139 1138
f 1137 1138 1139
f 1139 491 1137
f 490 1137 491
f 490 491 492
f 509 490 492
f 508 509 492
f 543 508 492
f 492 849 543
f 849 850 543
f 543 850 2219
f 543 2219 544
f 543 544 545
f 545 565 543
f 545 564 565
f 565 564 894
f 565 894 508
f 564 509 894
f 564 2133 509
f 2133 1234 509
f 838 1234 2133
f 838 2133 2570
f 838 2570 836
f 836 837 838
f 837 928 838
f 927 838 928
f 2142 927 928
f 2577 2142 928
f 885 2577 928
f 1772 2577 885
f 884 1772 885
f 884 885 837
f 1331 884 837
f 1330 1331 837
f 1931 1331 1330
f 2579 1931 1330
f 2579 1330 2583
f 1270 2579 2583
f 2583 1268 1270
f 1268 1269 1270
f 1270 1269 1655
f 1655 1656 1270
f 1656 1655 1055
f 1055 2588 1656
f 1656 2588 2579
f 2588 1316 2579
f 1316 2588 1096
f 1096 1315 1316
f 1316 1315 1931
f 1096 1756 1315
f 1756 2327 1315
f 1331 1315 2327
f 2595 1331 2327
f 2327 1749 2595
f 1748 2595 1749
f 1748 1749 1750
f 1748 1750 1486
f 1748 1486 1773
f 1748 1773 2337
f 2606 1748 2337
f 2606 2337 884
f 1771 2337 1773
f 1772 2337 1771
f 1771 1488 1772
f 1771 1486 1488
f 1486 1487 1488
f 1487 2269 1488
f 2269 2609 1488
f 1488 2609 2577
f 1440 2609 2269
f 2269 1189 1440
f 1440 1189 1191
f 2142 1440 1191
f 1189 1190 1191
f 2279 1191 1190
f 2279 1190 2617
f 1475 2279 2617
f 1475 2617 1177
f 1475 1177 1476
f 490 1475 1476
f 927 1475 490
f 927 490 1234
f 1476 1177 2230
f 1137 1476 2230
f 1177 1176 2230
f 1176 1178 2230
f 2230 1178 1138
f 1176 1177 1178
f 1178 1177 1219
f 1219 1275 1178
f 1178 1275 2237
f 1178 2237 2632
f 1178 2632 1406
f 1219 1218 1275
f 1275 1218 1447
f 1218 1219 1220
f 1218 1220 2635
f 2635 1110 1218
f 1218 1110 1448
f 1110 1078 1448
f 1110 1111 1078
f 1078 1111 1079
f 1077 1078 1079
f 1111 903 1079
f 903 1154 1079
f 1154 1155 1079
f 1155 2062 1079
f 1124 2062 1155
f 1154 1124 1155
f 1154 1125 1124
f 1123 1124 1125
f 1125 829 1123
f 1123 829 828
f 1123 828 1662
f 864 1123 1662
f 863 1123 864
f 863 864 865
f 865 864 1661
f 827 828 829
f 829 1571 827
f 829 614 1571
f 2021 614 829
f 2021 829 904
f 876 2021 904
f 903 876 904
f 903 877 876
f 875 876 877
f 877 2658 875
f 602 875 2658
f 2658 2661 602
f 602 2661 1965
f 1965 603 602
f 561 602 603
f 603 559 561
f 559 560 561
f 561 560 652
f 2673 561 652
f 652 875 2673
f 652 560 1972
f 652 1972 612
f 651 652 612
f 651 612 614
f 612 613 614
f 2675 613 612
f 876 652 651
f 2675 612 1972
f 1015 2675 1972
f 1972 979 1015
f 1015 979 981
f 1015 981 1577
f 979 980 981
f 980 2687 981
f 2687 1432 981
f 1432 1069 981
f 1804 981 1069
f 1804 1069 1068
f 1030 1068 1069
f 1030 1069 1031
f 1029 1030 1031
f 2692 1029 1031
f 314 2692 1031
f 1245 314 1031
f 1460 1245 1031
f 1434 1460 1031
f 1459 1460 1434
f 1433 1459 1434
f 1432 1433 1434
f 1459 1433 2701
f 2701 2704 1459
f 2704 2701 1495
f 913 2704 1495
f 1496 913 1495
f 1495 1468 1496
f 268 1496 1468
f 268 1468 1469
f 1469 946 268
f 266 268 946
f 266 267 268
f 267 1203 268
f 1203 267 1202
f 1202 250 1203
f 938 1203 250
f 249 938 250
f 249 250 251
f 333 249 251
f 215 333 251
f 249 333 1212
f 1212 912 249
f 1212 1245 912
f 1212 333 315
f 1212 315 314
f 314 315 316
f 2028 251 250
f 250 1612 2028
f 216 251 2028
f 216 2028 1606
f 249 912 938
f 914 938 912
f 912 913 914
f 1460 913 912
f 914 1203 938
f 1496 1203 914
f 250 1202 1612
f 971 1202 267
f 267 266 971
f 1469 947 946
f 580 946 947
f 947 2724 580
f 2724 947 2725
f 2725 1386 2724
f 581 2724 1386
f 1386 1358 581
f 1386 1387 1358
f 1358 1387 1356
f 1356 1357 1358
f 2731 1358 1357
f 608 2731 1357
f 1357 1426 608
f 1426 1357 2117
f 2117 1397 1426
f 1426 1397 1427
f 1397 1399 1427
f 1397 1398 1399
f 1398 145 1399
f 147 1399 145
f 145 146 147
f 147 146 134
f 147 134 2739
f 2739 134 2213
f 134 136 2213
f 1048 2213 136
f 134 135 136
f 194 136 135
f 194 135 195
f 195 1877 194
f 195 696 1877
f 696 186 1877
f 1429 1877 186
f 186 696 184
f 184 185 186
f 1461 185 184
f 696 697 184
f 697 696 1982
f 1982 2754 697
f 2754 1982 683
f 2755 2754 683
f 685 2755 683
f 683 684 685
f 737 685 684
f 737 684 738
f 1989 737 738
f 738 728 1989
f 2762 1989 728
f 1998 2762 728
f 727 1998 728
f 727 728 391
f 390 727 391
f 390 391 392
f 392 1924 390
f 1924 1292 390
f 390 1292 376
f 390 376 776
f 375 776 376
f 374 375 376
f 440 375 374
f 374 439 440
f 440 439 1346
f 1011 440 1346
f 1346 1303 1011
f 432 1011 1303
f 432 1303 433
f 432 433 71
f 70 432 71
f 69 70 71
f 1846 69 71
f 1846 71 2770
f 1846 2770 59
f 59 2771 1846
f 58 2771 59
f 57 58 59
f 58 57 104
f 104 105 58
f 1858 58 105
f 105 2778 1858
f 1858 2778 92
f 2778 851 92
f 92 851 93
f 58 92 93
f 58 93 597
f 596 597 93
f 597 596 1966
f 2782 597 1966
f 1966 2001 2782
f 586 2782 2001
f 586 2001 584
f 584 585 586
f 586 585 649
f 648 586 649
f 648 649 70
f 2793 649 585
f 639 2793 585
f 585 1999 639
f 1999 637 639
f 637 638 639
f 639 638 1011
f 638 1010 1011
f 2045 1011 1010
f 1005 2045 1010
f 2010 1005 1010
f 2010 1010 637
f 2010 1003 1005
f 1003 1004 1005
f 1005 1004 1061
f 1061 1004 1050
f 1061 1050 1051
f 1051 2804 1061
f 2045 1061 2804
f 2804 440 2045
f 2804 1051 375
f 1050 774 1051
f 1051 774 776
f 774 775 776
f 775 1998 776
f 775 2807 1998
f 775 2809 2807
f 2809 762 2807
f 764 2807 762
f 762 763 764
f 763 812 764
f 812 481 764
f 764 481 2008
f 764 2008 2817
f 2817 2008 685
f 2008 808 685
f 2008 483 808
f 807 808 483
f 482 807 483
f 481 482 483
f 482 1949 807
f 2825 807 1949
f 1949 470 2825
f 292 2825 470
f 470 1949 468
f 468 469 470
f 469 539 470
f 538 539 469
f 469 1959 538
f 1959 522 538
f 522 2834 538
f 321 538 2834
f 524 2834 522
f 522 523 524
f 1779 524 523
f 1779 523 2769
f 2769 1780 1779
f 1778 1779 1780
f 2311 1778 1780
f 1780 2341 2311
f 2340 2311 2341
f 2774 2340 2341
f 2341 2775 2774
f 1788 2774 2775
f 2775 1789 1788
f 1347 1788 1789
f 1347 1789 2353
f 1347 2353 2348
f 2347 1347 2348
f 2347 2348 2737
f 1703 2347 2737
f 1703 2737 2738
f 1703 2738 1704
f 1702 1703 1704
f 2288 1702 1704
f 2288 1704 2286
f 2286 2287 2288
f 1744 2288 2287
f 1744 2287 2745
f 1713 1744 2745
f 1713 2745 1714
f 1207 1713 1714
f 2297 1207 1714
f 2297 1714 2298
f 1302 2297 2298
f 1302 2298 1050
f 2706 2297 1302
f 1160 2706 1302
f 1204 1160 1302
f 1204 1302 1004
f 1158 1204 1004
f 1204 1158 1160
f 1158 1159 1160
f 2860 1160 1159
f 1644 2860 1159
f 1644 1159 1951
f 1951 1645 1644
f 1644 1645 1246
f 1644 1246 1205
f 1205 1246 1206
f 1205 1206 1207
f 2706 1205 1207
f 2860 1205 2706
f 1246 2334 1206
f 2334 1251 1206
f 1206 1251 1744
f 2334 1293 1251
f 1293 1249 1251
f 1249 1250 1251
f 1251 1250 2288
f 1249 1767 1250
f 1702 1250 1767
f 1249 1768 1767
f 1347 1767 1768
f 1768 1297 1347
f 1297 1296 1347
f 1295 1296 1297
f 2824 1295 1297
f 2430 1295 2824
f 1830 2430 2824
f 1830 2824 1249
f 1829 1830 1249
f 2419 1830 1829
f 1829 2420 2419
f 2419 2420 2421
f 1840 2419 2421
f 2421 2831 1840
f 2831 2832 1840
f 1840 2832 1838
f 1838 1839 1840
f 2430 1840 1839
f 1839 2428 2430
f 2428 2429 2430
f 2429 1546 2430
f 2429 2180 1546
f 2180 1544 1546
f 1544 1545 1546
f 1546 1545 1295
f 1544 2363 1545
f 2363 2178 1545
f 1545 2178 1296
f 1788 1296 2178
f 1562 1788 2178
f 1560 1562 2178
f 1560 1561 1562
f 1795 1562 1561
f 1561 2377 1795
f 1795 2377 2365
f 2365 2192 1795
f 2192 2193 1795
f 2192 2340 2193
f 2192 1720 2340
f 1720 1719 2340
f 1719 1720 1721
f 1721 2309 1719
f 2309 2311 1719
f 2309 2310 2311
f 2310 2309 2759
f 1728 2310 2759
f 2759 1812 1728
f 1812 1729 1728
f 1728 1729 1730
f 1728 1730 2318
f 2318 1730 2319
f 2318 2319 1778
f 1778 2310 2318
f 524 2319 1730
f 1729 524 1730
f 653 1729 1812
f 1811 653 1812
f 2401 1811 1812
f 2401 1812 2402
f 2400 2401 2402
f 2402 2813 2400
f 2400 2813 616
f 1819 616 2813
f 2813 1720 1819
f 784 1819 1720
f 1720 2407 784
f 2409 784 2407
f 2407 2408 2409
f 2153 2409 2408
f 2408 1521 2153
f 1520 2153 1521
f 1520 1521 1522
f 1522 2650 1520
f 2649 1520 2650
f 2650 2151 2649
f 879 2649 2151
f 1531 879 2151
f 1531 2151 2165
f 1531 2165 1532
f 1530 1531 1532
f 1532 2656 1530
f 1530 2656 2657
f 1530 2657 2163
f 2162 1530 2163
f 1082 2162 2163
f 1664 1082 2163
f 1664 2163 1665
f 1664 1665 1666
f 2718 1664 1666
f 2717 2718 1666
f 2257 2717 1666
f 2257 1666 2258
f 1678 2257 2258
f 1678 2258 2264
f 1678 2264 1676
f 1676 1677 1678
f 1677 2263 1678
f 1677 2723 2263
f 2723 1575 2263
f 1575 2239 2263
f 2257 2263 2239
f 2135 2239 1575
f 1500 2135 1575
f 1575 1576 1500
f 1576 1803 1500
f 2220 1500 1803
f 1590 2220 1803
f 1803 2207 1590
f 1590 2207 2208
f 1590 2208 2221
f 2221 1591 1590
f 1589 1590 1591
f 1589 1591 1807
f 1807 2391 1589
f 2391 2220 1589
f 2220 2391 2075
f 2075 1501 2220
f 1501 2075 2137
f 2137 1502 1501
f 1500 1501 1502
f 1502 2137 2639
f 1502 2639 2640
f 2135 1502 2640
f 2640 1512 2135
f 2134 2135 1512
f 2144 2134 1512
f 1511 2144 1512
f 1511 1512 1513
f 1511 1513 2646
f 2645 1511 2646
f 269 2645 2646
f 269 2646 2143
f 2143 270 269
f 269 270 271
f 269 271 1623
f 1622 1623 271
f 1622 271 2708
f 2708 2709 1622
f 256 1622 2709
f 256 2709 257
f 255 256 257
f 257 334 255
f 1648 255 334
f 1648 334 1649
f 2713 1648 1649
f 1649 2712 2713
f 324 2713 2712
f 324 2712 325
f 324 325 326
f 241 324 326
f 326 239 241
f 239 240 241
f 241 240 2766
f 2766 381 241
f 241 381 2729
f 383 2729 381
f 381 382 383
f 310 383 382
f 310 382 311
f 310 311 312
f 311 2767 312
f 2767 2768 312
f 2768 435 312
f 312 435 383
f 435 436 383
f 383 436 1684
f 436 1685 1684
f 1684 1685 1686
f 2729 1684 1686
f 2729 1686 2713
f 1686 255 2713
f 1686 1694 255
f 1686 1685 1694
f 1685 2282 1694
f 2282 1695 1694
f 1694 1695 1622
f 2282 2280 1695
f 2280 1623 1695
f 2280 2645 1623
f 1603 2645 2280
f 1603 2280 2281
f 2281 2231 1603
f 2231 1604 1603
f 1603 1604 1605
f 1604 2144 1605
f 1604 2681 2144
f 2681 2934 2144
f 2934 1083 2144
f 2005 2144 1083
f 1614 2005 1083
f 1083 1082 1614
f 1613 1614 1082
f 1614 1613 2705
f 2006 1614 2705
f 2717 2006 2705
f 2006 2717 2239
f 2238 2006 2239
f 2238 2005 2006
f 2134 2005 2238
f 1664 2705 1613
f 1081 1082 1083
f 1081 2054 1082
f 1081 2055 2054
f 2054 2055 2056
f 2054 2056 2574
f 2162 2054 2574
f 2162 2574 1127
f 1127 816 2162
f 816 1127 1128
f 814 816 1128
f 814 1128 815
f 2061 815 1128
f 2061 1128 2944
f 2061 2944 1922
f 2061 1922 831
f 833 2061 831
f 831 832 833
f 2014 833 832
f 832 2015 2014
f 880 2014 2015
f 880 2015 2950
f 2950 1992 880
f 1992 1991 880
f 880 1991 881
f 879 880 881
f 1991 2019 881
f 1520 881 2019
f 2019 2020 1520
f 2019 1941 2020
f 1941 575 2020
f 575 2153 2020
f 575 1941 573
f 573 574 575
f 575 574 783
f 575 783 784
f 574 1541 783
f 617 783 1541
f 1541 2519 617
f 2519 2520 617
f 2520 19 617
f 616 617 19
f 21 616 19
f 19 20 21
f 20 1794 21
f 1811 21 1794
f 1794 986 1811
f 2567 1811 986
f 985 2567 986
f 494 985 986
f 495 494 986
f 493 494 495
f 1802 493 495
f 1802 495 1794
f 1034 493 1802
f 1802 2520 1034
f 547 1034 2520
f 1033 1034 547
f 546 1033 547
f 546 547 548
f 1806 546 548
f 1806 548 1541
f 1541 2623 1806
f 2623 1437 1806
f 1437 1361 1806
f 1436 1361 1437
f 1436 1437 2124
f 1436 2124 2122
f 2122 2035 1436
f 951 2035 2122
f 2122 1472 951
f 2629 951 1472
f 1471 2629 1472
f 1471 1472 1473
f 1471 1473 2125
f 918 1471 2125
f 2125 2126 918
f 2468 918 2126
f 918 2468 233
f 235 918 233
f 233 234 235
f 1172 235 234
f 1172 234 1915
f 1172 1915 1893
f 1892 1172 1893
f 300 1892 1893
f 1893 1911 300
f 1911 301 300
f 300 301 302
f 302 1214 300
f 1214 302 2079
f 1906 1214 2079
f 1906 2079 1907
f 1906 1907 1908
f 1906 1908 1892
f 1908 916 1892
f 1908 917 916
f 916 917 918
f 917 2033 918
f 2027 2033 917
f 2026 2027 917
f 2026 1873 2027
f 1873 1875 2027
f 2027 1875 949
f 1875 950 949
f 949 950 951
f 1875 2042 950
f 2042 2034 950
f 950 2034 2035
f 2034 2984 2035
f 2984 2608 2035
f 2035 2608 1361
f 2608 199 1361
f 1360 1361 199
f 2110 1360 199
f 199 198 2110
f 198 2109 2110
f 1401 2110 2109
f 2109 2399 1401
f 2399 2479 1401
f 1401 2479 1402
f 1401 1402 1403
f 2115 1403 1402
f 1402 1861 2115
f 2114 2115 1861
f 1861 130 2114
f 173 2114 130
f 132 173 130
f 130 131 132
f 1423 132 131
f 131 2456 1423
f 2456 2997 1423
f 1423 2997 1866
f 174 1423 1866
f 174 1866 1880
f 174 1880 175
f 173 174 175
f 2462 173 175
f 175 2112 2462
f 1878 2462 2112
f 2112 1879 1878
f 1878 1879 676
f 676 985 1878
f 675 985 676
f 675 676 677
f 677 676 1983
f 677 1983 366
f 1990 366 1983
f 722 1990 1983
f 1879 722 1983
f 722 1879 1880
f 1880 720 722
f 720 721 722
f 720 2525 721
f 2525 1928 721
f 1928 1258 721
f 1258 367 721
f 367 1990 721
f 367 1258 137
f 367 137 368
f 366 367 368
f 137 1258 1259
f 1258 1928 1259
f 2090 1259 1928
f 1930 2090 1928
f 1928 1929 1930
f 425 1930 1929
f 425 1929 426
f 424 425 426
f 424 426 1308
f 424 1308 1244
f 424 1244 1243
f 424 1243 1942
f 1942 1243 48
f 1849 1942 48
f 47 1849 48
f 47 48 49
f 47 49 2095
f 2440 47 2095
f 2095 1847 2440
f 85 2440 1847
f 85 1847 1848
f 1848 1860 85
f 1860 86 85
f 85 86 87
f 2449 85 87
f 2448 2449 87
f 1859 2448 87
f 1859 87 1056
f 1055 1859 1056
f 1055 1056 578
f 1055 578 577
f 577 578 579
f 2518 577 579
f 2518 579 2184
f 1097 2518 2184
f 2184 1549 1097
f 1097 1549 626
f 1096 1097 626
f 626 625 1096
f 625 626 627
f 627 1756 625
f 627 1568 1756
f 1568 1749 1756
f 1140 1749 1568
f 1141 1140 1568
f 1140 1141 994
f 996 1140 994
f 994 995 996
f 995 1045 996
f 996 1045 852
f 996 852 1750
f 1579 1750 852
f 1579 852 851
f 596 851 852
f 852 1045 596
f 596 1045 1046
f 995 1046 1045
f 1046 995 1593
f 1593 1592 1046
f 1966 1046 1592
f 1592 1593 759
f 1592 759 758
f 2001 1592 758
f 758 759 760
f 758 760 2531
f 584 758 2531
f 2531 2000 584
f 584 2000 1999
f 1999 2000 802
f 802 2010 1999
f 802 801 2010
f 801 802 803
f 803 2009 801
f 2009 1158 801
f 801 1158 1003
f 1953 1158 2009
f 1953 2009 457
f 457 459 1953
f 1953 459 1159
f 457 458 459
f 458 2509 459
f 2509 1951 459
f 2509 3019 1951
f 3019 514 1951
f 514 1950 1951
f 1963 1950 514
f 513 1963 514
f 512 513 514
f 512 2517 513
f 2516 513 2517
f 1962 2516 2517
f 1962 2517 1960
f 1960 1961 1962
f 1962 1961 2780
f 2779 1962 2780
f 2779 2780 2781
f 2781 3037 2779
f 2779 3037 2516
f 3037 3040 2516
f 3040 2777 2516
f 2516 2777 2776
f 2776 2777 1963
f 2777 3002 1963
f 3044 1963 3002
f 3044 3002 2748
f 3044 2748 2998
f 2998 2749 3044
f 3047 3044 2749
f 3047 2749 1950
f 1950 2749 2751
f 2751 1645 1950
f 2749 2750 2751
f 1246 2751 2750
f 2749 2998 2750
f 2998 2747 2750
f 2747 2334 2750
f 2747 2998 2748
f 2746 2747 2748
f 3055 2746 2748
f 2746 3055 3056
f 2746 3056 2420
f 3055 1335 3056
f 1335 1255 3056
f 1255 3062 3056
f 3056 3062 2711
f 3056 2711 2421
f 2421 2711 2076
f 2076 2711 690
f 690 2077 2076
f 2075 2076 2077
f 2077 1304 2075
f 1304 2077 2067
f 1305 1304 2067
f 2067 2080 1305
f 2919 1305 2080
f 2919 2080 2829
f 2919 2829 3072
f 3077 2919 3072
f 3072 3081 3077
f 3081 3082 3077
f 1260 3077 3082
f 1649 1260 3082
f 1649 3082 2107
f 2097 1649 2107
f 2097 2107 1242
f 2088 2097 1242
f 2088 1242 1241
f 1241 1277 2088
f 2087 2088 1277
f 2103 2087 1277
f 2927 2103 1277
f 1278 2927 1277
f 2927 1278 3094
f 2927 3094 2582
f 2582 3094 3097
f 3097 3013 2582
f 2835 2582 3013
f 2835 3013 2959
f 2959 2836 2835
f 2753 2835 2836
f 2752 2753 2836
f 2836 2757 2752
f 2752 2757 2361
f 2752 2361 2833
f 2833 2581 2752
f 2581 2833 2087
f 3110 2087 2833
f 2833 3004 3110
f 3110 3004 3112
f 3113 3110 3112
f 3116 3113 3112
f 3116 3112 2651
f 2651 2796 3116
f 240 3116 2796
f 2795 240 2796
f 2795 2796 2797
f 2797 2952 2795
f 2961 2795 2952
f 2952 2962 2961
f 2792 2961 2962
f 2792 2962 2790
f 2790 2791 2792
f 2671 2792 2791
f 2791 2672 2671
f 2668 2671 2672
f 2672 2666 2668
f 2666 2667 2668
f 2668 2667 3133
f 3133 311 2668
f 3133 2667 2764
f 2763 3133 2764
f 2763 2764 2765
f 2224 2763 2765
f 2224 2765 2537
f 3005 2224 2537
f 3005 2537 2539
f 2761 3005 2539
f 2760 2761 2539
f 2539 1910 2760
f 2760 1910 3144
f 3146 2760 3144
f 2899 3146 3144
f 3147 3146 2899
f 2899 2898 3147
f 2898 2818 3147
f 3147 2818 3148
f 2820 3148 2818
f 2818 2819 2820
f 3155 2820 2819
f 3157 3155 2819
f 2816 3157 2819
f 2819 3025 2816
f 3025 2814 2816
f 2814 2815 2816
f 2815 2814 2690
f 2815 2690 3162
f 3162 2527 2815
f 2527 3166 2815
f 2815 3166 3157
f 2527 1967 3166
f 1967 3155 3166
f 1967 3170 3155
f 3170 3172 3155
f 3173 3172 3170
f 3173 3170 623
f 3173 623 2949
f 2949 2948 3173
f 2222 2948 2949
f 2654 2222 2949
f 2949 3177 2654
f 3177 1477 2654
f 2654 1477 1042
f 2654 1042 2648
f 2648 2223 2654
f 2223 2648 2197
f 2197 3182 2223
f 3182 3187 2223
f 3187 2763 2223
f 3133 3187 3182
f 3182 2197 3133
f 2767 3133 2197
f 2197 2982 2767
f 2982 2197 2196
f 2196 2395 2982
f 2395 3190 2982
f 2982 3190 2714
f 2714 2722 2982
f 2982 2722 2768
f 2722 2714 2716
f 2722 2716 435
f 2714 2715 2716
f 2716 2715 3194
f 436 2716 3194
f 3194 2715 2282
f 2714 2806 2715
f 2280 2715 2806
f 3190 2806 2714
f 2806 3190 2395
f 2395 2803 2806
f 2803 2689 2806
f 2806 2689 2281
f 2803 2195 2689
f 2195 2194 2689
f 2194 2679 2689
f 2689 2679 2231
f 2194 2680 2679
f 2679 2680 2681
f 2194 3206 2680
f 2680 3206 2934
f 3206 1081 2934
f 3211 1081 3206
f 3211 3206 1491
f 1491 3212 3211
f 3212 2943 3211
f 3211 2943 2942
f 2941 2942 2943
f 2943 2638 2941
f 2638 3215 2941
f 2055 2941 3215
f 2644 3215 2638
f 2643 2644 2638
f 2637 2643 2638
f 2636 2637 2638
f 2501 2637 2636
f 1898 2501 2636
f 1898 2636 1896
f 1896 1897 1898
f 1898 1897 2499
f 3221 2499 1897
f 1891 3221 1897
f 1891 1897 1225
f 1225 1890 1891
f 1890 3226 1891
f 1891 3226 1902
f 1902 3226 1903
f 1887 1902 1903
f 1903 2710 1887
f 2710 1888 1887
f 1887 1888 1889
f 1887 1889 3228
f 1933 3228 1889
f 1889 1934 1933
f 1926 1933 1934
f 1934 2733 1926
f 2733 2877 1926
f 1926 2877 3238
f 1926 3238 1927
f 1925 1926 1927
f 1927 2643 1925
f 1937 2643 1927
f 1927 1938 1937
f 1936 1937 1938
f 1938 1923 1936
f 1922 1936 1923
f 1921 1922 1923
f 3249 1921 1923
f 1923 3251 3249
f 3252 3249 3251
f 3253 3252 3251
f 3251 3255 3253
f 2555 3253 3255
f 2989 2555 3255
f 2990 2989 3255
f 2876 2989 2990
f 2876 2990 2877
f 3260 2989 2876
f 2732 3260 2876
f 2732 2876 2733
f 2728 2732 2733
f 2732 2728 2459
f 2460 2459 2728
f 3263 2460 2728
f 3263 2728 1888
f 3266 3263 1888
f 3266 1888 3267
f 2854 3266 3267
f 3267 3269 2854
f 2855 2854 3269
f 2855 3269 2977
f 2977 2978 2855
f 2703 2855 2978
f 2978 3258 2703
f 2703 3258 1408
f 1408 2702 2703
f 2702 2698 2703
f 2697 2703 2698
f 2696 2697 2698
f 2696 2698 2451
f 2451 2452 2696
f 2696 2452 2854
f 2452 2578 2854
f 2452 1852 2578
f 1852 2461 2578
f 2578 2461 2460
f 1852 44 2461
f 44 2575 2461
f 2461 2575 2459
f 2575 2576 2459
f 2459 2576 3279
f 2459 3279 3260
f 3279 2576 3281
f 3281 3282 3279
f 3279 3282 2989
f 3282 3281 1971
f 1971 2625 3282
f 2553 3282 2625
f 2625 2554 2553
f 2553 2554 2555
f 2625 2624 2554
f 2624 2552 2554
f 2554 2552 3252
f 2552 302 3252
f 2551 302 2552
f 2302 2551 2552
f 2302 2301 2551
f 2301 3291 2551
f 2551 3291 1907
f 3291 3295 1907
f 3295 3296 1907
f 3296 3297 1907
f 1907 3297 2026
f 3296 2371 3297
f 3297 2371 1873
f 2371 1874 1873
f 1874 2371 2362
f 2354 1874 2362
f 2362 2247 2354
f 2354 2247 2355
f 2354 2355 2034
f 199 2034 2355
f 2355 197 199
f 2247 197 2355
f 2247 2610 197
f 2610 3305 197
f 3305 3308 197
f 198 197 3308
f 3308 2569 198
f 3308 3305 2569
f 3305 2390 2569
f 2399 2569 2390
f 2389 2399 2390
f 2388 2389 2390
f 2388 2390 2378
f 2379 2388 2378
f 2378 1835 2379
f 2393 2379 1835
f 1835 3022 2393
f 3316 2393 3022
f 3318 3316 3022
f 2598 3318 3022
f 3022 3321 2598
f 2938 2598 3321
f 2634 2938 3321
f 2634 3321 3328
f 2634 3328 2366
f 2366 2633 2634
f 2634 2633 3334
f 2634 3334 2937
f 2937 3334 2630
f 2630 2596 2937
f 2937 2596 2938
f 2630 2631 2596
f 2631 3337 2596
f 2597 2596 3337
f 2597 3337 3339
f 2597 3339 3341
f 2597 3341 3318
f 2590 3341 3339
f 3339 3343 2590
f 2590 3343 1816
f 2590 1816 2591
f 2589 2590 2591
f 2589 2591 2388
f 3347 2590 2589
f 3347 2589 2393
f 1816 2586 2591
f 2591 2586 2389
f 2586 1816 2587
f 2586 2587 2473
f 2586 2473 2479
f 2479 2473 1862
f 2472 1862 2473
f 1815 2472 2473
f 1815 2565 2472
f 2565 2580 2472
f 2472 2580 130
f 2564 2580 2565
f 2564 2565 2566
f 2566 3358 2564
f 3359 2564 3358
f 2562 3359 3358
f 3358 2906 2562
f 2906 2563 2562
f 2456 2562 2563
f 3360 2563 2906
f 3361 3360 2906
f 3361 3363 3360
f 3363 3364 3360
f 3364 3365 3360
f 2619 3365 3364
f 2619 3364 3367
f 2619 3367 3368
f 3368 1308 2619
f 1308 2618 2619
f 1308 3374 2618
f 2615 2618 3374
f 2525 2615 3374
f 2525 3374 1929
f 2525 2616 2615
f 2614 2615 2616
f 2614 2616 2997
f 2997 3365 2614
f 2614 3365 2618
f 3365 2997 2563
f 2618 2615 2614
f 3379 3368 3367
f 3379 3367 3380
f 3380 3385 3379
f 3386 3379 3385
f 3386 3385 3188
f 3388 3386 3188
f 3388 3188 2847
f 2849 3388 2847
f 2847 2848 2849
f 3392 2849 2848
f 2454 3392 2848
f 2454 2848 3393
f 2454 3393 2381
f 2381 2382 2454
f 2382 2455 2454
f 2453 2454 2455
f 2455 2373 2453
f 2384 2453 2373
f 2384 2373 2372
f 2385 2384 2372
f 2890 2385 2372
f 2890 2372 3400
f 2890 3400 3401
f 3401 2891 2890
f 2889 2890 2891
f 2889 2891 3405
f 3405 2131 2889
f 2131 2524 2889
f 2524 2522 2889
f 2522 2524 224
f 224 410 2522
f 2521 2522 410
f 3408 2521 410
f 3408 410 1757
f 1757 2383 3408
f 1757 2607 2383
f 2607 2558 2383
f 2384 2383 2558
f 2558 2560 2384
f 2560 2871 2384
f 2560 2605 2871
f 2489 2871 2605
f 2496 2489 2605
f 2496 2605 2840
f 2840 2497 2496
f 2496 2497 2487
f 2487 2497 2488
f 2487 2488 2489
f 2489 2488 3417
f 3417 2488 3421
f 3417 3421 2453
f 2871 3417 2453
f 3392 2453 3421
f 2849 3421 2488
f 2497 3388 2488
f 86 2497 2840
f 2544 86 2840
f 2559 2544 2840
f 2545 2544 2559
f 2545 2559 2446
f 2445 2545 2446
f 2445 2446 2437
f 2439 2445 2437
f 2437 2438 2439
f 579 2439 2438
f 2438 2437 2185
f 2185 2184 2438
f 2184 2185 2186
f 2184 2186 3431
f 3431 2186 2175
f 3431 2175 2177
f 2177 1549 3431
f 2175 2176 2177
f 2176 2189 2177
f 627 2177 2189
f 2189 1141 627
f 1141 2189 2190
f 2190 2172 1141
f 2172 2190 2173
f 2172 2173 2174
f 2174 994 2172
f 2173 2212 2174
f 2212 995 2174
f 2211 2212 2173
f 2173 1690 2211
f 1690 3350 2211
f 2211 3350 2205
f 2204 2211 2205
f 2204 2205 2206
f 2217 2204 2206
f 2217 2206 2203
f 2217 2203 2216
f 2216 760 2217
f 2568 2217 760
f 2202 2216 2203
f 2201 2202 2203
f 2203 2534 2201
f 803 2201 2534
f 2534 3454 803
f 2798 803 3454
f 2798 3454 457
f 3455 457 3454
f 2895 457 3455
f 3455 2734 2895
f 2528 2895 2734
f 2528 2734 2536
f 3458 2528 2536
f 3458 2536 2535
f 3458 2535 2206
f 2534 2535 2536
f 3458 2529 2528
f 2528 2529 2530
f 2530 2884 2528
f 2884 3465 2528
f 2884 2883 3465
f 2883 1960 3465
f 3465 1960 3468
f 3465 3468 2895
f 1960 3469 3468
f 3468 3469 2509
f 2514 2883 2884
f 2514 3471 2883
f 2883 3471 1961
f 2506 1961 3471
f 2514 2506 3471
f 2506 2514 2515
f 2515 2507 2506
f 2506 2507 2508
f 2508 855 2506
f 2506 855 3012
f 3012 2780 2506
f 3012 3011 2780
f 3011 3012 2022
f 2022 3474 3011
f 3474 1194 3011
f 3011 1194 2781
f 1194 2773 2781
f 2773 1194 1796
f 1796 3010 2773
f 3425 2773 3010
f 3010 3427 3425
f 3425 3427 3040
f 3040 3427 3429
f 3427 3428 3429
f 3428 3000 3429
f 3429 3000 2777
f 3428 3384 3000
f 3384 3001 3000
f 3000 3001 3002
f 3002 3001 1336
f 1336 3055 3002
f 2727 1336 3001
f 3001 2744 2727
f 2743 2727 2744
f 2743 2744 2999
f 1167 2743 2999
f 3396 1167 2999
f 3396 2999 3485
f 3396 3485 3397
f 3396 3397 3398
f 1237 3396 3398
f 3398 3344 1237
f 1944 1237 3344
f 1944 3344 3010
f 1944 1195 1237
f 1195 1168 1237
f 1195 1196 1168
f 1196 1914 1168
f 1168 1914 1169
f 1167 1168 1169
f 1213 1167 1169
f 1169 2585 1213
f 2585 2981 1213
f 1213 2981 3289
f 3289 1905 1213
f 3289 2719 1905
f 2719 1285 1905
f 2726 1905 1285
f 2726 1285 1284
f 1336 2726 1284
f 1283 1336 1284
f 1283 1335 1336
f 1283 1284 1285
f 1283 1285 1256
f 1255 1283 1256
f 1254 1255 1256
f 1256 1307 1254
f 1254 1307 2604
f 3416 1254 2604
f 3416 2604 2404
f 3416 2404 725
f 3062 3416 725
f 723 725 2404
f 2404 2406 723
f 723 2406 2967
f 2967 3033 723
f 724 723 3033
f 2830 724 3033
f 2830 3033 3031
f 2830 3031 3030
f 2829 2830 3030
f 2829 692 2830
f 3030 3031 3032
f 3081 3030 3032
f 3032 3473 3081
f 2107 3081 3473
f 3032 3409 3473
f 1240 3473 3409
f 1240 3409 3510
f 1240 3510 180
f 1241 1240 180
f 180 1278 1241
f 180 3014 1278
f 3014 180 179
f 3097 3014 179
f 179 2670 3097
f 179 2105 2670
f 2105 2788 2670
f 3013 2670 2788
f 2788 2105 2940
f 2788 2940 2964
f 2959 2788 2964
f 2959 2964 140
f 2958 2959 140
f 2958 140 142
f 142 3008 2958
f 3304 2958 3008
f 3007 3304 3008
f 3007 3008 258
f 3007 258 65
f 3007 65 1106
f 1106 2758 3007
f 2758 1106 1105
f 1105 2757 2758
f 3006 2758 2757
f 3006 3304 2758
f 2181 2757 1105
f 2181 1105 3310
f 2181 3310 519
f 519 518 2181
f 2182 2181 518
f 2182 518 520
f 520 3026 2182
f 474 2182 3026
f 475 474 3026
f 475 3026 2976
f 475 2976 473
f 473 2976 2810
f 2812 473 2810
f 2810 2811 2812
f 2812 2811 3024
f 2812 3024 3314
f 3314 3284 2812
f 3314 3313 3284
f 3284 3313 3290
f 3290 3461 3284
f 2653 3284 3461
f 3461 2796 2653
f 3284 2653 2652
f 3284 2652 473
f 3288 473 2652
f 3112 3288 2652
f 3112 474 3288
f 473 3288 474
f 2651 2652 2653
f 2797 3461 3290
f 3290 2946 2797
f 2946 2953 2797
f 2946 2951 2953
f 2951 2952 2953
f 2720 2951 2946
f 2720 2946 2947
f 3356 2720 2947
f 2947 3355 3356
f 3355 1256 3356
f 3355 3024 1256
f 3315 3024 3355
f 3355 3313 3315
f 3355 2947 3313
f 3356 2721 2720
f 2719 2720 2721
f 2980 2720 2719
f 2721 3356 1285
f 2720 2980 2951
f 2951 2980 2983
f 2983 2962 2951
f 2790 2983 2980
f 2790 2980 2981
f 3290 2947 2946
f 2947 3290 3313
f 3313 3314 3315
f 3315 3314 3024
f 2811 3023 3024
f 1307 3024 3023
f 3023 2685 1307
f 2685 2686 1307
f 2685 2405 2686
f 2686 2405 2404
f 2685 2573 2405
f 2573 384 2405
f 384 2968 2405
f 2405 2968 2406
f 384 805 2968
f 805 2967 2968
f 2967 805 804
f 804 2426 2967
f 2426 3273 2967
f 3466 3273 2426
f 2426 3276 3466
f 2642 3466 3276
f 3276 770 2642
f 770 769 2642
f 2641 2642 769
f 306 2641 769
f 769 2901 306
f 2901 3158 306
f 306 3158 2330
f 307 306 2330
f 2330 2329 307
f 2940 307 2329
f 2329 3345 2940
f 141 2940 3345
f 141 3345 275
f 142 141 275
f 142 275 2926
f 259 142 2926
f 259 2926 246
f 245 259 246
f 245 246 247
f 245 247 3348
f 229 245 3348
f 3348 285 229
f 285 286 229
f 229 286 2471
f 229 2471 230
f 229 230 231
f 2081 229 231
f 2081 231 397
f 396 2081 397
f 396 397 398
f 2918 396 398
f 371 2918 398
f 371 398 1650
f 1650 372 371
f 370 371 372
f 3414 370 372
f 406 3414 372
f 372 407 406
f 362 406 407
f 407 2486 362
f 2486 363 362
f 362 363 364
f 362 364 3370
f 3370 364 2920
f 3370 2920 3371
f 3370 3371 406
f 88 406 3371
f 89 88 3371
f 3371 2294 89
f 2294 2296 89
f 2730 89 2296
f 2730 2296 2987
f 2987 2700 2730
f 1104 2730 2700
f 1104 2700 3310
f 2991 2700 2987
f 2988 2991 2987
f 2987 2885 2988
f 2988 2885 2900
f 2988 2900 3329
f 3329 3330 2988
f 3330 3329 427
f 3330 427 3335
f 2699 3330 3335
f 3335 520 2699
f 520 519 2699
f 2699 519 2700
f 3335 2979 520
f 2699 2991 3330
f 3335 427 2979
f 2979 427 429
f 2979 429 2346
f 2976 2979 2346
f 2975 2976 2346
f 2346 2345 2975
f 2345 2811 2975
f 2345 428 2811
f 428 2914 2811
f 2913 2914 428
f 2913 428 3424
f 3424 2912 2913
f 2913 2912 2572
f 2913 2572 2573
f 2572 385 2573
f 2572 2912 385
f 3214 385 2912
f 2912 2548 3214
f 3218 3214 2548
f 2548 2902 3218
f 2902 768 3218
f 804 3218 768
f 804 768 770
f 804 386 3218
f 768 2902 2901
f 2880 2901 2902
f 2550 2880 2902
f 2881 2880 2550
f 3114 2881 2550
f 2549 3114 2550
f 2548 2549 2550
f 2900 2549 2548
f 3114 2549 2886
f 3114 2886 2476
f 3114 2476 2512
f 3114 2512 3115
f 3115 2512 2511
f 3118 3115 2511
f 3118 2511 2908
f 2908 2794 3118
f 477 3118 2794
f 477 2794 478
f 476 477 478
f 478 791 476
f 1574 476 791
f 790 1574 791
f 286 790 791
f 286 791 1086
f 1086 2789 286
f 231 2789 1086
f 3132 231 1086
f 3132 1086 1085
f 2805 3132 1085
f 2805 1085 3201
f 2805 3201 3096
f 3096 1583 2805
f 2805 1583 591
f 592 2805 591
f 591 504 592
f 398 592 504
f 504 591 1584
f 504 1584 505
f 503 504 505
f 503 505 407
f 407 1650 503
f 503 1650 504
f 505 1584 1107
f 1543 505 1107
f 1107 2665 1543
f 2674 1543 2665
f 2665 1109 2674
f 2674 1109 2931
f 2931 2939 2674
f 2628 2674 2939
f 2939 987 2628
f 987 989 2628
f 989 3125 2628
f 2628 3125 2627
f 2627 1543 2628
f 1542 1543 2627
f 1542 2627 3270
f 3270 3272 1542
f 3272 2486 1542
f 1542 2486 505
f 3270 3066 3272
f 3066 364 3272
f 3066 3270 1554
f 3066 1554 1553
f 2920 3066 1553
f 2920 1553 2294
f 2294 1553 3070
f 2294 3070 2295
f 3070 2477 2295
f 2476 2295 2477
f 2477 2584 2476
f 2477 2837 2584
f 2837 2839 2584
f 2512 2584 2839
f 2839 2510 2512
f 2856 2510 2839
f 2839 2841 2856
f 2856 2841 3043
f 3107 2856 3043
f 2908 3107 3043
f 3043 2909 2908
f 2908 2909 2442
f 2443 2442 2909
f 2909 3039 2443
f 2443 3039 3038
f 3038 2561 2443
f 2443 2561 2441
f 2907 2441 2561
f 2907 2561 1084
f 1086 2907 1084
f 3204 2907 1086
f 1084 2561 2602
f 3193 1084 2602
f 3193 2602 2868
f 3193 2868 2933
f 3193 2933 3201
f 2868 2867 2933
f 2932 2933 2867
f 2457 2932 2867
f 2932 2457 2458
f 2613 2932 2458
f 2613 2458 2611
f 2611 2612 2613
f 2931 2613 2612
f 3259 2613 2931
f 1108 3259 2931
f 3259 1108 1583
f 1583 1108 1584
f 3259 3262 2613
f 3259 3096 3262
f 3096 2932 3262
f 2939 2612 2611
f 2611 3051 2939
f 2611 2458 3051
f 988 3051 2458
f 987 3051 988
f 3262 2932 2613
f 2457 988 2458
f 2457 2873 988
f 988 2873 2494
f 989 988 2494
f 2846 989 2494
f 2494 2850 2846
f 2846 2850 2844
f 2844 2845 2846
f 2845 3125 2846
f 3125 2845 3126
f 3126 2845 3137
f 3137 3142 3126
f 2627 3126 3142
f 3137 2523 3142
f 2523 1554 3142
f 1554 2523 1555
f 2523 2477 1555
f 3137 2837 2523
f 3137 2838 2837
f 3137 2845 2838
f 2888 2838 2845
f 2892 2838 2888
f 2887 2892 2888
f 2887 2888 2844
f 2844 2603 2887
f 3038 2887 2603
f 3039 2892 2887
f 2838 2892 2841
f 2844 2888 2845
f 2850 2603 2844
f 2603 2850 2493
f 2492 2603 2493
f 2492 2493 2494
f 2602 2603 2492
f 2850 2494 2493
f 2494 2873 2492
f 2868 2492 2873
f 2868 2873 2457
f 3096 2933 2932
f 2457 2867 2868
f 2868 2602 2492
f 1085 1084 3193
f 2602 2561 2603
f 2907 3204 2441
f 3204 791 2441
f 2561 3038 2603
f 2887 3038 3039
f 2892 3039 2909
f 2441 2442 2443
f 2441 478 2442
f 2892 2909 3043
f 2511 2856 3107
f 2841 2892 3043
f 2838 2841 2839
f 2510 2856 2511
f 2837 2838 2839
f 2523 2837 2477
f 2477 3070 1555
f 1553 1555 3070
f 1553 1554 1555
f 3142 1554 3270
f 3142 3270 2627
f 2627 3125 3126
f 2846 3125 989
f 987 988 989
f 2939 3051 987
f 2931 2612 2939
f 2931 1109 1108
f 1107 1108 1109
f 2628 1543 2674
f 1109 2665 1107
f 1542 505 1543
f 1108 1107 1584
f 592 3195 2805
f 397 3195 592
f 591 1583 1584
f 1583 3096 3259
f 2933 3096 3201
f 3193 3201 1085
f 2805 3195 3132
f 1084 1085 1086
f 3195 231 3132
f 1086 791 3204
f 859 1574 790
f 285 859 790
f 285 247 859
f 859 1572 1574
f 1572 1573 1574
f 1572 2330 1573
f 2330 3152 1573
f 1573 3152 476
f 3152 2532 476
f 2882 2532 3152
f 3152 3158 2882
f 2880 2882 3158
f 2882 2533 2532
f 477 2532 2533
f 2881 2533 2882
f 3161 2533 2881
f 3115 3161 2881
f 3161 3118 2533
f 2894 1572 859
f 859 2926 2894
f 2894 2329 1572
f 1573 476 1574
f 791 478 2441
f 476 2532 477
f 478 2794 2442
f 2533 3118 477
f 2908 2442 2794
f 3107 2908 2511
f 3161 3115 3118
f 2510 2511 2512
f 2584 2512 2476
f 2295 2476 2886
f 2886 2296 2295
f 2296 2886 2885
f 2549 2885 2886
f 2881 3114 3115
f 2880 2881 2882
f 2550 2902 2548
f 3218 386 3214
f 2548 2912 2900
f 386 385 3214
f 384 385 386
f 2900 2912 3424
f 427 3424 428
f 2913 2573 2914
f 2345 429 428
f 2345 2346 429
f 427 428 429
f 3329 3424 427
f 3424 3329 2900
f 2885 2549 2900
f 2991 2988 3330
f 2700 2991 2699
f 2885 2987 2296
f 89 2730 1104
f 1104 64 89
f 66 89 64
f 64 65 66
f 66 65 370
f 65 1024 370
f 2918 370 1024
f 1104 1106 64
f 2294 2295 2296
f 88 89 66
f 88 66 3414
f 3371 2920 2294
f 3066 2920 364
f 364 363 3272
f 363 2486 3272
f 2486 407 505
f 406 362 3370
f 3414 406 88
f 66 370 3414
f 407 372 1650
f 504 1650 398
f 370 2918 371
f 1024 396 2918
f 1024 258 396
f 245 396 258
f 398 397 592
f 396 245 2081
f 397 231 3195
f 231 230 2789
f 2471 2789 230
f 286 2789 2471
f 285 790 286
f 245 229 2081
f 247 285 3348
f 246 859 247
f 258 259 245
f 246 2926 859
f 275 2894 2926
f 275 3345 2894
f 3345 2329 2894
f 1572 2329 2330
f 306 307 308
f 308 307 2105
f 3158 3152 2330
f 2901 2880 3158
f 2901 769 768
f 2641 306 308
f 179 2641 308
f 179 181 2641
f 2642 2641 181
f 2642 181 3510
f 768 769 770
f 3510 3466 2642
f 2426 770 3276
f 3031 3273 3466
f 3409 3031 3466
f 804 770 2426
f 386 804 805
f 805 384 386
f 2573 385 384
f 2914 2573 2685
f 2685 3023 2914
f 2914 3023 2811
f 2810 2975 2811
f 3284 473 2812
f 2975 2810 2976
f 2976 3026 2979
f 473 474 475
f 2182 474 3004
f 3004 2183 2182
f 2979 3026 520
f 2181 2182 2183
f 2183 2361 2181
f 518 519 520
f 3310 2700 519
f 3310 1105 1104
f 1104 1105 1106
f 65 64 1106
f 65 258 1024
f 259 258 3008
f 3007 2758 3304
f 3304 3006 2958
f 3008 142 259
f 140 141 142
f 3006 2959 2958
f 140 2964 141
f 2940 141 2964
f 2940 2105 307
f 2105 179 308
f 179 180 181
f 180 3510 181
f 3510 3409 3466
f 1240 1242 3473
f 3032 3031 3409
f 3031 3033 3273
f 692 724 2830
f 724 692 691
f 691 725 724
f 2711 725 691
f 690 691 692
f 3457 690 692
f 3457 692 2080
f 3033 2967 3273
f 2406 2968 2967
f 2404 2405 2406
f 723 724 725
f 2686 2404 2604
f 2604 1307 2686
f 3024 1307 1256
f 1254 3416 1255
f 3356 1256 1285
f 1905 2726 2743
f 1285 2719 2721
f 2719 3289 2980
f 2981 2980 3289
f 2981 2585 2672
f 3598 2672 2585
f 2156 3598 2585
f 2585 2154 2156
f 2154 2155 2156
f 1914 2155 2154
f 1914 1913 2155
f 1383 2155 1913
f 1383 1913 1382
f 1382 942 1383
f 944 1383 942
f 942 943 944
f 943 2538 944
f 2538 3294 944
f 3294 2155 944
f 2155 3294 2666
f 2666 3598 2155
f 2764 2666 3294
f 2765 3294 2538
f 2539 2538 943
f 1909 943 942
f 942 3127 1909
f 3366 1909 3127
f 1457 3366 3127
f 1457 3127 1392
f 1456 1457 1392
f 1394 1456 1392
f 1392 1393 1394
f 1118 1394 1393
f 590 1118 1393
f 590 1393 2707
f 590 2707 588
f 588 589 590
f 589 588 3448
f 631 589 3448
f 631 3448 2209
f 631 2209 2210
f 2210 632 631
f 631 632 633
f 631 633 858
f 858 857 631
f 856 857 858
f 856 1119 857
f 1118 857 1119
f 1119 3319 1118
f 1456 3319 1119
f 1119 3278 1456
f 3277 1456 3278
f 3277 3278 3025
f 3278 2691 3025
f 856 2691 3278
f 2138 2691 856
f 2138 856 633
f 633 934 2138
f 2138 934 935
f 2690 2138 935
f 935 871 2690
f 934 871 935
f 871 934 872
f 870 871 872
f 2858 870 872
f 2858 872 3192
f 2858 3192 2859
f 2857 2858 2859
f 2859 2972 2857
f 2857 2972 2243
f 2857 2243 3171
f 2242 3171 2243
f 2242 2243 2244
f 3216 2242 2244
f 2861 3216 2244
f 2861 2244 1633
f 1632 2861 1633
f 1632 1633 1298
f 1129 1632 1298
f 1129 1298 1299
f 3351 1129 1299
f 1299 2676 3351
f 2870 3351 2676
f 2869 2870 2676
f 2677 2869 2676
f 2677 3706 2869
f 2869 3706 2332
f 2869 2332 2331
f 2331 2332 2333
f 2331 2333 3413
f 2872 2331 3413
f 3413 1763 2872
f 1762 2872 1763
f 1762 1763 1742
f 1741 1762 1742
f 1741 1742 1743
f 3415 1741 1743
f 1743 2655 3415
f 3342 3415 2655
f 3375 3342 2655
f 3375 2655 3519
f 3375 3519 2273
f 2273 1288 3375
f 2272 1288 2273
f 2271 2272 2273
f 2271 2273 2957
f 2271 2957 1199
f 3378 2271 1199
f 1198 3378 1199
f 1198 1199 1200
f 1198 1200 1464
f 1198 1464 1465
f 1465 3377 1198
f 3336 1198 3377
f 3377 1289 3336
f 2272 3336 1289
f 3336 2272 3378
f 3377 3716 1289
f 2232 1289 3716
f 3716 2233 2232
f 2232 2233 2234
f 2232 2234 1287
f 1287 2234 1208
f 3342 1287 1208
f 1288 1287 3342
f 1287 1288 1289
f 2234 1209 1208
f 1208 1209 1210
f 1210 3415 1208
f 1210 1209 3340
f 1144 1210 3340
f 3340 1142 1144
f 1142 1143 1144
f 1762 1144 1143
f 3027 1143 1142
f 1130 3027 1142
f 1130 1142 2059
f 2059 1131 1130
f 1129 1130 1131
f 1131 3219 1129
f 3219 1131 2826
f 2826 2828 3219
f 1632 3219 2828
f 1632 2828 1409
f 1632 1409 3216
f 3216 1409 2113
f 2113 895 3216
f 895 2113 896
f 895 896 897
f 895 897 2242
f 896 886 897
f 897 886 3171
f 3171 886 2858
f 896 887 886
f 870 886 887
f 870 887 3162
f 3180 887 896
f 896 1419 3180
f 1419 3186 3180
f 3180 3186 3178
f 3178 3179 3180
f 956 3179 3178
f 956 3178 641
f 640 956 641
f 640 641 642
f 642 2367 640
f 2367 622 640
f 640 622 621
f 640 621 957
f 1967 957 621
f 621 622 623
f 2367 623 622
f 2367 642 3134
f 3135 2367 3134
f 3134 1895 3135
f 962 3135 1895
f 963 962 1895
f 1895 284 963
f 284 3076 963
f 963 3076 1057
f 963 1057 964
f 964 1057 3021
f 1479 964 3021
f 3021 2049 1479
f 1042 1479 2049
f 1042 2049 1043
f 1041 1042 1043
f 2395 1041 1043
f 1043 3202 2395
f 2049 3202 1043
f 2049 3210 3202
f 3210 3203 3202
f 2195 3202 3203
f 3203 1489 2195
f 1490 1489 3203
f 3021 1490 3203
f 1489 1490 1491
f 1489 1491 2194
f 3210 3021 3203
f 2049 3021 3210
f 964 1479 1478
f 1478 962 964
f 1477 1478 1479
f 1057 1490 3021
f 1057 226 1490
f 226 3271 1490
f 3271 3212 1490
f 226 225 3271
f 225 2943 3271
f 2943 225 2636
f 225 1236 2636
f 1235 2636 1236
f 1235 1236 1226
f 1226 1897 1235
f 1236 283 1226
f 1224 1226 283
f 1224 283 1895
f 1224 1895 642
f 1224 1225 1226
f 1224 641 1225
f 283 1236 227
f 283 227 284
f 227 1236 225
f 225 226 227
f 3076 227 226
f 226 1057 3076
f 284 227 3076
f 1895 283 284
f 962 963 964
f 3135 962 1478
f 3177 3135 1478
f 3177 2367 3135
f 3134 642 1895
f 642 641 1224
f 956 640 957
f 641 3178 1225
f 956 957 3179
f 2527 3179 957
f 887 3179 2527
f 3186 1890 3178
f 3186 1419 1421
f 3226 3186 1421
f 3226 1421 2977
f 2977 1421 1420
f 1419 1420 1421
f 1420 1419 2113
f 3258 1420 2113
f 887 3180 3179
f 896 2113 1419
f 1408 2113 1409
f 1408 1409 1410
f 1410 1409 2828
f 2827 1410 2828
f 360 1410 2827
f 3098 360 2827
f 2826 3098 2827
f 2826 3053 3098
f 3751 3098 3053
f 3052 3751 3053
f 3052 3053 3054
f 3052 3054 3479
f 3479 3754 3052
f 1868 3754 3479
f 1867 3754 1868
f 1867 1868 1869
f 1932 1867 1869
f 1869 159 1932
f 3061 1932 159
f 158 3061 159
f 126 158 159
f 125 158 126
f 125 126 127
f 127 3059 125
f 125 3059 3060
f 3060 3143 125
f 3143 3090 125
f 3090 3143 2784
f 2784 2783 3090
f 670 3090 2783
f 2783 1986 670
f 1985 670 1986
f 1986 3141 1985
f 1985 3141 671
f 3141 3087 671
f 671 3087 707
f 671 707 708
f 671 708 672
f 670 671 672
f 708 1333 672
f 1333 1332 672
f 672 1332 158
f 3090 672 158
f 1332 1333 1334
f 3244 1332 1334
f 1932 3244 1334
f 1932 1334 405
f 1932 405 1321
f 1321 405 404
f 1320 1321 404
f 1320 404 3098
f 1320 1867 1321
f 404 405 360
f 405 358 360
f 358 359 360
f 360 359 2702
f 358 3041 359
f 2451 359 3041
f 3041 3042 2451
f 3042 1850 2451
f 3042 3760 1850
f 3760 2100 1850
f 1850 2100 1851
f 1850 1851 1852
f 1851 7 1852
f 1851 2100 7
f 2100 2102 7
f 7 2102 8
f 7 8 9
f 7 9 44
f 9 43 44
f 9 3045 43
f 43 3045 3046
f 3046 2960 43
f 2772 43 2960
f 2960 3119 2772
f 1969 2772 3119
f 3119 3124 1969
f 3124 1970 1969
f 1969 1970 1971
f 3123 1970 3124
f 3124 604 3123
f 2963 3123 604
f 570 2963 604
f 570 604 605
f 570 605 571
f 569 570 571
f 2083 569 571
f 2083 571 2094
f 2084 2083 2094
f 2084 2094 2093
f 2084 2093 3535
f 3771 2084 3535
f 3771 3535 2050
f 497 3771 2050
f 497 2050 2051
f 497 2051 3200
f 2969 497 3200
f 3200 1016 2969
f 983 2969 1016
f 983 1016 1017
f 1017 984 983
f 982 983 984
f 982 984 3205
f 2756 982 3205
f 2756 3205 3159
f 3159 3160 2756
f 785 2756 3160
f 785 3160 3775
f 2002 785 3775
f 2002 3775 2003
f 2002 2003 786
f 786 2003 3156
f 3156 3167 786
f 755 786 3167
f 3519 755 3167
f 785 786 755
f 755 754 785
f 754 755 756
f 756 3109 754
f 754 3109 2756
f 1743 3109 756
f 1743 3108 3109
f 3109 3108 982
f 3108 1954 982
f 1954 3003 982
f 1955 3003 1954
f 1954 1742 1955
f 1742 3106 1955
f 3117 1955 3106
f 3106 496 3117
f 3117 496 497
f 496 454 497
f 452 454 496
f 452 453 454
f 2082 454 453
f 2352 2082 453
f 453 3256 2352
f 3256 2350 2352
f 2350 2351 2352
f 2352 2351 569
f 2350 3257 2351
f 1785 2351 3257
f 1785 3257 1783
f 1783 1784 1785
f 1784 2104 1785
f 1785 2104 2963
f 2963 2104 3426
f 2104 1935 3426
f 3426 1935 2626
f 3426 2626 3123
f 1935 2304 2626
f 2626 2304 2303
f 2626 2303 2624
f 2624 2303 2302
f 2302 2303 2304
f 2304 3387 2302
f 2304 1918 3387
f 1710 3387 1918
f 1918 1708 1710
f 1708 1709 1710
f 1710 1709 2301
f 1708 3034 1709
f 3395 1709 3034
f 3034 3394 3395
f 3395 3394 3611
f 3295 3395 3611
f 3394 3610 3611
f 3611 3610 3296
f 3296 3610 1229
f 3610 1230 1229
f 1228 1229 1230
f 1230 1327 1228
f 1327 2362 1228
f 1327 1230 3220
f 1327 3220 1223
f 1327 1223 1222
f 1222 2247 1327
f 1221 1222 1223
f 1221 1223 3243
f 1221 3243 3242
f 1221 3242 3227
f 3227 2432 1221
f 2434 2432 3227
f 3758 2434 3227
f 3758 3227 1324
f 1323 3758 1324
f 1323 1324 1325
f 1323 1325 2600
f 1323 2600 2601
f 1317 1323 2601
f 2601 1754 1317
f 1317 1754 1755
f 1755 1318 1317
f 1317 1318 1319
f 1319 1318 486
f 1319 486 2368
f 2368 3250 1319
f 1319 3250 3245
f 3245 1323 1319
f 3245 3250 3780
f 2435 3245 3780
f 2435 3780 2433
f 2433 2434 2435
f 2433 3467 2434
f 3467 1834 2434
f 1834 3467 3645
f 1835 1834 3645
f 1833 1834 1835
f 1833 2432 1834
f 2432 1833 3472
f 2432 3472 1222
f 3472 2610 1222
f 2610 3472 2378
f 2378 3472 1833
f 3540 3645 3467
f 3467 3576 3540
f 2369 3540 3576
f 3576 2370 2369
f 2368 2369 2370
f 2368 3430 2369
f 3430 1551 2369
f 3430 1552 1551
f 1550 1551 1552
f 1552 1792 1550
f 1550 1792 2366
f 2366 1792 2187
f 2366 2187 2188
f 2187 2169 2188
f 2171 2188 2169
f 2169 2170 2171
f 2322 2171 2170
f 2170 3580 2322
f 2325 2322 3580
f 2325 3580 2323
f 2323 2324 2325
f 2324 3197 2325
f 2325 3197 1725
f 3197 3199 1725
f 3199 1723 1725
f 1723 1724 1725
f 1725 1724 2322
f 1724 3407 2322
f 1724 1527 3407
f 3406 3407 1527
f 1527 3287 3406
f 3619 3406 3287
f 3287 3618 3619
f 3619 3618 2415
f 3619 2415 2631
f 2415 2416 2631
f 2415 2413 2416
f 3343 2416 2413
f 2413 1814 3343
f 1814 2413 2412
f 2412 1815 1814
f 1814 1815 1816
f 2412 2413 2414
f 2414 2566 2412
f 3460 2566 2414
f 3459 3460 2414
f 3459 2414 3618
f 3361 3460 3459
f 3644 3361 3459
f 3287 3644 3459
f 3644 3287 3529
f 3286 3529 3287
f 3285 3286 3287
f 3189 3286 3285
f 3285 1527 3189
f 1526 3189 1527
f 1525 1526 1527
f 1525 1527 3293
f 3393 1525 3293
f 3393 3293 2157
f 2157 3293 1723
f 2149 2157 1723
f 2148 2157 2149
f 2148 2149 2150
f 2150 3080 2148
f 2148 3080 3574
f 3574 2382 2148
f 2382 3574 3176
f 3357 2382 3176
f 3357 3176 3175
f 1671 3357 3175
f 1671 3175 1672
f 1670 1671 1672
f 1670 1672 3362
f 1670 3362 2259
f 2259 3400 1670
f 3362 2260 2259
f 2253 2259 2260
f 2253 2260 2254
f 2252 2253 2254
f 2252 2254 3599
f 2252 3599 2397
f 3589 2252 2397
f 2396 3589 2397
f 2396 2397 2398
f 2398 1582 2396
f 3275 2396 1582
f 1581 3275 1582
f 1580 1581 1582
f 1580 1805 1581
f 1805 2394 1581
f 2200 2394 1805
f 1805 2214 2200
f 2200 2214 2215
f 2200 2215 149
f 149 2199 2200
f 149 3591 2199
f 3591 2228 2199
f 2199 2228 2394
f 2228 3274 2394
f 3274 3275 2394
f 3274 1506 3275
f 3720 3275 1506
f 1505 3720 1506
f 1505 1506 1507
f 1507 3568 1505
f 3568 2139 1505
f 1505 2139 3280
f 2140 3280 2139
f 2139 2130 2140
f 2140 2130 2129
f 2129 2130 2131
f 2130 3369 2131
f 288 3369 2130
f 288 2130 2474
f 288 2474 2475
f 3346 288 2475
f 2475 3597 3346
f 1629 3346 3597
f 3597 1627 1629
f 1627 1628 1629
f 1628 356 1629
f 1629 356 223
f 289 1629 223
f 289 223 222
f 288 289 222
f 222 223 224
f 411 224 223
f 223 357 411
f 2490 411 357
f 357 2491 2490
f 1758 2490 2491
f 2491 3089 1758
f 3759 1758 3089
f 3759 3089 2607
f 1757 1758 3759
f 1757 409 1758
f 2491 2185 3089
f 409 2490 1758
f 357 2186 2491
f 411 2490 409
f 409 410 411
f 223 356 357
f 357 356 2175
f 1628 3095 356
f 356 3095 2176
f 3095 3372 2176
f 3373 3372 3095
f 3372 3373 2274
f 2274 1691 3372
f 1691 2190 3372
f 2190 1691 1690
f 1689 1690 1691
f 2274 1689 1691
f 3604 1689 2274
f 3376 3604 2274
f 2267 3376 2274
f 2267 2274 2275
f 2275 2268 2267
f 2266 2267 2268
f 2024 2266 2268
f 3333 2024 2268
f 3333 2268 2475
f 3332 2024 3333
f 3331 3332 3333
f 2474 3331 3333
f 3331 2474 1610
f 1609 3331 1610
f 1507 1609 1610
f 1609 1507 3338
f 2236 1609 3338
f 2227 2236 3338
f 2227 3338 1506
f 2235 2236 2227
f 2229 2235 2227
f 2227 2228 2229
f 2063 2235 2229
f 2064 2063 2229
f 3591 2064 2229
f 3591 148 2064
f 2064 148 2065
f 2064 2065 2040
f 2064 2040 1103
f 1103 2040 3268
f 3268 1101 1103
f 1101 1102 1103
f 1102 2063 1103
f 1101 3217 1102
f 1102 3217 2236
f 3217 1886 2236
f 3544 2236 1886
f 3332 3544 1886
f 1886 3543 3332
f 3543 1886 1885
f 1885 1901 3543
f 2024 3543 1901
f 1901 2023 2024
f 2023 1901 1900
f 2023 1900 854
f 854 853 2023
f 2023 853 2266
f 853 854 855
f 854 2022 855
f 1900 2022 854
f 2022 1900 3071
f 2022 3071 3181
f 3181 3071 629
f 3181 629 1192
f 3181 1192 3474
f 1192 629 274
f 1193 1192 274
f 274 273 1193
f 1193 273 1796
f 273 1944 1796
f 273 594 1944
f 594 1943 1944
f 517 1943 594
f 593 517 594
f 593 515 517
f 515 516 517
f 516 3128 517
f 516 3127 3128
f 3127 3436 3128
f 3128 3436 1943
f 1196 1943 3436
f 3436 1913 1196
f 1913 1912 1196
f 1382 3436 3127
f 1392 516 515
f 2802 1392 515
f 2802 515 593
f 1008 2802 593
f 1008 593 628
f 1007 1008 628
f 630 1007 628
f 628 629 630
f 629 628 272
f 1007 630 1899
f 1899 3450 1007
f 3449 1007 3450
f 3449 3450 1885
f 1452 3449 1885
f 1885 1884 1452
f 1453 1452 1884
f 1884 2128 1453
f 2128 3268 1453
f 2209 1453 3268
f 3268 2039 2209
f 2128 1884 1101
f 1452 1453 1454
f 1454 2127 1452
f 1454 2707 2127
f 2127 2707 1007
f 588 1454 1453
f 2127 3449 1452
f 2127 1007 3449
f 3450 1899 1901
f 3071 1899 630
f 2707 1008 1007
f 272 628 593
f 593 273 272
f 2802 1008 1393
f 1943 517 3128
f 273 593 594
f 272 273 274
f 1192 1193 1194
f 272 274 629
f 3071 630 629
f 3071 1900 1899
f 1899 1900 1901
f 3450 1901 1885
f 1884 1885 1886
f 3217 1884 1886
f 3217 1101 1884
f 3268 2128 1101
f 2039 3268 2040
f 2038 2039 2040
f 2210 2039 2038
f 2038 3530 2210
f 931 2210 3530
f 3530 932 931
f 930 931 932
f 932 2037 930
f 2037 3049 930
f 3192 930 3049
f 3049 3191 3192
f 3049 3534 3191
f 3534 2973 3191
f 3191 2973 2859
f 3317 2973 3534
f 2119 3317 3534
f 3534 2120 2119
f 1870 2119 2120
f 2120 3254 1870
f 150 1870 3254
f 3254 1378 150
f 1380 150 1378
f 1378 1379 1380
f 1379 2118 1380
f 2065 1380 2118
f 2118 2038 2065
f 2118 1379 3261
f 2118 3261 3530
f 1379 3563 3261
f 2037 3261 3563
f 3563 3050 2037
f 3050 3563 3481
f 3481 2120 3050
f 3049 3050 2120
f 3254 3481 3563
f 3254 3563 1379
f 148 150 1380
f 148 149 150
f 149 3480 150
f 1871 150 3480
f 1871 3480 3058
f 3058 1864 1871
f 1870 1871 1864
f 1864 3058 1865
f 1863 1864 1865
f 1865 3486 1863
f 3486 3140 1863
f 1863 3140 3317
f 3139 3317 3140
f 3138 3139 3140
f 3138 3140 3674
f 699 3138 3674
f 3674 700 699
f 698 699 700
f 700 3145 698
f 3513 698 3145
f 1978 3513 3145
f 1978 3145 1987
f 1987 1988 1978
f 1978 1988 1979
f 1978 1979 1980
f 1980 1979 2106
f 1980 2106 2332
f 2332 2106 3499
f 1783 3499 2106
f 2106 1979 1783
f 1979 3234 1783
f 3234 395 1783
f 3234 393 395
f 393 394 395
f 395 394 1282
f 1282 2104 395
f 394 3093 1282
f 3093 1919 1282
f 1282 1919 1935
f 3093 1917 1919
f 1917 1918 1919
f 1917 3035 1918
f 1917 3501 3035
f 3501 3475 3035
f 3475 3036 3035
f 3034 3035 3036
f 3034 3036 72
f 3036 3283 72
f 72 3283 73
f 72 73 74
f 72 74 3394
f 73 1843 74
f 74 1843 1230
f 1854 1843 73
f 1854 1855 1843
f 1855 1844 1843
f 1843 1844 1845
f 1843 1845 3220
f 3243 1845 1844
f 2600 1844 1855
f 2600 1855 2669
f 1855 3122 2669
f 3122 598 2669
f 2669 598 2601
f 600 2601 598
f 598 599 600
f 1996 600 599
f 1996 599 3309
f 1996 3309 1556
f 1022 1996 1556
f 1022 1556 1023
f 1021 1022 1023
f 1023 1964 1021
f 3307 1021 1964
f 3307 1964 2684
f 2683 3307 2684
f 2682 2683 2684
f 2682 2684 3196
f 3196 3456 2682
f 2682 3456 1013
f 1012 2682 1013
f 1012 1013 1014
f 1116 1012 1014
f 1014 3322 1116
f 3322 2688 1116
f 1116 2688 1585
f 1116 1585 1117
f 1115 1116 1117
f 1117 2043 1115
f 1115 2043 3320
f 1115 3320 1012
f 3320 3153 1012
f 3320 3154 3153
f 3153 3154 2683
f 3154 3320 3678
f 779 3154 3678
f 3678 777 779
f 777 778 779
f 779 778 1021
f 777 3521 778
f 3521 2004 778
f 778 2004 1022
f 1022 2004 1994
f 2004 1995 1994
f 1994 1995 1996
f 1995 3104 1996
f 3104 1995 3520
f 3520 484 3104
f 3104 484 3105
f 3104 3105 1755
f 3104 1755 600
f 1755 3222 600
f 484 486 3105
f 484 485 486
f 485 3507 486
f 3507 485 1957
f 3111 3507 1957
f 1956 3111 1957
f 1947 1956 1957
f 1947 1957 1948
f 1946 1947 1948
f 1946 1948 3509
f 3508 1946 3509
f 3508 3509 3870
f 3870 3871 3508
f 3508 3871 3872
f 3875 3508 3872
f 3433 3875 3872
f 3879 3433 3872
f 3434 3433 3879
f 3434 3879 3882
f 3883 3434 3882
f 3882 3887 3883
f 3883 3887 3890
f 3891 3883 3890
f 3890 3797 3891
f 3891 3797 3895
f 3895 3755 3891
f 3755 3432 3891
f 3755 3756 3432
f 3432 3756 3433
f 3756 3899 3433
f 3899 3901 3433
f 3899 3903 3901
f 3903 3447 3901
f 3901 3447 1946
f 3901 1946 3875
f 3903 3910 3447
f 3910 3757 3447
f 1956 3447 3757
f 3757 3915 1956
f 3213 3915 3757
f 3757 3851 3213
f 3809 3213 3851
f 3851 3623 3809
f 3623 3622 3809
f 3808 3809 3622
f 3622 3923 3808
f 3808 3923 3422
f 3423 3422 3923
f 3923 3928 3423
f 3932 3423 3928
f 3928 3933 3932
f 3932 3933 3935
f 3550 3932 3935
f 3935 3555 3550
f 3550 3555 3551
f 3550 3551 3552
f 3410 3550 3552
f 3411 3410 3552
f 3411 3552 3553
f 3553 3554 3411
f 3411 3554 2170
f 2170 3412 3411
f 3948 3554 3553
f 3812 3948 3553
f 3813 3812 3553
f 3496 3813 3553
f 3813 3496 3490
f 3762 3813 3490
f 3490 3763 3762
f 3761 3762 3763
f 3964 3761 3763
f 3968 3964 3763
f 3968 3763 3558
f 3559 3968 3558
f 3558 3546 3559
f 3559 3546 3545
f 3612 3559 3545
f 3613 3612 3545
f 3613 3545 3547
f 3613 3547 3858
f 3858 3980 3613
f 3613 3980 3614
f 3614 3980 3404
f 3982 3614 3404
f 3982 3404 3403
f 3403 3985 3982
f 3982 3985 3766
f 3766 3987 3982
f 3766 3765 3987
f 3987 3765 3612
f 3614 3987 3612
f 3764 3765 3766
f 3992 3765 3764
f 3994 3992 3764
f 3764 3996 3994
f 3997 3994 3996
f 3997 3996 4000
f 4000 4001 3997
f 3997 4001 3389
f 3997 3389 3772
f 3389 3391 3772
f 3772 3391 3773
f 3772 3773 4007
f 4007 3992 3772
f 4007 3860 3992
f 3862 3992 3860
f 3860 3861 3862
f 3862 3861 4014
f 3862 4014 3765
f 3765 4014 4018
f 3765 4018 3559
f 4022 3559 4018
f 4018 4025 4022
f 3964 4022 4025
f 4025 4028 3964
f 4028 4025 2324
f 4025 4030 2324
f 3861 4030 4025
f 4025 4032 3861
f 3861 4034 4030
f 4034 3776 4030
f 3776 3198 4030
f 4030 3198 3197
f 2150 3198 3776
f 2150 3776 4037
f 4037 4040 2150
f 4040 4037 3390
f 4040 3390 4042
f 4045 4040 4042
f 4042 4046 4045
f 4049 4045 4046
f 4049 4046 3781
f 3736 4049 3781
f 3781 3782 3736
f 3782 4053 3736
f 3737 3736 4053
f 4056 3737 4053
f 4056 3721 3737
f 3737 3721 3723
f 3723 3738 3737
f 3755 3738 3723
f 3723 3722 3755
f 3721 3722 3723
f 3722 3721 4059
f 4059 4062 3722
f 4062 4063 3722
f 3899 3722 4063
f 4063 4065 3899
f 4066 4065 4063
f 4066 3828 4065
f 3828 3825 4065
f 4065 3825 3826
f 4065 3826 3903
f 3825 3624 3826
f 3826 3624 3910
f 3624 3623 3910
f 3624 3825 4071
f 4071 3622 3624
f 3725 3622 4071
f 3726 3725 4071
f 3724 3725 3726
f 3726 3827 3724
f 3735 3724 3827
f 3735 3827 3829
f 4077 3735 3829
f 4077 3829 4062
f 4062 3829 4066
f 4084 3735 4077
f 4084 4077 4086
f 4088 4084 4086
f 3728 4088 4086
f 3728 4086 4056
f 3728 4056 3730
f 3732 3728 3730
f 3730 3731 3732
f 4092 3732 3731
f 3731 4095 4092
f 4098 4092 4095
f 4095 3985 4098
f 4095 3764 3985
f 4092 4098 4102
f 4092 4102 3729
f 4102 4104 3729
f 4104 3836 3729
f 3727 3729 3836
f 3835 3727 3836
f 3836 4112 3835
f 4112 3636 3835
f 3835 3636 4115
f 3835 4115 4088
f 4115 3636 3633
f 3633 3735 4115
f 3633 3734 3735
f 3633 4120 3734
f 4123 3734 4120
f 4120 4125 4123
f 4128 4123 4125
f 3928 4128 4125
f 4128 3928 4130
f 4128 4130 3725
f 4130 3923 3725
f 4125 4120 4137
f 4137 4138 4125
f 4125 4138 3933
f 4137 3742 4138
f 3744 4138 3742
f 3742 3743 3744
f 4142 3744 3743
f 4142 3743 4143
f 4144 4142 4143
f 3779 4144 4143
f 4144 3779 3778
f 4144 3778 4148
f 4148 4149 4144
f 4149 3493 4144
f 4149 4156 3493
f 3493 4156 3494
f 3493 3494 3495
f 3555 3493 3495
f 4142 3493 3555
f 3494 3491 3495
f 3495 3491 3496
f 3495 3496 3551
f 3494 3492 3491
f 3490 3491 3492
f 3503 3490 3492
f 3503 3492 3869
f 3503 3869 3504
f 3502 3503 3504
f 4162 3502 3504
f 4162 3504 4164
f 3867 4162 4164
f 4164 4168 3867
f 3868 3867 4168
f 3868 4168 4170
f 4170 4172 3868
f 3746 3868 4172
f 3746 4172 3747
f 3745 3746 3747
f 4174 3745 3747
f 3845 4174 3747
f 4175 3845 3747
f 3747 3694 4175
f 4175 3694 4177
f 3696 4175 4177
f 4175 3696 3846
f 3846 3696 4179
f 3846 4179 3235
f 3846 3235 3847
f 3845 3846 3847
f 3847 4184 3845
f 3847 4185 4184
f 3750 4184 4185
f 4185 4186 3750
f 4186 4189 3750
f 3750 4189 3748
f 3748 3749 3750
f 3750 3749 4190
f 4190 4174 3750
f 4192 4174 4190
f 4192 4190 4193
f 4193 4194 4192
f 4192 4194 3864
f 3745 4192 3864
f 3745 3864 3863
f 3863 4199 3745
f 4200 4199 3863
f 3863 4201 4200
f 3859 4200 4201
f 3402 3859 4201
f 3804 3402 4201
f 4206 3804 4201
f 4201 3865 4206
f 3865 4207 4206
f 4206 4207 4208
f 4212 4206 4208
f 4215 4212 4208
f 4208 4216 4215
f 4217 4215 4216
f 4216 4219 4217
f 3638 4217 4219
f 4219 3682 3638
f 3684 3638 3682
f 3682 3683 3684
f 3684 3683 3777
f 3639 3684 3777
f 3639 3777 4224
f 4224 4225 3639
f 3640 3639 4225
f 3640 4225 3691
f 3691 3689 3640
f 3640 3689 4217
f 3689 3691 3690
f 3688 3689 3690
f 3690 4104 3688
f 3688 4104 3856
f 3688 3856 3803
f 3688 3803 3805
f 3803 3804 3805
f 3805 3804 4212
f 3803 3856 3403
f 3403 3402 3803
f 4098 3403 3856
f 4104 3690 4233
f 3690 3635 4233
f 4112 4233 3635
f 3635 3690 3693
f 3693 4243 3635
f 4243 3630 3635
f 3635 3630 3632
f 3635 3632 3636
f 3630 3631 3632
f 3742 3632 3631
f 3632 3742 4246
f 3632 4246 3634
f 3633 3632 3634
f 4120 3634 4246
f 3631 3630 4247
f 4247 3779 3631
f 3779 3743 3631
f 3777 3779 4247
f 3692 4247 3630
f 4247 3692 4224
f 3692 3630 4243
f 4243 3693 3692
f 3691 3692 3693
f 3805 3689 3688
f 3689 3805 4215
f 3693 3690 3691
f 3691 4225 3692
f 3638 3639 3640
f 4225 4224 3692
f 4224 3777 4247
f 3683 4261 3777
f 4261 3778 3777
f 3683 3650 4261
f 3650 3247 4261
f 4266 4261 3247
f 4266 3247 3246
f 4266 3246 4270
f 3853 4266 4270
f 3854 3853 4270
f 4270 4272 3854
f 4275 3854 4272
f 4275 4272 4277
f 3695 4275 4277
f 3695 4277 3696
f 3694 3695 3696
f 3694 4170 3695
f 4275 3695 4170
f 4170 4164 4275
f 4277 4272 3848
f 4277 3848 4284
f 4284 3236 4277
f 4179 4277 3236
f 4284 3708 3236
f 3707 3236 3708
f 3707 3708 3709
f 3709 4291 3707
f 3237 3707 4291
f 3229 3237 4291
f 3229 4291 3240
f 3230 3229 3240
f 3230 3240 3239
f 4295 3230 3239
f 4295 3239 4296
f 4296 4300 4295
f 4186 4295 4300
f 4288 4295 4186
f 4304 4300 4296
f 4304 4296 4283
f 4283 4282 4304
f 4304 4282 3582
f 3698 4304 3582
f 3582 4308 3698
f 3699 3698 4308
f 4308 3593 3699
f 3699 3593 3711
f 3699 3711 3697
f 3697 3711 3712
f 3697 3712 4313
f 4313 3769 3697
f 3769 3748 3697
f 3697 3748 3698
f 3769 4313 4318
f 4193 3769 4318
f 4318 3717 4193
f 4318 4320 3717
f 3717 4320 3718
f 3717 3718 3719
f 3717 3719 4207
f 3717 4207 4194
f 3719 3718 3820
f 3719 3820 4216
f 3718 3819 3820
f 3820 3819 3682
f 3819 3650 3682
f 3819 3649 3650
f 3649 3248 3650
f 3649 4328 3248
f 4331 3248 4328
f 4328 3677 4331
f 3677 4330 4331
f 4330 4332 4331
f 4331 4332 4334
f 4327 4334 4332
f 4332 3786 4327
f 4325 4327 3786
f 3788 4325 3786
f 3786 3787 3788
f 4337 3788 3787
f 4338 4337 3787
f 3787 4339 4338
f 4339 3651 4338
f 4341 4338 3651
f 3653 4341 3651
f 3651 3652 3653
f 3680 3653 3652
f 3680 3652 4343
f 4343 4344 3680
f 4345 3680 4344
f 4345 4344 3799
f 4348 4345 3799
f 4352 4348 3799
f 4352 3799 3584
f 4355 4352 3584
f 3584 3593 4355
f 4356 4355 3593
f 3593 3661 4356
f 4356 3661 3660
f 3660 3661 3662
f 3662 4358 3660
f 4359 3660 4358
f 4358 3666 4359
f 3666 4360 4359
f 4363 4359 4360
f 4348 4363 4360
f 4352 4359 4363
f 3666 3793 4360
f 3793 3794 4360
f 4345 4360 3794
f 3793 3679 3794
f 3679 3680 3794
f 4373 3679 3793
f 4373 4341 3679
f 4373 4375 4341
f 3665 4375 4373
f 3666 3665 4373
f 3662 3665 3666
f 4380 3665 3662
f 4380 3662 3583
f 4283 4380 3583
f 4283 3239 4380
f 3241 4380 3239
f 4380 3241 3665
f 3241 4387 3665
f 4387 3241 3240
f 3240 4391 4387
f 4391 3673 4387
f 4387 3673 4375
f 4338 4375 3673
f 3673 3672 4338
f 3671 3672 3673
f 3709 3671 3673
f 3672 3671 3708
f 3709 3673 4391
f 4391 3240 3709
f 4375 3665 4387
f 3666 4373 3793
f 4355 3660 4359
f 4358 3662 3666
f 3583 3662 3661
f 3583 3661 3581
f 3581 3582 3583
f 3661 4308 3581
f 3660 4355 4356
f 3577 3593 3584
f 3584 3585 3577
f 3577 3585 4404
f 3577 4404 3578
f 3577 3578 3579
f 3579 3578 4329
f 3579 4329 3676
f 3676 3592 3579
f 3592 3593 3579
f 3676 4406 3592
f 3711 3592 4406
f 3676 3675 4406
f 4406 3675 4333
f 4320 4406 4333
f 4320 4333 3852
f 3819 3852 4333
f 3712 4406 4320
f 4333 3675 3649
f 3675 3676 3677
f 4329 3677 3676
f 4330 4329 3578
f 3578 4404 4330
f 4343 4330 4404
f 4343 4410 4330
f 4343 4411 4410
f 3786 4410 4411
f 3585 4343 4404
f 3593 3577 3579
f 4359 4352 4355
f 3584 3799 3585
f 4348 4352 4363
f 4360 4345 4348
f 3799 4344 3585
f 3794 3680 4345
f 3585 4344 4343
f 4343 3652 4411
f 3679 3653 3680
f 3651 4411 3652
f 4341 3653 3679
f 4375 4338 4341
f 3651 4339 4411
f 4411 4339 3787
f 4338 3672 4337
f 3788 4337 3672
f 3850 3788 3672
f 4284 3850 3672
f 4411 3787 3786
f 3850 4325 3788
f 3850 4374 4325
f 4374 4326 4325
f 4374 4379 4326
f 4379 4334 4326
f 4378 4334 4379
f 4364 4378 4379
f 4379 4382 4364
f 4382 4272 4364
f 4272 4382 3849
f 3849 4382 4374
f 3246 4378 4364
f 3246 3248 4378
f 4334 4378 3248
f 4382 4379 4374
f 4374 3850 3849
f 3848 3849 3850
f 4325 4326 4327
f 4332 4410 3786
f 4327 4326 4334
f 4330 4410 4332
f 4329 4330 3677
f 3677 4328 3675
f 3248 4331 4334
f 4328 3649 3675
f 4333 3649 3819
f 3718 3852 3819
f 3852 3718 4320
f 4320 4318 4313
f 4313 3712 4320
f 3711 4406 3712
f 3592 3711 3593
f 4308 3661 3593
f 3697 3698 3699
f 3581 4308 3582
f 4304 3698 3748
f 3583 3582 4282
f 3583 4282 4283
f 4189 4300 4304
f 4283 4296 3239
f 4288 3230 4295
f 4288 3231 3230
f 4288 4185 3231
f 3239 3240 3241
f 3229 3230 3231
f 3231 4294 3229
f 3231 3235 4294
f 3237 4294 3235
f 3235 3236 3237
f 4294 3237 3229
f 3240 4291 3709
f 3709 3708 3671
f 3237 3236 3707
f 3708 4284 3672
f 3848 3850 4284
f 3848 4272 3849
f 4164 3854 4275
f 4272 4270 4364
f 3853 3854 3855
f 3853 3855 4156
f 3504 3855 3854
f 3853 4148 4266
f 4270 3246 4364
f 3246 3247 3248
f 4148 4261 4266
f 3247 3650 3248
f 3650 3683 3682
f 3638 3684 3639
f 3820 3682 4219
f 3638 3640 4217
f 4216 3820 4219
f 4217 3689 4215
f 4216 4208 3719
f 4212 4215 3805
f 4208 4207 3719
f 3865 3864 4207
f 3804 4206 4212
f 3804 3803 3402
f 3857 3859 3402
f 3404 3857 3402
f 3857 3858 3859
f 3858 4238 3859
f 3866 4238 3858
f 4238 3866 4239
f 4200 4238 4239
f 3866 3868 4239
f 4238 4200 3859
f 4201 3863 3865
f 4239 4199 4200
f 4239 3746 4199
f 3863 3864 3865
f 3864 4194 4207
f 3717 4194 4193
f 4193 4190 3769
f 3769 4190 3749
f 3749 3748 3769
f 3748 4189 4304
f 4186 4300 4189
f 4186 4185 4288
f 4174 4184 3750
f 3231 4185 3847
f 3231 3847 3235
f 3235 4179 3236
f 3696 4277 4179
f 3696 4177 3694
f 3845 4175 3846
f 4174 3845 4184
f 4174 4192 3745
f 3746 3745 4199
f 3747 4172 3694
f 3868 3746 4239
f 4172 4170 3694
f 3866 3867 3868
f 3866 3547 3867
f 4168 4164 4170
f 3547 4162 3867
f 3547 3546 4162
f 4164 3504 3854
f 3558 3502 4162
f 3502 3558 3503
f 3504 3869 3855
f 3869 3494 3855
f 3494 3869 3492
f 4156 3855 3494
f 4149 3853 4156
f 3853 4149 4148
f 4148 3778 4261
f 3777 3778 3779
f 4142 4144 3493
f 3779 4143 3743
f 4142 3555 3744
f 3631 3743 3742
f 3935 4138 3744
f 4137 4246 3742
f 4137 4120 4246
f 3734 4123 4128
f 3734 4128 3724
f 3634 4120 3633
f 3636 3632 3633
f 3636 4112 3635
f 4233 4112 3836
f 3727 3835 4088
f 3727 3728 3729
f 4233 3836 4104
f 4102 3856 4104
f 4102 4098 3856
f 3731 4000 4095
f 4000 3731 3824
f 4092 3729 3732
f 3731 3730 3824
f 3730 4311 3824
f 3824 4311 3990
f 3990 4307 3824
f 4001 3824 4307
f 4046 4307 3990
f 3782 3990 4311
f 3782 4311 4056
f 3732 3729 3728
f 4311 3730 4056
f 3727 4088 3728
f 4088 4115 4084
f 4086 4077 4059
f 4115 3735 4084
f 3827 3828 3829
f 3724 3735 3734
f 3827 3726 3828
f 4128 3725 3724
f 3825 3726 4071
f 3828 3726 3825
f 3829 3828 4066
f 4062 4066 4063
f 4059 4077 4062
f 4086 4059 3721
f 4056 4086 3721
f 3736 3737 3738
f 3983 3736 3738
f 3983 3738 3796
f 3984 3983 3796
f 3984 3796 4109
f 3833 3984 4109
f 3833 4109 3834
f 3832 3833 3834
f 4093 3832 3834
f 2688 4093 3834
f 4093 3325 3832
f 3325 3324 3832
f 3324 4221 3832
f 3324 3657 4221
f 4221 3657 4222
f 4221 4222 3833
f 3833 4222 4279
f 3983 3833 4279
f 4222 3659 4279
f 4279 3659 3736
f 4222 3657 3659
f 3657 3658 3659
f 3658 4285 3659
f 3659 4285 4049
f 3658 3303 4285
f 4045 4285 3303
f 3303 4290 4045
f 4290 3303 3302
f 4290 3302 4097
f 4290 4097 4040
f 3080 4040 4097
f 3080 4097 3078
f 3078 3079 3080
f 3084 3079 3078
f 4096 3084 3078
f 3084 4096 3085
f 3083 3084 3085
f 3085 3075 3083
f 3074 3083 3075
f 3073 3074 3075
f 3073 3075 3993
f 3099 3073 3993
f 3993 3100 3099
f 1580 3099 3100
f 4276 1580 3100
f 3840 4276 3100
f 4369 3840 3100
f 3100 3815 4369
f 4369 3815 3818
f 4314 4369 3818
f 4314 3818 4315
f 4314 4315 3841
f 3841 3840 4314
f 3840 3841 3842
f 2214 3840 3842
f 3842 3841 4323
f 3842 4323 2215
f 2215 4323 4258
f 4258 4323 3058
f 4323 3594 3058
f 3594 4323 3841
f 3841 3889 3594
f 3889 3752 3594
f 3486 3594 3752
f 3486 3752 3753
f 3753 3880 3486
f 3753 3792 3880
f 3880 3792 3783
f 3843 3880 3783
f 3783 4265 3843
f 3843 4265 3844
f 3843 3844 700
f 3844 4265 4271
f 1987 3844 4271
f 4271 3438 1987
f 3575 1987 3438
f 3438 3668 3575
f 4278 3575 3668
f 3668 3667 4278
f 3667 3969 4278
f 3969 4114 4278
f 1988 4278 4114
f 4114 3969 3971
f 3971 4113 4114
f 4114 4113 3234
f 3971 4118 4113
f 4118 393 4113
f 4118 4119 393
f 3970 4119 4118
f 3970 4161 4119
f 4161 4126 4119
f 4126 4127 4119
f 394 4119 4127
f 4127 4126 1917
f 4161 4133 4126
f 4126 4133 3501
f 4133 3801 3501
f 3802 3801 4133
f 3800 3801 3802
f 3802 3687 3800
f 3687 3686 3800
f 4060 3800 3686
f 3686 4061 4060
f 4060 4061 3963
f 4061 3806 3963
f 3963 3806 3475
f 3475 3801 3963
f 4061 3470 3806
f 3806 3470 3036
f 4061 1556 3470
f 1964 4061 3686
f 3685 1964 3686
f 3800 4060 3963
f 3685 3686 3687
f 3767 3685 3687
f 3767 3687 3768
f 3669 3767 3768
f 3669 3768 3998
f 3667 3669 3998
f 3970 3998 3768
f 3970 3768 3954
f 3998 3970 3969
f 4003 3767 3669
f 3446 4003 3669
f 3446 3669 3437
f 3439 3446 3437
f 3437 3438 3439
f 3456 3446 3439
f 3439 3443 3456
f 3445 3456 3443
f 3443 3444 3445
f 3444 3821 3445
f 3821 4094 3445
f 3445 4094 1014
f 4093 1014 4094
f 4093 4094 4031
f 4031 4094 3823
f 3807 4031 3823
f 3807 3823 4073
f 3807 4073 3785
f 3807 3785 3453
f 3807 3453 3323
f 3323 3325 3807
f 3323 3453 3452
f 3324 3323 3452
f 3451 3452 3453
f 3453 3702 3451
f 3702 3942 3451
f 4016 3451 3942
f 4017 4016 3942
f 3942 3654 4017
f 4017 3654 3656
f 3656 3929 4017
f 4015 4017 3929
f 3929 3810 4015
f 3810 3301 4015
f 3301 4016 4015
f 3658 4016 3301
f 3658 4483 4016
f 3301 3810 3302
f 3302 3810 3811
f 4096 3302 3811
f 3810 3085 3811
f 4139 3085 3810
f 3929 4139 3810
f 4139 3929 3075
f 3921 3075 3929
f 3929 3656 3921
f 3920 3921 3656
f 3920 3656 3655
f 3655 3815 3920
f 3920 3815 3896
f 3655 3814 3815
f 3943 3814 3655
f 3942 3943 3655
f 3702 3814 3943
f 3701 3814 3702
f 3700 3701 3702
f 3785 3700 3702
f 3785 4070 3700
f 3914 3700 4070
f 4073 3914 4070
f 3912 3914 4073
f 4073 4074 3912
f 3912 4074 3791
f 3912 3791 4075
f 4076 3912 4075
f 4075 3888 4076
f 4085 4076 3888
f 4315 4085 3888
f 4085 3913 4076
f 4085 3817 3913
f 3913 3817 3914
f 3817 4085 3818
f 3816 3817 3818
f 3814 3816 3818
f 3817 3816 3701
f 4075 3889 3888
f 4076 3913 3912
f 4075 3791 3792
f 3752 4075 3792
f 3907 3791 4074
f 3907 4074 3822
f 3821 3907 3822
f 3821 3822 3823
f 3822 4490 3823
f 3784 3907 3821
f 3821 3715 3784
f 3714 3784 3715
f 3713 3714 3715
f 3444 3713 3715
f 4271 3714 3713
f 3713 3439 4271
f 3714 3783 3784
f 3784 3783 3907
f 3822 4074 4490
f 3783 3791 3907
f 4073 4490 4074
f 3912 3913 3914
f 3817 3700 3914
f 3701 3700 3817
f 3701 3816 3814
f 3920 3896 3921
f 3993 3921 3896
f 3654 3655 3656
f 3655 3654 3942
f 4015 4016 4017
f 3451 4016 4483
f 3451 4483 3657
f 3942 3702 3943
f 3452 3451 3657
f 3702 3453 3785
f 3785 4073 4070
f 4490 4073 3823
f 3325 4031 3807
f 4094 3821 3823
f 3821 3444 3715
f 3444 3443 3713
f 3713 3443 3439
f 3437 3669 3668
f 3196 4003 3446
f 3767 4003 3196
f 3196 3945 3767
f 3196 3789 3945
f 3789 3685 3945
f 3685 3789 2684
f 3687 3954 3768
f 3945 3685 3767
f 3687 3802 3954
f 3954 3802 4161
f 3800 3963 3801
f 3802 4133 4161
f 4161 3970 3954
f 3971 3970 4118
f 3969 3970 3971
f 3667 3998 3969
f 3667 3668 3669
f 4278 1988 3575
f 3438 3437 3668
f 3438 4271 3439
f 4265 3714 4271
f 4265 3783 3714
f 3843 3674 3880
f 3791 3783 3792
f 3752 3792 3753
f 3889 4075 3752
f 3841 3888 3889
f 3841 4315 3888
f 4315 3818 4085
f 3815 3814 3818
f 3100 3896 3815
f 4369 4314 3840
f 3840 2214 4276
f 2398 3099 1580
f 3896 3100 3993
f 3099 2397 3073
f 3993 3075 3921
f 2397 3074 3073
f 3074 3306 3083
f 3306 3311 3083
f 3306 4012 3311
f 4012 3174 3311
f 3311 3174 3079
f 3174 3176 3079
f 3174 4012 1672
f 4011 1672 4012
f 3306 4011 4012
f 4011 3306 2254
f 3074 2254 3306
f 3075 3085 4139
f 3083 3311 3084
f 3085 4096 3811
f 3311 3079 3084
f 4096 3078 4097
f 3302 4096 4097
f 3301 3302 3303
f 3301 3303 3658
f 3658 3657 4483
f 3324 3452 3657
f 3323 3324 3325
f 4031 3325 4093
f 3832 4221 3833
f 4039 3834 4109
f 4109 3798 4039
f 3798 3975 4039
f 4039 3975 4038
f 4038 1585 4039
f 3975 3795 4038
f 4038 3795 1117
f 1117 3795 3681
f 3681 3795 3974
f 3681 3974 4500
f 4051 3681 4500
f 4500 4052 4051
f 4051 4052 3521
f 4052 3870 3521
f 3521 3870 4236
f 3882 4052 4500
f 3882 3871 4052
f 3681 4051 3678
f 3681 3678 2043
f 3974 3882 4500
f 3974 3795 3975
f 3887 3974 3975
f 4418 3887 3975
f 4418 3975 3797
f 3797 3975 3798
f 3796 3797 3798
f 3834 4039 1585
f 4109 3796 3798
f 3833 3983 3984
f 3738 3895 3796
f 3983 4279 3736
f 4056 4053 3782
f 3990 3782 3781
f 3659 4049 3736
f 4046 3990 3781
f 4285 4045 4049
f 4307 4046 4042
f 4040 4045 4290
f 3390 4307 4042
f 4307 3390 3389
f 3391 3390 4037
f 3773 4037 3776
f 3773 3776 4034
f 4392 4034 3861
f 4007 4034 4392
f 4018 4032 4025
f 4014 4032 4018
f 3861 4032 4014
f 3861 3860 4392
f 4007 4392 3860
f 4034 4007 3773
f 3391 4037 3773
f 3389 3390 3391
f 4307 3389 4001
f 4001 4000 3824
f 4095 4000 3996
f 3997 3772 3994
f 3996 3764 4095
f 3992 3994 3772
f 3862 3765 3992
f 3764 3766 3985
f 3403 4098 3985
f 3402 3403 3404
f 3614 3982 3987
f 3857 3404 3980
f 3980 3858 3857
f 3858 3547 3866
f 3612 3613 3614
f 3559 3612 3765
f 3545 3546 3547
f 3546 3558 4162
f 3559 4022 3968
f 3558 3763 3503
f 4022 3964 3968
f 4028 3761 3964
f 4028 2323 3761
f 2323 3812 3761
f 3762 3761 3812
f 3503 3763 3490
f 3490 3496 3491
f 3762 3812 3813
f 2323 3948 3812
f 3580 3554 3948
f 3553 3552 3496
f 3410 3411 3412
f 3423 3410 3412
f 3552 3551 3496
f 3551 3555 3495
f 3555 3935 3744
f 3550 3410 3932
f 3933 4138 3935
f 3928 4125 3933
f 3423 3932 3410
f 4130 3928 3923
f 3412 3422 3423
f 3422 3412 2169
f 3809 3422 2169
f 3923 3622 3725
f 3808 3422 3809
f 3622 3623 3624
f 3623 3851 3910
f 3213 3809 2187
f 3915 3213 1792
f 3757 3910 3851
f 3826 3910 3903
f 4065 3903 3899
f 3722 3899 3756
f 3756 3755 3722
f 3755 3895 3738
f 3796 3895 3797
f 3797 3890 4418
f 3891 3432 3883
f 3887 4418 3890
f 3882 3974 3887
f 3434 3883 3432
f 3882 3879 3871
f 3432 3433 3434
f 3433 3901 3875
f 3879 3872 3871
f 3871 3870 4052
f 4236 3870 3509
f 3875 1946 3508
f 1948 4236 3509
f 4236 1948 3520
f 1946 3447 1947
f 1948 1957 3520
f 3447 1956 1947
f 3111 1956 3915
f 3111 3915 1552
f 3507 3111 3430
f 3520 1957 485
f 484 3520 485
f 4236 3520 1995
f 2004 4236 1995
f 3521 4236 2004
f 4051 3521 777
f 4051 777 3678
f 3154 779 1021
f 3320 2043 3678
f 3681 2043 1117
f 1585 4038 1117
f 3834 1585 2688
f 4093 2688 3322
f 1014 4093 3322
f 1115 1012 1116
f 1013 3445 1014
f 2682 1012 3153
f 3445 1013 3456
f 3456 3196 3446
f 3789 3196 2684
f 3153 2683 2682
f 2683 3154 3307
f 2684 1964 3685
f 1021 3307 3154
f 1964 1023 4061
f 778 1022 1021
f 4061 1023 1556
f 1994 1996 1022
f 3470 1556 3309
f 3283 3470 3309
f 3309 1854 3283
f 1854 3309 3122
f 599 3122 3309
f 3104 600 1996
f 3222 2601 600
f 3122 599 598
f 1854 3122 1855
f 1854 73 3283
f 3470 3283 3036
f 3475 3806 3036
f 3801 3475 3501
f 1917 4126 3501
f 1917 3093 4127
f 3093 394 4127
f 393 4119 394
f 393 3234 4113
f 4114 3234 1979
f 1988 4114 1979
f 1988 1987 3575
f 3844 1987 3145
f 3513 1978 1980
f 1980 3706 3513
f 3706 698 3513
f 698 3706 3292
f 3145 700 3844
f 3292 699 698
f 3292 4303 699
f 3292 4302 4303
f 4312 4303 4302
f 4302 2973 4312
f 3139 4312 2973
f 2973 4302 2972
f 4302 4310 2972
f 2972 4310 4523
f 1633 4523 4310
f 4310 4251 1633
f 4251 4310 3292
f 3292 3312 4251
f 4251 3312 1298
f 1298 3312 2677
f 2677 3312 3292
f 3138 4303 4312
f 4302 3292 4310
f 700 3674 3843
f 3138 699 4303
f 3674 3140 3880
f 3139 3138 4312
f 3486 3880 3140
f 3594 3486 1865
f 1863 2119 1864
f 3058 3594 1865
f 4258 3058 3480
f 3480 149 4258
f 3254 1379 1378
f 1870 150 1871
f 2120 3481 3254
f 2119 1870 1864
f 1863 3317 2119
f 3317 3139 2973
f 2120 3534 3049
f 930 3192 4223
f 4223 4220 930
f 4223 934 4220
f 632 4220 934
f 4220 632 931
f 3049 2037 3050
f 3261 2037 932
f 930 4220 931
f 3530 3261 932
f 3530 2038 2118
f 2040 2065 2038
f 1380 2065 148
f 1103 2063 2064
f 2063 1102 2235
f 1102 2236 2235
f 2236 3544 1609
f 3331 1609 3544
f 3544 3332 3331
f 3543 2024 3332
f 2023 2266 2024
f 853 2267 2266
f 853 2508 2267
f 2268 2275 3597
f 2267 2507 3376
f 2507 3790 3376
f 2507 2530 3790
f 2530 3349 3790
f 3349 3604 3790
f 3349 3350 3604
f 3349 2529 3350
f 3604 3376 3790
f 3350 1689 3604
f 2275 2274 3373
f 1627 2275 3373
f 1628 3373 3095
f 1627 3373 1628
f 3597 2275 1627
f 1629 289 3346
f 3597 2475 2268
f 289 288 3346
f 2475 2474 3333
f 1610 2474 2130
f 3369 288 222
f 3369 222 2524
f 2139 1610 2130
f 3280 2140 2129
f 4317 3280 2129
f 4317 2129 4267
f 4317 4267 2396
f 4317 2396 3720
f 4267 4124 2396
f 4124 4267 3605
f 4124 3605 3606
f 4124 3606 3589
f 3605 3401 3606
f 2253 3606 3401
f 3405 3605 4267
f 2129 3405 4267
f 3720 3280 4317
f 2139 3568 1610
f 1610 3568 1507
f 3338 1507 1506
f 3280 3720 1505
f 1506 3274 2227
f 2228 2227 3274
f 3591 2229 2228
f 148 3591 149
f 2215 4258 149
f 2214 3842 2215
f 4276 2214 1805
f 2394 2200 2199
f 1805 1580 4276
f 2394 3275 1581
f 3275 3720 2396
f 1580 1582 2398
f 3099 2398 2397
f 4124 3589 2396
f 3589 3606 2252
f 2397 3599 3074
f 3599 2254 3074
f 3606 2253 2252
f 2254 2260 4011
f 3401 2259 2253
f 4011 2260 3362
f 3362 1672 4011
f 2372 1671 1670
f 3175 3174 1672
f 1671 2455 3357
f 3174 3175 3176
f 3574 3079 3176
f 3079 3574 3080
f 4040 3080 2150
f 2150 2149 3198
f 3198 2149 3199
f 2148 2381 2157
f 3293 4006 1723
f 3293 1527 4006
f 2847 1526 1525
f 3188 3189 1526
f 3189 3188 3380
f 3380 3527 3189
f 3189 3527 3286
f 3286 3527 3529
f 3527 3528 3529
f 3363 3529 3528
f 3527 3367 3528
f 3529 3361 3644
f 3361 3358 3460
f 2415 2414 2413
f 2414 2415 3618
f 3287 3459 3618
f 3406 3619 4507
f 3406 4507 2188
f 2633 2188 4507
f 4507 3619 2630
f 1527 3285 3287
f 3406 2171 3407
f 4006 1527 1724
f 1723 4006 1724
f 2149 1723 3199
f 3197 3198 3199
f 4030 3197 2324
f 4028 2324 2323
f 2323 3580 3948
f 2322 2325 1725
f 3580 2170 3554
f 2322 3407 2171
f 3412 2170 2169
f 2188 2171 3406
f 2169 2187 3809
f 2187 1792 3213
f 1792 1552 3915
f 3538 1551 1550
f 3321 3538 1550
f 3321 3539 3538
f 3538 3539 3540
f 3538 3540 1551
f 3430 3111 1552
f 3507 3430 2368
f 2433 2370 3576
f 3540 2369 1551
f 3539 3645 3540
f 3539 3022 3645
f 3576 3467 2433
f 2433 3780 2370
f 3758 3245 2435
f 2370 3780 3250
f 2368 2370 3250
f 2368 486 3507
f 3105 486 1318
f 1318 1755 3105
f 3222 1755 1754
f 1754 2601 3222
f 1319 1323 1317
f 2669 2601 2600
f 1325 1844 2600
f 1324 1844 1325
f 1324 3242 1844
f 3245 3758 1323
f 2435 2434 3758
f 2432 2434 1834
f 3242 1324 3227
f 1844 3242 3243
f 1223 1845 3243
f 2432 1222 1221
f 3220 1845 1223
f 1843 3220 1230
f 1229 1228 2362
f 74 1230 3610
f 3394 74 3610
f 3394 3034 72
f 1709 3395 3291
f 3035 3034 1708
f 1708 1918 3035
f 3387 1710 2301
f 1919 1918 2304
f 1919 2304 1935
f 1935 2104 1282
f 2104 1784 395
f 1783 395 1784
f 3499 1783 3257
f 3499 3257 3256
f 2333 3499 3256
f 1785 2963 2351
f 3256 3257 2350
f 3256 453 2333
f 453 3106 2333
f 569 2082 2352
f 454 2082 3771
f 453 452 3106
f 3106 452 496
f 1955 3117 3003
f 2969 3003 3117
f 1743 1954 3108
f 2655 756 755
f 3167 3156 2956
f 2956 2273 3167
f 3564 2956 3156
f 3565 3564 3156
f 3048 3564 3565
f 3048 3565 2003
f 2003 3908 3048
f 3908 2740 3048
f 3048 2740 2742
f 2742 3904 3048
f 2742 4055 3904
f 4055 3905 3904
f 3904 3905 3906
f 3904 3906 3564
f 3906 3922 3564
f 3906 4422 3922
f 4422 1200 3922
f 3489 1200 4422
f 4422 3487 3489
f 3487 3488 3489
f 3919 3489 3488
f 4027 3919 3488
f 4026 4027 3488
f 4026 3057 4027
f 4027 3057 2784
f 2784 3060 4027
f 3057 2785 2784
f 4024 2785 3057
f 3057 4023 4024
f 4024 4023 3978
f 3978 4036 4024
f 3978 4429 4036
f 4429 1986 4036
f 4429 4430 1986
f 4430 4035 1986
f 4430 3956 4035
f 4035 3956 3088
f 4035 3088 3141
f 3088 3956 3957
f 3088 3957 3086
f 3086 3087 3088
f 3087 3086 4159
f 3986 4159 3086
f 3953 3986 3086
f 3086 3952 3953
f 3952 3973 3953
f 3973 3516 3953
f 3953 3516 3518
f 3953 3518 3505
f 3953 3505 3976
f 2101 3976 3505
f 3505 3506 2101
f 3506 3607 2101
f 3607 3881 2101
f 2101 3881 2102
f 2102 3881 3878
f 3091 2102 3878
f 3091 3878 3092
f 3091 3092 3045
f 8 3091 3045
f 3515 3092 3878
f 3878 3897 3515
f 3897 3898 3515
f 3515 3898 4420
f 3515 4420 3514
f 4420 4259 3514
f 3514 4259 3894
f 3894 2960 3514
f 3894 3120 2960
f 3120 3894 4002
f 3120 4002 3566
f 3566 3121 3120
f 3119 3120 3121
f 3121 2091 3119
f 2091 3121 3999
f 571 2091 3999
f 571 3999 3740
f 571 3740 3739
f 571 3739 4013
f 4013 3739 3741
f 4013 3741 4250
f 4250 3512 4013
f 2092 4013 3512
f 3511 2092 3512
f 3511 3512 4010
f 4010 3830 3511
f 3733 3511 3830
f 3830 3831 3733
f 3130 3733 3831
f 3130 3831 3131
f 3129 3130 3131
f 3967 3129 3131
f 3967 3131 3839
f 3838 3967 3839
f 3837 3838 3839
f 3839 3586 3837
f 3949 3837 3586
f 3586 4108 3949
f 3498 3949 4108
f 4047 3498 4108
f 4047 4108 3151
f 4047 3151 4048
f 4047 4048 3159
f 3150 4048 3151
f 3149 3150 3151
f 3151 4476 3149
f 4043 3149 4476
f 4043 4476 3641
f 4043 3641 4044
f 4043 4044 2741
f 4033 4043 2741
f 4033 2741 2740
f 2741 4044 3483
f 3483 3482 2741
f 3522 2741 3482
f 3522 3482 3523
f 4055 3522 3523
f 3523 3981 4055
f 3163 3981 3523
f 3523 3637 3163
f 3163 3637 4432
f 3163 4432 3164
f 3163 3164 3165
f 3165 3979 3163
f 3978 3979 3165
f 3991 3979 3978
f 3991 3905 3979
f 3979 3905 3981
f 3165 3164 3978
f 3164 4432 4429
f 4432 3989 4429
f 4432 3063 3989
f 3988 3989 3063
f 3063 3065 3988
f 3988 3065 4376
f 3956 3988 4376
f 3956 4376 4377
f 4496 4377 4376
f 4376 3918 4496
f 3918 3917 4496
f 3957 4496 3917
f 3957 3917 4516
f 4516 3917 4384
f 4516 4384 3952
f 3917 4383 4384
f 4384 4383 3516
f 3516 4383 3517
f 4383 3608 3517
f 3517 3608 3607
f 3607 3608 3609
f 3609 3608 4421
f 3609 4421 3897
f 3609 3897 3881
f 3617 3897 4421
f 4421 3603 3617
f 3603 4491 3617
f 4491 3476 3617
f 3617 3476 3478
f 3617 3478 3615
f 3615 3616 3617
f 3898 3617 3616
f 4259 3616 3615
f 4259 3615 3399
f 4259 3399 3264
f 3223 3264 3399
f 3399 3224 3223
f 3223 3224 3225
f 3567 3223 3225
f 3567 3225 4146
f 4105 3567 4146
f 4146 3741 4105
f 3740 4105 3741
f 3741 4146 4260
f 4260 4146 4178
f 3704 4260 4178
f 4178 3710 3704
f 3704 3710 3705
f 3703 3704 3705
f 4147 3703 3705
f 3621 4147 3705
f 3705 3560 3621
f 3620 3621 3560
f 3620 3560 3562
f 4160 3620 3562
f 3562 4195 4160
f 4195 4078 4160
f 4158 4160 4078
f 4078 4080 4158
f 4080 3532 4158
f 4158 3532 3627
f 3626 4158 3627
f 3625 3626 3627
f 3627 4171 3625
f 3418 3625 4171
f 4171 3531 3418
f 3531 3419 3418
f 3418 3419 3420
f 4072 3420 3419
f 4067 4072 3419
f 4067 4415 4072
f 4415 3233 4072
f 4452 4072 3233
f 4452 3233 3232
f 4453 4452 3232
f 4453 3232 3556
f 4151 4453 3556
f 4152 4151 3556
f 3556 3557 4152
f 3628 4152 3557
f 3628 3557 4425
f 3628 4425 4424
f 3628 4424 4450
f 4450 3629 3628
f 3628 3629 3441
f 3600 3441 3629
f 4234 3600 3629
f 4234 3629 3064
f 4469 4234 3064
f 4469 3064 3063
f 4431 4469 3063
f 4469 4431 3637
f 3637 4398 4469
f 3484 4398 3637
f 3482 3484 3637
f 3484 3972 4398
f 3972 3442 4398
f 4398 3442 4234
f 3972 3440 3442
f 3440 3441 3442
f 3440 4150 3441
f 4150 4152 3441
f 4150 3440 3670
f 3670 4340 4150
f 4150 4340 4151
f 4340 4454 4151
f 4365 4454 4340
f 4366 4365 4340
f 4340 3663 4366
f 4366 3663 3959
f 3959 3663 4347
f 4346 3959 4347
f 4347 4044 4346
f 3596 4044 4347
f 3643 3959 4346
f 4346 3641 3643
f 3641 3642 3643
f 3642 3352 3643
f 3643 3352 3958
f 3352 3354 3958
f 4502 3958 3354
f 3648 4502 3354
f 3354 4292 3648
f 4292 3464 3648
f 3648 3464 3463
f 3648 3463 3646
f 3646 3647 3648
f 3647 3646 4365
f 4502 3647 4365
f 3959 4502 4365
f 3646 3463 4452
f 3462 3463 3464
f 3462 3464 3931
f 3931 3930 3462
f 3930 3569 3462
f 3462 3569 3570
f 3462 3570 4486
f 4486 3570 4072
f 3463 4486 4072
f 3570 3569 3420
f 3420 3569 4231
f 3625 3420 4231
f 3625 4231 4232
f 3625 4232 4218
f 3069 4218 4232
f 3298 3069 4232
f 3067 3069 3298
f 4281 3067 3298
f 4281 3298 4231
f 3930 4281 4231
f 4301 4281 3930
f 3573 4301 3930
f 3572 4301 3573
f 3571 3572 3573
f 4475 3571 3573
f 4475 3573 3931
f 3931 3944 4475
f 4475 3944 4248
f 4248 3944 4309
f 3588 4248 4309
f 3353 3588 4309
f 3353 4309 3354
f 3353 4477 3588
f 4108 3588 4477
f 4477 3353 3642
f 4476 4477 3642
f 3587 4248 3588
f 3586 3587 3588
f 3586 3571 3587
f 3587 3571 4248
f 4309 3944 3354
f 4248 3571 4475
f 4257 3572 3571
f 3839 4257 3571
f 3572 4257 3131
f 3572 3326 4301
f 4301 3326 4280
f 3326 3067 4280
f 3326 3327 3067
f 4173 3067 3327
f 4173 3327 4147
f 3068 3067 4173
f 4173 4205 3068
f 3068 4205 4465
f 4465 3590 3068
f 3590 3069 3068
f 4441 3590 4465
f 4464 4441 4465
f 4160 4441 4464
f 3626 3590 4441
f 3626 4218 3590
f 4205 4464 4465
f 4464 4205 3620
f 4173 3621 4205
f 3326 3703 3327
f 3703 3326 4010
f 3831 3326 3572
f 4301 4280 4281
f 4280 3067 4281
f 3067 3068 3069
f 4218 3069 3590
f 3298 4232 4231
f 3930 4231 3569
f 3573 3930 3931
f 3464 3944 3931
f 3462 4486 3463
f 4292 3944 3464
f 4292 3354 3944
f 4502 3648 3647
f 3958 4502 3959
f 3352 3353 3354
f 3642 3353 3352
f 3643 3958 3959
f 3596 4347 3663
f 3596 3663 3664
f 3596 3664 3955
f 3596 3955 3595
f 3595 3483 3596
f 3972 3483 3595
f 3440 3595 3955
f 3664 3670 3955
f 3664 3663 3670
f 3959 4365 4366
f 4365 3646 4454
f 4454 3646 4453
f 3663 4340 3670
f 3955 3670 3440
f 3595 3440 3972
f 3972 3484 3483
f 4398 4234 4469
f 3442 3600 4234
f 3442 3441 3600
f 4450 3064 3629
f 3064 4450 4489
f 3065 3064 4489
f 4489 4450 4141
f 4141 3918 4489
f 3918 4141 3916
f 3916 4141 4324
f 4324 4383 3916
f 3383 4324 4141
f 4141 3381 3383
f 3381 3382 3383
f 3383 3382 3601
f 3383 3601 4264
f 3383 4264 4263
f 4263 4264 3608
f 4324 4263 3608
f 4264 3601 3603
f 3601 3602 3603
f 3548 3602 3601
f 3548 3549 3602
f 3602 3549 4274
f 3602 4274 3476
f 4273 3476 4274
f 4274 3525 4273
f 3525 4446 4273
f 4273 4446 3477
f 3477 4446 4445
f 3478 3477 4445
f 3478 4445 3902
f 3902 4445 3224
f 4116 3224 4445
f 4116 4117 3224
f 4443 4117 4116
f 4116 3561 4443
f 3560 4443 3561
f 4116 4446 3561
f 4446 3562 3561
f 4446 3524 3562
f 4443 4129 4117
f 3225 4117 4129
f 3225 4129 4178
f 3710 4129 4443
f 4445 4446 4116
f 4446 3525 3524
f 3524 3525 3526
f 4079 3524 3526
f 4057 4079 3526
f 4057 3526 4058
f 4058 4090 4057
f 4090 4402 4057
f 4057 4402 4436
f 4187 4057 4436
f 4436 3533 4187
f 3533 3532 4187
f 3531 3532 3533
f 3533 4067 3531
f 3533 4438 4067
f 4067 4438 3185
f 3184 4067 3185
f 3183 3184 3185
f 3183 3232 3184
f 3232 3183 3435
f 3435 3183 3207
f 3557 3435 3207
f 4393 3557 3207
f 4393 3207 3209
f 4393 3209 3770
f 4393 3770 3774
f 4424 4393 3774
f 4140 4424 3774
f 4140 3774 3381
f 3774 3770 3382
f 3382 3770 3548
f 3548 3770 3542
f 3537 3542 3770
f 3770 3208 3537
f 3208 3536 3537
f 4089 3537 3536
f 4089 3536 4090
f 4089 4090 3541
f 3537 4089 3541
f 3208 4401 3536
f 4401 4402 3536
f 4401 4438 4402
f 3183 4438 4401
f 3208 3207 4401
f 3541 3542 3537
f 3541 4103 3542
f 4103 4274 3542
f 3541 3526 4103
f 3209 3208 3770
f 3207 3208 3209
f 3183 4401 3207
f 3185 4438 3183
f 4436 4438 3533
f 4057 4187 4188
f 4188 4187 4080
f 4080 4079 4188
f 4438 4436 4402
f 4402 4090 3536
f 4058 3541 4090
f 3541 4058 3526
f 4188 4079 4057
f 4195 3524 4079
f 3525 4103 3526
f 4274 4103 3525
f 3476 4273 3477
f 3549 3542 4274
f 3548 3542 3549
f 3601 3382 3548
f 3381 3774 3382
f 4140 3381 4141
f 4324 3383 4263
f 4450 4140 4141
f 4450 4424 4140
f 4424 4425 4393
f 3557 4393 4425
f 3441 4152 3628
f 3556 3435 3557
f 4150 4151 4152
f 4454 4453 4151
f 3556 3232 3435
f 4452 4453 3646
f 3184 3232 3233
f 3463 4072 4452
f 3233 4415 3184
f 4067 3184 4415
f 3570 3420 4072
f 3419 3531 4067
f 3532 3531 4171
f 3420 3625 3418
f 3625 4218 3626
f 3626 4441 4158
f 4171 3627 3532
f 4080 4187 3532
f 4078 4079 4080
f 4160 4158 4441
f 4195 4079 4078
f 4195 3562 3524
f 4464 3620 4160
f 3560 3561 3562
f 4205 3621 3620
f 3560 3705 4443
f 4173 4147 3621
f 3703 4147 3327
f 3703 4010 3704
f 3710 4443 3705
f 4178 4129 3710
f 4250 4260 3704
f 3567 4105 3566
f 3566 3265 3567
f 4146 3225 4178
f 3265 3223 3567
f 3225 3224 4117
f 3902 3224 3399
f 3264 3223 3265
f 4002 3264 3265
f 3615 3902 3399
f 3478 3902 3615
f 3476 3477 3478
f 3476 4491 3602
f 3603 3602 4491
f 3603 4421 4264
f 3608 4264 4421
f 4383 4324 3608
f 3917 3916 4383
f 3916 3917 3918
f 4376 4489 3918
f 4377 4496 3957
f 3065 4489 4376
f 3063 3064 3065
f 3989 3988 3956
f 4431 3063 4432
f 3637 4431 4432
f 3979 3981 3163
f 3523 3482 3637
f 3522 2742 2741
f 3482 3483 3484
f 3596 3483 4044
f 4346 4044 3641
f 4476 3642 3641
f 3149 4043 4033
f 3908 3149 4033
f 3151 4477 4476
f 3908 3150 3149
f 3908 4435 3150
f 4048 3150 4435
f 4435 3775 4048
f 4477 3151 4108
f 3159 3498 4047
f 3497 3949 3498
f 3205 3497 3498
f 3205 2915 3497
f 3497 2915 4426
f 2915 3965 4426
f 4426 3965 4008
f 4426 4008 3949
f 4008 3965 3967
f 3965 3966 3967
f 3300 3966 3965
f 3966 3300 3102
f 3101 3966 3102
f 3101 3102 3103
f 4419 3101 3103
f 3103 3877 4419
f 3876 4419 3877
f 3876 3877 3535
f 3876 3500 4419
f 4419 3500 3136
f 3136 3500 3130
f 3511 3500 3876
f 2093 3511 3876
f 3103 3535 3877
f 3893 3535 3103
f 3892 3893 3103
f 3892 3103 3299
f 3200 3892 3299
f 2051 3893 3892
f 3101 4419 3136
f 3136 3129 3101
f 3299 3103 3102
f 3966 3101 3129
f 3299 3102 3300
f 1016 3299 3300
f 1016 3300 2915
f 2915 3300 3965
f 3497 4426 3949
f 4108 3586 3588
f 3949 4008 3837
f 3571 3586 3839
f 4008 3838 3837
f 4008 3967 3838
f 3839 3131 4257
f 3966 3129 3967
f 3129 3136 3130
f 3131 3831 3572
f 3733 3130 3500
f 3831 3830 3326
f 3500 3511 3733
f 3830 4010 3326
f 3512 3704 4010
f 2093 2092 3511
f 4013 2092 2094
f 3704 3512 4250
f 3741 4260 4250
f 3739 3740 3741
f 3999 4105 3740
f 4105 3999 3121
f 3121 3566 4105
f 3265 3566 4002
f 3894 3264 4002
f 3894 4259 3264
f 4420 3616 4259
f 3616 4420 3898
f 3897 3617 3898
f 3514 3092 3515
f 3046 3092 3514
f 3881 3897 3878
f 3607 3609 3881
f 3506 3517 3607
f 3518 3517 3506
f 2101 4054 3976
f 3977 3976 4054
f 3977 4054 4428
f 3169 3977 4428
f 3169 4428 3042
f 3168 3169 3042
f 1333 3169 3168
f 708 3977 3169
f 4428 4054 3760
f 708 3976 3977
f 3760 4054 2101
f 3505 3518 3506
f 3516 3517 3518
f 4384 3516 3973
f 3952 4384 3973
f 3086 4516 3952
f 3953 3976 3986
f 707 3986 3976
f 707 4159 3986
f 3957 4516 3086
f 3956 4377 3957
f 3956 4430 3989
f 4429 3989 4430
f 4429 3978 3164
f 3991 3978 4023
f 3991 4023 4026
f 3991 4026 3906
f 3487 3906 4026
f 4024 4036 2785
f 2785 4036 2783
f 4023 3057 4026
f 4027 3060 3919
f 3919 3060 1464
f 3489 3919 1464
f 3488 3487 4026
f 3906 3487 4422
f 3905 3991 3906
f 3981 3905 4055
f 2742 3522 4055
f 2740 2741 2742
f 4033 2740 3908
f 2003 4435 3908
f 3564 3048 3904
f 3922 2956 3564
f 2957 2956 3922
f 3565 3156 2003
f 2003 3775 4435
f 786 785 2002
f 3775 3160 4048
f 2756 785 754
f 3159 4048 3160
f 3205 3498 3159
f 3109 982 2756
f 2915 3205 984
f 982 3003 983
f 1017 2915 984
f 1017 1016 2915
f 2969 983 3003
f 3299 1016 3200
f 3117 497 2969
f 2051 3892 3200
f 2051 2050 3893
f 454 3771 497
f 2050 3535 3893
f 2084 3771 2082
f 3535 2093 3876
f 2092 2093 2094
f 2082 2083 2084
f 2094 571 4013
f 569 2083 2082
f 570 569 2351
f 571 605 2091
f 2091 605 3124
f 2351 2963 570
f 2963 3426 3123
f 605 604 3124
f 2626 1970 3123
f 1970 2626 2625
f 3119 2091 3124
f 2772 1969 3281
f 3120 3119 2960
f 2576 43 2772
f 3046 3514 2960
f 3046 3045 3092
f 8 3045 9
f 2102 3091 8
f 2100 2101 2102
f 3760 2101 2100
f 4428 3760 3042
f 3168 3042 3041
f 1334 3168 3041
f 1334 3041 358
f 405 1334 358
f 3061 1332 3244
f 1334 1333 3168
f 3169 1333 708
f 707 3976 708
f 3087 4159 707
f 3087 3141 3088
f 1986 4035 3141
f 670 1985 671
f 1986 2783 4036
f 670 672 3090
f 2783 2784 2785
f 2784 3143 3060
f 3060 3059 1464
f 3059 127 1464
f 1464 127 4554
f 4553 1464 4554
f 3716 4553 4554
f 127 3716 4554
f 1869 127 126
f 127 1869 2233
f 1869 2800 2233
f 2647 2233 2800
f 2800 2808 2647
f 3015 2647 2808
f 2808 1868 3015
f 3015 1868 3016
f 3016 1209 3015
f 1868 3054 3016
f 4533 3016 3054
f 3054 4564 4533
f 4533 4564 4586
f 4533 4586 3340
f 2059 4586 4564
f 2059 4564 3053
f 3340 3016 4533
f 2647 3015 1209
f 2800 1869 2808
f 125 3090 158
f 1332 3061 158
f 3244 1932 3061
f 159 1869 126
f 1867 1932 1321
f 2808 1869 1868
f 3754 1867 1320
f 3754 1320 3751
f 1868 3479 3054
f 3054 3053 4564
f 3754 3751 3052
f 3751 1320 3098
f 3053 2826 2059
f 3098 404 360
f 360 2702 1410
f 2826 2827 2828
f 2059 2826 1131
f 1142 4586 2059
f 1130 3351 3027
f 1143 3027 2872
f 2872 3027 2870
f 4586 1142 3340
f 1741 1210 1144
f 1209 3016 3340
f 2647 1209 2234
f 2233 2647 2234
f 127 2233 3716
f 1289 2232 1287
f 3377 4553 3716
f 3377 1465 4553
f 1465 1464 4553
f 1200 3489 1464
f 3922 1200 1199
f 3378 1198 3336
f 3922 1199 2957
f 2273 2956 2957
f 3378 2272 2271
f 2272 1289 1288
f 3519 3167 2273
f 755 3519 2655
f 3342 3375 1288
f 1208 3415 3342
f 2655 1743 756
f 3415 1210 1741
f 1743 1742 1954
f 1144 1762 1741
f 3106 1742 1763
f 1143 2872 1762
f 1763 3413 3106
f 2872 2870 2331
f 3413 2333 3106
f 2332 3499 2333
f 2332 3706 1980
f 3292 3706 2677
f 2331 2870 2869
f 2870 3027 3351
f 2676 1299 2677
f 1130 1129 3351
f 1299 1298 2677
f 3219 1632 1129
f 1298 1633 4251
f 4523 1633 2244
f 1632 3216 2861
f 3216 895 2242
f 2243 4523 2244
f 3171 2242 897
f 4523 2243 2972
f 2972 2859 2973
f 3171 2858 2857
f 3191 2859 3192
f 872 4223 3192
f 886 870 2858
f 871 870 3162
f 872 934 4223
f 2690 2691 2138
f 1456 3277 3366
f 2897 3366 3277
f 3277 2898 2897
f 3277 2819 2898
f 589 857 1118
f 1119 856 3278
f 633 856 858
f 632 934 633
f 2210 931 632
f 2210 2209 2039
f 2209 3448 1453
f 589 631 857
f 3448 588 1453
f 2707 1454 588
f 1393 1008 2707
f 589 1118 590
f 1394 1118 3319
f 1393 1392 2802
f 3319 1456 1394
f 1392 3127 516
f 1457 1456 3366
f 1909 3366 2897
f 2899 1909 2897
f 2899 1910 1909
f 1909 1910 943
f 942 1382 3127
f 1382 1913 3436
f 1383 944 2155
f 1912 1913 1914
f 3598 2156 2155
f 2154 2585 1169
f 1213 1905 1167
f 2154 1169 1914
f 1912 1914 1196
f 1943 1196 1195
f 1943 1195 1944
f 3344 3398 3427
f 1168 3396 1237
f 3398 3397 3428
f 3397 3485 3384
f 2744 3384 3485
f 1168 1167 3396
f 1905 2743 1167
f 2999 2744 3485
f 2727 2743 2726
f 2726 1336 2727
f 3001 3384 2744
f 3384 3428 3397
f 3427 3398 3428
f 3010 3344 3427
f 2773 3425 3037
f 1796 1944 3010
f 1193 1796 1194
f 3474 1192 1194
f 2022 3181 3474
f 2022 3012 855
f 853 855 2508
f 2267 2508 2507
f 2507 2515 2530
f 2514 2530 2515
f 2514 2884 2530
f 3349 2530 2529
f 2529 3458 2205
f 2536 2734 2534
f 2895 2528 3465
f 2734 3455 2534
f 2895 3468 457
f 2534 3455 3454
f 2535 2534 2203
f 2202 2201 802
f 2202 2531 2216
f 2206 2535 2203
f 2204 2217 2568
f 2204 2568 2212
f 2568 1593 2212
f 2205 3458 2206
f 2529 2205 3350
f 3350 1690 1689
f 2211 2204 2212
f 1690 2173 2190
f 2189 3372 2190
f 2189 2176 3372
f 356 2176 2175
f 2175 2186 357
f 2186 2185 2491
f 2185 2437 3089
f 2439 579 2445
f 2446 3089 2437
f 2446 2559 3089
f 2558 3089 2559
f 2445 2544 2545
f 578 2544 2445
f 4520 2544 578
f 4520 4614 2544
f 1056 4614 4520
f 4614 86 2544
f 2559 2840 2605
f 2496 2487 2489
f 2489 3417 2871
f 2559 2605 2560
f 2558 2559 2560
f 3089 2558 2607
f 3759 2607 1757
f 409 1757 410
f 3408 2383 2521
f 2521 2383 2385
f 2522 2521 2890
f 411 410 224
f 224 2524 222
f 2131 3369 2524
f 2131 3405 2129
f 3405 2891 3605
f 2889 2522 2890
f 2891 3401 3605
f 3400 2259 3401
f 2372 1670 3400
f 2521 2385 2890
f 2383 2384 2385
f 1671 2372 2373
f 2384 2871 2453
f 2373 2455 1671
f 2382 3357 2455
f 2381 2148 2382
f 2381 3393 2157
f 2848 1525 3393
f 2453 3392 2454
f 3421 2849 3392
f 1525 2848 2847
f 2488 3388 2849
f 2847 3188 1526
f 2497 3386 3388
f 3386 2497 2571
f 2571 2497 1860
f 1860 2392 2571
f 2392 2096 2571
f 2571 2096 3379
f 2392 2095 2096
f 1848 2095 2392
f 2571 3379 3386
f 3385 3380 3188
f 3380 3367 3527
f 2096 3368 3379
f 2096 1244 3368
f 1244 2096 49
f 3367 3364 3528
f 2619 2618 3365
f 3528 3364 3363
f 3361 3529 3363
f 3360 3365 2563
f 2906 3358 3361
f 3359 2562 2456
f 2564 3359 131
f 3460 3358 2566
f 2566 2565 2412
f 131 2580 2564
f 2412 2565 1815
f 130 1862 2472
f 2473 2587 1815
f 2587 1816 1815
f 3343 1814 1816
f 2416 3343 3339
f 3341 2590 3347
f 3341 3347 3316
f 2416 3339 3337
f 2596 2597 2598
f 2631 2416 3337
f 2630 3619 2631
f 2630 3334 4507
f 4507 3334 2633
f 2633 2366 2188
f 3328 1550 2366
f 3321 1550 3328
f 2938 2634 2937
f 2938 2596 2598
f 3321 3022 3539
f 3318 2598 2597
f 3318 3341 3316
f 3316 3347 2393
f 1835 3645 3022
f 2589 2379 2393
f 2378 1833 1835
f 2589 2388 2379
f 2591 2389 2388
f 2389 2586 2399
f 2378 2390 3305
f 3305 2610 2378
f 1222 2610 2247
f 2362 1327 2247
f 1874 2354 2042
f 1229 2362 2371
f 1229 2371 3296
f 3611 3296 3295
f 3395 3295 3291
f 1709 3291 2301
f 2301 2302 3387
f 2624 2302 2552
f 2624 2625 2626
f 2555 3282 2553
f 1970 2625 1971
f 1969 1971 3281
f 2576 2772 3281
f 2576 2575 43
f 43 2575 44
f 44 1852 7
f 2452 1850 1852
f 2451 1850 2452
f 359 2451 2698
f 2697 2696 2854
f 359 2698 2702
f 1410 2702 1408
f 3258 2113 1408
f 3258 2978 1420
f 2703 2697 2855
f 2977 1420 2978
f 2977 3269 3226
f 3269 4504 3226
f 2697 2854 2855
f 4504 3269 3267
f 2710 4504 3267
f 2854 2578 3266
f 2578 3263 3266
f 1888 2728 1934
f 2460 3263 2578
f 2459 2460 2461
f 2459 3260 2732
f 3279 2989 3260
f 3282 2555 2989
f 3253 2555 2554
f 3255 3251 2990
f 2990 3251 1938
f 3238 2990 1938
f 2554 3252 3253
f 3249 3252 301
f 1911 1921 3249
f 2482 1921 1911
f 1911 1916 2482
f 832 2482 1916
f 831 1921 2482
f 1923 1938 3251
f 1937 1936 4527
f 4527 2644 1937
f 1936 2944 4527
f 4527 2944 4515
f 4515 3215 4527
f 3215 4515 2056
f 2574 4515 2944
f 3238 1938 1927
f 2877 2990 3238
f 2733 2876 2877
f 2728 2733 1934
f 1933 1926 1925
f 2500 1933 1925
f 2500 1925 2637
f 2500 3228 1933
f 2500 2499 3228
f 2499 2500 2501
f 1934 1889 1888
f 3267 1888 2710
f 4504 2710 1903
f 1887 3228 1902
f 3221 1902 3228
f 3226 4504 1903
f 3226 1890 3186
f 1225 3178 1890
f 1225 1897 1226
f 1891 1902 3221
f 3221 3228 2499
f 1897 1896 1235
f 1235 1896 2636
f 2499 2501 1898
f 2500 2637 2501
f 2643 2637 1925
f 2644 2643 1937
f 2644 4527 3215
f 2636 2638 2943
f 2941 2055 2942
f 3271 2943 3212
f 1490 3212 1491
f 3211 2942 1081
f 3206 2194 1491
f 1489 2194 2195
f 3202 2195 2803
f 3202 2803 2395
f 1041 2395 2196
f 2196 2197 1041
f 2648 1041 2197
f 2648 1042 1041
f 1477 1479 1042
f 3177 1478 1477
f 3177 2949 2367
f 2223 2222 2654
f 2222 2223 2224
f 2948 2222 2224
f 2948 2224 4474
f 2948 4474 3172
f 2761 3172 4474
f 3172 2761 3148
f 2367 2949 623
f 623 3170 621
f 3172 3173 2948
f 621 3170 1967
f 2527 957 1967
f 3162 887 2527
f 3162 2690 871
f 2814 2691 2690
f 3025 2691 2814
f 3025 2819 3277
f 3157 2816 2815
f 3157 3166 3155
f 3172 2820 3155
f 2820 3172 3148
f 2819 2818 2898
f 2897 2898 2899
f 3148 3146 3147
f 3148 2760 3146
f 2899 3144 1910
f 943 1910 2539
f 3148 2761 2760
f 4474 3005 2761
f 2537 2538 2539
f 3005 4474 2224
f 2537 2765 2538
f 2763 2224 2223
f 3294 2765 2764
f 3187 3133 2763
f 2666 2764 2667
f 2666 2672 3598
f 2668 311 2671
f 2981 2672 2791
f 2671 311 2792
f 2791 2790 2981
f 2790 2962 2983
f 4565 2961 2792
f 2792 4649 4565
f 4565 4649 2766
f 2766 2795 4565
f 382 4649 2792
f 2951 2962 2952
f 4565 2795 2961
f 2953 2952 2797
f 2796 3461 2797
f 3116 240 2996
f 2653 2796 2651
f 2651 3112 2652
f 2996 3113 3116
f 2996 2995 3113
f 2994 2995 2996
f 2994 2996 239
f 2994 4532 2995
f 2995 4532 4634
f 2995 4634 2087
f 4532 325 4634
f 2088 4634 325
f 2994 325 4532
f 2995 3110 3113
f 3112 3004 474
f 2183 3004 2833
f 2087 3110 2995
f 2833 2361 2183
f 2361 2757 2181
f 2757 2836 3006
f 2752 2581 2753
f 2581 2582 2753
f 2581 2103 2582
f 2836 2959 3006
f 2959 3013 2788
f 2753 2582 2835
f 3013 3097 2670
f 3097 3094 3014
f 3094 1278 3014
f 2103 2927 2582
f 2103 2581 2087
f 2087 4634 2088
f 1277 1241 1278
f 1240 1241 1242
f 325 2097 2088
f 1242 2107 3473
f 1260 1261 3077
f 1260 334 1261
f 3081 2107 3082
f 3081 3072 3030
f 1261 2919 3077
f 1261 257 2919
f 257 4163 2919
f 3072 2829 3030
f 2080 692 2829
f 1305 2919 4163
f 4163 3009 1305
f 3009 2143 1305
f 2143 1306 1305
f 1306 2143 2639
f 4163 2709 3009
f 3457 2080 2067
f 1304 1305 1306
f 1304 1306 2137
f 2077 3457 2067
f 3457 2077 690
f 691 690 2711
f 3062 725 2711
f 3416 3062 1255
f 1283 1255 1335
f 1335 3055 1336
f 2746 1829 2747
f 1829 1293 2747
f 3002 3055 2748
f 1963 3044 3047
f 2777 3000 3002
f 3040 3429 2777
f 3037 3425 3040
f 2773 3037 2781
f 3011 2781 2780
f 1961 2506 2780
f 2883 1961 1960
f 1960 2517 3469
f 2516 1962 2779
f 2516 2776 513
f 2517 512 3469
f 3469 512 3019
f 2776 1963 513
f 1963 3047 1950
f 514 3019 512
f 3469 3019 2509
f 3468 2509 458
f 457 3468 458
f 2798 457 2009
f 2798 2009 803
f 802 2201 803
f 802 2000 2202
f 2202 2000 2531
f 760 2216 2531
f 760 759 2568
f 759 1593 2568
f 2212 1593 995
f 2174 995 994
f 994 1141 2172
f 1140 996 1749
f 1568 627 1141
f 627 626 2177
f 2177 626 1549
f 2184 3431 1549
f 2518 1097 1096
f 2438 2184 579
f 2518 2588 577
f 578 2445 579
f 1056 4520 578
f 1056 87 4614
f 4645 2448 1859
f 1269 4645 1859
f 1269 2073 4645
f 2071 2073 1269
f 2071 1269 4566
f 2071 4566 3028
f 3028 3029 2071
f 2071 3029 2072
f 2821 2072 3029
f 3029 4548 2821
f 2821 4548 2822
f 2821 2822 2823
f 2821 2823 2945
f 2945 2823 4191
f 4191 2448 2945
f 2072 2945 2448
f 2073 2072 2448
f 4191 2823 4459
f 4145 4191 4459
f 4459 4615 4145
f 4145 4615 4552
f 4145 4552 2440
f 4615 2659 4552
f 4552 2659 47
f 4458 2659 4615
f 4458 2621 2659
f 2659 2621 2660
f 1849 2659 2660
f 2660 4461 1849
f 4461 4460 1849
f 1849 4460 4423
f 2954 4423 4460
f 4460 1064 2954
f 2954 1064 2955
f 1064 1063 2955
f 1063 4628 2955
f 2955 4628 4561
f 2955 4561 4630
f 2955 4630 1930
f 1930 4423 2955
f 2090 4630 4561
f 4560 2090 4561
f 4560 4561 4628
f 4628 4529 4560
f 4529 2965 4560
f 4560 2965 1259
f 2293 1259 2965
f 189 2293 2965
f 189 2965 4529
f 1063 4529 4628
f 4529 1063 4530
f 2305 4529 4530
f 1062 4530 1063
f 4530 1062 4505
f 4505 2694 4530
f 2694 664 4530
f 664 2694 4536
f 2693 4536 2694
f 2693 2694 2695
f 2693 2695 2057
f 2057 4535 2693
f 4535 2057 1598
f 1598 4408 4535
f 4408 2048 4535
f 2971 4535 2048
f 2048 2970 2971
f 2971 2970 2317
f 4100 2971 2317
f 4551 2970 2048
f 2048 2047 4551
f 4551 2047 2159
f 4551 2159 4550
f 4549 4551 4550
f 4549 4550 377
f 4550 3934 377
f 4550 2799 3934
f 3934 2799 1535
f 3934 1535 2469
f 2469 378 3934
f 378 2469 2470
f 2801 2470 2469
f 2470 2801 3927
f 2470 3927 500
f 3937 3927 2801
f 2801 1534 3937
f 1534 3938 3937
f 3936 3937 3938
f 3926 3936 3938
f 3926 3938 318
f 317 3926 318
f 317 318 319
f 342 317 319
f 319 3960 342
f 3960 343 342
f 342 343 344
f 303 342 344
f 303 344 304
f 303 304 305
f 3936 303 305
f 305 2436 3936
f 305 304 441
f 281 305 441
f 304 3961 441
f 3950 441 3961
f 3961 3951 3950
f 3950 3951 2029
f 2029 2031 3950
f 3950 2031 4631
f 4064 3950 4631
f 2985 4064 4631
f 4631 2986 2985
f 2447 2985 2986
f 2986 4531 2447
f 4531 2986 2450
f 340 4531 2450
f 2450 2986 4563
f 4563 2986 4632
f 4563 4632 4633
f 4563 4633 2736
f 2289 4563 2736
f 2736 4633 4562
f 4562 2735 2736
f 2735 417 2736
f 417 2735 28
f 2735 4562 2992
f 29 2735 2992
f 4562 4437 2992
f 2992 4437 4342
f 2992 4342 2993
f 41 2992 2993
f 2993 53 41
f 41 53 2016
f 4623 41 2016
f 4623 2016 4559
f 4557 4623 4559
f 4557 4559 2387
f 2387 4558 4557
f 2480 4557 4558
f 2480 4558 4481
f 4558 4594 4481
f 4482 4481 4594
f 4482 4594 4471
f 4534 4482 4471
f 4534 4471 4242
f 4242 2306 4534
f 2278 4534 2306
f 2278 2306 4269
f 2276 2278 4269
f 2276 4269 4545
f 4599 2276 4545
f 4599 4545 2925
f 4599 2925 4601
f 4601 2905 4599
f 1698 2905 4601
f 4601 2922 1698
f 1698 2922 243
f 1699 1698 243
f 1699 243 4488
f 1697 1699 4488
f 1697 4488 4367
f 4367 4396 1697
f 4589 1697 4396
f 2903 4589 4396
f 4396 4395 2903
f 4395 2498 2903
f 2498 2904 2903
f 2903 2904 2905
f 2904 2276 2905
f 2277 2276 2904
f 2904 1739 2277
f 2277 1739 2556
f 2277 2556 2278
f 2556 1739 2786
f 2556 2786 2787
f 2556 2787 4534
f 2786 2326 2787
f 4394 4395 4396
f 4396 330 4394
f 220 4394 330
f 330 4319 220
f 220 4319 1776
f 1776 531 220
f 531 1776 532
f 531 532 533
f 533 1798 531
f 531 1798 752
f 2502 531 752
f 752 705 2502
f 533 753 1798
f 4405 753 533
f 533 4245 4405
f 4245 2374 4405
f 2374 1053 4405
f 2374 4403 1053
f 4403 2374 4353
f 4403 4353 1095
f 1095 4353 2911
f 1095 2911 2910
f 2910 2911 2541
f 2910 2541 2504
f 568 2910 2504
f 568 2504 2145
f 2145 566 568
f 566 567 568
f 568 567 4361
f 1037 568 4361
f 4362 4361 567
f 567 2245 4362
f 4362 2245 2483
f 4528 4362 2483
f 2483 2485 4528
f 6 4528 2485
f 4513 6 2485
f 4513 2485 2484
f 4514 4513 2484
f 2484 1594 4514
f 4574 4514 1594
f 4574 1594 1659
f 1659 2540 4574
f 2540 1659 2916
f 2916 1659 2917
f 2916 2917 2543
f 4512 2543 2917
f 2917 3925 4512
f 4512 3925 3941
f 4508 4512 3941
f 4508 3941 4509
f 2924 4508 4509
f 2924 4509 4540
f 4540 1407 2924
f 1407 2923 2924
f 4540 4509 4287
f 4287 1139 4540
f 2593 4287 4509
f 4509 2594 2593
f 2592 2593 2594
f 2594 211 2592
f 211 213 2592
f 2592 213 850
f 213 4462 850
f 213 4510 4462
f 4462 4510 4511
f 4462 4511 4521
f 4462 4521 4522
f 4462 4522 4544
f 4463 4462 4544
f 4463 4544 4593
f 4593 4592 4463
f 4463 4592 544
f 4592 4593 3029
f 2928 4593 4544
f 4544 2929 2928
f 2928 2929 2930
f 2928 2930 4547
f 4547 4548 2928
f 2843 4547 2930
f 2930 4538 2843
f 4538 4209 2843
f 2936 2843 4209
f 4209 4211 2936
f 2936 4211 4506
f 2936 4506 2935
f 2935 2842 2936
f 2842 2935 1064
f 4605 2842 1064
f 2622 2842 4605
f 2622 4605 2620
f 2620 2621 2622
f 4547 2622 2621
f 2620 4461 2621
f 2620 4605 4460
f 2842 2622 2843
f 2935 1062 1064
f 4505 2935 4506
f 2695 4505 4506
f 4211 2695 4506
f 2058 2695 4211
f 2218 2058 4211
f 2218 4211 4210
f 4210 4538 2218
f 2466 2218 4538
f 2465 2218 2466
f 2464 2465 2466
f 2929 2464 2466
f 4585 2464 2929
f 4522 4585 2929
f 4585 2853 2464
f 4521 2853 4585
f 4521 2851 2853
f 2851 2852 2853
f 2853 2852 4517
f 2853 4517 2465
f 2465 4517 4587
f 4472 4587 4517
f 1599 4587 4472
f 1597 1599 4472
f 4472 4473 1597
f 4473 4543 1597
f 4543 2046 1597
f 4408 1597 2046
f 4543 2047 2046
f 2863 2047 4543
f 2864 2863 4543
f 2862 2863 2864
f 2864 4237 2862
f 2862 4237 4254
f 2862 4254 4253
f 4253 4524 2862
f 4253 1564 4524
f 4498 4524 1564
f 4498 1564 2198
f 4467 4498 2198
f 4227 4467 2198
f 2503 4227 2198
f 1563 2503 2198
f 4571 2503 1563
f 4570 4571 1563
f 1563 1149 4570
f 4570 1149 4249
f 2874 4249 1149
f 2874 1149 2875
f 1596 2874 2875
f 1596 2875 4255
f 1660 1596 4255
f 1660 4255 3925
f 3925 4255 3940
f 1038 3940 4255
f 3940 1038 4537
f 3940 4537 212
f 211 3940 212
f 211 3941 3940
f 4240 212 4537
f 4537 1040 4240
f 1040 2664 4240
f 4240 2664 2663
f 2662 2663 2664
f 2662 2664 4235
f 2662 4235 4253
f 2663 2662 4237
f 4237 4244 2663
f 2663 4244 4510
f 212 2663 4510
f 4244 4237 2851
f 4511 4244 2851
f 4235 2664 1040
f 1039 4235 1040
f 1038 1039 1040
f 4252 1039 1038
f 2875 4252 1038
f 4252 1149 1039
f 1148 1039 1149
f 1148 4235 1039
f 1564 4235 1148
f 1148 1563 1564
f 212 4240 2663
f 1038 1040 4537
f 1596 1660 1594
f 1594 1595 1596
f 4255 2875 1038
f 1596 1595 2874
f 2875 1149 4252
f 1595 4249 2874
f 1595 4588 4249
f 4249 4588 4571
f 4588 2246 4571
f 2893 4571 2246
f 2893 2246 566
f 2147 2893 566
f 4518 2893 2147
f 4518 2147 4519
f 3960 4518 4519
f 3960 4519 4400
f 1824 4400 4519
f 3947 1824 4519
f 3947 4519 2146
f 2504 3947 2146
f 1825 1824 3947
f 2541 1825 3947
f 1825 2541 2542
f 2542 4351 1825
f 4351 2417 1825
f 1825 2417 1823
f 1823 2417 679
f 1824 1823 679
f 679 2896 1824
f 2896 679 2424
f 466 2896 2424
f 4409 466 2424
f 4409 2424 4542
f 3961 4409 4542
f 4542 2424 2425
f 4542 2425 4541
f 4542 4541 3951
f 3951 4541 2030
f 2030 4541 4644
f 4644 4679 2030
f 4390 2030 4679
f 4390 4679 4388
f 4388 4389 4390
f 4562 4390 4389
f 4389 4388 2403
f 2403 4437 4389
f 2403 733 4437
f 4385 4437 733
f 4385 733 4386
f 4673 4385 4386
f 4386 4642 4673
f 4673 4642 4640
f 4640 4642 4618
f 4618 4638 4640
f 54 4640 4638
f 54 4638 55
f 53 54 55
f 4336 53 55
f 4336 55 4230
f 4336 4230 4635
f 4635 1800 4336
f 4493 4336 1800
f 4335 4493 1800
f 4335 1800 1799
f 100 4335 1799
f 100 1799 101
f 100 101 102
f 4241 100 102
f 2307 4241 102
f 2307 102 1352
f 2307 1352 2069
f 2306 2307 2069
f 2068 2306 2069
f 2068 2069 2070
f 2358 2068 2070
f 2070 4546 2358
f 2359 2358 4546
f 4546 1344 2359
f 2359 1344 4484
f 2359 4484 4293
f 4293 2360 2359
f 2925 2360 4293
f 2925 4293 2921
f 2922 2925 2921
f 2921 244 2922
f 244 2921 4289
f 244 4289 4370
f 4370 242 244
f 242 243 244
f 4372 242 4370
f 4370 4371 4372
f 4372 4371 4368
f 4368 4488 4372
f 4371 4503 4368
f 4368 4503 2283
f 2283 329 4368
f 4367 4368 329
f 331 4367 329
f 329 330 331
f 329 2338 330
f 2338 329 2283
f 2283 4596 2338
f 2338 4596 2339
f 2338 2339 1774
f 4319 2338 1774
f 1775 1774 2339
f 2339 4417 1775
f 1775 4417 2599
f 1775 2599 1776
f 4470 2599 4417
f 2344 4470 4417
f 2344 4417 4166
f 2342 2344 4166
f 4166 4167 2342
f 4494 2342 4167
f 4494 4167 4132
f 4494 4132 4604
f 4604 4525 4494
f 4494 4525 464
f 463 4494 464
f 463 464 465
f 465 1184 463
f 463 1184 2328
f 463 2328 4495
f 2343 4495 2328
f 2343 2328 4399
f 4470 2343 4399
f 4399 4155 4470
f 4155 4399 535
f 534 4155 535
f 534 535 536
f 534 536 4245
f 536 535 4157
f 536 4157 2375
f 536 2375 2374
f 2374 2375 2376
f 2376 2375 4286
f 2376 4286 4354
f 4353 2376 4354
f 2542 4354 4286
f 4286 4349 2542
f 4286 4602 4349
f 4602 4492 4349
f 4349 4492 4350
f 4349 4350 4351
f 2418 4350 4492
f 2418 4492 969
f 969 735 2418
f 735 4636 2418
f 680 2418 4636
f 4636 4637 680
f 4637 681 680
f 679 680 681
f 681 4414 679
f 2425 679 4414
f 4414 681 4644
f 681 4501 4644
f 4644 4501 4412
f 4388 4644 4412
f 4501 4413 4412
f 734 4412 4413
f 4413 735 734
f 733 734 735
f 2403 4412 734
f 4413 4501 4636
f 4501 681 4637
f 4637 4636 4501
f 2417 2418 680
f 4636 735 4413
f 4386 735 969
f 969 968 4386
f 967 968 969
f 967 4466 968
f 968 4466 4642
f 465 4466 967
f 465 2314 4466
f 2314 4618 4466
f 4618 2314 2316
f 4229 4618 2316
f 4229 2316 4230
f 2316 2168 4230
f 2316 2166 2168
f 2166 2167 2168
f 2167 4617 2168
f 1801 2168 4617
f 4617 2966 1801
f 2966 101 1801
f 2966 1353 101
f 1353 2966 1354
f 1352 1353 1354
f 1352 1354 2292
f 2292 2070 1352
f 2070 2292 2291
f 2070 2291 4298
f 4298 2291 4305
f 4298 4305 4306
f 4298 4306 4299
f 4297 4298 4299
f 4297 4299 4629
f 4629 4497 4297
f 1151 4297 4497
f 1151 4497 4381
f 4381 1152 1151
f 1150 1151 1152
f 4478 1150 1152
f 4478 1152 4479
f 4478 4479 4407
f 799 4478 4407
f 4407 4256 799
f 4619 799 4256
f 2225 4619 4256
f 2225 4256 999
f 2225 999 116
f 116 2226 2225
f 2225 2226 1449
f 2225 1449 3911
f 2225 3911 4584
f 4584 4583 2225
f 4583 4580 2225
f 4580 797 2225
f 4580 824 797
f 824 825 797
f 798 797 825
f 798 825 4610
f 4478 798 4610
f 4610 4203 4478
f 4213 4203 4610
f 4203 4213 4214
f 4214 4204 4203
f 4202 4203 4204
f 4204 2011 4202
f 2011 1343 4202
f 4202 1343 4539
f 4539 1150 4202
f 1343 1151 4539
f 1343 1344 1151
f 2012 1344 1343
f 1344 2012 4485
f 4485 2012 4289
f 4485 4289 4416
f 4484 4485 4416
f 2012 4041 4289
f 4289 4041 4050
f 2251 4289 4050
f 2251 4050 4021
f 2251 4021 2249
f 2249 2250 2251
f 2250 4371 2251
f 2865 4371 2250
f 2865 2250 2866
f 1646 2865 2866
f 2866 4575 1646
f 4575 1647 1646
f 1646 1647 746
f 747 746 1647
f 2879 747 1647
f 1647 2878 2879
f 2878 1099 2879
f 1099 4357 2879
f 4091 2879 4357
f 2974 4091 4357
f 4357 4101 2974
f 4101 3946 2974
f 2974 3946 4556
f 1164 2974 4556
f 1164 4556 1493
f 1494 1164 1493
f 1493 619 1494
f 4444 1494 619
f 4444 619 618
f 618 4131 4444
f 4321 4444 4131
f 4321 4131 4166
f 4595 4321 4166
f 4321 4595 4322
f 4321 4322 4316
f 4316 4322 2285
f 2284 4316 2285
f 2283 2284 2285
f 4316 2284 4598
f 4598 4136 4316
f 4136 4135 4316
f 4135 4444 4316
f 4444 4135 1165
f 1165 1164 4444
f 1164 1165 1166
f 4135 1166 1165
f 4622 1166 4135
f 4134 4622 4135
f 4622 4134 748
f 4622 748 747
f 746 748 4134
f 746 4134 2865
f 2865 4134 4262
f 4262 4503 2865
f 4503 4262 4598
f 4262 4134 4136
f 4622 4091 1166
f 4134 4135 4136
f 4262 4136 4598
f 4503 4598 2284
f 2285 4322 4596
f 4322 4595 4596
f 4316 4444 4321
f 4131 618 4132
f 618 620 4132
f 4603 4132 620
f 3995 4603 620
f 840 3995 620
f 620 1493 840
f 840 1493 4005
f 840 4005 841
f 840 841 842
f 840 842 1976
f 1354 1976 842
f 841 1354 842
f 1354 841 2290
f 2290 841 4068
f 2290 4068 4069
f 2290 4069 2291
f 4068 553 4069
f 929 4069 553
f 929 553 552
f 552 3885 929
f 929 3885 4590
f 4629 4590 3885
f 2025 3885 552
f 2025 552 554
f 2025 554 2356
f 2356 2357 2025
f 2357 997 2025
f 2025 997 3873
f 3886 2025 3873
f 3886 3873 3020
f 3884 3886 3020
f 4009 3884 3020
f 4009 3020 3017
f 4256 4009 3017
f 4479 4009 4256
f 3020 3018 3017
f 3017 3018 999
f 3018 4572 999
f 4572 3874 999
f 3874 997 999
f 997 998 999
f 4111 999 998
f 998 4110 4111
f 4111 4110 3962
f 4107 4111 3962
f 4107 3962 4101
f 4442 4111 4107
f 4106 4442 4107
f 4106 4107 1099
f 1098 4106 1099
f 1098 1099 1100
f 4081 1098 1100
f 4440 4081 1100
f 4440 1100 2053
f 346 4440 2053
f 347 346 2053
f 347 2053 4169
f 347 4169 4198
f 3924 347 4198
f 4198 4020 3924
f 4606 3924 4020
f 4606 4020 4019
f 4153 4606 4019
f 4153 4019 4197
f 4196 4153 4197
f 4434 4196 4197
f 4204 4434 4197
f 4197 4029 4204
f 170 4196 4434
f 4434 4433 170
f 171 170 4433
f 171 4433 1180
f 171 1180 1181
f 171 1181 1883
f 171 1883 169
f 169 1883 4181
f 4181 4451 169
f 169 4451 4154
f 169 4154 170
f 4154 4451 1279
f 1279 4153 4154
f 4153 1279 1281
f 1279 1280 1281
f 1280 3939 1281
f 3939 345 1281
f 1281 345 3924
f 3939 2085 345
f 2085 2086 345
f 2086 346 345
f 4087 346 2086
f 4087 114 346
f 114 4439 346
f 999 4439 114
f 4439 999 4083
f 4439 4083 4082
f 4439 4082 4440
f 4081 4082 4083
f 999 4081 4083
f 999 4165 4081
f 4165 999 4106
f 115 114 4087
f 4087 4573 115
f 4573 1370 115
f 1369 115 1370
f 1368 1369 1370
f 4183 1368 1370
f 4182 4183 1370
f 3939 4183 4182
f 4183 4455 1368
f 1368 4455 2226
f 4455 1450 2226
f 4180 1450 4455
f 1450 4180 4181
f 4181 1451 1450
f 1449 1450 1451
f 4455 4183 4180
f 1280 4180 4183
f 4451 4180 1280
f 1368 116 1369
f 115 1369 116
f 1370 4573 4182
f 4182 4573 2085
f 4573 4087 2085
f 114 115 116
f 2085 4087 2086
f 4182 2085 3939
f 4183 3939 1280
f 1279 4451 1280
f 4180 4451 4181
f 1451 4181 1883
f 1451 1883 3900
f 1451 3900 3911
f 1882 3911 3900
f 1883 1882 3900
f 1881 1882 1883
f 1881 1181 1882
f 1882 1181 4583
f 1181 4579 4583
f 1881 1883 1181
f 1181 1180 4579
f 824 4579 1180
f 169 170 171
f 4433 4434 1180
f 1180 4434 4214
f 170 4154 4196
f 4153 4196 4154
f 4029 4197 4019
f 4021 4029 4019
f 4153 1281 4606
f 4019 4020 4021
f 4606 1281 3924
f 4020 4198 2249
f 345 347 3924
f 4169 4575 4198
f 4169 2053 2878
f 345 346 347
f 346 4439 4440
f 4082 4081 4440
f 4165 1098 4081
f 1100 1099 2053
f 4106 1098 4165
f 999 4442 4106
f 4110 421 3962
f 3946 3962 421
f 3946 421 420
f 1945 3946 420
f 1945 420 422
f 422 554 1945
f 553 1945 554
f 554 422 4555
f 4555 422 421
f 998 4555 421
f 998 2357 4555
f 420 421 422
f 4110 998 421
f 999 4111 4442
f 3020 3874 4572
f 3020 4572 3018
f 4009 4381 3884
f 3884 3885 3886
f 4497 3885 3884
f 3020 3873 3874
f 997 3874 3873
f 997 2357 998
f 2357 2356 4555
f 554 4555 2356
f 3886 3885 2025
f 552 553 554
f 4590 4069 929
f 4305 4069 4590
f 1945 553 4068
f 4068 4004 1945
f 1945 4004 4556
f 4005 4004 4068
f 841 4005 4068
f 4004 4005 1493
f 1976 3995 840
f 1975 3995 1976
f 1975 1976 1977
f 4526 1975 1977
f 4526 1977 4617
f 1975 4526 4525
f 2966 1977 1976
f 4603 3995 1975
f 4604 4603 1975
f 618 619 620
f 619 1493 620
f 4444 1164 1494
f 1493 4556 4004
f 1164 1166 2974
f 4556 3946 1945
f 3946 4101 3962
f 4101 4357 4107
f 4091 2974 1166
f 2879 4091 4622
f 1099 4107 4357
f 2878 2053 1099
f 4169 2878 1647
f 747 2879 4622
f 746 747 748
f 4575 4169 1647
f 4198 4575 2866
f 746 2865 1646
f 4198 2866 2250
f 2249 4198 2250
f 4020 2249 4021
f 4021 4050 4029
f 4029 4050 4041
f 4041 2011 4029
f 2011 4041 2012
f 1343 2011 2012
f 4204 4029 2011
f 4203 4202 1150
f 4434 4204 4214
f 4213 1180 4214
f 1180 4213 825
f 4610 825 4213
f 797 798 799
f 824 1180 825
f 4579 824 4580
f 4583 4579 4580
f 1882 4583 4584
f 4584 3911 1882
f 1451 3911 1449
f 1450 1449 2226
f 2226 116 1368
f 114 116 999
f 4256 3017 999
f 2225 797 4619
f 4619 797 799
f 798 4478 799
f 4256 4407 4479
f 4009 4479 1152
f 4203 1150 4478
f 1150 4539 1151
f 1152 4381 4009
f 4497 3884 4381
f 1344 4297 1151
f 4497 4629 3885
f 4299 4590 4629
f 4546 4298 4297
f 4299 4306 4590
f 4306 4305 4590
f 4069 4305 2291
f 2290 2291 2292
f 2292 1354 2290
f 1976 1354 2966
f 4617 1977 2966
f 2168 1801 4635
f 2167 4526 4617
f 464 4526 2167
f 2167 2166 464
f 2315 464 2166
f 2316 2315 2166
f 2314 2315 2316
f 2315 2314 465
f 969 4492 967
f 4492 1715 967
f 1715 1184 967
f 1182 1184 1715
f 1182 1715 4602
f 1182 1183 1184
f 1182 4157 1183
f 1183 4157 4399
f 2417 4350 2418
f 4492 4602 1715
f 4602 4286 1182
f 4286 2375 1182
f 2375 4157 1182
f 4155 534 2599
f 2599 534 2265
f 532 2599 2265
f 2265 534 533
f 4157 535 4399
f 4399 2328 1183
f 2342 4495 2343
f 1184 1183 2328
f 967 1184 465
f 465 464 2315
f 4495 4494 463
f 464 4525 4526
f 1975 4525 4604
f 4132 4603 4604
f 4132 4167 4131
f 2342 4494 4495
f 4166 4131 4167
f 2342 2343 2344
f 4595 4166 4417
f 4470 2344 2343
f 2599 4470 4155
f 2339 4595 4417
f 1774 1775 1776
f 4596 4595 2339
f 4596 2283 2285
f 2284 2283 4503
f 4371 2865 4503
f 4371 4370 2251
f 4372 4488 242
f 2251 4370 4289
f 4416 4289 2921
f 4293 4416 2921
f 2925 4621 2360
f 4621 2068 2360
f 2068 4621 4268
f 4268 4621 4545
f 4416 4293 4484
f 4485 4484 1344
f 1344 4546 4297
f 2358 2359 2360
f 4546 2070 4298
f 2360 2068 2358
f 4268 2306 2068
f 1352 2070 2069
f 102 1353 1352
f 4241 2307 4242
f 100 4241 4397
f 2386 100 4397
f 4594 2386 4397
f 2386 2387 100
f 4471 4397 4241
f 102 101 1353
f 1799 1801 101
f 2387 4335 100
f 1799 1800 1801
f 4559 4493 4335
f 2017 4493 4559
f 4336 4493 2017
f 1801 1800 4635
f 2168 4635 4230
f 55 4229 4230
f 2017 53 4336
f 4342 54 53
f 4385 54 4342
f 4229 55 4638
f 4385 4640 54
f 4618 4229 4638
f 4466 4618 4642
f 4386 968 4642
f 4385 4673 4640
f 4386 733 735
f 2403 734 733
f 4388 4412 2403
f 4390 2031 2030
f 4390 4632 2031
f 4644 4388 4679
f 4644 4541 4414
f 2425 4414 4541
f 304 466 4409
f 343 2896 466
f 2896 343 4400
f 2424 679 2425
f 680 679 2417
f 4351 4350 2417
f 4351 2542 4349
f 4354 2542 2541
f 1823 1824 1825
f 4400 1824 2896
f 4226 4518 3960
f 4519 2147 2146
f 2145 2146 2147
f 4518 4226 2893
f 4228 2893 4226
f 4226 4227 4228
f 4227 4226 4616
f 4226 319 4616
f 319 4468 4616
f 4468 4467 4616
f 1536 4467 4468
f 318 1536 4468
f 1536 318 1534
f 1534 1535 1536
f 4467 1536 2160
f 2160 4499 4467
f 2160 4480 4499
f 4480 4524 4499
f 4480 2863 4524
f 4480 2160 2159
f 1536 2159 2160
f 2799 2159 1536
f 4571 2893 4228
f 4588 2245 2246
f 4487 2245 4588
f 1595 4487 4588
f 2484 4487 1595
f 2484 2483 4487
f 1149 1563 1148
f 4249 4571 4570
f 4571 4228 2503
f 2503 4228 4227
f 4227 4616 4467
f 4498 4467 4499
f 2198 1564 1563
f 4499 4524 4498
f 4253 4235 1564
f 2662 4253 4254
f 2662 4254 4237
f 4237 2864 2852
f 2852 2864 4472
f 2862 4524 2863
f 2863 4480 2047
f 2864 4543 4473
f 4472 2864 4473
f 1597 1598 1599
f 1599 1598 2058
f 4587 1599 2218
f 2852 4472 4517
f 4237 2852 2851
f 2465 2464 2853
f 2465 4587 2218
f 2218 1599 2058
f 4209 4210 4211
f 2843 2936 2842
f 4538 4210 4209
f 2930 2466 4538
f 4547 2843 2622
f 2929 2466 2930
f 4593 2928 4548
f 2219 4462 4463
f 4544 4522 2929
f 4585 4522 4521
f 4511 2851 4521
f 4510 4244 4511
f 213 212 4510
f 211 212 213
f 3941 211 2594
f 2593 2592 849
f 4287 2593 849
f 2923 4508 2924
f 2923 2547 4508
f 2594 4509 3941
f 2547 4512 4508
f 3925 3940 3941
f 2917 1660 3925
f 1659 1660 2917
f 1659 1594 1660
f 659 4514 4574
f 1594 2484 1595
f 4513 4514 82
f 2483 2484 2485
f 4362 4528 2312
f 2483 2245 4487
f 2245 567 2246
f 2312 4361 4362
f 567 566 2246
f 2147 566 2145
f 2504 2146 2145
f 2910 568 1037
f 2910 1037 17
f 3947 2504 2541
f 2911 4354 2541
f 4353 4354 2911
f 2374 2376 4353
f 4245 536 2374
f 533 534 4245
f 4405 1053 753
f 533 532 2265
f 1776 2599 532
f 4319 1774 1776
f 330 2338 4319
f 4396 331 330
f 205 4395 4394
f 1698 4589 2903
f 1697 4589 1698
f 331 4396 4367
f 4488 4368 4367
f 242 4488 243
f 1697 1698 1699
f 244 243 2922
f 2903 2905 1698
f 2922 4601 2925
f 4621 2925 4545
f 4599 2905 2276
f 4545 4269 4268
f 2276 2277 2278
f 4268 4269 2306
f 2556 4534 2278
f 2307 2306 4242
f 4471 4241 4242
f 2787 4482 4534
f 4482 2787 2481
f 4471 4594 4397
f 2481 4481 4482
f 2386 4594 4558
f 4557 2480 4600
f 4447 4557 4600
f 4448 4447 4600
f 4447 4448 4449
f 4447 4449 42
f 4623 4447 42
f 4122 4449 4448
f 4122 4448 4121
f 4121 1620 4122
f 1642 1620 4121
f 4121 4448 1642
f 2467 4449 4122
f 4600 2480 4448
f 2387 2386 4558
f 4559 4335 2387
f 4447 4623 4557
f 2017 4559 2016
f 2016 53 2017
f 53 2993 4342
f 4342 4437 4385
f 4562 4389 4437
f 4390 4562 4633
f 4632 4390 4633
f 4632 2986 2031
f 4064 2985 282
f 441 4064 282
f 4631 2031 2986
f 2029 2030 2031
f 3951 2030 2029
f 4542 3951 3961
f 441 3950 4064
f 304 4409 3961
f 344 466 304
f 3926 342 303
f 343 466 344
f 343 3960 4400
f 3960 319 4226
f 4468 319 318
f 3926 317 342
f 3926 303 3936
f 3937 3936 525
f 1534 318 3938
f 1535 1534 2801
f 3927 3937 525
f 2801 2469 1535
f 2799 1536 1535
f 350 4551 4549
f 2159 2799 4550
f 2159 2047 4480
f 2046 2047 2048
f 4551 350 2970
f 350 2320 2970
f 2971 4100 4535
f 4535 4100 4536
f 4536 4100 4099
f 2308 4536 4099
f 4099 4100 712
f 2048 4408 2046
f 4408 1598 1597
f 1598 2057 2058
f 2058 2057 2695
f 4535 4536 2693
f 2695 2694 4505
f 2935 4505 1062
f 1062 1063 1064
f 4460 4605 1064
f 2955 4423 2954
f 2620 4460 4461
f 2621 4461 2660
f 2621 4458 4547
f 4458 2823 4547
f 4459 4458 4615
f 2449 4191 4145
f 2823 4458 4459
f 2822 4547 2823
f 2822 4548 4547
f 3029 4593 4548
f 2072 2821 2945
f 3028 4592 3029
f 4592 3028 545
f 2133 3028 4566
f 2071 2072 2073
f 4645 2073 2448
f 2448 4191 2449
f 2449 4145 85
f 4614 87 86
f 86 1860 2497
f 2392 1860 1848
f 4145 2440 85
f 1847 2095 1848
f 4552 47 2440
f 2095 49 2096
f 47 2659 1849
f 4423 1942 1849
f 1942 4423 425
f 49 48 1243
f 1243 1244 49
f 3368 1244 1308
f 3374 1308 426
f 1942 425 424
f 1929 3374 426
f 4423 1930 425
f 1930 4630 2090
f 2090 4560 1259
f 1929 1928 2525
f 2616 2525 720
f 2616 720 4591
f 1866 2616 4591
f 720 1880 4591
f 722 721 1990
f 1990 367 366
f 985 675 654
f 1983 676 1879
f 1879 2112 1880
f 1878 4456 2462
f 2115 2462 4456
f 4456 3909 2115
f 4176 3909 4456
f 4176 4456 4457
f 4176 4457 493
f 4176 1034 3909
f 4456 1878 4457
f 494 4457 1878
f 2112 175 1880
f 1866 4591 1880
f 2997 2616 1866
f 2456 2563 2997
f 2456 131 3359
f 174 132 1423
f 131 130 2580
f 174 173 132
f 173 2462 2114
f 130 1861 1862
f 2114 2462 2115
f 1861 1402 1862
f 2115 3909 1403
f 1360 1403 3909
f 1360 3909 1033
f 1862 1402 2479
f 2399 2586 2479
f 2569 2399 2109
f 1403 2110 1401
f 198 2569 2109
f 197 198 199
f 2110 1403 1360
f 1361 1360 546
f 2984 199 2608
f 2034 199 2984
f 2034 2042 2354
f 1874 2042 1875
f 1873 1874 1875
f 1873 2026 3297
f 2027 949 2033
f 2033 949 2629
f 917 1908 2026
f 2026 1908 1907
f 2551 1907 2079
f 1214 1906 1892
f 2551 2079 302
f 3252 302 301
f 3249 301 1911
f 1911 1893 1916
f 1214 1892 300
f 1892 916 1172
f 1893 1915 1916
f 1916 1915 2015
f 2950 1915 234
f 1172 916 235
f 234 233 2950
f 916 918 235
f 233 2468 2950
f 4427 2950 2468
f 2468 2125 4427
f 443 4427 2125
f 2125 444 443
f 442 443 444
f 444 573 442
f 444 2124 573
f 444 1472 2124
f 443 442 1940
f 1993 443 1940
f 1940 1991 1993
f 1940 442 1941
f 2125 1472 444
f 4427 443 1993
f 1992 4427 1993
f 2126 2125 2468
f 918 2033 1471
f 1472 2125 1473
f 2033 2629 1471
f 949 951 2629
f 950 2035 951
f 2122 2124 1472
f 1437 573 2124
f 1436 2035 1361
f 1437 2623 573
f 548 1540 1541
f 546 1806 1361
f 548 547 1540
f 2519 1540 547
f 1360 1033 546
f 1033 3909 1034
f 1034 4176 493
f 4457 494 493
f 494 1878 985
f 2567 985 654
f 654 653 2567
f 653 654 655
f 653 655 2834
f 322 2834 655
f 2678 322 655
f 2678 655 654
f 1390 2678 654
f 1390 1231 2678
f 1390 1973 1231
f 986 1794 495
f 1794 20 1802
f 20 19 1802
f 616 21 2401
f 19 2520 1802
f 2519 547 2520
f 2519 1541 1540
f 783 617 1819
f 2623 1541 574
f 573 2623 574
f 442 573 1941
f 1940 1941 2019
f 1991 1940 2019
f 1991 1992 1993
f 2950 4427 1992
f 2950 2015 1915
f 879 2014 880
f 879 815 2014
f 1916 2015 832
f 833 2014 815
f 832 831 2482
f 1922 1921 831
f 2944 1936 1922
f 815 2061 833
f 814 815 816
f 815 1531 816
f 1127 2944 1128
f 2944 1127 2574
f 2574 2056 4515
f 3215 2056 2055
f 2942 2055 1081
f 2005 1614 2006
f 1081 1083 2934
f 2681 2680 2934
f 2679 2681 1604
f 2231 2679 1604
f 2231 2281 2689
f 2806 2281 2280
f 1605 2645 1603
f 2715 2280 2282
f 3194 2282 1685
f 436 3194 1685
f 435 2716 436
f 2768 2722 435
f 2767 2982 2768
f 3133 2767 311
f 311 382 2792
f 312 383 310
f 381 4649 382
f 383 1684 2729
f 2766 4649 381
f 2766 240 2795
f 239 2996 240
f 239 326 2994
f 241 2729 324
f 326 325 2994
f 325 2712 2097
f 2729 2713 324
f 2712 1649 2097
f 1649 334 1260
f 2713 255 1648
f 334 257 1261
f 256 255 1694
f 4163 257 2709
f 1694 1622 256
f 2709 2708 3009
f 3009 2708 270
f 1695 1623 1622
f 271 270 2708
f 3009 270 2143
f 2639 2143 2646
f 1623 2645 269
f 2645 1605 1511
f 2646 1513 2639
f 2144 1511 1605
f 2144 2005 2134
f 2238 2135 2134
f 1512 2640 1513
f 2640 2639 1513
f 2639 2137 1306
f 2137 2075 1304
f 2075 2391 2076
f 2076 2391 2831
f 2831 2391 1807
f 4714 1807 1591
f 4714 2832 1807
f 1591 2221 4714
f 4735 4714 2221
f 2221 4737 4735
f 4737 4738 4735
f 4735 4738 4739
f 4735 4739 4740
f 4741 4735 4740
f 4741 4740 4742
f 2180 4741 4742
f 4741 2180 4714
f 4742 4740 4749
f 4742 4749 4750
f 4742 4750 1544
f 4750 4749 4751
f 4750 4751 2363
f 4751 4752 2363
f 2363 4752 1560
f 4752 4756 1560
f 4756 4703 1560
f 4756 4701 4703
f 4701 4702 4703
f 4702 2377 4703
f 2377 4702 4758
f 4758 4702 2408
f 2365 4758 2408
f 4702 4701 4760
f 4699 4702 4760
f 4699 4760 4763
f 4763 4764 4699
f 4764 4700 4699
f 1522 4699 4700
f 1522 4700 4765
f 4700 4766 4765
f 4766 4720 4765
f 4719 4765 4720
f 4719 4720 2165
f 4770 2165 4720
f 4770 4720 4772
f 4773 4770 4772
f 4774 4773 4772
f 4774 4772 4779
f 4779 1676 4774
f 4779 2207 1676
f 4781 1676 2207
f 4783 4781 2207
f 4781 4783 2723
f 2723 4783 1803
f 2207 4779 4737
f 4772 4738 4779
f 4738 4772 4785
f 2264 4773 4774
f 2264 4787 4773
f 4788 4773 4787
f 4787 2656 4788
f 4770 4788 2656
f 4787 4789 2656
f 4789 4787 2264
f 1666 4789 2264
f 4788 4770 4773
f 4720 4785 4772
f 4765 4719 2650
f 4720 4766 4785
f 4766 4739 4785
f 4700 4739 4766
f 4739 4700 4792
f 4700 4764 4792
f 4764 4794 4792
f 4795 4792 4794
f 4795 4794 4752
f 4752 4749 4795
f 4740 4792 4795
f 4794 4764 4796
f 4756 4794 4796
f 4756 4796 4763
f 4796 4764 4763
f 1521 4702 4699
f 4763 4760 4701
f 4756 4763 4701
f 4794 4756 4752
f 4749 4752 4751
f 4749 4740 4795
f 4739 4792 4740
f 4738 4785 4739
f 4738 4737 4779
f 4714 4735 4741
f 2208 4737 2221
f 2207 4737 2208
f 4783 2207 1803
f 2220 1590 1589
f 1500 2220 1501
f 1576 2723 1803
f 1502 2135 1500
f 2135 2238 2239
f 2723 1576 1575
f 4781 2723 1677
f 1677 1676 4781
f 2264 4774 1676
f 1678 2263 2257
f 2264 2258 1666
f 2257 2239 2717
f 2717 2705 2718
f 2705 1664 2718
f 4789 1666 1665
f 4789 1665 2657
f 1082 1664 1613
f 2054 2162 1082
f 1530 2162 816
f 2657 1665 2163
f 2656 4789 2657
f 4770 2656 1532
f 816 1531 1530
f 2165 4770 1532
f 4719 2165 2151
f 815 879 1531
f 879 881 2649
f 4719 2151 2650
f 2649 881 1520
f 2650 1522 4765
f 1522 1521 4699
f 2020 2153 1520
f 1521 2408 4702
f 575 2409 2153
f 2408 2407 2365
f 575 784 2409
f 1819 784 783
f 616 1819 617
f 2402 2759 2813
f 2813 2759 1721
f 616 2401 2400
f 1811 2401 21
f 1811 2567 653
f 1729 653 2834
f 2759 2402 1812
f 2318 2310 1728
f 1721 2759 2309
f 1721 1720 2813
f 2407 1720 2192
f 2365 2407 2192
f 2365 2377 4758
f 2377 1561 4703
f 1562 1795 2193
f 2193 2774 1562
f 4703 1561 1560
f 2363 1560 2178
f 1544 4750 2363
f 2180 4742 1544
f 2429 4714 2180
f 1838 4714 2429
f 1839 2429 2428
f 2429 1839 1838
f 1838 2832 4714
f 1807 2832 2831
f 2421 2076 2831
f 3056 2421 2420
f 1829 2746 2420
f 1830 2419 1840
f 2430 1830 1840
f 2430 1546 1295
f 1545 1296 1295
f 2824 1297 1768
f 1249 2824 1768
f 1293 1829 1249
f 2334 2747 1293
f 2750 2334 1246
f 1645 2751 1246
f 1951 1950 1645
f 459 1951 1159
f 1205 2860 1644
f 1158 1953 1159
f 1160 2860 2706
f 2298 1714 1050
f 4824 1050 1714
f 1714 762 4824
f 2706 1207 2297
f 1206 1713 1207
f 1714 2745 762
f 1713 1206 1744
f 2745 2287 4828
f 2745 4828 763
f 4828 4832 763
f 4832 4828 2287
f 1744 1251 2288
f 4832 2287 2286
f 4834 4832 2286
f 4832 4834 4836
f 4832 4836 812
f 812 4836 482
f 468 482 4836
f 468 4836 4834
f 4834 4837 468
f 2738 4837 4834
f 1704 4834 2286
f 1250 1702 2288
f 1702 1767 1703
f 1704 2738 4834
f 2738 2737 4837
f 1959 4837 2737
f 4698 1959 2737
f 4698 2737 2353
f 4697 4698 2353
f 2353 4838 4697
f 4838 2769 4697
f 4697 2769 4839
f 4839 1959 4697
f 2769 4838 2775
f 1959 4698 4697
f 1767 2347 1703
f 1767 1347 2347
f 2737 2348 2353
f 1789 4838 2353
f 1296 1788 1347
f 1789 2775 4838
f 2774 1788 1562
f 2774 2193 2340
f 2340 1719 2311
f 1780 2775 2341
f 1778 2311 2310
f 1778 2319 1779
f 2769 2775 1780
f 4839 2769 523
f 2319 524 1779
f 522 4839 523
f 1729 2834 524
f 522 1959 4839
f 469 4837 1959
f 469 468 4837
f 807 2825 4711
f 2241 4711 2825
f 4711 2241 4844
f 4844 4845 4711
f 808 4711 4845
f 4845 2755 808
f 4845 4844 1482
f 4845 1482 2754
f 2241 1482 4844
f 1949 482 468
f 808 807 4711
f 481 483 2008
f 812 482 481
f 763 4832 812
f 2745 763 762
f 2817 2807 764
f 2762 2807 2817
f 2817 737 2762
f 4824 762 2809
f 4824 2809 775
f 774 4824 775
f 1050 4824 774
f 1050 1004 1302
f 1003 1158 1004
f 1003 2010 801
f 1005 1061 2045
f 638 637 1010
f 2010 637 1999
f 639 1011 2793
f 432 649 2793
f 1999 585 584
f 758 584 2001
f 2782 586 648
f 648 2771 2782
f 2771 648 69
f 1966 1592 2001
f 597 2782 2771
f 1046 1966 596
f 596 93 851
f 851 2778 1579
f 2778 1487 1579
f 2778 105 4861
f 2778 4861 2269
f 4861 4862 2269
f 4862 4861 105
f 1858 92 58
f 105 104 4862
f 104 4865 4862
f 4687 4862 4865
f 4865 4696 4687
f 4695 4687 4696
f 4696 4866 4695
f 4866 4867 4695
f 4867 4688 4695
f 4867 2635 4688
f 4867 4868 2635
f 4869 4868 4867
f 4868 4869 4694
f 4868 4694 4693
f 1111 4868 4693
f 4693 4694 877
f 4869 4713 4694
f 4694 4713 2658
f 4869 4866 4713
f 4713 4866 4712
f 4712 2661 4713
f 4871 2661 4712
f 4872 4871 4712
f 4875 4872 4712
f 4875 4710 4872
f 4872 4710 4880
f 4880 4881 4872
f 4881 4880 4883
f 4881 4883 4884
f 4884 603 4881
f 603 4884 980
f 4884 4883 2687
f 4883 4887 2687
f 4887 1433 2687
f 1433 4887 4889
f 1433 4889 4892
f 4893 4892 4889
f 4889 4894 4893
f 4895 4893 4894
f 4894 4692 4895
f 4895 4692 4897
f 4897 4898 4895
f 4899 4895 4898
f 4899 4898 4900
f 4900 4901 4899
f 4901 1495 4899
f 1495 4902 4899
f 4899 4902 4893
f 4893 4902 2701
f 4888 1495 4901
f 4888 4901 4900
f 4900 4905 4888
f 2725 4888 4905
f 4906 4905 4900
f 4906 4907 4905
f 4885 4905 4907
f 4907 4908 4885
f 1356 4885 4908
f 4908 4911 1356
f 4908 4912 4911
f 4912 4913 4911
f 4914 4911 4913
f 4879 4914 4913
f 4913 1292 4879
f 1292 4915 4879
f 4879 4915 2117
f 4916 2117 4915
f 4915 4917 4916
f 4916 4917 4918
f 4916 4918 4919
f 4919 4918 1397
f 4917 4921 4918
f 4918 4921 4686
f 4918 4686 1398
f 4685 1398 4686
f 4686 4922 4685
f 4922 4923 4685
f 4685 4923 4924
f 4685 4924 146
f 4924 195 146
f 4924 4923 4928
f 4928 683 4924
f 683 696 4924
f 684 4928 4923
f 4923 4922 738
f 391 738 4922
f 391 4922 4929
f 4929 4922 4921
f 4921 4922 4686
f 4917 4929 4921
f 392 4929 4917
f 1924 4917 4915
f 2117 4916 4919
f 4932 1292 4913
f 4933 4932 4913
f 439 4932 4933
f 4912 439 4933
f 439 4912 4937
f 1303 439 4937
f 4937 4938 1303
f 4938 4937 4939
f 4939 4940 4938
f 4940 4941 4938
f 4938 4941 4943
f 4943 433 4938
f 4945 433 4943
f 4945 4943 4941
f 4945 4941 4947
f 4948 4945 4947
f 4949 4948 4947
f 4949 4947 4950
f 4950 4952 4949
f 4949 4952 4897
f 4897 4956 4949
f 4956 4897 4957
f 4958 4956 4957
f 4958 4957 4959
f 4958 4959 4683
f 2770 4958 4683
f 57 2770 4683
f 57 4683 4684
f 4961 4684 4683
f 4961 104 4684
f 4961 4683 4959
f 4961 4959 4962
f 4961 4962 4963
f 4961 4963 4696
f 4962 4708 4963
f 4963 4708 4875
f 4963 4875 4866
f 4708 4962 4709
f 4708 4709 4710
f 4709 4691 4710
f 4710 4691 4964
f 4964 4883 4710
f 4964 4691 4690
f 4894 4964 4690
f 4964 4894 4887
f 4690 4691 4692
f 4691 4966 4692
f 4957 4692 4966
f 4709 4966 4691
f 4709 4962 4966
f 4959 4966 4962
f 4966 4959 4957
f 2770 4956 4958
f 2770 4948 4956
f 4950 4898 4952
f 4898 4950 4967
f 4898 4967 4906
f 4967 4950 4968
f 4967 4968 4939
f 4967 4939 4907
f 4941 4968 4950
f 4949 4956 4948
f 4948 71 4945
f 4947 4941 4950
f 4941 4940 4968
f 4939 4968 4940
f 4937 4912 4939
f 1292 4932 374
f 4879 4911 4914
f 1357 4911 4879
f 4913 4912 4933
f 4908 4939 4912
f 4908 4907 4939
f 1386 4905 4885
f 4907 4906 4967
f 4906 4900 4898
f 4897 4952 4898
f 4957 4897 4692
f 4692 4894 4690
f 4893 4895 4899
f 4893 2701 4892
f 4889 4887 4894
f 4964 4887 4883
f 4710 4883 4880
f 4708 4710 4875
f 4871 4872 4881
f 1965 4871 4881
f 4712 4866 4875
f 4867 4866 4869
f 4866 4696 4963
f 4687 4695 4688
f 4687 4688 4689
f 1220 4689 4688
f 4970 4689 1220
f 1190 4689 4970
f 1190 4970 1177
f 4696 4865 4961
f 4689 4862 4687
f 4689 1189 4862
f 104 4961 4865
f 4684 104 57
f 597 2771 58
f 59 2770 57
f 2770 71 4948
f 1846 2771 69
f 70 69 648
f 70 649 432
f 71 433 4945
f 4938 433 1303
f 1011 432 2793
f 1011 2045 440
f 1303 1346 439
f 374 4932 439
f 2804 375 440
f 776 375 1051
f 374 376 1292
f 1292 1924 4915
f 1924 392 4917
f 4929 392 391
f 776 727 390
f 776 1998 727
f 2762 1998 2807
f 391 728 738
f 2762 737 1989
f 738 684 4923
f 2817 685 737
f 684 683 4928
f 685 808 2755
f 2754 2755 4845
f 683 1982 696
f 696 195 4924
f 195 135 146
f 135 134 146
f 146 145 4685
f 1399 147 2739
f 4870 1399 2739
f 4870 2739 972
f 2191 1399 4870
f 1398 4685 145
f 4918 1398 1397
f 2117 4919 1397
f 4879 2117 1357
f 1358 2731 2179
f 1357 1356 4911
f 4885 1356 1387
f 1387 1386 4885
f 4905 1386 2725
f 4888 2725 947
f 4888 947 1469
f 1469 1468 4888
f 1496 268 1203
f 1468 1495 4888
f 1496 914 913
f 1460 2704 913
f 4902 1495 2701
f 4892 2701 1433
f 2704 1460 1459
f 1460 912 1245
f 1212 314 1245
f 2692 314 316
f 2692 316 4704
f 4705 4704 316
f 316 4821 4705
f 4955 4705 4821
f 4955 4821 4716
f 4955 4716 4717
f 4724 4955 4717
f 4717 1498 4724
f 1498 4717 4718
f 4707 1498 4718
f 4718 1637 4707
f 4707 1637 2060
f 4955 4724 4706
f 2052 4706 4724
f 2052 4704 4706
f 1029 4704 2052
f 4717 4716 4718
f 4715 4718 4716
f 4715 4716 1738
f 1638 4718 4715
f 4821 1738 4716
f 4706 4705 4955
f 316 1751 4821
f 4704 4705 4706
f 1029 2692 4704
f 1434 1031 1069
f 1029 1068 1030
f 1068 1029 1808
f 1586 1068 1808
f 1432 1434 1069
f 1433 1432 2687
f 4884 2687 980
f 560 980 979
f 1577 2675 1015
f 1972 560 979
f 559 980 560
f 603 980 559
f 2673 602 561
f 1965 4881 603
f 4871 1965 2661
f 4713 2661 2658
f 875 602 2673
f 4694 2658 877
f 875 652 876
f 877 903 4693
f 651 2021 876
f 2021 651 614
f 829 1125 904
f 1124 1123 863
f 2256 1124 863
f 1529 2256 863
f 1154 904 1125
f 903 904 1154
f 1111 4693 903
f 4868 1111 1110
f 4868 1110 2635
f 2635 1220 4688
f 1219 4970 1220
f 4970 1219 1177
f 927 2279 1475
f 2617 1190 1177
f 927 1191 2279
f 1190 1189 4689
f 2269 4862 1189
f 2609 1440 2142
f 1487 2778 2269
f 1579 1487 1486
f 1486 1771 1773
f 1750 1579 1486
f 996 1750 1749
f 2595 1748 2606
f 2606 1331 2595
f 1756 1749 2327
f 625 1756 1096
f 2518 1096 2588
f 1055 577 2588
f 1859 1055 1655
f 1655 1269 1859
f 1269 1268 4566
f 4847 4566 1268
f 4566 4847 2570
f 1268 2583 4847
f 2583 836 4847
f 2579 1270 1656
f 2583 1330 836
f 2579 1316 1931
f 1331 1931 1315
f 884 1331 2606
f 1772 884 2337
f 1488 2577 1772
f 2142 2577 2609
f 927 2142 1191
f 885 928 837
f 1330 837 836
f 4847 836 2570
f 4566 2570 2133
f 927 1234 838
f 3028 2133 564
f 564 545 3028
f 4592 545 544
f 4463 544 2219
f 850 4462 2219
f 849 2592 850
f 849 492 4287
f 543 565 508
f 509 508 894
f 509 1234 490
f 491 4287 492
f 1476 1137 490
f 4287 491 1139
f 1137 2230 1138
f 1139 1407 4540
f 1178 1406 1138
f 1407 921 2923
f 2632 2237 1406
f 1275 1447 2237
f 922 2262 1365
f 1448 1447 1218
f 1077 1448 1078
f 1077 1079 2062
f 2256 2062 1124
f 2557 1416 2161
f 2161 1366 2557
f 1365 1366 922
f 921 2262 922
f 2923 921 2547
f 4512 2547 2546
f 2546 2543 4512
f 2543 961 2916
f 923 1376 960
f 668 960 954
f 2540 2916 961
f 659 4574 2540
f 669 668 954
f 4514 659 82
f 81 2526 4
f 4513 82 6
f 4 155 5
f 4528 6 2312
f 157 167 5
f 4361 2312 1037
f 451 167 1726
f 450 17 1037
f 17 1095 2910
f 1984 993 16
f 1094 4403 1095
f 793 4403 1094
f 4403 793 1053
f 1054 753 1053
f 752 1798 753
f 752 744 705
f 743 742 781
f 2431 706 744
f 2513 4946 716
f 4946 2478 716
f 1566 2478 4946
f 1566 4946 2513
f 705 744 706
f 704 717 2505
f 2422 2502 705
f 531 2502 220
f 220 205 4394
f 2505 203 221
f 2505 2495 203
f 1658 2495 2505
f 4395 205 204
f 204 2498 4395
f 2498 1740 2904
f 2336 203 2495
f 2904 1740 1739
f 1739 1761 2786
f 2786 1761 2326
f 2326 2481 2787
f 2481 2480 4481
f 1642 4448 2480
f 1641 1620 1642
f 1657 1643 1760
f 1658 1657 2495
f 2505 717 1658
f 717 716 2478
f 1621 1620 1641
f 1631 4122 1620
f 2467 4122 1631
f 2467 42 4449
f 42 41 4623
f 29 2992 41
f 28 2735 29
f 30 2463 2240
f 418 28 2300
f 418 417 28
f 2289 2736 417
f 2289 2450 4563
f 354 1837 338
f 355 340 2450
f 340 2447 4531
f 2349 1832 2444
f 2447 282 2985
f 1832 297 2444
f 281 441 282
f 177 305 281
f 305 177 2436
f 525 3936 2436
f 3927 525 2427
f 2427 500 3927
f 501 1769 2423
f 471 2423 1769
f 499 36 35
f 35 412 499
f 2335 34 369
f 201 2335 369
f 413 412 35
f 412 500 499
f 500 378 2470
f 414 434 379
f 378 377 3934
f 4549 377 1247
f 348 379 434
f 1247 350 4549
f 434 349 348
f 730 349 309
f 350 729 2320
f 2317 2970 2320
f 2317 712 4100
f 218 711 710
f 686 711 218
f 712 2313 4099
f 2313 688 4099
f 4805 687 686
f 1753 4805 686
f 4805 1753 4806
f 4805 4806 237
f 4768 4805 237
f 4805 4768 687
f 4768 4769 687
f 663 687 4769
f 4777 663 4769
f 2299 663 4777
f 4777 4778 2299
f 4778 4777 4782
f 4782 182 4778
f 107 182 4782
f 108 4782 4777
f 4777 4768 108
f 4769 4768 4777
f 4099 688 2308
f 4536 2308 664
f 687 663 662
f 2305 4530 664
f 4529 2305 189
f 663 2299 187
f 4778 161 2299
f 4778 122 161
f 122 4992 161
f 188 163 189
f 162 161 4992
f 121 162 4992
f 119 162 121
f 2293 189 163
f 137 1259 2293
f 368 137 118
f 138 162 119
f 368 118 366
f 1413 117 1371
f 677 366 1412
f 675 677 1412
f 654 675 1390
f 1390 1389 1973
f 1973 1389 2270
f 1973 2270 2248
f 1371 1388 1413
f 2270 1373 2248
f 2 1372 1371
f 2248 1373 924
f 1372 1 1348
f 925 924 1349
f 2255 926 1156
f 2248 924 906
f 2248 1231 1973
f 253 320 905
f 2678 1231 322
f 2834 322 321
f 538 321 539
f 470 539 292
f 320 291 290
f 2241 2825 292
f 1482 2241 252
f 253 291 320
f 907 253 905
f 1156 907 2255
f 209 1483 252
f 1483 1482 252
f 1482 697 2754
f 1462 184 697
f 208 207 1481
f 1462 1461 184
f 207 1156 941
f 941 940 1441
f 1441 2261 1442
f 2261 39 1442
f 39 1188 1442
f 1443 185 1461
f 185 1429 186
f 1877 1429 194
f 1048 136 194
f 1162 1485 1047
f 2213 1048 1019
f 2739 2213 1000
f 1000 972 2739
f 634 4870 972
f 607 635 867
f 2191 4870 634
f 1427 1399 2191
f 1426 1427 608
f 606 635 607
f 608 2179 2731
f 4835 582 607
f 4835 607 866
f 582 4835 889
f 2179 581 1358
f 581 580 2724
f 946 580 266
f 889 549 582
f 4835 866 889
f 890 2158 2164
f 2164 2158 1070
f 868 1092 2158
f 607 867 866
f 868 2152 1092
f 843 867 974
f 843 973 844
f 2152 845 2136
f 2141 819 1113
f 2136 1092 2152
f 1091 819 2116
f 2158 1092 2132
f 1070 2158 2132
f 888 2164 1070
f 1615 550 888
f 1615 971 266
f 971 1612 1202
f 2028 1612 1606
f 1607 1611 1616
f 2123 1607 1616
f 2123 2121 1602
f 1072 1071 2121
f 1071 1091 2116
f 2116 819 818
f 1696 1693 1600
f 1687 1692 958
f 1601 1600 1688
f 1683 1608 1601
f 2111 2108 1682
f 2108 2111 909
f 2099 1683 261
f 1606 2099 216
f 251 216 215
f 333 215 315
f 1751 316 315
f 1751 2089 4821
f 2098 1736 1752
f 2098 873 1736
f 1738 4821 2089
f 1736 900 1737
f 4715 1738 1653
f 4715 1653 1652
f 1651 1400 2078
f 1638 4715 1652
f 1638 1637 4718
f 1637 1624 1514
f 1639 2078 2074
f 2074 2078 1391
f 2074 4755 1625
f 4755 1216 1625
f 4755 4827 1216
f 1385 4827 4755
f 1385 4755 2074
f 1626 1514 1624
f 1637 1514 2060
f 4707 2060 1508
f 1508 1498 4707
f 4724 1498 2052
f 1029 2052 1808
f 1497 1499 1504
f 1586 1808 1587
f 1068 1586 1804
f 1804 1577 981
f 1577 613 2675
f 1578 1588 2044
f 614 613 1571
f 1570 1669 1571
f 1673 1669 1570
f 2044 2041 1569
f 1504 1679 2041
f 1503 1680 1679
f 1570 1681 1673
f 2032 1674 2036
f 2036 1734 2032
f 1669 1673 1675
f 827 1571 1669
f 828 827 1662
f 1668 1958 1663
f 864 1662 1661
f 865 1661 1533
f 863 865 1529
f 1417 2256 1529
f 955 1418 1417
f 1524 1528 2018
f 955 660 669
f 660 1523 2411
f 1517 1524 2018
f 112 1523 2013
f 2007 2013 1519
f 2018 1518 1517
f 2007 1519 1820
f 1817 2013 2007
f 112 2013 1817
f 112 1997 124
f 124 1732 123
f 156 1732 1727
f 1726 156 1727
f 1726 18 451
f 1984 16 18
f 993 1984 794
f 795 794 782
f 743 782 1981
f 2513 1981 1718
f 1716 1722 1717
f 1731 1974 1717
f 1718 1567 2513
f 1810 1797 1974
f 1797 1813 1565
f 1567 1566 2513
f 2478 1566 1793
f 1565 1813 1557
f 1793 1559 1619
f 1557 1813 1558
f 2240 1559 1968
f 1968 401 403
f 1813 1547 1558
f 1548 1547 1818
f 401 1539 402
f 1818 1791 1548
f 1537 1791 1822
f 1539 1538 402
f 1842 354 1538
f 1822 1821 1537
f 1518 1841 1821
f 1663 1958 1841
f 1842 1837 354
f 1667 1958 1668
f 1667 2032 1836
f 1837 339 338
f 2032 1952 1836
f 2032 1831 1952
f 339 1832 2349
f 2032 1826 1831
f 2032 4639 1826
f 4676 4639 2032
f 1733 4676 2032
f 4676 1827 4639
f 4676 1764 1827
f 1832 296 297
f 280 296 1828
f 4639 1827 1826
f 178 1828 176
f 526 176 527
f 1769 501 527
f 1769 1939 471
f 1764 1770 1827
f 1765 1764 4676
f 1939 1766 555
f 4676 1746 1765
f 556 555 611
f 1745 2364 611
f 1920 2364 1745
f 4676 1733 1746
f 2032 1734 1733
f 2036 1680 1734
f 1503 1309 1680
f 1735 1311 1920
f 1310 2410 1311
f 1509 1904 1309
f 2410 1310 1635
f 1509 1516 1904
f 1635 1634 2410
f 1894 1516 1515
f 1634 1263 787
f 1618 1264 1894
f 977 1263 1262
f 977 1262 1856
f 1856 1262 1872
f 1872 1262 1339
f 1618 1617 1264
f 2066 1340 1617
f 2066 1342 1340
f 1872 1339 1341
f 1856 1872 1712
f 1711 1636 1706
f 1712 1857 1856
f 1856 975 977
f 1786 1790 1787
f 975 1853 2380
f 1853 1781 2380
f 1787 1700 1782
f 1782 1700 1362
f 2380 1781 765
f 693 765 772
f 658 771 739
f 1438 658 739
f 1438 739 1445
f 772 694 693
f 726 766 693
f 1027 726 666
f 154 749 666
f 152 667 657
f 153 152 715
f 192 750 154
f 750 192 562
f 191 563 192
f 678 153 702
f 166 678 703
f 541 191 165
f 541 563 191
f 192 563 562
f 750 562 488
f 507 530 489
f 388 506 14
f 14 13 792
f 507 480 15
f 479 437 449
f 437 4643 449
f 4643 25 449
f 109 449 25
f 792 13 521
f 336 14 792
f 337 460 462
f 337 462 200
f 1759 200 462
f 14 336 388
f 529 388 430
f 352 488 430
f 352 278 445
f 353 387 279
f 294 279 387
f 76 278 328
f 60 328 327
f 294 277 279
f 327 369 34
f 294 387 295
f 295 337 200
f 202 201 369
f 2335 201 264
f 264 263 309
f 730 309 219
f 219 218 710
f 200 1759 217
f 1747 1759 462
f 218 1753 686
f 4806 1753 238
f 461 236 1747
f 237 4806 238
f 448 447 236
f 237 108 4768
f 109 447 449
f 108 107 4782
f 143 182 107
f 122 4778 182
f 122 121 4992
f 121 2 119
f 1 1372 2
f 1 98 133
f 79 939 133
f 80 99 3
f 25 80 109
f 4643 26 25
f 4643 4998 26
f 4998 4643 399
f 26 4998 68
f 79 27 67
f 67 90 2261
f 39 2261 90
f 68 4998 40
f 39 38 1188
f 4998 399 40
f 4643 437 399
f 437 480 50
f 542 51 50
f 400 52 38
f 166 1186 51
f 416 1188 38
f 1442 1188 1187
f 1474 1428 1187
f 1047 1474 1162
f 732 1163 1186
f 1161 1485 1162
f 732 714 1201
f 714 658 1438
f 1018 1485 1439
f 1001 1018 1492
f 1466 1438 1445
f 844 1492 1446
f 1445 739 741
f 741 740 1404
f 1404 740 1458
f 1446 1405 1114
f 1114 1133 1112
f 1404 1458 1431
f 1458 740 1415
f 1415 1782 1362
f 1362 1700 1363
f 1134 1133 1364
f 1363 1705 1395
f 1707 1654 1395
f 1424 1313 1025
f 1025 1313 4669
f 4669 1313 1312
f 1312 4859 4669
f 4669 4859 4860
f 4860 990 4669
f 4860 4856 990
f 4860 4891 4856
f 4891 4890 4856
f 4890 4857 4856
f 4856 4857 4858
f 1074 4856 4858
f 4857 4624 4858
f 4624 1147 4858
f 1147 1075 4858
f 4624 4864 1147
f 4864 4624 4969
f 4864 4969 4608
f 1121 4864 4608
f 4608 4620 1121
f 4608 847 4620
f 4969 4609 4608
f 4608 4609 1211
f 4609 4842 1211
f 4842 4609 4969
f 4842 4969 4626
f 4626 4664 4842
f 4664 4663 4842
f 4842 4663 1175
f 4663 4984 1175
f 4984 4663 1273
f 1290 4984 1273
f 1273 4663 4665
f 4663 4664 4665
f 1328 4665 4664
f 4625 1328 4664
f 4625 4882 1328
f 4882 4625 4890
f 4882 4890 1329
f 4625 4664 4626
f 4624 4625 4626
f 4624 4626 4969
f 4625 4624 4857
f 4857 4890 4625
f 4890 4891 1329
f 1329 4891 4859
f 4859 4891 4860
f 1630 4859 1312
f 1654 1640 1314
f 1640 1706 1636
f 1630 1329 4859
f 1329 1328 4882
f 1267 4665 1328
f 1636 1266 1265
f 1267 1301 4665
f 1876 1300 1266
f 1300 1340 1342
f 1273 4665 1301
f 1342 2066 1274
f 1215 1274 2066
f 1625 1216 1215
f 1252 1216 4827
f 4909 1252 4827
f 1381 4909 4827
f 4979 4909 1381
f 4979 4954 4909
f 4954 4910 4909
f 4954 4840 4910
f 1232 4910 4840
f 4607 4840 4954
f 1136 4607 4954
f 4840 4607 1126
f 4979 1136 4954
f 1374 1136 4979
f 4909 4910 1252
f 1253 1252 4910
f 1217 1290 1273
f 4910 1232 1253
f 1290 1233 4984
f 4840 1173 1232
f 4840 1059 1173
f 1233 1175 4984
f 1173 1059 1174
f 1175 1211 4842
f 847 4608 1211
f 4620 847 860
f 860 1089 4620
f 4620 1089 1088
f 4620 1088 1121
f 1120 4864 1121
f 1087 898 1093
f 4864 1120 1147
f 1093 898 1036
f 1035 1075 1147
f 4858 1075 1074
f 1074 990 4856
f 992 826 1026
f 1025 4669 990
f 4597 1066 1026
f 4597 1026 820
f 959 4597 820
f 1066 4597 953
f 1424 1025 1065
f 1134 1065 1375
f 817 1135 1375
f 953 952 1066
f 817 1351 818
f 953 4597 959
f 1384 818 1351
f 1692 1384 958
f 910 1687 958
f 2111 910 909
f 909 893 2108
f 701 936 882
f 936 701 1470
f 892 936 1470
f 834 2108 893
f 262 2108 834
f 214 260 262
f 214 873 2098
f 873 900 1736
f 892 901 835
f 900 1484 1737
f 1484 1467 1651
f 1467 1411 1651
f 1470 1480 892
f 689 1463 1470
f 689 1455 1463
f 1414 1444 1422
f 1467 1414 1411
f 1411 1400 1651
f 1391 2078 1400
f 1391 1385 2074
f 1385 1381 4827
f 1374 4979 1381
f 1367 1377 1396
f 4771 1374 1355
f 4771 1146 1374
f 1337 1146 4771
f 1396 1359 1367
f 1425 1350 1359
f 1345 4771 1355
f 1425 1338 1350
f 4771 1345 1337
f 1326 1338 1435
f 1326 1435 661
f 1294 1326 650
f 4807 1294 650
f 1322 1153 1337
f 1294 4807 1272
f 1291 1286 1238
f 1286 1276 1239
f 4807 1271 1272
f 1271 4807 4808
f 4808 4807 636
f 4808 22 1271
f 22 4808 624
f 1239 1276 1248
f 1238 1286 1239
f 1153 1238 1157
f 1146 1337 1153
f 1146 1136 1374
f 1170 1132 1145
f 1136 1126 4607
f 1170 1122 1132
f 1126 1067 4840
f 1073 1122 1185
f 1067 1059 4840
f 1060 1076 1044
f 1059 1049 1174
f 1049 1032 848
f 1044 1090 1020
f 1032 822 821
f 822 1009 1006
f 31 978 1002
f 144 978 31
f 966 965 1006
f 965 861 823
f 948 196 937
f 908 902 933
f 899 861 902
f 898 1087 899
f 898 874 1036
f 891 911 878
f 874 869 991
f 830 869 846
f 830 826 1052
f 1026 826 820
f 811 959 820
f 800 813 839
f 810 920 811
f 919 810 806
f 773 806 796
f 839 789 800
f 773 796 780
f 767 576 761
f 761 583 757
f 757 646 751
f 731 773 745
f 713 945 731
f 713 709 945
f 709 701 883
f 1470 701 689
f 718 682 695
f 689 674 1455
f 719 673 682
f 674 665 1430
f 736 647 673
f 665 661 1435
f 650 1326 661
f 4807 650 636
f 647 751 646
f 615 646 757
f 636 624 4808
f 609 615 757
f 757 601 609
f 757 583 601
f 502 4833 595
f 4833 467 595
f 467 4833 498
f 761 576 583
f 572 576 767
f 551 572 789
f 551 862 540
f 540 878 537
f 510 537 265
f 558 528 502
f 4833 502 498
f 511 293 487
f 455 293 4978
f 4729 455 4978
f 4729 4978 313
f 467 498 472
f 595 467 456
f 624 456 23
f 446 455 4729
f 4729 4730 446
f 4730 4729 335
f 335 4793 4730
f 423 4730 4793
f 24 446 4730
f 23 22 624
f 22 438 1257
f 1257 438 431
f 84 1257 431
f 431 4627 84
f 24 4730 423
f 431 419 4627
f 4627 419 4790
f 4790 106 4627
f 4790 408 106
f 423 4793 415
f 351 415 4793
f 419 408 4790
f 5000 113 389
f 5000 389 4953
f 4747 5000 4953
f 4953 4757 4747
f 4747 4757 4791
f 4747 4791 4748
f 4747 4748 128
f 4744 4748 4791
f 4748 4744 4823
f 4748 4823 129
f 4823 4744 139
f 4744 4743 139
f 4728 4743 4744
f 4651 4728 4744
f 4651 4744 4757
f 4830 4651 4757
f 4831 4830 4757
f 4726 4830 4831
f 4726 4831 4826
f 4826 4753 4726
f 4726 4753 4746
f 4726 4746 4725
f 4725 4568 4726
f 4725 4569 4568
f 4567 4568 4569
f 4567 4569 5001
f 4721 4567 5001
f 4721 5001 4722
f 4721 4722 4723
f 4722 4659 4723
f 4723 4659 4727
f 4723 4727 4650
f 4650 4652 4723
f 4567 4723 4652
f 4567 4652 4651
f 4650 4651 4652
f 4650 4727 4728
f 4728 4727 4780
f 4728 4780 151
f 4727 4667 4780
f 4780 4667 4581
f 172 4780 4581
f 172 4581 4582
f 172 4582 4776
f 4775 4776 4582
f 4582 4668 4775
f 4775 4668 4786
f 4878 4775 4786
f 4876 4878 4786
f 4784 4876 4786
f 4732 4784 4786
f 4784 4732 4731
f 4613 4784 4731
f 4611 4613 4731
f 4611 4731 4658
f 4658 4841 4611
f 4841 4983 4611
f 4809 4611 4983
f 4722 4809 4983
f 4657 4722 4983
f 4809 4722 4810
f 4809 4810 4611
f 4812 4611 4810
f 4734 4812 4810
f 4734 4810 5002
f 4734 5002 4569
f 5002 4810 5001
f 4812 4734 4800
f 4800 4811 4812
f 4799 4811 4800
f 4798 4799 4800
f 4798 4800 4980
f 4762 4798 4980
f 4863 4762 4980
f 4797 4863 4980
f 4980 4725 4797
f 4797 4725 4745
f 4797 4745 4803
f 4797 4803 4804
f 4803 4981 4804
f 4804 4981 4849
f 4804 4849 4801
f 4863 4804 4801
f 4801 4761 4863
f 4761 4801 4802
f 4802 4578 4761
f 4761 4578 4762
f 4578 4577 4762
f 4576 4577 4578
f 4576 4578 4855
f 4855 4854 4576
f 4576 4854 4654
f 4654 4759 4576
f 4759 4654 4611
f 4759 4611 4767
f 4759 4767 4577
f 4799 4577 4767
f 4811 4767 4611
f 4653 4611 4654
f 4653 4654 4655
f 4653 4655 4674
f 4653 4674 4675
f 4675 4972 4653
f 4972 4903 4653
f 4960 4653 4903
f 4903 4904 4960
f 4904 4976 4960
f 4976 4995 4960
f 4670 4960 4995
f 4951 4670 4995
f 4951 4671 4670
f 4670 4671 4672
f 4672 4678 4670
f 4670 4678 4611
f 4678 4996 4611
f 4996 4641 4611
f 4641 4612 4611
f 4612 4641 4896
f 4896 4987 4612
f 4987 4920 4612
f 4612 4920 4613
f 4613 4920 4985
f 4985 4920 4988
f 4876 4985 4988
f 4876 4988 4877
f 4988 4925 4877
f 4925 4878 4877
f 4925 4927 4878
f 4925 4926 4927
f 4927 4926 4994
f 4776 4927 4994
f 4994 4666 4776
f 183 4776 4666
f 4666 4994 4873
f 4666 4873 210
f 4874 4873 4994
f 4873 4874 4814
f 4873 4814 232
f 4813 232 4814
f 299 232 4813
f 4813 4814 4874
f 4874 4999 4813
f 4848 4813 4999
f 4848 4999 4886
f 4817 4848 4886
f 4817 4886 4815
f 4661 4817 4815
f 4661 4815 4816
f 4662 4661 4816
f 4816 4829 4662
f 4852 4662 4829
f 4829 4822 4852
f 4942 4852 4822
f 4819 4942 4822
f 4822 4820 4819
f 4818 4819 4820
f 4818 4820 4977
f 4818 4977 4904
f 4820 4846 4977
f 4951 4977 4846
f 4846 4825 4951
f 4846 4829 4825
f 4829 4680 4825
f 4680 4671 4825
f 4682 4671 4680
f 4680 4681 4682
f 4993 4682 4681
f 4975 4993 4681
f 4815 4975 4681
f 4993 4975 4987
f 4975 4925 4987
f 4682 4993 4896
f 4682 4896 4677
f 4816 4681 4680
f 4671 4682 4677
f 4671 4677 4678
f 4976 4977 4951
f 4818 4997 4819
f 4646 4819 4997
f 4646 4997 4647
f 4646 4647 4648
f 4646 4648 4851
f 4850 4646 4851
f 4849 4850 4851
f 4850 4849 4965
f 4965 4942 4850
f 4965 4986 4942
f 4934 4986 4965
f 4934 4971 4986
f 4986 4971 4853
f 4852 4986 4853
f 4660 4852 4853
f 4661 4660 4853
f 4853 4991 4661
f 4991 4848 4661
f 4990 4848 4991
f 4989 4990 4991
f 4990 4989 365
f 365 4930 4990
f 4990 4930 4931
f 4930 323 4931
f 4931 323 4813
f 4989 4754 365
f 4989 4936 4754
f 4754 4936 373
f 373 4936 4935
f 373 4935 4944
f 4753 4944 4935
f 4934 4935 4936
f 4981 4935 4934
f 4935 4981 4746
f 4745 4746 4981
f 4971 4936 4989
f 4990 4931 4848
f 4989 4991 4853
f 4853 4971 4989
f 4934 4936 4971
f 4849 4934 4965
f 4851 4648 4855
f 4855 4802 4851
f 4647 4674 4648
f 4647 4997 4973
f 4647 4973 4675
f 4974 4973 4997
f 4972 4973 4974
f 4646 4850 4819
f 4997 4818 4974
f 4903 4974 4818
f 4820 4822 4846
f 4850 4942 4819
f 4942 4986 4852
f 4829 4846 4822
f 4852 4660 4662
f 4829 4816 4680
f 4660 4661 4662
f 4816 4815 4681
f 4815 4886 4975
f 4886 4874 4975
f 4926 4975 4874
f 4661 4848 4817
f 4931 4813 4848
f 4886 4999 4874
f 4874 4994 4926
f 4926 4925 4975
f 4987 4925 4988
f 4987 4988 4920
f 4993 4987 4896
f 4677 4896 4641
f 4677 4641 4996
f 4678 4677 4996
f 4672 4671 4678
f 4671 4951 4825
f 4960 4670 4611
f 4995 4976 4951
f 4976 4904 4977
f 4903 4818 4904
f 4972 4974 4903
f 4675 4973 4972
f 4647 4675 4674
f 4655 4648 4674
f 4854 4648 4655
f 4653 4960 4611
f 4655 4654 4854
f 4854 4855 4648
f 4577 4576 4759
f 4802 4855 4578
f 4802 4801 4851
f 4849 4851 4801
f 4849 4981 4934
f 4803 4745 4981
f 4804 4863 4797
f 4761 4762 4863
f 4762 4577 4798
f 4800 4725 4980
f 4577 4799 4798
f 4799 4767 4811
f 4800 4734 4725
f 4811 4611 4812
f 4841 4657 4983
f 4657 4841 4658
f 4657 4658 4659
f 4659 4658 4982
f 4658 4733 4982
f 4733 4843 4982
f 4736 4982 4843
f 4843 4668 4736
f 4736 4668 4667
f 4732 4668 4843
f 4982 4736 4727
f 4733 4732 4843
f 4731 4733 4658
f 4611 4612 4613
f 4784 4613 4985
f 4731 4732 4733
f 4784 4985 4876
f 4876 4877 4878
f 4927 4775 4878
f 4732 4786 4668
f 4667 4668 4582
f 4776 4775 4927
f 4581 4667 4582
f 4727 4736 4667
f 4659 4982 4727
f 4722 4657 4659
f 4810 4722 5001
f 4723 4567 4721
f 5002 5001 4569
f 4568 4567 4830
f 4734 4569 4725
f 4745 4725 4746
f 4746 4753 4935
f 4944 4753 4826
f 4826 4953 4944
f 4826 4831 4953
f 4726 4568 4830
f 4567 4651 4830
f 4651 4650 4728
f 151 4743 4728
f 4757 4744 4791
f 4757 4953 4831
f 5000 4747 128
f 4944 4953 389
f 4944 389 373
f 415 361 380
f 365 4754 373
f 365 341 4930
f 351 361 415
f 4793 335 351
f 341 332 4930
f 335 4729 313
f 332 323 4930
f 323 299 4813
f 313 4978 298
f 4978 293 298
f 293 511 276
f 287 248 299
f 276 510 265
f 265 915 254
f 299 248 232
f 232 210 4873
f 206 228 254
f 210 193 4666
f 196 206 937
f 970 190 196
f 4666 193 183
f 183 172 4776
f 172 168 4780
f 151 4780 168
f 160 164 190
f 144 160 978
f 4743 151 139
f 139 129 4823
f 128 4748 129
f 5000 128 113
f 113 106 408
f 4627 106 91
f 103 120 97
f 97 120 4656
f 97 4656 10
f 4656 120 56
f 84 4627 91
f 1257 84 83
f 1227 83 12
f 10 78 97
f 12 11 1197
f 4656 56 10
f 63 1197 11
f 63 46 1073
f 120 45 56
f 45 144 31
f 46 37 33
f 32 1020 33
f 31 1002 32

