# https://github.com/mikedh/trimesh
v -51.80835826 -43.95034385 660.19608261
v -42.80702037 -27.90694212 662.61995904
v -47.01257650 -49.62055913 696.70004316
v 71.33584549 -125.02999162 1137.08127403
v 73.03810394 -124.20550766 1115.36394127
v 86.83706027 -111.81447408 1137.95445014
v 357.27045752 -84.32950836 831.86016024
v 359.87176941 -72.04543414 830.84788710
v 348.27252915 -77.46826964 817.93856952
v -186.45462852 4.01924331 171.38041120
v -196.75211199 35.01764413 176.74426998
v -188.65228055 11.13654491 154.95468919
v -136.51498715 -94.36298427 676.76179146
v -125.21919817 -101.56127805 711.69257614
v -141.01776447 -98.96241989 699.94433206
v 121.34625317 -72.52982058 1084.87072754
v 130.64893386 -55.09415438 1075.26876545
v 137.44752282 -50.16702283 1094.18707834
v 40.35869614 110.46927353 1140.60722512
v 46.46098079 115.15499601 1122.42409759
v 26.96066052 112.16082359 1122.67397946
v -202.26464470 8.42364397 275.61828648
v -204.86596375 21.06813029 301.20324505
v -209.06319224 28.00957274 280.37970909
v -46.79841302 2.93780930 607.07799207
v -48.99475972 6.77375021 574.40657308
v -46.79502847 16.89335164 587.03372040
v 100.78596851 -93.23178723 668.36436112
v 115.78760636 -86.29684213 658.84451877
v 125.18579034 -87.70878958 675.57235611
v -194.75339409 63.73075135 217.75417855
v -194.15565015 81.83002088 258.04734353
v -189.25318098 79.05616594 230.69169467
v -76.28758104 72.76974240 567.66187749
v -93.88648635 78.88756315 562.75363939
v -95.48914065 77.11508551 587.48782266
v -185.05132740 79.44271835 212.58271889
v -52.08935556 20.17174763 533.66854243
v -57.89134638 2.71642819 536.37015785
v -63.78532189 27.40120085 500.53744861
v 146.68617137 -77.90862448 681.40591246
v 129.98309971 -93.44355495 696.77514576
v 344.17140792 -87.75076611 819.01609955
v 338.66930722 -94.40196155 833.43270411
v -195.85160060 63.51791567 199.65504477
v -200.05572640 36.66961141 214.42101528
v 66.49356996 -21.36179834 1660.66674754
v 60.39520189 -6.38591490 1659.10699694
v 74.79377634 -10.00350343 1669.77255398
v -84.48517005 6.31560531 478.29663146
v -92.68324949 11.27013363 464.00802963
v -79.98333234 20.64385395 474.04872043
v 166.23937994 94.16300362 319.77885755
v 175.33399531 92.35980454 371.71869240
v 176.54004510 85.39701013 304.52914755
v -199.05309661 35.59761554 187.13556937
v 160.45844147 30.42931305 1064.49148497
v 159.45755766 9.01474017 1052.25979254
v 157.45955962 27.18109687 1050.14520325
v -112.79077406 78.62435321 605.26268109
v -118.39336113 81.62245170 634.01459274
v -80.59216089 74.69295340 615.23531390
v -195.25638604 13.79070736 198.51466179
v 255.34603976 -23.05818086 1135.63620849
v 248.34620086 -15.25145085 1141.70145555
v 245.94794125 -11.89379709 1127.64106751
v -48.59066109 23.35104951 549.81633412
v -47.69081314 32.53460686 560.35922500
v 158.85940413 16.83034117 1041.52300562
v 155.05539989 -13.90560791 1051.25547631
v 156.25771386 -15.22744083 1026.87480366
v 210.23291264 -34.18055360 1255.64199413
v 209.63595290 -25.65872282 1233.69132126
v 221.93416372 -34.50298944 1242.84680916
v -66.29427302 67.22782436 628.96783918
v -76.29394833 72.66603814 631.07314782
v -78.99687915 82.23578329 669.71320660
v -183.95188360 1.09550198 141.12668408
v -46.99449788 27.58514704 592.24963096
v -43.09840424 19.82541709 623.58885631
v 65.13188115 -132.16806939 1169.60893414
v 85.13487377 -116.72134690 1154.94165592
v -176.05369055 -6.62601994 151.56251878
v -179.35220284 -6.98847114 136.36618877
v 65.98484871 -67.14249601 1702.66447276
v 71.28333893 -56.50021804 1728.18481604
v 63.98175623 -71.58513954 1729.14504185
v 270.74546829 -40.35769361 1124.33512626
v 263.34714182 -35.76687763 1112.15320629
v 269.04685092 -44.56814341 1106.40507295
v -52.48731953 35.17789888 528.10823224
v -168.45408006 -9.61076037 152.51501285
v 160.45018578 15.19184965 1131.86499342
v 163.75220688 33.04908452 1129.25619686
v 161.74931742 20.43128995 1145.67660167
v -57.19776633 64.78753653 661.41577535
v -68.19772606 76.88912186 672.90718598
v -56.79994781 74.53072241 692.75204937
v -175.35745555 -6.57593652 189.16734226
v -53.40685333 -39.94099189 649.12495302
v -45.90339135 -15.11316996 638.99493246
v 173.62737173 86.40008132 431.93056112
v 190.02616672 67.48198198 425.35826775
v 185.22845296 78.88362761 413.75893935
v -159.95482017 -10.09221479 159.42520699
v 162.55561069 23.39673692 1085.81646455
v 159.45940114 55.90053850 1079.95332808
v -160.55761730 -8.88915326 188.50869506
v -92.21921912 -96.27021792 717.10516012
v -79.21271573 -79.70915356 668.51285603
v -77.41638077 -84.66217955 700.20340216
v 97.12946912 -107.02424058 1218.38466824
v 90.82793883 -108.58649282 1232.11310893
v 74.92962459 -125.97369550 1198.20708016
v -150.35616450 -6.49974263 176.36657508
v 88.95170392 -102.42462036 3.62277072
v 105.05674641 -52.13372503 2.75475351
v 115.46542757 34.14716437 0.96380960
v -188.10546120 -33.45664387 641.59844853
v -186.70135428 -17.79659748 616.02401929
v -185.00180142 -25.75609534 612.66129511
v -146.65743114 -3.63251784 191.81967812
v -64.11549559 -74.03395438 701.82120421
v -65.81305580 -70.90083474 680.56369140
v 60.52669349 -128.30678666 1225.15002472
v 49.32939627 -138.75082322 1187.92392319
v 343.27220846 -121.46669216 777.89277562
v 339.47278399 -125.02659632 768.65256696
v 339.87289736 -122.09594917 770.40220023
v -131.75653831 -0.12788414 186.35973899
v -132.85873329 -4.21937564 204.23303929
v 101.50923229 -67.35471050 1459.23525690
v 79.40911920 -76.08264314 1451.78286178
v 103.90957135 -76.67315586 1446.69472468
v -43.20041024 10.91869392 634.84451610
v -138.85939581 -5.52694401 209.55585004
v 2.48198484 161.83729953 958.78821994
v -17.81673644 160.19054882 944.41254164
v -30.61861726 161.13231173 964.09794054
v -177.30371784 -45.76942467 612.10797940
v -170.40279909 -50.30631978 598.48506110
v -170.50712405 -60.84103263 631.27208508
v -129.55986445 2.99911255 222.61131159
v 270.44388030 69.80459491 1248.44906275
v 278.54317829 62.70312913 1248.47264087
v 274.34589589 66.90693956 1225.49611375
v -65.01757268 -78.34964016 718.29819159
v -68.22049261 -85.67127588 740.22773683
v -153.06096681 -7.89521383 222.89738965
v 2.37980365 160.08340131 978.82152721
v -5.02478849 148.88409019 1013.61962264
v 17.47905517 160.51845094 986.71667353
v 220.34301617 83.08623021 1270.11774007
v 201.54234387 70.08109070 1264.03982371
v 207.64150215 85.28629559 1287.38103217
v -138.36221649 -0.75881617 242.37836929
v -43.62988940 -87.78948336 831.88048054
v -32.02940206 -85.12906549 829.63529229
v -25.63092045 -97.07257798 833.04292230
v 42.43549725 -138.80318693 1127.01504523
v 29.33683278 -141.78330168 1110.76284829
v 45.63771592 -138.17536309 1105.50129072
v 349.07296762 -121.29524636 770.48927648
v 348.97358752 -121.91272631 763.69892729
v -122.76221756 4.53050065 247.58923879
v -173.80926837 -64.12724026 649.43128887
v -183.50771369 -48.22174548 649.55536327
v -118.95879255 13.28961301 222.03435845
v -31.32607183 -68.31522837 812.94217370
v -14.42350126 -40.17787141 814.95767642
v -20.22605406 -57.73807199 823.16192754
v 52.73935007 -133.47734633 1093.81902078
v -113.06109501 15.62615688 247.29831948
v 112.35054501 -53.18296521 63.58270430
v 112.75150307 -40.32786445 66.66095334
v 108.35327888 -33.51692622 55.64111920
v -122.86273428 7.87698787 256.03263382
v 79.00810672 -56.98054792 1480.65688379
v 56.30819207 -64.92928770 1471.99077676
v 89.90837947 -64.66030549 1470.38919770
v 83.30049943 -68.30876678 547.91374293
v 88.90333191 -66.05923357 521.87151052
v 112.20121638 -69.65839068 539.43865735
v 255.65048857 66.61168902 1179.39248513
v 256.74858097 69.28640603 1201.04958747
v 266.85103005 66.31206861 1173.69791770
v -43.31705571 -58.09370529 733.05233223
v -138.56308295 5.59962530 257.27064496
v 25.08758410 121.68109268 863.47045699
v 10.28646893 138.25904709 890.88648182
v 26.48740552 138.50006207 881.78255050
v -180.19711370 -10.50353031 580.89332010
v -130.66381303 5.21821504 264.17905006
v -18.32782252 -71.87562558 826.90709714
v -14.73082792 -94.74979131 834.40404133
v -139.06558058 -2.61033029 274.11505428
v -0.01472614 154.24010557 918.51330122
v 36.38414959 165.72731794 941.02165072
v 15.18595204 153.20388896 910.73155090
v -144.46406570 -4.40175645 257.24297229
v 190.63393415 21.24987730 302.43925736
v 194.33501757 44.15531549 314.14536187
v 193.23252401 26.68599240 321.84843002
v -80.89949912 -50.89431669 564.99904082
v -66.39487165 -18.74263284 550.44242694
v -67.49900607 -33.17695480 577.49591538
v 169.28530165 -61.68271928 706.03129187
v 177.88589900 -46.42503686 715.06970170
v 175.58162006 -58.90074230 745.48971275
v -154.26641510 -12.43330114 272.78318581
v -158.14040460 -93.46203620 931.18211222
v -157.53605386 -102.67025096 878.73353225
v -153.23900387 -98.59201959 912.16844499
v -157.76831050 -14.23700217 289.91658568
v 130.34853321 -53.74747070 83.09715418
v 153.54935906 -49.01098527 79.51701648
v 136.84977833 -40.12939726 84.06249752
v 104.97315191 -106.95719071 782.71916336
v 91.27003909 -106.00265574 814.70609134
v 80.87089300 -108.18632330 804.04122583
v -54.00305803 -27.88885480 623.11263802
v -63.70355667 -43.06200379 613.17252355
v -55.10029967 -22.87855383 600.52253079
v 182.58603536 -29.86514501 729.98609201
v 182.98245786 -41.34501431 754.38825278
v 334.35806826 -90.29288136 949.57859805
v 350.15660265 -100.10997171 954.55062460
v 336.15476819 -83.40588713 989.26563850
v 387.26950317 -100.64760748 825.34426422
v 386.47028045 -89.79554733 828.25700063
v 401.86924352 -96.73723619 831.77905856
v -164.66693355 -16.00407607 274.44414405
v 175.93613207 86.02823634 1341.67319581
v 177.33448284 95.77967756 1367.70863337
v 183.93543774 89.30333152 1351.81887767
v -157.76433052 -9.54290592 254.83018597
v 135.16515834 85.61951631 1051.73290773
v 150.36209788 59.39629192 1056.48848669
v 148.96290449 58.44094933 1047.50352268
v -67.10876886 -59.54535684 648.96251659
v -91.41144797 -81.96525716 653.64843783
v -86.40792117 -71.29098702 628.96069438
v -187.26612338 108.23363879 1385.96012092
v -197.46838318 112.39570446 1412.59113863
v -174.26679817 123.10363083 1407.30750672
v 71.12440003 30.36206442 406.48549372
v 72.92183151 21.04513107 422.94921119
v 70.72582063 48.63026800 410.27018297
v 137.34513195 103.98782676 1269.54811126
v 120.94758936 105.79665580 1246.81182452
v 131.84526921 109.35673211 1273.45533087
v -179.66591181 -12.21382998 267.97617020
v -44.04504590 111.94827953 1179.37913338
v -30.54234411 106.89437708 1147.46306980
v -46.54300813 110.47179222 1157.60115896
v -141.43044778 -109.65842740 815.94655236
v -142.03369970 -109.29126241 848.74504740
v -152.43225775 -107.61009071 836.01305415
v -164.76231018 -9.69321079 234.52906065
v -200.26372787 90.92509815 1345.05197138
v -207.76122855 94.25184383 1323.39047913
v -200.46531551 96.29089523 1366.16233812
v 266.35030315 -37.23757246 1079.17399953
v 269.04962302 -48.92082028 1074.47555375
v 269.14917338 -46.70530838 1081.13825566
v 53.36892587 -105.90527069 825.90234665
v 36.87105148 -96.30566095 814.13299520
v 60.47028659 -105.53427346 812.69465809
v -81.60433198 -58.69450560 605.53988768
v -81.30184019 -53.94280438 585.35474873
v -52.44744315 116.43951414 1207.70489078
v -44.54901454 113.96735280 1220.95038978
v -36.44736568 115.71210888 1206.21882123
v -173.76373203 117.78361250 1371.49418058
v -185.66368814 97.02130949 1350.64884973
v 311.54170175 23.17695702 1224.35565167
v 296.24221444 40.69026114 1236.45316658
v 303.34002505 22.45453689 1240.36972700
v 84.15114654 110.87386217 1216.31586133
v 81.65004832 114.22087645 1230.55987773
v 105.24898090 106.77499657 1233.89143205
v -83.79852361 -51.06519108 555.10022984
v -87.49476082 -34.93727524 533.41779083
v 138.89563978 -62.47619024 602.12648517
v 126.89641871 -68.20758594 588.72238889
v 129.89923907 -61.47892527 567.20313715
v 401.66744238 -106.90082351 839.75594823
v 396.86860007 -104.25464030 830.80838840
v 156.44189347 89.08904360 1287.21021645
v 159.33996316 95.83732765 1313.09770097
v -164.26083150 -9.54573781 219.92437747
v 339.35822168 -104.46273216 934.12176157
v 340.25882187 -122.57683777 910.33146739
v 352.45809489 -109.42725948 930.50834347
v -171.93313582 -96.56744838 855.62314862
v -180.03169481 -89.59564937 848.10069152
v -172.13054354 -96.51355707 829.81834042
v -161.65904046 -11.18293327 200.45002833
v -59.79729322 -16.89398097 576.41499795
v 139.10052483 -52.95545948 562.75601771
v 147.99733451 -51.07389475 596.42939728
v -174.05914563 -9.33184269 203.31723175
v 159.35441572 56.97879467 1130.74226725
v 151.35683318 70.18913102 1119.61142330
v 150.15535118 73.90858575 1138.04975559
v -5.11482376 102.26651197 868.40387523
v -10.71431254 118.96514878 879.71631327
v 4.68631614 123.63526662 878.03683850
v 281.24668616 -54.51137860 1098.27696775
v 260.44846047 -37.01540260 1097.77235681
v 271.94819856 -46.12756837 1091.43008128
v -111.56604651 142.50032094 1418.88006708
v -121.46872335 139.00298187 1442.14303359
v -105.06829484 141.87672800 1440.69474918
v -184.56015601 -0.70874623 221.86988623
v -61.43842483 110.48303797 1111.89266484
v -66.14066990 105.89197593 1129.77424868
v -52.34114128 106.99074233 1135.55747633
v 29.68705610 89.21516431 836.82822825
v 53.98833753 101.09543127 835.72506107
v -177.63681185 -84.73001917 903.92515012
v -189.13493405 -70.10196773 899.57046334
v -193.03305536 -66.56494274 884.30664650
v -187.85752933 2.18825427 198.51598469
v -223.66870888 106.14734603 1409.69615157
v -206.87045915 108.69113988 1429.65681086
v -52.59797741 -7.61768431 592.35771329
v 90.22911155 1.45208015 331.07592664
v 85.13198762 11.93631039 312.69141567
v 98.83269515 -0.90722030 293.01187470
v -28.34037124 107.87066354 1128.74360987
v -37.14173400 106.27926650 1140.77205403
v -208.26522767 101.56695771 1370.47099626
v -92.88932502 -20.32367055 493.55864840
v -107.88584866 -10.45249685 468.58277588
v -94.28663190 -7.26410739 479.53062846
v 168.09623137 -27.17597522 630.92336468
v 154.09480925 -52.25932300 620.45408378
v 160.19727773 -37.94016704 609.90554592
v -192.55856777 11.73139141 218.25348127
v -2.91571367 83.09105942 858.43412426
v -13.01612999 81.63895884 861.15864150
v 107.95433656 44.13176412 121.40844949
v 116.55595482 62.77135886 123.58736459
v 108.85491549 42.60567571 114.13383529
v -187.79029257 24.82650551 547.57677461
v -180.18626620 51.18319394 533.31971467
v -186.28794693 36.42058494 535.57467980
v -84.69127800 -15.30158799 517.97627957
v 167.09169474 -46.32170675 657.35822557
v 151.59015555 -64.87273880 654.47699447
v 257.35024876 -16.98005095 1099.62593936
v 241.24837267 -1.59112516 1133.46335281
v 258.75200475 -4.36680277 1094.50724318
v 338.67291261 -107.24386633 784.84746491
v 349.27393100 -105.28699366 776.61344655
v -194.76048530 8.50702486 234.21139528
v 176.03488151 22.55584926 1291.76311339
v 175.33520920 29.82399767 1295.63796531
v 180.73635522 31.45376531 1285.80885146
v -201.25708007 34.66888085 225.95721164
v 72.11361557 88.36155503 1568.55653739
v 71.60940747 59.49243846 1582.15763598
v 83.81085086 67.98794640 1576.11105644
v 176.03831046 56.95416531 1291.36834561
v 169.73891735 66.10702149 1294.30992176
v 176.33750970 61.36789036 1303.69390893
v -203.75988915 22.95272991 242.46199137
v 172.97270651 44.00063812 935.53881029
v 166.27678315 70.85866083 921.27167231
v 169.07012224 42.82656853 960.16240460
v -155.38964177 66.01716949 581.57290717
v -166.29322489 56.98127713 608.43206808
v -148.99276556 72.26230678 618.87114084
v -205.25956535 39.58209770 255.57630028
v -156.67020192 127.05665278 1445.14655293
v -146.67260845 126.15523539 1468.26657826
v 221.74579651 48.61571484 1208.50462639
v 226.74651489 65.48042839 1217.91495331
v 231.14734292 59.73877230 1204.01257588
v -106.69318691 -48.53999019 504.34672993
v -111.19015389 -38.49033708 483.96949360
v -98.89263148 -40.60044618 506.61057092
v -198.85579665 59.26900637 237.33383955
v 122.28330806 134.83441247 919.06093658
v 142.98147933 114.29567248 917.11777785
v 144.18307905 110.25032924 897.18485643
v -187.66904471 117.59800054 1424.30391290
v 259.22786589 0.88606833 1340.45323502
v 274.83187098 20.53057713 1319.81205533
v 274.73201924 26.60921912 1324.30762439
v 187.93867565 86.49642577 1316.76256060
v 186.93930582 80.28130985 1304.36806207
v 176.13764547 71.72198560 1312.51619696
v -71.88801067 5.18486107 505.52149130
v 126.49207885 -75.89082103 624.46052549
v 118.69418077 -74.42745510 604.93153817
v 340.37419512 -94.85280281 784.23331286
v 344.07484248 -96.69641117 775.96431550
v 169.63624454 30.04988161 1285.53198796
v 169.63774459 37.01050916 1277.41043258
v 176.13774584 43.62300390 1283.89771992
v -203.55864804 63.33083564 269.76799950
v 244.45059020 10.02526233 1122.76123412
v -138.09068044 75.55813890 601.31260928
v -142.68440167 81.57899403 544.59958583
v -146.99112111 71.36310139 601.58430049
v -118.98601772 -17.23857509 463.59826095
v -111.78431277 -5.63439339 457.99750986
v 93.29390049 -77.12281991 605.07565685
v 116.39563146 -73.35909407 591.51083492
v -208.16293063 54.51878767 303.82498693
v 128.94905247 -14.76870748 116.22806833
v 120.35022229 -10.80159747 108.45747262
v 131.95031446 -26.18229257 92.42213415
v -207.76158245 35.76476596 271.94449776
v 32.70406124 50.97220425 1627.10782667
v 39.80302944 41.18161391 1627.77789487
v 46.60417465 36.50325023 1611.75705415
v 233.24865946 22.26921752 1154.05312299
v 229.14774464 29.14525744 1169.93621377
v 239.75066884 33.20958894 1144.76322810
v -91.79657573 -47.43815039 539.23436276
v -203.96301207 18.00652598 268.75141525
v 151.05614982 -30.92631068 1027.04573290
v 165.76078765 -33.47120343 978.28389181
v -125.98289313 87.82424959 535.69192645
v -126.08502780 84.43428382 553.65320983
v -108.78535330 84.38791863 556.85619477
v -101.36287717 145.80947200 1390.51962183
v -102.16100555 145.17591986 1371.22761305
v -133.06319588 137.83078957 1385.85374356
v -82.18810280 -2.73398049 498.65635835
v -210.76434512 34.01144406 297.77837627
v 174.36512021 4.93920790 972.81984908
v 178.56901995 8.83300989 937.74770154
v -111.37153611 136.85015786 1468.08512600
v -20.91442919 108.20176473 870.29998786
v -15.51392472 132.63303514 889.28096722
v 65.81751882 52.73276775 497.11175175
v 80.72142126 69.95349979 475.11220448
v 71.11963568 51.44510865 474.73119119
v 26.69024615 -46.96915136 671.15764759
v 34.39236991 -49.98791287 647.00698780
v 33.58716440 -62.50467832 686.62923189
v -201.76635986 8.31756582 292.62271119
v -122.81461234 -94.12489017 673.25850138
v -118.21002207 -84.04415653 637.37930744
v -102.01382829 -90.80524791 668.70247699
v 98.04376114 -100.88380594 1081.85819047
v 117.44414294 -78.97601689 1099.58398989
v 343.95954433 -132.47140766 893.40036760
v 363.26102236 -138.43035258 872.80221426
v 369.66075483 -133.39859105 880.41698939
v -194.56770296 -4.87771285 293.05161648
v -194.26276549 0.66579093 249.24925834
v 55.29258658 -66.76948346 1625.84548818
v 60.89505815 -33.11944234 1634.26552649
v 64.49249191 -46.91369545 1646.30616815
v -73.60579865 -57.52226374 621.32276807
v 155.01424951 -26.67339372 451.68659624
v 170.01650737 -14.45480082 441.17525728
v 163.41354474 -17.90232724 467.33812116
v 114.94789696 77.10687726 218.05348054
v 108.64567298 73.32622663 236.52098318
v 124.04697146 83.57648965 233.64485504
v 63.21733077 -127.88517435 1318.95702187
v 47.22280615 -119.07686443 1272.99629017
v 71.72187832 -119.73047435 1281.61129201
v 62.79154998 -74.26547526 631.32717480
v 50.59238511 -64.23637672 632.85280871
v 55.29439599 -64.08096370 612.94760988
v -186.96835501 -11.58091804 292.96824386
v 334.84453320 -10.08379335 1163.42388220
v 336.74655952 5.02557411 1158.06204381
v 330.14346238 3.63653102 1187.58982171
v 169.71081307 11.11101479 1520.59456210
v 179.71297044 33.82738319 1521.40292741
v 158.11092804 20.75769348 1528.92788423
v -112.21714073 -97.14161280 695.51502807
v -200.36910247 0.96435682 312.75298663
v 78.71634855 -125.78124767 1330.82394819
v 54.01561845 -126.36287364 1337.53257276
v 61.31935505 113.50380408 1536.01592811
v 32.81999081 110.44453005 1526.66461374
v 49.81755728 105.27389510 1545.85855206
v -185.47009024 -11.88706482 309.97622660
v -91.62489645 -102.19271333 767.91520665
v -112.72585299 -108.43263925 771.32151812
v -114.12314819 -105.95651286 746.77490197
v -167.04424117 -65.82578157 996.61321433
v -179.84239739 -53.83697789 990.00369212
v -183.54032426 -63.56082082 959.76692286
v 65.26299480 117.24158463 1104.38717942
v 75.06541930 117.22216780 1080.18486348
v 45.56435738 112.73122438 1086.36052320
v 344.96051137 -137.62664954 878.68739557
v 353.46296459 -138.15969467 853.69371332
v -176.07036445 -16.62186633 308.05872569
v 77.89350874 -75.72986563 610.35084523
v 82.09650009 -72.79585912 583.39650477
v -181.57395426 -17.92457330 342.58586652
v 121.32062748 108.59429499 1518.50410276
v 136.12324859 114.13580346 1497.80666108
v 104.62323172 121.46749783 1505.17790212
v -157.82115401 -98.46774026 734.23924993
v -159.41495518 -87.24420961 683.43745707
v -158.54371267 -79.65481929 977.75032137
v -173.14081394 -79.14453498 949.33581373
v -169.27488678 -21.42497154 348.44847270
v -183.47640599 -16.47675300 368.46451590
v 57.80267111 4.20783168 1595.01400732
v 58.29907202 -8.38744308 1618.53533042
v 57.10332946 -2.82621203 1581.53353439
v 224.34566885 19.74252989 1181.40001692
v 218.84421417 27.93436403 1203.96121924
v 330.14593287 13.27571775 1172.42090372
v 312.94634791 31.31506770 1186.00935950
v 319.64317502 20.17054891 1206.70578932
v -100.41608935 -93.15576618 688.94629813
v -162.67701584 -21.45903735 369.65288118
v 10.62459827 -137.80332653 1236.71102047
v 24.62587109 -136.90887945 1224.89516995
v 29.12462186 -129.56804888 1244.57163935
v 88.99818872 -70.85447247 568.46138803
v 67.20017798 -60.31471055 558.97560147
v -160.57603918 -20.91840679 360.44236460
v -140.02447085 -107.24799872 758.69646011
v -124.22133181 -104.34106855 730.24350678
v 151.30743382 -41.34919897 505.24796532
v 158.50921416 -31.79312725 496.88221052
v 149.00564810 -36.55890082 527.76828561
v 184.82521622 -5.09774831 363.50333372
v 190.92681829 9.78040575 362.14650518
v 190.72419039 11.97117617 390.51284909
v -153.07736825 -19.97374801 374.62889180
v 38.72330635 -120.58819550 1266.52061403
v 72.22310803 -115.26606461 1273.73297909
v -139.37621251 -12.54710343 370.40121138
v -36.12306601 -68.53692509 782.74101980
v -16.92195616 -41.56791421 798.17895465
v -184.83824480 -69.52148432 933.16587226
v -193.63707561 -54.26064912 936.50166080
v -194.63515037 -58.15940107 913.46552441
v 65.67249159 137.85716423 1029.91966844
v 80.27682885 149.91442860 998.50795551
v 46.97553942 150.75447802 1012.19219608
v 44.64594807 -119.37262647 1041.86660292
v 64.24469686 -118.95156078 1054.76318192
v 41.64332982 -128.98558425 1058.53499595
v -153.37830293 -18.99576234 384.91349108
v 113.45040471 -95.38225782 23.50640193
v 107.24890799 -117.90969446 16.29418751
v 115.14859507 -104.73059193 32.36951645
v -42.70103610 54.67667752 684.09539931
v -36.00274715 51.21169945 697.75800711
v -43.20033417 44.27740953 666.87256775
v -126.57713719 -5.56928589 386.48423762
v -10.82880410 134.73462648 1039.76758775
v -43.62381836 151.15959696 1006.17536566
v -72.12559663 -96.47588775 780.52017439
v -87.82193139 -97.32091581 743.12764837
v -201.13289614 -42.37697281 906.49098084
v 131.51919156 80.61578954 507.83776191
v 151.61817487 68.17589797 505.75450301
v 147.82098992 77.55152009 486.88921487
v 324.96710927 -82.82307760 866.73614564
v 320.36633995 -88.99576429 868.34265141
v 325.56504511 -85.30978908 884.88190930
v -139.07949865 -14.92111691 400.84683538
v 31.76761902 123.86088274 1064.76351611
v 34.26537840 116.11425013 1079.49989563
v -128.88017920 -9.30854670 413.15264451
v 34.67661391 -116.87173322 1735.92612335
v 29.27562674 -117.81716550 1744.84326950
v 15.97506512 -123.61844587 1744.74224163
v -147.22143637 -102.18379169 733.40441602
v 21.84891059 -110.32620742 1021.20486572
v 36.65137904 -101.80733235 1004.95661364
v 49.24880915 -106.03790381 1026.43420708
v -117.97840738 1.06260088 405.67329501
v 136.63605886 -56.70194485 1202.11611207
v 146.24055634 -37.34671725 1176.27856588
v 149.73968480 -28.13892105 1194.02237013
v -24.10720135 22.58801121 714.05648747
v -28.10511648 31.48130724 702.00053623
v -25.10629542 45.42331859 727.46359559
v -121.18174595 -9.03441187 429.05103989
v 309.55550607 -66.84665955 998.17805887
v 294.75429524 -60.22284046 1016.76486006
v 304.55737996 -48.65753168 997.36297452
v 114.41739263 101.53177621 1543.82931109
v 136.61675676 86.98997214 1535.88172237
v 113.51857761 102.85010722 1533.30485696
v -45.32055402 -69.38374135 756.85088429
v -54.12562855 -86.09419468 791.04403290
v 231.44408555 -1.44837597 1176.36633146
v 220.44325821 10.50020987 1196.36165827
v -131.28343867 -13.41661785 441.62768789
v 157.04699851 1.30377847 1150.00747933
v 158.24739171 24.02534347 1168.41751844
v 182.53884860 48.82130547 1278.00759733
v -141.08311335 -19.27212926 432.62661227
v -26.12136391 157.23880024 987.66922139
v -45.92027418 160.40713340 979.91133398
v 335.76821662 -74.87893310 863.49938058
v 325.56537416 -77.22799811 889.54288071
v 54.95104866 -98.90236283 1011.10911264
v 71.15237949 -92.82936586 1003.80462176
v 88.75118615 -87.33105039 1021.11388319
v -153.68533950 -24.37444040 449.81615320
v -21.40914672 49.58603412 759.99685381
v -12.81071136 27.78123903 754.17381164
v -11.01031094 19.77476071 742.31063908
v -158.28289830 -20.42732346 429.34439898
v -60.13641042 106.87364121 1088.25166204
v -74.93473458 112.78746759 1077.34633034
v -78.23563326 111.72455444 1085.26556538
v -156.48068064 -20.40964533 407.24096714
v 3.66044455 106.70687317 1119.46549687
v 13.95860360 108.04630017 1139.14629603
v 179.85336708 -4.23727123 83.54612217
v 172.75181113 -15.15539853 88.33490064
v 187.15366599 -13.95613961 71.01299674
v 326.26378451 -78.88228068 903.77367732
v 326.56338631 -87.05371293 899.71437519
v 317.76227297 -86.85748125 911.01180398
v 2.37839893 -122.26890578 1712.81279737
v 3.97779093 -120.43273520 1720.68238585
v -6.62239165 -123.55370297 1719.43511306
v 281.63857603 51.40279836 1283.27351783
v 272.73879741 65.71076351 1295.12704364
v 265.53488057 63.34642404 1331.87270299
v 325.05797956 -78.67755768 961.87870398
v 328.35896439 -84.95533734 945.88517461
v 50.45301506 -101.79054605 988.65524679
v 10.45105316 -108.15740473 1001.96337043
v -173.78312031 -17.74146920 434.19716156
v 109.92781352 -95.13620093 1246.58461317
v 93.42613370 -103.58979182 1255.03040289
v 322.86252458 -66.24808887 928.75864537
v 319.36146888 -78.57702556 927.17121690
v 325.85968222 -74.29616422 949.20113859
v -13.01387518 33.62708642 791.47829921
v -10.71304472 29.30963246 778.95129755
v -168.98035433 -19.85518339 404.52974423
v 146.73638443 -38.95486667 1216.31240170
v 144.03291604 -50.04659254 1240.00744075
v -56.43383468 114.66259459 1070.21466844
v -53.03509433 109.99955936 1078.19681517
v 51.01454184 40.74207807 515.02027580
v 39.11072970 30.32205352 542.80340638
v 42.31160873 43.08899556 546.58356038
v 32.96211739 -116.40915876 883.49054425
v 12.56149380 -123.92850324 882.31836012
v 8.96310336 -122.17567876 867.98555884
v 26.14051377 -139.07130228 1076.71055609
v 4.64055202 -139.88981093 1075.52241116
v -178.47889268 -18.17755815 391.59787110
v -180.01434528 -70.56138372 693.74854080
v -195.51170215 -40.50037159 696.92776711
v -188.11050196 -47.63030237 677.94892830
v -29.13223652 -105.99827451 837.39754367
v -11.63283774 -105.89453654 843.49838631
v 9.54296837 -133.09045297 1058.10273707
v -15.75835705 -136.00942105 1068.45225674
v 331.46540665 -151.30399239 816.41322403
v 335.86765877 -142.54262911 802.56011283
v 342.46610126 -148.47639421 812.26480183
v -191.37836575 -9.72221813 394.65087286
v 99.90834854 -7.06872335 1527.30299467
v 107.60847656 10.40802728 1543.20397627
v 82.10735422 -6.48549579 1537.79272521
v -30.22776827 -74.83453074 823.45656508
v 167.42849851 -16.76203186 319.29667469
v 167.83169184 -16.81366198 287.39283841
v 175.73218282 -12.01688673 287.21065866
v -193.17542532 -7.79611540 367.21329452
v 72.18890179 131.82306049 860.29928055
v 52.68748827 152.62534528 894.84287356
v 74.58752299 149.97170932 891.89046859
v -181.79813929 24.16783203 625.20035510
v -181.29962669 30.53341067 646.29350313
v -181.79474895 29.88108718 596.99736405
v -200.07654412 0.84564414 386.86614549
v 252.15295245 31.48498335 1120.29060877
v 257.05334900 44.53990139 1129.16671312
v 262.45422950 29.02150599 1105.13194885
v -6.63830442 -127.11605035 877.17080809
v -7.63507230 -115.88075259 855.97329555
v -203.07338542 9.44867866 363.81366755
v 58.58848815 108.59760535 841.59668761
v 48.78853522 130.56705383 862.71905150
v 180.71926639 79.21962703 1503.21552606
v 204.71707569 54.47081631 1500.74540119
v 200.32119555 77.75997994 1482.53960278
v -200.17154815 0.17253456 336.37022588
v 38.15742431 -105.61529519 940.91302500
v 16.65878089 -113.68546610 919.44722259
v 53.16024621 -109.57123874 908.87810896
v 184.17616961 -29.66039274 828.59744810
v 172.37177734 -56.76640994 845.76748464
v 177.87753453 -56.04748670 789.04711980
v 353.86763482 -150.78150322 794.70315314
v 350.16890679 -150.49559577 782.29599118
v 361.06881818 -150.37939582 783.29520556
v -193.07189005 -9.63736415 330.13959652
v -179.69027644 46.08737932 568.31309501
v -186.89245824 26.42733999 570.75265048
v 32.56363979 -113.72566408 870.94223472
v 48.96518860 -106.97872480 862.12588588
v 179.27257000 -36.76085359 857.52404774
v 174.06992502 -50.54040849 870.36368761
v -203.76888040 9.87921214 319.29950208
v 79.70873433 51.97893024 1581.48823428
v 85.50850376 43.87927887 1575.82799379
v 99.10954332 52.54724730 1573.97919795
v 296.85409052 46.13545005 1123.34217894
v 291.45648779 35.74443760 1089.21619551
v 283.75468030 45.11758194 1116.45745698
v -20.33384315 -111.82189799 847.70063465
v -209.36693873 27.34429931 317.09666906
v 105.48610026 142.28220837 898.52744817
v 119.18605842 129.26493151 886.15200274
v -186.79183307 17.26241132 555.50883347
v -210.86998252 28.38724389 348.48318090
v 55.96234545 -109.63462641 887.87634185
v 30.95991268 -114.59769509 907.26258193
v 187.44214742 28.86429693 227.99617097
v 183.14430384 56.77121435 233.91415210
v 189.53969335 34.78886549 258.29847762
v -208.66556409 41.75418021 317.54767456
v 81.38639650 154.13670545 907.22142180
v 61.68566142 162.30544372 922.58054783
v -40.84182921 -119.27031897 920.03820119
v -26.64092646 -121.56676885 908.77762043
v -13.04220827 -115.95078529 927.08460250
v 162.56161731 -55.79667009 948.06504260
v 150.85903695 -60.53168802 969.14890416
v 154.16157157 -71.25290401 933.32923368
v 172.16589487 77.70770361 39.12198605
v 153.76576461 88.00855824 50.54378977
v 155.16281508 80.69165593 72.77375132
v 2.18931049 40.79914577 766.75210439
v 6.68622315 51.10784133 807.68043898
v 15.78840832 61.10141106 795.70676831
v -212.36644128 53.40554938 337.74888998
v 53.25767719 -101.69316150 942.24690286
v 41.45434294 -103.44705463 973.78077607
v 139.05823179 -70.46189450 967.41916521
v 143.75988630 -77.06080453 944.43028026
v 333.06260234 -142.67257199 852.86960273
v 332.86369365 -144.28845430 840.39565549
v 345.26482580 -144.99706820 828.40733668
v -208.06390387 73.51220412 332.20086269
v -203.36032803 72.37558417 295.41547878
v 56.58237219 -86.24188214 1708.59464010
v 59.78426485 -86.06557465 1689.88911153
v 12.76015633 -122.16768474 897.39018985
v -201.66081716 80.39727763 308.17886770
v 91.91015608 -92.34139797 1425.46125529
v 67.80999282 -95.76963516 1423.71789050
v 83.31173728 -101.57145781 1400.61627210
v -4.31140043 22.50885593 755.86605575
v 5.99170274 39.15808372 741.27704348
v 338.34681289 -43.34748886 1107.99103456
v 320.24447354 -45.47880702 1129.22927349
v 330.34863405 -56.38424597 1077.01100713
v 12.05682426 -110.89982906 941.70193493
v -21.74382103 -113.83553908 945.24988997
v 126.11418603 -104.54901725 1373.26788055
v 145.41517225 -92.41296304 1375.36027603
v 130.31290202 -94.45496509 1395.99717651
v 95.04723857 119.69800191 1263.97149831
v 99.34325183 128.53662310 1312.42635406
v 117.54508740 118.34354595 1284.10014076
v -194.26095495 92.22302815 321.17708542
v -111.41120969 -86.88877803 646.43051061
v -103.70915844 -80.33086886 632.41579570
v 141.35500504 -49.34364194 1020.36219347
v 130.85540501 -69.35461139 996.70359037
v 151.25753048 -47.95636232 996.53562332
v 27.96374041 114.97787145 1094.72119656
v 39.66302690 112.76177801 1099.66140156
v 330.36363324 -150.89096983 834.50867947
v 321.36560313 -134.24444587 831.21950112
v 325.66461913 -150.75825392 824.80447147
v -182.45489220 92.98944898 261.45607169
v 0.68909729 -3.72720912 725.11554497
v 5.89166511 16.88273999 719.75893356
v 9.09243340 4.94529605 700.36273510
v -184.86009546 99.29510736 319.55550086
v 176.41384260 48.32583163 1526.95276962
v 175.51243857 34.02287104 1526.89995539
v -98.90167257 -65.67102259 572.15380945
v 134.45240819 -52.14311013 1043.51337345
v -173.35633872 100.26269016 283.03444714
v 109.36176599 37.02861932 40.31927342
v 110.05965697 42.99452862 67.22021902
v 112.96322785 56.40836658 44.78524126
v -170.65859051 103.40461644 308.58421140
v 36.38771477 -103.55808179 1638.28151869
v 52.88949370 -83.11607672 1640.63007588
v 48.88630242 -93.54408582 1662.21319627
v 341.84563853 -20.85982666 1141.80764686
v 346.34740945 -16.89775578 1128.03753237
v 343.14649805 -7.98752568 1145.88583666
v 10.05417426 -110.12941871 968.89248220
v -161.35726974 103.47717063 295.48191512
v 74.11369886 -119.00772959 1363.91133353
v 88.01483569 -122.76963847 1348.87549513
v 19.68974272 -35.79001063 687.16607551
v 9.58943966 -22.71257733 703.04135870
v 18.39260729 -20.42042776 673.69821146
v -156.55513730 99.74496838 270.54318640
v -146.45617182 100.02722061 281.14088568
v 64.01133743 -99.15925093 1406.97361619
v 70.51211257 -107.02846230 1391.50799513
v -142.75489162 99.39524454 267.75017505
v 156.23797336 101.63463910 341.15189032
v 164.43413725 100.47551843 378.27828708
v 86.05645202 -91.61230073 964.37915569
v 110.85578009 -80.81375799 981.69749286
v 82.15370282 -91.23127003 992.17633836
v -166.25343928 95.47998236 249.41280938
v -164.97843642 82.77291951 486.26802871
v -181.97525816 85.37102417 457.11707842
v -182.07888526 73.69642069 481.82260199
v 139.54683542 84.81973418 236.22527364
v 141.44601512 89.33847330 248.84922363
v 161.34565212 84.61819720 247.83264084
v -135.45393363 94.74968051 253.62910047
v -58.41304787 149.67823406 897.28324357
v -56.81533826 159.13517766 929.42470498
v -26.01532453 155.77212494 925.98536921
v -133.65247708 93.47648797 237.84893143
v -4.54899534 108.05881610 1214.95558718
v -11.84577061 103.22047379 1178.03299904
v -11.54849224 108.27647426 1210.15041620
v -110.80705550 -78.25728824 613.47641554
v -125.60533469 -74.89495489 599.61475448
v -204.62818904 13.46891786 914.42630840
v -207.52857867 -1.31706318 903.78006471
v -200.03486544 -6.21762179 961.67418174
v -126.15411812 90.60961250 251.40126105
v 171.83826555 -5.35123911 233.08694343
v 167.03603377 -7.90974133 252.83365547
v 152.93624174 -13.23551265 245.52325023
v 116.65112693 -69.72172727 1039.01486204
v 107.65243069 -79.81876425 1016.08511476
v 126.65329020 -66.84649336 1020.26333517
v -122.45151718 84.14996938 219.10847924
v -151.37637177 91.46451125 474.21729967
v -144.48016616 85.82146072 506.52036963
v -135.07740533 92.35643624 485.40515749
v 8.37959026 -122.98726240 1700.22392664
v 9.97967830 -111.70927458 1710.43062586
v -113.45491591 79.35298181 248.29666308
v 292.54836174 -66.10010883 1070.17423727
v 286.05019572 -65.70904434 1052.26415891
v 294.65021242 -67.44248654 1050.39469618
v -112.25280239 70.23202417 218.24998181
v 246.92887740 74.47428904 1402.68906598
v 240.93247792 87.88381727 1379.95324082
v 228.73058650 94.21981783 1405.04624666
v -160.07298966 98.09577802 446.99772696
v -176.67192775 96.48669832 434.82209076
v -122.14957316 85.53848549 201.08180864
v -11.11531328 156.68435339 926.77118338
v 99.35039079 -79.66349405 1036.58467633
v 102.84783188 -83.28461409 1058.55090941
v -131.25083761 89.62753882 217.71270243
v 391.66903189 -64.54794504 865.52658022
v 386.47108091 -65.21218366 844.43439937
v 386.66967698 -56.11413012 867.38055333
v -98.90684268 -74.73477947 614.81688815
v -131.74862652 91.57973738 197.57589218
v -79.82095229 155.54405498 981.89236703
v -89.52447074 143.95309357 1005.59534877
v -64.02369144 150.32541992 1004.08746553
v -141.65065551 92.34372000 218.56484528
v -18.23876680 106.67243377 1111.56275328
v 0.46188780 109.20104698 1107.52027474
v -7.03746731 105.83283304 1097.77631210
v -132.59352436 -55.90550266 500.47094020
v -126.39765026 -65.25484675 532.43796867
v -143.29669868 -62.16430881 525.98190657
v -201.02251639 51.64469278 895.36379720
v -198.71809010 57.98989939 857.44865547
v -205.61947918 40.83608181 854.44409703
v 312.05954807 -25.43407612 998.56238496
v 322.76025678 -49.26587485 968.07090743
v 69.84896895 -98.84417697 1031.91268410
v 78.54810229 -98.38775004 1041.00700945
v -159.85019326 91.65397181 213.27418623
v -135.71032597 -83.17512506 641.26313900
v -204.73152031 -21.45524695 913.32993480
v -200.13116208 -48.58249361 883.09486918
v 327.76088395 -4.71076427 1005.60670167
v 322.96046008 1.06176068 1015.50790797
v 331.46016990 4.36763604 1021.65250895
v -173.95003077 88.57455169 208.62534186
v 101.24429428 56.47587126 233.71115806
v 103.54576337 62.62774731 225.10373911
v -177.65229544 89.88798649 232.50583862
v -109.11891907 151.22221794 957.36053328
v -103.42189116 148.08035029 983.91938379
v -206.82903273 -25.04558149 884.98756476
v -210.62628781 -4.66929349 877.63380781
v -204.32798831 -42.72907509 857.18938441
v -131.00051403 -68.51643125 557.79769485
v -137.40068978 -67.56925512 560.48108967
v -186.35375760 87.80529878 245.04286252
v -80.14710265 113.63545587 1201.54972053
v -56.84549250 115.89419954 1187.71089683
v -81.44516996 108.31100938 1177.03798271
v 155.84189119 6.06632055 1205.63333581
v 156.64763124 31.61428240 1173.48691411
v 156.44372252 22.43096123 1203.45014213
v -153.68766098 -33.32756287 464.17308855
v -146.38838378 -35.23635205 469.50760598
v -82.05205888 -107.19510536 1033.94239860
v -68.15035199 -106.07157776 1018.02196420
v -45.75415610 -123.21156004 1039.12365649
v -211.02292399 -8.82052253 839.99991381
v -205.02546924 -33.50531961 841.12744632
v -210.82493269 -7.65413710 861.18293400
v -160.64841536 93.88569898 197.73320057
v -141.59357302 -55.59082959 501.26473170
v -152.49092249 -44.45597972 485.76883247
v -198.13054066 21.71518467 945.98909740
v -200.12681140 35.50869897 922.34689221
v -175.64890644 88.98790938 197.81641236
v 152.84199756 -7.53032551 193.71686107
v 148.64270377 -9.58695669 184.65064908
v 162.14473479 -9.13072671 164.84113085
v 283.14444549 -38.95854352 1135.91388886
v 294.84533830 -47.15415577 1118.95419997
v 306.14388317 -44.96682853 1135.61998779
v 401.36637770 -72.01924582 884.65956610
v 388.76570649 -61.01359006 902.17066619
v -144.30694907 -73.79586279 616.79647779
v -186.94994998 77.98029362 197.40554702
v -59.54355475 107.72017169 1160.34786102
v -209.12121761 -13.90209197 817.98466535
v -210.71950943 11.23436906 825.65107195
v -210.51869963 0.51087248 807.03370649
v -178.44810962 82.23500996 183.23070665
v 306.95701370 32.08956225 1080.37959080
v 310.45839874 23.50317163 1058.12505870
v -162.19025415 -39.79030426 483.68690117
v -187.14891011 69.25135084 178.45360852
v -71.64821203 116.27111757 1215.20703160
v -62.14702074 115.55241608 1202.61851175
v 157.13190079 -26.67211301 1273.10956009
v 164.93406437 -0.29382588 1277.45492675
v 163.13089576 -14.79579615 1294.80806597
v -178.08692209 -16.15826841 473.67526645
v -187.28380549 -9.17513051 449.45000854
v -171.18578949 -22.46233614 456.18232219
v -113.25618916 -107.68819347 1074.65393403
v -122.45056410 -86.08707229 1039.77435500
v -108.85379594 -102.91960733 1055.46905665
v 407.86680563 -87.05136489 865.61724920
v 406.96843498 -79.40112663 856.88359105
v 405.46595180 -79.06701245 881.98141789
v -192.35049667 57.72793933 182.95299564
v -201.22411920 -51.14082296 810.32811582
v -206.12254640 -36.15468442 809.36839583
v -204.82097298 -38.26228592 791.60230672
v -186.44653335 64.25576300 149.83576847
v -163.58553699 -24.64402895 451.52009328
v -19.25484156 -126.24800998 1042.97934073
v 19.94539590 -125.47965429 1041.36967863
v 397.16558003 -112.47475747 852.85382958
v 413.06877183 -95.84164148 837.36551323
v 411.36741295 -95.09431741 851.65456095
v -194.45037560 36.03541409 160.42446135
v -154.49343707 -51.03490664 504.38516014
v -160.69287680 -46.14713036 503.59992764
v 157.74654572 82.63037194 236.96502916
v 174.54696105 71.87268137 222.25047383
v 151.84816515 84.38169416 222.53201224
v -194.75169548 24.87169551 162.61776792
v -57.94859753 121.52633439 1224.21887153
v -3.75262965 -117.88768063 1029.13425789
v -20.65005663 -111.82583450 1009.42484432
v -4.91561529 30.47229891 805.73577101
v -4.61432176 31.87320782 794.20985776
v -13.51540141 34.50539733 807.56546929
v -190.74873964 35.95148164 144.02382579
v -77.24296973 103.85476641 1150.71150532
v -72.34195318 104.69334735 1141.39609773
v -87.34243532 105.08468279 1146.58863005
v 342.87283821 -87.08590161 805.40244200
v 335.77045527 -97.45194637 818.98298958
v -189.44959895 17.38121476 134.34356642
v 93.76407735 116.43831487 1092.80214376
v 93.76573305 116.35128920 1076.20116717
v 223.21621781 31.01485650 1486.25058522
v 210.71941544 62.60617827 1485.40304794
v -194.98041199 -1.63026567 423.01485651
v -204.87688733 13.52261500 402.74887557
v 141.45141019 -36.09662013 1069.24048230
v -193.14788089 25.01616890 124.70976209
v 3.38229625 -131.49934494 1664.86531378
v 11.58359290 -122.36722586 1660.90764602
v 9.58071141 -136.10560270 1676.14724797
v 154.65342341 75.62448839 161.47456492
v 150.04948207 82.11592137 207.16871140
v 164.54943049 75.00143217 200.69217378
v -34.14924732 -111.25427570 1001.91250972
v -41.25142878 -113.21091208 1021.74860290
v -54.34877869 -108.18041093 1000.25712823
v -193.84831936 16.34318103 120.55901910
v 116.81847242 -116.89901544 1318.37227732
v 90.82055951 -118.48354562 1295.99376556
v 103.02232857 -109.73994922 1286.94244777
v 3.58416556 52.48662427 829.55956594
v -4.61661884 37.36346529 822.51916838
v -6.41782871 38.79686346 835.99622342
v -186.25033781 0.11229525 124.74100702
v 267.44048490 72.74077832 1285.20349708
v 258.34294825 78.10887608 1265.90690792
v -187.34825194 -7.88439572 96.07486814
v 59.32566400 -119.27429300 1244.29660630
v 71.12581335 -112.48482595 1249.48116151
v 148.63951936 113.11102509 1334.50120252
v 166.43685678 106.55608058 1354.61929097
v -86.93971862 108.77947025 1123.12128327
v 332.57094699 -103.94778289 807.69329274
v 324.96904263 -105.24078132 825.41754746
v -33.34688512 -113.19499731 976.44233472
v -8.14841039 -111.60722110 993.21987442
v -177.15034918 -12.40114532 112.55642610
v 182.23895791 61.01144822 1288.89844144
v 314.84374994 27.90444876 1208.57188471
v 293.04521824 50.94840071 1216.57252806
v -200.68112618 13.14677056 444.66205166
v -200.07963244 10.54449944 427.20449197
v -5.01777488 47.33378119 843.84994133
v -13.01753654 60.01077678 853.93148864
v -5.01693024 63.05765845 850.87914349
v -170.55133578 -12.94090422 121.86779992
v -111.74851537 99.84581886 1202.08509445
v -109.64699472 101.51192778 1188.55447392
v -131.94706301 90.13080787 1178.04747322
v -171.95014117 -23.42652803 99.64562548
v 78.96959144 124.83273522 1046.04856749
v 88.47302883 135.11526619 1021.86811600
v -209.27140468 26.70348150 361.01432184
v -213.86867705 48.50730131 355.23604108
v 81.34039927 -119.01316112 1097.57233005
v 55.01381661 8.20907268 490.27943180
v 48.80954670 -4.77654709 520.10778600
v 41.61095012 9.12035584 519.76676354
v 370.15906996 -103.90245393 926.21392790
v 364.25864897 -108.10124481 926.28594976
v 370.06001686 -115.15869513 905.70546080
v -161.65031909 -29.50098839 95.45103414
v 14.37892230 -109.94916049 1719.70201468
v 18.08005986 -107.50378491 1710.75876477
v -74.34323974 -108.43807894 944.75131651
v -74.14029131 -113.43217921 910.43254942
v -49.04273655 -113.81959917 934.44530959
v -159.45101360 -20.52761200 111.19846478
v 132.31582333 -103.81948449 1357.65354493
v 149.21699576 -92.32632638 1357.25644682
v -209.87378768 33.83678119 391.79553641
v -210.47261679 26.81453929 373.21410690
v 116.25806016 -84.67366666 955.16079233
v 49.67791875 -102.85801488 1736.68543317
v 44.17654902 -102.71887115 1750.48454800
v 331.66051426 -135.99791596 880.25816084
v 332.45963272 -126.88983877 898.00342330
v 14.08585163 64.60250831 824.65039660
v -157.55205726 -14.03654348 127.98893810
v -138.65001364 -17.75457504 103.95148840
v 130.51875952 -110.23565401 1322.05897610
v 125.61732414 -113.95132591 1332.72432717
v 131.63305126 -17.45553770 273.19824732
v 140.23116754 -23.94273015 285.61310659
v 124.63150161 -18.81083531 287.32310027
v -193.98288294 0.12586849 449.38853522
v -137.65227395 -7.99761716 136.08770299
v -99.44659398 105.40861092 1188.38808475
v -91.14412054 105.17726955 1163.48918084
v 111.36420849 -103.35371017 875.47135645
v 103.86725049 -105.51462133 843.00312454
v 118.16727349 -103.48520927 844.76971130
v -135.55313985 -7.13368414 145.57439134
v -39.01285752 110.77664505 857.15172246
v -24.81580723 74.25793535 850.68352292
v -45.31359176 90.35380047 844.40228453
v -141.65413624 -1.87103913 160.68506342
v -40.15673957 132.82235406 1316.53912786
v -36.05479696 133.39678420 1297.72678891
v -58.55572312 133.45980293 1307.02487208
v 239.62256277 52.99581597 1444.56594458
v 235.32659567 77.31766918 1428.24258331
v 225.72322153 69.46590936 1454.18126240
v -202.57060371 80.79187300 406.18660506
v -195.27386728 80.14284903 438.10331550
v -192.96880804 93.60082553 400.86530306
v -132.05357355 4.54088947 161.37525735
v 150.06610115 -85.47748780 874.16591449
v 137.76322330 -91.27943328 897.16844968
v 134.26566873 -96.49013740 867.65378088
v -137.65544934 -3.16720002 172.50963403
v -210.36645012 71.51734977 355.63862787
v 129.25008877 -54.07572926 1064.74944785
v 13.87690301 -120.88839422 1729.09249614
v -7.12322379 -126.05298945 1725.27914714
v 107.04682841 57.14982837 209.09639868
v 301.04899094 49.67516385 1177.68951776
v 316.75036257 39.05502116 1153.57107050
v -128.15500936 0.62092259 171.84497831
v 214.12325579 78.00756579 1462.23364714
v -214.27145269 44.92460113 379.40155434
v -42.81321323 75.22900603 825.76123573
v -42.61373449 81.73032482 837.35058697
v 122.36028494 -92.08498786 925.68512150
v 83.35963025 -100.61445240 923.82846621
v -123.15536596 11.26437786 185.86355263
v 102.65095909 99.20432697 1206.71800304
v 124.74806240 94.11444733 1230.61175013
v 357.35674677 -102.27260730 950.98819117
v -208.96874997 75.38004620 382.37598022
v -210.27225503 65.92252103 408.04319846
v -119.95635287 10.52152608 194.97807327
v -37.11315910 136.46888269 885.41194310
v -28.51398108 145.87095981 902.85284569
v -124.05787327 3.15790452 202.90616307
v -19.75258558 123.95190798 1266.38700242
v -6.75189763 117.01304165 1252.70620394
v -27.04969637 118.86720611 1232.56913760
v -158.78130253 78.18798959 510.35150747
v 359.76195977 -26.98120761 972.99001115
v 365.06409593 -40.17631363 938.71353920
v 357.06287638 -32.83943807 958.08880030
v 87.46165690 -102.80185874 901.46334535
v -114.25665695 23.08883284 210.36365961
v -185.97103633 93.17715343 422.67657751
v -190.84010576 -21.78160420 998.64969859
v -189.93991088 -46.43796051 972.47215588
v -182.44263144 -34.87124822 1010.97867439
v -5.91986468 -144.65121387 1673.49306816
v 2.38015614 -143.94349187 1673.98172329
v 372.15892128 -34.38534771 996.02268478
v 365.15835215 -21.26153983 1014.59787518
v 370.55748495 -32.81049083 1011.89767226
v -114.25852249 21.48302816 227.39396753
v -110.05292655 55.09371875 204.60988448
v -213.97096118 55.82669071 385.21396757
v 75.91638668 -4.75849979 451.89994993
v 65.31711346 16.99002015 466.02500879
v 69.81909806 19.08320446 448.28661218
v 98.73631462 99.59133760 355.68372301
v 91.83796701 91.67128930 331.41634501
v 89.03463817 93.17135556 366.09531772
v -108.95454508 53.85143921 219.53370100
v -30.21341850 122.98174173 874.74420631
v -56.31192547 131.47237903 868.19386187
v -139.73631984 -108.32303453 875.83258292
v -104.85699177 46.64952535 236.86120785
v -34.36858441 -151.61127130 1155.13311799
v -50.56650125 -149.63505020 1136.29453948
v -29.86729522 -152.75362480 1141.15122169
v -92.97818925 31.13807363 433.05987991
v -82.37581184 38.24892734 416.33548596
v -83.08023677 32.71727463 455.03683741
v 76.23280959 72.53420248 364.05054440
v 81.73434516 83.04908945 359.06855098
v 80.73619960 72.24416269 329.95090576
v 167.63246639 -1.03115114 1292.67021439
v 168.33507247 18.86032821 1286.22541849
v 176.43445948 11.94673030 1285.54564345
v -107.25916067 28.81813515 240.96987043
v -30.44429730 105.91440622 1165.98279021
v -125.47127175 100.02924864 431.76543203
v -150.56920133 106.07836220 417.05617795
v -144.67242508 99.82656485 443.06873376
v -102.01148918 109.42368351 842.16666643
v -106.41186133 128.31208106 864.44300282
v -78.61142835 122.23041913 854.14934875
v -105.36112408 27.63628794 259.39324402
v 130.34631387 -8.08193453 150.11766449
v 117.04889247 7.13554066 139.35165163
v 128.64775539 -6.60504796 137.19003110
v 137.54158039 -178.69090891 29.65000907
v 137.04058590 -195.60937087 22.94145861
v 153.44059766 -194.39214838 24.02219165
v -160.93187706 -104.01324905 835.74999190
v -117.06218823 21.92302331 264.39161425
v -99.48060101 15.38458854 441.63288106
v -90.58116749 24.33482918 456.08117769
v -99.50749621 92.64724695 785.84854150
v -97.30656848 93.39993999 777.33447254
v -114.80689536 92.33986432 779.55140709
v -121.86308248 11.80425923 263.36593021
v 322.24255172 12.95408000 1205.83067947
v 165.53787862 17.14730308 1256.55032369
v 168.43623447 18.24945354 1274.03416759
v -123.56367664 15.97844676 273.39509458
v 350.25186820 -61.32871120 1039.89290462
v 342.25080292 -61.85320040 1050.00269519
v 337.35177472 -70.06100813 1032.24146170
v -78.87696380 50.65999360 440.02479783
v -79.07988129 38.96263382 457.62964372
v -125.56462242 4.54576997 271.59228638
v -30.84725959 114.37025805 1203.84221693
v -30.16484112 -146.97780946 1122.34852445
v -171.23769831 -90.17104543 907.42037244
v -127.06611942 5.21556485 287.18288873
v -45.77277373 -146.09308547 1202.34364744
v -26.07174706 -150.85368749 1187.42566445
v -11.07268814 -147.73948767 1199.87516207
v 367.05609063 -29.71665314 1028.84637151
v 361.65608294 -16.79326360 1041.62431812
v 361.35373792 -39.68116675 1042.52012894
v -156.77145504 102.20117445 435.72538961
v -132.16800542 -2.69427290 298.22078826
v -38.13960935 109.56935560 1122.81238927
v 181.53190399 -7.14025344 1292.27714486
v -147.46890787 -11.89484801 298.17834211
v 159.45253277 50.89929552 1143.54929904
v -107.66703959 108.23835677 397.62015621
v -115.26656209 110.80068141 395.37477201
v -115.96840808 109.08977398 412.10678348
v -62.91230550 93.18219722 834.35014812
v -57.41111583 85.64732677 815.07807923
v 349.36610484 -47.14059546 911.82837871
v 331.36461225 -55.62688746 918.37430206
v 355.06594777 -40.90721543 919.52232205
v 391.56764000 -118.32982556 826.55057417
v 389.86872606 -111.39813106 822.52996443
v -142.67000616 -8.54855303 312.42309035
v 364.96846163 -40.53534635 894.81317531
v 371.96893160 -42.34815985 888.34423974
v 365.17002218 -50.27138521 869.67776362
v -165.87081087 -18.27420835 310.88872086
v -113.97131632 102.88475037 435.01768278
v -122.37292816 99.70911308 447.97369475
v -134.41217630 105.07075590 844.73911573
v -152.61321100 99.25123113 849.33862301
v -131.51283129 119.93828535 865.88551889
v 385.16920955 -122.77608905 806.52382134
v 387.66608397 -140.94882943 819.84024448
v 382.36963579 -133.02500755 792.19859686
v 170.93764839 26.75110392 1268.28657078
v -175.26833124 -14.94381767 289.42700824
v -39.67527847 -140.97397814 1232.36023105
v -21.37370470 -142.77811287 1214.89061470
v -27.77609733 -135.54079886 1245.86948903
v 152.43845559 -9.65589099 226.95853861
v 148.24006968 -11.05786852 209.47975104
v 166.73967479 -5.49625395 218.88682572
v -115.87533759 97.07890352 469.42301442
v -44.04107496 105.45211313 1133.38457059
v -13.17095010 -151.60528233 1178.73863141
v -166.68697067 60.15718579 549.16826320
v -160.27274337 -18.64789526 329.79855953
v -10.27630425 -135.40450255 1248.06918571
v -9.57766121 -121.83800033 1274.93872079
v -22.87792242 -124.84315699 1274.58931391
v -106.67025275 102.39216912 423.92526039
v 226.12702239 -26.02653903 1322.41256640
v 211.02700965 -33.65359693 1315.04184031
v 214.72970254 -38.19623514 1283.71606014
v -141.97179598 -11.99910878 326.88497707
v 160.77413902 75.08769012 951.80257827
v -141.27327570 -12.75698366 340.90024357
v -46.76961837 -151.12337419 1165.92507394
v -65.67027532 -143.37540164 1180.09137509
v -60.46763829 -145.97524939 1151.23252272
v -107.73672569 -109.17072858 879.05087267
v -128.03342653 -110.86675994 844.47302698
v -161.76716285 110.80901155 401.37094239
v -175.16965325 100.97117506 416.54197479
v -205.11346615 -5.39341240 749.02764758
v -203.81274676 17.88137304 764.72772694
v -198.21005795 22.59797424 742.54341826
v -121.47137535 -2.10404676 332.41674911
v -113.77171548 0.80369610 338.66817049
v -134.66723759 107.56359736 398.92935733
v -69.41192059 105.12111406 842.24427686
v -83.51137485 101.36398356 833.10647844
v -126.57404514 -7.23101078 354.00811315
v 160.94913751 -10.92056182 119.16513018
v 168.75016939 -6.82914933 112.89422550
v 161.04675055 -6.12675180 147.68652315
v 275.13293823 4.67469350 1293.58229527
v 281.03329306 22.21357096 1307.28169636
v 243.83140590 -27.40792285 1277.33145524
v 241.92921190 -25.08962821 1301.49479872
v 230.63048624 -29.28011430 1284.66361858
v -117.87385790 -1.36357933 357.90811188
v 356.65807811 -8.49459268 1029.87859513
v -106.67282841 100.50398876 447.76146748
v -110.07202871 13.77978459 354.54656604
v 163.17995806 83.22339222 901.75467736
v 154.77894211 94.39085924 922.86393152
v 1.62351232 -127.23398182 1257.93057287
v -112.26955087 16.09232640 332.10301359
v -63.47551449 -129.12786449 1246.35517146
v -66.27415430 -134.96217121 1227.05287936
v 391.26352327 -69.78773545 915.32457374
v 388.36240724 -65.31837061 930.84933795
v 388.46055362 -65.70534671 948.95874481
v -148.06641654 109.25227079 392.39786551
v -143.66273563 111.96352134 358.34633522
v -61.76486538 -144.01980480 1125.49474041
v -41.56401264 -146.71505719 1114.34166177
v -92.57057827 38.14560324 364.02844952
v 168.56168559 -27.01567312 975.67216839
v -12.36023201 -131.50926636 1091.57824546
v -2.16228635 -139.79807631 1103.92440008
v -25.16221767 -140.11305411 1102.92743043
v 201.62891578 -37.24292160 1292.49960040
v -108.07311832 16.41262897 368.00325537
v 53.50151597 14.68710157 1616.83567012
v -126.43029526 -112.63727199 811.49886653
v -146.12843560 -108.79009057 796.72820432
v -127.52790697 -110.81784828 789.46400901
v -159.96000004 109.24678921 328.38722076
v -156.36220899 114.41599011 355.50225831
v -133.96141505 111.93432217 345.14582287
v -183.60718609 54.04025125 744.80159222
v -163.20046789 69.44369750 692.92954101
v -170.40141815 61.16639421 694.27213764
v 332.07112396 -115.88284278 794.19757038
v 331.96939912 -133.38540389 794.20016080
v 333.17096486 -128.36956173 783.51196324
v -112.07453131 2.62027245 368.54139623
v 353.86918367 -79.93414595 848.88637901
v 325.16748346 -94.69107033 851.33904856
v -102.88278480 87.90466963 534.69266284
v -110.97563924 6.07037484 382.98401476
v 354.26396709 -40.66134362 939.52098136
v 333.46156567 -56.21172070 948.18907619
v -169.36648462 109.67332755 393.48865018
v -181.86795481 102.81045893 401.40725342
v -195.81605016 57.83516126 836.94855254
v -201.01418766 40.11064242 800.94909701
v 323.76649637 -142.23571388 814.45539222
v 314.86690480 -128.06231160 824.31094586
v 324.56907512 -121.01677646 809.58789163
v 225.93238608 -30.73218037 1264.28521435
v -115.37659646 -0.47633842 386.09723193
v -102.83995693 -108.19727964 912.23948597
v -95.33832325 -109.60386778 894.56190124
v -75.43881382 -113.99652647 895.13989264
v -131.96577188 105.88173148 382.65626881
v 116.13156963 103.06751072 406.43292323
v 133.13347648 105.88529210 390.18345334
v 113.93409278 103.03198738 381.22955375
v 171.06414918 -21.44529046 956.57325447
v -40.27687945 -131.84126797 1257.30600587
v -204.91692093 -31.74943107 757.58461256
v -198.01928642 -55.04144164 758.28809064
v 96.03498229 5.20337434 276.20344122
v 86.43352799 13.59904035 298.96074483
v 92.53632540 12.59886477 270.07432046
v -103.77756088 6.30508504 402.38356576
v -38.33594048 110.96050702 1087.58305274
v -18.13618306 113.34115961 1092.34459592
v -11.83457102 116.61871777 1079.48662959
v -107.47569313 15.03295921 392.33080343
v 154.52253790 -73.05222350 1320.91831009
v 168.82021914 -56.97820940 1359.84763556
v 170.21736574 -65.73639581 1379.70216029
v -123.45619674 97.07870778 278.49373281
v -111.25724939 92.48021270 284.47533181
v -154.74735075 -68.63895324 1024.86728574
v -146.74796253 -74.84054369 1024.87529383
v -145.75021053 -69.46074315 1052.58652327
v -99.97726245 13.78140460 406.75533630
v 143.65681700 77.37025473 129.33849566
v 153.85967991 74.32329407 97.78746368
v 139.86002297 78.94473265 98.90635189
v -199.10864777 -6.13771695 700.23381429
v -199.51441956 -38.80223645 725.70231473
v -110.97941477 5.71540034 420.29572845
v -189.78113093 -7.10056483 424.81021262
v -59.35673191 -131.10125189 1057.06140143
v -87.25524081 -117.92986695 1055.13064514
v -101.77862998 15.24246501 421.83215219
v 218.53989488 3.25624611 1222.79066123
v 211.34004297 15.03329739 1232.88784874
v -111.68215358 0.60010501 442.58742897
v 318.25791740 24.50254419 1063.90941374
v -171.78791361 -25.44712576 474.43659505
v -54.83794329 109.68567443 1106.30626575
v -30.23791414 109.57634991 1105.91052061
v -198.20805166 -14.99239594 685.58480113
v -186.40357013 24.10376433 679.30909656
v -121.68326301 -8.56468563 444.64520027
v 300.95828387 -27.04253544 1009.59074802
v 278.85436018 -39.37510209 1036.60582450
v 286.35593325 -29.98618112 1030.14327357
v -123.55732282 101.44781167 294.02050661
v 45.97932367 162.09638581 985.59203289
v 16.67564880 151.14530155 1011.48234753
v -127.48487551 -17.94685854 451.50786184
v 165.21439949 -71.32007269 1403.80180513
v 166.61325741 -58.91052840 1427.39092141
v 145.01199462 -71.40480283 1427.70485218
v -107.16522796 107.10648016 378.43690725
v -112.46222460 111.26026116 352.56070332
v -113.46507546 109.82744403 379.58941630
v -177.14507866 -24.87843724 1045.21154840
v -185.84130385 -13.33061396 1018.90711065
v 368.97345527 -89.23167226 797.14087694
v 358.57424805 -80.92497255 797.39627674
v 375.67315989 -83.17761419 806.03819894
v -192.50422296 -12.30720684 650.03362537
v -187.60082202 -0.28817001 627.92300771
v -141.28548296 -21.70516633 453.87183238
v -113.75931019 103.62693284 315.98708075
v -108.15906042 99.81801401 309.75255272
v -147.45199396 -69.14764652 1070.68364745
v -134.95557633 -89.27612215 1086.63526227
v 364.87501568 -64.06903155 806.30680871
v 375.27400986 -64.30056527 816.11330208
v -131.58679073 -25.64818027 463.04232910
v 185.44141268 19.83644808 226.45182459
v 177.03724986 0.21889209 248.69348695
v -153.25855476 107.16113120 311.92147869
v -145.75701268 104.04096603 293.47340465
v 16.37034309 131.82921264 1045.42134424
v 33.37194998 137.95543580 1035.41560824
v -104.74471096 -98.51119651 969.18034745
v -93.44423668 -103.58100878 959.46766066
v -72.84607664 -107.43173666 974.03844300
v -127.88939570 -39.02867190 475.87594565
v -123.66026609 109.49332038 331.28696865
v -114.75082399 104.32096138 1229.51152773
v -94.45205184 118.57505439 1255.77101520
v -92.94971416 113.78973116 1227.74970789
v 76.97942385 157.39547211 979.97552156
v 83.98367605 159.90447690 940.02686268
v 62.98245215 164.59807086 956.84616025
v -79.17169429 60.21506085 396.85311934
v -79.46881495 66.83195940 374.63537029
v -80.07455231 66.21080951 431.25451241
v -104.20396542 93.96133230 751.92028843
v -116.90356252 93.17970156 747.13183491
v -114.89252924 -50.18072701 496.17306685
v -106.34720073 -96.24277867 996.24501643
v -75.04880186 -104.51148267 1004.09223008
v -106.94865317 -92.52856973 1014.38345371
v -114.99743085 -63.66658252 531.81153900
v -88.66778204 88.93360157 386.05405750
v -131.25096978 -81.23303648 1048.59088472
v -126.14847190 -84.52066751 1020.44401993
v 103.65454501 15.81076044 91.49319347
v 109.25730623 40.04952318 87.77412805
v 181.22511936 101.59373951 1466.82331256
v 202.02763054 100.43882543 1440.64141611
v -104.69684084 -58.58219082 530.92451781
v 274.65227419 -31.47960284 1065.17317588
v 286.85541904 -19.31462022 1045.76115761
v -103.36093122 100.95974174 329.53624332
v -105.39888579 -61.37737382 548.57541255
v -135.85209909 96.20379502 1234.25049378
v -124.25260030 108.80509824 1251.63637267
v -120.94677140 -93.06083618 995.08839272
v -142.84533581 -83.54309994 990.12094130
v -124.74310886 -95.43274594 956.22321723
v 356.05250299 -53.09765943 1041.65143317
v 349.34971944 -38.05917167 1084.19713306
v -87.67497192 80.32588259 449.31242851
v -83.37098516 77.38755162 406.65727748
v -39.04929868 120.83351177 1230.53365574
v 141.07306578 104.78376825 991.69318690
v 116.97199567 118.81114599 1016.15195003
v 135.96997264 99.93457440 1017.78042055
v -100.67819032 24.62741107 426.67072843
v -134.01089097 95.78996203 822.79633024
v -161.31224501 87.58552376 828.23629899
v 372.66449607 -147.48556321 829.25318623
v 351.06575802 -147.39959101 816.74770249
v 371.46551327 -152.14066305 814.53134919
v -118.70051415 -68.51764320 557.79892794
v -133.33945675 -104.00873327 911.36393453
v -105.74214611 -103.03089605 939.15390179
v -111.00462127 -72.57973893 594.77544226
v -79.67397423 46.67621574 406.28855191
v -141.30023455 85.17089414 706.06175581
v -157.50142274 76.02054553 708.91878598
v -150.30474361 82.30018179 748.21680091
v 380.26357786 -142.54324105 843.27058283
v 389.26626188 -128.97440402 829.83487138
v 388.66374168 -127.20946775 856.70831495
v -95.40344602 -65.25845328 590.24972605
v -93.97130843 90.16335014 422.43771216
v 146.53339683 105.49094710 390.59165248
v 164.53043574 97.25871255 412.03895779
v -56.15002009 125.43854806 1242.25410658
v -32.55041669 124.18309703 1244.97854451
v -28.21431207 -32.53013957 730.81151944
v -37.90898506 -24.00165888 686.05642662
v -26.01018224 -9.14164121 712.60465380
v -115.45657195 126.59410303 1308.73822197
v -111.35440335 120.92248927 1281.53261575
v -124.95493976 118.37262686 1284.37578494
v -20.71213915 -6.45869359 734.76210247
v -19.71097572 5.44461586 734.85642007
v -13.51193568 3.17057267 742.19744384
v 373.36426617 -44.37852315 932.88613761
v -17.61716865 -25.62009855 766.09837088
v -17.01465080 -17.10846877 749.34876997
v -12.51691601 -21.90040742 767.23473390
v -118.96127984 140.24027203 1369.11097323
v -106.15913419 138.53983149 1346.03818474
v -134.06054597 131.15953722 1352.86405297
v -16.62018853 -33.73857076 788.24213839
v -12.72187016 -37.31017355 801.50625417
v -181.38295141 58.84296337 507.78335086
v -127.31999955 141.64619283 958.72450270
v -144.51945630 130.56423498 942.41196465
v -132.52244512 135.05547899 976.64061420
v -144.78223083 83.02969609 524.37127457
v -106.38009275 88.65359479 508.57546643
v -106.77622757 95.40275601 476.65397054
v -121.77992510 88.62572107 506.87417666
v -162.12629042 104.90469347 985.36027453
v -134.72963032 111.69436687 1025.35156547
v -137.42559870 123.60350357 996.84114251
v -99.57362602 95.14904745 450.45515066
v 195.76559371 39.60414287 4.67793179
v 202.36369477 18.26518288 2.64720557
v 194.86494575 29.44177225 1.15301241
v -154.99740565 -54.81525702 540.25583014
v 42.01009580 45.99983673 564.53588874
v 48.10853983 58.48153130 592.32484844
v 50.41288356 56.80343862 547.34736513
v 154.22464518 112.46452240 1482.23501180
v 159.42162790 100.07192185 1500.15245643
v -163.06000637 -39.65882890 1179.58855819
v -164.46205418 -32.48251871 1207.06845692
v -170.35788801 -5.13156512 1192.39281448
v -160.19887534 -49.67314185 559.96936267
v -173.29894728 -33.99061490 576.09934914
v -167.39522537 -36.17042588 536.83174810
v 344.37474653 -112.65342759 761.23802322
v 349.07600885 -106.36376738 754.82878715
v 241.11883071 25.87436658 1455.13657206
v 230.71794602 33.05098242 1471.01384459
v 160.34315591 66.27995041 1252.19971204
v 144.84562867 88.84179298 1249.70774307
v -182.49699733 5.85708117 595.81246643
v -184.19532374 16.34847311 589.42996046
v -178.49394033 -4.85412102 554.79191448
v -156.15496338 -64.96296250 1104.41548320
v -170.45295638 -38.04626582 1110.84967596
v -170.25041772 -34.72719440 1088.78901543
v 79.32007218 6.49854941 426.20182221
v 83.02354205 6.80504099 391.89175993
v -183.28871156 3.89459364 511.23367576
v -172.39235028 -14.59592790 529.35713912
v -182.99032859 9.36724207 532.74230396
v -4.82064053 -142.98903079 1682.86584009
v -59.98761930 61.88820217 557.35007216
v -67.48396439 66.64009079 525.56242732
v -69.48562133 71.81473958 547.17599665
v 210.73057378 104.09303059 1414.87524520
v 209.13299908 104.48159281 1391.06481104
v -169.35478407 29.42541971 1195.39590987
v -163.65310941 46.42750377 1195.40252530
v -162.85063355 53.42032026 1177.57904220
v -51.69142120 45.97017653 579.62942486
v -57.19131631 55.51626912 587.96508741
v 20.08224939 -112.46665193 1684.04077105
v 331.16138048 -31.65866927 974.16823733
v 196.83035571 109.11814790 1421.98805995
v 142.54622035 77.34286677 1232.50374884
v -46.49604388 34.26624085 614.23745780
v -54.29633494 54.46342355 636.99090305
v -48.89801532 45.80424690 645.24237595
v -162.85523349 72.64312237 1242.35638282
v -152.85393307 84.01277085 1240.56053111
v -148.85292108 76.30574034 1222.89153047
v -43.29975683 30.13543292 647.21411887
v -34.70364054 18.30149546 674.32361368
v -41.80134563 11.48965632 644.73626115
v 58.08065478 -87.67034009 1724.32183492
v 46.57840697 -105.58871646 1729.13120948
v 48.78135417 -93.79502648 1711.32486509
v 105.12148582 -14.20264219 391.75711695
v 94.02582384 -1.83770369 360.63759605
v 113.82119557 -22.59734780 386.40230902
v 164.26893709 87.34910706 18.25139915
v 2.97124699 -79.95576695 828.24909316
v -5.22692554 -65.92967989 823.80512549
v -25.56310237 135.46348768 1382.60477829
v -39.96083379 142.18896674 1366.58468899
v -43.76442889 149.43352128 1409.56548811
v 25.76699920 -103.02084012 847.95305421
v 22.76883704 -94.49127614 838.00380489
v 35.86809969 -99.14518439 840.78597241
v 273.95497296 37.43640622 1105.98772558
v 266.05367074 48.34881996 1129.70182792
v 62.66753801 -104.74698804 840.88547695
v 36.76726994 -100.22061361 848.00573313
v -52.06099642 150.86696419 1376.73498083
v -52.15915689 142.91339694 1350.56856853
v -59.66031040 148.50898397 1367.57362960
v 80.56297078 -106.89797999 884.33092228
v 68.26468572 -106.99416703 867.12880227
v 88.26465287 -108.82180200 865.66215151
v -4.92190735 -41.78116894 797.48372008
v -6.12047472 -33.89289542 790.94624524
v -4.21886556 -32.34404076 776.41748302
v 130.67373329 -101.05887598 782.71972041
v 122.37669767 -102.49387959 751.73908187
v 135.97784945 -97.40664585 745.25149965
v -193.46461817 89.04574937 1352.08618459
v -192.56560322 95.22140126 1367.98187885
v -0.12596467 -63.04646645 817.05477154
v -7.02350254 -40.89059815 814.27062513
v 1.67540143 -59.52181476 806.89249273
v 380.15823823 -71.09766335 966.75381380
v 378.95753230 -57.23822490 987.41716956
v 365.35494016 -74.79074136 996.02057893
v -157.16405516 112.60337859 372.13600359
v 149.17868021 -89.82118468 744.42153202
v 150.57566285 -90.61456350 773.73976849
v 379.46410662 -51.26973899 927.70510580
v 387.36097514 -55.40130061 954.88137607
v -109.43209789 -111.91570438 830.19086018
v -172.36257128 109.90267924 354.67858882
v 27.37366917 -87.09832729 797.07032436
v 14.57400196 -76.87928228 803.79339200
v 22.97822339 -75.07722637 763.45703549
v 151.07181278 -88.41290755 814.30781683
v -46.77105454 -149.44696102 1181.89847798
v -30.36987248 -149.75775772 1169.80365957
v 72.43233616 54.81243689 351.35466215
v 81.33750739 64.58731443 309.38026883
v 298.15109179 -71.97213108 1037.17137723
v 317.05193842 -66.62839608 1033.98037532
v -204.56738546 107.84635769 1398.16693638
v -193.76692659 105.32290106 1391.11057366
v 278.95036668 -57.90403337 1058.22941089
v 273.65124545 -45.33968168 1061.81220043
v 275.85274868 -48.14726723 1044.05830376
v 44.27778030 -92.19636815 751.05325137
v 26.58042287 -74.14084234 742.43805968
v 44.38129110 -85.18158827 722.92777984
v -203.31159209 -10.40264917 725.41089935
v 101.46928825 -106.99111850 821.22516014
v 114.05228976 63.61818023 160.97806604
v 109.35213141 51.53888855 150.68490210
v 112.15057977 66.56375686 180.92993507
v -89.67852911 80.84849506 485.30857601
v -78.48131117 67.70181235 500.13918773
v -79.67882687 62.17882421 469.93004080
v -107.73185726 112.18414960 1048.04915043
v -140.03533390 90.21021948 1061.12782745
v -111.13418479 105.47079778 1064.66736557
v -77.77941109 54.75208082 468.45840823
v 317.26207271 -112.05482767 888.24398606
v 314.96281854 -102.31628642 890.37570945
v 325.56386736 -99.85603071 882.33301675
v -78.08175715 31.25389402 468.76468206
v -68.48328072 33.75863283 486.42496331
v -123.64272254 98.22012032 1142.70315326
v -139.74268446 91.49994199 1135.71670713
v -69.98222864 49.75149303 491.64909747
v -58.88539773 52.54480870 526.00703296
v 60.17418294 -103.67430694 775.65693614
v 58.27277617 -102.10460717 791.23193839
v 46.97263708 -96.99186323 797.64338954
v -68.46173056 147.94509970 1381.18454572
v -69.45956036 143.18941395 1354.86273369
v -78.16122898 147.24759841 1375.49479859
v 82.07333918 -107.08949716 780.71889542
v 79.47514322 -106.89705816 762.91265087
v 313.95329143 39.96581187 1125.25081532
v 18.87126763 -85.14993141 822.93966764
v 27.76955903 -92.99055470 832.27749590
v -52.76628918 150.88002170 1429.54257869
v -47.36880469 143.79179592 1447.66836740
v 8.17195168 -77.02761223 824.09836061
v 105.95415350 -75.89394965 5.26600548
v -43.72851223 -83.55437573 822.30581935
v -66.02942355 -98.04338616 817.15335092
v 7.03909559 -138.51531829 1091.40125742
v -13.25968331 -133.43684651 1084.21038131
v -12.45923591 -136.97472835 1076.27043950
v -69.73195060 -100.34670217 840.09623716
v -86.43141950 -106.94983800 828.30699055
v -67.83558190 -108.66321370 868.14439969
v -62.53282830 -100.60039616 848.60260404
v -48.63398173 -106.50405110 854.30689386
v -85.25758013 -125.76087533 1070.76856890
v -69.45872475 -132.27673004 1075.78352716
v -81.33764626 -111.35196376 886.09223748
v -49.43855800 -119.94517707 886.74404524
v 136.94328633 -154.87682767 36.03918579
v 121.54234979 -178.41733004 22.24259556
v -187.98557656 15.96125641 491.82169213
v -184.08606371 -3.99724574 477.06493126
v -183.48784630 -3.17580602 495.65356684
v -176.43929421 38.61229308 1049.91463591
v -183.24228353 7.69856391 1049.34834538
v -182.64291799 11.37087066 1059.28639971
v -170.59123183 -35.14117406 498.00783558
v -168.19337764 -33.44223122 521.08214789
v 382.57287837 -63.08532275 828.59487666
v 368.17436424 -58.76610996 818.01720246
v 380.27319467 -56.73071330 831.68524777
v -193.88323205 26.84406738 479.13106231
v -180.83569801 49.47881508 1024.72256705
v -170.13466352 66.79621222 1031.42522452
v -175.42992088 79.49655051 996.59992256
v -194.78251619 42.18365312 487.06695528
v -203.97893087 40.74153206 449.88542433
v -179.32691408 -89.31537670 800.68882875
v -167.42454311 -97.66862824 768.82965811
v -168.72833953 -98.73201446 805.65341843
v 76.38100642 -101.82087688 709.41658839
v 79.27753201 -104.77258129 741.17265207
v 60.27925126 -96.52583593 732.12685088
v 168.67978272 -73.02532658 749.93389551
v 164.77608732 -78.48117397 781.43254455
v 349.15372378 -83.12219176 999.96361357
v 357.25519035 -90.09544366 978.48176082
v -4.07415778 -142.49686066 1219.68817382
v -1.37544223 -138.50722618 1236.42196452
v -180.42916515 -85.76622022 826.63123671
v -194.32816295 -64.37092588 837.66161476
v -193.12485083 -69.93766333 799.15222014
v -175.79642820 45.23325759 628.83729200
v -176.49872819 48.99444699 655.47617766
v 90.87443556 -105.65484797 771.19353537
v 98.77664262 -106.04289778 748.79767546
v -56.20566707 -43.70989972 633.58751516
v 349.07403796 -82.82029472 797.62814335
v 350.37469708 -66.04655720 807.53975348
v 356.37539105 -63.62532213 802.99780537
v -187.60532859 33.36590981 705.95282824
v -176.60166465 49.40795217 685.17345729
v 300.35332480 -68.70137507 1018.11219769
v 280.15223449 -60.77548932 1036.77596701
v 159.27223943 -80.85778317 817.47847896
v 167.67313433 -70.33251803 818.89754855
v 341.15367563 -82.50247539 1001.05227380
v -182.91947149 -76.98720789 738.56604883
v -187.12108721 -76.60154211 755.06143264
v -173.71815375 -84.54491848 717.99454517
v -178.02238834 -88.27821440 756.56443066
v -117.19786072 90.24613879 687.37359198
v -141.99880960 82.68256729 689.40221733
v -167.69796557 62.90043731 661.53753151
v -150.29638469 76.96722419 659.59575661
v -158.39459761 67.09052473 632.06160045
v 222.75647325 -43.95806909 13.52661276
v 215.45858537 -24.79306852 11.29421819
v 214.35626481 -39.03693655 20.44173768
v -2.73968392 -126.87439000 891.16910651
v 37.22690333 -138.41393570 1213.12067241
v -20.13970242 -126.25893409 891.95686922
v 341.66245703 -141.12177688 855.84408314
v -32.13361503 -111.04678823 846.18584478
v -32.93706946 -119.69929557 872.13923719
v -18.16746960 -150.89280663 1144.72073654
v -20.06568287 -149.27298362 1128.49011856
v 1.83256251 -149.27254087 1145.99488503
v -44.43124284 -95.48796304 837.81438678
v -52.93061685 -92.54462729 834.46216121
v -162.29461738 -43.80668028 523.26224491
v 44.26240971 115.00623765 1108.02430050
v -171.25455662 -16.80611891 1147.68788434
v 346.57576821 -102.96373866 760.57061625
v 56.55962632 112.74629626 1133.56840214
v 190.61259166 25.54973477 1517.04646168
v 198.21563568 48.00902560 1508.75767544
v -180.34873225 -11.41728904 1094.88592905
v 262.84564086 -37.43660198 1125.48401712
v 259.94427821 -38.92686642 1137.61130893
v -188.08751623 28.81613044 523.80421583
v 157.30863179 -14.80130323 519.39168672
v 120.94435025 -149.46597551 30.74327010
v 121.34521510 -133.44045361 37.86731075
v -66.28943591 65.87036957 579.38389730
v 54.56808190 123.77737835 1060.06650435
v -154.55131826 62.39136670 1193.22709931
v 170.51296195 16.38523598 506.85193247
v 164.31094684 -9.61228639 501.39997507
v 170.31461250 -4.25317319 470.10323556
v 329.16142564 -16.60826638 988.50997898
v 95.42050078 115.13074382 1526.18969148
v 60.77895483 159.71776182 986.93481564
v 125.92634526 126.82020738 1479.38360326
v 244.84787286 70.12405627 1208.93511145
v 243.14591499 72.19740995 1230.50232138
v 261.94566796 71.93363796 1232.70906394
v -36.20651328 -7.74950445 677.37431476
v -202.97838500 25.48578035 429.44622308
v -204.67699091 51.38957332 440.99993450
v -206.47695698 30.62800402 420.25560124
v -189.62394070 66.23938237 923.91686198
v -192.02053390 70.01685129 893.64679311
v -211.77563326 44.02998114 420.22336886
v -213.27321163 48.08196435 400.05015169
v 376.47080575 -111.45646471 801.72654335
v 380.37038701 -125.93278727 791.67570501
v 366.07204387 -107.90813534 792.86284716
v -200.37923940 50.66448321 462.71613988
v -197.37724110 66.69435444 458.53867241
v -131.61775519 139.93014830 934.65014939
v -122.11453239 139.87243486 902.44727023
v -138.21576882 131.34100450 906.39377267
v -187.58379742 48.10540912 505.66806422
v -190.08043427 61.04751614 484.84095039
v 213.34815511 -113.71846654 27.93391984
v 223.04888622 -112.62679286 21.71507232
v 215.64935444 -98.05705594 31.36389067
v -187.81758402 -68.26267326 728.31319609
v -53.97332927 -142.43374275 1211.48093914
v -69.57064317 -139.44418969 1187.62415035
v -175.41153026 -66.98601294 669.18350838
v -151.81227934 -84.35692758 659.58472300
v 350.07093703 -144.74717180 767.69441510
v 341.17255707 -130.98985090 765.05529488
v 350.27199574 -136.48819658 765.25128113
v -156.90762384 -70.72562350 626.54361204
v -161.10285131 -57.82715238 591.61497752
v -121.96651671 -89.18918596 1195.85136352
v -131.66429206 -85.10181698 1177.67702535
v -114.66625286 -102.15771386 1180.47399600
v -147.30004996 -62.28808962 559.28863047
v 195.33496387 -4.42272296 1264.42735912
v 193.53393651 -17.46901143 1261.85235277
v 194.53265489 -17.65121001 1274.45748527
v 163.66108275 18.67194970 1026.58940725
v 68.28689462 -57.93776334 1691.30386181
v 66.48876826 -51.55122597 1678.89141314
v 72.08578901 -47.26450813 1712.82292370
v 65.59471879 -0.60400194 1669.60911608
v 354.47411117 -62.79009553 816.58520878
v 220.23866446 -19.11522109 1213.07615469
v 198.73708356 -9.88219541 1237.91812031
v 216.93904419 -10.22803786 1218.02291932
v 160.35384709 29.60756263 1109.51241106
v 48.77650945 -91.11356153 1762.28612216
v 177.72840813 -11.86348858 325.01385368
v 169.72658283 -18.86798843 336.33585763
v 199.13318691 104.75487106 1389.45886101
v 196.63184288 108.45024941 1406.49727223
v -71.62786564 -97.70571537 801.94468811
v -99.22893961 -109.31682203 801.24260683
v 36.38187331 166.02497762 964.01994182
v 65.20881400 -70.12651077 1460.67981741
v 82.60917130 -86.06302711 1441.45418315
v -87.73380295 -105.92103483 853.09278005
v 117.01030363 -74.86981959 1441.16401115
v 353.37237437 -128.21192762 769.60915038
v 371.67151604 -122.77246339 783.51899018
v 191.73644144 94.21364222 1346.63397746
v -90.03608420 -108.57285287 873.24141182
v 151.72118260 -24.22677640 384.93399499
v 157.81987239 -23.79400717 398.42913091
v 138.01967403 -30.47232756 393.84195512
v 46.28601526 161.63443742 918.39000506
v 77.90724061 -15.41862005 1530.14561226
v 71.70690176 -40.99805615 1508.38398899
v 119.30887121 -18.45597156 1510.89932744
v 112.75250707 -76.11446474 21.47291024
v 298.03998455 -19.04941641 1199.98072563
v 273.13801918 -21.55090420 1217.12408235
v 283.53966543 -21.33208389 1200.91890192
v -126.23808200 -106.99775395 894.71382246
v -177.46099306 93.80050915 1320.60085081
v -150.85927318 114.35360632 1323.64858703
v -166.45944293 95.46055445 1306.77116736
v -171.65763927 66.24927558 1260.06870552
v -167.45694729 79.15068194 1265.84693195
v 153.65846932 70.20705045 1103.30890356
v 144.65955865 84.87145283 1106.85501549
v -114.63393783 -110.06618039 850.36138626
v 133.16781434 94.20891176 1033.68151159
v -170.05649401 26.57145444 1209.64731280
v -172.15736045 50.43006804 1241.73941335
v -168.05587253 38.56975433 1215.24090857
v 263.43882707 -21.79343137 1208.82607939
v -163.25760659 91.47523472 1284.53706134
v -150.85685316 105.78945498 1291.09178580
v 107.90887991 21.63081871 1550.21102347
v 86.40795615 23.11773411 1560.88479318
v 65.80707958 40.87533397 1587.07966924
v 157.15572451 55.73192962 1116.46147300
v 103.30954465 35.86056010 1557.56565297
v 74.72979118 24.43029467 346.87949350
v 71.62952391 47.06469112 371.79158775
v 287.43692452 -10.16841488 1239.23200497
v 283.43748350 -17.69341423 1226.25977092
v 297.63892085 -12.75809137 1216.77442615
v -178.16020645 86.84570381 1305.91882836
v -181.75834706 84.79016125 1285.35093763
v -181.26311514 27.83608616 1276.93440183
v -182.16075716 52.55322963 1277.70709661
v -178.95993261 50.57683657 1267.54006200
v 53.50715497 50.42728325 1595.71460523
v 44.60577823 46.39649031 1605.48487649
v 77.41502740 95.64236220 1561.63014732
v 325.36774005 -135.33200678 808.83535246
v -183.66181294 63.52350445 1299.02047039
v -180.26161155 77.73200147 1310.97694324
v -179.56015362 77.27262886 1295.98271323
v 300.13850218 1.96627019 1235.42289177
v 305.63958535 13.06925582 1235.53149162
v 297.93786941 12.45541592 1252.04381344
v -170.65750981 84.54039793 1276.75506475
v -178.25782963 76.05077114 1271.60032171
v -187.55810199 78.13437529 1276.36409414
v 103.01750172 83.66224331 527.68525030
v 108.01995703 84.35011037 503.87029114
v 95.31968390 80.12605616 502.44185550
v 177.66638128 -1.18355280 954.22325056
v 58.29897893 0.68411566 1628.37996459
v 59.29608182 6.89002055 1663.37800068
v -158.22444220 -102.06225209 763.50572979
v 35.00659884 53.68078509 1604.45783969
v 54.70655850 -28.42159713 1524.16723984
v 118.14643057 2.58194271 159.43348810
v 110.54696020 12.66418360 164.05911982
v 111.24915536 16.85742845 146.28403558
v 48.31384810 91.68069576 1569.49694860
v 34.11184000 81.45308065 1579.47386470
v 85.71850080 -123.61598688 1311.48431247
v 52.09791650 -27.31196003 1611.46084610
v 58.99643608 -16.77674033 1636.58313845
v 60.19048228 -69.65655885 1643.99859848
v 323.56267095 -113.78833382 880.57343078
v 330.26303379 -120.66952602 870.19150746
v 33.31599220 100.56470232 1556.83998427
v 24.61421480 92.73791543 1566.87594348
v -150.00287296 -64.74306535 585.03465622
v 39.42239205 -119.20691037 1276.99836811
v 66.80720101 31.08649242 1576.24738701
v 61.40612345 29.13948072 1585.08183700
v 182.03903765 73.20676777 1300.08925074
v 194.94065415 73.32881448 1284.08601993
v 154.04518049 4.47190916 1171.25558599
v 315.76152345 -87.13274431 918.21744286
v 355.06935810 -64.19453634 862.61642892
v 365.37051982 -64.90812999 850.32794442
v -26.43330226 120.77255796 1070.91209417
v 57.60949923 66.35002330 590.48947268
v 129.13004465 -75.38427451 1243.74459161
v -193.18426963 31.09581850 493.65979467
v 149.74725169 -82.92860057 67.20119933
v 167.54925838 -56.01506681 73.63861017
v 231.71591509 9.39562909 1468.02247088
v 241.21829439 17.62544456 1452.37878446
v 75.90818362 35.18642126 1570.47653793
v 110.60979354 49.04288896 1568.04002989
v 339.07064068 -145.20279095 770.20158311
v 334.27220482 -129.50293577 770.02965135
v 207.81314614 15.47979794 1501.61994886
v 107.21188883 69.94010007 1567.67835119
v 114.71408072 83.90067123 1559.53651051
v 95.52210242 82.34702088 480.50019780
v 74.21814717 62.99957110 500.93564929
v 101.83753019 143.07227419 1383.78596044
v 110.23292261 140.31885021 1427.04085661
v 116.63797574 138.51587345 1374.86486051
v 112.51216497 -99.10582867 1398.77624626
v 40.68355715 -102.52377200 1680.77041067
v 37.38513876 -105.64978857 1661.92131370
v 319.46464314 -124.91884364 849.96088565
v 310.16574674 -119.31213933 844.46221376
v 309.06594250 -125.95974395 835.97576672
v 118.84024982 131.09629207 1344.88887344
v 99.93967325 139.74585899 1359.13959964
v 196.23192923 36.35399866 337.28388347
v 193.03673309 61.96488526 314.53738464
v 194.93356552 59.77339533 343.97986074
v 91.91279556 -111.01672306 1380.77745256
v 60.58749713 -74.72874031 1668.79003560
v 31.48533577 -111.58492263 1654.12217860
v 129.06302071 79.74249546 69.78714317
v 119.66814710 80.37010793 19.26781566
v 118.26262904 69.53614917 63.66161992
v -149.98575247 75.40686396 552.00668289
v 4.95587370 102.31981012 1160.74764242
v -16.74418607 101.82375191 1160.85409646
v 116.54475690 3.68972324 177.21683603
v 115.64377696 1.21640952 184.56060580
v 7.26286894 106.58635329 1095.16430321
v 1.86446534 112.20794276 1084.76502581
v -98.97830904 88.54336442 490.67542601
v -78.41797976 158.99036488 955.62899679
v 287.55138314 -68.76637826 1037.41494527
v 307.84878935 -57.93540037 1073.93514816
v 322.14938613 -60.48340633 1065.47934559
v -87.68170619 78.86215205 515.04755951
v 170.14755195 1.56601397 147.25435581
v 176.84661731 8.44444751 163.33849941
v 154.94123292 -10.19888666 1196.21304660
v 155.33857671 -13.09041475 1219.86661257
v -81.87644567 65.62750829 449.56715668
v -63.34278615 107.58569268 1152.54864593
v 109.84542114 17.61452972 184.27648652
v 106.24529423 24.14878127 191.96431084
v 107.94786014 31.93966061 174.02710180
v 404.76578424 -90.73811360 872.18166466
v 150.62549227 -62.88708445 1301.43927050
v 154.82952027 -41.41405918 1282.36558878
v 157.52810710 -43.60822856 1294.30557412
v 276.74572980 -43.04952737 1119.08147107
v 315.34653991 -53.36995184 1100.86097993
v -50.28869546 43.35514320 549.87032607
v 128.44888185 83.28716305 1211.79649434
v -90.33711875 113.30909037 1101.63942548
v 52.42376410 -117.92279788 1264.57559145
v 150.94637021 -9.62004680 148.04597689
v 355.55923641 -122.14238899 906.62490983
v -58.19364879 57.55353771 613.23354336
v 308.86684150 -118.89363438 833.95327952
v -116.04474289 98.37036607 1163.00433873
v 104.41666824 -123.09282799 1330.27991938
v 103.64534387 41.84380581 208.86065260
v 106.84476868 28.10721207 201.09729809
v 102.44319947 26.85683000 215.52063797
v -29.95320681 129.55611493 1278.09085611
v -39.15153612 126.61854758 1258.53781451
v -61.35187040 126.98465910 1262.22984922
v -25.61558890 57.63541917 832.16806168
v 168.84099340 -6.74527158 204.50647750
v 176.14053910 4.42381567 220.01641374
v 373.76186534 -36.12301084 964.94824034
v -12.71426920 -12.90260467 749.67652791
v -12.71902456 -27.32982887 782.93092881
v -27.34808249 117.36313037 1214.99248486
v 329.34986594 25.20195614 1144.91052176
v 327.95387465 29.38243395 1109.03274572
v -26.91858016 -44.39764496 761.72144332
v -14.61381863 -130.55133099 1627.04149696
v -27.81286731 -121.76344791 1626.18813602
v -11.21256403 -128.83867013 1616.21060319
v 4.37918467 -54.58997885 774.00257709
v 152.46121267 72.16767186 1077.87108643
v 136.32683475 95.04454569 445.77950249
v 151.62996703 99.78410499 419.19509503
v 123.52955244 99.24920350 422.80211321
v 159.22581856 -22.09038942 340.79120067
v 148.62772224 -21.30416740 322.57384056
v 155.22905546 -19.70736691 310.84513100
v -1.91666498 -129.23922155 1656.72449981
v -15.61566067 -129.92278816 1646.03337013
v -1.01510003 -130.53134320 1639.84440495
v 37.57644581 -88.70573273 767.79474415
v 145.15050147 61.94027775 1174.66165369
v -22.91068440 -124.79230687 1601.43728520
v 311.85078575 -60.52446596 1051.47694779
v 275.83469102 44.55599189 1315.29610611
v 267.02988190 39.09256402 1357.89606259
v 56.58216644 -92.05151074 707.44544132
v -175.15928387 32.04694499 1242.85710863
v 179.65388318 3.70997660 86.20910136
v 184.45584645 28.19057221 90.68700121
v 181.05279861 20.99314571 114.01458825
v 80.36708270 -105.78805650 844.40574604
v 15.19694488 -65.90227865 1583.22017325
v 30.19658337 -58.10779913 1594.48857750
v 24.59515865 -73.01712249 1594.04572521
v 60.57617622 -102.29444513 757.13035030
v 48.20808496 58.30242020 1594.17770091
v -179.96306004 13.78560277 1262.57530111
v -179.66523516 9.79222949 1280.34702782
v 142.02850283 -26.01895575 310.15284728
v 153.83061178 -20.28553545 294.75258377
v 16.79198127 -104.40647393 1594.88776961
v 9.69528798 -78.22726992 1587.63337636
v 33.09282849 -87.05677966 1603.49070450
v 47.30073853 27.03342577 1636.72457753
v -76.27635332 -123.99393549 1259.76715484
v -55.77674055 -125.55595180 1262.09652844
v 22.59869978 -53.89990533 1577.51254160
v 259.63128275 -18.53616215 1287.28111622
v 279.03504210 -10.14251100 1258.03353951
v 260.12970885 -5.03331858 1316.25204625
v 284.04882613 -65.46853154 1066.16188078
v 241.02254162 -12.01509174 1380.88053072
v 233.51948741 -17.17610650 1406.27281506
v 229.12047335 -22.84284380 1390.86805074
v -1.50374388 -76.97160238 1579.20930463
v 149.22028396 -88.73177513 1327.98992686
v 157.61754460 -82.45254768 1361.48720013
v 86.93878231 55.00259525 287.24322121
v 96.24157660 69.67123830 273.78852205
v 93.14115374 58.55389449 267.07942042
v 378.37091956 -102.42139988 809.47168188
v 14.57023949 -87.00398200 831.37255880
v 147.31155974 -60.44210858 1442.81780474
v 164.71156100 -47.92955025 1455.10502738
v 125.90999591 -64.43882095 1454.48653886
v 44.56858829 125.92789704 1057.12789973
v 229.84793408 47.93460573 1186.51391342
v 233.13943186 -19.86162926 1204.68907681
v 238.24161001 -14.03793708 1188.68650241
v 248.94014200 -19.47909646 1197.98301778
v -13.02529326 -50.75020105 822.44171679
v 107.15691991 -13.60336525 38.89421457
v 112.46253515 8.09977004 4.21433041
v 110.86033032 -13.48992822 4.98755028
v 4.86818610 -100.68339903 838.40915668
v 91.78138176 155.42254158 958.50788109
v 103.67891253 146.59589386 974.46404139
v 110.38225359 146.51770963 941.06106090
v -131.35128023 90.87071374 1220.84113609
v 174.54561012 71.49925567 235.35888912
v 380.46540044 -148.86595698 818.87626934
v 155.46405646 51.93003534 1029.61405588
v 156.57068262 76.91551173 988.07598482
v 149.26724842 74.36475256 1019.82411038
v -82.15110124 121.25585938 1248.92485578
v 259.32443408 28.95912139 1402.27713304
v 257.82806468 54.36872264 1391.03600130
v 249.22731477 65.48952933 1409.44563898
v 379.96867677 -47.28970908 886.03011604
v 140.76991022 -94.48792418 827.31377611
v -197.63645774 -38.59832719 945.73186202
v -121.55931151 132.67133132 1342.03752927
v -129.75825689 126.78943833 1325.73597629
v -163.56125563 113.48179729 1342.56523554
v -141.15415483 104.50107176 1262.91080438
v 380.66054631 -87.57826263 927.53293245
v 394.06346395 -87.37933686 898.62649325
v 388.46180338 -78.54090251 923.87690864
v 380.07039663 -50.23683724 865.97808152
v 380.97155868 -56.64721439 848.08632443
v 125.35926011 -86.10605523 941.78445417
v 69.95779108 -98.35726467 944.39119488
v -207.92331976 31.13229561 883.21593834
v -175.76518995 118.24311320 1386.48828026
v 61.95542929 -96.21240573 970.05716040
v 222.15495408 -56.40946157 16.44226019
v -171.22457528 99.11048140 962.55614510
v -170.12813588 91.79908591 990.88689371
v 349.35846636 -0.42245576 1033.93892439
v 342.15922250 3.71884364 1030.46609742
v 115.94856370 -70.08585839 1064.22485635
v 380.76196261 -124.35291164 877.26122167
v 184.96604845 40.33938962 0.86358595
v 183.96909610 70.73494430 0.33790338
v 190.56774762 60.18601617 3.42139383
v 78.44939095 -94.03536847 1032.43046990
v -101.42800486 128.90580375 1026.05738544
v -66.42941371 129.45472822 1040.65352532
v 76.74315080 -118.07107303 1071.05162538
v -161.43236366 86.33364313 1027.68774262
v 63.24148842 -127.85069856 1078.02041562
v 96.14265765 56.15308589 249.71862861
v 350.77391587 -114.23796846 767.96705450
v 351.17484906 -104.43082822 768.29758873
v 4.74230743 123.21763594 1316.60961746
v 3.44599486 118.09401672 1274.79182102
v -4.85454561 119.00363505 1281.07621616
v 3.63562965 126.01735496 1385.97147181
v 3.63919929 127.01891981 1351.34898121
v -4.76320603 126.72959909 1375.05669890
v -147.06015043 -66.49559755 1154.65038548
v -161.15755458 -46.90607286 1148.00932242
v -154.95739630 -64.02747515 1129.60319243
v -150.86435660 -59.24556576 1203.73200174
v -1.46984140 119.65225872 1434.28823614
v 11.13207517 122.36703081 1417.84008392
v 356.67468815 -112.13569649 762.33044745
v -7.25986488 126.65232137 1341.65279610
v -4.25802423 125.20986993 1321.87507412
v -14.95740566 129.57914655 1319.99819935
v -180.51742885 87.78481422 880.13871894
v -161.81462079 98.99079921 863.14428247
v -180.01460073 81.59086376 845.84072860
v -182.04608943 -16.45932044 1063.56825197
v -180.24756825 -22.50815765 1072.37432317
v -150.41682845 122.47292801 908.24616665
v -149.41525880 118.12764932 888.31841185
v 138.86909655 70.73938813 0.33338204
v 138.47034534 86.49413426 3.36141309
v 152.87083145 88.44227863 0.42871239
v 358.75234720 -34.45142494 1061.53229785
v 358.85452231 -12.95810616 1060.96062660
v 18.05680699 106.42798928 1155.47711961
v 9.84855631 117.44044677 1248.59983649
v 4.05057584 110.98203029 1222.10696427
v -161.35475384 59.02684672 1224.18922569
v -147.05119311 72.33957635 1201.75711968
v -70.74758594 -108.18456281 988.35380501
v -170.95265024 32.30698327 1176.94317525
v 318.75802842 -67.29016194 972.58280759
v 324.45664192 -77.01837429 976.85219735
v 20.64809115 122.20121074 1257.91998530
v 25.34485848 128.16039149 1296.02311563
v 45.84764556 126.95709804 1267.04160762
v 13.85219185 110.79924062 1205.80865419
v 8.55352525 106.59779000 1188.37816524
v -53.64454659 -111.77189309 954.51245299
v 183.65188155 -31.75313420 71.32038813
v 163.15007418 -39.87871355 81.36035104
v -143.95546048 107.57928046 1278.95970833
v -89.24163436 -109.22698962 927.96097829
v -182.32074092 87.55218713 912.94746702
v -165.22006247 110.01861976 928.26302125
v -176.71972253 95.30897612 910.41353379
v 124.74087249 96.44887890 307.13335820
v 135.24227173 96.30405584 293.03478946
v 115.94211564 97.14733132 295.41866477
v 268.25243293 56.60357375 1150.16238716
v -117.81169543 109.76668886 844.55953706
v -62.65809274 136.82657380 1333.97028760
v -45.25851661 136.89920160 1338.27138926
v -29.46062674 136.45391573 1358.88372528
v 350.15173518 -0.05541414 1101.44274654
v 342.05320930 14.84661467 1101.38430012
v 341.84870124 6.78589523 1138.42917802
v 241.35011154 47.55138787 1164.41836958
v 250.25128531 53.95790820 1159.00767620
v 244.85147665 44.66616474 1147.96613782
v -108.41053048 99.28518756 822.63840050
v -79.95823969 137.26106754 1335.86135370
v -96.25784728 136.07466465 1330.77949967
v 325.45969901 -93.52870454 930.13075825
v 323.35997693 -104.05690048 917.01061124
v 140.88119030 -91.78694300 717.45066894
v -205.71528671 25.44931884 797.50159668
v 110.87036475 -105.65478459 811.80157418
v 141.95255415 80.25502449 174.69523267
v 132.55535968 78.13579391 144.62645155
v 347.86633848 -54.71050172 902.05764588
v 356.66792242 -44.71315408 896.08477721
v -192.50979982 47.07243734 764.02405403
v -194.42972235 -65.62346052 851.98540066
v 75.62901917 75.03073530 404.31334064
v 80.32770285 83.50250177 425.77054327
v 82.83078548 87.94682492 399.39000936
v 316.16104814 -94.27321585 915.94059281
v -149.74126508 85.65597137 1115.81378290
v -160.24361671 76.30221438 1130.07659611
v -211.32227723 18.12995363 860.03693510
v -86.03213584 116.60584881 1055.17590747
v 279.75669368 11.69787757 1063.52694156
v 282.55645763 0.34367561 1054.72220307
v 316.86283107 -94.89135578 897.54859989
v -207.71852057 -16.00336892 789.01680253
v -162.04767390 66.73812844 1161.14641487
v -175.34895223 45.08878129 1152.61812297
v -149.04638789 81.26407135 1162.59677511
v -208.31651966 -15.94741873 769.11280126
v 112.05218215 -64.25506719 36.37003193
v 116.54975424 -66.16962430 58.70691435
v 287.64759494 57.55226123 1199.35524927
v 288.95087138 60.02955990 1169.10802689
v 275.95000487 66.28754865 1183.90076318
v -134.80496007 88.44125560 756.41338086
v -59.46369873 149.81570009 1402.65630106
v -51.66405078 151.50459467 1407.82864355
v 313.05362274 -73.12992160 1010.78891919
v 306.85270003 -70.93251615 1022.15201590
v -195.30734460 12.65938919 705.71002604
v -193.00499667 2.27626248 672.08473982
v 107.05930825 17.41650611 45.55890161
v -13.46789038 125.11054452 1420.19057900
v -15.56287509 130.03017000 1374.99856285
v -194.90671937 -19.80497761 667.56563736
v 116.53918571 101.42589737 328.84974880
v 109.53958890 100.84713289 324.25837905
v -30.86049695 -136.75161741 1089.06668166
v -33.65799144 -135.56305653 1065.24229610
v 138.19230616 -69.62374497 628.35390943
v 200.75885493 0.49538732 33.45887309
v 208.65683103 -24.78979787 28.79610744
v 205.55816796 -21.05604880 19.12980489
v -57.86091585 -139.82947587 1090.21740602
v -57.16195355 -141.47886235 1098.94729582
v 106.59053025 -82.53570150 633.37477962
v 327.56503334 -68.92712572 901.10129240
v 332.06654693 -71.43152496 883.54240975
v 325.66445368 -97.00834073 879.28333739
v 157.12617649 90.57947550 447.95907385
v -80.66217066 -135.94422942 1106.55042899
v -172.83927861 47.86790720 1058.85630773
v -155.63661851 76.49824431 1060.46325586
v -167.53687097 61.18037589 1047.92503834
v 100.83881127 -96.25103418 1135.78643094
v 186.34651549 -121.77108262 36.37174137
v 202.94928966 -89.80314405 40.12124717
v 176.94706966 -108.84413174 43.54839512
v -175.99314447 46.18326601 597.01609173
v -190.62893545 50.12461302 957.90044912
v -188.03241455 50.22608535 992.70415269
v -178.62782055 80.04403769 976.18709092
v 90.73193033 -114.57753743 1186.40984683
v 382.27180357 -86.70482245 816.10133481
v 381.77135525 -77.87611622 829.25061228
v 355.97477357 -96.58376754 776.76366003
v 346.27515490 -86.78052821 782.59408853
v 356.57461929 -88.72246189 786.02919071
v 297.45852989 7.71112911 1041.29428918
v 164.06912998 -71.96965459 857.23122743
v 199.74273972 -180.52846979 16.28590982
v 215.44449087 -164.86348345 14.21631721
v 194.24321433 -167.99492784 23.86981032
v 288.94780380 -52.16465331 1089.43583279
v 356.75348419 -73.21173697 1012.09483476
v -120.38799020 81.18897333 580.01381912
v 165.78175599 -71.84510972 731.41043662
v 120.82285796 -24.51764306 367.93343819
v 113.42578091 -15.46582585 347.67318507
v -79.49021339 72.31624590 593.47326039
v 11.52819614 -143.42017224 1195.30202924
v 20.82951347 -145.38189691 1180.23460968
v 108.49906719 -69.99312565 560.54723485
v -92.49391815 78.76701319 636.76692347
v 232.95299322 -79.36588515 13.43976673
v 225.15214832 -77.79243683 23.41328563
v 17.33686991 -143.21303005 1108.98611876
v 18.53379710 -147.65944666 1135.26703854
v -3.96462340 -146.30642901 1120.83927301
v 167.29937807 -13.99257223 612.49260478
v 334.76440886 -152.65540879 825.03820276
v 358.36469408 -141.21073862 833.44391878
v -44.50145245 64.92432037 698.32017758
v -279.76130775 81.96192441 1312.09417551
v -270.76352105 84.58774466 1336.75335032
v -261.36232552 92.21132526 1332.32181093
v -172.05407763 -30.82902371 1129.12747197
v 176.85031963 17.96923691 135.76970595
v 181.54801540 25.08818326 165.75157142
v 229.65001527 -109.36626259 13.65814750
v 237.25412144 -76.61369796 4.89133051
v -17.70872868 22.85535858 729.55481231
v -256.26011241 95.38353935 1313.36463606
v -245.86561914 97.16267576 1370.04337266
v -237.26492107 102.02478929 1367.85983314
v -10.51108781 20.82671925 751.09381387
v -187.14516323 6.67807497 1077.06974744
v -284.26534687 65.57808364 1336.28060545
v 357.57537071 -104.82823184 762.70425403
v -236.16187572 101.89730961 1337.35758667
v -22.11091876 50.81272882 778.87839867
v 126.58098683 131.88371784 939.31540173
v 141.77662722 112.60355611 963.85389957
v 197.42823928 34.15249494 371.92724104
v -325.26078381 6.78741078 1232.97755160
v -334.45946785 21.41206838 1234.22398726
v -344.15852682 18.29734634 1221.77502097
v -13.01816727 36.72030323 837.33167412
v 123.07720062 131.02224739 976.23546878
v 136.74067802 -211.09060737 6.80667098
v 121.14136361 -196.25295624 14.54976460
v -325.46047945 29.42295980 1252.18905967
v -326.15937077 38.08023503 1249.63893486
v -351.15692319 28.19107908 1215.50234205
v -12.71828333 43.86272528 845.50944136
v -153.85490499 92.11944598 1258.22291696
v -8.23971247 107.04084978 1121.35883322
v -326.46051507 -3.33228918 1220.35050453
v 10.48535442 73.64359232 838.49580088
v 346.26216333 -23.25103931 974.62443475
v 384.26211237 -99.85921397 899.84147247
v -342.45630194 40.08700485 1220.99835334
v 16.49098294 62.37923878 771.28109441
v 14.59326154 57.60462392 743.85935657
v 207.05632160 -22.97060089 35.66552459
v 207.25308531 -48.34751571 43.00538004
v 214.75337430 -52.26525126 36.27284611
v 0.48992559 19.83384816 740.01040686
v 8.69149677 -6.89612305 698.06707760
v -112.71320504 138.01068539 887.37813181
v -90.71435426 152.14906582 912.73965311
v 26.89307897 -38.71623453 651.01197255
v 177.64351872 76.24090338 260.88103126
v 187.14085074 66.43193051 277.85409038
v -110.41609202 150.21758484 928.17341190
v 51.28905583 -74.64064446 655.83619103
v -92.17180753 -122.85682227 1215.53931848
v -86.06876338 -129.49621587 1178.64919372
v 185.97912312 -25.80380870 802.92711273
v 204.26227697 13.32481585 11.93419429
v 193.86448128 46.20940199 22.26617569
v 349.44851711 -32.15054721 1101.99764979
v 63.49538594 -67.30780788 599.90225667
v -152.56187459 -60.29136224 1177.94606095
v 71.39742395 -68.58189204 578.32183719
v 161.36456340 -68.01405127 906.66996247
v 369.76960853 -143.39685935 782.27519003
v 334.17063563 -136.55316518 778.75283591
v 72.20142758 -61.55191170 545.29543934
v 80.90330621 -63.81555189 524.33229928
v -128.96190444 -89.48904712 1149.54893773
v -4.27186370 118.58296190 1453.40930502
v -17.87054277 124.45719615 1446.00529937
v 67.99218533 -24.17131981 1671.71712043
v 263.42764730 23.20595921 1364.57136735
v 156.40177041 -27.33274711 575.51664121
v -14.07473487 116.74761387 1480.24408124
v 6.52566531 114.53870678 1474.08337980
v 158.20081875 -24.72408749 587.57351975
v 57.77869982 -83.86798731 1747.55953999
v -136.35721507 119.17997954 1307.86421399
v 130.48853271 -80.45795470 655.34449620
v -136.47864862 109.71405512 1512.35842302
v -143.48142168 95.95715315 1526.49768813
v -130.58075723 104.28403262 1528.05522947
v 93.40979413 -79.05130643 1442.13412404
v 266.94245391 -21.92143811 1172.52321155
v 280.84359567 -34.43420389 1148.83737295
v 291.14058676 -24.34333883 1188.76989625
v -148.77665092 113.63801688 1496.28696809
v -157.78069532 94.10148727 1517.42700582
v 93.29198019 -81.97482632 619.46169279
v 85.28984577 -85.26229974 637.52044034
v -179.25101061 -12.34030506 1116.70525646
v -184.04788530 17.32979531 1114.69151937
v 93.10826240 -46.42789159 1489.47714764
v 125.80901579 -32.01395761 1496.13216337
v 154.78356607 -79.79241628 705.54288674
v 157.18924210 71.21708888 797.34605701
v 153.19549835 63.91335832 727.76153624
v 147.69416793 75.64443380 752.56188365
v 118.78079266 -99.75274022 713.58563350
v 111.58771792 119.71580019 860.21247089
v 133.18614594 111.13772347 867.46398845
v -290.16792264 11.08881595 1308.41791883
v -282.56816762 -11.35440767 1288.80375464
v -276.06987305 -5.66338225 1311.40938220
v -269.76949582 -15.70112506 1297.78150760
v -259.87183046 -14.88549779 1321.87198232
v 156.56756762 -80.85173473 864.08507413
v -180.54629368 43.50363994 1124.54081953
v -184.44646808 27.76429636 1110.81049894
v -180.75094243 16.33971696 1144.21337420
v 120.55595295 73.35267261 134.00637675
v 122.65347940 73.58298924 158.90632328
v 47.82352908 122.13322540 1502.86044939
v 62.22670622 135.92022767 1484.72079514
v 49.42899610 137.75809312 1463.68461521
v 285.33537860 25.71348129 1289.91901546
v 161.47886134 -81.71467231 750.58351232
v 263.45423132 18.43969957 1094.71343795
v 34.52258043 114.77194865 1505.08673996
v 26.12588045 119.48445206 1476.80021064
v -96.23430546 109.96721871 1070.29193622
v -96.13623809 109.49235979 1089.10296734
v 182.17991022 -44.15372801 777.04011903
v 60.00098716 86.05553045 694.76460765
v 70.10258037 84.04531802 676.89768680
v 40.30056504 69.44554046 682.64802394
v 111.95360955 51.38101278 135.78566095
v 108.85168229 36.55961649 140.44229700
v 188.98182977 -22.20926248 779.46175549
v 98.15972186 111.19919924 1131.09887961
v 109.06122604 109.00104011 1113.93539211
v 80.06164097 115.23927755 1115.92497981
v 218.84114555 90.12971629 1295.69964166
v 233.84327600 85.27765562 1269.68111770
v 81.65504606 108.76547279 1175.34594338
v 63.75817816 113.20316156 1148.46343908
v 160.56640913 -72.30584758 884.04070189
v 57.10452548 16.70228393 1588.79699393
v 59.80478571 7.39764013 1577.05637220
v 14.46452571 113.01003945 1084.95242797
v -71.53254758 117.99931473 1060.65406348
v 11.07575198 -125.46812240 1736.07244189
v -28.25806020 132.95113886 1329.84006181
v 20.26239391 111.34862938 1104.58465762
v -225.46596099 104.95316543 1381.11234816
v 3.77938184 -141.36591286 1684.23883077
v -5.62172181 -123.77307998 1712.53797354
v 102.04091121 -95.90740842 1115.17752808
v -60.06648497 151.62731639 1432.22934106
v -61.87122135 142.58937965 1470.59115314
v 76.00736196 21.39164128 1565.11424280
v 320.34136929 1.46117278 1206.32926640
v -70.26827657 147.05898127 1445.60931724
v -69.67003751 143.19639293 1459.37821412
v 101.93484284 -99.92982827 1171.75551751
v 109.03307897 -93.82163286 1195.35414020
v 137.71130719 52.53911442 1556.38051165
v 43.93185793 -140.19965312 1161.94455692
v -197.43730736 -22.27195869 970.25328185
v -196.63645689 -3.08988618 980.62327379
v 75.05368964 110.93727487 1191.01008616
v 55.75154588 119.55663291 1220.86362721
v 37.68193935 -103.35879179 1696.08684082
v 50.78383272 -96.87546639 1683.57417196
v 226.63610173 97.52556076 1353.28115034
v 240.63700626 90.44684637 1337.30252478
v 243.43897534 89.18536695 1316.42148939
v 31.25332269 115.17756012 1198.83362989
v 38.35477782 113.09013381 1182.26794286
v 35.73919522 -137.72172354 1091.19033342
v -175.94064120 58.07822372 1082.48300845
v -18.15676463 -132.72754787 1055.79338833
v 83.61409508 -19.31356342 460.45362799
v 72.01281456 -13.08481317 479.34762069
v -36.04883263 116.68167171 1221.80442739
v 136.45035799 70.30934057 1184.31754780
v 148.84800849 50.67676113 1188.45881410
v 238.11845420 -4.48075348 1429.05718505
v 229.71647400 -9.83012859 1443.55100838
v -18.24108731 104.12901860 1132.20981200
v -213.35742105 84.32561739 1275.65440620
v -211.85563264 86.96224482 1260.40669072
v -226.25678293 88.58993905 1273.47908461
v -87.85060110 -101.95612779 1024.54984719
v -195.15797651 70.68580182 1267.79084152
v -195.35743361 77.00043988 1268.58176693
v -202.25850216 74.54327737 1276.82480067
v 103.71132216 -38.66913140 469.09153584
v 108.71214285 -37.08398491 462.46363248
v 133.40945570 -46.48414194 480.03121018
v 154.24588007 39.34910808 1198.55669797
v -159.15108923 -52.92442005 1077.60304717
v -159.94824420 -54.94969963 1047.23344417
v 170.66650675 26.36778444 980.05008879
v 164.27018507 56.65322221 973.12482147
v 165.46722346 48.01578724 994.17741790
v 220.74027592 -4.54338596 1211.32401120
v 159.23393445 -18.88962695 1260.47332785
v 159.13820505 0.30289300 1236.73795312
v -315.36233941 13.67273515 1255.26281818
v -317.86222545 28.60937113 1268.80635817
v -172.94537728 -38.25668266 1035.04173731
v -304.66397471 2.56325719 1260.65674922
v -290.86522174 -12.07395590 1258.71087935
v -293.36617548 -4.88601624 1275.28883923
v 15.68224657 -119.99477908 1676.66938877
v -347.95512018 39.47322419 1208.60657093
v 33.28032678 -106.94167899 1708.65022914
v 34.47895235 -109.54947190 1719.79709923
v -200.93463594 -16.22872180 949.54536113
v 121.56453285 106.18119459 1078.18003181
v 203.32380683 -27.59666709 1352.94202853
v 220.32232918 -27.03386680 1368.23625926
v 209.71914570 -32.88409814 1394.24024537
v -223.46753112 -1.80632644 1291.84495673
v -216.96476390 8.49235072 1274.36493192
v -214.46556158 14.73670998 1288.45932674
v -210.02593550 11.34439705 889.85883510
v -225.37061312 -17.54441420 1307.11914648
v -219.76877662 -3.92827155 1302.18355258
v -212.47059864 -8.90000010 1315.47221366
v -81.17299170 -129.46700240 1220.85547958
v -207.91621559 0.68521963 782.42727075
v 188.43251534 -6.94298267 1286.37353179
v -264.17253470 -11.70917571 1332.01815998
v -247.97242258 -21.09093029 1321.68041129
v 169.53954287 39.64556536 1262.06257165
v -168.20722984 74.90392333 765.74553011
v -260.87601243 -10.79406080 1367.60798304
v -266.87728534 5.81068876 1396.62465093
v -272.67410490 3.93054746 1363.05156719
v -165.50537137 72.33919030 744.68699015
v 155.38727010 -69.25054657 678.95671506
v 198.54287447 -188.28454459 7.31854527
v 177.74197000 -181.20516018 23.29648912
v -31.87155168 128.09492537 1459.64306589
v 183.54200346 -196.37148256 8.05699184
v 358.16985835 -83.10528137 839.04015651
v 282.13446376 32.58943252 1305.80219647
v 216.43207694 -32.91535547 1265.22216300
v 7.02341932 109.43856265 1491.47420412
v -3.87892474 104.56025858 1510.06024844
v 13.02078259 106.44131106 1514.83010524
v -133.49302958 79.42916447 628.55020770
v -132.79461012 83.16572089 647.98858099
v -35.57348529 127.01015721 1477.86417907
v -23.07604527 116.97844306 1493.54119103
v 163.02354194 -50.43856898 1333.13000774
v -216.06662853 106.59551290 1389.38611660
v -124.49941730 90.62173667 703.26875470
v -110.60152174 93.53319814 727.12335365
v 284.24590789 -54.27337793 1106.27434387
v 153.71396789 -81.82457627 1397.78138342
v 162.81620393 -76.72364916 1380.49150656
v -259.76712678 85.62629037 1373.74200717
v -269.76891465 71.59508104 1377.78421005
v -129.00700704 90.32600241 778.68469582
v -286.16984316 41.13467128 1357.10613032
v -280.47045006 49.48185913 1371.36450937
v -145.30835380 86.49417983 788.35078239
v 187.38107354 26.04854601 834.43549013
v 184.97877574 36.93160783 868.05212188
v 188.37583490 5.60137340 866.59390399
v -92.71207142 138.21674813 876.27488039
v -153.26597855 129.97805473 1405.89051296
v 183.53287972 103.69115039 1391.47601593
v 184.43374068 94.07779376 1373.43961319
v 103.97465464 134.93018599 1005.47039230
v -234.97234869 -23.95403276 1318.13066154
v -249.26985206 -22.25404014 1294.89638895
v -228.97176483 -22.53091933 1313.70598738
v -84.71031773 97.00710999 818.27946969
v -279.16489888 -19.25386703 1248.43462901
v -272.26511812 -20.64050653 1249.25940562
v -272.76736570 -20.85655396 1271.46641062
v -27.21406146 57.46931279 816.76847421
v -171.05900979 1.78044648 1210.37593223
v 57.24302368 133.26110609 1319.34155829
v 61.74476406 130.81865632 1299.58127558
v 36.34358329 131.84233742 1312.36298488
v -174.86147383 7.60561133 1240.67937628
v -63.21166097 118.81039213 853.10983928
v -9.31402704 142.11256764 899.61923266
v 58.40539583 -16.51739140 1547.46527599
v 50.80315084 -26.90759136 1559.64598271
v 49.30518253 -26.14474156 1540.12972920
v 33.11844529 -121.76957972 1313.84756051
v 9.71928643 -114.08052720 1313.01219479
v 30.02096478 -118.14158354 1292.28130775
v -152.12357565 119.18024290 972.31250132
v 122.81528268 89.48837217 1553.03973247
v 93.81680524 103.77353221 1551.88972854
v -88.61623941 156.44764960 935.76898423
v 22.88154646 -108.47731789 1694.97370981
v -121.32464492 134.01592272 997.56281756
v 118.13024801 -89.25605141 1228.08099433
v -54.71818176 162.07575464 960.67874379
v 30.30418623 7.56121146 585.70246069
v 32.50605633 0.21251457 559.82586079
v 31.80244063 -10.54833319 585.31564464
v 6.01018093 -89.79354319 1427.70907768
v 18.80956572 -86.32932420 1437.25187265
v 5.70925971 -86.68129360 1439.95707135
v 184.13543207 15.94681204 1279.77638291
v 193.33764445 18.71176638 1260.42659441
v 182.61682317 -48.44768557 1402.10782819
v -53.62952085 130.28619634 1042.54069344
v 174.73727862 76.26323487 1320.63875983
v 0.20783607 -71.77979698 1468.80321037
v 14.50953179 -77.26771511 1446.49616542
v -41.73173063 123.34716239 1057.76410947
v -74.73694120 113.47986112 1100.03777077
v 228.83389439 97.81090144 1375.57976662
v -116.17238194 -101.28562426 1242.46803632
v -139.56949739 -74.21676033 1240.29741556
v -134.06780055 -79.09352771 1218.57902539
v 76.14154063 136.47001059 1337.29062481
v 74.73945426 144.16180606 1365.66174457
v -100.97185058 -113.38618511 1225.27616983
v -108.66829771 -104.85184309 1198.22381858
v -110.54178025 101.81800087 1136.84136457
v 72.18317651 -47.62007364 1738.53292348
v -132.14962223 86.30662451 1199.81682304
v 177.96716135 -12.00358651 935.80759412
v 180.96971825 -3.70253665 918.46178128
v 103.01517393 82.64626619 549.90613654
v 85.11357759 76.92525859 560.20482191
v 104.51172807 79.07922939 580.77256772
v -103.44882096 105.69802029 1210.88604958
v -207.77289616 -15.31419488 1332.08605418
v -201.37049191 7.66444782 1330.68920074
v -195.07425673 -15.48371518 1345.49224004
v 271.03429929 -18.15090033 1257.57113831
v -207.96897776 11.26570779 1319.12456019
v -201.46692295 25.75915166 1312.87369081
v -91.05541506 128.93226726 1299.49882100
v -82.36604855 -132.72003060 1148.40077357
v 26.10509396 55.47189138 1621.22850303
v -186.56325464 85.24476575 1334.74998821
v -192.76389086 81.99946550 1337.90595664
v 12.48480159 -124.51253295 1646.74270760
v -16.97964239 -116.09719637 1300.34253634
v -30.08244157 -122.01460810 1322.44685474
v -23.27917470 -119.33269459 1292.49668112
v -140.53762352 94.27480212 1087.96151659
v -159.23914287 81.62176519 1090.67883714
v 74.23275695 147.06663768 1435.32188533
v 92.03209127 144.02758719 1438.97672728
v -51.88301537 -129.23731725 1321.06937349
v -48.58088399 -127.78023171 1301.24154380
v -146.24944461 74.67804649 1186.61450574
v 104.71061740 -81.74049521 1431.28010833
v -192.66378958 66.10960492 1321.27819940
v -198.76355465 70.95271077 1323.69422752
v -69.16536539 149.19341281 1418.66849712
v -82.06399651 148.44579843 1404.27800067
v 199.63642034 -17.39672309 1237.14801175
v -185.66298970 72.88715212 1319.96151606
v 138.52649439 -70.69251364 1283.77038469
v 122.32285811 -99.55864492 1291.66903241
v 123.82650777 -80.35907648 1274.13462027
v -29.76719299 135.26596546 1423.21384879
v 93.39743506 95.62892470 739.60908769
v 85.59862309 92.87764896 725.05371021
v 68.89721595 94.14366519 740.33246024
v -201.16453204 40.80470784 1303.81224506
v -204.76389624 43.74583188 1300.36052567
v -201.76332026 57.99038443 1308.61578257
v 7.58342302 161.38095116 943.99440114
v 125.85013049 81.44042709 1197.52603332
v -56.45849098 -133.84521348 1071.91134669
v 49.89135234 -79.77911052 1625.36980705
v 42.68800584 143.88728536 881.09090424
v 44.39601735 -48.85293889 1609.23217395
v 43.59854971 -37.59662358 1595.03536406
v 85.48865653 115.07698494 846.28801802
v 88.58806714 139.59867485 876.26885153
v -193.56380584 50.64744533 1306.24318721
v 150.40946072 -1.87649598 1521.31730811
v 124.60906014 -5.77164201 1521.48213335
v -152.83441993 82.72556111 1044.65350544
v -2.88769903 -100.94951340 1395.59627555
v -12.88659932 -103.48158447 1382.13705531
v 7.91457984 -111.32137541 1362.67173683
v 101.88446700 149.79297772 922.20077877
v -34.69056425 -87.72557232 1437.17072859
v -35.68922242 -92.74288708 1418.85463636
v -17.69047517 -93.23708922 1430.86674949
v -172.77015988 122.67589515 1440.41999856
v -34.57812286 -121.04228156 1280.32330514
v -51.27812819 -124.29548225 1277.17743370
v 4.29059500 -119.93231663 1593.45474839
v 7.08926690 -124.27804869 1602.43149883
v -8.61113309 -127.76733413 1602.99036127
v -85.66706308 147.66155674 1434.09566115
v 153.36240428 48.25212313 1042.47935883
v -135.86538287 -77.38093564 1196.14588637
v 107.16606626 109.47462351 1066.11987070
v 102.36768638 111.63269311 1052.07998872
v 15.03041539 -148.28665979 1168.38248691
v 65.50623157 17.31778374 1572.38472733
v 57.40540832 31.70721847 1594.73849280
v 51.70266997 20.99642004 1611.52561799
v 159.95304313 26.28936808 1114.27045069
v 152.34313641 -15.31459050 1172.19764594
v -5.58370590 -111.82429999 1345.07647187
v 13.51638506 -116.21717043 1339.85352109
v 117.20563708 -60.76887264 504.08017545
v 99.80807955 -50.30907322 489.99551755
v 254.74838101 -19.90788070 1115.37865649
v 172.31422624 -57.14795635 1419.45982476
v 180.51562572 59.50963189 1520.15880267
v 27.80906477 -79.42547451 1449.03516066
v 21.60808913 -73.55599377 1464.53538958
v 12.90865916 -74.57083765 1457.85107884
v 137.72894712 -65.73036058 1264.18158801
v 110.02651718 -92.36514870 1262.23905430
v 259.04832294 -25.08707105 1110.86794848
v 45.30633844 -53.71632277 1501.50024362
v 109.21558863 -120.36027444 1343.73516052
v 182.24743033 34.65297331 180.98855308
v 182.54593807 26.47001998 187.83107951
v 88.72449088 -107.57431857 1267.50069164
v -27.69083752 -80.25100638 1447.24369686
v -12.89093546 -85.62774365 1442.93746937
v -11.69202111 -80.65539975 1458.65397027
v 181.54660134 45.68511877 200.10060701
v 238.04449765 79.16172180 1251.48454961
v 95.92632545 132.42261692 1485.08463989
v -88.17371584 -120.58924678 1236.80368690
v 143.31680687 81.68981357 1530.17316321
v 131.11823715 93.95459940 1527.95958571
v 225.94410124 77.80807445 1254.10715239
v -91.48074992 -130.34305769 1297.38104817
v -99.47668593 -116.81116234 1270.14223734
v -79.47902732 -125.76279770 1284.70114782
v 104.11420830 -114.82687336 1362.94186225
v -177.82386916 91.15294911 947.69084995
v 101.01264830 -104.78540693 1388.37175170
v -9.40796135 -111.43425669 1587.40557234
v -24.40879730 -116.27153514 1590.98826100
v -6.50474394 -85.54561982 1580.75727859
v 108.01122941 -92.83657521 1414.26973006
v 166.21173908 34.14653860 1533.99796182
v 155.91169707 44.22760722 1544.32419977
v 153.41098016 34.07749648 1541.49901536
v 31.90919013 -86.87520082 1440.46308098
v 47.80951462 -69.73897779 1454.07041508
v 53.40927453 -77.63345267 1448.70665193
v 161.55591965 2.07811015 1061.78134919
v 152.95354182 -16.93692976 1066.81000236
v 23.38906159 -111.52564739 1617.01480964
v 4.78741347 -124.56307437 1620.63892125
v 171.22650872 -15.34951940 1338.02489651
v 175.22913424 -7.26409820 1319.78277621
v 174.82778486 -6.72205900 1333.77545687
v -95.16917289 -121.08043360 1191.00464416
v 45.70642162 -39.48678347 1514.65623635
v 35.70555755 -37.60451877 1525.12427330
v 20.82261834 -119.54998396 1274.40207872
v 61.90650337 -20.17137493 1532.82660630
v 48.00601698 -28.12242011 1529.86225841
v 10.12321904 -125.75895744 1262.30656290
v 252.92182737 26.16133283 1425.52834820
v 253.02315607 36.71305856 1422.64549954
v 21.52951424 123.42580117 1444.42677732
v 20.73194229 125.44170766 1422.18852200
v 251.92135660 15.86613809 1420.10543167
v 248.02246364 0.20718062 1393.67182268
v 184.18279016 38.66916300 829.71627301
v 184.58279841 26.05140795 817.23259362
v 179.08452514 50.47279787 824.01084599
v 234.63772865 -24.54839117 1217.07210429
v -188.17595152 101.51344479 1477.38988196
v -173.97793578 99.72355974 1495.42492177
v -173.57427551 113.52893979 1472.48285255
v -44.65918289 -134.94592118 1077.73240941
v 259.34103923 -19.23059443 1189.27844522
v 112.19704681 93.45679224 741.34875389
v 107.60040271 90.42655931 704.89524169
v 97.50107438 91.22541545 698.97955102
v -175.65396165 8.62769654 1166.75057740
v 208.94247412 36.38019742 1229.61805931
v 198.84096472 41.32628308 1249.53452848
v 211.34365312 45.83877651 1227.15439922
v 373.07140941 -57.53592811 848.70100276
v -283.37017808 12.09434543 1331.90471469
v 381.86162248 -45.64515515 958.01262919
v 194.14113182 52.69277448 1259.03897186
v 211.64387819 62.38354190 1241.17048295
v 86.20618812 78.52695967 635.48849050
v 85.10990076 76.65470914 596.61494124
v 68.80923388 72.70359314 599.38205914
v 70.32866606 58.50893814 391.59656135
v 263.13163496 55.77662104 1356.80706669
v 262.42595953 33.47312219 1391.49778535
v 376.55772979 -45.36857708 997.11316917
v -9.27975288 104.40087560 1518.16368305
v -8.87660492 112.49673429 1494.72025020
v 83.90266645 88.40382671 680.32420490
v 75.50115136 89.99318473 696.99839109
v -173.84242902 61.64752099 1103.82469588
v 97.63146905 101.76434122 406.15358898
v 83.93239740 91.12318151 386.43326556
v 224.54529636 67.62759247 1232.17974645
v 115.25582855 99.56958103 1158.50572394
v 134.05500825 86.68838397 1154.02960899
v 135.85757021 92.13983277 1133.83251820
v 211.34326855 74.90332151 1259.55674827
v -169.64843785 -41.28103988 1062.59846886
v -101.27117840 138.61777361 1466.25528758
v -86.17033500 142.02931811 1461.19703760
v 142.21261857 -35.33942152 459.43631930
v 124.41304508 -39.68572441 450.90843361
v 135.81500187 -30.66975627 440.25208809
v 256.63816129 79.96642364 1315.48203493
v 48.55319752 117.02918205 1201.90378088
v 257.73195038 67.42238989 1365.10643259
v 249.83250126 78.41662805 1370.41636960
v 149.21173429 -33.65880198 469.90951830
v 133.51153829 -38.91353115 466.69833984
v 43.19833445 -43.20105599 594.18262256
v 44.40190626 -35.07790446 566.53816880
v -204.85574436 85.04800796 1259.64036095
v 208.02547268 -27.48245686 1336.43805040
v 218.02486133 -27.57967889 1342.44161387
v 167.96306930 16.08458344 1004.23122200
v 162.16071734 0.72751180 1012.59740766
v 167.66168382 -4.73331531 997.59011827
v 67.11037557 -21.60985038 495.29691010
v 58.31197292 -3.77879493 496.88800162
v -305.86299343 -5.85007188 1242.59938928
v 228.84109424 -10.18196379 1197.62024593
v -117.23845722 102.66002026 1104.52131629
v 200.43778364 7.80001262 1248.31413581
v 159.51841356 63.65648381 498.93239745
v 173.71910304 57.63292472 486.13602475
v 165.82283213 77.12473009 468.09555831
v -207.86556818 28.37091473 1301.92626952
v 227.82195915 -24.32434544 1374.59110343
v 234.72663419 -22.39824280 1329.85179642
v 242.22644650 -16.77013711 1337.25633838
v -182.15954904 73.40227796 1286.14790122
v -183.75912304 68.85095094 1277.42512727
v 164.50033994 18.60053549 634.93218397
v 159.40202679 36.92423608 636.11506176
v 159.39974306 38.64761986 660.58892421
v 193.64138291 61.29701556 1264.99105439
v 202.93752032 96.97379398 1338.58615825
v 219.63945799 94.69899219 1317.02390987
v 201.63940306 91.25113616 1314.18132104
v 76.62342003 62.88808992 448.22993580
v 81.22486435 71.89291643 442.67387517
v 71.12537224 63.25830920 429.12013705
v 180.38940240 -26.28420811 699.91947108
v 170.08942587 -47.45006676 678.88124608
v 35.69814277 -45.15523531 1591.66476191
v 293.43765016 22.66874701 1264.26861997
v 188.07990861 -10.06976501 810.55643574
v 186.48127984 2.30606365 809.04208738
v 189.27827805 -0.93204553 835.80234616
v -257.87009018 81.77107065 1399.51269853
v 263.54410093 -32.99496352 1145.21024335
v 180.47077434 -26.16974777 885.84529036
v 177.06756380 -30.48979273 913.62379590
v -256.07053152 -21.93064881 1301.99118824
v 175.63356741 108.14976282 1388.99778266
v 180.43207671 112.58235285 1408.22449466
v 67.84906238 119.78769310 1245.86456131
v 99.64809375 112.52714424 1248.39359949
v -174.96334274 -1.83388601 1250.04396451
v -169.96369888 -20.08583509 1235.65786301
v -172.96626421 -15.87088325 1265.38913918
v 62.64822347 124.92087325 1259.27730660
v 154.75279559 -3.57944106 1087.38231826
v 53.32251482 122.71761493 1513.55248590
v 82.22321945 125.74514837 1509.50238548
v 41.61472587 -123.86490213 1348.88986124
v 67.41789137 110.60594653 1547.76838643
v 76.41998705 114.30709275 1530.50270399
v 186.31424604 -45.35051840 1430.85894329
v 209.71463701 -29.65113180 1442.39154761
v 184.81240411 -38.82078870 1455.64960889
v 367.27196096 -63.63502602 837.20415961
v 37.00825230 -70.22861329 1466.17962602
v 18.80722699 -64.65444753 1481.88380870
v 173.01234156 -46.74466914 1448.48437041
v 163.85600561 12.13546168 1070.80904462
v 155.15020190 -28.50498143 91.26440380
v 61.53879525 144.88922599 1372.94895679
v 45.03893067 137.43980058 1364.27482688
v 45.63684067 142.99540617 1390.58276770
v 325.96378503 -113.57707912 869.66838504
v 316.76522410 -101.92460144 866.76558626
v 317.26448230 -115.12296829 861.19298779
v 83.86777690 118.43551905 1057.86141662
v 55.53430393 146.69533054 1419.52410113
v 79.33728924 146.16913174 1389.23101603
v 174.08155453 65.64568098 868.55468848
v 173.07800220 63.21676168 901.60152242
v 181.08041251 48.95584126 863.54317803
v 43.47521207 -83.15283722 1783.05107135
v 184.35722855 23.67482293 72.46233981
v -207.76179523 62.20014005 1297.54075409
v -207.56352832 39.81528010 1292.82707872
v 290.83663868 13.18079650 1265.03251411
v 139.73798531 126.81130719 1363.26776231
v -15.08570797 -106.79182894 1369.99225385
v -17.78377733 -113.33670481 1344.30130171
v 149.73456629 127.51196070 1398.06183441
v 163.42731523 -33.90593024 1311.74101937
v 32.28746739 81.81716193 825.45468782
v 29.18852092 75.32448276 808.56410914
v 239.23354033 -30.02034552 1253.47260196
v 224.73282972 -36.50757191 1254.18343643
v 231.43376829 -35.14676749 1246.15937053
v -193.36544183 33.23100860 1305.44419840
v -185.96344890 46.10731404 1298.22123095
v 223.03548715 -32.90391813 1231.21753327
v 37.39379144 79.68957249 760.28223338
v 53.39282818 87.18256000 777.25680146
v 57.79525926 91.02880509 756.78767839
v -117.16179049 -103.65265238 1134.49272318
v -101.06427907 -118.07225193 1145.14520057
v 145.14707252 62.54193153 1209.45645217
v 121.66032881 103.05256211 1117.03994023
v 141.75835658 85.08266318 1119.05290124
v -178.26901775 -12.23313954 1296.43036379
v -183.66807006 6.11854343 1305.01383433
v 123.50923722 5.69447973 1530.98520875
v 179.41077866 -32.53213820 1478.04370002
v 205.01214526 -16.90241456 1479.77626080
v 189.11055142 -15.29848642 1497.24957554
v 130.61293425 70.46652964 1557.77007460
v 68.09156245 -19.48355325 1682.53770123
v -96.55921257 -123.64191516 1089.13356582
v 134.06171823 97.10985707 1097.34096063
v 40.91651866 -124.48463300 1330.39774291
v 32.27758471 -113.98950968 1729.07503247
v 188.31638624 -44.50531731 1410.34146124
v -295.66152076 66.63753456 1299.15561677
v 191.91902145 -36.52329953 1391.90105963
v 199.21961704 -33.98318970 1388.45734854
v 184.34564944 53.99138957 217.75991603
v 169.94906386 68.04487806 197.51250174
v -314.46149599 -6.31544369 1227.20428672
v 109.44136248 130.39328398 1333.09833925
v 118.74187482 124.50304167 1322.19946244
v 118.53645718 -77.72930488 1177.47418541
v 138.34212217 -49.82996335 1148.38944068
v 129.83798072 -62.63440418 1177.11427094
v 167.11274708 47.39980142 1536.96936037
v 123.41009142 32.91377133 1549.21733246
v 122.91017827 43.47996846 1558.73602801
v 39.09710505 -46.80488783 1600.39492239
v 55.99598493 -32.97633338 1625.16120876
v 157.55248639 5.93673314 1099.81992896
v 175.92616656 -13.66204826 1343.09694317
v 167.93069011 -8.14682722 1303.39486900
v 177.02972961 -10.72629799 1310.44141502
v 168.32935807 -14.83174349 1310.11148707
v 263.72577259 22.00870964 1382.09471506
v 238.23551375 -28.73860193 1235.04758971
v 253.12454900 3.60529818 1376.21096582
v 65.60638206 7.21870237 1560.95763122
v 59.60500850 -6.58037265 1561.09563137
v 198.73336142 -25.30466463 1259.88804132
v 67.10644231 -3.78038242 1549.54623548
v 54.60270907 -20.01360264 1570.82883909
v 52.09970527 -24.47175691 1596.40949257
v -346.84891296 55.68047201 1162.61960079
v -331.64827379 66.55516011 1166.93373196
v -346.34764189 55.45739592 1149.72157906
v 323.44358006 -37.58980475 1145.89568764
v 304.84160105 -30.62732990 1172.47745434
v 30.79082446 -100.64385634 1610.12637513
v 21.49073925 -110.29366236 1601.49100260
v -421.04081802 -30.48528377 997.17727321
v -425.84177626 -37.64224127 999.70091330
v -422.14323476 -37.48844404 1014.40081592
v 204.33597660 99.17765671 1356.15081905
v 216.03480721 101.31480673 1369.91708042
v -397.64340749 -110.41111097 944.45352783
v -406.04371498 -105.77783136 952.07373479
v -408.04253995 -110.35880067 935.85031287
v -254.95161837 59.19827993 1193.07238841
v -267.24995980 60.73988932 1178.04227735
v -259.15085246 69.13697850 1195.20046355
v 399.46447317 -79.21394350 896.58554969
v 382.96781252 -144.60921113 798.99995055
v -18.70966611 -122.93651753 1593.10436907
v 314.14144342 -24.69944642 1179.87699008
v 330.44289427 -5.92950530 1183.85467919
v 313.54078795 -10.13671393 1200.72827387
v -173.27570841 -40.36197589 1335.52301563
v -185.48084873 -61.02856464 1366.48374332
v -184.97525310 -27.62093737 1343.50277700
v 403.76993816 -88.10931770 833.33031047
v -168.88207357 -85.84436351 1354.31259754
v -176.38434187 -80.86712344 1381.82992030
v -179.08019516 -65.01016074 1356.05165214
v 372.25765284 -90.93599997 953.09397666
v 365.25647590 -93.37413484 962.43683596
v 394.86617618 -121.32912116 838.20449561
v -195.28211742 -47.78172967 1392.15759179
v -195.47955029 -39.27866551 1374.90798541
v -364.24282315 -61.88331049 986.32408487
v -369.54431307 -74.54285442 988.74279363
v -373.74342451 -73.68090127 980.72627944
v 287.44077606 46.84468380 1256.84894468
v 291.55545973 -47.70883351 1017.44829358
v 34.30025586 -42.88051733 1572.82248046
v -417.44212316 -85.40194225 956.22095481
v -421.74196609 -74.13547532 965.72716718
v -398.94075115 -66.61838678 960.99874489
v 42.50237641 -36.13133177 1558.30443263
v 313.65961874 10.57077326 1033.24524233
v 29.70230367 -44.25681267 1551.04256662
v 296.15764626 -13.60170027 1029.16082284
v -179.77330970 -20.73862224 1330.88241554
v -185.86906477 12.39794359 1321.10745902
v -400.54717280 -58.06414598 1033.46152412
v -408.54602888 -40.25535435 1039.55375212
v -423.04323658 -44.40663239 1007.61932150
v 247.24355577 81.76792339 1263.44218495
v 252.04113611 84.73560600 1290.49539332
v 112.12958410 136.12247255 1456.21795533
v 86.62838637 138.77704438 1470.77172333
v 235.44067328 90.71963709 1300.99186920
v 333.86336917 -126.32465877 861.28830250
v 333.26433887 -135.75345751 842.34842612
v 333.06316025 -133.30826423 856.50824805
v 21.70527062 -44.16613669 1521.53580061
v 22.60608534 -46.14057423 1511.46852048
v 23.51694096 102.02711758 1548.81253533
v 27.60646407 -49.46333980 1504.42540742
v 369.46201422 -140.53814632 860.83747834
v 5.30614120 -48.18352182 1508.90175253
v 3.60690290 -52.38676548 1497.17250141
v 334.16169044 -139.86733107 864.72298320
v 32.20680918 -61.02143758 1489.62347509
v 195.71218270 16.87098874 1512.59634499
v 45.60767081 -64.32803250 1477.78019271
v -406.44590911 -74.36085229 1004.83841679
v -422.84304181 -57.46407242 992.84288140
v -423.84281386 -68.39058807 979.82974529
v 322.56406376 -65.29719886 914.34002098
v 348.76773357 -63.19665110 879.80112424
v 332.35912109 -114.69250960 915.09508965
v 316.66115263 -102.43112726 906.88032919
v 210.91573885 39.13791448 1499.01084173
v 234.74826956 13.18051265 1149.00965064
v -385.24944070 -46.88287303 1067.07474366
v -396.44808461 -31.85807815 1068.31406326
v 154.21637208 75.25338947 1528.18521874
v -225.55315532 83.06964033 1231.86837433
v -216.95374585 77.77995847 1232.56077793
v -228.25246756 75.92889308 1217.98948957
v 257.03601745 -28.01491621 1230.73628604
v 172.72683970 110.55144788 1458.46635716
v 160.62917339 120.82631498 1445.28555385
v -10.48866567 -95.59019332 1410.50509825
v -34.58754347 -102.39804736 1392.61775043
v 333.27387582 -120.53732195 762.17337310
v 331.07324747 -119.10417494 769.84952607
v 17.21250769 -100.98780061 1393.49860449
v 4.61105479 -91.77812745 1417.04165665
v 31.01008026 -90.89757099 1427.63061669
v 50.01023899 -96.01453141 1421.01996737
v 46.80935073 -85.07348022 1440.63342483
v -337.15646944 -35.68348955 1148.19798278
v -355.75624217 -29.61685582 1151.89181677
v -354.55526212 -38.74241898 1133.14690429
v 49.40936382 -65.64291547 1459.60058289
v 316.46646425 -102.95612359 853.38139018
v -356.45689048 12.51728070 1199.77045116
v -337.55915280 -2.14578711 1207.92704071
v 162.93639538 113.45424637 1366.00138562
v 36.61109859 -94.84134325 1413.59725452
v 41.31155151 -100.92418685 1403.10131453
v -313.86208697 40.59047562 1279.20116588
v -307.35696550 67.56907717 1254.63170408
v -322.35730798 51.45336267 1242.20699195
v 189.52764603 -18.80672000 1323.28426770
v 182.92685622 -13.78376030 1336.09869121
v 34.11296570 -109.81985167 1380.25098609
v 306.35924983 2.19147530 1028.68871080
v 51.31326846 -117.20027483 1369.97874492
v 46.63095343 141.17946466 1447.52277205
v 212.31750848 -33.51278404 1409.95371936
v 331.96114818 -52.47552866 956.02550499
v 349.86280822 -38.21919428 953.48041212
v 209.21216441 0.28855690 1496.48195861
v 17.82193517 -115.56353620 1285.13446591
v -385.04248650 -101.92572520 943.60794005
v -372.03880385 -92.29704501 916.33867612
v -385.74115916 -92.18763218 939.93896187
v 345.46234024 -29.38664600 966.82926871
v 1.92205408 -115.27757438 1284.22781976
v 296.34727045 -52.78401999 1094.14797437
v -15.38217350 -114.94103165 1326.72664853
v 204.23791456 -2.19426160 1237.18563691
v -30.47823400 116.54927427 1514.95108165
v -47.17608885 126.04373199 1502.88348388
v 411.86936710 -87.70469836 839.42502407
v 412.26832334 -87.11461964 850.41650446
v -39.28585009 -115.20922616 1363.13437185
v -56.18597292 -123.83422834 1355.88073925
v 250.84374445 -16.55034057 1164.92762962
v 244.74462798 -12.83848090 1159.76208259
v -53.27928118 -124.19471897 1288.77722824
v 397.16875583 -70.40121565 862.52787053
v 389.17046213 -75.58352355 840.41337341
v -71.68141355 -132.16173793 1302.21516459
v 183.83696746 84.65993495 1331.99618431
v -83.27592613 -122.03330918 1257.43221907
v -245.17186774 85.64273642 1421.05023207
v -260.07428800 64.80438184 1424.70958292
v 220.42804013 92.12384074 1428.38515418
v 393.06453625 -106.08481170 869.54544522
v 138.92919635 128.45527000 1452.55260563
v 315.36793887 -111.04905125 830.71781227
v -373.53385919 -129.18190933 830.76343675
v -384.73351977 -126.69673945 829.81922623
v -374.33321362 -120.44336641 832.91259941
v -153.36603531 -55.28797725 1224.36641709
v -146.97061996 -67.81265828 1257.78858080
v 360.26054100 -20.83115909 993.18675148
v -156.86919251 -51.37609851 1259.70372166
v 272.74791446 65.73896318 1204.21296815
v -166.86590508 -30.78914674 1247.14493371
v -171.16849147 -27.38432058 1276.29000035
v 198.62635722 -34.86054963 1320.36228056
v 203.52645908 -27.04461882 1327.02863094
v 345.56136132 -13.74978968 991.96269106
v -230.66246009 1.06914935 1244.08739569
v -214.66279194 14.75948126 1260.85478759
v -226.56390788 1.72974799 1259.17863418
v -254.85368424 38.19449337 1193.03552496
v -232.75523177 38.26032366 1208.53888152
v -237.75668227 25.59383461 1210.55768015
v 374.07295826 -56.68860903 834.08426748
v -22.42721772 -104.08615168 1786.70703826
v -30.62656726 -109.99887411 1774.40661630
v -9.12691457 -111.26276268 1776.63091843
v -408.73660247 -102.14182586 884.70053670
v -406.43589128 -89.54883189 889.98383405
v -386.03598062 -95.63984744 884.89038977
v -86.11807564 -54.60832568 1744.13898273
v -74.22098030 -81.97774052 1746.21365221
v -84.62009455 -53.64376733 1765.22560597
v -182.96392126 34.89629969 1291.91440995
v -14.52736926 -82.89758097 1809.04482835
v 0.47275788 -106.72951282 1784.35464386
v -208.55532934 73.98719549 1244.62898199
v -207.45675309 59.68749563 1244.77633836
v -216.85517006 57.37579165 1226.71267917
v -42.32192700 -0.41955119 1835.82013719
v -18.91944414 28.34300898 1839.32569400
v -38.61897632 25.10883111 1831.47849542
v -186.66577857 26.47256760 1302.16121385
v -267.55815700 91.78575745 1290.32228041
v -246.45739146 95.82082553 1286.65404935
v -268.45686810 90.44050814 1276.14333042
v -185.96279939 57.18519883 1302.63036558
v 190.73904834 32.91335788 1260.38080160
v -373.53973972 -127.03090852 891.53533125
v -366.33754474 -111.23945682 885.16207144
v -371.94031684 -118.58678942 905.59160028
v 363.57376931 -95.89959987 787.45417818
v 366.57441725 -103.23742109 773.77929274
v -207.66131929 75.54684176 1305.91126531
v 169.63283460 117.74114640 1405.73386843
v -206.26124059 87.13172000 1316.51269803
v -216.35937375 89.45051747 1300.16917072
v -209.45933550 77.13207711 1287.68095630
v 192.23413261 98.58672593 1373.96250546
v -206.76039246 64.09053192 1285.40635625
v -307.75198500 75.24172717 1212.49271499
v -312.05393327 71.31075661 1228.06258049
v -294.75297086 81.00933103 1227.99659764
v 383.06286680 -137.53503868 855.28606828
v 376.56696131 -152.59874031 799.63754534
v -217.77365626 -21.89493415 1333.19900888
v 364.76716800 -152.83731220 797.34016393
v 60.44066556 137.64256821 1347.17028223
v -239.96831062 -14.08067718 1287.55489967
v 28.64008424 131.74485454 1347.16911364
v -208.46282317 19.64805520 1265.97164523
v -209.76368927 26.21003294 1281.06032295
v -205.96143353 37.10744815 1269.27053105
v -205.26105958 48.43710077 1276.67582967
v -199.35961166 59.57779200 1273.18327881
v -39.80287452 -58.50113262 1588.68761348
v -45.40148023 -49.99522633 1583.13917474
v -30.00201269 -61.70565887 1576.94222636
v 150.51472266 73.20305801 1542.62245991
v 138.61583832 85.92999454 1544.00145884
v -201.25689150 82.80706987 1268.88084008
v 94.51819466 109.43082732 1543.59074879
v -218.46047410 97.37634867 1318.93473964
v -13.99704141 57.27500692 1644.29682576
v -0.79449767 57.84479206 1619.48456703
v -14.09528975 55.64499306 1625.22214616
v 291.15750435 24.88296965 1068.40083765
v -232.25894584 97.61830016 1303.92695376
v -222.86231943 101.87208524 1341.75999124
v -330.24574053 -32.47950478 1044.32774495
v -337.64335069 -23.94461116 1028.87714772
v -324.04472536 -14.95477857 1051.42643372
v 189.52195300 -28.18570147 1370.85352957
v -298.34838314 77.86460223 1179.14331022
v -315.94766293 72.34755955 1166.53507518
v -316.14879159 75.19096415 1180.58799650
v 171.73862970 47.53812395 1278.92885565
v 185.41907565 -39.48273676 1388.45106892
v 200.13631041 -0.79319514 1254.56360733
v -288.25955046 77.78816075 1290.46226464
v -297.95572574 78.03373263 1252.55139707
v -30.89633100 45.96020050 1626.08805956
v -39.89530405 41.20242638 1611.16719934
v -48.19865031 26.52878870 1630.12290556
v -42.29338979 48.29410491 1599.04254346
v -22.59386300 54.17457420 1609.54438736
v -328.65438120 56.94335459 1218.40789832
v 139.24142079 112.57484761 1315.00663259
v -323.05965935 -10.19788679 1205.06725390
v -308.56058553 -9.93508589 1214.56555870
v -282.96204247 -14.56573076 1224.54963207
v 43.24942336 123.28786498 1245.70159895
v -291.16273023 -13.32504710 1232.62858153
v -61.49775558 7.65221795 1602.64384307
v -52.99701959 23.29256154 1610.67547679
v -64.09579934 16.26270978 1591.59306938
v -385.74490245 19.87896288 1087.42349753
v -400.84467482 2.84927105 1068.41359298
v -393.04624787 11.06054139 1092.17594927
v -260.96747558 -21.65241040 1271.78137986
v -260.26839057 -20.67798105 1281.86610928
v 267.53538410 -23.63158732 1241.36312602
v 256.73275945 -25.40834513 1265.79643182
v 354.75451777 -4.00341738 1069.80672810
v 354.95165653 -23.23975060 1079.44076259
v -228.77362034 -24.03675866 1330.73458646
v -242.87543562 -25.14124876 1347.75483639
v 370.15618804 -42.04509241 1015.75786582
v -223.97543007 -27.58597456 1345.29859815
v -238.67711553 -27.69574168 1362.00154388
v -247.27879194 -22.41527085 1383.91267783
v 162.74110824 38.55763030 1245.37821718
v -250.87952145 -16.69098249 1396.81528492
v 183.32235791 -27.74740535 1367.24480165
v -275.67287475 2.79930630 1349.66882933
v 282.24843958 -60.92378507 1074.48437367
v 195.72953207 -34.19639920 1289.34587671
v 199.62772750 -34.69410813 1306.85748309
v 196.73185389 -25.03994737 1275.18555394
v -294.96675727 6.61156536 1292.39245743
v 295.44792186 -58.08717806 1082.43782123
v -285.15803709 -6.51831539 1192.50549511
v -293.25994367 -9.13354582 1208.95236957
v -310.96354259 30.77292746 1284.07191413
v 275.65287254 -21.51202551 1069.00151823
v 68.82796337 139.15828237 1475.36406463
v 59.13134464 145.28107796 1447.65311085
v 148.93166822 127.30833563 1426.76956667
v -305.16467429 37.68602749 1302.15566857
v -296.66710138 36.27964596 1324.98423282
v -293.16582238 52.43567691 1328.10572434
v 177.73063576 -11.08885274 1301.04634798
v 185.43102489 -19.90789506 1288.49770264
v 187.73442540 3.50681737 1277.59148480
v -275.27082998 57.99275966 1383.51969441
v 329.85306787 -74.76389614 1014.71941160
v 329.45406913 -77.17791028 1002.35926048
v 221.73765620 -26.67101067 1215.70732697
v -245.16890648 94.07662526 1399.80124362
v 149.94495413 68.81430756 1236.75256235
v -226.67074997 99.79067275 1423.80786494
v -233.17379996 85.47184678 1440.15722467
v -375.65296283 -37.21060642 1111.71513872
v -384.75154261 -25.04611110 1109.50360089
v -384.15044815 -30.63064491 1093.09775841
v -201.57187791 109.04129178 1444.15344600
v -146.28982514 28.24594426 1543.77064562
v -166.98893281 31.24551602 1537.81585672
v -166.89018360 8.47080848 1527.90813523
v 111.75864881 106.19716822 1136.88756441
v -197.77433376 102.24799215 1461.97393248
v -140.27471363 122.75944249 1485.92855812
v 262.45055961 -25.47986413 1088.17168228
v 157.84323855 51.00408747 1236.36120124
v 156.54435313 39.82028731 1214.25112411
v -111.87978635 113.16702866 1527.10335261
v -234.46071642 6.35950598 1231.89373441
v -243.86060302 -2.40944250 1222.14295626
v -113.17693604 120.09435424 1505.48022696
v 212.21348232 -18.86739010 1464.50866061
v -101.37850661 118.13037833 1519.21739776
v -99.47574536 124.86952073 1498.29794607
v -90.57322432 135.31289762 1483.41604436
v 163.00964644 -20.22428286 1501.43279061
v 189.21083098 -1.51035113 1508.01281247
v -106.49020987 51.60885794 1570.57465445
v -77.79003738 60.52919481 1577.62431324
v -111.38806541 66.59643479 1563.91405755
v 404.06979116 -81.77542054 841.02198355
v 141.51064589 40.34373072 1550.99092522
v 135.31031925 21.98598460 1536.20548959
v -50.67187969 138.02354144 1472.67150592
v 243.24973091 61.45518144 1181.88078552
v 317.15670397 -69.49946765 983.62249637
v -240.58452044 17.25195484 1480.04190301
v -245.88358776 15.05395364 1468.57766836
v -233.88489928 -14.42640225 1452.68615831
v 331.75077833 -64.79841238 1047.35218391
v 192.72701241 -32.12608463 1316.51384817
v -261.95153901 47.78971911 1181.06714576
v 41.43389097 141.37676536 1418.41449807
v 27.63582608 131.57640814 1389.47825085
v 120.26613677 98.77780867 1054.90442131
v 18.03699493 129.13390937 1375.41743151
v -158.39047206 -39.70613146 1483.43525179
v -175.58911678 -42.68930001 1466.98267372
v -149.09035672 -53.05577885 1469.16483592
v 5.02861902 118.49732992 1448.51096976
v 78.56657519 118.85039376 1070.25557410
v 238.54640375 -0.22794165 1154.44265439
v 106.26956603 115.77923320 1037.40649082
v 356.97319709 -119.60665221 769.86076703
v -4.86716356 123.65947800 1411.51521710
v -159.88403710 -98.72747157 1361.23725396
v -390.44031162 -86.43471603 937.13861868
v -388.04276884 -94.04158927 954.17291551
v 255.34451720 -25.84335007 1148.08622175
v -226.27806307 70.75407030 1468.21655233
v -209.57995506 71.08437172 1487.41535672
v -342.64267208 39.32339253 1084.29110349
v -344.94158928 26.82259632 1061.20355113
v -356.14285378 36.71128023 1083.53482079
v -226.38446060 35.24873696 1497.13471243
v -228.68202332 48.55676784 1485.90272597
v -241.98261633 35.84239710 1479.32024906
v 25.05076639 118.88252865 1227.97331937
v -130.08374929 -126.55709663 1331.01681690
v -123.48377491 -130.01256324 1327.87673909
v -126.38607597 -121.06201707 1359.62645361
v -126.88332903 93.03434713 1542.65227030
v -106.98247692 101.63282978 1542.60556589
v 27.55808073 107.83144947 1144.15209877
v 273.95560592 27.04919120 1089.46483952
v 53.15630252 111.39670234 1165.39615706
v 69.25567055 110.79376733 1171.10902136
v -69.89290235 -60.04437575 1487.69623451
v -60.39293235 -42.74356811 1505.00064509
v -70.29279803 -33.30394259 1512.93765520
v 30.45162083 117.10416004 1217.70306249
v 169.41397586 57.15488774 1534.30053348
v 165.61459746 63.35433546 1534.19296139
v -341.64835755 -53.08019853 1050.18366006
v -343.44578118 -50.78498504 1026.74029718
v 305.25168016 48.79590722 1150.00099466
v 98.75336711 101.02056880 1184.48289471
v 118.85204222 87.00684973 1183.92707382
v 352.64957304 -25.51929067 1097.98271795
v -24.99444798 -47.05966343 1515.88037973
v -22.29853083 -54.27958540 1549.51049656
v -41.59743199 -45.72046251 1546.96023596
v 340.54869782 -47.74821028 1084.86387836
v 176.22411977 -23.37560683 1353.96653395
v 331.34383004 -29.59667500 1151.25907530
v 330.14316753 -19.20415507 1168.08179621
v 366.17225836 -120.96902330 777.88642693
v 183.82499400 -19.25651240 1349.29537008
v 144.96235596 83.77013480 1077.86975350
v -374.03564361 -135.27863826 842.57055786
v -382.83482466 -134.81098540 834.86045322
v -423.64265460 -73.30226819 973.41372357
v -420.74147269 -62.11460133 972.62046839
v -393.54781843 -14.30334507 1082.91302907
v -407.84510554 -12.94652987 1057.18431683
v 50.07617184 -75.08063159 1781.41191719
v 32.77419591 -83.78741878 1792.56240982
v 206.43127926 -32.57090215 1273.51646211
v 23.27345615 -101.66537058 1782.36904024
v 13.07291884 -87.22415280 1801.92128481
v -364.44157070 -49.79201492 985.71492901
v -371.94009899 -36.31404043 984.28095645
v -354.34210625 -40.03336764 1000.64944010
v -391.74897965 -7.38466424 1101.29633766
v 182.62890737 -24.82676172 1304.78490278
v -19.22571420 -118.39096913 1757.65032522
v -35.42436494 -124.93422422 1737.75888165
v -15.62453711 -127.55134657 1736.90595227
v -385.74252516 -72.31133873 973.10027905
v -389.74137716 -69.56179150 964.35104063
v -382.64139739 -58.16361388 975.75638299
v 330.66166985 -134.57267448 870.13190800
v 34.51851526 106.32826762 1537.33754203
v 177.82200313 -33.58576097 1365.04486962
v 59.71540509 97.40925938 1559.59755180
v 194.32640051 -20.92877349 1333.62297383
v -230.65959697 21.42431623 1235.53419905
v 198.51344522 -29.23740463 1454.68512855
v -428.24182161 -46.99450090 990.96106078
v -421.94007638 -34.88857636 985.45156007
v -306.15908872 -10.70668340 1198.87679041
v -376.75324238 1.50131156 1152.55184759
v -368.75426503 8.80203280 1169.92901165
v -377.65199301 11.76182513 1150.17401061
v -388.83782528 -125.73738257 873.70879573
v -392.13614205 -127.04983706 855.62845918
v -381.73848323 -130.09938891 875.98524980
v 61.42410937 127.32073477 1502.17200026
v -65.67349857 136.47770645 1487.29893991
v 300.94606189 -50.53754088 1108.41172033
v -370.74026942 -108.01384423 915.51040647
v -388.04252663 -114.02593107 932.11512590
v -406.93781519 -114.03676676 885.10642508
v -405.73923568 -126.40391156 887.12065859
v -412.33990913 -122.52055192 897.65444366
v -250.08143133 -9.53909353 1422.89561345
v -393.83474865 -119.05288478 849.58913059
v -392.83506042 -128.56222727 843.35270303
v -180.58881575 24.61297418 1530.12803695
v -196.78695578 28.66323863 1515.55423795
v -196.38842272 12.13281654 1513.93982875
v -369.53761781 -96.16818901 900.70351343
v -367.13900651 -107.21835746 903.69524222
v -60.90542065 -54.69471089 1617.82408034
v -62.90517791 -39.37374397 1630.46088942
v -58.80370007 -45.53461908 1609.66469992
v -67.90546916 -19.27855111 1653.11635920
v -64.30425042 -27.12356284 1633.24937618
v -66.90592958 -29.27052996 1647.88842661
v -47.30460909 -64.30067443 1600.28887606
v -387.33756562 -77.04767157 918.97391766
v -381.03645082 -82.22936903 902.76170116
v -401.83643458 -78.56734647 906.19685277
v -66.60361825 43.68137995 1696.53446908
v -53.90177976 58.51739034 1692.77866092
v -50.50094095 47.48324995 1673.56689262
v -417.33849840 -98.45074255 907.23924320
v -412.33699119 -87.21862204 903.24494796
v -414.03690100 -98.01915031 891.72978857
v -323.54689767 64.37975244 1151.06976945
v -400.43752607 -77.05329635 918.57266415
v 265.42829387 32.55450990 1367.31034770
v 371.57041017 -48.10173579 867.94062377
v -331.24781446 -40.76375337 1056.87274686
v -317.94937806 -32.75818175 1080.33915716
v 332.95629461 20.81778995 1076.47644575
v 342.35613383 13.21425135 1070.60795162
v 223.31442881 -1.12761659 1472.50424831
v -350.84098010 13.99828579 1042.52189576
v -355.84079764 -6.38204578 1020.67049056
v -370.83992960 -0.22471675 1018.06216933
v -45.89974817 41.77931916 1656.06334445
v -65.00354614 4.70057757 1657.50272796
v -64.40306167 28.93235083 1676.48668390
v 53.89736176 58.55546799 1701.38991149
v 63.69482215 54.72684152 1722.96029371
v 64.09544543 44.44302992 1706.63568897
v 81.99366994 8.73535715 1689.25220069
v 75.89302862 14.13919001 1700.95992318
v 79.69149044 13.79823879 1715.96843544
v 68.99357692 23.60762048 1704.79611799
v 77.69086168 20.82736186 1729.14868253
v -405.94478705 -5.27005299 1061.55243912
v -404.64338428 -3.37969068 1049.41807135
v 322.05955680 -61.04704382 963.47383474
v -358.84513267 41.28292046 1110.75958515
v -366.14633137 37.62770562 1119.12331051
v 365.95456120 -54.07025661 1020.16601258
v 44.09834536 68.96525247 1701.80903487
v 48.59626672 75.43417039 1728.90168709
v 299.55050470 53.07249341 1165.92887616
v -289.85063865 -2.83053669 1122.33078614
v -303.54960913 -17.76269982 1097.38386825
v -301.14757227 -2.24825474 1092.31511959
v 281.35698142 18.66757308 1067.50719578
v -344.25727436 -22.11132268 1169.56582909
v -354.85682645 -13.74409211 1173.32068569
v -366.15386782 -41.93648276 1116.09843508
v -371.55168240 -43.54033162 1092.72213797
v 277.95116376 63.84563579 1169.94109181
v 289.35253543 53.22591679 1145.82221347
v 160.74177147 28.57228145 1228.94820012
v 159.84011080 8.20970652 1225.49964238
v -284.25470187 -4.25477853 1161.46180998
v -282.35644592 -3.94895219 1179.15935486
v -291.65560755 -9.48755938 1165.35213127
v -159.48717075 53.31928876 1541.93558037
v -199.38462437 49.31544966 1512.59648585
v -248.66198736 -10.91605293 1227.59036733
v -270.75166456 78.43760315 1212.44109984
v -279.54945802 77.64434307 1189.65054108
v -287.35138472 80.62853663 1211.80148979
v -193.68625490 -52.34660739 1428.94216891
v -161.98847009 -74.03957184 1429.72045605
v -171.58825786 -59.32295307 1442.06692139
v -272.25031441 37.50321346 1158.74063626
v -283.64746016 40.86981732 1133.57754728
v -276.84858345 52.76680203 1156.47595399
v -293.44588033 48.32614909 1125.14640983
v -298.64531125 35.10182937 1106.47174019
v -305.64453025 42.29106958 1105.74664809
v -87.81306001 -31.98532682 1716.34353435
v -92.41641077 -31.80390668 1749.94496659
v -89.31232014 -14.10629115 1726.53580116
v -76.08346952 -135.66682507 1319.27788030
v -72.48524699 -131.79426265 1340.81450155
v -99.18524254 -135.14992084 1337.46938637
v -91.81353941 -6.56652963 1746.10812597
v -302.64924915 78.62745192 1188.53110080
v -65.91920852 4.19302655 1813.23468985
v -57.72298395 -31.06101180 1816.24545107
v -57.82170371 -14.19262853 1820.05437484
v -352.14172870 -26.56787000 1010.11826854
v -367.93997861 -11.71349142 1007.25946870
v -24.20384620 -73.49207382 1583.64757408
v -14.10272927 -71.55244078 1574.41365507
v -352.34578808 -60.75380343 1017.01031583
v -353.04701332 -62.57363094 1027.44326895
v -368.84568268 -74.30260766 1002.64078619
v 365.07254331 -109.82706119 785.99489825
v -77.21296445 -57.03220577 1690.77378995
v -73.91278786 -69.17106798 1677.08193622
v -81.31510463 -57.87719994 1711.29106148
v 15.47440747 -116.17742815 1758.61561891
v -110.59210830 7.17497157 1545.83876612
v -124.79089621 24.46370216 1550.73919637
v -126.69096699 0.05772966 1527.45748171
v -160.37179077 -54.98961326 1282.06919318
v -155.67398987 -67.32223454 1291.88434061
v 67.68116179 -26.71380454 1779.17710850
v 79.28376019 -11.29881271 1768.41013413
v 76.18246388 -8.52744517 1784.06425446
v -277.55386051 3.73644998 1160.92423032
v -256.85661196 14.59505070 1199.04423416
v -266.75611668 4.33472956 1184.01840252
v 44.98570752 56.02276567 1815.14982463
v 39.38809677 70.05176376 1805.10522575
v 31.78595547 62.69569320 1819.23376685
v -78.57606712 127.06050758 1503.66292752
v -54.57555344 127.88366599 1499.35041627
v -332.25496760 -39.30505269 1129.65830748
v -348.45359050 -46.87063388 1108.48434712
v -330.35253987 -43.29226379 1101.52322411
v 82.98681210 4.13914253 1753.14131150
v 80.18952172 9.46339728 1731.34572759
v 82.28865249 14.19418903 1744.66613522
v 69.98353554 7.36070641 1788.98969117
v 67.38226003 4.93942690 1799.33284210
v 10.91879293 107.19760956 1535.41990009
v 2.51673878 98.91063233 1547.76419003
v -91.00832507 5.33822327 1705.79635984
v -84.60636427 -0.80588014 1680.19938949
v -91.90663213 -1.87733419 1681.81743629
v 350.85546676 3.46126807 1067.67696936
v -280.47201249 40.59904000 1378.21910796
v -272.67542181 41.19646744 1412.81471829
v -84.20973382 23.28819734 1737.49143182
v -76.70839075 42.38316517 1742.86284279
v -74.80624688 39.56494526 1718.70814376
v -86.61888716 -27.40195406 1778.97377182
v -74.62003885 -14.78829744 1802.86044815
v -86.71817715 -15.52072121 1783.56903542
v -50.90384085 75.36127827 1729.89329149
v -65.50564942 60.72369631 1733.54546633
v -53.80622738 74.55938812 1752.91030964
v 66.17963145 -45.77651466 1775.70601505
v 60.78017595 -21.04595382 1794.58073998
v 48.77765620 -36.57645130 1804.44953766
v -95.08989650 -95.36574616 1422.99474861
v -123.88951869 -93.59775526 1420.96104030
v -103.48922908 -102.90932976 1408.92223787
v -242.95217583 79.33847777 1218.42915890
v -233.65223458 67.95251533 1207.82534110
v -84.50994022 6.12969051 1722.68584101
v -44.72137770 -112.84117484 1719.84621266
v -56.72148792 -108.14040438 1725.56461382
v -54.21859909 -101.72893850 1703.05064809
v -104.89027128 -83.90366328 1437.99785863
v -90.79014144 -82.80867479 1437.78028429
v -58.11629716 -104.37082127 1677.49211908
v -69.51693924 -87.77447465 1700.20745837
v -68.21567677 -93.08332674 1682.39670866
v 47.77930773 -15.80510450 1808.39091463
v 31.97791290 -18.91633429 1819.24476974
v 10.18852190 76.49171990 1807.19132067
v 2.48502337 59.19939393 1825.09220257
v 15.78583963 64.04029767 1821.70931360
v 327.26075163 -65.53046641 947.14942069
v -59.89204458 -71.48948000 1467.89213311
v -47.59188407 -75.58864082 1462.26337375
v -30.49318665 -70.57982801 1480.18113981
v -1.78154608 104.81650856 1536.45997077
v -21.38232481 104.64988030 1544.06205654
v 324.46127927 -120.76806785 887.59524080
v 23.59488854 93.78894691 1760.68664057
v 21.19573474 92.92850123 1751.39989225
v 1.19559820 93.66667395 1753.48547111
v -208.56104402 34.29227226 1262.61795185
v -206.35875773 51.59436576 1256.81816776
v 53.69764614 40.19165342 1680.50426024
v 65.89395355 13.16394811 1690.77427637
v 63.89481310 8.53658934 1677.65211998
v -98.48364597 -135.22664213 1321.46839028
v -232.26380958 -4.28983082 1252.28111349
v -253.36532042 -17.75807170 1254.11215908
v 71.18688778 -32.80606065 1716.07335029
v 78.88505562 -26.27896635 1740.76495315
v -22.71923872 -112.60822808 1698.74119865
v -22.21769686 -121.73055506 1674.39532413
v -62.01035244 -91.88154553 1630.46878099
v -71.01012378 -79.10100858 1640.74846926
v -62.20859379 -83.54185421 1621.12318047
v -193.98419745 -53.82676925 1406.96444494
v -202.18490755 -48.30891331 1419.47010844
v -201.18300089 -45.69298329 1403.02252219
v -26.89850054 68.62243134 1670.00321235
v -7.99826477 68.27393388 1667.31069734
v -19.19811680 62.44968044 1660.10921233
v 55.98004206 -6.98129445 1809.73937024
v 64.18276630 12.88869922 1802.09550559
v 50.77994541 -0.04521614 1817.52010366
v -67.90189070 -18.88899881 1617.80434657
v -67.80115800 -11.08153007 1618.16942850
v -67.09843592 -10.03306358 1592.04746648
v -70.20548077 3.00567355 1675.13415378
v -28.31651883 44.61844212 1826.14141307
v -14.51249200 71.27966147 1812.17974319
v -41.01374592 58.17385730 1811.80366069
v -264.07768884 41.18640902 1435.41911801
v -252.87821490 50.73979114 1450.05724198
v -39.00980294 -110.70118187 1606.49283448
v -49.20881299 -96.52794208 1610.54739582
v -417.24002595 -104.18562596 916.83983773
v 312.96565328 -110.44428436 854.11061631
v -26.42494421 -30.21147702 1836.63689533
v -26.32260182 -3.04983966 1839.96780840
v -414.04090751 -112.57777017 917.38532544
v -20.22686623 -59.38064233 1827.14038944
v -32.62621482 -53.08381996 1826.83025620
v -55.69376081 -37.20623656 1518.70742247
v 20.87926589 11.77758467 1835.91550376
v 32.48049021 24.78832971 1836.49179151
v 9.37853915 7.42951328 1838.88998854
v -128.69168781 -53.23124452 1482.27183856
v -144.08993039 -63.20375196 1454.93864956
v -90.39116299 47.60297334 1576.14633087
v -55.09243201 49.24651716 1590.42352789
v -43.12284717 -119.19686306 1728.25751026
v -89.28221507 105.04440867 1543.34843854
v -77.38073347 112.82103301 1536.21409557
v -93.58059330 114.01899210 1535.99175472
v -36.47975083 117.12125639 1530.64294681
v -54.67831299 122.16148566 1521.25261005
v 75.08566088 22.75761149 1782.92309155
v 64.68529475 33.50602699 1797.13836321
v -55.89431764 35.74025995 1595.95778443
v -10.48516272 93.44616541 1561.35941562
v 0.41470873 93.26413908 1562.46380172
v 35.39542279 89.21728176 1750.86537440
v 55.79337294 71.97318198 1754.36603906
v -234.78094243 -29.26302332 1398.63449985
v -229.47833359 -31.04398270 1370.86166199
v -56.01054264 63.92143936 1785.49888187
v -72.81106298 47.53188041 1774.57895175
v -65.11381660 45.36891954 1799.92089324
v -279.37292238 32.92428698 1379.75213344
v -284.77114146 31.08618079 1360.18045502
v -148.68652999 65.10983589 1547.13357592
v -144.48504093 77.26091849 1544.22347606
v -167.88470368 66.72444796 1530.50128338
v -52.10284788 -48.63539705 1598.11724324
v -145.49089686 -28.54278267 1498.64579429
v -99.39222115 -42.05049387 1498.58386077
v -117.49129448 -18.70838965 1512.28056530
v -90.11141890 -5.71784121 1725.79058395
v -92.11024760 -0.83595602 1718.90495538
v -256.98035857 1.15998703 1422.70993057
v -264.97854337 31.26377298 1434.19039707
v -87.59133103 -75.17294764 1457.15148153
v -76.79147005 -81.55951465 1452.26223161
v -273.47606129 30.21864653 1408.40377457
v -163.88670965 -87.98198215 1398.45664500
v -183.48561408 -63.85540971 1411.23950256
v -45.62385408 -120.13912331 1737.37491725
v -54.92343133 -103.32284798 1749.68510599
v -62.12140514 -100.01485907 1732.72467020
v -148.28790251 -93.87888904 1404.56104546
v -161.38761709 -82.53231665 1412.86482609
v -47.29331274 -46.13743514 1505.46068082
v -32.79356764 -51.07962483 1503.14720877
v -34.59460417 -46.21734372 1518.26522748
v -11.39288803 -62.90158812 1484.75095653
v 35.18259604 40.29064300 1830.72317756
v 23.58157663 37.72358520 1838.36755868
v -68.88904811 -100.60443833 1409.38586739
v -57.18734332 -112.40182254 1380.78670952
v -134.48225453 -122.74916777 1319.84887933
v 25.80289633 55.65403556 1643.32862747
v 32.90095012 58.84364664 1665.87755236
v 38.10120201 50.45591089 1655.12147179
v -365.85086939 -52.33180521 1075.97219101
v -374.04975651 -58.73264126 1058.57944689
v -193.27270869 -3.44448338 1341.88373310
v -201.18742543 -39.32071583 1453.41988510
v -43.41517100 -114.43907346 1656.36447872
v -48.81359029 -112.27402918 1642.72447680
v -31.31480110 -122.94994972 1644.31101309
v 8.29950032 81.48420049 1702.58918525
v -11.29948362 70.21777845 1681.37886788
v -28.40029314 69.34409293 1688.59336629
v -59.89974900 -34.62894834 1580.97175615
v 0.17492606 -31.00533397 1837.15331840
v -60.31621140 33.88457775 1812.52180106
v -49.82578076 -70.45475339 1805.42568651
v -44.32542455 -52.10212496 1819.91109681
v -191.77939114 84.10862755 1494.59300842
v -9.39492281 -47.99535325 1519.69866457
v -11.09773076 -53.20016175 1542.59190404
v 36.37954140 -0.07462671 1821.51979106
v 19.07726506 -11.57753760 1832.91866269
v -68.19604775 -14.11477747 1564.21376640
v -74.89440659 -5.34684322 1556.46035955
v -68.49490447 -25.81243254 1541.31255354
v 128.44684546 -95.98017378 58.42343590
v 129.04807339 -69.23350476 72.46317311
v 121.74875488 -68.43665340 66.44777809
v 54.01110883 74.66078068 1580.09334944
v -407.94537410 -20.22497279 1052.70947438
v -411.94348074 -13.84167642 1040.09683505
v 36.10886154 62.84760041 1590.89743727
v -405.24121695 -85.66391619 946.92529683
v -411.04193263 -95.10170416 944.78757473
v -397.84099131 -80.41355587 949.83568805
v 12.80814420 63.99324464 1599.17657192
v 117.71960187 84.20796676 507.27421317
v 119.14934645 -50.83671782 77.84494193
v 8.80679749 60.26192405 1608.94214775
v -51.48512617 91.51072478 1559.08849798
v -45.28328464 102.27708900 1551.30180658
v -58.18132623 112.10916304 1541.42907427
v 11.60380469 56.51351627 1635.11114065
v -371.45141946 24.58206717 1157.05400201
v -3.69757084 58.99477520 1651.26914984
v -394.74688859 -82.32968935 1006.77763182
v -406.24519950 -91.88362306 980.53775383
v -31.78370703 97.36438898 1550.68798017
v -32.28192834 105.90407997 1541.33889181
v -412.84253412 -101.10062999 944.89112763
v -415.94313485 -94.99201069 956.88700382
v -31.79915746 58.97075346 1667.06915783
v -117.79081905 -75.66673000 1451.55620652
v -35.19765096 46.39572336 1639.68213792
v 105.35084704 -101.97068102 12.61788296
v -364.23508785 -127.13586344 845.03111168
v -366.53602074 -130.93996492 850.59748570
v -44.19895935 36.14655861 1642.65889273
v -381.94884192 21.68899790 1128.49871752
v -148.79086131 -36.68821742 1490.28504508
v -61.30006762 4.29334265 1622.40488748
v -329.84484612 53.54077011 1119.95189184
v -341.44468606 49.03710845 1113.92771181
v -66.00392216 -7.84961282 1648.91832530
v 184.33436363 1.23330733 278.48112016
v 180.83596769 -0.26872422 261.00413166
v 96.65051618 -111.17046814 6.87522156
v -124.59185163 -45.16512697 1491.83421749
v -64.59940781 -25.22614189 1586.80960146
v -407.44111294 -129.12667322 903.16996334
v -402.84203410 -120.11376884 921.21729080
v -63.30231707 -32.04138019 1609.13089359
v -117.59140848 -10.34536087 1521.63736640
v -387.94892836 11.32686911 1119.17588267
v 175.15060018 3.16728705 118.42285511
v 171.85147017 -6.95595435 99.79476544
v 104.04790348 40.07197368 181.58724877
v -32.00782983 -103.72251684 1593.67095448
v 54.78874088 94.81818851 825.53214304
v -220.45994635 30.53982109 1247.97946717
v 135.28807281 96.55524423 833.91129552
v 103.49192851 97.50980461 796.38605039
v 114.98878342 102.84247168 833.00045997
v -86.59208344 -65.47708207 1474.18649533
v -247.95301491 49.36995444 1197.34363738
v -42.10849632 -101.56967826 1602.43404883
v 115.18776429 112.17824033 852.34196535
v 142.18675807 100.14279577 850.55243778
v -59.90705212 -75.26608758 1613.87924559
v 85.78900632 106.26558733 834.13857103
v 80.09063899 98.34887856 810.07128344
v -68.69191903 -67.23737398 1470.81818914
v 107.15015493 48.42660928 167.34098259
v -67.68995806 -84.97979263 1433.81950464
v -262.05486536 21.61468232 1188.52078731
v -75.90644038 -22.46489173 1659.67163898
v -69.07925149 120.80143995 1529.27590402
v -72.80763179 -39.24741667 1655.06140665
v 108.64974406 26.92880334 150.31025824
v 107.35204344 16.96153157 117.57756103
v 106.65229729 27.19321545 125.10172213
v -77.30864905 -40.49289279 1663.98382970
v -355.44357232 -56.05507221 999.52616135
v -83.60695164 -21.76394708 1665.45962679
v -382.24694698 -81.81197795 1007.87007610
v -390.04635616 -88.01950829 995.87483607
v -381.64481793 -87.57804523 980.96580305
v -83.90640999 -10.36187311 1671.26333542
v -331.34998854 -44.14680358 1075.23397045
v -76.00617886 -1.85671587 1677.31797401
v -67.30583019 -11.27922482 1664.57983215
v 14.68655688 102.83622794 855.19400209
v -92.07912334 120.67951670 1527.87553638
v -82.67866399 124.26076350 1526.81438820
v 104.45511907 34.73610004 104.36799840
v 115.45858073 53.56072556 88.34122999
v -74.30555211 19.09416947 1691.65806718
v -403.13952633 -18.40268721 996.16999170
v -415.74238899 -21.05319978 1022.11845284
v -401.94172134 -4.99442042 1031.24353792
v -391.34172029 -85.98396817 951.63290338
v -390.14355055 -90.03794129 965.90524345
v -314.45784775 -17.12998516 1180.18423058
v -386.44450080 -92.41518099 973.04777538
v -390.54418660 -98.98152275 963.45946311
v -29.99980355 67.42695509 1681.82534228
v 11.01109676 78.94046100 1584.41576762
v 9.71320681 91.08487939 1575.30431419
v -39.80118762 70.72311253 1698.86993722
v 165.06912636 71.03676173 0.33082196
v -282.85710403 84.88742460 1273.03745401
v -24.00132755 81.32746805 1710.68992309
v -348.45816696 -7.91359788 1192.42336859
v -335.15881890 -14.51565077 1192.43882357
v -29.10283700 86.27306105 1730.60689352
v -10.79036744 69.73735915 1589.97356170
v -2.48802948 82.65477870 1579.34946378
v -14.30278342 88.90752083 1732.66311224
v -359.75511800 23.19496928 1192.58444658
v 0.19832259 90.23816555 1722.94008240
v 185.43317887 81.71717147 369.40334087
v 194.92906927 64.53034193 393.50502039
v 192.23346432 69.86408843 354.90677092
v 121.86911677 70.94103330 0.32821999
v -20.00408210 90.25514935 1746.94138562
v -15.80710327 87.22378789 1774.09826718
v -28.60531815 87.82754548 1756.88399483
v -242.95969286 98.76788955 1312.50730675
v -39.20987359 74.99421101 1789.70973062
v -317.05551461 -30.46060453 1143.80900943
v -22.81048935 78.15293345 1798.95811801
v -323.45882073 -15.53394303 1191.45743487
v -14.38081876 109.37038248 1533.67958226
v -19.91829674 36.58654244 1835.98257425
v -397.74006161 -84.34122619 936.70163996
v 138.74809139 -64.35392014 77.08045637
v -305.34666882 65.76218987 1150.14752410
v 5.58234633 44.00021268 1836.85704339
v -248.58262412 25.36478237 1469.09921746
v -415.24404864 -93.30558373 967.65952639
v -421.24293006 -84.64951517 965.00888519
v 1.77994652 23.66587632 1840.80881774
v -393.74765728 -70.59608713 1025.97773901
v -5.52277211 -4.54820716 1840.19579707
v 33.60750034 26.51424297 571.27295231
v -247.07553177 69.59979741 1441.83051530
v 137.24693984 -86.73890316 66.56574860
v -41.68867259 75.14074442 1578.37536502
v -35.48518373 92.53666102 1560.67257396
v -58.68740278 79.90510476 1570.39012599
v -35.42459891 -30.06767349 1833.33302853
v -252.25652150 91.49725412 1273.72629544
v -249.25457917 86.06894110 1249.01674749
v -263.35516387 89.93747973 1258.64991519
v 187.34433182 38.35020344 215.53029717
v 188.74382802 26.02568003 208.44245312
v -421.94022636 -41.98434793 979.97341934
v -408.03950228 -33.36279851 981.22591910
v -23.59236655 58.99930748 1599.35935228
v -37.59012462 67.45907083 1585.30961302
v 180.54368735 12.72270811 196.76989423
v -68.42243802 -40.51618701 1801.50566328
v -57.52500399 -71.60771644 1796.54353375
v -88.49300288 20.35296551 1567.71638059
v -96.39149009 40.64062694 1572.56557575
v -45.12649477 -102.17584509 1781.37097695
v 114.55165818 -12.68086703 92.28697479
v 104.25289143 11.31887064 103.57271778
v -54.32542508 -93.30738889 1779.41645255
v -75.52223223 -58.76377664 1781.51745688
v -421.14243327 -29.79488015 1013.96783655
v -64.82380147 -89.11447878 1767.34112241
v -70.09319303 36.25656324 1585.24585796
v -416.84401815 -28.60152704 1030.95016665
v 138.02176465 -29.82171284 373.62768550
v 139.82450574 -29.18366830 346.91283900
v 160.02335889 -25.32167655 362.15033719
v 113.55235084 -28.57263869 69.75826025
v 108.35341533 -5.25601000 82.05646729
v -41.22503056 -110.57267836 1758.51311686
v -393.04045836 -50.79827301 973.62770151
v -31.82701816 -85.19582315 1803.28199648
v -89.18599455 84.85001871 1561.20025514
v -69.38622796 86.82212605 1565.46874850
v -82.68538342 90.74503860 1560.89893220
v -1.72706096 -69.52273950 1819.11635866
v -0.62658040 -53.42985985 1830.13988656
v 132.66726286 87.95127386 35.54045872
v -16.82626327 -46.66702502 1833.62188882
v -361.95583217 -20.32771775 1156.93136017
v -373.55425472 -14.29520382 1147.12445597
v 7.77491218 -33.34377462 1834.99417359
v 128.22498642 91.91037219 461.13518580
v 141.36254207 82.36884770 77.14404796
v 136.66398448 84.35459960 64.70739463
v 18.60922434 67.46592608 1591.81600450
v 31.37999183 9.81776122 1826.74905152
v -358.55682240 0.29625442 1187.07963549
v 28.57599778 -38.21657231 1819.37813439
v -231.48342583 -29.03109604 1423.63455173
v -373.83853292 -130.29495075 876.28945473
v 130.14008768 -12.17839623 208.19714858
v 122.44088169 -8.95938861 203.44002580
v 128.94134920 -6.39672439 201.29604021
v 48.78040447 9.13314970 1821.96188669
v 55.18250046 18.83740365 1810.59304232
v 43.48146369 23.49723235 1825.51355622
v -381.24191911 -110.26693355 929.75045359
v 52.98444983 40.87928325 1812.81207753
v 166.64308867 -3.34816363 186.94490375
v -289.36897042 32.63884313 1340.05014929
v 23.08296171 46.63757363 1833.31264093
v -124.58825993 -106.94354069 1395.28786808
v -93.68847907 -108.12911709 1396.31156305
v -285.95254330 83.27354236 1225.95801434
v -274.65452639 87.99536431 1250.38114295
v -374.53809427 -86.52014117 914.93834423
v -132.68731788 -109.44813672 1383.42859918
v 22.48790554 73.44456690 1810.34568597
v 101.94163269 3.73065029 208.41935337
v 105.84219074 -4.30369719 194.95663049
v 100.24002370 2.28348986 223.04639181
v 4.49053747 85.19385779 1795.63858204
v -258.75234891 81.81228925 1222.58545382
v -6.81090455 77.51197271 1802.47130112
v -143.58518408 -112.46679441 1359.17608965
v -155.48561831 -101.19755916 1374.58238713
v -6.31383259 65.40941708 1819.78317758
v -389.93392932 -118.28134145 842.17506764
v -375.93332812 -112.38533167 841.97448165
v 177.45092016 35.05855858 146.57592472
v -148.88324052 -111.38286834 1340.85408916
v -160.18191468 -96.75973270 1342.00032924
v -11.20790092 87.66851657 1782.49228613
v 177.75245022 30.61855047 126.94978379
v 2.59287489 91.90600295 1778.91985051
v 15.09371574 93.79209448 1772.38749742
v -217.78397157 44.72601352 1501.57237145
v -206.18298596 56.45597066 1503.27097035
v -396.63927982 -129.14416911 884.86859467
v -398.43767710 -119.75951846 878.10515624
v 182.55596947 36.81742681 97.93874908
v 175.75884463 52.59267850 84.76337325
v 174.85499257 47.77448141 118.45162088
v 6.39673196 93.87419499 1742.38073597
v -184.88379093 64.32762948 1519.03933356
v 21.99743575 90.49333159 1732.03917882
v 53.90720814 63.70007209 610.73794915
v 35.39843229 79.53225758 1711.32690835
v 178.46046404 48.54372968 64.63063210
v 16.10059047 67.55668500 1678.02707408
v 29.50025933 64.15414397 1677.98721463
v 14.30193987 67.01486258 1664.03417286
v -239.86586323 -12.27174505 1264.92025213
v -235.66655649 -8.38599178 1275.65509002
v 119.55090131 76.07054278 187.06721969
v -128.68550854 80.59719458 1552.16853983
v -353.65143756 -50.19845281 1083.73767043
v -67.09670581 -1.07792164 1583.59137816
v -225.38685106 8.80763327 1494.99162805
v -213.58842759 -2.51575430 1499.58924672
v -209.68766045 14.03528135 1508.20476960
v 46.69964436 38.62081113 1659.02751873
v -382.94854143 -68.81412808 1036.54957512
v -226.18718200 -0.39293226 1489.24975863
v 74.29471103 6.51857463 1676.68788985
v -215.28542215 -37.94115418 1434.79186056
v 74.59444974 -2.28734574 1670.63925999
v 76.09349035 -4.25578400 1678.27458108
v -403.34053611 -131.87364425 894.71659597
v -394.94117288 -129.52438731 903.37810214
v 82.19399859 4.91313928 1682.21725087
v 125.33890189 -14.00473532 218.22975047
v 135.43942573 -13.08022225 213.91411683
v 128.73730769 -12.50442280 235.60674389
v 70.29160986 -8.91070659 1692.45660767
v 115.23947463 -7.59259450 218.81798439
v 69.98952561 -23.29786076 1699.10630993
v 73.38840144 -23.60967201 1710.01366602
v -88.89250940 -25.92540095 1517.30890900
v -224.95475780 50.48741329 1215.82934687
v 72.78720730 -24.51927055 1721.03097949
v -374.43681661 -88.67747167 900.07343024
v -109.09165970 -65.65092130 1469.78662623
v 79.88417362 -23.27547436 1752.51488077
v 73.18171140 -39.73229290 1760.89999399
v 67.68025534 -67.35414013 1748.27511629
v -226.15755440 34.49569086 1228.00752794
v 64.17884550 -67.61513368 1762.08134718
v -261.15094170 74.64701740 1201.50594643
v -220.05423408 86.31069462 1245.81496647
v 152.54972805 -23.13088458 101.27273127
v 217.34719082 -147.73568771 4.11887466
v 155.94091603 -210.11685313 5.39151618
v -82.78927511 -100.86844608 1411.38936162
v 151.14463328 -10.94320493 164.07126766
v 138.74754150 -10.63829418 135.36048319
v -223.05319149 67.50888957 1216.93541693
v -297.14604946 59.03932662 1137.36265212
v -275.24905121 67.60161066 1175.72251082
v -285.44737891 59.78014367 1151.35308804
v 69.92059850 37.94781130 451.86100811
v 70.52220367 42.95679703 440.77281018
v -25.72345716 -124.28052634 1729.34727852
v -92.46171443 -128.49403498 1109.32087476
v -26.12137857 -113.24986333 1719.45505268
v 224.24672490 -149.28253284 7.24676527
v 214.94509731 -150.11520298 22.66254888
v -31.61980703 -110.67622452 1706.30805044
v -20.22046972 -111.98550736 1711.63260557
v -284.25498350 85.73641848 1252.71960121
v -10.42026232 -135.01704642 1686.92806867
v -132.68981862 -84.48902273 1432.90447837
v -14.41694803 -127.66214292 1661.09665566
v 130.34861947 84.81285339 218.42182521
v 120.94876393 82.75356738 214.95598377
v -4.91825316 -135.87885166 1666.04038840
v -22.21605101 -121.81585183 1657.89433259
v -29.51735163 -115.78749538 1676.79221416
v 131.75743942 78.17793268 123.92254980
v 124.85802399 74.10803536 114.09076449
v -321.95098079 68.65707223 1196.00269263
v -39.31173189 -114.83943223 1621.66661855
v -114.68646044 77.30351451 1558.42779887
v -364.43412544 -117.53727864 844.86511826
v -362.43714349 -118.73757234 873.79039023
v -136.38874229 50.84562972 1555.18260320
v 114.73430583 -10.04316691 267.96764867
v 120.43305687 -14.19958795 276.34132175
v -69.70697160 -62.66296633 1625.46211713
v -143.58903238 42.45249079 1549.82620127
v -74.40864644 -62.26687795 1642.55736114
v -223.76614249 -2.45692617 1277.35400951
v -387.33627094 -104.13528165 879.43632317
v -375.63567756 -108.71731029 869.01513666
v -390.83577749 -109.61394918 869.12915789
v 101.84337621 3.11950475 190.42722046
v -76.01043955 -61.85034835 1660.85273656
v -165.39065096 -17.29033863 1507.25057726
v 101.34277923 11.46557462 204.58499290
v -61.81418583 -97.31359245 1663.36763180
v -77.81161351 -56.65872095 1677.66531451
v -107.98113214 -129.15515181 1302.35962889
v 139.43993571 102.10595686 322.03922984
v 148.13636334 105.37724928 360.88933656
v -78.31241987 -43.90091594 1698.24777317
v -328.14246359 22.80281163 1065.97541731
v -86.81486564 -44.79359491 1721.76588407
v -82.11086416 -33.18514251 1693.26138963
v 152.04095122 96.53407177 306.43447080
v -84.10883883 -18.68567443 1687.30962328
v -151.08015029 -102.46266858 1318.79635528
v -138.27991920 -111.45797906 1307.65146975
v -85.30735549 -15.79175748 1675.35768610
v -90.50719819 -10.22291158 1679.26147801
v -320.84302455 35.00805611 1083.56775078
v -313.74374225 24.45014369 1080.35050413
v -91.50820236 -9.53789653 1689.95113399
v -145.07727467 -92.18295994 1300.21644477
v -141.27421337 -82.85130894 1278.85229222
v -122.37566388 -101.21786264 1275.27115662
v -97.20929453 -2.63057894 1707.63379532
v -83.70818342 7.55100627 1706.55893654
v -342.85064854 -49.82925847 1076.23122972
v -78.10716641 14.49408372 1703.23895401
v 105.84307013 78.66692769 267.73303742
v 113.44422891 82.02388671 259.47451385
v -49.39334749 -60.88402110 1491.31331158
v -85.31314889 20.42822766 1768.74544034
v -336.14211016 4.42766339 1044.38908873
v -324.84331186 4.94261640 1056.88316654
v -67.70821434 59.34257355 1757.77274863
v -61.79121436 -81.80937167 1449.46761168
v -46.29094045 -88.77758489 1439.88817989
v -69.51663093 24.70039992 1807.67895501
v 195.62355474 26.63162289 411.26297031
v 181.11878028 0.81386577 433.51122721
v 187.22215108 0.83226794 399.90648757
v 56.71481687 16.88512922 488.82938318
v 64.61756374 38.48083170 482.65587313
v -77.11646518 17.75348060 1799.19704300
v -307.94484267 49.87518139 1116.31688039
v -328.74283990 39.24970012 1085.89398672
v 47.81337838 17.13842413 503.42630869
v -76.31325147 35.60519398 1784.68631672
v -157.87740797 -77.81237048 1315.66904151
v 30.10410626 18.56362594 597.31395687
v -84.41572863 10.29940032 1784.52300333
v -89.71488784 0.38497055 1766.39118064
v 28.59865242 -18.42982418 615.35608140
v 27.99998623 0.97281249 621.12143387
v 28.00172046 -5.13089584 597.82347813
v 209.64381775 -178.27675966 7.74667946
v 42.80815607 -5.34589392 533.41902766
v 49.51382319 29.57472937 511.21263000
v -95.91053663 -14.41856995 1708.43784489
v -49.28992101 -92.11022611 1426.44349253
v -51.08859400 -100.07543751 1405.37787640
v 105.94052695 96.00267276 310.13966951
v 86.91830544 75.07807452 511.22961524
v 66.11667063 64.07341429 516.71864453
v 76.21601717 74.05623613 533.04948858
v 127.11730694 -31.48031511 416.46168883
v 131.01938125 -28.79234803 398.41290358
v 141.61825249 -25.95000758 412.46690761
v 98.11877606 -13.82822161 419.15404863
v -87.41133884 6.68062049 1737.17819631
v -77.78789816 -114.23553983 1384.51694019
v 118.96911158 73.68932440 3.08083073
v 109.16638535 46.79949741 3.84487462
v 109.96608081 59.06214516 18.93520124
v 115.01977531 -23.16221740 400.01422766
v -79.68653982 -126.98821226 1358.43333412
v -91.18762449 -121.50604727 1374.63984265
v -383.24673106 22.64142476 1108.37911597
v -98.28573333 -133.94471163 1343.54954706
v -53.02149747 -2.93570269 1829.06157423
v -44.12252293 -8.96305449 1833.36730094
v 161.93939933 18.81397363 1243.01913172
v 85.53733056 41.62375387 288.57458759
v 88.93712098 28.43345515 277.70134315
v -193.98968431 -22.84951971 1492.14161313
v -205.58798381 -31.48974697 1466.68604553
v -368.94897809 -64.66914976 1044.98055259
v -193.48974974 -14.90205028 1500.60552446
v -215.48829558 -11.89918323 1489.04971337
v -45.60701905 78.56375009 1764.74365523
v -108.97787860 -116.90617240 1281.94470788
v 88.72905187 94.45680768 423.08158124
v 168.12391545 -33.51335412 1346.03982154
v 120.94118671 -207.61723593 5.14481504
v -217.18560883 32.39696342 1505.78621599
v 142.74990745 -27.84160926 94.85224926
v -0.42743437 -86.34687102 1806.30544264
v 96.42926370 97.36944664 423.83209582
v -165.07383814 -53.40897368 1304.04468701
v -167.17659699 -58.72410117 1326.33970495
v -226.18604509 -15.85403279 1462.71309778
v -75.90687610 5.48944434 1691.49309549
v -256.05839410 4.02105129 1206.42822933
v -261.75941557 -5.56657883 1207.19354158
v 96.92408200 87.29022995 465.61264806
v -167.87895404 -71.23195602 1337.55755954
v 108.42821552 95.41553379 432.36833502
v -37.09148849 -74.74340554 1459.14932974
v -20.49229680 -74.70498613 1467.25151210
v 88.23900210 80.09469112 309.71289306
v -343.74409151 -42.43318163 1018.09458201
v -8.09303202 -48.93771191 1499.91212772
v 186.56913096 73.88263368 3.08414996
v 167.07035474 86.38787338 3.16603906
v 182.46775189 74.32851018 17.27815869
v -70.51961657 -85.67669490 1728.97539119
v -64.31918836 -94.70593287 1715.83014293
v -394.14044879 -4.30279032 1019.23055351
v -388.34285219 14.12704202 1061.31878409
v -42.61828488 -108.19511328 1693.56216593
v -192.67033904 10.68907553 1332.13798205
v -185.07283234 -6.57767691 1340.03843471
v 106.04208486 90.54035826 289.23099173
v -44.81635097 -112.80747349 1669.73813103
v -192.97578911 -24.06678607 1352.34186248
v 98.24086800 87.80407596 298.67894255
v -200.97532214 -21.90954889 1349.80339858
v -221.38148632 -36.08753173 1397.35361694
v -201.67981942 -35.26280190 1381.53893573
v -271.35854873 -5.92120314 1198.19738216
v 26.09211945 88.27166717 1782.88559239
v 219.95212134 -70.46160498 30.88714833
v 195.22428400 49.90484694 426.86289420
v 178.43107217 89.00612073 397.58084467
v -364.04167743 27.04346620 1062.29801414
v -371.64229983 26.13599570 1067.61374893
v -4.20123951 -64.79448770 1566.19656490
v 13.39999982 -54.53406811 1563.92056763
v 188.35001476 -69.07136941 53.26334339
v 172.74786123 -89.54947928 54.61605228
v -112.58753926 -117.85606783 1377.37503874
v 6.87354493 -60.87992117 1821.56814773
v 10.40278896 -48.81676900 1541.71810790
v 4.40427166 -46.32923486 1529.37266485
v 20.50277277 -46.67831359 1543.98246998
v 28.27466038 -59.75511310 1811.54931225
v -375.34013602 5.91659883 1026.15675920
v -386.23928108 -13.15672073 998.88136519
v 190.23605089 19.86106589 279.95986921
v 191.73847611 43.54873122 279.05034758
v 193.03578952 34.35430776 296.81209173
v 189.92853639 11.61567021 346.81238513
v -187.98333707 -63.74577023 1388.63378499
v -183.08969278 1.36596923 1516.02759814
v 92.92721780 88.16483221 435.19258647
v 65.88118953 -16.13710597 1789.29558404
v -194.07776365 -31.85974400 1364.37828466
v 67.08098340 -9.79292414 1797.58725768
v 231.14785538 -133.50775933 11.47534879
v 128.45307307 78.13044464 167.42954818
v 96.23425943 102.39405662 378.93849641
v 106.23213343 104.19050678 401.91185669
v -297.65160665 -15.78489336 1119.25352414
v -308.85477730 -25.70708109 1141.12723343
v -315.95177552 -34.16910948 1102.86711461
v 79.13234091 22.65979731 319.70647573
v 79.02831635 14.92120817 352.24512071
v 75.28443627 9.64398982 1782.24973060
v -191.86789434 22.57107685 1319.43073502
v 71.12719854 29.97277356 378.18799481
v 67.88872229 49.59033127 1778.75785158
v 56.38843551 60.63016587 1792.46790104
v 40.19942783 56.26118603 1678.52480978
v 40.49108151 80.71979319 1785.81801308
v 7.70246611 69.26330241 1660.99419516
v -83.39370601 -10.75961084 1544.15126306
v -287.15257765 -7.06906771 1137.50659985
v 51.49156392 74.63114216 1775.02274952
v 68.79182429 53.82792641 1751.98067484
v 197.82628437 32.15535508 389.46442989
v 195.62317293 39.82360607 428.03740263
v 75.19136903 41.08741012 1744.00038213
v -82.69353158 4.98004804 1557.88126285
v 79.28665986 19.02086284 1769.28607145
v -404.53985874 -86.81799750 932.24312420
v 137.80558772 -54.86112037 510.38100845
v 139.00334734 -50.80534969 536.71494276
v -317.44524370 57.47556264 1127.78625636
v 82.38927233 1.87612812 1726.37637712
v 126.60492651 -61.25560242 510.69050465
v 133.70726643 -53.01863491 495.44651784
v 168.24096901 -196.18844153 18.55388857
v 78.88795145 -9.89755881 1727.97982591
v 86.48991035 0.33935107 1718.50217341
v 83.49022712 -4.70138992 1710.38781387
v 124.40300171 -62.95253093 528.22224617
v 84.19159351 4.82622170 1706.12252351
v 181.02634389 -8.55104244 348.86047441
v 105.74766447 50.28815165 194.01264697
v 169.41859043 -18.27954049 416.63765630
v 180.52098095 -9.23790001 401.68019454
v 176.61671932 -5.64091588 447.72450414
v -118.57943080 -119.78692297 1294.59545772
v -394.53656028 -117.92098847 868.77235950
v 183.51933765 44.87276505 471.25537535
v 184.32178406 57.77190581 459.53068996
v 178.31632620 30.03832571 486.71364438
v 185.61916732 31.57396491 459.88380420
v 113.06724490 71.37210347 19.42275402
v -397.43667047 -107.31997705 880.29051550
v 176.92305888 71.38616218 460.19468464
v 107.83763052 102.61534475 345.53082048
v 130.43704443 105.86998355 354.57813043
v 176.24165722 1.17529404 205.67044280
v 139.24305062 -8.52768826 182.23104766
v 176.01628836 13.46090847 470.79764413
v -54.29627411 -37.17236328 1543.81072670
v -47.99991668 -46.30129101 1571.17326609
v 78.98548349 5.28836232 1767.52319813
v 200.26122202 13.10334546 22.23916931
v 197.45760359 0.71528153 46.15664400
v -73.89433643 12.85293853 1573.64837292
v -62.69654447 -28.06885684 1555.45424972
v -370.14697379 -74.27942284 1015.54218549
v 186.43883701 17.94816919 250.28813193
v -78.09381192 -20.91596738 1535.22604348
v 167.53367974 -12.78743978 271.52082771
v -215.47942378 -34.51688620 1378.32419945
v -273.45257596 17.34784434 1161.48939285
v 231.04869549 -132.12899599 4.45045171
v 232.15129663 -103.48669916 6.65569611
v -218.48298972 -39.18158630 1409.30918233
v -281.54924655 21.95341757 1132.80468228
v 160.52173619 -23.20560796 380.41653203
v 128.82150907 -29.47071337 376.52114306
v 127.52644347 -25.75790291 330.95001357
v 137.12553326 -27.73578374 338.08622142
v 69.31120350 71.74748218 578.79556167
v -395.74715738 3.58959069 1093.90510613
v 10.50277698 60.76371585 1649.53970751
v -414.94398626 -21.38348206 1037.72657466
v -383.04069935 -129.20169081 898.97303724
v -362.33753046 -126.09700223 870.41713231
v 105.84683291 -150.20530982 5.25075443
v 107.94290114 -190.51851093 4.84787172
v 110.34391967 -176.86026903 8.11246025
v 191.13772577 54.46532176 297.26427495
v 152.13508617 -14.66057676 255.64932262
v 137.43437917 -19.01179063 258.42351648
v -374.13667694 -105.18455117 882.45621586
v 147.44805086 -12.45819074 128.49177784
v 134.33007543 -22.83481651 297.59516147
v 118.02959845 -19.39193467 305.73524839
v -391.23928292 -31.77506635 980.60003078
v -396.03904943 -21.94637648 987.93072631
v -379.53939423 -27.58520083 985.82952708
v 114.25419471 65.21704964 143.54783796
v 65.71896227 32.02894148 462.36449482
v -353.35710270 21.10071096 1210.32393593
v 108.66304853 31.91993440 22.50486542
v 197.62737098 51.09260488 397.23816797
v 56.81567737 53.66724067 516.39759140
v 120.14646510 -116.97363106 41.58305474
v 137.04527137 -123.37923576 47.19630471
v -426.54111786 -50.47570863 980.51985397
v 170.55215475 59.87167279 158.64805788
v 175.04987258 56.71061500 178.30609054
v -411.34139911 -100.18074678 934.47381471
v 117.62781810 -17.24811516 325.60111384
v 129.16097019 79.49181110 89.99450725
v -380.25250564 -11.65085286 1132.27585864
v 136.94092119 -14.66544261 197.43920901
v 128.04247609 -4.45773638 191.96103337
v -366.43592187 -113.25385088 866.99417287
v -376.33457399 -108.91087702 857.81674054
v 103.03856727 3.65794309 238.92527818
v 121.33609701 -11.57904256 248.59195670
v 191.15588042 -4.17068193 58.54234729
v -398.44541131 -94.69607533 979.88704932
v 164.35634435 60.25635874 117.23460656
v 171.05346512 53.74054353 139.55125338
v -102.37456905 -112.29858982 1253.46144111
v -414.83859083 -88.97257436 917.47715265
v 94.82616124 87.02735498 444.61384749
v 72.72675175 22.21671344 375.02177293
v -201.07804520 -29.36778182 1369.63529737
v 121.86103242 69.61244678 79.66304709
v 128.63394382 -20.05370575 261.74115880
v 164.54341780 86.43433518 271.90515499
v 144.14353378 90.79102702 275.02828933
v 104.94778892 -138.57064829 7.14979917
v 207.56259127 6.85945889 2.44488004
v -314.44676852 -16.63212308 1070.15917884
v 221.86002331 -19.55183527 2.10285995
v 212.66092183 -6.99055708 5.48528840
v -308.34522551 9.95696558 1080.90168958
v -130.03226664 103.10124760 1043.20326219
v 170.32381181 -19.70451068 363.15438757
v 144.96626945 89.24353319 46.72099998
v 106.63551242 103.19060226 367.22399892
v -352.54840854 -59.98875710 1043.90108839
v -116.29044115 43.00217397 1564.42156922
v 122.86018967 72.50730927 90.91477834
v -143.89030786 16.73157609 1537.26898103
v 110.62978715 98.09012783 419.32036089
v 127.96860955 85.78231409 19.97516815
v 147.76919963 90.96748367 19.18735552
v -348.65309595 41.66171925 1190.56596897
v -342.44984614 57.57342007 1173.78897672
v -270.96255737 -15.90100607 1228.37447156
v 217.15420556 -50.27472171 29.93772169
v -69.19435022 22.21534487 1582.98836634
v -362.64078641 17.73001547 1044.25647485
v -70.68329734 100.45046965 1549.63063430
v 199.12977689 34.18776239 356.62451168
v -25.57969749 113.75324891 1526.80167582
v -279.75174793 5.70610495 1141.78710018
v -20.58460500 96.80861681 1559.09994968
v 167.16443083 28.56377611 1002.91519506
v -400.04624436 -4.40447493 1076.94035544
v 188.45831466 19.00709864 57.04113874
v 198.65353091 -35.50333981 51.18369341
v 22.91095406 76.21721645 1583.16383493
v 235.35618475 -57.13544319 3.45417106
v 231.35873983 -32.45257207 2.22685400
v 232.35710721 -42.03538511 9.09365506
v -296.64713527 11.41007081 1101.38078062
v 182.58447332 25.65597974 800.13667793
v 174.39273476 9.25084141 701.60477013
v 178.39145545 -18.70820373 686.88634537
v 172.49524158 -17.94752101 649.86707979
v 127.74990789 -39.33726464 83.54782886
v -13.21536034 93.81497003 865.44875324
v 52.80427256 64.62224553 640.92640935
v 73.50569026 75.46152331 637.44052888
v 148.40961177 -41.52757006 483.34749018
v -185.64584788 15.64979144 1092.71712285
v -179.84237769 51.15947380 1093.00381412
v -195.33597845 17.58183010 996.16833416
v -189.83710980 24.69838757 1014.44857085
v 116.31307644 -38.67297354 451.59022805
v 113.31580245 -29.48529812 433.42837327
v 125.21534633 -31.03436481 436.45678008
v -188.43942035 10.55425826 1023.59461208
v -193.23849226 -0.18949234 1003.77692473
v 61.70870520 -18.56913051 514.94674419
v 49.60342310 -35.64980775 550.84622344
v 181.78981215 0.40245209 722.06153557
v 172.99225923 25.30824185 722.13008521
v 149.11015637 -39.33850961 1477.55831654
v 21.19779697 0.23844276 642.23661615
v 26.89657620 -22.23686141 632.32426940
v 22.79468125 -17.93593783 655.45296401
v 173.89172876 -31.98243967 671.11304134
v 41.00720633 50.88192854 598.15640915
v 220.14660275 -134.10081796 23.38629845
v -170.14450295 65.06337055 1127.86959793
v 183.57250620 -21.99719550 872.67148806
v 181.97243225 -7.43465506 887.72180963
v 144.10910676 56.23580370 584.47196006
v 152.80870052 49.18412604 581.59430290
v 145.31169021 56.90156961 559.35681425
v -378.14089493 11.74770898 1039.45765781
v 167.58355109 74.75821124 857.59486441
v 149.55132229 -18.07330361 1087.83245599
v 147.34738254 -33.96609019 1111.51054680
v 40.71130822 16.89190699 523.83292107
v 35.30848668 9.45148520 544.66413906
v 35.90594464 33.29860226 593.45920082
v 118.41427369 80.76779892 557.04119696
v -369.45439517 -27.39595980 1135.64964249
v 140.82189551 -91.65904797 1309.03687578
v 76.09539439 95.27651198 759.61646619
v 106.92479243 -98.16685296 1273.74077292
v -231.45321014 56.42289743 1206.22465295
v 157.04404452 8.84243650 1186.88265562
v -332.45728049 -25.67247338 1166.12804632
v 32.59141948 75.83299347 780.15140603
v 58.99079640 92.21872988 802.47405240
v -366.14855839 37.91672086 1141.62167634
v 149.25050206 -19.35377137 1094.75559902
v 154.54808583 -14.35185917 1123.77398079
v 30.50136314 10.90537364 617.14936357
v 30.50181954 24.35725693 625.81809103
v 36.40475662 41.85002094 613.71443286
v 172.69096078 32.65818983 742.30599867
v 171.09018330 45.00406078 762.19536724
v 161.58985199 64.69975683 784.85730145
v 162.69029986 -55.23348348 662.51263714
v 59.50351247 75.64155961 659.33930977
v -186.04337986 29.66444603 1081.87316485
v 184.71841865 14.30717828 450.38081882
v 113.00933919 76.95393470 602.51339861
v 118.40566575 78.71713203 640.88918258
v 125.00682998 73.62847451 624.27532705
v 121.70201702 83.42678286 681.91421466
v 131.50402087 73.61199802 652.28043800
v 84.31597562 -14.65813830 446.27109011
v 104.01560925 -27.21209721 437.58877759
v 52.79937353 -52.33782016 574.83864187
v 179.89030908 -8.84151788 708.01906758
v 146.93125115 -49.55126796 1257.10171778
v 19.59620969 5.80780567 663.54335487
v 21.09772742 40.74480649 682.74235010
v 30.60011549 36.66204816 654.90971269
v 107.72441393 91.30067015 466.24447058
v 169.79619812 11.49244462 669.26072792
v 152.49906949 54.12985638 682.52385199
v 38.80294405 48.27246574 638.10727812
v 101.60939029 77.96355295 602.99489212
v 189.57845615 11.14422192 845.89509889
v 156.91256366 48.91285288 542.79359777
v -381.34953245 -54.49797193 1060.50580277
v 133.21700016 78.66001496 527.77472236
v 117.11753200 84.16423704 527.87798951
v 152.18880746 82.28221637 812.55653390
v 149.58683935 89.95338340 839.72771272
v 169.18668780 64.54198412 816.26547225
v 165.58541235 73.82136441 838.10795189
v 118.14151657 -75.86990966 1128.83472950
v 121.74726962 -101.64985166 48.61933286
v 172.86409726 -34.66309377 944.10008877
v 26.69629663 68.97492264 724.76111454
v 19.69628645 57.07335211 713.16445655
v 43.39893600 79.49849822 708.77843032
v 122.11134969 -85.73700629 1420.04923949
v 73.29362776 93.85712218 775.84315520
v 94.59424206 95.88382505 771.70959671
v -131.15829530 -94.29360471 1108.82569998
v -119.75778138 -105.06805210 1093.11075277
v -144.75721354 -78.30473893 1113.74866594
v 129.25040763 81.44688546 197.27675036
v 148.04340524 -31.23340867 1153.86970170
v -112.14212141 -36.64201211 6.66610219
v -122.73938312 -2.73191296 12.67968848
v -123.04110916 -20.94645197 11.99446570
v 74.19985332 91.74723548 711.67013023
v 101.70410056 85.60680627 663.27176753
v 104.00623063 80.45085514 636.95720188
v 39.40178577 56.92040184 658.16082119
v -107.63358277 46.91738663 3.62144111
v -113.13380493 55.40167922 14.17579260
v -109.73511139 28.87187507 1.13284915
v 170.78695944 56.15114531 805.30906068
v 115.36127716 -7.24663775 1.67955970
v 174.48775506 42.88618417 784.33562706
v 108.95446740 -59.26329637 18.48075057
v 162.39512499 35.48960108 703.55023942
v 121.65106777 -29.56924840 81.57805523
v -130.42866988 96.11573709 2.96851200
v -134.12912630 88.46364203 0.00000000
v -144.62839872 99.02016057 3.11692075
v 184.43815256 79.52189920 317.63345867
v 117.86488023 71.88827809 43.51790414
v 161.81223358 -18.07908296 480.24294816
v -141.64588072 -74.23521424 7.21322205
v -142.34488507 -68.30519769 3.11001640
v -143.44561604 -57.59544355 20.92741120
v 22.39951619 8.58491170 633.29109620
v 34.70430202 -11.38394889 565.92747951
v 33.70925102 18.47450209 545.90816937
v 152.64588258 -117.38339858 46.99415023
v 136.29464575 84.20998441 756.21321722
v 144.29047412 82.80452389 796.44431725
v 108.45391470 -18.87560549 63.68919970
v 124.89765868 88.15920969 730.03990438
v 106.85564930 -42.27571319 23.38758053
v 110.20341023 85.42184922 669.97680489
v 137.21668729 -30.66039261 423.44955286
v 149.01694382 -24.60194096 426.84647933
v 166.56114335 65.51873794 74.53746114
v 44.00521456 -19.58278244 548.76757991
v -221.65076315 -94.32978995 36.15707829
v -197.45330462 -116.67695963 39.54632715
v -193.25181556 -87.02589212 53.83624264
v 97.04094656 11.78757188 223.18178169
v 84.70937712 -40.76780255 486.42853859
v 85.61226968 -26.31904861 471.77663446
v 185.28615798 -21.44217154 737.04178871
v 182.38807447 4.47182243 743.39442818
v 152.45672967 72.39923554 125.32470627
v 186.58547786 1.87468841 766.74323328
v 185.58479994 -20.18647483 751.82231775
v 169.91573010 44.69316736 507.06249205
v 139.52296472 85.44711817 474.95010650
v 29.19926153 56.24514939 682.67515442
v -228.15526581 -169.23669604 7.44720428
v -240.45401936 -149.10534892 14.79904244
v -241.65375187 -154.13762283 7.18478862
v 23.49779941 13.36277259 655.11186197
v 112.14179952 -8.30544896 194.92643259
v 31.79534861 -37.08008322 629.98102485
v 121.74905901 -5.10344455 125.66166714
v 32.49886251 -28.23451148 603.62422442
v 41.69490993 -51.65525314 620.03250197
v 136.73814130 -9.09044982 230.64776718
v -174.84015340 83.58571734 105.19604614
v -160.23841095 88.26397731 92.41469250
v -172.53857844 82.39344280 88.31436275
v 116.64313350 92.89890004 281.09004287
v 184.37378127 9.31966571 890.73283249
v 106.15725275 14.21621593 62.91673669
v -135.63786754 89.18360387 87.90054240
v -129.54012286 78.59035501 99.98609529
v -130.83704352 86.90191133 77.43889971
v 130.81364199 74.46751877 557.15136010
v 131.21182176 70.51360953 571.42189109
v 162.01042412 42.67438433 558.00422987
v 136.04481800 -6.70085149 166.39678179
v 160.70561928 33.95364238 597.36075594
v 158.00603549 41.10471389 600.23728572
v -161.34719818 90.92510911 182.68206738
v -138.84620769 88.10371168 170.03117242
v -152.34399887 88.63319597 148.51747260
v 181.57124344 12.30884385 918.98509958
v 156.54246205 92.40224944 287.30348953
v 180.37635978 42.03620946 897.16776733
v 130.84451855 90.21259271 264.63542602
v 128.24546140 88.21602446 253.26798932
v 148.98515868 98.59135497 864.98208714
v 135.14505075 -54.92198476 1114.17204668
v 116.44561974 82.69524308 246.26122760
v 58.51397055 64.34445116 543.91727484
v -193.35704221 -164.55349630 29.77300269
v -213.25651148 -165.56032105 23.48750935
v -192.85791640 -180.27223616 23.04380581
v 60.99792741 89.33939323 728.51297584
v 46.49727850 84.36750266 730.09774245
v -195.34523016 7.15304325 80.71180307
v -197.24263094 22.97622105 70.33649996
v -205.34403879 0.53512555 62.32248575
v 97.24000373 13.78437661 234.54897779
v 76.03395974 47.40511037 327.87957277
v 98.18940503 103.14206272 827.09274206
v 189.26607344 60.98862530 20.91000335
v 81.53497475 29.82822178 300.47990450
v 93.53911880 20.85861833 250.32866584
v 100.34161947 30.89880414 235.25349905
v -102.25748681 57.01227972 251.98456382
v -105.95624331 69.61421877 251.96632296
v 153.04475620 -136.51718040 39.42386008
v -173.85347685 -1.93719037 1151.53113526
v 185.62971481 -2.63135488 321.05442695
v 179.55020916 -53.23251830 66.89067684
v 125.03417322 -76.10827551 1201.85044333
v 188.33134585 6.03566810 313.30369135
v -111.03676446 107.04261052 1091.94427731
v -82.86967570 41.54730648 358.36974786
v -90.66827193 38.14771150 341.02516223
v -83.56609900 46.71921197 327.77568981
v -99.83878587 106.58221790 1111.65628670
v -100.34036291 106.55374776 1127.35907658
v -161.23407142 95.74392246 56.47990322
v -169.23450070 92.46249287 57.53600508
v 185.33986605 72.81127632 293.94602628
v -195.93362958 19.40812011 974.53346698
v -180.84269086 -5.86391425 1040.08167709
v 186.14188299 59.02707671 260.27938686
v 159.81679207 -21.01535486 431.88628863
v 211.74478467 -171.83326261 4.43499049
v -161.85395374 -133.15092008 29.83319973
v -163.15282031 -109.84677790 41.43190237
v -177.75433758 -127.07907514 39.62812152
v -126.74285069 -42.51548720 8.16643372
v -129.84158675 -17.80964803 19.84073651
v 134.12823498 -27.09035068 311.77083392
v -129.84885877 -22.53657862 87.73260697
v -131.54730663 -19.75642857 74.98246813
v -122.64762334 -8.81513132 88.89626171
v -183.74970705 -34.89685594 84.04043972
v -193.54834176 -26.08020732 79.08630357
v -194.54993775 -48.99772320 72.48143633
v -17.41721982 60.76959738 851.51757514
v -194.14204063 57.36358229 98.24645744
v -187.53829100 65.76022355 69.09758256
v -195.43941867 45.81354800 60.74041101
v 12.19386805 49.05368302 729.40479602
v -200.76241398 86.17155099 329.78235443
v -123.34418288 67.39805772 129.48461744
v -129.84298673 81.12777048 131.04683894
v -124.64528620 79.39409671 152.28049818
v -196.24532359 33.52124770 107.55985004
v -188.54474771 53.56476080 121.51616451
v 199.56002542 -0.93079969 20.38145750
v 166.01092872 3.00699063 513.98385004
v -146.17499963 -12.25051718 358.59364895
v 153.30440344 49.32758923 624.59829919
v 162.80229091 18.25838274 615.13497303
v -252.85110495 -127.63875130 6.82549522
v -239.55280449 -147.58895406 4.17132592
v 182.58736526 16.39855802 762.19105717
v 169.56488985 -49.75821616 921.35734244
v -114.63108123 69.06634923 0.43734446
v -116.42973251 85.61765594 3.25143394
v 138.39628384 79.54735327 735.29090884
v 193.95160315 -50.62972028 55.54540056
v 121.71107037 74.91965575 583.24654667
v -122.54424125 -7.98415530 55.97698482
v -120.24219403 7.83371257 51.10300957
v -121.44406322 9.89145698 71.77040414
v -89.26293387 88.28647461 337.05786356
v -92.36598945 94.01187601 373.16396865
v -193.35716073 -188.03558608 7.87570925
v -210.15660592 -180.60218788 9.64580324
v 151.61547445 -25.05659011 441.05671975
v -177.95150012 -63.57988770 73.73536886
v -187.55151102 -70.08863415 67.44601196
v 190.82126739 32.01891048 439.37355851
v -39.00672442 71.44473046 757.31680643
v -31.31002076 63.06886517 781.96605863
v -91.76517678 38.31694597 310.31753843
v -106.76442010 31.06359450 295.63926904
v -95.86316197 34.91150917 286.87250659
v 71.20823507 -34.25792772 504.21731857
v 126.89896176 83.55537067 712.51707777
v -118.86888003 10.58284430 319.99580658
v -124.86942179 -0.92032286 314.09321020
v -119.46776689 4.38468729 302.80033671
v -67.41239706 143.96901833 885.17925373
v -104.24066022 -23.46896797 5.03889006
v -129.14023009 -2.37916991 21.47427376
v -138.14411283 -42.90334964 20.37384067
v -109.03876387 -3.65589449 5.59595427
v -119.63792933 11.86732823 12.52756649
v -123.13878172 14.86607695 23.97708782
v -110.33307610 49.27061391 0.88008065
v -175.32927628 86.96792579 0.02180298
v -135.94819619 -32.92837926 70.90915422
v -139.84920897 -31.52935197 82.38629767
v -224.24219036 -13.92973942 29.66582413
v -211.54338887 -5.68293578 49.72749580
v -213.93883462 18.03852932 27.61383638
v 128.90836070 69.59496746 605.04257169
v -193.03703104 58.92633234 49.81230868
v 142.00495797 62.45815521 631.97127479
v 144.40285971 63.13131417 653.56310019
v -242.04702380 -68.83563027 23.91247237
v -233.64493802 -41.83328748 29.64731658
v -237.84400002 -40.87826483 21.22913329
v 145.59785039 67.57118904 707.89457825
v -186.36307199 -5.69109920 246.05946359
v 152.19654476 59.04962422 712.54325177
v -217.43823920 14.57685176 18.27194386
v -224.53977361 -6.92644121 12.44214107
v 135.90047415 74.53910677 688.57026671
v -133.64636647 -46.67987775 39.14238118
v -143.64665424 -59.54988318 29.36244228
v -177.86253392 -8.02473244 238.39950220
v -151.75115098 -101.79781138 32.69256176
v -147.14935189 -81.15466366 35.03646817
v -160.35118791 -82.86606832 51.66724145
v -112.12171810 -105.39368745 733.06331909
v -133.14352770 -29.06757882 28.13628835
v -137.54849160 -50.27462587 56.80678622
v -138.44679126 -53.11648377 37.05287771
v -102.56803075 29.15310589 329.77781543
v -116.06684031 16.12582574 305.09802385
v 117.49417447 91.00967271 767.59550692
v -116.03302232 69.40707854 20.13425957
v -118.03513514 61.43498586 33.37386993
v 134.99118376 88.58209775 795.04330365
v -123.23162497 85.54341711 22.05485776
v -99.26610011 34.30820008 315.58689376
v -129.54503999 -25.75026615 46.48203235
v -128.44363951 -19.38274174 38.77090079
v -123.56534374 15.15177583 289.21175075
v -118.63861168 33.86193648 40.95165086
v -117.33580603 43.54392679 22.48162755
v -122.85178435 7.68532792 146.61959462
v -124.45100781 6.43004987 137.63979722
v -146.15205061 -138.37014102 5.72137751
v -141.14905039 -106.84767972 6.77703952
v -146.75097739 -109.86655447 23.03111006
v -7.31805607 -25.77065515 774.80328975
v -128.94289088 -48.81634824 2.37428616
v -139.34426016 -54.27271747 10.66883570
v -129.65078326 -6.53033081 122.66111677
v 169.19799894 -13.54728694 626.68721502
v -116.55285802 37.27713024 186.41455363
v -121.55367900 12.18914730 169.94534292
v -146.34825257 -54.69068060 50.08126264
v -147.44794183 -63.29159682 38.52812784
v -33.81599956 -45.46021797 734.93513069
v -26.91678359 -42.77973805 745.39103077
v -177.35276741 -96.11918306 54.39510576
v -117.05063375 35.36074118 162.34403905
v -118.35202598 33.87550575 174.77144642
v 162.70227573 -2.39299567 594.98899162
v 163.60504587 15.43479397 584.87934659
v -163.55127718 -71.55648751 63.67319042
v 168.00753401 18.05009840 562.63123924
v -142.04897854 -46.83117784 65.04804116
v -148.64985130 -44.23552166 76.30419715
v 160.30479929 -8.02449507 564.28152802
v 152.60456014 -27.10965101 547.90828338
v 158.60797791 -5.12275613 535.42688007
v 164.70811637 6.85814144 545.82189830
v 170.31022864 14.52473757 532.28788035
v 168.30932364 21.39884168 548.07119660
v -170.05196662 -77.13253445 65.06916227
v -165.65113435 -57.03193339 76.52379070
v 168.91068334 26.95961937 539.97390582
v -94.75955104 72.02487328 287.33103457
v -96.56010057 90.94413466 311.40736257
v -82.86337922 69.74480577 323.27699941
v 170.31327176 30.57506993 517.70820882
v 162.91261017 41.47677048 535.02158900
v -133.13270278 95.09398217 42.19177325
v -127.73434117 87.95359912 51.51714840
v -89.16395437 44.30858683 304.01326355
v -87.96175956 65.79833945 303.24173246
v -120.74048155 35.51291379 61.22593055
v -121.23900636 56.92561501 67.55662558
v -119.74025740 57.34846415 80.45139003
v 159.41607478 56.13082417 514.86487917
v -97.86162484 34.64199937 271.27463781
v -99.95983243 39.61840222 258.28645320
v -132.73035632 95.49617844 19.18142002
v -111.26324059 29.12743405 281.97025675
v -139.83440819 94.88517063 58.99723493
v -157.93111655 100.41407024 31.59576753
v -160.25026852 -40.39662049 84.23786958
v -174.95037693 -40.47786821 85.23797531
v 93.88018791 -101.98424515 717.42233371
v 32.48240418 -73.98036089 722.83293632
v -119.34653413 5.84805910 92.44360673
v -124.14831414 -3.50482121 101.00611446
v 10.17835098 -63.80473524 773.26235088
v -131.44935720 -14.20768927 100.89041861
v -224.73366606 55.28675709 12.66655763
v -241.03287626 55.96376351 5.45216859
v -224.83488030 42.47657792 12.18795005
v -219.73714724 19.16745580 11.89139714
v -216.43533622 41.02957004 15.31426214
v -198.83471775 62.99775703 30.73849601
v -198.83238247 74.28857132 18.54146738
v -211.13366883 59.55913155 16.89466499
v -209.03223021 71.00706792 13.79648672
v -224.73199358 70.96712153 11.39527150
v 110.60326118 -66.96469500 521.68927588
v -117.14465188 46.52044567 113.64381157
v -119.24704020 50.50076092 141.37893468
v -98.27479101 29.83013114 397.87671211
v -123.44526868 2.26887612 76.30267044
v 89.60641278 -56.83244884 500.20882092
v -82.67332967 37.30470686 390.64794169
v -90.87561933 35.46891060 411.68201634
v 79.50628043 -53.55240301 504.75179637
v -154.84987484 -52.37029732 68.54306754
v -154.24921845 -54.72389884 59.68249352
v -115.14806939 59.73616024 160.72255992
v -120.04236251 53.95333142 98.11269820
v -126.83845888 77.58590893 82.40109885
v -79.66884897 46.69261834 355.18062978
v -78.57180755 45.68546786 383.70241353
v 62.90489288 -40.69100710 531.23175911
v -122.03690508 63.88257303 53.43415792
v -78.56699227 66.41031209 356.03996953
v -81.76561237 78.07257192 353.73768257
v -119.64225298 25.44572565 69.00125155
v -117.34512421 17.80976171 90.13665442
v -117.24264393 33.24663335 80.56834779
v -224.75582009 -164.76478475 17.37170821
v -229.25437270 -142.32936330 24.98451904
v -214.24925888 -67.32705804 47.69268422
v -149.43755834 91.26736084 86.86300173
v -203.33923418 32.45349315 45.76837544
v 14.19475094 5.75907166 678.04583288
v -229.24119576 -20.31014410 13.47322146
v -231.53933650 -10.76696744 4.30663385
v -233.04097454 -29.40380399 2.32840064
v -118.14925726 21.68910665 135.17623760
v -118.24743388 39.17439856 134.17377659
v -115.45432669 37.22948466 201.01766832
v -173.63183288 96.36982563 34.76461468
v -182.83310100 86.62233474 37.83269005
v -184.23566238 75.67656471 52.62400304
v -193.12998273 82.92215921 3.09045455
v -168.32869958 95.81951633 2.96989913
v -209.03055383 77.32629180 3.28566340
v -142.14162347 88.72409811 124.91337819
v -139.43969397 87.36783017 104.33401683
v -156.44052979 88.43188638 113.71534754
v -74.18331269 73.13977941 525.44937783
v -189.24041844 66.64240105 91.18546442
v -179.73837260 75.84642428 79.82557528
v -164.84569335 89.03351068 165.81190476
v -172.94475210 80.22092127 147.76076864
v -198.24379253 35.49117354 94.22360191
v -163.74151155 84.84034990 119.97765790
v -180.94314342 69.76504833 121.43681648
v -4.01290873 28.16591445 776.47136069
v -109.57447359 19.29592614 384.35570258
v -178.25782770 -180.18752081 22.24366017
v -177.55723106 -188.73703827 7.88939545
v -164.65625875 -179.03975919 7.72298645
v 70.38719108 -87.33860872 661.95852178
v -115.74214915 -41.41875494 2.24767168
v -101.13978319 -17.72200705 1.93937367
v -126.29038982 78.45654275 601.26365446
v -122.94869306 81.41612041 188.25108327
v -117.84941818 72.28412915 186.50920746
v -112.05145558 68.16429553 202.78343864
v -88.38383415 79.43908919 536.84077313
v -130.44768800 87.03993627 183.75244236
v 91.14567361 -100.70996104 1062.95167925
v -179.25609351 -180.49170695 4.64619058
v -192.95428106 -128.71537388 37.45458876
v -211.55522730 -146.35269445 29.55650534
v -207.45614318 -180.88713964 4.75026409
v -240.43247365 55.07910835 0.56679226
v 85.18638405 -92.38743801 665.04773044
v 92.08329635 -99.78239173 688.57977796
v 71.58388821 -93.77953972 688.57397450
v -202.14732747 -26.66429140 68.39395628
v -191.04735748 -9.36364142 85.69852725
v 79.39152707 -81.89392776 624.05961173
v -194.84595593 15.11463438 95.77645680
v 83.08228172 -99.50171530 698.97559233
v -241.55264201 -127.26844391 22.52255251
v -233.14872461 -77.89854978 31.97124161
v -247.64956715 -98.30156859 20.32081721
v 99.48180946 -98.91177479 704.26779982
v -205.94859209 -45.97688281 62.02652349
v -121.86542454 107.34593429 380.63164695
v -45.00874726 75.87003076 781.84337242
v -61.50875930 86.14995150 792.06554598
v -56.30528303 84.42028752 755.69052575
v -74.60546874 91.06807479 764.07504286
v -75.10861108 92.12820974 796.46150549
v -33.30475771 62.95954643 729.35988908
v -84.70473434 93.99255039 759.62282131
v -74.00366147 93.19276340 748.13598623
v -83.30143872 96.16123960 728.88087035
v -94.00158332 98.01907823 732.14818441
v -92.00004221 94.28917134 713.11002200
v -77.49945872 89.70859569 702.78910125
v -88.69767190 91.32933506 686.55755094
v -101.29886059 93.57405116 700.61960247
v -97.79691706 88.85768647 676.59789779
v -104.09462255 87.64176428 652.51469953
v -162.15431922 -162.79603747 4.34189149
v -118.89441875 85.67435095 648.54666258
v -178.35673106 -161.15029582 30.01567939
v -75.40198571 93.30584579 731.53141151
v -156.55484528 -164.94266482 7.48002511
v -163.55607430 -163.20015467 21.45129744
v -48.60307660 77.82597798 727.20103474
v -100.97612198 23.75580398 405.18255639
v -92.67313783 34.11798214 385.60129703
v -218.64598611 -37.88635832 43.98269910
v 108.58292606 -97.17547111 694.83726822
v 6.08295199 -47.41687988 743.47416691
v -3.51426889 -18.49950694 744.17337616
v 9.28759028 -32.25722670 712.10770060
v -228.83659307 14.59439221 1.86806561
v -7.41579628 -18.33285863 759.57241224
v -4.41679539 -26.29738067 761.71072520
v -179.81344681 76.19942390 829.03144802
v -246.54556775 -64.61392023 13.53748965
v -252.14912972 -101.93891327 12.38207295
v -180.11081781 68.81956275 795.55400458
v -190.71104347 51.86895648 781.14386360
v -168.80998549 77.32063662 795.60815194
v 117.87848339 -101.48408405 734.91866626
v -183.16443391 104.12593815 367.57932625
v -113.34985034 49.87405990 168.79444849
v -113.25144176 53.00212066 187.74320971
v -247.44565648 -76.29883279 2.93783594
v -246.04392025 -57.88270318 3.71969627
v -223.63097990 70.07693985 0.40912816
v -206.73080981 71.67330660 0.28317513
v -198.56538402 90.05001918 363.22051442
v -104.85768826 83.60309736 280.12878828
v 15.28497893 -49.40136086 721.30606967
v -130.04477470 84.59558044 152.29003963
v -184.14882546 -14.80442637 94.99466167
v -6.21179952 2.12850948 739.81582329
v -4.61089229 14.07671096 742.50981242
v -113.63762096 7.74285481 5.39839974
v -203.73651272 44.79577351 30.75270745
v 51.78595124 -80.40408670 681.13966566
v 98.87884781 -101.74960875 731.02080219
v -120.74934316 5.83236103 120.44792569
v -122.25239188 15.62616251 160.48443774
v -135.56364892 108.15493733 363.71378175
v -185.73127691 87.01477341 20.02295765
v -162.44385424 86.67569287 145.14981715
v -143.34728176 -92.60838262 3.13009601
v -233.33097431 73.33274180 3.55235296
v -223.85448904 -164.48970389 4.36509709
v -195.54164161 36.84314648 74.09748580
v -187.44162508 70.00800943 106.52974748
v -211.43626952 37.02132138 20.68485567
v -248.14721037 -91.79644705 3.20574359
v -251.54633317 -80.14770806 5.90441813
v -253.84853851 -102.04247917 6.38279934
v -237.33448925 34.67666540 0.61984127
v -110.33120644 70.81753814 3.40793602
v -175.93064284 94.83857528 21.38886255
v -243.23513447 31.94163419 4.36710565
v -116.04759207 21.39671729 118.27897415
v -240.43490484 39.53186846 9.53692748
v -230.43597637 23.74505640 4.71012789
v -169.15284420 -100.68501625 50.67429582
v -118.14059552 20.57626796 47.68240058
f 31 32 33
f 31 33 37
f 37 45 31
f 46 31 45
f 45 56 46
f 63 46 56
f 63 56 11
f 10 63 11
f 10 11 12
f 12 78 10
f 83 10 78
f 83 78 84
f 83 84 92
f 99 83 92
f 99 92 105
f 108 99 105
f 108 105 115
f 122 108 115
f 115 130 122
f 130 131 122
f 136 122 131
f 136 131 143
f 149 136 143
f 156 149 143
f 165 156 143
f 143 168 165
f 165 168 173
f 173 177 165
f 165 177 188
f 188 177 193
f 193 196 188
f 200 188 196
f 210 200 196
f 210 196 214
f 214 232 210
f 210 232 236
f 236 232 252
f 252 259 236
f 236 259 149
f 200 236 149
f 259 291 149
f 298 149 291
f 291 302 298
f 108 298 302
f 315 302 291
f 302 315 324
f 324 99 302
f 99 324 10
f 315 340 324
f 324 340 63
f 315 357 340
f 361 340 357
f 357 368 361
f 368 375 361
f 361 375 384
f 361 384 46
f 375 403 384
f 384 403 31
f 412 403 375
f 416 412 375
f 424 416 375
f 416 424 24
f 24 434 416
f 23 434 24
f 22 23 24
f 446 23 22
f 455 446 22
f 455 22 456
f 456 252 455
f 252 473 455
f 473 481 455
f 487 481 473
f 487 473 499
f 502 487 499
f 502 499 510
f 511 502 510
f 521 511 510
f 521 510 527
f 536 521 527
f 527 539 536
f 551 536 539
f 539 558 551
f 570 551 558
f 573 570 558
f 558 581 573
f 573 581 588
f 588 599 573
f 603 573 599
f 603 599 611
f 611 615 603
f 615 619 603
f 603 619 570
f 619 615 638
f 638 646 619
f 551 619 646
f 521 551 646
f 521 646 659
f 638 659 646
f 638 670 659
f 659 670 511
f 511 670 678
f 670 685 678
f 678 685 691
f 678 691 697
f 697 707 678
f 707 502 678
f 697 481 707
f 714 481 697
f 722 714 697
f 697 726 722
f 722 726 732
f 722 732 434
f 434 732 412
f 732 747 412
f 747 755 412
f 412 755 756
f 755 760 756
f 756 760 32
f 32 403 756
f 760 777 32
f 788 32 777
f 777 792 788
f 797 788 792
f 797 792 801
f 801 809 797
f 809 815 797
f 815 809 816
f 816 819 815
f 825 815 819
f 819 832 825
f 836 825 832
f 836 832 845
f 852 836 845
f 845 858 852
f 852 858 862
f 862 868 852
f 852 868 872
f 872 868 877
f 872 877 881
f 872 881 836
f 881 877 895
f 825 881 895
f 825 895 902
f 905 825 902
f 33 905 902
f 913 905 33
f 913 788 905
f 788 825 905
f 902 895 928
f 902 928 933
f 37 902 933
f 933 943 37
f 943 933 948
f 948 952 943
f 45 943 952
f 967 45 952
f 967 952 971
f 967 971 978
f 11 967 978
f 984 11 978
f 984 978 12
f 12 978 991
f 12 991 997
f 997 991 1005
f 1005 1015 997
f 1022 997 1015
f 1022 1015 1025
f 1022 1025 84
f 1025 1035 84
f 84 1035 1044
f 1035 1048 1044
f 1048 1060 1044
f 1044 1060 1066
f 1077 1044 1066
f 1078 1077 1066
f 1078 1085 1077
f 1077 1085 105
f 1085 1091 105
f 1091 1095 105
f 1095 1091 1105
f 1105 1109 1095
f 115 1095 1109
f 1105 1117 1109
f 130 1109 1117
f 1117 1124 130
f 130 1124 1130
f 130 1130 1133
f 168 1133 1130
f 1130 1142 168
f 168 1142 1152
f 1142 1153 1152
f 1152 1153 1161
f 1152 1161 1165
f 1165 1178 1152
f 1178 173 1152
f 173 1178 1186
f 173 1186 1194
f 1200 173 1194
f 1200 1194 1204
f 1210 1200 1204
f 1204 1214 1210
f 1214 1222 1210
f 1225 1210 1222
f 1225 1222 1237
f 1237 1241 1225
f 1241 214 1225
f 1241 1251 214
f 1251 1241 499
f 1262 1241 1237
f 1262 1237 1270
f 1272 1262 1270
f 1272 1270 1283
f 1272 1283 1284
f 1288 1272 1284
f 1297 1288 1284
f 1300 1297 1284
f 1284 1304 1300
f 1304 1314 1300
f 1300 1314 1320
f 1334 1300 1320
f 1320 1338 1334
f 1338 1349 1334
f 1349 539 1334
f 1297 1334 539
f 1338 581 1349
f 1364 581 1338
f 1338 1368 1364
f 1364 1368 1377
f 1364 1377 1383
f 1383 1377 1387
f 1387 1390 1383
f 588 1383 1390
f 1390 1397 588
f 1397 1390 409
f 409 1404 1397
f 599 1397 1404
f 599 1404 1418
f 1425 1418 1404
f 1404 408 1425
f 1425 408 382
f 1425 382 1435
f 1435 921 1425
f 885 921 1435
f 1435 1448 885
f 1452 885 1448
f 1448 381 1452
f 1452 381 1460
f 1464 1452 1460
f 1460 423 1464
f 423 282 1464
f 282 795 1464
f 795 1484 1464
f 1487 1484 795
f 1487 795 1495
f 876 1487 1495
f 876 1495 269
f 876 269 242
f 242 779 876
f 779 840 876
f 779 448 840
f 840 448 841
f 840 841 1487
f 841 448 896
f 896 942 841
f 942 912 841
f 911 841 912
f 886 911 912
f 912 887 886
f 885 886 887
f 887 929 885
f 929 930 885
f 930 929 979
f 979 980 930
f 930 980 951
f 930 951 920
f 930 920 921
f 920 611 921
f 921 611 1418
f 972 611 920
f 920 951 972
f 951 1392 972
f 972 1392 960
f 615 972 960
f 1392 958 960
f 958 959 960
f 959 638 960
f 959 1384 638
f 1002 1384 959
f 959 1084 1002
f 1084 1039 1002
f 1002 1039 1040
f 1002 1040 1003
f 1002 1003 685
f 685 1003 1070
f 1003 1069 1070
f 1069 1119 1070
f 1070 1119 1052
f 1052 1051 1070
f 1051 691 1070
f 691 1051 726
f 726 1051 1052
f 747 726 1052
f 1052 1110 747
f 1052 1154 1110
f 1128 1110 1154
f 1154 1129 1128
f 1102 1128 1129
f 1129 1103 1102
f 1102 1103 1104
f 1143 1104 1103
f 1143 1103 827
f 867 1143 827
f 866 867 827
f 826 866 827
f 826 827 828
f 828 1137 826
f 826 1137 854
f 826 854 853
f 853 854 855
f 855 1258 853
f 866 853 1258
f 1258 1182 866
f 1221 866 1182
f 1181 1221 1182
f 1180 1181 1182
f 1180 1182 1243
f 1242 1180 1243
f 1258 1242 1243
f 1258 1299 1242
f 1242 1299 1266
f 1242 1266 1229
f 1229 1266 1227
f 1227 1228 1229
f 1228 1285 1229
f 1285 1180 1229
f 1228 1353 1285
f 1310 1285 1353
f 1353 1311 1310
f 1310 1311 1278
f 1278 1181 1310
f 1278 1279 1181
f 1342 1279 1278
f 1341 1342 1278
f 1278 1626 1341
f 1632 1341 1626
f 1626 1326 1632
f 1326 1325 1632
f 1325 801 1632
f 1325 1326 1327
f 1327 1428 1325
f 1428 809 1325
f 1428 1429 809
f 1428 1401 1429
f 816 1429 1401
f 1401 1372 816
f 1372 1401 1373
f 1372 1373 845
f 1420 1373 1401
f 1419 1420 1401
f 1463 1420 1419
f 1409 1463 1419
f 1419 1436 1409
f 1436 1327 1409
f 1327 1410 1409
f 1408 1409 1410
f 1408 1410 1227
f 1453 1408 1227
f 1453 1227 1496
f 1473 1453 1496
f 1496 1472 1473
f 1472 1445 1473
f 1444 1473 1445
f 1443 1444 1445
f 1488 1443 1445
f 1488 1445 1208
f 1170 1488 1208
f 1170 1208 1209
f 1209 1171 1170
f 1169 1170 1171
f 1171 1196 1169
f 1478 1169 1196
f 1195 1478 1196
f 1195 1196 51
f 51 409 1195
f 409 51 335
f 408 409 335
f 50 335 51
f 50 51 52
f 50 52 395
f 433 50 395
f 349 433 395
f 39 349 395
f 395 40 39
f 38 39 40
f 40 91 38
f 91 67 38
f 67 91 68
f 26 67 68
f 26 68 27
f 25 26 27
f 27 79 25
f 25 79 80
f 25 80 135
f 101 25 135
f 101 135 2
f 100 101 2
f 1 100 2
f 1 2 3
f 124 1 3
f 123 124 3
f 123 3 187
f 187 147 123
f 111 123 147
f 147 148 111
f 148 109 111
f 109 110 111
f 124 111 110
f 110 240 124
f 110 241 240
f 240 241 242
f 242 460 240
f 1739 240 460
f 460 222 1739
f 222 221 1739
f 1739 221 100
f 221 222 223
f 101 221 223
f 206 223 222
f 270 206 222
f 222 269 270
f 206 270 204
f 204 205 206
f 206 205 299
f 205 39 299
f 39 26 299
f 299 26 327
f 299 327 223
f 327 25 223
f 205 204 282
f 282 283 205
f 283 349 205
f 334 349 283
f 383 334 283
f 383 283 423
f 382 334 383
f 381 382 383
f 382 335 334
f 334 335 336
f 334 336 433
f 795 204 270
f 206 299 223
f 269 222 460
f 240 1739 100
f 241 110 449
f 449 778 241
f 241 778 779
f 449 448 778
f 447 448 449
f 520 447 449
f 480 447 520
f 480 520 109
f 109 14 480
f 14 13 480
f 13 14 15
f 507 13 15
f 506 507 15
f 577 506 15
f 577 15 529
f 528 577 529
f 528 529 490
f 489 528 490
f 488 489 490
f 490 562 488
f 561 488 562
f 561 562 148
f 148 595 561
f 596 561 595
f 595 540 596
f 169 596 540
f 540 541 169
f 169 541 170
f 169 170 171
f 674 169 171
f 674 171 194
f 158 674 194
f 194 195 158
f 195 159 158
f 157 158 159
f 663 157 159
f 663 159 664
f 721 663 664
f 690 721 664
f 690 664 656
f 689 690 656
f 655 689 656
f 654 655 656
f 656 710 654
f 654 710 711
f 654 711 727
f 759 654 727
f 728 759 727
f 727 700 728
f 699 728 700
f 698 699 700
f 700 748 698
f 748 749 698
f 698 749 808
f 769 698 808
f 769 808 770
f 737 769 770
f 770 735 737
f 735 736 737
f 737 736 1762
f 737 1762 759
f 759 699 737
f 655 759 1762
f 736 1764 1762
f 689 1762 1764
f 1767 689 1764
f 1767 1764 1700
f 1767 1700 1696
f 1696 1766 1767
f 1767 1766 721
f 663 1766 1696
f 1696 1771 663
f 1771 1696 1772
f 1771 1772 157
f 157 1772 1687
f 1772 1688 1687
f 1687 1688 596
f 1853 596 1688
f 1854 1853 1688
f 1693 1854 1688
f 1692 1693 1688
f 1858 1693 1692
f 1858 1692 1695
f 1694 1858 1695
f 1694 1695 1696
f 1863 1858 1694
f 1699 1863 1694
f 1694 1700 1699
f 1352 1699 1700
f 735 1352 1700
f 735 1064 1352
f 1352 1064 1350
f 1350 1351 1352
f 1350 1875 1351
f 1276 1351 1875
f 1276 1875 1164
f 1276 1164 1277
f 1276 1277 1883
f 1276 1883 1863
f 1631 1883 1277
f 1277 1322 1631
f 1631 1322 1854
f 1322 489 1854
f 1322 1324 489
f 1322 1323 1324
f 528 1324 1323
f 1721 528 1323
f 1323 1722 1721
f 1720 1721 1722
f 1720 1722 297
f 297 1732 1720
f 1734 1720 1732
f 1732 1733 1734
f 1733 968 1734
f 1734 968 1360
f 1360 1751 1734
f 1360 1750 1751
f 1751 1750 1753
f 1751 1753 1720
f 1753 1750 1752
f 1752 506 1753
f 1925 1753 506
f 528 1925 506
f 1925 1721 1753
f 1821 1752 1750
f 1752 1821 660
f 507 1752 660
f 507 660 1824
f 1824 1825 507
f 1825 1824 166
f 166 1829 1825
f 1829 942 1825
f 1829 1830 942
f 1830 1941 942
f 1941 1830 1834
f 1834 912 1941
f 1830 1543 1834
f 1834 1543 1534
f 1534 887 1834
f 979 887 1534
f 1773 979 1534
f 1534 1543 1773
f 1545 1773 1543
f 1543 1544 1545
f 1554 1545 1544
f 1554 1544 192
f 192 1552 1554
f 1552 1553 1554
f 1554 1553 725
f 1554 725 1562
f 1561 1554 1562
f 1560 1561 1562
f 1562 1783 1560
f 1560 1783 1954
f 1560 1954 1703
f 1560 1703 1705
f 1703 1704 1705
f 958 1705 1704
f 1709 1705 958
f 1710 1705 1709
f 1709 980 1710
f 1710 980 1773
f 1710 1561 1705
f 1561 1710 1545
f 1704 1703 1714
f 1704 1714 1084
f 1714 1703 1954
f 1954 1718 1714
f 1714 1718 1719
f 1039 1714 1719
f 1039 1719 1801
f 1719 1802 1801
f 1801 1802 1803
f 1040 1801 1803
f 1803 1802 1806
f 1803 1806 1069
f 1069 1806 1807
f 1806 1129 1807
f 1806 1802 1129
f 1802 1812 1129
f 1802 1811 1812
f 1811 1817 1812
f 1817 828 1812
f 1519 828 1817
f 1816 1519 1817
f 1817 1718 1816
f 1816 347 1519
f 1137 1519 347
f 1137 347 1988
f 1988 406 1137
f 1523 1137 406
f 1523 406 427
f 854 1523 427
f 1526 854 427
f 427 1524 1526
f 1524 1525 1526
f 1526 1525 1258
f 1524 1995 1525
f 1525 1995 1530
f 1530 1299 1525
f 1656 1530 1995
f 1995 2000 1656
f 2000 1657 1656
f 1656 1657 1658
f 1472 1656 1658
f 1658 2005 1472
f 1209 2005 1658
f 1209 1658 1662
f 1662 1666 1209
f 1666 1662 1670
f 1670 1667 1666
f 52 1666 1667
f 52 1667 40
f 52 1171 1666
f 1670 91 1667
f 91 1670 1671
f 91 1671 2016
f 1564 2016 1671
f 1565 1564 1671
f 1564 1565 1566
f 1564 1566 1787
f 1787 1573 1564
f 1572 1564 1573
f 79 1572 1573
f 1573 1578 79
f 1578 1573 2022
f 1578 2022 1579
f 1578 1579 1580
f 1580 1584 1578
f 80 1578 1584
f 1586 80 1584
f 1584 1585 1586
f 1800 1586 1585
f 1800 1585 1503
f 1502 1800 1503
f 1501 1502 1503
f 1507 1501 1503
f 1507 1503 585
f 1507 585 1508
f 1507 1508 1509
f 1512 1507 1509
f 1512 1509 2036
f 1512 2036 1513
f 1511 1512 1513
f 1511 1513 2037
f 1517 1511 2037
f 1517 2037 1518
f 541 1517 1518
f 1517 541 2041
f 1518 2037 1613
f 1612 1518 1613
f 1612 1613 1614
f 1612 1614 2045
f 1612 2045 1622
f 1622 1621 1612
f 1620 1621 1622
f 1620 1622 1634
f 1681 1620 1634
f 1633 1681 1634
f 1633 1634 1635
f 2056 1633 1635
f 2056 1635 1649
f 1648 2056 1649
f 1648 1649 1650
f 1725 1648 1650
f 1725 1650 2062
f 2062 1723 1725
f 1723 1724 1725
f 2071 1725 1724
f 1679 2071 1724
f 1679 1724 1738
f 1737 1679 1738
f 1738 218 1737
f 1737 218 1678
f 220 1678 218
f 218 219 220
f 219 268 220
f 219 1604 268
f 1604 266 268
f 266 267 268
f 1674 268 267
f 267 1633 1674
f 1673 268 1674
f 1672 1673 1674
f 1674 2056 1672
f 1672 2056 2071
f 1678 1673 1672
f 1678 1672 1679
f 268 1673 1678
f 267 266 1601
f 1601 1682 267
f 1681 267 1682
f 1681 1682 2098
f 1681 2098 1685
f 1685 2098 1594
f 1594 1595 1685
f 1595 1620 1685
f 1595 2107 1620
f 2107 1595 194
f 1594 194 1595
f 2111 1594 2098
f 2111 2098 1600
f 1599 2111 1600
f 1599 1600 1601
f 1601 1605 1599
f 710 1599 1605
f 1604 1605 1601
f 1604 711 1605
f 711 1604 1610
f 1610 1604 2067
f 2067 1611 1610
f 1609 1610 1611
f 1611 1141 1609
f 1609 1141 700
f 1088 1141 1611
f 1611 1089 1088
f 1088 1089 1090
f 1108 1088 1090
f 1108 1090 2126
f 1108 2126 1106
f 1106 1107 1108
f 1107 1106 740
f 1107 740 1122
f 1088 1107 1122
f 1088 1122 1123
f 1122 2137 1123
f 1123 2137 2138
f 2138 748 1123
f 1123 748 1141
f 2141 748 2138
f 2138 822 2141
f 824 2141 822
f 822 823 824
f 850 824 823
f 823 781 850
f 850 781 851
f 849 850 851
f 849 851 796
f 796 2147 849
f 2147 871 849
f 870 849 871
f 871 894 870
f 2152 870 894
f 893 2152 894
f 549 893 894
f 549 894 2155
f 2155 2157 549
f 2157 550 549
f 548 549 550
f 550 974 548
f 974 578 548
f 580 548 578
f 578 579 580
f 608 580 579
f 608 579 636
f 636 609 608
f 608 609 610
f 608 610 2152
f 610 609 824
f 824 609 636
f 636 579 637
f 637 808 636
f 808 637 1034
f 987 1034 637
f 986 987 637
f 986 637 578
f 987 986 1013
f 1012 987 1013
f 1012 1013 1014
f 1014 2194 1012
f 1012 2194 1033
f 1012 1033 1034
f 1033 770 1034
f 770 1033 2203
f 2203 1065 770
f 2203 1063 1065
f 1063 1064 1065
f 1064 1063 2207
f 1433 2207 1063
f 1433 1063 1434
f 1432 1433 1434
f 1434 2194 1432
f 1449 1432 2194
f 1450 1449 2194
f 1449 1450 1451
f 1451 1467 1449
f 1451 1455 1467
f 1455 1468 1467
f 1467 1468 1469
f 1467 1469 1432
f 1432 1469 1486
f 1469 211 1486
f 1485 1486 211
f 1485 211 213
f 213 1875 1485
f 211 212 213
f 212 1164 213
f 257 1164 212
f 212 258 257
f 256 257 258
f 1193 256 258
f 1193 258 295
f 1193 295 297
f 295 296 297
f 295 1213 296
f 1213 321 296
f 323 296 321
f 321 322 323
f 322 898 323
f 898 2238 323
f 910 2238 898
f 898 908 910
f 908 909 910
f 910 909 927
f 910 927 926
f 1733 910 926
f 925 926 927
f 927 2245 925
f 925 2245 946
f 946 945 925
f 945 946 947
f 947 2250 945
f 969 945 2250
f 2250 970 969
f 968 969 970
f 968 926 969
f 970 2250 2254
f 2254 1359 970
f 1359 1360 970
f 1359 1382 1360
f 1360 1382 1821
f 1382 661 1821
f 1381 661 1382
f 1382 1651 1381
f 1381 1651 2265
f 1381 2265 1396
f 1395 1381 1396
f 1395 1396 2266
f 1416 1395 2266
f 1416 2266 1417
f 1416 1417 120
f 1416 120 2270
f 119 2270 120
f 119 120 121
f 119 121 140
f 167 119 140
f 142 167 140
f 140 141 142
f 1830 142 141
f 1830 141 1544
f 141 140 1544
f 142 166 167
f 119 167 662
f 1824 662 167
f 140 121 1544
f 121 120 192
f 2270 119 662
f 662 661 2270
f 661 1395 2270
f 660 661 662
f 120 1417 1552
f 1417 682 1552
f 684 1552 682
f 682 683 684
f 683 1735 684
f 684 1735 2294
f 684 2294 708
f 708 709 684
f 1553 684 709
f 709 708 347
f 347 346 709
f 725 709 346
f 725 346 1783
f 346 348 1783
f 1783 348 1816
f 346 347 348
f 1261 347 708
f 708 373 1261
f 372 1261 373
f 372 373 374
f 374 407 372
f 372 407 1988
f 374 405 407
f 405 406 407
f 428 406 405
f 428 405 2311
f 428 2311 429
f 427 428 429
f 429 1337 427
f 35 1337 429
f 429 36 35
f 34 35 36
f 2315 34 36
f 62 2315 36
f 62 36 60
f 60 61 62
f 62 61 2319
f 62 2319 76
f 76 75 62
f 75 76 77
f 77 97 75
f 97 96 75
f 1579 75 96
f 96 97 98
f 555 96 98
f 555 98 2328
f 555 2328 556
f 555 556 557
f 557 556 586
f 1585 557 586
f 586 585 1585
f 585 586 587
f 585 587 2337
f 614 2337 587
f 614 587 612
f 612 613 614
f 2341 614 613
f 2341 613 764
f 645 764 613
f 644 645 613
f 2346 644 613
f 644 2346 990
f 990 989 644
f 988 989 990
f 1020 988 990
f 990 2353 1020
f 1020 2353 1021
f 1019 1020 1021
f 1041 1019 1021
f 1021 2360 1041
f 2360 1042 1041
f 1041 1042 1043
f 1042 341 1043
f 1043 341 2364
f 1043 2364 1076
f 1019 1043 1076
f 1019 1076 745
f 988 1019 745
f 988 745 744
f 744 745 746
f 744 746 2368
f 744 2368 2369
f 744 2369 765
f 764 744 765
f 2373 764 765
f 2373 765 790
f 789 2373 790
f 789 790 791
f 791 2374 789
f 813 789 2374
f 813 2374 814
f 812 813 814
f 812 814 2377
f 443 812 2377
f 443 2377 444
f 443 444 445
f 2381 445 444
f 2381 444 471
f 470 2381 471
f 470 471 472
f 500 470 472
f 472 2388 500
f 2388 501 500
f 410 500 501
f 525 410 501
f 2390 525 501
f 2390 526 525
f 181 525 526
f 526 2394 181
f 2394 2395 181
f 181 2395 182
f 181 182 183
f 183 2318 181
f 183 286 2318
f 285 2318 286
f 284 285 286
f 301 284 286
f 286 300 301
f 300 2401 301
f 301 2401 2404
f 339 301 2404
f 339 2404 2325
f 339 2325 337
f 337 338 339
f 338 337 350
f 350 351 338
f 284 338 351
f 351 2275 284
f 351 2407 2275
f 2275 2407 396
f 2275 396 285
f 396 397 285
f 397 411 285
f 397 410 411
f 2281 410 397
f 2417 410 2281
f 2418 2417 2281
f 28 2418 2281
f 28 2281 29
f 28 29 30
f 42 28 30
f 30 41 42
f 41 2423 42
f 42 2423 2230
f 2427 42 2230
f 1617 2427 2230
f 1617 2230 1627
f 1627 1628 1617
f 1617 1628 1615
f 1615 1616 1617
f 218 1616 1615
f 218 1615 2232
f 1090 2232 1615
f 2232 1090 1652
f 1652 219 2232
f 1089 219 1652
f 2067 219 1089
f 1615 1628 1636
f 1615 1636 2126
f 2126 1636 2435
f 2305 2435 1636
f 1636 1747 2305
f 1748 2305 1747
f 1747 1727 1748
f 703 1748 1727
f 1726 703 1727
f 2445 1726 1727
f 1628 2445 1727
f 1726 2445 2312
f 2312 209 1726
f 2312 207 209
f 207 208 209
f 209 208 224
f 209 224 225
f 209 225 2451
f 2451 703 209
f 2451 2457 703
f 703 2457 2384
f 703 2384 701
f 701 702 703
f 701 712 702
f 712 713 702
f 702 713 2305
f 713 2391 2305
f 2465 2305 2391
f 2391 740 2465
f 740 2391 738
f 738 739 740
f 751 740 739
f 739 750 751
f 750 2137 751
f 2137 750 1071
f 750 823 1071
f 739 781 750
f 781 739 782
f 780 781 782
f 780 782 425
f 780 425 796
f 796 425 1004
f 1004 1111 796
f 1111 1004 17
f 17 2147 1111
f 17 16 2147
f 16 17 18
f 18 451 16
f 450 16 451
f 1053 450 451
f 1053 451 2476
f 1053 2476 2290
f 5 1053 2290
f 5 2290 6
f 4 5 6
f 4 6 82
f 81 4 82
f 2298 81 82
f 82 2483 2298
f 2298 2483 2484
f 2484 112 2298
f 112 114 2298
f 112 113 114
f 113 125 114
f 114 125 126
f 81 114 126
f 126 2486 81
f 81 2486 160
f 2486 2323 160
f 2323 161 160
f 160 161 162
f 160 162 5
f 162 172 5
f 172 2157 5
f 172 657 2157
f 2498 657 172
f 2498 1689 657
f 1689 658 657
f 657 658 550
f 658 665 550
f 665 658 666
f 666 2500 665
f 2500 973 665
f 665 973 974
f 986 974 973
f 2500 2274 973
f 2274 924 973
f 924 1013 973
f 924 923 1013
f 922 923 924
f 924 1385 922
f 922 1385 1386
f 922 1386 963
f 922 963 962
f 2512 922 962
f 962 1451 2512
f 2512 1451 923
f 961 962 963
f 1421 962 961
f 1421 961 1422
f 1422 1555 1421
f 1421 1555 2520
f 1421 2520 2521
f 1376 1421 2521
f 1376 2521 1374
f 1374 1375 1376
f 1454 1376 1375
f 1454 1375 1455
f 1455 962 1454
f 491 1375 1374
f 1374 2530 491
f 1146 491 2530
f 1146 2530 1411
f 1146 1411 1412
f 1146 1412 1144
f 1144 1145 1146
f 492 1146 1145
f 492 1145 493
f 491 492 493
f 493 509 491
f 508 491 509
f 509 211 508
f 1213 211 509
f 509 493 542
f 542 321 509
f 543 542 493
f 542 543 544
f 542 544 322
f 544 563 322
f 544 543 563
f 543 897 563
f 563 897 898
f 897 543 2127
f 897 2127 2538
f 2538 843 897
f 897 843 908
f 2538 844 843
f 842 843 844
f 844 931 842
f 842 931 932
f 842 932 2139
f 2139 2546 842
f 2546 2139 2245
f 2245 2139 890
f 888 890 2139
f 888 889 890
f 890 889 1343
f 890 1343 1344
f 2231 890 1344
f 2231 1344 1281
f 2551 2231 1281
f 2254 2551 1281
f 2254 1281 1280
f 1280 1281 1282
f 1651 1280 1282
f 1359 1280 1651
f 1282 1281 2237
f 1328 1282 2237
f 2237 2556 1328
f 1328 2556 2560
f 1328 2560 1329
f 1328 1329 1330
f 1743 1328 1330
f 1743 1330 1744
f 1743 1744 1396
f 1396 1744 1736
f 683 1396 1736
f 1756 1736 1744
f 1736 1756 373
f 373 1735 1736
f 1758 373 1756
f 1756 1757 1758
f 374 1758 1757
f 1757 2572 374
f 2573 2572 1757
f 2573 1757 1755
f 1754 2573 1755
f 1489 1754 1755
f 1489 1755 1490
f 1489 1490 1491
f 1489 1491 2260
f 1489 2260 1447
f 1447 2578 1489
f 2579 2578 1447
f 1446 2579 1447
f 1198 1446 1447
f 1447 1199 1198
f 1197 1198 1199
f 2225 1197 1199
f 1479 2225 1199
f 1479 1199 2585
f 1479 2585 2588
f 2588 1480 1479
f 1244 1479 1480
f 1244 1480 1245
f 1244 1245 1246
f 1246 2215 1244
f 1184 2215 1246
f 1184 1246 2375
f 2375 2592 1184
f 2592 1185 1184
f 1183 1184 1185
f 1185 1286 1183
f 1286 1287 1183
f 1183 1287 2225
f 1183 2225 2215
f 1287 2600 2225
f 1231 2600 1287
f 1231 1287 1230
f 1230 1120 1231
f 2604 1231 1120
f 2604 1120 2032
f 990 2604 2032
f 1093 2032 1120
f 1120 1121 1093
f 1093 1121 1094
f 1092 1093 1094
f 1094 1286 1092
f 1286 2610 1092
f 1163 1092 2610
f 1163 2610 1185
f 1162 1092 1163
f 1131 1162 1163
f 1163 833 1131
f 1131 833 1132
f 1132 439 1131
f 2611 439 1132
f 197 2611 1132
f 869 197 1132
f 1132 835 869
f 138 869 835
f 834 138 835
f 833 834 835
f 834 833 2376
f 834 2376 2621
f 1996 834 2621
f 2621 906 1996
f 878 1996 906
f 906 907 878
f 907 879 878
f 878 879 880
f 880 605 878
f 878 605 2625
f 605 139 2625
f 834 2625 139
f 604 139 605
f 560 604 605
f 151 604 560
f 559 151 560
f 560 2635 559
f 2635 2639 559
f 1951 559 2639
f 2639 649 1951
f 650 1951 649
f 649 617 650
f 616 650 617
f 616 617 618
f 1393 616 618
f 618 2640 1393
f 316 1393 2640
f 2018 316 2640
f 2018 1030 316
f 993 316 1030
f 1030 994 993
f 992 993 994
f 1087 992 994
f 1087 994 2649
f 1087 2649 1668
f 1668 2024 1087
f 2024 1046 1087
f 1086 1087 1046
f 1045 1086 1046
f 1045 1046 1047
f 1047 2651 1045
f 2657 1045 2651
f 2651 2115 2657
f 1437 2657 2115
f 2115 1465 1437
f 1437 1465 1466
f 1437 1466 1438
f 1437 1438 1439
f 2121 1439 1438
f 2121 1438 2664
f 2664 2031 2121
f 2121 2031 1499
f 1499 985 2121
f 985 1499 1500
f 1500 1474 985
f 272 985 1474
f 272 1474 2503
f 272 2503 273
f 271 272 273
f 915 271 273
f 273 1211 915
f 253 915 1211
f 1211 1179 253
f 1179 254 253
f 253 254 255
f 332 255 254
f 254 331 332
f 332 331 1223
f 332 1223 1259
f 1259 318 332
f 1259 1223 318
f 318 1223 316
f 316 317 318
f 2006 318 317
f 993 2006 317
f 255 318 2006
f 2006 944 255
f 915 255 944
f 915 944 916
f 914 915 916
f 914 916 1086
f 2657 914 1086
f 953 914 2657
f 1439 953 2657
f 953 1439 985
f 985 954 953
f 985 271 954
f 953 954 914
f 954 915 914
f 916 944 2006
f 1087 916 2006
f 331 1394 1223
f 1223 1394 1393
f 1365 1393 1394
f 1394 1366 1365
f 1365 1366 1367
f 1365 1367 1951
f 1951 1367 571
f 1430 1951 571
f 571 2102 1430
f 2102 1431 1430
f 1403 1430 1431
f 1431 547 1403
f 547 1402 1403
f 1403 1402 152
f 152 151 1403
f 150 151 152
f 152 1855 150
f 137 150 1855
f 1855 198 137
f 137 198 2697
f 137 2697 138
f 137 138 139
f 2697 198 197
f 197 198 199
f 198 1867 199
f 1867 680 199
f 680 2701 199
f 190 199 2701
f 190 2701 191
f 189 190 191
f 189 191 693
f 692 189 693
f 692 693 679
f 2704 692 679
f 2428 2704 679
f 2705 2428 679
f 681 2705 679
f 679 680 681
f 680 734 681
f 733 681 734
f 733 734 1441
f 733 1441 2713
f 2713 723 733
f 2705 733 723
f 724 2705 723
f 723 385 724
f 387 724 385
f 385 386 387
f 386 1302 387
f 1301 387 1302
f 370 1301 1302
f 370 1302 1271
f 370 1271 371
f 369 370 371
f 436 369 371
f 371 435 436
f 1922 436 435
f 1357 1922 435
f 435 1315 1357
f 426 1357 1315
f 426 1315 71
f 71 425 426
f 425 71 70
f 69 70 71
f 71 1838 69
f 1838 2118 69
f 69 2118 2724
f 69 2724 59
f 59 58 69
f 57 58 59
f 57 59 107
f 106 57 107
f 1847 106 107
f 1847 107 1894
f 1894 94 1847
f 2732 1847 94
f 93 2732 94
f 93 94 95
f 600 93 95
f 600 95 601
f 600 601 1947
f 2733 600 1947
f 2733 1947 2003
f 2003 584 2733
f 583 2733 584
f 582 583 584
f 582 584 647
f 582 647 648
f 1953 582 648
f 1953 648 2744
f 2744 2745 1953
f 639 1953 2745
f 639 2745 640
f 113 639 640
f 640 1026 113
f 1026 640 1027
f 2019 1026 1027
f 2751 2019 1027
f 538 2019 2751
f 538 2751 1018
f 1017 538 1018
f 1016 1017 1018
f 1016 1018 1079
f 1079 1080 1016
f 1016 1080 2025
f 2748 2025 1080
f 2748 1080 1067
f 2765 2748 1067
f 771 2765 1067
f 771 1067 1068
f 1068 772 771
f 771 772 773
f 771 773 1971
f 1971 2767 771
f 2771 2767 1971
f 763 2767 2771
f 2771 761 763
f 761 762 763
f 762 817 763
f 817 818 763
f 1982 763 818
f 818 810 1982
f 1982 810 2765
f 2765 2767 1982
f 811 2765 810
f 810 483 811
f 482 811 483
f 482 483 467
f 467 1933 482
f 482 1933 2025
f 1017 2025 1933
f 1017 1933 469
f 1933 467 469
f 467 468 469
f 538 469 468
f 468 537 538
f 537 468 1942
f 537 1942 2788
f 524 537 2788
f 524 2788 2791
f 2791 522 524
f 522 523 524
f 523 1026 524
f 125 1026 523
f 523 1763 125
f 523 1730 1763
f 1730 2316 1763
f 2317 1763 2316
f 2316 1260 2317
f 2728 2317 1260
f 1260 1166 2728
f 1770 2728 1166
f 1166 1768 1770
f 1768 1769 1770
f 1769 2324 1770
f 1770 2324 2323
f 2322 2323 2324
f 2324 1317 2322
f 1689 2322 1317
f 1317 1316 1689
f 1689 1316 1690
f 1689 1690 1691
f 1690 666 1691
f 666 1690 2273
f 2273 2274 666
f 2274 2273 2805
f 2805 2699 2274
f 2699 1385 2274
f 2699 1698 1385
f 1697 1385 1698
f 2286 1697 1698
f 2280 2286 1698
f 2279 2280 1698
f 2805 2280 2279
f 2280 1312 2286
f 2665 2286 1312
f 1167 2665 1312
f 1167 1312 1313
f 1167 1313 1212
f 1212 1168 1167
f 1166 1167 1168
f 1275 1167 1166
f 1273 1275 1166
f 1166 1638 1273
f 1637 1273 1638
f 1637 1638 1260
f 1216 1637 1260
f 1260 1217 1216
f 1215 1216 1217
f 1253 1215 1217
f 1217 1730 1253
f 1254 1253 1730
f 1263 1254 1730
f 1263 1730 1731
f 1731 1303 1263
f 1263 1303 1264
f 1263 1264 1265
f 1264 2672 1265
f 2672 2718 1265
f 1265 2718 2719
f 2719 1358 1265
f 1254 1265 1358
f 1358 1252 1254
f 1358 1305 1252
f 1252 1305 1306
f 1252 1306 1822
f 1252 1822 1253
f 2550 1822 1306
f 2550 1823 1822
f 1822 1823 1215
f 1274 1215 1823
f 2383 1274 1823
f 2382 2383 1823
f 2383 2382 2785
f 1833 2383 2785
f 2785 2648 1833
f 2648 1831 1833
f 1831 1832 1833
f 1832 2396 1833
f 2167 2396 1832
f 1832 2389 2167
f 1540 2167 2389
f 2170 1540 2389
f 2170 1541 1540
f 1540 1541 1542
f 1540 1542 1775
f 2168 1540 1775
f 2168 1775 2332
f 2332 2169 2168
f 2167 2168 2169
f 2169 2332 1556
f 1555 2169 1556
f 1555 1556 1557
f 1556 1780 1557
f 2181 1557 1780
f 2181 1780 2342
f 2181 2342 2180
f 2180 1411 2181
f 2838 2181 1411
f 1707 1411 2180
f 2180 1708 1707
f 1706 1707 1708
f 1708 2287 1706
f 2289 1706 2287
f 2287 2288 2289
f 2289 2288 2709
f 1716 2289 2709
f 2709 2156 1716
f 1716 2156 1717
f 1715 1716 1717
f 2296 1715 1717
f 2296 1717 2297
f 2295 2296 2297
f 2295 2297 2766
f 1804 2295 2766
f 1804 2766 2208
f 2208 1805 1804
f 888 1804 1805
f 932 1804 888
f 2177 1805 2208
f 2208 2210 2177
f 2210 2182 2177
f 2183 2177 2182
f 2182 1815 2183
f 1814 2183 1815
f 1813 1814 1815
f 1813 2380 1814
f 2380 2376 1814
f 2375 1814 2376
f 906 2380 1813
f 1813 1520 906
f 1520 1522 906
f 1520 1521 1522
f 2618 1522 1521
f 1521 2209 2618
f 2618 2209 2143
f 1527 2618 2143
f 1527 2143 2144
f 2156 1527 2144
f 2156 1528 1527
f 1527 1528 1529
f 2623 1529 1528
f 1528 2153 2623
f 2153 879 2623
f 879 2153 2154
f 2153 1659 2154
f 2246 2154 1659
f 1661 2246 1659
f 1659 1660 1661
f 2673 1661 1660
f 2673 1660 2674
f 2243 2673 2674
f 2674 2244 2243
f 1669 2243 2244
f 1669 2244 2253
f 2253 1047 1669
f 1668 1669 1047
f 1669 1668 2862
f 2679 1047 2253
f 2679 2253 2251
f 1571 2679 2251
f 1571 2251 2252
f 2252 2195 1571
f 1571 2195 1569
f 1569 1570 1571
f 1570 1789 1571
f 1887 1789 1570
f 1887 2192 1789
f 2193 1789 2192
f 2192 1583 2193
f 2115 2193 1583
f 2192 1581 1583
f 1581 1582 1583
f 1582 1465 1583
f 1582 2131 1465
f 2361 2131 1582
f 2131 2361 2206
f 2206 1506 2131
f 1506 1505 2131
f 2131 1505 1438
f 1504 1505 1506
f 1504 1506 2406
f 2406 2129 1504
f 2227 1504 2129
f 2128 2227 2129
f 2128 2129 2130
f 2128 2130 1516
f 1516 1515 2128
f 1514 1515 1516
f 432 1514 1516
f 432 1516 274
f 2593 432 274
f 2140 2593 274
f 243 2140 274
f 274 275 243
f 1619 243 275
f 1618 1619 275
f 1618 275 2667
f 2667 2668 1618
f 1618 2668 260
f 262 1618 260
f 260 261 262
f 262 261 333
f 333 1643 262
f 1643 1644 262
f 1644 1619 262
f 244 1644 1643
f 244 1643 2577
f 244 2577 325
f 244 325 326
f 244 326 388
f 388 245 244
f 243 244 245
f 2717 245 388
f 245 2717 2593
f 376 2593 2717
f 2717 377 376
f 376 377 313
f 313 377 437
f 437 314 313
f 312 313 314
f 312 314 2723
f 2723 2684 312
f 312 2684 430
f 312 430 432
f 430 431 432
f 430 1677 431
f 1676 431 1677
f 1675 1676 1677
f 2684 1675 1677
f 2683 1675 2684
f 2683 2261 1675
f 1606 1675 2261
f 2261 2262 1606
f 1598 1606 2262
f 1598 2262 1683
f 1683 1684 1598
f 2690 1598 1684
f 1684 2398 2690
f 2398 2268 2690
f 2268 1596 2690
f 2268 2269 1596
f 2269 2218 1596
f 1596 2218 1597
f 1596 1597 1598
f 2217 1597 2218
f 2218 2471 2217
f 2471 1096 2217
f 1096 1098 2217
f 1098 2216 2217
f 1607 2217 2216
f 2216 1608 1607
f 1606 1607 1608
f 1607 1606 1597
f 2216 1676 1608
f 1676 2216 2226
f 1676 2226 1515
f 1515 2226 2227
f 2226 2216 2227
f 2216 1098 2227
f 2227 1098 2664
f 1096 1097 1098
f 1097 2031 1098
f 1097 2029 2031
f 2029 2030 2031
f 1134 2030 2029
f 2176 1134 2029
f 1134 2176 2163
f 2163 1135 1134
f 1134 1135 1136
f 1136 1500 1134
f 1135 839 1136
f 2038 1136 839
f 2038 839 1211
f 2038 1211 2503
f 1136 2038 2503
f 839 1135 837
f 837 838 839
f 838 1179 839
f 838 1990 1179
f 838 1989 1990
f 2508 1990 1989
f 1989 2362 2508
f 882 2508 2362
f 2362 883 882
f 882 883 884
f 882 884 1394
f 883 1993 884
f 1993 1994 884
f 1994 1366 884
f 1993 2468 1994
f 2468 571 1994
f 571 2468 572
f 496 571 572
f 783 496 572
f 496 783 784
f 1774 496 784
f 784 2472 1774
f 21 1774 2472
f 21 2472 883
f 883 620 21
f 620 621 21
f 21 621 19
f 19 20 21
f 20 19 1777
f 1777 494 20
f 20 494 1774
f 494 1777 2460
f 2460 998 494
f 998 999 494
f 494 999 495
f 494 495 496
f 1788 496 495
f 495 2924 1788
f 2924 1049 1788
f 1788 1049 545
f 1788 545 2102
f 1049 1050 545
f 1050 546 545
f 545 546 547
f 1795 547 546
f 546 1440 1795
f 1795 1440 1402
f 1440 1442 1402
f 1402 1442 1855
f 1440 1441 1442
f 2112 1441 1440
f 2112 1440 2113
f 2112 2113 2114
f 2354 2114 2113
f 2354 2113 2596
f 2596 1476 2354
f 1475 2354 1476
f 1475 1476 1477
f 1477 2120 1475
f 2119 1475 2120
f 2118 2119 2120
f 239 2118 2120
f 1884 239 2120
f 239 1884 237
f 237 238 239
f 239 238 107
f 238 2046 107
f 107 2046 1881
f 1881 2046 1882
f 1881 1882 304
f 1894 1881 304
f 304 303 1894
f 303 304 305
f 303 305 1226
f 94 303 1226
f 1226 305 2057
f 1226 2057 918
f 95 1226 918
f 918 2057 2505
f 918 2505 2519
f 918 2519 919
f 917 918 919
f 917 919 2004
f 2003 917 2004
f 647 2003 2004
f 647 2004 2526
f 2004 2527 2526
f 2526 2527 956
f 955 2526 956
f 955 956 957
f 2012 955 957
f 957 2013 2012
f 2011 2012 2013
f 2011 2013 2939
f 2011 2939 2576
f 1369 2011 2576
f 1369 2576 1370
f 1369 1370 1371
f 2092 1369 1371
f 2092 1371 2093
f 1068 2092 2093
f 1068 2093 2582
f 2582 2581 1068
f 2581 2582 1405
f 1407 2581 1405
f 1405 1406 1407
f 2099 1407 1406
f 2099 1406 2100
f 2099 2100 2101
f 2099 2101 1859
f 2101 132 1859
f 134 1859 132
f 132 133 134
f 2411 134 133
f 133 1857 2411
f 761 2411 1857
f 761 2680 2411
f 1856 1857 133
f 1856 133 180
f 179 1856 180
f 178 179 180
f 2421 178 180
f 2421 180 2422
f 2422 1870 2421
f 2421 1870 1869
f 1868 1869 1870
f 1870 671 1868
f 673 1868 671
f 671 672 673
f 673 672 1892
f 2479 673 1892
f 1959 2479 1892
f 1892 1895 1959
f 1959 1895 1960
f 716 1959 1960
f 1960 717 716
f 715 716 717
f 1964 715 717
f 1964 717 2485
f 2485 2962 1964
f 1964 2962 1965
f 1964 1965 364
f 1965 1908 364
f 364 1908 362
f 362 363 364
f 715 364 363
f 1906 715 363
f 1906 363 2072
f 1906 2072 1907
f 419 1906 1907
f 419 1907 1926
f 419 1926 417
f 417 418 419
f 1321 419 418
f 1321 418 2080
f 1923 1321 2080
f 1923 2080 1924
f 48 1923 1924
f 48 1924 1842
f 48 1842 49
f 47 48 49
f 47 49 2399
f 1840 47 2399
f 1840 2399 2963
f 1840 2963 1841
f 1839 1840 1841
f 1839 1841 86
f 85 1839 86
f 85 86 87
f 1587 85 87
f 87 2405 1587
f 1072 1587 2405
f 2405 1848 1072
f 1848 1073 1072
f 574 1072 1073
f 1073 575 574
f 574 575 576
f 576 2470 574
f 2470 1112 574
f 2967 574 1112
f 1061 2967 1112
f 629 1061 1112
f 1112 1113 629
f 1113 630 629
f 628 629 630
f 630 2475 628
f 2474 628 2475
f 2475 1563 2474
f 1148 2474 1563
f 1563 1147 1148
f 1147 1006 1148
f 1008 1148 1006
f 1006 1007 1008
f 1008 1007 2534
f 1008 2534 856
f 2474 1008 856
f 2534 1574 856
f 1574 857 856
f 856 857 628
f 628 857 1061
f 1061 857 1062
f 1061 1062 2536
f 2536 2537 1061
f 2536 1589 2537
f 1588 2537 1589
f 1587 1588 1589
f 1589 757 1587
f 1589 758 757
f 85 757 758
f 2492 758 1589
f 1589 2491 2492
f 2491 1972 2492
f 2492 1972 804
f 804 1972 1973
f 804 1973 1984
f 1984 802 804
f 802 803 804
f 804 803 1983
f 804 1983 758
f 758 1983 1839
f 803 1936 1983
f 1983 1936 459
f 1983 459 1840
f 1936 457 459
f 457 458 459
f 459 458 47
f 458 1935 47
f 1935 458 2984
f 2984 1934 1935
f 1934 513 1935
f 1923 1935 513
f 512 1923 513
f 512 513 514
f 514 2467 512
f 2466 512 2467
f 2467 1943 2466
f 1944 2466 1943
f 1943 1893 1944
f 2730 1944 1893
f 2730 1893 419
f 2730 419 2731
f 2466 2730 2731
f 1321 2466 2731
f 1943 1959 1893
f 2466 1944 2730
f 2467 2729 1943
f 2729 2479 1943
f 2993 2479 2729
f 2994 2993 2729
f 2994 2996 2993
f 2612 2996 2994
f 2612 2994 2997
f 2613 2612 2997
f 2613 2997 2998
f 2703 2613 2998
f 2703 2998 1934
f 2702 2703 1934
f 2983 2703 2702
f 2069 2983 2702
f 457 2069 2702
f 2984 457 2702
f 2079 2069 457
f 2700 2079 457
f 2700 3004 2079
f 3005 2079 3004
f 2780 3005 3004
f 2780 3004 802
f 2669 2780 802
f 2781 2780 2669
f 2055 2781 2669
f 2053 2055 2669
f 2669 1007 2053
f 1007 2669 1984
f 1007 1984 1574
f 2053 2054 2055
f 2054 2042 2055
f 2055 2042 2044
f 2042 2043 2044
f 2043 2058 2044
f 2722 2044 2058
f 3019 2722 2058
f 3019 2058 2769
f 3019 2769 2768
f 2768 2720 3019
f 2720 2768 2091
f 2720 2091 2077
f 2720 2077 3005
f 3005 2721 2720
f 2720 2721 2722
f 2077 2091 2078
f 2077 2078 2079
f 2070 2079 2078
f 2070 2078 2068
f 2068 2069 2070
f 2069 2068 2083
f 2069 2083 2885
f 2083 3040 2885
f 3040 2703 2885
f 3040 3044 2703
f 3044 3040 3046
f 3044 3046 2614
f 2613 3044 2614
f 2614 3046 2787
f 2787 2790 2614
f 2789 2614 2790
f 1927 2789 2790
f 2789 1927 1868
f 2789 1868 2996
f 2614 2789 2612
f 1927 2790 2787
f 2786 1927 2787
f 2786 2787 3061
f 3061 3062 2786
f 3064 2786 3062
f 3064 3062 3066
f 3066 3067 3064
f 3064 3067 3069
f 3064 3069 2747
f 2747 3069 3071
f 2747 3071 178
f 178 1869 2747
f 2747 1869 2786
f 3069 2914 3071
f 2913 3071 2914
f 2913 2914 2742
f 2741 2913 2742
f 2741 2742 2743
f 2638 2741 2743
f 2638 2743 2637
f 2637 2631 2638
f 2630 2638 2631
f 2629 2630 2631
f 2629 2631 2753
f 2716 2629 2753
f 2716 2753 2752
f 2752 2714 2716
f 2714 2715 2716
f 2716 2715 3090
f 3090 2715 3091
f 2711 3090 3091
f 3091 2936 2711
f 2711 2936 2712
f 2710 2711 2712
f 2710 2712 3094
f 3090 2710 3094
f 3094 3095 3090
f 2629 3090 3095
f 2629 3095 3096
f 2775 2629 3096
f 2775 3096 3097
f 3097 3098 2775
f 3098 2777 2775
f 2776 2775 2777
f 2777 1856 2776
f 3102 2776 1856
f 3102 2913 2776
f 2913 3102 179
f 2741 2775 2776
f 2775 2741 2630
f 2777 3098 1857
f 3098 762 1857
f 3098 3097 762
f 3096 3107 3097
f 3107 3108 3097
f 3097 3108 817
f 3107 3094 3108
f 3094 3114 3108
f 3108 3114 818
f 818 3114 3116
f 3116 3114 2906
f 3116 2906 810
f 2906 3114 2712
f 2906 2712 2735
f 2906 2735 2966
f 2906 2966 483
f 2735 2615 2966
f 2966 2615 467
f 1942 467 2615
f 2615 2617 1942
f 2615 2616 2617
f 2616 3122 2617
f 3122 2788 2617
f 2788 3122 3127
f 2616 3127 3122
f 2670 3127 2616
f 3129 2670 2616
f 2616 2734 3129
f 2937 3129 2734
f 2936 2937 2734
f 2936 3135 2937
f 3135 3136 2937
f 2671 2937 3136
f 3136 2677 2671
f 2671 2677 2678
f 2671 2678 2672
f 2670 2671 2672
f 2678 3139 2672
f 3142 3139 2678
f 2764 3139 3142
f 2764 3142 2762
f 2762 2763 2764
f 2764 2763 3144
f 2081 2764 3144
f 3144 2758 2081
f 1305 2081 2758
f 1305 2758 2550
f 2758 2382 2550
f 2758 2647 2382
f 2382 2647 2648
f 2647 2644 2648
f 2644 2647 2642
f 2642 2643 2644
f 2170 2644 2643
f 2643 3154 2170
f 2643 3155 3154
f 3155 3157 3154
f 3159 3154 3157
f 3157 3160 3159
f 3160 2901 3159
f 2900 3159 2901
f 2899 2900 2901
f 2901 2074 2899
f 2899 2074 2073
f 2899 2073 2609
f 2899 2609 2605
f 2609 1885 2605
f 2605 1885 1569
f 1542 2605 1569
f 1542 1569 2810
f 2605 1542 2900
f 1885 1887 1569
f 1885 1886 1887
f 2063 1886 1885
f 2063 1905 1886
f 1886 1905 1879
f 1886 1879 1581
f 1879 1880 1581
f 2361 1581 1880
f 2361 1880 1889
f 1889 1890 2361
f 1889 1878 1890
f 1890 1878 1877
f 2406 1890 1877
f 1876 1877 1878
f 1878 1901 1876
f 1911 1876 1901
f 1911 1901 1912
f 1910 1911 1912
f 1912 2871 1910
f 1910 2871 1904
f 3180 1910 1904
f 1903 3180 1904
f 1903 1904 1905
f 1904 2872 1905
f 1905 2872 1917
f 2872 1918 1917
f 1916 1917 1918
f 1918 1902 1916
f 1889 1916 1902
f 1901 1889 1902
f 2871 1902 1918
f 1917 1916 1880
f 2871 1918 2872
f 2074 3180 1903
f 3180 2074 2957
f 2957 3189 3180
f 3189 2946 3180
f 3189 2945 2946
f 2945 2706 2946
f 3193 2946 2706
f 3193 2706 2681
f 2681 2686 3193
f 1911 3193 2686
f 2686 2667 1911
f 2681 2668 2686
f 2681 2682 2668
f 2696 2682 2681
f 2696 3200 2682
f 3202 2682 3200
f 3203 3202 3200
f 3204 3203 3200
f 2932 3204 3200
f 3206 3204 2932
f 2933 3206 2932
f 2932 2695 2933
f 2867 2933 2695
f 2867 2695 2694
f 2694 2663 2867
f 2662 2867 2663
f 2662 2663 2659
f 2658 2662 2659
f 2658 2659 2660
f 2660 3212 2658
f 3212 2599 2658
f 2658 2599 2547
f 2547 2549 2658
f 2547 2548 2549
f 2548 2662 2549
f 2547 3215 2548
f 3215 2543 2548
f 2543 2545 2548
f 2545 2867 2548
f 2543 2544 2545
f 2544 3217 2545
f 2545 3217 3218
f 3218 2933 2545
f 3217 3219 3218
f 3206 3218 3219
f 3219 3220 3206
f 3220 3221 3206
f 3206 3221 2515
f 3221 2513 2515
f 2513 2514 2515
f 2514 3227 2515
f 2515 3227 2509
f 2515 2509 3204
f 2509 3227 2852
f 2852 2510 2509
f 2509 2510 2511
f 3203 2509 2511
f 2511 3229 3203
f 3203 3229 261
f 2511 3234 3229
f 3235 3229 3234
f 3234 2345 3235
f 3235 2345 2473
f 2577 3235 2473
f 2577 333 3235
f 2340 2473 2345
f 2340 2345 2338
f 2338 2339 2340
f 2338 2331 2339
f 2330 2339 2331
f 2329 2330 2331
f 2343 2330 2329
f 2969 2343 2329
f 2969 2329 3246
f 3246 3247 2969
f 3110 2969 3247
f 3110 3247 3208
f 3110 3208 3253
f 3111 3110 3253
f 2367 3111 3253
f 3253 2535 2367
f 2367 2535 2359
f 2359 2358 2367
f 2357 2358 2359
f 2351 2357 2359
f 2359 2352 2351
f 2350 2351 2352
f 2352 2363 2350
f 2974 2350 2363
f 2363 3255 2974
f 2974 3255 3256
f 3256 3257 2974
f 2974 3257 3259
f 2860 2974 3259
f 3259 2601 2860
f 2532 2860 2601
f 2603 2532 2601
f 2601 2602 2603
f 2603 2602 3266
f 3267 2603 3266
f 3267 3266 2598
f 2894 3267 2598
f 2597 2894 2598
f 2597 2598 2599
f 3272 2597 2599
f 2554 2597 3272
f 3273 2554 3272
f 3272 3275 3273
f 3275 3276 3273
f 3276 3277 3273
f 2557 3273 3277
f 2557 3277 3279
f 3279 2558 2557
f 2557 2558 2559
f 2557 2559 3281
f 3281 2553 2557
f 3281 2815 2553
f 2553 2815 2432
f 2432 2434 2553
f 2553 2434 2554
f 2433 2554 2434
f 2433 2894 2554
f 2432 2433 2434
f 2431 2433 2432
f 2430 2431 2432
f 2431 2430 3286
f 3286 2533 2431
f 2431 2533 2603
f 2533 3286 2531
f 2531 2532 2533
f 3286 3290 2531
f 2531 3290 2529
f 2531 2529 2528
f 2531 2528 2860
f 2860 2528 2350
f 2528 2529 2357
f 3290 3109 2529
f 2529 3109 2358
f 2358 3109 3111
f 3109 3290 3295
f 3109 3295 3296
f 3296 3297 3109
f 3297 2969 3109
f 3297 3296 2586
f 3297 2586 2343
f 2343 2586 2587
f 2587 3301 2343
f 2343 3301 2584
f 2584 3301 3146
f 3146 2890 2584
f 2584 2890 2583
f 2583 2330 2584
f 3305 2583 2890
f 2890 3145 3305
f 3145 3307 3305
f 325 3305 3307
f 2339 3305 325
f 325 2473 2339
f 3307 3145 3308
f 3308 3312 3307
f 326 3307 3312
f 326 3312 2717
f 3312 2804 2717
f 3317 2804 3312
f 2804 3317 2802
f 2802 2803 2804
f 2804 2803 2415
f 2804 2415 3318
f 3318 377 2804
f 2408 3318 2415
f 2408 2415 2416
f 2416 2409 2408
f 2408 2409 2410
f 2408 2410 3322
f 3322 3325 2408
f 3325 3322 3327
f 3327 3328 3325
f 437 3325 3328
f 3328 3329 437
f 3329 2839 437
f 3329 2840 2839
f 2839 2840 2723
f 2723 2840 2482
f 2482 2481 2723
f 2481 2683 2723
f 2481 2477 2683
f 2481 2482 2477
f 2482 2478 2477
f 1684 2477 2478
f 2478 3338 1684
f 2564 1684 3338
f 2564 3338 2574
f 2402 2564 2574
f 2402 2574 2575
f 2827 2402 2575
f 2827 2575 3131
f 3131 2826 2827
f 2826 2570 2827
f 2570 2569 2827
f 2569 2570 2571
f 2448 2569 2571
f 2448 2571 2447
f 2447 2441 2448
f 2443 2448 2441
f 2441 2442 2443
f 2442 3293 2443
f 3117 2443 3293
f 3293 2925 3117
f 2925 3347 3117
f 2795 3117 3347
f 3347 3348 2795
f 2795 3348 3350
f 3350 2172 2795
f 2794 2795 2172
f 2172 3354 2794
f 3354 2403 2794
f 2448 2794 2403
f 2403 3354 2397
f 2402 2403 2397
f 2402 2397 2398
f 2397 2171 2398
f 2403 2402 2569
f 2397 3354 2171
f 3354 2172 2171
f 2164 2171 2172
f 2171 2164 3359
f 2171 3359 2268
f 2268 3359 2166
f 3359 2164 2166
f 2164 2165 2166
f 2174 2166 2165
f 2174 2165 2161
f 2161 2175 2174
f 2174 2175 2176
f 2174 2176 2471
f 2163 2175 2161
f 2161 2162 2163
f 2199 2162 2161
f 2161 2608 2199
f 2608 2200 2199
f 2198 2199 2200
f 2198 2200 3258
f 2198 3258 3372
f 2190 2198 3372
f 3372 2191 2190
f 2190 2191 1135
f 2162 2190 1135
f 3372 2201 2191
f 837 2191 2201
f 837 2201 2202
f 2202 2201 2189
f 2202 2189 1989
f 621 1989 2189
f 621 2189 3378
f 19 3378 2189
f 2497 19 2189
f 2497 3380 19
f 3380 2464 19
f 3381 2464 3380
f 3380 2845 3381
f 2489 3381 2845
f 2490 2489 2845
f 2490 2845 3385
f 3372 2490 3385
f 3385 2845 2496
f 3385 2496 2201
f 2496 2497 2201
f 2497 2496 2845
f 2489 2490 279
f 2489 279 1125
f 3391 2489 1125
f 3392 3391 1125
f 1125 2698 3392
f 3392 2698 2504
f 2057 3392 2504
f 3392 2057 2835
f 2835 2834 3392
f 2834 2835 2836
f 2836 3316 2834
f 2834 3316 3391
f 2463 3391 3316
f 3316 2458 2463
f 2463 2458 2464
f 2460 2464 2458
f 2458 2459 2460
f 3316 2459 2458
f 3316 2954 2459
f 2954 2539 2459
f 2459 2539 998
f 2954 2965 2539
f 2539 2965 3403
f 3403 3349 2539
f 2726 2539 3349
f 3349 2727 2726
f 999 2726 2727
f 2924 999 2727
f 999 2924 3355
f 2727 3349 3357
f 1049 2727 3357
f 1884 3357 3349
f 3357 1884 1477
f 2539 2726 999
f 3349 3403 237
f 2965 1882 3403
f 1882 2965 2954
f 2954 2955 1882
f 2836 2955 2954
f 2836 305 2955
f 2836 2954 3316
f 305 2836 2835
f 2698 2017 2504
f 2953 2504 2017
f 2017 1577 2953
f 1577 3306 2953
f 2953 3306 3321
f 2953 3321 2519
f 3320 3321 3306
f 3320 3306 1550
f 1550 3278 3320
f 3278 1550 2555
f 1202 3278 2555
f 2555 1250 1202
f 1202 1250 1203
f 956 1202 1203
f 956 1203 1175
f 1175 1203 1176
f 1175 1176 1177
f 1224 1175 1177
f 1224 1177 2552
f 3299 1224 2552
f 3299 2552 1837
f 3285 3299 1837
f 3285 1837 2995
f 3412 3285 2995
f 2995 72 3412
f 2568 3412 72
f 2568 72 1348
f 1296 2568 1348
f 1296 1348 1294
f 1294 1295 1296
f 1296 1295 1267
f 1269 1296 1267
f 1267 1268 1269
f 1268 1319 1269
f 2568 1269 1319
f 3284 1319 1268
f 3161 3284 1268
f 3345 3284 3161
f 3161 3112 3345
f 3419 3345 3112
f 3112 2988 3419
f 3298 3419 2988
f 2987 3298 2988
f 2987 2988 2989
f 957 2987 2989
f 2939 957 2989
f 2782 2939 2989
f 2989 2783 2782
f 2782 2783 2784
f 2782 2784 2986
f 2782 2986 3398
f 3428 2782 3398
f 3280 3428 3398
f 3398 3402 3280
f 3239 3280 3402
f 3239 3402 3430
f 3239 3430 2540
f 2540 2971 3239
f 2970 3239 2971
f 2970 2971 2968
f 2968 2634 2970
f 2970 2634 3244
f 1371 3244 2634
f 2634 1405 1371
f 1405 2634 2739
f 2968 2739 2634
f 2739 2968 2909
f 1406 2739 2909
f 2909 2915 1406
f 2911 2915 2909
f 2909 2910 2911
f 2911 2910 3432
f 2911 3432 3326
f 2959 2911 3326
f 2959 3326 2960
f 2959 2960 2961
f 3330 2959 2961
f 2961 3331 3330
f 3330 3331 2707
f 2707 1870 3330
f 1870 2707 2708
f 2708 2707 2958
f 2708 2958 671
f 3337 2958 2707
f 2707 479 3337
f 479 2774 3337
f 3336 3337 2774
f 3336 2774 2773
f 3336 2773 2485
f 3336 2485 2982
f 2982 2981 3336
f 1895 2981 2982
f 1891 2981 1895
f 672 2981 1891
f 2958 2981 672
f 2982 2485 1960
f 2772 2773 2774
f 2772 2980 2773
f 3386 2773 2980
f 793 3386 2980
f 3386 793 2740
f 3386 2740 3387
f 3386 3387 3225
f 3225 3387 3083
f 3083 2759 3225
f 3225 2759 3226
f 3225 3226 2962
f 2773 3225 2962
f 2619 2962 3226
f 3226 592 2619
f 2619 592 2620
f 2619 2620 1965
f 3228 2620 592
f 3228 592 1794
f 2907 3228 1794
f 1794 2908 2907
f 484 2907 2908
f 2908 2905 484
f 2904 484 2905
f 3442 2904 2905
f 3442 2905 2442
f 2905 2757 2442
f 2442 2757 3292
f 2757 3056 3292
f 3056 2675 3292
f 3292 2675 3293
f 3056 2676 2675
f 1969 2675 2676
f 3055 1969 2676
f 3055 3294 1969
f 1969 3294 2938
f 1970 1969 2938
f 2938 2935 1970
f 1977 1970 2935
f 2935 1028 1977
f 2976 1977 1028
f 1028 3254 2976
f 3254 776 2976
f 2976 776 775
f 775 2975 2976
f 775 1978 2975
f 2975 1978 1977
f 1978 775 2645
f 2645 2646 1978
f 1968 1978 2646
f 2646 2926 1968
f 1968 2926 2675
f 2675 2926 2925
f 2925 2926 2918
f 2925 2918 2920
f 2918 2919 2920
f 2920 2919 3348
f 2918 3214 2919
f 2919 3214 2606
f 2919 2606 3216
f 3350 2919 3216
f 2165 3350 3216
f 3216 2608 2165
f 2608 3216 2606
f 2606 2607 2608
f 775 2607 2606
f 2607 775 2902
f 2607 2902 2200
f 775 774 2902
f 2897 2902 774
f 774 2898 2897
f 2897 2898 280
f 2897 280 2490
f 3258 2897 2490
f 2898 281 280
f 279 280 281
f 281 2898 250
f 1126 281 250
f 1551 1126 250
f 249 1551 250
f 249 250 251
f 249 251 3254
f 3254 290 249
f 289 249 290
f 233 289 290
f 290 1029 233
f 233 1029 234
f 233 234 235
f 235 3143 233
f 394 233 3143
f 394 3143 392
f 392 393 394
f 394 393 1945
f 367 394 1945
f 367 1945 1036
f 1036 365 367
f 365 366 367
f 3243 366 365
f 365 402 3243
f 401 3243 402
f 400 401 402
f 400 402 359
f 358 400 359
f 358 359 360
f 358 360 2632
f 1177 358 2632
f 2632 3300 1177
f 3300 2632 2633
f 3300 2633 3245
f 1835 3300 3245
f 3245 1845 1835
f 2685 1835 1845
f 2685 1845 1844
f 73 2685 1844
f 73 1844 3304
f 3304 2947 73
f 74 73 2947
f 74 2947 2944
f 2943 74 2944
f 2942 2943 2944
f 2944 2991 2942
f 2942 2991 3087
f 1294 2942 3087
f 1294 3087 3269
f 1294 3269 2084
f 2661 2084 3269
f 3268 2661 3269
f 2661 3268 1899
f 1899 1898 2661
f 2661 1898 2085
f 1898 1913 2085
f 1913 1915 2085
f 2085 1915 2934
f 2085 2934 1292
f 2086 2085 1292
f 2086 1292 390
f 2086 390 389
f 389 2870 2086
f 1295 2086 2870
f 1295 2870 2869
f 2868 2869 2870
f 2870 2088 2868
f 2088 2090 2868
f 2090 2542 2868
f 2542 2541 2868
f 2540 2541 2542
f 2540 2854 2541
f 2869 2541 2854
f 2869 2854 1267
f 2854 2853 1267
f 2853 3162 1267
f 3161 1267 3162
f 3430 3162 2853
f 3162 3430 3112
f 3430 3113 3112
f 2784 3112 3113
f 2540 2853 2854
f 3118 2542 2090
f 3118 2090 2089
f 2089 2910 3118
f 2507 2910 2089
f 2089 2506 2507
f 2506 1958 2507
f 2507 1958 1957
f 3482 2507 1957
f 3482 1957 3121
f 3482 3121 2960
f 1957 1963 3121
f 3121 1963 3070
f 3121 3070 3331
f 477 3331 3070
f 3070 1778 477
f 477 1778 478
f 477 478 479
f 479 478 794
f 479 794 2772
f 794 793 2772
f 793 794 478
f 1778 1779 478
f 478 1779 2740
f 1779 695 2740
f 695 694 2740
f 2740 694 3083
f 694 1539 3083
f 3083 1539 2760
f 2760 1539 503
f 2760 503 594
f 594 593 2760
f 2759 2760 593
f 592 593 594
f 503 1794 594
f 503 505 1794
f 1794 505 2905
f 503 504 505
f 504 1796 505
f 2757 505 1796
f 2757 1796 3055
f 3149 3055 1796
f 1538 3149 1796
f 1538 3089 3149
f 3149 3089 3294
f 3089 1576 3294
f 3201 3294 1576
f 2896 3201 1576
f 1576 1852 2896
f 2594 2896 1852
f 1852 1851 2594
f 1851 3205 2594
f 2594 3205 2595
f 2594 2595 234
f 234 2895 2594
f 234 3106 2895
f 3201 2895 3106
f 3201 3106 2938
f 3205 235 2595
f 1862 235 3205
f 3205 3009 1862
f 3009 2877 1862
f 2877 392 1862
f 2877 2879 392
f 2877 2878 2879
f 2878 2461 2879
f 2879 2461 155
f 393 2879 155
f 1946 393 155
f 1946 155 154
f 2876 1946 154
f 2876 154 2818
f 2817 2876 2818
f 2817 2818 2813
f 2812 2817 2813
f 2811 2812 2813
f 2811 2813 378
f 2811 378 516
f 2811 516 1389
f 2633 2811 1389
f 2863 2633 1389
f 3130 2863 1389
f 3130 1389 1388
f 1846 3130 1388
f 1846 1388 2525
f 1844 1846 2525
f 1844 2525 2861
f 1844 2861 2104
f 2105 2104 2861
f 2105 2861 597
f 597 3138 2105
f 3137 2105 3138
f 3138 3363 3137
f 2413 3137 3363
f 3363 2891 2413
f 937 2413 2891
f 2891 1782 937
f 1782 88 937
f 937 88 2014
f 938 937 2014
f 2580 938 2014
f 2014 90 2580
f 2580 90 309
f 2580 309 3128
f 3128 3444 2580
f 3444 3128 2015
f 2015 938 3444
f 939 938 2015
f 2015 767 939
f 3003 939 767
f 767 3002 3003
f 3002 3020 3003
f 3020 1872 3003
f 3003 1872 2414
f 2414 1872 1874
f 1874 2412 2414
f 2412 2413 2414
f 939 2414 2413
f 1874 2806 2412
f 2412 2806 2105
f 2806 2106 2105
f 1888 2106 2806
f 2106 1888 2801
f 2801 2104 2106
f 3304 2104 2801
f 2801 1888 3087
f 3087 1888 1873
f 3087 1873 1899
f 1873 1872 1899
f 1900 1899 1872
f 3022 1900 1872
f 3022 2480 1900
f 2480 1898 1900
f 3022 3021 2480
f 3021 476 2480
f 476 1201 2480
f 2480 1201 1914
f 2480 1914 1913
f 1914 1201 276
f 1914 276 278
f 1914 278 1915
f 1915 278 2886
f 2886 278 3038
f 3038 631 2886
f 2886 631 2444
f 2934 2886 2444
f 2444 631 2567
f 2567 1293 2444
f 1292 2444 1293
f 1293 2567 390
f 390 2567 391
f 2060 391 2567
f 2567 633 2060
f 2060 633 2061
f 2061 633 2823
f 2061 2823 2824
f 3476 2061 2824
f 2990 3476 2824
f 2990 2824 2122
f 2990 2122 2797
f 2990 2797 2992
f 2992 2400 2990
f 389 2400 2992
f 389 2992 2088
f 391 2400 389
f 2400 391 3476
f 2992 2797 2088
f 2797 2089 2088
f 2797 2122 2796
f 2796 2506 2797
f 2792 2796 2122
f 2792 2122 2793
f 2792 2793 1099
f 2792 1099 1548
f 1958 2792 1548
f 1548 1099 1549
f 1548 1549 1957
f 1957 1549 1000
f 1549 1099 1000
f 1000 1099 1001
f 1000 1001 695
f 695 3079 1000
f 1963 1000 3079
f 1001 696 695
f 1001 1118 696
f 696 1118 1458
f 1539 696 1458
f 1538 1539 1458
f 1538 1458 3088
f 1459 3088 1458
f 3088 1459 1576
f 1459 1567 1576
f 3147 1567 1459
f 1459 1118 3147
f 1100 3147 1118
f 1100 1118 1101
f 1099 1100 1101
f 2124 1100 1099
f 2124 863 1100
f 863 865 1100
f 863 864 865
f 865 864 2641
f 865 2641 1568
f 1567 865 1568
f 1567 1568 1852
f 1568 2641 3010
f 3009 1568 3010
f 1568 3009 1851
f 2641 2493 3010
f 2493 2878 3010
f 2493 3057 2878
f 2495 3057 2493
f 2493 2494 2495
f 2844 2495 2494
f 2844 2494 2847
f 633 2844 2847
f 633 2847 2846
f 2846 2847 863
f 2844 633 632
f 632 1023 2844
f 1023 3054 2844
f 1023 1024 3054
f 3053 3054 1024
f 1024 1799 3053
f 1799 2756 3053
f 2756 2462 3053
f 2462 3057 3053
f 3057 2462 2461
f 2461 2462 153
f 2462 2761 153
f 153 2761 2837
f 2837 154 153
f 154 2837 2833
f 2837 2761 2833
f 2756 2833 2761
f 2756 1798 2833
f 1798 1797 2833
f 2833 1797 379
f 2818 2833 379
f 1797 380 379
f 378 379 380
f 378 380 2103
f 3339 2103 380
f 2103 3339 2222
f 421 2103 2222
f 421 2222 422
f 420 421 422
f 420 422 404
f 420 404 3080
f 3080 515 420
f 597 515 3080
f 3356 597 3080
f 3356 3080 353
f 3138 3356 353
f 65 3138 353
f 353 66 65
f 64 65 66
f 64 66 2738
f 2738 2746 64
f 1781 64 2746
f 2746 89 1781
f 88 1781 89
f 88 89 90
f 90 89 310
f 89 2746 310
f 310 2746 352
f 310 352 3319
f 263 310 3319
f 263 3319 3291
f 263 3291 1461
f 1646 263 1461
f 1646 1461 1647
f 1645 1646 1647
f 1647 1746 1645
f 860 1645 1746
f 1746 1997 860
f 861 860 1997
f 1997 1641 861
f 861 1641 1642
f 1642 2059 861
f 2059 1998 861
f 861 1998 859
f 859 1998 3287
f 859 3287 3282
f 3282 2087 859
f 2087 860 859
f 264 2087 3282
f 264 3282 265
f 263 264 265
f 263 265 311
f 2309 311 265
f 2309 265 3287
f 2309 3287 3128
f 309 311 2309
f 309 310 311
f 264 1645 2087
f 3282 3287 265
f 3128 3287 1998
f 1999 1998 2059
f 1999 2059 3344
f 3344 768 1999
f 768 3344 1206
f 768 1206 3397
f 3397 766 768
f 766 767 768
f 2387 766 3397
f 3397 1471 2387
f 1471 3393 2387
f 2387 3393 806
f 2387 806 805
f 805 806 807
f 805 807 474
f 474 3400 805
f 805 3400 3399
f 3399 766 805
f 766 3399 3002
f 3020 3399 3400
f 3021 3020 3400
f 3400 474 3021
f 807 475 474
f 474 475 476
f 476 475 517
f 475 2221 517
f 2221 2039 517
f 2039 1116 517
f 517 1116 518
f 517 518 519
f 517 519 1201
f 519 518 1037
f 519 1037 276
f 276 1037 277
f 1037 1038 277
f 277 1038 3038
f 1038 145 3038
f 3038 145 632
f 1038 146 145
f 144 145 146
f 144 146 1799
f 146 3158 1799
f 185 1799 3158
f 185 3158 2259
f 2259 186 185
f 184 185 186
f 186 2214 184
f 184 2214 2223
f 184 2223 3339
f 184 3339 1797
f 2223 2214 1603
f 1603 687 2223
f 2224 2223 687
f 687 686 2224
f 422 2224 686
f 686 687 688
f 2446 686 688
f 3379 2446 688
f 3379 688 1602
f 719 3379 1602
f 719 1602 720
f 718 719 720
f 720 3515 718
f 3515 3390 718
f 1680 718 3390
f 3390 1116 1680
f 2040 1680 1116
f 1391 1680 2040
f 3480 1391 2040
f 2220 3480 2040
f 2220 2040 2039
f 3480 2220 3481
f 2146 3480 3481
f 3588 2146 3481
f 2146 3588 2145
f 2145 1298 2146
f 2146 1298 3156
f 3156 3163 2146
f 3163 901 2146
f 901 1391 2146
f 1391 901 950
f 949 1391 950
f 949 950 719
f 719 950 3233
f 3045 3233 950
f 3045 2304 3233
f 2304 2247 3233
f 2247 3509 3233
f 3233 3509 3379
f 2247 2446 3509
f 354 2446 2247
f 354 2247 2248
f 3291 354 2248
f 2248 1462 3291
f 1462 2248 3047
f 3047 1400 1462
f 1461 1462 1400
f 1400 1399 1461
f 1398 1399 1400
f 1398 3039 1399
f 1746 1399 3039
f 590 1746 3039
f 590 3039 591
f 589 590 591
f 589 591 2196
f 3340 589 2196
f 2197 3340 2196
f 2196 634 2197
f 226 2197 634
f 226 634 635
f 226 635 2228
f 2228 292 226
f 227 226 292
f 227 292 294
f 1127 227 294
f 1127 294 1057
f 1057 3031 1127
f 3031 1729 1127
f 1625 1729 3031
f 1623 1625 3031
f 3030 1623 3031
f 3030 2132 1623
f 2134 1623 2132
f 2132 2133 2134
f 2133 3017 2134
f 1307 2134 3017
f 3017 940 1307
f 941 1307 940
f 940 873 941
f 875 941 873
f 873 874 875
f 2136 875 874
f 874 1713 2136
f 2136 1713 2814
f 2135 2136 2814
f 2814 3477 2135
f 2135 3477 1239
f 1239 2125 2135
f 875 2135 2125
f 2125 1239 1510
f 1629 2125 1510
f 1629 1510 2035
f 2035 2816 1629
f 2816 1630 1629
f 1629 1630 1308
f 1307 1629 1308
f 1307 1308 1309
f 1309 1308 1630
f 1630 1624 1309
f 1623 1309 1624
f 1630 2825 1624
f 1624 2825 3274
f 1624 3274 3502
f 1624 3502 1470
f 1625 1624 1470
f 1625 1470 2310
f 1470 1205 2310
f 1728 2310 1205
f 1728 1205 1207
f 1207 1749 1728
f 1749 228 1728
f 1728 228 227
f 1728 227 1729
f 1749 3303 228
f 228 3303 589
f 2263 589 3303
f 3302 2263 3303
f 1642 2263 3302
f 1642 3302 1207
f 3344 1642 1207
f 2263 1642 2264
f 1745 2263 2264
f 1641 1745 2264
f 2263 1745 589
f 3302 3303 1749
f 1207 3302 1749
f 1205 1206 1207
f 1729 2310 1728
f 1470 1471 1205
f 1470 2187 1471
f 3271 1471 2187
f 2187 2188 3271
f 2188 3270 3271
f 3271 3270 2219
f 3393 3271 2219
f 3270 3588 2219
f 2220 2219 3588
f 2219 2220 2221
f 806 2219 2221
f 3588 3270 1298
f 2188 1298 3270
f 1219 1298 2188
f 1219 1150 1298
f 1218 1150 1219
f 1218 1219 1220
f 1218 1220 3274
f 3274 1151 1218
f 1220 1219 2187
f 1151 1150 1218
f 1149 1150 1151
f 2825 1149 1151
f 2825 2035 1149
f 2035 3156 1149
f 2035 1138 3156
f 1138 2035 1139
f 1138 1139 1140
f 1138 1140 3126
f 3126 2365 1138
f 1138 2365 3163
f 2365 1793 3163
f 1793 899 3163
f 1793 891 899
f 891 1398 899
f 1398 3115 899
f 3115 900 899
f 899 900 901
f 900 3045 901
f 3045 900 3115
f 1398 3047 3115
f 2304 3115 3047
f 591 1398 891
f 591 891 892
f 3499 591 892
f 3119 3499 892
f 892 1575 3119
f 3119 1575 3126
f 3120 3119 3126
f 3119 3120 1340
f 3622 3119 1340
f 1340 641 3622
f 643 3622 641
f 641 642 643
f 642 635 643
f 635 642 1948
f 3075 1948 642
f 1948 3075 625
f 627 1948 625
f 625 626 627
f 626 2249 627
f 2242 627 2249
f 3078 2242 2249
f 3078 2249 1664
f 1664 1663 3078
f 3077 3078 1663
f 1663 3628 3077
f 1075 3077 3628
f 3628 1074 1075
f 1074 452 1075
f 1075 452 293
f 452 294 293
f 294 452 2021
f 1058 294 2021
f 2021 1059 1058
f 1057 1058 1059
f 2366 1057 1059
f 1059 2148 2366
f 2148 3148 2366
f 3148 2133 2366
f 2010 2133 3148
f 975 2010 3148
f 1494 975 3148
f 3032 975 1494
f 1493 3032 1494
f 1492 1493 1494
f 1494 3210 1492
f 1492 3210 3065
f 1492 3065 1481
f 2117 1492 1481
f 1483 2117 1481
f 1481 1482 1483
f 1483 1482 704
f 1483 704 3213
f 1483 3213 3211
f 3211 3213 706
f 706 2392 3211
f 3018 3211 2392
f 3018 2392 1249
f 3018 1249 1248
f 1248 2117 3018
f 1247 1248 1249
f 1249 1809 1247
f 1247 1809 1808
f 1247 1808 1236
f 1247 1236 1235
f 1247 1235 1493
f 1235 1236 288
f 288 3032 1235
f 3032 288 287
f 231 287 288
f 288 229 231
f 229 230 231
f 231 230 3026
f 231 3026 976
f 976 3026 3133
f 976 3133 977
f 975 976 977
f 287 976 975
f 977 3133 3134
f 977 3134 964
f 964 2010 977
f 966 2010 964
f 964 965 966
f 965 940 966
f 965 3140 940
f 965 3141 3140
f 3140 3141 874
f 874 3141 2300
f 2300 1711 874
f 1711 2300 1424
f 1712 1711 1424
f 1423 1712 1424
f 1415 1423 1424
f 1415 1424 2299
f 2097 1415 2299
f 2097 2299 230
f 230 2299 2300
f 2097 1413 1415
f 1413 1414 1415
f 2303 1414 1413
f 3198 2303 1413
f 2301 2303 3198
f 3198 3199 2301
f 3199 2344 2301
f 356 2301 2344
f 356 2344 2160
f 2160 2159 356
f 163 356 2159
f 163 2159 3358
f 1860 163 3358
f 1860 3358 3401
f 1860 3401 1861
f 1828 1860 1861
f 1828 1861 1249
f 1828 164 1860
f 164 1828 1827
f 1827 128 164
f 128 163 164
f 163 128 127
f 127 128 129
f 1333 127 129
f 1962 1333 129
f 3093 1962 129
f 3092 3093 129
f 3092 1962 3093
f 1962 3092 128
f 2393 1333 1962
f 1961 2393 1962
f 1961 1962 1827
f 1961 1827 1826
f 1826 705 1961
f 668 1961 705
f 704 668 705
f 704 705 706
f 669 668 704
f 667 668 669
f 669 2326 667
f 2326 787 667
f 667 787 1345
f 787 1346 1345
f 1345 1346 1347
f 1345 1347 1909
f 1345 1909 668
f 1909 1332 668
f 1909 1347 1332
f 1347 1331 1332
f 1332 1331 1333
f 1331 355 1333
f 1331 398 355
f 355 398 399
f 399 356 355
f 127 355 356
f 399 398 2302
f 2301 399 2302
f 398 995 2302
f 995 1740 2302
f 2303 2302 1740
f 1741 1740 995
f 995 9 1741
f 9 1843 1741
f 1742 1741 1843
f 1843 1423 1742
f 1414 1742 1423
f 1740 1742 1414
f 8 1843 9
f 7 8 9
f 43 7 9
f 43 44 7
f 2566 7 44
f 44 1335 2566
f 1335 1950 2566
f 2566 1950 2912
f 2566 2912 8
f 3170 2912 1950
f 1950 2814 3170
f 2814 1950 1240
f 1949 1240 1950
f 3076 1240 1949
f 3076 1949 606
f 2283 3076 606
f 607 2283 606
f 606 567 607
f 569 607 567
f 567 568 569
f 2284 569 568
f 2284 568 2922
f 2921 2284 2922
f 2921 2922 2923
f 1974 2921 2923
f 1975 1974 2923
f 2923 3668 1975
f 1975 3668 2023
f 2023 1976 1975
f 1347 1976 2023
f 1347 2023 3150
f 3150 1032 1347
f 1347 1032 1031
f 1031 1032 996
f 995 1031 996
f 43 995 996
f 1032 44 996
f 44 1032 1336
f 3103 1336 1032
f 1336 3103 568
f 1032 3150 3103
f 3668 3103 3150
f 2023 3668 3150
f 3103 3668 2923
f 1974 1975 1976
f 1974 1976 786
f 3059 1974 786
f 753 3059 786
f 785 753 786
f 785 786 787
f 785 754 753
f 752 753 754
f 754 1765 752
f 752 1765 3060
f 752 3060 3059
f 3058 3059 3060
f 3426 3058 3060
f 3060 3068 3426
f 3426 3068 1074
f 1938 3426 1074
f 1074 1937 1938
f 1938 1937 2921
f 3058 1938 2921
f 1074 3068 497
f 497 3068 498
f 497 498 453
f 452 497 453
f 452 453 454
f 3065 454 453
f 453 498 3065
f 498 2327 3065
f 498 754 2327
f 2327 754 1482
f 1482 754 2326
f 3068 1765 498
f 3426 1938 3058
f 3060 1765 3068
f 754 498 1765
f 754 785 2326
f 752 3059 753
f 1974 3059 3058
f 786 1976 1346
f 1974 3058 2921
f 2923 2922 3103
f 1937 2284 2921
f 1937 1665 2284
f 1663 1665 1937
f 2922 568 3103
f 1665 569 2284
f 1665 626 569
f 568 567 1336
f 626 607 569
f 1336 567 606
f 606 1335 1336
f 607 2282 2283
f 625 2282 607
f 3076 2283 2282
f 2282 2235 3076
f 2282 1233 2235
f 1233 1232 2235
f 2236 2235 1232
f 1232 1234 2236
f 1234 1238 2236
f 2236 1238 1240
f 1238 1239 1240
f 1139 1239 1238
f 1139 1238 1234
f 1234 1339 1139
f 1233 1339 1234
f 1339 1233 1340
f 2235 2236 1240
f 1232 1233 1234
f 3075 1233 2282
f 1233 3075 641
f 1335 606 1949
f 3076 2235 1240
f 3170 1843 2912
f 1843 3170 1712
f 1713 1712 3170
f 1950 1335 1949
f 1335 44 1336
f 43 996 44
f 8 7 2566
f 8 2912 1843
f 43 9 995
f 1740 1741 1742
f 1031 995 398
f 1031 398 1331
f 1347 1031 1331
f 1346 1976 1347
f 787 786 1346
f 787 2326 785
f 2326 669 1482
f 667 1345 668
f 668 1332 1961
f 1826 706 705
f 1961 1332 2393
f 1333 2393 1332
f 1333 355 127
f 3092 129 128
f 1827 1962 128
f 1826 1827 1828
f 1826 1828 2392
f 3554 1861 3401
f 3401 3199 3554
f 3401 2173 3199
f 1861 3554 1810
f 1861 1810 1809
f 3198 1810 3554
f 1810 3198 2097
f 1810 2097 1808
f 3401 3358 2173
f 163 1860 164
f 2173 3358 2159
f 164 2173 2159
f 164 2159 1546
f 164 1546 1547
f 1546 1776 1547
f 1547 1776 2344
f 2344 2173 1547
f 1546 2160 1776
f 164 1547 2173
f 356 163 127
f 2159 2160 1546
f 2344 1776 2160
f 356 399 2301
f 2173 2344 3199
f 3554 3199 3198
f 2301 2302 2303
f 2303 1740 1414
f 2097 3198 1413
f 1414 1423 1415
f 1712 1423 1843
f 1711 1712 1713
f 2299 1424 2300
f 3141 230 2300
f 3335 3141 965
f 3134 3335 965
f 3026 3141 3335
f 2010 966 3017
f 3134 965 964
f 3134 3133 3335
f 3026 3335 3133
f 230 3141 3026
f 230 229 2097
f 1236 2097 229
f 287 231 976
f 1236 229 288
f 1236 1808 2097
f 1808 1809 1810
f 1249 1861 1809
f 1248 1247 1493
f 1249 2392 1828
f 3018 2117 3211
f 2392 706 1826
f 706 3213 704
f 704 1482 669
f 2327 1482 1481
f 2117 1483 3211
f 2117 1248 1492
f 2327 1481 3065
f 454 3065 3210
f 3210 2148 454
f 3210 1494 2148
f 1248 1493 1492
f 1493 1235 3032
f 3032 287 975
f 2010 975 977
f 1494 3148 2148
f 2148 1059 454
f 1057 2366 2132
f 454 1059 2021
f 454 2021 452
f 1074 497 452
f 1074 3628 1937
f 1075 293 3077
f 3077 293 292
f 3077 292 2229
f 3628 1663 1937
f 2229 3078 3077
f 1663 1664 1665
f 1664 2249 1665
f 2229 2242 3078
f 2229 2228 2242
f 1948 2242 2228
f 2249 626 1665
f 626 625 607
f 2242 1948 627
f 625 3075 2282
f 642 641 3075
f 643 3499 3622
f 2196 3499 643
f 641 1340 1233
f 1340 3120 1339
f 3120 1140 1339
f 3622 3499 3119
f 892 891 1575
f 1793 1575 891
f 1575 1793 2365
f 1575 2365 3126
f 3126 1140 3120
f 1339 1140 1139
f 1149 3156 1150
f 2187 1219 2188
f 1470 1220 2187
f 3502 1220 1470
f 3502 3274 1220
f 1151 3274 2825
f 1630 2816 2825
f 2035 2825 2816
f 2035 1510 1139
f 941 2125 1629
f 1510 1239 1139
f 1240 1239 3477
f 1240 3477 2814
f 2814 1713 3170
f 1711 1713 874
f 2135 875 2136
f 3140 874 873
f 2125 941 875
f 873 940 3140
f 941 1629 1307
f 966 940 3017
f 1309 2134 1307
f 2010 3017 2133
f 2132 2366 2133
f 2134 1309 1623
f 2132 3030 1057
f 1623 1624 1625
f 1729 1625 2310
f 1057 3030 3031
f 1058 1057 294
f 1729 227 1127
f 292 293 294
f 226 227 228
f 292 2228 2229
f 1948 2228 635
f 635 634 643
f 228 2197 226
f 634 2196 643
f 3340 2197 228
f 589 3340 228
f 2196 591 3499
f 589 1745 590
f 1745 1746 590
f 3039 1398 591
f 1400 3047 1398
f 2304 3047 2248
f 2446 354 404
f 353 404 354
f 352 353 354
f 2248 2247 2304
f 3115 2304 3045
f 3045 950 901
f 3163 899 901
f 1138 3163 3156
f 1150 3156 1298
f 1298 2145 3588
f 3588 3481 2220
f 2146 1391 3480
f 1391 949 1680
f 1116 3390 3505
f 1116 3505 1115
f 2258 1115 3505
f 1115 2258 2257
f 518 1115 2257
f 518 2257 1038
f 2257 2258 2259
f 3514 2259 2258
f 3514 2258 3515
f 3514 3515 2214
f 2258 3505 3390
f 718 1680 949
f 3390 3515 2258
f 3515 720 2214
f 718 949 719
f 1602 1603 720
f 3233 3379 719
f 2446 3379 3509
f 404 686 2446
f 687 1602 688
f 2222 2223 2224
f 1603 1602 687
f 2214 720 1603
f 3514 2214 186
f 1797 185 184
f 2259 3514 186
f 2257 2259 3158
f 1799 185 1797
f 2257 3158 146
f 145 144 1023
f 146 1038 2257
f 1038 1037 518
f 1115 518 1116
f 2039 2040 1116
f 2039 2221 2220
f 807 2221 475
f 806 2221 807
f 3393 2219 806
f 1471 3271 3393
f 3397 1205 1471
f 2387 805 766
f 1206 1205 3397
f 1207 1206 3344
f 768 1998 1999
f 2015 1998 768
f 2059 1642 3344
f 1642 1641 2264
f 1641 1997 1745
f 859 860 861
f 1997 1746 1745
f 1645 860 2087
f 1746 1647 1399
f 1646 1645 264
f 1647 1461 1399
f 263 1646 264
f 1461 3291 1462
f 3319 354 3291
f 311 310 263
f 354 3319 352
f 64 1781 1782
f 2746 2738 352
f 2738 66 352
f 65 64 3363
f 66 353 352
f 597 598 515
f 598 516 515
f 515 516 421
f 516 598 1388
f 353 3080 404
f 404 422 686
f 515 421 420
f 2224 422 2222
f 516 2103 421
f 2222 3339 2223
f 380 1797 3339
f 1797 1798 1799
f 2462 2756 2761
f 2756 1799 1798
f 1799 1024 144
f 3053 3057 3054
f 1023 144 1024
f 145 1023 632
f 631 632 633
f 2847 2494 864
f 2495 2844 3054
f 2495 3054 3057
f 2494 2493 2641
f 2641 864 2494
f 2847 864 863
f 2124 2846 863
f 2123 2846 2124
f 2122 2123 2124
f 2823 2846 2123
f 3147 1100 865
f 865 1567 3147
f 504 1539 1538
f 1458 1118 1459
f 1101 1118 1001
f 1099 1101 1001
f 2793 2124 1099
f 2122 2124 2793
f 2792 1958 2796
f 2824 2123 2122
f 3476 2990 2400
f 2061 3476 391
f 2823 2123 2824
f 2823 633 2846
f 391 2060 2061
f 633 2567 631
f 632 631 3038
f 278 277 3038
f 276 277 278
f 276 1201 519
f 476 517 1201
f 476 3021 474
f 3020 3021 3022
f 1873 1888 1874
f 1888 2806 1874
f 1872 1873 1874
f 3020 3022 1872
f 3020 3002 3399
f 3002 767 766
f 939 3003 2414
f 768 767 2015
f 1998 2015 3128
f 2309 3128 309
f 310 309 90
f 3444 938 2580
f 937 938 939
f 88 90 2014
f 1782 1781 88
f 1782 2891 64
f 2413 937 939
f 64 2891 3363
f 2412 3137 2413
f 3363 3138 65
f 2105 3137 2412
f 597 3356 3138
f 2861 598 597
f 2104 2105 2106
f 2525 598 2861
f 2525 1388 598
f 1845 3130 1846
f 3245 2863 3130
f 1388 1389 516
f 516 378 2103
f 2813 379 378
f 2633 2812 2811
f 2633 3194 2812
f 2633 360 3194
f 360 602 3194
f 3194 602 2817
f 602 1036 2817
f 360 402 602
f 3194 2817 2812
f 379 2813 2818
f 2817 1036 2876
f 2818 154 2833
f 1036 1946 2876
f 153 154 155
f 155 2461 153
f 2461 2878 3057
f 3010 2878 2877
f 2877 3009 3010
f 235 1862 392
f 1851 3009 3205
f 1851 1852 1568
f 2896 2594 2895
f 1576 1567 1852
f 2895 3201 2896
f 3088 1576 3089
f 1538 3088 3089
f 1538 1796 504
f 504 503 1539
f 696 1539 694
f 694 695 696
f 3079 695 1779
f 1779 3070 3079
f 3070 1779 1778
f 1963 3079 3070
f 1957 1000 1963
f 3326 2507 3482
f 1957 1958 1548
f 2506 2796 1958
f 2797 2506 2089
f 2910 2507 3326
f 3118 2971 2542
f 2088 2089 2090
f 2868 2541 2869
f 2084 2086 1295
f 2870 389 2088
f 389 390 391
f 1292 1293 390
f 2084 2085 2086
f 2934 2444 1292
f 1915 2886 2934
f 1913 1914 1915
f 1898 2480 1913
f 1898 1899 1900
f 3087 1899 3268
f 2084 2661 2085
f 3087 3268 3269
f 2991 2801 3087
f 2991 2947 2801
f 2943 2942 1348
f 74 2943 72
f 2944 2947 2991
f 72 73 74
f 2801 2947 3304
f 3304 1844 2104
f 73 2995 2685
f 2995 1836 2685
f 1844 1845 1846
f 1836 1835 2685
f 1835 1836 1837
f 3130 1845 3245
f 1835 2552 3300
f 3245 2633 2863
f 2632 360 2633
f 1176 400 358
f 360 359 402
f 1176 401 400
f 401 2555 3243
f 602 402 365
f 366 3243 1550
f 366 1550 289
f 2636 366 289
f 366 2636 394
f 1550 1551 289
f 602 365 1036
f 1036 1945 1946
f 367 366 394
f 1945 393 1946
f 393 392 2879
f 2636 233 394
f 235 392 3143
f 234 2595 235
f 234 1029 3106
f 1029 1028 3106
f 290 1028 1029
f 233 2636 289
f 250 776 251
f 776 250 774
f 249 289 1551
f 1551 1577 1126
f 1125 281 1126
f 1125 1126 2017
f 2898 774 250
f 2902 2897 3258
f 2606 3214 2645
f 2645 3214 2918
f 2926 2646 2918
f 1970 1978 1968
f 2645 2918 2646
f 2645 775 2606
f 774 775 776
f 251 776 3254
f 3254 1028 290
f 2975 1977 2976
f 2935 3106 1028
f 1970 1977 1978
f 3106 2935 2938
f 1968 1969 1970
f 3294 3201 2938
f 3055 3149 3294
f 1969 1968 2675
f 3056 3055 2676
f 3055 3056 2757
f 505 2757 2905
f 2904 3442 2441
f 484 2904 485
f 484 485 486
f 485 3427 486
f 1939 486 3427
f 1939 3427 3063
f 1939 3063 1940
f 1939 1940 1931
f 1940 1932 1931
f 1931 1932 362
f 3429 1931 362
f 1931 3429 486
f 3429 2907 486
f 2907 3429 1908
f 1908 2620 2907
f 362 1932 3761
f 1932 3764 3761
f 3764 2072 3761
f 3764 1926 2072
f 1926 3764 3768
f 3768 2666 1926
f 2666 3768 3771
f 3775 2666 3771
f 3775 3771 3231
f 3777 3775 3231
f 3777 3231 3230
f 3230 3652 3777
f 3651 3777 3652
f 3650 3651 3652
f 3784 3650 3652
f 3652 3786 3784
f 3486 3784 3786
f 3786 3790 3486
f 3487 3486 3790
f 3487 3790 3793
f 3796 3487 3793
f 3657 3796 3793
f 3793 3658 3657
f 3656 3657 3658
f 3658 3801 3656
f 3804 3656 3801
f 3801 3745 3804
f 3705 3804 3745
f 3705 3745 3223
f 3705 3223 3222
f 3464 3705 3222
f 3464 3222 3549
f 3810 3464 3549
f 3549 2769 3810
f 2769 3665 3810
f 3810 3665 3818
f 3818 3665 3666
f 3818 3666 3821
f 3464 3818 3821
f 3821 3458 3464
f 3460 3464 3458
f 3458 3459 3460
f 3804 3460 3459
f 3459 3462 3804
f 3459 3463 3462
f 3461 3462 3463
f 3828 3461 3463
f 3830 3828 3463
f 3828 3830 3834
f 3834 3836 3828
f 3836 3840 3828
f 3828 3840 3842
f 3828 3842 3843
f 3843 3842 3659
f 3487 3843 3659
f 3659 3488 3487
f 3659 3849 3488
f 3849 3468 3488
f 3488 3468 3470
f 3488 3470 3486
f 3468 3469 3470
f 3470 3469 3858
f 3784 3470 3858
f 3858 3469 3861
f 3744 3858 3861
f 3864 3744 3861
f 3861 3867 3864
f 3867 3870 3864
f 3870 3872 3864
f 3631 3872 3870
f 3631 3870 3877
f 3878 3631 3877
f 3878 3877 3879
f 3878 3879 3881
f 3883 3878 3881
f 3881 3662 3883
f 3661 3883 3662
f 3660 3661 3662
f 3662 3188 3660
f 3886 3660 3188
f 3188 3187 3886
f 3187 3890 3886
f 3728 3890 3187
f 3894 3728 3187
f 3896 3894 3187
f 3670 3896 3187
f 3670 3187 3186
f 3669 3670 3186
f 3669 3186 3903
f 3673 3669 3903
f 3673 3903 3545
f 3673 3545 3749
f 3748 3673 3749
f 3748 3749 3914
f 3914 3915 3748
f 3918 3748 3915
f 3921 3918 3915
f 3921 3915 3922
f 3921 3922 3924
f 3924 3922 3179
f 3924 3179 3178
f 3924 3178 3719
f 3924 3719 3918
f 3719 3932 3918
f 3918 3932 3172
f 3918 3172 3171
f 3171 3934 3918
f 3171 3181 3934
f 3934 3181 3673
f 3672 3673 3181
f 3672 3181 3938
f 3938 3939 3672
f 3672 3939 3941
f 3939 3746 3941
f 3941 3746 3669
f 3939 3944 3746
f 3896 3746 3944
f 3896 3944 3677
f 3944 3675 3677
f 3675 3676 3677
f 3677 3676 3894
f 3949 3676 3675
f 3754 3949 3675
f 3753 3949 3754
f 3618 3753 3754
f 3951 3618 3754
f 3944 3951 3754
f 3618 3951 3602
f 3617 3618 3602
f 3602 3601 3617
f 3601 3653 3617
f 3753 3617 3653
f 3653 3655 3753
f 3655 3957 3753
f 3655 3958 3957
f 3959 3957 3958
f 3958 3961 3959
f 3959 3961 3727
f 3959 3727 3676
f 3676 3727 3728
f 3727 3964 3728
f 3727 3572 3964
f 3964 3572 3621
f 3621 3890 3964
f 3890 3621 3620
f 3890 3620 3660
f 3619 3620 3621
f 3621 3971 3619
f 3619 3971 3975
f 3619 3975 3977
f 3977 3980 3619
f 3980 3977 3661
f 3620 3980 3661
f 3977 3975 3883
f 3986 3883 3975
f 3975 3988 3986
f 3986 3988 3878
f 3975 3989 3988
f 3989 3631 3988
f 3989 3629 3631
f 3629 3630 3631
f 3630 3997 3631
f 3997 3630 3999
f 3997 3999 3872
f 3742 3872 3999
f 3742 3999 4001
f 4003 3742 4001
f 4001 4004 4003
f 4005 4003 4004
f 4004 3733 4005
f 3732 4005 3733
f 3732 3733 3734
f 3732 3734 417
f 417 2666 3732
f 4015 417 3734
f 3734 3634 4015
f 1924 4015 3634
f 3636 1924 3634
f 3634 3635 3636
f 3636 3635 3492
f 3492 4018 3636
f 1842 3636 4018
f 4018 4020 1842
f 4021 4020 4018
f 4021 4018 4024
f 4021 4024 4028
f 2963 4021 4028
f 2963 4028 4030
f 2963 4030 3640
f 3640 4030 4031
f 3640 4031 4034
f 3640 4034 3641
f 3640 3641 2650
f 2650 1841 3640
f 2650 3641 4037
f 4037 4038 2650
f 4039 2650 4038
f 4038 4041 4039
f 2405 4039 4041
f 4041 4038 3600
f 4041 3600 3410
f 1848 4041 3410
f 2930 1848 3410
f 3410 3411 2930
f 3411 3413 2930
f 1073 2930 3413
f 3413 3411 3414
f 3413 3414 3182
f 3558 3413 3182
f 3173 3558 3182
f 3173 3182 3171
f 3173 3420 3558
f 576 3558 3420
f 3420 3422 576
f 3420 3421 3422
f 4056 3422 3421
f 3421 3682 4056
f 3682 4058 4056
f 630 4056 4058
f 3682 3609 4058
f 3609 4061 4058
f 4058 4061 4062
f 2475 4058 4062
f 2475 4062 3642
f 2475 3642 3643
f 2475 3643 4064
f 3643 1147 4064
f 3643 4066 1147
f 1147 4066 4069
f 4066 2053 4069
f 2053 1006 4069
f 4070 4066 3643
f 4071 4070 3643
f 4071 3739 4070
f 3741 4070 3739
f 3739 3740 3741
f 2043 3741 3740
f 3740 4075 2043
f 4075 3740 3644
f 3644 3665 4075
f 3665 2058 4075
f 3740 3645 3644
f 3644 3645 3646
f 3644 3646 3666
f 3645 4082 3646
f 3821 3646 4082
f 3645 4084 4082
f 4084 3830 4082
f 4082 3830 3458
f 4090 3830 4084
f 4084 3645 4090
f 4093 4090 3645
f 4090 4093 3556
f 4094 4090 3556
f 3556 3555 4094
f 3834 4094 3555
f 3555 4098 3834
f 4098 3555 3557
f 3557 4100 4098
f 4100 3536 4098
f 4098 3536 4101
f 4098 4101 3836
f 4101 4103 3836
f 3836 4103 4106
f 4107 4106 4103
f 4103 4110 4107
f 4107 4110 3587
f 4107 3587 3586
f 4107 3586 3840
f 3585 3586 3587
f 4114 3585 3587
f 4114 3710 3585
f 4115 3585 3710
f 3710 3608 4115
f 4117 4115 3608
f 3608 3593 4117
f 4117 3593 3468
f 3593 3598 3468
f 3592 3598 3593
f 3591 3592 3593
f 3592 3591 4121
f 4121 3698 3592
f 4124 3592 3698
f 3697 4124 3698
f 3697 3698 3699
f 3697 3699 3662
f 3747 3662 3699
f 4127 3747 3699
f 4133 4127 3699
f 4133 3699 4137
f 4140 4133 4137
f 4121 4140 4137
f 4121 4141 4140
f 3596 4140 4141
f 3596 4141 3542
f 3537 3596 3542
f 3537 3542 3538
f 3536 3537 3538
f 4148 3536 3538
f 4114 4148 3538
f 4114 4110 4148
f 3177 3537 3536
f 3177 3179 3537
f 3179 3594 3537
f 3538 3542 3709
f 3709 3710 3538
f 3542 4159 3709
f 3709 4159 3608
f 4159 3591 3608
f 3542 4121 4159
f 3594 3596 3537
f 3594 3595 3596
f 3594 3914 3595
f 3914 3545 3595
f 3545 3544 3595
f 3595 3544 4133
f 3544 3545 3546
f 3546 4169 3544
f 3747 3544 4169
f 3747 4169 3186
f 3186 3188 3747
f 4170 3186 4169
f 4170 4169 3546
f 3546 3903 4170
f 3922 3914 3594
f 4140 3596 3595
f 4121 3542 4141
f 3595 4133 4140
f 4127 4133 3544
f 3544 3747 4127
f 4137 3699 3698
f 4124 3697 3599
f 4124 3599 3598
f 3597 3598 3599
f 3597 3599 4179
f 3597 4179 3879
f 3879 3867 3597
f 3598 3597 3469
f 4179 3599 3697
f 4179 3697 3881
f 3698 4121 4137
f 4121 3591 4159
f 3592 4124 3598
f 3591 3593 3608
f 4115 4117 4191
f 4191 3586 4115
f 4191 3842 3586
f 4191 4117 3849
f 3709 3608 3710
f 3538 3710 4114
f 4115 3586 3585
f 4110 4114 3587
f 4148 4110 4103
f 4106 4107 3840
f 4101 4148 4103
f 3536 4148 4101
f 3536 4100 3177
f 4100 3557 3177
f 4205 3177 3557
f 3557 3615 4205
f 4205 3615 4206
f 4205 4206 3720
f 3720 3178 4205
f 3610 3720 4206
f 3611 3610 4206
f 3609 3610 3611
f 3611 4209 3609
f 3611 3614 4209
f 4209 3614 4213
f 4071 4209 4213
f 4209 4071 3642
f 4061 4209 3642
f 4213 3614 3739
f 3739 3614 4093
f 3616 4093 3614
f 3614 3615 3616
f 3616 3615 3556
f 3611 3615 3614
f 3718 3720 3610
f 3718 3610 3682
f 3718 3719 3720
f 3615 3611 4206
f 3556 3615 3557
f 3177 4205 3178
f 3555 3556 3557
f 3834 4090 4094
f 3556 4093 3616
f 3645 3740 4093
f 3739 4093 3740
f 3741 2054 4070
f 4213 3739 4071
f 2054 4066 4070
f 3643 3642 4071
f 4062 4061 3642
f 3609 4209 4061
f 3609 3682 3610
f 3682 3421 3718
f 3421 3932 3718
f 3422 4056 1113
f 3422 1113 2470
f 3421 3420 3932
f 3172 3420 3173
f 575 3413 3558
f 4186 3182 3414
f 3938 4186 3414
f 3414 4231 3938
f 3414 4235 4231
f 4231 4235 3951
f 4231 3951 3939
f 3182 4186 3181
f 3411 4235 3414
f 3411 3410 4235
f 3410 3602 4235
f 3410 3600 3602
f 3564 3600 4038
f 3564 4038 3565
f 3564 3565 3566
f 3564 3566 4245
f 3564 4245 3601
f 4247 3601 4245
f 4245 3566 4247
f 4247 3566 3582
f 4247 3582 3653
f 3653 3582 3654
f 3654 3582 3581
f 3581 4257 3654
f 4257 3688 3654
f 3654 3688 3689
f 3654 3689 3958
f 3688 4260 3689
f 3689 4260 3961
f 4260 4261 3961
f 3961 4261 3570
f 4261 3571 3570
f 3570 3571 3572
f 3572 3571 3971
f 3571 4263 3971
f 3971 4263 4220
f 4263 3693 4220
f 4220 3693 3629
f 4267 3693 4263
f 3694 3693 4267
f 4268 3694 4267
f 4267 4260 4268
f 4271 4268 4260
f 4273 4271 4260
f 3580 4271 4273
f 4273 3578 3580
f 3578 3579 3580
f 3579 3496 3580
f 3494 3496 3579
f 4278 3494 3579
f 4282 4278 3579
f 4282 4283 4278
f 4283 4282 4031
f 4031 4284 4283
f 4284 4286 4283
f 3494 4283 4286
f 4286 3492 3494
f 3492 3493 3494
f 3494 3493 3495
f 3635 3495 3493
f 3635 3491 3495
f 3495 3491 3496
f 3496 3491 4271
f 3490 4271 3491
f 3489 3490 3491
f 3634 3489 3491
f 3634 4262 3489
f 4262 3503 3489
f 3503 3504 3489
f 3503 4001 3504
f 3693 3504 4001
f 4262 4004 3503
f 3490 3489 3504
f 4268 3490 3504
f 4286 4024 3492
f 4028 4286 4284
f 4031 4028 4284
f 4283 3494 4278
f 3494 3495 3496
f 4282 3579 3578
f 3641 4282 3578
f 3578 4273 4308
f 3565 3578 4308
f 4037 3578 3565
f 4308 4273 4257
f 3566 4308 4257
f 4271 3580 3496
f 3490 4268 4271
f 4268 3504 3694
f 3693 3694 3504
f 4267 4263 3571
f 3571 4261 4267
f 4260 4267 4261
f 4273 4260 3688
f 4257 4273 3688
f 3566 4257 3581
f 3566 3581 3582
f 3565 4308 3566
f 3600 3564 3601
f 2650 4039 86
f 4038 4037 3565
f 4037 3641 3578
f 4034 4282 3641
f 4282 4034 4031
f 4031 4030 4028
f 2963 49 4021
f 4028 4024 4286
f 49 4020 4021
f 4024 4018 3492
f 3635 3493 3492
f 3491 3635 3634
f 3734 4262 3634
f 3734 3733 4262
f 3732 4329 4005
f 4264 4005 4329
f 4264 4329 3777
f 4005 4264 3651
f 3743 4005 3651
f 3775 4329 3732
f 4004 4262 3733
f 4003 4005 3743
f 4004 4001 3503
f 3743 3742 4003
f 3742 3743 3744
f 4001 3999 3693
f 3872 3742 3744
f 3999 3630 3693
f 3630 3629 3693
f 3989 4220 3629
f 4220 3989 3975
f 3971 4220 3975
f 3619 3980 3620
f 3971 3621 3572
f 3727 3570 3572
f 3961 3570 3727
f 3958 3689 3961
f 3959 3949 3957
f 3655 3654 3958
f 3653 3654 3655
f 3601 4247 3653
f 3600 3601 3602
f 4235 3602 3951
f 3618 3617 3753
f 3753 3957 3949
f 3949 3959 3676
f 3675 3944 3754
f 3939 3951 3944
f 4231 3939 3938
f 3938 3181 4186
f 3941 3673 3672
f 3181 3171 3182
f 3171 3172 3173
f 3420 3172 3932
f 3932 3719 3718
f 3719 3178 3720
f 3177 3178 3179
f 3922 3594 3179
f 3924 3918 3921
f 3934 3748 3918
f 3915 3914 3922
f 3673 3748 3934
f 3749 3545 3914
f 3545 3903 3546
f 3669 3673 3941
f 3903 3186 4170
f 3669 3746 3670
f 3746 3896 3670
f 3894 3896 3677
f 3676 3728 3894
f 3728 3964 3890
f 3186 3187 3188
f 3660 3886 3890
f 3188 3662 3747
f 3660 3620 3661
f 3661 3977 3883
f 3662 3881 3697
f 3878 3883 3986
f 3881 3879 4179
f 3988 3631 3878
f 3877 3870 3879
f 3997 3872 3631
f 3879 3870 3867
f 3597 3867 3861
f 3872 3744 3864
f 3744 3743 3858
f 3858 3743 3650
f 3861 3469 3597
f 3469 3468 3598
f 3468 3849 4117
f 4191 3849 3659
f 3659 3842 4191
f 3840 3586 3842
f 3840 3836 4106
f 3836 3834 4098
f 4090 3834 3830
f 3828 3843 3461
f 3796 3461 3843
f 3462 3461 3656
f 3830 3463 3459
f 3459 3458 3830
f 3458 3821 4082
f 3646 3821 3666
f 3665 3644 3666
f 2769 3549 2770
f 2770 3549 3550
f 2770 3550 2091
f 2091 3550 4226
f 2091 4226 2068
f 2068 4226 4227
f 4226 4232 4227
f 4232 4234 4227
f 4227 4234 3040
f 4232 4233 4234
f 4234 4233 3061
f 3046 4234 3061
f 4232 3751 4233
f 4233 3751 3066
f 4201 3066 3751
f 3394 4201 3751
f 3751 3752 3394
f 3395 3394 3752
f 3550 3395 3752
f 3550 4307 3395
f 3396 3395 4307
f 4306 3396 4307
f 4306 4307 3745
f 4306 3745 4312
f 3757 4306 4312
f 4312 3755 3757
f 3755 3756 3757
f 3757 3756 4315
f 3757 4315 3674
f 3674 4315 4032
f 4032 3384 3674
f 3384 3383 3674
f 3674 3383 3723
f 3723 3725 3674
f 4306 3674 3725
f 3723 3724 3725
f 3725 3724 3394
f 3396 3725 3394
f 4120 3724 3723
f 4120 3723 3382
f 3623 4120 3382
f 3382 3824 3623
f 3824 3714 3623
f 3714 4125 3623
f 3623 4125 4126
f 4126 3624 3623
f 3623 3624 3625
f 3625 3624 4197
f 3625 4197 4198
f 4198 3726 3625
f 3724 3625 3726
f 3726 4201 3724
f 3726 3067 4201
f 2637 3067 3726
f 3067 2637 2914
f 3726 4198 2637
f 2754 2637 4198
f 2754 4198 4197
f 4197 2752 2754
f 3624 2714 4197
f 4126 2714 3624
f 4126 4149 2714
f 4126 3826 4149
f 3826 3729 4149
f 4149 3729 4150
f 2715 4149 4150
f 3091 4150 3729
f 3729 3730 3091
f 4160 3730 3729
f 4047 4160 3729
f 4047 3966 4160
f 3966 4166 4160
f 4165 4160 4166
f 4166 4168 4165
f 3540 4165 4168
f 3541 3540 4168
f 4168 3374 3541
f 3541 3374 3637
f 3539 3541 3637
f 2762 3539 3637
f 2762 3637 4095
f 4095 4180 2762
f 4292 4180 4095
f 3731 4292 4095
f 4095 3374 3731
f 3731 3374 3373
f 3373 3984 3731
f 3731 3984 4104
f 4104 4105 3731
f 4104 4111 4105
f 4105 4111 4113
f 4113 4292 4105
f 4111 4112 4113
f 4113 4112 2642
f 2642 4371 4113
f 4371 2763 4113
f 4113 2763 4180
f 4111 3563 4112
f 4112 3563 3157
f 3562 3157 3563
f 3160 3562 3563
f 3160 3563 4188
f 2956 3160 4188
f 3023 2956 4188
f 3023 4188 4189
f 4195 3023 4189
f 4138 4195 4189
f 4104 4195 4138
f 4195 4104 3027
f 3027 3029 4195
f 3027 3028 3029
f 3024 3029 3028
f 3028 4242 3024
f 4242 3033 3024
f 3033 3034 3024
f 3024 3034 4246
f 3024 4246 3025
f 3023 3024 3025
f 3048 3023 3025
f 3025 4211 3048
f 3048 4211 3049
f 3048 3049 2957
f 2957 2956 3048
f 3049 4211 4210
f 4210 4258 3049
f 3049 4258 3189
f 4210 2663 4258
f 2663 2945 4258
f 3737 4210 4211
f 3737 2659 4210
f 3025 3737 4211
f 2660 3737 3025
f 4214 2660 3025
f 2660 4214 4216
f 4214 4375 4216
f 4375 3275 4216
f 4216 3275 3212
f 4317 3275 4375
f 4375 4218 4317
f 4217 4317 4218
f 4217 4218 3649
f 3648 4217 3649
f 3647 3648 3649
f 3647 3649 3033
f 3648 3647 3717
f 3717 3527 3648
f 4019 3648 3527
f 3738 4019 3527
f 3527 3529 3738
f 3529 3679 3738
f 3679 3352 3738
f 4175 3738 3352
f 4174 4175 3352
f 4174 3352 3351
f 3351 4091 4174
f 4174 4091 4177
f 4174 4177 4178
f 4013 4178 4177
f 4177 4243 4013
f 4243 3455 4013
f 4013 3455 4014
f 4012 4013 4014
f 4014 4184 4012
f 4012 4184 3369
f 4012 3369 3341
f 4017 4012 3341
f 4017 3341 3343
f 4190 4017 3343
f 4019 4190 3343
f 4019 3343 3952
f 4019 3952 4321
f 3695 4321 3952
f 3279 3695 3952
f 3952 3450 3279
f 3695 4217 4321
f 3696 4217 3695
f 3695 3276 3696
f 3450 3952 3343
f 3450 3343 3711
f 3450 3711 2558
f 3711 3712 2558
f 3715 2558 3712
f 3712 3663 3715
f 3715 3663 3590
f 3715 3590 3700
f 3700 3590 3589
f 3700 3589 3701
f 3701 3281 3700
f 3281 3701 3963
f 3701 2586 3963
f 3701 3589 2586
f 3301 3589 3590
f 3663 3146 3590
f 3663 3664 3146
f 3664 3898 3146
f 3146 3898 3145
f 3371 3898 3664
f 3371 3664 3891
f 3371 3891 3341
f 3891 3342 3341
f 3342 3891 3712
f 3371 3364 3898
f 3898 3364 3308
f 3364 3317 3308
f 3364 3365 3317
f 3364 3370 3365
f 3990 3365 3370
f 3369 3990 3370
f 3369 3370 3371
f 3990 3991 3365
f 3991 3750 3365
f 3750 2802 3365
f 3998 3750 3991
f 3522 3998 3991
f 3522 3521 3998
f 3521 3704 3998
f 3998 3704 2416
f 3521 3702 3704
f 3702 3703 3704
f 3704 3703 2409
f 2409 3703 3376
f 4009 3376 3703
f 4009 3377 3376
f 2410 3376 3377
f 3935 3377 4009
f 4076 3935 4009
f 3702 4076 4009
f 3334 4076 3702
f 4079 3334 3702
f 3332 3334 4079
f 4391 3332 4079
f 4391 4079 4083
f 3560 4391 4083
f 3560 4083 3313
f 4393 3560 3313
f 4393 3313 3315
f 3315 3561 4393
f 3315 4091 3561
f 3706 3561 4091
f 3708 3561 3706
f 3706 3707 3708
f 4032 3708 3707
f 3382 4032 3707
f 3707 3816 3382
f 3816 3707 3678
f 3678 4036 3816
f 4036 3785 3816
f 3816 3785 3713
f 3713 3824 3816
f 3785 3613 3713
f 3713 3613 3714
f 3826 3714 3613
f 3613 3603 3826
f 4047 3826 3603
f 3603 3605 4047
f 3603 3604 3605
f 3604 3965 3605
f 3605 3965 3966
f 3965 4230 3966
f 4230 3965 3375
f 3375 4168 4230
f 3970 3375 3965
f 3721 3970 3965
f 3721 3716 3970
f 3970 3716 3979
f 3978 3970 3979
f 3360 3978 3979
f 3979 3028 3360
f 3978 3360 3984
f 3984 3360 3985
f 3027 3985 3360
f 3716 3028 3979
f 3716 3717 3028
f 3717 3716 3722
f 3717 3722 3528
f 3528 3722 3604
f 4065 3528 3604
f 3785 4065 3604
f 3785 3604 3612
f 3679 4065 3785
f 3528 4065 3679
f 3722 3721 3604
f 3716 3721 3722
f 3978 3375 3970
f 3978 3373 3375
f 3604 3721 3965
f 3612 3604 3603
f 3612 3603 3613
f 3612 3613 3785
f 4036 3679 3785
f 4036 3678 3679
f 3678 3353 3679
f 3353 3678 3792
f 3353 3792 3351
f 3792 3706 3351
f 3800 3706 3792
f 3792 3678 3800
f 3678 3707 3800
f 3805 3708 4032
f 3800 3707 3706
f 3708 3805 3561
f 3805 3559 3561
f 3559 3560 3561
f 3559 3916 3560
f 3916 3917 3560
f 3916 4401 3917
f 4401 3925 3917
f 3680 3917 3925
f 3925 3681 3680
f 3680 3681 3333
f 3680 3333 3332
f 3681 3912 3333
f 3912 3902 3333
f 3902 3935 3333
f 3333 3935 3334
f 3902 3936 3935
f 3935 3936 3937
f 3936 4403 3937
f 3684 3937 4403
f 3684 4403 3774
f 3774 3829 3684
f 3684 3829 3846
f 3846 3685 3684
f 3683 3684 3685
f 3683 3685 3377
f 3683 3377 3937
f 3322 3377 3685
f 3685 3845 3322
f 3845 3685 3846
f 3845 3846 3327
f 3829 3687 3846
f 3687 3573 3846
f 3328 3846 3573
f 3687 3132 3573
f 3573 3132 3574
f 3443 3573 3574
f 3574 3338 3443
f 3573 3443 3329
f 3443 2478 3329
f 3574 3132 2575
f 3131 3132 3687
f 3686 3131 3687
f 3774 3686 3687
f 3773 3686 3774
f 3772 3773 3774
f 3773 3772 3901
f 3901 3780 3773
f 3781 3773 3780
f 3780 3627 3781
f 3627 3885 3781
f 4405 3781 3885
f 3885 2826 4405
f 2826 3885 3626
f 3686 3781 4405
f 3885 3627 3626
f 3584 3626 3627
f 3691 3584 3627
f 3627 4407 3691
f 3691 4407 3901
f 3900 3691 3901
f 3900 3901 3902
f 3868 3691 3900
f 3900 3912 3868
f 3911 3868 3912
f 3911 3912 3251
f 3252 3911 3251
f 3251 3249 3252
f 3252 3249 3248
f 3248 3232 3252
f 3232 3231 3252
f 3232 3248 3230
f 3230 3248 3786
f 3250 3786 3248
f 3248 3249 3250
f 3261 3250 3249
f 3261 3249 3690
f 3261 3690 3262
f 3260 3261 3262
f 3260 3262 4011
f 3658 3260 4011
f 3658 4011 3755
f 4311 3755 4011
f 4011 4401 4311
f 4011 3262 4401
f 3261 3260 3793
f 3262 3690 3925
f 3793 3250 3261
f 3249 3251 3690
f 3251 3681 3690
f 3252 3768 3911
f 3868 3911 3768
f 3768 3948 3868
f 3869 3868 3948
f 3869 3948 3859
f 3859 3860 3869
f 3692 3869 3860
f 3860 1940 3692
f 3584 3692 1940
f 3583 3584 1940
f 3691 3869 3692
f 3859 1932 3860
f 3859 4412 1932
f 3948 4412 3859
f 4412 3948 3764
f 3691 3868 3869
f 3584 3691 3692
f 3626 3584 3583
f 3583 2571 3626
f 2571 3583 485
f 4407 3627 3780
f 3780 3901 4407
f 3772 3902 3901
f 3781 3686 3773
f 4405 3131 3686
f 3774 3687 3829
f 3774 4403 3772
f 3683 3937 3684
f 4403 3936 3772
f 3902 3772 3936
f 3912 3900 3902
f 3251 3912 3681
f 3690 3681 3925
f 3917 3680 3332
f 3925 4401 3262
f 3916 4311 4401
f 4311 3916 4272
f 3756 4311 4272
f 3756 4272 4265
f 4272 3559 4265
f 3559 4272 3916
f 3559 3805 4265
f 4315 4265 3805
f 3313 3314 3315
f 3315 3314 3453
f 4243 3315 3453
f 3314 3521 3453
f 4083 3521 3314
f 3560 4393 3561
f 3313 4083 3314
f 3917 4391 3560
f 4083 4079 3521
f 3332 4391 3917
f 3332 3333 3334
f 3334 3935 4076
f 3935 3937 3377
f 3702 4009 3703
f 4079 3702 3521
f 3453 3521 3522
f 3522 3454 3453
f 3453 3454 3455
f 3455 3454 4184
f 3454 3522 4184
f 4184 3522 3990
f 3998 2416 3750
f 2416 2803 3750
f 3522 3991 3990
f 3371 3370 3364
f 3891 3664 3663
f 3891 3663 3712
f 2558 3715 3700
f 3711 3342 3712
f 3343 3342 3711
f 4178 4017 4190
f 4175 4178 4190
f 3341 3342 3343
f 3371 3341 3369
f 3369 4184 3990
f 4013 4012 4017
f 4184 4014 3455
f 4243 3453 3455
f 4177 3315 4243
f 4178 4013 4017
f 4091 3315 4177
f 4091 3351 3706
f 3351 3352 3353
f 4178 4175 4174
f 4175 4190 3738
f 3353 3352 3679
f 3528 3679 3529
f 3527 3528 3529
f 4019 3738 4190
f 4019 4321 3648
f 3528 3527 3717
f 3717 3647 4242
f 3648 4321 4217
f 3033 3649 4218
f 4217 3696 4317
f 3034 4218 4375
f 3275 4317 3696
f 4246 4375 4214
f 4246 4214 3025
f 3034 4375 4246
f 3033 4218 3034
f 4242 3647 3033
f 3717 4242 3028
f 3023 3029 3024
f 3360 3028 3027
f 3027 4104 3985
f 4195 3029 3023
f 4138 4189 4188
f 4111 4138 4188
f 3048 2956 3023
f 4111 4188 3563
f 4104 4138 4111
f 3984 3985 4104
f 3978 3984 3373
f 3373 3374 3375
f 4292 3731 4105
f 4180 4292 4113
f 4095 3637 3374
f 3375 3374 4168
f 3539 3540 3541
f 3540 3539 2677
f 3539 3142 2677
f 3136 4165 3540
f 3136 3730 4165
f 4230 4168 4166
f 3966 4230 4166
f 3605 3966 4047
f 4160 4165 3730
f 3729 3826 4047
f 4126 4125 3826
f 3714 3826 4125
f 3824 3713 3714
f 3382 3816 3824
f 4120 3623 3625
f 4120 3625 3724
f 3382 3723 3383
f 3382 3383 3384
f 3382 3384 4032
f 4032 4315 3805
f 4315 3756 4265
f 3755 4311 3756
f 3755 4312 3801
f 4306 3757 3674
f 3725 3396 4306
f 3224 4307 3550
f 3224 3223 4307
f 3394 3395 3396
f 3394 3724 4201
f 3752 3751 4232
f 4226 3752 4232
f 3550 3752 4226
f 3549 3224 3550
f 3818 3464 3810
f 3549 3222 3224
f 3464 3460 3705
f 3222 3223 3224
f 3745 4307 3223
f 3705 3460 3804
f 3745 3801 4312
f 3462 3656 3804
f 3801 3658 3755
f 3657 3656 3461
f 3260 3658 3793
f 3461 3796 3657
f 3843 3487 3796
f 3793 3790 3250
f 3486 3487 3488
f 3790 3786 3250
f 3784 3486 3470
f 3784 3858 3650
f 3743 3651 3650
f 4264 3777 3651
f 3652 3230 3786
f 3230 3231 3232
f 4329 3775 3777
f 3771 3252 3231
f 3775 3732 2666
f 3771 3768 3252
f 3948 3768 3764
f 3764 1932 4412
f 1932 1940 3860
f 3583 1940 3063
f 3063 3427 3583
f 1931 486 1939
f 3427 485 3583
f 485 2904 2447
f 2907 484 486
f 2908 1794 2905
f 594 1794 592
f 2620 3228 2907
f 592 3226 593
f 2759 593 3226
f 3083 2760 2759
f 3387 2740 3083
f 478 2740 793
f 3386 3225 2773
f 2980 2772 793
f 3337 3336 2981
f 479 2772 2774
f 479 2707 477
f 2981 2958 3337
f 3331 477 2707
f 3331 2961 3121
f 3330 4439 2959
f 2100 2959 4439
f 2959 2100 2915
f 4439 3330 2422
f 2960 3121 2961
f 3326 3482 2960
f 3432 2910 3326
f 2909 3118 2910
f 2959 2915 2911
f 2909 2968 3118
f 2968 2971 3118
f 2970 3244 3239
f 2540 2542 2971
f 2540 3430 2853
f 3402 3113 3430
f 3113 3402 2986
f 3244 3280 3239
f 3428 3280 3244
f 1370 3428 3244
f 1370 4182 3428
f 4182 2782 3428
f 3398 2986 3402
f 3113 2986 2784
f 2783 3112 2784
f 4182 2939 2782
f 957 1175 2987
f 2783 2989 2988
f 3298 2987 1224
f 3419 3298 3299
f 3283 3419 3299
f 2783 2988 3112
f 3419 3283 3345
f 3161 3162 3112
f 3284 3345 3283
f 3283 1319 3284
f 3412 1319 3283
f 1268 1267 3161
f 1295 2869 1267
f 1294 2084 1295
f 1348 2942 1294
f 1296 1269 2568
f 1348 72 2943
f 1319 3412 2568
f 72 2995 73
f 3283 3285 3412
f 2995 1837 1836
f 3285 3283 3299
f 1837 2552 1835
f 3298 1224 3299
f 3300 2552 1177
f 1224 2987 1175
f 1177 1176 358
f 1203 401 1176
f 401 1203 1250
f 1250 2555 401
f 4171 3278 1202
f 2527 4171 1202
f 3517 4171 2527
f 3517 3516 4171
f 919 3516 3517
f 3321 3516 919
f 3516 3321 3278
f 4171 3516 3278
f 1550 3243 2555
f 1550 3306 1551
f 3321 3320 3278
f 1551 3306 1577
f 1126 1577 2017
f 2505 2504 2953
f 1125 2017 2698
f 3391 3392 2834
f 2489 3391 2463
f 279 281 1125
f 279 2490 280
f 2489 2463 3381
f 2463 2464 3381
f 2845 3380 2497
f 2201 2497 2189
f 3385 2201 3372
f 2198 2190 2162
f 3258 2490 3372
f 3258 2200 2902
f 2607 2200 2608
f 2199 2198 2162
f 2165 2608 2161
f 2174 2269 2166
f 3350 2165 2164
f 2172 3350 2164
f 3348 2919 3350
f 3347 2920 3348
f 3117 2795 2794
f 3347 2925 2920
f 3293 2675 2925
f 2794 2443 3117
f 3292 3293 2442
f 2441 3442 2442
f 2448 2443 2794
f 2904 2441 2447
f 485 2447 2571
f 2569 2448 2403
f 2570 3626 2571
f 2826 3626 2570
f 4405 2826 3131
f 3131 2575 3132
f 2569 2402 2827
f 3574 2575 2574
f 2402 2398 2564
f 3574 2574 3338
f 2478 3443 3338
f 2482 2840 2478
f 2840 3329 2478
f 3329 3328 3573
f 3318 3325 437
f 3328 3327 3846
f 3327 3322 3845
f 3377 3322 2410
f 3376 2410 2409
f 2416 3704 2409
f 3318 2408 3325
f 2416 2415 2803
f 3750 2803 2802
f 3317 3365 2802
f 3317 3312 3308
f 3308 3145 3898
f 2583 3305 2339
f 3145 2890 3146
f 3301 3590 3146
f 3589 3301 2587
f 2587 2586 3589
f 3963 2586 3296
f 2815 3963 3296
f 2815 3296 2430
f 3295 2430 3296
f 3286 3295 3290
f 3295 3286 2430
f 2431 2603 2433
f 2430 2432 2815
f 2815 3281 3963
f 2559 3700 3281
f 2558 3700 2559
f 3279 3450 2558
f 3277 3695 3279
f 2557 2553 3273
f 3277 3276 3695
f 3696 3276 3275
f 3275 3272 3212
f 2554 3273 2553
f 2554 2894 2597
f 3267 2894 2433
f 4006 2598 3266
f 4006 3266 3639
f 4006 3639 3638
f 4006 3638 3166
f 4006 3166 4007
f 4085 4007 3166
f 2544 4085 3166
f 3166 3165 2544
f 3164 3165 3166
f 3164 3323 3165
f 3323 3431 3165
f 3165 3431 3812
f 3165 3812 3217
f 3217 3812 3632
f 3633 3632 3812
f 3812 3184 3633
f 3184 2513 3633
f 3184 3183 2513
f 3183 3184 3185
f 3185 4050 3183
f 4050 3085 3183
f 3183 3085 4043
f 3183 4043 2852
f 3183 2852 2514
f 4043 3085 3084
f 3905 4043 3084
f 3084 3606 3905
f 3905 3606 3976
f 3906 3905 3976
f 3906 3976 3967
f 3967 3968 3906
f 3192 3906 3968
f 3192 3968 4063
f 4063 3863 3192
f 3190 3192 3863
f 3190 3863 2329
f 2329 2338 3190
f 2338 3191 3190
f 3880 3191 2338
f 3191 3880 3234
f 3190 3191 3192
f 3904 3192 3191
f 3904 3191 2511
f 3905 3904 2511
f 3863 4063 3247
f 3209 3247 4063
f 4063 3967 3209
f 3967 3526 3209
f 3209 3526 3543
f 3543 3207 3209
f 3207 3208 3209
f 3208 3207 4074
f 3207 3242 4074
f 3000 4074 3242
f 3242 3241 3000
f 3241 3474 3000
f 3000 3474 3794
f 3794 3795 3000
f 3000 3795 3001
f 2999 3000 3001
f 3001 4469 2999
f 3776 2999 4469
f 3776 4469 3791
f 3438 3776 3791
f 3438 3791 3806
f 3418 3438 3806
f 3418 3806 4328
f 4328 4409 3418
f 3408 3418 4409
f 3408 4409 3409
f 3082 3408 3409
f 3082 3409 3762
f 3082 3762 3926
f 3051 3082 3926
f 3051 3926 3008
f 3052 3051 3008
f 3007 3052 3008
f 3006 3007 3008
f 3008 3923 3006
f 3923 3851 3006
f 3851 3850 3006
f 3850 3434 3006
f 3850 4344 3434
f 3910 3434 4344
f 3910 4344 4343
f 3933 3910 4343
f 3933 4343 3416
f 3425 3933 3416
f 3425 3416 3415
f 3425 3415 3035
f 3037 3425 3035
f 3035 3036 3037
f 3839 3037 3036
f 3839 3036 3553
f 3839 3553 3837
f 3837 3838 3839
f 3838 3857 3839
f 3856 3839 3857
f 3856 3857 3362
f 3362 3854 3856
f 3854 3423 3856
f 3854 3424 3423
f 3423 3424 3425
f 3853 3424 3854
f 3853 3767 3424
f 3767 3043 3424
f 3043 3933 3424
f 3043 3407 3933
f 3042 3407 3043
f 3041 3042 3043
f 3041 3043 3765
f 3765 3766 3041
f 3783 3041 3766
f 3766 3782 3783
f 3892 3783 3782
f 3782 3012 3892
f 3779 3892 3012
f 3779 3012 4368
f 3779 4368 3778
f 3778 3072 3779
f 3072 3778 3895
f 3895 3050 3072
f 3072 3050 3073
f 3072 3073 3074
f 3074 3892 3072
f 3892 3074 3406
f 3892 3406 3893
f 3892 3893 3041
f 3042 3893 3406
f 3074 3407 3406
f 3074 4354 3407
f 3909 3407 4354
f 4354 3434 3909
f 3433 3434 4354
f 3433 3007 3434
f 3407 3909 3910
f 3074 3433 4354
f 3073 3433 3074
f 3073 3052 3433
f 3050 3052 3073
f 3050 3895 3081
f 3081 3082 3050
f 3082 3081 3311
f 3513 3311 3081
f 3081 3736 3513
f 3735 3513 3736
f 3735 3736 4176
f 4176 4010 3735
f 4010 4176 4390
f 4390 4116 4010
f 4116 3576 4010
f 3576 3513 4010
f 3512 3513 3576
f 3101 3512 3576
f 3576 3099 3101
f 3099 3100 3101
f 3100 4460 3101
f 3100 3942 4460
f 3943 4460 3942
f 3942 3511 3943
f 3511 3437 3943
f 3943 3437 3436
f 3943 3436 4360
f 3943 4360 3310
f 3310 4360 3418
f 4360 3436 3438
f 3436 3437 3438
f 3511 3950 3437
f 3950 3104 3437
f 3871 3437 3104
f 3104 4348 3871
f 4348 2359 3871
f 3104 2352 4348
f 2352 3104 3105
f 3105 3104 3865
f 3105 3865 3866
f 3866 3255 3105
f 3866 3884 3255
f 3255 3884 3435
f 3855 3435 3884
f 3884 4466 3855
f 3855 4466 3099
f 3855 3099 3882
f 3882 3520 3855
f 4253 3520 3882
f 4254 4253 3882
f 3575 4254 3882
f 4254 3575 3577
f 4254 3577 3841
f 4254 3841 3479
f 3479 3507 4254
f 4254 3507 4252
f 4252 3507 3506
f 4252 3506 4266
f 4253 4252 4266
f 3518 4253 4266
f 4406 3518 4266
f 3518 4406 3567
f 3567 3569 3518
f 3518 3569 3519
f 3518 3519 3520
f 3435 3520 3519
f 3288 3435 3519
f 4219 3288 3519
f 3257 3288 4219
f 4219 4399 3257
f 2601 3257 4399
f 3523 4399 4219
f 4219 4193 3523
f 3523 4193 3324
f 3523 3324 3164
f 3523 3164 3638
f 4193 4192 3324
f 4192 3568 3324
f 3568 3169 3324
f 3323 3324 3169
f 3568 3167 3169
f 3167 3168 3169
f 3169 3168 4040
f 4040 3431 3169
f 3168 4033 4040
f 4040 4033 3812
f 4033 3185 3812
f 3168 4464 4033
f 4050 4033 4464
f 4050 4464 3607
f 3607 3086 4050
f 3607 3606 3086
f 3606 3607 3016
f 3606 3016 4042
f 4042 3016 3525
f 3524 4042 3525
f 3524 3525 3526
f 3976 3524 3526
f 4042 3524 3976
f 4052 3525 3016
f 3016 3015 4052
f 3015 4053 4052
f 4051 4052 4053
f 3533 4051 4053
f 3533 4053 3532
f 3531 3533 3532
f 3530 3531 3532
f 3530 3532 3346
f 3827 3530 3346
f 3827 3346 3167
f 3014 3167 3346
f 3346 3015 3014
f 3167 3014 3817
f 3817 3014 4464
f 4464 3014 3016
f 4318 3530 3827
f 3568 4318 3827
f 3567 4318 3568
f 4318 4322 3530
f 4406 4322 4318
f 4322 4406 3506
f 3506 4416 4322
f 4416 3534 4322
f 3531 4322 3534
f 3534 4416 4385
f 4385 4109 3534
f 4109 4108 3534
f 3534 4108 3535
f 3533 3534 3535
f 3533 3535 4134
f 4134 3535 4135
f 4135 4277 4134
f 4051 4134 4277
f 3889 4051 4277
f 3889 4277 3474
f 3240 4051 3889
f 3240 3889 3241
f 3240 3525 4051
f 3543 3525 3240
f 3240 3242 3543
f 4277 4135 3366
f 3366 3794 4277
f 4135 3367 3366
f 3366 3367 3368
f 3366 3368 3795
f 3795 3368 3500
f 4225 3500 3368
f 3368 4224 4225
f 4402 4225 4224
f 4402 4224 3367
f 3367 3483 4402
f 3483 4236 4402
f 4402 4236 4452
f 4207 4452 4236
f 4237 4207 4236
f 4236 3485 4237
f 3485 3548 4237
f 3548 4345 4237
f 4344 4237 4345
f 3548 3416 4345
f 3547 3416 3548
f 3547 3548 3484
f 3547 3484 4122
f 3547 4122 3237
f 3417 3547 3237
f 3237 4200 3417
f 3835 3417 4200
f 3835 4200 3389
f 3389 3551 3835
f 3553 3835 3551
f 3551 3552 3553
f 3552 4313 3553
f 4313 3552 4390
f 3388 4390 3552
f 3388 3552 3389
f 3388 3389 3236
f 3388 3236 3478
f 3388 3478 3841
f 3388 3841 4116
f 3478 3236 3479
f 3236 4382 3479
f 3236 3238 4382
f 4382 3238 3508
f 4382 3508 3507
f 4385 3508 3238
f 3238 4123 4385
f 3238 4122 4123
f 4122 4099 4123
f 4123 4099 4109
f 4099 4122 3483
f 3236 3237 3238
f 3389 3552 3551
f 3389 4200 3236
f 3417 3835 3415
f 4200 3237 3236
f 3237 4122 3238
f 3484 3483 4122
f 3483 3484 3485
f 3417 3416 3547
f 3548 3485 3484
f 4207 4237 3850
f 3850 3852 4207
f 4207 3852 4208
f 3498 4208 3852
f 3763 3498 3852
f 3852 3851 3763
f 4330 3763 3851
f 3926 4330 3851
f 3763 4330 3762
f 3409 3498 3763
f 3409 3497 3498
f 3497 3264 3498
f 3264 3497 4409
f 4208 3498 3264
f 4208 3264 3263
f 4225 4208 3263
f 3501 4225 3263
f 3501 3263 4167
f 3501 4167 3791
f 3263 3265 4167
f 3806 4167 3265
f 4208 4225 4452
f 3263 3264 3265
f 4328 3265 3264
f 4208 4452 4207
f 3483 3485 4236
f 3483 3367 4099
f 4452 4225 4402
f 3501 3500 4225
f 3500 3501 3001
f 3368 3367 4224
f 3367 4135 4099
f 4108 4099 4135
f 3535 4108 4135
f 4099 4108 4109
f 4123 4109 4385
f 3508 4385 4416
f 3508 4416 3506
f 3346 3532 3015
f 4322 3531 3530
f 3531 3534 3533
f 4134 4051 3533
f 3532 4053 3015
f 3014 3015 3016
f 4052 4051 3525
f 4464 3016 3607
f 3168 3817 4464
f 3167 3817 3168
f 3167 3568 3827
f 3569 3568 4192
f 4192 4193 3569
f 4219 3569 4193
f 3639 4399 3523
f 2602 4399 3639
f 3288 3257 3289
f 3288 3289 3256
f 3256 3435 3288
f 3519 3569 4219
f 3567 3568 3569
f 3567 4406 4318
f 4266 3506 4406
f 3506 3507 3508
f 3479 4382 3507
f 3841 3478 3479
f 3841 3577 3576
f 3575 3576 3577
f 4252 4253 4254
f 3518 3520 4253
f 3575 3882 3099
f 3510 3099 4466
f 4466 3866 3510
f 3520 3435 3855
f 4466 3884 3866
f 3865 3510 3866
f 3511 3510 3865
f 3100 3510 3511
f 3437 3871 3776
f 3776 3871 4397
f 4397 4398 3776
f 4397 4074 4398
f 4074 4397 3253
f 3871 2535 4397
f 3865 3104 3950
f 3865 3950 3511
f 4460 3943 3310
f 3309 4460 3310
f 3309 3310 3311
f 3311 3310 3408
f 3512 4460 3309
f 3942 3100 3511
f 3510 3100 3099
f 3099 3576 3575
f 3101 4460 3512
f 3512 3309 3513
f 3576 4116 3841
f 4116 4390 3388
f 4313 4390 4176
f 3837 4313 4176
f 3837 4176 4016
f 3837 4016 3778
f 3736 4016 4176
f 4502 4016 3736
f 4016 4502 3081
f 3513 3735 4010
f 3736 3081 4502
f 3311 3513 3309
f 3895 4016 3081
f 3778 4016 3895
f 3778 4368 3838
f 4368 3012 3011
f 4368 3011 3857
f 3446 3857 3011
f 3011 3803 3446
f 4023 3446 3803
f 3803 3802 4023
f 3802 4022 4023
f 4023 4022 4331
f 4022 3992 4331
f 3441 4331 3992
f 3992 3439 3441
f 3439 3440 3441
f 3441 3440 3405
f 3441 3405 3953
f 3953 3405 3404
f 3953 3404 3789
f 3789 4332 3953
f 3953 4332 3195
f 3953 3195 4331
f 3195 3197 4331
f 3446 4331 3197
f 3197 3445 3446
f 3446 3445 3960
f 3960 3123 3446
f 3960 3445 3123
f 3445 3124 3123
f 3123 3124 3125
f 3123 3125 3362
f 3125 3361 3362
f 3853 3362 3361
f 3361 3887 3853
f 3361 3465 3887
f 3887 3465 3475
f 4274 3887 3475
f 3475 4372 4274
f 4357 4274 4372
f 4357 4372 3667
f 3671 4357 3667
f 3449 3671 3667
f 3471 3449 3667
f 3449 3471 3473
f 3449 3473 3174
f 3449 3174 3447
f 3447 3448 3449
f 3449 3448 4022
f 3448 3447 3992
f 3992 3447 3993
f 3993 3447 4299
f 3993 4299 4088
f 4088 4293 3993
f 3439 3993 4293
f 4293 4088 3451
f 3440 4293 3451
f 3451 3452 3440
f 3452 3451 3981
f 3452 3981 3152
f 3152 3405 3452
f 3152 3151 3405
f 3151 3152 3153
f 3151 3153 4077
f 3151 4077 3788
f 3788 3404 3151
f 3788 4077 4078
f 4078 4332 3788
f 4363 4078 4077
f 4364 4363 4077
f 4364 4077 3982
f 4088 4364 3982
f 3982 3981 4088
f 4087 4364 4088
f 4086 4087 4088
f 4087 4086 4339
f 4363 4087 4339
f 4339 3196 4363
f 3196 4339 3456
f 3456 3457 3196
f 3457 3197 3196
f 3457 3456 3124
f 3456 4035 3124
f 3124 4035 3969
f 3466 3969 4035
f 3176 3466 4035
f 4035 4339 3176
f 3176 3175 3466
f 3175 3467 3466
f 3465 3466 3467
f 3472 3467 3175
f 3175 3473 3472
f 3467 3472 4372
f 3471 4372 3472
f 3174 3175 3176
f 3176 4299 3174
f 3176 4086 4299
f 3969 3466 3465
f 3969 3465 3125
f 3456 4339 4035
f 4086 3176 4339
f 4087 4363 4364
f 4078 4363 3196
f 3195 4078 3196
f 3153 3982 4077
f 3152 3982 3153
f 3981 3982 3152
f 3451 4088 3981
f 4088 4299 4086
f 3447 3174 4299
f 3174 3473 3175
f 3471 3472 3473
f 3802 3671 3449
f 3013 4357 3671
f 3671 3803 3013
f 3013 3782 4357
f 3667 4372 3471
f 4274 4357 3766
f 4372 3475 3467
f 3765 3887 4274
f 3765 3767 3887
f 3467 3475 3465
f 3125 3465 3361
f 3124 3969 3125
f 3457 3124 3445
f 3197 3457 3445
f 3195 3196 3197
f 4332 4078 3195
f 4332 3789 3788
f 3788 3789 3404
f 3404 3405 3151
f 3440 3452 3405
f 3439 4293 3440
f 3992 3993 3439
f 4331 3441 3953
f 4022 3448 3992
f 3449 4022 3802
f 3671 3802 3803
f 3446 4023 4331
f 3011 3013 3803
f 3446 3123 3857
f 3011 3012 3013
f 3779 3072 3892
f 3782 3013 3012
f 3782 3766 4357
f 3041 3783 3892
f 3766 3765 4274
f 3041 3893 3042
f 3406 3407 3042
f 3767 3765 3043
f 3853 3887 3767
f 3362 3853 3854
f 3362 3857 3123
f 3856 3423 3839
f 3857 3838 4368
f 3778 3838 3837
f 3553 4313 3837
f 3036 3835 3553
f 3839 3423 3037
f 3036 3035 3835
f 3423 3425 3037
f 3035 3415 3835
f 3415 3416 3417
f 3424 3933 3425
f 3416 4343 4345
f 3407 3910 3933
f 4343 4344 4345
f 3909 3434 3910
f 4344 3850 4237
f 3850 3851 3852
f 3851 3923 3926
f 3007 3006 3434
f 3007 3433 3052
f 3050 3051 3052
f 3008 3926 3923
f 3050 3082 3051
f 3926 3762 4330
f 3762 3409 3763
f 3311 3408 3082
f 3409 4409 3497
f 3310 3418 3408
f 4409 4328 3264
f 4328 3806 3265
f 4360 3438 3418
f 3806 3791 4167
f 3776 3438 3437
f 3501 3791 4469
f 4398 2999 3776
f 3001 3501 4469
f 3000 2999 4398
f 3795 3500 3001
f 3794 3366 3795
f 3474 4277 3794
f 3241 3889 3474
f 3240 3241 3242
f 3000 4398 4074
f 3207 3543 3242
f 3526 3525 3543
f 3904 3906 3192
f 4063 3968 3967
f 3526 3967 3976
f 3904 3905 3906
f 4042 3976 3606
f 3084 3086 3606
f 2511 4043 3905
f 3084 3085 3086
f 4050 3086 3085
f 4033 4050 3185
f 3184 3812 3185
f 3632 3633 3219
f 3219 3633 3221
f 3812 3431 4040
f 3323 3169 3431
f 3324 3323 3164
f 2543 4007 4085
f 3638 3164 3166
f 3638 3639 3523
f 2598 4006 4007
f 2598 4007 3215
f 2433 2603 3267
f 3266 2602 3639
f 2601 4399 2602
f 2533 2532 2603
f 2532 2531 2860
f 3257 2601 3259
f 3289 3257 3256
f 3435 3256 3255
f 3105 3255 2363
f 2860 2350 2974
f 2363 2352 3105
f 2350 2528 2351
f 2352 2359 4348
f 2528 2357 2351
f 2529 2358 2357
f 2359 2535 3871
f 2535 3253 4397
f 2358 3111 2367
f 3109 3110 3111
f 3253 3208 4074
f 3209 3208 3247
f 3109 2969 3110
f 3863 3247 3246
f 3246 2329 3863
f 3297 2343 2969
f 2584 2330 2343
f 2339 2330 2583
f 2331 2338 2329
f 2345 3880 2338
f 2339 2473 2340
f 2345 3234 3880
f 3235 333 3229
f 2511 3191 3234
f 4043 2511 2510
f 2852 4043 2510
f 2514 2852 3227
f 2513 3183 2514
f 3633 2513 3221
f 3219 3221 3220
f 3217 3632 3219
f 3217 2544 3165
f 2544 2543 4085
f 3215 4007 2543
f 2547 2598 3215
f 2599 2598 2547
f 3272 2599 3212
f 4216 3212 2660
f 2660 2659 3737
f 2549 2662 2658
f 2659 2663 4210
f 2548 2867 2662
f 2663 2694 2945
f 2694 2695 2696
f 2694 2696 2706
f 2545 2933 2867
f 2695 2932 2696
f 3218 3206 2933
f 3206 2515 3204
f 3204 2509 3203
f 3202 3203 261
f 2682 3202 260
f 3200 2696 2932
f 2681 2706 2696
f 2946 3193 1910
f 2945 2694 2706
f 3189 4258 2945
f 3049 3189 2957
f 2956 2957 2074
f 2946 1910 3180
f 1904 2871 2872
f 1902 2871 1912
f 1910 3193 1911
f 1912 1901 1902
f 1911 275 1876
f 1877 1876 2130
f 2130 1876 274
f 1878 1889 1901
f 1916 1889 1880
f 1879 1917 1880
f 1905 1917 1879
f 1903 1905 2063
f 2073 1903 2063
f 2609 2063 1885
f 2609 2073 2063
f 1903 2073 2074
f 2901 2956 2074
f 2900 2899 2605
f 3159 2900 1541
f 3160 2956 2901
f 3160 3157 3562
f 3154 3159 1541
f 3157 3155 4112
f 3155 2643 4112
f 2644 2170 2725
f 1831 2644 2725
f 2725 2170 1832
f 2642 4112 2643
f 4371 2642 2647
f 4371 2647 2758
f 2081 1305 2082
f 2719 2081 2082
f 3144 4371 2758
f 2764 2081 2719
f 2763 4371 3144
f 2763 2762 4180
f 3539 2762 3142
f 2719 3139 2764
f 2677 3142 2678
f 3136 3540 2677
f 3730 3136 3135
f 3135 2936 3730
f 2671 3129 2937
f 2735 2734 2616
f 3129 2671 2670
f 2670 1264 3127
f 2735 2616 2615
f 2734 2735 2712
f 3096 3095 3107
f 3095 3094 3107
f 3094 2712 3114
f 2712 2936 2734
f 3091 3730 2936
f 3090 2711 2710
f 2715 4150 3091
f 2715 2714 4149
f 4197 2714 2752
f 2752 2753 2754
f 2629 2716 3090
f 2754 2753 2631
f 2630 2629 2775
f 2637 2754 2631
f 2638 2630 2741
f 2637 2743 2742
f 2776 2913 2741
f 2914 2637 2742
f 3071 2913 179
f 3067 2914 3069
f 3066 4201 3067
f 4233 3066 3062
f 2747 2786 3064
f 3062 3061 4233
f 1927 2786 1869
f 3046 3061 2787
f 3040 4234 3046
f 4227 3040 2083
f 2083 2068 4227
f 2091 2068 2078
f 2768 2770 2091
f 2768 2769 2770
f 3665 2769 2058
f 2722 3019 2720
f 2044 2722 2721
f 2721 2781 2044
f 4075 2058 2043
f 3741 2043 2042
f 2042 2054 3741
f 2054 2053 4066
f 2055 2044 2781
f 2721 2780 2781
f 2721 3005 2780
f 2079 3005 2077
f 3004 2700 802
f 2079 2070 2069
f 2069 2885 2983
f 2885 2703 2983
f 3044 2613 2703
f 514 2998 2997
f 2612 2613 2614
f 2997 2994 514
f 2789 2996 2612
f 2996 2479 2993
f 2994 2729 2467
f 512 2466 1321
f 514 2994 2467
f 2998 514 513
f 1934 2998 513
f 1934 2984 2702
f 457 2984 458
f 2700 457 1936
f 803 2700 1936
f 802 2700 803
f 802 1984 2669
f 1574 1984 1973
f 1973 1972 1574
f 2622 1574 1972
f 1574 2622 1062
f 1972 2491 2622
f 2536 2622 2491
f 758 2492 804
f 2967 2537 1588
f 2536 2491 1589
f 2622 2536 1062
f 1062 857 1574
f 2534 1007 1574
f 2053 1007 1006
f 1147 4069 1006
f 1147 1563 4064
f 1008 2474 1148
f 4064 1563 2475
f 856 628 2474
f 630 4058 2475
f 4056 630 1113
f 628 1061 629
f 2537 2967 1061
f 1588 574 2967
f 2470 1113 1112
f 2470 576 3422
f 575 3558 576
f 1073 3413 575
f 1072 574 1588
f 1073 1848 2930
f 1848 2405 4041
f 1588 1587 1072
f 2405 87 4039
f 757 85 1587
f 86 4039 87
f 758 1839 85
f 86 1841 2650
f 1983 1840 1839
f 1841 2963 3640
f 459 47 1840
f 2399 49 2963
f 48 47 1935
f 49 1842 4020
f 1842 1924 3636
f 1935 1923 48
f 1924 2080 4015
f 512 1321 1923
f 418 4015 2080
f 2731 419 1321
f 418 417 4015
f 1926 2666 417
f 419 1893 1906
f 2072 1926 1907
f 2072 363 3761
f 1893 715 1906
f 363 362 3761
f 362 1908 3429
f 1908 1965 2620
f 2962 2619 1965
f 2773 2962 2485
f 715 1964 364
f 716 715 1893
f 1960 2485 717
f 1893 1959 716
f 1960 1895 2982
f 1895 1892 1891
f 2479 1959 1943
f 2479 2996 673
f 672 1891 1892
f 672 671 2958
f 2996 1868 673
f 1870 2708 671
f 1869 1868 1927
f 1870 2422 3330
f 2422 180 4439
f 2101 4439 180
f 2421 1869 178
f 179 178 3071
f 179 3102 1856
f 1857 1856 2777
f 2680 134 2411
f 132 180 133
f 134 2680 1859
f 1859 2680 4515
f 1859 4515 1407
f 4515 773 1407
f 4515 2771 773
f 2771 4515 2680
f 180 132 2101
f 2100 4439 2101
f 1406 2915 2100
f 1407 2099 1859
f 1405 2739 1406
f 773 2581 1407
f 1371 1405 2582
f 1079 2092 1068
f 2092 1079 4461
f 4461 1079 2688
f 2688 2687 4461
f 4461 2687 2011
f 2687 2688 2689
f 2689 2744 2687
f 2744 4491 2687
f 2687 4491 2012
f 4463 2689 2688
f 2688 1018 4463
f 4463 2745 2689
f 2093 1371 2582
f 2092 4461 1369
f 1371 1370 3244
f 2576 4182 1370
f 4461 2011 1369
f 2576 2939 4182
f 2687 2012 2011
f 2013 957 2939
f 4491 955 2012
f 957 956 1175
f 4491 2526 955
f 648 2526 4491
f 2527 1202 956
f 2004 3517 2527
f 2003 4465 917
f 2004 919 3517
f 4465 918 917
f 4465 601 918
f 919 2519 3321
f 2953 2519 2505
f 2057 2504 2505
f 305 2835 2057
f 304 2955 305
f 304 1882 2955
f 2046 3403 1882
f 2046 238 3403
f 238 237 3403
f 3349 237 1884
f 2118 2524 2119
f 2523 2119 2524
f 2522 2523 2524
f 2522 2524 4408
f 2522 4408 2855
f 435 2522 2855
f 2855 2857 435
f 2855 2856 2857
f 2856 71 2857
f 2856 2855 1838
f 2855 4408 1838
f 4408 2524 1838
f 2522 371 2523
f 2523 1271 2119
f 1271 2348 2119
f 2119 2348 1475
f 2120 1477 1884
f 1477 1476 3357
f 2354 1475 2348
f 2348 2347 2354
f 2347 2348 386
f 3357 1476 2596
f 2596 1050 3357
f 546 2596 2113
f 2114 2354 2347
f 2114 2347 385
f 2114 385 2713
f 2112 2114 1441
f 2113 1440 546
f 2596 546 1050
f 3357 1050 1049
f 2924 2727 1049
f 3355 2924 495
f 495 999 3355
f 999 998 2539
f 998 2460 2459
f 1777 2464 2460
f 1777 19 2464
f 3378 19 621
f 621 620 2362
f 20 1774 21
f 494 496 1774
f 783 2472 784
f 2472 783 1993
f 496 1788 571
f 2468 783 572
f 2468 1993 783
f 2472 1993 883
f 620 883 2362
f 2508 882 1394
f 1989 621 2362
f 331 1990 2508
f 2202 1989 838
f 2202 838 837
f 1135 2191 837
f 1135 2163 2162
f 2176 2175 2163
f 2030 1134 1500
f 2029 1097 2176
f 1096 2176 1097
f 2176 1096 2471
f 2174 2471 2218
f 2217 1607 1597
f 2269 2174 2218
f 2166 2269 2268
f 2398 2171 2268
f 2564 2398 1684
f 1598 2690 1596
f 1684 1683 2477
f 2261 2477 1683
f 1597 1606 1598
f 1683 2262 2261
f 1606 1608 1675
f 2683 2477 2261
f 1675 1608 1676
f 431 1676 1515
f 2684 1677 430
f 2684 2723 2683
f 2839 2723 314
f 312 2593 313
f 314 437 2839
f 3318 437 377
f 2804 377 2717
f 376 313 2593
f 2717 388 326
f 325 3307 326
f 325 2577 2473
f 243 1644 244
f 333 2577 1643
f 3229 333 261
f 3202 261 260
f 2682 260 2668
f 2668 2667 2686
f 2667 275 1911
f 262 1619 1618
f 243 1619 1644
f 275 274 1876
f 2140 243 245
f 245 2593 2140
f 432 2593 312
f 432 431 1514
f 431 1515 1514
f 274 1516 2130
f 2130 2129 1877
f 1515 2227 2128
f 2227 2664 1504
f 1877 2129 2406
f 1506 1890 2406
f 1504 2664 1505
f 2206 1890 1506
f 1890 2206 2361
f 1581 2361 1582
f 2192 1886 1581
f 1789 2193 2679
f 2193 2651 2679
f 1886 2192 1887
f 1570 1569 1887
f 2195 2810 1569
f 2810 2195 2252
f 2810 2252 2438
f 2810 2438 4631
f 1775 2810 4631
f 4631 2438 1775
f 1775 2438 2419
f 2438 2420 2419
f 1780 2419 2420
f 1780 2420 4426
f 4480 4426 2420
f 2420 2437 4480
f 4427 4480 2437
f 2437 2436 4427
f 4427 2436 2830
f 4427 2830 2499
f 2674 2499 2830
f 2499 2674 2288
f 2436 4446 2830
f 2244 2830 4446
f 4446 2251 2244
f 2252 4446 2436
f 2436 2437 2438
f 4480 4427 2499
f 4480 2499 2287
f 4480 2342 4426
f 2342 4480 1708
f 2437 2420 2438
f 2438 2252 2436
f 2252 2251 4446
f 1789 2679 1571
f 2244 2251 2253
f 2243 1669 2862
f 2830 2244 2674
f 2862 2673 2243
f 2673 2862 4636
f 4636 2862 2018
f 2018 2450 4636
f 4636 2450 2449
f 4636 2449 1661
f 2449 2450 618
f 2018 618 2450
f 4640 2018 2862
f 4641 4640 2862
f 2862 2649 4641
f 4640 4641 1030
f 2674 1660 2288
f 4636 1661 2673
f 1659 4386 1660
f 4386 2709 1660
f 1528 2709 4386
f 2449 2246 1661
f 2449 2469 2246
f 2449 617 2469
f 2469 2154 2246
f 2154 2469 2635
f 2635 2469 649
f 2153 4386 1659
f 2153 1528 4386
f 1522 1529 2623
f 1522 2623 907
f 1717 2144 2143
f 1527 1529 2618
f 2766 2143 2209
f 2182 2209 1521
f 1813 2182 1521
f 1522 2618 1529
f 1520 1813 1521
f 1814 1246 2183
f 1246 2178 2183
f 1813 1815 2182
f 2183 2178 2177
f 2177 2178 2179
f 889 2177 2179
f 1245 2179 2178
f 2209 2182 2210
f 2208 2209 2210
f 2177 889 1805
f 2209 2208 2766
f 1804 932 2295
f 2143 2766 2297
f 4428 2296 2295
f 2295 4645 4428
f 2488 4428 4645
f 4645 844 2488
f 2487 2488 844
f 2487 1144 2488
f 2488 1144 4434
f 4434 4428 2488
f 4434 4429 4428
f 4434 4433 4429
f 4429 4433 1707
f 4646 1707 4433
f 4646 4433 1412
f 1412 4433 4434
f 2295 931 4645
f 2296 4428 4429
f 2143 2297 1717
f 1715 2296 4429
f 1715 4429 1706
f 1706 1716 1715
f 2156 2144 1717
f 2156 2709 1528
f 2288 1660 2709
f 2287 2499 2288
f 1706 2289 1716
f 1708 4480 2287
f 1706 4429 1707
f 1411 1707 4646
f 2180 2342 1708
f 1780 4426 2342
f 2838 1557 2181
f 2838 2520 1557
f 1556 2419 1780
f 4520 2169 1555
f 2169 4520 2396
f 2951 2396 4520
f 2951 4520 4518
f 2952 2951 4518
f 2952 4518 4057
f 2665 2952 4057
f 2952 2665 2383
f 2396 2952 2383
f 4057 4518 4519
f 4519 2964 4057
f 2286 4057 2964
f 2964 4519 961
f 961 1697 2964
f 1386 1697 961
f 4519 4518 1422
f 4520 1422 4518
f 2951 2952 2396
f 2332 2419 1556
f 2332 1775 2419
f 1775 1542 2810
f 2900 1542 1541
f 3154 1541 2170
f 2167 1540 2168
f 1832 2170 2389
f 2396 2167 2169
f 1831 2725 1832
f 2648 2644 1831
f 2396 2383 1833
f 2648 2785 2382
f 1274 2383 2665
f 2665 1275 1274
f 1274 1637 1215
f 2550 2382 1823
f 2550 1306 1305
f 1305 1358 2082
f 2082 1358 2719
f 3139 2719 2718
f 2718 2672 3139
f 1264 2670 2672
f 1303 3127 1264
f 3127 1303 2791
f 1303 1731 522
f 1731 1730 522
f 1265 1254 1263
f 1252 1253 1254
f 1215 1253 1822
f 1215 1637 1216
f 1273 1637 1274
f 1273 1274 1275
f 1168 1212 1768
f 1313 2280 1212
f 1212 2280 1318
f 1212 1318 2324
f 2273 1318 2280
f 1318 2273 1316
f 2665 1167 1275
f 4057 2286 2665
f 1312 2280 1313
f 2286 2964 1697
f 2699 2279 1698
f 2279 2699 2805
f 2280 2805 2273
f 1690 1316 2273
f 1316 1317 1318
f 2324 1318 1317
f 1769 1212 2324
f 1768 1212 1769
f 1166 1168 1768
f 2323 2728 1770
f 1638 1166 1260
f 2728 2486 2317
f 1260 2316 1217
f 1763 2317 126
f 1217 2316 1730
f 522 1730 523
f 522 2791 1303
f 2791 2788 3127
f 537 524 2019
f 2617 2788 1942
f 468 467 1942
f 483 2966 467
f 811 482 2025
f 483 810 2906
f 818 3116 810
f 3108 818 817
f 762 3097 817
f 1857 762 761
f 2680 761 2771
f 1982 2767 763
f 2771 1971 773
f 773 772 2581
f 1068 2581 772
f 2767 2765 771
f 2748 2765 811
f 1068 1067 1080
f 2025 2748 811
f 1068 1080 1079
f 1079 1018 2688
f 1016 2025 1017
f 538 1017 469
f 4463 1018 2751
f 2751 640 4463
f 538 537 2019
f 2019 524 1026
f 2751 1027 640
f 4463 640 2745
f 639 2624 1953
f 2624 4634 1953
f 2484 4634 2624
f 2484 2979 4634
f 582 4634 2979
f 2979 2484 2977
f 2977 2978 2979
f 2979 2978 583
f 4522 583 2978
f 4522 2978 4455
f 4455 4471 4522
f 4522 4471 2733
f 4455 4470 4471
f 4470 2985 4471
f 2732 4471 2985
f 2985 4470 2903
f 2903 106 2985
f 2903 2916 106
f 2903 2778 2916
f 2778 58 2916
f 70 58 2778
f 2778 2779 70
f 1004 70 2779
f 1004 2779 4454
f 2779 2903 4454
f 2779 2778 2903
f 2903 4470 4454
f 4454 4470 4455
f 18 4454 4455
f 4455 4610 18
f 4610 4455 2978
f 4509 4610 2978
f 4610 4509 451
f 4509 2978 2977
f 2290 4509 2977
f 2977 2483 2290
f 112 2624 639
f 2745 2744 2689
f 2744 648 4491
f 582 1953 4634
f 648 647 2526
f 2979 583 582
f 2733 583 4522
f 584 2003 647
f 2003 1947 4465
f 600 2733 4471
f 1947 601 4465
f 918 601 95
f 4471 93 600
f 94 1226 95
f 4471 2732 93
f 2985 1847 2732
f 94 1894 303
f 1894 107 1881
f 106 1847 2985
f 2916 57 106
f 59 239 107
f 58 57 2916
f 59 2724 239
f 2118 239 2724
f 1838 2524 2118
f 71 2856 1838
f 70 69 58
f 2857 71 1315
f 1357 426 4511
f 4511 2652 1357
f 2652 4511 2893
f 2652 2893 2653
f 2652 2653 436
f 2653 4604 436
f 4604 2653 4590
f 4590 4606 4604
f 4604 4606 369
f 369 4606 2928
f 4606 2929 2928
f 2927 2928 2929
f 2929 4453 2927
f 4609 2927 4453
f 4508 4609 4453
f 2800 4508 4453
f 4508 2800 4507
f 4507 4505 4508
f 4508 4505 4506
f 4505 3813 4506
f 4506 3813 3820
f 3820 4609 4506
f 2429 4609 3820
f 3819 2429 3820
f 3819 2428 2429
f 2428 724 2429
f 3819 3815 2428
f 3813 3815 3819
f 3813 3814 3815
f 4623 3815 3814
f 4623 3814 3823
f 3822 4623 3823
f 3822 3823 3811
f 3811 320 3822
f 692 3822 320
f 320 3811 319
f 319 189 320
f 319 3844 189
f 306 189 3844
f 341 306 3844
f 306 341 342
f 342 4422 306
f 4422 307 306
f 306 307 308
f 307 2611 308
f 308 2611 190
f 4422 438 307
f 438 439 307
f 438 1162 439
f 4422 1092 438
f 1093 4422 342
f 1042 1093 342
f 4662 1093 1042
f 306 308 189
f 2364 3844 319
f 319 3811 2940
f 2940 1076 319
f 1076 2940 2941
f 2941 746 1076
f 4467 746 2941
f 4467 2941 4468
f 2949 4467 4468
f 4516 2949 4468
f 3823 4516 4468
f 3823 4517 4516
f 4462 4516 4517
f 4517 2691 4462
f 2693 4462 2691
f 2691 2692 2693
f 4616 2693 2692
f 4616 2692 4526
f 4616 4526 4514
f 4514 4617 4616
f 2950 4616 4617
f 2950 4617 2948
f 2948 2949 2950
f 2949 4462 2950
f 2948 4617 4512
f 2948 4512 2368
f 2948 2368 4467
f 4512 4617 4514
f 4512 4514 2454
f 2454 4513 4512
f 2369 4512 4513
f 4666 2369 4513
f 4493 4666 4513
f 4575 4493 4513
f 4493 4575 4494
f 4492 4493 4494
f 4492 4494 4579
f 4440 4492 4579
f 4440 4579 4548
f 4548 4441 4440
f 4440 4441 4442
f 2377 4442 4441
f 2377 4441 4581
f 4581 4441 4142
f 4142 4583 4581
f 4584 4581 4583
f 4583 2850 4584
f 4584 2850 472
f 2850 4583 2628
f 2850 2628 2851
f 4489 2850 2851
f 4489 2851 526
f 526 2851 4436
f 4436 2851 4561
f 4561 4146 4436
f 4436 4146 1055
f 4435 4436 1055
f 4435 1055 2859
f 2858 4435 2859
f 2858 2859 2502
f 4566 2858 2502
f 4566 2502 4567
f 2516 4566 4567
f 2516 4567 2517
f 2516 2517 2518
f 2737 2516 2518
f 2736 2737 2518
f 2736 2518 4280
f 4279 2736 4280
f 4275 4279 4280
f 4275 4280 4425
f 4275 4425 530
f 4275 530 4276
f 4275 4276 4285
f 4276 286 4285
f 532 4276 530
f 530 531 532
f 1784 532 531
f 531 1791 1784
f 4674 1784 1791
f 1790 4674 1791
f 1790 1791 1792
f 1792 4305 1790
f 4296 1790 4305
f 4305 4297 4296
f 4296 4297 4294
f 4573 4296 4294
f 2865 4573 4294
f 4294 4295 2865
f 4295 4300 2865
f 2865 4300 2866
f 2864 2865 2866
f 566 2864 2866
f 2866 2285 566
f 2285 4574 566
f 566 4574 564
f 564 565 566
f 4503 565 564
f 4503 564 4504
f 4503 4504 4459
f 4459 4595 4503
f 4595 4459 4596
f 4451 4595 4596
f 4451 4596 4449
f 4449 4450 4451
f 4451 4450 4501
f 4597 4501 4450
f 4600 4597 4450
f 4600 4450 4676
f 4676 2874 4600
f 4599 4600 2874
f 4677 4599 2874
f 2873 4677 2874
f 2873 2874 2875
f 4496 2873 2875
f 4496 2875 4497
f 4497 4537 4496
f 4496 4537 4418
f 4420 4496 4418
f 4418 4419 4420
f 4443 4420 4419
f 4443 4419 2883
f 2884 4443 2883
f 2883 208 2884
f 350 4443 2884
f 4478 350 2884
f 2561 4478 2884
f 2561 2884 207
f 207 2423 2561
f 351 4478 2561
f 41 351 2561
f 4490 2883 4419
f 4490 224 2883
f 224 4490 4568
f 4437 4568 4490
f 4490 4418 4437
f 4437 4418 4438
f 4437 4438 4475
f 4475 4569 4437
f 4569 4475 4680
f 4569 4680 4571
f 4572 4569 4571
f 4571 2457 4572
f 2457 4571 2888
f 2888 2887 2457
f 2887 2888 2889
f 701 2887 2889
f 701 2889 4500
f 2889 2589 4500
f 4500 2589 2591
f 712 4500 2591
f 712 2591 4447
f 4447 2591 4448
f 4447 4448 2892
f 2892 713 4447
f 713 2892 2893
f 2893 4681 713
f 4448 2653 2892
f 4448 2591 4590
f 2591 2590 4590
f 2589 2590 2591
f 2589 2798 2590
f 2929 2590 2798
f 2929 2798 2800
f 2798 2799 2800
f 2799 4533 2800
f 4417 4533 2799
f 2888 4417 2799
f 4417 4535 4533
f 4535 4477 4533
f 4477 2424 4533
f 4533 2424 4507
f 2425 2424 4477
f 4476 2425 4477
f 4475 2425 4476
f 2424 2425 2426
f 4553 2424 2426
f 4552 4553 2426
f 2426 4684 4552
f 2807 4552 4684
f 4684 4555 2807
f 2807 4555 2808
f 2807 2808 2809
f 2809 2691 2807
f 4527 2809 2808
f 2808 4557 4527
f 4483 4527 4557
f 4557 4485 4483
f 4483 4485 4486
f 4483 4486 4484
f 4482 4483 4484
f 4484 4686 4482
f 4482 4686 2656
f 2656 4499 4482
f 4499 2656 2820
f 2819 4499 2820
f 2819 2820 2821
f 4424 2819 2821
f 4424 2821 4000
f 4423 4424 4000
f 4000 4444 4423
f 4423 4444 4498
f 4423 4498 4529
f 4529 2454 4423
f 4479 4423 2454
f 2454 2453 4479
f 2453 4424 4479
f 2452 2453 2454
f 2829 2453 2452
f 2829 2452 4526
f 2829 2828 2453
f 2453 2828 2819
f 2819 2828 4527
f 2819 4527 4528
f 2809 2828 2829
f 2692 2809 2829
f 4575 2454 4529
f 4494 4529 4498
f 4494 4498 4473
f 4473 4498 4474
f 4473 4474 4139
f 4472 4473 4139
f 4472 4139 2626
f 2626 4144 4472
f 4144 4143 4472
f 4548 4472 4143
f 4142 4143 4144
f 2626 2628 4144
f 2626 2627 2628
f 2627 4549 2628
f 4561 4549 2627
f 2627 2626 4139
f 4139 4550 2627
f 2627 4550 4457
f 2627 4457 1056
f 1056 4146 2627
f 4456 1056 4457
f 1056 4456 4136
f 1056 4136 1054
f 1054 1055 1056
f 1054 4136 4131
f 1054 4131 1156
f 1155 1054 1156
f 1155 1156 1157
f 1155 1157 247
f 1558 1155 247
f 1558 247 1559
f 4158 1558 1559
f 1590 4158 1559
f 1559 1591 1590
f 1590 1591 1592
f 1590 1592 4164
f 4164 1592 4156
f 4155 4164 4156
f 4155 4156 4157
f 4558 4155 4157
f 4558 4157 4559
f 2843 4558 4559
f 4559 4694 2843
f 2843 4694 2841
f 2841 2842 2843
f 2842 4432 2843
f 4432 2842 4430
f 4430 4431 4432
f 4155 4432 4431
f 4431 4430 4488
f 4431 4488 4164
f 4158 4164 4488
f 4488 4487 4158
f 4487 4488 2501
f 2501 1155 4487
f 2501 2502 1155
f 2517 2501 4488
f 4488 4430 2517
f 2849 2517 4430
f 4430 2842 2849
f 2849 2842 2841
f 2849 2841 2848
f 2848 2518 2849
f 2848 4425 2518
f 531 4425 2848
f 2848 4544 531
f 2848 463 4544
f 463 1792 4544
f 1792 463 4291
f 4291 4481 1792
f 4481 4291 4129
f 4129 4697 4481
f 4481 4697 4297
f 4270 4297 4697
f 4270 4697 4128
f 4128 4269 4270
f 4350 4270 4269
f 4350 4269 2349
f 2349 4404 4350
f 3874 4350 4404
f 4404 1981 3874
f 3875 3874 1981
f 1981 1980 3875
f 4542 3875 1980
f 4542 1980 4644
f 55 4542 4644
f 4644 2378 55
f 2378 4378 55
f 55 4378 53
f 53 54 55
f 54 53 821
f 54 821 4223
f 54 4223 3873
f 54 3873 4542
f 4223 104 3873
f 3874 3873 104
f 3874 104 103
f 4222 3874 103
f 4222 103 4295
f 102 103 104
f 103 102 4300
f 102 104 4223
f 1498 102 4223
f 2285 102 1498
f 2285 1498 2048
f 2047 2285 2048
f 2047 2048 2049
f 2047 2049 4196
f 4196 4495 2047
f 3945 2047 4495
f 1920 3945 4495
f 4495 4194 1920
f 1966 1920 4194
f 441 1966 4194
f 441 4194 4373
f 4373 2881 441
f 2880 441 2881
f 2880 2881 2882
f 4055 2880 2882
f 2882 248 4055
f 248 247 4055
f 246 247 248
f 246 248 1897
f 1897 4259 246
f 4374 246 4259
f 1897 4374 4259
f 4374 1897 1896
f 4256 4374 1896
f 4256 1896 4255
f 4255 329 4256
f 328 4256 329
f 328 329 330
f 330 4342 328
f 4342 4358 328
f 4358 2314 328
f 1591 328 2314
f 2313 1591 2314
f 4325 2313 2314
f 4324 2313 4325
f 4324 4325 4326
f 4326 3928 4324
f 3928 3927 4324
f 3927 1866 4324
f 4156 4324 1866
f 1864 1866 3927
f 1864 3927 4323
f 1864 4323 1865
f 1865 4323 4387
f 4387 4289 1865
f 4648 1865 4289
f 4289 462 4648
f 4648 462 461
f 4694 4648 461
f 461 462 463
f 4291 462 4289
f 4289 4290 4291
f 1865 4648 4157
f 1865 4157 1866
f 4387 4290 4289
f 533 4290 4387
f 533 4387 4287
f 4287 4241 533
f 4241 534 533
f 533 534 535
f 533 535 4130
f 4130 535 4128
f 4128 4129 4130
f 4290 4130 4129
f 534 2349 535
f 4241 4404 534
f 4241 1979 4404
f 4241 203 1979
f 203 202 1979
f 202 1980 1979
f 1980 202 4240
f 4240 4336 1980
f 4239 4336 4240
f 4238 4239 4240
f 4240 201 4238
f 3797 4238 201
f 3797 201 4635
f 3797 4635 4632
f 677 3797 4632
f 677 4632 1849
f 1849 675 677
f 675 676 677
f 677 676 4316
f 4316 3798 677
f 4316 1427 3798
f 1427 4314 3798
f 3798 4314 3797
f 1427 1426 4314
f 1426 729 4314
f 4314 729 4238
f 731 4238 729
f 729 730 731
f 731 730 4647
f 4647 4239 731
f 4239 4647 2379
f 2116 2379 4647
f 2378 2379 2116
f 831 2378 2116
f 981 831 2116
f 2116 982 981
f 981 982 983
f 981 983 829
f 829 983 4067
f 4067 466 829
f 4608 829 466
f 4608 466 4611
f 4119 4608 4611
f 465 4119 4611
f 4118 4119 465
f 2095 4118 465
f 465 2158 2095
f 2096 2095 2158
f 4173 2096 2158
f 4626 4173 2158
f 4626 2158 4627
f 4626 4627 4621
f 4626 4621 1363
f 1363 4621 1361
f 1361 1362 1363
f 1362 4173 1363
f 1362 4625 4173
f 4172 4173 4625
f 4625 4622 4172
f 4172 4622 1640
f 4172 1640 2094
f 2094 1640 2095
f 2095 1640 4199
f 4199 4215 2095
f 1159 4215 4199
f 1174 1159 4199
f 1159 1174 1173
f 1173 1160 1159
f 1158 1159 1160
f 1158 1160 4250
f 1158 4250 4389
f 1158 4389 4301
f 4389 4302 4301
f 4301 4302 2271
f 4301 2271 2272
f 4301 2272 1159
f 2272 4151 1159
f 4151 2272 2211
f 2213 4151 2211
f 2211 2212 2213
f 4589 2213 2212
f 2212 4607 4589
f 4607 4608 4589
f 4607 830 4608
f 830 4607 4379
f 4379 831 830
f 829 830 831
f 4378 831 4379
f 4605 4378 4379
f 4379 2212 4605
f 4102 4605 2212
f 4605 4102 53
f 820 53 4102
f 4102 4096 820
f 4096 4097 820
f 821 820 4097
f 1497 821 4097
f 1497 4097 4302
f 4302 1355 1497
f 1354 1497 1355
f 1354 1355 1356
f 1354 1356 4251
f 4394 1354 4251
f 4394 4251 4187
f 4196 4394 4187
f 4187 4244 4196
f 4244 4373 4196
f 4181 4244 4187
f 4187 2831 4181
f 2831 2241 4181
f 4181 2241 2240
f 2239 2240 2241
f 2239 2241 2832
f 2832 1172 2239
f 2822 2239 1172
f 1172 1897 2822
f 1897 1172 1639
f 1639 1172 1174
f 1639 1174 1640
f 248 2239 2822
f 1172 2832 1173
f 2882 2240 2239
f 2831 2832 2241
f 4250 2832 2831
f 4250 2831 4251
f 4244 4181 2240
f 2881 4244 2240
f 4187 4251 2831
f 1354 4394 2049
f 4389 4251 1356
f 4389 1356 1355
f 2048 1497 1354
f 821 1497 1498
f 4096 4302 4097
f 4096 4102 2211
f 2211 2271 4096
f 4379 4607 2212
f 4212 2213 4589
f 4589 4118 4212
f 4215 4212 4118
f 4215 4151 4212
f 2212 2211 4102
f 4151 2213 4212
f 2271 2211 2272
f 4302 4096 2271
f 4389 1355 4302
f 4251 4389 4250
f 4250 1160 2832
f 4301 1159 1158
f 2832 1160 1173
f 1172 1173 1174
f 1159 4151 4215
f 1640 1174 4199
f 4622 1639 1640
f 1896 1639 4622
f 4255 4622 4625
f 4172 2094 4173
f 4255 4625 1362
f 329 1362 1361
f 4365 1361 4621
f 4365 4621 4565
f 4365 4565 3974
f 4029 4365 3974
f 4029 3974 3973
f 3973 4580 4029
f 4029 4580 3955
f 3955 4025 4029
f 4366 4029 4025
f 4027 4366 4025
f 4025 4026 4027
f 4585 4027 4026
f 4585 4026 1256
f 1256 1255 4585
f 1255 848 4585
f 4338 4585 848
f 4337 4338 848
f 847 4337 848
f 846 847 848
f 848 1257 846
f 1257 2034 846
f 2034 1426 846
f 2034 3908 1426
f 4303 3908 2034
f 2033 4303 2034
f 3962 4303 2033
f 2033 934 3962
f 936 3962 934
f 934 935 936
f 935 4048 936
f 4048 2020 936
f 936 2020 1291
f 1291 2001 936
f 936 2001 2002
f 2001 2333 2002
f 2002 2333 2334
f 2002 2334 3913
f 3913 4303 2002
f 2334 2750 3913
f 3913 2750 3908
f 2750 2755 3908
f 3908 2755 3907
f 3907 729 3908
f 2972 729 3907
f 3907 2755 2972
f 2755 2973 2972
f 982 2972 2973
f 2973 1011 982
f 4356 1011 2973
f 4356 1009 1011
f 1009 1010 1011
f 1011 1010 983
f 1010 1009 2233
f 1010 2233 4521
f 4521 4067 1010
f 4068 4067 4521
f 4521 4008 4068
f 464 4068 4008
f 4008 1655 464
f 464 1655 1114
f 904 464 1114
f 2026 904 1114
f 2026 1114 4288
f 4288 3809 2026
f 3809 2027 2026
f 2026 2027 2028
f 4627 2026 2028
f 4627 903 2026
f 4092 2028 2027
f 4092 2027 4089
f 3972 4092 4089
f 4089 3973 3972
f 4092 3972 3974
f 4089 2027 2008
f 2008 2007 4089
f 2007 1992 4089
f 4580 4089 1992
f 1992 4362 4580
f 4598 4362 1992
f 1992 1928 4598
f 1187 4598 1928
f 1187 1928 1188
f 1187 1188 1189
f 1187 1189 4049
f 4048 1187 4049
f 4049 1189 413
f 4049 413 4340
f 4340 2020 4049
f 2020 4340 1289
f 4340 4044 1289
f 4044 3808 1289
f 1289 3808 1290
f 1289 1290 1291
f 1290 3808 3807
f 2001 1290 3807
f 2066 3807 3808
f 3808 2064 2066
f 2064 2065 2066
f 2065 3994 2066
f 2066 3994 3987
f 3987 2333 2066
f 2333 3987 3983
f 3987 3996 3983
f 3983 3996 4370
f 3983 4370 4355
f 3983 4355 2749
f 2334 3983 2749
f 4355 4356 2749
f 4356 2755 2749
f 4370 4369 4355
f 1009 4355 4369
f 1009 4369 4570
f 4570 1378 1009
f 4570 1379 1378
f 1378 1379 1380
f 4072 1378 1380
f 4072 1380 4073
f 2439 4072 4073
f 344 2439 4073
f 344 4073 4376
f 3848 344 4376
f 3848 4376 1987
f 1987 799 3848
f 1457 3848 799
f 1456 1457 799
f 1456 799 2267
f 4591 1456 2267
f 2108 4591 2267
f 2108 2267 2109
f 2108 2109 2110
f 117 2108 2110
f 117 2110 4534
f 117 4534 118
f 116 117 118
f 4333 116 118
f 4333 118 4334
f 4333 4334 4335
f 4335 1785 4333
f 1785 4380 4333
f 4380 3799 4333
f 4380 553 3799
f 553 3787 3799
f 1686 3799 3787
f 1686 3787 552
f 1686 552 1871
f 1686 1871 4536
f 117 1686 4536
f 4536 4556 117
f 2255 4556 4536
f 2255 174 4556
f 176 4556 174
f 174 175 176
f 175 3930 176
f 3930 4554 176
f 4554 2108 176
f 3930 3931 4554
f 4591 4554 3931
f 3930 3919 3931
f 3919 1456 3931
f 3919 3920 1456
f 3920 3847 1456
f 3847 3920 3832
f 3832 3833 3847
f 345 3847 3833
f 3833 343 345
f 343 344 345
f 343 2455 344
f 2455 4346 344
f 1654 4346 2455
f 2456 1654 2455
f 3825 1654 2456
f 3831 3825 2456
f 3831 2456 343
f 2009 3825 3831
f 1929 2009 3831
f 3831 1930 1929
f 1928 1929 1930
f 1929 1928 1991
f 1930 3831 3832
f 1188 1930 3832
f 1188 3832 4582
f 414 4582 3832
f 413 4582 414
f 413 414 415
f 4185 413 415
f 217 4185 415
f 415 4421 217
f 215 217 4421
f 215 4421 3770
f 3759 215 3770
f 3759 3770 3760
f 3758 3759 3760
f 3758 3760 4510
f 4352 3758 4510
f 554 4352 4510
f 554 4510 2256
f 554 2256 552
f 552 553 554
f 552 2256 2255
f 553 4352 554
f 4352 4353 3758
f 4353 3899 3758
f 3899 4353 4551
f 4551 1955 3899
f 3899 1955 3888
f 3899 3888 3759
f 1955 216 3888
f 3888 216 215
f 1955 1956 216
f 1956 2205 216
f 216 2205 217
f 2205 2917 217
f 2917 2205 623
f 2917 623 3808
f 623 622 3808
f 622 623 624
f 624 4367 622
f 4367 4410 622
f 622 4410 2931
f 2931 2064 622
f 4410 4002 2931
f 2931 4002 3994
f 3994 4002 3995
f 3994 3995 3996
f 3996 3995 4369
f 3995 4560 4369
f 4560 1379 4369
f 4560 743 1379
f 743 4560 741
f 741 742 743
f 743 742 3946
f 743 3946 1380
f 4359 1380 3946
f 4359 3946 1985
f 4376 4359 1985
f 4392 4359 4376
f 4392 4073 4359
f 1985 3946 3947
f 3947 3940 1985
f 3940 1986 1985
f 1985 1986 1987
f 4543 1987 1986
f 4543 1986 4298
f 4543 4298 800
f 800 4298 4163
f 4163 4349 800
f 4349 798 800
f 798 799 800
f 2267 798 4349
f 4349 4163 4162
f 4162 2109 4349
f 2109 4162 118
f 118 4162 3876
f 118 3876 2184
f 2184 2186 118
f 3862 118 2186
f 3862 2186 4203
f 3862 4203 4202
f 4202 2150 3862
f 2151 2150 4202
f 4202 4204 2151
f 4204 4624 2151
f 2151 4624 1531
f 1531 2149 2151
f 2149 1531 1533
f 1533 118 2149
f 118 2150 2149
f 118 1533 4381
f 4383 118 4381
f 4384 4383 4381
f 4384 4381 2385
f 4384 2385 4673
f 2278 4384 4673
f 2278 4673 2276
f 2276 2277 2278
f 1761 2278 2277
f 2277 4400 1761
f 2142 1761 4400
f 4221 2142 4400
f 4221 4400 2372
f 2372 2292 4221
f 1820 4221 2292
f 1818 1820 2292
f 2291 1818 2292
f 2291 2292 2293
f 2293 4630 2291
f 2308 2291 4630
f 1190 2308 4630
f 1190 4630 1701
f 1190 1701 1702
f 1702 1191 1190
f 1190 1191 1192
f 4046 1192 1191
f 1191 2355 4046
f 4334 4046 2355
f 2355 4183 4334
f 4334 4183 2356
f 2356 4183 2355
f 4334 4045 4046
f 4045 2562 4046
f 2565 4046 2562
f 2563 2565 2562
f 2562 2306 2563
f 2306 2308 2563
f 2563 2308 1192
f 4281 2563 1192
f 2306 2307 2308
f 2307 4060 2308
f 2307 4059 4060
f 4059 4445 4060
f 4060 4445 1818
f 4445 1819 1818
f 4445 4248 1819
f 4248 2335 1819
f 2321 1819 2335
f 2321 2335 2320
f 2320 2142 2321
f 2320 4413 2142
f 4413 4415 2142
f 2142 4415 1759
f 4415 1760 1759
f 1759 1760 1761
f 4415 4414 1760
f 4414 4383 1760
f 4413 4414 4415
f 2336 4414 4413
f 4319 4414 2336
f 4320 4319 2336
f 4320 2336 2335
f 4319 4320 4248
f 4059 4319 4248
f 4059 4045 4319
f 4045 118 4319
f 4649 4045 4059
f 4649 4059 4145
f 4145 2562 4649
f 4414 4319 118
f 4413 2320 2336
f 2335 2336 2320
f 1819 2321 1820
f 4248 4320 2335
f 4059 4248 4445
f 4145 4059 2307
f 4145 2307 2306
f 2306 2562 4145
f 2565 2563 4281
f 4281 4046 2565
f 4045 4649 2562
f 2355 1191 2356
f 1192 4046 4281
f 2356 1191 1702
f 2356 1702 4335
f 1785 1702 1701
f 1785 1701 1786
f 1786 1701 4353
f 4353 1701 4630
f 1192 2308 1190
f 2308 4060 2291
f 4630 2293 4551
f 4551 2293 4229
f 2292 4229 2293
f 2292 4228 4229
f 1956 4229 4228
f 4228 4633 1956
f 2204 1956 4633
f 4411 2204 4633
f 4685 4411 4633
f 2371 4411 4685
f 4228 2371 4685
f 4228 2372 2371
f 2370 2371 2372
f 2372 2277 2370
f 2371 2370 4411
f 2370 4310 4411
f 4367 4411 4310
f 2370 2276 4310
f 2276 4309 4310
f 4309 2386 4310
f 4410 4310 2386
f 2385 2386 4309
f 2385 1531 2386
f 1531 2385 1532
f 4411 624 2204
f 4228 4685 4633
f 4060 1818 2291
f 1818 1819 1820
f 1820 2321 4221
f 2292 2372 4228
f 2321 2142 4221
f 2142 1759 1761
f 4400 2277 2372
f 1761 1760 2278
f 2277 2276 2370
f 4309 2276 4673
f 1760 4384 2278
f 4673 2385 4309
f 4381 1532 2385
f 4383 4384 1760
f 4383 4414 118
f 1532 4381 1533
f 1531 1532 1533
f 4624 2386 1531
f 2386 4624 4002
f 4624 741 4002
f 4624 4204 741
f 4204 1593 741
f 4203 1593 4204
f 2149 2150 2151
f 4202 4203 4204
f 4203 2186 1593
f 2186 4396 1593
f 1593 4396 742
f 742 4396 4388
f 4388 4396 3940
f 4395 3940 4396
f 4395 4396 2185
f 2185 4161 4395
f 4161 1986 4395
f 3876 4161 2185
f 4396 2186 2185
f 118 3862 2150
f 2184 2185 2186
f 2185 2184 3876
f 4162 4161 3876
f 4161 4162 4163
f 4298 4161 4163
f 4161 4298 1986
f 4543 800 1987
f 1986 3940 4395
f 3940 3947 4388
f 3946 4388 3947
f 3946 742 4388
f 742 741 1593
f 4002 741 4560
f 4560 3995 4002
f 4410 2386 4002
f 4367 4310 4410
f 4411 4367 624
f 2204 624 623
f 2204 623 2205
f 1956 2204 2205
f 4229 1956 1955
f 1955 4551 4229
f 4630 4551 4353
f 4353 4352 1786
f 4380 1786 4352
f 2256 4510 3760
f 3760 174 2256
f 3758 3899 3759
f 3760 3770 174
f 215 3759 3888
f 3770 4421 175
f 4421 4538 175
f 215 216 217
f 4421 415 4538
f 217 2917 4185
f 2917 4044 4185
f 415 414 4538
f 3919 4538 414
f 1991 2009 1929
f 2009 1991 2007
f 2009 3809 3825
f 2008 3809 2009
f 3825 1655 1654
f 1653 1654 1655
f 1655 2440 1653
f 2440 4346 1653
f 4346 2440 2439
f 2234 2439 2440
f 2440 4249 2234
f 2233 2234 4249
f 2233 1378 2234
f 4008 4249 2440
f 4288 1655 3825
f 1654 1653 4346
f 2455 343 2456
f 3831 343 3833
f 3847 345 3848
f 3832 3831 3833
f 414 3832 3920
f 3919 414 3920
f 4538 3919 3930
f 175 4538 3930
f 174 3770 175
f 2108 4556 176
f 174 2255 2256
f 1871 2255 4536
f 552 2255 1871
f 3799 1686 116
f 553 552 3787
f 4380 4352 553
f 1785 1786 4380
f 1702 1785 4335
f 4335 4334 2356
f 4334 118 4045
f 4333 3799 116
f 116 1686 117
f 118 4534 2109
f 4556 2108 117
f 2110 2109 4534
f 4349 2109 2267
f 4554 4591 2108
f 3931 1456 4591
f 2267 799 798
f 1457 1456 3847
f 3847 3848 1457
f 1987 800 799
f 4376 1985 1987
f 345 344 3848
f 4376 4073 4392
f 4346 2439 344
f 2234 4072 2439
f 4359 4073 1380
f 4072 2234 1378
f 1380 1379 743
f 4369 1379 4570
f 3996 4369 4370
f 3994 3996 3987
f 2931 3994 2065
f 2931 2065 2064
f 2064 3808 622
f 3807 2066 2333
f 2917 3808 4044
f 4044 4340 4185
f 4340 413 4185
f 4582 413 1189
f 1189 1188 4582
f 1928 1930 1188
f 4598 1187 4048
f 4304 4598 4048
f 1991 1928 1992
f 4598 4304 4362
f 4361 4362 4304
f 4361 4304 935
f 4362 4361 3954
f 3954 3956 4362
f 3955 4362 3956
f 3954 3955 3956
f 3954 4361 4026
f 1992 2007 1991
f 2007 2008 2009
f 4565 2028 4092
f 2008 2027 3809
f 3809 4288 3825
f 2026 903 904
f 903 465 904
f 904 465 464
f 464 465 466
f 4288 1114 1655
f 1655 4008 2440
f 466 4068 464
f 4521 4249 4008
f 4521 2233 4249
f 1378 2233 1009
f 4355 1009 4356
f 2972 982 730
f 2973 2755 4356
f 2750 2749 2755
f 2749 2750 2334
f 3983 2334 2333
f 2333 2001 3807
f 2001 1291 1290
f 1289 1291 2020
f 4048 4049 2020
f 4304 4048 935
f 4361 935 934
f 1256 4361 934
f 2002 3962 936
f 1256 934 2033
f 2033 1257 1256
f 3962 2002 4303
f 4303 3913 3908
f 2033 2034 1257
f 1427 847 846
f 4316 4337 847
f 4316 1081 4337
f 4316 1082 1081
f 1081 1082 1083
f 1083 4081 1081
f 4377 1081 4081
f 4377 4081 4080
f 4377 4080 4366
f 4365 4366 4080
f 4338 1081 4377
f 4377 4027 4338
f 4080 4081 1083
f 4080 1083 330
f 1361 4080 330
f 4341 1083 1082
f 1082 2075 4341
f 4655 4341 2075
f 2075 4326 4655
f 2075 2051 4326
f 4326 2051 2050
f 2050 2051 2052
f 675 2050 2052
f 675 1850 2050
f 4387 2050 1850
f 3929 2050 4387
f 3928 2050 3929
f 2051 2075 2052
f 2052 2075 2076
f 2076 676 2052
f 4341 4655 4342
f 2075 1082 2076
f 1083 4341 4342
f 1082 4316 2076
f 4337 1081 4338
f 848 1255 1257
f 1255 1256 1257
f 1256 4026 4361
f 4338 4027 4585
f 4026 4025 3954
f 4027 4377 4366
f 3955 3954 4025
f 3955 4580 4362
f 3973 4089 4580
f 3972 3973 3974
f 4365 4029 4366
f 3974 4565 4092
f 4565 4621 2028
f 1361 4365 4080
f 4621 4627 2028
f 4627 2158 903
f 1363 4173 4626
f 4173 2094 2096
f 2094 2095 2096
f 2158 465 903
f 2095 4215 4118
f 4118 4589 4119
f 4589 4608 4119
f 466 465 4611
f 830 829 4608
f 4067 4068 466
f 983 1010 4067
f 1011 983 982
f 730 982 2116
f 831 981 829
f 2116 4647 730
f 729 2972 730
f 729 1426 3908
f 846 1426 1427
f 4316 847 1427
f 2076 4316 676
f 676 675 2052
f 675 1849 1850
f 1850 1849 4287
f 1849 4632 4287
f 3797 677 3798
f 4632 4635 4241
f 4635 201 203
f 3797 4314 4238
f 4238 731 4239
f 4239 2379 4336
f 4644 4336 2379
f 201 4240 202
f 201 202 203
f 4635 203 4241
f 4241 4287 4632
f 4287 4387 1850
f 4130 4290 533
f 4323 3929 4387
f 3927 3929 4323
f 1864 1865 1866
f 3927 3928 3929
f 4326 2050 3928
f 4326 4325 4655
f 4655 4325 4358
f 1592 2313 4324
f 4358 4325 2314
f 4358 4342 4655
f 330 1083 4342
f 330 329 1361
f 1591 4256 328
f 1362 329 4255
f 4622 4255 1896
f 1559 4374 4256
f 1639 1896 1897
f 1897 248 2822
f 246 4374 247
f 248 2882 2239
f 4054 2880 4055
f 1157 4054 4055
f 1157 4347 4054
f 4347 442 4054
f 4132 442 4347
f 1156 4132 4347
f 4132 440 442
f 440 441 442
f 440 1967 441
f 1967 440 4153
f 4153 4152 1967
f 1967 4152 1921
f 1967 1921 1966
f 1921 4152 1919
f 1919 1920 1921
f 1919 3769 1920
f 4504 3769 1919
f 1919 2654 4504
f 2655 2654 1919
f 2655 1919 4154
f 4154 4327 2655
f 2820 2655 4327
f 1952 4327 4154
f 4154 4612 1952
f 1537 1952 4612
f 1537 4612 4351
f 1537 4351 653
f 653 1535 1537
f 1535 1536 1537
f 1535 4444 1536
f 3897 4444 1535
f 3897 1535 652
f 652 4550 3897
f 4550 652 4456
f 4456 652 4147
f 652 651 4147
f 4131 4147 651
f 4131 651 4132
f 651 4351 4132
f 651 652 653
f 4444 3897 4458
f 4458 4474 4444
f 4139 4458 3897
f 652 1535 653
f 653 4351 651
f 4153 4351 4612
f 1952 1537 1536
f 1952 1536 4000
f 4612 4154 4153
f 2821 4327 1952
f 2654 2655 2656
f 2656 4459 2654
f 1919 4152 4154
f 4152 4153 4154
f 4351 4153 440
f 440 4132 4351
f 4054 442 2880
f 2881 2240 2882
f 442 441 2880
f 4244 2881 4373
f 1966 441 1967
f 1920 1966 1921
f 4373 4194 4495
f 3769 3945 1920
f 3945 3769 564
f 4495 4196 4373
f 4394 4196 2049
f 2049 2048 1354
f 2285 2047 3945
f 1498 1497 2048
f 4223 821 1498
f 820 821 53
f 4605 53 4378
f 831 4378 2378
f 2378 4644 2379
f 4542 55 54
f 4336 4644 1980
f 3873 3875 4542
f 1979 1980 1981
f 3873 3874 3875
f 1979 1981 4404
f 4350 3874 4222
f 534 4404 2349
f 4269 535 2349
f 4270 4350 4222
f 4270 4222 4294
f 535 4269 4128
f 4129 4128 4697
f 4290 4129 4291
f 4291 463 462
f 463 2848 461
f 2841 461 2848
f 2841 4694 461
f 4694 4559 4648
f 4558 2843 4432
f 4559 4157 4648
f 4432 4155 4558
f 1866 4157 4156
f 4431 4164 4155
f 4156 1592 4324
f 1591 2313 1592
f 4256 1591 1559
f 4164 4158 1590
f 4487 1558 4158
f 4374 1559 247
f 4487 1155 1558
f 4055 247 1157
f 1156 4347 1157
f 2859 1054 1155
f 4131 4132 1156
f 4131 4136 4147
f 4456 4147 4136
f 4457 4550 4456
f 4139 3897 4550
f 4472 4548 4473
f 4139 4474 4458
f 4474 4498 4444
f 4444 4000 1536
f 4424 4423 4479
f 1952 4000 2821
f 2819 4424 2453
f 2821 2820 4327
f 4528 4499 2819
f 4499 4528 4483
f 2655 2820 2656
f 4459 2656 4686
f 4484 4722 4686
f 4686 4722 4596
f 4724 4722 4484
f 4722 4724 4449
f 4676 4449 4724
f 4676 4724 4725
f 4725 4497 4676
f 4497 4725 4729
f 4497 4729 4731
f 4729 2425 4731
f 4537 4731 2425
f 4537 2425 4438
f 4684 2425 4729
f 4729 4734 4684
f 4684 4734 4704
f 4734 4486 4704
f 4725 4486 4734
f 4725 4734 4729
f 4486 4725 4724
f 4483 4482 4499
f 4484 4486 4724
f 4485 4704 4486
f 4704 4485 2808
f 4528 4527 4483
f 4557 2808 4485
f 2809 4527 2828
f 2808 4555 4704
f 4684 4704 4555
f 4747 4552 2807
f 4747 2807 4517
f 3814 4747 4517
f 4747 3814 4750
f 4750 4552 4747
f 4553 4552 4750
f 4505 4553 4750
f 4553 4505 2424
f 2425 4684 2426
f 4476 4477 4535
f 4680 4476 4535
f 4680 4535 4417
f 2589 2799 2798
f 2889 2799 2589
f 2799 2889 2888
f 4417 2888 4571
f 4569 4572 4568
f 225 4568 4572
f 4571 4680 4417
f 4476 4680 4475
f 4438 2425 4475
f 4568 4437 4569
f 337 4420 4443
f 337 4767 4420
f 4420 4767 2873
f 4767 2325 2873
f 4490 4419 4418
f 4418 4537 4438
f 4731 4537 4497
f 4420 2873 4496
f 4497 2875 2874
f 2325 4677 2873
f 4677 2325 4777
f 4777 4778 4677
f 2404 4778 4777
f 4778 4599 4677
f 4780 4599 4778
f 4783 4780 4778
f 4778 2401 4783
f 4784 4783 2401
f 4784 4785 4783
f 4785 4786 4783
f 4787 4786 4785
f 4787 4785 4674
f 4786 4787 4788
f 4786 4788 4780
f 4788 4791 4780
f 4787 4791 4788
f 4787 4795 4791
f 4795 4796 4791
f 4791 4796 4597
f 4791 4597 4599
f 4796 4795 4573
f 4573 4804 4796
f 4796 4804 4501
f 4804 565 4501
f 4501 565 4595
f 4804 2864 565
f 4795 4787 1790
f 532 4785 4784
f 4783 4786 4780
f 4780 4791 4599
f 2874 4676 4497
f 4599 4597 4600
f 4796 4501 4597
f 4450 4449 4676
f 4722 4449 4596
f 4501 4595 4451
f 4686 4596 4459
f 4459 4504 2654
f 4504 564 3769
f 4503 4595 565
f 564 4574 3945
f 4574 2285 3945
f 2285 2866 102
f 565 2864 566
f 2865 2864 4804
f 2866 4300 102
f 4300 4295 103
f 4294 4222 4295
f 4804 4573 2865
f 4296 4573 4795
f 4297 4270 4294
f 4297 4305 4481
f 1790 4296 4795
f 4305 1792 4481
f 4544 1792 1791
f 1790 4787 4674
f 1784 4674 4785
f 531 4544 1791
f 4785 532 1784
f 4784 4276 532
f 4784 300 4276
f 4425 531 530
f 4285 4279 4275
f 4285 4829 4279
f 183 4829 4285
f 4829 2736 4279
f 2736 4829 182
f 4834 2736 182
f 4837 4834 182
f 4834 4837 4566
f 4834 4566 2737
f 4837 4703 4566
f 4837 4845 4703
f 4845 4435 4703
f 2394 4845 4837
f 2394 4436 4845
f 4425 4280 2518
f 2737 2736 4834
f 2518 2517 2849
f 2517 4567 2501
f 4566 2516 2737
f 4567 2502 2501
f 4566 4703 2858
f 2502 2859 1155
f 4703 4435 2858
f 2859 1055 1054
f 4436 4435 4845
f 1055 4146 1056
f 4561 2627 4146
f 4561 2851 4549
f 2388 2850 4489
f 4489 2390 2388
f 4549 2851 2628
f 4144 2628 4583
f 4584 444 4581
f 4144 4583 4142
f 4143 4142 4441
f 4441 4548 4143
f 4579 4473 4548
f 4442 4492 4440
f 814 4492 4442
f 4579 4494 4473
f 4493 4492 4857
f 4857 790 4493
f 4857 4492 2374
f 4494 4575 4529
f 790 4666 4493
f 4575 4513 2454
f 2454 4514 2452
f 4526 2452 4514
f 2692 2829 4526
f 2693 4616 2950
f 2691 2809 2692
f 2693 2950 4462
f 4517 2807 2691
f 4462 2949 4516
f 4467 2949 2948
f 3811 4468 2941
f 3811 2941 2940
f 3811 3823 4468
f 3814 4517 3823
f 4623 3822 3815
f 3822 2704 3815
f 4750 3814 3813
f 4609 2429 387
f 3813 3819 3820
f 4750 3813 4505
f 4507 2424 4505
f 4533 4507 2800
f 4508 4506 4609
f 387 2927 4609
f 2929 2800 4453
f 2928 2927 1301
f 2590 2929 4606
f 2590 4606 4590
f 4448 4590 2653
f 2653 2893 2892
f 4681 2893 4511
f 4511 738 4681
f 4511 426 738
f 738 426 782
f 1315 435 2857
f 2652 1922 1357
f 2652 436 1922
f 435 371 2522
f 4604 369 436
f 369 2928 370
f 371 1271 2523
f 1271 1302 2348
f 2928 1301 370
f 387 1301 2927
f 1302 386 2348
f 386 385 2347
f 724 387 2429
f 385 723 2713
f 2114 2713 1441
f 734 1442 1441
f 734 198 1442
f 733 2705 681
f 724 2428 2705
f 2428 3815 2704
f 2704 3822 692
f 2701 679 693
f 320 189 692
f 308 190 189
f 2701 693 191
f 199 190 2611
f 680 679 2701
f 680 1867 734
f 734 1867 198
f 198 1855 1442
f 137 139 150
f 1855 152 1402
f 547 1795 1402
f 547 1431 545
f 151 1430 1403
f 2102 545 1431
f 1788 2102 571
f 1994 571 1367
f 1994 1367 1366
f 884 1366 1394
f 2508 1394 331
f 254 1990 331
f 255 332 318
f 1179 1990 254
f 839 1179 1211
f 253 255 915
f 271 915 954
f 2503 1211 273
f 2503 1474 1136
f 985 272 271
f 1500 1136 1474
f 2030 1500 1499
f 2031 2030 1499
f 1098 2031 2664
f 2664 1438 1505
f 2121 985 1439
f 1438 1466 2131
f 2131 1466 1465
f 1583 1465 2115
f 1437 1439 2657
f 2193 2115 2651
f 2679 2651 1047
f 2657 1086 1045
f 916 1087 1086
f 2024 1047 1046
f 1668 1047 2024
f 2649 2862 1668
f 4641 2649 994
f 2006 992 1087
f 2006 993 992
f 994 1030 4641
f 993 317 316
f 2018 4640 1030
f 1223 1393 316
f 618 2018 2640
f 1393 1365 616
f 2449 618 617
f 650 616 1365
f 2469 617 649
f 1365 1951 650
f 1951 1430 559
f 2635 649 2639
f 560 2154 2635
f 880 2154 560
f 559 1430 151
f 151 150 604
f 604 150 139
f 605 880 560
f 879 2154 880
f 2623 879 907
f 906 1522 907
f 1996 878 2625
f 906 2621 2380
f 1996 2625 834
f 2621 2376 2380
f 833 4708 2376
f 2376 4708 2592
f 4708 1163 2592
f 139 138 834
f 2697 869 138
f 2697 197 869
f 197 199 2611
f 2611 307 439
f 835 1132 833
f 4708 833 1163
f 1162 1131 439
f 1162 438 1092
f 1230 1286 1094
f 1093 1092 4422
f 1094 1121 1230
f 4662 2032 1093
f 2353 2032 4662
f 2353 4662 2360
f 1231 2604 4699
f 4699 4915 1231
f 4916 1231 4915
f 4916 4915 4917
f 4916 4917 4918
f 4918 4919 4916
f 4918 4921 4919
f 4919 4921 1197
f 1197 2600 4919
f 4918 4922 4921
f 4921 4922 4923
f 4921 4923 4924
f 4924 1446 4921
f 4925 4924 4923
f 4923 4926 4925
f 4925 4926 4927
f 4925 4927 4928
f 4928 2578 4925
f 2578 4928 1754
f 4928 4929 1754
f 4929 4930 1754
f 1754 4930 4932
f 61 4932 4930
f 4932 61 2573
f 4929 77 4930
f 2319 4930 77
f 4927 77 4929
f 4928 4927 4929
f 4926 97 4927
f 4923 4934 4926
f 4934 98 4926
f 4934 4937 98
f 4917 4937 4934
f 4934 4922 4917
f 4917 4698 4937
f 4937 4698 4920
f 2328 4937 4920
f 4698 612 4920
f 612 4698 4699
f 2346 612 4699
f 4924 4925 2579
f 4922 4934 4923
f 4918 4917 4922
f 4698 4917 4915
f 1231 4916 4919
f 4699 4698 4915
f 4699 2604 2346
f 1120 1230 1121
f 2600 1231 4919
f 1286 1230 1287
f 1286 1185 2610
f 1185 2592 1163
f 2375 2376 2592
f 2375 1246 1814
f 1184 1183 2215
f 1246 1245 2178
f 1480 2179 1245
f 1480 4948 2179
f 1343 2179 4948
f 1343 4948 4951
f 4951 4952 1343
f 4952 4951 2556
f 4953 2556 4951
f 4953 2588 2556
f 2588 1491 2556
f 4953 4951 4948
f 4948 1480 4953
f 1244 2215 1479
f 2588 4953 1480
f 2585 2260 2588
f 2260 2585 1199
f 2215 2225 1479
f 1197 2225 2600
f 1197 4921 1198
f 1198 4921 1446
f 2579 1446 4924
f 4925 2578 2579
f 1199 1447 2260
f 2588 2260 1491
f 2560 1491 1490
f 2578 1754 1489
f 1754 4932 2573
f 1490 1755 1757
f 1329 1490 1757
f 2572 2573 61
f 61 4889 2572
f 2572 4889 405
f 1757 1756 1329
f 1744 1330 1756
f 1329 1756 1330
f 2560 1490 1329
f 2556 1491 2560
f 2556 2237 4952
f 1344 4952 2237
f 1282 1328 1743
f 1743 2265 1282
f 947 2231 2551
f 2237 1281 1344
f 946 890 2231
f 1344 1343 4952
f 2179 1343 889
f 888 1805 889
f 2139 932 888
f 2295 932 931
f 844 4645 931
f 843 842 2546
f 843 2546 909
f 2487 844 2538
f 2127 2487 2538
f 1145 2487 2127
f 1145 2127 543
f 493 1145 543
f 1145 1144 2487
f 1412 4434 1144
f 1411 4646 1412
f 1411 2530 2838
f 2521 2838 2530
f 491 1146 492
f 508 1375 491
f 508 1468 1375
f 2521 2530 1374
f 1376 1454 1421
f 2521 2520 2838
f 2520 1555 1557
f 4520 1555 1422
f 1422 961 4519
f 962 1421 1454
f 1386 961 963
f 1697 1386 1385
f 922 2512 923
f 924 2274 1385
f 2500 666 2274
f 666 658 1691
f 1691 658 1689
f 2498 2322 1689
f 2498 161 2322
f 162 2498 172
f 162 161 2498
f 2322 161 2323
f 2486 2728 2323
f 2317 2486 126
f 125 1763 126
f 1026 125 113
f 113 112 639
f 112 2484 2624
f 2483 2977 2484
f 114 81 2298
f 81 160 4
f 82 6 2483
f 5 4 160
f 2290 2483 6
f 5 2157 1053
f 4509 2290 2476
f 4509 2476 451
f 2155 450 1053
f 450 2155 4895
f 16 450 4895
f 4895 871 16
f 451 18 4610
f 17 4454 18
f 17 1004 4454
f 425 70 1004
f 426 425 782
f 738 782 739
f 2391 4681 738
f 713 4681 2391
f 713 712 4447
f 4500 712 701
f 2887 701 2384
f 2887 2384 2457
f 2451 4572 2457
f 225 4572 2451
f 224 4568 225
f 208 2883 224
f 208 207 2884
f 2423 207 2312
f 2312 1627 2423
f 1627 2312 2445
f 1726 209 703
f 1748 703 702
f 1748 702 2305
f 1636 1727 1747
f 2465 2435 2305
f 1106 2435 2465
f 1628 1727 1636
f 1628 1627 2445
f 1617 1616 2427
f 1616 4954 2427
f 4954 4813 2427
f 4813 4912 2427
f 4941 2427 4912
f 4941 4912 4902
f 4902 28 4941
f 4902 4901 28
f 4901 4902 4903
f 4903 4886 4901
f 2418 4901 4886
f 4886 4906 2418
f 470 4906 4886
f 4886 4903 4971
f 2381 4886 4971
f 4971 4903 2062
f 4902 4908 4903
f 4903 4908 1723
f 1723 4908 4813
f 4908 4902 4912
f 4813 4908 4912
f 4972 4813 4954
f 1738 4972 4954
f 1738 4813 4972
f 1738 4954 1616
f 42 2427 4941
f 2230 2423 1627
f 41 2561 2423
f 2407 41 30
f 4941 28 42
f 30 29 2407
f 29 2281 396
f 4901 2418 28
f 2417 2418 4906
f 410 2417 4906
f 397 396 2281
f 29 396 2407
f 41 2407 351
f 351 350 4478
f 4443 350 337
f 337 2325 4767
f 2325 2404 4777
f 339 338 301
f 2401 4778 2404
f 300 4784 2401
f 300 286 4276
f 338 284 301
f 285 284 2275
f 285 411 2318
f 2318 411 525
f 286 183 4285
f 4829 183 182
f 2395 4837 182
f 2395 2394 4837
f 526 4436 2394
f 525 181 2318
f 2390 4489 526
f 410 525 411
f 4906 500 410
f 501 2388 2390
f 2388 472 2850
f 4906 470 500
f 471 4584 472
f 2381 470 4886
f 471 444 4584
f 4971 445 2381
f 445 4971 1650
f 1650 4814 445
f 4814 4964 445
f 445 4964 812
f 4964 4944 812
f 4964 4942 4944
f 4942 4943 4944
f 789 4944 4943
f 4943 4967 789
f 4967 4943 2036
f 2036 4943 4946
f 4946 4943 4947
f 4947 1513 4946
f 1513 4947 4763
f 4947 4943 4763
f 2045 4763 4943
f 4943 4942 2045
f 4817 2045 4942
f 1649 4817 4942
f 4942 4814 1649
f 4814 4942 4964
f 444 2377 4581
f 445 812 443
f 2377 814 4442
f 4944 813 812
f 814 2374 4492
f 4944 789 813
f 2374 791 4857
f 791 790 4857
f 4967 2373 789
f 4967 4968 2373
f 4968 4967 1509
f 1509 614 4968
f 614 764 4968
f 790 765 4666
f 2373 4968 764
f 764 4881 744
f 4881 989 744
f 645 989 4881
f 765 2369 4666
f 4512 2369 2368
f 4467 2368 746
f 746 745 1076
f 1076 2364 319
f 341 3844 2364
f 1042 342 341
f 2360 4662 1042
f 1041 1043 1019
f 2353 2360 1021
f 2032 2353 990
f 1020 1019 988
f 744 989 988
f 2604 990 2346
f 645 644 989
f 645 4881 764
f 2341 764 614
f 613 612 2346
f 587 4920 612
f 587 556 4920
f 1508 2337 614
f 586 556 587
f 556 2328 4920
f 98 4937 2328
f 557 96 555
f 1580 96 557
f 97 4926 98
f 77 4927 97
f 76 2319 77
f 2319 61 4930
f 61 60 4889
f 2311 4889 60
f 60 36 2311
f 2315 62 75
f 75 1787 2315
f 2315 1787 34
f 34 1566 35
f 1566 4873 35
f 35 4873 4893
f 2000 4893 4873
f 2000 1337 4893
f 2000 1524 1337
f 4893 1337 35
f 429 2311 36
f 4889 2311 405
f 2572 405 374
f 374 373 1758
f 1988 1261 372
f 373 708 2294
f 373 2294 1735
f 683 1736 1735
f 1417 683 682
f 2266 683 1417
f 1416 2270 1395
f 2266 1396 683
f 2265 1743 1396
f 1282 2265 1651
f 1395 661 1381
f 1382 1359 1651
f 1359 2254 1280
f 2254 2250 2551
f 926 945 969
f 2250 947 2551
f 946 2231 947
f 2245 890 946
f 927 2546 2245
f 926 925 945
f 909 2546 927
f 908 843 909
f 898 897 908
f 2238 910 1733
f 296 2238 1733
f 322 563 898
f 321 542 322
f 296 323 2238
f 321 1213 509
f 295 212 1213
f 256 1193 1722
f 257 256 1277
f 212 295 258
f 1213 212 211
f 1486 1485 1350
f 2207 1486 1350
f 508 211 1469
f 1469 1468 508
f 1455 1375 1468
f 962 1455 1451
f 1451 1450 923
f 923 1450 1014
f 1449 1467 1432
f 1433 1432 1486
f 1433 1486 2207
f 1063 2203 1434
f 1434 2203 1033
f 2194 1434 1033
f 1450 2194 1014
f 923 1014 1013
f 973 1013 986
f 987 1012 1034
f 893 580 608
f 578 637 579
f 548 580 893
f 578 974 986
f 665 974 550
f 2157 657 550
f 1053 2157 2155
f 2155 894 4895
f 548 893 549
f 893 608 2152
f 2152 610 870
f 4895 894 871
f 849 870 610
f 871 2147 16
f 2147 796 1111
f 851 780 796
f 850 849 610
f 851 781 780
f 781 823 750
f 850 610 824
f 822 1071 823
f 636 2141 824
f 749 2141 636
f 2138 1071 822
f 1071 2138 2137
f 2137 1122 751
f 740 751 1122
f 2465 740 1106
f 2435 1106 2126
f 1090 1615 2126
f 1108 1107 1088
f 1089 1652 1090
f 1123 1141 1088
f 1609 727 1610
f 1611 2067 1089
f 656 2111 1599
f 195 1594 2111
f 664 195 2111
f 1600 2098 1682
f 1682 1601 1600
f 266 1604 1601
f 219 2067 1604
f 219 218 2232
f 268 1678 220
f 1616 218 1738
f 1678 1679 1737
f 4813 1738 1724
f 2071 1679 1672
f 1724 1723 4813
f 1723 2062 4903
f 2062 1650 4971
f 2071 1648 1725
f 1650 1649 4814
f 1648 2071 2056
f 4817 1649 1635
f 1633 2056 1674
f 1634 4817 1635
f 1681 1633 267
f 1681 1685 1620
f 1622 4817 1634
f 1621 1620 2107
f 2107 170 1621
f 1621 170 1518
f 1622 2045 4817
f 2045 1614 4763
f 1614 2037 4763
f 1621 1518 1612
f 1613 2037 1614
f 2041 1511 1517
f 2041 4773 1511
f 595 4773 2041
f 4773 595 187
f 187 4772 4773
f 4772 1501 4773
f 4773 1501 1512
f 3 1501 4772
f 4763 2037 1513
f 4773 1512 1511
f 4946 1513 2036
f 2036 1509 4967
f 1509 1508 614
f 1508 585 2337
f 1501 1507 1512
f 3 1502 1501
f 1502 2 1800
f 1503 1585 585
f 2 1586 1800
f 557 1585 1584
f 1584 1580 557
f 1579 96 1580
f 75 1579 2022
f 75 2022 1573
f 79 2016 1572
f 68 2016 79
f 1573 1787 75
f 34 1787 1566
f 1565 4873 1566
f 1565 1657 4873
f 1670 1657 1565
f 2016 1564 1572
f 1670 1565 1671
f 1670 1662 1657
f 1662 1658 1657
f 2000 4873 1657
f 1530 1656 1472
f 1524 2000 1995
f 1524 427 1337
f 428 427 406
f 406 1988 407
f 1988 347 1261
f 348 347 1816
f 1718 1817 1811
f 1719 1811 1802
f 1719 1718 1811
f 1954 1816 1718
f 1816 1954 1783
f 1560 1705 1561
f 1783 1562 725
f 1553 709 725
f 1552 684 1553
f 120 1552 192
f 192 1544 121
f 1545 1554 1561
f 1710 1773 1545
f 1544 1543 1830
f 142 1830 1829
f 142 1829 166
f 167 166 1824
f 662 1824 660
f 660 1821 661
f 1360 1821 1750
f 970 1360 968
f 1733 926 968
f 1733 1732 296
f 1734 1751 1720
f 296 1732 297
f 297 1722 1193
f 1721 1720 1753
f 1722 1323 256
f 528 1721 1925
f 1322 256 1323
f 256 1322 1277
f 1883 1631 1858
f 1277 1164 257
f 213 1164 1875
f 1351 1276 1863
f 1485 1875 1350
f 2207 1350 1064
f 735 1065 1064
f 1699 1352 1351
f 1351 1863 1699
f 1863 1883 1858
f 1695 1692 1772
f 1858 1631 1693
f 1854 1693 1631
f 488 1853 1854
f 1772 1692 1688
f 1772 1696 1695
f 1696 1700 1694
f 736 1700 1764
f 735 1700 736
f 770 1065 735
f 769 737 699
f 1034 770 808
f 636 808 749
f 748 2141 749
f 700 1141 748
f 769 699 698
f 700 727 1609
f 699 759 728
f 727 711 1610
f 710 1605 711
f 656 1599 710
f 759 655 654
f 1762 689 655
f 690 689 1767
f 2111 656 664
f 721 690 1767
f 1766 663 721
f 663 1771 157
f 157 1687 158
f 664 159 195
f 1594 195 194
f 158 1687 674
f 194 171 2107
f 1687 169 674
f 171 170 2107
f 1518 170 541
f 541 540 2041
f 1687 596 169
f 595 2041 540
f 1853 561 596
f 595 148 187
f 1853 488 561
f 490 4741 562
f 562 4741 109
f 1854 489 488
f 1324 528 489
f 490 529 4741
f 14 4741 529
f 577 528 506
f 506 1752 507
f 13 507 1825
f 13 1825 896
f 14 529 15
f 4741 14 109
f 480 13 447
f 448 447 13
f 520 449 110
f 520 110 109
f 109 148 562
f 148 147 187
f 4772 187 3
f 123 111 124
f 240 1 124
f 2 1502 3
f 100 1 240
f 221 101 100
f 2 135 1586
f 223 25 101
f 135 80 1586
f 1578 80 79
f 25 327 26
f 27 68 79
f 39 67 26
f 2016 68 91
f 40 1667 91
f 39 38 67
f 349 39 205
f 334 433 349
f 433 336 50
f 52 40 395
f 336 335 50
f 52 51 1196
f 1387 1478 1195
f 1169 1478 4832
f 4832 4836 1169
f 4832 4939 4836
f 4836 4939 4835
f 4835 1170 4836
f 4835 4939 1314
f 1314 4637 4835
f 4844 4835 4637
f 4637 4843 4844
f 4843 4847 4844
f 4844 4847 1444
f 4847 4848 1444
f 4847 4794 4848
f 4690 4848 4794
f 4794 4793 4690
f 1463 4690 4793
f 4792 4793 4794
f 4800 4792 4794
f 4639 4800 4794
f 4639 4794 4843
f 4799 4800 4639
f 4639 4700 4799
f 4799 4700 4702
f 4702 4806 4799
f 4805 4806 4702
f 4805 4702 4808
f 1186 4805 4808
f 4701 4808 4702
f 4701 4755 4808
f 4808 4755 1204
f 4746 4755 4701
f 4746 4701 4745
f 4745 4705 4746
f 4746 4705 4707
f 4707 1214 4746
f 4705 4706 4707
f 1222 4707 4706
f 4705 1283 4706
f 4745 1304 4705
f 4701 4752 4745
f 4638 4745 4752
f 4752 4700 4638
f 4638 1314 4745
f 4701 4700 4752
f 4746 1214 4755
f 1186 4806 4805
f 4700 4701 4702
f 4639 4638 4700
f 4637 4638 4639
f 4800 4799 4806
f 4806 4628 4800
f 4628 4806 1165
f 4792 4800 4628
f 4628 4629 4792
f 4629 4963 4792
f 858 4963 4629
f 4963 858 1373
f 1373 4793 4963
f 4628 862 4629
f 1161 862 4628
f 4792 4963 4793
f 4848 4690 1453
f 4690 4691 1453
f 4690 1409 4691
f 4843 4794 4847
f 4843 4637 4639
f 4835 4844 1488
f 1314 4638 4637
f 4938 4939 4832
f 4882 4939 4938
f 1368 4882 4938
f 4939 4882 1320
f 4938 4832 1478
f 1377 4938 1478
f 1196 1171 52
f 1169 4836 1170
f 1171 1209 1666
f 1209 1208 2005
f 1488 1170 4835
f 1208 1445 2005
f 1443 1488 4844
f 4844 1444 1443
f 1444 4848 1473
f 1472 2005 1445
f 1496 1530 1472
f 1266 1530 1496
f 1453 1473 4848
f 4691 1408 1453
f 1408 4691 1409
f 4975 1410 1327
f 1327 1311 4975
f 1410 4975 4914
f 4914 1228 1410
f 4914 4975 1353
f 1436 1419 1428
f 4690 1463 1409
f 4793 1420 1463
f 4793 1373 1420
f 1401 1428 1419
f 1428 1327 1436
f 1311 1327 1326
f 1626 1311 1326
f 4955 1341 1632
f 4955 1632 792
f 792 4667 4955
f 4955 4667 4962
f 4955 4962 1104
f 1104 1342 4955
f 1128 1104 4962
f 1110 4962 4667
f 1110 4667 755
f 1341 4955 1342
f 1342 1143 1279
f 1278 1311 1626
f 4975 1311 1353
f 1181 1285 1310
f 1228 4914 1353
f 1228 1227 1410
f 1266 1496 1227
f 1299 1530 1266
f 1525 1299 1258
f 1229 1180 1242
f 1180 1285 1181
f 1221 1181 1279
f 1279 867 1221
f 1243 1182 1258
f 1526 1258 855
f 854 1526 855
f 1523 854 1137
f 1519 1137 828
f 828 827 1812
f 866 826 853
f 866 1221 867
f 1143 867 1279
f 827 1103 1812
f 1342 1104 1143
f 1129 1812 1103
f 1102 1104 1128
f 1807 1129 1154
f 1154 1119 1807
f 4962 1110 1128
f 1119 1154 1052
f 1069 1807 1119
f 1003 1803 1069
f 1040 1803 1003
f 1039 1801 1040
f 1084 1714 1039
f 959 1704 1084
f 1384 1002 685
f 958 1704 959
f 958 1392 1709
f 951 1709 1392
f 980 1709 951
f 980 979 1773
f 979 929 887
f 1834 887 912
f 886 1484 911
f 1484 886 1452
f 841 911 1484
f 1941 912 942
f 896 1825 942
f 13 896 448
f 779 778 448
f 241 779 242
f 460 242 269
f 269 1495 270
f 840 1487 876
f 270 1495 795
f 1487 841 1484
f 282 204 795
f 423 283 282
f 423 1460 383
f 1464 1484 1452
f 381 383 1460
f 1448 382 381
f 886 885 1452
f 921 885 930
f 1448 1435 382
f 382 408 335
f 921 1418 1425
f 1404 409 408
f 1390 1195 409
f 1390 1387 1195
f 1478 1387 1377
f 4938 1377 1368
f 1338 4882 1368
f 1383 581 1364
f 1338 1320 4882
f 1320 1314 4939
f 1304 4745 1314
f 1304 1284 4705
f 1297 1300 1334
f 1288 1297 539
f 1272 1288 539
f 539 4675 1272
f 1272 4675 527
f 1283 4705 1284
f 1283 1270 4706
f 1272 527 1262
f 1270 1237 4706
f 1262 510 1241
f 1222 4706 1237
f 196 1210 1225
f 1214 4707 1222
f 1214 1204 4755
f 193 1200 1210
f 1204 1194 4808
f 4808 1194 1186
f 1178 4806 1186
f 1178 1165 4806
f 1165 1161 4628
f 862 1161 1153
f 1153 4892 862
f 4892 1153 4957
f 4957 4891 4892
f 4891 868 4892
f 4891 4890 868
f 4891 4670 4890
f 4965 4890 4670
f 4670 4669 4965
f 4965 4669 4870
f 4870 4602 4965
f 4894 4965 4602
f 4602 877 4894
f 4890 4894 877
f 4602 4601 877
f 877 4601 928
f 4601 4602 4603
f 4876 4601 4603
f 4603 4977 4876
f 4876 4977 4877
f 948 4876 4877
f 4877 4977 4879
f 4877 4879 4880
f 971 4877 4880
f 4672 971 4880
f 4672 4880 4982
f 4982 4663 4672
f 4671 4672 4663
f 4671 4663 4878
f 4671 4878 1005
f 4907 1005 4878
f 4907 4878 4981
f 4981 4619 4907
f 4618 4907 4619
f 4618 4619 4620
f 4905 4618 4620
f 4620 4904 4905
f 4660 4905 4904
f 4913 4660 4904
f 4913 4904 4940
f 4854 4913 4940
f 4854 4940 4726
f 4910 4854 4726
f 4726 4911 4910
f 4909 4910 4911
f 4909 4911 4950
f 4678 4909 4950
f 4986 4678 4950
f 4985 4986 4950
f 4950 4949 4985
f 4949 4959 4985
f 4958 4985 4959
f 4900 4958 4959
f 4959 4860 4900
f 4860 4945 4900
f 4945 4987 4900
f 4900 4987 4990
f 4990 4820 4900
f 4900 4820 4979
f 4900 4979 4960
f 4900 4960 4961
f 4900 4961 4716
f 4900 4716 4888
f 4888 4887 4900
f 4887 4764 4900
f 4900 4764 4546
f 4546 4978 4900
f 4978 4760 4900
f 4931 4900 4760
f 4935 4931 4760
f 4935 4760 4936
f 4936 4885 4935
f 4883 4885 4936
f 4933 4883 4936
f 4936 4650 4933
f 4933 4650 4652
f 4933 4652 4897
f 4613 4933 4897
f 4613 4897 4898
f 4898 4614 4613
f 4613 4614 4615
f 4613 4615 4883
f 4615 4692 4883
f 4883 4692 4884
f 4896 4884 4692
f 4692 4899 4896
f 4899 4900 4896
f 4900 4899 4980
f 4900 4980 4679
f 4679 4984 4900
f 4984 4679 4678
f 4578 4678 4679
f 4576 4578 4679
f 4576 4577 4578
f 4852 4577 4576
f 4576 4614 4852
f 4614 4853 4852
f 4693 4614 4576
f 4693 4576 4899
f 4852 4853 4577
f 4853 4909 4577
f 4909 4853 4562
f 4853 4563 4562
f 4562 4563 4564
f 4562 4564 4854
f 4854 4564 4696
f 4696 4661 4854
f 4661 4696 4659
f 4659 4660 4661
f 4659 4966 4660
f 4659 4812 4966
f 4966 4812 1048
f 4695 4812 4659
f 4812 4695 4790
f 4790 4811 4812
f 4811 1060 4812
f 4811 4718 1060
f 4718 1078 1060
f 1078 4718 4656
f 1078 4656 4818
f 4766 1078 4818
f 4816 4766 4818
f 4658 4816 4818
f 4658 4815 4816
f 4816 4815 4973
f 4815 4991 4973
f 4973 4991 4861
f 4861 4759 4973
f 4766 4973 4759
f 1085 4766 4759
f 4759 4861 4758
f 4758 1091 4759
f 4758 4861 4775
f 4758 4775 4974
f 4758 4974 1105
f 4974 4775 4769
f 1117 4974 4769
f 4769 4775 4776
f 4769 4776 4768
f 4768 1124 4769
f 4776 4775 4768
f 4956 4768 4775
f 4775 4831 4956
f 4831 4840 4956
f 4956 4840 4957
f 4831 4668 4840
f 4668 4670 4840
f 4830 4668 4831
f 4862 4830 4831
f 4991 4830 4862
f 4830 4991 4850
f 4850 4841 4830
f 4850 4851 4841
f 4851 4803 4841
f 4803 4842 4841
f 4593 4841 4842
f 4842 4594 4593
f 4592 4593 4594
f 4594 4809 4592
f 4592 4809 4855
f 4871 4592 4855
f 4855 4587 4871
f 4587 4872 4871
f 4870 4871 4872
f 4872 4603 4870
f 4872 4587 4586
f 4586 4879 4872
f 4586 4587 4588
f 4874 4586 4588
f 4874 4588 4875
f 4874 4875 4664
f 4663 4874 4664
f 4663 4664 4665
f 4981 4663 4665
f 4665 4664 4723
f 4723 4970 4665
f 4970 4856 4665
f 4665 4856 4619
f 4720 4619 4856
f 4720 4856 4721
f 4719 4720 4721
f 4719 4721 4732
f 4732 4733 4719
f 4858 4719 4733
f 4858 4733 4859
f 4859 4860 4858
f 4858 4860 4728
f 4727 4858 4728
f 4726 4727 4728
f 4726 4728 4949
f 4733 4822 4859
f 4822 4945 4859
f 4821 4945 4822
f 4822 4823 4821
f 4823 4819 4821
f 4819 4820 4821
f 4820 4992 4821
f 4821 4992 4993
f 4992 4990 4993
f 4823 4826 4819
f 4828 4819 4826
f 4827 4828 4826
f 4825 4827 4826
f 4824 4825 4826
f 4970 4824 4826
f 4983 4970 4826
f 4721 4970 4983
f 4723 4825 4824
f 4865 4825 4723
f 4723 4866 4865
f 4865 4866 4643
f 4643 4864 4865
f 4865 4864 4989
f 4989 4976 4865
f 4989 4868 4976
f 4868 4867 4976
f 4976 4867 4825
f 4867 4869 4825
f 4867 4961 4869
f 4867 4868 4716
f 4868 4540 4716
f 4716 4540 4682
f 4715 4716 4682
f 4530 4715 4682
f 4530 4682 4988
f 4530 4988 4531
f 4530 4531 4532
f 4713 4532 4531
f 4713 4531 4714
f 4710 4713 4714
f 4710 4714 4688
f 4754 4710 4688
f 4754 4688 4687
f 4753 4754 4687
f 4687 4657 4753
f 4717 4753 4657
f 4717 4657 4718
f 4782 4717 4718
f 4781 4717 4782
f 4782 4838 4781
f 4838 4839 4781
f 4770 4781 4839
f 4771 4770 4839
f 4779 4771 4839
f 4740 4771 4779
f 4789 4740 4779
f 4789 4779 4790
f 4779 4838 4790
f 4994 4740 4789
f 4994 4789 4774
f 4994 4774 4651
f 4994 4651 4738
f 4651 4762 4738
f 4762 4739 4738
f 4738 4739 4740
f 4739 4762 4761
f 4761 4545 4739
f 4739 4545 4547
f 4771 4739 4547
f 4736 4771 4547
f 4547 4735 4736
f 4736 4735 4744
f 4735 4743 4744
f 4770 4744 4743
f 4717 4743 4735
f 4547 4711 4735
f 4711 4742 4735
f 4735 4742 4754
f 4711 4654 4742
f 4710 4742 4654
f 4710 4654 4525
f 4525 4524 4710
f 4523 4524 4525
f 4653 4523 4525
f 4887 4523 4653
f 4887 4709 4523
f 4523 4709 4524
f 4709 4712 4524
f 4712 4713 4524
f 4712 4969 4713
f 4712 4888 4969
f 4888 4532 4969
f 4709 4888 4712
f 4653 4525 4654
f 4711 4653 4654
f 4765 4653 4711
f 4764 4653 4765
f 4547 4765 4711
f 4546 4765 4547
f 4771 4736 4744
f 4545 4546 4547
f 4545 4761 4978
f 4760 4761 4762
f 4650 4762 4651
f 4774 4652 4651
f 4652 4774 4563
f 4695 4774 4789
f 4695 4696 4774
f 4738 4740 4994
f 4739 4771 4740
f 4744 4770 4771
f 4781 4770 4743
f 4838 4779 4839
f 4782 4790 4838
f 4743 4717 4781
f 4735 4753 4717
f 4833 4657 4687
f 4687 4689 4833
f 4833 4689 4815
f 4815 4689 4850
f 4689 4849 4850
f 4849 4689 4688
f 4849 4688 4995
f 4801 4849 4995
f 4995 4756 4801
f 4756 4749 4801
f 4801 4749 4846
f 4801 4846 4802
f 4801 4802 4803
f 4802 4846 4798
f 4802 4798 4842
f 4749 4798 4846
f 4749 4748 4798
f 4748 4751 4798
f 4751 4797 4798
f 4809 4798 4797
f 4809 4797 4810
f 4809 4810 4642
f 4642 4810 4864
f 4797 4807 4810
f 4810 4807 4541
f 4868 4810 4541
f 4539 4541 4807
f 4751 4539 4807
f 4683 4539 4751
f 4540 4539 4683
f 4539 4540 4541
f 4751 4807 4797
f 4748 4683 4751
f 4988 4683 4748
f 4531 4748 4749
f 4757 4531 4749
f 4749 4756 4757
f 4714 4757 4756
f 4714 4756 4995
f 4849 4801 4851
f 4657 4833 4658
f 4656 4657 4658
f 4753 4735 4754
f 4687 4688 4689
f 4742 4710 4754
f 4714 4995 4688
f 4710 4524 4713
f 4714 4531 4757
f 4969 4532 4713
f 4988 4748 4531
f 4682 4683 4988
f 4530 4532 4715
f 4532 4716 4715
f 4682 4540 4683
f 4541 4540 4868
f 4810 4868 4989
f 4989 4864 4810
f 4864 4643 4642
f 4642 4643 4588
f 4643 4866 4664
f 4865 4976 4825
f 4869 4827 4825
f 4827 4869 4828
f 4828 4869 4979
f 4819 4828 4979
f 4826 4823 4983
f 4732 4983 4823
f 4823 4822 4732
f 4945 4821 4993
f 4727 4719 4858
f 4727 4940 4719
f 4822 4733 4732
f 4983 4732 4721
f 4904 4720 4719
f 4970 4721 4856
f 4970 4723 4824
f 4723 4664 4866
f 4875 4643 4664
f 4875 4588 4643
f 4982 4586 4874
f 4587 4642 4588
f 4587 4855 4642
f 4855 4809 4642
f 4594 4798 4809
f 4871 4593 4592
f 4871 4669 4593
f 4669 4668 4593
f 4842 4798 4594
f 4593 4668 4841
f 4803 4802 4842
f 4803 4851 4801
f 4849 4851 4850
f 4830 4841 4668
f 4862 4831 4775
f 4768 4956 4957
f 4957 4863 4768
f 1142 4768 4863
f 4861 4862 4775
f 4861 4991 4862
f 4815 4850 4991
f 4658 4833 4815
f 4816 4973 4766
f 4658 4818 4656
f 4718 4657 4656
f 4782 4718 4811
f 4790 4782 4811
f 4789 4790 4695
f 4695 4659 4696
f 4696 4564 4774
f 4563 4774 4564
f 4898 4563 4853
f 4678 4578 4577
f 4576 4679 4980
f 4899 4576 4980
f 4899 4692 4693
f 4885 4884 4896
f 4885 4896 4931
f 4692 4615 4693
f 4693 4615 4614
f 4614 4898 4853
f 4898 4897 4563
f 4563 4897 4652
f 4650 4651 4652
f 4936 4762 4650
f 4883 4933 4613
f 4883 4884 4885
f 4760 4762 4936
f 4935 4885 4931
f 4931 4896 4900
f 4760 4978 4761
f 4545 4978 4546
f 4764 4765 4546
f 4653 4764 4887
f 4887 4888 4709
f 4888 4716 4532
f 4716 4961 4867
f 4960 4869 4961
f 4960 4979 4869
f 4819 4979 4820
f 4992 4820 4990
f 4993 4990 4987
f 4945 4993 4987
f 4945 4860 4859
f 4860 4959 4728
f 4984 4958 4900
f 4984 4985 4958
f 4949 4728 4959
f 4986 4985 4984
f 4678 4986 4984
f 4577 4909 4678
f 4911 4949 4950
f 4910 4909 4562
f 4911 4726 4949
f 4562 4854 4910
f 4726 4940 4727
f 4854 4661 4913
f 4719 4940 4904
f 4661 4660 4913
f 4660 4966 4905
f 4966 1025 4905
f 4620 4720 4904
f 1025 4618 4905
f 4620 4619 4720
f 1025 4907 4618
f 4665 4619 4981
f 4878 4663 4981
f 1005 4672 4671
f 4874 4663 4982
f 4982 4880 4586
f 991 971 4672
f 4879 4586 4880
f 4872 4879 4977
f 4603 4872 4977
f 4601 4876 948
f 4602 4870 4603
f 4669 4871 4870
f 4668 4669 4670
f 4890 4965 4894
f 4840 4670 4891
f 4891 4957 4840
f 4863 4957 1153
f 4863 1153 1142
f 1130 4768 1142
f 1124 4768 1130
f 1117 4769 1124
f 1105 4974 1117
f 1105 1091 4758
f 1085 4759 1091
f 4766 1085 1078
f 105 1044 1077
f 1066 1060 1078
f 4812 1060 1048
f 4966 1048 1035
f 1035 1025 4966
f 1025 1015 4907
f 1022 78 997
f 1015 1005 4907
f 4672 1005 991
f 978 971 991
f 4877 971 952
f 11 45 967
f 952 948 4877
f 933 4601 948
f 933 928 4601
f 895 877 928
f 4890 877 868
f 4892 868 862
f 862 858 4629
f 858 845 1373
f 836 852 872
f 1372 845 832
f 836 881 825
f 832 819 1372
f 815 825 788
f 819 816 1372
f 1429 816 809
f 1325 809 801
f 1632 801 792
f 797 815 788
f 792 777 4667
f 32 788 913
f 4667 777 760
f 755 4667 760
f 747 1110 755
f 726 747 732
f 714 722 23
f 481 714 446
f 726 697 691
f 1070 691 685
f 685 670 1384
f 638 1384 670
f 960 638 615
f 972 615 611
f 1418 611 599
f 588 1397 599
f 1383 588 581
f 558 1349 581
f 603 570 573
f 551 570 619
f 558 539 1349
f 527 4675 539
f 536 551 521
f 527 510 1262
f 659 511 521
f 678 502 511
f 499 1241 510
f 707 487 502
f 1251 499 473
f 481 487 707
f 473 252 1251
f 456 4730 252
f 4737 252 4730
f 4730 357 4737
f 4730 456 357
f 456 22 424
f 456 424 368
f 455 481 446
f 23 446 714
f 23 722 434
f 22 24 424
f 434 412 416
f 412 756 403
f 424 375 368
f 456 368 357
f 46 340 361
f 4737 357 315
f 4737 315 259
f 291 259 315
f 252 4737 259
f 1251 252 232
f 232 214 1251
f 214 196 1225
f 210 236 200
f 200 156 188
f 193 1210 196
f 177 1200 193
f 1200 177 173
f 168 1152 173
f 168 143 1133
f 188 156 165
f 149 156 200
f 149 298 136
f 131 1133 143
f 122 136 298
f 1133 131 130
f 115 1109 130
f 122 298 108
f 1095 115 105
f 302 99 108
f 92 1044 105
f 92 84 1044
f 84 78 1022
f 99 10 83
f 997 78 12
f 12 11 984
f 324 63 10
f 340 46 63
f 56 45 11
f 46 384 31
f 943 45 37
f 902 37 33
f 913 33 32
f 403 32 31

