# https://github.com/mikedh/trimesh
v -180.40416718 26.35513368 161.96635820
v -171.09084565 37.20969100 166.23140539
v -169.68372940 36.62155775 189.58144014
v -111.42149525 66.24571891 627.57141851
v -104.66437108 72.37695764 649.47665040
v -127.93366636 65.34026664 647.25969831
v 22.93823429 111.61916430 1502.17979003
v 24.53728259 114.22455014 1487.72209280
v 40.37666501 109.54411707 1499.21241528
v -131.68390814 27.91496826 254.14148107
v -132.44652327 33.23733944 234.22388123
v -118.83613651 27.00488021 241.57261064
v -145.20622633 47.72748709 102.58666917
v -147.20305623 56.81789562 84.29959332
v -135.06946082 55.02850514 85.08949453
v -93.01845174 80.38369687 691.14047992
v -94.12886235 83.48657973 711.97288511
v -121.24246401 80.47000401 711.91925954
v 32.73564095 -55.32777608 585.73476717
v 31.38204212 -39.95635828 558.73074367
v 26.12620946 -41.41002177 590.05235100
v -94.94915430 5.26981023 313.24295886
v -106.79120002 14.39661913 289.35138478
v -91.50458237 1.94940783 297.97960890
v -181.29075324 17.87425284 235.47158676
v -174.07095587 30.14735213 234.02744003
v -179.71971487 23.98520262 256.71795424
v -62.64957465 -68.89403005 530.17122338
v -56.10101436 -70.24860102 558.35014273
v -43.31225437 -57.91208263 534.04483607
v -89.93923138 -10.78765617 223.76157284
v -82.97694267 -22.36892071 240.78775407
v -83.86334044 -11.35704670 241.44572800
v -156.12197431 44.87641503 672.94354678
v -160.26123485 28.60868963 636.45138827
v -144.72171949 52.00923352 642.75916190
v -98.40042741 -2.44983537 230.88188926
v -178.22524200 18.67061372 289.37621040
v -186.33149199 3.61693971 290.87140603
v -177.91662440 24.00591457 277.40293516
v -64.33477794 -65.61222025 491.60945716
v -47.33181087 -59.45756557 501.90942495
v 28.00183735 109.62613230 1518.76917662
v 13.08361856 117.69329269 1520.47436608
v -92.62023965 -6.56164425 258.51560883
v -101.61133777 4.93109673 249.23514227
v 174.35587471 -57.10701002 694.49980620
v 169.32905759 -67.33156758 684.58418558
v 170.72781609 -78.04604290 714.89892611
v -156.37850694 42.99646119 262.06772617
v -161.78768553 42.72293466 251.57696975
v -148.37707276 43.68882455 252.62698021
v 172.27331434 15.17880033 966.20021946
v 158.50337881 40.31059362 984.11311542
v 160.89029338 42.69293089 962.95993344
v -108.67004461 10.99765421 243.57992008
v -20.76955452 0.18366021 628.51483844
v -21.27296784 -17.12929739 617.42303633
v -16.12604544 -9.44505780 648.16033698
v -155.64141765 60.06788168 706.77383508
v -155.28442005 49.33295369 693.59415854
v -147.92143344 58.35214418 697.61915930
v -122.08063689 23.38010990 253.03141762
v 50.47506890 -167.46671129 982.10916330
v 60.07321732 -155.07818666 998.86804168
v 78.66729262 -156.43480958 994.76561094
v -181.45310523 3.75762950 271.19727202
v -185.96317299 1.79636574 248.64238933
v -34.37215225 31.25633029 605.43544268
v -30.96986800 20.88272228 591.16229590
v -23.92137952 12.33039686 618.73921633
v 272.66932029 -75.76962395 1078.00310901
v 275.46222561 -73.28546835 1049.85673001
v 257.28274857 -74.76374714 1067.76681952
v -138.00500271 78.97569818 729.27075360
v -158.61292548 62.31671350 732.21893081
v -153.95778299 66.40366404 714.01353370
v -116.51023676 24.44544930 234.62066820
v -165.01985222 38.00450073 233.84650219
v -173.91819763 32.53279025 258.87228556
v -109.22240776 60.24301339 590.32116293
v -92.80556309 68.84264176 626.84818858
v -129.06370986 26.14008668 220.59503034
v -122.36435680 17.42250375 218.61199822
v 137.54027438 -118.52167440 736.74658800
v 152.96273038 -109.40455431 735.61258082
v 148.49845730 -107.48226125 722.44310645
v 73.42608015 -131.23206090 1056.90288759
v 97.41333872 -135.18078171 1040.13181041
v 73.43781424 -139.43223291 1041.02028575
v -178.19266937 15.63179766 267.81294219
v -108.10157525 7.99642781 220.83284372
v -25.22502012 32.66668537 657.34835891
v -15.99134299 7.44663619 657.72028099
v -13.60464113 24.14052479 679.15664583
v -166.56436323 49.25276763 733.90651957
v -173.06266531 42.77310890 744.13960771
v -175.91507633 34.70908402 727.07457755
v -161.12357320 43.42900227 170.71288363
v -154.23429914 41.42101367 186.45568785
v 164.85271399 25.28359269 852.95818724
v 151.60831517 43.18635712 848.63766347
v 165.20422282 33.92638262 811.89008984
v -105.15345494 -2.59219703 211.64374090
v -16.36450939 3.96704066 646.23972518
v -98.45699528 -7.00953374 214.25612760
v -184.12692997 6.65619119 121.33013419
v -184.89679727 2.15686105 132.82549554
v -181.62405711 -6.68295972 124.62447484
v -97.75244763 78.14983826 672.57251938
v -105.08946247 -4.83832784 203.63556999
v 134.56396415 -79.68906425 507.13565627
v 148.79620611 -74.04400195 488.18766006
v 137.08355795 -81.42770411 484.00258949
v -143.40088806 -88.93050999 629.38702280
v -123.76672674 -93.30983271 613.86699568
v -134.61027130 -78.89177991 585.23140079
v -96.02571356 -3.79757744 192.43979872
v -177.31888723 27.72403336 129.47363346
v -167.81750438 37.67643048 147.02366239
v -64.31798849 76.29966812 687.72520273
v -74.50879986 71.24521348 650.74183008
v 163.42793237 2.19746720 1368.23481276
v 172.13787611 12.12612765 1357.81998766
v 178.21194173 4.38908575 1361.16870525
v -102.57603030 -1.79412008 178.81006984
v -95.73565020 -2.45432059 173.48059187
v 19.60643636 67.68896105 749.47604594
v 36.79829015 75.01283027 764.84032603
v 10.56184478 56.37048901 766.52912642
v -174.10262592 31.89367990 219.68277773
v -102.08114625 6.76769730 170.68970206
v -46.64453829 -102.98820015 688.18285706
v -37.24838741 -105.20674046 706.99669313
v -31.03210701 -90.82141753 683.68381381
v -156.32033556 -79.10571102 633.03273281
v -156.84262359 -64.65953096 597.10050359
v -168.86305088 -66.03074153 644.34358890
v -111.50661748 4.79426228 176.12532955
v 84.42451353 87.70448526 1272.36328585
v 79.21504020 79.34440330 1287.96041434
v 56.25737060 81.75144224 1284.86661892
v -185.08110242 5.67435666 101.42974334
v -114.72022692 8.46797607 169.98069439
v -36.30230770 -72.44597841 625.74912453
v -54.38438475 -89.71389589 627.24495733
v -44.67529533 -87.84344377 639.53865456
v 253.91385585 24.21944353 966.36978540
v 247.22059812 14.21369573 972.73652020
v 261.14565893 23.84937471 940.93626278
v -114.72334912 13.40325221 164.89020917
v -103.73594467 20.04582391 65.57327615
v -102.94964506 5.86404162 37.43382370
v -103.10532550 5.61090492 63.25477809
v -129.38997839 74.27951887 703.38838015
v -118.95551045 77.86312799 699.35605768
v 185.65712659 26.55676620 1324.31571126
v 193.70910054 12.91988627 1339.58205402
v 171.40594014 23.80620562 1343.49064545
v -100.95266134 26.08323003 165.76560650
v -177.66972718 -73.22314676 692.02882518
v -171.72575895 -75.41672318 674.58756765
v -176.60421504 -57.59757298 657.79892410
v -107.96571110 27.32860026 160.40033054
v -109.64162524 41.61220864 32.89554693
v -102.52410512 34.23040273 45.50466462
v -111.68447052 39.60630328 63.28885420
v -124.24553622 79.67352772 724.91184137
v -139.00527735 75.90914792 715.68636108
v -102.55237163 27.87905459 146.86915336
v 181.46223983 -43.41933094 442.95802634
v 179.01272340 -34.82175741 460.48662009
v 180.83082512 -37.21183913 436.70275969
v -96.36066649 19.85960210 163.12741800
v 66.88045602 79.81685869 799.01099485
v 71.57449180 82.88290655 761.13388595
v 83.38408247 82.67536130 778.20668576
v -103.50469485 -128.01496929 731.42304001
v -69.71203485 -130.31094414 740.65854918
v -88.77367009 -121.66423227 709.81736834
v 33.22126932 118.39778509 1237.41176044
v 56.01973249 107.75896454 1247.74934111
v 29.85776321 108.81776603 1243.29734125
v -184.45017807 9.42120484 149.18152931
v -184.12234135 11.81911159 133.47444281
v -100.33188082 23.17606117 127.50213827
v -29.11788981 -39.40165104 560.92631552
v -37.43948739 -54.03681521 559.92983000
v -29.56210747 -43.21195292 579.17143186
v -182.16760268 -30.90183499 660.10680008
v -184.45755633 -47.17950650 680.65147147
v -175.35906912 -45.56471056 634.33192954
v -98.23733139 14.09758779 132.07315389
v -100.69371149 26.23062635 39.60015473
v -98.04850902 14.05042017 115.15268931
v -62.11273713 -106.59653205 675.93848016
v -53.68189817 -111.61443116 697.50399993
v -98.57756824 -8.07546990 130.98699021
v 167.60576275 -83.71238761 115.80176761
v 186.45398831 -59.71626852 115.62666171
v 188.51178015 -64.93325664 94.42952682
v -166.11570546 -57.34309174 147.80101586
v -161.44250961 -54.71012026 161.97841696
v -152.00732240 -57.89699224 157.71800743
v -74.72876177 58.47201662 513.77874360
v -70.79591554 57.19027249 490.70863627
v -65.23064774 51.45463461 503.34312289
v -96.56901072 -8.38988015 116.61351314
v -184.04332256 10.05155559 360.22225317
v -180.65160560 -1.92929267 354.99104574
v -178.95905698 7.99492580 338.05424655
v -96.90937464 -23.86731887 122.53154010
v 153.56468646 1.16243478 119.21097588
v 168.04729150 0.79619505 95.69991424
v 171.48067814 -4.93386917 116.28141613
v -60.34927719 -29.65416606 395.17277263
v -60.14334306 -43.83541465 400.86397456
v -52.23946639 -31.95412173 409.93831267
v -171.92600403 -41.59814924 164.44064376
v -163.64916638 -51.08253986 176.29139451
v -92.16602223 65.66380441 487.52936006
v -78.52924194 52.22713490 465.72078065
v 235.10213806 -89.21543400 1241.20729710
v 233.63496095 -95.99326130 1219.13359219
v 221.27567645 -100.42773488 1229.97995243
v 199.59915149 44.77773299 1228.40186288
v 187.50401872 43.18845590 1215.84790088
v 196.00422123 40.03835586 1202.44777301
v -96.40249923 -25.56847627 137.79388399
v 162.84590555 38.06646535 1111.62768851
v 167.22365237 23.76578053 1121.74627272
v 155.03696727 51.95830589 1126.22245639
v -92.98252594 -25.81334511 161.11991713
v 134.38285606 61.60045763 636.92355326
v 147.86754611 50.17734706 632.82408024
v 153.73687588 49.78647237 657.82024364
v -182.68697687 -5.48568209 152.18416874
v -177.07933771 -24.50814768 152.91914218
v -179.20547595 -20.97110304 140.19205094
v -153.22837110 81.75459541 929.31694023
v -166.47351811 57.92169523 940.08397091
v -171.67010548 52.78226863 924.07797910
v 124.11696105 -136.98766391 773.08048251
v 106.50166484 -152.50085845 777.57182246
v 128.24015846 -139.72609791 786.80455707
v 127.00444762 126.13757260 1131.54074855
v 105.59999784 144.27471794 1136.19622802
v 107.19754685 138.53785595 1126.87924075
v -95.13199037 2.50061178 147.47954881
v 36.03304260 57.86375708 676.63792423
v 39.86740964 50.98680565 651.11547982
v 54.64645610 61.65023951 642.71959012
v -181.17157484 21.05863395 345.17142957
v -177.93670467 29.15611034 345.62584246
v -174.83583307 27.40504484 371.47963067
v -92.91033415 -7.28151432 167.64571485
v -175.49393035 34.38962770 874.48333097
v -165.15452684 46.87215194 848.50789404
v -156.62963078 60.08756005 872.08031725
v 158.39232846 44.02876299 1133.38582855
v -67.68714553 14.47846730 425.13251831
v -59.43091623 -5.53058876 405.97599584
v -52.53612700 -11.69607369 420.63473647
v -173.52855239 -47.48600749 158.32468398
v -178.07302655 -49.32403722 150.89572703
v -94.43196413 10.50623765 162.77431647
v 49.15513099 50.69223659 620.44005870
v 38.77880543 43.92260969 632.94621796
v 46.20990500 41.72828655 605.63589565
v -177.92301641 35.56281199 914.61851727
v -185.09367411 12.80275601 931.02466001
v -184.06494444 19.26964532 902.29904326
v 262.66616947 -36.75035259 1232.53496150
v 262.24843503 -59.30469061 1219.91326058
v 257.32257640 -46.39148146 1241.06166351
v 141.91260950 109.33312846 1134.85848370
v 147.36719044 100.72432515 1137.94977019
v 150.16128861 105.02557243 1149.64003483
v -186.96109019 0.45915791 160.82829002
v -182.00732613 -12.56364510 180.03341496
v -175.99157938 -32.86367205 168.80756546
v -97.48551541 -114.34858289 679.63202379
v -114.74812881 -123.62185809 723.36414637
v 195.42166149 30.92546939 1171.58572635
v 180.03629557 36.09652413 1200.18783656
v 128.17452329 102.71061082 1115.02323106
v -91.20107846 -9.15296921 179.23174530
v 205.13320455 -102.89201274 1228.38059767
v 211.28241670 -99.58119163 1251.04457026
v -164.03060270 44.06648438 361.42461058
v -171.28695026 36.92382352 355.68284989
v -92.53422297 -9.23386910 197.51387266
v -150.63138424 -57.56475439 176.20060498
v -138.32556681 -60.72127222 162.71530733
v -98.35948528 -109.37004276 656.29106591
v -132.22813849 -111.36099114 693.53110423
v -91.63437446 -20.88673160 188.81668529
v -95.32470905 -38.94878158 176.39357049
v 98.18603523 78.27186728 670.40779228
v 105.74258537 79.88331499 687.63195514
v 78.82574870 80.81228973 702.17846365
v -71.24997303 -53.36997240 1405.84066831
v -66.77817720 -77.88998986 1384.76860657
v -91.07615980 -69.42515861 1385.90644362
v 150.55518442 103.53400697 1175.92387166
v 159.40214176 84.66709037 1175.56220375
v 156.26818369 81.66286261 1197.66679427
v -173.08750275 -39.33256702 148.18185974
v -185.09028075 -7.09956531 954.98436774
v -189.96962808 -31.06865073 956.68581244
v -189.74846975 -11.81515461 938.11206817
v 20.28950058 33.27202797 665.76512586
v 29.82201464 50.03591367 672.09942235
v 14.72928896 40.84850894 679.04861120
v -77.31102794 7.17314096 1395.10218438
v -68.49714667 -7.97703730 1410.12475392
v -70.27194597 -21.59404442 1415.68058009
v -176.71184744 17.09378575 377.07771125
v -95.91820191 -40.28624193 157.48989450
v -160.84075686 74.27049712 911.33195050
v 102.55635250 -108.73817706 641.78186618
v 89.17410717 -111.41189648 658.68324879
v 117.40461311 -108.65544023 668.27285165
v -103.03200670 -50.05746031 154.44078434
v 65.08734341 68.91224733 652.66901797
v 50.36424276 65.92998376 670.61773411
v -156.84028270 56.14907483 837.25124950
v -104.13731982 -51.12175241 181.09853303
v -146.59436405 42.26950413 144.76490403
v -140.88983863 42.89204881 169.60037921
v -122.91420346 -106.30416785 664.09338773
v -107.83505616 -107.23253618 650.48980552
v -118.58150370 -100.20512540 628.04121174
v -96.97054188 -45.65768689 201.98540168
v -56.25784279 -30.94601476 1423.10456575
v -39.64891110 -44.72863966 1422.70128080
v -59.62988662 -45.02510470 1417.67607176
v 191.49629629 -56.73531719 369.47202617
v 187.07115480 -69.04502329 367.69459589
v 187.26852345 -61.91685794 402.86390501
v -132.02785449 52.21703279 598.68986861
v -142.60295020 46.88980670 612.65546967
v -93.25032969 -38.26556477 202.22320783
v -185.55445296 3.04506758 173.70285576
v -91.73855741 -100.82449208 626.72492180
v 217.12506996 -62.43341272 1109.05148618
v 197.86172790 -54.76013673 1129.03384060
v 219.19919008 -72.41149408 1120.29185619
v 59.34419315 79.06752249 1458.68982825
v 69.21833758 51.60916447 1479.51192821
v 66.79708189 71.61454157 1483.82381968
v -91.67766842 -45.43213894 233.70077049
v 179.91063126 -34.86382852 1016.40407079
v 177.56783455 -49.12986241 1016.70669382
v 181.12423930 -40.02814802 1034.74001799
v -89.98005622 -29.59514950 205.50790121
v 184.83579802 -54.40905153 757.02477903
v 176.55816380 -81.12851771 741.87846270
v 183.79499771 -66.90153542 766.05719736
v -133.06925212 -58.04154794 146.46906981
v -152.41415406 -56.29432620 142.35422047
v 167.81512584 -13.68998660 1065.63837963
v 166.54629925 -34.64399429 1073.69068618
v 165.35098980 -14.29644471 1074.04910148
v -87.10961382 -38.53350113 242.15427116
v -52.20149617 44.75924865 568.23590382
v -75.57590076 55.48460394 567.49836498
v -65.82935856 50.93212934 551.07003913
v -148.56046094 41.61176508 615.84770125
v -160.48549200 25.11058750 616.36226210
v -156.97914859 27.91512172 598.46616913
v -86.24383726 -19.18936857 225.60691589
v -178.77393159 27.13576741 948.97140453
v 151.41498315 -94.43825129 1063.59068109
v 129.05037219 -114.90400113 1061.01051445
v 134.45365382 -107.83850188 1071.90010894
v -156.98089756 41.48614091 146.61862024
v -31.83822862 9.83576437 523.25382316
v -27.33138385 -4.58061346 504.63027890
v -29.65626771 9.82328406 537.73998520
v 330.46541702 -14.70334041 998.72353901
v 325.72262869 -25.49741248 961.15208752
v 325.18746976 -28.57179597 1014.37662858
v 169.57787151 28.62604554 1038.71281274
v 177.34518802 -7.57243594 1043.66445215
v 165.40380543 13.09612015 1059.43354124
v -85.24128526 -44.80181198 271.27690201
v -175.33654500 30.11912414 284.55987998
v -78.84277703 -99.76996954 628.36407729
v -67.38341834 -87.24710187 605.22837147
v 50.64838643 59.66445235 1441.44935799
v 44.07785424 81.36151145 1435.29503158
v 180.43978525 -0.22522819 1027.45791007
v 176.88936577 -22.93046158 1053.69008302
v -80.66810227 -20.24997196 263.48311290
v 211.87792049 -72.38771112 1131.18673783
v -169.06132652 1.06261091 617.74786096
v -175.23651856 -27.41085463 618.01008846
v -172.58839992 -14.22314286 599.14287547
v -77.62280313 -28.06461481 288.36739529
v -160.44193454 35.87150905 273.94853476
v -149.35572824 38.93887022 267.60997615
v -77.02185820 -82.04833627 573.72006600
v -83.70661409 -90.19916822 598.99550818
v -78.43497004 -13.98880719 296.57300465
v 154.60477981 -96.42867242 347.27915429
v 141.25033158 -95.22473589 322.39222500
v 133.88876407 -96.93791926 336.31387456
v -76.08786488 -29.09354574 310.29991147
v 183.79369226 -57.47487002 734.52645082
v 185.91932209 -41.15777021 726.59651062
v 124.42245163 -119.72368348 1046.43783408
v 100.01470281 -125.32431041 1064.27809125
v -169.30662803 38.48488328 123.28026510
v -159.99237694 44.41912759 118.91684086
v -80.40284483 -10.17180328 313.20484009
v -45.57947463 42.93735660 593.39220601
v -33.10912043 39.28652200 622.05021838
v -171.82658762 11.38388918 661.78040059
v -176.50371612 -9.61342055 659.61303968
v -171.37452662 0.07404328 641.26789156
v -82.64060098 -6.78766294 297.26306975
v -185.77861571 -55.79782385 976.15382241
v -176.70540300 -70.10246838 990.01975029
v -185.29705635 -81.26706656 974.34667656
v -168.34052577 35.72007837 273.50207610
v -63.20121059 53.62617607 587.51993557
v -177.19927813 12.23315572 965.38763526
v -180.14358450 -35.89951668 982.10729158
v -63.30650544 -94.42372725 1358.20937045
v -43.85954463 -103.70940909 1340.56505613
v -60.23854557 -101.23779794 1338.47472926
v 164.47671075 -85.40455352 128.75111540
v 159.20605859 -86.33094250 143.87235970
v 176.37281470 -75.58179328 149.87304930
v -151.27168344 -109.84810054 716.75403595
v -168.09322233 -97.94776554 719.07089945
v -174.12495687 -105.81353053 753.19124411
v -92.04318963 -1.94343451 277.96372319
v -135.72770916 42.35808208 129.07548194
v -133.12126505 39.09913657 153.14549905
v -72.63221207 23.03764033 1478.15931135
v -68.43817819 15.28903164 1480.74951274
v -61.40977219 21.60656500 1469.32365254
v -107.25750590 13.39174676 262.95549892
v 142.49591083 80.43938805 932.61835038
v 127.29448562 86.74733397 949.15880050
v 130.50644219 95.57886513 913.19288062
v -126.93610485 36.29695622 164.72615441
v -126.66274496 34.98794385 178.09596222
v 33.40256450 -36.38186951 513.48452262
v 37.76000606 -26.37745817 484.11422374
v 32.79312134 -17.81215663 526.30030753
v 139.74603647 -78.29943447 8.74348633
v 140.34465368 -91.68530525 12.07817089
v 153.26110062 -94.61827398 8.83578091
v -112.01220967 21.15339748 269.36171232
v 25.76518128 106.69968326 840.20599366
v 6.57465041 92.67850519 828.09153575
v 21.97625884 83.43395813 818.83849261
v -160.25370742 -125.66225508 796.00008166
v -147.40086572 -137.63574246 788.95309222
v -150.92193094 -129.92851962 773.46306911
v -112.49747889 18.82306457 283.66500084
v -27.40842810 161.49366420 1164.26536618
v -25.74646443 160.12050562 1146.93065210
v -10.99409816 160.43062723 1152.79934137
v 70.21239733 -195.46474398 827.85674668
v 58.69292245 -203.36964318 844.08370780
v 87.61770315 -198.81529414 848.86648592
v -125.62529681 54.44639958 76.33741367
v -121.21903650 42.89055997 105.60475795
v -133.38389689 28.57243809 265.13455942
v 74.73869563 99.34363537 845.27289130
v 70.74960107 111.86725496 854.41543345
v 49.02352447 110.36350667 846.17975881
v 285.87812979 47.78344384 913.79818584
v 293.02454264 46.63595210 914.66539176
v 286.90609495 38.47118776 937.65411119
v -129.66899192 77.95454040 50.51115098
v -131.36930020 62.81043639 58.80603286
v -139.79174993 80.92700844 64.45511756
v -116.05770366 104.28193855 865.24104544
v -108.11409789 89.38530831 848.40300711
v -99.53187443 105.81535550 856.09579527
v 55.42522161 23.35677515 513.67663560
v 41.12949304 6.22764458 529.71393681
v 41.64083683 3.00457389 505.25294045
v -77.56031066 33.17362321 1496.48158456
v -76.95099759 16.89942557 1486.07008952
v -141.32249694 31.18928683 265.50970185
v -115.28123028 -148.46822560 764.11428532
v -130.18104238 -143.06174780 769.30808903
v -118.69447610 -165.19184545 795.32053938
v -138.89490960 39.12623524 252.21302296
v 160.43757030 -110.91532830 817.98990980
v 164.16501928 -119.29774114 839.46504145
v 168.93537891 -99.59087948 830.16217778
v -142.16628393 69.71914787 72.50219466
v -132.72044518 65.25186335 69.98833323
v -93.24028651 114.47297654 862.17539390
v -80.03517134 97.54932909 844.70670505
v -142.14840079 38.87260948 239.88579825
v 131.62951100 88.00767032 880.34739804
v 148.36660159 55.30530513 873.00675028
v 149.37151519 70.72706894 892.44252528
v 294.48405606 -49.59034217 1136.59749874
v 297.50858193 -40.30186064 1135.19523125
v 296.45448585 -41.42870156 1118.59013833
v 23.12867500 147.10589413 1197.81120469
v 40.05902266 136.77105686 1214.09292655
v 7.86938702 137.38074329 1216.84894541
v -147.28168719 45.64003253 123.66212873
v -157.17879127 40.27249473 238.49020399
v -17.08728848 109.34307565 846.93416666
v -6.97219142 102.81120740 836.43847666
v -95.03523573 -131.81082684 739.12367165
v -116.31736674 -135.58532623 747.72565130
v -103.16683256 -149.22420506 759.74165875
v -143.11207338 40.06796578 229.49433741
v -146.42271180 100.24066962 57.89365155
v -139.17758703 93.20113033 56.10115230
v -41.24988703 -131.50434997 1197.31862180
v -52.32704779 -131.07873841 1179.37634312
v -55.61962114 -130.95617004 1203.31614131
v 45.76506435 2.80208173 449.08889729
v 54.96706552 13.75691115 440.03600344
v 57.22026217 15.04802160 449.97512507
v -155.05833971 42.26814827 226.12448315
v 14.35685410 65.16495275 800.17842525
v 24.54383245 74.56365264 807.31003884
v -145.60904083 42.36307463 217.90306358
v -126.54489286 49.76607731 65.18802236
v -119.56471189 46.57806717 55.84598484
v -68.86779355 82.92463292 830.88252568
v -74.32729353 87.87328814 837.94472586
v -94.54170333 80.68121162 837.21556742
v 67.55518458 40.56103575 562.06886034
v 53.85411219 36.33822729 577.99112476
v 60.73102698 34.32344746 549.26990080
v -148.05062132 38.96172349 409.05203558
v -148.55831067 38.73954053 398.71216680
v -135.01212921 42.13643202 407.98481993
v 94.18996347 -58.75322305 292.12672478
v 103.39625062 -66.94118575 276.72375287
v 96.67522714 -48.48016323 275.83016973
v -183.54690804 7.22108386 713.01559495
v -176.13846122 25.55049697 714.84795159
v -143.23500783 41.19658069 186.57905906
v -55.01096245 -122.97869304 741.82755056
v -49.89809868 -114.65408132 722.62079488
v -119.99942295 59.91483100 46.80597617
v -81.12830735 75.53833558 824.87815950
v -97.10097011 75.03318551 826.37444411
v 15.32852724 -131.64769405 1054.62218704
v -7.75160069 -128.75785541 1063.16247553
v 39.64140559 -128.75133416 1061.39529899
v -33.85421993 112.14583997 1524.91565941
v -21.50762950 118.40447047 1533.67700914
v -29.31504961 108.55809426 1537.21297675
v -136.89809776 39.93563118 208.34654805
v 34.49300515 -98.19855912 687.44911047
v 55.94563008 -103.49840499 660.02673790
v 41.42406786 -92.80359566 654.24873790
v -130.43484612 34.11159842 193.36499204
v 112.64637655 -131.79240862 749.52788152
v 104.12705457 -139.29675782 759.35416749
v -150.12022379 82.04533210 66.29413353
v -149.63223497 46.01965188 377.76970598
v -155.91196809 46.37074159 380.69915781
v -20.87968182 52.25811371 717.82698299
v -10.55847158 41.17005434 750.69912254
v -21.43974656 57.65382250 749.69252322
v -172.19467979 36.14575911 703.81722142
v -166.29402693 47.61118528 705.60224205
v -166.09674856 48.82679597 720.78326217
v -125.72635170 26.85681598 189.08267816
v -11.23083456 108.68598608 1424.50559097
v -27.83787868 111.20021212 1437.23134254
v -13.31324171 85.84960581 1410.31886067
v 149.74859773 -130.32097867 817.71314442
v 143.85304237 -145.95357980 821.75346728
v 157.31543555 -144.18360301 849.47838662
v 300.20590203 -30.26077804 1121.69889381
v -122.18522449 27.23181563 198.51982781
v -17.95532493 37.83604826 684.73465511
v -5.13141485 12.58398796 692.42430925
v 274.59796615 -35.44296676 956.96104588
v 268.50175758 -31.76461264 957.03819508
v 263.86343973 -41.76678895 975.38437933
v -127.69618732 34.45385684 206.28136177
v -65.00838817 -146.46161371 758.31645337
v -55.16638875 -136.62306768 753.64012366
v -11.05521641 131.44968176 1528.55943913
v -19.18669266 124.31685486 1525.39528451
v -153.99591804 43.35756510 352.88514120
v -151.89343848 46.44777263 362.99900284
v -127.72809809 26.16313106 212.52498634
v -180.62135184 13.94036664 701.98371569
v -169.94184109 25.11508606 687.07688182
v -16.11964502 -89.51580649 723.04882184
v -24.11414250 -100.11193585 732.25425787
v -21.83567921 -97.49736189 746.15794832
v 26.32067962 -54.03414632 601.21943033
v 35.13877015 -74.43920459 610.60318631
v 101.70131884 -14.02267928 176.45486997
v 97.58493361 -20.61633767 201.07557349
v 101.32677629 -21.68791666 177.90877975
v 199.00260935 -37.52193732 1114.60529700
v 185.38258739 -43.94097669 1139.24593286
v 194.77674595 -45.35181092 1124.44730685
v -127.94320993 19.49448977 209.52116373
v 170.12917158 -100.92849189 794.48871913
v 162.64616394 -110.29501720 780.43052578
v 149.79855480 -123.96044219 805.37656953
v 239.45991431 1.81982810 1251.65434651
v 223.43427852 12.55016233 1283.98666663
v 229.28671224 16.38192101 1248.38151750
v 3.09482903 122.81369218 1428.46580348
v 0.57171618 110.12156591 1422.82365563
v 21.94641693 98.15878132 1425.64924457
v -155.06000773 43.03381982 334.01180281
v -149.95204054 37.47030313 345.33814172
v -163.23180030 40.46811341 347.37065594
v -51.10348856 77.89914608 761.80116821
v -50.34229646 76.12299270 778.57006399
v -62.59391320 80.82927017 764.18539021
v 169.81021181 -66.60789841 1159.00654466
v 169.85725755 -75.41940664 1172.33977792
v 176.12259637 -64.23328389 1157.80030795
v -180.54279911 0.50566314 695.58664047
v -183.55411902 -15.53696695 675.66213364
v -116.87785964 8.45225314 202.96166426
v -123.65063113 13.82919097 190.17463544
v -34.20358085 69.04360371 749.60639520
v -26.98211371 60.30731936 774.47661330
v -34.73452796 -107.80058918 745.31343176
v 202.60645054 158.67998479 31.89306927
v 209.32774020 144.42813924 37.17787424
v 187.99293115 158.26624591 34.93673013
v -109.77048464 -47.41666230 37.48613886
v -104.32187832 -20.09325212 61.08537497
v -106.27240224 -29.50165894 28.76684565
v -109.07189910 82.68823704 763.95940550
v -101.91701033 78.69948865 785.73180668
v -113.79521346 79.94624489 779.01735292
v -177.81998078 -34.52180666 637.54723472
v -170.26038936 -26.96216092 578.02350556
v -127.40712433 20.17678798 191.74204448
v -100.62077056 -1.35506059 80.74884312
v -100.42590009 20.31100993 93.22455607
v -92.20542077 78.75613655 796.04305390
v -112.51591077 75.54683999 795.88681115
v 99.09435557 -32.86056714 1403.29626059
v 76.25715558 -44.57656440 1415.80776349
v 73.71335278 -27.80089041 1414.06540025
v -125.29702828 21.50597860 165.22656321
v -123.07397299 16.20556313 165.86187499
v 131.07949195 62.35958784 820.71876949
v 132.80214108 59.10697252 840.75655813
v 113.05332136 71.50495965 827.18401103
v -106.81476047 31.27145770 69.57902694
v -108.11825709 36.40798854 85.38778867
v 88.60138013 47.57772510 530.46943434
v 83.92031607 47.04473168 549.83186077
v 73.86253588 41.39087596 528.34826300
v -27.39104925 12.14774782 575.96518178
v -40.49576433 32.16630411 569.03814439
v -30.36256414 13.92036940 562.93452900
v -162.98061481 13.01693224 586.21233898
v -169.65639899 -16.58166942 578.39846121
v -162.98661952 4.94810845 560.72128081
v -123.71340902 19.58414803 153.47332037
v 45.04541180 74.95330966 1298.54789713
v 36.86490606 80.11595916 1289.21374607
v -105.04338657 8.06564791 18.74053142
v -104.04638666 -7.70945697 43.81326676
v -24.81128001 -17.04501445 553.12798797
v -24.41896474 -19.59107121 578.36394810
v 299.67561709 20.15304259 1040.78279227
v 304.86977955 11.01830943 1055.76001920
v 292.84410617 15.48554444 1064.40449669
v -115.52969336 21.52272241 156.31034830
v -121.84677360 -66.28502740 37.29109116
v -117.00549926 -63.27620068 18.44304021
v -129.88920506 -69.15735357 21.69913687
v -83.77702180 56.57470920 537.35498620
v -100.76663524 57.24696401 557.89935547
v 111.88141293 -34.05914324 1399.42526855
v 114.39300093 -42.40254912 1400.73656721
v -121.72133717 26.35845335 157.43695976
v -146.95319261 38.71041746 536.65604216
v -156.84412927 23.50357662 565.02876433
v -154.97966069 25.20733574 537.02017705
v -115.80452061 27.98586691 155.28456413
v -105.69989258 -42.50650886 5.77997741
v -110.50696688 -55.23152000 20.19580650
v -82.91199817 67.21606219 618.76477272
v -91.10324028 59.09439650 575.19778867
v -109.08705344 33.47862966 146.81726279
v 186.13690630 -10.49444830 768.41006520
v 184.32869554 0.28427738 797.16992345
v 179.39293345 12.98480540 787.36457590
v 77.80001491 25.96372806 1360.37513118
v 53.52665293 46.90142319 1335.72504353
v 81.59730146 35.45129352 1342.88208352
v -121.68009072 34.32340038 153.98327803
v -32.55821616 8.13250229 501.42607668
v -137.22533566 47.71374277 535.04392162
v -134.77359060 48.67369257 572.31344593
v -121.08224510 40.98260081 136.86961010
v -111.27568983 -59.31028209 4.47089744
v -127.83100249 -67.91254185 3.79064040
v 155.37533212 36.98440474 529.22408303
v 152.59402537 37.24776545 556.39014594
v 135.17797530 49.01845028 530.74346626
v -109.40789271 36.84128165 123.42197194
v -37.92578478 26.42186467 550.33689789
v -149.35488168 -64.54053136 0.58249920
v -144.47724751 -69.50690349 3.21571640
v -49.55070181 50.83406086 607.43896423
v -43.64031898 51.16326906 638.67690585
v -52.40317255 55.08214086 623.96280238
v -110.36589413 36.27979888 107.54566978
v 145.21426454 13.88587195 151.26288067
v 137.07734488 16.19885143 133.99352445
v 148.48472237 16.60084017 131.05241177
v -191.97125991 -47.47126847 725.47500473
v -186.78653787 -66.74091567 716.37229336
v -186.45986946 -56.73564852 705.20591897
v -130.50282263 -70.66503528 37.83730186
v -142.87401425 -67.72418686 36.08943789
v -28.42283318 33.68500106 647.88278842
v -61.41948609 82.71973123 1457.59203632
v -54.00000593 97.13425540 1461.85616659
v -61.45912551 97.95782854 1481.79490432
v -119.83885424 48.93607005 81.57796239
v 159.30775006 47.74284084 891.63228125
v 165.45936305 30.12699189 878.52581250
v 167.79770227 28.61059291 892.95053793
v 49.03959732 77.16055888 800.55625610
v 61.75711418 84.12155862 817.97203193
v 44.37121890 79.05547788 808.20906766
v -174.47987861 -86.85424652 705.84613263
v -181.66835578 -84.74281724 728.15302983
v 73.77260799 147.96346318 1188.36892599
v 62.72057987 126.55985159 1226.14759835
v -168.01873531 -67.58961385 2.48609144
v -159.80033157 -65.34095563 25.16606886
v -101.00001828 7.91276365 93.16228765
v 23.03649052 68.15344750 790.45871277
v 4.64193149 53.85047499 788.57054552
v 327.33676959 46.93860829 887.97963749
v 337.32881023 35.98308321 904.72465448
v 325.01193354 38.35831747 917.77466638
v -100.44159183 -9.80165747 103.71583892
v -123.98471480 27.42578185 164.12485417
v -65.37788039 70.57300844 666.51124510
v -35.92413224 52.84021418 667.72562902
v -39.69118973 61.98067467 682.93487817
v 71.22656406 -106.01281439 648.16205071
v 56.27427969 -90.85316066 610.12122934
v -68.29525792 89.88335870 1505.46683349
v -52.88415827 108.49006790 1487.02480593
v -147.41348078 -97.07925222 672.96955485
v -161.10031790 -83.33960729 665.74856829
v -160.08480112 -99.96687505 703.10191744
v -99.35400803 -21.18208371 88.82748575
v 117.72028838 -191.05964025 881.96594505
v 116.10941166 -187.45351525 858.44210739
v -44.44159547 68.19994818 701.39061664
v 170.74405565 -5.06858035 231.31710294
v 162.73970517 -1.75676626 251.94965637
v 161.39871270 -0.24600540 216.92553124
v -106.68254588 -44.65652349 78.85987773
v 170.17224438 31.97066649 952.65515630
v 175.37911238 21.15981079 944.72647893
v 41.43001424 155.91901764 1159.19760818
v 47.28512367 152.63787676 1181.66273244
v 13.25119300 156.70626670 1168.79262107
v -109.95785504 -41.81943627 60.15872038
v 100.00841555 106.15676907 864.56492242
v 93.74448274 93.00023575 849.37549265
v -129.80009701 -119.61825538 721.98232919
v -114.34976886 -55.11704761 80.37021775
v -116.16969994 -55.97072377 55.94279283
v 51.79906330 86.62017382 822.28644323
v 85.74783844 83.01120707 831.66919473
v -120.36011270 -60.43546909 57.72225625
v 236.59869602 115.83624309 22.92696399
v 230.26665822 135.41753181 23.59661268
v 229.76023590 129.24847378 20.80622570
v -163.79505538 -5.23758113 484.74096652
v -166.47222924 -10.08409404 502.97291794
v -168.16308531 -11.34953198 456.39975322
v -114.19794687 -63.80293923 255.94331431
v -112.31874306 -59.73880183 233.34660260
v -131.63002557 -63.66597920 246.30776171
v 106.99558030 82.00051944 746.74716003
v 108.25208662 80.61989925 774.46403359
v -130.46322546 -64.64278587 53.12490940
v -3.11343194 -72.19688057 748.23955875
v 9.17283689 -86.16556066 741.38802061
v -0.28232563 -70.70041392 710.83774831
v -134.56083171 -63.95553669 60.54160082
v 18.58892557 -112.43491405 751.63342671
v 44.08198339 -131.96009189 752.94926620
v 41.69335866 -122.57735614 748.48286478
v -110.12875609 -53.65483342 136.54231919
v -116.20305248 -58.00686256 148.18374375
v -109.26688371 -54.10281197 161.58441358
v -142.61605859 73.88938303 789.79386953
v -135.56489210 74.54397666 775.11522660
v -124.80033496 75.12675597 784.17969999
v -159.32436956 -64.11261684 37.65224698
v 100.53538474 -5.06280104 236.39868683
v 96.51463506 -12.02109331 240.07642265
v 98.91457424 -6.03735382 225.69152940
v -140.90142514 38.63379726 445.20561712
v -156.82109983 12.59325470 473.41951619
v -154.17411269 20.78015323 432.10053566
v -158.71824534 -56.68731226 65.93718052
v -110.42247285 -59.87683386 219.57833813
v -119.41522777 -61.32704984 217.53940889
v -116.92231597 81.25433909 843.37184087
v -112.25528083 73.41782952 836.45896153
v 187.65800299 -21.44822555 783.89686697
v 186.47980682 -13.03470508 809.16689916
v -152.58128275 -62.09881176 79.90512108
v 284.62157002 11.53218556 1095.32586233
v 289.95854039 12.30206907 1088.11101467
v 291.03207988 3.25633039 1103.76834920
v -133.85779496 -64.89375853 69.83490373
v 10.57189781 127.52782773 1441.31766593
v 2.08583683 127.80367367 1433.96234961
v 17.95104361 120.10885002 1434.50539926
v 169.07012257 -78.44625830 992.62687191
v 178.02064409 -87.70917973 974.56513193
v 163.55865620 -113.77505308 980.08972719
v -112.69429537 -63.51996692 266.51634409
v -139.68903736 -65.03396863 270.83857771
v -140.18547096 -63.09084538 82.84105692
v 6.08027675 -85.40433972 748.73830050
v 19.58006787 -103.84973837 747.13427173
v -126.77517424 43.97703052 433.05082819
v -113.77647361 49.13695416 445.78931200
v -126.08781072 49.85081273 453.45882206
v -156.63307290 -59.43198885 87.81088177
v -49.88932553 39.63123133 1370.42359838
v -54.78868648 38.34854245 1362.00689050
v -16.49262333 53.99865035 1358.94982165
v -102.88197301 -45.55136390 129.80823301
v -146.14903015 -57.37741595 97.73275547
v -36.26289731 -120.01685884 750.73808317
v -21.79505087 -133.56359471 755.38753117
v -13.14144863 -115.77738575 755.13074511
v -159.17852949 -51.19916808 97.90995663
v 13.96701063 -88.13767443 708.59981137
v -2.18757369 -64.84315108 699.82173714
v -140.91758653 -61.29892873 230.80846225
v -141.76716954 -60.33669949 192.06982103
v -152.34157989 -59.24501811 205.81718724
v -144.28663833 75.52299955 745.55202893
v -165.90254099 53.84597871 753.85681790
v -165.91369747 53.60426168 743.63128865
v 203.48402222 -101.83056014 1241.49599000
v 184.10375285 -98.01212225 1226.95622758
v -152.10827141 -57.31039867 113.47768965
v -134.79073409 45.97877979 418.17488116
v -118.63000006 43.52975219 424.36543357
v -128.45509556 44.06454976 425.49303719
v -162.33127756 -51.10828872 113.54075701
v -114.62891483 -57.12725768 181.11698510
v -126.24410362 -59.90799420 168.02443402
v -73.14761705 76.65372180 799.33242608
v -68.63597326 73.06932127 816.03533431
v -98.39808335 74.27562859 815.08579474
v 180.86780269 -105.31378453 1275.70686198
v 182.40026961 -102.36096647 1253.55144705
v 172.39898854 -104.34333013 1268.48277691
v -174.80517406 -29.47957982 103.79956317
v -173.34690108 -35.27053755 95.77782717
v 140.42525657 -51.43473552 9.94623748
v 130.91718075 -73.34663619 11.19727847
v -108.41853452 -47.27839720 104.92924906
v -115.11378896 -56.14826308 119.45746462
v -178.82196215 -8.97725761 98.07067171
v -13.15361139 -97.21087767 754.24495179
v -19.67174770 -104.08379158 750.94087047
v -179.73466269 6.56428028 377.12356558
v -181.82464051 -13.91894553 386.37340087
v -179.47770583 0.32794738 368.64523289
v -185.73052616 -24.57251362 81.85309688
v -161.06012360 -55.23669921 206.93090850
v -178.60524245 -37.58665893 88.30618560
v 8.87946927 -23.99784890 643.87192169
v 18.41788920 -7.75395618 614.93328843
v 13.17092072 4.64090384 650.06912152
v -180.64427729 -40.63716066 79.49785000
v 55.41437970 75.28213080 713.34247475
v 65.12701639 76.29891329 686.64320806
v -176.88491777 -37.39623393 219.05294166
v -168.92845334 -49.04010173 218.98211452
v -168.25557045 -48.39388666 192.99385497
v -58.44481158 72.51696865 819.52462221
v -43.55670671 64.75450670 808.81908542
v -39.37842882 68.90560672 814.03544071
v -171.45571192 -50.26958239 87.36402556
v -174.38687227 0.27844567 393.23224091
v -175.08356742 -9.19345129 403.91015193
v -168.68120229 -55.50075890 79.40683456
v -149.08061964 -60.47680442 226.69154569
v -134.57793222 77.82787618 754.86055025
v -121.89658978 78.48463052 756.57584261
v -175.61793525 -38.09078511 64.14005532
v 122.69879068 4.62320733 245.00767509
v 114.18329766 -3.30149363 250.80987238
v 115.73641125 -0.23213189 234.96920141
v 252.92678849 -88.96987014 1161.74459179
v 274.37572657 -78.54446459 1154.34162115
v 274.94666471 -79.40349463 1144.10657855
v -186.50029729 -21.28741308 73.86275478
v -17.51446561 58.41213151 1388.45485550
v -22.67090956 54.80906584 1376.12282389
v -139.64829852 -59.39553726 178.65622348
v -182.81113611 -19.67053883 62.22893308
v 19.48230896 23.77172599 652.60447602
v 21.99187027 15.79192303 630.19789559
v -171.87194023 -7.18314505 419.51797432
v -172.81431169 -21.27271478 437.29565585
v -176.61706863 -17.68664914 413.40404283
v -180.58265291 -30.64090156 46.39179305
v 46.81406625 95.10997095 1448.50082597
v 31.27074589 100.40227720 1434.34255324
v -156.35199246 -59.23276064 237.14092330
v -183.70263287 -6.69154171 54.76161311
v -4.56120303 -21.39064069 661.40448549
v -12.66307179 -32.55034748 656.46174666
v -5.70956650 -39.49151429 668.28413929
v -191.50990092 -3.28503572 68.69474925
v 24.45895282 63.32357243 705.26816806
v 27.45577023 65.51856938 714.66875708
v 27.78904643 69.32289469 727.86481846
v -182.80586582 16.62017686 186.30054114
v -67.90574479 110.25912924 850.44063840
v -56.46115373 96.40118958 841.66573989
v 177.35538314 44.51124909 1291.10595968
v 148.06466692 55.13132038 1300.99979761
v 158.21201419 68.58771680 1275.76239008
v -189.19529966 21.83767494 49.64161224
v -169.57149403 -35.28707391 435.07487406
v -172.24102398 -34.99837936 416.98094510
v -186.05659348 11.02920633 47.45860288
v -182.71495440 -14.26011594 202.66969665
v -176.56648953 -31.63686125 186.46923055
v -68.24633219 79.83621593 785.50097143
v 207.38698712 41.16779191 1239.09428737
v 186.19655565 46.96892587 1275.25908322
v 178.58170169 54.79501174 1266.45985718
v -186.70253359 3.09299623 37.27580707
v -190.22292735 30.12336895 41.96364010
v -151.91490844 -62.17827059 270.89394178
v 168.40871980 14.47798260 567.08371546
v 172.14320858 -2.47588677 558.63978824
v 174.46673237 -7.38890473 590.73999839
v -189.68604968 24.10894152 55.13438135
v 3.43595407 -31.58393231 657.99387200
v 3.81921477 -14.52284615 659.15682101
v -146.75424448 38.02779467 321.92610841
v -157.19062442 43.21646377 317.93240252
v -154.98292642 38.67714194 306.08290350
v -190.59445533 9.59039035 71.29193287
v -188.89307960 -32.14713883 707.81641314
v -184.41867665 42.82227804 58.72127662
v -28.13913895 -77.28745960 663.63754936
v -17.88391743 -74.46945714 685.70334401
v 1.70099178 127.46865258 1495.22326419
v -12.90175894 121.13089966 1498.60742723
v -5.61915488 129.81698669 1487.79421446
v -190.11178092 44.45057549 46.20260212
v 32.63317331 -5.22658803 544.97510015
v 34.28789221 -12.34952005 521.87930519
v 62.83668665 -167.13162972 777.00594995
v 82.87722608 -175.76745213 791.35374945
v 79.88962075 -156.66845604 769.37119813
v -184.82812277 -13.98578637 244.77776313
v -181.87877826 -26.71332010 260.93082018
v -182.76243123 -18.33042167 224.22011096
v -58.09497762 78.11660609 723.54451137
v -183.53516129 62.03506238 51.78237768
v 183.83601409 -46.64494745 847.96524923
v 184.35887729 -20.18031292 840.33309795
v 187.85264617 -33.24750008 823.54077236
v 98.06640165 9.81556568 337.12121820
v 104.74912345 14.25807267 325.30193899
v 105.77098877 17.06899173 337.87431050
v -152.92972563 41.34951023 289.83935665
v -148.97570384 33.67851090 304.24253273
v -192.16112486 58.77812891 31.74952624
v -47.01042696 66.84534453 802.39723105
v -37.89434248 70.47627311 771.38862963
v -186.98435637 -11.44167214 736.12437006
v -193.68953869 -23.02033979 723.99527340
v -189.89979444 -19.53572417 710.84440679
v -186.60129296 73.48855672 41.77856321
v 248.47069007 7.16773136 1222.62081674
v 257.89411969 -5.56741790 1219.14160026
v -197.78756003 72.09549416 15.34096109
v -83.18642637 83.32558594 748.64940589
v -64.38265324 81.40330916 743.62715856
v 281.28104728 49.19389782 856.33909211
v 279.55870669 42.32367483 849.87584378
v 277.16329525 55.21062639 832.04417298
v -192.01304691 91.11679838 36.28147169
v -22.23383717 -91.81926421 700.22995384
v -15.62628423 -81.26830848 697.38960572
v 2.92781180 124.35039200 1501.43223863
v -151.01334806 39.36178914 283.80143798
v -160.14314899 42.68672117 291.48203444
v -169.50304721 39.52164664 289.95736773
v -202.33765895 90.05882158 21.90186560
v 264.88397517 4.27510172 926.16829648
v 259.60656872 -5.42706925 942.70573461
v 272.52329225 4.32117060 911.28042517
v 79.81124196 111.70915988 1242.53589370
v 94.32834171 104.40813984 1248.56324150
v 74.25252860 99.65145905 1255.95686821
v -188.24315804 1.06752427 219.49980093
v -189.33545661 -1.27167958 209.85018907
v -183.18653352 -4.38797768 712.61581978
v -206.58937969 80.07095581 6.21188764
v 1.70995002 -48.20921285 672.53178647
v -1.84191044 -50.54009252 682.13549863
v -205.01272107 59.78039286 6.56854250
v 46.74890633 20.95402678 554.96717148
v 51.34190700 21.69855149 535.41109754
v -165.44319497 -56.37752160 315.50276125
v -151.97566854 -63.05889620 292.78459747
v -168.86099113 -52.37175679 275.31803134
v -117.42055786 74.45400373 673.91648630
v 4.70380564 157.76307903 1157.46410320
v 16.00423949 155.55915151 1127.86726387
v 263.60389837 15.73237303 1113.49990710
v 246.98516147 20.43875304 1122.01563204
v 246.40127591 14.33251784 1097.79512483
v -205.09525633 58.18251406 4.29258748
v 180.56413774 -2.91311543 837.37271917
v -170.18212912 38.81407230 319.54787611
v -161.76247060 41.58238461 308.20830833
v -202.93318787 108.58936214 6.57625267
v -0.13346627 58.70339262 799.55484189
v -11.66725477 37.59556884 788.66257409
v -179.08003070 -37.88525451 280.45247210
v 89.09878289 -126.55215130 728.31490115
v 83.51507056 -133.52408680 744.46247905
v 223.81066096 21.67024397 1125.17252228
v 216.80744731 17.51180943 1124.17631914
v 223.33432559 18.82431222 1104.10302354
v -197.39191035 -24.48322108 750.05601826
v -195.88186899 -47.07050683 750.30958801
v -193.37734129 -23.89037491 736.48429145
v -204.94051378 110.83679138 9.11784755
v -204.59012581 136.80746255 10.37142935
v -28.21197063 57.14920607 803.24158805
v -35.70521608 59.92499687 795.32538579
v 225.99623513 24.73166124 44.83388047
v 219.40433401 9.27268455 45.45587667
v 205.58005960 6.69759360 60.44548453
v -182.62061214 19.33066195 217.26937953
v -186.53180103 1.59254880 195.54055206
v -191.33306022 153.41307512 8.90042857
v -10.07241213 -58.78223825 688.13265427
v -6.43949973 -56.44753762 689.54726394
v -106.47228870 66.54775890 488.23601695
v -99.42950681 67.63216662 501.91641472
v -109.81107291 64.97714368 511.99976430
v -195.21037092 166.43823879 11.25872735
v -166.01768861 -53.74536639 248.30527829
v -177.20807577 182.15556397 10.89395529
v -72.67410930 -191.00426219 820.81612685
v -42.29125850 -186.90966847 805.89477706
v -75.63437153 -181.20549289 798.52529987
v -180.15067096 186.53467500 13.40084981
v -4.51176971 -202.27433024 853.83189625
v -10.38752279 -194.70962931 829.65192880
v -31.02380396 -196.46047327 828.44841526
v 118.05289531 -179.99770099 947.65569214
v 136.83695793 -160.70424646 958.58782844
v 122.31755583 -180.97316075 937.62767395
v -141.31411186 -67.61775869 313.83710283
v -124.56222620 -67.04309219 292.43911027
v -164.24007919 204.23803794 14.76247024
v -117.81937260 62.02447585 484.78875754
v -129.98571414 55.50378328 504.06129505
v -131.21644344 51.07782348 476.28997558
v -160.70210612 196.05193377 11.90582098
v -172.34324916 -48.59355335 302.71764918
v -170.92448596 -51.96597811 343.47048788
v -70.83857748 80.96107927 724.18453850
v -82.28456774 83.40897685 703.81649725
v 157.30832676 -114.05658885 767.28487734
v 141.37406740 -131.40467936 798.18411898
v -147.99791941 213.93447333 13.57866854
v 119.14579456 11.47635314 371.28115057
v 118.60390065 14.37019901 358.47365249
v 124.87612884 12.86036635 354.59169952
v 241.23157705 5.56302800 1066.70895006
v 236.74089691 -5.11093543 1061.99723100
v 238.70526077 5.09393439 1049.78773033
v 55.77577328 121.22452438 1235.71650345
v 23.46807699 -198.48802794 831.71398285
v 21.45284099 -205.58498312 866.19023629
v 44.63443871 -207.71942721 865.29710955
v -171.47896206 -46.57201754 237.03906515
v -135.86279981 197.20707357 12.50957103
v -79.25220323 -196.98249574 837.77842044
v -110.79286035 -179.96017346 818.04323632
v -141.51270702 37.16372343 471.66020495
v -136.76118366 48.84950558 496.05232501
v -134.83098474 211.34686039 15.86691914
v 287.34503110 55.99982929 861.42902306
v 288.95506587 62.42218588 833.31992980
v 304.73513158 59.73492352 831.67732602
v 23.76618853 117.98807424 1442.29939693
v -131.17879425 -69.79069255 324.46365897
v -153.88025612 -63.80289562 312.82278629
v -147.82953978 200.11556239 31.30179887
v -2.51206392 -115.71194631 757.95950781
v -5.04207109 -132.83232185 761.73598836
v 2.87583346 -140.55795554 763.63897849
v -133.72322923 199.33312726 30.69368865
v 5.78246961 -164.74847724 783.09174504
v -9.03320680 -160.79366429 780.41309103
v -106.96883130 -60.80386053 251.38750319
v -103.20668788 -56.48026443 226.25559531
v 120.97651305 -115.97571283 1317.68467410
v 131.05398431 -116.90950438 1307.43418112
v 116.23498932 -119.66438317 1304.76060107
v -135.64498297 173.15438233 35.09143545
v -158.25443264 10.35822331 492.90567004
v -144.52739771 37.72376580 496.82939231
v -154.80819834 18.25693623 506.57658088
v -150.72051668 150.86913733 41.56493051
v -114.86201047 -66.44509701 279.54072988
v -116.01374667 116.10213827 882.98705757
v -125.16198923 104.19126922 875.37582532
v 186.91217571 -45.73333333 825.66668001
v 177.63480026 -75.42499306 834.99436177
v 92.04310205 -110.96107917 1347.37122287
v 70.04027430 -107.90148822 1360.35792660
v 118.14665038 -97.93874558 1361.65420548
v -163.78667038 169.16951137 34.96402623
v -161.87741190 195.76510429 27.98053358
v -154.59526768 -64.70155531 340.00037207
v 97.23311514 140.80661356 1189.86696050
v 95.38550408 131.43167996 1205.82180157
v 130.40002603 74.00615288 742.39836443
v 126.42354373 74.54099155 704.04681249
v 138.88415453 69.15423958 731.22614437
v -17.52364253 -145.08752903 761.71951417
v -4.70778710 -145.63616978 767.89226420
v -175.24147391 182.41355911 26.18663052
v 4.35303458 165.19464543 994.34761482
v 30.70750775 163.94392941 1023.03153808
v -1.71215041 167.75202306 1005.99292936
v -141.50749034 30.81610269 278.40607774
v -130.02078600 27.91479820 286.53799360
v 114.08819345 -95.09578911 354.92177503
v 109.72098348 -90.48419214 330.85788817
v 134.98755454 -118.58474517 1183.80351909
v 124.77549553 -126.13397231 1200.18591881
v 146.39530689 -114.36511161 1191.74567743
v 52.36335985 55.48065947 632.16431875
v -177.36453879 176.02308634 27.14290102
v 130.44266240 66.32416793 656.94033210
v -103.44894249 -53.05593599 203.66654293
v -116.50652664 -59.98886939 201.46337919
v -111.21692818 -193.02384822 901.87581094
v -138.47313789 -179.37591993 896.54260500
v -134.96995995 -178.35219248 918.32470147
v 123.99335207 58.22025842 498.06257076
v 130.54463574 56.14069495 497.76914601
v 116.38853002 1.34542336 279.72203440
v 130.90764545 4.05681511 285.78945905
v 114.63811665 -1.03556598 289.27802429
v -191.51678857 170.66934179 19.46818634
v -148.25110789 29.51232697 278.34450438
v -153.72676914 31.24671800 272.24622416
v -97.73286424 -197.40159338 856.82755496
v -124.98023024 -183.25348715 844.80706677
v -194.50492325 149.44966084 27.85723822
v 248.05301789 -70.12308373 1242.54029094
v 144.86409345 -106.76484469 1166.19687456
v 127.19819867 -110.88901975 1160.17214704
v 10.36739241 -55.32406254 1474.72431798
v 17.63902840 -56.75903308 1464.06626142
v 4.95626143 -56.06962147 1456.90231463
v -129.80496484 32.97441851 312.00313966
v -141.26610800 33.05225917 293.13262991
v -199.17712670 140.91270667 24.73619219
v 69.46014018 58.50313264 611.78578204
v 74.99805644 66.31979089 632.62663945
v 38.20784485 161.98902708 997.03570571
v -164.24655833 41.63055516 380.13769723
v -193.38166648 121.47507641 32.36843767
v -55.95652187 159.86045200 980.36713628
v -47.73306752 165.67379493 992.78928756
v -71.57958572 160.12237562 991.32118905
v 59.37269520 -80.72665072 1397.68219435
v 61.74320477 -95.99573494 1379.35691805
v 45.35496686 -91.53785971 1386.56684224
v -129.33535229 -59.77323121 216.10526202
v -201.73045566 111.94064070 20.37959891
v 21.36644245 53.82470598 684.62772437
v 141.81584120 -118.63827759 1214.05102536
v -94.57547925 -50.73777933 255.61110761
v -94.79198565 -55.28797566 279.03799042
v -100.17996524 -198.25422036 888.56120782
v -65.91925298 -205.07052319 866.56776308
v 36.51611442 -79.92112427 1555.14986673
v 45.15148392 -73.90171136 1560.48344543
v 46.01763175 -72.59241825 1528.52166295
v 178.25394296 26.85258186 1186.40804154
v 185.59194299 25.85324340 1170.46360433
v -177.47965732 82.53447543 50.76505964
v -3.53176176 -83.58588584 1531.04183619
v 7.94988201 -87.99985756 1555.02972292
v 11.41080409 -87.46128721 1536.33154225
v -177.07713712 105.90247810 47.49941596
v -164.98908628 -155.00172975 883.79257231
v -156.13055873 -162.76502575 901.54497284
v -151.99132030 -168.97402922 876.56187893
v 215.79870833 24.36288164 1135.06233105
v 195.25042331 23.71235195 1156.14158136
v 187.72329180 17.42931580 1153.73414540
v 135.80913837 -103.97366121 1150.02229316
v -180.06734073 142.60717361 37.10691819
v -168.52190736 141.27827350 41.40424211
v -118.30251991 -90.79576306 1346.38666907
v -118.60253499 -79.89156178 1364.68279941
v -104.49096551 -91.09268769 1353.00125906
v 142.76005173 75.06058224 61.64897740
v 154.80969535 58.24336049 73.79217060
v 141.44391126 45.98480487 76.65287503
v -161.70583843 102.77004214 56.03938210
v 31.71915921 63.88982910 690.19140592
v -38.25021205 161.07799188 981.95904995
v -162.81469349 86.97891515 60.51830482
v -112.76854819 131.82651611 994.63535638
v -132.73691931 104.94529317 1006.26609189
v -125.49866943 115.14984742 995.11778209
v 178.75644191 -84.37628148 1194.34702470
v 167.74226387 -82.31272845 1200.11240683
v 175.25580705 -84.09344788 1201.46359416
v -152.83881309 100.78555549 58.82464228
v -61.29365243 46.70606625 535.19906687
v 173.75979562 -95.83920972 774.69407904
v -163.20768912 -74.85466679 1316.98552576
v -146.78975102 -90.47914403 1310.88740970
v -163.35878407 -81.27331826 1301.67709398
v -121.30477314 182.06942673 12.38504063
v -181.88856913 -55.35903499 0.00000000
v -107.53451310 153.56298512 11.64834182
v -73.31736660 -51.52524934 339.74007133
v -69.04580318 -45.39619774 361.06912364
v -71.93167011 -34.38490692 334.02705925
v -182.96840306 21.78945574 742.81572704
v -180.49290766 17.30642847 756.31292634
v -187.93457615 8.76512806 741.69144360
v -157.23818403 63.34501285 74.76896108
v -172.29386858 56.52521023 69.10533549
v -81.38058731 -44.04264112 294.25991032
v -84.53931311 -55.64841026 311.67911161
v -117.45906084 -185.51462718 928.25435107
v -95.76195428 -193.80966148 927.24540454
v -122.42221217 -60.72232053 1381.83390013
v -145.28547088 -67.06505566 1359.43097371
v -141.54658131 -51.52428357 1374.44846710
v 175.48811438 -11.33671213 461.61346512
v 174.67210346 -18.84107141 450.84365927
v 178.95457558 -22.98356656 464.51077917
v 320.43616687 -29.71220726 1056.24230167
v 175.04541692 -83.49458029 1212.79969108
v 174.84146156 -89.92150455 1220.02139773
v 189.74510112 -97.94838597 1208.50355495
v 18.09079115 -92.70276735 1383.28542287
v 38.71441562 -84.28355959 1398.80196418
v -165.15068857 47.98042582 83.06605320
v -125.87591095 110.70572317 1020.74759771
v -175.29643343 44.19858671 73.47900182
v -84.81795865 134.03289103 940.80194246
v -58.97728613 144.53513281 951.16063743
v -78.75610613 137.67006408 949.55779286
v -47.86339886 66.34869561 1432.04674925
v -49.31512597 51.67005254 1425.34824748
v -30.44584510 62.59208275 1410.77877612
v -82.73498004 -64.07069403 344.21001259
v -73.07391475 -53.46066195 360.39182451
v 25.63981811 164.82439830 1046.85071725
v 46.96195344 159.23046268 1030.52728533
v -182.32458795 -42.49822608 1188.54544275
v -188.03428111 -42.04185398 1175.37383964
v -188.30155806 -44.35187806 1189.08377588
v 170.07387517 -77.38468782 1186.98084164
v -182.49651970 28.16213664 80.66656238
v 185.81178243 -29.01771061 739.54515487
v -110.41479910 84.30402851 28.24143927
v -113.10281848 56.04068348 32.72450509
v -115.21963793 67.75608805 38.58354690
v -87.25916133 -2.50867195 329.85768796
v -76.53688041 -8.83106387 336.61417021
v -76.82995579 -3.43052487 359.27489142
v -189.37338778 -12.44462973 762.24517795
v -193.14272412 -13.12565426 777.62302920
v -194.66182063 -24.68403297 766.15279696
v 41.02221491 15.46559239 1620.27051893
v 40.34342151 1.81088325 1625.95806305
v 31.31646654 10.07685170 1628.35135567
v 54.46474803 38.18562309 1428.90323200
v 56.75176895 41.19523297 1442.92470780
v -175.51047858 30.79032741 97.91816644
v 78.36425999 -12.89428712 1576.49268318
v 78.54182820 -23.16765432 1566.53244242
v 71.57485575 -32.85773808 1586.12360297
v 35.81358850 -75.58889684 1514.86155250
v 37.05090557 -80.18817536 1529.51780317
v -166.93001914 45.20807343 759.55426303
v 68.49092265 12.67858722 1387.94877501
v 61.61014048 18.59350915 1396.71282289
v 61.18400695 28.22127394 1376.59431014
v 167.95529974 -90.79677460 1214.96722344
v -190.86515653 5.36231041 83.11479466
v -118.76258573 189.57153602 15.39596063
v -109.15215500 165.69767427 14.53668974
v -120.86106631 182.48572302 25.13493560
v -79.34847272 -50.11656114 314.48336219
v 178.72531817 -5.66478358 670.05772562
v 176.25103841 -5.99692729 641.12698730
v 178.00507243 -26.35334106 662.91665878
v -73.01571089 143.86746754 961.72126494
v -149.33233201 -52.01802373 444.46591441
v -158.24702109 -42.02445041 455.15033347
v -154.65579273 -43.56034049 478.12432138
v -188.72400450 -6.70947326 82.94894192
v -187.89329005 3.51554722 189.27489769
v 164.39860408 43.85240802 705.04962467
v 180.32955887 12.21446899 736.98730607
v 174.68917509 25.12690340 758.61472175
v -28.03685279 -51.36057465 614.71019326
v -22.46939733 -37.93495351 626.58563585
v -27.83720540 -41.33925571 601.03710628
v 6.89103577 41.89620108 705.39484676
v 0.67559765 21.07811422 704.69086643
v 1.50032162 13.92578613 689.47988246
v -125.28285386 34.06505248 353.94775826
v -112.91388081 26.44299470 343.97315347
v -113.06791892 34.58467683 361.25086409
v -66.49184532 127.54305420 874.97789224
v -77.18270697 117.20575083 860.07870984
v 169.44909539 -46.11627605 595.59324786
v 161.33975457 -60.19067449 577.50347451
v 164.14917265 -61.49472774 606.97323215
v -123.23839352 -64.40339677 467.04397697
v -142.58357854 -58.36121332 474.33409601
v -133.09844468 -63.65958042 490.31125288
v -184.25826650 -0.73362165 100.87228931
v -177.51021563 27.71312917 187.85054049
v -44.98334598 91.93135938 831.20196679
v 245.68180906 -65.55794124 1059.80872048
v 236.93418073 -72.82874879 1084.65976385
v -179.66121002 -13.76857957 111.65407691
v 35.57072743 79.31108322 1426.23442800
v -32.24511349 -65.82648869 627.36514774
v -24.39188423 -47.54841756 634.51629491
v -136.95160367 -66.41162282 534.03595332
v -132.66883656 -64.17699622 506.02391395
v -144.78542090 -54.60584616 505.87738544
v -26.34677521 117.76001609 1468.60944927
v -42.57916867 110.09556684 1464.67554280
v -33.71206012 113.54742462 1448.97334347
v -94.85640356 11.88168467 337.67110889
v -99.41791808 25.87032832 368.09101083
v -171.74286985 -38.31267054 120.12741671
v -40.05578993 -64.51818003 594.33907225
v 1.71439686 35.03465588 745.59387171
v -4.78380211 29.88730663 726.14321090
v 0.70149689 34.68046885 731.82802320
v -131.86986836 34.54622167 329.63480459
v -111.02323744 26.45388742 320.19700263
v -106.55555458 21.90151210 333.95184501
v -131.14588053 108.46552413 906.72712179
v -146.04719946 94.52949478 905.56188351
v 178.55818017 -12.99789477 1369.02637839
v 153.61755811 -25.23187281 1381.05073502
v -172.63898406 -32.66453862 146.58616923
v -111.65983350 -84.70050605 581.56587139
v -123.28768154 -74.68893341 551.21045074
v -128.87726792 -74.57282741 561.16047805
v -169.63517417 -41.83318761 136.96052630
v -135.94164018 37.09539424 369.17987247
v -131.47368674 36.42402004 345.55199383
v -41.17495572 107.52062553 847.32527119
v -29.85090543 119.94979256 859.83213699
v 191.71772204 -2.21163001 1354.47808123
v -174.82868217 -48.09992416 143.83769779
v 185.52509801 -63.15049865 130.26849309
v 177.48335840 -76.58008765 131.23625502
v -82.70524826 7.26421995 359.06663282
v -83.80377421 13.21976113 372.11365432
v -51.44878864 -72.68152212 578.31254967
v -46.47141671 -73.74749268 598.84568084
v -178.51942736 24.09468782 329.36261903
v -175.17026323 28.82788660 315.45219384
v -157.87296324 -53.57893658 136.70018992
v 16.31163600 -22.40774097 617.02859003
v 17.90371069 -40.51917376 615.67903444
v 27.60619278 -21.92373072 576.63429933
v 99.80036432 54.37103096 579.37673184
v 83.57320052 59.89632389 602.86162683
v 81.96216027 50.10153232 572.23881496
v -115.21184492 26.33249698 298.83439905
v -105.63930860 16.89981176 310.92700001
v -128.88287193 -172.76816916 821.21601986
v -180.51791708 15.84203567 313.71717972
v -185.89272561 2.27707100 322.67112672
v -182.22226171 -0.15066976 307.45390721
v -141.84435224 -58.44489302 127.65883508
v -101.12973432 17.48698032 321.70470723
v -96.99326669 126.45113221 883.31821601
v -141.26747826 -59.05163703 114.03022260
v 162.22643634 -54.44941205 511.48853907
v 151.07842118 -68.48591672 525.75452290
v 162.00464357 -55.47714197 545.68538950
v 221.77697290 27.16588292 1142.37694222
v 210.35045209 31.06570483 1167.73844870
v -124.30701470 -56.96707180 114.63624561
v -17.16145020 126.03046921 1443.51523859
v -10.62863895 130.12348575 1464.12226635
v -142.83329726 36.27358555 354.01347233
v -140.91596121 38.46182770 341.95049514
v 16.14483391 -48.23486929 630.30758170
v -184.63798234 11.59317605 299.48544566
v -125.94188954 -58.43123351 96.99727130
v 28.47869758 -52.50082536 1453.66677878
v 17.61609188 -56.32104709 1434.24231731
v -116.24199126 -53.98237978 105.39844228
v 29.34413797 20.47504017 605.89167060
v 32.72131007 8.97857405 580.95322687
v 37.70431232 22.68783155 589.11814863
v 130.50351359 50.93668809 586.96632434
v 144.81055361 42.73176335 582.03197376
v 139.94379134 50.03476236 598.72930380
v -138.62811018 -179.84241183 866.87514186
v -165.26582309 -152.81858383 857.64286312
v 262.79369183 15.50409461 1148.11466485
v 262.51097589 10.71887159 1170.12720020
v 247.36060627 23.21578450 1160.30358233
v -121.18013544 -59.36397770 76.77165175
v -181.74467576 15.77657469 324.89308138
v -176.97424348 -128.53249454 848.44238710
v -169.02336853 -135.18323070 833.06899138
v 283.65877330 -7.38088565 1153.64874600
v 293.45633671 -6.18849642 1120.75093515
v 291.90993056 -29.05064333 1153.64638873
v 76.88274859 -85.60839590 546.88561079
v 99.84840953 -85.95880693 524.23333432
v 65.90726096 -79.23454312 521.29688921
v 30.53178787 -8.16018920 562.60768826
v -171.96876423 -45.26420554 393.40450161
v -167.20088435 -53.62395237 382.46594803
v -180.46670790 -35.11691696 369.15852282
v -196.30403559 -8.37335539 881.28383069
v -199.50894841 -36.62856802 872.53274543
v -196.94772878 -19.98446042 863.72911910
v -160.07512951 -48.10769074 428.99039833
v -152.97794705 -55.20482954 421.88331580
v 219.96530423 -12.63769212 1318.62419261
v 234.84433207 -26.86545767 1298.02018286
v 214.13092376 -24.85176130 1337.93834593
v -151.44389716 -64.24979696 383.67788091
v -131.98441667 -71.45620616 364.32287418
v -195.26569698 -33.84728446 932.76927321
v -197.95430103 -54.14495069 924.88472160
v -197.83126451 -45.61725889 908.84030405
v -128.98512910 -71.84729244 339.86165332
v -110.83630969 -71.70237209 356.14076116
v -119.26427817 -71.28078797 336.57621123
v -105.38398370 29.85184179 22.19245111
v -187.67774624 16.15274558 788.89109557
v -188.49145885 3.84178729 793.73239476
v -185.64472456 15.38649286 780.10646811
v -112.09081125 48.70700986 28.12634538
v 88.12785922 -55.63423667 1409.07172021
v 86.66205781 -68.75047119 1401.03954627
v 66.41136307 -51.35060364 1416.91354929
v -138.56402721 119.74501785 48.87580942
v -199.28707243 -30.16449366 819.84843549
v -200.51794373 -42.96702169 824.75559677
v -201.69001924 -29.73261315 796.16090024
v -152.72228411 46.77387263 101.91622540
v 124.47921091 35.33056384 32.70840905
v 130.69179741 28.66450112 25.49332923
v 130.96709267 29.40332839 13.31678018
v -208.17498431 40.04794441 8.70876899
v -209.74406381 17.43285673 11.57159952
v -212.05163267 15.96718850 3.32557365
v 168.34815407 87.04095108 61.55007471
v 156.35757591 76.42758551 67.02844189
v 158.03475336 100.01714004 58.00292289
v 36.51065488 -208.32052302 892.86398860
v -138.26013587 100.44057582 922.78195208
v -199.17894829 0.13488696 1.91765856
v 146.12594998 -119.05372473 754.20806264
v 77.99438070 -12.63652178 1530.82774317
v 75.06351614 -31.38173558 1539.82813164
v 80.22647714 -14.11578866 1548.95616050
v 46.95942927 -198.93853100 828.80135253
v 268.06322752 -20.05951453 946.42413037
v -197.29592002 -39.12190982 2.95115308
v -188.84532021 -58.16324709 2.26936309
v -196.91147655 -25.12004594 0.87509643
v -149.90225725 63.26477622 850.49287314
v -131.92523477 68.85843044 836.96373070
v -145.83260065 71.22336664 866.88917558
v 138.70390625 121.24723554 1168.23239980
v 118.24458778 136.54506682 1175.29516456
v 121.75066651 137.34047593 1155.30780014
v -193.45762057 48.29894447 20.63396091
v -196.22525184 51.21018026 15.57086667
v 182.85940057 -69.39102668 819.89618966
v -183.57413498 -7.24851553 287.97332652
v -182.23640093 -17.25702391 262.43766072
v -180.20678452 -8.79303877 259.96751643
v 175.57123043 -45.07458753 1003.50562123
v 170.11941176 -66.44694480 1003.50140491
v -184.27306439 20.08540440 824.01704518
v -190.06317795 4.84041707 828.27790731
v -187.64904735 4.61814651 813.82064031
v -186.15140119 -18.69821201 299.30832317
v -183.95814782 -18.89261452 282.14173215
v 187.41110351 -32.25098665 794.93042456
v 235.41685064 -69.89875468 1274.71336903
v 216.24427591 -84.83434527 1285.19146581
v 225.34740522 -59.53590063 1297.99700115
v 59.36192026 -204.43891406 916.56024954
v 53.07052422 -208.05172282 898.48524058
v 27.81265923 -198.92781433 936.87605393
v 281.58984530 59.42597657 835.66860087
v -186.51748473 -20.70056737 337.46361843
v -179.62446653 -37.69363546 316.69604907
v -184.98188265 -20.33493919 319.40044478
v -179.40228417 19.93509363 835.37410936
v -180.08403323 29.01668094 847.67004324
v -187.39084581 9.59125030 841.18597551
v -185.26188504 -16.86480579 367.21257475
v 174.05780797 11.68282066 873.36836228
v 98.91604732 135.37096425 1115.77349618
v 82.20651960 144.93776154 1118.69206997
v 130.54782524 58.74377819 51.54781758
v 120.45676612 25.83743640 68.32021144
v 121.13900066 32.90606270 48.72355157
v -98.83575611 30.86950121 394.66617513
v -118.31236040 34.60957647 373.00991225
v -89.00948084 22.87537763 385.69966508
v -105.11466386 -157.06037344 991.36838523
v -116.47277717 -168.52099250 970.69140592
v -135.14355453 -159.31822273 971.83206414
v -140.77787385 39.70326971 383.36824198
v -118.46300169 37.77309010 391.87123481
v 268.24511806 17.18223378 1082.66020892
v 253.00817636 16.70861739 1082.97847820
v 260.10531495 21.74344199 1064.38812680
v -111.73563556 36.87837839 407.45783277
v -64.97542746 -202.07888948 913.09409242
v -78.39661146 -193.79979468 935.88396757
v -49.01203453 -197.83152664 933.09259223
v -102.26641369 41.07906274 430.46192128
v -96.15838712 59.01759301 466.38630218
v -117.01389772 -69.05329433 323.42349060
v -101.40294433 -67.13274262 315.16881827
v -112.24754655 -69.07518747 307.44408457
v -51.67817489 -45.61268476 434.99082966
v -50.72940500 -51.71711099 447.66938700
v -39.86157972 -39.58346104 451.43700064
v -168.98372058 50.94634496 898.54226449
v -104.14890472 -63.44089733 286.00634273
v 225.27896751 -95.10482839 1249.36268514
v -74.28062742 -15.89166358 327.35904979
v -44.77234330 -42.49274744 465.88104625
v -53.12498436 -51.90290016 464.51268483
v -16.81903644 65.50690632 1399.50340965
v -27.56822727 77.36334456 1416.72344939
v -103.90023404 136.35896733 13.30478013
v -108.63578048 133.84289642 25.56830275
v -72.81599536 -23.14449828 345.21013496
v -100.05294520 -72.19478950 328.90683792
v -72.94797628 -10.25652744 345.97354096
v -31.34350173 -18.90783656 476.13863823
v -30.82416045 -4.34574044 483.80516555
v -38.21369821 -17.68976121 462.36450694
v -44.22056999 152.69522221 965.08587601
v -20.63920738 161.15739334 982.19613601
v 105.40157094 -93.43586298 573.44304913
v 95.24308466 -98.18573458 594.35653464
v 108.29916952 -99.59504900 601.70040834
v 147.86499141 -75.95706525 1091.43495018
v 134.99611898 -95.26973507 1090.49531886
v 141.77212781 -86.64922464 1097.08868707
v -181.74365427 23.97532619 865.12313467
v -187.54394140 15.16070568 848.83697077
v 101.61307039 -115.60934500 1105.61227405
v 114.48771513 -109.44530573 1096.05936128
v 88.62251966 -122.43592884 1094.30283796
v -89.68308774 -67.16747113 359.68559888
v -96.20040861 -69.91699283 353.75899283
v -69.24641300 -12.44082814 361.01106934
v -184.53412115 2.07609362 727.88080553
v -183.35555105 12.73254664 732.89189140
v -40.07521217 -33.80581955 454.48875750
v -40.56481379 -35.03787841 466.63710394
v 181.07960219 -16.51430924 187.36449474
v 167.37442968 -5.34972076 188.44162533
v 174.57472126 -7.69674990 175.83856001
v -186.25300748 -111.00507502 858.84642976
v -181.18906602 -129.27699775 872.21592251
v 151.68867522 -64.00404454 1375.98140462
v 116.61137779 -84.55481740 1376.81743088
v 114.73782027 -67.09553677 1390.64759002
v -191.38203787 -34.36259274 856.95620277
v -195.02222940 -42.89116997 859.67509520
v -198.76483128 -36.87881405 839.69749506
v -48.80204328 6.39317375 459.19761689
v -64.22383036 22.72314890 448.93358285
v -60.60145841 12.89445312 437.99579694
v -178.73191527 -109.90235202 969.98097512
v -185.99516215 -102.29703999 959.17984215
v -63.08912247 34.07211246 463.08679677
v -74.62477714 22.32870444 430.97572330
v 233.65580526 -23.28750709 1056.19684719
v 222.58770509 -33.66883099 1071.52738119
v 229.73030587 -42.90010965 1060.62248558
v -86.19625221 27.45505944 424.64157385
v -92.07455727 27.44121958 406.43703217
v -183.04258087 -118.47950598 947.44144114
v -170.46463574 -142.33043571 937.46003606
v -173.98440106 -142.32603664 917.32496137
v -75.09674875 14.42849807 397.56668287
v 182.30825356 -76.26556468 286.21700048
v 190.57558505 -56.07254508 263.82273359
v 188.96003951 -58.66558118 251.24194759
v -131.32421079 100.67954753 45.05181939
v -128.12391402 116.87561539 41.35513352
v 70.34819687 150.76562816 1036.67221778
v 66.07958170 154.12877907 1011.35467168
v 80.80385471 145.57978875 1022.74109117
v 5.45558262 -74.44581219 1506.78103046
v -16.30026893 -74.47137224 1508.02291209
v -115.79879322 107.89405067 34.92451206
v 43.16693984 157.69250623 1087.32572335
v 53.61320217 158.21621900 1055.51972819
v 59.28729020 154.19411323 1083.45460586
v -120.44756866 160.16995841 28.97233963
v 122.74634737 6.13403612 276.01969106
v 130.33376797 1.69562238 265.13890377
v 138.95344526 3.37874563 273.38561581
v -193.20585436 42.84545958 30.41588896
v -148.09411327 64.32194516 816.84613468
v -158.75212905 55.63121294 823.25065442
v -154.82786034 58.05846785 811.25905116
v -190.25199159 25.26425663 27.52867620
v -189.23954875 1.11212574 29.50086616
v -193.97189177 22.67344902 18.48931458
v 44.00964340 -40.16740086 1490.13095795
v 44.12622466 -37.96226279 1467.69942267
v 33.83451383 -49.35759746 1482.80859325
v -184.99123490 -25.09858079 35.08572896
v -160.19119148 55.80851447 786.76288026
v -153.87369194 62.96419587 797.28359427
v -160.21005021 58.01541527 800.07825608
v -171.45492796 -49.11852104 50.56219059
v -176.57750332 -52.61100160 26.81978547
v -109.66956204 45.67780306 7.03650284
v -80.88156065 -58.27190451 358.84178886
v -58.23739379 46.33621887 519.15249415
v -64.52675216 -15.08871275 1490.14650121
v -54.01727287 -22.21426149 1479.23607500
v -56.13627351 -10.33585939 1468.07796585
v -98.81737682 145.48127796 993.75655253
v -101.60228674 141.12985678 1030.03270738
v -105.35620001 20.85736240 8.37837972
v -192.09734386 -77.67569719 760.39371875
v -197.01301849 -62.72082326 769.51500642
v -198.61142877 -61.69949104 794.64729571
v -68.51604564 -50.80374078 378.57249004
v -68.21597316 -54.03943868 392.45918207
v 59.19633326 -2.27435299 1606.62186478
v 58.85152283 -7.60981244 1616.39089637
v -196.58046861 -36.76986625 764.46122262
v 226.17786284 -90.21373180 1150.96462031
v 246.49787739 -86.68550544 1137.31549479
v 228.12799339 -85.24721442 1137.22232444
v -48.00152355 34.73469828 523.35864209
v -61.79123952 -1.78324974 1475.29282743
v -57.06332114 -4.58252775 1454.28304803
v -103.43001008 107.95128156 12.26927142
v -107.19574927 103.08483145 9.33722918
v -79.64679486 150.70052553 976.64199025
v -100.24377155 128.61420098 966.63355284
v -105.82873731 -4.22929829 5.35742557
v -107.22650433 15.83352299 5.49688716
v -153.12311189 -148.02674339 816.66271146
v -168.83318690 -122.54061776 819.01025142
v -184.67878883 -94.96946270 766.06652367
v -193.67973891 -77.89277550 797.48912146
v 191.54063855 -32.62544104 365.52716802
v 181.48718635 -2.74896812 353.41830909
v 187.34390166 -17.73182572 353.23702473
v -113.79334827 -55.52380259 2.05760735
v 37.58707335 124.60680361 861.98184975
v 29.58000840 134.91558995 876.21265560
v -7.69355246 134.02711638 873.24074105
v -59.50209782 -47.30567132 1504.10287712
v -65.57714832 -22.66438741 1501.19755642
v -73.01641978 -34.35180151 1514.27737262
v -107.01551692 78.62219887 12.07166213
v -108.05725628 83.62609454 8.35470003
v 37.91835598 140.87544602 936.61308668
v 40.84301654 142.43509586 951.29109244
v 13.93838348 144.56592222 939.05261627
v -106.86470853 110.71208608 26.60701200
v -205.61691187 5.37840014 11.96744435
v 42.81602610 -83.51389511 615.94450946
v 68.84911277 -36.13539357 1524.80967878
v 69.08895019 -206.63534680 872.19505403
v -210.66723306 45.21045842 6.85751392
v 109.40868684 -183.24975003 831.58566226
v -125.20584357 83.17932988 854.92206082
v 310.04920030 -19.80105856 1083.10156556
v 314.90341998 -29.47939899 1074.71131659
v 305.67876097 -43.96302828 1084.30924079
v -34.68739515 -130.87818284 1154.58395654
v -54.06258844 -129.32293683 1154.76587665
v 129.88591706 -87.03092552 281.04925034
v 148.03097174 -92.17760269 274.66342973
v 131.17348573 -89.41659489 268.66576340
v 52.47289842 15.29577827 496.60870904
v -184.04751985 24.05664559 813.48336714
v -126.97589703 -105.77189955 1118.94188926
v -114.89493774 -114.80474833 1145.04798175
v -116.68202850 -112.28801170 1105.74846085
v 239.77078081 -56.39651870 1276.74140147
v -184.43134883 -2.14507605 333.23611576
v 63.59403827 49.16709531 593.77225225
v 169.84635299 -96.52197529 819.20900685
v 281.05791323 -36.76332555 1191.93343945
v 273.65952239 -31.10312625 1204.47600524
v 285.73834829 -26.65673900 1175.69612329
v -178.71758736 -24.55689361 402.72333302
v -164.88816688 -52.20267591 65.94743149
v -169.77963086 44.71180405 781.37726534
v -161.53182205 58.78883389 763.62027008
v 59.39380917 -7.99871689 1472.98589409
v 60.51553284 8.99315507 1479.67603785
v 59.94999321 20.86233936 1463.25706623
v -166.07355175 50.72611093 794.47242057
v -176.36302563 37.70789880 807.80782009
v 121.02839159 -28.47943890 102.29917997
v 114.30519098 -13.77931235 118.26429359
v 116.54201851 -27.49546836 123.43668830
v -168.61257849 -63.32026695 17.07650018
v -181.82911933 -55.24761722 15.32853717
v -144.76152970 73.89209448 967.38206437
v -120.79349765 105.10926673 956.96469443
v -119.38987695 107.83881666 966.64092335
v -197.80663378 -17.49600265 19.00884004
v -190.70989492 -29.29899258 20.80765246
v 30.16287108 71.36769783 1604.47560651
v 48.04790747 56.75652761 1597.16471203
v 33.79700861 56.31116091 1611.83452901
v -201.31822571 -1.40981448 15.40422186
v -125.46761461 103.14453891 943.51766965
v -139.71475382 83.93823361 952.25476647
v 279.72303321 -65.81264791 1021.17324219
v 272.15690170 -57.95914827 1007.26942267
v 260.72283557 -64.46237993 1032.37320943
v -24.26912478 10.37487024 604.52250121
v 157.16336451 -98.05393732 716.51131995
v 140.53303042 -100.82335319 679.63351736
v 181.72940026 -38.12447499 708.57725216
v 47.28429437 106.00714996 1495.46081292
v 36.86034384 107.36253703 1469.76812562
v 267.67936885 -71.39915261 1044.09574454
v -103.74555443 110.46772923 18.87971187
v -11.03317478 -1.38613082 663.89108281
v 117.66740676 -119.89569007 719.96054577
v 167.25459411 -94.49922700 731.19400089
v 156.27762635 -86.73006866 116.72747100
v 154.26326307 -88.96345969 132.09022807
v 274.56317865 27.99588246 1007.21919148
v 288.00472518 32.45229028 972.87308171
v 294.37795815 28.89598412 994.44052449
v -135.95999205 145.26052940 40.96457240
v -42.52762520 -94.57634341 665.44474604
v 44.98320153 76.24026863 763.44010437
v 33.52007718 73.67813210 783.30872879
v 8.78374482 55.51608108 751.01563721
v 127.98065160 32.12490570 1337.93334893
v 121.21309125 50.06734110 1317.38756739
v 152.19101742 32.97756060 1332.29587019
v 262.90104133 33.48708763 990.58365064
v 271.49863446 34.05174691 988.06520822
v 186.90020823 -22.46526335 90.84171665
v 199.56895217 -29.65230194 70.98121809
v 193.58638218 -34.98485390 88.79112392
v -73.28454255 -113.91032118 687.69557385
v 89.76618763 78.19146021 822.66625576
v 112.72308761 72.25316659 815.18979859
v 178.17788547 -76.77992564 407.44206180
v 167.21816934 -86.08164068 409.80483972
v 168.46459085 -77.31939123 434.66302586
v 281.68841620 -61.80697171 1171.62314026
v 270.57503682 -59.14935980 1202.14689981
v -106.91748367 142.20978839 1183.43779996
v -111.22312851 143.35337158 1167.43487398
v -91.12562299 153.91501021 1175.71932093
v -150.62093110 68.40466987 1198.29253531
v -142.55364870 85.31488187 1200.08241932
v -145.78839423 83.57406330 1209.72171245
v 97.61490961 73.75790919 650.86430237
v 110.26601347 68.36270415 633.48554138
v 160.93055620 38.71623224 643.23083835
v -158.31801722 73.16221172 1213.28989043
v -158.34091925 80.97263231 1222.24515735
v -165.39807448 78.99740488 1215.03439896
v 275.76146808 -38.63132452 1203.50747283
v -127.84397182 121.61073605 1182.89822962
v -139.64390982 107.11759492 1174.29181786
v -126.82354655 129.54368016 1159.44429328
v 44.55177099 67.06180534 689.31811250
v -345.25575373 85.39723150 762.52477759
v -342.01291860 80.33111422 766.20560303
v -342.77505773 78.07933874 752.16357144
v 74.23025922 75.10127218 671.74499925
v 84.59129728 75.19620181 656.24081018
v -302.20968608 112.09062633 724.54703763
v -308.52444013 126.68668131 747.02923193
v -322.65304268 114.55765021 745.26594118
v 130.73775903 69.21219909 670.49548588
v -344.79339950 93.18989876 758.17499993
v -341.98829797 92.80397809 740.41767833
v -336.58431652 110.83652293 752.39074441
v 212.36141406 -11.04051634 49.65601338
v 206.22438713 -43.14582585 48.25744203
v 203.84300172 -19.36114358 62.05011737
v 297.47611877 -59.83523684 1095.17890758
v 295.28565614 -54.74934095 1110.45783216
v 305.75181149 -50.89214920 1077.99798521
v -68.68509063 2.13818429 1492.78131427
v -121.88354351 111.22798921 1073.46655293
v -136.11136338 92.94482699 1092.85998278
v -132.34025613 97.52510326 1064.23464751
v -107.39898145 124.86226891 1112.86038340
v -118.36992431 112.23057865 1122.48684766
v -134.63947660 89.38974826 1110.87400411
v 176.70119900 -74.05898282 727.07234176
v 187.10592104 -52.97257779 783.79478248
v 43.51898258 48.94127128 1417.22777694
v 54.36841010 33.70715674 1417.18683075
v -106.22349906 147.82643266 1151.56019509
v -113.14508166 137.42998189 1137.77413308
v 310.89887983 -45.68356631 1061.25885884
v 299.94264628 -60.65105079 1078.29368654
v -159.13098743 54.15366995 1104.07439511
v -150.21511152 73.47740769 1089.47267204
v 198.30715555 -13.89699040 68.83225842
v 182.06087359 -15.41535452 693.26333780
v 178.83281698 -37.57320289 684.77985936
v -341.54615813 75.66582302 807.37339618
v -338.68428042 65.85622524 805.42623226
v -345.71883464 77.19367483 787.18541858
v 155.64834159 -91.73668900 409.40544720
v 156.04320722 -95.83258828 377.69223717
v 145.04894061 -96.73964308 369.30752768
v 273.05151068 35.07987647 921.76293432
v 268.00741236 23.71660730 921.61066543
v 43.95510051 92.90449538 830.13625535
v 161.83527955 56.44904027 910.21785862
v 153.28041920 69.84348960 905.14015329
v 150.24691365 60.47846937 955.10798534
v -70.36731906 80.28950791 1484.05201175
v -77.48212967 63.55013690 1497.92078704
v -76.56540619 53.17434176 1483.07146068
v 278.44969180 41.91244696 922.22728453
v 265.89131067 29.57092155 942.03293559
v -201.29967344 26.15855541 12.51205356
v 131.40742450 68.94620762 861.17577012
v 138.09953245 87.18356044 894.52730162
v 269.75026594 11.14640495 910.49524936
v -206.18663588 -0.77779267 4.46899754
v -36.77350400 -144.21129396 756.86822099
v -5.34757186 17.67931303 701.75495438
v -4.99436427 119.46652909 1541.73517909
v 1.73665085 123.77873681 1535.01890780
v 5.41185140 107.39026530 1543.02146379
v 215.57241189 105.84894590 40.37629838
v 214.81171881 143.57577967 37.00623011
v 220.69121058 129.67817231 37.17381987
v 295.59640019 -20.14072807 1129.01443079
v 106.45590851 -49.04105161 210.60874935
v 99.20487832 -30.95747025 220.69818178
v 102.24221644 -36.46074435 227.55810534
v 332.96205799 9.95252494 983.26051578
v 333.46109296 20.84328761 956.71635913
v 338.03622278 11.29057482 954.63216490
v -25.10873767 -7.21444546 552.95069667
v 172.87764679 20.87194012 816.65560090
v 169.47738807 32.27761100 776.69688580
v 111.02372393 74.18926822 837.85571294
v 129.44052908 19.36051083 1353.63904793
v 152.27856396 20.57181627 1354.28472745
v 129.94324304 -0.06995491 1371.22552796
v 324.44692038 20.47355285 984.16627695
v 319.99310951 9.94667573 1016.31465836
v 186.64165978 -34.86876214 760.04238638
v 225.83756743 1.01373183 28.96426645
v 232.36380133 22.60401830 30.11222172
v 304.74186159 36.64248947 917.78551056
v 308.21479146 44.19032410 899.09570183
v 316.09946394 37.78077149 920.78370716
v 18.08422773 65.94217244 775.99097778
v 179.41444464 -0.22678138 914.36565271
v 182.53883732 -17.30984313 933.73720844
v -28.30821222 118.95133188 1485.72679520
v -45.86303986 112.86579400 1487.63054294
v 300.99475095 34.93244806 938.22603209
v 317.58740031 33.43138539 940.86625893
v 229.88616986 129.55202586 34.04223706
v 72.05751828 91.89257234 836.75215496
v 137.62056456 72.12712955 978.17037951
v 178.73757979 1.54680178 953.37867947
v 157.86391460 -2.85516102 201.48184291
v 149.94363999 4.38876164 199.15701292
v 149.39026613 2.09154159 188.22373539
v 44.78095439 -117.06681363 737.50285231
v 67.00867975 -126.05386120 738.18197015
v 49.92475297 -113.57568121 712.17592335
v 127.39722470 -43.48228835 46.45320900
v 128.59427717 -41.05043281 24.96569765
v 124.87290073 -44.75908804 63.14445135
v 59.94749222 -132.80158355 750.28890509
v 1.77303088 -62.36316657 686.63184373
v -2.20998223 -91.95906214 755.10832562
v 305.24228305 -2.14898283 1087.83841779
v 246.61220234 11.29977925 1080.44352529
v 254.24349267 17.16911428 1071.92036189
v -168.75670840 38.09176847 100.44710830
v 119.13863728 3.90641684 256.58487333
v 107.68898507 -1.20069127 259.51794526
v -7.10450192 -67.36969359 707.97344861
v 38.71069860 70.86466223 722.15513662
v 55.94938680 78.96029498 747.06835318
v 135.91494831 23.02446373 36.21893751
v 134.40360394 5.68571124 21.89087063
v 134.69644114 20.42460017 16.84018755
v 117.69843441 71.82897733 1292.20149235
v 12.86237903 43.89877782 694.84862725
v -4.61000221 -7.53014234 667.22034347
v 283.93707700 -71.53876532 1146.02713045
v 267.41205280 -77.42082165 1185.12399719
v 250.82491108 -91.07751463 1169.89995481
v 244.17457755 -92.60339063 1183.65112809
v 6.91442884 48.51215247 725.31465198
v 302.67676004 53.74136829 854.98484418
v -106.11258748 83.30948148 728.12525238
v 194.10131156 -85.77014281 35.19878046
v 202.98880360 -82.01081460 26.02000404
v 192.95015087 -91.78633951 27.18814963
v 231.37651228 15.58347833 1106.40741695
v -23.71839994 117.61898104 1512.44529936
v -11.27710050 132.83339440 1513.49205359
v -184.91839348 -14.97481627 353.88703712
v -27.11832784 50.17767182 792.75342063
v 139.11143432 17.55826016 403.59900378
v 126.32494613 14.56701657 389.25995983
v 142.70887756 15.90358789 377.89860570
v -28.21316632 -177.13149560 793.13254152
v -25.56275435 -185.87458752 809.95257897
v -54.51120714 -196.67381973 830.53081175
v -158.91927071 -59.50076590 387.56574590
v 228.58691307 -14.73264780 14.33475425
v 217.84239153 -22.45342621 28.18989184
v 96.89305357 -125.25309483 1310.13701469
v -134.78874570 -70.06725854 348.57655514
v 23.92068029 -167.13111053 779.83162669
v 48.09854072 -164.55148513 773.66829981
v 15.73486724 -146.01796244 763.18778572
v -29.34183016 -162.84332753 774.49965739
v 245.38495909 16.13220283 1044.96815980
v 223.46633035 -9.01991851 1077.34538183
v 217.08900328 -17.57643478 1084.68675287
v 222.34543659 -17.34026013 1069.33441981
v 109.56034548 116.11279603 1042.64537660
v 125.25761925 95.04241134 1055.71344782
v 113.68362714 110.48670924 1067.15793860
v -98.74803204 -63.90136786 299.46882916
v 180.14038250 -83.51322551 781.53865531
v 185.25684956 -63.64550046 801.89560170
v 145.14013885 140.70796073 34.36680588
v 144.49997511 115.69922659 47.56731371
v 132.82979356 118.06545608 31.39487355
v 139.29475604 77.78455703 1054.07782708
v 138.15475379 84.73417831 1031.61667932
v 144.54522674 60.87437990 668.84484762
v -99.01580986 -71.65741502 338.57563200
v 95.81575484 130.88019258 1066.11152727
v 254.38254605 -75.31450167 1222.47524041
v 113.95811464 -109.96110265 1103.43116410
v 133.55107893 -99.86075061 1104.46973962
v 246.31745050 -14.58236771 1253.44380734
v 255.88788236 -37.73996751 1247.80799284
v 154.15391783 56.59548777 1061.40712820
v -95.88165029 -69.25611010 374.52727700
v -79.36399087 -61.95199800 375.14926855
v -321.76158735 100.65833970 724.15209560
v -324.03826723 93.76705463 722.97867377
v -313.04200390 93.53822751 723.20190249
v 171.19533966 -43.09275896 493.63370208
v 176.99042514 -23.11927575 504.50232448
v 177.53035115 -22.70929491 479.40092221
v 95.02652457 151.44634564 1152.81487474
v 71.78887838 155.09135904 1146.86292742
v -75.22434460 -59.17097392 397.52870629
v -309.43037018 100.92987386 716.82697770
v -298.40618106 107.01146702 719.23144827
v -63.36509290 -51.07110723 414.66814353
v -334.25158031 94.51278881 730.81334775
v 130.71965204 47.13899188 64.56163372
v 136.27472288 73.31402982 55.66733345
v 62.62057730 150.02242031 1122.92847285
v 79.15587924 142.48242206 1103.97083016
v -54.11458257 -43.22969325 421.40240558
v 167.36401047 -100.60333931 755.56381502
v 183.99955267 -17.06767593 710.97467195
v -271.25719043 112.98117494 769.48744190
v -280.67352643 102.96088679 748.93272366
v -272.81669504 97.87731020 752.25197802
v -60.70475410 -12.48097333 394.31540016
v -62.93231167 57.91100486 603.43904156
v 311.73575463 -45.77405911 1042.65371300
v 153.37421720 101.53310676 1162.90275602
v 133.20554029 127.18468637 1146.59598029
v 333.32042285 -2.86874093 992.02046532
v 336.15348455 3.49986184 966.54980259
v 64.37155983 148.21358995 1095.16244697
v -45.94263585 -7.75867226 442.43846882
v -85.75694385 65.18623639 500.72123799
v -45.94935914 12.21425438 470.45582338
v 3.59621793 32.64138758 719.60866407
v -4.61136877 18.93690751 715.65230885
v -19.35651747 -58.45313249 660.02594551
v 187.94331784 -25.15539317 121.09820561
v 181.60529236 -15.21873549 129.15439993
v 181.23023386 -14.03008775 98.45152632
v -85.13197306 45.87589380 448.61739858
v 155.02811099 -39.00624448 1383.59180285
v 4.28346734 47.55887502 746.02260464
v 233.02297297 -58.48639737 1068.84902668
v 238.14483358 -81.03314960 1117.18225033
v 258.26504925 -83.32674384 1128.50684070
v -67.84162943 -8.66646553 378.64458203
v 161.76473448 -60.99555457 479.14082123
v 148.97938878 -69.36199962 510.93134706
v 95.45916480 66.06950505 620.51794829
v 107.88293920 58.77971807 598.64264634
v -126.71516234 39.42241835 391.69358086
v 187.31116201 -60.20735574 168.40624191
v 187.48737049 -57.39412573 148.00612703
v 277.84406352 3.69781061 1144.84694849
v -108.06445633 41.64182411 423.90173827
v 151.68598218 41.65115338 606.12700985
v 156.25763787 33.51214068 581.47267075
v 162.85791122 27.34517072 609.74182131
v 28.12804716 -6.82735256 581.32013270
v 217.40557624 33.73271103 1193.00527085
v 221.97802596 31.62107365 1174.62474607
v 237.16504496 26.17825672 1176.74846870
v -113.66487259 57.79399714 464.80018132
v 241.40679258 -22.28328998 1269.78000136
v 239.21614351 -30.89437943 1284.55634038
v -117.18992718 63.84909033 499.50896747
v -114.71923101 69.05597623 823.67447150
v -199.19993199 -35.50355080 894.12229950
v -199.41694240 -56.82820537 889.67235411
v -191.50960110 2.51588087 865.38483917
v 9.48461630 69.82811849 1397.78731590
v 10.48044084 61.18416377 1388.92501483
v 22.23818536 63.68442903 1403.71197251
v 229.28888995 1.29477067 1287.77476425
v -188.03406381 12.58665871 897.57847323
v -163.57400514 -4.44059917 515.92711660
v -197.88047453 -81.44731866 897.24787568
v 121.39826475 -44.46574314 90.09052441
v 122.97879075 -32.35602135 75.85020926
v 127.65630037 -51.06785187 1393.34688413
v 112.40998862 -51.65979267 1400.76979355
v -161.80240395 5.81893609 437.92042864
v -59.19641778 71.42833026 806.33523426
v -199.97393056 -23.99209722 780.94342619
v -199.96490295 -39.97141541 777.73697824
v -140.15487661 35.68154070 430.17708271
v -180.86734247 24.50198759 783.65673236
v 15.90478924 55.32360854 1382.12204953
v 31.82748648 53.72029147 1400.86043492
v -136.15440476 37.54072665 421.86807238
v 151.11191207 48.08673671 14.64963606
v 143.94582007 66.49395919 15.24233000
v -17.72034610 89.70336810 827.52434632
v -183.73203000 -97.55781368 834.27864933
v -195.45531269 -68.93648370 826.67048838
v -193.17569104 -71.87725266 841.63161143
v -138.45170237 39.62917413 416.98331949
v -195.08331460 -21.54910095 808.13761022
v 165.91479203 30.78218286 649.44197782
v 166.35900530 34.92066059 672.97080432
v 56.82633371 -51.22073344 1509.46089039
v 47.17962186 -56.83591084 1498.00572853
v 51.23701595 -59.94772727 1506.70424287
v -138.10017109 38.04398374 396.29483001
v -138.94151778 50.26058543 1349.56445439
v -105.24797997 57.91890738 1331.19503374
v -102.95357228 38.75443209 1352.85325575
v -46.75906235 57.86942575 649.69284441
v -99.15626326 1.71359040 1390.29396208
v -125.31592729 -8.48632834 1391.25502176
v -120.56784369 5.05725706 1383.18241396
v -141.70050167 87.17766304 879.13279369
v -13.11915570 151.25214289 1195.79294038
v 19.20371145 150.83579832 1188.64319096
v -86.31939186 -29.47744707 1412.04307504
v 61.28072983 -31.20715460 1511.37792386
v 44.29645252 -44.31745359 1493.16160193
v -96.50137886 23.82511854 1366.71236095
v -116.09389353 27.23082509 1365.96769203
v -248.97132207 62.84891312 1091.11765876
v -254.99311843 59.23565007 1070.64738034
v -236.44978521 58.69142654 1086.40741250
v -143.25151902 62.45224460 830.83053673
v -131.06372834 70.86478682 816.24846240
v -245.75342306 61.88489146 1117.20991409
v -255.86648060 63.47291160 1101.75144524
v -163.17499924 44.06460602 331.90837879
v -226.03840180 45.53624597 1076.02982512
v -221.90227248 53.53893632 1093.63179608
v 139.96266053 174.05137860 19.95465116
v 145.18805835 164.73644627 23.30834366
v 132.08361838 158.93573243 20.45258250
v 188.76503998 -43.64250857 1364.68268659
v 191.57065246 -33.70609220 1364.60414769
v 197.77123510 -58.23364413 1342.58274966
v 16.03531958 121.94743006 1481.79556341
v -56.90807435 25.21316717 1397.21569779
v -59.89497290 12.52666081 1400.67271866
v -59.43229520 25.26867696 1384.22319120
v -92.75663723 16.72945170 1375.12594652
v -66.69188705 10.58068905 1394.87313661
v -179.74466680 26.34556623 802.09801260
v -186.63548899 15.01906573 800.08879488
v -191.63051940 -12.11947019 830.08778719
v -3.76942269 94.25560647 1410.97815672
v 4.95308609 96.33162803 1412.63585847
v -87.78622549 44.11922469 1346.23883274
v -64.35533728 40.84122056 1352.81364579
v 214.82094736 -29.24335098 1337.16516578
v 213.76280092 -61.54330918 1312.27836153
v -61.77863074 7.60424335 1415.62068305
v -59.92199252 -9.52419033 1423.43539060
v -63.93721905 0.88432948 1410.55281821
v 134.95393800 40.53521197 77.31784449
v 126.03136115 24.02808911 91.64273601
v -194.03806616 -10.07021302 846.22793166
v -192.05152244 -1.48649762 852.27387857
v -176.55016329 31.81786998 825.36835938
v -170.98689329 37.46398472 338.99188851
v -274.67991693 64.69551172 1082.20765179
v -271.01498220 72.40117826 1039.79679284
v -267.42705946 66.50368269 1061.77761076
v 77.49964713 83.48836848 743.81522693
v 74.11428612 82.67890460 721.64556074
v 99.01231995 83.20639690 716.11476845
v 229.92406046 13.21804680 1095.34373234
v 223.90452653 2.15402971 1098.07919155
v 234.17803055 6.47874083 1086.56389785
v -180.08025180 -133.25423046 895.40777778
v -102.24233656 -178.07151001 960.08753044
v -56.47665331 -186.10226720 957.71705039
v -141.97139447 -143.23040401 985.95235771
v 18.54717030 -59.50193569 1426.41959140
v 11.53475499 -76.48233166 1405.43120928
v -5.52323714 -58.28169110 1425.94368323
v -175.49733740 29.48502429 303.25378442
v 242.93437505 10.42129619 1089.00575946
v -84.40419048 -198.92289527 913.34482751
v -40.04860564 -205.77777580 874.53139290
v -23.19344235 -206.22830522 869.21439245
v -36.70098768 -201.65496517 849.67850803
v -19.98185334 -186.88154576 958.18853810
v 222.06941572 -99.41482772 1200.20607131
v -59.33963944 -56.31759701 446.40471659
v -175.68479607 39.97192312 759.15852207
v 145.03622761 -90.79637668 1080.28134395
v 139.91539979 -101.20972337 1076.86384003
v -39.31332156 48.87045895 1405.39965895
v -42.50006842 44.21793701 1386.17132870
v -173.71499115 26.33304145 383.48356845
v 190.23123603 -44.15819390 194.93768688
v 183.78441231 -20.38667088 200.49494856
v 187.30098357 -27.67243530 182.05500921
v -186.99158610 4.80907306 753.36279308
v -175.85086481 13.35805029 388.35569819
v -163.78770412 44.21887652 833.11075388
v 150.67487248 -85.26147793 649.88202869
v 143.63388141 -86.55066887 611.75785747
v 145.96190911 -93.93716274 672.18988536
v 165.46421907 -89.90900720 1332.89884085
v 157.84577132 -106.20210122 1305.91376459
v 149.08120724 -94.11387404 1341.22986829
v -50.36791771 123.96327059 863.99317068
v -197.39965830 -51.99883619 870.01764073
v -194.00085015 -73.68284506 857.85039525
v -195.69885562 -50.73296565 854.10208726
v 7.77691153 129.06720685 1466.83703825
v 19.83731581 121.10208948 1460.24283217
v 172.15385824 -73.81385074 1353.73833860
v 139.87002547 -87.08993879 1362.48988860
v -167.78875361 -19.87740058 458.73969615
v -69.22567223 136.27682438 885.19344161
v -190.28019380 -7.83206443 836.32595781
v 189.78270357 -30.99364845 265.60326239
v 189.96888924 -46.25575315 270.84573269
v 189.22940852 -27.52634822 277.95646820
v 239.34492154 5.00421307 1037.98634125
v 242.41670944 13.02211928 1033.62545843
v -134.53231345 -59.86502317 440.16311876
v -157.46759169 -153.44608281 833.11647260
v -190.41609091 -104.93747329 929.38750251
v -189.03229056 -115.50542095 905.13047098
v -125.19655974 -69.81862774 522.02507243
v -170.01642789 -105.55896076 988.06149592
v -3.84211152 -56.40408427 1470.03992354
v -21.98741641 -48.71839409 1475.63617916
v -3.76553502 -55.35456028 1482.30583710
v 241.73642671 -11.02685515 1038.85556779
v 236.25452407 4.97819187 1027.17621792
v -144.89607523 -62.83067794 559.78944251
v 170.91218137 -81.42972081 207.83332214
v 169.39318404 -80.80356510 181.47728723
v 158.27114380 -86.80163003 192.89321636
v -132.30544174 -175.16131299 943.68172477
v -154.82000157 -149.26800467 963.66624827
v 115.42397686 -89.51961514 421.70240071
v 138.08193436 -89.42144948 420.49106865
v 120.14451194 -91.52108200 405.23392540
v -142.66170791 -76.01276821 593.22550237
v 78.99394282 145.02347181 1074.23521443
v 95.41185395 133.02681929 1040.85763929
v -64.12004267 -97.92908868 640.30778904
v 100.37875483 3.70841022 282.04440208
v 5.41958605 -140.40831455 1042.01923449
v 40.68757444 -142.32140186 1028.38365266
v 17.06353992 -142.15002541 1028.67626700
v 25.76020948 162.38922234 1060.86732967
v -70.80430081 -75.66190590 552.35852376
v -30.59992912 -81.98841145 1530.79205437
v -11.01136957 -57.23004909 1488.61300948
v -32.49900560 -46.66558687 1481.31618578
v -168.43055794 -37.22423881 580.13098616
v 37.64665973 158.93623936 1078.80107466
v -169.20457801 39.94184662 835.96285703
v -162.16925477 50.98369802 808.52197977
v -167.19416951 -15.85510615 549.46371511
v 148.04719942 4.50632974 264.69814268
v 30.35345773 104.37877095 1252.63059414
v -161.76024865 -1.15216165 539.66035207
v -155.13470808 64.94641594 780.70889542
v -148.25111273 36.50573041 568.76561640
v 50.78965861 -31.47056803 1479.40312068
v 8.68201576 -56.46282040 1483.33551627
v 5.65520409 -69.12066575 1495.10443135
v 32.88649110 -65.79436308 1494.87482668
v -124.67844037 52.99232623 556.58648357
v 233.81982658 -77.00474331 1108.31566941
v -47.47661041 28.42708947 491.75233675
v 132.94629410 10.06996908 335.68651198
v 126.23128019 10.49526180 326.08819367
v 133.65139630 8.88407163 317.02916817
v 160.77502891 77.77053387 1152.06725345
v -63.80501420 13.46588232 1453.67110957
v -60.21958362 30.90649937 1462.15813288
v -178.42507013 -18.95435093 643.62162266
v -176.12192321 -106.82353186 803.75844715
v 81.94288366 -106.75961575 633.33259415
v 81.18656477 -101.91545183 619.60298900
v -144.27368721 57.77937697 667.86204444
v -5.48116260 142.91135587 892.52559573
v 14.23709010 138.68828262 884.62583860
v 17.82016162 145.27117394 916.36882429
v 169.23597595 8.74728503 384.09621657
v 155.47274079 13.61008291 380.58814662
v 166.86761851 7.82876405 368.16143692
v 142.18042219 -106.93450984 1044.53480519
v 12.07251086 157.55667462 972.11405712
v 10.60886517 150.10531916 956.11952546
v 44.63411265 154.53756414 978.17599251
v -135.96449251 -100.29503467 661.35837873
v -49.69667301 -71.13323434 1531.09122434
v -72.49014680 -10.51724923 1507.23058934
v -86.12700439 -0.64504814 1508.05263581
v -82.68319501 -7.02049498 1520.69478177
v -178.77559733 27.03198088 734.86171482
v 72.45087600 -184.25315617 962.60918455
v 57.57161125 -197.84300054 940.32974088
v 47.69778936 -186.48339179 961.35988425
v -173.27017906 40.64753752 718.00268202
v -153.88474646 82.63973077 901.09574772
v 106.31152226 2.88103108 269.87034300
v 99.63069150 2.09427806 271.63599304
v 154.22410743 -92.74301367 305.57015037
v 171.15351604 -85.58147138 309.10249180
v 163.11462596 -91.17934319 293.99156604
v 50.93522109 148.32685832 1192.79969382
v 61.53311617 155.03540343 1172.58657822
v 5.80536205 -186.02231287 960.31015095
v 1.99305162 -191.85145327 947.62049329
v -176.90865662 2.57333089 682.86941757
v -126.56548946 68.51351233 827.79780676
v 73.44355300 -175.20562672 972.35068358
v 195.17837248 -14.41934023 1122.21550201
v 75.52331098 1.06088984 1544.07367572
v 78.42856899 -3.73894784 1566.58280796
v -19.93406739 -175.48169779 971.91046154
v -189.82615277 -15.10626736 699.12457364
v -261.22070970 51.33633616 1139.10925255
v -236.79667497 66.50788511 1144.52318181
v -236.62933056 62.40092306 1168.98263517
v 76.93152887 41.51285083 443.32540488
v 82.57162656 28.49527442 428.50305681
v 91.58967706 40.36523013 437.10996778
v -22.58479161 -131.90687975 1053.66141807
v -191.21575148 -39.31461993 721.75098920
v -283.50490629 37.77173830 1109.89681912
v -274.62171817 41.20156770 1128.14251009
v -276.20221975 31.58796654 1138.08638698
v -251.26140974 59.71898180 1128.86456630
v 129.46624121 -84.13288381 250.21995864
v 115.86363701 -72.38447027 244.91675788
v 123.80884185 -85.60236458 264.30415044
v -18.68505188 -140.76821363 1041.07218490
v -32.79712086 -139.74139036 1031.77674821
v -188.53149372 -5.01443724 747.87668972
v -186.36320817 -0.74646119 843.26580293
v -263.61501554 -8.07292521 1214.83412933
v -261.07138068 -1.62091309 1216.69731512
v -260.19013769 -9.20578407 1226.70496933
v -22.46175254 -129.50313332 1069.19289786
v 233.15144748 -33.56306221 1301.07897923
v 274.34663302 12.80570973 1109.29059669
v 214.11519787 -95.04157249 1268.55477325
v 181.97430864 -102.43240075 1288.88575693
v 190.31468174 -95.44048181 1295.05432614
v -45.25260570 -139.94958622 1040.00216930
v -192.84635769 -61.94148417 740.53412361
v -145.93274579 68.85698660 774.65073339
v -145.47933549 72.28893874 762.59809370
v 114.84643438 -48.42434028 128.97359306
v 113.04175700 -25.59504181 139.13657837
v 111.80476792 -45.74668563 153.83457515
v 66.66629033 54.20617460 1325.12879249
v -161.00123761 57.65271746 775.20291743
v -146.24559312 -106.96276384 698.30672590
v -178.21655067 36.70074517 791.28389542
v 60.97026445 2.81830033 1454.08200753
v 71.29853162 24.81173547 1504.03233994
v 71.84451119 38.28278137 1495.82911931
v 69.04074936 22.75780834 1486.54881047
v -140.44976695 -128.85472902 751.69633406
v -154.46590421 -123.21108364 757.72851137
v 163.06579854 27.75572125 520.13848303
v 169.57492310 14.12738506 516.13102122
v 167.66086976 16.00467963 535.78355705
v -167.15355978 -114.88549203 765.62141455
v -150.15633390 66.18539045 979.69761554
v -160.85978848 46.28045251 979.39844035
v -105.57855485 58.87421577 542.60335987
v 111.47976836 -61.50900775 210.71316143
v 111.35315400 -51.10726262 177.61923952
v -136.51944469 -149.66683588 791.15705852
v -138.83773999 85.71227760 979.09752368
v -101.54218662 -165.64617433 783.20267857
v -127.91266265 110.22019917 921.32292316
v -109.18106176 118.36676584 939.67423318
v 43.68396725 26.78514820 1616.24277384
v 18.50319607 59.67684282 1618.12829444
v 12.21121443 79.28204153 1607.08351511
v -77.34100696 -145.09091314 753.59652818
v -44.02269992 -61.12025146 1411.43251716
v 158.06130598 -83.81031693 679.71195882
v 180.35089045 -64.37498262 839.16810391
v 182.36087504 -72.15950418 861.81917863
v -38.93627364 -76.68822434 1395.78015350
v 133.41766210 -113.22487012 708.41413430
v -76.62559475 -106.30634073 652.07778544
v -208.69779635 -14.09900897 1326.99203298
v -204.93343240 -28.67052939 1323.46069377
v -217.62849973 -18.11935377 1306.31549157
v 1.66820950 51.08992160 760.51922965
v -25.78839481 -130.28389300 1124.43657502
v -35.92920362 -131.98139126 1137.57364076
v 4.53150931 52.98643467 781.11861683
v 146.19199277 -169.58753140 902.80126579
v 143.64475369 -172.33032818 880.77222498
v -44.30361082 -128.90848599 1125.83837095
v -63.82537136 -76.67890008 566.04465786
v -178.67826370 5.64093082 1372.03259732
v -188.40197667 5.41867200 1365.41897447
v -186.21065219 22.50068640 1356.02254531
v 74.38688058 80.84307551 806.99475771
v 87.13117425 80.16544045 798.23840062
v -53.75257056 -56.63980920 481.20932606
v -66.37612703 143.35450112 1212.05646580
v -48.52819901 127.68757433 1239.44750212
v -82.12896827 139.18508630 1212.49688944
v -69.52783193 -58.70107406 457.00659242
v -134.25469031 67.67339539 1320.02942947
v -152.19249198 62.08429390 1335.66295805
v -160.30696965 70.90918942 1307.16442350
v 142.23794354 83.36835795 1124.11209594
v 151.71713403 66.81744549 1131.98307074
v -159.21983474 -91.98756748 1278.89916690
v -138.87034324 -100.71475484 1292.85174360
v -125.68032913 -110.61611421 1272.88761050
v 253.26576306 -40.39311890 1259.52871287
v 238.62802567 -75.27056167 1258.45138746
v 183.29681800 -28.38727225 954.70327697
v 185.74123045 -52.14192736 949.12553473
v 182.24588253 -37.92917965 967.16993401
v -50.54022723 -33.31854975 425.85248630
v 198.79728549 -102.80676635 1264.04330736
v -109.98818978 -121.83948173 1258.44902386
v -143.88534850 -105.05096691 1261.06405750
v -45.79942670 -15.11661602 436.71132689
v 143.37528258 75.35567338 1114.48072293
v 125.74243504 101.64724203 1104.58799299
v -39.93627038 21.83203171 504.40889574
v -202.33678088 -59.44262786 1208.62352488
v -216.47867620 -55.80591226 1185.82262366
v -205.67252564 -60.86081456 1228.98922039
v 180.64981998 -19.26982464 1021.01824926
v -32.47209071 -124.86555887 1284.70063794
v -29.02443339 -120.51306376 1301.52025284
v -6.70016976 -124.22890204 1294.02226648
v 233.44872483 -94.85178117 1171.51025401
v 221.47106562 -97.07210864 1181.86476153
v 156.89691032 -154.50854974 932.53036017
v 169.22959299 -128.88649039 951.65691272
v 171.30382918 -135.18417603 932.21528985
v 203.14824425 -76.64903770 1144.75448815
v 24.26548197 -126.76074604 1296.95282600
v 11.07251104 -129.02785128 1280.12975399
v -97.36305307 62.74685811 529.10305721
v -282.53738681 55.62832116 1095.18980194
v -271.36248059 59.91081725 1097.41953251
v -273.09938490 49.30501413 1111.72128427
v -65.27034212 45.97195174 478.26527185
v -39.61760311 162.92970358 1169.16575764
v -44.90959979 163.64382629 1152.21274021
v 183.99014947 -63.66526788 189.58391221
v 185.76809493 -63.01146534 211.79812956
v 11.57522072 -104.90138289 1353.60982480
v -1.36677595 -98.99691595 1364.29261434
v 161.26269213 55.36537268 939.19419049
v 149.15373331 76.37581702 916.21802141
v 160.27536541 -75.41357060 1071.30593553
v 154.20374415 -68.03045299 1084.76568997
v -13.32295407 -85.82901380 1386.54089872
v -22.67596548 -95.56609839 1364.09785166
v -68.24854209 67.57032342 641.55682297
v 115.02757629 97.02680488 868.62430222
v -22.40587473 19.42202806 636.02134618
v 14.36307003 -69.36838385 662.77125185
v 25.20993711 -87.92896985 676.60382652
v -309.67377513 76.02227663 968.48371286
v -304.93024729 82.64699293 936.07226307
v -293.10313111 79.16727026 983.64526858
v -143.10235742 41.32485706 1359.45991658
v 46.28862000 -72.73944655 583.37669790
v 18.27332675 -175.52677446 972.76661632
v 177.27864587 -86.37515767 804.75933161
v -130.74539304 69.90721874 683.42677092
v 23.00638662 -134.20715588 1204.85626983
v 13.42805299 -131.57434128 1185.85485377
v -6.10126613 -133.91391315 1214.90209285
v 153.65663130 42.64268047 832.65302031
v 153.19797791 49.44927765 810.70695297
v 181.36753329 -103.64969091 946.02536256
v 180.91815472 -119.76152866 917.06251147
v 39.22292631 -131.55581191 1179.92828925
v 39.39660873 -131.62495019 1163.50711224
v -124.70041724 56.21060967 598.68722191
v 185.58335097 -9.36444903 736.89805673
v -315.67684088 85.22172897 912.42630231
v -317.30888911 91.29321568 885.30502896
v -308.49084788 91.67229389 895.70351196
v -35.65909518 -41.26086532 1454.41966521
v -20.87195518 -48.25659224 1444.54594781
v -35.09707355 -39.58438612 1436.78522309
v 168.44019128 45.18490331 922.64059422
v 171.86217102 8.78432203 1091.08473255
v 161.66096098 39.57607984 1098.83992207
v -46.36610851 -24.15974118 1461.85750220
v -49.25689898 -23.40875406 1438.06907331
v -109.62065297 81.59793681 750.67595284
v -289.52059181 11.65928541 1124.38789678
v -293.53620118 -3.27414801 1116.09829800
v -292.41327333 8.75451857 1110.65309706
v -90.47403916 82.51917668 771.32561377
v 99.69524312 132.13997397 1019.91853514
v 46.25324785 -146.53662587 759.48381041
v -309.47361446 3.78447069 975.82601008
v -301.56652996 3.11455512 954.40547722
v -308.88218671 8.96532429 947.03054222
v 55.55613913 -182.33737209 794.74260766
v 28.29088782 -183.03464146 798.89229273
v 30.21642410 -102.71991270 712.85714495
v 22.64579678 -100.24072415 738.37320316
v -77.52364428 -158.11762544 994.86235960
v -79.27758005 -146.62477544 1012.13887858
v -48.79635618 -142.66738762 1024.75371403
v -29.33515402 99.54048385 834.51486781
v -106.21843428 -136.13800337 1016.79054331
v -136.31431047 -118.25763229 1017.16546511
v -126.49351195 -125.57404988 1033.26428339
v -32.28920960 127.32920318 868.79533796
v -44.51258597 137.02327008 879.36624790
v -259.36708640 -10.00977748 1007.58234115
v -233.63239048 4.73877336 1026.03594985
v -240.92499915 7.23179668 1010.90311490
v 176.60374786 10.20872635 1004.96819220
v 173.83107986 -3.34896498 989.76683312
v 181.18366467 -6.11242405 1019.81084734
v 26.83873292 68.69298741 735.81969879
v -78.30289400 -130.44170904 1257.82957509
v -70.76175393 -122.20918403 1285.95974996
v -55.26693277 -126.44009233 1278.73272207
v -80.59821708 138.43754234 906.87492037
v -108.54946768 125.38004914 907.95633687
v -96.42157888 -110.61465082 1309.72611660
v -126.89649298 -95.24977913 1323.99882934
v -99.81348923 -105.87866671 1324.65278397
v 178.60848207 -1.67011900 857.79722334
v -126.38150292 70.24254105 802.54336936
v -280.86939249 -5.58069480 1170.45795031
v -275.46985464 -16.23482524 1176.76227387
v -282.14872561 -12.47761799 1148.68512879
v -7.64931638 -198.41687033 935.02207918
v -33.78681154 -199.86192879 930.56078420
v -11.11200221 -176.33900057 797.89196770
v -170.90355281 -69.18159842 1001.45218366
v -164.92076049 -83.80833292 1011.10437687
v -163.88595238 -87.56063566 1002.55865300
v -148.74212649 75.00524674 739.88629355
v -174.44842312 9.70533788 988.69306239
v -176.48831529 -8.91291856 980.90208254
v -180.38765276 29.77343466 748.45273055
v -248.12432181 3.11567051 1241.13229911
v -246.65483402 -10.01739548 1256.12106768
v -176.63346799 -4.60523237 1373.64658316
v -151.87308579 -15.20930791 1381.94218771
v -164.58247565 -24.13303663 1372.55184826
v -179.39136761 24.25952384 763.56213832
v 18.76047699 -86.54874468 1535.79342110
v 23.72931166 -81.58973702 1518.03648091
v 178.44058865 -19.92113615 972.25325064
v 130.92718490 -124.93302418 1227.46383004
v -132.62594781 -112.07901227 1214.02915052
v -133.32594952 -110.66018606 1243.11173861
v -107.05628607 -123.65844175 1227.91436609
v 115.75829980 -116.31222796 1158.98575474
v -187.94821575 8.76140800 766.32596816
v -74.78856631 -126.05675715 1175.71166171
v -86.03368393 -124.05044674 1196.28864031
v -183.14125705 9.21892234 1011.84145408
v -184.30814733 -5.97777089 1012.03863879
v -178.33684445 -13.21950477 1002.18720070
v 112.62283678 3.99944224 312.27100886
v 100.20795886 5.92942349 304.06820576
v 111.70667644 1.38521021 299.71049768
v -261.59083270 -35.44390945 1178.54099078
v -238.33964898 -48.74150949 1218.81810946
v -248.99368928 -42.87586966 1195.41991092
v 121.58282313 7.36755548 313.99276891
v 67.90091830 -11.56391670 1600.46847504
v 59.82522039 -13.56426495 1614.55611892
v 163.13935372 -92.07014173 1179.51492873
v 37.49935134 -130.90249474 1278.04461035
v 49.44369665 -137.53071019 1259.58873392
v 16.18163254 -136.22281740 1258.63767777
v -179.34062759 -105.10658846 823.36436583
v 173.84482956 -100.17706048 1250.58412498
v 64.48276927 -139.10723314 1222.52202554
v 46.47971400 -134.63145273 1199.14025078
v 51.53142095 -139.62517743 1226.81321540
v 6.97528408 29.20077914 689.21649196
v -147.59200629 -164.97836771 836.01288726
v -191.86206976 -60.98616970 1249.63130348
v -197.52331511 -60.45949147 1234.86198017
v -204.21843194 -60.62461327 1258.48565781
v -136.19559490 -161.97333558 808.55088462
v 166.98042725 -120.67682636 968.77394138
v -8.36429016 33.85528697 722.60410971
v -5.59119800 30.44648665 747.67401278
v -24.11295483 -131.19758521 1172.71595019
v -6.20283720 -130.20584767 1163.58883985
v -116.12160547 -191.55634970 872.34971081
v -40.51034289 -133.76504406 1231.59051023
v -34.05769396 -133.31642300 1206.26952958
v -147.00703680 98.85021950 1253.91904226
v -160.98453596 88.88777053 1259.56608818
v -159.44601607 87.44927313 1232.61105745
v 100.40159230 51.50392477 562.54496940
v -155.14111606 -163.31484084 922.08003326
v -227.49144139 -15.60351893 1290.10429306
v -226.55028267 -35.52743276 1278.24040340
v 182.11980690 -6.71315548 876.40846675
v 186.91285574 -23.73392135 886.62023505
v 185.02546963 -13.85140077 893.00643585
v 136.75735511 54.91183451 617.07326170
v -90.63558236 -124.96783137 1119.29928432
v -62.12502414 -129.01326447 1101.75982763
v -81.18611752 -124.52426523 1101.07894230
v -18.94828495 -131.22937698 1080.84002748
v -43.36602993 -129.90296290 1064.83614183
v -67.70775716 -204.65530387 894.17118399
v -53.88815563 -204.35548054 856.24878006
v -165.70047409 84.87175700 1231.60698299
v 136.03178624 84.73247044 1091.03698734
v -51.47147063 -173.75106026 784.16404455
v -176.38574720 84.79365065 1251.40821623
v -172.34863198 84.90672512 1226.19950911
v -36.69352223 -152.39200782 762.81965139
v -195.60525195 -28.22516066 919.28682438
v 15.78614469 -134.01190416 756.70766726
v -276.62337064 113.42355346 734.09396212
v -278.78964824 111.50034367 751.56875841
v -54.98694776 66.76127473 1322.59322108
v -35.70773851 76.97323936 1303.49851320
v -30.47696405 70.04839529 1316.07052709
v -193.12342769 -12.49857995 794.87575089
v 113.73845156 -116.94845745 1082.98835067
v -8.53891184 -71.33713858 732.59075651
v -23.85067644 53.18774607 1346.07304066
v -43.63413587 59.74384155 1331.04066410
v -8.90320305 -71.34422530 748.60222870
v -332.71238848 86.62106354 731.61432267
v -314.20665120 85.51886428 730.82511769
v -169.89733734 -85.03898428 1026.12100698
v -165.11700654 -92.20766478 1033.26092695
v -147.95625166 -110.90361337 1025.94860868
v -97.59798466 130.91207995 922.65197074
v -15.97543435 169.53202406 1026.86900005
v -30.87096002 166.31975883 998.73672913
v -13.51445939 168.02949956 1016.36252479
v 15.40247397 -205.75493186 891.73596345
v -2.10338493 -203.49984406 904.12262898
v -57.04703980 162.70109619 1076.19548027
v -77.13857209 157.23595048 1059.22278123
v -46.15547714 167.04368281 1057.18901283
v 256.71893193 -42.93945422 992.74124727
v 253.92302154 -45.13193518 1014.39109513
v 261.83279910 -50.89483991 1008.26864889
v 145.71885308 96.15739990 1207.29799423
v 156.43822162 82.98696049 1210.44833768
v 155.89399758 84.11935686 1223.50021489
v -65.67212589 -120.90627254 718.16207639
v 280.31299150 -2.52924089 911.61575799
v -31.38756471 167.23741934 1058.94720180
v -39.77113167 168.93272565 1028.82492198
v -15.03065601 -80.68598320 746.50320999
v -320.53758491 66.90431504 788.19721749
v -311.83909866 61.41392925 800.03622087
v -307.66392156 68.59632231 791.26575189
v 216.61219943 154.12582520 23.90566490
v 226.22242184 144.23533894 23.86199799
v -11.20944864 -69.69259944 702.13876603
v 164.18714869 -81.54981662 1002.45664769
v 167.52698270 -78.21468073 1021.93207778
v -128.93157958 104.71866390 1209.66117057
v -116.48002335 118.93905486 1212.76749133
v -124.05142479 111.28683313 1220.81344577
v 276.22129668 32.21460053 885.38117171
v 276.32604016 23.83522061 886.81818978
v 281.18663083 23.36708669 874.02657108
v 175.31711073 -52.20267000 1053.15545369
v 165.72963631 -76.09958748 1058.52273132
v 282.43375054 70.26842525 814.44033833
v -105.89230971 117.48198983 1236.15738832
v -110.25337945 119.21472228 1222.68227389
v -268.78453390 50.39427129 932.94506779
v -268.39726786 39.55525024 922.06501045
v -264.53707183 43.19239526 941.16893839
v -180.89474931 84.41676611 1227.02037381
v -184.69212718 77.34064320 1195.24918551
v 242.91309222 95.84673605 22.43910248
v 229.60739098 106.50253841 36.82493546
v 14.69132894 -60.36064288 647.05460944
v -169.56353864 45.06532441 998.70901251
v -178.80281425 25.77776720 1003.78896559
v -170.93431554 24.32991323 986.33873789
v 103.79002905 -178.20802135 961.62235576
v 99.31729800 -190.27260755 941.02744287
v 85.75752276 -193.08108155 943.19653699
v -162.63309694 45.25776256 987.71165167
v 22.13603188 3.80973505 609.24589357
v -32.95176054 -204.92002109 899.92015117
v 6.24914741 167.38423572 1031.35397172
v 18.13527164 165.10584919 1029.81156916
v -274.97456698 126.32501242 773.56703906
v -272.14734888 114.77755794 781.35633511
v 160.43768869 52.36471990 1026.66198714
v 8.59337802 17.51987178 669.52415398
v -42.10730576 101.19802869 1269.92136143
v -28.22126334 94.97390343 1274.67510635
v -22.11314615 86.12027918 1289.49213176
v -192.64676687 -100.88047886 882.83189189
v 62.90256880 -143.80445032 1026.98916611
v 35.09289450 -148.89034584 1017.71039021
v 9.97708765 -9.48467964 652.25483001
v -30.84251640 114.16048649 1250.50437896
v -8.48769872 99.92164808 1265.47694076
v 3.57689349 7.66570837 680.35468243
v -195.24377949 -21.15774539 848.60761259
v -197.13102314 -28.67503433 829.89348214
v -15.36000014 -47.27792395 665.04516490
v -17.58635609 -29.21490929 643.34053773
v -280.36452873 -2.10700732 963.33074638
v -282.63690515 17.10758416 927.15470764
v -290.54660645 -1.54147231 959.54188594
v -124.12361394 112.67053859 1038.31202071
v -140.04554261 89.82868072 1035.42208704
v -192.14671091 -90.39314031 945.59729377
v 153.29823165 -100.70591325 998.98023465
v -104.95864864 129.84335632 1102.93901535
v -93.87556303 140.04604549 1093.80992191
v -79.37450235 148.93969588 1113.86839199
v -330.50024767 96.64865026 828.05935332
v -318.63963428 104.38602070 830.96261851
v -327.28745911 97.50371732 849.32450909
v -165.78976213 -139.18253946 962.47555736
v 40.31014244 -139.34934129 1241.30620760
v 26.86679548 -137.95323075 1230.04444496
v 31.04764630 -138.65162212 1247.36503201
v 65.83465647 152.41811636 993.84714060
v -309.60601736 79.33084718 783.16709523
v -291.35399218 66.23393012 782.04266635
v -62.35842594 -103.03824199 657.06049804
v 90.71446445 -126.30462791 1176.91389614
v 108.67081886 -118.92353428 1165.96634878
v 79.31280246 -130.07137004 1158.87743980
v 89.38777491 137.37262758 1084.02770325
v 92.50322897 136.64877304 999.97046096
v 99.10637869 127.75736410 990.76658890
v 109.98789995 119.58680787 1007.36069949
v 79.20892585 142.33101732 984.59568927
v 86.36494844 123.36247393 963.04816731
v -159.34771265 29.07533589 1368.44254786
v -139.23268821 10.11220913 1376.32960152
v -156.21861330 -2.74073562 1379.15451924
v -144.02344691 68.39646330 801.52660540
v -25.39670954 2.81912603 590.63656292
v -326.93369850 76.36705871 766.68870259
v -319.83400144 72.00425381 758.90087651
v 169.73395853 49.52582081 1155.30202764
v 174.43147042 27.60184269 1149.87316353
v 178.77659473 19.67172988 1160.87194552
v -108.82423565 126.19631637 1121.98885358
v -93.64054566 141.87220292 1122.13764536
v -26.65600128 -16.27225169 503.63556591
v -82.23016565 148.10646239 1094.11716648
v -57.69098610 156.15723188 1101.92509692
v -83.31021583 155.88524493 1015.21384568
v -156.46774308 59.48260047 959.08260352
v -170.35170558 33.70676140 962.23406440
v -150.50691699 70.40284390 1075.60898180
v -107.90637547 134.61292536 985.19156477
v -123.70719605 111.79879844 981.60552492
v 90.44422809 136.63309329 1102.05287996
v -192.88995127 -52.90279678 958.64074944
v 3.96918689 122.59014281 859.47171254
v -22.41644017 -12.68986951 606.26759142
v -284.32425228 134.29787889 762.61867000
v -276.36922234 126.05219452 762.69733314
v 57.98798484 -126.42784618 1307.90417192
v 70.95764113 -130.23106981 1295.01140241
v 44.00452588 -128.61465274 1294.26522942
v 42.28256828 140.62745157 917.00640033
v 36.68740088 141.48461986 903.75576395
v 69.68655180 132.81242836 906.07721465
v -4.60300315 7.35879970 679.09171053
v 111.81707516 108.66948495 887.96624326
v 80.78409443 123.56590393 879.56917184
v -9.99527342 -19.16998591 657.83243126
v -15.48877891 37.64447893 703.02698825
v -283.54358887 67.16856568 820.87556550
v -284.30664065 61.33296453 799.66581512
v -288.66677227 60.82164607 818.33792817
v -99.96215139 -119.72760829 1280.77722452
v 301.92237795 -35.80691156 1094.66864939
v 304.33198484 -22.52333982 1111.74964809
v 133.46968371 104.90985681 1214.32169325
v 124.65871494 -171.83440390 828.44456125
v -56.24357414 167.02572796 1015.02267583
v 101.86478947 -180.67733661 814.84641790
v 2.54940898 166.21213870 1057.62787748
v 12.43601233 161.46915541 1081.05220637
v -6.04260464 162.70636526 1081.04703320
v -186.29734638 16.16070408 1131.42130509
v -192.31966411 -6.24692761 1125.84638524
v -185.89558039 -11.00716532 1134.04341430
v 178.53485932 -100.00881566 25.58806975
v 158.61348660 -102.19330940 26.89071937
v 167.80324377 -101.68464222 45.31759162
v -40.79796718 70.47061843 726.53655129
v -278.43489859 76.46388099 751.03919677
v -270.71666782 79.79713360 761.03361225
v -271.60108485 82.92493572 749.92844857
v 160.07577753 -100.83157889 46.92337759
v 260.11791913 -1.50870211 1205.36765594
v 276.18180578 -16.55848123 1184.46297479
v 172.79481240 -45.51907538 1064.28862818
v 174.74496134 -100.34634834 849.93306595
v -98.94678339 129.68032767 1216.47566537
v -86.45967583 125.35000634 1233.48773350
v -20.78478473 47.73883839 796.14286354
v 133.69749231 -158.81166380 820.27885589
v -13.39312771 46.65120267 795.51799957
v -34.81326365 139.93124600 1221.07461306
v -305.53306925 90.69862263 723.60507063
v -295.80898895 83.73826694 729.60221254
v -292.25209327 100.33802188 727.83681483
v 29.06939198 73.14013167 798.17149963
v 171.76361013 -36.34760468 1143.97395146
v 172.54685190 -44.37772867 1132.72879068
v 165.64373884 -58.41853173 1142.11616940
v -17.74807953 133.34036254 1229.71404279
v 25.67024338 125.82915224 1232.90323633
v -3.73475442 124.70920687 1234.46587097
v -5.98067795 157.11219240 1176.63929960
v -36.70432678 156.55866909 1193.20827707
v 108.33899433 86.76809697 853.84993984
v -163.38534114 -68.35887440 1067.51010990
v -166.78999753 -78.11940981 1057.36366898
v -174.52645399 -56.44282140 1056.88122070
v -104.84657152 120.66530741 954.82807431
v -281.02236823 77.60060377 758.62160155
v 179.31122733 -13.17245995 1142.61890844
v 186.91635339 9.79010454 1145.96296133
v 179.55969044 7.18893115 1148.42941776
v 17.58369382 157.28428663 1106.26010689
v 45.50341949 155.49268417 1145.98338820
v 139.69624557 -171.01687705 862.98503494
v -35.26952610 -89.93937043 1376.28112558
v -5.74345466 147.67791391 920.36677256
v 147.21321647 -155.95538781 843.84720093
v -148.52907357 99.32394670 1230.96105919
v -149.55675611 93.81719197 1222.67616202
v 186.04027594 -100.07483545 899.05701274
v 177.39364476 -127.32070725 889.18390590
v -22.56699841 -128.76982833 1090.85279599
v -13.49151680 -131.20097036 1110.14826650
v -4.63813511 -129.26528359 1103.69220350
v 165.80718472 -147.79209527 884.22646541
v 173.87479313 -132.05647973 905.49249696
v -47.96707045 45.47962157 1348.20713451
v -185.43914404 -3.10564333 1368.23813588
v 170.15322317 12.45265349 988.14750487
v -92.31953030 -124.44831722 1215.90877880
v -104.21495584 -121.40004880 1204.76665554
v 175.93642087 -18.05538362 988.08196225
v -26.65957119 122.31069575 1242.47773219
v -6.24097827 107.31823699 1250.94928714
v 148.50982983 -77.25584735 584.47505300
v 125.79824624 -91.74576541 582.84832461
v 127.40834490 -94.63107575 603.70000480
v 184.33560957 -68.65974819 969.98688237
v -58.45141050 57.02853515 1445.73611076
v -61.02088569 46.84272363 1451.21854096
v -56.87206287 35.56887653 1427.51500450
v 63.43827910 -140.27456934 1246.97394502
v 178.25243163 -52.57978439 986.03212186
v 176.51606616 -35.44297703 991.34012228
v -94.92850307 153.34446989 1144.03395228
v -258.03421060 -27.12525936 1209.55841331
v -245.62982267 -27.09801245 1247.78968869
v 120.65276329 -85.70398375 531.88538828
v 118.46169956 -89.92464811 558.17103516
v 132.31943935 -82.70051257 539.98216731
v 163.13725469 -41.84637572 1080.18022521
v -19.04901278 -78.52742390 1394.90026692
v -15.71730124 -66.62940345 1413.25011181
v 166.48351848 -26.36080952 1081.06326434
v 161.00407699 -152.23271410 903.71366789
v 144.36587124 -167.82630473 922.75178861
v 80.74834781 -131.95533675 1141.91395316
v 81.93805286 -126.08151505 1117.37311331
v 51.85418494 -126.96825744 1125.33455656
v 168.00112566 -61.49712296 1126.63020790
v 175.25749567 -28.28201558 1118.19743043
v 168.26347859 -43.67102481 1108.59575766
v -64.08928036 11.99416465 1430.86533750
v -58.34250821 -7.02677620 1433.70759348
v 173.14466812 -21.03842671 1105.43356033
v 168.95165199 -31.95000874 1090.20542869
v 65.65080684 135.01311974 957.82544863
v 65.98704217 131.00530142 942.03702445
v -319.20429235 28.75041362 1037.21587570
v -316.35482264 20.87011477 1048.07135415
v -323.45229824 27.38590132 1023.50775577
v -27.57233813 -135.19769530 1239.53063261
v -41.59461157 -130.59907889 1268.84988524
v -6.38800685 -132.47137176 1267.73207349
v -77.20801210 -141.66924165 1025.33810483
v 11.15495843 -180.77335731 801.97717812
v 1.84049255 -192.04848267 824.93240135
v -247.92808968 43.53039494 983.14652131
v -247.05786163 33.55632607 977.22616209
v -238.15538310 28.81302233 1003.52477319
v -47.05284696 -118.54502194 1300.55946388
v -68.49633214 -114.69187360 1308.89134188
v -39.35383530 -112.27437523 1314.28769061
v 169.02417765 36.30362939 1017.50318924
v 155.18837445 59.84565808 1008.40574810
v 160.72287132 39.63970688 993.16373772
v 32.51930241 -128.25629028 1072.81767081
v 0.70993733 -131.52208269 1079.11996349
v 22.96916875 -129.87999686 1079.46661990
v -2.83558303 -199.95283655 919.27791267
v -310.80048209 80.19335602 742.41075422
v -302.02753029 79.00374992 732.00930461
v 117.47798263 -119.15724132 1120.85848641
v 109.63130370 119.98750687 1085.67910268
v 188.20443589 -38.29115903 920.06733734
v 190.74615819 -76.81967606 926.76084341
v 190.49602241 -73.64345580 938.70986249
v -223.55546267 -56.57726586 1225.43088173
v -232.51449459 -51.84552238 1183.80821542
v -177.91505038 -58.52563259 1016.22916894
v 168.28207935 21.59429555 1138.20635733
v 185.14637937 -74.49316549 956.63608108
v 171.98802375 -19.92479621 1132.68630332
v 166.76617285 21.24117569 1131.43529140
v 172.14110742 0.13409177 1120.75535288
v 163.20948965 -149.61735066 875.25481990
v -237.29838841 -0.41427251 1274.85304447
v -236.56232292 -7.86142211 1279.65493685
v -240.81469708 -10.77181539 1271.38650744
v -76.64304105 -131.89622571 1081.66490988
v 185.61764848 -42.06396395 874.15781247
v 189.73740022 -44.81647071 894.89115162
v 190.90326571 -47.73622383 903.41029473
v -145.23590397 98.31206535 1264.76447810
v -159.24496369 -58.56680530 1076.47853548
v -146.95574013 -80.01945317 1082.41645462
v -152.99715731 -73.95681077 1076.19105137
v 76.15146713 -127.55208796 1066.86130438
v -17.65698257 58.80853009 1335.09192308
v -17.21382755 65.43455649 1323.27966725
v 23.55678940 63.92153520 1323.94866601
v 90.70872627 -126.56855709 1080.16426922
v 68.46673021 -127.66406884 1083.24703839
v -182.61544721 -36.55347759 1018.35535677
v -180.87295146 -54.51713200 1029.23427349
v 140.03487467 109.24324223 1196.08491616
v -1.07327609 134.41288543 1511.86811529
v 0.07654131 134.48749156 1520.61867835
v 53.01730893 -81.04091326 587.72185563
v 124.49456192 108.11992849 1219.99907193
v -164.32386271 67.09415596 1182.79794856
v -157.34553391 67.29465061 1180.51480839
v -158.56466904 65.94438296 1193.53711567
v 102.34353914 -31.83402732 204.73195317
v 101.10659392 -27.81720771 196.35907273
v 100.19561289 -24.43399069 217.51028916
v -42.47359817 112.91594497 1508.86563583
v -31.37204754 112.87412626 1516.01013195
v -67.30489627 160.72487140 1175.94015890
v -56.46381448 152.96482970 1201.26352160
v 75.02089238 41.23627338 502.03905723
v -5.75322323 127.40423569 1503.70680879
v 163.22017325 -40.68292145 1085.44135614
v -186.07536114 56.87490348 1328.59801438
v -203.41149424 48.72444321 1313.89398479
v -193.44440026 62.77107754 1302.39663286
v -275.48761929 77.84068575 892.49048858
v -275.08668217 69.97771563 891.15521693
v -275.21655967 68.61417145 914.92523753
v 108.41728869 -4.14806340 148.45223241
v 101.05635168 -13.23478803 161.54872209
v 106.20013730 -12.09174186 137.22003707
v 77.07457214 -203.10744389 911.14738058
v 83.95884882 -204.01605178 886.78119158
v -157.30517259 68.31105109 997.19949179
v 73.41252433 -198.13718635 932.18486963
v 138.20205428 -118.70759821 1003.73888654
v 114.82054693 -141.65587497 999.11593214
v 111.73760161 -134.66316955 1012.64913277
v -87.57683772 87.77678411 1294.89037938
v -77.11653744 109.87031106 1264.43453946
v -59.35621926 97.06874921 1277.12788860
v 30.68656527 72.65151704 752.23354140
v 102.41455959 -146.95757546 1000.30901645
v 97.17250263 -141.90282667 1013.79161091
v 138.30933529 -124.05657545 997.89877239
v -88.29758472 149.75848976 1063.46235884
v 149.14251577 -141.81735327 971.60890796
v 127.95052610 -154.22702239 978.43164101
v -6.29993317 -131.13920287 1186.67778570
v -278.55956864 76.07429535 913.75014502
v -250.63475401 48.32810566 1174.74838963
v 58.35141459 152.33879403 982.60103910
v 66.07718358 -131.73285616 1182.13680043
v 89.66992395 -134.66425724 1207.65874177
v 85.56684941 -137.55137141 1232.24266641
v 102.25589399 -133.83379579 1230.10832287
v -295.18773532 75.78517914 741.28820579
v -303.26300109 78.34264763 749.76814905
v -188.93056035 37.79543986 1344.99654802
v -204.02548168 24.22289453 1333.62687945
v 173.97358711 12.16331680 1146.07549829
v -186.56316081 -74.10017906 1270.64544925
v -157.28640778 -96.60165076 1248.81209167
v -165.99817729 -87.92158482 1237.31332968
v 58.74683481 132.57660550 882.70229263
v 56.54913675 -131.43371268 1279.80059534
v 30.60554918 -115.06048799 1335.61401467
v 28.72859819 -120.92764431 1311.36481816
v 17.36886060 -114.38245983 1326.83048730
v 111.21836539 -116.05770509 694.39749163
v -258.07954239 61.04189998 1054.71058491
v -243.70381017 42.30995586 1043.30652457
v -251.23633764 55.19324694 1064.57485409
v -272.36645872 -31.16023721 1098.98958579
v -254.10070066 -33.94077582 1097.81882213
v -261.24517664 -28.54539257 1073.70520974
v 190.31672855 -66.94030664 1148.69818513
v 178.46320195 -47.75223501 1146.07867866
v 139.07545080 93.37993097 1233.31185347
v 193.86225493 -79.49947567 1165.17715706
v 160.58397213 73.31663358 1202.33738643
v 165.53175589 54.72112743 1191.75501493
v 180.01418908 52.13437190 1217.71686819
v -296.62896181 81.47800239 769.33467847
v -293.81493081 80.90465873 757.97851245
v 104.88274671 9.76492066 315.99528923
v 99.63582649 9.69964143 320.84044834
v -206.69359162 -0.62400914 1092.41058115
v -196.78907797 29.42688435 1117.06609595
v -208.76861537 18.97055773 1087.80219468
v 92.56223235 0.15293844 299.37618204
v 223.55939911 11.19347790 1102.17177794
v 160.77681674 -89.22533712 1039.56899093
v 143.38532401 -110.82259463 1029.97970271
v -128.96330445 -106.01886792 1145.80914104
v -135.33632008 -103.24562606 1137.22579662
v -142.05188568 -89.68227180 1151.73912153
v 172.63942660 -6.69038113 1089.52606778
v -260.57824144 96.11721511 770.17074803
v -264.65413144 87.65316225 767.27127741
v -264.76723962 92.35832131 782.99701061
v -172.73470576 26.62075381 1068.10138611
v -171.13897651 11.99239882 1080.62475940
v -175.39736232 7.46530296 1057.06331731
v 44.09716000 154.19619159 1099.91820025
v 170.41293364 -52.48058370 1149.53206813
v 295.57458499 -62.80700107 1064.44695700
v 289.07624854 -69.73076296 1084.57462812
v 64.56413789 123.06843198 865.43603590
v 50.00684618 99.47521238 1474.12582984
v 186.01292184 -80.39859395 875.68748617
v 181.35342046 -105.53582347 872.03663163
v 188.56506699 -76.34373532 888.56128423
v 57.01703796 94.65019431 1503.46788859
v 61.80508548 89.58103408 1488.36860995
v 67.19216649 75.86396129 1516.06845241
v 169.80565037 -132.22096084 862.70108400
v 79.96817089 124.50232704 932.86154822
v 88.90476567 123.45454076 916.96345345
v 103.35541667 108.08149235 944.46469102
v 12.50340202 119.61827341 1511.42849421
v 84.17087407 121.15732584 946.66148493
v 102.59225633 109.56575478 965.43668548
v 110.51486964 106.75954372 982.67783909
v -177.27483050 75.59834630 1282.82200157
v -165.78620919 81.04896828 1278.90380039
v 119.62776797 -189.88760747 903.70618104
v 237.23367095 -8.55019101 999.97264963
v 240.38126621 -28.79039323 1004.88557729
v 248.78461392 -12.31274583 967.01011183
v 99.69531006 -197.54955728 906.57003279
v 101.66227311 49.16767552 1321.06127286
v -188.67225686 81.79694574 1230.17424722
v -199.27608189 76.70799062 1214.30694025
v 271.94031461 34.83164612 977.09722409
v 119.85976506 108.08334257 1020.77325202
v 121.26134310 104.42830544 1003.12994500
v 138.81919919 84.74185970 1008.70448926
v 139.92968954 72.15116845 991.76072034
v -263.67820360 27.78376269 940.31665458
v -254.72293537 45.73685131 953.99619332
v 183.77960895 -15.62306914 906.51010285
v -222.47294210 19.51538493 1298.71168852
v -229.93111523 6.91450638 1294.22576462
v -233.12397189 16.43717706 1269.31202525
v 239.70855231 -43.79901495 1281.70013386
v 124.90683617 102.06283950 1095.86852894
v 260.42578450 -70.28559920 1209.16023349
v -76.65121247 61.51562352 1567.25534070
v -68.12197361 82.10478918 1560.40856470
v -65.41340628 72.52376573 1584.70419502
v 210.16367238 37.49745951 1211.97844921
v -29.16817236 88.18326825 1600.61246328
v -40.60625193 81.12750395 1604.56170699
v -39.83462216 93.77815515 1587.71695672
v 107.02538155 123.19277471 1102.96567053
v 179.57837384 24.13778857 1172.40890656
v 111.60432494 123.92390071 1114.95352822
v -52.62966994 77.66777469 1597.93617360
v -60.58326492 56.73889789 1605.28616970
v -173.21654645 72.44167298 1180.96103876
v 217.03913094 -88.90142864 1149.94411079
v 66.47347653 -3.35164667 1402.80446458
v 98.81202172 144.81758529 1177.57350046
v -173.32174672 23.61002580 1126.63471764
v -164.77256508 37.27258305 1091.14336626
v 70.15241171 67.64099924 1505.48167560
v 227.33273027 -67.72639465 1093.20541370
v 221.65794450 -55.01890207 1088.18481227
v 82.61318136 153.83868065 1158.85272565
v 60.58398686 54.90599046 1456.26222012
v -77.89790259 61.59647390 1555.10382940
v -85.67920427 34.06473070 1559.96535803
v -79.11278263 55.58346378 1549.29454581
v -331.11846196 61.52540831 798.85566030
v 158.71802267 -69.12401738 1103.98170949
v 161.14970319 -70.12234471 1115.72820992
v 295.15209187 58.25270157 877.58743785
v 293.98098388 52.56295769 891.32153122
v 287.43539580 55.38180273 881.83367638
v 44.44640409 153.96991695 1135.97020198
v -79.83389022 49.02742285 1501.71683747
v -69.91424727 56.77159250 1461.09961797
v -46.57895331 84.15063104 1433.97062416
v 158.73613377 -59.31377542 1092.89753948
v 6.22766055 157.05246153 1107.60798132
v -3.18654808 161.05315675 1098.18528990
v 277.51045190 39.68362992 883.24536304
v -10.84751614 156.12244341 1125.97625307
v -77.14086721 9.05812716 1491.32727400
v -21.58636605 157.16887502 1107.37055278
v -71.26497260 35.64637221 1475.25061117
v -42.35420352 161.86355933 1089.82299266
v -19.31793885 167.99022845 1061.14888526
v -178.68512289 34.88770161 1012.70553690
v -185.58174737 -0.36287419 1023.86364948
v 285.61737281 -52.29320723 983.89266435
v -11.12218705 168.58196282 1044.89990059
v -5.13935186 111.92496181 1549.21005309
v 93.55219971 -200.25945259 870.51356787
v 209.97203798 -12.00425525 1101.23968675
v 213.42778537 -3.93464691 1104.40342365
v 200.02135651 2.60079122 1121.40888495
v 44.40131736 -188.76562600 806.83961154
v -68.06344196 161.80728149 1034.06259550
v 289.14788066 -59.58517903 1130.68831367
v 291.36695550 -60.26574440 1146.64834305
v -105.99609653 -127.93955091 1066.02768318
v -104.21816115 -132.16206233 1045.16625123
v -121.97132077 -123.44717520 1052.12154170
v -45.79807084 104.89582195 1535.75086427
v -53.61473891 107.41172452 1524.90928069
v 113.95926627 -165.88664167 803.24603109
v -12.38395329 114.18254385 1545.98529367
v 192.30055234 -6.40701909 1126.28623427
v -297.15577537 103.63425524 838.29055513
v -293.50129776 111.54120124 813.71363510
v -286.61288902 108.74157637 811.39589361
v -69.13895165 157.83702829 1080.82219738
v 308.75743521 19.55967247 1016.89768202
v 296.89606274 23.69141040 1019.52381697
v -49.71835438 156.52783574 1124.21455174
v 114.37112565 -3.75158122 1376.29946013
v 111.95250064 -13.63190133 1383.80276125
v 97.49908588 -6.77817104 1385.46864919
v -79.96780922 150.77517179 1122.44329812
v 192.54322300 -72.43975572 903.87510864
v 191.23676910 -89.99573858 909.87266183
v -87.03765553 155.02420500 1139.44015048
v 325.96558672 3.89778891 1011.12230972
v -65.45346076 163.07929764 1149.06137798
v 76.37714072 -10.57295776 1398.88144258
v -66.56768042 162.49849731 1162.72158243
v 120.99914229 -28.15734119 1391.44932072
v -111.66662860 -115.16652122 1088.54933451
v -104.46402275 -115.57195940 1095.15903108
v -115.81935526 -120.08906758 1078.19253005
v 175.24517712 -15.44877855 997.38883026
v 309.34568473 53.57944609 869.90091687
v 310.26575123 52.40946333 850.75007830
v 319.31783432 52.01454298 862.62373947
v 163.96418436 32.86360443 1057.25545579
v 166.53668558 30.32970913 1076.34921425
v 169.99231180 10.66638562 1081.59729543
v 8.54871522 110.10110273 1237.40009437
v -180.05254878 -27.71844245 1049.66579761
v -180.07390268 -6.57353276 1044.88747804
v -174.92080324 -14.37633133 1059.22107147
v 314.10720878 28.63791600 969.59117700
v 11.79114264 102.97328933 1242.39218217
v -70.06060454 64.36863989 1463.73276256
v 13.83089374 97.96264887 1263.46379573
v -53.32996642 105.67729218 1509.82019029
v -10.20630200 91.44679825 1281.37515837
v -336.69002739 108.76795987 791.85287653
v -341.99314363 103.56052335 786.35564422
v -342.46260005 115.84703142 773.96365769
v 24.05805486 90.16559070 1278.85278722
v 11.94548790 89.43704847 1285.06285549
v 254.67557801 14.54182550 1092.24696161
v 24.82010476 78.18081428 1302.18247677
v -0.54168041 78.10304505 1306.91785478
v 176.74275274 42.41914396 1206.47489103
v 171.42950980 35.91021460 1196.51380234
v 162.46636425 -108.97281910 1257.56303302
v 10.27484799 56.55829392 1335.94002583
v 54.93183807 -159.76059437 767.37676479
v -6.18110870 54.49091212 1352.47445723
v 176.82199258 -74.63049451 1181.49838501
v 193.54184687 -92.62710511 1190.12615873
v 313.59886117 -11.00309454 1069.97694226
v 311.13799534 0.63194690 1059.99947013
v 78.64653981 -143.17261631 757.30939645
v -18.70661966 75.66417389 1306.05943207
v -318.10170819 68.56396669 968.30052690
v -312.27237926 56.16525298 1013.19619287
v -327.48003253 46.38723196 982.06168490
v 208.89644649 -98.73998613 1189.22119669
v 143.91123197 79.79422462 1262.90347059
v 265.30260611 -81.90359127 1170.34208218
v -72.00995438 78.59684409 1304.17158859
v 171.82847591 -16.27779081 1138.55008164
v 168.34191824 69.70453688 1255.48931047
v -66.39282852 117.12590601 1254.26358037
v -49.22614173 109.53446839 1258.35563848
v 199.89518080 17.77345948 1321.15638610
v 213.12100744 12.70678696 1305.01122152
v 290.78403537 -68.64813758 1106.20473183
v 279.92575917 -71.03840565 1133.00910566
v 195.82993737 27.20521624 1305.52546290
v 280.40339647 35.46913856 848.09768980
v 157.64025126 -113.86365825 1267.01545736
v 166.07659635 -99.93893803 1239.14306513
v 304.38497291 -11.75830548 1103.91311646
v 221.52986627 28.95083152 1232.17584475
v -1.72960863 131.49005460 1465.85424469
v -137.79972936 102.17854755 1222.89989136
v -237.39967781 22.83826099 1002.28334802
v 287.52285302 2.70002491 1120.66171627
v 94.14207554 -119.95355151 1327.71162593
v -128.79277550 108.42301281 1236.36619879
v 230.67385374 -7.96526047 1071.50164133
v -134.84683144 104.32588311 1257.93358006
v -117.60666593 105.21536625 1264.90462826
v 157.51920472 -84.10729771 1126.21870897
v 141.10680066 -104.72078137 1125.31467114
v 151.79702730 -93.61009232 1134.13916225
v 110.85491792 -111.95843213 1339.58592447
v -195.17831153 70.57361171 1270.24116657
v 167.76989527 -101.22747623 1300.22475149
v 172.24228977 -103.38865663 1285.24386411
v -9.98322610 -205.46664338 883.86874531
v 150.85997739 -115.76940873 1284.85182474
v 64.58464239 -135.96196663 1270.63186778
v -190.57047887 -27.17523129 1140.30032783
v -180.68669716 -22.32965831 1153.13081035
v -179.90192717 -12.92125824 1139.34835251
v -151.03652915 73.07162639 1210.60256354
v 196.73345199 8.92252069 1134.40563148
v 66.72760401 -43.96749567 1531.11026425
v 57.26573211 -57.73409154 1542.73540159
v -334.85686535 86.51556181 846.90903238
v -336.69739216 73.88958880 866.12588090
v -336.55347925 66.64646569 846.68426428
v -129.97228280 121.05870887 1145.25589231
v 59.30895605 -33.39067091 1425.19947896
v 48.92803041 -45.47125259 1428.85952393
v 141.87131227 -168.52927518 935.56361940
v -127.89415237 100.30472497 1124.37711058
v -11.75604141 -101.73154876 1353.84297575
v 52.79145185 34.09211090 1402.93568999
v 13.10883743 33.09966403 1631.41605055
v -1.79092387 19.92205722 1637.89507763
v 3.40841882 37.83287128 1632.63203903
v 62.61136110 -2.28844135 1412.84855034
v 60.08449914 19.18073403 1429.23877539
v 24.04325996 8.40531345 1632.36339080
v -108.80957183 126.86410225 1066.94020376
v 173.59455109 -39.96799007 1377.40291381
v -104.41396214 137.63677335 1040.50900680
v 249.39306494 -83.72266680 1109.59385205
v -89.97245843 149.01058999 1041.04684092
v -62.44349185 20.31098428 1420.76623401
v 196.98096845 -26.55987641 1358.07267919
v 157.73686056 -144.87412756 951.60632391
v 105.72888773 26.79735595 1343.83387587
v 244.04016950 -47.96948971 1041.60593519
v 247.96526013 -58.39501287 1043.76975829
v -149.25334064 82.59802977 1010.59016923
v -264.61010881 69.92198296 968.17974747
v -269.82683189 74.98834971 963.53779440
v -273.96474312 73.46242233 935.50550523
v -155.15027910 69.23190798 1037.76300318
v -163.90905801 63.59125942 1012.91452484
v 272.56479345 -2.76388995 1171.74147830
v -170.61265724 46.94313772 1033.40920224
v 234.64759530 26.50540980 1146.54357807
v -70.91157043 64.26473468 1323.80304785
v 283.57366314 -16.85337401 1163.94460539
v -142.05852684 89.25270384 993.77648529
v 244.05740869 24.58665834 1134.12650093
v 212.95511499 22.36380743 1286.30388512
v 259.24589805 18.38981300 1128.50610069
v 202.69105615 -77.45972837 1308.13782193
v -177.90180299 -28.05904091 988.92941407
v -8.07558646 63.55254422 1392.77269265
v -6.75577708 57.43077924 1378.82378242
v -174.16543508 -52.02923979 1000.70604858
v 158.25747544 52.38466551 1081.17452031
v -151.37200667 -102.71331335 1010.78346432
v -153.28349413 -106.16172041 1004.06448341
v -159.75806335 -127.03259806 984.62363930
v -134.99069353 -122.89576594 1008.08880523
v -118.70162712 -132.91563473 1008.84282433
v 146.34937054 -86.72909217 1104.83481321
v 38.82910550 -53.02946628 1427.51970257
v 33.37986795 65.03093686 1417.82862317
v -82.91093696 -138.41299854 1039.02801092
v 28.72859713 49.78733694 1365.54345949
v 24.06569544 51.00454995 1348.13094272
v 55.26408116 33.87722276 1372.65797661
v -14.74590548 -153.38038996 1009.39212596
v -20.71942148 -159.47203852 995.02309940
v 205.05848322 -102.92993780 1213.65568754
v 36.73046078 107.72283447 1457.36234808
v 34.17714281 104.67518065 1442.12941096
v -70.07932625 -175.24205998 972.20301559
v 57.10389728 -126.73976438 1072.22788738
v 12.91731561 81.25547269 1408.70895275
v -93.93608862 -144.74666144 1008.77275112
v -143.96370216 -79.16690945 1342.61526491
v -285.95918984 140.74571832 773.96866321
v -292.78648260 137.09531990 757.07746240
v 279.63664096 -18.73792616 931.81182373
v 7.20149738 -155.85083166 998.93323378
v 70.22279915 30.27671964 1550.30583935
v 75.93860951 19.71708281 1531.98880952
v 104.70740420 93.95281417 1262.83843772
v 26.58840936 -154.90205914 1000.96485242
v 56.25415944 -22.59445114 1490.07381793
v 278.74861774 11.67541717 890.66270512
v -4.03766992 -149.04409710 1017.41834896
v 108.72606011 -125.47695136 1291.85943704
v 126.20418160 -124.81064982 1031.44689643
v -45.77435904 96.00430376 1439.32348049
v 27.44751440 -78.74243302 1403.11042717
v -10.66804725 124.74594490 1432.23934770
v 51.63515432 -128.60505255 1079.39053706
v 301.40116179 58.29209505 872.67138525
v 293.81299300 57.29527103 864.08558091
v 274.64359172 65.66479562 819.40924362
v 11.51648160 -128.53937789 1092.69759484
v 57.66099087 54.84579293 1577.74416310
v 65.44708093 34.58039210 1577.98978630
v 263.70303884 28.84608480 1044.38065700
v 272.39978599 26.02449580 1027.99666406
v 280.89778000 23.06950036 1045.94971672
v -47.67219706 -132.30141969 1083.12642148
v 35.29939193 -62.15388312 1418.89960167
v -46.58766659 -130.93003204 1092.03221114
v 101.30248211 -161.67396351 985.30730966
v -13.74421520 -50.95257836 1437.53331766
v -12.55522432 -53.66560891 1459.28109377
v -6.38588897 -52.38461831 1444.60327499
v -98.85162738 -119.95448151 1149.01313508
v 36.21873904 -102.89158570 1368.76593644
v -75.93828210 -126.99910567 1134.97739931
v -58.44058606 -129.93561953 1122.15993001
v 134.00428543 -112.14569423 1134.68670115
v -63.36280365 9.94003452 1476.16161528
v -74.44293685 -131.04584806 1224.17194970
v -54.08943876 36.55093389 1401.60549724
v 112.28679447 -125.20622854 1183.12421791
v 174.87663697 -31.36501075 1124.65963497
v 53.73053184 -64.12878491 1564.77877374
v 154.63312313 -107.80898335 1200.99638366
v -50.53435287 42.20717836 1416.08231536
v -118.70930933 -110.45344373 1291.53240658
v -232.52241895 57.01989847 1208.12631731
v -256.12832349 34.92105231 1191.41667132
v 49.85839858 -138.77019857 1043.73926857
v 169.95068509 -47.87561015 1377.44516680
v 155.93820482 -51.80116377 1380.25237633
v -75.42354853 -118.48727841 1295.29543899
v 0.46665976 128.95195998 1449.58604009
v 81.09150860 -149.34756925 1004.86482879
v 65.93314011 -149.90754357 1009.28753086
v -67.55696541 -133.01533842 1243.52148471
v 135.20114303 -101.96947803 1342.26587197
v -8.39245594 129.75678198 1441.84211792
v -96.18566657 -128.00957243 1241.97236358
v -5.48832535 -136.14887682 1239.75786162
v 174.54611042 -63.90286525 1039.89909712
v 206.05674203 -44.20327709 1109.41791703
v 211.71027205 -51.55775517 1100.05259533
v 217.68665598 -43.93847624 1084.84669439
v 155.11080235 -98.75835718 1021.35257500
v -47.50490297 -36.62126785 1488.11285404
v -36.81990750 -40.90037285 1467.21859329
v 149.81677945 -123.45700930 988.25982799
v -15.66913675 -129.61050200 1138.59274543
v 11.00895787 -132.00863872 1148.00859419
v 83.23744624 16.12074975 1373.12542994
v 240.00615807 -10.41332666 1050.84722128
v 3.19811698 -128.84891796 1127.28139155
v 2.85864326 -130.51455068 1119.98752939
v 25.06359160 -51.05982199 1472.85402873
v 21.82428150 -129.74213816 1132.91416641
v 33.76216913 -129.64063054 1125.16906892
v -224.31746745 4.21978981 1049.42853126
v -223.68241914 13.92340798 1051.47706927
v -234.43648329 15.78350423 1016.98402437
v 105.98683052 -130.75777339 1246.17935889
v 41.93385152 -128.88344384 1103.01821622
v 20.15693564 -129.03522620 1104.85476098
v -89.53763042 6.35040778 1532.89214519
v -81.83997559 -13.12100285 1526.66075065
v -43.00232825 -132.12607061 1105.20699162
v 108.32491431 -124.41560008 1147.98893063
v 57.61154080 -127.10971897 1095.76053346
v 83.07004721 -122.98790791 1105.72673260
v -12.68627752 -87.79414742 1559.32001462
v -23.16291106 -85.95035897 1542.86034895
v -31.40993683 -83.62399880 1543.21335629
v 109.16060484 -123.64692246 1130.32284006
v -173.58503476 -23.87234456 1151.67598726
v -177.03346563 -20.90386941 1139.08406605
v 68.72820323 93.77461103 1267.74815679
v 29.38792921 -54.75894576 1485.54050135
v 58.98524050 -127.35465554 1113.71695168
v 165.44726269 54.37505786 1145.97201484
v -23.96715412 116.32867008 1498.96185696
v 35.54844709 99.51546440 1261.68710203
v 55.00997650 -130.83060177 1140.18155207
v 59.74194919 -6.32958040 1486.88959079
v 11.34723251 -137.62769134 1230.58959574
v 28.74741236 -135.38329368 1216.19458202
v 214.66458999 -93.65716800 1168.18923339
v 68.21857553 67.99333454 1534.58006279
v 165.83642255 1.43480478 1066.84478718
v 85.49057145 124.62054832 1218.94158793
v 155.66200881 -98.94143677 1167.86998916
v 163.51118875 -83.86005331 1161.46122588
v 4.37676822 -115.21927622 1311.47844268
v -253.34476206 -33.95041148 1113.16315216
v -229.14399359 -30.38099922 1107.24435993
v 125.99787398 96.70536192 1239.07019468
v -19.82054013 -114.22647760 1311.68967678
v -2.12862355 -109.79572248 1330.94751926
v -31.09000722 -103.35964942 1342.36965652
v 48.46893656 -121.83220172 1316.53016588
v -47.75432389 -90.26761373 1371.58196816
v -33.10570094 -62.62517269 1495.91733441
v -47.93509125 -57.83844449 1501.48657280
v -40.54104472 -73.07245322 1517.06325582
v 87.45258381 -136.32431281 1261.69565154
v 76.16102654 -135.37615607 1272.41067526
v 103.30924350 -129.01380933 1278.22056856
v -70.48316057 -38.31888023 1415.83949940
v -102.33975679 -18.49372014 1403.02777414
v -326.27204787 56.29599004 968.01364993
v -330.56919793 58.81827884 932.44368282
v 10.41016032 154.70105015 1181.83706969
v 291.45624262 -36.83980682 1164.60600092
v 291.91907529 -49.67356303 1149.03389484
v 284.18496945 -49.18760638 1167.74772537
v -124.71838269 19.29596972 1372.06656546
v -27.43150529 67.37574380 1619.07704866
v -33.26990916 56.66115945 1622.83480365
v -41.76326421 71.97136843 1610.73313348
v -177.82783795 -44.71971679 1172.66135579
v -170.81835351 -71.51203976 1189.42019100
v -164.38958257 -76.37720319 1173.17792857
v -67.95691906 25.06265328 1374.24179138
v -66.94948446 0.20309909 1617.32629858
v -58.28211403 -22.80296583 1622.28489379
v -77.28102428 -20.97955880 1602.86205682
v -43.22668757 44.56072651 1622.20070086
v 117.74714887 86.63250952 1268.01899741
v 2.56028092 76.83676174 1402.29203558
v 244.93941539 18.66116601 1194.17840019
v -75.98990465 40.86234475 1591.90295211
v -74.25697084 54.03598049 1587.32777322
v -52.34546767 34.95745577 1384.66414569
v 237.05600554 19.45201940 1221.81381949
v 170.99080256 7.48559791 1109.42741590
v 44.03747878 62.20341382 1319.98767854
v -60.22346698 28.05845148 1438.59929997
v 275.41441859 10.60451477 1121.94423548
v 153.37641890 -83.97295606 1141.52097279
v 35.02286804 48.47565486 1343.84549544
v 53.90802456 36.73042951 1356.81972161
v 54.49459671 -17.88100783 1448.66865652
v 50.04970675 -31.27157004 1446.44249461
v 52.16048527 -20.99524424 1463.78267172
v -185.03729912 -71.07036451 1255.70349590
v -23.82741353 -53.73039924 1423.38577998
v 18.62434952 86.07308906 1596.66126143
v -31.42023576 -71.63057492 1407.64688670
v 178.86135087 -30.33021704 1143.65282472
v 3.93262601 -84.96045236 1389.50578607
v 68.65888601 11.31099476 1587.87864141
v 56.13377490 19.94997568 1604.30239252
v 173.91330404 31.68497416 1168.56352310
v 170.30191359 28.20643601 1185.92605838
v 170.88491785 26.77284495 1188.48436304
v 34.88435285 -109.78181854 1355.80429669
v 56.36379336 93.27631563 1521.11288020
v 276.95284660 -78.47577428 1093.13546351
v 92.41731200 -128.37383331 1295.54356654
v 270.33858427 -81.95804578 1103.59707519
v 255.08469479 -80.67304236 1095.98080168
v 108.34332772 -130.19579009 1265.60308396
v -264.91259012 72.56004252 1005.53974141
v -262.27824324 68.38711708 989.71359501
v -256.43461226 62.11496213 1016.35289022
v 100.28800772 68.52658460 1298.93879484
v 104.66254407 -132.71868867 1210.40211645
v 265.90416782 30.62363213 956.50019639
v 257.19686670 -34.81906890 974.38638632
v -290.48178014 30.33212912 900.86080441
v -299.82894435 24.06315920 906.00964286
v -219.06325709 53.59263446 1251.24469881
v -234.13493742 33.38315833 1249.39766693
v -231.23503961 43.46547146 1239.31413805
v 262.93889932 -20.16177460 1219.75393263
v 142.83525476 -119.54536214 1246.98896692
v 348.39460039 73.46673569 745.17947566
v 341.09810095 69.03978324 743.66184986
v 348.34678307 66.02288830 745.95203598
v 261.36751296 -76.94695221 1200.78410529
v 361.56682246 59.03265912 765.97370560
v 347.31391787 46.52286315 775.00530101
v 368.51522332 62.71078847 782.16880023
v 161.99206343 -97.58637680 1196.06137474
v 369.29015524 64.79889236 788.69331574
v 363.84560877 56.07253289 794.75364281
v -311.47973389 53.68893999 831.35227742
v -321.47993045 57.51091781 803.97841115
v -319.95070075 53.39461906 836.69045085
v 334.10998966 -9.20912740 940.89291811
v -341.90689409 96.32937509 768.91565982
v 152.77705454 -84.34632028 1147.99564356
v 316.86975260 53.88131929 755.67925835
v 305.76671020 56.58114950 765.17522414
v 318.77567156 49.89482580 765.17532820
v -140.78592231 95.40263134 1139.29259736
v -141.66436414 80.05060049 1129.37728149
v 281.21748799 47.67384817 888.01550935
v 210.90647134 -31.60767484 1093.39540381
v -309.43809720 133.58708025 785.75996553
v -321.75709976 124.14138301 789.97790100
v -316.36317777 139.56058946 775.39799435
v -170.96981858 -78.48079425 1045.80475479
v -158.13428551 -98.48921761 1048.21765457
v 102.99739397 5.39225251 1367.34409682
v 314.74874024 25.78393451 985.90844476
v 339.36144168 5.80294939 937.70704269
v -351.39863817 84.58053400 780.22810993
v -342.72113999 90.85239153 784.37236240
v -344.02124430 84.41059827 794.86488491
v 327.54121450 29.29142583 941.88719868
v -278.92507226 81.94986955 825.47147243
v -281.95026995 86.04294733 847.79152828
v -280.20307599 93.89877934 823.35480967
v 308.03963312 46.73733242 887.08520358
v -173.29128757 -6.35401603 1073.54333162
v -168.21420044 -36.52036298 1077.47712091
v -166.83122096 -42.55952979 1068.34060998
v -278.72305547 -23.63981628 1067.18224471
v 323.82124421 -5.75973536 1033.56499272
v 325.60672144 -14.50334603 1035.33737628
v 320.52687946 -22.88476429 1060.25076693
v -310.31268815 34.72275980 1061.28183622
v 270.24767887 -78.57797236 1130.98186732
v 281.86141164 -77.42340076 1104.44645370
v 165.05845478 38.23603331 1311.68719434
v -270.62289978 74.41404491 1021.47100120
v -258.24704130 64.94825665 1036.95185969
v -239.25134606 31.97108960 1034.27417118
v -248.65419881 52.25857345 1034.58135062
v 236.68755749 -1.94516529 1074.05190040
v -0.69218407 107.16057943 1556.54581204
v -311.08996537 1.94435633 1008.94339809
v -299.25293589 -10.30303413 1033.19821535
v -302.58035589 -6.76726149 1010.11994444
v 293.61034658 -52.53544633 984.12437655
v 290.15180406 -65.16837221 1024.62224892
v -25.25248175 -49.22341552 1459.99283228
v 298.96526104 -33.97996342 946.54833438
v 301.62283111 -57.33377915 1009.99300801
v -331.15159611 50.38220799 933.35665654
v -334.19084078 56.00558724 905.97270873
v 289.25186757 29.49260789 843.89701837
v 296.18067943 13.11426438 867.42065393
v 297.15635426 20.65201398 841.64468858
v 243.84494675 -76.75285392 1087.30035316
v -329.78750385 84.27814167 873.40196588
v -326.38063838 74.99552618 908.44716979
v 244.28796311 -34.20714754 1002.56254220
v 246.34088036 -37.76386663 1024.69996030
v 151.84818080 -10.09027638 1375.05395576
v -151.98482732 78.85841325 1294.24731130
v -119.99331235 83.46588007 1300.32713197
v -286.61207935 81.62099718 931.47530144
v -282.34929947 85.46181507 898.92677113
v 206.80085431 -1.15969284 1332.44963260
v 193.20079448 -72.36218295 1330.10575229
v -176.82591586 -81.80666524 1275.40844532
v 37.92542558 44.69687845 1388.23058312
v 34.39384934 -49.04025031 1439.67801901
v -79.56915831 -88.78377226 1365.77554712
v -81.65713896 -99.87883091 1339.88790508
v 131.04413906 -41.84421189 1393.15449240
v 186.54942686 -10.16019885 1137.76352478
v 75.23893626 6.90903576 1563.44964848
v 268.97383533 -37.24314322 1221.58870603
v -98.82579630 -36.29824914 1404.75428179
v -99.10161999 -56.30765529 1393.35044091
v -119.05990573 -39.57894050 1394.98351520
v 177.58655929 -93.60060003 1311.37301892
v -158.35631367 54.44575511 1346.95676286
v -157.45811295 43.05024684 1359.30081515
v -170.08453090 46.88236926 1353.47858126
v 177.82795425 -56.31164810 1366.19697165
v 262.78150337 26.04181639 1024.90177482
v 183.66650609 -26.49841459 861.06404615
v -230.94903310 66.91220817 1160.74112272
v -217.69072791 70.67472130 1166.51614121
v 24.96158281 112.20525240 1474.42726651
v 147.71532761 -76.58044484 1368.69809053
v -205.50145750 58.82883711 1116.89400185
v -212.37733812 59.45566529 1109.60295582
v -202.52902209 38.93559134 1107.49648087
v 239.86711027 -28.55483285 1040.13057913
v -212.35521877 2.53714548 1076.95603232
v 250.43553800 21.06181770 1027.81326109
v -8.06965012 -70.87282801 1500.61971053
v -142.83328536 -89.91696657 1112.84973567
v -143.12242913 -94.12851894 1128.77861581
v 6.53433685 -85.37399590 1575.53145657
v -16.42649383 -85.07593957 1570.34190775
v 188.41046563 -98.44078431 919.12918446
v -162.14661632 -58.87184874 1152.08499922
v -152.34884054 -75.58672849 1152.24743213
v -159.03105000 -74.43517802 1135.37165042
v 64.46831353 11.96520331 1484.53324426
v 64.21439658 -7.42241302 1497.19167462
v 70.89404457 -3.57643772 1498.66503023
v -194.52989616 10.18614435 1122.59692068
v -237.37431891 -29.80247356 1070.66845183
v -244.78606037 -26.56908001 1056.96658135
v -239.77425508 -31.38610932 1089.65324585
v -23.65597987 -55.92041211 1487.68635893
v -22.67655130 -69.01547712 1495.45166588
v 145.33267112 -96.41469753 1153.94840981
v -246.84035713 -35.19382416 1118.81351865
v -227.85518776 -32.55749122 1119.20478893
v 73.95618745 0.77031881 1580.56545140
v 301.30020527 11.57800246 851.48546160
v 332.60384334 13.04162683 836.57640236
v 303.12269123 17.48199169 825.86356752
v 189.64321896 48.09702037 1230.04859866
v 177.86863440 62.21617143 1233.21699443
v 343.09060357 12.49933121 857.49992441
v 350.50423909 17.32179536 865.74806650
v 341.04816936 20.55094334 815.53207952
v -180.82910036 -34.57268260 1169.41172180
v -191.97407260 -33.53260594 1157.90355799
v 227.55468346 -83.73733348 1269.05916138
v 329.83327734 98.86198056 787.09306325
v 348.96950521 87.82042941 788.68960047
v 336.17156554 78.21034703 805.80418655
v 64.71606733 33.93561539 1467.88243013
v -118.25352469 -113.79628786 1189.45386989
v -105.48106947 -115.25065376 1182.36661319
v 41.84923173 -41.33086516 1446.05160936
v 45.85787593 74.72423748 1577.55998903
v -178.26404921 -60.77329896 1222.71405022
v -182.95064244 -51.17288508 1214.88283721
v -184.17760747 -60.83129645 1236.75244275
v 34.28034940 86.44195981 1578.32540578
v 290.06854212 -67.17714043 1042.65715723
v 247.96258048 -4.12946154 965.94328508
v -59.93985794 97.61695630 1546.41800880
v -70.40026643 86.43901059 1543.40580297
v -59.36460338 88.91146223 1534.73625143
v 6.72614865 0.92481987 1638.41895616
v 14.29681590 -2.83410715 1639.18411311
v 6.05252751 -7.20865045 1639.34247937
v 247.22593344 22.61180203 1002.04747006
v 235.73566829 6.56630936 1012.20896462
v -224.53913674 64.43408701 1202.88637327
v -214.44150627 71.04295141 1196.37325033
v 73.96290980 32.35014768 1537.39179782
v 73.76361423 18.92207334 1519.87075046
v -221.99924775 69.81446388 1141.61239422
v -233.77516020 67.28783383 1127.42458162
v -209.53033660 66.88555061 1129.64419796
v -30.27827738 158.21426768 1132.08851854
v 18.74541800 110.08742628 1237.80883082
v 292.88298015 -36.57979643 1146.73516393
v 91.70411658 20.15749976 1358.03768184
v 18.65785274 52.60068610 1374.07429614
v 278.64170741 54.13802812 790.28230245
v 283.58767790 45.97528551 783.76409649
v 278.48415327 52.24904787 783.38469922
v -9.72429588 -9.70016200 1649.26942321
v -7.71637535 -21.96528753 1653.49730104
v -18.01359788 -14.27897305 1647.31443942
v 246.43289762 -90.78328264 1197.41910533
v 285.21895905 66.54902561 797.33686851
v 282.39280858 56.10453341 797.59271263
v 285.70565795 -36.42670198 1176.96763998
v 306.16308879 87.55629627 797.69465166
v 297.65044183 72.53915969 809.79425706
v 291.18763773 72.21681865 801.07197185
v 287.28347083 33.36328948 819.17226886
v 295.22453214 21.88837777 819.80940823
v 43.70153745 -47.10007955 1624.70875343
v 44.51030753 -56.19771866 1614.91953213
v 36.95434115 -50.52251652 1629.46083375
v -172.05936439 27.86546507 1135.87309561
v -178.99610683 21.55107859 1133.78261060
v 306.20639449 -55.39573331 1019.63069057
v -177.53831229 36.38654431 1136.98320302
v 297.15557225 68.52548042 819.21633129
v -88.51999589 9.39185851 1511.32587529
v -80.27197726 11.68556472 1495.05322645
v 288.94045877 8.74176456 884.73395662
v 90.61153229 -87.59240897 1383.20578524
v 283.29336187 72.54292117 769.90285146
v 294.10687270 59.46580752 766.45073873
v 291.82170151 66.11996965 762.46826224
v 63.12553592 -70.90489314 1406.23960427
v 330.01703299 81.57360681 728.15497398
v 320.32618431 76.69383232 729.34881344
v 333.75072682 73.84469079 732.83507949
v -85.37795514 -24.25915522 1547.29359492
v -74.57427197 -36.18453345 1531.57431427
v -83.20207718 -20.65259907 1534.70001291
v 68.86829172 38.14041827 1550.00994480
v 70.70154692 55.57277399 1546.42635034
v 73.40312015 48.22701318 1538.77446821
v 219.38028888 11.42312434 1115.37413758
v 360.80534138 63.23189819 800.08377065
v 359.30741892 79.38463926 789.23272536
v -293.04054502 130.70740937 790.23632322
v -301.14396735 114.86538655 811.52516677
v -293.84251949 142.57281241 778.51672222
v 353.50242860 27.62632766 828.33834219
v 33.66464059 -74.97687138 1589.62991110
v 26.61933264 -78.94364739 1579.92845122
v 13.32977219 -78.42192640 1596.97325659
v -338.47448886 122.42770571 767.56446281
v 267.64113267 23.92594695 1062.20910787
v 17.67364081 -87.18546120 1548.45056846
v 339.32448547 44.03955662 775.25461734
v 342.45172119 51.76438235 761.76953431
v 327.64745993 49.16982998 762.20787944
v 193.52324470 45.52726498 1255.78984489
v 298.23927316 64.82105538 753.79314865
v 353.70700103 86.40842899 779.15742400
v -88.21279517 -2.29851077 1588.63163765
v -85.23997496 -20.42612920 1584.51924297
v -39.63386871 -47.76282010 1488.06154030
v 80.26892542 64.27813824 1308.35935998
v 341.00268288 2.94883058 895.37100209
v 331.29711042 -4.14328781 887.85477166
v 334.88647065 -9.03886308 914.28600008
v 65.88432534 -51.33126068 1566.31131318
v 43.52940417 103.18125796 1518.45570657
v 319.87628114 4.41970916 869.55915082
v 326.43699516 7.59874576 850.27001508
v 300.49977350 9.12964084 873.08441607
v -3.71059564 126.59748771 1535.97919374
v 298.97349655 101.93915137 774.17544159
v 305.94010966 104.03573121 774.27866344
v 308.40534827 100.54672634 785.71629622
v 4.67822023 -35.59453069 1650.16897846
v -14.94587572 -26.72999357 1652.76798587
v 3.03923636 -27.94327520 1652.55896200
v 27.40535898 100.88059398 1557.82247063
v 15.93713713 102.48563242 1571.86575156
v 9.90075309 103.16471769 1549.48091493
v -282.13352459 79.40524875 964.56069106
v -276.44428366 77.75319989 990.99803722
v 336.84306036 63.99883676 823.02458349
v 326.00087808 59.20634700 836.40476007
v 322.82671872 72.77363269 815.07441850
v -296.48205538 84.05611549 932.68516592
v 71.90047135 7.28333150 1492.56400427
v 333.58295596 5.99747223 867.94121105
v -85.02172496 60.65627961 1527.10691547
v -82.57660123 48.01670447 1519.31445051
v -82.38616639 62.52040812 1510.64517632
v -6.08624157 66.38863446 1620.58215053
v 291.55835272 39.27370138 791.82245321
v 297.74074359 29.67604454 796.39443597
v 298.59235813 38.54608562 790.10101687
v -85.09917523 26.76676185 1539.23269739
v -91.06574007 15.31948539 1525.93006736
v -84.98223357 28.24140662 1526.38272667
v -49.51632462 106.77593968 1552.04410661
v -27.20671741 106.46424339 1562.42072801
v -42.44988405 101.23309523 1568.33773399
v 20.44203174 -84.51342484 1569.68206001
v 317.94182801 -40.65480117 989.29054357
v 55.43787875 69.93008555 1566.62382639
v 61.71108833 72.89228489 1550.12042624
v 85.38466503 -2.98564655 1520.76124901
v 77.45352802 -10.65441733 1520.48372363
v 235.21083129 -18.46637448 1021.40620801
v 240.59982626 -28.23162453 1032.45603265
v 46.70946632 -67.43616323 1589.45600794
v 28.98663854 -42.35665832 1640.09354154
v 6.56650547 -61.69369237 1630.25094295
v 13.85900257 -24.96652898 1648.41147586
v 0.24884460 -19.36909967 1650.74865048
v 16.68781069 -11.73513187 1644.07235439
v -94.07526649 -0.12354184 1561.81147844
v 310.23598382 -44.01336962 975.38982477
v 317.97813842 -34.77419498 963.11274473
v 23.82255819 -3.79424528 1641.03299618
v 25.43191860 -14.16681087 1636.81994002
v 320.50089723 -8.95565032 892.72333900
v 53.02702672 -37.68782564 1609.78344854
v 43.55574541 -32.84062693 1623.92980832
v -71.23277063 -40.80650439 1594.46200585
v -54.17090810 -58.50718332 1598.50660875
v -71.89356460 -48.65954314 1577.97343000
v -72.91486619 -47.00810883 1559.68901839
v -84.59204716 -26.82611220 1572.74085568
v -85.36102474 44.56316824 1528.89203231
v -80.43151456 30.73293317 1517.01665749
v -60.05475136 -61.58792707 1539.30872529
v -48.22258213 -74.55524182 1559.52600798
v 308.10583349 99.44457015 756.91776253
v 326.66896947 96.32127093 752.03565390
v -28.07279312 -31.16272938 1641.76003906
v -30.41767831 -52.40548788 1627.93590347
v -46.17544206 -38.85877676 1626.35176349
v -143.14093222 -113.10892991 1047.42811699
v 360.98390650 53.65470389 808.07973613
v 360.99074899 48.69060815 802.65408348
v 356.82538508 35.80834155 822.39001393
v -75.96647374 -133.92298527 1052.75514505
v -63.82303470 -130.11592119 1069.41387103
v -88.24548158 13.37972816 1540.55106199
v -93.31142623 13.46327627 1553.11924501
v -87.38872359 25.60306326 1575.56400309
v 324.05262819 -23.17730170 941.77586022
v 309.59311405 -29.97677402 939.73634384
v 63.24874660 9.65283656 1427.51346158
v 317.53680242 52.01184016 779.05061031
v 321.63303402 49.33900098 786.86833488
v 326.02933254 45.15430552 772.39695335
v 47.69950126 87.17864099 1544.31564742
v 38.09993341 100.18881843 1550.70576321
v 43.64726798 95.66366185 1534.15130650
v 347.69482506 51.00238195 835.60001052
v 345.09991183 47.79664021 859.61479025
v 338.52779263 49.11495145 870.18878215
v 15.97569295 102.49129181 1536.01608654
v 11.45128379 113.13558830 1527.13415691
v 27.79653025 101.50968681 1534.62891059
v -68.39834552 90.15759739 1550.74027124
v 294.94811832 54.79725034 773.98179972
v -75.54072815 76.42515165 1506.55762415
v -77.68840418 81.28617528 1520.12552512
v 277.22551902 39.34558085 944.50917402
v 83.17854456 -1.79193714 1529.05872394
v 277.95298557 37.51141338 969.28590952
v 101.74464790 -73.55373732 295.71023149
v 116.28808689 -84.39903584 293.67114288
v 116.29853555 -80.34824597 283.73529907
v 284.65374071 37.67564481 952.37192393
v -343.26536311 76.73245924 778.02639256
v -160.91539658 51.42938303 1083.37115515
v -151.77068925 81.79433662 1148.37495443
v -157.03621162 57.49244345 1135.42921142
v -151.37775505 64.79837277 1127.41015499
v 183.55208683 10.39027515 74.96142468
v 113.99214357 -86.74501250 311.72426000
v 78.66190593 -3.23210126 1503.82271985
v -330.90757883 124.37744049 757.16444325
v -175.89242680 30.30713452 1039.32675501
v -165.64965714 47.18639932 1062.71192317
v 69.89311258 11.28670944 1507.30013252
v 75.04298960 4.55864982 1502.15309645
v -78.76236098 21.31709930 1504.83609926
v 335.31790361 23.38775025 936.75594921
v -209.76636740 57.35192645 1279.73198660
v -193.76934313 66.59697366 1286.53230397
v 342.67300442 18.63034550 919.74537625
v 341.75070339 8.37092892 923.57208922
v -144.45263373 88.85416850 1283.09872679
v 162.49240144 -89.48720101 89.35550008
v 152.59890310 -79.17462561 448.32055337
v 325.28129088 -17.10800052 919.54808546
v -256.48275270 53.31748348 953.57540977
v -215.68705540 63.54854847 1228.05135842
v -53.23766530 98.78310804 1533.95443371
v 169.84951091 -50.32985085 477.25160069
v 152.08307191 6.13406848 178.96972149
v 156.28185585 -2.70313563 176.80545787
v -315.90033986 12.50599347 975.31391522
v 311.78674691 -49.12547151 1023.58081509
v 62.51227445 -119.37626437 1335.29004415
v 49.98863499 -16.16851584 1623.15608782
v -245.22432528 14.85846897 1243.13896413
v -214.72262360 21.11198840 1316.14135922
v -219.27648228 14.60749614 1314.51533596
v -89.79439683 114.07183638 1250.41530031
v -70.81878893 122.06908171 1242.93062451
v 138.69313957 97.17772542 48.97963632
v 129.89446051 93.91382412 31.44480826
v 302.55521590 -48.89323498 979.74903551
v 44.83845291 -20.69389193 1626.90663387
v 30.78185570 -27.98807760 1631.16655529
v 156.48372423 -1.05288411 157.75694300
v 59.76854282 -45.70886079 1596.71650721
v 56.96059315 -57.88293689 1584.17867288
v 49.64628073 -54.41457437 1605.33975261
v -245.47511854 29.03605520 1228.63368401
v 287.44240276 -24.03455877 933.21744305
v 54.17779124 82.24432129 1560.81850317
v 294.39373184 -13.68852339 907.94653931
v 162.54387635 -93.27132224 363.28108811
v 184.29926322 -19.85105892 235.08335773
v 189.83218950 -43.16351891 213.19532593
v 191.01107809 -44.68192167 226.18280739
v -312.73179555 39.13181140 873.13423942
v 309.08266335 -15.47012505 906.91155784
v -159.97374762 68.11250129 1168.45397869
v 301.71441826 -3.54657567 886.98399064
v 64.91669138 45.16142454 1559.01162940
v -164.67991538 62.20458041 1169.25301307
v -171.30700894 62.36577084 1163.25087607
v -83.95430869 -36.87653215 1412.49020093
v 170.70837288 -88.39535376 369.85192730
v 168.21088314 -89.64228488 392.55385911
v -319.67885056 35.27132725 887.77510991
v -326.18379029 41.14866279 890.44019643
v -320.50368516 30.09108654 921.17009088
v -194.73284711 51.75607915 1124.72043942
v -145.14038971 99.58659502 1162.67791458
v -133.73594797 118.62084525 1155.14890224
v 281.32624074 36.84256294 828.05742872
v 274.18185203 43.75039712 819.33220455
v 150.62547504 8.47623629 297.29710489
v 155.09514905 4.51182068 266.71466837
v 172.42505270 1.30459359 280.11758350
v 287.03776060 38.82556263 809.19062579
v 272.20802738 53.29102597 811.07990685
v -179.29796852 -55.67018733 1042.75055597
v 271.01103370 53.79939424 818.37639695
v 275.20070728 66.02921298 810.93004424
v 279.99673574 54.54464905 802.65883499
v 182.23142499 -7.97099149 277.40306995
v 176.02559371 -7.78147546 263.80410890
v 284.32224316 81.73864359 778.55039981
v -282.26654560 74.62001855 819.13918688
v -287.94520269 65.77945132 843.51350174
v -278.43758493 78.43736274 849.86664925
v 295.90787329 93.53850127 784.82865857
v -175.47521313 15.21905760 1123.09575803
v -176.23155146 -1.60912128 1128.14059183
v -170.58347735 -27.64225699 1113.24646198
v 292.55736784 95.58781287 774.80296981
v -171.16581270 -0.76157070 1099.29011611
v 329.26649013 102.04995588 778.90431697
v -314.77589525 78.12557656 936.07546546
v 110.83796482 -64.73607924 229.47866429
v 314.46341118 85.87213214 803.07965301
v -294.07955347 145.98657185 769.54676897
v -18.37264405 24.49991870 1638.09442639
v -19.13178458 2.63221204 1648.32512095
v -29.84391739 8.35211371 1637.13615604
v -182.85246221 -21.99142444 1017.58696114
v 73.67908329 46.43650607 1520.47807707
v 305.64880219 72.63499136 813.64614593
v -179.61203939 30.02152079 1025.78227617
v 137.96808072 -80.49693718 67.77720429
v 150.21010404 -93.33868220 67.08261829
v 149.05806958 -95.89444584 48.90953686
v -36.12984004 32.36620442 1630.49156246
v -51.90766033 29.17851998 1622.46230007
v 101.97775963 -50.55937657 249.56193756
v 333.59128234 56.38024170 840.91684296
v -278.90205856 114.44844737 793.05400939
v -277.15940380 103.28555395 804.13204914
v 99.07076229 -3.45770147 288.59924752
v 90.01821569 -3.66459729 296.82777074
v 97.33324634 -2.47000106 263.25392278
v -184.07650341 -24.65375393 1039.76451116
v 344.97910233 39.69808845 879.48358146
v 352.96599165 40.87483394 850.33559922
v -76.35435593 78.67892110 1543.88520822
v 354.13996965 31.44421374 865.57847225
v 190.80772222 -33.74139230 393.09521994
v 184.40169533 -15.51098084 394.90489329
v 187.66630851 -22.38807265 378.67843622
v 340.85864636 31.81172548 899.44071356
v -278.65940813 29.81287788 913.71428246
v -270.41673962 15.56462204 942.47876788
v 352.02383602 23.80214804 878.79742872
v 342.19098191 10.79306285 900.55906199
v -204.14878498 66.63449892 1254.47398557
v 194.37918843 -43.97578655 90.02181001
v 347.21548174 14.67592571 886.66201996
v 183.11256407 -31.00793869 419.72026026
v 175.69158170 -14.93605614 430.11658712
v -14.17830212 105.00570314 1577.57272641
v -11.48403789 97.62211815 1590.84878053
v 343.19780588 8.31416512 877.04712095
v -297.79003310 12.43300589 934.00021940
v -172.11315089 47.70165810 1144.65560967
v -165.19879859 56.89647354 1153.98229725
v -181.10707354 71.31118304 1168.85518997
v -193.87551231 77.71818532 1201.69689050
v -10.06401576 23.54975164 1640.50769771
v 142.03481488 5.52742215 190.05459907
v 314.32196139 17.45210812 819.29200341
v -337.23684381 93.07750484 811.57496092
v 327.77242048 30.22523163 807.14323944
v -136.77002984 -92.65030782 1087.27678554
v -135.33507262 -101.49274853 1080.32177727
v 306.32628309 22.63930199 807.06039892
v 31.31049180 2.78030691 1634.73965736
v -98.71570548 -125.65851488 1079.66779978
v 294.44400079 26.84542301 803.58046885
v 242.45316025 28.92298880 16.67624583
v 236.30548629 4.69824742 20.43097754
v 150.20938673 12.83658756 178.10627383
v 138.26752559 10.90280883 190.97804342
v -153.93288222 -94.13139503 1066.66264286
v 19.15652320 -66.79492656 1615.28669011
v 282.34444096 57.07046798 776.10307254
v -296.28589332 0.29848250 1100.75015465
v 290.26752875 80.79048523 762.36569793
v 30.54655480 -36.04332240 1641.21979679
v 4.14929758 -40.69167947 1645.82279448
v 298.35465175 74.18945069 745.79690846
v 295.27081820 80.09445105 747.86595203
v 132.92380497 -19.75602684 11.81376002
v 134.45668169 4.91091973 12.34483057
v 293.98763227 88.57413951 756.11145490
v 298.83826370 89.35320440 731.15700774
v 300.63825489 94.60526125 740.15511480
v 298.53727868 95.93340805 758.77639093
v -313.30905051 37.38164837 1039.67715793
v 128.28837856 6.70715320 237.35759816
v 121.83384298 2.27460233 230.95826513
v 111.00663364 5.47944068 224.56212965
v 106.21286750 2.58491913 207.36528252
v 308.28702779 94.08205362 731.25104118
v 326.41244266 87.46298819 730.90853813
v 310.19246472 88.86949933 725.67174123
v -56.72750256 -23.85235336 1426.00618387
v 314.97861124 82.19660262 726.22423647
v -326.82420079 106.20394815 811.36675132
v 337.46197517 80.98013275 736.56631302
v 178.98374718 31.36292494 68.03479249
v 169.18267919 20.28790771 73.45909517
v 341.92968939 72.47175686 735.82667164
v -61.66779192 -19.49846730 1421.44140379
v 8.92267063 -68.75732007 1620.99871892
v -0.34797842 -70.79304443 1621.02859484
v 336.31224954 89.01813315 750.10398936
v -315.64527014 100.66296218 858.42882718
v -302.63037988 100.68104573 865.23340686
v 348.47016458 84.52427734 757.58532358
v 173.66169450 -23.94842860 594.29303701
v 173.63635505 -22.23620493 576.24178642
v 365.66179999 64.65478125 765.24370444
v -35.31217890 -9.73949418 1637.67637808
v 362.88625364 77.39785478 777.63726808
v 171.94533257 1.92609510 532.08939463
v 175.12204635 -17.11492660 530.34641378
v -47.79469633 1.95379941 1635.10856896
v -53.62660213 -6.24619740 1627.46076358
v -54.14951660 11.64963043 1626.22954198
v 119.38983500 9.83418694 133.27725621
v 118.48578222 7.56570730 162.09125781
v 346.98551950 59.31503543 820.42217544
v -90.64445973 5.44800654 1580.48679406
v -92.46987554 20.04815481 1562.04679602
v -92.12423557 -130.00968360 1065.25565715
v 77.60541399 -2.60849427 1537.46606895
v 220.46807409 -50.20618130 15.63201080
v 225.89684016 -32.07623376 16.49427590
v 218.90268155 -45.31776213 12.59508732
v -89.79781363 -11.78672227 1571.24194073
v 107.21234243 -5.58039573 129.82626858
v 110.12708113 2.07065980 127.04676368
v 355.21515240 51.84139206 818.74056988
v 357.10894342 41.08913206 825.03441294
v -315.19487048 142.41085742 769.14971213
v 112.91865869 12.02664239 351.88914293
v 110.48243399 13.18246645 361.17940019
v 17.01517648 94.89031133 1581.97905609
v 89.97979899 7.23453926 344.07284822
v 96.78842883 7.28442582 347.48606825
v 353.40211068 38.29176049 804.97066196
v -26.77069302 -10.60448939 1642.50388284
v 355.07157292 25.68141976 855.03843805
v -267.98650098 -22.40787658 1026.10294673
v -268.98204140 -26.38288080 1052.83622638
v -256.62211192 -24.77381037 1042.46641270
v -11.62242925 4.20238953 1646.41878279
v 345.98105448 29.42290060 806.55850617
v 122.47940142 -70.01651009 136.56674900
v 141.83795095 -86.53613019 135.12497524
v 131.61056253 -75.90399024 112.35003010
v 338.07470811 30.65173998 804.36998136
v 345.50908495 41.17512662 797.14721358
v -16.94032365 -42.78621737 1639.18270506
v -16.90320370 -34.65409498 1649.85637395
v 327.48212184 46.49317499 799.63859118
v 338.35007118 47.53110224 791.80211340
v -295.87953674 -8.98236554 1090.84052631
v -291.39370886 -13.80444483 1110.59261226
v -293.38974531 -16.13904152 1076.88155329
v 95.18786653 -22.06800884 268.43518097
v 96.54392557 -37.97349239 267.17553931
v 95.74061926 -31.90164552 252.89767622
v 312.50611202 43.81554868 788.65180607
v -3.43576499 -53.37196960 1638.72581852
v 322.02003793 30.36690946 805.47290344
v 91.55786605 -28.07871106 297.60270667
v 89.18173554 -47.08925292 301.00025022
v 90.95658368 -28.48000452 286.85154752
v 28.10542599 -23.47545924 1634.98925061
v -186.08569513 44.04351223 1132.55453632
v 323.43022243 68.39957636 744.80035917
v 26.30420469 -28.46048322 1640.12297613
v 341.53706466 64.09255375 750.96816433
v -129.46032859 -27.30296168 1393.70619441
v -134.53369196 -18.54170836 1391.43431755
v 126.62847754 72.70077232 28.70988799
v -179.65907944 7.73709200 1131.85278112
v 35.21676398 -39.42276311 1635.40442692
v 359.20729033 64.91840289 756.84788354
v -334.96415178 64.21628529 899.80128849
v 169.86045061 4.44773785 461.63668294
v 171.85948751 -7.03782713 446.27062787
v 118.57828808 18.32536692 346.22922556
v 118.91902327 15.76796620 324.89677139
v 131.43047474 4.30096873 295.63004026
v -148.30210689 -30.20040862 1381.19051657
v 148.77502591 44.90732341 513.14946584
v 142.61766687 47.66326621 493.65634631
v 348.60957221 48.18248286 790.73987893
v -216.37564845 -14.39595070 1090.91011412
v -220.80851071 -24.88128359 1077.49603471
v -225.36625263 -27.30549229 1100.98497255
v -210.29746025 -11.44794302 1094.92942736
v 307.83354967 74.50956650 743.69499979
v -309.27628089 22.38824776 915.96416465
v -171.61623526 -79.10596155 1229.71976590
v 179.75708507 -79.11593310 378.14548866
v 168.73957838 -88.63838577 340.84029543
v 144.04345956 16.98640808 364.06688883
v 306.32835652 80.21636163 729.07936149
v 132.55448932 12.41431379 355.10533112
v 144.99235548 12.51036010 340.46530857
v -205.15243119 -60.03970282 1270.60034002
v 191.57434223 -41.18749294 393.39166392
v 298.77134439 80.20314961 734.25733340
v -49.21649016 -68.08340973 1583.31418858
v -333.10052549 72.35280835 895.80956086
v -30.42412268 -76.03238774 1596.55279398
v -23.61492518 -82.37237275 1579.45602763
v -36.68022408 -78.68072548 1574.81601633
v 189.84804048 -45.88313116 113.13372761
v -61.28339808 -60.90903827 1565.13815690
v -127.37593922 62.45025223 1329.32144533
v 150.39925350 -68.50589014 542.25659344
v 156.87506186 -71.00216101 595.91945339
v 151.89127356 -69.21448543 566.00447269
v 75.31586018 -138.39985366 1246.61546356
v -248.49835252 9.63159165 984.64182585
v -11.62343752 82.88736736 1611.32627273
v 232.84948440 79.02501306 37.81712034
v 205.65746310 91.54772932 46.35618089
v -279.22681124 -20.74998965 1025.43448869
v -284.01504579 -10.52976847 983.77923826
v -291.34771952 -14.33263489 1015.23492301
v 115.82169791 42.17863598 452.44524491
v 115.86145896 28.89709278 433.73618216
v 128.11325762 31.28764508 441.72359032
v 135.17100041 22.76896599 417.22807291
v 150.89064789 17.84634011 411.88013521
v 142.21416560 23.41894918 433.89364659
v 35.68759749 -62.77595797 1615.46410080
v 154.57902282 55.48203793 724.49101176
v 162.37338048 46.35875594 746.45743419
v 147.66918647 61.41416150 761.89574504
v 276.84303312 75.90776709 774.96260153
v 275.33851734 66.50916128 775.60497300
v 276.73070994 73.43999028 783.16244672
v -178.75544525 42.43749835 1351.01720626
v 275.24791794 65.89034175 784.98840809
v 35.04235187 -7.86419114 1632.98242040
v 280.67557543 43.01511798 791.35666308
v 173.98714948 17.45277337 671.23174349
v 289.39700861 45.55877780 800.44546927
v 125.50423430 -0.45006505 77.33077926
v 120.55088248 -15.06583718 98.26838922
v 125.51550339 -11.45210511 79.25041142
v 169.69739116 14.92518169 623.22237718
v -91.65825199 7.93000796 1521.38094076
v -91.36443037 -4.75939422 1542.86285737
v 64.50983336 25.12667072 443.82996568
v 68.81265898 20.51936699 432.14114863
v 193.88746819 175.10665724 21.83654008
v 203.04867299 165.82622046 24.10938408
v -221.19606781 -31.27160923 1115.25730505
v 38.15134637 101.24718840 1529.32335900
v -285.51126531 131.65506526 773.18164951
v 149.69313874 -88.35791460 242.03511099
v 162.88529017 -86.29030809 227.60485999
v 152.42201421 -88.47183508 227.19158510
v 175.88156941 180.55092791 23.73325457
v -49.60590741 -56.30911215 1609.05645481
v -71.13495782 -30.48191085 1605.33413540
v 100.17762623 82.42444601 737.24580284
v 242.92657687 85.12580163 31.48130262
v 232.23714774 58.66621387 41.10867613
v 72.07084259 -121.51412783 1320.96512478
v -31.91781586 -62.31023020 1617.54043970
v -286.83544748 129.63079367 785.67039910
v 125.53108111 143.53387947 19.77643104
v 115.53840940 108.11013845 16.71292257
v 120.13916615 55.92163760 14.05521380
v 109.39027142 81.09860357 718.43970515
v -10.94511095 -74.44654509 1613.33621451
v -339.83047070 98.66889939 775.69098948
v -342.62598588 106.71407738 770.05182235
v -81.59550577 16.44048353 1597.46801551
v -77.94821656 -1.71027015 1604.59103610
v 94.79643604 -69.65882669 311.59361976
v 86.90996428 -58.79242150 322.24748299
v 87.01602768 -72.05032872 356.51695405
v -233.93082756 -13.47901553 1048.35820563
v -218.55919291 -19.83806543 1070.77617459
v -86.18587576 22.11068846 1585.66135301
v 157.57644143 -86.55718397 210.20759289
v 94.66858476 -81.91002287 386.05751602
v 92.43641402 -79.59512068 351.54246653
v -59.91561955 29.59939381 1616.02914731
v -226.83926790 -24.35112307 1065.11908446
v -218.82506221 38.49958674 1292.84798202
v 170.12605163 -5.15067000 142.06761369
v 183.78931432 -15.15071555 157.46385809
v 166.49479355 -62.94119547 648.84035282
v -250.33684072 24.50337588 1218.97353517
v -241.92909325 45.49923512 1209.83768945
v 138.22930058 64.55792481 793.89364039
v 121.50306383 73.19629451 792.96543072
v 133.26342005 70.96299569 768.18809434
v -107.84217414 -71.70581621 1378.38784242
v 170.94511320 25.09791613 14.23943927
v 127.48391129 69.09778693 806.78612894
v -60.96739129 -107.98937606 1322.03255858
v 144.52448885 -120.25472890 1263.93308941
v -36.40766910 -68.71276702 1606.90800159
v -83.90255432 42.09318116 1545.05068411
v 122.61154450 -83.88643493 445.50147952
v -185.51436015 62.55052445 1146.00422313
v 185.58494697 -10.16394335 290.62709553
v 187.59417643 -16.93158147 304.00962412
v 120.49135762 -83.87296337 459.95847181
v 107.71502205 -80.86654163 448.08679637
v -235.11036102 34.09354865 1049.01382553
v -225.81396631 34.27869360 1063.42398746
v -174.48899194 -35.80877405 1139.30648798
v 31.53382135 96.52367667 1569.67291661
v -148.46811404 -82.44176696 1159.67430290
v -154.29391097 -89.56462773 1177.10975370
v 119.20306619 -73.63925820 221.62955711
v 114.81259079 -64.88685106 192.33947184
v -23.64405242 105.51526406 1545.56288544
v -12.73573930 111.70659166 1558.98436700
v -136.08166882 -104.92839902 1181.89292918
v -122.14459223 -103.05957420 1169.17894515
v -134.05738021 -93.86226087 1161.61158696
v 88.76825293 50.71673385 507.27937661
v 92.44545666 52.51663696 489.34425683
v 256.54993939 30.42999810 995.86453198
v -38.61401471 107.09849535 1542.27448040
v 92.23463127 37.22925263 453.01435960
v 83.18243256 44.46782634 444.84669474
v 106.96834909 38.48700051 446.70677454
v 240.13223901 15.39099833 1011.32860648
v -197.00753385 -14.42399894 1123.64198468
v 126.53678130 -82.93095192 497.53646360
v 114.89838843 -84.75459984 496.60259020
v 60.06935365 -15.41782184 1428.11641091
v 62.07297767 -23.94051830 1422.59471407
v 143.71163080 12.13198559 349.72309324
v 153.81379804 14.51142539 359.34725468
v 192.10409928 -38.00793491 181.64570819
v -198.29849519 68.54513056 1147.88320925
v 100.57321718 -115.22369513 682.69513089
v 58.38160856 28.39051942 1452.72536766
v -82.94990709 66.33702220 1537.53412672
v -78.47247886 76.24466520 1528.09160340
v -166.05930301 -46.45173102 1103.24268603
v 144.42819999 13.78906782 330.18977281
v -139.49586586 -92.38395883 1098.72225959
v 88.03327152 124.12315604 895.93648382
v 56.16438472 80.56794929 1538.87372650
v -213.42574067 -33.18518014 1128.32712764
v 252.09010267 -81.30633735 1212.42822052
v 133.38161332 -83.27415461 219.63266642
v 284.53601825 -62.52290666 1158.95986265
v -283.10268133 77.20638316 1016.40860061
v 185.49942778 51.78725847 1235.29275135
v 51.58057209 -13.10146415 449.36656285
v 51.85507541 1.26242020 454.91394730
v 165.97674194 -95.08888730 66.88283931
v 138.89699335 -94.21901881 24.84118680
v 35.58721094 -16.18717145 497.21487326
v -12.05468019 -62.52409750 1629.54960712
v 117.04001026 80.48421529 15.44266104
v -231.20589714 19.44744686 1033.66661522
v 149.29169346 60.19526988 694.29499228
v 211.36805703 -78.38788460 13.51510539
v 195.31820219 -93.79725703 12.45049230
v 78.27365040 -115.10788241 1341.56379452
v -56.55844904 94.69016597 1564.81800804
v -163.17073399 -85.65612664 1193.93668546
v -66.39796533 84.61362298 1534.63428394
v 111.49355053 -35.67633893 175.09795356
v 109.35416745 -32.42940449 186.69236845
v -68.48867435 93.41977899 1522.74098532
v -189.92425705 -55.10613016 1220.00614497
v 124.30031403 49.21693654 571.28057381
v 115.38397555 50.33948079 552.03248812
v 104.03208024 50.08851472 535.95481762
v 116.91627501 50.74360721 537.57604526
v -270.61254124 -29.42066895 1143.88310064
v -254.18768289 -35.92072443 1126.36986831
v -267.81085251 -31.57661109 1120.94051026
v 194.64290759 -39.02317922 320.87635758
v 190.11418491 -59.36107325 303.92139556
v 192.43008965 -56.38912895 341.07505127
v -255.44602331 -41.05140391 1167.86544286
v -241.28792946 -43.55797986 1149.85834827
v -256.48865241 -39.33526516 1150.38437332
v 50.69580372 -68.64371122 511.58782910
v 49.02987799 -68.95478937 530.75102095
v 57.26179375 81.08806443 1553.35043792
v 94.03121166 -91.76631838 570.36773601
v 69.26986056 -93.81023768 600.67133127
v 203.82191805 38.36947643 60.98472128
v 210.65484553 20.16650022 58.28791593
v 194.72788625 32.88468096 68.57916691
v -338.26588863 106.78129268 761.27429228
v 132.58882617 -92.50702364 309.83147804
v 184.70345189 49.57574813 62.40025174
v -153.55965127 69.62295289 1059.25897925
v -299.71371438 144.00410564 761.57770011
v 175.79288263 -82.68005385 83.04836542
v -255.06180937 58.10605843 982.06945248
v -260.95006372 57.28739989 946.10393762
v 168.96006559 -67.92304520 448.11007706
v 150.49713887 -75.07364666 469.86781674
v 149.57558115 -88.17182523 84.01456944
v -216.38520540 51.05482080 1277.05104572
v -256.32795748 20.58259202 955.44434519
v -313.91823944 141.20045858 761.82474470
v -328.88868650 42.11290772 939.87109535
v -320.48245232 24.44200327 942.15240266
v -281.71728588 134.58097336 752.39548147
v -272.14511689 96.03047581 799.65870945
v 146.85391806 36.95127351 464.07176607
v 166.62807966 9.78878591 478.59766710
v -296.48563044 57.22856642 825.35328530
v -326.22499890 48.55197174 861.62319939
v -334.62737425 59.64647199 838.52336925
v -331.63775022 54.95999141 865.14589820
v 187.97957434 -67.43071454 331.14095337
v 179.89586206 -78.71209091 328.89726379
v -340.51089393 68.44340859 815.89952999
v 174.85736557 -91.06163585 65.12620341
v -331.29173921 69.78018806 782.38967760
v 158.18640405 125.67426330 48.52141311
v 171.73410668 109.73304178 51.33516675
v -275.71269398 86.86718585 816.47199321
v -275.27998670 74.19009370 795.19773414
v -283.03858598 62.43589894 881.36909274
v -279.39348386 78.87669360 876.39480873
v -284.32827704 67.92478963 862.54440745
v 93.68039810 -4.33021448 280.28584298
v 191.22199270 -68.64768897 66.10802014
v -260.89475501 9.78909662 960.13847102
v 198.56409783 -67.91021970 44.93257135
v -194.70302713 73.05068856 1170.12174690
v -310.13168656 29.30681441 894.01099365
v -302.69204626 36.01166587 882.61464691
v 235.51035996 89.40489821 19.02702387
v 152.72960804 -0.67569728 149.54814639
v 245.76273531 56.08657802 20.67576249
v 243.05734261 87.57705086 19.17543908
v -311.55197291 111.89410491 815.28480846
v -298.41139551 31.03857109 1088.81955557
v -287.42877480 26.40592018 1109.07740807
v -299.88357786 10.76414753 1090.78689607
v 134.91762183 3.41063438 226.19757588
v -323.93453601 39.98411536 1015.33509098
v 130.72212314 -6.99984684 45.85612288
v 127.18005990 -21.77879003 62.82363967
v 172.59689548 -22.66315290 552.95837517
v 168.91617429 8.45686150 80.64138734
v 162.98450792 39.28915262 75.80970458
v 152.76720536 31.45442571 85.16939382
v 242.08885862 56.74429731 30.70771322
v 105.35478359 3.62918053 351.99125948
v -286.97076765 -19.40836636 1038.47753995
v 99.48601986 -11.49819965 255.51136530
v -285.22427235 -23.91524571 1090.90709071
v -276.54570899 -26.58305805 1120.19438002
v 140.17399497 -84.35526554 118.84722724
v 139.72268866 -84.58635217 175.60427897
v 125.21547687 -73.29679189 169.95302825
v 134.22972480 -82.08668967 188.16568954
v -341.81942741 86.48310770 738.34208679
v -340.94041144 78.46909670 744.52536735
v -324.64472231 77.32047327 743.96753210
v -314.66297952 14.62279785 945.20149123
v 129.72154769 133.81464391 23.88209177
v -277.72133437 121.64139614 739.12899313
v -276.28004747 128.01717999 747.86524361
v -283.46606351 114.34221487 722.51062859
v -297.90792946 134.20354886 751.18692403
v 199.22636818 -52.01100189 62.87682589
v 190.80165604 -62.74410264 79.87431905
v 216.93674722 -15.40038246 32.27821450
v -291.64846594 91.53347044 894.60583326
v -295.37425162 95.88266994 882.66711537
v -280.99759228 85.28268962 879.73248026
v -267.01082316 62.13083043 935.81859000
v 190.74523492 -38.47041431 134.81751582
v 186.78773762 -24.65743532 144.21803848
v -269.82027363 3.11402779 960.67566133
v -256.68435698 -0.07645029 987.57154472
v 126.37145615 25.64175986 430.30649316
v 187.22225479 89.43859497 51.71291934
v 213.94728787 37.59177576 56.15025465
v 224.23896133 44.14290354 46.33576626
v -298.95351799 -5.06559376 976.55671495
v 151.64558041 16.12303908 90.56944396
v 147.14821981 21.61403610 96.08240137
v -175.48240650 61.82728359 1327.43472450
v 146.45612324 15.25304206 113.30647630
v 139.23468156 18.16144982 113.41576689
v 126.61758968 27.31552863 40.33182999
v -186.85466861 -69.99323500 1295.35229110
v -183.71449843 -57.65123028 1317.32100182
v 162.40775654 24.67824858 553.43076656
v 170.29126871 11.09993794 598.73738545
v 134.13933959 14.08427184 53.59708996
v -162.64905123 -58.92360139 1345.44302177
v 111.76584039 -74.54198150 266.62881002
v -259.98400428 58.33056117 1114.11842671
v -208.33869326 -36.62229628 1139.14554626
v -305.34363070 66.54695692 1009.45685242
v -294.85892747 62.00026756 1050.43292610
v -42.98108705 11.51355589 1630.96849387
v -296.01866778 76.34106435 994.94890543
v 46.77323162 -30.03565226 459.39117010
v 51.42891099 -10.93019219 456.86806783
v -294.24582420 45.18979086 1087.66586820
v -196.45193297 -47.99806569 1172.95378194
v 127.60184863 57.39686718 34.37495956
v -286.55880391 61.72341236 1078.01138328
v -229.95897104 62.43653507 1108.09942701
v 123.82421876 40.87755130 30.02849946
v 153.79044628 -87.90267440 166.77194053
v 169.03176921 -83.53509079 160.01573680
v -214.13999872 -7.92867974 1079.24536908
v -231.79245377 -2.31782859 1041.50362588
v 104.19345316 -86.33805938 329.07015449
v 159.22082230 -85.39833708 178.86364475
v -247.46808257 -21.46343374 1040.88680731
v -238.32411858 -22.63827152 1052.22822163
v 173.79268962 -40.98025559 647.92502103
v 173.83310571 -52.21088798 672.76815414
v 150.65475229 184.12164911 20.72200098
v 211.83142202 152.18855084 21.07173911
v 174.01819624 131.04673729 18.99480005
v 191.21166934 103.24059830 18.29257710
v 191.47612840 -37.58213984 241.73101713
v -209.28626038 41.84805783 1091.59719568
v -216.08358677 31.24023437 1080.20902483
v -113.59664716 -108.45424062 1165.59562136
v 112.91953674 1.30970204 271.60385668
v -169.99116078 -40.22174465 1152.16709470
v -150.56776790 -99.04442425 1194.03013537
v 83.53536257 43.76862894 480.27714158
v -90.19461882 -119.72250762 1171.71781282
v 113.16368054 -57.74434547 170.37209355
v 155.82644539 -92.52421233 288.50396629
v 142.33461624 -91.64251108 288.73450684
v 80.17393712 -118.63234983 702.65610397
v -160.29113161 -60.24906627 1090.09233475
v -152.69671148 -75.57491572 1098.66106403
v 69.91125656 -16.95942414 1518.57557523
v -120.94239355 -106.73098379 1096.25010675
v 142.22188058 9.46175472 312.00690956
v 178.76463593 -0.94531012 328.37944855
v 163.25611683 10.86570341 347.45602568
v 164.15908949 7.00166572 319.17327735
v -262.83659075 62.49396308 1085.67446716
v -178.57730880 -46.56349024 1189.68189612
v 87.60998507 -5.83419573 315.48610046
v 168.17054007 -84.77995346 257.47382318
v -284.96331444 -14.49475169 1126.27934245
v -287.48494037 -3.74033585 1138.19252602
v -281.06563611 9.26812338 1140.96245766
v -285.70612219 1.77703084 1141.29324700
v 158.35176817 176.27584907 23.21386143
v 138.21814258 44.92687924 559.69698814
v 113.42608532 -30.52590232 148.34466755
v 109.20748116 -28.05786437 165.24946473
v 56.33791374 -79.64469723 567.85544769
v -230.74644219 -42.93236936 1142.49454100
v 184.01220956 -7.95750338 316.11274089
v 194.03990765 -31.73132753 321.67965709
v 191.65484281 -24.44989279 352.87183838
v -281.07459754 68.56002009 1058.24969622
v -291.51234774 71.43492334 1027.71646347
v -167.86972433 -37.94105645 1361.02914958
v -225.13298974 -48.40677435 1153.73998637
v 152.66900729 8.84015574 95.98813455
v 165.91993127 -3.24751443 164.85635105
v -277.51791408 1.09409494 1175.76028701
v -237.73470893 2.77172378 1262.16174619
v -269.87037420 -13.82312878 1003.39076659
v -287.98865764 94.31003572 843.76621791
v -295.50462515 99.26897592 863.08406314
v -293.54078842 -13.16534798 1057.58014576
v -184.52274009 -29.28301230 1350.69061305
v -187.03647142 -41.70877977 1334.64563073
v -298.57752370 47.78274268 1070.62436063
v -337.71645934 80.04209102 814.49180088
v -335.94300529 74.99340662 834.35195311
v -86.17556910 -125.49492376 1268.72408298
v -302.20279610 25.13504761 1082.23596293
v -254.73529451 -19.94246216 1027.31425132
v -314.55063966 11.91904977 1045.52904042
v -142.70684580 81.49113441 1066.71973531
v -211.28829492 -51.20405517 1166.95511579
v -202.22679189 -54.81240706 1192.40720725
v -220.65332534 -54.24177554 1245.14947914
v -344.21519461 113.62903960 766.50249661
v -304.37050484 -1.69458422 1063.36450578
v -327.11926024 38.89188400 985.94879209
v 119.40480831 2.31608254 294.07647225
v 121.26561099 7.31706091 304.16694443
v -245.09299940 -36.38083952 1233.37750834
v -245.24004295 -19.95037093 1255.62673485
v 158.13799701 10.43155476 333.66231826
v -205.33241621 -35.58785554 1312.72936529
v -208.05926962 -49.36602501 1295.71712510
v -214.62486090 -51.68917867 1278.09112248
v -262.84750384 36.79325885 1169.66448849
v -260.45222896 6.87756599 1207.67664416
v -275.65582220 67.77555888 791.09865001
v -289.04674274 58.82635595 836.26428976
v -135.83556211 -111.80962425 1069.53791963
v -298.82507779 100.86469685 720.35026102
v -229.69137432 -31.68576131 1076.42654089
v -282.68198187 76.63117690 738.90065091
v 174.24243001 160.02514840 38.10216536
v -276.02598676 62.93679879 905.83830914
v -282.64244475 55.06938669 897.98106340
v 62.33325543 -133.23789805 1195.77673631
v 18.49454689 -131.74367414 1166.27292420
v -326.74943178 76.32935343 774.10319004
v -311.37951874 81.58734217 774.19976992
v -321.77457006 72.20087312 753.54312191
v -178.19750927 64.04951261 1319.83933675
v -219.66549389 8.79105744 1314.94859200
v -290.81645162 76.86639047 774.61556483
v -168.91882304 -57.35655477 1162.86187727
v -163.08579639 -66.48443920 1128.18800345
v -276.87302498 100.37345398 739.42055356
v -282.38494687 85.96715143 731.50934860
v -270.87796771 83.76484954 739.67263819
v -288.05282384 107.65103139 718.37182523
v -168.94505871 -41.95591772 1114.26856816
v -164.53813134 38.74042207 1136.37941925
v -154.09673641 -77.76161165 1117.04878523
v -298.99925599 46.93949451 859.87424539
v -289.67887612 49.84683991 869.39778790
v -284.64136163 59.38312247 867.86717932
v -287.86671615 45.33259614 888.48148983
v -262.38282369 98.75451466 766.12622902
v -267.49690172 90.51679435 754.39268011
v -283.01234361 63.02690464 787.86262225
v -276.74771306 67.49805115 780.13777578
v -130.65632631 -117.82549889 1064.12268474
v 205.75874115 -68.20434100 31.21795870
v -298.86079749 59.51819247 802.64962493
v -178.24541326 -53.54496239 1208.91257192
v -169.97865061 10.73402140 1094.52440436
v -266.66313857 74.46151390 781.35084787
v -270.17992417 86.93044635 791.40658964
v -265.20843729 103.32853199 782.06436797
v -37.48425020 157.44182194 1107.10077589
v -201.26192912 -1.50535424 1349.50264690
v -194.95474574 -13.74825477 1350.45701820
v -230.26371221 -42.49987720 1257.49201890
v 179.82736466 5.01049322 688.08586914
v 168.05070783 -57.03235782 625.51387070
v 116.30537182 105.98960202 920.23036296
v 101.89352095 116.95742079 897.14301782
v -273.46448564 -25.55444247 1159.98958089
v -305.27695314 1.38310170 1066.77715884
v 118.28865632 91.95580316 968.34230610
v -317.00881255 11.53277061 1002.17586090
v -267.40275314 21.55498661 1179.67122437
v -104.06732152 104.92418041 1267.10493815
v -273.59486302 51.02399688 913.09880418
v -274.91529472 119.01142458 753.51889900
v -273.07814133 74.83483028 768.25434549
v 32.27221418 -132.77542850 1149.12033352
v -161.43394613 62.87527046 1147.75013283
v -276.98923996 99.30969863 731.95966094
v -292.01088369 43.00513756 880.54242112
v 92.15592947 -11.67852584 266.49714053
v 97.91177390 8.79872195 362.10745680
v -270.23592090 90.90502923 731.89474582
v -264.09681405 91.01037441 741.19852297
v -211.57885130 -43.39735812 1147.16115059
v 191.56433806 -36.67361018 118.79844703
v 190.33003602 -34.41802378 105.04058279
v 137.17984970 -98.32636962 362.89038602
v 137.84803238 -80.81216492 106.11434320
v 156.03860260 -88.63254850 105.72095301
v 177.04628345 -67.10764612 435.87332075
v 134.62277508 47.87757608 476.19880420
v 191.88178005 -45.58214275 167.58612250
v 193.17460617 -43.39727808 363.50042766
v 127.03006860 -96.02847871 387.41897425
v 190.22028707 -36.20262631 251.96819472
v 178.72171901 -12.28158549 235.14717399
v 174.47787701 -8.96906625 202.01702124
v 54.99909772 134.31621186 937.84382177
v 175.49552578 1.95313638 306.07604238
v 168.87936140 5.19112562 302.91348099
v 181.49124538 -15.46096081 264.03248681
v 87.66465032 -12.00661714 296.78989160
v 170.89673632 52.49658015 68.71953536
v 98.79671693 -51.79635484 261.32802663
v 105.20843397 -60.63531166 262.23506958
v 99.01922699 -30.85333750 234.11625503
v -283.73403183 96.81307586 727.23899813
v 177.76189276 -28.59782070 434.18475638
v 182.61667964 -55.19008178 432.26051760
v 237.73345357 37.39593413 29.52395247
v 125.65635509 15.76103555 113.19883018
v 128.32084148 12.38386652 180.02633381
v 137.71685671 14.18468309 165.06866162
v 125.59184693 4.41728754 220.95195181
v 132.88149403 5.59940797 60.49599637
v -96.12425786 -80.14051064 561.40793669
v 115.71863853 9.97916226 208.27933150
v 106.41594968 -6.37576986 246.23306881
v -346.16953105 85.61279676 749.38786232
v 148.02276683 33.96998468 85.73707865
v 167.09569493 -45.78565889 556.28049931
v 173.87962648 -29.06839544 605.59075560
v 181.83005629 -4.40273428 84.37266705
v 173.71802963 -7.90147537 616.03084092
v 174.21502253 -22.24334608 618.41909184
v 106.86498350 13.61903352 344.86580276
v 107.64199348 -2.97744627 176.42004557
v 128.86447784 14.81704522 150.00693840
v 148.18265911 -86.05698450 189.51564629
v -99.19427439 -73.73511604 525.54533892
v -93.21039259 -65.43330439 472.81619061
v 90.42743974 -21.94186406 284.31921145
v 98.24426821 -22.38528522 248.98607445
v 99.08588464 -19.31230408 233.52455872
v 126.85583029 -66.71456667 89.17683404
v 131.90414030 -73.65845430 66.59239270
v 153.25729934 33.53437206 484.74497319
v 179.15583972 -5.66788364 368.64114572
v 174.10198457 4.66122132 360.43029078
v 135.66385596 -83.00266374 562.40210447
v 170.84536600 -40.74914603 521.96645692
v 107.18227307 24.16232795 424.35195419
v 213.75778512 48.34424059 53.21280867
v 105.87380997 15.91818986 412.53323551
v 132.73553444 44.76039086 462.08457453
v 113.71100723 50.86714165 472.19125347
v 173.71093095 144.85333819 44.02784540
v 191.16540976 139.78393172 40.82905071
v 117.14683275 19.05677287 78.73687805
v 119.81646431 17.90033593 64.84710767
v -323.91915037 30.86691742 1008.72551724
v 138.95438197 24.97412447 95.68136822
v 168.93545711 33.92296763 693.53427934
v 120.88874419 -53.72745348 104.88921051
v 135.37409216 10.08241536 48.25101375
v 33.15996605 -44.32690409 541.16750605
v 162.05156447 159.34007172 36.70092755
v -266.67542522 -16.96035455 1200.63069691
v -77.29611954 -61.73135125 417.98261097
v -259.14448512 18.78274255 1202.63218411
v 177.81187864 -73.55904294 188.66077385
v 178.07023573 -76.70933099 238.60132788
v 98.91522884 -87.11134577 365.32801399
v 113.99597069 -92.96113376 381.05001151
v -270.73808774 9.14621923 1181.62776085
v 85.11533480 -40.42615047 313.58784136
v 81.82855923 -59.28008923 352.01460416
v 130.95135274 -99.07235375 635.65766656
v 139.05751550 104.82120843 16.78065500
v 160.13048355 47.19398834 769.45899501
v 112.03866736 -84.53245166 471.18954934
v 63.19166621 -76.18635742 504.22427637
v 92.35156982 -81.52581828 490.55313233
v 191.87194373 -36.84572419 287.54063427
v 94.24319597 -81.77117313 407.78169069
v -234.88616726 2.01178979 1283.94564646
v 130.72712671 -84.08269249 469.17232252
v 139.34807993 -82.07446455 450.09442468
v -205.76292831 7.25075495 1344.74433227
v -192.46577115 16.00038345 1350.94026744
v 100.67991682 40.59053516 455.22092520
v 150.49959617 -90.26876137 264.00687221
v 89.89858040 35.99107007 459.79888392
v 107.18291481 56.56986171 509.99803849
v 113.44569967 -59.52606431 151.87598738
v 115.67414155 -64.48840900 156.13147584
v 116.62071480 -104.87627892 633.66586618
v 136.78144393 -84.05038557 42.84961119
v 42.66604700 -15.48335200 474.72810564
v 176.19810771 -96.96171514 50.68696954
v 208.79552595 -69.69793686 11.21578109
v 218.42373459 -0.20137152 45.20953057
v 102.06439835 -20.05264650 161.07899053
v 67.81317401 -85.09291262 570.26695152
v 194.41461571 -34.24149945 337.20282142
v -45.57748135 -118.32438549 745.82340536
v 39.30088063 -52.93048083 510.23131954
v 39.76517023 -43.08997393 480.33518502
v 189.52873478 -59.77360978 282.25466850
v 51.14746497 -60.49094482 476.91033781
v 190.66616325 15.71849742 69.90376079
v -157.19670365 39.31588909 400.37829678
v 180.59185093 7.44791095 709.14612924
v 211.44502538 -38.79609619 34.98774768
v 150.43369921 4.35076067 206.38047454
v -144.74708405 -62.94550577 406.06987767
v 176.50842045 -54.71302575 450.12197295
v 132.04936906 -45.55578437 11.55323526
v 133.01773790 -33.65575521 11.30510695
v 132.43786951 -83.02949575 152.31892719
v 129.74513778 -65.46389400 46.05783915
v 218.34720160 55.62227711 50.96838430
v 143.67636233 29.72034995 448.73596208
v 120.60424933 24.96504388 51.96303626
v 160.88769456 17.31790134 80.28714703
v 120.76399402 43.48705545 14.02770221
v 184.36184656 -67.75564118 238.08453786
v 146.13689334 -87.06315036 148.55111929
v -78.57115937 -73.43819344 525.68304792
v 195.17317998 46.75139367 15.92694955
v 197.38873589 74.86882046 17.23141223
v 141.46225744 5.21603357 250.91029080
v 126.89397620 -78.16209055 203.63806215
v 124.23789189 -66.26649377 114.35312505
v 101.87103807 56.29859169 492.70062891
v 195.54585896 -34.05490237 350.16374231
v 173.54870064 -85.10929207 292.57221239
v 63.59246226 -71.37779760 481.61549235
v 90.05875584 -25.99095239 310.06681242
v 83.81936903 -29.43470416 328.35261637
v 77.95360968 -15.74476744 355.11468840
v 79.02661333 -11.83258604 349.81152898
v 75.36261464 -5.13430904 365.81772149
v 95.34895047 23.50876347 417.55523957
v 99.44063777 14.06508957 397.73592782
v 172.95793116 2.61838543 397.75907275
v 95.44650508 -38.64164191 255.99702222
v 184.44242389 -11.41624963 383.97047435
v 177.84993787 -15.57693372 496.54843772
v 141.33800733 76.56752215 15.60653044
v 158.29096034 -92.02400289 324.85236318
v 153.13405413 1.01578476 133.91244008
v 148.60901065 0.51375205 223.88155670
v 80.92415728 15.26342628 423.16413931
v -31.14148855 142.13153457 893.01503494
v 88.76845650 16.27653988 402.21633345
v 82.91754893 10.23087287 411.28643769
v 76.29244212 11.30819885 402.72096464
v -27.19991828 -27.46274548 527.96203304
v -33.06062515 -40.71278137 505.67058482
v -29.15916867 -35.08660028 549.59853405
v 100.34008965 33.20327453 428.14745298
v 152.59563854 22.68964517 447.89590124
v 161.64179272 15.59031758 452.96508680
v 223.62712892 -35.37490488 22.28885783
v 66.94086590 22.55364281 450.50001876
v 74.49663196 16.08569773 455.85222258
v -2.92503838 147.07464399 936.44851982
v 20.25776283 115.59628256 853.04845693
v -157.59351322 38.68768662 416.86216476
v -47.60148854 145.66767256 905.18935745
v -30.41582683 146.47806130 913.95784088
v -43.13313178 147.38617032 922.02415930
v 185.49758062 -96.50821436 10.03055380
v 167.26312922 -99.14361396 11.36451441
v -168.58746586 19.00562045 409.55399970
v -168.74692249 13.31285185 416.00821997
v -174.90107810 3.84576200 407.79417232
v -163.22102004 -30.98038847 462.19504996
v -164.75240823 -23.07240963 530.19305523
v -166.18351357 -14.35425191 526.52758617
v 129.46738763 -81.24916004 25.32626345
v 127.36535073 -64.38118777 25.70435392
v -160.29024852 -44.99159702 560.50820581
v -156.07567770 -43.90813266 533.64515502
v -164.03919455 -22.44517694 488.98349438
v -166.84869040 1.07078565 430.94905429
v -162.56838502 37.93985297 394.34658359
v -82.45609261 -12.04064333 264.69142328
v -12.59062736 149.97045421 951.80497360
v 185.52642510 -24.32405743 215.69634253
v 148.91149681 8.07156573 117.77162335
v -191.19008186 -2.89657527 807.27388300
v 117.71534505 19.17591173 86.87091761
v 117.44876735 10.38055270 79.96652801
v 114.30246852 7.99377832 92.78464455
v -156.83838312 28.10253753 424.63097402
v -164.07677408 30.56951323 414.50577144
v 118.01449493 14.40840562 99.18803558
v 113.86192381 1.36246743 111.40644995
v 117.43165917 10.06669109 118.20670581
v -151.71435985 41.06897000 420.24964836
v -166.99722434 15.43098615 423.46489908
v -66.85688313 -29.23999753 361.14543760
v 145.67786876 126.20875189 17.92254276
v -196.00122270 -13.90985304 899.57578242
v -69.85919821 142.13985425 920.08159899
v -156.49363991 -37.85101115 506.05935094
v -55.90943043 144.71274987 931.83379823
v -166.19651664 -49.23173261 594.09089848
v -26.79849647 146.28499199 927.07758346
v -15.04337523 146.44245550 936.05323551
v -43.07134629 147.53519596 947.66911931
v -195.81266468 -12.37042811 804.91425583
v -197.04418789 -15.89543179 819.54291605
v -19.60926611 40.64244797 786.15239813
v -29.84156871 57.81031307 704.78100026
v 165.77810628 10.70922945 398.39810146
v 169.85570343 3.00810556 422.31725471
v 152.56566314 16.44675903 428.59316895
v 161.50002200 8.69785297 443.74479218
v 169.77735752 0.25938170 425.59877556
v 163.12629812 12.44238302 357.03502502
v -172.25627549 4.19983668 420.50793063
v 144.31867878 2.50415591 235.85616921
v 136.09862876 2.71290379 236.51738182
v 143.12019621 3.14230796 215.71922799
v 139.39467671 11.70068442 208.17173194
v 151.25040243 11.82190620 206.73400004
v 151.58519332 13.26428879 196.69321086
v 128.77480510 11.80614041 194.83579530
v -13.28513948 146.13132924 906.15019541
v 125.75883141 11.56486786 208.85384404
v 115.05627849 5.61977032 192.04458540
v -57.09036017 142.04661743 893.82673122
v 103.82881635 -4.86994337 192.04368583
v -24.44879211 134.62265220 875.26244358
v -4.93328747 40.54775414 763.15986274
v 75.54312242 37.96963626 449.53652056
v 59.24740633 6.44565757 457.36904281
v 54.79159471 0.97855586 463.80305724
v -124.00130241 -58.00360820 137.53258008
v -124.35550986 -59.82956734 127.12679274
v 174.12995251 -0.02775987 496.11843570
v -5.98275800 38.90399141 780.38039280
v -13.16407223 36.60057013 780.56198676
v -12.49633266 40.82182262 761.94116102
v 163.12351468 21.88376274 494.74602800
v 29.11474539 -73.75332808 632.68237785
v -122.34675036 -69.33400150 400.05887333
v -105.36185551 -65.94533003 418.44827931
v -90.23899750 -63.36671056 407.00319796
v -76.22173057 -69.80531220 496.77262838
v 88.57834420 21.97451380 418.18370488
v 92.04478989 14.10351848 390.50336553
v 107.83184715 15.30493885 389.23237686
v 111.87830360 13.36839294 402.98941070
v -123.90314216 56.22181282 533.21857119
v 92.23689195 13.72178385 376.57255882
v 104.36428835 11.87103410 380.96470886
v 104.00535375 11.42973915 368.71699786
v 80.95019342 13.18981303 389.02516671
v 69.14968777 5.08654346 400.92874133
v 82.13548831 6.07339127 368.31884842
v 79.93297043 -5.57049796 345.80843397
v 88.29671508 3.01302402 332.11935343
v 83.13035575 -11.47480625 319.10776224
v 79.13141260 -21.67184590 332.45762502
v 80.92708933 -32.14965090 352.78054674
v 82.36480535 -49.59697817 336.73455834
v 77.10289078 -55.75560243 370.25236857
v 81.86543394 -67.78517599 376.37670874
v 77.01328528 -60.07835279 392.99210912
v -119.20122114 -70.47848181 376.67050420
v 87.03287235 -75.14125800 394.13524578
v -120.61027264 -65.00985676 427.54062031
v 77.71980461 -66.68234407 416.95746181
v 99.30219201 -82.62303871 425.72300848
v 79.41413770 -69.35883393 442.02687818
v 71.35910983 -60.42252064 428.85688081
v -107.58018955 -63.90145477 459.12888364
v 68.05194625 -49.88365860 419.30622345
v 74.72167631 -50.79850254 388.52412213
v -106.78922516 -67.96018246 386.17053178
v 75.10959438 -27.68628966 382.04221380
v 75.91050365 -30.61202284 368.61877796
v 71.20782947 -16.26130101 373.21351827
v 71.15360933 -3.18297659 385.30378256
v 69.71384418 -11.44449293 391.80643003
v 60.17238434 -2.06443642 416.56496561
v 65.30367274 -13.22864321 414.32658091
v 70.00597960 -20.39675054 410.34832154
v 62.17946351 -23.14912667 425.41185603
v 128.82792308 -104.40415737 668.80631534
v 64.91322862 -39.22322437 424.78742713
v 56.79366700 -42.73111395 445.71724867
v 39.88642901 -61.38150806 570.96423707
v 38.27126573 -56.08497146 532.09268002
v 44.11685290 -43.36522355 468.03733580
v 60.27658551 -53.11057964 449.37183081
v -102.21115661 -36.33347600 102.49467323
v 67.31410638 -61.25991354 450.12791088
v 52.86798476 -17.88779077 441.38385365
v 52.61360974 -10.22896952 427.09232643
v 52.76647711 2.28898554 431.45322459
v 59.89766576 4.00717593 422.03123062
v 66.40330531 9.09688597 420.44961570
v -85.23662059 -60.71823899 434.00952729
v -73.07731643 -58.67836668 427.55815198
v 68.40325706 27.77591050 484.92282126
v 80.83778368 33.59029725 452.20821513
v 80.84260504 27.26596279 459.24048151
v 74.22829433 29.31549911 451.31897316
v -84.38608958 -164.61687189 775.95706812
v 73.16661394 -68.78783926 457.88539047
v -100.87275487 -64.64985512 451.38806863
v -65.44377810 -156.51992764 766.27263062
v 70.33063676 -112.44407486 682.70153830
v -64.72772987 -35.12073428 374.77091526
v -143.86990359 36.15874364 424.17701171
v 54.58164196 -108.08559958 685.01948049
v -89.93252851 -154.93208237 766.80163982
v -100.48019012 -38.70405987 116.26253752
v -95.41703502 -64.18591731 439.75708060
v -27.91182722 -25.59692871 495.77660290
f 31 32 33
f 37 31 33
f 37 33 45
f 45 46 37
f 56 37 46
f 46 63 56
f 12 56 63
f 12 63 10
f 10 11 12
f 12 11 78
f 78 11 83
f 83 84 78
f 84 92 78
f 78 92 56
f 84 104 92
f 106 92 104
f 104 111 106
f 118 106 111
f 111 126 118
f 127 118 126
f 132 127 126
f 132 126 139
f 139 144 132
f 144 151 132
f 160 132 151
f 151 164 160
f 160 164 170
f 174 160 170
f 174 170 186
f 193 174 186
f 186 195 193
f 198 193 195
f 195 208 198
f 208 212 198
f 198 212 229
f 198 229 233
f 249 198 233
f 249 233 256
f 266 249 256
f 266 256 127
f 127 256 287
f 127 287 292
f 297 292 287
f 298 297 287
f 287 233 298
f 233 319 298
f 319 324 298
f 298 324 328
f 298 328 334
f 343 298 334
f 334 352 343
f 356 343 352
f 356 352 365
f 372 356 365
f 365 32 372
f 365 387 32
f 395 32 387
f 395 387 400
f 405 395 400
f 405 400 409
f 405 409 416
f 422 405 416
f 24 422 416
f 416 22 24
f 22 23 24
f 24 23 439
f 439 23 445
f 445 46 439
f 457 445 23
f 23 464 457
f 464 473 457
f 473 10 457
f 473 491 10
f 10 491 495
f 10 495 503
f 495 52 503
f 52 514 503
f 520 503 514
f 514 529 520
f 532 520 529
f 532 529 100
f 532 100 549
f 561 532 549
f 565 561 549
f 565 549 450
f 450 577 565
f 565 577 585
f 565 585 591
f 591 585 598
f 598 83 591
f 83 532 591
f 585 612 598
f 598 612 84
f 84 612 633
f 633 612 634
f 634 139 633
f 111 633 139
f 649 634 612
f 634 649 657
f 657 658 634
f 658 144 634
f 658 657 673
f 673 151 658
f 683 151 673
f 683 673 691
f 691 695 683
f 164 683 695
f 695 700 164
f 695 707 700
f 707 711 700
f 717 700 711
f 711 472 717
f 717 472 724
f 724 186 717
f 472 737 724
f 737 663 724
f 195 724 663
f 663 651 195
f 651 750 195
f 750 756 195
f 750 650 756
f 768 756 650
f 650 642 768
f 775 768 642
f 642 781 775
f 785 775 781
f 781 786 785
f 789 785 786
f 786 684 789
f 684 801 789
f 805 789 801
f 805 801 815
f 815 822 805
f 822 829 805
f 829 833 805
f 842 833 829
f 829 848 842
f 853 842 848
f 848 857 853
f 868 853 857
f 872 868 857
f 881 872 857
f 881 857 882
f 887 881 882
f 893 887 882
f 882 895 893
f 899 893 895
f 908 899 895
f 908 911 899
f 899 911 915
f 922 899 915
f 926 922 915
f 926 915 932
f 932 936 926
f 940 926 936
f 950 940 936
f 950 936 953
f 950 953 960
f 960 961 950
f 950 961 966
f 966 972 950
f 974 972 966
f 974 966 980
f 990 974 980
f 990 980 999
f 1005 990 999
f 1005 999 1008
f 1014 1005 1008
f 1021 1014 1008
f 1031 1021 1008
f 1031 1008 1034
f 1031 1034 1046
f 1046 1050 1031
f 1050 1062 1031
f 1063 1062 1050
f 1050 1071 1063
f 1077 1063 1071
f 1077 1071 1079
f 1083 1077 1079
f 1092 1083 1079
f 1092 1079 1096
f 1103 1092 1096
f 1103 1096 1050
f 1103 1050 1115
f 1103 1115 1120
f 1120 1127 1103
f 1120 1131 1127
f 1131 1139 1127
f 1127 1139 1143
f 1127 1143 1152
f 1152 1153 1127
f 1092 1127 1153
f 1092 1153 1162
f 1153 1152 1162
f 1162 1152 1174
f 1162 1174 1083
f 1083 1174 1186
f 1174 1191 1186
f 1186 1191 1077
f 1191 1200 1077
f 1191 1205 1200
f 1213 1200 1205
f 1205 1014 1213
f 1205 1225 1014
f 1229 1225 1205
f 1229 1205 1237
f 1237 1238 1229
f 1238 1245 1229
f 1248 1229 1245
f 1245 1255 1248
f 1255 568 1248
f 568 1270 1248
f 1248 1270 1271
f 1248 1271 1225
f 1225 1271 990
f 1270 1288 1271
f 1271 1288 1290
f 1271 1290 974
f 1290 1305 974
f 1305 1290 1321
f 1321 143 1305
f 143 1332 1305
f 1305 1332 972
f 1332 940 972
f 1332 1344 940
f 1344 922 940
f 1344 893 922
f 143 1344 1332
f 143 1366 1344
f 1366 887 1344
f 1366 1371 887
f 1371 1366 109
f 881 1371 109
f 109 1383 881
f 109 239 1383
f 239 1395 1383
f 1399 1383 1395
f 1395 308 1399
f 308 1405 1399
f 1399 1405 202
f 1399 202 1414
f 872 1399 1414
f 1414 202 361
f 1414 361 868
f 868 361 1427
f 1427 1430 868
f 1427 1436 1430
f 853 1430 1436
f 1436 1443 853
f 1436 1446 1443
f 1446 785 1443
f 1443 785 1458
f 1458 833 1443
f 1458 789 833
f 1446 885 785
f 885 1446 886
f 852 885 886
f 886 809 852
f 852 809 324
f 324 809 811
f 809 810 811
f 811 810 874
f 873 811 874
f 861 873 874
f 861 874 925
f 861 925 293
f 861 293 894
f 861 894 862
f 860 861 862
f 862 912 860
f 798 860 912
f 962 798 912
f 935 962 912
f 912 894 935
f 903 935 894
f 894 904 903
f 902 903 904
f 904 955 902
f 954 902 955
f 954 955 280
f 1070 954 280
f 1345 1070 280
f 1345 280 344
f 944 1345 344
f 344 1 944
f 944 1 1367
f 944 1367 1069
f 1070 944 1069
f 1069 1029 1070
f 1069 1028 1029
f 1028 986 1029
f 988 1029 986
f 986 987 988
f 988 987 902
f 987 1053 902
f 1114 902 1053
f 1114 1053 1039
f 1078 1114 1039
f 962 1078 1039
f 1038 962 1039
f 1037 1038 1039
f 1097 1037 1039
f 1037 1097 1098
f 1037 1098 1154
f 1154 1126 1037
f 1154 1125 1126
f 1125 1090 1126
f 1126 1090 1038
f 1090 1091 1038
f 1038 1091 841
f 841 1091 1144
f 1144 840 841
f 840 796 841
f 841 796 798
f 796 797 798
f 1134 797 796
f 797 1134 1135
f 1135 823 797
f 797 823 824
f 797 824 1212
f 1212 860 797
f 824 1177 1212
f 861 1212 1177
f 1177 824 823
f 1176 1177 823
f 873 1177 1176
f 1176 328 873
f 823 1135 1176
f 1135 334 1176
f 1216 1135 1134
f 840 1216 1134
f 840 1217 1216
f 387 1216 1217
f 387 1217 1272
f 1272 1217 1273
f 1336 1272 1273
f 1336 1273 1297
f 1336 1297 1264
f 1297 1298 1264
f 1298 1265 1264
f 1264 1265 1266
f 1264 1266 409
f 409 1272 1264
f 1588 409 1266
f 1588 1266 1595
f 1595 1597 1588
f 1311 1588 1597
f 1597 1312 1311
f 1310 1311 1312
f 1408 1310 1312
f 1408 1312 1616
f 1408 1616 1409
f 1408 1409 1381
f 1409 1382 1381
f 1356 1381 1382
f 1382 1357 1356
f 1355 1356 1357
f 1355 1357 1400
f 1400 1401 1355
f 1400 1439 1401
f 1439 1440 1401
f 1401 1440 1388
f 1401 1388 1356
f 1356 1388 1390
f 1388 1389 1390
f 1381 1390 1389
f 1389 1428 1381
f 1428 22 1381
f 1310 1381 22
f 1422 22 1428
f 1428 1389 1422
f 1422 1389 1421
f 1421 23 1422
f 1389 1198 1421
f 1421 1198 1167
f 464 1421 1167
f 1198 1199 1167
f 1167 1199 1166
f 1166 473 1167
f 1166 1199 1018
f 1018 1187 1166
f 1166 1187 491
f 491 1187 1188
f 402 491 1188
f 402 1188 401
f 401 50 402
f 52 402 50
f 50 51 52
f 426 51 50
f 80 51 426
f 426 388 80
f 40 80 388
f 40 388 38
f 38 39 40
f 40 39 91
f 40 91 27
f 91 67 27
f 27 67 68
f 68 25 27
f 25 26 27
f 27 26 80
f 26 79 80
f 131 79 26
f 131 3 79
f 79 3 100
f 99 100 3
f 2 99 3
f 1 2 3
f 1 120 2
f 119 120 1
f 184 119 1
f 119 184 185
f 119 185 107
f 119 107 143
f 185 108 107
f 107 108 109
f 108 185 184
f 184 237 108
f 239 108 237
f 237 238 239
f 237 279 238
f 279 281 238
f 238 281 219
f 238 219 1395
f 281 220 219
f 219 220 203
f 219 203 264
f 219 264 308
f 265 308 264
f 264 203 265
f 203 202 265
f 202 203 204
f 203 293 204
f 204 293 294
f 294 360 204
f 204 360 361
f 360 294 874
f 220 293 203
f 220 281 904
f 279 280 281
f 184 279 237
f 344 279 184
f 119 414 120
f 414 415 120
f 120 415 377
f 99 120 377
f 99 377 329
f 329 330 99
f 330 549 99
f 330 329 441
f 330 441 449
f 449 450 330
f 449 757 450
f 449 707 757
f 757 707 691
f 691 657 757
f 449 441 707
f 440 441 329
f 329 513 440
f 440 513 13
f 440 13 472
f 13 471 472
f 15 471 13
f 13 14 15
f 500 15 14
f 14 499 500
f 482 500 499
f 499 568 482
f 521 482 568
f 521 522 482
f 522 480 482
f 480 481 482
f 480 552 481
f 481 552 534
f 481 534 533
f 533 500 481
f 500 533 471
f 471 533 167
f 471 167 737
f 533 534 167
f 534 165 167
f 165 166 167
f 167 166 662
f 167 662 663
f 152 662 166
f 166 194 152
f 194 153 152
f 152 153 154
f 152 154 650
f 152 650 651
f 154 677 650
f 677 154 153
f 677 153 676
f 676 643 677
f 677 643 642
f 641 642 643
f 643 696 641
f 696 697 641
f 786 641 697
f 696 712 697
f 685 697 712
f 712 713 685
f 713 686 685
f 684 685 686
f 686 731 684
f 731 686 732
f 732 801 731
f 720 732 686
f 749 732 720
f 748 749 720
f 719 748 720
f 719 720 713
f 713 1718 719
f 1262 719 1718
f 1709 1262 1718
f 1709 1718 696
f 1709 1710 1262
f 1262 1710 1682
f 1682 1726 1262
f 1706 1262 1726
f 1705 1706 1726
f 1725 1705 1726
f 1793 1705 1725
f 1793 1725 1730
f 1730 1725 1307
f 1730 1307 1658
f 1594 1730 1658
f 1652 1594 1658
f 1652 1658 1651
f 1651 1496 1652
f 1802 1652 1496
f 1802 1496 1143
f 1496 521 1143
f 1143 521 1255
f 1143 1255 1238
f 1496 1651 522
f 1658 480 1651
f 1658 1309 480
f 1652 1802 1594
f 1662 1594 1802
f 1139 1662 1802
f 1334 1594 1662
f 1335 1334 1662
f 1662 1131 1335
f 1131 1333 1335
f 1333 1334 1335
f 1261 1334 1333
f 1333 1115 1261
f 1261 1115 1262
f 1261 1262 1263
f 1261 1263 1334
f 1593 1334 1263
f 1263 1706 1593
f 1334 1593 1594
f 1594 1593 1730
f 1593 1705 1730
f 1658 1307 1309
f 1307 1308 1309
f 1309 1308 552
f 1307 1725 1308
f 1725 1682 1308
f 1492 1308 1682
f 1492 1682 165
f 165 1682 1488
f 1682 1690 1488
f 1488 1690 676
f 1690 1709 676
f 1308 1492 534
f 1705 1793 1730
f 1705 1593 1706
f 1263 1262 1706
f 1725 1726 1682
f 1710 1690 1682
f 1709 1690 1710
f 748 719 1262
f 1262 1520 748
f 748 1520 1771
f 1770 748 1771
f 1681 1770 1771
f 1776 1681 1771
f 1519 1776 1771
f 1519 1775 1776
f 1671 1776 1775
f 1775 1780 1671
f 1672 1671 1780
f 1672 1780 1731
f 1731 1895 1672
f 1529 1672 1895
f 1529 1895 1504
f 1529 1504 1735
f 1034 1529 1735
f 1506 1735 1504
f 1504 1505 1506
f 1505 1731 1506
f 1899 1506 1731
f 1899 1512 1506
f 1512 1046 1506
f 1046 1512 1521
f 1512 1899 1521
f 1899 1519 1521
f 1519 1520 1521
f 1506 1046 1735
f 1505 1504 1895
f 1528 1672 1529
f 1008 1528 1529
f 1672 1528 1666
f 1666 1670 1672
f 1670 1666 961
f 1671 1670 961
f 961 1666 980
f 999 1666 1528
f 1731 1505 1895
f 1899 1731 1780
f 1670 1671 1672
f 1775 1899 1780
f 1671 1676 1776
f 960 1676 1671
f 1676 960 936
f 1775 1519 1899
f 1676 1681 1776
f 1681 1676 932
f 932 1680 1681
f 822 1681 1680
f 1680 1759 822
f 822 1759 911
f 1759 1680 915
f 749 1770 1681
f 749 1681 815
f 1520 1519 1771
f 1521 1520 1262
f 1521 1262 1050
f 749 748 1770
f 749 815 732
f 713 720 686
f 1718 713 712
f 684 697 685
f 696 1718 712
f 1709 696 643
f 676 1709 643
f 1488 676 153
f 153 194 1488
f 1488 194 166
f 662 152 651
f 165 1488 166
f 165 534 1492
f 534 552 1308
f 1309 552 480
f 522 1651 480
f 521 1496 522
f 482 481 500
f 499 14 1270
f 14 13 1500
f 1500 1288 14
f 1956 1288 1500
f 1956 1500 415
f 415 1500 513
f 500 471 15
f 513 1500 13
f 441 440 711
f 329 377 513
f 513 377 415
f 415 414 1956
f 1321 1956 414
f 1321 414 119
f 2 120 99
f 1367 3 131
f 26 25 131
f 131 25 1069
f 25 68 1069
f 67 1533 68
f 1533 986 68
f 1533 1532 986
f 1531 1532 1533
f 1531 1540 1532
f 1532 1540 987
f 1531 1539 1540
f 1539 1053 1540
f 1539 1550 1053
f 1097 1053 1550
f 1550 1539 1551
f 1549 1550 1551
f 1549 1551 1752
f 1549 1752 1981
f 1981 1555 1549
f 1555 1471 1549
f 1555 1758 1471
f 1758 952 1471
f 1471 952 1469
f 1469 1470 1471
f 1471 1470 1098
f 1098 1550 1471
f 1475 1470 1469
f 1475 1476 1470
f 1470 1476 1989
f 1154 1470 1989
f 1154 1989 1480
f 1154 1480 1481
f 1481 1993 1154
f 1993 1485 1154
f 1485 1993 1486
f 1485 1486 1487
f 1125 1485 1487
f 1487 1579 1125
f 1579 1581 1125
f 1579 1580 1581
f 1580 2005 1581
f 1586 1581 2005
f 1586 2005 1217
f 1581 1586 1091
f 1273 2005 1580
f 1273 1580 1596
f 1596 1580 1579
f 1596 1579 1487
f 2014 1596 1487
f 2014 1615 1596
f 1596 1615 1297
f 1614 1297 1615
f 1614 1615 2022
f 2022 2023 1614
f 1614 2023 1298
f 1683 1614 1298
f 1694 1298 2023
f 1694 2023 2032
f 2032 1695 1694
f 217 1694 1695
f 217 1695 2035
f 217 2035 2041
f 217 2041 218
f 216 217 218
f 216 218 263
f 2047 216 263
f 262 2047 263
f 261 262 263
f 261 263 2055
f 1634 261 2055
f 1634 2055 1632
f 1632 1633 1634
f 1633 1632 2057
f 2057 1637 1633
f 1638 1633 1637
f 1637 222 1638
f 222 2064 1638
f 2064 1577 1638
f 1638 1577 1642
f 1642 1643 1638
f 1638 1643 1647
f 261 1638 1647
f 1643 1564 1647
f 1647 1564 1409
f 2070 1647 1409
f 1647 2070 262
f 1643 1562 1564
f 1562 1563 1564
f 1564 1563 1382
f 1562 1569 1563
f 1569 1400 1563
f 1568 1400 1569
f 2075 1568 1569
f 2075 1569 1573
f 543 2075 1573
f 870 543 1573
f 870 1573 2079
f 846 870 2079
f 1577 846 2079
f 1577 1578 846
f 2087 846 1578
f 1074 2087 1578
f 1074 1578 221
f 221 1075 1074
f 1074 1075 1076
f 1076 2090 1074
f 2090 1093 1074
f 2090 1094 1093
f 1093 1094 1095
f 1095 847 1093
f 847 2087 1093
f 1118 847 1095
f 1118 1095 1119
f 1119 1141 1118
f 820 1118 1141
f 1140 820 1141
f 1140 1141 1142
f 1142 2100 1140
f 1140 2100 794
f 1140 794 793
f 793 794 795
f 793 795 820
f 820 795 2106
f 2106 821 820
f 819 820 821
f 821 2110 819
f 2110 845 819
f 845 847 819
f 845 846 847
f 845 2110 2114
f 2114 871 845
f 845 871 870
f 869 870 871
f 869 871 2121
f 869 2121 543
f 2121 541 543
f 541 542 543
f 2128 543 542
f 2128 542 1568
f 1568 542 569
f 569 542 570
f 569 570 597
f 1400 569 597
f 570 290 597
f 596 597 290
f 290 624 596
f 596 624 623
f 596 623 1439
f 622 623 624
f 624 2151 622
f 622 2151 970
f 622 970 969
f 969 970 971
f 969 971 998
f 969 998 1198
f 969 1198 1388
f 997 998 971
f 997 971 1049
f 1049 1019 997
f 1019 1018 997
f 1018 1019 1020
f 1020 426 1018
f 1018 426 401
f 1049 1020 1019
f 1048 1020 1049
f 1048 1049 2151
f 2151 2183 1048
f 2183 1412 1048
f 1048 1412 1413
f 1424 1413 1412
f 1412 1459 1424
f 1459 1425 1424
f 1424 1425 1426
f 1424 1426 1442
f 2200 1424 1442
f 2200 1442 38
f 1442 1426 39
f 1426 1531 39
f 39 1531 67
f 1426 1425 1551
f 1459 211 1425
f 211 1752 1425
f 211 210 1752
f 209 210 211
f 253 209 211
f 253 211 1412
f 254 253 1412
f 253 254 255
f 291 255 254
f 291 254 2183
f 624 291 2183
f 290 255 291
f 1204 255 290
f 1204 2214 255
f 2214 318 255
f 318 209 255
f 318 890 209
f 2219 890 318
f 2219 909 890
f 909 891 890
f 890 891 892
f 890 892 210
f 892 1555 210
f 892 891 1555
f 909 910 891
f 910 931 891
f 931 1758 891
f 931 930 1758
f 929 930 931
f 795 930 929
f 795 2235 930
f 930 2235 951
f 930 951 952
f 951 1475 952
f 951 1342 1475
f 1341 1475 1342
f 1341 1342 1343
f 1343 1364 1341
f 1341 1364 2243
f 1363 2243 1364
f 1363 1364 1365
f 2247 1363 1365
f 2247 1365 1376
f 1375 2247 1376
f 1375 1376 1377
f 1375 1377 2254
f 2254 1398 1375
f 1398 1397 1375
f 1396 1397 1398
f 1398 117 1396
f 116 1396 117
f 115 116 117
f 117 2263 115
f 136 115 2263
f 2263 137 136
f 136 137 138
f 138 766 136
f 766 138 162
f 161 766 162
f 161 162 163
f 730 161 163
f 191 730 163
f 191 163 192
f 190 191 192
f 647 190 192
f 647 192 2276
f 647 2276 648
f 398 647 648
f 671 398 648
f 648 2280 671
f 2280 672 671
f 670 671 672
f 693 670 672
f 693 672 2283
f 2283 694 693
f 692 693 694
f 694 1141 692
f 2285 693 692
f 710 2285 692
f 692 709 710
f 710 709 2290
f 710 2290 341
f 341 342 710
f 341 36 342
f 36 369 342
f 342 369 2285
f 371 2285 369
f 369 370 371
f 370 397 371
f 397 670 371
f 399 670 397
f 397 398 399
f 397 421 398
f 421 2299 398
f 420 2299 421
f 419 420 421
f 35 419 421
f 419 35 600
f 34 600 35
f 34 35 36
f 34 36 2303
f 34 2303 61
f 61 2303 62
f 60 61 62
f 77 60 62
f 62 169 77
f 169 75 77
f 75 76 77
f 576 77 76
f 76 96 576
f 98 576 96
f 96 97 98
f 97 2319 98
f 2319 1618 98
f 1618 547 98
f 547 548 98
f 98 548 2323
f 2323 548 574
f 576 2323 574
f 574 575 576
f 575 60 576
f 575 574 61
f 61 574 600
f 574 599 600
f 2334 600 599
f 599 631 2334
f 2334 631 420
f 631 632 420
f 420 632 190
f 631 2341 632
f 2341 973 632
f 632 973 191
f 973 2349 191
f 1004 2349 973
f 1003 2349 1004
f 1002 1003 1004
f 1002 1004 1030
f 1617 1002 1030
f 1030 547 1617
f 547 1030 631
f 1002 1617 2359
f 2359 1059 1002
f 1002 1059 1061
f 1059 1060 1061
f 1061 1060 728
f 728 2349 1061
f 2349 728 730
f 728 729 730
f 729 728 2371
f 729 2371 1691
f 729 1691 745
f 744 729 745
f 745 437 744
f 744 437 767
f 767 766 744
f 765 766 767
f 767 2379 765
f 296 765 2379
f 436 296 2379
f 784 296 436
f 2385 784 436
f 2386 2385 436
f 438 2386 436
f 436 437 438
f 2386 438 2390
f 2390 463 2386
f 2390 461 463
f 461 462 463
f 493 463 462
f 493 462 2396
f 493 2396 494
f 492 493 494
f 492 494 2398
f 492 2398 519
f 518 492 519
f 517 518 519
f 519 2404 517
f 2404 179 517
f 517 179 178
f 178 179 180
f 178 180 283
f 518 178 283
f 518 283 784
f 180 282 283
f 296 283 282
f 282 295 296
f 296 295 331
f 296 331 2314
f 2314 331 333
f 2314 333 115
f 765 2314 115
f 331 332 333
f 332 345 333
f 333 345 116
f 295 345 332
f 2411 345 295
f 2411 2266 345
f 389 345 2266
f 2266 146 389
f 389 146 390
f 389 390 404
f 403 404 390
f 390 1410 403
f 403 1410 2422
f 2272 403 2422
f 2272 2422 29
f 28 2272 29
f 28 29 30
f 30 42 28
f 41 28 42
f 41 42 2428
f 2432 41 2428
f 2428 1590 2432
f 2208 2432 1590
f 1583 2208 1590
f 1589 1583 1590
f 1583 1589 1584
f 1582 1583 1584
f 2446 1582 1584
f 2450 2446 1584
f 2450 1584 1600
f 2055 2450 1600
f 1600 1584 1619
f 1600 1619 1620
f 1600 1620 1598
f 1598 1599 1600
f 1599 2057 1600
f 2057 1599 2453
f 2292 2057 2453
f 2453 1702 2292
f 207 2292 1702
f 1684 207 1702
f 1702 1256 1684
f 205 1684 1256
f 1256 687 205
f 205 687 2469
f 2056 205 2469
f 2469 1075 2056
f 205 2056 206
f 205 206 207
f 2056 221 206
f 221 222 206
f 2473 206 222
f 2292 206 2473
f 2292 2473 1637
f 2393 2469 687
f 688 2393 687
f 687 367 688
f 699 688 367
f 698 699 367
f 698 367 2048
f 2486 698 2048
f 2486 2048 723
f 2132 2486 723
f 722 2132 723
f 721 722 723
f 721 418 722
f 733 722 418
f 418 2488 733
f 733 2488 93
f 733 93 759
f 759 2132 733
f 758 2132 759
f 758 759 760
f 121 758 760
f 121 760 771
f 771 989 121
f 1100 121 989
f 989 1099 1100
f 1099 17 1100
f 17 16 1100
f 16 17 18
f 18 156 16
f 110 16 156
f 1040 110 156
f 1040 156 2498
f 6 1040 2498
f 2498 2303 6
f 6 5 1040
f 4 5 6
f 4 6 81
f 4 81 82
f 699 82 81
f 2508 81 6
f 6 341 2508
f 341 81 2508
f 5 4 82
f 82 110 5
f 110 82 122
f 121 110 122
f 698 122 82
f 2498 156 155
f 155 62 2498
f 5 110 1040
f 16 110 121
f 155 156 18
f 169 155 18
f 168 169 18
f 168 18 1974
f 168 1974 2521
f 914 168 2521
f 2521 644 914
f 646 914 644
f 644 645 646
f 653 646 645
f 652 653 645
f 652 645 2525
f 652 2525 956
f 875 652 956
f 2107 875 956
f 2107 956 626
f 2107 626 1000
f 2107 1000 906
f 905 2107 906
f 905 906 907
f 535 905 907
f 1368 535 907
f 1368 907 2117
f 1368 2117 2538
f 1368 2538 946
f 1368 946 536
f 502 536 946
f 945 502 946
f 946 1402 945
f 1402 1403 945
f 2227 945 1403
f 1403 2542 2227
f 2542 2543 2227
f 2227 2543 1358
f 1358 1359 2227
f 1358 501 1359
f 1359 501 945
f 1429 501 1358
f 1429 1358 2236
f 2236 2554 1429
f 1429 2554 2555
f 1145 1429 2555
f 2555 1391 1145
f 1391 1392 1145
f 1145 1392 1146
f 483 1145 1146
f 1146 1737 483
f 483 1737 484
f 483 484 485
f 501 483 485
f 501 485 502
f 485 484 502
f 1737 825 484
f 825 826 484
f 484 826 537
f 537 536 484
f 535 536 537
f 537 553 535
f 553 537 554
f 876 553 554
f 554 877 876
f 875 876 877
f 554 2091 877
f 2091 653 877
f 2091 2560 653
f 2560 814 653
f 2560 812 814
f 812 813 814
f 814 813 914
f 813 913 914
f 913 863 914
f 863 75 914
f 863 2570 75
f 863 865 2570
f 2570 865 76
f 863 864 865
f 864 97 865
f 864 1327 97
f 1327 2209 97
f 2209 2573 97
f 2209 2579 2573
f 2573 2579 1268
f 1267 2573 1268
f 1267 1268 1269
f 1618 1267 1269
f 1617 1618 1269
f 1269 1268 2218
f 2218 2359 1269
f 2359 2218 2588
f 1313 2359 2588
f 2588 1314 1313
f 1313 1314 1315
f 1059 1313 1315
f 1315 1698 1059
f 1315 2109 1698
f 2109 1692 1698
f 1698 1692 1060
f 1060 1692 2371
f 2109 1693 1692
f 1691 1692 1693
f 1693 1714 1691
f 1713 1691 1714
f 2300 1713 1714
f 1714 2607 2300
f 2607 1712 2300
f 2300 1712 461
f 461 1712 1711
f 1461 1711 1712
f 1461 1712 1460
f 1460 1454 1461
f 1461 1454 2244
f 1454 2613 2244
f 2617 2244 2613
f 2613 1423 2617
f 494 2617 1423
f 494 1423 1117
f 1117 1423 1190
f 1189 1117 1190
f 1453 1189 1190
f 1190 2613 1453
f 2623 1189 1453
f 1179 2623 1453
f 1232 1179 1453
f 1232 1453 1454
f 1232 1454 1230
f 1230 1231 1232
f 2193 1231 1230
f 1231 2193 1646
f 1646 2630 1231
f 2630 1180 1231
f 1231 1180 1179
f 1178 1179 1180
f 1178 1180 1274
f 1274 1275 1178
f 1178 1275 2202
f 1178 2202 1218
f 1218 2623 1178
f 2202 2642 1218
f 2642 1219 1218
f 1218 1219 1189
f 1219 1116 1189
f 1116 1219 2643
f 2643 1988 1116
f 1988 1080 1116
f 1116 1080 1117
f 1082 1117 1080
f 1080 1081 1082
f 2646 1082 1081
f 1081 1997 2646
f 2649 2646 1997
f 1160 2649 1997
f 1160 1997 1161
f 1129 1160 1161
f 1129 1161 1130
f 1128 1129 1130
f 1128 1130 2651
f 2651 806 1128
f 1952 1128 806
f 843 1952 806
f 843 806 844
f 843 844 803
f 803 802 843
f 802 803 804
f 804 2659 802
f 802 2659 2662
f 802 2662 1952
f 2662 888 1952
f 888 856 1952
f 888 889 856
f 889 854 856
f 854 855 856
f 856 855 1129
f 854 1900 855
f 855 1900 1160
f 854 593 1900
f 592 1900 593
f 179 592 593
f 593 550 179
f 179 550 551
f 2683 179 551
f 197 2683 551
f 134 197 551
f 602 134 551
f 637 602 551
f 603 602 637
f 603 637 889
f 601 602 603
f 601 603 2687
f 2659 601 2687
f 601 2659 2693
f 2693 1016 601
f 1016 1015 601
f 135 1015 1016
f 1016 976 135
f 975 135 976
f 2060 975 976
f 1072 2060 976
f 976 2693 1072
f 1072 2693 1959
f 1072 1959 1073
f 939 1072 1073
f 939 1073 1033
f 1032 939 1033
f 1033 1951 1032
f 1032 1951 2714
f 1032 2714 967
f 967 2714 1441
f 896 967 1441
f 896 1441 1416
f 1415 896 1416
f 1415 1416 1417
f 897 1415 1417
f 1417 2083 897
f 2722 897 2083
f 1448 2722 2083
f 1448 2083 1468
f 1468 1035 1448
f 1448 1035 1449
f 1447 1448 1449
f 1447 1449 269
f 268 1447 269
f 267 268 269
f 269 1201 267
f 1173 267 1201
f 1201 1202 1173
f 1202 252 1173
f 251 1173 252
f 250 251 252
f 325 250 252
f 250 325 326
f 250 326 1839
f 1839 1246 250
f 250 1246 1214
f 250 1214 313
f 313 1214 314
f 312 313 314
f 314 2729 312
f 312 2729 927
f 268 312 927
f 268 927 928
f 927 898 928
f 928 898 897
f 896 897 898
f 896 898 2736
f 2736 968 896
f 2736 2739 968
f 968 2739 1967
f 1967 937 968
f 967 968 937
f 937 939 967
f 937 938 939
f 939 938 2742
f 938 2743 2742
f 2743 1374 2742
f 2060 2742 1374
f 1374 1373 2060
f 1349 1373 1374
f 1350 1349 1374
f 1349 1350 1351
f 1384 1349 1351
f 1384 1351 189
f 189 188 1384
f 1410 1384 188
f 188 29 1410
f 1384 1410 1411
f 1411 145 1384
f 1384 145 1373
f 1373 145 975
f 147 975 145
f 145 146 147
f 1803 975 147
f 1803 147 2266
f 2266 2764 1803
f 2764 133 1803
f 133 135 1803
f 133 134 135
f 133 2764 196
f 133 196 197
f 197 196 1815
f 1815 196 2411
f 1815 2411 282
f 196 2764 2411
f 146 145 1411
f 187 188 189
f 189 679 187
f 678 187 679
f 1915 678 679
f 1915 679 2778
f 667 1915 2778
f 2778 70 667
f 667 70 668
f 667 668 669
f 668 718 669
f 718 380 669
f 380 1915 669
f 380 2786 1915
f 2786 380 379
f 1599 2786 379
f 708 1599 379
f 708 379 378
f 378 2453 708
f 378 379 380
f 380 718 378
f 1702 378 718
f 668 366 718
f 1256 718 366
f 1256 366 368
f 366 367 368
f 366 427 367
f 427 366 417
f 427 417 721
f 721 2048 427
f 417 366 668
f 417 668 70
f 417 70 69
f 417 69 418
f 69 71 418
f 69 70 71
f 70 1786 71
f 57 71 1786
f 2798 57 1786
f 1786 2778 2798
f 2798 58 57
f 57 58 59
f 105 57 59
f 94 105 59
f 94 59 1794
f 2807 94 1794
f 1794 1967 2807
f 1794 2810 1967
f 2807 95 94
f 93 94 95
f 586 93 95
f 586 95 587
f 586 587 1901
f 2811 586 1901
f 2811 1901 2619
f 571 2811 2619
f 571 2619 572
f 571 572 573
f 635 571 573
f 635 573 636
f 636 1001 635
f 1001 625 635
f 989 635 625
f 625 1010 989
f 627 1010 625
f 625 626 627
f 1010 627 1009
f 1009 17 1010
f 17 1009 1974
f 2525 1009 627
f 1009 2525 644
f 635 989 2831
f 626 625 1001
f 636 1000 1001
f 1000 636 1065
f 1064 1000 1065
f 1982 1064 1065
f 1064 1982 2842
f 1064 2842 2844
f 1051 1064 2844
f 2844 1052 1051
f 1051 1052 752
f 530 1051 752
f 751 530 752
f 751 752 1930
f 751 1930 1805
f 1805 2849 751
f 1805 741 2849
f 743 2849 741
f 741 742 743
f 787 743 742
f 787 742 788
f 1938 787 788
f 783 1938 788
f 783 788 1918
f 783 1918 2858
f 783 2858 782
f 782 475 783
f 474 783 475
f 474 475 476
f 476 1886 474
f 474 1886 1938
f 1886 476 458
f 458 460 1886
f 787 1886 460
f 458 459 460
f 459 530 460
f 460 530 531
f 460 531 743
f 530 2849 531
f 458 516 459
f 516 2117 459
f 2117 1051 459
f 515 516 458
f 458 2797 515
f 1721 515 2797
f 1721 2797 1719
f 1719 1720 1721
f 1721 1720 2305
f 2304 1721 2305
f 2304 2305 2306
f 2871 2304 2306
f 1729 2871 2306
f 1729 2306 2804
f 2804 1727 1729
f 1727 1728 1729
f 2312 1729 1728
f 1728 2313 2312
f 2311 2312 2313
f 1203 2311 2313
f 1203 2313 2761
f 1654 1203 2761
f 2761 1655 1654
f 1653 1654 1655
f 2264 1653 1655
f 2264 1655 2265
f 2264 2265 2015
f 2264 2015 2768
f 1661 2264 2768
f 2768 2054 1661
f 2054 1659 1661
f 1659 1660 1661
f 1660 1659 2277
f 2277 2271 1660
f 1299 1660 2271
f 1299 2271 2822
f 2822 2724 1299
f 2724 2725 1299
f 1299 2725 1164
f 1299 1164 1300
f 1300 1164 1203
f 1164 1163 1203
f 1163 1164 1165
f 1165 1602 1163
f 2311 1163 1602
f 1602 1165 2670
f 2670 1247 1602
f 1601 1602 1247
f 1206 1601 1247
f 1207 1206 1247
f 1206 1207 1208
f 1208 1707 1206
f 1688 1707 1208
f 1208 2789 1688
f 2789 1689 1688
f 1249 1688 1689
f 1689 1289 1249
f 1249 1289 1250
f 1249 1250 1251
f 1249 1251 2794
f 1249 2794 2793
f 2793 2794 1708
f 1708 1707 2793
f 1340 1707 1708
f 1340 1708 1293
f 1292 1340 1293
f 1291 1292 1293
f 1293 2862 1291
f 2400 1291 2862
f 1773 2400 2862
f 2862 1774 1773
f 1772 1773 1774
f 1772 1774 2397
f 2397 2391 1772
f 2391 2392 1772
f 1772 2392 2790
f 1782 1772 2790
f 1782 2790 240
f 240 1511 1782
f 1781 1782 1511
f 2399 1781 1511
f 2399 1511 1392
f 2399 2400 1781
f 2399 2668 2400
f 2399 2555 2668
f 1773 1782 1781
f 1511 240 1392
f 240 320 1392
f 1392 320 2324
f 2324 2136 1392
f 2136 2324 259
f 2136 259 1524
f 1146 2136 1524
f 259 1522 1524
f 1522 1523 1524
f 1737 1524 1523
f 1523 1522 2147
f 2335 1523 2147
f 2148 2335 2147
f 2147 1667 2148
f 2148 1667 2777
f 2148 2777 2560
f 1669 2777 1667
f 1667 1668 1669
f 2279 1669 1668
f 1668 2220 2279
f 2220 2278 2279
f 2279 2278 1766
f 2279 1766 1765
f 1765 1679 2279
f 1765 1677 1679
f 1677 1678 1679
f 1679 1678 1669
f 1678 1677 2284
f 812 1678 2284
f 2372 812 2284
f 2284 2378 2372
f 1761 2372 2378
f 2378 1760 1761
f 1760 1327 1761
f 2378 1677 1760
f 1761 2373 2372
f 2372 2373 813
f 2373 1761 864
f 812 2777 1678
f 2284 1677 2378
f 1677 1765 1760
f 1765 1766 1760
f 2380 1760 1766
f 1766 2166 2380
f 2380 2166 2111
f 2579 2380 2111
f 1491 2579 2111
f 1491 2111 1489
f 1489 1490 1491
f 1490 1314 1491
f 1490 2657 1314
f 2108 1314 2657
f 2657 1499 2108
f 2108 1499 2109
f 2657 2122 1499
f 1499 2122 1497
f 1497 1498 1499
f 1693 1499 1498
f 2119 1693 1498
f 2119 1498 2230
f 2230 2120 2119
f 2118 2119 2120
f 2120 1624 2118
f 1624 1460 2118
f 1624 1625 1460
f 2733 1625 1624
f 2229 2733 1624
f 2101 2733 2229
f 2228 2101 2229
f 2228 2229 2230
f 1630 2228 2230
f 2230 1631 1630
f 1629 1630 1631
f 2740 1629 1631
f 2740 1631 2741
f 2741 2168 2740
f 2180 2740 2168
f 2237 2180 2168
f 1537 2237 2168
f 1537 2168 1538
f 1536 1537 1538
f 1536 1538 1747
f 2182 1536 1747
f 2166 2182 1747
f 2167 2166 1747
f 2166 2167 1489
f 2182 1552 1536
f 1552 2182 1553
f 1552 1553 1554
f 1537 1552 1554
f 1554 2360 1537
f 1554 2181 2360
f 2360 2181 2180
f 2180 2181 2094
f 1474 2180 2094
f 1474 2094 1472
f 1472 1473 1474
f 1474 1473 1629
f 1472 2092 1473
f 2092 2093 1473
f 1473 2093 2228
f 2092 1484 2093
f 2101 2093 1484
f 1483 2101 1484
f 1482 1483 1484
f 1482 1484 2650
f 311 1482 2650
f 311 2650 2099
f 271 311 2099
f 271 2099 272
f 270 271 272
f 1585 270 272
f 257 1585 272
f 257 272 1609
f 257 1609 1553
f 258 257 1553
f 258 1553 2278
f 257 258 259
f 258 327 259
f 327 258 2220
f 1609 1610 1553
f 1609 2094 1610
f 257 259 1585
f 259 320 1585
f 270 1585 320
f 270 320 242
f 242 373 270
f 241 373 242
f 240 241 242
f 2790 373 241
f 2790 2791 373
f 373 2791 428
f 428 309 373
f 373 309 271
f 428 429 309
f 429 310 309
f 309 310 311
f 310 429 2796
f 310 2796 1482
f 2796 429 423
f 425 2796 423
f 423 424 425
f 424 2248 425
f 425 2248 1635
f 425 1635 1636
f 1636 2749 425
f 2749 1636 1644
f 2749 1644 2245
f 2245 2101 2749
f 2101 2245 2246
f 2245 1644 2246
f 1646 2246 1644
f 1644 1645 1646
f 1644 2757 1645
f 2630 1645 2757
f 2757 2259 2630
f 2259 2258 2630
f 1567 2258 2259
f 2259 2196 1567
f 1567 2196 1565
f 1565 1566 1567
f 1565 2194 1566
f 2258 1566 2194
f 2194 1275 2258
f 1275 2194 1575
f 1575 2194 2195
f 1575 2195 2206
f 2206 1576 1575
f 1574 1575 1576
f 1576 2723 1574
f 2642 1574 2723
f 2723 2203 2642
f 2723 2204 2203
f 2203 2204 2205
f 2203 2205 2643
f 2205 2204 1084
f 1086 2205 1084
f 1084 1085 1086
f 1086 1085 1987
f 1086 1987 1081
f 1986 1081 1987
f 1987 2566 1986
f 1997 1986 2566
f 1997 2566 1133
f 2566 1132 1133
f 1132 1130 1133
f 1132 1996 1130
f 1996 1132 1994
f 1994 1995 1996
f 1995 2527 1996
f 807 1996 2527
f 2527 1950 807
f 807 1950 808
f 806 807 808
f 1950 1945 808
f 1944 808 1945
f 1944 1945 1946
f 1944 1946 2533
f 2534 1944 2533
f 2533 858 2534
f 2534 858 804
f 804 858 859
f 859 1959 804
f 859 858 1951
f 1951 1073 859
f 1951 858 2489
f 858 2490 2489
f 564 2489 2490
f 2490 562 564
f 562 563 564
f 563 761 564
f 761 762 564
f 1732 564 762
f 1732 762 2984
f 2984 2495 1732
f 605 1732 2495
f 2495 19 605
f 604 605 19
f 21 604 19
f 19 20 21
f 1417 21 20
f 20 453 1417
f 1468 1417 453
f 981 1468 453
f 981 453 982
f 487 981 982
f 487 982 488
f 486 487 488
f 486 488 1746
f 486 1746 2996
f 486 2996 666
f 666 540 486
f 1036 486 540
f 1035 1036 540
f 540 539 1035
f 538 539 540
f 1753 539 538
f 1420 1753 538
f 1420 538 665
f 665 2629 1420
f 2629 1418 1420
f 1418 1419 1420
f 1418 2074 1419
f 2073 1419 2074
f 1830 2073 2074
f 1830 2074 1450
f 234 1830 1450
f 2636 234 1450
f 1452 2636 1450
f 1450 1451 1452
f 2080 1452 1451
f 2080 1451 2081
f 2080 2081 2082
f 2080 2082 1831
f 235 2080 1831
f 235 1831 236
f 234 235 236
f 236 1175 234
f 1175 236 2013
f 1175 2013 1848
f 1848 1829 1175
f 1829 1830 1175
f 299 1829 1848
f 1848 300 299
f 299 300 301
f 301 901 299
f 1843 299 901
f 901 326 1843
f 1844 299 1843
f 1843 325 1844
f 1202 1844 325
f 1202 1829 1844
f 2073 1829 1202
f 301 900 901
f 901 900 1839
f 1960 1839 900
f 1960 900 1961
f 1960 1961 3018
f 3018 2550 1960
f 2550 943 1960
f 942 1960 943
f 941 942 943
f 943 1972 941
f 941 1972 1352
f 1966 941 1352
f 1352 2612 1966
f 1966 2612 314
f 1354 314 2612
f 1354 2612 1352
f 1352 1353 1354
f 1353 1901 1354
f 1353 2059 1901
f 2058 2059 1353
f 2059 2058 1386
f 2059 1386 2619
f 2619 1386 2620
f 1385 2620 1386
f 1385 1386 1387
f 2066 1385 1387
f 1387 1972 2066
f 1972 1806 2066
f 1806 2415 2066
f 130 2415 1806
f 1806 128 130
f 128 129 130
f 1930 130 129
f 1930 2418 130
f 128 3018 129
f 129 3018 1804
f 1804 1805 129
f 1805 1804 176
f 176 175 1805
f 175 176 177
f 175 177 2427
f 2426 175 2427
f 2427 1817 2426
f 1816 2426 1817
f 1816 1817 661
f 1816 661 1918
f 1918 661 660
f 659 660 661
f 660 659 2503
f 2502 660 2503
f 103 2502 2503
f 2503 1917 103
f 1916 103 1917
f 1917 703 1916
f 702 1916 703
f 701 702 703
f 703 1347 701
f 1347 2509 701
f 2509 1306 701
f 701 1306 1924
f 1866 701 1924
f 1924 357 1866
f 359 1866 357
f 357 358 359
f 1257 359 358
f 2042 1257 358
f 1796 2042 358
f 1796 358 1865
f 49 1796 1865
f 411 49 1865
f 1865 410 411
f 410 357 411
f 1306 411 357
f 2043 411 1306
f 2043 1789 411
f 1789 2043 1876
f 1876 1877 1789
f 1877 47 1789
f 1789 47 49
f 47 48 49
f 48 2406 49
f 2406 1787 49
f 2406 2223 1787
f 1787 2223 1788
f 1787 1788 87
f 1787 87 86
f 86 1796 1787
f 85 86 87
f 1795 85 87
f 2410 1795 87
f 1795 2410 3046
f 3046 1054 1795
f 566 1795 1054
f 1054 1055 566
f 1055 567 566
f 566 567 243
f 243 85 566
f 1513 85 243
f 243 245 1513
f 1513 245 1102
f 1101 1513 1102
f 614 1101 1102
f 614 1102 615
f 613 614 615
f 613 615 1754
f 2497 613 1754
f 1530 2497 1754
f 1530 1754 1148
f 1147 1530 1148
f 1147 1148 991
f 993 1147 991
f 991 992 993
f 993 992 828
f 828 1541 993
f 1541 1866 993
f 1541 828 827
f 1541 827 701
f 702 827 828
f 828 1047 702
f 992 1047 828
f 992 2559 1047
f 1047 2559 1916
f 2559 101 1916
f 101 2559 1556
f 101 1556 739
f 505 101 739
f 738 505 739
f 738 739 740
f 1887 738 740
f 2516 1887 740
f 2516 740 1931
f 777 2516 1931
f 1931 1932 777
f 777 1932 1940
f 1940 53 777
f 776 777 53
f 53 55 776
f 2480 776 55
f 1889 2480 55
f 1889 55 54
f 1889 54 1939
f 1889 1939 447
f 446 1889 447
f 446 447 448
f 448 2481 446
f 2480 446 2481
f 2480 2481 1888
f 1888 1887 2480
f 506 1887 1888
f 1888 1897 506
f 506 1897 504
f 504 505 506
f 1896 505 504
f 504 2487 1896
f 2858 1896 2487
f 1896 2858 660
f 660 102 1896
f 2487 504 2808
f 2808 782 2487
f 2808 2809 782
f 2809 3085 782
f 3085 2809 3041
f 3085 3041 1720
f 2805 1720 3041
f 2805 3041 2806
f 2805 2806 2804
f 3094 2804 2806
f 3094 2806 3095
f 3095 3096 3094
f 3096 3098 3094
f 2923 3094 3098
f 2773 2923 3098
f 3099 2773 3098
f 2773 3099 3100
f 2773 3100 2770
f 2772 2773 2770
f 2772 2770 2769
f 2772 2769 2761
f 2761 3028 2772
f 2772 3028 2922
f 3028 2313 2922
f 2769 2770 2771
f 2771 2526 2769
f 2526 1655 2769
f 3112 2526 2771
f 2771 3113 3112
f 3114 3112 3113
f 3113 3115 3114
f 3114 3115 2940
f 3114 2940 2728
f 2728 2012 3114
f 2012 2728 2021
f 2021 2011 2012
f 2011 2003 2012
f 2012 2003 3112
f 2002 3112 2003
f 2002 2003 2004
f 2004 2015 2002
f 2015 2004 2949
f 3123 2949 2004
f 2645 3123 2004
f 3123 2645 2452
f 3132 3123 2452
f 3132 2452 3134
f 2795 3132 3134
f 3134 1557 2795
f 1557 2040 2795
f 2040 2054 2795
f 2039 2054 2040
f 2039 2040 1558
f 2031 2039 1558
f 1558 247 2031
f 2030 2031 247
f 2030 247 1527
f 1527 1526 2030
f 3140 2030 1526
f 1526 1155 3140
f 1155 746 3140
f 746 3146 3140
f 746 2331 3146
f 2331 2031 3146
f 2331 778 2031
f 2868 2031 778
f 778 1042 2868
f 2868 1042 3157
f 1042 2867 3157
f 2867 3081 3157
f 3157 3081 2039
f 2277 3081 2867
f 2867 2823 2277
f 3162 2823 2867
f 3163 2823 3162
f 3163 3162 3165
f 3165 3167 3163
f 3163 3167 2824
f 2824 3167 3169
f 2824 3169 2685
f 2685 3170 2824
f 2824 3170 2822
f 2822 2823 2824
f 3170 3174 2822
f 2669 3174 3170
f 3170 2686 2669
f 2670 2669 2686
f 2670 2686 2820
f 2820 1207 2670
f 3181 2820 2686
f 2676 3181 2686
f 2685 2676 2686
f 2675 3181 2676
f 2674 2675 2676
f 3169 2674 2676
f 2674 3169 2788
f 2788 3195 2674
f 2787 3195 2788
f 2753 2787 2788
f 2753 2788 3198
f 2753 3198 3202
f 3202 2785 2753
f 1862 2753 2785
f 2784 1862 2785
f 1870 2784 2785
f 2900 1870 2785
f 2785 3205 2900
f 3205 3207 2900
f 3209 2900 3207
f 3209 3207 2475
f 2475 2474 3209
f 2994 3209 2474
f 2857 2994 2474
f 465 2857 2474
f 465 2856 2857
f 2856 2137 2857
f 2137 512 2857
f 2845 2857 512
f 2853 2845 512
f 512 2854 2853
f 2853 2854 2855
f 2853 2855 2888
f 2888 2855 3221
f 3221 3226 2888
f 2889 2888 3226
f 3226 3228 2889
f 2738 2889 3228
f 3230 2738 3228
f 3230 3228 3234
f 3235 3230 3234
f 3234 3237 3235
f 3238 3235 3237
f 3237 2976 3238
f 2975 3238 2976
f 2974 2975 2976
f 2976 3242 2974
f 3242 3244 2974
f 2974 3244 2660
f 2660 2656 2974
f 2656 2660 2661
f 2656 2661 2654
f 2654 2655 2656
f 2656 2655 3250
f 2656 3250 2975
f 2655 2732 3250
f 3250 2732 3238
f 3238 2732 3230
f 2732 2655 3257
f 3257 3015 2732
f 3017 2732 3015
f 3015 3016 3017
f 3017 3016 3260
f 3017 3260 3261
f 3261 2730 3017
f 2730 3261 2737
f 2737 2738 2730
f 2738 2731 2730
f 2730 2731 2732
f 2732 2731 2738
f 3261 2430 2737
f 2737 2430 2888
f 2888 2430 2845
f 2430 2429 2845
f 2995 2845 2429
f 2431 2995 2429
f 2995 2431 1825
f 1825 2994 2995
f 2840 1825 2431
f 2840 2431 2841
f 2841 2705 2840
f 2706 2840 2705
f 2705 2698 2706
f 2706 2698 2697
f 2696 2697 2698
f 2698 3273 2696
f 2874 2696 3273
f 2873 2874 3273
f 3273 3277 2873
f 3279 2873 3277
f 3279 3277 3280
f 3280 2969 3279
f 2969 2626 3279
f 2627 2626 2969
f 2627 2969 3102
f 3102 3285 2627
f 2627 3285 2647
f 2644 2627 2647
f 2647 2648 2644
f 2644 2648 1833
f 1833 2628 2644
f 2873 2628 1833
f 2626 2628 2873
f 2648 1834 1833
f 1832 1833 1834
f 1834 2988 1832
f 1832 2988 1826
f 1826 3294 1832
f 1828 3294 1826
f 1826 1827 1828
f 2696 1828 1827
f 1836 2696 1827
f 1836 1827 1837
f 1836 1837 1838
f 1823 1836 1838
f 1838 1824 1823
f 1823 1824 1825
f 1824 1869 1825
f 2900 1825 1869
f 1838 1869 1824
f 1869 1838 1870
f 1838 3301 1870
f 1863 1870 3301
f 3301 3305 1863
f 1863 3305 1864
f 1862 1863 1864
f 1862 1864 2751
f 1860 2751 1864
f 1864 1873 1860
f 1860 1873 1874
f 1860 1874 2792
f 1860 2792 1861
f 1859 1860 1861
f 1859 1861 2748
f 1859 2748 2747
f 3314 1859 2747
f 3316 3314 2747
f 3316 2747 1689
f 3318 3316 1689
f 3022 3316 3318
f 3022 3318 2675
f 3022 2675 2787
f 2752 3022 2787
f 3022 2752 3316
f 2752 3314 3316
f 2752 2751 3314
f 2751 2752 2753
f 1859 3314 2751
f 2747 2748 1289
f 3325 1289 2748
f 2748 3329 3325
f 3330 3325 3329
f 3329 3332 3330
f 3330 3332 3171
f 3330 3171 2715
f 3330 2715 3010
f 3010 2715 2721
f 3010 2721 2391
f 3336 3010 2391
f 3325 3010 3336
f 1250 3325 3336
f 2721 2715 2717
f 2717 2392 2721
f 2392 2717 2791
f 2715 2716 2717
f 2571 2717 2716
f 2716 2591 2571
f 2591 2593 2571
f 2571 2593 2572
f 2571 2572 428
f 3341 2572 2593
f 2593 3344 3341
f 424 3341 3344
f 3344 2567 424
f 2567 2569 424
f 2567 2568 2569
f 2568 3346 2569
f 2569 3346 3347
f 2569 3347 2248
f 3347 3348 2248
f 3347 3349 3348
f 3349 2196 3348
f 3349 3350 2196
f 3349 2540 3350
f 2539 3350 2540
f 2539 2540 2541
f 2539 2541 3185
f 2539 3185 3354
f 3354 2930 2539
f 2536 2539 2930
f 2536 2930 2537
f 2535 2536 2537
f 2535 2537 3358
f 3358 3359 2535
f 3359 2340 2535
f 3363 2535 2340
f 2195 3363 2340
f 2535 3363 1565
f 3366 2535 1565
f 1565 3350 3366
f 2340 3359 2496
f 2496 2332 2340
f 2340 2332 2206
f 2332 2333 2206
f 2333 2332 2322
f 2321 2333 2322
f 2320 2321 2322
f 2336 2320 2322
f 2322 2496 2336
f 64 2336 2496
f 2496 3371 64
f 3375 64 3371
f 2735 3375 3371
f 2735 3371 3378
f 2270 2735 3378
f 2270 3378 2537
f 2358 2270 2537
f 2358 2537 2370
f 2358 2370 2357
f 2357 2268 2358
f 2348 2268 2357
f 555 2268 2348
f 556 555 2348
f 556 2348 2364
f 556 2364 2942
f 2942 557 556
f 3364 557 2942
f 3384 3364 2942
f 2942 2944 3384
f 3388 3384 2944
f 2943 3388 2944
f 2640 3388 2943
f 2364 2640 2943
f 2640 2364 2641
f 2641 3394 2640
f 3396 2640 3394
f 3396 3394 2965
f 2638 3396 2965
f 2965 2639 2638
f 2637 2638 2639
f 2637 2639 1750
f 1750 1749 2637
f 2637 1749 3401
f 2637 3401 3403
f 2637 3403 3404
f 1742 3404 3403
f 524 1742 3403
f 3403 2589 524
f 525 524 2589
f 2589 2590 525
f 3407 525 2590
f 2885 3407 2590
f 2885 2590 2886
f 2586 2885 2886
f 2886 2584 2586
f 2584 2585 2586
f 2448 2586 2585
f 2448 2585 2449
f 2440 2448 2449
f 2449 2438 2440
f 2438 2439 2440
f 2440 2439 3414
f 3414 2815 2440
f 2556 2815 3414
f 3414 2557 2556
f 2556 2557 2558
f 2558 3420 2556
f 3420 2558 2937
f 3420 2937 2936
f 2552 3420 2936
f 2936 2553 2552
f 2551 2552 2553
f 3424 2551 2553
f 3424 2553 2928
f 3424 2928 2927
f 3424 2927 2624
f 3407 3424 2624
f 3424 3407 3427
f 3427 3407 2586
f 2624 2927 3428
f 3428 2501 2624
f 2624 2501 2625
f 2624 2625 523
f 2624 523 525
f 2625 2621 523
f 524 523 2621
f 1741 524 2621
f 2621 2622 1741
f 3437 1741 2622
f 2622 3438 3437
f 3438 3441 3437
f 3437 3441 2416
f 3442 2416 3441
f 3444 3442 3441
f 3444 3445 3442
f 3445 3450 3442
f 3442 3450 3451
f 3442 3451 2878
f 2879 2878 3451
f 3388 2879 3451
f 2879 3388 2877
f 2877 2878 2879
f 2877 3454 2878
f 2416 2878 3454
f 3454 2421 2416
f 2417 2416 2421
f 2421 1742 2417
f 2417 1742 1741
f 2416 2417 1741
f 2421 3454 3404
f 2638 3404 3454
f 3454 2877 3396
f 3388 3451 3450
f 3450 3456 3388
f 3466 3456 3450
f 2914 3466 3450
f 2913 3466 2914
f 2912 2913 2914
f 2912 2914 3470
f 3029 2912 3470
f 3029 3470 2507
f 2506 3029 2507
f 2506 2507 2500
f 2499 2506 2500
f 2499 2500 2501
f 3472 2499 2501
f 3472 3473 2499
f 3473 2610 2499
f 2610 3473 2611
f 2609 2610 2611
f 2897 2609 2611
f 2611 2758 2897
f 2758 2760 2897
f 2605 2897 2760
f 2760 2606 2605
f 2604 2605 2606
f 2606 2468 2604
f 2467 2604 2468
f 2460 2467 2468
f 2460 2468 2458
f 2458 2459 2460
f 3480 2460 2459
f 2459 3484 3480
f 3485 3480 3484
f 3484 2938 3485
f 3486 3485 2938
f 3486 2938 431
f 3486 431 3306
f 2485 3306 431
f 2870 2485 431
f 2870 431 430
f 430 3488 2870
f 2409 2870 3488
f 303 2409 3488
f 2405 2409 303
f 2405 303 302
f 337 2405 302
f 337 302 3495
f 335 337 3495
f 335 3495 2139
f 317 335 2139
f 2139 3496 317
f 315 317 3496
f 2133 315 3496
f 3496 2134 2133
f 2133 2134 2135
f 2142 2133 2135
f 2135 3503 2142
f 3503 2143 2142
f 2131 2142 2143
f 2131 2143 2494
f 2131 2494 2129
f 2129 2130 2131
f 2131 2130 2171
f 2171 2130 3334
f 2171 3334 2172
f 2142 2171 2172
f 3510 2142 2172
f 3510 2172 2163
f 2163 2165 3510
f 2165 2164 3510
f 315 2164 2165
f 2165 316 315
f 316 2165 2177
f 2176 316 2177
f 2175 2176 2177
f 2162 2175 2177
f 2161 2175 2162
f 2161 2162 2163
f 2161 2163 3520
f 2161 3520 3408
f 3408 3319 2161
f 3319 3408 2896
f 3319 2896 3524
f 3524 2297 3319
f 2297 2918 3319
f 3319 2918 2175
f 2918 2919 2175
f 2297 2919 2918
f 2297 1704 2919
f 2520 2919 1704
f 1704 2519 2520
f 2519 2513 2520
f 2515 2520 2513
f 2513 2514 2515
f 2514 3398 2515
f 3398 3533 2515
f 2515 3533 336
f 336 3533 2405
f 3533 3535 2405
f 3533 2908 3535
f 2908 2907 3535
f 3535 2907 2409
f 2907 2908 2198
f 2198 3537 2907
f 2907 3537 2484
f 2870 2907 2484
f 2484 3537 2479
f 2484 2479 2485
f 1286 2479 3537
f 2478 2479 1286
f 1286 3402 2478
f 3402 3543 2478
f 3543 3043 2478
f 3045 2478 3043
f 3043 3044 3045
f 3044 3480 3045
f 3044 3043 3487
f 2803 3044 3487
f 2803 3487 2801
f 2801 2802 2803
f 2802 3042 2803
f 2803 3042 2604
f 3493 3042 2802
f 3493 2802 3546
f 3546 3494 3493
f 3492 3493 3494
f 3492 3494 3549
f 3549 3449 3492
f 3031 3492 3449
f 3449 3032 3031
f 3030 3031 3032
f 3032 3554 3030
f 3030 3554 3409
f 2765 3030 3409
f 3409 2766 2765
f 2765 2766 2767
f 2765 2767 3029
f 2767 2766 3455
f 2767 3455 2912
f 3461 2912 3455
f 3455 3405 3461
f 2948 3461 3405
f 3282 2948 3405
f 3283 3282 3405
f 1236 3283 3405
f 2587 1236 3405
f 2587 1194 1236
f 1193 1236 1194
f 1170 1193 1194
f 1194 3409 1170
f 1171 1170 3409
f 1170 1171 1172
f 1215 1172 1171
f 2583 1215 1171
f 2583 1171 3554
f 1215 2583 3563
f 1215 3563 3268
f 1215 3268 3412
f 3571 3412 3268
f 3268 3269 3571
f 1331 3571 3269
f 1331 3269 2608
f 2608 1284 1331
f 1283 1331 1284
f 1283 1284 1285
f 1283 1285 1254
f 1283 1254 1253
f 1252 1253 1254
f 1252 1304 1253
f 1304 2603 1253
f 1253 2603 3571
f 2603 1304 629
f 2603 629 3479
f 3478 2603 3479
f 3579 3478 3479
f 3082 3579 3479
f 3082 3479 628
f 3082 628 3054
f 2850 3082 3054
f 3054 3536 2850
f 3258 2850 3536
f 3536 2864 3258
f 2866 3258 2864
f 2864 2865 2866
f 2865 1235 2866
f 2783 2866 1235
f 1235 3133 2783
f 3540 2783 3133
f 3540 3133 3541
f 3540 3541 3542
f 3058 3540 3542
f 3058 3542 3240
f 3058 3240 3239
f 3239 3059 3058
f 3057 3058 3059
f 3059 2681 3057
f 307 3057 2681
f 2680 307 2681
f 2680 2681 2682
f 2818 2680 2682
f 2682 3055 2818
f 3055 3483 2818
f 3483 2985 2818
f 2818 2985 2981
f 1526 2981 2985
f 2981 1526 1525
f 305 2981 1525
f 1525 2050 305
f 306 305 2050
f 2050 2296 306
f 2296 2781 306
f 3058 306 2781
f 3058 307 306
f 2296 3467 2781
f 3467 2782 2781
f 2781 2782 2783
f 2782 3037 2783
f 3037 2782 2956
f 3258 3037 2956
f 2956 2958 3258
f 2959 2958 2956
f 260 2959 2956
f 2959 260 231
f 231 2960 2959
f 2960 231 3522
f 3522 3074 2960
f 2960 3074 2916
f 3410 2960 2916
f 3410 2916 2851
f 2958 3410 2851
f 2958 2851 2850
f 2850 2851 2852
f 2851 2915 2852
f 2852 2915 3526
f 2852 3526 3579
f 3526 3283 3579
f 3526 2915 3283
f 2915 3281 3283
f 3281 2915 3153
f 3153 3351 3281
f 3281 3351 3282
f 2018 3282 3351
f 3351 1608 2018
f 1612 2018 1608
f 1612 1608 1607
f 1612 1607 2211
f 1612 2211 2658
f 1613 1612 2658
f 2977 1613 2658
f 2658 413 2977
f 2977 413 2973
f 2977 2973 2978
f 2978 2973 3364
f 413 88 2973
f 2973 88 557
f 557 88 3417
f 557 3417 555
f 3417 88 90
f 2734 3417 90
f 90 3422 2734
f 2734 3422 3423
f 2734 3423 2735
f 2269 2734 2735
f 65 3423 3422
f 66 65 3422
f 3019 66 3422
f 3019 3422 3020
f 3013 3019 3020
f 3020 3014 3013
f 3012 3013 3014
f 3012 3014 3380
f 3070 3012 3380
f 3070 3380 412
f 412 2310 3070
f 3069 3070 2310
f 3069 2310 374
f 2703 3069 374
f 2703 374 2482
f 2702 2703 2482
f 2838 2702 2482
f 2838 2482 2906
f 363 2838 2906
f 2909 363 2906
f 2909 2906 2998
f 2909 2998 2921
f 364 2909 2921
f 2921 3074 364
f 3220 364 3074
f 2517 3220 3074
f 3219 3220 2517
f 2517 2518 3219
f 3345 3219 2518
f 2518 2645 3345
f 3345 2645 2011
f 2645 2518 2451
f 2451 2518 230
f 2451 230 232
f 2451 232 2436
f 286 2451 2436
f 276 286 2436
f 277 276 2436
f 277 2436 2437
f 3467 277 2437
f 260 3467 2437
f 2437 232 260
f 276 277 278
f 2051 276 278
f 2051 278 2050
f 246 276 2051
f 247 246 2051
f 246 247 248
f 248 3134 246
f 246 3134 286
f 277 2296 278
f 246 286 276
f 2451 286 2452
f 2436 232 2437
f 230 231 232
f 3345 3218 3219
f 3219 3218 386
f 3218 384 386
f 384 385 386
f 386 385 362
f 386 362 3476
f 386 3476 3220
f 3476 362 364
f 362 363 364
f 362 385 394
f 394 2838 362
f 394 355 2838
f 393 355 394
f 355 393 2457
f 2457 353 355
f 353 354 355
f 3429 355 354
f 3429 354 1535
f 1535 2695 3429
f 3429 2695 3069
f 2695 3433 3069
f 3433 2695 2694
f 2694 2750 3433
f 3070 3433 2750
f 2694 837 2750
f 837 839 2750
f 3436 2750 839
f 3436 839 3023
f 3436 3023 3021
f 3023 3024 3021
f 3021 3024 3012
f 2750 3021 3012
f 3023 1088 3024
f 1088 1087 3024
f 3024 1087 2718
f 2718 3397 3024
f 3024 3397 3013
f 3397 2718 2336
f 3397 2336 66
f 2718 1087 2719
f 2718 2719 2720
f 2720 2320 2718
f 2720 2719 3011
f 2720 3011 2321
f 1545 2321 3011
f 1545 3011 3008
f 1546 1545 3008
f 3008 3009 1546
f 1546 3009 1734
f 1546 1734 1113
f 1546 1113 1510
f 1547 1546 1510
f 1510 2673 1547
f 2673 2945 1547
f 2945 2564 1547
f 2333 1547 2564
f 2333 2564 1576
f 2564 2565 1576
f 2565 2564 2945
f 2945 2673 2565
f 2565 2673 2723
f 2723 2673 3288
f 2673 2672 3288
f 2672 1112 3288
f 1112 1084 3288
f 1112 1111 1084
f 1111 2932 1084
f 1111 2532 2932
f 2931 2932 2532
f 1994 2931 2532
f 2932 2931 2566
f 2532 1111 3180
f 3180 2531 2532
f 2531 1995 2532
f 2531 983 1995
f 3243 1995 983
f 983 985 3243
f 985 3249 3243
f 3243 3249 2527
f 985 567 3249
f 567 985 244
f 984 244 985
f 2821 244 984
f 984 468 2821
f 470 2821 468
f 468 469 470
f 1734 470 469
f 470 1734 3176
f 470 3176 769
f 769 770 470
f 770 1736 470
f 2819 1736 770
f 2819 770 2869
f 2819 2869 2872
f 2872 2843 2819
f 2819 2843 3189
f 2821 2819 3189
f 245 3189 2843
f 245 244 3189
f 2843 2872 582
f 581 2843 582
f 581 582 583
f 583 497 581
f 497 496 581
f 581 496 615
f 496 497 498
f 1754 496 498
f 497 2839 498
f 1148 498 2839
f 2408 1148 2839
f 2839 3088 2408
f 2408 3088 3087
f 3087 3089 2408
f 2967 2408 3089
f 2967 3089 3203
f 2967 3203 2968
f 2635 2967 2968
f 2968 3118 2635
f 3118 1931 2635
f 1556 2635 1931
f 2635 1556 2633
f 2633 2634 2635
f 2633 2966 2634
f 2634 2966 2967
f 2633 3663 2966
f 3663 991 2966
f 2408 2966 991
f 991 2407 2408
f 2559 3663 2633
f 1931 3118 2950
f 3118 2968 2950
f 2950 2968 2951
f 2950 2951 2952
f 2950 2952 2444
f 1932 2950 2444
f 1932 2444 2443
f 2443 2444 2445
f 2582 2443 2445
f 2582 2445 2899
f 2899 2887 2582
f 53 2582 2887
f 2887 2548 53
f 2548 2884 53
f 2884 54 53
f 54 2884 2941
f 3115 54 2941
f 2941 2884 2547
f 2941 2547 2939
f 2939 2940 2941
f 2939 2547 393
f 2939 393 384
f 2728 2939 384
f 2547 2549 393
f 2547 2548 2549
f 2457 2549 2548
f 2548 3214 2457
f 2884 2548 2547
f 2548 2887 3214
f 3214 2887 2899
f 3214 2899 1534
f 3214 1534 353
f 2899 2898 1534
f 1534 2898 1535
f 2898 837 1535
f 2898 2893 837
f 838 837 2893
f 838 2893 2957
f 2957 2504 838
f 838 2504 2618
f 838 2618 839
f 2504 2464 2618
f 2464 3321 2618
f 2618 3321 3023
f 2464 2463 3321
f 3321 2463 1088
f 1088 2463 3304
f 3304 1089 1088
f 3304 2911 1089
f 1089 2911 3103
f 3103 3107 1089
f 2719 1089 3107
f 3103 769 3107
f 3107 769 3009
f 2419 769 3103
f 2419 2420 769
f 2420 2869 769
f 2961 2869 2420
f 2961 2420 2880
f 2876 2961 2880
f 2876 2880 2881
f 2881 2505 2876
f 2875 2876 2505
f 2505 3204 2875
f 2875 3204 3089
f 3089 3088 2875
f 2505 3679 3204
f 2951 3204 3679
f 2951 3679 2504
f 3203 3204 2951
f 2504 3679 2505
f 2504 2505 2465
f 2876 2875 3088
f 3088 3093 2876
f 2505 2881 2465
f 2881 2463 2465
f 2881 2910 2463
f 2911 2463 2910
f 2910 2419 2911
f 2910 2880 2419
f 2910 2881 2880
f 2876 3093 2961
f 583 2961 3093
f 2869 2961 583
f 2420 2419 2880
f 2419 3103 2911
f 2463 2911 3304
f 2463 2464 2465
f 2465 2464 2504
f 2952 2504 2957
f 2444 2957 2893
f 2445 2893 2898
f 2898 2899 2445
f 2582 1940 2443
f 2893 2445 2444
f 2957 2444 2952
f 2952 2951 2504
f 2634 2967 2635
f 3203 2951 2968
f 3203 3089 3204
f 2966 2408 2967
f 3087 3088 3089
f 3088 2839 3093
f 2407 1148 2408
f 2839 497 3093
f 497 583 3093
f 615 2843 581
f 583 582 2872
f 583 2872 2869
f 2821 1736 2819
f 769 2869 770
f 3009 769 3176
f 468 1517 469
f 1113 469 1517
f 1113 1517 1111
f 2531 1517 468
f 2821 470 1736
f 468 984 2531
f 3189 244 2821
f 983 984 985
f 983 2531 984
f 1517 2531 3180
f 1517 3180 1111
f 1111 1112 1113
f 1112 2672 1510
f 2672 2673 1510
f 1510 1113 1112
f 469 1113 1734
f 1734 3009 3176
f 3107 3009 3008
f 1545 1546 1547
f 3107 3008 3011
f 2321 1545 1547
f 3011 2719 3107
f 1089 2719 1087
f 1087 1088 1089
f 3321 1088 3023
f 3023 839 2618
f 2750 3436 3021
f 837 838 839
f 1535 837 2694
f 1535 2694 2695
f 1534 1535 354
f 2702 355 3429
f 1534 354 353
f 2457 3214 353
f 2549 2457 393
f 394 385 393
f 393 385 384
f 384 3218 2728
f 2021 3218 3345
f 2517 230 2518
f 3522 230 2517
f 3219 386 3220
f 364 3220 3476
f 3074 2921 2920
f 2920 2921 2917
f 2920 2917 2916
f 2915 2916 2917
f 2921 3161 2917
f 3161 3152 2917
f 2917 3152 3153
f 3161 1606 3152
f 3152 1606 1608
f 3161 2483 1606
f 2483 2210 1606
f 1606 2210 1607
f 2482 2210 2483
f 2482 2211 2210
f 2998 2483 3161
f 3161 2921 2998
f 2906 2483 2998
f 364 363 2909
f 362 2838 363
f 2906 2482 2483
f 355 2702 2838
f 2702 3429 2703
f 2211 2482 374
f 376 2211 374
f 374 375 376
f 376 375 2658
f 3429 3069 2703
f 375 374 2310
f 3070 3069 3433
f 2310 412 375
f 375 412 413
f 412 89 413
f 3380 89 412
f 3380 3020 89
f 2750 3012 3070
f 3012 3024 3013
f 3014 3020 3380
f 3019 3013 3397
f 89 3020 3422
f 3397 66 3019
f 64 65 66
f 3423 65 3375
f 89 3422 90
f 2734 2269 3417
f 3417 2269 2268
f 2268 2269 2270
f 88 89 90
f 89 88 413
f 375 413 2658
f 1613 2977 2978
f 3456 1613 2978
f 3456 2978 3384
f 3456 3457 1613
f 3457 1611 1613
f 2913 1611 3457
f 2913 3461 1611
f 1611 1612 1613
f 2017 1612 1611
f 2948 2017 1611
f 2017 2948 2018
f 2658 2211 376
f 2210 2211 1607
f 1606 1607 1608
f 1612 2017 2018
f 1608 3351 3152
f 3152 3351 3153
f 2917 3153 2915
f 2916 2915 2851
f 2960 3410 2958
f 3074 2920 2916
f 2517 3074 3522
f 230 3522 231
f 231 260 232
f 2958 2959 2960
f 2956 2782 260
f 2782 3467 260
f 277 3467 2296
f 278 2296 2050
f 305 306 307
f 2050 1525 2051
f 1527 2051 1525
f 2981 305 2680
f 3483 1026 2985
f 2985 1026 3477
f 3477 1156 2985
f 2985 1156 1155
f 3477 746 1156
f 746 3477 747
f 746 747 511
f 511 2330 746
f 511 510 2330
f 779 2330 510
f 510 2138 779
f 2138 780 779
f 778 779 780
f 780 1041 778
f 1041 780 2856
f 2856 467 1041
f 1042 1041 467
f 467 3165 1042
f 467 466 3165
f 3165 466 3736
f 2475 3736 466
f 465 2475 466
f 465 466 467
f 2856 780 3499
f 3499 780 2138
f 3499 2138 2137
f 510 2137 2138
f 2330 779 2331
f 510 511 512
f 1110 511 747
f 1110 747 1025
f 182 1110 1025
f 1027 182 1025
f 1025 1026 1027
f 140 1027 1026
f 140 1026 3374
f 3374 3553 140
f 140 3553 141
f 140 141 142
f 142 3464 140
f 3464 142 3469
f 3469 2282 3464
f 3464 2282 182
f 2282 183 182
f 181 182 183
f 181 183 3737
f 181 3737 3221
f 2854 181 3221
f 1110 181 2854
f 3737 183 3226
f 3226 183 2282
f 2282 3469 3228
f 3469 142 3234
f 142 675 3234
f 142 674 675
f 675 674 3237
f 674 3523 3237
f 674 2377 3523
f 705 3523 2377
f 705 2377 706
f 704 705 706
f 706 3739 704
f 704 3739 3439
f 704 3439 1330
f 1330 3528 704
f 3528 3527 704
f 3527 3528 3356
f 3356 3242 3527
f 3357 3356 3528
f 3355 3356 3357
f 3355 3357 3646
f 3646 3740 3355
f 2112 3740 3646
f 2112 3646 2113
f 2097 2112 2113
f 2097 2113 3353
f 3365 2097 3353
f 621 3365 3353
f 621 3353 1372
f 934 621 1372
f 934 1372 392
f 392 933 934
f 3362 934 933
f 933 3361 3362
f 1124 3362 3361
f 1124 3361 1791
f 1791 3666 1124
f 2232 1124 3666
f 2232 3666 2160
f 2160 2231 2232
f 2231 834 2232
f 2231 3421 834
f 3426 834 3421
f 3426 3421 1438
f 1437 3426 1438
f 1380 1437 1438
f 1380 1438 1378
f 1378 1379 1380
f 1380 1379 735
f 1380 735 3381
f 1380 3381 579
f 579 3381 580
f 578 579 580
f 2169 578 580
f 2169 580 3516
f 3516 2170 2169
f 620 2169 2170
f 620 2170 621
f 619 620 621
f 621 836 619
f 835 619 836
f 834 835 836
f 1124 834 836
f 836 934 1124
f 619 835 3383
f 3383 578 619
f 3426 3383 835
f 620 619 578
f 2170 3516 3365
f 3365 3516 2095
f 3516 3342 2095
f 2095 3342 2096
f 2095 2096 2097
f 3342 3343 2096
f 2096 3343 2112
f 3343 3342 923
f 851 3343 923
f 851 923 924
f 924 849 851
f 849 850 851
f 850 2660 851
f 850 2882 2660
f 2882 850 2172
f 2654 2882 2172
f 849 2163 850
f 2213 849 924
f 2213 3520 849
f 923 2213 924
f 923 2212 2213
f 2213 2212 3408
f 2212 3413 3408
f 1296 3413 2212
f 1591 1296 2212
f 1591 1592 1296
f 1592 1294 1296
f 1294 1295 1296
f 1294 2894 1295
f 2894 2896 1295
f 1295 2896 3413
f 2894 2895 2896
f 2894 3159 2895
f 3159 3168 2895
f 2298 2895 3168
f 2298 3168 444
f 2297 2298 444
f 444 3406 2297
f 3406 1703 2297
f 3406 1858 1703
f 1703 1858 1687
f 1703 1687 1704
f 1687 1858 1685
f 1685 1686 1687
f 1687 1686 2519
f 1686 3435 2519
f 3435 1686 3434
f 3434 2275 3435
f 2275 2250 3435
f 2250 3625 3435
f 3625 2513 3435
f 2249 3625 2250
f 2249 2250 2251
f 1195 2249 2251
f 1195 2251 2287
f 2287 3443 1195
f 1195 3443 1196
f 1195 1196 1197
f 1196 1444 1197
f 1444 1445 1197
f 1197 1445 3400
f 1197 3400 3399
f 3399 2249 1197
f 3398 3399 3400
f 3399 3398 3625
f 3400 1445 3398
f 2199 3398 1445
f 1445 2197 2199
f 2197 2198 2199
f 2197 3395 2198
f 3382 2198 3395
f 3382 3395 1287
f 1286 3382 1287
f 1211 1286 1287
f 1211 1287 1209
f 1209 1210 1211
f 1211 1210 3402
f 1210 1150 3402
f 3767 1150 1210
f 3767 1151 1150
f 1149 1150 1151
f 1151 3284 1149
f 3276 1149 3284
f 3284 1136 3276
f 1992 3276 1136
f 1138 1992 1136
f 1136 1137 1138
f 3379 1138 1137
f 1137 3289 3379
f 3379 3289 3494
f 1137 2225 3289
f 3287 3289 2225
f 2225 3286 3287
f 3286 2368 3287
f 2368 878 3287
f 880 3287 878
f 878 879 880
f 880 879 2608
f 2608 3241 880
f 3241 3268 880
f 867 2608 879
f 879 866 867
f 866 288 867
f 867 288 3360
f 867 3360 1285
f 1285 3360 3254
f 3254 3246 1285
f 1252 1285 3246
f 3245 1252 3246
f 3245 3246 3056
f 3056 630 3245
f 629 3245 630
f 628 629 630
f 3056 3053 630
f 3053 3054 630
f 610 3054 3053
f 610 3053 347
f 610 347 611
f 609 610 611
f 2337 610 609
f 2337 609 3586
f 3586 3177 2337
f 3191 2337 3177
f 3179 3191 3177
f 3177 3178 3179
f 3179 3178 3781
f 1057 3179 3781
f 1057 3781 1058
f 1056 1057 1058
f 1978 1056 1058
f 1058 3068 1978
f 1978 3068 2190
f 1978 2190 1045
f 1045 1044 1978
f 1043 1044 1045
f 1043 1045 2366
f 3525 1043 2366
f 3275 3525 2366
f 2366 832 3275
f 1463 3275 832
f 832 3270 1463
f 3270 2817 1463
f 1463 2817 1908
f 1908 1464 1463
f 1462 1463 1464
f 1462 1464 3335
f 1462 3335 3331
f 2078 1462 3331
f 3331 1456 2078
f 1455 2078 1456
f 1455 1456 1457
f 1457 3337 1455
f 1455 3337 3339
f 1455 3339 3525
f 3337 1044 3339
f 1044 3337 1056
f 3333 1056 3337
f 3333 1434 1056
f 1056 1434 1233
f 1233 1434 1234
f 1233 1234 1235
f 1057 1233 1235
f 1235 3295 1057
f 1224 1235 1234
f 1234 284 1224
f 284 285 1224
f 285 1223 1224
f 1224 1223 3133
f 1223 285 3542
f 284 228 285
f 227 285 228
f 226 227 228
f 228 3128 226
f 226 3128 957
f 3797 226 957
f 959 3797 957
f 957 958 959
f 958 949 959
f 3259 959 949
f 3255 3259 949
f 1965 3255 949
f 948 1965 949
f 947 948 949
f 3613 948 947
f 3613 947 3266
f 157 3613 3266
f 3262 157 3266
f 3266 3263 3262
f 3262 3263 158
f 158 3263 3643
f 158 3643 1404
f 125 158 1404
f 1393 125 1404
f 1404 3320 1393
f 1393 3320 2158
f 1393 2158 3315
f 1393 3315 2065
f 1393 2065 1394
f 1393 1394 123
f 123 1394 3638
f 1921 123 3638
f 3200 1921 3638
f 3200 3199 1921
f 1919 1921 3199
f 3199 3322 1919
f 1807 1919 3322
f 1807 3322 3108
f 1808 1807 3108
f 3108 3553 1808
f 1808 3553 1965
f 3803 3553 3108
f 2377 3803 3108
f 1807 1808 1809
f 1809 1920 1807
f 1809 159 1920
f 124 1920 159
f 124 159 158
f 157 158 159
f 124 123 1920
f 123 124 125
f 1809 3613 159
f 948 1809 1808
f 3322 2377 3108
f 1807 1920 1919
f 3592 3322 3199
f 3592 3199 3201
f 3201 3739 3592
f 3322 3592 3739
f 1919 1920 1921
f 3199 3200 3201
f 654 3201 3200
f 3200 3210 654
f 3210 689 654
f 654 689 690
f 654 690 655
f 654 655 656
f 656 3208 654
f 656 3139 3208
f 1328 3208 3139
f 1328 3139 1329
f 1328 1329 1330
f 3307 1330 1329
f 3307 1329 1868
f 1867 3307 1868
f 1867 1868 1319
f 391 1867 1319
f 391 1319 1320
f 1320 3147 391
f 3147 349 391
f 391 349 392
f 349 3147 350
f 349 350 351
f 3091 349 351
f 3091 351 3143
f 3091 3143 3092
f 3090 3091 3092
f 3092 3544 3090
f 3090 3544 3808
f 3090 3808 1790
f 1790 3808 9
f 1790 9 1791
f 1791 3086 1790
f 3091 1790 3086
f 3091 3086 933
f 9 8 1791
f 7 8 9
f 43 7 9
f 43 44 7
f 3097 7 44
f 44 2983 3097
f 2982 3097 2983
f 1980 2982 2983
f 594 1980 2983
f 3812 594 2983
f 1903 3812 2983
f 3812 1903 1902
f 1902 1903 1904
f 1902 1904 3175
f 1902 3175 3190
f 1902 3190 559
f 594 1902 559
f 594 559 595
f 558 595 559
f 558 559 560
f 560 3187 558
f 3187 3188 558
f 558 3188 2992
f 558 2992 2993
f 2993 1979 558
f 3468 1979 2993
f 1979 3468 978
f 978 1980 1979
f 1979 1980 595
f 2997 1980 978
f 2997 978 977
f 2997 977 1017
f 2982 2997 1017
f 977 8 1017
f 977 2160 8
f 977 978 979
f 2231 977 979
f 979 3272 2231
f 979 1438 3272
f 979 1933 1438
f 978 1933 979
f 978 3468 1933
f 2992 1933 3468
f 2992 1934 1933
f 1379 1933 1934
f 1934 764 1379
f 764 1934 2992
f 764 2992 3229
f 3229 763 764
f 763 736 764
f 736 735 764
f 734 735 736
f 736 1890 734
f 1890 3227 734
f 3227 3159 734
f 734 3159 3160
f 3160 3381 734
f 3160 3159 1294
f 1892 3159 3227
f 1890 1892 3227
f 1890 1891 1892
f 1891 3158 1892
f 3158 3168 1892
f 3158 489 3168
f 3168 489 442
f 489 490 442
f 442 490 443
f 442 443 444
f 490 3166 443
f 1858 443 3166
f 3166 2316 1858
f 3166 2317 2316
f 2316 2317 2318
f 2318 3453 2316
f 3453 1724 2316
f 2316 1724 1723
f 2316 1723 1685
f 1722 1723 1724
f 1724 2315 1722
f 3490 1722 2315
f 3490 2315 3491
f 3489 3490 3491
f 3491 1657 3489
f 3489 1657 3691
f 3690 3489 3691
f 3691 2274 3690
f 2274 2275 3690
f 2275 3802 3690
f 2274 2251 2275
f 2274 2288 2251
f 2274 3674 2288
f 1656 2288 3674
f 1656 3674 1657
f 1226 1656 1657
f 1657 2273 1226
f 3459 1226 2273
f 3459 2273 3460
f 3458 3459 3460
f 3460 3678 3458
f 3458 3678 3677
f 3677 1227 3458
f 3677 3843 1227
f 1227 3843 3793
f 3793 1228 1227
f 1226 1227 1228
f 1228 2581 1226
f 2580 2581 1228
f 2581 2580 1326
f 1325 2581 1326
f 1222 1325 1326
f 1222 1326 1220
f 1220 1221 1222
f 1222 1221 3411
f 1222 3411 3297
f 1222 3297 2127
f 3296 2127 3297
f 1515 3296 3297
f 1515 3297 3807
f 1323 1515 3807
f 1323 3807 1324
f 1322 1323 1324
f 2601 1322 1324
f 2601 1324 2602
f 1696 2601 2602
f 2602 1697 1696
f 1696 1697 1317
f 1316 1696 1317
f 1316 1317 1318
f 2401 1316 1318
f 3308 2401 1318
f 3308 1318 3313
f 3308 3313 3309
f 3308 3309 3310
f 2402 3308 3310
f 2402 3310 3833
f 3833 2403 2402
f 1777 2402 2403
f 2403 3534 1777
f 1777 3534 3718
f 3718 3714 1777
f 1777 3714 1778
f 1777 1778 1779
f 1778 2401 1779
f 1778 3539 2401
f 1778 3390 3539
f 3538 3539 3390
f 3390 3695 3538
f 3538 3695 2601
f 3695 3390 3372
f 3652 3695 3372
f 3372 2338 3652
f 2339 3652 2338
f 2338 1516 2339
f 2339 1516 1322
f 1322 3695 2339
f 2338 1514 1516
f 1514 1515 1516
f 1514 1733 1515
f 1733 1514 2140
f 2140 2125 1733
f 1733 2125 3296
f 2140 2141 2125
f 2141 2126 2125
f 2125 2126 2127
f 2126 2289 2127
f 2127 2289 1325
f 3465 2289 2126
f 2289 3465 2287
f 2287 2288 2289
f 2141 3465 2126
f 2141 1675 3465
f 1675 3443 3465
f 1674 3443 1675
f 1673 1674 1675
f 1673 2286 1674
f 1762 1674 2286
f 2286 3376 1762
f 3471 1762 3376
f 3376 3684 3471
f 3683 3471 3684
f 3683 3684 3685
f 3683 3685 3828
f 2384 3683 3828
f 2384 3828 2382
f 2382 2383 2384
f 2384 2383 350
f 350 3710 2384
f 3710 1763 2384
f 1763 3710 1764
f 1762 1763 1764
f 1764 2381 1762
f 3531 1762 2381
f 3531 2381 3529
f 3529 3530 3531
f 3531 3530 1674
f 3530 3713 1674
f 3530 3303 3713
f 3647 3713 3303
f 3303 3352 3647
f 1445 3647 3352
f 3303 1495 3352
f 3352 1495 3395
f 3771 3395 1495
f 1494 3771 1495
f 1493 1494 1495
f 655 1493 1495
f 1495 3302 655
f 2105 1493 655
f 2105 1494 1493
f 1628 1494 2105
f 2104 1628 2105
f 2104 2105 690
f 3650 2104 690
f 2104 3650 2065
f 2065 3419 2104
f 3419 1626 2104
f 3418 1626 3419
f 1626 3418 3661
f 3661 3667 1626
f 1626 3667 1627
f 1626 1627 1628
f 3667 2234 1627
f 1151 1627 2234
f 3425 1151 2234
f 2226 3425 2234
f 2233 2226 2234
f 2226 2233 2224
f 2224 2225 2226
f 3657 2225 2224
f 2224 3340 3657
f 3657 3340 2369
f 2369 2368 3657
f 2367 2368 2369
f 2369 1543 2367
f 3706 2367 1543
f 1542 3706 1543
f 1542 1543 1544
f 1751 1542 1544
f 2365 1751 1544
f 2173 2365 1544
f 2173 1544 2174
f 2173 2174 2159
f 2173 2159 2158
f 2157 2158 2159
f 2157 2159 3661
f 2159 2233 3661
f 2233 2159 3644
f 3644 2159 3340
f 2174 3340 2159
f 2174 1543 3340
f 1478 2365 2173
f 2173 1479 1478
f 1477 1478 1479
f 1477 1479 3643
f 3643 2098 1477
f 3643 1479 3320
f 2098 1478 1477
f 2098 2019 1478
f 1478 2019 2088
f 1478 2088 2089
f 3122 2089 2088
f 2441 3122 2088
f 3122 2441 1751
f 1751 2441 2442
f 2442 2441 1192
f 1192 223 2442
f 2442 223 3706
f 223 1587 3706
f 223 225 1587
f 1587 225 289
f 1587 289 2367
f 2367 289 2447
f 289 866 2447
f 225 288 289
f 223 224 225
f 224 2207 225
f 225 2207 3360
f 224 1971 2207
f 2462 2207 1971
f 1971 2461 2462
f 3474 2462 2461
f 1699 3474 2461
f 1699 2461 919
f 919 1700 1699
f 1699 1700 1701
f 1699 1701 3138
f 1701 396 3138
f 2466 3138 396
f 396 347 2466
f 348 347 396
f 346 347 348
f 346 348 2291
f 346 2291 3144
f 3144 3145 346
f 3145 3431 346
f 3430 346 3431
f 3430 3431 3432
f 3586 3430 3432
f 1640 3586 3432
f 1640 3432 1641
f 1639 1640 1641
f 1639 1641 3671
f 3440 1639 3671
f 3671 2252 3440
f 2241 3440 2252
f 2241 2252 2253
f 2253 2242 2241
f 1998 2241 2242
f 2242 3673 1998
f 3391 1998 3673
f 3391 3673 3662
f 3662 3392 3391
f 3391 3392 3393
f 3393 3792 3391
f 3391 3792 1572
f 1570 1572 3792
f 1570 1571 1572
f 1572 1571 1955
f 1107 1572 1955
f 1107 1955 1954
f 2192 1107 1954
f 1954 2201 2192
f 2190 2192 2201
f 2190 2191 2192
f 2192 2191 3618
f 1999 3618 2191
f 3177 1999 2191
f 3177 2000 1999
f 1999 2000 2001
f 1999 2001 3278
f 1108 3278 2001
f 1108 2001 3440
f 3440 1109 1108
f 1107 1108 1109
f 1998 1107 1109
f 1107 3618 1108
f 3618 3278 1108
f 2001 2000 1640
f 3618 1999 3278
f 1954 3236 2201
f 1045 2201 3236
f 1954 1571 3236
f 2192 3618 1107
f 1572 1107 1998
f 1954 1955 1571
f 3236 1571 1570
f 1570 2366 3236
f 2366 1570 831
f 831 830 2366
f 830 831 832
f 831 1953 832
f 1953 831 681
f 1953 681 3248
f 3247 1953 3248
f 3248 3607 3247
f 3609 3247 3607
f 3607 3608 3609
f 3608 1282 3609
f 3609 1282 1739
f 3609 1739 1738
f 1738 1739 1740
f 1738 1740 2816
f 1738 2816 2817
f 2817 2816 509
f 2817 509 584
f 584 509 508
f 508 1908 584
f 507 508 509
f 509 3182 507
f 3182 3183 507
f 3501 507 3183
f 3501 3183 3502
f 3500 3501 3502
f 3500 3502 3750
f 1757 3500 3750
f 1755 1757 3750
f 1755 1756 1757
f 2837 1757 1756
f 2836 2837 1756
f 1756 1007 2836
f 1006 2836 1007
f 1006 1007 616
f 618 1006 616
f 616 617 618
f 617 957 618
f 3271 618 957
f 3271 3521 618
f 3517 3521 3271
f 3128 3517 3271
f 3517 3128 2084
f 3517 2084 2086
f 3517 2086 1457
f 2085 1457 2086
f 2085 3333 1457
f 2084 2085 2086
f 2084 1435 2085
f 1435 1434 2085
f 1434 1435 284
f 228 1435 2084
f 1006 3521 3517
f 617 3338 957
f 617 3263 3338
f 3263 617 2098
f 617 616 2098
f 3521 1006 618
f 2019 616 1007
f 1007 3562 2019
f 3562 273 2019
f 2019 273 2020
f 2019 2020 2441
f 2020 275 2441
f 273 275 2020
f 273 274 275
f 274 1192 275
f 274 2016 1192
f 3124 2016 274
f 1822 3124 274
f 1822 274 1835
f 1835 1755 1822
f 1755 1821 1822
f 1822 1821 1969
f 3567 1822 1969
f 3747 3567 1969
f 1969 1971 3747
f 1969 1970 1971
f 3256 1970 1969
f 1968 3256 1969
f 3256 1968 920
f 920 919 3256
f 919 920 921
f 1968 921 920
f 3265 921 1968
f 3182 3265 1968
f 3182 3264 3265
f 3264 3612 3265
f 3611 3265 3612
f 3611 3612 3547
f 2069 3611 3547
f 3547 3317 2069
f 2069 3317 2068
f 2068 1700 2069
f 2068 3317 2291
f 3317 3633 2291
f 2291 3633 1370
f 1370 3633 74
f 74 1369 1370
f 1369 2067 1370
f 1370 2067 3144
f 2067 1369 3324
f 3323 2067 3324
f 3323 3324 2678
f 3637 3323 2678
f 2678 3636 3637
f 3105 3637 3636
f 3105 3636 3556
f 3105 3556 3106
f 3104 3105 3106
f 3106 3720 3104
f 149 3104 3720
f 149 3720 150
f 148 149 150
f 150 3555 148
f 3555 3111 148
f 1810 148 3111
f 3111 1811 1810
f 1799 1810 1811
f 1799 1811 1800
f 1799 1800 1801
f 1801 3197 1799
f 3392 1799 3197
f 3197 1801 3593
f 3593 3196 3197
f 3196 680 3197
f 3197 680 3393
f 680 682 3393
f 1570 3393 682
f 680 681 682
f 680 3196 681
f 3196 1923 681
f 1923 3206 681
f 1912 3206 1923
f 1922 1912 1923
f 1922 1913 1912
f 1912 1913 1914
f 2053 1912 1914
f 1914 3594 2053
f 3594 3577 2053
f 2053 3577 381
f 381 2052 2053
f 381 3206 2052
f 381 3608 3206
f 3577 382 381
f 381 382 383
f 381 383 1282
f 1282 383 2049
f 1282 2049 1871
f 1282 1871 1857
f 1871 1872 1857
f 1857 1872 1855
f 1855 1856 1857
f 1740 1857 1856
f 1856 1855 3182
f 1872 3084 1855
f 1855 3084 3264
f 1872 3083 3084
f 72 3084 3083
f 3083 3719 72
f 72 3719 73
f 72 73 74
f 3545 72 74
f 74 3548 3545
f 3547 3545 3548
f 74 73 1792
f 74 1792 1785
f 1792 1783 1785
f 1783 1784 1785
f 1784 2679 1785
f 3324 1785 2679
f 2679 1784 2677
f 2677 2678 2679
f 2677 1784 3173
f 3173 590 2677
f 590 3556 2677
f 589 3556 590
f 588 589 590
f 589 588 3370
f 3370 1518 589
f 1518 3370 2684
f 2684 1024 1518
f 1023 1518 1024
f 1022 1023 1024
f 1898 1022 1024
f 1898 1024 3377
f 2700 1898 3377
f 2700 3377 2701
f 2699 2700 2701
f 2699 2701 3267
f 3164 2699 3267
f 3267 1012 3164
f 1011 3164 1012
f 1011 1012 1013
f 1548 1011 1013
f 1548 1013 3387
f 3387 2704 1548
f 1548 2704 1122
f 1548 1122 1121
f 1121 1122 1123
f 1123 1973 1121
f 3386 1121 1973
f 3385 3386 1973
f 3215 3385 1973
f 1973 3216 3215
f 3215 3216 3217
f 3217 3602 3215
f 3602 3217 753
f 755 3602 753
f 753 754 755
f 754 3598 755
f 1936 755 3598
f 1936 3598 3225
f 3225 1935 1936
f 1935 1927 1936
f 1936 1927 1929
f 1927 1928 1929
f 3602 1929 1928
f 3602 1928 3155
f 3385 3602 3155
f 3155 3154 3385
f 3154 3155 3156
f 3386 3154 3156
f 477 3156 3155
f 3155 478 477
f 477 478 479
f 477 479 1893
f 477 1893 3585
f 3164 3585 1893
f 1893 1884 3164
f 1884 1893 1894
f 1894 150 1884
f 1884 150 1885
f 2699 1884 1885
f 150 1022 1885
f 3907 1894 1893
f 3907 3555 1894
f 3909 3555 3907
f 3913 3909 3907
f 479 3913 3907
f 3913 479 1800
f 1800 479 1935
f 1800 3909 3913
f 3907 1893 479
f 1935 479 478
f 3585 3156 477
f 3156 3585 1011
f 1011 1121 3156
f 478 3155 1928
f 1927 478 1928
f 478 1927 1935
f 1935 3225 1800
f 3593 3225 3598
f 3598 1922 3593
f 755 1936 1929
f 3928 3598 754
f 754 3931 3928
f 3931 3932 3928
f 3928 3932 3594
f 3932 3806 3594
f 3806 3932 3804
f 3804 3805 3806
f 3936 3806 3805
f 3805 3862 3936
f 3862 3889 3936
f 3889 3888 3936
f 3859 3888 3889
f 3889 3858 3859
f 3858 3844 3859
f 382 3859 3844
f 3844 3858 3761
f 3761 3944 3844
f 383 3844 3944
f 3944 3761 2049
f 2049 3761 3083
f 3627 3761 3858
f 3858 3954 3627
f 3627 3954 3623
f 3623 3624 3627
f 3623 1783 3624
f 1783 73 3624
f 1783 3623 3173
f 3623 3626 3173
f 3626 588 3173
f 588 3626 3962
f 3626 3964 3962
f 3370 3962 3964
f 3626 3970 3964
f 3970 3972 3964
f 3972 3766 3964
f 3964 3766 2684
f 3811 3766 3972
f 3972 3809 3811
f 3809 3810 3811
f 3811 3810 3696
f 3696 3631 3811
f 3631 2701 3811
f 3631 3630 2701
f 3630 3631 3632
f 3630 3632 3754
f 3985 3630 3754
f 3986 3985 3754
f 3986 3754 3990
f 3990 3991 3986
f 3993 3986 3991
f 3387 3993 3991
f 3991 3994 3387
f 3994 3991 3995
f 3994 3995 3748
f 3753 3994 3748
f 3753 3748 3998
f 4002 3753 3998
f 3998 4006 4002
f 4006 3813 4002
f 3815 4002 3813
f 3813 3814 3815
f 3815 3814 4008
f 3815 4008 3707
f 4011 3815 3707
f 3707 3709 4011
f 3709 3826 4011
f 4018 4011 3826
f 1123 4018 3826
f 1123 3826 3825
f 3216 1123 3825
f 3824 3825 3826
f 3824 4026 3825
f 4026 753 3825
f 4026 3899 753
f 3899 4026 3897
f 3897 3898 3899
f 4033 3899 3898
f 3898 4034 4033
f 4033 4034 4036
f 4033 4036 4040
f 4033 4040 754
f 4036 4043 4040
f 4040 4043 4044
f 4040 4044 3931
f 4043 4047 4044
f 4047 3804 4044
f 4047 4052 3804
f 3702 4052 4047
f 3702 3701 4052
f 4052 3701 3829
f 3829 3805 4052
f 3805 3829 3809
f 3829 3701 3697
f 3829 3697 3810
f 3703 3697 3701
f 4060 3697 3703
f 4060 3703 4062
f 4060 4062 4065
f 4060 4065 3698
f 4068 3698 4065
f 4065 3835 4068
f 3834 4068 3835
f 3834 3835 3836
f 3742 3834 3836
f 3904 3742 3836
f 3904 3836 3892
f 3892 3891 3904
f 3891 3581 3904
f 3904 3581 3769
f 3769 4075 3904
f 3768 4075 3769
f 3768 3769 3770
f 4077 3768 3770
f 3770 4080 4077
f 4077 4080 4081
f 4084 4077 4081
f 4084 4081 4085
f 4085 4086 4084
f 4084 4086 4087
f 4006 4084 4087
f 4087 4086 3874
f 3874 3814 4087
f 3874 3875 3814
f 3874 4093 3875
f 4094 3875 4093
f 4094 4093 4095
f 4095 4097 4094
f 3772 4094 4097
f 4097 3773 3772
f 3772 3773 3774
f 3772 3774 4099
f 4099 3774 4102
f 4099 4102 3564
f 3564 4106 4099
f 4094 4099 4106
f 4109 4106 3564
f 4109 3564 4112
f 4109 4112 4114
f 4114 3799 4109
f 3799 4008 4109
f 4109 4008 3875
f 3783 3799 4114
f 3783 4114 3572
f 3572 3782 3783
f 3783 3782 4122
f 4122 3708 3783
f 3708 4122 3709
f 4122 3824 3709
f 3897 3824 4122
f 4122 4133 3897
f 4134 3897 4133
f 4134 4133 3880
f 3880 3882 4134
f 3882 4034 4134
f 3880 3881 3882
f 3881 4141 3882
f 3882 4141 3787
f 3882 3787 4143
f 4143 4036 3882
f 3787 3702 4143
f 4143 3702 4043
f 3787 3703 3702
f 3703 3787 4148
f 4152 3703 4148
f 4148 4153 4152
f 4156 4152 4153
f 4153 4157 4156
f 4156 4157 3892
f 4156 3892 4164
f 4164 4166 4156
f 4156 4166 4062
f 4164 3835 4166
f 3893 3892 4157
f 4157 3794 3893
f 3796 3893 3794
f 3794 3795 3796
f 4172 3796 3795
f 3795 4174 4172
f 4174 3565 4172
f 3774 4172 3565
f 3566 3565 4174
f 3566 4174 4180
f 3564 3566 4180
f 3568 4180 4174
f 4180 3568 4112
f 4112 3568 3570
f 3568 3569 3570
f 3570 3569 4190
f 3573 3570 4190
f 3881 3573 4190
f 3572 3570 3573
f 4190 3569 4157
f 3569 3568 3795
f 3564 3565 3566
f 4174 3795 3568
f 3796 4172 3580
f 3580 3582 3796
f 3580 3581 3582
f 4195 3580 4172
f 4195 4172 3773
f 4195 3773 4201
f 4195 4201 4080
f 4080 3798 4195
f 4080 4201 4206
f 4085 4206 4201
f 4085 4201 4095
f 4195 3798 3580
f 3798 3769 3580
f 3795 3794 3569
f 3893 3796 3582
f 3891 3893 3582
f 4157 3569 3794
f 4153 4190 4157
f 4141 4190 4153
f 4156 4062 4152
f 4153 4148 4141
f 4148 3787 4141
f 4190 4141 3881
f 3573 3881 3880
f 3573 3880 3782
f 4134 4034 3897
f 4122 3880 4133
f 4122 3782 3880
f 3572 3573 3782
f 4114 3570 3572
f 3783 3708 3799
f 3799 3708 3707
f 4114 4112 3570
f 3564 4180 4112
f 3875 4106 4109
f 3565 3564 4102
f 3565 4102 3774
f 4172 3774 3773
f 4097 4201 3773
f 4099 4094 3772
f 4095 4201 4097
f 4095 4093 4085
f 4106 3875 4094
f 4086 4093 3874
f 4085 4093 4086
f 4085 4081 4206
f 4077 4084 3998
f 4081 4080 4206
f 4080 3770 3798
f 3998 3768 4077
f 3998 4236 3768
f 4236 4237 3768
f 4237 4236 4238
f 4240 4237 4238
f 3748 4240 4238
f 3748 3741 4240
f 3743 4240 3741
f 3741 3742 3743
f 3743 3742 4075
f 3741 4242 3742
f 4242 3741 3749
f 3749 4244 4242
f 4242 4244 3834
f 3995 4244 3749
f 4244 3995 3990
f 3990 4068 4244
f 4240 3743 4075
f 3748 3749 3741
f 4075 4237 4240
f 4236 3998 4238
f 3798 3770 3769
f 4237 4075 3768
f 3581 3580 3769
f 3582 3581 3891
f 3891 3892 3893
f 4164 3892 3836
f 3742 3904 4075
f 3742 4242 3834
f 3836 3835 4164
f 4244 4068 3834
f 3835 4065 4166
f 3755 3698 4068
f 3754 3755 4068
f 3698 3755 3632
f 3632 3696 3698
f 3696 3697 3698
f 4166 4065 4062
f 3703 4152 4062
f 3697 4060 3698
f 3701 3702 3703
f 4043 3702 4047
f 4036 4143 4043
f 4034 3882 4036
f 4033 754 3899
f 3897 4034 3898
f 3897 4026 3824
f 1123 3763 4018
f 3763 3752 4018
f 3752 3751 4018
f 3751 3752 3753
f 3753 3752 2704
f 3763 2704 3752
f 3751 4011 4018
f 3709 3824 3826
f 3707 3708 3709
f 3751 3815 4011
f 3707 4008 3799
f 3875 4008 3814
f 3813 4087 3814
f 3815 3751 4002
f 3813 4006 4087
f 3998 4084 4006
f 4002 3751 3753
f 4238 3998 3748
f 2704 3994 3753
f 3748 3995 3749
f 1013 3986 3993
f 3991 3990 3995
f 4068 3990 3754
f 3985 3986 1012
f 3630 3985 3267
f 3754 3632 3755
f 3696 3632 3631
f 3696 3810 3697
f 3810 3809 3829
f 3862 3809 3972
f 3811 2701 3766
f 3970 3862 3972
f 3626 3889 3970
f 3889 3626 3954
f 3626 3623 3954
f 3761 3627 3624
f 3624 3719 3761
f 3889 3954 3858
f 382 3888 3859
f 3862 3970 3889
f 3809 3862 3805
f 3806 3936 3888
f 3806 3888 3577
f 4052 3805 3804
f 4044 3804 3932
f 3931 4044 3932
f 3931 754 4040
f 1913 3598 3928
f 3899 754 753
f 1929 3602 755
f 3825 753 3217
f 3825 3217 3216
f 3385 3215 3602
f 3154 3386 3385
f 3156 1121 3386
f 1973 1123 3216
f 3763 1123 1122
f 1122 2704 3763
f 3387 3994 2704
f 3387 1013 3993
f 1121 1011 1548
f 1013 1012 3986
f 3164 1011 3585
f 1012 3267 3985
f 2699 3164 1884
f 3267 2701 3630
f 2699 1885 2700
f 2701 3377 3766
f 1885 1898 2700
f 3766 3377 1024
f 1885 1022 1898
f 3720 1023 1022
f 1518 1023 3106
f 1024 2684 3766
f 3964 2684 3370
f 588 3962 3370
f 589 1518 3556
f 3173 588 590
f 1784 1783 3173
f 73 1783 1792
f 3719 3624 73
f 3761 3719 3083
f 3545 3084 72
f 3545 3612 3084
f 1871 3083 1872
f 2049 3083 1871
f 383 3944 2049
f 3844 383 382
f 3577 3888 382
f 3594 3806 3577
f 3928 3594 1914
f 2052 1912 2053
f 3928 1914 1913
f 3598 1913 1922
f 1912 2052 3206
f 1923 3196 1922
f 3593 1922 3196
f 3225 3593 1801
f 1801 1800 3225
f 3909 1800 1811
f 3662 1810 1799
f 4327 1810 3662
f 3909 1811 3111
f 148 1810 4327
f 3727 148 4327
f 3727 4327 3673
f 4332 3727 3673
f 3727 4332 3728
f 3727 3728 149
f 4332 2253 3728
f 3849 3728 2253
f 3728 3849 3104
f 3909 3111 3555
f 150 1894 3555
f 149 148 3727
f 150 3720 1022
f 3728 3104 149
f 3720 3106 1023
f 3105 3104 3849
f 3849 3850 3105
f 2252 3850 3849
f 3106 3556 1518
f 3636 2677 3556
f 3637 3105 3850
f 3850 3671 3637
f 2677 3636 2678
f 3671 3323 3637
f 2678 3324 2679
f 1641 2067 3323
f 1785 3324 1369
f 1369 74 1785
f 3548 74 3633
f 3548 3633 3317
f 3317 3547 3548
f 1700 3611 2069
f 3611 1700 921
f 3545 3547 3612
f 3264 3084 3612
f 1855 3264 3182
f 3265 3611 921
f 3256 919 1970
f 3567 3747 4352
f 4352 3124 3567
f 224 4352 3747
f 1969 1821 1968
f 4354 1968 1821
f 3502 4354 1821
f 3183 1968 4354
f 3502 1821 1755
f 1835 274 3653
f 1756 1835 3653
f 3562 1756 3653
f 1822 3567 3124
f 3124 4352 2016
f 2016 4352 223
f 274 273 3653
f 3562 3653 273
f 2836 1006 3517
f 3517 1456 2836
f 3562 1007 1756
f 1456 2837 2836
f 3331 1757 2837
f 1756 1755 1835
f 1757 1464 3500
f 3500 1464 3738
f 1464 508 3738
f 1755 3750 3502
f 3738 3501 3500
f 3502 3183 4354
f 3738 507 3501
f 3182 1968 3183
f 509 1856 3182
f 508 507 3738
f 509 2816 1856
f 1740 1856 2816
f 1739 1857 1740
f 1739 1282 1857
f 381 1282 3608
f 3608 3607 3206
f 3609 1738 3247
f 1738 3270 3247
f 3206 3607 3248
f 1953 3247 3270
f 681 3206 3248
f 682 681 831
f 682 831 1570
f 3792 3393 1570
f 3393 3392 3197
f 3392 3662 1799
f 3673 4327 3662
f 1572 1998 3391
f 4332 3673 2242
f 1998 1109 2241
f 2253 4332 2242
f 2253 2252 3849
f 1109 3440 2241
f 2252 3671 3850
f 2001 1639 3440
f 3671 1641 3323
f 1639 2001 1640
f 3432 2067 1641
f 3432 3145 2067
f 2000 3586 1640
f 3432 3431 3145
f 3145 3144 2067
f 1370 3144 2291
f 2291 348 2068
f 2068 348 1701
f 3430 347 346
f 609 347 3430
f 3474 3138 2466
f 3056 3474 2466
f 1701 348 396
f 1701 1700 2068
f 1700 919 921
f 919 2461 1970
f 3138 3474 1699
f 3254 2462 3474
f 1971 1970 2461
f 2207 2462 3254
f 3747 1971 224
f 4352 224 223
f 2016 223 1192
f 275 1192 2441
f 3122 2365 2089
f 2088 2019 2441
f 616 2019 2098
f 3320 1479 2173
f 2365 1478 2089
f 3122 1751 2365
f 1751 2442 1542
f 1544 1543 2174
f 2442 3706 1542
f 2367 3706 1587
f 2368 2367 2447
f 1543 2369 3340
f 3644 3340 2224
f 2224 2233 3644
f 2226 2225 3425
f 2234 3667 2233
f 3661 2233 3667
f 2157 3661 3418
f 2157 3418 3315
f 2065 3418 3419
f 1626 1628 2104
f 1628 1627 1494
f 1494 1627 3767
f 3767 3771 1494
f 3767 1209 3771
f 3302 1495 3303
f 3713 3647 1444
f 3713 1444 3443
f 3302 3303 3530
f 4336 3302 3530
f 3302 4336 4337
f 4337 656 3302
f 3311 4337 4336
f 3890 3311 4336
f 3890 4336 2381
f 3312 3890 2381
f 2381 4343 3312
f 1320 3312 4343
f 3710 1320 4343
f 3312 3311 3890
f 3311 3312 1329
f 3311 3139 4337
f 4336 3530 3529
f 2381 4336 3529
f 4343 2381 1764
f 3710 4343 1764
f 3143 350 2383
f 4017 3143 2383
f 3475 3143 4017
f 3475 4017 3780
f 3475 3780 3779
f 3779 3846 3475
f 4350 3475 3846
f 4391 4350 3846
f 4391 3846 3963
f 4391 3963 3895
f 4391 3895 3894
f 3894 3895 3896
f 3894 3896 4350
f 4256 4350 3896
f 4256 3544 4350
f 4256 3896 3895
f 4256 3895 3819
f 3819 3902 4256
f 4256 3902 43
f 4256 43 3808
f 3901 43 3902
f 3900 3901 3902
f 3900 1904 3901
f 1904 3900 3821
f 3619 1904 3821
f 3820 3619 3821
f 3819 3820 3821
f 3819 4315 3820
f 4138 3820 4315
f 4315 3718 4138
f 4315 3963 3718
f 3534 3820 4138
f 3534 4051 3820
f 4051 4050 3820
f 4050 4321 3820
f 4050 3841 4321
f 4320 4321 3841
f 3841 4328 4320
f 4328 560 4320
f 3190 4320 560
f 3841 3840 4328
f 3840 3187 4328
f 3721 3187 3840
f 3903 3721 3840
f 3903 3840 4369
f 4369 3126 3903
f 3903 3126 4035
f 3903 4035 3722
f 3722 4035 4371
f 3723 3722 4371
f 4374 3723 4371
f 4374 4371 3906
f 3906 763 4374
f 3905 763 3906
f 3906 3832 3905
f 3905 3832 1891
f 3906 4345 3832
f 4345 3830 3832
f 3830 3831 3832
f 3832 3831 3158
f 3831 3871 3158
f 3831 3870 3871
f 3870 3839 3871
f 3764 3871 3839
f 3839 3838 3764
f 4249 3764 3838
f 3838 3452 4249
f 3452 2318 4249
f 3838 3885 3452
f 3885 4250 3452
f 3452 4250 3453
f 4250 3777 3453
f 4250 3775 3777
f 3775 3776 3777
f 3777 3776 1724
f 3776 3872 1724
f 3775 3872 3776
f 3775 3868 3872
f 3868 4213 3872
f 4213 3873 3872
f 3872 3873 2315
f 3460 2315 3873
f 3873 4211 3460
f 3873 4207 4211
f 4211 4207 4304
f 4209 4211 4304
f 4268 4209 4304
f 4262 4268 4304
f 4262 4304 3866
f 4262 3866 3865
f 3865 4263 4262
f 4262 4263 3512
f 3512 3878 4262
f 3512 3876 3878
f 3876 3877 3878
f 3878 3877 4268
f 4268 3877 4362
f 4268 4362 4274
f 4362 4105 4274
f 4105 4104 4274
f 4104 3790 4274
f 4274 3790 3677
f 4210 4274 3677
f 4210 4209 4274
f 3790 3789 3677
f 3788 3789 3790
f 3788 3790 4232
f 3851 3788 4232
f 4232 3757 3851
f 3960 3851 3757
f 3960 3757 3756
f 3863 3960 3756
f 3864 3863 3756
f 3864 3756 4179
f 3956 3864 4179
f 3956 4179 4078
f 4078 4173 3956
f 4173 4170 3956
f 3955 3956 4170
f 4241 3955 4170
f 4241 4170 3861
f 4241 3861 3860
f 4066 4241 3860
f 3860 3313 4066
f 3313 3860 3725
f 3725 3724 3313
f 3724 3725 3726
f 3724 3726 3744
f 3724 3744 4147
f 3309 3724 4147
f 4058 3309 4147
f 4058 4147 4013
f 3833 4058 4013
f 4013 3504 3833
f 4220 3833 3504
f 4220 3504 3130
f 3129 4220 3130
f 3129 3130 3131
f 3135 3131 3130
f 3130 3506 3135
f 3506 3136 3135
f 3135 3136 3127
f 3127 3136 3519
f 3127 3519 3125
f 3125 3126 3127
f 3126 3125 3148
f 3125 3887 3148
f 3148 3887 3149
f 3148 3149 3150
f 3150 4344 3148
f 4035 3148 4344
f 4035 4344 4345
f 4305 4344 3150
f 4344 4305 3870
f 3870 3830 4344
f 4305 3837 3870
f 3837 4305 3149
f 3149 3886 3837
f 3885 3837 3886
f 3149 4124 3886
f 4124 3857 3886
f 3886 3857 4250
f 3857 4130 4250
f 4130 3857 3801
f 3869 4130 3801
f 3801 3867 3869
f 3869 3867 3868
f 3865 3867 3801
f 3513 3865 3801
f 3800 3513 3801
f 4278 3513 3800
f 4277 4278 3800
f 3800 4123 4277
f 4277 4123 4284
f 3518 4277 4284
f 3518 4284 3887
f 3519 3518 3887
f 4277 3518 4288
f 3136 4288 3518
f 3136 4024 4288
f 4288 4024 4119
f 4288 4119 3511
f 4288 3511 4278
f 4119 4118 3511
f 3512 3511 4118
f 4113 3512 4118
f 4117 4113 4118
f 4113 4117 4015
f 4015 4142 4113
f 3876 4113 4142
f 3746 3876 4142
f 4014 3746 4142
f 4014 4147 3746
f 3746 3817 3876
f 3817 4155 3876
f 3876 4155 4154
f 4154 4155 3816
f 3816 4079 4154
f 4079 4165 4154
f 4154 4165 3877
f 4079 3852 4165
f 3852 3853 4165
f 4165 3853 4362
f 3852 3758 3853
f 4074 3853 3758
f 4232 4074 3758
f 3853 4074 4104
f 3852 4179 3758
f 4078 3852 4079
f 4078 4079 3816
f 3854 4078 3816
f 3854 3816 3818
f 3854 3818 3855
f 3854 3855 3856
f 3856 4170 3854
f 3855 3726 3856
f 3855 3818 3745
f 3744 3855 3745
f 3744 3745 3746
f 3818 3817 3745
f 3816 3817 3818
f 4155 3817 3816
f 3745 3817 3746
f 4015 4014 4142
f 4013 4014 4015
f 4013 4015 4508
f 4023 4013 4508
f 4508 4024 4023
f 3514 4023 4024
f 3505 4023 3514
f 3506 3505 3514
f 3504 3505 3506
f 3505 3504 4023
f 4015 4117 4508
f 4119 4508 4117
f 3511 3512 3513
f 4117 4118 4119
f 4508 4119 4024
f 3514 4024 3136
f 3887 4284 4123
f 3887 4123 4124
f 4123 3800 3857
f 4288 4278 4277
f 4278 3511 3513
f 4130 3869 3775
f 3800 3801 3857
f 3857 4124 4123
f 3150 3149 4305
f 3149 3887 4124
f 3519 3887 3125
f 3518 3519 3136
f 3506 3514 3136
f 3127 3131 3135
f 3131 3127 4369
f 3842 3131 4369
f 3131 3842 3841
f 3129 3131 4220
f 4220 3131 4051
f 3130 3504 3506
f 3504 4013 4023
f 4013 4147 4014
f 3746 4147 3744
f 3726 3855 3744
f 3725 3856 3726
f 3856 3725 3860
f 1317 4241 4066
f 1317 3946 4241
f 3860 3861 3856
f 3861 4170 3856
f 3955 4241 3946
f 3864 3955 3946
f 3946 2602 3864
f 3854 4170 4173
f 4173 4078 3854
f 4179 3852 4078
f 3955 3864 3956
f 3756 3758 4179
f 2602 3863 3864
f 3863 3958 3960
f 3958 3959 3960
f 1324 3959 3958
f 1324 3958 3863
f 3756 3757 3758
f 3851 3960 3959
f 3851 3959 3411
f 3807 3411 3959
f 3757 4232 3758
f 3790 4074 4232
f 3788 3851 3789
f 3789 3851 1220
f 3843 3789 1220
f 3790 4104 4074
f 3853 4104 4105
f 3853 4105 4362
f 4165 4362 3877
f 4154 3877 3876
f 3512 4113 3876
f 3512 4263 3513
f 3513 4263 3865
f 3865 3866 3867
f 4207 3867 3866
f 4207 4213 3867
f 3878 4268 4262
f 4274 4209 4268
f 4209 4210 4211
f 3678 4211 4210
f 3866 4304 4207
f 4213 4207 3873
f 4213 3868 3867
f 3868 3775 3869
f 3775 4250 4130
f 4250 3885 3886
f 3837 3885 3838
f 3764 4249 2317
f 3764 2317 3765
f 3927 3764 3765
f 3765 489 3927
f 489 3871 3927
f 3837 3838 3839
f 3871 3764 3927
f 3870 3837 3839
f 3830 3870 3831
f 3830 4345 4344
f 763 3905 1890
f 4371 4345 3906
f 3188 3723 4374
f 3188 4374 3229
f 3939 3723 3188
f 3721 3723 3939
f 3721 3722 3723
f 4371 4035 4345
f 3126 3148 4035
f 4369 3127 3126
f 3842 4369 3840
f 3722 3721 3903
f 3187 3721 3939
f 3840 3841 3842
f 4321 4320 3190
f 3131 3841 4050
f 4050 4051 3131
f 3534 4220 4051
f 3619 3820 4321
f 3175 3619 4321
f 3821 3900 3819
f 3819 3900 3902
f 4315 3819 3895
f 3895 3963 4315
f 3963 3846 3845
f 3714 3963 3845
f 3845 3389 3714
f 3845 3846 3389
f 3846 3973 3389
f 3389 3973 3390
f 4391 3894 4350
f 3475 4350 3544
f 3846 3779 3973
f 3778 3973 3779
f 3372 3973 3778
f 3372 3778 3780
f 3780 3731 3372
f 3731 3373 3372
f 3731 3732 3373
f 3732 3847 3373
f 3373 3847 3908
f 3373 3908 4126
f 3373 4126 2338
f 3908 1514 4126
f 3908 3847 1514
f 1514 3847 3848
f 4547 1514 3848
f 3684 4547 3848
f 3848 3921 3684
f 3684 2140 4547
f 3848 3847 3921
f 3926 3921 3847
f 3847 3925 3926
f 3925 3828 3926
f 3926 3685 3921
f 3732 3925 3847
f 2382 3925 3732
f 2382 3732 3731
f 4017 2382 3731
f 3778 3779 3780
f 4017 3731 3780
f 2382 4017 2383
f 2382 3828 3925
f 3683 2384 1763
f 3926 3828 3685
f 3921 3685 3684
f 3471 3683 1763
f 2140 3684 3376
f 1763 1762 3471
f 1762 3531 1674
f 3376 2286 1673
f 3376 1673 2141
f 3443 1674 3713
f 1673 1675 2141
f 2140 3376 2141
f 4547 2140 1514
f 4126 1514 2338
f 2338 3372 3373
f 2339 3695 3652
f 3973 3372 3390
f 3538 2601 3539
f 3389 3390 1778
f 3714 3389 1778
f 3718 3963 3714
f 3534 4138 3718
f 3534 2403 4220
f 1777 1779 2402
f 2403 3833 4220
f 3833 3310 4058
f 2402 1779 3308
f 3310 3309 4058
f 3313 3724 3309
f 1318 4066 3313
f 1779 2401 3308
f 2401 3539 1316
f 1318 1317 4066
f 3539 1696 1316
f 3946 1317 1697
f 1697 2602 3946
f 3539 2601 1696
f 3863 2602 1324
f 3695 1322 2601
f 1516 1323 1322
f 1324 3807 3959
f 1516 1515 1323
f 3296 1515 1733
f 2125 2127 3296
f 3411 3807 3297
f 3411 1221 3851
f 1220 3851 1221
f 1325 1222 2127
f 2289 2581 1325
f 2581 2289 1656
f 1220 1326 2580
f 3793 1220 2580
f 3793 2580 1228
f 3843 1220 3793
f 3677 3789 3843
f 4210 3677 3678
f 4211 3678 3460
f 3459 3458 1227
f 2273 2315 3460
f 1226 3459 1227
f 2581 1656 1226
f 2288 1656 2289
f 2274 3691 3674
f 3802 3489 3690
f 3691 1657 3674
f 2273 1657 3491
f 3802 3490 3489
f 2315 2273 3491
f 1722 3490 3802
f 3434 1722 3802
f 3872 2315 1724
f 1722 3434 1723
f 3453 3777 1724
f 3452 3453 2318
f 4249 2318 2317
f 3765 2317 3166
f 3166 490 3765
f 489 3765 490
f 3158 3871 489
f 3158 1891 3832
f 3905 1891 1890
f 1890 736 763
f 3229 4374 763
f 2992 3468 2993
f 3229 2992 3188
f 3187 3939 3188
f 4328 3187 560
f 558 1979 595
f 560 559 3190
f 4321 3190 3175
f 3175 1904 3619
f 1903 3901 1904
f 1903 44 3901
f 3812 1902 594
f 594 595 1980
f 1980 2997 2982
f 1017 3097 2982
f 1903 2983 44
f 1017 7 3097
f 3901 44 43
f 8 7 1017
f 9 3808 43
f 3544 4256 3808
f 3544 3092 3475
f 1790 3091 3090
f 3092 3143 3475
f 933 349 3091
f 351 350 3143
f 3710 350 3147
f 3147 1320 3710
f 1319 3312 1320
f 391 3353 1867
f 1868 3312 1319
f 2113 3307 1867
f 1868 1329 3312
f 3357 1330 3307
f 1329 3139 3311
f 3208 1328 3201
f 3439 3201 1328
f 3139 656 4337
f 656 655 3302
f 690 2105 655
f 3650 690 689
f 3210 3650 689
f 3210 1394 3650
f 3210 3200 1394
f 3201 654 3208
f 1921 1920 123
f 3638 1394 3200
f 3650 1394 2065
f 3315 3418 2065
f 2158 2157 3315
f 2158 3320 2173
f 125 1393 123
f 158 125 124
f 1404 3643 3320
f 3263 2098 3643
f 3263 3266 3338
f 958 3338 3266
f 157 3262 158
f 159 3613 157
f 947 958 3266
f 948 3613 1809
f 1808 1965 948
f 1965 3515 3255
f 3255 3515 3483
f 3515 3374 3483
f 3515 1965 3374
f 3259 3255 3055
f 3259 4356 959
f 3699 959 4356
f 3700 3699 4356
f 3059 3699 3700
f 3059 227 3699
f 3259 3700 4356
f 3700 3259 2682
f 949 958 947
f 958 957 3338
f 3797 959 3699
f 3797 3699 226
f 957 3128 3271
f 2084 3128 228
f 3699 227 226
f 3239 285 227
f 228 284 1435
f 284 1234 1434
f 2085 1434 3333
f 1457 3333 3337
f 1456 3517 1457
f 2078 1455 3525
f 1456 3331 2837
f 2078 3275 1462
f 3335 1757 3331
f 3335 1464 1757
f 508 1464 1908
f 2817 584 1908
f 3270 1738 2817
f 832 1953 3270
f 1462 3275 1463
f 832 2366 830
f 3275 2078 3525
f 3339 1043 3525
f 1045 3236 2366
f 3339 1044 1043
f 2201 1045 2190
f 3068 2191 2190
f 2191 3068 3781
f 1056 1978 1044
f 1233 1057 1056
f 1058 3781 3068
f 3295 3179 1057
f 2191 3781 3178
f 3178 3177 2191
f 3179 3295 3191
f 3295 3651 3191
f 2865 3651 3295
f 3191 3651 2337
f 3177 3586 2000
f 3586 609 3430
f 3651 610 2337
f 3651 3536 610
f 611 347 609
f 347 3053 2466
f 2466 3053 3056
f 3474 3056 3246
f 3254 3474 3246
f 3360 2207 3254
f 225 3360 288
f 289 288 866
f 2447 866 879
f 879 878 2447
f 3287 880 3268
f 2447 878 2368
f 3657 2368 3286
f 3657 3286 2225
f 3287 3268 3289
f 3289 3268 4303
f 3289 4303 3549
f 3425 2225 1137
f 1136 3425 1137
f 1138 3379 1992
f 1992 3379 3546
f 2801 1992 3546
f 3276 1992 2801
f 2801 4267 3276
f 3425 1136 3284
f 4267 1149 3276
f 1149 4267 4368
f 1149 4368 3945
f 4368 4267 3945
f 3945 4267 3487
f 3425 3284 1151
f 1150 1149 3945
f 1150 3945 3543
f 1627 1151 3767
f 1210 1209 3767
f 3771 1209 1287
f 3771 1287 3395
f 1286 2198 3382
f 3352 3395 2197
f 3352 2197 1445
f 1444 3647 1445
f 1196 3443 1444
f 3443 2287 3465
f 2288 2287 2251
f 1197 2249 1195
f 2249 3399 3625
f 2250 2275 2251
f 3434 3802 2275
f 3434 1686 1723
f 1685 1723 1686
f 1858 2316 1685
f 443 1858 3406
f 443 3406 444
f 3168 442 444
f 2895 2298 3524
f 1892 3168 3159
f 3159 2894 1294
f 3160 1294 1592
f 580 3160 1592
f 580 1592 1591
f 580 1591 3342
f 1295 3413 1296
f 1591 2212 923
f 851 3244 3343
f 3343 3244 3740
f 3244 3356 3740
f 1591 923 3342
f 580 3342 3516
f 578 2169 620
f 3383 579 578
f 1437 579 3383
f 3160 580 3381
f 734 3381 735
f 764 735 1379
f 1379 1378 1933
f 1378 1438 1933
f 1437 1380 579
f 1437 3383 3426
f 3421 3272 1438
f 835 834 3426
f 3421 2231 3272
f 2160 977 2231
f 8 2160 3666
f 2232 834 1124
f 8 3666 1791
f 3361 3086 1791
f 3361 933 3086
f 3362 1124 934
f 933 392 349
f 392 1372 391
f 836 621 934
f 1372 3353 391
f 621 2170 3365
f 2095 2097 3365
f 1867 3353 2113
f 2112 2097 2096
f 2113 3646 3307
f 3343 3740 2112
f 3307 3646 3357
f 3740 3356 3355
f 1330 3357 3528
f 1328 1330 3439
f 3739 3201 3439
f 3322 3739 706
f 705 704 3527
f 706 2377 3322
f 3523 705 3527
f 3527 2976 3523
f 2377 674 3803
f 142 3803 674
f 3803 142 141
f 3803 141 3553
f 3553 3374 1965
f 1027 140 3464
f 3464 182 1027
f 1110 182 181
f 511 1110 2854
f 3477 1025 747
f 3477 1026 1025
f 3374 1026 3483
f 3255 3483 3055
f 3055 2682 3259
f 2818 2981 2680
f 3700 2682 2681
f 2680 305 307
f 2681 3059 3700
f 307 3058 3057
f 3059 3239 227
f 3239 3240 285
f 3542 285 3240
f 3540 3058 2781
f 3542 3541 1223
f 3541 3133 1223
f 2781 2783 3540
f 1224 3133 1235
f 3037 2866 2783
f 2865 3295 1235
f 2865 2864 3651
f 3037 3258 2866
f 2864 3536 3651
f 3258 2958 2850
f 3536 3054 610
f 2850 2852 3082
f 3054 628 630
f 3579 3082 2852
f 3579 3692 3478
f 3692 1193 3478
f 3478 1193 1172
f 1172 3412 3478
f 1236 3692 3579
f 2603 3478 3412
f 3479 629 628
f 1304 3245 629
f 1304 1252 3245
f 1254 1285 1252
f 1285 1284 867
f 1283 1253 1331
f 2608 867 1284
f 2608 3269 3241
f 1253 3571 1331
f 3268 3241 3269
f 2603 3412 3571
f 3563 4303 3268
f 4303 3563 3449
f 3563 2583 3449
f 3412 1172 1215
f 1170 1172 1193
f 3692 1236 1193
f 2766 1194 2587
f 1236 3579 3283
f 3281 3282 3283
f 2948 3282 2018
f 2948 1611 3461
f 3405 3455 2587
f 2766 2587 3455
f 3409 1194 2766
f 3030 2765 3029
f 3030 3029 4617
f 2609 3030 4617
f 3409 3554 1171
f 3032 2583 3554
f 3031 3030 2609
f 4218 3031 2609
f 3449 2583 3032
f 3492 3031 4218
f 3549 4303 3449
f 3289 3549 3494
f 3493 3492 4218
f 3493 4218 3290
f 3290 4218 2897
f 3379 3494 3546
f 3290 3042 3493
f 2605 3042 3290
f 2801 3546 2802
f 4267 2801 3487
f 3044 2803 2467
f 3945 3487 3043
f 2478 3045 3485
f 2478 3485 3306
f 3043 3543 3945
f 3543 3402 1150
f 1211 3402 1286
f 2479 2478 3306
f 2198 1286 3537
f 2199 2198 2908
f 2199 2908 3533
f 3398 2199 3533
f 3625 3398 2514
f 3625 2514 2513
f 2520 2515 336
f 2520 336 335
f 2520 335 4096
f 4103 4096 335
f 2176 4096 4103
f 2919 4096 2176
f 2519 3435 2513
f 2519 1704 1687
f 2919 2520 4096
f 2297 1703 1704
f 2298 2297 3524
f 3524 2896 2895
f 3413 2896 3408
f 3408 3520 2213
f 2163 849 3520
f 3319 2175 2161
f 2919 2176 2175
f 2176 4103 316
f 317 316 4103
f 2165 2162 2177
f 2165 2163 2162
f 2163 2172 850
f 2142 3510 2164
f 2654 2172 3334
f 2654 3334 3257
f 3257 3334 2130
f 4214 2130 2129
f 4214 2129 2434
f 2434 2433 4214
f 4214 2433 3640
f 2433 3639 3640
f 3933 3640 3639
f 3102 3933 3639
f 3639 2435 3102
f 2435 3101 3102
f 2435 4622 3101
f 4622 3930 3101
f 3930 3285 3101
f 3929 3285 3930
f 3930 3001 3929
f 3001 3000 3929
f 4408 3929 3000
f 3000 4290 4408
f 4408 4290 3560
f 4408 3560 3559
f 3559 3560 3561
f 3561 3938 3559
f 3938 4045 3559
f 3559 4045 3929
f 4045 3938 3109
f 3285 4045 3109
f 3109 3938 3110
f 3109 3110 2710
f 3109 2710 2647
f 2711 2710 3110
f 3110 4057 2711
f 4056 2711 4057
f 4057 4437 4056
f 4437 4341 4056
f 4056 4341 4307
f 3975 4056 4307
f 4307 4054 3975
f 3975 4054 4055
f 3975 4055 3974
f 3974 3137 3975
f 3137 3974 2986
f 3137 2986 1834
f 3971 2986 3974
f 2987 2986 3971
f 1826 2987 3971
f 1837 1826 3971
f 1837 3971 3983
f 1837 3983 3984
f 3984 3983 3916
f 3916 3583 3984
f 3583 3301 3984
f 3916 3584 3583
f 3583 3584 3305
f 3916 3918 3584
f 3584 3918 1864
f 3916 3917 3918
f 3918 3917 1873
f 3917 4632 1873
f 4632 3141 1873
f 1873 3141 3142
f 1873 3142 3915
f 3915 3142 3078
f 3915 3078 3924
f 2792 3915 3924
f 3924 4400 2792
f 4591 2792 4400
f 4400 2748 4591
f 4400 3924 3329
f 3924 3078 3923
f 3923 3332 3924
f 3332 3923 4019
f 4019 3923 3172
f 4019 3172 3171
f 3171 3172 2591
f 2592 2591 3172
f 3172 4016 2592
f 2592 4016 2593
f 4016 2979 2593
f 2979 4016 4032
f 2980 2979 4032
f 4032 3992 2980
f 2665 2980 3992
f 3992 3590 2665
f 2666 2665 3590
f 3590 3591 2666
f 2667 2666 3591
f 3591 3879 2667
f 3879 2541 2667
f 2541 3879 3186
f 3879 4642 3186
f 3186 4642 3184
f 3184 3185 3186
f 3185 3184 4125
f 4125 3883 3185
f 3883 4125 3884
f 2641 3883 3884
f 2641 2348 3883
f 2348 2370 3883
f 3883 2370 3354
f 2965 3884 4125
f 4125 4067 2965
f 4067 4125 3184
f 3184 3213 4067
f 3213 3212 4067
f 4067 3212 2639
f 3211 3212 3213
f 3211 3213 4610
f 4063 3211 4610
f 4063 4610 4064
f 2971 4063 4064
f 2971 4064 4073
f 2972 2971 4073
f 4073 2859 2972
f 2970 2972 2859
f 2970 2859 3605
f 3604 2970 3605
f 3603 3604 3605
f 3603 3605 3224
f 3080 3603 3224
f 3080 3224 3223
f 3080 3223 3923
f 3923 3223 4032
f 3223 3222 4032
f 3222 3223 3224
f 3224 2861 3222
f 3222 2861 3992
f 3603 3080 4007
f 4007 4005 3603
f 4003 4005 4007
f 4007 4646 4003
f 3142 4003 4646
f 3142 4646 3079
f 4646 4007 3079
f 4003 4004 4005
f 4004 4314 4005
f 4314 4631 4005
f 4005 4631 4346
f 4005 4346 3604
f 4545 3604 4346
f 4346 4546 4545
f 2971 4545 4546
f 4545 2971 2970
f 4346 4633 4546
f 4633 3675 4546
f 4348 4546 3675
f 3675 1748 4348
f 1748 1750 4348
f 4348 1750 4548
f 4348 4548 4063
f 1750 3212 4548
f 1748 3675 3676
f 3676 3072 1748
f 1749 1748 3072
f 3072 3071 1749
f 4535 1749 3071
f 3073 4535 3071
f 4324 4535 3073
f 4316 4324 3073
f 3073 3681 4316
f 3680 4316 3681
f 3680 3681 3682
f 3680 3682 4314
f 4537 3680 4314
f 3462 4537 4314
f 3462 4314 3463
f 3292 3462 3463
f 3463 3293 3292
f 3291 3292 3293
f 2827 3291 3293
f 3293 4178 2827
f 2825 2827 4178
f 4178 3760 2825
f 4171 2825 3760
f 3760 3762 4171
f 4054 4171 3762
f 3759 4054 3762
f 4054 3759 4632
f 3762 3760 3759
f 3759 3760 3141
f 2825 4171 3065
f 3686 2825 3065
f 3065 3064 3686
f 2826 3686 3064
f 3064 4194 2826
f 2826 4194 4333
f 2826 4333 2827
f 4193 4333 4194
f 4191 4193 4194
f 4191 4192 4193
f 4193 4192 4612
f 3689 4193 4612
f 3689 4612 3687
f 3687 3688 3689
f 3689 3688 4145
f 3689 4145 3052
f 3689 3052 3051
f 3482 3689 3051
f 3481 3482 3051
f 3481 3051 3050
f 3050 4382 3481
f 4381 3481 4382
f 4380 4381 4382
f 4382 4461 4380
f 4380 4461 4557
f 4380 4557 2563
f 2563 4658 4380
f 4658 2597 4380
f 4388 4380 2597
f 2597 4386 4388
f 4386 4387 4388
f 4387 4381 4388
f 4387 3693 4381
f 3693 4387 4566
f 4566 3694 3693
f 3482 3693 3694
f 3482 3694 4255
f 4193 3482 4255
f 4351 4255 3694
f 4505 4351 3694
f 4351 4505 3291
f 3291 4333 4351
f 3291 4505 3705
f 3705 4505 4513
f 3705 4513 1302
f 3704 3705 1302
f 1302 1301 3704
f 3507 3704 1301
f 1301 4554 3507
f 4554 3508 3507
f 3507 3508 3509
f 3507 3509 4625
f 3680 3507 4625
f 4316 4625 3509
f 4316 3509 4317
f 4317 3509 4370
f 4370 4538 4317
f 4322 4317 4538
f 2584 4322 4538
f 3039 2584 4538
f 2584 3711 4322
f 3711 4323 4322
f 4322 4323 4324
f 3711 3712 4323
f 4323 3712 4540
f 4323 4540 4535
f 2590 4540 3712
f 3711 2886 3712
f 4317 4322 4324
f 4370 3039 4538
f 3040 3039 4370
f 4197 3040 4370
f 4370 3508 4197
f 3715 4197 3508
f 4645 3715 3508
f 3716 3715 4645
f 3716 4645 4554
f 3715 3716 3717
f 3717 3716 4375
f 3717 4375 2614
f 2614 3532 3717
f 3717 3532 4197
f 3038 3532 2614
f 3038 2614 4204
f 4204 3645 3038
f 3039 3038 3645
f 3039 3645 2438
f 2438 3645 4497
f 1260 2438 4497
f 1258 1260 4497
f 4497 4498 1258
f 4498 4502 1258
f 4502 3367 1258
f 1258 3367 1259
f 1259 3367 2557
f 1259 2557 2439
f 1239 2557 3367
f 1240 1239 3367
f 3367 1277 1240
f 1277 1276 1240
f 1240 1276 4299
f 1240 4299 1241
f 1241 4299 3648
f 3649 1241 3648
f 3648 430 3649
f 430 432 3649
f 432 4302 3649
f 3649 4302 2937
f 4302 2938 2937
f 432 431 4302
f 303 430 3648
f 303 3648 304
f 2558 1241 3649
f 2558 1239 1241
f 304 3648 4299
f 3655 304 4299
f 304 3655 302
f 3654 302 3655
f 3654 3655 3656
f 4175 3654 3656
f 3656 1276 4175
f 4175 1276 1278
f 4175 1278 4187
f 4176 4175 4187
f 4187 2577 4176
f 2134 4176 2577
f 2776 2134 2577
f 2776 2577 2576
f 2576 2423 2776
f 2774 2776 2423
f 2774 2423 3660
f 2774 3660 3659
f 3659 2494 2774
f 2494 3503 2774
f 2774 3503 2775
f 3658 2494 3659
f 3658 3659 3660
f 3660 4493 3658
f 2434 3658 4493
f 4493 2435 2434
f 2999 4493 3660
f 2999 3660 4239
f 4239 3035 2999
f 2999 3035 3000
f 3035 3036 3000
f 3000 3036 3948
f 3036 3949 3948
f 3948 3949 3119
f 4290 3948 3119
f 3121 4290 3119
f 3119 3120 3121
f 3121 3120 2962
f 3121 2962 4577
f 4577 3947 3121
f 3121 3947 3560
f 3560 3947 3961
f 3961 3947 4294
f 3961 4294 4295
f 3561 3961 4295
f 3415 3561 4295
f 3416 3415 4295
f 3415 3416 3027
f 3027 2344 3415
f 3729 3415 2344
f 3729 2344 3730
f 3729 3730 3110
f 3730 2344 3665
f 4437 3730 3665
f 2344 3664 3665
f 3733 3665 3664
f 3664 2343 3733
f 2343 3734 3733
f 3733 3734 3735
f 4341 3733 3735
f 3735 3734 4516
f 4516 3669 3735
f 3669 3668 3735
f 3982 3735 3668
f 3982 3668 3670
f 3982 3670 4171
f 4307 3982 4171
f 3982 4307 3735
f 3668 3669 3670
f 3670 3669 4533
f 3670 4533 3065
f 4533 3066 3065
f 4533 4534 3066
f 4313 3066 4534
f 2152 4313 4534
f 2152 4312 4313
f 3447 4313 4312
f 4312 4364 3447
f 4364 3448 3447
f 3446 3447 3448
f 3448 2545 3446
f 2545 4521 3446
f 4521 4282 3446
f 3446 4282 4283
f 3446 4283 3672
f 3066 3446 3672
f 3064 3066 3672
f 3672 4520 3064
f 3064 4520 4191
f 4520 4283 4191
f 4283 4520 3672
f 4282 4289 4283
f 4192 4283 4289
f 4282 4525 4289
f 4289 4525 3687
f 4524 4525 4282
f 4524 3688 4525
f 4524 4146 3688
f 4146 4524 4589
f 4146 4589 4144
f 4144 4145 4146
f 4145 4144 4223
f 4145 4223 4458
f 4145 4458 3606
f 3606 4458 4581
f 4160 3606 4581
f 4160 4581 4596
f 4160 4596 4158
f 4158 4159 4160
f 4159 4460 4160
f 4159 4461 4460
f 3050 4460 4461
f 3050 3606 4460
f 3050 3052 3606
f 2523 4159 4158
f 4158 4076 2523
f 2524 2523 4076
f 2524 4076 4447
f 4446 2524 4447
f 4445 4446 4447
f 4445 4447 4588
f 3610 4445 4588
f 3610 4588 2925
f 3610 2925 2924
f 4088 3610 2924
f 4088 2924 4449
f 3252 4088 4449
f 3252 4449 3253
f 3251 3252 3253
f 3251 3253 3497
f 3251 3497 3498
f 3498 3635 3251
f 4009 3251 3635
f 4009 3635 2510
f 2492 4009 2510
f 2492 2510 2512
f 2492 2512 4478
f 3827 2492 4478
f 3827 4478 3641
f 3641 3822 3827
f 2493 3827 3822
f 2493 3822 3823
f 4355 2493 3823
f 3823 3614 4355
f 2185 4355 3614
f 2185 3614 3615
f 2186 2185 3615
f 3615 3047 2186
f 2145 2186 3047
f 2145 3047 3049
f 2145 3049 4312
f 4312 3049 3048
f 3048 3616 4312
f 3617 3616 3048
f 3048 3047 3617
f 3552 3616 3617
f 3617 3615 3552
f 3552 2935 3616
f 2935 4364 3616
f 2935 3274 4364
f 2935 2934 3274
f 2934 4409 3274
f 3274 4409 4219
f 3274 4219 3448
f 3448 4219 2546
f 4485 2546 4219
f 4219 4435 4485
f 4435 4484 4485
f 4578 4485 4484
f 4578 4484 2744
f 2744 4224 4578
f 4223 4578 4224
f 4223 4224 4225
f 4224 4490 4225
f 4225 4490 3622
f 4225 3622 3621
f 3621 4458 4225
f 3620 3621 3622
f 3622 2528 3620
f 3943 3620 2528
f 3943 2528 2530
f 2530 4469 3943
f 4469 4412 3943
f 4411 3943 4412
f 4411 4412 3981
f 3628 4411 3981
f 3628 3981 3629
f 3498 3628 3629
f 4181 3498 3629
f 4181 3629 4420
f 4420 3300 4181
f 3299 4181 3300
f 3298 3299 3300
f 3298 3300 4586
f 3298 4586 4061
f 2754 3298 4061
f 4061 4098 2754
f 2755 2754 4098
f 2755 4098 4444
f 2755 4444 3192
f 4108 2755 3192
f 4108 3192 4580
f 4580 4479 4108
f 2512 4108 4479
f 2512 4107 4108
f 2511 4107 2512
f 2756 4107 2511
f 2511 3634 2756
f 3298 2756 3634
f 3634 2511 3635
f 4208 3634 3635
f 3635 4181 4208
f 3299 3634 4208
f 4107 2756 2755
f 4479 4580 4480
f 4478 4479 4480
f 4480 3642 4478
f 4480 3002 3642
f 3642 3002 3026
f 3026 3641 3642
f 3328 3641 3026
f 3004 3328 3026
f 3328 3004 4481
f 3328 4481 3326
f 3326 3327 3328
f 3327 3326 3551
f 3551 3823 3327
f 3550 3823 3551
f 3550 3551 3552
f 3552 3614 3550
f 4403 3551 3326
f 3326 4404 4403
f 4403 4404 3937
f 3937 2933 4403
f 4403 2933 2935
f 3937 3117 2933
f 3117 2934 2933
f 4404 3117 3937
f 4404 2709 3117
f 2709 3116 3117
f 4409 3117 3116
f 4409 3116 4042
f 4042 4435 4409
f 3116 4041 4042
f 2745 4042 4041
f 4041 3557 2745
f 2745 3557 3558
f 4053 2745 3558
f 4053 3558 4196
f 4196 2530 4053
f 2529 4053 2530
f 2746 4053 2529
f 2746 2529 4490
f 2529 2528 4490
f 4438 4196 3558
f 3558 4439 4438
f 4438 4439 3969
f 4438 3969 3979
f 3576 3979 3969
f 3969 3574 3576
f 3574 3575 3576
f 3576 3575 3151
f 3151 4419 3576
f 4418 3576 4419
f 4418 4419 4420
f 4420 3980 4418
f 3980 3979 4418
f 3979 3980 3981
f 4196 3979 3981
f 3981 4469 4196
f 1879 4419 3151
f 1880 1879 3151
f 3151 4425 1880
f 1880 4425 3914
f 3595 1880 3914
f 3595 3914 1841
f 1841 1840 3595
f 3578 3595 1840
f 1840 1849 3578
f 1849 1851 3578
f 4397 3578 1851
f 3922 4397 1851
f 3922 1851 1847
f 3922 1847 1846
f 4410 3922 1846
f 4410 1846 4474
f 4410 4474 4401
f 4135 4410 4401
f 4401 4012 4135
f 3786 4135 4012
f 3368 3786 4012
f 3368 4012 3369
f 3368 3369 2799
f 3368 2799 4257
f 3368 4257 4269
f 4027 4269 4257
f 4027 4257 2726
f 4027 2726 2727
f 4027 2727 4028
f 3194 4027 4028
f 4028 3601 3194
f 3194 3601 4579
f 3194 4579 3192
f 3192 3193 3194
f 3193 3784 3194
f 4269 3194 3784
f 3784 3786 4269
f 3784 3785 3786
f 3785 3587 3786
f 3587 3589 3786
f 3587 3588 3589
f 3231 3589 3588
f 3588 4098 3231
f 3589 3231 3233
f 3589 3233 3791
f 3791 4135 3589
f 4595 3791 3233
f 3233 4276 4595
f 4595 4276 4397
f 3233 3232 4276
f 4275 4276 3232
f 3596 4275 3232
f 3232 4061 3596
f 4061 3597 3596
f 3595 3596 3597
f 4061 4585 3597
f 1878 3597 4585
f 4585 4423 1878
f 1878 4423 1879
f 4423 4585 4586
f 3597 1878 1880
f 3232 3231 4061
f 4275 3596 3578
f 4276 4275 3578
f 3922 3791 4595
f 3231 3232 3233
f 3588 3587 4444
f 4444 3587 3785
f 3784 3193 3785
f 3192 3785 3193
f 4579 3601 3600
f 4579 3600 4580
f 3599 3600 3601
f 3599 3601 4428
f 4428 4429 3599
f 3599 4429 3999
f 3599 3999 4001
f 3999 4000 4001
f 4001 4000 4432
f 4001 4432 4431
f 4480 4001 4431
f 3600 4001 4480
f 4430 4431 4432
f 4432 4636 4430
f 4637 4430 4636
f 4636 4635 4637
f 4637 4635 4670
f 4637 4670 3557
f 3557 4670 4439
f 4670 4634 4439
f 4634 4670 4635
f 4634 4635 4609
f 4417 4634 4609
f 4417 4609 2814
f 2814 4644 4417
f 4417 4644 3575
f 2689 3575 4644
f 2690 2689 4644
f 4644 2763 2690
f 2762 2690 2763
f 2762 2763 4624
f 4624 3060 2762
f 2762 3060 4620
f 2762 4620 4619
f 2762 4619 2688
f 2688 4619 4425
f 4425 4619 1841
f 1841 4619 2779
f 1842 1841 2779
f 2779 2780 1842
f 4621 1842 2780
f 4621 2780 3061
f 3061 3034 4621
f 2946 4621 3034
f 3033 2946 3034
f 2946 3033 2947
f 2946 2947 2664
f 2664 4468 2946
f 4468 2664 2663
f 2663 4467 4468
f 4621 4468 4467
f 4466 4467 2663
f 1850 4466 2663
f 1850 2663 2036
f 1851 1850 2036
f 2036 2663 2025
f 2024 2036 2025
f 2024 2025 2026
f 2026 2033 2024
f 1847 2024 2033
f 1845 1847 2033
f 1845 2033 2034
f 1845 2034 4630
f 1845 4630 4473
f 4474 1845 4473
f 4473 4413 4474
f 4474 4413 3369
f 4413 4473 4471
f 4471 4472 4413
f 4472 2800 4413
f 2800 2799 4413
f 2799 2800 2726
f 2800 4665 2726
f 2726 4665 2044
f 4665 2653 2044
f 2653 2045 2044
f 2044 2045 2046
f 2044 2046 4638
f 2044 4638 2727
f 2727 4638 4649
f 4638 3075 4649
f 4649 3075 3077
f 4649 3077 4414
f 4649 4414 4028
f 4648 4414 3077
f 3077 4647 4648
f 4648 4647 4429
f 4647 4641 4429
f 4429 4641 4608
f 4608 4641 4640
f 4608 4640 2813
f 4608 2813 2812
f 3999 4608 2812
f 2812 2813 2814
f 2813 4640 4644
f 4640 4641 2763
f 4647 4666 4641
f 4624 4641 4666
f 3076 4666 4647
f 2833 4666 3076
f 3076 4638 2833
f 4638 4639 2833
f 4639 2834 2833
f 2832 2833 2834
f 2832 2834 4613
f 4613 3033 2832
f 2863 2832 3033
f 3033 3061 2863
f 3060 2863 3061
f 4666 2863 3060
f 4613 2834 4629
f 4628 4613 4629
f 4629 4673 4628
f 4698 4628 4673
f 4669 4698 4673
f 4669 4673 4627
f 2652 4669 4627
f 2652 4627 2045
f 4669 2652 4473
f 4674 4627 4673
f 4674 2046 4627
f 4639 2046 4674
f 4630 4698 4669
f 4630 2848 4698
f 2848 2847 4698
f 2846 2847 2848
f 4611 2846 2848
f 4611 2033 2846
f 2846 2947 2847
f 4613 2847 2947
f 4630 4611 2848
f 4698 2847 4628
f 4673 4629 4674
f 4613 4628 2847
f 4674 4629 2834
f 2832 2863 2833
f 4674 2834 4639
f 4666 2833 2863
f 4647 3077 3076
f 4428 4414 4648
f 3075 3076 3077
f 3075 4638 3076
f 2046 4639 4638
f 2046 2045 4627
f 2652 2045 2653
f 4471 2652 2653
f 4471 2653 4665
f 4472 4665 2800
f 4472 4471 4665
f 4473 2652 4471
f 4473 4630 4669
f 2034 4611 4630
f 2034 2033 4611
f 2033 2026 2846
f 2026 2664 2846
f 2664 2026 2025
f 2024 1847 2036
f 1850 4710 4466
f 4710 1850 1849
f 4710 4467 4466
f 4710 1842 4467
f 1840 1842 4710
f 2025 2663 2664
f 2947 2846 2664
f 2947 3033 4613
f 2946 4468 4621
f 3033 3034 3061
f 3060 3061 2780
f 4467 1842 4621
f 4620 2780 2779
f 2779 4619 4620
f 3060 2780 4620
f 4666 3060 4624
f 2763 4641 4624
f 2762 2688 2690
f 4644 4640 2763
f 2688 2689 2690
f 2689 2688 3575
f 2813 4644 2814
f 2812 2814 4609
f 2812 4609 4000
f 4634 4417 3574
f 4636 4609 4635
f 4637 4616 4430
f 4616 4615 4430
f 4430 4615 3003
f 3004 3003 4615
f 3002 3003 3004
f 3003 3002 4431
f 4615 4616 4664
f 4615 4664 4481
f 4481 4664 2707
f 4481 2707 4404
f 4664 2708 2707
f 2707 2708 2709
f 4664 4041 2708
f 4041 4664 4616
f 4616 4637 4041
f 4432 4609 4636
f 4430 3003 4431
f 4000 4609 4432
f 3999 2812 4000
f 4429 4608 3999
f 4648 4429 4428
f 4428 3601 4414
f 3600 3599 4001
f 4414 3601 4028
f 4028 2727 4649
f 2726 2044 2727
f 4269 4027 3194
f 2799 2726 4257
f 2799 3369 4413
f 3368 4269 3786
f 3589 4135 3786
f 3369 4012 4401
f 4135 3791 4410
f 4474 3369 4401
f 1845 4474 1846
f 3922 4410 3791
f 1845 1846 1847
f 2036 1847 1851
f 3922 4595 4397
f 4276 3578 4397
f 1849 1850 1851
f 1849 1840 4710
f 3596 3595 3578
f 1840 1841 1842
f 1880 3595 3597
f 3914 4425 1841
f 3151 2688 4425
f 1878 1879 1880
f 4419 1879 4423
f 3300 4419 4423
f 3575 2688 3151
f 3575 3574 4417
f 3574 3969 4634
f 3576 4418 3979
f 4439 4634 3969
f 4438 3979 4196
f 2745 4053 2746
f 2744 2745 2746
f 3557 4439 3558
f 4637 3557 4041
f 2745 2744 4042
f 2708 4041 3116
f 3116 2709 2708
f 4404 2707 2709
f 4403 2935 3551
f 4404 3326 4481
f 3004 4615 4481
f 3327 3641 3328
f 3004 3026 3002
f 4480 4431 3002
f 4580 3600 4480
f 4580 3192 4579
f 4107 2755 4108
f 3192 4444 3785
f 4444 4098 3588
f 2754 2755 2756
f 4098 4061 3231
f 2754 2756 3298
f 4061 4586 4585
f 4586 3300 4423
f 3634 3299 3298
f 4208 4181 3299
f 3300 4420 4419
f 3980 4420 3629
f 3498 3253 3628
f 3629 3981 3980
f 3253 4411 3628
f 3253 4597 4411
f 4597 3943 4411
f 4597 4661 3943
f 4661 4597 4742
f 4661 4742 2926
f 2926 4590 4661
f 4661 4590 3620
f 2925 4590 2926
f 2925 4659 4590
f 4659 4596 4590
f 4590 4596 3621
f 4449 2926 4742
f 4742 4597 4449
f 4412 4469 3981
f 2530 4196 4469
f 2528 2529 2530
f 4661 3620 3943
f 4590 3621 3620
f 4490 2528 3622
f 4224 2746 4490
f 2746 4224 2744
f 4484 4042 2744
f 4578 2544 4485
f 4589 2544 4578
f 2545 2544 4589
f 2544 2545 2546
f 4042 4484 4435
f 4485 2544 2546
f 4409 4435 4219
f 3117 4409 2934
f 2933 2934 2935
f 3551 2935 3552
f 3047 3048 3049
f 2145 4553 2186
f 2186 4553 2184
f 2471 2184 4553
f 2471 4553 2144
f 2144 2150 2471
f 4504 2471 2150
f 4504 2150 2149
f 4504 2149 2353
f 2342 4504 2353
f 2342 2353 2343
f 2342 2343 2344
f 2342 2351 4504
f 4504 2351 2472
f 2350 2472 2351
f 2350 2351 2352
f 2350 2352 4446
f 2352 2522 4446
f 2352 4559 2522
f 4559 4560 2522
f 4560 4558 2522
f 2522 4558 2523
f 4557 2523 4558
f 4560 2561 4558
f 2563 4558 2561
f 2561 2562 2563
f 2561 4749 2562
f 2901 2562 4749
f 2363 2901 4749
f 2361 2363 4749
f 2361 2362 2363
f 2574 2363 2362
f 2574 2362 4607
f 4607 4294 2574
f 4294 4607 4751
f 3416 4294 4751
f 3416 4751 4662
f 4606 3416 4662
f 4606 4662 2352
f 2352 2342 4606
f 3027 4606 2342
f 4607 4662 4751
f 4662 4607 4756
f 4662 4756 4559
f 4756 4576 4559
f 4607 4576 4756
f 4576 4607 2362
f 2574 2575 2363
f 4601 2363 2575
f 4601 2575 2964
f 2964 2632 4601
f 2632 2902 4601
f 2902 2632 4653
f 4653 4600 2902
f 2902 4600 2901
f 4600 2597 2901
f 2597 4600 2598
f 2597 2598 2599
f 2598 2954 2599
f 2599 2954 4386
f 4573 4386 2954
f 2455 4573 2954
f 2953 2455 2954
f 2456 2455 2953
f 2953 4594 2456
f 4594 2616 2456
f 2456 2616 2615
f 2615 2454 2456
f 4375 2454 2615
f 2454 4375 4593
f 2454 4593 2455
f 4592 2455 4593
f 4593 4513 4592
f 4513 4675 4592
f 4573 4592 4675
f 4566 4573 4675
f 4675 4505 4566
f 4593 1303 4513
f 1303 4593 4375
f 2614 2615 2616
f 4594 4204 2616
f 4605 4204 4594
f 4594 4653 4605
f 2598 4653 4594
f 4605 4497 4204
f 4604 4497 4605
f 4605 2632 4604
f 4603 4604 2632
f 2414 4603 2632
f 2631 2414 2632
f 2963 2631 2632
f 3120 2631 2963
f 2963 4767 3120
f 4767 2963 2962
f 2962 2963 2964
f 3120 2414 2631
f 2414 3120 4623
f 4623 2412 2414
f 2412 2413 2414
f 4652 2413 2412
f 2412 4651 4652
f 4651 2883 4652
f 4582 4652 2883
f 2883 4572 4582
f 4582 4572 4502
f 4572 1278 4502
f 1278 1277 4502
f 2578 1278 4572
f 2883 2578 4572
f 2883 2576 2578
f 2424 2883 4651
f 4651 4770 2424
f 4771 2424 4770
f 4771 4770 3036
f 2425 4771 3036
f 2425 2424 4771
f 2423 2424 2425
f 4239 2423 2425
f 2883 2424 2423
f 4651 2412 4770
f 2413 4652 4582
f 4582 4583 2413
f 4583 4498 2413
f 2413 4498 4603
f 4582 4498 4583
f 2412 4623 4770
f 3949 4770 4623
f 2413 4603 2414
f 4498 4604 4603
f 2953 2598 4594
f 2454 2455 2456
f 2455 4592 4573
f 2953 2954 2598
f 4600 4653 2598
f 2632 4605 4653
f 2963 2632 2964
f 2575 4577 2964
f 4601 2902 2363
f 4577 2575 2574
f 2362 2361 4576
f 4576 2361 2561
f 2901 2363 2902
f 2562 2901 2597
f 4749 2561 2361
f 4576 2561 4560
f 4559 4576 4560
f 4662 4559 2352
f 2350 2470 2472
f 2470 2471 2472
f 2471 2470 4515
f 2470 4512 4515
f 4515 4512 4584
f 4515 4584 4507
f 4507 4571 4515
f 4515 4571 4570
f 4515 4570 2184
f 2184 4570 2185
f 4571 4355 4570
f 4571 4509 4355
f 4571 4506 4509
f 4509 4506 2491
f 2491 2493 4509
f 2491 2492 2493
f 3251 2491 4506
f 4506 4571 4507
f 3252 4506 4507
f 4507 4584 4088
f 4512 4445 4584
f 2350 4445 4512
f 4512 2470 2350
f 2342 2352 2351
f 2149 3734 2353
f 2471 4504 2472
f 2144 2149 2150
f 2149 2144 4516
f 4516 2144 2146
f 2146 2153 4516
f 2146 2152 2153
f 4533 2153 2152
f 2146 2145 2152
f 2144 2145 2146
f 4515 2184 2471
f 2145 2144 4553
f 3615 3617 3047
f 2184 2185 2186
f 3615 3614 3552
f 4570 4355 2185
f 3614 3823 3550
f 4355 4509 2493
f 3823 3822 3327
f 3822 3641 3327
f 4478 3642 3641
f 2493 2492 3827
f 4478 2512 4479
f 2510 2511 2512
f 2491 4009 2492
f 3635 2511 2510
f 3251 4009 2491
f 3635 3498 4181
f 3497 3253 3498
f 4506 3252 3251
f 3253 4449 4597
f 4507 4088 3252
f 4449 2924 2926
f 4584 3610 4088
f 2924 2925 2926
f 4588 4659 2925
f 4584 4445 3610
f 4588 4447 4659
f 2350 4446 4445
f 4446 2522 2524
f 4447 4076 4659
f 2522 2523 2524
f 4076 4158 4659
f 2523 4557 4159
f 4659 4158 4596
f 4596 4581 3621
f 4460 3606 4160
f 4458 3621 4581
f 4223 4225 4458
f 4578 4223 4144
f 4578 4144 4589
f 4521 4589 4524
f 4282 4521 4524
f 2545 4589 4521
f 3448 2546 2545
f 3447 3446 3066
f 3448 4364 3274
f 3616 4364 4312
f 2152 2145 4312
f 4313 3447 3066
f 2152 4534 4533
f 2153 4533 3669
f 2153 3669 4516
f 4516 3734 2149
f 2343 2353 3734
f 3665 3733 4341
f 3664 2344 2343
f 3938 3415 3729
f 2342 2344 3027
f 3027 3416 4606
f 4295 4294 3416
f 3947 2574 4294
f 3947 4577 2574
f 4577 2962 2964
f 3120 4767 2962
f 3119 4623 3120
f 3949 4623 3119
f 3036 4770 3949
f 3035 2425 3036
f 4239 2425 3035
f 4493 2999 4622
f 3001 4622 2999
f 2423 4239 3660
f 2774 2775 2776
f 2423 2576 2883
f 2576 2577 2578
f 2775 2134 2776
f 2577 4187 2578
f 3496 4175 4176
f 1278 2578 4187
f 3654 4175 2139
f 3654 2139 3976
f 3656 3655 1276
f 3976 302 3654
f 3655 4299 1276
f 1276 1277 1278
f 1239 1240 1241
f 1277 3367 4502
f 4582 4502 4498
f 4498 4497 4604
f 1258 1259 1260
f 2438 1260 1259
f 3645 4204 4497
f 4204 2614 2616
f 3532 3038 3040
f 2615 2614 4375
f 1303 4375 3716
f 3716 1301 1303
f 3717 4197 3715
f 3532 3040 4197
f 3038 3039 3040
f 3508 4370 3509
f 4645 3508 4554
f 4554 1301 3716
f 3507 3462 3704
f 1301 1302 1303
f 3292 3705 3704
f 4513 1303 1302
f 4513 4505 4675
f 4333 4255 4351
f 3694 4566 4505
f 4573 4566 4387
f 4573 4387 4386
f 4386 2597 2599
f 2597 4658 2562
f 2562 4658 2563
f 4558 2563 4557
f 4557 4461 4159
f 4380 4388 4381
f 4381 3693 3481
f 4382 3050 4461
f 3482 3481 3693
f 3050 3051 3052
f 3606 3052 4145
f 4146 4145 3688
f 3687 4525 3688
f 4612 4289 3687
f 3482 4193 3689
f 4192 4289 4612
f 4283 4192 4191
f 4255 4333 4193
f 3064 4191 4194
f 3064 3065 3066
f 3686 2826 2825
f 4171 3670 3065
f 3760 4178 3141
f 3141 4178 4003
f 2825 2826 2827
f 4004 4178 3293
f 2827 4333 3291
f 3292 3291 3705
f 3293 3463 4004
f 3462 3292 3704
f 3462 3507 4537
f 3507 3680 4537
f 4314 3682 4626
f 4626 3682 4633
f 3676 4633 3682
f 4625 4316 3680
f 3682 3681 3073
f 3682 3073 3072
f 4324 4316 4317
f 4535 4324 4323
f 4535 4540 1749
f 3071 3072 3073
f 3682 3072 3676
f 4546 4348 4063
f 4633 3676 3675
f 4346 4626 4633
f 4346 4631 4626
f 4314 4626 4631
f 3463 4314 4004
f 4003 4178 4004
f 3079 4007 3080
f 3078 3079 3080
f 2861 3224 3605
f 3604 3603 4005
f 3604 4545 2970
f 3605 2859 2861
f 2859 2860 2861
f 3590 2861 2860
f 2860 4073 3590
f 2859 4073 2860
f 2970 2971 2972
f 4546 4063 2971
f 4610 4073 4064
f 4073 4610 3591
f 3211 4063 4548
f 3213 4642 4610
f 3211 4548 3212
f 3213 3184 4642
f 4642 3879 4610
f 3591 4610 3879
f 3590 4073 3591
f 2665 2666 2667
f 2665 2667 3346
f 2540 3346 2667
f 3590 3992 2861
f 2980 2665 2955
f 2955 2665 2568
f 3992 4032 3222
f 2979 2980 2955
f 3344 2979 2955
f 3172 4032 4016
f 4032 3172 3923
f 3923 3078 3080
f 3142 3079 3078
f 3142 3141 4003
f 3141 4632 3759
f 4632 3917 4668
f 4668 4055 4632
f 4668 3916 4055
f 4055 3916 3971
f 3916 4668 3917
f 3983 3971 3916
f 2986 2987 2988
f 3971 3974 4055
f 4632 4055 4054
f 4307 4171 4054
f 4056 3975 3137
f 4341 3735 4307
f 3665 4341 4437
f 4437 4057 3730
f 2711 4056 3137
f 2648 2711 3137
f 4057 3110 3730
f 2710 2711 2648
f 3729 3110 3938
f 3415 3938 3561
f 3961 3561 3560
f 4290 3121 3560
f 3000 3948 4290
f 3929 4408 3559
f 2999 3000 3001
f 3285 3929 4045
f 3001 3930 4622
f 4493 4622 2435
f 3640 3933 3280
f 3640 3280 4663
f 3640 4663 3015
f 2130 3640 3015
f 3950 4663 3280
f 3950 3280 2705
f 3016 4663 3950
f 3950 3951 3016
f 3950 2841 3951
f 3639 2433 2435
f 2433 2434 2435
f 3658 2434 2129
f 3640 2130 4214
f 2494 3658 2129
f 2142 2131 2171
f 2494 2143 3503
f 2135 2775 3503
f 2133 2142 2164
f 2134 2775 2135
f 4176 2134 3496
f 2164 315 2133
f 315 316 317
f 3496 2139 4175
f 4103 335 317
f 2139 3495 3976
f 335 336 337
f 3495 302 3976
f 336 2405 337
f 302 303 304
f 2405 3535 2409
f 2870 2409 2907
f 430 303 3488
f 430 431 432
f 2484 2485 2870
f 2479 3306 2485
f 2938 4302 431
f 3306 3485 3486
f 3485 3045 3480
f 2459 2938 3484
f 2938 2459 2936
f 2460 3480 3044
f 2458 2936 2459
f 2929 2458 2468
f 2458 2929 2928
f 2460 3044 2467
f 2803 2604 2467
f 2606 2929 2468
f 2929 2606 3428
f 2606 3472 3428
f 2606 2759 3472
f 3042 2605 2604
f 2759 2606 2760
f 3290 2897 2605
f 2758 2759 2760
f 3473 2759 2758
f 2897 4218 2609
f 2609 4617 2610
f 2610 4617 2506
f 2758 2611 3473
f 2759 3473 3472
f 2501 2500 3025
f 2500 4618 3025
f 3025 4618 2622
f 2610 2506 2499
f 2500 2507 4618
f 2507 4667 4618
f 4618 4667 3438
f 4667 3444 3438
f 4617 3029 2506
f 2507 3470 4667
f 4667 3470 3445
f 2767 2912 3029
f 3470 2914 3445
f 2913 2912 3461
f 3466 2913 3457
f 3457 3456 3466
f 2914 3450 3445
f 4667 3445 3444
f 3442 2878 2416
f 3438 3444 3441
f 3438 2622 4618
f 1741 3437 2416
f 3025 2622 2621
f 2625 3025 2621
f 2501 3025 2625
f 3472 2501 3428
f 2929 3428 2927
f 2927 2928 2929
f 2458 2928 2553
f 2551 3424 3427
f 4587 2551 3427
f 3427 2448 4587
f 2815 4587 2448
f 4587 2815 2552
f 2551 4587 2552
f 2553 2936 2458
f 3420 2552 2815
f 2936 2937 2938
f 3649 2937 2558
f 2557 1239 2558
f 2815 2556 3420
f 2557 3414 2439
f 1259 2439 2438
f 2438 2449 3039
f 2815 2448 2440
f 3039 2449 2585
f 2586 2448 3427
f 2585 2584 3039
f 2886 3711 2584
f 2886 2590 3712
f 2885 2586 3407
f 2624 525 3407
f 2589 4540 2590
f 4540 2589 3401
f 523 524 525
f 524 1741 1742
f 1742 2421 3404
f 3403 3401 2589
f 3401 1749 4540
f 1748 1749 1750
f 3212 1750 2639
f 3404 2638 2637
f 2639 2965 4067
f 3454 3396 2638
f 3884 2965 3394
f 2877 2640 3396
f 3394 2641 3884
f 2640 2877 3388
f 3456 3384 3388
f 2942 2943 2944
f 3364 3384 2978
f 3364 2973 557
f 2364 2943 2942
f 2364 2348 2641
f 555 556 557
f 2268 555 3417
f 2348 2357 2370
f 2268 2270 2358
f 2269 2735 2270
f 3378 3371 3358
f 2735 3423 3375
f 3375 65 64
f 64 66 2336
f 2320 2336 2718
f 2321 2320 2720
f 2333 2321 1547
f 2332 2496 2322
f 3371 2496 3359
f 3371 3359 3358
f 3358 2537 3378
f 2536 2535 3366
f 2370 2537 2930
f 2536 3366 2539
f 2370 2930 3354
f 3354 3185 3883
f 2541 3186 3185
f 2541 2540 2667
f 2539 3366 3350
f 3346 2540 3349
f 3346 3349 3347
f 2568 2665 3346
f 2955 2568 2567
f 3344 2955 2567
f 3341 424 429
f 2593 2979 3344
f 2572 3341 429
f 2591 2592 2593
f 3171 2591 2716
f 2717 2571 428
f 2716 2715 3171
f 3332 4019 3171
f 3329 3924 3332
f 3325 3330 3010
f 2748 4400 3329
f 4591 2748 1861
f 1861 2792 4591
f 1874 3915 2792
f 1874 1873 3915
f 1864 3918 1873
f 1860 1859 2751
f 1864 3305 3584
f 3583 3305 3301
f 3984 3301 1838
f 1823 2697 1836
f 2840 2697 1823
f 1838 1837 3984
f 1827 1826 1837
f 2874 3294 1828
f 2874 1833 3294
f 1826 2988 2987
f 2988 1834 2986
f 1833 1832 3294
f 1834 2648 3137
f 2647 2710 2648
f 2644 2628 2627
f 3285 3109 2647
f 3101 3285 3102
f 3102 2969 3933
f 2626 2627 2628
f 3933 2969 3280
f 3280 3277 2705
f 2626 2873 3279
f 2873 1833 2874
f 2696 2874 1828
f 2698 3277 3273
f 2697 2696 1836
f 2705 3277 2698
f 2840 2706 2697
f 3950 2705 2841
f 2841 2431 3951
f 3951 2431 2430
f 3260 3951 2430
f 1823 1825 2840
f 2429 2430 2431
f 2430 3261 3260
f 3016 3951 3260
f 3015 4663 3016
f 2732 3017 2730
f 3015 3257 2130
f 2654 3257 2655
f 2882 2654 2661
f 2882 2661 2660
f 851 2660 3244
f 3242 3356 3244
f 2976 3527 3242
f 2974 2656 2975
f 2975 3250 3238
f 2976 3237 3523
f 675 3237 3234
f 3238 3230 3235
f 3234 3228 3469
f 2732 2738 3230
f 2889 2738 2737
f 2282 3228 3226
f 2888 2889 2737
f 3737 3226 3221
f 2854 3221 2855
f 2854 512 511
f 2888 2845 2853
f 2845 2995 2857
f 2137 510 512
f 2856 3499 2137
f 467 2856 465
f 2995 2994 2857
f 2994 1825 3209
f 2474 2475 465
f 2475 3207 3736
f 3198 3736 3207
f 3167 3736 3198
f 3198 4650 3167
f 1825 2900 3209
f 3202 3207 3205
f 1870 2900 1869
f 2784 1870 1863
f 2784 1863 1862
f 2753 1862 2751
f 2785 3202 3205
f 3207 3202 3198
f 3198 2788 4650
f 2752 2787 2753
f 3195 2787 2675
f 4650 2788 3169
f 3195 2675 2674
f 3318 3181 2675
f 3318 2789 3181
f 3181 2789 2820
f 2669 2670 2671
f 2669 2671 2724
f 1165 2724 2671
f 3174 2669 2724
f 3170 2685 2686
f 3169 2676 2685
f 3169 3167 4650
f 3736 3167 3165
f 3162 1042 3165
f 2823 3163 2824
f 1042 3162 2867
f 1041 1042 778
f 2868 3157 2031
f 779 778 2331
f 2330 2331 746
f 1155 1156 746
f 1526 2985 1155
f 2030 3140 3146
f 1525 1526 1527
f 247 2051 1527
f 2031 2030 3146
f 247 1558 248
f 1557 248 1558
f 3157 2039 2031
f 2039 3081 2054
f 1558 2040 1557
f 248 1557 3134
f 3132 2795 2768
f 3132 2768 2949
f 286 3134 2452
f 2452 2645 2451
f 3132 2949 3123
f 2004 2003 2645
f 2011 2645 2003
f 2021 3345 2011
f 3218 2021 2728
f 2940 2939 2728
f 3115 2941 2940
f 3100 3115 3113
f 3100 4660 3115
f 3115 4660 1939
f 3112 3114 2012
f 2526 3112 2002
f 2002 2265 2526
f 2770 3113 2771
f 2772 2922 2773
f 2770 3100 3113
f 3099 4660 3100
f 3099 3096 4660
f 3096 447 4660
f 2773 2922 2923
f 2922 1728 2923
f 2923 1728 4689
f 2804 2923 4689
f 3099 3098 3096
f 3096 3095 4656
f 448 3096 4656
f 2808 448 4656
f 4656 4657 2808
f 1897 448 2808
f 3095 4657 4656
f 3095 4349 4657
f 2809 4657 4349
f 2806 2809 4349
f 3095 2806 4349
f 2923 2804 3094
f 3041 2809 2806
f 4657 2809 2808
f 1896 102 505
f 1897 2808 504
f 2481 1897 1888
f 2481 448 1897
f 447 3096 448
f 1939 4660 447
f 1939 54 3115
f 446 2480 1889
f 776 2480 2516
f 53 54 55
f 53 1940 2582
f 1940 1932 2443
f 2950 1932 1931
f 777 776 2516
f 740 1556 1931
f 2480 1887 2516
f 1887 506 738
f 505 738 506
f 505 102 101
f 101 102 103
f 739 1556 740
f 1556 2559 2633
f 2559 992 3663
f 992 991 3663
f 993 1866 1147
f 2007 1147 1866
f 1866 2006 2007
f 2007 2006 2497
f 2006 1257 2497
f 991 1148 2407
f 1147 2007 1530
f 1148 1754 498
f 2007 2497 1530
f 2497 1257 613
f 1754 615 496
f 1257 614 613
f 615 1102 2843
f 2042 1101 614
f 2042 1513 1101
f 86 1513 2042
f 2843 1102 245
f 243 244 245
f 567 244 243
f 567 1055 3249
f 3249 1055 1950
f 1055 1054 1945
f 1945 1054 4544
f 1054 3046 4544
f 4342 4544 3046
f 3046 323 4342
f 322 4342 323
f 321 322 323
f 323 4778 321
f 321 4778 1605
f 321 1605 2301
f 2301 1605 2302
f 2301 2302 762
f 762 2302 4393
f 2302 1604 4393
f 1604 4392 4393
f 4393 4392 4785
f 4393 4785 2984
f 2984 4785 4565
f 4785 1467 4565
f 4390 4565 1467
f 4389 4390 1467
f 1467 4763 4389
f 4389 4763 4819
f 4389 4819 4791
f 4389 4791 4788
f 4791 4789 4788
f 451 4788 4789
f 451 4789 452
f 451 452 453
f 453 4747 451
f 453 452 4361
f 4780 4361 452
f 4780 452 4510
f 4511 4780 4510
f 4510 4357 4511
f 4358 4511 4357
f 4357 526 4358
f 528 4358 526
f 526 527 528
f 4251 528 527
f 4251 527 4252
f 2345 4251 4252
f 2345 4252 2346
f 2345 2346 2347
f 4330 2345 2347
f 2347 4331 4330
f 4329 4330 4331
f 4331 4772 4329
f 4774 4329 4772
f 4539 4774 4772
f 4539 4772 4326
f 2996 4539 4326
f 4325 2996 4326
f 4325 4326 4816
f 4775 4325 4816
f 4816 1181 4775
f 4775 1181 4379
f 4775 4379 4378
f 4378 664 4775
f 665 664 4378
f 664 665 666
f 666 4325 664
f 4377 4378 4379
f 4377 4379 716
f 716 4562 4377
f 4376 4377 4562
f 1451 4376 4562
f 1451 4562 715
f 4376 2629 4377
f 4562 716 715
f 714 715 716
f 716 4188 714
f 4188 2387 714
f 714 2387 4499
f 2389 4499 2387
f 2387 2388 2389
f 2388 4115 2389
f 2389 4115 963
f 963 4115 964
f 963 964 965
f 963 965 4500
f 4499 963 4500
f 2081 4499 4500
f 4499 2081 715
f 965 4715 4500
f 4248 4500 4715
f 4248 4715 1338
f 1338 4243 4248
f 2123 4248 4243
f 2123 4243 2124
f 1831 2123 2124
f 2124 4744 1831
f 2124 4243 4744
f 4654 4744 4243
f 4744 4654 4794
f 4744 4794 1347
f 1346 4744 1347
f 1346 1347 1348
f 4234 1346 1348
f 4234 1348 4761
f 4235 4234 4761
f 4235 4761 2503
f 4296 4235 2503
f 2503 4301 4296
f 4301 4297 4296
f 4296 4297 4298
f 4297 800 4298
f 1157 4298 800
f 800 799 1157
f 799 4273 1157
f 1157 4273 1158
f 1157 1158 1159
f 1159 4235 1157
f 1159 4233 4235
f 4233 1159 4365
f 1346 4233 4365
f 1159 1158 4365
f 1158 1848 4365
f 4273 300 1158
f 2189 300 4273
f 4273 4264 2189
f 4264 2187 2189
f 2187 2188 2189
f 301 2189 2188
f 2188 2187 1961
f 176 1961 2187
f 176 2187 4264
f 4264 799 176
f 4273 799 4264
f 177 799 800
f 4298 1157 4235
f 1817 800 4297
f 4297 4301 1817
f 4301 659 1817
f 4298 4235 4296
f 4233 4234 4235
f 4761 1348 1917
f 4233 1346 4234
f 4365 4744 1346
f 4744 4365 236
f 4654 1876 4794
f 4654 1337 1876
f 1338 1337 4654
f 1337 1338 1339
f 1337 1339 1877
f 4527 1877 1339
f 1339 4526 4527
f 4526 4293 4527
f 48 4527 4293
f 4293 4526 4655
f 4655 4216 4293
f 4293 4216 2221
f 4293 2221 2406
f 4216 2222 2221
f 2221 2222 2223
f 4759 2223 2222
f 2892 4759 2222
f 2890 2892 2222
f 2890 2891 2892
f 2891 1605 2892
f 1605 2891 1603
f 1603 1604 1605
f 2904 1603 2891
f 4731 2904 2891
f 4731 2905 2904
f 2903 2904 2905
f 2905 112 2903
f 2903 112 4334
f 4335 2903 4334
f 4334 114 4335
f 4335 114 4768
f 4768 4762 4335
f 4335 4762 4764
f 1466 4335 4764
f 1466 4764 1467
f 1465 1466 1467
f 1465 4392 1466
f 4392 1603 1466
f 1466 1603 2903
f 4762 4763 4764
f 4310 4762 4768
f 4768 4769 4310
f 4310 4769 4306
f 4310 4306 4311
f 2260 4311 4306
f 4306 2261 2260
f 2260 2261 2262
f 4766 2260 2262
f 4755 4766 2262
f 2262 4685 4755
f 1168 4755 4685
f 1168 4685 4678
f 4678 408 1168
f 1168 408 1169
f 1168 1169 4522
f 4754 1168 4522
f 4522 4287 4754
f 4754 4287 4286
f 4754 4286 4755
f 4281 4286 4287
f 4281 4287 4279
f 4279 4280 4281
f 4758 4281 4280
f 4757 4758 4280
f 4757 4280 4168
f 4167 4757 4168
f 4167 4168 4169
f 4723 4167 4169
f 4723 4169 4161
f 4671 4723 4161
f 4459 4671 4161
f 4163 4459 4161
f 4161 4162 4163
f 4163 4162 4828
f 4163 4828 4025
f 4163 4025 4697
f 4724 4163 4697
f 4724 4697 4725
f 817 4724 4725
f 817 4725 818
f 816 817 818
f 4091 816 818
f 4091 818 4092
f 4092 4708 4091
f 4091 4708 4705
f 4090 4091 4705
f 4705 4448 4090
f 4448 4089 4090
f 4089 916 4090
f 916 918 4090
f 916 917 918
f 918 917 4709
f 4709 4091 918
f 4459 4709 917
f 1958 4459 917
f 1957 1958 917
f 1957 2325 1958
f 1958 2325 2326
f 2326 4031 1958
f 2326 4433 4031
f 4433 4671 4031
f 4433 4693 4671
f 4030 4693 4433
f 4433 4029 4030
f 4029 3067 4030
f 4030 3067 4555
f 3063 4555 3067
f 3067 2595 3063
f 2595 3062 3063
f 995 3063 3062
f 995 3062 4185
f 4185 996 995
f 994 995 996
f 996 4140 994
f 4139 994 4140
f 4672 4139 4140
f 4457 4672 4140
f 4717 4457 4140
f 4717 4136 4457
f 4137 4457 4136
f 4136 1105 4137
f 1104 4137 1105
f 1104 1105 1106
f 1104 1106 4202
f 4202 4200 1104
f 4200 1985 1104
f 1984 1104 1985
f 1983 1984 1985
f 1983 1985 4230
f 4229 1983 4230
f 4229 4230 4231
f 4231 4486 4229
f 4486 4735 4229
f 4733 4735 4486
f 4227 4733 4486
f 4486 4228 4227
f 4226 4227 4228
f 4226 4228 4804
f 4736 4226 4804
f 4804 4415 4736
f 4415 4682 4736
f 4682 1181 4736
f 4736 1181 4737
f 1181 4682 1182
f 716 1181 1182
f 4189 1182 4682
f 4188 1182 4189
f 4188 4189 4728
f 4728 4189 4415
f 4416 4728 4415
f 4415 4182 4416
f 1279 4416 4182
f 1279 4182 4183
f 4183 1280 1279
f 1279 1280 1281
f 1279 1281 2029
f 1281 172 2029
f 172 3940 2029
f 2029 3940 2027
f 2027 2028 2029
f 4830 2029 2028
f 4115 4830 2028
f 4115 2028 4116
f 4115 4116 4452
f 4452 4116 4712
f 4452 4712 1360
f 1360 4110 4452
f 4111 4452 4110
f 4110 965 4111
f 964 4452 4111
f 1360 4713 4110
f 4713 4716 4110
f 4715 4110 4716
f 4713 4655 4716
f 4713 1360 4655
f 1362 4655 1360
f 1360 1361 1362
f 1361 4216 1362
f 4216 1361 4217
f 2890 4216 4217
f 4217 4731 2890
f 4217 1361 1433
f 1433 4215 4217
f 4215 2905 4217
f 2905 4215 1432
f 1433 1432 4215
f 1431 1432 1433
f 4732 1431 1433
f 4732 1433 4712
f 1431 4732 2027
f 2027 2071 1431
f 2071 2072 1431
f 2071 113 2072
f 113 112 2072
f 2072 112 1432
f 112 113 114
f 114 113 4406
f 2071 4406 113
f 2071 4405 4406
f 4406 4405 3935
f 4406 3935 4768
f 3935 4405 1820
f 1820 1881 3935
f 3935 1881 2261
f 2261 4769 3935
f 1819 1881 1820
f 1818 1819 1820
f 1820 4681 1818
f 340 1818 4681
f 4700 340 4681
f 4700 4681 4798
f 171 4700 4798
f 172 171 4798
f 171 172 173
f 171 173 4048
f 4699 4048 173
f 4049 4048 4699
f 4049 4699 1280
f 1280 4699 172
f 4048 4049 4038
f 4037 4048 4038
f 4037 4038 4039
f 4039 1715 4037
f 4205 4037 1715
f 1715 4684 4205
f 4684 338 4205
f 340 4205 338
f 338 339 340
f 339 4198 340
f 339 4421 4198
f 4421 4422 4198
f 4422 4199 4198
f 4198 4199 3977
f 4198 3977 3978
f 4198 3978 1818
f 3977 3965 3978
f 1882 3978 3965
f 3965 1883 1882
f 1881 1882 1883
f 4685 1881 1883
f 3965 4678 1883
f 3965 406 4678
f 406 3965 4199
f 4199 4832 406
f 4832 407 406
f 406 407 408
f 408 407 4398
f 407 2327 4398
f 2327 4543 4398
f 4543 3911 4398
f 3920 4398 3911
f 3920 3911 3910
f 3920 3910 4522
f 3910 3911 3912
f 3912 545 3910
f 545 544 3910
f 4279 3910 544
f 4168 4279 544
f 4168 544 546
f 544 545 546
f 546 545 4695
f 4162 546 4695
f 4169 546 4162
f 4695 545 4696
f 4695 4696 4025
f 4696 4503 4025
f 4025 4503 2355
f 4025 2355 4010
f 4025 4010 1911
f 1911 4010 1909
f 1909 1910 1911
f 1911 1910 4697
f 1910 1909 2989
f 2991 1910 2989
f 2989 2990 2991
f 607 2991 2990
f 607 2990 608
f 606 607 608
f 606 608 3006
f 4718 606 3006
f 3005 4718 3006
f 3005 3006 3007
f 3007 4131 3005
f 4131 4132 3005
f 4132 4120 3005
f 3005 4120 4121
f 4719 4121 4120
f 726 4719 4120
f 4120 4702 726
f 4702 4495 726
f 4495 727 726
f 725 726 727
f 727 4833 725
f 725 4833 4441
f 725 4441 3957
f 725 3957 4071
f 4071 4704 725
f 4703 4704 4071
f 4072 4703 4071
f 4071 1943 4072
f 4059 4072 1943
f 4059 1943 1942
f 1941 1942 1943
f 1941 1943 1622
f 1941 1622 4688
f 1941 4688 774
f 774 4796 1941
f 4834 4796 774
f 773 4834 774
f 772 773 774
f 3997 773 772
f 772 4687 3997
f 4687 3966 3997
f 3997 3966 4692
f 3997 4692 3996
f 3996 3989 3997
f 3988 3997 3989
f 3987 3988 3989
f 4691 3987 3989
f 3989 4690 4691
f 4552 4691 4690
f 4690 4550 4552
f 4550 4551 4552
f 4602 4552 4551
f 4551 4203 4602
f 4347 4602 4203
f 4347 4203 2293
f 2293 2295 4347
f 4549 4347 2295
f 4186 4549 2295
f 4186 2295 4599
f 4599 4598 4186
f 1185 4186 4598
f 4598 2596 1185
f 2596 4029 1185
f 2267 1185 4029
f 1183 1185 2267
f 1183 2267 2325
f 2325 4536 1183
f 4536 1957 1183
f 1183 1957 1663
f 1183 1663 1184
f 1184 1663 1665
f 1184 1665 3988
f 2281 3988 1665
f 1665 1664 2281
f 916 2281 1664
f 1664 1957 916
f 2281 916 4813
f 3988 2281 4813
f 4813 773 3988
f 1663 1664 1665
f 1663 1957 1664
f 1183 1184 1185
f 4186 1185 1184
f 4186 1184 3987
f 2596 4598 4599
f 2600 2596 4599
f 2594 2596 2600
f 4185 2594 2600
f 4185 2600 2294
f 2294 4184 4185
f 1106 4184 2294
f 2294 2600 2295
f 2594 2595 2596
f 2600 4599 2295
f 3987 4549 4186
f 4552 4549 3987
f 2293 2294 2295
f 4202 2294 2293
f 4202 2293 4203
f 4202 4203 4338
f 4347 4549 4602
f 4203 4551 4338
f 4551 4339 4338
f 4200 4338 4339
f 4339 2309 4200
f 2308 4200 2309
f 2307 2308 2309
f 2309 4730 2307
f 4729 2307 4730
f 4730 1716 4729
f 1716 1715 4729
f 1715 1716 1717
f 4569 1715 1717
f 4569 1717 4567
f 4567 4568 4569
f 4569 4568 4786
f 4569 4786 4817
f 4385 4817 4786
f 4385 4786 4383
f 4383 4384 4385
f 4421 4385 4384
f 4383 4765 4384
f 4384 4765 4790
f 4384 4790 1648
f 4384 1648 4422
f 2328 4422 1648
f 1648 4818 2328
f 4818 2329 2328
f 2327 2328 2329
f 2327 2329 4542
f 2329 4556 4542
f 4773 4542 4556
f 4258 4773 4556
f 4556 4259 4258
f 4258 4259 4260
f 4258 4260 4353
f 4258 4353 2354
f 2354 4353 2355
f 2354 2355 2356
f 1745 2354 2356
f 1743 1745 2356
f 4503 1743 2356
f 3912 1743 4503
f 1743 1744 1745
f 4773 1745 1744
f 1744 1743 4543
f 4542 1744 4543
f 4773 2354 1745
f 2355 4353 4318
f 4353 4814 4318
f 4318 4814 4319
f 2394 4318 4319
f 4541 2394 4319
f 4319 4464 4541
f 4541 4464 4777
f 4776 4541 4777
f 4776 4777 4149
f 4776 4149 4815
f 4815 2374 4776
f 2376 4776 2374
f 2374 2375 2376
f 4563 2376 2375
f 4563 2375 4564
f 4564 4372 4563
f 4373 4372 4564
f 4373 4564 608
f 4784 608 4564
f 4372 4373 2395
f 4372 2395 2376
f 1909 2395 4373
f 1909 2394 2395
f 4784 4564 2375
f 3007 4784 2375
f 1768 3007 2375
f 1768 2375 1769
f 1767 1768 1769
f 1769 2374 1767
f 1767 2374 4745
f 1767 4745 2102
f 1767 2102 2103
f 2103 4247 1767
f 4246 1767 4247
f 4245 4246 4247
f 4245 4247 4706
f 4501 4245 4706
f 4501 4706 4746
f 4501 4746 1962
f 4496 4501 1962
f 1962 1502 4496
f 1501 4496 1502
f 1501 1502 1503
f 4807 1501 1503
f 4807 1503 883
f 4272 4807 883
f 4760 4272 883
f 4760 883 2116
f 4760 2116 4831
f 2115 2116 883
f 2115 883 4300
f 4811 4300 883
f 4812 4811 883
f 4531 4812 883
f 4531 883 4529
f 4530 4531 4529
f 4530 4529 4272
f 4528 4272 4529
f 4529 4261 4528
f 4561 4528 4261
f 4261 4748 4561
f 4561 4748 2155
f 4561 2155 2154
f 2154 2155 2156
f 2154 2156 4272
f 2156 4270 4272
f 4270 4271 4272
f 4271 4363 4272
f 4363 4177 4272
f 4177 4514 4272
f 4514 4517 4272
f 4514 1501 4517
f 1501 4514 1561
f 1559 1561 4514
f 1559 1560 1561
f 4805 1561 1560
f 1560 4741 4805
f 4805 4741 4501
f 4740 4741 1560
f 2037 4740 1560
f 2179 4740 2037
f 2178 2179 2037
f 2037 1244 2178
f 1244 4743 2178
f 4743 1244 4711
f 4711 4492 4743
f 4495 4743 4492
f 4492 4494 4495
f 4491 4494 4492
f 4455 4491 4492
f 4455 4806 4491
f 4806 4453 4491
f 4491 4453 4574
f 4453 214 4574
f 213 4574 214
f 213 214 215
f 4291 213 215
f 4291 215 2062
f 4291 2062 4292
f 4291 4292 1623
f 4575 4291 1623
f 4575 1623 3942
f 3942 3957 4575
f 3941 3957 3942
f 3941 3942 1943
f 1622 3942 1623
f 1621 1622 1623
f 4575 3957 4291
f 1621 1623 4292
f 1621 4292 2217
f 1621 2217 2216
f 2216 4688 1621
f 2216 4687 4688
f 2215 2216 2217
f 2217 4340 2215
f 4340 4683 2215
f 4683 2476 2215
f 2215 2476 2477
f 3967 2215 2477
f 2477 3968 3967
f 3966 3967 3968
f 3966 3968 4532
f 4686 3966 4532
f 4686 4532 1649
f 4686 1649 2238
f 4692 4686 2238
f 4692 2238 2240
f 2238 2239 2240
f 4765 2240 2239
f 4765 4309 2240
f 4308 2240 4309
f 4690 4308 4309
f 4690 4309 4567
f 3996 2240 4308
f 4568 4309 4765
f 2238 1649 2239
f 2239 1649 4790
f 4532 1650 1649
f 1648 1649 1650
f 1650 4808 1648
f 4753 1648 4808
f 4753 4808 2477
f 2477 4752 4753
f 2255 4753 4752
f 4752 2256 2255
f 2255 2256 2257
f 4285 2255 2257
f 4285 2257 4720
f 4260 4285 4720
f 2257 4523 4720
f 4518 4720 4523
f 4523 2256 4518
f 2256 4519 4518
f 4518 4519 434
f 4518 434 4809
f 4518 4809 4801
f 4801 4463 4518
f 4464 4463 4801
f 4463 4464 4465
f 4720 4463 4465
f 4353 4720 4465
f 4801 4809 4150
f 4149 4801 4150
f 4149 4150 4151
f 4151 4150 4462
f 4151 4462 4679
f 4679 4727 4151
f 4726 4151 4727
f 4726 4727 4802
f 4726 4802 1949
f 4726 1949 2102
f 1949 4802 1947
f 1947 1948 1949
f 4451 1949 1948
f 1948 4450 4451
f 4706 4451 4450
f 1948 4082 4450
f 4082 1963 4450
f 4746 4450 1963
f 4082 4083 1963
f 1964 1963 4083
f 1503 1964 4083
f 1962 1963 1964
f 4083 4082 883
f 4082 4800 883
f 883 4800 4799
f 4799 884 883
f 454 883 884
f 884 455 454
f 454 455 456
f 456 455 4360
f 2829 456 4360
f 4022 2829 4360
f 4022 4360 4779
f 4779 4020 4022
f 4020 4021 4022
f 4022 4021 2835
f 4021 4359 2835
f 4359 2830 2835
f 2829 2835 2830
f 2828 2829 2830
f 4781 2828 2830
f 1977 2828 4781
f 4781 1975 1977
f 1975 1976 1977
f 4367 1977 1976
f 4366 4367 1976
f 4366 1976 4643
f 4366 4643 4127
f 4127 4782 4366
f 4129 4782 4127
f 4127 4128 4129
f 1990 4129 4128
f 1990 4128 1991
f 1925 1990 1991
f 1925 1991 4477
f 1925 4477 4783
f 1067 1925 4783
f 4783 1068 1067
f 1066 1067 1068
f 1068 4395 1066
f 4489 1066 4395
f 4395 4488 4489
f 4488 4734 4489
f 4803 4489 4734
f 4734 4222 4803
f 4221 4803 4222
f 1905 4221 4222
f 1905 4222 4487
f 4487 4427 1905
f 4739 1905 4427
f 4738 4739 4427
f 4738 4427 4426
f 4748 4738 4426
f 2008 4748 4426
f 2008 4426 2009
f 2008 2009 2010
f 2008 2010 4470
f 4270 2008 4470
f 4470 2010 4271
f 4271 2010 3953
f 2010 3952 3953
f 3952 1559 3953
f 3953 1559 4177
f 3952 2038 1559
f 2038 2037 1559
f 2037 2038 1242
f 3952 1242 2038
f 2009 1242 3952
f 2009 1508 1242
f 1508 1243 1242
f 1242 1243 1244
f 1508 4694 1243
f 4694 4454 1243
f 4454 4455 1243
f 1243 4455 4711
f 4694 4101 4454
f 4454 4101 4806
f 4694 4100 4101
f 4100 3919 4101
f 4101 3919 4453
f 3919 4714 4453
f 3919 1875 4714
f 4714 1875 1812
f 1812 2063 4714
f 214 4714 2063
f 1812 4677 2063
f 2063 4677 2061
f 2061 2062 2063
f 2062 2061 4483
f 2061 4482 4483
f 4483 4482 4340
f 2061 4676 4482
f 4676 4212 4482
f 2077 4482 4212
f 4212 200 2077
f 2077 200 1406
f 1406 435 2077
f 435 2076 2077
f 2077 2076 4683
f 2076 435 4752
f 2076 4752 2476
f 4519 4752 435
f 1406 1407 435
f 433 435 1407
f 433 1407 199
f 433 199 1797
f 1797 1798 433
f 433 1798 434
f 1798 1797 4150
f 199 3934 1797
f 1797 3934 4680
f 1797 4680 4462
f 4680 3934 4407
f 4407 4679 4680
f 4021 4407 3934
f 4402 3934 199
f 201 4402 199
f 199 200 201
f 4476 4402 201
f 4046 4476 201
f 4046 201 4212
f 4677 4046 4212
f 4046 4677 1814
f 1813 4046 1814
f 1812 1813 1814
f 1813 1853 4046
f 1853 4475 4046
f 4475 1853 4436
f 4475 4436 4434
f 4476 4475 4434
f 4436 1975 4434
f 1975 4424 4434
f 4434 4424 4402
f 4643 1975 4436
f 1853 4643 4436
f 4795 4643 1853
f 4795 1853 4477
f 1852 4477 1853
f 1852 1853 1854
f 1875 1852 1854
f 1813 1875 1854
f 1068 1852 1875
f 1853 1813 1854
f 4475 4476 4046
f 4476 4434 4402
f 3934 4402 4424
f 4424 4359 3934
f 4359 4424 4781
f 199 1407 200
f 433 434 435
f 1407 1406 200
f 4212 201 200
f 2077 4683 4482
f 4212 4676 4677
f 2061 4677 4676
f 1812 1814 4677
f 1875 1813 1812
f 1068 1875 3919
f 4792 1068 3919
f 4100 4792 3919
f 4396 4792 4100
f 4399 4396 4100
f 4394 4396 4399
f 4734 4394 4399
f 4394 4395 4396
f 4395 4792 4396
f 4399 4100 4694
f 1507 4399 4694
f 4399 1507 4487
f 1507 4694 1508
f 1507 1508 1509
f 4427 1507 1509
f 1509 1508 2009
f 2010 2009 3952
f 4426 1509 2009
f 4614 4738 4748
f 4614 640 4738
f 4261 640 4614
f 4253 640 4261
f 4253 4254 640
f 640 4254 638
f 638 639 640
f 4739 640 639
f 639 1906 4739
f 639 2691 1906
f 1906 2691 2692
f 2692 791 1906
f 1906 791 1907
f 1905 1906 1907
f 1907 2713 1905
f 2713 1907 1937
f 1937 790 2713
f 790 2712 2713
f 2712 4265 2713
f 2713 4265 4221
f 4221 4265 4266
f 4265 4456 4266
f 4489 4266 4456
f 4456 4701 4489
f 4456 4069 4701
f 4701 4069 1926
f 4701 1926 1066
f 1925 1066 1926
f 1926 4070 1925
f 4069 4070 1926
f 4069 1990 4070
f 883 1990 4069
f 883 4069 4443
f 4440 883 4443
f 2712 4440 4443
f 4442 2712 4443
f 883 4440 792
f 792 4440 790
f 790 791 792
f 4443 4069 4442
f 4442 4069 4456
f 4456 4265 4442
f 2712 4442 4265
f 790 4440 2712
f 791 790 1937
f 1907 791 1937
f 2692 792 791
f 2692 4529 792
f 2692 2691 4529
f 2691 4254 4529
f 2691 639 638
f 638 4254 2691
f 4253 4529 4254
f 4426 4427 1509
f 4738 640 4739
f 1906 1905 4739
f 4427 4487 1507
f 4487 4222 4399
f 2713 4221 1905
f 4221 4266 4803
f 4222 4734 4399
f 4489 4803 4266
f 4734 4488 4394
f 4395 4394 4488
f 4701 1066 4489
f 1068 4792 4395
f 4783 1852 1068
f 1066 1925 1067
f 4783 4477 1852
f 1991 4795 4477
f 1991 4846 4795
f 4127 4795 4846
f 4070 1990 1925
f 4128 4846 1991
f 1990 883 4129
f 4128 4127 4846
f 883 4782 4129
f 883 4855 4782
f 4367 4782 4855
f 456 4855 883
f 456 4856 4855
f 4855 4856 2828
f 4643 4795 4127
f 4367 4366 4782
f 1977 4367 4855
f 4643 1976 1975
f 1975 4781 4424
f 2828 1977 4855
f 4856 2829 2828
f 4781 2830 4359
f 3934 4359 4021
f 4020 4407 4021
f 4727 4407 4020
f 4727 4020 4779
f 4863 4779 4360
f 4863 4802 4779
f 4863 4864 4802
f 884 4864 4863
f 4864 884 1948
f 4022 2835 2829
f 4856 456 2829
f 4360 455 4863
f 455 884 4863
f 454 456 883
f 884 4799 1948
f 4799 4800 1948
f 4800 4082 1948
f 4451 2103 1949
f 4864 1948 1947
f 1947 4802 4864
f 4779 4802 4727
f 4815 4151 4726
f 4745 4815 4726
f 4727 4679 4407
f 4462 4680 4679
f 4150 1797 4462
f 4809 1798 4150
f 4809 434 1798
f 434 4519 435
f 4720 4518 4463
f 4285 4259 2255
f 4523 2257 2256
f 2256 4752 4519
f 4259 4753 2255
f 3968 4808 1650
f 1650 4532 3968
f 4872 3967 3966
f 4872 3966 2216
f 2216 3967 4872
f 3968 2477 4808
f 4752 2477 2476
f 4683 2076 2476
f 4482 4683 4340
f 4483 4340 2217
f 2216 2215 3967
f 4292 4483 2217
f 2062 4483 4292
f 2062 215 2063
f 4833 213 4291
f 4873 213 4833
f 2063 215 214
f 4574 213 4873
f 4494 4574 4873
f 4494 4873 727
f 214 4453 4714
f 4101 4453 4806
f 4454 4806 4455
f 4491 4574 4494
f 4495 2179 4743
f 4711 4455 4492
f 1243 4711 1244
f 1242 1244 2037
f 2178 4743 2179
f 4740 2179 4875
f 4876 4740 4875
f 4875 4877 4876
f 4245 4876 4877
f 4741 4876 4245
f 4880 4877 4875
f 4880 4881 4877
f 4877 4881 4246
f 4881 1768 4246
f 4131 1768 4881
f 4882 4881 4880
f 4702 4882 4880
f 4880 2179 4702
f 4882 4132 4881
f 2179 4880 4875
f 4740 4876 4741
f 1561 4805 4496
f 2037 1560 1559
f 4514 4177 1559
f 3953 4177 4363
f 4363 4271 3953
f 4271 4270 4470
f 2156 2008 4270
f 2155 2008 2156
f 2155 4748 2008
f 4261 4614 4748
f 2154 4528 4561
f 4261 4529 4253
f 4528 2154 4272
f 4529 883 792
f 4272 4760 4530
f 4760 4886 4530
f 4272 4517 4807
f 1503 4083 883
f 4517 1501 4807
f 1502 1964 1503
f 1561 4496 1501
f 1502 1962 1964
f 4501 4496 4805
f 1962 4746 1963
f 4746 4706 4450
f 4741 4245 4501
f 4706 4247 4451
f 4877 4246 4245
f 4247 2103 4451
f 2103 2102 1949
f 4745 4726 2102
f 1768 1767 4246
f 2376 4563 4372
f 1769 2375 2374
f 4776 2376 2395
f 2374 4815 4745
f 4815 4149 4151
f 4801 4149 4777
f 2395 4541 4776
f 4777 4464 4801
f 4319 4465 4464
f 2395 2394 4541
f 4010 4318 2394
f 4319 4814 4465
f 4814 4353 4465
f 4260 4720 4353
f 4285 4260 4259
f 4556 4753 4259
f 4556 4818 4753
f 4773 4258 2354
f 1744 4542 4773
f 4199 2328 2327
f 4818 4556 2329
f 1648 4753 4818
f 1648 4790 1649
f 4765 2239 4790
f 4568 4765 4383
f 4817 4385 4684
f 4568 4383 4786
f 4309 4568 4567
f 4550 4567 1717
f 4569 4817 1715
f 4550 1717 1716
f 1716 4730 4550
f 2307 4729 4829
f 2307 4829 4038
f 4038 4827 2307
f 4899 2307 4827
f 4899 4827 4900
f 4900 4901 4899
f 4230 4899 4901
f 4230 2308 4899
f 4901 4900 4902
f 4902 4844 4901
f 4231 4901 4844
f 4844 4804 4231
f 4844 4902 4845
f 4844 4845 4415
f 4902 4182 4845
f 4903 4902 4900
f 4900 4038 4903
f 4903 4183 4902
f 4903 4049 4183
f 4827 4038 4900
f 4729 4039 4829
f 4730 2309 4904
f 4730 4904 4551
f 4899 2308 2307
f 2309 4339 4904
f 4551 4904 4339
f 4602 4549 4552
f 4730 4551 4550
f 4690 4567 4550
f 3989 4308 4690
f 4552 3987 4691
f 3988 3987 1184
f 4308 3989 3996
f 4692 2240 3996
f 3966 4686 4692
f 4687 2216 3966
f 4687 772 4688
f 3988 773 3997
f 4813 4834 773
f 4906 4834 4813
f 4813 4907 4906
f 4907 4448 4906
f 4813 4089 4907
f 4906 4448 4834
f 4908 4834 4448
f 4908 4448 4909
f 4909 4796 4908
f 4910 4796 4909
f 4911 4910 4909
f 4909 4912 4911
f 4072 4911 4912
f 4072 1942 4911
f 4912 4909 4914
f 4912 4914 4708
f 4708 4915 4912
f 4915 4703 4912
f 4121 4703 4915
f 4915 4718 4121
f 4915 4917 4718
f 4915 4092 4917
f 607 4917 4092
f 4911 1942 4910
f 4910 1942 4796
f 4448 4914 4909
f 4834 4908 4796
f 774 4688 772
f 1622 1621 4688
f 1622 1943 3942
f 1941 4796 1942
f 4072 4059 1942
f 4071 3941 1943
f 4912 4703 4072
f 4703 4121 4704
f 4071 3957 3941
f 3957 4441 4291
f 4441 4833 4291
f 727 4873 4833
f 725 4704 726
f 4494 727 4495
f 4702 2179 4495
f 4120 4882 4702
f 4704 4719 726
f 4719 4704 4121
f 4120 4132 4882
f 4132 4131 4881
f 4131 3007 1768
f 3006 4784 3007
f 4121 4718 3005
f 4718 4917 606
f 3006 608 4784
f 606 4917 607
f 4373 608 2990
f 818 2991 607
f 2990 2989 4373
f 1910 2991 4725
f 1909 4373 2989
f 1909 4010 2394
f 4010 2355 4318
f 4503 2356 2355
f 4503 4696 545
f 545 3912 4503
f 3912 3911 1743
f 4398 3920 1169
f 4543 1743 3911
f 2327 4542 4543
f 4832 2327 407
f 2327 4832 4199
f 1881 3978 1882
f 3965 3977 4199
f 4422 2328 4199
f 4384 4422 4421
f 4385 4421 339
f 339 338 4385
f 4684 4385 338
f 1715 4817 4684
f 4729 1715 4039
f 4829 4039 4038
f 4037 4205 4048
f 4048 4205 4700
f 4903 4038 4049
f 4699 173 172
f 4048 4700 171
f 4405 4798 4681
f 4798 4405 3940
f 4205 340 4700
f 340 4198 1818
f 1818 3978 1819
f 1819 3978 1881
f 4681 1820 4405
f 2071 3940 4405
f 1431 2072 1432
f 4712 1433 1361
f 1360 4712 1361
f 4116 4732 4712
f 2028 4732 4116
f 4830 4115 4925
f 4925 2029 4830
f 4416 2029 4925
f 4929 4416 4925
f 4929 4925 2388
f 4732 2028 2027
f 3940 2071 2027
f 3940 172 4798
f 1280 172 1281
f 4183 4049 1280
f 4902 4183 4182
f 4416 1279 2029
f 4845 4182 4415
f 4728 4416 4929
f 2387 4728 4929
f 4189 4682 4415
f 4415 4804 4844
f 4226 4736 4737
f 4772 4226 4737
f 4231 4804 4228
f 4331 4227 4226
f 4843 4733 4227
f 2347 4843 4227
f 4825 4733 4843
f 4825 4843 4935
f 4935 4837 4825
f 4826 4825 4837
f 4837 4936 4826
f 4826 4936 4937
f 4937 4938 4826
f 4735 4826 4938
f 4735 4938 1983
f 4937 1984 4938
f 4936 4940 4937
f 4937 4940 4941
f 1104 4937 4941
f 4941 4942 1104
f 4940 4942 4941
f 4940 4672 4942
f 4943 4940 4936
f 4839 4943 4936
f 4943 4839 4944
f 4944 4945 4943
f 4944 4824 4945
f 4824 4946 4945
f 4945 4946 4139
f 4945 4139 4940
f 4139 4946 4947
f 4947 4946 4948
f 4947 4948 3063
f 994 4947 3063
f 4949 4948 4946
f 4949 4946 4823
f 4823 4950 4949
f 4821 4949 4950
f 4951 4821 4950
f 4950 4952 4951
f 4952 4758 4951
f 4952 4953 4758
f 4952 4954 4953
f 4954 4956 4953
f 4286 4953 4956
f 4286 4956 4766
f 4766 4956 4958
f 4958 4959 4766
f 4960 4959 4958
f 4961 4960 4958
f 4961 4958 4954
f 4963 4961 4954
f 4963 4954 4964
f 4966 4963 4964
f 4966 4964 4952
f 4966 4952 4967
f 4968 4966 4967
f 4822 4968 4967
f 4822 4967 4950
f 4824 4968 4822
f 4822 4823 4824
f 4968 4824 4969
f 4969 4970 4968
f 4970 4969 4971
f 4971 4972 4970
f 4973 4970 4972
f 4973 4972 4974
f 4974 4976 4973
f 4973 4976 4963
f 4977 4963 4976
f 4977 4976 4510
f 4510 4980 4977
f 4980 4981 4977
f 4981 4980 4791
f 4983 4981 4791
f 4961 4981 4983
f 4977 4981 4963
f 4974 4510 4976
f 4984 4510 4974
f 4974 4985 4984
f 4986 4984 4985
f 4985 4971 4986
f 4986 4971 4987
f 4987 527 4986
f 527 4987 4988
f 4987 4944 4988
f 4971 4944 4987
f 526 4984 4986
f 4972 4985 4974
f 4970 4973 4966
f 4971 4985 4972
f 4944 4971 4969
f 4966 4968 4970
f 4973 4963 4966
f 4963 4981 4961
f 4960 4961 4983
f 4960 4983 4996
f 4996 4311 4960
f 4996 4762 4311
f 4762 4996 4819
f 4996 4983 4819
f 4311 4959 4960
f 4958 4956 4954
f 4964 4954 4952
f 4967 4952 4950
f 4821 4951 4757
f 4757 4820 4821
f 4948 4821 4820
f 4693 4948 4820
f 4693 4820 4723
f 4555 4948 4693
f 4822 4950 4823
f 4949 4821 4948
f 4823 4946 4824
f 4969 4824 4944
f 4988 4944 4839
f 4838 4988 4839
f 4837 4838 4839
f 4838 4835 4988
f 4252 4988 4835
f 4935 4835 4838
f 4835 4935 2346
f 4943 4945 4940
f 4936 4837 4839
f 4825 4826 4735
f 4935 4838 4837
f 2346 4935 4843
f 4735 4733 4825
f 4228 4486 4231
f 4231 4230 4901
f 1983 4229 4735
f 4230 1985 2308
f 1984 1983 4938
f 4937 1104 1984
f 1985 4200 2308
f 4338 4200 4202
f 1106 2294 4202
f 1106 1105 4184
f 4942 4137 1104
f 4136 4184 1105
f 4137 4942 4457
f 4136 4717 4184
f 4717 996 4184
f 4942 4672 4457
f 4940 4139 4672
f 4947 994 4139
f 4717 4140 996
f 4184 996 4185
f 4185 3062 2594
f 995 994 3063
f 3062 2595 2594
f 2596 2595 3067
f 4948 4555 3063
f 4029 2596 3067
f 2267 4029 4433
f 4693 4030 4555
f 4433 2326 2267
f 2267 2326 2325
f 1957 4536 2325
f 4031 4459 1958
f 816 4709 4459
f 1957 917 916
f 916 4089 4813
f 4907 4089 4448
f 4705 4914 4448
f 4091 4090 918
f 4705 4708 4914
f 4708 4092 4915
f 607 4092 818
f 816 4091 4709
f 817 816 4459
f 818 4725 2991
f 817 4459 4724
f 4725 4697 1910
f 4697 4025 1911
f 4828 4695 4025
f 4695 4828 4162
f 4459 4163 4724
f 4031 4671 4459
f 4723 4671 4693
f 4161 4169 4162
f 4820 4167 4723
f 4169 4168 546
f 4820 4757 4167
f 4951 4758 4757
f 4953 4281 4758
f 4279 4168 4280
f 4279 4287 3910
f 4953 4286 4281
f 4522 3910 4287
f 4522 1169 3920
f 408 4398 1169
f 4678 406 408
f 1883 4678 4685
f 4755 1168 4754
f 2262 1881 4685
f 4755 4286 4766
f 2260 4766 4959
f 2261 1881 2262
f 4311 2260 4959
f 4769 2261 4306
f 4768 3935 4769
f 4311 4762 4310
f 4406 4768 114
f 2903 4335 1466
f 112 114 4334
f 1432 112 2905
f 4217 2905 4731
f 2904 2903 1603
f 2891 2890 4731
f 4778 4759 2892
f 4975 4759 4778
f 4759 4975 2223
f 4216 2890 2222
f 4216 4655 1362
f 4655 4526 4716
f 4526 1338 4716
f 1338 4526 1339
f 2082 4248 2123
f 4243 1338 4654
f 4715 4716 1338
f 2082 4500 4248
f 4715 965 4110
f 4111 965 964
f 4452 964 4115
f 2388 4925 4115
f 2388 2387 4929
f 4499 2389 963
f 4188 4728 2387
f 4188 716 1182
f 4499 715 714
f 4378 4377 2629
f 4379 1181 716
f 4816 4737 1181
f 664 4325 4775
f 4326 4737 4816
f 4991 4539 2996
f 4991 4993 4539
f 4991 4848 4993
f 4848 4994 4993
f 4992 4993 4994
f 4920 4992 4994
f 4920 4994 4251
f 4251 4994 4847
f 4920 4329 4992
f 4993 4992 4774
f 4994 4848 4847
f 4847 4848 528
f 4921 528 4848
f 4848 4922 4921
f 4921 4922 4511
f 4848 1746 4922
f 4780 4922 1746
f 1746 4848 4991
f 4326 4772 4737
f 4774 4539 4993
f 4774 4992 4329
f 4331 4226 4772
f 4330 4329 4920
f 4227 4331 2347
f 4920 2345 4330
f 2347 2346 4843
f 2346 4252 4835
f 4251 2345 4920
f 4988 4252 527
f 4251 4847 528
f 527 526 4986
f 4921 4358 528
f 526 4357 4984
f 4921 4511 4358
f 4357 4510 4984
f 4511 4922 4780
f 452 4980 4510
f 488 4361 4780
f 452 4789 4980
f 4788 451 4747
f 4747 4979 4788
f 4390 4788 4979
f 4390 4979 4978
f 4978 2495 4390
f 20 4978 4979
f 4979 4747 20
f 4789 4791 4980
f 4791 4819 4983
f 4762 4819 4763
f 1467 4764 4763
f 4788 4390 4389
f 4565 4390 2495
f 4785 1465 1467
f 4392 1465 4785
f 1604 1603 4392
f 2302 1605 1604
f 4778 2892 1605
f 4778 323 4975
f 2301 322 321
f 322 2301 761
f 4999 322 761
f 4342 322 4999
f 323 3046 4975
f 4544 4342 4999
f 1946 4544 4999
f 1946 4999 5002
f 1946 5002 562
f 563 5002 4999
f 2410 4975 3046
f 4975 2410 1788
f 566 85 1795
f 86 85 1513
f 1788 2410 87
f 2223 4975 1788
f 2223 2406 2221
f 2406 48 4293
f 48 47 4527
f 4527 47 1877
f 1337 1877 1876
f 4794 1876 2043
f 4794 2043 2509
f 1789 49 411
f 49 1787 1796
f 410 1865 358
f 2042 1796 86
f 2042 614 1257
f 359 1257 2006
f 358 357 410
f 1866 359 2006
f 701 1866 1541
f 357 1924 1306
f 2509 2043 1306
f 1347 4794 2509
f 703 1348 1347
f 702 701 827
f 1916 702 1047
f 1917 1348 703
f 103 1916 101
f 1917 2503 4761
f 102 2502 103
f 102 660 2502
f 659 4301 2503
f 661 1817 659
f 742 2426 1816
f 2427 800 1817
f 175 2426 741
f 2427 177 800
f 177 176 799
f 176 1804 1961
f 128 1806 943
f 2415 130 2418
f 2418 4919 2415
f 2415 4919 1385
f 2418 4926 4919
f 4928 4919 4926
f 4926 4927 4928
f 4927 4897 4928
f 636 4928 4897
f 1982 636 4897
f 636 572 4928
f 4897 4927 1052
f 1052 4927 4926
f 4919 4928 572
f 572 2620 4919
f 2418 1052 4926
f 1972 1387 2058
f 1385 2066 2415
f 2620 1385 4919
f 1387 1386 2058
f 1352 2058 1353
f 941 1966 1214
f 1972 2058 1352
f 1806 1972 943
f 942 941 1839
f 943 2550 128
f 2550 3018 128
f 3018 1961 1804
f 1961 900 2188
f 1960 942 1839
f 301 2188 900
f 300 2189 301
f 300 1848 1158
f 299 1844 1829
f 4365 1848 2013
f 2013 236 4365
f 236 1831 4744
f 2636 2080 235
f 1831 2082 2123
f 4500 2082 2081
f 2081 1451 715
f 1451 1450 4376
f 1418 4376 1450
f 1452 2080 2636
f 2636 235 234
f 234 1175 1830
f 1829 2073 1830
f 1202 1419 2073
f 1418 1450 2074
f 1418 2629 4376
f 4378 2629 665
f 666 665 538
f 1753 1420 1419
f 1419 1201 1753
f 1753 269 539
f 487 1036 1035
f 540 666 538
f 4325 666 2996
f 2996 1746 4991
f 488 4780 1746
f 487 486 1036
f 488 982 4361
f 1035 981 487
f 453 4361 982
f 453 20 4747
f 19 4978 20
f 1416 604 21
f 1441 605 604
f 1441 4930 605
f 19 2495 4978
f 1732 605 4930
f 2495 2984 4565
f 4393 2984 762
f 4930 564 1732
f 761 2301 762
f 4999 761 563
f 5002 563 562
f 564 4930 2489
f 2489 4930 2714
f 858 562 2490
f 858 2533 562
f 1944 2534 844
f 2533 1946 562
f 1945 4544 1946
f 844 808 1944
f 1055 1945 1950
f 1950 2527 3249
f 2651 1996 807
f 2527 1995 3243
f 2532 1995 1994
f 2931 1994 1132
f 1132 2566 2931
f 2566 1987 2932
f 1987 1085 2932
f 1084 2932 1085
f 2205 1086 1988
f 1084 2204 3288
f 2723 3288 2204
f 2565 2723 1576
f 1574 2202 1575
f 2206 2333 1576
f 2340 2206 2195
f 3363 2195 2194
f 2194 1565 3363
f 2196 3350 1565
f 3348 2196 2259
f 2258 1567 1566
f 3348 2259 2757
f 3348 2757 1635
f 1635 2757 1644
f 1636 1635 1644
f 2248 3348 1635
f 2569 2248 424
f 2796 425 2749
f 2749 1483 2796
f 429 424 423
f 428 2572 429
f 2717 428 2791
f 373 271 270
f 272 2099 1609
f 1472 1609 2099
f 2099 4887 1472
f 271 309 311
f 2099 2650 4887
f 4887 2650 2092
f 311 310 1482
f 1483 1482 2796
f 1483 2749 2101
f 1484 2092 2650
f 4887 2092 1472
f 1609 1472 2094
f 2181 1610 2094
f 1610 2181 1554
f 1554 1553 1610
f 2278 1553 2182
f 1747 1538 2167
f 1538 4874 2167
f 2167 4874 1490
f 1552 1537 1536
f 1538 2168 4874
f 4896 4874 2168
f 4874 4896 4895
f 4874 4895 2657
f 4895 4896 2122
f 2360 2237 1537
f 2360 2180 2237
f 1474 2740 2180
f 2168 2741 4896
f 4896 2741 1497
f 2741 1631 1497
f 1474 1629 2740
f 1630 1629 1473
f 1473 2228 1630
f 2093 2101 2228
f 2733 2101 2246
f 2246 2193 2733
f 2733 2193 1625
f 1625 2193 1454
f 2229 1624 2120
f 2119 2118 1714
f 2230 2229 2120
f 1631 2230 1498
f 1631 1498 1497
f 4896 1497 2122
f 4895 2122 2657
f 1490 4874 2657
f 2167 1490 1489
f 2588 2579 1491
f 1489 2111 2166
f 1766 2182 2166
f 1760 2380 2209
f 2278 2182 1766
f 258 2278 2220
f 327 2220 1668
f 327 1668 2147
f 1669 2279 1679
f 1678 2777 1669
f 1667 2147 1668
f 2335 2148 2091
f 826 2335 2091
f 2335 826 1523
f 327 2147 1522
f 1522 259 327
f 259 2324 320
f 240 242 320
f 241 240 2790
f 2791 2790 2392
f 2391 2721 2392
f 2391 2397 3336
f 1251 3336 2397
f 2397 1774 2794
f 1773 1772 1782
f 1708 1774 2862
f 2400 1773 1781
f 2668 1291 2400
f 4888 1291 2668
f 2554 4888 2668
f 4888 2554 4852
f 4852 4854 4888
f 4890 4888 4854
f 4854 1292 4890
f 4894 1292 4854
f 4894 4854 4892
f 4892 4893 4894
f 4893 4871 4894
f 1601 4894 4871
f 4849 4871 4893
f 4893 2871 4849
f 1729 4871 4849
f 4892 2871 4893
f 4892 4853 2871
f 4913 2871 4853
f 4853 4836 4913
f 2304 4913 4836
f 4852 4836 4853
f 4852 4916 4836
f 2543 4836 4916
f 4916 2236 2543
f 4918 4836 2543
f 4836 4918 1721
f 4853 4892 4854
f 1292 4894 1601
f 4852 4853 4854
f 4916 4852 2554
f 4890 1291 4888
f 1292 1291 4890
f 1292 1601 1340
f 2862 1293 1708
f 1707 1340 1601
f 1708 2794 1774
f 1251 2397 2794
f 1250 3336 1251
f 1289 3325 1250
f 1289 1689 2747
f 1688 1249 2793
f 3318 1689 2789
f 1208 2820 2789
f 1688 2793 1707
f 2820 1208 1207
f 1601 1206 1707
f 4871 1602 1601
f 1602 4871 2312
f 1247 2670 1207
f 2671 2670 1165
f 2725 1165 1164
f 2724 1165 2725
f 2822 3174 2724
f 2823 2822 2271
f 1660 1299 1300
f 1660 1300 1653
f 2271 2277 2823
f 3081 2277 1659
f 3081 1659 2054
f 2768 2795 2054
f 1661 1660 2264
f 2949 2768 2015
f 2265 2002 2015
f 2526 2265 1655
f 1660 1653 2264
f 1654 1653 1300
f 2769 1655 2761
f 1300 1203 1654
f 2761 2313 3028
f 1163 2311 1203
f 2312 2311 1602
f 2313 1728 2922
f 2312 4871 1729
f 1728 1727 4689
f 4689 1727 2804
f 2804 2306 2805
f 4849 2871 1729
f 2871 4913 2304
f 2306 2305 2805
f 1721 2304 4836
f 2805 2305 1720
f 1719 3085 1720
f 476 3085 1719
f 4850 1719 2797
f 4850 458 1719
f 515 1721 4918
f 515 4918 1403
f 458 4850 2797
f 515 2538 516
f 515 1402 2538
f 1719 458 476
f 475 3085 476
f 3085 475 782
f 2487 782 2858
f 1918 660 2858
f 1816 1918 788
f 1938 783 474
f 787 1938 1886
f 788 742 1816
f 743 787 460
f 742 741 2426
f 2849 743 531
f 741 1805 175
f 1805 1930 129
f 1930 752 2418
f 2849 530 751
f 459 1051 530
f 752 1052 2418
f 2844 4897 1052
f 907 1064 1051
f 2842 4897 2844
f 1982 4897 2842
f 636 1982 1065
f 2831 571 635
f 571 2831 4898
f 2831 771 4898
f 572 636 573
f 572 2619 2620
f 4898 2811 571
f 2619 1901 2059
f 2811 4898 586
f 760 586 4898
f 1354 1901 587
f 1354 587 2739
f 2739 2729 1354
f 2739 587 2807
f 95 2807 587
f 1794 59 2810
f 59 2743 2810
f 2488 105 94
f 2488 71 105
f 58 2743 59
f 58 1350 2743
f 2798 1351 58
f 2798 679 1351
f 71 57 105
f 70 2778 1786
f 669 1915 667
f 2778 679 2798
f 1915 2786 678
f 4840 678 2786
f 2786 5006 4840
f 4840 5006 4841
f 4840 4841 4842
f 4842 4841 30
f 4842 30 188
f 5006 1620 4841
f 1589 4841 1620
f 4841 1589 42
f 1598 5006 2786
f 678 4840 4842
f 678 4842 187
f 4842 188 187
f 679 189 1351
f 58 1351 1350
f 1373 1349 1384
f 1374 2743 1350
f 2743 938 2810
f 2810 938 937
f 1967 2810 937
f 1967 2739 2807
f 2736 2729 2739
f 2729 2736 898
f 251 312 268
f 927 2729 898
f 314 1354 2729
f 312 251 313
f 1214 1966 314
f 1214 1246 941
f 941 1246 1839
f 326 901 1839
f 325 1843 326
f 313 251 250
f 268 1173 251
f 1202 325 252
f 1202 1201 1419
f 1201 269 1753
f 268 267 1173
f 268 928 1447
f 1447 928 2722
f 269 1449 539
f 1035 539 1449
f 1035 1468 981
f 1447 2722 1448
f 928 897 2722
f 2083 1417 1468
f 1416 21 1417
f 1415 897 896
f 1416 1441 604
f 968 967 896
f 1441 2714 4930
f 2714 1951 2489
f 967 939 1032
f 1073 1951 1033
f 939 2742 1072
f 1073 1959 859
f 1072 2742 2060
f 975 2060 1373
f 135 975 1803
f 134 1015 135
f 2693 976 1016
f 1959 2693 2659
f 2687 603 888
f 601 1015 602
f 1015 134 602
f 133 197 134
f 2683 197 1815
f 2683 1815 180
f 637 551 550
f 550 4787 637
f 637 4787 854
f 550 593 4787
f 2649 1900 592
f 592 4998 2649
f 592 5003 4998
f 5003 4995 4998
f 4998 4995 2646
f 4995 5003 2398
f 4995 2398 1082
f 2404 5003 592
f 4787 593 854
f 637 854 889
f 603 889 888
f 2687 888 2662
f 2659 2687 2662
f 804 1959 2659
f 2534 804 803
f 803 844 2534
f 844 806 808
f 802 1952 843
f 1952 856 1128
f 2651 807 806
f 1130 1996 2651
f 1128 856 1129
f 1133 1130 1161
f 855 1160 1129
f 1133 1161 1997
f 1900 2649 1160
f 4998 2646 2649
f 1986 1997 1081
f 2646 4995 1082
f 1086 1081 1080
f 1082 2398 1117
f 1086 1080 1988
f 1988 2643 2205
f 2643 1219 2203
f 2642 2203 1219
f 2642 2202 1574
f 1575 2202 1275
f 1274 2258 1275
f 1180 2258 1274
f 1180 2630 2258
f 1645 2630 1646
f 2246 1646 2193
f 2193 1230 1454
f 1179 1232 1231
f 1179 1178 2623
f 1218 1189 2623
f 1189 1116 1117
f 2613 1190 1423
f 1711 2244 2617
f 1711 2617 462
f 2613 1454 1453
f 1454 1460 1625
f 2118 1460 1712
f 1461 2244 1711
f 2607 2118 1712
f 2118 2607 1714
f 461 1713 2300
f 1714 1693 2119
f 1499 1693 2109
f 2108 2109 1315
f 1314 2108 1315
f 1491 1314 2588
f 1268 2588 2218
f 2319 2573 1267
f 1268 2579 2588
f 2579 2209 2380
f 2209 1327 1760
f 1761 1327 864
f 2373 864 863
f 2373 863 913
f 2373 913 813
f 2372 813 812
f 812 2560 2777
f 2560 2091 2148
f 826 2091 554
f 553 876 905
f 554 537 826
f 826 825 1523
f 825 1737 1523
f 1146 1524 1737
f 1145 483 501
f 1146 1392 2136
f 1392 1391 2399
f 1391 2555 2399
f 2554 2668 2555
f 2554 2236 4916
f 501 1429 1145
f 2236 1358 2543
f 2543 2542 4918
f 2542 1403 4918
f 945 2227 1359
f 1403 1402 515
f 945 501 502
f 502 484 536
f 2538 1402 946
f 2117 516 2538
f 1051 2117 907
f 536 535 1368
f 535 553 905
f 1064 907 906
f 876 2107 905
f 1064 906 1000
f 1001 1000 626
f 956 627 626
f 876 875 2107
f 877 652 875
f 956 2525 627
f 652 877 653
f 646 653 814
f 645 644 2525
f 646 814 914
f 2521 1009 644
f 914 75 168
f 2521 1974 1009
f 1974 18 17
f 1010 17 1099
f 1099 989 1010
f 16 121 1100
f 771 2831 989
f 771 760 4898
f 758 121 122
f 758 122 2486
f 586 760 759
f 759 93 586
f 93 2488 94
f 418 71 2488
f 418 721 417
f 722 733 2132
f 2486 2132 758
f 2048 721 723
f 122 698 2486
f 367 427 2048
f 699 698 82
f 688 699 81
f 81 2290 688
f 367 687 368
f 2290 2393 688
f 2290 4939 2393
f 2393 4939 1076
f 4939 1094 1076
f 4939 709 1094
f 1094 709 1119
f 2393 1076 2469
f 1256 368 687
f 1256 1702 718
f 1684 205 207
f 2292 207 206
f 2453 378 1702
f 2453 1599 708
f 1599 1598 2786
f 1598 1620 5006
f 1619 1589 1620
f 263 2446 2450
f 2446 2041 1582
f 1619 1584 1589
f 2208 1583 1582
f 1582 2035 2208
f 2035 4990 2208
f 2208 4990 4989
f 4750 4989 4990
f 4989 4750 4933
f 4989 4933 4932
f 4989 4932 5005
f 2432 4989 5005
f 5005 4997 2432
f 4722 2432 4997
f 4962 4722 4997
f 4957 4962 4997
f 4997 4932 4957
f 4957 4932 4931
f 4957 4931 4797
f 4797 1476 4957
f 2243 4957 1476
f 4797 4931 1481
f 4931 4955 1481
f 4955 1486 1481
f 1615 1486 4955
f 4931 4965 4955
f 4965 2022 4955
f 4933 2022 4965
f 4933 2032 2022
f 4931 4933 4965
f 4962 4957 2243
f 4962 1363 4722
f 4997 5005 4932
f 4931 4932 4933
f 4933 4750 2032
f 2032 4750 2035
f 4990 2035 4750
f 2432 2208 4989
f 1589 1590 2428
f 4722 41 2432
f 4934 41 4722
f 4722 4721 4934
f 4810 4934 4721
f 4707 4810 4721
f 4707 4721 1397
f 4721 2247 1397
f 4810 4707 2272
f 4934 4810 28
f 2247 4721 4722
f 42 1589 2428
f 28 41 4934
f 4841 42 30
f 188 30 29
f 4810 2272 28
f 403 2272 4707
f 1410 29 2422
f 390 1411 1410
f 404 403 4707
f 404 4707 1396
f 345 404 1396
f 390 146 1411
f 147 146 2266
f 404 345 389
f 2764 2266 2411
f 295 332 331
f 295 282 2411
f 282 180 1815
f 179 2683 180
f 179 2404 592
f 5003 2404 519
f 178 518 517
f 518 2385 492
f 2398 5003 519
f 494 1117 2398
f 492 2385 493
f 2396 2617 494
f 462 2617 2396
f 463 493 2385
f 461 1711 462
f 1713 461 2390
f 2390 438 1713
f 1713 438 745
f 463 2385 2386
f 518 784 2385
f 784 283 296
f 765 296 2314
f 436 2379 767
f 115 766 765
f 437 436 767
f 745 438 437
f 729 744 161
f 1691 1713 745
f 1692 1691 2371
f 1060 2371 728
f 1060 1059 1698
f 2359 1313 1059
f 1269 2359 1617
f 1030 1004 2341
f 1002 1061 1003
f 2349 1003 1061
f 1004 973 2341
f 631 1030 2341
f 631 599 547
f 600 2334 420
f 574 548 599
f 548 547 599
f 1618 1617 547
f 2319 1267 1618
f 97 2573 2319
f 97 96 865
f 576 98 2323
f 96 76 865
f 76 75 2570
f 75 169 168
f 155 169 62
f 576 60 77
f 60 575 61
f 2498 62 2303
f 36 6 2303
f 600 34 61
f 420 419 600
f 647 2299 420
f 35 421 397
f 35 397 370
f 35 370 369
f 35 369 36
f 341 6 36
f 81 341 2290
f 2290 709 4939
f 692 1119 709
f 2285 710 342
f 2285 371 693
f 694 2283 2100
f 2283 4862 2100
f 2283 2280 4862
f 2280 4861 4862
f 4861 794 4862
f 794 4861 4867
f 4889 4867 4861
f 4861 4866 4889
f 4866 1377 4889
f 4889 1377 1343
f 4866 4861 4865
f 4865 2254 4866
f 4865 137 2254
f 4891 137 4865
f 2276 4891 4865
f 2276 4865 4861
f 4867 4889 1343
f 4860 4867 1343
f 4860 2235 4867
f 371 670 693
f 671 670 399
f 2280 2283 672
f 2280 648 4861
f 399 398 671
f 2299 647 398
f 648 2276 4861
f 4891 2276 192
f 192 138 4891
f 420 190 647
f 632 191 190
f 163 138 192
f 2349 730 191
f 730 729 161
f 161 744 766
f 163 162 138
f 137 4891 138
f 137 2263 2254
f 766 115 136
f 117 2254 2263
f 115 333 116
f 345 1396 116
f 1396 4707 1397
f 1398 2254 117
f 2254 1377 4866
f 1364 1377 1376
f 1397 2247 1375
f 2247 4722 1363
f 1376 1365 1364
f 1363 4962 2243
f 1364 1343 1377
f 1342 4860 1343
f 1341 2243 1475
f 4860 1342 951
f 2235 4860 951
f 795 4867 2235
f 929 931 910
f 910 4859 929
f 4905 929 4859
f 4858 4905 4859
f 4857 4858 4859
f 4857 4859 909
f 4879 4858 4857
f 4879 4857 4869
f 4793 4879 4869
f 4869 570 4793
f 1204 570 4869
f 4879 4793 4851
f 4851 4878 4879
f 4879 4878 4884
f 4878 821 4884
f 4851 4883 4878
f 4878 4883 5001
f 4878 5001 2110
f 2121 5001 4883
f 2121 2114 5001
f 541 4883 4851
f 4851 4793 542
f 4869 4857 2214
f 4857 2219 2214
f 4884 4858 4879
f 4884 4905 4858
f 4884 4868 4905
f 4884 2106 4868
f 2106 929 4868
f 929 4905 4868
f 4859 910 909
f 4857 909 2219
f 2214 2219 318
f 4869 2214 1204
f 255 209 253
f 210 209 890
f 1412 211 1459
f 1413 1424 2200
f 1020 1413 2200
f 1020 2200 388
f 2183 254 1412
f 1048 1413 1020
f 998 997 1199
f 970 1049 971
f 970 2151 1049
f 624 2183 2151
f 622 969 623
f 623 969 1440
f 291 624 290
f 1439 597 596
f 1204 290 570
f 4793 570 542
f 542 541 4851
f 541 2121 4883
f 2121 871 2114
f 2110 5001 2114
f 2110 821 4878
f 4884 821 2106
f 2106 795 929
f 4867 795 794
f 2100 4862 794
f 2100 1142 694
f 1142 1141 694
f 793 820 1140
f 1118 820 819
f 1119 692 1141
f 819 847 1118
f 1094 1119 1095
f 1076 1094 2090
f 2469 1076 1075
f 1075 221 2056
f 221 1578 222
f 2087 1074 1093
f 846 2087 847
f 845 870 846
f 1573 1643 2079
f 869 543 870
f 2128 2075 543
f 1573 1569 1643
f 2128 1568 2075
f 1400 1568 569
f 1643 1569 1562
f 1643 1642 2079
f 2079 1642 1577
f 1578 1577 2064
f 222 1578 2064
f 222 1637 2473
f 1638 261 1633
f 1637 2057 2292
f 1632 1600 2057
f 1632 2055 1600
f 1634 1633 261
f 2450 2055 263
f 1647 262 261
f 2070 2047 262
f 2070 5000 2047
f 2070 4885 5000
f 4885 1265 5000
f 5000 1265 1694
f 1616 4885 2070
f 1616 1595 4885
f 2047 5000 216
f 263 218 2446
f 216 5000 217
f 2446 218 2041
f 2041 2035 1582
f 5000 1694 217
f 2035 1695 2032
f 2032 2023 2022
f 2022 1615 4955
f 1683 1297 1614
f 1615 2014 1486
f 1486 2014 1487
f 1481 1486 1993
f 4797 1481 1480
f 1480 1989 4797
f 1476 4797 1989
f 1476 1475 2243
f 952 1475 1469
f 930 952 1758
f 891 1758 1555
f 210 1555 1981
f 210 1981 1752
f 1425 1752 1551
f 1549 1471 1550
f 1426 1551 1539
f 1426 1539 1531
f 67 1531 1533
f 67 91 39
f 38 1442 39
f 38 388 2200
f 27 80 40
f 388 426 1020
f 80 79 51
f 79 514 51
f 426 50 401
f 401 1188 1187
f 1018 401 1187
f 1018 1199 997
f 1199 1198 998
f 1389 1388 1198
f 1388 1440 969
f 1439 623 1440
f 1400 597 1439
f 1563 1400 1357
f 1355 1401 1356
f 1382 1563 1357
f 1381 1356 1390
f 1382 1409 1564
f 1409 1616 2070
f 1381 1310 1408
f 1311 1310 416
f 1312 1597 1616
f 1588 1311 416
f 1597 1595 1616
f 1595 1266 4885
f 1265 4885 1266
f 1265 1298 1694
f 1683 1298 1297
f 1596 1297 1273
f 1336 1264 1272
f 2005 1273 1217
f 1217 840 1586
f 352 1135 1216
f 1134 796 840
f 1586 840 1144
f 1586 1144 1091
f 1581 1091 1090
f 1125 1581 1090
f 1485 1125 1154
f 1154 1098 1470
f 1550 1098 1097
f 1126 1038 1037
f 1038 841 962
f 1114 1078 935
f 1039 1053 1097
f 1053 987 1540
f 1532 987 986
f 1029 988 954
f 986 1028 68
f 1069 68 1028
f 131 1069 1367
f 3 1367 1
f 1 344 184
f 344 280 279
f 944 1070 1345
f 1029 954 1070
f 280 955 281
f 902 954 988
f 904 281 955
f 902 1114 903
f 904 894 220
f 935 903 1114
f 1078 962 935
f 841 798 962
f 860 798 797
f 861 860 1212
f 894 912 862
f 894 293 220
f 294 293 925
f 874 294 925
f 1177 873 861
f 811 873 328
f 874 810 360
f 4923 360 810
f 360 4923 4924
f 360 4924 1427
f 4923 886 4924
f 1436 4924 886
f 810 809 4923
f 4923 809 886
f 5004 885 852
f 212 5004 852
f 756 5004 212
f 756 4982 5004
f 885 5004 4982
f 885 4982 775
f 886 1446 1436
f 4924 1436 1427
f 1427 361 360
f 204 361 202
f 202 1405 265
f 308 265 1405
f 1395 219 308
f 1383 1399 872
f 1395 239 238
f 108 239 109
f 107 109 1366
f 1366 143 107
f 143 1321 119
f 1956 1321 1290
f 1290 1288 1956
f 1270 14 1288
f 568 499 1270
f 521 568 1255
f 1238 1255 1245
f 1152 1238 1237
f 1248 1225 1229
f 1063 1200 1213
f 1191 1237 1205
f 1174 1237 1191
f 1237 1174 1152
f 1238 1152 1143
f 1139 1802 1143
f 1131 1662 1139
f 1333 1131 1120
f 1333 1120 1115
f 1115 1050 1262
f 1103 1127 1092
f 1096 1079 1050
f 1092 1162 1083
f 1083 1186 1077
f 1077 1200 1063
f 1079 1071 1050
f 1062 1063 1213
f 1213 1021 1062
f 1050 1046 1521
f 1034 1735 1046
f 1008 1529 1034
f 1031 1062 1021
f 1021 1213 1014
f 1005 1014 1225
f 1008 999 1528
f 1225 990 1005
f 999 980 1666
f 1271 974 990
f 974 1305 972
f 980 966 961
f 961 960 1671
f 953 936 960
f 950 972 940
f 932 1676 936
f 1680 932 915
f 940 922 926
f 1759 915 911
f 911 908 848
f 893 899 922
f 882 908 895
f 893 1344 887
f 881 887 1371
f 908 882 857
f 1383 872 881
f 1414 868 872
f 1430 853 868
f 857 848 908
f 1443 842 853
f 848 829 911
f 1443 833 842
f 822 911 829
f 815 1681 822
f 801 732 815
f 833 789 805
f 684 731 801
f 786 697 684
f 1458 785 789
f 781 641 786
f 785 885 775
f 642 641 781
f 768 775 4982
f 642 650 677
f 768 4982 756
f 651 650 750
f 662 651 663
f 737 167 663
f 472 471 737
f 440 472 711
f 186 700 717
f 711 707 441
f 707 695 691
f 657 691 673
f 757 657 649
f 757 649 577
f 612 585 649
f 577 649 585
f 450 757 577
f 549 330 450
f 591 561 565
f 561 591 532
f 100 99 549
f 100 529 79
f 532 83 520
f 514 79 529
f 520 11 503
f 514 52 51
f 52 495 402
f 402 495 491
f 1166 491 473
f 464 1167 473
f 23 1421 464
f 445 457 63
f 1422 23 22
f 22 416 1310
f 24 439 422
f 439 4870 422
f 45 4870 439
f 405 422 4870
f 416 409 1588
f 1272 409 400
f 4870 395 405
f 400 387 1272
f 4870 32 395
f 1216 387 365
f 356 372 297
f 365 352 1216
f 352 334 1135
f 343 356 298
f 1176 334 328
f 328 324 811
f 852 324 319
f 229 852 319
f 297 298 356
f 292 297 372
f 372 31 292
f 31 106 292
f 193 249 266
f 256 233 287
f 229 319 233
f 852 229 212
f 212 208 756
f 195 756 208
f 193 198 249
f 724 195 186
f 174 193 266
f 174 266 132
f 170 700 186
f 170 164 700
f 164 151 683
f 132 160 174
f 151 144 658
f 634 144 139
f 266 127 132
f 292 118 127
f 139 126 111
f 292 106 118
f 633 111 104
f 92 106 37
f 104 84 633
f 598 84 83
f 520 83 11
f 503 11 10
f 10 63 457
f 12 78 56
f 445 63 46
f 92 37 56
f 45 439 46
f 4870 45 33
f 31 37 106
f 33 32 4870
f 31 372 32

