# https://github.com/mikedh/trimesh
v -160.15463855 -106.67699256 720.70490384
v -146.23932228 -116.31654427 683.64356258
v -143.91951755 -123.80951670 710.02279437
v 10.82294563 20.81385811 706.60672303
v 20.73237941 34.15454636 692.28194872
v 20.55621450 14.59626223 662.38642251
v -45.10232538 -89.88345688 1706.09010384
v -60.42346093 -79.61521880 1708.89654143
v -56.87260391 -82.55020606 1683.91480282
v -150.55892093 -39.09101769 300.41706413
v -149.32716165 -29.80628033 262.41303249
v -142.05851221 -36.54775816 276.41550413
v -100.67991857 49.29653552 476.84661256
v -112.13881674 57.93532268 454.93326026
v -133.12729747 43.71027061 475.26824416
v 0.29197163 27.56993684 742.29627314
v 5.61294327 29.28721558 751.00478705
v 5.70299771 23.24416958 737.19053770
v 20.81149011 115.50874017 1391.78720166
v 7.64107251 109.75112590 1401.13171760
v 39.17116932 115.27467967 1413.00788484
v -126.10877433 -99.75311174 582.27860936
v -123.47415616 -105.00149580 600.68521827
v -137.23807897 -96.87810218 596.37303727
v -129.17689820 -136.65093867 720.49958093
v -122.51792966 -132.99778430 683.53510337
v -106.24133154 -144.27980027 727.89824651
v -183.45744282 8.94666144 815.01784011
v -173.56317914 27.63981650 833.74107435
v -176.90783197 22.06584998 814.57119708
v -143.05926209 -18.92829110 222.81249227
v -158.24652121 -12.70254289 227.55034196
v -143.29113880 -14.43767947 203.45582313
v -69.20606859 -133.21411002 1045.33168803
v -64.08234871 -138.48257368 1029.34667051
v -42.42968672 -141.50094034 1039.68599791
v -133.74086307 -15.86689008 215.41281232
v -80.52311372 -137.62726400 697.65081631
v -99.65552242 -139.15508849 689.98552507
v -80.65684418 -132.63616007 687.78466216
v -180.80329442 -0.16179346 774.91445440
v -177.79814459 9.49323035 783.84471698
v -77.48232462 -56.87338443 1700.58004340
v -69.19368794 -68.41313089 1699.33796702
v -136.96836586 -21.46838917 230.06431168
v -152.93224650 -21.94841648 243.91256387
v 142.13395905 108.85833424 1269.75916951
v 127.75444938 112.90451645 1262.86873331
v 143.29327313 118.02772641 1291.09173237
v -47.73987999 -116.43725250 702.33728604
v -65.64348361 -134.76280479 711.23026701
v -57.12123079 -126.62517780 699.55763946
v 181.45617212 3.39256989 281.99037769
v 180.12081643 24.48293497 252.48676221
v 186.00021038 25.65509666 282.03060698
v -133.59032285 -24.57987781 246.70995568
v 12.71601064 -87.24188141 1504.32478943
v -4.14223860 -89.75290336 1498.01652492
v -0.11896612 -74.36089787 1502.07231650
v -88.51121488 -126.79024419 1007.59397117
v -58.85867402 -140.65502993 1016.36577468
v -89.92260643 -126.36820023 1026.67589593
v 358.70909555 40.76150021 960.82713581
v 349.61977861 50.04114068 959.93126176
v 343.65787779 58.30032955 991.02035209
v -107.14053855 -131.18829473 660.93307714
v -111.51017651 -135.31273805 680.72790553
v -142.66534823 -29.54462208 257.27476655
v 19.67327545 -95.82498754 1526.38712738
v 3.44979198 -105.99992092 1518.42915562
v 19.54774104 -95.70970437 1511.07337699
v -36.79282225 -99.77235643 1678.08043009
v -48.53147743 -91.35210279 1680.68490761
v -92.88668757 -119.21593399 986.19245104
v -75.10127174 -126.70454929 980.42273488
v -136.39666533 -41.82600543 301.25989173
v -137.73872564 -134.94955067 736.36055158
v -123.47019861 -142.26612793 741.05276145
v 28.64505633 45.61035843 693.50420640
v 26.94568761 31.93756732 662.50377206
v -135.96597998 -46.52188217 320.52522983
v -147.55440530 -46.67060709 336.91230643
v 149.98013634 63.50271251 1230.66856861
v 154.95383085 80.74271898 1258.58943070
v 154.93964443 64.98924729 1244.58343453
v 382.56664184 10.65327385 900.31381339
v 382.12345105 -0.79865730 901.87485626
v 388.72547026 2.05118538 886.84782266
v -138.12109950 -54.40637926 370.78147486
v -9.47167051 -49.10341442 1478.05114978
v -10.68213553 -52.29950493 1493.54856182
v -19.12848802 -52.35936303 1488.65514310
v -98.32573794 -118.79488242 972.31154881
v -100.97305342 -119.10411266 958.48454272
v -80.36193771 -124.75767563 961.09205780
v -123.59599857 -52.88853254 370.19191205
v -152.92798519 -120.72912399 731.33801643
v 181.30676197 53.70540750 290.89015571
v 189.01885435 35.23099375 307.37286385
v -128.98716993 -55.14417451 376.00804054
v -30.80818562 -65.97264797 1500.06755463
v 4.03362976 -59.77795993 1502.75339548
v -121.38290161 -61.30989929 405.10441388
v -137.28534062 -113.60401630 646.23395947
v -145.42241257 -100.93672558 626.32974369
v 26.79808329 9.83853171 618.78168567
v 32.64368688 30.20365095 625.70056108
v 33.78543556 22.26387604 596.64963365
v -112.21425449 -56.24443546 404.04281776
v 98.98991289 19.30241215 63.65565070
v 98.42242464 41.34648861 64.44726280
v 98.72349694 48.81266535 53.90660056
v 11.05461386 -103.37383790 1273.08939045
v 20.96674610 -108.76615214 1258.06133064
v 21.57794431 -102.54814162 1280.78274746
v -110.17496423 -47.62999753 373.57327962
v -132.89627705 -127.88462085 686.46007605
v 25.47217992 -8.55021618 603.24444231
v 24.89939815 -0.81672218 626.00460469
v 66.07539718 55.71250848 1487.84364024
v 58.40053352 62.33348397 1491.95084748
v 55.70449329 52.71192623 1499.93251357
v -92.77076095 -39.93003899 398.53273367
v -94.36337132 -49.28425916 415.32297361
v -4.13779942 101.17508042 1426.19024151
v -13.33210977 97.50637027 1439.71411754
v -9.13356032 93.70677344 1453.88928055
v -130.81673307 -140.84921143 764.14022079
v -144.80685694 -132.44086920 762.41795047
v -110.30262576 -61.08838460 416.02496415
v 6.58273820 -97.78175728 1620.75968105
v 5.96015889 -99.34108539 1612.39780980
v 32.18784960 -88.85869697 1611.55059507
v -1.92515571 -104.35776599 1287.88693982
v -4.00304898 -109.93304757 1262.82763826
v -103.56978623 -63.69392389 437.19381006
v 369.61185972 -44.25140353 842.98929838
v 377.99813293 -39.76426353 848.64137731
v 365.89100207 -34.40147197 880.85609210
v -151.74897683 -106.46244550 667.45991515
v -113.11003044 -65.51407229 430.04322965
v 3.40759583 -113.84254520 1567.60660435
v 18.86713510 -100.11039409 1558.13292125
v 23.62249779 -97.99013541 1573.02590714
v -16.38422075 109.88768257 1633.09591018
v -12.97206031 99.63357539 1604.44385184
v -24.81280303 95.03366450 1603.46016912
v -144.75249103 32.31280809 484.00910926
v -153.19272141 31.96531302 460.61441417
v -159.01269088 22.36515216 461.85734089
v 23.54082955 -22.22739230 619.26832259
v 27.87751449 60.22815643 1509.29336474
v 35.60742320 64.30652045 1501.84383735
v 17.42846516 75.53715940 1492.98165740
v -126.55188038 -67.51181421 431.66054141
v -14.02485338 -118.38819126 1238.77365768
v -12.88974872 -120.65072787 1224.65018553
v 2.83696801 -117.72582881 1234.13466477
v -114.25696311 -76.90377164 458.50986440
v -171.49871101 -0.92819585 420.23932509
v -167.88106264 5.95973340 443.07239433
v -175.36604863 7.62919041 407.91719702
v 29.11269403 -38.31336651 606.23468304
v 26.96522774 -22.40020670 599.30000688
v -123.10202167 -72.81358660 448.67699475
v 111.10467241 87.74938311 93.42366654
v 105.59811987 87.47756635 67.15707189
v 104.68449816 77.86684418 85.56384550
v -127.61098177 -75.97670646 464.03713641
v -43.56967383 99.95874828 1427.39764231
v -40.42864978 94.37637012 1444.91994301
v -167.62076152 -41.14798140 648.49343865
v -167.09147024 -25.42417164 652.30022959
v -165.76809932 -39.42346817 627.84704194
v 345.77811327 -69.42599654 794.80317592
v 352.11433506 -73.52554232 787.69923210
v 364.36014384 -71.04944008 803.86367100
v -123.60655478 -119.47843876 642.56899309
v -128.80077453 -80.18197048 485.57036997
v 33.33155681 -94.23971414 1637.84957961
v 14.65683454 -99.01339297 1657.30816996
v 20.88384946 -100.69071559 1644.52259708
v 9.20953185 -117.67857861 1218.99438084
v -8.47269073 -123.20781660 1211.87282681
v 5.08576368 -120.20723591 1200.91952459
v -109.76326307 -82.46756446 480.24878961
v -165.19867014 -4.93887747 469.46415538
v -157.08516931 11.65401750 484.43268707
v -116.72324879 -88.13916361 497.66319634
v 39.72961732 -83.30393571 1622.16220980
v 31.06928404 -89.53481252 1621.36546536
v -125.88836404 -87.16399241 521.94548832
v 122.29644185 118.45061915 884.31708439
v 154.37775966 87.02848298 873.56401944
v 141.13014899 101.82888618 865.44251239
v -158.10266991 1.44341242 591.00753512
v -162.89305694 -21.71435992 594.19497490
v -163.87618507 -10.16647160 639.24172544
v -53.11793860 46.40146049 610.53597864
v -49.10444446 47.72233324 628.34797348
v -38.15229209 37.33036909 613.79093259
v -110.16534058 -96.03685191 538.00970003
v 23.57194039 -45.27150187 1434.06608157
v 31.28268022 -55.48684547 1414.46502940
v 39.15633031 -46.41504843 1425.66851693
v -126.01943366 -89.81636282 548.64376077
v 162.93808153 76.25127480 389.32620321
v 151.23113070 84.37283453 388.83879186
v 143.51945322 81.23389967 413.26822326
v 90.90453922 -107.58396360 973.72841393
v 120.14119566 -89.10938913 979.86339711
v 99.62286505 -102.80046076 985.67826311
v -159.58591166 -61.99016979 581.10750264
v -163.39673848 -46.94679700 596.59506327
v -161.42903502 -49.29328006 570.67668831
v -36.75359359 31.88680278 590.96679562
v -43.86927915 35.87230279 578.45468913
v 50.29994000 37.14530905 1600.12638181
v 54.78603735 22.74547972 1605.13735434
v 47.76283712 20.33128882 1595.93211992
v 232.26920160 27.92942080 1100.83028205
v 238.23922011 19.38034153 1095.26502171
v 231.98000481 19.91253070 1109.78772802
v -112.22463419 -102.21872829 572.60382835
v 333.52465903 -15.81336348 966.25750930
v 334.87729636 -10.56962529 993.22051326
v 316.69152982 -17.01199752 985.52221894
v -100.60524591 -101.33420469 554.19248852
v -73.62753523 -4.86088476 1480.93967717
v -80.10176823 4.01581394 1487.18935935
v -78.28766904 -0.63127440 1454.93903200
v -157.72416308 -72.07710261 601.26085666
v -149.59474397 -82.57771416 588.57741462
v -155.22790526 -91.62204445 635.73075579
v 49.43381445 134.20274739 957.35815493
v 49.20840331 125.11462939 986.16171896
v 76.62055093 121.65224325 990.87510893
v 104.26054479 67.66466769 148.52014668
v 111.77889577 80.05753990 141.30342188
v 105.96310929 71.43412237 116.60052128
v 353.17518886 9.37987802 1004.09132037
v 341.43145539 7.30856598 1032.34471646
v 345.68490773 -0.59710575 1002.32624718
v -94.52228035 -106.18218090 586.43197761
v 150.17943541 -26.55925436 1391.03244360
v 147.19610748 -14.72187308 1409.83313930
v 114.32047515 -10.10453083 1420.63188688
v 31.04415994 -30.92610322 1450.50005470
v 14.07795861 -38.51117982 1457.65998663
v 9.90216123 -42.43699003 1442.83093641
v -108.27226751 -110.67033560 604.03437291
v 0.71390095 112.99323828 999.92453546
v -5.03591366 121.33462360 976.98263225
v -36.58125937 111.35657468 988.66166063
v 369.59672309 21.28259787 890.12712216
v 369.46758168 14.61489301 859.72095446
v 362.70139787 14.36707982 865.25786201
v 66.45874409 -118.53029042 966.90558242
v 42.74654371 -127.74399719 967.63985793
v 55.95493742 -112.55949081 946.38852617
v -163.29953757 -20.51553867 578.24324768
v -87.87624036 -108.18565010 598.17532737
v 136.99629682 -42.23371292 1365.37301637
v 132.43947992 -58.61817686 1345.63410148
v 153.56519180 -42.91063227 1349.96738431
v 23.87270613 138.38196816 922.32497272
v 15.98189301 137.86512498 903.24414619
v 7.37106001 132.62937491 943.23940186
v -84.41631156 43.90934967 1730.40872643
v -73.58460602 49.53933020 1750.85958153
v -72.35987358 67.10319566 1721.49649824
v 359.48522507 -2.32620507 965.41159620
v 351.21964450 -10.92071739 962.79347936
v 363.82053155 -11.93519398 935.34828884
v -98.45961536 -120.39528963 628.96602201
v -151.19524602 21.22793478 627.27322372
v -145.70289844 30.70892644 672.55693951
v -144.04613739 29.90274919 622.57238968
v -170.59946555 -32.33776138 672.79379555
v -171.90614772 -11.26389401 702.62473076
v -167.89016008 -9.64412562 676.30215122
v 251.64043769 10.08077723 1112.81823997
v 246.37867867 15.23107186 1096.68726489
v 263.25692861 12.10929863 1095.77118041
v 343.08947078 -15.38678141 961.04575299
v -83.61372649 -115.20496388 621.25887583
v 57.86694729 12.95873595 1597.37864051
v -25.11178221 -45.24042361 1458.64562974
v 0.17303037 -42.28234055 1463.13093879
v -85.87627386 -120.30290295 639.50694139
v -160.44223979 3.63283748 649.64543097
v -159.91730482 4.00745091 630.12815381
v -166.86787207 3.45374860 704.71201955
v -69.41822038 -115.30917826 648.23306249
v -77.54044272 -106.25838739 605.83149779
v -76.59740283 4.13009759 1504.63402508
v -74.93072037 13.62197012 1507.95163349
v -81.65681018 19.38817967 1498.08854355
v 146.60644033 -78.19449506 551.76225729
v 161.28201661 -63.28107415 550.84719579
v 159.69350558 -73.47308789 566.46351701
v 335.79166663 3.26439325 890.43119544
v 353.62121817 16.74691424 883.39282065
v 347.04994728 2.28533645 866.77231624
v -162.60075653 -26.48752705 563.73300785
v 128.96116147 108.59048311 913.32086397
v 104.61795358 121.17275712 929.06203961
v 122.05868608 107.50033379 930.08950756
v -63.02344271 -103.82774586 624.52370719
v 119.42734337 -1.09767449 1428.80540728
v 102.97426544 -11.28748882 1423.44687103
v 153.66544819 -66.33071932 496.22991327
v 159.64492029 -59.60879084 495.78092434
v 152.85800220 -68.03148805 530.59479966
v -38.79594289 -42.24090650 1460.00085797
v -36.43727145 -45.72114873 1442.62775857
v -24.06807408 -44.84278223 1446.33739856
v -63.15475873 -109.86617163 639.12302808
v 39.99263077 131.82815936 967.43612013
v 34.57213407 118.73855108 1000.71284428
v -155.69083428 21.39630414 706.56364772
v -151.50511566 22.74873519 656.13775467
v 95.04581242 7.17010405 64.59966958
v 104.07895756 12.07014552 48.83350700
v 101.85988699 0.48512423 39.27301499
v -58.83391536 -109.39594155 655.46466803
v 162.84225512 0.55560130 1420.72381607
v 137.77670821 -7.43593716 1418.50262921
v -16.09403943 101.58450257 1015.91309043
v -42.44269868 -88.29343341 632.65870025
v -126.35569379 42.30123512 600.25836378
v -113.97797358 48.83265649 608.69059820
v -122.20593498 45.43349738 590.09822427
v -181.32081324 -22.07399154 746.39099476
v -177.38812343 -7.51418129 739.96636432
v -179.52636573 -26.45744669 716.13318124
v -35.07069576 -85.23860701 655.85528640
v 158.79463583 -61.49464489 533.75329022
v 239.18386810 22.51832061 6.95703648
v 101.16343989 47.22048842 4.65610157
v 227.84242678 46.36382979 7.07279694
v -1.24489055 -130.83003198 1122.54421585
v -1.31659409 -130.45840638 1102.72032236
v 9.04563774 -128.73120968 1116.68674434
v -44.90322508 -101.91995150 668.98670343
v -127.38667608 43.82801299 613.30581660
v -144.81528032 25.23633888 588.79350524
v -180.38734384 -47.22387688 745.60238710
v -184.34486026 -40.94157931 765.57013112
v 27.59460139 70.55218181 1588.50620751
v 14.98446449 65.89223030 1575.90941032
v 8.28173803 81.15132797 1590.85810245
v 40.02291054 -80.84653619 1687.02394865
v 50.73992983 -54.19989842 1676.08584127
v 45.74158516 -65.99650013 1699.82055717
v -56.03668624 -115.38363096 685.30311780
v 362.68752359 8.67688621 975.90193779
v 363.17454329 25.86569907 984.86450016
v -69.34703094 -125.13337433 685.46812800
v 134.67225088 119.34882077 1373.70209907
v 158.85129255 112.03271794 1359.89237121
v 125.82222265 126.50704571 1340.75825570
v -158.84134471 14.80477767 686.92806617
v 291.06063842 -13.20575756 982.81852816
v 294.72171965 -13.98022497 994.38990165
v 283.78604139 -8.86122376 984.70141531
v -80.77724486 -126.63155965 668.88121598
v -29.60408051 -123.73851772 1549.85022653
v -19.95342583 -126.69852994 1551.45122371
v -20.37472489 -122.31617026 1566.41542870
v -29.37165279 -133.98752074 1095.02103451
v -24.78073917 -135.95465208 1085.12841573
v -10.73790337 -134.06980221 1083.32117929
v 85.65852107 129.92146947 942.58313243
v 92.16484228 124.00856237 954.04940097
v 347.54477535 25.19264340 898.26549699
v 338.93859813 32.41112633 914.55037396
v 346.59484713 35.98112847 913.11966227
v -110.01580166 53.48312854 643.10533783
v -95.70375309 -132.90946708 673.82057123
v -20.47631802 -131.22836574 1575.60359775
v -12.47635611 -131.73173093 1575.20707176
v -11.79330779 -133.46524896 1583.87473351
v -103.00908061 -3.30888198 1648.46345482
v -101.10914586 17.89249953 1642.50512701
v -99.23436933 10.03525626 1619.46301466
v 299.38389326 -15.51531094 969.77592902
v 309.32863502 -14.80491791 1001.98054753
v -88.74288425 -127.85983843 655.72561184
v -87.53704087 -144.40068911 727.60687644
v -177.45392336 -89.29952456 808.01107974
v -187.93371146 -55.44222727 821.22461302
v -185.05133718 -52.55672356 790.24662427
v 46.60765925 -52.69409723 1715.71508430
v 38.23147520 -76.22550336 1699.56415658
v 312.17139796 -9.56936844 1038.66566332
v 325.03513422 -7.40209878 1026.43058131
v 27.34554034 80.91728756 1602.88127451
v -69.24905099 -122.61905875 1085.91657489
v -48.45259225 -132.03195516 1077.33958909
v -49.62491518 -129.55791847 1094.95789779
v -106.55296643 -124.07923979 642.40239726
v -33.00519313 -94.42955784 685.38764359
v -32.35887660 -101.44430764 701.02719475
v -190.61836415 -33.01475215 823.88186716
v -189.63481571 -35.33264912 814.26105710
v 211.75520036 18.34960464 13.99337024
v 211.33840568 3.39424332 18.66813762
v 222.17499062 1.92678484 14.13106892
v 157.64436291 111.07044247 1297.67446907
v 154.10726508 116.79258449 1306.45831958
v 376.67423640 17.92430739 906.62108137
v 366.03700110 27.67001786 910.39604530
v -134.77757677 40.08913963 644.16153589
v -123.85602144 48.65799190 659.51680860
v -120.26919886 -113.37062949 618.69732115
v 13.92395352 -105.15436418 1539.32884398
v -25.49167167 -135.04918595 1069.28276314
v -39.57733743 -136.04693723 1058.05384900
v 156.11251725 62.24240944 934.90789586
v 136.61397992 89.97879415 934.91019939
v 143.44816974 77.52113124 964.09873282
v -12.37331298 -121.79141753 1566.88664198
v -10.94323062 -125.79771080 1551.52127577
v 107.09754703 114.82683013 960.10911398
v 175.12873680 -63.40301962 608.63563295
v 162.34847552 -77.99467851 601.45660709
v 166.36218192 -66.00504222 567.69925555
v -0.62728997 95.37514808 1030.68886716
v -39.79469169 89.81972380 1030.83686551
v -173.05789915 -85.56509023 741.30231741
v -162.24100570 -111.85101071 758.66852601
v -170.14531680 -98.43192679 771.96175936
v -131.34298540 -86.79732734 553.59201518
v -104.24535233 43.87213231 512.70081081
v -110.65744064 42.66118140 547.88914299
v -96.34761924 44.32897281 548.79329076
v -1.71367813 24.24217144 721.86875869
v 5.54893446 16.93872579 718.17902426
v -22.11835404 70.24319253 1579.96650094
v -33.52597351 88.76995829 1598.46150483
v -10.33061510 87.09555592 1588.66345783
v -138.87688435 -74.78539530 541.61980339
v 62.14432394 29.89553424 1483.22081593
v 59.31189068 11.12982374 1467.87919179
v 70.66644770 14.78604228 1457.88138699
v -100.12039656 47.76285969 567.35304755
v -88.04975918 53.82560014 611.31704295
v -77.99508167 50.99246494 595.00824762
v 141.50616115 -109.45480897 35.20926879
v 133.20458869 -97.25803128 38.23127287
v 132.71329940 -110.38837762 24.73673176
v 98.12528116 -107.79407460 635.82224835
v 99.01285577 -100.04908427 609.06991507
v 127.28864131 -96.25288987 606.35719312
v -152.09279654 -58.15563628 550.14979635
v -28.39399501 -87.25450431 1363.29462502
v -13.47021551 -80.38913035 1376.84702132
v -24.99660436 -78.22077438 1381.15406118
v -176.15859914 -56.81264606 716.13760772
v -168.40194117 -85.51365496 709.93387133
v -145.17898735 -82.01407313 570.09733339
v 371.94723794 -25.56834652 893.34800556
v 361.30040674 -22.97764890 917.56253160
v 385.67951352 -4.64511987 769.46118950
v 371.57150866 -6.81669065 759.06992012
v 371.46608858 6.10440680 772.06430842
v -111.60695988 45.53581137 493.15601850
v -125.03183439 46.10940114 478.08207612
v -154.91289854 -68.13893827 568.74766468
v -44.12212000 -78.83954818 1373.76002504
v -58.89048197 -65.87981749 1392.19561196
v -69.12933213 -72.94107551 1370.99644729
v -57.93633323 -75.43112184 1510.77787111
v -67.37181101 -63.86583694 1525.01395008
v -59.32323224 -52.70212452 1513.94002101
v -157.35755819 -46.30636011 549.61412945
v -121.96153158 71.34259716 416.77661911
v -129.34145136 73.45254378 408.12359020
v -141.06697372 52.58316716 443.08015246
v 63.45752049 -35.35261139 481.74590111
v 56.45977723 -27.51749653 480.21862758
v 84.22881524 -47.25321013 464.14280298
v -18.38530518 102.11332216 1422.30201799
v -52.53061972 106.18088895 1412.19249798
v -36.03847606 67.46526862 1578.90191565
v -43.70754662 74.46239020 1591.70213621
v -154.55852876 -49.24925492 511.51695365
v -164.03555589 -87.14089441 676.01430807
v -168.23880334 -75.19211400 678.98909506
v -161.87243188 -83.59200487 656.21364451
v -158.08854947 -38.36608400 515.83384427
v 395.51656872 -39.11388971 768.26693223
v 371.29290396 -28.69769394 753.66121653
v 406.58791139 -32.44596972 777.38088935
v -115.80253615 64.84811910 431.85967351
v -130.79235369 55.74066549 448.49516745
v 53.36264695 -38.30679857 504.84257417
v 45.29636000 -25.49229348 505.34603629
v -161.75023096 -27.61608490 531.66007591
v 45.65160674 17.16044373 1514.26365325
v 38.50647850 30.17304102 1530.77999226
v 44.55261084 11.74201642 1535.43634447
v -51.26679301 -23.74391754 1766.94904464
v -54.77920906 -9.50524939 1772.96013960
v -62.79691574 -15.43404522 1759.85381442
v 411.34561616 -14.45448741 816.28167096
v 401.17448190 10.10315407 810.88442417
v 400.17128694 -5.35772121 840.38298236
v -125.93729181 40.58433663 508.56557672
v -161.44463738 -14.42185206 543.94986160
v -68.59268438 -122.05297591 1258.30366470
v -40.40198037 -120.61005878 1269.67301814
v -76.71564778 -122.01767283 1269.11968149
v -172.13037743 -54.17619383 680.87767934
v -167.60379473 -64.09170632 660.13153124
v -156.93235961 -3.17273865 562.65138017
v -103.19024787 78.91245384 400.33167527
v -126.23443128 80.57996470 387.91897941
v 176.04990210 -49.41862146 567.27649777
v 179.16259206 -19.92594113 577.07613901
v 179.98413807 -31.92934393 590.07511525
v 118.13044447 -44.86634120 60.00857726
v 108.62793468 -25.71666859 60.99465360
v 107.34750118 -29.35211307 46.88848354
v -156.15973643 -1.72024525 548.80568350
v -37.16445209 -93.20845967 1345.97846209
v -35.60861951 -102.03953631 1323.66430806
v -21.16618761 -101.19037449 1320.89391367
v -169.96467700 30.52181480 412.34923191
v -176.98077953 20.03475685 394.69658563
v 43.86333196 -46.49628148 558.63007629
v 55.94515123 -52.63124774 536.74556506
v 46.85658188 -56.56412998 567.18863232
v -28.59037144 86.51567331 1469.41411807
v -36.84292627 91.34350923 1460.96501521
v -57.99813891 86.06507672 1460.50119628
v 32.33225965 -119.53469931 1206.59985483
v 30.77720610 -122.82764342 1190.57867111
v 53.53027960 -113.63822006 1195.03761098
v -147.76708678 15.46601404 557.35471406
v 182.36378838 -153.00589250 23.73854866
v 164.28108130 -163.27793923 12.06118763
v 185.06043934 -165.00180462 12.44402937
v -128.65274236 -112.80233894 935.96760536
v -122.66104941 -121.06489479 911.08247353
v -106.59503960 -119.63960255 933.32571679
v -155.68843635 11.26533342 608.13065820
v 131.03923845 -49.86091743 1186.14902465
v 121.08051271 -64.11404121 1168.58422337
v 137.70287160 -42.73132653 1160.98049417
v -139.57838563 75.16056776 395.24966963
v -155.52773199 54.75760212 415.03646684
v 45.74916232 -36.56969308 525.31541756
v 179.82679669 -22.76014949 595.18404046
v -96.14745293 -41.77792835 1658.87068964
v -100.79952771 -27.90767659 1659.17779938
v -93.19676687 -42.22802148 1636.30454535
v 77.69144620 139.25915763 1337.62265362
v 103.32998056 136.39965967 1322.88634379
v 80.72144334 139.28105037 1317.34363397
v -132.49727332 32.97024795 559.46530458
v 170.03647836 53.10235503 1260.03650536
v 167.47173343 38.31024631 1269.08501922
v 159.35252887 43.94910174 1267.31532240
v -101.39497823 70.58734597 419.22743103
v 41.78668461 -109.96872664 1246.52122774
v 27.36076065 -113.32357920 1236.56443699
v 55.12554654 -112.46356617 1223.13361268
v -54.64226407 -36.26942917 1478.54743619
v -52.27524956 -37.81250279 1462.31333116
v -43.72492759 -43.17334307 1479.28752881
v -147.19991631 -108.16334786 917.90626265
v -146.93589937 -121.83556188 881.32415147
v -136.03121317 -115.52864972 913.66098307
v -119.59094558 40.46506456 557.46669801
v 324.03081236 24.93745671 1102.33192839
v 319.07729614 16.97320000 1108.13479769
v 326.95611333 20.30869419 1086.80269236
v 387.02082579 -55.23774671 752.17862630
v 399.18567046 -47.94397219 762.48529441
v 406.42866679 -54.88065413 760.88484205
v -166.99031918 52.13472267 391.38103198
v -162.10045520 26.01769240 446.59842018
v -67.72088933 2.98343180 1770.91912167
v -58.21594588 11.12022061 1778.46820888
v -63.66312834 12.88702842 1775.45049560
v -134.31582855 35.74505434 510.72924702
v -28.97796514 -56.66673687 1497.58958941
v -33.87253575 -47.91557961 1487.85149795
v 52.82700745 -0.74166605 1605.26457682
v 55.02122924 0.21921869 1589.04877924
v 57.44178632 6.09986834 1601.79510667
v 144.92073583 -36.67431653 1121.14388957
v 150.31313621 -10.63865100 1120.57280426
v 144.88163917 -33.40021730 1145.45291558
v -87.97326476 -54.43001879 1666.66794910
v -96.09061900 -33.82767514 1679.22947752
v 86.44174400 -100.10383553 1251.69902595
v 94.48863521 -102.33209288 1263.16473182
v 64.53483697 -106.04983739 1255.15047288
v -141.75817411 -129.53226411 858.21307326
v -147.63265808 -129.70630923 838.04279447
v -132.46056583 -135.90787400 843.50980564
v 86.59539223 -96.62791584 1241.48411653
v 74.87517616 -101.57843414 1229.50668341
v 100.22257150 -81.41928583 1227.44069963
v -141.95420591 25.68270886 521.97266263
v 59.91464235 126.12297888 1393.37824574
v 29.35816023 120.76809482 1384.00879447
v 223.52130915 -21.32350337 22.89186366
v 204.86444393 2.95919337 24.71450436
v 213.01900366 -19.46292622 33.62358449
v 227.06683552 34.91317983 1381.81032137
v 243.23180513 43.39657152 1349.09846079
v 233.79843144 44.07633590 1370.28547051
v -139.16484544 26.57119883 541.48599279
v 167.12649942 -7.73651072 1290.36099112
v 167.91715506 1.50927986 1282.47047656
v 180.43952360 -6.15001557 1282.05157356
v -102.69673156 -13.52490130 1664.00132428
v 314.51055895 67.96221630 1092.65076953
v 311.00330838 79.12872329 1077.54784547
v 302.86973805 79.69111308 1098.65279161
v -155.76151735 44.16527694 434.28245322
v 117.12415291 -90.52956522 1280.54643712
v 99.49285268 -98.93088052 1283.82289151
v 105.83685754 -99.00702052 1271.08759391
v -66.37987473 -22.71402249 1450.67093272
v -72.17518038 -7.36352762 1456.22131468
v -75.46869402 -14.65469634 1439.70824027
v 260.58776432 74.43383691 1277.15849388
v 259.88270532 82.85826938 1268.07709370
v 249.78861815 85.90927934 1288.08061195
v -115.86966178 -140.61156611 839.93948586
v -116.07475367 -144.35432417 810.23965927
v -101.27171443 -143.62150126 819.68386384
v -153.06256645 9.70827926 515.95669013
v -161.69444807 -2.57297423 497.94332197
v 112.38692704 -71.83301309 1231.17055608
v 113.73230644 -81.33056537 1244.49558721
v -82.14114407 65.67964341 772.39547082
v -54.24297350 61.58943116 751.21948814
v -82.60803503 60.24077901 755.35402819
v -184.66458209 12.30877807 350.33344293
v -179.59535419 -9.48158786 349.68314992
v -180.63229776 6.61846751 377.37435728
v 33.50032445 -16.98486809 548.47012769
v 37.37180710 -3.42600248 519.96418471
v 41.53565341 -14.08472422 504.04049057
v -163.42093488 -7.88470453 512.80214980
v 5.91044195 -124.19101830 1186.04708755
v 11.56937735 -125.74793854 1170.54991201
v 23.65928256 -123.21131678 1191.71355400
v -164.86245686 -12.21060637 476.90384082
v -139.27721800 44.17086546 462.37885590
v 52.92343196 -18.55742958 474.39098120
v 45.09220943 -6.81616414 488.43892195
v 52.57142560 -6.68843532 1613.25586039
v 51.68529802 -6.55556098 1585.62621830
v -163.72374063 -17.20404338 521.70092680
v 78.67008105 115.30709137 1431.25000430
v 69.53389613 119.58132583 1420.80773228
v 52.12158341 111.72197819 1431.77368051
v -167.34402912 -5.23952155 446.63726230
v 103.31849421 39.67776758 142.79861169
v 100.86133969 58.16347237 156.89049268
v 103.35351430 60.17918928 133.04000105
v -12.38014590 -112.37373239 1620.81703378
v -5.16191162 -110.52688804 1612.23238120
v 16.46701362 -126.14964449 1143.90123866
v 28.86967994 -124.14977121 1154.57945831
v 334.77393533 -4.00229434 884.94854329
v 320.43074538 -4.35415121 897.10950948
v -174.89366329 -15.11076210 388.33604761
v -162.58893457 -23.57867029 450.57613262
v 11.71732714 -105.43272319 1636.86895530
v -88.80485723 53.78572433 1623.98538364
v -70.40169476 83.77229689 1626.43264286
v -77.08324131 70.76707624 1620.97085088
v -161.37248620 -27.93248560 471.44008588
v -173.98516387 -5.59547627 281.88223620
v -179.65119272 4.57040298 297.50500856
v -174.53320979 10.23790051 257.25757731
v -55.49228648 42.51087102 569.11043356
v -65.61238267 46.99951330 583.96491919
v 49.42755608 10.81395597 1589.85025457
v -158.60216864 -35.68371025 448.90469467
v 43.52127190 -119.96268346 1171.91638853
v 64.16135866 -115.81358538 1146.09562549
v -154.38846348 -43.77990805 466.41886807
v -183.33974898 9.47439230 327.72545596
v -183.09418646 28.80731343 315.90522502
v -37.38436674 24.01063676 550.68804025
v -50.05047299 35.74110813 550.07501982
v -152.59087221 -45.92130565 446.89572585
v -146.09731492 -57.06199615 454.42624569
v 109.22968750 119.08089494 1403.44876584
v 88.52414470 129.19829549 1386.99006895
v 80.91083194 125.05058635 1401.74723594
v 353.99360889 -34.17114085 880.71831302
v 352.33686488 -31.22059580 897.41560271
v 338.91863379 -27.79572735 893.35711155
v -182.54795234 15.70670490 369.85942489
v -143.79027604 -57.06862991 436.14134680
v 2.47899925 -109.57640483 1600.77930027
v 1.82152421 -123.31901995 1583.70041693
v 11.04320213 -107.03218930 1579.98022827
v 15.11335997 -130.11175038 1100.58808433
v 30.33755332 -128.84552589 1117.52415862
v -136.77216823 -62.56867548 429.28965639
v -175.67075721 -7.32969122 305.43242247
v 98.90568245 23.76717942 172.67435899
v 101.09303707 16.98558478 158.40637196
v 97.03438386 15.16029175 197.14208726
v -138.40988095 -69.64372566 461.11529954
v -13.51499931 -114.71756547 1612.77473596
v -13.37589343 -125.36228104 1599.00772176
v -145.94202909 -63.68424408 469.64766871
v -173.20596832 32.99488786 215.02278174
v -172.00663123 23.52916902 232.44752729
v -174.71792978 26.95942962 254.42096972
v -27.45010017 4.33118708 555.22671933
v -23.77598539 2.13689612 581.95209992
v -27.13752840 -6.85800687 543.27999436
v -137.01240736 -75.40981427 491.13145002
v 120.65761362 105.17712620 43.84468828
v 131.56104917 95.07353544 60.39559602
v 132.36987533 103.46053636 41.22624507
v -145.45550788 -133.21810553 810.16274240
v -157.18253291 -122.87024530 813.60638474
v -151.38816478 -127.13214593 801.19866532
v -22.14866876 -11.42091486 584.10328612
v -18.49528226 0.52473311 608.67652891
v -34.39554110 110.04458614 1669.41419373
v -27.79207027 111.25840506 1643.83332555
v -53.47656362 101.65709783 1650.56175041
v -139.55476718 -76.12403843 511.83812263
v 176.25884801 15.75741747 1425.28888130
v 160.29973840 43.50609095 1439.53766862
v -179.17287476 -6.18822267 324.36842581
v -62.12226863 -41.92411152 1427.01643485
v -57.97553257 -51.83036147 1422.17486567
v -42.96774561 -49.97804353 1432.28601046
v -171.05404292 -105.98866655 836.12911790
v -161.13948935 -118.67418490 840.34447691
v -161.18141250 -114.04982682 866.21131967
v 332.30446160 38.75920410 932.48553889
v 329.06073653 25.29578128 923.27388901
v 317.39318257 31.59119039 944.05719984
v -170.84026225 53.75762773 264.71515608
v -168.09294213 56.21013007 245.25603317
v -99.19791834 -65.46544278 1375.13106195
v -89.31558044 -59.66173136 1391.26352399
v -114.66067695 -49.21061476 1396.25554212
v -68.23764496 -97.61847083 1630.74034242
v -78.55987322 -74.43963457 1619.68217108
v -75.04115688 -82.58591175 1610.17497363
v -66.39856073 43.82792779 553.13988117
v -80.98539763 42.96241218 533.29636657
v -18.58257636 19.94024347 652.88184915
v -28.77546121 37.60463322 660.41141974
v -16.43175949 33.45884681 679.18947829
v 58.98458028 136.12393563 1317.30607048
v 50.28257186 135.23933059 1343.05354654
v -56.19809582 96.07599612 1691.23292652
v -50.47069047 102.26888593 1677.19031480
v -180.69641645 -85.83267058 859.29418770
v -185.13080611 -74.16409671 847.06673612
v -181.08437490 -87.66156737 829.93154775
v -147.12809713 -55.00324758 414.92689073
v 407.47449601 -15.85988348 776.96171050
v 415.61376096 -31.19769057 785.24446606
v -103.74805866 50.61156919 599.04050440
v -9.04901909 32.12669107 706.02807932
v -6.92239207 15.11509436 678.37788881
v -157.92893705 -44.74174480 415.98207677
v 172.66401981 44.87884015 224.13886571
v 177.50704665 23.37342283 226.07848339
v 173.29857358 28.06762857 195.96564249
v -146.87848818 -53.14851066 394.65899379
v 114.67639784 38.37235469 1453.80951322
v 110.52482104 50.15089079 1460.89262676
v 83.59364234 38.32459812 1469.57942221
v 319.54925166 61.44529540 968.04289932
v 309.47804033 73.61755001 994.85981414
v 322.57143073 71.73354415 993.76270436
v -177.60144739 13.83718988 284.42467200
v -178.54220648 33.20726317 289.09963007
v -130.62459920 -61.39418048 408.60782966
v -34.75293668 -69.99813760 1393.99237199
v -168.25155777 -109.49765465 814.85958383
v -162.66150794 -113.10539205 794.62432812
v -73.74982537 47.96261398 570.43737458
v -156.00579271 -47.51819944 367.06385097
v -38.20376377 -63.22478993 1413.84995375
v -29.27838988 -53.81854154 1429.65692033
v -166.19035630 37.94564886 943.45571012
v -154.37213662 61.56263473 938.32953590
v -159.42584979 47.65240720 920.70751691
v 94.38296560 -98.81873296 1090.25335239
v 110.64643415 -86.13940204 1079.42126310
v 129.79816034 -66.16902224 1094.40309590
v -165.18117794 -37.07902369 383.74005904
v -33.68400330 -145.42876853 1023.09759270
v -36.31898268 -144.94801531 1008.94535754
v -7.54263095 -146.23750914 1010.10241706
v 118.11583934 105.59321656 21.39081885
v -162.67616560 -36.47900908 419.26856725
v 150.93068556 6.58339049 1118.02920055
v 142.23945869 26.92999043 1119.18611300
v 149.09216641 10.90851752 1143.28554873
v -169.38934551 -24.53640207 405.40648395
v 110.27903755 101.15563554 1204.91880856
v 125.42384206 98.00728753 1224.59627794
v 121.26472711 88.89120559 1194.42412500
v -1.78821310 -37.85067377 694.83169119
v -2.01068810 -28.86506971 687.83887884
v 5.05255689 -28.01263776 691.99145996
v 94.81293376 -83.28503834 536.84853721
v 85.18130683 -74.97235759 521.06908534
v 100.22680279 -78.28817966 522.84063139
v -164.59585556 -30.08304266 418.34314628
v 157.03953848 54.78004137 120.79336848
v 149.94057873 63.27910107 102.33420396
v 150.14247865 63.06839520 146.16803610
v 116.58445943 -78.69388956 1136.38137370
v 128.55370019 -65.63311015 1107.67992222
v 136.86133491 -51.12995903 1138.82637969
v -58.81080650 -137.55416062 997.45672081
v -59.55400069 -131.06352977 981.03236774
v -33.52506950 -137.24296726 981.61485656
v 40.95962411 -30.14531843 530.56115241
v 184.23771723 -17.40963827 1395.11630998
v 175.63538503 -24.01570515 1388.82904023
v 185.94263280 -29.66816575 1356.30366041
v 4.34923716 -79.46325337 1721.00829145
v 0.48062875 -59.68958177 1737.34493065
v -13.07771775 -65.04491257 1737.16696377
v -171.88668798 -25.15872806 369.17837344
v 320.27406848 75.98803064 1041.82923608
v 330.37691006 68.63910443 1034.57004360
v 331.02031775 68.54591528 1012.96779042
v 402.00406810 -4.61126237 776.34288779
v 398.85321497 6.43121575 782.65999169
v 409.74428751 -3.49330510 782.79573019
v -13.23171440 -143.04438549 1029.84952548
v 2.43160112 -144.31429002 1014.35281973
v 154.89042189 -3.33847682 1103.18039463
v 154.79511007 4.41147293 1101.43133932
v 105.99628382 -73.99912814 1201.65280507
v 90.42763282 -89.27208204 1219.27903510
v 100.87867548 -81.81923599 1186.73751096
v -165.77882424 -34.72819534 350.43966227
v 302.13654503 -7.02030574 1061.78760108
v 317.19767109 -5.81938078 1057.71203229
v -5.74935652 -33.64598526 677.74456336
v -4.44637650 -10.17553270 673.70846383
v 143.38771869 -30.57019446 1174.16265561
v 149.04945941 -11.71496060 1187.03102180
v 142.13254209 -24.48830387 1220.28125423
v -166.54670213 -24.03996857 296.05968275
v 113.14771380 117.44509565 1258.86168748
v 94.07796918 121.68265929 1268.92339183
v 108.85086198 121.38754392 1271.19595543
v -1.38244708 -63.42692849 740.27715904
v 3.66889652 -55.89035423 743.09389051
v 5.05163325 -68.38711814 750.21139927
v 80.38377491 -85.90429394 572.09394649
v 95.91680189 -90.22183900 574.00284076
v 88.66047050 -90.69912081 578.44106751
v 203.57818426 107.45880078 1291.68947948
v 218.79337841 106.97274448 1272.36070259
v 211.77968780 106.69879590 1264.38805585
v -158.75727910 -38.75309693 327.03158522
v 71.78175517 -104.28998514 1199.74230474
v -158.97391808 -34.08040769 297.66359171
v -0.46145365 -43.55771569 704.63370026
v 5.31514325 -38.88983166 702.44697053
v 75.21679534 -71.47240956 530.05345368
v 65.61554743 -66.21838635 543.98870677
v 225.65365631 104.40587458 1238.09821923
v 226.08210070 102.19057121 1215.76083204
v 211.80641879 100.40353294 1220.56410179
v -157.91039848 -25.52513427 264.98399222
v 111.70262617 -109.36723591 654.13155926
v 124.48843739 -103.11376967 635.06149918
v -13.83966792 -46.58992812 664.26082483
v -13.73375331 -30.96018383 652.35704914
v 150.00835106 -10.80431502 1156.19498360
v 151.27649608 2.28106936 1171.70061238
v 7.23161824 -49.69853654 1424.32261011
v -5.41414152 -43.64173900 1434.09655320
v -165.30134080 -17.18910804 263.33637630
v -0.23845146 -51.53245382 721.39985134
v 4.55999507 -51.70542977 730.26297665
v 66.07060031 -13.04704564 1430.50261047
v 70.01957269 -3.21998513 1435.73563051
v 56.04632415 -4.72773291 1449.43836827
v -166.19329749 -9.00699330 252.85985914
v -76.62057975 0.56795794 1556.27664918
v -71.05104988 11.18285068 1542.79168018
v -75.91323029 -1.23980284 1518.52056811
v -5.59551118 -117.73839037 777.18305558
v -7.49959956 -103.19248187 765.09169531
v 6.22376348 -100.62818964 765.66065230
v 66.20701373 -6.42237376 417.01714678
v 62.52813113 9.57921504 421.76951235
v 62.27640133 17.98709423 390.28087631
v -11.15179039 -55.73256995 1416.80924016
v -12.43742951 -71.32796805 1391.57789675
v 12.86749535 -67.29282133 1395.32867916
v -162.30648728 -5.62954330 221.97725016
v -10.47697137 -87.88597266 751.36340215
v -3.30619153 -73.59635146 750.18584431
v 111.30704056 -81.37002913 530.56465461
v 106.86565511 -86.29816128 547.08245134
v -152.03737367 -7.35143020 196.63025011
v 176.07555511 21.50523043 50.22243234
v 168.74776933 52.42873590 38.34975931
v 167.48300756 41.23513886 50.89980963
v -90.79010384 11.55355891 1714.36106067
v -90.46178360 -9.11557629 1709.52070368
v -86.35093854 -28.76448460 1716.09575921
v -163.77868246 2.39864297 209.59820065
v 284.67310428 -8.89003366 1056.55287521
v 282.96316451 -7.53971522 1076.40237762
v 275.25461240 -6.39535525 1078.18245195
v 4.79023843 -45.56178183 715.86149832
v -156.88479387 1.36580195 182.69136993
v 76.66222781 -4.45109998 1430.84487503
v 90.91870379 -14.39675819 1425.21488610
v 8.89771061 -79.18737211 1372.25119077
v -5.34036433 -85.91585001 1360.10274201
v 0.97161892 -89.28561251 1338.16684522
v -148.42791487 -6.24424693 179.22462021
v 293.14365612 40.20802746 983.03899797
v 304.20816981 66.87970492 985.61157602
v 307.75862593 58.53786435 973.10925795
v -21.20953345 -108.17021161 760.99780724
v -5.83785297 -87.86529723 756.81667209
v -137.86616682 -8.52408013 180.51374340
v 34.27616006 -25.47724140 1497.18831961
v 23.46380997 -33.80417516 1498.93624980
v 27.94705037 -30.50642851 1459.45783263
v -140.86969273 -11.30705004 195.77820902
v -55.82751842 39.20488542 1532.65956986
v -53.42446396 41.50333746 1552.32381273
v -45.30370240 53.11634722 1517.62293038
v 6.50821383 -135.05926772 822.09326654
v 7.65755506 -132.57104833 837.83549571
v -13.53759077 -129.57786307 848.91415245
v 84.36535947 -19.18853229 355.48805060
v 107.07531094 -35.45211114 374.46604068
v 88.73729544 -24.81105245 387.93359641
v 205.46147056 66.33203491 1191.46402183
v 190.91671472 70.40610473 1216.88924616
v 206.14913599 82.27790273 1199.16768432
v 16.19376686 -87.06439928 1347.36806383
v 28.09165504 -91.71527836 1334.33926570
v 37.30652548 -87.23708356 1346.30429533
v 6.66118532 -118.16456427 780.73295229
v -28.20325260 -126.35811601 778.11061022
v 49.49889217 5.64573542 482.28650724
v 59.65784230 3.56154749 448.64513549
v 221.62540510 4.80967807 1144.07513253
v 210.74176753 5.54826933 1169.74692475
v 211.15505299 12.95785030 1166.91367486
v -126.82098180 -4.56737551 189.31365115
v -124.31792270 -0.12565137 175.69176501
v -20.12764779 -101.99931251 750.90724097
v 118.58407579 -8.78478593 178.63090058
v 111.77540781 -8.18637918 188.74297009
v 109.88495162 -2.37168424 175.82958563
v -115.39940483 5.81053517 179.90267089
v 47.56871411 -10.62085142 1459.33893806
v 41.26933395 -16.30894605 1489.06810537
v 125.59278480 -85.22973115 1270.86480334
v 128.42680773 -76.75213126 1258.41857443
v 140.54948710 -67.68396207 1274.17131871
v -110.27243124 12.15812959 192.56372088
v -97.35558222 -148.52467428 795.86952356
v -83.08025623 -145.10479959 801.52014520
v -108.03945651 21.61454438 163.47025007
v 125.20121889 -60.87022627 1240.66693590
v 131.04014098 -46.65974988 1233.37383302
v 138.01304809 -40.58931613 1250.56651753
v -100.99361327 0.33634633 1606.44548007
v -96.22007052 8.53437456 1607.93733218
v -95.19110029 31.71573133 186.80232595
v -25.74365842 106.86454230 1405.46038670
v -39.74562766 109.52626116 1399.21858327
v 336.32710826 -22.24693064 774.18414964
v 339.72698641 -35.22912803 779.33811699
v 343.94877027 -28.34008301 792.97254399
v -5.80071313 -119.50518342 926.22179663
v -6.60533823 -118.90669790 900.67939280
v 19.52270538 -114.86455969 911.24284185
v -15.46376720 44.42358981 719.17331754
v -89.30586768 31.77521183 197.07074838
v 182.31393498 -29.36096201 1323.73560584
v 167.05483415 -38.55437405 1337.56929722
v 171.82290165 -35.66869248 1316.71771756
v 161.69513147 16.55636417 87.74392137
v 163.07258447 45.57132239 91.33624963
v 161.89080532 29.57411771 100.73852811
v 112.50531380 -87.36556658 1302.90768570
v 131.89575227 -78.10324993 1286.41555466
v 138.71480974 -71.85510149 1299.69866786
v -88.48068544 38.83595770 192.85234322
v -122.83756797 -42.80448648 1409.16909986
v -96.36101143 -51.21159955 1412.22890437
v -101.53770332 -42.65216181 1418.40287284
v -112.16695335 -146.92224827 771.74245337
v -96.18745803 -146.73398341 773.91277261
v -87.61128205 31.52538199 215.00746950
v -98.76629090 -7.60668195 1684.76755446
v -101.03742070 10.15135329 1672.86990118
v -93.06932738 23.49666193 212.30203140
v -58.57180355 -34.80087589 1438.33472588
v -71.47818143 -31.29297681 1424.47362730
v -86.77980700 14.09194424 1609.86472524
v -95.91013222 18.41249388 1616.63081807
v -91.01818070 29.67278406 1610.62210145
v -89.80855085 21.69527205 222.90119792
v 135.54085670 -64.77508833 1260.01568113
v -96.76426258 1.56540503 1596.24685235
v 132.73533867 -72.71265465 1314.66898945
v 117.90935052 -71.58032458 1335.58233217
v 117.56329818 -80.17794725 1313.64010958
v -106.28153111 7.84694359 215.75803896
v 32.20209426 33.31423109 1551.82275026
v 20.98848562 48.81895701 1541.39977298
v 21.85655912 48.26230613 1552.53335228
v 395.99457779 -29.47123856 832.60137702
v 407.18608650 -36.45007382 809.03305100
v 406.80230398 -18.11714355 825.35378562
v -1.67688763 -122.72145284 876.84143946
v -29.34391437 -121.01517573 901.79808687
v -84.18689219 -146.74827187 765.13973350
v -91.51125120 15.38524554 234.69036146
v 151.02358150 25.39854104 1225.29145617
v 154.79844966 42.44224747 1252.90526505
v 151.49787259 13.01982832 1242.10075477
v -109.78907538 -4.66250854 239.63188953
v -49.84201587 93.15966490 1453.66054752
v -5.02293956 -135.98334105 965.27772307
v 17.93990807 -125.95887230 952.00226996
v 23.91310150 -132.69885543 965.59026421
v 0.59988569 16.64063194 713.33154488
v 165.48415786 78.72959520 361.15910496
v 181.17137821 62.46470618 355.54621775
v 179.88805852 64.24567704 329.26045671
v 196.52201372 -22.17571639 1312.45585656
v 176.35391062 -11.45025021 1293.28212472
v 202.88244196 -7.99358664 1285.55823309
v -121.22105818 -8.11698651 221.30632402
v 168.57139438 -24.36973646 1394.06589978
v 105.60730734 -60.53228542 1364.01155243
v 99.26506929 -70.22860340 1349.44283820
v -125.42166492 -23.54917417 250.56879976
v -129.39606965 -45.63781360 1402.68386177
v -125.45450427 -69.09378355 1358.64965308
v 27.01274896 -117.25142776 936.41528925
v 6.26074527 -118.91061003 930.33734081
v -31.25701450 34.00596377 637.58596309
v -23.35051039 17.91636350 612.67126951
v 158.56840945 55.82369565 1259.72393412
v 167.57432816 57.04665572 1260.48406366
v 246.64095340 32.90488667 1338.16400804
v -133.12310729 -139.95528158 800.90734643
v -126.96529136 -18.59673563 232.68387399
v -124.02468803 -34.46645161 1416.09426560
v 155.88732785 -36.61890052 355.12707462
v 162.67837645 -29.46695829 327.55786387
v 160.80597628 -35.94260889 371.86892419
v -13.66348962 -128.90192737 860.69792351
v -30.77179886 -127.67182387 871.27727133
v -126.93234766 -31.20021685 270.60749691
v 147.87804430 0.36071091 1258.07365649
v 149.05464960 -4.56351646 1220.02188144
v 25.34299571 -128.62178994 1081.84202953
v 2.21899668 -129.94227620 1082.43108365
v 15.38658514 -126.03463671 1071.54462565
v -114.49654596 -17.90116530 271.62044510
v -124.09163380 -34.07428760 281.93666556
v 123.85894779 -85.02658518 1053.01556065
v 99.98801044 -96.56583916 1065.52891221
v 112.68605859 -96.23115260 1039.64266957
v -134.53134815 -38.38333400 281.15918017
v 109.78068511 67.41550216 1119.03996923
v 136.81589347 36.78355028 1121.91417063
v 126.36246135 52.10530262 1106.00223604
v 413.83647076 -56.16254885 776.71586180
v 407.69935222 -47.17080644 770.95874929
v 410.44538935 -43.63881160 779.18093225
v 20.09643325 -144.18590780 1008.93920504
v 26.86498237 -138.10053329 1026.52940004
v 16.31213471 -139.17000229 1030.04986056
v -127.45206596 -39.78533183 299.39179287
v 44.59172969 -126.38007892 1071.07536932
v 49.10608037 -125.58352462 1088.30923537
v -103.95675741 -18.62842445 302.87686767
v -10.72839290 -138.93661351 980.51799813
v 13.99007096 -137.20519959 980.83383096
v -9.18492314 43.61144940 755.68874641
v 177.84383390 10.77369284 1262.67270649
v 182.03135450 0.93533304 1263.13243221
v -117.97163565 -40.72160043 326.84110693
v 120.29010616 -7.17338233 135.47371301
v 112.07200867 -7.40099386 119.08160922
v 127.68536995 -8.79185976 134.40572229
v 48.01909954 34.79531220 1755.26443415
v 45.97597775 57.52805564 1745.71205072
v 36.37448333 34.95315080 1759.23406893
v -128.02073205 -46.65961930 325.31939960
v 412.95366350 -44.74344732 786.24763875
v 416.94049718 -26.87107017 795.92716829
v 348.33996949 -27.97483343 758.78959558
v 362.95020324 -4.79917712 762.81327850
v 361.63369629 -25.09339985 753.44037430
v 29.34079013 -113.06664278 911.49325484
v 54.24091960 -107.69091906 925.80287213
v 136.68734947 -79.30994730 1029.66064336
v 148.87153752 -60.40704616 1049.50291868
v 53.22750529 -121.86905695 1134.26210891
v 41.31933979 -125.88339122 1104.44264019
v 60.92179921 -120.39465228 1092.07545258
v -126.69704873 -49.07417437 347.42342155
v -88.95251986 -15.79704188 1578.47574903
v -88.02012706 -27.07062145 1573.54248974
v -92.94729365 -18.47098369 1584.22046987
v 328.56348392 50.80280005 1080.34468430
v 324.13818135 66.57428355 1071.28836026
v 26.35452007 -141.61780652 997.51943249
v 46.11400141 -137.69791976 1005.11531195
v -108.57816822 -34.09880039 333.93697118
v 151.99583692 -40.19573600 1075.80789339
v 159.81282609 -14.65175879 1063.77253262
v 154.26549463 -18.64097882 1090.55411654
v -103.96521528 -21.94716853 318.09119861
v 126.62169710 59.16062758 1151.80622262
v 116.19051839 62.11291189 1130.78588656
v 107.57851793 75.25258549 1144.48049958
v -20.53733350 -143.89801089 994.07636161
v 75.40038858 -63.31491722 512.88570449
v 240.97125233 80.01776396 1124.67894701
v 233.76503000 71.63226108 1125.86793867
v 229.63687522 82.97315349 1156.97890936
v -80.56481939 -9.41218909 330.45508809
v 98.87109306 -94.53918781 1113.17915020
v 84.25472836 -108.44941066 1092.15041787
v -96.93927058 -25.36191507 339.08895104
v 3.40376685 -139.30936290 1030.51312908
v 69.66536168 -43.33121658 491.07352497
v 173.06952996 -26.17731693 1304.12169803
v 182.86093089 -22.23710600 1308.80605558
v 240.41128156 17.01891771 1068.94913627
v 237.32619452 23.70086841 1082.91028854
v 240.78714044 24.55730757 1060.70829842
v -104.61931559 -34.87018021 345.71162442
v -76.19903670 -14.31411086 372.98332699
v 7.79142832 -142.85669861 992.85287369
v 159.66277351 78.25442733 309.48110481
v 171.74079527 71.74106156 322.92868663
v 174.89357177 64.67567404 293.77186411
v 139.24855082 76.45490657 220.36415223
v 138.95435583 75.13925143 200.89180002
v 126.14515743 77.95507640 221.97367769
v -72.73186297 -4.90740010 358.51327174
v 140.89217054 -50.46254880 1101.42802508
v 35.92422111 -32.45212614 1441.99733413
v -60.21304646 9.01945770 379.31836402
v -67.48057630 -121.11883914 1143.22069201
v -73.97527265 -119.67879273 1126.39407067
v -51.72827674 -126.73351402 1142.17165224
v -31.58097106 -89.95364930 678.75681905
v -15.98997038 -60.70594137 672.69197951
v -14.56510965 -72.95218074 694.01003273
v 163.40126477 -0.63742998 79.40590291
v 166.88391837 11.80132180 75.34528989
v 280.24751616 89.05621903 1127.12259785
v 283.00071598 86.84965760 1146.83429431
v 291.95185043 79.70346768 1126.64867662
v -72.94416544 -14.67298866 394.34256433
v 126.55609805 -29.32127684 1390.16114345
v -94.77555083 -33.84611256 378.30535972
v -75.29516800 -4.87243889 1495.73017640
v -35.45674158 -120.55569866 929.83239129
v -11.34246246 -126.40118221 949.69421055
v -44.96689021 -126.25954879 951.62236988
v 168.12339020 -8.73262051 997.93752426
v 161.48194017 -36.96645748 991.86121028
v 163.80449860 -33.30182774 975.76070683
v 208.26757708 -121.76398772 27.42868644
v 210.53942780 -102.87974691 30.55344937
v 178.74660381 -116.51712627 34.04174792
v 102.77310224 -3.23293757 105.23900664
v 101.85278637 3.83629426 122.71353038
v 95.07449446 8.22579024 107.29059021
v -72.22518978 -25.13921518 417.89741896
v -7.50611851 -73.28275318 723.91490467
v 163.10520097 -62.90405278 938.17521421
v 171.31268270 -53.17155805 929.34992157
v 166.79651596 -51.77143606 949.76741153
v -80.17208557 -37.75422533 427.41783733
v -82.93400640 52.48874672 1704.93704180
v 268.07379743 92.67121034 1154.68965083
v 274.71169841 88.27717179 1182.51824576
v -66.85884514 -26.48433808 437.31012072
v 295.05365922 42.50613163 1178.89795387
v 296.12939586 49.93372108 1170.56826566
v 291.26600964 51.06166369 1194.89284623
v -67.38467115 -35.83768192 448.20867411
v 162.65074311 -37.08727797 1356.98531151
v 134.12532274 -35.90478061 1377.74686475
v -103.76039181 -99.56396351 1144.23672525
v -11.35098406 -41.73275636 1447.97854463
v -89.72448783 -58.42720195 447.28337656
v -80.04303252 -107.20872387 1179.76044279
v -96.03453127 -99.78614630 1168.34215439
v 268.38731941 0.19454329 1081.59910591
v 276.95196849 5.13532149 1098.44504005
v -29.44186314 -135.75537473 966.90382348
v -48.20139234 -133.07949014 965.71230941
v 95.65521763 4.66521561 1431.66287739
v 293.12022954 85.95239781 1100.14724718
v -107.60621030 -73.71939794 457.18048439
v -81.38773159 -126.28674087 899.99484259
v -105.04029523 -133.25968327 879.94654322
v -74.62310246 -130.04057885 881.87831718
v 151.86796205 -58.61581815 1025.06477345
v 161.76012165 -29.03714256 1036.83707692
v 159.03994065 -38.69170935 1046.92072485
v -68.41093444 -65.10841351 1721.75394659
v -76.81511105 -54.14173175 1723.81348696
v 250.40500585 0.20725806 1141.73583543
v 271.04173303 6.82379879 1127.44293930
v 258.50767395 0.70728842 1150.91389292
v -82.19155120 1.34709671 1748.90021269
v -83.63868339 17.95406100 1751.45648841
v -89.54771304 6.09194217 1731.85869502
v -80.51696839 -52.99852105 460.81892271
v -52.54950113 -121.95166840 936.49338518
v -64.66587757 -121.72721299 920.34429722
v 175.64945134 -4.25135420 955.85324387
v 172.91394025 17.51813368 953.52808230
v 173.00927370 2.39866329 965.81801829
v 226.22743979 0.19658672 1236.72523055
v 215.36077236 -2.89395761 1239.50625100
v 222.68985079 -3.51752367 1209.88960408
v 267.91077382 92.25976185 1195.22400828
v -81.45278748 -63.37054062 480.45041406
v -96.20191292 -77.94683989 479.35278097
v 83.35390909 -35.75741072 428.84675313
v 98.93774949 -46.45665828 437.76359226
v 88.65959112 -44.99822491 454.81417678
v 80.49605027 66.83747724 630.55999416
v 95.61797273 66.74591470 611.01750001
v 66.81053633 62.18170880 633.46008526
v 133.19222394 23.87070410 1438.56594691
v 112.12819789 18.51354408 1438.80603635
v -40.65942433 -125.69277304 1172.57703605
v -23.94585707 -134.67971581 1109.81095023
v -97.27255816 -83.32456819 489.21806135
v -127.39560030 -76.79630797 1124.94110966
v -124.41053731 -89.44466882 1096.36072536
v -118.91660168 -87.58764609 1125.27816193
v -64.02904348 -130.32979509 873.39879665
v -45.73460050 -121.99222860 899.84852900
v 246.79730054 79.62645642 1095.53869923
v 237.33493639 66.68042170 1097.24862604
v -107.10967065 -90.47515363 503.14610306
v -27.74015686 -120.06183733 1565.46233113
v -99.86934955 -88.71249541 501.36824303
v 150.28401484 120.16682797 1329.42192641
v 119.95139763 -69.56504032 467.44724552
v 113.51201100 -80.52370899 504.44700066
v 106.97264173 -75.03083433 495.49518646
v -82.03295867 47.01009796 231.98468598
v -84.07242699 56.45850479 235.76333355
v -78.80521536 58.12570214 249.17552706
v -43.06942001 -130.39020391 850.61743289
v -70.08558705 -135.81867774 846.49209773
v 86.54511687 -110.48430949 666.69865409
v 87.23263162 -110.41603999 650.19463450
v 101.00143588 -113.90812198 658.56155702
v -100.41284314 -92.02689664 519.67833203
v -91.69415713 -88.34013829 512.85247479
v -110.10707591 -125.59595014 902.05932071
v 158.95316769 -29.00871225 1002.08567118
v -91.44546144 -79.56609413 499.36787990
v 110.79892589 -61.09414807 453.66913805
v 226.02658000 -79.00779525 28.46107255
v 198.91430475 -56.65668599 42.05932410
v -99.90804459 -4.54591092 1629.52610192
v 250.97616920 88.25220482 1132.33045810
v 256.79002729 88.01952787 1095.58069735
v -80.75455655 -70.36971299 509.19748451
v 267.52959837 10.15876052 1105.18551492
v 278.50907172 8.00936881 1113.87926441
v -83.37888473 -79.29071244 520.35941403
v -28.58721496 -123.75547223 1574.87612706
v -107.48267859 -102.45458242 1099.16246538
v -77.21776489 -123.21899236 1073.64140978
v -90.53212814 -87.23086381 526.13739853
v -145.28188717 -58.63464610 1079.24029151
v -150.16018463 -37.10992510 1071.59643126
v -153.01985640 -45.24663715 1060.11792114
v 244.76028534 25.45589870 1046.31501341
v -97.46618483 -134.67578347 863.26519100
v -93.69023811 -108.42966663 1120.71628068
v -63.45529693 -124.37807885 1111.35057305
v -83.33853917 -87.93303976 534.94360241
v -4.44564576 -119.40395853 1531.47729107
v 135.35171802 -86.53674893 574.91799149
v 142.57118546 -84.81666177 574.94228374
v 254.66458859 74.94326834 1067.45821618
v -99.24467203 -95.91063810 536.42443393
v 167.97364768 106.28653106 1308.24613250
v -84.75921865 -1.53874582 293.33708833
v -97.30099717 -5.15874611 275.70503260
v -78.33873347 -142.86453553 782.38982427
v -61.58046330 -139.28023399 772.05332760
v -57.84653889 -139.25419991 786.80178957
v 118.86418798 -121.28496501 725.63050866
v 117.81103522 -121.48853792 756.64307752
v 91.14616113 -120.64919724 745.21766738
v -67.65036451 -55.09234237 1734.95053146
v -58.33146050 -35.12203778 1752.72621605
v -77.00489024 -34.03864989 1742.38120313
v 62.00444989 -27.96337377 1687.07926486
v 56.96907101 -35.29649719 1709.57060231
v 57.17552424 -37.21916198 1680.61769681
v -37.29677980 -35.89346511 1757.98426774
v -18.23171360 -51.08011644 1746.57072876
v -19.29615265 -40.53805251 1753.62706332
v -78.61053255 -44.63718819 1732.59586212
v -79.79081340 -140.60903236 824.52596279
v -57.86733771 -135.37050240 836.60607113
v 110.84078179 -92.87447473 587.15838513
v 56.22191521 -26.57017923 1624.93619363
v 58.17664262 -20.37033654 1634.96569966
v 233.21314100 88.57606561 1164.54380849
v -82.57869004 -90.11637197 545.22736095
v -72.44571145 -78.93104643 535.57639015
v -88.28794703 49.69434489 204.01470316
v -96.61589856 67.53892055 170.63572261
v -93.25426145 66.70642227 208.62067150
v -128.93955562 -129.89433393 882.87908075
v -115.45473078 -133.69945186 871.84184485
v 186.95298235 28.75362769 23.99568428
v 191.65929683 30.14727257 15.99828733
v 175.01027172 51.88698471 23.52722345
v -60.31620826 -71.82422928 539.98527920
v -12.32706673 -122.36236850 1526.88261873
v -146.64062810 -41.18911189 1092.47687562
v 57.03748651 -88.66573985 1333.55878168
v 63.84961344 -95.15852327 1317.43120622
v 77.51823133 -91.79564155 1314.77227570
v -62.48290211 -60.27424531 521.68300316
v -10.96745673 -137.40958752 817.47407448
v -12.23007299 -137.07075161 805.64271824
v 171.75846315 19.85930034 182.70285969
v 170.97335168 28.84623954 172.40196052
v -37.02863890 -40.81541786 544.85485070
v 18.77493818 -76.43521134 1509.64975694
v 16.69508725 -55.78346603 1510.16902173
v -37.82050343 -54.10373826 557.77705994
v 6.78552589 58.62887487 1533.32688956
v 9.44922991 64.56472734 1506.95189504
v -14.51216898 65.83969616 1513.35234953
v -55.56489685 -139.18340360 815.04057668
v -46.02361928 -136.50051969 805.25404735
v -31.19863067 -135.72831306 812.79615646
v 67.75764894 -27.66268352 445.02705167
v 59.67634376 -10.67514730 450.90039141
v -57.13312683 -76.82625201 563.19277284
v 189.82403534 56.67453002 9.42893216
v 185.35391814 76.08631969 7.86034227
v 181.25786216 55.82765623 14.36486994
v 88.28469696 -86.65864299 1322.83108849
v -47.65244424 -76.50451498 582.99764959
v 18.64421020 -126.58587788 853.77416389
v 68.29407142 -7.19448821 399.75481700
v 65.68423177 -0.05674565 380.98805468
v -67.71426222 -87.33085985 568.91490425
v -9.34963625 66.30059122 1747.02698622
v -14.03836091 54.92541710 1752.64136729
v 9.64877488 58.22448753 1748.39334040
v -62.80816938 -91.79966042 590.62342964
v 260.19496099 15.22688679 1006.98782049
v 272.96589407 28.73004794 1005.09628486
v 285.20112563 11.04300783 984.98266457
v -4.09678507 -132.59381029 798.28495879
v -70.00915169 -93.98645447 588.51303025
v 16.59596643 -42.63435293 1505.14597488
v 11.27193926 -54.29304077 1504.75902187
v 49.57750265 -104.65859635 1296.76588587
v 39.86435679 -107.48441159 1286.24354936
v 64.21991136 -106.47576760 1282.57617989
v -80.43002925 -100.93113613 583.51736138
v 318.13883473 36.64629019 1112.90017413
v 311.03878295 54.21314617 1112.16204427
v 314.86204468 45.06133984 1127.80452203
v -33.26103028 -130.79890245 787.70218469
v -93.13463292 -101.76647254 565.29442916
v 30.98453018 -88.36626778 1541.58196256
v 43.77896040 -74.55839731 1555.59000555
v 34.04494016 -88.63576036 1562.53598996
v -83.74062817 -95.72476435 554.09842823
v 1.19306557 83.85221429 1468.62489936
v 13.20153387 79.72901865 1481.69532195
v 24.50038750 84.06344416 1477.27846084
v -64.99406302 -140.17471950 745.82953625
v -52.50869385 -134.73888912 770.20692956
v 80.71749314 -54.79646033 493.16124528
v 152.39337065 112.54347184 1383.11852835
v 121.28490337 122.23104296 1384.06943825
v 119.57646110 110.40652998 1417.54662627
v -62.85055183 -81.13016047 551.66075552
v 32.44488725 -108.23325398 1269.47659654
v 42.79719709 -108.27559006 1256.08376679
v 103.48486873 -35.47904342 391.23708714
v 98.70584852 -37.79675964 404.76628362
v 183.28069632 101.28075998 1285.26034303
v 182.96037647 94.15678637 1262.47095086
v 173.19017337 92.88240955 1285.01732741
v -3.62075133 51.97434121 784.69964148
v 3.89834473 72.39732976 794.03638250
v 11.57492435 51.09225628 784.39408147
v -45.93274039 -133.23500439 791.54317025
v 31.86682346 -84.79506708 1537.77564096
v 39.46052629 -68.01575165 1545.82860633
v 33.11206788 -79.48308888 1362.12017633
v 62.83956465 -77.91783707 1352.69065234
v 52.48160975 -65.57428240 1378.49839204
v -69.04092299 -100.96510763 602.25387932
v -30.99642368 -119.18330096 766.74486237
v -37.96971524 -119.98770322 754.68724478
v 157.58371215 -7.38135606 1285.54237344
v 161.76301232 -32.61748079 1289.49477257
v 149.24463846 -28.76951218 1277.02787827
v -49.62930185 62.19731551 1493.27225884
v -55.18009168 55.57395514 1500.12644221
v -33.15166064 70.45747156 1494.59027340
v -30.86551049 -105.83760643 723.89658003
v -47.39158875 -122.04895383 736.83956859
v -49.35617053 -124.48378488 722.48749501
v 158.47809187 -72.66362037 922.22652455
v 174.36818754 -62.43159225 906.66566146
v 74.15490282 -43.13403066 1402.83444492
v 56.48232305 -47.18268814 1413.97618163
v 65.95259188 -49.53821929 1396.74523617
v -37.42479481 -69.59720528 596.19705336
v -83.42624655 -144.51836472 744.26513333
v 63.21186722 -25.74354192 459.72442436
v -37.16541513 -73.32201689 605.02363257
v 101.59841163 -8.27523243 18.53759163
v 100.00947556 4.73806022 21.30697723
v 100.30450134 -19.73716277 6.88212300
v -65.41599560 64.77298316 1741.95847928
v -58.33119614 82.57276848 1725.25927993
v -65.51845204 86.27023229 1709.95398300
v -23.91210270 -50.27576641 613.93935174
v 298.76088582 71.69466164 1144.68880032
v -30.41090439 -70.31274940 629.71575467
v 151.57420946 -7.88527202 1276.98772873
v 151.50986852 10.20117731 1282.51368664
v 79.49182446 -30.10745485 1421.08809086
v 91.45015312 -34.41798501 1403.04625876
v -47.79448729 -89.79789678 618.03970752
v 283.31309550 60.28632115 1208.41937023
v 281.05591941 73.44155119 1199.67036579
v 271.35457600 81.05142021 1224.73575686
v -58.20199119 -130.56808399 729.38841967
v 145.62561908 -61.37145047 1326.65555521
v 156.97611644 -56.23821590 1309.60662233
v -26.50972706 -66.04443883 642.62979123
v -94.13121181 26.72141041 1485.11075363
v -83.92222729 30.37954073 1496.81266450
v -99.57824299 35.83729953 1480.35781593
v -8.34110942 -53.62444196 684.15658994
v 179.39946440 -10.09662690 936.96991288
v 175.75208576 15.12427768 939.02724152
v 192.88587162 29.26660313 1232.83113532
v 197.70475253 25.77058220 1218.98750052
v 184.22874605 21.74771935 1248.18465490
v 53.05918402 -29.52718692 1433.08679114
v -17.64542430 -89.59141632 720.32157965
v 150.15469164 -79.83119804 917.26095923
v 134.07668035 -86.35976992 926.49812881
v 151.72682060 -85.92237326 896.16034324
v 196.77252354 -2.88422645 1220.59152365
v 188.85937336 7.15386149 1231.39100719
v 195.52112018 7.74535064 1217.73738972
v -15.94960765 -42.76102820 642.30319108
v -74.32520789 -140.45516081 730.52754004
v 120.48423579 -9.79921812 159.97345382
v 136.98693953 -7.35317637 135.76255444
v 169.75429101 -38.66664907 1328.69741314
v 28.04002410 -126.47717158 810.14886316
v 33.87310547 -122.88276464 793.08851731
v 42.86130045 -126.93296923 816.82958287
v -15.74125038 110.43453451 825.32659438
v -32.22019560 102.09487459 815.20609850
v -34.28970995 112.95278445 831.84679872
v 46.20732979 -123.73737948 833.57390411
v 41.43993811 -121.46334743 859.36383925
v 32.55316692 -123.85877178 846.93575654
v 63.37757728 18.24081640 1690.02329812
v 66.13141717 31.14081845 1662.42662598
v 60.89409222 34.03574515 1694.99547347
v 50.43359098 -112.29559277 886.58564086
v 72.72221086 -119.55824545 845.43796414
v -23.10242142 130.47962633 911.95625128
v -36.26126108 125.92358371 877.23756158
v -42.07288808 126.78910845 905.56238918
v 52.46384209 -107.59412149 906.16916067
v 14.78745496 -20.95771247 678.16540525
v 6.54528698 -12.48355500 690.01172629
v 14.51943083 -3.56098408 674.50589648
v -154.88249707 44.94723221 799.37458661
v -139.20287620 61.88230532 808.91202801
v -146.26252419 46.48340986 781.50992245
v 15.98576781 -38.74249991 669.94072398
v 16.34292897 -31.35618632 663.20538379
v 21.85617109 -38.25043511 646.57608751
v 51.44757423 69.78270264 1645.22431386
v 36.24475231 87.07622863 1626.69600674
v 43.69580611 79.74433437 1650.52487839
v 35.11644849 -55.58877959 615.75650195
v 27.01603089 -51.63282411 646.05887233
v -97.44543487 57.93623591 756.26542670
v -119.48813158 50.46367555 752.55997624
v -109.86786402 63.88302928 781.55413767
v 45.88867135 -64.57165779 591.94732065
v 58.60106030 -70.90557428 567.17441874
v 129.06134986 89.46435380 311.28953493
v 141.11093495 79.41698189 279.62381503
v 120.60022671 79.90654820 271.97913240
v -55.33605593 -17.30646419 453.15284648
v -55.18285876 -8.23468211 439.55765245
v -34.72130809 91.59657873 805.10757285
v -55.75284768 91.40982999 807.48443365
v 383.13534883 -46.25453221 759.55391789
v 377.93839236 -51.98561476 753.67630475
v 371.89149954 -46.39321599 754.33217300
v -147.24169084 -99.39014209 938.93812219
v -133.60695397 -106.82803800 955.33390381
v -67.49279774 -38.22715558 464.29278814
v -51.25678455 -16.07370131 465.06501843
v -62.94939470 -39.06361734 477.37666450
v 167.09040711 10.61733799 1275.96741843
v -57.09085538 4.20143044 1778.40102367
v -40.78372140 5.13176891 1778.85030263
v 339.23630783 -69.97694424 762.53072268
v 336.03310237 -61.79588570 779.54453342
v 339.88243940 -62.66517486 756.70143948
v 35.52422394 33.46239990 1576.56848727
v -46.33527328 -35.22303539 506.55286884
v -66.67412644 -50.59170590 503.71825799
v -50.75398107 -32.70457187 492.91643371
v -173.67376251 -98.30246404 862.97067821
v -160.34511055 -105.44943589 897.86434283
v -168.43992104 -92.65519048 900.86955953
v 162.34735179 70.99895491 277.32350603
v 146.37026250 83.15184915 304.57657520
v -35.38533438 -5.26771453 495.91202346
v -35.63912135 8.35125286 496.17530950
v -30.30793426 -13.37172190 516.63773388
v 12.68401945 -35.93269502 681.62162524
v 410.57970694 -2.79946068 789.18639950
v 412.35462055 -12.38745394 799.81748914
v -39.70606468 57.02202010 726.01002487
v -24.70919868 50.48082496 711.27446325
v -35.40641489 55.36250802 706.79911569
v 11.76757480 -59.57142209 730.89302376
v 24.49798138 -71.44906788 707.99808374
v 22.31937588 -75.36585676 728.81087891
v 202.14650267 -15.92623504 1369.45067305
v 41.78464945 80.15141749 1678.40680378
v 33.83400976 99.71275417 1692.90443931
v 45.44770259 75.01546667 1694.41973764
v 394.80633941 -66.98915303 759.84284361
v 371.80563648 -62.74411545 737.24268165
v -90.45413022 -8.23932870 1585.92263682
v 34.63460744 -95.86290192 743.10724949
v 42.79518930 -106.61720748 753.94559879
v 23.25019271 -93.32154726 752.90707692
v -20.76655111 56.86331813 784.45580863
v -7.01973532 44.16411294 777.00696690
v -28.11173173 57.40700318 780.05549860
v 31.01028581 -109.35475350 767.51143424
v 42.77841264 -116.04240717 781.66157486
v 24.04514474 -113.54614927 777.97465609
v 184.53277901 -2.94596572 1409.56674648
v 198.92320608 16.77962890 1411.99708093
v 129.87572672 93.85607400 358.48529305
v 134.47845351 92.20415214 330.17229144
v 121.26499867 93.11532057 332.09956496
v 76.77317052 20.46593145 278.19702802
v 83.70927028 6.11988812 270.02564130
v 70.74063850 14.68434821 301.92869152
v 29.58924729 -134.09226955 1037.13751968
v 22.95631437 -130.10212923 1043.84147232
v 155.64628203 30.65432114 1042.77088906
v 152.24076619 26.70267302 1030.55258562
v 148.98837711 46.00943823 1045.00979082
v 14.99421111 -124.75368103 1045.58474900
v 14.06024556 -125.49049574 1056.70431790
v 8.09298166 -124.36231169 1045.99689233
v 62.37179176 19.15819350 1709.09387270
v -3.06301576 -134.81008433 1040.70465571
v -17.93265404 -141.56312502 1040.15666058
v 154.13489159 2.36217056 1087.08127063
v 147.64197734 21.75967778 1087.49209685
v 144.52175713 28.33736231 1104.45789456
v -27.33852212 -136.91732699 1053.91333919
v -14.73347236 -133.77114468 1056.65272917
v 89.15807565 -101.38220534 957.30227442
v 72.54144235 -103.48044566 938.87661608
v 99.56637761 -94.87723692 945.30216457
v -162.64283125 16.63056834 724.14936637
v -139.37078247 38.10374096 712.31320977
v 5.33241176 126.40737839 967.12895340
v 20.63232991 132.57157746 955.59356635
v 113.43973735 -88.26681044 963.05356315
v 132.93598768 -79.06240483 963.67415984
v 132.03075826 -79.16017670 972.87258363
v 59.86589748 2.12311539 1622.36010414
v 64.40635727 13.96945907 1612.62674058
v -171.50053595 10.02479870 749.27713736
v 254.36168349 21.68658149 1016.12320324
v -76.99926115 28.77322150 264.43955043
v -73.37554405 51.70451283 275.75478584
v -70.42186034 28.10499051 283.54377158
v -68.33662412 -143.84959009 799.04027399
v 147.10246375 -68.98876807 967.71059369
v 154.96268630 -60.16767521 971.01743844
v 145.42299090 -68.34647831 984.18107743
v -122.07470287 48.13592287 678.36367433
v -98.06130227 57.75567731 677.91992200
v -113.56432395 54.16012154 656.85268921
v -23.54726214 -131.14672547 1148.72481795
v -20.40428251 -127.32059914 1166.34731597
v 138.58849841 -71.44400672 55.87750907
v 141.54342542 -96.76224401 44.21023574
v 149.64358969 -60.47629842 61.75239899
v 361.49387178 9.52353569 781.65151081
v 21.89170162 101.58890659 1026.43513669
v 136.42091501 -72.20132953 998.21328153
v 146.61054509 -59.98187067 1002.23773975
v -43.82656409 -133.15356822 782.25837680
v 94.19006506 -119.55567738 689.38444373
v 105.66059144 -113.55273589 671.40857886
v -117.68151395 50.62696876 707.94922117
v -104.54095935 56.18168896 692.20721023
v 180.31439659 0.72995441 424.54372499
v 172.91942405 -11.66869576 447.37085480
v 180.94089603 -10.79291431 402.20517099
v 79.24267502 -96.27862474 601.02854777
v 64.96956643 -82.09543010 585.71138873
v -92.17318831 60.39116753 734.63265695
v 65.19373092 -90.40318647 610.89294815
v 48.57857658 -80.71361161 639.11809271
v 52.50638817 -76.11339636 605.79557306
v 56.53437637 56.12370730 1730.46383692
v 49.08509777 77.67673679 1729.09446904
v 48.87305346 67.04110413 1737.53593545
v 54.38804368 -92.05570348 671.56169060
v 35.70385851 -70.15120387 664.65487358
v -42.32563021 52.33612824 687.80897391
v -56.19230741 57.74471993 698.79088628
v 14.24400094 -48.07576393 699.93616415
v 23.73146558 -62.08335204 687.57956713
v 62.04623649 -122.40685763 981.88930704
v 64.68802851 -129.12138043 998.24155821
v 35.30425743 -133.15172372 983.73982280
v 157.62223678 53.32262196 969.62846813
v 142.53650096 74.11867992 979.50594494
v 150.01352731 59.38164751 993.86574829
v 60.50171038 50.15887263 1648.05060371
v 60.62239024 44.44322447 1676.05001089
v 72.38374525 -127.17126786 1018.27510520
v 164.53017337 3.36672139 1009.01880209
v 160.61996438 -9.60674725 1014.99286077
v 78.42587613 -121.08441852 1029.35359424
v 61.48141100 -120.72037756 1059.97372774
v 59.88277759 -123.16391438 1048.62764917
v 126.74012673 62.30337897 605.09673935
v 140.48379656 58.55477490 624.27770667
v 135.66602472 55.12736735 587.11304668
v -126.66909129 1.22466907 163.81621698
v -113.87942080 15.51912896 152.19413691
v -14.70680115 -124.65028562 1195.74133121
v -18.27132624 -127.48010762 1180.98408661
v -101.84452715 20.17366380 136.06848529
v -100.31518640 27.33756027 122.74933726
v -98.24903382 30.13975175 155.00098430
v 1.97489546 82.57528953 1734.22506541
v -26.43072596 67.47145054 1746.30209814
v -98.31780445 53.91338277 122.22386211
v -97.32108926 49.51600044 144.78776221
v -17.38072313 -133.26752752 1140.85551079
v -24.03513733 -132.76826551 1119.55458337
v -93.20216608 53.38085196 173.42597784
v 126.68422699 -11.42141781 114.26712410
v 115.57610077 -9.70371219 107.68692507
v -28.79840498 -14.36545747 523.68995417
v -28.68680530 -20.44768969 543.29617759
v -175.77123987 -50.71528603 917.66200365
v -177.27674377 -20.99444902 920.39975917
v -182.19321301 -31.81390818 902.48056181
v -37.10387225 -34.75567665 530.85292668
v -48.23707262 -45.88916658 522.88127368
v 34.19547650 11.23661629 1752.06204548
v 48.01770292 17.43619523 1747.41325233
v 48.69772171 23.37071211 1754.93582395
v -32.44563859 -52.99603993 578.81259730
v -25.46789855 -33.95572054 572.77874433
v -175.91542542 0.98775092 945.12807690
v -167.90733614 31.57392724 956.44736682
v -173.49775130 6.95653254 922.85166566
v -23.34197706 -35.43680181 586.75718688
v -16.52622462 -12.74496178 607.42034043
v -99.07114355 -0.84953370 259.53910329
v -93.02320253 7.75782952 246.02334553
v -147.46561579 -91.21117772 604.18478852
v 108.10921246 -103.34962630 1021.80927922
v 131.34442582 -84.26684340 1019.75446609
v -73.81629078 55.67562671 636.82852622
v -87.07096707 59.53743815 671.78006365
v -55.63065021 56.46400592 674.42401711
v 279.07648048 90.98685518 1108.73778565
v 281.12374730 90.37036361 1077.46209802
v -116.95047052 -87.55163112 1146.01033575
v -78.80323505 30.39352993 248.65917405
v -84.48710552 16.31154309 260.05220978
v 75.18843614 -120.17105270 830.17584763
v 90.94622535 -121.52924676 815.08322069
v 101.92213346 -118.09365338 829.50217139
v 87.85544083 -116.36501955 1004.89259298
v 98.16414757 -105.52428602 997.05556153
v 102.37192319 -108.00868474 1011.68916625
v -161.91621671 -63.71069945 617.45746077
v 90.45249737 -119.46077640 763.48256504
v 116.93248374 -121.60055407 781.15094564
v 41.43430649 74.45326498 1615.44881527
v 56.20837527 56.85490984 1627.37839145
v -86.68973380 55.55784105 625.38472479
v 259.59839846 92.11631858 1134.20283294
v 267.76423577 92.36923133 1119.87610490
v -141.98713669 -42.40562563 1121.98340222
v -144.08294027 -36.26341102 1109.85777617
v -88.10176799 -9.46971587 307.06104832
v -72.69290204 13.72080152 302.38806718
v -74.76824503 -0.34343792 321.92470252
v 151.36331120 -99.59102080 853.16760042
v 124.68593900 -96.77027012 897.81075419
v 109.51761724 -113.66412517 851.95696834
v 113.01570204 -114.29763105 842.71023524
v 104.16024907 9.25283187 38.91856194
v -167.95682206 5.52301844 237.16850038
v -50.85415286 -120.77700932 1238.64618753
v -52.07546165 -119.89550927 1250.21127994
v -75.24829793 -118.65968450 1239.91213454
v -168.17467246 27.39581694 198.04672605
v -170.41499909 37.46838565 202.50366402
v -169.80846492 31.68144264 187.48622726
v -5.74711600 104.00186753 1615.39000201
v 11.40381589 107.66634955 1623.46571291
v -160.59894813 11.52231912 167.21816027
v -156.51620927 7.93288924 156.47119621
v -80.27242026 -104.47677193 1202.68387665
v -66.29448813 -110.06234189 1208.21820783
v -140.78480571 -1.56381281 162.34959669
v -149.12929543 0.64091762 159.48626733
v -139.74116418 -0.83634054 141.52601399
v -50.48800050 -2.92470782 454.04807960
v 83.28282535 137.42601241 1354.35185138
v -157.42641508 -86.70470363 940.92332830
v -151.51970059 -91.68286181 953.25372428
v -44.26365628 18.14038108 1780.79865133
v 381.92026268 -18.78035513 760.96571086
v -41.93513709 -7.79670947 480.11188837
v 20.35751626 109.93261841 1417.67466530
v -173.25550106 -81.69608040 903.96925233
v -182.74952813 -71.92546771 877.43873071
v 14.14800564 6.00651094 1759.81349117
v 26.27652632 17.16223258 1759.39057192
v 0.34902582 20.63236671 1764.89900972
v -29.23148270 8.38332064 530.96426089
v 180.30337063 -48.17287178 608.00653721
v 164.87613926 53.45682685 204.76911969
v 152.19087574 69.55890043 218.92494237
v 165.51168493 62.45467929 245.71255303
v 19.10954312 -49.31321174 675.31492896
v -60.64949760 97.90574731 1432.27870849
v -28.20290657 53.22963122 739.86481249
v 184.76351128 -35.96616116 641.08513092
v 181.63521733 -27.92327181 615.98023682
v 181.23463227 -12.18211253 657.79788185
v 17.12527810 -77.01578428 744.31536495
v 26.99637468 101.09457221 1670.97301607
v -43.14234553 76.48767513 1472.97632280
v -28.41681342 64.85799949 787.71902124
v -88.01474791 -35.23106792 1697.77323104
v 23.31438960 -125.07073271 796.04424306
v -17.62416393 -27.33431590 610.77522875
v -13.76249990 -19.95728850 630.19344230
v -176.00142420 6.53915232 896.22240702
v -167.87019435 34.80567922 894.40952031
v -177.66461906 11.96258078 880.52240044
v -18.57558069 12.09407679 635.82231752
v -11.63147746 -12.45194941 643.58517962
v 40.62316281 83.34005504 1731.12239483
v 30.34709806 85.55490606 1731.03915818
v -11.86999450 6.78050948 656.77705723
v -157.29560229 54.94643007 845.55567544
v -157.72209258 46.31297029 813.00768813
v 1.09415645 -2.52987231 686.43270730
v 5.20739444 -1.39591698 695.24664050
v 86.92984206 31.95184505 240.22064309
v 86.96250406 40.30205064 254.26282952
v 87.85331388 37.26146363 234.45825206
v -65.20472834 15.46871649 331.73107398
v -57.44074997 25.08594792 344.31676028
v -132.09571902 -97.99250446 1051.32337988
v -143.68517272 -82.55351724 1038.69712801
v -136.90245510 -91.64482347 1022.65210097
v -58.36284691 20.06209426 359.07516913
v -54.43863393 41.87291469 360.42374776
v -56.59478035 22.46911536 381.93080716
v -24.00027080 21.87665758 1770.19556467
v -25.76079334 38.23620479 1764.85180423
v -44.10515939 29.34471550 1777.64147399
v -57.82901549 6.50133316 404.83924655
v -54.88055259 15.01909313 399.99731186
v -55.48358974 18.21502365 412.19576973
v -143.57646749 -82.77005464 984.67452816
v -121.33107387 -104.06635048 986.79826222
v -132.80514479 -93.27533015 994.83315965
v -56.57117601 4.50471887 424.32773985
v -55.56210225 33.88502777 407.79295170
v -55.97436726 1.28703376 430.34025362
v 26.50895557 -79.35098882 1707.23969397
v 39.59986111 -56.01883373 1721.94781183
v 21.95417245 -67.99146934 1723.03669583
v -168.56014459 20.60802682 207.86443029
v 22.66051556 -82.98098453 1522.30815896
v 145.90684740 73.29854119 1228.91071261
v 136.49322387 88.86623577 1227.41052012
v 149.28137543 89.21219463 1255.45554628
v -163.13062061 17.42382852 175.70714261
v 138.41759167 101.94787404 1255.63068222
v -22.13678883 -105.52854984 1694.23366265
v -9.60207361 -99.59692728 1705.88856583
v -22.89342497 -98.23275733 1706.29968575
v -11.81232202 -85.50244771 1720.42336709
v -148.96906025 5.70598912 123.70625370
v 152.73325208 45.08872187 1234.68793451
v 156.35457464 49.90129124 1255.18586609
v -124.42987506 2.26113391 143.69628529
v 44.87370926 99.09204122 804.84063543
v 36.85329399 113.48820566 820.50279966
v 75.86581330 109.83009212 807.43943324
v -3.53258684 90.12133897 1591.84330824
v -4.02444037 78.54113786 1579.90023400
v -102.34100252 23.34937457 147.66841517
v -9.44990151 86.49148052 1466.02268388
v -21.12557316 93.07678002 1461.28216471
v -14.52750802 81.79867462 1477.12293094
v -96.09962828 37.40508432 157.69449471
v 23.97952833 102.93467987 1444.35255661
v 65.02994504 40.66077045 1486.11095092
v 3.56619797 69.91396797 1572.45415118
v -99.15303777 69.20026718 140.13764313
v 196.20051096 -3.93985381 828.09590781
v 196.58523630 -26.96091105 824.83202827
v 196.17896987 -27.80744833 798.03933669
v -99.15533178 77.96185923 157.66831623
v 46.38557736 -70.82375007 1620.53642930
v 44.59660312 93.90049807 1469.68079750
v -29.40428828 91.99316694 1449.41925365
v 105.67778391 93.16646254 3.74059048
v 105.95615267 100.01947230 21.13509444
v -90.40661639 21.09455659 1725.06724116
v 249.37190136 16.18225711 1036.35546677
v -84.94269188 57.02153035 224.82964061
v 54.68378698 67.08952251 1489.15694473
v 40.16767202 51.32278842 1510.51256466
v 24.73302549 49.39008828 1529.21567554
v -77.27610450 -10.16661996 1533.09844552
v -77.19811465 46.38166956 254.87069396
v -89.95564125 8.16289399 1469.33906765
v 250.50461887 2.35877267 1196.89969192
v 263.52917294 5.99973134 1180.71715777
v 7.55208931 59.50308240 1554.81963582
v -90.17619588 27.75385716 1711.14960406
v -95.51968480 18.48273097 1688.27356102
v 50.67759551 38.66388457 1506.32882692
v -86.30415072 5.99833054 278.07125508
v -134.66874452 -55.35199370 1249.34859641
v -139.72321174 -45.39313178 1246.07393148
v -125.58387535 -66.95319559 1230.70731784
v -57.08090852 40.85891945 1521.28665534
v -66.99368482 32.13004164 1513.85203644
v -67.53247778 23.86669046 1518.11193425
v -139.33523045 15.38780885 1146.88453322
v -148.11975881 -14.98802311 1151.35900465
v -151.61953369 -6.50384792 1168.35989719
v -145.67963645 -38.82864985 1195.47068473
v -152.65258210 -15.23105807 1189.33866298
v -145.61604898 -41.57452674 1178.34917438
v 120.87799351 98.95627487 981.97837942
v -99.37507499 -14.80424178 1634.36165684
v 129.02926190 64.21470335 1456.64470436
v 113.84102983 81.42591528 1454.42844835
v 110.28619932 66.40981642 1462.37262578
v -22.86708194 -131.24800706 1583.58256147
v 73.41221324 85.04404815 1468.87835852
v 100.55675133 87.41502218 1458.69442341
v 66.40959117 91.44808501 1466.39610229
v 131.75900123 128.12812761 1321.46067156
v 131.83534997 127.40980049 1305.17515109
v 106.63753054 135.03818477 1303.25482579
v -83.40753226 33.28527152 234.10828824
v 102.68501232 134.61924737 1351.65236799
v 58.86461725 -34.87572590 1657.34829045
v 64.55229613 -17.66438541 1675.17215276
v 55.52680026 85.59719993 1476.76924095
v 33.30833835 81.03024274 1482.57465674
v -95.33087313 -7.15582922 1602.54411111
v -100.18842495 -7.67665974 1615.91508437
v 84.25978782 56.00474047 1472.02458408
v 98.45006680 75.75296580 1465.64700002
v 79.77064448 67.39971992 1473.21287505
v 7.06787494 -115.38073885 1551.98686309
v 152.33596907 98.60021830 1268.59725353
v -120.05285478 -89.09088385 1250.78493149
v -135.19405817 -77.03149808 1265.94326830
v -124.68001197 -76.11898512 1248.01920200
v 226.93611271 26.09879009 14.51300936
v -12.09851874 -114.76851852 1514.03578222
v -20.26625812 -116.31806213 1509.59315372
v -11.83074515 -111.64452153 1502.23243777
v -56.29146153 35.37664937 341.09952548
v -54.06419080 -88.78537333 1350.05462923
v 51.40128033 24.32089200 1499.18986029
v 46.10405913 30.03070352 1513.25782034
v 77.40037350 29.68362914 1469.38687043
v -60.05441339 72.28565982 1602.39848098
v -62.95888658 83.79042209 1613.90649909
v -10.92236508 -105.56836651 1498.54662906
v -5.33458764 -107.78403249 1506.38292714
v -37.66124780 -111.21819125 1301.72190594
v 47.97111410 -23.07309676 1561.99856820
v 41.16721083 -6.51083179 1551.79032255
v 42.91230745 -3.39765407 1568.51972069
v 21.43137329 54.10124253 1569.25208545
v -43.90968475 -48.33367550 1499.46144350
v 245.46376721 63.19922754 1321.27593107
v 242.02454762 73.40532712 1316.91046432
v 230.31830733 70.87537529 1359.08679989
v -54.84133472 -104.71591807 1642.01975351
v -69.68641548 -86.82769461 1645.48890888
v 116.29009862 -63.38135087 1221.43841051
v -53.33357388 61.05567052 741.04068212
v -55.09139749 -33.66785670 1450.04339964
v 174.39611540 -38.36384531 61.11845238
v 162.29189733 -29.33654206 70.10320063
v 161.26835647 -47.65226052 63.27188878
v -33.66513833 107.82374227 1691.10530630
v 1.54781037 -110.71074308 1646.63130311
v 105.05381958 104.89884330 1440.57613497
v 103.34087157 116.59765640 1417.67147210
v 45.83126371 17.67726772 1587.29063879
v 44.28592971 13.94311545 1569.98289342
v -16.84825625 113.85825657 1660.27971442
v -5.22868723 -125.59127545 1594.70184291
v 101.66250527 131.55915674 1368.34818557
v -135.40252622 76.47751350 831.90153079
v -119.14479211 78.85016655 811.59250326
v -79.66218447 -74.69384141 1557.74300505
v -84.21394588 -56.16018504 1553.70010391
v -71.02446096 -68.85355246 1533.63780317
v 126.66406862 45.51869525 1453.11268768
v 162.00944006 -9.04384434 1414.31701793
v -64.86363665 90.59928775 1638.58262673
v -87.97202054 56.01564934 1640.93306246
v -85.97834833 60.12082848 1654.33167341
v -61.01909020 -97.50759343 1611.60503021
v -49.36221403 -103.48217688 1600.91711224
v -51.72378548 -102.05817048 1616.55473310
v -188.92559826 -40.13251464 861.84885282
v -187.80875028 -22.10815941 868.99065017
v -189.85875936 -26.85538909 851.10933945
v 0.42977408 8.31720041 693.78387111
v -27.52463442 -65.43314643 1404.83222909
v 85.72290915 12.51053072 1442.00987112
v 10.14203316 2.70037720 687.36566882
v 134.70502795 71.03078898 139.34122123
v 155.60513406 60.59730284 164.81724783
v 19.20639238 -20.71302504 659.09518973
v 117.12586705 110.05049404 1244.83299674
v 94.24483618 110.93369964 1217.23846151
v 129.32892431 -116.42220176 813.13989574
v 143.82872483 -111.40411221 809.33666523
v 127.28131435 -112.56459792 829.90402966
v 211.73978799 103.34479358 1246.98463445
v 196.64759106 103.76282004 1264.21573557
v 97.38170442 104.92698816 1199.35412549
v 36.38976488 -47.70360610 590.40472283
v 96.15208889 132.76023475 1290.80547010
v 120.03950655 126.84849567 1286.45315827
v 48.77361446 -35.56648228 1726.49902811
v 38.86875708 -37.73138247 1733.56351729
v 184.11452463 -14.93011086 55.77498800
v 184.55465737 7.82305026 47.75003054
v 174.13440214 -2.07379142 66.36187637
v -68.10015344 22.54419939 1558.17062572
v -77.45101202 13.34333372 1580.17393262
v -70.71400584 25.48452566 1571.05558815
v 70.92028788 -99.39955133 635.25628053
v 148.38638202 -102.30252341 662.81325808
v 156.44460682 -94.98651384 647.15947206
v 153.02633958 -104.07913290 684.13283717
v 212.01773911 56.80376360 1177.33152776
v 218.69194052 68.63142063 1164.62044737
v 66.94512447 -100.31220711 658.65510817
v -23.83431569 61.44716033 1519.79387184
v -32.16751646 56.10648756 1543.98653559
v 45.40301645 -20.08999348 1447.11007456
v -88.40459158 34.07346356 1737.48254908
v -40.98081788 52.09549662 1550.02124104
v -80.44869086 -13.92300617 1571.20506251
v 146.89373472 -61.42425542 471.88549894
v 161.43078996 -50.65016012 479.20553279
v 207.06659873 -15.90059573 1305.86764074
v 226.30029123 0.54780872 1301.35155132
v 207.50414170 -19.79055231 1325.30746569
v -88.60074218 -36.80069024 1597.76001743
v -89.90286807 -24.28852855 1610.05392966
v 14.07096455 -104.69335307 766.47666804
v 143.98190545 -18.49812915 1239.42146483
v -163.65347370 -49.10987205 1404.01992986
v 117.42835046 -32.05136211 72.59958100
v 126.84107029 -33.76319025 78.76077812
v 115.03229476 -24.60285489 79.43980447
v 27.97939795 -128.40535703 831.32168596
v 131.61930188 44.88470751 1129.40327520
v 136.96168387 -69.28483320 1068.16599140
v 140.60893228 -41.31714050 375.02072109
v 119.00370412 -37.50765474 361.25475094
v 131.33380967 -41.34761405 355.00869541
v 229.45883778 64.34941877 1128.15418373
v 21.33698173 -118.99599539 879.47635573
v 82.50360719 -113.33772889 862.05631121
v 115.04464449 77.72390906 1158.79166704
v 105.45800450 90.90436132 1170.27304378
v 122.15425718 81.60182771 1179.45770571
v 71.81743822 -104.45852013 904.68042932
v 27.56239093 59.42756238 1748.55136303
v 26.45645265 104.46002847 1704.27875413
v 33.64767043 100.04834094 1709.70124434
v 47.21032204 -40.64451027 1550.34367125
v 42.76370934 -50.16307541 1545.19541394
v 35.60883626 -38.40435826 1534.83634245
v -74.68899045 -24.94090117 1528.79525420
v 148.12615980 74.00506828 237.74938595
v 131.41500827 79.34832006 261.40941712
v 91.35181729 59.87205632 468.70899714
v 85.28973850 51.61552011 483.81432106
v 100.17401057 59.46156116 484.12750548
v 239.59847680 -2.84820767 1183.43850992
v 220.74553154 -3.39058506 1178.54644679
v 242.05498679 -2.48371481 1161.14114003
v 30.95530769 -59.06970606 1528.34033813
v -73.57529253 -21.42344609 1504.48152996
v 156.18367563 -53.44883299 984.52433832
v 29.72583047 -38.36708292 1524.46480190
v 152.53188130 -49.56094864 1001.67014694
v 374.65349414 11.02016650 795.65595424
v 390.58761381 11.07059937 784.02232683
v 371.42544680 12.31341407 781.67141917
v -48.36927165 80.07280908 1735.15373613
v -39.79632114 99.02565548 1720.63532943
v -130.25330323 107.01237134 1281.54016120
v -111.52687811 117.04721976 1289.12981334
v -123.57922559 101.99337668 1261.36179704
v 219.51843492 -56.05604006 33.66116691
v 229.76830671 -36.64236427 21.64786925
v 29.28080252 -84.79565061 1669.12194846
v 42.67237579 -68.46878104 1668.14773315
v -140.60275320 94.07882846 1264.42927712
v 121.27731766 -86.78918271 996.61140800
v -94.71394115 124.41886218 1312.99263041
v -122.46413397 118.14825173 1319.89235814
v 97.50598126 60.66496026 562.00416084
v 78.09304358 51.85753927 545.56283528
v 81.27150479 58.94728675 580.89175920
v 45.50335699 -62.45993909 1653.57895270
v 161.05739001 89.52148000 1275.68621170
v -198.29263477 -41.84857555 1210.79916986
v -210.51098453 -44.73419219 1200.65150285
v -206.09961231 -41.49366012 1193.99276820
v 28.72649103 -90.86588997 1685.71878349
v 166.74385206 93.08958978 1289.24249223
v -4.81943884 71.46878249 1501.87261218
v -5.98032452 80.59624405 1489.56197491
v 5.74389898 -47.39916911 1496.17384254
v 47.98762286 74.15712314 770.65008992
v 60.60250214 86.23609781 790.01431446
v 66.78144812 85.11154026 782.01331472
v 149.18218586 102.31235355 1409.52444645
v 185.41638990 90.03452510 1395.00455023
v 169.34370593 100.58380789 1393.79151162
v 49.05636809 -135.72595150 1020.99371929
v 6.99982698 97.55677972 1454.84388313
v 28.37345839 -75.23739271 1528.72758806
v -58.94897085 63.12366799 1752.18771925
v 34.91357791 -126.31391647 1060.26107319
v 100.44142800 27.12557119 49.01388556
v 100.85964991 20.17132305 31.83036080
v 19.63267787 91.18796003 1463.59026605
v -66.29965882 41.57362695 1505.85409768
v 21.29649585 -126.52323901 1061.41920105
v 146.89605744 10.41658464 1275.05202818
v 5.31800042 39.66261977 778.28635586
v 189.46123658 32.98992138 1238.57820205
v -90.51926610 14.34118336 1480.94256141
v -107.71891837 26.34333848 1474.66799098
v -107.63660894 19.58025086 1469.68162247
v 160.45678593 -49.57477355 1300.12698753
v -74.67306444 75.21626653 1686.29256054
v -3.91031819 -130.16102397 1067.06216538
v 64.17472902 33.57487670 1634.41168832
v 60.61583898 44.47866657 1623.61902099
v -4.41917997 131.84175107 879.59916388
v -11.57806623 125.01015962 860.42757799
v -25.17892704 126.79838550 870.92752244
v 36.50777768 -128.76927029 1093.77584254
v 321.33124025 9.27526394 1087.09289863
v 310.60509533 8.19374206 1105.92054122
v 310.56042036 0.51781969 1084.75268304
v 67.01112405 27.18349078 1651.55622242
v 62.19992477 26.40110087 1625.21347716
v 79.29895091 -110.74917842 1112.48096971
v 95.98944102 -88.96793677 559.95568970
v -13.70973611 131.63332117 913.82345531
v 85.12037949 -107.57723274 1069.51924570
v 73.20635936 35.99840239 290.26973295
v 83.31153520 59.36287161 286.03334306
v 81.64226103 35.94200346 269.45213506
v 59.22721040 39.92625764 1706.59604964
v 56.98030996 16.41101023 467.91719111
v -102.34327050 73.72032686 797.83228464
v -89.76632280 69.01920685 786.61355667
v -166.01170541 26.80218182 775.41737751
v 266.79258096 7.41659403 999.70491325
v 281.76558700 -1.53279957 984.74572062
v 56.63491570 54.48565392 1675.78608392
v 91.52970220 -90.34637522 1182.70457219
v 70.72997311 -9.35088637 376.83721830
v -139.47371886 42.86571145 761.38818345
v -146.48197172 36.07222838 746.61953491
v -155.16241889 31.42842959 757.97889095
v 70.52295642 -108.27812867 1174.54130998
v 156.10818002 -10.59786670 210.51795657
v 158.90067011 -4.88998994 199.06011462
v 167.45385504 -5.63358323 229.09459642
v 13.31099334 -26.43522152 1749.33239362
v 11.29824956 -12.62551092 1754.97338250
v 34.79091121 -118.22384582 1220.39284927
v 226.15077482 3.18697274 1255.23959562
v 254.88672394 17.80619634 1231.17481784
v 268.97548389 23.52020388 1211.33579163
v -164.68071945 -86.09573691 919.71238236
v -168.12728902 -69.07477590 931.43876478
v 63.27123129 -105.39842255 1243.70936457
v 390.30444039 -13.90695447 873.26604715
v 393.49362760 -5.42662627 873.63090136
v 378.30899285 -12.81185823 900.31507676
v 276.04389819 7.44367430 1145.58829954
v 279.55721160 14.44857913 1168.91677864
v -8.42220819 -8.83309928 1760.23942088
v -8.55095252 3.76284954 1766.13988683
v 250.28153024 28.24014958 1268.21283629
v 238.77929584 13.47129306 1271.65949857
v 241.68421064 13.87698189 1253.96834579
v 78.75416922 -106.51312550 1270.82994846
v -0.52949203 34.00203784 768.09691798
v 52.17782363 36.27703259 540.37253792
v 44.77572119 26.51983559 548.70716365
v 46.38587684 33.24572910 572.02367615
v -186.04866936 -50.37815772 880.51754528
v 44.37740118 22.73970555 527.21107196
v 52.10717345 32.80601474 525.57398922
v 52.19041260 29.79650468 506.45996504
v 113.32781082 -92.93493207 1260.16993112
v 35.38947674 1.56380580 540.89531415
v 170.28505404 -28.61980733 363.23447794
v 63.49688858 24.50424590 1729.74753777
v -87.85341459 7.52390295 1601.15736052
v 239.03346268 4.10018262 1222.43300480
v 152.50484534 -59.86409679 1294.66471073
v 260.04457638 56.04644224 1280.84070303
v 251.02499419 39.54478447 1284.16973108
v -9.04288241 43.65461719 769.69688551
v -15.90758840 49.24452709 754.23471493
v -30.71695013 58.31735085 763.68863867
v -70.10319209 60.55441166 684.64087144
v 325.36961931 37.23775947 1093.14932811
v 240.33101997 12.93434307 1293.10579981
v 224.24661913 2.14835644 1272.26150701
v 51.40049927 60.50900036 1693.44677989
v 52.99148869 56.14141987 1707.71152642
v 216.97589505 -2.43633763 1282.83397841
v 84.38892931 -79.42040069 1338.26646483
v 76.51248151 65.07505394 309.08987884
v 70.70784915 52.23003669 305.83384215
v 71.06454223 63.06784486 329.00547748
v -0.40608438 93.64170253 806.11895325
v 77.19947820 -61.85976183 1371.94710847
v 29.43434726 5.61414431 593.83104113
v 36.13887124 13.12101693 574.25411027
v 112.08558299 81.51983477 124.45059907
v 120.04112162 83.12706983 121.18468409
v 24.21151505 96.24662498 1611.86344015
v 23.42794444 101.76256419 1624.58627127
v 35.39758138 -61.23450607 1398.78440486
v 167.28348859 -5.98678156 986.43426673
v 157.48418008 0.65287636 1072.26403135
v 154.98392333 23.47305307 1059.00174455
v 84.22968571 -48.62642778 1391.01317917
v 161.19013532 2.22192670 1037.93512259
v 289.44281027 12.68326491 1142.06610631
v 68.33746213 -29.41075605 1426.44671117
v 118.86175645 65.48588114 1083.58082787
v 103.72024270 77.68927608 1081.22462040
v 122.09184391 56.83717758 1099.10070099
v 139.75163112 34.84837401 1090.39010780
v 43.45041560 31.60518929 1590.22228728
v 89.06088768 -101.54083689 612.11014619
v 396.48225240 16.16116425 798.33279101
v 7.17342239 -43.45484989 1488.55946083
v 287.86197644 -15.19468055 1007.26076101
v 163.90546858 -50.00177863 535.14376271
v 172.34302799 -40.41885145 550.03923511
v 106.29743644 -119.40436385 689.01206939
v -46.05203291 -127.36825708 1152.55998017
v 183.29140359 -75.55159836 43.29108941
v 56.89258652 34.68841280 1748.76137323
v 15.33527369 -61.23983572 1404.06775436
v 79.66877442 -24.13680651 412.22654434
v -73.57922976 60.46450895 708.91944388
v -130.77146728 52.46465522 770.58280665
v 295.63089385 77.98751940 1118.03878922
v 60.00502366 24.08732249 1737.42692929
v 59.72702506 37.46701978 1739.59866067
v -28.29422151 45.97559547 687.86547954
v 31.32497578 -98.43543719 1316.07851264
v 142.98252000 70.42772323 441.42276558
v 135.19362152 82.95148390 417.12444302
v 117.25004077 71.72223496 454.10676147
v 63.02613294 -19.81895212 1710.74431419
v 64.15421766 -10.06603504 1700.03973417
v 65.36520665 -0.53079523 1717.15880855
v 160.15900943 -78.67825948 900.42426245
v 164.11508108 15.14035631 995.23115476
v 160.87720731 25.09393747 1008.18578311
v 73.10375241 -99.83924234 1299.37153344
v 314.36951209 33.64970847 1133.76624000
v 314.25653005 44.23836719 1136.32896149
v 59.15864680 -109.91749933 1266.92152935
v 131.88233778 67.31158762 685.83932732
v 141.75241263 61.33891795 665.12607457
v 115.17219431 71.82248659 664.40027660
v 161.91654401 -4.71610735 1046.56912594
v 157.52281259 11.41634404 1017.39020999
v 161.45585863 37.87918148 138.39044356
v 165.07320080 21.00433915 147.07287017
v 161.21204234 22.00769832 126.88711465
v 16.24219392 -100.44265946 1294.76511896
v -8.65815623 -128.90929615 1152.01851424
v -2.91062285 -126.88081358 1167.52564546
v 6.18896965 -101.90968972 1289.09850587
v -177.58958177 -78.77162279 777.15650340
v 103.56667669 67.78502589 227.65366714
v 110.36187420 71.62497585 240.71314933
v 111.37947128 73.68694992 214.64376578
v 10.70506185 -112.58068171 1250.86638795
v 379.59254848 0.43516444 914.61503743
v -46.57330620 -129.90504285 1116.61470243
v -179.41415551 16.12854253 853.55512611
v -5.53378600 105.18679755 1712.60980674
v 15.90661554 106.29227884 1701.50318292
v -15.87667974 108.66826021 1701.97947434
v 157.27347884 70.21461305 247.67606734
v -47.27764188 -130.52384608 1125.23160407
v 28.27664153 -121.10609660 1174.58731553
v -175.37559508 -38.23581583 938.98068767
v 37.93897779 -125.75537922 1129.31565299
v 100.93005122 29.92748083 149.98730062
v 99.68935888 51.53202148 174.49902243
v 362.05701714 -46.36142203 836.87029719
v 372.21301641 -55.41348579 823.26236493
v -179.68358940 -58.77073999 902.06703065
v 18.50426893 -128.22215599 1129.78159678
v -162.85801666 42.74594999 909.92016746
v 30.34683079 34.31000702 647.05664434
v 53.60022874 -9.64348943 1731.62857355
v 63.68358210 0.75709169 1725.60413188
v 56.60384137 12.54714332 1735.15619730
v 28.58929500 48.54760890 1576.51165226
v 89.78745228 -122.21512183 793.07988412
v 111.37651869 -38.21677717 18.09881963
v 107.93808432 -52.31272846 7.80458210
v 120.02812067 -62.16451913 16.95626182
v 338.86594475 9.29168063 898.57739829
v -56.37077413 -128.10988484 1100.34088819
v 235.16018017 49.47517495 1087.16745947
v 237.48828897 59.19450435 1085.28210925
v 247.51467773 41.06185499 1056.65365215
v -62.01565939 -127.73295706 1069.24935886
v -39.30959736 44.15989166 651.98227017
v 133.62082265 -108.14518872 848.44316278
v 107.02400581 -29.75666582 30.88874330
v -77.83034852 -106.73086408 1214.48918707
v -57.32021672 -115.80707802 1222.70787517
v -77.85297533 -109.26581974 1222.87450089
v -114.67812348 -113.06638158 1017.67556280
v 361.62602876 23.97196378 890.05402674
v -118.15738459 -106.62680642 995.51960166
v -27.97867959 -121.40125979 1205.09766991
v -47.65640516 -117.73315441 1206.46592406
v -41.41620909 -122.54582821 1189.47804238
v 2.34046138 111.13280965 1641.16597447
v -87.33839890 -120.97070677 936.08070326
v 197.75934274 8.55830245 1206.32952099
v 203.41513230 40.39485603 1205.77643781
v -110.87205936 -120.77341819 921.30816446
v 120.18300067 75.89165069 243.08611386
v 117.13022940 76.57179332 213.01390088
v 394.03582672 4.74483032 844.39603363
v 203.14573893 6.49202437 1196.74895571
v 197.90370865 -0.59308324 1211.22557026
v 138.76430848 -32.18151661 1209.98370694
v -167.48336163 -63.36490769 950.77481304
v 228.34864990 61.14921219 1373.48340368
v 214.58021052 78.47353396 1378.48319887
v -44.19937781 -23.52301811 1770.12124354
v -43.66976765 -6.87103361 1774.79894870
v 205.67187691 13.73721710 1192.64337302
v -88.59775219 -139.39355518 843.90173231
v 133.57297210 68.78399402 1183.19349064
v 131.10326199 82.12460662 1202.25204745
v 91.79346981 6.40954462 77.29548845
v 96.82683535 -4.31380204 81.69492794
v 188.83525422 -0.24866819 1244.03386970
v 183.77332544 9.81519631 1250.36123158
v -110.87104953 -147.19132198 798.38036306
v 96.56982260 85.74154945 324.25955358
v 115.29957083 87.34144937 305.70323790
v 97.35636730 77.15982376 290.62258981
v 175.95410380 35.18825839 1258.87166599
v 163.94693207 44.40462755 958.87590541
v 163.87387294 23.87075358 989.64707182
v 196.18867747 -1.29262595 1229.53948049
v 22.71429837 106.54254295 1683.45954630
v 55.83421091 54.87337155 1738.10035634
v -51.07733913 72.84583508 791.71840330
v 20.54063674 -12.11585917 646.72876215
v 119.22077906 -15.04893599 195.84731812
v 128.65450544 -12.03325343 187.04956470
v 311.11058265 -27.41425031 920.65577025
v 317.36008104 -24.30499768 910.51938441
v 327.16816015 -26.09115045 908.18245427
v -165.26303450 45.88116526 869.17073416
v -188.54938035 -63.99811727 831.99669258
v 27.08810686 99.98547337 1714.83429153
v 21.77209776 42.57808375 1757.83024092
v 109.38805858 -5.22573119 155.10333383
v 111.04975917 -2.80261161 134.33250711
v -150.47593501 58.15560602 829.31888611
v -130.35118179 -101.32160656 1035.33952337
v -56.19309616 50.06075254 620.69141992
v 91.86466116 31.23550849 209.98036495
v 91.01698856 15.65186181 216.77163928
v 318.53805646 50.85611962 958.76406101
v -126.14471682 -106.10037134 968.29984064
v -141.11675772 -93.29426965 969.22814585
v -27.78226129 14.91809136 586.00312469
v -38.36367241 23.87467105 1777.57869654
v -64.40341724 27.83436236 1766.96113871
v 289.99915924 8.19781465 1123.90485052
v 362.64082792 -70.97756237 761.41842644
v 347.22760253 -79.74612003 753.92477047
v 364.49026008 -76.50987723 751.70950822
v 298.17969914 -1.97876182 1080.49418296
v -175.09598751 -34.93759815 696.44082790
v -186.60445046 -26.80679996 784.50560747
v 23.56205363 130.09075145 853.34664844
v 6.79990096 128.49911857 857.11585827
v 193.77951126 91.35462860 1231.66130571
v 212.91645886 92.22636000 1202.92687826
v 339.55234649 -77.45981395 753.86776820
v 347.37689752 -74.02627072 763.94979092
v -186.61157625 -0.70784554 828.09843403
v 182.20147074 83.12347461 1239.30114090
v 195.22860329 84.69226075 1220.88341228
v -187.28969340 -19.73862388 798.88097978
v 13.60033002 42.73702946 774.07672151
v 24.32789745 54.34423962 765.31932638
v 16.71445045 44.99181696 748.52445767
v 169.55304106 -14.44840066 503.55448859
v 170.81641517 -5.14884438 506.97386556
v 172.02769438 -15.49510748 531.33074636
v 168.26088354 62.48013295 1434.91750646
v 163.50491704 85.71366971 1418.11531754
v 156.15875483 71.72776188 1435.09024856
v 55.08946968 29.64875050 1611.52427703
v 336.26247524 -30.50058211 807.26530833
v 345.33097670 -12.07655679 801.47414504
v 150.99554386 64.20690473 1442.17741726
v 334.25269634 -0.95035936 1031.22866498
v 35.97793024 69.42927948 784.47704828
v 159.44648209 -37.64935530 437.34562839
v 165.40651082 -30.58110246 447.79157780
v 167.63505810 -38.20160844 473.27336474
v 249.41832773 9.27721202 1052.08499940
v 244.93920048 12.61432298 1079.94538543
v 36.12971901 53.38364382 1586.54583245
v 47.95189986 60.37205027 1609.16547469
v 348.33330270 -45.23532250 760.34055420
v 340.55964653 -42.04337265 769.85904808
v 340.08496144 -31.33518767 760.30711381
v -54.92058907 51.92441082 651.46344461
v 19.74636120 100.32553216 1612.68497371
v 5.39193407 93.85222112 1602.22807809
v -34.88360413 46.88514825 670.05416992
v 57.03330715 73.52937201 757.26160516
v 82.94826953 81.45140580 763.89682220
v 87.97826402 78.97306465 741.21804400
v 86.21789538 -13.06803168 312.58889463
v 104.70135350 -22.29390913 296.47632311
v 101.02116779 -24.95032157 318.63325670
v 167.85217574 -33.52485774 485.13341798
v 172.21054004 5.87490758 482.82405586
v 95.69279548 11.88548804 1435.33524093
v 104.48584922 26.67173579 1450.36883941
v 253.51448426 92.20902772 1238.89269583
v 264.77644792 80.17681457 1248.40500475
v 369.23224840 26.67865155 927.57241243
v 362.36442660 34.92182583 932.63730151
v -35.70501620 26.77896294 581.73584455
v 215.97002152 102.43041840 1314.19831641
v 193.96271656 108.58497241 1320.56463348
v 210.73481607 99.24833406 1331.85240838
v 44.67085129 5.31082926 1562.95826030
v 46.34814288 3.08295640 1518.62245902
v 85.58461272 136.99823266 1300.76025895
v 74.08974577 60.58757659 598.47077471
v 59.01663262 53.22750615 597.63973741
v 159.62313677 30.88066808 1274.93915432
v 72.65337403 132.61663127 1378.70251088
v 52.62673258 131.59838398 1371.01116479
v 166.46212545 -20.26012680 1292.75424156
v 4.51911668 6.93982674 702.27740506
v 68.60622913 103.15817107 1451.53848922
v 81.54443573 107.66971277 1443.83207620
v 340.86942033 -55.51550281 764.78896433
v 348.67983682 -57.05941594 753.61740551
v 40.80609685 50.31087125 666.27216144
v 217.14495128 81.37958519 1181.10653619
v 48.70113853 50.31563051 631.43872500
v 67.74138383 40.97160834 495.26780920
v 60.44949044 30.08788510 483.92837098
v 241.64933939 93.77443527 1290.24196882
v 250.70358093 93.03849422 1267.15151406
v 180.79443003 32.03705847 1429.12186770
v 173.13085440 49.69112813 1434.07801871
v 384.84221452 14.78066885 835.77052265
v 386.28281428 10.56080170 854.63152458
v 31.67628092 -22.65214760 580.44894581
v 231.20074111 103.48757586 1277.31054609
v 242.71240428 98.86096212 1236.56099325
v 35.31653760 -35.63089812 573.19838954
v 62.09992500 40.07272595 383.07090215
v 61.26389856 22.69667833 342.89274852
v 93.13813651 7.18471880 215.56407121
v 85.68836808 15.11589081 245.24651485
v 61.53111648 16.87156068 446.24005907
v -14.36944546 110.79321962 1385.14825303
v 62.28371205 24.92590264 422.87831309
v 372.53081681 17.18074665 812.44587661
v 349.04444776 1.84227653 831.48824525
v 368.14814368 17.14026856 828.50827175
v 102.03788956 117.41276967 1250.73637145
v 85.24881359 118.31370103 1241.61851805
v 237.46271506 -0.17944398 1206.84334322
v 225.37630527 -2.64293655 1194.28229619
v 77.49708857 -18.06361769 397.90103708
v 78.53992210 -15.97182192 369.62972850
v 149.71772181 44.49517554 572.39753425
v 160.43147448 33.47460669 569.46452113
v 152.46096583 37.75180913 553.23163688
v -63.41613147 27.13957283 1537.56377052
v 69.18259078 -16.85174693 426.78772079
v 36.24863645 130.00517852 1349.67036669
v 371.67909918 -79.83888492 784.91324747
v 382.03041270 -83.30496766 777.13272186
v 384.35780174 -79.92066630 786.85587797
v 217.97885378 43.83936274 1398.13551192
v 214.09289724 62.05163468 1396.81169444
v 97.32254084 -61.97902917 468.25797048
v 176.52705332 81.26956874 1411.99617273
v 202.62017430 74.09747330 1397.10221138
v 92.85114479 -65.39452775 497.73458810
v -3.54676996 105.05390039 1413.06562952
v 193.44104073 -27.43740547 1341.00602702
v 230.44961048 3.49837051 1326.41721179
v -61.48136192 93.21887559 1448.22804187
v -49.54847701 94.66020785 1438.00704294
v 105.24729197 72.37212554 1100.22162097
v 83.83168566 -80.96388954 546.15952311
v 133.60441252 60.13342840 1030.58285299
v 304.32507984 -18.99760443 918.61199341
v 93.14399083 83.54473050 1120.04415865
v 228.75454905 10.69190120 1120.75250922
v 223.39541311 19.20253288 1125.32512447
v 103.29609509 -89.91571755 567.37016999
v 222.86866015 33.73871781 1141.76537566
v 216.84629506 12.85545507 1149.96967064
v 188.82980063 -12.70905726 905.33853659
v 189.47743408 6.40684535 893.12940729
v 183.13908588 12.84707660 920.37016285
v 117.67892309 -58.39010673 440.45082504
v 112.39861763 -46.04280705 424.09012320
v -84.33061692 -21.04035468 1739.48499002
v -86.76446144 -24.09504472 1730.65066663
v 333.83926191 -38.25164586 801.78269510
v 201.69419474 46.62341561 1416.97905006
v 181.57665381 55.57354898 1426.97903305
v 92.90170192 -119.63462469 714.78727601
v 277.71410629 82.51849397 1194.44146583
v 110.75890758 -122.48009505 707.16930356
v 209.92640091 11.29763020 1397.68424076
v 218.47992601 14.16267138 1386.98056161
v 222.48262562 27.13691639 1390.51289262
v 167.71813183 -93.56863083 686.36007463
v 149.69944575 -152.71959316 11.66466142
v 123.91600460 -124.74935392 10.48997900
v 116.67507010 -120.10917614 796.50931567
v 107.10477824 -117.85567983 813.64236176
v 187.90768210 -57.72767229 854.83463577
v 194.57808348 -25.03577570 862.67017293
v 189.61282127 -42.17358978 869.46587008
v 115.87047723 -102.06487649 9.87844552
v 135.74457882 -127.36033308 14.40502943
v -33.24831584 -27.51132765 1761.86366347
v 336.49982482 -31.35761733 767.77278808
v 232.39420996 57.11051971 1109.20630969
v 145.67458264 -103.89510889 847.93948479
v 221.93681100 56.69604812 1149.12762004
v -5.56182575 60.68073415 1530.52460818
v 164.06998364 -85.30146275 866.55897847
v 175.69185145 -68.66928537 880.86432237
v 398.98530276 -76.71932291 770.00453932
v 393.17862602 -82.74497612 773.53497961
v 390.36682545 -78.71620991 760.76850710
v 225.54135131 91.52576915 1323.95630139
v 224.86473739 80.11351898 1355.03028954
v 172.37947602 -37.70560551 947.27884412
v 253.86996130 46.38223510 1295.68951541
v 255.64123363 60.21537131 1293.96703546
v 249.84408122 45.22411419 1314.49300034
v 177.33170376 11.22345151 441.98649031
v 185.54502841 20.37935701 405.56396029
v 177.96398791 23.44741767 433.29886301
v -47.91578360 71.26318016 1483.19634928
v 168.67388325 20.24309569 968.50327842
v 53.18923320 140.84939901 897.05318953
v 56.54669745 137.44819961 932.91876183
v 356.70169367 0.30750834 798.50232292
v 348.39418465 -10.06311317 815.55153122
v -66.17434054 56.21782439 1491.28043044
v -89.98427156 40.80463242 1485.80770731
v 234.92265839 18.68124495 1352.39705333
v 221.07489723 -1.71022637 1354.39640531
v 153.88604536 -45.21088122 1009.95103778
v -7.92399687 63.55175525 1547.61692767
v -22.45275196 118.78257168 843.19712940
v -51.65574481 118.48241674 851.69154614
v 397.33253118 -14.31778504 843.93948653
v 92.50250609 -104.88504456 1056.10670196
v -13.71091460 63.43623576 1563.96649152
v 3.52215649 63.55830311 1561.34993646
v -46.74213880 123.16316552 934.64332169
v -27.11052924 126.25609607 935.06007919
v -127.78414440 26.54448850 1117.93905153
v -126.29818107 36.76853319 1137.94082203
v -120.15587530 41.77798168 1121.43907952
v -58.50583759 -99.08662177 1547.04621802
v -71.44254391 -89.12988855 1559.79435878
v -65.34923092 -89.44930229 1542.46145621
v -122.30552766 64.31946166 794.01102533
v 327.76493288 -20.88344909 940.04110630
v 344.91840945 -22.05841181 934.36328063
v 144.86124839 28.51240449 1154.18428701
v -81.90370528 -79.76964874 1582.99457459
v 148.69084319 22.35588602 1163.32767172
v -136.54891849 34.51408801 1157.81165138
v -134.93287817 53.03136539 1174.34854504
v -120.25284926 62.27392268 1158.70591463
v 132.76641833 70.79784369 717.15568759
v 120.66854907 77.57896389 749.92561234
v 145.05777300 70.19110497 752.82997060
v 180.34821116 -11.06084638 330.56651566
v 189.56589706 12.23754472 342.83188311
v 182.73765078 -7.93679336 369.91547843
v 359.70693762 -47.22915112 752.02399985
v 359.76423802 -40.06625082 753.89738605
v -52.46607731 -105.23780101 1528.79808689
v -29.16602021 -123.50418720 1529.03573177
v 325.94261678 0.35189257 1059.81234420
v 126.74580427 -49.78792660 1212.11440729
v -49.68100024 -107.76349568 1554.22355075
v -50.32435810 -108.62304185 1539.53555323
v -70.32053852 81.67881641 1113.30872921
v -85.07717992 77.67414347 1114.27523282
v -78.11716787 90.90520624 1139.54413090
v -78.21612338 25.22599473 1588.59159095
v 362.08115305 -38.33598794 869.03303689
v 141.11935633 -30.19622235 1251.26968951
v -91.83653601 -9.12046991 1592.33922037
v -88.34289693 -0.34678659 1592.59799996
v -80.74389541 12.70070588 1596.56764936
v -163.57490784 -21.95367122 999.02513411
v -161.49511179 0.83259691 1005.22516903
v -164.23094554 -11.83357158 996.09371846
v 152.23187028 31.88805232 1266.22110656
v 104.77899935 56.48806228 533.90101633
v 75.55412859 47.82626767 518.54815853
v -89.54681839 59.29256930 713.58449164
v 151.67561968 27.08219326 1275.37339065
v 191.58519481 61.38538012 1219.78573749
v 148.30627425 46.25506292 1052.49874296
v 320.74198399 43.90314503 951.70581421
v 331.02615597 53.04034179 953.22812892
v 155.39811204 -44.95188496 1283.21460392
v 176.92168970 68.83853390 1241.29973564
v -93.21863637 -109.53170995 1095.64232822
v -157.74693018 -54.98879098 991.13745135
v -168.58623785 -30.61904301 982.73716605
v -169.25466721 -41.12955109 969.75747338
v -17.91994392 127.08852609 945.64025885
v -34.64386465 120.80352720 959.16502371
v 36.64637742 -20.31589695 1531.36920013
v 69.29602451 113.17801168 1011.27654790
v 39.48307190 112.93355630 1011.85801028
v 106.04860282 -23.71925023 1404.86624246
v -89.16033531 -36.99473885 1585.15290830
v -85.19175299 -39.79928461 1567.57579598
v 342.16686924 -11.35520256 860.85021827
v 341.00059125 -21.63990647 839.05286381
v 342.16038916 -21.16347978 860.76272071
v -90.72986093 -45.67354016 1591.71606280
v 30.41879620 -28.81717975 1516.66357457
v -167.16632535 -71.83111404 1330.06362495
v -166.20125087 -69.40988660 1308.98505078
v -155.77240791 -75.96855196 1326.71844142
v 177.60953052 110.88560534 1327.31595887
v 165.65957932 111.37205930 1332.07222094
v 157.77983075 35.36145276 1009.02506144
v 350.90822087 49.87706955 996.17119825
v 25.76209361 -69.87012107 1517.22136500
v 174.94932456 108.22311569 1365.39330716
v 159.62160498 -8.89750327 1024.36464029
v 150.25169464 29.60399493 1023.53432904
v 188.37787771 0.25320668 736.82469300
v 193.93281588 -35.27119022 741.82068010
v 191.50281752 -21.84318207 713.24982598
v -39.22451784 -119.32282795 1228.72162477
v 27.94267327 -93.07891805 1593.72846804
v -60.93166926 107.41675833 1183.53114358
v -50.90523186 105.38840766 1170.49824879
v -72.84768870 99.17275723 1159.14949215
v 12.47540282 -100.05845962 1601.58591955
v 302.98881065 43.28344272 1158.94878949
v 2.27403353 -130.36510097 1147.88234941
v 38.51239307 -13.21865723 1541.26905739
v 42.45673726 -84.27912588 1636.53133715
v 49.20275257 -37.48475784 1571.77696743
v 45.37333654 -33.47672843 1551.69585011
v 35.03174205 -80.85906263 1659.65410977
v 134.42307976 -58.62426519 445.34453401
v 137.04786588 -51.56280254 432.34083288
v -181.24457030 -20.28026169 900.52222690
v -12.67962383 -115.19903547 1635.71226710
v -3.31177408 -108.66830902 1627.30197560
v -80.35388514 109.43953322 1240.28610735
v -102.23654513 103.83593198 1241.92587718
v -103.82029997 108.53559256 1253.86551332
v 301.34909860 86.08176280 1053.60684560
v -177.30760367 -16.09257276 945.55747482
v -33.28853175 -87.30751862 1495.31769383
v -22.38316339 -110.94033226 1498.59230222
v -30.47096511 -114.43395807 1511.72249803
v 0.46433061 -120.00105245 1574.27443596
v -120.86041299 -77.40155066 1174.36008383
v 65.65146147 134.29770327 947.22706868
v 85.14234478 125.78503173 966.52292034
v -138.15490253 -71.75750710 1090.74318719
v -134.36216537 -64.40637765 1125.06994120
v 53.11368095 -44.14059724 1643.97298146
v 145.16576894 87.79043959 919.46487618
v -87.93619975 -120.86215460 1254.25146064
v 6.73024516 -96.31987527 1503.04782463
v -188.23563771 -2.86246909 1181.75024022
v -180.96482000 24.86621342 1184.74780197
v -181.72911761 8.81362851 1192.55551399
v 284.38576177 44.43547503 1204.33402271
v 275.43231744 41.14185521 1223.45176063
v -107.65193603 -86.36684347 1218.11542249
v 57.09192209 -49.18457000 1596.85056709
v 50.73659009 -69.30926365 1591.01906120
v 52.39087790 -26.23397009 1583.76010692
v 47.78888366 -16.63874434 1575.49915711
v 52.93051267 -16.56767020 1598.46627708
v -53.99067899 -40.71866519 1496.20642075
v -178.02280147 -69.74975217 1319.27219969
v 166.51148681 19.97998440 540.54482855
v 162.40028643 32.73321213 518.48075790
v 157.05353938 34.23134522 541.68760804
v -61.24686602 -37.58319127 1504.13147931
v 329.21864161 11.53351483 1072.79922161
v -34.88115987 -114.72046229 1583.02381708
v -34.43334886 -115.36030135 1569.34134394
v -63.05509835 -27.63199879 1470.27525294
v -8.87921673 11.30121931 1767.09656009
v -21.87571190 -111.84624178 1611.99116386
v -22.22752779 -118.58883028 1601.19608507
v 194.76296223 -39.20041491 832.60659338
v 185.84215611 -62.94593183 837.86868841
v 188.35949102 -67.50712154 805.42321764
v 135.18777156 -75.39400563 494.11513020
v 134.28939093 -65.70806085 467.98171507
v -72.20175685 -46.41174872 1420.74546765
v -83.40995948 -28.46507887 1421.05081179
v -147.84370276 -82.23224589 1318.20012157
v 121.74972900 -80.12676921 510.42800735
v -80.75712785 -3.46847525 1582.07463702
v -153.43607895 -52.37292102 1399.43328012
v -150.57316448 -59.81397773 1386.69458333
v -79.90608464 -10.52272639 1561.89734121
v -133.79284659 -65.48160178 1365.44701949
v -174.96524746 12.69991055 907.84399881
v -59.68603703 -63.32279012 1403.11159580
v -182.89743817 -31.80870612 1229.95873519
v -178.26660830 -19.74895034 1230.12518418
v -174.19915376 -27.89600589 1242.83664749
v -57.65200118 -59.85119519 1412.32846766
v 282.87595869 40.19076007 997.73539520
v 288.60108487 68.48226841 1005.30067681
v -150.10093983 70.13910441 869.66396195
v -60.07423298 -89.08698252 1527.39914825
v -64.82275600 -73.96719146 1519.76086000
v -42.75076787 -82.87080970 1496.17308939
v -35.97649178 -109.05084791 1499.68375636
v -43.24154377 -102.46294127 1502.89599944
v 85.19403537 132.48085223 862.35088323
v 93.26302252 122.71207567 838.03684508
v 67.50033392 132.37308897 852.65493996
v -150.60504697 -65.67383353 1047.88851628
v -142.26350810 -74.84643980 1070.78528512
v -18.89425293 -90.54157717 1351.39672384
v -160.75647234 11.58949560 1224.41493508
v -168.80167670 11.29536701 1228.03821746
v -159.44615351 23.97266921 1217.83085762
v 270.20896116 -5.94324436 1011.87508434
v 254.15080999 11.79011449 1016.33644792
v -151.16526771 -69.31618938 1005.47437481
v -150.40742004 -69.36921844 991.47641586
v -14.83817836 -111.30846253 1653.47470174
v -37.21267278 -114.61914646 1638.92680253
v -22.31938648 -114.38372921 1286.28213066
v -54.37066632 -118.41466967 1286.55958320
v -33.05836153 -106.19178952 1660.01569423
v -47.66711134 -101.12918301 1656.69237599
v 371.07858669 -76.77702019 761.39571424
v 377.47972952 -81.31175874 765.81289851
v 362.25087626 -71.12543549 769.22330128
v -96.96020785 -98.16914905 1225.21278338
v 386.36724372 -82.61496866 765.75178174
v 185.64868064 11.36634223 405.35225116
v 363.14589597 -74.15833254 740.21329481
v 354.50320704 -76.39448964 732.88570793
v 362.78635154 -70.94807786 730.90174324
v 346.34402858 -68.98761422 736.36220091
v 353.32093198 -69.39264898 729.24751428
v 103.75871848 73.62468826 446.19380410
v 122.91752135 84.36320465 416.24443786
v 97.16892877 81.30541785 408.45534806
v 45.19796985 79.89992206 792.94915037
v 23.30882667 94.25919966 805.65885365
v 337.64335535 -70.22567682 779.33074157
v 267.18415907 -6.80611800 1030.88024210
v 270.77818859 -5.34079913 1059.38911427
v 258.79768385 0.88889337 1037.04658895
v 201.45419537 34.95347000 1418.04898914
v 339.36460684 -56.18367109 799.91372892
v 337.19107964 -49.60889429 795.07760553
v -98.73105431 -94.85036324 1190.46785910
v 67.26531383 41.63602065 308.13509717
v 145.65042937 -44.63624816 67.60709610
v 141.84364105 -56.67176046 65.34771430
v 241.89150104 34.44259802 1069.91054926
v 227.64519759 25.63706361 1118.36264314
v 341.58422429 -38.24318244 789.06005834
v 138.52446715 -33.62308402 301.51088162
v 130.99172683 -31.00877916 280.33298669
v 145.06491901 -30.67744150 283.17824188
v 112.83477966 105.35233275 815.09157001
v 128.76347688 92.28793690 800.07397480
v 109.16782228 95.40760018 793.65618530
v 129.70980799 -47.12543762 68.61234527
v 134.52823462 -39.69731280 74.23157356
v 350.72480504 43.75669322 935.72992633
v 338.86137847 43.88821679 932.49390850
v -117.39995648 -111.56691490 1038.70989723
v 335.35708010 57.83699455 964.02883345
v 370.94487959 -57.37670589 738.96315024
v 379.30867198 -54.47590749 745.06580094
v 238.08174374 102.15903077 1215.89339237
v 258.58525180 95.57613957 1182.90912793
v 233.14637802 98.04136335 1188.45497077
v 368.51920200 -53.14550464 745.30531267
v 87.33193885 72.26567985 296.77223937
v 372.99350014 -0.15218136 931.57108608
v 273.17220372 63.33037757 1250.23498973
v 273.50739125 74.84659444 1231.76110551
v -158.69117084 55.15940277 889.55859615
v 119.56562148 -16.35821845 208.29990272
v 70.49485032 38.96718670 470.94804941
v 64.04802931 28.66593062 456.19736733
v 133.44849308 52.78546813 559.84790297
v 128.36882541 54.28912187 532.92902480
v 378.18461789 18.26302614 826.48130337
v 154.13064794 47.39444686 485.70422246
v 161.51854693 39.25380438 496.65086069
v 162.76562789 40.48517587 476.01355192
v 365.26487620 -78.25987088 778.78915910
v 354.53238511 -73.89497609 776.93138400
v 183.08526789 2.84904447 703.26489700
v 185.16162503 -20.53997170 682.72146342
v 221.85487163 11.88468808 1130.64451160
v 311.91313232 3.68246233 932.88035111
v 315.33445438 6.80213479 925.21404827
v 305.52403422 -1.41856077 918.06451536
v 302.46678007 -13.21309048 920.50833735
v 315.73654914 -11.97706305 898.00155026
v -15.99787312 108.19574291 1208.31273245
v -15.77012913 116.16854495 1257.78921738
v -6.89180141 114.18935938 1249.04461210
v 155.55344315 52.15854071 673.97492932
v 146.56980811 56.71164857 650.31793226
v 345.70886072 -2.30924010 857.09857068
v 341.37390707 -11.92621355 833.14398869
v 194.73220287 -7.41822464 866.11228596
v 119.91958161 77.90956278 171.07799876
v 119.01104672 79.86259020 147.19222374
v 111.32708216 74.90800489 158.57241587
v 188.38616626 -59.15015568 687.39008496
v 189.86575490 -39.84649925 681.38761330
v 191.44268522 -58.49916349 718.42045559
v 128.89149990 76.46405819 163.41802495
v 338.72957053 -23.29365532 764.13812842
v 20.85550248 -91.66680564 1673.45109939
v 358.06492617 9.28025928 854.66317528
v 161.13558854 65.15235434 918.06061194
v 169.16373096 -26.59672468 464.31513766
v 400.79469119 -74.82550351 779.86960706
v 393.30155342 -77.15489169 785.76510001
v 52.22848930 137.68938727 872.82962049
v 33.87371154 137.84938043 877.62613335
v 190.31079984 20.29788000 373.20038842
v 208.87908168 -19.34050046 1336.81472398
v 354.81464660 1.18056192 815.86368321
v 349.57903097 -12.82347155 770.02663078
v 345.50922099 -13.62739849 784.21572335
v 127.37443396 53.23459933 1088.36731045
v -38.71983429 60.64811761 1561.78009419
v 384.49182354 -27.12174312 861.51688351
v 52.22145775 131.03953111 849.32814471
v 46.17084371 119.93884938 825.30201446
v 29.40377944 120.01324161 831.11923215
v -82.41754602 -45.80685234 1546.38563540
v 333.39633576 -25.43734962 915.23386357
v 111.22254919 74.42883840 697.79289904
v 96.95454994 74.22776460 676.93112139
v -115.37522588 57.36821907 1138.30412886
v -103.44833608 70.61555662 1131.20854239
v -105.83963086 60.52044042 1111.79307592
v 352.13549392 27.57254525 1025.21206595
v 339.36849992 37.78171501 1058.56572717
v 337.39379079 26.64491323 1063.20169200
v -72.35454611 -69.48323945 1677.12482129
v -66.33247090 -86.13273619 1659.11124673
v -47.72487633 -108.64740871 1583.78995528
v -81.42473533 -66.80638145 1641.61994699
v 150.44632557 46.61537576 598.45274270
v 188.41771206 -37.11991033 51.72710248
v 385.61073283 -38.21525684 840.27066043
v 246.92492090 24.60259315 1278.49784271
v -89.06966442 -43.86189513 1614.68956254
v 385.26396762 -49.41158198 824.71488795
v 125.91357840 57.55051547 505.58263429
v 113.20318692 62.73950025 484.86620638
v -30.78000579 76.56012147 1476.51147594
v -94.09826329 65.28270815 1086.35548379
v -105.28633408 65.20817040 1067.42451667
v -104.55830249 59.27781494 1085.73191556
v 174.17640445 76.43743053 14.93069650
v 167.64549924 73.07101916 23.17111831
v 310.53969778 -0.34172003 944.30005486
v 314.06172824 14.97626009 939.54770949
v 167.80906691 75.75178846 1266.69396761
v 167.69971935 83.62586484 1275.14659822
v 178.85045145 86.17984033 1255.57625375
v 308.29217405 21.23064974 951.69204374
v 350.50181659 -59.96735421 810.76252153
v -89.99571414 -55.62785818 1596.74424154
v -58.25384654 39.97146136 1562.22534895
v 338.47639724 -38.14190455 816.33827591
v -22.76238449 58.89564939 1537.49700025
v 181.27836995 -75.27473101 681.22264611
v 182.57733711 -80.44456743 720.52398802
v 310.66735649 80.20212472 1019.87718616
v 294.86062374 83.80723824 1023.79130884
v -25.55659615 71.52138374 1496.14046252
v 297.68925699 76.07290629 1004.95812156
v 176.10478821 29.00951948 717.96293942
v 161.96086497 51.03573339 716.50508626
v 169.69834610 45.80459798 743.57197762
v -137.44746055 -9.14285099 1433.65001764
v -127.62522516 11.12180467 1451.42183305
v -150.66463557 -19.06038774 1425.41662533
v 132.57837482 -48.95997326 405.59370351
v 149.75462094 -41.32308291 406.43896967
v 149.31149777 -47.24046964 431.03669672
v 39.53865563 -23.66960358 1546.51639058
v 310.99187354 26.78978667 1133.94798362
v 294.93287456 20.80537384 1150.87238479
v -34.41809911 107.78006291 1191.81477850
v -33.09037349 111.79410439 1202.10723281
v 125.48791223 -62.46728310 453.47374029
v -23.94492227 -101.82573990 1495.18273989
v 292.33826668 89.18896952 1066.31629777
v 338.97902956 50.18351546 1051.96242055
v 340.30836394 57.78256476 1030.22242699
v 127.50350225 -83.85409489 546.33025152
v 53.88087180 -52.68951139 1576.71565855
v 282.60196352 52.13129959 1219.17761891
v 281.63477540 53.65903346 1235.42755972
v 171.58737681 -94.42891897 723.65107686
v 161.63168692 -104.08523509 727.95221599
v 150.98715826 -109.18394562 717.99243886
v 159.36071099 7.15775711 1283.99755529
v 267.63176957 60.78630018 1268.96601372
v -134.14683553 -62.68760910 1257.99303727
v 149.53609197 -4.66734412 98.79344466
v 141.97240606 -10.69445053 98.50250868
v 147.58563842 -14.38956139 84.97410233
v 168.87162111 -87.38535009 846.76676558
v 179.16417422 -73.00762057 852.62460172
v 157.21984395 -0.33154196 86.83264305
v 239.49908581 13.90558562 1323.38292935
v 198.67701649 -2.95867270 1237.82455485
v 247.01835961 26.31570981 1307.26060510
v 354.13633616 -39.08873423 845.65669719
v 344.27601732 -27.58976688 879.70148919
v 344.89949576 -30.37241679 839.57421500
v 164.17051032 66.63796120 792.67527699
v 145.83374341 81.96077218 792.88609127
v 153.69801180 81.83219784 813.68817654
v 140.48894703 53.05259634 1449.52199535
v 255.94292965 60.76526118 1046.81239440
v 265.91308147 77.39939229 1047.99212096
v 272.51113087 71.36275780 1033.54861764
v -148.00018983 23.37675198 1177.95260794
v 59.41681632 41.46503926 1496.82990318
v 109.42021951 115.53012341 835.04109021
v 103.23622388 126.97279291 862.32411630
v 122.40336381 117.33365494 864.94284999
v -24.69894972 -114.47090043 1629.15363732
v 272.33748347 -0.95166310 996.53058991
v 250.76640054 23.53193537 1035.13579405
v 349.70255369 -81.02364848 746.08815527
v 341.64038933 -79.08059927 744.53700552
v 58.15914646 -34.60910088 1596.19731972
v -36.01409988 -98.62381806 1698.76410605
v 7.37790428 -97.13030851 1701.39344151
v 366.53940309 -68.99630926 736.98411147
v 41.64127000 -82.26719147 1595.63503985
v 47.22324389 -73.21706537 1570.69357267
v 12.21725177 -98.51796053 1687.78296254
v -10.92485221 -105.17386334 1693.64487191
v 50.31827629 -63.72027292 1571.52526229
v 48.71276730 -50.53560032 1567.08490765
v 43.05104142 -56.05380770 1558.29376168
v -380.28751268 -60.68880395 792.26777294
v -397.35099774 -56.16244739 793.23708920
v -375.20200312 -68.63342224 777.06808108
v 377.64666782 -77.46156502 754.78574385
v 9.65269009 112.07044153 1676.43624748
v 10.66310641 111.86222875 1657.64327788
v -4.55260378 115.60983665 1653.65484480
v 337.60131075 -69.19775641 748.68010353
v 44.95445596 -5.09495341 1518.96804258
v -392.67115452 -4.64344333 844.97567527
v -384.13795325 2.39012636 848.94724593
v -388.03671971 2.47054984 831.19187626
v 18.75318275 55.40684246 1524.35561895
v 45.83834420 -5.41139606 1493.57338555
v 51.19708363 5.65008359 1481.47265913
v -100.58097551 79.73164679 1019.18575389
v -81.74789613 82.58301588 1036.91129521
v -77.01613261 84.62526562 1027.29258272
v 338.28812834 -29.60537826 823.56823259
v 338.61567026 -22.23613701 819.43459016
v -189.24337694 -60.08203501 1383.37753435
v -203.63538401 -38.14008711 1394.92703887
v -212.60811396 -44.39486797 1377.51819532
v 64.23361735 8.67093538 1631.60451199
v 207.03653987 -4.52792478 1213.45232031
v -130.33159271 111.65922045 1301.80270458
v 238.01240557 13.63965367 1109.75374347
v 230.77567235 4.78686504 1130.86861562
v -182.36351233 65.49603161 1294.69993489
v -181.45061627 70.89977547 1307.64505648
v -175.20249804 67.32279592 1282.31313520
v 52.28479924 -50.82107154 1622.36455213
v 223.71940702 -0.19172607 1157.46509565
v -166.86268986 83.94013386 1294.98206093
v -154.20037249 97.34631958 1302.59782768
v -320.71199325 20.90530056 909.48645572
v -328.67841740 11.00768296 888.00243254
v -338.97038085 21.21776922 897.06938499
v 359.86968133 -63.02101059 740.02230459
v 57.60407460 -29.07509338 1606.42065852
v -312.47565566 -34.26973723 923.64336033
v -318.64555791 -38.74610146 925.41944293
v -325.80124692 -35.22376172 898.31336911
v 5.92602764 -99.67111801 1668.13962456
v -13.38388659 -103.88282703 1673.56537054
v -132.77873481 113.02244780 1324.94558916
v -152.95118964 98.88482922 1326.27593002
v -146.30458013 101.73168206 1342.66733053
v -80.79422501 117.13240714 915.35147424
v -63.19826464 122.68262338 894.75566694
v -88.49287028 116.75925379 888.26362424
v -28.32689159 -103.38262620 1677.68803968
v 376.54235614 13.43602685 922.77186913
v 373.31175986 19.03262720 930.86268566
v 372.44737630 12.27244731 947.67823825
v -74.96911762 -45.39214174 1533.74684869
v -58.85219733 63.71718046 1585.07491790
v 370.48060944 22.10883352 954.24690132
v -55.67604818 -106.54738561 1634.46469030
v -45.54258242 93.16672626 1612.89790125
v -57.46104773 94.86375290 1633.72505385
v -54.98708770 -105.98709014 1627.15022501
v -37.77970676 -103.49921574 1620.25555155
v -4.51321939 66.33259156 1567.07672074
v -35.87453049 -103.20613978 1611.26197552
v -21.47117040 -111.78068273 1620.49834014
v -82.01255223 50.77724705 1604.14442456
v -80.53367335 37.71104495 1593.37097200
v -346.17124933 2.97673157 994.32714581
v -352.14415667 13.74199254 984.61305634
v -358.87672759 3.83554955 960.14113619
v 247.69484696 40.60248398 1332.02672003
v 63.80431928 -10.70348320 1686.14832564
v 198.32029709 61.80117575 1411.65529086
v -26.09460655 -11.83001218 1763.54318379
v -237.15846048 17.17100201 1016.98204715
v -250.51715859 1.28460419 1006.63615187
v -252.55087809 19.98382305 983.50471873
v -20.45988979 -124.96252104 1527.17655034
v -51.06714515 117.01081315 966.20996358
v -72.23057223 118.64943867 937.80971252
v -84.01695689 115.31673616 942.08922542
v 362.86903012 -63.34283375 730.96027740
v -45.57698598 -70.25165175 1501.84312853
v -40.58465812 102.81332192 1634.85723136
v -46.96262433 -57.14698199 1504.41171507
v 45.25609650 -0.16429334 1576.64696077
v -50.32148063 -80.61878800 1504.52310176
v -356.29982647 -8.74111722 958.86950989
v -343.36359675 -16.31853976 992.67197472
v -344.64356599 -9.54867846 997.44488334
v -45.66567462 -103.83078974 1512.51850328
v -76.22086638 74.39977032 1663.18849936
v 394.18747877 16.75152043 816.09892434
v 386.20466091 19.26968603 816.93166747
v -97.57071376 30.39539733 1624.73529176
v 393.78851545 3.19311029 864.75434894
v -265.23516351 54.42230950 1077.22131040
v -244.40528596 57.13363557 1059.75319910
v -277.45587491 54.76374049 1061.56763231
v -70.02743288 -94.63758302 1588.50172304
v -71.60285430 -36.00158727 1528.18126175
v -77.40485423 -28.41401111 1544.48511052
v -62.27039741 93.13049551 1659.34215701
v -64.39201175 -39.70785460 1514.87083981
v -127.11318696 92.04983660 918.74535387
v -143.46061577 80.23059276 893.62868518
v -142.50592679 74.81989358 918.92597561
v 353.49815801 26.20938392 894.59623636
v 26.63144779 -48.96364023 1734.68808265
v -65.38977340 -27.73150325 1482.05953871
v -337.09991652 -71.09904726 713.02776807
v -337.89764237 -81.76954116 720.16318631
v -348.41266255 -77.56096572 716.61181425
v -91.12518419 -54.02460200 1574.36805181
v 384.83074578 18.61018579 805.13092950
v -87.86158220 -63.04062605 1568.88806891
v 192.53701628 96.66416062 1373.15885013
v 360.70531343 10.09877169 790.02929568
v 34.68613498 121.41845923 1214.24999584
v 30.96100466 117.73373138 1204.02081285
v 13.69608221 111.09736857 1203.14266617
v 184.46914349 105.90997596 1352.66411112
v -63.76479568 -98.50313769 1579.28831638
v 210.84731620 48.84568052 1184.67652768
v -89.54884070 49.54946101 1685.64728891
v -381.92368517 -51.13489335 742.81723471
v -366.25379810 -55.62415555 723.62111103
v -370.05553634 -63.58488750 742.54394204
v -85.05331893 -56.58908523 1618.64147361
v 159.91404227 77.89139700 1268.24014392
v 379.16873668 -69.59020087 804.67988110
v 393.04066287 -53.33500752 814.21918678
v -81.35106202 -24.33251531 1561.32134633
v 413.63292929 -56.43974769 767.91746811
v -56.42461443 55.45432669 1574.65896432
v -395.27576738 -7.30816009 807.41072783
v -390.58655727 -7.29009314 790.75206695
v -405.19388412 -24.67318804 783.24180636
v -92.25025551 38.57446130 1613.22635451
v 59.65791755 100.11097142 1125.65241665
v 65.99781675 88.60778241 1093.37018747
v 49.56676801 94.12868906 1110.12370135
v -75.10595690 37.79570685 1582.22141028
v 40.67078761 92.11947794 1717.73548086
v 41.49108574 91.34867854 1706.36257537
v 322.69387526 -27.29046734 922.37972210
v 312.72147867 -27.58722471 928.38332445
v -389.28688770 1.78071107 799.58220681
v -384.00404596 7.96465545 807.14728547
v -384.63248659 9.02315384 792.99862322
v -21.47993675 62.00906655 1550.91944270
v 323.55429281 4.09071702 912.08307459
v 264.34209956 91.22046872 1217.93093307
v 37.17822591 26.44811877 1759.51411892
v 255.25961819 94.28265768 1166.20442603
v 241.44291097 94.57073983 1176.64978913
v -66.52001752 85.60334157 1691.75392467
v -59.11969409 94.99620371 1709.74584935
v -368.29206285 -1.16940417 770.88997529
v -376.13586628 3.73168077 761.74261970
v -375.69389819 3.66843094 775.65738394
v -318.58714842 -2.71379141 1061.24878151
v -317.36371278 8.45691539 1070.01111652
v -325.60676431 3.16015105 1042.07375106
v 37.42515192 40.49440213 1521.43385734
v -48.33673491 -79.42378512 1719.22874387
v -44.05916886 -63.40598513 1736.77504011
v -60.47555307 -71.61793185 1721.24808740
v 55.94114529 124.57186758 1239.19654976
v 71.08313505 118.51767895 1220.94505814
v 45.50345797 121.34906971 1212.76989168
v 64.24282607 88.62039385 1080.54326857
v 53.40892164 87.78897943 1091.45726256
v -97.17098344 34.56442281 1655.32416951
v -93.49544028 40.76777040 1672.37640870
v 40.24499003 125.50443089 1266.11013435
v 62.84137682 123.42089325 1255.81828442
v 33.46053955 124.21405800 1254.57036964
v 50.35609290 117.13545808 1195.24740866
v -338.50195783 -15.20085188 846.90680315
v -340.47448662 -6.17357318 853.20103618
v -333.94144616 -14.12564376 860.33012840
v 65.50246983 -6.48831774 1646.20988971
v -72.64661752 -6.05412237 1755.54447317
v -73.13660009 115.05962750 1394.57371325
v -53.84014883 118.91750182 1381.15455626
v -71.84204030 124.12180783 1368.48423257
v 129.29446919 79.54766573 1448.05401580
v 162.72351163 108.10664331 1376.26924080
v 120.54866904 94.80804051 1440.26736433
v -45.76177478 41.14948719 1767.54132592
v -48.14551864 53.55726488 1760.41568083
v -66.00601932 46.81159637 1759.03420640
v 144.93624154 90.04569805 1428.17950259
v -331.16344106 -75.64761099 723.14353928
v 186.47344129 108.96829451 1311.06495874
v 178.24307003 107.08477667 1311.83525058
v 384.22892744 -71.99333906 752.88249318
v 136.54692061 60.77497715 1451.83397769
v 9.17053319 100.03271418 1716.23726059
v 0.95166414 83.13701575 1064.91568444
v -9.02337328 85.77835376 1056.31731471
v -16.31381726 84.45126543 1071.78852226
v 177.53131572 101.88191513 1298.98598455
v 193.23916512 51.98261187 1223.60572850
v -367.06297076 -79.88463352 762.80777264
v -378.14250154 -72.07603186 768.44068819
v -381.82821691 -69.57816722 760.71629990
v 189.61917589 0.59498122 1255.12186873
v 172.69453570 74.00356778 1257.49799462
v 363.80969036 6.91407398 804.27290984
v -36.03025178 104.79907143 1711.58743520
v 398.92128114 -43.31180653 816.86565061
v 416.66322617 -21.99851664 807.47538646
v 277.96464398 -12.46613086 1036.08172260
v 289.30928931 0.70002604 1089.21656366
v -366.97789202 -57.81018058 812.03308410
v -359.48215092 -70.25076893 791.60012967
v -354.30650342 -59.50248700 804.22142551
v 307.52355130 -10.60409292 944.59427093
v 308.73908700 -16.56711800 946.29861972
v 307.11005164 -15.96831536 958.26848519
v 16.61651922 106.58163254 1647.87126787
v 301.28371908 2.17644535 960.42753766
v 301.79743478 27.35975704 965.93361688
v 313.55955375 -16.49444919 953.45318606
v 352.46268641 -21.44622582 931.12459054
v 207.21439972 -0.81273499 1201.32896554
v -352.12831601 -40.21550992 895.58245667
v -357.93904227 -46.35610488 863.99656498
v -347.97562971 -44.52458220 877.95528752
v 211.40540263 -2.13626107 1183.20677546
v 264.44917001 34.01664125 1020.44318495
v 273.42294977 51.80704241 1013.57056513
v -182.27076092 67.82699750 1279.91825720
v -177.60820184 66.89025536 1264.69055032
v -75.66889519 98.39191730 815.44819584
v -78.65481585 90.43592763 806.46395930
v 176.50686428 46.32145553 1247.31630458
v -240.60247583 36.28907749 1012.83259559
v -234.27170562 31.23641504 1022.96876601
v -248.63209183 28.14372282 989.79114460
v 176.08349819 59.02832458 1244.00477320
v -268.58280731 -20.51592966 991.12425126
v -253.87999310 -7.70299020 1012.28898223
v -225.64218415 19.63770179 1035.74026592
v -334.68368696 0.47779464 869.36166567
v -353.50113521 8.00754789 860.31034216
v 354.70473353 -44.14533718 834.71788140
v 197.58562916 -1.66911323 1255.98180988
v -369.13709613 7.41586815 792.01907887
v -366.59057991 0.02590863 780.77613648
v 48.16051554 83.47615177 1719.19386636
v 209.25777525 -2.03020517 1258.22248348
v 357.59276301 28.00411038 1002.94545494
v 352.82054440 39.62307976 1020.53282201
v -250.25983848 48.45639254 1020.74346098
v -240.92381582 44.30353653 1022.47910724
v -252.31652804 43.41889532 1003.17150464
v -286.38822690 10.80519312 1145.51856560
v -297.02384665 3.42936428 1123.72474213
v -284.79154744 1.17608377 1145.34287301
v 284.42790610 77.51640047 1020.47562449
v 61.43615294 -20.46932951 1718.05177427
v 57.16361638 -19.17845319 1725.66814281
v 195.80448735 -26.59572765 1327.39736440
v 269.60669866 43.30682100 1245.43141233
v 256.43945495 33.49392755 1259.40785019
v 225.55105934 13.48352537 1371.27076103
v 215.82552651 4.95608666 1382.84257162
v -369.33511146 -30.00162603 729.07376992
v -360.52479310 -38.38992482 720.13258802
v -369.87164055 -40.72923252 721.90574401
v 291.50301032 80.01666318 1148.94644447
v 377.11809729 13.74259258 863.33463720
v -338.22964370 -62.76137167 732.56073718
v -345.82370027 -41.73622734 752.31861183
v -334.37816245 -59.48406657 748.90776638
v -174.80731874 3.07539586 1423.84565945
v -173.58236223 15.48048163 1433.66927022
v -185.79913510 0.69847853 1420.69919525
v 318.76232257 -19.43551144 897.37207204
v 330.40139634 -16.04734880 888.48656048
v 52.22203262 71.34019440 1719.72548455
v 336.88702102 -16.78179538 880.27636799
v 317.57604273 28.76245207 1119.64912676
v -354.01136305 -0.73899943 764.32900242
v -362.12047213 -1.87956755 772.78130709
v -352.30900655 -7.10221634 775.65690836
v 348.18142588 15.15953163 1026.76526876
v 333.86808077 65.93755149 988.56826821
v -346.08129092 -63.68191134 700.78599497
v -354.02685243 -58.07188167 701.32042861
v -345.67006365 -56.92561749 715.18333450
v 216.79929549 89.00268942 1351.65667194
v 197.20167427 102.88430339 1346.99683970
v 301.81574001 34.52712944 1156.91387355
v 26.21179677 123.57869815 1364.27352386
v 13.77746153 121.98064931 1356.78396133
v 199.72026306 109.40533324 1307.49414510
v -279.31590151 25.11711628 949.72864995
v -267.94558706 34.75846978 970.65782223
v -260.24227497 27.41540097 972.17713895
v -47.25175590 69.21330433 1749.62032920
v 288.03587041 73.37722463 1174.93484181
v 234.30985702 100.17875575 1202.60763378
v -325.29915764 -14.47489143 1050.84419317
v 63.10258163 14.87155177 1728.74967715
v -304.16575107 0.08398155 911.93278851
v -297.63646935 10.97123132 919.96187766
v -279.50377330 5.55301424 938.54381130
v 228.34205637 93.35951465 1184.24916690
v 273.65380058 89.02578586 1073.42081028
v 353.53113624 32.28753061 906.40957820
v -356.38106113 21.30265939 915.58643136
v -369.90194238 10.59336687 898.06967299
v -364.56249149 13.97198846 924.43546864
v 298.70678537 -16.64263785 1028.53782704
v 300.59842780 -16.90965764 1011.35730350
v 307.77045902 -17.65945983 933.61561735
v 294.98289215 -9.86805056 966.44581801
v 255.14706574 36.35928334 1040.47797679
v 262.19453374 50.32485160 1032.20536547
v 255.09389412 6.14689703 1068.95654569
v -228.40669690 23.28749481 1354.37467474
v -223.45060381 31.84372067 1357.75818480
v -237.04881307 20.57337640 1328.85199092
v 324.54113202 10.82786698 919.78352645
v 259.59411129 7.83037028 1079.45816286
v -389.72226393 -16.13075612 856.08043503
v -394.21048813 -13.78313363 830.74203507
v -394.12341043 -19.96062678 834.74215955
v 291.62982953 41.66489276 1188.99298767
v 386.14135883 10.12648506 875.55570579
v 270.84396703 13.30689523 1186.56772555
v 279.31829366 28.27418470 1194.58807679
v -364.22592844 -77.48311077 779.57183776
v -368.87688325 -67.78533335 793.41964381
v 44.50571001 116.35519954 1181.20019482
v 21.40308919 112.88791664 1186.66067657
v -320.82436201 -22.93759341 1053.76461769
v -329.93209101 -24.17764368 1017.78390692
v -108.59800726 85.74813995 1441.94633508
v -122.09572923 84.98513629 1432.01711924
v -137.63281334 69.53705832 1437.84257239
v 410.74247113 -56.26808879 784.88996895
v -315.45395022 -30.55192377 1049.06348481
v -307.96810053 -36.66648932 1035.63276842
v -299.29438630 -34.56045639 1057.77325864
v -315.00440106 -14.40961645 1069.16532104
v -357.37556622 -69.55467086 738.67095295
v -360.75124494 -66.46999622 730.63107885
v -295.82687854 -20.93852481 1100.40129366
v -279.97254597 -27.50928412 1107.08824070
v -284.46067563 -20.59617059 1121.52692324
v 279.65988622 84.87064227 1042.40143380
v 273.16445079 53.00963506 1249.76359413
v -346.52418267 -56.62885988 799.81259903
v -339.03349433 -28.98018022 809.81910196
v -348.07668583 -43.96788915 816.70163554
v 228.02629501 102.27401491 1291.52251857
v -105.44234832 123.13745393 1331.82662288
v -77.18642279 127.11459030 1322.20399025
v 224.60581341 104.74289624 1251.48360087
v -337.62458743 -38.67891630 870.37807735
v -340.22717353 -41.77884791 885.25681955
v -346.54635270 -43.96631834 858.24195424
v 359.56178269 35.87392403 986.80702272
v 290.47786837 -16.96194583 1021.85404312
v -26.30541876 78.28618690 1091.48673808
v -7.28125443 82.89270902 1076.33975403
v -10.90807016 113.20183880 1682.67844887
v 301.75576715 63.70667563 1146.27712182
v -130.60403008 62.25889508 1012.81008593
v -115.92340829 90.76098478 989.24909643
v -132.83696176 72.55629210 999.14964558
v -386.22621349 -35.97972843 837.24069168
v -390.55588963 -27.56611190 839.12615219
v -401.30796522 -31.79593183 821.83333594
v -105.09216322 -106.19978156 1246.69184862
v -92.61909679 -113.17955474 1242.44857393
v -91.19115052 20.08964603 1740.39938585
v -100.91112226 -111.45352627 1287.52831594
v -98.40478401 -116.62206505 1264.30732381
v -123.39268127 -95.48127070 1265.76052880
v -132.71438019 89.75869894 863.52563527
v -101.22571714 99.13557597 829.75259459
v -103.45277220 87.18078327 811.69897564
v -111.48366679 -84.80619875 1231.23114693
v -273.77174465 17.24725979 955.94376730
v -272.64881966 3.50141561 958.29553410
v -93.58815948 103.24690064 980.79104904
v -103.04925433 106.19159496 953.57806575
v -111.25722253 101.95183209 958.92630555
v -278.26529944 55.20959297 1018.62015220
v -289.94822050 48.12578590 983.59803015
v -296.30052770 52.76835509 1001.49061925
v 41.05453558 19.31208152 1542.56078017
v 288.86415562 87.74787404 1044.91200390
v -139.88825947 52.78091045 1019.81443402
v -147.51075974 42.09285035 1011.36677985
v -294.16792309 54.77777498 1018.25946624
v -312.89751784 49.33429770 997.71607714
v -302.82478948 52.25322241 1020.74649229
v -28.74907103 119.16489480 1249.84699131
v -24.00117415 120.85406412 1282.66381904
v -13.84213052 117.47099192 1274.27819713
v 34.85123501 0.82756440 1745.89750014
v -409.59364734 -51.58798259 765.94163532
v -406.37278857 -40.30924520 766.21759123
v -391.86386656 -36.94949080 751.16092385
v -15.77481845 102.46850311 1191.88839165
v -76.81037651 15.48374522 1764.31735016
v 24.24208682 123.17648049 1281.61780135
v 48.32871241 125.13047130 1276.11631178
v -393.13319505 -27.93944399 757.16324522
v -389.10596495 -13.79775417 759.65804511
v -383.98303985 -1.70072617 751.72409577
v 79.24833197 113.71400861 1201.77674287
v 90.12827891 104.37789244 1185.78444192
v -312.38638368 11.63237397 907.17192389
v 103.80861700 112.39779468 983.26365406
v -336.30162581 -34.71437734 863.36222363
v 44.94256743 87.49754120 1079.26686018
v 46.70899962 94.67444657 1053.84301809
v 44.58418956 90.91086959 1070.04890191
v -8.45744793 95.97474384 1166.46109964
v -6.04148828 89.52060907 1149.98392502
v -15.11293195 89.64376451 1147.47918105
v -21.75769982 111.81670330 1685.60538172
v -340.01351455 -77.05053917 770.31808742
v -338.81581139 -67.35348143 779.92759200
v -12.58152525 100.53297794 1721.08573350
v -13.16792292 79.22778137 1106.90943573
v -34.73632945 77.95500568 1093.80623454
v -35.35950852 77.39973581 1740.68462598
v 66.24239441 3.56787354 1670.11105136
v -128.86482614 91.12279180 1408.63403750
v -126.40257056 106.06638007 1382.26973461
v -143.18880106 95.04729830 1379.03518632
v -166.93597187 51.50800559 1234.68072027
v -174.16656124 59.44093205 1236.14948005
v -174.92794136 61.98184308 1252.86964965
v -397.45780122 -44.59929875 813.87908975
v 6.17831924 90.16361560 1051.74150624
v 29.52690599 97.12803387 1036.76684849
v -66.91111829 77.78973861 1064.54233784
v -51.52044988 78.36522635 1066.09351145
v -43.24603126 84.47635932 1056.68404546
v -24.27707694 88.00468213 1045.37300173
v -224.11590563 -21.36898950 1099.80040754
v -218.08090891 -13.17677895 1104.70820754
v -217.97709495 -26.48265058 1126.84602592
v -251.59610477 -15.28374377 1218.57283043
v -253.21802656 -3.55640639 1240.69383691
v -266.15320028 3.37860633 1215.01647569
v 27.12637023 96.38060932 1654.91556748
v 12.24524070 83.83374359 1075.12301997
v -362.50270554 12.53308325 873.57500429
v -361.35911713 6.75586204 846.45626685
v -369.77200491 7.28141878 856.85324281
v -165.24803782 25.71328900 1440.63839426
v -172.74896648 34.20266684 1431.18024786
v -186.58515190 26.20542585 1426.48087455
v -353.49811964 -67.36884912 698.62101423
v -345.63314367 -71.29918826 706.83713176
v -105.35087797 113.83379025 1385.45463305
v -102.06582780 121.45572801 1358.83256494
v 26.78876946 126.42264839 1324.86681061
v 17.69184293 123.12992676 1312.46504009
v -360.31822095 -15.47351288 732.91168782
v -360.78734991 -25.28155066 729.51723457
v -226.33943572 -31.01947275 1110.18954066
v -326.89187041 -1.98098708 876.62953931
v -320.57660072 -32.84611107 1022.26525433
v -307.18398569 -39.02719480 999.39601590
v -7.83466668 37.54468210 1762.06868020
v -186.06864577 70.03530894 1326.03245709
v -191.38438267 68.11627177 1307.82503450
v -200.44123063 66.02906341 1301.88895277
v -410.43514287 -39.09012499 790.54804588
v -407.94915330 -27.39233126 794.30457057
v -188.00766234 65.44505315 1360.37703114
v -209.84653782 50.01012688 1348.62302887
v -186.51670022 60.43934588 1382.86569332
v -379.51125154 -18.39343087 738.09740434
v -239.25118972 -1.97947949 1342.55448078
v -233.43172215 8.30490375 1359.70018750
v -242.83386725 4.05823128 1320.31014509
v -65.03929057 74.69337014 1090.57633030
v -93.67657772 67.36306762 1095.29887720
v -346.95708321 -80.72871115 752.84931799
v -345.85275745 -79.47506823 736.01189408
v -338.99811841 -81.91874964 746.57088763
v -86.09066179 93.97577763 1157.76925054
v -91.26238283 82.41014146 1135.16837973
v -81.91479016 69.85815621 1083.54154390
v -184.15202380 42.03967719 1412.39483989
v -157.39420793 60.04812318 1425.02120764
v -176.42306377 52.93421792 1411.63184631
v -160.22936291 34.25623926 1226.29931499
v -148.00436902 55.90749029 1209.83381004
v -78.76094500 122.47288227 1288.91577272
v -49.05710413 121.17653486 1296.48685726
v -363.24374973 -50.76489608 833.56167318
v -354.64209922 -47.19049308 854.65397632
v -54.22254839 124.21548860 1349.36343947
v -36.29938407 122.33365292 1328.00767033
v -53.46289642 126.22188271 1337.20090225
v -193.37304972 -33.68238077 1208.19130755
v -195.30386599 -42.61236538 1228.76647034
v -174.52153157 13.21247877 1213.90641139
v -170.78514013 28.89935417 1208.24413984
v -167.89693112 20.08610437 1218.46249962
v -266.90045594 48.50324798 1139.12689587
v -278.52280758 40.56403609 1124.44425793
v -270.79316818 41.24002669 1157.92642798
v -175.77505166 57.56217324 1217.38107511
v -182.15452959 55.44687598 1195.76631675
v -183.06300274 65.06249755 1214.66061479
v -167.37441500 53.87556486 1249.20870811
v -167.28109729 66.38513616 1261.91822887
v -160.95487688 59.23761266 1243.90512688
v -159.15462130 -1.93983949 1432.18175429
v -49.33990524 116.81047316 1237.68951439
v -53.85804653 119.37184493 1250.56568517
v -40.87828283 122.48382275 1255.51152467
v -316.66711256 15.29223622 1068.09979832
v -326.86749748 15.36537208 1041.57062949
v -120.41025682 38.58008010 1467.93508053
v -126.80805389 33.17472482 1462.43414179
v -55.08060672 99.49993013 1153.73065871
v -43.01628052 96.71932546 1136.64176550
v -60.21782868 95.24681962 1144.00440550
v 1.68883869 91.10021382 1148.91767281
v 72.46883423 95.86126249 1049.98524816
v -353.53562458 20.50301038 963.87052866
v -362.57635699 11.57544187 941.04305227
v -158.82886254 40.76476965 993.87516041
v -153.48764645 37.03507493 1004.35851808
v -149.27084859 60.76214777 990.54060830
v -21.80764785 -78.58945068 1726.59701542
v -281.35858466 19.02429734 1150.91477026
v -275.34559862 33.90742233 1155.40883183
v -282.50977931 31.34374579 1131.99874687
v -87.62395964 31.72644135 1745.77061885
v -160.99255253 16.98729431 1038.33458137
v -161.72388249 -5.78807844 1045.55659997
v -148.09492286 5.59928137 1071.85792115
v -122.18547721 80.51957902 1196.92490171
v -138.19627081 67.99445595 1203.25228510
v -138.62382151 82.38872335 1237.30815488
v -160.95716305 5.79275090 1227.69936412
v 76.82591309 98.64743359 1136.09310560
v 63.46847194 111.43638127 1162.25398447
v 85.89590251 96.96006829 1146.05192533
v -214.75439929 18.25125995 1062.11874048
v -220.23004651 34.51014898 1049.13314017
v -207.30897675 30.69323546 1087.91840964
v -251.98742018 35.91931773 1258.55924519
v -240.28772510 49.22809086 1262.76563236
v -247.72713668 44.18151185 1252.43910362
v -179.75583678 -47.38293404 1273.11407977
v -183.02173323 -43.99821026 1255.66049660
v -170.51257334 -39.02458414 1268.64641059
v -241.68488246 52.72212057 1230.52063728
v -259.54278762 46.04864732 1193.61670824
v -253.66340322 40.28424980 1225.28285042
v -192.52030166 -71.26459120 1326.26560738
v -201.39855425 -68.54305263 1326.88193412
v -204.99466359 -63.29213798 1305.06277068
v -200.83124701 65.06834289 1211.66403989
v -190.15324777 68.62441852 1217.17082283
v -190.04658073 63.04921504 1202.34126692
v -217.16622377 -45.01497448 1205.19010968
v -221.17522457 -45.50311307 1178.94683181
v -261.03376909 -11.70450923 1198.74407423
v -248.49833260 -26.54487302 1199.05461392
v -276.39461701 -28.78798794 1090.15858208
v -284.26524965 -31.22174003 1067.43700659
v -268.45292419 -24.93269777 1072.61274916
v -113.07407343 -23.79428982 1422.07749239
v -123.04267736 -15.72022265 1427.01372322
v -65.34575630 100.88637841 1001.58755349
v -59.54885454 111.95548821 977.28445208
v -163.84560922 -66.74355730 1368.55972359
v -152.36431844 -66.09665133 1370.96627192
v -212.83072724 -28.05716222 1138.95948177
v -205.43841418 -12.20064279 1146.23921385
v -206.13831104 -25.96296082 1150.57265902
v -122.35464509 96.51528337 944.46977932
v -108.56902609 105.75176522 928.31725283
v -99.75219954 -100.75442820 1319.21800193
v -85.03203927 -98.10883971 1329.00052427
v -85.78672937 -88.34110193 1343.28904209
v -130.97356527 -67.09221769 1167.71690654
v -140.54722553 -53.39348223 1160.87149376
v -151.74394199 -11.16762545 1068.75059190
v -149.57855908 -26.53343887 1083.47244283
v -216.49844420 13.73810224 1388.72904300
v -225.63196609 -0.82379632 1377.48671724
v -217.73040857 -0.95760969 1394.98750245
v 85.35602825 87.64403861 1114.02474739
v -304.28220965 11.37972236 1109.98400077
v 21.42421294 120.67577305 1236.54102186
v 12.65785786 117.08425776 1221.15069904
v 139.28571134 44.00959689 1158.13149038
v -240.99010497 -23.83934298 1280.59697485
v -231.52375479 -40.21969168 1294.33059748
v -237.15267328 -27.91056242 1317.58980240
v -208.02445638 68.49691240 1231.98749063
v -215.19256353 66.75059010 1218.55698065
v -231.59897403 58.21276255 1104.58459279
v -236.24134248 55.64063798 1088.10634681
v -257.02396069 56.40501202 1104.76373293
v -182.74438181 -41.72794353 1242.18351752
v -296.58160151 50.86204185 1042.17141284
v -273.96824679 56.14202732 1046.35327148
v -340.99765446 -62.16346322 712.60001020
v -93.19323321 116.55570327 1277.03949175
v -331.29750479 -70.52881596 748.79348985
v -331.40614800 -61.12822102 767.50330042
v -321.31101059 44.90640187 1003.36823412
v -314.95702964 46.18315128 973.38012252
v -354.97129491 -17.82014987 947.56702476
v -354.93365516 -25.85869260 927.61231569
v -341.29118240 -25.12021379 977.76675304
v 34.99402492 91.73703203 1105.23748242
v 23.42691387 92.97157501 1121.08039394
v 45.01964787 101.72957159 1130.44315713
v -255.25859484 5.35909582 1252.89424270
v -253.21628416 13.76183194 1266.15633125
v -268.55876720 11.35101293 1232.04568532
v -125.54781954 51.03977411 1067.75429454
v -150.92296780 42.10703417 1038.94460854
v -133.91222806 38.91310561 1070.45069610
v -253.23270742 23.94643489 1268.63294044
v -238.33603425 34.91677019 1288.55782116
v -273.98287636 -27.79347957 1125.47337303
v -260.96745863 -35.83121223 1116.46705554
v -254.65556489 -38.88746189 1139.04645622
v -248.03053443 -38.76869503 1110.49904188
v -242.56716382 -25.39087092 1073.71160647
v -234.70891918 -34.52311760 1104.00599641
v -156.05857963 -57.69671584 1281.30712002
v -153.17605732 -42.13384746 1271.43705454
v -144.46070337 -45.47721682 1266.93655602
v -344.50967594 28.37433591 925.09651048
v -347.79976988 28.94246037 951.25721606
v -219.70230750 0.54679580 1066.83150543
v -230.79016694 5.36236303 1034.93840766
v -215.81373855 7.47249624 1065.75275384
v -336.28906290 35.92421476 948.35915974
v -196.39870372 49.02235313 1149.08849537
v -199.23133208 46.17511959 1140.34324078
v -217.91274690 55.41725307 1147.44800742
v -200.51455172 -22.93508634 1169.14832340
v -190.63995973 0.72708085 1167.90161694
v -197.66915002 -32.36638288 1191.39274595
v -199.51747878 64.62058063 1201.18675389
v -188.89804426 61.57347456 1187.79262252
v -196.92341714 64.73159905 1193.00699111
v -245.17397566 -11.90705605 1264.16147197
v -239.97741788 -22.77548549 1245.15402531
v -279.24995585 11.37956797 1169.29197890
v -226.97454825 -40.75050176 1209.94942090
v -230.19871147 -44.11406454 1191.11059883
v -227.34187280 46.53664264 1044.06901369
v -200.09425402 11.74408545 1130.22547157
v -205.86929656 21.12783297 1092.84186332
v -199.74273629 28.76747595 1124.48346749
v -202.36998402 -58.06153030 1369.86162716
v -178.54835050 -67.62148508 1376.63119443
v -293.09369340 -37.85637115 1019.22435005
v -152.55553349 81.14386387 1397.88641532
v -228.08231220 -36.47223505 1347.37900030
v -237.40802242 -13.50105479 1336.43843330
v -143.31759253 -18.72518619 1129.91855664
v -143.58008744 -20.87562720 1115.67613058
v 110.38338571 81.24698988 1034.95794559
v 116.47477797 80.15071918 1043.56452045
v 92.69369246 83.27908757 1080.02495494
v 90.11567228 81.44973131 1093.96293427
v -26.61064506 116.39580233 1358.72053843
v -12.43092917 113.40355610 1357.77073857
v -30.53206420 120.77469884 1347.13141692
v -118.49550725 47.75479246 1086.54694701
v -63.16278252 69.61048906 1485.58332142
v -67.99164674 78.06727539 1469.75187059
v 150.90520461 37.81767336 1203.58198498
v 152.92837391 22.42913148 1195.49004055
v 151.92324318 27.34722583 1183.01518343
v -382.77012129 -0.36642588 778.41001849
v -113.74810968 53.10693955 1467.74494903
v -143.59396275 50.72692412 1451.48454985
v -189.84128509 -18.56148950 1414.56530128
v -194.11258836 7.04550232 1419.10489797
v -206.27884760 -1.17325958 1408.02725883
v -226.15905008 -44.71686097 1337.35716383
v -214.81465952 -58.93035264 1328.62953772
v -212.89959669 -56.97087443 1346.89844517
v -335.69031747 -6.25093738 1022.55213816
v -341.91514191 13.99850793 1008.93077533
v 224.85811889 -137.09968598 13.59140776
v 235.33623025 -122.66227311 11.94511131
v -101.17167854 108.00312660 860.08778250
v -81.11544211 113.20773324 851.53679134
v -302.08680365 -41.20475039 979.91020088
v -312.36691791 -39.10484112 944.71063225
v -297.79216484 -37.77130335 957.23493862
v -329.59790992 -14.49321569 1032.98753075
v -293.85366914 -21.22707117 934.53787640
v -291.67771196 -9.57999550 930.28807187
v -278.31805736 -15.35194619 954.93242647
v 241.11318260 -86.65583581 13.56168002
v 239.90090005 -107.91251765 11.72487625
v 240.83422325 -52.15388196 9.75676710
v -327.54755064 -32.17218202 993.75119330
v -338.50729131 -31.67212021 955.19326256
v -367.85826061 -14.22561374 914.39240456
v -368.98903425 1.69103088 923.67797267
v -380.72779616 -4.59099937 885.52790629
v -322.97851391 -36.63657771 974.53263262
v -339.89615162 -39.14498696 911.59145836
v 99.04211697 91.34360213 22.73677705
v -4.01942616 79.91281738 1103.38583918
v 12.35574835 86.81930765 1112.45027805
v 7.30897321 80.85782055 1093.07398500
v -407.11811031 -61.78517690 767.09443393
v -393.55088078 -51.87353572 753.21928882
v -222.03251759 65.14893150 1238.14421420
v -379.38462123 -53.00475445 817.14688407
v 98.14441145 90.27490482 39.17034060
v 109.72860202 103.11374378 44.29096001
v -234.43200576 59.62987099 1223.77610144
v -248.93411809 56.88609376 1185.78307018
v -25.60527329 84.24190161 1061.88776413
v -378.47384100 -32.45939060 862.62785265
v -246.52355225 58.12680791 1159.55503554
v -259.47791776 50.75179494 1174.75679853
v -398.29033754 -68.30268445 776.10401345
v -408.03524010 -48.63443140 790.17834100
v -408.42116959 -62.09120172 775.89491035
v 229.35641408 -60.20030992 26.39692617
v 177.46380883 -20.89697395 372.67234445
v 117.15778202 87.29186711 1016.62908818
v 101.19219129 99.36788805 1016.26904528
v 110.95563970 81.03114695 1028.36735099
v -376.83924856 11.22568509 795.81541167
v -374.99771752 5.61667234 830.93432025
v 167.23837188 -38.22310573 525.99965968
v -235.24484422 -21.71877415 1075.37574016
v -229.52641173 -9.71870150 1067.75158208
v -215.47171530 -21.94306971 1387.17669119
v -354.55189798 -11.92769663 783.59064506
v 169.51173150 20.64446659 505.83680361
v 67.62866716 44.37656815 517.37060413
v 60.97516033 40.08457267 509.02976354
v 168.88678929 -32.43793459 500.81902198
v 191.71222559 -89.14754071 37.21325192
v -248.07585586 -14.88029769 1040.39731281
v -165.08426087 -13.65870765 1423.38530594
v -366.06411319 4.38585518 826.86912618
v -199.98933356 12.53594615 1413.46230172
v 236.42793265 21.57602299 10.95914779
v 173.15027442 11.15715538 466.75686078
v -157.01312005 58.38431704 903.48210410
v 175.70518100 -68.95577402 623.02711065
v 183.42240136 -54.96994809 643.97779520
v -306.67504327 -19.30848146 911.62322215
v -145.01556515 17.71105114 1447.91927597
v -329.93473984 28.09547658 918.36126920
v 141.07780361 -75.18189207 521.78862890
v 144.15014583 -73.21850775 499.64713312
v 84.79193727 132.14546074 924.09224562
v 175.76551164 -53.54655293 588.41696380
v -284.41743499 39.74588874 1096.58992250
v -277.70482449 47.39583238 1094.11823836
v -300.32756285 45.62959761 1058.80659547
v 169.36885264 28.26295904 490.48368801
v -110.82185688 107.06236474 890.02904208
v -120.15672517 101.28150162 887.40952772
v -264.89070272 -8.70639916 976.78014608
v -261.02573353 6.66980933 977.13260261
v -313.56216274 36.07244988 1052.46259886
v -326.16361447 24.24417938 1040.99501710
v -81.23531980 96.32274187 1438.10691732
v -83.61976709 88.62550362 1446.93114161
v -304.55522040 18.35015732 919.85081455
v -290.37843891 19.06292005 931.59010056
v -147.32565782 29.55500682 1451.41844525
v -152.68471864 38.80799151 1447.86278195
v -361.07416605 -11.30240443 936.38606066
v 103.94300033 5.39304983 169.31328916
v -137.65081200 76.30395535 986.27013216
v -216.25454437 54.56700984 1114.97482693
v -229.35566537 54.67510825 1088.51279860
v -236.34717964 54.00346072 1042.83164693
v -363.63267773 -34.06518360 892.95888135
v -349.94414176 -32.28525865 922.36884310
v -138.90407651 57.64764630 1034.77860009
v -139.12525542 57.11205333 1027.28899262
v -228.24694592 58.66695596 1135.82459304
v -254.56266832 54.77777013 1133.15869945
v -331.07958016 -37.28792584 938.54418348
v -273.82194925 50.51845274 1089.85883441
v -265.27232370 53.23179479 1105.87512854
v 152.46043531 41.62627010 1220.08700992
v -279.25806472 -33.10117635 994.31022751
v -270.27629427 -27.11903391 1028.33730160
v -385.63097859 1.86354263 759.39679320
v -383.48739642 -9.39280683 771.18575636
v 58.64138970 113.40775571 1175.34569787
v 170.26971042 -86.30406068 43.49124239
v 140.50171924 58.05257848 1188.01419429
v -70.77694056 79.88105142 798.28204822
v 143.23272918 50.29252823 1177.78564577
v -308.49165050 9.01698638 1090.80228848
v -303.58694462 18.56850075 1090.85161797
v -322.70781731 40.36712789 954.46983003
v -335.31259215 36.97380588 969.14821608
v -262.78131116 -26.27660515 1082.72347211
v 123.68666344 -82.07049392 531.82333906
v -390.94805830 -19.35271826 766.81898541
v -309.43099456 -3.65934263 1081.99102776
v 162.84907995 -138.26977191 30.25874075
v 164.27539770 -121.30869509 35.53676034
v -257.09973779 -21.02615220 1045.29711151
v -70.13649228 119.11208454 868.07829357
v 143.43746501 -28.34602621 75.66820382
v -263.68464316 43.37186804 991.34172243
v -253.42240260 36.03555149 987.68592181
v -268.74946643 -24.07717111 1011.24736692
v -257.46903558 -20.14196157 1025.75377950
v 162.78333260 -15.25758167 75.66299969
v 95.75988879 32.94956818 79.49427679
v 100.16842082 54.51058064 73.15175466
v 150.89431045 4.01223422 1207.16139357
v -101.23563936 84.27313603 1010.72902339
v -102.79145063 95.78467243 991.43410227
v -391.77354413 0.38827993 814.70793573
v 192.59093518 -42.60023588 844.49791441
v 101.77069046 76.01826613 67.28045183
v -152.49065491 64.21926431 969.08294784
v -133.56512126 85.54677662 970.01106127
v -137.51746469 83.96472161 937.69982354
v -304.70135371 45.80251799 968.20168361
v -315.27893960 34.95439597 937.91434425
v -244.74171711 57.38611405 1045.53338656
v -375.58265367 3.56194707 898.33169374
v -382.24325071 2.55062723 867.27330229
v 131.13213554 70.43308538 109.80434275
v -142.70615399 75.08554273 848.47528832
v 124.23625505 80.53278876 110.30715858
v 131.16727987 74.80976907 93.25582606
v -122.61869602 94.54879626 850.97644690
v -344.71573485 21.91754805 998.94200750
v -325.11112857 34.75311488 1028.86470184
v -364.31689587 -62.99929415 722.07652681
v 5.32294502 119.35659695 1261.72095327
v -248.17797423 -1.72464293 1265.50477231
v 127.07705073 -120.85559505 751.52152113
v 146.82947730 -113.55190213 736.49661798
v -359.79047812 -63.29366642 701.82399889
v -360.90518280 -58.59293000 707.66527534
v -266.21846827 20.91171173 1237.76984808
v 1.91230662 113.78804910 1239.54847437
v -5.50964040 109.02030355 1219.10750315
v 168.18292592 23.18506355 68.79296182
v 166.19463913 34.75572429 70.10312428
v -270.27599435 20.17173333 1206.73134112
v 161.26914440 50.41735895 158.20001810
v 156.83004618 57.43418187 150.72348126
v -383.57118506 -63.30327977 752.89275533
v -216.65873466 37.93963009 1063.87133514
v -335.36417310 -33.45515396 799.39601740
v 27.18056994 85.48390387 1091.44334201
v -204.58955051 48.30253599 1129.81073896
v -211.46521816 38.99533503 1083.20557610
v 103.63711679 84.96598153 768.51411107
v 134.30736043 82.00107842 777.44974226
v -355.31411648 -50.61087076 822.33727152
v -222.97885544 59.17609087 1156.87804892
v -333.24812331 -70.62989301 735.46776770
v -91.20377235 5.44588258 1462.10788395
v 1.60450590 105.84166185 1197.17430549
v -7.18790215 102.51246445 1193.18181188
v -89.97812413 -5.15219825 1440.74697411
v 200.37745403 35.48730668 10.82066521
v 213.78396778 43.69855849 9.50509201
v -195.86638879 59.20617771 1173.78376531
v -206.99165481 59.44517487 1158.44553411
v -96.49775026 -12.95059165 1426.01573060
v 228.56796226 -10.42993694 11.69358241
v -82.28234387 -21.12504252 1425.73187464
v -96.83200382 -20.17713901 1422.04014412
v -335.11823683 -56.63207154 781.72740096
v -303.77866463 -29.20705011 1070.36064474
v 36.11193173 125.19064000 1242.16124368
v 155.52631805 91.71908548 7.43501112
v 166.90214009 89.18279023 7.24038543
v 183.57861053 84.00378522 4.48661696
v -291.38975060 -26.25800600 1092.01469628
v -293.07232590 -29.88269300 1078.10388809
v -152.51404553 -29.42611052 1419.72351772
v 136.64076558 -44.21158764 395.88134977
v -170.72546840 -30.73540349 1419.26544710
v 156.11158752 82.07467588 34.76435108
v -172.92707604 -39.37744964 1411.01208645
v 76.17596871 110.59162793 1187.43445146
v 84.41637472 103.89750339 1168.62742071
v -178.53225775 -50.03529059 1401.08473210
v 148.61353385 -2.50337762 138.23677281
v -253.02551483 -38.10375514 1154.84831499
v -232.88705098 -44.14091471 1154.66129006
v -200.63831436 -63.72757375 1352.75147603
v -384.14346954 0.62416229 768.15757246
v -177.96248432 -71.86316263 1347.25612112
v -216.02695677 61.66169222 1278.54412016
v -224.19541593 53.77712057 1285.70999798
v -166.28503425 -69.55561027 1351.61299637
v -346.36536047 -7.78863545 806.56146951
v -345.12311140 -13.66277429 823.67203088
v -337.29032567 -20.33020466 805.56007792
v 57.29087249 129.35132771 1292.48927907
v -164.66417126 -60.91936216 1384.67427314
v -191.79249045 67.77132248 1290.52172678
v -206.58693275 67.56953212 1263.15050544
v -153.10791294 -73.54139079 1341.07843289
v -338.70813954 -21.06847234 797.56353087
v -354.37704927 -2.58570920 803.70622854
v -346.87320355 -54.23876542 726.89116437
v -15.22607156 116.41133757 1316.02052385
v -136.01601063 -78.35687924 1337.31705732
v 153.89773729 71.34376199 52.09196934
v 159.90506228 54.88383109 62.08810465
v -112.21201029 -87.63913621 1337.07359579
v -100.93408178 -75.02502581 1360.20825696
v 145.38178913 94.27749062 40.26096268
v -351.65774343 -30.07275303 748.88098073
v -350.60228312 -32.67958440 767.98648867
v -233.55567383 -41.39708752 1136.85639310
v -301.35272454 38.03495119 1071.34455340
v 123.12387679 -47.53954831 402.84327446
v 102.48147401 104.79237070 1004.80376125
v 120.92173510 93.81401074 999.65280179
v -62.29467041 -102.70703338 1321.49195102
v -70.90254769 -108.96733266 1307.18904567
v 111.11363374 -43.24459558 407.77758725
v 126.91964510 -50.52059545 426.89354474
v 65.83489017 47.51926966 546.36725551
v -368.51820216 6.77813859 816.25995904
v -306.38464885 -0.17151353 1107.82791662
v -85.51558194 -113.18328611 1295.25652847
v -321.69481306 -26.78385291 888.28365624
v 30.81420493 86.72722671 1072.03249852
v 120.39202931 -40.64635482 385.78393998
v -108.45228561 -103.52631796 1307.60442671
v 225.47232351 -104.07317536 26.65289118
v 149.08957801 -126.85576349 28.74331406
v 151.09225012 -105.08394786 40.77815300
v 96.80549418 -4.72801656 65.49869471
v 209.95119677 -137.44702037 22.54423032
v 225.42890067 -122.44560919 21.53509970
v -107.79870307 -109.12048570 1279.77408145
v -331.69624568 -39.21758212 902.77861135
v -127.13188438 -96.48086077 1277.05783733
v -162.96705890 81.16837333 1363.45199158
v -180.44870926 70.98969560 1351.77824237
v -311.50151306 -17.17584587 898.29479183
v -204.94242573 58.88060622 1330.38366811
v -223.36020288 41.67415173 1323.92662479
v -108.12786012 104.92478915 915.04090231
v -125.19275551 -69.26639044 1211.57446246
v 236.22542430 -26.72418573 8.59507771
v 232.72711748 -9.20314952 7.69778206
v 109.92359166 -43.76468998 35.06937256
v -135.96846262 -56.08422390 1213.23717755
v 121.62243572 -96.20968717 19.86051602
v 97.73737498 -72.88261998 509.43344400
v 105.56309315 64.76128245 4.04487640
v 97.18241265 70.16829821 7.48266273
v -146.57759160 -37.95511916 1222.64844440
v -280.31380926 11.70198089 936.53780758
v -200.89779219 45.53857458 1384.28386413
v -188.29720908 45.58298420 1163.39501577
v -368.54245562 -77.63625931 754.31507355
v -13.95641203 82.67342011 1126.90233094
v -24.36656844 85.11174421 1121.20731389
v -202.10471219 40.16289279 1123.29370074
v -114.60454151 -80.70776808 1201.64951399
v 7.27006952 32.26329773 766.53691078
v -148.64382123 -28.78554157 1157.79669391
v -216.64578387 63.49105426 1184.72572917
v -347.90808388 -79.97070106 766.92273330
v -37.18868337 79.53630953 1073.41737880
v 99.90451402 7.27110387 6.51668741
v -141.29759622 -48.63694628 1143.40173962
v 139.90475646 97.44968019 5.88030931
v -137.81039890 2.51756937 1123.39811535
v -138.81631174 1.96655852 1105.69459801
v -303.13543527 -12.75885788 1100.16036334
v -291.76272904 -12.64188876 1120.49279731
v -379.80197712 -37.24540083 736.69429811
v 100.92701193 88.93024762 1056.12146481
v -306.21405120 -11.73370616 1090.38840407
v -306.31775898 -22.56131565 1080.22660711
v -155.87519185 -33.32877391 1050.00102461
v 73.13921067 -4.02038909 328.16606285
v 81.93067224 -5.06767366 301.48060991
v -163.60964875 -42.16614067 1017.87970575
v -155.44783373 -53.04720342 1037.32699988
v -360.80938177 3.17177673 759.02685461
v 132.91471400 79.72221486 1004.43607955
v 148.34606906 56.68551237 1006.04032994
v -160.51484215 -49.28929954 1002.63199183
v -264.11756712 -31.15151007 1098.87338610
v -167.28265887 -24.50996084 1014.87499107
v 134.89176106 -23.88429746 83.93705625
v -163.42053733 -33.38536255 991.98719385
v -358.76534660 -2.03740125 750.11021931
v -162.63561035 -61.01717227 966.56206885
v 159.13282173 85.32230097 18.38463573
v -273.92956490 3.97410714 1186.89631331
v -279.38893587 3.23540385 1164.84751321
v -177.00436759 -23.57807303 955.70515108
v -208.62051666 4.13073919 1098.55672035
v 60.89619983 43.15072688 359.84641171
v 69.64349347 63.06517413 366.21113046
v 63.37879661 46.02017406 337.66955472
v -172.24100293 -4.55078284 986.26824296
v 148.92133753 93.54330513 18.41073228
v -176.66362866 -0.14278118 965.96775274
v -188.47969397 14.58770766 1167.18309335
v -198.11049760 1.90170170 1148.67139776
v -188.86399781 29.78172227 1153.98710038
v -171.32375351 23.05190410 967.28771801
v -165.23916170 38.32619581 974.67173826
v -375.24319348 -7.18001487 742.98953906
v -368.12181363 -15.89095179 732.73939141
v -159.31802427 55.60098585 963.07942354
v -183.43109117 37.01782831 1175.82839830
v -174.84169222 23.03828737 1198.68107124
v -246.10232423 -6.91900199 1298.01154562
v -158.42064697 14.31209613 1011.73291570
v 145.55212891 -9.84323677 189.56633805
v -125.31873726 112.04508276 1362.98008921
v -167.00331278 -3.66345015 1019.21606902
v -369.65461901 -49.52527496 835.65310679
v -160.99770098 22.20382328 1026.16134026
v -231.38411249 -32.86700172 1236.06466875
v -166.46806608 -0.38486815 1028.12249429
v 137.01063383 -11.23819338 174.10842882
v 145.66768163 -7.66189623 163.78342896
v -215.54285548 -51.90737396 1284.87285250
v -225.43210438 -42.18600649 1275.54934615
v -150.86838773 26.48671221 1054.35183291
v -175.46237903 63.20331291 1265.93228291
v -137.37431568 25.15578874 1080.25682591
v -364.94251893 -42.96329258 867.51368588
v -235.66957468 -32.51105195 1217.39576108
v -379.87395289 -44.99784568 832.79520559
v -40.19707170 61.77375195 765.17544273
v -113.53828497 69.12508357 1049.19890014
v -232.25906035 2.05366283 1364.91524754
v 186.34980943 53.63038083 331.27074564
v -351.78751488 -77.88185185 749.40369440
v 192.49195955 26.31178335 336.51175927
v 190.56422998 26.89024642 357.18394443
v -103.88258905 79.21764820 1036.47578435
v -79.49074959 55.40368358 1482.95574276
v -79.00167434 70.04554993 1471.58795690
v -91.40019370 77.44780645 1460.81004819
v -49.31432636 109.47774889 830.49216604
v -66.52583781 108.26062948 830.14217494
v -83.06609639 75.46774581 1058.13569815
v -73.07920633 72.48085461 791.28871858
v -59.83196468 67.75499237 782.67960626
v 180.72167194 -6.26291473 302.20156583
v 186.34893266 19.15291190 297.95071961
v 114.75838932 83.27419920 287.71672633
v 189.39267342 40.07485922 349.74664380
v 184.73732040 44.97687651 385.85990887
v 101.15906894 -15.95858746 41.09048576
v -100.08055632 56.04004718 1473.60454497
v -53.68995616 64.46674549 775.84783023
v -82.50203541 109.29229336 970.31387957
v -107.15759901 82.28996425 1169.81773268
v -250.04472951 -33.37294105 1178.84382117
v -240.56895632 -42.57783759 1163.33222544
v -89.52074840 96.74597921 1180.75643152
v -203.95083782 2.14450167 1125.88672145
v 95.12385625 86.63723175 364.53804579
v 105.88204969 90.04332275 371.65140070
v -74.52695058 103.09797182 1187.62215922
v -350.55727943 20.17537354 894.77434849
v -84.27915767 103.64938634 1201.50561696
v -98.58831545 97.00451571 1204.56236327
v 155.76466847 84.55043026 333.05110957
v 164.02884530 -24.20052737 301.69010519
v 161.11876102 -20.54868360 270.72422967
v -112.26432404 93.95289763 1217.01685708
v 128.39415317 76.00563999 136.21172974
v -221.23610596 -41.83955739 1152.51437726
v -225.57291729 -37.18495496 1133.70781607
v -152.89117521 69.20182721 1239.17319878
v -211.52019756 -36.83393647 1156.06330431
v -350.64150314 15.50503747 880.01389906
v -365.96555515 13.04415493 888.42921172
v -153.61293306 24.77936462 1198.05782595
v 143.66712169 77.10293968 69.10597465
v 151.02677792 66.56684808 80.22875461
v 153.05374944 66.48568996 68.94714126
v -156.66383943 4.87427655 1209.76549178
v -4.75253072 117.54491265 1301.89112366
v 6.08740630 118.40220294 1316.99115077
v -154.00646331 -10.22756428 1207.77482461
v -154.35596242 -2.79401745 1192.82556938
v -227.45695712 -16.73193311 1364.26625615
v -353.36857205 -48.89382368 722.74727902
v -352.11106351 -37.51253285 728.70168002
v 149.53934023 59.04101601 699.50416942
v -159.66376627 -0.72640623 1230.82309828
v 160.09683291 58.68527656 84.18159321
v -148.64714725 -25.07229009 1258.93576525
v -246.74083078 3.15010021 1293.48103900
v -154.65833049 -10.78897753 1256.01298258
v -159.34606826 -1.23409151 1246.45164023
v 44.61237399 128.97970835 1307.77088811
v -160.76418101 -7.60591288 1259.54663350
v -351.51917109 -6.62889511 759.34120651
v -168.19396713 -3.26629878 1248.62069978
v -238.14385593 23.41852186 1304.63554963
v -248.68648743 14.82315506 1282.28129745
v -242.84148363 12.19241630 1302.34058817
v -360.99997697 -56.76867352 717.81185616
v -353.35885779 -55.73549911 715.26119974
v -328.64765865 35.11829170 935.16107544
v -173.87744877 2.36464755 1234.87113688
v -169.54132017 -11.18599409 1253.96139880
v -217.11337652 -35.22413732 1377.97678947
v -176.00561780 -7.46000377 1236.66198111
v -169.66702392 -26.42853535 1259.14880030
v 178.84559503 57.94371562 388.78371731
v 175.52699388 44.72159250 421.78754052
v 204.91379503 -39.03029259 41.56296522
v -182.76775497 71.06402624 1265.10121830
v -190.17838807 70.49594618 1247.72825649
v -334.36260645 33.31182301 1005.39593888
v -165.52525986 -46.51695940 1280.24645443
v -192.56499002 -24.65599041 1410.72752979
v 128.00902623 77.70548822 189.58365301
v -161.50958742 -36.76075679 1270.67405214
v -158.79806066 -69.25657783 1291.25120543
v -144.64334805 -84.89375857 1289.10348809
v 157.98531370 59.63888554 192.18942679
v -169.44781612 -64.55282904 1300.08961342
v -381.44620506 -16.91755714 875.20706028
v 173.24697220 66.90111385 388.43667345
v -176.23220943 -48.66671934 1287.50178096
v 174.27074400 48.00153995 244.26837597
v -177.15831161 -62.68018070 1302.74695184
v -267.38126187 -16.49368983 1171.71181416
v -190.22194368 -63.56681403 1298.52967803
v -322.12412088 -18.60197763 881.11409478
v -262.42246606 -26.13437451 1166.07022370
v -278.53239358 -17.06867994 1140.19004949
v -211.64799224 -61.20410552 1311.72710399
v -105.60967675 92.18848836 1431.56790586
v -102.27125792 101.39021340 1410.59928130
v 156.82765636 6.88016217 137.32717258
v -202.98004290 -53.05743334 1278.34344950
v -88.31691439 108.52756903 1404.02094935
v -214.62948016 -45.68270716 1254.36712733
v -350.96209189 -16.42125550 753.65619632
v -353.18325080 -22.36222717 767.42904311
v -202.01839032 -47.30284040 1251.95557569
v -157.06359079 82.70337496 1382.37850300
v -207.05197212 -46.26288584 1229.35443526
v -351.98103532 -22.40218953 776.04838653
v -215.96224794 -44.17082809 1232.19173665
v 95.55046684 68.55988119 450.76789793
v 163.10081362 6.00126726 165.43989286
v -173.14055827 65.39560041 1398.76331477
v -211.80031152 -41.28400888 1176.51369286
v 5.70445694 112.62302533 1380.60730010
v -5.30968310 113.88079797 1356.43279437
v -213.63712986 28.22709431 1379.69344734
v -353.51586707 -29.63696177 736.73983324
v -353.40865535 -17.66403920 738.86059509
v 137.57284563 61.70855195 1043.78363041
v -249.40833562 -22.05726286 1062.82420891
v 129.64057258 70.35699733 1054.92739265
v -181.37406929 -22.87246667 1218.88430646
v 95.68700770 41.71713146 191.67776276
v 100.64827259 59.46603873 194.66810409
v 97.44653567 43.71256860 179.52653681
v -278.74802560 39.84300697 975.68025222
v -285.36286519 30.50325400 950.19098170
v -184.34908210 -13.99323873 1207.56226557
v -194.01920097 -46.33875158 1244.20809207
v 179.31846195 49.27490008 276.70152410
v -115.77887707 2.78127448 1448.21565260
v -108.72930396 11.72569752 1461.41530470
v -331.98989570 -68.82792984 767.44228556
v -123.05813113 70.66433504 1450.17334226
v -126.72881090 61.08355597 1455.94177207
v -107.53791108 -5.99908723 1436.17897001
v 109.73949389 -18.64535535 252.49024353
v 118.24943384 -21.33137414 240.26215190
v 122.08785656 -28.37931418 265.44315768
v -334.33492320 -78.33500064 744.50658302
v -168.03337649 33.13732599 1216.64398459
v -178.13863779 45.11531463 1193.23818441
v -168.08609683 46.21482269 1225.13140473
v 98.94149261 11.97412521 122.72225604
v -165.31324899 34.68001914 1225.22949589
v -189.06629544 19.03581323 1426.68232313
v 107.18488640 -14.75600735 84.24269689
v -159.09781292 50.37962226 1230.30007931
v -334.28799071 -38.02389415 788.24709618
v -337.10551675 -28.83672961 789.82429453
v 23.51146720 124.24244927 1267.66789434
v -164.27803257 76.35592623 1271.33868255
v -389.15812983 -4.86404997 861.33049078
v 131.02508384 -14.97570706 98.41896995
v 124.68458188 -19.61862930 88.59189979
v -8.12867268 116.08865682 1289.49350354
v -338.26820097 -48.33961365 767.62056333
v -158.01270369 74.46391619 1254.95832993
v 120.01400717 -65.98297914 32.18646746
v 174.89995015 -30.28937098 554.84712181
v -126.85075708 91.64448858 1239.94363659
v -401.52754022 -20.75409194 816.57600214
v 92.80771099 20.00357029 80.37506327
v -40.48478220 119.24525492 1367.88290375
v -350.07738315 -18.01520918 788.83668242
v 104.08771782 53.00846154 96.55587287
v -68.01438009 121.28722500 1283.76838896
v -74.22021762 115.94286836 1261.35800225
v -279.33671837 -26.37221133 963.57742999
v -56.64385247 123.01884466 1279.33526421
v 137.92838552 65.42304527 1015.95332084
v -31.72532919 118.03408708 1228.93854419
v -288.38508684 -32.51019625 952.96789800
v 136.67133596 58.04659295 1022.67848088
v -34.81218452 114.23122814 1215.21813646
v 139.78559928 -27.70732968 248.80620064
v 163.42329918 -14.54055820 249.64600553
v -47.16568620 111.67540245 1199.65540049
v 125.33669773 68.72177334 1027.11655477
v 104.95647637 -20.35197837 275.80547849
v -34.17383382 106.32693306 1177.65572670
v 32.48457717 111.82367777 1169.70638449
v 43.60713474 108.98823157 1147.40595943
v -33.27454451 99.23556949 1153.17769897
v 170.59128069 7.29462894 530.08791510
v 173.54205588 -19.43331310 552.78505236
v -61.17041358 89.77199827 1125.65804583
v 169.91739988 20.27387688 522.66261998
v -38.70854891 80.27390016 1102.39367892
v -51.55605641 75.31198750 1092.80561479
v 139.55589227 -99.45364879 632.80865237
v 149.74946158 -86.44326833 601.88809052
v 128.52377514 -87.22705599 37.35976890
v -63.30157909 86.03974215 1045.20794702
v -349.01605665 -78.59657410 724.74283084
v 190.04210122 -19.23647054 703.44516571
v 28.06836140 94.38376930 1056.94980317
v 187.44704446 -39.82826963 665.35141963
v 143.43752391 -36.97657285 323.68419860
v 147.87972852 -29.14034666 301.07025650
v 75.09770988 93.62690897 1116.02278806
v 150.43673103 -47.88236240 445.87791715
v -3.64245584 82.20654899 1125.32932771
v -207.96865392 -20.50829044 1397.21887613
v -344.48950438 -36.37193123 842.91372345
v -342.34365131 -21.91333772 826.36698998
v -42.89574899 124.16913124 1276.34754074
v 0.93573340 98.57226604 1169.68305911
v 86.28588015 7.56034894 246.99487592
v -343.01183427 -29.03779045 825.48624887
v 15.28037600 103.15247446 1161.48959100
v -349.90916489 -44.40907767 836.80704211
v 22.99946843 101.81085867 1140.90523580
v -68.20126263 124.33195336 1338.60044805
v 92.29752745 38.17519524 204.96106473
v 104.21945389 66.75541528 195.47535482
v -399.30795300 -68.32342124 768.78936863
v -215.72451030 53.49927817 1314.62809891
v -229.32212150 43.44606087 1295.68878025
v -92.91608548 97.65794659 1428.73104715
v -76.70281861 100.96588547 1422.09949246
v 52.74986353 98.12078088 1044.79422021
v 57.06817398 99.17435624 1035.40261898
v 66.87838053 100.91189332 1027.45020976
v 82.59469234 92.18172771 1035.40519256
v 111.11813141 -89.01857324 9.41027817
v 88.79537776 93.67800437 1028.02124669
v 121.09817509 -64.31757261 44.05200584
v -301.77900530 -34.93713338 941.09174861
v -116.82421734 91.13237916 830.53721720
v 110.58679081 123.52645035 907.64024907
v 119.80150463 78.24078010 1057.06952036
v 95.41308575 67.33562428 37.37054389
v -69.53713261 87.30548080 1022.98665592
v 65.17783913 52.07125485 582.33540413
v 63.19984744 114.36576866 1197.67779751
v 101.31009952 63.35740730 581.97136929
v 85.41724259 93.90277221 1052.79114137
v -133.37236654 -95.69346481 1290.17181422
v -8.49372116 116.09829651 1330.61255809
v -229.98654378 52.35392597 1062.46507115
v -150.57040729 42.48684670 1025.82891399
v 164.48744769 4.84886116 183.20190869
v 171.67544865 9.18151370 215.06067144
v 208.98498910 -151.69694163 14.58331411
v -121.35638027 -3.93097214 1439.66362340
v 184.55216337 28.48114409 890.17017699
v 177.46685858 51.18671758 884.26548495
v 178.28539668 39.48182906 906.66025174
v 107.31159772 79.98985281 102.93483229
v -131.82506917 92.50710463 893.66490188
v 120.12240693 92.48778630 78.86317207
v -361.25623728 -71.07539004 717.76502544
v -223.32373242 -41.57485305 1257.74285130
v 158.49521850 55.57120064 98.97170350
v 143.32596783 -114.84056629 779.72386363
v -271.86283428 12.69880455 1207.15238103
v -334.76651872 -49.12669072 775.58854495
v 82.59715136 74.02047367 690.48811724
v 201.41102778 -0.99622096 34.40824535
v 185.44043826 26.30955195 31.56131077
v 5.46714996 118.84098004 1336.88167004
v 182.23263027 -78.11617652 806.29472763
v 180.35256637 -85.17610208 753.46913903
v 191.03371119 14.20791683 789.63901505
v -190.32454254 72.34643779 1271.28105504
v -65.23800702 113.57819428 1234.21636985
v 95.45733454 56.11668303 499.99145069
v -302.49777622 38.35433010 951.85393932
v -36.51988131 89.03688560 1120.74878230
v 99.72451053 38.24508483 8.22844152
v -196.77041391 25.07906385 1406.29370669
v 69.32886346 73.37960274 722.28122688
v 47.71318643 64.35870941 723.53262211
v 63.62279730 8.72937304 341.86319549
v 71.02478714 5.91233588 312.51741474
v 143.39799944 -38.14027355 343.73224685
v -212.74176030 60.18226364 1296.13726584
v -223.19226594 62.19830612 1258.23696895
v 131.78946822 103.86313916 22.19624143
v 69.79092375 54.87740105 398.29194460
v 82.78876915 73.35845774 398.84562202
v 78.01358189 71.52227155 377.13949370
v -374.41253438 2.52893598 749.69299182
v -79.72242101 125.76245895 1341.73039427
v 103.46891685 1.94009805 199.03503825
v 106.90142319 -5.45916596 206.71284994
v 149.80693522 88.97785299 360.06005887
v 129.29463347 77.81949205 244.02503632
v 58.56464229 61.95521082 654.88912934
v 127.19624782 -65.12357578 52.34922633
v 39.64859618 35.74456916 604.18848375
v 32.94590944 4.27860729 556.19070011
v 32.56768305 2.09531480 578.66891575
v 93.67891183 -0.55535160 239.83048570
v 93.71706439 -6.52716256 266.03613429
v 167.74588183 68.59042628 814.46460003
v 179.49915699 53.79052183 822.06942425
v 177.70012807 42.11918505 775.29514293
v 81.04134347 128.64651563 1278.76417914
v 72.44262149 123.49515340 1264.72617901
v 167.94655192 -31.32889155 390.51069964
v 175.80436888 -20.45606548 404.85839513
v -244.14913275 -16.59054989 1054.10263597
v -216.92264634 46.05686038 1086.22241841
v 171.58759697 -15.00225053 278.96683570
v 171.75189019 -8.75005339 261.65952399
v 179.43640886 -3.75365552 276.79306888
v 168.36859166 42.28994272 194.65756813
v -232.13431935 62.70402649 1182.78000156
v 164.15323304 29.48998435 590.24410963
v -19.67676580 114.21784573 1371.37312012
v 156.18935904 -1.54654181 167.90613981
v 119.46288520 60.52139920 574.75656296
v -228.06682145 64.26080236 1204.88750956
v 98.00970139 56.45085003 221.65062767
v 96.65200912 55.12475653 207.77013244
v 112.59853060 74.21383935 178.11957815
v 104.25651136 4.89399265 141.11661111
v -63.59185698 125.63444072 1321.39966591
v 114.28231592 -18.55457630 222.31998455
v -264.53586676 55.23874991 1033.87832471
v 169.36991097 40.87076324 449.55859459
v 147.11172201 -27.30634653 273.48771475
v 93.31411910 44.26975574 227.09052188
v -289.84091975 -37.98629515 987.94636125
v 114.03584873 89.27543042 322.03702876
v -30.08880034 121.24023236 1308.39943020
v 124.24830858 -21.45936784 222.62193876
v -412.96965081 -47.30343295 776.77423588
v 119.61390447 -79.19205298 19.39583472
v 56.10145608 61.83654238 669.17403856
v 62.77711899 68.91475447 695.93678204
v 43.51244191 59.10007197 691.93625400
v 5.81637693 103.72631923 813.97016216
v 168.16322978 55.02329376 428.48230933
v 164.35540600 -52.98230316 501.32447783
v 190.54175563 2.85441608 769.08382104
v 128.11417599 91.31048027 387.96387666
v 139.79999926 89.25786449 387.35699691
v 94.92145132 105.51039405 807.38587832
v 62.75732139 21.08696982 324.24982689
v 170.57467573 -20.88681431 433.53111326
v 86.09586671 117.34981029 821.01956012
v 76.65996654 -10.99360527 346.13710996
v 88.13290897 -18.68433516 341.20514628
v -114.86404914 72.39149684 1019.26325427
v 144.90705600 -14.59718233 206.62048366
v 33.57611379 59.01164521 739.15702871
v 95.00653924 72.98571013 432.41044220
v 15.87139981 39.09513107 720.08701121
v 69.87903087 38.97657108 445.82673021
v 104.89188029 75.13336679 276.76187136
v 95.35402522 60.58860038 265.91479383
v 85.30478171 59.18755768 454.45645974
v 141.90420256 51.82209229 501.03784529
v 151.77036903 54.67551998 471.53824005
v 134.20782747 61.24952622 483.24292185
v 185.09259130 -59.71102623 668.56117665
v 188.05525135 37.59685089 863.40280386
v 182.53966302 52.52665680 852.66040279
v 191.95924784 22.38568472 839.51684073
v 191.32312294 24.52236033 862.45479971
v 166.59672684 23.36868818 571.65542836
v 171.41801630 10.97118728 602.02065748
v -360.93875174 -47.75898578 721.12724123
v 193.16964056 -42.24603546 714.11889139
v 185.90630502 -47.52077826 882.50309803
v 186.87442431 -25.03766694 907.11107337
v 122.68753529 -81.95767427 27.92250654
v -338.03156381 -37.40245902 774.97873235
v 90.02699967 91.73634604 784.65836318
v 78.45848360 98.98246084 797.60800627
v 37.20068801 63.71152203 759.25836249
v 77.60959561 137.37713307 909.83869964
v 101.50758478 130.83517676 895.10069022
v 160.06682264 38.35500774 606.42597017
v 166.20259586 31.30868067 623.02722199
v 166.18565226 43.99726504 937.40121827
v 134.89245177 66.19811911 462.88112630
v 75.05072079 122.56084514 829.93751209
v -114.43217956 49.94310084 1109.63483723
v 160.18418532 -103.36806592 803.55645137
v -4.31873324 112.92408458 825.87271039
v -78.79762415 60.94637951 684.43299537
v 158.70725157 61.49145931 757.85967241
v 189.46252877 -70.05298999 731.97471962
v 140.06189965 -55.92996572 453.42503280
v -88.36303618 106.06668914 1228.89938602
v 187.08034762 27.76429447 789.76368113
v 182.42452045 25.37442716 756.97020910
v 143.52699119 -41.48579169 364.45206512
v -49.99776301 94.31978230 1017.67416027
v 118.85267271 -85.81667965 566.50948365
v -125.25899535 -93.81917179 1317.41645101
v -136.54698288 -93.68635280 1298.67788925
v 164.33389590 76.15995245 840.50074079
v 151.17287219 89.73950241 841.22412040
v 126.57704317 -113.67053891 687.75079932
v 125.23611214 -110.37994220 668.02001430
v -192.05456640 -51.70640258 1277.51962961
v 170.84513333 -23.86851019 327.16868408
v 159.26972474 68.66860093 423.34702353
v 7.41682522 121.03021375 839.55069772
v 175.53099566 -84.79630407 684.96528360
v 166.95371818 -82.37431345 632.16410679
v 176.91480370 -34.41272076 929.71360251
v 59.59220592 94.22635333 798.65347636
v 86.92263621 -6.50628318 283.17075742
v 135.21611900 -22.43926302 233.47951400
v 62.49507056 9.07237016 371.15654944
v 154.49464350 -17.53677731 240.33838613
v 148.91251905 -18.02162903 229.38645455
v 86.98594605 82.52331001 354.97457019
v 77.14446091 73.79351615 341.23718073
v 10.13529548 32.59790908 743.44451993
v 88.15131420 24.11334647 239.58350435
v 81.83396565 31.54476283 257.08736559
v 173.34862457 9.76850030 624.69302603
v 166.66516799 33.23022991 645.88403007
v 181.72155844 -41.28017564 913.67604744
v 114.84760459 79.02843811 258.03616782
v 194.95705567 -46.27229316 764.39537094
v 194.69729787 -25.01660749 781.42470893
v 173.93210987 17.80216127 660.46368211
v 173.20540333 24.97101695 687.44255173
v 176.80141343 0.22562699 637.34220854
v 101.76441006 40.77762351 104.42472553
v 169.45573319 26.27519221 472.03751674
v 157.28369846 58.66041703 447.75812663
v 145.60741032 65.84834859 726.55948591
v -129.21453123 28.56674120 1096.04648458
v 151.26996787 74.36146247 782.38190375
v 172.47012617 -91.57457678 807.51741984
v 164.07835840 -152.11852703 23.10955506
v 111.98594603 61.69470477 564.93165915
v 169.55673010 32.60610418 690.26081832
v 100.70836052 68.76089141 622.71569735
v 106.07287071 71.65368207 646.39572676
v 114.69998098 65.75621515 611.85860394
v 193.63496865 -51.93098651 787.37430207
v -64.56703240 110.72074063 1207.49961946
v -160.65816713 -19.84597529 1264.84093545
v 116.29917556 -34.10063944 338.40354151
v 122.24110685 -37.15999455 322.95738345
v 128.40749826 -37.56526898 334.44439218
v 158.15034102 -107.37987406 758.43640180
v 167.92562802 -99.26344467 768.59058016
v 164.18756439 30.57346590 155.06270505
v 156.88188546 44.91448429 629.09487933
v -153.17825549 -21.42092566 1265.17328045
v 122.55064411 109.18263925 835.18735887
v -164.25303856 59.80732690 227.57340566
v 120.16573603 -31.67668324 299.54657114
v 130.97654880 -35.25701325 304.08171880
v 96.48331641 84.27672081 38.74307981
v 184.74454440 32.50802208 399.66525628
v 162.36013394 -33.63597013 413.53610566
v 94.93637159 65.22881009 24.42511700
v 176.00085196 10.15464705 231.48637988
v 174.80497576 1.01186716 248.77451037
v 166.70528522 41.00351234 172.46773918
v -154.47901804 68.10468981 388.30735445
v 189.80452742 21.49367569 313.02253734
v 156.79363329 5.71684283 103.84485590
v 181.16017156 -137.88974937 29.84702828
v 187.87635680 37.20453066 825.79197987
v 110.81864327 87.63376572 401.49924951
v 95.37199879 77.01244420 23.85398116
v 84.15601099 78.98547941 327.64079580
v 112.80858327 95.43779776 65.18123449
v 121.35372266 102.57619462 6.31389310
v 121.06614747 88.18114441 88.51626429
v 119.26546745 57.29242171 536.03531904
v 111.34638304 58.01332448 511.81180977
v 125.45281475 -108.53271559 650.65364468
v 202.02798460 70.29490620 4.72585070
v 115.95364718 -36.35911281 349.07780534
v 81.90233061 -107.95770447 1141.43697233
v -165.32426233 22.09980011 992.99840846
v 165.33880959 21.42271584 557.19545479
v 99.04605146 -6.17305900 42.85643874
v 6.14719086 -93.67257590 1318.45218044
v 97.86287639 59.54209529 246.46458836
v 120.33659934 70.04884708 648.20419301
v 148.28592807 65.46460037 179.99053483
v 166.05542731 59.04098413 777.82963697
v 174.14200476 42.11212687 921.83964030
v 110.45483796 -69.26106274 467.33343856
v 195.14292953 7.40813029 835.32672924
v 109.78164307 77.80734328 731.18840015
v 97.39642954 80.34240292 749.88251576
v 175.05360339 61.22267283 868.61026851
v 86.54025773 71.53637643 657.79192216
v 162.86667498 71.60621038 895.06080582
v 156.12337128 81.01573379 899.08929490
v 175.35430470 -75.05820613 648.13203464
v 76.03373499 138.41716596 882.17256520
v 171.48290058 62.20422930 274.60237578
v -152.20823640 -34.44835728 61.71539790
v -153.92341343 -11.65364135 76.27833350
v -166.44785176 -23.31294287 67.00745800
v 98.75973129 20.82135836 120.83720208
v 103.04434063 39.23291504 122.39819635
v 28.61274202 71.86943414 792.52314347
v 22.26491230 58.14333570 783.38589665
v 95.12080937 19.05375901 104.84458379
v 134.95836841 -29.88480293 266.73289728
v -97.34793007 23.51585356 104.29317440
v -111.91900277 7.92892580 121.84029734
v 98.02465176 -2.14247091 216.61549923
v 179.90229467 7.23925871 263.94048987
v 147.40793879 -42.87635388 391.35419483
v -47.55876121 -130.71985383 866.98805128
v -68.69061188 67.58029132 389.76487779
v -85.66988471 82.55454681 366.88855889
v -82.36313977 75.70764865 395.05902966
v 42.99293837 4.14824323 498.97243192
v 79.82049742 59.88329936 427.15868384
v 64.81477544 37.97772143 406.28061010
v -161.68661557 69.48340240 328.35037246
v -144.53266783 82.45007104 336.32956924
v -143.59729036 80.91163951 322.88121256
v 128.01326279 -114.67742306 710.11133280
v 116.18435590 -120.46726979 715.76948059
v -173.09356371 43.74804443 383.47698023
v 189.08786314 3.49977557 747.93530555
v -123.11325046 -7.35568733 203.65129550
v 157.07459406 52.02022783 698.50994449
v -19.61735818 -132.95445304 834.94722478
v 104.94153993 70.15686642 258.71077782
v -165.93167030 -37.21891056 60.95290441
v -171.99837666 -51.51289446 52.93747565
v -157.84625358 -44.90744750 54.88310736
v -78.76409410 54.03760297 444.91748923
v -65.95654518 41.13317240 449.57177355
v -69.56899840 57.84713495 413.77912573
v -101.30579504 85.35304369 354.92123991
v -113.31753469 84.24433045 372.43491644
v -95.42254123 86.03768203 365.97015818
v -57.60237463 55.28383042 343.65210251
v -63.89729881 63.03946150 324.12483655
v -64.81532552 69.33952632 358.33340872
v -147.72520241 3.41685810 108.78436719
v -155.19750652 5.83541993 90.91525334
v -155.34360411 70.70521275 246.23427547
v -154.68944351 71.03355095 206.40835089
v -95.45019993 28.72244158 83.03593889
v -99.26352862 19.47332552 92.89455829
v -96.77888643 21.38778397 78.45255697
v -214.88053493 82.07785997 3.48152726
v -214.83754531 65.16915390 9.82454002
v -205.17203471 70.85748441 9.64903857
v 58.95842772 -122.75108036 812.47019080
v -185.76670398 70.29277694 17.68422648
v -173.39903853 90.10721964 22.19074528
v -186.88272901 88.68399739 10.38165856
v -172.10443296 -114.91944286 9.73274937
v -186.05984205 -128.35094788 10.30827512
v -182.74712879 -121.59192528 6.92721844
v 97.31491710 -48.19562404 1384.03886004
v -218.74752378 36.38033883 9.29899738
v -228.05188971 29.99457755 3.39723260
v -211.66679261 30.14208360 13.87801670
v -103.23991437 80.37410685 96.71204300
v -105.20861344 95.21119895 90.61409891
v -107.54201564 95.62415978 102.78228273
v -28.63566830 -117.71519745 1257.90298508
v -237.14396367 -38.36225548 24.78852918
v -230.30194947 -48.82143183 28.69908821
v -210.81408189 -42.19341729 36.40573730
v -54.71720083 21.77381218 436.30443357
v -50.54358115 8.73577553 452.57497440
v -156.80518325 70.74997921 180.97976005
v -147.90903300 79.14554131 180.70948621
v -147.50044597 80.31141354 154.56194716
v -167.06852210 63.31780570 311.87856322
v -150.37566268 78.15831523 309.38703329
v -151.86568302 72.61152020 285.43389354
v -117.91589628 92.48913038 132.68552990
v -112.90610816 98.76112684 111.42843500
v -123.95423876 94.23701364 128.86148437
v -66.33753989 27.54815843 302.11682369
v -61.17469865 29.22920084 315.92765881
v -120.15253056 2.19507455 136.84136296
v -107.77031701 9.55923008 136.84231435
v -230.44160014 50.57516548 4.71582443
v -229.24426186 46.43998344 0.95861130
v -231.11007724 5.38186133 2.34761878
v -228.77960680 11.87414309 5.96827964
v 106.29072734 -104.71147079 880.65256315
v 98.67809304 -100.49923268 903.44784444
v -225.20982110 7.66877798 13.44568121
v -240.36463378 -102.26718510 8.88107011
v -226.88289989 -116.11684266 6.06862686
v -230.21977979 -116.07544563 9.33259972
v -216.54477604 -117.51975811 19.13404011
v -201.19153847 -117.35155343 23.59944080
v -217.50900536 -99.42344751 24.64981788
v -123.30150480 107.94644430 75.60141068
v -130.70748711 103.38214960 80.46850838
v -123.38974287 101.74283363 103.91425986
v -196.93813514 94.15990103 2.79263444
v -181.03427407 95.00105378 3.44045020
v -186.96638319 88.86398336 0.26925988
v -203.86387449 80.14992960 0.26185692
v -119.09529670 -19.31931815 4.86370136
v -139.44138089 -50.39833251 5.13151600
v -101.77656518 65.22859905 111.81939890
v -97.40919649 40.97395772 108.93869328
v -117.54386630 3.83205476 120.00820620
v -112.52373470 4.04654135 109.65049052
v -111.78171696 -106.49818452 1077.43189817
v -94.01125379 -116.00797490 1071.02607850
v -196.93123301 4.23402015 47.68445886
v -219.35301529 1.08083117 28.62846036
v -196.65029634 -3.78607716 50.44473309
v -163.06558058 77.84202896 87.03174115
v -171.61946468 59.01669826 64.62531371
v -166.93295110 65.05364563 89.39832032
v -60.14929639 30.76650859 465.47485950
v -70.84838248 39.78297470 465.17007134
v -53.33067628 25.64029787 476.61929234
v -149.79573154 -82.50074014 968.88883133
v -182.85806384 15.89900529 300.21032690
v -51.75808937 17.68958585 453.67690474
v -59.15781198 37.15695703 437.06589740
v -172.56105784 26.12733457 213.24773179
v -59.90788806 47.01095472 406.82641799
v -58.30827479 42.20535341 419.90454604
v -121.19817918 -99.71702393 1076.51206103
v -135.12485363 -85.40247174 1074.90229884
v -86.03635280 -113.36136749 1084.73689261
v -155.24029933 75.96866207 109.59000947
v -148.68309901 81.92271896 110.37252505
v -155.47525022 71.03763849 143.26373520
v -80.08757182 -125.21550334 1060.16594496
v -95.61260844 -122.65623661 1047.00678877
v -123.04695536 82.88053691 240.99710437
v -104.26840796 78.62076164 230.13246115
v -122.21707514 81.79209920 219.62874921
v -108.77504405 83.32012231 288.26632599
v -106.60352316 86.86807371 303.08545342
v -90.75363409 78.51184492 281.91343280
v -54.32243624 39.59694989 383.31056673
v -161.34907443 91.31475828 45.59758650
v -156.95616399 109.43120762 28.45854915
v -133.46311679 111.80973125 58.15702316
v -146.89279925 111.15850407 42.32163456
v -100.24921034 103.77418085 40.66713041
v -106.21576461 112.82935073 46.41640243
v -107.99258952 104.13417354 71.28820950
v -102.14928796 51.85302924 43.40276927
v -104.20467788 21.91607124 54.64082595
v -102.64705631 34.77878098 44.34206326
v -49.17167496 16.31777034 471.25895760
v -41.81453164 1.65964506 478.61095090
v -169.17918868 44.20392307 188.19439052
v -46.70732705 24.63193754 491.33236322
v -38.84394545 16.06072475 495.19390967
v -131.86124359 93.95380230 120.27899837
v -141.92484485 85.72702931 144.34461982
v -116.48794227 103.53764464 96.72859343
v -30.32958339 -118.70612126 1238.70510182
v -104.10976881 93.28054494 71.17663211
v -109.84729713 103.36464904 84.19975052
v -95.20076446 39.12613483 79.90529219
v -100.37877774 55.51168129 58.41408362
v -97.76712423 57.36992111 76.89397028
v -121.07932667 117.32748070 3.18561074
v -124.77646548 120.64457164 14.94605599
v -108.17350877 115.90581880 10.27636117
v -5.27083960 -133.33709224 1051.63972810
v -61.81937745 50.58865571 314.03872341
v -10.07487702 -97.05814657 1325.78651237
v -114.56753873 115.65473638 53.63894110
v -96.49302605 80.77418018 4.62089554
v -96.14377749 93.86135873 4.10729755
v -97.65569235 92.20144855 30.05838253
v -76.19183002 64.50124577 280.71887280
v -96.65088164 44.25500946 495.96230968
v -103.01093255 67.35629773 1.97564971
v -164.06631342 97.60586382 0.14146916
v -102.51309334 84.63680703 1.22989221
v -80.48333392 72.28765277 278.62248059
v -88.82520547 73.05943315 265.29890997
v -100.20045071 62.56095187 447.31230422
v -105.61461265 85.81680624 320.73982661
v -94.17238576 86.64070835 344.45241038
v -79.25985459 83.11221061 348.93081613
v -80.20945953 72.44355305 289.92693493
v -72.89415205 73.28893170 315.99495387
v -72.17760257 78.10833434 354.57111121
v -57.96756056 55.41703995 376.06226904
v -95.70408406 70.36852253 225.38663079
v -101.92869636 76.84385868 171.88163828
v -101.74784991 77.58007445 191.97156812
v -101.82582715 80.94023609 140.23421958
v -108.96561539 88.19609121 133.02062199
v -107.46514365 85.33062626 156.74187186
v -110.70695871 82.76453518 175.59885496
v -120.95714499 87.40164931 166.73370669
v -136.78847844 117.11885641 3.62038264
v -128.98966093 113.21437527 0.02824227
v -152.85365599 110.15995367 2.46550475
v -166.35128973 101.69759847 11.59252111
v -170.58731501 98.05022250 2.35711434
v -131.71393291 -2.35168522 93.53500141
v -139.22276151 -10.99603926 77.01886880
v -123.27849447 -6.94901462 68.35965750
v -110.22409947 -10.12853355 7.56949851
v -106.77488367 0.75575002 4.95888911
v -105.86796902 0.99527764 22.27102741
v -144.29406608 -59.62487788 18.48001055
v -148.15687667 -71.91035794 20.93065822
v -146.42905570 -72.81646052 8.77156233
v -158.39218229 -95.76557779 9.67246099
v -118.93756444 2.95317119 3.65484282
v -87.43742587 70.95110440 246.67073191
v -94.30125726 74.84685991 247.17163874
v -238.06782613 -26.22781246 3.27942016
v -81.23793052 80.75650628 318.16674825
v -54.74769024 36.85841510 533.17834040
v -246.27361627 -70.91799086 4.61469620
v -118.41685906 81.13261348 263.21617213
v -107.81969014 80.31818260 253.95298082
v -216.53569952 -126.21778300 9.90613240
v -201.39300967 -131.28154501 10.23363577
v 101.03097955 -93.45493494 1135.48092784
v -228.99832077 62.63492282 3.74670231
v -213.09433432 77.65858557 0.44022801
v 94.22392756 -95.58517518 1160.48844911
v -200.37657388 55.08498510 12.50592862
v -198.89428564 85.96288705 8.63578744
v -151.70506377 94.03198437 62.12603896
v 4.68587147 -85.36907322 757.25266477
v -141.40548472 118.70908317 33.13587741
v -128.77945074 118.03794112 48.00405935
v -101.76335926 108.33116963 19.79343390
v 56.31930441 -102.50788722 711.73882448
v -109.01222796 7.31325276 49.95092672
v 146.80305043 -59.65125822 1277.28557857
v 42.04458441 -95.10993404 725.35435449
v 143.73176228 -49.54293029 1266.82379595
v 144.98051215 -34.39981516 1268.35568621
v 147.51455697 -6.28456496 1266.08603352
v -165.46141671 30.70991914 164.75190708
v -157.59046403 17.01481198 136.45858378
v -169.49623461 -73.65934474 40.16351677
v -172.02832753 -101.43069939 24.91227531
v -154.20990482 -82.03149036 24.58900877
v -213.24914370 -25.91994835 37.56102197
v -182.02806031 -18.52851129 60.88076918
v -202.15165005 28.60860681 28.83965133
v -175.27933185 45.79129005 65.90747986
v -180.96867228 32.79742381 61.15660145
v -173.08329795 33.96942616 72.51209713
v -36.17439877 19.89852460 519.31454011
v -231.67200764 -102.05443444 18.67509829
v -231.61391558 -82.48586972 23.65484731
v -246.54388794 -64.82699506 16.72447421
v -245.65517324 -41.51698534 13.78957508
v -248.79407687 -60.59011561 7.55956819
v 84.97632344 -101.39130477 911.43068336
v -235.14446384 -15.19930235 20.76987235
v -238.36268960 -14.57396332 14.11089540
v 50.39933753 -120.56497499 793.19577982
v -188.54203380 28.38683999 45.60536530
v -190.20874202 50.17126885 28.38297456
v -197.69060175 -93.19735716 29.27114642
v -186.14408693 -111.25887101 25.47118417
v -201.30930890 -127.08598292 6.89893145
v 112.27294332 -95.28996275 917.93899873
v -115.79582525 107.94827352 75.18335436
v -140.45620936 91.20575878 90.55552582
v -85.05179117 -122.98257892 917.65941678
v 79.63554280 -120.93741084 807.63619507
v -154.08010774 88.16559686 71.89254620
v 71.25242187 -122.11030939 796.07515739
v 77.07119258 -118.14463613 771.79872143
v -216.05445591 -59.89646641 31.60985031
v 63.88470499 -118.55071751 770.06619636
v 69.24926502 -116.61066216 757.45597507
v 54.43855428 -114.65703200 760.13294665
v 65.05177582 -112.91738319 743.08410063
v -185.86171707 -71.50947280 39.01502444
v -200.88567398 -56.05480684 38.25738419
v -186.75617724 -84.95570523 34.33113990
v 54.04710409 -107.49444903 739.78880322
v -74.17791725 41.00193535 486.60691656
v -91.07358089 48.75651514 475.86852550
v 82.79892165 -119.01599663 724.36230239
v 84.76148654 -119.25937191 736.29834477
v 72.08620821 -109.26074201 690.61481689
v 80.98719126 -112.33816697 678.80372226
v -147.28850064 -57.76884620 28.59378869
v -238.80585704 -11.61668409 3.10552843
v -246.03992134 -41.43365547 3.67695796
v 50.55287946 -117.39844687 782.69056566
v -240.66515174 -60.80580388 22.56403602
v -208.08902759 44.34889531 11.96331091
v -103.90471597 76.28411977 213.40141717
v -172.63131077 54.79139932 353.31291825
v -162.60182533 67.49664916 363.12342528
v -156.67930605 -89.09215456 6.17653803
v -136.14200005 -47.85304003 7.68799254
v -180.30841712 42.11421718 338.92469074
v -126.34455055 82.91444149 284.98488354
v -140.24243737 82.67971575 363.98496991
v -131.32115373 85.46742460 338.37931863
v -106.46126843 36.20161580 2.73127947
v -140.10239299 78.38222503 241.35380763
v -136.39424236 78.95952926 276.59605981
v -129.05346719 79.93373888 256.33392924
v -101.29945190 62.53497930 5.14987759
v -103.85729952 49.18801322 6.14783152
v -106.67461826 52.59349366 2.10612173
v -131.87528277 86.31330513 361.65951251
v -163.93163131 78.94883643 58.57080417
v -181.31430095 52.54438182 40.11145498
v -197.24873201 46.77358281 19.70920545
v -215.58368898 13.14202183 25.38348596
v -103.84149261 111.63467526 3.35603105
v -116.85183173 120.11399323 38.86338582
v -141.03956327 119.66943078 19.40147411
v -131.00694465 121.81580365 27.54761720
v -101.09388221 82.63423092 121.37753276
v -170.34478057 14.56556568 76.86304198
v -157.45488150 1.40164528 82.82724366
v -164.80704397 17.26414818 85.04235283
v -166.41987233 -2.00504422 76.33390815
v -131.77555942 88.01031812 159.99193900
v -140.54987796 85.20802779 172.59227642
v -133.81219505 83.93043597 194.61933678
v -165.60171606 42.12061437 161.68492967
v -163.37511631 59.13517750 184.68007905
v -163.87954015 53.51573040 161.94074373
v -65.02411340 -127.95134288 963.66336778
v -115.01127900 83.07566046 202.75720594
v -123.97438776 85.67098076 193.07077244
v -161.70960452 44.96647505 129.81876352
v -158.79192430 23.49293291 116.32750228
v -111.33863654 -11.84870372 16.01691360
v -125.55015100 -23.17323500 32.43147567
v -128.37882438 -30.47101785 19.02547058
v -112.95077057 -3.55654709 33.94513611
v -31.43088572 15.73606797 538.00980793
v -41.79479808 28.79609978 529.67524798
v -118.38372439 -6.63968419 51.49384769
v -55.68637848 34.04717867 507.34298064
v -107.17532081 4.73140128 79.57017410
v -110.52757002 2.58624082 64.39319443
v -70.92127976 39.39911657 506.60504858
v -64.89473605 36.28015799 492.46245800
v -147.48722540 76.29382144 220.22745393
v -101.64134165 33.65514283 25.07795219
v -102.33981704 24.55413778 24.96031216
v -103.67324741 36.90747139 13.34536006
v -146.74902941 76.50442556 208.22200880
v -104.13595610 16.53099461 7.98671331
v -91.69141620 51.95206851 462.85250774
v -149.96835303 76.75416684 369.27027357
v -155.93253654 75.12595599 337.93902010
v -159.50303766 62.18241947 137.09834597
v -90.28793035 60.96721510 444.77026896
v -160.74634538 65.49873449 108.76292219
v -83.37244141 65.34291982 421.19317794
v -91.54785849 78.65785940 396.46515862
v -175.89639012 49.35546651 300.72052439
v -143.21614822 -3.24742332 92.73706887
v -144.14590225 -6.64068975 83.22963492
v -108.08200185 89.42677341 339.00810862
v -116.68186509 85.76742578 353.03848734
v -156.59361962 12.94313929 106.28213961
v -185.32538572 -48.06362298 49.67966110
v -127.21097585 86.17385927 311.68667192
v -101.66421326 72.43427214 64.66416958
v -160.59329496 -61.46388990 42.97395211
v -141.18626507 -29.97131777 55.38987300
v -163.43463322 63.15499249 273.40170858
v -163.63374795 64.04035871 247.65668032
v -163.29892795 58.52410217 212.71631957
v -170.55287285 42.12196871 210.35829040
v -244.66655663 -31.75135884 6.58505037
v -246.65117581 -83.40664595 8.21065824
v -165.22855712 48.13473909 99.16180550
v -169.85848317 46.66198957 82.64863519
v -184.19835380 4.36770256 62.72825878
v -101.28371278 11.62562576 78.21421550
v -133.54344258 -20.78764449 60.58385120
v -100.77069279 60.79747548 45.13376803
v -100.81247675 87.07699474 56.60220828
v -146.84133694 -19.83731192 70.01321350
v -140.05928045 2.17010402 119.51419686
v -128.14983461 1.90471216 118.55260091
v -224.02417601 -13.44244350 29.64075989
v -112.81414658 4.16515155 91.23306419
v -108.00952915 80.04454824 270.46900592
v -187.42915149 13.61793729 56.69459458
v -109.30072924 9.80067771 33.65922687
v -131.01432721 97.23491510 110.47812946
v -166.10249445 72.55185554 67.45595970
v -186.08362057 -117.75195078 22.67721585
v -109.20579610 111.48871749 0.00000000
v -155.88891477 111.30887273 15.50303477
v -98.52452898 76.71923997 21.13726487
v -163.76505995 -73.50484075 37.61994338
v -88.01608761 81.82219878 308.35293727
v -79.78971514 64.05954219 262.38311209
v -180.56800319 33.04221552 361.92406901
f 31 32 33
f 31 33 37
f 31 37 45
f 31 45 46
f 45 56 46
f 11 46 56
f 56 68 11
f 68 12 11
f 10 11 12
f 12 76 10
f 76 81 10
f 82 10 81
f 89 82 81
f 89 81 96
f 100 89 96
f 103 100 96
f 109 103 96
f 109 96 116
f 116 123 109
f 109 123 124
f 130 109 124
f 130 124 136
f 136 141 130
f 141 103 130
f 155 103 141
f 159 155 141
f 165 155 159
f 169 165 159
f 179 169 159
f 159 186 179
f 186 189 179
f 192 179 189
f 189 202 192
f 206 192 202
f 224 206 202
f 202 228 224
f 224 228 244
f 251 224 244
f 251 244 262
f 275 251 262
f 275 262 286
f 290 275 286
f 294 290 286
f 294 286 295
f 295 309 294
f 318 294 309
f 318 309 326
f 309 330 326
f 326 330 337
f 326 337 345
f 345 356 326
f 356 359 326
f 367 326 359
f 367 359 40
f 40 380 367
f 367 380 389
f 380 66 389
f 66 402 389
f 389 402 275
f 66 178 402
f 178 416 402
f 251 402 416
f 23 251 416
f 23 416 24
f 22 23 24
f 22 24 434
f 434 206 22
f 443 206 434
f 456 443 434
f 462 456 434
f 462 470 456
f 470 477 456
f 488 456 477
f 492 488 477
f 500 492 477
f 477 305 500
f 511 500 305
f 305 517 511
f 526 511 517
f 517 196 526
f 541 526 196
f 196 548 541
f 548 347 541
f 562 541 347
f 347 333 562
f 333 576 562
f 588 562 576
f 576 510 588
f 510 15 588
f 15 148 588
f 588 148 608
f 608 617 588
f 526 617 608
f 638 526 608
f 638 608 188
f 188 639 638
f 638 639 651
f 639 655 651
f 661 651 655
f 661 655 492
f 661 511 651
f 655 639 187
f 655 187 676
f 681 655 676
f 676 688 681
f 691 681 688
f 691 688 696
f 697 691 696
f 696 705 697
f 705 711 697
f 697 711 716
f 716 719 697
f 726 719 716
f 716 179 726
f 726 179 738
f 726 738 719
f 738 488 719
f 681 719 488
f 738 443 488
f 738 192 443
f 165 716 711
f 771 711 705
f 777 771 705
f 777 781 771
f 771 781 790
f 89 790 781
f 781 795 89
f 777 795 781
f 804 795 777
f 804 777 809
f 813 804 809
f 809 823 813
f 813 823 160
f 813 160 675
f 813 675 840
f 840 675 646
f 854 840 646
f 854 646 741
f 854 741 862
f 875 854 862
f 875 862 877
f 10 875 877
f 862 885 877
f 885 11 877
f 885 862 894
f 885 894 46
f 894 900 46
f 900 32 46
f 32 900 913
f 913 918 32
f 913 925 918
f 918 925 930
f 918 930 936
f 918 936 942
f 942 946 918
f 33 918 946
f 37 946 942
f 969 37 942
f 942 970 969
f 970 975 969
f 981 969 975
f 975 984 981
f 981 984 990
f 1000 981 990
f 990 1010 1000
f 1000 1010 1016
f 1000 1016 1019
f 1019 1016 1025
f 1031 1019 1025
f 1025 1041 1031
f 1041 1045 1031
f 1057 1031 1045
f 1045 1061 1057
f 1072 1057 1061
f 1072 1061 56
f 1079 56 1061
f 1061 1085 1079
f 1079 1085 1086
f 1079 1086 1090
f 1100 1090 1086
f 1103 1100 1086
f 1100 1103 1109
f 1109 1116 1100
f 1116 76 1100
f 1129 1116 1109
f 1137 1129 1109
f 1109 1141 1137
f 1141 1150 1137
f 1137 1150 1153
f 1153 1161 1137
f 1162 1161 1153
f 1170 1162 1153
f 1162 1170 1173
f 1162 1173 1185
f 1187 1162 1185
f 1185 123 1187
f 123 1185 1201
f 1201 1206 123
f 1206 1201 1210
f 1206 1210 1214
f 1214 1219 1206
f 136 1206 1219
f 1219 1228 136
f 1228 159 136
f 1228 1219 1243
f 1228 1243 1253
f 1253 1254 1228
f 1228 1254 186
f 1254 1265 186
f 1273 186 1265
f 1273 1265 1275
f 1288 1273 1275
f 1289 1288 1275
f 1275 1292 1289
f 1289 1292 1299
f 1289 1299 1302
f 1289 1302 1306
f 1306 1302 1314
f 1314 1319 1306
f 1319 1288 1306
f 1288 1319 202
f 1345 1319 1314
f 1314 1346 1345
f 1355 1345 1346
f 1355 1346 1361
f 1355 1361 1366
f 1355 1366 1369
f 1378 1355 1369
f 1378 1369 1383
f 1387 1378 1383
f 1387 1383 1391
f 1387 1391 1396
f 1396 1402 1387
f 1387 1402 1407
f 1407 1411 1387
f 1387 1411 1421
f 1411 1345 1421
f 1407 228 1411
f 1411 228 1319
f 1402 244 1407
f 1402 1396 1438
f 1438 295 1402
f 295 262 1402
f 1391 1438 1396
f 1391 1455 1438
f 1458 1438 1455
f 1458 1455 1465
f 1465 1467 1458
f 1472 1458 1467
f 330 1472 1467
f 1467 1465 1479
f 1467 1479 337
f 1178 337 1479
f 1479 1497 1178
f 888 1178 1497
f 1497 889 888
f 888 889 857
f 889 858 857
f 857 858 818
f 817 857 818
f 817 818 819
f 817 819 879
f 878 817 879
f 878 879 929
f 895 878 929
f 895 929 896
f 866 895 896
f 866 896 867
f 866 867 868
f 866 868 915
f 914 866 915
f 914 915 941
f 971 914 941
f 940 971 941
f 940 941 905
f 904 940 905
f 904 905 906
f 904 906 962
f 904 962 963
f 962 1395 963
f 1363 963 1395
f 1395 950 1363
f 1362 1363 950
f 952 1362 950
f 950 951 952
f 951 1384 952
f 952 1384 1077
f 1078 952 1077
f 1077 1038 1078
f 1039 1078 1038
f 1038 997 1039
f 996 1039 997
f 996 997 998
f 1065 996 998
f 1064 1065 998
f 998 1122 1064
f 1064 1122 1123
f 1064 1123 260
f 1048 1064 260
f 1048 260 1049
f 1047 1048 1049
f 1104 1047 1049
f 1104 1049 1105
f 1163 1104 1105
f 1163 1105 1135
f 1097 1163 1135
f 1097 1135 1136
f 1097 1136 1098
f 1097 1098 1099
f 1097 1099 1154
f 1154 848 1097
f 848 807 1097
f 847 807 848
f 847 805 807
f 805 806 807
f 1145 807 806
f 806 830 1145
f 832 1145 830
f 830 831 832
f 832 831 1225
f 832 1225 1224
f 1224 1104 832
f 1190 1224 1225
f 1225 1191 1190
f 1189 1190 1191
f 1191 1244 1189
f 1244 1245 1189
f 1245 1270 1189
f 1189 1270 1039
f 1270 1245 1229
f 1269 1270 1229
f 1231 1269 1229
f 1229 1230 1231
f 1230 1229 1290
f 1230 1290 546
f 546 1350 1230
f 1230 1350 1351
f 1230 1351 1311
f 1230 1311 1269
f 1269 1311 1284
f 1283 1269 1284
f 1340 1283 1284
f 1284 1339 1340
f 1373 1340 1339
f 1638 1373 1339
f 1638 1339 983
f 983 1323 1638
f 1325 1638 1323
f 1323 1324 1325
f 1325 1324 1654
f 1654 1432 1325
f 1432 1654 1406
f 1406 1374 1432
f 1374 1638 1432
f 1375 1374 1406
f 1375 1406 1363
f 1373 1374 1375
f 1654 1416 1406
f 1406 1416 963
f 963 1416 1439
f 940 963 1439
f 1440 940 1439
f 1439 1416 1440
f 1415 1440 1416
f 1324 1415 1416
f 1324 1040 1415
f 1040 1456 1415
f 1415 1456 1498
f 1476 1415 1498
f 1498 51 1476
f 1476 51 1449
f 1476 1449 1448
f 1447 1448 1449
f 1447 1449 404
f 1490 1447 404
f 1179 1490 404
f 404 403 1179
f 403 1177 1179
f 1177 1178 1179
f 1179 1178 1483
f 1179 1483 817
f 1179 817 895
f 1179 895 1202
f 1483 1178 857
f 345 1177 403
f 50 403 404
f 404 51 50
f 50 51 52
f 52 356 50
f 51 38 52
f 38 359 52
f 390 38 51
f 390 39 38
f 38 39 40
f 39 390 27
f 27 67 39
f 39 67 66
f 26 66 67
f 67 27 26
f 25 26 27
f 25 27 78
f 77 25 78
f 77 78 128
f 77 128 129
f 77 129 97
f 77 97 3
f 97 1 3
f 1 2 3
f 2 117 3
f 25 3 117
f 117 2 104
f 104 178 117
f 26 117 178
f 2 140 104
f 104 140 105
f 104 105 24
f 105 1729 24
f 233 24 1729
f 1729 234 233
f 232 233 234
f 232 234 491
f 232 491 1746
f 232 1746 213
f 213 470 232
f 1746 214 213
f 213 214 215
f 213 215 477
f 215 214 305
f 214 261 305
f 214 197 261
f 197 196 261
f 196 197 198
f 198 292 196
f 198 291 292
f 322 292 291
f 291 363 322
f 363 321 322
f 321 277 322
f 277 276 322
f 276 277 278
f 278 347 276
f 346 347 278
f 278 414 346
f 346 414 415
f 415 379 346
f 379 332 346
f 346 332 331
f 331 332 333
f 332 774 333
f 774 447 333
f 448 447 774
f 447 448 449
f 449 794 447
f 437 447 794
f 794 759 437
f 759 760 437
f 437 760 435
f 435 436 437
f 436 435 510
f 435 468 510
f 469 510 468
f 468 13 469
f 15 469 13
f 13 14 15
f 497 15 14
f 14 496 497
f 478 497 496
f 496 566 478
f 566 518 478
f 478 518 519
f 519 479 478
f 478 479 480
f 480 479 552
f 552 553 480
f 625 480 553
f 625 553 583
f 584 625 583
f 583 530 584
f 161 584 530
f 530 531 161
f 531 162 161
f 160 161 162
f 665 161 160
f 161 665 187
f 187 150 161
f 187 188 150
f 188 148 150
f 148 149 150
f 150 149 584
f 656 149 148
f 149 656 625
f 162 531 704
f 162 704 647
f 675 162 647
f 647 704 645
f 645 646 647
f 646 645 692
f 692 645 693
f 693 683 692
f 692 683 741
f 741 683 712
f 683 682 712
f 862 712 682
f 682 683 684
f 682 684 894
f 722 684 683
f 683 788 722
f 788 789 722
f 789 751 722
f 722 751 752
f 722 752 720
f 720 721 722
f 722 721 1764
f 721 925 1764
f 925 721 1850
f 925 1850 1768
f 1850 1769 1768
f 1768 1769 1770
f 1770 1855 1768
f 930 1768 1855
f 1855 1773 930
f 1773 1774 930
f 1778 930 1774
f 1774 1861 1778
f 1861 1779 1778
f 1777 1778 1779
f 1779 1864 1777
f 1694 1777 1864
f 1864 1695 1694
f 984 1694 1695
f 1695 1870 984
f 1700 984 1870
f 1700 1870 1698
f 1698 1699 1700
f 1699 1874 1700
f 1874 990 1700
f 1704 1874 1699
f 1699 1703 1704
f 1704 1703 1878
f 1704 1878 1882
f 1704 1882 1348
f 1348 1707 1704
f 1348 1347 1707
f 1010 1707 1347
f 1707 1010 1874
f 1347 1348 1349
f 1347 1349 1890
f 1280 1347 1890
f 1280 1890 1281
f 1280 1281 1282
f 1895 1280 1282
f 1282 1636 1895
f 1635 1895 1636
f 1635 1636 1637
f 1903 1635 1637
f 1637 1321 1903
f 1322 1903 1321
f 1321 1103 1322
f 1085 1322 1103
f 1322 1085 1045
f 1045 1727 1322
f 1727 1045 1728
f 1727 1728 1739
f 1727 1739 1903
f 1728 1041 1739
f 1738 1739 1041
f 1041 1928 1738
f 1928 1280 1738
f 1928 1016 1280
f 1739 1738 1635
f 1103 1321 1756
f 1756 1141 1103
f 1757 1756 1321
f 1756 1757 1758
f 1758 1150 1756
f 1150 1758 1170
f 1758 1827 1170
f 1827 1828 1170
f 1170 1828 1832
f 1828 1948 1832
f 1832 1948 1833
f 1832 1833 1834
f 1834 1173 1832
f 1173 1834 1839
f 1173 1839 1838
f 1838 1839 1840
f 1838 1840 1844
f 1185 1838 1844
f 1844 1840 1845
f 1844 1845 1846
f 1844 1846 1543
f 1210 1844 1543
f 1542 1210 1543
f 1542 1543 1780
f 1542 1780 1552
f 1551 1542 1552
f 1551 1552 1553
f 1243 1551 1553
f 1553 1562 1243
f 1563 1562 1553
f 1561 1562 1563
f 1563 1786 1561
f 1571 1561 1786
f 1786 1569 1571
f 1569 1570 1571
f 1571 1570 1793
f 1710 1571 1793
f 1710 1793 725
f 1710 725 1711
f 1366 1710 1711
f 1366 1711 1721
f 1715 1710 1366
f 1715 1366 1716
f 1715 1716 1561
f 1721 1711 725
f 1721 725 1725
f 1725 1720 1721
f 1720 1369 1721
f 1720 1725 1455
f 1383 1720 1455
f 1725 725 733
f 1725 733 1726
f 1725 1726 1810
f 1465 1725 1810
f 1465 1810 1497
f 1497 1810 1811
f 1810 1726 1811
f 734 1811 1726
f 1811 734 1815
f 1811 1815 1816
f 1811 1816 889
f 1816 1815 1819
f 858 1816 1819
f 858 1819 776
f 776 1822 858
f 1822 776 1999
f 1999 1823 1822
f 1521 1822 1823
f 1521 1823 2002
f 1521 2002 1522
f 1520 1521 1522
f 1522 2005 1520
f 1527 1520 2005
f 1527 2005 1528
f 1526 1527 1528
f 1798 1526 1528
f 1533 1798 1528
f 1533 1528 163
f 1532 1533 163
f 163 2014 1532
f 1537 1532 2014
f 2014 534 1537
f 1537 534 1538
f 1537 1538 1667
f 1663 1667 1538
f 1538 869 1663
f 869 1662 1663
f 1662 1665 1663
f 1665 1662 2025
f 2025 1666 1665
f 1665 1666 1667
f 1666 1532 1667
f 1666 2025 2031
f 2031 1671 1666
f 1671 1672 1666
f 1666 1672 1533
f 1672 1676 1533
f 1672 1579 1676
f 1579 1675 1676
f 1572 1676 1675
f 819 1572 1675
f 819 1520 1572
f 1572 1520 1526
f 1676 1572 1798
f 1579 1578 1675
f 1578 929 1675
f 1578 1579 1580
f 1804 1578 1580
f 1804 1580 1588
f 1590 1804 1588
f 1588 1589 1590
f 1589 1594 1590
f 2045 1590 1594
f 1596 2045 1594
f 1594 1595 1596
f 1809 1596 1595
f 1595 1503 1809
f 1502 1809 1503
f 1502 1503 1504
f 2051 1502 1504
f 1504 1508 2051
f 1510 2051 1508
f 1508 1509 1510
f 1384 1510 1509
f 2058 1384 1509
f 1514 2058 1509
f 1514 1509 1515
f 1515 2059 1514
f 2059 2063 1514
f 1514 2063 1519
f 1514 1519 1122
f 1123 1519 2063
f 1622 1123 2063
f 1622 2063 1623
f 1621 1622 1623
f 1628 1621 1623
f 1623 1492 1628
f 1492 1629 1628
f 1628 1629 1630
f 1628 1630 211
f 1641 211 1630
f 1630 1639 1641
f 1639 1640 1641
f 1641 1640 2081
f 1641 2081 2083
f 1641 2083 1653
f 1652 1641 1653
f 1652 1653 1232
f 1731 1652 1232
f 1731 1232 1124
f 1124 1730 1731
f 1745 1731 1730
f 1745 1730 1685
f 1685 1743 1745
f 1743 1744 1745
f 1744 2097 1745
f 1744 212 2097
f 211 2097 212
f 210 211 212
f 210 1621 211
f 210 258 1621
f 260 1621 258
f 258 259 260
f 1677 259 258
f 1677 1679 259
f 1679 1049 259
f 1677 1678 1679
f 1135 1679 1678
f 1677 1744 1678
f 1677 210 1744
f 1677 258 210
f 1744 210 212
f 1678 1744 1743
f 1678 1743 1685
f 1136 1678 1685
f 1136 1685 2119
f 1690 2119 1685
f 1685 1688 1690
f 1688 1689 1690
f 1690 1689 2123
f 1690 2123 1605
f 2123 1606 1605
f 1605 1606 1099
f 1099 1606 1610
f 1610 1606 2128
f 1610 2128 1611
f 1610 1611 1612
f 1154 1610 1612
f 1154 1612 1614
f 1154 1614 847
f 847 1614 1615
f 847 1615 36
f 1619 36 1615
f 1615 1620 1619
f 418 1619 1620
f 1620 2137 418
f 373 418 2137
f 1083 373 2137
f 1083 2137 1084
f 1082 1083 1084
f 2123 1082 1084
f 1084 2128 2123
f 1082 2123 1101
f 1101 1102 1082
f 2143 1082 1102
f 1127 2143 1102
f 1127 1102 1128
f 1126 1127 1128
f 2149 1126 1128
f 2149 1128 1152
f 1151 2149 1152
f 801 1151 1152
f 801 1152 2152
f 801 2152 1088
f 1088 802 801
f 801 802 803
f 801 803 828
f 803 1171 828
f 828 1171 829
f 827 828 829
f 827 829 550
f 853 827 550
f 853 550 851
f 851 852 853
f 2164 853 852
f 876 2164 852
f 852 606 876
f 606 540 876
f 2169 876 540
f 689 2169 540
f 539 689 540
f 538 539 540
f 2175 538 540
f 569 2175 540
f 568 2175 569
f 567 568 569
f 567 569 2181
f 601 567 2181
f 2181 599 601
f 599 600 601
f 2192 601 600
f 2192 600 628
f 627 2192 628
f 626 627 628
f 978 626 628
f 978 628 2201
f 978 2201 979
f 978 979 980
f 978 980 1008
f 1008 980 2207
f 2207 1009 1008
f 1007 1008 1009
f 1028 1007 1009
f 1028 1009 1477
f 1477 1029 1028
f 1028 1029 1030
f 2220 1030 1029
f 1060 2220 1029
f 1060 1029 264
f 264 1059 1060
f 1060 1059 2225
f 1060 2225 1436
f 1436 2225 1437
f 1435 1436 1437
f 2232 1435 1437
f 2232 1437 1454
f 1453 2232 1454
f 1452 1453 1454
f 2236 1452 1454
f 2236 1471 1452
f 1471 1470 1452
f 1470 1471 311
f 1470 311 932
f 1470 932 2239
f 1470 2239 1489
f 1489 205 1470
f 1453 1470 205
f 1453 205 204
f 203 204 205
f 205 1172 203
f 250 203 1172
f 1172 248 250
f 248 249 250
f 289 250 249
f 289 249 2247
f 289 2247 90
f 90 288 289
f 288 1218 289
f 317 1218 288
f 317 288 315
f 315 316 317
f 316 797 317
f 317 797 910
f 317 910 893
f 893 910 892
f 892 250 893
f 1218 893 250
f 2255 892 910
f 912 2255 910
f 910 911 912
f 933 912 911
f 911 458 933
f 458 934 933
f 933 934 935
f 933 935 959
f 959 1435 933
f 1435 959 961
f 959 960 961
f 961 960 2263
f 1358 961 2263
f 1358 2263 1359
f 1358 1359 1360
f 1358 1360 2220
f 2220 1436 1358
f 1382 2220 1360
f 627 1382 1360
f 1360 2273 627
f 1401 627 2273
f 1401 2273 1399
f 1399 1400 1401
f 2276 1401 1400
f 1400 1422 2276
f 1423 2276 1422
f 1422 114 1423
f 1423 114 567
f 115 114 1422
f 113 114 115
f 115 2285 113
f 2285 2288 113
f 113 2288 134
f 134 135 113
f 2293 113 135
f 135 156 2293
f 158 2293 156
f 156 157 158
f 158 157 184
f 158 184 183
f 183 568 158
f 183 184 185
f 185 654 183
f 183 654 538
f 185 652 654
f 652 653 654
f 654 653 2302
f 2302 539 654
f 672 2302 653
f 653 671 672
f 672 671 2304
f 2304 1126 672
f 1126 690 672
f 689 672 690
f 671 2310 2304
f 710 2304 2310
f 2310 344 710
f 344 709 710
f 710 709 1127
f 709 344 343
f 343 1083 709
f 342 343 344
f 343 342 1264
f 373 343 1264
f 1264 371 373
f 371 372 373
f 401 372 371
f 2322 401 371
f 2322 399 401
f 399 400 401
f 399 1305 400
f 1305 2326 400
f 400 2326 419
f 418 400 419
f 418 372 400
f 2326 34 419
f 419 34 36
f 34 35 36
f 36 35 805
f 35 61 805
f 35 62 61
f 60 61 62
f 60 62 2333
f 2333 2335 60
f 60 2335 74
f 60 74 75
f 75 830 60
f 74 93 75
f 95 75 93
f 93 94 95
f 2340 95 94
f 547 2340 94
f 94 545 547
f 545 546 547
f 547 546 2343
f 545 575 546
f 545 573 575
f 573 574 575
f 574 1350 575
f 1350 574 602
f 574 603 602
f 602 603 604
f 602 604 1351
f 1351 604 635
f 635 604 636
f 635 636 637
f 637 2356 635
f 1311 635 2356
f 983 2356 637
f 637 982 983
f 982 637 636
f 636 2363 982
f 982 2363 1014
f 982 1014 1015
f 982 1015 1323
f 1323 1015 1040
f 1015 1014 1040
f 1014 27 1040
f 2363 128 1014
f 2363 1071 128
f 2363 636 1071
f 604 1071 636
f 604 730 1071
f 730 129 1071
f 732 129 730
f 730 731 732
f 792 732 731
f 792 731 746
f 745 792 746
f 745 746 747
f 747 1564 745
f 1564 768 745
f 745 768 770
f 768 769 770
f 770 769 2381
f 770 2381 391
f 792 770 391
f 792 391 793
f 793 391 433
f 793 433 432
f 129 793 432
f 431 432 433
f 431 433 2289
f 2289 348 431
f 431 348 460
f 460 461 431
f 1 431 461
f 1 461 489
f 489 461 490
f 489 490 491
f 140 489 491
f 516 491 490
f 490 515 516
f 515 279 516
f 516 279 172
f 516 172 174
f 174 1746 516
f 172 173 174
f 174 173 198
f 173 281 198
f 279 281 173
f 279 280 281
f 280 293 281
f 281 293 291
f 336 293 280
f 2402 336 280
f 460 336 2402
f 2402 515 460
f 335 293 336
f 334 335 336
f 348 334 336
f 334 348 349
f 349 41 334
f 2403 41 349
f 393 2403 349
f 349 2289 393
f 391 393 2289
f 391 392 393
f 406 393 392
f 392 405 406
f 405 2410 406
f 406 2410 2413
f 28 2413 2410
f 2410 2296 28
f 28 2296 29
f 28 29 30
f 28 30 42
f 41 28 42
f 41 42 1633
f 1633 335 41
f 42 2160 1633
f 1633 2160 2168
f 1633 2168 1624
f 1624 293 1633
f 1624 321 293
f 1624 1625 321
f 1624 2167 1625
f 2167 1657 1625
f 1657 1642 1625
f 1625 1642 414
f 277 1625 414
f 1642 1657 1658
f 1658 1643 1642
f 1642 1643 1644
f 1642 1644 415
f 1643 1733 1644
f 1644 1733 1751
f 1751 379 1644
f 448 379 1751
f 448 1751 1732
f 1751 1733 1732
f 1732 1733 1734
f 2439 1732 1734
f 2439 1734 2442
f 2442 2327 2439
f 200 2439 2327
f 200 2327 201
f 199 200 201
f 199 201 216
f 216 217 199
f 199 217 686
f 686 449 199
f 2388 199 449
f 1732 2388 449
f 1732 200 2388
f 685 686 217
f 695 685 217
f 694 695 217
f 217 2457 694
f 2394 694 2457
f 2394 2457 1067
f 2394 1067 724
f 2394 724 723
f 723 724 725
f 724 1067 734
f 733 724 734
f 1067 2457 216
f 1067 216 1066
f 1066 761 1067
f 1815 1067 761
f 761 1066 762
f 761 762 763
f 761 763 776
f 763 775 776
f 775 763 999
f 16 775 999
f 16 999 1106
f 16 1106 2193
f 2193 17 16
f 16 17 18
f 18 438 16
f 438 18 439
f 1050 438 439
f 2470 1050 439
f 2470 439 4
f 2470 4 2002
f 2002 4 6
f 4 5 6
f 80 6 5
f 5 79 80
f 80 79 2475
f 80 2475 2312
f 2312 2475 2477
f 2477 107 2312
f 106 2312 107
f 106 107 108
f 106 108 118
f 118 119 106
f 119 6 106
f 1522 6 119
f 2374 1522 119
f 2374 119 151
f 2005 2374 151
f 151 119 118
f 118 164 151
f 163 151 164
f 163 164 2486
f 2489 163 2486
f 2489 2486 648
f 833 2489 648
f 650 833 648
f 648 649 650
f 650 649 658
f 657 650 658
f 1377 657 658
f 965 1377 658
f 658 964 965
f 964 2157 965
f 965 2157 2494
f 965 2494 908
f 908 2494 2496
f 908 2496 909
f 907 908 909
f 909 1386 907
f 1385 907 1386
f 1386 2165 1385
f 2504 1385 2165
f 2165 2505 2504
f 955 2504 2505
f 955 2505 953
f 953 954 955
f 954 1424 955
f 955 1424 1425
f 1425 2256 955
f 2256 1425 1255
f 2510 2256 1255
f 1255 1376 2510
f 907 2510 1376
f 1376 1377 907
f 1457 1377 1376
f 1257 1457 1376
f 483 1457 1257
f 1257 2517 483
f 1417 483 2517
f 1417 2517 2520
f 2520 821 1417
f 1417 821 1146
f 1146 1155 1417
f 1146 498 1155
f 1155 498 481
f 483 1155 481
f 481 482 483
f 481 498 482
f 498 499 482
f 482 499 650
f 498 554 499
f 833 499 554
f 833 554 532
f 533 532 554
f 532 533 534
f 534 2489 532
f 533 554 498
f 533 498 1146
f 1146 880 533
f 533 880 881
f 533 881 1538
f 2527 1538 881
f 880 2527 881
f 880 821 2527
f 820 2527 821
f 820 821 822
f 822 916 820
f 916 917 820
f 2150 820 917
f 2150 917 2533
f 2533 870 2150
f 870 869 2150
f 869 2527 2150
f 869 870 871
f 871 870 1341
f 871 1341 454
f 871 454 2245
f 871 2245 1662
f 2245 1286 1662
f 1286 2245 453
f 453 1287 1286
f 1285 1286 1287
f 1285 1287 1656
f 1655 1285 1656
f 1656 2251 1655
f 2546 1655 2251
f 2251 2548 2546
f 2546 2548 1326
f 1328 2546 1326
f 1326 1327 1328
f 1747 1328 1327
f 1747 1327 1748
f 2317 1747 1748
f 1741 2317 1748
f 1748 2555 1741
f 2555 2556 1741
f 2556 1742 1741
f 1740 1741 1742
f 1742 1762 1740
f 1761 1740 1762
f 2328 1761 1762
f 2328 1762 2010
f 2328 2010 2565
f 2565 1759 2328
f 1760 2328 1759
f 1759 1493 1760
f 1492 1760 1493
f 1491 1492 1493
f 2270 1491 1493
f 2270 1493 2568
f 2270 2568 2569
f 2270 2569 1451
f 2270 1451 1450
f 1203 1450 1451
f 1203 1451 1204
f 1203 1204 1205
f 1640 1203 1205
f 1640 1205 1194
f 1205 2575 1194
f 1246 1194 2575
f 2575 1484 1246
f 1484 1485 1246
f 1246 1485 1247
f 1246 1247 1248
f 1246 1248 2233
f 1248 2583 2233
f 2233 2583 2271
f 2271 1192 2233
f 1194 2233 1192
f 1192 1193 1194
f 2081 1194 1193
f 1193 1192 1291
f 2083 1193 1291
f 1291 2592 2083
f 1687 2592 1291
f 2592 1687 1233
f 1233 1232 2592
f 1232 1233 1234
f 1125 1232 1234
f 1125 1234 1138
f 1125 1138 2053
f 1125 2053 1087
f 1124 1125 1087
f 1089 1124 1087
f 1087 1088 1089
f 1089 1088 2597
f 1089 2597 1688
f 1688 1730 1089
f 2053 802 1087
f 2053 1138 1171
f 1138 594 1171
f 1140 594 1138
f 1138 1139 1140
f 1139 2234 1140
f 1140 2234 1616
f 1140 1616 849
f 1140 849 595
f 810 595 849
f 849 850 810
f 850 811 810
f 810 811 812
f 812 811 2611
f 812 2611 2613
f 2613 891 812
f 812 891 595
f 890 595 891
f 890 891 860
f 859 890 860
f 859 860 861
f 861 2349 859
f 859 2349 551
f 551 596 859
f 829 596 551
f 829 594 596
f 594 595 596
f 551 2349 549
f 549 550 551
f 549 2349 2628
f 2628 851 549
f 851 2628 1968
f 607 851 1968
f 607 1968 640
f 607 640 641
f 641 605 607
f 605 606 607
f 606 605 2181
f 641 2201 605
f 599 605 2201
f 641 640 985
f 985 979 641
f 1026 979 985
f 987 1026 985
f 985 986 987
f 2636 987 986
f 986 861 2636
f 2636 861 2046
f 1080 2636 2046
f 2046 1081 1080
f 1044 1080 1081
f 1081 1042 1044
f 1042 1043 1044
f 1044 1043 2643
f 2129 1044 2643
f 2129 2643 2647
f 2647 1469 2129
f 1468 2129 1469
f 1468 1469 1441
f 1443 1468 1441
f 1441 1442 1443
f 2652 1443 1442
f 2652 1442 2135
f 2207 2652 2135
f 2207 2135 1478
f 1478 2135 1003
f 1478 1003 1501
f 1501 1002 1478
f 1002 1477 1478
f 1477 1002 265
f 264 1477 265
f 263 264 265
f 263 265 1215
f 1216 263 1215
f 1215 245 1216
f 1186 1216 245
f 247 1186 245
f 245 246 247
f 328 247 246
f 246 327 328
f 328 327 310
f 310 327 1261
f 310 1261 1262
f 1262 1226 310
f 311 310 1226
f 247 310 311
f 311 2663 247
f 1226 1262 2451
f 1226 2451 931
f 932 1226 931
f 931 897 932
f 897 931 898
f 897 898 899
f 897 899 2034
f 1489 897 2034
f 2034 1172 1489
f 899 976 2034
f 945 2034 976
f 945 976 977
f 945 977 943
f 943 944 945
f 249 945 944
f 944 943 2670
f 2670 1397 944
f 2112 944 1397
f 1398 2112 1397
f 1397 1368 1398
f 102 1398 1368
f 1367 102 1368
f 1367 1368 2678
f 1851 1367 2678
f 1851 2678 2121
f 1433 1851 2121
f 1433 2121 1434
f 1433 1434 1409
f 1408 1433 1409
f 1408 1409 1410
f 143 1408 1410
f 143 1410 144
f 142 143 144
f 708 142 144
f 708 144 2686
f 2690 708 2686
f 2686 133 2690
f 132 2690 133
f 131 132 133
f 191 131 133
f 190 191 133
f 133 1883 190
f 190 1883 2694
f 180 190 2694
f 180 2694 2697
f 2697 181 180
f 180 181 182
f 182 677 180
f 191 180 677
f 677 182 1975
f 1975 2701 677
f 2702 677 2701
f 2701 669 2702
f 669 131 2702
f 131 669 670
f 669 717 670
f 717 718 670
f 1981 670 718
f 718 383 1981
f 707 1981 383
f 707 383 2711
f 708 707 2711
f 706 707 708
f 382 2711 383
f 381 382 383
f 381 383 1921
f 381 1921 1303
f 370 381 1303
f 1303 1274 370
f 370 1274 368
f 368 369 370
f 370 369 423
f 423 369 424
f 1939 423 424
f 1315 1939 424
f 424 1356 1315
f 1356 70 1315
f 1315 70 417
f 70 69 417
f 1408 417 69
f 69 70 71
f 69 71 1851
f 71 70 2720
f 2720 57 71
f 1367 71 57
f 2720 58 57
f 57 58 59
f 102 57 59
f 59 101 102
f 101 589 102
f 589 91 102
f 102 91 2112
f 2112 91 2247
f 589 92 91
f 90 91 92
f 90 92 590
f 589 590 92
f 590 589 1962
f 2732 590 1962
f 1962 2737 2732
f 2732 2737 570
f 570 572 2732
f 570 571 572
f 572 571 315
f 315 590 572
f 571 1970 315
f 2741 1970 571
f 629 1970 2741
f 2741 229 629
f 629 229 630
f 629 630 631
f 631 1020 629
f 1020 631 1021
f 742 1020 1021
f 2750 742 1021
f 2750 1021 2751
f 2751 1013 2750
f 1012 2750 1013
f 1011 1012 1013
f 1013 1073 1011
f 1062 1011 1073
f 1062 1073 2047
f 2047 2755 1062
f 1062 2755 2756
f 2756 2758 1062
f 1062 2758 1063
f 1062 1063 755
f 755 1063 753
f 753 754 755
f 755 754 1012
f 1012 754 2760
f 2760 2764 1012
f 1012 2764 743
f 2764 744 743
f 742 743 744
f 744 2764 796
f 744 796 797
f 2000 797 796
f 796 791 2000
f 2000 791 911
f 459 911 791
f 471 459 791
f 472 471 791
f 2760 472 791
f 471 472 473
f 471 473 1949
f 471 1949 527
f 471 527 457
f 527 2778 457
f 457 2778 458
f 457 458 459
f 529 2778 527
f 527 528 529
f 528 1957 529
f 2788 529 1957
f 2788 1957 2789
f 513 2788 2789
f 2789 514 513
f 512 513 514
f 514 2719 512
f 2719 1767 512
f 512 1767 1766
f 1765 1766 1767
f 2331 1765 1767
f 1767 2332 2331
f 2330 2331 2332
f 2332 2795 2330
f 2330 2795 2726
f 2726 1775 2330
f 1776 2330 1775
f 1775 1220 1776
f 1776 1220 2338
f 2337 1776 2338
f 2336 2337 2338
f 2336 2338 1696
f 2336 1696 184
f 2685 2336 184
f 2338 1697 1696
f 1696 1697 652
f 2287 652 1697
f 1697 1646 2287
f 2286 2287 1646
f 1646 1705 2286
f 2286 1705 2692
f 1705 342 2692
f 2692 342 2310
f 1705 1706 342
f 1706 1705 2301
f 2301 2295 1706
f 2295 1264 1706
f 1264 2295 2322
f 1313 2322 2295
f 1313 2654 2322
f 1312 2654 1313
f 1312 1313 1175
f 1217 1312 1175
f 1174 1217 1175
f 1174 1175 1176
f 2252 1174 1176
f 1645 2252 1176
f 2301 1645 1176
f 1645 1263 2252
f 1263 1645 1646
f 1263 1174 2252
f 1220 1174 1263
f 1220 1221 1174
f 1220 2815 1221
f 2815 2712 1221
f 2712 1217 1221
f 1217 2712 1737
f 1737 1268 1217
f 1217 1268 1304
f 1267 1304 1268
f 1266 1267 1268
f 2715 1267 1266
f 1266 2716 2715
f 1307 2715 2716
f 2716 1754 1307
f 1307 1754 1755
f 1755 1357 1307
f 1307 1357 1308
f 1307 1308 1309
f 1307 1309 2776
f 2777 1307 2776
f 2776 1830 2777
f 1829 2777 1830
f 1829 1830 1831
f 2387 1829 1831
f 1831 1843 2387
f 2333 2387 1843
f 2387 2333 2832
f 2784 1843 1831
f 1843 2784 2785
f 1843 2785 1841
f 1841 1842 1843
f 2335 1843 1842
f 1842 1841 2393
f 2392 1842 2393
f 1550 2392 2393
f 1550 2393 1783
f 1550 1783 1549
f 1549 545 1550
f 1782 1549 1783
f 1783 2350 1782
f 1782 2350 2180
f 1782 2180 2179
f 2179 2180 1788
f 1566 2179 1788
f 1566 1788 1564
f 1564 1565 1566
f 1788 1789 1564
f 1788 2197 1789
f 1789 2197 1996
f 768 1789 1996
f 2197 1714 1996
f 1997 1996 1714
f 2700 1997 1714
f 1713 2700 1714
f 1712 1713 1714
f 2309 1712 1714
f 2180 1712 2309
f 2180 2303 1712
f 1712 2303 1713
f 2303 2707 1713
f 2707 1722 1713
f 1713 1722 1724
f 1722 1723 1724
f 1723 798 1724
f 798 800 1724
f 1724 800 2311
f 1724 2311 2759
f 2759 2700 1724
f 2700 2759 1812
f 2700 1812 1814
f 1812 1813 1814
f 1814 1813 2380
f 2380 2296 1814
f 2296 1997 1814
f 1813 2844 2380
f 2380 2844 2767
f 2380 2767 1820
f 1820 29 2380
f 29 1820 1821
f 1820 2386 1821
f 1821 2386 1524
f 1821 1524 1523
f 1821 1523 2160
f 30 1821 2160
f 2160 1523 1525
f 1523 1524 1525
f 2608 1525 1524
f 2608 1524 1984
f 2608 1984 2158
f 2608 2158 1536
f 2158 2159 1536
f 1536 2159 642
f 642 1534 1536
f 1534 1535 1536
f 1536 1535 2258
f 1536 2258 1525
f 1525 2258 2166
f 2168 1525 2166
f 2166 2167 2168
f 2167 2166 1535
f 1535 2166 2258
f 1535 1534 1664
f 1657 1535 1664
f 1664 1534 644
f 1664 644 1969
f 2257 1664 1969
f 1969 1575 2257
f 1674 2257 1575
f 1575 1577 1674
f 1673 1674 1577
f 1673 1577 2262
f 2442 1673 2262
f 2442 2262 763
f 763 2262 1576
f 2262 1577 1576
f 1674 1673 1734
f 1674 1734 2213
f 1575 1576 1577
f 1800 1576 1575
f 999 1576 1800
f 1800 2211 999
f 1800 2212 2211
f 2210 2211 2212
f 1592 2210 2212
f 2212 1593 1592
f 1591 1592 1593
f 1807 1591 1593
f 1593 2373 1807
f 2373 1544 1807
f 1807 1544 1430
f 2224 1430 1544
f 1505 2224 1544
f 1544 1506 1505
f 1505 1506 1507
f 2594 1505 1507
f 2594 1507 2595
f 2595 2142 2594
f 2141 2594 2142
f 2140 2141 2142
f 1517 2140 2142
f 1516 2140 1517
f 1516 1517 1518
f 1518 2600 1516
f 1516 2600 2601
f 2151 1516 2601
f 2151 2601 268
f 2151 268 267
f 266 267 268
f 1627 266 268
f 1626 1627 268
f 1626 268 2658
f 2658 2659 1626
f 253 1626 2659
f 2659 254 253
f 252 253 254
f 254 329 252
f 252 329 429
f 429 1651 252
f 2662 252 1651
f 1651 2661 2662
f 320 2662 2661
f 2661 236 320
f 319 320 236
f 236 235 319
f 319 235 1627
f 235 236 237
f 237 2714 235
f 2713 235 2714
f 374 2713 2714
f 374 2714 375
f 307 374 375
f 425 307 375
f 425 308 307
f 306 307 308
f 2718 306 308
f 2718 308 421
f 2882 2718 421
f 420 2882 421
f 420 421 422
f 1680 420 422
f 1680 422 1681
f 1680 1681 1682
f 1680 1682 2676
f 2369 1680 2676
f 2369 2676 2272
f 2271 2369 2272
f 1686 2271 2272
f 1686 2272 2281
f 2281 1687 1686
f 1686 1687 1192
f 1687 2281 2680
f 2680 2281 2681
f 2680 2681 2237
f 1233 2680 2237
f 1233 2237 2280
f 1607 2280 2237
f 2237 1608 1607
f 1607 1608 1609
f 1607 1609 2649
f 1607 2649 2235
f 2235 2649 2243
f 2235 2243 1617
f 2234 2235 1617
f 2235 2234 2280
f 1617 2243 1618
f 1616 1617 1618
f 1618 850 1616
f 2242 1618 2243
f 2243 2893 2242
f 2893 2240 2242
f 2240 2241 2242
f 2242 2241 2526
f 2242 2526 1091
f 1091 1093 2242
f 1091 1092 1093
f 1093 1092 1618
f 811 1618 1092
f 811 1092 2052
f 1091 2052 1092
f 1143 2052 1091
f 1091 2530 1143
f 1143 2530 1144
f 1142 1143 1144
f 2060 1142 1144
f 1144 2061 2060
f 2060 2061 2062
f 2062 2061 816
f 2358 2062 816
f 1853 2358 816
f 815 1853 816
f 814 815 816
f 814 816 2013
f 2013 2007 814
f 2006 814 2007
f 2500 2006 2007
f 2007 2501 2500
f 863 2500 2501
f 2501 864 863
f 863 864 865
f 48 863 865
f 2016 48 865
f 865 2015 2016
f 1927 2016 2015
f 2015 2463 1927
f 560 1927 2463
f 2463 561 560
f 559 560 561
f 764 559 561
f 559 764 765
f 1781 559 765
f 765 2468 1781
f 2467 1781 2468
f 609 2467 2468
f 2468 610 609
f 21 609 610
f 610 19 21
f 19 20 21
f 1787 21 20
f 2521 1787 20
f 2521 20 2495
f 2521 2495 991
f 484 2521 991
f 484 991 992
f 484 992 485
f 170 484 485
f 485 1799 170
f 2525 170 1799
f 2525 1799 2524
f 2524 1046 2525
f 2525 1046 171
f 536 171 1046
f 1046 537 536
f 535 536 537
f 537 1806 535
f 2921 535 1806
f 1446 2921 1806
f 1806 2582 1446
f 1446 2582 1444
f 1444 1445 1446
f 949 1446 1445
f 1907 949 1445
f 2127 1907 1445
f 2127 1445 2588
f 1481 2127 2588
f 1481 2588 2589
f 2589 1482 1481
f 1480 1481 1482
f 1482 2133 1480
f 2132 1480 2133
f 2132 2133 2134
f 2132 2134 1896
f 230 2132 1896
f 230 1896 231
f 229 230 231
f 1188 230 229
f 1188 229 2080
f 1188 2080 2070
f 2070 1894 1188
f 1894 903 1188
f 296 1188 903
f 903 297 296
f 296 297 298
f 296 298 230
f 1481 298 297
f 297 1908 1481
f 1908 297 1909
f 1907 1908 1909
f 2509 1907 1909
f 902 2509 1909
f 1909 903 902
f 901 902 903
f 901 2023 902
f 902 2023 2022
f 2022 2023 2024
f 2022 2024 2935
f 2022 2935 948
f 2022 948 947
f 947 2509 2022
f 947 948 949
f 948 2036 949
f 949 2036 2033
f 2032 949 2033
f 2033 2937 2032
f 2032 2937 2567
f 2567 1370 2032
f 1372 2032 1370
f 1370 1371 1372
f 2110 1372 1371
f 1371 154 2110
f 2110 154 2111
f 2110 2111 2942
f 1873 2942 2111
f 2111 1413 1873
f 1412 1873 1413
f 1412 1413 1414
f 1412 1414 2126
f 1412 2126 2120
f 127 1412 2120
f 125 127 2120
f 125 2120 1875
f 1787 125 1875
f 125 126 127
f 127 126 1885
f 1872 127 1885
f 1872 1885 536
f 127 1872 1871
f 1871 1872 1873
f 1873 1872 535
f 1885 126 171
f 170 171 126
f 484 126 125
f 127 1871 1412
f 2126 1875 2120
f 1884 1875 2126
f 1875 1884 664
f 21 1875 664
f 664 663 21
f 662 663 664
f 662 664 2471
f 2471 2472 662
f 2472 1976 662
f 1976 1977 662
f 1976 1420 1977
f 1420 698 1977
f 700 1977 698
f 698 699 700
f 700 699 2467
f 699 1982 2467
f 699 1419 1982
f 1419 360 1982
f 360 1929 1982
f 1982 1929 1781
f 362 1929 360
f 360 361 362
f 362 361 1276
f 362 1276 1925
f 362 1925 560
f 1925 1276 1926
f 1925 1926 1927
f 1276 411 1926
f 49 1926 411
f 410 49 411
f 411 1320 410
f 1320 2109 410
f 2109 2104 410
f 2104 1940 410
f 410 1940 47
f 1940 1856 47
f 47 1856 48
f 47 48 49
f 48 1856 815
f 2006 48 815
f 1940 1854 1856
f 1854 1853 1856
f 1852 1853 1854
f 84 1852 1854
f 83 1852 84
f 83 84 85
f 1863 83 85
f 1863 85 1068
f 1068 565 1863
f 1043 1863 565
f 1043 1862 1863
f 565 1068 1069
f 1069 563 565
f 563 564 565
f 2466 565 564
f 564 1554 2466
f 2970 2466 1554
f 619 2970 1554
f 619 1554 1107
f 619 1107 1108
f 619 1108 620
f 618 619 620
f 620 1055 618
f 2469 618 1055
f 2469 1055 1156
f 1442 2469 1156
f 1055 1157 1156
f 1156 1157 1001
f 1001 1003 1156
f 1001 1002 1003
f 1002 1001 2522
f 836 1002 2522
f 836 2522 2889
f 2889 1581 836
f 1581 834 836
f 834 835 836
f 835 1215 836
f 835 834 1058
f 835 1058 245
f 1597 1058 834
f 834 2549 1597
f 2549 1598 1597
f 1597 1598 739
f 1597 739 327
f 1989 1597 327
f 739 740 327
f 740 739 2482
f 2482 2483 740
f 740 2483 2988
f 740 2988 1988
f 1261 740 1988
f 1261 1988 782
f 782 1988 783
f 782 783 784
f 2452 782 784
f 2452 784 1952
f 1952 446 2452
f 2001 2452 446
f 2001 446 898
f 2001 2451 2452
f 1952 444 446
f 444 445 446
f 899 446 445
f 1950 445 444
f 1950 444 2993
f 1950 2993 1902
f 1950 1902 1951
f 501 1950 1951
f 501 1951 502
f 501 502 503
f 2462 501 503
f 503 2461 2462
f 1959 2462 2461
f 1959 2461 1960
f 1958 1959 1960
f 1960 2730 1958
f 2729 1958 2730
f 2729 2730 2731
f 2731 3002 2729
f 2695 2729 3002
f 2964 2695 3002
f 2964 3002 2727
f 2728 2964 2727
f 2727 1883 2728
f 3006 2728 1883
f 2728 3006 3007
f 3007 3010 2728
f 3010 3007 1409
f 3011 3010 1409
f 1409 3012 3011
f 3012 2067 3011
f 2695 3011 2067
f 2067 2696 2695
f 1958 2695 2696
f 2696 2953 1958
f 2069 2953 2696
f 2069 2660 2953
f 2953 2660 2693
f 2953 2693 1959
f 2693 2660 1959
f 1959 2660 3021
f 2670 3021 2660
f 2082 2670 2660
f 3021 2670 977
f 3026 3021 977
f 2462 3021 3026
f 3026 3027 2462
f 3026 976 3027
f 976 445 3027
f 2660 2069 2082
f 2079 2082 2069
f 2079 2069 2068
f 1434 2079 2068
f 1434 2068 3012
f 2067 2068 2069
f 2079 1368 2082
f 2067 2069 2696
f 2068 2067 3012
f 3010 3011 2964
f 1410 3007 3006
f 1883 2727 3044
f 2727 1342 3044
f 3044 1342 2717
f 2694 3044 2717
f 2717 2103 2694
f 2103 2717 1930
f 2103 1930 354
f 354 2095 2103
f 2103 2095 2697
f 2697 2095 2094
f 2094 2095 353
f 353 2108 2094
f 2880 2094 2108
f 2880 2108 3008
f 3056 2880 3008
f 3008 3057 3056
f 1975 3056 3057
f 3057 2786 1975
f 2790 2786 3057
f 3057 3064 2790
f 3064 72 2790
f 2790 72 2791
f 2791 1966 2790
f 2790 1966 2787
f 2787 1966 3071
f 2787 3071 2997
f 2997 2701 2787
f 2701 2786 2787
f 2997 3071 3074
f 3075 2997 3074
f 3074 1995 3075
f 3075 1995 3077
f 3078 3075 3077
f 3078 3077 2743
f 3078 2743 669
f 2997 3078 669
f 3077 2744 2743
f 718 2743 2744
f 2744 3077 2739
f 1921 2744 2739
f 2739 3077 1994
f 2739 1994 2911
f 2739 2911 2740
f 1303 2739 2740
f 2911 2629 2740
f 368 2740 2629
f 368 2629 2630
f 368 2630 2625
f 2625 2626 368
f 2626 2625 2710
f 2710 3091 2626
f 2626 3091 369
f 1946 3091 2710
f 2709 1946 2710
f 2709 2710 2771
f 2959 2709 2771
f 2771 2708 2959
f 2959 2708 58
f 58 1955 2959
f 2708 101 58
f 2708 2770 101
f 101 2770 3096
f 3096 3098 101
f 3096 476 3098
f 3098 476 1962
f 474 476 3096
f 3100 474 3096
f 2772 474 3100
f 2772 3100 2770
f 2770 2771 2772
f 2771 3104 2772
f 2625 2772 3104
f 2625 2768 2772
f 2768 2625 2607
f 2768 2607 2769
f 474 2768 2769
f 2769 475 474
f 475 2769 1987
f 1987 3068 475
f 3114 475 3068
f 3068 3115 3114
f 2070 3114 3115
f 3114 2070 3117
f 476 3114 3117
f 476 3117 2737
f 3117 2080 2737
f 3123 2737 2080
f 2899 3115 3068
f 1986 2899 3068
f 1986 2665 2899
f 3127 2665 1986
f 3129 3127 1986
f 1986 1985 3129
f 2612 3129 1985
f 2606 2612 1985
f 2606 1985 2607
f 2605 2606 2607
f 2629 2606 2605
f 2629 3136 2606
f 2606 3136 3113
f 3113 3136 2911
f 2607 1985 1987
f 3113 2612 2606
f 2612 3113 758
f 758 757 2612
f 2934 2612 757
f 757 3142 2934
f 3142 2917 2934
f 2669 2934 2917
f 2669 2917 2043
f 2669 2043 2664
f 2669 2664 2665
f 2664 1131 2665
f 2665 1131 3146
f 2665 3146 3115
f 3146 2757 3115
f 1894 3115 2757
f 2757 901 1894
f 3146 2037 2757
f 2037 2023 2757
f 2754 2023 2037
f 2037 1130 2754
f 2754 1130 1587
f 2754 1587 2638
f 2638 2639 2754
f 2639 2638 2205
f 2205 1022 2639
f 2634 2639 1022
f 1022 1024 2634
f 1024 3152 2634
f 2634 3152 3080
f 2634 3080 2024
f 2024 3080 3156
f 3156 3080 3148
f 3156 3148 2935
f 2935 3148 2894
f 3148 486 2894
f 486 2598 2894
f 2598 3164 2894
f 2894 3164 2033
f 2598 2593 3164
f 3164 2593 2937
f 2593 2598 2599
f 2599 1899 2593
f 2567 2593 1899
f 2599 351 1899
f 351 1961 1899
f 1899 1961 1034
f 1034 1033 1899
f 1899 1033 1370
f 1033 1893 1370
f 3025 1370 1893
f 152 3025 1893
f 1892 152 1893
f 3178 1892 1893
f 1893 502 3178
f 1892 3178 1902
f 1902 122 1892
f 122 153 1892
f 122 121 153
f 1891 153 121
f 121 1938 1891
f 1891 1938 1932
f 1932 1933 1891
f 1932 1884 1933
f 1933 1884 1414
f 1932 1924 1884
f 1884 1924 2471
f 1922 1924 1932
f 1922 1923 1924
f 2472 1924 1923
f 1937 1923 1922
f 1938 1937 1922
f 1936 1937 1938
f 1937 1936 1920
f 1920 1919 1937
f 1918 1919 1920
f 783 1918 1920
f 1918 3201 1919
f 1919 3201 1923
f 1923 3201 3203
f 3203 1976 1923
f 3201 3207 3203
f 3207 2116 3203
f 3203 2116 1420
f 1418 1420 2116
f 1418 2116 2118
f 2118 3202 1418
f 3202 361 1418
f 3202 2679 361
f 361 2679 2675
f 2679 2674 2675
f 2674 1320 2675
f 2674 3210 1320
f 3210 3217 1320
f 3210 1426 3217
f 1426 1428 3217
f 1428 2109 3217
f 1428 2930 2109
f 2930 1428 1427
f 2930 1427 2931
f 2929 2930 2931
f 2929 2931 3223
f 1069 2929 3223
f 3223 2931 2411
f 2653 3223 2411
f 2653 2411 957
f 2648 2653 957
f 2648 957 956
f 2648 956 2029
f 3137 2648 2029
f 3137 2029 2534
f 968 3137 2534
f 2534 2535 968
f 966 968 2535
f 2535 2858 966
f 3040 966 2858
f 2531 3040 2858
f 2532 2531 2858
f 2531 2532 223
f 3039 2531 223
f 3039 223 222
f 3039 222 283
f 283 282 3039
f 3040 3039 282
f 282 1237 3040
f 3040 1237 3045
f 2078 3045 1237
f 2078 1237 1239
f 2076 2078 1239
f 1239 1897 2076
f 2502 2076 1897
f 1897 2206 2502
f 2206 1249 2502
f 2502 1249 1251
f 2502 1251 2503
f 2503 1251 3037
f 3037 3241 2503
f 3241 3245 2503
f 2503 3245 2077
f 2503 2077 2076
f 3245 3045 2077
f 967 3045 3245
f 3245 2347 967
f 2347 2355 967
f 967 2355 968
f 2341 2355 2347
f 2347 2348 2341
f 2348 1496 2341
f 1496 1487 2341
f 2341 1487 2342
f 2342 1487 1486
f 1486 2131 2342
f 3218 2342 2131
f 2131 3252 3218
f 3252 3256 3218
f 3218 3256 2648
f 3256 3252 563
f 563 3223 3256
f 2367 563 3252
f 2367 3252 2131
f 1488 2367 2131
f 2367 1488 1107
f 1107 564 2367
f 1488 2362 1107
f 2362 1488 1495
f 2361 2362 1495
f 2361 1495 2370
f 2370 2980 2361
f 3263 2361 2980
f 3263 2980 3267
f 3263 3267 1056
f 620 3263 1056
f 620 3222 3263
f 1056 3267 2219
f 2219 2040 1056
f 1054 1056 2040
f 2040 2042 1054
f 1054 2042 3279
f 3279 1157 1054
f 2889 3279 2042
f 2889 2042 2523
f 2889 2523 2591
f 2590 2591 2523
f 2523 2979 2590
f 2590 2979 1070
f 2590 1070 614
f 614 2550 2590
f 3282 2590 2550
f 3282 2550 3283
f 2591 3282 3283
f 3283 1581 2591
f 2549 3283 2550
f 2549 2550 2551
f 2550 614 2551
f 2551 614 2515
f 2812 2551 2515
f 2812 2515 2544
f 2812 2544 2483
f 2544 2545 2483
f 2483 2545 2420
f 2483 2420 2426
f 2420 2422 2426
f 2426 2422 3201
f 2420 2421 2422
f 2422 2421 3207
f 2420 2518 2421
f 2421 2518 2117
f 2117 2116 2421
f 2518 2519 2117
f 2352 2117 2519
f 2516 2352 2519
f 2516 2519 3086
f 2544 2516 3086
f 2351 2352 2516
f 2515 2351 2516
f 616 2351 2515
f 616 615 2351
f 2351 615 1965
f 1963 1965 615
f 3084 1963 615
f 1070 3084 615
f 1070 2578 3084
f 2578 1070 2981
f 2981 2576 2578
f 2576 2577 2578
f 2578 2577 1963
f 2577 1964 1963
f 2577 632 1964
f 632 634 1964
f 1964 634 2573
f 2573 2574 1964
f 1965 1964 2574
f 1965 2574 2352
f 2574 3308 2352
f 3308 3130 2352
f 3130 3308 3309
f 3135 3130 3309
f 3309 2459 3135
f 2674 3135 2459
f 2459 3209 2674
f 2459 3313 3209
f 3313 872 3209
f 3209 872 1426
f 872 874 1426
f 1426 874 2012
f 2012 1427 1426
f 2011 1427 2012
f 1427 2011 2406
f 2406 2411 1427
f 2411 2406 2412
f 2407 2412 2406
f 2406 884 2407
f 3319 2407 884
f 884 883 3319
f 2836 3319 883
f 882 2836 883
f 882 2488 2836
f 2488 3166 2836
f 3166 1252 2836
f 2836 1252 2837
f 2836 2837 2838
f 2837 3169 2838
f 2838 3169 3325
f 2407 2838 3325
f 3325 2476 2407
f 958 2407 2476
f 958 2476 2030
f 956 958 2030
f 2030 2476 1149
f 2030 1149 1148
f 2030 1148 2057
f 2566 2030 2057
f 2566 2057 2564
f 2566 2564 2820
f 2534 2566 2820
f 2532 2534 2820
f 2564 221 2820
f 223 2820 221
f 221 2564 2323
f 2323 1159 221
f 221 1159 222
f 222 1159 1158
f 2433 222 1158
f 1158 2432 2433
f 3337 2433 2432
f 3337 2432 2811
f 3337 2811 928
f 3337 928 1222
f 1222 3342 3337
f 3342 1222 284
f 284 2433 3342
f 283 2433 284
f 1223 284 1222
f 1300 284 1223
f 1301 1300 1223
f 2397 1301 1223
f 2397 1223 2401
f 2397 2401 2145
f 2397 2145 2238
f 2238 2185 2397
f 2185 1238 2397
f 1239 1238 2185
f 1239 2185 1898
f 2185 2186 1898
f 3348 1898 2186
f 3348 2186 3349
f 3348 3349 2178
f 1897 3348 2178
f 2177 1897 2178
f 2178 3281 2177
f 2177 3281 2189
f 2191 2177 2189
f 2189 2190 2191
f 2191 2190 2176
f 2176 1249 2191
f 1250 1249 2176
f 2176 3267 1250
f 2216 3267 2176
f 2190 2216 2176
f 2215 2216 2190
f 2916 2215 2190
f 2981 2215 2916
f 2916 2209 2981
f 2916 2189 2209
f 2208 2209 2189
f 2209 2208 2576
f 2981 2979 2215
f 2216 2215 2041
f 2041 2219 2216
f 2041 2215 2523
f 2190 2189 2916
f 2191 2206 2177
f 3281 2208 2189
f 3281 2971 2208
f 2208 2971 2577
f 3281 3280 2971
f 3280 3370 2971
f 2842 2971 3370
f 3370 2966 2842
f 2966 2843 2842
f 2842 2843 2454
f 633 2842 2454
f 2481 633 2454
f 2454 2453 2481
f 2481 2453 2488
f 2487 2481 2488
f 2487 2480 2481
f 2480 634 2481
f 3374 2480 2487
f 3374 2487 3313
f 2458 3374 3313
f 3313 2487 873
f 3377 873 2487
f 3377 2487 882
f 3377 882 2011
f 874 3377 2011
f 2011 882 884
f 873 3377 874
f 2458 2480 3374
f 2480 2458 2573
f 2460 2573 2458
f 2458 2459 2460
f 2460 3308 2573
f 1475 2453 2454
f 2453 1475 3166
f 633 2481 634
f 2843 1475 2454
f 2843 2966 1475
f 1473 1475 2966
f 2965 1473 2966
f 2725 2965 2966
f 3280 2725 2966
f 2178 2725 3280
f 2178 2724 2725
f 2724 2965 2725
f 2724 1213 2965
f 3346 1213 2724
f 3349 3346 2724
f 1211 1213 3346
f 3310 1211 3346
f 2955 3310 3346
f 2955 3346 2186
f 2955 2186 2238
f 2238 578 2955
f 2954 2955 578
f 578 3299 2954
f 2954 3299 2274
f 2954 2274 3310
f 2691 3310 2274
f 2274 2275 2691
f 2691 2275 1212
f 2691 1212 1211
f 2275 3386 1212
f 1212 3386 3318
f 1212 3318 1213
f 1213 3318 1474
f 1213 1474 1473
f 3318 2547 1474
f 1475 1474 2547
f 2547 1252 1475
f 1252 2547 1209
f 1209 1208 1252
f 1183 1208 1209
f 1209 3287 1183
f 3287 1184 1183
f 1182 1183 1184
f 1182 1184 1227
f 1182 1227 1735
f 1182 1735 1753
f 1208 1182 1753
f 1208 1753 1752
f 1752 3168 1208
f 2837 1208 3168
f 3168 1752 1344
f 3169 3168 1344
f 1344 1752 1297
f 1344 1297 1147
f 1149 1344 1147
f 1147 1297 1298
f 1298 1271 1147
f 1148 1147 1271
f 1148 1271 1272
f 1272 1271 1318
f 2324 1272 1318
f 2324 1318 2989
f 2325 2324 2989
f 3335 2325 2989
f 3335 2989 3336
f 3335 3336 3246
f 3246 2999 3335
f 2999 1310 3335
f 1889 1310 2999
f 1889 2999 1634
f 1889 1634 2783
f 1889 2783 2432
f 2783 1634 1392
f 2783 1392 2161
f 2782 2783 2161
f 2782 2161 2998
f 2782 2998 366
f 2782 366 2248
f 3228 2782 2248
f 2248 3382 3228
f 3228 3382 3331
f 926 3228 3331
f 3331 396 926
f 396 855 926
f 927 926 855
f 2401 927 855
f 855 2146 2401
f 2146 855 856
f 856 2627 2146
f 2144 2146 2627
f 2738 2144 2627
f 2627 242 2738
f 2738 242 3303
f 3303 2908 2738
f 2214 2738 2908
f 2907 2214 2908
f 2906 2907 2908
f 2906 3269 2907
f 3269 2961 2907
f 1133 2907 2961
f 1134 1133 2961
f 2961 2962 1134
f 2962 842 1134
f 842 841 1134
f 623 1134 841
f 623 841 2706
f 1227 623 2706
f 1227 2706 2960
f 1227 2960 1736
f 3412 1736 2960
f 1736 3412 3326
f 1753 1736 3326
f 1753 3326 1298
f 3326 1318 1298
f 1318 3326 2990
f 3369 2990 3326
f 2990 3369 2991
f 2989 2990 2991
f 2991 3369 3276
f 2991 3276 2766
f 3247 2991 2766
f 2765 3247 2766
f 2765 2766 938
f 2765 938 937
f 937 3238 2765
f 1394 2765 3238
f 1394 3238 3237
f 2162 1394 3237
f 3334 2162 3237
f 3334 3237 3233
f 3235 3334 3233
f 3233 3234 3235
f 3239 3235 3234
f 3239 3234 3333
f 3333 3160 3239
f 3239 3160 2609
f 3239 2609 225
f 225 2609 2610
f 285 225 2610
f 3240 285 2610
f 702 3240 2610
f 702 2610 2900
f 702 2900 2379
f 703 702 2379
f 703 2379 2378
f 2378 3295 703
f 3296 703 3295
f 3295 2863 3296
f 2863 674 3296
f 3296 674 673
f 673 3298 3296
f 3298 673 2666
f 2668 3298 2666
f 2666 2667 2668
f 2984 2668 2667
f 2984 2667 3031
f 2984 3031 2936
f 2933 2984 2936
f 2933 2936 2813
f 2813 175 2933
f 2933 175 177
f 177 2307 2933
f 2933 2307 3262
f 2307 2982 3262
f 2984 3262 2982
f 2982 2983 2984
f 701 2983 2982
f 701 2982 2635
f 139 701 2635
f 137 139 2635
f 2635 2307 137
f 2308 137 2307
f 2308 138 137
f 138 2308 2918
f 2918 2915 138
f 2895 138 2915
f 1035 2895 2915
f 3226 1035 2915
f 1036 1035 3226
f 3226 1117 1036
f 1117 1118 1036
f 1036 1118 3227
f 1037 1036 3227
f 3227 507 1037
f 1037 507 509
f 509 2596 1037
f 1035 1037 2596
f 2596 509 2183
f 2596 2183 2182
f 2895 2596 2182
f 463 2895 2182
f 2182 2184 463
f 2184 274 463
f 464 463 274
f 274 3240 464
f 3240 274 273
f 272 273 274
f 274 2841 272
f 272 2841 357
f 357 241 272
f 243 272 241
f 241 242 243
f 243 242 2427
f 243 2427 226
f 243 226 273
f 273 226 285
f 2427 397 226
f 397 227 226
f 225 226 227
f 227 387 225
f 387 3235 225
f 227 388 387
f 364 387 388
f 365 364 388
f 3332 365 388
f 3331 3332 388
f 365 3332 2248
f 364 365 366
f 364 366 3334
f 364 3334 387
f 227 397 388
f 396 388 397
f 396 397 856
f 856 397 2427
f 241 357 358
f 241 358 3268
f 2906 241 3268
f 3303 241 2906
f 358 3381 3268
f 3268 3381 3269
f 3381 2677 3269
f 3269 2677 2962
f 2677 843 2962
f 2677 65 843
f 65 3304 843
f 843 3304 787
f 2940 843 787
f 2940 787 786
f 2940 786 2943
f 2943 2941 2940
f 2706 2940 2941
f 2941 3412 2706
f 3369 3412 2941
f 3276 2941 2943
f 2943 786 938
f 786 785 938
f 939 938 785
f 2391 939 785
f 785 2651 2391
f 2650 2391 2651
f 2650 2651 748
f 748 750 2650
f 3238 2650 750
f 2932 3238 750
f 2932 750 2928
f 2927 2932 2928
f 2927 2928 2859
f 3333 2927 2859
f 3333 2859 2862
f 2862 2859 2861
f 2862 2861 2863
f 2529 2862 2863
f 2529 2377 2862
f 2862 2377 3160
f 3159 3160 2377
f 2379 3159 2377
f 2378 2377 2529
f 2859 2860 2861
f 3165 2861 2860
f 3165 2860 3341
f 3165 3341 2321
f 2321 674 3165
f 302 674 2321
f 303 302 2321
f 2321 376 303
f 303 376 3121
f 3121 2334 303
f 303 2334 257
f 2881 303 257
f 257 256 2881
f 256 2499 2881
f 2498 2881 2499
f 2497 2498 2499
f 2497 2499 2850
f 2850 3128 2497
f 3128 2084 2497
f 3224 2497 2084
f 3131 3224 2084
f 1650 3131 2084
f 2084 2086 1650
f 467 1650 2086
f 467 2086 2085
f 467 2085 845
f 845 465 467
f 465 466 467
f 1785 466 465
f 1785 465 772
f 495 1785 772
f 495 772 773
f 1096 495 773
f 1117 1096 773
f 3359 1096 1117
f 1094 1096 3359
f 1094 3359 2884
f 1094 2884 2570
f 2570 3147 1094
f 3147 1095 1094
f 582 1095 3147
f 1585 582 3147
f 1585 580 582
f 580 581 582
f 580 1546 581
f 493 581 1546
f 1546 494 493
f 493 494 495
f 494 1546 1548
f 1548 2624 494
f 494 2624 1121
f 466 494 1121
f 1121 1120 466
f 1650 466 1120
f 2891 1650 1120
f 1119 2891 1120
f 1119 2879 2891
f 2891 2879 993
f 2891 993 2892
f 2892 993 995
f 995 2425 2892
f 2425 2586 2892
f 2892 2586 3131
f 2586 2425 2587
f 2587 2890 2586
f 2890 3224 2586
f 2890 2498 3224
f 2587 2498 2890
f 2870 2498 2587
f 2587 3032 2870
f 2667 2870 3032
f 3032 2587 2424
f 3031 3032 2424
f 2869 2498 2870
f 2666 2869 2870
f 2666 304 2869
f 2881 2869 304
f 2424 2587 2425
f 2424 2425 995
f 2543 2424 995
f 2543 995 2821
f 2814 2543 2821
f 2814 2821 1558
f 2813 2814 1558
f 2808 2813 1558
f 1558 1557 2808
f 2808 1557 2409
f 2409 176 2808
f 2808 176 175
f 176 2409 2855
f 2854 176 2855
f 2794 2854 2855
f 2854 2794 2793
f 2854 2793 2513
f 2512 2854 2513
f 2512 2513 2514
f 2514 177 2512
f 177 176 2512
f 2514 3144 177
f 3144 2308 177
f 3144 2514 2885
f 3144 2885 3145
f 3145 2918 3144
f 3145 3226 2918
f 2884 3226 3145
f 2885 2884 3145
f 2571 2884 2885
f 2571 2885 2514
f 2514 2513 2571
f 2513 2796 2571
f 2571 2796 2572
f 2570 2571 2572
f 2572 1585 2570
f 2572 3211 1585
f 3211 1586 1585
f 3005 1586 3211
f 2798 3005 3211
f 3016 2798 3211
f 2400 2798 3016
f 2792 2400 3016
f 3016 2793 2792
f 2793 3016 2572
f 2398 2400 2792
f 2794 2398 2792
f 2398 2794 2409
f 2399 2398 2409
f 2408 2399 2409
f 3001 2399 2408
f 3001 2408 3020
f 3001 3020 2801
f 2799 3001 2801
f 2799 2801 2802
f 2802 2800 2799
f 2798 2799 2800
f 2799 2798 3000
f 2800 2802 3095
f 2800 3095 3005
f 3095 3051 3005
f 3051 3095 2802
f 2801 3051 2802
f 2474 3051 2801
f 1559 2474 2801
f 1559 2473 2474
f 2473 2623 2474
f 2474 2623 2839
f 2839 2623 1548
f 1548 1547 2839
f 2839 1547 2835
f 2834 2839 2835
f 1586 2834 2835
f 1586 2835 580
f 3051 2834 1586
f 3051 2839 2834
f 2835 1547 580
f 2473 2436 2623
f 2623 2436 2624
f 2436 1119 2624
f 2436 2438 1119
f 2436 2437 2438
f 2438 2437 2563
f 2879 2438 2563
f 2563 2437 994
f 994 993 2563
f 2821 994 2437
f 2473 2437 2436
f 2437 2473 1558
f 1558 2473 1559
f 3051 2474 2839
f 2799 3000 3001
f 2801 3020 1559
f 1557 1559 3020
f 3020 2408 1557
f 3001 3000 2399
f 3000 2400 2399
f 2398 2399 2400
f 3000 2798 2400
f 3005 2798 2800
f 3051 1586 3005
f 2572 3016 3211
f 2572 2796 2793
f 2513 2793 2796
f 2792 2793 2794
f 2512 176 2854
f 2855 2409 2794
f 2409 1557 2408
f 1557 1558 1559
f 1558 2821 2437
f 2813 2543 2814
f 2821 995 994
f 2424 2543 2936
f 993 994 995
f 2563 993 2879
f 2438 2879 1119
f 2892 1650 2891
f 1119 1120 1121
f 2624 1119 1121
f 2623 2624 1548
f 1546 1547 1548
f 581 493 1095
f 1095 493 1096
f 1546 580 1547
f 580 1585 1586
f 582 581 1095
f 2570 1585 3147
f 2884 2571 2570
f 2884 3359 3226
f 1094 1095 1096
f 495 1096 493
f 846 773 772
f 772 844 846
f 844 845 846
f 846 845 2246
f 846 2246 1573
f 1573 1574 846
f 1573 508 1574
f 507 1574 508
f 508 1573 2246
f 3106 508 2246
f 3106 2246 3128
f 3128 3107 3106
f 3106 3107 2484
f 2484 2346 3106
f 2346 2484 2485
f 2485 3109 2346
f 2183 2346 3109
f 2183 3109 88
f 2183 88 87
f 87 2184 2183
f 87 2294 2184
f 2184 2294 2841
f 2294 3065 2841
f 2841 3065 3067
f 3065 3066 3067
f 3067 3066 3070
f 3067 3070 357
f 3066 2455 3070
f 2455 63 3070
f 3070 63 3381
f 2455 2456 63
f 64 63 2456
f 2456 2830 64
f 2830 2833 64
f 2833 3304 64
f 2830 2831 2833
f 2651 2833 2831
f 2830 378 2831
f 2831 378 377
f 748 2831 377
f 377 749 748
f 377 376 749
f 376 377 378
f 378 3327 376
f 2830 3327 378
f 413 3327 2830
f 413 2334 3327
f 255 2334 413
f 412 255 413
f 412 413 2455
f 86 255 412
f 86 412 3065
f 86 3347 255
f 255 3347 3288
f 256 255 3288
f 3347 2485 3288
f 88 3347 86
f 2830 2456 413
f 63 64 65
f 2455 413 2456
f 412 2455 3066
f 3066 3065 412
f 2294 86 3065
f 87 86 2294
f 86 87 88
f 88 3109 3347
f 3109 2485 3347
f 2485 2484 3288
f 3288 2484 2850
f 2484 3107 2850
f 2246 2085 3128
f 508 3106 2346
f 509 508 2346
f 773 846 1574
f 1574 1118 773
f 494 1785 495
f 772 465 844
f 494 466 1785
f 844 465 845
f 845 2085 2246
f 467 466 1650
f 2084 2085 2086
f 2892 3131 1650
f 2586 3224 3131
f 3128 2085 2084
f 3128 2850 3107
f 3288 2850 2499
f 2497 3224 2498
f 2869 2881 2498
f 2499 256 3288
f 255 256 257
f 304 303 2881
f 257 2334 255
f 3121 3327 2334
f 376 3327 3121
f 2321 749 376
f 302 303 304
f 673 302 304
f 3341 749 2321
f 749 3341 2928
f 3341 2860 2928
f 2861 3165 674
f 3233 2927 3333
f 2859 2928 2860
f 2927 3237 2932
f 2928 750 749
f 748 749 750
f 2651 2831 748
f 3238 2391 2650
f 2833 2651 785
f 785 787 2833
f 2391 937 939
f 785 786 787
f 843 2940 841
f 3304 2833 787
f 3304 65 64
f 65 2677 63
f 3381 63 2677
f 3070 3381 358
f 357 3070 358
f 2841 3067 357
f 272 243 273
f 139 463 464
f 139 464 702
f 463 139 138
f 2184 2841 274
f 2182 2183 2184
f 509 2346 2183
f 507 508 509
f 3227 1574 507
f 1574 3227 1118
f 1117 773 1118
f 3226 3359 1117
f 1035 1036 1037
f 1035 2596 2895
f 138 2895 463
f 2918 3226 2915
f 3144 2918 2308
f 137 138 139
f 702 701 139
f 703 2983 701
f 2983 703 3298
f 2635 2982 2307
f 2307 177 2308
f 175 176 177
f 175 2813 2808
f 2936 2543 2813
f 3262 2984 2933
f 2424 2936 3031
f 3031 2667 3032
f 2668 2984 2983
f 2667 2666 2870
f 2983 3298 2668
f 673 304 2666
f 673 674 302
f 2863 2861 674
f 3295 2529 2863
f 3296 3298 703
f 2378 2529 3295
f 2377 2378 2379
f 701 702 703
f 2379 2900 3159
f 2609 3159 2900
f 3240 702 464
f 3240 273 285
f 285 226 225
f 2609 2900 2610
f 3159 2609 3160
f 2862 3160 3333
f 3239 225 3235
f 3234 3233 3333
f 3334 3235 387
f 3233 3237 2927
f 2162 3334 366
f 2161 1394 2162
f 3237 3238 2932
f 1394 1393 2765
f 1393 3246 2765
f 1634 3246 1393
f 1392 1393 1394
f 3238 937 2391
f 937 938 939
f 2766 2943 938
f 2765 3246 3247
f 3336 2991 3247
f 2766 3276 2943
f 2941 3276 3369
f 3326 3412 3369
f 3412 2960 2706
f 624 623 1227
f 624 1227 2259
f 622 624 2259
f 1404 622 2259
f 1404 2259 1184
f 1405 1404 1184
f 1405 1184 1466
f 2275 1405 1466
f 1403 1404 1405
f 3299 1403 1405
f 577 1403 3299
f 577 2214 1403
f 579 2214 577
f 577 578 579
f 579 578 2144
f 2145 2144 578
f 1403 2214 1404
f 1404 2214 1133
f 1133 622 1404
f 622 623 624
f 2940 2706 841
f 622 1134 623
f 841 842 843
f 842 2962 843
f 1133 1134 622
f 2961 3269 2962
f 3268 3269 2906
f 1133 2214 2907
f 2738 2214 579
f 3303 2906 2908
f 3303 242 241
f 2427 242 2627
f 579 2144 2738
f 2144 2145 2146
f 2427 2627 856
f 2401 3229 927
f 927 3229 928
f 1223 928 3229
f 926 927 928
f 928 2810 926
f 855 396 856
f 388 396 3331
f 2810 3228 926
f 2809 3228 2810
f 2809 2810 2811
f 2809 2811 2782
f 3332 3331 3382
f 3382 2248 3332
f 3228 2809 2782
f 2248 366 365
f 366 2998 2162
f 2998 2161 2162
f 2811 2783 2782
f 2161 1392 1394
f 1392 1634 1393
f 1310 1889 1158
f 1158 1160 1310
f 1160 2819 1310
f 2819 2325 1310
f 2819 2323 2325
f 1159 2819 1160
f 3246 1634 2999
f 3246 3336 3247
f 3336 2989 2991
f 1310 2325 3335
f 2323 2324 2325
f 2990 2989 1318
f 2564 1272 2324
f 1271 1298 1318
f 1752 1298 1297
f 1752 1753 1298
f 1735 1736 1753
f 1735 1227 1736
f 2259 1227 1184
f 1466 1184 3287
f 3318 1466 3287
f 1183 1182 1208
f 2547 3287 1209
f 3318 3287 2547
f 3386 1466 3318
f 2275 1466 3386
f 2274 1405 2275
f 3299 1405 2274
f 578 577 3299
f 2954 3310 2955
f 3310 2691 1211
f 1211 1212 1213
f 1213 1473 2965
f 1473 1474 1475
f 2971 2842 633
f 2971 633 632
f 2966 3370 3280
f 2178 3280 3281
f 2178 3349 2724
f 3346 3349 2186
f 3348 1897 1898
f 2185 2238 2186
f 2238 2145 578
f 2146 2145 2401
f 1223 3229 2401
f 1301 2397 1238
f 1238 282 1301
f 1300 1301 282
f 284 1300 282
f 1222 928 1223
f 928 2811 2810
f 2811 2432 2783
f 2433 3337 3342
f 1158 1889 2432
f 1158 1159 1160
f 1159 2323 2819
f 2323 2564 2324
f 2564 2057 1272
f 2029 2030 2566
f 2057 1148 1272
f 1147 1148 1149
f 2476 1344 1149
f 1344 2476 3325
f 3325 3169 1344
f 2837 3168 3169
f 1252 1208 2837
f 1475 1252 3166
f 2453 3166 2488
f 2487 2488 882
f 2838 3319 2836
f 882 883 884
f 3319 2838 2407
f 2412 2407 958
f 957 2412 958
f 2011 884 2406
f 874 2011 2012
f 872 873 874
f 3313 873 872
f 2459 2458 3313
f 2460 2459 3309
f 2679 3130 3135
f 2118 3130 2679
f 2118 2117 3130
f 3309 3308 2460
f 2574 2573 3308
f 634 2480 2573
f 632 633 634
f 2971 632 2577
f 2576 2208 2577
f 2981 2209 2576
f 2578 1963 3084
f 1963 1964 1965
f 614 615 616
f 2351 1965 2352
f 2352 3130 2117
f 3086 2519 2518
f 2545 3086 2518
f 2545 2518 2420
f 2544 3086 2545
f 2516 2544 2515
f 1598 2551 2812
f 614 616 2515
f 615 614 1070
f 1070 2979 2981
f 2523 2215 2979
f 3282 2591 2590
f 2042 2041 2523
f 2040 2041 2042
f 1054 1055 1056
f 2041 2040 2219
f 2219 3267 2216
f 3267 2980 1250
f 1251 1250 2980
f 3222 2361 3263
f 2370 1494 2980
f 2980 1494 3037
f 1494 2348 3037
f 2370 1495 1494
f 1494 1495 1496
f 2362 2361 3222
f 1108 2362 3222
f 1495 1488 1487
f 3218 2648 2342
f 1488 2131 1486
f 1486 1487 1488
f 1495 1487 1496
f 1496 2348 1494
f 3241 2348 2347
f 2341 2342 2355
f 2355 2342 3137
f 3045 967 966
f 2347 3245 3241
f 3241 3037 2348
f 1251 2980 3037
f 1249 1250 1251
f 2191 1249 2206
f 2206 1897 2177
f 2076 2502 2503
f 1897 1239 1898
f 2076 2077 2078
f 1237 1238 1239
f 2078 2077 3045
f 1237 282 1238
f 282 283 284
f 222 2433 283
f 221 222 223
f 2532 2820 223
f 3039 3040 2531
f 966 3040 3045
f 2535 2532 2858
f 966 967 968
f 2535 2534 2532
f 968 2355 3137
f 2029 2566 2534
f 2342 2648 3137
f 2029 956 2030
f 956 957 958
f 2653 2648 3256
f 957 2411 2412
f 3256 3223 2653
f 3143 2930 2929
f 1068 3143 2929
f 1068 84 3143
f 84 1940 3143
f 3143 2104 2930
f 1427 2411 2931
f 1426 1427 1428
f 3209 1426 3210
f 2674 3209 3210
f 2674 2679 3135
f 3202 2118 2679
f 2116 2117 2118
f 1418 1419 1420
f 2421 2116 3207
f 3207 3201 2422
f 2426 3201 1918
f 3212 2426 1918
f 3212 1918 1988
f 2988 2426 3212
f 783 1920 1936
f 1937 1919 1923
f 1938 1922 1932
f 1936 1938 121
f 1936 121 120
f 784 1936 120
f 120 1876 784
f 444 784 1876
f 1876 120 2993
f 2993 120 122
f 1933 153 1891
f 1933 154 153
f 152 153 154
f 1413 154 1933
f 120 121 122
f 153 152 1892
f 3025 152 1371
f 502 1893 1033
f 1033 1032 502
f 3411 502 1032
f 3411 1032 1560
f 1560 1979 3411
f 503 3411 1979
f 1560 1978 1979
f 2461 1979 1978
f 1978 3099 2461
f 3099 1978 687
f 660 3099 687
f 687 592 660
f 660 592 591
f 591 659 660
f 2731 660 659
f 659 1342 2731
f 1342 3052 2731
f 3052 1342 3002
f 1342 659 1343
f 1343 659 3196
f 3196 1930 1343
f 1930 3196 1931
f 1930 1931 1334
f 1334 1931 1332
f 1332 1333 1334
f 355 1334 1333
f 355 1333 394
f 355 394 395
f 355 395 353
f 353 354 355
f 394 1848 395
f 1848 1847 395
f 1847 3004 395
f 2108 395 3004
f 3004 1847 837
f 3004 837 1858
f 3009 3004 1858
f 1857 3009 1858
f 1857 1858 1859
f 1859 3003 1857
f 3003 72 1857
f 9 72 3003
f 3003 7 9
f 7 8 9
f 44 9 8
f 8 43 44
f 2909 44 43
f 2909 43 597
f 597 2910 2909
f 73 2909 2910
f 2791 73 2910
f 73 9 2909
f 2910 597 1967
f 1967 1966 2910
f 1966 1967 756
f 757 756 1967
f 1967 2912 757
f 1967 597 2912
f 556 2912 597
f 556 597 598
f 556 598 557
f 556 557 558
f 558 3142 556
f 558 557 1917
f 558 1917 2044
f 2044 2917 558
f 2044 1917 1935
f 1935 1934 2044
f 2044 1934 2637
f 2637 1132 2044
f 2043 2044 1132
f 1587 1132 2637
f 2637 1934 1027
f 2637 1027 2638
f 1027 1934 988
f 988 989 1027
f 1027 989 2205
f 988 386 989
f 386 1023 989
f 989 1023 1022
f 386 3108 1023
f 1023 3108 1024
f 386 385 3108
f 3108 385 3187
f 1991 3108 3187
f 3187 1992 1991
f 1990 1991 1992
f 1992 3105 1990
f 3105 3116 1990
f 737 1990 3116
f 3116 766 737
f 737 766 767
f 737 767 735
f 735 736 737
f 736 3097 737
f 3073 737 3097
f 3073 3097 3072
f 3072 1954 3073
f 1954 679 3073
f 3073 679 1990
f 680 679 1954
f 1953 680 1954
f 1953 1954 487
f 1953 487 3069
f 3079 1953 3069
f 3079 3069 3080
f 487 486 3069
f 486 487 440
f 440 487 441
f 440 441 442
f 3076 440 442
f 3076 442 1869
f 1877 3076 1869
f 352 1877 1869
f 1869 1868 352
f 2441 352 1868
f 1771 2441 1868
f 1771 1868 146
f 146 145 1771
f 1771 145 1772
f 2339 1772 145
f 3019 2339 145
f 3019 145 736
f 1980 3019 736
f 3017 3019 1980
f 3385 3017 1980
f 1980 3443 3385
f 2299 3385 3443
f 3443 3225 2299
f 2299 3225 2297
f 2297 2298 2299
f 3213 2298 2297
f 2297 3446 3213
f 1701 3213 3446
f 3446 1702 1701
f 1388 1701 1702
f 1389 1388 1702
f 3205 1389 1702
f 3205 1702 3317
f 3205 3317 2122
f 3206 3205 2122
f 3206 2122 270
f 3426 3206 270
f 270 3559 3426
f 3559 1241 3426
f 1240 3426 1241
f 1240 1241 1242
f 2541 1240 1242
f 2541 1242 2542
f 1338 2541 2542
f 1338 2542 924
f 1236 1338 924
f 1236 924 43
f 1235 1236 43
f 1236 1235 1329
f 3181 1329 1235
f 3181 1235 8
f 3179 3181 8
f 3179 3180 3181
f 3180 3179 3555
f 3555 1336 3180
f 1335 3180 1336
f 1335 1336 1337
f 1335 1337 2562
f 1335 2562 2353
f 1335 2353 1330
f 1330 2353 504
f 504 506 1330
f 1330 506 1331
f 1329 1330 1331
f 1338 1329 1331
f 1330 1329 3180
f 506 3197 1331
f 1331 3197 1240
f 3197 506 585
f 585 3426 3197
f 585 587 3426
f 3426 587 2396
f 587 1837 2396
f 1837 3204 2396
f 3204 3206 2396
f 1837 1836 3204
f 3204 1836 3205
f 1835 1836 1837
f 1835 1837 2395
f 1784 1835 2395
f 1835 1784 2742
f 2742 1792 1835
f 1790 1792 2742
f 2188 1790 2742
f 2188 2742 1556
f 2354 2188 1556
f 2354 1556 1555
f 1555 505 2354
f 2353 2354 505
f 2353 3087 2354
f 505 1555 585
f 1555 586 585
f 586 1555 1556
f 1556 1784 586
f 586 1784 587
f 3087 2188 2354
f 3087 2187 2188
f 2187 2174 2188
f 2174 2187 1337
f 2173 2174 1337
f 2173 2018 2174
f 3421 2174 2018
f 2018 2313 3421
f 2315 3421 2313
f 2313 2314 2315
f 2314 3321 2315
f 2315 3321 2260
f 2315 2260 1718
f 2315 1718 1717
f 1717 1718 1719
f 1717 1719 1791
f 1791 1790 1717
f 3421 1717 1790
f 1719 3167 1791
f 1791 3167 1792
f 1115 1792 3167
f 1792 1115 3490
f 1792 3490 1836
f 3490 1389 1836
f 1389 3490 2383
f 2383 1390 1389
f 2064 1390 2383
f 2383 1115 2064
f 1115 1114 2064
f 2064 1114 1818
f 1114 1817 1818
f 2382 1818 1817
f 1817 3157 2382
f 3157 2066 2382
f 2066 2065 2382
f 2382 2065 2298
f 2065 2371 2298
f 2371 3017 2298
f 3018 3017 2371
f 2371 3236 3018
f 3236 1772 3018
f 2231 1772 3236
f 2231 3236 3470
f 1530 2231 3470
f 3470 1531 1530
f 1529 1530 1531
f 1529 1531 1582
f 2163 1529 1582
f 1582 2217 2163
f 2217 2156 2163
f 1684 2163 2156
f 1513 1684 2156
f 1613 1513 2156
f 1668 1613 2156
f 2156 2218 1668
f 3297 1668 2218
f 2218 1584 3297
f 1584 3266 3297
f 3297 3266 1669
f 1669 3266 1817
f 1670 1669 1817
f 1668 1669 1670
f 2372 1668 1670
f 1670 1114 2372
f 2372 1114 2254
f 2261 2372 2254
f 2260 2261 2254
f 2260 2254 1719
f 1719 2254 1113
f 1719 1113 1115
f 2204 2261 2260
f 2204 1668 2261
f 1113 2254 1114
f 1668 2372 2261
f 3158 3266 1584
f 1584 1583 3158
f 2066 3158 1583
f 1582 1583 1584
f 1582 1805 1583
f 2371 1583 1805
f 3470 1805 1582
f 3157 3266 3158
f 2217 1584 2218
f 1668 3297 1669
f 1668 2204 1613
f 3321 1613 2204
f 2269 1613 3321
f 1613 2269 2268
f 3085 1613 2268
f 1332 3085 2268
f 3085 1511 1613
f 3085 3450 1511
f 3450 1512 1511
f 1511 1512 1513
f 2147 1512 3450
f 3196 2147 3450
f 3196 3036 2147
f 3036 2148 2147
f 2147 2148 2138
f 1683 2147 2138
f 2138 2139 1683
f 1750 1683 2139
f 2435 1750 2139
f 218 2435 2139
f 2423 218 2139
f 2148 2423 2139
f 2148 219 2423
f 1632 219 2148
f 287 219 1632
f 1631 287 1632
f 1631 1632 3036
f 593 287 1631
f 1631 591 593
f 592 287 593
f 287 220 219
f 218 219 220
f 220 2244 218
f 2244 2434 218
f 2244 2316 2434
f 2316 350 2434
f 2434 350 2435
f 350 398 2435
f 1749 2435 398
f 398 2230 1749
f 2230 1530 1749
f 1749 1530 1750
f 2230 398 2441
f 2441 2440 2230
f 2440 2231 2230
f 1772 2440 2441
f 398 350 352
f 350 351 352
f 2316 351 350
f 2244 1560 2316
f 1560 1961 2316
f 1978 2244 220
f 287 687 220
f 219 218 2423
f 218 2434 2435
f 1749 1750 2435
f 1529 1683 1750
f 1683 1529 1684
f 1683 1684 1512
f 2148 2139 2138
f 1632 2148 3036
f 1631 3036 3196
f 2147 1683 1512
f 1931 3450 3085
f 2267 2268 2269
f 2269 3277 2267
f 1333 2267 3277
f 3277 2269 2314
f 3277 2314 3278
f 3277 3278 2017
f 394 3277 2017
f 3278 2313 2017
f 1333 2268 2267
f 1511 1513 1613
f 1684 1513 1512
f 2156 2217 2218
f 1584 2217 1582
f 1684 1529 2163
f 1750 1530 1529
f 1531 3470 1582
f 1530 2230 2231
f 3470 3236 1805
f 1772 2231 2440
f 2371 1805 3236
f 1583 2371 2065
f 2065 2066 1583
f 2066 3157 3158
f 3266 3157 1817
f 2382 3213 1818
f 1114 1670 1817
f 1113 1114 1115
f 1390 2064 1818
f 1390 1818 1701
f 3490 1115 2383
f 1115 3167 1719
f 1718 2260 1719
f 3321 2204 2260
f 2314 2269 3321
f 3278 2314 2313
f 3421 2315 1717
f 2018 2017 2313
f 1848 2017 2018
f 1848 2018 3122
f 3122 1849 1848
f 1849 3122 838
f 838 837 1849
f 837 838 839
f 839 1860 837
f 839 3555 1860
f 3555 1859 1860
f 839 838 1336
f 838 2173 1336
f 2173 838 3122
f 2174 3421 1790
f 3122 2018 2173
f 2187 3087 1337
f 2174 1790 2188
f 1790 1791 1792
f 1556 2742 1784
f 1784 2395 1837
f 1836 1835 1792
f 1784 1837 587
f 585 586 587
f 506 505 585
f 504 505 506
f 505 504 2353
f 2562 3087 2353
f 1337 3087 2562
f 1336 2173 1337
f 3180 1335 1330
f 1336 3555 839
f 1859 3555 3179
f 1329 3181 3180
f 924 1808 43
f 924 923 1808
f 923 1017 1808
f 1808 1017 598
f 598 1017 621
f 1017 1018 621
f 385 621 1018
f 385 384 621
f 384 557 621
f 1017 1901 1018
f 1901 3188 1018
f 3188 3187 1018
f 1901 3138 3188
f 3105 3188 3138
f 2136 3105 3138
f 2136 3138 1207
f 1207 271 2136
f 271 1464 2136
f 3170 2136 1464
f 3171 3170 1464
f 1463 3171 1464
f 1462 1463 1464
f 1462 2122 1463
f 1463 2088 3171
f 3171 2088 3225
f 3225 766 3171
f 3225 1974 766
f 3446 3225 2088
f 2088 3449 3446
f 3449 2088 2087
f 2087 3317 3449
f 3317 2087 1463
f 2087 2088 1463
f 766 3170 3171
f 1462 1464 271
f 270 1462 271
f 269 270 271
f 269 271 1207
f 1207 1900 269
f 1888 269 1900
f 922 1888 1900
f 922 1900 1901
f 923 922 1901
f 1242 1888 922
f 1242 3395 1888
f 3395 2035 1888
f 3395 3559 2035
f 3559 269 2035
f 1888 2035 269
f 1207 3138 1900
f 2136 3170 3105
f 1900 3138 1901
f 1901 1017 923
f 922 923 924
f 1329 1338 1236
f 924 2542 922
f 1331 2541 1338
f 2542 1242 922
f 1240 2541 1331
f 1242 1241 3395
f 3197 3426 1240
f 1241 3559 3395
f 3559 270 269
f 3206 3426 2396
f 270 2122 1462
f 3204 3205 3206
f 1463 2122 3317
f 1702 3449 3317
f 3205 1836 1389
f 1388 1389 1390
f 1701 1388 1390
f 3446 3449 1702
f 3213 1701 1818
f 3213 2382 2298
f 3446 2297 3225
f 3225 3443 1974
f 1974 3443 767
f 3385 2299 2298
f 3443 1980 735
f 2298 3017 3385
f 3017 3018 3019
f 145 147 736
f 2339 3019 3018
f 3018 1772 2339
f 145 146 147
f 146 442 147
f 442 146 1868
f 1772 2441 1771
f 352 2441 398
f 352 351 1877
f 1877 2599 3076
f 1868 1869 442
f 2598 440 3076
f 147 442 441
f 441 3072 147
f 441 487 1954
f 1953 3079 680
f 678 680 3079
f 3152 678 3079
f 3108 678 3152
f 678 679 680
f 679 678 1991
f 1954 3072 441
f 3097 147 3072
f 736 147 3097
f 736 735 1980
f 735 767 3443
f 767 766 1974
f 3170 766 3116
f 1990 737 3073
f 3105 3170 3116
f 3188 3105 1992
f 1991 1990 679
f 3187 3188 1992
f 3108 1991 678
f 1018 3187 385
f 384 385 386
f 386 1296 384
f 1917 384 1296
f 386 988 1296
f 1935 1296 988
f 988 1934 1935
f 1917 1296 1935
f 384 1917 557
f 598 621 557
f 597 1808 598
f 2912 556 3142
f 1808 597 43
f 43 8 1235
f 2909 9 44
f 8 7 3179
f 3003 3179 7
f 72 9 73
f 1859 3179 3003
f 1860 1859 1858
f 1857 3064 3009
f 3008 3004 3009
f 1860 1858 837
f 1847 1849 837
f 1847 1848 1849
f 1848 394 2017
f 394 1333 3277
f 1334 355 354
f 1333 1332 2268
f 3085 1332 1931
f 3196 3450 1931
f 659 1631 3196
f 659 591 1631
f 591 592 593
f 592 687 287
f 3099 660 1960
f 687 1978 220
f 2244 1978 1560
f 1032 1034 1560
f 1032 1033 1034
f 1560 1034 1961
f 1961 351 2316
f 1877 351 2599
f 3076 2599 2598
f 440 2598 486
f 3069 486 3148
f 3080 3069 3148
f 3080 3152 3079
f 3108 3152 1024
f 1022 1023 1024
f 2634 2023 2639
f 1022 2205 989
f 2638 1027 2205
f 2637 2638 1587
f 1132 1587 1130
f 1130 1131 1132
f 1131 1130 2037
f 2639 2023 2754
f 1131 2037 3146
f 1132 1131 2664
f 1132 2664 2043
f 2917 2044 2043
f 2934 2669 3127
f 2917 3142 558
f 3142 757 2912
f 756 757 758
f 758 1993 756
f 1993 3074 756
f 1993 758 3113
f 1993 3113 1994
f 1993 1994 1995
f 2612 2934 3129
f 1985 1986 1987
f 2934 3127 3129
f 2669 2665 3127
f 2665 3115 2899
f 475 3114 476
f 3068 1987 1986
f 2607 1987 2769
f 2607 2625 2605
f 474 2772 2768
f 474 475 476
f 3100 3096 2770
f 2771 2770 2708
f 2959 1955 2709
f 1947 2709 1955
f 1947 1955 1956
f 1956 1945 1947
f 1945 1946 1947
f 1945 1356 1946
f 1956 70 1945
f 1955 2720 1956
f 2710 3104 2771
f 1946 2709 1947
f 3091 1946 1356
f 2710 2625 3104
f 2630 2605 2625
f 2605 2630 2629
f 2629 2911 3136
f 1994 3113 2911
f 1995 1994 3077
f 1995 3074 1993
f 3078 2997 3075
f 756 3074 3071
f 756 3071 1966
f 2791 2910 1966
f 72 73 2791
f 3064 1857 72
f 3057 3009 3064
f 2790 2787 2786
f 3056 1975 181
f 2094 3056 181
f 3009 3057 3008
f 2108 3004 3008
f 2094 2880 3056
f 2108 353 395
f 353 2095 354
f 1334 354 1930
f 2717 1343 1930
f 1343 2717 1342
f 3010 2964 2728
f 2727 3002 1342
f 2964 3011 2695
f 3002 2731 3052
f 660 2731 2730
f 2695 1958 2729
f 2730 1960 660
f 2953 1959 1958
f 1960 2461 3099
f 2462 1959 3021
f 2461 503 1979
f 501 2462 3027
f 503 502 3411
f 502 1951 3178
f 3027 1950 501
f 1951 1902 3178
f 122 1902 2993
f 444 1876 2993
f 3027 445 1950
f 784 444 1952
f 1262 782 2452
f 1936 784 783
f 783 1988 1918
f 2988 3212 1988
f 2426 2988 2483
f 2483 2482 2812
f 739 2812 2482
f 2812 739 1598
f 2549 2551 1598
f 834 3283 2549
f 1989 1058 1597
f 1058 1989 246
f 1581 3283 834
f 2591 1581 2889
f 2522 3279 2889
f 1002 836 1215
f 2522 1001 3279
f 1001 1157 3279
f 1157 1055 1054
f 2469 1441 618
f 1055 620 1056
f 1441 619 618
f 620 1108 3222
f 2362 1108 1107
f 1441 2970 619
f 2970 1469 2466
f 1554 564 1107
f 565 2466 2643
f 2367 564 563
f 3223 563 1069
f 2929 1069 1068
f 1862 83 1863
f 1862 3821 83
f 83 3821 3703
f 3703 3828 83
f 3703 3830 3828
f 2357 3828 3830
f 3620 2357 3830
f 2611 3620 3830
f 2611 3830 3705
f 2611 2052 3620
f 2052 1142 3620
f 3620 1142 2357
f 2357 1142 2062
f 2357 1852 3828
f 3705 3830 3703
f 3703 3704 3705
f 891 3705 3704
f 3704 3703 3821
f 3821 1042 3704
f 3851 3704 1042
f 860 3704 3851
f 3851 1081 860
f 1042 3821 1862
f 1068 85 84
f 83 3828 1852
f 1853 1852 2357
f 84 1854 1940
f 3143 1940 2104
f 2930 2104 2109
f 2109 1320 3217
f 1320 411 2675
f 47 49 410
f 1926 49 2016
f 1276 2675 411
f 1276 361 2675
f 1418 361 360
f 1929 362 560
f 1418 360 1419
f 698 1419 699
f 1977 700 663
f 609 663 700
f 1419 698 1420
f 1976 3203 1420
f 1976 2472 1923
f 1924 2472 2471
f 662 1977 663
f 1884 2471 664
f 2126 1414 1884
f 1413 1933 1414
f 1873 1412 1871
f 2942 1873 2921
f 154 1413 2111
f 152 154 1371
f 1372 2110 2942
f 3025 1371 1370
f 2032 1372 2942
f 1899 1370 2567
f 2593 2567 2937
f 2937 2033 3164
f 949 2032 2942
f 2033 2036 2894
f 2036 948 2894
f 2935 2894 948
f 2935 2024 3156
f 2023 2634 2024
f 2757 2023 901
f 902 2022 2509
f 2509 947 1907
f 903 1909 297
f 1894 901 903
f 1894 2070 3115
f 3117 2070 2080
f 2080 229 3123
f 1188 296 230
f 231 1896 3898
f 3898 3901 231
f 631 231 3901
f 631 3901 3906
f 3908 631 3906
f 3909 3908 3906
f 3906 3595 3909
f 1013 3909 3595
f 3595 3906 3596
f 1073 3595 3596
f 1073 3596 2947
f 1073 2947 3918
f 3918 2947 2949
f 3918 2949 3775
f 3775 3920 3918
f 3920 2047 3918
f 3920 3922 2047
f 3922 3925 2047
f 3686 2047 3925
f 3686 3925 3033
f 3033 3685 3686
f 3685 3929 3686
f 3929 3931 3686
f 3686 3931 3934
f 3934 3599 3686
f 3599 3939 3686
f 3939 3599 2756
f 2756 3599 3600
f 3600 3599 3934
f 3934 3942 3600
f 3600 3942 2758
f 3934 2671 3942
f 3942 2671 2673
f 3947 3942 2673
f 3947 2673 3950
f 3950 3951 3947
f 1063 3947 3951
f 3951 3950 3608
f 3951 3608 473
f 753 3951 473
f 3950 3606 3608
f 3606 3607 3608
f 3608 3607 3960
f 3608 3960 1949
f 3607 3961 3960
f 3960 3961 1957
f 3607 3606 3961
f 3606 3967 3961
f 3961 3967 2789
f 3606 3971 3967
f 3967 3971 3396
f 3967 3396 514
f 514 3396 3397
f 3396 3978 3397
f 3397 3978 3980
f 3980 3398 3397
f 3397 3398 3393
f 2719 3397 3393
f 3393 3394 2719
f 3393 2795 3394
f 2795 3393 3402
f 1941 3402 3393
f 1941 1943 3402
f 3402 1943 1906
f 1906 2726 3402
f 3987 2726 1906
f 3991 3987 1906
f 1906 1905 3991
f 1905 3996 3991
f 3991 3996 1913
f 3991 1913 1915
f 1915 3610 3991
f 3609 3991 3610
f 3609 3610 1266
f 2712 3609 1266
f 3609 2712 3987
f 4004 3987 2712
f 4006 3610 1915
f 1915 1914 4006
f 1914 1912 4006
f 1912 1911 4006
f 4006 1911 1754
f 4011 4006 1754
f 1754 1911 3691
f 1754 3691 3692
f 3691 4013 3692
f 3692 4013 4014
f 3692 4014 3612
f 1357 3692 3612
f 3612 4014 3562
f 3562 3611 3612
f 3611 1308 3612
f 1308 3611 4021
f 3611 3561 4021
f 4021 3561 4024
f 4024 4025 4021
f 1309 4021 4025
f 2784 4025 4024
f 2784 4024 4029
f 4031 4029 4024
f 4029 4031 2640
f 4029 2640 4033
f 4033 2655 4029
f 2785 4029 2655
f 2785 2655 4035
f 4035 2655 2657
f 4035 2657 2350
f 2350 2657 4039
f 2350 4039 2303
f 2657 2656 4039
f 2656 4044 4039
f 4046 4039 4044
f 4044 4050 4046
f 4046 4050 1723
f 4050 4051 1723
f 4054 1723 4051
f 4051 3552 4054
f 3554 4054 3552
f 3552 3553 3554
f 3414 3554 3553
f 4058 3414 3553
f 4058 3553 2641
f 2641 4061 4058
f 4061 4063 4058
f 4065 4063 4061
f 4031 4065 4061
f 4065 4031 3561
f 3560 4065 3561
f 3560 3561 3562
f 4070 3560 3562
f 3562 4072 4070
f 4070 4072 3649
f 4070 3649 3648
f 3647 3648 3649
f 3700 3647 3649
f 3647 3700 2924
f 2924 2923 3647
f 3647 2923 4077
f 4077 3814 3647
f 4083 3814 4077
f 4083 4077 4089
f 3029 4083 4089
f 3510 3029 4089
f 4089 2922 3510
f 2922 3504 3510
f 3503 3510 3504
f 2632 3503 3504
f 2632 3504 2904
f 2632 2904 3509
f 2633 2632 3509
f 3508 2633 3509
f 4101 3508 3509
f 3508 4101 4104
f 4104 2689 3508
f 4108 2689 4104
f 4110 4108 4104
f 4111 4110 4104
f 3563 4111 4104
f 4115 4111 3563
f 3565 4115 3563
f 3563 3564 3565
f 4119 3565 3564
f 3515 4119 3564
f 3515 3564 2615
f 2615 2992 3515
f 3514 3515 2992
f 2992 4123 3514
f 2781 3514 4123
f 2779 2781 4123
f 4123 4127 2779
f 4130 2779 4127
f 4127 4131 4130
f 4131 1914 4130
f 3996 4130 1914
f 3996 4136 4130
f 4136 3996 4138
f 4138 4140 4136
f 4141 4136 4140
f 4140 4143 4141
f 4143 4145 4141
f 4145 2780 4141
f 3566 4141 2780
f 3566 2780 2779
f 4136 3566 2779
f 4152 2780 4145
f 4153 4152 4145
f 4155 4152 4153
f 2762 4155 4153
f 2763 2762 4153
f 4153 4156 2763
f 3577 2763 4156
f 3577 4156 3578
f 3576 3577 3578
f 4163 3576 3578
f 4163 3578 4166
f 4163 4166 3659
f 3658 4163 3659
f 3658 3659 3660
f 3660 1942 3658
f 4167 3658 1942
f 4168 4167 1942
f 4168 1942 1941
f 3398 4168 1941
f 4168 2672 4167
f 2672 4170 4167
f 4170 4163 4167
f 4163 4170 4173
f 4175 4173 4170
f 2733 4175 4170
f 2733 4177 4175
f 3582 4177 2733
f 2733 2671 3582
f 2671 3931 3582
f 3583 3582 3931
f 3582 3583 3584
f 3584 3583 4181
f 3584 4181 4068
f 4185 3584 4068
f 4068 4187 4185
f 4190 4185 4187
f 4192 4190 4187
f 4187 4194 4192
f 4194 3588 4192
f 2106 4192 3588
f 3588 3589 2106
f 2106 3589 4198
f 2107 2106 4198
f 3672 2107 4198
f 4198 3670 3672
f 3670 3671 3672
f 3672 3671 2721
f 3672 2721 3523
f 3523 2105 3672
f 2105 3523 3524
f 3524 2106 2105
f 2761 3524 3523
f 3523 4207 2761
f 2761 4207 2762
f 4207 4213 2762
f 3523 4213 4207
f 3524 2761 3629
f 3629 4214 3524
f 4214 4192 3524
f 3577 4214 3629
f 2763 3629 2761
f 3523 2721 4213
f 2721 2723 4213
f 4213 2723 4152
f 4152 2723 3525
f 2723 4056 3525
f 4056 3526 3525
f 3525 3526 3527
f 3525 3527 2780
f 2781 2780 3527
f 2781 3527 4226
f 3527 3526 4226
f 3526 4227 4226
f 4226 4227 4228
f 4226 4228 4230
f 3514 4226 4230
f 4233 3514 4230
f 4230 4228 4233
f 4233 4228 3454
f 3536 4233 3454
f 3536 3454 3534
f 3534 3535 3536
f 3536 3535 4119
f 3535 4243 4119
f 3535 4237 4243
f 4243 4237 2096
f 4243 2096 3565
f 3565 2096 4246
f 4246 2096 2091
f 2705 4246 2091
f 3633 2705 2091
f 3633 2091 2090
f 2090 2098 3633
f 2098 3516 3633
f 3516 4252 3633
f 4252 4253 3633
f 4252 4255 4253
f 4255 3540 4253
f 3539 4253 3540
f 3538 3539 3540
f 3538 3540 3418
f 4257 3538 3418
f 4257 3418 2865
f 2865 2864 4257
f 4260 4257 2864
f 4260 2864 2957
f 4260 2957 4263
f 2957 2956 4263
f 2688 4263 2956
f 2956 4266 2688
f 3545 2688 4266
f 4266 4269 3545
f 4269 3546 3545
f 3545 3546 3547
f 3545 3547 2689
f 3547 4272 2689
f 2633 2689 4272
f 2633 4272 2631
f 4272 4274 2631
f 4274 3448 2631
f 2631 3448 4275
f 2631 4275 3503
f 4275 3461 3503
f 3503 3461 3460
f 3460 3461 3462
f 4279 3460 3462
f 430 4279 3462
f 430 3462 3463
f 430 3463 3215
f 3215 429 430
f 429 3215 3458
f 429 3458 3459
f 4282 3459 3458
f 3471 4282 3458
f 3458 3214 3471
f 3214 3384 3471
f 3741 3471 3384
f 3384 3383 3741
f 3739 3741 3383
f 3383 3447 3739
f 4288 3739 3447
f 3447 4001 4288
f 4001 3442 4288
f 4288 3442 3441
f 3548 4288 3441
f 3440 3548 3441
f 4293 3548 3440
f 4293 3440 3900
f 3900 3899 4293
f 3899 3353 4293
f 4293 3353 4296
f 4296 3353 4267
f 4296 4267 4298
f 4298 3548 4296
f 3548 4298 3642
f 4298 3643 3642
f 3641 3642 3643
f 3643 3155 3641
f 3890 3641 3155
f 3155 3186 3890
f 3437 3890 3186
f 3186 3185 3437
f 3438 3437 3185
f 3185 3549 3438
f 4307 3438 3549
f 4307 3549 4308
f 4308 3459 4307
f 1651 3459 4308
f 4308 4309 1651
f 4310 4309 4308
f 4310 4312 4309
f 2661 4309 4312
f 4312 3760 2661
f 3760 237 2661
f 3958 237 3760
f 3959 3958 3760
f 3760 3759 3959
f 4027 3959 3759
f 4027 3759 4256
f 4028 4027 4256
f 2676 4028 4256
f 4256 2681 2676
f 2681 4256 4259
f 2681 4259 1608
f 1608 4259 2528
f 2528 4259 4264
f 3693 2528 4264
f 4264 3761 3693
f 3761 4312 3693
f 4264 3759 3761
f 2528 3693 3694
f 3694 4204 2528
f 1609 2528 4204
f 4204 3694 4206
f 4206 2649 4204
f 2649 4206 2893
f 4317 4206 3694
f 4018 4317 3694
f 4317 4018 2241
f 2241 4018 3695
f 2241 3695 3696
f 3696 3695 3154
f 3696 3154 3616
f 3696 3616 2530
f 2530 2526 3696
f 2530 3616 3569
f 3569 3616 3567
f 3567 3568 3569
f 3568 3924 3569
f 2061 3569 3924
f 2061 3924 3433
f 3923 3433 3924
f 3432 3433 3923
f 3432 3923 4321
f 4321 3183 3432
f 2007 3432 3183
f 4321 3192 3183
f 3183 3192 3184
f 3182 3183 3184
f 3182 3184 3912
f 3190 3182 3912
f 3912 3191 3190
f 3189 3190 3191
f 3189 3191 4236
f 3427 3189 4236
f 3427 4236 3873
f 3873 4241 3427
f 4128 3427 4241
f 4241 3946 4128
f 4325 4128 3946
f 3698 4325 3946
f 3698 3946 3699
f 3697 3698 3699
f 3697 3699 3520
f 4249 3697 3520
f 4249 3520 3200
f 3199 4249 3200
f 3198 3199 3200
f 3198 3200 3480
f 3480 4186 3198
f 4186 4306 3198
f 485 3198 4306
f 4186 4183 4306
f 4183 4305 4306
f 3800 4306 4305
f 3800 4305 4182
f 3801 3800 4182
f 4182 3356 3801
f 3356 4086 3801
f 3801 4086 537
f 537 2524 3801
f 3702 537 4086
f 4086 4085 3702
f 4085 3701 3702
f 3701 1806 3702
f 4084 3701 4085
f 2588 3701 4084
f 3701 2588 1444
f 4084 4085 4086
f 4084 4086 4098
f 2589 4084 4098
f 4098 4086 3707
f 1482 4098 3707
f 1482 3707 3543
f 3543 3707 3708
f 3543 3708 3805
f 3544 3543 3805
f 3805 3804 3544
f 3804 2948 3544
f 2948 2134 3544
f 4217 2134 2948
f 4216 4217 2948
f 4331 4216 2948
f 2948 2947 4331
f 4216 4331 4221
f 4221 3898 4216
f 3906 4221 4331
f 4217 4216 3898
f 3784 2948 3804
f 3784 3804 3475
f 3475 3293 3784
f 3293 3475 3477
f 3477 4231 3293
f 3294 3293 4231
f 3294 4231 3710
f 3709 3294 3710
f 3709 3710 3711
f 4289 3709 3711
f 4289 3711 3615
f 3615 3767 4289
f 3034 4289 3767
f 3767 4154 3034
f 3035 3034 4154
f 3035 4154 3689
f 3035 3689 3712
f 3714 3035 3712
f 3712 3713 3714
f 3713 3583 3714
f 3714 3583 3929
f 3622 3713 3712
f 3712 3623 3622
f 3621 3622 3623
f 3621 3623 4057
f 3621 4057 4147
f 3621 4147 3676
f 3676 3677 3621
f 3621 3677 4064
f 3621 4064 4069
f 4064 4339 4069
f 4068 4069 4339
f 4068 3622 4069
f 4064 4194 4339
f 4194 4064 3679
f 4074 3679 4064
f 4064 3467 4074
f 3591 4074 3467
f 3590 3591 3467
f 3467 3469 3590
f 4037 3590 3469
f 3469 4342 4037
f 3678 4037 4342
f 4342 3884 3678
f 3678 3884 3556
f 3678 3556 3273
f 4038 3678 3273
f 4038 3273 3275
f 4176 4038 3275
f 4176 3275 4180
f 4180 4179 4176
f 3590 4176 4179
f 4179 4180 3652
f 3652 3927 4179
f 4102 4179 3927
f 4102 3927 4103
f 4102 4103 3680
f 4102 3680 3679
f 4102 3679 3591
f 3679 3680 3588
f 3680 4103 3928
f 3680 3928 3589
f 3589 3928 4117
f 3928 3955 4117
f 4117 3955 4118
f 4120 4117 4118
f 4118 3601 4120
f 4120 3601 3603
f 4120 3603 3670
f 3603 3602 3670
f 3601 3602 3603
f 3466 3602 3601
f 3466 3465 3602
f 4105 3602 3465
f 3465 4040 4105
f 3682 4105 4040
f 4040 3683 3682
f 3682 3683 3684
f 3682 3684 4049
f 4049 4048 3682
f 4047 4048 4049
f 4047 4049 2722
f 2721 4047 2722
f 2722 4049 4055
f 2722 4055 4056
f 4056 4055 4227
f 4055 3999 4227
f 3532 4227 3999
f 3999 3674 3532
f 3532 3674 3587
f 3587 3533 3532
f 3531 3532 3533
f 3533 3455 3531
f 4228 3531 3455
f 3249 3455 3533
f 4160 3249 3533
f 4160 3533 4161
f 4161 4351 4160
f 3248 4160 4351
f 3248 4351 3940
f 3940 3041 3248
f 3043 3248 3041
f 3041 3042 3043
f 4237 3043 3042
f 3042 3046 4237
f 3042 3047 3046
f 3046 3047 2096
f 3047 2089 2096
f 2089 3047 3038
f 2090 2089 3038
f 3038 2099 2090
f 3058 2099 3038
f 3038 3059 3058
f 3058 3059 3060
f 4060 3058 3060
f 4060 3060 3453
f 3453 3452 4060
f 3480 4060 3452
f 3480 3452 3451
f 3480 3451 4183
f 4182 4183 3451
f 3451 3357 4182
f 3688 3357 3451
f 3688 3451 3453
f 3453 4191 3688
f 4197 3688 4191
f 4191 3498 4197
f 4197 3498 3998
f 3511 4197 3998
f 4357 3511 3998
f 4357 3998 4201
f 3777 4357 4201
f 3777 4201 3613
f 3615 3777 3613
f 3613 3614 3615
f 3614 3613 3501
f 3501 4078 3614
f 4132 3614 4078
f 4132 4078 3500
f 4132 3500 3690
f 3689 4132 3690
f 3689 3690 3623
f 3690 3500 3502
f 3690 3502 4057
f 4057 3502 4139
f 4148 4139 3502
f 3502 3340 4148
f 3340 4146 4148
f 4146 4147 4148
f 3651 4147 4146
f 4146 4304 3651
f 3574 3651 4304
f 4304 3933 3574
f 3932 3574 3933
f 3933 4363 3932
f 3932 4363 3493
f 3493 3940 3932
f 3932 3940 3941
f 4364 3932 3941
f 3941 3744 4364
f 3574 4364 3744
f 3744 3579 3574
f 3575 3574 3579
f 3575 3579 3581
f 3879 3575 3581
f 3581 3884 3879
f 3646 3879 3884
f 3645 3879 3646
f 3644 3645 3646
f 3646 3468 3644
f 3676 3644 3468
f 3676 3874 3644
f 3468 3646 3469
f 3874 3645 3644
f 3874 4147 3645
f 4147 3650 3645
f 3645 3650 3879
f 3879 3650 3573
f 3650 3651 3573
f 3884 3581 3580
f 3884 3580 3530
f 3530 3557 3884
f 3557 3530 3558
f 3556 3557 3558
f 3617 3556 3558
f 3617 3558 3529
f 3617 3529 3790
f 3617 3790 3832
f 3831 3617 3832
f 3831 3832 3541
f 3831 3541 3176
f 3838 3831 3176
f 3838 3176 3175
f 3363 3838 3175
f 3363 3175 3320
f 3354 3363 3320
f 3354 3320 3355
f 3360 3354 3355
f 3360 3355 3488
f 3360 3488 3361
f 3360 3361 3362
f 3360 3362 3911
f 3911 4020 3360
f 3917 4020 3911
f 3916 4020 3917
f 3916 3917 3592
f 3367 3916 3592
f 3367 3592 4030
f 4030 3653 3367
f 3652 3367 3653
f 3652 3653 3654
f 3655 3654 3653
f 3655 3928 3654
f 3927 3654 3928
f 3368 3367 3652
f 3366 3367 3368
f 3368 4016 3366
f 4015 3366 4016
f 4016 3966 4015
f 4019 4015 3966
f 4019 3966 3838
f 4019 4020 4015
f 3363 4020 4019
f 4016 3274 3966
f 3274 3617 3966
f 3274 3273 3617
f 4180 3274 4016
f 3366 4015 4020
f 3368 4180 4016
f 3653 4030 3655
f 4030 4205 3655
f 3655 4205 3656
f 3655 3656 3657
f 3955 3655 3657
f 3657 3656 3765
f 3464 3657 3765
f 3765 3766 3464
f 3464 3766 3465
f 4389 3766 3765
f 3766 4389 3774
f 3774 3664 3766
f 3663 3766 3664
f 3663 3664 3665
f 3663 3665 4040
f 3664 3570 3665
f 3665 3570 3683
f 3572 3683 3570
f 3570 3571 3572
f 3888 3572 3571
f 3571 3681 3888
f 3888 3681 4390
f 3888 4390 3892
f 3892 4390 3809
f 3891 3892 3809
f 3669 3891 3809
f 3669 3809 3816
f 3896 3669 3816
f 3816 3752 3896
f 3752 4395 3896
f 3896 4395 4007
f 4007 3904 3896
f 3904 3905 3896
f 3904 3667 3905
f 3905 3667 3669
f 3667 3668 3669
f 3999 3668 3667
f 4003 3668 3999
f 3684 4003 3999
f 3572 4003 3684
f 3572 3892 4003
f 4003 3891 3668
f 3999 3667 3904
f 3675 3904 4007
f 3675 4007 3673
f 3673 3674 3675
f 3673 4007 4400
f 4400 3625 3673
f 3673 3625 3585
f 3587 3673 3585
f 3585 3586 3587
f 3624 3586 3585
f 4161 3586 3624
f 3624 3941 4161
f 3624 3585 3625
f 3744 3624 3625
f 3744 3625 3748
f 4400 3748 3625
f 4400 3749 3748
f 3579 3748 3749
f 3580 3579 3749
f 3749 3753 3580
f 3752 3753 3749
f 3752 3528 3753
f 3530 3753 3528
f 3528 3529 3530
f 3529 3528 3791
f 3820 3791 3528
f 3628 3820 3528
f 3817 3628 3528
f 3628 3817 3816
f 3816 3626 3628
f 3626 3627 3628
f 3110 3628 3627
f 3111 3110 3627
f 3111 3627 3810
f 3810 4326 3111
f 3862 3111 4326
f 4326 3811 3862
f 3811 3270 3862
f 3862 3270 4407
f 3631 3862 4407
f 3408 3631 4407
f 3631 3408 3415
f 3631 3415 3417
f 3417 3630 3631
f 3630 3112 3631
f 3631 3112 3111
f 3819 3112 3630
f 3630 3792 3819
f 3819 3792 3791
f 3790 3791 3792
f 3956 3790 3792
f 3792 3798 3956
f 3541 3956 3798
f 3541 3798 3799
f 3799 3542 3541
f 3177 3541 3542
f 3177 3542 3716
f 3715 3177 3716
f 3715 3716 3081
f 3081 3103 3715
f 3724 3715 3103
f 3103 3355 3724
f 3355 3103 3102
f 3355 3102 3640
f 3731 3355 3640
f 3731 3640 3732
f 3732 3736 3731
f 3731 3736 3488
f 3488 3736 3489
f 3489 3736 3721
f 3721 4411 3489
f 3687 3489 4411
f 3687 4411 3822
f 3822 3823 3687
f 3593 3687 3823
f 3823 3594 3593
f 3592 3593 3594
f 3592 3594 3835
f 3835 3594 4205
f 4205 3594 3841
f 4205 3841 4389
f 3594 3823 3841
f 3841 3823 3847
f 3774 3841 3847
f 3847 3258 3774
f 3846 3258 3847
f 3846 3257 3258
f 3257 3089 3258
f 3258 3089 3664
f 3089 3088 3664
f 3664 3088 3259
f 3088 3254 3259
f 3259 3254 3571
f 3088 3255 3254
f 3253 3254 3255
f 3255 3845 3253
f 3253 3845 3272
f 3253 3272 3271
f 3270 3271 3272
f 3844 3270 3272
f 3844 3408 3270
f 3409 3408 3844
f 3844 4211 3409
f 3409 4211 4354
f 4354 3860 3409
f 3860 3410 3409
f 3410 3860 3637
f 3416 3410 3637
f 3636 3416 3637
f 3637 3834 3636
f 3834 4162 3636
f 3636 4162 3871
f 3871 3792 3636
f 3417 3636 3792
f 3799 3871 4162
f 3799 4162 3870
f 3716 3799 3870
f 3870 3082 3716
f 3082 3870 3550
f 3082 3550 3551
f 3083 3082 3551
f 3806 3083 3551
f 3806 3551 3734
f 3806 3734 3733
f 3638 3806 3733
f 3733 3639 3638
f 3638 3639 3640
f 3639 3733 3812
f 3813 3639 3812
f 3812 3242 3813
f 3813 3242 3737
f 3813 3737 3732
f 3732 3737 3818
f 3818 3737 3722
f 3736 3818 3722
f 3722 3737 3054
f 4314 3722 3054
f 4314 3054 3053
f 3053 3725 4314
f 4258 4314 3725
f 4258 3725 3727
f 4258 3727 4254
f 4258 4254 3822
f 3257 3822 4254
f 4254 3796 3257
f 4254 3727 3796
f 3727 3404 3796
f 3797 3796 3404
f 3404 3403 3797
f 3797 3403 3090
f 3797 3090 3089
f 3316 3090 3403
f 3403 3314 3316
f 3314 3315 3316
f 3316 3315 3845
f 3845 3315 3844
f 3314 4212 3315
f 4211 3315 4212
f 3803 4212 3314
f 3997 3803 3314
f 3323 3803 3997
f 3324 3323 3997
f 3324 3997 3403
f 3322 3323 3324
f 3726 3322 3324
f 3726 3324 3727
f 3322 3726 3983
f 3983 3487 3322
f 3322 3487 3434
f 3487 3049 3434
f 3434 3049 3048
f 3802 3434 3048
f 3802 3048 3803
f 3861 3803 3048
f 3861 3048 3785
f 3785 4151 3861
f 3833 3861 4151
f 3833 4151 3666
f 3834 3833 3666
f 3834 3666 3662
f 3666 3661 3662
f 3661 3330 3662
f 3662 3330 3550
f 4162 3662 3550
f 3661 3328 3330
f 3328 3329 3330
f 3863 3330 3329
f 3863 3329 4122
f 3864 3863 4122
f 4122 3474 3864
f 3864 3474 3023
f 4238 3864 3023
f 3023 3022 4238
f 3343 4238 3022
f 3022 3344 3343
f 3343 3344 3345
f 3391 3343 3345
f 3392 3391 3345
f 3392 3345 4247
f 3392 4247 3495
f 3494 3392 3495
f 3494 3495 4415
f 3755 3494 4415
f 3756 3755 4415
f 3756 4415 3422
f 3422 3742 3756
f 3756 3742 4302
f 4302 3754 3756
f 4302 3220 3754
f 3754 3220 3015
f 3015 3014 3754
f 3754 3014 3755
f 3755 3014 3457
f 3745 3457 3014
f 3745 3014 3013
f 3351 3745 3013
f 3351 3013 3015
f 3015 3350 3351
f 3231 3351 3350
f 3444 3231 3350
f 4008 3444 3350
f 3350 3219 4008
f 3505 4008 3219
f 4080 3505 3219
f 3219 4000 4080
f 4000 3141 4080
f 3364 4080 3141
f 3364 3141 3365
f 3506 3364 3365
f 3506 3365 4280
f 3506 4280 3125
f 3125 3507 3506
f 3505 3506 3507
f 4225 3507 3125
f 3125 3208 4225
f 4225 3208 3897
f 4225 3897 3634
f 4225 3634 4218
f 4218 3444 4225
f 4218 3445 3444
f 3910 3445 4218
f 4218 3635 3910
f 3635 4343 3910
f 3910 4343 4234
f 3910 4234 3889
f 4234 4235 3889
f 3889 4235 3943
f 3889 3943 3372
f 3371 3889 3372
f 3371 3372 3373
f 3895 3371 3373
f 4297 3895 3373
f 4290 4297 3373
f 3373 4295 4290
f 4295 4291 4290
f 4290 4291 3193
f 3193 3436 4290
f 3380 4290 3436
f 3380 3436 3378
f 3378 3379 3380
f 3379 3244 3380
f 3380 3244 3243
f 3243 3519 3380
f 3380 3519 4297
f 3243 3518 3519
f 3895 3519 3518
f 3895 3518 3230
f 3232 3895 3230
f 3230 3231 3232
f 3371 3232 3231
f 3445 3371 3231
f 4062 3230 3518
f 3745 3230 4062
f 4075 3745 4062
f 4075 4062 4073
f 4073 3751 4075
f 3390 4075 3751
f 3391 3390 3751
f 4075 3390 3457
f 3392 3457 3390
f 3751 4073 3812
f 3812 4171 3751
f 3751 4171 3343
f 4073 4062 3243
f 4073 3243 3242
f 3243 4062 3518
f 3242 3243 3244
f 3242 3244 3379
f 3055 3379 3378
f 3968 3055 3378
f 3055 3968 3983
f 3055 3983 3783
f 3783 3053 3055
f 3968 4178 3983
f 3968 3436 4178
f 4178 3436 3195
f 3195 3487 4178
f 3195 3194 3487
f 3260 3487 3194
f 3260 3194 3261
f 3260 3261 3049
f 3261 4121 3049
f 3050 3049 4121
f 4121 4109 3050
f 3661 3050 4109
f 3661 3785 3050
f 4109 4121 4122
f 4109 4122 3328
f 4122 4121 3472
f 4121 3261 3472
f 3472 3261 3473
f 3472 3473 3474
f 3763 3474 3473
f 3473 3776 3763
f 3762 3763 3776
f 3762 3776 3965
f 3762 3965 3264
f 3174 3762 3264
f 3264 3265 3174
f 3172 3174 3265
f 3265 3301 3172
f 3301 4026 3172
f 3172 4026 3173
f 4369 3173 4026
f 4026 4034 4369
f 4369 4034 4052
f 3431 4369 4052
f 3499 3431 4052
f 4052 4053 3499
f 4053 3284 3499
f 4017 3499 3284
f 3286 4017 3284
f 3284 3285 3286
f 3140 3286 3285
f 3140 3285 4451
f 4451 4149 3140
f 3872 3140 4149
f 3872 4149 3878
f 3878 3877 3872
f 4338 3872 3877
f 4338 3877 3478
f 3478 3126 4338
f 4338 3126 4280
f 3126 3478 3479
f 3124 3126 3479
f 3479 3632 3124
f 3124 3632 3208
f 3208 3632 3289
f 3632 3945 3289
f 3289 3945 3290
f 3289 3290 3291
f 3897 3289 3291
f 3290 4242 3291
f 3635 3291 4242
f 3634 3291 3635
f 4242 3290 3954
f 4242 3954 4456
f 4242 4456 4343
f 4235 4456 3954
f 3954 4250 4235
f 3954 4193 4250
f 3768 4250 4193
f 4193 3302 3768
f 3302 3301 3768
f 3300 3301 3302
f 4144 3300 3302
f 4189 4144 3302
f 4188 4144 4189
f 4188 4189 3953
f 3953 4203 4188
f 4202 4203 3953
f 3290 4202 3953
f 3290 4134 4202
f 4134 3485 4202
f 3485 3484 4202
f 3484 3485 3284
f 3285 3485 4134
f 4133 3285 4134
f 4133 4134 3945
f 4150 4133 3945
f 3945 3307 4150
f 3306 4150 3307
f 3305 3306 3307
f 3305 3307 3632
f 3478 3306 3305
f 4150 3306 4149
f 4149 4133 4150
f 4202 3484 4203
f 4203 3484 4034
f 4144 4203 4034
f 3954 3953 4189
f 4188 4203 4144
f 4034 3300 4144
f 3302 4193 4189
f 4250 3768 3264
f 4250 3264 3944
f 3943 4250 3944
f 3943 3944 3935
f 3937 3943 3935
f 3935 3936 3937
f 3937 3936 4291
f 3372 3937 4291
f 3965 3936 3935
f 3965 3935 3944
f 3954 4189 4193
f 3290 3953 3954
f 3945 4134 3290
f 3632 3307 3945
f 3479 3305 3632
f 3124 3125 3126
f 3479 3478 3305
f 3877 3306 3478
f 3872 4338 3365
f 3877 3878 3306
f 4149 3306 3878
f 3365 3140 3872
f 4149 4451 4133
f 3285 4133 4451
f 3140 3139 3286
f 3139 3140 3141
f 3141 3887 3139
f 3887 3743 3139
f 3424 3139 3743
f 3424 3743 3422
f 3422 3423 3424
f 3424 3423 3429
f 3424 3429 3499
f 3423 3151 3429
f 3151 3837 3429
f 3430 3429 3837
f 3837 3825 3430
f 3824 3430 3825
f 3825 3930 3824
f 3824 3930 3173
f 3930 3174 3173
f 3706 3174 3930
f 3174 3706 3163
f 3161 3163 3706
f 3150 3161 3706
f 3706 3825 3150
f 3149 3161 3150
f 3149 3150 3151
f 3495 3149 3151
f 3149 3854 3161
f 3854 3162 3161
f 3024 3162 3854
f 3024 3854 3022
f 3162 3024 3763
f 3024 3023 3763
f 3344 3854 3149
f 3149 4247 3344
f 3161 3162 3163
f 3163 3162 3762
f 3825 3706 3930
f 3430 3824 3431
f 3837 3150 3825
f 3429 3430 3431
f 3837 3151 3150
f 4415 3151 3423
f 3139 3424 4017
f 3887 3742 3743
f 3285 3284 3485
f 3139 4017 3286
f 3499 4017 3424
f 3284 4053 3484
f 4052 3484 4053
f 3431 3499 3429
f 3431 3824 4369
f 4034 3484 4052
f 4026 3300 4034
f 4369 3824 3173
f 3300 4026 3301
f 3265 3768 3301
f 3172 3173 3174
f 3768 3265 3264
f 3163 3762 3174
f 3264 3965 3944
f 3776 3936 3965
f 3776 3194 3936
f 3936 3194 3193
f 3762 3162 3763
f 3776 3473 3261
f 3261 3194 3776
f 3193 3194 3195
f 3979 3379 3055
f 3054 3979 3055
f 3737 3379 3979
f 3968 3378 3436
f 3436 3193 3195
f 4291 3936 3193
f 4291 4295 3372
f 4290 3380 4297
f 4297 3519 3895
f 3232 3371 3895
f 4295 3373 3372
f 3371 3445 3889
f 3372 3943 3937
f 3943 4235 4250
f 4234 4456 4235
f 4343 4456 4234
f 3635 4242 4343
f 3910 3889 3445
f 3635 4218 3634
f 3291 3634 3897
f 3208 3289 3897
f 3208 3125 3124
f 3507 4225 3444
f 3126 3125 4280
f 4338 4280 3365
f 3365 3141 3140
f 3506 4080 3364
f 3141 4000 3887
f 4000 3221 3887
f 4302 3887 3221
f 3219 3221 4000
f 3219 3220 3221
f 3505 4080 3506
f 4008 3505 3507
f 3350 3220 3219
f 3507 3444 4008
f 3231 3444 3445
f 3230 3351 3231
f 3351 3230 3745
f 4075 3457 3745
f 3013 3014 3015
f 3350 3015 3220
f 3221 3220 4302
f 4302 3742 3887
f 3742 3422 3743
f 4415 3423 3422
f 3754 3755 3756
f 3457 3494 3755
f 4415 3495 3151
f 3494 3457 3392
f 4247 3149 3495
f 3390 3391 3392
f 3751 3343 3391
f 3345 3344 4247
f 3344 3022 3854
f 4171 4238 3343
f 4171 3735 4238
f 3735 4171 3733
f 3022 3023 3024
f 3735 3864 4238
f 3023 3474 3763
f 4122 3472 3474
f 3735 3863 3864
f 3863 3735 3734
f 3330 3863 3734
f 3329 3328 4122
f 3661 4109 3328
f 4151 3661 3666
f 3860 3861 3833
f 4151 3785 3661
f 3050 3785 3048
f 3323 3434 3802
f 3048 3049 3050
f 3260 3049 3487
f 4178 3487 3983
f 3783 3983 3726
f 3783 3726 3725
f 3322 3434 3323
f 3323 3802 3803
f 4212 3803 3861
f 4354 4212 3861
f 3403 3997 3314
f 3090 3316 3255
f 3403 3404 3324
f 3796 3797 3089
f 3727 3324 3404
f 3725 3726 3727
f 4258 3723 4314
f 4411 3723 4258
f 3053 3783 3725
f 3053 3054 3055
f 3723 3722 4314
f 3721 3722 3723
f 3737 3979 3054
f 3737 3242 3379
f 4073 3242 3812
f 3732 3639 3813
f 4171 3812 3733
f 3806 3638 3101
f 3101 3638 3102
f 3733 3734 3735
f 3330 3734 3551
f 3101 3083 3806
f 3081 3083 3101
f 3081 3082 3083
f 3551 3550 3330
f 3870 4162 3550
f 3834 3662 4162
f 3637 3833 3834
f 3416 3636 3417
f 3410 3416 3415
f 3637 3860 3833
f 3861 3860 4354
f 4212 4354 4211
f 3844 3315 4211
f 3408 3409 3410
f 3844 3272 3845
f 3316 3845 3255
f 3253 3271 3254
f 3254 3271 3681
f 3271 3811 3681
f 3090 3255 3088
f 3088 3089 3090
f 3796 3089 3257
f 3822 3257 3846
f 3847 3823 3846
f 3362 3687 3593
f 3917 3362 3593
f 3822 3846 3823
f 3822 4411 4258
f 3361 3489 3687
f 3721 3723 4411
f 3722 3721 3736
f 3732 3818 3736
f 3639 3732 3640
f 3640 3102 3638
f 3101 3102 3103
f 3103 3081 3101
f 3081 3716 3082
f 3724 3177 3715
f 3177 3724 3320
f 3542 3799 3716
f 3799 3798 3871
f 3798 3792 3871
f 3110 3112 3819
f 3820 3110 3819
f 3630 3417 3792
f 3415 3416 3417
f 3410 3415 3408
f 3270 3408 4407
f 3811 3271 3270
f 3811 4326 3681
f 3111 3862 3631
f 4390 4326 3810
f 3110 3111 3112
f 3626 3810 3627
f 3626 3809 3810
f 3628 3110 3820
f 3819 3791 3820
f 3752 3817 3528
f 4400 4395 3749
f 3904 3675 3674
f 4400 4007 4395
f 3749 4395 3752
f 3752 3816 3817
f 3669 3896 3905
f 3626 3816 3809
f 3668 3891 3669
f 4003 3892 3891
f 4390 3810 3809
f 4326 4390 3681
f 3254 3681 3571
f 3572 3888 3892
f 3571 3570 3259
f 3664 3259 3570
f 4040 3766 3663
f 3664 3774 3258
f 4389 3841 3774
f 3657 3464 3486
f 3657 3486 4118
f 4118 3486 3466
f 3486 3464 3466
f 3765 3656 4389
f 4205 4389 3656
f 4030 3835 4205
f 4030 3592 3835
f 3366 3916 3367
f 3593 3592 3917
f 4020 3916 3366
f 3911 3362 3917
f 3362 3361 3687
f 3361 3488 3489
f 3355 3731 3488
f 3354 3360 4020
f 3724 3355 3320
f 4020 3363 3354
f 3177 3320 3175
f 4019 3838 3363
f 3175 3176 3177
f 3831 3838 3966
f 3176 3541 3177
f 3832 3956 3541
f 3966 3617 3831
f 3832 3790 3956
f 3791 3790 3529
f 3558 3530 3529
f 3580 3753 3530
f 3573 3575 3879
f 3579 3580 3581
f 3573 3574 3575
f 3579 3744 3748
f 3624 3744 3941
f 3492 3940 3493
f 3491 3492 3493
f 3493 3984 3491
f 3984 3982 3491
f 3059 3491 3982
f 3491 3059 3047
f 3982 3984 3496
f 3496 3981 3982
f 3060 3982 3981
f 3496 4191 3981
f 3496 3984 3497
f 3496 3497 3498
f 3497 3984 3985
f 3497 3985 3339
f 3998 3497 3339
f 3340 3339 3985
f 3338 3339 3340
f 3338 3340 3501
f 3338 3613 3339
f 3985 3984 4303
f 4303 4304 3985
f 4303 3984 4363
f 3042 3492 3491
f 3984 3493 4363
f 4363 3933 4303
f 3574 3932 4364
f 4303 3933 4304
f 3573 3651 3574
f 4146 3985 4304
f 4147 3651 3650
f 3985 4146 3340
f 3340 3502 3501
f 4139 4148 4147
f 3500 3501 3502
f 3767 3614 4132
f 3501 3500 4078
f 3501 3613 3338
f 3613 4201 3339
f 4201 3998 3339
f 3777 3511 4357
f 3477 3511 3777
f 3476 3511 3477
f 3476 3512 3511
f 3511 3512 3513
f 3513 3512 4197
f 3476 3708 3512
f 3512 3708 3358
f 3357 3512 3358
f 3356 3357 3358
f 3358 4219 3356
f 4219 3358 3708
f 4220 4219 3708
f 3707 4219 4220
f 3511 3513 4197
f 3498 3497 3998
f 4191 3496 3498
f 3512 3688 4197
f 3453 3981 4191
f 3512 3357 3688
f 3480 3481 4060
f 3375 4060 3481
f 3375 3481 4370
f 3376 3375 4370
f 4370 4405 3376
f 4405 3517 3376
f 3516 3376 3517
f 3517 4405 4413
f 4413 3419 3517
f 3517 3419 4292
f 3517 4292 4255
f 3540 4292 3419
f 4413 3946 3419
f 4413 3521 3946
f 3521 4413 4405
f 4405 3522 3521
f 3520 3521 3522
f 3520 3522 4299
f 4370 3520 4299
f 4405 4299 3522
f 4299 4405 4370
f 3375 3376 2098
f 3375 2098 2099
f 3200 4370 3481
f 2099 4060 3375
f 3451 3452 3453
f 3060 3981 3453
f 3982 3060 3059
f 3058 4060 2099
f 3059 3038 3047
f 3047 3042 3491
f 3043 4237 4071
f 3249 3043 4071
f 3249 4071 3456
f 3535 3456 4071
f 3041 3492 3042
f 3248 3043 3249
f 3940 3492 3041
f 3941 3940 4351
f 4351 4161 3941
f 3586 4161 3533
f 3249 4160 3248
f 3249 3456 3455
f 3454 3455 3456
f 3586 3533 3587
f 3673 3587 3674
f 3999 3904 3674
f 4227 3532 3531
f 4049 3999 4055
f 4048 4047 3671
f 3602 4048 3671
f 3999 4049 3684
f 3683 3572 3684
f 3665 3683 4040
f 4105 3682 4048
f 3465 3766 4040
f 3602 4105 4048
f 3464 3465 3466
f 3601 4118 3466
f 4117 4120 4198
f 4118 3955 3657
f 3928 3655 3955
f 3928 4103 3927
f 4179 4102 3591
f 3654 3927 3652
f 3368 3652 4180
f 4180 3275 3274
f 4038 4176 4037
f 3273 3274 3275
f 3273 3556 3617
f 3556 3884 3557
f 3884 4342 3646
f 4037 3678 4038
f 4342 3469 3646
f 4037 4176 3590
f 3467 3468 3469
f 3677 3468 3467
f 3591 3590 4179
f 4074 3591 3679
f 3467 4064 3677
f 3677 3676 3468
f 3676 4147 3874
f 4057 4139 4147
f 3623 3690 4057
f 3622 3621 4069
f 3622 4181 3713
f 3035 3714 3685
f 3712 3689 3623
f 4154 4132 3689
f 3033 3034 3035
f 4132 4154 3767
f 3034 4164 4289
f 3922 4164 3034
f 3767 3615 3614
f 3711 3777 3615
f 3709 4289 4164
f 4164 3920 3709
f 3710 3777 3711
f 3920 3294 3709
f 3710 4231 3777
f 3292 3293 3294
f 3294 3775 3292
f 3537 3292 3775
f 3537 3293 3292
f 3537 2948 3293
f 2949 2948 3537
f 4231 3477 3777
f 3475 3476 3477
f 3475 3805 3476
f 3784 3293 2948
f 3475 3804 3805
f 2133 3543 3544
f 3805 3708 3476
f 3708 3707 4220
f 4219 3707 4086
f 3356 4219 4086
f 3357 3356 4182
f 3800 3801 2524
f 3800 1799 4306
f 4183 4182 4305
f 3480 4183 4186
f 3480 3200 3481
f 3199 3198 485
f 3199 992 4249
f 992 2495 4249
f 2495 4397 4249
f 2495 3698 4397
f 3698 2495 4199
f 4199 4200 3698
f 3311 4200 4199
f 3311 4199 19
f 3312 4200 3311
f 3311 2511 3312
f 4347 3312 2511
f 2511 3483 4347
f 4129 4347 3483
f 4128 4129 3483
f 4347 4129 4325
f 4200 4347 4325
f 3482 3483 2511
f 3482 2511 765
f 3482 3427 3483
f 4142 3427 3482
f 764 4142 3482
f 764 3938 4142
f 3938 3428 4142
f 3938 4386 3428
f 3190 3428 4386
f 3190 4386 864
f 4385 864 4386
f 2015 864 4385
f 3938 4385 4386
f 2463 4385 3938
f 764 2463 3938
f 4142 3428 3427
f 2468 2511 3311
f 3312 4347 4200
f 3200 3520 4370
f 4397 3697 4249
f 3699 3521 3520
f 3698 3697 4397
f 3699 3946 3521
f 4200 4325 3698
f 4128 4325 4129
f 3419 3946 4241
f 3419 4241 3420
f 3418 3419 3420
f 3483 3427 4128
f 4241 3873 3420
f 3873 2866 3420
f 3420 2866 2865
f 3873 3880 2866
f 2866 3880 3881
f 2866 3881 2864
f 3881 3900 2864
f 3425 2864 3900
f 2864 3425 2956
f 3880 3619 3881
f 3619 3134 3881
f 3881 3134 3899
f 3619 3132 3134
f 3132 3133 3134
f 3353 3134 3133
f 3352 3353 3133
f 3352 3133 3192
f 3192 3826 3352
f 3352 3826 4267
f 3826 3568 4267
f 4267 3568 4268
f 4268 3568 3153
f 4268 3153 3643
f 3923 3568 3826
f 3132 3184 3133
f 3618 3184 3132
f 3618 3132 3619
f 3880 3618 3619
f 3880 3873 3618
f 3873 3912 3618
f 3189 3427 3428
f 4236 3191 3873
f 3189 3428 3190
f 3191 3912 3873
f 3190 2501 3182
f 3912 3184 3618
f 3183 3182 2501
f 3184 3192 3133
f 3192 4321 3826
f 3826 4321 3923
f 3432 2013 3433
f 3923 3924 3568
f 3153 3568 3567
f 3567 4286 3153
f 3153 4286 3154
f 3153 3154 3155
f 3616 4286 3567
f 4286 3616 3154
f 3154 3695 3185
f 3185 3695 4018
f 4018 4323 3185
f 4323 4018 4310
f 4323 4310 3549
f 4018 3693 4310
f 2240 4206 4317
f 3693 4018 3694
f 4264 4259 4256
f 4027 4028 1681
f 4256 3759 4264
f 3959 4027 1681
f 1681 1916 3959
f 3435 3959 1916
f 1916 425 3435
f 425 2714 3435
f 3759 3760 3761
f 3958 3959 3435
f 237 3958 3435
f 3760 4312 3761
f 4312 4310 3693
f 3549 4310 4308
f 3438 4307 3459
f 3185 4323 3549
f 3437 3438 3439
f 3439 3969 3437
f 3437 3969 3471
f 4282 3969 3439
f 3439 3438 4282
f 3154 3185 3186
f 3890 3437 3471
f 3155 3154 3186
f 3641 3890 3740
f 3741 3740 3890
f 3155 3643 3153
f 3642 3641 3740
f 3642 3740 4288
f 4268 3643 4298
f 4267 4268 4298
f 3352 4267 3353
f 3134 3353 3899
f 3899 3900 3881
f 3440 3425 3900
f 3425 3440 4266
f 4296 3548 4293
f 3548 3642 4288
f 3440 3441 3442
f 3440 3442 4269
f 4002 4269 3442
f 4001 4002 3442
f 3447 4002 4001
f 4002 3447 4274
f 4274 4355 4002
f 4355 3546 4002
f 4355 4274 3546
f 3740 3739 4288
f 3447 3383 3448
f 4009 3448 3383
f 4009 3383 3216
f 3750 4009 3216
f 3215 3750 3216
f 3214 3215 3216
f 3462 4009 3750
f 3448 4009 3461
f 3739 3740 3741
f 3216 3383 3384
f 3471 3741 3890
f 3384 3214 3216
f 4282 3471 3969
f 3459 4282 3438
f 3214 3458 3215
f 3215 3463 3750
f 3750 3463 3462
f 4279 430 4319
f 4279 4319 3030
f 4279 3030 3029
f 3028 3029 3030
f 3030 4319 3028
f 3852 3028 4319
f 4319 3597 3852
f 3852 3597 3853
f 3852 3853 3388
f 3387 3852 3388
f 3387 3388 3389
f 3554 3387 3389
f 3389 3808 3554
f 3554 3808 3857
f 3857 3808 3858
f 3857 3858 3859
f 3859 799 3857
f 4054 3857 799
f 798 4054 799
f 799 3859 3120
f 800 799 3120
f 800 3120 3780
f 3780 3120 3119
f 3780 3119 2767
f 2767 3119 3399
f 2767 3399 3866
f 3399 1983 3866
f 1983 2386 3866
f 3869 1983 3399
f 3399 3795 3869
f 3719 3869 3795
f 3794 3719 3795
f 3795 3986 3794
f 3794 3986 3061
f 3061 3063 3794
f 3061 3062 3063
f 3063 3062 3842
f 3063 3842 3719
f 3842 3720 3719
f 3719 3720 3400
f 3720 4088 3400
f 4088 3250 3400
f 3400 3250 3401
f 4315 3400 3401
f 1984 4315 3401
f 1984 1983 4315
f 3400 4315 3869
f 3250 3251 3401
f 2158 3401 3251
f 3251 3829 2158
f 4090 2158 3829
f 4090 3829 2373
f 4091 4090 2373
f 4090 4091 2159
f 3829 3251 1545
f 3829 1545 1544
f 3250 1545 3251
f 4087 1545 3250
f 4087 1506 1545
f 3250 4088 4087
f 2595 4087 4088
f 3720 2595 4088
f 3842 2595 3720
f 1517 2595 3842
f 3062 1517 3842
f 3093 3062 3061
f 3061 3094 3093
f 3092 3093 3094
f 3094 4100 3092
f 3598 3092 4100
f 4100 3405 3598
f 3597 3598 3405
f 3597 254 3598
f 3406 3405 4100
f 3405 3406 3407
f 3407 3388 3405
f 3407 3858 3388
f 3406 3605 3407
f 3604 3407 3605
f 3604 3605 3118
f 3859 3604 3118
f 3605 3986 3118
f 3605 3094 3986
f 3859 3407 3604
f 3094 3605 3406
f 3092 3598 254
f 3406 4100 3094
f 3092 2600 3093
f 2600 3092 2659
f 1518 3062 3093
f 3094 3061 3986
f 3986 3795 3118
f 3795 4336 3118
f 3119 3118 4336
f 3063 3719 3794
f 3869 3719 3400
f 3795 3399 4336
f 1983 3869 4315
f 3119 4336 3399
f 3118 3119 3120
f 3118 3120 3859
f 3407 3859 3858
f 3808 3388 3858
f 3389 3388 3808
f 3852 3387 4432
f 3413 4432 3387
f 3413 3387 3414
f 4327 3413 3414
f 4063 4327 3414
f 4327 4063 3648
f 3815 4327 3648
f 3648 3814 3815
f 4432 3815 3814
f 3560 3648 4063
f 4327 3815 3413
f 3413 3815 4432
f 3853 3405 3388
f 3405 3853 3597
f 3597 4319 4478
f 3597 4478 329
f 4478 430 329
f 3852 4432 3028
f 4083 3028 4432
f 4478 4319 430
f 3460 4279 3029
f 4009 3462 3461
f 3461 4275 3448
f 3448 4274 3447
f 3546 4274 4272
f 3547 3546 4272
f 4002 3546 4269
f 4269 4266 3440
f 2688 3545 2689
f 2687 2688 2689
f 4266 2956 3425
f 4263 2688 2687
f 4527 4263 2687
f 2687 4108 4527
f 4352 4263 4527
f 4474 4352 4527
f 4474 4527 4110
f 2703 4352 4474
f 2703 4474 2704
f 2703 2704 2705
f 2705 4253 2703
f 4474 4111 2704
f 4253 4352 2703
f 4257 4263 4352
f 2956 2957 2864
f 4257 4260 4263
f 2864 2865 2866
f 3420 2865 3418
f 3538 4257 4352
f 3419 3418 3540
f 3538 4352 3539
f 3539 4352 4253
f 4292 3540 4255
f 3517 4255 4252
f 3517 4252 3516
f 3376 3516 2098
f 2098 2090 2099
f 2089 2090 2091
f 3633 4253 2705
f 2704 4246 2705
f 4246 2704 4115
f 2096 2089 2091
f 2096 4237 3046
f 4071 4237 3535
f 3535 3534 3456
f 3456 3534 3454
f 4233 3536 3515
f 4228 3455 3454
f 4227 3531 4228
f 4056 4227 3526
f 2723 2722 4056
f 2721 2722 2723
f 3671 4047 2721
f 3670 3602 3671
f 3670 4198 4120
f 2107 3672 2105
f 2105 2106 2107
f 4198 3589 4117
f 3588 3680 3589
f 4192 2106 3524
f 4194 3679 3588
f 4194 4187 4339
f 4190 4192 4214
f 4486 4190 4214
f 3576 4486 4214
f 4173 4486 3576
f 4173 4177 4486
f 4486 4177 4185
f 4185 4190 4486
f 4068 4339 4187
f 4185 4177 3584
f 3622 4068 4181
f 3583 3713 4181
f 2671 2733 2672
f 4177 3582 3584
f 4173 4175 4177
f 4170 2672 2733
f 4481 2672 4168
f 4168 4324 4481
f 4481 4324 3971
f 4480 4481 3971
f 4480 2752 4481
f 2752 4480 2673
f 2752 2673 2672
f 3980 4324 4168
f 4481 2752 2672
f 1942 3660 2972
f 1943 1942 2972
f 1904 1943 2972
f 2972 4138 1904
f 1904 4138 1905
f 3660 4138 2972
f 3660 4536 4138
f 4536 3660 3659
f 3659 4528 4536
f 4528 4143 4536
f 4143 4528 4156
f 4167 4163 3658
f 4166 4528 3659
f 3578 4528 4166
f 4173 3576 4163
f 4214 3577 3576
f 3578 4156 4528
f 3629 2763 3577
f 4156 4153 4143
f 2761 2762 2763
f 2762 4213 4155
f 4213 4152 4155
f 4152 3525 2780
f 4153 4145 4143
f 4536 4143 4140
f 3566 4136 4141
f 4536 4140 4138
f 2779 4130 4136
f 4127 4123 4131
f 2779 2780 2781
f 2781 4226 3514
f 2992 4131 4123
f 1912 4131 2992
f 1912 2992 1910
f 1910 2992 2614
f 1910 2614 2603
f 1910 2603 2602
f 4013 1910 2602
f 2602 2603 2604
f 2602 2604 4467
f 4467 4517 2602
f 4517 4014 2602
f 4517 4072 4014
f 4517 3700 4072
f 4517 4467 3700
f 2604 2905 4467
f 4467 2905 2924
f 2922 2924 2905
f 2604 2903 2905
f 2903 2904 2905
f 2903 2616 2904
f 2616 4101 2904
f 3564 4101 2616
f 2603 2616 2903
f 2603 2903 2604
f 2614 2616 2603
f 2614 2615 2616
f 3514 4233 3515
f 2992 2615 2614
f 2615 3564 2616
f 3536 4119 3515
f 3565 4119 4243
f 3563 4101 3564
f 4115 3565 4246
f 4115 2704 4111
f 4110 4111 4474
f 4527 4108 4110
f 4108 2687 2689
f 3563 4104 4101
f 3508 2689 2633
f 2631 2632 2633
f 2904 4101 3509
f 3504 2905 2904
f 2632 2631 3503
f 3510 3503 3460
f 2905 3504 2922
f 4089 2923 2922
f 3029 3510 3460
f 4083 3029 3028
f 3814 4083 4432
f 4077 2923 4089
f 2922 2923 2924
f 2924 3700 4467
f 3648 3647 3814
f 4072 3700 3649
f 3560 4070 3648
f 4063 4065 3560
f 2640 4061 2641
f 2640 2641 2642
f 2642 2641 4044
f 4044 4033 2642
f 4044 2641 4565
f 4565 2641 3553
f 4063 3414 4058
f 3414 3387 3554
f 3553 3552 4565
f 3857 4054 3554
f 3552 4051 4565
f 4565 4051 4050
f 4050 4044 4565
f 4039 4046 2707
f 2656 4033 4044
f 2655 2656 2657
f 2655 4033 2656
f 2640 2642 4033
f 4031 4061 2640
f 4025 2784 2776
f 4024 3561 4031
f 3611 3562 3561
f 3562 4014 4072
f 2602 4014 4013
f 3691 1910 4013
f 1911 1910 3691
f 1910 1911 1912
f 1914 4131 1912
f 4006 4011 3610
f 4011 2716 3610
f 1913 1914 1915
f 1914 1913 3996
f 3996 1905 4138
f 1904 1905 1906
f 3991 3609 3987
f 3987 4004 2726
f 1943 1904 1906
f 1941 1942 1943
f 3393 3398 1941
f 3980 4168 3398
f 3978 4324 3980
f 4324 3978 3396
f 3971 4324 3396
f 3971 3606 4480
f 4480 3606 3950
f 4480 3950 2673
f 3947 1063 3942
f 2671 2672 2673
f 2671 3934 3931
f 3583 3931 3929
f 3714 3929 3685
f 3033 3035 3685
f 3034 3033 3925
f 3939 2047 3686
f 3922 3034 3925
f 3922 3920 4164
f 3294 3920 3775
f 2949 3537 3775
f 2947 2948 2949
f 3596 4331 2947
f 3906 4331 3596
f 2751 3908 3909
f 3906 3901 4221
f 3898 4221 3901
f 3898 1896 4217
f 230 298 2132
f 2134 4217 1896
f 3544 2134 2133
f 298 1480 2132
f 2133 1482 3543
f 298 1481 1480
f 2589 4098 1482
f 2588 4084 2589
f 1908 2127 1481
f 1908 1907 2127
f 947 949 1907
f 1446 949 2942
f 1445 1444 2588
f 1444 2582 3701
f 2582 1806 3701
f 2921 1446 2942
f 2921 1873 535
f 537 3702 1806
f 535 1872 536
f 536 1885 171
f 537 1046 2524
f 2524 1799 3800
f 170 2525 171
f 1799 485 4306
f 126 484 170
f 992 3199 485
f 125 2521 484
f 991 2495 992
f 20 4199 2495
f 2521 125 1787
f 1875 21 1787
f 19 4199 20
f 610 3311 19
f 663 609 21
f 610 2468 3311
f 700 2467 609
f 2467 1982 1781
f 2468 765 2511
f 1781 1929 559
f 764 3482 765
f 1929 560 559
f 561 2463 764
f 1927 560 1925
f 4385 2463 2015
f 2016 1927 1926
f 2016 49 48
f 2006 863 48
f 2015 865 864
f 864 2501 3190
f 2501 2007 3183
f 863 2006 2500
f 2007 2013 3432
f 816 3433 2013
f 2006 815 814
f 1853 815 1856
f 2357 2358 1853
f 2357 2062 2358
f 3433 816 2061
f 1144 3569 2061
f 2060 2062 1142
f 3569 1144 2530
f 2052 1143 1142
f 2530 1091 2526
f 2526 2241 3696
f 2241 2240 4317
f 4206 2240 2893
f 1618 2242 1093
f 2649 2893 2243
f 2649 1609 4204
f 1608 2528 1609
f 2280 1607 2235
f 2237 2681 1608
f 2281 2676 2681
f 2281 2272 2676
f 2368 1680 2369
f 2583 2368 2369
f 1247 2368 2583
f 1247 4464 2368
f 4464 420 2368
f 2676 1682 4028
f 1682 1681 4028
f 1916 1681 422
f 422 308 1916
f 2368 420 1680
f 4464 2882 420
f 4573 2882 4464
f 1485 4573 4464
f 1485 2538 4573
f 2538 4334 4573
f 4332 4334 2538
f 2537 4332 2538
f 2536 2537 2538
f 2536 2538 1484
f 4454 2536 1484
f 1484 4492 4454
f 4506 4454 4492
f 1204 4506 4492
f 1204 4492 2575
f 4506 4453 4454
f 4453 2559 4454
f 2559 4453 2557
f 2557 2558 2559
f 2559 2558 2536
f 2871 2536 2558
f 3855 2871 2558
f 3855 1880 2871
f 1880 1879 2871
f 1879 4575 2871
f 4575 4447 2871
f 2871 4447 4448
f 2871 4448 2537
f 4447 4552 4448
f 4448 4552 4445
f 4448 4445 4332
f 4445 4333 4332
f 4445 4446 4333
f 4333 4446 4578
f 4580 4333 4578
f 4578 194 4580
f 4580 194 4581
f 4580 4581 2882
f 4334 4580 2882
f 4581 194 306
f 194 193 306
f 306 193 4316
f 4461 4316 193
f 193 2995 4461
f 4461 2995 2773
f 2773 4583 4461
f 4461 4583 4460
f 4460 3788 4461
f 2585 3788 4460
f 2585 4460 2584
f 2584 266 2585
f 266 235 2585
f 2713 3788 2585
f 4460 4583 2584
f 2584 4583 2886
f 2584 2886 2887
f 2584 2887 267
f 2887 2140 267
f 2887 2404 2140
f 2140 2404 2405
f 2404 2898 2405
f 2405 2898 4489
f 2405 4489 2594
f 4469 2594 4489
f 4469 4489 1866
f 1866 4420 4469
f 4469 4420 1505
f 1866 1865 4420
f 4420 1865 2807
f 2224 4420 2807
f 1865 2806 2807
f 2807 2806 4590
f 2807 4590 1430
f 1431 1430 4590
f 1431 4590 4591
f 2414 1431 4591
f 2414 4591 2415
f 2414 2415 2416
f 4501 2414 2416
f 4501 2416 4436
f 18 4501 4436
f 18 4436 4
f 4434 4436 2416
f 4436 4434 79
f 79 4434 4419
f 4359 4419 4434
f 2443 4359 4434
f 4459 2443 4434
f 2415 4459 4434
f 2415 2428 4459
f 2113 4459 2428
f 2114 2113 2428
f 2114 2428 2806
f 2806 4493 2114
f 2114 4493 4458
f 2115 2114 4458
f 4457 2115 4458
f 4426 4457 4458
f 4458 1867 4426
f 1867 4429 4426
f 4426 4429 2825
f 2825 2827 4426
f 2825 2826 2827
f 2826 3894 2827
f 2827 3894 3893
f 3893 4457 2827
f 3893 2444 4457
f 3893 4577 2444
f 2444 4577 2445
f 2443 2444 2445
f 4358 2443 2445
f 2445 4344 4358
f 4358 4344 4418
f 4358 4418 4359
f 4418 4344 4417
f 4418 4417 4419
f 4417 2475 4419
f 2475 4417 4375
f 4417 4579 4375
f 4579 1258 4375
f 1258 1260 4375
f 1260 2477 4375
f 2465 2477 1260
f 2464 2465 1260
f 1260 1259 2464
f 1259 4322 2464
f 2464 4322 2102
f 2102 4320 2464
f 2102 2101 4320
f 4320 2101 3964
f 2194 4320 3964
f 2194 3964 3770
f 3770 2199 2194
f 2198 2194 2199
f 2198 2199 2200
f 2198 2200 4603
f 649 2198 4603
f 2202 2198 649
f 2202 2195 2198
f 2202 4378 2195
f 4378 2196 2195
f 2194 2195 2196
f 2227 2196 4378
f 2227 4378 4379
f 4379 2226 2227
f 2226 108 2227
f 2226 4379 118
f 4378 648 4379
f 2196 2227 108
f 108 4377 2196
f 4377 2465 2196
f 4320 2196 2465
f 648 4378 2202
f 4603 2200 2479
f 4603 2479 964
f 2478 2479 2200
f 2200 3771 2478
f 3771 3770 2478
f 3770 4353 2478
f 2478 4353 2074
f 2478 2074 2846
f 2846 2074 2073
f 2846 2073 4440
f 4440 4437 2846
f 2847 2846 4437
f 2494 2847 4437
f 2479 2846 2847
f 2157 2479 2847
f 4437 4440 4604
f 4437 4604 4366
f 4605 4437 4366
f 4366 2490 4605
f 909 4605 2490
f 909 2490 2491
f 4496 909 2491
f 2491 4360 4496
f 2165 4496 4360
f 4360 4022 2165
f 4430 2165 4022
f 4022 2446 4430
f 4430 2446 4431
f 4430 4431 953
f 4431 4563 953
f 4529 4563 4431
f 2448 4529 4431
f 4529 2448 4530
f 4529 4530 4531
f 4531 4530 4284
f 4284 4362 4531
f 2056 4531 4362
f 4477 2056 4362
f 4477 4362 1074
f 1074 1076 4477
f 2054 4477 1076
f 2054 1076 4598
f 3919 2054 4598
f 2951 3919 4598
f 2951 4598 4387
f 4387 4543 2951
f 2951 4543 2952
f 2950 2951 2952
f 3963 2950 2952
f 2699 3963 2952
f 4287 2699 2952
f 2429 4287 2952
f 4287 2429 2039
f 2039 2038 4287
f 4473 4287 2038
f 4473 2038 2749
f 2958 4473 2749
f 2958 2749 1277
f 2958 1277 4574
f 4574 1293 2958
f 1293 2539 2958
f 2958 2539 2698
f 2698 2539 2699
f 2539 1293 1256
f 2539 1256 2540
f 2539 2540 3963
f 3962 3963 2540
f 3962 3957 3963
f 3962 3970 3957
f 3957 3970 3919
f 3919 2950 3957
f 3962 1424 3970
f 3962 2540 1256
f 1256 1425 3962
f 1293 1257 1256
f 1255 1256 1257
f 1293 4574 2517
f 1279 2517 4574
f 4574 1277 1279
f 1277 1278 1279
f 3993 1279 1278
f 822 3993 1278
f 2520 1279 3993
f 1277 2748 1278
f 2753 1278 2748
f 2753 2748 3786
f 3836 2753 3786
f 2963 3836 3786
f 2963 3786 299
f 299 1316 2963
f 4479 2963 1316
f 4479 1316 1341
f 4479 1341 2533
f 455 1341 1316
f 455 1316 1317
f 1317 4277 455
f 455 4277 4276
f 887 455 4276
f 4561 887 4276
f 4276 2026 4561
f 4485 4561 2026
f 4485 2026 2028
f 2028 4484 4485
f 2251 4485 4484
f 4609 4484 2028
f 2028 2969 4609
f 4609 2969 4610
f 2548 4609 4610
f 1326 4610 2969
f 3876 1326 2969
f 2968 3876 2969
f 2967 2968 2969
f 2968 2967 4533
f 4532 2968 4533
f 4533 4468 4532
f 4468 3876 4532
f 4341 3876 4468
f 2009 4341 4468
f 2009 4468 1759
f 1759 4468 2976
f 1759 2976 2568
f 2976 2977 2568
f 2976 4519 2977
f 2977 4519 4348
f 2746 2977 4348
f 4348 2747 2746
f 2745 2746 2747
f 2747 4526 2745
f 1880 2745 4526
f 4526 1881 1880
f 4526 4509 1881
f 4350 1881 4509
f 4350 4509 4423
f 4423 4476 4350
f 4475 4350 4476
f 4476 4384 4475
f 4475 4384 4552
f 4552 4384 4383
f 4552 4383 4446
f 4383 4382 4446
f 4382 4482 4446
f 2987 4482 4382
f 4382 2985 2987
f 2985 2986 2987
f 2826 2987 2986
f 2826 4537 2987
f 4483 2987 4537
f 4483 4537 2996
f 2996 195 4483
f 194 4483 195
f 4482 4483 194
f 2996 193 195
f 4537 2994 2996
f 2994 2995 2996
f 2774 2995 2994
f 4429 2774 2994
f 2774 4429 4466
f 4466 2775 2774
f 2773 2774 2775
f 2775 4466 2896
f 2886 2775 2896
f 2896 4466 2897
f 2896 2897 2898
f 1866 2898 2897
f 2897 1867 1866
f 4466 1867 2897
f 4537 2825 2994
f 2985 4518 2986
f 4518 3894 2986
f 2619 3894 4518
f 4518 4471 2619
f 4471 4516 2619
f 2619 4516 2617
f 2617 2618 2619
f 2618 2617 4576
f 2618 4576 4577
f 2901 4577 4576
f 2901 4576 2617
f 2617 2277 2901
f 2277 2279 2901
f 2901 2279 2902
f 4344 2901 2902
f 4344 2902 4579
f 2902 2279 4579
f 2279 4524 4579
f 4524 4523 4579
f 4524 4525 4523
f 1259 4523 4525
f 1258 4523 1259
f 4525 4524 4570
f 1692 4525 4570
f 1692 4570 2868
f 1692 2868 4535
f 1692 4535 2913
f 1693 1692 2913
f 1693 2913 2506
f 2506 2848 1693
f 1693 2848 4399
f 1691 1693 4399
f 4399 4525 1691
f 4525 4399 4322
f 4399 4521 4322
f 4322 4521 2100
f 4521 2644 2100
f 2100 2644 2101
f 2101 2644 2645
f 2645 2644 4560
f 4353 2645 4560
f 4560 2920 4353
f 2075 4353 2920
f 4195 2075 2920
f 2266 4195 2920
f 2919 2266 2920
f 2919 4465 2266
f 2264 2266 4465
f 4465 4442 2264
f 4515 2264 4442
f 4442 2853 4515
f 4408 4515 2853
f 2853 4514 4408
f 3779 4408 4514
f 2450 3779 4514
f 3793 2450 4514
f 2450 3793 3769
f 2450 3769 2418
f 2417 2450 2418
f 2417 2418 2419
f 3764 2417 2419
f 3764 2419 2250
f 2250 2249 3764
f 3764 2249 4422
f 4422 3772 3764
f 4422 2449 3772
f 3772 2449 2417
f 2039 2449 4422
f 4422 313 2039
f 312 2039 313
f 312 313 314
f 314 3787 312
f 2038 312 3787
f 3786 3787 314
f 314 313 338
f 314 338 300
f 300 299 314
f 299 300 301
f 301 1317 299
f 1317 301 427
f 301 428 427
f 426 427 428
f 428 3789 426
f 426 3789 1794
f 426 1794 3781
f 3781 1794 3782
f 3781 3782 4444
f 4582 3781 4444
f 4582 4444 2938
f 4490 4582 2938
f 2939 4490 2938
f 2938 2875 2939
f 2939 2875 2877
f 2939 2877 4472
f 2939 4472 4349
f 2939 4349 2967
f 4349 4472 2747
f 2877 4452 4472
f 4472 4452 4508
f 4472 4508 4526
f 2683 4508 4452
f 4452 2684 2683
f 2682 2683 2684
f 2684 2856 2682
f 2682 2856 2944
f 2682 2944 4476
f 4476 4612 2682
f 2682 4612 4423
f 2944 2946 4476
f 2944 2945 2946
f 2946 2945 4471
f 4471 4572 2946
f 2946 4572 4384
f 4384 4572 2985
f 4572 4471 2985
f 4522 2945 2944
f 4522 2944 4511
f 4522 4511 4510
f 4510 4505 4522
f 2867 4522 4505
f 4505 4535 2867
f 4463 4535 4505
f 4504 4463 4505
f 4505 4512 4504
f 4504 4512 4450
f 4450 4396 4504
f 4449 4396 4450
f 4449 4450 521
f 521 4271 4449
f 4271 4270 4449
f 4566 4449 4270
f 4270 2734 4566
f 2734 2736 4566
f 4566 2736 2507
f 2508 2507 2736
f 2508 2736 2849
f 2848 2508 2849
f 2736 4441 2849
f 4441 2919 2849
f 2849 2919 4559
f 2849 4559 4399
f 4559 2919 4560
f 4441 4443 2919
f 4441 4442 4443
f 4441 2851 4442
f 4441 2852 2851
f 2851 2852 2853
f 3793 2853 2852
f 3793 2852 2735
f 4441 2735 2852
f 2735 4441 2736
f 2506 2507 2508
f 2506 4396 2507
f 2734 2735 2736
f 4273 2735 2734
f 2735 4273 3769
f 4273 4270 3769
f 4270 4273 2734
f 2507 4449 4566
f 2419 4270 4271
f 4271 4245 2419
f 4245 4271 521
f 520 4245 521
f 520 521 522
f 520 522 1794
f 555 1794 522
f 1794 555 1802
f 1801 1794 1802
f 1801 1802 1803
f 1803 2857 1801
f 2857 4283 1801
f 3782 1801 4283
f 2857 2876 4283
f 4444 4283 2876
f 2876 2875 4444
f 2857 4281 2876
f 2876 4281 2684
f 2856 4281 2857
f 2856 2857 1803
f 4511 2856 1803
f 1803 4512 4511
f 1802 4512 1803
f 1802 555 4512
f 522 521 555
f 4245 520 2250
f 300 2250 520
f 300 520 428
f 555 521 4450
f 4449 2507 4396
f 555 4450 4512
f 4504 4396 4463
f 4462 4463 4396
f 2913 4462 4396
f 4463 4462 4535
f 4522 2867 4614
f 4614 2867 4135
f 2945 4614 4135
f 4135 4516 2945
f 2867 2278 4135
f 4135 2278 2277
f 2867 2868 2278
f 4505 4510 4512
f 4510 4511 4512
f 4522 4614 2945
f 2856 4511 2944
f 2856 2684 4281
f 2683 2682 4423
f 2684 4452 2876
f 4508 2683 4509
f 2877 2876 4452
f 2875 2876 2877
f 2967 4490 2939
f 2967 2552 4490
f 4490 2552 4491
f 2027 4491 2552
f 2552 2028 2027
f 4491 2027 4277
f 4277 427 4491
f 3781 4491 427
f 2028 2552 2967
f 4491 4582 4490
f 2938 4444 2875
f 4582 4491 3781
f 3782 4283 4444
f 1794 1801 3782
f 3789 520 1794
f 428 520 3789
f 427 426 3781
f 428 301 300
f 338 2249 300
f 313 4422 338
f 2039 2431 2449
f 2431 2883 2449
f 2450 2449 2883
f 2450 2883 1660
f 2430 1660 2883
f 2430 4428 1660
f 4428 4388 1660
f 1661 1660 4388
f 1661 4388 3758
f 3758 2622 1661
f 2797 1661 2622
f 2622 2888 2797
f 2580 2797 2888
f 2888 4096 2580
f 2580 4096 4542
f 2580 4542 2581
f 2579 2580 2581
f 2579 2581 3779
f 1660 2579 3779
f 2579 1660 1659
f 1659 2797 2579
f 2581 4542 4408
f 4542 4158 4408
f 4158 4421 4408
f 4158 4157 4421
f 4157 4172 4421
f 4421 4172 4488
f 4421 4488 4515
f 4172 207 4488
f 207 209 4488
f 4488 209 2264
f 2264 209 2265
f 209 208 2265
f 2265 208 4425
f 2265 4425 4424
f 2804 2265 4424
f 2804 4424 4553
f 4553 2805 2804
f 2803 2804 2805
f 2805 4435 2803
f 4195 2803 4435
f 4435 4440 4195
f 2805 4367 4435
f 4604 4435 4367
f 4367 2805 4499
f 4368 4367 4499
f 4499 4500 4368
f 4042 4368 4500
f 4500 2223 4042
f 4043 4042 2223
f 4043 2223 2222
f 2816 4043 2222
f 2816 2222 2153
f 2816 2153 4427
f 2153 1604 4427
f 4361 4427 1604
f 4361 1604 1603
f 4494 4361 1603
f 4494 1603 4381
f 4494 4381 4265
f 4494 4265 2447
f 2447 4023 4494
f 4023 2447 2446
f 2446 2447 2448
f 2448 2447 4539
f 2823 4539 2447
f 2823 4540 4539
f 4530 4539 4540
f 2822 4530 4540
f 4540 2823 2822
f 2822 2823 2824
f 4285 2822 2824
f 4285 2824 4113
f 4285 4113 1075
f 1075 4284 4285
f 1074 4284 1075
f 4487 1075 4113
f 4113 4391 4487
f 4092 4487 4391
f 4391 4393 4092
f 4393 53 4092
f 4092 53 4093
f 4092 4093 2621
f 4092 2621 2620
f 2620 2621 2622
f 4093 4549 2621
f 2621 4549 4081
f 2621 4081 4082
f 4082 2888 2621
f 4081 4095 4082
f 4082 4095 4096
f 4095 1052 4096
f 4096 1052 4157
f 4095 4079 1052
f 4079 1053 1052
f 1051 1052 1053
f 1053 1165 1051
f 4112 1051 1165
f 1164 4112 1165
f 1164 1165 1166
f 1164 1166 1567
f 1568 1164 1567
f 1567 1540 1568
f 1540 1539 1568
f 1600 1568 1539
f 1539 1601 1600
f 1599 1600 1601
f 1601 4107 1599
f 4107 4424 1599
f 4107 1601 2364
f 4106 4107 2364
f 2364 4555 4106
f 4106 4555 4499
f 4555 2364 2840
f 2840 2221 4555
f 2223 4555 2221
f 2221 2840 2154
f 2222 2221 2154
f 2154 2840 4438
f 2154 4438 4439
f 2155 2154 4439
f 2155 4439 1825
f 4503 2155 1825
f 4503 1825 1824
f 1824 4502 4503
f 2493 4503 4502
f 2493 4502 2390
f 2492 2493 2390
f 2492 2390 715
f 2492 715 4372
f 4596 2492 4372
f 4406 4596 4372
f 2845 4406 4372
f 4372 2375 2845
f 2845 2375 2376
f 2845 2376 4433
f 4414 2845 4433
f 4498 4414 4433
f 4498 4433 2170
f 4498 2170 4497
f 4497 4495 4498
f 4497 4261 4495
f 4223 4495 4261
f 4224 4223 4261
f 4261 4593 4224
f 4224 4593 2823
f 4265 4224 2823
f 4222 4224 4265
f 4222 4265 4380
f 4222 4380 4596
f 4409 2823 4593
f 4593 4261 4409
f 4114 4409 4261
f 4114 4261 4262
f 4391 4114 4262
f 4391 4262 4392
f 4262 4546 4392
f 4392 4546 4597
f 4392 4597 4393
f 4546 54 4597
f 4597 54 53
f 53 54 55
f 4215 55 54
f 54 4174 4215
f 4215 4174 1797
f 4215 1797 4584
f 4215 4584 98
f 98 4584 1166
f 98 1166 4079
f 99 98 4079
f 4079 4081 99
f 55 98 99
f 4093 55 99
f 1567 4584 1797
f 1797 2300 1567
f 1797 1796 2300
f 2300 1796 2071
f 2071 1540 2300
f 1540 2071 2072
f 1540 2072 1541
f 4507 1541 2072
f 2072 4374 4507
f 2344 4507 4374
f 2344 4374 1169
f 2345 2344 1169
f 1169 4165 2345
f 2872 2345 4165
f 4165 2878 2872
f 2872 2878 2873
f 2872 2873 2874
f 2872 2874 4403
f 238 4403 2874
f 238 2874 239
f 238 239 240
f 668 238 240
f 668 240 4251
f 4513 668 4251
f 4251 3849 4513
f 4592 4513 3849
f 4248 4592 3849
f 4248 3849 110
f 323 4248 110
f 323 110 324
f 323 324 325
f 4567 323 325
f 4567 325 1459
f 4097 4567 1459
f 2329 4097 1459
f 1459 2318 2329
f 2329 2318 3990
f 3990 525 2329
f 4313 525 3990
f 4313 3990 4244
f 4455 4313 4244
f 4455 4244 4416
f 3992 4455 4416
f 3992 4416 4311
f 2560 3992 4311
f 2560 4311 340
f 2560 340 2554
f 2561 2560 2554
f 2553 2561 2554
f 2561 2553 3973
f 3973 452 2561
f 452 3973 450
f 450 451 452
f 452 451 3992
f 451 4278 3992
f 451 1647 4278
f 1647 4376 4278
f 4278 4376 4313
f 4313 4376 523
f 523 4376 2828
f 2828 2048 523
f 523 2048 524
f 523 524 525
f 524 4097 525
f 524 3975 4097
f 524 2360 3975
f 2359 3975 2360
f 2359 2360 1200
f 4248 2359 1200
f 1198 1200 2360
f 2360 4232 1198
f 4232 1709 1198
f 1198 1709 1111
f 1111 1199 1198
f 1111 4404 1199
f 4404 4229 1199
f 1199 4229 1200
f 4229 4592 1200
f 4229 4588 4592
f 4229 714 4588
f 714 2305 4588
f 4589 4588 2305
f 2305 666 4589
f 666 668 4589
f 666 667 668
f 667 666 2306
f 2306 4301 667
f 667 4301 238
f 4301 2306 4209
f 4402 4301 4209
f 4209 4208 4402
f 4300 4402 4208
f 715 4300 4208
f 715 4208 713
f 713 714 715
f 3807 715 714
f 714 4404 3807
f 2384 3807 4404
f 4404 2385 2384
f 2384 2385 1110
f 1110 1499 2384
f 974 2384 1499
f 1499 972 974
f 972 973 974
f 3807 974 973
f 973 4371 3807
f 4371 973 4372
f 973 972 2375
f 972 1499 4066
f 2376 972 4066
f 2376 4066 4059
f 4066 4067 4059
f 4059 4067 2171
f 4059 2171 2170
f 2170 2171 2172
f 2171 4329 2172
f 4545 2172 4329
f 4329 779 4545
f 4545 779 4546
f 4329 1364 779
f 780 779 1364
f 1364 1365 780
f 4394 780 1365
f 1365 4547 4394
f 4547 1795 4394
f 1795 778 4394
f 1795 4174 778
f 778 4174 779
f 4547 3885 1795
f 4169 1795 3885
f 3885 2004 4169
f 4169 2004 4571
f 4169 4571 1796
f 1796 4571 1168
f 1168 1167 1796
f 1167 1168 1169
f 4571 2878 1168
f 2878 4571 2004
f 2878 2004 2003
f 2003 4116 2878
f 4116 2003 3865
f 4116 3865 3867
f 3867 2229 4116
f 4116 2229 2873
f 239 2873 2229
f 2229 2228 239
f 166 2228 2229
f 2229 4558 166
f 4558 4337 166
f 4556 166 4337
f 4337 727 4556
f 3747 4556 727
f 808 3747 727
f 727 729 808
f 729 4365 808
f 4557 808 4365
f 4012 4557 4365
f 4012 4365 4045
f 3913 4012 4045
f 3913 4045 4036
f 3914 3913 4036
f 2926 3914 4036
f 2926 4036 3921
f 2926 3921 920
f 920 1354 2926
f 1381 2926 1354
f 1353 1381 1354
f 1352 1353 1354
f 1352 1354 4346
f 612 1352 4346
f 4346 4345 612
f 613 612 4345
f 613 4345 2019
f 4159 613 2019
f 2019 2914 4159
f 1295 4159 2914
f 1295 2914 1971
f 2253 1295 1971
f 2253 1971 1973
f 3827 2253 1973
f 1649 3827 1973
f 1649 1973 2817
f 1649 2817 2818
f 1647 1649 2818
f 1647 2818 2828
f 1647 1648 1649
f 3974 1649 1648
f 1648 450 3974
f 2818 2817 2828
f 2828 2817 2829
f 2049 2828 2829
f 2829 4032 2049
f 4240 2049 4032
f 4032 4239 4240
f 1709 4240 4239
f 1709 4239 1708
f 4239 2974 1708
f 2974 1500 1708
f 1112 1708 1500
f 1499 1112 1500
f 4067 1499 1500
f 4067 1500 3926
f 4398 4067 3926
f 3926 4196 4398
f 4398 4196 4328
f 4398 4328 2171
f 1364 4328 4196
f 1364 4196 2283
f 4184 2283 4196
f 4184 2284 2283
f 2282 2283 2284
f 824 2282 2284
f 1006 824 2284
f 1004 1006 2284
f 4550 1004 2284
f 1004 4550 2978
f 1004 2978 1180
f 1180 1181 1004
f 1181 3882 1004
f 1005 1004 3882
f 3882 3883 1005
f 4137 1005 3883
f 3883 3949 4137
f 4137 3949 4126
f 4125 4137 4126
f 4124 4125 4126
f 4126 3948 4124
f 3948 3921 4124
f 3921 3952 4124
f 728 4124 3952
f 3952 729 728
f 729 3952 4045
f 4124 728 4558
f 4558 3868 4124
f 3921 4045 3952
f 921 3921 3948
f 921 3948 3949
f 3868 4125 4124
f 3868 825 4125
f 3865 825 3868
f 4137 4125 825
f 4340 4137 825
f 4340 825 824
f 1005 4340 824
f 824 825 826
f 826 3886 824
f 3885 824 3886
f 3886 826 2004
f 2003 826 825
f 4126 3949 3948
f 3883 921 3949
f 1005 4137 4340
f 3882 921 3883
f 919 921 3882
f 919 920 921
f 920 919 4346
f 2020 4346 919
f 2020 919 1181
f 2021 2020 1181
f 2019 2020 2021
f 3882 1181 919
f 2021 1181 1180
f 3848 2021 1180
f 2021 3848 2914
f 3848 1180 2978
f 3848 2978 2975
f 2975 3843 3848
f 1972 3848 3843
f 2817 1972 3843
f 1971 3848 1972
f 4032 3843 2975
f 2978 2973 2975
f 2973 2974 2975
f 2973 2978 4550
f 4550 3926 2973
f 3926 4550 4184
f 1004 1005 1006
f 1006 1005 824
f 2282 824 3885
f 3885 4534 2282
f 2282 4534 2283
f 2283 4534 1365
f 4550 2284 4184
f 3926 4184 4196
f 3926 1500 2973
f 1112 1111 1708
f 1110 1111 1112
f 2973 1500 2974
f 4239 2975 2974
f 4032 2975 4239
f 4240 2050 2049
f 2048 2049 2050
f 4232 2050 4240
f 2050 4232 524
f 2829 3843 4032
f 2817 3843 2829
f 1973 1972 2817
f 3827 1649 3974
f 3974 3773 3827
f 1197 3773 3974
f 3840 1197 3974
f 3974 3973 3840
f 3839 3840 3973
f 4520 3839 3973
f 3839 4520 542
f 542 4551 3839
f 4551 1197 3839
f 4551 1195 1197
f 1195 1196 1197
f 3977 1196 1195
f 3976 3977 1195
f 3976 3717 3977
f 3977 3717 3718
f 3972 3977 3718
f 3718 3729 3972
f 3729 3728 3972
f 3728 1294 3972
f 3972 1294 1196
f 1196 1294 1295
f 1196 1295 3773
f 1295 1294 2092
f 1294 3757 2092
f 3757 2093 2092
f 2092 2093 613
f 2093 611 613
f 2093 3907 611
f 611 3907 408
f 611 408 612
f 408 1353 612
f 408 407 1353
f 407 3902 1353
f 1379 1353 3902
f 3902 3903 1379
f 4562 1379 3903
f 3903 341 4562
f 4562 341 340
f 4562 340 3915
f 4562 3915 1380
f 1380 3915 2925
f 1381 1380 2925
f 1379 1380 1381
f 3915 3914 2925
f 4012 3915 340
f 4012 340 1886
f 3994 1886 340
f 3995 3994 340
f 4356 3995 340
f 4010 4356 340
f 1461 4010 340
f 1461 1460 4010
f 1459 1460 1461
f 1460 4356 4010
f 1460 2125 4356
f 4544 4356 2125
f 112 4544 2125
f 2124 112 2125
f 324 2124 2125
f 1763 324 2125
f 112 2124 110
f 110 111 112
f 111 3850 112
f 4318 112 3850
f 3850 3856 4318
f 4541 4318 3856
f 3746 4541 3856
f 3856 167 3746
f 3746 167 3747
f 3746 3747 1887
f 3746 1887 3738
f 1886 3738 1887
f 1886 1887 808
f 1886 3995 3738
f 3995 4554 3738
f 4554 4541 3738
f 4554 3995 4544
f 4318 4554 4544
f 3856 168 167
f 166 167 168
f 4335 166 168
f 4335 168 240
f 240 2228 4335
f 4541 3746 3738
f 4318 4541 4554
f 3850 168 3856
f 168 3850 4251
f 3849 3850 111
f 112 4318 4544
f 1763 2125 1460
f 325 1763 1460
f 4356 4544 3995
f 1886 3994 3995
f 339 340 341
f 339 341 3778
f 3989 339 3778
f 3778 409 3989
f 409 3907 3989
f 3907 3988 3989
f 3988 340 3989
f 3988 3730 340
f 3730 3729 340
f 3988 2093 3730
f 3778 1944 409
f 409 1944 407
f 407 1944 3903
f 3778 341 1944
f 3989 340 339
f 1944 341 3903
f 1379 4562 1380
f 407 3903 3902
f 407 408 409
f 409 408 3907
f 3988 3907 2093
f 3757 3730 2093
f 3728 3730 3757
f 1294 3728 3757
f 3728 3729 3730
f 3718 340 3729
f 3717 340 3718
f 4330 340 3717
f 4330 544 340
f 340 544 543
f 2553 340 543
f 2553 543 4520
f 542 543 544
f 542 544 4330
f 4330 3976 542
f 3976 4330 3717
f 3977 3972 1196
f 3976 1195 4551
f 542 3976 4551
f 4520 543 542
f 3839 1197 3840
f 1197 1196 3773
f 3773 2253 3827
f 1971 1972 1973
f 3773 1295 2253
f 3848 1971 2914
f 4159 1295 2092
f 2914 2019 2021
f 2092 613 4159
f 2019 4345 2020
f 611 612 613
f 2020 4345 4346
f 612 1353 1352
f 1353 1379 1381
f 1381 2925 2926
f 920 4346 1354
f 920 3921 921
f 3914 2926 2925
f 3913 3914 3915
f 4036 4045 3921
f 3913 3915 4012
f 1886 4557 4012
f 4557 1886 808
f 4045 4365 729
f 727 728 729
f 808 1887 3747
f 167 4556 3747
f 4337 728 727
f 167 166 4556
f 4337 4558 728
f 3868 4558 2229
f 4335 2228 166
f 2229 3867 3868
f 3867 3865 3868
f 3865 2003 825
f 826 2003 2004
f 3885 3886 2004
f 1795 4169 1796
f 4534 3885 4547
f 1365 4534 4547
f 780 4394 778
f 1365 1364 2283
f 778 779 780
f 4328 1364 4329
f 2172 4545 4546
f 4329 2171 4328
f 2171 4067 4398
f 4066 1499 4067
f 1112 1499 1110
f 2385 1111 1110
f 974 3807 2384
f 715 3807 4371
f 713 4208 4210
f 713 4210 2306
f 713 2306 2305
f 4300 715 2389
f 2389 4402 4300
f 2389 4401 4402
f 4410 4401 2389
f 1826 4410 2389
f 2390 1826 2389
f 4410 1826 1825
f 1825 4569 4410
f 4410 4569 4401
f 2290 4401 4569
f 4569 4616 2290
f 2291 2290 4616
f 4616 4507 2291
f 4438 4507 4616
f 2290 2291 2292
f 2290 2292 4301
f 4301 2292 4403
f 2292 2345 4403
f 2345 2292 2291
f 4439 4616 4569
f 4401 2290 4301
f 4208 4209 4210
f 4401 4301 4402
f 4210 4209 2306
f 2305 2306 666
f 4588 4589 4513
f 714 713 2305
f 4229 4404 714
f 2385 4404 1111
f 1708 1111 1709
f 4232 4240 1709
f 1198 1199 1200
f 323 3975 2359
f 4232 2360 524
f 524 2048 2050
f 2048 2828 2049
f 4376 1647 2828
f 1648 1647 451
f 450 1648 451
f 3973 3974 450
f 4520 3973 2553
f 2560 2561 452
f 2553 2554 340
f 4311 1461 340
f 4311 2319 1461
f 2319 2318 1461
f 2318 2319 2320
f 2319 4311 2320
f 452 3992 2560
f 4416 2320 4311
f 4278 4455 3992
f 4416 4244 2320
f 4278 4313 4455
f 4244 3990 2320
f 4313 523 525
f 2318 2320 3990
f 2318 1459 1461
f 525 4097 2329
f 4097 3975 4567
f 1459 325 1460
f 3975 323 4567
f 325 324 1763
f 2124 324 110
f 2359 4248 323
f 110 3849 111
f 1200 4592 4248
f 4513 4592 4588
f 3849 4251 3850
f 4589 668 4513
f 4251 240 168
f 667 238 668
f 240 239 2228
f 4301 4403 238
f 239 2874 2873
f 2878 4116 2873
f 1168 2878 4165
f 2872 4403 2345
f 4165 1169 1168
f 2291 2344 2345
f 4374 1167 1169
f 1167 4374 2071
f 2344 2291 4507
f 4438 1541 4507
f 4438 4094 1541
f 1541 4094 2365
f 2365 1539 1541
f 4412 1539 2365
f 2364 4412 2365
f 2364 2365 2366
f 2365 4094 2366
f 2366 4094 4438
f 4374 2072 2071
f 1167 2071 1796
f 1795 1796 1797
f 1795 1797 4174
f 4174 54 779
f 98 55 4215
f 4546 779 54
f 2172 4546 4262
f 4497 2172 4262
f 2824 4409 4114
f 4222 4223 4224
f 4406 4223 4222
f 4223 4406 4414
f 4223 4414 4495
f 4262 4261 4497
f 2170 2172 4497
f 2170 4433 4059
f 4495 4414 4498
f 4433 2376 4059
f 2375 972 2376
f 973 2375 4372
f 4406 2845 4414
f 4596 4406 4222
f 2492 4596 4380
f 4380 4294 2492
f 4380 1603 4294
f 2493 4294 1603
f 1603 1602 2493
f 4372 715 4371
f 2389 715 2390
f 4294 2493 2492
f 1826 2390 4502
f 4503 2493 1602
f 4502 1824 1826
f 1824 1825 1826
f 1602 2155 4503
f 1602 2153 2155
f 1825 4439 4569
f 2153 2154 2155
f 4439 4438 4616
f 2840 2366 4438
f 2840 2364 2366
f 4106 2805 4107
f 1601 4412 2364
f 4373 1600 1599
f 4425 4373 1599
f 4373 4112 1600
f 1601 1539 4412
f 1600 4112 1568
f 1539 1540 1541
f 1567 2300 1540
f 1567 1166 4584
f 1568 4112 1164
f 4112 4373 1051
f 1051 4373 208
f 1051 208 207
f 1053 1166 1165
f 1051 4172 1052
f 4079 1166 1053
f 4081 4079 4095
f 99 4081 4549
f 4093 99 4549
f 53 55 4093
f 4597 53 4393
f 4391 4392 4393
f 4487 4092 2620
f 4487 2620 3758
f 3758 2203 4487
f 3758 4387 2203
f 1076 2203 4387
f 2203 1076 1075
f 4114 4391 4113
f 2203 1075 4487
f 4113 2824 4114
f 4284 2822 4285
f 2824 2823 4409
f 4265 2823 2447
f 4265 4381 4380
f 1603 4380 4381
f 4023 4361 4494
f 4022 4361 4023
f 1602 1603 1604
f 4361 4360 4427
f 2153 1602 1604
f 2153 2222 2154
f 4427 4043 2816
f 2491 4043 4427
f 2491 4041 4043
f 2221 2222 2223
f 4041 4042 4043
f 4042 4041 2490
f 2223 4500 4555
f 4368 4042 4366
f 4555 4500 4499
f 4366 4367 4368
f 4106 4499 2805
f 2804 2803 2266
f 2805 4553 4107
f 4107 4553 4424
f 2266 2265 2804
f 4424 4425 1599
f 4373 4425 208
f 207 208 209
f 4172 1051 207
f 1052 4172 4157
f 4096 4157 4158
f 4542 4096 4158
f 2888 4082 4096
f 2797 2580 2579
f 2888 2622 2621
f 1661 2797 1659
f 3758 2620 2622
f 4387 3758 4388
f 1659 1660 1661
f 4543 4388 4428
f 4543 4428 2429
f 2429 4428 2430
f 2429 2430 2431
f 2431 2430 2883
f 338 4422 2249
f 300 2249 2250
f 2250 2419 4245
f 2417 3764 3772
f 4270 2419 2418
f 2449 2450 2417
f 2418 3769 4270
f 3769 3793 2735
f 3779 2450 1660
f 2581 4408 3779
f 4514 2853 3793
f 4408 4421 4515
f 2853 4442 2851
f 2264 4515 4488
f 4442 4465 4443
f 2264 2265 2266
f 4443 4465 2919
f 2803 4195 2266
f 2073 2075 4195
f 2920 4560 2919
f 4559 4560 2644
f 4521 4559 2644
f 4559 4521 4399
f 4399 2848 2849
f 2508 2848 2506
f 4396 2506 2913
f 1691 1692 1693
f 4462 2913 4535
f 4535 2868 2867
f 4570 2278 2868
f 2278 4570 2279
f 1691 4525 1692
f 2279 4570 4524
f 2277 2278 2279
f 2277 2617 4135
f 2617 4516 4135
f 2945 4516 4471
f 3894 2619 2618
f 4518 2985 4471
f 2985 4382 4384
f 4482 2987 4483
f 4382 4383 4384
f 4476 2946 4384
f 4350 4475 4552
f 4476 4423 4612
f 4423 4509 2683
f 1881 4350 1879
f 1879 4350 4447
f 4508 4509 4526
f 2747 4472 4526
f 2746 2745 3855
f 2746 3855 2557
f 2747 4348 4349
f 4533 4349 4348
f 2977 2746 2557
f 2557 2569 2977
f 4533 4348 4519
f 4519 2976 4468
f 4341 2009 2008
f 4341 2008 2555
f 2008 2009 2010
f 2008 2010 1742
f 4341 3875 3876
f 1748 3875 4341
f 4519 4468 4533
f 4349 4533 2967
f 4532 3876 2968
f 3875 1326 3876
f 2967 2969 2028
f 4609 2548 4484
f 2026 2027 2028
f 4561 4485 886
f 1656 886 4485
f 4276 2027 2026
f 4561 886 887
f 886 453 887
f 453 455 887
f 453 454 455
f 2027 4276 4277
f 427 4277 1317
f 4479 917 2963
f 1317 1316 299
f 3786 314 299
f 2963 916 3836
f 3836 916 2753
f 2748 3787 3786
f 2749 3787 2748
f 916 1278 2753
f 2748 1277 2749
f 2958 2698 4473
f 2749 2038 3787
f 2698 4287 4473
f 2038 2039 312
f 2431 2039 2429
f 2699 4287 2698
f 2539 3963 2699
f 3963 3957 2950
f 2952 4543 2429
f 4543 4387 4388
f 2950 3919 2951
f 3919 3970 2054
f 3970 2055 2054
f 2054 2055 2056
f 2055 4563 2056
f 2055 954 4563
f 2055 3970 954
f 4598 1076 4387
f 1074 1075 1076
f 2054 2056 4477
f 4531 2056 4563
f 1074 4362 4284
f 2822 4284 4530
f 4539 4530 2448
f 4529 4531 4563
f 2446 2448 4431
f 2446 4022 4023
f 4360 4361 4022
f 2491 4427 4360
f 2490 4041 2491
f 4042 2490 4366
f 2496 4437 4605
f 4604 4367 4366
f 4435 4604 4440
f 4195 4440 2073
f 2073 2074 2075
f 4353 2075 2074
f 2645 4353 3770
f 2479 2478 2846
f 3771 2200 2199
f 2194 2198 2195
f 2199 3770 3771
f 3964 2645 3770
f 4320 2194 2196
f 3964 2101 2645
f 2100 2101 2102
f 4322 2100 2102
f 4525 4322 1259
f 2464 4320 2465
f 2465 4377 2477
f 1258 1259 1260
f 4579 4523 1258
f 4344 4579 4417
f 2445 2901 4344
f 2444 2443 2115
f 2115 2443 2113
f 4577 2901 2445
f 3893 2618 4577
f 2618 3893 3894
f 3894 2826 2986
f 4537 2826 2825
f 2994 2825 4429
f 4466 4429 1867
f 1865 1867 4458
f 4457 4426 2827
f 4457 2444 2115
f 1865 4458 4493
f 2113 2114 2115
f 2443 4459 2113
f 4358 4359 2443
f 4359 4418 4419
f 4005 2414 4501
f 17 4005 4501
f 4005 2130 2414
f 2193 2130 4005
f 2130 2193 1592
f 1592 1429 2130
f 2130 1429 1431
f 2416 2415 4434
f 4591 2428 2415
f 2130 1431 2414
f 4591 4590 2428
f 1429 1430 1431
f 1429 1591 1430
f 2428 4590 2806
f 1865 4493 2806
f 1865 1866 1867
f 2898 1866 4489
f 2898 2404 2896
f 2887 2896 2404
f 2896 2887 2886
f 4583 2775 2886
f 2775 4583 2773
f 2995 2774 2773
f 2995 193 2996
f 3788 4316 4461
f 3788 307 4316
f 193 194 195
f 194 4578 4482
f 4333 4580 4334
f 4446 4482 4578
f 4446 4445 4552
f 4350 4552 4447
f 4447 4575 1879
f 1879 1880 1881
f 2745 1880 3855
f 2557 3855 2558
f 4453 2569 2557
f 1451 4453 4506
f 2536 4454 2559
f 2536 2871 2537
f 4448 4332 2537
f 4332 4333 4334
f 4573 4334 2882
f 2882 4581 2718
f 422 421 308
f 4581 306 2718
f 4316 307 306
f 308 425 1916
f 307 3788 374
f 2714 425 375
f 2713 374 3788
f 235 2713 2585
f 237 3435 2714
f 1626 320 319
f 237 236 2661
f 2661 1651 4309
f 2662 320 252
f 1651 429 3459
f 429 329 430
f 254 3597 329
f 252 320 253
f 254 2659 3092
f 320 1626 253
f 2659 2658 2601
f 1627 1626 319
f 266 1627 235
f 266 2584 267
f 2658 268 2601
f 267 1516 2151
f 2600 2659 2601
f 1518 3093 2600
f 1518 1517 3062
f 267 2140 1516
f 2140 2405 2141
f 2141 2405 2594
f 2595 1517 2142
f 4087 2595 1507
f 2594 4469 1505
f 1506 4087 1507
f 1544 1545 1506
f 2224 1505 4420
f 1430 2224 2807
f 2373 3829 1544
f 4091 2373 1593
f 4099 4091 1593
f 4091 4099 642
f 643 642 4099
f 643 4099 4076
f 643 4076 2212
f 4099 2212 4076
f 642 643 644
f 1591 1807 1430
f 1592 1591 1429
f 1593 2212 4099
f 2193 2210 1592
f 2211 2210 1106
f 1800 643 2212
f 643 1800 1969
f 1674 2213 2257
f 2257 2213 4470
f 2257 4470 1643
f 2646 2257 1643
f 4470 2213 1733
f 1800 1575 1969
f 2646 1664 2257
f 1664 2646 1658
f 643 1969 644
f 642 644 1534
f 642 2159 4091
f 2159 2158 4090
f 3401 2158 1984
f 1524 1983 1984
f 1536 1525 2608
f 2386 1983 1524
f 3866 2386 1820
f 1820 2767 3866
f 2767 2844 3780
f 3780 2844 2311
f 2844 1813 2311
f 1812 2759 1813
f 2759 2311 1813
f 2311 800 3780
f 798 799 800
f 1723 4054 798
f 1723 1722 4046
f 2707 4046 1722
f 2707 2303 4039
f 1713 1724 2700
f 2700 1814 1997
f 1996 1997 1998
f 1998 405 1996
f 2381 1996 405
f 1998 1997 2410
f 2309 1714 2197
f 1788 2309 2197
f 1565 2179 1566
f 573 2179 1565
f 573 1549 2179
f 1788 2180 2309
f 2180 2350 2303
f 2350 1783 4035
f 4709 4035 1783
f 4035 4709 1841
f 1549 1782 2179
f 2393 4709 1783
f 1550 94 2392
f 2392 93 1842
f 2393 1841 4709
f 1841 2785 4035
f 4029 2785 2784
f 1829 2387 2832
f 1829 2832 4716
f 4716 4717 1829
f 4717 4716 1267
f 4698 4716 2832
f 4698 2832 4699
f 4698 4699 4718
f 4718 1304 4698
f 4718 2654 1304
f 4718 399 2654
f 4699 1305 4718
f 4699 4722 1305
f 4699 4723 4722
f 4722 4723 34
f 4723 62 34
f 4723 2832 62
f 4699 2832 4723
f 1304 4716 4698
f 1831 1830 2784
f 1829 4717 2777
f 2777 4717 2715
f 1830 2776 2784
f 2776 1309 4025
f 1308 4021 1309
f 1357 3612 1308
f 1755 3692 1357
f 1754 3692 1755
f 1754 2716 4011
f 2715 1307 2777
f 1266 3610 2716
f 1267 2715 4717
f 1267 4716 1304
f 1266 1268 1737
f 1266 1737 2712
f 4004 2712 2815
f 2815 1775 4004
f 1176 1175 2301
f 1217 1174 1221
f 1217 1304 1312
f 1313 2301 1175
f 1304 2654 1312
f 2301 1313 2295
f 1645 2301 1705
f 1646 1645 1705
f 2692 2287 2286
f 2692 653 2287
f 1697 1263 1646
f 2338 1263 1697
f 2337 2336 2685
f 2337 2685 2331
f 1776 2337 2331
f 2338 1220 1263
f 1775 2815 1220
f 2726 4004 1775
f 2795 3402 2726
f 2332 3394 2795
f 2330 1776 2331
f 2332 1767 3394
f 1765 2331 2685
f 4749 1765 2685
f 4749 2685 157
f 1765 4749 1766
f 4653 1766 4749
f 4653 4749 156
f 513 1766 4653
f 2719 3394 1767
f 3397 2719 514
f 512 1766 513
f 3967 514 2789
f 513 4653 2788
f 2788 4653 135
f 3961 2789 1957
f 2788 4760 529
f 935 529 4760
f 4568 935 4760
f 134 4568 4760
f 935 4568 960
f 2788 134 4760
f 1957 528 3960
f 527 3960 528
f 935 2778 529
f 1949 3960 527
f 473 3608 1949
f 472 754 473
f 459 471 457
f 796 2760 791
f 2764 2760 796
f 754 472 2760
f 754 753 473
f 3951 753 1063
f 2758 3942 1063
f 2758 2756 3600
f 2755 3939 2756
f 2047 3939 2755
f 3918 2047 1073
f 1011 1062 755
f 1013 3595 1073
f 1012 1011 755
f 743 2750 1012
f 1013 2751 3909
f 1021 3908 2751
f 743 742 2750
f 744 1020 742
f 744 316 1020
f 1020 316 1970
f 1021 631 3908
f 630 231 631
f 231 630 229
f 229 2741 3123
f 2741 570 3123
f 629 1020 1970
f 2741 571 570
f 3123 570 2737
f 476 2737 1962
f 590 2732 572
f 3098 1962 589
f 101 3098 589
f 101 59 58
f 1955 58 2720
f 1956 2720 70
f 1356 1945 70
f 3091 1356 424
f 1315 417 1939
f 1939 417 143
f 142 423 1939
f 142 2711 423
f 424 369 3091
f 369 368 2626
f 2740 368 1274
f 1303 2740 1274
f 381 370 423
f 1921 2739 1303
f 2744 1921 383
f 381 423 382
f 382 423 2711
f 707 706 1981
f 718 2744 383
f 1981 706 670
f 670 706 132
f 718 717 2743
f 669 2743 717
f 669 2701 2997
f 2702 131 677
f 2786 2701 1975
f 182 181 1975
f 2697 2094 181
f 2103 2697 2694
f 3044 2694 1883
f 133 3006 1883
f 191 190 180
f 677 131 191
f 670 132 131
f 2690 132 706
f 2686 3006 133
f 706 708 2690
f 3006 2686 144
f 2711 142 708
f 1939 143 142
f 144 1410 3006
f 1408 143 417
f 1410 1409 3007
f 69 1433 1408
f 1434 3012 1409
f 2121 2079 1434
f 69 1851 1433
f 2121 2678 2079
f 71 1367 1851
f 1368 2079 2678
f 57 102 1367
f 1368 1397 2082
f 102 2112 1398
f 2112 2247 944
f 1397 2670 2082
f 977 2670 943
f 3026 977 976
f 248 2034 945
f 976 899 445
f 899 898 446
f 898 931 2001
f 2001 931 2451
f 2452 2451 1262
f 782 1262 1261
f 327 740 1261
f 1989 327 246
f 328 310 247
f 246 245 1058
f 1186 247 2663
f 2663 4646 1186
f 4646 2663 1471
f 1216 1186 4646
f 1059 1216 4646
f 245 1215 835
f 1059 263 1216
f 1215 265 1002
f 1002 1501 1003
f 1156 1003 2135
f 4827 2652 2207
f 4827 4829 2652
f 4829 4830 2652
f 4829 987 4830
f 1026 4829 4827
f 980 1026 4827
f 1156 2135 1442
f 2652 4830 1443
f 4830 4831 1443
f 2636 4831 4830
f 1442 1441 2469
f 1443 4831 1468
f 1441 1469 2970
f 2129 1468 4831
f 4831 1080 2129
f 1469 2647 2466
f 2466 2647 2643
f 2643 1043 565
f 1042 1862 1043
f 1042 1081 3851
f 2129 1080 1044
f 2636 1080 4831
f 1081 2046 861
f 987 2636 4830
f 1026 987 4829
f 640 986 985
f 640 1968 986
f 1968 2628 986
f 2628 2349 986
f 986 2349 861
f 1081 861 860
f 890 859 596
f 860 891 3704
f 596 595 890
f 3705 891 2613
f 2611 3705 2613
f 811 2052 2611
f 850 1618 811
f 595 810 812
f 850 849 1616
f 2234 1617 1616
f 2234 1139 2280
f 1234 2280 1139
f 1140 595 594
f 1139 1138 1234
f 1233 2280 1234
f 1233 1687 2680
f 1687 1291 1192
f 1192 2271 1686
f 2583 2369 2271
f 2583 1248 1247
f 1485 4464 1247
f 1484 2538 1485
f 1484 2575 4492
f 1194 1246 2233
f 2575 1205 1204
f 1451 4506 1204
f 1450 1203 1640
f 4453 1451 2569
f 2569 2568 2977
f 1450 1491 2270
f 1491 1450 1629
f 1639 1629 1450
f 1760 1492 4858
f 4858 4677 1760
f 4676 1760 4677
f 4677 4849 4676
f 4849 2059 4676
f 4676 2059 1761
f 4849 4677 1623
f 1623 4677 4858
f 1493 1759 2568
f 1760 4676 2328
f 2009 1759 2565
f 2010 2009 2565
f 4676 1761 2328
f 1515 1740 1761
f 1762 1742 2010
f 1740 4862 1741
f 1740 4639 4862
f 4862 4639 4864
f 4862 4864 2317
f 4864 4865 2317
f 4864 4867 4865
f 4868 4865 4867
f 4868 4867 4869
f 4870 4868 4869
f 4870 4869 4874
f 4870 4874 4877
f 4877 4878 4870
f 4878 4877 2546
f 4877 4874 4825
f 4879 4877 4825
f 2031 4879 4825
f 2031 4880 4879
f 1655 4879 4880
f 4880 2031 1285
f 4877 4879 1655
f 4825 4874 4828
f 1671 4825 4828
f 1671 4828 1579
f 4874 1588 4828
f 4874 4869 1589
f 1589 4869 1595
f 1595 4869 4884
f 4884 4852 1595
f 4884 4864 4852
f 4868 4870 4878
f 4878 1328 4868
f 4884 4869 4867
f 4865 4868 1747
f 4884 4867 4864
f 4639 4852 4864
f 1504 4852 4639
f 1508 4639 1740
f 1742 2556 2008
f 2008 2556 2555
f 1748 4341 2555
f 4862 2317 1741
f 1747 2317 4865
f 1748 1327 3875
f 4868 1328 1747
f 3875 1327 1326
f 1328 4878 2546
f 1326 2548 4610
f 4484 2548 2251
f 1655 2546 4877
f 1656 4485 2251
f 1285 1655 4880
f 1656 1287 886
f 1286 1285 2031
f 1287 453 886
f 454 453 2245
f 455 454 1341
f 1341 870 2533
f 2533 917 4479
f 2963 917 916
f 822 1278 916
f 3993 822 821
f 2150 2527 820
f 880 1146 821
f 3993 821 2520
f 2517 1279 2520
f 1417 1155 483
f 1293 2517 1257
f 483 482 1457
f 482 657 1457
f 1257 1376 1255
f 2256 2510 2504
f 1256 1255 1425
f 1424 3962 1425
f 1424 954 3970
f 954 953 4563
f 953 2505 4430
f 955 2256 2504
f 2505 2165 4430
f 2504 2510 1385
f 4496 2165 1386
f 1385 2510 907
f 1386 909 4496
f 907 1377 908
f 909 2496 4605
f 2494 4437 2496
f 2157 2847 2494
f 964 2479 2157
f 658 4603 964
f 908 1377 965
f 1457 657 1377
f 650 657 482
f 658 649 4603
f 648 2202 649
f 650 499 833
f 532 2489 833
f 2486 4379 648
f 2486 164 4379
f 164 118 4379
f 118 108 2226
f 107 4377 108
f 6 2312 106
f 107 2477 4377
f 2475 4375 2477
f 79 4419 2475
f 5 4436 79
f 6 80 2312
f 5 4 4436
f 2470 1999 1050
f 1999 775 1050
f 438 1050 775
f 4 439 18
f 18 17 4501
f 2193 4005 17
f 2210 2193 1106
f 1106 999 2211
f 438 775 16
f 1576 999 763
f 2442 763 762
f 2327 762 1066
f 2394 723 694
f 694 723 4932
f 4932 4933 694
f 4843 4933 4932
f 1793 4843 4932
f 4933 4843 4744
f 4933 4744 4935
f 4935 4808 4933
f 4933 4808 695
f 4808 759 695
f 4808 4935 4938
f 4808 4938 760
f 4939 4938 4935
f 4938 4939 4875
f 4938 4875 4766
f 4938 4766 435
f 4766 4875 4876
f 13 4766 4876
f 4876 4946 13
f 4876 4707 4946
f 4946 4707 4621
f 4621 4620 4946
f 4946 4620 4950
f 4772 4946 4950
f 4772 4950 566
f 4950 4952 566
f 4952 4953 566
f 4953 4952 4602
f 4953 4602 4601
f 4953 4601 4625
f 4625 518 4953
f 4624 518 4625
f 4623 4624 4625
f 4625 4774 4623
f 4623 4774 4957
f 4958 4623 4957
f 4895 4958 4957
f 4957 4773 4895
f 4895 4773 4961
f 4608 4895 4961
f 4608 4961 4663
f 4606 4608 4663
f 4662 4606 4663
f 4662 4663 4664
f 4664 4965 4662
f 751 4662 4965
f 751 4965 4966
f 4631 4966 4965
f 4966 4631 4538
f 752 4966 4538
f 4538 4631 4632
f 4632 4967 4538
f 4968 4538 4967
f 4968 4967 4921
f 4921 4743 4968
f 1769 4968 4743
f 720 4968 1769
f 4713 720 1769
f 4743 4921 4920
f 1770 4743 4920
f 4920 4832 1770
f 4833 4832 4920
f 4926 4833 4920
f 4920 4922 4926
f 4922 4949 4926
f 4926 4949 4971
f 4971 4927 4926
f 4915 4927 4971
f 4915 4971 4972
f 4972 4842 4915
f 4913 4915 4842
f 4913 4842 4973
f 4916 4913 4973
f 4916 4973 4838
f 4587 4916 4838
f 4617 4587 4838
f 4617 4838 4960
f 4618 4617 4960
f 4618 4960 4834
f 4618 4834 4963
f 4963 4619 4618
f 4963 4964 4619
f 4964 4585 4619
f 4619 4585 4617
f 4585 4964 4975
f 4978 4585 4975
f 4975 4794 4978
f 4978 4794 4586
f 4794 4956 4586
f 4586 4956 4914
f 4586 4914 4916
f 4914 4956 4955
f 4955 4630 4914
f 4630 4915 4914
f 4630 4959 4915
f 1861 4959 4630
f 4629 1861 4630
f 1861 4629 4979
f 4955 4979 4629
f 4955 4793 4979
f 4980 4979 4793
f 4980 4793 4697
f 4697 4696 4980
f 4670 4980 4696
f 4595 4670 4696
f 4671 4670 4595
f 4595 1698 4671
f 4670 4671 1864
f 1779 4980 4670
f 4595 4696 4697
f 4594 4595 4697
f 4594 4697 4982
f 4982 4634 4594
f 4634 4633 4594
f 4633 4752 4594
f 4594 4752 4695
f 4695 1699 4594
f 4752 4754 4695
f 4754 4694 4695
f 4694 1703 4695
f 4650 4694 4754
f 4754 4962 4650
f 4962 4750 4650
f 4650 4750 4651
f 4650 4651 4652
f 4652 4912 4650
f 4666 4912 4652
f 4652 4748 4666
f 4666 4748 4687
f 4667 4666 4687
f 4667 4687 4746
f 4917 4667 4746
f 4746 4747 4917
f 4747 4918 4917
f 4917 4918 4919
f 4917 4919 4925
f 4925 4787 4917
f 4786 4787 4925
f 4924 4786 4925
f 4925 4726 4924
f 4726 4887 4924
f 4782 4924 4887
f 1349 4782 4887
f 4887 4780 1349
f 4780 4887 4725
f 4805 4780 4725
f 4805 4725 4811
f 4983 4805 4811
f 4983 4811 4810
f 4727 4983 4810
f 4810 4893 4727
f 4961 4727 4893
f 4961 4893 4898
f 4893 4899 4898
f 4897 4898 4899
f 4724 4897 4899
f 4810 4724 4899
f 4897 4724 4940
f 4940 4631 4897
f 4724 4726 4940
f 4919 4940 4726
f 4944 4940 4919
f 4919 4660 4944
f 4632 4944 4660
f 4660 4659 4632
f 4921 4632 4659
f 4921 4659 4949
f 4949 4659 4721
f 4949 4721 4951
f 4951 4721 4719
f 4951 4719 4703
f 4951 4703 4705
f 4971 4951 4705
f 4703 4704 4705
f 4972 4705 4704
f 4840 4972 4704
f 4840 4704 4905
f 4841 4840 4905
f 4905 4853 4841
f 4984 4841 4853
f 4984 4853 4700
f 4973 4984 4700
f 4702 4973 4700
f 4700 4701 4702
f 4701 4981 4702
f 4837 4702 4981
f 4981 4654 4837
f 4656 4837 4654
f 4654 4655 4656
f 4655 4866 4656
f 4866 4872 4656
f 4656 4872 4960
f 4871 4960 4872
f 4871 4872 4873
f 4873 4834 4871
f 4835 4834 4873
f 4835 4873 4856
f 4856 4643 4835
f 4835 4643 4802
f 4802 4836 4835
f 4836 4802 4800
f 4881 4836 4800
f 4800 4799 4881
f 4799 4930 4881
f 4930 4929 4881
f 4929 4964 4881
f 4928 4929 4930
f 4891 4928 4930
f 4891 4796 4928
f 4796 4798 4928
f 4928 4798 4931
f 4798 4985 4931
f 4931 4985 4826
f 4931 4826 4934
f 4929 4931 4934
f 4975 4929 4934
f 4975 4934 4795
f 4937 4795 4934
f 4936 4795 4937
f 4937 4974 4936
f 4936 4974 4634
f 4974 4635 4634
f 4974 4826 4635
f 4635 4826 4739
f 4739 4752 4635
f 4739 4753 4752
f 4739 4738 4753
f 4738 4976 4753
f 4753 4976 4962
f 4976 4977 4962
f 4976 4764 4977
f 4764 4735 4977
f 4977 4735 4750
f 4750 4735 4737
f 4750 4737 4751
f 4737 4859 4751
f 4751 4859 4748
f 4748 4859 4685
f 4859 4761 4685
f 4685 4761 4823
f 4685 4823 4733
f 4685 4733 4686
f 4685 4686 4687
f 4686 4986 4687
f 4860 4986 4686
f 4860 4686 4820
f 4820 4863 4860
f 4863 4720 4860
f 4860 4720 4746
f 4863 4703 4720
f 4703 4863 4904
f 4987 4703 4904
f 4704 4987 4904
f 4904 4863 4820
f 4904 4820 4731
f 4904 4731 4905
f 4905 4731 4641
f 4905 4641 4640
f 4854 4905 4640
f 4854 4640 4906
f 4839 4854 4906
f 4839 4906 4649
f 4907 4839 4649
f 4907 4649 4678
f 4678 4850 4907
f 4701 4907 4850
f 4851 4850 4678
f 4851 4678 4674
f 4851 4674 4882
f 4847 4851 4882
f 4882 4969 4847
f 4848 4847 4969
f 4848 4969 4883
f 4883 4809 4848
f 4809 4970 4848
f 4848 4970 4846
f 4970 4845 4846
f 4846 4845 4885
f 4846 4885 4847
f 4885 4654 4847
f 4654 4850 4847
f 4845 4655 4885
f 4679 4845 4970
f 4844 4845 4679
f 4679 4681 4844
f 4682 4844 4681
f 4681 4812 4682
f 4682 4812 4683
f 4682 4683 4684
f 4684 4683 4855
f 4866 4684 4855
f 4855 4873 4866
f 4684 4866 4845
f 4855 4683 4856
f 4988 4856 4683
f 4644 4988 4683
f 4683 4813 4644
f 4813 4857 4644
f 4644 4857 4645
f 4643 4644 4645
f 4645 4890 4643
f 4645 4806 4890
f 4806 4693 4890
f 4801 4890 4693
f 4891 4801 4693
f 4692 4891 4693
f 4691 4692 4693
f 4692 4691 4768
f 4803 4692 4768
f 4896 4803 4768
f 4902 4896 4768
f 4768 4767 4902
f 4767 4900 4902
f 4900 4901 4902
f 4901 4900 4738
f 4943 4901 4738
f 4738 4941 4943
f 4941 4942 4943
f 4945 4943 4942
f 4942 4798 4945
f 4798 4797 4945
f 4797 4896 4945
f 4945 4896 4943
f 4942 4941 4740
f 4740 4985 4942
f 4738 4740 4941
f 4896 4901 4943
f 4762 4900 4767
f 4769 4762 4767
f 4763 4762 4769
f 4768 4763 4769
f 4768 4989 4763
f 4763 4989 4908
f 4763 4908 4824
f 4764 4763 4824
f 4824 4908 4757
f 4909 4824 4757
f 4909 4757 4756
f 4909 4756 4911
f 4911 4823 4909
f 4822 4823 4911
f 4910 4822 4911
f 4822 4910 4990
f 4990 4732 4822
f 4822 4732 4734
f 4734 4733 4822
f 4734 4732 4731
f 4990 4791 4732
f 4641 4732 4791
f 4791 4689 4641
f 4642 4641 4689
f 4688 4642 4689
f 4688 4689 4690
f 4691 4688 4690
f 4691 4636 4688
f 4688 4636 4819
f 4819 4636 4638
f 4818 4819 4638
f 4818 4638 4886
f 4886 4906 4818
f 4886 4638 4637
f 4886 4637 4647
f 4886 4647 4649
f 4647 4648 4649
f 4649 4648 4675
f 4648 4674 4675
f 4674 4648 4691
f 4806 4674 4691
f 4691 4648 4673
f 4673 4816 4691
f 4673 4815 4816
f 4815 4636 4816
f 4636 4815 4637
f 4672 4637 4815
f 4672 4815 4673
f 4648 4672 4673
f 4672 4648 4647
f 4637 4672 4647
f 4818 4642 4819
f 4642 4818 4640
f 4636 4637 4638
f 4816 4636 4691
f 4768 4690 4689
f 4768 4689 4792
f 4792 4790 4768
f 4768 4790 4789
f 4788 4789 4790
f 4790 4990 4788
f 4788 4755 4789
f 4789 4755 4989
f 4756 4755 4788
f 4910 4756 4788
f 4790 4792 4990
f 4688 4819 4642
f 4689 4791 4792
f 4990 4792 4791
f 4990 4910 4788
f 4911 4756 4910
f 4755 4756 4757
f 4909 4736 4824
f 4736 4735 4824
f 4761 4736 4909
f 4761 4737 4736
f 4757 4908 4755
f 4755 4908 4989
f 4989 4768 4789
f 4762 4763 4764
f 4764 4991 4762
f 4762 4991 4900
f 4900 4991 4976
f 4767 4768 4769
f 4902 4901 4896
f 4803 4896 4797
f 4796 4803 4797
f 4692 4803 4796
f 4691 4690 4768
f 4801 4891 4799
f 4890 4801 4802
f 4806 4691 4693
f 4806 4645 4857
f 4806 4857 4680
f 4680 4809 4806
f 4809 4680 4679
f 4812 4680 4857
f 4857 4813 4812
f 4988 4644 4643
f 4683 4812 4813
f 4812 4681 4680
f 4682 4684 4844
f 4679 4680 4681
f 4844 4684 4845
f 4679 4970 4809
f 4809 4883 4806
f 4969 4806 4883
f 4846 4847 4848
f 4806 4969 4882
f 4882 4674 4806
f 4678 4675 4674
f 4850 4851 4847
f 4675 4678 4649
f 4701 4839 4907
f 4649 4906 4886
f 4853 4854 4839
f 4906 4640 4818
f 4640 4641 4642
f 4731 4732 4641
f 4731 4820 4734
f 4820 4686 4734
f 4746 4986 4860
f 4733 4734 4686
f 4822 4733 4823
f 4823 4761 4909
f 4859 4737 4761
f 4735 4736 4737
f 4764 4824 4735
f 4764 4976 4991
f 4738 4900 4976
f 4738 4739 4740
f 4826 4740 4739
f 4937 4826 4974
f 4795 4936 4982
f 4795 4982 4793
f 4793 4794 4795
f 4934 4826 4937
f 4826 4985 4740
f 4942 4985 4798
f 4796 4797 4798
f 4796 4891 4692
f 4929 4928 4931
f 4930 4799 4891
f 4799 4800 4801
f 4836 4881 4963
f 4836 4963 4992
f 4834 4836 4992
f 4802 4801 4800
f 4802 4643 4890
f 4643 4856 4988
f 4856 4873 4855
f 4834 4835 4836
f 4873 4872 4866
f 4655 4845 4866
f 4885 4655 4654
f 4837 4656 4838
f 4654 4981 4850
f 4838 4702 4837
f 4850 4981 4701
f 4701 4700 4839
f 4839 4700 4853
f 4841 4984 4973
f 4853 4905 4854
f 4840 4841 4842
f 4904 4905 4704
f 4704 4703 4987
f 4719 4720 4703
f 4720 4719 4721
f 4721 4747 4720
f 4721 4661 4747
f 4661 4721 4659
f 4659 4660 4661
f 4918 4661 4660
f 4632 4940 4944
f 4724 4725 4726
f 4898 4897 4631
f 4631 4664 4898
f 4728 4727 4961
f 4727 4728 4729
f 4993 4729 4728
f 4993 4728 4773
f 4775 4993 4773
f 4773 4774 4775
f 4775 4807 4993
f 4807 4776 4993
f 4807 4777 4776
f 4765 4776 4777
f 4627 4765 4777
f 4778 4627 4777
f 4775 4778 4777
f 4601 4778 4775
f 4778 4601 4600
f 4600 4628 4778
f 4779 4628 4600
f 4779 4600 4714
f 4730 4779 4714
f 1845 4730 4714
f 1845 4714 4715
f 1845 4715 4712
f 4657 1845 4712
f 4657 4712 4711
f 4658 4657 4711
f 4658 4711 4741
f 4741 4742 4658
f 4658 4742 1780
f 1786 1780 4742
f 1786 4742 1570
f 4742 4741 1570
f 1570 4741 4745
f 1570 4745 4843
f 4741 4744 4745
f 4741 4708 4744
f 4708 4939 4744
f 4706 4708 4741
f 4706 4707 4708
f 4875 4708 4707
f 4706 4741 4711
f 1846 4657 4658
f 4711 4712 4706
f 4621 4706 4712
f 4621 4712 4715
f 4715 4622 4621
f 4714 4622 4715
f 1833 4779 4730
f 1833 4626 4779
f 4714 4600 4622
f 4602 4622 4600
f 4626 4628 4779
f 4626 4627 4628
f 4627 4626 4759
f 4759 4626 1948
f 4759 1948 4669
f 4759 4669 4668
f 4668 1637 4759
f 1757 1637 4668
f 1757 4668 4669
f 1757 4669 1827
f 4778 4628 4627
f 4759 4765 4627
f 1636 4765 4759
f 4765 4770 4776
f 4770 4729 4776
f 4770 4771 4729
f 4729 4771 4983
f 4994 4771 4770
f 4994 4804 4771
f 4804 4805 4771
f 1282 4804 4994
f 1282 4994 4765
f 4765 4994 4770
f 4777 4807 4775
f 4776 4729 4993
f 4893 4810 4899
f 4983 4727 4729
f 4810 4811 4724
f 4771 4805 4983
f 4811 4725 4724
f 4805 4804 4780
f 1281 4780 4804
f 4725 4887 4726
f 4782 4786 4924
f 4781 4786 4782
f 1348 4781 4782
f 4781 1882 4786
f 4786 1882 4785
f 4785 1882 4783
f 4783 4784 4785
f 4785 4784 4665
f 4787 4785 4665
f 4787 4665 4667
f 4784 4666 4665
f 4912 4784 4783
f 1878 4912 4783
f 4694 4912 1878
f 4786 4785 4787
f 4726 4925 4919
f 4919 4918 4660
f 4661 4918 4747
f 4746 4720 4747
f 4787 4667 4917
f 4986 4746 4687
f 4665 4666 4667
f 4685 4687 4748
f 4748 4652 4751
f 4912 4666 4784
f 4651 4751 4652
f 4750 4751 4651
f 4962 4977 4750
f 4962 4754 4753
f 4694 4650 4912
f 4752 4753 4754
f 4635 4752 4633
f 4633 4634 4635
f 4936 4634 4982
f 4594 1699 4595
f 4982 4697 4793
f 1779 4979 4980
f 1861 4833 4959
f 4833 4927 4959
f 4955 4629 4630
f 4955 4956 4793
f 4794 4793 4956
f 4975 4795 4794
f 4585 4978 4586
f 4585 4586 4587
f 4964 4929 4975
f 4963 4881 4964
f 4834 4992 4963
f 4960 4871 4834
f 4617 4618 4619
f 4960 4838 4656
f 4587 4617 4585
f 4587 4586 4916
f 4838 4973 4702
f 4914 4913 4916
f 4973 4842 4841
f 4913 4914 4915
f 4842 4972 4840
f 4705 4972 4971
f 4959 4927 4915
f 4949 4951 4971
f 4922 4921 4949
f 4926 4927 4833
f 1773 4832 4833
f 4920 4921 4922
f 720 4538 4968
f 4967 4632 4921
f 4940 4632 4631
f 4954 4662 751
f 4662 4954 4892
f 4892 4888 4662
f 4888 4889 4662
f 4888 583 4889
f 583 4548 4889
f 4947 4889 4548
f 4548 552 4947
f 4894 4947 552
f 4894 552 519
f 519 4903 4894
f 4894 4903 4895
f 4894 4895 4607
f 519 4624 4903
f 4607 4947 4894
f 4948 4947 4607
f 4948 4607 4606
f 4889 4948 4606
f 4889 4947 4948
f 4611 583 4888
f 4611 4888 4892
f 4995 4611 4892
f 645 4995 4892
f 531 4611 4995
f 693 4892 4954
f 693 4954 4710
f 4710 4954 789
f 4965 4664 4631
f 4663 4898 4664
f 4889 4606 4662
f 4606 4607 4608
f 4663 4961 4898
f 4608 4607 4895
f 4773 4728 4961
f 4895 4903 4958
f 4623 4958 4903
f 4774 4773 4957
f 4625 4775 4774
f 4624 4623 4903
f 4601 4775 4625
f 4600 4601 4602
f 4952 4622 4602
f 4952 4620 4622
f 4946 4772 14
f 4620 4952 4950
f 4620 4621 4622
f 4706 4621 4707
f 4875 4707 4876
f 4875 4939 4708
f 4939 4935 4744
f 4744 4843 4745
f 1793 4932 723
f 694 4933 695
f 759 685 695
f 686 685 794
f 217 216 2457
f 216 201 1066
f 2388 200 199
f 2327 1066 201
f 762 2327 2442
f 1673 2442 1734
f 1732 2439 200
f 2213 1734 1733
f 1733 1643 4470
f 2646 1643 1658
f 1657 1664 1658
f 1535 1657 2167
f 2167 1624 2168
f 2168 2160 1525
f 2160 42 30
f 1821 30 29
f 2296 2380 29
f 2296 2410 1997
f 2413 28 41
f 2410 405 1998
f 405 392 2381
f 2413 393 406
f 393 2413 2403
f 2413 41 2403
f 334 41 335
f 335 1633 293
f 2402 280 279
f 172 279 173
f 515 2402 279
f 461 515 490
f 461 460 515
f 348 336 460
f 2289 349 348
f 431 1 432
f 433 391 2289
f 391 2381 392
f 769 1996 2381
f 768 1996 769
f 1564 1789 768
f 1565 1564 747
f 747 574 1565
f 574 747 746
f 770 792 745
f 603 746 731
f 793 732 792
f 731 730 603
f 129 732 793
f 603 730 604
f 746 603 574
f 573 1565 574
f 573 545 1549
f 545 94 1550
f 547 2343 2340
f 2340 2343 4861
f 1245 2340 4861
f 2343 1290 4861
f 1244 95 2340
f 4923 95 1244
f 93 2392 94
f 95 4923 75
f 75 4923 831
f 93 74 1842
f 2335 1842 74
f 1843 2335 2333
f 2832 2333 62
f 60 830 61
f 34 62 35
f 34 2326 4722
f 1305 4722 2326
f 4718 1305 399
f 2654 399 2322
f 400 372 401
f 1264 2322 371
f 1264 342 1706
f 342 344 2310
f 2304 710 1127
f 2310 671 2692
f 653 2692 671
f 2302 672 689
f 652 2287 653
f 185 1696 652
f 1696 185 184
f 157 2685 184
f 157 156 4749
f 2293 158 568
f 568 114 2293
f 156 135 4653
f 134 2788 135
f 2288 4568 134
f 4568 2288 2285
f 2263 4568 2285
f 2285 1400 2263
f 2285 115 1400
f 113 2293 114
f 1423 601 2276
f 115 1422 1400
f 1401 2276 2192
f 2263 1400 1399
f 1359 1399 2273
f 1007 1382 627
f 1007 1030 1382
f 2273 1360 1359
f 1399 1359 2263
f 1358 1436 961
f 2263 960 4568
f 959 935 960
f 935 934 2778
f 458 2778 934
f 458 911 459
f 912 933 1435
f 910 2000 911
f 2255 912 2232
f 2232 204 2255
f 203 892 2255
f 910 797 2000
f 316 744 797
f 1970 316 315
f 590 315 288
f 893 1218 317
f 590 288 90
f 91 90 2247
f 944 2247 249
f 289 1218 250
f 248 945 249
f 1172 2034 248
f 250 892 203
f 203 2255 204
f 1172 205 1489
f 2239 897 1489
f 932 897 2239
f 1226 932 311
f 311 1471 2663
f 2236 4646 1471
f 2236 2225 4646
f 1452 1470 1453
f 2232 1453 204
f 1454 1437 2236
f 1435 2232 912
f 1435 961 1436
f 2225 2236 1437
f 2225 1059 4646
f 264 263 1059
f 2220 1060 1436
f 1030 2220 1382
f 1029 1477 264
f 1478 1477 1009
f 1028 1030 1007
f 1008 1007 626
f 1009 2207 1478
f 980 4827 2207
f 979 1026 980
f 979 2201 641
f 978 1008 626
f 626 1007 627
f 2192 627 1401
f 600 2201 628
f 2192 2276 601
f 599 2201 600
f 2181 605 599
f 567 601 1423
f 2181 569 606
f 568 567 114
f 568 183 2175
f 2175 183 538
f 539 538 654
f 2302 689 539
f 689 690 2169
f 4564 2169 690
f 690 2149 4564
f 4817 2169 4564
f 4564 4814 4817
f 4814 827 4817
f 827 4814 1151
f 4564 1151 4814
f 2164 2169 4817
f 569 540 606
f 607 606 852
f 2164 876 2169
f 853 2164 4817
f 607 852 851
f 549 851 550
f 827 853 4817
f 550 829 551
f 1151 828 827
f 594 829 1171
f 2053 1171 803
f 802 2053 803
f 1088 1087 802
f 1088 2152 2597
f 2597 2152 1689
f 1152 1689 2152
f 801 828 1151
f 4564 2149 1151
f 1152 1128 1689
f 1128 1101 1689
f 1126 2149 690
f 1126 2304 1127
f 2143 1127 709
f 709 1082 2143
f 1102 1101 1128
f 709 1083 1082
f 2137 1611 1084
f 2137 4758 1611
f 343 373 1083
f 372 418 373
f 2137 1620 4758
f 1614 4758 1620
f 418 419 1619
f 36 1619 419
f 1620 1615 1614
f 1612 4758 1614
f 1612 1611 4758
f 1084 1611 2128
f 2128 1606 2123
f 1101 2123 1689
f 2597 1689 1688
f 2119 1690 1605
f 1605 1098 2119
f 1688 1685 1730
f 1731 1745 2097
f 1124 1089 1730
f 1124 1232 1125
f 2097 1652 1731
f 1653 2592 1232
f 2097 1641 1652
f 1653 2083 2592
f 2081 1193 2083
f 1640 1194 2081
f 1640 1639 1450
f 211 1641 2097
f 1639 1630 1629
f 1629 1492 1491
f 1492 1623 4858
f 1621 1628 211
f 1621 260 1622
f 1623 2063 4849
f 2059 4849 2063
f 2059 1515 1761
f 1509 1740 1515
f 1514 1122 2058
f 2058 1038 1384
f 1740 1509 1508
f 1510 1384 2051
f 1508 1504 4639
f 2051 950 1502
f 1504 1503 4852
f 950 1809 1502
f 1503 1595 4852
f 1809 962 1596
f 2045 1596 962
f 2045 906 1590
f 906 868 1590
f 4821 868 906
f 868 4821 941
f 1589 1595 1594
f 1589 1588 4874
f 1804 1590 868
f 1580 4828 1588
f 1804 867 1578
f 4828 1580 1579
f 1671 1579 1672
f 4825 1671 2031
f 2031 2025 1286
f 2025 1662 1286
f 869 871 1662
f 1538 2527 869
f 1665 1667 1663
f 534 533 1538
f 534 2014 2489
f 1537 1667 1532
f 163 2489 2014
f 1666 1533 1532
f 151 163 1528
f 1798 1533 1676
f 1798 1572 1526
f 1528 2005 151
f 1526 1520 1527
f 2005 1522 2374
f 819 1521 1520
f 2002 6 1522
f 1823 2470 2002
f 819 1822 1521
f 1823 1999 2470
f 1999 776 775
f 1819 761 776
f 761 1819 1815
f 734 1067 1815
f 734 1726 733
f 724 733 725
f 725 1793 723
f 1715 1571 1710
f 4843 1793 1570
f 1570 1569 1786
f 1715 1561 1571
f 1552 1786 1563
f 1562 1561 1716
f 1361 1562 1716
f 1299 1562 1361
f 1553 1552 1563
f 1214 1542 1551
f 1552 1780 1786
f 1543 4658 1780
f 1543 1846 4658
f 1846 1845 4657
f 1840 4730 1845
f 1839 4730 1840
f 1839 1834 4730
f 1834 1833 4730
f 4626 1833 1948
f 4669 1948 1828
f 1827 4669 1828
f 1758 1757 1827
f 1903 1322 1727
f 1321 1637 1757
f 1739 1635 1903
f 1637 1636 4759
f 1895 1635 1738
f 4765 1636 1282
f 1738 1280 1895
f 1282 1281 4804
f 1890 4780 1281
f 1016 1347 1280
f 1349 4780 1890
f 4782 1349 1348
f 1348 1882 4781
f 1878 4783 1882
f 1703 4694 1878
f 1703 1699 4695
f 1874 1704 1707
f 4595 1699 1698
f 4671 1698 1870
f 4671 1870 1695
f 970 1694 984
f 1864 4671 1695
f 942 1777 1694
f 4670 1864 1779
f 936 1778 1777
f 4979 1779 1861
f 1861 1774 4833
f 1773 4833 1774
f 1773 1855 4832
f 1855 1770 4832
f 1770 1769 4743
f 4713 1769 1850
f 721 4713 1850
f 721 720 4713
f 720 752 4538
f 751 4966 752
f 789 4954 751
f 789 788 4710
f 788 683 4710
f 684 722 1764
f 900 684 1764
f 683 693 4710
f 645 4892 693
f 704 4995 645
f 704 531 4995
f 531 530 4611
f 584 161 150
f 530 583 4611
f 149 625 584
f 553 4548 583
f 656 480 625
f 656 497 480
f 553 552 4548
f 479 519 552
f 518 4624 519
f 566 4953 518
f 4772 566 496
f 478 480 497
f 496 14 4772
f 656 15 497
f 13 4946 14
f 4766 13 468
f 435 4766 468
f 4938 435 760
f 760 759 4808
f 759 794 685
f 447 437 436
f 576 447 436
f 794 449 686
f 1732 449 448
f 774 332 448
f 379 448 332
f 1644 379 415
f 414 1642 415
f 331 347 346
f 414 278 277
f 321 1625 277
f 293 321 363
f 293 363 291
f 292 322 276
f 292 276 548
f 281 291 198
f 174 198 197
f 197 214 174
f 1746 174 214
f 516 1746 491
f 491 234 140
f 233 232 470
f 24 233 462
f 105 234 1729
f 234 105 140
f 489 140 2
f 1 489 2
f 1 97 432
f 129 432 97
f 128 1071 129
f 78 1014 128
f 25 77 3
f 27 1014 78
f 26 25 117
f 390 1040 27
f 50 356 403
f 1490 1179 1202
f 1490 1202 914
f 1447 1490 971
f 971 1448 1447
f 971 1440 1448
f 51 404 1449
f 390 51 1498
f 1448 1415 1476
f 1456 390 1498
f 1040 390 1456
f 1415 1448 1440
f 1654 1324 1416
f 1324 1323 1040
f 1638 1325 1432
f 983 982 1323
f 983 1339 2356
f 1373 1638 1374
f 1340 1373 1375
f 4615 1340 1375
f 4615 1375 1362
f 1339 1284 2356
f 1283 1340 4615
f 4615 952 1283
f 1283 4599 1269
f 1269 4599 1078
f 4599 1283 1078
f 1311 2356 1284
f 635 1311 1351
f 602 1351 1350
f 575 1350 546
f 546 1290 2343
f 4861 1290 1229
f 1231 1230 1269
f 1270 1269 1078
f 1229 1245 4861
f 1244 2340 1245
f 1191 4923 1244
f 1189 996 1190
f 1225 4923 1191
f 1190 1047 1224
f 831 4923 1225
f 830 75 831
f 1104 1145 832
f 61 830 806
f 807 1145 1163
f 805 61 806
f 36 805 847
f 848 1154 847
f 1099 1610 1154
f 1098 1605 1099
f 1136 2119 1098
f 1136 1135 1678
f 807 1163 1097
f 1679 1135 1105
f 1145 1104 1163
f 1105 1049 1679
f 1104 1224 1047
f 1047 1190 1048
f 1048 1190 1065
f 260 259 1049
f 1622 260 1123
f 1519 1123 1122
f 998 2058 1122
f 1048 1065 1064
f 1065 1190 996
f 2058 998 997
f 996 1189 1039
f 997 1038 2058
f 1078 1039 1270
f 1078 1283 952
f 1038 1077 1384
f 951 2051 1384
f 2051 951 950
f 4615 1362 952
f 1363 1362 1375
f 950 1395 1809
f 1363 1406 963
f 962 1809 1395
f 962 906 2045
f 905 4821 906
f 963 940 904
f 905 941 4821
f 940 1440 971
f 971 1490 914
f 914 1202 866
f 941 915 868
f 867 1804 868
f 896 1578 867
f 1202 895 866
f 929 1578 896
f 1675 929 879
f 895 817 878
f 1675 879 819
f 818 1822 819
f 1483 857 817
f 818 858 1822
f 1816 858 889
f 1497 1811 889
f 1178 888 857
f 1177 337 1178
f 1479 1465 1497
f 1455 1725 1465
f 1472 1438 1458
f 1438 1472 309
f 1455 1391 1383
f 1378 1387 1421
f 1720 1383 1369
f 1421 1355 1378
f 1369 1366 1721
f 1366 1361 1716
f 1302 1361 1346
f 1345 1355 1421
f 1319 1345 1411
f 1346 1314 1302
f 1361 1302 1299
f 1292 1562 1299
f 1292 1253 1562
f 1306 1288 1289
f 202 1273 1288
f 1292 1275 1265
f 1292 1265 1254
f 1254 1253 1292
f 1562 1253 1243
f 1243 1219 1551
f 1219 1214 1551
f 1214 1210 1542
f 1844 1210 1201
f 1844 1201 1185
f 1185 1173 1838
f 1170 1832 1173
f 1161 1162 1187
f 116 1161 1187
f 116 1129 1161
f 1153 1150 1170
f 1150 1141 1756
f 1161 1129 1137
f 1129 81 1116
f 1109 1103 1141
f 76 1090 1100
f 1086 1085 1103
f 1090 56 1079
f 1057 1072 37
f 1057 37 4613
f 1085 1061 1045
f 1057 4613 1031
f 4613 981 1031
f 1045 1041 1728
f 1025 1928 1041
f 1019 1031 981
f 1928 1025 1016
f 1010 1347 1016
f 1010 990 1874
f 981 1000 1019
f 984 1700 990
f 969 981 4613
f 970 984 975
f 970 942 1694
f 4613 37 969
f 1777 942 936
f 936 930 1778
f 925 1768 930
f 1764 925 913
f 1764 913 900
f 894 684 900
f 682 894 862
f 854 875 795
f 875 82 795
f 862 741 712
f 646 692 741
f 840 854 804
f 675 647 646
f 160 162 675
f 823 665 160
f 676 665 823
f 809 676 823
f 804 813 840
f 809 777 688
f 854 795 804
f 711 771 790
f 790 155 711
f 777 705 696
f 691 697 719
f 696 688 777
f 681 691 719
f 688 676 809
f 488 655 681
f 676 187 665
f 187 639 188
f 638 651 526
f 188 608 148
f 656 148 15
f 15 510 469
f 510 576 436
f 588 617 562
f 333 447 576
f 347 331 333
f 562 617 541
f 347 548 276
f 292 548 196
f 526 541 617
f 261 196 517
f 526 651 511
f 305 261 517
f 500 511 661
f 215 305 477
f 661 492 500
f 488 492 655
f 477 470 213
f 462 233 470
f 443 456 488
f 24 462 434
f 23 22 224
f 24 416 104
f 416 178 104
f 26 178 66
f 39 66 380
f 39 380 40
f 38 40 359
f 389 326 367
f 389 294 326
f 52 359 356
f 403 356 345
f 1177 345 337
f 330 1467 337
f 330 309 1472
f 326 294 318
f 1438 309 295
f 389 290 294
f 389 275 290
f 286 262 295
f 402 251 275
f 1402 262 244
f 224 251 23
f 244 228 1407
f 1319 228 202
f 22 206 224
f 443 192 206
f 202 189 1273
f 192 738 179
f 1273 189 186
f 186 159 1228
f 179 716 169
f 716 165 169
f 165 711 155
f 103 155 790
f 136 159 141
f 1206 136 124
f 1206 124 123
f 116 1187 123
f 116 96 1129
f 103 109 130
f 790 100 103
f 790 89 100
f 96 81 1129
f 82 89 795
f 82 875 10
f 81 76 1116
f 76 12 1090
f 10 877 11
f 12 68 1090
f 1090 68 56
f 11 885 46
f 1072 56 45
f 37 1072 45
f 33 946 37
f 918 33 32
f 32 31 46

