# https://github.com/mikedh/trimesh
v -99.13574253 -43.16300074 370.88083706
v -101.21999372 -40.08413329 355.60351817
v -80.32665874 -23.34881310 372.87741789
v -108.02033464 -109.42402548 956.77217564
v -116.45107430 -110.51150528 932.78717998
v -98.46064373 -111.99454709 940.82179230
v 211.62656736 72.53277426 1160.96549353
v 220.85531888 84.44097793 1161.87918424
v 220.11254764 74.23414781 1130.03018253
v -87.30332571 64.74614580 279.54519229
v -96.28737221 70.71464679 258.53962387
v -100.90363398 72.49231917 278.56111253
v -51.80804081 -44.24498168 512.07615556
v -69.34157110 -56.08576539 503.06332267
v -60.69569348 -45.08200592 484.68110089
v -20.67279883 -130.45811015 975.43216684
v -12.64593807 -137.99926184 991.25115977
v -46.37666976 -134.10294004 997.29734999
v -116.95617412 40.63954916 1107.35817876
v -128.57625413 31.01060367 1090.97656867
v -128.90484294 19.07160227 1107.07011628
v -138.80566385 76.67576075 299.35714457
v -154.83840612 64.47403110 281.46583471
v -154.98612309 68.98672762 306.89581209
v -106.17592776 -62.07364935 414.91540485
v -118.86577033 -66.61308197 409.44078640
v -116.20932485 -59.88627371 394.35922985
v 69.73255089 -109.12529371 776.69529637
v 64.11467114 -111.62928269 809.57735023
v 54.43012978 -109.37499957 793.42501708
v -86.75192597 55.91775474 241.08748214
v -80.78818553 39.10115703 244.63090439
v -86.91638732 40.82869306 223.22738220
v 98.33036251 -78.38654377 570.18625438
v 97.80147416 -85.85092324 590.70559443
v 86.40476949 -82.09944175 585.51122158
v -90.32064791 53.44001489 227.48362133
v -67.15521424 -27.57415686 430.61059310
v -72.97495624 -39.09133909 437.83175066
v -79.52013781 -34.73008848 411.97966967
v 90.20386507 -112.77251298 801.19719603
v 98.96554716 -111.47433558 788.87535922
v 215.36816527 56.50165342 1124.76240513
v 219.54663061 52.16633944 1088.47417729
v -96.80482655 64.50815553 245.43192738
v -88.83752284 62.56573864 254.85790682
v 88.02040833 87.00616727 1081.07895934
v 79.01846635 96.65851093 1065.21430358
v 70.21736448 88.94828394 1083.04105330
v -62.90910973 -3.86200935 390.76633809
v -58.18010478 5.59537376 397.66883162
v -60.28336184 -2.59744723 415.28115668
v -44.53322736 -128.29111084 1253.57541063
v -45.16675467 -126.78706010 1240.94107350
v -30.53232780 -125.24260592 1248.18732848
v -168.81580685 6.61020325 993.58668800
v -167.11056430 24.59894971 993.91402371
v -172.17096861 8.48132044 983.11521198
v 88.11954758 -91.03656362 609.38123182
v 116.47890062 -88.60800149 607.07056496
v 108.18970168 -94.40977781 625.77239835
v -108.68730479 68.89265001 248.12319455
v 54.96787972 93.84726685 1456.25883581
v 42.84732347 85.86109915 1466.95010522
v 57.44181870 78.25013591 1477.04534904
v -92.92335979 -50.34764667 413.67835058
v -104.93781922 -63.48956535 427.25526989
v -106.00517835 73.53376677 271.18346847
v -170.80259783 -11.74298163 982.85993331
v -163.37337830 0.26029077 1000.75457353
v 331.65538842 -60.61210129 757.74384948
v 337.86194616 -64.55651045 753.37918715
v 338.89345353 -64.70398828 775.99807843
v 129.86186087 -98.88540648 649.40153851
v 98.68273537 -103.48914880 651.21473736
v 120.46353448 -95.59903040 635.43618160
v -96.25619054 73.76728333 292.79718417
v -126.78160231 -62.13753969 389.67214646
v -125.49880890 -58.37845812 369.42186876
v -78.27170754 -112.55961380 932.96383105
v -92.53949079 -117.18553437 908.56851962
v -80.64776617 66.83643818 302.39304131
v -81.46802939 58.36426166 278.81658286
v 99.60029168 82.72349626 1146.49612093
v 80.87415331 92.62585116 1132.81492548
v 95.21312382 91.73838133 1162.70181762
v -2.81287038 86.20588316 1454.91192341
v 29.88620883 93.57245333 1445.66996134
v 21.02944067 95.30747227 1435.13680573
v -88.74845790 -52.21861368 430.96070217
v -74.12429077 59.85305069 302.08228745
v -168.63011260 35.79338200 930.30163767
v -150.17569794 75.29271521 930.87369979
v -151.05999828 72.19512807 918.01123631
v 153.10897799 -92.13808950 669.26570874
v 161.20800212 -84.17618560 660.32848913
v 168.48647132 -83.91721122 687.91429741
v -72.00848415 46.49223390 287.62123849
v -92.15705850 -41.41353400 391.43752296
v 25.61389568 -125.62037953 1185.23283002
v 25.74120110 -124.59614988 1217.82415935
v 12.36364373 -124.37787082 1190.55983626
v -79.44199110 49.97030112 268.37452389
v -169.01231668 41.51193882 968.31179457
v -177.05622469 10.37505095 966.72442012
v -76.67952459 37.01806370 267.31701528
v -89.41417994 -21.95782487 322.23917038
v -77.30904525 -9.47821712 317.27579402
v -75.50844343 -12.84410213 339.35584500
v -118.41991532 -97.13308184 985.65731760
v -106.69972747 -106.63958232 1000.15089015
v -125.32389043 -93.41444731 1006.52084762
v -62.97700371 32.19789210 313.36369667
v 171.39107177 57.00523177 224.56385945
v 179.88115497 32.67588612 235.46025462
v 176.27571463 39.93183848 217.59682954
v -73.50737536 65.45473726 755.28884138
v -61.64211204 64.40090984 723.43738970
v -88.19226801 63.32384081 717.84550809
v -71.05132540 14.57343323 293.75263400
v -80.50325100 -21.42105865 355.84061719
v -148.00789956 -65.47048924 998.50143760
v -130.05630295 -88.34365717 988.77989615
v 168.77001562 99.75113857 1378.46868114
v 194.90740340 87.57415770 1380.57060809
v 186.88440827 97.71510822 1358.50813607
v -61.60327419 14.68301541 332.26824538
v -69.68237775 2.55342311 318.46893104
v 35.99233261 129.48541307 836.53523521
v 57.16163255 118.32899714 811.45745373
v 25.71718922 112.09133755 817.19492587
v -122.52452801 -55.44058213 349.10457224
v -79.55041967 0.27787801 287.98526913
v -102.83369580 -113.80664364 1029.91827215
v -113.79381276 -106.08305387 1017.06284539
v -82.51047195 -124.61134239 1026.02917753
v -112.65194234 55.76805786 715.18384022
v -96.39654086 60.50641517 698.39217881
v -85.54320091 -10.05510955 294.08493643
v 256.05367306 7.80633565 1180.23776438
v 264.18841850 9.13923543 1144.80346892
v 267.04619079 14.11699840 1170.26078640
v -72.89867659 -8.41662731 342.91485944
v -94.04025735 -11.76114052 275.11022985
v -56.45709873 -127.55086413 1061.28653074
v -51.35184967 -128.52302179 1085.36642571
v -68.75113339 -123.14546334 1064.97287793
v 322.13627067 -46.00410396 782.10063112
v 314.77660516 -33.81455692 782.11695539
v 321.02022408 -38.31903497 774.06109415
v -98.30975193 -21.66579746 296.62601909
v -87.25794273 -67.95594386 467.14114998
v -106.99482708 -73.90860184 455.70649829
v -82.91145993 -57.37320288 456.71744236
v -151.24833868 -61.54119226 1022.70474687
v -156.67155706 -39.93602968 1037.39337010
v -163.14044878 -38.08357197 1011.08288093
v 216.98931287 82.95834963 1352.39644280
v 208.41424943 93.78792122 1335.41737728
v -105.93230582 -22.43204662 280.74680204
v -88.85220791 57.32388832 649.22171448
v -89.28514627 60.46096280 663.56853740
v -79.38607011 62.11040143 673.85870957
v -109.43638554 -20.26081855 257.76621906
v -67.68985286 -42.07029822 461.64631521
v -80.70393538 -51.69111889 444.74828378
v -155.20838658 -54.61175087 1009.14337294
v -160.02957851 -38.71802821 992.62563435
v -92.56048489 -5.93029410 265.63069909
v 112.06229157 87.97772399 290.68451103
v 92.59399062 80.81877722 297.67627327
v 90.97365904 87.85164383 323.24819757
v -92.80891209 -2.51631364 247.66871085
v 59.78867150 144.63065117 868.97172728
v 74.75017675 137.01384573 847.96511795
v 36.45385875 140.95350422 859.55869887
v -1.12070465 -30.56372430 696.67907306
v 4.60399584 -32.11560911 710.07345464
v 3.88520736 -34.27971484 718.00188383
v 257.28381195 19.14291652 1214.27449002
v 274.60660494 37.76316998 1196.96937505
v 273.15143118 44.94410599 1225.64142812
v -63.25221209 3.67539811 367.93522402
v -79.34303968 10.52000614 272.01793357
v -65.11386759 -131.34361353 1036.84281161
v -53.57573019 -135.94021068 1020.74831939
v -50.77181605 58.47346440 686.35259422
v -42.04908790 50.74364214 659.97431033
v -66.30063783 61.97618216 675.11308078
v -85.21958862 15.89601368 241.35615417
v -117.29639356 -68.85215371 426.79888579
v -106.36416410 -69.86616294 440.14497677
v -76.80208098 20.76243764 270.18050990
v -79.80725455 -122.42188107 1002.52026699
v -84.52588834 27.87915603 228.26672793
v 163.40825999 -155.43853244 13.98384671
v 163.15543822 -139.34145563 25.82150692
v 146.05188910 -145.26985588 11.61648393
v -135.00664535 -68.12071566 428.18162934
v -130.26066772 -66.18077371 409.30141956
v 170.26040316 -5.36077184 970.81390681
v 162.56126858 -45.30432490 956.77126120
v 173.46657390 -31.66567757 935.97194355
v -174.20108395 -79.67013830 898.90833012
v -161.62105867 -97.80703752 899.84952660
v -158.84872942 -89.02367565 919.34277529
v 182.66141565 -32.18440859 54.71119564
v 169.42607653 -51.72302455 55.27536287
v 197.20603595 -50.77633821 41.27973357
v -141.61547471 48.29873033 441.71440328
v -125.71099044 60.59552489 428.19640700
v -142.56790068 54.67392364 426.99673380
v -148.54894545 -55.70929880 350.60706625
v -136.54845120 -55.72284212 333.74326020
v -132.17947712 -58.09603156 351.03603434
v 162.59174716 -25.12209011 974.04686452
v 167.12511445 -4.32282518 983.26310885
v 345.54046130 29.60635563 873.36104017
v 337.38289611 38.35697450 895.22838568
v 347.85138627 32.68736912 892.44157951
v 251.64884456 41.10204757 1306.57039299
v 252.38967230 56.67796644 1293.02299746
v 242.28321652 55.56955747 1334.73200106
v -89.13539538 17.17369212 218.48534319
v -171.76651407 -45.06063679 1260.54598755
v -175.38416416 -50.00058590 1274.08701819
v -178.91719306 -46.80972539 1246.08851615
v -95.60060441 4.30441068 228.22149579
v -66.12923259 126.39085127 935.81962274
v -55.57778613 131.26641934 910.95788882
v -91.73068008 119.91279885 912.32301184
v -113.42114039 -39.81982638 313.44913333
v -98.45404236 -31.57966798 332.99282197
v 90.20222817 -104.21368162 1114.82061097
v 73.64343978 -115.98356980 1141.92515412
v 65.83109800 -118.18461937 1123.76661077
v 35.39155212 -127.46276987 1109.16113337
v 20.12140530 -127.36123047 1098.07996440
v 41.14452699 -125.20229335 1098.48904238
v -155.26175956 -25.21323857 1262.91534662
v -155.58636595 -19.25338097 1253.91286207
v -147.68742812 -26.01566196 1255.91494521
v -100.02175015 7.72975618 207.91040329
v 141.57657510 -64.93042367 1020.65951433
v 152.03628036 -48.09972962 1023.80789548
v 154.18470792 -43.91367906 1049.26985220
v -158.22121702 -113.20357941 859.33128904
v -147.60741105 -124.36160685 838.83188548
v -147.89558304 -118.87637692 868.64529202
v -88.82403228 23.38099001 206.68566074
v 153.08029694 -20.77655546 1106.29216176
v 148.03581057 -27.39015233 1120.44396354
v 153.46958964 -20.73912660 1090.29287896
v 21.56402891 113.87287888 1247.10356427
v 16.41254384 112.69404009 1275.66862231
v 30.70174036 116.59561090 1255.16699778
v -135.50297421 43.34093574 461.26990405
v -120.88164047 50.52068369 458.22231171
v -137.58573512 -60.41539217 383.11738314
v -102.80875849 7.97502981 190.07049226
v 158.93606625 -10.35641278 1018.67321066
v 160.52882022 2.87426447 1015.37589139
v 156.97561654 14.53898488 1022.84643631
v 152.12843502 8.96329952 1089.09405185
v 160.55803985 7.86067148 1051.70239537
v 149.58935473 16.12459484 1090.94848457
v 373.02990065 -0.88837344 844.57037810
v 370.23038882 12.15298603 857.32834332
v 371.71298115 0.30586651 855.63787619
v -141.57431666 -44.70482076 1236.48596656
v -125.92265439 -69.44471669 1233.36939510
v -125.62193869 -72.72866287 1247.02901690
v -93.87317130 25.73466223 187.68496543
v -119.40228856 -80.95763398 474.68085060
v -105.10278852 -87.41686595 493.95577267
v -118.99083772 -90.54894195 506.64798246
v -2.65873873 -50.97524684 713.69654053
v -11.84907831 -76.54595325 721.50721475
v -17.13339512 -67.68348013 677.99304963
v 252.57295777 48.16186241 1286.06222318
v -172.25821518 -36.06836582 1234.78890517
v -161.41123767 -24.91600255 1233.43322373
v -163.90378124 -32.00114630 1251.22305129
v -92.54554250 38.92003741 181.38470488
v 338.06490124 30.67697848 872.25660887
v -155.05696520 -119.74310472 822.06693450
v -135.01941465 -133.78942165 796.82297386
v -118.76794645 -74.75890537 443.98128425
v -25.14848781 -97.11279762 726.48824074
v -18.19525727 -77.94149495 698.55163860
v -93.13835427 51.55675445 201.67637698
v 12.29157806 143.43232029 883.94270311
v -4.31750704 138.76260416 879.92498691
v -31.16770701 135.56493449 897.66876527
v -6.05902553 85.07629958 1084.81871013
v 0.94094257 82.62901403 1099.44270548
v 22.67674378 85.33448834 1090.84937351
v 95.69421458 115.91342252 1272.83626244
v 103.99019690 107.71761585 1248.26096121
v 90.39439423 113.60093489 1262.01016872
v -144.11600815 -59.85250309 394.63470444
v 27.07754741 -125.93241572 1086.33515383
v 49.54555253 -124.97082377 1081.77948848
v -94.66689745 48.55536665 175.70225087
v 120.84284230 -82.94982176 1047.91724013
v 116.02605813 -84.11640740 1065.08370943
v 105.40002153 -89.26688701 1079.04687189
v -29.41560055 85.92164282 1132.54329287
v -23.23545345 78.48422980 1110.03150331
v -56.11603949 77.82903713 1107.35984010
v -150.70489496 -122.78697994 797.76211382
v -172.94608860 -98.17702517 825.20914338
v -98.71149886 56.72118765 170.52146261
v 123.67193586 -70.94638691 1099.66522349
v 110.11397485 -89.11846853 1128.90914837
v -119.10321920 -78.39189805 460.33973639
v -131.33180257 -80.23043798 486.23281500
v 135.74493205 -57.53422786 1115.29041957
v 141.63831161 -44.62283953 1120.14985665
v 136.74078582 -55.80238218 1142.77930798
v -103.78956617 64.20709790 184.44354507
v 149.74116308 -45.04750702 1068.74058263
v 142.25471497 -64.42706073 1039.96305680
v 145.53445468 -42.13273596 1097.55008998
v -102.75783130 65.27889467 208.24284705
v -103.01847538 -99.72423216 550.99150161
v -92.71420748 -102.75180834 581.66650521
v -115.69950715 -103.95093634 595.92196349
v -25.00943378 -101.59319163 752.66794153
v -12.56067715 -85.41780597 747.64844380
v -6.89530465 -86.92383978 757.64071164
v -94.54959180 58.23238646 217.65462300
v 3.25245683 82.08766181 1123.38312819
v 17.85562658 90.95621236 1132.01019284
v 13.64205203 84.75071990 1110.05779769
v 62.17156339 46.24034729 332.99239006
v 61.46359336 51.14822950 363.91053151
v 68.15886439 58.88132448 321.15398127
v 21.59988191 -31.75811404 651.65332066
v 19.62548754 -26.68873057 654.44851620
v 24.00599504 -19.37873622 620.97382222
v -122.27610103 -90.31728007 531.01093338
v -108.87387453 -92.48406202 511.89796970
v -24.29506691 -106.12057107 763.95211254
v -12.67478957 -101.10261572 767.30610697
v 354.74183731 -13.05415168 746.63631569
v 356.89937697 17.29306707 763.17116786
v 371.72466896 0.59129530 761.71461818
v 237.14119899 95.24470019 1173.89499442
v 250.88288041 96.55919725 1197.23783678
v 254.23653010 94.47684728 1182.20763876
v -104.32796756 66.89216411 232.70326475
v -154.52227331 5.18277330 1213.21971681
v -151.78770366 25.45619695 1213.32180632
v -150.23682319 -0.10535255 1192.35130426
v 146.54222072 70.13250672 995.51578353
v 140.86648007 87.32157696 959.46315766
v 127.17686663 93.51239140 998.41130653
v -130.20468531 -75.04382007 455.15535369
v -181.28337651 -39.92781533 1224.54482822
v -169.84026798 -16.28636987 1210.39041818
v -163.75460295 -21.34545275 1223.64599669
v -111.33169722 68.96534107 201.08191582
v -157.69429939 -5.81824387 1055.93037873
v -162.12162212 -24.16081392 1031.67241227
v 26.63630503 -30.45536756 624.48519055
v 33.59841066 -41.19359773 608.73750824
v 35.67126072 -49.91069338 627.90715967
v -114.34645149 73.19844271 231.88422267
v 69.86189046 -116.65891831 1097.28331513
v 52.79839431 17.14818253 1505.29070092
v 51.10754994 -0.03758185 1529.95546421
v 54.86985846 -2.99716627 1479.43719133
v -122.83470774 -95.77177648 564.49983345
v -113.08543749 -98.02516606 549.74673327
v -150.68747830 -8.88492380 1069.36428853
v -139.72257606 3.36920053 1092.99704875
v -145.00408698 13.15252377 1075.57315054
v 94.97098491 -102.34986602 1153.25334638
v 327.89919412 1.68237141 840.70377762
v 335.60567120 18.17571104 839.52481240
v 334.94717566 17.13667194 818.02977154
v -196.29229664 -52.11730254 1263.97665189
v -201.60209974 -49.68639318 1224.76763927
v -191.45917782 -49.99450554 1237.89304218
v -126.35398832 72.81531826 248.95443869
v -72.67497226 -23.73124031 410.58000989
v -59.37353417 -6.40940069 427.65618090
v 34.72554984 -95.02927772 756.85563380
v 12.10760960 -103.36610040 775.33227221
v 2.82158065 -89.56555887 762.19740564
v 251.05159126 95.96370688 1216.25327597
v 228.50260109 98.35770000 1205.55038667
v -154.19869068 -6.26381996 1216.91035321
v -162.23597139 7.12223210 1216.19920695
v -122.89534453 73.22837359 227.48359408
v 344.86214038 8.23827412 757.27747125
v 58.93036797 -80.16441136 635.77077707
v 43.02593430 -65.06775368 642.34191979
v 62.01396516 -76.46494046 606.94066532
v -137.28869478 72.44717708 242.93225747
v 17.10659745 -113.06872677 791.35129721
v 36.34464949 -97.88339058 760.92165840
v -145.92919203 68.16071432 225.09807556
v 106.58724770 -0.10791971 201.83563220
v 116.29012216 -10.48126093 216.91999559
v 104.62238417 -1.64792937 222.74203508
v -152.65171101 66.00825879 241.75834788
v 118.76089818 79.99804206 1028.73940962
v 134.38837607 68.80917502 1041.00526422
v 132.50090004 66.64253360 1029.31624805
v 65.71990102 37.58716773 1498.30696638
v 56.02444683 28.92771976 1506.23679166
v 68.76032812 26.11226912 1483.62594104
v -105.78036073 -95.55046591 534.88834463
v -136.12101668 73.26418867 263.43662334
v -162.09427021 0.71797654 1011.46412097
v -157.18356737 25.94162559 1010.01066788
v 75.78042485 -84.40657350 602.12869563
v 10.16393476 -130.18571888 1083.10728775
v 14.73116234 -126.54542027 1064.09732567
v -57.16085947 14.98131016 422.23293830
v -142.26111058 70.72273426 281.21020645
v -166.01192175 1.77790372 1030.90527733
v -165.41670877 -23.99995762 1014.42809351
v -4.22001071 92.84320518 1046.80617007
v -5.00544135 87.76068955 1065.98352999
v 11.31661199 93.80140383 1061.77397587
v 147.42208932 72.73437125 84.60182155
v 157.51035445 66.94015907 80.01226691
v 147.52856992 77.52800908 71.82255326
v 78.38915095 -95.67331102 649.65169190
v 75.89848892 -98.89904474 671.07950664
v 70.67455717 -92.30973901 654.10830789
v -147.14551311 73.85503242 316.80966319
v -84.33610773 -84.55663987 525.25663649
v -90.11313925 -91.25526626 533.60015560
v -95.19992717 -91.49131785 515.24126489
v -38.55330643 -124.96207452 962.03250115
v -36.56325487 -128.14951796 976.71037222
v 263.98689842 90.77190677 1182.88123618
v 275.54414622 82.22210637 1169.75184409
v 268.90685510 91.45185938 1148.02034562
v -129.00061669 79.13107933 309.93317696
v -147.83901106 75.96132220 335.27104461
v 122.14669694 54.58279390 1123.61096241
v 138.38629003 39.17577954 1147.65487068
v 140.94823877 31.19654860 1126.11007334
v -64.98421745 -88.39409184 568.15230416
v -76.88470838 -92.29110280 547.27332858
v -46.78079399 -67.11488180 555.11502704
v 151.37002841 68.13303785 974.30011958
v 236.07582136 -104.78078864 8.10264636
v 237.26953859 -79.89621014 7.71176051
v 238.16317828 -102.55194750 11.39129476
v -159.09107584 68.37795188 340.56477042
v 52.23539480 71.98438894 700.23169470
v 36.10299319 55.31152073 677.91105215
v 34.97084913 61.64360002 703.80010431
v 59.49909214 -88.84793890 680.72756635
v 41.12544803 -80.83186435 711.59003144
v 43.54978511 -69.26391743 661.62008853
v -150.79466018 72.72969290 362.19465340
v 189.05344369 31.17002945 1227.88938635
v 183.00410549 36.28995346 1237.03771328
v 191.72892217 40.30936799 1213.56897064
v -223.88351135 -39.76694844 1215.74581503
v -243.56282591 -22.39754339 1205.43279671
v -235.78590127 -40.28026420 1181.40910550
v -77.55723073 -72.35707752 505.23296287
v -66.20484459 -64.09106253 517.53281349
v -136.61643867 79.42913872 353.84866871
v 80.62463913 88.11168110 759.71094532
v 87.57510022 85.10376481 727.13405887
v 61.37069733 79.35844771 730.02379945
v 357.91129151 24.29042368 887.69398918
v 352.95938242 28.32024355 904.47430945
v -117.31304443 81.56129154 338.93515487
v -45.60270121 -6.14197379 472.92076576
v -51.36739494 6.26615014 456.64880317
v -49.23055657 11.14262178 475.29803764
v -175.44010511 22.56366090 892.63018320
v -181.73479025 10.25853401 863.05129223
v -182.79099844 -0.82046145 882.32304056
v -152.73296528 44.55649067 1032.56413633
v -150.43655842 45.07977869 1041.88415163
v -138.96114847 60.21331126 1033.56963669
v 259.25319557 92.37192057 1204.20451016
v -124.37963264 81.76432646 327.74756765
v 25.06744217 -49.69566829 670.68908105
v 25.53161709 -39.36941712 641.52072356
v -102.78784099 78.84118251 317.34373361
v -232.73421695 -30.88578681 1313.41812420
v -239.92023503 -9.28432408 1307.98232139
v -242.45366949 -8.10011488 1286.52936452
v -51.11008647 -25.91225706 470.97793093
v -49.81086314 -38.13951495 501.39792737
v -174.26672436 31.82527487 878.59039388
v -166.39471531 45.91525580 852.54746948
v -118.57932831 76.80698401 297.48949063
v 111.50247383 67.89753953 1097.96572770
v 123.59531329 55.27400403 1111.71416707
v 137.95764328 38.08249096 1098.15779014
v 342.49319130 15.07983382 795.24628926
v 339.61076532 14.91333898 776.61180778
v 336.87251341 6.02794242 788.02678498
v 202.02184198 9.80951365 1184.27861921
v 211.95130627 0.03352303 1180.75218388
v 201.11122621 0.39324167 1201.32457477
v -91.30896718 -86.21263130 504.29841797
v -104.77743289 78.26756979 298.92628285
v 35.68528952 42.72848829 641.60357609
v 41.71405130 46.70985266 626.20575907
v 37.82055858 36.30575071 598.42419365
v 18.43781512 -62.08408878 728.72514813
v 10.70747747 -55.95438241 737.23740868
v 10.24215217 -43.09976698 721.51982826
v -46.91721331 -16.94377204 471.98097183
v -54.45693083 -8.91959114 449.25840198
v -155.18089026 -19.07259047 1228.20949839
v -150.23028119 -24.95713377 1226.66236556
v 135.68185659 106.95327216 833.35853355
v 153.84511130 91.24010343 821.22253309
v 149.15242502 90.80432582 803.17152776
v -95.02687807 75.00613840 308.49444600
v 22.50464391 46.43450075 694.30078714
v 30.14254002 45.06204403 664.40582259
v -64.55723388 -31.96214066 451.91636922
v -135.81911255 83.78199810 841.38447959
v -155.65469587 52.49498486 821.85904906
v -144.83781398 81.75297610 857.81603746
v -146.40983860 50.23272400 1010.84091272
v -154.46844785 55.68405206 995.65566199
v -166.18698634 -93.02992284 715.18195641
v -175.05717112 -69.83159962 726.90405612
v -170.70795397 -75.71719652 700.04490388
v -81.55998998 74.25621852 327.66683619
v 121.36801617 -22.78789225 257.58720374
v 123.62673115 -15.52422306 225.88898113
v 132.48793526 -18.38341510 234.94017346
v 134.89205594 -107.62239606 731.51841954
v 143.30808283 -100.57538648 703.29590818
v 153.97585066 -98.07848022 717.08192241
v 193.89775202 -41.88918606 720.13233450
v 195.07533851 -24.76041504 747.37290156
v 193.06141841 -46.45664060 752.60338168
v -54.42884105 12.57713029 442.60782467
v -113.50047541 101.30557401 840.35845671
v -129.65134089 96.05151978 856.25954027
v -17.71002306 -106.15892278 1324.54112039
v -14.37167615 -98.55464299 1345.76045989
v -38.35073794 -103.28069667 1339.05754916
v 267.77376680 11.80393966 1089.39070298
v 254.53826355 17.39600147 1097.74775381
v 250.44954717 19.99656505 1082.35491562
v -90.76052363 76.63871530 338.42341044
v -142.80676548 -39.63106724 1159.47377210
v -142.32729972 -44.61537007 1173.26314619
v -148.36054012 -13.24242874 1172.98285593
v -91.05640174 78.17105989 365.00036242
v 143.21056288 52.24308077 1192.40732346
v 152.74861578 24.85015976 1187.76260331
v 147.34427992 30.49968671 1168.20407578
v -40.92708432 -16.82465532 489.95217563
v -156.92047361 -113.50080919 748.82916363
v -167.33022662 -97.48253070 748.34771111
v -129.99326275 100.35519521 880.99052220
v -136.10015801 95.22642614 893.40549534
v 164.72677874 -91.83599663 727.50732141
v 179.69505838 -76.15114674 737.32801836
v 174.07305068 -82.10486852 767.16551535
v -98.14591219 79.45976485 365.29714697
v 182.54315637 -9.32445527 1273.58143014
v 196.17831267 -10.81820251 1277.76487751
v 175.77933450 -14.97621201 1290.29813913
v -238.41141708 3.37963243 1294.29116826
v -233.00352362 19.02068003 1300.60086859
v -236.46283756 17.24001311 1286.88692049
v 345.43808231 22.90000464 773.74902094
v -99.11487011 75.37286709 384.05610183
v -133.93429305 92.71753180 919.27660816
v -137.45342905 91.77940059 945.35620922
v 368.58355350 -55.60900004 735.28678819
v 355.33412294 -48.85231796 729.02181913
v 371.94745132 -46.89539014 738.48478662
v -127.35948196 78.43780304 373.57621306
v 190.02534598 -37.76218031 687.91382592
v 193.79253347 -30.91444306 705.94981198
v 238.95798593 17.89464702 1104.86015858
v 236.86018041 23.02515295 1092.74995128
v -145.42309700 -127.13994483 761.18692678
v -112.73156835 75.08585204 393.50454886
v 183.86573015 -65.56966755 801.11710673
v 189.67826203 -54.79105599 785.30616097
v 188.60736700 -51.21436364 820.24253822
v -133.14985927 74.90848352 386.16888690
v 195.01248495 -7.93013481 786.20623410
v 195.56455487 -29.50778412 794.46518494
v 195.36026935 -26.05399234 772.80232295
v -122.44916130 72.82303505 401.13003551
v -136.24430340 0.38381447 1108.88915652
v 169.11285067 16.45040295 182.78856091
v 171.56859382 31.71770795 176.16747916
v 175.20561045 32.40928169 190.70136494
v 190.31301989 92.67895437 1241.00638384
v 184.54252524 84.77873402 1230.66578860
v 183.40291686 94.67841414 1260.69756554
v -108.46773695 69.97696063 408.54013898
v 150.23987962 -8.99603240 1214.48921027
v 153.83044966 12.64961683 1219.67994010
v 152.26808420 -1.22333189 1245.19249206
v 322.01709733 -14.11769050 848.99407200
v 317.26826347 -5.35503733 861.69897210
v 323.38907792 -6.54699401 841.88546990
v 173.60510496 -29.50973797 1299.21101459
v 176.36341519 -19.49723387 1295.67951546
v 179.65272140 -32.52011680 1309.23218991
v -117.47726971 -134.58023553 835.04715161
v -132.68566841 -133.44721537 819.74908394
v -120.26436200 -139.89749224 794.79322139
v -108.43696153 65.73976116 418.71143160
v -92.08260093 118.64766033 864.62997696
v -59.08603173 129.78470219 884.73601385
v -74.84841045 121.91666867 856.67533913
v 191.86094040 100.49433738 1261.60137669
v 183.53816674 95.82030445 1275.78357873
v 206.28204891 105.21042067 1273.09442623
v 166.35014489 -78.49613505 848.83346358
v 182.72448359 -58.78106970 836.70056491
v 179.52815288 -61.21477917 850.90586421
v -115.50556049 58.61098353 442.85010261
v -110.72941909 113.49192415 897.20380936
v -104.73097925 116.80432573 883.71690033
v -101.33527878 58.99316334 445.90903297
v 196.60369405 -18.76409003 810.20568134
v 196.02755169 -29.38738344 814.67263747
v 92.72633099 39.69249547 203.62782067
v 92.85090787 47.54701131 200.80097411
v 96.84589355 42.79447471 188.12211433
v -80.28085587 -68.54179390 485.53536207
v -69.41933819 -54.15754589 486.12768209
v -151.15595791 -74.62525932 968.10768967
v -134.47889262 -93.21293713 968.90375937
v -94.46648330 59.69400771 432.37468903
v -11.34898234 32.81883765 693.52896578
v -21.08537308 37.85258250 676.03056276
v -21.38635691 49.92464639 704.93652551
v -85.24254838 49.23267888 454.05623933
v -99.30904007 -77.15735081 470.75157417
v -162.65102467 -49.16271838 975.66165878
v -160.04407333 -72.27378043 952.36310484
v 194.74422301 102.47195291 1324.31521662
v 208.99432204 101.68877980 1310.99075349
v -93.45899620 47.96688100 462.58312277
v -83.23829635 40.67604989 470.72198486
v 29.48903007 145.65499111 928.91522115
v 16.37497907 139.57538412 957.86759661
v 55.06109390 144.04357461 946.94194821
v 168.40342946 66.25327957 783.39035095
v 150.61892255 81.51048171 779.93505112
v -87.45380894 41.08948653 480.86834005
v -128.73861773 -80.21280875 1096.98457724
v -141.25109273 -72.40827050 1063.20563184
v -130.81701298 -88.76551744 1061.29240096
v 4.27616057 8.55985300 701.60650086
v -0.87529010 10.34538566 690.71547569
v -5.84945326 26.93435761 704.79076291
v -101.87760614 47.41790125 471.99617901
v 213.15120616 -22.64849176 1319.46266094
v 232.85002292 -0.63186610 1316.03267360
v 237.50291020 5.47660745 1326.08937240
v -110.88042330 51.82380593 459.51750572
v -128.07827621 -96.51133457 1041.94629960
v 324.47818422 -38.12535707 794.80223686
v 320.29276449 -31.49007382 800.04678430
v -118.54581687 42.76659840 481.48017252
v 152.67268395 -49.52634575 985.43082216
v 159.30582497 -34.64625113 988.86654981
v 146.57945211 -49.89751067 1001.36929016
v 186.13385036 103.46544309 1317.59774238
v 175.70656678 104.78160716 1329.55765330
v -100.50057010 41.95545383 494.00539162
v 4.48441735 3.15939186 695.59554016
v 9.50919943 9.43129320 691.25102423
v -119.72135700 40.04974504 510.61652118
v 127.65700299 -72.94404810 997.32354776
v 131.77778045 -70.11142944 989.92385422
v -103.85825297 41.09610208 506.48287055
v -105.64449102 42.30059772 548.85100178
v 107.29249539 125.43170932 935.04870775
v 113.83942847 128.12489034 908.37560439
v 102.78872487 135.87371602 903.22025276
v 200.29684884 -31.22609389 1323.95378992
v 188.46670168 -32.70795805 1316.43902467
v 205.83239786 -21.79740339 1304.86092496
v -121.90447395 39.01866988 550.51590569
v -150.18159914 -34.70369736 1068.88992776
v -145.04770736 -24.77687012 1092.79288273
v 11.44816277 -25.35678429 687.63853395
v 14.82735411 -28.04746329 678.31966533
v -111.64858948 46.00878213 569.72515254
v 167.33834160 41.37863279 654.25670880
v 157.08907792 52.86632676 627.24549851
v 161.47145968 52.21220154 670.51565971
v -127.47035422 41.32022728 583.72048083
v -138.38503661 -83.61180420 1046.61778825
v -144.53340392 -71.69274914 1036.95064256
v -133.17013095 33.28372563 558.78000798
v -129.66887605 -107.74494513 623.32693074
v -138.36130164 -96.11405422 600.13223061
v 99.86241797 -104.14673079 1008.21040391
v 127.82560165 -80.92133416 1017.55927067
v 115.17547916 -92.11244062 1027.59637867
v -140.00928506 33.60501965 604.70454109
v 118.34573111 81.80842133 235.24672524
v 136.58148425 82.28211398 215.94690860
v 126.38992474 82.79721642 215.62013020
v 101.90647581 -110.77299404 735.28740293
v 99.61730110 -109.88355212 726.74465324
v -130.44844853 42.28697647 616.67676021
v 77.79783176 -117.61866269 1000.17167974
v 92.59375781 -110.63611116 1016.03309666
v 301.08687947 36.57030115 1129.98286801
v 300.00472681 44.28237939 1136.04610105
v 286.00950519 45.09805248 1170.17714922
v -110.77299970 50.55151228 610.16952107
v -102.44422618 50.03387111 590.37069334
v 117.77471387 -67.55081131 1212.86413178
v 130.48697335 -54.91215268 1224.40851428
v 131.13058748 -58.93391020 1242.18493763
v -91.64573920 54.28880970 620.23284626
v 8.47851923 41.24281238 759.03527717
v 19.42608197 61.27246574 774.83982893
v 11.83355290 46.57771617 751.18591091
v 99.61935133 -109.12068553 693.42561919
v 110.79598870 -106.85545331 680.81603949
v 119.52969666 -108.31649082 702.04544633
v -119.54962782 49.51477191 632.48892895
v 152.73747297 76.06152611 1256.04331678
v 138.38156611 91.44180793 1250.32537401
v 150.30343590 91.65009768 1265.76349683
v -105.24093672 56.07881621 646.85119484
v -1.98514649 35.42115827 750.10666904
v -12.47558583 48.50345679 753.57281215
v -6.11425072 43.98307142 769.42334943
v 322.54851717 30.14429039 889.88862716
v 329.52211753 43.10763568 904.96180124
v 330.18055891 33.63125140 882.21900906
v -125.34925311 46.77422731 638.16728803
v -68.61768921 -80.86846098 535.98131159
v 27.65395135 -136.02550388 1019.09255327
v 36.93065644 -135.32682550 1013.38776657
v 57.97062158 -130.04086222 1015.44651838
v -142.17197612 -25.36673715 1145.14631840
v -140.29742606 -28.00605684 1119.30584523
v 299.51125643 28.56329635 1128.49448433
v 303.96199708 24.13448341 1111.41477345
v 104.61690599 -103.93869693 664.89368197
v 129.32006896 -99.69843003 660.61070682
v -139.26394663 37.78476678 647.35374019
v -239.14040995 -19.01527242 1232.33451562
v -218.91684697 -41.63582118 1233.73746753
v -81.02998321 -95.69920895 556.18239751
v 42.58248698 -132.49100863 994.90358538
v 3.54014538 -140.29518614 1015.78133372
v -121.78094632 51.02762980 687.44939182
v 97.54738362 25.27613526 187.71505818
v 97.43835940 34.52845113 172.16022727
v -135.14551770 42.81237182 701.63063888
v 149.38989610 -19.46932523 1166.03998256
v 152.22239060 -5.68858781 1185.35262741
v 148.87193994 -19.25207947 1210.13924022
v 157.93067654 61.51342158 1250.83915584
v 170.19278431 73.84766335 1249.38066581
v 165.48759113 60.73539091 1245.33845495
v -50.60246266 -59.83384066 538.64896228
v 52.12100337 84.25906600 772.84525554
v 59.30761530 81.06937190 753.97680408
v 91.21554346 -102.25413451 666.51100438
v -105.89503538 57.15083791 669.43067500
v -55.23214287 -82.95447292 577.67898182
v -66.45432484 -92.77837644 586.71023596
v 27.24009791 62.77681063 749.80109690
v 20.28254009 54.87263577 738.34656029
v 125.80447208 93.07908875 300.76312960
v 136.53295617 85.96463464 282.99984803
v 119.25841690 85.42174198 280.10752014
v -123.13313983 52.79960551 752.91794667
v -136.07723569 44.23596660 739.60425182
v -154.64792070 31.17503537 741.00129645
v -84.11009590 56.66403145 636.58498378
v -97.23716067 -105.64105210 597.66416644
v -86.20519138 -107.97710327 609.73265924
v 181.76171145 58.44420602 389.59382396
v 174.33319376 60.98352138 411.37062359
v 171.35333327 37.81146960 454.62147847
v -61.47037052 54.48509908 648.28562856
v 139.82399287 -85.85994612 614.69846503
v 136.87376512 -81.59851322 597.69151510
v 157.38756690 -73.72918676 604.50309625
v -64.82166199 52.75640974 625.47027236
v -73.96895886 -118.84485418 1104.55025857
v -98.75253157 -104.75308566 1116.73576571
v -106.27818132 -102.80933382 1095.31249741
v 14.33244161 -107.74662958 896.05344304
v 16.63408340 -114.29065832 864.08020215
v 31.54859269 -107.23368060 878.44148615
v -82.65975930 69.57203478 780.62067371
v -89.62738152 75.64288374 792.24336847
v -58.60222278 77.27440505 792.07704438
v 182.11425539 -4.86557480 365.22258341
v 188.48681938 16.22684035 362.95312278
v 187.04516203 21.15292544 388.26132916
v -174.91832393 -0.83431341 732.18470167
v -170.22343229 12.53289134 745.82456346
v -161.09725976 18.43946905 715.62844923
v -49.05835620 47.47527862 632.04049645
v -42.96610595 -84.02108949 613.54591182
v -65.58570835 -100.15415308 607.54442480
v -42.85265861 -79.23720874 600.16676332
v -166.87434510 47.79649672 869.61471554
v -158.68207858 63.18587652 868.55936801
v 151.11316943 -74.36023983 1304.98035763
v 128.33172195 -91.56070732 1294.69349371
v 137.09222239 -83.59035155 1280.56278032
v -57.32734248 47.51972468 603.93814974
v 331.51759843 -50.46919691 753.97655541
v 323.97900919 -52.18317204 772.42057779
v -81.05159499 50.90956365 592.10519430
v 177.56855522 0.91657434 1247.55193426
v 157.70909428 10.27887010 1261.57189250
v 171.18735951 10.48201979 1246.82214347
v -29.48981550 63.30249932 1565.69674009
v -20.76687844 67.47350321 1576.43233954
v -23.48754947 61.66677584 1555.49099607
v -107.24173930 -115.29042288 630.81153511
v 159.74068696 -65.81182624 582.39725475
v 166.10871873 -65.56485037 602.37116709
v -172.72977739 -15.38781028 693.43904394
v -180.24472701 -29.01584213 723.57942018
v -180.56256708 -19.02730452 734.91556124
v -68.64901012 48.82856143 589.98262079
v 171.80707696 -48.47641178 1331.20495746
v 168.02312222 -47.26159254 1347.94460802
v 160.85808302 -63.72732063 1320.22364101
v 32.99820419 -113.65815794 859.45900167
v -88.31870251 48.74089361 570.15169757
v 176.70118303 -72.72620989 680.82627929
v 180.69333495 -69.43570418 701.72329571
v -66.53980851 44.75273127 568.26905644
v -118.68380697 -86.45824622 1120.20752475
v -108.79500098 -96.27892672 1120.08202308
v -110.50439321 -93.49153762 1149.02262501
v 19.59170661 -113.93156510 944.32472544
v 37.60907053 -114.23273450 951.24020766
v -5.31613032 -118.46782368 948.71015788
v -35.97722134 61.20947410 748.99239162
v -30.14165342 57.39518308 733.81914770
v -50.43544947 63.52079944 739.08494925
v 158.62237723 86.01027973 1275.65377836
v 153.06316341 101.36580348 1287.24183393
v -75.93801649 42.44913930 548.79350379
v -182.12888517 -55.75200529 763.70033153
v -185.09102403 -41.74429921 774.24025106
v -181.04088749 -41.80742071 736.08068595
v -54.69295716 36.72211421 556.53486270
v 12.16555175 -107.28602456 910.62370149
v 42.56133009 -100.59911350 900.96596471
v -102.32351109 99.09850656 823.32072441
v -89.63258789 109.42949348 834.40229369
v 131.93233067 120.05356356 1307.99672567
v 156.77166132 110.56889698 1321.04198354
v 147.25768836 111.40194111 1297.51327010
v -63.92462838 37.40029297 517.40883147
v -84.83391386 40.44130799 529.41899416
v 224.76907651 -86.85223202 26.18342008
v 239.72855662 -79.86832189 11.24056378
v 233.61925857 -65.08378827 18.03055958
v 16.79762007 -121.16306434 834.98805044
v 3.40220864 -119.81888920 852.71419345
v 165.42306584 -71.76619549 620.46766396
v 175.03250048 -56.72228279 617.63403439
v 171.90640293 -70.89479955 648.23431679
v -174.66559981 -88.59632356 785.42543519
v -175.39256223 -81.99149409 760.30457228
v -78.59270272 37.14971036 497.33858474
v 34.08997046 -104.86178280 928.14234631
v -57.86413085 30.39811102 496.98899264
v 82.97060362 -109.17613111 1087.11180910
v 69.25929950 -116.86155816 1071.87454063
v -63.07408963 30.39895661 480.82525765
v -7.57107982 94.31292786 806.79544062
v -6.91766486 107.13839856 814.89607950
v 11.99228977 105.68178352 812.83892403
v -12.14334089 -114.82256092 878.25754079
v -37.88526543 -121.00223919 866.95688164
v -10.42232464 -118.66971171 864.23728638
v -176.61845571 -3.10817692 924.84040259
v -177.50229444 -5.95582085 946.08068868
v -173.24497487 19.61733369 941.01324386
v -49.77574328 23.81427160 491.58889588
v -189.31275582 -46.31922742 822.37523847
v -189.89294384 -19.82382522 821.33743130
v -188.03799705 -35.26857311 801.50616975
v -47.64987775 31.01651029 530.40420798
v -18.54473029 -111.00173163 924.43029766
v 10.65861377 -109.31841265 926.14235274
v -69.03693623 71.00567154 780.25546515
v -86.59715190 66.64860766 763.91916140
v -39.35350656 23.23677501 531.62729594
v 187.86459721 40.41640440 380.15596646
v 185.97415425 63.03214368 342.25867683
v 403.46726712 -31.63341173 777.61039495
v 397.65292634 -18.20382181 775.02397737
v 397.77201680 -9.18642244 782.28016963
v -40.49029046 23.37575367 551.81586714
v 180.28849360 -41.77855621 1330.99447594
v 177.32952823 -41.32969200 1319.45051454
v -34.89858260 15.21780208 527.60862383
v 70.74071170 -114.69178787 1058.65381770
v 90.29593446 -103.41315517 1065.29879380
v -187.32490478 -1.38706621 825.26821910
v -174.47216557 14.85948338 769.14205121
v -185.22178699 -5.83375260 786.75726123
v -30.70200778 9.56615416 564.75667405
v 207.47343188 -6.79796920 1231.42139894
v 192.10947119 -6.96148746 1253.45006149
v 200.96094519 -2.61129561 1219.57533287
v -50.17063170 -115.37930055 896.52869824
v -30.29625735 -1.22977902 528.22965401
v 39.42126044 -128.96746409 1037.41806857
v 27.93777946 -129.66792490 1035.19567816
v -24.42653433 -0.72868049 582.20043547
v 24.81642742 69.45450416 783.77114592
v 12.71958966 64.65012748 787.10948100
v 37.30465608 84.42949355 791.17410732
v 35.34467017 -116.50455159 827.32611912
v -187.51698927 -33.13935369 878.09288514
v 231.66216077 5.30732306 1354.73002514
v 238.55951537 22.12777977 1354.63656221
v 227.46198150 12.64755246 1378.86670938
v -29.12124299 -10.89121711 537.80232110
v -181.31450280 16.23880236 824.85129551
v -26.78450624 -27.31252083 569.40280283
v -23.58059357 -121.86184282 848.93335689
v -175.56423612 -26.92057443 956.14612644
v -169.02084319 -52.76107321 952.54159705
v 243.68197889 35.27553697 1348.78106493
v 246.72773142 34.22411580 1335.43086250
v -21.34067786 -26.71612638 591.76077783
v -25.27531212 -41.42273274 588.65362757
v 46.65172739 63.21271611 673.20410853
v 64.16652300 69.68311657 653.09824240
v 45.90653137 58.12815957 655.07452035
v -19.10710284 -33.58842648 607.60163115
v 38.50298455 -122.86043366 1061.91298536
v 29.83026020 -125.57727010 1048.35375780
v -94.66039300 -134.02268294 842.90458582
v -99.11714201 -140.34145916 807.54853322
v -27.94896279 -60.55179669 609.93790590
v 150.28979487 -90.38145542 850.54060067
v 160.20006708 -72.85574613 883.97734720
v 134.28662778 -89.46665461 876.94517949
v -18.93519143 -42.48504703 626.65210593
v 172.56506141 67.95804429 805.31532750
v 179.55883005 46.40239598 776.24126301
v 308.00041139 -0.84948815 1041.25394125
v 294.20317633 -2.78752548 1047.42648659
v 308.02856080 -3.37542264 1002.48760453
v -23.80918365 -57.69846615 634.84454625
v -130.45552959 42.78332064 1075.36018436
v -131.58708483 62.94361614 1047.01354314
v -65.57298388 20.48394057 1538.66868084
v -58.78717612 36.48153278 1555.69072116
v -59.17759088 33.21049621 1526.23349970
v -45.09878946 -125.76970396 795.53639193
v -67.58553544 -133.24678525 786.79513857
v -41.79519929 -121.14866020 774.39538329
v 12.70175678 -138.53070640 995.45495953
v -36.54791834 -82.62476482 630.40109338
v 140.90688782 -55.48639691 1264.64687441
v 145.92530360 -32.98157582 1268.33991259
v 148.40092176 -44.69185903 1275.86058955
v 132.32374028 78.43801276 445.80587514
v 151.99390007 69.13757211 447.88592743
v 151.38976259 79.87619786 424.89969384
v -133.31816034 -124.06148251 874.09996225
v -123.56734514 -130.48397931 855.11383211
v -119.62124005 -124.99469582 882.07576864
v -32.62198532 -78.87222616 648.88934650
v -46.65761227 94.65393792 805.53580052
v -25.65919647 95.11971918 806.37221074
v 158.96200074 -88.21938083 829.70197599
v 142.55793243 -97.53635179 829.16290760
v 148.47175067 -99.02104777 809.65182276
v -50.18726561 -100.14754495 650.23163503
v 323.65556034 6.44100791 865.98216663
v -62.44805288 -103.18074564 626.83392597
v -40.15917368 132.33248499 876.71274472
v -33.91895921 128.81186340 861.43940367
v 346.44824495 -9.61127798 749.38457812
v -71.77982524 -113.78946656 644.40159699
v 179.39801301 33.83896462 735.13549297
v 168.94892569 56.35243529 752.85159334
v 284.83414812 -4.31892226 1026.23837355
v 296.85097085 -4.52136031 1016.27920740
v -134.80083740 -103.55528922 935.16146981
v -134.59554127 -111.26200325 910.18419189
v 402.48792680 -40.45535447 775.64209139
v 401.11046132 -39.51845598 783.11235311
v 389.56375659 -62.71999919 781.05516996
v 230.41614211 2.01576986 1143.52691646
v 232.30739715 -2.68658535 1182.03303298
v 226.40689604 -2.85674953 1173.36555753
v -33.53694131 -121.55745778 786.10025662
v -7.53853288 -125.40917344 808.16917244
v 166.18624569 -88.34840428 802.18246222
v 177.22548502 -74.95164324 803.69308748
v -82.07426206 -116.31813711 641.32257183
v 188.44900779 29.75814823 879.43575780
v 192.48177816 28.87913199 858.89277619
v 184.19634379 52.25775701 863.61733647
v -72.98056110 -120.26868436 663.49683122
v -164.67026310 8.67963741 1025.70758322
v -160.90964270 25.01557373 1036.68778899
v -158.72486202 27.07073139 1023.07701898
v -106.33335006 -140.26403127 732.64853091
v -116.97911808 -136.89704827 722.76819444
v -95.79260326 -137.26726142 715.31872920
v -72.74755766 -118.87502197 967.13749617
v 54.46718987 148.49379089 899.95330221
v 61.12762298 145.02469474 925.39213085
v 201.29776437 18.31417115 1177.73060329
v 215.89341877 6.69058235 1149.88353781
v -60.21216179 -111.20140420 658.29659953
v 122.15561231 -98.16435571 1277.62576107
v 117.79883875 -99.42979379 1264.19306995
v -163.06838086 -72.88860269 936.83488673
v -146.94161143 -93.73749205 939.66174367
v -148.33800081 -88.40388120 953.06147098
v -48.32069134 -105.29634372 673.44167104
v -6.53034255 50.81972510 777.50895603
v 5.43806044 39.54273481 769.22965535
v -67.71488183 -133.31622234 763.79017284
v -91.86267300 -140.88210394 785.53716383
v 73.61131904 -119.06514593 1031.45283697
v 135.11116571 57.51102849 1172.02354333
v 195.65823403 59.28191979 1195.90253958
v 197.00963202 74.80879856 1198.36622768
v 202.18028750 58.79493595 1176.68235058
v 143.31157939 -104.95747696 766.47982442
v 141.62531909 -105.57653585 739.26487830
v -39.57784454 -100.23852897 683.36291793
v -33.82063573 71.21440613 787.96251446
v -40.20300530 67.70810780 782.94442411
v 131.76755146 111.40896814 33.88100729
v 132.19169375 110.92666472 22.89158116
v 120.88537996 112.49174204 24.83523788
v -16.49192698 -126.00516835 820.47736175
v -9.98856331 -123.06477121 840.10897721
v -56.86218772 -118.20120289 698.05726466
v 184.42335071 55.09044435 847.17062402
v 175.23276494 67.21575459 866.67062364
v -167.33261442 -57.25588087 644.07270625
v -167.37287621 -34.27781197 636.19700130
v -166.25803522 -54.09273108 623.92972328
v -31.38150997 -96.39365790 704.49978302
v -78.60751465 -137.94747133 741.53456494
v -102.24191948 -141.87922277 765.72890806
v -43.00122160 -113.05284966 723.53957377
v 184.27601500 -34.16331444 627.77653834
v 184.16418374 -22.39340235 631.88465994
v 186.58017869 -30.52742854 656.44989118
v -66.59547378 -132.65504281 737.38714712
v -15.92329901 -127.43307846 1228.48864558
v -10.49953360 -121.76418620 1249.06354362
v -21.42114776 81.74793881 1586.59464340
v -7.59574082 78.50048885 1581.40694722
v -112.22283120 -126.72222109 668.74717420
v -119.53254166 -120.12804593 650.55143330
v -106.78749749 -125.85635550 658.19409767
v -173.09511952 32.68101065 839.48227377
v -66.24609692 -128.12710836 720.71424259
v -169.61613951 -26.08778661 664.84348894
v -174.85093339 -31.25249942 688.07133161
v -87.89477434 -137.52349223 723.81629614
v -93.30053056 -132.14972002 687.15882253
v -114.32550054 -131.76524939 689.40889357
v -26.68963478 -141.21824820 1017.04559153
v -11.93128683 -141.00254804 1004.01084416
v 154.18369221 5.66048026 1208.29542475
v 123.51138430 72.10201263 474.41229897
v 141.51314790 70.22372186 464.14981727
v 116.73491461 76.14015177 459.36494403
v 360.64117241 -59.81652328 760.06793689
v 353.20602419 -60.02209137 754.28379367
v 362.97485983 -63.79013502 744.85661503
v 216.08271882 -4.04969628 1191.06861497
v 220.02574599 1.28485605 1158.82121061
v -57.72489495 52.98588373 1575.13854773
v -53.74916478 63.30196453 1578.91770724
v -36.70108457 59.94775073 1563.26707751
v -88.48771876 -139.71488854 754.95126361
v -55.26197515 -127.13381447 765.53457767
v 178.11422267 -44.95395804 605.37599535
v 182.46172458 -22.68487605 606.36453698
v -157.40914944 16.19359753 672.09910392
v -165.30550920 -2.24257358 670.50690505
v -164.77132516 6.48130653 684.67407001
v 361.13625292 24.44501382 775.60654240
v 347.82124501 20.42891730 789.72006546
v -101.80335628 -126.87224926 667.07026217
v -34.25853574 -110.52554378 756.40655064
v 158.67390255 -79.77603555 633.62217866
v -37.55671936 -126.97538237 1197.62384948
v -52.76500121 -124.66017187 1175.00509701
v -37.34609314 -130.45822430 1167.87699337
v -101.51851776 112.87697285 853.41201639
v 65.67593466 120.19240384 1286.72090107
v 61.47772015 115.38825805 1264.84591129
v 47.57254659 118.96077348 1302.53388392
v -26.13330946 -114.30517424 776.06628338
v -155.69152139 23.64251414 694.90246760
v -146.35458606 34.79949218 711.33272868
v -147.02758075 31.30433383 680.17553134
v -178.93813257 -30.41984050 916.55595140
v -182.43266410 -13.86737110 898.44258599
v 137.98303898 -46.79006650 1249.76853628
v 145.67875795 -25.70818534 1254.01591153
v 97.58314926 129.34218890 1337.85280002
v 104.86679494 129.00118626 1322.03976038
v 77.43380813 131.03415578 1334.99075529
v -1.79962116 -109.15100337 778.56551053
v -6.42131903 -117.83389268 788.75508079
v 14.79437718 130.78634398 845.86980882
v 1.23350114 119.00103944 830.80099208
v -7.35695366 126.03744595 845.28971424
v 92.49231006 -38.86463337 442.75032639
v 110.61701703 -42.19909592 429.11227826
v 115.10872749 -53.91828389 443.75793189
v -1.83784651 -123.27873120 801.79944789
v -148.67170850 -99.54282121 919.53204130
v 160.37329412 -53.12634052 507.38333431
v 160.26164741 -44.92391869 482.54369238
v 166.64564588 -40.02419724 505.74277196
v -57.14349686 32.67523374 353.43166821
v -60.39402322 42.45594957 324.92918277
v -58.93718536 47.08225384 358.57758440
v 130.61005439 -35.71066111 368.52681242
v 128.47056723 -39.44529277 402.06939910
v 121.43001976 -36.06371917 383.32891748
v 104.50681964 -105.84279462 1290.94836192
v 96.05653240 -101.87556780 1307.48903170
v 71.57590405 -109.13434508 1298.42101163
v 22.19464286 -119.09842868 811.91253474
v 157.69137023 -35.13235506 1031.96431354
v -87.02972086 123.33864889 898.71916923
v -36.53577982 -62.91802372 580.97089807
v -36.33894013 -45.25202656 547.77927566
v 175.44907701 -37.83954065 567.02169881
v 172.52552694 -49.55164512 582.88137925
v 168.73700160 -51.93489568 562.57209092
v 60.97801104 17.79140657 397.65407272
v 64.22102662 9.55268573 360.51829040
v 62.84712076 7.55741847 415.64579072
v 126.08099679 83.86372760 132.68264098
v 134.88428824 76.74258887 125.49922655
v 126.16683137 84.38046520 108.97050032
v -136.85815441 -127.63302331 848.51182949
v 33.56011553 -114.27910149 802.76430452
v -60.33039807 11.19583619 365.04627717
v 102.98574382 -74.80531297 535.17508172
v 110.73623610 -71.95516927 525.31675781
v 132.32280366 -72.86549572 534.28399855
v 364.65166652 15.21111266 875.41744830
v 114.50884428 -94.54355279 1310.48465218
v 136.09237725 -80.03868776 1326.40256647
v 64.09054677 -111.31775196 828.87585708
v 73.19407084 56.18792471 1484.98860969
v 80.78991076 51.83547058 1481.14681858
v 100.71861118 59.31163629 1469.35428511
v -62.80032136 51.09464392 325.46086798
v 81.20674638 -111.17298247 819.37034538
v 160.69389298 -13.21861997 1053.34708865
v 150.95609107 -57.63925034 487.34337593
v -169.48284865 -96.25289980 872.62753339
v -154.30714170 -110.75565975 877.54056425
v 70.16059599 -106.69985160 852.97605415
v 169.52637824 -7.69515219 496.84871623
v 170.76678379 17.87270683 501.64829740
v 171.26392879 -0.40292459 534.75787521
v 99.74316297 118.14839549 1389.57023741
v 106.47798187 125.08751907 1359.62961654
v 94.93231515 127.79079293 1357.55118191
v -39.58472512 -73.30939452 591.80664195
v 46.18692274 -113.66937295 843.60915696
v 132.00114851 -68.55453206 1074.21795945
v 77.53127321 -112.57101745 1281.94275744
v 58.13265185 -104.41194318 874.40346731
v -30.20599448 -24.44390190 540.11057786
v -33.46963446 -16.47420996 510.93725675
v 171.99564790 0.36753690 558.25853427
v 171.82885998 16.38136055 571.19876742
v 177.79150705 -19.30016144 564.74695926
v 336.63766388 -16.05356239 913.30815626
v 333.18988263 -8.04631126 942.14366794
v 311.66691305 -15.42007020 928.11086853
v 260.38325352 60.85102195 1272.34382274
v 259.09896077 69.95407757 1271.48070600
v 245.35982487 72.72149603 1302.78242384
v 88.27198426 -101.60729559 865.70607725
v 292.57409664 -5.40062035 971.03481274
v 293.11012084 -4.37625346 960.52227972
v 307.35241895 -9.62034299 943.46952423
v -168.47067997 -101.11589467 807.50536515
v 69.34798743 -96.15725124 898.30422690
v 146.74195940 -64.49798282 524.11332131
v 152.58363822 -62.68370592 547.85638741
v 138.63615193 -72.57917357 550.45587702
v 270.68014491 53.30452588 1239.87962054
v 267.52839192 53.24757070 1252.64649993
v 114.31267307 -75.83604029 1353.98684170
v 105.95386937 -90.87347877 1327.12895934
v 71.71237790 -93.41877649 920.99167748
v -6.20107792 -49.79626797 1472.58775266
v 10.81318766 -41.41535532 1471.34877320
v 11.64352805 -47.96170250 1487.76814815
v 152.76919793 -0.19736272 93.65171716
v 137.95887721 -10.74405535 92.45101957
v 154.23106218 -3.75604358 84.92481946
v 100.02890823 -89.07369605 907.24706450
v 134.79175512 -71.63349327 1046.59491631
v 110.94737017 -82.95412982 928.77862501
v 168.19556345 32.73871184 522.28081351
v 168.62102827 17.33470920 547.34125410
v 74.79074424 -109.42641962 1220.64756182
v 96.56405232 -92.44325430 1222.92465454
v 85.46277275 -102.76853705 1238.16670584
v 101.66714070 -84.42369513 942.49750685
v 78.55487534 -92.16285233 935.65363108
v 137.82357140 75.38019083 1010.63223039
v 36.93745131 -25.44883321 1519.20201782
v 48.08396906 -9.76313166 1513.87530129
v 45.33221194 -10.66501878 1542.76378398
v -140.33889432 -75.50356339 499.85408347
v -138.87190235 -74.81093445 469.45378413
v -41.05986153 14.51523775 498.14262571
v 5.25792139 29.24228528 731.98763219
v -4.54446693 34.81223158 729.08265688
v 57.85752425 -99.71072019 936.23616746
v 42.59836352 -54.16988261 604.55219117
v 71.33745321 -98.48348800 947.77503292
v -36.82441553 -5.22625701 492.71175269
v 173.57653766 -13.75153856 546.00404547
v 167.89282094 -38.08884485 546.03382513
v 94.75239784 -88.61733599 956.48820760
v 21.41563230 -39.88052932 1481.24889829
v 95.40311359 -11.87579302 307.41821742
v 100.28945145 -11.41641556 283.66274069
v 122.68504984 -26.70620697 294.67361947
v 328.72773959 0.74540966 820.42458594
v 333.27126298 7.50512880 814.96632684
v 114.06415647 -79.23443053 1236.11568669
v 108.84125779 -79.55759984 1212.25553390
v 76.95010117 -102.45649905 959.80721336
v 84.31582217 114.98742030 1405.54569958
v 128.38228235 111.39041175 1388.41243904
v -37.79405282 -26.51529534 511.55045356
v -154.28546677 20.74695522 1055.93796274
v 167.25513255 34.93016230 502.43029375
v 79.42537823 -92.08715664 624.70042480
v 52.18683139 -118.16148125 966.37638410
v 131.29984204 60.67349781 540.50177601
v 132.85926161 61.09082331 561.31725222
v 151.32285437 47.40629553 551.15214318
v 176.41422799 9.06798828 1429.64232934
v 192.07360441 21.67082284 1428.71902486
v 174.39831596 22.49216591 1435.70183043
v -32.82846260 5.98628117 521.08147859
v 145.18604216 -64.81858065 503.09627255
v 74.24820431 -109.46178913 969.99179309
v -164.12874311 -17.97495978 1004.44307746
v 190.42153643 -10.11281946 1410.31302711
v 163.99322303 -0.98390462 1429.86161183
v 73.67441217 -113.94386737 1268.41759917
v 61.19739040 -118.09708536 1262.23903074
v 73.05495106 -111.74808729 1255.27207454
v 114.58920851 -83.54321083 975.53982685
v 144.89857814 49.60123229 1029.83742698
v -149.23243200 -59.86085273 421.38077214
v -157.77300606 -51.48153151 407.54257968
v -57.51054590 21.79944000 441.62187393
v 18.55168711 -4.22444422 657.37132158
v 15.41066239 10.19982196 675.00380606
v 22.91600230 15.34139919 645.80151066
v 326.18856268 -3.17501535 972.38919645
v 335.91473075 7.14201986 980.43596221
v 324.18583240 3.97679350 1005.05616297
v 219.74283538 100.54959201 1229.61783593
v 238.68956372 96.43626180 1230.30485834
v 239.62220140 98.27371246 1220.88392622
v 78.36524267 -109.66283187 985.34593184
v 345.16445607 -9.48364987 917.60118134
v 351.49477081 -3.74300513 912.28026852
v 346.16551686 8.26164132 951.93108839
v 63.36678623 -70.87291167 582.56056916
v 51.67256212 -121.41499808 981.32630568
v 317.26306535 -8.76293165 960.47405109
v 318.85520300 -11.28447023 941.72980022
v -61.49708760 27.12279291 471.09490226
v -60.97632863 27.25384421 460.99680167
v -56.44334935 62.64066344 704.92268206
v -35.05427272 56.91520430 700.46325179
v 217.79283781 101.20761373 1293.79730708
v 201.21290886 103.40809194 1294.06906402
v 97.11350474 -96.37037539 1240.29836519
v -138.90117230 -68.17389623 453.04223737
v -138.77198109 -66.15614985 435.60744431
v 125.50917837 65.72595551 502.24473894
v 121.13432327 64.36713892 532.62210321
v 19.30578574 -129.17248759 978.97616885
v -162.97998929 -23.54439360 994.84506873
v 157.16029456 45.73375539 563.34955690
v -158.75404697 42.39454347 794.88192715
v -173.09216892 25.82015868 798.58571277
v 47.80737060 28.21133907 506.95352028
v 45.09914968 6.54254820 494.77201621
v 39.80263282 1.59306693 506.49334482
v 20.21406186 -126.62672786 963.84229487
v 0.61030018 -129.16834065 1046.17243960
v 4.59979170 -127.13094142 1057.58790989
v -14.21523356 -134.10392487 1051.78167820
v -7.90028739 -131.58702021 976.79910259
v 102.37014025 91.89437662 768.30363966
v 91.45217123 88.41657200 749.32963566
v -75.56955258 66.46771727 388.67522830
v -68.24108115 63.05219134 374.51303606
v -82.71046709 74.59048607 366.15572637
v -183.80578285 -77.33449579 850.64919074
v -182.86704742 -79.60813510 828.19258058
v -5.88026640 -127.54620142 962.15392254
v 189.79213843 24.11123279 319.43137537
v 181.89929225 -2.61642197 343.27913103
v 184.61652050 7.30466148 309.24255110
v -132.64402523 66.28819772 800.89774387
v -140.66657495 52.25001066 780.42879178
v -169.02485574 33.11104973 918.73836514
v 399.69344021 -32.16053380 791.77797670
v 395.13925037 -20.27936353 799.53343595
v 392.51786921 -25.26312959 804.88511201
v -34.88674056 -119.85012834 952.99013968
v 207.87938505 -6.83818233 1247.83004254
v 219.19325947 -4.11811795 1232.51411961
v -34.37477730 -127.95219802 816.90066779
v -62.73182511 -126.47461935 856.75533629
v -47.17738046 -114.81253108 940.06292867
v 12.24465147 -129.08570827 1035.00395528
v 14.52047883 -120.03368492 1045.98537064
v -122.73223085 57.40432498 765.85030263
v -129.53302067 59.59282660 784.93955926
v -107.38690466 68.07220127 781.15805816
v -71.33720153 -117.82532921 958.83514466
v 167.17830768 0.42595721 1271.54405903
v 157.48867184 4.83174830 1283.36226372
v 157.17567669 10.77534409 1273.35997883
v -58.18454549 41.15289189 382.18745945
v -67.23239500 51.52665088 404.81822488
v -46.61823077 -135.68556591 1041.62913254
v -41.96595324 -133.40104432 1056.44895963
v -44.23907855 -112.29519029 930.85427094
v 120.62581281 91.63882721 772.02050846
v 112.41546892 87.40704546 751.68993354
v -80.60652240 62.79094357 405.07980907
v -76.52551215 56.23749466 417.23619269
v -186.31484744 -4.45185303 846.83409181
v 155.67279081 47.57418360 1445.37845674
v 155.09156164 61.70908554 1440.74092292
v 141.60808316 58.46425409 1452.93956535
v -68.69688102 -114.37551029 907.99955223
v -95.80616278 62.05747035 751.58443090
v -104.12888616 59.87686204 734.31980744
v -85.09278745 72.57148254 388.06527165
v -189.39757443 -21.60530722 853.87865025
v -188.69140504 -39.49949201 861.17929924
v 206.06544557 26.52416485 1417.40030354
v 204.40473033 50.76935759 1412.48576859
v 194.11337415 38.18481347 1424.67335396
v -78.84652978 -124.66502391 876.54274789
v 112.01253872 -31.16394848 16.66668422
v 117.90033679 -56.61460516 18.14921867
v 117.90987072 -62.65144525 28.34953586
v -56.92303918 34.41930286 387.31263073
v -61.44034926 35.76357772 423.94563272
v -28.30336292 -136.69820983 1048.05954217
v -174.31244434 -65.93262385 913.38653082
v -172.71781035 -56.18724803 923.44857795
v -72.93910178 -128.71882863 846.57127876
v -70.21174056 45.78738981 431.28224540
v -91.65845482 -128.80305734 864.85894474
v 173.42680840 33.54360345 935.71100862
v 167.62306631 47.19885442 940.92260135
v 167.51505977 32.55906017 969.56513544
v -160.85223934 58.67415738 971.72813650
v -153.56948433 64.34082037 987.32366182
v -145.23633953 82.13810961 968.22719111
v -73.92735739 67.34865543 326.66759052
v 89.69059800 -62.40488829 512.91461081
v 98.47016630 -66.50821271 519.18453180
v -71.79816631 -131.50607363 823.42523090
v -177.76833058 -85.57830414 864.85618880
v -91.16373854 -135.86154409 824.47140928
v -90.54504353 67.59961289 404.48609428
v -185.72683945 -54.61847229 874.76229544
v 180.50058781 42.77771053 260.70821387
v 178.18545318 59.59546091 278.51139965
v 357.73906651 -44.85639723 817.30238814
v 361.22602112 -61.88934942 793.21505356
v 371.64821641 -59.90889942 793.40390019
v -74.94189125 -136.66599558 805.06897314
v 149.18991498 0.38165343 1261.83397326
v 151.13314545 9.91655580 1259.10093612
v -56.26440330 -131.20099069 804.09677697
v 179.86556887 42.71666861 907.63099367
v 168.59674147 51.11311927 930.06808674
v 81.29075220 70.82363316 1474.34249352
v 63.57924139 70.47611326 1483.24426947
v -69.10392836 63.44446624 354.79270099
v 168.75711143 -0.85653022 1000.92921722
v 165.46239312 6.39094966 1007.57443103
v -83.78708319 103.06666753 1002.30716116
v -73.06650109 118.07189953 973.08179321
v -107.25056601 101.83280118 989.25217943
v 127.01017654 -78.12446681 564.01376842
v 274.19925042 23.51236473 1175.09202119
v 283.94766131 29.65845918 1160.20229291
v 284.38996022 43.89756324 1187.58134124
v -150.22446309 -108.36776166 898.35329301
v 0.14300776 -126.51768716 825.67988718
v -65.67153385 59.56131452 339.79270764
v 74.38034465 -69.50732897 557.46123222
v 80.43317084 -66.71486703 530.38069582
v 89.66695073 -73.09751896 538.29328474
v 278.82620840 12.25777974 1119.41765027
v 286.80354356 14.83754887 1123.96923406
v 276.89236827 15.14616287 1142.05274482
v 71.88012787 3.00449880 332.20805522
v 68.67360629 0.86280589 364.51210095
v 165.68561176 14.37497449 988.04328870
v -169.97347286 36.46453091 214.33217956
v -175.15376818 24.04480433 234.27797942
v -172.86657604 31.75968506 242.98081617
v 163.44077487 28.24855377 996.99340073
v 155.26870892 55.43208162 995.85623243
v 158.74104948 38.77181920 1007.26975543
v -177.71268232 16.60884380 248.87210322
v -171.18023709 -5.65917561 249.71023871
v -177.90357907 7.56322373 264.62012900
v 338.28980996 45.04753177 994.44992544
v 326.46466479 55.70028572 1032.34695401
v 331.01319758 44.06754304 1033.78922556
v -177.49381720 23.93486062 262.95832256
v -177.92899543 39.40987620 298.10863569
v -172.31337797 42.79448924 257.81075442
v 153.39635468 30.26827185 1028.05012886
v 154.94138728 35.61127379 1037.98316487
v -184.71451996 28.37482356 328.31532816
v -180.83517896 39.29682423 332.38357284
v -182.93984245 26.34630229 303.06388026
v -176.99892227 29.50962515 57.03229925
v -172.56623504 55.04043875 37.06460432
v -189.08428962 18.82163768 36.66171212
v 177.61494225 -1.33153753 605.86091528
v 181.54379649 -2.82066986 652.84012972
v -196.18467839 -16.07275669 44.64830844
v -184.94368281 0.10050801 57.21833341
v -196.48728496 -4.24900983 39.55150165
v 296.10185647 12.85731209 927.37014952
v 288.21168458 -2.98231257 919.33451150
v 296.05339573 1.00699436 936.76417003
v -223.53656061 -26.42378662 21.59444286
v -231.44616356 -60.92654193 22.26381353
v -221.22501342 -45.46234868 27.33202985
v 161.58358690 58.47819898 718.02455049
v 149.04581558 71.65039341 725.56627338
v 155.52980191 69.77679534 750.57702210
v -190.72898950 -52.61608766 46.40626755
v -176.53336196 -40.88653530 58.48276374
v -191.11277996 -40.17047703 48.79990097
v 163.94422867 54.48237295 56.48486102
v 156.00367530 68.51886398 65.16613580
v 163.47418812 57.40375083 82.23703789
v -124.29225599 -14.71599523 199.99202025
v -135.75297410 -25.80479333 211.04147711
v -135.87423519 -19.88922077 193.24031712
v 117.20535225 -6.90175841 185.26609353
v 109.23326669 0.53552504 181.65186242
v -33.04087065 73.47695837 1579.99290707
v -39.31263318 70.86931923 1574.96148452
v -58.95833814 72.62477044 1588.80759110
v 92.83890905 80.48816518 649.45472728
v 102.64608578 81.35161618 666.75801417
v 121.40318408 77.76144139 650.13087044
v -117.48296379 -8.68415045 188.27065565
v -115.86130668 -1.83242355 167.77397136
v 151.77694990 6.80612617 1184.54410717
v 294.18048597 78.01903284 984.79965834
v 279.77716731 74.16557506 989.59603976
v 283.34350856 83.11390702 1001.29426890
v -76.34611410 -5.71186440 1518.96564892
v -76.23811521 -13.67875753 1527.39814262
v -78.34974659 -23.18107606 1544.43154966
v 384.00509224 -69.31792280 770.99591279
v 373.73469003 -68.08260274 778.05798210
v -104.20912615 20.77762806 151.83840563
v -99.11421193 27.77445478 167.68694704
v -102.55984654 16.16357534 177.03761979
v 142.43565672 70.67887029 691.49851820
v 154.92669095 61.67468218 700.49177457
v 148.11170181 65.79392302 671.83993732
v 54.29611193 126.17789954 824.69918786
v 83.17438187 118.30915698 810.65965740
v -98.78697848 44.89862556 156.81010497
v 144.30903923 -30.82579383 1220.97663258
v -165.65912740 44.54137686 178.74382496
v -152.97482199 65.20085029 166.65273098
v -158.28274349 57.37429984 142.61357381
v -41.13587629 51.37238684 1549.25223692
v -33.03096604 53.53297935 1534.10818627
v -73.25871127 -122.76208533 676.13667236
v 119.74978230 126.74667911 889.26282721
v 108.25703280 133.50554541 878.21726542
v -138.01102392 73.31684331 203.30181562
v -143.24220523 71.61965449 187.26547276
v -149.62566627 67.37630111 198.56261299
v 145.64996524 -72.42591805 1278.28013667
v 358.05271345 14.38293744 899.85917377
v -39.32284924 84.03149332 1597.25177543
v -52.30283395 81.75495563 1601.63895824
v -44.72015645 94.55963426 1607.31990947
v 359.59029016 31.67862347 795.07484717
v 369.24000398 30.61823189 798.40480105
v 368.98510453 29.91157265 785.41073860
v -140.04490958 75.22428159 140.23458967
v -134.26959165 75.07168880 184.61299003
v 126.11263260 108.89320973 934.23601664
v 150.23644462 77.42146824 935.42814962
v 141.06044929 95.27208783 925.42932519
v -169.64611247 49.82112704 267.52939918
v -163.00189608 57.25643337 237.27959573
v -166.52672897 52.35251795 234.51786321
v 129.19746279 -70.88491315 1250.15842856
v 26.71355916 99.58378794 805.20749706
v 49.17450274 100.04710589 800.75987412
v 128.98607524 90.95064853 3.67536959
v 103.56286941 91.38458244 5.77353697
v 120.19420388 103.81162168 7.06481903
v -148.03843629 26.09066021 616.63589192
v -145.52713169 22.23758334 578.01999949
v -18.55820512 -131.98438700 1167.61991091
v -10.12453230 -130.51465394 1140.88859880
v -3.99863071 -131.56477834 1154.67955846
v -157.60090130 12.68156821 634.04639204
v 338.70452799 -45.73197998 742.88075353
v 349.00560769 -38.16821379 741.87716093
v 342.29472975 -45.28982417 735.71381907
v -165.68328582 -13.58745311 648.98270951
v -165.44830270 -11.57899876 631.04919636
v 0.80377853 -126.41128188 1235.86772471
v -1.83936726 -127.54984507 1212.95097420
v -163.55397129 -45.14238407 573.10542470
v -162.04278030 -61.55570706 598.39493102
v -165.42089414 -39.52915696 609.69977235
v -181.70577820 -11.97371363 321.80510395
v -188.27386424 11.13012940 341.75711344
v -186.16037991 11.88943482 315.96415628
v 117.88858755 -102.15603431 847.15518252
v 112.83036692 -95.23323793 875.78959004
v 94.95381167 -105.90234772 846.14960238
v 154.49110802 -3.17144368 1088.81876337
v 152.88303536 7.87232551 1108.82449416
v -183.60798327 17.29488346 367.71622287
v -177.15218782 34.62203631 380.11188659
v 322.30215839 48.64434776 920.49103204
v 322.05664309 59.21586792 943.22080731
v 334.05049911 47.96762361 924.33921793
v 93.47325066 -107.51083768 825.95453617
v 121.17025064 -103.56500799 830.41285650
v 190.60449836 11.31595686 1424.36948720
v 209.73924675 19.50452416 1412.75618580
v -155.47571741 -47.90041049 445.21854067
v -180.98214724 35.37295247 349.44908281
v -169.03445304 57.38603466 358.73169106
v -64.64214743 34.59435799 448.33233839
v 137.45776235 -65.79054768 970.51566557
v 130.42192556 -74.50987087 939.46956430
v 145.41836896 -69.16661375 928.25456147
v 167.53307708 -30.37218920 490.89315221
v 67.70359086 38.12485626 466.41523472
v 82.19787879 55.34091327 484.00707938
v 76.11043476 51.42156490 453.59406024
v 23.59294354 113.11053294 1362.56257143
v 10.65542441 107.55951188 1368.60382659
v 45.46026015 121.84150065 1374.17681559
v 139.21455680 -54.29083412 1095.67404628
v 71.35685605 121.20851313 1391.09117775
v 79.32342189 122.64816526 1386.95944320
v 57.64151253 123.55314811 1377.59110223
v -167.00911318 59.92206703 325.20727402
v -164.81171683 56.56293454 279.77834405
v -56.88033484 23.97588277 415.78864086
v 3.93035444 35.06215101 756.98256625
v 124.44580746 -81.01423529 922.50255939
v 133.46521501 -81.42538865 903.61020007
v 125.33635406 -66.42457403 47.90102799
v 118.01284937 -47.17137731 51.80368032
v 124.24532450 -75.16457186 38.52861676
v -190.42824372 -21.83602942 51.21017916
v -176.42232510 -24.67916940 65.02179741
v 117.41983014 111.61508366 817.56752651
v 136.03372444 94.26454097 791.06051598
v -170.50503562 24.67481119 78.29056846
v -174.03473429 5.58636215 70.45843334
v -166.26323730 7.29921273 83.12334461
v 344.72160543 -30.68033357 849.52714456
v 338.10531247 -34.51613754 830.10882137
v 345.37703740 -37.61168391 829.54348144
v -161.22102710 5.15851003 102.92065524
v -163.05807997 23.69157366 115.80051508
v -164.71717286 37.40192565 108.85690946
v 90.15940545 123.46801990 825.55984461
v 104.90814716 126.55297627 841.58412813
v -161.68387003 48.87885592 134.31057610
v -164.13277297 34.03565642 123.82142443
v -163.76012288 23.57390995 132.79767046
v -135.61314982 36.86195503 481.17795947
v -2.00321659 -131.57497762 1087.28943887
v 0.54920943 -127.78870996 1069.65398314
v -135.46122863 32.87170411 506.74971767
v -143.92428400 33.99092564 470.72605826
v -145.80326687 24.21010164 501.66947283
v 393.32351421 -63.45715951 775.30966586
v -154.66311824 3.86098935 554.40804186
v -147.46505297 12.81394746 538.04276162
v -40.76063862 -132.28452110 1107.95508152
v -37.69605855 -131.46852731 1086.37308664
v -25.19906859 -132.89583821 1093.84289424
v -161.39784581 -13.92581397 556.71955048
v -158.53916817 2.12865271 592.99891185
v 133.90910950 -56.83281184 59.74695397
v 121.15434528 -34.72801352 69.04124688
v 125.68584813 -49.93129146 59.93927887
v -157.45015348 -57.61892807 560.57668741
v -159.41026849 -42.82288240 546.31046922
v 71.66331318 -38.35508098 496.31088320
v 53.36217992 -25.97880270 499.89783975
v 80.33047643 -38.32023220 473.80645993
v -162.39879248 -20.27831008 559.01168898
v -162.08006949 -30.64746102 530.27827420
v -161.80157147 -28.51375413 551.15097728
v 252.64119312 51.95628020 1012.84676290
v 269.59700897 66.20203586 996.90879708
v 270.53772544 47.97936246 984.01347907
v -156.11436083 -48.25272310 515.93097247
v -159.97644134 -39.69549103 504.14461963
v 107.07455610 -66.21942195 493.77467001
v 97.13625939 -60.76403109 502.27225608
v 103.51871871 -61.33325411 477.85074511
v -150.80868187 -53.66554649 450.86761017
v -146.39402578 -68.08529630 477.85874996
v -153.39933485 -50.69051374 478.39464592
v 137.24447492 75.62490596 144.74865002
v 151.55742480 68.22205735 136.53358470
v -99.74081669 56.15416959 147.01403835
v -102.31585391 63.56908896 152.16458727
v 166.32245931 33.56678653 597.06052850
v 157.90825045 46.37984413 585.35212792
v 163.38397746 42.53420050 617.58468039
v -109.55459848 78.69257506 110.92636780
v -117.46781414 83.07290529 116.26431918
v -110.02467538 74.63858211 138.29229861
v 305.41760493 -6.39155884 881.78223666
v 306.19356202 2.27145651 892.35248054
v 319.49303462 10.17135577 883.37664519
v -118.16148074 74.15886867 183.21459011
v -111.69546766 71.55168903 175.13045198
v -126.89733681 73.77645547 202.72326968
v -162.38976117 -49.01190868 377.44280334
v -168.99630667 -39.06646209 387.70641133
v -169.37912596 -38.42169758 352.98454893
v -159.90847586 57.79773205 390.93739003
v -168.28269144 45.63768069 393.63843874
v 168.02675788 -61.66671559 901.28972736
v 178.18920220 -54.15937703 878.08100932
v 176.77786678 -48.56432915 901.47830770
v 85.57867101 -5.48908490 1434.22525515
v 90.13010597 5.76863490 1440.99638391
v 75.60463057 -4.86200696 1441.00059946
v -90.24857246 -18.45478562 303.16870879
v 169.76819876 33.18175207 482.68396347
v -157.60477310 -48.52230619 336.88230312
v -159.69001170 -43.95480358 314.67938214
v -149.85271073 -48.59455741 307.06753649
v -112.78626389 -47.65415259 336.68854521
v 29.11092296 -25.51664587 597.62824928
v 25.91496980 -5.02920279 600.45854242
v 32.17272111 -20.93634355 579.98579416
v -146.96911620 66.43239766 396.24827708
v 324.75250277 11.40842824 1032.14729971
v 337.55979877 18.41573163 1004.67657223
v 22.28171826 -8.10782694 642.57482854
v 161.97189225 -56.15967353 928.23524814
v 170.17873842 -44.10735496 931.13512624
v 102.16734723 8.62382250 1440.78967943
v 91.32692436 13.92678766 1457.78096521
v -138.38578573 -48.92447647 301.20487631
v 160.24063593 36.54050958 547.53166423
v 153.74528015 45.95085562 530.89989521
v -126.55100994 -46.97817020 300.31046371
v -111.99738009 -34.28991040 291.47135055
v 86.86582282 -76.60995233 560.32227687
v 72.82772471 -73.61002653 574.81338609
v 41.36977609 -43.63043699 574.96062719
v 41.69554974 -34.32994483 556.50948312
v 162.96510861 -124.44986098 31.17820212
v 178.86504945 -138.72716420 25.79392001
v -142.13410784 -105.84386352 639.05441894
v -148.97992577 -100.55340089 639.58900472
v 43.89563727 33.31121898 572.23820124
v 33.09831341 18.94878375 591.65026582
v -148.30035517 -87.37820055 594.97373514
v -160.13367891 -75.87377589 617.45374098
v -157.01901884 -74.31485817 592.35954507
v 241.15381626 92.73054534 1144.97669696
v 240.18719913 92.07571350 1116.07035083
v 226.41101136 83.00399014 1138.86246538
v -134.93837958 -85.73828271 557.59475337
v -137.96296798 -90.63835723 580.24384021
v 39.96743200 -6.96154016 509.53497903
v 42.22615672 -15.43079374 513.19966271
v 36.63608708 -18.27862972 543.38709307
v -142.28378312 -70.69583808 542.26178542
v -133.34219949 -83.60046043 517.67055113
v -133.12914460 -84.18357719 549.88894001
v -137.22675410 -7.54623150 1125.00992454
v 109.08862023 79.07213229 635.56366046
v 294.33632810 83.70555779 1002.61255107
v -253.04887501 -21.29870896 1179.79966512
v -117.94044336 44.41688776 1092.78241370
v -233.22249042 -25.64165936 1241.31277962
v 339.87666746 -5.77553172 759.14784703
v -100.75194027 31.49487399 149.10372001
v -99.60353549 43.84045043 140.21451820
v -145.36954798 -39.45622186 1224.25410534
v 97.17034088 30.76092764 81.00018157
v 99.78831137 49.70031390 72.72093772
v 100.51348354 42.50526450 55.04283292
v -159.54252103 56.47602565 197.62453694
v -134.96858140 61.72815434 1018.78841013
v 133.66304120 115.04230349 868.31052858
v -114.46402475 -84.22202522 1230.94226525
v 354.84605449 17.72960636 937.57504769
v -237.96172345 0.67294705 1312.84410954
v -230.11031463 -37.28842166 1296.64936146
v 345.32519948 24.03020365 843.74330576
v 338.01694577 23.75863455 852.56462528
v -132.87313769 78.53271413 145.96520587
v -120.62258424 77.07116652 157.33348714
v 182.37451139 -1.13528737 677.32725692
v 185.66142570 -13.41623671 674.86464090
v -136.28802248 78.88850483 122.11500724
v -153.15901631 65.40140962 123.13864305
v 290.25216672 -15.99713089 920.06999540
v 301.03052264 -12.70317166 933.74430988
v -162.08907764 54.02681756 105.91648697
v -155.09752184 64.18369188 108.23296092
v -164.61050429 64.10065388 83.71895942
v 181.04094611 17.22096391 698.21743745
v 187.55296387 15.07768734 737.53575367
v 190.35644543 -7.25505294 706.82534496
v -171.25283328 36.76983605 77.28499781
v -169.53982617 52.24412809 82.95437982
v -169.93340509 50.13272268 63.38023711
v 134.85010981 -6.17602059 131.54844434
v 138.81728690 -3.23999875 111.84282885
v 146.94938974 0.37984711 112.77857423
v -117.43481514 -31.74464306 271.66286968
v -128.45947948 -42.27885999 280.20787115
v -128.10476634 -32.38194735 242.94360812
v 113.11649965 76.87873998 614.14182073
v 121.13191320 72.45691201 600.10399386
v 111.51969351 74.72162464 603.25618507
v -120.18197735 -21.13432395 226.74946157
v -107.40263809 -10.01247087 231.11785624
v 297.41456633 53.23288582 1118.56698485
v 281.86479704 83.07774296 1109.59931082
v 282.76468804 75.25163456 1127.34056849
v 75.14360989 78.76956022 672.58182794
v 67.09730256 78.90168586 693.49042619
v -121.49628556 -24.61884847 232.99211188
v -112.90398875 -7.11002916 208.60228445
v 353.66601123 -68.13981453 741.21853506
v -156.03573036 -92.90903741 643.28350448
v -178.17860769 1.10640697 967.96235997
v 54.86173246 95.51810309 1119.46319000
v 65.62698597 102.72969695 1146.57632760
v -145.20217991 -80.24363249 568.28835995
v 111.37299622 88.57844021 1053.01894158
v 203.02439569 84.13191077 1197.88435964
v 209.56661347 91.00872407 1201.14914529
v 213.36663436 88.75507614 1182.02609866
v 369.34246174 -64.73499602 746.74629323
v 374.82272567 -68.05167557 762.16693991
v -175.75302549 4.11838820 951.83832450
v 133.02259735 66.90725875 1188.74983219
v -155.28926039 -52.31530594 543.71216449
v 83.18999632 102.27895242 1174.89323946
v 127.99650206 -116.77324250 10.24315770
v 133.54084909 -105.98832369 25.63522520
v 122.86528841 -93.67317104 18.60959929
v 315.52988335 -9.20067394 801.82937119
v 322.32968461 -6.46209405 821.56773189
v 322.78744415 0.04833607 797.66240286
v -163.64424998 -35.57418420 564.74711141
v -85.00511147 -112.91864301 1079.42072700
v 3.55054471 136.20043839 863.25468193
v -164.38630241 -21.03094988 523.29371958
v 212.48243866 63.86990745 1393.46272410
v 182.69791455 82.25336135 1401.41952913
v 189.36047068 65.26413377 1413.37555237
v -165.31598798 -22.38454107 482.09671149
v 317.52395839 -7.83036274 795.22892333
v 322.41826627 -9.34032437 785.80842620
v -159.92410256 -37.07203213 468.39542769
v 104.89141088 -10.36479541 4.94342657
v 114.46726905 -54.67161808 5.87530947
v 110.09742321 -32.07228696 8.55759957
v -63.94637332 -127.06384593 992.97801312
v 16.00103629 145.88906692 902.54953829
v 41.07307034 146.53658398 880.42570883
v 151.16682744 94.20056024 339.24706432
v 158.67763794 84.53333093 303.48434067
v 144.32481481 90.43029223 305.12211829
v 360.58437153 22.24343194 837.14822311
v 369.56654266 13.56062702 838.69402404
v 372.21560583 25.40656706 812.32688219
v -91.20687492 -104.62470824 1223.24255697
v -102.63442115 -98.65850507 1231.31445928
v -105.69227014 -91.74276617 1217.56374602
v 161.53569752 1.44005565 1038.81558514
v -66.77344208 -121.10905449 1229.89565312
v -76.23045496 -114.89476912 1223.78356962
v -55.13208614 -120.83296677 1218.32402371
v -84.08565392 121.73838122 944.28847483
v 269.54577958 61.29299470 1250.63869026
v 262.48656588 76.12081999 1253.21611130
v -64.73991858 -128.95801026 1253.25156619
v -140.91044250 -74.50991631 523.83607667
v 360.50344687 23.14267664 861.83758945
v 353.84427936 25.50212476 860.62165658
v -95.25917937 -99.83921953 1206.91442399
v -73.99250285 -113.09019051 1188.47315945
v -73.52937332 -112.25854632 1209.36918488
v -163.11711628 -43.29096938 427.75136930
v -306.06532412 -41.05733586 957.76105860
v -312.13597850 -41.58192368 920.79172045
v -300.00964020 -41.62275759 927.13445267
v -17.46027858 131.48345787 859.28663461
v -37.62454559 115.98315183 832.29917736
v -283.57206529 -25.35013733 906.25652267
v -295.63059564 -28.59212506 882.46447859
v -292.53907410 -21.43815338 881.78390257
v -154.73598498 -55.20041527 383.83358546
v -13.50171839 139.81110013 913.40798137
v -286.80070198 -41.31006824 943.78606450
v -283.77497450 -37.08577917 928.84952022
v 119.05615678 91.62066584 99.96840047
v 120.52577277 100.70790028 69.13153294
v 111.86256999 89.66401155 97.41618319
v 323.77773340 -26.37438658 772.49855866
v 314.34603314 -29.33241628 780.63877306
v -103.34747099 -96.18579537 1167.05313913
v -120.50022304 -79.48281135 1179.28479569
v -98.02528748 -99.62321716 1187.27487234
v 130.96372367 72.83742511 1021.59611800
v 122.01128362 92.58371693 1011.46903665
v -158.94641017 -37.29929871 275.17189789
v 117.97634839 112.87452326 958.08156175
v 219.76330769 103.33948325 1247.57629042
v 235.45815125 99.50261535 1244.42029136
v -136.53672928 -56.94801725 1212.83883453
v -120.21485616 -78.43944568 1206.97667092
v -148.45359636 -43.88042559 277.90129847
v 331.49977131 -1.73497960 786.49033320
v 331.31930258 2.64747528 797.61919299
v -90.98206451 -109.67207682 1139.91060913
v -74.07970285 -117.58886359 1157.53912743
v -85.58926872 -108.69931175 1166.96280833
v -128.31995301 -51.56381005 318.56814011
v 158.47009630 14.40645872 116.48498580
v 165.15989872 26.84248978 129.66306136
v 163.70466001 14.44563183 147.55133107
v 110.96117747 87.74941255 1044.72598563
v 90.74201565 95.49825898 1045.26531345
v 145.10203719 50.16658454 1021.62895689
v -344.29275470 -52.84154818 837.88488961
v -344.00724894 -49.94183291 850.44355745
v -357.32282911 -54.24495689 821.95323543
v 83.08634733 19.42663331 254.75565601
v 87.34801272 37.16797832 241.61400903
v 87.39847812 26.97126283 235.77924714
v 370.71695647 -41.35733258 814.29557610
v 370.81428891 -30.68333631 825.02526994
v 75.70616818 82.28051532 704.63766551
v 92.03178905 80.75350167 1099.43088016
v 95.75304193 83.06494256 1133.84337088
v 108.60324736 69.39078340 1107.80974662
v -110.87824568 -11.97358368 218.60689351
v 144.33482054 28.54284329 1150.09733897
v 278.89285625 69.55979730 1187.10010251
v 284.15945862 63.57483560 1167.15459844
v -106.47243798 -2.00924674 219.49618978
v 378.53825560 -14.38051758 830.65096459
v 390.08518284 -8.66012205 815.48898761
v 374.83582445 -5.18649183 839.86030192
v 17.80197031 28.70798580 677.03100055
v 147.39937353 24.10112539 1106.39642757
v 392.42942731 -62.98389346 766.78988723
v 395.08470392 -50.62840672 765.81960196
v -132.81696778 -14.69277644 176.58798749
v 185.43797770 -54.86427520 678.43677982
v -117.93987756 106.58897835 916.63622115
v 200.57805870 94.93381428 1220.88488824
v -117.99776745 2.09538754 149.28159900
v 228.80717642 18.38991736 1109.53517447
v 220.92181029 29.97432447 1102.65385825
v 230.74584749 30.05540846 1083.86285725
v 107.54638676 75.84709631 254.62214177
v 110.24690893 77.15279177 213.52405983
v -111.44737534 111.78749254 871.61808186
v -103.22799917 61.18468942 133.88912203
v 170.83173467 10.28885461 217.51565062
v 175.65542091 30.88478666 201.93362141
v 179.40043486 30.38162566 223.08951183
v 317.55490489 -28.60368817 865.38110072
v 308.01431004 -22.17071153 866.56594727
v 322.23574117 -20.98271201 857.60996862
v -106.51764663 72.37866047 118.56583153
v 76.93808756 145.72815855 899.95919259
v -4.00965203 140.39435622 931.71236578
v 180.56678807 101.65602108 1312.96160074
v 185.07040493 100.50703512 1294.62891773
v 173.63993135 96.45293334 1301.56350730
v 317.41797112 -13.31595103 858.12945662
v -141.01388487 -60.70049486 1088.52305118
v 96.64314963 124.96182772 972.54018207
v 112.80714312 110.09437773 986.57243938
v 84.94887908 138.65328251 926.07247175
v 89.53685674 47.99510244 244.76398446
v 101.58560665 70.06991929 245.54506482
v 99.98117022 64.36634348 231.81644483
v 285.46197748 89.13406593 1022.62522707
v 289.99064501 88.74598870 1045.28864619
v 303.50254650 81.92660830 1029.25323010
v -124.77385935 82.18844653 124.29547327
v 3.94349357 48.90304499 777.96182938
v 136.38582927 -52.33075273 1159.32203432
v 144.54907078 -36.32816535 1152.85529750
v 143.35778370 -36.85143740 1193.95818087
v 312.82554820 11.73559354 1068.51075276
v 310.95455579 21.54861795 1092.63426700
v 304.11235707 14.00112876 1097.17846370
v 343.07499846 41.49869716 932.95091940
v 338.00708102 47.91682538 936.48841046
v 345.63775974 33.98226839 971.11052570
v 99.74630509 60.10163314 196.67605377
v 103.94245927 69.09267734 180.47533112
v 102.92545728 58.72451067 163.22868429
v -163.23282409 65.42652987 61.50896054
v 152.96029251 7.21173755 1160.94653993
v 148.65550256 11.22279269 1139.82711238
v 104.48651779 37.92544386 146.08161719
v 102.34815841 56.02010792 150.16335108
v 103.70680720 48.16129523 129.00270042
v -177.37832895 20.20976884 63.08033390
v -123.45425568 -91.16540969 1079.12047775
v -106.20186633 -104.07141441 1079.13067648
v 210.46929034 -142.39557204 13.71812846
v 225.94407316 -128.28746235 12.96823674
v 208.86913853 -125.13614305 22.22057666
v -210.09192507 -7.26984298 28.34042078
v 136.40404083 104.07364035 1269.30078450
v -209.11629273 -66.34038039 31.61299648
v -123.80099847 -78.13163379 1155.21969231
v -132.87535498 -64.98675134 1157.40100365
v -129.43973633 -69.15216253 1124.90214407
v 142.78259494 -88.81188148 632.28433298
v 331.94677061 -61.89764448 740.26464827
v 340.20313426 -65.12235220 732.41138656
v 339.21780995 -69.22356767 744.06896640
v 157.52940610 87.89636759 387.13301997
v 167.16674374 84.97659515 355.78614369
v 148.94454179 95.99558080 368.29787064
v 2.52038431 86.98974390 800.43043249
v -163.95983541 -4.48486082 79.74104508
v 95.30411143 -104.10350465 1038.56283335
v 221.70247379 -136.41188228 8.45020226
v 236.31035628 37.73516945 1365.65884287
v 37.51158112 78.11620265 784.37781862
v 55.31554770 94.12455430 791.52564705
v 52.71829861 -128.44610816 1029.86247700
v 56.25945690 -124.30364050 1047.43973957
v 392.18996585 9.37885535 782.01339676
v 383.81279303 20.38513177 782.33721003
v -164.27684061 45.65753569 155.93717083
v 340.07675915 24.31536337 814.17182359
v 188.71343531 26.51183908 777.57128139
v 211.12555576 -21.03339809 35.15645983
v 213.16548026 -3.13400469 23.98683924
v 206.87473387 -2.22230317 32.50066977
v 214.07244289 19.13031802 1138.45782018
v 275.76715344 -3.73948925 1049.32828184
v 268.81771109 0.17161028 1057.28557732
v 270.53551247 -1.67562190 1037.03151867
v -164.80473500 48.63278491 203.59217287
v 173.82997872 72.16886267 837.86803849
v -16.16759666 62.63573994 783.70614302
v 103.44694103 74.95906484 457.02939447
v 114.85220652 72.96059000 471.69725108
v -150.30024414 41.70101236 1018.53601773
v -17.21658088 -128.04702476 1201.87830000
v -35.64958623 -126.38791699 1223.04151514
v -173.23297201 18.60671608 227.18729974
v 143.92297939 105.43269300 31.91894023
v 149.22333680 97.61839093 41.20941355
v 158.08980291 92.94959381 31.08626621
v 68.40548881 129.47944353 1318.80797679
v -181.06527496 16.46387736 287.04315386
v -173.28096584 50.60679145 313.58361258
v -39.95829948 -132.73092504 1124.27491533
v -35.22391062 -133.43427408 1146.14569177
v -52.44986104 -129.33286999 1152.18018564
v 347.58286154 -64.82908087 768.39949039
v 361.16840981 -54.41972619 729.18013020
v -180.04915466 -4.45952866 298.99759153
v 64.62550444 -119.57539547 1148.28012309
v 42.65169598 -124.71178969 1123.80362015
v -183.37479650 -10.66572790 345.86925885
v -185.19886381 2.76751076 352.63098036
v 65.20167701 -117.23870716 1169.55306160
v 39.94546916 -124.35621707 1150.07165975
v 17.81278246 -127.10865621 1124.45431684
v 35.46929382 121.12373353 1347.16708767
v 11.90893048 111.08186704 1333.65412364
v 382.58736714 11.74181127 809.86903420
v 79.65642638 -111.62788946 1162.12817471
v -347.06756212 -81.23966396 706.08816179
v -345.18295818 -67.89948059 703.59261057
v -339.40268970 -76.64348339 705.20224137
v 130.41062149 -27.81199361 299.98236495
v 129.22784919 -31.94157691 328.34144800
v 122.04534124 -29.98730866 320.22464968
v 33.73226545 -126.01945659 1166.42983000
v 35.19654868 -125.06235936 1195.83713929
v -157.83601267 38.55869454 433.68284981
v -153.01909894 53.98084048 413.58397529
v -354.36915555 -69.60237281 709.11474205
v -345.68260837 -66.94213478 712.97311369
v -337.65623744 -76.55249504 718.32365995
v 147.15179187 84.54002275 59.80175035
v 163.63269799 62.05004201 47.95647703
v 161.08136025 86.66201604 34.12385578
v 16.23093090 -127.70481518 1173.15536755
v 147.78366253 61.12670406 1008.57925706
v 111.72087228 84.50693056 1036.48589010
v -316.97728278 -101.35239128 721.36766730
v -324.45476539 -104.91694394 724.33940385
v -324.67609169 -99.97918816 714.05448369
v 117.74954164 110.32860099 1271.38288131
v 20.94213169 -125.41126914 1157.56966148
v 106.09773654 83.96616263 707.36368192
v -9.15960835 -136.81890361 1035.98137618
v 101.50647159 0.08827885 98.65284671
v 93.23063886 12.68038317 91.95064546
v 100.90289170 -5.97043728 76.03984934
v -136.69965595 29.79915542 532.39042246
v 170.83404922 58.00875664 1433.68247756
v -158.94683111 -4.21453458 528.08436967
v 84.58864469 108.61754419 799.93154003
v 83.82941729 102.47191771 790.42076462
v -162.62215048 -12.66810261 534.58046196
v 386.47382133 -48.36728499 794.28853291
v 383.35816901 14.22951718 772.43005473
v 389.66290424 6.25840868 772.73294568
v -153.59887152 15.67041083 611.43974307
v 178.51678885 15.00572709 248.93445162
v 181.58270413 28.09026146 256.25873478
v 182.11788646 16.15413731 266.96118871
v 108.16784954 101.92800958 786.91150833
v -141.87509238 73.86569026 997.30654970
v -139.13923854 82.34791433 985.69806234
v 164.35938219 67.93709767 915.84245716
v -161.28899613 3.67333512 649.55315486
v 97.65397838 5.67464851 57.70909542
v 103.86251398 13.44239188 47.75287884
v 99.56956438 -2.23256844 40.15641897
v 285.04586426 21.37849907 1143.74640610
v -165.01660785 -27.04913579 596.19882334
v -99.67914148 112.57326035 959.95958536
v 338.02515819 -52.16245964 802.58935750
v 331.88645753 -45.56900115 803.81110190
v 328.58509287 -54.71232774 786.41798343
v -163.86815062 -78.78348456 651.36446666
v -107.27764642 107.75534352 971.95209969
v 318.75035690 67.93266241 1028.55770417
v 321.05435729 68.36075213 994.77074927
v -171.77216710 -56.22377259 673.81031080
v -77.27016531 110.51811605 830.32732020
v 151.81439204 32.96874070 1020.68637559
v 161.21121249 44.73310777 981.79640988
v 206.84762546 -12.49040347 1287.31786178
v 214.79405558 -5.81212534 1273.09868989
v 294.93691952 82.30504361 1077.45724260
v 306.20479125 74.45533446 1064.11306286
v 154.18879192 39.55524220 1046.31195311
v 161.69422591 10.76766268 85.47540419
v 154.42645061 7.90866836 113.74315249
v 315.15175547 -23.98739022 895.58415795
v 306.76632830 -26.65273779 891.62934652
v 315.48390663 -25.19115929 883.20511859
v -157.03326635 32.17201262 757.66071308
v -176.34342861 -26.91311898 937.43322171
v 171.00613867 42.41655949 708.89332631
v 163.63268323 50.28236497 688.87580251
v -169.67996618 -1.46765964 702.94998805
v 176.58014340 14.63103815 658.39980915
v 242.71680924 4.36625190 1205.24384138
v 228.04036408 0.04501273 1224.24749497
v 239.60692752 0.07362663 1184.87347065
v 296.83218007 -24.41816632 905.08034609
v 296.20968902 -13.00680012 892.78509390
v 299.30075869 -21.83569441 893.36467460
v 134.90568555 104.72292562 49.52929633
v 123.51623200 109.98874327 45.21055665
v 128.48582844 97.82370028 69.77098906
v -184.66222608 -22.38757899 765.42869532
v -180.31704674 -3.34422243 907.49783338
v 136.77854093 86.53381541 771.19091280
v 52.09781999 45.26843606 575.43963191
v 65.81828192 59.57432160 579.46710798
v 65.32062665 54.21755695 557.04396342
v 305.30251535 55.83000858 944.28154308
v 301.45589936 64.68056548 956.89547141
v 314.41081796 63.33342921 951.06663723
v -160.53046873 -96.19700361 690.39418910
v 28.56728226 108.58225922 1190.85968650
v 50.43586253 112.19257952 1188.85449717
v 31.76186413 107.86780218 1173.70497293
v -155.60036637 -107.83580960 710.34468498
v 42.73895028 95.38793027 1121.12487806
v 40.12368425 93.16683886 1111.72875457
v 149.51068000 58.44110050 613.86417635
v 134.46614876 70.36828356 629.19859462
v 140.29460021 69.76189928 651.68061970
v -157.27142056 -115.10634873 785.45851086
v 113.81448813 80.82998841 686.00001753
v 195.65624971 7.40776369 1204.34777047
v 195.78651223 27.61627508 1204.72073042
v 0.41191413 90.86360112 1169.31660407
v 0.74510145 83.31991005 1142.13772052
v -7.63399236 82.91885257 1148.34819070
v 304.01596536 70.39724069 965.93403804
v 310.07827672 72.00414937 970.77926511
v 56.05564900 105.68582099 1155.41888601
v 46.18189007 102.78133178 1141.74874238
v -117.91502399 -139.80055798 765.31303797
v -154.16673028 36.53312257 1222.41586764
v -154.25528713 15.75803757 1217.95178866
v -162.25468988 26.18092964 1219.58973757
v 173.20611808 32.55939718 682.27385145
v -143.56790453 75.80592801 1252.80635374
v -128.47621066 92.00220848 1269.62156338
v -118.18460180 92.93586966 1254.42284423
v -109.68842279 -142.36370116 786.05438146
v -136.65855399 45.98729809 1188.85871747
v -136.12772528 61.62690562 1210.11479653
v -128.45973315 52.93197871 1178.93900235
v 102.99502435 99.21967788 44.64729202
v 105.81851695 104.32691326 22.29256016
v 98.78251614 92.50452816 22.10307904
v 352.52807453 26.07858276 938.81261066
v 107.97244001 98.03007420 1214.85806798
v 125.09705500 86.14323686 1209.74918753
v 106.59573249 92.24806355 1190.23119182
v 42.02205069 116.46094415 1236.49690301
v 43.09916534 114.53890459 1211.13560202
v 28.77074325 113.15861085 1220.49354567
v 157.47018862 85.74181515 898.46945950
v 127.31924991 115.77072149 915.03435247
v -119.78953187 -118.15286932 903.06674498
v 165.56983042 -30.82600769 1292.33774774
v 164.05516575 -16.02385909 1291.17921953
v 21.57226859 110.46013353 1209.15158012
v 11.88830221 102.79083938 1191.66036168
v 11.26121274 105.45115837 1213.51418198
v 356.13174979 5.36225294 909.68552355
v 357.92271944 -3.83053388 892.95246949
v 90.62143561 105.28112384 1217.63924134
v 73.11154369 113.19846943 1243.01224518
v 95.77825119 107.35012266 1231.86831358
v -132.60162371 -101.06649009 954.65042407
v 180.15013592 57.61659964 8.41246569
v 165.08928551 57.33346672 4.64144187
v 168.23889652 70.80894712 5.25900033
v 159.92416915 59.99229033 953.32763985
v -183.99478373 -32.87739462 1206.99518895
v 173.44780523 1.25395286 453.03997362
v 168.79543296 -15.65546965 449.26017701
v 170.69784225 -12.70676539 435.03147426
v 363.49719701 -61.42537316 736.82262068
v 352.88376985 -59.01837917 723.25753522
v -181.41403538 -59.25054799 894.59165740
v 156.41990392 -66.42804368 566.56555629
v -1.43288520 -128.75608352 1194.27158017
v -166.79791863 -105.48509009 847.90390474
v 107.60079838 90.43623139 1450.72433397
v 122.33946410 90.98439527 1439.68434986
v 101.27554826 101.61384156 1438.36665451
v -142.93347302 -114.03110851 893.62910354
v 169.16748026 -21.34661627 530.77331970
v 2.15920507 -115.85996588 1258.51640127
v 7.46176475 -111.31539386 1271.30662120
v -13.13535358 -117.54354204 1273.16911592
v 124.42846375 -106.16073264 814.48972047
v 218.09737846 0.92961200 1389.65068273
v 205.40726429 -6.17741374 1398.62069877
v 194.17424183 -23.74746447 1392.47476325
v 109.65610900 -37.58942146 32.04688370
v 12.96657679 39.29247051 715.81047519
v -180.26665354 -80.73018116 810.13741610
v 90.33131998 57.68498292 517.47008092
v 75.25126286 53.50231073 519.96349839
v 110.88221776 64.62489989 528.69808844
v 359.91114638 -25.39416358 847.31711004
v 102.10894452 117.46511367 815.59422205
v 106.75674471 109.31488511 803.57832726
v -178.42263539 2.98353336 761.68781756
v 97.70368075 134.20227852 857.87933721
v 81.52022483 142.13164929 872.56541339
v 168.28772711 -26.62751665 66.25623915
v 140.74370809 -47.00151838 66.56779930
v 384.05363347 -63.26078556 755.89496142
v -168.06271564 26.56010921 779.92835302
v -152.18943005 39.71366039 769.89675814
v 79.65979827 -60.41433092 517.36665957
v -37.34662324 -133.40793261 1071.80577384
v -22.24833248 -131.65274426 1073.85294992
v 73.25712183 6.51291465 1456.19139802
v 85.00082614 25.11567054 1470.92818473
v -113.47482537 71.82330223 792.22858041
v 376.07907865 -62.83270482 745.59334882
v 179.97742331 -94.28964951 34.58595687
v 218.43243491 -68.81203314 30.01724291
v 205.88855462 -57.25740726 36.48498504
v 107.12568238 -76.76618501 546.85737129
v -13.50125476 -131.59793000 1120.86300871
v -19.87796225 -130.76910349 1136.57862668
v 113.50058318 -32.02996302 398.17421461
v 119.07898669 -39.57655434 418.06567946
v 96.78489954 -53.35393083 471.54153920
v -70.55680872 62.34492894 688.66036962
v 21.13099031 -87.59605390 755.07655119
v 161.19678449 50.12901629 107.03384555
v 156.71716584 62.18349189 125.58950870
v 159.95291485 49.56766966 127.13254397
v 23.89311960 87.81337166 1456.29614879
v 84.90467740 -50.99516650 497.47041408
v 124.01951758 -69.35473713 504.02445437
v 126.22608184 -71.04317612 518.78047849
v 109.89320383 -71.18411459 504.29023239
v 50.72961463 -107.47406219 778.34812666
v 257.80731632 29.21384816 1001.87439049
v 256.19688377 79.07455474 1034.85144990
v 267.91326434 88.73465537 1034.63035673
v 272.22051040 81.99314505 1010.48517771
v -28.88358833 48.00379174 685.77688463
v 0.56684688 -127.63419991 1178.47340152
v 131.03989106 66.90511140 585.60642563
v -6.79220018 16.15729669 680.85029119
v -84.67793915 -114.90444742 956.53228352
v 4.08765719 20.23388063 712.11656963
v 151.37448331 68.35646853 101.32224468
v 158.60237455 60.64720493 99.93125836
v 266.23975889 21.52748671 1195.03586119
v 10.33732662 23.81431087 703.02909741
v 149.97881231 57.18575868 598.38693599
v 11.86858330 -7.88211465 686.15895035
v 171.96090468 17.90711655 603.88201440
v 173.22879658 19.94224161 625.56797106
v -90.49484047 -111.75325031 986.41946499
v 322.68642899 39.88399862 904.73480727
v 314.21071542 38.29703337 917.96484207
v 19.56200802 -38.11148308 665.53574739
v 365.24768890 -18.23067953 749.64308171
v 98.69352634 69.96505324 7.46565606
v 104.02758932 29.48951224 7.18574093
v 96.33378387 64.45891475 24.03110366
v 109.15119723 39.72783910 1464.36967074
v 116.51261932 25.05940627 1453.29146949
v 179.15074561 -4.88982210 938.30298530
v 52.56505146 -54.63072181 564.66744773
v 157.83600579 -15.36757390 1073.05278524
v 123.42284221 -83.54055922 591.46567137
v 29.14970774 4.05847913 589.54614086
v 34.47155923 14.62667443 572.73271929
v -9.73272355 -51.95429170 685.02459937
v 87.01116307 -94.86379766 631.73506288
v 177.80870818 -161.30056095 8.34525523
v 152.85579747 -157.31101863 7.99057296
v 51.27453077 38.67097701 1511.52425188
v 28.26490555 21.50149885 622.35876325
v 57.57927894 -47.23616299 536.89987631
v 47.98023127 -35.51089638 531.29662665
v 229.22049930 81.52470948 1111.21362261
v 254.22775723 94.36733127 1131.99929355
v 257.94498003 94.30962349 1155.94817504
v 160.70502839 -91.36187589 704.34829004
v 23.21695900 91.25851276 1067.85471973
v 41.16431113 88.65344931 1086.90927814
v 153.54919036 -99.75409270 743.10941334
v 132.02414114 97.82259614 388.57574176
v 146.11295615 90.53038807 399.46008801
v 106.95611721 -18.59956097 16.80368053
v 28.95770005 104.87166886 1035.49354124
v 19.75090425 97.47903592 1054.11057349
v 40.10069194 98.32490219 1059.43416734
v 186.45170030 -65.40769594 726.22954753
v 41.05512755 88.60309792 1096.11066628
v 312.36213872 73.76459997 982.37947149
v 172.17873494 86.58506864 1271.60102824
v 279.31726926 92.42938098 1055.00675667
v 275.24019082 89.48823665 1024.70119445
v 61.01233911 102.82855868 1037.69940048
v 168.82681074 -65.91765411 880.16392709
v -288.70520000 36.24738974 1062.82649293
v -290.76824454 41.49523842 1039.41252420
v -302.11218360 34.37259279 1035.99595199
v -36.43915405 96.68153863 1161.99264496
v -53.84191493 89.09221187 1137.60912525
v 136.33115544 -97.24955903 848.58982187
v 148.57601490 99.75230789 886.23590862
v -269.62773823 40.19330342 1085.78842267
v -251.05213864 48.47061160 1079.26820262
v -270.42908843 46.49578363 1066.67281174
v -305.59606612 39.52727801 1005.76563967
v -292.94893868 45.44776014 1016.21829766
v -300.48381281 42.08228777 981.87868106
v 102.81030094 33.33562540 46.31687460
v 104.33978051 10.78863785 38.59974789
v -21.17053941 99.70560657 1193.22699175
v -8.97423379 89.83719042 1167.02385278
v 158.15889824 -96.42077795 779.51600074
v -211.56001546 3.13097348 1044.25706979
v -219.25809773 -4.60655095 1036.39194137
v -225.43875713 3.42120631 1008.68409838
v -55.82844363 85.70583081 1124.63853826
v 220.73841269 16.99176296 1122.36678451
v 351.79034407 -14.24576062 893.85081483
v 361.36746922 -9.96691034 874.68860947
v -27.56297720 88.03546346 1147.13334253
v 127.05956958 -109.63619085 774.56881777
v 119.48829165 -110.03048287 763.18504493
v 105.52357919 -108.20707214 710.98282295
v 190.44672066 -28.17896363 687.06270820
v -151.07713962 -55.02587369 1048.50593511
v 97.49873093 11.73246806 110.71936537
v 103.97339036 9.66866701 136.33321925
v 136.55166333 -100.56624527 674.11148233
v -149.38431149 -63.99974814 989.45973362
v 306.50382254 -26.22069886 905.82210641
v 188.37073887 16.43905493 754.32646307
v 94.45662935 78.13406305 628.70765076
v 83.05698147 72.33618643 614.36670746
v 84.86928776 76.23422908 634.12830682
v 154.26109058 -35.80857041 999.92908427
v 27.02206768 -63.90138348 702.94922821
v 110.08142783 0.57733384 135.25176679
v 123.41206433 -6.12705274 126.21377304
v 117.19737254 -3.31636640 147.10007592
v 165.75337518 70.53651588 1257.88466187
v 17.44608617 -46.82188487 700.65983849
v 95.16730159 82.70449850 683.15244909
v 108.30782543 -89.58280533 993.36866654
v 298.26820038 53.26004523 1139.48063042
v 316.92355353 23.23889035 1071.57188240
v 328.46589468 36.61532070 1047.38354901
v 310.08550824 45.28787389 1087.93719516
v 3.16674275 -41.48867330 729.41305058
v 14.07919650 100.26396024 1173.02317134
v 31.16012478 104.89273059 1162.44411777
v 74.38771668 87.59185273 1101.21516283
v -123.06424653 12.07481560 1452.72072370
v -138.54507184 23.27164277 1453.45903881
v -127.60256788 2.62811970 1446.62043061
v 122.94296038 58.92163920 1145.15395166
v 117.79168381 72.97733862 1163.26918457
v -178.61394960 60.04943807 1223.84987347
v -197.93111331 61.03986134 1209.10652758
v -205.52990420 61.47000967 1217.81303948
v 2.98213185 -75.09090247 754.36232139
v 9.61806669 78.23779666 1478.49054511
v -6.44603060 72.27957926 1469.39909727
v -8.15482428 73.16226179 1479.46691211
v -160.48782051 15.42214233 1440.62934187
v -160.10375347 24.24454708 1442.19064479
v -177.19293148 13.86141723 1430.85880429
v 39.70744160 -110.32491714 785.76798702
v 0.88537636 69.92359390 1489.92663500
v -8.41470288 68.44458942 1496.84408192
v -207.33233776 -42.79762533 1157.77570505
v -215.90766967 -48.07996366 1158.86225214
v -208.75052812 -40.59418244 1144.52075973
v 59.26185171 -115.86344413 1250.47788552
v -98.08931177 116.35618570 947.61406320
v -74.77379842 98.95720197 1200.61823748
v -87.37797238 87.82044566 1164.44576925
v -98.57401379 86.26666431 1196.34740589
v -54.29541729 111.17496689 1290.97537404
v -34.58046663 113.28621340 1275.06678018
v -67.78768258 112.30256566 1282.79874279
v 335.76191414 51.57328145 969.30943352
v 325.37199968 61.87234058 961.51975711
v -224.41456271 26.09625106 1342.49389957
v -232.60253725 17.25966597 1315.73718384
v -228.97466565 10.28728134 1357.40100988
v -41.97731671 112.92537512 1265.88492827
v -67.00624562 107.87443360 1263.07588796
v 104.37938130 -94.45288805 880.77977001
v 152.90046628 -60.65567277 946.70671862
v 156.14717761 -45.64273518 974.50582958
v -242.74877538 7.13140199 1275.67607900
v -248.95747547 13.71117860 1257.39333898
v -240.76481419 -8.35516156 1253.34649667
v 110.80906044 -40.44780371 41.70868239
v 105.34581713 -21.16137819 49.03307745
v -10.57624389 108.02710229 1295.23504836
v -5.56910151 106.90451641 1285.10942116
v -30.54051437 111.32650249 1286.74788967
v 352.96382880 25.47528326 833.50645629
v 358.53697140 30.41672053 815.28717312
v 346.33004158 28.02960554 813.38387433
v -83.60167818 25.08662404 1494.57569402
v -95.43338773 35.01697232 1481.47421196
v -99.72424723 24.31909039 1478.59778242
v 183.48179845 -33.98664402 898.61851811
v 347.32948859 22.34421122 765.47836946
v -46.08196920 113.36974579 1309.03865768
v -12.04113803 106.68449944 1316.34408677
v 185.38217176 -11.38272494 912.37574979
v -226.12971735 51.02438357 1249.65007127
v -233.50886771 44.81853435 1250.16541142
v -233.12442146 41.55619358 1265.22593378
v 165.52282037 -12.66176844 992.18189122
v 151.34463250 19.49581113 1208.23746062
v 119.27157718 -24.66807714 77.45747313
v 131.53804820 -27.40875013 77.74452771
v 159.13994705 -13.75532912 1006.52842576
v 154.11078540 -67.40680384 1329.00688518
v 147.24708943 -65.67560376 1344.50213038
v 26.38404604 53.54942922 1516.59430410
v 16.60868126 52.89201453 1530.69430585
v 27.81371340 43.27376956 1537.88225538
v 137.69874392 40.83694778 1088.90814481
v 125.78927231 57.27906799 1088.80246128
v 57.57058470 -129.97169576 1007.03907011
v -139.59622194 -40.27633113 1115.61278665
v -135.22491630 -55.05198363 1120.50479854
v -149.17961692 82.56903767 1277.33611182
v -128.56269605 101.00262329 1294.27911909
v 151.68061912 15.06157614 1175.40691580
v -128.12473579 17.74163983 1124.40426272
v 29.20588849 108.62662513 1026.63359170
v 150.03573188 -14.36431452 1234.97822857
v -8.48005874 103.32556664 1358.74852386
v 0.05219011 99.56861884 1386.31419223
v 81.59246800 137.82938882 946.95106614
v -111.48081127 -25.30088851 1425.95767512
v -117.93994308 -35.61070774 1420.74929306
v -100.53079077 -43.00758841 1421.37184591
v 20.71726849 99.99308304 1415.35303459
v 33.18234547 110.82346850 1395.21762780
v -107.60690285 -106.73062786 975.23686311
v -139.19616565 -79.36552310 1017.83357094
v -163.35781063 -42.69554724 1270.70719111
v 147.36050951 -9.68195533 1262.87659228
v 135.53627484 -47.39060459 1210.74210038
v 118.35211334 -73.97642917 1174.56768227
v 15.08461389 52.98066545 1541.27728084
v -6.99191056 58.11416488 1527.13464135
v 153.46148069 15.16178254 1244.93984678
v 152.24597870 11.57611687 1251.18528964
v -65.21390109 -75.80435449 1379.60691519
v -73.49672294 -88.77667997 1356.81714481
v -59.60557106 -95.02631827 1351.57902296
v 148.04343468 -24.98879796 1139.10872818
v 151.33676779 -7.98134558 1147.97216548
v -168.65458925 -27.92013704 979.84734275
v -116.16012324 78.18933685 1017.53886153
v -91.61411173 87.28756609 1022.87698328
v -59.54870501 -126.04576204 1121.33814719
v -251.58064263 -30.51662033 1012.43319774
v -258.28630731 -34.59654895 1008.82096249
v -245.13124245 -20.34212864 984.43703807
v -177.70042492 -9.64201246 959.24095979
v -259.82272806 7.54424575 1214.35887343
v -260.46340049 13.77064994 1215.45039973
v -263.48069718 14.49438912 1183.69725623
v 71.32863488 119.47063935 1010.44311326
v 77.16650604 129.66835960 983.43967344
v 57.94629408 131.95594337 987.18004944
v 29.23107757 128.69446538 993.40090969
v 44.06430775 139.19898785 967.19708764
v -24.35143541 80.84706514 1088.27577777
v -48.89395234 77.47261589 1096.74737473
v -21.95352343 103.30035635 813.98372588
v -190.02477332 -50.65425850 844.54189218
v -341.12600424 -32.32000193 903.30100254
v -339.01463048 -43.98409258 882.41102671
v -331.47246423 -38.32851858 909.91212143
v -152.52132095 57.18992620 1425.33957028
v -135.62067030 74.56192504 1417.15167288
v -172.66583460 62.08005649 1391.31935283
v -120.84621527 102.74830166 1370.95563786
v -143.27988462 94.51261024 1340.02290655
v -153.42692633 82.41022544 1357.40536398
v -71.63847063 116.35507123 1307.99315943
v -95.45725434 116.19136939 1317.62117815
v -70.66823434 118.28882109 1329.37724822
v -144.54787861 36.80382486 1060.19076351
v 155.10424838 -54.25460105 1283.19539543
v 131.46589206 -84.47655087 1264.90873746
v -28.12529802 -124.29160555 1265.50326929
v -84.20542495 91.40310764 805.95277145
v -101.97264301 85.60819835 805.74066537
v -193.00783679 5.37337191 1110.04915378
v -187.98487435 12.67423430 1132.29319246
v -191.78506933 2.65771547 1122.40998101
v -177.57755552 64.08222962 1301.01173244
v -177.15641798 59.94535479 1286.68103427
v -185.17095169 63.41401638 1291.23247758
v -24.90065539 -128.62548010 1191.39639234
v -57.44761382 110.08291887 997.69797789
v -26.77753817 115.61993220 997.56402693
v -43.67131539 119.19172648 983.40695884
v -52.80856442 66.70941390 773.81247526
v -14.90214047 124.75242736 983.35056634
v 8.96224010 124.86235466 995.22824523
v -35.33026120 62.67119988 771.88070306
v -298.52210938 -3.66355201 1092.66748854
v -286.32642247 5.82644836 1119.46012025
v -293.97436633 6.48137796 1098.65651427
v 8.39852806 -63.36339807 1510.28542481
v -11.11257512 -61.15950887 1496.22022928
v 13.07879093 -52.59100304 1505.66366705
v -16.23331526 49.32932442 733.81180479
v 308.07518723 -7.58051320 977.45152977
v -218.99491447 37.37778111 1326.57019106
v 94.44078303 -110.52073477 1266.40265389
v -30.03858954 111.77874481 1253.13965335
v -41.21763468 110.72639301 1241.72468487
v -53.13260775 100.46386962 1173.43959110
v -71.64358408 96.73392316 1170.48472143
v -4.08675725 -111.13963888 1546.62463868
v -12.48071660 -117.07243982 1557.12574908
v -13.87115063 -114.94510953 1532.97018742
v 99.67227129 53.03051591 43.45959310
v 101.66155362 64.95019293 64.59307496
v 96.19993225 77.03548977 22.32469088
v 25.07715429 -3.97762537 621.63594193
v -238.30550506 50.70467111 1103.08463203
v -235.68093610 48.43080686 1081.84784369
v 99.84375464 89.30366739 47.67255817
v -117.39703820 33.96890153 1468.63366658
v 60.79275505 -112.66209627 1276.44878668
v -46.69306835 114.58481122 1328.11561168
v 48.29422047 -59.24860316 591.49831008
v -19.12271287 103.03949386 1370.43193413
v -13.80147926 104.62763172 1336.36109189
v -46.14781470 111.38508489 1371.98273433
v 76.33890773 92.44826676 771.19295434
v -229.69928450 -39.79121750 1098.35524388
v -237.18508304 -37.01573760 1091.32178588
v -228.70054014 -31.68072564 1081.03149050
v -87.23466491 83.23167834 1444.37794439
v -77.45563640 69.06574766 1466.22621685
v -73.28095587 81.23748199 1454.97450916
v 129.24598596 82.59253763 744.56222629
v 135.31349433 76.92891712 707.91746207
v 126.23308422 81.41633823 719.04127454
v -63.26155423 88.29811930 1434.97203453
v -46.36427776 84.25049964 1456.83842022
v -29.69903696 84.87789046 1452.12077995
v 97.76737630 -79.07833637 557.88851192
v -49.40851911 106.29744756 1389.03101146
v -67.29892085 115.89980518 1363.56204498
v -74.61753449 108.23363829 1391.40729196
v 49.30672267 -57.90163140 1413.75232832
v 49.55853532 -48.28420468 1427.30156054
v 34.35319829 -57.30866431 1427.17173585
v -163.71126247 43.65667210 987.34226864
v 138.56581167 -77.75547939 576.74448502
v -260.10363703 34.28460592 1154.30877577
v -248.79036890 44.53642917 1171.87693118
v -253.85779070 43.38571428 1134.02924840
v -198.46110513 -62.38674411 1369.83960499
v -211.73595236 -48.68343718 1372.56317070
v -210.43360320 -58.93982661 1345.33964479
v -119.25584867 95.41294720 991.71767390
v -61.59407946 105.06664208 1216.97518553
v -86.85023661 97.10884473 1213.61066667
v -106.56340745 75.63755551 1176.42350981
v -89.50041760 79.16340368 1140.85719468
v -31.38657276 -125.65527096 1277.79003061
v -43.88510301 -126.25845820 1268.45285187
v -99.02991130 -118.23787345 1254.07925321
v -82.72669823 -127.13794409 1253.71321195
v 184.38564437 -47.50894285 656.20051033
v -35.25013009 -121.01232434 1296.17333748
v -47.97847625 -125.94160209 1285.10349444
v 148.06387152 52.08849518 1043.73650757
v -319.31724761 -42.76603734 773.89826502
v -324.63098092 -51.72956298 766.18078833
v -329.03548519 -34.36659583 766.64738641
v -49.31545021 -82.06455125 1517.82091302
v -45.51334546 -66.36935703 1507.70780875
v -38.11840552 -82.47035190 1500.85413618
v -69.09171005 -25.83030315 1486.17049616
v -74.42192470 -17.86246762 1504.98279025
v -74.59813627 -6.55787741 1480.19196151
v -35.45914635 -94.56661568 1509.38342356
v -25.94011841 -90.98222182 1502.93437497
v -318.05265527 -44.18878974 860.25332614
v -314.38698201 -37.08017731 844.77720037
v -307.34116750 -37.68780355 874.27478143
v 145.34503695 76.13984314 746.95456641
v 173.71220413 -80.85392644 714.23041420
v -6.13162325 75.57250259 1462.94791103
v 4.64228394 81.03413479 1462.18404091
v 37.99331409 -63.23764586 1409.50689125
v 16.74608266 -64.03923012 1412.47381209
v 344.43221390 -54.51405737 723.48619938
v 346.54482652 -47.64548011 729.20017473
v 41.63644037 -25.24531817 1485.64656992
v 48.17808474 -15.21708600 1492.06072991
v 59.01654141 -65.62517691 1388.48562563
v 193.83131725 -40.25148125 778.21652778
v 192.67786039 0.02553673 763.04512837
v -338.84119922 -94.08445231 759.10314425
v -355.36552226 -98.87287967 747.78688552
v -338.45050203 -93.30032188 752.19354982
v 102.40477143 69.21048896 217.66298547
v 10.42084425 -100.37146300 1319.47262816
v 11.12968793 -107.37761768 1294.88988345
v 22.15462083 -108.96523052 1291.34300592
v 390.79623779 -40.60664096 757.70521540
v 378.23441290 -31.30004336 755.00747626
v 391.97317158 -32.08858675 759.58073652
v -58.23094625 -110.63159609 1321.44273735
v -48.52161697 -109.64119239 1321.73942819
v 165.17745000 79.20764177 815.24859253
v 375.02155661 24.19989934 776.77198671
v -6.94878570 -105.79842380 1311.35757721
v 2.55134971 -109.54236901 1290.82466944
v 180.87176278 58.40892999 820.87017010
v -367.58129626 -43.95388153 819.96637367
v -373.67057704 -14.70113600 830.82213428
v -382.78273601 -23.08669631 806.54784877
v 176.08710669 58.03058025 886.93395684
v -157.63081224 85.67016551 1326.99746807
v 123.62681871 82.76152509 254.79644921
v 109.74489742 81.34862385 268.66100731
v 174.56064123 57.71605866 897.32342166
v -32.80154936 89.63501302 1050.22715695
v -11.53244463 96.73434912 1034.65556066
v -50.04106223 90.63195013 1037.40821346
v -12.20547808 -126.06178074 1186.00103150
v -79.99780365 105.81737015 1268.65960623
v -99.13563923 95.75641254 1244.79623720
v -101.02138810 106.84693615 1279.90099810
v 173.12191450 16.76752237 961.98552371
v -27.54128150 84.82420756 1065.86959068
v -58.26674677 81.76671586 1064.66230921
v 13.00865152 -122.59842751 1239.34812939
v 132.86266485 -67.72688330 493.59858087
v -310.19598936 28.61211070 927.17403815
v -296.16546001 16.17093773 904.03464617
v -317.82223052 20.53346636 904.41231696
v 154.25176787 -3.07674702 1100.71681989
v 156.94475754 -55.13320752 541.68300809
v 162.78977886 -45.07428830 530.88514396
v 81.68648234 -105.82604368 1182.26141733
v -20.04816314 -72.25171715 1403.47833917
v -11.42543867 -86.85414290 1378.81099669
v 8.43582988 -74.63558428 1394.34601638
v -38.77772487 -75.58398185 1394.01316461
v -86.26463366 -64.10256554 1395.17530604
v 57.92761935 -119.97330122 1062.89177490
v -7.58037814 -61.58106571 1416.85225164
v 120.05535528 121.70800329 849.94046244
v 113.43019042 120.12054552 833.48606581
v 9.17944074 -137.83825961 1023.40838163
v -347.41153586 -21.02190721 904.64456046
v -350.74767395 -4.33904904 907.13502748
v -357.05759416 -11.70722678 892.17859529
v -127.42632289 21.63488478 1136.85154609
v -117.12626354 49.18449598 1147.12518712
v -14.83684588 -134.32414855 1087.28513014
v -18.25207658 -129.59766439 1067.76471655
v -109.95796228 65.57117702 1157.54402302
v -132.30104642 21.73179855 1151.69633232
v -138.73181054 -5.71920956 1144.16656297
v -30.41273207 -132.96428257 1060.97690835
v -345.06430310 10.25208087 922.96690114
v -338.93122779 17.08202615 935.42953468
v -341.22848161 13.13156452 905.86119895
v -13.95814571 -130.67331517 1109.64042709
v 108.12490895 99.53809402 1016.99581127
v 104.08679727 90.46457964 1028.19871227
v 62.66697493 -46.13401242 522.13808056
v -92.54189693 -115.19063236 1063.26693706
v -340.25998388 -92.84219614 711.05687645
v -333.07404325 -93.96105550 702.75685169
v -333.14936617 -100.38721543 719.76387362
v -89.43151958 -118.46685021 1042.25213396
v 107.48688675 -63.89302402 1376.31782922
v 97.33429081 -41.84910500 1402.34666765
v 83.18073073 -58.98687126 1389.85852509
v 112.42569142 -52.65334124 452.00785538
v 114.88639837 -64.47152803 477.63372868
v -66.31381578 -121.26089382 978.95335758
v 150.54834161 -0.88390364 1128.54371464
v 29.02332725 -46.83462958 1533.16068373
v 40.64080063 -38.72652496 1548.26674052
v 37.74917742 -53.06140215 1550.36669553
v -109.89194258 -107.91377118 1049.04430694
v -316.77470974 -100.97897875 738.46736108
v -315.28823439 -103.35253483 728.82129335
v 27.06968159 -84.95797663 1567.96490299
v 15.55134949 -92.48341661 1570.45403512
v 17.06902353 -95.71372931 1557.32156599
v 2.93281508 -47.75246320 1463.35872991
v 10.07153188 -46.19997175 1453.21434759
v 165.65685619 26.67015553 553.45624598
v 33.30064904 -34.66079026 1453.89655467
v 31.11291235 -45.22180615 1442.44060637
v 43.50411192 -39.29511357 1440.68775486
v 174.77644040 13.05229909 453.76368272
v 160.55197038 44.26225417 511.80257620
v 24.05335981 -124.79249459 1055.57536077
v 53.46974564 56.54531328 605.87825639
v -332.34467660 -84.90073653 700.71757619
v -332.36135409 -80.91370139 706.05361148
v -321.70992903 -84.52911198 706.73621716
v 158.71996001 -17.69096095 1419.57001496
v 31.77342204 -10.13237627 573.60419160
v 33.57512305 -4.27138870 553.82585249
v 134.03389814 68.62135451 1053.90677843
v 139.03766476 52.85130853 1072.02494527
v 145.23777381 52.80513037 1055.09430690
v -159.94083388 60.42962655 938.60355849
v -378.41300305 -88.75100852 744.55403024
v -384.13699401 -64.16671841 745.28792900
v -377.10869000 -68.69642934 730.04015337
v -63.79232430 75.98283968 1086.49656599
v -74.62464329 76.58926293 1072.75818486
v -92.16570096 66.86615530 1083.41475438
v -147.73235454 80.68176866 907.10968969
v -149.12680587 79.39645040 888.41066665
v 340.63256001 14.73213983 766.12452489
v 27.09202413 -77.47464402 1387.00734102
v 29.02651041 -83.68057420 1369.52723252
v 50.35840136 -77.87867994 1372.78122260
v -218.47660872 -48.10984633 1198.54083148
v 36.09121634 -109.30933469 1305.01315215
v 40.37631783 -100.01616235 1332.41725500
v 149.95954632 43.50393590 1213.63203947
v 144.73479004 58.12338505 1204.63183789
v 148.71811263 57.66584404 1222.58911490
v 188.61837110 -14.11439507 50.78572838
v 176.26277167 3.24735086 63.96256188
v -65.68767612 100.30684020 813.42448642
v -389.15520719 -33.56520991 759.93494965
v -390.22781010 -18.24404875 772.67588933
v -390.20423862 -22.07471279 758.43561344
v 330.56782463 16.02465676 857.50488658
v 330.52984413 24.10683798 868.67524486
v -30.94492928 -109.81627898 1323.74676335
v -231.31495450 -29.12006880 1262.69576292
v 0.70233973 -100.73921995 1320.56598294
v -25.30070152 59.70329077 775.04605425
v -230.71634274 35.12377208 1283.66217826
v -18.86475276 -90.71265622 1369.78556148
v 9.76112490 -92.07564288 1349.63608517
v 1.30609061 -82.98289011 1380.09612854
v 10.39269646 49.57165698 774.52515364
v -319.80491509 -48.28264656 809.78947847
v -313.47868730 -45.21596914 793.70985374
v -318.55506265 -34.88671102 810.28624780
v -41.42749637 -106.34659354 1537.41128326
v -51.40089223 -102.26490427 1547.53112455
v -53.30774872 -95.70122410 1537.60026351
v -8.81453962 -98.25969519 1510.75313015
v 0.39152491 -89.67359920 1510.32031209
v 47.17115074 76.07998871 752.01662972
v 46.47635701 73.46566178 732.04708900
v -36.78482409 -62.28065255 1500.94131701
v -32.75126212 -52.69260236 1490.63017394
v -24.58283901 -60.94017925 1493.75976486
v 2.29434560 108.56306717 1306.87810069
v 114.56534622 68.57861996 559.48270574
v -325.19366037 -25.32307546 772.04600858
v -331.86877719 -20.74260830 765.89278698
v -336.59957977 -14.38000126 766.23445718
v 66.93028206 -43.40561157 1426.22371812
v 79.92420801 -46.77564035 1406.62548365
v 80.00624822 76.14875286 656.27765309
v 55.44482601 -115.93361916 1243.33327984
v 26.04587451 -114.56166143 1269.67487020
v 19.24005599 -118.98233183 1257.26525668
v 27.84212826 29.29944981 640.43065358
v 61.54090901 -116.73173194 1192.10681414
v 49.34413565 -122.37523494 1211.56085212
v -70.27343316 15.79045898 1517.08611827
v -75.34004122 -2.45276992 1504.72148799
v -9.06631159 93.76379916 1187.16295072
v -9.66415629 102.65723747 1229.61986225
v -0.25127273 98.69335296 1207.78925890
v -63.12122980 34.15786238 1513.86983482
v -73.50234348 21.48567526 1508.15422879
v 15.16414174 -85.56462963 1372.79756430
v -154.77417090 -27.23829712 1422.98589792
v -154.13745396 -3.75523910 1434.51371548
v -176.67191512 -17.97488961 1423.18103709
v -22.36784160 66.71481384 1491.00903296
v -31.98851297 59.91889262 1502.91021513
v -16.61932934 61.50803971 1507.26369721
v 105.92189674 -53.34712893 460.04522518
v -190.13975732 -23.45038662 1414.91204930
v -169.48833152 -32.83802582 1418.50521541
v -164.81856777 31.71359105 1213.46877459
v -167.04699915 28.24938430 1195.49564561
v -169.51252394 49.37022459 1213.32711478
v -176.46729831 66.71750247 1353.59226748
v -199.52624519 51.62335145 1343.46796139
v -188.51129929 57.64502889 1365.20227453
v 193.24172062 -35.18588257 1358.54317036
v 187.22676617 -27.96974076 1392.26271396
v -30.11324468 106.04290914 1219.92543026
v 206.36950539 10.59583274 1409.86135243
v -210.87317623 39.80263454 1352.63026500
v 171.33227182 -3.70666547 466.39874543
v 148.20524619 -33.55318964 1277.97760523
v 99.71318978 61.79352254 506.20995565
v 103.54949142 68.35826767 475.74166211
v -68.59127268 43.01279011 1494.55846807
v -65.68084089 59.11347604 1484.12835304
v -78.43233678 54.05059374 1483.36247108
v 131.95808967 37.68407725 1453.56556527
v 142.47150968 17.04876895 1440.72064211
v 161.77078095 34.43161124 1441.16214223
v -41.19963392 113.38397420 1344.50219670
v -77.99685171 37.44011860 1489.43885721
v -89.23530690 48.99895668 1478.51821679
v -250.73042228 -9.55221378 1215.24264225
v 61.75559243 19.93058055 444.03757520
v 66.71629791 38.14601723 448.39983007
v 62.19794627 30.46350388 433.86939693
v 50.33885513 12.65926732 1522.83864403
v 46.69299367 19.47375147 1533.38760133
v 49.69775482 7.58796417 1555.22013372
v 164.33851501 -59.14059746 1309.48732117
v 159.37586640 -61.20378762 1295.76050926
v 169.87967232 -45.10904772 1302.92217170
v 41.59186325 36.29485262 1524.55306543
v -93.57750418 4.80700685 1463.98353779
v -81.43813465 -5.75749190 1450.39357556
v -81.30787208 0.33414965 1462.29840378
v -8.47812604 88.89410731 1437.59897077
v 1.13525629 93.97247995 1424.62542031
v -13.06254496 96.60334647 1409.91484653
v -97.14876655 -11.28596593 1437.19842417
v -77.32155009 -25.95240000 1429.16554177
v 14.96147011 58.47527432 1565.59135309
v 28.65247259 50.16839623 1575.28734336
v 32.36621165 39.33240921 1563.50432474
v 154.22890239 62.33540101 1243.28129782
v 155.26646151 38.60064547 1242.17909525
v 151.34338157 37.68982850 1226.24517370
v 3.51339469 61.34676759 1555.40969823
v -68.28269880 -125.89934923 1285.26708276
v -73.53510264 -129.29457246 1269.35813203
v -58.14299986 -129.36364845 1270.13813249
v -92.08266112 86.30757115 1036.19013735
v -122.93664164 72.96189297 1035.74882114
v 66.86809598 139.19222886 958.66027344
v -264.31343870 5.94814090 1186.52712955
v -252.01732441 22.35747554 1245.51483429
v -330.85265959 -9.78435977 987.17056330
v -335.91638601 1.53342599 978.22593361
v -336.74207412 -11.67065371 958.92721556
v -115.17650978 108.57082805 1345.42168740
v -150.07586697 75.00237570 1396.67257885
v -171.33053136 66.04334082 1383.76889969
v -160.85639038 73.09707161 1376.07427476
v -187.24964681 64.59131907 1282.08737042
v -169.74450502 61.22694638 1278.54463032
v -156.53785584 82.06257571 1290.16147015
v -312.10432358 -93.34336696 731.59604929
v -12.94121151 -43.97962856 1456.21163269
v -22.14187320 -48.50798064 1460.17923294
v -13.23551335 -44.22457278 1447.01036165
v 150.15005979 -10.63833441 1118.79576861
v 67.66064876 129.19129839 1356.21148178
v -219.74433639 41.87977749 1301.28323009
v -217.25537969 1.05978797 1389.19348859
v -229.94818448 0.98626087 1362.94206386
v 128.19869513 -69.66842808 1132.60357912
v -195.16799368 31.69357884 1115.59716509
v -202.13728738 42.36739760 1114.94253659
v -194.73099973 42.95552312 1132.02237885
v 1.64002274 -128.65619804 1103.48751076
v -56.42853376 -56.05615401 1519.01561613
v 41.66641163 116.27474982 1249.49839725
v 113.24138985 -80.33433358 1092.89542531
v -111.15817905 21.51657947 1470.10889935
v 35.70368729 115.97139581 1288.34185094
v -77.47460458 4.86350435 1497.87636052
v -81.61021129 17.59138291 1496.42107206
v -80.43447996 0.43527020 1481.61075632
v 8.01107082 -50.78386497 1496.17354245
v -32.59667287 90.89505709 1432.38534451
v -52.92937987 78.66256880 1465.25474147
v -93.19705967 96.47915960 1411.78677858
v -91.02736544 89.59469325 1433.02816625
v -68.08232594 92.88286192 1424.23936034
v -218.61890266 52.60813081 1148.69136977
v -208.66489654 55.53910398 1164.06235408
v -191.73866163 52.18951102 1167.21398837
v 62.16244533 -17.10835411 1440.84363547
v 48.36791326 -23.78967789 1450.59406097
v -196.18975939 -46.78670779 1396.11753975
v -214.29963329 -58.54492369 1317.38275185
v -225.23360969 -42.55121174 1327.39770759
v -112.34684034 -91.31069434 1239.48382836
v -125.48912014 -78.39276284 1255.62438371
v -19.99742878 -119.57502431 1284.82480140
v -19.43239039 -114.10936574 1301.64583906
v -1.79250002 105.96067019 1328.57729936
v -52.10724867 -39.12990700 1449.17659654
v -65.15158818 -29.84189650 1444.97325647
v -54.23061630 -40.83738969 1440.97807150
v -22.01214281 -109.07350396 1525.17862183
v -21.63549133 -101.53478520 1509.15720325
v -10.76091530 -106.53336019 1523.46761360
v -52.49289046 -38.83031150 1473.67213742
v -30.85499044 -49.84701994 1451.39808485
v -22.81214470 57.07216110 1519.16630276
v -5.60818136 60.18023772 1513.61441072
v -353.29807922 0.81942072 772.39462662
v -337.04131887 -2.38855036 790.03907799
v -339.92749672 -4.54520672 778.23828096
v 22.72166762 -53.50294708 1518.19296420
v 219.05775906 41.86459155 1094.33719655
v 226.56920640 41.27902588 1075.93026113
v 71.71852536 -93.94021746 1335.18292323
v 29.61077256 -92.34163936 1353.87173547
v 23.48849666 -42.29641341 1506.61731837
v 32.38449035 -32.43583958 1516.76228658
v -47.85337780 -116.95977134 1308.76360996
v 279.45971790 7.21367645 1086.20040042
v -1.45703359 -97.34179176 1337.38902038
v 276.75830039 -3.55579785 999.42684012
v -27.39105587 -116.77967574 1303.89730267
v -398.18890222 -48.03682422 773.86817374
v -393.93262689 -35.39672300 773.11189243
v -395.70100466 -48.28988719 766.19964553
v 163.12351821 59.61564476 181.91689822
v 168.48224794 52.30223321 203.70239861
v 162.79743615 58.22277057 157.33085397
v -136.63138703 99.43834070 1315.41508951
v -157.07660508 85.10733601 1304.90864561
v -77.54699898 71.27835006 1094.81502148
v -112.07143585 109.66216185 1303.73167053
v -74.63741888 -107.37997581 1325.00007083
v -31.57188150 -48.62266248 1470.97375894
v -87.42366302 -99.48683089 1339.92622988
v -134.63662092 70.50094942 1228.09139116
v -152.02631688 55.45706353 1237.63602168
v -149.91798856 64.26266362 1245.61890078
v -150.80248212 -18.45733366 1213.74744455
v 95.34927738 117.29182362 998.35504081
v -332.10099702 19.95410004 969.66897304
v -335.78107464 10.89739944 975.97478011
v -329.54660698 11.70072677 999.33877117
v -61.86605073 -83.29615732 1537.69918188
v -76.65655309 -67.99148950 1551.78137571
v -60.65568928 -68.80143173 1525.67512452
v 91.40309293 -75.81998927 1363.02237599
v 79.13530516 -32.00774908 1428.68057421
v 87.03421125 -37.82813640 1414.66414193
v 109.53801232 -25.53380754 1418.22622211
v -315.36973093 -91.95715981 746.93865482
v -317.20110620 -94.45994580 764.06150876
v -317.81308403 -95.73016033 746.87162690
v 19.92256841 -88.49412487 1585.34288989
v 5.51077754 -94.73766432 1596.97940565
v 8.24132490 -96.57731149 1584.13846295
v 33.82432816 -64.56670330 1541.10637135
v 106.28941359 -20.65123362 1427.11087619
v 149.69916535 -11.15274455 1427.66056440
v 150.86172273 -41.78041062 1383.76336026
v 161.44320094 -28.12192131 1407.36882548
v 134.38820823 -36.80877237 1394.69341668
v -312.52953232 -6.65869711 1039.34290501
v -319.31882502 -15.87925238 1020.81031574
v -304.18227053 -17.24370567 1058.91586633
v 157.18041760 -9.61215780 1286.79425381
v 152.96780062 1.76347746 1282.05940632
v 213.74892162 102.82065376 1248.21502057
v 26.87978751 -36.16198726 1504.95660701
v 45.49460759 -20.87263873 1468.11676045
v 61.94095652 -7.92894881 1451.69395624
v 62.83130737 3.25354664 1463.52480875
v -367.68273664 -33.18071103 737.47353454
v -358.08120080 -23.67829886 738.33066497
v -348.94313570 -30.95331262 728.05302219
v 118.92300956 84.62068639 434.84754667
v 208.80582465 25.58622655 1150.39406655
v 198.65554635 39.70962872 1193.85521427
v -74.34802954 85.07416452 1133.93563111
v -28.24042385 -97.27914864 1352.68006619
v -38.20297921 -85.45131216 1377.97709714
v 67.35826198 112.07345248 1212.45763691
v 87.65946857 102.64796969 1194.84311775
v -11.00605964 -70.85208149 1503.08045453
v -47.08221335 -90.19321019 1523.98026013
v -20.95140341 -116.06123243 1564.01232475
v -30.33269519 -115.40392643 1554.49080632
v -22.88307799 -118.57250382 1555.72907966
v -313.30933067 -59.91216434 781.84843878
v -313.91274274 -26.61208011 780.99974324
v -1.55110540 103.76294683 1229.69609922
v 113.89755002 -45.68960037 1393.39965476
v 106.38497634 -31.35487930 1408.48232722
v -90.78263495 9.90002133 1477.93595370
v 350.78746395 -27.73311296 745.22882601
v 361.23724341 -34.08794294 743.35312749
v 219.88604056 96.75464373 1205.27635159
v -108.78810981 -0.21924172 1451.28612461
v -108.48147787 10.64263528 1461.41507346
v 112.78427366 72.00015017 1086.61162821
v 230.18209622 91.50963255 1166.67348777
v -126.88404449 28.26976603 1461.81482753
v 345.02250960 -65.29769092 756.07492133
v 216.45713301 47.96696837 1117.31235142
v -165.42203317 -75.88728874 1319.73276895
v -155.09087486 -82.51975735 1319.16046822
v -149.20794228 -83.13805018 1328.54070373
v -120.15824571 48.00009690 1462.17214280
v -134.15023079 36.70685286 1458.69263240
v -156.65075551 30.63468852 1444.02718977
v 155.11624854 77.41750503 1428.68335486
v 138.36247788 89.50648058 1427.99209612
v 141.22443002 79.53837272 1438.38950231
v -170.35674222 -0.01710624 1431.16393180
v -189.05281937 -11.18475075 1419.62614971
v -135.95254669 -94.71706575 1321.08142184
v -140.15282232 -81.11270903 1342.91577923
v 315.38351828 -21.22885762 793.92169298
v 111.06439620 -87.56349846 1151.59942751
v 162.13063132 103.43126014 1359.92804249
v 175.11238849 102.75796521 1352.48824042
v 95.77723572 -94.83715323 1185.54698517
v 203.31554274 80.69145543 1381.68038381
v -349.68943043 -62.71532365 810.87740085
v -346.83655911 -82.33591145 787.12485027
v -326.81321955 -61.05851596 806.31516849
v -229.52038971 -5.93117659 1362.25938486
v -236.98196909 -2.95919635 1336.41925780
v -327.44981125 -17.51533088 987.83592704
v -216.03774816 17.17045592 1378.14343196
v -213.22987289 24.60996309 1376.35469788
v 272.21397833 56.31557395 1223.04510408
v 6.94084327 95.64334019 1730.92681336
v 29.19964521 104.26979393 1717.74235158
v 5.44285917 107.03100671 1716.52135970
v 248.43837648 31.37057855 1314.79300848
v 0.84075183 -126.43901001 1122.54597983
v -18.02915563 46.06220762 1764.04977288
v -15.20949854 68.51677876 1750.61467821
v -44.75321490 74.88529248 1751.76830574
v 6.29240165 -128.05225133 1150.54110381
v -31.66561213 102.16871081 1728.97203986
v -133.88489769 -26.04710178 1425.30954125
v -120.22188064 -14.60811362 1431.38337982
v -134.22535048 -12.20208858 1433.88215471
v -73.73926885 -6.82587636 1458.00186184
v 224.96402817 102.51135967 1280.65674867
v 49.05073879 -122.32663321 1177.14978477
v 391.62234450 -17.82251307 769.44664052
v -9.42724925 114.40809108 1704.12625980
v -30.71660653 111.36519063 1716.93110354
v -12.70513993 111.13667411 1715.94375799
v -321.46081669 -44.59108389 826.61357889
v -318.84132172 -37.26712251 823.72431674
v 41.95217121 37.82598879 1588.74516619
v 44.24598386 25.00177828 1576.67793584
v 330.26055923 57.34161644 1000.45797129
v 48.61542480 -122.25228404 1231.05428341
v 269.16663472 84.41052411 1195.34731586
v 71.03195507 -110.27950069 1233.22030045
v 37.06678049 34.99747642 1533.82347216
v 36.43709519 45.19932511 1520.94768948
v 51.42944855 47.29606187 1506.88486488
v 32.68221418 55.06651978 1509.84141477
v 44.45232259 -115.94307035 1259.50902647
v 46.14193664 -115.46758046 1277.82456943
v 279.61222427 83.83446010 1148.66865040
v 277.84335353 82.41640413 1127.66697871
v 53.28812279 -112.89913742 1293.46890143
v 266.67593786 81.55413100 1208.66750533
v 56.29180981 -104.53134530 1318.37267463
v -234.65425788 -43.62705280 1166.97378807
v 210.79390237 100.07613631 1224.72064922
v 332.74783949 -55.03479504 738.46198739
v 17.54397855 -96.85604038 1338.00186887
v -79.35899803 -3.34801126 1539.29628414
v -72.65117711 7.73147356 1524.19098194
v 172.96364563 69.65124112 1239.27906356
v 186.77548856 70.07148258 1213.42744094
v -49.62199431 44.37621736 1549.56753590
v 339.07037948 8.07485862 798.72115353
v -190.15075945 -69.41022809 1362.14877750
v -201.88458091 -69.61422480 1322.30789625
v 252.99858309 16.95103089 1075.23261701
v 266.49932682 5.24175004 1072.27920187
v -255.98934371 13.25579079 1242.61614537
v 215.05823959 32.54384728 1127.44894024
v 23.61839980 -52.35689408 1434.86810337
v 181.70699462 79.06847663 1228.02519650
v -331.46354639 -28.65485701 740.72113411
v -340.84962469 -16.30307910 743.11176508
v -334.80931781 -14.36045432 750.15171550
v 321.71686024 -14.49319427 831.69323808
v -116.43213112 -10.77656450 1436.06601048
v 27.76536695 -35.32228229 1464.64518624
v 165.47187814 105.01497541 1324.13393801
v -93.45370027 -22.60396513 1426.52324832
v -82.49702258 -28.97435782 1424.05357000
v 2.82820943 -46.49808504 1448.03405722
v -6.44254146 -46.96459764 1461.93677437
v 329.10868514 -23.50268702 849.02903818
v 220.87158394 93.69005052 1313.65926986
v -15.67893259 -50.02005108 1470.38090151
v -16.80863133 -55.48079756 1484.45939677
v 198.03581969 104.50458112 1310.11754730
v -207.16811508 -48.77336660 1171.87760376
v -40.62795625 52.83256041 1516.12777601
v -48.50955610 44.47460093 1531.67528054
v -25.62459565 -68.15021496 1498.66589655
v -29.29376349 -80.98260736 1500.33230362
v 300.25298886 5.41586369 1076.76918883
v 316.38721132 3.50445467 1038.27992563
v -0.83553537 58.54585300 1539.80163349
v -5.42941613 -101.39236768 1517.44471457
v 11.03654888 -90.80361927 1522.46471488
v -167.51264974 10.57040133 1209.08044339
v 11.07947099 -84.29484201 1516.75822943
v 284.72799749 36.89248277 1168.99547084
v 25.51740247 -83.89805023 1539.52396444
v 18.63768758 -93.32401972 1545.39853864
v 303.65346648 41.55632923 1112.32806258
v 8.14556407 -102.82899122 1543.73094719
v -379.65654247 -25.96146464 742.21805302
v -384.94466918 -15.95552535 750.99568908
v -366.65518822 -14.97443746 744.59081964
v 6.94882656 -105.99716668 1557.27127523
v 123.34176175 115.69717500 1285.86340227
v -77.93711878 -54.91600687 1418.92735091
v -71.96828820 -42.78447958 1425.10060833
v -82.97798911 -46.70636893 1421.93591722
v -256.15439595 22.67812305 1206.55380473
v -24.07447305 -115.22659500 1532.85626890
v 158.92467922 104.23301944 1301.86618708
v -30.06388628 -105.28507016 1524.72343341
v 173.54688163 90.61407264 1286.75442065
v 336.27818431 -39.26389305 751.44910855
v -250.52805853 -31.86278517 1159.19661248
v -260.81242753 -22.89389888 1149.62943772
v -353.12248659 -44.26052027 848.74499065
v 166.00305981 74.97365177 1266.51712865
v 165.79696586 85.18506312 1285.55248007
v -43.46919664 -51.28435816 1501.88507190
v -176.61920363 70.23680656 1336.02976699
v -52.12487675 -44.12944777 1505.06885255
v 231.32367657 29.14682966 1381.44375482
v -45.61556082 -44.96788423 1495.05606919
v -190.80608030 43.82574111 1393.50600688
v -171.19963998 47.82680086 1414.07270373
v -124.38336775 -66.44518994 1377.06718018
v -109.86712788 -80.96930065 1361.56882581
v -80.90314758 -73.09328587 1381.18097093
v 233.63835800 56.25213900 1364.52647208
v -21.79925297 -49.62477913 1446.99874082
v -136.90015761 86.18898480 1392.94290601
v -27.34965674 -55.52284249 1436.92819632
v 221.55059613 28.28295017 1395.14706138
v -113.80839588 88.74643236 1413.37352034
v -112.47286975 86.01172680 1424.63574727
v 220.87918282 -0.63968425 1381.20681668
v -244.60886771 14.78478753 1271.32915522
v -48.10745860 79.23543353 1591.12654491
v -130.50141885 -94.12390991 1275.02587525
v -139.97081058 -93.67527050 1289.71156022
v -150.40764862 -79.65171416 1289.56229732
v -23.40222916 94.55077796 1597.56563362
v -12.49523026 90.14374491 1592.76298489
v 258.41805808 9.29497004 1125.43006737
v 269.09489668 12.27725139 1113.50316017
v 0.53749454 69.51628539 1569.84517526
v -3.28400037 64.16746568 1557.88539665
v -207.94044913 -48.13546517 1229.46976106
v -217.06162470 -46.49097720 1275.14623001
v 265.49701472 -5.09268155 1019.92516770
v 14.44144546 -109.33690315 1275.05623874
v -261.34966062 -1.82423938 936.23796453
v -249.64002548 7.91978683 953.61894258
v -242.07723405 -0.37721437 965.64408112
v 227.84507307 6.91146682 1128.91453283
v -175.81378585 69.84039952 1318.24201380
v 34.97829731 120.33111770 1328.67058306
v -177.20504630 61.87000401 1275.74698833
v -157.38522503 -42.11817523 1273.66774222
v 57.53497307 128.56056209 1340.70107032
v -197.14512234 60.78548017 1311.74028181
v 106.90616157 124.68102409 1297.52879992
v -205.69689711 59.48813608 1280.85591608
v -214.49197554 54.60510570 1275.53213831
v -205.88559311 55.45667866 1309.82506769
v 84.90967733 121.95118071 1285.81544702
v -53.73879436 -126.31818073 1238.93351584
v -161.24473867 -42.81700395 1413.56222314
v -127.93312252 -43.63284969 1412.16199993
v -253.30056711 34.75553280 1188.48693353
v 266.64364928 74.90167418 1230.27962637
v 343.44602365 -26.35613302 868.64583125
v 353.40568990 -23.10103439 866.90819461
v 344.52636941 -19.96588024 893.55943240
v 60.04674934 32.07746659 1617.65451995
v 63.55038988 41.11361235 1634.75167097
v 64.60880975 23.91853151 1629.84260360
v -368.97581853 1.28853731 796.20971469
v -371.16263861 -6.58398620 821.21733736
v -362.69685050 -3.28251737 827.46319481
v 338.29107260 -20.65632865 895.79870789
v 247.75157943 35.37833628 1283.71365540
v 347.41024467 17.97882010 966.19036920
v -135.76498409 -57.29726504 1197.95050234
v 55.85382548 23.94926902 1600.53459607
v 54.85139848 16.44364646 1593.34357596
v 46.77799021 29.16886663 1595.04323787
v 53.42694474 40.54414565 1610.63857149
v -156.82383548 -75.32915116 1354.43045589
v -165.79669400 -72.75735483 1346.08278115
v -165.36967501 -76.49593569 1331.64565304
v 231.82886631 100.67692719 1264.96315588
v 339.11100030 26.25367381 1008.06780153
v 340.47601414 33.83412739 1001.55907963
v 60.90720635 -16.69564264 1657.76565842
v 65.64837385 3.03677036 1656.79963159
v 63.67790052 -10.45080999 1674.89969820
v 328.07147231 28.31558266 1047.21390419
v -147.84649480 -28.08621536 1208.03721024
v -105.06875314 104.86653631 1383.60691332
v 175.39885828 39.68269524 1435.63388524
v -198.92997468 6.16759181 1409.22720695
v -186.57528959 15.02838048 1421.92910367
v -202.17594170 27.93458875 1392.13213332
v -144.71713178 11.47983502 1176.72387851
v 128.73457130 66.60840654 1458.55877111
v -103.03556420 64.76632300 1459.99787506
v -109.30229506 54.23204897 1124.72947936
v -346.83290240 -91.63693879 743.76748783
v 125.09526573 58.20603310 1462.05384988
v 104.96028948 68.41503413 1466.35489967
v -211.48636174 -58.97593648 1298.91874007
v -105.76562845 55.75542475 1097.74038313
v -96.30747654 62.98222378 1100.03314092
v 341.75770273 -61.80519096 790.38706903
v -95.69154137 66.78771516 1119.38227163
v -181.70164726 -68.89388252 1375.54115931
v 297.91233815 20.75494334 1120.70134094
v -209.69525827 -35.10800647 1390.96977953
v -40.69088204 82.84961429 1076.45113060
v 277.26606795 47.10104977 1201.14923839
v 276.66382171 60.08303262 1205.63203000
v 271.90560406 68.35066415 1218.64493258
v -218.77388200 -38.05236419 1369.20790119
v -220.96518877 -29.84355731 1368.04873589
v -231.81967361 -28.09821477 1331.88709961
v -33.74980327 100.80825765 1022.92899916
v 281.60829009 53.52281444 1186.99240098
v 17.74353524 109.11616765 1023.79197136
v -81.62799696 -117.40943237 1305.77816096
v -96.14541572 -120.54061788 1287.05677666
v -7.11115900 134.07751642 959.48462153
v -95.73557991 -121.89042534 1259.47797947
v -50.49624278 126.06897078 958.31086598
v 215.88075597 -3.93286892 1216.76950138
v -112.89051993 -111.24510385 1274.40865806
v -40.73757135 131.18436744 941.53764181
v 175.55944803 -41.22854702 1367.83797765
v -21.16985595 134.72141356 939.50692306
v -117.48470955 -100.43595833 1259.07647639
v 45.17618158 -55.60248176 1689.72207764
v 59.61112095 -17.55315174 1690.47108367
v 54.92270817 -28.98832276 1703.60522427
v -69.37999260 -48.61589715 1530.54654374
v -65.69089140 -40.99469302 1522.06375057
v 291.03214264 3.42324444 915.46232145
v 299.72639903 10.60892085 914.64625751
v 39.82547175 123.87494111 1006.20485432
v 220.57406169 -1.28919228 1253.88841644
v -64.33883333 -33.26730752 1499.84935317
v -67.17342220 -35.04236021 1517.94891929
v 232.90087671 7.03807170 1276.90072415
v 237.48011366 12.79583903 1258.95668045
v -66.39437719 -24.61168883 1470.67890571
v 89.51095274 112.00026564 1013.27628001
v 52.38923685 -3.21203264 1613.13857632
v 52.82854336 9.66271220 1605.53279201
v 55.23369159 6.75430256 1619.21074563
v 84.19597320 100.91428217 1028.99798358
v 188.71552298 0.34040280 1226.18646829
v 59.17257827 107.40448648 1028.60180932
v -254.52689675 -27.52456947 1053.15846285
v -236.91823308 -24.39055783 1055.71246650
v -249.62504059 -27.03960159 1062.00926012
v -338.37358561 -3.63915695 816.94931858
v -325.91675172 -14.86860681 818.17681417
v -325.19341202 -5.87432543 799.63524783
v 175.07187266 51.90367642 1238.09191325
v -10.30463408 78.69533658 1107.77776323
v -75.03935701 -53.70812183 1725.40254402
v -83.61968712 -34.86933982 1733.69821925
v -88.13433411 -28.36569337 1724.33816875
v 249.67428425 3.26945009 1148.53113939
v -21.93566488 -96.23989632 1700.80587674
v -36.03297880 -85.81232383 1710.67458852
v -32.87596842 -95.48223821 1696.36563883
v 380.56714622 -41.49907199 750.69955679
v -10.88902737 79.87299984 1124.55517643
v -59.46549975 -76.72301069 1705.15359687
v -73.76977353 -59.61280668 1713.71097207
v -72.90096788 -62.63880909 1687.96512801
v 54.74864642 58.75506675 1618.25929701
v 33.23143052 83.88565036 1610.29919732
v 35.25916732 90.26330156 1622.72150985
v -45.80997985 96.85326217 1159.58056392
v 400.88327561 -34.30483490 765.12134030
v 172.58679820 -7.29928303 1280.23421975
v -89.85668365 -54.44713361 1581.91386609
v -86.44606765 -64.12000609 1580.01038598
v -90.59787940 -52.20964844 1596.07170099
v 352.03593281 10.69977643 939.95721208
v -76.24290370 74.38073187 1114.48364021
v -99.34149596 69.78312590 1134.99429731
v -99.34366964 25.43857773 1684.72515059
v -101.83096080 -10.07385785 1682.57333701
v -94.65792021 -7.30252029 1704.61595883
v -236.09929524 51.56453218 1052.58618377
v -238.07011182 46.35391041 1019.54143679
v -246.31883240 52.08157872 1046.15783070
v -123.30802759 82.52345995 1237.62932666
v 114.43135873 106.85914054 1413.52915283
v -120.15392564 77.05171667 1210.74956352
v -80.74696979 99.24103664 1232.45062133
v -107.81796712 85.69822757 1216.35331018
v 114.92869336 75.48270144 1459.15427450
v 88.51213009 86.45170407 1462.56985147
v -100.54429181 114.06188394 1305.89439932
v -72.90295808 113.33608972 1293.52468259
v -51.75691083 110.49880252 1244.70660718
v -40.86955511 103.18899930 1196.34223742
v -60.58815359 101.31328148 1195.84368305
v 83.29225659 111.34629367 1420.89609079
v 19.05290497 -83.84079682 1612.76259492
v 14.42757049 -86.55949892 1620.65467575
v 0.25808969 -88.87382301 1615.62678176
v -140.68229276 -44.89745351 1262.40463138
v -147.15434210 -29.95710076 1266.18728085
v 20.05568529 114.53223555 1299.28574656
v 6.07934111 108.92559044 1257.70633658
v 324.14755362 -20.77109197 890.73533941
v 86.82862081 -104.83427982 1247.51802478
v 27.36326152 115.72953331 1316.85463405
v -319.36034457 -25.65232744 997.76416031
v -311.33153146 -33.51119667 987.68317155
v -307.06673627 -34.01072412 1015.64639730
v -36.83132174 -51.26944739 1439.44943788
v -60.06640089 -43.29687251 1433.04872333
v -62.97935886 -52.59470996 1424.96448591
v 337.17300830 -28.89762401 855.31166078
v 329.58354432 -28.27727270 863.41506752
v -93.15610159 115.02757779 1358.77503927
v -59.08180816 -62.90222161 1415.07538574
v -76.21315308 -62.18556329 1409.76375491
v -117.95980724 110.03049773 1328.46224697
v 179.23653579 12.72066900 1236.47713448
v 189.78299498 8.42911847 1219.96608387
v -125.73279493 94.76843805 1387.33193524
v 353.41409869 -32.94403524 839.56289769
v 164.31334308 -1.75032388 1283.34854031
v -85.43397849 113.55732908 1372.49135012
v 152.45644901 10.14631849 1274.31560263
v -57.82696042 116.76879421 1349.95517820
v -145.20781651 42.36905173 1206.32177572
v -31.78440366 96.65141406 1411.59701670
v 78.48182152 30.60554431 1477.86460058
v -134.34471477 35.23208878 1168.65644975
v 92.33406329 -22.34067259 1429.97688280
v -122.17253633 64.11954778 1182.63081144
v -38.74105410 75.60120261 1471.87058978
v -50.40694066 68.34680962 1478.65445836
v -35.10715750 64.68385620 1492.19437740
v -48.41985437 54.93584880 1491.99828158
v 102.13626105 41.76240243 1467.55576905
v -63.10017485 49.63086374 1493.41437623
v -53.20853940 48.74990406 1501.84523965
v -206.85897852 25.09111761 1057.35715839
v -218.63308377 33.07416069 1028.98496305
v -206.84334185 33.64360982 1072.92136838
v 256.35516309 67.81214844 1018.83323676
v -47.44058587 -94.69536061 1660.07648422
v -61.05770434 -83.67339561 1663.73986685
v -56.63193035 -97.41745679 1639.60994130
v 31.88459528 84.14658355 1470.45139452
v 34.02235454 74.72878444 1483.43195866
v 74.74711750 -70.36239040 1372.94220952
v 64.90452078 106.64076880 1431.96131593
v 60.51280127 112.15919031 1411.21644129
v 10.38787853 64.19100279 1501.13243044
v 267.30652125 13.14648693 986.24285158
v 283.99253419 20.95062747 961.40472841
v 92.65615179 -94.48010543 1323.23242867
v 74.49968394 -81.40880887 1357.61591135
v -24.96839532 75.98477455 1474.72483974
v -242.95592534 44.36542310 1202.75362183
v 75.17255664 104.06038258 1440.72425188
v 253.88148946 11.01843940 1197.96384708
v -13.86652338 83.26024464 1456.43178164
v 308.85261760 21.87481646 906.66742735
v 36.53465009 -71.20907297 1559.14946089
v 27.44171218 -83.51075228 1546.34137102
v -26.60383175 -95.42602718 1673.43297344
v -21.64675970 -98.90758992 1690.65058528
v -9.07590035 96.94413012 1402.95420495
v 244.06443875 18.47865024 1299.84888410
v 240.81114178 9.51859344 1312.45933377
v 241.76101444 18.80540676 1275.01186603
v 306.76737719 -19.91928983 881.21778193
v 304.75716169 -13.31248575 880.08677641
v 306.58796511 -14.43043928 867.92378588
v -11.09258433 -111.75020009 1571.85825915
v 249.98871481 25.46913617 1253.89481943
v -188.14106137 -51.77650067 1260.06497481
v -29.50153875 101.51655276 1392.44058297
v 63.96603016 43.19412031 1652.42619302
v 54.60528491 67.93677065 1647.91424198
v 57.95629205 54.02449692 1680.78595307
v 94.13700503 20.18085212 1463.11295586
v 113.53085172 102.16201091 1239.46032719
v -161.32959881 -8.98244729 1216.77173665
v 327.15252941 19.51068471 1040.14500640
v 110.64416975 -10.41213228 1432.59602910
v -4.09372243 107.86314302 1271.20818770
v -213.28312124 -43.68327572 1135.71660717
v -212.14445737 -33.19068596 1117.35553409
v 126.18218918 98.96688695 1249.06110026
v 141.87569528 -48.09661523 1376.26023624
v 50.88283192 18.95740034 1516.84134383
v 265.41967727 90.28277386 1128.79502820
v 262.11124794 94.18549008 1107.88897402
v -0.47429215 104.22620720 1240.60324656
v 181.34119251 -17.71979041 1409.53114007
v -11.12993392 102.79147232 1726.79992367
v 55.54555762 17.21628693 1492.91902135
v 133.37757011 -14.18235660 1426.32004976
v 40.30843286 65.80471693 1492.85195008
v 54.81223387 58.75445841 1494.23528338
v 236.69243668 81.93632764 1080.18749294
v 226.70039323 72.66584720 1087.22363252
v 66.29246521 47.70730861 1493.64811257
v -329.70334431 -45.80018654 888.24984102
v -70.94072407 74.76042616 1724.86089464
v -84.99322996 50.33968312 1713.59260339
v -78.67348992 60.53982546 1730.50348693
v -199.71921940 57.23671281 1170.43989160
v 364.45740790 1.15295612 878.04432829
v -92.12500045 27.21424709 1744.29198543
v -84.18701236 37.33270829 1751.12097424
v -87.67581406 39.35375207 1743.64610670
v -72.02337934 81.44679571 1704.53553314
v -22.81553958 120.46162398 1666.56486444
v -9.59788773 119.90172336 1647.72368107
v -35.27533408 115.26795110 1657.90291990
v 316.03358571 -21.23158166 806.63182299
v 325.05088306 -23.28297330 828.67428522
v -52.86659695 -78.38826009 1712.15869689
v -53.19662633 -59.03243644 1733.74441373
v 123.35753623 79.63967364 1189.73075253
v -30.15755000 -112.08198953 1568.34158461
v 141.08821781 73.57764992 1223.74199772
v 201.48506696 -32.36887166 1340.78953156
v 140.43077001 82.71050512 1237.58861168
v 297.56392123 -22.97354556 920.76848256
v -73.41218402 -77.87219912 1648.49903514
v -69.14995482 -89.89995974 1631.44071235
v 218.84170977 -15.06992748 1353.21223178
v 210.18849551 -26.37839505 1346.49431214
v 219.16995539 -8.97083734 1297.50573885
v 158.52320402 19.11887162 1252.13570691
v 288.72961099 -12.36353513 908.59093595
v 149.62824691 -0.41533628 1274.75460299
v -288.19620722 -32.24133707 1070.94777525
v -295.18126217 -25.67514856 1076.06091282
v -299.84872135 -34.07361318 1048.03769715
v 157.92829433 60.63930225 1258.65490339
v 316.39157827 52.91901804 1069.58265567
v 302.87474477 71.76512672 1080.92150041
v 162.71996976 -45.42263984 1290.64168639
v 66.79287091 -56.13061049 1399.92380328
v 4.46310346 -98.53820704 1639.63756143
v 21.35534034 -90.02362961 1640.39539011
v 13.71756882 -93.09603486 1648.95837861
v 159.10507179 74.54411207 1265.84388513
v 54.60205826 -35.49681400 1436.25396333
v 169.75838743 23.37200334 1244.99557215
v 277.48738710 90.03622155 1097.53291708
v 160.25701880 -46.63435836 1362.54714940
v 127.94998164 -28.44744060 1406.08496483
v 357.09539518 -66.03948597 774.73089018
v 124.18424187 9.25518605 1440.23494504
v 354.49502753 -52.99230409 719.77755422
v -326.05867061 -96.99238792 749.39691570
v 168.10145420 91.22554201 1401.30411914
v 329.76041984 -61.03040723 773.83186099
v -360.98936243 -88.63727068 776.76092098
v -353.25643711 -93.34774239 769.42584617
v -136.29705364 -59.69262018 1266.09688285
v -146.40264084 -53.36598421 1272.67797580
v 391.40181639 -4.60629685 801.13548708
v 232.26580429 33.39078936 1068.52320388
v 233.08356490 56.68468507 1056.05140809
v -364.22227850 -55.72601681 811.89520085
v -317.97628036 -30.45662879 824.92384946
v -321.28380278 -22.24936725 816.65032823
v -306.33056701 -21.50053430 855.41951689
v -180.20576979 24.91830034 1425.84301511
v 72.23306453 -17.32528976 1434.76288158
v -312.63810104 -69.87738345 766.01512393
v -316.10961204 -56.66371203 776.56204286
v 18.88199290 -70.80888719 1521.43045315
v 0.71082058 -103.08943474 1571.75445087
v -22.84528361 -116.31503637 1571.69599584
v -329.15762178 -58.59748987 727.73223696
v -326.46657155 -74.60032293 729.72411615
v -331.22476097 -64.51342604 719.10271583
v -378.73646981 -5.43314144 769.20029556
v -378.53589673 -3.32917087 788.17219790
v -68.20706832 -63.25441364 1535.39918051
v -176.81425373 -18.31007574 1197.63980497
v -175.97894041 -7.87364603 1187.97785968
v -170.91731496 -4.99714109 1202.59277217
v -339.90410512 10.66306397 952.22597579
v 332.76075762 -16.36804194 766.93903144
v -66.66781671 -25.08911674 1459.48125893
v -120.84444228 -91.27501889 1340.90482958
v -116.24273805 -103.15834062 1320.64746097
v -351.88034954 -36.53512919 869.73797587
v -359.89988644 -27.64576953 863.09897649
v -365.53909513 -34.75077046 833.94321742
v -88.99557021 -87.57901739 1357.71788762
v 209.68436370 -18.87303626 1371.17133467
v 290.45970964 8.34068545 1095.91173568
v -260.40442424 -15.60855555 944.27470243
v -273.69741379 -10.32544453 914.82856233
v -191.15811731 -68.32756869 1304.50796662
v -185.57829390 -58.14782335 1282.40280081
v -172.12491756 -62.84249766 1298.83863660
v -89.31912526 -124.11321401 1281.39300446
v -244.93085720 41.22425852 994.14012099
v -232.59689084 31.85740530 999.13665324
v -242.39082124 33.51622169 983.19277494
v 345.71294283 -71.93592380 741.88805535
v 67.27614022 116.78211030 1274.89257743
v -0.20387598 -78.24664829 1716.06865422
v -18.96972003 -83.62514765 1716.13823752
v 1.53560607 -89.50161367 1701.66900297
v -325.46940442 27.64759105 949.21678059
v -326.88583044 21.74509584 910.88866705
v -334.01956458 21.44245851 930.31463544
v -179.38343015 -63.52276740 1387.78317678
v -177.01860211 -51.10263824 1403.01170199
v -198.24077874 -47.44651720 1204.86627055
v 315.99230125 64.39714458 1055.38853052
v -341.05039897 -0.14700846 826.86342818
v -349.10518511 -0.21635850 822.87023261
v 297.06528899 -6.89141241 987.31445433
v -395.76134206 -61.54643013 775.21632057
v -382.22684958 -47.99641775 794.25692659
v -396.31836600 -42.73308164 781.60518924
v 142.07695489 47.05468486 1452.83052804
v -202.74187053 -63.77880322 1298.99839369
v -94.91548214 95.33647117 1234.24996187
v -377.45419962 -91.51359321 753.81193615
v -369.04754061 -99.54942193 745.43855326
v -371.98327847 -94.54952892 761.82643027
v 390.91157208 -16.59663998 813.92733339
v -169.48616823 56.56940918 1269.02146859
v 347.83371101 25.76695678 971.86977086
v -191.87099840 62.32089407 1323.97899583
v 302.42111079 82.14401192 1010.93348030
v -275.01721177 -30.56548621 1091.47764624
v -273.47237688 -31.39465190 1078.40645772
v -237.63100249 43.16008569 1224.93948125
v 298.81612300 -4.32315069 943.18420833
v -214.93210421 -7.02117789 1057.28560923
v -225.00876465 -13.17149140 1040.66530364
v -269.24272925 -3.51656649 1154.21735690
v -255.41098461 -35.59935933 1128.59456931
v 57.72585134 18.00692734 1605.55396800
v 61.95083476 24.22359570 1609.60273936
v 63.01238435 17.02138209 1622.73480818
v 262.74190588 93.64437655 1062.39601339
v 315.12603758 52.59517170 930.74550816
v 41.66742641 -66.70445941 1569.33783977
v 50.18336104 -49.85443108 1584.66576861
v 40.36586233 -72.02613728 1598.11501259
v 28.80872331 -81.56712185 1593.43503919
v 33.84582778 -73.16810526 1615.56136059
v -185.76283165 6.79717392 1141.61642620
v -181.33483453 23.64146228 1147.39507582
v -224.19213627 -40.30371561 1275.26284311
v -266.35853337 49.49028777 1038.26570829
v -273.66250939 49.47030182 1013.07619589
v -208.74039595 -51.76470689 1276.72892620
v -14.85670668 -117.39970630 1597.11146612
v -3.31016169 -114.28398813 1587.89302813
v -14.00142172 -101.18809466 1616.86171006
v -81.60897972 24.30052121 1596.13189125
v -79.55997629 33.72452534 1592.80176646
v -76.89203018 26.28111770 1579.75118233
v 71.65730994 85.50718122 1466.09020859
v -218.80308419 -50.28187643 1342.70114398
v -280.42114407 -43.20343818 986.09937673
v -291.22434750 -39.83629815 1031.92833224
v -290.40241050 -42.84398409 976.27567512
v 35.65667990 -30.26431354 1529.76756436
v 316.45621368 -29.16509503 873.17902993
v -124.06918827 70.23446735 1442.56124535
v -253.34784853 -20.23217027 960.43505286
v -107.56766445 78.43586118 1442.21941075
v -81.15040894 55.39175955 1477.70797216
v -258.89867036 42.32351309 983.85800861
v -131.46354695 49.32325136 1455.31798887
v -11.75926483 102.89084099 1602.26613682
v -217.05678282 58.49277460 1217.02745650
v -209.50117600 61.48707282 1240.77123429
v 246.22456513 63.47521765 1033.98916023
v 284.53015717 3.42128290 966.39702653
v 294.99396640 19.01655110 942.56015789
v 293.40785379 3.47625805 951.49623861
v -6.07297679 -100.86732236 1648.75492041
v -235.63830219 52.94767211 1175.89366290
v -244.48817169 48.63945679 1150.35586560
v 259.24529073 43.33470441 1258.31265528
v -239.79815294 -42.13993086 1112.77905759
v -239.80877986 -44.18485727 1128.61535018
v -262.96888043 -32.18758739 1111.34788780
v -12.20074552 19.78003024 1769.74598107
v -26.44290317 20.10831098 1773.47601822
v -214.56924682 -29.17404711 1097.95818869
v -213.30135849 -10.26089318 1068.45945876
v -204.95023881 -12.61905062 1095.80023222
v 251.94978286 94.15028072 1104.47087692
v 254.38508973 88.70303769 1053.77761481
v 246.92226569 82.78040171 1053.18715707
v 250.61758032 90.91115254 1070.10122047
v -94.53762517 -104.19745330 1327.91783369
v -171.00285284 12.41729658 1184.60499733
v -176.78882441 16.05040906 1169.97581325
v -169.71188553 21.52431278 1185.87214346
v -80.68746898 76.87839140 1663.00093031
v -67.79677712 94.00665219 1655.37054724
v -81.47477038 76.99883633 1645.08625337
v -178.65713252 60.03543828 1210.54694374
v -177.50336933 50.19041249 1196.31759739
v -187.04398314 56.52178291 1197.40407638
v 165.35011140 95.21541639 1299.38694191
v -13.82558794 58.88862830 1539.14509763
v -257.36336661 44.87476274 1093.55624911
v -240.86676507 49.36996208 1123.88074944
v 288.66477915 -3.91169538 905.45211426
v 30.43811713 55.45215957 1581.72343833
v -0.59614558 -90.90254097 1669.06052190
v 17.08792963 -81.97944440 1670.92112171
v 17.22403887 -89.23703813 1686.14376300
v 296.95403876 60.12168786 1105.04691381
v 46.88018463 17.77165807 1558.22241233
v -298.15982739 -12.55913188 1087.11524481
v -303.17154969 -2.63540509 1072.39273531
v 264.31640111 93.93895548 1081.81338159
v 158.26094620 42.33337264 1246.35399756
v 72.21277005 42.52759404 1486.89973887
v 5.22930799 -58.33520517 1732.91130678
v 33.72625673 -46.74913439 1727.95279123
v 17.29354755 -34.72035119 1742.36925556
v -65.98991093 19.72567722 1776.62367913
v -72.10644921 13.82450560 1772.14772863
v -56.44486425 11.69758066 1781.96612701
v -297.28140769 -38.19831265 1029.83094689
v -297.28114112 -40.21427196 985.45487329
v 23.08920733 76.49274762 1479.37551612
v 38.79534830 -1.07862136 1741.67170338
v 52.42612082 19.17309833 1742.20074952
v 37.02521888 21.32439235 1752.68903602
v -269.25106254 -39.83821821 992.07554383
v -273.04286386 -37.66047552 1018.90145815
v 172.67599142 40.00804751 1242.95851021
v 234.43527118 4.60748872 1288.56039395
v -29.75962525 -117.80239366 1579.84152516
v -20.60949700 -123.22767309 1578.83579359
v -24.70511356 -121.92858670 1588.16897630
v -59.56096306 -93.38198911 1552.79297425
v -54.60692221 103.53025647 1691.17597544
v -70.33805617 86.04791439 1693.37805167
v -57.75058834 102.68615255 1710.95714962
v 240.84509331 9.74568706 1233.54027856
v -102.79411167 21.40956461 1668.04727593
v -92.84283528 48.72614015 1682.22143549
v -102.37777343 30.01066158 1649.70857932
v 13.66580949 68.34291951 1574.91770510
v -28.19520358 11.90497661 1778.29003406
v -274.16856504 -25.58857556 1109.21010684
v 110.66438624 17.57295871 1449.94463925
v -290.81265453 -17.00709234 1095.77461539
v 50.21521217 64.27179799 1702.73381181
v 42.60145001 91.95041073 1714.09757098
v 46.90845155 87.89901898 1726.51594296
v 134.46239550 119.48387019 1330.33982799
v 300.79483173 22.73444743 929.26439886
v 253.46075526 89.12323433 1234.19607019
v -93.11743696 -12.33287459 1586.09198468
v -90.98616278 -10.71094367 1576.58845847
v -91.27070780 -23.69071787 1596.40018469
v 199.33506308 103.05735295 1283.35082361
v 10.44810441 17.81873858 1763.93969725
v 32.05846316 34.04094483 1762.32649578
v 8.86090025 29.77513016 1766.12727200
v 224.07206213 53.99077741 1384.75620829
v 230.19057015 66.44799611 1361.62005559
v -328.47984836 -47.05288129 749.45670786
v 297.01881036 11.77557895 1102.83341932
v -3.52625563 120.55372894 1667.78758330
v 4.11027082 118.06523002 1636.91055564
v -314.63761061 -88.48041474 764.59414245
v -315.36498200 -78.95481654 759.32974222
v 263.23116038 -3.15517913 1001.96376496
v 211.60629798 45.70217353 1407.45078407
v 150.56511834 103.36393581 1390.70099127
v 66.88358669 18.89239544 1660.95696277
v 64.93012115 36.53493079 1674.35005498
v 62.44742730 -0.90488109 1695.33425660
v 276.67945756 39.51502930 972.22008301
v 2.07882591 86.14570821 1591.19691043
v 21.49179416 81.97212541 1594.69088669
v 287.61747050 66.05246958 969.81505987
v 290.94488056 72.17472948 973.55488285
v 236.21167224 25.15998135 1082.00555996
v 246.35201078 6.44987120 1051.82153583
v 255.04991965 7.20041356 1061.31221902
v 241.79327280 12.07341887 1062.27924207
v -93.77966597 52.09490242 1654.75029083
v 31.30438737 -80.32363986 1628.95088654
v 38.20842591 -71.80919186 1628.59251909
v 32.43063296 -83.14461994 1640.91222603
v -261.19493077 -29.22111477 955.48912756
v -273.36230497 -38.02925345 952.39046688
v -274.89218613 -28.97170726 929.92092482
v 250.30399529 36.56018896 1017.77097662
v 245.37472720 24.43592876 1025.21238985
v 270.67242373 -0.18693640 993.00010863
v 255.43921350 3.79939608 999.55971680
v -96.47122702 -33.56845552 1637.50863758
v -102.77460190 -12.08209412 1650.38861192
v -98.63181687 -9.01263851 1632.88330489
v 289.98375807 68.95042972 1145.03039170
v 248.25802955 12.29354640 1006.23953771
v 59.63766762 40.35741598 1702.83212904
v 54.61062824 53.66656096 1718.16038839
v 58.79758831 34.94490600 1726.31508036
v -6.67815060 -5.65024541 1759.82166621
v 13.07595603 -19.43846458 1750.37337096
v 4.66048042 -2.07731261 1760.19529402
v 51.81739600 69.23994493 1732.87764240
v 57.39878032 46.54589654 1737.61244089
v 40.87369865 -22.99472674 1544.01276787
v 45.81342963 -11.92860206 1551.59168220
v 47.50704647 77.91372384 1665.97318481
v 7.71001272 77.82773218 1470.27341805
v 16.51853481 80.62203982 1463.92898873
v -92.31777289 -9.44570453 1716.08027180
v -90.06515371 5.94005401 1735.26005649
v -91.14912644 18.01480536 1720.34813566
v -91.22910410 58.89552467 1631.76472642
v -99.89396748 33.28323664 1637.38174029
v -67.71690552 -84.38305321 1608.66308929
v -76.08170719 -76.10094837 1613.73229361
v -77.09760650 -80.00340148 1594.28007501
v -41.94262536 -90.31273430 1681.57334485
v -99.80133812 -30.93642960 1668.03326370
v -104.41013876 -5.06517141 1668.75918118
v -81.82918835 -46.02972900 1706.59508608
v -85.39430937 -11.64697166 1745.90241250
v -89.70635196 -16.49496412 1733.62873099
v 62.48271298 -13.20454024 1714.13843539
v -54.93473996 -14.98924285 1771.81561096
v -47.31790967 -12.66333182 1772.76641812
v 61.96933932 10.35156941 1704.54749458
v 63.28407431 14.45537775 1724.29996857
v 6.43524050 75.47949199 1745.45174336
v 37.35122026 84.97792639 1736.85453804
v 16.14330870 113.73054790 1680.82953252
v 23.11035132 109.66601171 1688.17799241
v 22.06670496 107.55733035 1655.89371968
v -90.90965617 -35.17970240 1622.29637893
v -89.97115913 -19.50124721 1609.04967119
v -93.10499957 -41.26830806 1590.46354449
v -89.04772192 9.94587758 1593.67846090
v -82.38557984 5.41073613 1584.02763944
v 244.52662971 89.76096979 1093.55388344
v -67.39588905 94.49876606 1630.36220638
v -39.16212469 110.88105076 1711.73987714
v -51.26541574 102.05764061 1720.14450556
v 18.69994589 104.96276314 1616.58897246
v 25.93908351 101.50632498 1618.42960327
v 60.96226169 -12.40952435 1725.11004319
v 60.60973767 -19.68722080 1713.92206476
v 151.68780582 110.81983292 1345.28371294
v -81.73532102 52.78568315 1600.96816948
v -67.59406746 67.32538733 1594.99473243
v -73.70251422 54.43746160 1591.43267563
v -12.85421191 109.94664795 1617.24167283
v 3.93775587 110.16613487 1618.33329711
v 54.03016261 -1.68926523 1628.13586081
v 48.20706501 -45.30761752 1629.47782882
v 53.94567842 -26.09159447 1628.23172509
v 52.91611764 -30.74065235 1643.09834090
v 235.61122981 23.46708014 1063.42240753
v 240.40648340 41.62640711 1039.37798224
v 244.69634591 27.19523745 1034.56150822
v -123.94610479 -106.42670717 1292.20548634
v -132.49620462 -100.97131023 1301.71939391
v 50.56156794 -40.65142675 1671.83790677
v 43.65285783 -54.41708171 1650.47727784
v -37.63330393 -95.04466572 1608.38571902
v -23.89572377 -102.70534755 1614.77108081
v -38.20834826 -93.00264021 1616.74750447
v -87.80574291 -51.53732432 1639.80191885
v -77.05155772 -78.19117988 1626.05748417
v 62.05985207 13.93090800 1734.29627846
v 57.86553991 29.48508964 1740.59589585
v 93.87913086 7.78752381 235.56641544
v 106.08565799 -13.99322608 264.56813314
v 90.09722834 -0.34066084 268.36122947
v -306.06439291 -28.83865411 859.54276186
v 45.44327884 75.39427121 1694.29584749
v -154.15846614 42.02600377 1438.96987520
v -143.31008099 40.38075183 1450.32486026
v 164.13973713 39.66808860 93.13535564
v 162.83008928 35.70611253 106.98734352
v 122.36690140 -22.92692124 274.50444049
v 35.41802545 91.21618659 1669.51720168
v 28.49722386 102.01527164 1639.45522791
v -317.21394377 -7.64758289 850.56690444
v -328.11102496 0.67199888 849.90495216
v -316.32294368 0.78991854 859.64185283
v 161.53295799 78.59249802 284.51031496
v -332.23596499 -97.49641100 738.43119662
v 288.66253495 39.52587869 956.85597748
v -171.46321836 -69.53203570 1312.45782288
v 296.38062327 56.00295650 954.67721192
v -179.00247423 -75.37478143 1335.36987087
v 147.93117259 -123.65272769 26.18968065
v 154.30702066 79.21188568 261.81180865
v 59.68989782 4.60418047 1731.01977568
v -316.84720444 -66.79323185 786.72023097
v -150.03555151 -65.39885425 1280.53303777
v -135.65460870 -82.98572684 1273.48460555
v 46.06835899 -22.73752572 1731.20627565
v 32.64445805 -24.13477430 1740.17491991
v -162.53346383 -71.13885391 1299.98514798
v 112.95808122 -24.30794012 324.62765756
v 136.06679557 -83.39006309 45.70107212
v -349.26820330 7.21080937 886.36023657
v -336.15151703 13.29681053 882.61281999
v -147.44292753 -71.81897612 1368.08502425
v -70.08659415 -3.36560675 1762.04870774
v -61.60716002 -2.18029838 1773.53018155
v -332.24141786 -29.24276240 933.16008360
v -135.53043654 -53.40528574 1402.23072039
v -157.54363927 -52.92385946 1403.56755782
v -319.57686318 10.72045948 1026.47589122
v -75.84318076 -37.43208121 1741.73179290
v 140.42413939 -71.73172709 52.36341077
v -32.85871004 -1.87547565 1770.05833660
v -39.39745999 16.61380695 1782.98432507
v -307.61508558 -26.95160153 1043.63082335
v 53.51723889 55.50976084 1744.82304231
v 52.97039320 32.72398312 1751.78862151
v 80.79482211 32.61693208 258.51530101
v 123.80312948 -9.03945651 107.16187097
v 125.12936159 -16.34470505 89.29249907
v -369.26912541 -73.32273153 790.01838739
v 8.49449214 90.38276369 1077.19988068
v -202.19757499 -17.20428584 1408.86926368
v 22.84669869 6.79964172 1753.36073868
v 135.21123312 81.09168986 178.34284894
v 124.42792780 82.95069430 161.68408462
v 77.07052236 15.19673079 285.76078098
v 78.03197338 28.84762230 277.04821688
v -325.95570363 -48.11934677 865.02643289
v -326.42488215 -49.69118782 835.44063922
v 43.24787234 -41.74550587 1722.68092839
v 54.17311448 -21.96233599 1723.18617468
v -264.38147491 -35.22567743 965.35174200
v 286.02069282 -4.86972962 992.95446268
v -85.40900456 68.43695989 1681.88715110
v 271.89024798 3.39547692 986.55470570
v 117.55739728 -6.74776979 164.06344389
v 125.29340008 -7.96979828 168.37400151
v -370.40378771 1.43578108 773.28616297
v -373.78507726 -6.00672379 755.86445232
v -162.07227309 38.46352035 1224.69313738
v 249.48097230 4.29274054 1013.38527188
v 101.97689081 52.43752686 169.62118429
v -102.86256149 11.02717018 1638.20936045
v -99.83417208 23.84927718 1623.03298309
v 251.12981430 4.11390326 1034.51154313
v 258.56191984 0.46168751 1036.75767920
v -387.59268194 -13.72330598 757.22988711
v -161.79431213 50.72401694 1247.10146085
v -162.11702420 59.49978468 1257.65711135
v -100.88893823 2.93703795 1615.55931471
v -101.80355395 11.09875188 1624.81781912
v -103.84303627 10.79827738 1610.89624496
v -154.27814289 43.76621301 1230.49856458
v -161.64798996 43.84856592 1236.41283311
v 238.82871035 13.64808236 1052.31722398
v 17.87854498 44.81462634 1762.58670169
v -101.27376037 -109.18664141 1317.51867581
v -108.08677004 -114.24427626 1296.61764165
v -318.10718050 -45.52519971 888.98016090
v -320.01302339 -14.40814906 801.43453325
v 244.72412123 13.10386122 1035.29112772
v -76.54483057 83.71854971 1674.64012191
v -14.52776022 9.71897475 1770.58273961
v 243.13215226 12.52885636 1017.07835736
v 226.99708135 -30.87354178 19.59766014
v 226.65919547 -62.07250905 26.00236735
v 98.59785746 14.73555216 198.50081789
v 104.46721173 11.48373917 181.01835832
v -62.04908588 94.06886245 1719.24902699
v 162.09402685 1.09413835 211.56252918
v 163.25928440 4.16753025 192.12219901
v -24.25132536 -63.56669771 1734.25434172
v -20.38409784 -42.87098614 1748.96563241
v -150.03327174 -87.63945338 1309.30048022
v -353.56445564 -5.93189159 762.89942649
v -359.25953875 -8.04302702 751.86542741
v 95.00203064 88.40474740 397.70084225
v 94.72180007 79.31821510 429.45169108
v 102.41713023 85.86715502 419.43254542
v -63.94848723 67.11354297 1751.97184817
v 132.53303581 98.83763441 346.45673508
v -16.08560804 -28.62664374 1754.68504629
v 78.10586774 79.74671152 363.23857166
v 71.34243897 71.64513289 352.08956027
v 73.41678366 70.38237524 386.94113896
v 239.40133322 70.43465080 1051.20019729
v -336.75820551 -90.89756626 772.17811632
v 226.64238735 61.12371104 1072.30767703
v -162.43909053 -55.42639908 1282.02714539
v 100.74091967 -3.27026652 7.68041076
v 103.75950046 12.44853440 4.65924085
v 236.00607240 20.45783814 1069.37711675
v 89.61305947 89.25601566 372.11931899
v 89.94646963 89.13120454 352.22124723
v -378.27247649 -72.33435394 782.69631261
v -373.72879365 -84.50570722 775.54557101
v -112.69007659 -45.25816440 1415.56610082
v 45.62283499 33.99471317 1756.98368007
v -123.85306522 -59.85016181 1389.46856652
v -147.69318211 -61.74898231 1390.72288186
v -91.79595040 28.62003393 1726.26934718
v -93.73071641 27.10226552 1736.17354122
v 106.19568280 72.93567763 128.92870821
v -325.79384075 -65.18294016 749.78278846
v -327.80104994 -61.69372306 753.80354404
v -199.61006608 -44.02757736 1180.18984653
v -194.83221039 -25.74225146 1157.74348932
v -192.95564562 -41.26149953 1195.32515299
v -88.05210874 8.27297075 1744.94742711
v -217.58779854 -49.74100680 1172.47247266
v 83.11325394 40.25082167 256.01758132
v 109.93655905 84.71570660 111.67713547
v 106.30913983 76.10350545 139.38059773
v -342.06241752 -23.48692512 737.11330780
v -58.04552503 83.25367423 1733.77428789
v -187.12234782 -10.33437451 1163.68363636
v -186.24881985 -23.06632724 1187.30553994
v -56.36188060 -78.87180308 1685.82071712
v -113.88206089 -52.40675972 1399.36527496
v -345.42010813 2.95182525 928.98268626
v -353.54279586 2.21881943 896.19374535
v -90.72654091 -47.94397444 1662.01400510
v -79.62518233 -64.87345347 1662.31827042
v -97.38075022 -53.24029876 1415.57366658
v -87.74823575 -32.99889809 1704.01393833
v 192.23248714 35.01281967 352.18897146
v 188.49409089 53.42123384 331.14200775
v 191.27309139 26.70834718 357.51394061
v -129.68460998 -76.37814377 1358.86351958
v -221.75859258 -19.41241705 1369.27013809
v -211.65633205 -20.33777233 1393.70736481
v -370.42408547 -6.53452530 843.42954330
v -362.27002533 -5.17126711 865.70650069
v -359.51049244 -1.05517589 856.26972310
v 254.49384241 84.43730868 1260.68955678
v 128.43535063 -3.87104308 151.94054926
v 242.85537898 94.55086652 1265.29087366
v -203.09359718 -34.43956526 1400.03737332
v 247.08114132 84.04436149 1286.71507224
v 44.44933887 45.01249014 1757.09090671
v 47.15174604 61.53330645 1747.75176200
v -200.69338875 -5.57732448 1411.49817856
v 238.67558964 92.34629843 1286.78248227
v -382.58105407 -13.37190608 807.49239903
v -389.52127086 -21.70689852 794.14469166
v 232.22283880 82.88792880 1315.76715495
v 162.00653671 -9.40744612 242.53847257
v 171.42032406 4.47753148 229.71942405
v 169.43537864 -6.20845644 260.27625068
v 46.17091603 78.07431781 1736.96923375
v 238.54369245 66.26554576 1331.61402187
v 137.88222264 -24.64573491 297.11705834
v 132.51144411 -26.99771595 283.79028367
v 152.31567366 -21.13937648 289.42609335
v 226.52764545 77.40599705 1343.79576885
v -214.53724909 -6.74871759 1396.95357925
v -266.15186366 15.13369504 936.10641198
v 142.34774493 80.49591194 208.64145036
v 161.77141599 64.65681058 208.22447254
v 150.48042584 74.76473357 200.32742030
v 173.83686699 54.97554333 32.28687577
v 165.40131405 85.22485138 22.59508495
v 152.07062816 68.65151937 169.73918942
v -172.27777702 -51.43174061 1280.64767022
v -254.35243467 31.94073509 969.77682748
v 144.02483209 65.06905725 475.06498448
v -62.12076829 -69.80552212 1716.61256282
v -207.19129305 -50.72623651 1205.81586774
v -93.95856257 29.33222209 1706.82877372
v 164.06708244 58.09321264 447.90571732
v 159.98653180 75.00247522 420.47788573
v 36.36098335 -69.83470282 1693.85198851
v 35.41313574 -65.48849202 1702.17196667
v -73.72998950 -19.33970273 1444.90285181
v -317.85534520 28.68331135 932.18494612
v -314.26264554 34.62022317 955.63479872
v 20.98612995 -84.24879228 1694.30795764
v -5.92611064 -95.15814143 1692.77257236
v 216.46701517 -3.85937995 6.23342554
v 226.71018073 -22.01914172 10.24847368
v 229.66744450 -37.81217072 6.83895373
v -16.87377287 -95.37935068 1671.04471563
v -309.07524569 38.20811876 977.24099894
v -300.99854368 38.57882773 962.72585308
v 166.44790761 -25.37591676 384.37803746
v 176.91801077 -15.06428234 380.23109454
v 168.86755034 -19.62860181 413.81854867
v -35.42493045 -96.04127857 1666.03907841
v 170.07157762 -14.84761202 308.03366102
v 178.31040443 -5.68580057 305.37980651
v 175.67626059 -12.26773156 335.66230097
v -83.61103279 13.18075377 1754.82115539
v -271.31522561 -18.91408644 1128.23849745
v -278.72872614 4.08669194 1134.97972907
v -163.35309251 -63.65247412 1385.27091658
v 23.72284950 -37.44135883 1491.53807688
v 35.84669644 -31.04868488 1487.47408194
v -356.12324095 0.99244245 867.87807296
v -62.76590462 -25.25731272 1755.78845897
v -271.01977819 6.70020604 1153.83050268
v -55.53192338 -31.45061398 1755.37308584
v -351.20941569 2.71437931 792.19201576
v 83.19021208 6.86490129 275.96537314
v 80.48400580 0.54992173 304.14226936
v 107.33349663 79.42854072 98.23020485
v 104.04549358 80.76183028 73.06532109
v 118.85807700 87.09418679 129.24555457
v 61.44187450 21.33585282 344.89128535
v 63.20244324 24.61199512 326.05469093
v -179.73511225 -71.95684265 1366.91207967
v -164.53597431 -71.25758801 1359.37568472
v -221.75908326 -36.48525131 1098.29366618
v -223.69697394 -43.41233452 1120.08816314
v 208.15699293 57.66593529 1160.66690960
v 14.53328022 -9.98179272 1754.83740093
v 62.58813637 14.49597370 1478.24210135
v -226.85064948 -48.10446520 1136.93121038
v -192.94158454 -16.91958294 1141.81878983
v -324.83988187 -53.11742525 816.41096053
v 67.91994566 30.11172491 304.61575105
v 76.60605984 45.12444286 286.76891042
v 128.64943655 -132.53306092 7.20641599
v 55.53920586 -9.16288115 1730.19529376
v 104.32647874 43.54000292 4.16012088
v 112.34598238 28.24782548 4.50198405
v -201.09427501 -17.16679894 1120.52389555
v 40.15953776 95.89948262 1721.50647750
v 37.45151142 93.94717617 1728.70821984
v -390.36670149 -60.35591380 759.95655242
v 32.49811075 105.21208092 1710.36385442
v 33.89061397 103.94922343 1701.29874958
v 100.15834709 43.34477886 94.43292169
v 106.72673057 59.73842665 104.84467710
v 32.25814303 97.94277308 1681.17345225
v -360.26492964 -99.79496250 755.24648140
v 170.41516488 70.58501349 278.24241321
v 175.00470378 72.75413644 298.26442705
v 188.99548959 30.71202692 300.21094698
v 185.70746291 38.14331562 281.04809675
v 191.66476316 41.16421216 330.07793214
v 146.35586286 108.96894975 1363.05544937
v -194.50813040 -72.20940594 1321.83565406
v -37.07749157 -38.21128346 1752.79679108
v 124.63607397 119.60925099 1349.52752417
v -285.33287749 -1.14086771 892.83971213
v -282.15295880 -7.41450592 896.87946221
v -44.84348437 -23.43009518 1764.36855969
v -32.82390178 -28.07100102 1758.28237638
v 142.95142090 97.48657521 1411.41229842
v 185.93274257 34.28152780 29.36326240
v 178.86096966 58.16217395 16.49023760
v -173.68696073 -74.98814072 1326.02343706
v -310.66936702 16.98450665 888.04981627
v 76.02988576 57.11409293 440.59795942
v 66.38914795 44.03495870 422.59511458
v 89.53907028 73.63681503 439.28586645
v 90.02504470 65.63165288 458.02542908
v -23.41725647 114.82699959 1695.05519516
v 150.05481851 53.04813828 503.13608654
v 164.47906259 44.00216727 492.34852003
v -257.95389484 49.85556927 1029.85567734
v -56.97762037 -91.29928399 1615.60164148
v -86.17764071 -17.58892973 1569.15465572
v -82.08485330 -2.92770931 1575.76507984
v 172.89206975 71.66935551 18.60170156
v 157.23286805 54.87759593 472.98366227
v -42.66431308 87.06189625 1739.29205590
v -324.01662638 20.74076985 1005.75725510
v -310.23847925 23.97245763 1036.37079549
v -22.47281309 -104.50887030 1628.01957623
v -67.41442971 52.48212213 1760.07115475
v -53.67479742 63.71217611 1759.44794348
v -66.38558669 -88.21275742 1576.83447079
v -72.27793945 -80.94798720 1557.84412344
v -92.75665850 -19.61729384 1624.62232436
v 83.51717820 61.89768531 556.63027257
v -282.34925557 -37.29116450 1053.59432028
v 59.20925123 -12.07781228 1645.16833366
v -84.69351727 -57.35694993 1616.12796672
v 34.19631283 -75.04148672 1685.70990015
v 167.36391406 -4.40044540 73.18544351
v 164.47873168 11.22723839 78.79892925
v 74.14464652 63.70800719 581.39695149
v -88.71768161 -42.69818502 1573.23429921
v -237.46434562 -30.24192938 1070.80429250
v -250.57852472 -29.11551539 1081.43582569
v 55.08325083 -16.33605976 1626.18588258
v 64.27595870 14.59071219 1640.39253237
v 89.04731039 42.52534831 221.54261211
v 93.51268133 48.03605654 213.00314156
v -179.67394682 32.55546454 1167.97351151
v -51.13792466 110.19280349 1666.50298367
v 56.50856388 -34.71917314 1597.49564687
v 55.42656906 -25.04913909 1588.52404007
v -317.37102595 -14.31145957 840.37141166
v 67.11008935 100.29336939 1052.41436760
v 100.95869794 11.23595975 20.44959132
v 100.91248698 38.56541530 34.30739503
v 101.91584262 26.14971482 21.81845356
v 46.88202194 -61.08475742 1599.11294586
v 46.09158036 -55.11952268 1621.11115435
v 95.02248176 26.39408576 199.36988797
v -327.02994749 -33.25284313 750.34930758
v 9.12501216 118.09728621 1661.17310583
v -362.44677628 1.46595564 768.57712288
v -78.44932728 79.69903217 1628.67419572
v 159.70687722 -28.81358766 426.76413103
v 97.41110639 71.31345782 269.98125027
v 107.21752165 81.65697698 279.72885670
v -185.06978994 33.92452098 1143.48370625
v -58.45838235 102.20415108 1643.34327011
v -312.19099200 -73.43075044 775.47998931
v 48.21909500 45.62367585 1599.29323439
v 111.60799744 98.60192248 68.46209986
v 105.63073100 91.05568435 67.51522284
v 151.16737572 -33.91568746 408.04420871
v 159.28181874 -34.35348871 448.85369467
v -42.58205561 111.87077467 1646.57106159
v -50.63983876 102.51980090 1625.22530275
v -220.82200948 45.59553324 1065.76326962
v -217.90235673 41.53286271 1051.66042111
v -228.35323735 48.76669057 1046.02031219
v -79.51998652 11.51257539 1567.55839743
v -18.15311722 117.09481111 1641.06866102
v -323.75390689 -73.79962730 737.94423397
v -315.88819787 -83.80485837 731.09690071
v -36.36246821 104.17485905 1620.46321573
v -317.22188304 -81.32022033 778.75052447
v 61.23695851 38.26962942 1692.38256369
v 156.35871467 -27.99885550 338.39436234
v 140.47498509 -25.87579511 321.97212895
v 88.55013475 128.63426882 1305.95305867
v -235.71771679 42.49297022 1011.32989744
v -226.47368102 41.27922586 1023.45939155
v 212.90960936 -31.05671528 35.14016896
v 139.39705370 -35.66753429 352.82500415
v 134.58294540 -32.71824821 339.91856882
v 50.91917910 -33.23189804 1716.63034707
v -266.01388067 31.47943348 957.44646341
v -282.50274089 41.35093664 974.49788312
v -73.02112228 17.46093296 1556.63494532
v -47.31326494 40.46393076 1773.80273337
v -59.06185213 39.81977410 1768.67576922
v -266.58170242 29.98755199 1131.19882129
v 22.02483414 72.67136871 1582.74593826
v 34.28650591 68.55179767 1590.55686266
v -48.47480073 19.43356581 1783.73322101
v 174.48814236 -77.60920961 41.55235619
v 149.52294104 -90.80554605 42.27722028
v 104.24947368 69.43385198 561.54943066
v 105.00433749 65.75436561 544.81468953
v -40.30862873 31.91214135 1782.02477505
v -38.18913956 46.18019493 1769.01476304
v -323.85400812 -35.18173747 936.95480797
v -317.47761014 -38.78136953 935.48708937
v -26.91110983 42.41880921 1767.30654086
v 43.67009548 -43.06145394 1566.97614359
v -93.14738129 -4.19755467 1588.15975478
v 60.75907054 -7.39161703 442.26995989
v 68.60102316 -20.78185156 442.57882584
v 65.90408843 -19.86673535 460.13613502
v -230.40660773 -10.07187693 1018.04770694
v -241.86979976 -21.97027240 1028.51018340
v -92.69054569 1.91772330 1589.36585451
v 51.87844901 -10.48142739 1589.94622854
v 51.84845711 -15.05013682 1579.51809378
v 166.34567927 -35.63965912 1391.34480213
v 52.38422971 -12.12151574 477.75671938
v 57.98192655 -6.29977234 458.32316351
v -89.16239040 18.40312116 1603.24150865
v -89.46203165 26.33351555 1611.01061798
v -197.00584812 2.35873151 1081.44604471
v -196.44232647 13.81276265 1078.86580943
v -99.32198634 34.05397948 1623.57309108
v -90.64693204 45.25738110 1611.38919905
v 49.03368466 5.01517155 1575.05822206
v 47.76527969 17.79199484 1584.93769247
v 17.36414041 110.75692789 1633.78267126
v 100.08795684 -27.35512081 386.74017311
v 148.01926231 -54.47263676 61.37273423
v 84.65375331 -14.16377885 368.54281455
v 111.60436136 -29.04840875 358.39576973
v 57.71002884 58.81098125 1630.09513613
v 47.12570750 79.71161479 1640.73448102
v -223.81292136 12.88237856 1007.34885396
v -218.34958451 25.77617013 1023.20577955
v -209.89200006 14.56572752 1041.28989528
v -73.91454807 70.71791875 1608.46886525
v -194.96864755 56.67672542 1182.60658717
v -218.06885441 56.98690789 1191.13502370
v -66.64424627 91.67409221 1623.21544132
v -40.93274562 -102.88652886 1634.48014116
v -39.92959197 -104.49163386 1641.11921645
v 12.13972795 -88.09093931 1660.46096253
v -231.56529793 52.17134924 1211.36066107
v 11.64505097 92.58419736 1600.50514309
v -210.50639848 51.33981296 1138.00405741
v -190.16378760 43.73305649 1152.56686754
v 0.36741877 -89.15572798 1623.03411439
v 96.91406216 2.32053945 66.25675454
v -98.09038369 11.33144823 1598.55190549
v -13.69640434 -99.53529905 1626.54030661
v -227.71740790 50.59622758 1104.10954110
v -36.83123021 -96.91355668 1623.32840701
v -34.49080942 81.14475760 1744.28418052
v 67.98338824 -7.68676867 423.05480651
v 61.79521424 1.41516480 430.93651380
v 55.70329453 8.26814011 1589.38562587
v 50.16993777 -12.08565100 1563.64722750
v 116.80212235 -93.08020104 7.52734303
v 111.68564067 -22.70428585 69.63589458
v 62.67197898 29.70806224 418.38409420
v -45.40499939 56.68108651 1763.65914515
v 9.21786769 115.00282026 1692.63078626
v -84.20278668 -26.41936937 1562.61988049
v -82.98713924 -9.04909021 1561.45129013
v -97.96550966 19.66655743 1613.12072016
v -169.55413288 54.45582866 1255.75240087
v -170.54540678 58.03971191 1241.57978090
v 165.18400607 30.44035220 148.10851621
v 164.54506670 12.05213005 167.20393563
v -72.66314787 41.50040267 1583.85361081
v -205.41198565 61.42666464 1258.62326144
v -187.44189626 64.63713349 1247.57750311
v -64.62924614 55.24494699 1586.12383643
v -89.02042932 -39.97076494 1686.30900692
v -287.21409433 -36.45554199 915.79673294
v -300.63657685 -41.58803520 904.02199403
v -34.30182296 116.07915404 1677.90502544
v -182.08904103 43.84892996 1171.86259352
v 50.00352716 -26.28444209 1563.77621910
v -38.64357113 112.19754477 1694.52105181
v 50.16995991 -39.64523142 1578.89844145
v 163.65567817 84.81848642 839.54453114
v 153.14287105 95.73342987 851.24730413
v 224.04182980 -110.00523547 22.65078034
v 235.43684892 -62.32119143 10.80529668
v 37.13311618 -73.88361286 1573.60278836
v -59.86113333 103.45420649 1670.21201871
v -244.76558752 23.85409599 971.51999412
v -234.80289285 10.54889705 978.65346425
v 111.25221751 106.66524901 47.22260397
v -255.28528436 17.62990523 949.99476641
v -260.79825710 25.60310800 950.40117637
v -223.92244859 46.11374763 1083.22232833
v -24.04610462 -110.80146833 1602.59856202
v 128.14092178 -52.49068983 442.58580256
v 137.60490135 -44.59786245 436.56613758
v 150.87828911 -41.22482038 450.76824181
v 182.26457800 19.48955340 45.96452927
v 172.53485566 41.58826398 44.69193595
v -13.49975760 -122.47481456 1587.30779511
v 91.93868711 -32.39085216 428.23572483
v -2.14563232 -109.44458014 1578.72602198
v -86.03112803 65.36863411 1621.41775107
v -52.87848252 -92.40003648 1606.16525378
v -24.73077942 -106.09223793 1639.82146316
v -268.40173385 36.15188763 1096.57053153
v -260.50326960 37.63260902 1132.14526592
v -40.03821534 -103.31619218 1583.68737391
v -55.83698473 -98.47338746 1630.53453101
v -38.67959017 -105.07700574 1568.52875678
v -53.61845137 -98.92485748 1560.75370066
v -56.44379383 -94.71652670 1583.95709248
v -65.99836318 -89.03980137 1594.05585448
v -95.69372649 -36.41925883 1653.56723071
v 33.67975414 -68.55522134 1659.59320953
v 39.03825286 -74.32674847 1640.54548090
v -46.32067359 31.49166571 1782.56191268
v -228.95004557 -47.49788201 1154.40045744
v 31.00882381 -71.43693729 1671.21137825
v 132.17767108 -90.16865753 38.06462214
v -85.65689135 -44.07556519 1558.28925365
v -77.75016851 -31.78911309 1544.47850317
v -70.31447862 -33.79307021 1531.09475662
v 135.61558704 -6.66234642 176.37419064
v 152.35246544 -2.91019146 185.60935357
v 139.29647374 -8.49855447 201.65183715
v 108.74467993 -11.57584168 236.55410353
v 156.97969692 6.53068589 141.80080916
v -327.64582467 -4.40404253 839.39080015
v -298.04631396 -13.30695333 873.38605196
v 178.08538305 -155.37673399 16.15369459
v 192.80488805 -139.25192163 22.06356756
v -325.67144677 -72.91940425 791.11827132
v -323.64286838 -92.59815948 769.35749324
v -340.80083405 -89.72001499 743.00620298
v 162.45895085 71.38385366 241.32967134
v -331.67825535 5.07604398 859.89390876
v -341.13895858 3.40538112 854.81021128
v -314.67394849 8.76864242 871.83368535
v 70.50015826 11.41840503 313.35144190
v -299.11250615 12.02963423 886.96436427
v -288.10551284 12.77754553 904.18344458
v 170.36001170 29.43039141 64.46834079
v 133.33231556 80.00076777 90.72127878
v 134.80460169 74.60818592 104.72886367
v -335.64236216 -56.09985374 822.03515290
v -334.47027482 -50.88156916 854.97047919
v -378.17469095 -77.34967771 769.47636687
v 67.31689850 45.02585205 311.06750630
v -392.48095818 -32.46378195 788.58414226
v 101.34934759 20.98711065 166.42470032
v 118.90300414 82.33908860 163.13016793
v 110.02905787 76.92956353 180.91865062
v -387.31145765 -47.33091229 751.17846488
v -379.26001442 -52.17249249 742.14888221
v 117.70528781 90.03612169 416.24162788
v 143.42512182 -16.06057047 225.72755477
v 124.32266663 -9.67941646 198.09646578
v -7.75785465 -101.41383893 1638.44218526
v 82.13969475 79.97409095 318.27273420
v -371.82372671 -55.97642191 803.20927647
v 132.10720851 83.40009195 257.18500969
v -339.44468413 -32.38450022 726.88635178
v -331.63636776 -38.75220467 728.48088480
v -358.25967768 -4.51145767 890.94737554
v -361.23917376 -14.50201479 870.87123619
v 194.87447787 22.18975518 5.55896857
v 194.55268913 -156.27436652 9.75822071
v -371.34274708 -14.38788306 845.74704903
v 161.08500808 -15.62057935 272.13471828
v -387.75103700 -31.10106423 795.91836656
v 168.58418815 45.21119615 179.61408605
v -316.76925688 33.61550848 972.12532473
v 177.24938191 -10.22330154 407.76171564
v -53.55672920 74.58755127 1751.67090837
v 188.18029822 43.42745494 8.93655169
v 192.40622306 28.67930038 9.22550934
v 184.22270376 43.72017602 5.58516981
v -285.64541809 46.36290899 991.48328018
v -70.95488801 30.63750318 1767.38673932
v -324.94950728 -81.65458759 721.35477531
v -333.26042171 -77.67929009 726.09457605
v 45.13051082 -51.94413271 1705.66523907
v -32.45223079 35.36263031 1772.25793639
v -332.47320117 -82.78971231 713.68434364
v 113.06267667 109.66825309 23.89013294
v -360.46152554 3.67177255 788.96837472
v -340.58299310 -84.54702176 704.21686571
v 20.53089558 110.96199895 1704.63025137
v -355.66207217 -63.70224858 714.30481918
v -341.36411404 -51.30295044 718.37001279
v -341.69096214 -65.24989081 715.39242573
v 154.96641227 67.93891952 152.48095556
v -388.22921230 -64.99659457 777.66037184
v -386.12431703 -67.80956116 766.02823382
v 184.36293098 59.97044005 306.28257462
v -352.27191718 -98.67009346 731.61627993
v 94.19709306 20.91057660 94.42852405
v 94.06778617 14.27219355 73.43078250
v -302.70480921 0.88174150 875.30160960
v 77.70390411 63.92972592 424.10326908
v 17.72916653 -68.17489899 1714.91286345
v 151.22814287 89.14244891 7.06370871
v 145.61192021 103.96801825 22.96058063
v 189.66992704 2.59815742 45.92519143
v 2.57405928 -93.77145418 1685.74731722
v 198.97067444 15.55064395 24.81833968
v -311.11566730 6.41598719 1051.04904085
v -263.65015623 -29.71205380 1078.29312117
v 67.04961058 69.39482958 637.33325916
v 56.07948734 59.72607579 625.16068358
v 166.92693003 35.85532470 82.02750314
v -250.67388590 -25.88875314 1033.37264944
v 104.68640393 74.03391349 3.66831561
v -199.11414134 32.20068827 1094.53889453
v -209.58928873 40.65085628 1083.67768154
v -193.58847825 22.65806654 1108.46101427
v 126.50725682 -54.11517401 452.29518925
v 213.32118308 4.02988271 9.36923089
v 152.84402122 -32.24976577 394.73392829
v 224.30060937 -33.14692869 25.50449947
v -284.10987911 22.83533110 922.97003184
v -275.66735449 25.39355807 938.92964502
v 47.96229118 -1.60792049 481.43513948
v 124.54467161 90.61989945 91.54672180
v -200.04597692 10.87577715 1067.76951187
v -234.63923584 2.09752236 981.89344605
v 95.34334028 -15.88454413 325.48632030
v 80.07607363 -7.68357137 339.07839941
v -225.25578748 55.01084999 1162.57800725
v 161.44484341 25.51154242 112.63816949
v -209.78998137 47.57530010 1115.96919436
v -224.79544992 50.43969785 1127.55069423
v 100.57642738 -9.96798883 57.39734407
v 97.58982129 23.41136434 72.12279707
v 115.73607165 -12.07620926 92.81472106
v -176.58815432 61.69030755 1240.24998630
v -94.98991127 3.09918178 1598.92185125
v 170.70612269 33.56955412 166.32538541
v 141.67330727 -1.98295534 142.26162221
v 149.21694264 -0.90291342 165.13621674
v -278.57744701 42.89870431 1067.13678685
v -291.35326802 17.28576222 1082.10794562
v -301.41801541 5.40017492 1075.78309982
v -183.24000335 50.03125343 1182.25076767
v 109.80256845 -0.04844482 158.26329952
v 101.76119765 24.20795672 143.17246322
v 97.84343660 21.79235332 108.35930467
v -181.97063179 3.41944970 1164.41993908
v 121.18353404 -71.25505664 30.62791236
v 163.10153853 -109.09112079 34.73073456
v 147.90826618 -108.92113465 34.15144187
v -93.72612215 -11.18558349 1613.37170656
v -165.26250106 50.61914317 1244.26232947
v -120.80668025 73.77260035 1025.55833450
v -39.41130403 -69.80119733 1411.01516392
v -39.99021556 -63.58681224 1423.80993940
v -386.61350137 -24.98718829 747.92256952
v -323.89061251 -7.49256033 780.87294442
v -238.72266680 -13.00118594 1270.64921586
v -132.53552367 66.90119326 1012.63130867
v -277.48873035 3.45482414 910.65961595
v -316.02045536 -83.58238946 750.99572016
v -302.31698954 33.26062334 942.09290849
v -81.49357964 84.13793941 1052.05153866
v -101.71289151 70.18490787 1065.14628335
v -292.02577377 36.64410641 954.75990972
v -57.25595958 -38.44600202 1487.81340606
v -278.17803063 15.82634547 1125.29328135
v -5.93964352 -54.30220206 1429.05537149
v 3.36584012 -55.53761207 1427.48319582
v -275.76062608 -36.88221623 1046.56276834
v -240.50365496 -20.22170974 1007.69345510
v -264.17519819 50.02297838 1023.27940494
v -336.36252384 -20.83092299 943.17744069
v -318.54419029 -92.10411682 710.69694940
v -337.32166663 -1.76938096 958.45937972
v -235.34929603 51.93311568 1150.40842893
v -254.79270709 -35.13396042 1102.08888809
v -353.33946197 -92.47581110 718.00043570
v -369.32909061 -93.14170195 733.22864522
v -376.25168172 -61.36652128 732.43138413
v -362.17327121 -59.95106374 718.86912629
v -382.89398829 -77.24002207 754.21674013
v -340.88961844 -97.59750473 725.82984503
v -348.64566346 -44.83976332 723.08130245
v 60.89891580 88.61296674 1092.64022392
v -283.65602758 -2.05407423 1122.71992926
v 135.85118184 60.64002875 510.74922678
v 105.73947535 71.84218221 581.73159706
v 78.84478355 54.17023814 495.78953549
v -109.90299520 59.60647828 1079.22602159
v -130.66980769 94.94717188 966.88776064
v -69.24908954 89.75185322 1036.99941477
v 10.05387631 -53.12351215 1439.42397861
v 131.41544463 -23.91419794 269.52456596
v 151.92091066 31.40290110 1196.54818725
v 151.72566501 -4.92538458 202.83828615
v 175.26045534 17.44986238 230.65324557
v -64.28378403 95.82930887 1020.55495449
v -340.67537358 -10.77500741 937.16263486
v -344.92980067 -11.84164655 923.72789887
v 90.05833250 95.85296092 1035.74970712
v 68.68304701 110.01789528 1191.40224261
v -362.70171112 -76.90515791 721.53922785
v 118.92339601 98.47634031 363.70802985
v 119.98486202 96.49475414 390.45791968
v 168.11112275 69.48589256 413.06045104
v 168.98190317 77.59948964 389.63394289
v -323.37325952 -13.72236402 773.27874322
v -239.99231417 -58.09197362 11.91642100
v 168.80922417 23.25523293 71.15208793
v 100.05922768 -2.14331383 244.50145137
v 90.00793350 24.61693272 215.74383168
v 92.82894914 14.22514785 212.24487786
v 90.01312475 12.86758537 237.63932916
v -351.06732030 -97.50834133 723.90983598
v -103.92145483 18.27768882 133.47873381
v -101.39560661 29.01220751 124.93179289
v -324.57399017 -93.75655858 703.05228135
v 151.46381058 78.14016671 230.48997003
v 180.72416980 39.14793667 246.66703327
v 151.55680262 -69.16440329 52.25090301
v 60.31190259 20.07967162 371.60392603
v 65.99277738 61.42078459 371.59760534
v 139.78816086 -20.56305921 80.32951452
v 81.15545503 39.78163904 268.90505164
v 103.31584842 68.09354637 198.68793928
v 101.13957099 31.80339132 160.94527824
v -366.53472371 -50.05749871 733.76057025
v 109.10294430 74.93401879 155.73532052
v 133.49659020 84.85465269 429.01179419
v 153.08025743 -12.96161193 232.69065841
v 121.86115122 98.61965388 343.73582277
v -316.98859939 -23.39429423 773.61022635
v -316.66266439 -14.89700527 779.77706077
v 61.83842216 45.02648642 393.92042596
v -317.04860020 -28.62231993 790.49791853
v 103.42028498 94.94047354 368.78653303
v 103.69094066 95.17121060 346.08139031
v 87.38730482 47.45233683 265.35196231
v 110.89701035 83.44815125 139.21439816
v -117.80590874 105.97775146 947.05378933
v 145.26296058 80.99586084 241.77378455
v 92.85685160 63.61683412 266.95292615
v 100.74223667 30.46298340 108.55200165
v 193.03368217 30.65864875 330.86482359
v -111.41170437 -5.69018530 49.66479004
v -117.21450038 -19.19936260 45.01616797
v -116.24908115 -22.18456335 28.07253960
v 178.41443723 74.24503507 349.79006086
v 150.24749480 -17.95423164 255.94359810
v 147.05062577 -0.26001521 128.99339238
v 149.27745159 -21.63307836 275.19600322
v 179.22100741 4.77397129 272.41370309
v -159.38224403 -130.81713201 8.23431174
v -141.46384740 -91.19705959 3.49712657
v -145.87856336 -105.88842116 7.18551081
v 160.57809640 -28.57365234 361.65734638
v 169.00359569 -21.66869614 349.44045063
v 159.13241557 -28.20532189 408.24387168
v -140.20063575 -32.21387555 64.66483290
v -135.66312962 -27.13624693 66.53532098
v -140.93840657 -23.51392917 76.41713596
v 184.54479299 50.60602823 290.13374440
v 184.83505977 29.78140150 270.47183536
v -99.43407226 77.62682009 15.04206713
v -102.83129027 90.63480969 19.09189628
v -103.27730890 70.12993838 62.12875630
v 61.19389807 30.05427574 382.95422808
v 166.26096190 75.57839049 8.05903329
v -3.92034259 -43.33926170 1446.70406443
v -100.32544326 29.96269028 60.61592134
v -102.84854757 43.49439031 41.96285084
v -99.70206429 36.87113302 73.91347065
v 150.47896593 73.50374481 4.30877347
v 166.44735571 45.80503279 462.93618421
v 184.72976669 16.23171360 410.11883630
v 180.40400574 10.33229772 431.86888652
v -133.26060508 -13.53923445 105.14981473
v -139.96209577 -8.81011237 126.79942043
v -143.53514803 -14.71014731 93.24717929
v 54.00520381 44.31088896 548.47196627
v 80.46731704 70.38413767 603.06612589
v 81.98054063 -26.94490047 429.93187599
v 84.46206772 65.71417660 285.42503373
v -172.44521835 -135.92479110 16.86741781
v -172.44583932 -145.47740157 7.52088730
v 128.60617581 -43.71759580 428.74577511
v -139.03167508 101.41908121 3.89315859
v -155.99254790 92.86175801 0.43468889
v -152.95891812 99.86638861 21.46020293
v 161.96921870 -22.56434070 325.96865135
v 128.57780423 -34.59840567 355.38250387
v 50.55639617 7.13721966 473.62148840
v 45.25343754 28.79739106 529.01874108
v 54.53771448 39.50986965 524.05134699
v 84.90703092 -34.48973061 454.19339269
v 155.42355646 -11.99194966 77.47110840
v 111.37875542 -28.37323550 344.27935223
v 75.24781444 -10.88381069 397.58606028
v 68.89774158 -2.58154673 392.97639786
v 99.41446189 -31.19870054 414.60041897
v 93.13188857 -18.27164024 349.50425638
v -135.23968716 -30.59595875 230.62926082
v -145.15406496 -25.99721395 210.83540674
v 59.69130717 110.99001106 1183.08036749
v 62.73262327 27.71227577 462.12598669
v -145.48138356 -31.12859889 233.51958077
v 164.59034736 39.64989562 148.15186788
v 101.05290071 -2.19978105 24.67001725
v -163.92286422 69.61494086 47.83010613
v -169.64213831 83.24344028 20.43660494
v -170.02820835 61.46217067 40.19026901
v 118.02622395 -50.86364077 436.84075257
v 116.03925661 -8.35095272 113.16172434
v -134.47466923 85.50899607 93.62271275
v -132.20982126 84.95852260 104.56014584
v -124.83584623 88.32590250 101.69043419
v 103.08562932 92.83809257 318.80685716
v 101.21842188 -13.66551034 33.26010774
v -104.30132044 12.63415441 49.94942027
v -99.34191183 15.45055087 73.16584069
v 89.16540308 62.30635002 468.27156871
v 133.97466823 102.45650468 7.54696025
v -158.81372139 -22.42252945 75.19158854
v -152.81565260 -15.98614672 81.75787730
v -163.23377372 -14.24912952 76.40759473
v 184.28940653 31.05686582 411.17284976
v -71.68501230 -126.73496746 691.42260311
v -105.50719865 94.42050413 3.79620957
v -110.32272846 100.53248179 19.54404757
v -135.14003785 -71.07984471 21.34697526
v -140.86053293 -86.56083048 24.73297813
v -138.01323166 -85.68103748 13.14941910
v -131.68970565 -118.34343718 665.48423395
v -145.48721321 -21.68875678 192.45780600
v -142.78898622 -15.12209727 173.67860064
v -123.09817793 -128.07810693 682.14562214
v -176.03783156 69.46373824 23.38701500
v -187.73154415 77.14100891 13.32438110
v -183.62487075 64.96181596 17.77100821
v 115.20905412 -74.64833880 8.10922621
v 193.88903746 15.55561753 802.81458450
v 185.97458322 40.42017732 794.51668834
v 188.08119136 44.56316419 823.47955874
v -166.90336471 -15.35360481 445.55664895
v -164.19150904 -31.89374021 445.25704973
v -163.86104638 -24.58514632 458.34464881
v 185.03878535 19.53061690 912.56909428
v -158.37653812 -27.49037065 245.01298253
v -158.57315235 -19.71435292 218.47894983
v 38.91989986 5.78368961 517.61716898
v 112.08185403 65.21095716 503.89753583
v 56.34503308 37.57450577 504.59992117
v 56.12388363 30.45495374 490.91039701
v -6.55176067 -31.17800675 673.22131768
v -5.68445707 -11.13126724 670.30480954
v -2.27586616 -20.32029400 685.99695073
v 34.99203848 7.03402714 555.05870422
v 43.55853325 28.31224089 553.51184070
v 36.18388813 9.46037957 532.72862791
v 68.52660536 54.45304143 412.74855030
v 84.35823312 -105.87109018 710.09890323
v 4.08393857 24.64653688 725.24739028
v 167.21354389 82.25851358 323.72448681
v -146.91423623 -121.52777817 723.57083861
v 176.36566329 11.34633786 944.50785647
v -185.05051927 5.61881874 368.28946166
v -174.63432683 -16.01534989 405.06956066
v -178.30912008 -1.30746869 408.88847741
v -174.76785957 -27.18404987 388.44631460
v 106.39559237 -110.93965293 753.04578285
v -38.93980201 46.73036924 655.27473780
v -2.83353450 -61.42903622 735.16879551
v 81.88319345 -106.84554327 740.89215931
v -1.92712890 -0.54654862 684.37912006
v 3.78417983 -18.40531430 691.33724056
v -190.59836548 -76.26611403 37.49059651
v -164.78877377 -14.22345691 504.77464682
v -161.01185507 -3.90668004 508.45146613
v -166.07187251 -9.50236746 474.07684605
v -133.48307443 -134.34911620 750.84073381
v -125.69135071 -5.31638525 124.40782967
v -118.17399175 0.32660778 120.10249067
v -117.55059226 0.56449834 135.30889659
v -100.08738065 25.35371740 103.70223814
v -99.96919715 44.18344129 86.79402917
v -167.18601710 -78.44176763 670.12413061
v -158.05560277 -96.70955952 666.62651515
v 140.57669425 -17.30807790 245.51871910
v -167.22936795 -9.20481123 225.00883994
v -166.04267269 -19.62119236 249.79695722
v -138.08419311 -8.15455474 137.81276351
v -141.88442097 -13.79073359 157.66425606
v -150.09872842 -7.58602845 139.46434432
v -220.05256804 -95.45831268 22.85777509
v -203.25489280 -135.34443826 17.90044791
v -187.42494299 -105.46242042 28.00033398
v -156.81164682 -66.99134784 48.13420278
v -151.46408583 -31.78955106 70.32828070
v -163.67005219 -54.46732970 56.85264561
v -188.37315266 -135.29146678 19.67273581
v -217.97351612 -120.17767793 17.28278408
v -232.96649672 -104.73839157 14.75712193
v 76.56465782 72.21674354 316.93388233
v -165.74731785 26.84191606 160.32694928
v 60.42127106 41.46256036 357.95474630
v -126.97091125 81.38635409 352.02847398
v -165.05164047 -15.61720181 610.41535098
v -159.46318815 2.34902735 612.18843040
v 84.16833737 79.97786396 400.61266737
v -157.82745963 2.59665385 126.40640822
v -170.31770912 28.58171654 413.69617515
v -168.36299800 -36.73841622 327.86395882
v -170.44080868 -28.59701542 291.60019873
v -175.20043700 -22.22119156 311.34519324
v -147.75922283 -110.33313549 679.07009735
v -120.15615762 -14.80097598 61.31373980
v -173.02290936 -4.02031960 424.39706909
v -167.69297747 -34.40127661 417.45161897
v -114.78794355 -16.63251667 19.89758672
v -106.58178611 4.73374188 23.54614475
v -117.41659014 -29.43183044 18.17486096
v -179.60960583 -15.63174941 369.39843159
v -176.88992101 -25.89170304 349.19282182
v -102.44431732 49.00216870 123.29421610
v -125.35066342 -45.13549171 30.94065526
v -170.12496861 -22.73812515 270.60439796
v -176.80104423 -4.06659969 269.92311156
v -173.06076699 27.06871776 212.44874916
v -152.20721148 25.56506834 469.36663149
v -112.00282958 -5.57683060 6.64749442
v -109.32138418 16.86804367 4.91328875
v -105.48148034 14.50423014 16.19856784
v -102.23428117 41.69224676 5.09192794
v -101.55341313 24.58216572 23.78180610
v -161.27714088 77.12250369 0.52929590
v -109.00844885 91.41458318 0.90385997
v -105.51339303 65.77882396 1.56145711
v -105.60931941 49.07937087 1.73194070
v -232.37000840 -23.64070718 1.64263419
v -225.61042169 -10.12005666 1.50122287
v 88.38226044 -23.88231861 407.45191656
v -241.49262542 -93.63521670 2.37509312
v -242.92588958 -59.06428817 5.29684852
v -238.16551223 -48.97665269 1.68735853
v -105.12914664 -125.76456521 882.15657544
v -186.34512931 53.47316085 16.62602039
v -198.02025763 34.03577904 12.20566218
v -202.97220962 19.16196421 10.38967649
v -201.19897410 12.84981686 23.41551357
v -208.09124802 79.72730537 3.74400904
v -215.58705750 71.31004707 3.49380331
v -206.25824072 70.07919768 8.42312245
v -180.60759964 0.06592951 393.13631028
v -180.87470737 8.62495009 390.29345605
v -164.17363537 16.88202516 449.36489505
v -172.57515577 9.99779459 425.67456318
v 57.79496965 8.54985952 454.87882310
v -200.45116850 62.37837684 0.31416009
v -219.02707298 59.24752761 3.45001014
v -215.65489096 62.56299862 0.63468771
v -99.12748479 76.35722079 4.76422097
v -100.00914053 60.86681711 4.90591418
v -168.10455718 -3.38234355 448.94870445
v -136.75651264 -44.82750066 277.35240771
v -159.92588604 27.39977912 447.24275526
v 66.17204833 46.83560726 503.06311589
v -123.72433127 102.04126950 4.06081142
v -129.02909788 -32.38068778 50.09435194
v -135.97946298 -46.42005658 48.94172503
v -100.31441046 28.51429492 32.83405623
v 190.79983522 -34.52476909 845.80169542
v -202.54804224 -89.67487357 28.36807532
v -174.48725913 -61.12515204 51.63427080
v 166.14902208 -31.40440869 463.08831603
v 159.50038366 -42.19748813 464.98701120
v 151.59330214 -49.06974688 467.20739886
v 133.31079567 -55.68764417 459.00109686
v -219.35536567 -136.51220996 8.13054092
v -236.87585324 -114.13110254 6.26277602
v 138.79933914 -58.20285727 474.50882376
v -176.64463300 -50.80787752 702.17132554
v 139.67395391 -63.99814960 487.91589785
v -164.23490375 89.12866498 17.20303963
v -159.35058129 88.45583524 34.87422223
v -132.15292139 -131.97758888 725.21249643
v -137.98441555 -121.11211860 687.66059593
v -106.82921413 90.42154061 52.55562472
v -109.19380964 83.80423847 68.43894933
v 49.64827338 -29.60158842 514.41652846
v -114.02883409 101.37061248 37.79102864
v -110.29949173 -2.80007694 68.43445324
v -98.16016602 24.30400325 83.43763985
v -157.12595876 -5.85931501 92.54530240
v -2.65781433 -68.03067659 747.68068853
v -102.72455338 52.78266588 66.01804908
v -101.20495835 60.95968708 46.99892304
v -25.54076215 -75.33534527 662.51677296
v -11.79817087 -26.79314032 655.98565330
v -100.91183540 43.54933509 21.98045542
v -150.56829386 -5.56294150 121.92249072
v 84.25702615 -110.07938664 765.37719914
v 76.11191837 -105.36730168 722.89751606
v -173.77206449 29.92843495 190.78966161
v 90.45926745 -107.81116725 699.69921665
v 65.14261030 -96.55011833 703.42287721
v -219.41101064 -2.56995399 9.05193490
v -219.34340316 12.30253132 1.00926059
v -195.69043090 60.27966058 10.10552197
v 122.96727542 -75.08457221 960.39653039
v -186.12424003 -152.21973726 7.37167689
v -192.37209757 -151.20207626 3.88188575
v -166.02701682 -139.01041263 3.88952782
v -203.86786513 44.01920644 0.57309308
v 63.98680928 -99.29461678 730.85956528
v -123.14706995 -8.39249893 109.18435569
v -158.55857317 -5.60083224 163.33859871
v 15.20039163 -73.67158949 745.87941630
v -98.92394930 17.52780647 90.64040267
v 2.69155514 -53.70336923 740.70842132
v -133.59329676 -13.56438650 90.94352445
v -13.60036489 -7.06214983 650.14269936
v -23.33985220 58.40320493 751.68529984
v -139.80945902 -91.66140871 6.92457154
v 4.43729615 -27.52201825 703.29546568
v -170.66408717 -123.15112112 22.58151677
v -128.90554200 -54.34038217 9.54479515
v -123.07402277 86.74671849 823.68071955
v -106.30139008 74.17283704 93.53416831
v -160.04828026 61.13249522 889.08099363
v -165.20877959 48.98994220 907.62223557
v -169.71748836 85.67643850 3.79284208
v -124.38710916 106.95025261 22.67700357
v -104.17299873 63.78906948 114.83199264
v -143.06238312 65.08828119 818.09972106
v -124.34691822 102.26618111 48.55880913
v -137.01209128 106.56140337 32.73874411
v -200.71582901 77.27244088 11.97120995
v -12.84936637 11.55859260 664.15140925
v -23.17612978 30.40799247 659.42403346
v -177.04190144 79.16350861 16.31620894
v -117.72470276 93.15917467 71.68841562
v 45.75182527 -86.64169022 720.64003459
v 27.64428253 -85.79760729 747.32138425
v -23.60224893 -65.62780998 651.87929557
v -168.14924148 12.01748433 188.24570618
v -166.33547880 -1.73337506 198.99252576
v 32.20022116 -80.41374120 730.98347101
v 45.26804395 -96.22905280 752.19662557
v 57.77345081 -102.34325908 754.34168521
v -168.33099477 17.40798102 175.05330264
v 69.46324550 -105.00788273 752.72042616
v -158.42715252 -14.20023977 194.58620532
v -19.67019786 -2.07256427 601.58138591
v -27.30551605 16.45204988 597.29062992
v -128.61698915 74.26083029 281.11107599
v -151.26346741 -60.00944799 50.98565498
v -35.02453652 22.65745412 579.49653873
v -45.74476662 32.66037444 565.50660479
v -45.86777770 38.86622682 590.50924994
v -127.24030846 -53.25818944 22.04902867
v -128.12276364 -45.35486755 2.90643805
v -172.25365616 -105.19508425 30.87271756
v -36.28165369 37.12915626 632.45717972
v -23.50234298 21.53171637 635.95990536
v -126.55373941 -5.24672019 146.70113433
v -131.30310097 -12.87335787 160.27272091
v -99.97367873 36.61458442 113.62241685
v -122.50637657 76.17790176 807.55595938
v -104.81459727 12.47555483 101.75638305
v -202.97116138 -147.62275958 7.20127401
v -219.71019763 -137.48544248 3.34129121
v 151.16494041 -43.42698420 1009.01883815
v 179.75304094 2.17693584 936.59471934
v -236.94805751 -34.92554678 5.57377417
v -155.12704641 78.46061366 56.99021867
v 189.65546892 -0.32819392 900.14315908
v 194.21114831 4.77829124 866.60631972
v -198.47796200 76.95293548 0.00000000
v 191.49558494 -7.55715604 881.17829474
v -29.86729107 25.91828981 611.80984512
v -22.12344630 15.81607337 623.66640833
v -215.73965302 62.68170985 7.93323023
v 189.02827621 -28.23203910 874.98462070
v -143.99276863 90.23701885 57.32806322
v 194.30815194 -12.32015187 866.98557345
v 187.72759160 -45.29004112 858.24356976
v -133.33442249 92.03569104 71.22534482
v -126.23590899 95.98204180 66.84271755
v -17.93526048 -8.22944142 618.00493169
v 195.46523249 -15.16724766 833.93870960
v -120.75578211 -22.33541463 3.01766202
v -14.23750358 -26.58093925 642.55119661
v 196.06089919 7.28249605 830.97996178
v -143.15167630 77.95702405 84.14287799
v 193.67526912 20.87224989 834.63199676
v -142.95702489 -37.38173562 250.75401996
v -134.88956118 -37.83830465 253.15559735
v -151.23631475 -12.85961694 171.34325838
v -207.87237381 21.52034419 4.19319082
v -203.06961452 47.67099358 4.32372591
v -117.80094704 -5.24024913 91.49163710
v -117.81106712 -9.12536014 80.05241466
v 139.04438922 -82.61751915 895.79280664
v 150.47483610 -73.03797129 902.77114076
v 134.84159443 -67.73263198 978.41844825
v -233.07517314 -81.72889994 21.18296696
v -128.00517185 -98.63938983 965.86656487
v 69.99638815 -59.73120349 540.24791482
v 57.54510881 -57.74802984 554.87401016
v -162.95798428 -89.98948354 37.83477122
v -152.48653082 70.05946526 96.16531769
v -106.44969122 36.98666218 1.71882968
v -140.54828653 -69.95098815 31.56786216
v -153.46241098 -81.39223529 38.30531372
v -173.15049637 -88.35508655 38.69001600
v -104.82875028 58.78250942 89.20067691
v -244.69590396 -81.84069302 5.74677192
v -15.81542654 5.10636503 646.41835405
v -44.31485091 41.83346481 614.38379532
v -16.13316587 -36.38572749 640.98831721
v -157.86726037 71.50898756 70.47413954
v -137.15880074 106.24862460 19.43947174
v -184.97322925 80.95390767 3.69248087
v -112.60719966 70.93480746 260.24689107
v -142.56206519 101.85517688 40.75243376
v -157.49946145 11.80479963 480.53117785
v -150.75073957 -33.67693314 245.30218998
v -111.08027427 84.83412052 93.70534191
v -161.99489835 4.33846637 150.73455125
v -173.47724763 19.37243020 206.26783485
v -113.46497825 10.57462687 2.36701047
v -156.91495735 -110.81640821 22.24050836
v -57.25108323 20.84332929 376.32739843
f 31 32 33
f 33 37 31
f 37 45 31
f 45 46 31
f 11 46 45
f 11 45 62
f 62 68 11
f 68 12 11
f 10 11 12
f 12 77 10
f 77 82 10
f 83 10 82
f 82 91 83
f 83 91 98
f 103 83 98
f 106 103 98
f 98 113 106
f 120 106 113
f 120 113 127
f 127 128 120
f 133 120 128
f 128 139 133
f 144 133 139
f 144 139 151
f 151 160 144
f 144 160 164
f 164 169 144
f 164 173 169
f 184 169 173
f 173 190 184
f 193 184 190
f 193 190 195
f 195 32 193
f 193 32 106
f 224 195 190
f 228 224 190
f 224 228 243
f 243 250 224
f 250 243 260
f 250 260 273
f 273 284 250
f 250 284 33
f 33 195 250
f 291 33 284
f 284 304 291
f 304 313 291
f 313 321 291
f 291 321 325
f 291 325 332
f 332 37 291
f 352 37 332
f 352 332 325
f 352 325 363
f 363 369 352
f 62 352 369
f 386 62 369
f 369 396 386
f 401 386 396
f 401 396 404
f 401 404 408
f 416 401 408
f 408 23 416
f 423 416 23
f 22 423 23
f 22 23 24
f 22 24 435
f 444 22 435
f 445 444 435
f 445 435 456
f 445 456 463
f 463 472 445
f 445 472 478
f 478 489 445
f 478 492 489
f 444 489 492
f 492 500 444
f 492 511 500
f 511 12 500
f 492 525 511
f 525 77 511
f 525 492 537
f 537 82 525
f 537 492 556
f 560 537 556
f 560 556 478
f 478 572 560
f 580 560 572
f 572 586 580
f 592 580 586
f 586 596 592
f 596 600 592
f 608 592 600
f 621 608 600
f 600 211 621
f 211 631 621
f 621 631 634
f 634 644 621
f 648 644 634
f 634 654 648
f 655 648 654
f 661 655 654
f 668 661 654
f 668 654 672
f 672 676 668
f 668 676 682
f 676 685 682
f 688 682 685
f 689 688 685
f 685 696 689
f 701 689 696
f 705 701 696
f 705 696 708
f 705 708 714
f 714 720 705
f 720 726 705
f 727 705 726
f 731 727 726
f 738 731 726
f 742 731 738
f 749 742 738
f 749 738 720
f 760 749 720
f 766 749 760
f 760 769 766
f 769 137 766
f 137 780 766
f 742 766 780
f 780 161 742
f 161 791 742
f 791 161 797
f 801 791 797
f 801 797 188
f 188 817 801
f 817 826 801
f 801 826 829
f 801 829 731
f 826 842 829
f 847 829 842
f 842 850 847
f 862 847 850
f 850 866 862
f 862 866 874
f 862 874 875
f 862 875 689
f 886 875 874
f 874 888 886
f 891 886 888
f 901 891 888
f 901 888 905
f 910 901 905
f 910 905 916
f 919 910 916
f 916 925 919
f 930 919 925
f 925 933 930
f 942 930 933
f 944 942 933
f 933 950 944
f 951 944 950
f 951 950 955
f 960 951 955
f 960 955 964
f 960 964 970
f 980 960 970
f 980 970 990
f 980 990 996
f 998 980 996
f 996 1002 998
f 819 998 1002
f 1019 819 1002
f 1023 1019 1002
f 1002 1035 1023
f 1041 1023 1035
f 1035 996 1041
f 1041 996 1053
f 1061 1041 1053
f 1061 1053 1067
f 1061 1067 1070
f 1070 1074 1061
f 1083 1061 1074
f 1086 1083 1074
f 1068 1086 1074
f 1044 1068 1074
f 1044 1074 1104
f 978 1044 1104
f 1104 1113 978
f 1113 344 978
f 978 344 1122
f 1015 978 1122
f 1015 1122 1133
f 1133 1134 1015
f 1141 1015 1134
f 402 1141 1134
f 402 1155 1141
f 1141 1155 1016
f 937 1016 1155
f 1155 1170 937
f 937 1170 29
f 1178 937 29
f 1178 29 1183
f 1183 1188 1178
f 1188 1196 1178
f 1199 1196 1188
f 1188 1211 1199
f 1199 1211 1216
f 868 1199 1216
f 1224 868 1216
f 1224 1216 1231
f 1231 1233 1224
f 1233 1239 1224
f 1224 1239 1240
f 1250 1224 1240
f 1252 1250 1240
f 1252 1240 1256
f 1256 1265 1252
f 855 1252 1265
f 1272 855 1265
f 1281 1272 1265
f 1288 1281 1265
f 1288 1302 1281
f 1302 1307 1281
f 1307 1302 721
f 721 764 1307
f 764 1321 1307
f 1307 1321 1272
f 1321 1329 1272
f 1321 1333 1329
f 1333 1341 1329
f 856 1329 1341
f 856 1341 439
f 856 439 1351
f 1356 856 1351
f 1362 1356 1351
f 1362 80 1356
f 1370 1356 80
f 80 1379 1370
f 929 1370 1379
f 929 1379 81
f 81 1388 929
f 1355 929 1388
f 1397 1355 1388
f 1397 1388 1399
f 1397 1399 958
f 1409 1397 958
f 958 1411 1409
f 1411 959 1409
f 1409 959 1419
f 1419 1422 1409
f 1409 1422 1354
f 1422 976 1354
f 1354 976 1016
f 1059 1354 1016
f 1016 1438 1059
f 1060 1059 1438
f 1060 1438 879
f 880 1060 879
f 879 846 880
f 806 880 846
f 807 806 846
f 846 1199 807
f 805 806 807
f 807 868 805
f 867 805 868
f 887 867 868
f 907 867 887
f 854 907 887
f 855 854 887
f 855 887 1250
f 854 855 856
f 856 906 854
f 854 906 907
f 906 867 907
f 805 867 906
f 906 929 805
f 895 805 929
f 896 895 929
f 895 896 897
f 880 895 897
f 945 897 896
f 896 1355 945
f 1354 945 1355
f 1060 897 945
f 805 895 806
f 880 806 895
f 879 937 846
f 846 937 1196
f 897 1060 880
f 879 1438 937
f 945 1059 1060
f 1059 945 1354
f 1015 1016 976
f 976 1422 977
f 976 977 978
f 1422 1045 977
f 1044 977 1045
f 1045 1103 1044
f 1045 1069 1103
f 1103 1069 1068
f 1068 1069 1027
f 1027 1029 1068
f 1027 1028 1029
f 1087 1029 1028
f 1087 1028 1088
f 1088 1079 1087
f 1112 1087 1079
f 1079 1081 1112
f 1112 1081 1023
f 1529 1112 1023
f 1079 1080 1081
f 836 1081 1080
f 1080 328 836
f 836 328 792
f 836 792 793
f 1019 836 793
f 792 327 793
f 793 327 819
f 819 327 782
f 819 782 820
f 818 819 820
f 818 820 960
f 820 1195 960
f 820 781 1195
f 781 1158 1195
f 1158 951 1195
f 1158 1159 951
f 451 1159 1158
f 451 776 1159
f 776 13 1159
f 13 1268 1159
f 1159 1268 1200
f 944 1159 1200
f 1268 1201 1200
f 1200 1201 942
f 1268 564 1201
f 564 1253 1201
f 1201 1253 930
f 1253 1279 930
f 1279 1253 1247
f 1279 1247 919
f 901 919 1247
f 1247 481 901
f 481 1310 901
f 1310 481 1311
f 1311 655 1310
f 891 1310 655
f 1311 1593 655
f 1292 1593 1311
f 547 1292 1311
f 1292 547 422
f 422 1610 1292
f 1292 1610 1393
f 1610 1392 1393
f 1392 1366 1393
f 1367 1393 1366
f 1366 1337 1367
f 1336 1367 1337
f 1336 1337 1338
f 1336 1338 1382
f 1373 1336 1382
f 1373 1382 1412
f 1412 644 1373
f 1374 1373 644
f 1398 1374 644
f 1374 1398 1367
f 1367 1373 1374
f 608 644 1412
f 1412 580 608
f 1412 1382 580
f 560 1382 1338
f 1338 1337 1427
f 1338 1427 537
f 537 1427 1406
f 537 1406 91
f 1182 91 1406
f 1182 1406 1439
f 1439 1148 1182
f 1182 1148 1147
f 98 1182 1147
f 1146 1147 1148
f 1146 1148 1366
f 127 1147 1146
f 1146 1171 127
f 183 127 1171
f 183 1171 50
f 3 183 50
f 387 3 50
f 52 387 50
f 50 51 52
f 422 52 51
f 52 422 388
f 387 52 388
f 387 388 38
f 40 387 38
f 38 39 40
f 39 90 40
f 66 40 90
f 90 67 66
f 66 67 25
f 27 66 25
f 25 26 27
f 27 26 78
f 78 79 27
f 27 79 132
f 27 132 1
f 99 27 1
f 1 3 99
f 3 40 99
f 1 2 3
f 2 121 3
f 121 2 109
f 109 143 121
f 121 143 183
f 183 143 128
f 109 128 143
f 108 128 109
f 107 108 109
f 107 109 233
f 107 233 151
f 107 151 1698
f 232 151 233
f 1703 232 233
f 1703 233 2
f 2 132 1703
f 214 1703 132
f 132 215 214
f 213 214 215
f 215 259 213
f 301 213 259
f 199 301 259
f 199 259 78
f 78 200 199
f 199 200 26
f 199 26 191
f 199 191 288
f 359 199 288
f 288 316 359
f 317 359 316
f 316 274 317
f 276 317 274
f 274 275 276
f 275 343 276
f 342 276 343
f 343 415 342
f 375 342 415
f 375 415 326
f 374 375 326
f 328 374 326
f 326 327 328
f 763 327 326
f 326 450 763
f 449 763 450
f 449 450 451
f 449 451 781
f 449 781 782
f 451 450 750
f 750 450 437
f 436 750 437
f 436 437 438
f 438 510 436
f 510 470 436
f 436 470 471
f 470 14 471
f 471 14 13
f 13 14 15
f 15 497 13
f 15 496 497
f 497 496 564
f 496 518 564
f 518 479 564
f 518 519 479
f 519 480 479
f 479 480 481
f 481 1253 479
f 480 547 481
f 519 547 480
f 388 547 519
f 496 519 518
f 528 519 496
f 165 528 496
f 165 39 528
f 166 39 165
f 165 154 166
f 154 153 166
f 166 153 192
f 166 192 67
f 191 67 192
f 153 288 192
f 152 153 154
f 152 154 640
f 640 649 152
f 640 510 649
f 510 275 649
f 275 316 649
f 153 649 316
f 640 154 641
f 14 640 641
f 152 649 153
f 154 165 641
f 15 641 165
f 519 528 38
f 496 15 165
f 15 14 641
f 470 640 14
f 470 510 640
f 438 275 510
f 415 438 437
f 750 436 471
f 776 750 471
f 782 763 449
f 437 450 326
f 710 374 328
f 709 710 328
f 709 1726 710
f 1726 1727 710
f 1730 710 1727
f 1727 1802 1730
f 1730 1802 1731
f 1730 1731 1732
f 1732 1806 1730
f 1737 1730 1806
f 1737 1806 1736
f 1736 374 1737
f 374 1736 342
f 1743 342 1736
f 342 1743 1742
f 1741 1742 1743
f 1815 1741 1743
f 1743 1652 1815
f 1653 1815 1652
f 1652 1570 1653
f 1653 1570 1823
f 1659 1653 1823
f 1823 1657 1659
f 1657 1658 1659
f 1658 1657 1826
f 1658 1826 1830
f 1830 1664 1658
f 1663 1658 1664
f 1663 1664 1833
f 1833 1670 1663
f 1669 1663 1670
f 1668 1669 1670
f 1590 1668 1670
f 1590 1318 1668
f 1668 1318 1317
f 359 1317 1318
f 359 1246 1317
f 1246 1669 1317
f 1245 1669 1246
f 1245 1246 317
f 1245 317 1742
f 1742 1857 1245
f 1245 1857 1669
f 1590 1290 1318
f 1290 199 1318
f 1590 1863 1290
f 1290 1863 1291
f 301 1290 1291
f 1291 1872 301
f 1687 1872 1291
f 1291 1688 1687
f 1687 1688 1689
f 1689 1700 1687
f 1687 1700 213
f 1702 213 1700
f 1700 1701 1702
f 1701 1886 1702
f 1886 1892 1702
f 1892 1715 1702
f 1715 214 1702
f 214 1715 1898
f 1898 1715 1718
f 232 1898 1718
f 1718 1719 232
f 1719 1718 1787
f 1719 1787 1786
f 160 1719 1786
f 1786 1787 1788
f 1788 1799 1786
f 164 1786 1799
f 1799 1792 164
f 1792 1793 164
f 1793 1792 1917
f 1917 1921 1793
f 1793 1921 228
f 1793 228 173
f 1917 1800 1921
f 1800 243 1921
f 1917 1792 1800
f 1799 1800 1792
f 1492 1800 1799
f 1492 1799 1493
f 1492 1493 1494
f 1503 1492 1494
f 1503 1494 1929
f 1929 1504 1503
f 260 1503 1504
f 1504 1516 260
f 1516 1504 1933
f 1933 1514 1516
f 1514 1515 1516
f 1516 1515 273
f 1515 1514 1751
f 1751 1522 1515
f 284 1515 1522
f 1751 1752 1522
f 1673 1522 1752
f 1752 1940 1673
f 1673 1940 1674
f 1673 1674 313
f 1680 1674 1940
f 1940 1947 1680
f 1947 1678 1680
f 1678 1679 1680
f 1680 1679 1767
f 1685 1680 1767
f 1685 1767 1684
f 1684 363 1685
f 321 1685 363
f 1685 321 1674
f 363 1684 1686
f 1686 396 363
f 1532 396 1686
f 1544 1532 1686
f 1686 1767 1544
f 1766 1544 1767
f 1767 1964 1766
f 1964 1770 1766
f 1766 1770 1543
f 1770 1771 1543
f 1526 1543 1771
f 1774 1526 1771
f 1774 1771 1775
f 1774 1775 1776
f 1781 1774 1776
f 1781 1776 1978
f 1781 1978 1782
f 1780 1781 1782
f 1469 1780 1782
f 1469 1782 1470
f 1469 1470 1471
f 1984 1469 1471
f 1475 1984 1471
f 1471 1476 1475
f 1474 1475 1476
f 1474 1476 1990
f 1990 1480 1474
f 1482 1474 1480
f 1480 1481 1482
f 1482 1481 1992
f 1992 1486 1482
f 1486 1488 1482
f 1486 1487 1488
f 1488 1487 1618
f 1488 1618 1617
f 1488 1617 1474
f 1475 1617 1618
f 1618 1622 1475
f 1618 2004 1622
f 2004 1623 1622
f 1621 1622 1623
f 1623 1627 1621
f 1627 1629 1621
f 1621 1629 1781
f 1627 1628 1629
f 1629 1628 1633
f 1633 1632 1629
f 1629 1632 1774
f 1632 1633 1634
f 1634 2014 1632
f 2014 1526 1632
f 1526 2014 1524
f 1524 1525 1526
f 1524 1757 1525
f 1757 1534 1525
f 1533 1525 1534
f 1532 1533 1534
f 1534 404 1532
f 1549 404 1534
f 1525 1533 1543
f 1543 1533 1544
f 1534 1757 1549
f 2024 1549 1757
f 1549 2024 1550
f 1548 1549 1550
f 1463 1548 1550
f 1463 1550 1449
f 1451 1463 1449
f 1449 1450 1451
f 1455 1451 1450
f 1455 1450 2032
f 2032 1456 1455
f 1455 1456 1457
f 1457 1461 1455
f 1457 2037 1461
f 2037 1462 1461
f 1461 1462 1463
f 2038 1463 1462
f 1467 2038 1462
f 1467 1462 1468
f 1466 1467 1468
f 1575 1466 1468
f 1468 2044 1575
f 1575 2044 1573
f 1573 1574 1575
f 1574 1573 2047
f 2047 2048 1574
f 2048 1581 1574
f 1581 1582 1574
f 1582 1591 1574
f 1574 1591 1466
f 1591 1582 1592
f 1591 1592 1467
f 1467 1592 1608
f 456 1608 1592
f 456 24 1608
f 1608 24 1609
f 2038 1608 1609
f 1609 1548 2038
f 1582 1691 1592
f 1690 1592 1691
f 1691 2064 1690
f 1690 2064 2065
f 1690 2065 1707
f 1690 1707 463
f 1707 596 463
f 1707 2065 212
f 211 1707 212
f 210 211 212
f 212 2064 210
f 210 2064 1639
f 210 1639 257
f 257 258 210
f 631 210 258
f 631 258 672
f 1635 258 257
f 258 1635 676
f 257 1639 1635
f 1635 1639 1638
f 1638 685 1635
f 1638 1639 1640
f 1638 1640 2085
f 2085 708 1638
f 2085 1643 708
f 1642 708 1643
f 1642 1643 2087
f 2087 2090 1642
f 1642 2090 1647
f 1647 1648 1642
f 1648 2094 1642
f 2094 1558 1642
f 2094 1557 1558
f 1557 714 1558
f 1557 760 714
f 760 1557 1125
f 1107 1125 1557
f 1107 1557 1562
f 2102 1107 1562
f 1562 1567 2102
f 1566 2102 1567
f 1065 1566 1567
f 1065 1567 2107
f 1572 1065 2107
f 2107 1570 1572
f 1570 1571 1572
f 1572 1571 1066
f 1731 1066 1571
f 1731 2112 1066
f 2112 1064 1066
f 1064 1065 1066
f 1065 1064 2116
f 2116 1084 1065
f 1084 2116 1085
f 1084 1085 839
f 1084 839 1108
f 1084 1108 1566
f 839 1109 1108
f 1107 1108 1109
f 1109 1123 1107
f 1109 816 1123
f 816 1124 1123
f 1123 1124 1125
f 769 1125 1124
f 769 1124 789
f 790 789 1124
f 788 789 790
f 2130 788 790
f 815 2130 790
f 790 816 815
f 814 815 816
f 814 816 2134
f 839 814 2134
f 841 814 839
f 839 840 841
f 841 840 865
f 2145 841 865
f 864 2145 865
f 863 864 865
f 863 865 535
f 885 863 535
f 534 885 535
f 534 535 536
f 536 2154 534
f 534 2154 2158
f 534 2158 565
f 565 566 534
f 2164 566 565
f 311 2164 565
f 565 591 311
f 287 311 591
f 287 591 2175
f 2175 620 287
f 619 287 620
f 618 619 620
f 959 618 620
f 620 2183 959
f 959 2183 1045
f 958 618 959
f 988 618 958
f 1169 618 988
f 987 1169 988
f 987 988 989
f 989 2199 987
f 1008 987 2199
f 2199 5 1008
f 1007 1008 5
f 1007 5 2210
f 1039 1007 2210
f 2210 1040 1039
f 1038 1039 1040
f 1040 651 1038
f 651 947 1038
f 1038 947 1396
f 1395 1038 1396
f 1395 1396 2221
f 204 1395 2221
f 204 2221 1410
f 1186 204 1410
f 1186 1410 2224
f 1186 2224 247
f 1187 1186 247
f 1187 247 249
f 2228 1187 249
f 2228 249 987
f 2228 1437 1187
f 1437 205 1187
f 205 1437 1142
f 1142 206 205
f 204 205 206
f 206 1142 1039
f 1008 1142 1437
f 1437 2228 1008
f 247 248 249
f 1169 249 248
f 1169 248 619
f 286 248 247
f 286 287 248
f 1186 1187 205
f 2224 286 247
f 286 2224 312
f 311 286 312
f 311 312 1215
f 1215 312 2239
f 1215 2239 884
f 884 566 1215
f 884 885 566
f 884 2239 863
f 2239 902 863
f 904 863 902
f 902 903 904
f 904 903 924
f 904 924 864
f 903 922 924
f 922 923 924
f 924 923 2246
f 2145 924 2246
f 2246 923 815
f 922 943 923
f 1325 923 943
f 943 1082 1325
f 1082 530 1325
f 530 1324 1325
f 1325 1324 2252
f 2253 2252 1324
f 1346 2253 1324
f 1324 1345 1346
f 1360 1346 1345
f 1345 2259 1360
f 1360 2259 1361
f 1359 1360 1361
f 1361 909 1359
f 788 1359 909
f 788 909 1380
f 788 1380 1381
f 1381 1380 117
f 119 1381 117
f 117 118 119
f 118 1312 119
f 1312 2270 119
f 119 2270 138
f 137 119 138
f 2270 163 138
f 138 163 162
f 138 162 780
f 161 162 163
f 2270 189 163
f 189 797 163
f 187 189 2270
f 187 188 189
f 188 187 2285
f 646 188 2285
f 2285 647 646
f 645 646 647
f 647 667 645
f 667 2288 645
f 666 2288 667
f 665 666 667
f 665 667 2290
f 665 2290 2294
f 665 2294 684
f 683 665 684
f 2296 683 684
f 2296 684 700
f 699 2296 700
f 490 699 700
f 700 2302 490
f 339 490 2302
f 339 2302 340
f 339 340 341
f 341 491 339
f 341 366 491
f 368 491 366
f 366 367 368
f 368 367 1251
f 399 368 1251
f 1251 400 399
f 398 399 400
f 1271 398 400
f 1271 400 419
f 59 1271 419
f 36 59 419
f 36 419 1306
f 36 1306 1720
f 36 1720 34
f 34 35 36
f 35 34 2312
f 35 2312 60
f 59 35 60
f 59 60 61
f 2316 59 61
f 75 2316 61
f 75 61 76
f 74 75 76
f 74 76 1996
f 95 74 1996
f 1996 96 95
f 95 96 97
f 95 97 2326
f 542 95 2326
f 542 2326 543
f 541 542 543
f 2329 541 543
f 543 569 2329
f 571 2329 569
f 569 570 571
f 593 571 570
f 570 2336 593
f 593 2336 594
f 593 594 595
f 595 629 593
f 593 629 1018
f 628 1018 629
f 628 629 630
f 628 630 2343
f 628 2343 962
f 961 628 962
f 961 962 963
f 963 2349 961
f 961 2349 994
f 961 994 993
f 993 994 995
f 1017 993 995
f 1017 995 2361
f 2361 571 1017
f 1017 571 1018
f 2361 995 1051
f 2329 2361 1051
f 1051 1052 2329
f 1051 541 1052
f 2370 541 1051
f 541 2370 2371
f 2371 718 541
f 718 719 541
f 719 2372 541
f 541 2372 737
f 2372 735 737
f 735 736 737
f 2377 737 736
f 736 759 2377
f 2377 759 95
f 736 758 759
f 758 74 759
f 737 2377 542
f 735 758 736
f 735 779 758
f 75 758 779
f 779 432 75
f 433 432 779
f 432 433 434
f 398 432 434
f 434 462 398
f 462 434 460
f 460 461 462
f 461 2385 462
f 2385 490 462
f 462 490 399
f 399 490 491
f 2390 490 2385
f 2385 515 2390
f 517 2390 515
f 515 516 517
f 516 2397 517
f 517 2397 179
f 517 179 178
f 177 178 179
f 277 177 179
f 2315 177 277
f 279 2315 277
f 277 278 279
f 290 279 278
f 278 289 290
f 1067 290 289
f 289 278 330
f 330 329 289
f 1070 289 329
f 1113 1070 329
f 329 330 331
f 329 331 345
f 344 329 345
f 331 1133 345
f 391 1133 331
f 391 331 2409
f 391 2409 2271
f 2271 389 391
f 389 390 391
f 390 389 403
f 402 390 403
f 402 403 2416
f 1170 402 2416
f 30 1170 2416
f 30 2416 2280
f 30 2280 28
f 28 29 30
f 28 41 29
f 41 28 42
f 41 42 2370
f 2370 2233 41
f 1586 41 2233
f 1587 1586 2233
f 994 1587 2233
f 1578 1586 1587
f 1587 1576 1578
f 1576 1577 1578
f 1211 1578 1577
f 2437 1211 1577
f 1577 1613 2437
f 2437 1613 1231
f 1612 1231 1613
f 1595 1612 1613
f 1613 1596 1595
f 1594 1595 1596
f 1596 2438 1594
f 2439 1594 2438
f 202 2439 2438
f 2438 1711 202
f 1712 202 1711
f 1711 1692 1712
f 1694 1712 1692
f 1692 1693 1694
f 1694 1693 2454
f 2454 203 1694
f 2454 2458 203
f 203 2458 2309
f 203 2309 201
f 201 202 203
f 202 201 216
f 216 201 217
f 216 217 2462
f 678 216 2462
f 678 2462 2466
f 678 2466 2384
f 2384 679 678
f 677 678 679
f 687 677 679
f 686 687 679
f 686 679 244
f 244 712 686
f 2392 686 712
f 712 711 2392
f 1302 2392 711
f 711 712 713
f 713 722 711
f 721 711 722
f 721 722 2474
f 753 2474 722
f 722 1046 753
f 753 1046 2010
f 753 2010 751
f 751 752 753
f 751 765 752
f 764 752 765
f 764 765 979
f 1090 979 765
f 765 1089 1090
f 1089 18 1090
f 17 1090 18
f 16 17 18
f 18 440 16
f 439 16 440
f 439 440 1030
f 1030 1362 439
f 1030 2289 1362
f 1030 4 2289
f 6 2289 4
f 4 5 6
f 6 5 80
f 80 5 81
f 2289 6 80
f 4 1030 2299
f 2491 4 2299
f 110 2491 2299
f 2299 111 110
f 110 111 112
f 123 110 112
f 122 123 112
f 122 112 2492
f 155 122 2492
f 155 2492 707
f 707 2374 155
f 2374 156 155
f 155 156 157
f 155 157 167
f 167 157 168
f 168 122 167
f 122 168 2378
f 2378 168 650
f 650 642 2378
f 123 2378 642
f 642 643 123
f 643 642 1040
f 642 650 651
f 168 2506 650
f 650 2506 946
f 650 946 947
f 947 946 2131
f 899 2131 946
f 946 2513 899
f 2513 1813 899
f 899 1813 900
f 898 899 900
f 900 92 898
f 898 92 1347
f 2146 898 1347
f 2146 1347 482
f 482 1127 2146
f 1127 482 484
f 938 1127 484
f 483 938 484
f 483 1383 938
f 1383 1384 938
f 1413 938 1384
f 1339 1413 1384
f 1339 1384 2525
f 1339 2525 902
f 902 1340 1339
f 312 1339 1340
f 1410 1413 1339
f 1413 1126 938
f 2221 1126 1413
f 1384 1383 2525
f 2525 1383 903
f 1383 1375 903
f 483 1375 1383
f 1375 483 922
f 1126 1127 938
f 1126 898 1127
f 898 1126 2131
f 1126 1396 2131
f 482 483 484
f 482 498 483
f 483 498 499
f 483 499 1082
f 498 821 499
f 821 822 499
f 499 822 531
f 499 531 530
f 529 530 531
f 531 549 529
f 548 529 549
f 549 1118 548
f 1118 870 548
f 869 548 870
f 870 2117 869
f 2117 2542 869
f 2543 869 2542
f 809 2543 2542
f 2542 810 809
f 808 809 810
f 810 908 808
f 808 908 909
f 117 909 908
f 117 908 2554
f 859 117 2554
f 859 2554 2557
f 859 2557 857
f 857 858 859
f 858 1313 859
f 1312 859 1313
f 1313 187 1312
f 647 1313 858
f 647 858 2564
f 2564 1249 647
f 2564 743 1249
f 1248 1249 743
f 743 1611 1248
f 1611 734 1248
f 1248 734 2238
f 2294 1248 2238
f 2294 2238 1925
f 2294 1925 1294
f 1294 1925 1295
f 1293 1294 1295
f 1293 1295 1710
f 1293 1710 700
f 1710 340 700
f 1710 1295 2578
f 1710 2578 341
f 341 2578 1705
f 1705 1704 341
f 1704 1705 1706
f 1722 1704 1706
f 1722 1706 1723
f 1722 1723 2310
f 2585 1722 2310
f 1306 2585 2310
f 1306 2310 1721
f 2310 1440 1721
f 1440 1720 1721
f 1442 1720 1440
f 1440 1441 1442
f 1441 2254 1442
f 1407 1442 2254
f 2254 2276 1407
f 1407 2276 1666
f 1407 1666 1408
f 1172 1407 1408
f 1172 1408 1173
f 1172 1173 1174
f 2264 1172 1174
f 1174 1433 2264
f 1433 2602 2264
f 2602 1442 2264
f 34 2602 1433
f 1219 1433 1174
f 1219 1174 1217
f 1217 1218 1219
f 1219 1218 2222
f 2222 2610 1219
f 837 2610 2222
f 2222 1162 837
f 1161 837 1162
f 1160 1161 1162
f 1162 1255 1160
f 1254 1160 1255
f 1255 2229 1254
f 2229 1191 1254
f 1254 1191 1235
f 1254 1235 1202
f 1204 1254 1202
f 1202 1203 1204
f 1203 1472 1204
f 1472 1106 1204
f 1160 1204 1106
f 1105 1160 1106
f 1071 1105 1106
f 1071 1106 1072
f 1071 1072 1073
f 2626 1071 1073
f 2626 1073 1930
f 882 2626 1930
f 1930 848 882
f 883 882 848
f 848 96 883
f 883 96 1114
f 883 1114 881
f 881 1114 800
f 800 838 881
f 838 882 881
f 838 1161 882
f 1161 1105 882
f 800 837 838
f 1114 798 800
f 798 799 800
f 799 2610 800
f 799 1433 2610
f 2312 1433 799
f 2312 799 798
f 1114 1996 798
f 881 882 883
f 848 1930 849
f 97 848 849
f 849 2645 97
f 2645 849 2336
f 849 1930 2336
f 544 2336 1930
f 1930 587 544
f 587 588 544
f 544 588 545
f 544 545 546
f 546 545 599
f 599 2655 546
f 2655 594 546
f 594 2655 598
f 594 598 636
f 635 636 598
f 597 635 598
f 597 598 599
f 599 2656 597
f 2016 597 2656
f 2656 2380 2016
f 2380 1003 2016
f 966 2016 1003
f 1003 1004 966
f 966 1004 659
f 965 966 659
f 965 659 2669
f 2673 965 2669
f 2673 2669 2025
f 1062 2673 2025
f 1062 2025 1063
f 1062 1063 1022
f 1021 1062 1022
f 1020 1021 1022
f 1020 1022 2677
f 1423 1020 2677
f 1423 2677 2681
f 1423 2681 2101
f 1423 2101 1424
f 1400 1423 1424
f 1400 1424 1401
f 1400 1401 1402
f 2689 1400 1402
f 2689 1402 1448
f 201 2689 1448
f 1448 1402 1452
f 1452 1428 1448
f 217 1448 1428
f 1428 1452 1429
f 1428 1429 262
f 1428 262 2466
f 261 2466 262
f 261 262 263
f 261 263 1849
f 261 1849 1184
f 1156 261 1184
f 1184 246 1156
f 245 1156 246
f 244 245 246
f 246 323 244
f 246 322 323
f 323 322 1197
f 323 1197 1232
f 323 1232 712
f 305 1232 1197
f 305 1197 306
f 305 306 307
f 307 921 305
f 305 921 2005
f 2005 713 305
f 920 2005 921
f 890 920 921
f 889 890 921
f 889 303 890
f 303 2706 890
f 303 956 2706
f 2011 2706 956
f 956 931 2011
f 2010 2011 931
f 931 956 957
f 957 932 931
f 751 931 932
f 751 932 1357
f 1357 2710 751
f 2710 1357 2081
f 2710 2081 765
f 1330 2081 1357
f 1330 1357 1358
f 1358 1331 1330
f 1330 1331 1332
f 1331 2717 1332
f 1332 2717 2721
f 2721 1394 1332
f 2081 1332 1394
f 1394 1089 2081
f 1368 1089 1394
f 1369 1368 1394
f 185 1368 1369
f 145 185 1369
f 145 1369 146
f 145 146 147
f 146 1824 147
f 1824 2729 147
f 2729 2733 147
f 136 147 2733
f 2733 134 136
f 134 135 136
f 111 136 135
f 194 136 111
f 1837 136 194
f 194 2299 1837
f 2739 1837 2299
f 1837 2739 440
f 1837 186 136
f 185 136 186
f 186 1837 18
f 135 134 673
f 135 673 112
f 2744 673 134
f 673 2744 1985
f 664 673 1985
f 1985 662 664
f 662 663 664
f 664 663 706
f 706 663 707
f 662 1954 663
f 663 1954 2374
f 1954 697 2374
f 1954 2475 697
f 2475 698 697
f 376 697 698
f 698 377 376
f 376 377 378
f 376 378 1269
f 376 1269 364
f 364 1269 1025
f 364 1025 424
f 364 424 365
f 364 365 156
f 156 697 364
f 365 424 425
f 157 365 425
f 157 425 1322
f 425 1282 1322
f 70 1322 1282
f 1282 417 70
f 417 418 70
f 70 418 56
f 69 70 56
f 69 56 1803
f 2513 69 1803
f 2506 69 2513
f 2506 1322 69
f 58 1803 56
f 56 57 58
f 58 57 104
f 58 104 105
f 105 104 1813
f 1803 105 1813
f 1813 104 92
f 104 2769 92
f 2769 93 92
f 92 93 94
f 581 94 93
f 581 93 582
f 582 1931 581
f 581 1931 568
f 2776 581 568
f 2777 2776 568
f 568 531 2777
f 567 531 568
f 632 567 568
f 632 633 567
f 633 1939 567
f 1939 549 567
f 633 622 1939
f 1118 1939 622
f 622 624 1118
f 622 623 624
f 623 999 624
f 624 999 1000
f 1000 1868 624
f 2117 624 1868
f 1868 2790 2117
f 1868 991 2790
f 810 2790 991
f 810 991 992
f 992 1054 810
f 1054 1055 810
f 1054 2026 1055
f 2026 2799 1055
f 1055 2799 2557
f 2799 2026 1042
f 745 2799 1042
f 745 1042 1043
f 743 745 1043
f 743 744 745
f 1043 1042 1965
f 1043 1965 2804
f 2804 733 1043
f 1043 733 732
f 732 1611 1043
f 732 733 734
f 734 733 784
f 783 784 733
f 783 733 934
f 934 2813 783
f 2814 783 2813
f 778 2814 2813
f 777 778 2813
f 777 473 778
f 778 473 475
f 473 474 475
f 474 1913 475
f 475 1913 1798
f 1798 457 475
f 2814 475 457
f 459 2814 457
f 457 458 459
f 526 459 458
f 526 458 527
f 1925 526 527
f 1925 527 2829
f 512 2829 527
f 954 512 527
f 512 954 513
f 512 513 514
f 514 513 2759
f 514 2759 2148
f 514 2148 1728
f 1728 1729 514
f 2320 514 1729
f 2313 2320 1729
f 2313 1729 2314
f 2764 2313 2314
f 2764 2314 2765
f 1740 2764 2765
f 1740 2765 1738
f 1738 1739 1740
f 1740 1739 2322
f 1740 2322 1723
f 2321 1723 2322
f 2321 2322 2728
f 2254 2321 2728
f 2254 2728 1654
f 2728 1655 1654
f 1654 1655 1656
f 2276 1654 1656
f 1667 2276 1656
f 1667 1656 2269
f 1667 2269 2846
f 1667 2846 2737
f 2737 2738 1667
f 1667 2738 1665
f 1665 1666 1667
f 2279 1666 1665
f 2279 1665 2277
f 2277 2278 2279
f 1173 2279 2278
f 2278 2277 2693
f 2278 2693 1217
f 1217 2693 1280
f 1143 1217 1280
f 1143 1280 1185
f 1185 1144 1143
f 1143 1144 1145
f 1143 1145 2699
f 2699 2698 1143
f 2698 2699 1255
f 2229 2699 1145
f 1144 1597 1145
f 1597 1189 1145
f 1145 1189 1191
f 1189 1190 1191
f 1189 2860 1190
f 2860 2216 1190
f 2216 2756 1190
f 2756 796 1190
f 1190 796 1699
f 1190 1699 1270
f 1190 1270 1234
f 1190 1234 1235
f 1235 1234 2752
f 1716 2752 1234
f 1234 2757 1716
f 1716 2757 1717
f 1716 1717 1275
f 1323 1716 1275
f 1274 1323 1275
f 1273 1274 1275
f 1274 1273 2819
f 1274 2819 2287
f 1790 2287 2819
f 2819 1791 1790
f 1789 1790 1791
f 2381 1789 1791
f 1791 2382 2381
f 2381 2382 2383
f 1500 2381 2383
f 2825 1500 2383
f 2825 2383 953
f 1797 2825 953
f 1797 953 1798
f 1798 2391 1797
f 2391 1501 1797
f 2080 1501 2391
f 2080 2391 1913
f 1501 2080 2165
f 2165 1502 1501
f 1500 1501 1502
f 1745 1500 1502
f 1502 2162 1745
f 1789 1745 2162
f 2162 1502 2163
f 2161 2162 2163
f 1519 2161 2163
f 1519 2163 1517
f 1517 1518 1519
f 704 1519 1518
f 1518 2133 704
f 702 704 2133
f 2133 2179 702
f 2179 2135 702
f 702 2135 2298
f 1677 702 2298
f 2298 1675 1677
f 1675 1676 1677
f 2295 1677 1676
f 1676 2287 2295
f 2287 1676 1323
f 2161 1677 2295
f 2161 2295 1790
f 2161 703 1677
f 2161 704 703
f 1323 1676 1675
f 1323 1675 1203
f 1323 1203 2752
f 2297 1675 2298
f 1472 1675 2297
f 1472 2297 2135
f 1473 1472 2135
f 2135 1768 1473
f 1768 1769 1473
f 1073 1473 1769
f 2373 1073 1769
f 2373 1769 1779
f 1779 588 2373
f 587 1073 2373
f 1769 1768 1779
f 1777 1779 1768
f 1777 1778 1779
f 1778 2380 1779
f 2380 545 1779
f 1003 1778 1777
f 1777 2132 1003
f 1777 2179 2132
f 2135 1777 1768
f 1072 1472 1473
f 703 702 1677
f 2298 2135 2297
f 2179 1777 2135
f 2133 2132 2179
f 2132 2133 1483
f 1483 1004 2132
f 1485 1004 1483
f 1483 1484 1485
f 2644 1485 1484
f 1484 2596 2644
f 2147 2644 2596
f 2596 1371 2147
f 2147 1371 1620
f 2147 1620 660
f 524 660 1620
f 1619 524 1620
f 2245 1619 1620
f 2098 2245 1620
f 2245 2098 2088
f 2088 1521 2245
f 2244 2245 1521
f 1630 2244 1521
f 1521 175 1630
f 1630 175 1631
f 1631 2709 1630
f 2708 2709 1631
f 1631 2247 2708
f 1531 2708 2247
f 1531 2247 2248
f 2248 1948 1531
f 1531 1948 692
f 692 1530 1531
f 1759 1531 1530
f 2350 1759 1530
f 2350 1530 2198
f 2197 2350 2198
f 2197 2198 1547
f 1547 2101 2197
f 2101 1547 1546
f 1545 1546 1547
f 1545 357 1546
f 2214 1546 357
f 2214 357 452
f 452 2119 2214
f 1401 2214 2119
f 2119 452 1453
f 1452 2119 1453
f 1452 1453 1454
f 1454 1453 2073
f 1454 2073 1904
f 2118 1454 1904
f 2118 1904 1289
f 1289 1464 2118
f 263 2118 1464
f 263 1464 1465
f 1464 1289 1465
f 1465 1289 2629
f 2629 2124 1465
f 2124 265 1465
f 1465 265 1849
f 265 2124 266
f 264 265 266
f 266 1580 264
f 1579 264 1580
f 1580 2697 1579
f 251 1579 2697
f 251 2697 2921
f 2921 252 251
f 251 252 253
f 324 253 252
f 252 319 324
f 1604 324 319
f 319 318 1604
f 314 1604 318
f 318 2926 314
f 314 2926 315
f 234 314 315
f 234 315 379
f 379 235 234
f 234 235 236
f 234 236 370
f 370 889 234
f 889 307 234
f 2933 234 307
f 236 237 370
f 370 237 239
f 370 239 303
f 239 302 303
f 302 2758 303
f 302 421 2758
f 421 1358 2758
f 2758 1358 957
f 420 421 302
f 302 238 420
f 420 238 1636
f 1636 1637 420
f 1637 1636 2716
f 1637 2716 2717
f 2256 2717 2716
f 2256 2716 1645
f 1645 2255 2256
f 1645 146 2255
f 1644 146 1645
f 1644 1645 1646
f 1646 2725 1644
f 2039 1644 2725
f 2039 2725 2265
f 2266 2039 2265
f 2265 1560 2266
f 2040 2266 1560
f 1559 2040 1560
f 1559 1560 1561
f 1561 2286 1559
f 2685 1559 2286
f 2685 2286 2223
f 2030 2685 2223
f 1569 2030 2223
f 2223 102 1569
f 1569 102 101
f 1568 1569 101
f 101 2692 1568
f 2230 1568 2692
f 2692 2828 2230
f 2828 2231 2230
f 2230 2231 2232
f 1076 2230 2232
f 2232 2541 1076
f 2541 55 1076
f 1075 1076 55
f 55 54 1075
f 54 2031 1075
f 2030 1075 2031
f 2031 1115 2030
f 2030 1115 2550
f 1115 1117 2550
f 1559 2550 1117
f 1115 1116 1117
f 1116 2041 1117
f 1117 2041 2040
f 2039 2040 2041
f 2041 2509 2039
f 2509 2041 1895
f 802 2509 1895
f 1895 803 802
f 802 803 804
f 802 804 1824
f 804 1986 1824
f 1985 1986 804
f 1985 804 852
f 803 852 804
f 852 803 1895
f 852 1895 853
f 851 852 853
f 853 1993 851
f 1995 851 1993
f 1993 1994 1995
f 2476 1995 1994
f 1994 558 2476
f 2475 2476 558
f 557 2475 558
f 557 558 559
f 557 559 754
f 754 755 557
f 754 1744 755
f 755 1744 601
f 755 601 698
f 1744 2480 601
f 601 2480 21
f 21 377 601
f 20 377 21
f 19 20 21
f 19 1748 20
f 20 1748 971
f 2538 20 971
f 2538 971 486
f 486 1269 2538
f 486 971 972
f 486 972 487
f 485 486 487
f 485 487 1758
f 485 1758 2029
f 1026 485 2029
f 1026 2029 418
f 1024 1026 418
f 1024 1025 1026
f 418 2029 532
f 418 532 533
f 418 533 57
f 57 533 2609
f 533 1404 2609
f 2609 1404 1403
f 104 2609 1403
f 1403 1404 1405
f 1403 1405 93
f 2100 1405 1404
f 1404 2099 2100
f 2617 2100 2099
f 2099 2507 2617
f 2617 2507 1430
f 1432 2617 1430
f 1430 1431 1432
f 1431 2113 1432
f 2108 2113 1431
f 1431 1853 2108
f 2423 2108 1853
f 231 2423 1853
f 229 231 1853
f 229 230 231
f 231 230 1157
f 1157 632 231
f 632 1931 231
f 230 623 1157
f 230 294 623
f 230 1873 294
f 1873 292 294
f 292 293 294
f 999 294 293
f 293 1867 999
f 1867 293 1825
f 1825 1137 1867
f 1867 1137 1868
f 1137 2524 1868
f 1137 893 2524
f 892 2524 893
f 892 893 894
f 894 2003 892
f 892 2003 992
f 894 1552 2003
f 1552 935 2003
f 2003 935 1965
f 2026 2003 1965
f 935 1552 936
f 934 935 936
f 934 936 2008
f 777 934 2008
f 777 2008 2009
f 2009 2589 777
f 2589 2009 2089
f 2089 1334 2589
f 2589 1334 473
f 1334 1335 473
f 1334 1372 1335
f 474 1335 1372
f 474 1372 2080
f 2080 1372 2596
f 2598 2080 2596
f 2596 2597 2598
f 2598 2597 2080
f 1371 1372 1334
f 2098 1371 1334
f 2098 1334 2089
f 2088 2089 2009
f 2009 1553 2088
f 130 2088 1553
f 1553 131 130
f 129 130 131
f 129 131 1136
f 129 1136 1135
f 176 129 1135
f 1825 176 1135
f 176 1825 292
f 292 1839 176
f 1839 174 176
f 174 175 176
f 1520 176 175
f 2248 175 174
f 1031 174 1839
f 1031 1839 1838
f 656 1031 1838
f 1838 1949 656
f 1949 657 656
f 656 657 658
f 658 1032 656
f 658 2485 1032
f 2485 1957 1032
f 1948 1032 1957
f 1032 1948 1031
f 2485 690 1957
f 1957 690 692
f 690 691 692
f 690 2198 691
f 690 1545 2198
f 1545 690 1887
f 1887 690 1955
f 1955 1956 1887
f 1956 358 1887
f 357 1887 358
f 356 357 358
f 356 358 1241
f 2073 356 1241
f 2073 1241 1884
f 1241 1885 1884
f 1884 1885 409
f 409 411 1884
f 1904 1884 411
f 409 410 411
f 1289 411 410
f 410 409 2074
f 1902 410 2074
f 1902 2074 1903
f 1807 1902 1903
f 1807 1903 48
f 47 1807 48
f 47 48 49
f 1914 47 49
f 1914 49 2400
f 85 1914 2400
f 85 2400 1804
f 1804 1805 85
f 85 1805 1816
f 1816 86 85
f 84 85 86
f 86 2405 84
f 2404 84 2405
f 1047 2404 2405
f 2405 1814 1047
f 1047 1814 561
f 447 1047 561
f 563 447 561
f 561 562 563
f 2479 563 562
f 2479 562 1505
f 1979 2479 1505
f 771 1979 1505
f 771 1505 1091
f 609 771 1091
f 609 1091 610
f 609 610 611
f 611 2482 609
f 772 609 2482
f 1523 772 2482
f 1523 2482 1129
f 1128 1523 1129
f 981 1128 1129
f 981 1129 982
f 981 982 983
f 983 2539 981
f 1535 981 2539
f 1535 2539 2881
f 1535 2881 823
f 825 1535 823
f 823 824 825
f 825 824 1036
f 825 1036 1037
f 1037 2540 825
f 2540 1037 1263
f 1263 1551 2540
f 2540 1551 1535
f 1263 730 1551
f 1551 730 1128
f 729 1128 730
f 728 729 730
f 2495 729 728
f 2495 728 2496
f 2496 1966 2495
f 1968 2495 1966
f 1966 1967 1968
f 1968 1967 772
f 1967 770 772
f 770 771 772
f 1967 2504 770
f 2504 2505 770
f 770 2505 1979
f 2505 1980 1979
f 1918 1979 1980
f 1980 448 1918
f 447 1918 448
f 446 447 448
f 448 502 446
f 502 1916 446
f 446 1916 1915
f 446 1915 2404
f 1914 1915 1916
f 1916 501 1914
f 1916 502 501
f 501 502 503
f 2473 501 503
f 2472 2473 503
f 266 2472 503
f 266 503 1926
f 1926 503 448
f 1580 1926 448
f 2472 266 2767
f 2767 266 2768
f 2768 2766 2767
f 2767 2766 2473
f 3060 2473 2766
f 2766 1807 3060
f 1807 2766 410
f 2629 410 2766
f 2766 2768 2629
f 2473 2472 2767
f 2473 3060 501
f 501 3060 47
f 503 502 448
f 446 2404 447
f 1580 448 1980
f 2740 1580 1980
f 1979 1918 563
f 1980 2505 2740
f 2504 2740 2505
f 2740 2504 2921
f 1967 252 2504
f 320 1967 1966
f 2926 320 1966
f 320 319 1967
f 2495 1968 1523
f 2926 1966 2496
f 3079 2926 2496
f 3079 2496 3082
f 379 3079 3082
f 2700 379 3082
f 2700 3082 1236
f 1236 2830 2700
f 2830 2049 2700
f 2049 2055 2700
f 235 2055 2049
f 2049 2045 235
f 2049 2050 2045
f 2050 2046 2045
f 236 2045 2046
f 2050 2051 2046
f 237 2046 2051
f 2051 238 237
f 2930 238 2051
f 3097 2930 2051
f 3101 3097 2051
f 3101 1560 3097
f 2930 3097 2265
f 3101 2051 2050
f 2079 3101 2050
f 2050 2062 2079
f 2072 2079 2062
f 2072 2062 100
f 2072 100 102
f 2072 102 2286
f 2062 2063 100
f 101 100 2063
f 2063 2831 101
f 2831 2063 2830
f 3108 2830 2063
f 2063 2062 3108
f 3108 2062 2049
f 2079 2072 2286
f 2079 1561 3101
f 2062 2050 2049
f 2830 3108 2049
f 2830 1236 2831
f 3118 2831 1236
f 1236 3120 3118
f 2826 3118 3120
f 3120 2422 2826
f 2826 2422 2827
f 2826 2827 2828
f 3125 2827 2422
f 2422 1286 3125
f 3126 3125 1286
f 1286 2583 3126
f 3129 3126 2583
f 2583 1154 3129
f 3129 1154 3131
f 3129 3131 2784
f 2784 2783 3129
f 2661 2783 2784
f 3135 2661 2784
f 2975 3135 2784
f 2975 2784 2974
f 2974 2781 2975
f 2780 2975 2781
f 2779 2780 2781
f 2648 2779 2781
f 2648 2781 2654
f 2654 2606 2648
f 2648 2606 2608
f 2648 2608 2649
f 3148 2649 2608
f 2754 3148 2608
f 2754 2608 2607
f 2607 2755 2754
f 2753 2754 2755
f 2755 2949 2753
f 2753 2949 3030
f 3030 3155 2753
f 2753 3155 1226
f 1226 2751 2753
f 1226 2750 2751
f 3159 2751 2750
f 3160 3159 2750
f 1225 3160 2750
f 3163 3160 1225
f 3164 3163 1225
f 3164 1225 2939
f 2939 2562 3164
f 3164 2562 2817
f 3164 2817 2816
f 2815 2816 2817
f 3169 2815 2817
f 3169 2817 3044
f 3170 3169 3044
f 2640 3170 3044
f 3044 2812 2640
f 2811 2640 2812
f 3174 2811 2812
f 3175 3174 2812
f 3175 2812 3177
f 3175 3177 3179
f 3175 3179 3180
f 3182 3175 3180
f 3182 3180 2749
f 2749 3186 3182
f 3182 3186 2572
f 3182 2572 2574
f 3182 2574 2963
f 2963 2574 3192
f 3192 2961 2963
f 2961 2962 2963
f 2963 2962 2811
f 2962 2961 3194
f 3194 2639 2962
f 2639 2640 2962
f 2639 2635 2640
f 2639 2633 2635
f 2633 2634 2635
f 2635 2634 2815
f 3202 2815 2634
f 2634 3204 3202
f 3202 3204 3206
f 2816 3202 3206
f 2816 3206 2994
f 2816 2994 3163
f 2919 3163 2994
f 2994 2965 2919
f 3213 2919 2965
f 2965 3215 3213
f 2707 3213 3215
f 3215 2701 2707
f 2649 2707 2701
f 2703 2649 2701
f 2701 2702 2703
f 2703 2702 2803
f 2703 2803 2839
f 2703 2839 2779
f 2802 2839 2803
f 2801 2802 2803
f 2801 551 2802
f 2802 551 2980
f 2802 2980 3135
f 551 550 2980
f 2798 2980 550
f 2671 2798 550
f 550 2956 2671
f 2956 2672 2671
f 2671 2672 2662
f 2662 2661 2671
f 2661 2662 2663
f 2662 3234 2663
f 3234 2827 2663
f 2663 2827 3126
f 2783 2663 3126
f 3234 2231 2827
f 3234 2672 2231
f 2231 2672 2955
f 2672 3234 2662
f 2955 2672 2956
f 2955 2956 2982
f 2955 2982 2627
f 2627 2622 2955
f 2955 2622 2232
f 2627 2628 2622
f 2628 2623 2622
f 2622 2623 2541
f 2623 53 2541
f 53 2623 2901
f 2901 1856 53
f 54 53 1856
f 1856 1850 54
f 3250 54 1850
f 3250 1850 2031
f 2031 1850 1852
f 1850 1851 1852
f 1851 1862 1852
f 1852 1862 1115
f 1115 1862 1861
f 1860 1861 1862
f 1846 1860 1862
f 1848 1860 1846
f 1846 1847 1848
f 1847 1760 1848
f 1848 1760 1891
f 1760 271 1891
f 271 1890 1891
f 1891 1890 3267
f 1891 3267 1882
f 1860 1891 1882
f 1883 1860 1882
f 1883 1882 1881
f 1883 1881 1897
f 1883 1897 1861
f 1896 1861 1897
f 1895 1896 1897
f 1896 1116 1861
f 1897 1881 853
f 1881 1882 853
f 1882 3267 1994
f 3282 3267 1890
f 1890 1753 3282
f 1753 521 3282
f 521 2999 3282
f 558 3282 2999
f 521 520 2999
f 520 394 2999
f 394 355 2999
f 355 559 2999
f 355 3288 559
f 559 3288 2720
f 2720 3288 2719
f 2719 2714 2720
f 2720 2714 2480
f 2714 2715 2480
f 2480 2715 3291
f 2480 3291 19
f 3296 19 3291
f 3297 3296 3291
f 3291 3299 3297
f 3299 2991 3297
f 2775 3297 2991
f 2773 2775 2991
f 2773 2991 2523
f 2773 2523 2522
f 3303 2773 2522
f 2522 2690 3303
f 3303 2690 2691
f 2690 2682 2691
f 2684 2691 2682
f 2682 2683 2684
f 3310 2684 2683
f 2683 3312 3310
f 2552 3310 3312
f 3312 2556 2552
f 2555 2552 2556
f 2556 3315 2555
f 3315 2553 2555
f 3315 3317 2553
f 2553 3317 1431
f 2551 2553 1431
f 2551 2552 2553
f 229 1431 3317
f 3320 229 3317
f 3320 3317 3315
f 3315 3322 3320
f 1873 3320 3322
f 1873 3322 1949
f 3315 657 3322
f 2556 657 3315
f 2520 657 2556
f 2520 2521 657
f 2521 2520 3331
f 3331 2519 2521
f 2519 2904 2521
f 2904 658 2521
f 2518 2904 2519
f 2517 2518 2519
f 3000 2518 2517
f 3338 3000 2517
f 3342 3338 2517
f 2517 3344 3342
f 2342 3342 3344
f 2481 2342 3344
f 3331 2481 3344
f 2481 3331 3312
f 2333 2481 3312
f 2481 2333 2342
f 2335 2342 2333
f 2333 2334 2335
f 2334 2327 2335
f 2328 2335 2327
f 2327 297 2328
f 2337 2328 297
f 335 2337 297
f 335 297 296
f 335 296 3352
f 333 335 3352
f 3361 333 3352
f 3361 3352 309
f 309 308 3361
f 2170 3361 308
f 308 2369 2170
f 2360 2170 2369
f 2347 2360 2369
f 2359 2360 2347
f 3368 2359 2347
f 2348 3368 2347
f 2347 308 2348
f 2348 308 2365
f 3039 2348 2365
f 310 3039 2365
f 3375 3039 310
f 3375 310 2991
f 3039 3375 3299
f 2621 3039 3299
f 3376 2621 3299
f 3376 2718 2621
f 2621 2718 2620
f 2620 2425 2621
f 2426 2425 2620
f 2620 3385 2426
f 3385 3387 2426
f 3387 2619 2426
f 2424 2426 2619
f 2618 2424 2619
f 2619 3386 2618
f 2618 3386 3392
f 3392 3393 2618
f 2618 3393 3394
f 3393 2570 3394
f 3394 2570 2571
f 2424 3394 2571
f 2571 2425 2424
f 2425 2571 3039
f 2570 2348 2571
f 2570 3393 2359
f 2857 2359 3393
f 2569 2857 3393
f 2857 2569 2835
f 2568 2835 2569
f 2435 2568 2569
f 2435 2569 3392
f 2435 3392 2436
f 2435 2436 2429
f 2429 2428 2435
f 2427 2428 2429
f 2429 3391 2427
f 2456 2427 3391
f 2535 2456 3391
f 2535 3391 2536
f 2535 2536 2537
f 3414 2537 2536
f 2910 3414 2536
f 2536 3417 2910
f 3417 2533 2910
f 2532 2910 2533
f 2532 2533 2534
f 2532 2534 3214
f 2532 3214 3420
f 2532 3420 3283
f 3283 3414 2532
f 3283 3423 3414
f 3423 2604 3414
f 2604 3425 3414
f 2588 3425 2604
f 2603 2588 2604
f 2603 2604 2605
f 3427 2603 2605
f 2605 2944 3427
f 2940 3427 2944
f 2940 2944 2599
f 2601 2940 2599
f 2599 2600 2601
f 3432 2601 2600
f 2600 2941 3432
f 2941 3433 3432
f 3434 3432 3433
f 3435 3434 3433
f 3435 3433 3437
f 3438 3435 3437
f 3437 2864 3438
f 2864 2837 3438
f 2837 3167 3438
f 3438 3167 2844
f 2844 3167 2966
f 2966 2845 2844
f 2843 2844 2845
f 2418 2843 2845
f 2418 2845 2967
f 2967 3451 2418
f 2418 3451 2417
f 2417 2412 2418
f 2410 2412 2417
f 2410 2411 2412
f 2411 3456 2412
f 3456 2843 2412
f 2843 3456 3432
f 3456 3460 3432
f 2646 3460 3456
f 3460 2646 87
f 2887 3460 87
f 87 2888 2887
f 2887 2888 2889
f 2887 2889 2940
f 3466 2889 2888
f 3466 2888 2489
f 2484 3466 2489
f 2489 2490 2484
f 2484 2490 1602
f 2483 2484 1602
f 1602 2053 2483
f 2483 2053 2957
f 2957 2587 2483
f 2586 2483 2587
f 2586 2587 2588
f 3476 2586 2588
f 3476 3466 2586
f 2588 2587 2870
f 2584 2870 2587
f 2587 2457 2584
f 2584 2457 2456
f 2456 2537 2584
f 2537 3425 2584
f 2456 2457 2445
f 2456 2445 2447
f 2445 2446 2447
f 2446 3485 2447
f 2447 3485 2428
f 2568 2428 3485
f 3485 2446 3402
f 3485 3402 3493
f 3485 3493 2835
f 3493 3051 2835
f 3051 2836 2835
f 2834 2835 2836
f 2834 2836 2168
f 2834 2168 2360
f 2836 2203 2168
f 2398 2168 2203
f 2203 2157 2398
f 2398 2157 2399
f 2398 2399 334
f 334 2169 2398
f 2169 334 333
f 2169 333 2170
f 2168 2169 2170
f 2399 2174 334
f 334 2174 2159
f 2159 2160 334
f 334 2160 335
f 2159 1804 2160
f 1804 2337 2160
f 2174 1804 2159
f 2173 2174 2399
f 2173 1805 2174
f 2157 2173 2399
f 2156 2173 2157
f 2155 2156 2157
f 2195 2156 2155
f 2202 2195 2155
f 2202 2155 2203
f 2202 2203 2204
f 2204 2196 2202
f 2196 2204 3051
f 3051 254 2196
f 254 2194 2196
f 2194 2195 2196
f 2195 2194 2208
f 2208 3042 2195
f 2207 3042 2208
f 2207 2208 2209
f 2207 2209 2191
f 2193 2207 2191
f 2191 2192 2193
f 2193 2192 3520
f 2193 3520 86
f 3522 3520 2192
f 3522 2192 3524
f 3524 2895 3522
f 2787 3522 2895
f 2785 2787 2895
f 2897 2785 2895
f 2895 2896 2897
f 610 2897 2896
f 2896 2499 610
f 2499 2896 3531
f 2499 3531 2500
f 611 2499 2500
f 611 2500 1420
f 2494 611 1420
f 2494 1420 3533
f 2861 2494 3533
f 2861 3533 3027
f 2861 3027 3026
f 2861 3026 2200
f 3540 2861 2200
f 3540 2200 2882
f 2881 3540 2882
f 2880 2881 2882
f 2880 2882 918
f 2880 918 845
f 823 2880 845
f 845 2467 823
f 823 2467 1177
f 2468 1177 2467
f 2467 844 2468
f 2468 844 3549
f 3489 2468 3549
f 3489 3549 3020
f 3022 3489 3020
f 3020 3021 3022
f 3550 3022 3021
f 2763 3550 3021
f 2763 3021 3494
f 3494 1283 2763
f 1283 1284 2763
f 2763 1284 3019
f 2763 3019 3497
f 3497 3019 2868
f 3497 2868 3552
f 3497 3552 3484
f 3484 3018 3497
f 3018 3010 3497
f 3550 3497 3010
f 3550 3010 3053
f 3009 3053 3010
f 3008 3009 3010
f 3009 3008 2823
f 2823 2824 3009
f 3009 2824 2735
f 2824 2736 2735
f 2734 2735 2736
f 3007 2734 2736
f 2736 3448 3007
f 3448 3455 3007
f 1223 3007 3455
f 3454 1223 3455
f 2974 3454 3455
f 1153 3454 2974
f 2974 3131 1153
f 3454 1153 1223
f 1223 1153 1176
f 1176 1177 1223
f 1222 1223 1177
f 1176 824 1177
f 1152 824 1176
f 1152 1176 1153
f 1152 1153 1154
f 1154 1198 1152
f 2567 1152 1198
f 1198 1285 2567
f 2567 1285 1287
f 3404 2567 1287
f 1287 2422 3404
f 2567 3404 1037
f 1316 1037 3404
f 1238 1316 3404
f 3404 3120 1238
f 1316 1238 1237
f 1316 1237 1263
f 1263 1237 1264
f 1264 728 1263
f 1237 3082 1264
f 1236 1237 1238
f 1285 1286 1287
f 1285 1198 2583
f 2567 1036 1152
f 3007 1223 1222
f 3448 2781 3455
f 2654 3448 2736
f 3541 2654 2736
f 1222 2734 3007
f 2734 1222 2468
f 2735 2734 3052
f 3052 3053 2735
f 3053 3052 3022
f 3052 2734 3489
f 2824 3541 2736
f 3541 2824 2606
f 2823 2606 2824
f 2607 2606 2823
f 3546 2607 2823
f 2823 3008 3546
f 3008 3569 3546
f 3546 3569 2948
f 2948 2755 3546
f 3569 1697 2948
f 3031 2948 1697
f 1697 2257 3031
f 3031 2257 3032
f 3030 3031 3032
f 3030 3032 373
f 373 2653 3030
f 2652 3030 2653
f 2652 2653 1243
f 1243 1242 2652
f 3029 2652 1242
f 3029 1242 2977
f 2976 3029 2977
f 2976 2977 2971
f 2563 2976 2971
f 2561 2563 2971
f 2971 3572 2561
f 3177 2561 3572
f 3017 3572 2971
f 2741 3017 2971
f 3017 2741 2743
f 3017 2743 3462
f 3463 3017 3462
f 3462 2749 3463
f 3462 2747 2749
f 2747 2748 2749
f 2748 2747 3014
f 2748 3014 3016
f 3016 3573 2748
f 3573 3186 2748
f 3573 3473 3186
f 3186 3473 2573
f 3046 2573 3473
f 3046 3473 3574
f 3046 3574 3521
f 3521 3047 3046
f 3046 3047 3048
f 3047 3192 3048
f 3048 3192 2573
f 2808 3192 3047
f 3047 2809 2808
f 2808 2809 2810
f 2808 2810 3045
f 2808 3045 3194
f 2810 2633 3045
f 2810 3004 2633
f 2633 3004 3006
f 2931 2633 3006
f 2931 3006 3580
f 2931 3580 3327
f 2931 3327 3328
f 2931 3328 3204
f 3328 3334 3204
f 3204 3334 3333
f 2636 3333 3334
f 3334 2637 2636
f 2636 2637 2638
f 2636 2638 3337
f 2964 2636 3337
f 2964 3337 3586
f 3586 2958 2964
f 2964 2958 2965
f 2960 2965 2958
f 2958 2959 2960
f 2960 2959 3410
f 3409 2960 3410
f 3409 3410 3411
f 3415 3409 3411
f 3411 3188 3415
f 3188 3416 3415
f 2704 3415 3416
f 3416 2705 2704
f 2501 2704 2705
f 2705 3211 2501
f 2502 2501 3211
f 3211 3592 2502
f 3592 2995 2502
f 2502 2995 2503
f 2995 2993 2503
f 2503 2993 2667
f 2503 2667 552
f 2503 552 3040
f 3040 3041 2503
f 2501 2503 3041
f 3040 2801 3041
f 3041 2801 2702
f 2704 3041 2702
f 3040 552 551
f 552 2667 2668
f 552 2668 2796
f 552 2796 550
f 550 2796 2982
f 2982 2796 2668
f 2668 2978 2982
f 2978 2668 2667
f 2667 2899 2978
f 2978 2899 2627
f 2899 2667 3313
f 3313 3314 2899
f 3600 2899 3314
f 3314 3316 3600
f 3600 3316 2900
f 2625 2900 3316
f 2625 3316 2624
f 2624 1851 2625
f 1851 2624 1846
f 3316 3319 2624
f 3319 3323 2624
f 2624 3323 2953
f 2624 2953 1847
f 3323 2954 2953
f 2953 2954 272
f 272 1760 2953
f 2954 3399 272
f 272 3399 270
f 270 271 272
f 3399 242 270
f 270 242 1753
f 3399 3400 242
f 242 3400 240
f 240 241 242
f 242 241 520
f 282 520 241
f 241 283 282
f 281 282 283
f 283 225 281
f 227 281 225
f 225 226 227
f 226 3475 227
f 227 3475 385
f 385 3475 383
f 383 384 385
f 385 384 3614
f 3614 360 385
f 281 385 360
f 360 362 281
f 360 361 362
f 362 361 3482
f 362 3482 394
f 3482 395 394
f 394 395 353
f 353 395 2177
f 353 2177 354
f 353 354 355
f 2177 2176 354
f 2176 3426 354
f 354 3426 3288
f 3288 3426 3429
f 3426 2184 3429
f 3429 2184 2186
f 3429 2186 2715
f 3429 2715 2719
f 2718 2715 2186
f 2186 3431 2718
f 2185 3431 2186
f 2185 3385 3431
f 2996 3385 2185
f 2997 2996 2185
f 2997 2185 2184
f 2996 2997 2998
f 2998 2180 2996
f 2180 3383 2996
f 2180 2182 3383
f 2182 2687 3383
f 3624 3383 2687
f 2687 3386 3624
f 3386 2687 2686
f 2686 2436 3386
f 2686 2687 2688
f 3391 2686 2688
f 3390 3391 2688
f 3390 2688 2992
f 2989 3390 2992
f 2989 2992 2478
f 2989 2478 2990
f 2989 2990 2678
f 2989 2678 2533
f 3239 2678 2990
f 3239 2990 2916
f 2915 3239 2916
f 2915 2916 2477
f 2915 2477 3629
f 3629 3241 2915
f 2548 2915 3241
f 3241 2549 2548
f 2547 2548 2549
f 2547 2549 2914
f 2914 3244 2547
f 3631 2547 3244
f 3248 3631 3244
f 3244 3246 3248
f 3246 3247 3248
f 2923 3248 3247
f 2923 3247 2461
f 2800 2923 2461
f 2906 2800 2461
f 2906 2461 2460
f 2906 2460 3635
f 3635 3191 2906
f 2515 2906 3191
f 3191 2516 2515
f 2514 2515 2516
f 2516 2905 2514
f 2873 2514 2905
f 1747 2873 2905
f 1747 2905 3639
f 1747 3639 3198
f 3197 1747 3198
f 3198 3640 3197
f 3640 3132 3197
f 469 3197 3132
f 469 3132 2782
f 469 2782 467
f 467 468 469
f 1747 469 468
f 468 467 761
f 468 761 2873
f 761 467 762
f 762 1749 761
f 1749 2442 761
f 2442 3146 761
f 761 3146 2514
f 2442 2441 3146
f 2441 2906 3146
f 3220 2906 2441
f 2440 3220 2441
f 2440 578 3220
f 578 2800 3220
f 578 577 2800
f 576 577 578
f 1762 577 576
f 494 1762 576
f 494 576 495
f 493 494 495
f 1763 493 495
f 1763 495 2797
f 3653 1763 2797
f 2797 762 3653
f 3232 3653 762
f 762 3231 3232
f 3232 3231 3656
f 3232 3656 3295
f 1763 3232 3295
f 1763 3295 2951
f 2951 2952 1763
f 3664 2952 2951
f 2616 3664 2951
f 2951 3143 2616
f 2616 3143 2614
f 2614 2615 2616
f 2614 2950 2615
f 2950 3302 2615
f 2615 3302 3307
f 3664 2615 3307
f 3664 3307 3309
f 3307 3308 3309
f 3308 3087 3309
f 3088 3309 3087
f 3087 2925 3088
f 2434 3088 2925
f 2924 2434 2925
f 2924 3090 2434
f 3090 3091 2434
f 2434 3091 2432
f 2432 2433 2434
f 2433 2432 2566
f 2433 2566 2923
f 2923 577 2433
f 2432 2859 2566
f 2853 2566 2859
f 2859 2854 2853
f 2852 2853 2854
f 2854 2913 2852
f 2534 2852 2913
f 2852 2534 2678
f 3203 2852 2678
f 2912 2913 2854
f 2531 2912 2854
f 3207 2531 2854
f 3207 3208 2531
f 2531 3208 2529
f 2529 2530 2531
f 2531 2530 2911
f 2911 2530 3214
f 2911 3214 2913
f 2529 3670 2530
f 3670 3218 2530
f 3217 2530 3218
f 3217 3218 2943
f 2943 2942 3217
f 3283 3217 2942
f 2942 2605 3283
f 2942 2943 2944
f 3672 2943 3218
f 3672 2593 2943
f 2593 2599 2943
f 2595 2599 2593
f 2593 2594 2595
f 2594 2941 2595
f 2865 2941 2594
f 3673 2865 2594
f 3673 2594 3290
f 2872 3673 3290
f 3068 2872 3290
f 3068 3290 3675
f 3675 3069 3068
f 2582 3068 3069
f 3062 2582 3069
f 2402 3062 3069
f 2402 3069 3070
f 3070 2414 2402
f 2413 2402 2414
f 2413 2414 2415
f 3074 2413 2415
f 3074 2415 3075
f 2842 3074 3075
f 3075 2847 2842
f 2842 2847 2848
f 2848 2840 2842
f 2840 2841 2842
f 2840 3103 2841
f 3103 3105 2841
f 3105 2403 2841
f 2413 2841 2403
f 3154 2403 3105
f 3105 3104 3154
f 2486 3154 3104
f 3104 2487 2486
f 2486 2487 2488
f 2488 3158 2486
f 3157 2486 3158
f 3158 2891 3157
f 2890 3157 2891
f 2890 2891 2885
f 2884 2890 2885
f 2884 2885 2886
f 2938 2884 2886
f 2938 2886 3106
f 2938 3106 2638
f 2638 2936 2938
f 2936 2937 2938
f 2938 2937 3054
f 2937 2451 3054
f 2453 3054 2451
f 2451 2452 2453
f 2453 2452 2582
f 2582 2934 2453
f 2452 2872 2582
f 2871 2872 2452
f 2871 2864 2872
f 2864 2866 2872
f 2864 2865 2866
f 2871 2451 2864
f 2451 2871 2452
f 3054 2453 2934
f 3054 2934 3059
f 3059 2884 3054
f 3058 2884 3059
f 2401 3058 3059
f 3058 2401 2403
f 2401 2402 2403
f 3059 2934 2401
f 3062 2401 2934
f 2937 2838 2451
f 2838 2837 2451
f 2832 2837 2838
f 2838 2833 2832
f 1509 2832 2833
f 1510 1509 2833
f 2833 2637 1510
f 2637 2833 2936
f 1509 1510 1511
f 1511 3136 1509
f 1509 3136 3137
f 3136 973 3137
f 975 3137 973
f 973 974 975
f 3140 975 974
f 974 1100 3140
f 1102 3140 1100
f 1100 1101 1102
f 1101 1498 1102
f 1497 1102 1498
f 1497 1498 1499
f 3221 1497 1499
f 3221 1499 1538
f 3221 1538 1537
f 1537 1538 1539
f 1539 3225 1537
f 1077 1537 3225
f 3225 3226 1077
f 3226 1078 1077
f 834 1077 1078
f 1078 3229 834
f 3229 3230 834
f 834 3230 835
f 833 834 835
f 833 835 1102
f 1102 835 1527
f 1527 835 1528
f 1527 1528 3168
f 3168 3140 1527
f 3167 3168 1528
f 835 3710 1528
f 2966 1528 3710
f 2966 3710 2498
f 2498 2967 2966
f 2470 2967 2498
f 2497 2470 2498
f 2498 3173 2497
f 2898 2497 3173
f 2898 3173 3230
f 3230 3173 3710
f 2898 2892 2497
f 2894 2497 2892
f 2892 2893 2894
f 2894 2893 3714
f 2894 3714 3115
f 2894 3115 3116
f 3116 3719 2894
f 3719 2471 2894
f 2471 3719 3121
f 2471 3121 3122
f 3122 2469 2471
f 2469 2470 2471
f 3124 2469 3122
f 3123 3124 3122
f 2319 3123 3122
f 3122 2883 2319
f 2877 2319 2883
f 2877 2883 2878
f 2877 2878 2879
f 372 2877 2879
f 2879 1244 372
f 372 1244 1243
f 1243 373 372
f 371 372 373
f 371 373 3496
f 371 3496 413
f 371 413 3490
f 3490 413 2319
f 413 412 2319
f 412 413 414
f 414 3724 412
f 412 3724 3502
f 412 3502 3123
f 3502 3499 3123
f 3123 3499 3498
f 65 3498 3499
f 3499 1426 65
f 1426 3663 65
f 65 3663 63
f 63 64 65
f 64 3447 65
f 3446 3447 64
f 2275 3446 64
f 2275 64 88
f 87 2275 88
f 87 88 89
f 88 3449 89
f 2489 89 3449
f 3449 88 63
f 3449 63 3458
f 3458 3395 3449
f 3449 3395 3450
f 3450 2490 3449
f 1607 2490 3450
f 1607 3450 1605
f 1605 1606 1607
f 1606 2922 1607
f 1607 2922 1603
f 2922 3243 1603
f 1603 3243 2052
f 1603 2052 1601
f 1601 1602 1603
f 1601 2052 2053
f 2052 3240 2053
f 3240 3405 2053
f 3405 2818 2053
f 3405 3401 2818
f 3401 3402 2818
f 255 3402 3401
f 3401 2935 255
f 2935 256 255
f 254 255 256
f 2935 1120 256
f 2932 256 1120
f 1120 2208 2932
f 2208 1120 300
f 300 299 2208
f 298 299 300
f 299 298 2078
f 2078 1991 299
f 299 1991 3488
f 3481 299 3488
f 3481 3488 2191
f 2209 299 3481
f 1991 740 3488
f 3524 3488 740
f 739 3524 740
f 739 740 741
f 739 741 3545
f 3537 739 3545
f 3537 3545 2389
f 3537 2389 773
f 773 2389 774
f 773 774 775
f 3723 773 775
f 775 3547 3723
f 3531 3723 3547
f 832 3531 3547
f 3418 832 3547
f 465 3418 3547
f 3547 3739 465
f 3739 3351 465
f 3351 466 465
f 464 465 466
f 464 466 2167
f 3419 464 2167
f 2166 3419 2167
f 2166 2167 507
f 509 2166 507
f 507 508 509
f 1098 509 508
f 1098 508 1099
f 1098 1099 1014
f 1013 1098 1014
f 1012 1013 1014
f 1013 1012 3356
f 2138 1013 3356
f 140 2138 3356
f 3356 141 140
f 140 141 142
f 140 142 3459
f 140 3459 2136
f 180 2136 3459
f 3459 2293 180
f 2293 181 180
f 180 181 182
f 3474 180 182
f 3474 182 3686
f 3474 3686 3265
f 3469 3474 3265
f 3469 3265 3467
f 3467 3468 3469
f 3740 3469 3468
f 670 3740 3468
f 3468 671 670
f 669 670 671
f 669 671 3528
f 3528 3529 669
f 3529 3523 669
f 669 3523 693
f 695 669 693
f 693 694 695
f 694 616 695
f 695 616 574
f 574 2120 695
f 3530 695 2120
f 3530 2120 2121
f 2121 3335 3530
f 3530 3335 3740
f 2121 3332 3335
f 3335 3332 3336
f 3336 3469 3335
f 3748 3336 3332
f 3748 3332 2137
f 3748 2137 2136
f 2136 2137 2138
f 2137 3332 1353
f 1353 3318 2137
f 1013 2137 3318
f 926 3318 1353
f 1352 926 1353
f 1352 927 926
f 926 927 928
f 928 927 3343
f 928 3343 509
f 3419 509 3343
f 3343 3418 3419
f 830 3343 927
f 927 573 830
f 573 1363 830
f 831 830 1363
f 1363 1365 831
f 1420 831 1365
f 1420 1365 3424
f 1364 3424 1365
f 3027 3424 1364
f 831 1420 1421
f 2500 831 1421
f 1363 1364 1365
f 3422 1364 1363
f 3370 3422 1363
f 575 3422 3370
f 3370 573 575
f 573 574 575
f 575 2201 3422
f 3026 3422 2201
f 2201 575 616
f 2200 2201 616
f 616 615 2200
f 615 616 617
f 2882 615 617
f 3026 1364 3422
f 830 831 832
f 1363 573 3370
f 927 574 573
f 830 832 3343
f 574 927 1352
f 574 1352 2121
f 926 928 3318
f 1098 3318 928
f 1353 3332 1352
f 3748 3474 3336
f 1352 3332 2121
f 2120 574 2121
f 574 616 575
f 617 616 694
f 694 918 617
f 917 918 694
f 917 843 918
f 917 844 843
f 843 844 845
f 844 917 2855
f 3321 844 2855
f 2856 3321 2855
f 2855 2236 2856
f 3494 2856 2236
f 2855 3529 2236
f 3593 2236 3529
f 2236 3593 2234
f 2234 2235 2236
f 2236 2235 1283
f 1283 2235 2858
f 1588 1283 2858
f 2858 1589 1588
f 1588 1589 1277
f 1588 1277 1276
f 1276 1277 1278
f 1276 1278 1284
f 1278 2868 1284
f 2868 1278 2869
f 2867 2868 2869
f 2869 1376 2867
f 2867 1376 3622
f 2867 3622 2307
f 2308 2867 2307
f 2307 2258 2308
f 3480 2308 2258
f 2258 2257 3480
f 1714 3480 2257
f 2257 1696 1714
f 1713 1714 1696
f 1695 1713 1696
f 1695 1696 1697
f 1713 1695 3484
f 3430 3484 1695
f 3430 1695 3008
f 3430 3008 3018
f 1713 3480 1714
f 3755 3480 1713
f 3755 1713 3552
f 3552 2308 3755
f 414 2257 2258
f 2258 3428 414
f 2258 3436 3428
f 1180 3428 3436
f 3436 1181 1180
f 1179 1180 1181
f 1181 1425 1179
f 1179 1425 1426
f 3502 1179 1426
f 1181 3294 1425
f 3294 3388 1425
f 1425 3388 3389
f 1425 3389 3663
f 3458 3663 3389
f 3389 2227 3458
f 2227 3389 2225
f 2225 2226 2227
f 2227 2226 3384
f 2227 3384 3395
f 3395 3384 1266
f 3384 1267 1266
f 1192 1266 1267
f 1192 1267 1193
f 1192 1193 1194
f 1606 1192 1194
f 1193 1130 1194
f 1194 1130 2922
f 2922 1130 1132
f 1130 1131 1132
f 1132 1131 2036
f 1132 2036 3243
f 3240 3243 2036
f 2036 1121 3240
f 2036 1119 1121
f 1119 1120 1121
f 1119 3605 1120
f 298 1120 3605
f 3249 298 3605
f 298 3249 3245
f 298 3245 3187
f 871 3187 3245
f 871 3245 1131
f 871 1131 3760
f 3760 872 871
f 871 872 873
f 873 872 3193
f 873 3193 861
f 861 1991 873
f 1991 3187 873
f 861 741 1991
f 860 741 861
f 860 861 3201
f 860 3201 3200
f 3545 860 3200
f 2339 3200 3201
f 3201 3195 2339
f 626 2339 3195
f 3195 1951 626
f 1951 3766 626
f 626 3766 627
f 625 626 627
f 627 3028 625
f 605 625 3028
f 3028 3133 605
f 605 3133 1932
f 1932 606 605
f 605 606 607
f 2339 607 606
f 606 774 2339
f 774 606 3149
f 3138 774 3149
f 3138 3149 3139
f 3138 3139 1048
f 3351 3138 1048
f 3351 775 3138
f 1048 3139 1049
f 1048 1049 1050
f 3038 1048 1050
f 1050 3037 3038
f 1033 3038 3037
f 1033 3037 2020
f 2020 1034 1033
f 1033 1034 507
f 2020 2366 1034
f 2366 3238 1034
f 1012 1034 3238
f 1012 3238 3227
f 3238 589 3227
f 3227 589 3228
f 3227 3228 1443
f 141 3227 1443
f 1443 1445 141
f 1443 1444 1445
f 2106 1445 1444
f 2106 1444 3301
f 3301 756 2106
f 756 1435 2106
f 2106 1435 1434
f 1434 1435 1436
f 1434 1436 181
f 181 1436 3304
f 1436 3311 3304
f 3311 1919 3304
f 3304 1919 3305
f 3304 3305 3306
f 3304 3306 3092
f 3304 3092 182
f 182 3092 1220
f 1220 1221 182
f 1854 1221 1220
f 1220 3254 1854
f 1854 3254 1855
f 1854 1855 1209
f 1854 1209 1208
f 1208 1209 1210
f 1210 222 1208
f 280 1208 222
f 222 221 280
f 3265 280 221
f 221 222 223
f 221 223 949
f 3096 221 949
f 3468 3096 949
f 3467 221 3096
f 948 949 223
f 2007 948 223
f 223 3212 2007
f 3212 3205 2007
f 3205 941 2007
f 940 2007 941
f 939 940 941
f 941 3219 939
f 3528 939 3219
f 3593 3528 3219
f 3219 941 2234
f 941 1589 2234
f 941 3216 1589
f 1589 3216 1385
f 3216 3779 1385
f 1385 3779 1386
f 1385 1386 1387
f 1385 1387 1277
f 3284 1277 1387
f 3284 1387 2086
f 3284 2086 1376
f 1376 2086 1377
f 1376 1377 1378
f 1378 1377 3289
f 1378 3289 3293
f 3622 1378 3293
f 3293 3289 3294
f 1377 3073 3289
f 3073 2226 3289
f 3289 2226 3388
f 2226 3073 3072
f 3071 3072 3073
f 3555 3072 3071
f 1828 3555 3071
f 1829 1828 3071
f 1829 3071 2086
f 1827 1828 1829
f 1386 1827 1829
f 1827 3083 1828
f 1828 3083 125
f 125 3083 158
f 158 159 125
f 125 159 126
f 124 125 126
f 124 126 3081
f 3080 124 3081
f 3156 3080 3081
f 3081 681 3156
f 681 1950 3156
f 3709 3156 1950
f 1950 1952 3709
f 1952 3195 3709
f 1950 1951 1952
f 1950 680 1951
f 680 1315 1951
f 3165 1315 680
f 652 3165 680
f 652 680 681
f 653 3165 652
f 652 159 653
f 3162 653 159
f 653 3162 1314
f 1314 3162 3107
f 1314 3107 627
f 1314 627 1315
f 3107 1888 627
f 1888 3107 3275
f 3275 1889 1888
f 1299 1888 1889
f 1889 1300 1299
f 1299 1300 1301
f 393 1299 1301
f 1301 392 393
f 392 350 393
f 349 393 350
f 349 350 351
f 351 2325 349
f 349 2325 1733
f 349 1733 3061
f 1810 349 3061
f 3061 8 1810
f 8 7 1810
f 1049 1810 7
f 1049 1808 1810
f 1808 1809 1810
f 1809 3057 1810
f 1932 3057 1809
f 1808 1932 1809
f 3149 1808 1049
f 7 8 9
f 43 7 9
f 43 9 44
f 3064 43 44
f 2972 3064 44
f 44 2973 2972
f 1936 2972 2973
f 1936 2973 3562
f 3562 3789 1936
f 1936 3789 590
f 590 1934 1936
f 1934 1935 1936
f 1934 2366 1935
f 3147 1935 2366
f 2972 1935 3147
f 590 589 1934
f 589 590 554
f 555 554 590
f 553 554 555
f 553 555 3144
f 3144 3145 553
f 3145 2979 553
f 1443 553 2979
f 1443 2979 3594
f 2979 2022 3594
f 968 3594 2022
f 2021 968 2022
f 2021 2022 2023
f 2023 1005 2021
f 2023 3233 1005
f 1005 3233 2981
f 1005 2981 1006
f 968 1005 1006
f 1006 969 968
f 967 968 969
f 967 969 1298
f 967 1298 3172
f 967 3172 3171
f 1969 3171 3172
f 3172 1708 1969
f 1708 3483 1969
f 1969 3483 2394
f 1969 2394 1970
f 1969 1970 1971
f 757 1971 1970
f 1970 2396 757
f 757 2396 3181
f 757 3181 723
f 723 756 757
f 723 3181 724
f 723 724 725
f 723 725 3178
f 3178 1435 723
f 3178 725 1436
f 724 2393 725
f 725 2393 1920
f 725 1920 3311
f 1920 2393 3807
f 1920 3807 442
f 1919 1920 442
f 1919 442 3119
f 1919 3119 3130
f 488 3130 3119
f 488 3119 441
f 488 441 351
f 443 351 441
f 441 442 443
f 443 442 3127
f 443 3127 3128
f 3128 3491 443
f 443 3491 2324
f 2324 2325 443
f 2324 3491 3492
f 2324 3492 3695
f 2324 3695 1734
f 1734 1733 2324
f 1733 1734 1735
f 1735 1734 2323
f 9 1735 2323
f 2323 3501 9
f 3500 3501 2323
f 3697 3501 3500
f 3500 3698 3697
f 3696 3697 3698
f 3698 3644 3696
f 3696 3644 2283
f 2283 2282 3696
f 2282 2283 2284
f 2284 3442 2282
f 3679 2282 3442
f 1660 3679 3442
f 1660 3442 1661
f 1660 1661 1662
f 2281 1660 1662
f 2281 1662 3784
f 3784 3453 2281
f 3452 2281 3453
f 3680 3452 3453
f 3680 3453 3681
f 3680 3681 3682
f 1213 3680 3682
f 1213 3682 3636
f 1213 3636 1214
f 1212 1213 1214
f 2565 1212 1214
f 2565 1214 1308
f 1296 2565 1308
f 1206 1296 1308
f 1308 1309 1206
f 1309 1207 1206
f 1205 1206 1207
f 1207 3403 1205
f 1205 3403 3264
f 3257 1205 3264
f 3264 3255 3257
f 3255 3256 3257
f 3257 3256 2367
f 1303 3257 2367
f 2367 1304 1303
f 1303 1304 1305
f 1206 1303 1305
f 1206 1305 1297
f 1297 1305 3266
f 1297 3266 1709
f 1708 1297 1709
f 1297 1708 1298
f 1296 1297 1298
f 3266 3276 1709
f 1709 3276 3483
f 3483 3276 3281
f 2395 3281 3276
f 3276 3277 2395
f 3277 1460 2395
f 2395 1460 3538
f 2395 3538 2396
f 2394 2395 2396
f 2396 3538 3539
f 2396 3539 3718
f 3718 3539 1795
f 1794 3718 1795
f 1794 1795 1796
f 1796 2393 1794
f 1796 1795 3128
f 1795 3548 3128
f 2122 3548 1795
f 3548 2122 1962
f 1962 2340 3548
f 3548 2340 3722
f 3492 3548 3722
f 3722 2340 3644
f 2340 2341 3644
f 2340 1961 2341
f 1961 1508 2341
f 2341 1508 2284
f 1507 2284 1508
f 1506 1507 1508
f 1508 1746 1506
f 1506 1746 2338
f 2338 2172 1506
f 2171 1506 2172
f 2152 2171 2172
f 2172 2153 2152
f 2151 2152 2153
f 2151 2153 3645
f 2301 2151 3645
f 2301 3645 1583
f 2301 1583 2300
f 2300 746 2301
f 3461 2301 746
f 3330 3461 746
f 746 1683 3330
f 1682 3330 1683
f 1681 1682 1683
f 1681 1683 613
f 613 3472 1681
f 3471 1681 3472
f 3470 3471 3472
f 3470 3472 1945
f 3470 1945 3669
f 3470 3669 2129
f 3470 2129 2128
f 3470 2128 2141
f 2139 2141 2128
f 2128 2379 2139
f 3525 2139 2379
f 2379 1207 3525
f 1773 3525 1207
f 1772 3525 1773
f 1772 1773 1479
f 1772 1479 1478
f 1772 1478 3532
f 3532 2139 1772
f 2139 3532 2140
f 3532 3713 2140
f 2140 3713 1681
f 3532 1478 3713
f 1478 3329 3713
f 1682 3713 3329
f 1478 1477 3329
f 3329 1477 3330
f 1477 3761 3330
f 1477 3681 3761
f 1479 3681 1477
f 1477 1478 1479
f 1479 1773 3636
f 2379 2127 1207
f 3525 1772 2139
f 2379 2128 2127
f 2139 2140 2141
f 2141 2140 3471
f 2127 2128 2129
f 3403 2127 2129
f 2129 3255 3403
f 3669 3255 2129
f 3255 3669 3413
f 3412 3255 3413
f 3412 3413 3161
f 3412 3161 1625
f 3412 1625 1624
f 1624 1625 1626
f 1624 1626 3421
f 3421 3256 1624
f 2243 3256 3421
f 1416 2243 3421
f 2243 1416 1912
f 1912 1922 2243
f 2243 1922 1924
f 2243 1924 269
f 2243 269 2368
f 2368 269 3508
f 3508 2206 2368
f 2367 2368 2206
f 1536 2206 3508
f 3508 1175 1536
f 1175 476 1536
f 1536 476 477
f 1536 477 1761
f 2205 1536 1761
f 1761 3374 2205
f 2205 3374 1304
f 2205 1304 2206
f 1305 3374 1761
f 1761 477 2190
f 1761 2190 3266
f 3266 2190 3630
f 2190 1974 3630
f 3630 1974 3277
f 1974 1458 3277
f 1974 2430 1458
f 1458 2430 3117
f 1458 3117 1459
f 1458 1459 1460
f 1460 1459 3615
f 1459 2114 3615
f 2123 3615 2114
f 2114 1963 2123
f 2122 2123 1963
f 2123 2122 3539
f 2114 2115 1963
f 3632 1963 2115
f 2338 3632 2115
f 2338 2115 2431
f 2430 2431 2115
f 2431 2430 1973
f 2431 1973 1585
f 1585 1584 2431
f 2172 2431 1584
f 1583 1584 1585
f 1585 747 1583
f 1585 219 747
f 748 747 219
f 285 748 219
f 218 285 219
f 218 219 220
f 220 1859 218
f 1764 218 1859
f 1859 2448 1764
f 2450 1764 2448
f 2448 2449 2450
f 2449 1540 2450
f 2450 1540 2015
f 1111 2015 1540
f 1110 1111 1540
f 1540 1542 1110
f 1542 2670 1110
f 2455 1110 2670
f 2670 347 2455
f 397 2455 347
f 346 397 347
f 346 347 348
f 2303 346 348
f 2665 2303 348
f 2665 348 3109
f 2666 2665 3109
f 2666 3109 3369
f 2664 2666 3369
f 1928 2664 3369
f 1928 3369 1009
f 1641 1928 1009
f 1641 1009 1011
f 1641 1011 1512
f 1641 1512 1927
f 2251 1927 1512
f 1512 1812 2251
f 2251 1812 2260
f 2260 583 2251
f 2251 583 1928
f 583 3360 1928
f 583 585 3360
f 3360 585 3056
f 3056 2665 3360
f 3360 2665 2664
f 584 3056 585
f 584 1565 3056
f 1564 3056 1565
f 1563 1564 1565
f 3134 1563 1565
f 3134 1565 2650
f 1998 3134 2650
f 1998 2650 2220
f 1801 1998 2220
f 2219 1801 2220
f 2043 2219 2220
f 2043 2220 3553
f 584 2043 3553
f 2650 584 3553
f 2650 2651 584
f 2043 584 583
f 2219 2043 583
f 1097 1801 2219
f 2219 1811 1097
f 1097 1811 1095
f 1095 1096 1097
f 2042 1096 1095
f 1095 3551 2042
f 3551 73 2042
f 3063 2042 73
f 73 72 3063
f 3063 72 1999
f 1999 3604 3063
f 3063 3604 1801
f 3063 1801 1096
f 1999 1998 3604
f 1997 1998 1999
f 1997 1999 72
f 72 71 1997
f 3134 1997 71
f 71 827 3134
f 827 71 828
f 828 150 827
f 827 150 3196
f 827 3196 1563
f 150 1879 3196
f 3585 3196 1879
f 1879 1832 3585
f 3585 1832 1893
f 1893 506 3585
f 3585 506 1750
f 1001 3585 1750
f 397 1001 1750
f 1750 2778 397
f 1750 505 2778
f 505 579 2778
f 2778 579 2455
f 579 505 504
f 504 1111 579
f 504 505 506
f 3141 504 506
f 506 1894 3141
f 3141 1894 1262
f 1262 382 3141
f 3141 382 2015
f 382 381 2015
f 381 1764 2015
f 1764 381 1765
f 285 1764 1765
f 2795 285 1765
f 2794 2795 1765
f 997 2795 2794
f 997 2794 380
f 380 614 997
f 613 997 614
f 612 613 614
f 612 614 3153
f 3161 612 3153
f 3153 3517 3161
f 3517 3153 3516
f 3516 675 3517
f 2110 3517 675
f 2110 675 674
f 2110 674 2111
f 2109 2110 2111
f 2111 3298 2109
f 3298 1626 2109
f 1626 3298 1417
f 1417 1416 1626
f 1416 1417 1418
f 1416 1418 1911
f 1911 1418 2091
f 1911 2091 1912
f 2091 1350 1912
f 1350 3628 1912
f 1350 1349 3628
f 1349 3561 3628
f 3628 3561 1923
f 3628 1923 1922
f 3561 2054 1923
f 1923 2054 1924
f 1924 2054 1844
f 1924 1844 267
f 267 1844 268
f 267 268 269
f 269 268 1175
f 268 1858 1175
f 268 1843 1858
f 1859 1858 1843
f 1858 1859 476
f 1844 1843 268
f 1843 1844 1845
f 1845 2449 1843
f 2449 1845 1541
f 1541 1845 2013
f 2013 1542 1541
f 1845 2012 2013
f 2093 2013 2012
f 915 2093 2012
f 915 2012 3561
f 914 2093 915
f 913 914 915
f 913 915 1349
f 1348 913 1349
f 1010 913 1348
f 2091 1010 1348
f 1011 1010 2091
f 913 1010 1009
f 913 3369 914
f 2093 914 3109
f 2093 2092 2013
f 2092 2670 2013
f 348 2092 2093
f 2054 2012 1845
f 2054 1845 1844
f 3561 2012 2054
f 915 3561 1349
f 1348 1349 1350
f 1350 2091 1348
f 1011 2091 1418
f 1418 1513 1011
f 1418 1417 1513
f 1417 73 1513
f 3298 73 1417
f 3556 73 3298
f 73 3556 71
f 3298 2111 3556
f 3556 2111 828
f 2111 148 828
f 2110 2109 1625
f 2111 674 148
f 148 674 149
f 148 149 150
f 150 149 1880
f 149 3078 1880
f 1880 3078 1832
f 3078 1831 1832
f 1831 1822 1832
f 1820 1822 1831
f 1820 1821 1822
f 1261 1822 1821
f 1261 1821 614
f 1894 1822 1261
f 1822 1894 1893
f 3153 1821 1820
f 1831 3078 1820
f 1820 3078 3516
f 675 3078 149
f 674 675 149
f 2110 1625 3517
f 675 3516 3078
f 3516 3153 1820
f 3161 1946 612
f 1953 612 1946
f 1945 1953 1946
f 1944 1945 1946
f 1944 1946 3413
f 3153 614 1821
f 1953 613 612
f 614 380 1261
f 382 1261 380
f 380 2794 381
f 1683 2795 997
f 2794 1765 381
f 380 381 382
f 1261 382 1262
f 1262 1894 1261
f 3141 2015 504
f 506 505 1750
f 1893 1894 506
f 1893 1832 1822
f 1879 1880 1832
f 3196 3585 1001
f 3196 1001 3055
f 3196 3055 1564
f 3055 1001 346
f 3055 346 3056
f 150 1880 1879
f 828 148 150
f 828 71 3556
f 71 72 73
f 73 3551 1513
f 1812 1513 3551
f 1095 1812 3551
f 1096 2042 3063
f 1095 1811 1812
f 2260 1811 2219
f 1096 1801 1097
f 3604 1998 1801
f 3553 2220 2650
f 1997 3134 1998
f 2650 1565 2651
f 3134 827 1563
f 1564 1563 3196
f 1564 3055 3056
f 1565 584 2651
f 583 584 585
f 2219 583 2260
f 1812 1811 2260
f 1513 1812 1512
f 1928 1927 2251
f 1512 1011 1513
f 1009 1010 1011
f 1927 1928 1641
f 913 1009 3369
f 1928 3360 2664
f 914 3369 3109
f 2664 2665 2666
f 348 2093 3109
f 2665 3056 2303
f 3056 346 2303
f 348 347 2092
f 1001 397 346
f 397 2778 2455
f 2092 347 2670
f 2455 579 1110
f 1542 2013 2670
f 1540 1541 1542
f 1110 579 1111
f 504 2015 1111
f 1541 1540 2449
f 1843 2449 2448
f 2015 1764 2450
f 1843 2448 1859
f 476 1859 220
f 218 1764 285
f 285 2795 748
f 746 748 2795
f 746 747 748
f 220 219 1585
f 220 1585 1972
f 477 220 1972
f 1972 1585 1973
f 1972 1973 1974
f 1963 3632 1961
f 1961 1962 1963
f 1746 1961 3632
f 3117 2115 2114
f 3615 2123 3539
f 3117 2114 1459
f 2115 3117 2430
f 1974 1973 2430
f 1972 1974 2190
f 477 1972 2190
f 476 220 477
f 1175 1858 476
f 1536 2205 2206
f 1175 3508 269
f 267 269 1924
f 1922 1923 1924
f 1912 3628 1922
f 1911 1912 1416
f 3256 2243 2368
f 3421 1626 1416
f 2109 1626 1625
f 1625 3161 3517
f 3413 1946 3161
f 3255 3412 1624
f 1944 3413 3669
f 1945 1944 3669
f 1945 3472 1953
f 2141 3471 3470
f 2140 1681 3471
f 3472 613 1953
f 613 1683 997
f 1681 3713 1682
f 3329 3330 1682
f 1683 746 2795
f 3330 3761 3461
f 3761 2301 3461
f 747 746 2300
f 1583 747 2300
f 1583 3645 1584
f 3761 2151 2301
f 3900 2151 3761
f 3453 3900 3761
f 3900 3902 2151
f 3900 3784 3902
f 3784 3787 3902
f 2152 3902 3787
f 3787 3788 2152
f 3788 3787 1507
f 1661 1507 3787
f 3645 2153 1584
f 3902 2152 2151
f 2172 1584 2153
f 2152 3788 2171
f 1506 2171 3788
f 2172 2338 2431
f 1746 3632 2338
f 1507 1506 3788
f 1961 1746 1508
f 1962 1961 2340
f 2122 1963 1962
f 3181 3718 1794
f 3539 2122 1795
f 3538 3615 3539
f 1460 3615 3538
f 1460 3277 1458
f 3630 3277 3276
f 2395 2394 3281
f 3630 3276 3266
f 1305 1761 3266
f 1305 1304 3374
f 2206 1304 2367
f 2368 2367 3256
f 3255 1624 3256
f 1303 1205 3257
f 3255 3264 3403
f 1207 2127 3403
f 1303 1206 1205
f 1207 1309 1773
f 1773 1309 1214
f 1297 1296 1206
f 2565 1296 969
f 2565 969 3618
f 1308 1214 1309
f 3618 1212 2565
f 3947 1212 3618
f 1006 3947 3618
f 3949 1212 3947
f 3947 3802 3949
f 3949 3802 3803
f 3803 3452 3949
f 3803 3808 3452
f 3955 3808 3803
f 3803 3778 3955
f 3778 3233 3955
f 3959 3955 3233
f 3960 3959 3233
f 3790 3959 3960
f 3790 3960 2022
f 3791 3790 2022
f 3791 2022 3145
f 3790 3791 3792
f 3969 3790 3792
f 3792 3869 3969
f 3969 3869 3871
f 3871 3975 3969
f 3969 3975 3959
f 3959 3975 3978
f 3975 3801 3978
f 3978 3801 2281
f 3978 2281 3808
f 3800 2281 3801
f 3800 3801 3871
f 3871 3870 3800
f 3800 3870 1660
f 3975 3871 3801
f 3869 3870 3871
f 3869 3562 3870
f 3562 3563 3870
f 3870 3563 3679
f 3563 4000 3679
f 3563 4002 4000
f 4002 3501 4000
f 44 3501 4002
f 44 4002 3563
f 4006 3562 3869
f 3792 4006 3869
f 4006 3792 3789
f 3789 3792 555
f 3791 3144 3792
f 3969 3959 3790
f 3959 3978 3955
f 3955 3978 3808
f 3802 3778 3803
f 3778 3802 2981
f 2981 3802 3947
f 1212 3949 3680
f 1773 1214 3636
f 3636 3682 1479
f 1212 3680 1213
f 3681 1479 3682
f 3681 3453 3761
f 3680 3949 3452
f 3808 2281 3452
f 3900 3453 3784
f 3784 1662 3787
f 3800 1660 2281
f 1662 1661 3787
f 1507 1661 3442
f 3870 3679 1660
f 3679 4000 2282
f 4000 3697 2282
f 3442 2284 1507
f 2341 2284 2283
f 3644 2341 2283
f 3722 3644 3698
f 3695 3722 3698
f 3851 3695 3698
f 2282 3697 3696
f 3500 3851 3698
f 3851 3500 1734
f 4000 3501 3697
f 2323 1734 3500
f 1734 3695 3851
f 3492 3722 3695
f 3548 3492 3491
f 3491 3128 3548
f 3128 3127 1796
f 3807 1796 3127
f 3130 488 3762
f 3254 3130 3762
f 3254 3762 4049
f 4049 3762 4051
f 4049 4051 4053
f 1855 4049 4053
f 4053 4051 4057
f 4053 4057 4060
f 1210 4053 4060
f 1210 4060 4065
f 223 1210 4065
f 4065 4060 4069
f 4069 3771 4065
f 3212 4065 3771
f 3212 3771 3770
f 3770 3771 1827
f 1827 3779 3770
f 3205 3770 3779
f 158 3771 4069
f 158 4069 4060
f 4060 3162 158
f 3162 4060 4057
f 4051 3107 4057
f 3762 1889 4051
f 3306 3130 3254
f 392 3762 488
f 3762 392 1300
f 442 441 3119
f 3807 3127 442
f 2393 1796 3807
f 724 1794 2393
f 3181 1794 724
f 2396 3718 3181
f 3773 1971 757
f 3773 757 3301
f 3773 3171 1971
f 3171 3773 3594
f 3594 3773 1444
f 2394 2396 1970
f 3483 3281 2394
f 1708 1709 3483
f 1971 3171 1969
f 1298 1708 3172
f 1296 1298 969
f 3171 968 967
f 969 1006 3618
f 1006 2981 3947
f 3233 3778 2981
f 2023 3960 3233
f 2022 3960 2023
f 968 2021 1005
f 3594 968 3171
f 3145 2022 2979
f 3791 3145 3144
f 555 3792 3144
f 554 553 3228
f 590 3789 555
f 4006 3789 3562
f 3562 2973 3563
f 1936 1935 2972
f 2973 44 3563
f 3147 3064 2972
f 3147 43 3064
f 43 3147 4128
f 3037 4128 3147
f 44 9 3501
f 4128 7 43
f 7 4128 1050
f 1735 9 8
f 8 3061 1735
f 3057 349 1810
f 1733 1735 3061
f 2325 2324 1733
f 443 2325 351
f 351 350 488
f 393 349 3057
f 3133 393 3057
f 488 350 392
f 1299 393 3133
f 1300 392 1301
f 3762 1300 1889
f 1888 1299 3028
f 4051 1889 3275
f 3107 4051 3275
f 4057 3107 3162
f 653 1314 3165
f 3165 1314 1315
f 3193 3156 3709
f 681 680 1950
f 652 681 3081
f 3080 3156 3859
f 3859 4155 3080
f 4155 3859 3760
f 4158 4155 3760
f 1267 4155 4158
f 3780 4155 1267
f 124 4155 3780
f 124 3780 3555
f 3555 3780 4163
f 3780 3384 4163
f 3072 4163 3384
f 3859 3156 872
f 124 3080 4155
f 3081 126 652
f 3555 125 124
f 126 159 652
f 159 158 3162
f 3083 3771 158
f 3771 3083 1827
f 1828 125 3555
f 3072 3555 4163
f 3073 1377 3071
f 2086 3071 1377
f 1387 1829 2086
f 1386 1829 1387
f 3779 1827 1386
f 3216 3205 3779
f 940 939 671
f 949 940 671
f 941 3205 3216
f 3205 3212 3770
f 223 4065 3212
f 940 948 2007
f 948 940 949
f 3686 1208 280
f 3686 1221 1208
f 222 1210 223
f 1209 4053 1210
f 4053 1209 1855
f 3254 4049 1855
f 1221 1854 1208
f 3092 3254 1220
f 3092 3306 3254
f 3305 3130 3306
f 3305 1919 3130
f 3311 1920 1919
f 1436 725 3311
f 3178 1436 1435
f 756 723 1435
f 3301 757 756
f 3301 1444 3773
f 1445 2106 1434
f 1434 142 1445
f 142 1434 2293
f 3594 1444 1443
f 3228 553 1443
f 554 3228 589
f 1934 589 3238
f 1099 1034 1012
f 1934 3238 2366
f 2020 3147 2366
f 2020 3037 3147
f 2167 3038 1033
f 3037 1050 4128
f 1048 3038 466
f 1050 1049 7
f 3139 3149 1049
f 3149 606 1808
f 606 1932 1808
f 3133 3057 1932
f 3028 1299 3133
f 607 625 605
f 3028 627 1888
f 626 625 607
f 1315 627 3766
f 1951 1315 3766
f 1952 1951 3195
f 2339 626 607
f 3709 3195 3201
f 3200 2339 774
f 3201 861 3709
f 3709 861 3193
f 872 3156 3193
f 3859 872 3760
f 1131 4158 3760
f 1131 3245 4246
f 871 873 3187
f 3249 4246 3245
f 3249 2036 4246
f 3249 3605 1119
f 1119 2036 3249
f 1131 4246 2036
f 1130 4158 1131
f 1130 1193 4158
f 4158 1193 1267
f 1266 1192 1606
f 1267 3384 3780
f 2226 3072 3384
f 2226 2225 3388
f 3389 3388 2225
f 3289 3388 3294
f 3293 3294 1181
f 3724 1180 1179
f 1181 3436 3293
f 2307 3293 3436
f 3428 1180 3724
f 4130 2257 414
f 4130 414 3496
f 3755 2308 3480
f 2258 2307 3436
f 3552 2867 2308
f 2307 3622 3293
f 1376 1378 3622
f 2869 3284 1376
f 1278 3284 2869
f 1277 3284 1278
f 1589 1385 1277
f 2858 2234 1589
f 1283 1588 1276
f 2858 2235 2234
f 3219 2234 3593
f 4281 3321 2856
f 3021 4281 2856
f 4281 3020 3321
f 3523 2855 917
f 693 917 694
f 669 695 3530
f 693 3523 917
f 3529 2855 3523
f 3528 3593 3529
f 3528 671 939
f 669 3530 670
f 949 671 3468
f 670 3530 3740
f 3335 3469 3740
f 3096 3468 3467
f 221 3467 3265
f 3336 3474 3469
f 3265 3686 280
f 182 1221 3686
f 3474 3748 180
f 3304 182 181
f 2293 1434 181
f 2136 180 3748
f 2293 3459 142
f 141 1445 142
f 3356 3227 141
f 2136 2138 140
f 2138 2137 1013
f 3227 3356 1012
f 3318 1098 1013
f 1012 1014 1099
f 1034 1099 508
f 928 509 1098
f 507 1034 508
f 1033 507 2167
f 509 3419 2166
f 3419 3418 464
f 2167 466 3038
f 466 3351 1048
f 3739 775 3351
f 3418 465 464
f 3343 832 3418
f 831 3531 832
f 3547 775 3739
f 2895 773 3723
f 2895 739 773
f 775 774 3138
f 2389 3200 774
f 3545 3200 2389
f 739 3537 773
f 3545 741 860
f 741 740 1991
f 2078 3187 1991
f 2078 298 3187
f 298 300 1120
f 2932 2194 256
f 1121 1120 2935
f 1121 2935 3401
f 255 254 3402
f 3405 1121 3401
f 3240 1121 3405
f 3243 3240 2052
f 2922 1132 3243
f 1606 1194 2922
f 1266 1606 1605
f 1605 3450 1266
f 1603 2490 1607
f 3395 1266 3450
f 2227 3395 3458
f 3821 2275 87
f 87 2647 3821
f 3820 3821 2647
f 3820 2647 2646
f 2646 2411 3820
f 2410 3821 3820
f 3733 3821 2410
f 3451 3733 2410
f 3733 3451 3124
f 3124 3498 3733
f 3498 3447 3733
f 3733 3446 3821
f 3446 2275 3821
f 3446 3733 3447
f 88 64 63
f 3458 63 3663
f 1425 3663 1426
f 3498 65 3447
f 3502 1426 3499
f 3724 1179 3502
f 414 3428 3724
f 3496 414 413
f 3496 373 4130
f 372 371 3490
f 3818 1244 2879
f 3818 2879 4323
f 3817 3818 4323
f 4323 4345 3817
f 2742 3817 4345
f 2742 4345 4271
f 2743 2742 4271
f 4271 4345 4347
f 3646 4271 4347
f 4347 3647 3646
f 3646 3647 3648
f 4352 3646 3648
f 3648 3649 4352
f 4352 3649 2747
f 3649 3648 3650
f 3650 3396 3649
f 3396 3014 3649
f 3396 3015 3014
f 3015 3396 3398
f 3015 3398 3659
f 3658 3015 3659
f 3657 3658 3659
f 3657 3659 3877
f 3657 3877 4360
f 4360 3743 3657
f 4366 3657 3743
f 3743 3742 4366
f 3742 4368 4366
f 3658 4366 4368
f 4368 3016 3658
f 3742 3473 4368
f 3741 3742 3743
f 3743 4374 3741
f 3741 4374 4376
f 4376 3521 3741
f 4374 4377 4376
f 4376 4377 3047
f 4378 4377 4374
f 4374 4379 4378
f 4187 4378 4379
f 3829 4187 4379
f 3829 4379 3827
f 3827 3828 3829
f 3829 3828 3373
f 3829 3373 3372
f 3829 3372 4188
f 4188 3372 3005
f 3004 4188 3005
f 3744 4188 3004
f 2809 3744 3004
f 4377 3744 2809
f 4377 4187 3744
f 4188 3744 4187
f 3372 3371 3005
f 3005 3371 4387
f 3005 4387 3327
f 4387 4388 3327
f 3327 4388 4389
f 4388 1511 4389
f 1511 4388 4329
f 4329 4330 1511
f 4329 4177 4330
f 4177 4178 4330
f 4178 4237 4330
f 4330 4237 3136
f 4237 4255 3136
f 4237 3662 4255
f 3662 974 4255
f 3662 4336 974
f 3662 3661 4336
f 3661 3862 4336
f 4336 3862 4339
f 1100 4336 4339
f 3862 3861 4339
f 4339 3861 1101
f 3861 1499 1101
f 3860 3861 3862
f 3860 4302 3861
f 3861 4302 1538
f 4302 3860 4369
f 4369 4305 4302
f 1539 4302 4305
f 4305 4233 1539
f 1539 4233 4241
f 3676 1539 4241
f 4241 3863 3676
f 3676 3863 3864
f 3864 4310 3676
f 3676 4310 3226
f 4310 3785 3226
f 3785 4310 3786
f 3785 3786 3752
f 3785 3752 3229
f 3752 2892 3229
f 3752 3786 4259
f 4259 3714 3752
f 3714 4259 4260
f 4259 3786 4260
f 4260 3786 3366
f 4260 3366 3365
f 4227 4260 3365
f 3271 4227 3365
f 3365 3259 3271
f 3258 3271 3259
f 3258 3259 3260
f 3260 3642 3258
f 3642 3268 3258
f 3258 3268 3270
f 3268 3269 3270
f 3269 4291 3270
f 4291 3115 3270
f 3270 3115 4227
f 4322 4291 3269
f 4322 3269 3340
f 4279 4322 3340
f 4279 3340 3339
f 4201 4279 3339
f 3865 4201 3339
f 3339 3341 3865
f 3865 3341 4202
f 3865 4202 4192
f 4192 4202 3279
f 3278 4192 3279
f 3278 3279 3280
f 3874 3278 3280
f 3874 3280 3325
f 3874 3325 3324
f 4385 3874 3324
f 3324 4194 4385
f 4194 3717 4385
f 4385 3717 3716
f 4385 3716 4381
f 4381 3716 4308
f 4381 4308 3796
f 4382 4381 3796
f 3796 3795 4382
f 3795 4215 4382
f 4215 3866 4382
f 4382 3866 3875
f 3868 3875 3866
f 3866 3867 3868
f 3867 4201 3868
f 3868 4201 4192
f 4201 3867 4207
f 4207 4208 4201
f 3647 4208 4207
f 4214 3647 4207
f 4214 4207 4215
f 3650 4214 4215
f 4215 4207 3867
f 3874 3875 3868
f 4381 3875 3874
f 4215 3867 3866
f 3650 4215 3795
f 3795 3794 3650
f 3794 3795 3796
f 3796 3543 3794
f 3543 3397 3794
f 3396 3794 3397
f 3397 3543 4313
f 4313 3398 3397
f 4313 3543 3542
f 4316 4313 3542
f 3542 4425 4316
f 4316 4425 4184
f 3659 4316 4184
f 4184 4425 3683
f 4184 3683 4371
f 4371 4306 4184
f 4306 4318 4184
f 3877 4184 4318
f 4318 3878 3877
f 3876 3877 3878
f 3878 4370 3876
f 3876 4370 4374
f 4360 3876 4374
f 4176 4370 3878
f 4375 4176 3878
f 4375 3527 4176
f 3828 4176 3527
f 3880 3828 3527
f 3527 3526 3880
f 3879 3880 3526
f 3526 4036 3879
f 4036 4380 3879
f 3804 3879 4380
f 4380 3805 3804
f 3804 3805 3806
f 3804 3806 4189
f 3846 3804 4189
f 3846 4189 3847
f 3846 3847 3848
f 4193 3846 3848
f 4193 3848 3373
f 3848 3371 3373
f 3371 3848 4198
f 3848 3765 4198
f 4198 3765 4329
f 4387 4198 4329
f 3846 4193 3879
f 3848 3847 3765
f 3847 3763 3765
f 3763 3764 3765
f 4177 3765 3764
f 3763 4272 3764
f 4272 4278 3764
f 3764 4278 3850
f 3764 3850 4178
f 4278 3849 3850
f 3849 3660 3850
f 3850 3660 3662
f 3849 4284 3660
f 4284 4285 3660
f 3661 3660 4285
f 4285 4289 3661
f 4289 3860 3661
f 4285 4288 4289
f 4288 4369 4289
f 4288 3825 4369
f 3825 4220 4369
f 3825 3705 4220
f 3705 3852 4220
f 4220 3852 4305
f 3705 3704 3852
f 4225 3852 3704
f 3704 4353 4225
f 4353 4206 4225
f 4225 4206 4232
f 4225 4232 4233
f 4232 4238 4233
f 4238 4232 3515
f 4238 3515 3514
f 4238 3514 3775
f 3775 3863 4238
f 3774 3775 3514
f 3774 3514 3513
f 4172 3774 3513
f 4172 3513 4343
f 4343 4346 4172
f 4346 3853 4172
f 3111 4172 3853
f 3111 3853 3854
f 3102 3111 3854
f 4181 3102 3854
f 4181 3854 4029
f 4441 4181 4029
f 4029 3994 4441
f 4186 4441 3994
f 3994 4185 4186
f 4327 4186 4185
f 4185 4257 4327
f 4256 4327 4257
f 3728 4256 4257
f 3728 4257 4446
f 3728 4446 3729
f 3728 3729 3730
f 3730 4261 3728
f 4261 4383 3728
f 4261 4266 4383
f 4256 4383 4266
f 4266 4267 4256
f 4450 4267 4266
f 4266 3691 4450
f 3691 4270 4450
f 3691 3098 4270
f 3100 4270 3098
f 3098 3099 3100
f 3099 4319 3100
f 3100 4319 4181
f 4319 3099 3102
f 3102 3099 3093
f 3093 3495 3102
f 3095 3495 3093
f 3093 3094 3095
f 3094 4455 3095
f 3095 4455 3110
f 3095 3110 3112
f 3110 3111 3112
f 3495 3112 3111
f 4455 4328 3110
f 3774 3110 4328
f 4218 3774 4328
f 4218 4328 3843
f 4218 3843 4292
f 4218 4292 3775
f 3855 3775 4292
f 4292 3856 3855
f 3786 3855 3856
f 4292 3894 3856
f 3894 4298 3856
f 3856 4298 3367
f 3367 3366 3856
f 4297 3367 4298
f 4298 3478 4297
f 3478 3477 4297
f 3259 4297 3477
f 3781 3259 3477
f 3781 3477 3782
f 3781 3782 3783
f 3781 3783 3280
f 3783 3782 4243
f 3783 4243 3839
f 3836 3783 3839
f 3836 3839 3840
f 3836 3840 3857
f 3836 3857 3858
f 3325 3836 3858
f 3326 3325 3858
f 3858 4252 3326
f 4449 3326 4252
f 4252 3944 4449
f 4087 4449 3944
f 4087 3944 3726
f 3726 4468 4087
f 4468 4091 4087
f 4086 4087 4091
f 4086 4091 4194
f 4086 3324 4087
f 4091 4468 3606
f 3606 3608 4091
f 3608 4092 4091
f 3717 4091 4092
f 4092 4472 3717
f 3717 4472 3715
f 4472 4092 3715
f 4096 3715 4092
f 4092 3465 4096
f 3465 3464 4096
f 3683 4096 3464
f 3464 4102 3683
f 3830 4102 3464
f 3359 3830 3464
f 3830 3359 3362
f 3362 4032 3830
f 3444 3830 4032
f 4037 3444 4032
f 4032 3364 4037
f 4036 4037 3364
f 3364 4340 4036
f 3831 4036 4340
f 4340 4039 3831
f 4039 3378 3831
f 3831 3378 3832
f 3831 3832 3805
f 3957 3805 3832
f 3749 3957 3832
f 3751 3957 3749
f 3749 3750 3751
f 3793 3751 3750
f 3750 3703 3793
f 3705 3793 3703
f 3750 3948 3703
f 3948 3976 3703
f 3703 3976 3704
f 3746 3976 3948
f 3948 3512 3746
f 3747 3746 3512
f 3983 3747 3512
f 3504 3983 3512
f 3505 3504 3512
f 3504 3505 3506
f 3506 3994 3504
f 3511 3994 3506
f 3510 3994 3511
f 3509 3510 3511
f 3511 4016 3509
f 4016 3823 3509
f 4023 3509 3823
f 3835 4023 3823
f 3835 3823 3822
f 3355 3835 3822
f 3822 4039 3355
f 3833 3355 4039
f 3353 3355 3833
f 3833 3363 3353
f 4081 3353 3363
f 4081 3363 3362
f 4081 3362 3518
f 3518 3519 4081
f 3518 3358 3519
f 3358 3986 3519
f 4157 3519 3986
f 3986 3987 4157
f 3987 4162 4157
f 4157 4162 4161
f 4161 4162 3926
f 4161 3926 3838
f 4161 3838 3837
f 3837 4115 4161
f 4115 3519 4161
f 3924 3519 4115
f 4115 4113 3924
f 3924 4113 3918
f 3924 3918 3834
f 3834 3354 3924
f 3354 3353 3924
f 3354 3834 3835
f 3918 4106 3834
f 3834 4106 4023
f 4106 3918 3729
f 3729 3918 3919
f 4113 3919 3918
f 3837 3919 4113
f 3919 3837 3730
f 3519 3924 3353
f 4115 3837 4113
f 3730 3837 3838
f 3838 3927 3730
f 3838 3926 3927
f 3926 3753 3927
f 3753 3691 3927
f 3753 3690 3691
f 3977 3690 3753
f 3690 3977 3767
f 3767 3769 3690
f 3690 3769 3098
f 3769 3970 3098
f 3970 3769 3768
f 3768 4054 3970
f 3842 3970 4054
f 4055 3842 4054
f 4054 3929 4055
f 3929 3815 4055
f 3815 4064 4055
f 3815 3759 4064
f 4064 3759 3842
f 3759 4142 3842
f 3842 4142 3093
f 3841 3842 3093
f 3759 4141 4142
f 4142 4141 3094
f 3094 4141 4144
f 4144 4141 3758
f 4144 3758 4145
f 4144 4145 4455
f 3844 4455 4145
f 4145 4148 3844
f 4148 3845 3844
f 3843 3844 3845
f 3893 3845 4148
f 3887 3893 4148
f 3887 4148 3758
f 3757 3887 3758
f 3757 3758 3759
f 3759 3810 3757
f 4243 3757 3810
f 3809 4243 3810
f 3809 3810 3811
f 3840 3809 3811
f 3840 3811 3881
f 3906 3840 3881
f 3906 3881 3735
f 3906 3735 3734
f 4137 3906 3734
f 3910 4137 3734
f 3910 3734 3911
f 3726 3910 3911
f 3726 3911 3727
f 3725 3726 3727
f 3725 3727 3987
f 3987 3727 3996
f 3727 3812 3996
f 3996 3812 4162
f 3977 4162 3812
f 3812 3814 3977
f 3812 3813 3814
f 3814 3813 4129
f 4129 3937 3814
f 3767 3814 3937
f 3937 3768 3767
f 3937 3736 3768
f 3736 4012 3768
f 3735 4012 3736
f 3735 3930 4012
f 3930 4054 4012
f 3735 3882 3930
f 3929 3930 3882
f 3882 3816 3929
f 3882 3811 3816
f 3811 3815 3816
f 3734 3736 3937
f 3734 3937 4129
f 3813 3911 4129
f 3727 3813 3812
f 3727 3911 3813
f 4129 3911 3734
f 4137 3910 3945
f 3945 3857 4137
f 3944 3945 3910
f 3857 3906 4137
f 3734 3735 3736
f 3881 3882 3735
f 3881 3811 3882
f 3815 3811 3810
f 4243 3479 3757
f 3479 3887 3757
f 3479 3819 3887
f 3819 3479 3478
f 3819 3893 3887
f 3893 3819 4298
f 3845 3893 3894
f 3844 3843 4455
f 4145 3758 4148
f 3758 4141 3759
f 3810 3759 3815
f 3816 3815 3929
f 3930 3929 4054
f 4064 3842 4055
f 3970 3842 3841
f 3970 3841 3099
f 4054 3768 4012
f 3767 3768 3769
f 3814 3767 3977
f 3977 3753 3926
f 4162 3977 3926
f 3987 3996 4162
f 3986 3725 3987
f 3725 3986 3607
f 3606 3725 3607
f 4161 3519 4157
f 3986 3358 3607
f 3357 3607 3358
f 3357 3358 3359
f 3359 3465 3357
f 3608 3607 3357
f 3358 3518 3359
f 3362 3363 3364
f 4081 3519 3353
f 3833 3364 3363
f 3353 3354 3355
f 4039 3822 3379
f 3822 3824 3379
f 3379 3824 3377
f 3377 3378 3379
f 3378 3377 3749
f 4083 3377 3824
f 3824 4015 4083
f 3505 4083 4015
f 4015 3511 3505
f 3505 3750 4083
f 4015 3824 4016
f 3750 3377 4083
f 3354 3835 3355
f 3822 3823 3824
f 3834 4023 3835
f 4106 3509 4023
f 4106 4446 3509
f 4016 3824 3823
f 4016 3511 4015
f 3510 3509 4446
f 4446 4185 3510
f 3506 3505 3511
f 3504 4029 3983
f 3983 3854 3747
f 3745 3746 3747
f 3747 4346 3745
f 3512 3948 3505
f 3976 3746 3745
f 3976 3745 4353
f 3948 3750 3505
f 3751 3793 3825
f 3751 3825 3826
f 3750 3749 3377
f 3957 3751 3826
f 3957 3826 3958
f 3965 3957 3958
f 3965 3958 4331
f 4331 3966 3965
f 3964 3965 3966
f 3966 4504 3964
f 4519 3964 4504
f 4504 4278 4519
f 4278 3763 4519
f 3806 3964 4519
f 4315 4504 3966
f 3849 4504 4315
f 3806 3965 3964
f 3966 4331 4315
f 4284 4315 4331
f 4285 4331 3958
f 3958 3826 4288
f 3805 3957 3965
f 3749 3832 3378
f 4039 3379 3378
f 3833 4039 4340
f 4340 3364 3833
f 3444 4037 3526
f 3444 3443 3830
f 3443 3444 3445
f 3443 3445 4307
f 3443 4307 4102
f 4102 4307 4371
f 4306 4307 3445
f 3445 4375 4306
f 3527 3445 3444
f 3364 4032 3362
f 3518 3362 3359
f 3830 3443 4102
f 3464 3465 3359
f 3357 3465 4092
f 4096 3683 3715
f 3715 3683 3544
f 3715 3544 4308
f 3542 3544 3683
f 4092 3608 3357
f 3606 3607 3608
f 3606 4468 3725
f 3725 4468 3726
f 3910 3726 3944
f 4087 3324 4449
f 3944 4252 3945
f 3324 3326 4449
f 4252 3858 3945
f 3945 3858 3857
f 3857 3840 3906
f 3839 3809 3840
f 3325 3783 3836
f 3839 4243 3809
f 4243 3782 3479
f 3782 3477 3479
f 3477 3478 3479
f 3478 4298 3819
f 3365 3367 4297
f 4298 3894 3893
f 3894 4292 3845
f 3855 3864 3775
f 3845 4292 3843
f 4455 3843 4328
f 3094 4144 4455
f 4142 3094 3093
f 3112 3495 3095
f 3841 3093 3099
f 3970 3099 3098
f 4270 3100 4267
f 4267 3100 4327
f 3690 3098 3691
f 3691 4266 3927
f 4450 4270 4267
f 3927 4266 4261
f 3927 4261 3730
f 3919 3730 3729
f 3729 4446 4106
f 4383 4256 3728
f 4256 4267 4327
f 4257 4185 4446
f 4327 3100 4186
f 3510 4185 3994
f 4186 3100 4441
f 3504 3994 4029
f 4441 3100 4181
f 4029 3854 3983
f 4319 3102 4181
f 3111 3102 3495
f 3854 3853 3747
f 3111 3110 4172
f 3853 4346 3747
f 4346 4343 3745
f 4206 3745 4343
f 4343 3513 4206
f 3513 3515 4206
f 3774 4172 3110
f 3775 3774 4218
f 3513 3514 3515
f 4206 3515 4232
f 4353 3745 4206
f 3976 4353 3704
f 4225 4233 3852
f 3703 3704 3705
f 3705 3825 3793
f 3826 3825 4288
f 3958 4288 4285
f 4331 4285 4284
f 3849 4315 4284
f 4504 3849 4278
f 3763 4278 4272
f 3763 3847 4519
f 4189 4519 3847
f 4189 3806 4519
f 3965 3806 3805
f 4380 3831 3805
f 3879 3804 3846
f 4036 3831 4380
f 4036 3526 4037
f 3880 3879 4193
f 3444 3526 3527
f 4193 3828 3880
f 3445 3527 4375
f 3827 4370 4176
f 4375 3878 4318
f 4306 4375 4318
f 4306 4371 4307
f 4102 4371 3683
f 3683 4425 3542
f 4313 4316 3659
f 3542 3543 3544
f 3543 3796 3544
f 3875 4381 4382
f 3544 3796 4308
f 4308 3716 3715
f 3715 3716 3717
f 3717 4194 4091
f 4194 3324 4086
f 3874 4385 4381
f 3324 3325 3326
f 3325 3280 3783
f 3868 3278 3874
f 3781 3280 3279
f 3868 4192 3278
f 3279 4202 3781
f 4202 3260 3781
f 3643 3260 4202
f 3341 3643 4202
f 3341 3340 3643
f 3643 3340 3641
f 3641 3642 3643
f 4201 3865 4192
f 4208 4279 4201
f 4279 4208 4280
f 4280 4323 4279
f 4323 4290 4279
f 4347 4280 4208
f 3339 3340 3341
f 4279 4290 4322
f 3340 3269 3641
f 4291 4322 4290
f 4290 3719 4291
f 2879 3719 4290
f 3641 3269 3268
f 3641 3268 3642
f 3260 3643 3642
f 3259 3781 3260
f 3270 3271 3258
f 4297 3259 3365
f 3270 4227 3271
f 3115 4260 4227
f 3365 3366 3367
f 3366 3786 3856
f 3786 4310 3855
f 4310 3864 3855
f 3775 3864 3863
f 4241 4238 3863
f 4233 4238 4241
f 3852 4233 4305
f 4369 4220 4305
f 3860 4289 4369
f 3661 3860 3862
f 3660 3661 3662
f 3850 3662 4237
f 3850 4237 4178
f 4177 3764 4178
f 4177 4329 3765
f 4387 4329 4388
f 3371 4198 4387
f 3371 3372 3373
f 3373 3828 4193
f 4176 3828 3827
f 3827 4379 4370
f 4187 3829 4188
f 4374 4370 4379
f 4377 4378 4187
f 3742 3741 3574
f 4360 4374 3743
f 4360 3877 3876
f 4184 3877 3659
f 4366 3658 3657
f 3658 3016 3015
f 4313 3659 3398
f 3396 3397 3398
f 3396 3650 3794
f 3648 4214 3650
f 3462 3646 4352
f 3648 3647 4214
f 4347 4208 3647
f 3462 4271 3646
f 4345 4280 4347
f 2742 3668 3817
f 3668 1242 3817
f 3817 1242 1244
f 2741 3668 2742
f 2977 3668 2741
f 4345 4323 4280
f 4323 2879 4290
f 3817 1244 3818
f 372 3490 2877
f 2879 2878 3719
f 2878 2883 3121
f 2319 2877 3490
f 412 3123 2319
f 3498 3124 3123
f 2469 3124 2967
f 2883 3122 3121
f 2878 3121 3719
f 3116 4291 3719
f 3115 4291 3116
f 4260 3115 3714
f 3714 2893 3752
f 2892 3752 2893
f 2471 2497 2894
f 2892 2898 3229
f 2471 2470 2497
f 2470 2469 2967
f 2498 3710 3173
f 833 1497 834
f 3710 835 3230
f 3229 2898 3230
f 3785 3229 1078
f 1497 1077 834
f 3785 1078 3226
f 3226 3225 3676
f 1497 1537 1077
f 3676 3225 1539
f 1538 4302 1539
f 3861 1538 1499
f 1537 1497 3221
f 1497 833 1102
f 1101 1499 1498
f 4339 1101 1100
f 1527 3140 1102
f 974 4336 1100
f 3168 975 3140
f 3168 2837 975
f 4255 974 973
f 3137 975 2832
f 3136 4255 973
f 1511 4330 3136
f 1511 1510 4389
f 1510 3334 4389
f 3137 2832 1509
f 2833 2838 2936
f 2832 975 2837
f 2936 2838 2937
f 3586 2638 3106
f 3586 3106 4088
f 4088 2959 3586
f 2959 4088 2891
f 4088 3106 2885
f 2938 3054 2884
f 3106 2886 2885
f 2884 3058 2890
f 2890 3058 3154
f 4088 2885 2891
f 3157 2890 3154
f 3189 2891 3158
f 3189 3158 3190
f 3188 3189 3190
f 3190 4038 3188
f 4038 3190 2488
f 2488 4011 4038
f 4038 4011 4033
f 4038 4033 2705
f 4033 4011 3252
f 3252 4013 4033
f 4013 3209 4033
f 3209 3211 4033
f 3209 3210 3211
f 3209 4043 3210
f 3587 3210 4043
f 4043 3077 3587
f 3587 3077 3076
f 3587 3076 3588
f 3588 3699 3587
f 3587 3699 2995
f 3699 3588 3971
f 3699 3971 3313
f 3699 3313 2993
f 3313 3971 3972
f 3971 3588 3972
f 3588 3873 3972
f 3972 3873 3872
f 3314 3972 3872
f 3314 3872 3319
f 3223 3319 3872
f 3872 3873 3223
f 3873 3988 3223
f 3988 3912 3223
f 3223 3912 3224
f 3222 3223 3224
f 3222 3224 3909
f 2954 3222 3909
f 3909 3559 2954
f 3909 3908 3559
f 3560 3559 3908
f 3908 4003 3560
f 4003 3242 3560
f 3242 3400 3560
f 3242 4003 2493
f 2493 240 3242
f 2493 4003 4078
f 4078 226 2493
f 3598 226 4078
f 3599 3598 4078
f 3597 3598 3599
f 3599 3901 3597
f 4166 3597 3901
f 4166 3901 3065
f 3065 3274 4166
f 4166 3274 3903
f 3903 4156 4166
f 3142 4156 3903
f 3142 3903 4124
f 3300 3142 4124
f 3612 3300 4124
f 3612 4124 4109
f 3613 3612 4109
f 4109 3922 3613
f 3922 3251 3613
f 3251 2848 3613
f 3922 3252 3251
f 3251 3252 2840
f 3921 3252 3922
f 4014 3921 3922
f 3921 4014 4013
f 3922 4109 4014
f 3917 4014 4109
f 4109 3272 3917
f 3917 3272 3077
f 3272 3067 3077
f 3274 3067 3272
f 3272 3273 3274
f 3273 3272 4125
f 4124 3273 4125
f 4109 4125 3272
f 4014 3917 3209
f 3612 3613 2950
f 3613 2847 2950
f 2950 2847 4052
f 4052 2847 3936
f 4052 3936 4045
f 4052 4045 3302
f 3302 4045 3308
f 4044 3308 4045
f 4045 4070 4044
f 4044 4070 3087
f 2924 3087 4070
f 4070 3285 2924
f 4056 3285 4070
f 3936 4056 4070
f 3936 3075 4056
f 3075 3286 4056
f 3285 4056 3286
f 3285 3286 3287
f 3285 3287 3090
f 3286 3568 3287
f 3568 3207 3287
f 3287 3207 3091
f 3207 2859 3091
f 2415 3568 3286
f 4045 3936 4070
f 4124 4125 4109
f 2614 3300 3612
f 3300 2614 3142
f 4124 3903 3273
f 3143 4156 3142
f 4156 3143 3597
f 3623 3597 3143
f 383 3597 3623
f 3656 383 3623
f 3274 3273 3903
f 3065 3067 3274
f 3065 3066 3067
f 3067 3066 3076
f 3076 3066 3988
f 3901 3988 3066
f 3066 3065 3901
f 4156 3597 4166
f 3599 3912 3901
f 4003 3912 3599
f 3597 383 3598
f 3599 4078 4003
f 3908 3224 4003
f 3559 3560 3399
f 3224 3908 3909
f 3223 3222 3323
f 3912 4003 3224
f 3988 3901 3912
f 3076 3988 3873
f 3588 3076 3873
f 3076 3077 3067
f 3917 3077 4043
f 3210 3587 3592
f 4043 3209 3917
f 3209 4013 4014
f 3921 4013 3252
f 4011 2487 3252
f 3103 3252 2487
f 3410 2891 3189
f 3190 3158 2488
f 4011 2488 2487
f 3104 3103 2487
f 3157 3154 2486
f 3154 3058 2403
f 3103 3104 3105
f 3252 3103 2840
f 3251 2840 2848
f 3613 2848 2847
f 2847 3075 3936
f 2841 3074 2842
f 3075 2415 3286
f 2841 2413 3074
f 2415 2414 3568
f 2403 2402 2413
f 3568 2414 3070
f 3070 3208 3568
f 3070 3888 3208
f 3070 3889 3888
f 3888 3889 3670
f 3675 3670 3889
f 3069 3889 3070
f 3062 2402 2401
f 2934 2582 3062
f 3675 3889 3069
f 3670 3675 3290
f 3290 3672 3670
f 2582 2872 3068
f 2872 2866 3673
f 2865 3673 2866
f 2594 2593 3290
f 3672 3290 2593
f 3217 3420 2530
f 3670 3672 3218
f 2529 3888 3670
f 3208 3888 2529
f 3568 3208 3207
f 2531 2911 2912
f 2912 2911 2913
f 2853 2852 3203
f 2853 3203 3631
f 3239 3631 3203
f 2859 3207 2854
f 2566 2853 3248
f 2432 3091 2859
f 3090 3287 3091
f 3285 3090 2924
f 3088 2434 2433
f 1762 3088 2433
f 3087 2924 2925
f 494 3309 3088
f 3087 3308 4044
f 3307 3302 3308
f 3302 2950 4052
f 3612 2950 2614
f 3142 2614 3143
f 3623 3143 2951
f 2615 3664 2616
f 3664 3309 2952
f 2952 3309 493
f 2951 3295 3623
f 3623 3295 3656
f 3656 3231 383
f 3231 762 2782
f 2782 4082 3231
f 4082 384 3231
f 3166 4082 2782
f 2782 4024 3166
f 3166 4024 2420
f 2420 2419 3166
f 3166 2419 4020
f 3166 4020 3614
f 4022 3614 4020
f 4020 4021 4022
f 4021 4030 4022
f 4022 4030 4031
f 4022 4031 2215
f 4022 2215 360
f 3581 2215 4031
f 3582 3581 4031
f 3581 3582 3583
f 3581 3583 361
f 361 3583 3176
f 3176 3583 3700
f 3700 2850 3176
f 3176 2850 2849
f 3176 2849 2178
f 2178 395 3176
f 2178 2849 3954
f 2178 3954 2176
f 3967 2176 3954
f 3967 3954 3968
f 3968 2997 3967
f 3967 2997 3426
f 2997 3968 3962
f 4520 3962 3968
f 4520 3963 3962
f 3962 3963 2998
f 4520 4332 3963
f 3963 4332 3629
f 3963 3629 2180
f 3629 4332 4333
f 4333 4503 3629
f 4503 4333 2406
f 2406 4338 4503
f 3241 4503 4338
f 2914 3241 4338
f 2914 4338 4337
f 4337 3246 2914
f 4337 4338 3678
f 3247 4337 3678
f 3247 3678 2459
f 4309 2459 3678
f 3677 4309 3678
f 3677 3678 2408
f 3677 2408 4304
f 4304 2408 2407
f 2407 4303 4304
f 4303 2946 4304
f 4496 4304 2946
f 2946 2945 4496
f 4496 2945 4544
f 4496 4544 3684
f 4544 3685 3684
f 3684 3685 2612
f 4309 3684 2612
f 2612 3457 4309
f 4309 3457 3635
f 3253 3635 3457
f 3253 3457 2612
f 3253 2612 2611
f 2516 3253 2611
f 2611 4114 2516
f 2611 4258 4114
f 4114 4258 4108
f 3639 4114 4108
f 4107 3639 4108
f 4107 4108 4554
f 4107 4554 3756
f 3756 3754 4107
f 3198 4107 3754
f 3754 3756 3535
f 3535 3633 3754
f 3754 3633 3689
f 3640 3754 3689
f 3688 3640 3689
f 3687 3688 3689
f 4545 3687 3689
f 3687 4545 2591
f 3687 2591 2590
f 2590 4131 3687
f 4127 4131 2590
f 2590 4126 4127
f 3692 4127 4126
f 4126 2592 3692
f 3692 2592 3693
f 3692 3693 3694
f 3692 3694 4140
f 3692 4140 3487
f 3487 4140 4132
f 4132 2421 3487
f 3486 3487 2421
f 2421 2420 3486
f 2420 4131 3486
f 4384 4131 2420
f 4131 4384 3688
f 3132 3688 4384
f 4024 3132 4384
f 4127 3487 3486
f 2421 4132 4021
f 2419 2421 4021
f 4132 4140 2546
f 2546 3651 4132
f 4132 3651 4030
f 4030 3651 4515
f 4030 4515 3582
f 4515 3700 3582
f 4515 3701 3700
f 3700 3701 3702
f 3702 3701 4205
f 2850 3702 4205
f 4205 4344 2850
f 2850 4344 2851
f 2851 4344 3707
f 2851 3707 3706
f 2851 3706 2406
f 2406 3706 2407
f 3708 2407 3706
f 3706 3707 3708
f 4303 3708 3707
f 3707 4511 4303
f 4303 4511 2947
f 4303 2947 3507
f 3507 2947 2946
f 2947 4511 4344
f 2947 4344 4312
f 2947 4312 2945
f 4311 2945 4312
f 4312 2929 4311
f 4498 4311 2929
f 2929 2928 4498
f 2928 4482 4498
f 4498 4482 4359
f 4317 4498 4359
f 4317 4359 2580
f 4317 2580 2579
f 2579 4499 4317
f 4499 2579 3712
f 3712 2945 4499
f 3712 2579 3711
f 3711 2613 3712
f 3685 3712 2613
f 4373 2613 3711
f 3711 4372 4373
f 4258 4373 4372
f 2560 4258 4372
f 4372 4509 2560
f 4509 4510 2560
f 2558 2560 4510
f 4510 3721 2558
f 3720 2558 3721
f 3720 3721 3025
f 3535 3720 3025
f 3535 3025 3928
f 3928 3536 3535
f 3534 3535 3536
f 3536 3666 3534
f 3534 3666 4191
f 3534 4191 3634
f 3633 3534 3634
f 3633 3634 4475
f 4475 4545 3633
f 4545 4475 4200
f 4475 3345 4200
f 4200 3345 3347
f 4200 3347 4199
f 4199 2591 4200
f 2591 4199 2592
f 2592 4199 3346
f 4199 3347 3346
f 3345 3346 3347
f 3345 4479 3346
f 4277 3346 4479
f 4277 4479 2510
f 2510 4276 4277
f 4276 3638 4277
f 4276 2363 3638
f 3637 3638 2363
f 3637 2363 2362
f 4286 3637 2362
f 2362 4492 4286
f 4286 4492 4287
f 4286 4287 2544
f 2544 3694 4286
f 4483 2544 4287
f 4287 4481 4483
f 4483 4481 2927
f 4224 4483 2927
f 2927 2929 4224
f 2545 4483 4224
f 2545 4224 3652
f 3651 2545 3652
f 3651 3652 3701
f 3652 4224 4205
f 4481 4482 2927
f 4481 3441 4482
f 3441 4235 4482
f 4234 4482 4235
f 4234 4235 4236
f 4236 4359 4234
f 4236 3380 4359
f 4236 3381 3380
f 3380 3381 3382
f 2352 3380 3382
f 2353 2352 3382
f 3654 2353 3382
f 3382 4175 3654
f 3654 4175 4540
f 4540 3655 3654
f 3654 3655 2355
f 2355 2345 3654
f 2346 2345 2355
f 2355 2354 2346
f 2354 4182 2346
f 2346 4182 4183
f 4183 2344 2346
f 4509 2344 4183
f 4474 4509 4183
f 4474 4183 3923
f 3023 4474 3923
f 3923 2907 3023
f 3024 3023 2907
f 3089 3024 2907
f 3089 2907 2909
f 3089 2909 4541
f 3920 3089 4541
f 3920 4541 2711
f 3920 2711 2526
f 2526 2528 3920
f 4268 3920 2528
f 4268 2528 4269
f 4268 4269 1864
f 4268 1864 3407
f 3407 3406 4268
f 3406 3407 3408
f 3408 3928 3406
f 3928 3024 3406
f 3408 3407 3732
f 3731 3408 3732
f 3731 3732 3666
f 3666 3732 3667
f 3665 3666 3667
f 3665 3667 1874
f 3665 1874 3798
f 3665 3798 3737
f 3737 3738 3665
f 4191 3665 3738
f 3738 4538 4191
f 4538 3738 4479
f 3738 2511 4479
f 3738 3737 2511
f 2511 3737 3946
f 2512 2511 3946
f 2512 3946 3797
f 3797 3671 2512
f 3671 3237 2512
f 2512 3237 4493
f 4276 2512 4493
f 4493 2364 4276
f 4493 4355 2364
f 2364 4355 4299
f 4301 2364 4299
f 4299 4300 4301
f 4301 4300 3439
f 4287 4301 3439
f 4300 3440 3439
f 3439 3440 3441
f 4300 3602 3440
f 3602 4248 3440
f 3440 4248 4235
f 3602 4247 4248
f 4248 4247 3381
f 4247 3601 3381
f 3601 3674 3381
f 3674 3655 3381
f 4175 3381 3655
f 3655 3674 4445
f 4254 4445 3674
f 3674 4253 4254
f 4533 4254 4253
f 4489 4533 4253
f 4489 4253 4358
f 4358 4071 4489
f 4071 4488 4489
f 4488 2694 4489
f 2694 4530 4489
f 4090 4530 2694
f 2694 4089 4090
f 4090 4089 3609
f 4439 4090 3609
f 3609 3001 4439
f 4439 3001 2354
f 2354 4097 4439
f 2356 4097 2354
f 2356 4098 4097
f 4097 4098 4090
f 2356 4445 4098
f 2355 4445 2356
f 3609 2723 3001
f 3584 3001 2723
f 2723 2722 3584
f 4034 3584 2722
f 4034 2722 4035
f 2712 4034 4035
f 2712 4035 4431
f 2713 2712 4431
f 2713 4431 4432
f 3590 2713 4432
f 3590 4432 4435
f 3590 4435 3591
f 3589 3590 3591
f 3199 3589 3591
f 3199 3591 2674
f 2674 1907 3199
f 1907 1906 3199
f 3199 1906 2527
f 2527 1906 3503
f 3503 2528 2527
f 2528 3503 3973
f 1865 2528 3973
f 4342 1865 3973
f 4342 3973 2643
f 4341 4342 2643
f 2643 1870 4341
f 4341 1870 1869
f 4341 1869 3799
f 1875 4341 3799
f 1875 3799 3798
f 3797 3798 3799
f 3799 3595 3797
f 1869 3595 3799
f 1869 3596 3595
f 3235 3595 3596
f 3596 4528 3235
f 3235 4528 4071
f 3236 3235 4071
f 4071 4357 3236
f 3236 4357 4354
f 3236 4354 4355
f 3237 3236 4355
f 4355 4354 3602
f 4354 3603 3602
f 3601 3602 3603
f 3603 4079 3601
f 4354 4079 3603
f 4079 4354 4358
f 4357 4358 4354
f 3235 3236 3237
f 4528 4408 4071
f 4159 4408 4528
f 4160 4159 4528
f 1871 4159 4160
f 1871 4160 1869
f 1871 4396 4159
f 4159 4396 4466
f 4466 4407 4159
f 4466 4405 4407
f 4407 4405 4167
f 2695 4407 4167
f 2696 2695 4167
f 2696 4167 3916
f 3610 2696 3916
f 3610 3916 2724
f 3610 2724 3611
f 3609 3610 3611
f 3611 2724 2723
f 3915 2724 3916
f 3916 4112 3915
f 3915 4112 4035
f 4404 4112 3916
f 4404 3916 4403
f 4403 3896 4404
f 4404 3896 3616
f 3617 4404 3616
f 3616 3348 3617
f 3617 3348 4116
f 3617 4116 4453
f 3617 4453 3261
f 3617 3261 3263
f 3261 3262 3263
f 3263 3262 4046
f 4046 4048 3263
f 4048 4404 3263
f 4046 4047 4048
f 4047 4112 4048
f 4112 4047 4431
f 4435 4047 4046
f 4435 4046 2675
f 2675 4046 3262
f 2675 3262 4058
f 2676 2675 4058
f 4058 4059 2676
f 4059 4437 2676
f 3620 2676 4437
f 3620 4437 4416
f 3620 4416 3621
f 3619 3620 3621
f 3619 3621 2983
f 3619 2983 2985
f 3619 2985 4143
f 4143 4461 3619
f 3619 4461 4460
f 4414 4460 4461
f 4414 4461 4550
f 4550 3625 4414
f 3627 4414 3625
f 3625 3626 3627
f 4149 3627 3626
f 2658 4149 3626
f 3626 4463 2658
f 2658 4463 3292
f 2659 2658 3292
f 3292 4401 2659
f 4401 3899 2659
f 2659 3899 3554
f 2657 2659 3554
f 4400 2657 3554
f 4400 3554 3012
f 3012 4242 4400
f 4399 4400 4242
f 4242 3907 4399
f 3907 3086 4399
f 3086 3907 2805
f 3086 2805 4133
f 4133 4412 3086
f 3086 4412 3084
f 3084 3085 3086
f 4400 3086 3085
f 4001 4400 3085
f 3085 3558 4001
f 2657 4001 3558
f 3558 4149 2657
f 4149 3558 3557
f 3557 3558 3085
f 3084 3557 3085
f 3557 3084 3934
f 3934 4010 3557
f 4010 3627 3557
f 4009 4010 3934
f 3934 4427 4009
f 4009 4427 4460
f 3620 4460 4427
f 4427 2674 3620
f 3564 2674 4427
f 3934 3564 4427
f 4010 4009 4414
f 3564 3934 3084
f 3564 3084 1907
f 1905 1907 3084
f 1905 3084 4412
f 4413 1905 4412
f 4412 3943 4413
f 3943 3942 4413
f 3503 4413 3942
f 3113 3942 3943
f 3113 3943 4133
f 2641 3942 3113
f 2642 2641 3113
f 3113 3114 2642
f 3114 3565 2642
f 2642 3565 3886
f 2642 3886 2643
f 3565 3567 3886
f 3886 3567 1870
f 1870 3567 1871
f 3565 3566 3567
f 3566 4209 3567
f 3567 4209 3895
f 3567 3895 4396
f 4396 3895 3897
f 3895 3896 3897
f 3897 3896 4405
f 3896 3895 4395
f 4395 3895 4209
f 4395 4209 3349
f 4395 3349 3616
f 3349 4209 3566
f 3566 3974 3349
f 3974 3350 3349
f 3348 3349 3350
f 3974 4525 3350
f 3350 4525 2969
f 4116 3350 2969
f 4116 2969 2968
f 4116 2968 4219
f 3990 4219 2968
f 2968 3989 3990
f 3990 3989 2822
f 2822 3152 3990
f 3151 3990 3152
f 3150 3151 3152
f 4217 3150 3152
f 4217 3152 2632
f 3772 4217 2632
f 2632 2631 3772
f 4019 3772 2631
f 3570 4019 2631
f 3570 2631 3571
f 3570 3571 4226
f 3776 3570 4226
f 4226 4242 3776
f 3776 3777 3570
f 3777 4018 3570
f 4529 4018 3777
f 3011 4529 3777
f 3011 4240 4529
f 4239 4529 4240
f 4239 4240 3576
f 4018 4239 3576
f 3576 3575 4018
f 4018 3575 4019
f 3575 3576 3577
f 3577 4430 3575
f 3575 4430 3772
f 3577 4429 4430
f 4429 3150 4430
f 4429 4028 3150
f 4429 3035 4028
f 3035 3034 4028
f 3151 4028 3034
f 3034 3185 3151
f 3034 3183 3185
f 3183 3184 3185
f 3185 3184 3953
f 3185 3953 3990
f 3952 3990 3953
f 3952 3953 3578
f 3952 3578 3579
f 3579 3261 3952
f 3578 2792 3579
f 4059 3579 2792
f 4416 4059 2792
f 3578 3961 2792
f 2793 2792 3961
f 2793 3961 3184
f 2793 3184 4524
f 2791 2793 4524
f 4420 2791 4524
f 4420 4524 4421
f 2771 4420 4421
f 4421 4548 2771
f 2772 2771 4548
f 2772 4548 4549
f 2772 4549 4456
f 2772 4456 2066
f 2066 4571 2772
f 4547 2772 4571
f 4547 4571 2056
f 2056 4546 4547
f 4546 4583 4547
f 3626 4547 4583
f 2770 4547 3626
f 4546 2730 4583
f 4583 2730 4551
f 4463 4583 4551
f 2732 4551 2730
f 2730 2731 2732
f 2731 2076 2732
f 2732 2076 3899
f 2731 4586 2076
f 2077 2076 4586
f 2077 4586 4542
f 4542 2075 2077
f 2075 4542 2917
f 2075 2917 2746
f 2746 2076 2075
f 2745 2076 2746
f 3554 2076 2745
f 2745 3013 3554
f 2745 2917 3013
f 3013 2917 3011
f 3011 3012 3013
f 3776 3012 3011
f 2917 2745 2746
f 4542 2762 2917
f 2917 2762 4240
f 4240 2762 4447
f 4447 2762 4451
f 4451 4448 4447
f 3576 4447 4448
f 2068 4448 4451
f 2068 4451 2761
f 2761 2058 2068
f 2057 2068 2058
f 2056 2057 2058
f 4454 2056 2058
f 2730 2056 4454
f 2056 2066 2057
f 2066 2067 2057
f 2067 2068 2057
f 4458 2068 2067
f 4458 2067 4456
f 4456 4457 4458
f 4458 4457 3577
f 2068 4458 3577
f 4454 2058 2761
f 4454 2761 2760
f 2731 4454 2760
f 2760 2761 2762
f 4586 2760 2762
f 2068 3577 4448
f 4451 2762 2761
f 2762 4542 4586
f 2075 2076 2077
f 2731 2760 4586
f 2730 4454 2731
f 3899 4551 2732
f 4546 2056 2730
f 2770 2772 4547
f 2056 4571 2066
f 2066 4456 2067
f 4456 4549 4457
f 4457 4549 4552
f 4457 4552 4429
f 4596 4552 4549
f 4596 3033 4552
f 3033 3035 4552
f 3033 4596 4421
f 4421 3183 3033
f 4548 4596 4549
f 2770 2771 2772
f 2771 2770 4550
f 4550 4143 2771
f 4548 4421 4596
f 2771 4143 4420
f 4421 4524 3183
f 2985 2791 4420
f 2791 2985 2984
f 2984 2792 2791
f 3621 2792 2984
f 2791 2792 2793
f 3953 3961 3578
f 3184 3961 3953
f 4524 3184 3183
f 3033 3183 3034
f 3033 3034 3035
f 4552 3035 4429
f 4457 4429 3577
f 4448 3577 3576
f 4447 3576 4240
f 2917 4240 3011
f 4018 4529 4239
f 3777 3776 3011
f 4226 3571 3907
f 3907 3571 3049
f 3571 2630 3049
f 3050 3049 2630
f 2630 4601 3050
f 3050 4601 4602
f 4602 4604 3050
f 2806 3050 4604
f 2806 4604 2807
f 2805 2806 2807
f 2805 2807 3114
f 2806 2805 3049
f 4604 3974 2807
f 4604 4602 3974
f 4602 4601 4576
f 4602 4576 4525
f 4525 4576 2822
f 4525 2822 2970
f 2820 2822 4576
f 2820 2821 2822
f 2632 2821 2820
f 2632 2820 2630
f 2820 4576 4601
f 2630 2820 4601
f 3049 3050 2806
f 2630 3571 2631
f 3570 4018 4019
f 3772 4019 3575
f 2630 2631 2632
f 4217 3772 4430
f 2632 3152 2821
f 4217 4430 3150
f 4028 3151 3150
f 3990 3151 3185
f 2822 2821 3152
f 2970 2822 3989
f 3989 2968 2970
f 4219 3990 3952
f 4453 4219 3952
f 2968 2969 2970
f 2970 2969 4525
f 4602 4525 3974
f 2807 3974 3566
f 3566 3565 2807
f 3565 3114 2807
f 3114 3113 2805
f 2641 2642 2643
f 2641 3973 3942
f 1906 1905 4413
f 4412 4133 3943
f 4133 2805 3113
f 3907 3049 2805
f 3907 4242 4226
f 4400 4399 3086
f 3012 3776 4242
f 3013 3012 3554
f 4001 2657 4400
f 3899 2076 3554
f 4401 4551 3899
f 4551 4401 3292
f 2657 2658 2659
f 3292 4463 4551
f 4583 4463 3626
f 4149 2658 2657
f 3557 3627 4149
f 3626 3625 2770
f 3627 4010 4414
f 4550 2770 3625
f 4460 4414 4009
f 4550 4461 4143
f 4143 2985 4420
f 2983 2984 2985
f 2984 2983 3621
f 4460 3620 3619
f 2792 3621 4416
f 2676 3620 2674
f 4059 4416 4437
f 3579 4059 4058
f 2674 2675 2676
f 4058 3262 3579
f 3261 3579 3262
f 3952 3261 4453
f 4219 4453 4116
f 3348 3350 4116
f 3349 3348 3616
f 4404 3617 3263
f 4395 3616 3896
f 4405 3896 4403
f 3916 4405 4403
f 4112 4404 4048
f 2724 3915 2722
f 4089 2696 3610
f 2694 2695 2696
f 4408 4407 2695
f 4488 4408 2695
f 4167 4405 3916
f 3897 4405 4466
f 4396 3897 4466
f 3567 4396 1871
f 4159 4407 4408
f 4160 4528 3596
f 3595 3235 3237
f 1869 4160 3596
f 1869 1870 1871
f 1870 2643 3886
f 4341 1875 4342
f 4342 1875 1866
f 1874 1866 1875
f 2643 3973 2641
f 4342 1866 1865
f 1864 1865 1866
f 3667 1864 1866
f 3503 3942 3973
f 3503 1906 4413
f 1905 1906 1907
f 1907 2674 3564
f 3591 2675 2674
f 2527 3589 3199
f 3589 2527 2526
f 2526 3590 3589
f 3591 4435 2675
f 4432 4047 4435
f 2711 2713 3590
f 4432 4431 4047
f 2711 2712 2713
f 4568 2712 2711
f 4568 2711 4567
f 4567 4034 4568
f 4543 4034 4567
f 2909 4543 4567
f 2909 2908 4543
f 2908 3002 4543
f 4543 3002 3584
f 3003 3002 2908
f 2907 3003 2908
f 3001 3002 3003
f 3003 4182 3001
f 4182 3003 3923
f 4431 4035 4112
f 4568 4034 2712
f 2722 3915 4035
f 4543 3584 4034
f 2722 2723 2724
f 3002 3001 3584
f 3609 3611 2723
f 4439 4097 4090
f 3609 4089 3610
f 2696 4089 2694
f 4098 4530 4090
f 4098 4533 4530
f 2695 2694 4488
f 4408 4488 4071
f 4357 4071 4358
f 4253 4079 4358
f 4533 4489 4530
f 4533 4098 4254
f 3674 4079 4253
f 4098 4445 4254
f 3601 4079 3674
f 3602 3601 4247
f 4299 3602 4300
f 2364 4301 2362
f 3602 4299 4355
f 4539 2512 4276
f 2510 2512 4539
f 4355 4493 3237
f 3671 3595 3237
f 3797 3595 3671
f 3798 3797 3946
f 2510 2511 2512
f 3737 3798 3946
f 3798 1874 1875
f 3667 1866 1874
f 3732 1864 3667
f 3408 3731 3536
f 3732 3407 1864
f 4269 1865 1864
f 4269 2528 1865
f 3920 4268 3406
f 2526 2527 2528
f 2526 2711 3590
f 4541 4567 2711
f 3406 3089 3920
f 4541 2909 4567
f 2907 2908 2909
f 3089 3406 3024
f 3023 3024 3025
f 2907 3923 3003
f 3023 4510 4474
f 2351 2344 4509
f 2351 4508 2344
f 2344 4508 2345
f 2345 4508 2353
f 2351 2353 4508
f 4182 3923 4183
f 2354 3001 4182
f 2354 2355 2356
f 2344 2345 2346
f 3655 4445 2355
f 3655 4540 4175
f 2353 3654 2345
f 2351 2352 2353
f 2351 3711 2352
f 2580 3380 2352
f 3382 3381 4175
f 4236 4248 3381
f 4236 4235 4248
f 3440 4235 3441
f 3439 3441 4481
f 3439 4481 4287
f 2544 4483 2545
f 2544 2545 2546
f 4492 4301 4287
f 2362 4301 4492
f 4286 3693 3637
f 3346 3637 3693
f 2362 2363 2364
f 3637 3346 3638
f 4276 2364 2363
f 2510 4539 4276
f 4479 2511 2510
f 4277 3638 3346
f 3345 4538 4479
f 4475 4538 3345
f 4475 3634 4538
f 4538 3634 4191
f 3665 4191 3666
f 3536 3731 3666
f 3928 3408 3536
f 3928 3025 3024
f 3025 3721 3023
f 3756 2558 3720
f 3721 4510 3023
f 2558 2559 2560
f 2559 4535 2560
f 4108 4535 2559
f 4554 2559 2558
f 4510 4509 4474
f 4509 4372 2351
f 4258 2560 4535
f 4372 3711 2351
f 2613 4373 2611
f 2579 2352 3711
f 2579 2580 2352
f 4359 3380 2580
f 4317 4499 4498
f 4482 4234 4359
f 2927 4482 2928
f 2927 2928 2929
f 4311 4498 4499
f 4224 2929 4312
f 2945 4311 4499
f 4312 4344 4224
f 4344 4511 3707
f 4205 4224 4344
f 4205 3701 3652
f 4515 3651 3701
f 2546 2545 3651
f 4140 2544 2546
f 4140 3694 2544
f 3694 3693 4286
f 2592 3346 3693
f 3487 4127 3692
f 4126 2590 2592
f 4131 4127 3486
f 2590 2591 2592
f 4200 2591 4545
f 3688 3687 4131
f 4545 3689 3633
f 3535 3534 3633
f 3535 3756 3720
f 3756 4554 2558
f 4554 4108 2559
f 4108 4258 4535
f 4373 4258 2611
f 2611 2612 2613
f 4309 4304 3684
f 2612 3685 2613
f 4544 3712 3685
f 3712 4544 2945
f 2945 2946 2947
f 4304 4496 3684
f 3507 2946 4303
f 2407 3708 4303
f 2406 2407 2408
f 3677 4304 4309
f 3635 2459 4309
f 4338 2408 3678
f 4338 2406 2408
f 2406 4333 2851
f 3954 2851 4333
f 3954 4333 4520
f 4520 4333 4332
f 3968 3954 4520
f 2849 2851 3954
f 2849 2850 2851
f 2850 3700 3702
f 3582 3700 3583
f 2215 3581 361
f 4031 4030 3582
f 4021 4132 4030
f 4021 4020 2419
f 2419 2420 2421
f 4384 2420 4024
f 3614 4082 3166
f 3232 1763 3653
f 2797 495 4526
f 2797 4526 2442
f 4526 2440 2442
f 2440 4526 495
f 2952 493 1763
f 3309 494 493
f 495 576 2440
f 1762 494 3088
f 1762 2433 577
f 2440 576 578
f 2440 2441 2442
f 2797 2442 1749
f 1749 762 2797
f 762 467 2782
f 2782 3132 4024
f 3640 3688 3132
f 3754 3640 3198
f 1747 3197 469
f 3198 3639 4107
f 3639 2905 4114
f 468 2873 1747
f 2873 761 2514
f 2516 4114 2905
f 2514 3146 2515
f 3253 2516 3191
f 3146 2906 2515
f 3191 3635 3253
f 2459 3635 2460
f 2459 2460 2461
f 3220 2800 2906
f 577 2923 2800
f 2461 3247 2459
f 2566 3248 2923
f 4337 3247 3246
f 3631 3248 2853
f 3239 2547 3631
f 3246 3244 2914
f 3239 2548 2547
f 3241 2914 2549
f 3629 4503 3241
f 3629 2477 2180
f 2181 2180 2477
f 2477 2478 2181
f 2478 2688 2181
f 2181 2688 2182
f 2477 2916 2478
f 2915 2548 3239
f 3203 2678 3239
f 2990 2478 2916
f 3417 3390 2989
f 2992 2688 2478
f 3624 3387 3383
f 2182 2688 2687
f 2180 2181 2182
f 3963 2180 2998
f 3962 2998 2997
f 2996 3383 3385
f 2184 2185 2186
f 3426 2997 2184
f 3426 2176 3967
f 2176 2177 2178
f 395 2178 2177
f 3482 3176 395
f 361 3176 3482
f 361 360 2215
f 360 3614 4022
f 3614 384 4082
f 384 383 3231
f 383 3475 3598
f 3598 3475 226
f 225 2493 226
f 227 385 281
f 225 283 2493
f 281 362 282
f 283 241 2493
f 282 362 520
f 2493 241 240
f 3242 240 3400
f 3399 3560 3400
f 2954 3559 3399
f 3323 3222 2954
f 3319 3223 3323
f 2900 2625 1856
f 3314 3319 3316
f 3600 2900 2899
f 2899 2900 2901
f 2901 2628 2899
f 3972 3314 3313
f 2993 3313 2667
f 2995 3699 2993
f 2995 3592 3587
f 3592 3211 3210
f 2501 2502 2503
f 3211 2705 4033
f 2501 3041 2704
f 4038 2705 3416
f 3415 2704 4522
f 4523 3415 4522
f 4522 2701 4523
f 4522 2704 2701
f 4038 3416 3188
f 3188 3411 3189
f 3409 3415 4523
f 4523 3215 3409
f 3411 3410 3189
f 2891 3410 2959
f 2960 3409 2965
f 2958 3586 2959
f 2636 2964 4534
f 4534 2964 2994
f 3337 2638 3586
f 2637 2936 2638
f 3334 1510 2637
f 4534 3333 2636
f 3333 4534 3206
f 3334 3328 4389
f 3327 4389 3328
f 3005 3327 3580
f 3006 3005 3580
f 3004 3005 3006
f 2809 3004 2810
f 3047 4377 2809
f 3194 3192 2808
f 3521 4376 3047
f 3574 3741 3521
f 3742 3574 3473
f 3046 3048 2573
f 4368 3473 3573
f 4368 3573 3016
f 3014 3015 3016
f 3649 3014 2747
f 2747 3462 4352
f 3179 3017 3463
f 3462 2743 4271
f 2741 2742 2743
f 3179 3572 3017
f 2561 2562 2563
f 2561 3044 2562
f 2976 2563 2939
f 2971 2977 2741
f 2976 2939 3029
f 3029 2939 4110
f 3029 4110 4111
f 4110 1257 4111
f 4111 1257 3155
f 4110 1227 1257
f 1227 1226 1257
f 1225 1226 1227
f 4110 2939 1227
f 2977 1242 3668
f 2652 3029 4111
f 1242 1243 1244
f 4111 3030 2652
f 2653 373 1243
f 373 3032 4130
f 3032 2257 4130
f 1696 2257 1697
f 2949 2948 3031
f 3569 1695 1697
f 3008 1695 3569
f 2735 3053 3009
f 3010 3018 3008
f 3018 3484 3430
f 3484 3552 1713
f 2867 3552 2868
f 3019 1284 2868
f 1283 1276 1284
f 2236 1283 3494
f 3021 2856 3494
f 3497 3550 2763
f 3022 3550 3053
f 4281 3021 3020
f 3489 3022 3052
f 3549 3321 3020
f 2468 3489 2734
f 844 3321 3549
f 1222 1177 2468
f 844 2467 845
f 845 918 843
f 2882 617 918
f 2882 2200 615
f 983 2861 3540
f 2201 2200 3026
f 1364 3026 3027
f 3533 3424 3027
f 982 2494 2861
f 1420 3424 3533
f 1129 611 2494
f 1420 2500 1421
f 2500 3531 831
f 3723 3531 2896
f 2897 610 2463
f 2896 2895 3723
f 2463 2785 2897
f 2463 4563 2785
f 4563 561 2785
f 561 2786 2785
f 4563 2463 562
f 2785 2786 2787
f 2787 2786 3522
f 2786 1814 3522
f 2895 3524 739
f 3524 2192 3488
f 3520 3522 1814
f 2191 3488 2192
f 2193 3043 2207
f 1816 3043 2193
f 3043 1816 4570
f 4570 3042 3043
f 3042 4570 4673
f 3042 4673 2156
f 4570 1816 4673
f 2173 4673 1816
f 3481 2191 2209
f 299 2209 2208
f 3042 2207 3043
f 2932 2208 2194
f 256 2194 254
f 2196 2195 2202
f 2156 2195 3042
f 2173 2156 4673
f 2155 2157 2203
f 2398 2169 2168
f 2204 2203 2836
f 2834 2359 2835
f 2836 3051 2204
f 3051 3493 254
f 254 3493 3402
f 2818 3402 2446
f 2818 2446 2445
f 2445 2457 2818
f 2957 2818 2457
f 2584 3425 2870
f 3466 2483 2586
f 2457 2587 2957
f 2818 2957 2053
f 1601 2053 1602
f 2490 1603 1602
f 3449 2490 2489
f 3466 2484 2483
f 89 2489 2888
f 3466 3476 2889
f 3476 3427 2889
f 2888 87 89
f 3460 2887 2601
f 87 2646 2647
f 3456 2411 2646
f 3820 2411 2410
f 3451 2410 2417
f 3124 3451 2967
f 2418 2412 2843
f 2844 2843 3434
f 2845 2966 2967
f 2966 3167 1528
f 3168 3167 2837
f 2837 2864 2451
f 2864 3437 2865
f 2844 3435 3438
f 3437 3433 2865
f 3434 3435 2844
f 3432 3434 2843
f 2865 3433 2941
f 2600 2595 2941
f 2601 3432 3460
f 2595 2600 2599
f 2601 2887 2940
f 2943 2599 2944
f 2940 2889 3427
f 2944 2605 2942
f 3427 3476 2603
f 3476 2588 2603
f 2588 2870 3425
f 2605 2604 3423
f 2605 3423 3283
f 3283 3420 3217
f 2530 3420 3214
f 2913 3214 2534
f 2533 2678 2534
f 3417 2989 2533
f 3417 2536 3390
f 3414 2910 2532
f 3425 2537 3414
f 2536 3391 3390
f 2537 2456 2535
f 2447 2427 2456
f 3391 2429 2686
f 2447 2428 2427
f 2429 2436 2686
f 2428 2568 2435
f 3485 2835 2568
f 2857 2835 2359
f 2569 3393 3392
f 2436 3392 3386
f 2619 3624 3386
f 2618 3394 2424
f 3624 2619 3387
f 3383 3387 3385
f 2620 3431 3385
f 2424 2425 2426
f 2620 2718 3431
f 2715 2718 3376
f 2621 2425 3039
f 2571 2348 3039
f 310 2365 308
f 3368 2348 2570
f 3368 2570 2359
f 2359 2834 2360
f 2170 2360 2168
f 2369 308 2347
f 308 309 310
f 310 309 2523
f 2522 309 3352
f 2170 333 3361
f 333 334 335
f 3352 296 2522
f 295 2522 296
f 295 296 297
f 3935 295 297
f 428 3935 297
f 428 427 3935
f 426 427 428
f 2334 426 428
f 427 426 2690
f 295 427 2690
f 427 295 3935
f 335 2160 2337
f 2337 4553 2328
f 4553 49 2328
f 2400 4553 2337
f 428 297 2327
f 2335 2328 49
f 2334 428 2327
f 2334 2333 426
f 426 2333 2683
f 4210 2342 2335
f 4210 2335 48
f 1903 2342 4210
f 1903 4569 2342
f 4569 3342 2342
f 4569 2727 3342
f 2727 2726 3342
f 409 2726 2727
f 4569 2074 2727
f 3344 2517 3331
f 3342 2726 3338
f 3338 2726 3000
f 2726 1885 3000
f 1956 3000 1885
f 3000 1955 2518
f 2518 1955 2485
f 2518 2485 2904
f 2517 2519 3331
f 2520 3312 3331
f 2553 2552 2555
f 3312 2520 2556
f 3310 2552 2551
f 4566 3310 2551
f 4566 2551 1430
f 1430 2508 4566
f 4566 2508 4560
f 4566 4560 2684
f 2508 2902 4560
f 2902 4531 4560
f 2691 4560 4531
f 4531 2774 2691
f 2773 2691 2774
f 2774 4531 4532
f 2775 2774 4532
f 2775 4532 4558
f 4558 3296 2775
f 1748 3296 4558
f 4558 4532 972
f 4532 2903 972
f 2903 4532 4531
f 4531 2902 2903
f 2902 2508 2903
f 2903 2508 4521
f 487 2903 4521
f 4521 2508 2507
f 1758 4521 2507
f 1758 2507 4527
f 1758 4527 532
f 532 4527 2099
f 3312 2683 2333
f 4566 2684 3310
f 2683 2682 426
f 2691 2684 4560
f 2682 2690 426
f 2522 295 2690
f 2691 2773 3303
f 309 2522 2523
f 310 2523 2991
f 2773 2774 2775
f 3375 2991 3299
f 3291 3376 3299
f 3296 3297 2775
f 2715 3376 3291
f 2719 2715 2714
f 3288 3429 2719
f 355 354 3288
f 394 353 355
f 362 394 520
f 520 521 242
f 521 1753 242
f 270 1753 1890
f 3267 3282 558
f 271 270 1890
f 272 271 1760
f 1847 2953 1760
f 1846 2624 1847
f 1891 1860 1848
f 1883 1861 1860
f 1846 1862 1851
f 1850 2625 1851
f 1850 1856 2625
f 2900 1856 2901
f 2628 2901 2623
f 2628 2627 2899
f 2978 2627 2982
f 550 2982 2956
f 2798 2671 2661
f 2980 2798 2661
f 550 551 552
f 551 2801 3040
f 2975 2839 2802
f 2702 2801 2803
f 2702 2701 2704
f 2649 2703 2779
f 4537 2707 2649
f 2707 4537 4536
f 3159 4536 4537
f 4561 3159 4537
f 4561 4537 3148
f 3148 2751 4561
f 4638 4536 3159
f 2920 4536 4638
f 2918 2920 4638
f 4638 3160 2918
f 2918 3160 2919
f 2918 2919 2920
f 4536 2920 3213
f 3215 4523 2701
f 4536 3213 2707
f 2965 3409 3215
f 3213 2920 2919
f 2965 2994 2964
f 2994 3206 4534
f 3206 3204 3333
f 2931 3204 2634
f 2633 2931 2634
f 2639 3045 2633
f 3194 3045 2639
f 3192 3194 2961
f 2573 3192 2574
f 2572 2573 2574
f 2573 2572 3186
f 2748 3186 2749
f 3180 3463 2749
f 2963 3175 3182
f 3180 3179 3463
f 3177 3572 3179
f 2812 2561 3177
f 2963 3174 3175
f 2811 3174 2963
f 2640 2811 2962
f 2561 2812 3044
f 3170 2640 2635
f 3169 3170 2635
f 2635 2815 3169
f 2815 3202 2816
f 3044 2817 2562
f 2563 2562 2939
f 2939 1225 1227
f 3163 3164 2816
f 3163 2919 3160
f 4638 3159 3160
f 2751 3159 4561
f 1226 1225 2750
f 1226 3155 1257
f 3155 3030 4111
f 3031 3030 2949
f 2755 2948 2949
f 2754 2753 2751
f 2607 3546 2755
f 2751 3148 2754
f 4537 2649 3148
f 2606 2607 2608
f 2654 3541 2606
f 2654 2781 3448
f 2649 2779 2648
f 2780 2779 2839
f 2780 2839 2975
f 2974 3455 2781
f 2802 3135 2975
f 2661 3135 2980
f 2661 2663 2783
f 3131 2974 2784
f 3131 1154 1153
f 1154 2583 1198
f 2783 3126 3129
f 2583 1286 1285
f 2422 1287 1286
f 3126 2827 3125
f 2422 3120 3404
f 3118 2826 2828
f 1238 3120 1236
f 3118 2692 2831
f 1236 3082 1237
f 2055 379 2700
f 3082 2496 1264
f 1264 2496 728
f 2495 1523 729
f 730 1263 728
f 1316 1263 1037
f 2567 1037 1036
f 824 1152 1036
f 1177 824 823
f 2540 1535 825
f 823 2881 2880
f 2539 3540 2881
f 1551 981 1535
f 2539 983 3540
f 983 982 2861
f 1129 2494 982
f 1551 1128 981
f 729 1523 1128
f 772 1523 1968
f 1129 2482 611
f 2499 611 610
f 1091 2463 610
f 609 772 771
f 2463 1091 1505
f 770 1979 771
f 1505 562 2463
f 563 2479 1979
f 561 4563 562
f 447 563 1918
f 561 1814 2786
f 1814 2405 3520
f 447 2404 1047
f 84 2404 1915
f 2405 86 3520
f 85 84 1915
f 1816 2193 86
f 1816 1805 2173
f 1804 2174 1805
f 1804 2400 2337
f 85 1915 1914
f 2400 49 4553
f 501 47 1914
f 49 48 2335
f 1807 47 3060
f 48 1903 4210
f 1903 2074 4569
f 410 1902 1807
f 409 2727 2074
f 1885 2726 409
f 1885 1241 358
f 358 1956 1885
f 1956 1955 3000
f 2485 1955 690
f 658 2904 2485
f 2521 658 657
f 1949 3322 657
f 1949 1838 1873
f 1031 656 1032
f 174 1031 1948
f 1838 1839 292
f 176 1520 129
f 1135 1136 1137
f 1136 131 894
f 1520 130 129
f 1520 1521 130
f 1552 131 1553
f 936 1553 2009
f 2009 2008 936
f 936 1552 1553
f 131 1552 894
f 1136 894 893
f 992 2524 892
f 893 1137 1136
f 1825 1135 1137
f 292 1825 293
f 1838 292 1873
f 1873 230 3320
f 230 229 3320
f 1931 2423 231
f 1931 4609 2423
f 4609 2108 2423
f 1853 1431 229
f 2113 2108 4609
f 4609 4559 2113
f 4559 2617 2113
f 4609 582 4559
f 4559 582 1405
f 1431 1430 2551
f 1432 2113 2617
f 2507 2508 1430
f 2099 4527 2507
f 2100 2617 4559
f 4559 1405 2100
f 533 2099 1404
f 532 2099 533
f 1025 485 1026
f 1758 532 2029
f 4521 1758 487
f 485 1025 486
f 2903 487 972
f 971 4558 972
f 378 20 2538
f 1748 4558 971
f 3296 1748 19
f 21 2480 19
f 1744 2720 2480
f 754 2720 1744
f 754 559 2720
f 2999 559 558
f 755 2475 557
f 558 1994 3267
f 1995 2476 1954
f 1994 1993 1882
f 851 1995 662
f 853 1882 1993
f 852 851 662
f 853 1895 1897
f 146 2509 802
f 1896 1895 2041
f 1896 2041 1116
f 1115 1861 1116
f 2031 1852 1115
f 2031 54 3250
f 53 54 55
f 1568 1076 1075
f 55 2541 53
f 2622 2541 2232
f 2955 2232 2231
f 2828 2827 2231
f 2828 2692 3118
f 1568 2230 1076
f 2692 101 2831
f 1569 1568 1075
f 100 101 102
f 1075 2030 1569
f 2030 2550 2685
f 2286 102 2223
f 2685 2550 1559
f 2079 2286 1561
f 1560 3101 1561
f 1117 2040 1559
f 3097 1560 2265
f 2040 2039 2266
f 2265 2725 2930
f 1636 2930 2725
f 1644 2039 2509
f 2725 1646 2716
f 1644 2509 146
f 1646 1645 2716
f 2256 2255 2717
f 2725 2716 1636
f 2930 1636 238
f 420 1637 421
f 1637 1331 421
f 238 302 239
f 237 238 239
f 236 2046 237
f 2045 236 235
f 2055 235 379
f 3079 379 315
f 314 234 2933
f 314 2933 306
f 315 2926 3079
f 2926 318 320
f 314 1197 1604
f 318 319 320
f 322 324 1604
f 319 252 1967
f 324 322 253
f 322 2311 253
f 1579 253 2311
f 252 2921 2504
f 2921 2697 2740
f 253 1579 251
f 2697 1580 2740
f 2311 264 1579
f 1926 1580 266
f 265 264 2311
f 1184 265 2311
f 2124 2768 266
f 2124 2629 2768
f 1289 410 2629
f 1289 1904 411
f 1429 1454 2118
f 2073 1884 1904
f 1453 356 2073
f 356 1453 452
f 452 357 356
f 1546 2214 1401
f 1887 357 1545
f 1547 2198 1545
f 2677 2350 2197
f 1063 2350 2677
f 1063 4348 2350
f 4348 4349 2350
f 4348 523 4349
f 522 4349 523
f 522 523 524
f 2669 524 523
f 4349 522 1759
f 2708 1759 522
f 523 4348 2669
f 691 2198 1530
f 1759 2350 4349
f 691 1530 692
f 1948 1957 692
f 1948 2248 174
f 2248 2247 175
f 1531 1759 2708
f 2709 2708 522
f 1619 2709 522
f 2244 2709 1619
f 2247 1631 175
f 175 1521 1520
f 2244 1630 2709
f 2088 130 1521
f 2088 2098 2089
f 2245 2244 1619
f 522 524 1619
f 524 659 660
f 659 1485 660
f 1620 1371 2098
f 2596 1372 1371
f 660 2644 2147
f 2596 1484 2597
f 2597 1484 1517
f 2597 1517 2165
f 1485 2644 660
f 1518 1484 1483
f 702 703 704
f 1518 1483 2133
f 1518 1517 1484
f 704 2161 1519
f 1790 2162 2161
f 1517 2163 1502
f 1502 2165 1517
f 2080 2597 2165
f 952 1798 953
f 952 953 954
f 458 952 954
f 4476 954 953
f 954 4476 4477
f 2382 4477 4476
f 2382 4650 4477
f 4477 4650 2759
f 4650 4197 2759
f 4197 2149 2759
f 2149 4197 4190
f 4190 2150 2149
f 2148 2149 2150
f 2148 2150 4649
f 4649 2150 4663
f 4662 4649 4663
f 4662 4663 1326
f 4719 4662 1326
f 1328 4719 1326
f 1326 1327 1328
f 4490 1328 1327
f 4490 1327 4661
f 4490 4661 4283
f 4283 4282 4490
f 4282 1738 4490
f 4275 4282 4283
f 4275 4283 4273
f 4273 4274 4275
f 4664 4275 4274
f 1138 4664 4274
f 4274 4651 1138
f 1138 4651 4367
f 1138 4367 1139
f 1138 1139 1140
f 1140 1139 4681
f 4681 4361 1140
f 4484 1140 4361
f 4363 4484 4361
f 4361 4362 4363
f 4362 4230 4363
f 4231 4363 4230
f 4230 4221 4231
f 2217 4231 4221
f 4221 2218 2217
f 2216 2217 2218
f 2218 4645 2216
f 4645 2218 4440
f 4440 4644 4645
f 4644 4695 4645
f 4645 4695 796
f 4695 794 796
f 794 795 796
f 796 795 4084
f 796 4084 4643
f 4643 4084 4180
f 4643 4180 4174
f 1699 4643 4174
f 4180 4080 4174
f 4174 4080 4173
f 4173 2757 4174
f 2757 1270 4174
f 4173 4080 4555
f 4555 1717 4173
f 4555 1273 1717
f 4555 1319 1273
f 1273 1319 1320
f 1320 1319 4720
f 4720 2242 1320
f 2819 1320 2242
f 2819 2242 4265
f 4265 4264 2819
f 4556 2819 4264
f 4556 4264 4197
f 4264 4265 4190
f 4265 2242 4190
f 4190 2242 2241
f 2240 2241 2242
f 2242 2862 2240
f 2240 2862 4557
f 1599 4557 2862
f 2862 2863 1599
f 2863 4690 1599
f 4690 1600 1599
f 1598 1599 1600
f 1598 1600 2875
f 4674 1598 2875
f 2874 4674 2875
f 2874 2875 2876
f 2874 2876 4326
f 4326 1165 2874
f 4321 2874 1165
f 1165 4320 4321
f 4321 4320 4273
f 1165 4668 4320
f 4667 4320 4668
f 1447 4667 4668
f 1164 1447 4668
f 1164 1446 1447
f 4495 1447 1446
f 1446 4118 4495
f 4118 4494 4495
f 4494 4666 4495
f 4670 4495 4666
f 4666 4296 4670
f 4296 4295 4670
f 4293 4295 4296
f 4296 1151 4293
f 2267 4293 1151
f 2267 1151 2268
f 2267 2268 4669
f 1139 4669 2268
f 1139 2268 4655
f 4655 2268 1150
f 4362 4655 1150
f 2268 1151 1150
f 1149 1150 1151
f 4486 1150 1149
f 4625 4486 1149
f 4250 4625 1149
f 1149 4660 4250
f 4660 4251 4250
f 4250 4251 4244
f 4251 4245 4244
f 4244 4245 4068
f 4244 4068 4659
f 4626 4244 4659
f 4659 4103 4626
f 4105 4626 4103
f 4103 4104 4105
f 4105 4104 1343
f 4105 1343 4100
f 4100 1343 811
f 4100 811 4440
f 4101 4100 4440
f 4099 4100 4101
f 4101 4627 4099
f 4099 4627 4486
f 4230 4486 4627
f 4627 4101 4221
f 4100 4099 4626
f 4625 4626 4099
f 1343 812 811
f 811 812 813
f 811 813 4644
f 4042 813 812
f 1342 4042 812
f 1342 4613 4042
f 4040 4042 4613
f 4613 4154 4040
f 4154 4041 4040
f 4040 4041 912
f 4040 912 911
f 911 912 794
f 912 4617 794
f 794 4617 4575
f 4617 2001 4575
f 2000 4575 2001
f 2000 2001 2002
f 2331 2000 2002
f 2330 2331 2002
f 2330 2002 3995
f 2330 3995 4572
f 4572 4573 2330
f 4422 2330 4573
f 4573 3991 4422
f 3993 4422 3991
f 3991 3992 3993
f 3036 3993 3992
f 3036 3992 2027
f 3036 2027 1094
f 3036 1094 984
f 984 4598 3036
f 3036 4598 4422
f 986 4598 984
f 984 985 986
f 4085 986 985
f 985 4084 4085
f 4084 4574 4085
f 4085 4574 4575
f 795 4575 4574
f 986 4085 2000
f 985 984 1093
f 4080 985 1093
f 4080 1093 1092
f 1092 1093 1094
f 1092 1094 2028
f 1319 1092 2028
f 986 2331 4598
f 984 1094 1093
f 2027 2028 1094
f 2027 2863 2028
f 2027 3992 4170
f 4170 4171 2027
f 2027 4171 4690
f 4170 1600 4171
f 1600 4170 4168
f 4170 4467 4168
f 4467 4169 4168
f 4168 4169 2875
f 4169 4467 4729
f 4169 4729 4603
f 4326 4169 4603
f 4603 1163 4326
f 1163 4603 4636
f 4636 4590 1163
f 4590 1164 1163
f 1163 1164 1165
f 1164 4590 4122
f 1164 4122 4123
f 4123 4406 1164
f 4406 4123 4134
f 4406 4134 3940
f 4406 3940 4118
f 4118 3940 4117
f 4117 1259 4118
f 1258 4118 1259
f 1258 1259 1260
f 1260 3913 1258
f 3913 4494 1258
f 2061 3913 1260
f 2061 1260 2059
f 2059 2060 2061
f 4066 2060 2059
f 2059 4067 4066
f 4066 4067 4068
f 4068 4067 4620
f 4068 4620 4436
f 4620 4618 4436
f 4618 4061 4436
f 4063 4436 4061
f 4061 4062 4063
f 4063 4062 2095
f 4063 2095 4621
f 4063 4621 4104
f 4104 4621 1344
f 4621 2097 1344
f 2097 4152 1344
f 1344 4152 1342
f 1342 1343 1344
f 2097 4153 4152
f 4152 4153 4154
f 4462 4154 4153
f 4153 4631 4462
f 4631 1415 4462
f 4462 1415 4151
f 4151 912 4462
f 4150 4151 1415
f 114 4150 1415
f 1414 114 1415
f 1415 4153 1414
f 4153 4632 1414
f 2096 1414 4632
f 2097 2096 4632
f 2095 2096 2097
f 2095 115 2096
f 4588 2096 115
f 115 114 4588
f 114 115 116
f 116 2987 114
f 2987 4073 114
f 114 4073 4402
f 4073 4587 4402
f 4402 4587 3905
f 4402 3905 3898
f 4150 4402 3898
f 3905 786 3898
f 786 1842 3898
f 1841 3898 1842
f 1840 1841 1842
f 3995 1840 1842
f 1842 785 3995
f 785 4600 3995
f 4686 4600 785
f 4686 785 170
f 172 4686 170
f 170 171 172
f 171 4426 172
f 4426 4008 172
f 4008 4606 172
f 4605 4606 4008
f 4007 4605 4008
f 3997 4007 4008
f 3999 4007 3997
f 3997 3998 3999
f 3998 4591 3999
f 4603 3999 4591
f 4591 337 4603
f 4591 3998 337
f 337 3998 338
f 336 337 338
f 336 338 4415
f 4123 336 4415
f 4415 338 4135
f 4134 4415 4135
f 4134 4135 3941
f 3941 4135 4593
f 3941 4593 3931
f 3940 3941 3931
f 3940 3931 1908
f 1908 3931 1909
f 1908 1909 1910
f 4582 1908 1910
f 4582 1910 4580
f 4580 4581 4582
f 3883 4582 4581
f 407 3883 4581
f 4581 405 407
f 405 406 407
f 406 4393 407
f 4393 4579 407
f 3884 4579 4393
f 3884 4393 538
f 538 3892 3884
f 1259 3884 3892
f 3885 3884 1259
f 3883 3884 3885
f 3885 4117 3883
f 3892 538 4562
f 1260 3892 4562
f 4562 4067 1260
f 540 4562 538
f 538 539 540
f 4423 540 539
f 539 4424 4423
f 4423 4424 4392
f 4423 4392 4564
f 4599 4423 4564
f 3984 4599 4564
f 3984 4564 3985
f 1941 3984 3985
f 3985 602 1941
f 602 1942 1941
f 1941 1942 1943
f 1941 1943 4565
f 4062 1941 4565
f 4565 1943 2095
f 116 1943 1942
f 1942 604 116
f 602 604 1942
f 602 603 604
f 603 4438 604
f 604 4438 2987
f 4438 2988 2987
f 2986 2987 2988
f 2988 4077 2986
f 2986 4077 4074
f 2986 4074 4073
f 4072 4073 4074
f 4072 4074 3938
f 3938 716 4072
f 4587 4072 716
f 716 4610 4587
f 715 4610 716
f 715 716 717
f 4418 715 717
f 717 3939 4418
f 3939 4121 4418
f 4121 4608 4418
f 4597 4418 4608
f 4027 4597 4608
f 4027 4608 4026
f 4026 4017 4027
f 1982 4027 4017
f 4017 1983 1982
f 1981 1982 1983
f 1981 1983 4612
f 1981 4612 4513
f 1981 4513 4595
f 4595 3956 1981
f 3956 4595 768
f 639 3956 768
f 767 639 768
f 768 4417 767
f 3982 767 4417
f 4417 4512 3982
f 1496 3982 4512
f 1496 4512 3950
f 1495 1496 3950
f 3951 1495 3950
f 3950 2388 3951
f 3951 2388 4050
f 3951 4050 4390
f 4390 4424 3951
f 4390 4050 4506
f 4390 4506 4507
f 4391 4390 4507
f 4335 4391 4507
f 4335 4507 4394
f 4394 1901 4335
f 1901 4334 4335
f 4335 4334 4505
f 4335 4505 603
f 4334 4676 4505
f 4505 4676 4438
f 4334 1900 4676
f 1900 2274 4676
f 2988 4676 2274
f 2273 2988 2274
f 2272 2273 2274
f 4497 2272 2274
f 3891 2272 4497
f 4497 3890 3891
f 4497 2125 3890
f 2125 4478 3890
f 4478 1491 3890
f 3890 1491 2272
f 2272 1491 2292
f 1491 430 2292
f 2291 2292 430
f 430 429 2291
f 2291 429 4411
f 1672 2291 4411
f 4411 1167 1672
f 1671 1672 1167
f 1166 1671 1167
f 1166 1167 1168
f 1166 1168 4121
f 4121 1168 1876
f 4121 1876 1878
f 1878 4026 4121
f 4026 1878 4119
f 4119 1878 4229
f 4229 4120 4119
f 2576 4119 4120
f 2581 2576 4120
f 2581 2577 2576
f 2575 2576 2577
f 2575 2577 2306
f 4213 2575 2306
f 2305 4213 2306
f 2304 2305 2306
f 2305 2304 4138
f 2305 4138 4139
f 4005 2305 4139
f 4139 1554 4005
f 1834 4005 1554
f 1835 1834 1554
f 4324 1835 1554
f 4136 4324 1554
f 2318 4136 1554
f 1554 2317 2318
f 196 2318 2317
f 2317 4397 196
f 197 196 4397
f 4397 1725 197
f 1724 197 1725
f 1725 2261 1724
f 1724 2261 4517
f 1724 4517 4518
f 1724 4518 3904
f 1818 3904 4518
f 4518 4386 1818
f 1819 1818 4386
f 4386 1616 1819
f 1616 4516 1819
f 1819 4516 1390
f 1390 4324 1819
f 4324 1817 1819
f 4324 1390 4709
f 1835 4709 1390
f 1390 1389 1835
f 1835 1389 1836
f 1389 2332 1836
f 1836 2332 4004
f 1836 4004 1834
f 2332 4677 4004
f 4677 4211 4004
f 4211 4213 4004
f 4211 4212 4213
f 2358 4212 4211
f 2105 2358 4211
f 2105 2104 2358
f 2104 2357 2358
f 2104 1756 2357
f 2357 1756 4212
f 4212 1756 2575
f 1756 1755 2575
f 1754 1755 1756
f 1756 4501 1754
f 4464 1754 4501
f 4465 4464 4501
f 4465 4501 2104
f 2103 4465 2104
f 2103 4314 4465
f 4465 4314 2083
f 2084 2083 4314
f 2084 4314 4500
f 4500 2444 2084
f 2444 4325 2084
f 4325 2082 2084
f 2082 4325 4502
f 2082 4502 4682
f 2082 4682 2386
f 2386 2376 2082
f 2375 2082 2376
f 2376 4513 2375
f 2375 4513 4514
f 2375 4514 4464
f 2375 4464 2083
f 4612 4464 4514
f 4513 2376 4417
f 2082 2375 2083
f 2376 2386 4512
f 2388 4512 2386
f 2386 2387 2388
f 2387 2386 4682
f 2387 4682 3932
f 3932 1784 2387
f 1783 2387 1784
f 1783 1784 1785
f 4619 1783 1785
f 2126 4619 1785
f 1785 1228 2126
f 2125 2126 1228
f 2125 1228 1230
f 1230 4195 2125
f 2125 4195 4196
f 4196 4578 2125
f 2789 4578 4196
f 2789 4409 4578
f 4578 4409 4478
f 4409 1489 4478
f 4409 2070 1489
f 1489 2070 1490
f 1489 1490 1491
f 2070 2069 1490
f 1490 2069 431
f 1490 431 430
f 2144 431 2069
f 2144 2069 2034
f 2034 2142 2144
f 2142 2143 2144
f 2144 2143 1877
f 1877 4491 2144
f 4491 4410 2144
f 4491 4411 4410
f 4411 4491 1168
f 4491 1877 1876
f 4356 1877 2143
f 4452 4356 2143
f 2143 1058 4452
f 1058 1556 4452
f 1556 2188 4452
f 1556 1555 2188
f 2188 1555 2189
f 2187 2188 2189
f 2187 2189 2581
f 2581 4229 2187
f 4228 2187 4229
f 2187 4228 4356
f 2187 4356 2188
f 2189 1555 2577
f 1555 2304 2577
f 1555 4480 2304
f 4480 1555 1554
f 4138 4480 1554
f 1554 1555 1556
f 1554 1556 4691
f 1554 4691 4469
f 4642 1554 4469
f 4642 4469 4637
f 4642 4637 2213
f 2212 4642 2213
f 2211 2212 2213
f 2211 2213 4179
f 4179 4165 2211
f 4442 2211 4165
f 4442 4165 4164
f 4473 4442 4164
f 2019 4473 4164
f 4164 4364 2019
f 4364 4471 2019
f 2017 2019 4471
f 2017 4471 2788
f 4249 2017 2788
f 209 4249 2788
f 209 2788 207
f 207 208 209
f 208 4262 209
f 2261 209 4262
f 2261 4262 4263
f 4262 4589 4263
f 4263 4589 3925
f 4263 3925 3914
f 4518 4263 3914
f 3914 3925 1649
f 3914 1649 1614
f 1616 3914 1614
f 1614 1615 1616
f 1615 2443 1616
f 1616 2443 1391
f 2237 1391 2443
f 2443 2444 2237
f 2237 2444 4687
f 2237 4687 2332
f 1391 2237 1389
f 1615 4325 2443
f 1615 1650 4325
f 4325 1650 2464
f 2464 1650 2465
f 3933 2464 2465
f 2465 1229 3933
f 1229 3932 3933
f 3932 4502 3933
f 2465 4592 1229
f 4592 1230 1229
f 4665 1230 4592
f 2250 4665 4592
f 2249 4665 2250
f 208 2249 2250
f 208 2250 4294
f 4294 4589 208
f 3925 4294 2250
f 2249 4195 4665
f 2249 207 4195
f 207 2789 4195
f 2250 4592 2465
f 2465 1649 2250
f 2464 3933 4502
f 1649 2465 1650
f 1649 1650 1651
f 1615 1651 1650
f 1614 1651 1615
f 1649 1651 1614
f 3925 2250 1649
f 4589 4294 3925
f 209 2261 2263
f 2261 2262 2263
f 4249 2263 2262
f 4249 2262 3980
f 3980 4487 4249
f 3980 3979 4487
f 4487 3979 2018
f 2018 2017 4487
f 3979 4094 2018
f 4094 4485 2018
f 4473 2018 4485
f 4485 4433 4473
f 4443 4473 4433
f 4443 4433 4444
f 4442 4443 4444
f 4433 1554 4444
f 1554 2212 4444
f 4433 4485 4093
f 4095 4433 4093
f 4093 4094 4095
f 4094 4351 4095
f 454 4095 4351
f 4351 877 454
f 455 454 877
f 455 877 876
f 876 4350 455
f 1988 455 4350
f 1988 4350 1989
f 1987 1988 1989
f 1987 1989 4398
f 4398 4434 1987
f 4434 2006 1987
f 4433 2006 4434
f 4433 4434 2317
f 2006 4433 453
f 2006 453 1988
f 454 453 4433
f 4434 4398 4397
f 1988 1987 2006
f 1989 4350 4398
f 4350 2261 4398
f 1988 453 455
f 2262 4350 876
f 876 877 878
f 3980 876 878
f 453 454 455
f 877 4351 878
f 878 4351 3979
f 4095 454 4433
f 4485 4094 4093
f 4351 4094 3979
f 878 3979 3980
f 876 3980 2262
f 2261 4350 2262
f 4262 208 4589
f 208 207 2249
f 207 2788 2789
f 209 2263 4249
f 4249 4487 2017
f 2788 4471 2789
f 2017 2018 2019
f 2789 4471 4364
f 4364 4164 4365
f 4364 4365 4409
f 4164 4075 4365
f 4365 4075 2070
f 4075 2071 2070
f 4075 4076 2071
f 2071 4076 2035
f 2071 2035 2034
f 2033 2034 2035
f 2033 2035 4470
f 2033 4470 1057
f 1057 1056 2033
f 2033 1056 2142
f 1056 1057 1058
f 4691 1057 4470
f 4076 4470 2035
f 4469 4470 4076
f 4179 4076 4075
f 4076 4179 4637
f 2019 2018 4473
f 4443 4442 4473
f 4164 4165 4075
f 2211 4442 4444
f 4165 4179 4075
f 4444 2212 2211
f 4637 4179 2213
f 4637 4469 4076
f 1554 4642 2212
f 4691 4470 4469
f 4691 1556 1057
f 1556 1058 1057
f 2143 1056 1058
f 4452 2188 4356
f 4356 4228 1877
f 4228 1878 1877
f 2142 1056 2143
f 2142 2034 2033
f 2071 2034 2069
f 431 2144 4410
f 4410 429 431
f 2069 2070 2071
f 4365 2070 4409
f 2789 4364 4409
f 4195 2789 4196
f 4665 4195 1230
f 1228 1229 1230
f 1229 1228 1784
f 1899 2126 2125
f 1899 4394 2126
f 4394 4619 2126
f 4394 4506 4619
f 1783 4619 4506
f 1784 1228 1785
f 4050 2387 1783
f 1229 1784 3932
f 4682 4502 3932
f 4325 2464 4502
f 2444 2443 4325
f 2444 4500 4687
f 4500 2105 4687
f 4687 2105 4677
f 4500 4314 2105
f 2082 2083 2084
f 4314 2103 2105
f 2083 4464 4465
f 4464 4612 1754
f 4146 1754 4612
f 1754 4146 1755
f 2576 1755 4146
f 2576 4146 4147
f 4146 1983 4147
f 1756 2104 4501
f 2103 2104 2105
f 2358 2357 4212
f 4211 4677 2105
f 2332 4687 4677
f 2237 2332 1389
f 1389 1390 1391
f 4516 1391 1390
f 1391 4516 1616
f 4386 3914 1616
f 1817 1818 1819
f 4518 3914 4386
f 1817 3904 1818
f 198 3904 1817
f 198 1817 4136
f 198 197 3904
f 4517 4263 4518
f 4517 2261 4263
f 4398 2261 1725
f 3904 197 1724
f 4397 4398 1725
f 196 197 198
f 4397 2317 4434
f 196 198 2318
f 4433 2317 1554
f 4136 2318 198
f 4136 1817 4324
f 4709 1835 4324
f 1834 1835 1836
f 1834 4004 4005
f 2305 4005 4004
f 4139 4138 1554
f 4480 4138 2304
f 2305 4004 4213
f 4212 2575 4213
f 2577 2304 2306
f 2576 2575 1755
f 2577 2581 2189
f 4119 2576 4147
f 4119 4147 4017
f 2581 4120 4229
f 4229 1878 4228
f 1876 1877 1878
f 1876 1168 4491
f 3939 1671 1166
f 3938 1671 3939
f 4077 1671 3938
f 4077 4459 1671
f 4459 1672 1671
f 1672 4459 2273
f 1168 1167 4411
f 2273 2291 1672
f 429 4410 4411
f 429 430 431
f 2291 2273 2292
f 1491 1490 430
f 4478 1489 1491
f 4478 2125 4578
f 4497 1899 2125
f 1899 4497 1900
f 1899 1900 1901
f 3890 2272 3891
f 2272 2292 2273
f 2988 2273 4459
f 2274 1900 4497
f 4334 1901 1900
f 4394 1899 1901
f 3985 4391 4335
f 4390 4391 4392
f 4507 4506 4394
f 4050 1783 4506
f 2388 2387 4050
f 4424 1495 3951
f 406 1495 4424
f 1495 405 1496
f 4512 2388 3950
f 3982 1496 405
f 405 3981 3982
f 4512 4417 2376
f 767 3982 3981
f 3981 4216 767
f 4216 637 767
f 637 4216 4203
f 637 4203 4204
f 637 4204 638
f 637 638 639
f 639 638 1975
f 1975 638 4204
f 4204 1960 1975
f 2660 1975 1960
f 1938 2660 1960
f 1960 1937 1938
f 1937 715 1938
f 1937 2679 715
f 2679 4428 715
f 787 4428 2679
f 787 2679 2680
f 787 2680 4223
f 787 4223 170
f 2680 4222 4223
f 4223 4222 171
f 4652 171 4222
f 4652 4222 4611
f 4607 4652 4611
f 1959 4607 4611
f 1958 4607 1959
f 1958 1959 1960
f 1960 4203 1958
f 1909 1958 4203
f 4025 1958 1909
f 4025 4607 1958
f 4607 4025 4593
f 4135 4652 4607
f 4611 4222 1959
f 4222 1937 1959
f 1937 4222 2680
f 786 4428 787
f 785 786 787
f 1937 2680 2679
f 1959 1937 1960
f 2660 1938 4594
f 4594 1938 4419
f 4419 1976 4594
f 1975 4594 1976
f 1975 1976 1977
f 3956 1975 1977
f 3956 1977 1982
f 4597 1982 1977
f 1977 1976 4597
f 1976 4419 4597
f 1938 4418 4419
f 1975 2660 4594
f 4203 1960 4204
f 4580 4203 4216
f 3981 4581 4216
f 767 637 639
f 639 1975 3956
f 4417 768 4595
f 4595 4513 4417
f 4612 4514 4513
f 1983 4146 4612
f 3956 1982 1981
f 1983 4017 4147
f 4026 4119 4017
f 1982 4597 4027
f 4419 4418 4597
f 4026 4608 4121
f 1166 4121 3939
f 717 3938 3939
f 1938 715 4418
f 715 4428 4610
f 3905 4610 4428
f 716 3938 717
f 4077 3938 4074
f 2988 4459 4077
f 2988 4438 4676
f 4438 603 4505
f 4335 603 602
f 602 3985 4335
f 3984 1941 4062
f 3985 4564 4391
f 4061 4599 3984
f 4599 4757 4423
f 4618 4757 4599
f 4392 4391 4564
f 4392 4424 4390
f 539 406 4424
f 4423 4757 540
f 540 4757 4620
f 538 406 539
f 4620 4562 540
f 3884 3883 4579
f 4393 406 538
f 405 1495 406
f 405 4581 3981
f 4579 3883 407
f 3883 4117 4582
f 4581 4580 4216
f 4203 4580 1910
f 4117 1908 4582
f 1910 1909 4203
f 3931 4025 1909
f 3931 4593 4025
f 4593 4135 4607
f 338 4652 4135
f 338 4772 4652
f 4772 4426 4652
f 4426 4772 3998
f 4774 337 336
f 4122 4774 336
f 4636 337 4774
f 4772 338 3998
f 3998 3997 4426
f 3999 4778 4007
f 4007 4778 3991
f 4778 3999 4467
f 3992 4778 4467
f 3991 4605 4007
f 4606 4605 4572
f 4572 4600 4606
f 3997 4008 4426
f 171 4652 4426
f 171 170 4223
f 4606 4686 172
f 785 787 170
f 4606 4600 4686
f 4732 1841 1840
f 2001 4732 1840
f 4732 4151 1841
f 4732 4617 4151
f 1841 4151 3898
f 786 785 1842
f 786 3905 4428
f 3905 4587 4610
f 4073 4072 4587
f 2987 2986 4073
f 604 2987 116
f 1943 116 115
f 2095 1943 115
f 2096 4588 1414
f 114 1414 4588
f 4402 4150 114
f 4150 3898 4151
f 4153 1415 4631
f 2097 4632 4153
f 2095 2097 4621
f 4062 4565 2095
f 4062 4061 3984
f 4436 4063 4103
f 4599 4061 4618
f 4620 4757 4618
f 4067 4562 4620
f 4245 2060 4066
f 4067 2059 1260
f 2060 3913 2061
f 2060 4666 3913
f 2060 4660 4666
f 3892 1260 1259
f 3885 1259 4117
f 4117 3940 1908
f 3940 4134 3941
f 4123 4415 4134
f 4122 336 4123
f 4774 4122 4590
f 4590 4636 4774
f 4636 4603 337
f 4603 4729 3999
f 4729 4467 3999
f 4467 4170 3992
f 3991 4778 3992
f 3036 4422 3993
f 4605 3991 4573
f 4598 2330 4422
f 4573 4572 4605
f 4600 4572 3995
f 2002 1840 3995
f 2331 2330 4598
f 2331 986 2000
f 1840 2002 2001
f 4575 2000 4085
f 4617 4732 2001
f 4617 912 4151
f 4041 4462 912
f 4154 4462 4041
f 4154 4613 4152
f 4040 911 4042
f 1342 4152 4613
f 4042 911 813
f 813 911 4695
f 1343 1342 812
f 4104 1344 1343
f 4104 4103 4063
f 4626 4105 4100
f 4659 4436 4103
f 4625 4244 4626
f 4068 4436 4659
f 4245 4066 4068
f 4251 2060 4245
f 4660 2060 4251
f 4660 1149 4296
f 4625 4250 4244
f 4099 4486 4625
f 4486 4230 1150
f 4293 2267 4669
f 4669 4810 4293
f 4667 4293 4810
f 4667 4810 4651
f 4367 4810 4669
f 1151 4296 1149
f 4293 4667 4295
f 4296 4666 4660
f 4495 4670 4295
f 3913 4666 4494
f 4494 4118 1258
f 1446 4406 4118
f 4295 1447 4495
f 4406 1446 1164
f 1447 4295 4667
f 4320 4667 4651
f 1164 4668 1165
f 4826 2874 4321
f 4283 4826 4321
f 1165 4326 1163
f 4169 4326 2876
f 2876 2875 4169
f 4826 4674 2874
f 4661 4674 4826
f 4674 4722 1598
f 1598 4722 4721
f 4721 4835 1598
f 4835 4557 1598
f 4557 4835 2241
f 4663 2241 4835
f 4721 4663 4835
f 1326 4721 4722
f 1327 4722 4674
f 2875 1600 4168
f 1600 4690 4171
f 2027 4690 2863
f 2863 2862 2028
f 4720 2028 2862
f 1598 4557 1599
f 4557 2241 2240
f 2242 4720 2862
f 2028 4720 1319
f 4555 1092 1319
f 4080 1092 4555
f 4080 4180 985
f 4084 985 4180
f 795 4574 4084
f 4575 795 794
f 911 794 4695
f 4695 4644 813
f 811 4644 4440
f 4101 4440 2218
f 4221 4101 2218
f 4231 2217 4843
f 4843 4844 4231
f 4844 4843 1144
f 4845 4844 1144
f 4845 4363 4844
f 4845 4846 4363
f 4846 4845 4849
f 2693 4846 4849
f 2693 4849 4851
f 1185 4851 4849
f 2693 2738 4846
f 2738 4484 4846
f 4849 4845 1185
f 4843 2217 2860
f 2860 1597 4843
f 4230 4627 4221
f 4363 4231 4844
f 4362 1150 4230
f 4361 4655 4362
f 4846 4484 4363
f 1140 4484 2737
f 2737 4664 1140
f 4681 4655 4361
f 4681 1139 4655
f 4367 4669 1139
f 4367 4651 4810
f 4651 4274 4320
f 1140 4664 1138
f 1656 4275 4664
f 4273 4320 4274
f 4321 4273 4283
f 4282 4275 1655
f 1739 4282 1655
f 4858 1739 1655
f 4283 4661 4826
f 4674 4661 1327
f 1738 1328 4490
f 1326 4722 1327
f 1738 4719 1328
f 1738 4728 4719
f 4728 4662 4719
f 4662 4728 4727
f 4726 4727 4728
f 2765 4726 4728
f 2314 4727 4726
f 2314 1728 4727
f 4649 4727 1728
f 1326 4663 4721
f 4727 4649 4662
f 4663 2150 2241
f 4190 2241 2150
f 4197 4264 4190
f 4650 4556 4197
f 2382 4556 4650
f 1797 1501 2825
f 953 2383 4476
f 2825 1501 1500
f 1500 1745 2381
f 4476 2383 2382
f 1791 4556 2382
f 1745 1789 2381
f 2162 1790 1789
f 1791 2819 4556
f 2287 1790 2295
f 1320 2819 1273
f 1323 1274 2287
f 1275 1717 1273
f 4173 1717 2757
f 2752 1716 1323
f 1270 2757 1234
f 1699 4174 1270
f 796 4643 1699
f 2756 4645 796
f 2216 4645 2756
f 2217 2216 2860
f 1189 1597 2860
f 1144 4843 1597
f 1144 1185 4845
f 4851 1185 1280
f 1217 1143 2698
f 4851 1280 2693
f 2277 2738 2693
f 2277 1665 2738
f 4484 2738 2737
f 4664 2737 2846
f 2846 2269 4664
f 4664 2269 1656
f 1656 1655 4275
f 2728 4858 1655
f 2728 2322 4858
f 2322 1739 4858
f 1739 1738 4282
f 1738 2765 4728
f 1706 2764 1740
f 2765 2314 4726
f 1706 2313 2764
f 2578 2320 2313
f 2320 2829 514
f 1295 2829 2320
f 1729 1728 2314
f 1728 2148 4649
f 2149 2148 2759
f 513 4477 2759
f 4477 513 954
f 2829 512 514
f 954 527 458
f 784 459 526
f 2238 784 526
f 457 952 458
f 457 1798 952
f 1913 2391 1798
f 474 2080 1913
f 1335 474 473
f 2589 473 777
f 475 2814 778
f 783 2814 459
f 934 777 2813
f 733 935 934
f 783 459 784
f 733 2804 935
f 1965 935 2804
f 2799 745 744
f 744 4891 2799
f 2799 4891 857
f 744 2564 4891
f 1042 2026 1965
f 2003 2026 1054
f 1054 992 2003
f 992 991 2524
f 1868 2524 991
f 1867 1868 1000
f 1000 999 1867
f 294 999 623
f 622 1157 623
f 622 633 1157
f 633 632 1157
f 94 2776 2777
f 2777 4898 94
f 94 4898 4899
f 1347 94 4899
f 4898 821 4899
f 482 4899 821
f 4898 2777 822
f 568 1931 632
f 4609 1931 582
f 582 93 1405
f 94 581 2776
f 2769 1403 93
f 104 1403 2769
f 104 57 2609
f 1803 58 105
f 56 418 57
f 1024 418 417
f 1282 1024 417
f 1282 424 1024
f 1322 70 69
f 425 424 1282
f 424 1025 1024
f 486 1025 1269
f 378 2538 1269
f 377 20 378
f 698 601 377
f 697 376 364
f 2475 755 698
f 1954 2476 2475
f 1995 1954 662
f 852 662 1985
f 706 673 664
f 673 706 2492
f 1986 1985 2744
f 1986 2744 2729
f 2744 134 2733
f 185 147 136
f 2733 2729 2744
f 1824 1986 2729
f 1824 146 802
f 2255 146 1369
f 2721 2255 1369
f 145 147 185
f 1368 185 186
f 1368 186 1089
f 2721 1369 1394
f 2721 2717 2255
f 2717 1331 1637
f 421 1331 1358
f 2081 1330 1332
f 1358 1357 932
f 1358 932 957
f 957 956 2758
f 2706 2011 920
f 920 2011 1046
f 303 2758 956
f 370 303 889
f 920 890 2706
f 2005 920 1046
f 307 889 921
f 2933 307 306
f 306 1197 314
f 1232 305 713
f 1197 322 1604
f 2311 322 246
f 4941 245 244
f 245 4941 1156
f 1184 2311 246
f 4941 261 1156
f 1184 1849 265
f 1849 263 1465
f 262 2118 263
f 4941 2466 261
f 2118 262 1429
f 1429 1452 1454
f 1452 1402 2119
f 4734 1400 2689
f 2309 4734 2689
f 2309 4942 4734
f 4942 4716 4734
f 4716 4942 4945
f 4945 1020 4716
f 4945 4946 1020
f 4948 4946 4945
f 4945 2458 4948
f 4952 4948 2458
f 4952 4954 4948
f 4954 4952 4955
f 4955 4840 4954
f 4959 4954 4840
f 636 4959 4840
f 595 636 4840
f 4959 4962 4954
f 4954 4962 4946
f 4946 4962 4964
f 4946 4964 1021
f 1021 4964 4712
f 4712 4964 4710
f 4710 4711 4712
f 965 4712 4711
f 4711 4710 2016
f 4964 4962 4710
f 4710 4962 597
f 4962 4959 635
f 4840 4955 629
f 4952 1693 4955
f 630 4955 1693
f 4954 4946 4948
f 2458 4945 4942
f 1400 4734 4716
f 1402 1401 2119
f 1546 1401 1424
f 4716 1423 1400
f 1424 2101 1546
f 2681 2197 2101
f 2681 2677 2197
f 1020 1423 4716
f 4946 1021 1020
f 1021 4712 1062
f 1022 1063 2677
f 4348 1063 2025
f 4712 2673 1062
f 4348 2025 2669
f 4712 965 2673
f 659 524 2669
f 4711 966 965
f 1004 1485 659
f 1003 2132 1004
f 966 4711 2016
f 1003 2380 1778
f 545 2380 2656
f 597 2016 4710
f 635 597 4962
f 636 635 4959
f 2655 599 598
f 2656 599 545
f 588 1779 545
f 587 2373 588
f 2336 544 546
f 2626 882 1105
f 1930 1073 587
f 1473 1073 1072
f 1105 1071 2626
f 1072 1106 1472
f 1675 1472 1203
f 2752 1203 1202
f 2752 1202 1235
f 1191 1190 1235
f 1145 1191 2229
f 1255 2699 2229
f 1160 1254 1204
f 2698 1255 1162
f 1218 2698 1162
f 1161 1160 1105
f 837 1161 838
f 800 2610 837
f 1218 1162 2222
f 1217 2698 1218
f 1174 2278 1217
f 1433 1219 2610
f 1172 2264 1442
f 1174 1173 2278
f 1408 2279 1173
f 1666 2279 1408
f 2276 1667 1666
f 2276 2254 1654
f 1172 1442 1407
f 2321 2254 1441
f 2321 1441 4977
f 4977 4978 2321
f 4978 2310 2321
f 1440 4978 4977
f 4977 1441 1440
f 1720 1442 2602
f 1440 2310 4978
f 2585 1306 400
f 1251 1722 2585
f 2310 1723 2321
f 1723 1706 1740
f 1251 1704 1722
f 1705 2313 1706
f 2313 1705 2578
f 2578 1295 2320
f 700 1294 1293
f 1295 1925 2829
f 2238 526 1925
f 4731 1248 2294
f 784 2238 734
f 1611 732 734
f 1043 1611 743
f 1249 1248 4731
f 4731 667 1249
f 2564 744 743
f 4891 2564 858
f 858 857 4891
f 2557 2799 857
f 2557 2554 1055
f 1055 2554 908
f 810 1055 908
f 809 808 1361
f 2790 810 2542
f 2259 2543 809
f 2259 4937 2543
f 4937 4896 2543
f 4903 4896 4937
f 4903 4937 1345
f 1345 530 4903
f 4903 529 4896
f 2543 4896 869
f 2117 2790 2542
f 624 2117 870
f 869 4896 548
f 1118 624 870
f 1939 1118 549
f 529 548 4896
f 549 531 567
f 530 529 4903
f 531 822 2777
f 822 821 4898
f 821 498 482
f 1347 4899 482
f 1127 898 2146
f 1347 92 94
f 92 900 1813
f 1813 2513 1803
f 2131 899 898
f 2506 2513 946
f 168 1322 2506
f 1322 168 157
f 365 157 156
f 2374 697 156
f 663 2374 707
f 707 2492 706
f 167 122 155
f 673 2492 112
f 123 122 2378
f 643 110 123
f 112 111 135
f 2299 194 111
f 2491 110 643
f 2491 643 4976
f 2210 4976 643
f 4 4976 2210
f 2491 4976 4
f 2299 1030 2739
f 1030 440 2739
f 440 18 1837
f 17 16 1333
f 1089 186 18
f 765 2081 1089
f 1090 17 979
f 1321 979 17
f 752 764 2474
f 2710 765 751
f 931 751 2010
f 1046 2011 2010
f 1046 722 2005
f 753 752 2474
f 713 2005 722
f 1232 713 712
f 686 2392 1288
f 1288 4974 686
f 4974 1288 1594
f 1288 4878 1594
f 1288 1256 4878
f 1256 1239 4878
f 1595 4878 1239
f 712 244 323
f 244 679 4941
f 686 4974 687
f 687 4974 677
f 4974 2439 677
f 678 677 2439
f 679 2384 4941
f 2466 4941 2384
f 2462 1428 2466
f 2439 216 678
f 2462 217 1428
f 201 1448 217
f 2689 201 2309
f 4942 2309 2458
f 2458 2454 4952
f 4952 2454 1693
f 2343 1693 1692
f 1712 1694 203
f 1711 1596 1692
f 1692 1596 4973
f 4973 962 1692
f 4972 962 4973
f 4973 1613 4972
f 1712 203 202
f 2439 202 216
f 1594 2439 4974
f 1596 1711 2438
f 1594 4878 1595
f 4973 1596 1613
f 1612 1595 1233
f 1613 1577 4972
f 963 4972 1577
f 1577 1576 2349
f 1576 1587 2349
f 1188 1586 1578
f 41 1586 1183
f 2370 995 2233
f 28 4870 42
f 42 4870 2371
f 4870 4739 2371
f 4870 4742 4739
f 4739 4742 718
f 4742 4870 4920
f 4742 4920 4871
f 4742 4871 719
f 4730 719 4871
f 4730 4871 4874
f 4873 4730 4874
f 433 4873 4874
f 460 433 4874
f 4911 460 4874
f 4874 4883 4911
f 4911 4883 4912
f 4912 4916 4911
f 4911 4916 461
f 515 461 4916
f 4916 4886 515
f 4886 4916 4912
f 2271 4886 4912
f 4917 4912 4883
f 4917 4883 4918
f 4918 2280 4917
f 4917 2280 403
f 4918 4920 2280
f 4883 4920 4918
f 4917 389 4912
f 433 735 4873
f 2372 4730 4873
f 4883 4874 4871
f 4871 4920 4883
f 4920 4870 28
f 4920 28 2280
f 403 2280 2416
f 390 402 1133
f 403 389 4917
f 4912 389 2271
f 4886 2271 2409
f 2409 4888 4886
f 4886 4888 516
f 2409 4863 4888
f 4741 4888 4863
f 330 4741 4863
f 4741 2397 4888
f 277 2397 4741
f 331 4863 2409
f 391 390 1133
f 4863 331 330
f 4741 330 278
f 290 1053 279
f 1053 4866 279
f 4866 4913 279
f 990 4913 4866
f 4866 1053 990
f 278 277 4741
f 279 4913 2315
f 4913 4867 2315
f 4867 4723 2315
f 4723 4867 4724
f 4723 4724 4725
f 4725 177 4723
f 177 4725 4744
f 177 4744 4893
f 4744 699 4893
f 2390 4893 699
f 178 4893 2390
f 4725 4743 4744
f 4743 683 4744
f 666 683 4743
f 4743 4725 4724
f 4724 2288 4743
f 4724 4987 2288
f 2288 4987 4907
f 4907 4908 2288
f 4908 646 2288
f 4740 646 4908
f 4908 4932 4740
f 4932 817 4740
f 4988 817 4932
f 4949 4988 4932
f 4949 4932 4933
f 4949 4933 4950
f 4923 4949 4950
f 4922 4923 4950
f 4950 4958 4922
f 950 4922 4958
f 4958 4950 4987
f 4987 4890 4958
f 4961 4958 4890
f 4890 4867 4961
f 4989 4961 4867
f 4989 964 4961
f 964 4958 4961
f 4922 925 4923
f 925 4926 4923
f 4923 4926 4949
f 4926 4928 4949
f 4926 4927 4928
f 4927 866 4928
f 826 4928 866
f 4988 4928 826
f 905 866 4927
f 4926 916 4927
f 4933 4987 4950
f 4949 4928 4988
f 4932 4908 4933
f 4907 4933 4908
f 4987 4933 4907
f 4890 4987 4724
f 4867 4890 4724
f 4913 4989 4867
f 4913 970 4989
f 2315 4723 177
f 177 4893 178
f 277 179 2397
f 4888 2397 516
f 4886 516 515
f 517 178 2390
f 461 515 2385
f 461 460 4911
f 433 460 434
f 735 433 779
f 2372 4873 735
f 719 4730 2372
f 4742 719 718
f 2371 4739 718
f 42 2371 2370
f 1051 995 2370
f 993 1017 628
f 994 2233 995
f 1587 994 2349
f 1577 2349 963
f 963 962 4972
f 628 961 993
f 1692 962 2343
f 2343 630 1693
f 4955 630 629
f 628 1017 1018
f 4840 629 595
f 636 595 594
f 2336 546 594
f 2645 2336 570
f 593 1018 571
f 570 569 2645
f 2326 2645 569
f 571 2361 2329
f 1052 541 2329
f 541 737 542
f 569 543 2326
f 2377 95 542
f 2326 97 2645
f 848 97 96
f 1114 96 1996
f 95 759 74
f 76 798 1996
f 76 60 798
f 758 75 74
f 2316 75 432
f 432 1271 2316
f 60 76 61
f 60 2312 798
f 1433 2312 34
f 1720 2602 34
f 1721 1720 1306
f 59 36 35
f 2316 1271 59
f 419 400 1306
f 398 1271 432
f 399 398 462
f 1251 2585 400
f 1251 367 1704
f 367 366 1704
f 491 368 399
f 366 341 1704
f 340 1710 341
f 339 491 490
f 2302 700 340
f 2390 699 490
f 699 4744 2296
f 700 684 1294
f 2296 4744 683
f 1294 684 2294
f 2294 2290 4731
f 2290 667 4731
f 683 666 665
f 4743 2288 666
f 647 1249 667
f 2288 646 645
f 2285 1313 647
f 188 646 4740
f 1313 2285 187
f 1312 187 2270
f 1312 118 859
f 859 118 117
f 137 1381 119
f 789 1381 137
f 117 1380 909
f 1346 1359 788
f 909 1361 808
f 809 1361 2259
f 2259 1345 4937
f 1359 1346 1360
f 2253 1346 2130
f 2252 2253 2130
f 923 2252 2130
f 1345 1324 530
f 499 530 1082
f 1082 943 483
f 923 1325 2252
f 943 922 483
f 1375 922 903
f 903 902 2525
f 902 2239 1340
f 312 1340 2239
f 2224 1339 312
f 2224 1410 1339
f 205 204 1186
f 1410 2221 1413
f 204 206 1395
f 1396 1126 2221
f 206 1038 1395
f 1396 947 2131
f 651 650 947
f 1040 642 651
f 1039 1038 206
f 1040 2210 643
f 1039 1142 1007
f 2210 5 4
f 1007 1142 1008
f 5 2199 81
f 4814 81 2199
f 1008 2228 987
f 2199 989 4814
f 988 4814 989
f 4814 988 1399
f 987 249 1169
f 1169 619 618
f 619 248 287
f 2183 620 2175
f 2183 2175 1069
f 4749 2175 591
f 4854 4749 591
f 591 4733 4854
f 4854 4733 4855
f 4854 4855 4705
f 1028 4854 4705
f 4702 4705 4855
f 4784 4702 4855
f 4855 2158 4784
f 4702 4784 1726
f 4705 4702 1079
f 2158 4855 4733
f 4749 4854 1028
f 1028 2175 4749
f 287 286 311
f 565 4733 591
f 311 1215 2164
f 2164 1215 566
f 4733 565 2158
f 2158 2154 4784
f 4756 4784 2154
f 4755 4756 2154
f 4756 4755 2112
f 4756 2112 1802
f 4756 1727 4784
f 536 4755 2154
f 536 2116 4755
f 4850 2116 536
f 4850 536 535
f 566 885 534
f 884 863 885
f 535 865 4850
f 863 904 864
f 864 924 2145
f 2246 841 2145
f 865 840 4850
f 4850 840 1085
f 2246 814 841
f 2246 815 814
f 2130 815 923
f 1346 788 2130
f 789 788 1381
f 816 790 1124
f 2134 816 1109
f 839 2134 1109
f 840 839 1085
f 4850 1085 2116
f 4755 2116 1064
f 2112 4755 1064
f 1732 1571 1570
f 1066 1065 1572
f 2107 1567 4776
f 1648 2107 4776
f 4776 4777 1648
f 1648 1657 2107
f 4777 4776 1567
f 1065 1084 1566
f 1108 2102 1566
f 1567 1562 4777
f 4777 1562 2094
f 1107 2102 1108
f 1125 1107 1123
f 1562 1557 2094
f 4777 2094 1648
f 1648 1647 1657
f 1657 1647 2090
f 2090 2087 4746
f 1826 2090 4746
f 4746 2087 4747
f 4746 4747 4748
f 1830 4746 4748
f 4748 4715 1830
f 4715 1833 1830
f 4715 4714 1833
f 1590 1833 4714
f 4713 4714 4715
f 4714 4713 4786
f 4786 4787 4714
f 1863 4714 4787
f 4787 4786 4736
f 4787 4736 4738
f 4738 1688 4787
f 4736 4737 4738
f 4738 4737 4822
f 4738 4822 4791
f 4738 4791 4792
f 1689 4738 4792
f 1689 4792 4781
f 2047 4781 4792
f 4792 4791 2047
f 4791 4735 2047
f 4791 4823 4735
f 4735 4823 1581
f 4791 4822 4823
f 4823 4822 4737
f 4737 4825 4823
f 4780 4823 4825
f 4824 4780 4825
f 4832 4824 4825
f 4825 4786 4832
f 4748 4824 4832
f 4713 4748 4832
f 4748 4995 4824
f 4995 4834 4824
f 4995 4798 4834
f 4834 4798 2064
f 4834 2064 4780
f 1640 4798 4995
f 4747 1640 4995
f 4747 1643 1640
f 4824 4834 4780
f 4823 4780 1582
f 4786 4825 4737
f 4786 4737 4736
f 4786 4713 4832
f 4715 4748 4713
f 4995 4748 4747
f 2087 1643 4747
f 1642 1558 708
f 2085 1640 1643
f 1640 1639 4798
f 4798 1639 2064
f 2064 212 2065
f 4780 2064 1691
f 463 1592 1690
f 4780 1691 1582
f 4823 1582 1581
f 4735 1581 2048
f 4735 2048 2047
f 4781 2047 1573
f 1573 4783 4781
f 4783 4782 4781
f 1701 4781 4782
f 2044 4782 4783
f 2044 4795 4782
f 1886 4782 4795
f 1886 4795 4759
f 1886 4759 4717
f 4759 4718 4717
f 4675 4717 4718
f 4718 4672 4675
f 4675 4672 4671
f 4965 4675 4671
f 4966 4965 4671
f 4671 1788 4966
f 4833 4966 1788
f 4966 4833 1892
f 1892 4965 4966
f 4965 1892 4996
f 4717 4996 1892
f 4675 4965 4996
f 4671 4672 1493
f 4672 4703 1493
f 4921 4703 4672
f 4921 4967 4703
f 4703 4967 4704
f 4703 4704 1929
f 4704 4761 1929
f 1929 4761 4935
f 4761 4760 4935
f 4935 4760 4934
f 1504 4935 4934
f 4934 4760 4750
f 4750 4752 4934
f 4934 4752 1933
f 4752 4584 1933
f 4751 4584 4752
f 4751 4938 4584
f 4585 4584 4938
f 4585 4938 4753
f 4936 4585 4753
f 4753 4754 4936
f 4936 4754 4793
f 4754 4985 4793
f 4793 4985 4902
f 4793 4902 1940
f 4985 4897 4902
f 4902 4897 1947
f 4985 4635 4897
f 4635 4857 4897
f 4857 4997 4897
f 4897 4997 1678
f 4910 4997 4857
f 4857 4856 4910
f 4856 4859 4910
f 4904 4910 4859
f 4904 4859 4901
f 4904 4901 4905
f 4957 4904 4905
f 4994 4957 4905
f 4905 4658 4994
f 4994 4658 4853
f 4953 4994 4853
f 4944 4953 4853
f 4944 4853 4678
f 1978 4944 4678
f 4990 4944 1978
f 4990 4963 4944
f 4980 4963 4990
f 4990 1776 4980
f 4963 4980 4683
f 4956 4963 4683
f 4956 4683 4957
f 4956 4957 4953
f 4685 4957 4683
f 4683 4684 4685
f 1964 4685 4684
f 1964 1679 4685
f 1679 4910 4685
f 1770 4684 4683
f 1775 1770 4683
f 4685 4910 4957
f 4963 4956 4953
f 1775 4683 4980
f 4678 4853 4679
f 4678 4679 4680
f 4678 4680 1782
f 4680 4679 4706
f 1470 4680 4706
f 4708 1470 4706
f 4706 4707 4708
f 4707 4877 4708
f 4815 4708 4877
f 4815 4877 4969
f 4816 4815 4969
f 4817 4816 4969
f 4817 4969 4968
f 4817 4968 4876
f 4875 4817 4876
f 4809 4875 4876
f 4809 4876 4882
f 4808 4809 4882
f 4813 4808 4882
f 4811 4813 4882
f 4880 4811 4882
f 4882 4881 4880
f 4879 4880 4881
f 4879 4881 4654
f 4879 4654 4769
f 4879 4769 4764
f 4879 4764 4939
f 4764 4847 4939
f 4847 4940 4939
f 4939 4940 4880
f 4847 4848 4940
f 4940 4848 4811
f 4848 4986 4811
f 4986 4812 4811
f 4812 4986 4577
f 4812 4577 4943
f 4812 4943 4813
f 4577 1480 4943
f 4943 1480 4808
f 4986 4975 4577
f 4975 1481 4577
f 4771 4975 4986
f 4771 4763 4975
f 4763 1992 4975
f 1992 4763 4841
f 4841 4745 1992
f 4765 4745 4841
f 4765 4984 4745
f 4842 4745 4984
f 4842 4984 4979
f 4979 4768 4842
f 4842 4768 1487
f 4768 4692 1487
f 4768 4767 4692
f 4693 4692 4767
f 4693 4767 4630
f 4648 4693 4630
f 4648 4630 4629
f 4629 4889 4648
f 4648 4889 4646
f 4646 4647 4648
f 4647 4869 4648
f 4862 4648 4869
f 4869 4779 4862
f 1627 4862 4779
f 4869 4885 4779
f 4998 4779 4885
f 4885 4919 4998
f 4773 4998 4919
f 4919 4872 4773
f 4773 4872 1524
f 4872 2024 1524
f 2024 4872 4797
f 2024 4797 1449
f 4999 4797 4872
f 4797 4999 2032
f 4758 2032 4999
f 4758 4999 4914
f 4914 4915 4758
f 4758 4915 4885
f 4885 4921 4758
f 4758 4921 4718
f 4885 4915 4914
f 4914 4999 4919
f 4999 4872 4919
f 4998 4773 1634
f 4885 4914 4919
f 1634 4779 4998
f 4762 4885 4869
f 4762 4967 4885
f 4967 4762 4761
f 4762 4869 4647
f 4647 4760 4762
f 4647 4646 4884
f 4884 4750 4647
f 4751 4750 4884
f 4889 4884 4646
f 4970 4884 4889
f 4971 4970 4889
f 4971 4860 4970
f 4860 4689 4970
f 4887 4970 4689
f 4689 4861 4887
f 4887 4861 4753
f 4861 4641 4753
f 4641 4861 4639
f 4639 4640 4641
f 4641 4640 4864
f 4641 4864 4754
f 4640 4865 4864
f 4635 4864 4865
f 4633 4635 4865
f 4633 4865 4868
f 4868 4831 4633
f 4831 4830 4633
f 4830 4697 4633
f 4697 4634 4633
f 4634 4697 4698
f 4634 4698 4859
f 4697 4836 4698
f 4836 4901 4698
f 4901 4836 4991
f 4836 4656 4991
f 4991 4656 4658
f 4656 4657 4658
f 4852 4658 4657
f 4657 4900 4852
f 4900 4679 4852
f 4679 4900 4909
f 4900 4992 4909
f 4992 4707 4909
f 4992 4819 4707
f 4819 4906 4707
f 4906 4819 4821
f 4877 4906 4821
f 4951 4877 4821
f 4820 4951 4821
f 4951 4820 4828
f 4951 4828 4969
f 4969 4828 4827
f 4969 4827 4882
f 4947 4882 4827
f 4827 4820 4947
f 4947 4820 4819
f 4829 4820 4827
f 4882 4947 4804
f 4882 4804 5000
f 4960 4882 5000
f 4960 5000 4799
f 4960 4799 4788
f 4960 4788 4790
f 4930 4960 4790
f 4929 4930 4790
f 4929 4790 4794
f 4929 4794 4838
f 4699 4929 4838
f 4982 4699 4838
f 4925 4982 4838
f 4838 4628 4925
f 4925 4628 4767
f 4766 4925 4767
f 4983 4925 4766
f 4983 4766 4979
f 5001 4983 4979
f 5001 4979 4931
f 4894 5001 4931
f 4894 4931 4765
f 4765 4769 4894
f 4653 4894 4769
f 4653 4622 4894
f 4653 4654 4622
f 4622 5001 4894
f 4622 4624 5001
f 4624 4700 5001
f 4624 4892 4700
f 4701 4700 4892
f 4892 4895 4701
f 4701 4895 4929
f 4892 4930 4895
f 4623 4930 4892
f 4623 4882 4930
f 4699 4700 4701
f 4623 4892 4624
f 4622 4623 4624
f 4881 4623 4622
f 4983 5001 4700
f 4700 4982 4983
f 4838 4837 4628
f 4837 4629 4628
f 4629 4837 4785
f 4971 4629 4785
f 4615 4785 4837
f 4837 4616 4615
f 4614 4615 4616
f 4616 4789 4614
f 4688 4614 4789
f 4789 4839 4688
f 4688 4839 4639
f 4688 4639 4689
f 4789 4803 4839
f 4803 4868 4839
f 4839 4868 4640
f 4803 4802 4868
f 4801 4802 4803
f 4800 4802 4801
f 4799 4800 4801
f 4799 4801 4789
f 4981 4802 4800
f 4981 4800 5000
f 4807 4802 4981
f 4807 4981 4804
f 4804 4806 4807
f 4806 4831 4807
f 4804 4805 4806
f 4806 4805 4830
f 4805 4804 4657
f 4831 4802 4807
f 4789 4801 4803
f 4614 4688 4689
f 4788 4789 4616
f 4794 4616 4837
f 4614 4785 4615
f 4785 4614 4860
f 4983 4982 4925
f 4700 4699 4982
f 4701 4929 4699
f 4794 4837 4838
f 4794 4790 4616
f 4895 4930 4929
f 4790 4788 4616
f 4788 4799 4789
f 4800 4799 5000
f 4882 4960 4930
f 5000 4804 4981
f 4947 4900 4804
f 4827 4828 4829
f 4828 4820 4829
f 4819 4820 4821
f 4947 4819 4992
f 4947 4992 4900
f 4804 4900 4657
f 4656 4805 4657
f 4805 4656 4836
f 4805 4836 4697
f 4830 4805 4697
f 4830 4831 4806
f 4802 4831 4868
f 4633 4634 4635
f 4856 4635 4634
f 4640 4868 4865
f 4839 4640 4639
f 4689 4639 4861
f 4970 4887 4938
f 4614 4689 4860
f 4860 4971 4785
f 4938 4884 4970
f 4629 4971 4889
f 4628 4629 4630
f 4648 4862 4693
f 2004 4693 4862
f 4694 4693 2004
f 4628 4630 4767
f 4692 4693 4694
f 4692 4694 1618
f 4766 4767 4768
f 4766 4768 4979
f 4931 4979 4984
f 4842 1486 4745
f 4931 4984 4765
f 4765 4841 4763
f 4763 4764 4765
f 4770 4764 4763
f 4770 4763 4771
f 4770 4771 4848
f 4986 4848 4771
f 4847 4770 4848
f 4770 4847 4764
f 4769 4765 4764
f 4769 4654 4653
f 4622 4654 4881
f 4879 4939 4880
f 4623 4881 4882
f 4811 4880 4940
f 4811 4812 4813
f 4813 4943 4808
f 4808 1480 4809
f 1480 4875 4809
f 4875 4818 4817
f 4875 1990 4818
f 4882 4876 4968
f 4968 4969 4882
f 4816 4817 4818
f 4818 1471 4816
f 1471 4815 4816
f 4877 4951 4969
f 4877 4707 4906
f 4706 4909 4707
f 4815 1470 4708
f 4706 4679 4909
f 4852 4679 4853
f 4944 4963 4953
f 4658 4852 4853
f 4905 4991 4658
f 4957 4994 4953
f 4905 4901 4991
f 4859 4698 4901
f 4957 4910 4904
f 4634 4859 4856
f 4997 4910 1679
f 4635 4856 4857
f 4864 4635 4985
f 4754 4864 4985
f 4753 4641 4754
f 4585 4936 4793
f 4585 4793 1752
f 4887 4753 4938
f 4584 4585 1751
f 4751 4884 4938
f 4750 4751 4752
f 4760 4647 4750
f 4760 4761 4762
f 4967 4761 4704
f 4885 4967 4921
f 4672 4718 4921
f 4717 4675 4996
f 4759 4758 4718
f 1456 4758 4759
f 1456 4759 4795
f 4795 4796 1456
f 4795 2044 4796
f 1457 4796 2044
f 2044 4783 1573
f 2044 1468 2037
f 1574 1466 1575
f 1466 1591 1467
f 1608 2038 1467
f 1468 1462 2037
f 2044 2037 1457
f 1456 4796 1457
f 2032 4758 1456
f 2032 1450 4797
f 1455 1461 1451
f 1449 4797 1450
f 1461 1463 1451
f 1548 1463 2038
f 1548 1609 1549
f 408 1549 1609
f 1449 1550 2024
f 1757 1524 2024
f 4773 1524 2014
f 4773 2014 1634
f 1633 4779 1634
f 4779 1633 1628
f 4779 1628 1627
f 4862 1627 1623
f 1622 1621 1984
f 4862 1623 2004
f 4694 2004 1618
f 1487 4692 1618
f 4842 1487 1486
f 4745 1486 1992
f 4975 1992 1481
f 1481 1480 4577
f 1488 1474 1482
f 1990 4875 1480
f 1990 1476 4818
f 1475 1474 1617
f 1476 1471 4818
f 1984 1475 1622
f 1469 1984 1621
f 1471 1470 4815
f 1470 1782 4680
f 1621 1780 1469
f 1621 1781 1780
f 1782 1978 4678
f 4990 1978 1776
f 1629 1774 1781
f 4980 1776 1775
f 1632 1526 1774
f 1543 1526 1525
f 1771 1770 1775
f 4684 1770 1964
f 1544 1766 1543
f 1533 1532 1544
f 1686 1684 1767
f 1767 1679 1964
f 1679 1678 4997
f 4897 1678 1947
f 1947 1940 4902
f 1685 1674 1680
f 1752 4793 1940
f 1522 1673 313
f 1752 1751 4585
f 1751 1514 4584
f 1933 4584 1514
f 4934 1933 1504
f 1503 260 1800
f 1929 4935 1504
f 4703 1929 1494
f 1493 4703 1494
f 1799 4671 1493
f 1492 1503 1800
f 1799 1788 4671
f 4833 1788 1787
f 1718 4833 1787
f 1715 4833 1718
f 1715 1892 4833
f 4717 1892 1886
f 4782 1886 1701
f 4781 1701 1700
f 1700 1689 4781
f 1688 4738 1689
f 1291 4787 1688
f 1687 213 1872
f 1291 1863 4787
f 1590 4714 1863
f 1317 1669 1668
f 1857 1663 1669
f 1857 1815 1663
f 1670 1833 1590
f 1653 1658 1663
f 1830 1833 1664
f 1826 4746 1830
f 2090 1826 1657
f 2107 1657 1823
f 1653 1659 1658
f 1570 2107 1823
f 1570 1652 1732
f 1815 1653 1663
f 1652 1743 1806
f 1741 1815 1857
f 1742 1741 1857
f 1736 1806 1743
f 1806 1732 1652
f 1571 1732 1731
f 1802 2112 1731
f 1727 4756 1802
f 710 1730 1737
f 1727 1726 4784
f 4702 1726 709
f 4702 709 1080
f 1737 374 710
f 326 415 437
f 374 342 375
f 415 343 438
f 342 1742 276
f 275 438 343
f 1742 317 276
f 275 274 316
f 317 1246 359
f 153 316 288
f 1318 199 359
f 192 288 191
f 191 26 67
f 199 1290 301
f 213 301 1872
f 259 215 79
f 213 1702 214
f 214 1898 1703
f 1898 232 1703
f 151 232 1719
f 108 107 1698
f 1698 139 108
f 233 109 2
f 1 132 2
f 79 215 132
f 79 78 259
f 78 26 200
f 27 99 66
f 67 26 25
f 67 90 166
f 40 66 99
f 90 39 166
f 39 38 528
f 38 388 519
f 387 40 3
f 121 183 3
f 51 50 1171
f 1171 5002 51
f 1392 51 5002
f 1392 5002 1146
f 1171 1146 5002
f 1148 1439 1427
f 1427 1439 1406
f 1148 1427 1337
f 1373 1367 1336
f 1337 1366 1148
f 1393 1367 1398
f 1393 1398 1593
f 1593 1398 648
f 1146 1366 1392
f 51 1392 1610
f 1610 422 51
f 388 422 547
f 1292 1393 1593
f 547 1311 481
f 1247 1253 481
f 564 479 1253
f 1268 497 564
f 1268 13 497
f 471 13 776
f 750 776 451
f 1158 781 451
f 820 782 781
f 327 763 782
f 327 792 328
f 1080 709 328
f 836 1019 1081
f 4702 1080 1079
f 1087 1112 1529
f 1087 1529 4696
f 1086 1087 4696
f 1061 4696 1529
f 1079 1088 4705
f 1028 4705 1088
f 1086 1029 1087
f 2175 1028 1027
f 2175 1027 1069
f 2183 1069 1045
f 1419 1045 1422
f 1419 959 1045
f 958 959 1411
f 1397 1409 1354
f 958 1399 988
f 1399 1388 4814
f 1354 1355 1397
f 929 1355 896
f 1388 81 4814
f 1370 929 906
f 80 81 1379
f 1356 1370 906
f 80 1362 2289
f 906 856 1356
f 439 1362 1351
f 16 439 1341
f 855 1329 856
f 1341 1333 16
f 17 1333 1321
f 979 1321 764
f 2474 764 721
f 711 721 1302
f 1302 1288 2392
f 1281 1307 1272
f 855 1272 1329
f 1265 1256 1288
f 855 1250 1252
f 887 1224 1250
f 1256 1240 1239
f 1233 1595 1239
f 1231 1612 1233
f 1231 1216 2437
f 887 868 1224
f 868 807 1199
f 1211 2437 1216
f 1211 1188 1578
f 1196 1199 846
f 1183 1586 1188
f 41 1183 29
f 1196 937 1178
f 29 1170 30
f 1438 1016 937
f 1155 402 1170
f 1016 1015 1141
f 1134 1133 402
f 1133 1122 345
f 976 978 1015
f 345 1122 344
f 1113 329 344
f 977 1044 978
f 1113 1104 1074
f 1044 1103 1068
f 1068 1029 1086
f 1086 4696 1083
f 1083 4696 1061
f 1113 1074 1070
f 1070 1067 289
f 1053 290 1067
f 1529 1041 1061
f 1529 1023 1041
f 1023 1081 1019
f 1019 793 819
f 818 998 819
f 996 1035 1002
f 998 818 980
f 996 990 1053
f 990 970 4913
f 818 960 980
f 964 4989 970
f 4958 964 955
f 1195 951 960
f 4958 955 950
f 1159 944 951
f 950 933 4922
f 1200 942 944
f 1201 930 942
f 933 925 4922
f 930 1279 919
f 925 916 4926
f 916 905 4927
f 901 910 919
f 891 901 1310
f 661 886 891
f 682 886 661
f 905 888 874
f 875 886 688
f 866 905 874
f 826 866 850
f 847 862 689
f 829 847 727
f 701 727 847
f 850 842 826
f 4988 826 817
f 188 4740 817
f 188 797 189
f 731 791 801
f 797 161 163
f 162 161 780
f 137 138 780
f 789 137 769
f 1125 769 760
f 742 749 766
f 791 731 742
f 731 829 727
f 726 720 738
f 720 714 760
f 708 1558 714
f 1638 708 696
f 727 701 705
f 847 689 701
f 696 685 1638
f 688 689 875
f 886 682 688
f 1635 685 676
f 676 672 258
f 682 661 668
f 655 661 891
f 1593 648 655
f 654 634 672
f 648 1398 644
f 672 634 631
f 211 210 631
f 600 1707 211
f 608 621 644
f 596 1707 600
f 472 596 586
f 586 4775 472
f 608 580 592
f 572 4775 586
f 1382 560 580
f 572 478 4775
f 1338 537 560
f 556 492 478
f 4775 478 472
f 472 463 596
f 1592 463 456
f 489 444 445
f 444 500 22
f 500 4924 22
f 500 68 4924
f 68 4993 4924
f 386 4924 4993
f 416 4924 386
f 456 435 24
f 1609 24 23
f 4924 423 22
f 416 423 4924
f 1609 23 408
f 404 1549 408
f 1532 404 396
f 416 386 401
f 4993 62 386
f 396 369 363
f 325 321 363
f 313 1674 321
f 1522 313 304
f 1522 304 284
f 273 1515 284
f 260 1516 273
f 1800 260 243
f 228 1921 243
f 195 224 250
f 184 193 120
f 228 190 173
f 169 184 133
f 173 164 1793
f 1786 164 160
f 1719 160 151
f 151 139 1698
f 133 144 169
f 128 108 139
f 184 120 133
f 128 127 183
f 113 1147 127
f 193 106 120
f 113 98 1147
f 32 103 106
f 46 103 32
f 46 83 103
f 98 91 1182
f 91 82 537
f 46 10 83
f 82 77 525
f 77 12 511
f 68 500 12
f 68 62 4993
f 45 352 62
f 11 10 46
f 37 352 45
f 37 33 291
f 195 33 32
f 32 31 46

