SubjectID,PC1,PC2,PC3,PC4,PC5,PC6,PC7,PC8,PC9,PC10,PC11,PC12,PC13,PC14,PC15,PC16,PC17,PC18,PC19,PC20,PC21,PC22,PC23,PC24,PC25,PC26,PC27,PC28,PC29,PC30,PC31,PC32,PC33,PC34,PC35,PC36,PC37,PC38,PC39,PC40,PC41,PC42,PC43,PC44,PC45,PC46,PC47,PC48,PC49,PC50,PC51,PC52,PC53,PC54,PC55,PC56,PC57,PC58,PC59,PC60,PC61,PC62,PC63,PC64,PC65,PC66,PC67,PC68,PC69,PC70,PC71,PC72,PC73,PC74,PC75,PC76,PC77,PC78,PC79,PC80,PC81,PC82,PC83,PC84,PC85,PC86,PC87,PC88,PC89,PC90,PC91,PC92,PC93,PC94,PC95,PC96,PC97,PC98,PC99,PC100,PC101,PC102,PC103,PC104,PC105,PC106,PC107,PC108,PC109,PC110,PC111,PC112,PC113,PC114,PC115,PC116,PC117,PC118,PC119,PC120,PC121,PC122,PC123,PC124,PC125,PC126,PC127,PC128,PC129,PC130,PC131,PC132,PC133,PC134,PC135,PC136,PC137,PC138,PC139,PC140,PC141,PC142,PC143,PC144,PC145,PC146,PC147,PC148,PC149,PC150,PC151,PC152,PC153,PC154,PC155,PC156,PC157,PC158,PC159,PC160,PC161,PC162,PC163,PC164,PC165,PC166,PC167,PC168,PC169,PC170,PC171,PC172,PC173,PC174,PC175,PC176,PC177,PC178,PC179,PC180,PC181,PC182,PC183,PC184,PC185,PC186,PC187,PC188,PC189,PC190
01ADL0001,-3.702041781,0.466639808,1.97278345,4.669961076,0.690543241,-0.830061029,-0.006563706,3.052681336,-0.271927798,0.038355072,-0.24106288,-0.220061931,-0.173304449,0.130150354,-0.302593274,0.580172478,0.6854479,-0.2888104,0.249293902,-0.42500722,0.542966472,-0.044821569,0.894352072,-0.116697752,0.17535323,-0.062207244,-0.365752501,0.032416402,-0.127400735,-0.336266584,-0.077855333,0.17083991,-0.254683374,-0.010007217,-0.392995577,-0.667074147,0.246601893,-0.072551447,-0.42785111,-0.080668163,0.087777037,0.788793065,0.199925432,0.16502312,-0.135256994,-0.049506026,0.19114863,-0.181307069,0.137391068,-0.104974794,-0.190905319,-0.264955149,-0.27600462,0.204995533,0.049682163,-0.155070082,0.122564835,0.147315211,0.049288673,-0.212182613,-0.094163098,0.106550415,-0.179615772,0.499011357,-0.114530137,-0.026310687,0.123709657,-0.149045795,-0.044176124,-0.083667849,-0.001998828,-0.10026783,0.216209732,-0.07176602,-0.148085079,0.070025079,0.067500316,0.069120362,0.136923036,-0.014058354,0.030941568,0.046219325,0.08084847,-0.054092008,0.047789764,0.290467324,0.12151276,-0.022291066,0.147407247,-0.006596939,-0.16183698,-0.279152348,0.107391326,0.020611133,0.200794105,-0.200807535,0.045769152,0.018353362,-0.000971179,0.087406244,0.153726503,-0.089627152,-0.107976236,0.025011388,0.097767715,-0.025026757,-0.178096855,-0.114576685,-0.114733206,0.005505135,0.004528433,-0.174223727,0.111191826,-0.031408807,0.199899368,0.015613765,-0.037384948,0.12270245,0.018906194,-0.09836179,-0.018315262,0.128346277,-0.086526841,0.078053052,0.07163092,0.088180478,-0.086972446,-0.065423727,0.185429153,0.046520176,-0.138025309,0.079540532,0.040834904,-0.00319808,0.047935151,-0.066500516,-0.080414282,-0.089572471,0.032216246,-0.028894036,-0.055014759,0.00092605,-0.019798123,-0.012600014,-0.047975336,0.124160235,-0.058684599,0.044351716,-0.100219355,-0.129206671,0.074421261,0.026352683,0.055224033,0.056424543,-0.030674671,-0.08901649,0.089686915,-0.085645071,-0.064900536,-0.040772746,-0.051810711,0.003096695,-0.003802239,-0.035960888,0.035563499,0.011286829,-0.031908558,0.041582006,0.07209171,-0.002653545,-0.012510725,0.024341587,-0.006128346,0.091553335,-0.051497781,-0.007281629,0.072195889,0.040646817,0.008221036,-0.004677565,-0.015176786,0.012104395,0.002021681,-0.053199776,0.07286224,-0.008235685,0.043897411,-0.01706431,0.028254828,4.59678E-15
01ADL0004,1.806420446,0.533323139,3.269699851,3.478789008,0.967714529,2.893176744,1.058082055,1.605806797,-0.983299521,2.088751542,-0.927262563,0.089751546,-0.824240686,1.329132764,0.339032009,0.141616955,-0.059518715,-0.728505172,-0.649303618,0.053522948,-0.341215926,0.431171786,0.388793297,0.431835656,-0.144517893,-0.049146189,0.593663034,0.381624193,0.379376858,0.241833666,-0.158731851,0.402162328,-0.297588015,-0.4864739,-0.476188619,-0.046540816,0.026165221,-0.199593801,-0.160565892,0.039453849,0.264961512,-0.048672272,-0.398393596,0.078190204,0.135091915,-0.277133101,-0.222570975,-0.2466815,-0.023835486,-0.008885966,-0.083566136,-0.297218721,0.141856289,0.224545891,-0.105254724,0.18751485,-0.241452414,0.016578865,0.09477733,-0.054652715,-0.172572292,-0.019746507,0.178101786,0.243226079,-0.042942863,0.126552443,0.100416348,0.185220389,0.095191436,-0.125619616,-0.093133396,0.128121308,0.063941165,-0.132898251,-0.138839758,-0.282967692,0.155397169,-0.290199205,0.206535506,0.077923291,0.061485967,0.245443859,0.105798562,0.055323064,-0.06328045,0.050594904,0.063475238,0.108496978,-0.174111344,-0.016942175,-0.066349368,0.158129887,0.10603907,0.090424078,0.153109581,-0.020358985,-0.05102797,0.067937137,0.093805335,-0.062354005,0.093955554,0.040691342,0.151436582,-0.085600261,-0.006691086,0.064127912,0.133251412,0.107826408,-0.09239788,-0.026518324,0.02412999,-0.15080509,0.092205307,-0.110739062,-0.117515108,0.030693156,0.012017323,0.06327554,-0.079933587,0.064720976,0.156010955,-0.095476558,0.178757676,-0.061466124,0.032964516,0.021091707,0.042027154,-0.162751524,-0.089010727,0.037310297,0.10963752,0.019400032,0.025208705,-0.110670924,0.082217463,0.132811448,0.023807456,-0.096710106,0.01493641,0.168942671,-0.004472661,-0.094475999,0.016256584,0.080600444,-0.000320361,-0.066294116,-0.157996115,-0.023147178,0.013738851,0.131064778,-0.024924181,-0.071544333,-0.066730447,-0.156323892,-0.035271613,0.086868867,0.035688699,0.001375261,-0.094828212,-0.02988315,0.065635582,0.051911289,-0.003763616,-0.000376387,0.049161393,-0.104944416,0.024423853,-0.023615052,0.057549021,-0.013382704,-0.03094011,0.021413333,0.077381407,-0.041644281,-0.014370851,-0.034820428,0.025524504,0.036459563,-0.030091059,0.032755145,-0.034659241,0.067491371,0.035042998,-0.038490185,0.046122555,0.010269733,-0.015312484,0.018524973,-0.062251931,1.90341E-14
01ADL0006,-3.406371746,1.25588514,4.75053326,2.818332611,-0.161500889,-0.633662548,0.639272256,-1.414214228,2.001493023,-0.671603428,-0.139912713,-0.849603196,-2.037507521,0.644036979,0.129352821,-0.88151894,0.553398236,-0.304796945,0.103108257,0.068439039,0.010504665,0.092629355,0.574286894,-0.667732106,-0.422925893,0.021168043,0.435500215,-0.378495984,-0.512784325,0.73256686,0.474628459,0.814997331,0.337303253,0.567313747,-0.210884471,-0.31117411,-0.624743971,-0.089744639,-0.197565215,0.200137859,-0.312028549,-0.506421814,0.33675701,0.059777575,0.112523676,0.083734773,0.080251608,0.132459735,-0.177503831,-0.16582931,0.110873041,-0.124440339,-0.148645283,0.005144115,-0.202536896,-0.059438439,0.154534644,-0.123631329,-0.041870959,-0.011289524,-0.066299779,0.21301944,-0.107131157,-0.114692697,0.103676114,0.101895884,-0.175856501,-0.215163942,-0.02294072,0.091707619,-0.144146727,-0.03714191,-0.043782207,0.00360551,-0.272578956,0.126618467,-0.116561773,-0.010384761,-0.115818331,-0.125962214,-0.044551533,0.033717059,-0.00780067,0.011629659,-0.009919648,-0.019703118,-0.115885306,0.150634545,-0.189855524,0.134701748,-0.034800509,0.009750586,0.045002765,0.086210568,0.114562268,-0.021073379,-0.097348538,-0.102128135,-0.031767643,0.01443481,0.202173548,0.212601647,-0.022963816,0.175695764,-0.025780828,-0.004840874,-0.075624484,0.102743031,-0.084840933,0.042210324,-0.048124263,-0.016926449,0.106782598,0.069975651,0.143188666,-0.07030162,0.074070153,-0.092815425,-0.02867459,0.022423449,-0.099383607,-0.003166302,-0.078206783,0.008297606,0.19604429,0.030277792,-0.071099887,-0.0030679,-0.089340641,0.108004867,0.016078856,0.144247469,-0.025100152,0.006005269,-0.008347801,-0.05644266,-0.012044708,0.10420636,-0.026530158,0.071408506,-0.066987732,-0.000166316,0.142325379,-0.050845639,0.050112437,0.035895052,0.058535059,-0.033343425,0.146490476,0.053577632,0.018780361,0.055796148,-0.111020596,-0.1425185,0.002485012,-0.095335616,0.015439785,-0.082322166,0.034398393,0.093388714,0.058056304,-0.060485657,-0.01052706,0.027285645,-0.038453782,-0.051483311,-0.045480421,-0.079273449,-0.016224425,0.061453195,-0.00883524,0.060732761,0.014530792,0.070405527,-0.018853219,0.025847752,-0.032222928,-0.016676437,0.038809238,-0.093609124,-0.040538777,-0.011144551,-0.03645768,-0.020166043,0.039119022,0.025558985,-0.109099756,-0.059803536,-0.079495533,7.53626E-15
01ADL0009,-18.13696641,4.937164814,3.187560986,4.323803121,-3.310221724,-0.927187901,-0.255700574,2.033460063,0.939280777,-0.642280265,-0.065720179,-0.12777745,1.560265077,1.232612294,-0.076546418,-0.177884792,0.720314275,-0.103825603,-0.421136751,-0.174462052,0.535728519,-0.077428949,0.334738168,0.797952576,0.002390937,-0.165552135,0.449731683,0.012241165,-0.481667794,-0.156213543,0.595341544,-0.459238749,0.073264558,-0.041526574,0.135308645,0.077104869,-0.428027015,0.349216995,0.356133034,0.26345356,-0.271875316,0.162457006,-0.17067004,0.16256345,0.08273802,-0.272845565,0.223309084,0.217076574,0.014455993,0.114674113,0.145347933,-0.334882767,0.177986463,-0.020170242,0.056462017,0.091756046,0.048432571,0.402827076,0.243286868,0.075941103,0.077151977,-0.113366624,-0.165422764,-0.041036401,-0.121107733,0.190573901,-0.197207263,-0.090419477,0.071529698,-0.165168594,-0.029338585,0.270460032,0.272311564,0.002388225,0.102351559,-0.26984751,0.061399204,0.177598228,-0.250745767,0.055949934,0.035179694,0.160848454,0.081300929,0.119786871,0.072125331,-0.214946639,-0.035192796,0.02590257,0.059741401,0.223399573,-0.162246201,-0.078667391,0.050068939,-0.191340728,-0.164684276,0.199168828,-0.203807103,-0.020759333,-0.038396507,-0.111513387,0.057421528,0.114263275,-0.001371114,0.023996135,-0.016842964,-0.065634689,-0.029137114,0.077513626,-0.027958986,-0.140483844,0.036755864,-0.0940947,-0.006448317,-0.030913455,0.152281723,0.027380141,-0.063387169,0.022907898,-0.14455238,-0.028049921,0.030212638,-0.078293564,0.030501219,0.037724941,0.04670962,-0.044908035,0.017464764,-0.064428293,0.076352405,0.065452147,0.036306899,-0.183667308,-0.000842216,0.175193862,0.042219717,-0.00793931,-0.038422161,0.071591427,-0.007909501,-0.065855783,-0.10310741,-0.105177729,-0.105439264,0.008997347,0.035714167,0.188333903,0.117250886,0.017535993,-0.05215835,-0.053298856,0.039876552,-0.080680142,-0.051028006,0.011317854,-0.001784573,0.033108719,0.018793016,0.03164281,0.026763647,0.011633571,0.050205475,0.00378504,0.0665089,-0.087741947,-0.009157296,-0.016957573,0.054750436,-0.044051219,-0.062535003,-0.115518008,0.040819996,-0.114046276,-0.004045774,-0.051128964,0.04162024,0.018857581,-0.022924791,0.08831488,-0.019292979,-0.007689903,-0.003579797,0.035492873,-0.026730795,0.020292141,-0.043285842,0.003293802,-0.013225024,0.006388609,-0.054257414,-1.38899E-13
01ADL0013,-8.090266496,2.736921258,0.726081137,3.557259789,-3.587909072,0.793078585,0.819623385,-0.011103647,-0.412841509,-0.267904884,0.217718864,0.483419457,1.321556106,0.446627691,-0.165625532,0.556737938,-0.217140994,-0.298048416,1.170605275,-0.410267364,-0.346831928,0.785005847,0.283331507,0.075498067,-0.640813875,0.612682973,-0.074801982,0.19423877,-0.110109734,-0.031119906,0.236593708,0.023419323,0.050443678,-0.340636088,0.257586503,0.043456463,0.140382845,0.054829107,-0.330516328,-0.027308061,-0.069647981,0.198832569,0.209924186,0.267976081,0.105100335,0.074263506,-0.159187663,-0.110300713,0.255335357,0.056243873,0.131280839,0.222716836,-0.111936233,0.011651551,0.007279478,-0.159654847,-0.274665591,0.089062935,-0.201030996,-0.016551361,0.015800992,0.030826637,0.076038003,-0.107764203,0.002422042,0.207140398,-0.129698062,0.007315784,0.107675673,0.00749377,0.045944801,0.046797514,-0.055746802,-0.166831337,0.036783191,-0.013266261,-0.053940738,-0.106761322,-0.129630516,-0.083019017,-0.043238904,0.170006066,-0.17163553,0.208340107,-0.060088814,0.173231371,-0.108341159,-0.085766964,0.009053019,0.013939404,-0.026805463,-0.001677295,-0.20674202,-0.089673182,0.088745783,-0.032819967,-0.022532802,-0.013464451,-0.04801892,0.0435882,0.072723772,-0.116617362,-0.026943779,-0.029917229,0.095319436,-0.181394263,-0.121904951,-0.049191233,0.020755391,-0.00650543,-0.007042678,-0.007737491,-0.164628829,0.040610104,0.065810751,-0.059067722,0.102656857,0.019938342,-0.124508649,-0.103252798,0.05791545,0.082642083,0.034840159,-0.199860608,0.132530019,-0.080750193,0.126614012,-0.047352433,0.061994529,0.073253833,0.133219268,0.053232779,-0.164090482,0.029348817,0.136337147,-0.022848595,-0.036115578,0.105410676,-0.0671082,-0.032983946,0.159196746,0.055350253,-0.180869983,-0.017016573,0.027198857,-0.210650266,-0.075779383,-0.005430898,-0.012025295,0.040060118,-0.045633827,0.037360217,0.018760553,0.012661584,-0.003819839,0.000720255,-0.041797324,0.087633484,-0.047069,-0.064819749,0.001650992,-0.12767297,-0.063502176,0.046063309,-0.048859215,-0.044657812,0.085779276,-0.120083313,0.032493882,-0.082021923,0.060015273,-0.00525662,-0.038542576,0.09988775,-0.020493522,0.074140449,-0.041249707,-0.040493684,0.052283762,-0.112588532,0.002954741,0.035055203,0.14195595,-0.04909031,-0.00732653,-0.086591147,-0.043612839,-0.031055615,0.067839668,7.39269E-15
01ADL0014,17.41388548,-2.895982338,6.054333332,3.482244059,-1.384535333,0.308907181,1.319085979,-3.512700034,1.800091393,-1.685592774,0.776664298,0.356557425,1.273146912,0.775839566,0.934714003,0.05242561,0.648684452,-0.805561635,-0.06339595,-0.269226077,-0.217276044,0.140290108,-0.36957866,0.326116068,0.224401029,-0.127457605,0.071777902,-0.167585049,-0.084250186,0.06225716,0.199527972,0.204935652,0.13089816,-0.20094994,-0.153821723,-0.040817239,0.244551704,-0.468503432,0.066029011,0.296706998,0.311762503,0.409660132,0.335595145,0.280190266,-0.020713189,0.053681358,-0.016154039,-0.284496107,0.188164828,-0.119060145,-0.438901406,-0.322020114,0.112062692,0.14041516,0.185157728,-0.032709912,-0.337990617,-0.094624771,0.198618097,0.1785149,-0.055656507,0.201734246,-0.10870691,0.049006415,0.107639482,0.017265397,0.07486656,-0.062175144,0.040193666,0.294332209,0.016697093,0.092578349,-0.004886925,-0.071502721,0.104689648,-0.002262992,-0.001605665,-0.134921688,0.13430236,-0.133712887,0.092894807,-0.008190632,-0.009291351,-0.117923602,0.136296057,-0.020610647,-0.01588232,0.062297753,0.032328125,0.021345285,0.061846761,-0.172142032,0.002752383,-0.259226614,0.150102515,-0.016027565,-0.152752644,-0.111134172,0.086612138,-0.076661118,-0.11675645,-0.026093039,0.011921399,-0.034384849,0.055229065,-0.056382009,-0.035670366,-0.066686415,0.118571147,-0.015000388,-0.03146608,0.042111132,0.168501112,0.077398213,0.011037041,-0.232457329,-0.041345667,0.066385056,0.135932494,0.020215755,0.034597417,0.021284497,-0.115146924,-0.019170065,-0.224536263,-0.074461005,0.164929275,-0.008436657,0.041442344,-0.052100298,-0.015389168,0.01449183,-0.025181715,-0.051588851,-0.10108856,-0.11316208,0.133784556,-0.141388618,0.004640999,0.098286656,0.029259247,-0.071031059,0.008566589,-0.04091931,0.136372566,-0.098142364,0.200166252,-0.080440447,-0.107090958,0.09334884,0.113012735,0.027515586,-0.118982505,-0.017916473,0.040387021,0.006998077,-0.052577391,-0.060699969,0.00728928,0.071421856,0.023267232,-0.040265762,-0.052229121,0.046414191,-0.042029947,-0.063606831,-0.02205379,0.034567901,-0.029221915,-0.036033886,0.031079434,-0.050177617,0.056254135,0.01345946,0.048141478,0.008266118,-0.019834348,-0.019395963,-0.04221674,0.009794875,0.114050259,-0.035710016,-0.015331057,0.060109764,-0.055549777,0.031616689,0.001611834,-0.007607253,-0.014730026,-1.25235E-14
01ADL0016,10.4292712,-0.996299094,3.038774386,3.487546255,0.180423505,0.722531375,-1.489098754,-1.041134832,1.653188136,0.839622468,-0.761186905,-1.544951337,-0.024704442,-0.206617525,-0.379277018,0.371316643,-0.434396781,-0.517248734,0.040412942,-0.121485695,0.345048761,0.287317152,0.023869837,0.288645664,0.071953612,0.075817127,0.124596208,0.684893757,0.167862325,0.166997354,0.065290762,-0.072764905,0.416911093,0.382300078,0.04277736,-0.083606066,0.15577998,0.136411218,-0.002017663,-0.291239808,0.150501453,0.397669338,0.078399301,-0.256158673,0.312925505,-0.157420698,-0.233974716,0.301581556,0.179853458,-0.061929472,-0.05924353,-0.173034483,0.260795511,0.040379796,-0.118087681,-0.066403834,-0.013012958,0.032260102,-0.205778724,0.225062634,-0.374085195,-0.132178791,-0.234464368,-0.231437026,-0.00527325,-0.099444271,-0.02183732,-0.090769355,0.066947398,-0.054602288,-0.003453029,0.057027234,0.223747947,0.089666479,0.122795547,0.071286771,0.170644666,0.063403969,-0.155318578,0.108753778,-0.042219365,-0.102298108,0.048896302,-0.191961185,0.097108102,-0.057222795,-0.071638598,-0.026959534,0.096645161,-0.038343492,0.002660153,-0.109858038,-0.035333094,-0.017417437,0.162722177,0.027934602,-0.013285957,0.135024888,-0.051061837,0.009951676,-0.086671454,-0.063232921,-0.049928515,0.018735748,0.015971186,0.100231066,0.014833606,-0.001937961,-0.130204745,0.22794709,-0.063711632,0.043328979,0.036967243,0.086532635,-0.208332715,-0.069538276,-0.026361611,0.017641038,-0.074994272,-0.241570409,-0.013461024,0.016901011,0.143059066,-0.065486761,0.036326934,-0.023056038,-0.254570392,-0.016939605,-0.077468349,-0.172337844,0.079101424,-0.010051186,-0.056821426,-0.050219924,-0.133370172,-0.105352761,-0.020377327,0.02014,0.069860345,-0.092087755,0.048737405,-0.131409978,0.040877104,-0.000119106,0.056838093,0.0201624,0.049505518,-0.051813542,0.093315246,-0.031879522,-0.151852093,-0.01442605,0.093600306,-0.02013812,-0.025014284,0.076135129,0.080056822,0.100409415,-0.097720622,0.157379781,-0.034193188,0.071951749,0.02250229,-0.016835544,0.010561742,-0.066357556,0.003585741,-0.00699408,0.100183812,0.076238608,0.11213545,-0.039628209,0.082590917,0.04642714,-0.00586188,0.003925912,0.089634656,0.053330096,-0.000493638,-0.029424068,-0.039441376,-0.096542263,0.053309655,-0.023412155,-0.073993737,-0.023877555,-0.0527179,-0.028164386,0.022921774,6.05421E-14
01ADL0021,11.22017346,-0.354866113,-1.374051297,3.346505116,-1.899602712,-0.665690982,-1.100050267,0.019610903,0.861463098,-0.70294486,0.160435446,-0.54033463,0.545273285,0.410497679,0.499339745,0.789942958,0.357434875,0.573878348,0.003088514,-0.532659144,0.361434726,-0.409360838,-0.008187791,-0.349810463,-0.22181562,0.275181227,-0.179582644,-0.136931836,0.314835913,0.078099381,-0.021250125,0.077908304,0.026632858,-0.169249931,-0.253732249,0.217156293,-0.005717671,-0.148901567,0.157772372,0.078956811,0.124688761,-0.082776967,-0.201121953,0.236438401,0.270643734,-0.197423853,0.007948875,0.07873659,-0.067888057,0.320030067,0.068356438,-0.02067928,0.263102523,0.13634334,-0.163197864,-0.185137215,-0.224745569,0.141616815,0.044508929,-0.123877506,0.058493386,0.096468958,0.191409881,-0.078298608,-0.082398187,0.130677576,-0.142328783,0.273876701,0.133628477,0.133545271,0.056314504,-0.182754783,0.045313349,0.085907147,-0.0618735,0.100044521,0.05549337,-0.110853023,0.019003393,-0.041696154,0.090217931,0.000810845,0.016762366,-0.087055794,0.119518154,0.026248665,0.09622435,-0.042118956,-0.122563719,-0.142606413,-0.120784727,0.035293263,-0.064490059,-0.052614149,-0.114715929,0.066870172,0.018046825,0.256602193,0.034246484,0.047307376,0.077447996,-0.032832234,-0.011779184,-0.124236701,-0.040217882,0.110673319,-0.086237191,-0.015421939,-0.045362472,0.025066549,0.039140296,0.024710097,0.046573343,-0.091311661,0.112362978,0.116346406,-0.038157747,0.048217751,0.100891845,0.043026739,0.057236432,0.104170423,-0.039768025,-0.101683775,0.033703069,-0.014142339,-0.009000495,-0.01255835,-0.059550302,-0.072756546,-0.119696621,0.0647422,0.043600796,0.164543571,0.039500469,0.011487348,-0.113161921,0.122141297,-0.047044344,0.015764642,0.083926222,0.031610416,-0.030397883,-0.109909157,0.073890229,-0.025759267,0.002645287,-0.160444637,-0.044710601,-0.070902292,0.07840555,-0.079797166,0.031190931,-0.083994822,0.118609016,0.025634029,0.012389131,0.051759395,0.120597203,0.130451256,-0.159333708,-0.005752621,0.048891032,-0.026101257,-0.053421568,0.045367959,0.026069966,0.095125232,-0.064563741,0.031429178,-0.035046934,0.007940796,0.058372566,-0.080440827,0.006653543,0.0479793,0.040769087,-0.042694346,0.17390154,0.06972728,-0.040155056,-0.110268917,0.122384735,0.034472588,0.14613606,0.142504899,-0.070247239,0.049223508,-0.030327287,5.80197E-14
01ADL0026,7.09374609,-1.516394077,-0.753553124,3.972128973,2.471130939,-3.626193835,-0.21439604,-1.57038296,-0.494295876,0.970292371,-0.346561686,-1.341439129,-0.756987676,-0.600614167,-0.557481697,0.646722288,-0.679930383,-0.5265038,-0.196168892,0.210013711,0.852125708,0.054628224,-0.23741005,0.128505092,0.517332051,0.316060325,0.739853757,-0.135879173,-0.309279635,-0.470165585,0.264028297,0.287819933,0.028101614,-0.01732661,-0.430452463,0.315865074,-0.017314811,-0.090521168,0.269361046,-0.029998238,-0.197400244,0.026110664,0.298692216,0.410239862,0.276528572,0.073514984,0.045761993,0.238609165,-0.335701621,0.319874261,-0.028664549,-0.047041629,0.049412113,0.007755465,-0.010862981,0.325847248,-0.291872292,-0.174283466,-0.065799617,-0.081372841,-0.002176046,-0.192856184,0.020420466,0.16744015,0.067519327,-0.326297948,-0.108053687,-0.140648693,-0.209079274,0.022711742,0.031564611,0.367359629,0.059439728,-0.062008368,-0.11652999,-0.109372864,0.116799597,-0.081344929,0.087918302,-0.015888949,0.027466914,-0.009339488,-0.248337858,0.001820341,-0.048385504,-0.124157151,-0.031514449,-0.089833098,-0.170812086,-0.103047066,0.152507968,0.038714534,0.039623257,0.137290415,-0.158883012,-0.039126659,-0.186553627,-0.157696262,-0.123023085,0.00448903,-0.086711082,0.215154221,0.027909451,0.011945723,0.006049882,-0.153320191,0.060934634,-0.044516003,0.071087834,0.094252108,0.029644488,0.213287431,-0.03798334,0.023937963,0.041249438,-0.081009827,0.021735221,-0.047412143,-0.094313868,0.096750448,0.063465988,0.291142182,0.019968761,0.109822687,0.104948082,0.122099077,0.062266396,0.10878715,0.095996704,-0.17241984,-0.041347922,0.055441801,-0.110889541,0.036953199,-0.014527574,0.092527119,0.071198953,-0.047279554,0.033341394,0.100266196,0.084698659,0.031724414,-0.087682133,-0.013933523,-0.025596517,0.020926714,-0.116319904,0.046288817,0.006813932,-0.185628434,0.0365673,0.004447962,0.012351798,-0.021384819,0.073622529,-0.045347352,0.02878967,-0.072771312,-0.124140395,0.047777128,-0.029715766,0.066464534,-0.049426983,-0.020758992,-0.02644562,0.014308952,0.075255824,-0.038788845,-0.028817962,-0.063018564,-0.00450399,-0.037517296,-0.048356456,0.013293398,0.059056736,-0.045722408,0.051185682,0.023328123,-0.007560728,0.032341611,-0.040016255,-0.008583638,0.02441897,-0.027392395,-0.01314677,0.038261468,0.021877946,-0.010391558,0.030988089,4.04664E-14
01ADL0027,-15.02410641,1.32100113,0.741437381,3.86572388,1.7036898,0.806765946,-2.870331854,2.128873583,0.347090708,-0.941195603,-1.069218289,-0.234477241,-1.000028398,-0.093255182,0.78755454,1.114246232,-0.49895166,-0.260787543,0.69704581,-0.49072595,0.15772107,-0.004233286,0.101305014,-0.732589437,0.063406742,0.572178869,-0.007281567,0.49258106,-0.048245291,-0.30499946,-0.312274059,0.061631821,-0.395362474,0.362866121,-0.327923817,-0.200303925,0.443564871,-0.131927511,0.238173911,-0.562724035,0.119855565,-0.488655777,0.250655545,0.26201918,0.081333418,-0.058586554,0.188634354,0.004869808,0.039287856,0.145274694,-0.028415306,-0.0364119,-0.016648761,0.233635669,-0.061158668,0.247476019,0.128321039,-0.198313249,0.23840303,-0.044415773,-0.301209599,0.202215107,0.101891495,-0.156444348,0.101343923,0.058430756,0.228605359,0.114150829,0.278026901,0.014998179,-0.033817166,-0.054534902,-0.163288635,0.189809944,-0.088351295,0.096643783,0.089990458,0.342086623,-0.229499325,-0.167515388,-0.119402467,0.23133522,0.100941936,0.011603378,0.065881484,0.098511037,0.008015886,-0.078048228,-0.060739541,-0.029615477,-0.09345612,0.050696324,0.144387105,-0.013666637,0.113440364,0.117571737,-0.264415461,0.009678128,-0.09334402,-0.155934272,-0.145697324,-0.096681748,0.076739481,-0.174413716,-0.012392857,-0.094570215,0.03890663,-0.0484106,0.098096054,-0.089635362,0.209689915,-0.044374662,0.016095137,-0.042430473,0.116775029,-0.124303135,-0.084113951,-0.115432507,0.121242929,-0.01892163,-0.053036685,-0.012048774,0.077481493,-0.040327255,-0.010349138,0.007364373,-0.066873537,0.095651191,-0.013651208,-0.062328677,0.049687123,-0.130821091,-0.016312669,-0.004975705,-0.074093662,0.038023774,-0.039854117,-0.167131441,0.000282704,-0.097798148,0.001448884,0.146854961,0.109262444,0.174961822,-0.113042271,-0.035067265,0.030513088,0.133844064,0.062765532,0.032682326,-0.01299154,-0.039091327,-0.050875783,0.026461806,-0.050533192,-0.035007088,-0.061988872,0.08763606,0.007566461,0.046838937,-0.040398716,-0.010925141,-0.034533186,-0.017727665,-0.105131099,0.00800219,-0.031343345,-0.056319268,-0.066288488,-0.043008059,0.056765122,-0.014554803,0.010187402,0.004699861,-0.016064067,-0.011492674,-0.045492652,0.003170357,0.081260554,0.007174574,0.047353268,0.031702587,-0.012483963,-0.014669827,0.04375224,0.003834598,0.029916494,-0.001190535,-0.007028011,-2.55475E-14
01ADL0028,5.597909756,0.576337852,-0.348269129,3.492654538,-0.182163829,0.745417788,0.102756358,-1.80043891,0.439700956,0.755868479,0.151117375,1.142379691,-0.715939273,0.100872521,-0.515563355,0.29494308,0.558738348,-0.525573044,0.259206671,-0.017051972,0.000367971,0.043946947,-0.2390701,-0.086231034,0.123843642,0.235520291,0.214851434,0.220542573,0.620401123,-0.267389628,-0.044487255,-0.032891042,-0.076612387,-0.027411598,0.143587287,0.006851733,-0.19358652,-0.174582673,0.295006029,0.274906306,-0.182345185,-0.349840769,-0.143822966,-0.216559788,-0.165548056,-0.026241674,0.413111537,-0.079946766,-0.134753954,-0.262683981,0.17548598,0.072106624,0.064747087,0.141809904,-0.148775872,-0.164325373,-0.362135531,0.077142059,0.030988353,0.145126201,0.150656128,0.312169347,0.075872807,-0.001350311,0.012863158,-0.085420218,0.136404651,-0.006594253,-0.050122476,0.041941295,0.138104844,-0.107886146,-0.06696031,0.25616687,0.173463853,-0.014406059,0.089021212,0.07880042,-0.100579532,-0.190034353,-0.176491838,0.08801658,-0.265320511,-0.080817405,0.008600746,-0.036882715,-0.21976592,-0.080467771,-0.154383497,0.057530214,0.029410467,-0.0862313,0.064096766,0.105901902,-0.133660407,0.103641303,-0.033223538,0.17035626,-0.005835613,-0.096394841,0.097653444,-0.114406939,0.088625787,-0.032953595,0.155952271,0.107836353,-0.087489749,-0.050705717,0.038889304,-0.113289055,0.050538727,-0.075180749,0.036736529,0.058849751,0.121013233,0.05343986,0.056841445,-0.049874834,-0.100376223,-0.017039969,-0.101539041,-0.083091154,0.105579857,0.000308857,-0.063531458,-0.019820573,0.064839792,-0.111734147,-0.154917188,0.064104349,-0.074486099,0.129789152,0.070546893,0.110371947,-0.143315955,-0.014363351,0.017040712,-0.031860659,-0.111188769,-0.051713323,-0.060164414,-0.073575835,-0.002534785,-0.031256911,0.020339259,-0.08314545,-0.049891823,-0.047951931,0.113571269,-0.05736485,0.023139813,0.136601117,0.11844115,-0.1056072,-0.062271185,-0.021794695,-0.048374682,-0.072839969,-0.109813255,-0.145101744,0.050831179,-0.004595668,-0.030418128,-0.076539771,0.049717962,0.083433958,-0.083912975,0.082198455,0.04559073,-0.033337786,0.06555004,-0.179149958,-0.010566626,0.09177991,0.020187414,-0.019243634,0.09527591,0.014620601,-0.081273686,0.096826986,-0.064294816,0.002069684,0.019785761,0.032994195,-0.002145776,0.014595435,0.039440853,-0.048602426,0.07733196,-1.02761E-14
01ADL0030,-7.230206322,2.892224433,-2.883030584,3.669837233,-1.503048394,-0.586509359,0.639748838,-0.308671155,-0.133485184,0.119180918,-0.477247503,0.726619919,0.446737442,-0.473593964,-0.601656237,-0.741963161,0.412093179,-0.859748389,0.47836309,0.363483344,0.021720832,-0.227066779,-0.255720071,-0.354549124,-0.092750441,-0.122715892,0.117762532,-0.333020875,-0.347992324,-0.53582605,0.241266538,0.573861121,0.25786317,-0.2174334,0.313198452,-0.335938995,0.147675047,-0.102738259,0.347673187,-0.52023168,0.106917391,-0.00863759,0.045506255,0.250874585,-0.270864457,-0.317175104,0.025287992,0.16289584,0.032966734,-0.178170141,0.145264704,0.071597529,-0.149315749,-0.060140265,-0.17258316,0.17749325,-0.053558017,0.061272899,-0.193191024,-0.400986775,-0.030630633,0.16578474,-0.196616314,0.06576055,0.075556791,0.087927825,-0.154753143,0.024295192,-0.033096897,-0.030789287,0.168761109,-0.077735339,-0.166450844,0.102116238,0.122288234,-0.074670349,-0.031942934,-0.026149947,0.046154591,0.051320049,0.01553181,0.056660056,0.100103969,-0.059089556,-0.239986877,0.176903503,-0.173235357,0.031677183,-0.007234537,-0.047408659,-0.135897567,-0.036845811,0.204338382,0.005065184,-0.007944664,0.088409197,0.096270896,-0.084270058,0.010361355,-0.184936653,0.163923229,-0.054914549,-0.05324111,0.112022857,-0.022476126,-0.02694711,-0.000717956,0.037156077,0.024353278,-0.121201383,0.039454289,0.16000372,0.194924078,-0.164136444,-0.137506153,0.078217338,0.114420645,-0.102344342,-0.1274231,0.015673632,0.124795462,0.100135809,0.09487582,0.047115181,-0.026498257,-0.020624645,-0.087404116,0.003197639,0.055356912,-0.086668063,0.06799098,0.050651029,-0.11707403,0.019688375,0.001551781,-0.161445027,0.077738338,0.077334177,-0.078326633,-0.025860178,0.118535498,0.071258358,0.071850976,0.080455016,-0.005570464,0.033755572,0.03910519,0.004093302,0.057310155,-0.028446303,0.072807637,-0.120595981,-0.115530446,0.091535375,0.069022397,0.117644909,-0.018259902,-0.016345189,0.095279533,0.035842,0.001806778,-0.118721872,-0.031101455,0.020599064,0.08810862,0.086146802,-0.023011715,0.119063938,0.104933628,0.037213912,-0.039350798,0.012315638,0.067444395,-0.05791807,-0.046277974,0.016885626,-0.021300573,-0.035563622,-0.045408319,0.101627858,-0.0450956,-0.02150903,0.053387737,0.008831075,-0.103038974,-0.081745276,0.063585262,0.044157194,-0.048942348,-9.53058E-14
01ADL0032,7.365720601,0.837988114,0.712825186,2.635428509,-2.500227716,-3.708608669,-1.886767081,-1.02730784,1.905767945,-0.875715183,-0.060471781,-0.168003793,0.286013873,0.836176161,0.0292163,0.342670594,0.093828229,0.59208512,0.197113299,-0.804146484,0.793987616,0.36894889,-0.409329489,0.299910633,0.337379615,-0.391426831,-0.195991154,-0.317559927,0.082784481,0.431843695,-0.331392321,-0.267538563,0.244807719,0.396767033,0.029281529,0.251664108,-0.126735244,0.105791171,0.391275292,0.356255968,-0.102807945,-0.303867249,0.022737082,0.14570326,0.213559977,0.165784563,-0.128171726,0.257644493,0.302507882,-0.181224179,0.238784384,-0.015068828,-0.423363755,0.120958381,0.13257549,0.060799237,0.106660404,0.187479473,0.044533414,0.047668803,0.068410589,0.001670758,0.26675813,-0.219436539,0.176695255,-0.009524777,-0.245899325,-0.257074239,0.08663842,-0.080321069,0.255717877,0.057439085,0.025966088,-0.032755151,-0.145531034,-0.028476416,0.144877447,-0.069260999,0.03985809,0.177916273,-0.107533775,-0.080494567,-0.131125993,0.121552506,0.174620327,-0.023054125,-0.098317295,0.262412728,-0.043551789,0.12214544,-0.07409208,0.00818906,-0.008588258,-0.06000922,-0.094984764,-0.191093436,0.022543344,0.362372194,0.095029734,0.071336535,-0.173758746,-0.142488155,-0.139069652,0.034196405,0.018993819,0.070140473,-0.097504422,0.03672218,-0.013342066,-0.044250045,0.142111286,0.150703799,0.154207113,-0.147803795,-0.054353184,-0.029319245,0.073967398,0.035888509,0.164541855,0.00455895,0.022312578,-0.023888773,0.067626085,0.043038327,-0.138339645,-0.024266341,-0.10041337,-0.006115105,0.045703551,0.065216689,0.027674748,0.012938371,-0.156091212,-0.038434436,-0.072420324,0.000717821,-0.004620565,0.064189084,0.064599781,0.017231497,0.064656279,-0.010916648,0.078348571,-0.02830904,0.062648993,-0.066673838,-0.19255691,0.045588406,-0.091716355,-0.006534978,-0.004378546,-0.054188751,-0.029639397,-0.008456701,-0.11511461,-0.083511797,-0.031738797,-0.046201974,-0.110525426,-0.036786309,-0.009293608,-0.099131659,-0.001736872,-0.025679659,0.008739269,-0.009195871,0.023063344,0.052019167,-0.011919693,0.016415263,-0.015239154,0.045417241,-0.009868936,-0.041115633,-0.006761886,-0.12135972,-0.011025383,0.035604165,0.01796138,-0.01541299,0.042378942,0.073944016,-0.060655421,-0.082230953,0.044128763,-0.063886978,0.075399445,0.019889978,-0.049459988,-1.0641E-15
01ADL0035,-13.67710023,2.63673054,-0.555699836,2.071094437,0.231510847,0.415430255,-1.583357025,-0.676199062,3.629971866,-2.095726036,0.187923011,-0.15634717,0.469668285,1.087518837,-0.093157021,-0.680734535,0.343133388,0.097826253,0.502640443,-0.471374354,0.328131586,-0.758114069,-0.82656059,0.358139513,-0.692421164,0.012187299,-0.453628495,0.218225803,0.097385973,-0.249425998,0.237144381,-0.634040474,0.932588081,0.433973705,-0.279510051,-0.257908047,-0.069263256,-0.346340613,0.046088465,0.099561093,-0.096711864,0.026880298,0.056729499,0.091788468,0.114803138,-0.145040791,-0.099282387,0.083396259,-0.289218868,-0.054258341,0.120017779,0.067858038,0.216223866,0.015253877,0.323091766,-0.052375262,0.087405708,0.125219018,0.016535742,0.33135466,0.102216769,-0.181269483,-0.179829723,0.054508921,0.164410945,0.044550891,0.034712438,-0.054409349,-0.070268309,-0.116069088,0.089263756,0.031308604,0.085256359,-0.096298638,-0.195033939,0.318697616,-0.151535344,0.125572979,-0.09804806,0.10263181,0.179970549,0.019314027,-0.101023709,-0.200622471,-0.248656724,0.177772712,0.134841299,-0.068908825,0.051635864,0.103098336,-0.121179432,0.056939235,-0.142746244,-0.049547567,0.185529542,0.071316964,0.070270249,-0.023651474,0.334519099,-0.011699458,-0.082486643,0.056780637,0.260127123,-0.055734294,0.070002396,0.12678854,0.051059399,0.029467266,0.046509064,-0.000232987,-0.021082127,0.101040754,-0.077919465,-0.117882183,-0.122385587,0.071257764,0.07499111,-0.015103089,-0.038002329,-0.083752677,-0.024158643,0.010203143,-0.060864917,0.18205623,0.233075816,0.00551593,0.073778842,-0.111828241,-0.048907797,-0.10259228,-0.14921251,-0.031811461,0.003232616,-0.02500339,-0.013219271,-0.024913015,-0.013191448,-0.12915009,-0.113715736,0.014355634,-0.032087352,-0.001098189,-0.139236941,0.122021918,-0.08349348,-0.075914912,-0.057793184,0.004085313,0.029594517,0.035490394,0.044876785,0.056929856,-0.029516749,-0.11401594,0.04976868,0.01191385,0.010352382,0.027054684,0.027758315,-0.034318281,-0.003972003,0.019671869,-0.087099115,0.016139554,-0.024198528,0.017839951,-0.02183269,-0.061100597,0.043318402,0.029543225,-0.030568204,0.01653022,-0.006592212,-0.028387945,0.047785587,-0.072223299,-0.049257908,-0.026402953,0.013323283,0.045918761,-0.014039255,0.005173327,-0.022099578,0.002412896,0.044304906,-0.033156333,0.067050486,0.024573088,0.00689856,-7.47481E-14
01ADL0039,0.820742083,0.388749428,6.203464786,3.783998844,-0.890300278,1.891666493,-1.686677743,3.386727879,-0.23789165,-0.44951173,0.158129288,0.477964171,-0.802899785,0.132542588,0.008108055,-0.624903602,-0.056232273,-0.129629767,1.025015683,-0.992554067,0.320966658,-0.016408094,-0.387870299,-0.313526193,-0.167881956,0.379488598,0.270349617,0.027089378,0.618468494,-0.495143849,-0.15277129,-0.175442835,0.300317971,0.215323422,-0.255835864,0.084688504,0.30140456,-0.260523421,-0.181543875,0.192439854,0.013418731,-0.639976715,-0.092459481,0.188597963,0.004369099,0.100389233,0.001027186,0.216305687,-0.134538098,-0.268256457,-0.023002754,-0.122656933,-0.098445372,-0.059409285,0.229712761,0.109085028,0.053689825,-0.211042892,0.259613704,0.152640973,0.136524734,-0.227548029,-0.03088326,-0.065941887,-0.032838825,-0.086036329,0.060156479,0.121036541,0.195721397,-0.066670754,-0.060969167,-0.22299871,-0.006372091,0.034396198,-0.126794202,-0.10560196,0.213183245,0.096034471,0.13831068,0.156535942,0.103098236,-0.223779069,0.133554658,-0.224277028,0.003347898,0.145878686,-0.088791948,0.029507242,-0.076351104,-0.180110486,0.261654058,-0.043860891,-0.064187187,0.226372031,-0.01083082,-0.06152754,-0.145477424,-0.037603824,0.064135607,0.105669499,-0.038730443,0.085989372,-0.195367906,0.043500482,0.215467483,-0.0613825,-0.215373438,0.020039186,0.028923947,0.064677395,0.036626199,-0.102789482,-0.052787236,0.125284225,-0.122133066,0.002840437,0.006086574,0.075540632,-0.027313997,-0.009793001,0.005960583,-0.055349161,0.041124225,0.082553513,-0.012152221,0.009791738,0.020935926,0.006933302,0.060605417,0.025147363,0.069341289,-0.08657982,0.080785633,0.146130253,0.150456677,0.040514327,-0.085544299,0.060445708,0.165601041,0.039733772,0.090724198,-0.131844313,-0.025433294,-0.054458347,0.088377825,-0.042291385,0.054457839,-0.013935711,0.09252094,-0.064691772,0.039364707,0.050643325,-0.113723688,0.066943979,-0.044052503,0.088446156,0.057082611,0.012669126,0.122212433,-0.01413625,0.047032984,-0.073130214,0.03940818,0.038077358,0.053267679,-0.002103674,0.0790017,-0.010660569,-0.048766135,-0.009917033,-0.062783196,-0.022502748,0.037135849,0.019971718,-0.08142558,0.008977371,0.023120203,-0.087213048,-0.006642741,0.009578618,-0.049184246,0.067545485,-0.03269175,0.075969606,-0.081576546,0.030492707,0.044598916,-0.012225736,0.058456067,1.04451E-14
01ADL0040,-10.66011555,2.055735971,-1.437615089,3.251232526,1.220718435,0.933746553,-0.83075844,-2.405392819,-2.297346261,0.49009527,-1.436504107,0.280654717,0.354900274,-1.260319404,-0.4949779,0.047632784,0.010124388,-0.444413246,1.24870773,0.311162619,0.121113349,-0.331823092,0.35276038,-0.673596143,0.081521669,-0.243307131,-0.020685638,0.313613384,-0.145217799,-0.065373397,-0.154349741,0.553065612,0.026563766,-0.060472801,-0.007165147,0.367201973,0.145379006,0.137735158,-0.168885175,0.374770609,-0.504268038,0.373428053,0.242737559,0.097461399,0.155731978,-0.097122045,0.570500581,-0.232419388,0.23295558,0.171540999,0.078229823,-0.037212276,-0.370236842,-0.416557229,0.028749616,-0.240482973,-0.192084467,0.011885322,-0.150552566,0.035126335,0.173649325,0.024837794,0.032819331,0.08126835,0.264361122,-0.096276746,-0.000352487,-0.089951551,0.044123679,0.17399299,0.173023097,-0.175725892,-0.014789413,0.05680563,-0.132286527,0.007012504,0.378993519,0.218412078,0.132052932,0.363298952,-0.049925665,0.090400881,0.19936817,0.020654821,0.079493211,-0.100988368,-0.06911292,0.186358069,0.06621334,-0.058893963,-0.112555388,0.059636967,-0.169553316,0.152111727,-0.005206325,0.146292544,-0.141118798,0.024071509,0.037676715,-0.258569049,0.011887929,0.04917141,0.000814791,0.124891867,-0.178658246,-0.014095415,-0.035687479,-0.000623962,-0.070259815,-0.024783729,-0.029850432,0.037657917,-0.150093135,0.038306164,-0.00229765,0.074825947,0.035971072,0.020327624,0.20702635,0.096988161,-0.024775951,-0.006143204,0.001252681,0.043252233,-0.021936257,-0.01180624,0.011499644,0.057236851,-0.17185249,-0.028981603,-0.098279806,-0.084147258,0.048604472,-0.022639137,-0.003144353,0.060815916,0.002002317,-0.080683891,-0.033933859,-0.038676021,-0.086297537,-0.041745385,-0.045443459,-0.04282857,0.106448159,-0.034590855,-0.038246099,-0.055307486,-0.034928519,0.153652967,0.033335752,-0.094110035,0.008749781,0.039936394,0.022146051,0.078953105,0.157593085,-0.028874091,0.10176923,-0.057656183,-0.015563564,0.074511232,0.001188978,0.031070373,-0.039308557,0.010229621,0.028038697,-0.067423173,0.141485495,-0.036717424,0.029882164,0.025291951,-0.022658088,0.003558534,0.062269596,-0.032823603,-0.01853751,0.005649416,-0.004351841,-0.032906578,0.013262412,-0.037841996,0.008115369,-0.053260923,-0.010289956,-0.019222557,-0.0033291,-0.026393734,0.011570927,-1.05783E-13
01ADL0043,-2.521112011,0.486024039,-1.683209137,3.899236019,1.272053813,-0.966809486,0.586280716,-0.108159113,0.443300343,0.886648042,-1.566165282,-1.058505908,0.739923361,-0.515618897,-0.337080857,-0.806658458,-0.116257265,-0.294937842,0.031504366,0.197390895,-0.091923734,0.045184214,-0.440263842,-0.182053953,0.413791978,0.6601506,0.16780378,0.046933147,-0.143400396,-0.064092184,0.01337717,0.255074637,0.154508283,-0.403263826,-0.279325336,0.226316831,-0.021710969,-0.127227266,-0.166653914,0.271405248,0.074234117,-0.431041437,0.277227076,0.120119925,-0.091827482,0.089763965,-0.083919936,-0.06968207,-0.126639487,-0.153222326,-0.062682655,-0.049539142,0.156631515,-0.07132969,0.05620885,0.05421204,-0.018041049,0.070467797,0.003958113,-0.13938698,-0.149945269,-0.300759449,-0.018612096,-0.060511284,-0.16090906,-0.121595546,0.233655758,0.060538028,0.08213264,-0.177620985,0.049472814,0.103307744,0.158150854,0.03304747,-0.310142193,0.055405738,0.160579302,-0.20412514,0.056109543,0.054751756,0.123006914,0.151889312,0.164257707,0.136688548,0.098871085,-0.036829017,0.117246477,-0.038944399,0.03703412,-0.034487493,0.068854009,0.02858689,-0.078257591,0.062043063,0.023160769,0.058717204,0.020313781,0.167765133,-0.060241134,-0.004046831,-0.046775832,-0.080647576,0.032734901,-0.073837052,-0.070678432,0.004104301,-0.077761203,-0.201011897,0.048637084,0.079172755,-0.253774829,0.150440664,-0.062612527,0.041217934,0.059620187,-0.000144739,0.037110272,-0.007052806,-0.013594698,0.109945806,0.055701401,-0.089992372,0.100660252,0.002365546,-0.165984282,-0.060980866,-0.080660691,-0.135914899,0.109172767,0.023113076,-0.030735386,0.160155126,0.008372872,-0.019395188,-0.13470382,-0.026426435,-0.172569942,0.053653963,-0.269804041,-0.013403192,0.052777361,0.084782025,-0.147868743,0.009450959,-0.013708491,0.048131742,0.098483234,-0.020638251,0.037531262,-0.060922577,-0.088025111,0.18130746,-0.027605411,0.086115639,-0.036359587,-0.03997577,-0.062180279,-0.029493884,0.124501521,-0.027970348,0.050685371,0.008776745,0.027101198,-0.04954536,0.049687243,0.041274291,-0.158856588,-0.053029486,-0.017102236,-0.035356494,0.07743181,0.07500053,0.030808274,-0.107992634,-0.067646648,0.036214089,-0.023050591,0.059306626,-0.034851024,-0.014983667,0.049036138,0.024323017,-0.093513847,-0.058033607,-0.001063445,-0.034356261,-0.055586128,0.046567737,-0.022033744,1.05335E-14
01ADL0047,17.52192054,-2.743068556,2.550305843,3.750182754,0.338538907,-3.298639753,1.340652196,1.512689302,0.073160769,-0.625433556,-0.890927922,0.716494266,-1.121734995,0.092903633,-0.517125352,-0.26834633,-0.199628314,-0.774209891,0.599891421,-0.237874785,0.021676079,-0.097317665,-0.122987471,-0.064993713,0.881374344,-0.174630393,0.116703123,-0.062373278,0.574863925,-0.022239758,0.11823578,0.226688728,0.033733157,0.028318124,0.142199816,0.24143022,-0.309469625,-0.418561308,0.132713621,0.125724976,-0.121607046,-0.033823883,0.330417302,-0.00043622,0.12555062,-0.351382043,0.044582338,0.06333246,0.08882424,-0.152223237,0.013481673,-0.106319281,0.251305825,-0.041198033,0.215320638,-0.028527226,-0.04689455,0.167351757,-0.01841528,0.042682918,-0.22684483,0.093662455,-0.096277955,0.129488375,0.013194268,-0.097909105,-0.033698392,0.08843497,0.059526337,-0.116004707,0.10634963,-0.174967293,-0.118750681,-0.225510933,0.075281654,-0.039290867,-0.043208809,0.03722154,-0.117465233,-0.091250385,0.029128955,-0.00808229,0.101992451,-0.169099957,-0.240865164,0.037243817,-0.049516899,-0.154651713,-0.063038846,0.085201765,-0.164366707,0.089559179,-0.154365574,-0.028776992,-0.091571004,0.008732194,0.041616431,-0.026623526,-0.081266562,0.091791684,-0.035306292,-0.082917172,0.109650861,0.129965848,0.127160818,-0.053852369,0.028023609,-0.044420055,-0.069592591,-0.001108924,0.086100547,-0.069050911,0.017810041,0.163432888,0.020002023,0.05085774,0.154655771,0.003423799,0.021929013,-0.025026945,-0.037838032,-0.007186523,-0.019058824,-0.057700126,0.050881515,-0.070994785,0.037996351,0.063168825,0.095386957,0.095719238,0.129278265,-0.110536816,0.122128229,-0.058077384,0.045857967,0.047455443,0.137280433,0.118656552,-0.009845171,-0.089909595,0.029078735,0.028910199,0.057015989,-0.059860748,-0.050061916,0.013798646,-0.108513707,-0.013220319,-0.008061595,0.05586024,0.000921852,0.054042764,-0.027303826,0.143550813,0.086841265,0.013721116,-0.112036096,0.02976532,-0.058120621,-0.025834447,-0.06714938,0.080881455,0.077197705,-0.015009537,-0.003552196,-0.043193531,0.118978123,-0.025636478,0.047812892,0.081116378,0.126677635,0.100835031,-0.111087339,-0.032309441,0.019574176,0.003041018,0.057933301,-0.03491234,-0.132307752,0.066838105,0.116405406,-0.095941469,-0.118828125,-0.017431707,0.099374728,0.087621192,-0.041594248,0.093881572,-0.057000353,5.61654E-14
01ADL0048,3.841527353,0.298774603,6.132813825,4.476004213,-1.793222609,-0.434845809,-0.340515962,1.928834147,-0.947764748,-1.346479623,-1.299422855,0.111396136,0.667461903,0.077685289,-0.876655028,0.45916364,0.503411987,0.16933173,0.114262402,0.564471713,0.053232758,0.494842464,0.154463203,0.490320145,-0.254071151,0.294525858,-0.173302497,0.329006355,-0.192743355,-0.098031022,0.520572674,0.944097942,-0.143809315,0.396289255,0.249528191,0.720659256,-0.120345469,-0.542012435,0.344867124,0.597579187,-0.277323893,-0.126171679,0.100031977,-0.182525597,-0.185423433,0.013635368,0.22372303,-0.052933371,-0.013090423,-0.268412102,-0.374117332,0.039217753,-0.231195577,0.023570665,-0.276502053,0.059343288,0.290475239,0.303974735,-0.057792225,-0.03701423,0.159452735,-0.201134367,-0.103289753,-0.217274747,-0.168040021,-0.111198277,-0.013045523,0.012404582,-0.075860803,0.020932478,-0.094994066,-0.094929882,0.156863395,0.296062521,-0.162993496,0.115538446,0.152944148,-0.156240633,-0.148656171,-0.075039165,0.104868428,0.052304278,-0.121957546,-0.01478578,-0.130885166,-0.096526045,0.211737598,0.000997381,0.144855573,-0.080059232,0.069538289,0.054735342,0.119792255,-0.058786991,-0.088666295,0.062218404,0.274337831,-0.109737915,-0.098241048,-0.070749391,-0.053471882,-0.27690709,-0.054721908,-0.05530832,-0.0029434,0.148796737,0.057343757,0.046580773,0.10104863,0.056643622,0.042078664,-0.054921832,0.114027731,-0.081439459,-0.08772284,0.083264622,0.156170234,-0.0390669,-0.062845876,0.003447725,-0.088293182,0.123268423,0.021436122,0.032749391,-0.037171169,-0.013660425,0.099034045,0.012010152,0.043828667,0.026825365,0.069049479,0.059014356,0.064290369,-0.178037186,0.011669791,0.012812943,-0.101717724,-0.07810448,0.153450177,0.043783295,-0.109453203,0.01591533,-0.028952218,0.025511259,-0.067788726,-0.060947202,0.047962374,0.010814913,0.051097766,0.005369176,0.078812528,-0.073438186,0.104699028,-0.039739331,0.028234206,0.000104618,0.059037145,0.062927225,0.003131178,-0.003317286,-0.017055237,-0.001053142,0.068826803,0.084600832,0.017839018,-0.046140297,0.04024615,-0.025003902,-0.123940265,-0.006588014,-0.024003134,0.035101468,-0.019942991,0.087610172,0.033711122,-0.005899439,-0.063761953,0.025379361,0.033847097,0.028321161,0.068847463,0.016948595,0.051103873,-0.010103129,-0.059018507,0.034669848,-0.008704419,0.007633497,0.028629115,7.60254E-15
01ADL0049,5.390006324,-0.493877248,-0.522850629,3.276167083,-2.393126185,-2.710088935,-1.915922498,0.810002838,-0.093010486,-0.918139579,0.861231219,-0.789933338,0.456911617,-0.317089449,0.187774806,0.816138045,0.384391134,0.866872081,0.761245091,-0.193421316,-0.063754793,-0.382121103,-0.462386132,-0.226688016,0.085108847,0.551724347,-0.298128636,0.54946171,-0.347705032,0.411652669,0.319213196,0.126606877,-0.452441049,-0.18462476,0.204919574,-0.07138188,-0.061943187,0.512059446,-0.092450688,0.097918348,-0.237545548,-0.252096475,0.023199063,0.069081855,-0.212301247,-0.022386853,-0.17164379,-0.168526776,0.598869617,0.015668671,0.094347121,0.165223934,0.293841272,-0.108568609,0.013718881,-0.209496232,-0.309181423,0.011127286,0.256010974,0.10397875,-0.091055518,-0.101607893,-0.029278508,0.134765497,-0.267896881,-0.022846794,-0.239830694,0.207406113,-0.137283653,0.112390361,0.041554477,0.03417439,-0.249210967,0.034464788,-0.027828812,-0.053271968,0.011011141,-0.039693274,-0.030865427,-0.07229808,-0.203582516,-0.115962961,0.056625273,-0.112075231,-0.11838757,-0.092374338,-0.006580511,-0.070327537,-0.11219904,-0.02318411,0.150247288,-0.213675975,0.133576168,-0.061094611,0.074008318,-0.062189073,-0.063577039,-0.124646342,0.13594876,0.02681043,-0.099909514,0.078520448,-0.077122745,0.084790504,-0.032827964,0.264284421,0.01501123,0.090442977,-0.061333919,0.248790846,0.104001479,0.058615063,-0.034451497,-0.294138688,0.060683101,-0.073962434,-0.076408822,-0.103380627,0.134774132,0.080921118,0.106241958,-0.010864318,0.010346668,-0.121599015,0.195922358,0.004276141,-0.063495493,-0.005197581,0.003702149,0.046824563,-0.064547818,0.004597799,0.069811313,-0.111645886,0.119902576,0.132974685,0.028679083,-0.035911499,-0.063203674,-0.065169038,0.189078418,-0.054053717,-0.006443218,0.057176899,-0.008846064,0.026518572,0.178027884,-0.032012782,0.018058545,0.017056652,-0.015901916,-0.00342681,0.052642342,0.07033702,0.01939336,0.016268608,0.020801768,-0.047839728,-0.055485741,-0.06809417,0.11335968,-0.016771677,0.040499948,0.02110513,0.073999322,-0.000543845,-0.068664677,-0.009892556,0.024927318,0.001596121,-0.026575324,-0.014746807,-0.058700678,0.064234639,0.009661983,-0.035693402,-0.075557137,0.072051875,-0.045114133,0.025765125,-0.047292054,-0.005577507,-0.062318096,-0.035926733,0.00569681,0.032487065,0.019189009,0.033207676,0.00058828,2.34882E-14
01ADL0051,-8.719914832,3.701747604,-4.147414444,4.775785652,-1.164514207,-0.195041442,-0.518961881,3.789312123,-0.9051087,0.873068765,-1.836936956,-0.634956296,-0.05560566,0.784136052,0.086261848,-0.349581324,-0.09160629,0.706272224,-0.540712014,-0.432580852,0.209719159,-0.344427321,0.117393622,0.920440198,0.381195107,0.044238282,-0.49217545,0.353790449,-0.48477237,-0.324716485,-0.276905359,-0.451792227,0.85288682,0.213441646,-0.151071594,-0.083529629,-0.249682672,-0.208728835,-0.342457177,-0.105427367,0.188620634,0.014628118,0.200071001,-0.11347034,-0.178061056,0.134086197,-0.175892197,-0.256154316,-0.314529185,-0.100123019,-0.240041125,-0.146872176,0.158988185,-0.087595455,-0.351312124,0.16535729,-0.090292623,-0.138504526,0.125310422,0.051220541,-0.0447094,-0.214215372,0.166897217,0.088310684,0.052822294,0.110518101,0.113723837,-0.147376016,-0.173761461,0.217225407,-0.122593633,-0.090849304,0.26874925,0.083081151,0.114872041,0.026116459,0.036149382,-0.219534458,-0.028831202,0.010262598,-0.092220933,-0.130626235,0.021216156,0.229658649,0.002312592,-0.073091568,0.050730151,-0.067159941,0.002345124,0.014899047,-0.004375348,-0.050823439,-0.148153581,0.255800668,0.167068425,-0.11693395,-0.065298615,-0.152434271,-0.131131557,-0.110360743,0.105469342,-0.010188288,-0.066386771,0.016406418,0.010312477,0.001993112,0.055399154,-0.018478768,0.126589871,-0.057797467,0.215385078,0.04951058,0.076421451,0.096287486,-0.130298519,-0.036476825,0.013536106,0.021164672,-0.003179921,0.136436612,-0.027715554,-0.045903664,0.009233141,-0.089252747,-0.047735043,-0.129925352,0.031105306,-0.062217429,-0.091586414,0.000885995,-0.125140409,-0.112090999,0.072043656,0.026236374,0.051972119,-0.016881625,-0.001243169,0.154563754,-0.036389009,-0.059781018,0.057250256,-0.060429381,0.108631604,0.035639938,0.024185523,-0.009762191,-0.048019744,-0.005110706,-0.066896316,0.064522813,0.020209923,-0.049959502,0.10962219,0.02711527,0.012424566,-0.052194673,-0.070039131,-0.030845678,-0.056168749,-0.018346537,0.033695091,-0.009814226,-0.095775472,0.095504468,-0.019086737,0.22760026,0.03307433,0.062877914,0.026862158,0.019805045,0.030640503,-0.046397739,-0.067215602,0.037615441,0.049122082,0.043110897,-0.07023513,-0.022015982,0.078082371,-0.026349833,-0.018569361,-0.067563396,-0.039986915,-0.054401883,-0.033194665,-0.003952274,-0.01711969,0.01307627,-0.071925561,2.82758E-14
01ADL0054,7.813312556,-0.633101778,-4.983546163,2.904353867,1.05869073,-1.152183173,-0.975662752,-1.984497008,0.017677476,0.224036029,-1.450946596,-1.149861477,-0.354826404,-1.011525169,0.522376559,-0.039682031,-0.433783827,0.017948988,0.330964725,0.0976188,0.014819654,-0.766304151,-0.878271697,0.402139758,0.311441878,-0.006247733,-0.750871604,0.027292374,0.081028257,0.220444739,0.279745566,-0.376511508,0.061745955,0.109593979,0.044710217,0.11725507,-0.669777565,0.146014336,-0.478292751,-0.116595595,0.112761522,0.073743218,-0.246498108,0.077635463,0.082601435,-0.28027148,-0.007388261,0.106046263,-0.121441676,0.084591379,0.04054178,0.03021653,0.149960538,0.173890408,-0.013433533,-0.219213844,-0.05108885,0.082091779,0.004009156,-0.01788216,0.048150833,0.022831838,0.065748683,0.025834452,-0.142014346,-0.018114767,-0.171545832,-0.006617995,-0.183199681,-0.070876205,0.071560942,0.044325882,-0.147900986,-0.109270335,0.057160149,0.100631022,0.162502627,-0.036413357,-0.109889671,0.064450223,-0.044598814,0.110192519,0.005865301,0.012884463,-0.099449615,0.001995777,-0.077534028,-0.037778458,0.044404962,-0.155065016,-0.181025372,-0.027662316,0.018541431,0.081013514,-0.062514183,-0.062192739,-0.078889911,-0.151674581,-0.085482343,-0.156770437,0.128238619,0.041596147,-0.059226826,-0.106132798,0.091054168,0.109291117,-0.09584157,-0.006735269,-0.036277351,0.032626375,-0.10819966,-0.099365744,-0.031518377,0.16714351,0.071482587,-0.116561099,-0.066684865,0.004416331,0.035664193,0.015330914,0.030648408,-0.079286117,0.118971898,-0.107329093,-0.175215762,-0.011468839,0.005350657,0.105793463,-0.083317818,-0.04740064,-0.050070816,0.073209561,0.095896382,-0.05155775,0.011573202,-0.099430319,-0.037012277,0.137679068,0.003070748,-0.00853022,-0.020454733,0.052351117,-0.093773273,-0.011189449,-0.088172486,-0.026056581,0.107626173,0.266329834,0.057874012,0.02438225,0.150024031,0.037366205,-0.032847028,-0.037816085,-0.027940581,-0.058158728,0.130325155,0.026617739,-0.111877262,0.02283784,0.024727821,0.079851244,0.008626323,0.050793131,-0.010058938,-0.121618968,0.098083848,0.127853843,-0.030124514,0.028195451,-0.106652276,0.068140261,0.041679772,-0.039040947,0.012591088,-0.051142582,-0.018419871,-0.078336264,-0.007571312,-0.004005857,0.068175061,0.12716966,0.045865293,0.105527746,0.045934363,-0.117806941,0.02059375,0.006808002,-0.020332222,-1.36866E-14
01ADL0056,-0.260336907,-2.824095101,0.4922748,3.3880682,4.344186758,0.834891388,1.275120599,0.583245487,0.289246665,-0.197402247,-1.056986496,-0.736809406,-1.137464987,-0.91310782,0.200331148,1.093721065,-0.18860327,-0.578370819,0.655969085,0.233596218,-0.436615992,0.05738138,-0.043303044,-0.254833255,-0.462608098,-0.632326525,-0.371214464,-0.483710365,-0.461870574,0.199477104,0.36746328,-0.161946876,-0.197454784,-0.225915482,-0.161953662,0.06360599,-0.178740948,-0.298018904,0.11118846,-0.082956088,0.254658184,-0.200318761,-0.271223531,0.127022142,0.059298965,0.320902204,-0.039489244,0.357735861,0.012593252,0.72455925,-0.15025496,-0.049807667,-0.070662537,0.144398964,0.240188413,0.455326484,0.089351803,0.016049152,-0.119042696,0.020543228,0.269053232,-0.169686096,0.264308569,0.073282079,-0.030806265,-0.116557243,0.215052424,-0.037388125,-0.215833278,0.241944622,0.008259648,-0.001293394,-0.069051276,-0.357409344,-0.138694348,0.068211275,-0.0648551,0.201027057,-0.257372683,0.268788017,-0.107279228,-0.197773776,-0.022770772,0.162701254,-0.118899924,-0.046896481,0.019363441,-0.06990889,-0.12371172,-0.171589756,0.160994593,-0.128078297,0.020156357,-0.057699412,0.174616144,0.116027532,0.086464693,-0.087816843,-0.079642848,0.023846593,-0.063884715,-0.207562384,-0.192410691,0.066597784,0.034501056,0.148390303,-0.023658438,-0.162522569,-0.052673832,-0.140667915,-0.071886376,-0.166578275,0.126175789,-0.166837207,0.038395303,0.106826475,0.006063259,0.013507143,-0.068447777,-0.082139546,-0.123117733,-0.108140063,-0.008216955,0.039917906,0.021362593,0.029124432,0.075020563,-0.041415064,-0.109082932,-0.120032048,0.059286531,-0.016815303,-0.066895989,-0.020159525,-0.040075139,0.019771196,0.142432138,0.13290243,-0.040956802,0.032814405,0.026312924,-0.117817204,-0.018380808,-0.027400705,-0.057039133,0.006490485,0.075197714,-0.141473689,-0.054853971,0.017083279,-0.077691082,-0.045040729,-0.041219343,-0.031737651,0.004609335,-0.065013803,-0.021174849,-0.016537173,0.068391534,-0.079155209,-0.041428141,-0.006826658,0.03281437,-0.038011545,-0.036403978,-0.015340651,0.005638661,0.040962871,0.064319198,-0.038708042,0.014100714,-0.043592011,-0.006504825,0.009669614,-0.035826979,0.042082792,0.003942492,0.057129698,-0.003326758,0.008724788,0.045584659,0.019028975,-0.019052583,0.013446012,0.029985413,-0.0379225,-0.023937195,-0.010215966,-0.006296997,-1.28608E-14
01ADL0057,1.783164843,-1.044476368,-0.762386516,3.354650456,3.393758017,-0.147272279,1.023804971,1.391563576,-2.546993992,0.870737195,0.755804143,1.117567094,1.245533425,0.232086178,0.389103485,-0.192088083,0.159513014,-0.414317256,0.175097679,-0.663392945,0.000877664,-0.795017796,0.100187725,-0.439160844,-0.312358036,-0.122069344,0.218534754,-0.307419656,0.086364719,0.210170161,-0.11235899,-0.935412566,-0.234461582,-0.351330404,-0.218938893,0.097933797,-0.108699418,0.264803607,0.160552107,0.274738942,-0.230400932,0.110666127,-0.11630272,0.276253241,-0.112045675,0.167674573,0.333673122,0.216818696,-0.243708467,0.056886732,0.020854893,0.113410238,0.209500885,0.21517757,0.171898565,0.049347702,-0.050697255,-0.091584094,-0.164804461,0.022182272,-0.211294864,0.121353429,0.161673639,-0.098304355,0.119892818,0.377043799,0.241243894,0.167590148,-0.241182632,0.437574643,0.281123124,-0.137227818,0.139145897,0.143177917,-0.155672828,-0.079678867,0.047164522,-0.096631958,-0.095406824,-0.144503237,-0.247265013,0.128859338,-0.024848881,-0.102337486,0.255363945,-0.009518825,0.171629758,0.035502576,0.189367952,-0.101035057,-0.070281711,0.118288026,-0.11002624,-0.00760416,-0.085683764,-0.104428171,0.130599911,-0.152408886,0.057992764,0.225388492,0.095191209,0.228031256,-0.050290106,0.051235484,0.058343555,0.015621633,-0.143998916,-0.128962839,-0.087918302,-0.020350317,-0.048853199,0.143534566,0.046566057,-0.042573779,-0.149733774,-0.076444239,0.171288733,-0.073703428,0.017721354,0.120503402,-0.034714711,-0.006314865,-0.012402598,0.111125927,0.072603468,-0.112757773,-0.022348038,0.086690747,0.071967898,0.026097692,0.183696856,0.064604568,0.096065043,-0.037903743,0.000650454,-0.077113429,0.052058384,-0.075489008,0.051439122,0.031010127,-0.040713061,0.050030459,-0.030409667,0.097785444,-0.011893659,0.03022289,0.01508882,0.0960429,0.022734372,0.076340087,-0.077719895,-0.055552234,0.013309791,-0.063489727,-0.063186496,0.002359302,0.041499771,0.060373914,0.025533348,0.097585609,0.04473268,-0.000246595,0.032513795,-0.066503261,0.084454013,-0.035640233,-0.003031151,0.062369466,-0.015315352,0.000680156,-0.000181471,-0.090427807,-0.086593888,0.028337738,-0.020901571,0.003543616,0.021138162,0.026347034,0.002956608,-0.009320797,-0.002486915,-0.068733894,-0.015041926,-0.027956269,0.01272119,-0.055022999,-0.033038296,0.029504859,0.020623822,2.53258E-14
01ADL0059,0.494917749,-0.351505266,4.72474969,4.10909778,1.07530076,-1.927315201,-1.359353149,0.620700131,-1.214631638,-0.166095668,-0.707024523,0.582101073,0.30987902,-0.235697981,-0.025762799,-0.122453083,-0.929030575,-0.68383777,0.486899487,-0.461216885,0.030228614,-0.114836439,0.022711448,0.025365707,-0.373790567,-0.007177992,0.335327449,-0.245797626,0.218061087,0.610985096,0.022000565,-0.115981496,0.151608485,-0.167920315,0.378162241,-0.403873216,-0.054160534,-0.247640909,0.070374051,0.475049989,0.222970285,-0.048515905,0.129534721,-0.137465229,0.311582659,0.015485935,-0.13813595,-0.273074186,0.059919446,-0.19187123,-0.283065039,-0.216869604,-0.022188863,-0.178446896,-0.016209893,-0.008449372,-0.111314285,-0.169067516,-0.102740085,-0.026504787,-0.198084317,0.164401207,0.108714173,-0.047992746,0.00789212,0.134489117,-0.253272015,0.210718251,-0.109668226,0.012888483,0.204840998,-0.195018659,-0.004165764,-0.221797739,-0.05055056,-0.025540833,-0.250733767,-0.208400033,-0.094521837,-0.096006882,0.037806063,-0.155733425,0.006444926,0.132924452,-0.145921251,-0.03078973,-0.019300717,0.056770811,0.058860881,0.167384045,0.081767728,-0.200847507,0.077960625,-0.040975914,-0.145534893,-0.033563,-0.155161066,0.016371719,-0.067236147,-0.000277968,0.048749588,-0.081091674,0.211434942,0.197192035,0.112015677,0.025549189,0.147021625,-0.012053159,0.075606852,-0.037271585,-0.235687207,-0.140537494,0.022184703,0.016260297,-0.028045306,0.286019751,-0.189676638,-0.055763635,0.067911475,0.103813676,-0.101437253,-0.035085452,0.066724485,0.053557155,-0.102798784,0.059816697,-0.08039208,0.100961867,0.004261174,-0.074014423,-0.123915187,-0.050556101,0.03731752,0.031839546,-0.076593134,0.048753195,-7.99749E-05,0.019436329,0.106784593,0.016820067,0.001370735,0.019188463,-0.098476641,0.08888799,-0.001096203,0.000506607,-0.070133999,0.095331524,-0.013146805,-0.025829379,-0.008805089,-0.034513603,0.063284856,0.055123063,-0.088088668,-0.120348329,-0.091515698,0.019749689,0.084930223,0.118323267,0.06499389,0.004187637,0.017397812,0.001520694,-0.035827497,-0.041571138,-0.011097893,-0.082048319,0.028136398,0.018664003,-0.062953191,-0.022618773,0.028033302,-0.068422734,-0.021714053,0.004519408,-0.092746648,0.046510643,-0.011871548,-0.047921414,-0.108662782,-0.067722674,0.092824402,-0.026614273,0.00070056,0.021326136,0.093837317,-0.01910979,0.085955184,2.47029E-14
01ADL0060,-5.655815186,0.766717058,-4.621577929,3.534914778,1.493796828,-0.864608157,-2.930451602,0.736234188,-0.104610152,-0.143738275,0.272332897,-0.334198387,0.832313086,-0.246944632,0.884745268,-0.650375328,0.185861564,-0.531927044,0.260807644,-0.240763895,-0.629605377,0.097123978,-0.530061336,-0.293910701,-0.09334651,0.12484319,0.300455053,0.122037481,-0.204286588,0.535965671,0.340846482,-0.327820979,0.337950225,-0.179497662,-0.195785345,0.270552502,0.648970828,0.351423591,-0.121691457,0.29271624,0.16582759,0.02636603,0.212464075,-0.211434312,-0.095067256,0.280934767,0.115388379,0.022530023,0.082362251,0.296855661,-0.003724195,-0.075866243,0.032218941,-0.058153006,0.071734598,-0.347833742,0.138996443,-0.015550381,-0.169443891,-0.025942118,0.026048278,-0.100604117,-0.298921721,0.087492241,0.03509345,-0.139538326,0.171509478,-0.368227056,-0.168314355,-0.074024795,0.083605445,-0.10268102,0.004156501,-0.111899839,-0.04401967,-0.258791877,-0.329690081,0.236709902,-0.088328051,-0.193808552,-0.116244929,0.129850573,-0.169120273,0.105912846,-0.164034562,0.188845357,0.11866439,-0.056571892,-0.168424578,-0.08106035,0.043669804,0.286125424,-0.118964049,-0.11809502,0.129614771,0.116085712,0.187985247,0.002786886,-0.092844786,-0.267359565,0.074906115,-0.098566711,0.065186984,0.093647358,-0.020653718,0.012868403,0.0258841,0.076706698,0.020767963,0.03078021,-0.047702297,0.062131913,0.055836562,0.030029876,0.024363521,-0.071832401,-0.082116312,0.137231735,-0.04569748,0.001158898,0.10616502,-0.010601934,0.114445981,0.00558216,-0.051128537,0.034020619,-0.047217799,0.156224356,-0.083913838,0.164395592,0.072687883,-0.070426149,0.013565495,0.052369206,0.065712694,-0.030094707,-0.04705798,-0.044802759,-0.011742551,0.130212791,-0.022138701,0.012513909,-0.018755793,-0.072120706,0.058825271,-0.025798516,0.040721199,-0.038990499,-0.037077635,-0.034107906,-0.082530448,-0.099254491,0.098927029,0.079996382,-0.127482291,0.004148191,-0.002427604,-0.095233033,-0.071114485,0.064856743,0.089428651,-0.009049228,-0.013369002,-0.021733,0.043390607,0.051960828,0.020457065,0.020675548,-0.076081996,0.032103622,-0.003755306,0.043744364,0.050480128,-0.006662493,-0.055646491,-0.102684979,0.061940577,-0.057703538,0.07046659,0.054937145,-0.013648864,0.014900777,-0.023837963,0.030960569,0.009476127,0.127539025,0.029477036,-0.011284623,-0.018544209,-1.74312E-14
01ADL0061,-3.137360126,-0.771911801,-3.99051134,4.191891577,2.460667861,-3.209619715,-0.944905696,-0.409615413,0.155583478,-0.694000139,-0.789161267,1.134671988,-0.133697262,0.058969245,-0.055666332,0.765372486,-0.706655366,-0.386780775,1.16659393,-0.244722883,-0.42982997,-0.227902653,-0.217664759,-0.511685308,-0.043419511,0.856014743,-0.407348613,-0.776743004,0.03035285,-0.152778583,-0.112769598,-0.432001768,-0.076513203,-0.072581128,-0.00471577,-0.111681152,0.48874199,0.373691406,0.184311442,-0.113108925,-0.145875867,-0.058978501,0.129078879,-0.176938142,0.090795441,0.403661769,0.359325071,-0.001491941,-0.168125236,0.009646148,-0.170288898,-0.028353266,0.009371326,-0.250847811,-0.512250791,-0.179076568,-0.031400458,-0.179054516,-0.054777283,-0.047456304,0.134134726,0.149458199,0.083330515,0.05777299,0.059910626,0.244450349,-0.124205152,-0.294588152,0.107487707,-0.18302351,0.41671802,0.384289429,-0.00504677,-0.226946586,0.055219146,0.060344046,-0.044981284,-0.191698577,0.049335782,0.146105963,0.295962763,0.035906742,0.043328426,-0.289494222,0.018395304,-0.085936156,0.144664451,-0.08544408,0.063722756,-0.078859817,0.119354328,-0.105695889,0.092540914,-0.063752238,-0.171226029,0.034943639,0.091432075,-0.132802078,0.097990738,0.007462024,-0.029498024,0.094179786,0.074504068,-0.157552779,-0.135433244,0.063474194,-0.068082521,0.117392011,0.007675824,-0.064014829,0.229347867,-0.046306255,-0.022022048,0.087945701,-0.028781318,-0.064702348,-0.002439787,0.113466088,-0.068409537,-0.178091722,-0.02847908,-0.071004358,-0.066309697,-0.075022064,-0.143020552,0.04851244,-0.016454285,-0.068013284,-0.034521697,0.054032457,-0.068958123,-0.001554718,0.00847653,-0.070953688,0.049493049,0.062724868,0.023902052,0.083832631,-0.020243801,0.103722317,-0.153140019,-0.040502612,0.132455283,0.03341146,-0.140456468,0.021129268,-0.006998919,-0.068068266,0.017288448,-0.046134173,-0.075621,0.038294245,-0.022511927,-0.010438897,0.081062523,0.018081052,-0.028959021,0.041370124,-0.01048225,0.009485709,0.012547673,-0.013759892,0.058088071,0.032567932,0.056724688,-0.040250717,-0.01253135,0.027594018,-0.023264959,-0.04584678,0.016016915,-0.025929789,0.052087747,-0.00531639,-0.034189542,0.029688912,-0.024529698,-0.050476351,-0.028275629,-0.086738857,-0.042400108,-0.010799823,-0.012353165,-0.112867718,-0.00369719,0.010805887,-0.02203261,0.026839116,-0.003387781,-5.3224E-15
01ADL0062,12.00000801,1.120692223,2.023773144,3.860148463,-2.677091834,-0.224192496,-0.637658506,2.109284478,-2.565364139,0.987407034,-1.273180055,0.063011768,0.1087811,-0.499469106,-0.10854398,-0.159599727,-0.108548322,-0.184660572,0.190448975,-0.480147337,1.001709201,0.1836263,0.138546808,0.936828429,-0.735984657,0.250602744,0.295893609,-0.163698537,0.113630854,0.222685388,-0.104436377,-0.503719156,0.413069996,-0.072336451,-0.110182179,0.053037848,-0.559189242,0.271232485,-0.200669312,-0.070960083,0.092778431,-0.068414979,-0.053262968,-0.176839166,0.094777529,0.002953627,0.018182407,-0.138431206,-0.133661278,0.001957957,0.001463016,-0.205488348,-0.048768823,-0.005719956,-0.203503837,-0.272704892,-0.069735628,-0.090153961,-0.318571055,-0.132572152,-0.04276357,-0.095035445,0.098614709,0.05231246,0.01109969,0.091344231,0.090993612,-0.061238402,-0.124142294,0.023192147,7.1509E-05,-0.031939155,-0.094338224,0.062406673,0.059466586,-0.221826806,0.10836411,-0.099251641,0.111732875,0.009635564,0.043285719,0.031542094,0.174815263,0.09241532,-0.051831229,0.125111009,-0.091595148,-0.057366388,0.205755218,-0.060215294,0.003338655,0.075897615,0.069735422,0.175559158,-0.05852732,-0.072077353,0.113185445,0.033297116,0.050055763,-0.060837352,-0.042115784,0.023194608,0.095356613,0.11345278,0.016956887,0.052552553,0.025502886,0.115131411,0.018767273,0.041583494,-0.075488193,0.007889601,-0.081259815,-0.101190872,0.066994426,-0.062635591,-0.124455693,-0.068992973,0.077260152,-0.131634917,0.015398384,0.014779312,-0.04511241,0.089684505,0.061516118,-0.00538897,-0.02470555,0.052827824,0.075940349,-0.04058386,0.024300996,-0.028186891,-0.006308875,-0.03590093,0.082967276,0.000429208,0.171735072,-0.022036446,0.001998209,-0.001511854,-0.033628347,0.052610472,0.129713493,-0.200361366,-0.087299163,0.037182474,0.100031306,-0.107078093,0.039491367,-0.018211497,-0.03981743,0.041158211,-0.086914934,-0.065303651,-0.03794768,0.082547119,-0.074743484,0.047624548,-0.009822307,-0.11325919,-0.148780378,-0.119692461,-0.074451562,-0.104688606,-0.203801314,0.008730872,-0.184954542,-0.017976031,-0.08423308,0.078065056,0.017158211,-0.000575221,-0.030490306,-0.052483045,0.093514208,-0.058612528,0.001945678,0.041088903,-0.00834541,0.022110622,0.121535095,0.078951162,0.047944005,0.028330755,-0.049304003,0.027022503,-0.009628659,-0.015791904,0.086659257,5.24713E-14
01ADL0063,18.51340698,-1.839874022,-5.764733497,3.866521803,-2.053770296,-2.530510076,0.495417751,0.333821383,0.912145228,1.265335707,0.586147371,0.668664414,0.786516947,0.277874207,-0.75430999,0.318273745,1.096726467,-0.196618183,-0.242051219,-0.077591502,-0.037686849,-0.626128509,-0.127969972,-0.655803417,0.640978727,-0.212783729,-0.538041771,0.206048428,0.017605959,-0.042239527,0.342663599,0.352242141,0.21129423,0.004129173,-0.029106747,-0.408761312,0.192490777,0.072324351,0.033267457,0.167268868,-0.063116527,-0.577313008,-0.354043137,-0.227806959,-0.009945541,0.487407802,-0.028793592,-0.055976566,0.055035656,-0.220299669,-0.04592204,-0.268485457,0.276620117,0.277956188,-0.345149298,-0.140750582,0.019189061,0.078221043,0.104875756,-0.293999501,-0.107286719,-0.149506838,-0.053570527,-0.079184004,0.136238062,-0.048825039,-0.04755397,0.058874572,0.05995133,0.21756315,-0.006341483,-0.084036742,-0.050718121,-0.031329904,0.099900648,0.058524068,-0.154238533,-0.223995146,-0.037002606,0.079246568,0.03877031,-0.104397256,0.00485347,0.143971899,0.121730433,-0.092350534,-0.024540868,0.079513414,-0.02266065,0.069151418,0.082541731,0.01157334,0.003181944,-0.059154369,0.047179712,0.105052738,0.046106205,-0.100823216,0.09898978,0.02198869,0.066382584,0.057658615,-0.05345465,0.109880434,-0.05901924,-0.089829126,-0.016146336,-0.044274205,-0.083208236,0.072192422,-0.040192296,0.100018935,-0.016320078,-0.004529893,-0.011209319,0.097183748,-0.060730604,-0.060444469,-0.043365209,-0.102655052,0.017349156,0.036827636,-0.056687793,0.032252089,-0.025941016,0.01618079,0.12523317,0.026097786,-0.010127762,0.00865869,0.107842729,-0.066920301,-0.070790354,0.071854869,-0.006940603,0.071223307,-0.036776045,-0.053031634,-0.11939836,-0.071981037,-0.119594749,0.007613356,0.026412734,0.105208904,-0.032479197,-0.012942642,-0.172783002,-0.021884929,-0.025661949,0.018660877,-0.04181361,0.035688193,-0.005046844,0.164518014,-0.029647876,0.160332614,0.110877799,-0.013625009,-0.086387325,0.078897948,-0.053996559,0.086463571,0.005144832,0.116028913,-0.170034749,-0.002071579,-0.01062385,-0.023690918,0.016526775,-0.021471563,-0.101421693,-0.0276936,0.035367225,0.014658044,-0.016236296,0.081604243,0.070489151,0.063700461,0.041823128,0.01102129,0.054803937,0.087397248,-0.091929961,0.138026882,0.090039056,-0.072951947,0.015991588,-0.045202012,0.074171735,4.35489E-14
01ADL0065,-4.38026866,2.553399482,2.894063078,1.981578713,-2.75936533,-0.648728385,0.96862984,-2.477848193,-1.493549366,-0.351906636,-0.011923448,-0.548059884,-0.148709914,-2.219181087,-0.668613065,-1.004332332,-0.232073221,0.322499219,0.755341392,-0.301057908,1.013684861,0.451057353,0.193437016,0.453174962,0.28460472,0.45757996,-0.502901365,-0.250793606,0.265658588,-0.557079782,0.420379096,-0.099585957,0.006433819,-0.489223382,0.177514925,-0.704437658,-0.589803583,-0.17007208,-0.569662652,0.040684903,0.20381518,-0.093699698,-0.04763092,0.360734708,0.19097018,-0.045870344,-0.293026149,-0.188895371,0.283932847,0.189730492,-0.114638453,-0.029998556,0.100806396,0.099371553,0.00892376,0.024789718,0.002478314,0.07110415,-0.283827301,0.131822619,0.318948343,0.288236047,0.13858498,-0.172365643,-0.201461879,-0.032548371,0.226283868,-0.055519147,-0.137591663,-0.022131517,-0.094610967,0.051331811,0.003405063,0.178705714,0.269669565,-0.025775938,0.142942094,0.119098048,-0.267873283,-0.194509046,-0.10373698,-0.042735236,0.094554916,0.050033039,0.263437833,0.147625323,-0.083648455,-0.049274491,-0.07007553,-0.028998172,-0.066171008,0.082744646,0.061748044,-0.123629471,0.006335666,0.01699519,0.016475991,0.011467742,0.205938104,0.13960508,0.001548737,-0.119541459,-0.018620456,-0.005739258,-0.034581138,-0.146822153,0.094164826,0.058530608,0.030585254,-0.065765394,0.003714144,0.158680055,0.016328308,0.063978443,-0.152676654,-0.021707561,-0.009232523,-0.030336097,0.04460018,0.066259412,-0.077850878,-0.069630941,-0.130536727,-0.068713128,0.061874005,0.068440352,-0.065817786,-0.023163944,-0.065696795,0.061187281,0.00515116,-0.004615518,0.030762656,-0.134583448,0.019831528,0.111506588,-0.037415211,0.016246557,0.075161257,0.100383164,-0.105552669,-0.001092466,-0.002313614,0.113847179,-0.069295354,-0.017313653,-0.084535249,-0.121073984,-0.030975826,-0.133831677,0.034748156,-0.006819647,0.073593008,0.047053686,0.010668122,-0.01087769,0.050623914,-0.033234205,0.068712065,0.092722316,0.075693577,0.006079726,-0.02672581,-0.104030676,0.006150016,0.00958746,0.031968388,-0.052982471,0.022499982,-0.070623255,-0.05740704,0.058882124,0.080453885,-0.02125139,0.056751435,0.026074189,0.050648839,-0.064393621,-0.017292664,0.039433601,-0.01710482,0.072595409,-0.076779266,-0.022969905,-0.055348345,0.031793864,-0.031810225,0.013514248,-0.023937259,9.78838E-15
01ADL0066,-2.791261003,1.874615012,-1.92847614,1.576905816,-0.429876075,0.723244678,-1.171676341,-1.964446592,-3.077325526,0.323410003,1.998559186,0.269326736,-1.130150229,-0.349078077,-0.722550657,-0.669903306,1.928890115,-0.695817614,0.918775101,-0.997979964,0.404641679,0.091211438,-0.111097197,-0.041973308,-0.428434414,-0.122804565,-0.793612468,-0.362820572,0.571016935,0.262085051,0.321282887,-0.429999367,-0.010823817,-0.659878663,0.117514971,0.157830641,0.306905723,-0.182686769,-0.243515703,0.028161568,0.186374895,0.050028261,0.041039751,-0.104874274,-0.060287573,-0.236530902,-0.069705649,0.168709083,-0.105875431,0.021399585,0.314949719,-0.069062625,-0.181019292,-0.33527744,-0.228232426,-0.321890503,0.063340279,0.019034563,0.034001821,0.124782543,-0.016973074,0.120654998,0.131142231,-0.072613361,0.094082859,-0.169948353,0.058725975,-0.129795891,0.202728037,0.174690836,0.039931893,-0.088992045,0.019581258,0.226025771,-0.008826086,-0.074804779,-0.061614642,-0.131106825,-0.041793739,0.041742855,0.101526487,0.068300637,-0.04627458,0.053941686,-0.064126054,-0.144188806,-0.221840213,-0.257229933,-0.041397053,0.054393682,-0.057047575,0.002230303,0.084613944,0.093789652,0.060106536,-0.119068279,0.037843161,0.072548078,-0.209263888,0.150653546,-0.167201151,-0.102989582,-0.218203499,-0.088007479,-0.057846124,-0.131063146,0.203107719,0.164829468,0.006043221,0.166246255,-0.000520487,-0.130097846,0.062657407,-0.018353364,0.055092207,-0.050708228,0.023946423,-0.014611859,-0.119688295,0.097048401,0.093880685,-0.127345567,0.019445747,0.054632677,0.053027774,0.028282461,0.141145029,0.024997715,0.107289166,-0.038897635,-0.09164843,-0.021186308,-0.045526464,0.048641059,-0.162603182,-0.029165681,-0.033128276,-0.028423551,0.045894226,0.049715483,0.006395459,-0.028363029,-0.041086559,0.10173882,-0.097282557,0.061338339,0.069288211,0.037178501,-0.08078447,0.037815293,-0.072504229,-0.021491956,-0.118881316,-0.048487839,0.02807346,0.01115157,0.018415394,-0.015124088,-0.038955994,-0.075187167,-0.07474885,0.111884979,-0.061739632,0.034471786,0.097000835,-0.010874853,0.002018743,-0.08352738,-0.04265675,0.044487175,-0.038017157,0.013530968,-0.023345097,-0.042588101,-0.030921617,0.006940815,-0.001600922,0.036064886,0.070653688,-0.022127367,-0.012963231,-0.111004862,-0.030875766,0.028013977,0.007499172,-0.023474556,0.000628821,-0.020158164,-0.047559683,3.14181E-14
01ADL0067,8.206055305,-2.184386183,2.422412629,1.907917472,1.833876775,-0.2329244,2.392469024,-0.737973083,0.317617635,-0.133536033,-2.077663038,0.815400425,-0.025088087,-1.419904523,0.272878765,-1.466206998,-0.440134967,-0.840765362,0.969541313,-0.037778282,0.184401001,-0.316967073,-0.645592545,0.42806204,0.335411276,-0.539413499,0.253131609,0.427355169,-0.673051251,-0.013597654,-0.429130082,0.053978815,-0.037583386,0.047753527,0.410506298,0.026585292,0.506237133,-0.115073424,0.233138331,0.1577254,0.277648823,-0.024068234,-0.47252568,0.106613497,-0.098820008,-0.192423747,-0.145815585,0.428718283,-0.00352187,-0.06549953,-0.046476918,-0.020411463,0.100298868,-0.167076021,0.151925311,-0.102663914,0.118809622,-0.335406053,-0.107461197,0.262834878,-0.098386589,-0.296634602,-0.051213188,-0.07306426,-0.030357206,0.412926237,-0.079803967,0.004389937,0.054883182,0.023782204,-0.026522117,0.124851083,0.139081538,0.281496061,0.006631467,0.232712407,-0.221666868,-0.059770917,0.048263376,-0.064701728,0.109815227,0.128774417,-0.241064563,-0.129150106,0.322049712,-0.075434452,0.000751558,0.134833824,-0.009112338,0.030771666,-0.256682846,0.043035792,0.016494827,-0.070261677,0.048534364,-0.134626522,-0.157697266,0.02169429,0.018997655,0.014977892,0.071952759,-0.013611571,-0.165927052,-0.050735136,-0.116499935,0.078013679,0.19335268,-0.190525718,0.118986615,0.080296624,0.01866514,-0.124834881,-0.134204758,-0.020023287,0.189417831,0.079995906,0.070689832,0.160520308,-0.090920814,0.03077454,-0.03419173,-0.00774091,0.005452025,0.001427029,0.022824809,0.13132655,0.019229929,0.006221151,-0.182017544,0.065984179,0.121105596,0.03416624,0.042659913,-0.044769956,0.060994424,0.090523964,0.010205711,-0.025781384,0.034942289,-0.034590749,0.081784196,0.054123206,0.013455115,0.021350559,0.028188543,0.10921495,0.048307155,-0.056571114,0.002954824,-0.024521993,0.039295349,-0.067423804,0.009002532,0.038409059,0.078767029,0.01709634,-0.06250855,-0.108327508,-0.051364869,-0.077164992,-0.034264028,-0.048498112,-0.020860893,0.012702527,-0.103614932,0.014153898,-0.037628356,0.023520454,-0.002841288,0.058759759,-0.064336711,0.042190497,-0.062603777,-0.009276006,-0.031323855,0.028099067,0.07735161,-0.018029483,-0.035657723,-0.035281973,-0.018997005,0.051066977,0.021618411,-0.032323846,-0.018233338,0.002379179,0.035234933,0.017258088,0.029070917,3.1684E-14
01ADL0077,2.297952256,2.151162412,-7.106814168,3.281102929,-2.763250299,-2.951012422,-1.413920205,-1.103137972,0.419975471,0.133949151,-0.010557971,-0.340736976,0.165828807,-0.640906237,0.946348599,-0.084516006,-0.291438138,-0.660571095,0.148293505,-0.036832533,0.967986479,-0.227223218,0.321721072,-0.332666845,0.550826139,0.239618634,0.066801122,0.547785272,0.274762001,-0.396832578,0.134040478,0.301993495,0.17929185,0.159750891,0.135637433,0.091909682,0.026183979,0.201237563,-0.135706184,-0.209944549,0.058978996,-0.064441655,0.244031354,0.054553865,0.090332794,-0.024603262,0.214652428,-0.095123321,-0.143023051,-0.070974855,0.028484248,-0.236997428,0.173770577,0.028421031,0.091429553,0.161023898,-0.286851154,0.123872807,0.134033278,0.169143461,0.215833185,0.355092404,-0.189599057,-0.02076457,-0.088159011,-0.186037278,0.099356718,-0.011072786,0.18053749,0.149678874,-0.22851845,-0.046165833,-0.137275152,-0.055289065,-0.02401482,0.146409346,-0.075731575,-0.03206053,-0.01709154,-0.02293729,-0.078023567,-0.033162868,-0.194328418,-0.005632276,0.147774658,-0.078762173,0.010820204,0.179543344,0.05579967,0.226694936,0.16915949,0.243398556,-0.066050887,0.180157944,0.061716415,-0.066783741,0.139121728,-0.045501984,0.082208192,-0.098175873,0.011985891,-0.042131511,-0.012972594,-0.090973785,0.049335868,0.053038078,0.143125453,0.005114104,-0.08485096,-0.022874489,-0.082207202,0.035676248,0.037539601,-0.050711535,-0.120229737,0.093827022,-0.086260405,0.102583149,0.026908986,-0.133656216,0.145061827,0.030120372,-0.089197833,-0.071187273,-0.051766326,0.079672016,-0.091598694,0.087625251,0.008952235,-0.066827737,0.097973733,0.056646232,0.051309097,0.095371388,0.146433022,-0.092610557,0.075672307,-0.051612524,0.095991585,0.097739102,-0.02419889,0.039263388,0.0340702,-0.024868058,0.046314123,0.151542371,0.025660074,0.046182745,-0.124906906,0.080164817,-0.075177019,0.058888433,0.103280068,-0.101966365,0.093861791,-0.066784674,-0.114130935,0.064268506,0.07964073,-0.161419585,-0.064996608,0.022040401,0.122346313,-0.052051329,0.064644035,0.01293611,0.002359719,-0.03762419,-0.055910886,-0.035432391,0.045867567,0.033905008,-0.04709671,0.002337161,-0.059566448,0.082510478,-0.07695074,0.021176103,-0.018834284,-0.026235291,-0.097124037,0.054178736,0.028204822,0.06524605,0.029309818,-0.112404582,0.038184272,-0.004873397,-0.051202662,2.8373E-15
01ADL0080,-6.9666721,1.858508932,-3.963786252,2.534181608,1.112331718,2.141286808,-2.940548539,-1.079023121,0.816520462,-0.573552784,-0.094227495,-0.697784014,-2.492796058,0.000922872,1.068001708,-0.525463864,1.16088667,-0.937192631,0.738632015,-0.305557594,-0.747751057,0.234059651,0.316383934,-0.116196676,-0.052968745,-0.242967066,0.389250318,-0.18753965,-0.650982286,-0.074335613,0.133345046,0.008076626,0.443764328,0.052048498,0.129863488,0.314103026,0.23731857,-0.261143647,-0.113545657,0.037951784,0.14781197,0.030189889,-0.304382444,0.173979219,0.804943224,0.012838355,0.382642918,-0.144267304,0.277579864,0.06316832,-0.372582451,0.250388263,-0.114243638,0.005590575,0.049851422,0.196235043,0.228370696,-0.222765121,0.358845347,-0.151275494,0.051276271,0.060259371,-0.164486216,0.111733683,0.406945556,0.201245229,-0.539343036,0.110470685,-0.019006297,0.038108846,-0.464667527,0.402706574,0.12007925,0.305361473,0.469006429,-0.017535922,0.02364736,-0.014521761,0.157735255,-0.066518351,0.011541046,-0.146049462,0.043299266,0.144904812,-0.001313343,0.06356352,0.052105556,-0.088617305,0.074274041,-0.124833593,0.075670929,0.073546115,-0.124615163,0.025879544,-0.149004228,0.023975155,0.309507585,0.154945763,0.018247053,0.062166648,0.086471325,0.083463326,0.02069262,0.040969868,0.029210842,-0.033945068,0.016483749,-0.012978158,-0.088040026,0.078193236,-0.037137469,-0.074841803,-0.014507079,-0.122866386,-0.071340255,-0.095655751,-0.032743404,0.008312115,0.112852669,0.075262952,-0.030189633,-0.116254765,-0.024479477,-0.067040992,0.021647803,0.039940921,-0.038145001,-0.030202368,0.051967537,0.003101043,-0.025119889,0.051847686,0.023176755,0.029298575,-0.019777971,-0.050122924,0.051792352,-0.011279238,-0.069584311,-0.064627976,-0.001422216,-0.018017289,-0.070565495,0.023953311,-0.081118374,-0.010943405,-0.052008865,0.040931934,0.027620256,-0.034969867,-0.006215667,0.021925135,0.076236558,0.001668479,-0.051728073,0.008812465,-0.024176304,0.01801709,0.022987737,-0.017705296,0.039480577,0.009845465,0.008735984,-0.01299955,-0.008978319,-0.025582454,0.00310374,0.039189715,0.009917256,-0.051129958,0.029442809,0.01423067,-0.052848381,0.007898105,-0.028945603,-0.00514251,-0.012840843,0.003563323,-0.016440972,0.027439374,0.055540412,-0.010825161,-0.008347519,0.013026717,0.002778418,0.013943476,0.004666449,0.01811308,0.018052238,1.49201E-14
01ADL0082,14.45856556,-1.791458679,-4.407488483,-2.494905337,-1.275204067,-0.883568155,0.734381047,0.303495022,-0.749040154,-1.773683595,-1.159863899,-0.198787173,0.025233193,-0.649591632,-1.227598154,-0.908517784,-0.221686819,0.492687438,0.110690606,-0.44080207,0.025916497,-0.819112166,-0.27453773,-0.920934975,-0.035330955,0.264601223,0.467261491,0.451184096,-0.128226409,0.142386681,-0.172939727,-0.23465134,0.194939569,0.286310227,-0.044132292,0.054324753,-0.050990036,0.012055805,-0.499820363,-0.027173205,-0.197360006,-0.11557731,0.065618868,0.193179431,0.0012652,-0.030530339,-0.321453557,-0.379715704,-0.1827348,-0.354292609,0.120080133,0.148350388,-0.047862937,-0.032981975,0.153414504,-0.067587519,-0.14293292,0.065607301,-0.006684562,-0.012031421,0.10175393,-0.136243516,0.045118284,-0.207528313,0.002357668,0.071952869,-0.037335128,0.065842583,-0.166290996,0.037263028,-0.098001199,0.186307333,0.174420179,-0.166149671,0.169302409,-0.25926794,-0.12361922,0.196172261,0.017848085,-0.011765624,0.186193005,0.083567916,-0.008691174,0.090583249,0.089836782,-0.214332747,0.050307495,0.034431269,0.135835586,-0.194269767,0.095640937,0.031541678,0.118170891,-0.045983164,0.243192458,0.12575501,-0.11693135,-0.027050694,-0.163552101,-0.069359263,-0.218633846,-0.04479874,0.105847432,0.09888382,-0.060933381,-0.036682844,-0.117010865,0.085566765,-0.220373843,-0.111406611,-0.023311717,-0.223881155,0.026860023,-0.048332554,-0.02578314,0.072355723,0.17342625,-0.155280417,0.014901707,0.107145149,0.091042933,-0.084111322,0.038375165,-0.018550828,-0.056208748,0.037914169,0.014212107,-0.028899829,0.021837403,-0.0006699,0.087466699,0.16187347,-0.125981721,0.039860929,-0.038463751,-0.065290032,-0.043219238,-0.175108125,0.045418012,-0.010363263,-0.069835628,-0.079940969,0.125603136,0.096570055,-0.01752299,0.053113484,0.039392239,-0.104324733,-0.118066354,-0.096381816,0.06799973,0.124044216,-0.011159586,0.049496451,0.056547978,-0.023892577,-0.047388116,0.100722017,-0.034400558,0.004062019,-0.002537769,-0.070260823,0.020561755,-0.01028986,-0.010360653,0.007709177,0.099337152,0.096838031,0.038331128,0.027425308,-0.010513227,0.038529301,-0.089143796,-0.000790642,0.030956299,-0.094974357,0.006734088,-0.054525845,0.035171813,0.015115055,-0.057820843,-0.028652134,0.046067773,-0.016249938,0.077349654,-0.000333359,-0.032589207,-0.024053774,0.049803103,1.08796E-13
01ADL0083,-4.233769921,3.049049843,-2.894275778,3.285706759,-2.708527469,-2.357096581,-1.956103199,1.687843838,-0.664655971,0.097361521,0.814763891,-2.31133575,-0.139698762,-0.274485488,-0.16236681,0.331742243,0.219891966,-0.74180144,-0.698890214,-0.143443562,1.767617659,-0.283290129,0.30331277,0.410458059,-0.023683747,-0.652760251,-0.385524104,0.094932978,0.165050538,0.300651549,-0.328950519,0.01624245,-0.064399737,0.057069272,0.06048639,0.614891498,-0.210078179,0.080921444,-0.00432762,0.030418472,0.20012388,-0.127176325,-0.201067417,-0.178835056,-0.353696357,0.177151201,0.077371836,-0.027255525,0.15622093,0.200617587,0.2318343,0.301636578,0.010762895,-0.054819459,-0.263022364,0.064468399,-0.000850824,-0.324434509,-0.07861116,-0.05985078,-0.156515269,0.014480035,0.132554639,0.255588281,0.062828242,-0.13397165,0.036090271,-0.062899225,0.320540501,-0.138911056,0.040954855,0.018194216,-0.020424581,-0.170934487,-0.020216162,0.102928541,-0.069071717,0.154478726,-0.014869698,-0.157094546,0.263469167,-0.014149637,-0.210856322,0.086808557,0.0455278,0.140859238,0.091086891,0.086360126,0.135633244,-0.152770162,0.034171985,-0.042671098,0.042863301,-0.04730351,0.063492703,0.050615677,0.025599885,-0.025689847,0.004887453,0.065040128,-0.024289362,0.06067207,-0.036715173,-0.027591094,-0.104305339,0.060408638,0.061725188,0.01476753,-0.013507884,-0.041562216,-0.038185626,-0.027769048,0.033154774,0.064379901,0.085406192,0.096193493,-0.049486321,0.045010561,0.1081962,0.080803252,0.01643218,0.02693826,-0.070560788,0.020297776,0.101524632,0.013423623,-0.107847585,-0.068796778,-0.085946163,0.043396887,-0.078544059,0.147530979,-0.156488464,-0.049830052,9.59325E-05,0.066701458,0.040415577,-0.044302649,-0.040138877,-0.074466168,-0.050934441,-0.025060427,-0.069422613,0.066219595,0.10341559,0.078561272,-0.082531597,0.065450659,0.042705236,0.154683615,0.036775781,0.035694908,-0.043406868,0.065278259,-0.042516729,0.015481665,-0.096211919,0.08877149,0.087611791,0.005541035,0.123705015,-0.081688614,-0.028882446,0.038261134,0.131126398,-0.057343396,0.121906107,-0.000898646,-0.048254253,0.077903121,0.038004189,-0.117418389,0.026601196,-0.006938726,0.088527409,0.09576858,0.101940528,-0.078184383,-0.042638701,0.03867157,0.094317052,-0.01501453,0.003866748,0.046889699,-0.079275752,0.016186269,-0.027661522,-0.000395878,0.032018955,2.71066E-14
01ADL0085,20.46133591,-1.4829002,-7.915236403,3.569788081,1.213216455,-0.824960521,0.644868419,-0.351300195,-0.845927933,2.438513935,-1.702279192,-0.322210893,-0.239559458,0.259630293,0.272693688,-0.095928257,0.722637579,-0.720067441,0.078819408,0.341531442,-0.179772073,-0.232560964,-0.410326139,-0.163101674,0.234719855,-0.475451722,-0.471620508,-0.151935816,0.077170709,0.387819729,-0.168846522,0.384693831,-0.219842154,-0.888862501,-0.065303071,0.039319706,0.034737644,0.180170839,0.023749053,0.076713722,-0.040081048,0.017465866,-0.389193226,-0.168267903,0.059545272,-0.325777779,-0.117968216,0.145431193,0.026671079,-0.330231444,0.212038347,-0.063605239,0.265356837,0.225032765,0.221347629,-0.016806396,0.038659843,0.072660373,-0.111273142,0.155022676,0.166086871,-0.060171669,-0.128003938,0.036990247,-0.006757931,-0.076299455,-0.014277692,0.360243451,0.152307018,-0.237911984,-0.152190381,0.069736327,0.229706073,-0.117759429,-0.057504049,0.109709075,0.070658054,0.059678513,-0.313389127,0.08238677,-0.10915612,0.015233159,0.40637685,0.111632895,-0.002959121,-0.215523255,0.252801622,0.005888638,-0.151399387,0.065025708,0.1277608,-0.087831059,0.022636113,0.038049984,0.036357208,-0.020683476,0.09820344,0.186897662,0.136111839,-0.089038577,-0.10492216,0.111210634,0.026057268,0.004103538,-0.076323588,-0.154337318,0.01278222,0.207071746,0.220552733,-0.159528154,0.115573424,-0.083788552,-0.153009259,0.1172268,-0.026784075,-0.070634176,-0.004644035,-0.023478451,-0.004193659,-0.035997739,-0.058364507,0.18696998,-0.174569185,0.061062637,0.064140602,0.013438805,-0.093234485,-0.012187284,0.044409703,0.050871594,0.003444283,0.031587378,-0.024578191,-0.038853847,-0.089392293,-0.041253159,0.073142916,-0.021483877,0.054459026,0.025975508,0.005074755,0.081707023,-0.019504508,-0.118279728,-0.032321829,-0.106535807,0.032449358,0.083096584,-0.031112867,-0.040901627,-0.057528299,-0.09901067,-0.027320741,-0.013965575,-0.00603534,-0.064181573,-0.059728536,-0.002637293,0.016721694,-0.018545652,0.081149178,-0.100479484,0.021823921,0.064519415,0.007286658,0.086295697,-0.022677794,0.064441356,0.009037911,0.007714453,-0.039178128,-0.007109066,-0.007908974,0.104934521,-0.006521707,-0.043715756,0.010619005,-0.059460534,0.026679226,-0.041261379,-0.016214358,-0.07978403,0.001224902,0.036870994,-0.001117411,-0.015142792,0.0124334,-0.055654047,0.029338302,2.27639E-14
01ADL0087,11.24550609,-2.968163958,2.004392829,-1.271974946,1.614895186,1.212821329,0.343852802,-1.466921968,0.804151512,-1.957198743,-1.474909289,-0.144312282,0.467190831,0.470914309,-1.446760796,-1.098661455,0.245279321,0.678453831,0.410930736,0.48621149,-0.115966468,-0.999252571,0.956776762,-0.416487785,0.507945339,-0.154380889,-0.541678114,0.490103482,-0.329469813,0.084455878,-0.08365936,0.005753321,-0.08465009,-0.094143826,-0.111233552,0.154025244,0.197482396,0.202341116,0.182021032,0.339581594,-0.090769416,-0.290746167,0.201793585,0.176095813,-0.042849528,-0.047105731,-0.252910525,-0.016990672,0.041691579,0.051954207,-0.110537503,0.125052415,0.233052077,0.002475696,0.038778831,-0.014702676,-0.072735491,0.163899496,0.03308026,-0.249689171,-0.142183308,0.105184091,0.262884342,0.15298026,0.015001252,0.080749709,0.304656422,0.098758057,-0.084689569,-0.19631451,0.25800707,-0.107432936,-0.141247303,-0.11771039,0.007775603,-0.036025749,0.06218852,0.045214923,0.093509037,0.061295582,-0.040306664,-0.246165943,0.015458959,-0.11538437,0.019807259,-0.184747979,0.068856349,-0.07686674,0.014129,0.201917496,0.018285733,0.252556034,-0.057124479,0.004196677,-0.011002186,-0.148529972,0.086247023,0.047060412,-0.190159734,0.037001312,0.010961139,0.07298948,0.024172246,-0.013114333,-0.027168437,-0.130033102,0.137619461,0.031522024,-0.005806539,0.140034744,0.094465757,-0.073768665,0.231444989,-0.069171557,0.025454294,-0.233165658,-0.021666923,0.024992125,-0.144670443,-0.034343289,-0.051853714,-0.044840213,-0.130636507,-0.087016195,0.00460283,0.003882253,-0.072797457,-0.043038911,-0.062207012,-0.015086419,-0.097981093,-0.015766627,-0.080079497,0.110330029,-0.033817617,-0.033363413,0.009271815,-0.025230427,0.045644109,-0.042220935,-0.092323611,-0.044315309,-0.154114875,-0.065047014,-0.043628594,0.040715526,-0.031139854,0.063756935,0.032035781,0.008071592,-0.013834293,0.045900843,0.007429026,-0.02675883,-0.088884399,0.013922875,-0.02219571,-0.036810395,0.081650459,0.013137968,-0.003826922,-0.064675216,0.023777188,0.036104775,-0.108343606,-0.097243033,-0.018718218,-0.006082778,0.137685564,0.002389744,0.013380451,-0.018867067,-0.0910648,0.029417794,-0.027789363,0.012224655,-0.005664179,-0.040131354,0.07616663,0.080164464,-0.010293637,0.122771387,0.102306702,0.000996631,-0.143976708,0.062475489,0.035079581,0.076803817,-0.033353113,4.55361E-14
01ADL0088,-33.22381287,4.408175474,3.455367832,3.805148903,3.432708478,0.576933965,-3.231404187,0.900466584,1.15536571,-0.990110673,-0.384677313,-1.856682561,-1.3320053,0.520256568,-0.523455725,-0.319128921,0.216496885,-0.096598189,-0.311962835,-0.766841268,-0.655650367,0.986509411,-0.022489197,0.866157005,0.447973805,0.232872978,-0.297405762,-0.172193384,-0.605234814,0.35792406,-0.464952766,-0.051029287,-0.061296694,-0.007212401,-0.099427669,0.511971914,0.045030227,0.04343426,-0.105622348,0.172353327,0.122662083,0.484897751,-0.164475317,-0.397451454,-0.40029807,0.299704212,0.180635737,0.256687063,-0.059177914,-0.076028732,0.290346901,-0.162875656,-0.088172893,0.268483857,0.181745331,-0.329817034,-0.028303096,0.488753365,0.009843164,-0.201719234,-0.100394004,0.105379153,0.118430598,-0.036175312,-0.099303034,0.09798514,0.016196572,0.063619685,-0.108484817,-0.10693639,0.163443949,0.095645968,0.021632729,-0.054469829,0.015609754,-0.090371615,-0.147017426,0.119421411,0.028972116,-0.278447835,0.155838738,-0.07589929,-0.073876224,-0.049004213,0.006695577,-0.061874486,-0.195527331,0.166742567,-0.148153949,-0.021347625,0.168398351,-0.024036865,-0.015599999,-0.050929924,0.20442451,-0.004655148,0.059728109,0.070757721,0.046099736,0.065044749,0.079514347,-0.039533636,0.092861432,-0.095142174,-0.091605576,-0.2140693,-0.002190047,-0.174583293,-0.01776386,0.026796968,0.102451524,0.125830684,-0.157320981,0.05749902,-0.047548037,0.048509039,0.018726723,-0.174523416,0.124624195,0.086723241,-0.185324135,-0.040585715,-0.007958215,-0.039065008,-0.049660782,0.028921643,0.055106024,-0.002073837,0.00894902,-0.16537001,0.023542244,-0.015584728,0.047924554,0.019638982,0.012058937,0.03778718,0.043068778,-0.089345425,0.092517721,0.037297902,0.040092129,0.034536201,0.100357195,-0.139537571,-0.042194884,0.006973943,0.007900125,0.021478403,0.068594744,-0.010286054,-0.003998898,0.055666914,-0.001921084,0.050594666,0.06709279,0.08357276,0.019043015,0.029585174,0.019632738,-0.042734182,-0.01103794,0.009766891,0.06077231,0.021300291,0.014336782,0.004766986,-0.01809487,0.001630753,0.08174996,-0.036867507,-0.154470354,0.003877838,-0.033279479,-0.044339999,-0.00674271,0.040585308,-0.043038084,0.045812294,-0.037406904,0.020571786,-0.054743455,-0.007096933,0.055500294,0.041297863,-0.015152449,-0.036682419,-0.055550923,0.012336347,-0.052796877,-1.47818E-13
01ADL0092,-6.253941452,-0.407424778,-2.578986436,3.713729428,5.947561843,0.732108909,0.068101173,0.367425026,-0.598808633,0.897715722,-0.062095347,0.151757875,0.911426966,0.052840867,-0.722117934,-0.372869952,0.714241929,-0.089984617,-0.397504601,0.083687634,0.353238726,0.482844985,-0.334565687,-0.438888093,-0.367165541,0.148998432,0.060422392,0.295735047,-0.379163705,0.722177947,-0.11368173,-0.103648919,0.300958535,-0.609406683,-0.304395521,0.037625946,0.194089868,-0.179673851,-0.197542834,0.00146944,-0.126887388,0.238826164,-0.43028366,0.087038298,-0.356147478,0.03358668,-0.221999494,-0.408047201,0.093148015,-0.084069081,-0.206525305,0.354919945,0.42295778,0.305796152,0.11937186,0.196702542,0.333630878,0.055848281,-0.105439762,-0.128978746,0.079931703,0.326011577,0.039563672,0.099886595,-0.064699711,0.160294219,-0.274958777,-0.354388443,0.057481095,-0.209604148,-0.251013908,-0.311062454,-0.177224118,-0.084884444,-0.149895886,0.071330086,0.135920269,0.09311349,0.251387457,-0.020717756,-0.045488755,-0.288413644,-0.309711807,-0.084501766,0.0361458,-0.179265574,-0.070254984,-0.17960598,0.022186837,-0.121047987,-0.219281708,-0.105956208,-0.018877653,0.061981626,-0.24421125,0.171787416,-0.244084819,-0.064206649,-0.13455078,-0.00514859,0.062527596,-0.013355943,0.090022401,-0.06247896,0.083845239,0.066950077,0.049010646,0.018410872,-0.124463972,-0.001188692,0.064523541,0.09420119,-0.067284272,-0.038695464,-0.144101487,-0.028736941,-0.004259352,0.065361255,-0.096396441,-0.018374733,-0.072984332,0.063488989,-0.136124071,0.091967989,-0.104293103,0.035617645,-0.10393828,0.077867904,0.102258807,0.091395147,0.074829626,-0.016972573,-0.024876452,0.018408988,-0.056235389,0.072308442,-0.037925939,0.001014938,0.026661221,-0.114996609,0.014839374,-0.051864271,0.037535102,0.037569908,0.073226706,-0.092128458,0.045966398,-0.030800924,-0.023109549,0.027018264,-0.020315271,-0.00176399,0.002742975,-0.029486752,0.10491643,-0.048353308,-0.032230604,0.089448962,-0.015282352,-0.111983602,-0.000228436,-0.012758371,-0.009416761,0.000188924,-0.008448368,-0.027693059,-0.065725323,-0.0478246,-0.003814463,-0.028420317,-0.020719215,0.060329115,0.049512961,-0.052063219,0.021317206,-0.041766717,0.01279859,0.009269116,0.039495993,4.37203E-05,-0.015789402,0.008587247,-0.049186306,0.0095737,-0.004976438,-0.00508143,-0.036803475,-0.052510662,-0.014835444,-3.77254E-14
01ADL0094,1.361073673,1.044672614,5.387299635,-0.81226457,-1.511792377,-2.360804308,-0.470423049,-0.220435517,-3.186192752,-2.341349478,-1.268663115,-1.361219629,-0.583556636,0.343455422,-0.240042712,-0.731201296,-1.028801678,0.249633209,-1.146617077,0.10164216,0.15393821,-0.669121923,0.508192839,0.678328404,-0.179735425,-0.029183408,0.060848218,-1.085157353,0.264619693,-0.509860873,-0.350962516,0.096156673,-0.251063566,-0.274002132,0.245773729,0.071235315,0.218341802,-0.396131061,0.333053432,0.47266924,0.148252501,-0.123987721,0.369660448,0.050862679,-0.067882083,0.140898013,-0.384493335,-0.487635705,-0.066585371,0.304899648,-0.210819871,0.119955074,0.002303208,0.06683384,0.047061401,0.144844043,-0.052619964,-0.206609178,0.074453404,0.144509856,-0.226209081,0.240851259,-0.116725045,-0.295412147,0.06465695,-0.15033624,-0.099321748,-0.025002967,-0.125974306,-0.145074233,0.023452404,0.054359087,0.005601959,0.069601127,0.010886332,0.201940736,0.181846786,-0.063001403,-0.092774849,-0.042705233,0.190977841,-0.120848561,-0.095931764,0.118945071,-0.081198959,0.000304684,-0.048089947,0.098185876,-0.076819585,0.015847869,0.03268577,0.11715589,0.032800842,0.001495786,0.102335273,-0.09822114,-0.056192397,0.062103676,-0.156512782,0.035699604,-0.092642173,0.00753077,-0.084433037,0.150253616,-0.078612433,0.067813011,-0.183741624,0.018821685,-0.14139007,-0.121145385,-0.030031751,0.043463098,-0.235348475,-0.035343981,0.187474252,-0.130117768,0.037951792,0.150584393,-0.07393442,-0.182921517,-0.026586073,-0.077013102,-0.034773925,-0.006392716,0.079113955,0.019139535,-0.069828105,0.087846737,0.071958567,0.104853324,0.027550062,-0.048255501,0.090852254,0.080035276,0.035337202,-0.029376067,0.005011437,-0.062086937,-0.071098257,-0.021402971,-0.07495415,0.065561741,-0.045778626,-0.006655306,-0.100607209,-0.061808162,0.034387712,-0.064344172,0.050424746,0.125137845,-0.025366265,-0.084584496,0.012471478,-0.0221574,0.040784586,0.138151362,0.039216445,0.031449985,-0.058192688,-0.012318553,0.048248624,-0.008387306,-0.006944773,0.002000745,0.062415157,0.04565983,-0.038536648,0.104221377,0.061712051,-0.049400057,-0.052347272,0.016672227,0.049334352,-0.007310654,0.00333219,-0.028555058,-0.002083711,0.063515011,0.023531338,0.005230998,-0.052950705,-0.076419861,0.006296558,0.078901665,0.034620278,-0.058096549,0.070893856,0.025013764,-0.017335927,3.28427E-14
01ADL0095,-9.471049717,4.196129707,-1.373912273,-1.651969337,-2.450522938,3.525228317,-0.702025175,-0.820130406,0.924860627,-1.177247715,-0.902559186,0.467812096,-0.680731193,1.081956542,-1.466390017,-0.642882678,0.054596988,-0.524753584,0.039301924,-0.1159542,-0.015753549,-0.39854734,-0.217655165,0.336201961,0.013551327,-0.316622762,0.253921488,-0.851380838,-0.144837282,0.174585015,-0.024207904,0.021376146,-0.339024367,0.095971381,0.01711285,-0.223822293,0.252836809,0.507499471,-0.035104329,-0.284824134,-0.121322822,-0.03677664,0.245099791,-0.215570073,0.148483734,-0.011221071,-0.187778788,-0.352652883,0.014864471,0.160614324,-0.035527505,-0.22459605,0.252406539,-0.207875446,0.080765588,-0.205662283,0.097319531,0.181363464,-0.063139275,0.009638494,0.062404591,-0.441179155,0.048435615,0.344380342,0.13907945,0.227583973,0.197581771,0.295336934,-0.090424254,0.094388379,-0.046872977,0.142241954,-0.101845586,0.014019065,-0.073163503,0.2639357,0.139321105,-0.02793311,0.028574536,-0.270151368,-0.024751538,0.018025623,-0.262540296,0.075689309,0.018232028,0.065598462,-0.194044374,-0.317200835,-0.146466815,-0.084821397,0.108825174,-0.042111095,-0.024645409,0.08934006,-0.10982774,0.036632334,-0.080368554,0.127955704,0.0858128,0.056781764,-0.073888749,0.013292,-0.178205048,0.00977936,0.127837512,0.13370732,-0.067762177,-0.065737543,0.045699866,-0.077308244,-0.05302415,-0.055540824,0.144726471,0.024225069,-0.121341088,0.047821051,0.016476577,-0.04968397,0.06573861,0.002477722,0.118124239,0.15232231,-0.011086059,-0.055553071,-0.158161398,0.129196046,-0.091972868,-0.004640193,-0.057660138,0.010854483,0.042551154,-0.021753099,-0.046907738,0.085257501,0.070073844,-0.036523158,-0.166162581,-0.030834829,0.024936691,-0.129520262,-0.170880386,0.1625108,0.025437228,-0.096235753,-0.077295476,-0.041663664,-0.033452832,-0.033335264,-0.081417338,0.037135272,-0.069594283,-0.087788214,-0.085428952,-0.017259807,0.100650216,0.014232847,0.011891687,-0.042686332,0.042997027,0.045942292,0.070601884,0.027433609,0.005723374,-0.013612367,0.014492987,-0.010352119,0.07050761,-0.061462936,-0.030010895,0.087851758,0.012011148,-0.05097847,-0.007822471,0.057075181,0.049930327,-0.064349309,-0.052901892,0.067785785,-0.092148529,-0.009255313,0.019229029,0.015079879,-0.00658198,-0.012306252,-0.017859505,-0.022117987,-0.031294596,-0.029032404,-0.030644091,2.00046E-14
01ADL0104,0.616491328,0.336197751,0.061185322,-0.855568889,-1.005400307,0.256008681,-1.586745586,0.867045193,-0.659898402,-0.576061955,-0.890389021,0.322102067,0.245986763,0.71721783,-1.771443432,-0.400860615,-0.174448366,0.647798671,-0.206193451,-0.762044764,-0.509938229,-0.127756578,0.338981913,0.148510054,-0.058909293,-0.431816963,0.399836639,-0.771335025,0.061043714,0.106002387,-0.354896302,-0.097602932,-0.029417982,-0.000265267,0.053754085,-0.052245324,0.014563529,0.117516631,-0.296806539,0.020448227,-0.094308442,-0.084384833,-0.07686774,-0.015597875,0.272883544,-0.017151629,-0.275829116,-0.16446735,0.330581978,0.023994599,-0.260927376,-0.196932759,-0.045478505,-0.184956149,0.102184379,-0.073048268,0.04801845,0.012049011,-0.141763858,-0.388757786,-0.354486162,-0.190368104,-0.198061107,-0.209023437,0.116369414,-0.076303282,0.14304296,0.126180351,0.213630845,0.083158934,-0.054225191,0.178889505,-0.131545708,0.059539655,0.049180492,0.148306467,0.026922908,0.117969604,0.039587086,-0.029969613,-0.116317072,0.002092225,-0.10927192,0.180266077,-0.138796178,0.117593381,0.135689902,0.036494788,-0.032834736,-0.069923372,-0.144787266,0.004642853,-0.023721856,-0.057239082,-0.197408894,-0.03236496,0.041562263,-0.217674656,0.064449924,-0.149187432,-0.052419907,-0.055273643,0.00322715,-0.060704236,-0.067897847,0.213816958,0.126776202,0.124790332,0.043952398,-0.104768639,0.095962702,0.193955083,0.052250823,0.154377955,0.047017984,0.010141179,0.093481174,0.06598703,0.017868486,0.162638077,-0.063471877,0.082294045,-0.071875722,0.004084109,0.152953785,-0.008467019,0.069933615,-0.072215052,-0.109408826,-0.026860655,-0.028569721,-0.009203578,0.160922463,-0.032995131,-0.104877797,0.02078154,0.049155553,-0.005550961,0.066327994,0.015028324,0.031092891,-0.170047697,0.051888308,-0.018170159,0.096863429,-0.013696889,0.079245619,0.143889677,-0.055999926,-0.132496136,-0.097822679,0.162571862,-0.091456383,0.030055895,-0.010012982,0.028684817,0.003433556,-0.11330992,-0.025849921,-0.08241931,-0.102896966,-0.059305616,0.098443768,-0.061363253,0.039978564,-0.07156638,0.017484913,-0.022898494,0.009407127,-0.066016008,0.06672389,-0.034232845,0.063147128,-0.025738086,-0.069845483,0.044636841,0.031482461,-0.015255222,0.081075644,0.026400906,-0.047023039,-0.013550637,0.04316101,0.034488216,0.058860602,-0.108643272,-0.007044731,-0.003217909,0.022998456,3.53803E-14
01ADL0107,1.855417017,1.659567284,6.082007473,-2.290495955,-3.683019266,-2.408349535,-1.18372925,-1.211852669,0.815701955,0.057280009,0.093344886,0.533192302,-0.971169348,0.618695903,0.02522979,-0.419635402,-0.601957562,-0.863087227,-0.486747427,0.32819913,-0.494084349,0.331061216,0.750076622,-0.339812638,-0.669836041,0.007018713,0.063431142,-0.468526573,0.334167761,0.28016123,0.288111316,-0.008273738,0.121257633,-0.505502943,-0.172033099,-0.286717483,-0.032900356,0.19303488,-0.243446451,-0.28109845,0.348370534,-0.078944953,0.231460074,0.082685661,0.129633357,0.019038417,-0.052172838,0.578597632,0.150097562,-0.15917659,0.164583975,0.103041637,-0.116050533,0.232544511,-0.072806123,0.079285847,0.189884263,0.095722154,0.010630549,0.061951141,0.147513562,-0.11835833,0.005994532,0.107847772,-0.107698544,0.131331865,-0.053015365,0.069766119,0.048974874,0.103140868,-0.017360501,-0.11899488,0.06029109,0.105058494,-0.235825616,0.003877998,0.109806054,0.191015335,0.090756289,0.075993513,0.040324193,0.032540706,-0.072896019,-0.030239039,0.011701049,-0.08204408,-0.099820516,-0.000895181,-0.119081454,-0.074165153,0.021491713,-0.107651234,-0.03992209,-0.056046262,-0.1247932,-0.200290679,0.074983585,0.092565259,0.008830948,-0.18408591,0.027699823,-0.052793574,0.051056628,0.063209319,-0.069006786,-0.039043392,0.01969607,0.06866242,0.140042324,-0.033500604,-0.199246082,-0.029634582,-0.087592465,0.010236916,-0.075653091,-0.008404398,-0.037634185,0.128651204,-0.143122693,0.012362512,0.004996209,0.03478308,0.00453796,0.027330145,-0.103703181,0.051307456,0.049784852,0.166657138,-0.020086811,-0.04757114,-0.103394503,-0.07202186,0.036552954,-0.048791784,0.079983007,-0.012111197,0.038851611,-0.101240669,0.018514528,-0.065345331,0.07972079,-0.025577403,-0.006664347,0.073679,-0.075889772,0.052225729,-0.007243718,-0.01230146,-0.028946253,0.163632712,0.067803325,0.214497146,0.07525938,0.068381513,0.072746585,0.097277538,0.000391235,0.02031893,-0.098098563,0.091163283,0.071588457,-0.076662836,0.129387398,-0.001321043,0.031916457,0.00785229,-0.041334793,0.094286238,0.01782582,-0.004229227,0.045121786,-0.083299764,-0.099627415,-0.012531978,0.131679482,0.073469807,-0.022195178,-0.008192773,0.156891376,0.080449049,0.003367357,0.068999712,-0.058769466,-0.117621985,0.035510455,-0.001511405,-0.054471531,-0.011786555,0.00480238,3.19526E-14
01ADL0114,-7.685438006,3.432785866,-1.41280337,-1.840837778,-3.791187947,-0.405229131,-0.471413349,-0.531905678,0.276475231,-1.496601514,-1.161021109,0.721115614,-0.310427518,0.422518728,-0.77341364,-0.019877763,0.112613201,-0.707660788,-0.31966879,-0.189826775,-0.151220619,-0.033783006,0.060848353,-0.098422305,0.446837738,-0.250307655,0.476506009,-0.151411561,0.391584132,-0.385334058,0.281013131,-0.267130535,-0.843243225,-0.382488315,0.311727767,0.11666993,-0.055128195,0.163057939,-0.273616582,-0.125829768,0.098540562,-0.049523795,0.029440643,-0.203232479,-0.157710327,0.280574602,-0.064701282,0.10887513,-0.086724811,-0.271733267,-0.177154549,-0.056188159,0.115537838,-0.063395521,0.07791353,0.300870236,0.189925946,-0.088616932,0.003566173,0.114822433,0.168989095,0.030561979,0.153673529,0.03052346,0.177649255,-0.047733445,-0.144300446,0.011133926,0.16164536,-0.058157988,0.245776318,0.171480401,-0.246634167,0.069622513,-0.080186121,0.074559952,0.115097685,0.141982991,-0.202027103,-0.140869396,-0.000523097,-0.099759753,-0.092063562,0.078157422,0.056515586,-0.197755492,0.098431542,-0.043457192,0.055831719,-0.031072879,0.016237565,-0.043072656,-0.175927054,0.153187667,0.050362461,-0.267921136,0.013853114,-0.150672336,0.215866323,-0.146558548,0.018791021,0.008620608,0.034217404,-0.074718543,0.075407817,-0.140589356,0.175004057,-0.117878014,-0.191461449,0.034335993,-0.037522118,-0.115015389,0.160201999,-0.050446673,0.012621251,-0.113709806,-0.141449874,-0.019387835,-0.060412717,0.009974856,-0.043886041,0.013530305,0.081897229,0.115221737,0.065139321,-0.167576795,0.055089313,-0.073422131,0.049803394,0.023642388,-0.030280827,0.016590084,0.005489724,-0.106516356,-0.013774549,-0.067934795,-0.005208948,-0.059142407,-0.206963767,-0.01857675,0.016851189,-0.033701205,0.02606539,-0.046391703,0.124372266,-0.018280618,-0.021109934,-0.078494635,0.086755951,-0.0395649,0.055973775,-0.093118809,0.077487796,0.080853628,-0.028095254,-0.036782279,0.17632933,0.08633309,-0.067725834,-0.004655502,-0.0862249,-0.092506085,0.090244644,-0.043407479,-0.005688678,0.09199345,0.009175298,-0.063681886,-0.027978442,0.070957332,-0.057205791,0.050815666,0.021459776,-0.140028353,-0.026828848,-0.028194577,-0.037890126,-0.050472258,-0.04297862,-0.062853381,-0.002525345,-0.024174671,0.068762921,0.007410079,0.018756758,0.069684268,-0.009302274,-0.066004674,-0.016775997,1.10685E-14
01ADL0115,12.89097867,0.727307744,-7.809981286,-1.806360028,-0.274351169,-0.811364033,-3.459712526,-0.833025038,-1.181148466,-0.283580051,-0.64900656,0.826669294,-0.780912061,-0.292009212,1.005727557,-0.388696543,0.299541756,-0.56874704,-1.343012407,-0.602217064,-0.640017014,-0.286919375,-0.036815269,0.027010968,0.285841893,-0.02621503,0.130391306,-0.488430987,0.229562675,-0.472457425,-0.224085673,-0.192303029,-0.096679157,0.392575275,0.326062307,-0.381126091,0.068904701,0.040927602,-0.136889255,0.15974767,0.040050664,-0.479164563,-0.29310057,0.193746275,-0.112984575,-0.306538569,-0.141657073,0.219483026,-0.271969464,-0.040481389,0.001875476,0.492795306,-0.149570488,0.119648032,-0.147075015,0.077148016,-0.020133825,0.049525458,0.013046107,-0.197316986,-0.244701976,0.05283649,-0.032781487,-0.128977084,-0.234356301,0.002639069,-0.199611995,-0.014458987,0.078670256,-0.214248674,0.40004049,-0.015383907,0.2583982,0.131836816,-0.088015299,-0.229567629,0.034529813,0.312263897,0.141366931,-0.022424687,-0.095476243,-0.062551718,0.057471586,-0.081489613,0.051103528,-0.029612417,0.017147123,-0.395001817,0.091267447,0.119401926,0.117965729,-0.089246211,0.072285438,-0.085574254,0.227000019,0.019633378,0.056022313,-0.011221696,-0.081584842,-0.329132364,0.133208358,0.07079677,-0.131342335,-0.030990645,0.117525154,-0.000634153,-0.040056121,-0.093962589,-0.005559605,0.210029096,-0.053796438,0.052600404,0.027606308,-0.016233875,-0.024105022,0.104946291,0.110074211,-0.008177595,0.024369949,0.021490869,-0.066976264,0.077626747,-0.117044528,-0.081170023,0.024199583,0.120710011,-0.010778582,0.020795538,-0.018354052,-0.003090699,-0.045279059,-0.123832341,0.096993882,-0.113307701,0.019025426,0.027842914,0.058404855,-0.000127842,-0.017483515,0.060355271,-0.034779798,0.035630973,-0.049050099,-0.032801231,0.135224392,-0.074539719,-0.076564387,-0.14485531,-0.135628598,-0.009181586,0.006086666,-0.002827951,-0.060819018,-0.07714776,-0.061293953,-0.022537173,-0.065892413,0.006050831,0.047825838,-0.022382144,0.018110514,0.05051433,-0.052084753,-0.001820022,-0.000856188,-0.048298496,0.026809145,-0.037239153,-0.047778055,-0.036512755,0.012425449,0.034558207,0.024148405,0.040577614,0.068813199,0.019274284,-0.025994159,0.07722209,-0.035195915,-0.072048901,0.034892859,0.006439529,0.034015062,0.013529031,0.003987864,-0.054387394,-0.020852673,0.015490119,-0.003782232,4.4035E-14
01ADL0116,-5.08166611,2.573958474,-4.693659401,-2.040200033,-0.63426142,-0.946055391,-0.868245758,-0.854301921,0.048624602,-2.394474485,-1.713658203,-0.625001901,0.096548227,0.067908315,-0.326643787,-0.726292367,-0.000851275,-0.333154545,-0.877139843,0.460624246,0.046734602,-0.038330545,0.532270275,-0.152722257,0.141359949,-0.030893485,0.10190203,1.041589046,0.014067941,0.23356446,0.481747505,-0.047710721,0.063536334,-0.4598162,0.280217844,0.09855187,0.305886583,-0.015497299,-0.047753206,0.457499616,-0.033068087,0.034508559,-0.072125786,0.389818918,0.151961507,0.300758283,0.373698646,-0.314278745,-0.025674076,0.431733033,0.034127503,0.126722868,-0.382314683,0.109434499,0.115612112,-0.111930121,-0.115794287,-0.045555269,0.104249605,-0.008338528,0.005135727,0.048345899,-0.275707828,-0.199600036,-0.184853026,0.002919269,0.170371538,-0.10249432,-0.233562717,-0.148703123,-0.023601596,-0.133323186,0.05955048,0.143426115,0.101981632,-0.045516703,-0.120181058,0.046601251,-0.015104391,0.101725306,0.063701149,0.067818544,0.185644309,-0.120126305,-0.068487309,-0.142894753,0.124821,0.017624003,-0.13503909,0.02877611,0.036071021,-0.189526969,-0.133548646,-0.007896477,-0.106117466,-0.073509661,-0.031482669,0.078999797,0.037867417,0.111285757,-0.066472458,0.038490306,-0.108725523,-0.053463607,0.148635538,-0.073773724,-0.013040716,-0.108032286,-0.039037909,-0.163907351,-0.027358816,-0.060355961,0.030491786,-0.070557681,0.067510139,0.085665962,-0.090892211,-0.056231306,-0.103463258,0.131211331,0.156645429,0.059204313,-0.042644935,0.03020678,-0.026427627,-0.110011552,0.044402166,-0.013737528,-0.077832543,-0.153482569,-0.065680057,0.002112673,0.09301219,-0.037826655,0.026551475,0.029985953,0.083809966,0.073792255,0.044459441,-0.188552502,-0.000254322,-0.051029601,0.157943693,-0.031098792,-0.000183029,-0.024710455,-0.082545636,0.047037557,-0.001544239,0.017814392,-0.142165374,0.001378283,-0.04898426,-0.05164621,0.088515404,0.014025767,-0.010117479,0.050665828,-0.103954515,0.113645624,-0.028963663,-0.069721178,-0.11686251,0.020866442,0.084407354,-0.008852856,-0.092665493,-0.130401877,-0.110207783,0.089316144,-0.036001671,0.014026452,0.084805832,0.055985951,-0.035318672,-0.006529338,0.021024115,-0.084524671,-0.035836129,0.016772727,0.003307488,0.068325428,-0.009974807,-0.019620115,0.018688766,-0.058810676,-0.015921136,0.091986669,0.027820097,2.81452E-14
01ADL0118,-1.910635269,3.129971132,-5.556617635,-0.441503802,-1.79687866,1.431745792,-4.300213373,0.280379764,-0.803058579,-0.917312714,-0.626296304,-0.034378456,-0.335745739,0.82807857,-0.190424602,0.528211471,1.241406427,-0.200203739,-0.908675962,0.188637043,-0.373039798,-0.319725352,0.891239419,-0.374022254,-0.137362431,0.139419001,0.386474602,0.019678007,-0.449705905,-0.221878773,0.243192249,0.416338276,0.300839523,-0.059170723,-0.364866352,-0.241662773,-0.055387583,-0.040904448,0.035858451,-0.02878002,0.110265835,0.132768886,-0.104857116,-0.134304238,0.063097848,0.095795295,-0.257070119,0.117965293,0.002115056,0.429060208,0.192412018,-0.007093205,-0.02117944,0.038350664,-0.018062635,-0.086935339,-0.005522854,0.129164781,-0.06793868,0.361254951,-0.045955894,-0.077629071,-0.00800966,0.11356413,-0.185547287,-0.329689142,-0.059696192,-0.113817156,0.1175649,0.14444059,-0.041237956,-0.140633469,-0.148472205,0.043832733,0.015740036,0.009910701,-0.145157139,-0.03978647,0.234230366,0.182393815,-0.03346019,0.147986097,0.069209034,0.010659106,0.120804309,0.020916676,0.053427595,0.042290369,-0.232693645,0.039208497,-0.12085617,0.007887329,0.121762161,0.027064109,0.019273199,-0.13363523,0.006351616,-0.027998566,0.018233984,0.03293501,-0.076838173,-0.021161008,0.034876907,-0.123196915,0.06535301,0.028097591,0.071053481,0.015557392,-0.082689132,0.149009468,0.003598897,0.180278133,-0.056270951,0.179454158,0.001369639,0.116250539,0.035364606,0.052604441,0.045566377,0.051189895,0.030278355,-0.129223452,0.045102661,0.11132335,0.004169483,-0.133217322,0.027972409,0.003295005,0.089632606,0.102867966,0.023440255,0.060911134,0.021841908,-0.054298945,0.023078674,-0.026210165,-0.022256918,0.028211339,0.039719928,-0.108548022,-0.159549973,0.014606042,0.040066562,0.055846767,-0.076366197,-0.167582215,0.064428678,-0.113016451,0.106532586,-0.092510667,-0.013501329,-0.101533459,-0.028986143,0.060120167,0.079923119,-0.120157904,-0.129936731,-0.005504289,0.015201304,0.071882732,0.033438133,0.02048104,0.065979224,-0.082802632,-0.054575626,-0.072710007,0.03307431,0.117984839,0.076430354,-0.034620673,-0.003538482,-0.102403831,-0.144581517,-0.077475874,-0.016584719,0.019059086,-0.038321843,-0.057718266,-0.044256433,-0.11682965,0.025259914,0.036468097,0.067403229,0.003408493,-0.049150948,0.00645175,0.093099982,0.024466271,0.063400361,1.56731E-14
01ADL0120,7.641940339,0.228165888,-0.212004592,-2.089266592,-0.157357885,1.209630888,-2.215841136,-1.133294299,-1.315864454,-2.224479199,-1.777242315,0.977161841,1.035257474,-0.709988631,-0.879094558,-0.344144344,0.466557361,0.21946612,-0.038369956,0.154264546,0.432853096,0.268345445,0.117370221,-0.127226628,-0.128510138,0.328436937,0.089508124,0.492055501,0.020333686,-0.381878568,-0.029220004,0.032533954,-0.127818386,-0.023263999,0.183716145,0.004249461,0.32139637,-0.087482075,0.092136664,-0.17281282,-0.211223538,0.294122055,-0.41903987,-0.018939559,0.025960077,-0.287471544,-0.063294333,-0.084618531,-0.282948619,0.156103184,0.090539943,0.107532095,-0.329064052,0.276946779,-0.375823496,-0.069458079,0.130715646,-0.0426864,0.130678085,0.163279005,-0.025946434,0.171531709,-0.030050444,0.071377451,0.103781806,-0.147596671,0.139691261,0.054643371,0.206933471,-0.010613894,0.109441077,0.161147255,-0.117198944,0.071925665,-0.165273121,0.102264016,-0.20854918,-0.332296234,0.347592861,0.124040614,0.029400134,-0.050752952,0.022896242,0.202134629,0.001973777,0.01814161,-0.012589521,0.049473334,0.003291076,-0.09135682,-0.029988957,0.042193228,-0.12071388,-0.047299373,0.092419502,0.101713895,-0.246617189,-0.02155853,0.137488981,-0.058041345,-0.019902847,0.057882312,0.199887303,0.108661673,0.125793143,-0.010211458,0.024124586,-0.121937974,0.128907086,-0.040383201,0.004383759,0.003155624,0.08871092,-0.082847886,0.011218569,-0.019169763,0.085927606,0.093270527,0.016926729,-0.008652864,-0.166516185,-0.123584286,-0.008652252,0.020408563,0.147351603,0.009146505,-0.048798776,0.101543375,-0.093922734,0.063583032,-0.034094964,0.010993297,-0.098116483,-0.080103769,-0.063388266,-0.096349413,-0.007632524,0.191618773,0.126495722,0.089607231,0.122867796,0.06357948,-0.041334111,-0.121845676,-0.105244824,0.043089518,0.051558361,0.030508479,-0.116105026,-0.081025278,-0.065234249,0.046051283,0.039296555,0.079101527,-0.054319953,0.05490452,0.072619658,0.153574345,-0.034866061,0.045439793,0.093177716,-0.00457591,0.053916087,-0.053841127,0.016601146,0.026368913,0.009125803,0.000525282,-0.015958156,0.026406116,-0.007919013,-0.084069836,-0.032051049,0.081772011,-0.00166807,-0.008030292,-0.068684854,0.053259063,-0.055469702,0.073433981,0.006121425,0.018941841,-0.067727026,0.074996906,0.056131644,0.037235912,-0.07604817,-0.046466526,-0.050978555,6.74043E-14
01ADL0124,9.768421725,0.186583915,4.237036444,-0.86707013,-0.09352103,0.749519368,-1.862158617,0.118581065,1.491996849,-1.185760373,-0.388257562,0.186633419,-0.671145889,-0.880632285,-1.293379449,-0.933892838,0.182797968,-0.279183876,-0.053186289,1.463655723,0.070172327,0.772172243,-0.242323357,0.25614801,-0.004408442,-0.369860593,0.121264725,0.414732039,0.169352713,0.613899991,-0.215139414,-0.413393889,-0.187456439,0.119086634,0.032538267,0.396128189,-0.013355711,0.346917704,-0.41296247,-0.202989899,-0.320675638,0.047226836,0.242291631,0.109353112,-0.255082848,0.34494234,0.020519546,-0.064972692,-0.224802378,-0.135607579,0.009604898,0.252666075,-0.118075411,-0.124631857,-0.383992072,0.07801414,0.031333147,0.033633921,0.157485992,0.155619711,-0.129282263,0.039023462,-0.231811009,0.16155891,-0.09255022,-0.029647526,0.182814399,0.14629353,0.131682351,0.288826163,-0.070777085,0.13887292,0.250745007,-0.008045058,-0.017232873,0.070205409,0.22484169,-0.066759509,-0.182395822,-0.107882327,0.057662105,0.125339413,0.165033332,-0.130941287,0.083805345,0.172613723,0.036550659,-0.033119489,-0.230529671,0.03065753,-0.182652699,-0.242771461,-0.006057432,0.024972424,-0.014859323,0.028601639,0.081278925,-0.095094557,-0.096465883,0.298834608,0.141834397,0.015101762,0.045151386,-0.079068906,0.086589373,0.003267998,0.064955495,0.117522649,0.040778398,-0.057063334,0.034441666,0.070803309,-0.10056113,-0.096650206,-0.003280898,0.021890913,-0.016612635,-0.029329175,-0.043724692,-0.031867557,0.058953541,-0.070424569,-0.056026152,0.049657182,-0.110335134,0.09928773,0.021373658,0.227470644,-0.029168686,0.05654674,-0.011810583,-0.058297119,-0.128286178,-0.023815153,-0.020488784,0.108023792,0.127443678,-0.04140999,-0.163638938,0.045857933,-0.021375866,-0.061871528,-0.034510971,-0.104977594,0.133598114,-0.049612058,0.005094143,-0.063376419,-0.000419452,-0.081663709,0.065883878,-0.020362112,0.035173374,-0.025362732,-0.108435041,0.007987413,-0.052760048,0.058264392,0.043353412,0.006459758,-0.025422714,0.004081042,0.003343885,-0.034516707,-0.074948009,-0.024488399,0.133519039,0.056336881,0.046587866,0.028887555,0.021887403,0.042581196,0.02819925,-0.021141425,-0.102722899,-0.006978294,-0.10588016,0.060784367,0.04416387,0.034802566,-0.039334452,-0.009278714,-0.024820383,0.017815744,0.031107464,-0.068694204,0.066489116,0.047953956,0.013888163,7.22684E-15
01ADL0126,-3.072200417,1.001670459,-2.81327861,-1.870232183,-0.417760934,-0.878310498,-2.274496843,0.013491493,1.264967089,-1.946769546,-0.494890739,-0.159649683,1.313209103,0.298037043,-0.849138389,-0.81602862,-0.24002001,0.400382326,-0.312762536,0.603382125,0.5401567,-0.306139121,-0.094209074,-0.307465818,0.306694319,-0.11899566,-0.122009569,0.143889426,0.245952831,-0.282319691,-0.069655903,-0.170631849,-0.34663271,0.121973014,-0.475366554,-0.077096925,0.288962956,0.253649983,0.039037061,0.145938303,0.074943891,0.108564503,-0.021409907,0.035073291,0.142907604,-0.018724871,-0.022213367,0.3029475,0.227878075,0.0968645,0.176814757,-0.093038456,0.077125656,0.240537828,0.038556396,0.296283816,-0.140122655,-0.065171657,-0.108404951,-0.328041321,0.214439392,0.073173336,-0.256026815,-0.103110821,0.255046152,-0.192300094,-0.175092245,0.015942729,-0.022143655,0.223237411,-0.287128759,-0.086948958,0.129751984,-0.096356476,0.169732168,-0.183733737,-0.176991261,-0.037638808,-0.045795384,0.01674144,0.065032837,0.235166177,0.04823269,-0.041573681,0.041088971,-0.13146375,-0.06037572,-0.062758999,0.107466767,-0.071365952,0.015424621,0.027921168,0.082048019,0.137431178,-0.145477142,-0.225546312,-0.063523559,-0.06181286,0.006896042,0.067697918,0.034426757,0.070793471,-0.012791867,-0.020983553,0.145097304,0.119240452,-0.076313576,-0.139084608,-0.030998996,0.084117287,-0.102296256,-0.003811453,-0.051420687,0.030971344,-0.003483842,0.184847707,-0.110898516,0.004158257,0.024262902,-0.189889404,-0.101790271,-0.021250281,0.110490524,-0.163970174,-0.002249026,-0.100683259,0.039728814,0.006775629,-0.053318689,0.107453178,-0.063087696,-0.121260664,-0.031607762,-0.063355566,-0.092797482,0.039850891,-0.056596978,-0.066414808,-0.033840589,0.186899266,-0.065317794,0.005321481,0.035115136,-0.02339217,-0.09339298,-0.187599434,0.102068397,0.093880873,0.023243365,-0.019970479,0.053050096,-0.036198382,-0.047221803,0.025511449,-0.040655236,0.013669318,-0.087774905,-0.039910112,0.073657323,-0.120469743,-0.015448611,-0.095948002,-0.035439394,0.021362798,0.021219861,-0.009362701,0.015688874,-0.087548339,0.030672941,0.064263097,-0.100650351,0.029809949,-0.02420109,0.04571687,0.047878887,0.051682721,0.105643825,0.062018928,0.036936329,0.086069025,0.001708355,-0.078432303,-0.016772162,-0.12282888,-0.040536748,-0.006114048,-0.049566446,-0.023412727,-0.083510165,2.33083E-14
01ADL0129,25.81288666,-2.643545431,0.30134671,-1.194050927,-0.717581943,-0.967053747,0.631086133,1.623770115,0.002232624,-2.409047059,-0.48503773,0.232887225,-0.238411197,0.150003269,-0.677310875,-0.88646197,-0.22793391,-0.107026229,-0.42374699,0.224376218,0.017295224,0.395367711,-0.730944881,-0.277902313,0.754442912,-0.288311705,-0.085938391,-0.120938644,0.756324353,0.554121494,-0.16867076,-0.281145052,-0.042742004,0.124443045,0.113211758,0.140595809,0.311293353,-0.451723995,0.409369651,-0.079947514,-0.085944127,0.269435678,0.093824114,0.344625306,0.183363824,-0.071280404,0.084274424,0.051805187,0.0763308,0.111323456,-0.133796907,0.597199662,0.034966604,-0.078670919,-0.181608912,-0.07795181,0.125123976,0.181595817,-0.036063709,-0.01365281,-0.050227617,-0.054418895,0.097384241,0.064045857,0.149614349,0.090483129,0.049755199,-0.030897452,0.055587822,-0.134143397,-0.146462279,-0.27201031,0.032380493,-0.061645889,-0.0614281,-0.176234245,0.183073109,0.056354006,-0.143602617,0.157492981,-0.107477872,-0.069120451,-0.044677021,0.138635629,0.04440609,-0.022331099,-0.186442713,0.057315824,0.009548335,0.162630959,0.116943827,-0.120697751,-0.037341798,-0.016180345,0.053803521,0.07574126,0.117820811,-0.099188047,0.001255098,0.018584704,0.133643586,-0.018025625,-0.024427115,0.107560049,0.06853096,0.089665638,0.06996456,0.000728137,0.039326902,0.00401721,-2.29484E-05,0.152777346,-0.151061986,0.078569084,0.027456541,-0.180276186,-0.092463546,0.045762969,0.153983341,0.052764974,0.132789156,-0.030972915,0.161044347,0.065221667,0.115445776,0.056030685,0.018121513,-0.17729665,-0.036110601,-0.071477254,0.089652651,-0.036257986,-0.120773458,-0.054017764,0.134257819,-0.100330952,-0.109315814,-0.067943278,-0.022762076,0.060013733,-0.091834855,-0.04338108,0.020049996,0.005987528,-0.09536531,0.065160303,-0.010550941,0.083909995,-0.045858487,-0.011386432,0.106167565,-0.036040049,-0.047883541,0.010791686,0.063876418,-0.052462825,-0.108046063,-0.011111764,-0.031528636,-0.023220491,-0.032189602,0.12873889,0.043011349,-0.059715713,-0.02673529,0.036126841,-0.126246192,0.020331406,0.001785186,-0.028985145,-0.105364485,-0.102562669,0.078606803,0.038096257,-0.085594495,0.085812261,-0.074619309,-0.098440477,-0.047411832,-0.00557358,-0.006091563,-0.00966876,0.037972703,-0.050677762,0.015976952,0.058721154,-0.093587909,-0.039031869,0.034841717,-1.0549E-13
01ADL0130,-3.275548772,1.239570659,3.753076272,-2.523787838,0.76817641,0.409786755,-1.455388988,-1.664792195,0.717764801,-1.23485276,-1.779427034,-0.420851514,-1.515873209,0.104414925,-1.309503719,-0.43514197,0.949175612,0.696159052,0.164908796,0.48536015,0.148938337,0.299143257,0.241538431,0.309888591,-0.182915769,-0.326354512,-0.256746421,0.039179938,0.172807184,0.176509334,-0.26506761,-0.143103939,0.110847588,-0.320472563,-0.35943807,-0.371127428,0.089526907,0.35120354,-0.160884261,-0.070088032,-0.29725728,-0.14600345,0.061538244,-0.064236367,0.033663757,0.135157307,-0.028806961,0.183384572,-0.041435579,-0.021757999,0.388272915,0.083553483,0.162446499,-0.171184491,-0.250437805,-0.064795437,0.076457049,0.11435128,0.020727028,-0.055955273,-0.206256786,0.211756416,-0.083215309,-0.084481735,0.178525827,0.102173319,-0.085733692,0.218328403,-0.163428239,0.13824637,-0.2507769,-0.158234001,-0.15433032,-0.12505662,-0.0975924,-0.135281419,0.086792102,-0.150461279,0.020207667,0.092031667,0.026252912,-0.067466394,-0.044111369,0.014578367,-0.007044619,0.048186855,0.096837768,0.094858306,0.010945386,0.001308322,0.185030897,-0.05851236,-0.050442161,-0.151859392,0.130299336,-0.140953268,-0.042532935,0.022622852,-0.059636847,-0.270520001,0.031123322,0.043679463,-0.038056486,-0.082387661,0.023002045,0.024538227,-0.004602317,-0.109872039,0.021070249,-0.15617953,0.065586116,-0.020263232,0.027062662,0.072272777,-0.035370751,0.037639064,0.003948844,-0.095689985,-0.053572945,-0.143240619,-0.036791086,-0.037927743,-0.117773067,-0.03841036,0.001795838,-0.149305778,0.03955841,0.099185893,0.012176272,0.039655936,0.045569665,0.055964892,-0.011299694,-0.068897358,0.014039952,-0.114513511,-0.112554547,-0.007272594,0.03091225,0.017328707,0.20116031,-0.001856998,-0.011502935,0.05880224,0.001162399,0.19574184,-0.029990338,0.009345407,0.034067957,0.000763906,-0.02738105,-0.061470828,0.122107062,-0.095506956,0.079857427,0.037728627,-0.014844816,-0.105811776,0.081160163,-0.066249232,0.019560472,0.069197369,-0.064552564,0.002497243,-0.018223104,-0.021586335,0.076519258,-0.019184296,-0.114014394,-0.170490662,0.012958304,0.000442546,0.086631972,-0.097861419,0.024427615,-0.080877228,0.098117215,-0.010297107,-0.085155338,-0.025872002,0.095220403,-0.041018156,-0.008684001,-0.06077824,0.015027959,0.053908665,0.062452658,0.054901706,0.123203749,3.93337E-14
01ADL0135,13.7883379,-0.219789146,-0.540141437,-1.78567715,-2.163628935,0.529423298,-1.066709913,-1.500879906,-1.451856184,-0.050578512,-0.704327572,-0.795113644,-0.692665207,0.890109764,-1.068402046,-0.375253891,0.395940174,-0.449020495,-0.400167959,-1.016370661,-0.394854142,-0.031623552,0.928117333,-0.005808375,-0.196422527,0.735571517,0.093178548,0.446439348,0.461193889,0.067436487,0.088235722,0.155635506,-0.031675772,0.223670836,0.425210217,-0.489541711,0.269111171,-0.002394629,0.464022874,-0.138318771,0.016417558,0.364053728,-0.173991557,-0.108498353,0.204335533,-0.104006562,0.037315869,-0.226560443,-0.073111202,0.076158155,0.045520832,0.134596125,-0.142147209,-0.078238584,0.39291714,0.11728944,0.077835858,0.214917399,-0.041833549,0.02870968,0.008686392,-0.126745477,-0.00183832,0.079570849,-0.161226355,-0.083688432,0.168098469,-0.306775238,-0.278039238,0.062507159,0.383104799,0.052963302,-0.077368052,-0.069886412,0.027316014,0.319569329,0.008818637,0.104798543,-0.075032605,-0.163548304,0.196019977,-0.047188017,0.216212514,0.032571797,-0.097281419,-0.103246005,-0.03654462,-0.002004709,0.058469756,-0.161071524,-0.013879944,-0.003948413,-0.020549424,0.07236923,-0.101023409,0.109977087,-0.052208447,0.087253268,-0.001241013,0.167181203,-0.052100702,0.295964221,0.004977666,-0.099049262,-0.054131864,-0.007068833,0.023908416,0.166332453,0.029556475,0.017387836,0.099792208,-0.035285986,0.02848723,-0.064555647,-0.009851332,0.150828635,-0.101935967,-0.029985488,0.000828767,0.092605128,-0.026294465,0.050177103,0.100416952,0.055253498,-0.139209083,-0.108536934,-0.173848066,-0.004009383,-0.047317481,0.118915782,0.154857556,-0.005116721,-0.042355224,-0.010778626,0.14261438,-0.101352364,0.013509815,-0.021896588,-0.032234946,0.120023935,0.183606075,-0.030591896,-0.024379424,0.078783858,-0.013018562,-0.008214629,0.003891676,-0.014796571,0.030150432,0.031207797,0.089613318,0.050742951,0.092558032,-0.035721307,-0.086671669,-0.016517856,-0.011265195,-0.139527681,0.004541141,-0.098595499,0.000571594,0.04976507,-0.026446944,0.020488501,-0.134856752,-0.023694847,0.00332378,0.033649677,-0.081786247,-0.051936797,-0.006890298,0.02284507,0.012582097,0.006119727,-0.017863129,0.152297114,0.021619209,0.012619418,0.044376766,0.008050553,0.061815308,-0.067789007,-0.030661375,0.020410851,-0.005391748,-0.034089263,-0.017077756,-0.035167685,-0.009893698,1.00173E-14
01ADL0143,-12.97514639,5.275793998,-3.707596874,-4.164665383,-3.689310028,-1.755667524,-1.815858691,-1.712521381,1.068549788,-2.39256191,-0.127426028,-1.631051885,0.119979158,-0.189147375,1.723419758,-0.50311045,0.374226777,-0.653174092,0.115924208,0.194665643,-0.492395886,-0.517917476,0.62204487,-0.433676521,-0.702618135,-0.592432291,0.272078727,0.962089266,0.694608062,-0.306957376,0.632611989,-0.518133357,-0.511462126,-0.225599912,-0.706462274,0.122141807,-0.121693771,-0.268825315,0.361716759,-0.00278196,-0.220169553,-0.171872116,-0.129042409,-0.012310776,-0.165381727,0.307711761,-0.232720101,-0.122729654,-0.097653149,-0.384150189,-0.355273748,-0.128844556,-0.088955559,0.265552676,0.309756657,0.145600259,0.118131194,0.046575309,-0.191901257,0.068558307,-0.129922059,-0.015485083,-0.083009821,0.203100866,-0.223562126,0.381197596,0.105086795,0.066481422,-0.247999159,-0.049208411,0.022887977,-0.049147515,-0.22012911,0.196163837,0.033954608,0.027716523,-0.009913166,-0.188299562,-0.035252152,0.27891271,-0.001087854,0.142834122,-0.090965098,0.048755374,0.067883047,0.167378193,-0.081698847,0.00984447,0.203258833,0.037822995,0.065803565,-0.049806083,0.021259593,0.175117964,-0.078031074,0.243153148,0.034461393,0.085004999,0.01546945,0.020963999,0.063612714,-0.116971394,-0.071072983,0.054604894,-0.159335482,0.021005557,0.149803419,0.05515311,-0.053745585,0.082077103,0.059553385,0.027244845,-0.023515908,0.268496204,0.125071375,-0.048748342,0.143368678,-0.174029457,0.102450315,-0.182972956,0.046183959,-0.004942386,0.006043766,0.02642831,0.011542339,0.066574091,-0.022598611,0.05023401,-0.00047176,-0.079468619,-0.058491284,0.015634986,0.009790706,0.044097108,0.004913379,0.127171131,0.053834788,0.066983138,0.019029073,0.034354601,0.052664643,0.042678412,0.017294283,-0.027053823,0.032311234,0.019335424,-0.030322557,0.011229604,-0.082438545,-0.069117275,-0.02765063,-0.002148847,-0.025596664,0.044917325,-0.034040923,0.004730106,0.004847634,-0.027021779,-0.054046276,-0.066985988,0.042052847,-0.035922679,-0.011783136,0.076499119,0.026401108,-0.036202284,0.058316909,0.034229859,0.015689388,-0.048572815,-0.015809786,-0.035058917,0.040363876,-0.038384693,0.016529273,0.006143938,-0.040985753,0.015049913,0.016699661,-0.023180076,0.008143946,-0.068468687,-0.002203758,-0.031474453,-0.02220222,0.050013589,-0.019145351,-0.017358224,-0.026372466,-3.60824E-14
01ADL0144,10.233772,-0.689029273,-0.683286367,0.058074144,-0.713988359,2.555304118,0.251262576,1.483112925,0.314908149,-2.035778331,-2.355962191,0.813063884,-1.611061108,0.449153934,-0.756920075,0.92563756,0.667384027,-0.350260908,-0.094059901,0.334778002,-0.357794682,0.525457436,0.678174282,-0.055756033,0.139600715,-0.026164425,0.187853009,0.302213621,-0.264821762,0.048861568,-0.512787658,0.319874493,-0.283014397,0.085807545,-0.286659717,-0.080524419,-0.245616492,-0.090963416,0.023230876,0.011840685,-0.172449738,0.104155532,0.161968352,-0.022428298,-0.007631958,-0.54212981,0.000471158,0.042645534,-0.033941966,0.054703074,0.025200419,0.393400001,0.336780363,-0.037924196,-0.081527266,0.055868984,0.071329312,0.047275373,0.25941653,0.258744489,0.075501981,-0.331758823,0.082583913,-0.045471171,-0.66625747,0.043704419,-0.159701823,-0.043234778,0.169959082,0.195405134,0.125149415,-0.004751697,-0.139809666,-0.131226403,0.051018833,-0.086716237,-0.149823866,-0.051811384,-0.128045881,-0.07443721,0.123744633,-0.137694263,-0.078394562,0.046186246,0.225677073,0.298032677,-0.16113905,0.114510132,0.077553166,0.133866919,-0.036870259,0.120960978,-0.116289807,0.004541758,-0.193578928,0.072751243,0.182847794,-0.065277031,0.053268865,-0.079706293,-0.011755357,-0.006707297,0.037664672,0.135768974,-0.066994666,-0.088447504,-0.115649616,-0.052741294,-0.121675735,-0.056875294,-0.026038252,0.071696636,-0.059959827,-0.069061703,-0.070108872,-0.048840384,-0.077980233,-0.029207094,-0.03988518,0.024335412,-0.144956161,0.065788529,0.038537226,-0.081298551,-0.094620873,0.000897112,-0.043684319,0.0178109,-0.028685133,-0.036181587,-0.125637141,0.042079852,0.050955695,0.097614075,-0.059273751,0.101400841,-0.013141543,-0.034160523,-0.043056723,0.202069146,0.010091187,-0.076291328,-0.027862177,0.037329402,-0.087641561,0.021033505,0.078224231,0.054692233,-0.112480011,0.074295984,-0.093287681,-0.047864422,-0.102271695,0.050909649,-0.009178852,-0.016947144,0.063235601,0.005137197,-0.032719517,0.042602775,-0.116494162,-0.04617302,-0.175325158,0.011164231,0.08323408,0.015997672,-0.027618072,0.005125783,-0.037229093,0.046293506,0.034738038,0.00866885,-0.024179291,-0.001405278,-0.0048376,-0.043703341,0.070584236,-0.056588693,-0.004397199,-0.044321986,-0.029477771,-0.01649669,-0.049379438,-0.001666418,-0.031987597,-0.023838221,0.040987499,-0.035369301,0.036935816,-2.93645E-15
01ADL0145,-1.159262393,3.315502625,0.822577427,-0.499006175,-2.554409078,2.414658075,-1.260860995,1.489559688,-0.685777831,-1.433099052,-1.321833601,0.007686037,1.0164376,0.29189671,-0.156081843,-0.397258965,-0.056717343,-0.016056133,0.243025371,1.245004812,-0.120231427,1.247678131,-0.583365601,0.318679519,0.103897698,0.199878433,-0.006988469,-0.521478121,0.492067275,-0.259419094,0.402906196,-0.091741129,0.153052801,-0.157274627,-0.365987871,0.113903617,-0.162833725,0.115741942,0.211353709,-0.21062283,0.352554265,0.08440003,0.031851396,0.314703258,-0.064086079,0.134093164,-0.00101495,0.101170782,-0.005825682,0.128959773,0.148439452,0.282451437,-0.185319965,-0.031854294,0.092379125,0.157076699,-0.20991474,-0.226517014,0.216269743,-0.069530772,-0.047369634,-0.138216601,0.017690781,-0.129131866,0.186221529,0.101056754,0.006366472,-0.247478335,0.193842323,-0.350025751,0.049421884,-0.054377876,-0.024288329,-0.123987428,0.10507426,-0.029873981,-0.000201306,-0.080463386,0.188567204,0.061325568,-0.172833392,0.073956448,-0.037672841,0.021672218,0.001478037,-0.129393431,-0.032136368,0.049963351,0.082512978,0.005423747,-0.053485561,-0.103187336,0.039447957,-0.178829487,0.109345472,-0.056703095,-0.082929225,0.026087842,0.218630305,0.032827786,0.115543177,-0.008747657,0.049576433,0.067037421,0.133301625,0.018068013,0.087489617,0.078368273,0.001321476,-7.8524E-05,-0.008571787,-0.072089012,0.166216912,0.183769258,0.036842273,0.113495425,0.043426487,-0.143178846,0.069191318,0.02766625,-0.004842665,0.06285568,-0.121264613,-0.144486328,-0.126063498,0.046583124,-0.076968361,-0.060690095,0.023115811,-0.004627449,0.19414411,0.130127503,0.035571372,0.00722975,0.060188558,0.141703087,0.085563507,-0.048104419,-0.061301564,-0.058439302,-0.043202991,0.002584569,-0.097650435,-0.019238713,-0.092357571,0.082307529,0.066461452,-0.03445966,0.130322607,0.044612159,-0.132711945,0.006612776,0.035746571,0.004003781,-0.067347356,-0.05006875,0.113491806,-0.099893886,0.047782415,-0.008273724,-0.138660175,0.129742952,0.008630984,0.028011873,0.030904306,0.039159297,-0.004845641,0.016900633,-0.024733391,0.021132864,-0.019203181,0.00530205,-0.091357011,0.054437282,0.087737498,-0.060140079,-0.04015742,-0.033441755,0.160059375,0.008722159,-0.056945619,-0.084835429,-0.055612383,0.072757678,-0.010265608,-0.010292339,0.037039877,-0.001723489,0.020223045,1.41568E-14
01ADL0146,21.23233739,-1.330796636,-2.293862668,-1.750888144,-2.097210074,-0.913376376,-2.469565874,0.56527712,-0.494785993,-0.764289766,-1.329569202,0.41647408,0.497226539,0.185696122,-0.437775275,0.143416541,0.60133862,0.455600426,0.404253419,0.428527898,0.54598199,0.403827859,0.623691532,-0.758219321,-0.000468308,-0.451553022,-0.240894612,-0.154367277,0.494777786,0.585308753,-0.132118393,0.119297142,-0.183773065,0.460153065,-0.161165759,0.123531442,-0.065248038,0.002040576,-0.408757496,-0.185316266,0.14726969,0.058132968,-0.348573472,0.265790427,0.1022923,0.005597902,0.228497006,-0.085192827,0.118670982,-0.009267932,0.006965122,0.032993013,-0.1909916,-0.164387833,0.043545605,-0.003443015,0.075617303,0.239348398,-0.105374452,-0.177382434,-0.008880104,-0.060274245,0.084633498,0.047571059,0.303713051,-0.17819751,0.256966068,0.229012373,0.079100016,-0.050772306,-0.050441072,0.220788119,0.102153687,-0.115803561,0.001629514,0.104406001,0.077855711,0.033411889,-0.201543865,-0.000192838,0.033611357,0.024705996,-0.180446062,-0.182630363,-0.014284733,0.158075447,-0.074849562,-0.054865261,0.195872325,-0.017090416,-0.080303101,0.244325466,-0.011719372,-0.045901952,0.062815568,0.223848738,-0.048937609,-0.099499415,-0.031218271,0.165767254,0.010845296,0.094243352,0.064636249,0.033074404,-0.056436398,-0.018243343,-0.043406962,-0.031912042,0.023727887,0.089901605,-0.051694636,-0.009594233,0.010007369,0.09558855,0.015929844,0.033808647,-0.164936202,0.027919493,-0.082985019,-0.020612674,-0.085167416,-0.006278061,0.06662096,-0.038866946,-0.076718553,-0.010127602,0.204503525,-0.034476849,0.146665216,-0.089849365,-0.056982461,0.042411756,0.13387985,-0.025805759,0.006005078,-0.005266942,0.097889326,0.109602014,0.0201188,-0.093359243,0.158625433,0.007813549,0.019268004,0.095024731,0.051747509,-0.017780781,-0.061347892,-0.091887166,0.019760603,0.044397664,0.043280487,-0.093569254,0.02721692,0.010499473,0.023460303,0.043422205,-0.128631585,-0.048809072,-0.031246007,0.052879774,0.102438541,-0.016403718,0.066289219,0.011325279,0.003250256,0.029165878,-0.175392766,0.049659672,-0.07831681,-0.055009713,-0.038041077,0.01265463,-0.017241219,0.035038025,0.05555476,-0.155293154,0.052658553,0.05207602,0.004776723,-0.132639891,-0.125476908,0.03061336,-0.007974578,0.042658528,-0.058746952,-0.004048665,0.016468714,-0.000525653,-0.096541413,2.60032E-14
01ADL0149,45.04324078,-5.749648164,-1.166124104,-1.633272428,2.709666977,-1.505929361,-2.040507807,-2.27115155,-5.258187785,0.47588552,2.629333394,-1.317734467,0.322212628,4.114709629,-0.437645944,-1.927400858,-1.275203775,-0.439438537,0.417082552,-0.198213515,-0.078226352,1.454710105,-0.967819023,-0.891746082,-1.017858411,-1.113373344,-0.763071647,1.07399968,-1.65070635,-1.456101986,-0.226277161,-0.14784067,-0.651262668,0.310235644,0.171666199,0.041112751,-0.584861294,-0.316660749,-0.161397606,-0.334292974,0.318683978,-0.096845868,0.161638965,-0.172596002,0.211793882,0.331099844,0.25003796,-0.050734147,-0.141518842,0.19123,0.105734975,-0.182257242,0.162761803,-0.177167325,-0.078680107,-0.084705716,0.00266932,0.057730816,-0.02350599,-0.092830421,-0.051350335,0.023215971,-0.123977747,0.023441214,-0.091471354,0.035512121,-0.05369576,0.050313731,0.060426559,-0.134748694,0.010216029,-0.053400906,-0.080170496,-0.007202453,-0.112718891,-0.098072474,0.008440588,-0.021905104,-0.062462225,0.037347629,0.005557374,0.046872444,-0.015032477,0.01827392,0.056600228,0.047448667,0.000170493,-0.011104063,-0.035980842,0.02477744,-0.004945728,-0.037289001,-0.047028095,-0.056255238,-0.069097079,-0.025688995,0.001493146,0.057365433,0.038202967,-0.007043558,0.006279439,-0.05299907,0.0242163,0.017716193,-0.006217918,0.020941918,-0.053188817,-0.033481674,-0.01581347,-0.005600009,0.034736323,-0.023598211,0.014380677,-0.015907285,-0.034555897,0.012660496,-0.009351056,0.000818117,-0.001634724,0.02927687,-0.014178017,0.002575498,-0.018589301,0.023230664,-0.015551985,-0.011522419,-0.0356601,-0.004677433,0.003650816,0.023966569,-0.021060244,0.007695992,0.022575197,0.009030573,-0.001092332,0.010358348,-0.009159855,-0.022877762,0.006540862,0.003313088,0.006583141,-0.020112007,0.011727981,-0.001291214,0.00241025,0.002212936,0.010434877,-0.008746296,0.010508018,-0.003634169,0.01488819,-0.006819559,0.00128344,0.002930715,0.005671801,-0.001969533,0.008905733,0.010044747,0.000712312,-0.011216285,0.008303991,0.017498555,0.001018429,-0.015986048,-0.01362289,-0.000348124,-0.000551939,-0.008936949,0.000141855,-0.010815825,-0.002934895,-0.005296653,0.010898029,0.004411712,0.009060479,-0.008982741,-0.006184086,-0.002604397,-0.000222176,-0.008743331,-0.005472749,-0.004291309,-0.00758582,0.001272437,-0.005227844,0.000507549,-9.29096E-05,0.000261923,-0.00314117,4.89047E-14
01ADL0152,16.18480512,-0.311068615,-1.376260989,-0.888401072,-0.107972269,1.41786067,-1.817672351,0.12116498,-0.893880991,-0.233803052,-0.753205937,-0.376162166,-0.111609195,-0.423070734,0.288519206,-0.390995788,-0.128810044,-0.688554059,0.059360771,0.193679293,-0.288575774,-0.254725321,-0.026561073,0.302667191,-0.37625751,0.043272196,0.461764544,0.288397137,0.466341923,-0.009538904,-0.065222268,-0.149376638,-0.426861097,0.02065823,0.000213565,0.077814323,-0.037387898,0.433973109,-0.297657161,0.155101526,-0.147859672,0.085781328,-0.28431114,-0.430477851,0.014682889,0.261734966,0.238294887,-0.203487994,0.096644048,-0.178794686,-0.061877331,-0.052297331,0.046688306,-0.081255532,-0.013081675,0.190544966,0.129994902,-0.083066649,0.34660374,0.224906789,-0.045875812,0.119998833,0.215373869,0.155085149,-0.20406596,-0.097257575,0.169198003,-0.222636137,-0.099182763,-0.029300571,0.193659247,0.274961958,0.040951351,0.017974091,0.156281631,0.154241218,-0.092888356,-0.12898309,0.062806443,0.031720065,-0.148100863,-0.060993617,0.106754378,-0.091676502,-0.042023345,-0.098582593,0.119982708,-0.158948528,-0.120969019,0.101619308,-0.192131411,0.033469641,0.062576548,-0.091016098,0.005985425,-0.164478301,-0.070018302,0.040636488,0.115235435,-0.08829223,0.048009363,-0.178472209,-0.067890823,0.172814125,-0.032875351,0.100138192,-0.103982248,0.036547824,0.011880324,0.082428348,-0.117088544,0.109012711,-0.140211461,-0.164973116,0.033149796,0.055356609,0.021390584,0.043751357,-0.035302378,0.019367851,-0.06187663,0.108211149,-0.022685888,-0.139292272,0.090479136,0.045582452,0.241161201,-0.04320804,0.145129759,-0.252054919,0.16445149,-0.044572216,-0.141654228,0.124278999,-0.023357184,-0.081158277,-0.156292243,0.078544783,0.121871608,0.054401049,-0.076921629,0.018011109,0.131334979,0.023261263,0.061462745,0.029278542,-0.051977883,0.114131654,0.163766784,0.082598603,0.066578133,0.014008691,0.015134125,0.07792633,0.033465358,-0.04662748,-0.050207956,-0.033325802,0.140371877,-0.046538348,0.048577615,0.000602911,-0.075025895,-0.02868831,-0.00130473,-0.004586564,-0.003301737,0.014261697,0.05915949,-0.047909521,0.074005994,0.008767184,0.055291806,-0.031511939,0.023328638,-0.064131166,0.022465763,-0.071472159,0.070053591,0.037338243,0.033589696,-0.024265315,-0.025167385,-0.007501253,0.019197713,0.018052951,-0.04193623,-0.026934061,-0.010238687,2.10911E-14
01ADL0154,29.83217166,-1.965911514,-3.070480136,0.270538145,-4.097963804,1.462524145,1.335942059,2.519281759,-1.823306792,-1.543054958,-0.404477231,0.927247494,-0.161849274,0.559494751,-0.359500489,0.847875487,0.243627295,0.212975278,-0.335491953,-0.220983434,-1.209778877,-0.256986141,-0.127126263,-0.306815036,0.761609153,-0.058477499,-0.006623062,-0.326845392,-0.153877192,-0.273506296,0.621996623,-0.521423662,0.459096464,0.006510654,-0.031444787,0.169106995,0.141278176,0.26157804,-0.323976395,-0.183808891,-0.11575481,0.012899076,-0.559256196,0.105826105,-0.256906028,0.432296206,-0.15867248,0.084346948,0.075653349,0.253862927,-0.009389372,-0.168039735,-0.03574557,0.126276376,0.107884565,-0.074911641,0.172343597,-0.105535955,-0.093783137,0.134410149,0.123016771,-0.155784255,0.261225701,-0.212326606,0.087494583,-0.071731877,-0.208036966,-0.300081595,0.081185394,0.036377225,-0.144081685,-0.131168455,0.036147011,-0.062645616,-0.189428125,-0.011609572,-0.147901672,-0.061992811,-0.006916878,-0.077089312,0.02406651,-0.006702215,0.183066843,0.052483535,0.10446255,0.106665506,-0.19501049,0.141710546,-0.03430214,0.053006571,-0.026017654,0.142273584,0.035248813,0.092416687,-0.01799747,0.064651179,-0.033804812,0.052309984,0.002528053,0.031625977,-0.034633701,-0.139938954,-0.002683653,-0.177733127,-0.119408528,-0.041877604,0.02160103,-0.06372137,0.072260907,0.048070129,-0.040222289,-0.032882323,0.020228269,-0.067707815,0.108805607,-0.00263441,-0.041913202,-0.052043475,-0.044678398,-0.091020341,0.070604281,0.060394941,-0.137557969,0.007112835,-0.053391048,0.052705807,-0.053462154,0.089186446,0.007078265,0.01460283,-0.051963819,0.039801438,0.098824222,-0.080457883,0.049492964,0.056086053,0.010047837,-0.007899966,-0.017209282,-0.042163103,-0.006703907,-0.052937423,-0.031214054,0.028809672,0.031045167,0.038342599,-0.068343629,0.159883825,0.062454427,0.034043419,0.094726172,0.109018008,-0.051081497,-0.077996416,0.027445848,0.05992764,0.038058554,-0.003224679,0.037445707,0.066563269,0.080063839,0.00868367,-0.01020618,-0.064899322,-0.055799443,0.039359676,0.008071733,-0.014283309,0.016989606,-0.071203977,0.120711618,0.083321943,0.035316032,0.081405361,-0.030540493,-0.055554414,-0.067142172,0.026270166,-0.152072257,0.142517907,-0.037134207,-0.163279046,0.099694666,-0.048854225,-0.05789214,-0.002478665,-0.00443155,-0.027754374,-0.02245698,-6.77943E-14
01ADL0157,6.525470593,0.551889492,-1.788896944,-1.24317809,-0.7386492,1.128657824,2.964003507,-0.922478906,-3.321189299,-0.542291002,-1.250960235,0.922642445,-0.51478372,0.573165709,-0.234053953,-0.702371473,-0.002505077,-0.766996659,-0.28520547,0.42375717,-0.737866049,0.164853552,0.816796425,-0.112231446,-0.107328768,0.411593313,0.189342611,-0.173347432,-0.020590566,0.327436125,0.183224265,0.065904739,-0.14107863,-0.284185242,-0.249750439,0.137469925,-0.049894202,0.508541651,-0.365356673,0.245454335,0.349701553,0.2266068,0.076238853,-0.350326044,-0.2792253,-0.383952658,0.141510632,-0.004730282,-0.028996608,0.084022162,0.114689543,-0.391559432,-0.183509271,0.057682867,-0.178614146,0.264179492,0.044006905,-0.191225396,-0.084110995,-0.137182485,0.034064945,-0.178059873,0.027304976,-0.248631873,0.022517688,0.271752337,-0.210946524,-0.211107693,-0.106256531,-0.00952716,-0.108179641,-0.101047269,-0.123491304,-0.279352507,0.054668377,0.067812223,0.057270242,0.244610009,-0.080411484,0.145516418,-0.15073858,0.112134665,-0.155779139,-0.129471038,0.041832966,0.004774216,0.111257008,0.063442845,-0.030113905,0.147036623,0.060825605,0.017304729,0.170653126,0.085728447,0.003850841,0.026246045,-0.082471745,-0.078142892,0.080694129,0.207994323,-0.029913359,-0.040730391,0.102650686,-0.036900654,0.026861256,0.075774341,-0.245976736,0.032144827,0.103926055,0.143769257,0.136621114,0.032629152,0.076791998,0.001476109,-0.070263307,-0.096954634,0.09992407,-0.02059177,0.173717601,-0.045862658,-0.03780355,-0.027375707,0.114122354,-0.088811305,0.114249868,0.082271416,-0.009726861,-0.08564719,-0.084813372,-0.107982284,-0.106786125,0.026871908,-0.08730507,0.087728832,-0.075504783,-0.048944117,0.027800975,-0.027416035,0.112901928,-0.068692917,-0.021281518,0.030228644,-0.179752319,0.003812002,0.076693241,-0.021277362,-0.006737832,-0.034088583,-0.026584473,-0.067534837,0.075888959,0.004411941,0.095759919,-0.009943889,0.023063922,0.128031217,-0.094478711,0.036889587,-0.050891834,0.018194677,0.026909434,0.035477494,-0.002969926,0.010304109,0.031469789,0.118686117,-0.016714971,-0.044274196,-0.102145113,0.028931573,-0.010262818,0.078198879,-0.0161557,-0.088114521,-0.065862954,0.104990479,-0.022380553,0.017522055,-0.019577521,0.002109227,0.073824601,0.012919018,-0.07409708,0.05095989,0.04062934,0.002022057,0.067772973,0.049040233,0.032413759,3.06927E-14
01ADL0158,9.745524487,1.020120322,-2.752871525,-0.87286512,-3.138152976,-2.866275829,-5.638416933,1.809204317,0.692442568,-0.553764563,0.284627403,-0.263622773,0.735459811,0.526038957,1.862477493,0.251761639,-0.20567408,0.064113608,-0.472565858,-0.113008823,-0.183315373,-0.404908739,0.12594106,0.472752177,-0.655628307,0.603977478,-0.405689497,0.049767228,-0.784058512,-0.046383038,-0.082879343,0.469391617,-0.893690427,-0.629216803,0.209468119,0.433703051,0.249931583,0.052619484,-0.522970409,0.005088298,-0.214645427,-0.344271773,-0.052458967,-0.092317401,0.010501081,-0.274759307,-0.199184763,0.637374507,0.317824332,-0.256504673,-0.429199072,0.127860998,-0.128100598,-0.185857359,-0.030818765,-0.11666822,-0.549126907,-0.036843727,0.068109487,0.063800386,0.201246681,0.090096178,0.346207466,0.08249287,0.266270719,0.036695973,0.161572421,-0.09110643,-0.256839298,-0.097093435,-0.263362293,-0.048690559,0.186624869,-0.183539147,0.069292046,0.335468303,-0.023597398,0.240670811,0.329942319,-0.078350941,0.001626355,-0.041987808,0.099745893,-0.007782879,0.065543811,0.161336637,-0.175060276,0.046302576,0.02035246,0.345542341,-0.023866751,-0.050215406,0.017533339,-0.011668592,-0.009537559,0.195852285,-0.054178052,-0.166860989,-0.065225748,0.099775557,0.033835432,0.040404044,-0.041729878,0.082143584,0.034723286,0.064184077,0.035278981,0.019433093,0.012334571,-0.091294039,-0.02309502,-0.026465151,0.000385849,-0.001815549,-0.131298339,-0.001507104,0.102460602,-0.003830824,-0.077103266,0.002967303,0.028562215,-0.016571563,0.042439603,0.178219208,-0.035330434,-0.104928617,0.001543181,-0.010811971,-0.041325516,0.046129604,0.05356766,-0.07013543,-0.011887521,-0.015015631,-0.120100396,0.001201726,-0.05398639,-0.030723161,-0.027392374,0.023191527,0.035965276,0.033089169,0.015127882,-0.072640124,-0.120629056,0.037706254,-0.033756874,0.022523094,0.035028982,-0.030077237,-0.016480956,0.048448228,0.030393239,-0.038666777,-0.004695178,0.013298624,0.046645471,-0.015513865,0.001637428,0.044072001,-0.071965886,0.019684664,-0.036085608,-0.034380219,-0.011623394,0.012351074,0.022301603,0.013776125,-0.050962077,0.007998007,0.01478146,0.03640076,0.009391817,-0.042229191,-0.007601747,-0.005345538,0.057896884,-0.003092573,-0.015881239,-0.031214513,-0.006047531,-0.020707393,0.01339782,0.002076696,-0.00412603,-0.001223182,-0.028814583,0.023533271,0.011845285,1.81445E-14
01ADL0166,-1.023140562,0.137345076,6.21638176,-1.659733491,2.089708655,0.906364237,-2.231905926,-2.122324448,1.412563688,-0.614404221,-0.15851679,0.618645908,0.150695831,-0.034621575,-0.783185538,-0.777550402,-0.33718458,-0.088492248,-0.039336578,-0.129214927,-0.472898538,-0.197172496,0.290191673,0.635666975,-0.921451683,0.939124437,-0.03552607,-0.524604171,-0.70487959,-0.510425398,0.019857123,-0.156684272,0.010058843,0.307037869,-0.386945992,-0.849723227,-0.259576884,0.170247905,0.319988985,0.200574296,-0.188182048,0.093117886,-0.277504997,-0.15431738,-0.361345637,0.011561833,-0.064267475,0.09555927,0.955338578,0.237674726,-0.129860502,0.190536908,0.006852085,-0.05141062,-0.148273845,-0.058491921,-0.13462338,-0.101618652,0.068940839,0.149664655,-0.073423306,0.273104594,-0.118909504,-0.176274182,-0.07279765,0.050080132,0.278411082,0.15581936,0.181600018,-0.015922836,0.063459271,-0.134069865,0.380519836,-0.192300045,0.094395528,-0.106102215,0.058178385,-0.075888919,-0.052460106,0.093351369,0.00895047,-0.179169247,-0.024774794,-0.137075364,0.044381872,-0.106541922,0.098603564,0.115006423,-0.13135143,-0.232652886,0.17380863,0.139327618,0.010613359,0.173071778,-0.051780267,0.077929062,0.064947643,0.132284073,-0.102988877,-0.033478916,0.145807632,-0.036083237,-0.065782826,-0.046507889,-0.089497111,0.141189882,0.125515924,0.055968506,0.001586709,-0.024854264,0.035702209,-0.12191897,0.01804834,0.056868575,-0.040284138,0.037265445,0.0607655,0.035742029,0.146975324,0.006368929,0.071686434,0.10488297,0.057327837,0.079700552,-0.017437071,-0.065788894,0.121446361,0.075384597,0.102890751,-0.043175377,-0.001971939,0.072718276,-0.019714309,0.03360642,0.048116968,-0.013291569,0.101218152,0.009957282,-0.118365488,-0.007218049,-0.017011107,0.045939208,-0.102872711,0.058641321,0.071406334,0.078886791,-0.026687303,0.096333941,0.030270102,-0.057411361,0.016809408,-0.013522736,-0.064586529,0.046139047,0.005691906,-0.031654966,-0.039053579,0.090526242,-0.091302971,0.007118801,-0.038921526,0.013687535,-0.052253546,-0.014929214,-0.021084371,0.067955838,-0.015794523,-0.062534403,-0.009323016,0.035626775,0.004843496,0.047336879,-0.055848441,0.025462832,-0.009887245,-0.016426597,0.009098179,-0.029735698,-0.060090494,-0.021258455,0.012241595,0.034990792,-0.016639529,0.039247923,0.035892481,0.019414346,-0.014723496,-0.108086229,-0.080795863,1.87989E-14
01ADL0167,-3.141300618,2.321121956,0.767276208,-1.66525049,-1.635019278,-2.430112871,-1.871885454,-2.448661026,1.319461332,0.246763386,0.641949612,1.209734894,1.041077645,-0.853052045,-0.99168599,-0.297265363,0.239843618,0.018137203,0.479449674,0.646297584,1.391682058,0.427315005,-0.181942652,-0.396197448,-0.329563286,-0.231168316,-0.376214753,-0.635165351,-0.668382944,0.402321148,-0.070369527,-0.399414784,0.002041894,-0.125565818,-0.681100378,-0.227226359,-0.345765532,-0.069238721,0.261257844,-0.234330792,0.309955654,0.101325449,-0.202746153,0.042092753,-0.193194348,-0.070808511,0.545295666,-0.048474005,-0.115106281,-0.299737247,-0.342956118,-0.267729949,-0.186876958,0.333774463,0.011447722,0.303217428,-0.19295252,-0.056873657,-0.192758154,0.122501834,-0.112153047,-0.087130897,-0.050082171,-0.324444255,-0.20159036,-0.043760788,0.186601766,0.078694149,0.277084976,0.039187378,0.014042829,0.090538484,0.0420166,-0.136854904,0.106930817,0.16316812,-0.186038254,0.141262989,0.118467839,-0.084189608,0.208242583,-0.091076538,-0.128622074,0.077059837,-0.148796029,-0.066174232,0.152261646,-0.194463936,-0.163344436,0.217218888,0.050650502,0.152646754,0.154111403,0.071122215,0.009933388,0.004470868,0.028989907,-0.007620671,-0.115733245,0.044875586,0.037636862,0.133329927,-0.059780527,0.022420514,-0.031570415,-0.160977387,0.022589193,0.030371361,-0.05397879,0.006631927,-0.115746672,0.01137577,-0.10595285,-0.13472376,-0.028761892,-0.00734013,0.043435709,-0.062381622,0.062319191,0.023227339,0.006099249,-0.136017445,0.069941591,-0.080950028,0.015780716,-0.027955951,-0.129945422,-0.083197993,-0.027881858,0.034291243,0.029491312,-0.041323142,0.074136361,-0.051330137,0.077889236,-0.013552304,-0.110138925,0.03800226,0.007048417,-0.105913417,0.059584715,-0.075378153,0.058651109,-0.097781005,0.070033351,-0.099741658,-0.026994869,0.096314864,-0.053237685,0.050369852,-0.004534169,-0.036752281,-0.056566142,0.035004526,0.028771444,0.034847991,0.139736,-0.070414793,-0.008208933,-0.037749851,-0.020020457,0.101236624,-0.042668359,-0.01156255,0.017408724,-0.009696965,-0.022784206,0.112673869,-0.040580327,-0.044237111,0.061897069,0.027804581,0.000165669,0.050484506,-0.000301645,0.007580032,-0.082965359,-0.023773337,-0.02909947,0.020264889,0.027812717,-0.008507472,0.054541827,-0.078774356,0.017473659,0.080662298,0.017846629,-0.00223362,0.090810357,5.59523E-15
01ADL0169,-0.863180243,-1.538187697,0.182267783,-1.62764237,3.147983459,-0.249316743,-0.467625601,1.090565625,2.974567392,-1.981474152,0.011198344,-0.644501279,0.013455668,-0.32576954,-0.379256957,0.033680334,-0.103531247,-0.160511129,0.44036123,-0.728626717,-0.375063015,-0.074215644,-0.413445069,-0.685950139,-0.473198486,0.411085374,0.300684996,0.319189187,-0.081267549,0.205795506,-0.41557879,-0.341935103,-0.278311799,-0.506640326,0.160690153,-0.155087709,-0.160910814,0.272064483,0.03116386,0.038966887,0.546824553,0.135489336,0.238178227,0.190349864,0.15786911,0.006362409,0.326353211,0.225547771,0.173935406,0.045460044,-0.042051313,-0.081183989,-0.000557222,0.257754679,-0.450896881,0.018727812,0.265550415,-0.190426616,0.109487419,-0.120130968,-0.201694096,-0.260828419,0.109308843,0.155086318,-0.291018354,-0.266486166,-0.155648725,0.076718505,-0.075560866,0.094490535,-0.028493288,0.024273579,-0.033476531,0.273264501,-0.144018824,0.090671286,-0.091707213,-0.094576285,-0.052013597,-0.028234645,-0.168734821,0.056891421,-0.058047845,-0.099220875,-0.166740134,-0.040807704,-0.097960866,0.298507269,0.329836371,0.01844146,0.199764352,0.322829576,0.258454665,0.037371959,0.02182299,0.080391506,-0.085332338,0.018341067,0.001822641,0.081033776,-0.032865445,0.003744856,-0.037877186,-0.066332221,0.107765504,-0.037587696,0.051745599,0.145504988,-0.030190601,-0.164081029,-0.117308882,-0.008211297,-0.090894516,0.061208346,0.049298039,0.014790501,0.043628883,-0.034271619,0.023154609,0.133324983,0.036581623,0.163465795,-0.176677746,-0.020951706,-0.072392916,-0.042759881,0.038884685,-0.178553462,0.01190569,0.146723901,-0.004513019,-0.237169386,-0.078163004,-0.101192049,0.00512795,-0.100592413,-0.025125038,0.096965806,0.014277598,-0.061496018,-0.031908159,0.016012147,-0.074520185,-0.085095797,0.053255852,-0.004397814,-0.001392375,-0.113935658,-0.009087351,0.033197787,0.027039845,0.056485879,0.05038275,-0.103146573,0.015487348,-0.033578273,-0.000914302,0.042542951,-0.060485643,-0.003822088,-0.053211566,0.041127153,-0.027066988,-0.003908332,-0.000156747,0.025835463,0.033516946,-0.01020727,0.134776646,-0.019674346,-0.021266989,-0.001101122,0.014055145,-0.027147653,-0.016149737,-0.043453494,0.040739017,-0.040465639,-0.026347981,0.011957287,-0.018890667,-0.027349744,-0.037631539,0.032720747,-0.032563623,-0.022488859,0.031069225,0.008359213,-0.019510714,2.94148E-15
01ADL0170,6.056538708,0.471120835,1.152763995,-1.068929857,0.280779481,-0.416133423,0.039212077,0.166164103,1.704032192,-2.351442951,-0.724847892,-1.368076428,-0.203491063,0.740881412,-1.200234735,0.037595758,-0.401828018,-0.246020223,0.184796498,0.262365567,-0.181276814,-0.861869226,0.201797717,-0.118384371,-0.599887553,-0.207663671,0.53449838,-0.136175469,0.31360719,-0.682595808,-0.18655056,0.120574806,0.671436071,-0.335745297,-0.09736485,0.068902396,0.072804029,-0.120012411,0.137173512,-0.21973509,-0.402810585,0.147805916,-0.116107615,-0.089280177,0.017254983,0.22057262,-0.294735408,0.246402911,0.117586802,-0.009571897,0.130739928,-0.099036414,-0.026793293,0.210299008,-0.204669271,-0.055777501,-0.255813797,0.029580457,0.019859002,0.139561733,0.266118939,0.162713435,0.06662969,-0.052624406,-0.101421787,-0.079301406,-0.240237891,0.05127002,0.015279161,-0.108781113,0.013311267,-0.129263892,-0.04277223,-0.074124846,0.117951064,-0.092218931,-0.165218818,-0.015819946,-0.022037928,0.099627093,-0.024845039,-0.016809653,-0.041292577,0.053734877,-0.046884059,-0.044043496,0.140312933,-0.123886195,0.21483552,-0.06872267,-0.075400667,0.003483384,0.077968444,-0.020101847,-0.026690784,0.059252072,0.145901502,-0.09675203,-0.028356239,0.199866086,0.079367227,0.017006464,-0.00459098,0.047364688,-0.123551321,-0.202674343,-0.093917423,-0.169036906,0.290069822,-0.053469051,0.190787931,-0.04725242,-0.086013016,-0.061910812,-0.121682134,-0.176815108,-0.073133944,0.027726245,-0.068301834,0.188937901,0.151306279,-0.066205924,0.091344757,0.015003514,0.013700745,0.096767853,0.0048358,-0.03179931,-0.072985749,-0.030783424,-0.008697251,0.06139378,0.097701581,-0.078551396,0.059423377,0.002637985,-0.051254315,-0.0216694,0.060805226,-0.088516773,-0.000786264,0.173794494,0.09099266,-0.023134937,0.0897789,-0.019189616,0.069549726,-0.033706986,0.011455031,0.130489628,0.059621315,0.02597011,0.007643066,0.01273982,-0.112751264,-0.109784952,0.008574027,-0.096459483,0.047396676,-0.043211038,-0.070898781,0.044619065,0.066709299,-0.082102251,0.036741252,-0.030448374,0.040491564,-0.071007411,0.059729597,0.08214348,0.075041145,0.00262332,0.116444714,-0.009035904,0.018365346,-0.032974398,0.056403446,0.170868714,0.036708292,-0.062431375,-0.007463106,0.024402208,-0.028444938,0.060560149,0.024470056,0.020655123,0.022124846,-0.035813486,0.028867778,1.61618E-14
01ADL0171,-2.111402323,1.1399665,-0.149550099,-1.086665811,0.280934161,-0.213863848,-1.375918391,-0.100197051,-0.565956701,-0.903698923,-0.791236222,2.201266568,-0.312077399,0.205873048,-1.096237672,0.285933437,-0.345660596,-1.259041351,-0.121676869,0.227742081,-0.342382048,-0.338324285,-0.336244599,0.182354363,0.369459841,-0.081530561,0.402544975,-0.04751372,-0.321572666,-0.095243674,-0.337336826,-0.549413173,-0.220156502,0.063257847,-0.179570324,0.085321402,-0.080460997,-0.144554576,0.129243424,-0.031514747,-0.007099084,0.388843197,0.608250049,-0.012505101,-0.722238987,0.0426341,-0.177972393,-0.10825961,-0.078059573,0.301915114,-0.091935806,-0.04346891,0.094058737,0.264723733,0.173502476,-0.240134688,-0.221003222,-0.323591612,0.05742499,-0.03627632,0.141695156,0.226422383,-0.042126457,0.116769087,0.160233648,-0.216502842,-0.118277552,0.028658311,0.040985818,0.353662395,-0.037495389,-0.115998399,0.005388172,0.09250178,0.069591077,-0.046881163,0.149809496,-0.115877506,-0.01016279,0.022625813,-0.040570717,0.053603723,0.146558113,0.067294769,-0.128417468,0.056938365,0.036338442,0.057325376,0.007290527,0.212849369,0.073578149,-0.07759488,-0.105262931,-0.132073354,-0.06328981,0.04943495,0.10513817,0.010661298,0.053828217,-0.12390346,-0.1310759,-0.026867724,0.118571673,-0.110983721,-0.174695764,0.075775361,0.051918217,0.071721613,0.075281766,0.101417753,-0.098321459,-0.08021463,-0.191720003,-0.012383244,-0.060714116,0.002635577,-0.060461411,-0.101219589,0.026160361,-0.023774901,-0.114557856,-0.026625493,0.080850924,0.050850587,0.080170271,0.182485159,-0.091498776,-0.097582161,0.052225027,0.072974994,0.095082716,-0.048270715,-0.055829102,0.094722885,-0.030700174,-0.007467182,-0.073285119,0.119270587,0.049333159,-0.159572067,0.108331481,-0.072733168,0.030020381,0.121217724,0.01336617,0.047068046,-0.123879755,-0.103126973,0.023013057,-0.0632182,0.006292908,0.052585157,-0.042260716,-0.08842633,-0.038458072,-0.121899038,0.073252043,-0.061830606,0.051296741,0.033858142,-0.040930936,-0.047333609,0.034133447,0.097675971,0.043828331,-0.023705626,0.023989661,0.061363824,-0.121627481,0.00804986,-0.060794302,0.054141977,-0.032033166,0.050225741,0.020859809,-0.003038156,0.083971676,0.01637739,0.016894257,0.002833071,0.02863997,0.08901038,0.026294256,0.025699695,-0.036828839,-0.033629668,-0.078483875,0.0405801,-0.077898505,1.42626E-14
01ADL0173,8.405253622,0.381136169,-0.947746039,-2.22440512,-1.300293114,-0.243784662,-1.672436224,-2.177536518,0.243273474,-0.845558577,0.236364828,0.49813955,-0.021556905,0.561912019,-1.477320981,0.054611613,0.146458084,-0.025754276,0.140003923,-0.677357105,-0.527764568,-0.620264559,-0.495137006,0.531005872,0.277190509,-0.336006725,-0.105972277,-0.21318035,-0.002221381,0.120761174,-0.379579072,-0.073825372,0.218074936,0.278477844,0.132682464,-0.155800901,-0.228795346,0.006279498,0.1098611,-0.030613537,0.151231046,0.461175132,0.072431689,0.234079474,-0.039739764,0.027214263,-0.334301127,0.29848585,0.029239888,-0.032116414,-0.08851172,-0.109591539,-0.190712121,0.178051908,0.121330945,0.375419625,-0.20752111,-0.04093383,-0.119161407,-0.240656683,0.268489329,-0.167437656,0.227435784,0.10056677,-0.024396038,0.090866544,0.064748591,-0.130813753,0.032469591,0.089791921,-0.112132512,-0.003526822,0.215268056,0.288272505,-0.222356102,-0.138819977,0.06774512,0.023261135,-0.031177439,-0.142280184,-0.26486554,-0.016200957,0.113416852,-0.090155747,-0.290420982,0.035226089,-0.030968895,0.076695517,-0.041710382,-0.025135771,-0.069303137,-0.017433836,-0.001662126,0.006208388,-0.040294882,0.095090314,-0.033191489,0.030946643,0.03513608,0.011090119,0.055343346,0.045364391,-0.004351314,-0.063181469,-0.049193441,0.058195284,-0.01696728,-0.00653912,-0.035372033,-0.149906914,0.092946357,0.060869059,0.022032517,-0.029798243,0.156843433,0.115673788,0.02118824,0.101630673,-0.028433104,-0.072568851,0.173667403,-0.068332705,-0.003549106,-0.105518049,0.06575455,0.105857597,-0.044153314,0.049927835,0.152340979,-0.01841171,-0.057841761,0.108177421,0.023265528,0.07529078,-0.18860263,0.019783991,0.00275864,-0.003955746,-0.069470641,0.134504614,-0.000511199,0.036273654,0.179449534,-0.04624719,-0.019800431,-0.02737992,0.042541899,0.028116426,-0.032647409,0.122060601,-0.063057513,-0.005065398,0.142242478,0.081703392,-0.012169966,0.017553012,0.06840831,0.153141276,0.037105747,-0.034573543,0.099985516,0.101788778,0.002008798,0.143890106,-0.043694872,-0.072920982,-0.044130019,-0.084580695,-0.025961167,0.002346494,0.034120659,0.008610728,-0.063510092,-0.040855139,-0.022308946,0.048747727,0.026856673,-0.081740096,-0.041153035,-0.095229359,-0.049814799,0.053099832,-0.022843074,0.061793858,-0.05244325,0.099030966,0.000362422,0.050476481,0.10140872,7.42967E-15
01ADL0174,22.84360302,-2.533151417,-2.277833596,-1.534241726,-2.011279866,-0.951260151,-1.807426092,1.163870122,-0.835548833,0.666459084,-0.933852177,0.06060847,-0.154276966,0.275258483,-0.63175023,0.770280781,1.212366952,0.460176299,-0.628683166,0.057580292,-0.296374627,-0.043811221,-0.14334462,0.908970492,-0.356358615,-0.155647887,-0.373265545,-0.046819485,0.329807334,-0.162752027,0.384727765,0.06267067,-0.277301172,-0.140093612,0.066168572,-0.143737682,0.176648707,-0.18701017,-0.17932431,-0.035999174,0.09932825,0.062426033,-0.19142261,0.008336898,-0.104297103,0.124246745,-0.015664837,-0.188653167,-0.405076824,-0.077789736,0.242473728,-0.040681766,0.21704981,-0.346876733,0.003720901,0.12261688,0.072885406,-0.134352516,0.064086678,0.173427986,0.313318309,0.062329287,-0.02764594,-0.009851332,0.379857356,0.073414683,0.00411243,0.107398214,0.078252702,0.098172233,0.058389948,0.049608728,0.240915722,-0.072387441,0.10000088,-0.046085682,-0.08746918,0.111188875,-0.114058511,-0.001918246,-0.085476847,0.158052256,-0.236487983,-0.178946622,-0.216252465,0.071031864,-0.079428973,0.241060712,0.183059602,-0.259362793,0.040683768,-0.051262654,0.017519304,-0.106957427,-0.048643239,0.003343735,-0.011482453,0.008793685,-0.14863838,-0.010595026,-0.126755835,-0.005657966,0.03345944,0.096970426,-0.006480987,-0.129022005,0.189590566,0.025253163,0.007392159,0.151649014,-0.079612941,0.018415784,0.019600713,-0.042745434,0.01565612,-0.061109834,0.089904572,-0.045115715,0.079598498,0.033571244,-0.048017728,0.076797132,-0.007369369,0.012397687,-0.039015267,-0.060474605,-0.175924686,0.014413797,-0.025166309,0.022928184,0.078271857,-0.044840204,0.084229177,0.154967436,0.026890768,0.112186171,-0.052613606,0.045036759,0.019921881,0.020511297,0.00888396,0.056295925,0.040674693,-0.117818773,0.066554856,-0.002114841,0.077057141,0.031370857,0.042196551,-0.042247807,0.000954275,0.011187385,-0.010405742,-0.065692671,0.021122227,-0.044291568,0.005566997,0.045508452,0.030383725,0.078386017,-0.037565484,0.008597871,-0.076963331,0.043464765,0.094077908,-0.006353117,-0.097137644,-0.021699407,0.199240005,-0.093344376,0.021766699,0.004634593,0.045043787,0.028764431,-0.003803782,0.111138695,-0.012568465,-0.004969297,-0.024722437,-0.016768069,0.071637276,0.170511592,-0.019003985,-0.110099316,0.122994736,0.031555154,0.068542842,0.009682648,-0.031189325,1.87133E-14
02ADL0006,-18.9002001,2.989846795,-0.998395992,1.715621143,1.922463253,0.835838313,1.628184408,-1.47456605,-0.718761319,1.687052421,-1.306557401,-0.833991432,-0.817862847,0.034647472,1.295429418,-0.728244597,-0.598789136,-0.316687426,-0.945271447,0.86621221,0.104976902,0.223641886,0.016391148,0.165599333,-0.023725579,-0.669821996,-0.412915886,-0.118007724,-0.371958311,0.404202916,-0.74826923,-0.050929066,0.345553282,-0.076379302,-0.344603813,-0.631351127,0.043197444,-0.072376843,-0.217417334,0.336746921,0.013306349,-0.39252829,-0.4286324,0.040517108,-0.193785905,0.108538672,0.355874737,0.046830195,0.04424663,-0.113886777,-0.132695285,0.353732405,-0.309391606,-0.06541559,0.292508185,-0.26722468,-0.26618018,-0.090824019,0.190532872,0.392929768,0.273768639,-0.242104503,-0.010578663,-0.191899509,0.067779871,-0.231954303,0.151327168,0.016505689,0.221638449,0.20086712,0.059799559,0.18320516,-0.31575805,-0.039439349,-0.170681802,0.012248981,0.156910318,-0.118599671,-0.05676543,0.013520784,-0.202579375,0.109449369,-0.015579615,0.102803524,-0.061601819,0.102379012,-0.046778699,0.040943638,0.214454335,-0.069578473,0.048486047,-0.081579713,-0.069848584,-0.262682206,-0.179249945,-0.028834453,-0.069219681,0.03353965,-0.074982037,0.056669178,0.106177509,0.058258667,0.112047172,-0.047067344,-0.19509936,0.015473177,-0.049707371,-0.019414054,-0.123395521,0.099355985,0.091653361,-0.041257514,0.182982844,-0.035453284,-0.06122626,0.007890971,0.016391938,-0.08683987,-0.142341172,-0.067878986,0.135217095,0.052424849,0.032816468,-0.030248467,0.083030874,-0.000343122,-0.084680361,-0.087676396,0.171383634,0.060556481,-0.057539541,-0.19644733,0.041497795,-0.01075297,-0.050193215,-0.067410282,-0.022668774,0.035043258,0.048976189,0.039523672,-0.061418976,0.088118077,0.036428441,-8.04972E-06,-0.010162558,0.006790623,0.03514664,-0.036443643,0.004751619,-0.000735389,0.057122365,0.085188589,0.077268468,0.104584471,0.03891571,0.041315062,-0.126427323,-0.0026704,-0.045923109,0.009901869,-0.081370502,0.037983387,-0.012294337,-0.029140932,-0.021890412,-0.019621615,0.068941256,-0.040573828,0.014539262,0.025201318,-0.057646741,0.007670231,0.037261936,0.049676136,-0.001452942,0.025520372,-0.039777757,-0.003996283,-0.008623893,0.059759188,-0.019678346,-0.029887443,0.059951918,0.018871238,-0.005700008,0.034771154,0.001591679,-0.012473383,0.004398982,-7.16206E-14
02ADL0007,1.942492987,-0.134175036,2.252994857,3.421783578,-2.517245681,0.857887008,-0.498286797,-0.119820971,-0.477935654,0.234878623,0.479582012,0.414638528,-0.614396984,-0.458455644,-0.256657532,0.014872919,-0.505328961,-0.206414251,-0.140668103,0.119229915,-0.277104175,0.116590914,-0.075185239,0.658748845,-0.108886084,0.263494243,-0.578817715,0.041608682,0.253307004,-0.269423861,0.342149503,0.462123538,0.383084582,0.373863211,0.384636616,0.211493404,0.034612089,0.212758204,-0.204968922,0.073660883,-0.056365132,-0.204224897,0.406301512,-0.533095238,-0.237719283,-0.017519669,0.196970375,-0.03882215,0.100905454,0.280950637,-0.052300767,0.373969132,0.232830481,-0.023699719,0.14020613,0.234868535,0.052457025,-0.11021651,-0.063261978,-0.34231893,-0.004209103,-0.119771244,-0.216874996,-0.046588472,0.057771333,-0.045585586,0.013354279,0.02539436,0.011603053,-0.090457191,0.061702889,-0.110027541,0.148089469,0.037919845,0.032828286,0.149670393,-0.070421143,-0.050200682,0.2549847,0.165785044,-0.191035077,0.0690783,-0.004210169,0.134810405,0.290993813,0.102435464,-0.011984748,-0.208267248,-0.039293706,0.040737684,-0.048783182,0.118331113,-0.114035995,-0.066473132,0.113474065,-0.012008399,0.019281505,-0.01280756,0.045838496,0.25533755,-0.006881338,0.147921592,-0.041146985,-0.118398291,-0.1704279,-0.05125525,0.052103318,-0.041101621,0.039251109,-0.146379882,-0.035684783,-0.034549334,0.04578804,0.049260305,0.00820667,0.088717873,-0.041794282,-0.183260895,-0.072921922,-0.041446484,-0.006382646,0.027654629,0.176812305,-0.118514728,-0.018837013,-0.053152212,0.009406063,-0.025937358,0.042468575,0.04384581,-0.091592412,-0.18220668,-0.078488267,0.049496079,0.010573937,-0.046935283,0.093445223,0.016546415,0.112575672,0.022033393,-0.002638135,0.075560459,0.020889414,0.059245325,0.118909764,0.038363028,0.072704005,0.01607952,-0.065286578,0.000724854,0.02115554,-0.000336256,-0.098258653,-0.125747344,0.047949047,-0.144806536,0.111178249,0.061527983,-0.092672944,-0.052129516,0.036431916,-0.104411646,0.08839353,0.034310725,0.009056727,-0.096274587,-0.099894826,0.058676923,0.104040674,-0.07211008,-0.042590022,0.007144378,0.019382181,-0.06480097,0.015518897,-0.054252078,-0.01924196,-0.021096474,-0.043589873,0.052618023,-0.035020072,-0.033733936,-0.061932265,0.004679972,0.065695526,0.106070615,-0.006614655,-0.011342808,0.115906489,2.37326E-14
02ADL0015,38.50407907,82.25984285,4.852106472,-1.649314284,6.520591605,-0.785578521,1.938565293,0.211580543,0.618295348,0.776432987,0.645899297,0.084324,0.213345477,-0.280657858,0.173931148,0.504808291,-0.128797653,0.542905066,0.064530725,-0.151030755,-0.263835294,-0.163299474,-0.016352068,-0.166985944,0.081606647,0.037594401,-0.004331443,0.019565259,-0.0291355,0.034480743,0.041412557,0.050192977,-0.063866341,0.069377315,0.099977067,0.070806522,0.027998004,-0.025885678,0.018677934,-0.053726237,0.074284483,-0.023914111,0.034627388,-0.033051791,-0.006012493,-0.035326236,0.004752795,-0.035314005,-0.010428183,0.008746545,0.022645587,0.019792941,0.00768288,-0.040946369,0.025993701,0.006450607,0.031456371,-0.00107886,-0.001446192,-0.001804677,0.027117433,-0.002879768,-0.037174502,-0.002646383,0.006575976,-0.012556611,0.010381717,0.00174877,-0.004215469,-0.004911387,-0.025719211,0.014503084,-0.023825086,-0.012758326,0.020778298,-0.019080498,-0.012213076,-0.005771583,0.020120996,6.21452E-05,0.010301428,-0.014173049,0.007254293,-0.001341,0.002808332,0.00672343,-0.00092828,0.002242102,0.007813936,-0.011847629,-0.004369224,-0.003098833,-0.009922472,-0.014322858,0.004143286,-0.014327052,0.01003396,-0.004325241,-0.00668471,0.002913186,-0.015462508,0.006052433,0.006984765,-0.006123557,0.00092732,-0.005178383,0.002241237,-0.003768635,-0.005279162,-0.000227689,-0.00753701,-0.00171047,3.15519E-05,0.0011568,0.007195242,0.003292986,-0.000850898,0.009256326,-0.000122211,-0.005467289,-0.006054261,-0.007681176,-0.005225985,0.002556142,-0.000514106,-0.004674974,0.005052672,-0.000964081,-0.005585511,-0.007386527,-0.005879023,-0.008502603,-0.00362378,0.001632653,-0.00222417,0.001309102,0.00038203,-0.006286863,-0.000510802,0.003804266,-0.005424774,0.0044658,-0.004245415,0.003950353,0.003235081,0.001608285,0.001679371,0.002587283,-0.002947074,-0.004550674,-0.003577434,-0.00223712,-0.004921298,0.001127625,-0.003480185,0.00101649,-0.000180796,-0.004805861,-0.000554584,0.003920627,-0.000144303,-0.002285582,-0.000383437,0.003746061,-0.002410774,-0.001475918,-0.002274476,0.001209072,-0.004652677,0.006061351,0.000776953,-0.002997006,-0.001021214,0.001114618,-0.00189675,0.00344808,0.002458347,-0.001921965,0.00020563,-0.00157512,0.001876657,0.001789173,0.000579712,-0.000793442,-0.002405228,-0.000594566,0.001453023,-0.000375803,-0.00077592,-3.96713E-13
02ADL0020,-10.04649301,0.408644801,8.229083609,2.390393407,-0.866005312,-0.296884522,-0.995240639,0.659073961,-3.307979355,-0.786558443,1.649707245,0.400022161,2.475379659,-0.137073439,0.034115643,-1.486262026,-0.211147404,0.922833155,-0.755517488,0.938462024,-0.546848684,0.35237074,0.014056276,-0.207974686,-0.257931281,0.342184248,-0.610621216,0.096211655,0.590491118,0.260427735,0.036262495,-0.458842847,0.349673,-0.18807395,0.384763133,0.093655959,-0.17912359,-0.61587357,0.484383566,0.30914008,-0.489593889,-0.078054508,-0.417312521,-0.047148879,0.347646702,-0.475553612,0.044906808,0.210589796,0.395424407,-0.063195813,-0.032869313,-0.210002226,0.341301695,-0.151071277,0.008088521,0.201270518,0.280009686,-0.003458309,0.455261276,-0.139851959,0.155610393,-0.042993391,-0.095554352,0.34213975,0.034033802,-0.148134207,-0.059264779,-0.227777492,-0.08746662,0.341891694,0.042345444,0.209608672,-0.116770232,-0.198270403,-0.116115907,0.006987659,-0.001831551,0.118815736,0.126059187,-0.090127448,-0.089729492,0.002321009,0.043683244,-0.09132687,0.17371216,0.229230245,-0.043571464,-0.210647121,-0.037746174,0.012507225,0.211280256,-0.021640811,0.134203447,0.146536685,-0.045900235,-0.118099054,0.02487576,-0.045075613,-0.020093712,-0.108817227,-0.16161509,-0.045854726,0.086516934,-0.214714956,-0.149002113,-0.140534119,-0.031046107,-0.05388742,-0.0422326,-0.108888972,-0.084063123,-0.069134917,-0.057942034,0.109217681,0.096486995,0.025536663,0.068403328,-0.073825528,0.023276673,0.003396398,-0.016115483,-0.041907003,0.004037039,-0.006874858,0.033259692,0.151345539,-0.051416758,-0.033063431,-0.042048474,-0.012272486,-0.01094114,0.13024665,-0.020530466,-0.067781159,0.038624553,-0.09233929,-0.007324094,0.018197087,-0.019669886,-0.031108773,0.041895636,0.058420441,0.102571057,-0.023692019,0.104039716,0.028459176,-0.023905901,-0.005842653,0.054452904,0.029078082,-0.092641399,-0.067132346,0.026010081,0.001097336,-0.047938971,0.045303501,-0.043203908,0.009205147,-0.023284273,0.065937982,-0.068069814,0.035209516,-0.03075753,0.031247725,-0.028840654,0.036645387,0.014823433,0.006600319,0.0524303,0.024220499,-0.005824578,0.008292499,-0.002241379,0.038268159,0.002984461,-0.004614304,0.005072114,-0.000362894,0.010745151,-0.035873125,-0.021162158,0.038189743,0.02168083,-0.009880948,0.020656719,-0.034425196,-0.003667767,0.036919269,-0.004243738,1.28782E-14
02ADL0023,-1.497738924,0.811999732,-5.30628215,2.36843364,1.061556607,3.817541561,-1.00553167,-2.809569459,-1.160855449,-0.373673678,0.307078739,-0.817107927,1.159217009,-0.476910889,1.026367319,-0.004943085,-0.006792167,-0.405173844,-0.41807124,-0.236028809,-0.083009241,0.792931551,-0.067967556,-0.216161015,0.503404559,0.528399062,0.479509505,-0.159811494,0.497605215,0.119609034,0.046783236,0.22526402,0.169145375,0.150840362,-0.192061301,-0.055272748,0.117308399,0.074304868,-0.16222915,-0.672399536,-0.363675763,-0.083247614,-0.320773859,0.043382731,-0.133923448,-0.176547744,-0.128823911,0.009734552,-0.173275468,0.287055618,-0.075565676,-0.229754342,0.104158805,-0.206937558,-0.106527388,0.050124668,-0.041515675,-0.010282679,-0.191823342,-0.112163823,-0.376475716,-0.032225874,-0.279330868,-0.411660966,-0.015384029,-0.084641568,0.155428624,0.091704109,-0.283456489,0.035389873,-0.0377648,0.098846944,0.060088784,-0.228656964,0.042853286,0.214107615,-0.051088861,0.032433065,0.012013847,-0.038673004,-0.097365824,-0.021719549,0.070879656,-0.065875813,-0.051496167,0.15394989,-0.018966842,0.208359618,0.270308923,0.058097053,0.112320885,-0.18608111,-0.005055424,0.105188864,-0.220210772,-0.190370118,0.164328688,0.170719116,-0.058514125,-0.066212456,-0.016661732,-0.260473135,-0.08098076,-0.000337346,0.007520327,-0.01439956,-0.055221986,-0.085161572,-0.013959956,-0.072587194,0.105713796,-0.008003,-0.057481502,-0.231034309,-0.007335979,-0.094458013,-0.075005598,-0.000129535,-0.146960852,0.018379712,-0.023544954,-0.084560272,-0.080514425,0.062194303,0.021225737,0.010527887,0.036708478,-0.064172283,-0.059442934,0.206886729,0.040785164,-0.008747005,-0.045183616,0.030422516,-0.023532518,0.048734717,0.040021595,-0.045893827,0.028451856,-0.031573419,0.010117269,0.017508206,-0.035173055,-0.05224797,0.049595674,-0.006797858,-0.049073106,-0.002589082,0.017163126,0.010305663,0.173719603,0.01864182,-0.100019915,0.063242862,0.000736621,-0.043974847,0.05044215,0.019032191,0.014414164,-0.01104682,0.023133588,0.121186372,0.006214735,0.111620128,0.00094869,-0.051394694,-0.031047522,-0.047525714,-0.01250686,0.021486401,-0.026358573,-0.127835231,-0.10421579,-0.068149356,0.096708304,-0.036690743,-0.035683465,-0.076906211,0.00289472,-0.042813952,-0.089222465,0.003657515,-0.037448633,-0.000211917,0.028828922,0.058404677,-0.034256514,0.02350757,-0.034135644,7.19309E-15
02ADL0024,11.48994923,-1.618869616,-4.03462365,1.764605499,-0.909868783,-0.276983541,-0.888506833,-2.758507284,2.754716679,1.578836516,1.811135774,1.343575106,0.03494761,0.244541404,0.452728735,-0.492259557,-0.008120857,-0.363582919,0.612301694,-1.022131269,0.165354446,0.357291431,0.745050022,0.933069846,-0.20161757,0.526401119,-0.137764416,-0.322678889,0.49858903,-0.610038664,-0.088667835,0.435630882,-0.052454832,0.26686518,0.018157895,-0.244836771,-0.094589317,0.179534471,0.282824753,-0.240812574,-0.097332456,0.001210917,0.046969091,0.176406722,-0.108612417,-0.180319883,0.09574771,0.038361677,-0.208904103,0.141717771,-0.028508544,0.116738326,0.080039006,-0.070398286,0.089919645,0.100142865,0.037673615,0.178681308,-0.098669208,0.011492181,-0.069143135,-0.269109428,0.013509595,0.166481442,0.00927679,0.009418376,0.180003994,-0.121226972,-0.23241728,0.062442958,-0.13975123,-0.009064175,-0.024376064,-0.098715469,0.053389505,-0.322632803,-0.124640272,0.078917199,0.113936071,0.095796829,0.067814187,0.099199828,-0.078171612,0.112094856,-0.056456904,-0.070686892,-0.042516353,0.233358315,-0.04958007,-0.05155633,-0.145883964,-0.128619671,0.018874849,0.053274225,-0.262664464,-0.096147026,-0.105671299,-0.023981565,-0.123864314,-0.02402111,-0.08193011,0.07825037,-0.035437693,-0.114483722,-0.104158043,0.060112066,0.033918971,-0.142575452,0.028624106,0.05967336,-0.061523325,-0.048565575,-0.062959995,0.084502921,0.023654155,-0.106153733,0.039583135,-0.168410346,-0.028587695,0.026798714,-0.069654729,-0.042106692,-0.157777651,-0.112549674,0.10600423,-0.052471057,0.015709442,-0.008872876,0.006357849,-0.039033067,0.001011257,-0.080427559,-0.039011426,-0.171468955,-0.011033487,0.062242702,-0.094106594,-0.081418329,-0.001284022,-0.066339573,-0.053955918,-0.122013228,-0.067895014,-0.039620228,-0.038057451,0.012041285,-0.083908823,-0.033141697,0.011367166,0.128767275,-0.044073047,-0.01167666,0.135492066,0.06296304,-0.020316578,-0.019872866,-0.104150228,0.059420752,0.106177416,0.041735144,-0.046724407,-0.104425529,0.012149458,0.043519349,0.06327498,0.0320144,-0.030591943,0.125310406,-0.012958603,0.063270042,-0.008034195,0.068211745,0.12647393,0.056735107,-0.161032394,-0.114113591,-0.070027643,0.056387261,-0.001300047,-0.015883109,-0.017593081,0.004649654,-0.003468552,0.107739289,0.039023455,0.035228899,-0.012297295,-0.026689679,0.002147856,7.81888E-14
02ADL0026,-9.276368379,-0.709012874,-2.688370829,4.147753073,0.354623893,1.655793388,1.51311217,-0.424929151,1.953729855,0.235429764,0.818022863,-0.474584692,0.867600033,-0.768767423,-0.624438396,-0.042749661,1.460451828,1.808092692,-0.41983322,1.059459625,-0.554329319,-0.19856276,-0.152741765,-0.589778863,0.234276096,0.081251491,-0.212496065,0.031676835,-0.249683192,-0.506318574,-0.250068806,-0.056926768,-0.478212034,-0.231376952,-0.03599107,-0.283615603,-0.014120554,-0.125615445,-0.005628703,-0.327578638,-0.205478613,-0.364794445,0.403564989,0.169595058,-0.038310879,-0.088484426,0.048436053,0.101646688,-0.361376156,0.369966317,-0.009411416,-0.38000764,0.023855527,-0.156333814,0.215291772,-0.092668482,-0.244795896,-0.115333323,0.113250941,0.367933837,-0.238322982,-0.273486358,-0.109072717,-0.1182121,-0.020762275,0.096425152,-0.062561159,-0.054576877,0.029227157,-0.207971254,-0.009907257,-0.163366514,0.070570815,-0.009783112,-0.088591614,-0.054817976,0.233786055,0.110774352,0.135279004,-0.130369663,0.166257682,-0.129330357,-0.095502641,-0.112097744,-0.059153698,-0.15313409,-0.214632073,0.044553841,0.130017048,-0.073731062,-0.03404895,-0.034174672,0.084716783,-0.03707403,-0.137669713,-0.025177008,0.238149179,-0.131643512,0.215005831,0.081475817,0.18899472,-0.089325128,-0.017901581,0.031061657,-0.085200884,0.068462912,0.09391036,-0.001995516,0.031560323,-0.01967669,0.001980321,-0.136435646,-0.014171774,0.100273475,0.060655679,0.0864204,-0.25499892,0.107842169,0.045286101,0.17332959,-0.0847506,-0.037526722,0.107828468,-0.015126755,0.083452332,0.053177116,0.002437615,0.082591712,0.077399344,-0.060761982,0.088027157,-0.015350066,-0.139292742,-0.028894417,-0.056456305,-0.112763782,0.030004785,0.06453558,0.08090012,0.017668503,-0.032564391,0.070359333,0.085079833,-0.00243289,0.015394498,-0.054895981,-0.082921888,-0.007012724,-0.060845845,-0.003321804,-0.047924037,0.028918749,0.039288969,-0.083078199,-0.100024488,0.108847484,-0.052306418,0.026700226,-0.050958323,-0.013480391,0.101235268,-0.078689996,-0.062123916,-0.006301485,0.032905467,0.002575749,-0.008197634,0.020882784,0.040626524,-0.094054498,0.036607787,0.093306527,-0.028535325,-0.015810163,0.019310973,-0.008229872,-0.024769151,-0.005104234,0.019746659,-0.017871282,0.064387085,-0.04678087,0.02673863,0.025903875,0.040043307,0.006619826,-0.028725326,-0.008762085,0.026432269,2.38728E-14
02ADL0028,-22.07785946,0.061861878,5.390185404,0.951751316,2.270229278,-2.757214909,-2.076031192,-1.195102208,-2.930164735,-1.619977822,0.404393647,-0.050783326,0.232378154,1.593275779,-0.217036653,0.669022884,-1.171634753,0.901172864,0.100051788,-0.056784404,-0.643351448,0.131593047,0.101099107,-0.416731734,-0.294714705,-0.156860097,-0.747400919,0.032255345,0.753496879,1.198662077,0.252901703,-0.002897508,0.223273608,0.194550268,0.002296719,-0.067244153,-0.012013293,-0.07255307,-0.279830338,-0.285104602,0.115417463,0.17431347,0.201668512,0.118691078,-0.044559008,0.112304072,0.13871977,0.024597857,-0.386202388,-0.182756624,-0.056412133,0.153862777,-0.017857754,0.163504297,0.100682222,0.036772234,-0.24185062,-0.227978134,0.038300399,0.058926611,-0.202687764,-0.154773927,0.046906956,0.159532368,-0.266934334,0.154374947,0.003426126,-0.050100523,0.207078804,-0.052466236,-0.074841715,0.130808251,-0.166302846,0.11621555,0.34467064,-0.201450979,0.13276963,0.178336223,0.07411867,-0.076846511,0.060172409,-0.118795295,0.076018847,-0.044427216,0.154997298,0.132599231,0.101538908,0.266812429,-0.078385973,0.017325392,-0.038302862,-0.059107823,0.054251053,0.041879978,-0.075544845,0.116164184,0.085948531,0.00569004,0.009916319,-0.194947948,-0.303689574,0.126556025,-0.210247159,0.208577189,-0.082042139,-0.094818961,0.131482387,-0.15028933,0.151614414,0.05895133,0.068161301,-0.002700401,0.07980854,-0.027087697,-0.050336606,0.122389565,-0.006202621,0.098472493,-0.087266317,-0.096753235,0.067555986,0.066892549,0.054271214,-0.01997743,0.033418954,-0.073714288,0.144127244,0.025460879,0.010350105,0.095595207,0.108186793,0.059087592,-0.000426397,-0.059892248,-0.044590691,-0.04398897,-0.005585621,0.127404468,-0.030029864,-0.035624451,-0.138684082,0.05460077,-0.111666918,0.018386279,0.028860495,-0.03779365,-0.007071747,0.068718074,-0.018177295,-0.09131308,0.011473492,0.024325934,0.045892756,-0.104365816,0.077271177,-0.028721385,0.026759383,-0.008257622,0.089405604,-0.0390762,0.047394726,0.022462642,-0.028564304,-0.016851645,-0.032541802,0.044103938,-0.044879709,-0.012810762,0.058307929,0.089621418,-0.05060953,0.026638276,-0.028591623,-0.011324069,-0.008749701,0.001147429,0.032717889,0.084500348,-0.02590255,0.032434595,0.00705072,-0.008839188,-0.004894809,0.029094519,0.037860637,0.019766367,-0.011942955,-0.033871471,-0.021070826,3.51151E-14
02ADL0029,6.717661055,-0.602529102,1.335068281,4.19410887,-1.825705831,2.067626904,1.270499651,0.421191521,-0.409106235,-0.514241723,-0.487763628,0.624570591,-1.245569028,0.429151846,0.610206127,-0.287268257,-0.14254914,0.704152086,-0.515930375,0.566197775,0.850049567,-0.164033354,0.321287233,0.124221016,-0.670874503,0.449257262,-0.134776915,0.105053358,-0.317166457,0.108261115,0.294239552,0.197600692,0.185304754,-0.216804718,1.012643298,-0.078958652,-0.066726645,0.232066623,0.149161339,-0.346076709,-0.225532501,-0.160049542,0.220573455,0.161926556,-0.354027115,0.138303183,0.176617554,0.259995278,-0.220743774,0.037319775,0.102280893,0.401691966,-0.088695939,-0.05259855,0.098661547,-0.081003675,-0.059766198,-0.096700073,0.214894117,-0.104708164,-0.249938209,-0.213541581,-0.153699815,-0.013665187,0.07445939,0.146771041,-0.230650302,0.179957136,-0.227635674,0.154080118,0.030116655,-0.014278244,-0.095549778,-0.144843622,-0.08514581,-0.013688063,0.002760504,-0.009203778,-0.156163575,0.072649675,0.007433833,0.011547353,0.066433157,0.043130945,-0.188818714,0.013939807,0.250261964,-0.030653409,0.062064793,-0.062543573,-0.122266607,0.035981643,0.209112224,0.001257109,0.103642677,0.025740243,-0.028114713,0.12202573,0.084840717,-0.006181984,-0.104957296,-0.044267816,0.078888495,-0.162725038,0.052278731,0.023905344,-0.035602839,-0.007120494,0.013061075,0.098908391,-0.181082994,-0.018404654,0.010816215,0.082854641,-0.008823909,-0.083274949,0.036577506,0.122965475,0.143801571,-0.049692516,0.003415105,-0.221296622,-0.143785649,0.080277888,-0.108777267,-0.011499954,0.06029027,-0.02816741,0.068767648,-0.038527267,0.046749767,0.001809777,0.003982697,0.112768343,-0.072840568,0.090348594,0.019522945,-0.031151605,0.007156234,0.020498238,0.020717209,0.056382648,0.094681238,-0.016598763,0.057763167,-0.14344467,-0.127548657,0.151662719,-0.126964042,-0.013595901,-0.037105693,-0.025804301,0.074114155,0.032951782,0.105058647,0.008428592,0.089611698,-0.090431047,-0.036582657,-0.046966264,-0.064952068,0.015639669,-0.031389166,-0.130631552,0.005839543,-0.020678503,0.020599837,0.017781094,0.024694875,0.003893565,0.019298095,-0.002456247,0.015694288,-0.016801744,-0.007992314,0.08166815,0.051526332,-0.001867035,-0.006460126,-0.009156578,-0.10128123,0.031496914,-0.032404054,0.021482491,-0.126326446,0.087614625,-0.073813069,-0.092764472,-0.051479115,2.83231E-15
02ADL0034,9.499439697,-2.81856079,-0.463265591,1.973139561,-0.575839031,1.652283183,0.957005703,-1.739920029,0.602021276,0.467060475,-0.418675885,-0.668232934,-0.693937908,0.020439853,-0.14409751,-0.454228372,-0.649872039,0.922522027,0.564802484,0.252386908,-0.244120167,-0.760011431,0.05913945,0.109005059,-0.316888413,-0.188787245,-0.016678186,-0.04225811,0.376718092,0.396692187,0.220014171,0.115465746,-0.027867615,0.005471038,0.366265882,0.001879294,-0.204216208,-0.127709954,0.248362008,-0.269403978,0.019369141,-0.25063448,-0.135401571,-0.190000732,-0.131024624,0.057937763,0.388297896,0.055917694,-0.150257288,-0.172162025,-0.235693461,0.05803542,0.097599551,-0.268544403,-0.069712243,0.181154689,0.095816687,-0.148074237,-0.023925456,-0.101425919,0.155226011,-0.022376483,0.152957789,-0.066033568,-0.100025488,-0.120005069,-0.169189489,-0.013528187,-0.002861072,-0.043101328,0.053667626,-0.25047277,0.07988293,0.062715053,0.089793729,-0.104217496,0.068260949,-0.125267873,0.279884359,-0.048789763,-0.145155864,0.072524313,-0.068253821,-0.115283026,-0.086270757,0.07531826,0.098631461,0.096472369,-0.064940659,0.027159337,0.047717584,-0.133508459,-0.067736666,-0.047149231,0.103562554,0.035503706,-0.005726729,-0.043469588,0.004380837,0.216868156,0.054172618,0.058854011,-0.00307003,-0.096510343,0.055943535,-0.128502596,0.022595867,-0.009108205,0.109684182,-0.09953663,0.072471314,0.045539585,-0.119306175,-0.039487703,0.083376971,0.099899546,-0.10489227,-0.064242723,0.068160438,-0.180534532,-0.027422,0.016969282,0.024246274,0.009419497,0.102791222,-0.075822986,-0.072595238,-0.066618215,-0.0119641,0.040010024,0.010097356,0.01058057,0.108762063,0.012804897,-0.001571105,-0.069085034,-0.003606656,-0.166579492,0.04477996,-0.002164053,0.003707465,-0.07145375,-0.033959997,-0.064213343,-0.043243663,0.023073376,0.025005014,-0.1209963,-0.110199174,-0.015852625,-0.066451086,-0.00758525,-0.025253584,0.186349913,0.053468509,-0.051518367,-0.007653902,-0.036173007,-0.041379137,0.077192395,0.125266364,0.080377047,-0.083566723,-0.002096839,0.042428388,-0.031086012,0.016806605,-0.046682009,-0.056160757,-0.03125225,0.096169741,-0.023579771,-0.085100351,-0.124158817,-0.058840176,-0.117614896,0.040628006,-0.00851877,0.081016687,0.074888546,0.082658783,0.046754336,0.150627838,-0.018232441,0.00616948,-0.126696488,-0.033094702,-0.112619822,-0.14821235,1.9695E-14
02ADL0036,-2.213193495,2.652247636,-5.465101726,2.842063391,-2.573955927,0.335674532,-2.191315917,-0.887073491,1.754259233,-0.274419289,-0.561131722,1.766009851,2.121608726,1.169548573,0.97430024,-0.504118528,-0.43649281,-0.329277192,0.166549425,0.697391944,0.944928483,0.444407544,-0.049021273,0.072999284,-0.212267136,-0.12281045,-0.005025778,-0.476975228,-0.240225818,0.109366741,0.000594482,-0.075935476,-0.015989194,0.6144304,0.360978506,0.319760954,0.008581905,0.538793938,0.139215055,-0.223147046,-0.420686819,-0.061668382,0.346982874,0.25511184,-0.151618751,-0.27790442,-0.113423474,0.111555217,0.083832757,-0.134613686,0.095947493,-0.155675406,-0.265798188,-0.247045549,0.271083164,0.551640649,0.307108227,0.006474587,-0.270097143,0.228371619,-0.153813632,-0.067738716,0.389633679,0.122304986,-0.20279533,-0.142530588,0.043590438,0.048508955,-0.091534514,0.102886335,-0.160476727,0.046887888,-0.18608046,0.113426734,-0.063200472,-0.227449436,-0.147143946,-0.17173739,0.090887642,0.026047667,0.005034233,-0.154818677,0.173441065,0.075201994,0.000572816,-0.019935741,-0.019224757,-0.110611864,-0.092018165,-0.206989991,0.081310748,0.004979954,-0.083866171,-0.183999376,0.169640386,0.048712937,0.00400058,0.082387972,-0.066173908,0.067915962,0.190962482,-0.074724221,0.148859852,0.021014609,0.012673538,-0.062021771,0.039392845,0.110881013,-0.145503332,0.019481573,0.133528198,-0.107334818,-0.103946962,-0.065279228,0.031315644,-0.196861651,-0.142085352,0.059482433,0.077152923,0.00904833,-0.009601227,0.127849803,-0.013599699,0.050571262,-0.080139168,-0.067896791,0.097833058,0.031143016,-0.092489071,0.07969809,-0.037385556,0.049894074,0.162871403,0.046177211,-0.070065279,-0.021073516,-0.014466623,0.009810731,0.105040385,-0.034017971,-0.08951915,0.073603296,-0.035544606,0.089086118,0.024917415,0.008424851,-0.013634589,-0.035838451,0.069424195,-0.08891402,-0.034949623,0.06969638,-0.007276419,-0.063951231,0.024029898,0.02507437,-0.027141336,-0.007309057,-0.008948784,-0.015846282,0.001951235,0.059792508,-0.033437718,0.064235824,0.056278837,0.03025641,-0.03467421,-0.00339711,0.064002986,0.020187334,-0.061986253,0.015376208,0.059507371,-0.005438236,0.022160476,0.111893964,0.085646484,0.018003029,-0.029090767,0.015831248,0.021941709,-0.028356626,0.016907547,-0.000946947,0.05848857,-0.058725272,-0.015099847,0.024100976,0.037482122,-6.78979E-15
02ADL0039,20.46244271,-3.405166784,-1.008757579,1.730069752,0.818889787,0.623380502,0.58126979,0.175478582,0.805341826,-0.362188134,1.824490462,-0.01303092,-2.301075996,1.20074471,2.101722287,-1.343805793,1.281685093,0.767509803,-0.067287958,-0.023717429,-0.040582947,-0.438752803,-0.306350673,0.155195991,1.350606266,0.186523883,-0.621073184,-0.381412939,0.633250085,-0.271760445,-0.037279216,0.326696091,-0.394643008,0.150637424,-0.342605816,-0.162957469,-0.259018281,-0.334065577,0.112114348,-0.339583524,-0.282714682,0.283765945,0.156068933,0.071313635,-0.124940624,0.137388511,0.091946638,-0.083235564,0.121318484,-0.207569239,-0.138383491,0.085246322,-0.41501362,0.076327548,-0.017329901,0.011922762,-0.089537106,-0.175870811,-0.051439685,-0.064772548,0.131615118,-0.019999441,0.100026767,-0.029052738,-0.31960674,0.123956191,0.019590972,-0.048764227,-0.008653926,0.00074637,0.074597262,0.005682826,0.176691166,-0.027282713,0.124479665,0.153417808,-0.054269855,0.031812751,-0.066098917,0.027284449,-0.112178526,0.022123977,-0.17025771,0.087464291,-0.060926067,0.024252064,0.169414594,0.028329384,-0.004895584,-0.006624677,-0.057721177,-0.03417339,-0.170217547,0.068394415,0.018644705,-0.057513069,-0.015104648,-0.127342018,-0.128746991,-0.13541285,-0.056861171,0.05822571,0.196158219,-0.243322325,-0.125099608,0.017237035,-0.078144331,0.06940598,-0.145531553,-0.071529024,-0.096698804,0.02581348,-0.063972947,-0.079875465,-0.057555086,0.099432133,-0.055935451,0.048762935,0.067038723,0.075869684,0.031489697,-0.00365107,-0.026466627,-0.022917141,-0.005251693,0.021878786,0.118738153,0.079281452,-0.008926602,0.028489701,0.124759192,0.045611675,-0.09922704,0.022436256,-0.010035869,0.010816916,-0.023318039,0.110182808,0.130445831,-0.162159864,0.041899936,0.037270082,-0.106654831,-0.045221924,-0.072611863,0.023425247,0.120047996,-0.059732799,0.007035635,-0.020892799,-0.126312658,-0.009295405,-0.057344582,-0.044330598,-0.098456593,0.110869349,0.004961767,-0.009064296,-0.021361571,0.011248932,0.013098487,-0.02136039,0.093415965,-0.033395137,-0.080199584,0.034515872,0.007262496,-0.118315538,0.039336643,0.085205803,-0.042230392,-0.063841139,0.082048213,-0.045944761,0.048260038,-0.004524792,0.032177827,0.012580775,-0.025594302,0.042165762,-0.030273666,-0.018230872,-0.005930146,-0.121563242,-0.050352804,0.01121709,0.073041615,-0.025338682,-0.000179012,2.30926E-14
02ADL0041,-17.02401027,0.296417213,-1.801744936,1.935903538,-0.968433621,-2.391565663,2.898514649,1.129046182,-1.580025826,-0.824710658,-0.313750587,-0.577534849,-1.079812165,-0.01324278,-0.188810747,-0.865112003,-0.166782785,1.200242837,0.500933291,0.694189046,-0.428211418,0.410670133,-0.19490879,-0.852883048,0.163416127,-0.250493031,0.794317299,-0.34513188,0.287024487,-0.106516054,0.223322281,-0.134162215,-0.195779185,-0.091904659,-0.541008878,0.41038607,0.109870506,-0.027591231,-0.02455453,-0.611414908,0.167926523,-0.399590296,-0.073105544,-0.223719531,0.170982924,-0.295560316,-0.200098219,0.052116234,0.115371991,-0.109240178,-0.470146598,-0.070149829,-0.148428829,-0.087494351,0.202615162,-0.046363451,0.011884088,0.060094809,-0.363008975,0.153992547,0.137529537,0.102604236,-0.136335035,-0.119199625,-0.139118372,-0.112985702,-0.180788447,-0.11228566,-0.024051603,0.18352891,0.053333352,0.004208269,-0.010306048,-0.059201947,0.122607602,-0.204037014,-0.044776116,-0.159072735,0.129210448,-0.017311556,0.004051493,0.074337124,0.037479239,-0.268368892,0.015784822,0.010291354,-0.012314685,-0.165792338,-0.041306419,-0.07435853,-0.08362006,-0.028114432,-0.081014889,-0.174913559,0.188021587,-0.050877788,-0.0160941,0.045561714,-0.187947915,0.051647851,-0.0353782,-0.031204489,0.043344851,-0.087010009,-0.130506704,0.04805629,-0.04240766,0.090500434,0.114471235,-0.031616799,-0.016258118,0.066505517,-0.003329865,-0.010873818,-0.0383074,0.162897265,0.030227888,0.037336375,0.13161862,0.084165821,-0.049306352,0.089560297,-0.151259521,0.00682727,-0.030947449,-0.15983623,-0.079987105,-0.032041529,0.008127579,-0.041460366,-0.002967193,-0.152710394,-0.067827846,0.061033261,-0.038374781,0.014210952,-0.112843341,-0.020947337,-0.15172587,0.056884716,0.020498389,-0.05246934,-0.019013511,-0.038530139,-0.012666402,0.120664624,-0.11167919,0.117746071,0.018366888,0.080778069,0.069450949,-0.019691039,0.074260794,-0.082874274,0.033561386,-0.013814542,0.093178505,0.05694697,-0.052573827,-0.040284336,0.035273784,-0.084918629,-0.002048012,-0.073677334,-0.015938396,-0.016653614,-0.071443599,-0.028842605,0.004404316,0.082035626,-0.037760161,-0.142217511,-0.018084316,0.097167881,-0.030968891,0.031063452,0.005778404,0.030428026,-0.040930145,-0.115416164,0.027648573,0.056461161,-0.004837228,0.127802343,0.001115488,0.02185541,0.025759325,0.041375104,-0.018392534,1.85528E-14
02ADL0042,7.737551607,-2.597799726,-2.302966075,2.141081362,1.925688507,2.981290465,-1.724620945,-2.699519753,1.623165768,-0.207387858,1.088140746,-0.274070335,0.957096651,0.182496836,0.809006985,-0.088185788,-0.511428694,0.38758127,-0.448579938,0.341567627,-0.173389256,-0.536118493,0.638004129,-0.069356334,-0.347074658,0.423621722,0.899599024,0.131248058,0.434088007,0.294289999,-0.028313196,-0.089740594,-0.288082349,0.190731786,0.11838295,0.021415002,-0.30011874,0.081638343,0.083678104,-0.143523825,0.155576499,-0.057659236,-0.283144767,0.246157116,0.099149137,0.244612454,0.397081406,-0.253568117,-0.064665409,0.192517981,0.316392997,-0.173416286,-0.011447302,0.028510324,0.005366433,-0.241055676,0.287819964,0.0243422,0.229657249,0.154574739,-0.26611753,0.287194705,0.142877848,-0.154188579,0.026987102,-0.09860539,-0.063594084,0.145613084,-0.051766329,-0.02639533,-0.136504527,0.059280912,0.242558904,-0.191821134,-0.164388845,-0.009090434,0.081199187,-0.063112732,0.167767045,-0.091872851,-0.293123745,-0.078379374,-0.15277077,-0.00684501,-0.180751385,0.142907938,-0.083433127,-0.102108264,0.087329251,0.150062447,-0.080378823,0.021381787,-0.026195117,-0.179941315,0.02447936,0.020195798,-0.020001741,-0.048326675,-0.12552656,-0.002751319,-0.139605749,-0.024248509,-0.070931383,-0.062321828,0.045028149,-0.088292228,0.064208485,0.036471953,0.174991023,-0.0360507,0.015685898,0.028047399,-0.044937515,0.013940143,-0.04757532,-0.005899237,0.037518404,0.035840493,-0.096791546,0.036406361,0.025119752,-0.030312593,0.153962171,-0.040743604,-0.010619638,-0.04100472,-0.192196168,-0.008733113,0.092640429,-0.133112529,-0.069306304,0.092463557,0.084326654,-0.019545217,0.007117766,0.11837898,0.008608742,0.026460251,-0.063380856,0.10086683,-0.126627206,-0.070848256,-0.011028636,0.062128847,-0.048315758,0.055922267,0.003574362,-0.054674278,-0.055888662,-0.017971907,-0.013652841,-0.028229761,-0.031616208,0.019942303,0.06926127,0.052603253,0.122802825,-0.056507077,0.025063409,-0.107033744,-0.009713748,-0.159284792,0.143330582,0.083471627,-0.108899235,0.158022903,0.067929281,0.00974122,0.037099506,0.103537127,-0.082128931,0.059470284,-0.009618259,0.037207898,-0.015229028,0.067621441,0.03517384,-0.046836788,-0.048501076,-0.01566661,0.094671336,-0.041895328,-0.035863698,-0.033365791,-0.039463228,-0.016944593,0.004939477,-0.022233374,0.063012013,5.63289E-14
02ADL0054,-19.75106331,0.517073195,1.68990765,2.437157921,6.505853571,2.330389676,-1.615648353,-0.415625023,-2.54701155,-0.117115156,-1.067109351,0.864922741,-1.196074866,-1.32443705,0.489202791,0.804741292,-0.062186348,-0.315614696,-1.666842308,1.341508287,0.858221049,0.2018477,0.242588289,-0.447128816,-1.009889507,0.016240992,0.028336944,-0.519142891,0.209626236,-0.886014797,0.464031493,-0.211190171,-0.656592349,0.88966016,0.43843169,-0.154520357,0.432418038,-0.285514625,0.216999165,0.240329738,0.434244003,0.307661768,-0.098375208,0.352406821,0.042418015,0.425180686,-0.335625804,-0.045617838,0.057993176,-0.880687325,-0.017372445,-0.125941485,0.472748936,-0.183884118,-0.100176295,-0.349087773,-0.350407878,0.230052604,-0.191832616,-0.154571325,-0.151614339,-0.390301976,0.249489235,0.031356932,0.006901377,-0.245581968,-0.177923683,-0.104275264,-0.018507288,0.059224421,-0.187090681,-0.006689208,0.026613756,-0.091986357,-0.054241419,-0.015516486,-0.210976938,0.108266223,-0.080840597,-0.007592411,-0.208707897,-0.018216756,0.035853734,-0.160459347,0.106611852,-0.095928857,-0.010392883,0.054403372,-0.022921281,-0.058569955,-0.194496613,0.06822656,-0.143362216,0.023393898,-0.11024931,0.046851276,0.058231521,0.118192657,0.003299315,0.033594098,0.017962709,0.039557715,-0.009418645,-0.001619617,0.052390233,-0.083167719,-0.029438576,0.043503042,0.015356156,-0.119909565,0.037736489,0.016578489,-0.021969779,-0.042984265,0.011944063,-0.0131975,-0.01836456,-0.014322153,0.111549746,-0.028022187,0.089034449,-0.076291227,-0.077607509,-0.021924624,0.046939388,-0.028516175,0.042469876,0.000666097,-0.053467112,-0.042625631,-0.044463071,-0.010190186,-0.092591494,-0.035459064,0.013809592,-0.072286853,0.011772322,0.057108729,0.006345208,-0.032278231,0.039315766,-0.014697963,-0.020002339,0.02183727,-0.017168272,0.044942321,0.027430648,-0.025572073,0.00555913,0.031101873,-0.039076033,0.056159448,-0.056740779,-0.020243512,-0.03102681,-0.000507548,0.028771445,-0.029412257,-0.009416999,-0.027487212,0.053688004,-0.010979969,0.013784997,0.008823281,0.038597792,-0.007539226,0.010311325,-0.007562184,-0.052962402,-0.01927191,-0.019533922,0.035032805,-0.006465097,0.018243441,-0.027557784,-0.006945381,-0.041938256,-0.015930874,0.023933722,0.020677939,0.030111103,0.016039777,-0.004733557,-0.011877095,0.00238286,0.034589754,0.021823421,0.010078163,0.001200081,6.20058E-14
02ADL0061,0.217514415,-0.350413105,-2.113698887,2.960977689,0.700741872,1.907212911,1.442450271,0.080077685,1.539321287,3.654010364,0.552323971,1.350758783,-0.36195817,1.919455032,0.117104545,-0.207691702,-0.561178577,0.801928606,-0.511136295,0.088432651,0.454536922,0.626495102,1.254917098,0.229678792,-0.337529819,-0.440815808,0.251552026,0.337276833,0.01123747,-0.240777538,-0.495046144,-0.743359062,0.074935822,-0.09351424,0.067767452,-0.147501787,0.475222662,0.266543021,-0.35498466,0.273115042,-0.216306647,-0.088457025,0.345807821,0.308032468,0.146367715,-0.162966978,-0.031751242,-0.204059365,0.04388291,-0.192682794,0.059779594,0.096250295,-0.221598553,0.329459214,0.128662693,-0.063793531,-0.146411382,-0.179856763,0.14822721,0.010726274,0.280370646,-0.109730014,0.085947581,-0.113510959,0.119704043,-0.125418414,-0.087163483,0.083257222,0.05639139,-0.02497603,0.200468545,-0.119674719,0.125038841,0.252038073,0.109997027,-0.111925517,-0.104357998,0.008284663,0.123985701,-0.173772735,0.11361796,0.061327401,-0.088029222,0.050448479,-0.194540842,-0.011548984,-0.001789984,-0.121872084,0.059779185,0.08644144,-0.015991146,0.049593514,0.09338183,0.184426861,0.046649737,0.056469099,0.077112769,-0.14708079,0.023888493,0.006105387,-0.11250285,-0.22091734,-0.124901724,0.03559559,-0.11195176,0.109329392,-0.050706563,0.047405867,-0.108146773,-0.048508046,0.08821042,-0.012878252,-0.140722685,0.00901409,0.021577589,-0.028142519,-0.070996496,-0.114312754,-0.09737945,-0.151893442,-0.071717716,0.040988842,-0.066447897,0.06542946,-0.118881333,-0.045211838,-0.078510953,0.001193948,-0.165516128,-0.166218012,0.015625566,0.125575525,-0.113521042,-0.177199782,0.003330713,0.025152683,-0.003753576,0.079743951,-0.055966737,0.021744158,0.053252286,0.044685775,-0.094398408,-0.071525358,0.050024766,0.072631876,0.048053158,0.02942488,0.042856968,-0.006503723,0.023712919,-0.119541331,-0.036975583,0.057615281,0.08177672,-0.064520023,-0.026419353,-0.063801681,0.013027866,0.087798591,0.064309426,0.073386696,0.102185824,-0.047776493,-0.038505687,-0.100589284,-0.030516797,-0.052092273,0.032161811,-0.052611146,-0.052171874,-0.008898587,-0.06824098,-0.010374079,-0.012237734,0.037662603,-0.009973046,-0.073049913,-0.009659476,0.018031232,0.011141133,-0.011809931,-0.086282365,0.058935421,0.052931505,0.037439003,0.014172744,0.000244299,-0.029002065,-3.41841E-15
02ADL0065,-7.18519031,1.147353626,1.34674447,1.004192066,-2.042627883,-0.900338539,0.977828089,-3.569859703,-0.471608569,-0.239023461,-0.144658502,1.60398361,-0.547210934,-0.192306453,-0.020426746,1.164567498,0.511900879,-0.417301312,-0.554808422,-0.139418947,0.273764907,0.094495005,-0.010542941,0.534985606,0.039923373,-0.562251983,-0.385004564,0.801689186,0.542747401,0.637737685,-0.194001914,0.216621273,0.021653288,0.322681183,-0.059271612,-0.246761788,0.158377812,-0.197095809,-0.0397961,-0.117865244,0.760646259,-0.315798076,-0.029190267,0.397129571,-0.097579409,-0.194349105,-0.017606373,0.066876616,-0.038909387,0.203998513,-0.13133703,-0.294557061,-0.137099639,-0.252607743,0.069339953,-0.217428774,0.116318156,-0.341353169,-0.02876831,-0.262878377,0.001453864,-0.05122801,-0.154864037,0.15501098,-0.146452879,0.199827879,0.123493782,0.165499576,-0.100240791,-0.179996094,-0.034845584,0.129380668,0.029696095,-0.044380609,0.036917122,-0.070254282,-0.20316548,0.018181225,0.038125062,0.273176369,-0.309631103,-0.007618292,-0.192530585,-0.052625216,0.032473935,-0.23563551,-0.109467982,-0.098441207,-0.083713406,0.147137245,0.122925698,0.045847635,0.000404322,-0.071309267,0.008472378,-0.060306191,0.1842838,-0.068849533,0.003179769,0.070713936,-0.111657374,0.077290116,0.125754314,0.028473457,-0.051453433,0.170196349,-0.157635795,0.004933638,0.024202496,-0.044607032,0.14152246,0.032306013,-0.138559917,0.0472348,-0.012472724,-0.024509241,0.020384757,0.016729569,-0.009106996,0.048202951,-0.06671602,-0.004089252,0.00787698,0.199180731,-0.12667798,-0.085112058,0.055257345,0.048404296,0.062004498,0.12553276,-0.089130695,0.13865929,-0.00868074,0.024745913,0.119424117,0.01442147,-0.144330855,-0.029820517,-0.035533535,0.014502802,0.040962369,-0.008592269,0.087336769,-0.017025581,-0.005143752,0.038201535,0.019538932,0.022421301,0.101958329,0.009604634,0.021072891,-0.04534268,-0.001344635,0.071551738,-0.065706837,-0.056203873,0.068534417,0.15255813,0.027578665,-0.002406892,-0.030278066,-0.011140045,-0.053481375,-0.135977076,-0.02683523,0.025345099,0.085360487,-0.058991441,0.066872769,-0.078940764,0.051286628,0.096106502,0.034901202,0.047657803,0.071133147,0.031336008,-0.016924653,0.051637229,0.018807888,0.054642197,-0.013186391,-0.058085418,0.037699174,0.052540949,-0.034358772,-0.036530981,-0.044925157,0.028450794,-0.027739192,-9.00046E-15
02ADL0067,-13.59658325,1.751224971,2.673619695,2.34225978,-2.621823091,1.622466555,3.380381456,-3.348653185,0.573122228,-0.931671963,0.87150835,-1.300973006,-0.698165778,0.290537948,0.31180629,-0.661743743,-0.648806558,0.713722613,0.358236938,0.412961564,-0.116514224,0.301412842,-0.067607679,-0.000894495,0.144172327,-0.476829957,-0.374599813,0.785547013,-0.145294406,0.145360414,0.258770365,0.073545079,0.229615217,-0.83632185,0.264072986,-0.059705043,-0.162091308,0.143129729,-0.03004758,-0.123153146,-0.068236856,0.374774473,-0.046258144,0.304236934,-0.197216471,-0.353437336,-0.051688014,-0.27142606,0.147075026,-0.048760604,-0.106487312,0.20200131,0.042583589,0.092442713,-0.131029773,-0.135656366,-0.011470705,0.145845228,0.019597608,-0.244192199,-0.251437753,-0.259435525,0.320306393,-0.141112959,-0.007758041,-0.229107875,0.044354634,-0.007809875,0.353968613,0.064963182,0.059781016,-0.009086546,0.016677234,-0.12800061,0.306154239,0.018863419,-0.155659461,0.134408827,0.12211348,-0.003155587,-0.003115298,0.040241655,-0.080002377,0.007481378,-0.102307714,-0.172071383,0.000124676,-0.03505117,0.05803674,-0.152263553,0.082632332,0.107825044,-0.305880233,0.070706644,-0.037613447,0.049974886,-0.040171736,-0.035279159,0.087120565,-0.097134441,0.081204209,-0.018684524,-0.120811419,-0.03145117,0.124962369,0.084317557,-0.085952913,0.002535452,0.093355623,-0.002867534,-0.102834622,-0.059361174,0.00187596,-0.050559825,0.124647438,-0.072201993,0.127127638,0.0451195,0.020461178,-0.119400375,-0.018959305,0.062559863,-0.014896845,0.178667234,0.05416386,0.009615478,0.011338138,0.006921577,0.07099954,-0.027091076,-0.040437525,-0.114391463,0.007991882,0.073376701,0.050256727,0.161525677,-0.055928743,-0.042965017,0.052298192,0.133657292,-0.023195365,0.055093091,0.21735153,0.064088406,-0.027942094,0.002962172,-0.05412615,-0.041681984,0.126573017,-0.04982528,0.027088652,0.017681645,-0.011715806,-0.11713779,-0.15272534,-0.049837552,-0.035637913,-0.001223641,0.057553013,0.113979583,0.0181702,0.015027313,0.092354829,0.075115129,0.010289214,0.044550173,-0.016258284,0.109552774,-0.064127513,0.010693798,0.042186844,-0.006046629,-0.048561066,-0.062993398,-0.039181518,0.037824725,0.00076498,0.07385518,-0.068646561,-0.047229434,0.008924934,-0.03476756,-0.020977444,-0.050621434,0.008918284,-0.036549433,0.06781047,-0.010987903,0.011800122,-4.04389E-14
02ADL0070,-1.712069159,-2.386774215,-0.481538499,2.700002588,1.794356705,-1.282358796,1.16636237,-0.971728742,0.752296276,0.02381183,-0.234077097,0.565102929,-0.651502398,0.401010711,0.232601567,0.390215948,0.801478232,1.219105037,-0.336964294,0.385755701,-0.686221057,-0.477695347,-1.021445842,-0.077665551,-0.554793884,-0.47517228,0.182324088,0.139932945,-0.134998269,-0.213564223,0.192380051,0.23805627,-0.060424597,-0.101904137,-0.327468692,-0.334959064,0.217704356,-0.118009515,0.118360616,0.138795104,-0.21399552,-0.192947846,-0.020183561,-0.177706433,0.136347937,0.070544432,0.06148122,-0.13588059,0.155019017,0.193539726,-0.072995764,0.072490572,-0.103523415,-0.127466336,-0.01166426,0.114659969,-0.027437792,0.26597874,-0.141458775,0.01937206,-0.499104203,0.182205729,0.242038166,0.139705781,0.111614969,-0.049759211,0.155548871,-0.175412442,0.094022224,-0.135343041,0.033780139,0.102655904,-0.10830728,0.191716286,0.10159057,-0.219353538,-0.069429532,0.027509894,-0.14486539,-0.201784384,-0.081629985,-0.132555903,0.108063689,0.010385151,-0.007378433,-0.022318278,-0.212845449,0.140105773,0.069810834,-0.092409309,-0.154912775,-0.01988069,0.037896437,0.101518192,0.166304763,-0.225187387,-0.01363688,0.015403019,0.051646303,0.182372361,-0.044067529,0.172571526,0.158973149,0.010906083,-0.16649609,0.063609507,-0.071995384,0.088038856,-0.07735658,0.008891379,-0.234259945,-0.003602144,-0.101001808,-0.064501274,-0.06701246,0.055545088,0.120839477,0.03147433,-0.150672049,-0.197990503,0.039915699,-0.022792867,0.125667517,-0.006630319,-0.15905263,0.188735416,0.043018974,-0.100095037,-0.113292478,0.05605129,-0.057457823,-0.012280788,0.064175428,-0.076884208,0.030532874,0.025634958,0.077973609,-0.054680178,0.093201151,-0.075865466,0.081293714,0.002812582,-0.042644696,-0.096203011,0.009361057,-0.018698808,0.009682761,0.106846564,-0.07739276,-0.070283428,0.065964078,-0.044449222,0.00514309,0.005373999,0.071185318,-0.105854548,0.00337119,0.01841215,0.081242028,0.043313882,-0.079594896,-0.02770519,0.041529874,0.043648326,0.07755262,0.189159095,0.07779008,-0.074321991,-0.074595449,-0.034273044,0.060653913,-0.043298976,-0.010645139,-0.017914191,0.01225843,0.011696338,-0.023955993,-0.021375012,0.042350416,-0.032520222,0.068493661,0.037568506,-0.031938371,0.049387596,-0.024993905,0.00607174,-0.053626406,0.027143043,0.047222452,-4.25122E-15
02ADL0072,-6.362502558,0.747089987,-4.020246734,1.670220534,-1.923907995,-0.989266408,3.457987518,-3.052327814,0.75853284,-1.495027203,0.438880326,-0.334386523,0.179882508,-0.226056714,0.881361023,0.066888576,0.356532069,0.530384596,-0.596947711,-0.557471482,-0.669034697,0.619512768,-0.527557236,0.651336211,-0.339269858,-0.475804989,0.330282493,-0.36620842,-0.84657949,-0.170438002,-0.339327478,0.1618391,0.009495599,0.066938943,-0.066080429,-0.075113984,0.166505388,0.138212883,-0.101354078,0.077691701,0.020971016,0.127378557,0.494225837,-0.01935744,-0.059986921,-0.301871274,0.121723605,-0.395242179,-0.302316376,-0.288949616,-0.078833221,0.331333269,0.119100117,0.11993131,-0.144318093,0.378972298,0.222576415,-0.089690704,0.05967908,-0.157004641,0.143238467,0.271411351,0.276758517,0.159866513,0.117955292,0.020014889,0.047645928,0.178071142,0.059391503,0.186202878,-0.070597871,-0.030075054,0.004536293,-0.379805775,-0.19612028,0.318021704,-0.041282002,0.110076018,0.026397391,-0.051436082,0.091210354,0.156950167,0.214808708,-0.127343918,0.14274129,-0.246505006,-0.138731749,-0.042178889,0.042785398,-0.207052476,0.00072036,0.087617596,0.118965678,-0.091320261,-0.002487752,0.026901834,0.12332336,0.116249482,0.039008382,-0.084493233,-0.094541776,-0.10054825,-0.111253891,0.088703425,0.070150942,-0.018005894,-0.050780911,0.07026039,0.137238867,0.167100626,0.08059452,0.205996594,-0.101384737,0.130227198,0.082759113,0.208022093,-0.135477647,-0.094984194,-0.111226142,-0.041855128,0.203593278,-0.13023304,0.026670059,0.025364395,0.067469676,-0.011120553,0.01834851,0.015117313,-0.034587369,-0.022730746,0.04627848,0.061151309,0.157391724,-0.027782572,0.050517976,-0.016678708,0.024800996,0.095436063,0.109391023,-0.067551312,-0.031398355,-0.099948987,-0.057813889,0.026520437,-0.013202719,0.063601003,-0.016144454,0.02177386,-0.009131851,0.007351132,-0.00054892,-0.00501852,0.031324119,0.041677779,-0.142151816,0.037632156,0.042513383,0.001886313,-0.08096288,-0.013550943,-0.079498992,-0.057930918,-0.057065818,-0.060873539,-0.014740744,-0.013651922,0.017472597,-0.082260404,0.023394228,0.022479353,-0.019682146,-0.06857461,-0.015773262,0.013587972,-0.062210416,-0.065511328,0.013073951,-0.006431526,-0.00972693,0.002878698,-0.013743,-0.002895573,0.001569501,0.004374423,-0.011085676,0.04422843,-0.012935929,0.020968754,-0.007611516,3.13121E-15
02ADL0075,-0.177754531,-2.424220931,0.160608828,2.547573143,0.489284619,-0.04283134,-1.441270913,-0.692558819,-0.227122502,2.581605479,0.365107553,0.558051764,-0.87747241,-0.786462235,-0.435521169,0.348710986,-0.283895341,1.807856644,0.435091749,-0.123246765,0.19856996,-0.684613757,0.794901322,-0.094733015,0.366839854,-0.858547199,-0.598548819,-0.222460757,0.132535662,-0.116028301,0.454485552,-0.521570844,-0.168869024,-0.063272518,0.23487063,-0.141252295,0.514260007,-0.080877047,-0.498957837,-0.290717999,-0.041969794,0.474432145,0.282694268,-0.268796472,0.226169495,-0.214982337,-0.300260746,0.405167564,0.172404912,0.133902802,-0.316735424,-0.121157544,-0.459232865,-0.035384059,-0.170412274,0.065824546,0.119715936,-0.119749181,0.411810446,-0.112166432,-0.067518377,0.15995626,-0.182459885,0.082535222,-0.176912035,-0.282092748,0.006533518,0.047778446,-0.240618982,-0.126891713,0.009690314,0.005732414,-0.117961563,0.022542191,-0.326274877,-0.087297076,-0.130432272,-0.121709298,-0.090044939,-0.024070943,0.13276513,-0.016158174,-0.079288294,0.030815957,0.264892555,-0.099503085,0.164675459,0.102439798,-0.148382756,-0.065886102,-0.109429316,0.102707337,0.000909051,-0.221954215,-0.219159817,0.12078767,0.02487628,0.119423104,0.09769081,-0.02532402,0.006716017,0.034074972,0.097818201,0.097937423,0.142635171,0.031390028,-0.082934889,-0.042494658,0.021116484,0.012991511,-0.081465088,0.03014242,0.032652143,0.063541348,-0.134077186,-0.075941238,0.083203352,-0.230479719,-0.072352203,0.000811547,0.037621155,-0.068529752,0.077843259,0.02743908,0.03734663,0.018661491,-0.068739735,-0.085230168,0.010578524,-0.070084502,0.160124447,-0.011058896,0.091958906,0.060675868,-0.00776278,0.150362546,-0.007873102,-0.048347384,-0.084330054,-0.068211591,-0.037001736,0.041674596,-0.000609723,-0.092359718,0.065284776,0.04334234,0.04040928,-0.07008002,0.008526783,0.040859153,0.086906955,0.023560978,-0.082500695,-0.050033227,-0.024035904,-0.013007021,-0.07454136,0.049932546,-0.043165777,-0.117444584,0.051657221,0.006315074,-0.051488432,0.118359474,-0.032087269,0.057991351,-0.002290249,0.003894932,-0.04294053,0.007525339,0.005389238,-0.014115144,0.0031419,0.015828411,0.031150865,0.041747568,-0.018444647,-0.060785431,-0.004083014,-0.016230044,0.002629182,-0.025501599,0.057230414,-0.014878545,-0.015860547,0.004070175,0.025961142,-0.026431719,-0.007790571,2.12309E-14
02ADL0078,-5.748879351,-1.863549334,-6.242086666,3.883734162,0.939318164,3.69405934,7.627445828,0.025425182,-0.010025244,-2.837366605,-0.508432185,-3.134197152,2.85283384,-0.224219642,-1.419569749,0.938011814,-0.18614264,0.153394881,-0.25746611,-1.56144162,-1.112058016,0.794325795,0.534747453,0.511781087,0.348763956,0.487285335,-0.46434557,-0.687383014,0.251275389,-0.253473048,0.020589041,-0.342926945,-0.553313849,0.318689109,0.06932905,0.221384975,-0.190102502,-0.352856174,0.08378221,-0.174696634,-0.073937586,0.153128122,-0.166438297,-0.199328664,-0.0456674,0.329468225,0.350098944,0.226438384,0.214083552,-0.420675983,0.018681822,0.247129412,-0.063712198,-0.044476751,0.039744105,0.043112106,-0.192303718,-0.406224203,-0.006453062,0.056097502,-0.076513478,-0.027357193,-0.359759097,0.186770626,0.041927644,-0.101991432,0.08563663,0.212465947,0.238215378,0.082544838,-0.152218117,0.038949711,-0.122112623,0.13908932,-0.098920509,-0.134935503,-0.146975314,0.249013818,0.03348999,0.177376747,-0.004211913,0.058275147,0.077938568,0.078208348,-0.047932885,-0.063820462,-0.078877305,-0.109412518,-0.078016233,0.17113749,-0.048912779,0.02684722,0.042635717,0.031589071,-0.007220217,-0.150547212,-0.004005801,0.051481117,-0.046793103,0.071713648,0.087126489,0.077502027,0.159698642,0.109894727,0.020333079,0.10468513,0.034042997,0.144154074,-0.100362006,0.049882534,-0.011377237,-0.041354808,0.027971263,-0.065928226,-0.064583753,-0.031763872,0.073138459,0.004782002,-0.047907076,0.01015927,-0.011120488,-0.064931799,-0.049336549,0.047227393,-0.058424487,-0.054028115,-0.048563184,0.164303526,-0.091598049,-0.098821791,-0.020273709,0.045173944,0.021469989,0.035064828,0.026207395,0.036956488,-0.102914002,0.052009091,0.016490912,0.030387147,0.003595912,0.089855237,-0.020410863,-0.000974582,-0.018148499,-0.004691325,-0.050838986,-0.072770291,-0.071539087,0.019752298,0.02959875,0.004564316,-0.004723211,-0.026926952,0.083240163,-0.052937283,-0.031814859,-0.027655359,-0.010030746,0.04280527,0.044861205,0.003912303,0.009577377,0.041604687,-0.059886097,0.018113691,-0.012376008,0.024594743,-0.050200148,-0.019341277,0.01135429,0.007906112,0.035429411,-0.032432097,-0.00714124,-0.03629109,0.066849431,0.006394033,-0.00452363,-0.017122389,0.006597837,0.035259655,-0.015330378,-0.011824948,-0.03154102,-0.030989763,0.005887864,0.001254568,0.012923408,-2.0044E-14
02ADL0081,-7.93312717,-1.515633422,0.127142833,1.501947608,0.395899555,-0.026388538,0.246406987,-3.026582462,-0.235241525,0.04063285,0.366308125,0.299344642,-0.020574482,-0.018493821,-0.170880716,0.388426823,0.188894236,1.08152178,-0.145784997,-0.319674503,-0.40728394,-0.399471417,0.760467255,0.117071581,-0.082227195,0.103577481,0.432988081,0.777861622,-0.061865066,0.190722308,-0.118922681,-0.125570742,-0.346750866,0.225309648,0.099925551,0.338240515,-0.21643597,-0.328365372,0.254276219,-0.299747142,0.168600843,-0.217040053,-0.095900305,-0.341001464,-0.556149135,-0.03101372,0.010550141,0.040024774,0.407396987,-0.030707491,-0.073720897,0.034302913,-0.32515011,-0.038935961,-0.201499971,-0.139458888,-0.074679135,0.287609054,-0.347564159,0.060930101,0.276195084,-0.010262045,-0.043626321,-0.351443225,0.084842161,0.188433167,-0.00327547,-0.249865053,0.159861753,-0.099702439,-0.35384248,0.165620039,0.03593433,0.137767592,-0.361473056,0.110590445,-0.170108929,-0.130508863,-0.144670666,-0.10245381,0.067388615,-0.008788339,0.178494913,-0.155093656,-0.072639872,0.18660149,0.034135015,-0.24765898,-0.014971078,-0.076283959,0.03693189,0.067266584,-0.059105156,0.125039157,-0.001316794,-0.247931668,-0.084580425,-0.06253225,0.077239574,-0.167471227,-0.160072002,0.208656222,0.021497865,0.200348999,0.203378205,0.03312458,-0.09414,-0.155628397,0.026167278,0.00531557,0.043100956,-0.112614701,-0.116885606,0.131937976,-0.036145974,-0.102122947,-0.107407045,-0.039690202,-0.000326999,0.074071407,0.105272774,0.11325114,-0.038389005,-0.021105223,-0.061020328,0.096312252,-0.006289625,-0.103628924,0.035996603,0.039907683,0.089343503,-0.013762329,-0.0675908,0.105217651,-0.049761301,0.079598232,0.150775315,0.057980713,-0.021015074,-0.005855056,-0.043398239,-0.057083316,-0.045423906,0.095923884,0.001794269,0.057639339,-0.021978842,-0.002799839,-0.097511623,0.034949689,-0.046514583,-0.048250916,0.071338489,0.008911326,-0.047987612,-0.025467053,-0.044111368,-0.051079522,0.069604299,0.062479806,-0.070064237,0.060348701,-0.00445863,-0.04144086,0.044664288,-0.056449647,-0.030063617,0.08244853,0.105362672,-0.053779641,-0.057251018,-0.013000214,0.013925409,-0.068529626,0.00449256,0.002784775,-0.027102492,0.00576802,0.002375445,0.078946577,0.041078394,-0.001548326,0.02161405,-0.007143793,0.031954763,-0.00472337,-0.003163144,0.003639497,0.002664614,6.07893E-15
02ADL0082,-3.706382606,0.111763395,3.361857375,2.3456711,-2.066111071,0.170144211,2.022717538,-0.445401798,-0.540775436,0.061153685,0.698404344,0.344887783,0.21794116,-0.392253122,-0.614358239,0.310989724,-0.445207984,-0.224092244,0.369103881,0.913399065,-0.688732046,0.189657568,-0.85912329,0.20482381,-0.051838027,-0.802651311,-0.312365364,1.251386311,0.44622102,0.26407202,0.163930535,0.28803333,0.010925589,0.831474425,-0.320412471,-0.291002098,0.327539465,0.133057482,-0.292942872,0.509449559,-0.215946858,-0.135292157,-0.042788214,-0.386940931,-0.12847132,-0.12773014,-0.238447991,0.11433131,0.208276242,-0.013488298,0.377846426,0.079962458,-0.049081245,0.269410045,0.155465717,0.199646919,-0.272634943,0.007169187,-0.211817932,0.203153227,-0.175936242,0.147191596,0.232786411,0.182771113,0.314804612,-0.025346163,-0.10193147,0.110632617,-0.067850338,-0.190241684,-0.061812868,-0.026386787,0.150849529,0.092898864,-0.035897669,0.120986951,-0.013188824,0.021986558,0.162124534,0.007990629,0.012687075,0.085787271,-0.066398765,0.124338796,-0.249424221,0.120608001,0.054016941,0.042323768,-0.056893971,-0.039620847,0.096122874,0.191643649,0.147648289,0.043906294,-0.28961305,-0.099665963,0.040269748,-0.059217401,0.003868077,-0.004902407,-0.082376759,-0.060509452,0.017303672,-0.063266704,0.027909412,-0.134165238,-0.149429423,0.010172499,-0.057610704,-0.052391907,0.037930842,0.046176661,0.067703166,-0.085017052,0.049790003,0.009486132,-0.040445563,0.056599105,0.001597128,0.167002567,-0.075899516,-0.106472773,-0.180742667,-0.094422372,-0.018799313,0.047894926,0.010963617,0.045950343,0.016509543,-0.10586883,0.070641239,-0.139553067,0.076560842,-0.005296465,0.121685275,-0.079883516,0.028831843,-0.050594634,-0.094527234,-0.036435243,-0.05434518,-0.024214683,-0.054242601,0.015211242,-0.029957804,0.088139609,0.028975879,-0.071800092,-0.053677556,-0.121604887,-0.057642421,0.061621093,-0.029946187,0.020596298,0.022457116,-0.038192272,0.080123009,0.062063703,-0.033536097,0.002643293,0.022347036,0.022018962,-0.088354894,-0.060555622,-0.013383912,0.006646234,-0.025683139,0.108061743,-0.065429275,0.054678032,-0.009188903,-0.040936116,0.090724547,-0.024760383,-0.009557078,0.086313448,-0.002801287,-0.000195918,0.020227785,-0.14420586,0.026572478,-0.074364652,0.007212902,-0.042186513,-0.058458389,-0.00209335,0.002668842,-0.03062968,-0.059487227,1.45195E-14
02ADL0085,1.870432098,-2.371048167,-3.859969601,2.034895432,2.065141225,-0.206783637,1.909086933,-1.156985594,0.558130782,0.91156436,1.505195141,0.059980841,-0.343462163,0.593381991,1.187170961,-1.061840432,-0.069832519,0.266488674,-0.736843,-0.239128099,-0.289274801,0.503710893,1.103103322,-0.727788201,0.730446811,0.815567359,0.208691647,0.579383691,0.221421246,0.135018901,-0.104042476,-0.252384093,-0.253804824,0.187777821,-0.04846891,-0.04531801,-0.231020023,0.413742242,0.55968202,0.587856931,0.263002465,0.002342647,0.345219397,0.014950815,-0.052244825,-0.318908515,-0.498466017,0.003485842,0.18600919,0.086823256,0.188174264,-0.288602782,-0.109911883,-0.042522855,-0.156870898,-0.099064616,0.332566764,-0.357458449,-0.122847723,0.1631222,0.042633829,-0.124985225,-0.113070308,0.179235748,0.29668672,0.048995346,0.015202777,-0.024056723,0.214065197,-0.16978696,0.0028606,-0.13243867,0.020764017,-0.252677751,0.140364596,0.089497421,0.198096724,-0.010321107,-0.175223433,0.083881873,0.037836479,-0.116097184,0.016168808,0.042066281,-0.005846944,0.12832692,0.04986858,-0.111787268,-0.04996126,-0.18421879,-0.1536513,-0.096296877,0.042693106,-0.009939423,0.069172877,0.13346162,0.002876483,-0.061420532,0.079256447,0.09944533,0.017678212,0.011108486,-0.045392517,0.219726731,-0.043963069,-0.060781897,0.210661418,-0.238938943,-0.022541577,0.035160355,0.015946064,0.081973104,-0.117123826,-0.200481573,0.010173646,0.074753034,0.102463104,-0.171104159,0.030124688,0.072835718,0.08885823,-0.114508386,-0.110149214,-0.065349139,-0.113823813,0.017298804,0.104810416,-0.033691032,0.027512858,0.058640389,-0.004902776,-0.069464386,0.103568626,-0.021289861,-0.062222617,-0.124563279,-0.020648721,0.054715737,-0.036470905,0.100668708,0.015400931,0.031289202,0.083067747,-0.095265487,-0.050697208,0.007463166,0.005387961,0.022706789,0.035312122,0.021785975,0.016363469,0.068386386,0.007506711,-0.047474268,0.084870347,-0.058348857,0.067190414,0.056615104,-0.009572931,-0.009899409,-0.034035815,0.009356036,0.046669077,0.038624334,0.045024686,0.023303108,0.046694604,0.016909293,-0.103842078,-0.071404856,0.029513132,-0.040838437,-0.002368239,0.031653188,0.027814906,-0.031854234,0.04539256,0.025469855,0.034770288,0.043064216,-0.030211644,0.05514532,0.091642138,-0.030188457,-0.055360032,-0.013408782,0.06818374,-0.039622837,0.032430851,2.65611E-15
02ADL0087,1.233737949,-1.410567171,-6.251276503,1.633866007,2.576702149,-0.370619113,-1.123567277,-2.640979573,1.333218875,-0.586442265,0.144609044,0.237442179,0.228192608,-0.885961206,-0.228747902,-0.275720055,1.057262094,1.39717211,-0.129876914,-0.215524199,0.118278165,1.339784576,-0.443426341,0.189507798,0.104354786,0.056935782,0.38903412,-0.496654334,0.370527933,-0.377507714,-0.152119394,-0.122265093,0.06354555,0.014814455,-0.071810513,0.597686694,-0.523629065,-0.029789096,0.09698377,0.30921408,0.623143061,0.008637616,0.023312484,-0.267633829,0.130642311,-0.036284356,-0.26618264,-0.038312772,0.094668294,-0.185974368,-0.043331442,0.269823362,-0.015626462,-0.03364379,0.005144073,-0.228719412,0.202612338,-0.119307715,0.255228581,0.105083856,0.020757058,0.193463833,0.17576359,0.166586647,0.078055497,0.354841691,0.148623904,0.091611303,-0.217095953,-0.224679699,0.045870315,0.030918441,-0.200739689,0.050072711,-0.087239003,-0.142291246,-0.076734064,0.042754877,9.42382E-05,0.122335264,-0.082945847,0.108542547,0.106612338,0.089362831,0.08030774,-0.057989608,0.238086179,0.210279445,-0.108235977,-0.035174507,-0.083209441,0.104160334,0.007066653,0.230630669,-0.024121955,0.184645517,-0.03356516,-0.146593054,-0.106184336,0.025411807,-0.053784308,-0.153803282,-0.035863117,-0.168643498,0.02634304,0.080365175,-0.084752701,-0.02000249,0.043372999,-0.013438112,-0.090493645,-0.093388019,-0.022124639,-0.038236049,-0.062098679,0.018357351,-0.221709399,0.057893881,-0.130866452,-0.071400467,-0.064967008,0.173813022,0.133093446,-0.039288864,0.152297316,-0.0837242,-0.068632138,-0.012771575,0.018926217,0.073185336,-0.011582892,-0.059892174,-0.051905841,0.082686559,0.01187435,-0.084542421,0.136956962,-0.076792653,-0.037947971,0.001318003,0.013206499,0.070818534,0.118634886,0.024269949,0.052829722,-0.019924035,-0.03770235,-0.03019914,-0.049380115,-0.023433659,0.041524836,0.105246245,-0.046772427,0.076568684,0.105713009,0.034988856,0.076780612,-0.106404104,0.074368902,0.104425432,-0.025824256,0.063522796,-0.044441599,-0.015699475,0.041773394,-0.07684415,0.040269885,0.009302707,-0.006506382,0.018593134,0.010749198,-0.001898447,-0.038541109,0.112572532,0.017185097,0.07263941,-0.034765632,0.077577178,-0.00876753,-0.054682001,-0.008028622,-0.02986751,-0.022610988,-0.033715869,-0.020710388,-0.013586846,0.060573348,0.026931557,0.027412657,-6.67603E-16
02ADL0091,-4.34879965,-3.096263949,0.151665506,3.082638067,0.944966336,-4.68912276,0.515687817,0.503405757,0.155181514,-0.814209474,0.384233471,1.150742758,0.603555346,-1.144505486,0.715069215,-0.54500072,0.801866651,-0.678285489,-0.607700516,1.004301332,-1.172154082,-1.475653013,-0.071417892,0.672288213,0.226120863,0.404307706,0.539570045,0.180859645,-0.521532966,0.502691644,-0.628190078,-0.295670542,-0.406800952,0.70790542,0.377276229,0.328522267,-0.271139348,-0.208523226,-0.298970134,-0.790594716,0.699123712,0.098866007,0.149391951,-0.134236195,0.331113618,-0.10995132,0.259937158,-0.353549628,0.340043263,-0.210827266,0.618705536,-0.062901035,0.08404987,0.223382163,-0.281959238,0.248024577,-0.119431805,0.078959726,0.077336115,0.039024445,0.324699559,-0.103983721,-0.193467973,-0.095821397,0.111606058,0.025242963,0.123426958,-0.008431531,-0.167140608,-0.076954445,0.069492976,-0.296408525,-0.371177765,-0.033882437,-0.020871026,-0.166087355,-0.017661585,-0.017917049,0.089335518,0.017332838,0.233897596,-0.122739954,-0.093210402,0.024600167,0.041594475,0.034168808,0.064522106,0.06908737,0.066197975,-0.058611979,-0.014621028,-0.084889264,-0.199575757,0.01839613,0.059687049,-0.037827544,-0.065008342,0.195479488,-0.002640673,0.086797448,-0.015497673,0.044983212,-0.222740174,-0.057614411,-0.148655539,0.061013657,-0.001673915,0.123663915,-0.006649243,-0.151259338,-0.031923482,0.039835825,0.093991026,0.028538311,0.022311849,-0.075117737,0.058598591,0.003285272,-0.111775313,0.029677964,-0.053015061,-0.086446417,-0.057838004,0.06633218,0.053298545,0.048682863,0.06058404,-0.022791063,0.088124651,-0.05457853,0.029816531,-0.064483463,0.065396105,-0.073954056,0.013595795,0.086891183,-0.061205919,-0.019810084,0.003953581,0.062120441,0.018440809,0.033888427,-0.063498782,-0.003211324,-0.002188702,-0.075635944,-0.011903049,0.023220194,0.049505558,-0.135311093,-0.007823924,-0.043122655,-0.025276213,-0.00208454,-0.033300547,-0.005862312,-0.002074332,-0.023644277,0.027242531,0.037386554,0.002456783,0.058941148,0.016247377,0.005074784,-0.021856019,-0.025430676,-0.042435811,-0.044176855,0.003888885,-0.012765053,0.088703699,-0.005271537,0.003572679,0.043586639,0.05309244,0.013543247,-0.008141954,0.013141409,0.010537573,-0.014148913,-0.028969858,-0.022022122,0.016109167,-0.000238744,0.006144497,0.003834384,0.000494931,-0.020774316,0.002425778,2.05431E-14
02ADL0097,-13.50380824,-1.385312766,-0.641725419,2.019350479,2.98463284,-1.568162558,3.583696446,1.525392108,0.16447832,0.340814057,-0.765234819,1.393577108,-0.617773434,0.74653452,-0.180717226,0.034367323,0.052668788,0.226739498,-0.446357018,-0.448631073,0.261044844,0.256570612,-0.168763965,-0.661148966,-0.4541431,0.57381832,0.499449812,0.312667313,-0.172781274,-0.03318562,-0.362168954,0.409235537,-0.061530165,-0.261237723,0.082559052,-0.572506477,-0.043405709,-0.097114352,-0.301446262,-0.007819194,0.229324409,0.200476598,0.066699517,-0.222229056,0.28170314,0.23055436,-0.22386261,0.327089969,-0.021096828,-0.135543532,0.003565017,0.06283537,-0.167114958,-0.208055919,0.344840514,0.155457705,-0.106598611,0.542046686,0.073590882,0.062539595,0.200157937,0.13242104,-0.067742637,0.042381359,0.09118605,0.056529398,0.056964549,-0.086567114,0.304815925,-0.182066465,0.117192221,0.168290919,0.063117843,0.002794103,-0.107536534,-0.073604515,0.090971377,-0.140065725,0.125566876,0.162593473,-0.092424749,0.114011407,-0.009939102,-0.00339642,-0.016878003,0.050158779,0.010608191,-0.058517755,0.141142046,0.056415579,0.140267834,-0.069325387,0.099781353,-0.112347952,0.057964861,0.039177043,0.047880982,-0.057267394,-0.136910369,0.121966882,-0.159623167,0.04645869,-0.198728802,-0.057393213,0.011845105,0.131100598,0.209339936,-0.051355711,0.071009732,-0.127558275,-0.276570282,0.153650852,-0.065611147,-0.103059389,0.018584197,-0.189057848,-0.084101552,-0.11865667,0.075849769,-0.002284129,-0.14036974,-0.009260031,-0.069571086,-0.104581373,0.105494599,-0.05726117,0.049700554,0.160977134,-0.178540638,0.052032742,-0.047817223,0.119523147,0.015044653,0.175843764,0.149825168,0.032995834,0.018411796,0.066396746,0.005053292,-0.092715905,-0.138006864,0.029660264,0.065746612,0.060977462,0.042095625,-0.065491783,0.015525477,0.034423414,0.004307831,-0.03782276,0.057213022,-0.020586673,0.04811606,0.000968852,-0.129658207,0.066175873,-0.010636878,0.02076136,-0.04107083,-0.029099813,-0.013137055,0.067260832,-0.02328636,0.113314309,-0.021413224,0.008537267,0.022822811,0.038065207,-0.070030716,0.059831843,0.02297253,-0.007547417,-0.000130863,-0.056152535,-0.000244708,-0.039600006,0.042057605,-0.040486374,-0.044086252,0.065661891,-0.014686843,-0.06928955,0.013067967,0.014423947,-0.023463696,0.005554706,-0.016767653,0.02677368,-0.020296244,-8.37648E-14
02ADL0099,-14.1579905,2.373825468,-1.416468859,3.045498198,-3.246264236,-0.556945558,2.946665191,-0.588001859,-2.0591407,-0.474404728,0.100421873,0.134442983,-0.534279598,0.698810644,-1.099810734,0.239688372,-0.204011812,0.80168446,-0.96108763,-0.047653817,0.486225436,0.246608795,-0.077536342,-1.293043632,-0.367073656,0.48714708,0.406735813,-0.202862122,-0.04473831,0.377823017,-0.037029626,0.050608722,0.285835838,0.320107363,0.053030378,-0.403403392,0.011380022,0.062006336,-0.05553599,-0.301850673,-0.186672631,-0.251424929,0.037065011,-0.541190589,0.213652504,0.116600613,0.139631485,0.121538649,0.045034233,0.189249961,0.093792203,0.084575009,0.163590496,0.194034907,0.199290739,-0.067644508,-0.006747934,-0.153956042,-0.049835755,-0.113926584,0.211947811,0.184421839,0.038500116,0.130171476,0.001104223,-0.057603712,-0.008510902,0.257714454,-0.388813453,-0.240729115,0.074875813,-0.080176609,0.123115423,0.137379891,0.130446369,0.203989746,-0.071913099,-0.054778306,-0.034852374,-0.025386076,-0.051393671,0.105472825,-0.199865059,0.186318503,0.147162777,0.052301304,-0.033802385,0.043808181,0.00882704,-0.021779247,0.031022052,-0.064427248,-0.045833019,-0.031939243,0.028922878,-0.087684857,-0.158689238,0.088931344,0.005012351,-0.104431129,0.096157537,0.008873781,0.043641223,-0.041033201,0.036302482,-0.098089843,0.284325132,0.075154787,-0.110287626,0.057670675,0.158648752,-0.032285147,-0.122916313,0.012823479,0.00748686,0.005517042,0.020873374,0.188699829,0.08392639,-0.070785458,0.007511257,0.059647854,0.008675165,0.132542124,-0.03313424,-0.002595526,0.143345701,-0.145072917,0.087402658,-0.146186728,0.052568805,-0.034594551,-0.028149513,-0.027656318,-0.115276489,0.073077587,0.040254659,0.078867742,-0.001004666,0.037003631,-0.009637005,-0.047511557,-0.055710706,-0.07172415,-0.011412017,0.015965611,0.149843133,-0.032946749,-0.051683352,0.114024011,0.095359112,-0.009101731,-0.03129162,0.034261975,-0.155118916,0.0698451,0.005566415,0.020551183,0.078571984,0.060464467,-0.039881805,0.080951192,-0.026630668,0.034098232,0.079558829,-0.004731343,0.035080712,0.086538725,-0.065824755,0.032572241,0.059873976,0.115133498,-0.020597013,0.094262282,-0.105886442,-0.032912429,-0.009681515,0.03022298,-0.037683886,0.020489404,-0.009143677,0.027895907,-0.023551398,-0.066788913,-0.030303216,-0.012631139,-0.015692602,0.097994046,0.058675012,7.78992E-14
02ADL0104,-11.03239292,1.552501937,-4.867047225,2.145230974,-0.612335585,-3.258048876,2.530919942,1.26599729,0.196002808,0.151975058,1.035095502,0.136198102,-0.324256002,0.200408783,1.34314648,-0.552487085,-0.977341055,-0.102898274,-0.3647856,0.016199816,-0.984628011,-0.095592052,-0.27729,0.368857241,-0.234931767,-0.341160725,0.274988626,0.124907291,0.461783683,0.095680569,-0.401426019,-0.071833375,0.392343604,0.185257174,-0.416891975,-0.173705164,-0.081175625,0.253595263,0.232288469,-0.537385692,-0.046393895,0.426671439,-0.161238485,0.009955058,-0.291600274,0.1813908,0.190398094,-0.183326997,-0.074517323,0.113975708,-0.102716128,0.149176424,-0.05601643,-0.272881632,-0.117675984,0.098184628,-0.056598408,0.245070448,0.157026789,-0.141629206,-0.005495068,0.024701307,0.099000344,-0.11473063,0.02590366,-0.257103426,-0.149245571,-0.104472162,-0.040449992,0.056260548,-0.009602117,-0.05097078,0.057094968,0.015580634,0.122506907,0.082009687,0.167442044,-0.156095898,-0.243747825,0.103315691,-0.036858616,-0.028489838,0.207078727,-0.19702304,-0.010324774,-0.007434478,0.000197114,-0.058378756,-0.155233191,0.160372895,-0.137073958,0.4079444,0.026016028,-0.134979929,-0.1147323,0.006874914,-0.196141945,-0.086072467,0.133622833,0.025518775,-0.089026409,-0.133398114,-0.286046163,0.055411864,0.134725326,-0.054232344,0.160978239,0.029314815,-0.123775954,0.057745905,-0.008123574,-0.163434665,0.075152162,0.020643457,-0.12012993,0.040539459,0.008894744,0.05413158,0.041477161,0.09596048,-0.209525813,0.022017276,0.030099883,0.126507212,0.038331988,0.001556753,-0.003687598,0.024928582,-0.077090734,0.085363811,-0.094491526,0.184792877,-0.016835806,0.000562532,0.016825649,-0.070826594,-0.051390773,-0.151808122,-0.088525897,-0.056091337,0.100128184,0.088732934,-0.010997787,-0.164726032,-0.071935692,0.023215646,0.03861011,-0.008814182,-0.058455324,0.000751023,-0.070638882,0.07250742,-0.060311921,0.048296624,0.000899362,0.044706866,-0.07801668,0.016157923,-0.023345367,0.026525722,0.025898323,-0.056644384,-0.037533299,0.048471487,0.035024508,-0.047397493,0.046262747,0.002421017,0.014747348,-0.100143663,-0.05425336,0.014612813,0.052644118,0.016665439,0.027543836,0.015793909,-0.011565874,0.081395803,0.021445763,-0.014828513,-0.021110794,0.046915021,0.007486856,-0.011501374,-0.006899507,0.067394838,-0.039676132,0.010233438,0.083741377,2.58149E-14
02ADL0106,-0.381089644,-2.816363436,-0.766820235,3.983606019,0.434298364,-3.112377369,-0.109772284,1.100357642,-0.910646389,0.849680985,0.955366532,1.16280859,0.666909129,-0.319243383,-0.206686386,-0.031156762,-0.833947728,0.797547803,0.684452891,0.295455749,-0.245218297,-1.120611012,0.421313898,-0.389485115,0.31209098,0.083571637,0.045502394,0.44257507,0.303012756,-0.196382209,-0.148516187,-0.057980828,-0.68217214,-0.195105803,-0.054800688,0.609538468,0.032544366,-0.050032906,0.069479246,-0.243735584,-0.263005522,0.334987938,-0.095548043,-0.406729433,-0.076306228,0.039301001,-0.239163269,-0.047247188,-0.527353896,0.107152487,-0.13431693,0.146862584,-0.049424936,0.092794413,0.222725787,-0.224970173,0.151070925,0.037332306,0.220359956,0.025242613,0.081277755,-0.267187669,-0.227147562,-0.172370588,0.097471224,0.195332109,0.276932182,0.104243454,0.158136698,0.074538543,-0.186960151,0.06564819,0.168109444,0.011987312,-0.018725916,-0.0396875,-0.114905765,0.102558473,0.145136558,-0.009616542,-0.102500987,-0.077387311,-0.108752935,0.198028767,-0.141280734,-0.173316931,-0.143200412,0.05743003,-0.131121511,-0.133605326,0.01600025,-0.027176781,0.207990831,-0.059094403,-0.037618134,0.02972481,0.014781703,0.226092188,0.01133982,-0.067903194,0.17876014,0.007011557,-0.123415785,0.049536797,0.091017475,-0.155452517,-0.014813737,0.117352594,-0.067464914,-0.059088933,-0.014109613,0.164601122,-0.010882416,-0.046748472,-0.105973286,0.02304628,0.066319345,0.088170658,0.130823536,-0.152307815,-0.098407906,-0.00332907,0.004141785,-0.116926912,-0.0215587,0.026646585,0.019449328,-0.063424111,0.105624257,0.094423946,-0.236468379,0.058448043,0.018079698,-0.0577941,0.032954981,-0.126878373,0.166895714,0.009146833,0.028231582,-0.011630166,0.056525838,-0.03448797,-0.045038015,0.127909673,-0.033543204,0.045462799,0.012917796,-0.070680415,0.166974968,0.09816578,0.0418052,0.004226185,-0.019349683,-0.014862634,-0.001737551,-0.088849739,-0.029716984,-0.106052679,-0.044696825,0.080489753,-0.082091357,-0.00864385,-0.078162685,-0.055787704,-0.051211547,-0.050154147,0.070840919,-0.096826291,-0.016838884,0.048006393,0.017052154,0.004400181,0.086581152,-0.06294565,0.016689871,0.033971139,-0.03566862,0.006141953,-0.037239833,-0.023775201,-0.028960531,0.035820524,-0.023936357,0.011570613,-0.007416682,0.015073091,-0.007287788,0.012044023,0.007774094,5.79936E-15
02ADL0107,-0.6422247,-1.788408021,-0.949138347,1.349540515,2.610331526,-3.115504684,2.336725072,0.07019163,-3.53181022,-1.602364164,-1.315845464,0.796447226,0.409630389,-2.830402867,1.11601198,-0.315458531,-0.262070697,0.042627868,-0.278433208,-1.103999959,-0.367537215,0.562226789,-0.359082934,0.487149366,-0.947073341,-0.954745742,-0.029350342,0.041903464,0.130209786,-0.162478241,-0.450655426,-0.15979969,0.004320517,0.136463114,0.442508082,-0.166232374,0.366130754,0.348802522,0.959297042,-0.126627385,-0.072933472,-0.022572212,0.071548781,-0.137711206,0.322346671,0.1074199,-0.0933124,0.062362873,-0.049451047,0.401014777,0.217378261,-0.187938265,-0.336191525,0.186371211,0.281328355,-0.12756131,0.249601229,0.402393111,0.142170482,-0.195989386,0.138678851,0.014769143,0.185685091,-0.255175593,-0.190716325,-0.167826298,0.022378616,0.220612702,0.059430721,-0.010439912,-0.313273339,-0.1579117,0.095143251,-0.100774706,0.114116283,0.14706196,0.236622315,-0.038209612,0.139881128,-0.168747927,0.181781171,0.161982288,-0.157753938,-0.084761498,0.020236353,0.035161963,0.085814522,0.056598413,-0.068836744,0.19788849,0.006106306,-0.215743274,0.021911352,0.274289515,0.083611541,0.133102366,0.098934096,-0.199779826,0.080141128,-0.031843834,0.1156447,0.11873754,0.196396776,0.04238884,-0.090727125,-0.009412131,-0.019329888,0.093411511,-0.041507991,0.174099737,-0.056081097,-0.019536966,0.172553641,-0.002273705,-0.050549654,-0.118776564,-0.05926777,0.026905482,-0.049531888,-0.002319735,0.073594386,0.014281125,-0.089124285,-0.137923718,-0.024553099,-0.101533593,0.071105466,-0.002080837,0.040891169,0.024862777,0.007252976,0.000965507,-0.0342687,0.024324804,-0.045912485,0.083828504,-0.08895285,0.020005787,-0.052453573,-0.024318382,0.035411039,-0.012217701,0.030747663,0.008119483,0.030658189,0.006211296,0.007542304,-0.008301146,0.049135247,0.004954613,-0.030873032,0.064936756,-0.020730348,-0.01199348,0.010315954,-0.083908081,0.024020605,0.002678794,0.000278708,0.037087488,0.038501422,-0.014349681,-0.034384784,0.015574283,0.004594909,0.034736278,0.037370189,-0.012131446,0.07757206,0.016897034,0.022596308,-0.029431954,-0.028099145,-0.022797809,0.021533349,-0.022638209,0.018666868,-0.011898673,-0.001820189,0.004286355,0.029795847,-0.001262687,-0.021822579,-0.016831374,0.008310039,0.015643534,0.025585714,-0.023046352,0.010267916,7.8898E-15
02ADL0109,-1.994771938,-2.23049581,3.984322556,3.517495518,0.786919002,3.503742641,0.347599382,-1.364250343,1.621686197,0.178570388,1.974325172,0.584769536,-0.810990391,-0.647183154,-0.531698798,0.08366924,-0.316139744,0.111053447,0.196219212,0.01457574,-0.466062278,-0.410572123,-0.40517533,1.028408754,0.177988122,-0.179687927,0.502687079,0.057518662,0.275791956,-0.580538015,0.331157286,-0.207834191,-0.430445648,-0.120930288,0.14537192,0.146266296,0.041030554,-0.105378207,-0.42495255,0.369726605,0.330302304,-0.219759002,-0.250199085,-0.096351641,-0.120599224,0.061028605,0.04185946,-0.058300653,-0.235721442,0.317853501,-0.053915043,-0.044784043,0.269399464,0.012121573,-0.209796199,-0.007029281,0.17135736,0.029325679,-0.362237263,0.303587124,0.151217697,0.049507125,0.206806589,-0.256650178,-0.249326804,-0.126036241,-0.061247073,-0.003792674,0.065252856,-0.086712138,-0.096874792,0.003438122,-0.081828651,-0.112699094,0.101787886,-0.078448914,0.139219826,0.146518928,0.222515262,0.061849467,0.224046381,0.066426421,0.060338055,0.150855351,0.005975082,0.249548151,0.155054545,0.084322153,0.036767248,0.036391918,0.128088418,-0.087863152,0.083204163,-0.249192092,-0.102984992,0.094404395,-0.029353671,0.051544197,-0.07234026,-0.013627068,-0.047228512,0.202326772,0.147207935,0.07006582,0.170356475,0.03100529,0.037249178,0.058580958,-0.17443398,0.06732903,0.027417125,0.072763107,0.085445012,0.025871787,0.088582387,-0.026366882,0.025981994,-0.04127328,0.075174923,-0.054883324,0.042405301,0.122001489,0.021048414,0.066530471,-0.05790933,0.004176212,0.147655521,0.010083513,-0.073765593,-0.019390937,-0.060335609,0.053825033,0.036955494,-0.038564127,0.010470044,-0.213523476,-0.054469874,-0.012103714,-0.056913697,-0.125346876,0.100784359,0.118335809,0.138313401,-0.029772882,0.015936457,0.054819712,-0.066645888,0.10497817,-0.064421784,0.034131396,0.017822572,-0.128603758,0.004929552,-0.014103619,-0.071007503,0.033085127,-0.043692732,-0.020733356,0.024848261,-0.066177192,-0.007909695,0.005546413,0.060681952,0.060937849,-0.045774975,-0.037646601,-0.021707613,-0.023989619,0.044187582,0.013487556,0.011325121,0.027319656,-0.111273648,0.068669845,-0.061304772,0.039964207,0.01340121,0.011634182,0.106124731,-0.00256095,-0.116716222,-0.018348274,-0.114792832,-0.062786805,-0.06213727,-0.019658847,-0.029245023,0.013978587,-0.0003342,6.73676E-16
02ADL0111,-2.748425132,-1.037463062,-2.159221977,1.339324201,4.250913461,-1.006295283,0.758317004,-3.880997934,0.040666085,1.362448967,0.003238634,-0.423335491,-1.721168691,-0.239472028,-0.077051934,1.266328431,-0.626818544,-0.629425641,-0.870395494,0.041378228,1.203326027,0.413012295,-0.272011351,0.709504509,0.670718419,0.094123117,0.057900422,0.011304672,-0.29506478,0.496351752,0.17034077,-0.192624262,-0.582941919,-0.185503955,-0.085355341,-0.113780223,-0.293485443,-0.091512856,0.071854181,-0.036630359,-0.854271511,-0.10446072,-0.253660237,0.239492345,-0.00242653,0.516043327,-0.427031194,-0.250977684,0.192866635,0.201327151,0.066540042,-0.059953169,-0.282157499,-0.302775383,-0.198391666,0.179370527,0.06098118,0.105114102,0.169854449,-0.179646019,0.050696997,-0.006770724,-0.168312115,0.13373385,-0.019748835,0.347377509,-0.041337483,0.167266939,-0.065402937,0.046386091,-0.085287595,-0.286883217,0.065426279,0.1719095,-0.119977727,-0.22168878,-0.249601848,0.23196584,0.084068982,0.122769436,0.270402383,-0.013600896,0.014328738,-0.111165458,0.061792821,0.109858465,-0.00134276,-0.136007736,0.201241084,0.052971016,0.071817218,0.096942545,-0.02520435,-0.037652387,-0.003379348,-0.033785567,-0.195920664,-0.125277316,0.250811202,0.114958802,-0.12370917,-0.196261981,0.020299259,-0.022949402,-0.142005418,-0.208748718,-0.014553553,0.140501945,0.120854093,0.053138683,-0.044806862,0.006403741,0.05396897,-0.005512683,-0.03543322,0.079603111,0.090137226,0.156422606,0.035442824,-0.043625606,0.004495514,0.103352854,0.086795881,-0.109899689,0.027095754,-0.027847221,-0.001269069,-0.014939843,-0.035253686,0.051930243,0.062196056,-0.065000829,0.128017313,0.055899319,-0.019655889,-0.201944218,-0.089239592,0.027915305,-0.08169823,0.026189496,0.005010243,-0.069242701,-0.030655267,-0.013309913,-0.038290118,-0.046293483,0.020252766,0.018306451,0.06725651,0.017903023,-0.025564348,0.013797761,0.018603634,-0.026550857,-0.072020359,-0.021355377,-0.024901375,-0.028774381,-0.032456857,-0.009392347,-0.029098907,0.022972837,0.027269976,0.016465425,-0.029857218,0.017716886,-0.039056029,0.068729372,0.014008065,0.048018575,0.031021833,-0.00919802,-0.049802809,0.002271996,-0.006766917,-0.027993731,-0.050178739,-0.036916281,-0.004633639,0.012056594,-0.027023997,-0.028483577,0.010388996,0.059998204,-0.002187792,-0.011095648,0.008729916,0.012464313,-0.001369024,-1.0648E-14
02ADL0113,-3.319034738,-1.32324817,1.782782381,3.085101465,1.176913769,-1.650741781,-1.282768293,-2.112450788,0.515491329,-0.443724784,2.034343722,1.621141308,-0.513414232,0.992984374,-0.181683371,1.119100221,-0.365719101,-0.274404643,0.032659065,0.353868016,-0.1523147,0.052722006,-0.537830815,-0.173764111,0.663429014,-0.2053953,0.305688189,-0.108715211,-0.098306337,0.268876629,0.158978691,0.244694232,-0.265973791,-0.036715629,0.001590547,-0.114115754,-0.219220003,-0.558258962,0.139609647,-0.174216433,-0.361983107,0.419644337,-0.145648158,-0.208269779,0.254932499,-0.070473402,-0.383133254,0.193891436,-0.207163615,0.16086244,0.165686271,0.21012966,-0.16466381,-0.185552468,0.128429563,-0.358046968,0.203019857,-0.295435369,0.05276313,-0.077650578,0.057082622,-0.041175076,0.244840956,-0.06095837,-0.114607884,-0.08005786,-0.026658133,-0.053851,0.06208251,0.185714036,0.029473254,0.272684134,-0.020985093,-0.118275189,0.051822337,0.109172503,-0.020110092,-0.081462634,0.060829584,-0.110475363,-0.016207387,-0.018092613,0.184914553,-0.039296498,-0.106951028,-0.08860023,0.253086763,0.060670758,0.249382537,0.111484887,0.132367518,0.009911004,0.007606216,0.266380309,0.153042806,-0.003699966,-0.11988268,0.160980116,-0.096114607,0.185492215,0.243258313,-0.186221214,-0.003984728,0.181108168,0.068364961,0.074135551,0.126928849,-0.036823289,-0.132002328,-0.043035013,0.172354213,0.047794431,0.049022143,0.259355283,-0.019489456,0.059558857,0.032362353,-0.105297713,-0.168502583,0.03662247,0.066445338,-0.076678814,-0.059139032,-0.079563395,0.054007182,-0.020205774,-0.028306335,0.083716061,-0.032190677,-0.07505301,-0.055315314,-0.127869105,-0.054404929,0.049690494,0.122088181,0.011538456,-0.07299407,-0.136919312,-0.033831861,-0.031168516,-0.027509388,0.024527816,-0.041181798,0.051301104,0.108488963,-0.071568644,0.091749609,0.051201533,-0.045971261,-0.026239473,-0.030379915,-0.044336178,0.027897373,-0.016568288,0.012715619,0.069636984,0.012878938,0.007343326,0.036579249,-0.006594006,0.046717908,-0.086369722,0.026086105,-0.109543616,0.035333392,0.03352073,-0.106932163,0.056268761,-0.074269302,-0.040898799,0.013084871,0.059540878,0.032051284,0.014234959,0.074438013,-0.013946791,0.039483122,-0.006964582,0.026603204,0.052510466,0.055625116,0.086934033,-0.017103871,-0.008540639,0.001936277,-0.030696703,-0.014540236,0.026482497,0.00596292,-8.99379E-15
02ADL0114,-0.334471508,-5.723927324,4.317642098,2.166318053,7.014107635,-1.009930753,-0.109298566,-1.704235271,0.319335653,0.411417717,0.243535398,0.122290556,-1.068880215,0.160661173,0.621645108,-0.072074228,-0.776137594,1.320679644,0.680262874,0.673568858,-0.113849671,-0.671586977,-0.492728587,-0.305699034,-0.687705601,0.238355409,0.417883429,-0.549530929,-0.076991346,0.21499124,0.037026915,0.193672392,-0.149372721,0.026680963,-0.22307088,0.35508928,-0.21085878,0.641998944,-0.028550858,0.320116782,0.189998069,0.398534792,-0.620824622,-0.002504818,-0.029858956,0.150560196,-0.433584859,-0.099170929,-0.080473345,0.084992468,0.220491522,-0.191899598,-0.10891285,-0.42625928,-0.132149064,0.571017079,-0.098153749,0.108898395,0.104182036,0.026743327,0.128737912,-0.116798597,-0.28936711,0.280882266,0.079059488,-0.050709635,0.131282111,-0.051190918,0.194888088,0.058848193,0.136792525,-0.30678734,-0.031619151,0.34350435,0.285790073,0.267853429,-0.061875576,0.025071828,-0.172421474,-0.075972113,0.081836566,-0.052099858,0.141943535,0.314084815,0.018808085,-0.022588484,-0.277133258,-0.044456409,0.130605833,0.261494451,0.070124698,-0.063645062,-0.025107617,-0.005318386,0.036953608,0.017259781,0.175707068,-0.023835992,-0.037980664,-0.162070151,0.008379262,0.059914788,0.178951897,-0.130446676,0.144455452,0.090139,-0.078906648,-0.142056791,0.048536321,0.12109473,0.102535453,-0.028944972,-0.017904211,0.06047765,0.129711826,-0.028030436,0.051985402,-0.026428625,-0.007760611,0.041916747,0.025395329,-0.033436778,-0.023009229,0.050373897,-0.052131922,-0.188771187,-0.094907746,-0.011531441,0.129137395,-0.037054226,0.045958945,0.053857391,-0.06976469,-0.039168679,0.092964836,0.080852863,-0.021404495,-0.030520843,0.096767285,0.028930504,-0.008501882,0.012869588,-0.01273642,0.052980226,0.041890966,0.007686073,-0.072906113,-0.047273607,-0.094573881,0.014936427,0.018248903,0.058816346,-0.05209727,0.002660886,0.040190155,0.06168683,0.023759193,0.035076604,-0.04216706,0.042761788,-0.001779871,-0.028049452,-0.02919729,-0.031892785,0.018208898,-0.037847122,-0.019948012,-0.004607094,0.003619568,0.019623842,-0.004208707,0.014119363,0.038513311,0.038170398,0.001469421,-0.006813237,0.020808658,-0.02112585,0.030372978,0.007762718,-0.038091327,0.013199503,-0.015851957,-0.001765832,0.016494482,0.026647218,0.003300409,0.02593262,-0.001988903,5.15603E-14
02ADL0115,9.863603788,-2.094503063,0.093436033,4.153500343,-2.131270997,3.431587461,3.184334355,1.395176787,0.556133619,-0.344823467,1.37798026,0.164449119,0.556775679,0.783079586,-0.399810064,0.72035029,-0.22798186,0.059469938,-0.157513484,-0.320668339,-0.159715912,-0.325493627,-0.133598572,0.585352645,-0.305414652,0.039594488,0.021053916,0.032228123,0.058103239,-0.154805323,0.295115642,-0.019117895,-0.08210922,0.400272724,0.08439712,-0.05866955,0.230105036,0.437910931,-0.104350572,-0.184100639,0.114899696,-0.321880292,-0.147377193,0.130813826,-0.078713749,0.209117938,-0.094672981,-0.17160204,0.130138749,-0.073774817,0.057039251,-0.16351438,-0.207010463,0.267026174,0.005401446,-0.118189196,0.334746554,0.002032445,-0.061989353,-0.113938557,-0.204248497,0.241399767,-0.001794061,0.12981695,-0.094048691,-0.125456994,0.05347008,0.019295669,0.164692605,0.01245694,-0.119070757,-0.006563984,-0.09310807,0.025733109,0.105568036,0.029133747,0.09940642,-0.183010335,0.037393757,0.07529276,-0.068039085,-0.073042788,0.164618191,-0.046390647,0.072095817,-0.167981112,-0.098837585,-0.036002921,0.034620374,0.031671118,0.127383191,-0.063479604,-0.175944289,-0.099922245,-0.024950847,0.25697654,0.146575221,-0.044486425,-0.110496267,0.053122377,-0.004643965,0.158842234,-0.070343912,0.021647179,-0.167097084,-0.099742785,-0.087771579,-0.124758255,0.020865606,-0.014654978,-0.136967037,-0.076176512,-0.024273448,0.152756572,0.079571468,0.015701466,0.106071079,0.083447845,-0.029630168,0.086125579,-0.074122625,0.070425181,0.018163768,0.062316319,0.09718267,0.062940072,-0.10912717,-0.005538908,-0.089408904,-0.087099,0.05853239,-0.047949184,-0.100498266,-0.032743524,-0.110614907,-0.095119152,0.054567355,-0.053654388,-0.01001842,0.014413878,0.004186393,-0.085322812,-0.024950871,-0.017050266,-0.053362061,-0.136461801,0.093161978,0.022722525,0.046110595,0.047866118,-0.013223893,-0.043119244,0.140196549,0.03517051,0.025968,0.02993769,-0.029668335,-0.08231996,0.017808827,-0.082856972,-0.062480392,0.034001256,-0.124971055,-0.093418264,0.067437991,-0.01750131,0.05705657,0.026533321,-0.105096846,0.070738238,-0.026735904,0.042394271,-0.034343348,-0.091597796,0.150205182,0.0122717,-0.085222924,-0.069867184,-0.05526558,-0.014110182,-0.135342966,0.0912111,0.01302702,-0.103878135,0.093414034,0.05577282,0.105796867,0.049820396,-0.055978183,4.94609E-14
02ADL0116,-26.26782711,3.270274816,-0.903885465,2.168274594,-1.801091283,0.212175739,0.991078454,-0.570456453,1.274146617,0.211794187,1.332457799,1.003221657,0.656510063,0.462567781,-1.148603363,0.654558427,0.287070893,0.385200847,-0.957122781,0.023331845,-0.174733452,0.49811646,-0.578082728,-0.093162197,-0.170647456,-0.394581536,-0.12577595,0.187511,-0.010763783,-0.013732077,0.068733737,-0.1335667,-0.200592407,-0.161456887,0.393321293,-0.322830952,-0.138529997,0.079098615,-0.12720295,-0.158939795,0.094113487,-0.190678988,-0.168521497,-0.074048106,-0.133224035,0.011602586,-0.124899285,0.252657969,-0.310274734,-0.233174958,0.164271929,0.154919423,0.01377963,0.2516525,-0.068013958,0.223855716,0.105441636,-0.106209216,0.051484956,0.010457699,0.069680149,0.214295118,-0.028507945,0.061747175,-0.06119147,-0.137906027,0.131810788,-0.088855834,-0.314981313,0.021284784,0.114352348,0.107625635,0.192646795,4.53033E-05,0.241993665,0.19412594,0.087745091,-0.136711166,-0.204650497,0.22402954,0.095966403,0.020852421,-0.076454422,0.127608423,0.089928951,0.104769294,0.058741757,0.04557719,0.01778047,0.026617943,-0.110714285,-0.005630241,0.016858028,0.01031059,-0.00786102,0.031257724,-0.018263951,-0.022736454,-0.066346579,-0.058214429,0.019566906,0.010636338,-0.008262653,0.221338476,-0.039295791,-0.023928193,-0.215227759,-0.097898237,0.028947848,0.031585996,-0.071951793,-0.11076291,0.008878327,0.009384775,-0.036817726,-0.055369125,0.04440366,0.161566306,0.233894837,0.183146238,0.112075711,0.043057107,0.072375229,-0.071303997,-0.041235495,0.054680254,-0.110075753,0.109120306,0.005204872,0.103678634,-0.16406261,-0.088253698,-0.040762285,-0.011723523,0.050550613,0.076661079,0.034451701,-0.109068837,0.063798188,0.032208607,0.080377848,-0.044599938,0.002196007,0.058470111,-0.051966989,0.004290833,-0.026137172,-0.038806463,0.134646937,-0.063283483,-0.123711964,0.015501238,-0.019641197,-0.053361314,0.12710897,0.066721886,-0.074578388,-0.071619862,0.026486317,-0.044464881,-0.054332193,0.035481468,0.161471179,0.069066325,-0.047043343,-0.05743882,-0.075658061,-0.147345412,0.01499325,-0.015591868,0.066760773,-0.02121843,-0.047301585,0.025452807,-0.102303187,-0.116752929,0.001890577,-0.106652645,-0.006203594,0.007275004,0.074850923,-0.048196897,0.094931939,0.083451785,-0.015437468,0.025212402,-0.013514539,0.014372584,-0.035306305,-2.05066E-13
02ADL0119,-7.040611234,1.416999324,-4.177029104,2.903284526,-1.916922222,-1.472314967,0.170601692,0.796574827,0.207169889,1.284357006,2.032841333,0.345272257,1.32170677,0.550764922,0.145576949,0.038449051,-0.447983257,-0.322932283,0.221410966,0.171774931,0.969150276,-0.664236487,0.747300685,-0.247762046,-0.550507757,-0.229236328,-0.154750605,-0.080561418,0.365458422,-0.125686728,-0.820791485,0.568915599,-0.103118637,-0.037085256,-0.127607961,-0.161794043,0.156864829,0.34047091,0.06623731,0.234391215,0.209497272,0.507703286,-0.064559097,-0.086918771,0.514111742,0.375176848,-0.104100131,-0.097907543,-0.257079329,-0.004441251,-0.151230598,0.5118455,0.271178717,0.141998795,-0.026260352,-0.139143969,0.416755622,0.015434721,-0.058531563,0.351306616,-0.0227605,0.054005964,-0.044738945,-0.22709944,-0.063500333,0.105845696,-0.138202138,0.146391004,-0.135747028,-0.059400906,-0.137590413,0.030247608,-0.06882257,-0.019395044,0.07950218,-0.01989222,0.005934368,0.265586597,0.012243072,0.091096086,0.051190101,-0.080124033,0.323098927,-0.079205717,-0.073189848,-0.018306032,-0.162551769,0.124315097,-0.103772296,-0.027411237,0.098301405,0.155866175,-0.125960989,0.014482629,0.124661756,-0.321170135,0.095858332,-0.27388683,-0.010984005,0.050050478,0.023096008,-0.044216497,0.156635969,-0.151585125,0.03021645,0.044604084,0.002891695,-0.043143123,0.159407111,-0.125175298,0.039977793,-0.016376686,0.203672022,-0.033284031,0.134392446,0.054799284,0.143301617,-0.159234542,0.079676142,0.028395001,0.044989275,0.032150176,0.143121914,0.017363499,-0.077024827,0.225124364,0.070496692,0.055857953,0.021883236,0.049665738,0.057987903,-0.013139396,-0.027278598,0.078648833,-0.13792262,0.137157246,-0.113393027,0.135543356,-0.06237202,-0.002240868,0.028606456,-0.033772632,-0.025085859,-0.035498072,0.051865734,0.043684565,0.010411082,-0.042120773,-0.001569025,-0.030315727,0.024925393,0.016784985,-0.002062821,0.017228095,0.005378194,0.044657571,0.015796179,-0.033263019,-0.058996181,-0.025476622,-0.006097632,0.074183072,-0.038741431,-0.002691214,0.037708491,-0.054677926,-0.0852713,-0.005272251,-0.012964628,-0.009309077,0.045664527,0.000938207,-0.011323176,0.006049689,0.058779868,-0.012919147,-0.03366674,0.010004579,-0.015244649,-0.010276734,0.027361159,-0.004344082,0.030434783,0.014347878,-0.050241071,-0.010150082,-0.012169486,-0.015501449,-0.037638673,-7.99518E-15
02ADL0122,6.082873701,-1.188216622,1.73334757,3.442533677,0.971136671,2.702754461,2.193947016,2.9977933,1.137230591,-0.879367068,0.010972569,0.009580282,0.35575445,0.080993635,1.554098257,-1.481727821,-0.200793101,0.304934008,-0.318987899,-0.267055534,1.03622471,0.319026991,0.118445512,-0.219512407,-0.085718348,-0.653135095,0.208346589,-0.453587267,-0.101929258,-0.150910852,-0.441457345,0.419130339,-0.019639008,0.079605918,0.102624191,0.091292608,0.398240908,-0.174174356,-0.268161826,-0.058079813,0.052344928,0.498211948,-0.109282709,-0.09651532,-0.556938096,-0.135838742,-0.37912662,0.122163844,0.043344179,0.114439543,-0.020811552,0.180214082,0.104523896,-0.100695397,0.050607114,-0.090637454,-0.136795404,-0.052889369,-0.180679274,0.042220869,0.168463626,0.067652826,-0.377722055,0.079794394,0.033681606,0.054999446,0.07074712,0.045494963,-0.225726664,0.063315015,0.155946962,-0.05116622,-0.103849599,0.26029634,0.073238423,-0.081883463,-0.066047103,-0.0613863,-0.045006849,0.120238183,-0.065665985,-0.23109353,-0.145347719,-0.204043717,-0.041582412,0.065500065,0.116101016,-0.005473243,-0.054494675,0.155447286,0.233881251,0.169077902,0.139529042,-0.064528987,-0.085791367,0.167806824,-0.061327596,0.157465878,-0.018024939,0.007682634,-0.076784286,0.115863619,-0.026734028,0.009200566,0.021947375,-0.119533958,-0.019258242,0.087110187,-0.001376493,0.112497964,0.012186406,-0.030816683,0.153444037,0.050957805,0.185476868,0.059543654,-0.195404863,-0.083435302,-0.075068559,0.042311334,0.102246395,0.011132826,0.047919226,-0.097940611,0.00743521,0.063029942,0.038435365,-0.023601789,-0.019647304,0.025598526,-0.056661748,0.034107219,-0.00928304,-0.074033192,-0.049467497,0.04933047,0.021832074,0.044221261,-0.012157502,0.062142837,-0.006293462,-0.098032353,0.040605087,-0.01349859,-0.062753815,-0.098621113,-0.046640908,0.10129016,0.092575426,0.014709531,0.021794716,0.030049261,0.052554903,-0.018207522,0.002430225,0.030635323,0.090114893,0.077989909,0.099510129,0.0208165,-0.03228129,-0.003797015,0.084356742,-0.059107882,-0.045563041,0.105476915,0.058534359,0.029353523,-0.007343596,-0.060198055,0.063699171,-0.049349889,-0.024414654,-0.072252791,-0.005881203,-0.066772455,-0.057617269,-0.011344039,0.020525834,-0.075197376,0.118077725,0.007901301,-0.06200222,-0.094257285,0.091962599,-0.133234867,-0.043557303,-0.03543022,0.032307401,2.52084E-14
02ADL0126,-3.260047844,-2.080031524,-7.000539243,-2.801978423,3.835213703,2.391514615,-0.001759706,0.540399287,-1.327717707,1.667274432,-0.055195897,0.373768696,-0.422396198,0.526099209,-0.086221437,1.134561507,-0.417895508,-0.101897132,0.049995755,-0.352325402,0.323500466,-0.492152667,0.260810332,-0.130030308,0.274504713,-0.212260055,0.692663798,-0.186106808,0.278511095,-0.437027162,0.498099939,-0.440056351,0.432824239,-0.261118961,0.435307213,0.20908003,-0.290059704,-0.435537457,-0.125403246,0.089347584,0.05637502,0.110806967,0.472511585,-0.173656041,-0.20649208,-0.100430881,0.227670187,0.310697733,-0.14633378,0.032024245,-0.04429665,0.268818774,-0.294644131,0.398508037,-0.00602007,0.027870703,-0.243162565,0.661698139,-0.002179961,0.068915381,-0.253901611,0.043224897,-0.098895603,0.255598896,0.217099435,-0.004605702,-0.021762365,0.037558473,0.066417107,-0.050291866,-0.133394002,0.119905965,-0.141873679,-0.266555598,0.172757929,0.174119871,-0.048933589,-0.042599496,-0.086750293,0.160169812,-0.033570214,-0.090686037,-0.113467946,-0.059461683,0.136984033,0.008145484,-0.143621963,-0.026642449,-0.03310496,-0.012780977,0.271949941,0.047831373,-0.023014437,-0.020021506,-0.056141712,-0.068923501,-0.064761271,-0.065513934,0.005520884,0.092949585,0.127445543,-0.045641576,-0.067362861,-0.011053,-0.117505344,0.179351297,0.056616284,0.070559217,0.027656046,0.019823647,0.082874451,-0.103572009,-0.162386614,-0.050082279,0.144486204,0.072934803,0.020809657,0.046476075,0.007531675,0.07135025,0.010795951,0.005874196,-0.040523014,-0.100407357,-0.046194247,-0.049824028,-0.022922434,-0.055123543,0.065339712,0.118039074,0.077677574,0.028336309,0.15362373,-0.086566922,-0.152183438,-0.031380742,-0.105451295,-0.092247133,0.001450234,0.087061514,0.069080916,0.031978282,0.032424642,0.03216282,0.124046377,0.090058332,-0.00024833,-0.00373212,-0.005691169,-0.101159585,-0.054460877,-0.06185711,-0.028407271,-0.013420973,0.02443597,0.102977672,0.028695981,0.033732212,0.046594076,0.099255976,0.067121132,-0.037342447,-0.094243815,-0.025508642,-0.099092148,-0.005702156,-0.018580963,-0.041783607,0.039127388,0.117797185,0.025625719,0.015376763,0.035265768,0.009838929,0.025445152,-0.01494343,-0.093711581,-0.042366014,0.09250175,0.045519874,0.025904104,0.065620991,-0.054972662,-0.043284593,-0.031671626,-0.00137793,0.042288451,-0.025533318,0.011844979,2.42567E-14
02ADL0128,2.982092486,-1.665350984,-3.06418941,-3.019904784,-0.246983183,-0.074547057,1.342764618,0.806000602,-1.043849628,1.175231856,-0.060202925,0.807380825,0.016280688,-0.309668913,-0.465050487,-0.402957641,-0.258890925,0.610029298,1.309519754,0.476529531,0.684286115,0.340462398,-0.222155795,0.626895133,-0.243815039,0.678976968,0.233656935,0.175390447,0.31802374,-0.472685967,0.316187097,0.403626075,0.28744203,-0.157266067,-0.090547763,-0.029267948,-0.217158153,-0.123098731,-0.143581924,-0.169410966,0.373073562,-0.144409624,0.131855058,0.185547829,-0.525641144,0.461999167,0.056691364,0.056886128,0.016899993,-0.063411614,0.039093051,-0.028835534,-0.403265656,0.334692213,0.173107572,-0.1504406,0.178827957,0.141398602,0.397747839,-0.180992523,0.154477196,-0.166895211,0.050570686,0.031019944,0.172304054,0.295951036,0.08501627,0.077192702,-0.048747892,-0.005863742,-0.101972802,-0.028397039,-0.148562478,-0.184374942,0.079363429,0.046130333,-0.02968777,-0.008044205,-0.111898566,-0.214900646,-0.109378641,-0.331591371,0.24951882,-0.107770398,0.109059559,0.146334649,0.04935358,-0.021667248,0.138866218,0.028628139,0.066537895,-0.027432557,0.024620137,0.046862818,-0.145052948,-0.049216535,-0.040375879,0.217439709,-0.10193087,-0.130340528,0.028994207,0.171450656,0.144445338,0.00124947,0.03937206,-0.003229224,0.099131194,0.023359121,-0.0248081,0.08074049,0.010049206,0.191813292,-0.024149601,-0.112172243,0.102054659,0.089499203,-0.002044846,0.142682567,-0.063803297,0.05847951,0.033155259,-0.057163626,0.070497042,0.085702969,0.025653747,0.048511641,0.030372975,0.014907903,-0.209545091,-0.102806103,-0.024177963,-0.072274831,-0.065333116,-0.05169994,-0.013297553,-0.044462851,-0.136764948,-0.037918537,-0.019307449,0.052138293,-0.106626587,0.002617779,-0.030245738,-0.034016171,0.026823991,0.027248252,0.069207906,-0.033825699,0.030304975,0.015507183,-0.052233595,-0.059649145,-0.088779763,-0.004541789,0.036674697,-0.070796938,-0.064574657,0.024539281,-0.173182391,0.025023594,0.003281667,-0.037974552,0.061591187,0.0661623,0.084645254,-0.061904027,0.038983896,0.01970946,0.025532505,-0.093055556,0.043367684,0.011232387,-0.037299827,0.024009261,0.02832952,-0.003258888,0.080584773,0.030829788,-0.028798827,-0.096673081,0.062831325,-0.124578763,0.049813473,0.053397485,0.032302523,-0.021008669,0.012031208,0.038570197,-0.029407433,7.92564E-14
02ADL0129,-13.87246187,1.600446784,-7.325706268,-2.890923601,-0.180926592,0.897514661,-0.332998839,2.469856887,-0.078487502,0.604733375,0.404057168,0.870735301,-0.861598079,-0.756305216,-0.395241979,-0.202462147,0.083549572,0.117291462,0.270360032,-0.60077102,-0.040312967,-0.16800583,-0.522703221,0.087499992,-0.753016824,-0.218968435,-0.179573323,-0.184159638,-0.016779148,-0.086075853,0.044676966,0.054897159,0.307319818,0.168261417,-0.248715694,0.531158732,-0.154328755,-0.142236468,0.014239535,0.069749786,-0.201044734,0.030933469,0.217373022,0.269747876,0.094407075,0.041733633,-0.29100216,-0.109297053,-0.118373963,0.107733965,0.299888773,0.064097186,-0.081374661,-0.276056015,0.130398982,-0.172210678,0.099227842,-0.253983186,-0.180536472,0.336299427,-0.149933382,0.229543124,-0.176019375,0.145447471,-0.340973931,-0.190600112,-0.019615365,0.090491205,0.155228425,0.0435621,-0.145768388,-0.024205703,-0.060956961,-0.164850399,-0.014311671,0.022484512,-0.105086563,-0.024756997,0.071528423,-0.113950171,-0.185739354,-0.081907615,-0.222844292,0.073060802,0.165845617,-0.042085875,0.066267444,-0.007205464,0.068500124,0.138521831,-0.016306688,-0.108429424,-0.064865536,0.121485045,0.010524641,0.017633145,-0.112101714,-0.017776668,0.153570083,-0.081190337,-0.020478924,0.132146202,-0.17111997,0.010136413,0.029074181,0.013102564,-0.182540294,0.122512431,0.144949064,-0.109501434,-0.018434659,-0.195833322,-0.024731196,-0.15412094,-0.027593176,0.137087161,0.063489047,-0.090268122,-0.024434787,0.008154277,0.029325643,0.032395991,-0.076046812,-0.069765894,-0.06002015,-0.041204815,-0.034255729,-0.04163359,0.011253231,-0.095135078,0.036144489,0.046478465,0.029713044,-0.046829314,-0.052778452,-0.069307048,0.103748768,-0.048811561,-0.027514147,0.056553849,-0.103453612,0.028658775,-0.042640413,-0.025198467,-0.016861264,-0.075094057,-0.04642843,0.056886356,0.057712651,-0.046621058,0.060071142,-0.030126322,0.060757659,0.113640711,-0.095129143,0.101968544,-0.030243753,0.014113948,-0.155748372,0.073131656,-0.115438322,0.047243957,0.094708185,0.101022727,-0.02997432,-0.031947496,-0.118981761,0.040319923,0.022660811,-0.160042546,0.014174678,0.016325804,0.076776944,-0.064741158,-0.048313032,0.055103654,0.040174387,0.070848377,0.009676918,0.007144196,0.025741167,0.032537662,0.018099325,-0.05888467,-0.08682623,0.089849409,-0.069807607,0.065214105,-0.094549946,-2.40094E-15
02ADL0131,-24.30910593,3.922149682,-4.245059518,-2.867739065,-4.007425542,-1.046305265,0.648498975,2.190266377,1.497223872,-0.454609025,0.109431717,1.195893638,0.098619921,-0.818784801,0.254952675,0.197897228,-0.447328081,0.308423702,-0.716054628,-0.244328371,-0.257562448,0.896755755,-0.198710055,-0.193512171,-0.104878107,0.281854921,-0.204699728,0.495826904,-0.644195334,0.084967903,0.727110018,0.244036985,-0.334642374,-0.091188287,0.448703273,-0.099316183,-0.168485184,-0.053880899,-0.20405811,-0.001082554,0.118899078,0.202722374,0.074903852,-0.135715482,0.369783481,0.137333136,0.012487183,-0.003949338,-0.039225264,0.071489087,-0.293671525,0.087148289,-0.084242858,-0.118437777,-0.32788342,0.047264387,0.086103934,0.124862859,-0.33355379,0.47568142,-0.216830066,-0.019314848,0.024399833,-0.078055773,0.271052431,0.234278192,0.079365028,-0.057518574,0.055835333,0.080149374,0.285039125,0.001393433,-0.049142922,0.153771059,0.017899601,-0.071662724,0.256244822,0.040919688,0.001400336,0.108213853,-0.107153748,-0.099462951,-0.087113914,0.031944773,-0.136920353,-0.127715724,0.066759149,-0.029073676,0.08500336,0.106536883,0.094680044,0.067454429,-0.049684119,0.120039079,-0.032696941,0.070043491,-0.000841073,0.055041034,-0.035546934,0.016773255,-0.045912616,0.011630497,0.146993792,-0.166574585,0.004259375,-0.079985496,-0.18908689,-0.085705128,0.046681063,0.018297401,0.035070978,0.000361181,0.01708898,0.072928744,-0.115460393,0.106065545,-0.15315731,0.023103015,0.009136748,-0.003488657,0.104502074,-0.063944633,-0.156941117,-0.040592165,0.092938769,0.13078888,-0.028787164,0.011220162,0.131201501,-0.011497588,0.049799176,0.091443019,0.048044535,-0.046296491,-0.074706425,0.014428203,-0.07690198,-0.053032144,0.009330955,0.067932453,0.045747381,-0.073309657,-0.050993866,-0.075619787,-0.001962351,0.060504388,0.087726343,0.040874971,0.075126989,0.092132503,0.013122047,-0.069397742,-0.212157699,0.041358159,0.00936127,-0.096643448,-0.087371973,-0.061379744,-0.014385303,-0.027316445,0.061199907,-0.041224856,-0.047185329,0.082240221,-0.068979524,0.027013431,0.057499198,0.087626298,0.047529887,0.022555011,-0.020047437,0.021827008,-0.014219178,0.00210662,0.00273102,0.031547144,0.161656084,0.066363484,-0.00757337,0.10459087,-0.072579696,0.039246937,-0.016097531,0.029261039,0.108591338,0.014260594,0.011541477,0.03684192,0.018670889,-1.16147E-13
02ADL0133,-24.08884036,3.895232725,0.648219166,-3.44501563,-3.913067536,-2.689806434,-0.006412081,-0.864006111,-1.245155207,-1.259491609,0.9162997,1.335618078,-0.79373425,-0.907016248,0.420809955,0.752450578,-0.261415409,-0.146982595,-0.19808245,-0.049766114,0.153181063,-0.43896674,0.391787734,-0.264015202,-0.152507387,-0.280941765,-1.271644386,-0.198139009,-0.247321881,-0.264676907,0.073240026,0.424240805,0.002265324,-0.022712396,-0.31118418,0.199173307,-0.304236898,-0.25805518,-0.167716383,0.473134028,-0.208516545,0.469879361,-0.183464512,-0.191419848,-0.279735555,0.194552654,0.201099103,-0.272699408,0.074136475,0.077346144,0.170682965,-0.462341144,0.183550422,-0.056504746,0.226350321,0.157705217,0.238369477,-0.176402322,0.113721107,-0.048220762,-0.301090122,-0.213321431,0.135050632,-0.055256803,0.032126445,-0.065051326,-0.126898686,0.00632402,-0.040976858,-0.210463085,0.033233003,-0.001109088,0.040841256,0.054655015,0.009434443,-0.259428798,0.213407279,-0.046679591,0.057461697,0.148158244,0.022174189,0.020616836,-0.039099011,-0.013315874,-0.034029691,0.070722983,-0.026041065,-0.113305915,0.0496779,0.053533683,-0.009661905,0.039293143,0.101710699,-0.02489841,0.088585614,0.025140065,0.023626688,0.104727277,-0.085317641,0.019536787,0.125223084,0.127151103,-0.107257381,-0.097502747,0.195467779,0.103156042,-0.01273187,0.093846108,0.05932127,0.024987605,0.063455063,0.074134596,-0.130799271,-0.032643021,-0.082434471,-0.020978912,-0.141631043,0.002380017,-0.130550925,0.072011741,-0.041193939,-0.05771618,-0.091153543,0.038466151,-0.057712734,0.031960227,-0.009059171,-0.029688317,-0.175933511,0.013668328,0.218602595,-0.010954048,-0.025471277,0.071004708,-0.12643208,0.010782207,0.002173614,-0.001885132,-0.122442071,0.136185428,0.135133398,0.109188989,0.029522229,0.059034646,-0.041417008,0.015531238,0.049364845,-0.013148967,-0.07712462,-0.012887758,0.059501784,0.068650408,0.125655338,0.016187593,0.010760494,0.017756578,-0.07386405,-0.036091078,0.027764241,0.119318268,-0.124253364,-0.079997572,0.084982065,-0.023513555,-0.014423967,-0.053487173,-0.00138156,-0.082380341,0.020426677,0.09806407,0.039681641,-0.077847941,-0.00815523,0.072905999,-0.005026254,-0.083876609,-0.052170197,-0.110718592,-0.065240588,0.004302445,-0.016195066,-0.006237675,0.018820639,-0.008794759,0.053387138,-0.013499038,0.01641974,-0.044012004,-0.001269695,4.37364E-14
02ADL0134,2.988688454,-2.432083259,0.621113168,-3.544868196,1.04249603,0.43844247,-0.575271765,0.587627189,0.251512354,-0.263710176,0.362054386,-0.458914601,0.04637484,0.000231131,-0.531354517,0.136533827,0.228448152,0.581689763,0.764277433,-0.072747542,-0.20414337,-0.824076358,-0.576285319,0.447135712,-0.29206468,1.073915649,0.738692548,0.438584085,-0.213059241,0.180157462,-0.69286093,0.176824122,0.273933806,-0.005748863,0.540879936,-0.511939567,-0.161493615,-0.248704042,-0.150592042,-0.034290584,0.093242354,0.056972277,-0.323839293,0.355528283,0.132795441,0.343512226,0.096452514,0.05483049,-0.020707455,-0.175932277,0.027215815,0.067666346,-0.041031454,-0.136227196,0.215055603,-0.013497215,0.103700113,-0.270701918,-0.083086781,-0.125193533,0.021816782,-0.173512591,-0.280499351,0.275482013,-0.04443046,-0.236604625,0.16969305,-0.119356078,0.087318117,-0.03971482,0.059295424,-0.09752457,0.054002838,-0.117857308,0.026885654,0.043560071,0.167546848,0.018927314,-0.015128611,-0.001408503,-0.079289256,0.109427936,-0.114440659,0.078837416,0.157416412,-0.184821656,-0.080214311,0.051338086,-0.200326754,0.122864855,0.031191408,0.090225203,0.075218102,-0.000824648,0.011274749,0.031517331,-0.052784623,-0.027690147,-0.030187728,0.060361619,0.014092119,-0.286342824,0.171684142,0.025965641,-0.021868233,-0.16301143,-0.196458017,-0.025943414,-0.087888608,0.106694028,0.054779765,0.032244661,-0.019205221,0.019359577,-0.146118994,-0.064947658,-0.077115296,-0.015692204,-0.032530737,-0.072442211,0.07834579,0.042404484,-0.137141628,-0.040371806,0.008176517,0.043848723,0.105082234,-0.042905066,-0.083641433,0.056773785,0.003293666,-0.039736283,0.116616679,0.020940202,-0.096456832,0.013482768,0.070892096,0.076291454,-0.108576704,-0.015094609,0.051346167,0.00215145,0.030580811,-0.00898308,-0.09852572,0.139719684,-0.071069301,0.080399739,-0.02166541,-0.052571293,0.037967406,-0.181058177,0.017095718,-0.109961912,-0.057636502,0.068448188,0.017088534,-0.030529672,0.046784294,-0.004684425,0.010606292,-0.088422635,0.040806447,0.046590689,0.161514463,-0.13886179,-0.034282736,0.045323192,-0.049282211,0.074568568,-0.019889251,-0.044614038,-0.031612549,-0.061910916,0.077583175,0.091121267,-0.087201151,0.049619021,0.011056166,-0.001272502,0.112722423,-0.052670126,0.049620503,-0.005726794,0.049033786,0.026725058,0.003093775,-0.059896117,0.033248465,6.17693E-14
02ADL0135,9.740102944,-5.095887877,4.404127059,-3.398248109,4.885402445,-1.905066807,-0.803321624,0.098886387,1.700847393,-0.962803769,-0.006565003,1.657549566,1.793566255,0.752915117,-0.320447502,0.667519023,-0.560625024,-0.011743485,-0.882306019,-0.094913755,0.638800597,0.392315136,-0.068443361,0.094405145,0.238091433,0.358369451,0.249481087,0.522703624,0.36242395,0.020019301,0.208438554,-0.103197758,0.451258522,-0.249146059,-0.35417814,-0.260335143,0.00991649,-0.029093009,-0.121946832,-0.402237786,0.138044773,-0.024635815,-0.53829139,0.348282067,-0.325985575,-0.036173847,0.52745199,-0.090109669,-0.215840522,-0.01610344,-0.291976189,0.01564385,-0.091449043,-0.546695007,0.097965337,-0.144764977,-0.097960746,0.216461185,-0.234914915,0.062480848,0.074812428,0.067440062,0.033553026,0.137055417,0.027880614,0.025945935,-0.434851188,0.143661045,-0.133515844,-0.058576272,0.00712591,-0.183472645,-0.058410883,0.137507995,-0.122970468,0.272630666,0.100431807,0.130855798,0.131695017,-0.198304576,0.130498528,0.005345701,0.085510203,0.333243148,0.268824218,-0.033261099,0.118917748,0.053399282,-0.223037618,-0.218087873,-0.003519292,0.103545842,0.115163288,-0.055323121,0.105328665,-0.024657945,0.229254099,-0.001795081,-0.00625346,-0.007611162,-0.020717282,0.009315288,-0.099109518,0.073007345,-0.051088551,0.130515347,-0.034477663,0.117148227,-0.066694186,0.011711674,0.039160697,-0.111908575,-0.01124382,0.128186151,0.073374493,-0.05392359,0.05462861,-0.105450814,-0.032898793,0.034525101,-0.034083965,-0.107820003,-0.045255184,-0.158109913,0.096048082,0.059510558,0.022795142,0.017515444,0.040953933,-0.108124602,0.028969347,-0.121270836,-0.061637955,0.122586322,-0.048266071,-0.045972348,0.030730704,-0.002216112,-0.013517356,0.122925917,0.052623761,-0.004175488,-0.011938029,-0.046777485,-0.063156996,-0.047907129,-0.003072494,-0.003541228,0.056439448,0.038227088,-0.000590697,0.01499403,-0.014193262,0.035687244,-0.011594903,-0.11563918,-0.00207532,0.006530499,-0.05013679,0.058927791,-0.004977992,0.003843564,0.071249463,0.059696748,0.005989157,0.064075085,0.003800294,-0.125953048,0.015586286,0.043133256,0.057719961,-0.039360198,0.03259332,-0.039376281,0.020705794,0.005947769,0.043951368,0.037715333,-0.047303898,0.004994015,0.009043569,0.015645687,-0.034742714,-0.017311631,-0.054772763,-0.048824253,0.083613682,0.03954837,-0.016806933,7.41515E-14
02ADL0136,-1.324912684,1.258428011,1.732649526,-2.296342784,-2.747445302,2.575817073,4.089022043,2.64104855,-2.143095713,-1.951711657,0.657036619,0.585751265,-0.704911459,1.207351261,1.399414885,0.716545005,0.348604285,-0.465771841,0.19262377,0.331285048,0.594678288,-0.255300314,-1.358861922,0.750237493,-0.48979955,-0.311650395,0.183772724,0.02299276,-0.010067329,0.201369679,-0.121628514,-0.270779046,0.045263503,-0.500243133,-0.080437333,-0.025502214,-0.019161047,-0.277764074,0.227241886,-0.169629213,-0.349177885,-0.285939815,-0.108267831,0.120634698,0.115096605,-0.040820937,-0.089754469,-0.171730065,0.086888958,0.082927462,0.089156916,-0.055174967,-0.224356807,0.09233056,-0.496970766,-0.131362483,0.032424445,0.044966564,-0.139383258,0.033682252,-0.071908905,-0.230963473,-0.135426548,0.072568926,0.233046093,-0.081503756,0.150230354,0.015773309,-0.037838413,-0.036070507,0.126836485,0.05862541,-0.097402505,-0.059156805,0.138820731,0.083654624,-0.100288364,0.139529135,0.168773533,0.042886492,0.109785181,-0.215276845,0.006262518,-0.224870765,-0.064488129,-0.073463544,0.057946985,0.096242732,-0.244506438,0.040934954,-0.180220002,0.0765069,0.22240297,0.11762923,0.020805768,-0.039829978,0.127213613,0.098885133,0.083479113,-0.08306224,0.009675918,0.050238664,-0.039858642,-0.107870891,-0.008418409,-0.055822039,0.069982162,-0.243114969,-0.175508297,-0.157754769,-0.091609687,0.081003404,-0.083297867,0.041477416,-0.033355772,-0.127688712,-0.063532366,-0.15494202,0.066374424,0.012478169,0.024621153,0.133603966,0.109007333,-0.068816159,-0.003716745,-0.184030465,-0.113901027,0.090523979,0.040643073,-0.025446565,0.009094819,-0.039149184,0.081088763,0.115814873,-0.156845473,0.013786365,0.047246633,0.059431182,0.053219989,0.062937979,-0.055069469,-0.02510205,-0.078334642,0.084390772,0.006477277,0.079780635,0.050293126,-0.118467404,-0.063356834,-0.015307414,0.126161983,0.049083664,0.114069647,0.056763369,-0.025666515,-0.052309663,-0.035606834,0.001952255,-0.01015417,-0.068163569,0.084641681,-0.009206542,0.071793134,0.034775459,-0.03017003,-0.057374633,0.017445683,-0.068246429,-0.014234679,-0.011260296,-0.015354333,0.08627455,-0.000537003,0.123728041,-0.012199866,0.010132591,0.012027163,0.003473654,0.054515121,-0.044187952,-0.018062265,0.013554113,0.003711632,-0.030751967,-0.011288953,-0.032170382,-0.046756744,0.018140517,0.004125626,7.03855E-14
02ADL0139,-6.084319193,-1.723571074,-8.051058035,-3.146314513,4.217845668,-0.438630857,3.244927438,2.540462508,2.141865012,1.584455061,0.087047852,0.542300823,1.650323466,-0.868551704,-0.601711878,-1.589620112,-0.069826464,-0.527864093,-0.863692634,-0.260763569,0.568090127,-0.829230076,0.486080907,-0.536433974,-0.63598429,-0.300265106,-0.284990842,0.11297579,-0.285471186,0.313041126,-0.056850879,0.34978984,0.626931464,0.073127235,-0.075701746,0.096108353,-0.112638278,-0.267447141,-0.271625146,-0.291388438,-0.077016359,-0.370076186,0.08568563,-0.085303572,-0.269224933,0.215283236,-0.221963536,-0.152497646,0.185211145,0.397852315,-0.393616194,0.019867026,0.0142433,-0.032757614,-0.334521857,-0.068383893,0.106827426,-0.104099923,0.220342071,-0.08255269,0.220765418,0.104766552,0.340719347,0.073963223,-0.247406422,-0.044556259,-0.126986679,0.089740129,0.158738528,0.077979445,0.140102091,0.374917289,0.170850496,0.037930888,-0.095611874,-0.128226624,-0.067132905,0.233178111,-0.098898511,0.122216251,0.080765043,0.165710388,-0.010718155,-0.135486219,-0.113846988,0.016201056,-0.306521444,0.026156565,-0.051175434,0.14135568,-0.093240463,-0.207741179,-0.160241236,0.128530359,-0.112784044,-0.041037595,0.083688353,0.245726925,0.010834458,0.035749613,-0.130967679,-0.044312611,0.118172887,0.065876091,0.106325326,0.052729112,0.022869117,-0.051641926,-0.017150365,-0.00188775,0.051799941,0.081457903,0.062353228,0.09153599,0.107588517,-0.047652947,-0.019316582,-0.008583834,0.124210842,-0.020178682,-0.053614971,-0.041205372,0.023307177,-0.102655748,-0.005596968,-0.125737516,0.085629705,-0.03972885,0.027007856,-0.009930776,0.175310267,-0.050395177,0.03241879,-0.04646979,0.07189997,-0.097231359,0.112227469,-0.140906179,0.100715166,0.059782629,0.094595668,0.090284933,-0.070347676,0.002012489,-0.03228296,0.027700326,0.00778464,0.026756849,0.026605423,-0.077525128,-0.046625259,-0.013343389,0.049416689,-0.052331018,0.050588496,0.009882873,0.147689786,-0.053662087,0.043395868,-0.014003938,0.049875444,-0.002905584,0.032860248,0.04980735,0.01032388,-0.009761531,0.003861421,0.011410827,-0.037359069,0.022094607,0.0304726,0.020069523,0.041043335,0.027894641,0.031568231,0.029783544,0.012073019,0.026844514,-0.006813184,-0.015518396,-0.014931819,-0.036838381,0.011270363,0.00310523,0.006187935,0.031145751,0.057420087,-0.010787246,0.019749144,1.02885E-14
02ADL0140,-8.634370493,0.448885453,-10.91924512,-3.02091985,1.848961263,0.87334855,0.517912339,1.11666918,0.993242653,1.367918805,-0.148351278,-1.046133861,0.537955569,-1.313529268,-0.848196473,-0.011075629,0.668530627,0.103936268,1.381649847,0.539341284,0.017259002,0.334006083,-0.071592235,0.449647528,-0.059152823,0.2111897,-0.025903248,0.250887266,-0.231032383,-0.292759097,-0.267800013,0.157156785,-0.354464391,0.380738918,0.322066079,-0.420418205,0.471117301,-0.291154642,0.077859345,0.335875453,-0.162298335,0.381893426,-0.134464791,0.005988724,-0.004474334,0.341635397,0.061605291,0.218925633,0.090473332,0.037794207,0.110977874,-0.129360169,-0.066142839,0.131956412,-0.034754985,0.292747808,-0.03034137,-0.063150709,0.042236063,0.12584127,-0.022239043,-0.096709183,0.078155503,-0.187361233,-0.030887962,0.207931089,-0.234809685,0.290056166,-0.164260753,0.035252018,0.197839418,0.141833237,-0.249797441,-0.177915303,-0.00591933,-0.095636111,0.200800312,-0.143459773,0.094294406,-0.061163708,-0.064005084,-0.077738161,-0.004273066,0.087114449,-0.014910981,0.211512102,0.015568459,-0.15199598,-0.179699358,0.065387367,-0.167269669,-0.006505163,-0.027539591,-0.033556107,0.039636585,-0.072735848,0.132610898,-0.187245309,-0.041893122,-0.122808068,-0.127398701,-0.06977306,-0.186960939,0.054449224,-0.012040084,-0.082354811,0.048537537,0.05062852,-0.056462032,0.016934183,-0.020817347,0.065453265,-0.099648446,0.199107667,0.106689944,0.110226623,0.105445257,0.009458997,-0.026284522,-0.050378142,0.132468784,0.011781779,-0.016866915,0.106474881,-0.06456902,-0.140519112,-0.076113965,-0.169238075,0.001188935,0.124485638,-0.102631965,-0.001398896,-0.064784084,0.140844983,0.021149248,-0.00313249,0.105188247,-0.124890164,0.118958577,-0.017502488,0.023988255,-0.11268477,0.021108521,-0.023008315,-0.020592531,-0.014831039,0.010561285,0.044043984,0.022048306,0.075832745,0.058595611,0.097857021,0.003760592,-0.132877125,-0.069368004,-0.004974603,-0.075890071,0.10500597,0.041527374,0.108496765,0.056866876,0.092548698,0.090812859,-0.072905644,-0.033033004,0.078124883,-0.078558087,-0.011027849,-0.072819446,0.079626629,-0.0100063,0.076259003,0.040314436,0.012442656,0.086579715,0.002815831,0.019119705,0.044958727,0.02488134,0.024783877,-0.01536753,0.008357361,-0.025109043,0.008163914,0.016990994,0.033017752,-0.006416582,-0.015538633,-0.034548342,-4.20017E-14
02ADL0141,-14.75835234,-0.428490616,0.144390864,-3.817232916,4.876011371,0.113359933,-0.450136852,0.647042564,1.06573366,-1.739118511,-0.58981919,0.903442611,0.507647421,-0.766034527,0.956191489,-0.782312543,0.463851165,0.150643563,-0.332033069,-0.525379222,0.676656502,-0.661037387,0.762213741,0.109680275,0.836724602,-1.162671194,-0.674142217,-0.30152574,-0.247733794,-0.061778325,0.017560843,-0.005000811,0.436610714,-0.113887946,0.279609976,0.037961866,-0.228087575,-0.242680771,0.110751366,-0.650608704,-0.227174949,0.034603656,0.177978254,-0.402915088,0.522552923,0.314386672,0.04612163,-0.340485058,0.136806268,-0.389751327,0.304575416,-0.197240762,-0.000859923,0.031847543,-0.113897343,0.105536344,-0.317833829,-0.09906432,0.11438961,0.163057217,-0.10267344,-0.075774074,0.12237035,-0.034411465,-0.119462293,0.092799278,0.036150149,-0.138284008,0.064347637,-0.29394115,0.047396523,-0.216928116,0.088124515,-0.106589065,0.040473003,0.114281991,0.032038846,-0.053699142,0.103420687,-0.175435406,-0.355748485,0.277249317,0.199087118,0.102343126,-0.117735003,0.091710271,0.013378713,-0.051028253,-0.08549288,-0.2439512,0.33297072,0.009992965,0.107622237,-0.126669948,-0.152555291,0.100194727,0.006381371,0.004891836,0.119957636,0.084612734,-0.041920634,-0.079396861,0.085215939,-0.008649399,0.033479814,0.003090977,0.003885868,-0.151886115,-0.007648382,0.221891661,-0.068246961,-0.056522463,-0.059961748,-0.008729417,0.063335622,-0.05303543,0.14379512,-0.000116356,-0.064011673,0.03530836,-0.063649666,0.128005431,0.034808008,0.044803669,-0.036011131,-0.007219783,0.011818366,0.130386134,-0.084507385,0.094587578,-0.035854641,-0.030812732,-0.100523582,0.020463482,-0.017198232,-0.013630594,0.020800349,-0.011134253,-0.012128166,0.067421995,0.016975525,-0.181400529,-0.056564569,0.04577554,-0.010371943,0.04646144,-0.019799691,0.003146745,0.017190893,0.069439005,0.090759979,-0.115143081,-0.037379899,-0.021952973,0.105934737,0.008393792,0.026139783,0.041758006,-0.038723436,-0.035752694,-0.045237372,-0.036774397,0.026399088,-0.063421264,0.016193827,0.004800772,-0.056098106,0.024820835,-0.037339843,-0.039710854,0.015134752,0.055697305,-0.012780981,-0.010679949,-0.047191533,-0.005067142,0.029247994,0.03179789,0.046746543,-0.051840124,-0.036519629,0.025644255,0.000576952,0.019942166,-0.0380237,-0.001517906,-0.042199389,0.028471867,0.015761351,1.54738E-14
02ADL0142,0.697209367,-0.569652952,1.022647053,-2.79893262,1.4462225,6.561236984,-3.18550677,0.516843758,2.207122844,0.082783903,1.048630748,-0.611518827,-0.780577863,-0.5801264,1.327527643,-0.985887487,0.192556999,-0.173755986,0.011849207,-0.129301909,0.961617995,-0.554755598,0.337957592,-0.063859764,-0.027790837,0.1779868,0.514075841,0.27622289,0.535102089,0.185741809,0.104486173,-0.303372469,0.015622415,-0.027620446,0.783557966,-0.005799248,-0.426656709,-0.530094317,-0.120067969,-0.038179071,0.098300617,-0.100451432,0.104119072,-0.579279238,-0.236042043,0.106913097,0.094500317,0.089782001,-0.051006101,0.405572213,-0.171301565,-0.291533295,0.041582184,-0.021879838,0.031531522,0.136307427,-0.014052443,0.130505334,-0.009858216,-0.045705124,0.020413141,-0.075361697,0.145838212,0.066227122,0.248724804,-0.099180878,-0.049265917,0.16433926,0.236308747,0.027658838,0.047687466,-0.122105874,-0.138928057,-0.015008758,0.083292707,-0.074941383,0.068805293,0.087397106,0.027748703,0.035548048,0.032945123,0.131855421,0.085577917,0.007765149,-0.000280331,-0.306226331,-0.002806104,0.011210698,-0.091357086,-0.001761913,-0.177254094,0.035980386,0.143384122,-0.085516853,0.039289299,-0.057695629,0.07041395,-0.093939188,-0.021272845,-0.035093584,0.041852101,-0.033365388,0.043375196,0.21054557,-0.205110398,-0.047733837,-0.122799205,-0.002402346,0.002731892,-0.126510847,0.098369628,0.055899594,0.115236927,0.012822588,-0.125154677,0.027801613,0.030054239,0.126380604,-0.022286521,-0.071182599,0.026398629,0.106509778,-0.087655731,0.024694582,-0.051943007,0.113212838,-0.044496282,0.013068401,0.003867269,0.027702038,-0.017249969,0.062585459,-0.070535543,-0.005468695,0.16142434,0.117247809,-0.083050038,0.034573377,-0.037107315,0.014027291,0.040376354,0.012178321,-0.102453911,0.027090006,0.062433503,-0.110535873,0.117248191,0.083472566,-0.039138378,-0.03805562,-0.017995611,0.155556808,0.082639229,0.035644873,-0.006132944,0.010029688,0.02067272,0.039621774,-0.048387895,0.038481965,-0.085635922,0.003436593,-0.113983832,0.04200928,-0.031465037,-0.016084737,-0.097632136,0.012621595,-0.061883117,-0.057258028,-0.101524371,-0.054841046,-0.045733674,0.055922338,-0.072787459,-0.087547023,0.034019659,0.027853635,-0.095267005,-0.060431704,0.003458522,-0.062258365,0.016712589,-0.080797886,0.015386351,-0.017418774,-0.02435348,0.093152773,-0.016421706,3.42874E-14
02ADL0147,-3.322616814,0.295154154,-3.169349609,-3.587602892,-2.914669451,-3.111419453,1.876706633,3.374603494,0.50407886,0.552419121,-0.025847017,0.385428017,-1.066657212,-1.340690716,0.271102792,-0.378178631,0.084216653,0.691946417,0.123668006,-0.211090038,-0.064934171,0.498110699,0.498546696,0.561866158,-1.090008099,0.568027855,-0.575977245,0.816641303,0.100680914,0.110905579,0.349833844,-0.186793607,-0.169119989,0.059773535,-0.356083231,-0.075598995,-0.058041352,0.087650465,0.403395793,0.064178451,0.380390235,0.069160359,0.013294248,-0.052549187,-0.221848337,-0.063158033,0.07010974,0.377169896,-0.311576599,0.072663003,0.238599364,-0.049195959,0.026541107,-0.348350676,0.074547004,0.090328456,-0.313624649,-0.074949962,0.175333513,-0.116225144,-0.335132419,0.222315539,0.009570561,0.023636683,0.023108881,0.001245192,-0.201918935,-0.059279509,0.105279074,0.150636419,-0.307938232,0.036382173,0.04537994,-0.020821907,-0.012319782,0.009847609,-0.093313034,-0.073427395,-0.069585653,-0.105131891,0.046057463,-0.101913307,0.058192087,0.071195738,-0.021697048,-0.252350685,0.117777797,-0.150385609,0.008157524,-0.040533373,0.084261876,-0.067610888,-0.247511106,-0.016893538,-0.065027027,0.095658617,-0.105379778,0.05240546,0.034635242,-0.001890212,-0.090774504,-0.166545248,0.09081867,-0.039037263,-0.155746541,0.096603532,0.088874721,-0.114073528,-0.153522948,-0.09429846,0.074962608,0.136829514,0.098768901,0.029939744,0.008494284,-0.103358026,0.083426262,-0.024843324,-0.055848325,0.016228084,0.002704539,0.157370281,0.101122769,-0.003277155,-0.081071736,0.201577263,-0.013132155,0.021482974,0.041180396,0.052902606,-0.036303218,-0.013141951,0.083596138,-0.036257974,0.032420659,-0.110987228,0.02467152,0.02627922,0.050762638,-0.00040479,-0.056190707,-0.01782677,-0.038051729,-0.074351103,-0.064435686,-0.091973227,-0.076746919,-0.074621944,-0.046855656,0.044144333,0.183747838,-0.026694527,-0.056092767,0.039064881,-0.089066329,0.087751531,0.083224664,-0.080952788,0.09634952,-0.005388346,0.094627036,0.014920111,0.048579028,-0.111515006,-0.029893706,-0.074916235,-0.101847448,-0.047099558,0.047206696,0.076971741,0.010988099,-0.030406221,-0.011793073,0.030713035,-0.07523579,-0.05128221,0.040950778,-0.101055162,-0.00878339,-0.051382936,0.004254949,0.001015007,-0.012796423,0.000597144,0.016781225,-0.080621294,0.016088099,-0.018291325,0.027639383,-2.23728E-14
02ADL0149,19.76559702,-4.513910713,-0.226626297,-1.53002849,0.127137149,1.186456117,-0.663172455,1.929728278,1.019693395,1.477830533,0.458252566,0.794361054,-0.492470932,-0.443469943,-0.32058315,0.336498666,-0.91546208,0.691308038,0.251128911,0.264457515,-0.094924093,0.038753842,0.221742365,-0.064191502,-0.278014744,-0.066314788,-0.155168847,-0.131563798,0.002057355,0.041257711,0.539458039,0.533030768,-0.012701026,0.12925944,-0.148482044,0.010091831,0.225656329,-0.120702636,0.086716246,0.13648211,0.035373479,0.266795598,0.047539186,0.077927727,0.093961526,0.218699105,0.003610094,0.04489403,0.311574877,-0.018437574,0.157432181,-0.022311439,0.007973615,0.261753832,-0.100877802,0.17880292,0.060258179,-0.312049992,-0.116181771,0.182233339,0.086506407,0.08579666,-0.079805597,-2.425E-05,-0.090718777,0.196224005,-0.138562284,0.02681675,0.149804366,-0.135080366,0.045344127,-0.039783653,0.181843911,-0.24467406,-0.000413149,0.062923409,0.032197793,0.062419429,-0.061647361,-0.160161287,-0.101308099,0.054647256,-0.116579175,-0.158868602,-0.045571934,0.0093352,-0.012393035,0.084598226,-0.025884271,-0.118000497,-0.122167021,0.082813715,-0.1024538,0.114633174,-0.018074064,0.018503099,-0.007158088,0.031404935,0.035765471,-0.125398488,-0.048140083,-0.005307659,-0.046494592,0.01008997,-0.133194273,-0.073330921,0.034831867,0.087388427,-0.110782639,0.13036736,-0.069685067,-0.132255721,0.031429902,0.077477108,0.015931243,-0.123671347,-0.034485866,-0.037631997,-0.028554283,0.045251143,-0.023534804,-0.0969773,-0.020581358,0.077818858,0.011992528,-0.134927739,-0.007551642,-0.021474269,0.070982917,0.011158781,-0.103031794,-0.049898239,-0.010047284,0.018794561,0.001653382,-0.028494863,-0.128828002,-0.000585427,0.045765451,0.104285822,-0.001888333,0.110916156,0.082243986,0.007741037,0.03534076,0.01040738,-0.048406161,-0.079783317,-0.050718557,-0.083955089,-0.033242734,-0.039061914,0.060771041,0.04819863,-0.01235957,-0.02536165,-0.014980509,-0.129200391,0.022373082,-0.092229713,-0.006252975,0.012641094,-0.094251984,0.030252041,-0.029785359,-0.016776026,0.009768548,-0.023920752,-0.038137149,0.046113883,-0.028115241,-0.182769988,0.001323234,-0.060636855,0.025901932,-0.060226328,-0.141123217,0.038157432,-0.050639324,0.105732642,-0.030449371,-0.025571479,-0.00988099,0.098170579,-0.010047663,-0.172252999,-0.158658753,0.202433299,0.070850654,3.49407E-14
02ADL0155,12.89070676,-5.07639981,1.153715962,-2.518060599,3.614654976,-3.147882503,1.258677768,2.015729521,0.505747607,0.617659568,-0.912910363,0.039787967,-1.380979606,-0.037927893,0.064902039,-0.198002548,-1.481958806,0.556271603,-0.987206733,-0.038551323,0.513095369,0.099196472,-0.581077458,0.573770502,0.642144807,1.193191351,-0.827515464,0.162512193,0.202282694,-0.20543034,-0.115286929,-0.013112292,-0.323869291,-0.551771147,-0.35706214,-0.062163765,-0.210676357,-0.242000962,-0.084772458,0.022209679,-0.030534814,-0.073960931,0.016452309,0.220078444,0.050154047,0.016600854,0.082323224,0.229185462,0.262892212,-0.114144587,0.179751015,-0.092367887,0.037855756,0.410139668,-0.060154326,0.092199796,0.370497449,0.108619261,-0.258617011,0.081662067,-0.09163095,0.045277141,-0.261010875,-0.069455009,0.005991432,-0.216049343,-0.017535556,-0.032366702,-0.249559932,0.092716149,0.07973109,0.317952869,-0.165933695,0.140855576,0.016013304,0.080771367,-0.087697068,-0.087297864,0.342895657,-0.086171758,-0.110898372,0.152459677,-0.004945316,0.026646572,-0.186228796,-0.057737178,-0.249014877,-0.013666434,0.018799465,-0.081614705,-0.147014097,0.009144905,-0.192000917,0.052206705,0.062466373,0.182116554,0.123195623,0.015168228,0.18997073,-0.040444291,0.008333579,0.025751453,-0.042866924,0.152064277,-0.045347244,0.05560565,0.001340687,0.092264363,0.212588125,0.094055851,0.148087487,-0.109160434,0.136864428,-0.081126134,0.024305405,0.005857869,-0.083913546,-0.045354349,0.025548437,-0.015418557,-0.012340924,-0.179333507,0.02374126,0.04845464,-0.055437368,0.021114775,0.088466033,0.033200091,0.025046918,0.045260552,-0.052032588,0.044512575,0.000699921,0.173984953,0.022635881,-0.03996319,0.019757705,-0.089545275,-0.030308404,-0.126542805,-0.092402308,-0.082199927,-0.087511371,0.007544897,0.159718135,0.013847979,0.000847702,0.012141941,-0.032400885,0.046674439,-0.05410728,-0.068892167,-0.013600707,0.011907132,0.052680879,0.02775306,-0.048456593,0.027367671,0.115125101,0.053682689,-0.041528178,-0.019981159,-0.038792134,-0.024024175,0.036877125,-0.06162721,0.035508775,-0.02178868,-0.018251245,-0.034743483,-0.031687175,0.029237766,-0.043645229,0.05139011,-0.061724865,0.014393751,0.016192448,-0.017799563,0.005760618,-0.100605722,-0.003949378,-0.032050177,0.035594251,-0.077233909,0.000731399,-0.003933102,-0.008232915,-0.041417128,0.052295408,5.90459E-14
02ADL0156,6.211712827,0.54182766,1.320658659,-0.265815208,-2.317119504,3.937440556,2.291515352,1.214909603,-2.487725842,0.717580907,1.85352366,0.729305134,-0.478826165,0.239860298,0.828858541,-0.634454358,0.525313687,-0.04714909,0.048454593,1.283331541,-0.658528067,-0.06225649,0.291365466,-0.223796632,0.969487429,0.989613921,-0.639535719,0.006985743,-0.046816929,-0.096487364,-0.865769164,-0.352524175,0.729650917,-0.149234218,-0.090091611,0.14356419,0.034904445,0.241942559,-0.240317876,0.224219142,0.107989531,0.183000645,-0.075036089,-0.175051135,0.229165107,0.307335176,0.225233672,0.073501724,0.122350488,0.001582107,-0.040387218,-0.132563211,-0.07829904,-0.23820453,-0.029124653,0.35328922,-0.107983316,0.326207096,-0.050776492,0.075359743,-0.285186221,0.121545728,0.011284953,-0.218813712,0.040210604,0.022521083,-0.068867857,0.237925675,-0.091856066,-0.051741418,0.098186011,0.293032043,0.06441719,0.180254515,-0.148656155,0.076546199,-0.286719779,0.076845142,-0.081630937,0.033857187,0.007024265,-0.064676189,-0.131204074,-0.032687739,0.056569432,-0.011879685,0.054985876,0.189524721,-0.129650539,-0.011696806,0.020868896,-0.239050482,-0.002834801,0.138925611,-0.060738352,0.219532201,-0.121539687,-0.085237711,-0.021346034,0.02770279,0.011124051,-0.007317726,-0.009972792,0.220962921,0.060827588,0.025306082,0.013401405,0.104235912,0.064018938,-0.001760133,-0.001447403,0.011619592,0.010554843,0.08382247,0.110056758,0.011778216,-0.079703858,-0.016660935,-0.000719876,-0.115817223,0.100707822,0.129259556,-0.028113558,0.026484013,0.039364149,-0.007831092,-0.060718219,0.108252036,-0.021573957,-0.028625309,-0.013919295,-0.004677851,0.045315042,-0.075992738,-0.010419722,-0.059764139,-0.167662588,-0.022825137,-0.035521802,0.025578316,0.088439417,0.013398844,0.013522598,0.139182422,-0.085067834,-0.075046543,-0.058919201,-0.089298081,-0.064755092,0.049818817,-0.032165867,0.021092073,-0.069477815,-0.033497116,-0.05139286,-0.127286816,0.061539863,0.02920833,0.007390557,-0.099351901,-0.1164473,-0.040568782,0.018415402,-0.063460511,0.098712068,-0.023808841,0.025271712,0.038304673,0.051055402,0.034756322,-0.023596222,0.01764425,-0.022025684,-0.018640204,0.04628682,-0.010192647,0.023936031,7.10301E-05,-0.012335017,0.016214188,0.086443701,0.084932425,0.044413361,0.057676829,-0.06379117,0.082085249,-0.033773602,0.052279478,-0.053275994,5.44422E-14
02ADL0157,-20.84154203,2.328875612,-0.003364779,-2.116354076,-1.330762416,1.39932676,-0.09596891,-0.792900957,-0.681228551,1.208823838,1.242341361,-0.037905831,0.141924486,0.32684383,-0.969022804,0.797172079,0.24079579,0.012061085,-0.557065906,0.528743218,-0.433447549,-0.651711176,-0.009474917,0.323634181,0.287569466,0.035545547,-0.043768035,0.852842982,0.081343937,-0.528562499,-0.292931074,0.327048884,0.45510162,0.240025705,-0.367244742,0.703297852,0.005264753,-0.205490179,0.339588031,-0.282863439,0.40454928,-0.156113334,0.043753517,0.392475469,0.28253718,-0.076542438,-0.127535807,0.104337395,0.144602558,0.241020351,0.060564498,0.073242635,-0.104793114,-0.078903895,-0.082898308,-0.108162553,-0.022271786,-0.102810428,0.003868781,0.106885509,0.009526201,0.079014603,0.207678359,0.300087878,0.062280789,0.072283169,0.167623476,-0.052146552,-0.127840235,0.084716613,0.160484929,0.025852213,0.151399745,0.016744645,0.074064377,-0.067703846,0.037657082,0.06764529,-0.181452572,-0.168321608,0.134252137,0.039744223,0.110110025,-0.095865131,0.136340907,0.041018897,0.110864006,-0.052822751,0.00487316,0.055380079,0.11900176,0.060754475,0.057363578,-0.08535777,-0.114062609,-0.078086181,-0.003457993,-0.077246986,-0.094306237,-0.065568885,0.205360541,-0.030516566,0.04683996,0.120269762,-0.042998909,0.036171032,0.015723057,0.165265155,0.222694016,0.039043453,-0.152489231,0.039324031,0.139978932,-0.09005289,0.064592126,-0.052716551,0.016892981,-0.036879574,0.048296545,-0.164969057,-0.089142203,-0.027831606,-0.263920567,0.00290821,-0.054104047,-0.100471922,-0.109572327,-0.11698716,-0.004596053,0.011844507,0.045452679,-0.004811751,0.028167826,0.104498858,-0.025382627,-0.005625901,0.001082031,0.088764968,0.096894996,-0.056146349,0.064335231,-0.023489856,0.000649597,0.040138121,0.041538312,-0.102224999,0.043974631,-0.008269796,0.005926684,0.052777525,0.032424109,0.021845194,-0.065507599,0.074488631,0.058574141,0.053758708,-0.009369697,-0.002882577,-0.09806345,-0.073092544,0.057904121,0.062775084,0.075643313,-0.071878157,0.045826662,0.029649628,0.032917118,-0.064958364,-0.016474401,0.048932968,-0.134671305,0.091505793,-0.018376108,-0.095680689,-0.095219753,-0.086590479,-0.012384553,0.026350263,-0.031066412,-0.016021772,-0.037904064,-0.009079278,-0.014384501,-0.055333887,0.081001479,-0.055259959,-0.064133446,-0.099307636,0.124930484,-6.96161E-14
02ADL0158,-5.496875798,0.984024691,-5.36204733,-3.083382379,-0.914149522,-1.035482213,-0.379888056,-1.351455821,-0.456005604,1.166743024,-0.289009184,0.018466529,-1.10025514,0.443271414,-0.235193135,0.390269092,-0.12382492,-0.008379346,-0.599354486,-0.053630915,0.138425287,0.552204728,-0.27017673,-0.02023932,0.563365517,0.303524128,0.748424779,0.21418403,-0.449100014,0.229526572,-0.432720449,-0.196294148,0.206705775,-0.061033106,0.33244022,-0.056803863,-0.219111007,0.192319277,0.074032845,0.060368463,-0.338016256,0.076635934,0.149436598,-0.172693456,-0.27650217,-0.051878371,0.231450735,0.384627603,0.278791004,0.032043945,0.042956639,-0.31861427,0.285006408,-0.010483602,0.141008097,-0.182499237,0.18166543,-0.244458288,-0.037063698,0.13601489,0.0663358,-0.097053471,0.02016008,0.054431035,0.042392714,-0.102654314,0.186654188,-0.029198771,0.081418604,-0.172797034,-0.027154313,0.046536886,0.109737076,-0.021728336,0.053701447,-0.112607876,0.073383429,-0.156823701,0.105962235,-0.15491803,-0.030834511,-0.155076337,0.071451643,-0.156908972,0.15253436,-0.057496437,-0.046022828,-0.107357902,0.224834935,-0.058176268,0.113044624,0.060886579,-0.04222066,0.017184809,-0.053571794,0.096522337,0.135303949,-0.065727844,-0.029673243,-0.097550747,-0.01342594,0.063693056,-0.00314316,0.00389139,0.12285325,-0.112322546,-0.071586591,0.089573962,-0.055556137,-0.143942259,-0.138271405,-0.015108278,0.225844745,0.054823336,0.131196488,0.063374127,0.121561948,0.052183604,0.097457607,-0.106561164,0.002469444,-0.121428719,0.101917727,-0.009272515,0.189281283,-0.034688374,0.104039702,0.098050543,-0.062066134,0.019248962,0.065975577,0.108619129,-0.005396114,-0.01141217,-0.028145138,0.184814463,-0.015844035,-0.020164526,0.073424699,-0.095182884,0.127132251,0.026025041,-0.043621465,0.012169736,-0.148242082,-0.070780867,-0.049438464,-0.045117839,-0.073448205,0.056052205,0.148929068,-0.000906242,-0.007046173,0.030116787,0.138882057,-0.110858768,0.038621862,-0.005897259,0.011182541,-0.024023603,0.033092155,-0.022071216,-0.025504037,-0.026146113,-0.040583312,-0.035235384,-0.079096035,-0.011948595,0.065968733,0.017032633,-0.005570638,-0.040109143,0.191498453,0.02512379,-0.078480334,0.037494887,-0.093911109,0.026182074,0.159489005,0.00870819,0.02304132,-0.045283442,-0.012765859,0.005023127,-0.027530799,-0.024991493,0.094794108,0.064335015,-0.025193331,-3.4924E-14
02ADL0159,4.90210641,-1.796733709,-2.831840389,-2.098057752,-0.359716126,-0.11355721,0.749676322,1.103621031,1.323961052,0.03843857,-0.030608534,0.931664462,0.735603301,-0.125553866,-0.505370066,0.462156523,-1.115597365,-0.030941086,-0.16317565,-0.270968899,0.837568344,0.182956714,-0.842573465,-0.468598011,0.258242787,0.270728487,0.397409339,0.054561867,-0.393996615,0.572591251,0.313633164,-0.21846348,0.191402332,0.062806593,-0.194642589,0.306315534,0.04951467,-0.327050743,0.104821016,0.011894039,0.238156498,0.017888417,0.059985003,-0.124689456,0.025726077,-0.045845196,-0.179272832,-0.154896276,0.371465628,0.186230519,0.027071084,0.050931107,-0.131505558,-0.032402343,-0.018435655,0.067093016,-0.163921931,-0.21232581,0.019429686,0.117916522,-0.26196371,-0.181909876,0.076589994,-0.038033826,0.140878758,-0.054106777,-0.143647483,0.110647984,-0.236181955,-0.2928914,0.064839189,-0.108570739,-0.026579337,0.040828042,0.093333256,0.064620069,0.035793092,0.131672861,-0.119916552,-0.021089163,0.031177619,0.218862815,0.198675364,-0.107142824,0.148722962,0.121362111,0.006777902,-0.028402915,0.012878987,-0.016178403,-0.018679967,-0.145185463,-0.063665789,-0.008065228,-0.044961716,-0.075738606,0.101883362,0.006019019,-0.025094895,-0.046632539,0.079163635,0.077555671,-0.010292916,-0.047557675,0.01649821,-0.063946775,0.028593766,0.076218882,-0.078407195,-0.027319648,-0.068181306,0.067199542,-0.019933893,-0.012377437,-0.103919408,0.041785809,0.103192441,-0.077914811,-0.235135874,0.013583217,-0.069385104,0.071299389,-0.009360542,-0.072870517,0.002478098,-8.54286E-05,0.091189186,0.074783503,0.108525276,0.011555168,-0.249421177,0.168096745,-0.019753743,-0.000308832,-0.029928513,0.038465,-0.101627724,-0.019674788,0.169197948,-0.049156672,-0.002720156,0.040243571,0.092580868,-0.008099658,-0.020080238,0.05463896,0.041032397,-0.07081621,-0.029243991,0.116115862,-0.099928673,-0.022442537,0.078809411,-0.066755633,-0.095333782,0.11711301,0.018086439,-0.074379614,0.050973643,-0.082464205,-0.042087018,-0.005922692,-0.033418505,-0.027495692,-0.046693638,-0.010681804,0.049039173,0.033510214,0.023049434,-0.107384144,-0.033507182,-0.075594086,-0.022504654,-0.012718318,-0.095159706,0.089362694,-0.065853239,-0.033206785,-0.090803321,-0.01007937,0.075099733,0.041986166,-0.023151545,0.049121582,0.073438536,0.063729647,0.055555319,-0.155610941,-0.151985388,1.06176E-14
02ADL0160,8.640452042,-1.712012251,-0.762262404,-2.306041308,-2.658878127,-2.384483523,2.037667903,1.103210332,0.321601183,-1.968775637,-0.159124984,0.231490338,-0.67538352,-0.852153148,1.285230333,0.048149199,0.443355358,1.600875421,-0.078314901,0.171391353,-0.0659356,0.988020069,0.233723164,-0.079207028,0.832560752,0.091948912,0.340853001,-0.031301761,-0.326653778,-0.490681278,-0.182369272,-0.387401342,0.253689761,-0.102073331,0.006298446,0.149679847,0.265009966,-0.11648262,-0.167529958,0.379480904,-0.208107299,0.281674789,0.060511857,0.085467228,0.165247565,-0.03180433,0.228980306,0.087960089,-0.21379142,0.350081689,-0.071649328,-0.458773846,0.167134164,-0.140656731,-0.102684108,0.099323813,-0.12699617,0.138708318,-0.201060726,-0.125550226,0.049891867,0.146849348,0.207635113,0.226559183,-0.184108942,0.230025286,-0.078473993,0.331926386,0.090297052,0.132999911,0.032964363,-0.105235334,0.06125204,-0.018790744,0.026093864,0.110562265,-0.033034238,0.090168089,0.024306715,0.001873791,-0.103639279,0.046100912,0.025486866,-0.05793148,-0.061856566,0.084550337,-0.105184462,0.002519751,0.110354888,0.072833586,-0.022031821,0.075504137,-0.011804999,-0.118627773,0.139274569,-0.130893204,-0.012256213,0.234804855,-0.08039523,-0.031096565,-0.181080077,0.161708843,0.033595004,0.049112019,-0.019465714,0.048579864,-0.015463251,-0.018946941,-0.062242813,-0.099044466,0.065641143,-0.071583643,0.021123937,0.013228494,-0.104059404,0.014746315,0.10904699,0.08703513,-0.077817752,0.055899101,0.014773962,0.038404178,0.03378496,0.082024342,0.033021554,0.01692423,-0.026904825,0.052144201,0.001109152,-0.006657533,-0.054171772,-0.070255566,-0.082349307,-0.043286093,-0.010009447,0.038555298,0.070957372,0.05843832,-0.094341126,-0.003412887,-0.068917586,0.026628069,-0.007141145,0.077013714,0.095435538,-0.026762808,0.011615318,-0.006972785,0.223250881,-0.074416661,-0.080224473,0.021782451,0.025452102,0.116564728,0.081766654,-0.025948907,-0.041321419,-0.043635031,-0.025742206,-0.088062338,0.040683629,0.072975921,-0.035294499,0.075546425,0.08623725,-0.131138604,-0.037724661,0.066869555,-0.101923311,0.0593389,-0.014534869,0.063370307,0.055586888,-0.010204501,-0.005527066,0.016343351,-0.10094079,0.018560725,0.066092136,0.062976158,0.027683412,0.024276866,-0.008987448,0.026173652,-0.038476088,-0.021375673,-0.024559026,-0.203643368,0.038047839,8.78027E-14
02ADL0162,-11.18758102,2.016414548,-4.406489775,-2.534615308,-1.907046502,1.510763079,-1.069177841,0.356199003,-0.315509187,0.25231101,0.980470564,1.823316338,-0.088957621,0.889226577,-0.242070845,0.846169103,0.037214798,0.903227378,0.485393862,0.28698895,0.824894381,0.719290215,-0.023942968,0.221813611,0.377123067,0.413865955,-0.452025127,-0.291962335,-0.036192164,0.214124235,-0.267666122,0.04134036,-0.208360773,0.267633131,-0.103988822,0.027080521,0.086814709,0.023672879,0.101913774,0.597204431,0.288100706,-0.258031456,-0.08078832,0.196191051,0.395314498,0.203631454,0.114562319,-0.367121137,0.092068446,0.109626659,-0.027318814,0.089175728,0.211000792,0.199001985,-0.183248553,0.007854017,0.163244012,0.320093296,0.116799821,-0.032071052,0.346503107,-0.333844736,-0.237941294,-0.0207965,-0.200077305,-0.0406692,0.015027537,-0.118630262,0.021828077,0.222291695,0.072884431,-0.248880537,-0.116500943,-0.026778805,0.149966336,0.086670089,-0.083986425,-0.01694714,0.063281448,0.022794577,-0.034545282,0.320106267,0.037635767,-0.167586205,-0.115766669,-0.078919448,0.083252619,-0.027837186,0.015868094,0.016319863,0.098385669,-0.060919847,0.000503841,-0.073174088,0.072210912,-0.11743208,-0.112630241,0.054848115,-0.156716381,-0.000297048,0.107196459,0.019381574,-0.011320824,0.245037999,-0.098715496,0.085367094,0.130288703,-0.099984685,0.012699779,0.057031137,0.024816264,-0.10303749,-0.056484553,0.04538706,-0.108980216,-0.073605562,0.026466195,0.144355969,-0.049424084,0.045622137,0.033066059,0.003610381,0.027230225,8.19482E-05,0.098510306,0.118891813,-0.089192672,0.006998574,0.001839348,-0.046256023,0.099922273,0.068709941,0.060544253,0.014105293,-0.116103961,-0.01801715,0.225651936,-0.112964588,0.013769654,-0.07050544,0.065959895,0.137123101,-0.016606781,-0.062916815,-0.065905478,0.036014292,-0.081701538,0.013432707,-0.004908208,-0.024840656,0.077362312,0.110621558,-0.066923097,-0.053227842,-0.041725016,-0.051201111,0.123659819,0.06521765,0.029098874,-0.033422686,0.072727737,-0.059181315,-0.031389769,-0.028679048,-0.086297059,0.090468177,0.075904549,0.038771038,0.015443884,-0.035542871,0.029774465,-0.044023889,0.100099626,-0.153566855,-0.050844167,-0.010114913,0.028793834,-0.03221531,-0.027326185,-0.086479325,-0.014802486,-0.065700741,-0.009288327,-0.007050248,-0.058482947,-0.013281932,-0.044405093,0.010862769,-0.049752633,2.10197E-14
02ADL0163,3.39875596,-4.925523035,7.260888914,-2.85830514,4.786180899,-0.761400685,-0.521678746,0.655166267,-1.039593495,-0.417080473,0.817407192,0.599000762,0.302232401,-0.127764137,-0.626047289,-0.38234231,-0.31615743,0.359665328,-0.729515197,-0.607859894,-0.093809798,-0.274285464,-0.150394597,0.776946902,0.741527533,-0.453767874,0.20221399,0.167600224,-0.151140824,-0.040671092,0.417675221,0.547014627,0.372517947,0.043128388,0.007995761,0.047225992,0.240044109,0.210204361,-0.126963077,-0.416158787,0.373695635,-0.069289315,-0.076938119,-0.214733471,-0.046210994,-0.30279588,0.092717367,0.256912916,0.383346599,-0.279152857,0.017947662,-0.21635315,-0.189608706,-0.212545182,0.12098953,-0.234930695,0.028168564,0.108912827,0.099699226,0.163704672,-0.07923763,0.039229244,0.014002403,-0.077762858,-0.170718353,0.125797558,-0.175010524,0.212953885,0.069819795,0.304283057,0.163463622,0.047845212,-0.159558278,-0.118329689,0.095757746,-0.110683684,0.154714557,0.129137639,-0.006515727,0.156850068,0.079936121,0.134342481,-0.128785016,0.171185539,0.070344885,-0.063540157,0.08563249,-0.035710444,0.164503632,-0.01175049,0.003771181,0.151762342,0.026780705,0.156117305,0.053031888,-0.073436747,-0.054276198,-0.225974487,-0.040673105,0.098274891,0.122339748,-0.066068671,0.002906449,-0.061266364,0.148634445,-0.098961245,0.081074313,-0.071584762,-0.011418065,-0.008055869,0.071482056,0.122860394,-0.084919974,-0.208390564,0.145209501,0.070059468,-0.008145153,0.008900306,0.056399621,-0.118188877,0.097840834,0.034370653,0.055247688,0.197137343,-0.119647436,0.066501345,-0.125749814,-0.014339588,0.045151832,-0.061913681,-0.005594258,0.028823571,0.039511684,0.01490236,-0.073705973,-0.015205161,0.124329405,0.081819729,-0.017022259,-0.054634761,-0.092891187,-0.018473449,-0.075265992,0.01553345,-0.134303899,-0.070578652,-0.055861493,-0.077643473,0.061505515,-0.003159714,-0.108908887,0.048100115,0.072296733,-0.061623972,-0.010811211,-0.041367005,0.006177453,-0.052219397,0.085767966,-0.032820546,0.070555602,-0.085111266,-0.071330716,0.082426846,0.029402851,-0.030674,0.031196136,0.019518314,-0.020884435,-0.08211905,0.00635201,-0.045794737,0.113136842,0.07916068,0.026829476,-0.061821123,-0.037296723,-0.116541577,0.051900091,-0.009604972,-0.011422575,-0.02568653,-0.069034204,0.029023636,0.060780446,0.073035433,-0.104778626,0.02031763,-0.019324135,5.37659E-14
02ADL0167,-1.891606485,-1.263206836,2.986516706,-2.624871755,-0.398800174,0.849319385,0.999354342,1.117470047,-0.395185742,-0.94751824,2.201198153,1.493894536,0.048531239,-1.391423852,0.235430275,-0.603334588,0.033135642,-0.740326059,0.023346068,-0.879675741,-0.115886017,-0.408984494,-0.423805424,0.170911664,0.211545636,0.201109193,0.053390695,0.856900789,0.271543063,0.03984013,-0.205992683,0.365673826,-0.157156024,-0.022646335,-0.405518427,-0.429910994,0.053820731,-0.096634083,-0.568142755,0.283302223,-0.009257836,0.064596925,0.262132486,-0.053019662,0.255143873,0.133046435,-0.23982041,0.175672343,0.012047332,0.108722769,0.05398297,0.298226566,0.255731391,-0.228841241,0.002767984,0.134190647,-0.121122072,0.024521702,0.203097502,-0.335210572,0.014509975,-0.184793143,0.223077316,-0.25404269,0.072684515,-0.047587727,0.184800388,-0.208848618,-0.113999098,-0.131685318,-0.30986689,0.241536236,-0.289870399,0.06947625,-0.075598637,-0.036128784,0.003743594,-0.130190763,-0.163221594,-0.011606663,0.179803587,0.057692082,-0.097829084,-0.158822267,0.021346443,-0.001948396,-0.006561379,-0.089301896,0.038829831,-0.053236188,0.011855874,0.005483593,0.126537013,-0.196447506,0.068090639,0.008933476,0.087959264,0.054060054,0.037259812,-0.073072897,0.237072596,-0.025000018,0.090011334,-0.055289953,-0.078917997,-0.075557486,-0.055214437,0.038099725,0.025707594,0.021696755,0.151951895,-0.192915947,-0.194675965,-0.053763978,0.021097786,0.05777882,0.070839653,0.07292084,0.103181536,0.006949008,-0.02893803,-0.003118155,0.079151484,0.103176527,0.064350152,-0.234369183,-0.20121394,0.158666572,0.080840453,-0.073273319,0.004729569,0.052564275,-0.019468629,-0.058334057,-0.043308943,-0.02537034,0.059532649,0.152454819,0.014372701,-0.016343389,-0.119659332,-0.072759269,-0.022683092,-0.136657452,0.09933826,-0.074215212,-0.081992368,0.057141869,-0.055998736,0.06849229,-0.038463846,-0.023745771,-0.041245239,-0.000779634,0.09450586,-0.085175666,0.057720636,-0.095858692,0.024356349,0.048586694,-0.021092471,0.018969847,0.06734989,0.043020291,-0.00494404,0.048657878,-0.044359242,0.02339039,-0.045991265,0.020225034,0.010647099,-0.111662642,-0.022081094,-0.011228437,0.022747419,0.010523548,-0.033060509,0.091799107,-0.002295037,0.068573311,0.000422869,0.013784996,-0.002956005,-0.012148614,-0.025428163,-0.037899848,0.05706575,-0.023730798,-0.017405353,4.55367E-14
02ADL0168,-7.315104335,-0.57179359,-1.098193513,-2.969166245,0.07669538,2.118664101,-1.994424583,-1.158845798,-1.462735213,-0.943185235,-0.255346714,-0.495164685,-0.059004556,-0.077314484,1.822848658,1.158439779,0.238720012,0.924808665,-0.132281054,-0.467889671,0.29864817,0.227570928,-0.343693104,-0.414431477,-0.228722641,-0.524268245,-0.075336559,-0.428499374,0.106016557,0.032949475,-0.008055245,0.465840734,-0.094715429,0.191996029,0.204903418,0.386711276,0.167909558,-0.16359477,-0.681438513,0.015057617,0.214627787,-0.06018431,0.114506306,0.325646529,-0.438513485,-0.083103726,0.244029465,-0.124188771,0.307828733,0.320477546,0.155651943,0.165627823,0.391612238,0.099015457,0.368886402,0.181720089,0.149453542,0.001847789,0.040210985,0.118795205,0.109158872,0.094846442,-0.294219174,-0.193237927,0.102892113,0.024303055,-0.101549817,0.021908439,0.080543481,0.088128645,0.303495717,0.009377001,0.147591062,-0.050186296,0.01659424,-0.165079724,-0.006621907,-0.281652944,-0.107010498,-0.147592359,0.093301171,0.076178932,0.07883331,-0.024484562,0.063647592,-0.095100744,-0.040438628,-0.072787676,0.021604195,-0.036387851,-0.054648481,0.021609335,0.257852081,0.297961033,-0.007485907,0.04283468,-0.08677582,0.069558605,0.139514359,0.065087753,0.13663975,-0.012227283,0.130204879,0.103011832,-0.036210312,0.081528573,0.051359302,-0.075804417,0.126235562,-0.146760805,0.040128248,0.055119428,0.015090467,-0.018419234,-0.003373603,-0.124087867,0.141631271,-0.095924451,-0.034830519,-0.021863588,-0.079301766,0.097830139,0.034979861,0.083183769,-0.002538471,0.010411171,0.09439497,0.046332333,0.044152867,0.020451046,-0.036573992,-0.051830804,-0.066911888,-0.040537205,0.086728505,-0.12868818,-0.110121065,0.025512622,-0.001131473,-0.058474814,-0.022032916,-0.21732877,0.022529646,-0.078067646,-0.100205508,0.090603134,-0.034973858,-0.004298267,-0.061954291,0.005719686,-0.133297349,0.066904772,0.017526306,0.012066598,-0.042046654,0.015801595,-0.042181582,-0.092098013,-0.014875755,-0.014052735,0.057915656,0.099226566,0.054389057,0.069492466,-0.063457642,0.004327073,0.024959913,0.003041999,0.018562182,0.141005436,0.067584858,0.05629408,0.052938625,-0.057804902,0.039265403,0.091426931,0.023753612,0.014211953,0.018964445,-0.037275899,-0.018343851,0.07588218,0.065938211,-0.011872317,-0.023227127,0.03010145,0.046025359,0.013541029,0.05101952,4.56708E-14
02ADL0171,-5.145152902,0.571774544,-3.605493726,-2.409526972,-1.554555055,1.120641653,3.915907687,-1.727437174,0.801580453,-0.228024504,-0.911225774,0.859668196,-0.453924189,-0.104398916,0.169361086,0.171190352,-1.536653431,-0.901286184,0.901431118,-0.144546826,-0.800002844,-0.403288377,0.78584337,-0.537808567,-0.085970918,0.197788255,-0.527465791,-0.150781272,-0.458067458,-0.333045478,0.412010138,0.036062899,0.216694509,-0.197872529,-0.132116138,0.067675941,-0.040388397,-0.408737008,-0.139347898,-0.181324741,-0.453461882,0.112370141,-0.293436016,0.098999863,-0.109393231,-0.047393141,0.083953625,0.191538088,-0.026700832,-0.460888609,0.510943188,-0.109359655,0.080870407,-0.02746128,-0.031913749,-0.126960079,0.257890984,-0.028541174,0.190793359,0.156213653,-0.072502406,-0.107125972,0.10729505,0.116187298,0.145696046,-0.221989652,0.017221707,0.164702245,-0.218053118,-0.087670428,-0.066940123,-0.164223146,0.09749362,0.076872782,0.175855063,0.026961901,0.051371188,0.141052665,0.092988773,-0.228010837,0.20874796,-0.040895691,-0.073147466,-0.017088074,0.063894268,-0.014972041,0.073546849,0.000993966,0.06024795,0.056084333,-0.109690341,0.001423996,0.024077168,-0.092512604,0.091714995,-0.12419397,-0.127769887,0.080779194,-0.265352402,0.064883793,-0.059505089,-0.049053719,0.089080141,0.0506461,-0.101923664,0.277858332,-0.060960368,-0.053718497,0.077353966,-0.007939466,-0.089410966,0.150660416,0.086226941,0.028559689,-0.018527782,-0.048264527,-0.207546788,-0.000833064,0.104378237,0.010430196,0.018750346,0.184196939,0.129507156,-0.014988971,0.058054715,0.026981571,0.030419456,-0.068256458,0.093335999,0.160628723,0.019059056,0.047547522,-0.024777502,-0.053294454,0.051559925,0.005116168,0.147919982,0.090885087,-0.047471644,0.053340673,-0.056966136,-0.123578487,0.08739893,-0.093242884,0.038210207,-0.030164704,-0.029359975,0.033856013,-0.018017923,0.017111052,-0.178444609,-0.013287124,-0.054101427,0.006646693,-0.038196571,-0.04009629,0.057607011,0.126018154,0.020474883,-0.042001637,-0.000160774,0.069023123,-0.045362317,-0.02976924,-0.000172023,0.017143057,0.039270278,-0.015939984,-0.053500628,-0.111282042,-0.108866929,-0.047376589,0.043544205,-0.018310728,0.044790778,0.047733499,-0.045490654,0.024706388,0.058605372,0.032059608,-0.028900441,0.010090223,-0.010719345,0.005021787,-0.028431606,0.02617641,0.050089973,0.062638443,0.004892354,-1.51952E-14
02ADL0177,22.91186167,-2.877600536,5.844538031,-1.959257961,-2.124018224,2.50787516,2.301265624,-0.415994543,2.385419892,-1.736990167,1.69474702,1.084367794,0.428015826,-1.193988845,1.196481725,-0.356793298,-0.083312749,0.073179359,0.114870578,-0.295504758,0.395714471,0.521969309,-0.073335706,0.159520604,-0.258376441,-0.961314716,0.603612976,-0.367140708,0.190953854,-0.3258677,0.029148041,0.442483748,-0.044243138,0.187826031,-0.834312355,0.111165943,0.026876975,0.340250633,0.319689978,0.184306471,-0.064729601,-0.016677679,-0.256038157,-0.501556843,-0.002938122,0.291942681,0.151973809,0.19566681,0.134030613,0.146738919,-0.20803718,0.134614062,0.090559543,0.156546795,-0.098136698,-0.30116135,-0.310938261,0.121314671,0.30167752,-0.085376586,-0.15342872,-0.254517785,-0.093834232,0.176313812,0.013700878,-0.044055131,-0.034556498,-0.12609139,-0.158243384,0.04911155,0.151312479,0.027950123,-0.075666997,-0.003321221,-0.094569718,0.016299298,0.050335716,0.12899349,-0.040962526,-0.032880378,-0.006393119,0.03535438,-0.007502321,0.221225716,0.015208276,-0.040881189,-0.006224968,-0.124310862,0.161572036,-0.143037152,-0.018925086,-0.109921748,-0.137959906,0.076903349,0.117405986,-0.037913411,-0.17833656,-0.014866559,0.006170494,-0.101063232,-0.063319194,-0.010585369,-0.127351034,0.192600628,-0.024838559,-0.196500052,-0.02774673,0.17335108,0.156699696,-0.060490428,0.014521291,0.045951871,-0.026064047,0.024799982,-0.131082254,-0.006579466,-0.121252135,-0.058525649,0.019441683,0.014752401,-0.115362688,-0.099446055,-0.044300564,0.04295021,-0.029939522,0.007821673,-0.023533906,-0.042840629,0.04033012,0.102058276,0.002837427,0.080593709,0.049997979,-0.043917119,-0.038959565,0.046996243,-0.018821653,0.077785275,-0.035212785,-0.026597298,-0.014153901,0.016515093,0.060320092,0.075767691,-0.059095831,0.013091117,-0.012344904,0.031277238,-0.022013861,-0.097517925,0.030839283,-0.088759115,0.049932019,-0.113291621,0.094924708,0.01767557,-0.039211421,0.154238701,-0.019490826,-0.061893303,0.086451498,0.049029518,-0.02104866,-0.005481396,0.045706624,-0.045102114,-0.076553237,-0.059627089,0.016334611,0.030240246,0.068658584,0.133965141,-0.05533342,-0.03278103,-0.055581183,0.118353007,0.055134914,-0.044066837,0.04379977,0.059980136,-0.054308843,0.008416922,0.091621333,0.01258281,0.02948277,-0.040454648,0.065264481,0.071300704,-0.02824405,-6.9667E-14
02ADL0180,0.56573143,-0.776835191,-12.03604174,-5.083309371,-1.068391758,-1.279219279,4.525459401,-0.656898909,-2.012736188,-0.222797282,-0.27357306,-0.445998439,0.472425421,1.238277827,-0.044123596,0.525496977,-0.214871055,0.571480722,0.416354426,-1.317676146,0.600892208,-0.392654955,0.033577216,0.45469557,-0.108770347,-0.481951462,1.001011473,-0.324980005,-0.00661211,0.660703309,0.355289126,0.003211048,-0.308178132,0.331103371,-0.152369461,0.256240753,-0.050826388,0.280526607,-0.196753385,0.538590521,0.034902423,0.099961944,0.054153696,0.256659863,0.223583909,-0.214198926,0.179063852,0.255841542,-0.12614255,-0.072593311,-0.026684483,-0.085939552,0.094512023,-0.195183241,-0.447102558,0.028094613,-0.30993174,0.136586151,0.105156816,-0.010493931,0.097347762,-0.007403585,-0.093965154,-0.041312753,-0.274075797,-0.141298029,0.076066329,0.013000994,-0.03218628,-0.205494965,-0.129150008,0.020241647,0.087529239,0.161182306,0.036968613,0.113406361,0.178565032,0.006944957,0.168620917,0.030693446,-0.105319816,-0.22480938,-0.115730062,-0.141345301,-0.062086373,0.143259679,0.11551596,0.012850414,-0.165161096,-0.193202898,-0.002041263,-0.05110924,-0.026723159,-0.053531573,-0.030644595,0.001720796,-0.077450738,0.074666925,-0.001924312,-0.012019303,0.197344529,-0.161827365,0.127228697,-0.083142733,-0.157581254,-0.12302355,0.037557227,-0.163597384,0.03655959,0.003675225,-0.049764727,-0.041253896,0.055768156,0.008979348,0.01739966,0.047537558,-0.060732021,-0.158356993,0.023486299,-0.154219552,-0.096501213,-0.195963664,-0.070736856,0.189166396,-0.040691421,0.133975957,-0.001204312,-0.007099796,0.001005349,0.053216931,0.058894989,-0.097632028,-0.13632056,-0.007508548,0.177584438,-0.057546488,0.031000908,-0.025717618,-0.040955865,0.004020299,0.052318751,0.024836106,0.027489956,0.191128727,0.002431618,-0.117527355,0.093346998,0.105705816,-0.012627491,0.022429729,-0.111376762,0.029909893,-0.011680003,-0.025225718,-0.037966652,-0.000407059,-0.013731785,-0.067067647,-0.010071851,0.032208238,-0.084755304,-0.038022224,0.021109495,0.014356726,0.029843677,0.048761533,0.010173553,-0.008179566,0.089301837,0.005453987,-0.039491937,0.025061458,-0.007141009,0.047484521,0.004588177,0.011808217,-0.016650631,-0.028104403,-0.020205351,-0.026515791,0.048507928,-0.046922012,-0.012849594,0.022263426,-0.016491583,0.031246947,-0.003453672,0.015045451,-0.011219923,7.30378E-14
02ADL0185,8.190203345,-1.763708086,-2.856100252,-4.150967629,-1.324437161,-2.287297243,0.96750526,-1.949908053,-1.59992899,1.081268695,1.078141644,0.686290658,-0.28051162,-1.103243746,-0.032181177,-0.66551639,0.340189624,0.570122779,-0.13285427,-0.311491169,-0.227876805,0.454683168,0.317725841,-0.072189513,0.02042591,0.431330435,0.287186051,-0.480867418,-0.10756634,0.366874595,0.073663267,0.261043204,0.083114836,-0.238687791,-0.401979205,-0.086501146,-0.112206204,-0.111000629,0.369840911,0.36144539,0.116347603,-0.045673115,0.317014085,-0.229798669,0.063517386,0.198676566,0.124933391,-0.046309176,-0.21412206,-0.355488924,0.017933526,0.187788275,-0.111764377,-0.175086588,-0.010369322,-0.106807796,-0.162096791,-0.278022745,-0.06695168,0.227509125,-0.09420765,-0.11710056,-0.014503874,0.102042992,0.121530212,-0.23385472,0.010866174,0.057306428,-0.129144814,0.009122986,0.023024963,-0.093796845,0.047310859,-0.148815985,-0.13112918,-0.06085534,-0.253962881,-0.110513528,-0.028100922,0.044597151,0.135102145,0.132705479,0.150521499,0.072346832,0.08972697,0.119372488,-0.207770751,-0.049068354,-0.032007613,0.028738072,-0.095997581,0.017251134,0.056177252,0.002134526,-0.016649213,0.184312866,0.227798762,0.049512867,0.060493424,-0.034416871,0.084100376,0.026611928,-0.096606261,-0.14263772,0.140905234,-0.053233867,0.003926788,-0.160687585,-0.052370389,-0.131569389,0.127568039,-0.069856237,0.135761014,-0.116398756,0.070874884,-0.15360147,0.032169208,0.238426622,0.071617175,-0.038316969,-0.076861879,0.159008416,0.027363072,-0.066896493,0.034114104,0.082888268,-0.087454747,-0.120694843,0.008207841,-0.15548984,0.039430388,-0.088820904,0.080805572,-0.022061578,0.072558198,0.087634823,-0.096881221,-0.056559642,-0.032032824,-0.154571012,0.082662562,-0.139280863,0.046635398,0.053138267,0.032064318,-0.042201235,0.143338,0.144549353,0.036659246,-0.093653894,-0.035719902,-0.059602961,0.108810633,-0.073392418,-0.014809696,-0.028175955,-0.049923641,0.115263546,0.043096375,-0.006391008,0.031928662,-0.022838843,0.045300239,0.026199888,-0.083828782,-0.004207589,0.09129287,-0.030265132,0.064968051,-0.026075673,-0.068965726,-0.007765196,-0.027917499,-0.117818657,0.133788464,-0.041067245,0.031768721,0.012274798,0.005943139,0.010832018,-0.027006225,0.028542289,-0.067243525,0.032802573,-0.02441098,-0.064608245,-0.060612597,-0.017054716,-0.009931131,-1.26008E-14
02ADL0186,-17.82562544,0.939565985,-2.385187393,-4.843666301,0.659002097,-4.199086402,1.862996684,-0.952055012,-1.022117124,-0.095758525,1.469984951,1.982046732,-0.347753835,-0.189289504,-0.471876824,-0.373171127,0.740598123,-0.777463153,0.603571273,0.133026313,0.139348861,0.311802258,0.141328259,0.168405839,-0.544820381,0.210976333,-0.209380648,-0.883680122,0.147296511,-0.29535198,-0.398983182,0.384578368,-0.046629573,0.109443923,0.206696107,0.311228451,-0.132404415,-0.142567782,-0.157602721,-0.235666582,-0.369493059,-0.400949429,-0.620371121,-0.251727495,-0.208392108,-0.519313404,-0.097779472,-0.00335755,-0.151328195,0.242051297,-0.044379703,-0.158283852,0.251639846,0.412124535,-0.123729486,-0.087487453,-0.164921273,-0.026552061,0.106137624,-0.082144021,-0.176876899,0.067576288,-0.467647193,0.220046385,0.015128641,0.078978676,-0.089185913,-0.230966879,-0.018211332,-0.027751001,0.007643277,0.068548063,0.082207765,0.122792347,-0.176016186,-0.028817916,0.270436607,0.094043397,-0.063417862,-0.07420865,-0.111988796,-0.019483461,0.124769112,-0.012488189,-0.063662585,-0.027090194,0.03491144,0.268537378,0.032842922,-0.146104331,0.081058859,0.146967114,-0.284444177,-0.173878718,0.149063685,0.10604184,-0.014871684,-0.164846901,0.044385024,0.199523136,-0.16040629,-0.108354674,0.033677137,0.123659442,0.114399733,0.020003007,0.040467047,-0.033274821,-0.13590422,-0.016834957,0.024029912,-0.02625234,-0.077050593,-0.083714568,0.052545557,-0.015615439,-0.017406636,0.064959102,-0.0416448,-0.071946845,0.139889227,0.022199808,-0.040418728,-0.07963948,-0.159398427,-0.142030007,-0.036240292,-0.015766959,-0.035604826,-0.207595158,-0.075768195,0.005700396,-0.016462178,-0.039066212,0.033026161,0.086199623,-0.117217116,0.044210304,0.068559129,-0.033331189,-0.036410945,-0.002437964,0.036154515,-0.00542392,0.021725562,-0.006865476,-0.003928439,0.038306063,0.026898359,0.015015568,-0.051035801,0.071688007,-0.023050371,0.01844916,-0.081977341,-0.111143876,-0.065468172,-0.119577338,-0.037647419,0.011131477,0.029401892,-0.002037602,-0.038124563,-0.026482456,-0.069946399,0.037310146,0.037900668,0.007713554,-0.012987274,0.005327543,-0.077756708,-0.025231046,-0.04832949,-0.055886702,0.002078973,0.026409862,-0.031675714,0.017449656,0.035485007,0.00794227,0.004727099,-0.048562767,0.051040034,-0.066094118,-0.044920959,0.033842429,0.030081626,-0.02205678,-0.000842312,-8.31005E-14
02ADL0187,-0.217459166,-0.256510138,-6.364894645,-2.195376605,2.401252226,0.371218724,-2.524596472,-0.094179819,1.155714127,1.690078357,-0.549684816,0.017867263,0.51346577,-0.100042668,-1.667842088,-0.641339314,-0.897582303,0.117293073,-0.867653055,0.327450062,-0.010619458,0.897588938,-0.450214914,0.0289786,0.411849996,-0.38262011,0.086711053,-0.236159977,0.900119264,0.073662333,-0.082332911,0.539549628,0.388823651,0.093979041,0.117760249,0.112117659,0.171276784,-0.013625108,-0.158567903,0.054669118,0.01400685,-0.045573182,0.090770023,-0.360909438,0.22866486,0.026566712,0.509124717,0.209220483,0.105222355,-0.011155161,-0.229899965,-0.243945812,0.350854604,-0.01545176,0.112471908,-0.07058199,0.027410128,-0.067850772,-0.009732393,0.016041884,0.067721776,0.232302076,0.149396198,0.044441605,0.04329277,0.093892278,0.180491265,-0.013980697,-0.074903599,0.160497888,-0.218632512,-0.04047584,-0.18462254,0.060489309,0.000196315,-0.114343639,-0.051368994,0.050572071,-0.031716528,-0.021938166,0.231965915,-0.319417562,0.122531585,-0.009737436,-0.367568348,-0.036993705,0.06061257,0.023535792,0.120927805,0.175398647,-0.215857362,-0.041199373,0.118757872,-0.008432474,0.107873509,0.136921587,-0.127504954,0.14617272,0.124459481,0.014730107,0.022767537,0.027534939,-0.177047496,-0.115429105,-0.173622154,0.05548956,-0.157706776,-0.220017688,0.020862269,0.185905991,-0.022827314,-0.060838954,-0.054293393,-0.009910046,0.010134753,-0.052735416,0.164228439,-0.036495549,0.065657234,0.047661763,0.058736181,0.100553268,-0.099510801,-0.017823559,0.000429636,-0.077534666,0.043617215,0.069020785,0.02322795,0.056276213,-0.009920127,0.038103494,-0.018552322,0.036717563,0.038092839,0.091534683,0.02435938,0.068551702,-0.021261504,0.035504731,-0.000231757,0.040199056,-0.026026832,0.100137085,-0.104355628,0.056273949,0.069725141,-0.097946116,-0.062003365,-0.022300869,0.021572312,-0.075997521,-0.059496195,-0.091021987,-0.207555715,0.003910621,0.003174545,0.040102684,-0.151739976,0.04244255,0.001043578,-0.073036455,0.004156046,-0.088742204,0.060535395,0.018025873,0.05819539,-0.025004864,-0.003953994,-0.046002815,0.030483418,-0.028856106,-0.060076424,-0.047146762,-0.001637803,0.047937066,-0.071703528,-0.072786905,0.027575307,0.022411562,-0.037852613,0.030110022,0.020685518,-0.045546968,-0.025163623,-0.018293595,0.015383217,-0.044395097,0.028223941,-1.70028E-14
02ADL0188,10.3030887,-5.563235502,3.314904517,-3.337073042,3.613115032,-4.248289726,3.357538968,-1.32251853,0.268571298,-0.476690987,-0.578862337,0.210104833,-0.75710325,0.760969729,0.892477283,0.314694421,0.171075754,0.794785671,-0.153399043,0.463300132,0.791489923,-0.551709539,1.268494553,0.341419593,-0.385571469,0.048878013,0.185221659,-0.008425283,-0.11046369,-0.424468254,-0.000129664,-0.626047542,0.250837684,0.040746188,0.122171497,0.447080181,0.863908501,-0.322117933,-0.050208577,-0.011856141,-0.179281918,-0.177134807,0.097596,0.389906046,-0.215035132,-0.082280322,0.344684805,0.219920727,0.35151782,-0.082609508,0.384204055,0.00669992,0.511116261,-0.101755404,0.08428489,-0.212308796,0.324150997,-0.180062332,-0.328450685,-0.095517979,-0.104458866,0.098539715,0.13345033,0.046573834,-0.035076227,0.325892875,0.215571488,-0.290632793,0.155675732,0.041289163,-0.104893808,0.278400587,-0.123868955,0.088294361,0.121381228,0.200351385,0.056052252,-0.095190193,-0.113890752,0.179434556,0.064362764,0.099394418,0.145037908,0.205388881,-0.209782777,0.055029705,-0.063872157,0.093746671,-0.213125517,0.061757898,0.200708764,-0.143652765,0.073090906,-0.061668271,-0.034203047,-0.052045201,-0.071223858,-0.088882497,0.00102189,-0.046332051,0.170011899,-0.136856291,-0.071779665,-0.051142282,0.04583919,-0.126188627,-0.09645493,0.085556854,-0.044260355,0.039681825,-0.098779392,0.06696192,0.077912909,-0.018006546,-0.172172554,0.216844799,-0.092081108,0.026809216,0.021739519,0.117952588,-0.056113098,0.026996016,0.072597732,-0.069457726,0.0487965,-0.065284043,-0.056826748,-0.022309877,0.081715404,-0.04173388,0.010515956,0.014973101,0.030835653,-0.045906168,0.034698039,0.088180915,-0.052674237,-0.075186459,0.005597045,-0.012637434,-0.03530096,0.045674608,0.004257613,-0.068026376,0.015782504,-0.063475078,0.069548089,-0.026497676,-0.078226596,-0.032439141,0.046356586,0.040262185,0.001417627,-0.058112219,-0.093880019,-0.035333652,0.02287874,0.05898329,-0.023019754,-0.027947636,0.012793841,0.044442432,0.015619958,0.081131952,-0.028679147,0.005583355,-0.027382961,0.025970189,0.015935647,0.005035701,0.063380421,0.016283773,-0.057090368,-0.015185587,0.03339593,-0.056517759,0.031753972,-0.002314337,-0.043149261,-0.012122382,-0.038577614,-0.003436221,0.002341203,0.089124388,0.010806461,0.024400654,-0.006065983,0.00626999,-0.018539873,-2.84279E-14
02ADL0198,-8.595444277,-1.787677376,3.538905124,-3.363053941,5.591563211,0.658180858,-1.547236663,-0.065338839,-1.088842336,-0.256318146,0.59863024,1.562622525,2.168317446,0.116429558,0.817796262,-0.493292311,0.099287584,-0.045124885,1.233580906,0.539190877,-0.228248841,1.012812376,1.118650612,1.646371752,0.762427131,0.562032156,0.152502761,-0.059842821,-0.602755325,0.507110035,-0.030566064,-0.177027576,-0.599501097,-0.114130561,-0.075112372,-0.028245037,0.393509091,-0.076512797,-0.213175652,-0.365903774,-0.352065357,-0.787625343,0.142681773,-0.28922731,0.409770361,0.099911117,-0.012588305,-0.276419444,-0.239010665,0.12549997,0.040548246,0.048220439,-0.003120678,0.354500535,0.334991301,-0.128184594,-0.237169608,-0.06677,-0.150106321,-0.10322698,-0.009249388,-0.082051965,0.167152061,0.260672042,-0.157222076,-0.316192935,-0.371764556,-0.038416635,0.127667262,-0.137776571,-0.022197679,-0.03539508,0.201083761,0.108276815,0.138350336,0.103738223,-0.071061485,-0.083227321,-0.434105742,0.367341785,0.009980925,-0.280227424,-0.131950541,-0.045622516,0.025295322,-0.01316443,-0.0900377,0.053560529,0.110027341,-0.067438025,-0.15193596,0.074824858,0.064396621,0.100053048,0.113774991,-0.024117813,-0.00049604,0.055084695,-0.018853086,-0.041656069,0.008766768,0.079395594,0.051659813,-0.152402885,0.079990679,0.026256349,-0.043206457,0.034747608,0.18563362,0.015892613,-0.055372054,0.058972433,0.130318259,0.023134115,0.042700118,0.052266631,0.037816799,-0.099124932,-0.005969991,0.014499701,0.045818625,-0.012427045,-0.00256367,0.063150013,0.087347819,0.021692922,-0.004797884,0.030628826,0.030552082,0.061997591,-0.009724293,0.072327082,0.044003692,0.067813086,0.050939186,-0.077031758,0.030118492,-0.064679593,-0.03781953,0.006085436,-0.01582813,-0.013352747,0.122572623,-0.007116944,0.027666364,0.02102581,0.032663444,-0.015377432,-0.064567246,0.079748753,0.073413445,0.027868517,-0.001338691,0.048826263,-0.009207914,0.039657283,-0.012151736,-0.002782331,0.020294446,0.061700296,-0.005002578,0.058263308,-0.007511977,0.002533634,0.035841718,-0.00737358,0.012442664,0.00732086,0.009865715,0.015511473,-0.010889203,-0.033744697,0.016849092,-0.008036605,-0.014067014,0.003848876,0.018257223,-0.020701,-0.003243153,0.011219154,0.027723912,-0.010491743,0.001831258,-0.036868725,0.020683006,-0.015945156,-0.021843397,0.011338553,0.023864857,-9.09803E-15
02ADL0200,2.432263775,-0.308856003,-9.373467064,-3.380967617,1.284699603,4.320342326,0.177980194,-1.514948641,-0.532153352,-0.045809159,-1.347919403,-0.3606993,0.315915892,0.514398956,1.280652525,0.430783761,0.305125243,0.099443806,0.380582419,0.489816785,-0.521450732,0.297408308,-0.442999254,-0.084321955,-0.184766646,-0.160509815,-0.552339123,-0.226467595,0.202864036,0.441176484,-0.239980693,-0.112104338,0.250370516,0.082720837,-0.000486972,0.051835146,-0.048620054,-0.406117469,-0.170036487,0.410831783,0.344829877,-0.365105059,0.275690686,-0.20355301,0.0200215,0.038747521,-0.289455398,0.148874968,-0.0859959,-0.01900195,0.249446506,-0.100886489,-0.086711561,0.01457005,0.20000812,0.011048233,-0.02458988,0.226974674,-0.182758859,-0.099297303,-0.077277345,0.047349314,-0.16334358,0.155991717,-0.230758256,-0.06651766,-0.106247713,0.12140627,-0.030311151,0.10813697,0.132095495,0.028853927,0.153193584,0.134094125,0.022961439,0.060666809,-0.067202619,0.059375172,0.11157432,-0.111732982,0.223301883,-0.080844831,0.223525131,-0.07053485,-0.061985526,0.030048528,0.100790077,0.043571347,-0.032711193,-0.045303347,0.061450517,0.06703249,-0.067415305,-0.056955983,-0.179464781,0.017788832,-0.227706431,-0.253089826,-0.0202561,0.050273493,0.08337173,-0.06307559,-0.128824963,-0.098999873,0.125577026,-0.028692965,0.048071948,0.137417249,-0.041622686,-0.028790393,-0.005654518,0.095758524,0.034812419,0.073227426,-0.032127248,-0.177658634,0.062864306,0.101197605,0.14706309,-0.006479271,0.036567465,-0.201485506,0.107716662,-0.021207157,0.003380446,0.063070641,-0.05835061,-0.048084678,0.082789065,-0.000691454,0.018679238,0.005817138,-0.152292049,-0.080166437,0.04082634,0.042161546,0.04203618,0.034696424,0.014329691,-0.035738109,-0.088446239,0.030777228,-0.027957987,-0.002028393,-0.004977051,0.151296181,-0.053198933,-0.008296079,0.071042484,0.07564488,0.070136063,-0.124492465,0.091311,0.048286451,0.04279653,-0.044958824,0.053332402,-0.015051642,0.022526121,0.012323544,-0.12260975,-0.147344973,-0.028680747,0.052928798,0.006842132,0.032806888,-0.066061749,-0.097347983,-0.062860435,-0.080934841,0.105425223,-0.056821154,-0.029515708,0.041121916,0.059142312,0.004243697,0.065496377,0.080233389,-0.058020252,0.121479406,-0.108095698,0.014382779,0.032686697,-0.016721294,0.09871211,-0.032913192,0.006918241,-0.082173092,0.023138614,2.57327E-14
02ADL0201,16.18903202,-2.354276871,-0.577014702,-2.13210264,-3.116859219,-1.009589083,-0.558195159,-0.073791717,1.331097468,1.274376898,0.848520208,0.172049998,0.225129925,-0.451246913,0.21439339,0.672479215,-0.497583629,-0.131400009,-0.275229428,-0.15649518,-0.201520298,-0.292028286,-0.145455768,0.441461459,-0.479991724,0.15128788,-0.172231433,0.121775124,0.311048324,0.4086762,-0.243618379,0.584926176,-0.234018993,-0.146207109,0.051494856,0.269660534,0.392667157,0.016955592,-0.300232084,-0.35519878,-0.00692246,0.002536903,0.033132314,-0.039897749,0.170111899,0.151792257,0.009325627,-0.142630623,0.219293188,0.059326608,0.018167436,0.064823625,-0.046055288,0.125137754,0.290987131,0.066272989,-0.027927727,0.007984446,-0.352715859,-0.130640325,-0.146909496,-0.000520385,-0.121119664,-0.005370455,-0.115380656,0.130292176,-0.182352665,-0.068585417,0.17762124,0.16119088,0.200561941,-0.060336935,0.050118388,0.033942379,-0.137254151,-0.05703396,-0.029924532,-0.023096192,-0.042413972,-0.20406028,0.013160717,0.035493368,0.036803991,0.098905648,-0.035500472,-0.156240795,0.172218205,-0.155380129,-0.010615121,0.074111879,0.033975992,-0.141445833,-0.101993305,0.043643309,-0.109896294,0.002738962,0.001972229,0.06536392,-0.000723284,0.046972574,0.069689147,-0.077671787,0.047062876,-0.015956726,-0.004875035,-0.0630269,0.002019745,-0.14951888,-0.107742066,-0.112158065,-0.047374755,0.003787114,0.013756411,0.086646753,-0.001052052,-0.011534952,-0.052504477,0.081039,0.079206215,0.02115914,-0.008277863,-0.109626321,0.040324331,0.061898051,0.129331862,-0.025174513,-0.064135828,-0.105921897,-0.136048386,0.008744379,0.006990821,0.050919784,0.057425012,0.021552723,0.013021134,-0.05225656,0.002894136,0.13773057,-0.006261782,0.11627687,-0.047629982,0.029956405,0.067506919,0.085871763,0.022662841,0.123117152,0.00669602,-0.004619808,0.074320241,-0.061684475,0.071310527,0.100349062,-0.062690671,-0.099692905,0.132195147,0.142010318,-0.065821101,0.069015784,0.010027999,0.02237824,-0.098242182,0.083156824,-0.071219379,0.022293608,0.019542569,0.082196809,0.108798019,-0.012427139,0.061790856,-0.093259416,-0.071713341,0.000665808,-0.085822077,0.092830739,-0.056413291,-0.182714784,-0.058538197,0.076433762,0.100718529,-0.00448858,0.080852893,0.056801386,-0.100978038,0.022807733,-0.161662196,0.049038482,0.116151964,-0.04005606,-0.024539807,2.55795E-14
02ADL0204,-15.82669977,1.98520433,-4.713574096,-3.913333396,2.371302806,2.81089204,-2.16585421,-1.634241118,-1.912838491,0.542086658,-0.663675628,-0.15191224,-0.1294443,1.475522189,0.395206216,1.003764409,-0.112586269,0.477795836,0.975895027,-0.672645112,0.219312122,0.549178211,-0.004484563,0.797106818,0.213655736,0.150271188,0.350771464,0.92381028,0.16743079,-0.145683426,-0.309618283,-0.019762582,0.465961987,0.181621778,-0.263121843,0.013735745,0.01173193,-0.318568311,-0.106057493,-0.040678132,-0.596918735,0.229335007,-0.27092864,-0.341235206,0.235891328,-0.03531305,-0.360926292,0.030319579,-0.036210786,-0.352960955,-0.266535755,0.028578882,0.088046249,-0.074718853,-0.14014874,0.074677997,0.029308554,-0.331897819,-0.008414991,-0.112299644,-0.028066632,0.072041673,-0.058406108,-0.342159035,-0.077395563,0.150233484,-0.07705484,-0.188824822,-0.119331001,0.172123435,-0.094232782,-0.296335851,-0.13299885,-0.175694174,-0.193837578,0.076437077,0.149536805,0.019987282,-0.181973906,-0.035120843,0.004142239,0.214638185,-0.045573454,0.01663529,-0.099007019,-0.257026632,-0.148750601,-0.094869036,-0.081183001,0.085601287,0.001990298,-0.039745218,0.090721063,-0.165355808,0.088011611,0.107312503,0.114833747,0.019812046,0.064360696,0.077164579,0.010090329,0.29878418,-0.138506485,-0.008833592,-0.055384915,-0.005834966,0.062568025,0.068674035,-0.018138292,-0.136480851,-0.227974173,0.068971739,0.138673705,-0.072950268,0.182076047,-0.088380676,-0.166589722,0.085748206,0.028734117,0.016471125,-0.048478975,-0.017619627,0.008585639,0.008538175,-0.119987676,0.036572782,0.12536209,-0.03890393,0.100637745,-0.041254066,-0.03145227,-0.074597958,-0.011808685,-0.123917007,0.020558074,0.03462856,-0.004981972,-0.018237978,0.021387618,0.021104962,-0.007651232,0.122193206,-0.07720546,-0.025873421,0.0423697,0.033413734,-0.07189123,-0.052464215,0.036453093,-0.087368433,-0.081245832,0.007113213,-0.063945246,0.077656017,0.038679904,0.064197835,-0.002530913,0.011025491,0.062825437,-0.019918203,0.004886419,-0.016971701,0.070936658,-0.046236631,0.093209266,0.056440702,0.039713524,0.103564805,0.050859775,0.048782649,0.039611979,0.023969169,-0.048520056,0.10103074,0.005317667,0.025200445,0.049826879,-0.042796515,-0.019814463,0.027930021,0.007543463,0.052320227,0.03126409,-0.007157119,0.028733026,0.005957272,0.018676459,0.035702536,-0.011461102,-1.16645E-13
02ADL0205,-9.799725953,-2.925262281,11.98690817,-2.235036922,1.46427265,1.963510238,0.263317195,-1.999778327,-1.376308212,1.159354731,-1.555092748,-0.202416151,0.854793098,0.337314553,-0.029355545,1.092195777,0.344342884,0.595688992,-0.284718755,-1.350380474,0.403354526,-0.702601595,0.592188082,-0.551205017,0.163093228,-0.53130346,-0.303620675,0.467240362,0.227071874,-0.22514514,-0.517360413,0.086554673,-0.186249844,0.006864212,-0.115661663,-0.283102088,-0.193696,0.168955707,0.243834687,0.169264869,-0.171652199,-0.301357231,-0.093543643,-0.15052698,-0.123062221,-0.0274401,0.363899032,0.251579126,-0.03624043,0.268235211,-0.211835763,0.136010749,-0.019551986,0.031257532,-0.171446017,0.331606983,-0.087314516,-0.087931442,-0.259230466,0.009515817,0.289939878,-0.298364466,-0.121466674,0.130836816,0.286278703,0.058602364,-0.089194283,0.077039682,-0.076404053,-0.146765335,-0.044613477,0.105671191,-0.153160372,-0.256578906,0.239578523,-0.185682615,-0.091079307,-0.217356564,0.012478016,-0.239133538,0.080868205,-0.023892172,0.031847267,-0.125620557,0.019579655,-0.039975032,0.028581779,0.157715867,-0.051517619,0.214411261,-0.159491404,-0.142865267,-0.363815781,0.018284293,0.207170286,0.169521839,0.038267743,0.103210337,-0.059663565,0.002560305,-0.047721154,-0.257633365,-0.087613243,-0.227464166,0.290674704,-0.033447584,-0.042447395,0.24453014,0.001018227,0.103966006,-0.12889861,0.042209671,-0.06720637,0.006621772,-0.005133835,-0.027264375,0.051553462,-0.039857608,-0.015215798,0.16311526,0.050707974,0.063424868,-0.014761161,-0.001575022,-0.011174291,0.188873765,-0.077364821,0.132315388,0.007962146,0.014411309,-0.024348993,-0.025252782,0.011458438,-0.093979406,0.020447416,-0.117895885,0.050889494,0.038201009,-0.010256528,-0.00429522,-0.075463415,0.040646584,0.027070061,0.067881641,0.016037332,0.002235551,0.079412528,0.026348756,0.068850546,0.005781574,-0.000384562,0.047616404,-0.049534039,0.043444256,0.022618809,0.043574121,0.024510718,-0.020996908,-0.027960783,-0.062573323,-0.004486679,-0.018522212,0.000451732,-0.010568643,0.021349923,0.050229215,-0.012220585,0.017990756,0.005390909,-0.037658584,-0.022630176,-0.004549596,0.025788871,-0.016152618,0.005582314,-0.00069364,-0.000159063,0.042087948,0.036689062,-0.042397262,-0.02804153,-0.000277695,-0.018831934,-0.008122131,0.015190195,0.04069856,-0.025428602,0.020472898,0.011585876,-3.08597E-14
02ADL0206,-1.773969028,0.883703084,-1.736868601,-2.926726357,-4.587711781,-4.381734803,0.748559062,-0.627133574,0.490738889,4.305631436,-2.488338746,-1.11855742,0.178569235,-0.523821427,0.362462814,-0.203191239,0.180580149,-0.226174685,-0.431980761,0.209181414,-0.077364399,0.419933391,-0.579292425,0.029349725,0.467163517,0.108835266,0.040744856,0.321657917,0.06975649,-0.055471182,0.154522715,-0.016282565,0.064584362,0.183275164,0.410196543,-0.13667775,0.100228421,0.075458962,0.332938386,-0.118383534,0.027472697,0.320196614,-0.183275821,-0.1944332,0.083217062,0.154565721,0.046967285,0.009900494,-0.18683285,0.240461281,-0.143462114,0.0469685,0.112344198,-0.102412797,0.166221006,-0.033760257,-0.085503076,-0.003051773,0.216260771,-0.048466208,0.007155057,0.013215631,-0.085594785,0.153029303,-0.214698018,0.324753362,0.005877562,-0.224136649,0.353335502,-0.010563413,0.03690423,-0.193754058,0.004299423,-0.060660856,0.036113108,0.11268627,-0.077114382,-0.099859114,0.078991575,0.003065188,-0.036203677,-0.212012336,-0.104588639,0.007746835,-0.073083841,0.211269656,-0.100610669,0.051295595,-0.050959857,-0.144592991,-0.003062223,0.151781739,0.14785181,0.028682662,0.020385084,-0.214491327,0.059114607,0.059309873,-0.131411921,0.081660107,0.024815248,-0.06519392,0.061113293,0.140402138,0.067965741,0.003859671,-0.21380794,0.206794311,0.120505602,-0.066429767,-0.023242713,-0.090308253,-0.035920941,0.02817677,0.040118147,-0.18716051,0.040564988,-0.173568182,0.040598447,0.029422181,0.022077727,0.039060178,0.074551231,0.093454508,0.047813981,-0.100097788,0.074147128,0.02933182,-0.029525138,-0.105407828,0.000158416,-0.078724657,0.028468349,-0.179684638,-0.183045942,-0.033554835,-0.008611621,-0.018799464,-0.095414621,-0.089942908,-0.072658561,-0.017187068,0.009963626,0.092880324,0.037936985,-0.047871448,0.04807284,-0.040721337,-0.090654065,-0.007678836,-0.052979772,0.043722518,0.014673228,-0.056370348,-0.003868632,0.069872796,0.070656908,0.007049965,0.189497511,-0.031783461,0.012173473,-0.027387962,0.051645071,-0.016823667,-0.062563233,-0.028034214,0.087539399,-0.059888763,-0.080404656,-0.086009946,-0.084156607,-0.036260925,-0.085880308,0.034126219,-0.034417137,-0.023443619,0.089867688,0.028237973,-0.030935525,-0.026817099,-0.094156169,0.036755075,0.019728501,-0.055597265,0.038766086,0.052011086,0.010411903,0.034857823,-0.062645224,-2.63267E-14
02ADL0207,-21.88869448,1.147627386,-0.036530691,-1.984025013,1.600553958,3.54460493,-0.669377073,0.85586776,2.330236222,-1.292278557,-1.958754815,-0.486655845,1.326253435,1.240601372,1.8334686,-0.60518025,-1.742272596,-0.318991964,0.134225977,-0.294944789,-0.564083444,0.224987522,-0.365194954,-0.082114512,0.361617628,-0.154802045,-0.674737679,-0.291492836,0.571283999,-0.264186171,-0.045079115,0.953287501,-0.157182661,-0.425729066,0.245341626,-0.032513626,-0.098133184,0.418958002,-0.043763127,-0.001933602,0.025612232,0.118788043,0.14941829,0.248172471,-0.076173711,-0.146611083,0.096704927,-0.040764829,-0.085165255,0.098665826,0.382431737,-0.076015349,0.009589476,-0.103338069,-0.300133733,-0.216963294,-0.069302669,-0.009058417,-0.064417459,0.065440114,0.263313524,-0.025812857,0.117612563,0.006932901,-0.06339288,0.122549306,0.058016443,-0.106628718,-0.169127002,0.038384585,-0.174968996,-0.011005196,0.033349934,0.115060732,-0.134791215,-0.100961332,-0.122339823,-0.193656404,-0.094469301,-0.025946195,0.008850071,-0.075375531,-0.101830044,-0.006439927,0.107503219,-0.08892595,-0.067861164,-0.013114373,-0.127544279,-0.146275561,0.027768244,-0.067920432,0.047363917,0.152373529,0.006453399,-0.007485372,0.170690226,-0.118961399,-0.077511039,0.132431894,-0.204264866,0.085550168,0.093902783,0.114702144,0.027369737,-0.084419554,0.090865003,0.07427581,-0.144620967,0.035611265,-0.058501607,0.074495418,-0.025599372,0.00132204,-0.041571255,0.125731711,0.141633477,0.210375269,-0.039105943,-0.055429532,-0.180844286,-0.053658247,-0.063417891,-0.01987554,0.024260202,0.020406925,-0.147752091,-0.102577084,0.100331635,-0.107491885,0.005279935,-0.038414078,0.050912165,0.015328788,-0.057124889,-0.007163377,0.01766787,-0.010510715,-0.100172098,-0.123491269,0.069490267,0.008140273,0.089750454,0.134068398,0.149003044,0.022025444,-0.007338767,0.059583174,-0.086738814,-0.065926914,0.09487965,-0.036957141,-0.092586676,0.017421832,-0.15969851,0.043853275,-0.003402565,-0.016341906,-0.012772238,-0.063252187,0.01439056,0.047739241,0.022215038,-0.025481435,-0.06054527,-0.086557337,-0.021913086,0.008707664,-0.075008657,-0.045503733,0.038440925,-0.03388663,0.027074096,0.078235698,0.013915185,-0.051328784,-0.023261651,-0.053253564,0.009663365,0.040897931,0.071857836,-0.011407364,0.04555784,0.031848144,0.041716014,0.0494879,0.041281671,-0.00384248,-0.002412956,-4.03895E-14
02ADL0208,-6.220964831,-2.844428229,0.745976686,-4.715037492,4.949882231,1.614565462,2.903358445,0.279586367,-3.026335941,-1.152835156,-0.270032659,0.196801627,-1.185946673,0.184521504,0.363989075,0.664297893,0.966063842,0.334558619,1.033437216,-0.095317509,0.365150055,0.467869507,0.005011786,0.213759024,0.066231914,-0.338150949,0.266772981,0.576832229,-0.095715427,0.437519777,0.442459708,0.69659959,0.139894793,-0.171332334,0.46307253,0.286668508,-0.33587899,0.838685047,0.471325812,-0.677596769,0.148842831,0.027650997,0.244049731,0.514209868,0.129996114,0.273139445,-0.230688436,0.144439833,0.127721364,-0.261890408,-0.378419966,-0.202558456,0.649597524,0.325373053,0.122924033,0.020457646,0.00184959,-0.025024216,0.316568364,0.120959758,-0.013226653,0.223474297,0.087254417,-0.343291478,0.34180903,-0.203152523,0.261096263,-0.155614699,-0.085370471,0.082261626,0.31481914,-0.016183221,0.305705734,0.081553961,-0.215060908,-0.120961956,-0.174821045,0.156765841,0.186134129,0.167822873,0.19017011,-0.08350252,-0.038999201,0.208707173,-0.012676023,0.230389181,0.048828733,-0.032403885,-0.041134593,0.060297228,-0.028499959,-0.048022519,-0.055676549,-0.05129072,-0.048293686,-0.06058233,0.071410631,0.001050848,-0.007963191,0.024686717,-0.003845919,0.048894005,-0.012957712,0.032978594,0.008427216,0.118939891,-0.017764612,0.129940136,-0.122499393,0.058151202,0.132509166,-0.103285068,-0.100334975,0.148966335,-0.026171485,0.123195014,0.036000646,-0.05370525,-0.019274037,0.073763372,0.032485222,0.012243271,0.040386731,-0.081173205,-0.003737283,0.108414042,0.003589257,-0.01398866,0.00734618,0.020556041,-0.082411366,-0.001523866,0.045718296,-0.053267324,0.014168117,-0.060312723,-0.001844127,0.041078341,-0.03518825,-0.015329112,-0.050365074,0.112367015,-0.024408701,-0.046955887,0.040934716,-0.036325612,0.024410937,0.011787098,0.005352172,-0.018919594,0.064223054,0.024659783,0.046047293,0.038970779,0.018728983,0.068434652,-0.047585992,0.038187432,0.010231933,-0.00750513,-0.036869568,-0.011390315,-0.053372003,-0.012461566,0.037368506,0.028258326,-0.017297295,-0.014325517,-0.033332911,-0.013124465,-0.071780996,-0.052253099,0.048730785,-0.019487294,0.030805856,-0.000816173,-0.002147419,0.019793396,-0.020264104,0.012604081,0.009373466,0.025069484,0.009890168,-0.029477783,-0.012538589,-0.027071656,0.006204041,-0.028968053,-0.004631912,-1.9598E-14
02ADL0212,-14.66564731,2.812061046,-3.193302734,-3.764339842,-2.090091687,1.043781621,0.396669643,-0.493933972,-0.674933634,-1.709974986,0.724088785,-1.60018251,0.309223773,0.56412054,0.932322015,-0.648230582,-0.526250666,0.710033476,0.267704323,0.625233997,0.287191456,-1.322070886,-0.236809951,0.329250779,0.172370794,0.544599095,-0.09417656,-0.27353752,0.157778323,0.352352421,-0.479393734,0.644492793,-0.076711061,0.042186051,0.136795883,0.093442567,-0.182051449,-0.017130672,0.094289654,0.193670332,0.141627317,0.275859889,-0.072771765,-0.053382136,-0.031468014,0.102313077,0.013241164,0.152990875,-0.200988458,-0.065355292,-0.152400298,-0.121901911,-0.031366032,0.158564913,0.13919249,-0.189026004,0.190341666,-0.012846937,-0.26472283,-0.335919363,-0.064527409,0.145765098,0.111903433,0.190477455,0.094062841,-0.115405778,-0.123402547,-0.015767166,0.230971735,-0.007971629,0.080234294,-0.049623395,0.094707602,0.020550054,-0.24775376,-0.071804817,0.032333078,-0.153428785,-0.128523297,0.045002975,0.212948869,0.05745665,-0.115488051,0.002106063,0.129376983,0.082062425,-0.086079826,0.070305079,0.128143152,-0.04245206,-0.061836817,-0.147455167,0.025236865,-0.121181112,-0.144893386,-0.090688508,0.029021621,-0.074591279,-0.013521562,-0.147545695,0.029876585,-0.047075462,-0.072452999,-0.07871356,0.03055252,-0.019738115,0.070252642,0.023973618,-0.033781575,0.046977287,-0.02030129,-0.255205669,-0.071877376,-0.134940352,-0.243775968,-0.07299481,-0.013440684,-0.200897586,-0.014291975,0.003945224,0.126241683,0.046933213,0.021517344,-0.05975959,0.023852722,0.005925152,0.071588435,0.032057412,-0.116365429,-0.043675704,-0.033207146,-0.043573687,0.014545859,0.087522242,0.009746425,-0.043790525,0.023669412,-0.036653127,0.047511125,0.040547578,0.045543633,-0.098598062,-0.022171046,-0.012313203,0.009674253,-0.092029329,-0.038844595,-0.04317825,0.118112851,-0.058046914,-0.119383097,-0.05954703,-0.076353541,0.072547792,0.028210078,-0.082866992,0.020989223,0.012708294,-0.024207501,-0.019927787,0.108689065,0.041278365,-0.073572484,-0.199027475,-0.103064612,0.055905584,-0.038379785,0.046572041,-0.008070682,-0.092116876,0.129786843,0.046034268,-0.063060248,0.092357057,-0.033350567,0.072491813,0.002622832,-0.056535428,-0.003894088,-0.012022569,-0.028405732,-0.02078202,-0.138496865,0.081905309,0.036539814,0.014249077,0.015774831,0.047282932,0.011467324,-4.49609E-14
02ADL0213,-18.67583448,-2.019987711,8.496371998,-1.505917383,3.820784102,1.238017915,-0.391073917,0.725661297,1.24070282,0.416494838,-0.497871605,1.943865892,0.408965273,0.884677295,-0.113594462,0.156266305,0.400689649,-0.61664115,-0.279270988,-0.342231881,-0.899231083,-0.550322018,-0.533124235,-0.455644009,0.583832943,-0.157627183,-0.644254156,-0.035075281,-0.033928808,-0.117137621,-0.209500924,0.113444429,0.024587595,0.045959113,0.207245705,0.468406039,0.068430374,0.434091412,0.175278136,0.528848362,0.013864931,-0.419294849,0.10345524,0.387827916,-0.004927076,0.320079521,-0.124181651,0.281243616,-0.380846376,-0.039674407,0.021097462,-0.008032373,-0.104835965,-0.252710393,-0.150314502,0.080578312,-0.169747141,-0.001254679,0.055532355,-0.220437527,0.014427744,0.419762615,-0.354020128,-0.241719373,-0.359339265,0.083592033,0.143154308,-0.003859575,0.017817521,-0.121793852,-0.13828445,0.102137203,-0.097946394,-0.303041545,0.193621606,0.033736681,0.02329017,0.049270522,0.043213532,-0.035415463,-0.00748176,0.024800609,0.132300116,0.285630734,-0.093929648,0.134126976,-0.154690374,-0.192259146,0.13034652,-0.150097777,-0.259415002,0.19550876,0.027409433,0.094413532,-0.062394473,-0.050595889,-0.109873063,0.162944941,0.022089903,0.094709353,-0.027824917,-0.050432776,-0.046310351,-0.015806252,-0.047776324,0.008735442,0.080221042,0.038399663,-0.032812426,-0.025370232,-0.097969226,0.007208483,0.033762689,0.069891368,-0.112409641,-0.001485004,-0.201819818,-0.031556981,0.090283415,-0.052677015,0.08205822,0.112747824,-0.06094557,0.142937815,0.163182992,0.070247969,0.044029018,-0.113638888,-0.008343782,-0.063187481,-0.006447434,0.079291335,0.017783306,-0.015840138,-0.017242115,0.09382395,-0.111971697,-0.016491237,0.091308843,0.065001261,0.091388884,-0.0678842,0.000784984,-0.044424086,0.030487923,0.034452951,0.075616023,-0.080845597,0.013020667,0.05944122,0.03051342,-0.002892567,0.130735556,0.025099087,0.063253273,-0.043515436,0.026858436,0.055011922,-0.060161054,0.039650763,0.068171849,0.03362483,-0.044498716,-0.011934845,-0.053004367,0.012369738,-0.00859453,0.116052363,0.009841222,0.033053518,-0.006260132,-0.052654386,-0.035379846,0.043619677,0.012257945,0.022726899,-0.019829387,0.014403387,-0.033094964,-0.048285764,0.089818473,-0.015006309,-0.024587938,-0.05397839,0.008750975,-0.04304218,0.04668195,-0.031796413,-0.027102939,-3.41203E-14
02ADL0216,-11.30904523,2.558660581,0.857735632,-1.599897719,-3.710745002,0.01234252,1.503962655,2.557593844,-0.296641097,0.927823473,1.309182966,-0.740474678,0.08188539,0.315413474,0.901783983,-0.116106122,0.699217817,-1.029905947,-0.264298302,-0.381748629,0.793768542,0.487152744,-0.531704486,-0.613755572,-0.06811216,0.282538359,0.617518967,0.073900092,0.334790418,-0.008407506,-0.158356201,-0.475534201,-0.341646564,-0.198080905,0.205966213,-0.092964178,-0.064934078,-0.269218064,-0.105392486,-0.141905696,-0.618275572,-0.060324867,-0.04978134,0.091484018,0.070517684,0.057732308,-0.200296121,-0.190627881,0.458027056,-0.034831038,0.4628489,-0.042749953,-0.072354095,-0.285170982,0.210983953,0.308223465,-0.218896215,-0.058721951,0.021806583,-0.229223311,0.05538701,0.146080697,0.032648601,-0.159344186,-0.139483871,0.055120972,0.131751261,-0.020863789,0.109664018,0.087666418,0.023544401,0.090600844,-0.107209968,-0.108425506,-0.141276292,-0.025878273,-0.001950567,0.018193531,0.022112746,-0.067525266,0.058100283,-0.063628414,-0.002008075,0.099957497,-0.052163088,-0.095271874,0.17740589,0.332894752,-0.070291499,-0.002097013,-0.126856364,0.152985554,-0.137008878,-0.050873009,-0.048264096,-0.002985404,0.238250455,-0.03306142,-0.272557635,-0.036241152,0.05421085,0.182422011,-0.029473991,-0.008233501,0.161512523,0.132196608,0.00962894,-0.13246684,0.323430804,0.264781519,0.062034636,-0.056921176,-0.032677868,0.079280245,-0.035897035,0.079630213,0.025212101,-0.002425086,0.019102585,-0.101541862,-0.129064397,-0.017193655,-0.013946813,-0.021699034,-0.129034103,0.180578491,0.025560879,-0.177044406,0.022349693,-0.039485662,-0.120300609,-0.06082295,-0.018446325,-0.048324515,-0.002911358,-0.077424615,-0.010007287,-0.000459645,-0.037328258,-0.06775656,-0.03964436,0.031916945,0.111008865,-0.041828022,-0.102492502,0.045276984,0.070043076,-0.077159193,-0.028954466,-0.043540395,0.006562674,-0.074868915,0.031973264,-0.044003693,0.086415791,-0.010404195,0.117625117,0.019191348,-0.090632405,0.058313276,0.095654965,-0.003854796,-0.098369764,-0.002187113,-0.055812474,-0.043747517,0.009271441,-0.003716033,0.072121183,-0.01314466,0.038963027,0.030047439,0.009174295,-0.015837103,-0.01876355,-0.010625012,-0.028208709,-0.041270233,0.018463376,0.056292447,-0.005062434,-0.017716916,-0.023687315,0.03647154,-0.002426943,-0.027472741,0.010185402,0.003092994,0.035740657,-2.84599E-14
02ADL0221,-21.68659364,1.205850653,10.70224091,-2.17791707,-2.111129022,0.6928379,2.059882059,1.239314122,0.625501338,1.822831397,-1.337095917,-0.192205323,0.248648605,-0.036163092,-0.96857647,-0.375476496,-0.006803318,0.170896648,0.317261968,-0.428001424,0.251377014,-0.612950805,-0.270461011,0.379991455,-0.01940491,-0.623530135,0.599350148,0.276692882,0.203061112,-0.436188822,0.129641061,-0.103527742,-0.860300443,0.029080611,-0.409086754,-0.033859323,-0.404192988,-0.037685277,-0.287894602,0.0807054,0.049410484,0.165478262,-0.153210485,0.21780971,0.159153327,-0.485212532,0.59124038,-0.29244007,-0.062252332,0.017604461,0.117895224,0.068986721,0.062378671,-0.35579237,0.22153613,-0.124877349,0.151484671,-0.110757681,0.159628792,-0.119677461,0.081986623,0.182651001,0.069070797,-0.08847789,0.049400405,-0.212609562,-0.304067135,-0.026157009,-0.082439037,-0.204390867,0.174067475,-0.043512177,0.16815534,-0.020609952,-0.221004954,0.039765461,-0.481118639,0.030542969,-0.143284486,0.071385132,-0.184894752,-0.211027656,0.159181638,0.026607999,-0.073899223,0.159087442,-0.016440623,-0.002939706,-0.082533532,-0.022438314,0.131336789,-0.113228334,0.011067418,0.118765784,0.052524808,0.09671019,0.049377195,-0.101502933,0.048306228,-0.010377047,0.087848608,0.014025659,-0.119338747,-0.024282788,-0.220439743,0.014016247,0.09964131,-0.113725832,0.024163568,0.051413144,0.007991532,0.163767474,0.069708088,0.066675268,-0.094501032,-0.088352381,-0.071769516,0.17111666,0.013538966,-0.061756865,0.221261108,-0.072927452,-0.039991701,-0.09751333,-0.117802393,-0.065170297,0.034166656,0.046399722,-0.016299883,0.105119314,0.076768385,0.034240811,-0.074955329,-0.052148463,-0.163362566,0.046562264,-0.034191155,-0.067305687,0.080739517,-0.087885911,-0.010636777,0.028404871,-0.033684376,-0.016975057,-0.01749173,-0.050393494,-0.07048651,-0.053899538,0.066346199,-0.026086667,-0.023530304,0.074527117,-0.014445021,-0.045771573,0.068145359,0.017308262,-0.030833959,0.061653044,-0.018820115,-0.013523932,-0.039861453,-0.032635695,-0.061482088,0.04750949,-0.05985718,-0.047111583,-0.003641491,0.124037114,-0.081011421,0.003210198,0.004498351,-0.052943698,-0.038131918,0.010543325,-0.007867952,0.027386643,-0.036368034,0.083447396,0.037175394,0.025734726,-0.048836636,-0.003637614,-0.014445459,-0.011579373,0.021333385,0.016066609,-0.009502723,-0.006324084,0.012345468,-4.1076E-14
02ADL0222,0.233732542,-2.668176755,6.317232984,-0.436184253,2.400658211,-1.758860593,-0.674988809,0.875526089,-2.975440789,0.858995833,0.001583967,-1.130785848,2.699852697,-1.524370883,0.39538692,1.01955208,0.689032598,-0.31451567,0.266867847,0.623997269,-0.107978119,0.116376301,0.244594287,-0.686938898,1.251555633,-0.914809013,0.842088956,-0.285082054,0.338345244,-0.79250275,-0.214552764,0.130598614,-0.006585836,-0.06502551,0.037643249,-0.58234623,-1.035971614,0.411217534,-0.477888402,0.111724055,0.08230527,-0.176879819,0.188097633,0.035146521,0.010249373,0.270776398,-0.116966218,0.232711958,0.228207532,-0.007515748,0.292936814,0.431104261,-0.115125075,-0.053683073,0.102009489,-0.10920392,0.221448015,-0.04432866,0.010185677,0.031206051,-0.355340689,-0.069264816,0.089468084,0.209581739,-0.020149174,0.27236729,-0.154968556,-0.253705594,-0.023433005,0.292813561,-0.109200408,-0.094497142,0.239007704,0.14986189,0.176777611,0.208073629,0.011772021,-0.081030633,0.150660002,-0.030833717,0.249519103,0.097647994,-0.142220439,-0.174706871,-0.237283559,-0.088585538,0.007094084,-0.111546387,-0.229584749,0.013841826,0.064850343,-0.012172572,-0.064849091,-0.064401975,0.032625149,0.152075127,0.023296344,0.126291237,-0.048375048,-0.045356439,-0.215727439,0.085168104,0.053599768,-0.005305295,-0.011122431,0.026948074,0.025099163,-0.100385235,-0.020504666,-0.132794847,0.081710742,-0.059214282,0.035161903,-0.027227977,-0.112967471,-0.057169886,-0.075252919,-0.072581246,-0.030262921,-0.112959354,0.0461028,-0.03185098,0.04687221,0.107457213,0.009572927,-0.035338844,0.019790467,-0.161764927,-0.058712288,-0.001815811,-0.029954094,0.010629542,0.049363015,0.037768245,0.022531524,0.011104624,-0.050561121,-0.033337108,0.133212922,0.069900332,0.013701069,0.061862508,-0.047660356,-0.089088799,-0.017285673,-0.053130695,0.023772956,0.042887931,-0.014259975,0.054105525,0.009389867,0.003632282,0.01116782,0.030227502,-0.082277434,-0.006196423,-0.039704595,0.010454104,-0.016282778,0.00054988,-0.074424457,-0.010975883,0.009428554,0.013391623,-0.015660951,0.004950001,-0.027610136,-0.014776599,0.001664391,-0.043195679,-0.012576015,0.018908639,0.027274132,-0.007685079,-0.047073462,0.018782982,-0.04936115,-0.029066904,-0.006926417,-0.004953793,-0.018011198,-0.001784253,0.001669713,0.033481176,0.003792024,0.009646992,-0.011680932,-0.009175803,-0.040949752,2.63409E-14
02ADL0224,-4.902173514,0.191484414,9.312934063,-2.233089342,-2.610212828,-2.400263339,0.354198391,-2.606561581,0.036695849,3.355977243,1.539639457,-2.335927605,2.125841494,0.196414295,-0.193622042,-0.151077723,0.060164773,-0.611730802,-0.513139163,0.990957947,-0.248053506,-0.120021583,0.020327741,0.611990866,-0.413289499,-0.017160825,0.892764784,-0.636241391,-0.102112707,0.085002413,0.249410259,0.348544888,0.198719257,-0.08040062,-0.109102236,0.456212008,0.668561946,-0.514447047,-0.510242649,-0.124040261,-0.375206401,0.238439363,0.078797504,0.251481795,0.271610965,0.250574246,-0.160152282,0.549051933,-0.338734531,-0.088734878,0.06352248,-0.104938185,-0.069697418,0.073207321,-0.289690722,-0.047082768,0.224113064,0.102493458,0.185549816,-0.070726812,0.011211742,-0.073842804,0.064367214,-0.206436671,-0.020466568,0.050180864,0.200540183,0.216735368,0.107483059,-0.144246399,0.232096316,-0.183066582,-0.07979695,-0.076251357,0.199063173,-0.103246492,-0.077511332,-0.147214574,-0.154105028,-0.030743845,-0.226984588,0.103085519,-0.013830165,-0.08317429,0.104994746,0.046848803,-0.008325339,-0.110402022,-0.055453107,-0.039763853,0.009490517,0.003455591,-0.05620186,0.142160635,0.120040503,0.162236335,-0.047072284,-0.068887732,0.121177812,-0.060405865,-0.162193243,0.122174745,0.008368722,-0.06927495,-0.025290539,0.246274593,-0.009202434,0.051728011,-0.241876775,0.035230928,0.123214408,-0.087400647,-0.039590833,-0.067864946,0.002428347,0.011402283,-0.073279238,0.008605286,0.066865834,0.123508006,-0.113414067,-0.027354391,-0.088372831,-0.090608189,-0.021413738,0.129123923,-0.033443918,0.018780939,0.047291375,0.058347517,-0.005364993,-0.078726425,0.04242603,0.011918513,0.010592378,-0.072112856,0.023527812,0.075503865,0.019430982,-0.077410252,-0.022499658,-0.034434572,-0.01640578,0.015253902,-0.109153639,-0.009392387,-0.063882895,0.02624203,-0.081875131,0.063653498,0.06986361,0.04961819,0.045024261,0.041883883,0.005207835,-0.092183475,0.029727015,-0.005707,0.030204696,-0.01291401,-0.043605406,-0.081022168,-0.093636015,0.01839859,-0.010838235,0.017077107,-0.053420191,0.001704277,-0.015613939,-0.028395899,-0.007452405,0.028582316,-0.03473734,-0.019965195,-0.074312813,0.007823341,0.054080477,-0.034042368,-0.074122008,0.031960404,0.012838431,-0.02071304,0.016236605,-0.029964996,-0.037296144,-0.008472357,0.052661304,-0.043959961,0.00580465,1.66065E-14
02ADL0226,1.546371828,-0.863967974,1.968963692,-1.305262836,-0.810318812,3.708068634,0.306595372,1.282070578,-0.683709957,1.939431078,-0.86378053,-0.58119032,0.130540703,-0.05976569,1.088251643,0.433904651,0.293781321,-0.226831056,1.336498906,1.177063932,-0.020388211,-0.294187993,0.099476664,0.286074213,0.004776187,-0.073343957,-0.247335181,-0.317408708,-0.229270604,-0.028556469,0.059778847,-0.683123409,-0.055771648,0.836353701,-0.546974813,-0.186274192,0.108174524,-0.235731562,-0.195115416,-0.193854575,0.216840222,0.114766872,0.10895554,0.007789885,0.001020251,-0.257891445,0.145457139,0.179239286,0.178108313,-0.075780026,-0.030715266,0.329848514,0.100175142,-0.226844492,-0.149918779,-0.007277352,0.211417557,0.160161386,-0.133812635,-0.17962165,0.030666072,0.23383298,0.005369972,-0.018162371,-0.162018482,-0.024503151,0.144728157,-0.05807141,-0.245922435,-0.165265895,0.080703086,-0.061575169,0.124059297,-0.141031314,-0.10300874,0.006910776,0.211726518,0.00509179,0.224652084,0.015413078,0.126109016,0.039137242,-0.023603742,0.240760068,-0.06368245,-0.260591822,-0.088945669,0.0148856,0.222161512,0.213161649,0.102900132,0.005962544,-0.028190465,0.127196028,-0.053438774,-0.075829752,0.072239425,0.092991534,0.20485984,0.045085544,-0.239089301,-0.018226403,0.094293681,0.101437017,0.064996482,-0.115909146,0.156365047,-0.085313475,-0.02750271,0.030219889,0.025227609,-0.046440089,-0.085278665,-0.110406386,0.093348457,0.041404549,0.117840659,0.042073022,0.052709139,0.034825194,0.050029193,0.086378835,-0.021070739,-0.084291503,0.042026442,0.035101859,0.033134648,0.071310662,0.003094453,0.088471993,0.028305535,0.011212957,0.010020603,0.044097085,-0.067464662,0.064791791,0.006783145,0.048054259,-0.105147722,-0.006236333,-0.000212106,0.014571269,0.176370438,0.084151763,0.085130682,-0.138901408,0.141801403,0.027993895,0.006100311,0.045152458,0.01297685,0.035228752,0.076528212,-0.052230709,0.096252529,0.03060453,-0.011897417,-0.116687731,-0.054669401,0.162785928,0.054200707,-0.078299162,0.041363911,-0.054291086,0.01477907,0.019800769,0.121460575,-0.054618487,-0.034273336,-0.027161769,-0.029974811,-0.076856845,0.038889253,-0.019252117,-0.114630165,0.047806562,0.047261096,0.042451227,-0.030879,0.026581203,-0.006957809,0.011142794,0.006728591,0.098190288,0.021099765,0.005099968,0.021433988,0.021911186,0.008651683,2.04993E-14
02ADL0229,22.11610618,-3.763562182,7.816309083,-1.846806713,-2.18312711,3.651945815,0.112544212,-1.333288129,0.262161863,1.291413997,-3.183553474,0.686250022,0.386001313,-0.281326721,1.767726193,0.154332849,0.063891508,0.573993709,-0.410399909,0.271833732,0.535325104,-0.365032011,-1.433604077,-0.123027974,0.01035993,0.485617071,-0.163117963,-0.102535476,-0.416175524,0.355058451,0.998443901,-0.317074241,-0.074987674,0.270176181,0.105597416,-0.421678864,0.041183248,0.130615971,0.160977285,-0.054286941,-0.238947392,0.535322677,-0.00229781,-0.44550787,0.287302295,-0.147930992,0.110713302,-0.179790448,-0.272936644,0.115250234,0.137938741,0.028538836,0.015449851,0.48973783,0.043839355,-0.216810542,-0.106549204,-0.261668106,0.131345942,-0.079823902,0.0662931,0.142415664,-0.058830869,-0.001070967,-0.034455697,0.081956259,0.07392037,0.01527855,0.126438385,-0.160878215,-0.172637739,0.233853942,-0.158934508,0.170035056,-0.165119447,-0.214103845,0.017889238,0.089399091,-0.107803942,0.047458858,0.220480612,0.122472797,0.093026781,-0.028849034,0.057391612,0.102855449,-0.191939459,-0.113564317,-0.121281499,0.060405975,0.088099338,0.071134237,-0.090570962,0.02240413,-0.046221618,0.016979081,0.05077991,-0.167347574,-0.330873984,0.108186471,-0.047312956,-0.044510646,-0.136869171,0.029789616,-0.009274883,0.130635982,0.053440636,-0.137024527,-0.014758334,-0.055191735,0.11216928,0.016316047,0.063961268,-0.058824214,-0.055909674,0.129517809,-0.038541612,-0.044620788,0.138073632,0.03591309,-0.015920657,0.040834284,-0.180485948,0.118002592,0.034594574,-0.031029129,0.000889342,-0.098847224,0.003263396,0.036251748,-0.014536823,-0.00379796,0.000351841,0.018698083,-0.00157151,-0.024270451,-0.020925056,-0.030038631,0.034973883,0.067868572,0.023229362,0.01659103,-0.043557967,-0.000346943,0.009395896,-0.013453278,-0.109174759,-0.018273406,0.077632671,0.10292237,0.003009383,0.041307236,0.014102892,0.081257384,-0.045498789,0.008522936,-0.008479443,-0.065557254,-0.064402259,-0.007100261,-0.02130034,-0.072709886,0.115909105,0.044755608,0.105398524,0.044403127,0.000544781,-0.026303681,0.085700176,-0.027347145,0.035844141,0.00918452,-0.002947293,-0.124707017,-0.00846331,0.006500914,0.005469036,0.009479566,0.081560095,-0.072593663,0.010864828,-0.006601584,0.00584233,0.014844276,-0.046031841,-0.001876538,-0.002941547,0.010137956,0.038713058,-3.14527E-14
02ADL0230,11.40560857,-4.479337107,-1.913064423,-1.807800953,0.612567617,-2.874162969,2.64265374,1.001762612,3.185516091,1.614493882,-0.523327793,-0.73861908,-0.934454763,0.386196407,-1.179650822,0.99205748,-0.800261913,-0.393828261,0.870209076,0.633663348,-0.4384556,0.335982545,0.353320102,-0.092717878,-0.648001819,-0.671057098,0.201356641,-0.154111761,0.402788729,-0.07284278,-0.418523054,-0.09560609,0.247987307,0.227629321,0.296455051,0.202096562,-0.078678398,-0.271196892,0.094770221,0.12264809,-0.057550681,-0.203234486,0.16865435,-0.304674042,-0.016235139,-0.298639239,0.092647931,-0.502215725,0.350722167,0.239868209,0.119957317,0.044078528,0.048906815,0.027819146,0.030018048,0.074553576,-0.233814234,0.194754608,0.087554258,0.066611649,-0.133110023,-0.015542014,-0.017191093,-0.087138317,-0.114345378,0.120857002,0.244498241,-0.228285263,-0.061389894,0.121247738,-0.060042655,0.122059926,0.079584699,0.045883365,0.047160965,-0.01084306,-0.283733975,0.026623001,0.10163575,0.055621985,-0.125717369,0.064115153,0.002147085,0.057846112,0.292914256,-0.106787743,-0.059016956,0.040307213,0.176518288,-0.12583748,-0.128583261,-0.225104744,0.330241415,-0.010217059,0.090677564,0.092199574,0.118353025,-0.097205542,-0.045730047,-0.075411514,-0.085862146,0.050506283,-0.01732953,-0.199279948,0.235012394,-0.073105709,0.094305047,-0.036575367,-0.061417334,0.062903834,0.057298478,-0.040326572,0.057436356,0.02451626,-0.13190376,-0.032349921,-0.041741276,0.022952434,0.059818488,-0.000241519,0.105544599,-0.076808364,-0.086188247,0.159512333,0.12986909,0.145477507,0.025755168,0.097713509,0.04850201,0.088899224,-0.037864024,-0.087887975,0.04760177,0.130297866,-0.053183153,-0.054383243,-0.098275271,0.094253939,-0.061023346,0.08324747,0.071819314,0.049134428,-0.07919035,-0.125311965,0.015526797,-0.051651517,-0.084899892,0.031676001,0.11725277,0.076956988,-0.086350785,0.027429393,-0.02937944,0.047050026,0.019550192,0.0632816,0.066726132,-0.024067635,0.015386447,0.016205016,0.072926099,-0.022853101,0.098605194,-0.012929512,-0.001892472,0.069640411,-0.055855544,-0.010270242,-0.064873944,-0.04427081,-0.099285649,0.054741762,-0.026138941,-0.020621973,0.085831367,-0.01137662,-0.003218232,-0.073812381,0.002370176,0.022807184,0.019496283,-0.026170299,0.043416492,-0.059642549,-0.00160902,-0.023583124,0.006871263,0.018104114,-0.013131065,-6.776E-15
02ADL0231,0.021898868,-0.982532854,9.138358693,-2.915757767,-6.265547487,-0.785059188,0.974117971,-3.14878714,1.357768193,0.424594311,0.487444486,0.420359832,-1.177529899,-0.671212441,0.858084078,0.771903994,0.04484728,-0.591249787,-0.835886292,-0.949539512,0.103424635,-0.447902621,-0.380320135,-0.928282822,0.240065331,0.323017146,-0.323181157,0.218318902,-0.552183461,-0.121841174,-0.540150325,-0.517205148,0.128501716,0.351711208,-0.164569109,0.604224219,-0.077567068,0.148551396,-0.286044239,-0.035905542,-0.037551917,0.208951981,0.004451977,-0.022424156,0.148755076,0.228545209,0.134815856,0.013646991,0.061505275,-0.294207181,-0.200303631,0.165563117,0.032997709,0.099144145,0.135507242,-0.186136373,-0.029269332,0.172754641,-0.100893901,-0.03071397,-0.004605924,-0.043753936,-0.146695899,-0.129103218,-0.033516479,-0.10874786,-0.040479256,0.119715119,-0.049020109,0.253218051,-0.072396419,-0.076746686,0.072479725,-0.118574352,0.042543596,-0.093278704,0.181063992,-0.096580596,0.012261632,0.277178828,-0.054547397,-0.407439866,-0.013401428,0.058645558,-0.03823614,0.054711968,-0.074490387,-0.071760249,-0.129907325,-0.185955507,-0.210864996,-0.129642475,0.274305102,0.040378479,-0.018632076,0.061241795,0.018884442,-0.11876767,0.068489065,-0.018992834,-0.135774294,-0.079951844,0.303592804,-0.038735849,0.057076774,-0.043640964,0.132961426,-0.055116156,0.056221414,0.015764039,-0.035479519,-0.047777263,0.060626449,0.02623207,0.174868603,0.027956797,0.105133376,0.11448141,-0.227383005,0.074939201,-0.041489467,0.044831088,-0.009466245,-0.130301116,-0.007324808,-0.122390285,-0.117014812,-0.134723528,-0.057933979,0.035603626,0.026971651,-0.02229266,-0.058029538,0.030272697,0.128988778,0.030967537,0.059384574,-0.07728498,0.087334225,0.013624976,-0.094551953,0.207508219,-0.043898035,-0.063382515,0.004797642,0.061845371,-0.024023425,-0.01081937,0.081226293,0.019518841,-0.035008162,-0.111588321,-0.031408119,0.015860655,-0.074657804,0.031120514,0.016570149,-0.027925449,0.033831599,0.008983344,0.044459407,0.004158398,-0.076576205,-0.006118685,0.068197621,0.047302068,-0.061474646,-0.046753632,-0.061231777,-0.046431226,-0.013374071,-0.006916179,-0.03617449,-0.040473687,-0.048987991,0.015717595,0.022633479,-0.008848078,0.021571594,-0.023832308,-0.001214873,-0.03271408,-0.022589874,-0.009311639,0.025794118,-0.045853444,-0.011526371,0.02869702,-0.017580268,1.97328E-14
02ADL0232,-13.18887348,-4.692929612,7.526930904,-3.831404909,7.156367775,-5.969849531,3.438002549,-0.003115589,2.746499826,-2.09823563,0.369868676,-0.975971628,0.211823718,2.244660753,0.514734959,0.638624267,1.356574802,-0.896814115,0.486167595,0.350879178,1.061245323,0.193480059,0.101344701,-0.445686696,0.45622234,0.494447384,-0.300717388,0.077319261,0.065709588,-0.778042957,1.082106966,-0.154736919,0.519561133,-0.063292605,0.580820494,0.230723616,0.388219181,0.518287729,-0.247714642,0.260340717,0.533023711,0.005244541,-0.446077599,-0.857516513,0.125307155,-0.251737201,-0.133925815,-0.391331805,-0.155002856,0.089620319,0.09484577,0.407562123,-0.335878686,-0.064903775,0.091617819,0.19618465,0.024636771,-0.287879353,-0.142645896,-0.094253403,-0.013435419,-0.18073286,0.119680886,-0.120128124,-0.096343902,-0.205055078,0.23757122,0.264171771,-0.087491339,0.16779258,-0.120994885,-0.027913218,0.163311042,-0.106892734,-0.225567698,-0.176341114,0.141734145,-0.081147995,0.096506428,-0.203872964,-0.140331854,-0.11040942,-0.019702159,-0.249505227,0.00403983,0.066498165,-0.061513708,-0.007120898,0.069310803,0.153886042,-0.113976107,-0.062361568,-0.015239359,0.018115364,-0.106194627,-0.056884065,-0.057575499,-0.060525377,0.094014084,-0.186812987,0.030995286,-0.019121889,-0.025647393,0.050043632,-0.1972296,-0.003920757,-0.009458584,0.052032078,-0.011211546,-0.083408468,0.032926404,-0.037365333,-0.049955044,0.041572704,0.001193041,-0.069546998,-0.004488197,-0.00820898,0.08842779,0.011409007,-0.028269822,-0.050888535,0.068181838,-0.029410638,0.006393973,0.033922525,-0.03320481,-0.002204242,0.01551557,0.004137809,0.070492016,0.050522589,0.044076782,0.014354102,0.01459523,-0.008482682,-0.012216899,0.018418871,-0.06646341,-0.022860259,0.011738605,-0.008587143,0.046820167,-0.026517134,-0.065027216,-0.030761081,-0.028592529,-0.009138158,-0.031336224,-0.042400257,0.014111776,-0.022091996,-0.037349313,-0.014040402,-0.014323957,0.014165009,-0.04384241,-0.007446529,0.008308441,0.022128281,-0.027696412,0.004127887,-0.018878294,-0.024978395,-0.006763684,-0.024540689,0.04673983,0.012021103,0.019083723,-0.018459936,0.002177552,0.01051793,-0.011293439,-0.010772718,-0.006651198,-0.002104933,-0.012258266,0.023325424,0.028027094,-0.004098475,-0.012097938,0.001294009,0.016666509,0.00363003,0.004081109,-0.015216971,-0.015318813,-0.019236449,0.010698537,-5.17289E-14
02ADL0234,4.989615085,-1.400812125,4.673786151,-1.939904175,-2.40474244,0.155654168,1.373360104,-1.624092038,-0.251749285,2.822603819,-1.583996314,0.318376972,1.49683117,0.086944738,0.488872326,0.630162776,0.039593156,-1.240076913,0.440865804,0.037065088,-0.505922584,-0.05898001,0.647009851,0.074576574,-0.184823786,0.026041882,-0.435363418,0.139304303,0.329154237,0.216948975,-0.327262129,-0.288135156,0.133282819,-0.019309706,0.332575197,0.163929137,-0.452554176,-0.223334755,0.151763385,0.253118646,0.109327569,-0.058081855,0.310024356,-0.120559754,-0.262229329,0.133178835,-0.318529718,0.080672785,-0.062450028,0.044406511,-0.316828759,-0.141108211,-0.041186191,-0.062247196,0.025850368,0.107881013,0.167422545,0.053109175,0.142479039,-0.039144428,-0.101213122,0.015874766,0.011358682,-0.199255165,0.015188698,-0.035221937,-0.12676818,0.128082636,0.06845339,-0.014777681,0.106280833,-0.131206685,-0.062611866,0.134982211,-0.010368548,0.123184075,-0.229748406,0.138139501,0.168692051,-0.073684036,-0.034535256,0.004458324,0.085050316,-0.0877872,0.10002483,0.029089504,-0.19892529,0.122448217,0.069987252,-0.187310037,0.067601871,0.121782444,-0.080668556,-0.075323485,0.072623252,0.028136573,-0.094465722,-0.053677726,-0.009474156,-0.079148158,0.061410782,0.055200075,0.050188164,-0.043117067,-0.078474759,-0.013293763,-0.031472588,-0.101144263,-0.030927208,0.032215934,0.015059086,-0.00277077,-0.05425146,-0.080696624,-0.130443925,0.151309749,-0.137973948,-0.013066881,-0.035522797,0.066873476,0.042957031,-0.051761672,-0.124483822,-0.040681225,0.078118852,-0.126142897,-0.027479696,0.038625612,0.139705098,-0.054210652,-0.091628193,0.053095615,-0.173184133,0.05602045,0.054901339,0.064585996,0.060603543,-0.05140007,-0.103005669,-0.08719493,-0.059812567,-0.035813158,0.048875733,-0.106862871,-0.173887761,-0.049322314,0.039703587,0.106461639,-0.023617249,-0.189889255,0.094628735,-0.120681549,-0.024907937,-0.13315981,-0.001580075,0.079242026,-0.08408761,-0.130474515,-0.04300215,-0.087126609,0.052193291,0.128593796,0.096607797,-0.025272858,0.090304802,0.042948249,0.106878596,-0.014150868,0.009118311,0.061526928,0.086242069,-0.019805799,0.094177188,0.074669128,-0.041914631,-0.073085384,0.006525843,-0.03589442,0.070355453,-0.05897902,0.002231851,0.071271724,-0.056147261,-0.038686856,0.004680472,0.010470292,-0.069946295,0.016533845,0.015346813,7.07759E-14
02ADL0235,-4.844055322,0.129101908,-3.14104989,-1.539905194,-1.154727766,5.107437495,-0.541915039,0.877354505,-0.972310124,2.95638273,0.119292707,-0.265031904,0.282486114,0.154066512,-0.24348301,-0.455047531,0.134331194,-0.356803687,0.064853145,0.022881764,0.371084195,-0.115587302,-0.159058809,-1.146138509,-0.034720211,0.307857292,0.158561032,0.016804222,0.0808395,0.235107937,0.599673318,0.009570284,-0.333975621,-0.200935221,-0.322611302,0.448591433,0.113313662,-0.229802356,0.94644708,-0.161751595,0.361255279,0.020046064,0.094994093,-0.192686816,-0.179198771,0.011326366,-0.075077867,-0.261258396,0.34491435,-0.293615599,0.182009962,0.139346262,-0.160532886,-0.09120028,-0.025680882,-0.117410484,-0.011340039,-0.012210916,0.034292298,-0.204956036,0.223362413,-0.048294758,0.036174241,-0.00042105,-0.255042993,0.076764162,-0.084536139,0.078899751,-0.226246328,0.085614874,0.006170823,0.268622352,0.342771318,-0.075155492,0.158143417,-0.084849211,0.321649649,-0.096330525,-0.019460501,-0.126556068,0.135048685,-0.099174242,-0.108493631,0.226710693,-0.060123024,-0.004273294,-0.230886379,0.14358176,-0.03792155,0.03642085,0.058861289,0.141580874,0.079269241,-0.266067646,0.190164254,-0.086131998,-0.075563814,-0.07685322,0.264206951,0.01080322,-0.061696399,0.060234631,-0.025193215,-0.123789424,-0.006486151,0.134163893,-0.160485956,-0.119428493,-0.033122165,0.017203107,0.064066165,0.041697074,0.080897582,0.11359955,-0.029207404,0.004426891,-0.084303115,0.043840972,-0.188080702,-0.041361726,0.032882351,-0.076388206,-0.066022694,0.110268653,0.147436379,-0.03192548,-0.046997217,0.275003379,-0.115117153,-0.03098375,-0.053456921,-0.106222523,0.144867819,-0.059003479,-0.010851753,-0.045850776,0.008205767,0.063884001,0.022545573,-0.060665862,-0.024725822,0.029967887,-0.009406462,0.000458519,0.050307064,0.000198366,-0.059441935,0.051832477,0.006148418,-0.032917889,0.045757442,0.063008599,-0.050496101,0.002941854,-0.020115879,-0.112781752,-0.054507279,0.054235139,0.062107618,-0.03870376,-0.091411997,0.059510285,-0.059097347,0.035560582,-0.003619312,-0.009213555,-0.039877445,0.017500056,0.047338697,0.041626736,0.077608169,0.047084614,-0.004773932,-0.022129119,-0.018685297,0.006042982,-0.016147054,-0.029059239,0.016719683,-0.024273643,0.002038278,0.026189127,-0.011851687,-0.026693807,0.017024539,0.04715844,0.007278862,-0.016515305,0.00915535,3.07378E-17
02ADL0236,-4.980106476,-0.283587074,-7.949150702,-3.300449535,0.593558129,-1.2745343,1.890703112,-0.609350592,4.572818992,-0.764758519,0.311560257,-1.26715186,0.175783328,-0.207856211,-0.600056341,0.440522317,-0.22328798,-0.690767505,0.237451747,0.44257341,0.22224903,0.293630825,-0.498033329,-0.58280841,0.47708693,0.508547046,-0.301357741,-0.387678963,-0.287361361,0.069846889,-0.394650517,-0.30553888,-0.700159142,0.042333967,0.097535013,-0.494329383,0.297436123,-0.389333945,-0.106469112,0.091659019,0.063817702,-0.138428177,0.051687996,-0.095807611,-0.179939125,-0.373635531,-0.065719336,-0.01235734,-0.206961346,0.054622058,-0.231510527,0.006374924,0.083507742,-0.169720632,0.028855219,-0.232484232,0.281443145,0.274810097,0.206298036,-0.270625764,-0.150993856,-0.138226689,0.180938511,-0.239353805,0.307067438,-0.078132481,-0.087286983,-0.299622487,0.014541131,0.043924915,-0.019378058,-0.244892265,0.150992404,0.014111052,0.213259083,-0.173780447,-0.022486461,-0.112717036,-0.045399938,-0.06226773,-0.081551445,0.108945355,0.052599052,0.271585882,0.098272172,0.287742392,0.212742327,0.066413379,-0.280892126,0.109636154,0.061712851,-0.000272644,-0.032220231,0.172916463,-0.077847621,0.03549745,-0.105740181,0.025371784,0.07763415,0.040967094,-0.117191553,0.120914538,0.032605444,0.008563859,-0.018095808,-0.005654589,-0.020989126,0.052810987,0.093046307,0.044819272,-0.020888056,-0.116233709,0.041742074,-0.096652708,0.055276043,0.009481346,0.003439916,-0.039770632,0.002028872,-0.033628868,-0.011268396,-0.002126212,-0.057821521,0.17464949,-0.064615872,-0.016194185,-0.028252414,0.052012096,0.088727598,-0.131865383,0.059974531,0.082325133,0.114351789,-0.030082376,0.087911018,0.011836974,0.065562329,0.114771459,0.105402692,0.082570652,-0.044273975,0.027999384,-0.079580331,0.062043312,0.102133718,-0.005423255,0.082400248,-0.038102204,0.083721033,0.033058656,0.054327367,-0.018711737,0.118230251,0.027351091,0.048208537,0.091002306,0.010615372,0.035273528,-0.044709564,-0.130199853,0.006796759,-0.018260614,-0.042287209,-0.046939393,0.063452859,-0.061651381,0.019408501,-0.016190995,0.114632124,0.071118168,0.065644328,-0.073456656,0.031184189,-0.009044629,0.108755105,-0.001989239,-0.023941597,0.004076255,0.053963386,-0.047473241,0.014306088,0.028612958,0.011610753,0.003616068,-0.009459431,0.006059056,-0.051342306,0.050720306,0.021895369,2.7435E-14
02ADL0237,10.56418681,-4.108436751,6.261240572,-0.793722368,-0.453523499,-2.461335477,0.136396256,0.797012278,1.137252912,1.593355951,-1.226253986,0.254141019,0.429646512,0.089392385,0.271938744,0.181398826,1.394934985,0.489055778,-0.07957409,0.088597134,-0.821636768,-0.277664355,-0.012207676,0.217506872,-0.58147369,0.30011467,0.549228925,-0.442447969,-0.53788861,-0.255512565,-0.39831837,0.431453018,0.295760303,-0.323807365,0.029439564,0.267025649,-0.550473267,-0.133183525,-0.086643285,0.13682004,-0.051640534,0.051138476,0.074747845,0.321598638,0.075333794,0.037835516,0.020237443,-0.392590634,-0.177291898,0.002293307,0.053369578,0.001822842,-0.268877416,0.189648909,0.145518333,-0.207160499,0.10583598,-0.038692756,-0.208899443,-0.022725574,-0.15096073,-0.124495106,-0.011341587,0.017037459,0.103038463,-0.145782662,-0.007881346,-0.013316884,-0.137478067,-0.120427362,-0.197736242,0.135372262,-0.159761596,-0.005685352,-0.053819553,-0.122077641,0.02628099,0.115260718,-0.047429234,-0.127643495,-0.048353579,-0.019850374,-0.063013426,0.005774957,0.106426964,-0.087312067,0.193825682,-0.210719026,0.009262431,0.219595567,0.000280969,0.04843543,0.022225135,-0.084646536,-0.1950423,-0.134199297,0.006334203,0.004507895,0.127351933,0.124217622,-0.084363554,-0.048836987,-0.073158572,0.023893635,-0.006422081,-0.076544608,0.030328147,-0.067820602,0.029039413,0.169197715,0.115664979,-0.106536981,0.030114832,0.035496219,-0.013827121,0.115315066,0.038279537,-0.000907074,0.159510377,-0.172373684,-0.036140438,-0.003723202,0.080863942,0.025826418,-0.083723287,-0.04610791,0.037425668,0.165758124,-0.035010842,0.007076552,-0.071009933,-0.14139897,-0.154351935,-0.07202306,0.064737638,0.025296808,0.026533642,-0.000346672,-0.063914526,0.037949842,0.070673026,0.089149237,0.013684543,0.113589946,0.042307863,0.104935178,0.082290735,-0.042310462,0.011350188,0.060344366,-0.034242056,0.065445485,-0.051161082,-0.004779927,-0.043777371,-0.002371412,0.066006944,0.101375054,0.080533906,-0.083924708,0.038578241,0.172845419,-0.044595242,0.038576682,0.001180973,0.090749924,0.006346578,0.048918611,0.023758215,0.077695403,0.02080439,-0.151022241,0.097266853,0.011398886,-0.063565798,-0.001481274,0.088780362,-0.133674514,-0.012287218,0.010117375,-0.103182649,0.056970653,0.070148771,-0.040063869,0.0448903,-0.046573675,-0.014973488,-0.009039686,-0.057123585,2.61651E-15
02ADL0240,-2.368490841,-3.339621527,10.29371057,-4.002785748,1.463779512,-2.833647443,2.073841311,-0.548836677,-3.502663585,1.669522984,1.154563059,-1.769545319,0.155721636,0.477795538,-0.050038995,-1.193600741,1.478442854,-0.628804915,0.478732692,-0.923641906,-0.03877375,0.162012596,-0.267657312,-0.495463738,0.314095297,0.678288603,-0.377896296,-0.652494279,0.245289256,0.871278699,0.192850368,-0.035500583,-0.23310119,0.818311822,0.128872707,-0.250857598,0.564240149,0.060121485,-0.036317399,-0.217849153,-0.164082839,0.107005225,0.278449258,0.397367056,-0.541955352,0.172849339,-0.053900959,0.0100746,0.057961523,0.305117241,-0.249778898,0.086911619,0.190346324,0.069037058,-0.18963929,0.090163079,0.011043394,0.302781979,0.126028997,0.672779959,0.079999571,-0.085738241,0.177035553,0.174725059,-0.004068572,-0.09759038,-0.15713404,0.05056553,-0.078490065,-0.291115016,-0.338925438,-0.013570835,-0.040877788,0.082460307,0.081481373,0.021787307,-0.110026635,-0.084773503,0.088935043,-0.065632691,-0.082457495,0.179439706,0.131919227,0.127608044,-0.108779791,-0.203563554,0.152467283,-0.036811018,0.249013262,0.036591525,-0.008322696,0.045355603,0.105093515,0.020167626,-0.020520991,-0.011550485,-0.010964672,-0.045356739,0.017925086,-0.063305346,0.085955167,-0.003962234,-0.041791453,0.016670545,-0.04164536,0.019419505,-0.098427689,-0.068090855,0.040090262,-0.098506871,-0.075175159,0.109659313,0.046661662,0.080304228,-0.059661775,0.036829808,-0.014336885,-0.007585983,0.004031361,-0.065160846,-0.048710253,-0.01080277,0.05319596,0.000919049,-0.054269168,-0.074464842,-0.050895163,-0.079894178,-0.123039172,-0.066143269,-0.127267459,-0.02509843,0.063103575,0.083928947,-0.064245412,0.071137103,0.081102367,-0.009548784,0.004587482,0.076482607,0.081657331,0.074784644,0.010401845,-0.016362157,0.081915515,0.029661179,-0.118999221,-0.038365639,0.112068164,-0.035309774,-0.053054954,-0.072477713,-0.084483192,0.049559521,-0.002029216,0.047487109,0.017695408,0.026869098,-0.005459307,-0.028492629,-0.056311667,-0.067315041,0.017098419,-0.038354733,-0.015799434,-0.046891815,0.035236362,0.011388671,-0.014619576,-0.00343487,0.049615635,0.014241988,-0.058329388,0.0344128,0.003469566,-0.008051422,-0.005055933,-0.01579798,0.014615008,0.040981332,-0.004754982,0.048266115,0.031584578,-0.000920921,0.04702488,-0.031385415,0.003998431,0.015927287,0.033012377,3.62862E-14
02ADL0241,-6.245400388,-0.676264764,9.013375982,-1.044004435,-2.511845562,2.672955981,-0.321558953,0.86206751,1.307006418,2.594424195,-0.042373564,0.174125442,0.00933347,-0.224609498,-0.388195512,-0.419953001,0.863271646,0.616531923,-0.477551788,-0.493525202,-0.331832837,-0.050378312,-0.752769912,-0.493902165,-0.348789731,0.54003927,0.473494315,-0.017013544,-0.237279903,-0.134208357,0.3111619,0.018324844,-0.047140368,-0.215224997,0.176273905,0.094595642,0.274686633,-0.0222014,0.063712592,-0.116596857,0.07550917,0.058671689,0.238768231,-0.181035589,0.100791666,0.055385684,0.164292331,-0.040759556,-0.158386939,-0.038403638,-0.07738045,0.045625603,0.173654767,-0.134063495,0.037952294,0.213479167,-0.026228568,-0.058972141,-0.217578644,-0.151920721,-0.073342294,0.028173103,0.133259414,0.088189993,-0.191654845,-0.051382335,0.026066978,0.026772057,0.084769482,0.181301864,-0.050970696,-0.191380828,0.080221614,0.069321911,0.077393025,0.036777152,-0.015551718,0.190962841,0.004110257,0.187492299,0.148500967,0.106378008,0.004147495,-0.081937017,-0.088167102,0.097361492,0.058788907,0.141424134,-0.032970606,-0.038442855,0.1920499,-0.073336737,-0.158829628,0.01747218,-0.062490598,0.028025803,-0.153809386,0.028909741,0.170945474,0.031619947,0.052713929,-0.012742491,-0.096154847,0.021871554,0.002172554,-0.041626466,-0.015811865,0.044599766,0.027342773,0.134060843,0.031996607,0.051184621,0.004843026,-0.165500623,0.013497185,-0.099559639,0.08125461,-0.010052712,-0.122655673,-0.008605424,-0.092813311,-0.104857085,0.075052597,-0.081548755,0.017575664,0.004293751,0.024645578,-0.054013342,0.019149584,0.090035492,-0.059626861,0.077428923,-0.03606426,0.064394339,-0.081421649,0.079341415,0.077988642,0.043682102,-0.033044482,0.036538073,-0.081173972,0.05298515,0.027375077,-0.027354127,0.028943136,0.121953384,-0.02742613,0.119419285,-0.081405155,0.095816506,-0.097889433,0.030336634,0.034491111,0.094293329,0.029557897,-0.094240133,-0.100467498,0.004701986,-0.060173516,-0.001481067,0.015379104,0.060532648,0.132911753,-0.163272603,-0.097146287,0.005552997,0.035495657,0.035598379,-0.014860514,0.011852615,-0.139835654,0.097330346,0.140680633,0.137642957,0.223983093,-0.044025005,0.014564485,-0.05288354,-0.000728999,-0.049782754,0.059787009,-0.059905246,0.085805739,0.022271097,-0.010511351,-0.053298975,0.073584314,0.0702949,-0.032600355,5.73515E-14
02ADL0245,-15.27355502,2.694461744,6.27978797,-1.774207631,-3.951354717,-1.958281425,-1.785095999,0.44988504,-0.492720583,2.801956694,-2.302977644,-1.581665065,-0.721836207,-0.119285785,0.172841367,-0.121377021,0.163526122,0.272229424,0.161207342,-0.508824079,0.122185702,0.598585088,-0.483070575,-0.214083087,0.179909387,0.618536057,-0.45743126,-0.254119352,0.265990369,-0.885760384,-0.86995424,0.233031725,0.100277717,0.037707353,-0.31386028,0.285489506,0.187672069,0.509575072,0.342548571,-0.544437651,0.090957777,-0.181296177,-0.301105545,-0.070003772,0.103397532,-0.107913849,-0.179692878,-0.239645115,0.114557025,-0.029148357,0.085054575,-0.0640002,-0.064843358,0.088857013,-0.071737628,-0.213860516,0.095866111,-0.091658595,-0.02018035,0.062326219,0.010260269,-0.086577529,0.209125285,0.063661693,0.107456008,-0.061856123,-0.048489915,0.167064475,0.020615143,0.00979825,0.042918032,-0.119215952,-0.125722655,0.073295173,0.087251594,0.072195106,-0.169090709,0.104367643,-0.079687117,0.192349691,0.015862674,0.013943332,0.045445716,-0.062734025,-0.0452987,-0.000657657,0.067497281,-0.072230966,0.05158009,0.139452113,0.012596339,-0.033649504,0.055831471,-0.253493294,-0.223670968,0.079455507,-0.076035759,-0.070300715,-0.049921818,0.061212404,0.066169483,-0.03095048,-0.002009304,0.051455308,0.036906086,-0.000932841,-0.066248069,-0.083859766,-0.188022975,-0.099627738,-0.073399697,0.020558832,-0.087037627,0.083853597,0.017046331,-0.010638383,0.01734528,-0.028663394,-0.076803407,0.018142525,0.011120892,-0.118406729,-0.01854681,0.097632931,0.007356869,0.147661647,0.12314463,0.043640616,0.124858097,0.013326158,0.050460144,0.123622267,0.016666325,0.02089407,0.082668185,-0.093737363,0.062683253,-0.072819435,-0.007393087,0.112710804,-0.053182212,-0.143268802,-0.040241619,0.033001968,0.179079898,-0.06143973,0.039984547,0.049637514,-0.086081355,-0.036700769,-0.065074444,-0.07263167,0.116339342,-0.144714688,0.047667759,-0.103685538,0.057573811,-0.077113047,-0.054531513,0.083410466,0.065081348,-0.019739746,-0.02050948,0.114662289,-0.047683096,0.055698802,-0.074606527,-0.071955408,0.048974918,0.124876266,0.030690287,0.018120637,-0.048862645,-0.014247595,-0.043225169,0.036542608,-0.067333557,0.01882785,-0.011918222,0.097700477,0.097076547,0.011125296,0.009168254,-0.026892132,-0.030868901,0.001745799,-0.048010641,0.042994675,-0.034822306,4.80815E-15
02ADL0251,-8.802974588,-0.414836169,4.552953389,-1.217211273,-1.031535033,2.090148652,-0.342942127,-0.18714499,2.971513584,3.770959991,-1.582034703,0.793389005,0.351769735,0.886860372,0.299066155,-0.120518087,0.197749695,0.358771199,0.123557969,-0.562075663,-0.151701728,0.08567712,-0.373346244,-0.543783266,0.029308678,-0.383051977,0.006486243,-0.117584032,-0.090543746,-0.133649454,0.067683236,-0.283927195,-0.195424853,-0.147959891,-0.083532486,0.536692754,-0.168237117,0.203608718,0.113801033,0.027731927,-0.134010909,0.06994576,0.239431464,-0.035490073,-0.220795066,0.133425336,-0.138664039,0.065466378,0.168397967,0.040076458,-0.04460788,-0.017900976,0.200239872,0.027055787,-0.001951087,-0.074916468,0.074575127,-0.002430114,0.134549954,-0.191676536,-0.045120156,0.011270259,-0.029679097,-0.035796785,-0.018468908,-0.198507216,-0.088523506,-0.17414877,-0.026835423,-0.136650635,-0.060817957,-0.002426021,-0.257863032,0.115270996,0.018413133,0.36654474,0.147834453,0.055042368,0.049326821,0.084226682,-0.129719109,0.206341695,-0.1344644,-0.114919144,0.021768416,-0.000290327,0.293135776,0.039917758,0.083021289,0.047330159,-0.097359448,-0.09842136,0.022234956,0.033152079,0.032813442,-0.146523542,0.115837699,0.071644901,-0.205070546,0.046165145,-0.093818855,0.069958095,0.044909882,0.036619695,-0.030529537,-0.126862887,0.067771065,0.052120562,0.028835327,-0.098972023,0.008820871,-0.031200163,0.064042048,-0.073837063,0.090758959,0.026172015,0.105063119,0.072414127,0.070499183,0.001811896,0.114941486,-0.062383788,0.054737095,-0.101735114,-0.019952753,-0.033086629,-0.010069905,0.158311044,-0.064544243,-0.103516368,0.053914609,-0.011311145,0.112822429,0.007009442,0.101930604,-0.054757401,-0.039349645,0.05214296,-0.015688678,0.11327306,0.063836057,-0.190938635,0.004924645,0.012536626,-0.167499161,-0.004940666,-0.09390486,-0.062969161,-0.046230756,-0.070295336,0.093850654,-0.023198374,-0.05793018,0.025798113,-0.081365121,0.018835551,-0.145249064,0.032920237,0.087507258,0.118628251,-0.010610366,0.007600433,-0.120180205,-0.023856246,0.059179044,0.017033573,-0.048669686,-0.047781902,0.060427103,-0.026986682,-0.06912846,0.061779085,-0.020416704,0.024440872,0.151395058,0.042902491,-0.021752784,0.04712491,-0.10579716,-0.017303618,-0.071886294,-0.004957189,-0.02765951,0.095602441,-0.003159575,-0.001110411,-0.077970527,-0.105192087,0.097253008,6.28916E-14
02ADL0252,11.47681975,-3.798142162,4.540690299,-0.844296258,-0.429255457,-0.984650036,1.329791943,1.453276422,4.27139503,1.103999256,0.372706533,-1.054867861,-0.439269441,0.660871448,0.067473575,0.773422417,0.384888105,-0.109941635,0.49092523,0.562246072,-0.66207295,0.619060999,1.000258463,0.251768473,-0.3528592,-0.606340548,-0.786491628,-0.15778492,0.853626619,0.35919802,-0.442570578,-0.439735956,-0.135513726,-0.426321014,0.300606569,-0.133423875,-0.174619751,0.08646483,0.395389666,-0.448852008,0.084970047,0.11916268,0.056531403,0.005740427,0.282080597,0.318027577,-0.211582969,-0.212391682,-0.161186216,0.138382687,0.016437448,0.018746396,0.256142142,-0.204081846,-0.043954836,-0.026847479,-0.267172225,0.009615371,-0.242279864,0.0968295,0.120341897,0.029220423,-0.226655762,-0.067602297,0.18284322,-0.062773466,-0.226755889,-0.081440808,-0.157615302,-0.040843973,-0.002060254,0.162323533,0.005192377,-0.013923814,-0.235425385,-0.08892873,0.246978275,-0.018755497,0.087591146,-0.044531324,0.094585235,0.064925165,-0.006849013,-0.070465402,0.222251307,0.085410629,-0.018219728,-0.209438738,-0.014243623,0.111720051,0.130822544,0.249088859,0.031353594,0.146862308,0.065164454,0.149199467,-0.167066742,0.147817574,-0.105690541,-0.166137564,0.253267157,0.013808696,0.069859751,0.008876311,-0.045640103,0.056169129,-0.075718065,-0.077422555,0.034056606,0.059511786,-0.020068427,0.070989373,-0.036608767,-0.213954045,0.05809434,0.105790284,0.092880296,0.068617525,-0.001768991,0.061573636,0.048782524,-0.03184783,-0.015438093,0.046788185,0.010697789,-0.092813249,0.117813636,-0.059894024,-0.04958902,0.037571633,0.029410024,-0.014555227,0.006717982,-0.046090057,-0.045744038,0.005156553,0.067855937,-0.059036423,0.219081565,-0.111802261,-0.068690441,-0.001935639,0.032776275,0.065405869,-0.000565077,0.001465807,0.073470994,0.031188125,0.01305902,-0.103917936,-0.03779246,0.043856689,0.013383158,0.146733197,-0.064882593,-0.110458049,0.098900754,0.017939433,0.029152178,0.011029782,-0.054830489,-0.0758227,-0.044744852,0.054466158,0.033896901,0.009941113,-0.007360023,-0.002189399,-0.046394552,0.021883307,-0.03163935,0.068789042,-0.037606263,0.049833525,-0.002687162,0.090207721,-0.05091731,-0.075909603,-0.041453462,0.013547945,0.006369682,-0.027164501,-0.032627725,0.058592043,-0.005122376,-0.004253006,0.040014866,0.027021489,-0.036735908,8.58337E-14
02ADL0253,1.213509843,-1.553997327,1.090516879,-1.957069492,-0.640770466,1.233956293,0.9328466,1.400385795,1.63083214,1.339708299,-0.797023533,0.414196793,0.594428099,0.116606271,0.639135939,-0.41845667,-0.923491267,-0.229165864,-0.488377614,-0.443911699,-0.588603345,0.522116866,0.028606294,-0.562046083,0.182707886,-0.417870368,-0.313599384,-0.425937195,0.402463305,0.059519098,0.562781233,0.010704834,-0.218897064,0.028058163,0.156609121,-0.360795584,-0.033189557,-0.404064762,-0.27958087,0.208868515,0.174591536,-0.211096915,-0.092389736,0.240237999,0.398510444,0.004553669,0.058912882,-0.115879654,-0.006148625,0.046510391,0.260022533,-0.228994447,-0.157571099,0.089487431,-0.151983934,-0.134162678,0.014998126,-0.029168252,0.093744354,0.04985405,0.020093383,0.088891698,-0.105201606,-0.005911585,0.13478939,0.003758198,0.259590812,-0.25722841,0.079673286,0.197912323,-0.141905812,-0.163403854,0.113236707,0.022109566,-0.10918142,0.096522683,0.023223462,-0.017968452,-0.051758696,0.027711824,0.194364662,-0.276689527,-0.041689737,0.040097407,0.092024062,-0.15345907,0.160589553,-0.042600833,0.191533385,-0.026747026,-0.021371085,-0.034126261,-0.02566728,-0.151429636,-0.011962257,-0.032740729,0.047493035,-0.109214895,0.079284747,-0.137846042,0.068813471,-0.006522098,-0.050919065,-0.152851404,0.105089723,-0.03172078,-0.050888545,0.260396997,-0.105633479,-0.045849331,0.172400281,0.179910069,-0.132026478,-0.060876921,0.14619383,0.009128855,0.005398818,-0.160802876,-0.027382739,0.027066101,-0.01555648,0.09665792,0.154803409,-0.053824607,-0.045115761,-0.001016175,0.035546398,-0.034455692,-0.088185499,0.058934214,-0.04529695,-0.031884013,-0.084757507,0.148022637,0.016542776,0.116063951,0.083635129,-0.072392891,0.042623748,-0.021259597,0.124053994,0.093970498,-0.052508859,-0.001103498,-0.051352265,-0.003940102,0.00372744,0.090603577,0.012100376,-0.034221484,-0.064663606,0.032791041,0.06405242,0.009363966,0.090360426,-0.031513136,0.030729184,0.014689782,0.074659142,-0.030272129,0.051416983,0.020547866,-0.071659586,-0.044546991,0.077374004,-0.040568499,0.035853635,0.123159637,0.085336789,0.155830971,0.033723999,0.056517119,-0.050381288,-0.070338419,-0.045919577,-0.064690923,0.007513554,0.152170317,-0.08353138,-0.060332856,0.035937806,0.052113832,0.045599093,0.030279691,-0.089858006,0.088459941,-0.07047413,-0.01172882,0.012584406,5.23477E-14
02ADL0255,4.406125064,-2.975360193,4.943300459,-1.534490375,0.268736344,0.342933274,0.040004897,1.070012277,-0.355346947,2.569988982,-1.632962218,-1.118484707,0.750072382,-0.061351054,0.046023554,-0.4030021,-0.279959638,0.608303704,0.045051199,-0.263338276,-0.360358328,0.113088196,0.403756094,-0.199946303,0.289826519,0.180615141,-0.406853841,0.139027332,-0.744383089,0.411751023,-0.002850582,0.20014137,-0.201189057,0.8320889,-0.029464386,0.086445637,0.038059422,-0.157922465,0.235744268,0.082829148,-0.027849766,-0.11995568,-0.349039308,0.068227662,-0.085841988,-0.22338527,-0.34123844,-0.191179098,-0.479666961,0.042260502,0.104093858,-0.090751127,-0.259963912,0.217252837,-0.137057485,-0.054600813,-0.084961671,0.057954664,-0.078395855,0.07102611,-0.023374314,0.30907439,0.191765467,-0.004133666,0.258496657,-0.038500109,-0.040196777,-0.172670587,-0.194918057,0.463331063,0.12494617,0.159591049,-0.129199845,0.044977339,0.132346595,-0.129195272,0.088825975,0.272283872,0.051210404,0.005050245,-0.209627053,-0.00371925,-0.098124658,-0.126581784,0.034708911,-0.03732975,0.127189407,0.014980415,-0.110435409,-0.055528648,0.097021879,-0.055816403,0.060918065,-0.037382176,0.083147155,-0.041897705,0.127693498,0.104383118,0.20517889,0.040407925,0.207669738,0.002127543,-0.004625369,-0.000917604,0.04696087,-0.067557381,0.133210337,0.014329515,0.109954554,-0.026767137,-0.169648042,-0.164830577,-0.169522242,0.106779018,-0.042274256,-0.060237547,-0.031995287,0.029686886,-0.031072855,-0.001747471,0.054237657,0.155881235,0.067966803,0.034494765,0.027678383,-0.031872927,0.034716985,-0.072564475,0.021681074,0.041933039,-0.018367002,0.01949252,-0.022580693,0.006440744,0.09039433,0.063109504,-0.170165244,0.071925996,-0.091409709,-0.058032613,-0.014461561,0.002867122,-0.024345268,-0.022737967,-0.07943965,0.002264751,0.016144122,0.030412312,-0.134075031,-0.008277705,-0.005631738,0.010613137,-0.04520614,0.051770436,0.041468193,0.025826141,-0.010056972,0.067365739,-0.024852338,-0.022568618,-0.073656937,-0.078649011,0.043604363,0.044277627,0.028383009,-0.166833698,-0.038198352,-0.026514951,-0.036221338,-0.003229184,0.115185199,0.004282512,0.06542573,-0.078732744,0.01099551,-0.019767922,-0.031376018,-0.018454009,-0.002812636,0.039964182,-0.051177483,-0.134775188,-0.123330537,0.019378174,-0.067359143,0.003261623,0.11636091,-0.002939492,-0.012036255,5.40205E-14
02ADL0259,9.184307417,-4.335604626,6.651490493,-1.264583248,1.789116006,1.335362753,-2.419801917,-1.217021767,0.290764932,-1.988480229,1.553516023,-0.042610293,0.391691348,-2.31761786,0.34244077,1.307448527,-1.003780908,0.0191469,0.045874464,-0.171300544,-0.168486094,1.131544753,0.100383135,-1.272914538,-0.431221445,0.544361262,0.140745083,0.2542642,0.352960302,-0.305982354,-0.611742317,-0.260211387,0.498283067,0.02611327,0.01691938,0.328704818,-0.146660004,0.066305392,-0.330860056,-0.012738626,-0.056964929,0.178984211,0.063104532,0.120818905,-0.248869889,-0.540647219,-0.440579794,-0.311808208,-0.311000032,-0.128187788,0.042290662,-0.120478821,-0.013345743,0.161312278,-0.282566718,0.128939906,-0.055845387,0.140967201,0.182947759,0.019827064,0.158424804,-0.053433693,-0.068456691,0.067196406,0.087125346,0.069271578,-0.128409309,0.054811444,0.065371815,-0.216552809,0.09553775,0.173653061,0.114034985,-0.002303345,-0.139715875,0.032567262,-0.082163612,-0.073795842,-0.094420778,0.024781178,-0.071150861,-0.056754914,-0.073360829,0.139307365,-0.203130059,-0.028630326,-0.00099152,0.030024497,-0.08658109,0.069323923,0.044798932,-0.140576676,-0.123919907,-0.03694502,-0.040890939,-0.219110184,0.069407272,0.007886344,0.005560321,0.13172971,0.162035324,0.063519706,-0.131205387,-0.160186149,-0.284137989,-0.054202218,-0.085277599,0.059045878,-0.119396564,0.134607439,-0.091645647,0.005675842,0.206023208,0.051551899,-0.006761637,0.077872656,0.055377291,-0.028872505,0.110815723,-0.021411801,0.059128236,0.111246373,0.042384394,0.217070129,0.008043967,-0.065867071,0.069279204,-0.01030132,-0.180710083,0.033911053,0.12244125,-0.082204712,0.117653291,0.101847139,-0.074860775,0.03197793,0.069575021,-0.027427245,-0.035008146,-0.118138481,-0.077439731,-0.00484251,0.025027316,-0.000756097,-0.131973109,0.00484422,0.070465073,0.069469121,-0.052247966,0.06162832,-0.019711703,-0.084913966,0.047956024,0.028632277,0.032764799,0.006035817,-0.065777563,-0.06383116,0.026345413,-0.005490285,0.074256154,-0.074668249,-0.021922508,-0.035736032,-0.056395529,0.03438602,-0.009748559,-0.02293692,-0.002899565,-0.090228612,-0.004547419,0.023634185,0.024983467,0.00013052,-0.007511887,-0.013424759,0.08290164,-0.012239437,-0.035266038,0.024396451,0.040639834,0.009684921,0.012039416,0.019467825,-0.022916954,0.00637669,-0.024366576,-0.001429236,0.003465523,-7.44306E-15
02ADL0260,-5.677717749,-0.597742227,0.859829822,-1.680841882,0.066827468,-1.765144958,-1.970003733,2.942897416,-1.565101215,-0.613775512,0.658995094,-0.777850961,-0.841039515,1.068619388,0.73011543,1.049828837,-1.280945111,0.076288003,0.446412438,0.242445186,-0.436396578,-0.610540731,-0.180247734,-0.469959562,0.007513141,0.532325945,0.413210894,-0.771220421,0.088977293,0.165902126,-0.141642055,0.144114059,0.097177894,0.198994462,0.142783212,-0.35317837,-0.057361633,-0.008513897,0.122386321,0.163387914,-0.116091731,-0.199049013,-0.319594029,-0.239877619,-0.076303902,-0.422000538,0.285812165,-0.106179771,-0.076463986,-0.057134086,-0.197602975,-0.011678002,0.043899978,0.039274544,0.071631392,0.015989799,-0.025317116,0.097826512,0.188510599,0.140413003,-0.117582674,0.079123407,0.219963705,0.024713065,-0.010753307,0.233151132,0.306827134,0.069816812,0.083163033,0.019318952,-0.20624234,-0.13098999,0.064101178,-0.003413718,-0.008856686,-0.244671007,-0.108607308,-0.051627188,-0.10811963,0.182423793,0.181848074,0.197980589,-0.254859419,0.047823447,-0.020819187,-0.033073391,0.134218136,-0.235129534,-0.045568519,-0.077892364,-0.082161897,0.079534924,-0.223370004,-0.003871665,-0.065269278,-0.067064499,0.075566417,0.069720302,0.185206747,0.052926628,-0.013321256,-0.098395957,0.072712625,0.098644953,0.018070412,-0.021571125,-0.037269202,0.016910426,0.086648604,0.060467445,-0.068046276,0.13394944,0.067903558,0.024517641,0.176848332,0.010758248,-0.107499552,-0.010970348,-0.105660908,0.095112921,0.135572955,-0.089841015,-0.11886176,-0.030541907,0.015314477,-0.075063901,-0.133695972,0.129313415,-0.05400118,0.052416817,-0.046515646,-0.003547777,-0.250390734,-0.078606865,-0.1096521,-0.049616855,0.031754055,-0.071889974,0.060981134,-0.106786217,0.068168804,-0.103735965,0.066175759,-0.121767271,0.003332807,0.02468113,0.03483734,-0.066361461,0.020966645,-0.081080539,0.121564382,-0.061629409,0.051353358,-0.021793341,0.005762198,-0.00677434,0.0576065,-0.00310279,0.005862377,-0.00012015,-0.080403083,0.072546697,-0.003061682,0.12174482,0.034856054,-0.010185688,-0.010795971,-0.017664524,0.043661223,-0.112139659,-0.043721102,0.110225793,-0.008822597,0.016476105,0.060896302,0.045503802,0.033705087,-0.023622066,-0.075880622,-0.006094147,-0.025554574,-0.000472691,-0.044851497,0.009597153,-0.086046933,-0.113904659,-0.001226402,-0.040527365,-0.008595361,1.74047E-14
02ADL0262,14.6730513,-2.903999762,2.871707794,-1.197127547,-0.59077788,0.183850889,-0.30575102,2.159647612,-0.402772514,-0.373695651,0.786234591,-0.869547756,0.02998993,-0.291974353,0.260430397,0.869442451,0.175822081,0.018704877,0.103190538,0.913655334,0.632020661,-0.12198562,0.082602111,0.05447759,-0.327511679,-0.034517324,0.089201791,-0.063392032,-0.511648472,0.44922282,-0.594592413,-0.222490862,-0.14302389,-0.480831877,0.368045146,-0.183951869,-0.329110727,0.023061406,0.18447363,0.28665713,0.106198454,0.070916659,0.222344084,-0.256524354,0.138040203,-0.344438239,-0.008637893,0.481900326,-0.080654574,-0.054222299,-0.130804425,0.199415532,-0.067805405,0.032632016,0.053853808,-0.131226332,0.015786063,-0.183213375,-0.048022278,0.062751848,-0.038070706,0.165842118,-0.092035394,-0.1013474,-0.121765645,-0.082696955,0.128021024,-0.099982059,-0.096838824,0.085527393,-0.215798504,-0.095137701,-0.01896634,0.035087499,0.156527297,-0.02185237,-0.034727455,0.112528116,-0.01899711,0.076555583,-0.072233538,0.109417621,0.087464512,0.086154123,-0.120982492,0.103018358,-0.017019768,-0.019295965,0.177216822,-0.158293212,-0.088198168,0.04027518,-0.0355068,-0.008045033,-0.022645385,-0.118539956,-0.041768145,0.084498246,0.111566103,0.010531409,0.027206114,0.135878087,-0.074834604,-0.110924491,-0.027816564,-0.004121261,-0.026870192,0.009693918,-0.046962555,0.145126227,0.081664828,0.116650355,0.013027169,0.140730147,0.053042708,-0.02891721,-0.021965259,0.085014085,-0.134296592,0.047986768,-0.124718935,0.103529491,-0.095248523,-0.026901452,-0.19619245,0.004482613,0.020397435,-0.047389417,-0.155124518,-0.114945151,0.112523986,0.132670364,-0.029733389,0.119306149,0.076632701,-0.159173707,0.011827335,-0.04034115,-0.068148428,0.032471008,-0.029429713,-0.109085622,0.047785042,0.117361121,-0.045455411,-0.043812402,-0.114630734,-0.061982051,-0.020906946,-0.040185279,-0.043192271,0.051433639,-0.150080839,0.099464394,0.010134666,-0.035248043,0.052443842,0.076754945,0.023340796,-0.082944072,0.110111699,0.00224717,0.076200089,0.123304632,-0.018817853,0.084254341,0.02799457,-0.117614478,-0.019048762,-0.00520803,0.003889984,-0.008899678,0.031428486,-0.000424416,-0.008980319,-0.058009015,-0.147493858,0.156114684,-0.056332421,0.047809122,-0.018582324,0.020712636,0.053792462,-0.010502633,0.091753214,0.118749762,0.069284205,0.040732876,-0.023108256,6.37085E-14
02ADL0263,14.61463482,-4.216740735,1.883806364,-1.115029726,-0.07616431,-0.199953502,-0.463995228,-2.333281964,-0.438158184,-1.16203958,-0.181000106,-1.641792259,0.707154277,-1.819980661,0.894826893,1.236252326,-0.413126656,0.130017113,-0.249430166,-0.003429481,-0.582903243,0.051385653,0.346059672,0.080686139,-0.566352996,0.432521995,-0.143057711,0.001209364,-0.307732538,-0.027815536,0.325585639,-0.163278999,0.589278758,-0.292593916,-0.448714438,-0.327768239,0.135654751,-0.059920601,0.069455595,-0.11403938,-0.037800775,-0.395079706,0.568445578,-0.321207806,0.031474519,0.148412995,-0.142443089,-0.102410619,-0.076135882,-0.06153857,0.240258187,-0.010302956,0.250452581,-0.297096889,0.045885402,-0.096795421,0.082474401,0.114657388,-0.008744619,-0.259971122,0.56241674,-0.082143893,-0.022026109,0.157638251,-0.064339121,0.055185089,0.084601149,0.014945102,0.196604779,0.00566712,0.096299384,0.160823061,0.042294017,0.21084382,0.024183211,-0.134697602,0.077288361,0.080826924,0.115642269,-0.008153689,-0.19242631,-0.177865511,0.005721718,0.058962438,-0.14475754,0.020859821,0.290908222,0.120784547,0.045114667,0.060117515,-0.253564804,0.125112406,-0.017081199,-0.067286063,0.053853908,-0.030801565,0.01983077,-0.081278284,0.03855503,0.056099127,0.117163497,0.053140937,-0.043210995,0.133864666,0.122877236,-0.015749106,0.044037992,-0.105267265,-0.064970825,-0.096319846,0.014969089,-0.071839345,-0.095518623,-0.008533942,0.134929074,0.020950086,-0.077844553,-0.070852877,0.005635934,0.006384063,-0.05501759,0.009603777,-0.001142082,-0.05269326,-0.114336673,0.096503214,-0.031352449,0.018303703,0.050649152,0.044233522,0.037328145,0.03735359,0.020526531,-0.046310019,-0.179548521,0.020230047,-0.139808339,-0.113008647,0.141943847,-0.030579166,0.125422264,-0.103588337,-0.070260069,0.00667638,0.049591046,-0.032709559,-0.122349515,0.016463661,0.093734352,-0.014583439,0.010340766,-0.05674476,-0.129778525,-0.055331528,0.007201476,0.145184335,-0.085884737,0.039146676,-0.079934926,-0.060081616,-0.058238397,0.039235848,0.023945553,-0.061863064,-0.022229453,0.023347204,0.026057549,0.052635467,-0.0499103,0.100190745,-0.050761637,-0.077851265,0.011947816,0.052256788,-0.003983691,0.099834237,-0.0709118,-0.01777038,-0.08887347,-0.041225108,0.004016879,-0.06048699,-0.029846942,-0.010872278,-0.013475442,-0.012853379,-0.010269084,0.012905683,-0.058610611,4.79872E-14
02ADL0266,0.375330196,-0.955732323,-2.272601519,-2.023168083,-0.135562034,-2.271141695,-0.960794597,1.443663114,-0.156438091,-1.230834783,-0.031141506,-0.409419565,1.015547011,1.5767884,0.477943918,1.586807706,0.443782625,-0.456019499,0.313071582,1.024762604,0.119950757,-0.253894401,-0.617353589,0.671380875,0.114469204,-0.013925418,-0.005703133,0.097717671,-0.034406027,0.011942814,-0.185863938,-0.039731502,0.03152381,-0.255533544,-0.19750729,-0.517587083,0.078349189,0.018554743,0.351570689,-0.013176719,0.35049666,-0.014681703,0.323425556,-0.183698899,-0.390919449,-0.064795685,-0.210143543,-0.140035346,0.085446146,-0.143868707,-0.190932434,-0.359113773,-0.174688264,-0.454172961,0.110271452,-0.138778475,0.253218247,0.058116226,0.299617471,0.102972873,0.150027137,0.325174024,-0.15738496,-0.095315488,0.089520031,-0.202967888,-0.109784121,0.221318197,-0.132367564,-0.04894485,-0.053392906,0.08387118,-0.088797285,0.100062852,0.117049204,-0.027594853,0.069462341,0.126439972,-0.03929844,0.098253477,-0.058807051,0.079938386,-0.112854307,-0.069424374,-0.033610001,-0.066386702,-0.066202248,-0.017952567,-0.038572772,-0.274026162,-0.061541108,-0.127419931,-0.135115605,0.127789558,0.018346899,0.066452182,0.017473918,0.067854109,-0.1209132,0.036931041,0.026187046,0.011337615,-0.015580029,-0.04536297,0.097509289,-0.173489226,-0.209985828,-0.003659434,-0.049572734,0.068442897,-0.007172552,0.049975762,0.030162778,-0.059555985,0.027027115,0.050455418,0.058815159,-0.010076076,-0.033390399,0.052815024,-0.098749139,0.058718053,0.007501143,-0.044225487,0.11015375,0.003136395,0.019695485,-0.083170324,-0.135324205,0.039391337,0.024645668,0.00131823,-0.047589204,-0.198029506,0.030676403,0.098221039,0.015708744,0.088371178,0.006785954,0.120075166,-0.081966886,0.077421554,-0.047133188,0.026622952,0.083607107,0.103354761,-0.069934901,0.096585118,-0.121697979,0.108653843,-0.100895503,0.059440442,-0.05333949,-0.068921065,0.022270503,0.017714346,-0.046703149,0.004715082,0.009023538,0.049134817,0.031557521,0.047544757,0.006893312,-0.056330742,-0.142113979,-0.011796206,-0.0539038,0.110001032,-0.046458757,0.016308786,9.48187E-05,0.051588195,-0.08272859,-0.128049841,-0.07303977,-0.01945313,0.00818567,-0.026027302,0.034549615,0.046816236,-0.08765584,0.003566313,-0.01199766,0.004427999,-0.10908496,-0.010780399,-0.078711112,-0.026006957,0.09058515,-4.6419E-15
02ADL0269,10.37545228,-0.927600958,0.84415717,-1.300972266,-2.332354652,8.413268304,3.221140853,-2.486799645,-0.928972621,-0.772912088,1.720392819,-1.078790044,-0.12495526,-0.841109677,-1.948685366,0.877405029,-0.511088945,-0.468483542,-0.627542997,0.454112047,1.159426631,-1.05834493,-0.615689987,-0.144655102,-0.124867434,0.337310158,-0.732912602,-0.498119826,-0.43429448,-0.19270069,-0.776536275,0.014031177,0.042973979,-0.434053295,0.333854115,0.319333049,0.432601237,0.498721373,0.134238707,-0.129833989,0.190425354,-0.263457734,-0.060368653,-0.037268606,0.341317083,-0.158059363,0.094704765,-0.15424278,-0.103995114,-0.179033102,-0.112380975,-0.245234558,-0.346030606,-0.06912487,0.256520036,0.100731585,-0.119618361,0.138500826,0.149450872,0.246693302,-0.117780706,0.15841164,0.036221967,0.218961666,-0.126488368,0.326296552,-0.149255081,-0.482773217,-0.050253287,-0.047515119,-0.270214234,-0.098220872,0.034933517,-0.04243739,-0.101939931,-0.031128242,0.010370741,-0.119688081,-0.129252678,0.000600315,-0.118159587,0.046500473,-0.041333734,-0.133701096,-0.053141468,0.065647707,0.108611189,-0.002808625,0.071171432,0.062623549,0.014134879,0.100113209,-0.04837285,0.093956883,0.144973013,0.057170337,0.091773662,0.084341321,-0.046927431,-0.189698339,-0.038291134,-0.019335821,-0.035243462,0.076658628,-0.041736059,-0.01233777,0.091889053,-0.031741124,-0.076388823,0.000679281,0.091807902,0.101422132,0.037540923,0.024307391,-0.025812294,0.10518187,0.00458172,-0.142261999,0.021613403,0.032482953,-0.151412402,-0.04718709,0.121313852,-0.023696527,0.008586631,-0.000712885,0.125873294,0.020871654,0.148025097,0.068858034,-0.051995087,-0.071606127,0.046979573,-0.083746585,0.126717911,0.07009552,0.030253558,-0.009720337,-0.088912254,-0.042892803,0.053452354,-0.018247461,-0.049204487,-0.0918144,-0.004166036,-0.001250312,0.020780435,0.038062802,0.03933272,-0.072141875,-0.002184524,0.04677665,-0.03042509,-0.014023032,0.004136141,-0.042034404,-0.061929838,0.017567859,0.01974657,0.141677315,-0.024024204,-0.03554673,0.058311974,0.049037243,-0.013104034,-0.065816462,0.004934387,0.026921389,-0.034461376,0.024813895,-0.023858683,-0.081972706,0.040446334,0.021784597,-0.013572471,0.020855985,0.052734308,0.024670247,0.014474164,0.010311387,-0.041462961,0.02032606,-0.046442665,-0.017155495,0.03450983,-0.017168939,-0.012873435,-0.031700317,0.001894975,6.61686E-14
03ADL0003,-8.661581118,1.198591101,-2.979338925,0.320751064,-0.024414348,2.027118086,-2.071875075,1.298223557,-2.348981542,0.391575149,0.449488786,1.597134887,0.681668864,-0.089577452,0.181363914,0.920462578,-0.093970072,-0.463553268,-0.285453692,0.586573661,-0.48631749,-0.28136235,0.104067198,-0.0355967,0.604043208,-0.146967075,-0.299142791,-0.262233556,-0.425825182,-0.182492935,0.176506233,0.055025707,0.387093289,-0.2862625,-0.186300861,-0.19462006,-0.353314808,-0.138907297,0.648353209,-0.223466488,-0.191655684,0.223187269,0.242909868,0.005882146,0.234203853,-0.119872808,0.143217743,-0.044560993,0.124613202,0.118261116,-0.18269043,0.358384061,0.248487963,-0.146521751,-0.178732376,0.003820776,0.150902277,0.046036959,-0.347232258,0.038820914,0.14539885,0.016580336,-0.034898031,-0.091915314,0.063483086,0.015306503,0.23273908,0.267407302,0.141508153,-0.253566701,-0.177611776,0.001096085,-0.021236909,0.247230862,-0.153908926,-0.004947041,-0.134630858,-0.070250212,-0.115336492,-0.133409876,-0.175896797,-0.134479079,-0.061294534,0.043808962,0.033002484,-0.02439665,0.067440047,0.042476579,0.025041762,0.062333428,-0.012221981,-0.146206873,0.120714862,-0.06987726,0.06870807,-0.008405507,-0.189482067,-0.07819642,-0.01531507,-0.031560961,-0.08468493,-0.017002723,-0.071141662,-0.020704709,-0.088773477,-0.084607734,-0.094998282,-0.013391951,-0.022884936,0.135991217,-0.032239913,-0.003180774,-0.026457907,-0.060056941,0.027217214,-0.047402382,0.0317264,-0.028052096,0.027745319,0.019044438,0.0401929,-0.146098641,0.107682541,0.12048304,-0.129615164,-0.02671779,0.035805291,-0.095681156,-0.025504084,-0.133282391,-0.039614707,-0.019921786,-0.060384004,0.017679352,0.220839772,-0.023124297,0.014496063,0.009108077,-0.004507684,0.066120409,-0.011461328,-0.06069633,0.058958079,-0.191154468,0.000884402,0.017488211,-0.082317218,0.016291657,0.022660683,-0.060850267,0.013964337,0.162894767,0.138174733,-0.054588505,0.000878675,0.102565843,-0.012906389,-0.004686622,0.050652675,-0.036098062,0.086270356,-0.117119388,-0.077941807,0.014235056,-0.010048034,-0.191577731,0.041666574,-0.039578952,-0.013150136,0.072632425,-0.033003356,0.049599478,-0.042364166,-0.05031895,0.007240711,-0.030948858,0.094768679,-0.01978128,0.050185483,-0.031324907,0.006248154,-0.108257423,-0.066828401,0.012348195,0.062627618,-0.032294871,0.113612536,-0.020292405,-0.070094773,-8.08854E-15
03ADL0004,-13.46420398,1.943469079,-0.054631137,-0.936561341,0.191484045,0.106835228,0.660558405,1.773418553,-1.357492323,-0.815407761,2.698337674,-2.104652256,-0.235134722,0.639855198,-0.631089811,0.04635535,0.22588369,-0.156996166,0.013483819,1.043469417,0.419456158,-0.545056738,-0.284564234,-0.176627123,0.177832171,-0.130114648,0.38212302,-0.121205451,0.425935315,-0.101431564,0.173518221,0.164171982,-8.21366E-05,0.556475915,-0.035707526,-0.549970107,0.077847923,0.107193927,0.131703043,0.295063161,0.053327246,0.16474258,0.360838166,0.00107898,-0.05178976,-0.213218839,0.056584202,-0.008739817,-0.148325736,0.198762345,0.229263448,-0.288481307,-0.036495211,0.261182578,-0.13680136,-0.262497057,-0.207978224,-0.218584141,-0.068043122,-0.155498339,0.266014604,-0.168157019,0.089460968,-0.270075434,-0.065003137,0.325448725,-0.166162334,0.050396093,0.066070148,0.128108765,0.094753674,0.200537833,-0.123091961,0.141465004,-0.18997761,0.316523193,-0.023530808,0.240616057,0.193712651,0.073943993,-0.063495002,-0.230942819,0.217758786,0.238214679,0.151092595,-0.081362385,-0.009248556,-0.169191459,0.045735273,0.036515523,-0.064710035,-0.004601234,-0.033396491,0.004928285,0.019397059,0.226201013,-0.02358245,0.073944572,-0.095310345,0.140920284,0.015401041,-0.126064789,0.117739787,-0.108803256,0.061375327,0.08430096,0.046176873,0.113684475,0.13784944,0.071302924,-0.185628232,-0.084550993,-0.003660493,-0.04240461,-0.079118675,-0.158293843,0.058339241,0.046691342,-0.088870965,-0.03161152,-0.083536012,0.081819656,0.049194014,-0.086846785,-0.019181577,-0.129841381,0.086793975,0.10426901,0.079127304,0.072117989,0.088698376,0.050945972,0.102556609,-0.089057376,0.046667987,0.059163918,0.098155123,-0.081141365,-0.062670155,0.047546617,0.039394541,-0.131639538,0.051054175,-0.106061934,0.011383327,0.102171071,-0.073796018,0.069391217,0.005512192,-0.032980315,-0.011677626,-0.03815379,0.045343096,0.068617023,0.004205386,-0.026663676,-0.132162367,0.013751402,0.048671121,-0.005667217,-0.016731229,0.035636891,-0.063979609,0.068960311,0.071753884,0.04107619,0.005181546,-0.007179751,0.087463816,-0.031641799,-0.087126742,-0.078139797,0.044208208,-0.024481164,-0.050136514,-0.082329738,0.031356542,-0.050962061,-0.023672629,-0.025477016,0.039789073,0.047776047,0.026832074,-0.002059843,0.025091286,0.00037823,-0.003474737,0.006005988,-0.019595626,5.71404E-15
03ADL0005,28.43272771,-4.964840278,-3.392114376,-0.19734253,1.152862292,2.339398663,-0.066233259,1.244298328,0.926145686,-0.331797591,0.385572421,-0.207222147,0.974409685,-0.365568718,0.368325837,0.229286512,0.519906898,0.020546991,0.345116414,-0.221060641,0.413769408,-0.012705286,0.779234096,-0.213941369,0.217848777,-0.113279192,0.067433083,0.033320264,-0.343061998,0.154524327,-0.147566473,0.523931297,0.19076025,0.114701142,-0.050861596,-0.306926803,-0.16786402,0.227751889,0.258590784,0.216786351,-0.141293022,0.270203555,-0.196287585,0.00592294,-0.222674981,0.002755605,-0.158464464,0.00218175,-0.321479217,-0.3307309,0.190301346,-0.024056299,0.070253381,-0.168261468,0.10580841,0.152508907,0.038699758,-0.069432836,-0.189413091,-0.20400441,0.014433395,0.230072402,0.09089933,-0.103036721,0.007160807,-0.20903781,0.04193268,-0.16669993,0.20734132,-0.11779213,-0.002591342,0.177200785,-0.312421788,0.16062865,0.240945144,-0.177041416,0.023918771,0.080350234,-0.070629565,0.014734464,0.06946892,0.000302919,-0.109306265,-0.042987727,0.149834712,0.208336472,0.152411631,-0.098935966,0.065010592,-0.065093765,0.219249467,-0.130766678,0.079237064,0.069473874,0.017050259,0.010077324,0.008713163,0.057859229,0.189564999,0.01207691,-0.082785512,-0.08486646,-0.021442157,0.005888424,-0.011432509,0.224390057,-0.026768892,0.036423547,0.112954146,-0.245109153,-0.110871203,0.083169699,-0.022066807,0.085591343,-0.060729588,-0.009277055,0.043061424,0.173596751,-0.080481705,0.09944442,0.012725913,-0.121347802,0.057724962,0.008974126,-0.035912147,-0.025898048,0.012644463,0.035383736,0.113809107,-0.094761285,-0.032200676,-0.19073339,0.060846995,0.083587745,-0.043137683,0.055151935,0.034522291,-0.046154058,-0.084281436,-0.098228075,0.059737757,0.060160612,-0.058219583,-0.077404806,-0.047185565,0.137184191,0.029206336,-0.033794758,0.084779698,0.116597605,-0.016259023,-0.012289241,-0.000847975,-0.090897383,-0.013981948,-0.044693173,0.035299996,-0.070551843,-0.105880205,0.059073512,0.061843427,-0.000367837,-0.09773585,-0.024517975,-0.047683319,-0.018818962,0.136928265,-0.049214677,0.040402861,-0.013561427,-0.139752269,0.086847165,-0.088395918,0.049276118,-0.111701818,0.02241553,-0.071972528,0.033367304,0.024639652,0.013708743,0.014231244,-0.01093544,0.053014038,-0.048827558,0.034153569,0.038591214,-0.115136134,0.030406439,0.021251446,-1.81451E-15
03ADL0009,7.989286443,-4.537506752,-6.830825404,-1.825697117,8.869806874,0.942659995,1.726514776,1.81253139,0.490283749,0.886164936,1.365195563,-0.907594565,-0.322353939,-0.530806197,-0.755353027,-0.017428761,0.852051018,-1.254268929,-1.545465328,0.399453308,-0.519930806,-0.229862547,-0.118317512,0.531712509,-1.138933734,0.803296964,-1.094812215,0.050659753,0.433394377,-0.236988671,0.693713717,-0.198008267,-0.08270313,0.545556529,-0.431404442,0.494706283,-0.645691258,0.692073234,-0.194040339,0.073621702,-0.509496718,0.178748205,0.181161977,0.353578707,0.490726396,-0.56188708,0.049382012,0.125354556,0.077380636,0.048683172,-0.485071677,0.060840576,-0.187173141,0.049253927,0.359557214,-0.164904393,-0.053443554,-0.097279208,0.013884146,-0.126271921,0.114209671,-0.079378842,0.086370987,-0.167157106,0.168347304,0.061248461,-0.027497912,0.149963892,0.175394732,-0.026327571,0.192799359,-0.196367324,-0.230399149,0.130074432,0.145777836,0.143657888,-0.010295911,-0.280892138,-0.05656457,-0.075187488,0.151453307,0.054615655,-0.118588586,-0.079917102,-0.015100978,0.021896566,0.023361618,0.118116446,-0.089588715,-0.036903722,0.127334344,0.00598233,0.132754059,-0.119209874,0.15140571,-0.108239739,-0.039974386,0.089174734,-0.050740344,-0.058176127,-0.077437047,0.010141769,0.009795714,0.063461824,0.173241237,-0.143799182,-0.025727945,-0.065096196,0.022631378,-0.065910321,0.015561935,0.074557474,-0.000148429,0.047984254,-0.023732096,0.000335399,-0.069109557,0.107883525,-0.063982104,-0.008795257,0.026183311,0.029421908,0.048014841,0.037269973,0.025708417,0.102897337,0.009355694,-0.002158783,-0.056246668,0.131684578,-0.028599983,-0.034342957,-0.039822527,-0.004601364,-0.018366506,0.112251281,-0.042468912,-0.014099974,-0.009529469,-0.034680271,0.000208798,-0.066790005,0.121984676,0.073293494,0.039240899,0.084872477,-0.006746699,-0.011172116,-0.012071538,-0.002304691,-0.001741956,-0.053688519,0.041434038,0.080740126,-0.016386606,0.012965138,-0.005052336,-0.00969636,0.02348211,-0.060964062,0.017957664,-0.04133835,0.023421418,-0.007127094,-0.034200931,0.045594377,-0.036548239,0.026286107,0.009051666,-0.004950629,0.051438092,0.03192901,0.015174192,-0.015663582,-0.006283816,0.015874442,-0.050423233,0.01473638,-0.012189276,-0.012634068,-0.000902571,-0.011333542,0.028607227,0.009282214,-0.025459702,-0.01193418,-0.019887184,0.013329884,-0.005488882,7.72652E-14
03ADL0010,-16.03394602,3.079359418,0.890356962,-2.632918178,-2.031807135,0.138035727,-0.926923622,2.033010302,0.5046144,-0.449589318,1.36073257,-0.501257195,-1.30654267,-1.080681263,0.298127396,-0.593740919,0.261902001,-0.392985446,0.479425438,0.705872382,-0.502281189,0.602988449,-0.069411132,-0.183404441,-0.084249641,-0.673198986,0.225142047,0.602309193,0.164984255,-0.11143977,-0.307156448,-0.261639928,0.043671012,0.113550982,0.507583403,-0.142908959,-0.013424117,0.349878893,0.255294621,0.214727865,-0.262459651,-0.009850799,-0.285319072,0.217935156,0.106349094,0.048351066,0.085926127,0.229395044,-0.101935463,-0.163690718,-0.373579686,-0.090967266,-0.042998551,0.246870878,-0.164523613,-0.190432001,-0.11668203,-0.182698137,-0.458448141,-0.177871255,0.236898396,0.053405802,-0.076614002,0.246527656,0.012040941,-0.157859597,0.075192011,0.007418133,0.02428872,-0.209705858,-0.010033789,-0.070161945,0.053997463,-0.090967148,-0.015559803,-0.143964254,-0.079960707,-0.02487337,-0.010031509,-0.24285066,-0.02709592,-0.029691232,0.111170134,0.070434161,0.114167683,-0.129898834,0.075991325,0.047705107,0.017755174,-0.13917367,0.022025611,-0.121070154,0.065934119,0.009890325,0.047153861,-0.13975438,-0.082503281,-0.016712559,-0.053252319,0.080111638,-0.171215324,-0.073187849,0.035884283,0.056389434,0.000936202,0.153608026,0.001051295,-0.011393878,0.061103534,0.06882104,0.130359686,0.142750574,0.050631125,-0.087387035,0.078581816,-0.001246403,-0.112166874,0.003690135,-0.017307631,0.029751458,-0.163837927,-0.037608391,0.156842221,0.019595743,0.06314522,-0.103719348,-0.039145076,0.002596465,0.121275781,0.02402052,0.003672972,0.064027749,0.07640767,0.118639002,0.004835631,-0.027204003,-0.078481063,-0.026782901,0.020298054,0.00370589,-0.032811848,0.043214647,-0.178705167,0.046953143,-0.013848176,-0.056371418,-0.000997936,0.004539871,-0.095499617,0.09962496,-0.086279745,0.003687343,-0.050138194,-0.140224896,0.089471012,0.103634518,-0.036532412,-0.084599294,-0.007329287,0.079846093,-0.152980782,-0.012473145,0.034356102,0.113496038,-0.058591476,0.034833085,0.069498032,0.084965755,0.038080275,-0.042866992,0.140816082,0.053602352,0.044581311,-0.045641722,0.099577048,-0.007341142,-0.072199467,-0.101407048,-0.087399961,-0.027101634,-0.078616457,0.057349106,-0.076151543,0.024364291,0.018189118,-0.028460085,-0.032576457,-0.041198651,-0.013541243,-2.94872E-14
03ADL0011,5.307633206,-4.058199674,-2.866031033,-1.989534537,4.978617565,-0.929892846,-3.553948533,0.571818936,-1.02657885,1.764458871,1.119961321,-1.286575177,0.460859499,-0.922384257,0.300654439,0.391528242,0.412717142,0.493833866,-0.475910166,-0.795616849,-0.463342973,-0.369697139,-1.094116183,0.344156725,-0.426992387,-0.843263423,0.010913571,0.304758355,0.389052866,-0.215079577,0.007972335,0.062520636,0.089487273,-0.653720252,-0.139150584,-0.397487992,0.633243607,0.229407298,0.152963689,0.130262243,-0.39221272,-0.108265833,0.565142094,-0.087650795,-0.272021522,-0.435032224,0.389536322,-0.343862571,0.106796638,-0.416894727,0.056670718,-0.093250205,-0.251192186,0.168145954,-0.272201083,0.297200573,0.273627017,0.021476356,-0.120729614,0.166852181,-0.092052452,-0.347757895,-0.168706212,-0.092030011,0.057514103,0.007848793,-0.092201539,-0.115078453,-0.074039455,0.104025738,0.038116282,0.009728415,0.089177242,-0.05321794,-0.020393044,-0.10361208,0.039151842,0.116471408,-0.138275106,0.073440455,-0.056170974,-0.193841936,-0.026542568,0.106650447,0.179801968,0.156846105,-0.071545328,0.028125908,0.022173303,0.075978405,0.069053455,0.056095824,-0.076902827,-0.140053443,-0.03260102,-0.113666527,-0.168208485,0.113434839,-0.162971344,0.114389218,0.045155368,-0.01211562,0.187435681,0.0333815,-0.011218082,0.079814282,0.170370903,-0.027121826,0.082911327,-0.115794543,0.074125254,-0.097372343,0.046136651,0.071007793,-0.066824303,0.012430041,-0.065909942,0.063067116,0.007142414,0.000975413,0.000630163,0.00627407,-0.078103958,-0.138686363,0.09448606,-0.057297045,0.079628851,-0.02145115,-0.004696448,-0.121361904,-0.03906617,0.163582309,-0.054401705,0.073874209,0.133072609,0.058392643,0.034641875,0.050079676,-0.087261309,-0.005193036,-0.015872414,0.01933821,0.059019171,0.021317487,-0.088261537,-0.130730053,0.025853221,-0.0674944,0.065126561,0.032877101,0.065953577,0.029540454,-0.027684365,0.013677818,0.013403302,-0.01701297,0.136338258,-0.050666665,0.045438435,0.030007063,-0.038893296,-0.006418788,0.048750422,-0.110807839,0.005620838,-0.097793857,-0.018133032,0.048453855,-0.088672078,0.012205901,0.009236278,0.060091173,-0.080458878,-0.000672259,-0.007698181,0.040715761,0.010909055,0.022678678,-0.07268763,0.018889927,-0.024385166,0.028004274,0.038600468,0.021090012,-0.032498631,-0.034731909,-0.02136278,0.025414436,-0.043553292,9.52909E-15
03ADL0013,-2.989974301,-1.843930885,4.12713834,-1.193566276,0.291993518,1.577416241,-0.043993936,3.287486248,0.762899719,-1.214525707,0.958698384,-0.891670536,-0.078843557,-1.117553544,-0.251156115,-0.156529521,-0.680109072,-0.462787375,-0.063309445,-0.922812643,0.103803766,-0.308299098,0.205757503,0.015728489,0.467765739,-0.366415118,-0.24617959,0.274199527,-0.791617481,0.4254246,0.342437872,0.110794338,-0.279854058,0.272961681,0.12413825,-0.109001746,-0.270269296,-0.08618891,0.092378421,0.008359718,-0.08015226,-0.236440353,-0.060242278,0.127996635,0.148822702,-0.135050588,-0.226570764,-0.116753427,-0.241948223,-0.027964796,-0.094891539,-0.002155281,-0.090703662,-0.066744886,0.00578759,-0.044178274,0.271181787,0.219269751,-0.199260816,0.178130725,0.1388758,0.096644523,-0.233558664,0.235452981,0.144720797,0.150529306,-0.023601198,0.120634841,0.118969411,0.10385532,0.144980726,0.030077168,0.092848532,-0.255965286,0.101310379,0.032440476,-0.134229983,-0.224785487,0.110792063,0.064356944,-0.143524633,0.081836811,0.159847676,0.015980434,-0.019029553,0.032799799,0.011620905,0.024362811,-0.009699539,0.002537672,-0.042415611,0.088437406,0.056683044,-0.062315671,-0.198881465,-0.013748935,-0.10870419,0.016101844,-0.096549894,-0.121690001,-0.010856948,0.119606899,-0.167761599,-0.134597488,-0.030320942,0.012539502,-0.077272668,0.046295407,-0.051203945,-0.012547398,0.115591916,0.006139919,-0.039190811,-0.033732122,-0.025151185,-0.048935257,-0.057193552,0.058014215,-0.013182232,-0.162424105,-0.095410248,-0.030665899,0.100407935,-0.065100271,-0.028426811,-0.018816295,0.061333063,0.088487208,0.046682696,-0.117682947,0.086507913,0.018568126,-0.070792377,-0.151435505,-0.041319388,0.086038431,-0.049040407,-0.048760246,-0.071897776,-0.089038765,0.022229619,0.054874435,0.056708729,-0.05022987,0.06053837,-0.041797466,-0.046954821,-0.096173268,-0.084041695,0.037298442,0.012702502,0.13857403,-0.011883595,-0.117666553,-0.078172606,-0.02174626,0.013497759,-0.073890855,-0.004761524,0.056565822,0.018001689,0.105894416,0.043642992,-0.099544421,0.24035575,0.159724436,-0.082923415,-0.123315655,0.034438714,-0.039324057,-0.071749817,0.031501079,-0.093196085,-0.025485358,0.029838876,0.050509439,-0.006230722,-0.096582486,0.061218662,0.047837561,0.049623723,-0.039214957,0.04905794,0.100779164,-0.051463044,0.017549348,0.044894319,-0.017822759,0.070652284,3.18166E-14
03ADL0015,17.92047896,-3.780567952,4.356399549,1.315448744,-1.061310172,1.882441931,-0.009650427,3.038385882,0.27172314,-1.588907168,1.773563063,-0.865673557,-0.317341601,-1.029372679,-0.244299427,1.04506842,0.069185524,-0.581592627,-0.658571752,-0.316824535,0.274851348,0.998802974,0.990012788,-0.223512751,0.196176965,-0.576317741,0.059395362,-0.066650413,-0.888321091,0.405867673,-0.134904375,0.153633555,0.112905012,-0.094672842,-0.417944025,0.138220579,0.381460808,-0.156127497,0.096958144,-0.183651619,0.1663136,-0.082542539,-0.186072447,-0.119839825,-0.061546123,-0.17443979,0.169268733,0.2128257,-0.32063456,-0.04921666,0.142867924,-0.152894089,-0.070016371,-0.126586744,0.131484388,0.033539521,0.100869487,-0.151294536,0.21475867,-0.043456364,0.121049313,-0.002576184,0.077049958,-0.189063445,-0.03282115,0.00651697,0.221588015,-0.116652253,-0.221964207,-0.249121767,0.188503344,-0.250821843,-0.146021141,0.165754298,0.141572527,0.049732995,0.055699462,-0.187765696,-0.085056581,-0.17346205,0.005769189,-0.10432647,0.117201397,-0.030627835,-0.127383547,-0.207052269,-0.180608562,-0.076454912,-0.046888338,-0.101255275,-0.060431597,0.014846356,-0.119406696,-0.083107605,-0.224661723,-0.064724226,-0.047216929,-0.170536128,-0.063268021,-0.040147935,-0.07583844,0.02574248,0.094536044,-0.047804697,0.058534737,0.070471949,0.056092511,0.006192702,0.09898836,-0.099589533,-0.09075894,-0.068369559,-0.161306016,-0.029258067,-0.114795628,0.027271968,0.156660763,0.008990895,0.191435638,-0.212086044,0.302874428,-0.082983538,-0.099548904,-0.158495565,0.119773929,-0.052519737,0.087608286,-0.050120115,-0.080546737,0.024629274,-0.092371731,0.031469869,0.021467845,-0.001450596,0.003253336,-0.124700535,-0.009527148,-0.076848068,-0.070651847,0.041662382,-0.033848722,0.092142416,-0.058468437,0.082164311,0.132251059,0.054673895,-0.038504842,0.005408959,-0.052328373,-0.161178049,-0.060298083,-0.009671415,-0.00164217,0.026436677,-0.080473658,-0.008816782,0.025485081,-0.025113624,0.026359932,0.014627211,-0.001873466,-0.044369242,0.050648297,0.029735253,-0.019467884,-0.024464932,-0.013504634,0.061455677,0.060480594,0.012985391,-0.022678927,0.036395258,0.023224659,0.016050341,0.10073748,-0.038013515,0.009407018,0.001595405,-0.021931016,-0.089869971,-0.030866432,0.025200011,-0.031943741,-0.024020219,0.012264605,-0.028177604,-0.007967053,-0.007379016,-0.02236126,8.37848E-14
03ADL0016,-3.211339668,0.239978863,-4.786704934,-1.472102622,-3.05504761,-0.883069311,-1.275526678,0.710839851,0.43889914,1.257246711,0.24492844,-0.453548286,0.554685062,-0.392725536,0.631658739,0.571744153,-0.014669654,0.697904343,0.236366263,0.223325717,-0.624443176,-0.15617954,0.346962832,-0.317662668,-0.220479765,-0.900204401,0.110527065,-0.558182926,-0.541217719,-0.068048056,0.486753942,-0.261661753,0.175866603,0.340239763,0.392796401,-0.288002988,-0.157592359,0.316122328,-0.23403941,-0.043140212,0.14755246,-0.136372852,-0.332349264,0.294083541,-0.110799059,-0.229580184,-0.229439531,-0.17893028,0.105749555,-0.103640727,-0.32689144,-0.009989571,0.038132174,-0.034454303,0.043195922,-0.178982866,-0.12978314,-0.062990739,0.146484252,-0.112360108,-0.049010031,-0.121608047,-0.213513012,-0.054218748,0.002802196,0.048121148,0.089710812,-0.015391672,-0.003436472,-0.162789382,0.044005891,0.046121496,-0.223001743,-0.070816771,-0.087216964,0.022586424,0.101293284,-0.147393148,-0.072970109,-0.067855484,0.197284929,0.063859348,0.07729125,-0.045125512,-0.148671189,-0.045631352,-0.167573204,0.236168774,-0.040342618,0.08442722,0.030943712,-0.046849568,-0.019859818,0.140758985,0.080524834,-0.03111193,-0.085198492,-0.069591337,-0.05651529,0.004969063,0.039613807,-0.002160495,0.0098978,-0.087411893,-0.094961818,-0.168942091,0.018472107,0.011168769,0.137305348,0.000337346,0.039977148,0.059655195,-0.037561193,-0.020265868,0.005218468,0.001445942,0.067885592,0.094882123,-0.010842736,0.083461825,-0.151046541,-0.017746479,0.046929498,-0.069845762,0.004783451,0.066573045,0.059655682,0.08052824,-0.004024312,-0.071545354,-0.017104115,0.077165974,0.041505259,0.173792771,0.018178379,-0.130805345,-0.012513314,-0.085056567,0.007184629,0.013144326,-0.007709159,0.016315536,-0.042237717,-0.01241008,0.04949662,-0.054830239,-0.061624953,-0.144680388,0.047870955,0.04048849,-0.040753039,-0.116148853,0.052232839,-0.036045835,-0.018284042,-0.163484377,-0.017405117,0.188472153,0.004427802,-0.067137502,-0.115413132,0.077644117,0.085119088,-0.074105321,0.040735489,-0.096633702,-0.017501258,0.001119611,-0.042265082,0.04503072,-0.102667853,-0.078441188,0.022241021,0.055463357,-0.077555932,-0.051628615,0.089134498,-0.015324558,0.009843844,0.131966138,0.096688725,-0.038756277,-0.143422282,-0.154544075,-0.068989636,-0.013262303,-0.019396727,-0.015607549,0.047757433,-4.02454E-15
03ADL0017,-7.432124142,-1.385799119,-1.216956736,-1.960473046,0.949762959,0.243497068,-4.572321353,0.589305076,0.722360051,2.041296932,2.534186857,-0.545744085,-0.329676667,-0.236286266,-1.270929483,-0.369122033,-0.04146336,0.509673553,0.177700524,-0.813758252,-0.688148447,-0.079222584,0.231756084,-0.021151967,0.310478134,-0.235193346,0.078637264,-0.388426978,-0.566922622,0.432393882,0.203821402,0.017228753,0.132936049,-0.484408994,0.219024339,0.012922424,0.035791469,-0.366626497,0.515953001,0.02027269,0.3651913,0.18001922,-0.371528794,0.329374792,-0.166816605,-0.22172634,0.039197783,-0.141108057,-0.031582966,0.046881135,0.484553227,0.196818471,0.182881619,0.019322117,0.144245241,0.166592213,-0.413234909,-0.009564193,-0.049250422,-0.126162903,-0.106377994,-0.121646868,0.122936662,-0.190039656,0.071138461,0.02714723,0.083846254,0.152909143,-0.105604383,0.033611425,-0.074312748,0.016203344,-0.052063248,0.193341302,-0.099331169,0.252902678,-0.011181718,-0.255871367,0.108795624,0.36942869,0.022049514,-0.0154963,0.087774192,-0.198858183,0.036781413,0.097515556,-0.017423279,-0.100174734,0.066567055,-0.00692146,-0.128818331,-0.090482859,-0.089249793,0.050396295,0.127700206,-0.029423665,0.107876694,-0.081669156,-0.079839542,-0.046097306,-0.139575419,-0.077830927,0.144891208,0.186277995,-0.027041969,-0.14347072,-0.090559552,0.067801427,-0.090571822,-0.030921605,-0.013827325,-0.001122655,0.066237585,-0.008236725,0.029693446,0.010675157,-0.234037905,-0.061073433,0.124563446,-0.107866073,-0.160289409,0.08664985,0.014166326,-0.026425517,-0.039699251,0.064914963,0.081163276,0.034267589,-0.066242548,0.010050328,0.098857282,-0.031689138,-0.003256426,-0.047967186,-0.014454699,0.026540936,-0.069990103,-0.001971609,-0.013851947,0.053026489,-0.200569944,0.0452763,-0.029359598,-0.031517165,0.063713371,0.088809967,0.028257696,-0.018807473,0.07921299,0.008489139,0.097893323,0.016036827,0.025633095,-0.000414556,0.019945298,-0.023089181,-0.022623481,-0.031714359,-0.160734617,-0.034086884,0.021893156,-0.08556529,0.003348948,-0.039058831,0.036413224,0.079528969,0.124238039,-0.033487281,-0.111064835,0.016282924,0.141457869,0.036180751,0.05515429,0.015302344,-0.044611492,0.032355888,-0.04746533,0.003174336,-0.011664892,-0.019279122,-0.069318614,0.060176963,-0.022552532,-0.01889324,-0.033088101,0.027762005,-0.008728835,0.018483599,0.007777398,1.89649E-14
03ADL0019,-1.585651141,-1.38376228,4.056565342,-0.494046336,0.809541438,0.460677571,-3.010647217,2.878284844,0.661290267,-0.162306347,1.802545961,-0.39287301,-1.629075719,-0.825913424,-1.185668778,-0.298268858,-0.826840539,0.110493209,0.008828237,0.048555932,0.173931927,0.297100378,0.037285304,0.232098351,0.296774401,-0.237369596,0.018865212,-0.459350471,-0.119167565,0.240726959,0.386608746,-0.064204704,-0.193958631,0.075856551,-0.193368006,0.014427698,-0.16634284,0.344585917,0.024220529,-0.064681203,-0.373543089,-0.1300649,0.291120145,-0.173161251,-0.128483293,0.106766763,0.061500579,-0.315645929,-0.248783153,-0.228216651,0.134689708,-0.02561844,0.08844373,-0.04337431,0.33821821,-0.054565256,0.168025894,0.083831188,-0.079810725,-0.141453934,0.126340207,0.1045796,-0.0844757,-0.172824912,0.086933756,0.171770583,0.076076861,-0.043563554,0.004611242,-0.122711458,-0.057070033,0.159444793,0.02246858,0.042068865,0.078724403,0.059079366,-0.085740707,0.010667059,0.24970341,0.134212414,-0.086385353,0.093882629,0.142511275,-0.35322606,0.223052935,-0.120202808,-0.118748997,0.181997178,-0.057501089,0.097491772,0.024554539,0.05825028,-0.014074729,-0.038893512,-0.039776158,-0.071302994,0.014662734,-0.105355352,0.023548661,-0.092609941,0.020084181,-0.204696648,0.051807162,0.030740641,-0.017736534,0.101160635,-0.021115001,-0.011050492,-0.064923622,0.000970082,-0.14134557,-0.00416672,0.027600484,-0.031310175,0.119938756,-0.148395366,-0.024102255,-0.038751913,-0.103379393,0.196074892,0.096511294,-0.034654041,-0.091188051,0.122266182,-0.052714843,0.000239448,-0.101871542,-0.213721582,0.024186568,-0.03439566,-0.107668243,-0.037009316,0.026001873,-0.076601933,0.070531612,-0.017776547,0.097546128,0.151731952,0.001013573,0.079266446,0.145830664,0.112642975,-0.050713161,0.126133148,-0.087750392,-0.182768468,0.029805172,-0.011485441,-0.089014147,0.033479964,-0.034362433,-0.119050944,0.013179066,0.028146088,0.007996575,-0.001656308,-0.049344203,0.103845037,0.024674611,-0.019065045,0.034789186,0.116195034,-0.001813042,0.056806653,-0.06683718,0.061630217,0.083533394,0.004609896,-0.032765499,0.032048275,0.072514637,-0.033147061,0.019155793,0.060153055,-0.024373646,0.070194309,0.144865504,0.062843938,0.040860976,0.037173671,0.029785749,0.014018635,0.061985178,0.039501394,0.02038301,0.026428043,0.036703167,-0.093426066,0.028062274,8.02621E-15
03ADL0025,-7.574269307,2.187773227,-1.826899043,-1.417892044,-3.724290121,0.179471997,0.064440339,-1.304069699,-1.55368489,1.253752958,1.490796362,-0.765934989,-0.61378634,-0.330112689,0.072576432,-0.57371408,-1.606464524,-0.374777119,0.296382098,0.130200982,0.078642753,-0.560693088,0.684833031,0.817254577,1.305785673,-0.062733266,0.314434412,0.111229042,-0.643373936,-0.23148306,0.7938724,-0.466363448,0.207219975,-0.167952817,-0.468630459,-0.108397071,0.399487028,0.464145272,0.374818535,0.152170268,0.428503916,-0.346472708,-0.130810031,0.05871019,0.07418707,-0.11578947,-0.159691581,-0.055572004,-0.127364626,-0.14213447,0.025144386,0.450956932,0.176505358,-0.010306091,-0.011957852,0.117868812,0.011128944,0.25773577,0.138735982,0.026778979,-0.086027091,0.134132714,-0.226758872,0.170918235,0.1009929,-0.095836433,-0.095439729,0.003645583,0.203524967,0.08795101,0.046866371,-0.012175502,-0.186517759,0.032275075,-0.321510368,-0.111528597,0.048452247,0.071449687,-0.013166741,-0.285467018,-0.051810517,0.03407899,-0.049758822,-0.028803806,-0.098662509,0.060485836,0.084509369,0.169122764,0.07516608,0.099097967,-0.056232473,-0.097218664,0.146952586,0.073367736,0.018094915,0.141832495,0.154026671,0.043131797,-0.038628785,0.225172044,-0.076200305,-0.022195597,0.030464979,-0.036136186,0.077983688,0.008868702,-0.097770061,0.022189126,-0.056176984,-0.020746775,0.036113549,-0.083537798,-0.055124205,0.083492169,-0.143855269,0.069185905,0.01601009,0.170233851,0.04921819,0.104418581,-0.05308174,0.001166583,-0.027285641,0.029001924,-0.018362749,-0.109574424,0.23104513,-0.013969674,-0.0946569,0.053871144,-0.037057768,0.028575577,-0.150427916,0.068215804,-0.049005378,0.076882599,0.04959062,0.112960745,0.134083317,0.019003379,0.020543223,-0.011995083,0.048636912,0.03368138,-0.053890099,0.055375205,0.105552726,-0.003960333,-0.005037096,-0.015356243,0.0040883,-0.02478367,0.002996414,0.046886635,-0.040029935,0.031818782,0.104085852,-0.028196142,0.042281336,-0.00244258,-0.015614965,0.047083435,0.005324963,0.070015431,-0.051223227,0.069625407,-0.120675276,0.014123463,0.044946483,0.000835308,0.072315258,0.063968197,0.067653826,0.060156799,0.060461079,-0.088739517,-0.016610647,0.012973062,-0.016966527,-0.048266526,0.050698469,0.006293687,0.101302585,-0.03846565,0.055804107,-0.01528738,-0.044036159,-0.00046756,0.030390141,2.90201E-14
03ADL0026,9.185231123,-2.307166833,-0.113535916,-0.306247209,-1.077055966,-1.585597401,-0.606033404,1.216538712,0.684464983,1.231814534,1.991434183,-0.248694083,-1.009771511,-0.558509113,-0.36625357,0.597828746,-0.513822682,-0.104841785,-0.050060925,0.448265654,-1.078884124,0.732555299,0.021510578,-0.153751308,0.672101972,-0.209762679,0.177980985,-0.029197362,-0.101126921,-0.320578598,0.042683969,-0.038058933,0.500086816,0.11072413,0.86332587,-0.045968965,0.097547199,0.193658307,0.062134178,0.300019607,-0.245661414,0.032282505,-0.338378113,0.504523803,-0.41423612,0.125021367,0.113105106,-0.319492192,0.172948904,-0.145841652,-0.206099529,-0.184773886,-0.138573321,-0.015973214,0.053013241,-0.110420889,-0.0558105,-0.122533617,0.001268585,0.027081267,0.162492356,0.065205947,0.092362741,0.157332,-0.219992729,-0.105820612,0.078612101,0.168626732,-0.178764699,-0.157403246,-0.107598812,0.051182638,-0.116894677,0.002251945,-0.142190581,0.036900772,0.03398092,0.104538907,-0.132820828,0.197051886,0.149771482,0.177873451,-0.153521433,-0.029524288,-0.137574465,0.045169176,-0.053558844,-0.002913232,-0.051599512,-0.003995609,0.084243344,0.066283943,-0.060766854,0.018404204,0.10776695,-0.055823845,-0.03972104,0.074370867,0.111353428,-0.02212423,0.112657109,0.174436536,-0.053627504,-0.112502855,0.111056361,0.088021467,0.245812234,-0.076879316,0.010374951,-0.12014061,-0.031721011,0.033588694,-0.033893903,-0.010482611,-0.150834561,-0.1003134,0.077796445,-0.074209547,0.013667414,-0.065636203,-0.073583976,-0.059901376,0.018720981,-0.10777211,-0.070278116,0.04235222,-0.125344144,0.051936453,0.080414163,0.081726542,-0.011695331,0.028419924,-0.100300709,-0.050498472,-0.029764579,-0.035908137,-0.035708913,0.094324823,0.090593141,0.023019081,-0.102586174,-0.105946931,-0.018619067,0.063260655,0.009286517,-0.0163026,0.048395333,0.108147041,-0.002638501,-0.020818614,0.092931934,0.0063741,-0.086873548,0.033802863,0.026289493,0.113948215,0.012685546,-0.019705669,0.034516277,0.023001973,-0.036637259,-0.032665614,-0.109732739,-0.065924347,0.0094957,0.060954136,-0.068240656,-0.044224488,0.005225274,0.052177011,0.025724143,-0.093255882,-0.114423447,-0.063832949,0.01062204,-0.013619801,0.101378589,0.102571219,0.140435125,-0.134511316,0.048515298,-0.064456804,0.042722951,0.037036904,0.087111431,0.06622424,0.000828697,0.072554155,0.002020811,7.47851E-14