SubjectID,id_number,qff_dob_year,datetimestamp,qff_date,qff_dob_month,qff_gender,qff_carrot_juice_frequency,qff_carrot_juice_amount,qff_vegetable_juice_frequency,qff_vegetable_juice_amount,qff_grapefruit_juice_frequency,qff_grapefruit_juice_amount,qff_grapefruit_juice_calcium,qff_fruit_juice_frequency,qff_fruit_juice_amount,qff_fruit_juice_calcium,qff_other_juice_frequency,qff_other_juice_amount,qff_other_juice_diet,qff_milk_frequency,qff_milk_amount,qff_milk_kind,qff_choc_milk_frequency,qff_choc_milk_amount,qff_choc_milk_fatfree,qff_protein_drink_frequency,qff_protein_drink_amount,qff_soda,qff_soda_summer_frequency,qff_soda_year_frequency,qff_soda_amount,qff_soda_diet,qff_soda_caffeinefree,qff_sports_frequency,qff_sports_summer,qff_sports_year,qff_sports_amount,qff_energy_drinks,qff_energy_summer,qff_energy_year,qff_energy_amount,qff_beer,qff_beer_summer,qff_beer_year,qff_beer_amount,qff_water,qff_water_summer,qff_water_year,qff_water_amount,qff_water_tap,qff_water_sweetened,qff_water_unsweetened,qff_wine_frequency,qff_wine_amount,qff_liquor_frequency,qff_liquor_amount,qff_hotcereal,qff_hotcereal_winter,qff_hotcereal_year,qff_hotcereal_amount,qff_hotcereal_butter,qff_coldcereal,qff_coldcereal_amount,qff_coldcereal_type,qff_coldcereal_type2,qff_coldcereal_other,qff_coldcereal_other2,qff_coldcereal_milk,qff_coldcereal_milk_kind,qff_coldcereal_milk_added,qff_applesauce_frequency,qff_applesauce_amount,qff_apples_frequency,qff_apples_amount,qff_pears_frequency,qff_pears_amount,qff_banana_frequency,qff_banana_amount,qff_driedfruit_frequency,qff_driedfruit_amount,qff_peaches,qff_peaches_season,qff_peaches_year,qff_peaches_amount,qff_grapes_frequency,qff_grapes_amount,qff_cantaloupe,qff_cantaloupe_season,qff_cantaloupe_year,qff_cantaloupe_amount,qff_melon,qff_melon_season,qff_melon_year,qff_melon_amount,qff_strawberries,qff_strawberries_season,qff_strawberries_year,qff_strawberries_amount,qff_oranges,qff_oranges_season,qff_oranges_year,qff_oranges_amount,qff_grapefruit,qff_grapefruit_season,qff_grapefruit_year,qff_grapefruit_amount,qff_pineapple_frequency,qff_pineapple_amount,qff_other_fruit_frequency,qff_other_fruit_amount,qff_cooked_greens_frequency,qff_cooked_greens_amount,qff_raw_greens_frequency,qff_raw_greens_amount,qff_coleslaw_frequency,qff_coleslaw_amount,qff_cabbage_frequency,qff_cabbage_amount,qff_carrots_frequency,qff_carrots_amount,qff_beans_frequency,qff_beans_amount,qff_peas_frequency,qff_peas_amount,qff_corn,qff_corn_season,qff_corn_year,qff_corn_amount,qff_broccoli_frequency,qff_broccoli_amount,qff_cauliflower_frequency,qff_cauliflower_amount,qff_asparagus_frequency,qff_asparagus_amount,qff_winter_squash_frequency,qff_winter_squash_amount,qff_mixed_veggie_frequency,qff_mixed_veggie_amount,qff_onions_frequency,qff_onions_amount,qff_cookedveg_fats_frequency,qff_cookedveg_fats___1,qff_cookedveg_fats___2,qff_cookedveg_fats___3,qff_cookedveg_fats___4,qff_cookedveg_fats___5,qff_cookedveg_fats___6,qff_cookedveg_fats___7,qff_cookedveg_fats___8,qff_cookedveg_fats___9,qff_cookedveg_tablefats_frequenc,qff_cookedveg_tablefats___1,qff_cookedveg_tablefats___2,qff_cookedveg_tablefats___3,qff_cookedveg_tablefats___4,qff_cookedveg_tablefats___5,qff_cookedveg_tablefats___6,qff_cookedveg_tablefats___7,qff_cookedveg_tablefats_fats,qff_cookedveg_tablefats_sauces,qff_sweetpeppers_frequency,qff_sweetpeppers_amount,qff_tomatoes,qff_tomatoes_season,qff_tomatoes_year,qff_tomatoes_amount,qff_lettuce_frequency,qff_lettuce_amount,qff_lettuce_dark,qff_dressings_frequency,qff_dressings_amount,qff_sweetpot_frequency,qff_sweetpot_amount,qff_fries_frequency,qff_fries_amount,qff_potatosalad_frequency,qff_potatosalad_amount,qff_bakedpotato_frequency,qff_bakedpotato_amount,qff_bakedpotato_sourcream,qff_bakedpotato_sourcream_added,qff_bakedpotato_margarine,qff_bakedpotato_butter,qff_bakedpotato_butmarg,qff_bakedpotato_cheese,qff_bakedpotato_cheese_amount,qff_salsa_frequency,qff_salsa_amount,qff_catsup_frequenct,qff_catsup_amount,qff_stuffing_frequency,qff_stuffing_amount,qff_chili_frequency,qff_chili_amount,qff_mexican_frequency,qff_mexican_amount,qff_cookedbeans_frequency,qff_cookedbeans_amount,qff_cookedbeans_prepared,qff_otherveg_frequency,qff_otherveg_amount,qff_rice_frequency,qff_rice_amount,qff_rice_butter,qff_pancakes_frequency,qff_pancakes_amount,qff_pancakes_margarine,qff_pancakes_butter,qff_pancakes_butmarg,qff_pancakes_syrup,qff_pancakes_syrup_amount,qff_pasta_frequency,qff_pasta_amount,qff_macaronicheese_freq,qff_macaronicheese_amount,qff_pastasalad_frequency,qff_pastasalad_amount,qff_spaghetti_frequency,qff_spaghetti_amount,qff_spaghetti_saucemeat,qff_spaghetti_sauce,qff_spaghetti_butter,qff_bagel_frequency,qff_bagel_wholewheat,qff_bagel_amount,qff_bagel_margarine,qff_bagel_butter,qff_bagel_margbut,qff_bagel_creamch,qff_bagel_crch_amount,qff_sandwich_frequency,qff_sandwich_amount,qff_sandwich_white,qff_sandwich_mayo_freq,qff_sandwich_mayo_amount,qff_sandwich_marg_freq,qff_sandwich_butter_freq,qff_sandwich_butmarg_amount,qff_bread_frequency,qff_bread_amount,qff_bread_white,qff_bread_margarine,qff_bread_butter,qff_bread_margbut_amount,qff_bread_creamsh,qff_bread_crch_amount,qff_jam_frequency,qff_jam_amount,qff_peanutbut_frequency,qff_peanutbut_amount,qff_roastbf_frequency,qff_roastbf_amount,qff_coldcuts_frequency,qff_coldcuts_amount,qff_deliham_frequency,qff_deliham_amount,qff_deliham_fat,qff_other_ccuts_frequency,qff_other_ccuts_amount,qff_other_ccuts_fat,qff_tuna_frequency,qff_tuna_amount,qff_tuna_water,qff_tuna_mayo,qff_groundchick_frequency,qff_groundchick_amount,qff_ffburgers_frequency,qff_ffburgers_size,qff_ffburgers_amount,qff_ffburgers_often,qff_burgers_frequency,qff_burgers_amount,qff_burgers_lean,qff_meatballs_frequency,qff_meatball_amount,qff_hotdog_frequency,qff_hotdogs_amount,qff_hotdogs_fat,qff_beef_frequency,qff_beef_amount,qff_roastbeef_frequency,qff_roastbeef_amount,qff_steak_frequency,qff_steak_amount,qff_steak_fat,qff_spareribs_frequency,qff_spareribs_amount,qff_turkey_frequency,qff_turkey_amount,qff_chicken_frequency,qff_chicken_amount,qff_cooked_chicken_frequency,qff_cooked_chicken_amount,qff_cooked_chicken_fried,qff_cooked_chicken_white,qff_cooked_chicken_skin,qff_ham_frequency,qff_ham_amount,qff_pork_frequency,qff_pork_amount,qff_gravy_frequency,qff_gravy_amount,qff_liver_frequency,qff_liver_amount,qff_bacon_frequency,qff_bacon_amount,qff_bacon_fat,qff_sausage_frequency,qff_sausage_amount,qff_sausage_fat,qff_fried_shellfish_freq,qff_fried_shellfish_amnt,qff_shellfish_frequency,qff_shellfish_amount,qff_fresh_fish_freq,qff_fresh_fish_amount,qff_fried_fish_freq,qff_fried_fish_amount,qff_other_fish_freq,qff_other_fish_amount,qff_fats_frequency,qff_fats_type___1,qff_fats_type___2,qff_fats_type___3,qff_fats_type___4,qff_fats_type___5,qff_fats_type___6,qff_fats_type___7,qff_fats_type___8,qff_fats_type___9,qff_soy_frequency,qff_soy_amount,qff_soup_frequency,qff_soup_winter,qff_soup_year,qff_soup_amount,qff_soup_bean,qff_soup_cream,qff_soup_veggie,qff_soup_broth,qff_pizza_frequency,qff_pizza_amount,qff_pizza_meat,qff_crackers_frequency,qff_crackers_amount,qff_cornbread_frequency,qff_cornbread_amount,qff_biscuits_frequency,qff_biscuits_amount,qff_chips_frequency,qff_chips_amount,qff_chips_fat,qff_tortillas_frequency,qff_tortillas_amount,qff_tortillas_fat,qff_popcorn_frequency,qff_popcorn_amount,qff_pretzels_frequency,qff_pretzels_amount,qff_nuts_frequency,qff_nuts_amount,qff_protein_frequency,qff_protein_amount,qff_yogurt_frequency,qff_yogurt_amount,qff_yogurt_fat,qff_cottagech_freq,qff_cottagech_amount,qff_cheese_frequency,qff_cheese_amount,qff_cheese_fat,qff_sorbet_frequency,qff_sorbet_amount,qff_icecream_frequency,qff_icecream_amount,qff_icecream_fat,qff_cake_frequency,qff_cake_amount,qff_cookies_frequency,qff_cookies_amount,qff_doughnuts_frequency,qff_doughnuts_amount,qff_muffins_frequency,qff_muffins_amount,qff_strudel_frequency,qff_strudel_amount,qff_pie_frequency,qff_pie_amount,qff_fruit_pie_freq,qff_pudding_pie_freq,qff_pumpkin_pie_freq,qff_pecan_pie_freq,qff_chocolate_frequency,qff_chocolate_amount,qff_candy_frequency,qff_candy_amount,qff_eggs_frequency,qff_eggs_amount,qff_eggs_whites,qff_eggs_regular,qff_eggs_butter,qff_eggs_salad,qff_coffee_frequency,qff_coffee_decaf,qff_icedtea_freq,qff_icedtea_decaf,qff_icedtea_sweet,qff_icedtea_sweet_kind,qff_hottea_freq,qff_hottea_decaf,qff_sugar,qff_sugar_honey,qff_sugar_amount,qff_sugar_artificial,qff_sugar_artif_type,qff_sugar_artif_amnt,qff_creamer,qff_creamer_nondairy,qff_creamer_nondairy_amt,qff_creamer_nondairy_kind,qff_creamer_cream,qff_creamer_cream_amt,qff_creamer_milk,qff_creamer_milk_amount,qff_creamer_milk_type,qff_honey_frequency,qff_honey_amount,qff_margarine,qff_margarine_fat,qff_butter,qff_butter_fat,qff_mayo,qff_mayo_fat,qff_sourscream,qff_sourcream_fat,qff_creamcheese,qff_creamcheese_fat,qff_salad_dressing,qff_salad_dressing_fat,qff_summary_veg,qff_summary_fruit,qff_month_food___1,qff_month_food___2,qff_month_food___3,qff_month_food___4,qff_month_food___5,qff_month_food___6,qff_month_food___7,qff_month_food___8,qff_month_food___9,qff_month_food___10,qff_month_food___11,qff_month_food___12,qff_month_food___13,qff_month_food___14,qff_month_food___15,qff_month_food___16,qff_month_food___17,qff_month_food___18,qff_month_food___19,qff_month_food___20,qff_month_food___21,qff_month_food___22,qff_vegetarian,qff_vegetarian_exclude___1,qff_vegetarian_exclude___2,qff_vegetarian_exclude___3,qff_vegetarian_exclude___4,qff_vegetarian_exclude___5,qff_multivit,qff_multivit_freq,qff_multivit_minerals,qff_multivit_duration,qff_multivit_other,qff_antacids,qff_antacids_amount,qff_antacids_strength,qff_antacids_duration,qff_calcium,qff_calcium_dose,qff_calcium_vitd,qff_calcium_mag,qff_calcium_zinc,qff_calcium_duration,qff_iron,qff_iron_duration,qff_vitc,qff_vitc_dose,qff_vitc_duration,qff_vite,qff_vite_done,qff_vite_duration,qff_single_supp___1,qff_single_supp___2,qff_single_supp___3,qff_single_supp___4,qff_single_supp___5,qff_single_supp___6,qff_single_supp___7,qff_single_supp___8,qff_single_supp___9,qff_single_supp___10,qff_single_supp___11,qff_single_supp___12,qff_herbal_supp___1,qff_herbal_supp___2,qff_herbal_supp___3,qff_herbal_supp___4,qff_herbal_supp___5,qff_herbal_supp___6,qff_herbal_supp___7,qff_herbal_supp___8,qff_herbal_supp___9,qff_herbal_supp___10,qff_herbal_supp___11,qff_herbal_supp___12,qff_herbal_supp___13,qff_herbal_supp___14,qff_herbal_supp___15,qff_herbal_supp___16,qff_herbal_supp___17,qff_herbal_supp___18,pac_sweat,pbsi_father_select,pbsi_mother_select,shapeup_adult_study_complete,flash_2d___1,flash_2d___2,flash_2d___3,flash_2d___4,noflash_2d___1,noflash_2d___2,noflash_2d___3,noflash_2d___4,dxa___1,dxa___2,dxa___3,bia___1,bia___2,bia___3,visit_1_flowsheet_complete,gender,age_group,weight,height,bmi_calculated,bmi_category,race,adult_stratification_complete
01ADL0001,,1992,,9/27/2016,10,1,0,,1,1,1,1,1,1,1,1,2,2,4,0,,,0,,,4,3,1,2,2,2,5,4,0,,,,0,,,,1,1,1,2,1,7,7,2,5,1,5,1,1,5,1,0,,,,,0,,,,,,,,,3,2,4,2,3,2,5,2,8,1,1,1,1,2,2,3,0,,,,1,1,1,1,1,4,3,2,1,4,3,3,0,,,,1,1,2,1,1,1,8,3,1,2,3,1,2,3,1,1,3,2,1,0,3,1,5,1,1,1,2,1,1,2,5,2,8,2,2,0,0,0,1,0,0,0,0,0,7,0,0,0,1,0,0,0,,1,6,2,1,1,1,2,8,3,3,8,1,1,1,4,2,0,,1,2,1,,1,2,2,1,2,3,2,6,2,4,3,1,1,6,2,6,2,4,0,,0,2,2,0,,,,,,,1,2,1,1,0,,3,2,5,1,3,1,2,2,1,1,,5,2,6,2,4,4,2,1,1,,2,2,5,1,1,,1,,1,2,2,2,3,3,1,2,3,2,1,1,2,1,1,2,4,4,3,2,5,3,2,5,0,,,4,2,1,2,1,7,2,2,2,6,2,1,1,2,1,2,0,,3,2,4,2,2,1,2,5,1,1,2,0,,4,1,1,2,2,3,2,2,4,2,7,2,5,3,4,2,5,0,0,0,1,0,1,0,0,0,1,2,1,2,3,3,2,1,2,3,4,3,5,2,1,1,2,1,2,4,2,1,3,2,1,2,2,0,,7,1,0,,2,2,5,0,,9,2,1,1,2,5,3,1,4,2,3,2,3,2,1,2,1,1,1,2,2,2,3,1,3,2,3,3,6,3,1,5,5,1,4,1,1,1,4,2,6,1,0,,,,,,0,,,,,,,,,6,3,0,,1,1,1,1,1,1,1,1,1,1,6,5,1,0,1,0,0,0,0,0,0,0,0,0,0,0,0,0,0,0,0,0,0,0,0,0,0,0,0,0,1,5,2,3,1,1,2,1,2,0,,,,,,0,,0,,,0,,,0,0,0,0,0,0,0,0,0,0,1,0,0,0,0,0,0,0,0,0,0,0,0,0,0,0,0,0,0,0,2,4,4,0,0,0,0,0,0,0,0,0,0,0,0,0,0,0,0,1,0,90.35,180.1,27.85484405,2,4,2
01ADL0002,,1991,,10/10/2016,4,2,0,,1,1,3,1,1,2,2,4,0,,,2,2,2,3,2,5,1,2,1,1,1,1,1,1,1,2,1,1,1,1,1,1,1,3,2,1,1,9,9,1,2,1,5,2,2,3,1,1,5,4,2,1,7,2,1,5,5,1,1,2,2,0,,7,2,4,2,9,2,3,2,1,2,3,2,5,2,1,0,1,1,1,1,1,1,1,1,1,2,1,2,6,2,1,2,3,2,2,1,9,2,8,3,8,1,1,1,0,,0,,4,3,4,3,1,2,4,2,7,1,4,3,3,3,0,,8,3,8,3,7,0,0,0,1,0,0,0,0,0,0,0,0,0,0,0,0,0,,,5,2,1,6,6,2,7,3,5,0,,3,1,3,1,0,,0,,,,,,,,,3,3,4,2,3,3,4,2,2,2,3,2,1,8,3,8,2,1,0,,,,,,,3,2,1,2,1,1,1,1,5,1,2,2,5,2,1,1,1,3,2,4,2,1,1,1,2,3,1,0,,,,,,,,1,1,6,2,4,3,3,3,2,2,2,3,2,3,4,2,5,4,4,3,0,,,,1,2,5,0,,0,,,1,2,1,2,1,2,2,4,1,0,,0,,0,,,,,1,2,4,2,1,1,2,2,1,1,5,3,1,5,0,,3,2,7,2,0,,7,2,4,0,0,0,1,0,0,0,0,0,1,1,1,1,4,2,2,1,5,2,0,,,3,2,1,1,1,1,1,2,5,1,1,5,2,1,1,2,5,1,5,2,0,,,,,0,,,0,,2,2,4,1,1,1,1,1,1,1,1,1,1,1,1,2,1,1,1,2,1,1,2,7,2,3,3,1,1,7,1,1,3,1,1,1,5,0,,,,,,1,1,1,3,3,1,5,2,1,1,1,0,,1,5,0,,0,,0,,,,8,4,0,0,0,0,0,0,0,0,0,0,0,0,0,0,0,0,0,0,0,0,0,1,0,0,0,0,0,0,0,,,,0,,,,,,,,,,,,,,,,,,,0,0,0,0,0,0,0,0,0,0,0,0,0,0,0,0,0,0,0,0,0,0,0,0,0,0,0,0,0,0,1,2,4,2,0,0,0,0,0,0,0,0,0,0,0,0,0,0,0,0,1,74.15,165.9,26.94128979,2,0,2
01ADL0003,,1992,,10/25/2016,10,2,1,1,1,1,1,1,1,4,1,,1,1,1,0,,,1,1,5,5,1,1,1,1,1,3,1,0,,,,1,2,2,1,1,7,4,3,1,8,8,2,5,2,2,5,1,3,2,1,1,1,2,1,1,1,2,1,3,3,1,2,2,1,1,2,2,0,,1,2,4,2,1,5,0,2,2,1,0,,,,1,1,0,2,1,2,4,2,1,2,2,2,0,,,,1,2,8,2,9,2,9,3,0,,0,,2,3,4,2,0,,0,,,,4,2,9,3,1,1,1,2,1,2,8,2,9,0,0,0,0,0,0,0,1,0,0,0,0,0,0,0,0,0,,,4,3,1,7,6,2,6,3,3,5,1,6,2,2,2,1,2,1,2,2,2,2,2,1,1,1,7,2,2,2,4,3,2,3,7,3,5,2,3,8,2,7,2,2,4,2,1,5,3,5,2,4,2,2,2,2,2,4,2,5,4,3,0,,,,,,,,4,2,2,5,2,1,3,2,2,1,2,1,5,3,2,2,1,1,7,2,2,3,1,2,0,,,4,3,3,1,2,5,1,6,2,2,1,2,1,3,2,4,5,2,2,2,1,4,2,4,3,2,2,3,2,2,2,2,7,2,6,2,2,5,2,0,,5,2,2,2,0,,1,3,2,4,2,3,0,,0,,4,2,1,2,4,2,8,0,1,0,1,0,0,0,1,0,4,2,1,6,2,2,3,2,3,5,3,2,5,3,2,2,3,2,3,4,2,3,4,2,2,1,2,1,2,6,2,5,2,2,2,5,0,,6,3,2,2,2,3,2,3,1,2,4,2,2,2,4,2,1,2,2,2,3,3,3,1,2,1,4,2,9,2,1,5,3,1,6,1,6,3,1,,6,2,0,,,,,,0,,,,,,,,,5,1,0,,1,2,0,,0,,0,,1,2,8,4,1,0,0,0,0,0,0,0,1,0,1,0,1,0,1,0,0,0,0,0,0,0,0,0,0,0,0,0,0,,,,0,,,,,,,,,,,,,,,,,,,0,0,0,0,0,0,0,0,0,0,0,0,0,0,0,0,0,0,0,0,0,0,0,0,0,0,0,0,0,0,2,4,5,2,0,0,0,0,0,0,0,0,0,0,0,0,0,0,0,0,0,59.45,161.7,22.73692971,1,0,2
01ADL0004,4,,,10/28/2016,1,,,,,,,,,,,,,,,,,,,,,,,,,,,,,,,,,,,,,,,,,,,,,,,,,,,,,,,,,,,,,,,,,,,,,,,,,,,,,,,,,,,,,,,,,,,,,,,,,,,,,,,,,,,,,,,,,,,,,,,,,,,,,,,,,,,,,,,,,0,0,0,0,0,0,0,0,0,,0,0,0,0,0,0,0,,,,,,,,,,,,,,,,,,,,,,,,,,,,,,,,,,,,,,,,,,,,,,,,,,,,,,,,,,,,,,,,,,,,,,,,,,,,,,,,,,,,,,,,,,,,,,,,,,,,,,,,,,,,,,,,,,,,,,,,,,,,,,,,,,,,,,,,,,,,,,,,,,,,,,,,,,,,,,,,,,,,0,0,0,0,0,0,0,0,0,,,,,,,,,,,,,,,,,,,,,,,,,,,,,,,,,,,,,,,,,,,,,,,,,,,,,,,,,,,,,,,,,,,,,,,,,,,,,,,,,,,,,,,,,,,,,,,,,,,,,,,,,,,,,,,,0,0,0,0,0,0,0,0,0,0,0,0,0,0,0,0,0,0,0,0,0,0,,0,0,0,0,0,,,,,,,,,,,,,,,,,,,,,,,,0,0,0,0,0,0,0,0,0,0,0,0,0,0,0,0,0,0,0,0,0,0,0,0,0,0,0,0,0,0,,,,0,0,0,0,0,0,0,0,0,0,0,0,0,0,0,0,1,1,82.05,174.6,26.91473491,2,0,2
01ADL0005,5,1962,11/14/2016 16:37,11/14/2016,8,1,1,3,0,,1,1,0,0,,,0,,,0,,,0,,,0,,1,4,4,2,5,1,0,,,,1,1,1,2,1,2,2,2,1,7,7,2,1,1,5,1,2,6,2,0,,,,,7,2,1,1,1,5,1,2,3,0,,1,2,0,,1,2,6,1,0,,,,0,,1,1,1,1,1,6,6,2,1,1,1,1,1,1,1,2,1,1,1,3,0,,0,,8,2,6,2,1,2,5,1,3,3,4,2,1,2,1,1,0,2,4,3,6,3,4,2,4,3,0,,6,2,5,0,1,0,1,0,0,0,0,0,5,0,1,0,0,0,0,0,1,,6,2,0,,,,6,3,5,6,1,1,2,3,2,1,1,3,2,1,,1,5,1,1,,6,3,1,1,1,2,0,,5,2,3,2,1,5,3,3,2,3,1,1,1,5,2,5,2,1,2,0,,0,,1,2,5,1,3,2,1,2,1,1,,5,3,6,2,1,3,1,1,1,,1,2,5,1,5,3,1,,1,2,1,2,0,,6,2,0,,,0,,,1,1,3,5,4,2,3,3,2,5,3,2,5,0,,1,1,1,0,,3,2,3,2,1,1,2,1,3,1,3,1,3,1,1,5,0,,3,2,1,2,0,,3,1,1,2,2,1,0,,0,,3,2,0,,0,,7,0,1,0,1,0,0,0,0,0,3,3,1,3,3,2,1,2,5,5,2,2,3,2,1,1,2,0,,5,1,1,1,1,1,1,2,0,,3,1,0,,1,2,1,0,,7,3,1,1,1,0,,,1,2,4,1,0,,0,,0,,0,,,,,,3,1,2,2,5,2,1,5,3,1,6,1,1,1,1,,0,,1,1,1,1,,,1,1,,,1,,1,,,0,,0,,1,1,1,1,1,1,1,1,1,1,5,4,1,0,0,0,0,0,0,0,0,0,0,0,0,0,0,0,0,0,0,0,0,0,0,0,0,0,0,0,0,,,,0,,,,,,,,,,,,,,,,,,,0,0,0,0,0,0,0,0,0,0,0,0,0,0,0,0,0,0,0,0,0,0,0,0,0,0,0,0,0,0,1,5,4,2,0,0,0,0,0,0,0,0,0,0,0,0,0,0,0,1,1,99.35,188.23,28.04078626,2,4,2
01ADL0008,21,1985,1/13/2017 9:44,1/13/2017,2,2,1,2,3,2,1,1,5,1,1,1,0,,,0,,,0,,,2,2,1,1,1,1,5,3,1,3,3,2,1,3,3,2,1,2,2,2,1,8,8,2,2,3,3,2,2,1,2,0,,,,,0,,,,,,,,,0,,1,1,0,,0,,0,,0,,,,1,2,0,,,,0,,,,1,1,1,1,1,1,1,1,1,1,1,1,0,,0,,9,3,7,2,0,,0,,3,1,6,2,1,1,1,3,5,1,7,3,9,3,7,3,1,2,4,2,6,2,6,0,1,0,1,0,0,0,0,0,1,0,1,0,0,0,0,0,2,1,3,2,1,4,4,2,7,3,5,7,2,1,2,1,2,0,,1,2,3,2,1,3,2,5,3,6,3,1,2,1,2,3,2,5,2,2,2,1,9,2,3,2,1,1,1,1,5,2,5,2,1,1,1,1,0,,1,1,2,3,2,1,5,2,1,3,3,3,2,1,2,3,1,1,1,1,1,1,1,3,3,3,3,1,1,1,1,5,2,1,1,1,2,0,,,0,,,0,,,,5,3,0,,,,1,1,5,1,1,1,2,5,1,1,0,,1,1,5,0,,1,2,1,2,5,2,1,5,1,0,,0,,0,,0,,1,1,3,0,,,1,2,1,3,3,2,1,2,3,2,3,0,1,0,1,0,0,0,0,0,2,3,1,5,5,2,3,2,2,1,3,2,1,1,2,1,1,1,2,2,2,1,2,2,1,1,1,1,1,5,2,9,2,4,2,2,0,,9,2,1,2,2,1,1,1,1,1,1,2,1,1,0,,1,1,1,1,4,2,1,1,6,2,2,1,7,2,1,5,5,1,3,1,1,3,1,1,4,3,0,,,,,,0,,,,,,,,,0,,0,,1,1,0,,1,1,1,3,1,2,5,1,1,0,0,0,0,0,0,0,0,0,0,0,0,0,1,0,0,0,0,0,0,0,0,0,0,0,0,0,1,2,2,4,1,0,,,,0,,,,,,3,1,2,6,4,0,,,0,0,1,0,0,0,0,0,0,0,0,1,0,0,0,0,0,0,0,0,0,0,0,0,0,0,0,0,0,0,2,4,5,2,0,0,0,0,0,0,0,0,0,0,0,0,0,0,0,0,0,60.3,156.4,24.65152635,1,4,2
01ADL0010,15,1969,1/6/2017 9:55,1/6/2017,7,2,1,1,1,2,1,1,1,6,2,1,0,,,0,,,0,,,6,2,0,,,,,,0,,,,0,,,,0,,,,1,7,6,1,4,1,5,3,2,3,2,1,7,5,2,1,0,,,,,,,,,0,,5,2,0,,9,2,9,2,0,,,,0,,0,,,,0,,,,1,5,0,3,0,,,,0,,,,0,,9,2,3,3,4,2,0,,0,,3,3,0,,1,2,1,0,5,2,6,3,5,3,1,2,5,3,7,3,6,2,7,0,0,0,1,0,0,0,0,0,0,0,0,0,0,0,0,0,,,4,3,1,6,6,3,6,3,5,0,,3,3,0,,0,,0,,,,,,,,,2,3,0,,1,3,3,1,5,2,8,3,1,6,3,5,2,1,0,,,,,,,0,,0,,0,,3,1,1,5,1,0,,,,,,,,0,,,,,,,,4,1,1,1,1,1,1,1,0,,10,2,0,,0,,0,,,0,,,0,,,,0,,0,,,,0,,,0,,0,,,0,,0,,,,,0,,0,,0,,0,,,,,0,,0,,0,,0,,0,,,0,,,0,,1,2,6,2,0,,1,2,1,0,1,0,1,0,0,0,0,0,7,2,1,8,5,2,5,1,5,1,0,,,4,1,0,,0,,0,,,2,1,1,1,2,0,,9,1,0,,9,2,1,0,,7,2,1,0,,0,,,3,2,6,1,0,,2,1,1,2,1,2,3,3,1,,9,1,1,1,5,1,1,5,5,1,6,1,0,,,,7,4,1,5,2,1,,,0,,,,,,,,,9,2,0,,1,1,0,,0,,0,,,,7,6,1,0,0,0,0,0,0,0,0,0,0,0,0,0,0,0,0,0,0,0,0,0,1,1,1,0,0,0,1,4,2,4,1,0,,,,5,5,2,3,3,4,3,1,0,,,0,,,0,1,0,0,0,0,0,0,0,0,0,0,0,0,0,1,1,0,0,0,0,0,0,0,1,0,0,0,0,0,1,4,4,2,0,0,0,0,0,0,0,0,0,0,0,0,0,0,0,0,1,66.75,172,22.56287182,1,4,2
01ADL0011,,1972,,1/10/2017,4,2,1,1,2,1,4,2,5,3,2,3,1,2,3,1,1,4,1,2,3,0,,1,2,2,2,4,3,1,1,1,2,0,,,,1,3,3,2,1,8,7,1,3,1,5,2,2,1,1,1,1,1,1,1,1,1,2,1,2,2,1,4,1,0,,2,1,1,1,7,2,1,1,1,5,1,2,2,1,1,3,1,1,1,1,1,1,1,2,1,2,1,2,2,2,0,,,,1,2,2,2,6,2,5,1,0,,1,1,5,2,7,1,6,1,1,5,5,2,6,2,2,1,2,2,1,2,7,1,3,1,6,0,0,0,1,1,1,1,0,0,5,0,0,0,1,0,0,0,1,2,5,2,1,6,6,2,5,2,5,6,2,4,1,5,2,1,1,4,2,1,1,1,3,2,3,2,3,2,4,2,5,2,1,2,4,2,4,2,2,7,2,7,1,1,2,2,4,4,2,5,2,4,2,4,2,2,2,5,1,3,2,2,1,3,1,1,1,1,5,2,6,2,2,2,1,2,2,2,5,1,2,2,2,2,1,1,3,2,1,2,1,2,2,2,1,2,4,1,2,,1,1,3,2,4,2,1,1,2,5,1,2,5,5,2,1,2,3,4,2,1,2,1,2,4,1,2,3,2,3,2,3,2,2,3,3,1,2,3,2,4,2,0,,4,2,3,4,1,3,4,2,6,2,4,2,2,2,3,2,8,0,1,0,1,1,0,1,1,0,6,2,1,6,6,2,2,2,2,2,4,2,4,5,1,4,2,2,1,6,2,3,3,2,3,1,2,0,,5,1,5,2,6,2,4,0,,6,2,3,2,1,3,1,3,2,1,3,1,2,1,3,1,2,1,1,1,4,2,2,1,3,2,1,1,5,1,2,2,2,1,6,1,3,5,2,1,6,3,1,3,1,2,3,2,1,2,1,4,2,1,2,1,4,3,1,0,,1,3,1,3,1,3,1,3,1,3,6,5,0,0,0,0,0,0,0,1,0,0,0,0,1,0,1,0,0,0,0,0,0,0,0,0,0,0,0,0,1,5,2,4,0,,,,,,,,,,,,,,,,,,,0,0,0,0,0,0,0,0,0,0,0,0,0,0,0,0,0,0,0,0,0,0,0,0,0,0,0,0,0,0,2,5,5,2,0,0,0,0,0,0,0,0,0,0,0,0,0,0,0,0,1,66.5,157.2,26.91017747,2,0,1
01ADL0012,34,1962,1/25/2017 10:43,1/25/2017,5,2,0,,1,2,1,1,0,0,,,0,,,0,,,0,,,0,,1,1,1,2,1,1,0,,,,0,,,,1,4,4,2,,,,,,,,0,,1,2,1,4,4,2,1,1,1,1,1,4,1,1,3,1,0,,3,2,1,2,9,2,2,1,1,2,3,2,8,1,1,7,7,2,1,7,7,2,1,6,6,2,1,7,7,2,1,6,6,2,8,,8,2,10,2,8,2,4,2,2,2,4,2,4,2,4,2,1,7,4,2,8,2,5,2,4,2,1,2,2,2,9,,1,0,1,0,1,0,0,0,0,0,0,0,0,0,0,0,0,0,,,5,2,1,7,7,2,7,2,5,6,1,1,1,4,2,2,1,4,1,1,1,1,2,1,1,1,,,0,,,,1,1,4,2,4,2,2,10,2,8,2,,2,2,5,5,3,5,2,1,2,3,2,1,2,4,2,,3,4,2,2,1,1,3,3,5,,7,2,2,1,1,1,1,1,4,1,3,1,1,1,1,1,2,1,4,2,2,2,2,3,2,3,1,2,3,1,2,2,5,,1,2,3,1,2,3,3,2,3,3,1,2,2,1,3,2,,,2,2,4,2,1,1,2,4,2,4,1,1,2,1,1,2,2,2,1,2,0,,3,2,1,3,1,1,1,2,2,2,4,2,1,,3,2,2,0,1,0,1,0,0,1,1,0,4,2,1,4,4,2,3,2,3,2,5,2,4,4,2,2,2,2,2,6,1,1,6,1,1,4,1,4,2,9,1,2,2,9,,5,2,2,4,1,1,1,2,2,2,1,4,2,4,2,4,2,3,1,1,2,1,2,4,1,2,2,6,1,7,1,7,1,,4,1,1,6,1,1,1,1,,1,1,,,,,,,1,1,,,2,2,5,2,1,0,,0,,1,1,1,1,1,1,1,1,1,1,7,6,1,0,0,0,0,0,0,0,0,0,0,0,1,0,1,0,0,0,0,0,0,0,0,0,0,0,0,0,0,,,,1,,,,,5,4,2,2,1,4,0,,5,3,4,5,5,4,0,1,1,0,0,0,0,0,0,0,1,0,0,0,0,0,1,0,0,0,1,0,0,0,1,0,0,0,0,0,2,3,1,2,0,0,0,0,0,0,0,0,0,0,0,0,0,0,0,0,1,70.5,172.2,23.77512576,1,4,2
01ADL0014,60,1967,2/13/2017 11:19,2/13/2017,8,1,0,,1,2,3,3,5,3,3,1,3,2,1,0,,,1,2,1,0,,1,3,3,2,1,1,1,1,1,1,0,,,,1,2,2,2,1,4,4,3,5,1,1,0,,1,1,1,1,1,1,1,0,,,,,,,,,1,1,1,3,1,2,5,2,1,1,1,1,1,2,5,2,1,1,1,3,1,1,1,3,1,5,5,3,1,5,5,3,0,,,,1,2,4,2,3,1,0,,1,1,1,1,5,2,1,2,1,1,1,3,3,2,1,1,0,,1,1,1,1,5,2,2,3,3,1,1,1,1,1,1,1,1,0,1,1,1,1,1,0,0,0,2,2,6,1,1,5,3,2,7,2,2,6,1,0,,6,1,3,2,2,2,1,1,2,3,2,1,1,3,2,1,1,1,1,0,,1,1,1,1,2,2,2,0,,,1,1,1,2,2,2,1,1,2,1,2,1,1,2,2,,,,7,1,2,1,3,3,2,2,6,2,3,4,2,1,2,3,4,1,2,1,3,3,2,2,1,1,1,1,1,1,7,2,7,2,2,1,3,1,7,3,3,5,0,,1,2,2,4,1,2,5,1,2,1,2,1,1,2,1,1,1,2,3,1,2,1,2,1,2,1,2,2,3,5,7,2,7,2,1,1,1,2,4,3,1,4,3,1,4,2,2,3,2,3,2,2,3,3,5,0,1,0,1,0,0,0,0,0,0,,1,8,8,2,1,2,1,2,5,2,5,6,3,0,,0,,5,2,1,4,2,1,3,2,3,2,4,2,1,2,1,2,1,1,2,8,2,1,1,2,9,2,1,1,2,8,2,2,2,0,,1,2,1,2,2,2,2,2,8,2,8,2,7,2,1,5,5,1,7,1,1,1,1,1,3,1,1,5,1,1,,,1,1,1,3,3,2,2,2,1,9,2,1,1,1,1,1,1,1,1,1,1,1,1,1,4,0,0,1,1,1,0,1,0,0,0,1,0,1,1,1,0,0,0,0,1,0,0,0,0,0,0,0,0,1,2,2,2,1,1,1,3,4,2,5,1,1,1,2,0,,3,6,4,1,5,2,0,1,0,0,0,0,0,0,0,0,0,0,0,0,0,0,1,0,0,0,0,0,0,0,0,0,0,0,0,0,3,5,4,2,0,0,0,0,0,0,0,0,0,0,0,0,0,0,0,1,1,69.05,164.3,25.57929414,2,4,2
01ADL0016,,1993,,1/24/2017,6,1,0,,0,,2,1,0,0,,,0,,,2,2,2,0,,,0,,1,1,1,1,1,1,1,1,1,1,0,,,,1,2,1,3,1,9,9,3,5,1,2,1,2,1,3,1,8,7,2,1,0,,,,,,,,,0,,2,3,0,,3,2,6,2,1,3,0,2,7,1,0,,,,0,,,,1,7,7,3,1,6,5,3,1,1,1,2,1,3,1,3,7,2,0,,0,,0,,0,,5,3,1,2,1,1,2,3,7,2,2,3,1,3,0,,9,3,4,3,0,0,0,0,0,0,0,0,0,0,1,0,0,0,1,0,0,0,1,2,3,3,1,4,2,2,3,,4,3,3,3,3,3,3,0,,3,3,1,1,1,1,1,1,1,3,2,3,2,4,3,1,2,2,2,5,3,1,4,3,8,2,1,1,2,1,1,1,5,2,2,3,1,2,1,3,4,3,5,1,1,0,,,,,,,,3,2,1,1,1,1,1,1,3,2,3,1,1,1,1,1,2,2,7,2,0,,0,,1,3,5,2,3,5,1,3,4,2,3,3,3,3,2,3,3,2,4,3,3,2,2,1,0,,2,3,4,2,1,5,2,0,,4,3,7,3,1,5,4,1,3,7,3,1,1,0,,1,2,1,2,2,1,1,3,1,2,4,2,1,3,3,3,0,0,0,0,0,0,0,0,0,0,2,3,1,6,5,3,1,2,4,2,4,2,3,5,2,0,,0,,3,3,1,3,3,1,1,2,3,3,6,2,0,,3,2,5,0,,4,2,1,2,3,2,3,1,3,1,2,2,2,2,0,,0,,1,1,3,1,1,1,2,1,0,,9,2,2,5,1,1,0,,0,,,,7,1,0,,,,,,0,,,,,,,,,0,,0,,0,,0,,0,,0,,1,1,6,3,0,0,0,0,0,0,0,0,0,0,0,0,0,0,0,0,0,0,0,0,0,1,0,0,0,0,0,0,0,,,,0,,,,,,,,,,,,,,,,,,,0,0,0,0,0,0,0,0,0,0,0,0,0,0,0,0,0,0,0,0,0,0,0,0,0,0,0,0,0,0,1,7,4,2,0,0,0,0,0,0,0,0,0,0,0,0,0,0,0,1,0,73.55,171.5,25.00658739,2,0,1
01ADL0017,32,,1/25/2017 9:50,1/25/2017,1,2,2,2,1,2,3,2,3,0,,,0,,,4,2,2,0,,,0,,0,,,,,,0,,,,1,3,3,1,1,1,1,2,1,8,8,2,1,1,1,1,1,1,1,1,1,1,1,2,1,2,1,1,1,5,1,2,2,2,1,2,2,1,2,7,2,1,3,,,,,7,2,1,1,0,2,0,,,,1,7,7,3,1,7,7,3,0,,,,1,2,0,,8,2,7,3,1,1,0,,2,3,8,2,2,2,1,1,1,2,4,2,8,2,2,3,0,,0,,2,1,8,0,1,0,1,0,0,0,0,0,0,0,0,0,0,0,0,0,,,0,,0,,,,8,3,5,8,2,0,,2,2,1,2,4,1,1,1,1,5,2,1,1,8,3,1,1,0,,1,2,4,2,0,,,0,,4,2,1,0,,,,,,,1,2,0,,0,,1,1,3,1,1,4,1,2,3,3,2,1,1,0,,,,,,,,4,2,1,3,3,2,1,1,1,2,1,2,0,,0,,0,,,0,,,2,2,3,3,0,,1,1,2,3,0,,,4,2,1,2,3,0,,0,,0,,,0,,0,,1,,7,2,3,3,3,0,,0,,7,2,0,,1,2,,6,2,3,0,,4,2,4,2,0,,8,3,0,0,0,0,0,0,0,0,0,0,0,,1,4,4,,,,,,1,2,,0,,0,,0,,2,3,,0,,,2,2,2,3,2,3,2,2,8,2,5,2,2,2,2,,,,7,2,,2,2,1,2,1,2,0,,0,,0,,,,,,1,1,5,1,4,2,1,2,1,1,5,1,0,,,,0,,1,5,2,1,,,1,5,,,,,,,,0,,0,,1,3,0,,1,3,1,3,1,3,2,2,1,0,0,0,0,0,0,1,0,0,0,1,1,0,0,1,0,0,0,0,0,0,0,0,0,0,0,0,0,,,,0,,,,,,,,,,,,,,,,,,,0,0,0,0,0,0,0,0,0,0,0,0,0,0,0,0,0,0,0,0,0,0,0,0,0,0,0,0,0,0,2,7,7,2,0,0,0,0,0,0,0,0,0,0,0,0,0,0,0,0,0,61.9,164.8,22.79167452,1,2,2
01ADL0018,20,1958,1/12/2017 10:05,1/12/2017,10,2,0,,1,2,1,2,3,1,2,1,0,,,0,,,0,,,0,,1,7,4,2,5,5,0,,,,0,,,,0,,,,1,3,3,1,5,1,1,1,2,0,,0,,,,,1,1,1,1,5,1,1,5,1,0,,1,1,4,2,9,2,3,3,0,,,,5,3,1,1,0,2,1,1,1,2,1,1,0,2,1,1,1,2,0,,,,0,,0,,2,2,1,2,0,,0,,0,,5,2,0,,0,,,,0,,1,3,0,,1,2,8,3,7,2,7,0,0,0,1,0,0,0,1,0,0,0,0,0,0,0,0,0,,,4,2,1,4,2,2,4,3,5,4,2,1,3,2,3,0,,2,3,1,1,1,1,1,1,1,1,2,2,2,0,,0,,1,2,2,2,1,8,3,8,2,1,0,,,,,,,0,,0,,0,,3,2,1,5,1,7,1,2,1,1,1,5,2,3,2,3,1,1,1,1,1,1,1,4,1,1,1,5,,0,,2,3,0,,0,,0,,,0,,,0,,,,0,,0,,,,0,,,0,,0,,,0,,0,,0,,,0,,0,,0,,0,,,,,,,0,,0,,,,0,,,0,,,0,,0,,0,,0,,0,,0,0,0,0,0,0,0,0,0,0,8,3,1,1,1,2,1,1,5,1,1,3,1,2,3,0,,0,,3,3,1,1,3,1,3,2,0,,1,1,4,2,0,,,0,,5,,1,0,,0,,,,,2,1,0,,1,2,1,2,1,2,5,1,1,,1,2,1,1,,,,,,,6,,6,5,5,2,5,5,1,1,1,5,3,3,1,5,3,4,1,,1,,,0,,0,,0,,,,0,,0,,0,,6,5,0,0,0,0,0,0,0,0,0,0,0,0,0,0,0,0,0,0,0,0,0,0,1,1,1,1,1,0,1,5,2,4,1,0,,,,5,4,3,2,2,4,5,2,5,3,3,0,,,0,1,1,0,0,0,0,0,0,0,1,0,1,1,0,0,1,0,0,0,0,0,1,0,0,0,0,0,0,0,1,4,6,2,0,0,0,0,0,0,0,0,0,0,0,0,0,0,0,0,1,63.4,180.8,19.39511708,1,4,2
01ADL0019,48,1966,2/2/2017 10:12,2/2/2017,8,2,0,,2,1,2,1,5,1,1,1,0,,,1,2,4,0,,,0,,1,3,4,2,5,1,0,,,,0,,,,0,,,,1,9,8,2,3,1,5,6,2,0,,1,1,1,2,1,1,2,1,2,2,1,1,4,2,1,1,2,2,1,2,2,2,3,1,1,1,1,2,2,2,1,1,1,2,1,1,1,2,1,4,3,2,1,5,4,3,0,,,,1,2,6,2,4,2,7,3,1,2,1,3,5,3,3,2,1,2,1,4,1,2,4,2,1,2,4,2,1,3,1,2,0,,7,0,1,0,1,0,0,1,1,0,5,0,1,0,1,0,0,0,1,1,4,3,1,5,5,2,8,3,5,8,1,1,2,4,1,1,2,4,1,1,1,1,2,1,1,1,4,3,6,2,1,2,2,3,4,1,4,2,1,1,2,5,2,1,2,2,1,1,1,5,2,3,2,2,2,0,,2,2,,,,2,2,1,1,2,3,3,2,5,2,2,1,1,1,1,2,2,1,1,1,2,2,1,1,1,2,1,2,1,,0,,1,2,1,2,2,1,2,3,5,2,2,2,1,1,2,5,3,2,5,3,2,0,,,1,2,1,2,3,2,4,2,2,3,2,3,2,4,2,1,4,1,1,2,4,,1,1,0,,3,2,3,2,2,3,2,2,3,2,3,2,0,,1,2,6,0,0,0,1,0,0,1,1,0,2,2,1,2,2,2,2,3,4,2,3,2,1,3,2,1,2,0,,5,1,1,4,2,1,2,2,2,2,3,2,3,2,4,2,5,0,,6,2,1,0,,2,2,1,1,2,4,2,1,1,0,,1,1,1,2,1,1,2,2,1,1,1,2,5,2,1,5,1,1,8,1,5,2,1,2,3,3,1,1,1,1,,,1,1,1,2,5,2,1,,,0,,0,,1,1,1,5,1,2,1,3,1,4,5,7,1,0,0,0,0,0,0,1,0,0,0,0,0,0,1,0,0,0,0,0,0,0,0,0,0,0,0,0,0,,,,1,1,3,2,2,0,,,,,,0,,1,5,3,0,,,0,1,1,0,1,0,0,0,0,0,1,0,0,0,0,0,0,0,0,0,0,0,0,0,1,0,0,0,0,0,2,6,2,2,0,0,0,0,0,0,0,0,0,0,0,0,0,0,0,0,1,77.5,168.6,27.26381097,2,4,2
01ADL0020,40,1981,1/30/2017 10:03,1/30/2017,5,2,0,,0,,0,,,1,2,1,0,,,0,,,0,,,0,,1,1,1,1,2,1,0,,,,0,,,,0,,,,1,8,9,2,2,2,1,0,,2,1,1,9,9,2,1,0,,,,,,,,,0,,7,2,0,,4,2,0,,0,,,,0,,0,,,,0,,,,0,,,,1,9,9,2,0,,,,0,,0,,0,,9,2,0,,7,2,7,2,0,,0,,1,1,1,2,2,2,0,,0,,1,1,0,,1,1,9,0,0,0,1,0,0,0,0,0,0,0,0,0,0,0,0,0,,,0,,1,4,4,1,1,1,1,1,1,0,,1,1,,,1,1,2,2,1,2,1,2,2,0,,0,,1,2,0,,0,,0,,,8,2,10,1,1,0,,,,,,,0,,0,,0,,1,1,2,1,1,0,,,,,,,,1,1,2,1,1,2,1,1,0,,,,,,,,0,,0,,0,,0,,,,,0,,,0,,,,0,,0,,,,0,,,0,,0,,,0,,0,,0,,,0,,0,,0,,0,,,,,0,,0,,0,,0,,0,,,0,,,0,,0,,0,,0,,0,,0,0,0,0,0,0,0,0,0,0,,,1,9,9,,1,1,2,1,0,,,0,,0,,0,,0,,,0,,,0,,0,,0,,,,0,,,0,,0,,,0,,,,,0,,,,0,,0,,,,0,,,,,,0,,0,,0,,,,,,0,,,,,,0,,0,,,,,,0,,,,,,,,,0,,0,,0,,0,,0,,0,,0,,5,5,0,0,0,0,0,0,0,0,0,0,0,0,0,0,0,0,0,0,0,0,0,1,0,0,0,0,0,0,1,5,2,1,1,0,,,,0,,,,,,0,,0,,,0,,,0,0,0,0,0,0,0,0,0,0,0,0,0,0,0,0,0,0,0,0,0,0,0,0,0,0,0,0,0,0,2,6,6,2,0,0,0,0,0,0,0,0,0,0,0,0,0,0,0,0,0,44.5,153.7,18.83702334,1,0,2
01ADL0021,49,1991,2/3/2017 9:56,2/3/2017,4,1,0,,1,2,2,2,3,1,2,2,1,2,1,3,2,2,0,,,0,,1,1,1,2,2,3,1,1,1,2,1,1,1,1,1,3,3,2,1,7,7,3,4,1,1,2,2,2,2,1,1,1,2,1,4,2,1,1,1,4,1,2,2,0,,1,2,1,2,6,2,9,1,1,1,1,2,1,1,0,,,,1,1,1,2,1,4,4,2,1,2,1,2,0,,,,1,1,1,2,6,2,4,2,0,,0,,0,,0,,0,,1,1,1,2,5,2,6,2,1,2,0,,4,3,7,2,6,1,1,1,1,1,1,0,1,0,1,0,1,0,1,0,0,0,1,1,2,2,1,3,3,1,2,2,2,1,1,1,2,4,2,0,,1,2,2,1,2,2,1,1,1,1,2,4,2,2,3,1,3,4,3,4,3,5,5,2,9,2,1,2,2,3,3,2,5,2,1,2,1,3,0,,4,3,2,4,1,2,2,2,2,2,2,4,2,4,2,2,2,1,1,1,2,0,,,,,,,,0,,2,2,1,2,1,2,2,2,3,1,2,2,2,2,3,3,2,2,3,2,2,5,1,2,3,1,2,1,2,1,2,2,1,2,2,2,1,1,2,1,2,3,2,3,2,3,3,2,0,,1,2,2,2,0,,3,2,1,2,2,1,1,2,2,2,2,2,0,,1,2,1,1,1,1,1,1,1,0,1,0,0,,1,4,4,2,3,2,2,4,4,2,5,1,3,0,,1,2,3,2,1,1,2,1,4,3,1,1,2,2,5,2,9,2,2,0,,4,2,1,0,,5,2,1,1,1,1,1,1,2,0,,0,,1,1,5,1,2,1,4,2,4,2,9,2,1,5,3,1,2,1,1,2,2,1,2,2,1,2,1,1,,,1,3,1,4,3,1,3,2,2,1,1,1,3,1,2,1,3,1,3,1,1,1,1,6,4,1,0,0,0,0,0,0,0,0,0,0,0,0,0,0,0,0,0,0,0,0,0,0,0,0,0,0,0,1,1,2,1,1,0,,,,0,,,,,,0,,0,,,0,,,0,0,0,0,0,1,0,0,0,0,0,0,0,0,0,0,0,0,0,0,0,0,0,0,0,0,0,0,0,0,1,4,2,2,0,0,0,0,0,0,0,0,0,0,0,0,0,0,0,1,0,61.9,168.2,21.87956413,1,0,2
01ADL0022,23,1993,1/13/2017 11:50,1/13/2017,9,2,0,,1,1,1,1,1,1,2,1,1,1,1,0,,,0,,,0,,1,1,1,1,1,1,1,1,1,1,0,,,,1,1,1,1,1,8,8,2,3,2,2,1,1,2,3,1,4,1,2,1,2,2,2,1,2,3,1,2,3,0,,1,2,0,,2,2,1,2,0,,,,2,2,0,,,,1,1,1,2,1,1,2,1,1,1,1,2,0,,,,0,,5,2,7,3,5,3,0,,0,,3,1,2,3,2,3,1,2,2,2,1,3,2,3,0,,0,,7,3,4,3,9,0,0,0,1,0,0,1,0,0,9,0,0,0,0,0,0,1,1,1,0,,1,3,1,1,4,3,5,4,1,1,2,1,1,0,,1,2,1,1,1,1,1,2,2,1,2,2,2,2,2,0,,2,2,1,2,2,5,3,9,2,1,1,2,1,2,2,4,3,1,2,0,,2,2,0,,,,,0,,,,,,,,1,1,2,1,1,1,1,1,7,1,1,1,2,2,1,1,6,2,6,3,0,,0,,0,,,0,,,0,,,,3,2,0,,,,1,2,1,0,,0,,,0,,1,2,2,2,1,0,,0,,0,,5,2,1,3,2,0,,0,,0,,0,,0,,,0,,,2,2,2,3,5,3,0,,0,,5,0,0,0,1,0,0,0,0,0,5,2,1,6,4,2,1,1,3,2,1,3,3,0,,0,,0,,3,2,4,4,2,1,0,,0,,3,2,0,,2,3,3,0,,0,,,0,,3,2,2,1,1,0,,0,,0,,0,,0,,,,,,1,1,1,2,6,2,3,3,2,2,4,1,0,,,,6,4,0,,,,,,0,,,,,,,,,0,,0,,1,4,0,,0,,0,,0,,3,3,1,0,0,0,0,0,0,0,0,0,0,0,0,0,0,0,0,0,0,0,0,0,0,0,0,0,0,0,0,,,,0,,,,,,,,,,,,,,,,,,,0,0,0,0,0,0,0,0,0,0,0,0,0,0,0,0,0,0,0,0,0,0,0,0,0,0,0,0,0,0,2,5,3,2,0,0,0,0,0,0,0,0,0,0,0,0,0,0,0,0,0,51.4,158,20.58964909,1,0,2
01ADL0023,22,1988,1/13/2017 10:16,1/13/2017,8,2,0,,1,3,1,2,1,0,,,0,,,0,,,0,,,3,2,0,,,,,,0,,,,0,,,,1,2,1,1,1,9,9,1,5,1,1,0,,1,1,1,4,4,2,1,1,2,1,1,1,1,1,7,2,,,7,2,1,2,8,1,3,1,1,4,0,2,1,1,1,1,0,2,1,1,0,2,1,1,0,2,1,4,1,2,0,,,,0,,,,7,,9,2,1,2,2,1,6,,3,2,1,1,1,1,0,2,6,2,6,2,2,2,7,2,1,2,8,3,10,0,0,0,1,0,0,0,1,0,7,0,0,0,0,0,0,1,2,2,1,3,1,3,4,2,8,3,5,0,,8,1,1,2,0,,3,2,1,1,1,1,1,1,1,3,3,1,2,1,2,2,3,2,2,5,2,1,9,2,6,2,1,1,2,1,1,1,2,2,2,3,1,3,1,3,2,2,,,,1,5,2,1,1,1,2,2,2,2,1,2,2,1,1,1,1,2,1,1,1,1,1,1,1,2,8,2,1,2,3,2,0,,,0,,,3,2,1,1,5,2,0,,,,0,,,5,2,0,,,3,2,1,2,2,2,5,0,,1,2,1,2,0,,,,,0,,0,,0,,1,1,1,2,3,2,2,1,0,,1,2,5,2,0,,1,2,7,0,0,0,1,0,0,0,1,0,0,,1,6,5,2,3,1,3,4,1,2,3,0,,1,2,0,,0,,,2,2,1,1,2,2,2,9,2,4,2,4,2,1,2,2,1,,1,1,2,1,2,1,1,2,1,2,0,,1,2,1,2,1,2,4,1,2,1,8,1,0,,7,2,1,5,5,1,6,1,1,3,1,1,6,5,0,,,,,,0,,,,,,,,,3,2,0,,1,1,0,,0,,1,1,0,,8,6,0,0,0,0,0,0,0,0,0,0,0,0,0,0,0,0,0,0,0,0,0,1,0,0,0,0,0,0,1,2,2,1,0,,,,,,,,,,,,,,,,,,,0,0,0,0,0,0,0,0,0,0,0,0,0,0,0,0,0,0,0,0,0,0,0,0,0,0,0,0,0,0,1,5,6,2,0,0,0,0,0,0,0,0,0,0,0,0,0,0,0,0,0,61.05,163.7,22.7818144,1,4,2
01ADL0024,50,1989,2/3/2017 11:55,2/3/2017,10,2,0,,0,,1,2,2,1,1,1,0,,,0,,,1,1,2,0,,1,1,1,1,1,1,0,,,,0,,,,0,,,,1,7,7,2,1,1,5,1,1,0,,0,,,,,0,,,,,,,,,0,,5,1,3,1,1,2,1,1,0,,,,2,2,1,1,0,1,0,,,,1,1,1,1,1,6,4,1,0,,,,1,1,3,1,9,3,5,3,0,,1,1,5,1,6,3,1,1,1,1,1,1,7,3,1,1,1,2,1,2,2,2,1,2,6,0,0,0,0,1,1,0,0,0,1,0,0,0,0,0,0,1,1,1,4,2,1,2,1,2,3,2,2,3,2,1,1,3,3,0,,1,2,1,1,1,5,2,1,1,1,2,3,1,5,3,0,,1,1,1,1,5,7,2,9,2,1,1,1,1,5,2,5,2,1,2,1,2,0,,5,2,2,1,2,0,,,,,,,,4,1,1,1,1,1,1,2,4,1,4,1,1,1,1,1,1,1,1,1,1,2,1,2,0,,,1,1,3,0,,,,1,2,1,2,2,3,1,2,5,3,2,0,,,5,2,1,2,1,2,4,4,1,0,,1,2,1,1,4,4,2,1,1,5,1,4,1,0,,1,2,1,1,1,1,0,,1,1,5,2,0,,7,2,1,0,1,0,0,1,1,0,0,0,8,3,1,7,5,2,1,1,5,4,2,2,5,3,1,0,,0,,4,2,2,4,2,4,0,,0,,2,2,0,,1,2,4,0,,2,1,2,1,2,4,2,1,3,1,5,2,1,2,0,,0,,0,,,,,,4,1,4,1,4,1,1,2,3,1,4,1,0,,,,8,1,1,2,2,1,,,1,1,1,1,4,2,5,2,2,5,1,0,,1,3,0,,0,,1,3,1,3,5,3,0,0,0,1,0,0,0,0,0,0,0,0,0,0,0,1,0,0,0,0,0,0,0,0,0,0,0,0,0,,,,0,,,,,,,,,,,,,,,,,,,0,0,0,0,0,0,0,0,0,0,0,0,0,0,0,0,0,0,0,0,0,0,0,0,0,0,0,0,0,0,2,1,5,2,0,0,0,0,0,0,0,0,0,0,0,0,0,0,0,0,0,62,160.4,24.09810884,1,0,2
01ADL0025,65,1976,2/15/2017 11:49,2/15/2017,10,2,0,,0,,2,1,5,2,1,1,0,,,9,2,4,0,,,2,2,1,1,1,2,1,1,1,3,3,2,0,,,,0,,,,1,9,8,2,5,2,2,0,,5,2,0,,,,,4,1,1,1,5,1,1,4,2,0,,0,,0,,0,,0,,0,,,,5,2,0,,,,0,,,,1,4,4,2,0,,,,0,,,,0,,6,2,0,,0,,0,,3,2,0,,0,,3,2,1,3,4,2,8,2,7,2,3,2,3,2,0,,4,3,7,0,0,0,0,0,0,1,0,0,4,0,0,0,0,0,0,1,,,5,2,1,4,4,2,6,2,5,6,2,0,,4,2,0,,3,1,3,1,2,2,1,1,,0,,0,,0,,1,2,4,2,4,2,1,5,2,0,,,1,2,5,5,3,5,2,4,2,3,2,3,2,3,2,5,1,2,0,,,,,,,,4,1,1,5,2,1,1,1,0,,,,,,,,4,2,9,2,4,2,4,2,0,,,0,,,0,,,,4,2,4,2,2,1,2,2,5,3,2,0,,,3,2,0,,0,,,3,2,4,2,4,2,3,2,3,5,1,0,,4,2,4,2,0,,3,2,1,4,2,2,0,,0,,0,,0,,0,,4,0,0,0,0,0,0,1,0,0,5,2,1,2,4,2,3,2,,4,4,2,5,6,2,0,,0,,1,2,1,3,2,2,0,,1,2,7,2,0,,7,2,5,7,2,4,2,1,0,,0,,,0,,3,2,0,,0,,0,,0,,,,,,0,,0,,6,2,1,5,5,4,7,1,2,1,1,,0,,0,,,,,,0,,,,,,,,,0,,1,1,1,1,1,4,1,5,1,5,1,4,2,4,1,0,0,0,0,0,0,0,0,0,0,0,0,0,0,0,0,0,0,0,0,0,0,0,0,0,0,0,0,,,,1,0,,,,0,,,,,,0,,0,,,0,,,0,0,0,0,0,0,0,0,0,0,0,0,0,0,0,0,0,0,0,0,0,0,0,0,0,0,0,0,0,1,2,2,7,2,0,0,0,0,0,0,0,0,0,0,0,0,0,0,0,0,1,72.05,166.6,25.95876286,2,4,2
01ADL0026,27,1980,1/19/2017 9:45,1/19/2017,5,1,0,,1,3,0,,,1,2,3,0,,,0,,,0,,,0,,1,3,3,2,5,1,0,,,,1,1,1,2,0,,,,1,8,8,3,5,3,3,0,,1,1,1,4,4,2,1,4,2,1,1,1,1,1,7,2,3,2,3,2,3,2,0,,0,,1,6,0,2,3,2,0,,,,0,,,,1,7,7,2,0,,,,0,,,,2,2,0,,3,2,3,2,0,,0,,0,,2,2,0,,0,,,,7,3,7,3,2,2,0,,0,,4,3,7,0,1,1,1,0,0,0,0,0,0,0,0,0,0,0,0,0,,,4,2,0,,,,0,,,0,,2,2,2,2,0,,2,3,1,1,1,5,2,3,2,4,2,4,2,2,2,2,2,4,2,4,2,3,0,,4,2,1,3,3,1,5,3,5,2,1,2,0,,0,,2,1,,,,1,1,2,1,5,3,1,1,3,2,5,1,1,1,2,2,3,2,5,1,5,3,1,1,2,2,2,2,3,2,0,,0,,,0,,,4,2,3,1,5,3,3,2,2,5,4,3,5,4,3,0,,,1,2,1,2,4,2,3,0,,0,,0,,6,2,1,4,3,0,,5,2,3,2,0,,6,2,1,4,2,1,2,2,1,2,1,2,0,,0,,4,0,1,1,1,0,0,0,1,0,4,2,0,,,,,,,,3,2,3,0,,3,2,3,2,0,,,3,2,1,0,,0,,0,,0,,0,,,0,,7,2,1,4,2,0,,,2,2,2,2,3,2,2,2,1,3,3,2,5,,1,1,5,1,2,2,8,3,1,5,5,1,0,,3,1,1,2,6,1,0,,,,,,0,,,,,,,,,3,1,0,,1,1,0,,0,,1,1,0,,5,6,1,0,0,0,0,0,0,0,0,0,0,0,0,0,0,0,0,0,0,1,0,0,0,0,0,0,0,0,1,5,2,2,0,,,,,,,,,,,,,,,,,,,0,0,0,0,0,0,0,0,0,0,0,0,0,0,0,0,0,0,0,0,0,0,0,0,0,0,0,0,0,0,2,6,4,2,0,0,0,0,0,0,0,0,0,0,0,0,0,0,0,1,0,100.5,173.83,33.2595678,3,1,2
01ADL0027,28,1979,1/19/2017 11:19,1/19/2017,1,1,1,2,2,2,4,2,2,5,1,2,1,1,1,1,3,1,1,2,4,3,2,0,,,,,,1,1,1,2,1,2,2,2,1,2,2,2,1,9,9,2,4,2,2,0,,0,,1,6,6,2,2,0,,,,,,,,,0,,4,2,1,2,5,2,6,3,1,1,1,2,1,2,0,,,,0,,,,1,1,1,2,1,1,0,2,0,,,,0,,1,2,4,2,9,2,0,,1,2,6,2,0,,1,2,1,2,1,2,4,2,4,2,3,2,1,2,10,3,6,2,8,0,1,0,1,0,0,0,0,0,7,0,1,0,1,0,0,0,1,1,5,3,1,5,3,2,9,2,4,7,2,0,,5,2,0,,5,2,3,2,2,2,2,1,1,6,2,5,2,0,,1,2,5,2,6,2,3,8,,9,2,2,3,2,3,4,3,4,2,0,,3,2,3,2,3,2,4,2,2,3,5,2,2,2,2,4,3,8,2,2,3,2,1,1,2,3,2,3,4,4,2,2,3,5,2,7,3,3,3,6,3,5,2,1,4,3,1,5,3,5,3,5,3,2,3,2,5,3,2,4,5,3,0,,,5,2,5,3,4,3,3,4,3,6,3,6,3,6,3,2,4,2,2,3,6,3,1,2,0,,4,2,2,2,2,3,0,,2,2,4,3,0,,2,3,6,0,1,0,1,0,0,0,0,0,6,3,1,,1,2,3,1,4,4,3,2,4,1,2,0,,1,2,6,2,2,5,2,3,0,,0,,6,2,6,2,3,2,3,6,2,7,2,1,4,2,6,2,4,1,1,0,,0,,5,2,2,2,1,1,3,2,2,2,5,2,4,1,6,2,1,5,4,1,6,2,4,3,2,2,4,3,1,3,2,4,3,3,1,4,2,1,2,2,3,2,6,5,1,0,,1,2,1,5,1,3,0,,1,4,8,3,1,0,0,0,0,0,0,0,0,0,0,0,1,0,0,0,0,0,0,0,0,0,0,0,0,0,0,0,1,5,2,3,1,1,2,,2,0,,,,,,0,,1,3,2,3,3,2,0,1,0,0,0,0,0,0,0,0,0,0,0,0,0,1,1,1,0,0,0,0,0,0,1,0,0,1,0,0,1,4,3,2,0,0,0,0,0,0,0,0,0,0,0,0,0,0,0,1,0,103.75,186.9,29.70089269,2,4,2
01ADL0028,45,1978,2/1/2017 9:38,2/1/2017,11,1,0,,0,,2,1,1,0,,,0,,,3,2,5,0,,,0,,0,,,,,,0,,,,0,,,,1,2,2,2,1,7,7,2,4,1,5,4,2,3,2,1,5,5,2,1,3,2,1,1,5,1,1,1,2,0,,0,,0,,0,,0,,0,,,,0,,0,,,,0,,,,0,,,,1,7,5,2,1,3,2,2,0,,6,2,8,2,8,2,1,1,2,2,4,2,1,2,1,1,1,1,0,2,6,2,3,2,1,1,1,1,8,2,6,2,8,0,1,0,1,0,0,0,0,0,5,0,1,0,1,0,0,0,1,1,4,2,1,6,6,2,7,2,5,4,2,2,2,2,2,1,1,1,2,1,1,1,2,1,2,2,4,2,1,1,1,3,1,2,4,2,6,2,2,8,2,6,2,2,1,2,1,2,3,4,2,2,2,0,,0,,4,2,3,3,3,1,2,2,1,2,3,4,3,6,2,2,2,2,1,2,2,1,2,3,1,5,3,1,1,1,1,6,1,1,2,3,2,0,,,1,2,1,6,2,3,1,1,1,1,,2,5,1,2,3,1,2,1,2,1,0,,2,2,1,2,5,1,2,1,2,3,2,5,2,3,5,4,0,,6,3,1,1,0,,5,3,1,2,2,1,0,,1,1,4,2,0,,4,2,5,0,1,0,1,0,0,0,0,0,5,2,1,1,1,2,4,2,2,1,2,2,3,4,2,1,2,0,,1,2,1,2,2,1,1,2,0,,8,2,1,2,7,2,5,0,,8,2,1,1,2,1,2,1,3,2,6,2,3,2,0,,0,,0,,,,,,6,2,0,,7,2,1,4,4,1,8,5,0,,,,2,4,1,3,1,1,,,1,1,1,3,3,,3,1,1,0,,0,,1,1,0,,0,,1,1,1,1,7,2,1,0,0,0,0,0,0,0,0,0,0,0,1,0,1,0,0,0,0,0,0,0,0,0,0,0,0,0,0,,,,1,1,2,3,2,2,5,2,1,1,2,0,,0,,,0,,,0,0,0,0,0,0,0,0,0,0,1,1,0,0,0,0,1,0,0,0,0,0,0,0,0,0,0,0,0,0,1,7,3,2,0,0,0,0,0,0,0,0,0,0,0,0,0,0,0,1,0,77.25,174.3,25.42750298,1,4,2
01ADL0029,35,1983,1/26/2017 10:02,1/26/2017,5,2,2,2,4,2,4,2,4,2,2,2,1,1,1,3,1,2,0,,,0,,1,2,2,,4,2,1,3,2,1,0,,,,0,,,,1,7,7,,1,1,5,1,2,1,2,1,4,3,1,1,5,1,1,5,1,1,1,2,2,0,,4,2,2,2,7,2,6,2,1,9,2,2,4,2,1,1,0,2,1,4,3,2,1,7,6,2,1,7,0,2,0,,,,1,2,6,2,7,2,8,2,0,,1,2,4,2,3,2,4,,1,4,4,2,4,2,4,2,1,2,4,2,4,2,8,1,0,0,0,0,0,0,0,0,0,0,4,1,0,0,1,0,0,0,1,2,1,2,1,8,8,3,6,2,3,6,2,1,1,3,2,1,2,2,2,1,1,1,2,1,1,1,4,2,0,,0,,1,2,4,1,4,1,2,8,2,6,2,5,0,,,,,,,4,2,0,,1,2,4,2,4,2,1,1,5,2,2,2,2,3,1,7,2,2,2,2,2,1,1,1,1,2,5,5,2,3,1,4,2,2,2,2,2,5,2,0,,,3,2,3,0,,,,4,2,3,1,2,3,3,2,5,5,2,0,,,5,2,4,2,2,1,4,1,1,3,2,6,2,6,1,2,5,1,0,,0,,1,1,1,1,1,1,2,1,1,3,1,1,1,1,1,1,0,,1,1,1,1,0,0,1,0,0,1,1,0,0,,1,5,5,2,2,2,2,3,2,1,2,2,2,2,1,1,1,2,2,4,4,2,3,2,1,0,,8,2,5,2,8,2,4,0,,8,2,3,2,2,5,2,3,2,1,2,1,3,1,3,1,2,2,2,1,5,2,2,2,9,1,9,1,7,1,1,5,3,1,4,1,1,5,2,1,6,1,1,5,1,1,,,1,5,2,3,1,,5,2,2,7,1,1,5,0,,0,,1,3,1,3,1,3,6,5,1,0,0,1,0,1,0,1,1,0,1,0,1,0,1,0,0,0,1,0,0,0,0,0,0,0,0,0,1,4,2,2,0,,,,,,,,,,,,,,,,,,,0,0,0,0,0,0,0,0,0,0,0,0,0,0,0,0,0,0,0,0,0,0,0,0,0,0,0,0,0,0,2,5,4,2,0,0,0,0,0,0,0,0,0,0,0,0,0,0,0,0,0,53.2,160.9,20.54941884,1,4,2
01ADL0030,37,1975,1/27/2017 9:50,1/27/2017,7,1,0,,1,2,3,3,2,3,2,1,1,2,1,2,1,2,0,,,0,,1,2,2,2,1,4,1,3,2,2,0,,,,1,3,3,3,1,7,7,2,4,1,2,2,3,2,2,0,,,,,1,2,1,1,1,5,1,2,2,0,,4,2,1,2,9,2,1,2,1,1,1,2,2,2,1,1,1,3,1,1,0,2,1,1,1,2,1,1,1,2,0,,,,2,2,1,2,3,2,5,2,2,2,4,2,5,2,2,2,2,1,1,2,1,1,4,2,4,2,2,1,1,3,5,2,8,2,7,0,1,0,1,0,1,1,0,0,5,0,0,0,1,0,0,0,1,2,5,2,1,6,6,2,5,3,3,5,2,3,2,4,2,2,2,2,2,2,2,1,3,2,1,1,4,2,4,2,1,1,1,2,4,2,4,1,4,7,2,8,2,1,3,3,1,5,3,5,2,2,2,4,3,2,2,4,2,3,3,3,4,3,2,1,2,3,4,2,7,2,3,2,3,1,2,4,4,2,3,1,5,4,1,1,2,2,4,3,2,2,4,2,3,2,1,2,2,1,3,2,5,3,1,2,4,2,3,5,1,2,4,3,2,5,2,1,3,2,1,2,2,3,4,1,2,1,2,3,2,4,2,2,4,2,2,2,2,2,1,2,2,3,1,3,3,3,2,2,1,2,3,2,2,2,1,2,1,2,7,0,0,0,1,0,0,0,0,0,3,2,1,6,6,2,1,1,3,3,3,3,4,5,3,0,,0,,4,2,2,4,2,3,3,2,0,,2,2,0,,1,2,3,0,,7,3,3,1,2,3,2,2,1,2,4,1,3,1,0,,1,2,1,2,5,1,1,1,3,,3,3,8,2,1,5,5,1,1,1,0,,,,3,5,0,,,,,,0,,,,,,,,,1,2,1,2,1,1,1,3,1,3,1,3,1,3,3,5,1,0,0,0,0,0,0,0,0,0,0,0,0,0,0,0,0,0,0,0,0,1,0,0,0,0,0,0,1,4,3,2,0,,,,,,,,,,,,,,,,,,,0,0,0,0,0,0,0,0,0,0,0,0,0,0,0,0,0,0,0,0,0,0,0,0,0,0,0,0,0,0,2,4,6,2,0,0,0,0,0,0,0,0,0,0,0,0,0,0,0,1,1,80.5,181.9,24.32934866,1,4,2
01ADL0031,36,1957,1/26/2017 11:17,1/26/2017,9,2,0,,0,,0,,,6,3,5,0,,,0,,,0,,,0,,0,,,,,,0,,,,0,,,,0,,,,1,8,8,2,5,1,5,2,2,0,,0,,,,,0,,,,,,,,,0,,3,2,2,2,0,,2,1,1,7,0,2,6,1,1,5,3,2,1,6,2,2,1,6,4,2,1,7,4,3,1,1,1,3,4,2,9,2,10,2,9,2,0,,6,2,9,1,4,2,2,2,1,5,1,3,5,3,5,3,2,3,4,3,10,3,8,2,8,0,0,0,0,0,1,0,0,0,0,0,0,0,0,0,0,0,,,3,2,1,9,5,1,2,2,4,3,1,4,2,2,2,1,2,3,1,1,1,1,1,1,1,1,2,3,3,2,3,3,1,2,4,2,3,2,2,7,3,7,2,1,0,,,,,,,3,2,0,,1,1,4,2,4,2,2,1,2,1,1,2,1,3,1,2,2,2,1,1,1,1,1,4,3,3,1,5,3,1,1,0,,1,2,2,2,3,3,0,,,1,2,1,2,2,5,4,2,2,2,1,2,1,1,2,1,3,1,1,2,1,4,2,2,1,2,2,2,2,1,2,2,6,2,3,1,2,2,3,1,2,4,2,3,1,0,,2,2,1,1,1,1,1,2,3,2,3,2,1,2,4,2,4,0,0,0,0,0,1,0,0,0,4,2,1,7,7,3,2,1,3,3,2,2,2,2,2,1,2,1,2,3,2,1,3,2,1,4,2,0,,9,1,0,,4,2,3,1,,2,2,1,2,1,3,2,2,3,2,5,2,2,1,2,2,1,2,2,2,3,2,2,2,4,1,2,2,8,1,1,5,2,1,0,,0,,,,,,0,,,,,,0,,,,,,,,,,,0,,1,1,1,1,0,,0,,1,1,7,7,0,0,0,0,0,0,0,0,0,0,0,0,0,0,0,0,0,0,0,0,0,1,0,0,0,0,0,0,0,,,,1,0,,,,5,5,1,1,1,4,0,,0,,,0,,,0,0,0,0,0,0,0,0,0,0,0,0,0,1,0,0,1,0,0,0,0,0,0,0,0,0,0,0,0,1,3,8,8,2,0,0,0,0,0,0,0,0,0,0,0,0,0,0,0,0,1,66.2,162,25.22481329,2,0,2
01ADL0032,38,1991,1/27/2017 10:45,1/27/2017,7,1,0,,0,,0,,,0,,,0,,,0,,,0,,,4,2,0,,,,,,0,,,,1,1,0,2,1,2,1,2,1,9,9,2,5,1,1,0,,2,3,1,6,6,2,1,5,2,1,1,1,5,1,1,2,0,,4,2,3,2,7,2,0,,0,,,,0,,1,2,1,3,1,4,4,3,1,3,3,3,1,4,4,2,0,,,,4,3,3,3,10,3,3,3,0,,0,,0,,2,3,0,,1,3,3,2,6,2,5,3,3,2,0,,5,2,4,1,7,0,0,0,1,0,0,0,0,0,0,0,0,0,0,0,0,0,,,0,,1,4,4,1,4,3,5,4,2,3,3,4,3,0,,2,2,1,1,1,2,2,1,1,4,3,4,2,2,2,1,2,4,2,2,1,5,7,3,10,2,1,3,2,1,2,3,5,2,1,2,0,,0,,2,2,,,,1,2,2,1,1,1,5,1,5,2,3,2,2,1,2,3,3,1,5,1,5,3,1,1,0,,5,3,2,3,2,2,1,2,1,2,2,1,2,2,1,5,0,,3,2,2,2,0,,,1,2,1,2,1,2,2,1,2,4,3,1,3,2,0,,4,3,6,3,2,3,5,1,3,6,3,2,2,,,2,1,1,1,1,1,0,,4,3,5,3,0,,4,3,6,0,1,0,1,0,0,0,0,0,2,2,1,4,4,2,1,2,2,3,2,2,5,2,2,0,,0,,5,2,1,4,2,1,2,2,0,,3,1,4,2,0,,,0,,4,2,1,0,,4,2,1,3,2,4,2,0,,1,2,0,,1,2,3,3,1,1,5,2,7,2,6,2,,5,3,1,0,,0,,,,2,3,0,,,,,,0,,,,,,,,,0,,0,,1,1,1,1,1,1,0,,1,5,6,2,1,0,0,0,0,0,0,0,0,0,0,0,0,0,1,0,0,0,0,0,0,0,0,0,0,0,0,0,0,,,,1,0,,,,0,,,,,,0,,0,,,0,,,0,0,0,0,0,1,0,0,0,0,1,0,0,0,0,0,1,0,0,0,0,0,0,0,0,0,0,0,0,1,1,3,5,2,0,0,0,0,0,0,0,0,0,0,0,0,0,0,0,1,0,66.7,172.56,22.39987371,1,0,2
01ADL0033,72,1990,2/21/2017 9:36,2/21/2017,12,2,1,1,0,,1,1,0,2,1,1,0,,,4,2,2,2,1,5,0,,1,2,1,1,1,1,0,,,,1,1,1,1,1,3,3,2,1,7,7,2,2,1,1,3,2,3,2,1,7,1,2,1,6,2,1,1,4,2,1,2,2,0,,5,2,1,2,8,2,0,,1,1,1,2,2,2,0,,,,1,1,1,1,1,2,1,3,1,2,1,2,0,,,,1,1,7,2,6,2,1,2,0,,0,,3,3,0,,0,,0,,,,4,2,0,,1,1,0,,4,2,8,1,7,0,0,0,1,0,1,0,0,0,4,0,0,0,1,0,0,0,1,2,0,,1,7,6,2,6,2,2,6,2,0,,6,2,4,2,6,2,2,1,2,2,2,2,1,6,1,4,2,4,1,0,,8,2,5,1,2,6,2,6,1,2,4,2,3,3,2,4,2,4,2,4,1,2,2,4,2,3,3,4,7,3,2,1,1,2,4,3,2,2,3,3,2,1,1,2,2,1,3,1,2,3,1,2,1,2,1,2,0,,2,2,4,2,1,0,,,0,,,,0,,2,,2,4,3,2,3,0,,0,,,0,,0,,2,2,4,4,2,0,,2,2,4,2,2,2,4,1,2,3,2,1,2,0,,2,2,1,2,2,1,2,3,4,2,1,2,0,,2,2,3,0,0,0,1,0,1,0,0,0,0,,1,2,1,2,2,2,1,1,2,2,5,0,,0,,2,2,0,,,4,2,1,3,2,0,,3,2,0,,2,2,3,0,,4,2,2,0,,2,2,3,2,2,4,1,2,2,0,,0,,0,,,,,,,,2,1,7,2,1,2,2,1,6,1,3,1,1,1,3,2,1,4,2,1,,,1,5,2,3,5,2,1,,,7,2,0,,1,1,1,1,1,1,1,1,1,1,2,3,1,0,0,0,0,0,0,0,0,0,0,0,0,0,1,0,0,0,0,0,0,0,0,0,0,0,0,0,0,,,,0,,,,,,,,,,,,,,,,,,,0,0,0,0,0,0,0,0,0,0,0,0,0,0,0,0,0,0,0,0,0,0,0,0,0,0,0,0,0,0,2,8,5,2,0,0,0,0,0,0,0,0,0,0,0,0,0,0,0,0,0,90.05,156.1,36.95540031,3,2,2
01ADL0034,43,1958,2/1/2017 14:05,1/31/2017,1,2,0,,0,,1,2,3,1,2,2,1,2,1,3,2,2,0,,,0,,1,3,2,2,1,1,1,2,1,2,0,,,,0,,,,1,7,7,1,3,1,2,1,1,1,1,1,1,1,2,1,6,1,1,1,4,1,1,2,2,0,,1,2,2,2,2,2,4,2,1,7,2,2,2,2,0,,,,1,2,0,2,1,7,4,2,1,7,2,3,0,,,,2,3,6,2,5,2,5,2,0,,2,2,5,2,4,2,2,2,1,6,2,2,4,2,3,3,4,3,1,2,5,2,7,1,7,0,0,0,1,0,0,0,0,0,0,0,0,0,0,0,0,0,,,0,,1,2,1,1,5,2,3,6,1,0,,4,2,3,2,4,3,5,1,1,5,,1,1,2,2,4,2,2,2,1,2,3,2,2,1,5,5,2,6,,1,2,2,1,5,3,5,2,2,2,0,,1,2,4,2,4,2,2,4,1,2,1,5,2,5,1,4,2,5,5,1,1,1,1,4,2,5,1,5,1,1,1,0,,1,1,2,3,4,3,2,2,1,3,3,1,2,2,3,5,2,2,3,2,2,5,1,2,3,4,2,4,2,1,2,2,2,3,2,2,3,2,2,2,2,3,2,5,1,2,,3,2,3,4,2,2,2,0,,4,3,1,2,2,1,2,3,5,3,1,2,1,3,4,3,8,0,0,0,1,0,0,0,0,0,4,3,1,6,5,2,1,2,2,4,4,2,5,3,2,0,,2,2,6,2,1,4,2,1,4,2,1,2,6,,2,,0,,,0,,4,2,1,0,,2,2,1,3,2,6,2,1,2,1,2,1,2,2,2,3,3,1,,5,2,5,3,5,1,1,5,5,1,0,,2,1,3,1,2,1,0,,,,,,0,,,,,,,,,0,,0,,1,1,1,1,1,2,1,2,1,1,,5,1,0,0,1,0,0,0,0,0,0,0,0,0,0,0,0,0,0,0,0,0,0,0,0,0,0,0,0,0,,,,0,,,,,,,,,,,,,,,,,,,0,0,0,0,0,0,0,0,0,0,0,0,0,0,0,0,0,0,0,0,0,0,0,0,0,0,0,0,0,0,1,5,6,2,0,0,0,0,0,0,0,0,0,0,0,0,0,0,0,0,1,58.2,161.2,22.39715779,1,0,2
01ADL0035,24,1997,1/13/2017 12:37,1/13/2017,9,1,0,,1,1,1,2,1,1,3,1,2,3,5,2,2,2,3,2,1,1,2,1,5,4,2,5,2,1,2,1,2,1,1,1,1,1,3,3,3,1,9,9,2,5,1,5,1,2,3,3,1,1,1,3,1,7,2,1,1,1,5,1,2,3,2,2,7,2,1,2,7,2,4,2,1,4,3,2,3,2,1,1,1,2,1,1,1,2,1,3,2,2,1,1,1,3,1,2,2,3,1,2,4,3,6,3,0,,0,,0,,3,3,2,2,1,1,1,1,1,2,7,3,1,2,0,,0,,3,2,3,2,6,0,1,0,1,0,0,0,0,0,4,0,1,0,0,0,0,0,2,3,2,3,0,,,,7,3,2,6,3,4,3,6,2,0,,2,3,1,3,1,5,3,2,3,7,3,7,2,3,3,0,,4,2,4,2,1,3,2,7,3,4,4,3,2,5,4,5,3,2,3,3,3,0,,4,2,3,3,1,4,4,2,1,5,3,2,2,5,2,2,1,2,1,2,4,4,2,2,1,5,4,1,2,3,2,6,2,4,3,6,3,4,3,1,3,3,1,4,3,1,5,2,3,4,3,2,5,5,3,4,2,3,4,3,1,3,3,2,3,3,3,1,1,2,2,3,6,3,5,2,1,2,2,3,3,5,3,1,2,0,,4,2,1,6,2,1,2,3,2,3,4,3,2,2,1,2,8,0,1,0,1,0,1,0,0,0,0,,1,1,1,3,1,1,2,4,4,3,5,4,3,2,2,2,2,3,3,1,5,3,1,3,2,2,3,4,2,4,2,4,3,1,0,,8,3,1,4,3,4,2,1,3,3,5,2,2,2,2,3,1,3,1,3,2,1,2,2,4,2,5,2,7,3,1,5,5,1,5,1,1,3,3,2,2,4,1,2,2,2,1,2,0,,,,,,,,,2,2,0,,1,1,1,1,1,1,1,1,1,1,3,5,0,0,0,0,0,0,0,0,0,0,0,0,0,0,0,0,0,0,0,0,0,1,0,0,0,0,0,0,0,,,,1,1,1,1,2,0,,,,,,0,,0,,,0,,,0,0,0,0,0,0,0,0,0,0,0,0,0,0,0,0,1,0,0,0,0,0,0,0,0,0,0,0,0,1,1,2,3,2,0,0,0,0,0,0,0,0,0,0,0,0,0,0,0,1,0,97.3,185.9,28.15490464,2,4,2
01ADL0036,41,1969,1/30/2017 10:51,1/30/2017,6,2,0,,0,,0,,,0,,,0,,,0,,,0,,,0,,0,,,,,,0,,,,0,,,,1,1,1,1,1,9,9,2,5,1,1,2,2,0,,0,,,,,0,,,,,,,,,0,,4,2,1,2,3,2,0,,1,2,0,2,1,2,1,1,0,2,1,1,0,2,1,2,1,2,1,1,0,2,0,,,,1,1,0,,4,2,6,3,0,,4,2,1,2,4,2,1,2,1,1,0,2,4,3,4,3,1,3,1,2,1,2,6,3,7,0,1,0,1,0,0,0,1,0,0,0,0,0,0,0,0,0,,,6,2,1,6,4,2,8,3,5,8,2,1,2,1,2,0,,0,,,,,,,,,3,2,1,1,0,,0,,2,2,1,2,3,0,,1,2,1,0,,,,,,,1,2,0,,1,2,1,2,2,2,2,0,,,,,,,,3,2,3,4,2,1,1,1,2,2,3,1,3,3,1,1,0,,3,3,0,,4,3,2,3,1,1,3,1,5,3,1,4,2,2,1,,,5,1,2,1,1,2,0,,,0,,0,,1,2,1,0,,1,2,1,2,1,2,1,4,2,0,,2,2,1,2,0,,4,2,1,3,2,1,0,,1,2,4,2,0,,4,2,6,0,1,0,1,0,0,0,1,0,0,,1,2,1,2,2,2,2,2,2,2,5,1,2,0,,0,,1,2,1,1,2,1,1,2,0,,9,2,1,2,7,2,1,2,2,8,2,1,0,,1,2,1,1,3,2,2,1,2,1,2,0,,0,,,,,,7,1,1,2,7,2,1,5,4,1,7,1,1,2,1,,4,5,0,,,,,,1,1,,,4,2,2,2,2,0,,0,,1,1,1,1,1,1,1,1,1,1,7,4,1,0,0,0,0,0,0,0,0,0,0,0,1,0,1,0,0,0,0,0,0,0,0,0,0,0,0,0,1,4,2,1,1,0,,,,0,,,,,,0,,1,2,2,0,,,0,0,0,0,0,1,0,0,0,0,1,0,0,0,0,0,1,0,0,0,0,0,0,0,0,0,0,0,0,0,2,5,4,2,0,0,0,0,0,0,0,0,0,0,0,0,0,0,0,0,1,112.95,164.5,41.74019087,3,4,2
01ADL0037,31,1982,1/24/2017 11:07,1/24/2017,7,2,0,,0,,2,1,5,4,2,5,2,3,1,0,,,0,,,3,2,1,3,1,1,1,1,0,,,,0,,,,0,,,,1,2,8,2,1,1,1,2,2,2,3,1,8,9,3,5,5,2,2,2,2,2,1,1,2,0,,1,2,1,2,3,2,7,2,1,7,6,2,3,2,0,,,,0,,,,1,4,3,2,1,3,1,2,0,,,,2,2,4,3,2,2,0,,0,,0,,0,,4,2,0,,1,2,2,3,4,3,0,,0,,0,,1,2,3,1,0,0,0,0,0,0,0,0,0,0,0,0,0,0,0,0,0,0,,,1,1,1,2,2,3,4,3,5,4,3,0,,4,1,1,2,1,2,3,2,5,3,2,3,2,3,2,4,2,0,,4,3,4,3,4,3,1,2,2,0,,,3,2,4,2,2,2,2,1,2,2,2,0,,4,2,2,1,1,1,1,2,2,2,2,2,2,2,2,2,1,2,2,2,1,0,,,,,,,,3,2,3,2,0,,3,2,0,,,0,,,0,,,,0,,3,1,2,5,4,1,1,2,2,2,2,1,0,,0,,0,,,2,1,0,,0,,0,,,,,0,,0,,0,,0,,0,,,1,2,1,0,,1,2,0,,3,2,,,0,0,0,0,0,0,0,0,0,0,0,,1,1,1,2,1,1,1,2,3,2,1,1,2,0,,0,,4,1,1,0,,,0,,4,2,0,,0,,4,2,5,0,,0,,,0,,4,2,2,3,2,3,2,0,,0,,0,,0,,,,,,0,,3,2,0,,,,,,0,,0,,,,3,2,0,,,,,,0,,,,,,,,,0,,1,2,0,,0,,1,3,0,,,,3,3,0,0,0,0,0,0,0,0,0,0,1,0,0,0,0,0,0,0,0,0,0,0,0,0,0,0,0,0,0,,,,0,,,,,,,,,,,,,,,,,,,0,0,0,0,0,0,0,0,0,0,0,0,0,0,0,0,0,0,0,0,0,0,0,0,0,0,0,0,0,0,1,1,7,2,0,0,0,0,0,0,0,0,0,0,0,0,0,0,0,0,0,90.7,156.7,36.93765274,3,1,2
01ADL0038,54,1973,2/8/2017 13:39,2/8/2017,8,2,0,,4,2,4,3,1,3,3,1,2,2,1,7,3,1,0,,,1,2,1,2,0,2,1,1,1,1,0,2,0,,,,0,,,,1,,8,2,3,1,5,0,,0,,1,6,6,3,1,7,2,1,1,3,3,1,1,3,0,,1,2,0,,7,2,6,1,0,,,,1,2,0,,,,0,,,,1,6,3,2,1,3,1,2,0,,,,2,2,2,2,1,2,7,2,0,,2,2,2,3,0,,2,3,1,5,3,3,0,,0,,0,,0,,0,,6,2,0,0,0,0,0,0,0,0,0,0,0,0,0,0,0,0,0,0,,,1,2,1,7,6,3,7,2,3,4,3,0,,6,3,2,3,1,3,5,3,1,2,3,5,3,6,2,5,2,0,,2,3,6,2,6,3,2,2,2,2,3,5,3,2,1,5,3,5,2,2,3,2,3,2,3,4,3,3,2,2,4,1,2,1,3,4,3,,7,2,5,5,3,1,1,1,7,2,5,1,3,4,2,3,7,3,7,3,1,2,0,,6,2,1,5,2,1,3,3,5,5,0,,4,2,2,5,2,2,3,2,2,2,2,1,0,,0,,4,2,4,0,,0,,2,2,4,2,1,5,1,1,2,1,2,1,2,0,,5,2,1,4,2,1,2,2,2,3,2,2,1,2,1,2,8,0,0,0,1,0,0,1,0,0,0,,1,6,3,3,1,2,3,2,4,2,5,6,2,0,,0,,6,2,1,6,2,1,1,2,0,,4,2,1,2,6,2,5,2,3,9,2,1,1,2,3,3,1,2,3,5,2,2,2,2,2,0,,2,2,3,2,1,1,4,2,2,2,6,2,1,5,5,1,3,1,0,,,,2,5,0,,,,,,1,2,3,3,2,3,2,3,1,0,,0,,1,1,1,1,1,1,1,1,1,1,3,3,1,0,1,0,0,0,0,0,0,0,0,0,0,0,0,0,0,0,0,0,0,0,0,0,0,0,0,0,0,,,,1,0,,,,3,5,1,2,3,2,4,2,1,6,2,3,4,2,0,1,0,0,0,1,0,0,0,0,1,0,0,0,0,0,1,0,0,0,0,0,0,0,0,0,0,0,0,0,2,4,6,2,0,0,0,0,0,0,0,0,0,0,0,0,0,0,0,0,1,64.35,156,26.44230769,2,2,2
01ADL0039,47,,2/2/2017 9:56,2/2/2017,4,1,1,2,1,2,1,2,5,1,2,5,0,,,0,,,0,,,0,,0,,,,,,0,,,,1,2,0,1,1,3,2,3,1,8,8,2,3,1,5,2,3,2,2,1,1,6,1,4,0,,,,,,,,,0,,1,2,1,1,4,2,4,2,1,3,0,1,1,2,0,,,,1,1,0,3,0,,,,1,1,0,2,0,,,,3,3,1,1,8,2,6,3,3,2,1,2,1,3,1,2,1,1,1,1,1,1,8,2,3,3,1,2,2,1,4,2,7,3,9,0,0,0,0,0,0,0,1,0,3,0,0,0,1,0,0,0,,2,6,3,1,2,1,2,7,3,4,7,2,2,2,1,2,1,2,1,2,2,2,1,5,2,3,2,4,2,0,,2,2,2,2,4,2,4,1,1,9,3,7,2,1,0,,,,,,,0,,0,,0,,4,2,1,2,1,0,,,,,,,,2,2,4,3,2,1,1,1,0,,,,,,,,0,,2,3,3,3,3,3,3,3,1,4,3,1,1,3,5,5,4,2,1,3,2,5,1,2,1,1,2,0,,,3,1,1,2,1,2,1,1,1,1,2,1,1,2,3,1,3,5,1,3,5,2,1,1,1,2,2,2,1,7,2,1,1,3,3,3,4,3,2,2,3,3,7,0,0,0,0,0,0,0,1,0,3,2,1,4,4,2,2,1,3,3,0,,,1,2,0,,0,,0,,,1,2,1,0,,2,3,7,2,2,2,4,2,1,2,2,4,2,1,0,,0,,,1,1,1,1,0,,0,,0,,1,2,1,1,5,1,4,1,0,,7,2,1,5,5,1,7,2,7,3,1,1,5,5,1,4,2,1,,,1,1,,,2,2,2,2,1,0,,0,,1,1,1,1,1,1,0,,1,1,6,2,1,0,0,0,0,0,1,0,0,0,0,0,0,0,1,0,0,0,0,0,0,0,0,0,0,0,0,0,1,3,2,4,1,0,,,,0,,,,,,0,,3,6,4,3,5,4,0,1,0,0,0,0,1,0,0,0,1,0,0,0,0,0,1,0,0,0,0,0,0,0,0,0,0,0,0,0,2,6,4,2,0,0,0,0,0,0,0,0,0,0,0,0,0,0,0,1,0,78.25,177,24.9768585,2,0,2
01ADL0041,52,1979,2/7/2017 12:04,2/7/2017,5,2,1,1,1,1,1,2,5,1,2,1,1,1,1,0,,,1,2,4,0,,1,1,1,1,3,5,1,2,1,2,1,1,1,1,0,,,,1,9,9,2,5,1,1,1,1,2,2,1,1,1,2,5,1,2,1,1,4,2,1,2,3,0,,2,2,1,1,0,,1,2,1,1,1,2,2,3,0,,,,0,,,,1,1,1,3,1,2,1,3,1,1,1,3,1,3,1,3,4,3,1,2,1,2,1,3,1,3,1,2,1,1,1,1,5,3,3,3,3,3,2,3,1,2,7,3,1,2,8,0,0,0,1,0,0,1,0,0,0,0,0,0,0,0,0,0,,,1,2,1,1,1,2,3,3,5,3,2,1,2,4,3,1,2,1,3,3,2,3,3,2,5,3,4,3,0,,1,3,1,2,4,2,0,,,,,10,2,1,2,2,1,5,3,5,3,2,3,1,2,1,2,4,2,2,2,2,1,1,2,1,1,2,5,3,2,2,5,2,1,2,2,2,1,1,5,2,2,2,2,2,1,2,1,2,3,2,1,3,2,3,3,2,3,3,1,2,3,5,0,,1,3,2,5,1,2,3,4,2,4,2,1,4,2,3,2,3,2,2,3,1,1,1,1,1,1,2,5,2,5,1,2,3,2,1,2,1,2,4,3,1,4,2,3,3,3,4,3,5,2,0,,5,2,10,0,1,0,1,0,0,1,0,0,5,2,1,5,4,2,1,5,1,2,4,2,5,2,3,1,2,2,2,6,3,1,4,2,1,5,2,0,,3,2,1,2,2,2,3,2,2,5,3,1,0,,1,2,1,3,2,3,2,4,2,3,2,3,2,1,1,2,2,1,1,5,2,5,2,6,2,1,5,1,1,7,1,7,1,5,2,1,1,1,5,2,5,3,3,1,4,3,3,1,,2,3,2,0,,1,5,1,1,1,1,1,1,1,1,1,1,5,3,0,0,0,0,0,0,0,0,0,0,0,0,0,0,0,0,0,0,0,0,0,1,0,0,0,0,0,0,1,5,2,4,1,1,3,1,1,5,5,2,1,1,4,5,4,2,5,2,0,,,0,0,0,0,0,0,0,0,0,0,0,0,0,0,0,0,0,0,0,0,0,0,1,0,0,0,0,0,0,1,1,9,7,2,0,0,0,0,0,0,0,0,0,0,0,0,0,0,0,0,0,80.6,151.5,35.11638293,3,0,2
01ADL0042,62,1958,2/14/2017 9:50,2/14/2017,3,2,0,,0,,1,2,,1,2,2,0,,,0,,,1,2,1,0,,0,,,,,,0,,,,0,,,,1,1,1,2,1,9,9,1,5,1,2,3,2,0,,1,2,7,2,5,0,,,,,,,,,0,,5,2,1,2,8,2,6,2,1,2,1,2,5,2,1,1,1,2,1,1,1,2,1,1,1,2,1,2,7,2,0,,,,1,2,8,,8,2,7,2,1,2,1,1,7,2,6,2,1,1,1,1,2,2,1,2,2,2,3,2,1,2,6,2,9,1,4,0,1,0,1,0,1,0,0,0,2,0,0,0,1,0,0,0,1,1,2,2,1,7,7,2,2,2,2,1,1,4,,5,1,1,2,4,1,2,1,2,2,1,2,1,1,1,3,2,2,1,1,1,4,2,4,1,3,6,2,8,2,1,5,2,2,2,2,2,1,6,1,1,1,1,2,4,2,3,2,2,4,4,2,2,2,2,2,1,4,2,2,2,2,2,2,2,4,1,3,2,2,2,2,2,4,,1,2,1,2,1,2,1,2,2,1,1,2,3,2,3,2,1,2,4,2,2,2,1,2,3,2,2,3,2,2,4,2,2,2,2,2,3,2,2,1,2,6,2,7,2,2,3,4,1,2,1,2,2,2,1,1,4,2,2,0,,,3,2,2,2,4,2,0,,5,2,1,0,0,0,1,0,0,0,0,0,3,2,,,,,,,,,1,1,1,2,2,2,1,1,2,2,2,3,4,2,3,2,2,2,2,7,2,5,2,5,2,3,0,,2,2,2,2,2,4,2,4,4,2,4,2,2,1,4,2,4,2,4,2,2,2,2,2,5,2,5,1,6,1,3,5,5,2,6,1,1,1,1,1,2,3,0,,,,,,0,,,,,,,,,1,1,1,3,1,3,1,3,1,3,1,3,1,3,5,5,0,1,1,0,1,0,0,0,0,1,0,1,0,1,1,0,0,1,1,1,1,0,0,0,0,0,0,0,1,5,,4,0,,,,,,,,,,,,,,,,,,,0,0,0,0,0,0,0,0,0,0,0,0,0,0,0,0,0,0,0,0,0,0,0,0,0,0,0,0,0,0,2,3,2,2,0,0,0,0,0,0,0,0,0,0,0,0,0,0,0,0,1,54.6,159.56,21.44591535,1,0,2
01ADL0043,55,1990,2/9/2017 9:44,2/9/2017,7,1,0,,0,,1,2,3,2,2,3,2,1,4,2,2,4,1,2,5,6,1,1,2,2,1,4,2,0,,,,1,2,2,2,1,3,3,2,1,7,7,2,5,2,1,2,1,3,2,1,1,1,1,1,1,1,1,4,2,1,1,4,2,2,1,1,2,1,2,4,2,5,2,0,,,,2,2,1,1,1,2,0,,,,1,1,1,1,1,1,1,1,0,,,,1,2,2,2,6,2,7,2,0,,2,1,1,1,4,2,0,,1,1,2,2,6,3,6,3,2,3,7,2,4,3,3,2,4,0,0,0,1,0,0,0,0,0,5,0,0,0,1,0,0,0,1,2,3,3,1,2,2,2,7,2,5,7,2,1,2,4,2,1,2,1,2,2,1,2,2,1,1,1,3,2,7,2,3,2,0,,2,2,5,2,1,5,3,1,1,,2,2,2,2,2,4,2,1,2,2,2,0,,1,2,3,3,2,2,4,2,1,1,2,3,2,3,2,1,2,2,,1,1,1,1,1,2,2,3,1,1,2,1,8,2,2,2,4,3,3,3,5,0,,,0,,,,6,3,3,2,2,5,4,2,3,1,2,1,2,3,2,2,0,,2,2,4,2,2,4,2,2,2,4,3,1,4,2,1,2,0,,1,2,0,,3,2,4,4,2,4,2,2,4,2,1,2,0,,0,,5,0,0,0,1,0,0,0,0,0,0,,0,,,,,,,,4,2,4,1,2,0,,1,2,2,2,3,3,2,2,0,,2,1,4,3,7,2,3,2,5,0,,4,2,5,2,2,1,2,3,0,,4,2,2,2,1,2,0,,1,2,3,2,2,1,3,2,4,2,6,3,2,4,3,,2,1,2,1,4,2,3,4,1,2,2,4,3,3,1,4,3,4,1,,1,,,2,1,0,,1,5,0,,1,5,1,3,1,5,7,5,0,0,0,1,0,0,0,0,0,0,0,0,0,0,1,0,0,0,0,0,0,0,0,0,0,0,0,0,1,3,1,2,1,2,2,1,2,2,5,3,2,2,2,0,,0,,,0,,,0,0,0,0,0,0,0,1,0,0,0,0,0,0,0,0,1,0,0,0,0,0,0,0,0,0,0,0,0,0,1,5,7,2,0,0,0,0,0,0,0,0,0,0,0,0,0,0,0,1,0,96.15,180.5,29.51174408,3,4,2
01ADL0044,56,1989,2/9/2017 11:22,2/9/2017,6,2,1,1,0,,1,1,1,1,1,1,1,1,1,0,,,1,2,1,0,,1,2,1,1,1,1,1,1,1,2,0,,,,1,1,1,2,1,9,9,1,5,1,1,3,2,1,1,1,5,5,1,1,5,1,1,1,5,1,1,7,2,0,,1,2,0,,3,2,4,2,0,,,,3,2,1,1,1,1,1,1,1,1,1,7,4,2,1,7,0,3,0,,,,4,3,0,,0,,6,2,1,1,2,1,6,3,2,1,2,1,1,2,2,1,1,1,1,1,2,2,3,1,4,1,1,1,6,0,1,0,1,0,0,0,0,0,0,0,0,0,0,0,0,0,,,2,2,1,1,1,1,4,2,5,4,2,1,1,3,2,1,2,6,1,1,3,1,1,1,1,2,2,2,6,2,2,2,0,,2,1,3,1,2,3,1,5,2,5,1,1,5,5,2,5,2,3,2,1,2,0,,4,2,2,2,5,2,1,2,1,1,2,5,3,3,2,1,5,2,1,1,1,2,1,3,1,2,2,1,1,3,,4,2,1,2,2,2,2,2,1,2,2,1,0,,,,4,2,2,1,2,5,0,,,1,1,1,2,1,1,1,1,2,1,1,3,1,1,0,,0,,4,1,1,5,2,0,,1,1,0,,0,,1,2,1,2,1,1,1,1,4,2,3,2,0,,0,,5,0,0,1,1,0,0,0,0,0,2,1,1,5,2,2,3,2,1,3,3,2,5,4,2,0,,1,2,4,3,1,3,3,1,1,1,1,1,5,1,4,2,5,1,5,3,2,3,2,1,1,1,1,1,1,1,,5,2,1,2,1,2,1,1,1,1,5,1,1,1,5,,5,2,1,1,1,5,5,1,1,1,0,,,,7,2,1,2,2,1,,,0,,,,,,,,,0,,0,,1,1,1,1,1,1,1,1,1,3,2,2,1,0,1,0,0,0,0,0,0,0,0,0,0,0,0,0,0,0,0,0,0,0,0,0,0,0,0,0,0,,,,1,0,,,,0,,,,,,0,,1,2,2,0,,,0,0,0,0,0,0,0,0,0,0,1,0,0,0,0,0,0,0,0,0,0,0,0,0,0,0,0,0,0,0,1,6,7,2,0,0,0,0,0,0,0,0,0,0,0,0,0,0,0,0,0,54.7,154.4,22.94524685,1,2,2
01ADL0045,51,1988,2/6/2017 9:15,2/6/2017,11,2,0,,1,1,0,,,1,1,1,1,1,3,0,,,0,,,0,,1,1,1,1,3,2,1,1,1,1,0,,,,1,1,1,1,1,5,5,1,3,2,2,2,1,1,1,1,1,1,2,2,2,2,1,1,3,3,1,3,2,0,,1,2,0,,2,2,0,,1,1,1,2,0,,1,1,1,3,1,2,2,3,1,2,1,3,1,6,2,2,0,,,,1,2,1,2,2,2,2,2,1,2,3,2,3,3,0,,0,,1,3,1,2,1,2,1,2,1,2,1,2,1,2,4,3,5,0,1,0,1,0,0,1,0,0,3,0,1,0,1,0,0,0,2,3,0,,1,4,4,3,2,3,2,2,2,0,,2,3,2,3,4,3,2,3,1,5,2,1,1,0,,2,2,2,2,1,2,2,2,2,2,3,1,2,1,3,1,1,2,1,5,3,5,3,1,2,1,3,2,3,2,3,,,,2,3,2,1,1,1,5,3,5,2,1,4,2,1,1,1,2,2,1,1,4,3,2,3,0,,0,,1,3,2,3,2,3,3,2,3,2,0,,,,2,3,1,3,2,5,2,2,4,1,2,1,2,1,1,3,1,3,1,2,1,2,2,1,3,2,3,0,,,,,0,,0,,2,3,0,,4,3,1,2,2,1,2,3,3,3,0,,0,,0,,2,0,1,0,1,0,0,0,0,0,0,,1,4,2,3,2,2,2,2,0,,,1,3,0,,1,2,4,2,1,0,,,0,,0,,0,,0,,0,,,0,,2,2,1,0,,2,2,1,3,2,3,2,1,2,0,,0,,2,2,3,2,2,1,2,2,1,1,3,2,1,5,2,3,6,2,0,,,,0,,1,4,2,1,,,1,2,3,1,4,3,2,3,1,0,,0,,1,1,1,1,1,1,1,1,1,1,2,2,0,0,0,0,0,0,0,0,0,0,0,0,0,0,0,0,0,0,0,0,0,1,0,0,0,0,0,0,0,,,,0,,,,,,,,,,,,,,,,,,,0,0,0,0,0,0,0,0,0,0,0,0,0,0,0,0,0,0,0,0,0,0,0,0,0,0,0,0,0,0,3,2,5,2,0,0,0,0,0,0,0,0,0,0,0,0,0,0,0,0,0,66.7,180.5,20.47252553,1,4,2
01ADL0046,59,1970,2/13/2017 10:10,2/13/2017,4,2,4,1,2,2,4,1,1,3,1,1,1,1,1,2,1,1,2,1,1,0,,0,,,,,,1,3,2,2,0,,,,1,4,3,2,1,,9,3,4,1,2,2,1,2,1,1,6,5,2,3,3,2,2,2,2,2,1,1,2,1,2,5,2,1,2,6,2,6,,1,7,4,2,4,2,1,4,3,1,1,4,5,1,1,5,4,2,1,6,5,2,1,3,3,2,6,2,4,2,5,2,6,2,2,1,3,2,6,2,5,2,2,1,1,4,1,1,7,2,4,2,3,1,3,2,5,2,5,1,7,0,0,0,1,0,0,0,0,0,0,0,0,0,0,0,0,0,,,6,2,1,5,4,2,7,3,3,6,2,5,2,4,1,2,2,4,1,1,1,1,3,2,1,1,7,2,1,1,1,1,2,2,4,2,5,2,1,4,2,6,2,2,4,1,1,3,2,3,1,3,2,1,1,2,2,4,2,1,5,3,4,3,2,1,3,3,2,2,5,1,1,2,1,1,2,2,5,1,2,1,3,2,1,1,4,1,5,2,0,,5,3,0,,,0,,,3,2,4,2,2,2,0,,,,0,,,0,,0,,,0,,0,,0,,,0,,5,2,5,2,4,2,1,5,1,0,,0,,0,,0,,0,,,1,1,3,0,,,,4,2,4,2,4,2,4,0,0,0,1,1,1,0,0,0,4,2,1,6,5,3,3,1,2,3,4,2,1,4,2,3,1,3,1,4,2,1,4,1,1,4,2,3,1,5,2,6,2,6,2,2,4,2,5,2,1,4,2,4,2,1,4,1,5,1,1,1,4,1,3,2,4,1,4,1,2,1,5,2,4,1,8,1,1,2,3,1,6,4,2,2,1,1,6,3,1,2,1,1,,,1,1,1,1,1,,5,2,1,5,2,1,1,1,1,1,1,1,1,1,1,1,1,5,5,1,0,1,1,0,0,0,1,0,0,1,1,1,0,1,0,0,0,0,1,0,0,0,0,0,0,0,0,0,,,,1,0,,,,1,1,3,3,3,2,0,,1,2,2,0,,,0,0,0,0,0,0,0,0,0,0,0,0,0,0,1,0,0,0,0,0,0,0,0,0,0,0,0,0,0,0,1,7,2,2,0,0,0,0,0,0,0,0,0,0,0,0,0,0,0,0,1,54.85,161.2,21.10797431,1,4,2
01ADL0047,64,1984,2/15/2017 8:55,2/15/2017,2,1,1,2,1,2,2,2,4,1,2,1,1,1,1,0,,,0,,,0,,1,2,2,2,1,2,1,3,2,2,1,3,3,2,1,4,4,3,1,9,9,2,1,1,3,2,2,4,3,1,4,1,2,2,0,,,,,,,,,0,,3,2,3,2,6,2,3,1,0,,,,3,2,1,3,3,1,1,4,2,2,1,5,5,1,1,4,4,2,0,,,,0,,2,1,9,2,7,2,2,1,3,,5,2,5,2,4,2,1,5,5,1,5,2,2,2,2,2,1,1,3,2,5,1,7,0,0,0,1,1,1,0,0,0,1,0,1,0,0,0,0,0,2,2,0,,0,,,,,,,2,2,2,2,5,2,2,3,,,,,,,,,,3,3,7,2,4,3,3,3,5,3,3,2,3,5,2,9,2,2,2,2,2,5,3,5,2,2,3,2,3,4,3,4,3,5,2,3,3,2,2,1,2,3,5,2,6,2,2,5,2,1,1,1,5,2,2,1,3,3,2,2,1,2,4,2,3,3,4,3,3,2,2,6,3,2,1,2,5,5,4,2,3,3,2,5,2,2,2,4,2,3,2,1,4,3,3,3,4,3,2,4,2,4,3,4,2,4,2,2,3,3,1,3,4,3,3,2,0,,5,2,2,5,2,2,4,2,4,2,4,3,2,2,4,3,6,0,1,0,1,1,1,0,0,0,4,2,1,5,5,3,2,2,2,4,4,2,5,4,3,2,2,3,2,2,2,1,2,2,1,0,,1,2,2,1,2,2,7,2,4,0,,8,3,3,2,2,3,2,3,2,2,4,2,2,2,1,2,1,2,2,2,3,2,2,1,4,2,3,3,7,2,2,4,3,2,4,1,1,1,2,1,7,1,0,,,,,,1,2,2,1,4,3,1,,,4,2,0,,1,2,1,3,1,2,1,2,1,2,5,3,0,0,1,1,0,0,0,1,0,0,0,0,1,0,0,0,0,0,0,0,0,0,0,0,0,0,0,0,1,4,2,1,1,0,,,,1,5,3,3,3,1,0,,2,6,2,0,,,0,0,0,0,0,0,0,0,0,0,0,0,0,0,0,1,0,0,0,0,0,0,0,0,1,0,0,1,0,0,1,5,5,2,0,0,0,0,0,0,0,0,0,0,0,0,0,0,0,1,0,79.6,165.6,29.02634834,2,0,2
01ADL0048,68,1992,2/16/2017 10:58,2/16/2017,5,1,1,3,0,,1,3,1,2,3,2,0,,,1,3,4,0,,,4,3,1,2,2,2,5,3,1,2,1,2,1,2,2,2,1,1,1,2,1,9,9,1,1,1,5,0,,1,2,1,1,1,3,5,1,3,1,1,3,3,1,4,3,0,,4,1,0,,3,2,0,,0,,,,3,2,0,,,,1,1,0,3,1,1,1,2,1,2,2,2,0,,,,0,,0,,0,,3,2,0,,0,,3,3,1,2,1,2,1,4,4,2,2,3,1,3,3,3,1,1,3,3,0,,4,0,0,0,0,0,1,0,0,0,0,0,0,0,0,0,0,0,,,4,2,1,4,4,3,3,3,2,0,,0,,1,3,0,,2,3,1,,1,2,1,,,0,,1,2,1,3,0,,1,2,1,2,3,1,3,7,3,1,0,,,,,,,0,,0,,0,,3,3,3,1,2,1,4,2,1,3,2,1,,5,3,3,1,1,1,1,1,0,,,,,,,,0,,1,3,1,2,1,3,0,,,2,3,3,1,,2,4,0,,3,2,2,5,0,,,3,3,0,,,1,2,1,3,1,3,5,0,,4,3,2,3,3,3,3,5,3,2,3,1,3,1,2,1,3,1,2,3,1,2,3,3,3,3,3,0,,2,3,1,2,3,0,0,0,0,0,1,0,0,0,4,3,1,4,3,2,1,2,3,2,1,2,5,1,2,0,,0,,3,2,1,1,2,1,0,,0,,6,2,3,2,2,2,4,0,,4,2,3,1,2,2,2,2,1,3,0,,0,,0,,1,2,1,2,2,1,1,1,2,2,1,2,7,2,1,5,2,1,4,1,1,1,5,2,2,2,1,2,1,1,,,1,1,1,3,2,1,3,1,4,2,3,0,,1,3,1,3,0,,0,,1,3,5,5,0,0,1,0,0,0,0,0,0,0,0,0,0,0,0,0,0,0,0,0,0,0,0,0,0,0,0,0,1,2,2,2,1,0,,,,1,2,2,2,2,1,0,,3,3,2,0,,,0,0,0,0,0,0,0,0,0,0,0,0,0,0,0,0,0,0,0,0,0,0,0,0,0,0,0,0,0,0,3,6,5,2,0,0,0,0,0,0,0,0,0,0,0,0,0,0,0,1,0,74.5,174.7,24.41015082,1,0,2
01ADL0049,75,1992,2/24/2017 9:01,2/24/2017,1,1,1,2,0,,1,2,1,2,2,1,0,,,0,,,0,,,7,3,0,,,,,,1,6,6,1,0,,,,1,2,2,3,1,8,9,2,5,1,1,0,,1,2,1,5,5,2,1,0,,,,,,,,,0,,1,2,0,,3,2,5,1,0,,,,0,,1,1,1,2,,,,,1,1,1,2,0,,,,0,,,,1,3,0,,9,2,9,2,0,,0,,2,3,3,3,0,,1,1,1,3,3,2,3,3,8,3,2,3,4,3,5,3,9,0,1,0,1,0,0,0,1,0,0,0,0,0,0,0,0,0,,,4,3,0,,,,3,3,5,1,1,9,3,1,2,0,,3,3,1,1,1,1,1,1,1,1,2,2,2,0,,1,2,4,3,8,3,1,5,3,7,2,1,1,2,1,1,1,2,2,0,,0,,0,,3,2,5,1,1,0,,,,,,,,1,2,1,2,1,2,2,1,1,1,1,1,1,1,1,1,0,,1,3,1,2,9,3,0,,,0,,,3,3,5,1,0,,1,2,2,1,0,,,1,2,0,,,1,2,1,2,3,3,4,1,2,9,3,7,2,0,,,,,0,,3,2,0,,0,,9,2,1,3,2,3,0,,4,3,8,3,0,,0,,3,0,0,0,1,0,0,0,1,0,3,2,1,4,3,2,2,1,2,2,0,,,0,,3,2,0,,0,,,1,2,1,0,,0,,7,2,10,2,6,2,5,0,,1,2,3,0,,0,,,0,,0,,0,,0,,0,,0,,,,,,0,,0,,9,3,1,5,5,1,0,,1,1,1,1,1,4,0,,,,,,0,,,,,,,,,1,2,0,,1,2,0,,0,,0,,1,5,6,1,1,0,0,0,0,0,0,0,0,0,0,0,0,0,0,0,0,0,0,0,0,0,0,0,0,0,0,0,0,,,,0,,,,,,,,,,,,,,,,,,,0,0,0,0,0,0,0,0,0,0,0,0,0,0,0,0,0,0,0,0,0,0,0,0,0,0,0,0,0,0,1,6,4,2,0,0,0,0,0,0,0,0,0,0,0,0,0,0,0,1,0,70.2,172.73,23.52889687,1,4,2
01ADL0050,67,1956,2/16/2017 10:28,2/16/2017,7,2,0,,0,,1,1,5,0,,,0,,,2,1,3,0,,,0,,1,1,0,1,4,1,0,,,,0,,,,1,1,0,1,1,9,8,1,4,1,5,2,1,0,,,,,,,1,2,1,1,2,4,1,7,2,0,,8,2,1,1,7,2,8,1,1,7,1,2,6,3,1,5,1,2,1,4,1,1,1,7,4,2,1,10,6,3,1,1,0,3,2,2,9,2,7,1,8,2,1,1,3,2,4,2,5,1,5,1,1,4,1,1,7,2,5,2,4,2,5,2,5,2,9,2,6,0,0,0,1,0,0,0,1,0,2,0,1,0,1,0,0,0,2,1,8,3,1,7,7,2,7,2,4,6,1,4,2,1,1,1,1,5,2,1,,,2,1,1,,4,2,1,1,1,1,2,2,6,2,8,2,1,10,2,7,2,1,4,2,1,5,3,5,2,3,2,1,1,5,2,5,1,2,4,1,2,1,2,1,1,2,3,2,4,1,2,1,1,1,1,1,4,1,2,2,3,2,1,1,1,1,7,2,0,,1,2,1,2,1,1,1,1,4,2,5,3,,,0,,,,1,2,3,2,2,1,2,1,1,2,0,,0,,,1,2,0,,5,2,6,2,1,3,1,1,2,1,2,0,,0,,1,1,1,1,1,1,1,1,1,1,4,2,1,2,4,2,4,0,1,0,1,0,0,0,0,0,1,1,1,7,5,2,3,1,2,2,4,2,2,1,3,1,1,1,2,4,2,2,4,2,1,4,2,1,1,10,2,1,2,8,1,5,0,,9,3,,1,2,4,2,1,4,2,4,1,5,2,1,2,0,,1,2,5,1,3,1,5,1,1,1,7,2,1,5,3,2,7,1,2,3,1,,6,1,0,,,,,,0,,,,,,,,,0,,0,,1,1,1,1,0,,1,2,1,2,7,6,1,0,0,0,0,0,0,0,1,0,1,0,0,0,0,0,0,0,0,0,0,0,0,0,0,0,0,0,0,,,,1,1,1,2,4,0,,,,,,0,,0,,,0,,,0,0,0,0,0,0,0,0,0,0,0,0,0,0,0,0,1,0,0,0,0,0,0,0,0,0,0,0,0,0,1,5,5,2,0,0,0,0,0,0,0,0,0,0,0,0,0,0,0,0,2,78.55,163.1,29.52828795,2,2,2
01ADL0051,76,1986,2/24/2017 9:51,2/24/2017,8,1,1,1,1,1,3,2,1,2,2,1,0,,,0,,,1,2,4,0,,0,,,,,,0,,,,0,,,,0,,,,1,8,8,2,5,1,1,0,,1,2,1,7,6,2,1,4,2,1,2,3,1,1,6,2,0,,3,2,0,,5,2,8,3,0,,,,3,3,0,,,,0,,,,1,6,6,3,1,7,7,3,0,,,,4,3,9,3,8,3,8,3,0,,4,2,5,3,0,,0,,0,,,,8,3,8,3,3,2,3,2,0,,4,2,6,0,0,0,1,0,0,0,0,0,0,0,0,0,0,0,0,0,,,3,3,1,4,5,3,3,3,5,0,,3,2,0,,2,2,5,3,1,1,1,1,1,1,1,7,3,7,2,0,,0,,0,,9,3,1,8,3,9,3,1,0,,,,,,,0,,2,3,0,,4,2,2,4,1,0,,,,,,,,4,2,1,1,1,1,1,1,0,,,,,,,,1,1,0,,1,3,4,3,0,,,0,,,6,2,5,2,0,,0,,,,1,2,5,2,2,0,,,3,2,1,2,6,2,5,0,,5,2,0,,0,,,,,0,,0,,0,,0,,1,1,5,0,,,0,,2,2,,,0,,2,2,4,0,0,0,1,0,0,0,0,0,0,,1,5,6,2,5,1,2,5,0,,,0,,0,,0,,0,,,4,1,1,4,3,0,,8,2,9,2,3,,5,0,,0,,,0,,0,,,0,,0,,0,,0,,0,,0,,,,,,0,,0,,7,2,1,5,1,1,7,1,4,1,1,1,0,,0,,,,,,0,,,,,,,,,0,,0,,0,,1,5,0,,0,,0,,9,8,1,0,0,0,0,0,0,0,0,0,0,0,0,0,0,0,0,0,0,0,0,0,0,0,0,0,0,0,1,5,2,4,1,0,,,,5,5,2,2,1,2,3,1,5,6,3,3,5,2,0,1,0,0,0,0,0,1,0,1,1,0,0,0,0,0,0,0,0,0,0,0,0,0,0,0,0,0,0,0,1,7,3,2,0,0,0,0,0,0,0,0,0,0,0,0,0,0,0,1,0,76.75,183.7,22.74364519,1,4,2
01ADL0052,133,1982,4/5/2017 10:58,4/5/2017,5,2,1,1,1,2,0,,,0,,,0,,,0,,,0,,,0,,0,,,,,,0,,,,0,,,,1,3,3,2,1,9,9,1,5,1,1,1,2,1,1,1,2,1,1,5,0,,,,,,,,,0,,5,2,0,,3,2,1,1,1,1,0,1,1,1,0,,,,0,,,,1,1,1,1,1,1,1,1,1,1,0,2,0,,5,1,9,2,8,3,0,,1,2,8,3,2,1,0,,1,1,1,1,3,1,3,2,1,2,3,1,8,2,6,2,8,0,1,0,1,0,0,0,0,0,0,0,0,0,0,0,0,0,,,1,2,1,5,5,3,8,2,5,8,1,2,1,2,1,0,,1,1,1,1,1,5,1,1,1,2,1,2,2,1,2,0,,4,2,0,,,10,2,6,2,1,0,,,,,,,1,2,1,2,0,,5,2,3,3,1,6,1,1,1,1,1,2,1,2,1,2,5,1,1,1,1,5,1,1,2,5,3,1,1,1,1,1,2,0,,1,2,1,2,1,1,3,1,1,1,5,3,1,1,1,1,2,5,0,,,1,1,0,,,0,,0,,0,,,0,,1,1,5,1,1,3,1,5,2,0,,1,1,1,2,0,,1,1,1,6,1,1,0,,3,2,4,2,0,,3,2,4,0,1,0,1,0,0,0,0,0,3,2,1,1,1,2,1,2,2,3,0,,,3,3,0,,0,,1,1,1,1,1,1,1,1,0,,3,1,0,,0,,,2,2,6,3,1,0,,1,1,1,1,1,1,1,0,,0,,0,,1,1,2,2,1,1,4,1,1,1,8,1,1,5,5,1,6,1,0,,,,1,1,0,,,,,,1,1,,,5,1,1,,,0,,0,,1,1,1,1,1,1,1,1,1,1,6,2,1,0,0,0,0,0,0,0,0,0,0,0,0,0,0,0,0,0,0,0,0,0,0,0,0,0,0,0,0,,,,0,,,,,,,,,,,,,,,,,,,0,0,0,0,0,0,0,0,0,0,0,0,0,0,0,0,0,0,0,0,0,0,0,0,0,0,0,0,0,0,1,7,4,2,0,0,0,0,0,0,0,0,0,0,0,0,0,0,0,0,0,62.25,157.2,25.1903541,1,0,2
01ADL0053,57,1990,2/10/2017 10:41,2/10/2017,3,2,0,,0,,1,3,5,1,3,1,0,,,4,1,3,0,,,0,,1,0,1,1,1,5,1,1,0,2,0,,,,1,1,1,1,1,9,,1,5,1,1,1,1,1,1,1,4,3,1,1,9,2,1,1,2,1,1,7,2,1,2,4,2,1,2,7,1,5,2,1,4,1,2,1,1,1,1,0,1,1,1,0,2,1,7,3,2,1,8,3,2,1,7,1,3,1,1,6,2,7,2,7,2,1,1,1,1,6,2,4,1,1,1,1,0,1,1,7,2,1,1,3,2,1,1,4,2,7,2,6,0,0,0,1,0,1,0,0,0,1,0,0,0,0,0,1,1,1,1,4,3,1,8,7,3,6,2,5,5,1,4,1,1,1,1,1,1,2,1,1,1,2,1,1,1,4,2,1,1,1,1,1,2,4,1,3,1,2,8,,7,1,1,1,2,2,2,2,2,,5,2,0,,1,2,1,1,2,4,1,1,3,2,1,1,2,2,1,4,1,1,1,1,1,1,1,,,,,,,,,3,2,4,2,1,2,4,2,0,,,2,2,4,1,1,5,1,1,1,1,1,2,2,1,1,5,1,1,3,2,5,0,,0,,1,1,3,0,,1,2,2,2,4,2,1,2,1,0,,0,,1,1,0,,1,1,3,2,1,3,1,1,1,1,4,2,1,2,2,2,2,0,0,0,1,0,1,0,0,0,4,2,1,1,0,2,1,1,3,5,3,3,3,3,2,0,,0,,3,1,1,4,,3,3,1,1,1,4,1,7,2,4,2,5,1,2,6,3,1,2,2,1,1,3,1,1,1,1,1,2,0,,1,1,1,2,3,1,2,2,6,1,1,2,5,2,1,5,2,1,0,,1,2,1,1,6,5,0,,,,,,0,,,,,,,,,1,1,0,,1,2,0,,1,3,1,2,1,3,6,5,1,0,0,0,0,0,0,1,0,0,0,0,0,0,0,0,0,0,0,0,0,0,0,0,0,0,0,0,1,4,2,2,1,0,,,,0,,,,,,1,1,3,2,4,0,,,0,0,0,0,0,0,0,0,0,0,0,1,0,0,0,0,0,0,0,0,0,0,0,0,0,0,0,0,0,0,2,6,4,2,0,0,0,0,0,0,0,0,0,0,0,0,0,0,0,0,0,70.3,160.7,27.22222201,2,0,2
01ADL0054,89,1978,3/10/2017 12:28,3/10/2017,10,1,1,2,2,2,1,2,2,2,2,2,0,,,0,,,0,,,2,2,1,2,1,1,4,3,1,2,2,2,0,,,,1,4,3,2,1,9,9,2,4,1,1,3,2,3,2,1,1,2,2,1,2,2,1,1,5,1,1,7,2,0,,4,2,4,2,6,2,4,2,1,5,4,2,1,1,1,2,2,2,1,1,1,2,1,2,3,2,1,7,5,3,0,,,,0,,4,2,6,3,7,2,3,2,4,2,4,2,4,2,4,2,1,1,2,2,4,2,4,2,4,3,4,2,0,,7,2,6,0,0,1,1,0,0,0,0,0,4,0,1,0,0,0,0,0,2,1,4,3,1,6,6,2,7,3,3,7,1,0,,4,2,0,,4,2,3,2,1,4,2,1,1,4,2,4,2,0,,4,2,3,2,4,2,3,7,2,5,2,2,1,2,1,5,3,4,2,3,2,1,2,0,,3,2,4,2,1,4,3,2,1,3,3,3,2,5,2,2,4,2,1,3,3,4,1,1,1,5,3,1,1,4,2,4,2,1,2,4,3,3,3,3,4,3,2,3,2,5,3,1,2,3,2,2,3,3,2,3,4,2,2,2,3,2,2,2,2,4,3,3,3,2,3,2,4,2,5,2,2,4,2,1,3,4,2,1,2,1,2,5,2,2,3,2,4,3,2,3,3,5,3,0,,4,2,4,0,1,0,1,0,0,1,0,0,2,2,1,5,4,2,3,2,2,3,3,2,,6,2,0,,1,2,4,2,3,4,2,5,1,2,1,2,5,2,5,2,4,2,,4,2,6,3,2,0,,2,2,2,1,2,4,1,1,1,3,2,1,2,1,1,3,2,2,1,4,1,4,1,6,2,2,4,3,2,7,1,3,1,1,1,4,3,1,1,1,1,,,1,2,1,3,1,,1,,,0,,0,,1,3,1,5,1,4,1,5,1,5,3,2,1,0,0,0,0,0,0,0,0,0,0,0,1,0,1,0,0,0,1,0,0,0,0,0,0,0,0,0,1,3,2,3,1,1,2,3,3,0,,,,,,0,,0,,,0,,,0,0,0,0,0,0,0,0,0,0,0,0,0,0,0,0,0,0,0,0,0,0,0,0,0,0,0,0,0,0,1,5,6,2,0,0,0,0,0,0,0,0,0,0,0,0,0,0,0,1,0,82.01,171.4,27.91548494,2,4,2
01ADL0055,80,1946,3/1/2017 12:23,3/1/2017,8,2,1,2,0,,1,2,1,0,,,0,,,0,,,0,,,0,,0,,,,,,0,,,,0,,,,0,,,,1,9,9,1,5,1,2,0,,0,,1,7,7,3,1,0,,,,,,,,,0,,6,2,1,2,6,2,0,,1,8,4,2,0,,1,5,1,3,1,4,0,3,1,6,4,3,1,7,4,2,1,4,2,3,1,3,7,3,9,3,8,3,0,,7,2,5,3,8,3,0,,0,,,,8,3,7,3,1,2,3,3,0,,3,2,0,0,0,0,0,0,0,0,0,0,8,0,0,0,0,0,0,1,1,1,6,2,1,5,5,2,7,3,5,0,,6,3,0,,0,,0,,,,,,,,,0,,0,,0,,1,2,0,,4,2,1,10,3,6,2,5,0,,,,,,,0,,0,,0,,0,,,,,1,1,2,1,1,3,1,1,1,2,1,2,2,1,1,1,1,3,1,1,2,3,1,1,0,,1,3,0,,0,,0,,,0,,,0,,,,2,3,1,2,2,1,2,3,2,0,,0,,,0,,0,,0,,,0,,0,,1,3,5,3,1,2,2,0,,0,,0,,4,3,0,,,0,,,0,,3,3,7,2,0,,8,2,3,0,0,0,1,0,0,0,1,0,3,3,1,5,4,2,2,1,2,3,0,,,0,,0,,0,,1,3,1,0,,,2,3,0,,1,3,1,2,1,2,2,0,,2,3,4,1,3,1,3,2,0,,2,3,1,2,1,3,0,,0,,,,,,0,,0,,8,2,1,5,5,1,4,5,0,,,,2,5,0,,,,,,1,1,1,2,1,,5,2,3,0,,0,,1,1,1,1,0,,0,,0,,7,4,1,0,0,0,0,0,0,0,0,0,0,0,0,0,0,0,0,0,0,0,0,0,0,0,0,0,0,0,0,,,,1,0,,,,4,4,2,2,3,2,0,,0,,,0,,,1,0,1,0,0,1,0,1,0,0,0,0,0,0,0,0,1,1,0,0,0,0,0,0,1,0,0,0,0,0,3,6,4,2,0,0,0,0,0,0,0,0,0,0,0,0,0,0,0,0,2,56.65,159.2,22.35186611,1,4,2
01ADL0056,96,1975,3/16/2017 10:03,3/16/2017,3,1,0,,1,3,4,1,4,4,1,1,0,,,2,1,2,0,,,0,,1,1,1,1,5,1,1,3,2,2,1,6,6,2,1,3,2,3,1,8,8,3,1,1,5,0,,0,,1,7,4,2,1,6,2,1,1,5,1,1,2,2,0,,7,3,0,,7,2,1,2,1,6,1,2,1,2,0,,,,0,,,,1,1,0,2,1,7,7,3,0,,,,1,2,6,1,7,2,4,2,1,2,1,2,4,2,4,2,4,2,1,4,4,2,4,2,4,2,4,2,1,2,4,2,7,2,0,0,0,0,0,0,0,0,0,0,0,0,0,0,0,0,0,0,,,1,2,1,7,7,2,7,2,5,7,2,1,2,0,,1,2,1,2,2,2,5,5,1,4,2,4,2,2,2,0,,2,2,2,2,4,2,2,4,2,2,2,1,0,,,,,,,2,2,0,,1,2,1,2,5,2,2,1,5,2,1,1,1,5,2,4,,1,2,2,1,1,1,0,,,,,,,,0,,6,2,1,2,2,2,4,2,4,4,2,2,2,2,5,2,0,,1,1,2,5,0,,,2,2,0,,,0,,1,2,0,,,1,2,0,,2,2,1,2,1,5,5,1,2,2,2,1,1,0,,2,2,1,1,2,1,1,2,1,2,1,2,0,,2,2,0,0,0,0,0,0,0,0,0,0,0,,1,9,9,2,3,3,3,3,1,2,5,1,2,1,2,0,,1,2,2,1,2,2,0,,1,2,2,2,7,2,1,,5,1,2,1,2,2,1,2,1,2,5,0,,1,1,1,2,2,2,0,,1,2,2,2,2,2,1,2,1,2,7,2,1,2,2,1,7,1,1,3,5,1,6,2,1,2,1,2,2,2,1,5,2,3,,,2,2,6,1,2,1,2,1,2,1,2,1,2,1,2,1,2,3,3,1,0,0,0,0,1,0,1,0,0,1,0,1,0,1,1,0,0,0,1,0,0,0,0,0,0,0,0,0,,,,0,,,,,,,,,,,,,,,,,,,0,0,0,0,0,0,0,0,0,0,0,0,0,0,0,0,0,0,0,0,0,0,0,0,0,0,0,0,0,0,1,5,6,2,0,0,0,0,0,0,0,0,0,0,0,0,0,0,0,,,,,,,,0
01ADL0057,83,1966,3/6/2017 9:56,3/6/2017,9,1,0,,2,2,3,2,3,2,2,3,4,2,5,0,,,1,2,5,0,,1,4,2,2,5,3,1,3,3,2,0,,,,1,3,3,2,1,6,4,2,5,3,3,3,2,2,2,1,3,3,2,1,6,2,1,1,2,1,0,5,2,0,,4,2,2,2,6,2,4,2,1,1,1,2,3,2,1,2,1,2,1,2,1,2,1,3,2,2,1,2,1,2,0,,,,1,2,3,2,4,2,6,2,1,1,1,2,6,2,2,1,3,1,1,1,1,2,4,2,4,3,1,1,1,1,3,2,5,3,3,0,0,0,1,0,0,0,0,0,4,0,0,0,1,0,0,0,,2,4,3,1,7,5,3,6,3,2,6,2,1,3,3,2,1,1,3,3,1,1,4,4,2,1,1,2,3,1,2,1,1,1,3,3,2,2,2,3,4,3,4,2,2,1,2,4,2,3,2,2,0,,1,2,1,1,2,2,,,,3,2,2,2,4,2,2,2,3,2,3,3,2,2,2,2,2,3,1,3,3,3,1,1,2,2,4,3,2,3,3,3,4,3,4,3,3,4,3,2,5,4,1,2,1,2,2,5,3,3,5,1,2,0,,,1,2,2,2,3,3,3,1,2,1,2,2,,2,3,2,4,4,0,,2,3,1,1,0,,3,2,1,3,2,1,1,2,1,2,3,3,0,,3,2,6,1,1,0,1,0,0,1,0,0,1,1,1,1,1,2,3,2,2,1,3,2,4,0,,0,,0,,3,3,2,2,2,1,3,2,1,2,4,2,4,2,5,2,2,1,2,4,3,1,0,,1,3,1,1,2,1,2,1,2,1,2,1,3,1,1,3,2,2,1,1,2,1,2,4,2,2,4,1,2,6,3,2,3,3,2,2,3,1,1,1,5,3,3,1,3,2,3,3,2,1,,,6,2,1,5,1,4,0,,1,3,1,3,1,2,4,3,1,0,0,0,0,0,0,0,0,0,0,0,1,0,0,0,0,0,0,0,0,0,0,0,0,0,0,0,1,2,2,2,1,0,,,,0,,,,,,0,,0,,,0,,,0,0,0,0,0,0,0,0,0,0,0,0,0,0,0,0,1,0,0,0,0,0,0,0,0,0,0,0,0,0,2,8,6,2,0,0,0,0,0,0,0,0,0,0,0,0,0,0,0,1,1,102.8,174.4,33.79871223,3,4,2
01ADL0058,,1956,,4/25/2017,11,1,0,,1,2,1,2,0,1,2,1,1,2,5,1,2,1,0,,,0,,0,,,,,,1,1,1,2,0,,,,0,,,,1,7,7,1,5,3,3,1,1,1,2,0,,,,,7,2,1,1,5,1,1,1,3,0,,4,2,0,,3,2,4,3,1,7,5,2,3,3,1,5,3,2,1,4,3,3,1,5,3,1,1,8,8,3,1,3,1,2,1,2,9,2,1,2,8,3,1,2,0,,5,3,1,2,0,,1,1,1,2,2,2,2,2,1,2,1,1,1,1,5,2,8,0,1,0,1,0,1,0,0,0,7,0,1,0,1,0,0,0,2,2,6,2,1,7,5,3,8,2,5,9,3,6,2,1,2,1,2,1,2,1,2,1,5,3,1,1,0,,1,2,5,1,0,,1,2,1,2,4,8,3,8,3,5,2,2,1,5,4,5,3,0,,0,,0,,5,2,1,5,1,2,1,2,1,5,4,5,3,4,2,1,1,1,1,1,1,5,2,1,1,5,4,1,1,5,3,0,,1,3,2,3,0,,,1,3,1,3,3,5,5,0,,1,2,2,5,1,2,3,0,,1,2,1,0,,0,,4,3,3,4,3,0,,0,,1,2,3,3,5,0,,3,2,0,,0,,1,2,1,1,2,1,0,,0,,1,3,0,,0,,5,0,1,0,1,0,0,0,0,0,1,1,0,,,,,,,,3,2,5,1,3,0,,0,,0,,,0,,,0,,0,,0,,0,,4,2,3,0,,6,2,1,0,,9,3,1,0,,0,,0,,0,,1,2,1,2,5,1,1,4,0,,0,,2,2,1,5,,1,6,1,6,1,5,1,,,0,,,,,,0,,,,,,,,,0,,,,1,1,1,1,1,1,1,1,1,1,5,6,1,0,0,0,0,0,1,0,0,0,0,0,0,0,0,0,0,0,0,0,0,0,0,0,0,0,0,0,1,5,2,4,1,0,,,,5,5,2,3,3,2,0,,0,,,0,,,0,0,0,0,1,0,0,0,0,0,0,0,0,0,0,0,0,0,0,0,0,0,0,0,0,0,0,0,0,0,3,6,5,1,0,0,0,0,0,0,0,0,0,0,0,0,0,0,0,1,2,70.6,165.9,25.65145056,2,4,1
01ADL0059,93,1961,3/15/2017 9:42,3/15/2017,7,1,0,,0,,0,,,1,1,1,0,,,0,,,0,,,0,,0,,,,,,0,,,,0,,,,1,2,2,2,1,8,8,1,3,1,2,0,,0,,1,1,1,2,1,0,,,,,,,,,0,,7,2,0,,7,2,9,2,1,8,0,2,0,,1,7,0,2,0,,,,1,1,0,2,1,7,0,2,0,,,,0,,7,2,7,2,6,2,2,2,4,2,8,2,2,2,1,2,1,5,0,2,4,2,4,2,1,2,4,2,0,,7,2,7,0,0,0,1,0,0,0,0,0,0,0,0,0,0,0,0,0,,,1,2,1,7,2,2,8,3,5,8,2,3,2,3,2,1,2,4,2,1,2,1,5,2,1,1,3,2,0,,1,2,1,2,2,2,3,2,1,2,3,4,2,1,1,2,1,5,3,5,,1,2,0,,1,2,3,2,1,5,1,8,1,3,1,1,1,1,1,3,2,1,5,2,1,2,3,3,1,1,1,5,3,1,2,7,1,8,2,0,,0,,0,,,0,,,1,2,5,4,1,2,0,,,,0,,,0,,0,,,0,,0,,0,,,0,,2,2,3,,4,2,1,3,2,0,,0,,3,2,0,,0,,,0,,,0,,2,2,2,2,0,,5,2,7,0,0,0,1,0,0,0,0,0,1,2,1,7,6,3,2,1,2,4,2,2,1,7,3,0,,0,,4,2,1,3,2,1,0,,0,,8,2,1,2,8,2,1,2,2,6,2,1,0,,3,2,1,1,2,2,1,1,2,1,2,1,2,1,2,5,1,2,1,2,1,0,,5,2,1,5,5,1,7,1,7,5,1,,2,5,0,,,,,,1,1,,,2,2,5,2,1,0,,0,,1,1,1,1,1,1,1,1,1,5,,6,0,0,0,0,0,0,0,0,0,0,0,0,0,0,0,0,0,0,0,0,0,0,0,0,0,0,0,0,1,5,2,4,0,,,,,,,,,,,,,,,,,,,0,0,0,0,0,0,0,0,0,0,0,0,0,0,0,0,0,0,0,0,0,0,0,0,0,0,0,0,0,0,3,5,5,2,0,0,0,0,0,0,0,0,0,0,0,0,0,0,0,1,1,95.45,177.5,30.29557627,3,4,2
01ADL0060,87,1966,,3/9/2017,9,1,1,1,1,2,1,2,1,1,2,1,0,,,0,,,0,,,0,,1,1,1,1,4,3,1,1,1,1,0,,,,1,2,2,2,1,8,7,1,3,1,5,,,2,1,1,1,1,2,5,0,,,,,,,,,0,,1,1,1,1,2,2,4,1,1,1,2,2,1,2,1,2,1,2,1,1,1,2,1,4,2,2,1,4,3,3,1,3,2,3,1,2,4,2,9,3,6,2,4,2,4,2,7,3,2,2,,,,,,,,,,,,,,,,,,,,0,0,0,0,0,0,0,0,0,,0,0,0,0,0,0,0,,,,,,,,,,,,,,,,,,,,,,,,,,,,,,,,,,,,,,,,,,,,,,,,,,,,,,,,,,,,,,,,,,,,,,,,,,,,,,,,,,,,,,,,,,,,,,,,,,,,,,,,,,,,,,,,,,,,,,,,,,,,,,,,,,,,,,,,,,,,,,,,,,,,,,,,,,,,,,,,,,,,0,0,0,0,0,0,0,0,0,,,,,,,,,,,,,,,,,,,,,,,,,,,,,,,,,,,,,,,,,,,,,,,,,,,,,,,,,,,,,,,,,,,,,,,,,,,,,,,,,,,,,,,,,,,,,,,,,,,,,,,,,,,,,,,,0,0,0,0,0,0,0,0,0,0,0,0,0,0,0,0,0,0,0,0,0,0,,0,0,0,0,0,,,,,,,,,,,,,,,,,,,,,,,,0,0,0,0,0,0,0,0,0,0,0,0,0,0,0,0,0,0,0,0,0,0,0,0,0,0,0,0,0,0,,,,0,0,0,0,0,0,0,0,0,0,0,0,0,0,0,0,1,1,94.55,182.6,28.35698065,2,4,2
01ADL0061,147,1976,4/12/2017 9:29,4/12/2017,3,1,1,2,1,2,3,2,5,2,2,5,2,2,2,1,2,2,1,1,5,5,3,1,2,2,2,1,1,1,5,5,2,0,,,,1,3,3,2,1,9,9,3,3,1,3,3,2,1,2,1,1,2,2,5,1,2,1,1,1,5,1,2,2,0,,2,2,0,,0,,4,2,1,2,1,3,2,3,1,1,1,3,1,1,1,3,1,1,1,2,1,6,4,3,0,,,,5,3,6,3,7,3,8,3,2,2,0,,4,3,6,2,2,2,1,2,1,2,8,3,6,2,4,2,7,3,7,2,8,2,7,0,1,0,1,0,1,1,0,0,6,0,1,0,1,0,0,1,,2,6,2,1,7,7,2,7,3,5,7,2,4,2,5,3,1,2,2,2,2,2,1,2,2,1,1,7,3,6,2,4,2,1,3,7,2,7,2,2,7,2,5,3,2,2,3,1,5,3,5,3,1,3,1,2,2,2,2,2,,,,4,4,2,1,3,3,3,2,7,2,1,4,2,1,1,1,6,2,1,1,4,3,2,2,0,,1,2,2,3,4,3,4,3,5,6,3,4,1,3,5,5,0,,4,3,2,3,3,3,5,1,2,3,2,3,2,2,1,3,2,3,4,2,2,2,3,4,3,8,3,2,3,4,2,2,7,3,1,2,0,,7,3,4,4,2,3,4,3,4,3,2,2,0,,4,2,7,0,1,0,1,0,1,1,1,0,1,2,1,2,1,2,1,2,4,4,6,2,4,8,3,2,2,2,2,7,3,2,7,2,3,8,2,6,2,7,2,7,2,1,2,5,0,,8,3,5,1,2,2,2,2,2,2,7,2,3,2,1,2,1,2,1,3,4,2,2,1,7,2,6,2,8,2,4,2,4,2,2,1,1,2,1,1,6,1,1,3,3,1,,,1,3,3,4,3,3,1,,,0,,0,,1,4,1,4,1,4,1,3,1,3,4,3,1,0,0,0,1,0,0,1,0,0,0,0,0,0,1,1,0,0,0,0,0,0,0,0,0,0,0,0,1,5,2,2,1,0,,,,0,,,,,,0,,2,4,1,0,,,0,0,0,0,0,0,0,0,0,0,0,0,0,1,1,0,1,1,0,0,0,0,0,0,0,0,0,0,0,0,1,6,5,2,0,0,0,0,0,0,0,0,0,0,0,0,0,0,0,1,1,107.95,179.2,33.61604652,3,2,2
01ADL0062,108,1980,3/23/2017 11:02,3/23/2017,9,1,0,,0,,3,2,1,3,2,1,2,2,2,1,2,4,0,,,0,,1,3,2,2,3,2,1,1,1,2,0,,,,1,3,2,2,1,9,9,1,2,2,4,3,2,1,2,1,7,7,2,1,6,2,4,1,1,2,1,4,3,1,1,5,2,0,,7,2,3,2,1,2,1,2,4,2,1,5,4,1,1,5,4,2,1,4,4,2,1,5,4,2,0,,,,3,1,1,2,7,2,7,2,3,1,1,1,3,2,1,1,0,,1,3,3,2,5,2,2,2,0,,1,1,6,2,4,1,7,0,0,0,0,1,0,0,1,0,0,0,0,0,0,0,0,0,,,3,3,1,4,4,3,6,2,3,6,2,0,,5,2,5,2,6,3,4,3,1,4,3,2,1,3,3,0,,4,2,3,1,4,2,4,1,4,6,2,7,3,1,4,2,1,5,4,5,3,4,2,4,2,4,2,6,2,4,2,5,5,2,2,1,2,4,4,3,6,3,4,4,3,1,4,4,5,2,4,2,4,4,2,2,5,3,5,3,5,3,7,3,6,2,1,3,2,1,1,2,5,5,3,3,4,3,2,3,3,2,5,4,2,4,2,1,4,2,3,2,3,2,2,3,2,5,3,7,3,7,2,2,5,2,3,2,6,2,8,2,0,,3,2,1,3,2,1,4,2,4,2,4,2,3,3,4,3,4,0,0,0,1,0,1,0,0,0,3,3,1,4,3,2,1,2,3,2,6,2,4,5,2,3,2,4,3,4,2,2,3,2,2,3,2,4,2,8,2,3,2,4,2,3,0,,7,3,2,3,2,4,3,1,4,2,6,2,4,2,4,2,0,,3,2,4,2,1,1,5,1,4,2,9,2,1,5,2,2,4,3,4,1,5,2,3,1,1,4,2,2,1,2,1,4,3,3,4,3,4,3,4,3,2,1,1,1,1,1,3,1,3,1,1,1,3,7,6,1,0,1,1,0,0,0,1,0,0,0,0,0,0,1,0,0,0,0,0,0,0,1,1,1,0,0,0,1,3,2,2,0,,,,,,,,,,,,,,,,,,,0,0,0,0,0,0,0,0,0,0,0,0,0,0,0,0,0,0,0,0,0,0,0,0,0,0,0,0,0,0,2,3,3,2,0,0,0,0,0,0,0,0,0,0,0,0,0,0,0,1,0,56.75,169.5,19.75269968,1,0,2
01ADL0063,99,1994,3/17/2017 9:39,3/17/2017,6,1,1,2,1,2,1,2,5,1,2,5,0,,,1,2,4,0,,,0,,1,1,0,2,2,1,1,3,1,2,0,,,,1,3,2,3,1,9,9,2,1,1,3,1,2,2,3,0,,,,,9,1,1,1,5,1,1,7,2,0,,1,2,1,2,3,2,1,2,1,6,1,3,1,2,1,1,1,2,1,7,0,3,1,4,1,3,1,6,3,3,0,,,,1,3,6,2,6,3,6,3,1,1,1,2,1,2,2,1,2,1,0,,,,3,2,1,2,1,2,0,,2,2,4,2,7,0,0,1,0,0,1,0,0,0,0,0,0,0,0,0,0,0,,,1,3,1,3,0,2,6,3,3,7,1,2,1,1,1,0,,1,2,2,2,3,3,2,4,2,3,2,1,1,4,3,3,3,3,2,0,,,2,2,5,2,1,1,2,1,1,1,5,2,2,2,1,1,1,1,5,2,2,2,2,4,1,2,1,2,1,5,2,5,2,5,5,2,1,2,2,1,2,3,1,1,1,1,1,3,2,3,2,1,2,3,2,2,3,1,3,3,1,0,,,,0,,1,2,2,1,0,,,2,2,0,,,1,1,0,,1,3,1,3,2,1,2,7,1,3,3,2,3,3,0,,5,3,1,2,0,,4,2,1,1,1,2,1,3,1,2,3,2,1,3,2,3,2,0,1,0,0,1,1,0,0,0,0,,1,4,1,2,1,1,1,5,3,2,5,2,1,1,2,1,2,1,1,1,2,2,1,2,2,1,1,2,1,1,2,4,2,5,0,,6,2,1,1,2,2,3,1,2,3,4,2,5,3,5,2,1,3,1,3,3,2,2,2,3,2,4,1,3,2,1,5,5,1,2,1,2,1,2,1,2,1,1,5,2,1,,,1,3,2,1,3,2,3,2,5,1,1,0,,1,1,0,,0,,1,1,1,3,3,3,0,0,0,0,0,0,0,0,1,0,0,0,0,0,0,0,0,0,0,0,0,0,0,0,0,0,0,0,1,2,2,2,0,,,,,,,,,,,,,,,,,,,0,0,0,0,0,0,0,0,0,0,0,0,0,0,0,0,0,0,0,0,0,0,0,0,0,0,0,0,0,0,1,7,6,2,0,0,0,0,0,0,0,0,0,0,0,0,0,0,0,1,0,59.2,168.4,20.87553106,1,0,2
01ADL0064,113,1982,3/27/2017 10:14,3/27/2017,7,2,0,,1,1,0,,,0,,,2,1,5,0,,,0,,,1,1,1,1,1,1,5,1,0,,,,0,,,,1,2,1,1,1,9,9,1,4,1,1,1,2,2,2,1,1,1,1,1,0,,,,,,,,,0,,2,2,1,2,1,2,1,1,1,1,0,2,1,1,1,1,0,1,1,1,1,1,1,1,3,3,1,3,3,2,1,3,1,2,1,3,0,,7,3,10,3,1,2,5,3,3,3,1,3,1,2,1,1,1,1,6,2,6,2,1,2,2,1,9,2,5,3,7,0,0,0,1,1,1,0,0,0,1,0,0,0,1,0,0,0,1,1,3,2,1,4,4,2,8,3,3,7,1,2,1,1,2,0,,1,1,1,1,1,1,1,1,1,3,2,1,2,1,1,1,1,1,2,1,2,1,10,3,4,2,,1,1,1,3,2,3,1,0,,1,1,0,,1,1,5,1,5,1,3,1,1,2,2,3,1,1,1,3,1,1,1,1,1,1,1,5,1,5,2,1,1,3,2,6,2,0,,1,3,1,2,5,1,3,2,4,3,5,5,1,2,0,,,,0,,,1,1,1,1,1,1,1,0,,1,1,1,1,1,1,3,1,2,7,2,1,5,1,1,2,4,2,1,1,1,2,1,1,1,1,2,1,1,2,3,2,4,2,0,,4,2,5,0,0,0,1,0,1,0,0,0,3,3,1,2,3,2,,1,2,5,1,2,5,5,1,1,1,1,2,4,1,1,1,1,1,4,3,3,2,8,1,4,1,8,2,5,1,2,7,2,3,1,1,7,1,3,2,1,3,1,3,1,2,1,1,1,1,1,3,3,3,1,8,1,3,1,7,2,2,4,5,1,7,1,1,1,1,2,2,3,0,,,,,,0,,,,,,,,,1,1,0,,1,1,1,1,1,1,1,3,1,3,9,3,1,0,0,0,0,0,0,1,1,0,0,0,0,0,1,0,0,0,0,0,0,0,0,0,0,0,0,0,1,4,2,4,1,1,1,1,1,0,,,,,,0,,0,,,0,,,0,0,0,0,0,0,0,0,0,0,0,0,0,0,0,0,1,0,0,0,0,0,0,0,1,0,0,0,0,0,1,4,5,2,0,0,0,0,0,0,0,0,0,0,0,0,0,0,0,0,0,55.95,157.93,22.43214586,1,0,2
01ADL0065,123,1963,3/30/2017 10:42,3/30/2017,2,1,2,2,1,2,3,2,0,4,2,1,1,2,1,0,,,1,2,1,0,,0,,,,,,1,0,1,1,0,,,,1,2,2,2,1,5,5,1,2,1,1,1,2,1,1,1,1,1,2,1,9,2,1,1,1,1,1,7,2,1,1,5,2,4,2,7,2,6,1,0,,,,6,1,1,2,1,2,1,1,1,2,1,8,7,2,1,7,7,2,1,7,6,2,2,2,7,2,8,2,4,1,1,2,0,,4,2,3,2,1,2,1,2,2,2,4,2,1,2,1,2,5,2,4,2,4,2,8,0,0,0,1,1,0,0,0,0,7,0,0,0,0,0,0,1,2,1,4,2,1,4,6,2,5,2,2,2,2,3,1,1,1,4,2,1,2,1,1,1,1,2,1,2,4,3,,,1,2,1,2,5,2,2,2,,2,2,5,2,3,1,1,1,1,2,1,2,2,2,2,2,2,1,5,,1,5,5,5,5,2,2,3,2,3,2,6,2,2,1,1,1,2,3,1,1,2,1,1,4,3,2,7,1,1,1,0,,0,,0,,,0,,,1,2,2,1,0,,0,,,,0,,,0,,0,,,0,,0,,0,,,0,,0,,0,,0,,,,,0,,0,,0,,0,,0,,,0,,,1,2,1,2,2,2,1,3,2,2,1,0,0,0,1,1,0,0,0,0,3,2,1,4,2,2,4,1,4,2,3,2,1,2,1,1,2,7,2,2,1,3,2,,3,4,2,0,,1,1,7,2,6,2,2,0,,8,2,4,2,2,1,1,,4,2,5,,0,,,,1,1,4,2,2,3,3,1,8,1,0,,7,2,1,2,2,1,7,1,1,1,1,1,4,3,1,5,1,1,,,1,1,1,4,1,,1,,,8,1,0,,0,,0,,0,,1,2,1,2,8,7,1,0,0,1,0,0,0,1,0,0,0,0,0,0,0,0,0,0,0,0,0,0,1,1,1,0,0,0,1,1,3,4,1,0,,,,1,5,3,3,3,1,0,,5,1,4,5,1,2,0,1,1,1,0,0,0,0,0,0,0,0,0,0,0,0,1,1,0,1,0,0,0,0,0,0,0,0,0,0,1,1,6,2,0,0,0,0,0,0,0,0,0,0,0,0,0,0,0,1,1,74.8,180,23.08641975,1,4,2
01ADL0066,101,1943,3/21/2017 9:57,3/21/2017,8,1,4,2,5,1,1,1,0,3,1,1,4,1,1,1,1,4,1,1,1,0,,0,,,,,,0,,,,0,,,,0,,,,1,9,,1,5,1,1,2,1,0,,1,8,8,3,1,4,2,1,1,3,3,1,5,1,0,,7,2,4,2,9,2,7,2,1,8,0,2,1,1,1,6,0,2,0,,,,1,8,0,2,1,6,1,2,0,,,,6,1,3,2,6,2,5,2,1,2,5,3,5,2,4,3,2,2,1,4,1,2,4,3,2,3,3,3,4,3,0,,4,2,1,0,1,0,1,0,0,0,0,0,4,0,0,0,0,0,0,1,1,1,4,3,1,4,2,2,4,3,4,4,1,5,2,1,1,1,2,7,2,1,1,1,5,1,1,1,2,2,1,1,1,2,3,3,4,2,3,2,1,1,2,4,2,1,3,3,1,4,3,1,1,3,2,2,3,1,2,,,,,,1,4,2,1,2,2,1,1,5,2,1,2,1,1,1,1,4,1,1,1,5,3,1,1,1,1,5,3,1,3,2,2,0,,,0,,,6,3,4,5,0,,1,2,2,1,1,2,3,3,2,0,,,2,3,1,3,1,2,3,1,2,2,3,3,3,4,2,1,1,1,1,3,1,2,0,,0,,0,,,1,1,3,1,3,1,3,5,3,0,,1,2,,0,0,0,0,0,0,0,0,0,2,3,1,2,2,2,2,,2,2,1,2,1,1,2,1,2,0,,0,,,0,,,0,,1,1,8,,1,2,4,2,3,0,,4,2,1,1,1,4,,3,2,2,1,,0,,1,1,0,,2,2,4,1,2,1,4,1,2,1,5,3,1,5,5,1,4,2,5,2,1,2,2,3,0,,,,,,0,,,,,,,,,0,,0,,1,1,1,1,0,,0,,1,2,7,8,0,0,1,0,0,0,0,0,0,0,1,0,1,0,0,0,0,0,0,0,0,0,0,0,0,0,0,0,0,,,,0,,,,,,,,,,,,,,,,,,,0,0,0,0,0,0,0,0,0,0,0,0,0,0,0,0,0,0,0,0,0,0,0,0,0,0,0,0,0,0,1,5,4,2,0,0,0,0,0,0,0,0,0,0,0,0,0,0,0,1,2,78,179.5,24.20837827,1,4,2
01ADL0067,118,1955,3/28/2017 8:53,3/28/2017,8,1,0,,0,,3,3,1,0,,,0,,,0,,,0,,,0,,1,1,2,2,1,1,0,,,,0,,,,0,,,,1,8,8,1,2,1,2,6,3,1,1,0,,,,,0,,,,,,,,,0,,6,2,1,2,7,2,1,1,1,1,1,2,4,2,1,1,1,1,0,,,,1,2,1,2,1,2,4,2,0,,,,0,,6,2,2,1,1,2,0,,0,,4,2,3,2,4,1,1,1,4,2,4,2,1,1,3,2,0,,1,1,7,2,7,0,0,0,1,0,0,0,0,0,0,0,0,0,0,0,0,0,,,4,2,1,1,2,1,7,2,5,7,1,1,1,4,2,0,,1,2,1,1,1,5,1,1,1,4,2,6,1,2,2,1,2,2,2,4,1,,6,2,0,,,1,2,1,1,1,5,2,1,2,1,2,0,,6,2,3,3,2,4,1,2,1,1,1,3,2,6,2,2,1,1,1,1,1,1,1,2,1,1,1,1,1,0,,4,2,0,,0,,0,,,1,2,,,,,,0,,1,2,2,5,2,2,5,1,2,0,,,1,2,1,2,5,2,5,1,2,0,,0,,6,2,2,3,1,1,2,4,2,0,,0,,2,2,1,5,1,1,3,2,4,2,2,2,0,,2,2,7,0,1,0,1,0,0,0,0,0,0,,1,1,1,2,2,1,2,3,4,2,2,2,2,0,,0,,1,1,,2,2,1,2,2,6,2,4,1,1,2,6,2,1,0,,6,3,1,2,2,3,2,4,1,2,0,,1,2,1,2,0,,0,,,,,,1,1,,,6,2,1,5,5,1,7,,0,,,,4,1,0,,,,,,0,,,,,,,,,,,0,,1,,0,,0,,1,1,1,1,3,3,0,0,0,1,0,0,0,0,0,0,0,0,0,0,0,0,0,0,0,0,0,0,0,0,0,0,0,0,1,5,3,2,1,0,,,,0,,,,,,0,,0,,,0,,,0,1,0,0,0,0,0,0,0,0,1,0,0,0,0,0,0,1,0,0,0,0,0,0,1,0,0,0,0,0,1,6,5,2,0,0,0,0,0,0,0,0,0,0,0,0,0,0,0,1,2,94,173.03,31.39677481,3,4,2
01ADL0068,120,1991,3/29/2017 9:53,3/29/2017,12,2,0,,0,,1,2,3,2,2,3,2,1,1,2,2,2,0,,,1,2,1,1,1,1,1,3,1,2,0,1,1,1,1,2,1,3,3,2,1,8,7,1,5,1,2,4,3,2,2,1,5,5,1,1,2,1,1,3,2,1,1,7,3,0,,7,2,1,2,5,2,9,2,1,4,0,2,8,2,1,1,0,1,1,4,0,3,1,2,0,2,1,2,4,2,1,6,1,3,0,,4,3,10,3,4,3,1,1,0,,4,3,1,3,0,,1,6,2,2,5,3,1,3,0,,1,2,8,3,10,3,10,0,0,0,1,0,0,0,0,0,0,0,0,0,0,0,0,0,,,6,3,1,8,8,2,3,2,5,1,2,2,2,4,2,0,,1,1,1,1,1,1,1,1,1,4,2,3,2,4,2,1,3,4,2,1,1,2,8,2,6,2,1,1,1,1,2,2,2,1,1,2,1,2,0,,4,2,3,3,1,3,3,2,1,3,3,3,3,5,2,1,1,1,1,1,1,2,2,3,1,2,2,2,1,3,2,4,1,2,2,4,2,3,2,3,2,2,3,0,,,,2,2,0,,,,1,1,3,1,1,1,2,3,1,2,1,2,2,2,4,1,2,2,2,4,2,4,3,2,3,1,1,3,2,2,0,,0,,2,2,2,1,1,1,2,2,3,2,4,2,2,3,4,2,0,0,0,0,0,0,0,0,0,0,6,2,1,9,8,3,1,1,3,5,2,2,3,2,2,1,1,1,1,4,1,2,4,2,2,1,2,3,1,2,2,5,2,2,2,4,1,1,3,3,3,1,2,2,2,3,2,1,2,1,1,1,2,2,1,2,1,2,4,2,2,2,4,1,1,1,10,3,1,5,4,1,4,1,1,5,2,1,2,3,0,,,,,,0,,,,,,,,,0,,0,,1,3,1,2,1,4,1,4,1,4,7,6,1,0,0,0,0,0,0,0,0,0,0,0,0,0,0,0,0,0,0,0,0,0,0,0,0,0,0,0,0,,,,1,0,,,,1,5,2,3,3,1,0,,1,6,1,0,,,0,0,0,0,0,0,0,0,0,0,0,0,0,0,0,0,0,0,0,0,0,0,0,0,0,0,0,0,0,0,1,,,2,0,0,0,0,0,0,0,0,0,0,0,0,0,0,0,0,0,56.5,161.4,21.6890928,1,0,2
01ADL0069,130,1968,4/4/2017 8:52,4/4/2017,10,1,8,1,4,1,4,1,2,4,1,,4,1,3,1,1,2,1,1,2,1,1,1,3,1,1,2,2,1,2,1,1,1,1,1,2,1,2,1,1,1,3,2,2,3,2,2,0,,1,2,1,1,1,1,3,3,1,1,1,1,2,1,5,1,1,2,,,2,2,2,1,2,2,1,1,2,1,1,1,1,1,1,2,1,3,2,1,1,2,3,1,1,3,1,1,1,1,1,1,2,1,1,1,2,2,2,1,3,2,2,1,1,1,2,1,3,2,1,3,3,1,3,1,2,1,3,1,1,1,2,2,5,1,2,1,1,1,1,0,0,1,0,0,2,0,1,0,1,0,0,0,,2,2,1,1,2,2,1,4,2,3,3,2,5,2,3,1,2,2,3,3,3,2,3,3,2,3,2,3,2,3,1,2,2,,,3,2,4,2,3,3,2,6,2,3,4,2,,3,2,3,2,3,3,4,2,3,2,2,2,,,,1,3,2,3,2,2,3,2,,,,,,,,,1,2,3,3,3,3,3,2,3,3,2,2,4,2,3,2,4,2,2,,,,3,2,2,3,1,1,4,2,2,3,4,3,4,3,2,4,2,2,5,2,4,2,5,2,3,4,2,3,2,4,2,3,2,3,3,2,3,2,2,2,3,3,4,3,3,2,3,2,3,4,3,2,3,2,6,2,2,2,1,2,3,0,1,0,0,0,0,1,0,0,4,2,1,5,3,2,4,3,2,3,3,2,3,6,2,3,2,1,2,3,2,4,2,3,2,3,2,3,2,3,2,3,2,3,2,2,3,2,3,2,2,3,2,3,2,3,4,2,1,2,4,2,3,2,5,2,3,2,3,3,3,5,2,2,2,2,2,2,3,4,3,2,2,3,3,3,3,2,3,3,1,2,1,2,3,2,1,1,2,3,3,2,2,2,3,2,2,1,3,1,2,1,4,0,,1,3,1,4,4,4,0,1,1,1,1,0,0,0,0,0,1,1,1,1,0,0,1,1,1,0,0,0,1,0,1,0,0,0,1,3,2,2,1,2,2,2,1,2,3,2,2,2,2,3,2,1,3,2,2,2,3,0,0,0,1,0,0,0,0,0,0,0,0,0,1,0,0,0,0,1,1,1,1,0,0,0,0,0,0,0,0,2,5,4,2,0,0,0,0,0,0,0,0,0,0,0,0,0,0,0,1,1,56.05,174.6,18.38599502,0,1,2
01ADL0070,252,1951,8/8/2017 10:36,8/8/2017,1,2,0,,1,1,2,1,0,1,1,1,0,,,1,1,1,0,,,0,,0,,,,,,0,,,,0,,,,1,3,2,1,1,9,9,1,4,1,5,3,1,2,1,0,,,,,6,1,1,1,5,1,1,1,1,1,1,4,2,5,2,6,1,4,2,1,7,0,2,3,1,1,6,1,1,1,6,0,2,1,5,3,2,1,7,4,2,1,6,4,2,5,2,7,2,7,2,7,3,5,2,6,1,3,1,5,3,5,2,1,5,3,2,5,3,5,3,4,2,5,3,5,2,7,2,7,0,1,0,1,0,0,0,1,0,8,0,1,0,1,0,0,0,1,1,5,3,1,7,4,3,6,3,5,6,1,4,2,4,2,2,2,4,2,1,1,1,5,2,1,1,4,2,5,2,2,2,1,2,4,2,4,2,3,8,3,7,1,1,1,1,1,5,2,3,1,1,,3,1,0,,2,1,,,,4,5,1,1,3,2,3,1,4,1,3,5,2,1,2,2,2,1,3,1,5,2,1,1,2,2,3,2,1,2,3,2,1,2,3,3,2,1,3,2,5,5,1,2,2,2,2,5,1,2,5,3,1,3,2,1,3,1,1,2,3,2,5,4,1,2,2,4,2,6,2,2,1,3,1,2,5,2,0,,3,2,5,2,1,4,2,3,3,2,4,2,6,2,3,2,6,2,5,0,1,0,1,0,0,0,1,0,3,2,1,6,5,2,2,1,2,3,3,2,3,4,2,3,2,1,2,0,,,4,2,1,3,2,0,,7,1,3,2,7,2,1,8,2,9,2,1,3,,4,1,1,3,1,4,1,3,1,3,2,2,1,3,1,2,2,2,2,6,1,1,1,6,2,1,5,3,1,7,2,0,,,,4,5,0,,,,,,1,1,1,1,5,2,1,,,0,,0,,1,1,1,3,1,1,1,1,1,1,7,6,1,0,0,0,0,0,0,0,1,0,1,0,1,0,1,1,0,0,0,0,0,0,0,0,0,0,0,0,1,5,2,4,1,0,,,,0,,,,,,0,,5,5,4,5,2,4,1,0,1,0,1,1,0,0,0,1,1,0,1,1,0,0,1,1,0,0,0,1,1,0,1,0,0,0,0,0,2,4,5,2,0,0,0,0,0,0,0,0,0,0,0,0,0,0,0,0,2,68.58,152.3,29.56634731,2,2,2
01ADL0071,135,1953,4/5/2017 10:15,4/5/2017,9,2,0,,0,,0,,,0,,,1,1,5,1,1,4,0,,,0,,1,1,1,1,5,3,0,,,,0,,,,1,1,1,1,1,8,8,1,5,1,2,0,,1,1,1,1,1,2,1,0,,,,,,,,,0,,8,2,0,,7,2,1,1,0,,,,1,2,1,1,1,1,1,1,1,1,1,3,1,2,1,1,1,2,0,,,,1,1,1,1,8,1,5,2,1,1,1,1,8,3,1,1,1,1,1,6,1,2,4,2,3,3,4,2,2,2,1,1,4,2,6,0,1,0,1,0,0,1,0,0,1,0,0,0,0,0,0,1,1,1,1,3,1,5,5,1,6,3,4,6,1,1,1,4,2,1,2,1,2,1,1,1,1,1,1,1,1,2,5,2,1,1,4,2,1,2,4,1,1,2,1,7,1,1,0,,,,,,,1,1,1,1,1,1,5,2,1,5,1,1,3,2,1,1,1,2,2,5,2,4,3,2,1,1,1,2,1,4,1,2,2,1,1,1,2,3,2,1,2,0,,0,,,1,3,1,3,2,5,4,0,,5,3,2,1,0,,,4,2,1,2,1,1,1,1,2,1,2,3,1,2,1,2,3,2,4,2,1,3,1,1,2,1,1,0,,1,1,2,2,3,1,2,1,0,,4,2,6,2,0,,6,2,5,0,0,0,0,0,0,0,0,1,0,,1,4,3,2,2,2,2,5,4,2,2,3,2,1,1,0,,1,2,1,1,2,1,8,2,1,2,4,2,0,,8,2,5,0,,4,1,5,1,2,4,2,3,4,2,4,3,3,2,0,,1,1,1,3,2,4,1,1,5,2,3,2,7,1,1,5,1,1,7,1,1,1,5,2,1,5,1,1,1,5,2,2,0,,,,,,,,,1,1,0,,1,1,1,5,1,5,1,5,1,3,5,5,1,0,0,0,0,0,0,0,0,0,0,0,0,0,0,0,0,0,0,0,0,0,0,0,0,0,0,0,0,,,,1,1,2,3,4,5,4,2,3,3,3,0,,0,,,0,,,0,0,0,0,0,0,0,0,0,0,0,0,0,0,0,0,0,0,0,0,0,0,0,0,0,0,0,0,0,0,3,5,4,2,0,0,0,0,0,0,0,0,0,0,0,0,0,0,0,0,2,101.7,161.6,38.94379228,3,4,2
01ADL0072,139,1964,4/6/2017 10:01,4/6/2017,9,2,0,,1,1,1,2,3,0,,,0,,,0,,,0,,,0,,0,,,,,,0,,,,0,,,,0,,,,1,9,8,2,1,1,5,0,,0,,1,6,6,2,1,1,2,1,1,5,1,1,7,2,1,2,9,3,1,3,6,2,6,2,1,1,0,2,6,3,0,,,,0,,,,1,1,0,2,1,1,3,3,0,,,,1,2,1,2,2,2,7,3,1,3,0,,4,2,0,,1,2,1,1,0,2,8,3,4,3,1,3,1,2,5,3,6,2,7,0,1,0,1,1,1,1,1,0,6,0,1,0,0,0,0,1,2,2,3,2,1,6,4,3,7,3,5,7,2,0,,3,3,1,2,1,3,1,2,1,4,2,1,1,3,3,1,2,0,,1,2,2,2,4,2,1,6,3,5,2,4,0,,,,,,,1,2,0,,1,2,1,1,1,5,4,4,4,2,1,2,3,4,3,2,2,1,3,2,1,1,1,5,2,1,1,4,4,2,3,4,3,8,2,0,,0,,0,,,0,,,0,,,,0,,0,,,,0,,,0,,0,,,0,,0,,0,,,0,,0,,0,,0,,,,,0,,0,,0,,0,,0,,,0,,,0,,0,,0,,0,,0,,0,0,0,0,0,0,0,0,0,0,5,3,1,5,4,2,3,1,4,3,3,2,1,5,2,1,2,1,1,3,2,3,4,2,1,4,2,0,,6,1,4,2,1,2,5,0,,6,2,1,0,,4,2,1,1,1,5,3,2,2,1,3,1,2,2,3,5,1,1,1,7,3,1,1,1,2,1,5,1,1,7,2,3,5,1,,3,3,0,,,,,,0,,,,,,,,,1,3,0,,1,1,1,2,1,5,1,1,1,1,4,3,0,0,1,0,0,0,0,0,0,0,0,0,0,0,0,0,0,0,0,0,0,0,1,1,1,1,0,0,0,,,,1,0,,,,,,,,,,0,,0,,,0,,,1,0,1,0,0,1,0,0,1,0,1,0,0,0,0,0,0,0,0,0,0,0,0,0,0,0,0,0,0,1,1,4,7,2,0,0,0,0,0,0,0,0,0,0,0,0,0,0,0,0,1,73.55,172.3,24.77491209,1,4,2
01ADL0073,143,1954,4/7/2017 10:19,4/7/2017,11,2,0,,0,,2,1,0,2,1,1,0,,,0,,,0,,,0,,0,,,,,,0,,,,0,,,,0,,,,1,5,5,1,5,1,1,4,2,1,1,1,5,5,2,1,5,2,1,1,5,5,1,5,2,0,,5,1,4,2,6,1,4,1,1,5,0,2,5,2,1,5,0,1,1,3,0,1,1,7,1,2,1,9,0,3,0,,,,1,1,4,1,6,2,7,3,3,1,0,,8,1,0,,1,1,1,4,0,2,4,2,1,1,3,2,3,2,1,1,9,2,6,0,0,0,1,0,0,0,0,0,0,0,0,0,0,0,0,0,,,3,2,1,7,2,2,8,3,5,8,1,5,1,5,1,1,2,2,1,1,1,1,2,2,1,1,4,2,5,2,1,2,1,2,3,2,4,2,1,1,2,6,2,1,6,3,1,5,3,5,2,1,2,1,2,1,2,4,2,2,4,2,4,5,2,1,1,1,5,3,5,2,1,1,1,1,1,1,2,2,3,1,4,3,1,1,5,2,6,2,1,2,0,,1,1,1,3,2,1,3,2,5,1,0,,1,2,2,5,1,2,5,1,2,1,2,1,0,,1,2,1,2,5,1,1,1,2,1,2,4,2,1,3,1,1,1,1,2,1,1,0,,1,2,1,1,1,1,0,,1,2,5,2,0,,,,1,0,0,0,1,0,0,0,0,0,4,2,1,6,6,1,3,1,2,4,2,2,2,7,2,1,2,2,2,0,,,7,2,4,5,2,6,2,10,2,3,2,7,1,5,5,1,8,2,1,0,,2,1,1,3,2,7,1,1,2,5,3,1,2,2,2,2,2,2,2,9,1,1,1,7,2,1,5,5,1,0,,2,2,1,1,7,2,1,4,1,1,,,1,4,2,4,2,1,1,,,5,1,0,,1,1,0,,1,1,1,1,1,1,2,6,1,0,0,0,0,0,0,0,0,0,0,0,0,0,0,0,0,0,0,1,0,0,0,0,0,0,0,0,1,3,2,2,1,0,,,,5,5,2,3,1,3,0,,4,3,2,0,,,0,0,0,0,0,0,0,0,0,0,0,0,0,0,0,0,1,1,0,0,0,0,0,0,1,0,0,0,0,0,2,3,4,2,0,0,0,0,0,0,0,0,0,0,0,0,0,0,0,0,2,55.4,172.3,18.66118463,1,4,2
01ADL0074,,1968,,3/27/2017,10,2,1,1,2,3,2,3,1,1,1,1,0,,,0,,,0,,,1,3,1,1,1,1,4,3,1,1,2,2,0,,,,0,,,,1,9,9,2,2,1,2,6,2,2,2,1,4,4,2,2,7,2,1,1,2,5,1,3,2,4,2,9,2,0,,8,2,0,,1,7,4,2,6,2,1,5,2,1,1,9,7,3,1,9,8,2,1,6,6,2,1,7,7,3,3,2,8,2,4,3,9,3,4,2,4,3,4,3,4,2,0,,1,4,4,1,6,3,5,3,4,2,4,3,0,,10,2,5,0,1,0,1,0,0,0,0,0,3,0,1,0,1,0,0,0,2,2,4,2,1,6,6,2,7,3,5,7,2,7,2,8,2,3,2,2,3,5,3,1,5,2,1,1,4,3,2,2,1,2,1,3,3,2,1,2,1,3,2,2,2,1,7,2,1,5,3,5,2,2,2,7,2,1,2,2,2,,,,4,5,2,3,4,3,2,2,7,2,2,3,2,1,3,3,9,2,1,1,5,4,1,1,9,2,0,,1,2,1,2,2,2,4,0,,,0,,,,1,2,2,,,,2,2,5,2,2,2,2,2,1,2,1,2,2,3,4,1,1,0,,2,2,2,3,3,5,3,2,3,2,2,1,1,0,,8,2,1,1,1,2,2,2,2,3,2,2,1,2,2,2,2,0,1,0,1,0,0,0,0,0,0,,1,4,1,2,1,3,4,,4,2,2,6,2,4,2,3,2,3,2,4,3,2,3,3,3,1,2,7,2,1,2,2,2,5,0,,4,2,5,8,2,5,2,3,2,2,4,2,3,2,4,2,2,2,3,2,3,1,3,1,2,2,4,2,8,2,5,2,5,2,7,1,1,4,3,2,6,5,1,5,2,1,,,0,,,,,,,,,4,2,0,,1,1,1,1,1,5,1,5,1,4,9,9,0,0,0,0,0,0,0,0,0,0,0,0,0,0,0,0,0,0,0,0,0,1,0,0,0,0,0,0,0,,,,1,3,3,1,3,0,,,,,,0,,0,,,0,,,0,0,0,0,0,0,0,0,0,0,1,0,0,0,0,0,1,0,0,0,0,0,0,0,1,0,0,0,0,0,1,5,9,2,0,0,0,0,0,0,0,0,0,0,0,0,0,0,0,0,1,98.5,173.1,32.87320854,3,1,1
01ADL0075,103,1952,3/21/2017 14:10,3/21/2017,8,2,0,,1,1,1,1,1,4,1,1,0,,,3,1,2,0,,,0,,0,,,,,,0,,,,0,,,,0,,,,1,9,9,1,5,1,1,2,1,0,,1,5,5,2,1,7,1,1,5,1,1,1,2,2,2,1,6,1,0,,7,1,4,1,1,6,4,1,4,2,1,4,4,1,1,4,4,2,1,6,5,2,1,6,6,1,0,,,,3,1,7,2,5,1,5,2,3,2,5,2,7,2,3,2,5,2,1,5,3,1,6,2,2,2,1,2,1,1,2,1,5,1,8,0,0,0,1,0,0,0,0,0,7,0,1,0,1,1,0,1,1,1,4,1,1,4,4,1,2,2,3,6,1,1,1,4,2,1,1,1,2,1,,1,5,1,1,,2,2,5,1,1,2,1,2,1,1,6,2,5,9,2,7,2,5,5,2,1,1,,5,1,4,1,1,2,1,2,1,2,5,2,1,4,3,2,1,5,2,1,1,6,2,3,1,,1,1,1,7,1,1,1,1,2,1,,4,1,6,1,0,,4,2,0,,,0,,,4,2,5,5,0,,1,1,2,1,0,,,1,2,0,,,1,1,0,,0,,,0,,1,2,7,2,6,2,1,4,1,0,,0,,1,1,0,,2,1,3,0,,,2,2,1,2,3,2,1,2,4,2,4,0,1,0,1,0,0,0,0,0,5,2,1,6,6,2,3,1,2,4,3,2,1,4,2,1,2,0,,2,1,1,4,1,1,4,1,5,2,7,1,5,2,0,,,0,,7,2,5,0,,6,2,1,4,1,7,2,2,2,4,2,1,2,1,1,5,1,1,1,8,1,8,1,7,1,1,5,5,1,7,2,0,,,,6,5,0,,,,,,1,1,1,4,2,3,5,3,2,0,,0,,1,1,0,,0,,1,4,1,3,7,6,1,0,1,1,0,1,0,1,0,0,0,0,0,0,0,0,0,0,0,0,0,0,0,0,0,0,0,0,1,5,2,3,1,0,,,,5,5,2,3,3,3,0,,0,,,0,,,0,0,0,0,0,0,0,0,0,0,1,0,0,0,0,0,1,1,0,0,0,0,0,0,0,0,0,0,0,0,3,5,3,2,0,0,0,0,0,0,0,0,0,0,0,0,0,0,0,0,2,62.3,148.9,28.09950382,2,4,2
01ADL0076,138,1986,4/6/2017 10:43,4/6/2017,1,2,0,,0,,1,1,3,1,1,1,0,,,2,1,4,0,,,0,,0,,,,,,0,,,,0,,,,1,2,2,2,1,9,9,3,5,1,2,2,2,2,2,1,1,1,1,1,1,1,1,1,5,1,1,4,2,0,,7,2,4,2,7,2,6,1,1,7,4,2,1,1,0,,,,1,3,0,2,1,3,1,2,1,8,7,2,1,5,1,3,1,2,10,3,10,3,10,3,0,,0,,5,2,0,,1,2,1,1,1,1,5,2,6,2,0,,7,2,10,3,7,3,1,0,0,0,1,0,1,1,0,0,5,0,0,0,1,0,0,0,,2,7,3,1,8,4,3,8,3,3,8,2,5,2,0,,0,,2,1,1,,1,1,,1,,2,2,0,,0,,2,2,3,2,4,1,1,10,3,9,2,1,2,2,2,2,3,5,2,3,2,1,2,0,,3,2,2,4,1,1,2,1,1,1,,3,2,4,2,3,3,2,1,1,,2,1,3,1,1,1,1,,0,,9,2,1,1,1,2,1,2,1,1,2,1,0,,,,2,2,1,1,2,4,1,2,5,1,1,0,,,2,1,1,2,1,1,5,0,,2,2,6,2,5,1,1,5,1,1,2,2,2,1,2,0,,2,2,1,1,1,3,0,,0,,0,,0,,0,,2,0,0,0,1,0,1,1,0,0,1,2,1,7,3,2,2,1,3,2,1,2,5,6,3,0,,0,,0,,,1,1,1,0,,1,2,7,2,0,,3,2,5,0,,4,2,1,2,1,1,1,1,0,,4,2,0,,4,1,0,,0,,,,,,7,2,0,,4,2,1,5,3,1,7,1,0,,,,4,4,0,,,,,,1,2,1,4,1,,2,2,4,5,2,0,,1,1,1,1,1,1,1,1,1,5,8,6,0,0,1,0,0,0,0,1,0,0,0,0,0,0,0,0,0,0,0,0,0,0,0,0,0,0,0,0,1,5,2,2,0,,,,,,,,,,,,,,,,,,,0,0,0,0,0,0,0,0,0,0,0,0,0,0,0,0,0,0,0,0,0,0,0,0,0,0,0,0,0,0,2,5,6,2,0,0,0,0,0,0,0,0,0,0,0,0,0,0,0,0,0,83.4,177.6,26.44113708,2,4,2
01ADL0077,140,1956,4/7/2017 10:29,4/7/2017,11,1,0,,1,1,1,1,0,0,,,1,1,1,1,1,3,0,,,0,,0,,,,,,0,,,,0,,,,1,4,3,2,1,9,9,1,5,1,1,6,2,1,1,1,7,7,2,1,6,2,1,1,5,1,1,3,2,1,1,4,2,2,2,7,2,4,1,1,7,2,2,4,2,1,6,4,1,1,6,4,2,1,7,3,2,1,10,6,2,1,2,1,2,3,2,6,2,8,2,9,3,1,2,1,2,9,3,3,2,3,2,1,6,2,2,4,3,4,3,4,2,4,3,4,3,7,2,8,0,0,0,1,0,0,0,0,0,1,0,1,0,0,1,0,0,2,1,4,2,1,7,4,2,8,3,5,8,1,7,1,6,1,3,2,5,2,1,2,1,2,1,1,2,5,2,7,2,2,2,2,2,4,2,6,2,2,2,2,8,2,1,7,2,1,1,2,1,2,2,2,1,1,2,,4,2,2,4,2,4,4,2,1,1,1,5,2,9,2,1,1,1,1,1,2,3,1,4,1,4,2,1,1,9,1,10,2,1,2,3,2,1,1,1,1,2,1,1,2,4,2,1,2,7,2,2,2,3,3,5,4,2,1,2,1,1,2,2,2,1,2,4,1,1,4,2,4,2,5,2,1,5,1,1,3,2,2,2,1,0,,1,1,1,2,1,1,0,,4,2,6,2,2,2,3,2,5,0,0,0,1,0,0,0,0,0,5,2,1,5,5,1,2,1,4,2,4,2,2,6,2,4,2,1,2,2,1,1,3,2,1,4,2,5,2,10,1,3,1,8,1,5,2,1,8,2,1,0,,2,2,1,3,2,6,1,3,2,4,2,3,2,2,2,3,1,2,2,9,1,8,1,9,1,1,5,1,1,6,5,2,2,1,2,4,2,0,,,,,,1,1,2,3,2,2,5,3,2,2,2,0,,1,1,0,,1,1,1,,1,2,7,7,1,0,0,0,0,0,0,0,0,0,0,0,0,0,0,0,0,0,0,0,0,0,0,0,0,0,0,0,0,,,,0,,,,,,,,,,,,,,,,,,,0,0,0,0,0,0,0,0,0,0,0,0,0,0,0,0,0,0,0,0,0,0,0,0,0,0,0,0,0,0,1,2,4,2,0,0,0,0,0,0,0,0,0,0,0,0,0,0,0,1,2,62,177.3,19.72305648,1,4,2
01ADL0078,128,1950,4/3/2017 12:49,4/3/2017,6,2,1,1,1,1,7,2,2,7,2,2,7,2,1,0,,,0,,,0,,1,3,3,2,2,2,1,3,2,2,0,,,,0,,,,1,4,4,2,4,2,2,0,,0,,1,8,7,2,1,5,1,5,2,2,2,1,2,1,5,1,4,2,3,2,5,2,3,1,1,5,5,1,4,1,1,5,6,1,1,5,5,1,1,4,4,1,1,4,4,2,1,4,3,1,5,1,1,1,4,1,3,2,4,2,4,2,4,2,4,1,4,1,1,3,4,2,4,2,4,2,4,1,4,1,4,1,4,1,4,0,0,0,0,0,1,0,0,0,0,0,0,0,0,0,0,0,,,4,1,1,4,4,1,4,2,2,4,1,6,1,5,1,4,1,4,2,3,1,2,2,1,2,1,3,1,4,1,2,1,3,1,1,2,4,1,2,4,2,7,2,1,3,2,5,5,2,5,2,4,1,4,2,4,2,4,2,2,3,2,4,3,2,2,2,2,3,2,3,2,2,2,1,1,1,1,4,1,2,2,3,2,2,1,4,1,4,1,3,2,3,2,3,2,2,3,2,2,4,2,2,3,3,2,0,,,,4,1,2,4,2,3,2,2,4,2,1,2,1,1,2,3,1,1,1,4,2,4,2,2,3,3,3,2,4,2,4,2,0,,3,2,2,6,2,5,1,2,1,2,4,2,1,2,5,2,4,0,0,0,1,0,1,1,0,0,1,2,1,7,7,1,2,2,2,2,3,2,2,4,2,4,2,4,2,4,1,2,3,1,2,3,2,1,2,3,2,4,2,5,2,5,4,2,4,2,3,3,2,4,2,2,9,2,9,2,10,2,9,2,4,2,5,2,5,4,4,2,8,2,9,2,6,2,1,5,1,2,7,1,6,2,1,1,2,1,1,5,2,2,3,2,1,5,2,1,2,2,5,2,8,0,,1,4,1,1,1,1,1,3,1,3,1,3,6,5,1,1,0,0,0,0,0,0,0,1,0,0,0,0,0,0,0,0,0,0,0,0,0,0,0,0,0,0,1,2,3,4,1,0,,,,0,,,,,,0,,0,,,0,,,0,0,0,1,0,0,0,0,0,0,0,0,0,0,0,0,0,0,0,0,0,1,0,0,0,0,0,0,0,0,2,5,5,2,0,0,0,0,0,0,0,0,0,0,0,0,0,0,0,0,2,51.75,155.8,21.31942304,1,0,2
01ADL0079,127,1967,4/3/2017 9:46,4/3/2017,9,2,0,,0,,1,2,5,1,2,3,0,,,2,1,2,0,,,0,,0,,,,,,1,1,1,2,0,,,,1,2,1,2,1,7,7,2,5,1,2,4,2,1,2,1,3,1,2,2,6,1,1,1,1,1,1,2,2,0,,6,2,1,2,7,1,4,2,1,6,1,2,3,2,0,,,,0,,,,1,4,2,2,1,7,1,3,1,1,0,3,1,1,4,1,6,2,6,2,0,,1,2,4,3,4,2,3,2,1,4,1,2,5,3,5,3,3,2,3,2,2,3,6,2,7,0,1,0,1,0,0,0,0,0,0,0,0,0,0,0,0,0,,,,,1,5,2,2,6,3,3,6,2,2,2,2,2,1,1,4,2,2,2,1,4,2,2,2,1,3,2,2,1,2,1,2,3,2,3,1,1,10,2,7,2,4,0,,,,,,,1,1,1,1,1,1,4,1,4,2,1,1,1,2,1,2,3,3,2,4,2,1,4,2,1,1,1,1,1,2,1,3,3,1,1,0,,5,3,1,2,3,2,1,2,1,1,2,1,2,2,5,4,4,2,1,2,2,5,1,2,4,4,2,1,2,1,3,2,1,2,4,2,2,0,,0,,1,2,5,2,1,3,2,0,,3,2,1,2,0,,2,2,1,3,2,1,1,2,3,2,4,2,1,3,3,2,8,0,1,1,1,0,1,1,1,0,4,2,1,4,4,2,3,1,3,1,3,2,4,5,2,1,2,1,2,1,2,4,4,2,1,6,2,0,,7,1,0,,4,2,3,1,2,6,2,1,0,,1,2,1,1,1,4,2,1,2,1,2,0,,0,,,,,,2,1,3,2,7,2,1,5,5,2,6,1,2,1,2,2,2,1,1,5,1,2,1,1,1,1,2,3,3,2,3,3,1,1,2,0,,1,1,1,1,1,4,1,1,1,2,7,3,1,0,0,0,0,1,0,0,0,0,0,0,1,0,0,0,0,0,0,0,0,0,0,0,0,0,0,0,1,5,2,2,0,,,,,,,,,,,,,,,,,,,0,0,0,0,0,0,0,0,0,0,0,0,0,0,0,0,0,0,0,0,0,0,0,0,0,0,0,0,0,0,1,3,5,2,0,0,0,0,0,0,0,0,0,0,0,0,0,0,0,0,1,63.45,163,23.88121495,1,0,2
01ADL0080,149,1969,4/12/2017 9:53,4/12/2017,9,1,2,3,0,,3,3,3,2,3,1,0,,,3,3,2,2,3,5,0,,0,,,,,,0,,,,0,,,,0,,,,1,9,9,2,1,1,2,2,2,2,2,1,7,7,3,1,4,2,1,1,5,1,1,2,3,0,,8,2,2,2,7,2,4,2,1,4,4,2,2,1,1,1,1,3,1,1,1,2,1,1,1,2,1,6,6,3,0,,,,1,1,2,3,5,3,2,3,1,2,1,3,4,3,4,2,4,2,1,1,1,2,3,2,1,3,1,3,2,3,4,3,4,2,4,0,0,0,0,0,1,0,0,0,0,0,0,0,0,0,0,0,,,3,3,1,3,3,3,4,3,4,4,2,2,3,2,3,1,2,2,2,3,2,1,5,2,1,1,2,3,5,2,1,3,1,3,3,2,2,2,2,8,3,8,3,1,3,3,1,5,3,5,3,1,3,1,3,1,3,5,3,2,2,2,2,2,2,1,1,1,5,2,3,2,2,5,2,1,2,2,7,3,2,1,1,1,1,1,3,2,5,2,2,3,1,2,2,3,1,2,3,1,3,2,5,5,1,1,2,2,2,5,2,3,5,1,3,2,2,1,3,3,1,3,3,3,1,1,2,1,3,4,3,4,3,2,2,4,1,3,6,3,1,2,1,3,2,2,1,2,2,1,2,3,4,3,4,3,3,3,3,3,8,0,1,0,1,1,1,0,1,0,3,3,1,4,4,3,1,1,2,5,3,2,3,6,3,2,2,1,2,5,2,1,3,2,1,1,2,1,2,4,2,1,1,5,2,3,0,,5,3,1,2,3,5,3,1,1,3,5,2,4,2,5,3,0,,3,2,3,3,1,1,6,3,3,1,6,2,1,5,5,1,4,1,0,,,,7,3,0,,,,,,0,,,,,,,,,5,1,0,,1,1,1,1,1,1,1,1,1,1,5,5,0,0,0,0,0,0,0,0,0,0,0,0,0,0,0,0,0,0,0,0,0,1,0,0,0,0,0,0,1,5,2,3,0,,,,,,,,,,,,,,,,,,,0,0,0,0,0,0,0,0,0,0,0,0,0,0,0,0,0,0,0,0,0,0,0,0,0,0,0,0,0,0,1,6,5,2,0,0,0,0,0,0,0,0,0,0,0,0,0,0,0,1,1,85.8,184.5,25.20545531,2,0,2
01ADL0081,110,1991,3/24/2017 9:37,3/24/2017,6,2,1,2,1,1,1,1,1,0,,,1,1,5,1,1,2,0,,,0,,0,,,,,,1,1,0,1,0,,,,1,2,2,2,,,,,,,,2,1,1,2,1,1,1,1,1,1,1,1,4,5,2,1,2,1,0,,2,2,1,2,4,2,1,1,1,2,0,2,2,2,1,1,0,1,1,2,0,2,1,4,1,2,1,4,3,2,0,,,,2,2,1,2,7,2,8,2,3,1,1,1,3,2,2,2,1,1,1,1,1,2,8,2,7,2,1,1,0,,8,2,4,1,0,0,0,0,0,0,0,0,0,0,0,0,0,0,0,0,0,0,,,1,1,1,4,3,1,5,2,3,5,2,1,1,3,2,1,1,1,1,1,,1,1,,1,,9,2,3,1,0,,0,,5,3,7,2,2,7,2,4,2,1,2,2,1,1,1,5,2,1,2,1,2,1,2,1,2,5,3,1,0,,,,,,,,3,2,1,3,1,1,1,1,0,,,,,,,,0,,3,1,0,,4,2,0,,,0,,,1,2,3,3,8,2,3,1,2,5,0,,,0,,1,2,3,1,2,0,,2,1,5,0,,0,,7,2,7,1,1,5,1,0,,0,,0,,0,,1,2,5,0,,,0,,2,2,2,2,0,,0,,7,0,0,0,1,0,0,1,0,0,0,,1,2,1,2,3,1,3,5,3,2,4,2,2,0,,0,,3,2,1,3,2,1,1,2,0,,4,2,1,2,2,2,5,0,,4,2,3,1,2,1,2,4,1,1,2,2,2,2,0,,0,,1,2,5,1,2,2,2,1,2,2,8,2,4,4,3,1,6,1,3,3,4,2,3,5,0,,,,,,1,5,2,1,3,2,1,,,0,,1,1,1,1,1,2,1,1,1,1,1,4,4,4,0,0,0,0,0,0,0,0,0,0,0,0,0,0,0,0,0,0,0,0,0,1,0,0,0,0,0,0,1,4,2,3,1,0,,,,0,,,,,,0,,1,1,3,0,,,0,0,0,0,0,0,0,0,0,0,0,0,0,0,0,0,1,1,0,0,0,0,0,0,0,0,0,0,0,1,2,8,6,2,0,0,0,0,0,0,0,0,0,0,0,0,0,0,0,0,0,79.8,173.4,26.5402314,2,2,2
01ADL0083,169,1981,5/12/2017 10:27,5/12/2017,8,1,0,,0,,1,2,0,0,,,0,,,4,2,2,0,,,0,,1,3,2,2,5,1,0,,,,0,,,,1,4,3,2,1,8,8,1,5,1,5,1,1,0,,0,,,,,9,2,1,1,1,5,1,2,2,0,,2,2,0,,2,2,1,1,0,,,,0,,0,,,,0,,,,1,1,0,2,1,0,1,2,0,,,,0,,0,,0,,0,,1,2,0,,6,1,2,1,3,3,1,1,1,2,3,2,0,,0,,0,,0,,6,3,6,0,0,0,1,0,1,1,0,0,8,0,0,0,1,0,0,0,,2,2,1,0,,,,4,3,1,5,2,2,3,4,2,0,,3,1,1,1,1,1,1,1,1,1,3,4,3,0,,0,,4,3,5,3,1,8,3,8,2,1,2,3,1,1,1,5,3,1,2,2,2,0,,5,2,2,5,1,4,5,2,1,5,4,1,1,7,2,1,1,1,1,2,4,1,1,1,1,1,1,1,1,0,,4,2,0,,7,2,0,,,1,2,1,1,2,5,5,0,,2,1,2,5,1,2,1,4,2,6,2,1,4,2,0,,0,,,0,,0,,6,3,4,1,2,2,1,0,,4,3,0,,0,,2,3,1,1,2,1,0,,1,2,0,,0,,1,2,9,0,0,0,0,0,1,1,0,0,6,3,1,1,0,2,1,1,1,5,4,2,5,7,2,0,,0,,4,2,1,1,1,1,1,1,1,2,2,2,0,,9,2,5,0,,9,2,1,0,,4,2,1,3,2,4,2,1,2,3,2,0,,1,1,1,2,4,1,7,2,9,2,6,2,1,5,2,1,6,1,0,,,,0,,1,5,3,1,,,0,,,,,,,,,7,3,0,,1,5,1,5,0,,0,,1,1,3,1,1,0,1,0,0,0,0,0,0,0,0,0,0,0,0,1,0,0,0,0,0,0,0,0,0,0,0,0,0,,,,0,,,,,,,,,,,,,,,,,,,0,0,0,0,0,0,0,0,0,0,0,0,0,0,0,0,0,0,0,0,0,0,0,0,0,0,0,0,0,0,1,6,5,2,0,0,0,0,0,0,0,0,0,0,0,0,0,0,0,1,0,64.45,182.6,19.32953361,1,2,2
01ADL0084,164,1965,5/9/2017 11:39,5/9/2017,12,2,0,,0,,1,2,5,0,,,1,1,2,0,,,1,2,5,1,2,1,1,1,2,5,1,1,2,2,2,1,1,1,1,0,,,,1,9,9,2,5,1,2,1,2,1,2,1,1,1,2,1,1,2,1,1,4,2,1,4,3,0,,8,2,2,2,8,2,6,2,1,6,1,2,3,3,0,,,,1,1,0,3,1,2,1,2,1,4,4,3,1,1,1,3,1,1,3,2,6,3,9,3,0,,1,3,9,2,2,2,1,2,1,4,1,2,5,1,2,3,2,3,1,3,3,3,6,3,5,0,0,0,1,0,0,1,0,0,0,0,0,0,0,0,0,0,,,4,2,1,2,1,2,9,3,5,9,3,2,3,2,3,1,3,2,3,1,2,1,1,1,1,1,2,3,4,3,2,3,1,3,2,2,0,,,5,3,4,3,1,2,2,1,5,4,5,3,1,3,1,3,1,3,2,3,,,,1,3,2,1,5,3,1,3,2,2,2,2,3,1,1,1,4,3,2,1,4,3,1,1,4,3,3,3,1,3,1,2,1,2,4,1,3,1,1,3,5,4,1,3,2,2,2,3,1,2,3,1,3,1,2,2,2,3,1,3,0,,,1,1,1,3,1,3,1,3,2,2,5,1,3,1,3,4,3,1,2,1,1,1,1,2,1,1,3,1,3,1,3,0,,1,2,3,0,1,0,1,0,0,1,0,0,3,3,1,4,2,3,3,2,3,5,1,2,3,1,2,1,2,1,2,3,3,2,1,3,1,1,2,1,3,10,3,2,2,2,2,5,0,,6,3,4,2,3,2,3,2,2,2,4,3,3,2,0,,1,3,2,3,5,1,1,1,2,2,7,2,4,2,1,5,4,1,2,1,1,1,2,1,2,5,0,,,,,,1,1,1,3,1,,2,2,4,4,1,0,,1,2,1,2,1,4,1,2,1,3,5,8,1,0,0,1,1,0,0,0,0,0,0,0,0,0,1,0,0,0,0,0,0,0,0,0,0,0,0,0,1,4,3,4,1,1,2,3,2,0,,,,,,0,,0,,,0,,,0,0,0,0,0,0,0,0,0,0,0,0,0,0,0,0,0,0,0,0,0,0,1,0,0,0,0,1,0,0,1,5,3,2,0,0,0,0,0,0,0,0,0,0,0,0,0,0,0,0,1,56.85,165.2,20.83101267,1,0,2
01ADL0085,166,1991,5/10/2017 9:37,5/10/2017,10,1,0,,2,2,3,3,3,2,2,1,4,2,3,3,2,2,3,2,1,3,2,1,3,3,2,5,2,1,2,2,2,1,4,2,2,1,2,2,3,1,9,8,3,1,2,2,2,2,2,3,1,7,8,2,1,4,2,1,1,5,4,1,2,2,0,,7,2,6,2,7,2,0,,0,,,,0,,1,1,1,3,0,,,,1,2,0,2,1,2,2,3,0,,,,1,2,7,2,5,2,8,3,2,2,0,,4,1,6,2,4,2,1,6,7,3,4,2,4,2,4,2,4,2,4,2,7,2,7,1,1,0,0,0,1,1,0,0,5,0,0,0,1,0,0,0,1,1,2,2,1,5,5,3,7,2,4,0,,2,3,6,2,1,2,4,3,2,3,4,4,3,2,2,2,3,4,2,4,3,4,3,6,2,6,2,3,2,2,9,1,1,1,2,5,3,3,5,2,2,3,1,3,1,3,4,3,5,1,4,6,2,3,3,4,4,4,3,7,2,3,2,2,3,3,3,5,1,3,5,3,3,3,2,2,2,1,2,1,3,6,3,6,3,2,4,3,2,0,,,,2,2,6,2,2,1,2,2,3,4,2,2,2,1,2,2,1,2,6,3,3,4,2,4,2,6,2,5,2,3,3,3,1,3,2,2,4,2,2,2,4,2,3,1,2,1,2,2,4,3,4,3,2,2,4,2,2,0,0,0,1,0,1,0,0,0,3,2,1,7,6,2,2,3,2,1,4,3,5,6,3,2,2,2,2,7,2,1,4,2,1,4,3,1,2,2,2,7,2,6,2,2,0,,7,2,1,2,2,3,3,2,2,3,5,2,5,2,5,2,0,,2,2,2,2,1,3,2,2,5,1,4,2,1,3,5,1,6,2,2,2,2,2,7,2,0,,,,,,0,,,,,,,,,1,2,1,2,1,5,0,,1,2,1,3,1,3,3,3,0,0,0,1,1,0,0,1,0,0,1,0,1,0,1,0,0,0,0,0,0,0,0,0,0,0,0,0,1,3,2,3,1,1,1,1,4,0,,,,,,0,,2,2,2,0,,,0,0,0,0,0,0,0,0,0,0,0,0,0,0,0,0,1,0,0,0,0,0,0,0,0,0,0,0,0,0,2,6,7,2,0,0,0,0,0,0,0,0,0,0,0,0,0,0,0,1,0,72.95,166.43,26.33674325,2,0,2
01ADL0086,242,1962,7/28/2017 10:06,7/28/2017,1,2,1,2,1,1,1,1,1,1,1,1,0,,,2,2,1,1,1,5,1,3,1,1,1,1,3,5,0,,,,0,,,,1,2,2,2,1,8,8,2,4,1,2,4,2,2,2,1,7,7,2,1,4,1,1,1,1,1,1,1,2,0,,4,2,2,2,7,2,4,1,1,2,1,2,1,1,1,1,0,1,1,1,0,1,1,6,6,2,1,7,4,2,1,1,0,2,0,,8,2,7,2,6,2,3,2,3,2,6,2,1,2,4,2,1,3,3,2,6,2,6,2,4,2,5,2,7,2,7,2,7,0,1,0,1,0,0,0,1,0,1,0,1,0,1,1,0,0,1,2,4,3,1,6,6,3,6,3,4,6,2,5,2,4,2,1,1,6,2,1,1,1,2,1,1,1,4,2,6,2,1,2,3,2,3,2,6,2,2,6,2,4,2,1,1,2,1,5,3,5,1,0,,1,2,0,,3,2,4,2,2,3,1,2,1,1,1,5,2,7,2,2,2,2,1,3,3,5,2,3,1,,3,1,1,5,2,5,2,,,0,,3,2,1,0,,,3,2,1,2,0,,1,,2,5,1,2,5,3,2,0,,,3,2,3,2,1,2,5,1,1,0,,3,2,4,2,1,2,5,3,2,4,2,5,2,0,,5,2,1,3,1,1,0,,3,2,5,2,2,2,5,2,7,0,1,0,1,0,0,0,1,0,1,1,1,5,5,2,2,1,4,2,2,2,2,3,2,0,,1,2,5,2,1,3,2,1,1,1,0,,8,2,4,2,8,2,1,4,2,7,2,1,1,1,1,2,1,3,1,3,1,1,1,0,,0,,1,1,5,1,1,1,4,2,2,1,8,2,1,,3,1,6,1,0,,,,8,3,0,,,,,,1,1,1,3,2,2,2,2,1,0,,0,,1,1,1,1,1,1,1,1,1,1,9,5,1,0,0,0,0,0,0,0,1,0,1,0,0,0,0,0,0,0,0,0,0,0,0,0,0,0,0,0,0,,,,0,,,,,,,,,,,,,,,,,,,0,0,0,0,0,0,0,0,0,0,0,0,0,0,0,0,0,0,0,0,0,0,0,0,0,0,0,0,0,0,1,4,6,2,0,0,0,0,0,0,0,0,0,0,0,0,0,0,0,0,1,79.9,170.5,27.48514375,2,4,2
01ADL0087,232,1989,8/8/2017 22:27,7/21/2017,12,1,0,,0,,3,3,2,3,3,2,0,,,2,3,2,1,3,5,0,,1,1,1,1,1,1,1,1,0,1,0,,,,1,3,3,2,1,8,8,2,5,1,1,0,,2,2,0,,,,,7,3,1,1,5,2,1,2,3,0,,1,2,1,2,4,2,3,2,1,3,1,1,2,2,0,,,,0,,,,1,3,3,1,1,3,1,2,0,,,,0,,0,,1,1,1,1,1,1,0,,3,3,1,1,1,1,1,3,1,1,2,2,0,,0,,0,,2,2,7,2,6,0,0,0,1,0,0,0,0,0,0,0,0,0,0,0,0,0,,,5,3,1,2,6,2,2,2,2,1,1,2,2,3,1,3,2,1,1,2,3,3,2,2,2,3,3,2,5,2,5,2,7,2,4,2,5,1,3,3,2,5,2,2,2,2,3,2,3,3,3,2,2,3,2,2,3,5,,3,1,1,2,2,2,3,2,3,2,2,4,2,2,2,3,3,4,2,4,1,3,3,3,3,2,2,2,3,5,2,3,2,2,1,0,,,5,3,3,3,2,3,4,4,2,2,1,2,2,2,2,3,4,2,5,2,3,2,1,1,3,2,1,2,2,2,3,1,3,2,4,2,4,1,1,3,3,0,,1,2,1,2,3,,3,3,1,2,1,1,2,1,4,2,3,2,4,2,1,0,0,0,0,1,0,0,0,0,0,,0,,,,,,,,7,3,3,5,2,6,2,0,,2,2,1,2,1,,2,2,4,1,5,3,5,2,4,1,3,2,2,2,2,3,2,2,2,3,2,2,2,4,1,4,2,3,1,2,1,4,2,3,4,1,3,2,2,5,2,4,1,3,2,2,2,1,,4,3,2,2,3,2,0,,,,,,1,3,2,2,3,1,1,,,1,2,1,2,0,,1,2,1,5,0,,,,2,3,1,0,0,0,0,0,0,1,0,0,0,0,0,0,0,0,0,0,0,0,0,0,0,0,0,0,0,0,0,,,,0,,,,,,,,,,,,,,,,,,,0,0,0,0,0,0,0,0,0,0,0,0,0,0,0,0,0,0,0,0,0,0,0,0,0,0,0,0,0,0,2,7,6,2,0,0,0,0,0,0,0,0,0,0,0,0,0,0,0,1,0,90.9,169.3,31.71392297,3,2,2
01ADL0088,163,1980,5/9/2017 11:14,5/9/2017,8,1,0,,0,,0,,,0,,,0,,,4,2,1,3,3,1,5,3,0,,,,,,0,,,,0,,,,0,,,,1,9,9,3,4,1,2,0,,0,,0,,,,,5,3,1,1,3,3,1,1,2,0,,0,,0,,4,2,0,,1,3,1,2,1,2,0,,,,0,,,,1,1,1,2,1,1,1,2,0,,,,2,2,1,2,0,,0,,1,2,1,2,0,,9,3,0,,1,1,1,2,9,3,0,,1,2,1,3,0,,1,3,9,0,1,1,0,0,0,0,1,0,0,0,0,0,0,0,0,0,,,1,3,0,,,,1,3,2,1,2,6,3,1,3,1,2,1,3,2,3,1,5,3,1,1,9,3,1,3,1,2,0,,1,3,1,2,2,1,3,4,3,1,2,2,1,5,4,5,2,1,2,1,2,1,2,2,2,,,,1,1,2,1,5,4,1,1,3,3,2,3,2,1,2,3,1,2,2,1,5,3,1,1,0,,2,3,1,3,1,2,1,2,4,1,2,4,4,3,5,5,1,3,1,3,2,2,2,3,3,1,3,1,2,2,0,,1,3,5,3,1,2,2,1,3,1,2,9,3,1,5,1,0,,2,3,0,,0,,2,2,1,2,2,2,2,2,2,3,2,3,0,,1,2,9,0,1,1,0,0,0,0,1,0,0,,1,1,1,2,1,3,2,2,2,3,5,1,2,1,2,1,2,1,2,1,1,2,1,1,2,1,1,7,3,0,,6,2,1,0,,2,2,1,1,3,2,3,1,1,3,2,3,1,2,1,2,1,2,1,3,4,2,1,1,1,2,1,2,7,3,1,5,5,2,6,1,6,2,1,1,1,1,1,2,2,1,,,1,1,,,3,2,2,3,1,0,,0,,1,1,1,1,1,1,1,1,1,1,8,1,0,0,0,0,0,0,0,0,0,0,0,0,0,0,0,0,0,0,0,0,0,1,0,0,0,0,0,0,1,4,2,2,1,0,,,,0,,,,,,0,,0,,,0,,,0,1,0,0,0,1,0,1,0,0,0,0,0,0,0,0,1,0,0,0,0,0,0,0,0,0,0,0,0,1,2,6,5,2,0,0,0,0,0,0,0,0,0,0,0,0,0,0,0,1,0,135.7,202,33.25654348,3,4,2
01ADL0089,170,1951,5/12/2017 10:12,5/12/2017,7,2,0,,0,,2,1,1,1,1,1,1,1,1,1,1,7,0,,,0,,0,,,,,,0,,,,0,,,,0,,,,1,9,9,1,2,1,5,1,1,0,,1,6,6,2,1,1,,2,2,2,1,1,7,1,1,1,8,3,4,3,5,2,6,1,1,8,1,3,5,1,1,2,3,1,1,6,1,1,1,5,5,2,1,6,3,2,1,1,1,2,2,2,2,2,5,2,6,2,5,2,0,,5,2,4,3,4,3,1,2,2,3,5,3,4,3,1,2,2,3,5,3,2,2,5,0,0,0,1,0,0,0,0,0,5,0,1,0,0,0,0,0,1,2,2,3,1,2,4,3,5,3,4,6,2,5,3,1,2,2,3,2,3,2,1,1,2,1,2,1,1,2,1,1,2,2,1,2,2,2,2,2,2,4,2,7,2,1,4,2,1,1,1,5,2,4,2,2,2,3,3,5,2,4,1,2,4,2,2,1,,2,3,2,6,2,3,2,2,1,2,3,9,2,3,1,3,3,3,2,1,2,2,2,1,2,4,2,2,2,3,4,2,3,1,2,3,3,1,2,2,2,2,2,1,2,3,2,2,4,2,2,2,1,1,2,3,2,4,3,1,2,2,4,2,6,1,2,4,1,2,2,2,2,3,2,0,,6,2,2,5,1,2,1,2,1,2,4,2,4,2,2,2,6,0,0,0,1,0,0,0,0,0,2,2,1,6,6,3,3,2,4,4,4,2,2,6,2,2,2,4,2,10,3,2,9,2,2,6,3,5,2,5,2,4,2,8,2,3,2,2,6,2,3,1,2,1,1,2,5,2,4,2,4,2,4,2,3,2,2,3,3,2,2,1,4,3,6,2,4,2,3,3,3,3,5,2,4,2,1,1,8,4,1,2,1,1,,,1,3,2,1,2,1,2,2,6,2,1,0,,1,3,1,2,1,2,1,2,1,3,3,3,1,0,0,0,1,1,0,1,0,0,0,0,0,0,0,0,0,0,0,0,0,0,0,0,0,0,0,0,1,4,2,4,1,2,2,2,2,2,3,2,2,,4,2,1,0,,,0,,,0,0,0,0,0,0,0,0,0,0,0,1,0,0,0,0,0,0,0,0,0,0,0,0,0,0,0,0,0,0,2,8,5,2,0,0,0,0,0,0,0,0,0,0,0,0,0,0,0,0,2,69.85,159,27.62944504,2,0,2
01ADL0090,182,1958,5/24/2017 12:53,5/24/2017,5,2,0,,0,,0,,,1,1,5,0,,,6,2,4,0,,,0,,1,6,6,2,5,1,0,,,,0,,,,1,1,1,2,1,6,6,2,1,1,5,1,2,1,2,1,2,3,2,1,1,2,1,1,5,1,1,4,2,2,2,8,2,1,1,3,2,0,,0,,,,1,2,1,5,0,2,1,1,0,3,1,5,1,2,0,,,,0,,,,2,2,0,,2,2,0,,1,2,1,3,8,2,2,2,3,3,1,1,3,2,6,3,3,3,1,2,0,,1,2,8,3,1,0,0,1,0,0,0,0,0,0,4,0,1,0,0,0,0,1,1,1,1,3,1,7,7,2,7,3,2,7,2,0,,5,1,1,2,5,2,3,2,1,5,2,1,1,3,3,6,2,1,2,3,2,4,2,2,2,3,2,3,4,2,4,1,1,1,5,3,5,2,1,2,4,2,3,2,2,2,,,,2,4,2,1,3,3,3,2,8,2,3,5,2,1,1,1,1,1,3,1,3,3,1,1,2,2,3,2,1,2,8,2,1,2,4,2,3,5,1,2,5,5,0,,5,2,2,5,2,2,4,5,3,4,2,1,1,2,1,2,4,2,3,0,,8,1,3,2,2,2,2,5,1,2,2,3,2,3,3,1,3,4,2,1,1,1,3,1,1,0,,2,2,2,2,0,,2,0,0,0,1,0,1,1,0,0,0,,1,2,3,2,2,4,3,2,4,2,5,0,,1,1,1,2,3,2,1,3,2,1,3,2,1,1,4,2,0,,7,2,5,1,2,8,2,1,0,,1,2,1,1,1,1,1,1,2,0,,0,,1,2,1,5,1,1,2,1,2,1,6,2,1,5,5,1,7,1,3,1,4,2,1,5,1,5,1,5,3,3,1,4,1,2,1,,1,,,0,,0,,1,1,1,1,1,4,1,4,1,4,4,5,1,0,0,1,0,0,0,0,0,1,0,0,0,0,1,0,0,0,0,0,0,0,0,0,0,0,0,0,1,5,2,4,1,0,,,,0,,,,,,5,2,0,,,0,,,0,1,0,0,0,0,0,0,0,0,1,0,0,0,0,0,0,0,0,0,0,0,0,0,0,0,0,0,0,0,2,5,6,2,0,0,0,0,0,0,0,0,0,0,0,0,0,0,0,0,1,113.75,162.6,43.02395422,3,4,2
01ADL0091,185,1980,,5/30/2017,4,2,0,,0,,2,2,0,0,,,0,,,0,,,0,,,0,,0,,,,,,0,,,,0,,,,0,,,,1,8,9,1,5,1,1,1,2,0,,1,1,0,3,1,9,2,1,1,1,1,1,7,2,0,,4,2,1,2,9,2,7,1,1,6,2,1,1,2,1,1,1,1,1,1,1,2,1,7,1,2,1,6,4,2,0,,,,0,,6,2,10,2,6,2,1,1,6,1,5,2,4,2,3,2,1,1,0,1,6,2,4,2,5,2,2,2,10,3,7,2,9,0,1,0,1,0,0,0,1,0,0,0,0,0,0,0,0,0,,,7,2,1,6,6,2,4,2,5,0,,6,2,4,,,,,,,,,,,,,,,,,,,,,,,,,,,,,,,,,,,,,,,,,,,,,,,,,,,,,,,,,,,,,,,,,,,,,,,,,,,,,,,,,,,,,,,,,,,,,,,,,,,,,,,,,,,,,,,,,,,,,,,,,,,,,,,,,,,,,,,,,,,,,,,,,,,,0,0,0,0,0,0,0,0,0,,,,,,,,,,,,,,,,,,,,,,,,,,,,,,,,,,,,,,,,,,,,,,,,,,,,,,,,,,,,,,,,,,,,,,,,,,,,,,,,,,,,,,,,,,,,,,,,,,,,,,,,,,,,,,,,0,0,0,0,0,0,0,0,0,0,0,0,0,0,0,0,0,0,0,0,0,0,,0,0,0,0,0,,,,,,,,,,,,,,,,,,,,,,,,0,0,0,0,0,0,0,0,0,0,0,0,0,0,0,0,0,0,0,0,0,0,0,0,0,0,0,0,0,0,,,,0,0,0,0,0,0,0,0,0,0,0,0,0,0,0,0,0,0,68.55,173.4,22.79865742,1,4,2
01ADL0092,181,1956,5/24/2017 12:33,5/24/2017,11,1,0,,0,,0,,,1,2,3,0,,,5,1,4,1,1,5,0,,1,6,6,2,1,2,1,6,0,2,0,,,,1,2,2,2,1,6,3,2,3,1,5,0,,0,,1,7,4,2,1,7,2,1,1,5,1,1,4,1,3,1,4,2,0,,6,2,0,,0,,,,0,,1,4,1,1,1,3,1,1,1,5,1,2,0,,,,0,,,,0,,1,1,0,,0,,1,1,0,,1,1,5,2,1,1,1,5,4,2,6,2,0,,0,,1,1,1,1,4,1,1,0,0,1,0,0,0,0,0,0,1,0,1,0,0,0,0,0,2,1,0,,1,7,5,2,5,2,3,5,2,0,,4,2,2,1,4,2,5,2,1,5,2,1,1,1,1,1,1,0,,4,2,5,2,4,1,4,2,1,4,2,3,4,2,1,5,3,5,2,1,2,4,2,1,2,1,2,4,2,1,1,3,2,1,5,2,5,2,7,2,5,5,2,1,2,2,1,1,4,1,5,3,1,1,1,2,4,2,3,2,6,2,1,2,3,6,2,3,1,2,5,5,3,2,5,2,2,5,4,3,3,2,2,4,2,3,2,2,1,2,4,2,3,2,2,1,2,1,2,4,2,2,3,3,1,2,2,2,0,,0,,4,2,3,4,2,3,1,2,1,2,1,2,1,2,0,,6,0,1,0,1,0,1,1,0,0,0,,1,1,1,2,1,4,2,2,5,2,5,0,,0,,1,2,2,2,3,2,2,3,1,1,0,,3,2,1,2,0,,,0,,6,2,4,0,,1,2,3,1,1,4,2,1,2,0,,0,,1,2,4,2,1,1,5,1,5,2,5,2,1,5,5,1,0,,7,5,5,1,0,,0,,,,,,0,,,,,,,,,0,,0,,1,5,1,1,1,5,1,5,1,3,4,2,1,0,0,1,0,0,0,0,0,0,0,0,1,0,0,0,0,0,0,0,0,0,0,0,0,0,0,0,1,5,2,4,1,0,,,,0,,,,,,0,,0,,,0,,,0,1,0,0,0,0,0,0,0,0,1,0,0,0,0,0,0,0,0,0,0,0,0,0,0,0,0,0,0,0,3,5,7,2,0,0,0,0,0,0,0,0,0,0,0,0,0,0,0,1,2,128.3,183.5,38.1025919,3,4,2
01ADL0093,195,1976,6/8/2017 9:51,6/7/2017,8,2,1,3,0,,1,1,0,0,,,0,,,0,,,0,,,2,2,0,,,,,,0,,,,0,,,,1,1,1,2,1,9,9,1,4,1,2,0,,3,2,0,,,,,0,,,,,,,,,0,,0,,1,2,6,2,0,,1,1,1,2,4,2,1,5,2,3,1,3,1,3,1,4,1,2,1,5,2,2,0,,,,1,2,5,2,5,3,3,2,1,2,1,2,3,2,5,2,5,1,1,1,5,2,3,2,6,3,4,3,2,2,0,,8,2,9,0,0,0,0,0,0,1,0,0,5,0,1,0,1,0,0,0,2,2,2,2,1,5,3,2,7,3,5,8,2,2,2,1,3,1,2,1,2,4,1,2,4,2,1,1,4,2,0,,1,2,1,2,4,3,4,2,5,4,2,2,2,1,1,2,2,3,3,5,2,1,2,2,3,1,2,2,2,,,,3,4,2,2,4,3,2,3,3,2,2,4,2,1,1,1,1,2,3,,4,3,1,1,1,2,2,2,3,1,4,2,4,3,5,1,2,5,0,,,,2,2,1,2,2,4,1,2,3,1,2,1,2,2,1,2,1,2,1,2,3,1,2,1,2,2,2,3,3,2,4,4,0,,3,2,1,2,0,,2,2,1,3,2,2,1,2,1,2,0,,0,,0,,4,0,1,0,1,0,0,1,0,0,1,2,1,1,1,2,2,2,2,2,5,3,4,2,2,1,2,1,2,6,2,1,4,3,1,1,2,1,2,4,2,1,2,2,2,3,0,,8,2,1,3,2,7,2,3,4,2,7,3,2,2,2,2,0,,1,3,1,4,1,2,3,2,1,2,5,2,1,5,5,2,7,1,0,,,,5,5,1,5,3,1,,,1,4,2,3,2,2,2,2,1,1,2,1,3,1,3,1,4,1,4,1,2,1,5,5,5,1,0,0,0,0,0,0,0,0,0,0,0,0,0,1,0,0,0,0,1,0,0,0,0,0,0,0,0,0,,,,1,3,3,2,3,0,,,,,,0,,1,3,3,0,,,0,0,0,0,0,0,0,0,0,0,1,0,0,0,0,0,0,0,0,0,0,0,0,0,0,0,0,0,0,1,2,9,6,2,0,0,0,0,0,0,0,0,0,0,0,0,0,0,0,0,0,142.7,166.83,51.2714587,3,4,2
01ADL0094,238,1968,7/27/2017 10:14,7/27/2017,10,1,0,,1,1,2,2,2,2,2,3,3,2,1,3,3,2,1,3,1,0,,1,5,3,3,1,2,1,1,2,1,1,2,1,1,1,3,3,2,1,5,4,2,4,2,1,3,3,1,2,1,1,1,1,1,2,2,1,2,2,3,1,2,1,1,2,0,,1,1,3,2,0,,1,2,1,2,1,2,1,1,1,1,0,,,,1,1,1,2,1,1,1,2,0,,,,1,1,1,1,5,2,1,1,4,2,1,2,3,2,1,2,4,3,1,5,5,2,6,2,6,2,3,3,2,1,6,2,5,1,5,0,0,0,1,1,0,1,0,0,3,0,1,0,0,1,0,0,2,3,3,2,1,6,5,3,6,3,3,5,2,5,3,6,3,4,3,6,3,4,2,2,3,2,2,3,4,2,6,2,4,3,4,3,5,2,4,2,3,5,2,1,1,2,3,3,5,5,3,5,3,5,2,4,2,3,2,5,2,3,4,3,2,3,2,2,2,2,3,2,6,1,3,3,1,2,3,2,5,1,2,3,4,2,1,1,2,2,2,2,3,2,4,2,4,2,3,4,2,3,3,2,5,2,4,2,6,2,2,4,4,2,3,4,2,3,2,1,4,2,4,2,6,2,4,4,2,3,1,3,1,6,2,5,4,5,4,1,4,2,5,1,0,,4,2,3,4,2,2,5,2,5,2,4,2,4,3,2,1,4,0,0,0,1,1,0,1,0,0,0,,1,5,4,2,1,4,2,2,5,3,5,2,1,1,1,5,2,5,2,2,4,2,2,4,2,2,1,2,1,2,1,1,1,4,1,1,5,1,2,1,1,4,3,3,5,2,6,3,3,2,4,1,3,2,4,3,3,3,1,2,5,2,5,1,6,1,2,4,5,1,1,2,0,,,,2,2,1,5,1,2,2,1,0,,,,,,,,,3,1,1,2,1,4,1,2,1,3,1,3,1,4,6,4,1,0,1,1,0,0,0,0,0,0,0,0,0,0,1,0,1,0,0,0,0,0,0,0,0,0,0,0,0,,,,0,,,,,,,,,,,,,,,,,,,0,0,0,0,0,0,0,0,0,0,0,0,0,0,0,0,0,0,0,0,0,0,0,0,0,0,0,0,0,0,2,7,4,2,0,0,0,0,0,0,0,0,0,0,0,0,0,0,0,1,1,79.85,173.7,26.46520629,2,0,2
01ADL0095,245,1992,8/1/2017 11:00,8/1/2017,9,1,0,,0,,0,,,0,,,0,,,3,1,2,0,,,7,3,0,,,,,,0,,,,,,,,0,,,,1,9,9,2,3,1,1,0,,0,,1,2,7,3,1,1,2,2,3,3,3,1,2,2,0,,1,2,0,,2,2,0,,1,6,3,2,1,1,0,,,,1,1,1,1,1,6,6,2,1,1,1,2,0,,,,1,1,6,2,1,1,0,,1,1,1,1,1,2,6,3,1,1,0,,,,8,3,7,3,5,2,0,,2,2,7,2,8,0,0,0,1,0,0,0,1,0,0,0,0,0,0,0,0,0,,,8,3,1,2,1,2,5,3,3,4,2,7,1,1,1,0,,7,1,1,1,1,1,1,1,1,7,2,1,2,0,,0,,1,2,8,2,4,10,3,10,2,1,0,,,,,,,0,,1,1,1,1,1,2,3,3,2,0,,,,,,,,5,3,1,1,1,1,1,2,6,3,1,1,1,2,1,1,1,1,7,2,1,2,1,2,1,2,3,1,2,3,2,2,3,3,2,3,1,2,2,5,0,,,7,3,0,,,7,3,1,2,7,3,4,1,2,0,,7,3,6,3,1,5,1,1,3,1,3,1,1,0,,1,2,3,6,1,3,1,3,0,,8,3,0,,0,,8,0,0,0,1,0,0,0,1,0,1,2,1,1,1,2,1,2,2,2,1,2,3,0,,0,,0,,3,2,3,3,2,2,1,3,0,,7,3,6,2,6,2,5,6,2,1,2,3,1,2,1,2,3,1,2,1,1,2,1,0,,0,,0,,,,,,0,,1,1,7,3,1,5,1,1,7,1,0,,,,0,,1,1,1,1,,,1,1,1,4,5,2,5,2,2,0,,1,3,1,3,1,1,0,,0,,1,3,9,6,1,0,0,0,0,0,0,0,0,0,0,0,1,0,0,0,0,0,0,0,0,0,0,0,0,0,0,0,1,5,2,3,0,,,,,,,,,,,,,,,,,,,0,0,0,0,0,0,0,0,0,0,0,0,0,0,0,0,0,0,0,0,0,0,0,0,0,0,0,0,0,0,1,6,5,2,0,0,0,0,0,0,0,0,0,0,0,0,0,0,0,1,0,74.32,182.6,22.28969647,1,0,2
01ADL0096,261,1969,8/17/2017 10:43,8/17/2017,1,2,1,1,1,2,2,1,1,2,1,1,0,,,1,1,2,1,1,1,0,,1,1,0,1,1,1,0,,,,0,,,,1,1,0,1,1,8,8,2,2,1,5,3,2,3,2,1,8,8,1,1,4,,1,1,5,1,1,2,2,0,,6,2,0,,1,1,7,1,1,5,1,2,1,2,0,,,,0,,,,1,7,4,2,1,7,7,2,0,,,,1,1,9,2,9,2,9,2,0,,4,2,4,2,1,1,1,1,1,7,3,1,6,2,6,2,1,2,7,2,7,3,9,2,9,0,1,0,1,0,0,0,0,0,1,0,0,0,1,0,0,1,1,2,6,2,1,10,10,3,9,3,5,9,2,8,1,6,2,1,2,5,1,1,1,1,5,2,1,1,3,3,6,2,1,2,1,2,5,2,6,1,1,10,3,10,2,1,1,1,1,5,3,5,2,2,2,0,,0,,3,2,2,4,3,6,5,2,1,5,3,1,1,5,2,3,2,2,1,1,2,9,1,1,1,5,3,1,1,9,2,9,2,1,1,1,2,0,,,1,2,1,1,2,2,1,1,2,3,1,2,1,0,,,4,1,0,,,1,1,3,2,0,,,3,1,2,2,4,2,4,1,1,2,1,0,,3,1,0,,0,,5,1,1,4,1,2,0,,2,2,2,1,0,,3,2,5,0,1,0,1,0,0,0,0,0,2,2,1,3,2,2,2,1,5,4,7,2,1,1,2,6,1,2,2,3,2,1,6,1,1,7,2,1,2,10,1,6,2,9,2,5,0,,2,1,1,2,2,4,2,1,2,2,6,2,2,2,3,2,2,2,2,1,5,1,1,1,10,2,1,1,8,1,1,5,2,1,0,,5,2,2,1,7,1,1,5,2,1,,,0,,,,,,,,,6,2,0,,1,1,1,2,0,,0,,1,1,8,5,0,0,0,0,0,0,0,1,0,0,0,0,0,0,1,0,0,0,0,0,0,0,1,1,1,0,0,1,0,,,,1,1,2,1,3,1,5,3,3,3,1,0,,0,,,0,,,0,0,0,0,0,0,0,0,0,0,0,0,0,0,0,0,1,1,0,0,0,0,0,0,1,0,0,0,0,1,2,6,6,2,0,0,0,0,0,0,0,0,0,0,0,0,0,0,0,0,1,76.7,166.2,27.76727907,2,1,2
01ADL0097,233,1992,7/24/2017 12:21,7/24/2017,9,2,1,2,3,3,1,1,0,2,1,2,1,1,1,2,2,1,1,1,1,0,,1,1,0,1,1,1,1,1,1,1,1,2,0,1,1,1,1,1,1,9,9,3,5,1,1,3,3,2,3,1,1,1,2,1,2,2,1,1,5,5,1,1,3,0,,6,3,4,2,7,3,5,2,1,9,0,2,8,2,1,4,4,1,1,5,3,1,1,7,1,3,1,8,8,3,0,,,,5,2,10,3,7,3,10,3,0,,0,,10,3,10,3,0,,1,8,8,3,7,3,7,3,7,1,5,1,8,3,8,3,6,0,1,0,1,1,1,1,1,0,6,0,0,0,1,1,1,1,1,1,0,,1,1,1,1,8,3,5,0,,1,3,7,2,1,2,8,3,5,2,4,1,2,5,3,3,3,7,2,4,3,1,3,1,3,3,3,5,8,3,10,2,1,2,3,5,5,3,5,2,2,3,2,3,5,3,4,2,5,1,5,6,1,1,1,5,3,5,2,2,1,5,5,2,3,1,3,5,2,5,5,5,3,5,3,5,2,5,3,5,3,3,2,2,2,3,2,2,1,1,2,3,5,7,3,4,3,2,5,1,3,3,5,2,4,2,1,4,3,7,2,5,3,2,5,3,4,2,0,,1,2,2,4,2,5,3,2,3,10,3,5,2,5,2,3,5,2,3,5,2,5,2,5,2,4,2,4,2,3,0,0,0,0,0,0,0,0,1,4,2,1,7,4,2,3,3,3,3,6,2,3,4,3,7,2,6,2,2,2,3,5,2,3,4,2,4,2,4,2,4,2,4,2,1,4,,4,2,1,6,2,5,2,3,4,2,4,2,3,2,4,2,4,2,2,2,3,3,3,3,5,2,3,3,6,2,1,5,1,5,4,1,4,5,1,1,6,5,0,,,,,,0,,,,,,,,,5,2,0,,1,1,1,1,1,1,1,1,1,1,2,5,1,0,0,0,0,0,0,0,0,0,0,0,0,0,0,1,1,1,0,0,0,0,,0,0,0,0,0,1,1,2,4,1,0,,,,0,,,,,,0,,1,6,4,0,,,0,0,0,0,0,0,0,0,0,0,0,0,0,0,0,0,1,1,0,1,1,1,0,0,0,0,0,0,0,0,2,2,3,2,0,0,0,0,0,0,0,0,0,0,0,0,0,0,0,0,0,60.93,149.4,27.29794681,2,0,2
01ADL0098,241,1992,7/28/2017 9:53,7/28/2017,10,2,1,1,0,,1,2,1,0,,,0,,,1,1,2,0,,,1,2,1,2,2,2,1,1,0,,,,1,1,1,1,1,3,3,2,1,9,9,3,5,1,2,4,2,3,3,1,1,1,1,1,1,1,3,1,2,1,1,2,2,1,1,1,2,0,,2,2,2,2,1,6,1,2,1,2,0,,,,1,2,0,1,1,4,1,2,1,5,1,2,0,,,,1,3,3,2,7,2,7,2,0,,0,,4,2,4,3,2,2,1,1,2,2,3,3,4,3,1,2,2,2,1,3,9,2,7,0,1,1,0,0,0,0,1,0,0,0,0,0,0,0,0,0,,,7,3,1,5,4,2,4,2,3,0,,4,2,4,2,2,3,2,3,2,1,1,2,1,2,1,6,2,4,2,7,2,2,2,6,2,4,2,3,7,2,7,3,2,3,2,1,4,3,5,2,4,2,1,2,1,2,2,2,,,,2,3,2,1,3,3,3,2,3,2,1,3,2,1,2,3,3,2,2,1,2,2,1,1,2,3,4,2,2,2,4,3,2,2,2,3,3,2,2,2,5,1,7,2,3,1,2,1,3,2,2,5,2,2,2,1,2,2,1,2,2,2,1,4,2,0,,4,2,3,2,5,3,4,0,,4,2,2,2,0,,2,3,1,3,2,4,1,2,1,2,6,2,2,2,1,2,7,0,0,1,1,0,0,0,1,0,3,3,1,6,4,2,3,2,2,4,3,2,5,2,3,2,3,2,3,6,2,3,5,2,1,2,2,2,2,4,2,3,2,2,2,4,0,,6,2,3,2,2,4,3,3,3,2,4,2,4,2,4,2,2,2,2,2,3,3,3,1,8,2,5,2,6,2,1,5,5,2,7,1,4,3,1,1,5,5,0,,,,,,0,,,,,,,,,2,2,0,,1,3,1,3,1,1,1,1,1,5,6,5,1,0,0,0,0,0,0,0,0,0,0,1,0,0,0,1,0,0,0,0,0,0,0,0,0,0,0,0,0,,,,0,,,,,,,,,,,,,,,,,,,0,0,0,0,0,0,0,0,0,0,0,0,0,0,0,0,0,0,0,0,0,0,0,0,0,0,0,0,0,0,2,4,6,2,0,0,0,0,0,0,0,0,0,0,0,0,0,0,0,0,0,67,160.1,26.1391908,2,0,2
01ADL0099,253,1975,8/11/2017 12:11,8/9/2017,10,1,0,,2,3,1,2,0,0,,,0,,,0,,,1,2,3,7,2,1,2,2,1,1,1,1,2,2,1,1,2,1,1,1,1,1,1,1,9,9,1,1,1,5,1,1,0,,1,1,1,2,1,0,,,,,,,,,1,2,2,2,1,1,1,2,1,2,1,2,3,2,7,2,0,,,,1,1,1,2,1,8,6,3,1,4,4,3,0,,,,4,3,10,3,9,3,8,3,0,,6,3,3,3,,,2,3,1,1,1,3,8,3,4,3,2,,2,3,8,3,8,3,6,0,1,0,1,0,0,0,0,0,,0,0,0,0,0,0,0,,,6,2,1,6,6,3,7,3,5,4,2,2,2,4,2,1,3,2,3,1,1,1,5,3,1,1,7,2,3,2,1,3,2,2,,,5,2,,7,3,8,2,3,4,2,1,2,3,1,,3,3,2,3,3,3,3,3,4,2,3,2,3,2,1,3,4,1,1,6,2,3,3,3,1,1,2,2,1,1,1,2,2,1,1,3,2,3,2,1,2,3,3,0,,,1,3,2,4,3,5,2,4,3,2,3,2,5,2,2,3,2,2,1,2,2,1,2,2,2,2,2,3,1,1,2,2,6,2,8,3,1,5,1,0,,1,2,1,2,0,,2,3,,3,2,3,0,,1,2,5,2,0,,2,2,9,0,1,0,1,0,0,0,0,0,3,2,1,4,3,2,3,1,2,3,5,2,3,4,2,2,2,3,2,5,2,3,5,2,3,1,2,2,1,4,2,9,1,2,2,3,2,2,5,2,3,4,2,3,2,3,2,2,5,2,3,2,2,2,0,,2,2,2,1,1,1,6,2,4,2,8,3,4,3,3,1,6,1,1,3,1,1,2,,0,,,,,,0,,,,,,,,,1,2,0,,1,1,1,3,1,3,1,3,1,3,6,6,1,0,0,0,1,0,0,0,0,0,0,0,0,0,0,0,0,0,0,0,0,0,0,0,0,0,0,0,1,4,2,4,1,1,1,3,2,2,5,3,2,3,2,,,4,3,4,,,,1,1,1,0,0,1,0,1,0,0,0,1,0,0,0,0,1,0,0,0,0,0,0,0,0,0,0,0,0,0,1,3,4,2,0,0,0,0,0,0,0,0,0,0,0,0,0,0,0,1,1,88.6,171.11,30.26097657,3,2,2
01ADL0100,247,1960,8/3/2017 10:35,8/3/2017,11,2,0,,0,,0,,,2,1,1,0,,,0,,,0,,,0,,1,2,2,1,5,5,0,,,,0,,,,1,2,1,2,1,7,7,1,1,1,5,6,2,2,2,1,9,8,3,1,1,2,1,2,5,1,1,4,2,0,,4,2,1,2,4,2,2,1,1,1,1,2,3,2,1,1,1,2,1,1,1,2,1,6,4,2,0,,,,0,,,,0,,3,2,9,3,7,3,0,,0,,5,3,7,3,1,2,1,1,0,2,5,3,4,3,3,2,1,2,1,2,4,2,3,0,0,0,1,0,1,0,0,0,1,0,0,0,0,0,0,1,1,1,0,,1,1,1,2,6,3,4,6,1,1,2,1,1,0,,1,1,1,1,1,1,1,1,1,2,2,1,1,1,2,1,2,2,1,1,2,2,2,3,4,2,1,1,2,1,1,2,4,2,1,2,1,1,0,,1,1,2,4,2,4,5,2,1,1,1,1,1,9,2,1,1,1,1,1,1,7,2,3,1,1,1,1,1,1,1,8,2,0,,0,,0,,,0,,,1,1,3,1,2,2,1,1,2,1,1,2,4,2,2,0,,,1,1,1,2,1,2,2,1,1,1,1,1,2,5,2,1,4,1,1,2,2,2,0,,0,,1,2,2,1,1,3,1,2,1,2,4,2,0,,1,2,4,0,0,0,1,0,1,1,0,0,2,2,1,1,1,1,3,1,4,3,4,2,1,4,1,1,1,1,1,0,,,1,1,1,1,1,2,2,2,1,9,2,8,2,5,0,,5,2,1,3,2,2,2,2,1,1,2,1,1,1,2,2,2,2,1,1,3,2,2,1,1,1,1,1,5,2,3,3,2,1,7,5,0,,,,2,5,0,,,,,,1,1,1,1,1,,5,2,3,8,2,1,1,1,1,0,,0,,0,,1,,6,5,0,0,0,0,0,0,0,0,0,0,0,0,0,0,0,0,0,0,0,0,0,1,0,0,0,0,0,0,1,3,2,2,1,0,,,,3,2,1,1,1,2,3,2,1,1,2,0,,,0,0,0,0,0,0,0,0,0,0,1,0,0,0,0,0,0,0,0,0,0,0,0,0,0,0,0,0,0,0,1,5,4,2,0,0,0,0,0,0,0,0,0,0,0,0,0,0,0,0,1,53,174.4,17.42540611,0,4,2
01ADL0101,254,1962,8/9/2017 10:39,8/9/2017,8,2,1,2,1,2,1,2,1,0,,,1,1,1,1,2,1,0,,,0,,1,1,1,1,1,1,0,,,,0,,,,1,1,1,1,1,7,7,1,4,1,5,1,1,1,1,1,1,1,3,1,1,1,1,2,,4,1,1,2,0,,5,2,1,2,4,2,1,3,1,7,4,2,4,2,1,6,3,1,1,7,3,2,1,4,3,2,1,5,4,2,1,1,1,2,1,1,1,1,7,2,3,1,2,2,4,2,4,1,3,2,1,2,1,4,3,2,4,1,1,2,1,2,2,2,3,2,5,2,9,0,0,0,0,1,0,0,0,0,0,0,0,0,0,0,0,0,,,3,2,1,4,4,3,3,2,5,3,2,2,2,3,2,0,,3,1,1,,1,3,1,1,,1,2,3,2,3,2,0,,1,2,2,1,1,4,1,9,2,1,1,1,1,1,1,3,1,1,1,0,,0,,3,2,3,3,5,7,2,2,1,1,1,5,2,4,2,5,4,2,1,1,1,7,1,5,1,1,1,1,,0,,4,2,2,2,4,2,2,2,1,1,2,1,1,1,5,5,0,,2,2,2,1,1,2,2,1,1,1,2,1,1,1,1,1,1,1,1,4,1,1,2,3,1,1,1,3,2,3,0,,5,1,1,1,0,,4,1,1,2,1,,2,2,2,2,1,2,2,1,0,,9,0,0,0,0,1,0,0,0,0,6,2,1,2,2,2,1,5,2,4,2,2,5,1,2,1,2,0,,4,2,1,1,2,1,1,1,1,2,4,2,1,2,3,2,1,1,1,4,2,1,2,1,1,1,1,1,1,2,1,1,1,1,2,0,,1,1,2,4,2,2,2,1,3,1,4,1,1,5,3,1,6,1,0,,,,3,1,1,2,2,1,,,1,4,2,3,4,2,2,2,1,0,,0,,1,1,1,1,1,1,1,1,1,1,4,5,1,0,0,0,0,0,0,0,0,0,0,0,0,0,1,0,0,0,0,0,0,0,0,0,0,0,0,0,1,5,2,2,1,0,,,,5,2,2,1,1,2,0,,0,,,5,2,2,0,0,0,0,0,0,0,0,0,0,1,0,0,0,0,0,1,0,0,0,0,0,0,0,0,0,0,0,0,0,3,3,7,2,0,0,0,0,0,0,0,0,0,0,0,0,0,0,0,0,1,77.33,159.27,30.48456836,3,0,2
01ADL0102,272,1988,8/28/2017 9:55,8/28/2017,5,2,0,,0,,2,1,1,1,1,1,0,,,0,,,0,,,2,2,0,,,,,,0,,,,0,,,,0,,,,1,9,9,1,5,1,2,2,1,1,1,1,5,5,2,1,0,,,,,,,,,0,,6,2,3,2,8,2,3,1,1,5,1,2,3,3,0,,,,1,4,0,2,1,7,7,3,1,5,4,2,1,9,7,3,0,,4,2,9,3,8,3,0,,3,2,3,1,4,3,0,,1,3,1,2,7,2,7,2,0,,5,2,8,3,10,3,10,0,1,0,1,0,0,0,0,0,0,0,0,0,0,0,0,0,,,3,3,1,6,6,3,7,3,5,7,1,3,3,3,2,0,,3,1,1,1,1,2,1,1,1,6,3,4,1,3,2,1,2,6,2,7,3,1,4,3,6,1,5,3,1,1,5,3,5,2,2,1,1,2,1,2,1,1,2,4,1,2,5,1,1,1,1,2,1,3,2,1,2,1,1,1,1,2,1,1,1,4,2,1,1,3,2,8,2,0,,1,2,2,2,1,1,2,1,1,2,5,5,5,1,3,1,1,5,1,1,5,3,1,3,2,1,2,1,0,,1,1,5,0,,1,2,3,2,4,1,3,5,2,0,,5,1,0,,0,,7,3,1,2,1,1,1,1,3,2,4,1,0,,4,2,3,0,1,0,1,0,0,0,0,0,5,1,1,6,3,2,2,2,4,4,3,1,2,3,2,1,2,1,2,1,1,1,6,2,1,4,2,1,1,5,1,0,,6,1,1,0,,9,2,2,2,1,1,1,1,2,1,4,1,2,2,1,1,1,1,1,1,5,2,2,1,3,1,3,2,0,,,,,,2,1,1,5,1,1,5,3,0,,,,,,0,,,,,,,,,0,,0,,1,1,1,1,0,,0,,1,1,7,7,1,0,0,0,0,0,0,0,0,0,0,0,0,0,0,0,0,0,0,0,0,0,0,0,0,0,0,0,0,,,,1,0,,,,0,,,,,,0,,1,3,2,0,,,0,1,0,0,0,0,0,0,0,0,0,0,0,0,0,0,0,0,0,0,0,0,0,0,0,0,0,0,0,0,1,7,5,2,0,0,0,0,0,0,0,0,0,0,0,0,0,0,0,0,0,49.9,158.1,19.96350559,1,2,2
01ADL0103,265,1993,8/18/2017 9:52,8/18/2017,8,2,0,,1,2,1,2,0,1,2,1,0,,,1,2,4,0,,,0,,1,1,0,2,1,3,0,,,,0,,,,1,3,3,2,1,8,7,1,3,1,5,3,2,2,3,1,3,3,2,1,0,,,,,,,,,0,,5,2,0,,5,2,4,1,1,3,2,2,0,,0,,,,1,1,1,2,1,6,5,2,1,2,1,2,0,,,,0,,3,2,1,2,7,3,0,,1,2,4,3,2,2,1,2,1,1,2,2,4,3,4,3,3,2,0,,1,2,5,3,8,0,1,0,1,0,0,0,0,0,5,0,1,0,0,0,0,1,1,1,6,3,1,5,4,2,5,3,5,7,1,0,,2,2,0,,1,3,4,3,1,4,2,2,2,4,2,2,2,1,2,1,2,4,2,0,,,4,2,6,2,5,1,2,1,5,3,2,1,1,1,1,2,0,,1,1,2,4,2,2,3,2,1,1,1,5,2,3,2,2,2,2,1,1,1,3,2,3,1,5,1,1,1,1,2,5,2,0,,3,3,0,,,5,3,5,0,,,,0,,1,1,2,5,1,2,5,0,,0,,,0,,0,,0,,,0,,1,2,1,3,1,2,5,5,2,0,,0,,1,2,0,,3,2,3,4,2,5,0,,1,2,3,2,0,,1,2,7,0,1,0,1,0,0,0,0,0,3,2,1,4,1,2,1,2,4,4,3,2,5,3,2,0,,0,,0,,,3,2,3,2,1,2,2,3,1,2,2,4,2,5,0,,8,2,5,1,2,5,2,2,1,2,1,1,0,,0,,0,,0,,,,,,5,1,0,,9,2,1,5,5,1,7,1,0,,,,0,,0,,,,,,0,,,,,,,,,4,2,0,,1,1,1,3,1,5,1,5,1,3,5,5,0,0,0,0,0,0,0,0,0,0,0,0,1,0,0,0,0,0,0,1,0,0,0,0,0,0,0,0,0,,,,1,0,,,,0,,,,,,0,,0,,,0,,,0,0,0,0,0,0,0,0,0,0,1,0,0,0,0,0,0,0,0,0,0,0,0,0,0,0,0,0,0,0,3,6,5,2,0,0,0,0,0,0,0,0,0,0,0,0,0,0,0,0,0,54.2,169.1,18.95448859,1,0,2
01ADL0104,259,1986,8/16/2017 12:39,8/16/2017,5,1,0,,0,,1,2,0,1,2,1,0,,,0,,,0,,,7,2,1,2,2,1,5,2,1,1,1,2,0,,,,1,4,4,2,1,9,9,2,5,1,1,1,1,3,3,1,7,7,2,1,4,2,1,1,1,5,1,7,3,0,,1,2,0,,6,2,0,,1,1,1,2,1,1,1,1,1,1,1,1,1,2,0,,,,1,2,2,2,0,,,,1,1,2,2,6,3,4,3,1,1,2,2,1,1,7,2,0,,0,,,,7,2,3,1,0,,1,1,6,2,6,1,9,0,0,0,1,0,0,0,0,0,3,0,0,0,1,0,0,0,,2,4,3,1,6,6,2,4,3,3,4,2,6,2,0,,1,1,4,3,1,,1,2,3,2,2,2,3,4,2,1,2,1,3,5,2,1,1,1,7,2,10,2,1,4,2,1,1,1,2,2,0,,1,1,1,1,4,2,5,1,1,3,1,2,1,1,1,5,2,6,2,3,4,3,1,2,3,4,2,5,1,5,3,1,,6,2,7,2,4,3,5,3,1,3,1,1,3,1,4,2,4,4,2,3,3,3,2,5,3,3,2,2,2,1,2,1,1,2,4,3,4,3,3,5,2,5,3,4,3,10,2,1,4,2,0,,6,3,1,1,1,2,1,1,1,3,2,1,2,3,2,2,4,3,2,2,2,3,4,0,0,0,1,0,0,1,0,0,0,,1,5,3,2,1,1,2,5,1,2,5,4,2,1,2,1,2,3,2,1,4,2,1,1,2,1,2,6,2,6,2,1,1,5,0,,4,3,3,1,2,1,2,2,2,2,4,3,4,2,1,2,0,,1,1,1,5,1,1,6,1,7,2,9,3,2,5,3,1,7,1,2,2,1,,2,2,1,4,1,1,,,1,4,1,1,3,2,3,2,8,0,,0,,1,1,1,4,1,3,1,3,1,4,6,2,0,0,0,0,0,0,0,0,0,0,0,0,0,0,0,0,0,0,0,0,0,1,0,0,0,0,0,0,0,,,,0,,,,,,,,,,,,,,,,,,,0,0,0,0,0,0,0,0,0,0,0,0,0,0,0,0,0,0,0,0,0,0,0,0,0,0,0,0,0,0,1,6,4,2,0,0,0,0,0,0,0,0,0,0,0,0,0,0,0,1,0,79.35,176.5,25.4716754,2,0,2
01ADL0105,257,1990,8/15/2017 11:20,8/15/2017,8,2,0,,0,,0,,,0,,,0,,,0,,,2,1,3,0,,0,,,,,,0,,,,0,,,,1,1,1,2,1,9,9,3,4,1,4,1,1,0,,1,7,7,1,1,1,1,1,1,5,1,1,3,2,0,,1,2,0,,1,2,0,,0,,,,0,,1,1,0,1,1,1,0,1,1,1,1,2,0,,,,0,,,,4,2,0,,1,1,7,2,0,,0,,1,2,0,,0,,1,1,1,1,8,2,8,2,2,2,0,,7,2,0,,0,0,0,0,0,0,0,0,0,0,0,0,0,0,0,0,0,0,,,3,2,1,3,3,1,6,3,5,6,2,0,,5,2,1,2,2,2,3,2,1,4,3,1,1,5,2,5,2,1,2,0,,4,1,5,2,1,9,2,7,2,4,5,2,1,4,3,5,3,5,2,1,2,1,2,1,2,2,3,1,3,1,2,1,2,3,4,3,6,2,1,1,1,1,1,1,2,2,1,1,5,3,3,3,4,2,4,3,0,,0,,0,,,0,,,2,2,5,5,4,2,4,1,2,5,0,,,0,,1,2,2,0,,0,,0,,,0,,0,,1,1,9,2,1,4,1,0,,0,,0,,0,,1,2,3,4,2,4,0,,0,,2,2,0,,0,,6,0,1,0,1,0,0,1,0,0,0,,1,2,1,2,1,1,2,4,4,2,5,0,,0,,0,,3,2,3,4,2,1,4,1,0,,0,,0,,5,1,5,4,2,5,2,1,1,2,4,2,2,1,2,2,2,1,2,1,2,0,,0,,,,,,6,2,5,1,9,3,5,1,1,1,6,1,0,,,,2,2,1,2,2,5,3,2,0,,,,,,,,,0,,0,,1,3,1,3,1,3,1,1,1,2,3,1,1,0,1,0,0,0,0,0,0,0,0,0,1,0,0,0,0,0,0,0,0,0,0,0,0,0,0,0,0,,,,0,,,,,,,,,,,,,,,,,,,0,0,0,0,0,0,0,0,0,0,0,0,0,0,0,0,0,0,0,0,0,0,0,0,0,0,0,0,0,0,1,5,6,2,0,0,0,0,0,0,0,0,0,0,0,0,0,0,0,0,0,66.6,165.8,24.22730891,1,2,2
01ADL0106,263,1973,8/18/2017 10:23,8/18/2017,12,2,0,,1,2,0,,,0,,,0,,,0,,,0,,,0,,1,2,1,2,4,3,0,,,,1,1,0,1,1,1,1,2,1,9,9,3,4,1,1,2,2,1,2,1,1,1,2,1,0,,,,,,,,,0,,7,2,1,2,9,1,3,1,1,4,1,2,2,2,1,1,0,3,0,,,,1,1,1,2,1,1,0,2,0,,,,1,1,7,2,5,3,10,3,1,2,1,1,4,3,1,3,0,,1,1,0,2,2,2,1,2,1,2,1,3,7,3,1,2,8,0,1,0,0,0,0,0,1,0,1,0,0,0,1,0,0,0,2,2,3,2,1,1,1,2,,,,,,,,,,,,,,,,,,,,,,,,,,,,,,,,,,4,2,1,2,5,1,2,1,5,,5,2,0,,1,2,0,,1,2,1,1,1,0,,,,,,,,0,,,,,,,,1,1,1,1,2,3,1,1,0,,9,2,0,,1,2,0,,,0,,,4,2,3,2,0,,0,,,,0,,,0,,0,,,0,,0,,0,,,0,,1,1,1,2,4,2,1,3,4,0,,0,,0,,0,,0,,,0,,,1,1,1,2,4,2,1,2,1,2,5,0,0,0,0,0,0,0,1,0,1,2,1,5,4,2,3,2,4,3,1,2,1,0,,1,1,1,2,2,2,1,2,2,1,4,2,0,,7,2,4,2,2,2,1,1,2,8,2,1,1,2,1,2,1,1,1,1,2,1,2,0,,1,1,0,,,,,,6,1,6,2,9,2,1,5,3,1,7,1,1,4,1,2,5,4,1,2,2,1,,,1,2,2,3,5,2,5,2,1,1,2,0,,1,1,1,1,1,1,0,,1,2,6,3,0,0,0,0,0,0,0,0,0,0,0,0,0,0,0,1,0,0,0,0,0,0,0,0,0,0,0,0,0,,,,1,0,,,,0,,,,,,0,,0,,,0,,,0,1,0,0,0,1,0,0,0,0,1,0,0,0,0,0,1,0,0,0,0,0,0,0,0,0,0,0,1,0,3,6,9,2,0,0,0,0,0,0,0,0,0,0,0,0,0,0,0,0,1,76.26,168.1,26.98742038,2,0,2
01ADL0107,256,1987,8/14/2017 10:56,8/14/2017,9,1,0,,0,,1,3,0,2,3,1,2,2,1,1,2,1,1,3,1,0,,1,2,1,2,1,3,0,,,,0,,,,1,4,3,2,1,8,8,2,5,1,1,2,2,2,2,1,4,4,2,5,4,2,1,1,3,2,1,1,3,0,,4,2,4,2,7,2,4,2,1,6,4,2,4,2,0,,,,0,,,,1,6,0,2,1,5,4,2,0,,,,1,2,4,2,5,2,7,2,1,2,2,2,0,,2,2,1,1,1,3,1,2,4,2,4,2,4,2,2,2,2,2,4,2,5,0,1,0,1,0,0,0,0,0,1,0,0,0,1,0,0,1,2,2,4,3,1,4,3,3,3,2,2,3,1,2,2,3,2,0,,1,3,1,1,1,5,3,1,1,3,2,2,2,1,2,1,2,4,2,4,2,1,4,2,4,2,3,4,2,5,5,3,5,3,1,2,1,2,1,2,0,,,,,3,1,2,1,5,3,2,3,7,2,3,1,1,1,2,3,4,1,2,1,1,3,1,1,7,2,7,3,3,3,7,2,5,2,1,1,2,1,1,2,3,3,1,2,0,,,,2,2,1,1,2,1,2,1,1,2,1,3,5,2,3,5,1,1,2,3,2,3,2,2,3,5,0,,4,2,0,,0,,2,2,1,3,2,1,1,2,1,3,1,2,0,,2,2,7,0,1,0,1,0,0,0,0,0,1,1,1,4,2,2,1,1,2,3,4,2,4,4,2,4,2,2,3,3,2,3,4,2,3,2,2,3,2,4,1,3,3,4,2,1,0,,6,3,1,0,,4,2,1,3,2,5,2,2,2,2,3,1,3,1,2,3,2,1,1,4,2,4,2,6,1,1,5,5,1,6,1,0,,,,1,2,1,5,2,1,,,1,1,1,3,1,,5,2,1,0,,0,,1,1,0,,0,,1,1,1,1,8,8,1,0,0,0,1,1,0,0,0,0,0,0,0,0,0,0,0,0,0,0,0,0,0,0,0,0,0,0,0,,,,0,,,,,,,,,,,,,,,,,,,0,0,0,0,0,0,0,0,0,0,0,0,0,0,0,0,0,0,0,0,0,0,0,0,0,0,0,0,0,0,1,5,6,2,0,0,0,0,0,0,0,0,0,0,0,0,0,0,0,1,0,64.05,175.7,20.74796999,1,2,2
01ADL0108,271,1969,8/25/2017 12:06,8/25/2017,3,2,,,,,,,,,,,,,,,,,,,,,,,,,,,,,,,,,,,,,,,,1,8,7,2,4,1,2,1,2,0,,1,1,1,2,5,1,1,1,1,1,1,1,2,1,0,,7,1,6,1,8,2,0,,1,1,1,1,0,,0,,,,1,1,1,1,1,4,2,2,1,1,1,1,0,,,,1,1,7,1,1,2,4,2,1,1,1,1,1,1,0,,0,,1,1,1,1,1,1,3,2,3,2,0,,0,,7,1,6,0,0,0,1,0,0,0,0,0,0,0,0,0,0,0,0,0,,,0,,1,7,7,1,3,2,5,1,1,1,1,3,2,1,1,1,1,1,1,1,2,1,1,1,3,2,3,1,1,1,0,,4,2,3,2,1,5,1,4,2,2,0,,,,,,,1,2,1,2,1,2,6,2,1,3,5,5,2,1,1,1,1,1,1,7,2,3,1,1,1,1,1,1,1,3,1,1,2,1,1,0,,0,,0,,0,,1,1,2,1,2,2,1,2,5,1,0,,1,1,2,5,1,2,3,0,,1,2,2,1,2,0,,0,,,1,2,1,2,2,2,1,1,1,3,3,0,,1,2,0,,0,,3,2,2,1,1,2,1,2,1,2,1,2,0,,1,2,1,0,0,0,1,0,0,0,0,0,3,2,1,1,1,2,2,1,2,2,1,2,1,1,2,0,,0,,4,2,2,4,2,1,3,2,0,,0,,0,,8,1,3,0,,8,1,1,1,2,3,2,1,0,,0,,0,,0,,1,1,1,1,5,1,1,1,0,,1,1,3,2,1,5,5,1,6,1,1,2,1,1,5,3,0,,,,,,0,,,,,,,,,3,2,0,,1,1,0,,0,,0,,1,2,4,5,1,0,0,0,0,0,0,1,0,0,0,0,0,0,0,0,0,0,0,0,0,0,0,0,0,0,0,0,1,5,1,4,1,0,,,,5,5,3,2,1,3,0,,3,6,4,0,,,0,0,1,0,0,0,0,0,0,0,0,0,0,1,0,0,1,0,0,0,0,0,1,0,0,0,0,0,0,0,2,4,6,2,0,0,0,0,0,0,0,0,0,0,0,0,0,0,0,0,1,52.55,162.3,19.94966837,1,2,2
01ADL0109,267,1958,8/22/2017 11:05,8/22/2017,2,2,1,2,1,1,5,1,1,3,2,2,4,2,,1,2,1,2,1,2,2,1,1,3,1,1,3,3,0,,,,0,,,,1,6,7,2,1,3,2,2,4,4,2,6,2,6,2,1,1,3,2,2,6,2,2,2,4,4,0,1,2,0,,0,,1,2,3,2,2,2,1,3,1,2,1,2,1,1,1,3,1,1,1,1,1,1,1,2,1,4,1,2,1,1,3,2,1,2,2,3,2,2,1,2,1,2,3,3,1,3,8,,2,3,1,5,2,2,5,2,1,2,3,2,5,2,3,2,3,2,3,1,1,0,0,0,0,0,0,0,1,1,1,0,1,0,0,0,2,2,1,1,1,1,2,2,4,3,1,1,1,6,1,6,1,1,2,6,3,2,2,4,1,1,1,1,0,,1,1,3,2,1,2,2,2,1,2,1,1,2,6,2,3,2,2,2,4,2,3,2,2,2,4,2,1,2,1,1,4,2,3,1,2,2,3,5,2,4,3,1,1,2,4,2,3,3,3,1,2,4,2,4,4,2,2,4,2,2,2,5,2,2,3,4,2,2,1,2,3,5,1,2,2,1,2,1,1,3,3,1,3,4,0,,1,1,2,1,1,1,1,1,1,2,1,1,1,2,5,2,1,3,3,3,4,2,1,2,2,4,2,6,2,2,1,2,1,1,2,2,2,3,2,2,2,2,2,3,2,2,1,0,0,0,0,0,0,0,0,1,,1,1,1,2,3,3,3,3,1,2,5,0,,1,2,5,1,2,2,2,2,2,2,5,1,0,,1,2,2,1,1,1,2,9,,1,1,3,1,2,1,2,2,1,2,1,1,4,3,2,3,2,2,6,2,2,4,1,2,1,2,1,1,5,2,2,3,2,3,3,2,3,3,2,1,3,2,1,2,2,2,1,1,1,2,1,2,2,1,2,1,1,1,1,1,3,1,2,1,3,1,4,1,4,1,3,2,3,1,1,1,0,0,0,1,0,0,0,0,0,0,0,0,0,0,0,0,0,0,0,1,1,0,0,0,0,1,2,2,1,1,1,1,1,1,1,1,2,2,2,1,0,,1,1,1,1,2,2,1,0,0,0,0,0,0,0,0,0,0,1,1,0,0,0,0,0,0,0,0,0,0,0,0,0,0,0,0,0,2,2,2,2,0,0,0,0,0,0,0,0,0,0,0,0,0,0,0,0,1,65.5,154.7,27.36910984,2,2,2
01ADL0110,269,1970,8/24/2017 11:43,8/24/2017,6,1,1,2,0,,1,2,1,1,2,1,1,2,1,0,,,0,,,0,,0,,,,,,0,,,,0,,,,0,,,,1,9,9,1,5,1,1,1,1,0,,1,1,1,2,5,1,1,1,1,5,1,1,7,1,0,,7,1,0,,9,2,1,2,1,6,3,1,3,2,1,1,0,1,1,4,4,2,1,6,6,2,1,7,7,3,0,,,,1,2,8,2,10,1,8,2,6,2,10,2,8,2,5,2,1,1,1,4,3,2,6,3,7,3,5,2,4,3,9,3,10,2,10,0,0,1,0,0,0,0,1,0,9,0,0,0,1,0,0,0,1,2,9,3,1,8,8,3,7,2,5,7,1,2,2,2,2,1,1,1,2,1,1,1,1,1,1,1,7,2,4,2,0,,3,3,7,3,6,2,5,10,,6,2,5,4,2,1,2,2,2,1,0,,2,3,4,3,1,2,4,2,5,0,,,,,,,,2,2,1,5,2,1,1,1,1,2,2,1,2,2,1,1,3,2,8,2,1,2,2,2,2,2,1,8,3,1,4,2,5,5,2,2,0,,,,1,2,1,4,2,3,2,1,2,2,1,3,1,2,1,1,1,1,2,6,2,6,2,1,3,5,1,1,4,2,0,,1,2,5,2,1,5,1,1,1,3,6,2,2,2,4,2,4,2,10,0,0,1,0,0,0,0,1,0,0,,1,4,1,2,1,3,3,3,1,2,5,0,,0,,0,,4,2,1,7,2,1,3,2,0,,10,1,5,2,0,,,1,2,0,,,0,,5,2,1,0,,3,2,0,,3,3,0,,0,,,,,,8,2,0,,6,1,1,5,5,2,0,,0,,,,2,3,0,,,,,,1,1,1,3,1,,2,1,8,6,2,0,,1,1,1,1,0,,1,1,1,1,6,6,1,0,1,0,0,0,0,0,0,0,1,0,1,0,1,0,0,0,0,0,0,0,0,0,0,0,0,0,1,5,2,2,1,0,,,,0,,,,,,0,,0,,,0,,,0,0,0,0,0,0,0,0,0,0,0,0,0,0,0,0,0,0,0,0,0,0,0,0,1,0,0,0,0,1,2,8,5,2,0,0,0,0,0,0,0,0,0,0,0,0,0,0,0,1,1,67.82,170.2,23.41200854,1,0,2
01ADL0111,258,1958,8/16/2017 12:48,8/16/2017,1,2,0,,0,,0,,,1,1,1,0,,,7,2,2,0,,,7,1,0,,,,,,0,,,,0,,,,0,,,,1,9,9,3,5,1,1,0,,0,,0,,,,,1,2,2,2,2,2,1,2,2,4,2,0,,1,3,0,,0,,1,,10,3,1,2,1,1,1,2,1,1,1,2,1,1,1,2,0,,,,0,,,,0,,10,3,10,3,7,3,1,3,0,,8,3,8,3,8,3,0,,,,6,3,7,3,1,3,7,3,7,3,0,,10,0,0,0,1,0,0,0,0,0,0,0,0,0,0,0,0,0,,,1,3,1,1,7,3,9,3,5,10,2,10,3,6,2,1,3,6,3,3,2,5,5,3,3,3,0,,10,2,1,3,0,,7,2,0,,,8,3,7,3,5,1,2,3,5,3,3,2,7,3,8,3,4,3,7,3,3,3,3,6,2,2,5,5,3,3,2,7,2,5,5,2,4,4,3,7,2,5,4,4,3,3,2,1,2,7,3,1,2,7,2,0,,,0,,,1,1,5,5,7,3,1,1,2,1,7,2,5,7,2,0,,,6,3,4,2,6,2,3,0,,7,2,7,3,7,1,1,3,1,0,,0,,0,,0,,0,,,4,1,1,0,,0,,0,,0,,0,,0,0,0,0,0,0,0,0,0,0,0,,1,8,2,3,1,1,5,5,1,2,1,6,2,1,2,3,2,7,2,5,6,2,3,4,2,7,2,0,,0,,8,1,5,7,2,7,2,5,6,2,7,2,5,1,1,6,1,1,1,1,1,0,,0,,,,,,1,1,1,1,0,,,,,,0,,5,5,1,1,4,5,1,,1,1,,,0,,,,,,,,,7,1,1,5,0,,1,5,1,5,1,5,1,5,9,9,1,0,0,0,0,0,0,0,0,1,1,0,0,0,0,0,0,0,0,0,0,0,0,0,0,0,0,0,1,5,2,4,1,0,,,,5,1,2,3,3,4,0,,5,2,4,0,,,1,0,1,0,0,0,0,1,0,0,0,0,0,0,0,0,0,0,0,0,0,0,0,0,0,0,0,0,0,1,2,7,4,2,0,0,0,0,0,0,0,0,0,0,0,0,0,0,0,0,1,119.5,162.2,45.42199504,3,4,2
01ADL0112,282,1997,9/6/2017 9:51,9/6/2017,10,2,0,,0,,6,2,1,5,2,1,2,2,2,0,,,0,,,0,,1,1,2,2,2,1,1,4,3,2,1,2,2,2,1,1,2,1,1,7,6,2,5,1,3,0,,2,3,1,5,6,2,1,7,2,1,1,4,2,1,1,1,0,,5,2,0,,6,2,3,2,1,8,3,2,6,1,1,5,2,2,1,5,2,2,1,7,4,2,1,7,4,2,1,5,0,3,6,2,3,2,5,2,1,1,0,,0,,5,2,5,2,3,1,1,3,1,2,7,2,1,2,4,2,0,,5,1,4,2,2,0,0,0,1,0,0,0,0,0,4,0,0,0,1,0,0,1,1,2,3,2,0,,,,7,2,3,7,2,4,2,2,1,0,,2,2,1,,1,5,2,1,,4,2,0,,3,3,1,2,5,1,4,2,1,3,2,6,2,1,4,2,1,2,3,5,2,4,1,4,2,0,,4,2,5,1,1,5,2,1,1,2,3,5,2,6,1,3,4,2,1,1,1,3,1,3,1,5,3,1,,3,2,6,2,2,2,6,2,0,,,0,,,4,2,4,5,2,1,3,1,2,3,2,2,2,1,1,1,2,1,1,2,0,,4,2,2,1,1,2,2,2,2,3,1,1,3,5,1,2,2,2,1,1,0,,4,2,1,3,1,1,2,2,5,2,5,2,0,,1,1,4,0,1,0,1,0,0,0,0,0,0,,1,6,3,2,2,1,2,2,5,2,5,6,2,0,,1,1,5,1,1,5,1,1,5,2,5,2,6,1,1,2,2,2,2,0,,7,2,2,5,1,6,2,2,4,1,4,1,1,2,1,1,2,2,1,2,4,1,2,1,5,1,5,2,7,1,1,5,4,1,3,1,1,1,2,1,3,1,1,5,2,1,,,1,1,1,,4,1,4,1,1,3,2,0,,1,3,1,1,0,,1,3,1,3,5,6,1,0,1,0,0,0,0,0,0,0,1,0,0,0,1,0,0,0,0,0,0,0,0,0,0,0,0,0,1,5,2,1,0,,,,,,,,,,,,,,,,,,,0,0,0,0,0,0,0,0,0,0,0,0,0,0,0,0,0,0,0,0,0,0,0,0,0,0,0,0,0,0,2,5,3,2,0,0,0,0,0,0,0,0,0,0,0,0,0,0,0,0,0,49.7,163.7,18.54637471,1,4,2
01ADL0113,270,1979,8/25/2017 10:20,8/25/2017,8,2,0,,0,,1,1,0,1,1,1,0,,,0,,,0,,,0,,1,0,1,1,5,1,0,,,,0,,,,1,2,2,2,1,9,9,2,5,1,5,4,2,1,2,1,1,1,2,5,0,,,,,,,,,0,,5,2,1,2,8,2,4,2,1,7,1,2,4,3,1,3,0,2,1,6,0,2,1,6,0,3,1,6,0,3,1,4,1,3,2,3,7,2,1,2,3,3,4,2,6,2,4,2,2,2,1,2,1,7,0,2,3,2,5,3,8,3,1,2,1,1,7,2,8,0,1,0,1,0,0,0,1,0,4,0,1,0,0,0,0,0,,,4,3,1,7,6,3,7,3,5,6,1,1,2,4,2,1,1,4,2,3,1,1,3,1,1,1,6,2,2,1,1,1,4,2,7,2,3,2,3,5,2,4,2,1,0,,,,,,,1,2,1,1,1,1,4,2,5,1,1,1,1,2,1,1,1,5,2,4,2,1,1,,1,1,1,4,1,1,1,3,3,1,1,4,2,6,2,0,,4,3,3,3,2,4,3,1,2,2,4,2,3,2,2,2,2,5,5,2,3,4,2,1,1,1,2,2,1,2,3,2,3,2,2,2,2,4,2,3,2,1,3,3,0,,3,2,1,2,1,1,2,2,1,2,2,1,0,,2,2,3,2,0,,2,2,7,0,1,0,1,0,0,0,1,0,2,2,1,4,1,2,3,1,2,2,1,2,4,4,2,1,2,1,2,1,1,1,3,1,1,1,2,1,1,4,1,4,2,7,2,5,0,,8,2,1,1,1,2,2,1,2,1,2,1,1,1,1,1,1,2,1,1,4,1,2,1,4,1,1,1,4,2,1,5,5,1,7,1,2,1,1,,5,5,0,,,,,,0,,,,,,,,,4,2,0,,1,1,1,1,1,3,1,1,1,1,7,6,1,0,0,0,0,0,0,1,0,0,1,0,1,0,1,0,0,0,0,0,0,0,0,0,0,0,0,0,1,4,2,4,1,0,,,,3,5,3,2,3,3,0,,4,3,4,0,,,0,0,1,0,0,1,0,0,0,0,0,0,0,0,0,0,0,0,0,0,0,0,0,0,0,0,0,0,0,1,1,1,5,2,0,0,0,0,0,0,0,0,0,0,0,0,0,0,0,0,0,80.8,165.8,29.39289129,2,4,2
01ADL0114,266,1990,8/22/2017 10:00,8/22/2017,3,1,3,2,4,1,5,1,1,5,3,1,0,,,0,,,0,,,1,1,1,2,1,2,1,1,1,3,3,2,0,,,,1,4,4,2,1,7,7,2,4,1,1,3,2,3,2,1,6,5,1,4,1,2,1,1,5,1,1,1,2,0,,5,2,1,2,7,2,5,2,1,5,5,2,3,1,1,3,3,2,1,3,2,2,1,1,7,2,1,1,1,1,1,1,1,2,6,2,8,3,7,2,7,2,2,2,2,2,5,3,3,2,3,1,1,2,3,1,5,2,3,2,3,1,3,2,7,2,7,2,7,0,1,0,1,0,1,0,0,0,0,0,0,0,0,0,0,0,,,5,2,1,6,6,2,6,3,5,6,2,4,2,4,2,1,2,2,2,1,1,1,5,2,1,1,6,2,5,2,1,3,1,3,6,2,7,2,3,8,2,7,2,1,2,2,1,3,1,5,3,1,3,2,3,0,,5,2,3,3,1,3,1,2,1,3,3,3,3,6,2,3,3,2,1,1,2,7,3,3,1,1,3,1,1,4,2,6,3,2,2,4,2,0,,,4,2,1,2,2,5,2,1,1,3,2,2,5,0,,,0,,2,2,1,0,,1,1,3,2,4,1,1,2,2,2,3,2,2,3,3,3,0,,3,2,1,2,0,,1,1,1,4,1,1,2,2,4,2,6,2,0,,6,2,6,0,1,0,1,0,1,0,0,0,5,2,1,5,5,2,3,2,2,2,4,3,5,5,2,2,3,2,2,6,2,1,6,2,1,1,2,1,2,6,2,7,2,5,2,3,0,,7,2,1,0,,4,3,1,1,1,3,2,2,2,3,2,1,2,1,2,5,1,1,1,7,1,3,3,5,2,1,5,3,1,1,3,4,3,1,1,4,3,1,2,1,1,,,0,,,,,,,,,4,1,0,,1,1,1,1,1,1,1,1,1,5,7,7,1,0,0,0,0,0,0,0,1,0,1,0,1,0,1,0,0,0,0,0,0,0,0,0,0,0,0,0,0,,,,0,,,,,,,,,,,,,,,,,,,0,0,0,0,0,0,0,0,0,0,0,0,0,0,0,0,0,0,0,0,0,0,0,0,0,0,0,0,0,0,1,3,3,2,0,0,0,0,0,0,0,0,0,0,0,0,0,0,0,1,0,66.5,181.7,20.14242664,1,1,2
01ADL0115,274,1962,8/29/2017 10:47,8/29/2017,3,1,1,2,1,2,2,2,0,1,2,1,0,,,0,,,0,,,0,,1,1,0,1,1,5,0,,,,0,,,,1,1,1,1,1,7,7,1,5,1,5,6,2,1,1,1,1,2,2,1,0,,,,,,,,,2,2,6,2,2,1,1,2,1,1,1,7,0,2,2,2,0,,,,1,1,1,3,1,1,1,2,1,4,4,2,0,,,,1,2,6,2,6,2,3,3,2,3,7,2,7,2,4,3,3,3,1,1,1,2,5,3,1,3,3,2,4,3,9,3,10,2,9,0,0,0,1,0,0,0,1,0,6,0,0,0,0,0,0,1,,,7,2,1,9,8,3,9,3,5,9,2,1,2,1,2,1,3,1,2,1,,1,1,,1,,5,2,3,2,0,,0,,7,2,6,2,3,10,3,7,2,4,3,2,1,1,,5,2,1,2,0,,0,,4,2,1,4,5,0,,,,,,,,1,2,1,3,2,1,1,,1,1,1,1,1,,1,,0,,4,3,0,,0,,0,,,0,,,4,2,5,5,0,,0,,,,0,,,0,,0,,,0,,0,,0,,,0,,0,,0,,0,,,,,0,,0,,0,,0,,0,,,0,,,4,2,3,2,6,2,1,2,7,2,8,0,0,0,1,0,0,0,1,0,8,3,1,4,4,3,2,1,4,4,2,2,1,6,2,3,2,0,,1,2,2,6,2,1,6,3,0,,9,3,1,2,1,2,2,0,,4,3,1,3,2,3,2,1,1,2,7,1,0,,0,,1,2,1,1,5,1,1,1,8,1,0,,7,1,1,5,3,1,1,1,0,,,,7,1,0,,,,,,1,5,2,3,1,,1,,,1,2,0,,0,,1,1,0,,0,,1,1,6,3,1,0,0,0,0,0,0,0,1,0,0,0,1,1,1,0,0,0,0,0,0,0,1,1,1,0,0,0,0,,,,1,2,2,1,2,0,,,,,,0,,2,3,4,0,,,0,0,0,0,0,0,0,0,0,0,1,0,0,0,0,0,0,0,0,0,0,0,0,0,0,0,0,0,0,1,3,7,7,2,0,0,0,0,0,0,0,0,0,0,0,0,0,0,0,1,1,64.2,169.1,22.45162671,1,4,2
01ADL0116,276,1963,8/29/2017 11:12,8/29/2017,10,1,0,,1,1,1,1,1,1,1,1,1,1,1,0,,,0,,,0,,1,1,0,2,1,1,0,,,,0,,,,1,0,1,2,1,4,4,1,5,1,5,7,2,1,2,1,5,5,1,1,0,,,,,,,,,1,1,2,2,1,2,1,2,2,2,1,1,1,2,1,1,,,,,1,1,1,2,1,1,1,1,1,2,1,2,0,,,,1,3,1,2,5,2,1,2,1,2,2,1,7,2,2,2,2,1,1,0,1,1,7,2,2,2,2,2,2,3,7,3,9,3,7,0,0,0,1,0,0,0,1,0,6,0,0,0,0,0,0,1,,,7,2,1,8,7,3,7,3,3,7,2,1,3,1,1,1,2,2,3,1,,1,1,,1,,6,2,1,2,1,2,1,2,7,2,6,2,5,8,2,4,2,4,2,2,1,2,3,5,2,1,2,0,,1,1,4,2,1,5,5,1,3,2,1,2,3,1,2,1,2,3,5,2,1,1,1,1,2,4,1,2,3,1,,4,2,1,2,1,2,0,,0,,,1,3,1,2,2,5,5,0,,0,,,,1,2,4,1,2,1,2,1,1,2,0,,1,2,3,2,2,0,,3,2,3,3,4,4,5,0,,2,2,2,2,1,1,1,3,1,1,2,1,2,1,1,3,4,2,0,,3,1,4,0,0,0,1,0,0,0,1,0,5,2,1,1,1,2,2,1,4,3,1,2,2,4,2,2,2,1,3,1,1,1,3,1,2,0,,0,,8,2,0,,1,2,2,0,,6,2,1,0,,2,2,1,1,3,7,1,1,2,1,2,1,2,1,1,5,1,1,1,7,1,0,,7,2,5,5,5,1,7,1,0,,,,1,3,0,,,,,,0,,,,,,,,,2,2,0,,1,1,1,1,1,1,1,1,1,1,3,2,1,0,0,0,0,0,0,0,1,0,0,0,1,1,0,0,0,0,0,0,0,0,0,0,0,0,0,0,0,,,,1,0,,,,0,,,,,,0,,1,2,4,0,,,0,0,1,0,0,0,0,0,0,0,0,0,0,0,0,0,0,0,0,0,0,0,0,0,0,0,0,0,0,1,2,,5,2,0,0,0,0,0,0,0,0,0,0,0,0,0,0,0,1,1,80.75,181.01,24.64548643,1,2,2
01ADL0117,289,1989,9/14/2017 10:58,9/14/2017,2,2,0,,1,2,1,2,1,2,2,1,1,2,1,1,2,2,0,,,1,2,1,2,1,2,1,3,0,,,,0,,,,1,1,1,1,1,9,9,2,4,1,2,1,1,1,1,1,1,1,2,1,1,2,1,1,1,5,1,2,3,0,,1,2,3,2,7,2,1,3,1,7,6,2,0,,0,,,,1,6,6,3,1,7,1,2,1,7,7,2,1,6,6,3,2,3,1,3,6,1,2,2,1,1,1,1,1,3,1,1,1,1,1,1,1,2,9,2,1,1,1,2,1,1,2,2,1,2,10,0,1,1,1,0,1,0,1,0,3,0,0,0,1,1,0,0,2,2,2,2,1,1,1,2,3,2,3,1,2,1,2,4,3,1,3,1,2,1,1,1,4,3,3,2,3,3,2,2,7,3,0,,3,3,1,2,2,0,,10,3,1,2,2,1,5,3,5,2,3,2,1,2,1,1,1,2,3,3,4,2,2,2,1,3,3,1,3,5,2,4,1,1,1,2,2,2,1,4,1,2,2,2,2,1,2,1,2,5,2,5,2,1,2,1,1,2,1,2,3,2,4,0,,1,3,2,3,1,2,1,1,2,1,2,1,1,2,1,2,5,2,1,1,2,0,,3,2,4,3,3,2,3,1,2,2,2,3,2,0,,9,2,1,3,2,1,1,3,1,3,5,2,0,,5,2,3,0,1,0,0,0,1,0,1,0,5,2,1,6,5,3,1,2,1,4,1,2,4,6,3,1,2,1,2,5,2,1,5,2,1,1,1,9,2,0,,1,2,2,2,1,0,,5,3,1,5,2,6,1,1,1,3,6,2,4,2,1,2,1,3,1,2,3,1,3,1,4,2,4,2,6,3,1,5,5,2,2,1,3,1,2,1,7,1,0,,,,,,0,,,,,,,,,6,3,0,,1,1,1,1,1,1,1,1,1,1,5,6,1,0,0,0,0,0,1,0,0,0,1,0,0,0,1,0,0,0,0,0,0,0,1,1,1,1,1,1,0,,,,0,,,,,,,,,,,,,,,,,,,0,0,0,0,0,0,0,0,0,0,0,0,0,0,0,0,0,0,0,0,0,0,0,0,0,0,0,0,0,0,2,2,3,2,0,0,0,0,0,0,0,0,0,0,0,0,0,0,0,0,0,110.61,173.7,36.66019371,3,0,2
01ADL0118,277,1969,8/30/2017 11:33,8/30/2017,12,1,0,,1,2,1,2,0,1,2,1,0,,,0,,,0,,,0,,0,,,,,,0,,,,0,,,,1,2,2,2,1,9,9,1,5,1,1,1,2,2,2,1,4,4,2,1,4,2,1,2,4,1,1,6,1,0,,4,2,2,2,5,2,5,3,1,6,0,2,3,2,1,4,1,2,1,4,1,2,1,4,1,2,1,4,2,2,1,4,0,3,1,2,5,2,7,3,4,2,1,2,4,2,3,3,3,3,2,2,1,4,2,2,4,3,3,3,3,2,2,2,0,,4,2,7,0,1,1,1,1,1,0,1,0,5,0,1,0,1,0,0,1,1,1,5,2,1,7,5,2,4,3,4,1,1,2,1,4,2,1,1,3,2,1,1,1,3,1,1,1,4,2,4,2,1,2,1,2,6,1,6,1,4,7,1,7,2,1,1,2,1,5,3,2,1,1,2,1,2,1,1,2,2,,,,2,2,1,1,3,3,3,2,4,2,3,3,1,1,1,1,6,2,1,1,1,1,1,1,4,1,3,2,1,2,3,2,1,2,1,1,2,1,1,2,3,4,3,2,4,1,2,4,1,2,3,3,2,2,2,1,4,2,1,2,1,2,2,3,1,1,2,2,2,3,1,1,3,4,1,2,5,1,2,1,1,1,4,2,1,2,1,1,2,2,2,2,2,2,1,1,1,2,5,0,1,1,1,1,1,1,1,0,5,2,1,5,5,2,2,1,3,4,1,2,3,1,2,1,2,1,1,4,2,1,5,2,1,2,2,0,,6,2,1,2,4,2,1,0,,4,3,1,1,2,5,3,1,1,1,2,2,3,2,3,2,1,2,3,2,3,2,1,1,3,2,3,2,4,2,1,5,4,1,6,1,0,,,,6,2,0,,,,,,0,,,,,,,,,5,2,0,,1,1,1,1,1,1,1,1,1,1,6,4,1,0,0,0,0,0,0,0,0,0,0,0,1,0,0,0,0,0,0,0,0,0,0,0,0,0,0,0,0,,,,0,,,,,,,,,,,,,,,,,,,0,0,0,0,0,0,0,0,0,0,0,0,0,0,0,0,0,0,0,0,0,0,0,0,0,0,0,0,0,0,2,3,2,2,0,0,0,0,0,0,0,0,0,0,0,0,0,0,0,1,1,65.15,179.7,20.17521938,1,0,2
01ADL0119,291,1988,9/15/2017 11:29,9/15/2017,10,2,0,,2,1,1,1,1,1,1,1,0,,,0,,,0,,,0,,0,,,,,,0,,,,0,,,,0,,,,1,9,9,3,3,1,2,0,,0,,1,1,1,2,1,1,1,2,3,3,2,1,3,1,0,,5,2,0,,7,2,0,,1,4,4,2,4,2,0,,,,1,8,5,3,1,10,7,2,1,3,2,2,0,,,,0,,4,2,7,3,8,3,7,2,4,2,7,2,6,3,4,2,1,4,4,2,6,2,0,,0,,4,2,8,3,10,2,4,0,0,0,0,0,0,0,0,1,0,0,0,0,0,0,0,0,,,4,2,1,5,4,2,,,,0,,2,2,1,2,1,2,0,,,,,,,,,7,3,0,,1,1,0,,4,1,3,2,3,4,2,3,2,3,1,1,3,1,1,1,1,0,,2,2,2,2,2,2,,,,2,2,1,1,1,1,1,1,1,2,3,2,1,1,1,1,7,2,4,1,1,1,1,1,0,,0,,3,2,4,2,0,,,0,,,0,,,,3,2,3,1,1,2,1,1,2,2,2,0,,,1,2,0,,2,2,,0,,2,1,2,2,2,1,3,4,1,0,,0,,2,1,0,,0,,,0,,,2,1,1,2,0,,2,2,2,2,0,0,0,0,0,0,0,0,0,0,0,,1,4,2,2,4,1,4,3,1,2,1,0,,0,,0,,1,1,2,0,,,1,2,0,,7,2,6,3,7,2,3,0,,0,,,5,2,3,3,2,0,,2,1,3,2,0,,0,,0,,,,,,0,,4,2,5,1,2,2,1,1,0,,0,,,,5,3,0,,,,,,0,,,,,,,,,3,2,0,,0,,0,,0,,0,,1,2,2,2,0,0,0,0,0,0,0,0,0,0,0,0,0,0,0,0,0,0,0,0,0,1,0,0,0,0,0,0,0,,,,0,,,,,,,,,,,,,,,,,,,0,0,0,0,0,0,0,0,0,0,0,0,0,0,0,0,0,0,0,0,0,0,0,0,0,0,0,0,0,0,1,5,6,2,0,0,0,0,0,0,0,0,0,0,0,0,0,0,0,0,0,70.45,152.7,30.21363117,3,2,2
01ADL0120,287,1958,9/12/2017 14:38,9/12/2017,11,1,0,,1,2,1,2,0,0,,,0,,,4,2,2,0,,,0,,1,2,1,2,1,1,0,,,,0,,,,1,6,6,2,1,8,8,2,5,1,1,1,2,0,,0,,,,,4,2,1,1,5,5,1,2,1,0,,1,2,4,2,3,2,1,2,1,6,4,2,0,,0,,,,0,,,,1,8,1,2,1,6,4,2,0,,,,0,,4,2,4,2,5,2,3,2,3,2,7,2,2,3,1,1,1,7,1,2,5,3,4,3,3,3,1,2,7,3,4,2,6,0,0,0,1,0,0,0,1,0,0,0,0,0,0,0,0,0,,,4,2,1,7,4,2,6,3,5,6,1,1,2,4,2,3,2,3,2,1,1,1,1,1,2,2,4,2,4,2,1,2,1,3,4,2,4,2,4,8,3,5,2,2,3,2,1,5,3,5,2,2,2,1,1,2,2,4,2,1,2,1,4,3,2,1,1,1,1,1,5,2,1,3,2,1,1,1,8,2,1,1,1,2,1,1,5,2,5,2,1,3,0,,1,2,1,4,3,1,1,2,5,5,1,2,3,3,2,4,0,,,1,2,0,,,1,2,2,3,1,3,1,0,,4,2,2,2,4,2,1,4,1,0,,4,2,1,1,0,,2,2,1,4,2,1,1,2,2,3,4,3,1,3,3,2,5,0,1,0,1,0,0,0,1,0,7,3,1,3,3,2,1,1,2,4,4,2,2,1,2,2,2,2,2,4,2,1,5,2,1,4,2,4,1,9,2,1,2,1,2,1,1,2,8,3,1,0,,6,1,1,2,2,4,1,5,2,4,2,1,1,3,2,5,1,1,1,6,1,0,,5,2,1,5,5,1,6,1,0,,,,2,2,1,1,1,1,,,1,1,1,1,1,,5,1,2,0,,1,5,1,1,1,1,1,1,1,1,1,1,5,3,0,0,0,0,0,0,0,0,1,0,0,0,1,0,1,0,0,0,0,0,0,0,0,0,0,0,0,0,0,,,,1,0,,,,0,,,,,,0,,1,2,2,0,,,0,0,0,0,0,0,0,0,0,0,0,0,0,0,0,0,0,0,0,0,0,0,0,0,0,0,0,0,0,0,2,7,5,2,0,0,0,0,0,0,0,0,0,0,0,0,0,0,0,1,1,76.15,169.8,26.41158933,2,2,2
01ADL0121,285,1978,9/11/2017 10:21,9/11/2017,6,2,0,,0,,1,1,0,1,1,1,0,,,2,2,1,0,,,0,,1,2,2,1,3,1,0,,,,0,,,,1,2,1,1,1,8,8,1,5,1,2,1,1,1,1,1,6,6,2,5,0,,,,,,,,,0,,3,1,0,,4,1,0,,1,5,0,1,3,1,1,3,0,1,1,1,1,1,1,5,5,1,1,5,5,2,0,,,,0,,4,1,9,1,6,1,0,,0,,4,1,1,2,2,2,1,3,1,1,5,2,3,1,0,,1,2,0,,6,1,0,0,0,0,0,0,0,0,0,0,0,0,0,0,0,0,0,0,,,5,2,1,9,9,2,9,2,4,0,,0,,3,2,1,2,1,1,1,1,1,2,1,2,1,6,2,3,1,1,2,1,2,4,2,8,2,2,9,2,7,2,2,5,2,1,5,2,5,2,2,2,2,2,0,,2,2,,,,1,1,2,1,3,2,2,2,6,2,1,1,1,1,1,1,2,2,2,1,2,2,1,1,2,1,1,1,0,,4,2,0,,,0,,,1,2,5,2,4,2,1,1,2,5,1,2,5,0,,0,,,0,,0,,0,,,0,,1,2,3,2,6,2,1,4,5,0,,0,,1,2,0,,0,,,1,2,3,1,2,2,2,5,2,0,,3,2,3,0,0,0,1,0,0,0,0,0,1,2,1,4,3,2,1,2,2,1,4,2,3,0,,0,,0,,1,2,1,1,2,1,1,2,1,2,1,2,3,2,6,2,1,0,,9,2,1,0,,6,2,1,1,2,4,2,0,,5,2,0,,1,2,4,1,2,1,4,2,3,2,7,2,1,5,1,1,4,1,0,,,,1,1,1,5,2,1,,,1,1,1,1,4,2,4,2,1,9,2,0,,1,1,0,,1,1,1,1,0,,4,3,1,0,0,0,1,0,0,0,0,0,0,0,0,0,0,0,0,0,0,0,0,0,1,1,0,0,0,0,0,,,,0,,,,,,,,,,,,,,,,,,,0,0,0,0,0,0,0,0,0,0,0,0,0,0,0,0,0,0,0,0,0,0,0,0,0,0,0,0,0,0,2,8,9,2,0,0,0,0,0,0,0,0,0,0,0,0,0,0,0,0,0,61.35,166.4,22.15684518,1,2,2
01ADL0122,275,1999,8/29/2017 10:53,8/29/2017,7,2,0,,1,1,0,,,0,,,0,,,0,,,0,,,0,,0,,,,,,0,,,,0,,,,1,1,2,2,1,9,9,2,3,1,2,1,1,2,2,1,1,1,1,1,0,,,,,,,,,6,2,9,2,2,2,9,2,7,2,1,2,0,1,1,2,0,,,,1,1,0,2,1,8,4,2,1,6,1,2,0,,,,1,1,9,2,6,1,7,1,4,1,1,1,9,2,1,1,0,,0,,,,5,1,5,2,2,1,4,2,9,2,9,2,10,0,1,0,1,0,0,0,1,0,0,0,0,0,0,0,0,0,,,6,2,1,7,6,2,9,3,5,9,1,6,2,1,1,0,,1,1,1,1,1,1,1,1,1,5,1,1,1,1,1,1,1,1,2,1,1,2,7,2,1,1,2,2,2,3,1,1,1,1,0,,0,,0,,1,2,1,5,2,0,,,,,,,,0,,,,,,,,0,,,,,,,,0,,0,,0,,0,,0,,,0,,,0,,,,0,,0,,,,0,,,0,,0,,,0,,0,,0,,,0,,0,,0,,0,,,,,0,,0,,1,1,0,,7,2,4,6,1,3,0,,0,,0,,0,,0,,0,0,0,0,0,0,0,0,0,0,1,2,1,7,6,2,1,1,5,2,1,2,2,0,,1,2,1,2,1,3,1,0,,,1,3,0,,9,2,10,2,6,1,2,0,,0,,,2,2,2,3,1,1,2,1,2,0,,0,,0,,1,2,4,1,2,1,1,2,0,,5,2,1,1,1,1,7,1,2,5,1,1,8,5,0,,,,,,0,,,,,,,,,1,1,0,,1,1,0,,0,,0,,0,,7,8,1,0,0,0,0,0,0,0,1,0,1,0,0,0,0,1,0,0,0,0,0,0,1,0,0,1,0,1,1,5,2,2,1,0,,,,0,,,,,,0,,2,2,4,0,,,0,0,1,0,0,1,0,0,0,1,0,1,0,0,0,0,1,0,0,0,0,0,0,0,1,0,0,0,0,0,2,3,4,2,0,0,0,0,0,0,0,0,0,0,0,0,0,0,0,0,0,61.15,171.2,20.86358525,1,4,2
01ADL0123,292,1982,9/15/2017 16:57,9/15/2017,7,2,0,,0,,2,2,5,1,2,1,1,2,5,0,,,0,,,0,,1,1,1,2,5,1,1,1,1,2,0,,,,1,1,0,3,1,9,9,3,2,2,5,1,3,0,,1,4,4,2,1,4,2,2,2,2,5,1,4,2,4,2,4,2,4,3,6,2,3,3,1,4,1,3,4,2,1,9,4,2,1,4,4,3,1,7,7,3,1,7,7,3,1,3,3,3,4,3,6,3,7,3,3,3,1,2,1,3,3,2,7,3,1,2,1,1,4,,,,4,3,3,3,3,3,4,3,6,3,4,0,1,1,1,0,0,1,0,0,0,0,0,0,0,0,0,0,,,3,3,1,4,7,3,7,3,5,7,2,4,3,5,3,1,2,4,3,5,3,2,2,1,1,1,1,3,1,2,1,3,1,3,1,2,2,3,1,6,3,1,2,1,1,2,1,1,1,5,2,1,1,1,3,1,2,1,2,2,2,2,1,3,3,1,1,1,2,3,1,2,2,5,1,1,1,1,1,1,5,1,1,1,1,1,1,3,2,3,1,3,2,3,1,3,1,0,,,7,3,5,1,6,3,1,3,2,5,0,,,1,3,1,2,5,0,,0,,1,3,1,1,2,1,3,0,,1,3,5,5,5,0,,0,,0,,0,,1,2,5,1,2,1,1,,1,3,4,3,0,,4,3,0,0,0,0,0,0,0,0,0,0,0,,1,1,4,3,2,2,2,2,1,3,5,1,2,1,2,1,3,1,2,5,1,3,5,1,3,1,3,1,3,8,3,2,2,5,1,3,4,3,5,2,3,2,3,5,2,3,2,3,0,,2,3,1,3,1,3,2,2,2,2,2,3,0,,2,3,1,5,1,1,5,1,1,2,1,2,1,1,0,,,,,,1,5,3,2,5,3,1,,,0,,0,,1,1,1,1,1,5,1,2,1,5,7,8,0,0,0,0,0,0,0,0,0,0,0,0,0,0,0,0,0,0,0,0,0,1,,0,0,0,0,0,0,,,,0,,,,,,,,,,,,,,,,,,,0,0,0,0,0,0,0,0,0,0,0,0,0,0,0,0,0,0,0,0,0,0,0,0,0,0,0,0,0,0,1,2,9,2,0,0,0,0,0,0,0,0,0,0,0,0,0,0,0,0,0,128.65,169.6,44.72579766,3,1,2
01ADL0124,280,1996,9/5/2017 10:13,9/5/2017,5,1,1,3,2,3,0,,,0,,,0,,,7,3,1,1,2,1,5,2,0,,,,,,0,,,,0,,,,0,,,,1,9,9,2,2,1,4,0,,0,,1,5,3,2,5,0,,,,,,,,,0,,4,2,1,3,8,2,2,2,1,8,0,1,4,2,1,5,1,3,1,5,1,3,1,4,1,2,1,4,3,2,0,,,,4,3,4,3,9,3,9,3,0,,2,2,6,2,4,3,3,3,1,4,1,3,8,3,7,2,1,2,7,3,7,3,9,3,9,0,1,0,1,0,0,0,0,0,8,0,1,0,0,0,0,0,2,,2,3,1,9,8,3,9,2,5,7,1,3,2,1,3,0,,1,1,4,2,5,5,2,4,2,4,3,1,2,1,3,2,2,5,3,8,3,2,9,3,2,1,1,1,3,5,5,3,1,1,1,2,0,,0,,1,2,5,1,2,0,,,,,,,,1,2,3,5,2,2,2,2,4,1,1,5,5,3,1,,0,,8,3,2,3,1,3,0,,,7,3,1,7,3,5,3,6,3,4,3,3,5,1,3,3,2,3,1,2,1,3,2,4,3,3,3,4,2,2,7,3,8,3,8,3,1,4,2,0,,2,2,1,2,0,,4,3,5,5,2,4,1,3,3,3,4,3,0,,4,3,9,0,1,0,1,0,1,1,0,0,0,,1,6,2,2,2,1,2,5,4,3,5,0,,0,,1,3,1,2,1,3,2,1,1,3,1,2,7,3,0,,4,2,4,0,,8,3,1,1,1,0,,,0,,2,2,1,2,1,2,0,,1,2,3,2,2,1,1,1,1,1,8,3,1,5,5,1,0,,1,3,1,,1,4,0,,,,,,1,1,,,,,2,3,1,0,,0,,1,1,1,3,1,1,1,3,1,1,6,4,0,0,0,0,0,0,0,0,0,0,0,0,0,0,0,0,0,0,0,0,0,1,0,0,0,0,0,0,0,,,,1,2,2,1,3,1,5,2,3,3,2,0,,1,6,4,1,5,2,1,0,0,0,0,1,0,0,0,0,1,1,0,0,0,0,1,0,0,0,0,0,0,0,0,0,0,0,0,0,1,5,7,2,0,0,0,0,0,0,0,0,0,0,0,0,0,0,0,1,0,74.8,172.9,25.02140032,1,2,2
01ADL0125,273,1994,8/28/2017 14:35,8/28/2017,11,2,0,,0,,1,3,1,1,2,1,2,2,1,0,,,1,2,1,0,,1,1,1,2,1,2,0,,,,0,,,,1,2,1,2,1,8,8,1,3,1,3,2,2,2,3,1,1,1,2,4,1,2,1,1,3,3,1,7,2,1,2,4,2,3,2,4,2,0,,1,4,3,2,1,2,1,1,0,2,1,1,0,2,1,1,1,2,1,2,1,3,0,,,,1,2,1,2,6,2,6,2,1,2,1,2,2,3,6,2,0,,1,3,3,2,5,2,1,2,0,,1,1,3,2,3,2,7,1,1,0,1,0,0,0,0,0,3,0,1,0,0,0,1,0,2,2,1,1,1,1,2,2,3,2,4,3,2,1,2,3,3,0,,2,2,1,1,5,5,1,2,2,3,2,3,2,1,2,0,,4,2,4,2,2,0,,4,2,2,2,2,3,3,2,5,2,2,2,1,2,1,2,2,2,,,,1,4,2,3,3,3,3,2,3,2,2,1,1,1,1,1,1,2,2,3,3,3,1,1,0,,0,,1,2,0,,1,2,1,0,,,0,,,,2,2,1,1,2,5,1,2,4,2,2,1,2,1,2,2,1,2,1,2,3,1,2,1,2,3,2,2,1,2,3,3,1,2,1,2,1,1,0,,1,2,1,1,2,1,1,2,1,2,1,2,1,2,3,2,3,0,0,0,0,1,0,0,0,0,0,,1,2,1,2,1,1,3,2,4,3,4,1,2,1,2,1,2,1,2,3,2,2,1,4,2,1,2,3,1,7,2,4,2,4,0,,8,2,3,2,2,2,2,2,2,2,2,2,2,2,0,,1,2,1,2,4,2,4,2,3,1,1,2,5,1,2,4,1,1,0,,1,3,3,1,1,3,1,3,2,1,,,0,,,,,,,,,1,2,1,3,1,3,0,,0,,1,3,1,4,6,5,1,0,0,0,0,0,0,1,0,0,0,0,0,0,0,0,0,0,0,1,0,0,0,0,0,0,0,0,1,1,2,1,0,,,,,,,,,,,,,,,,,,,0,0,0,0,0,0,0,0,0,0,0,0,0,0,0,0,0,0,0,0,0,0,0,0,0,0,0,0,0,0,2,3,6,2,0,0,0,0,0,0,0,0,0,0,0,0,0,0,0,0,0,101.3,165.8,36.85024613,3,1,2
01ADL0126,278,1998,8/31/2017 11:05,8/31/2017,2,1,0,,0,,2,2,3,4,2,1,0,,,2,2,2,0,,,0,,1,2,4,2,1,1,1,0,2,2,1,0,2,2,1,0,3,3,1,8,8,3,5,1,3,0,,2,3,1,1,1,2,1,5,2,1,1,2,3,1,2,2,0,,5,2,4,2,5,2,0,,0,,,,4,2,0,,,,1,4,4,2,1,4,4,2,1,1,1,2,0,,,,4,3,4,2,1,2,7,3,0,,0,,1,3,1,2,4,3,1,1,1,2,3,3,0,,1,2,1,2,4,2,1,1,7,0,0,0,1,1,0,0,0,0,0,0,0,0,0,0,0,0,,,4,2,1,7,7,2,7,3,3,7,1,0,,5,2,0,,2,2,1,1,1,1,1,2,1,1,1,1,1,0,,0,,7,2,4,2,1,7,3,8,2,1,1,2,1,1,1,5,2,1,2,0,,1,2,2,2,,,,6,2,2,1,1,1,5,2,7,2,5,3,2,1,1,1,1,2,5,1,2,2,1,1,0,,2,2,1,2,7,3,0,,,1,2,3,3,3,4,5,0,,4,1,2,3,4,2,5,1,2,6,2,1,0,,0,,4,2,3,0,,0,,7,2,4,3,2,5,3,1,2,0,,0,,0,,2,2,1,4,1,1,2,2,4,2,0,,0,,4,3,4,0,0,0,1,0,0,0,1,0,1,1,,,,,,,,,4,2,5,0,,0,,0,,4,2,1,4,2,1,1,2,0,,5,3,1,2,4,2,3,0,,4,2,5,2,2,3,2,1,0,,0,,3,2,1,2,0,,1,1,3,1,3,1,2,2,1,2,7,3,2,4,3,1,3,1,2,4,1,1,2,5,1,3,2,1,,,1,2,2,4,1,,5,3,2,1,1,0,,1,4,1,2,1,2,1,4,1,1,6,3,0,0,0,0,0,0,0,0,0,1,0,1,0,0,0,0,0,0,0,0,0,0,0,0,0,0,0,0,0,,,,0,,,,,,,,,,,,,,,,,,,0,0,0,0,0,0,0,0,0,0,0,0,0,0,0,0,0,0,0,0,0,0,0,0,0,0,0,0,0,0,1,,3,2,0,0,0,0,0,0,0,0,0,0,0,0,0,0,0,1,0,86.75,179.1,27.04445984,2,2,2
01ADL0127,279,1967,9/5/2017 11:48,9/5/2017,7,2,2,3,3,3,2,3,2,3,3,3,3,3,1,3,3,2,0,,,1,,1,2,2,2,1,1,0,,,,0,,,,0,,,,1,8,7,1,4,1,5,0,,0,,1,4,4,3,1,4,2,4,3,4,3,1,2,2,0,,6,2,0,,4,2,5,2,1,4,4,2,4,2,0,,,,1,4,4,2,1,4,4,2,1,4,4,2,0,,,,4,2,4,2,4,2,4,2,4,2,4,2,3,1,4,2,3,2,1,4,4,3,3,2,1,2,2,2,,,6,2,6,2,4,0,0,0,0,1,0,0,0,0,2,0,0,0,1,0,0,0,2,2,2,2,,,,,3,2,4,4,2,2,2,2,2,0,,4,2,3,1,1,,1,1,1,7,2,2,1,2,,0,,7,2,7,2,3,7,2,4,2,3,2,2,3,3,2,4,2,2,2,1,2,3,,4,2,1,1,1,4,4,1,1,1,1,5,2,4,2,4,4,2,3,3,,0,,,,,,,,4,1,2,2,0,,5,2,4,2,3,0,,,3,2,4,3,3,2,1,1,2,3,2,2,3,0,,0,,,0,,0,,0,,,2,2,2,2,,,1,2,3,3,1,1,2,0,,1,2,0,,1,2,2,0,,,0,,1,2,3,2,2,2,2,3,0,0,0,0,0,0,0,0,0,0,1,2,1,4,2,2,3,3,3,3,1,2,2,6,2,2,2,1,2,4,2,4,7,2,3,2,2,0,,9,2,0,,6,2,4,2,,6,2,5,1,2,1,2,4,2,2,4,2,4,2,4,2,0,,0,,,,,,3,2,3,2,7,2,1,5,5,1,5,1,0,,,,2,2,1,4,2,1,,,0,,,,,,,,,7,2,0,,0,,1,1,0,,1,1,1,4,3,4,1,0,0,1,0,0,1,1,1,1,1,0,0,0,1,1,1,0,0,0,0,0,0,0,0,0,0,0,0,,,,0,,,,,,,,,,,,,,,,,,,0,0,0,0,0,0,0,0,0,0,0,0,0,0,0,0,0,0,0,0,0,0,0,0,0,0,0,0,0,0,2,6,6,2,0,0,0,0,0,0,0,0,0,0,0,0,0,0,0,0,1,75.75,158.5,30.15255401,3,2,2
01ADL0128,302,1987,10/2/2017 10:22,10/2/2017,8,2,0,,0,,2,2,5,2,2,3,0,,,1,1,7,1,2,5,2,2,1,2,2,2,1,3,1,1,0,1,1,1,1,3,1,2,2,2,1,5,4,3,3,1,3,1,2,3,2,1,3,2,1,1,1,1,1,1,5,5,1,2,2,0,,4,2,1,2,4,2,0,,1,4,1,2,3,2,1,5,1,2,1,4,1,2,1,7,1,2,1,6,3,2,0,,,,4,1,7,2,8,2,7,2,1,1,1,1,7,3,6,2,5,1,1,1,1,2,5,2,5,2,4,2,3,1,7,2,7,1,7,0,0,0,1,0,0,0,0,0,6,0,0,0,1,0,0,0,1,2,5,1,1,7,7,1,7,2,3,7,2,3,1,3,3,1,1,1,2,1,1,2,2,1,3,1,4,3,4,2,2,2,0,,2,2,0,,,7,3,7,2,1,2,2,3,3,2,5,2,2,2,1,2,0,,3,2,4,1,2,4,3,2,1,1,2,5,2,6,2,2,5,2,3,3,3,1,1,3,5,2,3,3,2,1,2,5,2,1,2,5,3,1,3,3,5,3,3,2,2,3,2,6,2,5,2,2,5,3,2,2,1,2,2,1,1,4,2,3,2,3,2,2,1,1,1,2,7,2,6,2,2,2,5,1,2,2,2,2,1,0,,1,2,2,1,1,1,1,1,1,2,4,2,0,,1,2,1,0,0,0,1,0,0,0,0,0,0,,1,4,3,2,1,2,3,5,3,2,3,0,,0,,0,,5,2,2,2,2,3,1,2,1,2,3,2,3,2,4,2,5,0,,6,1,3,0,,3,2,1,3,2,2,1,1,1,1,2,0,,1,2,3,3,3,2,6,2,5,2,5,1,2,5,5,1,4,1,0,,,,2,3,1,3,2,1,,,1,5,2,3,3,1,3,2,1,1,1,1,3,1,1,1,3,0,,1,1,1,3,6,5,1,0,0,0,0,0,0,0,0,0,0,0,0,0,0,0,0,0,0,0,0,0,0,0,0,0,0,0,1,2,3,2,0,,,,,,,,,,,,,,,,,,,0,0,0,0,0,0,0,0,0,0,0,0,0,0,0,0,0,0,0,0,0,0,0,0,0,0,0,0,0,0,1,6,8,2,0,0,0,0,0,0,0,0,0,0,0,0,0,0,0,0,0,73.5,152.7,31.5216734,3,0,2
01ADL0129,283,1992,9/6/2017 11:42,9/6/2017,5,1,1,1,2,2,2,2,3,2,2,1,4,1,1,2,2,3,0,,,2,2,1,4,3,1,1,2,1,2,2,2,1,1,1,2,1,5,4,3,1,9,8,1,3,1,3,2,2,3,3,1,8,8,2,1,3,2,1,3,2,1,1,3,2,2,1,6,2,3,2,6,2,3,1,1,1,1,2,3,2,1,3,5,2,1,3,3,2,1,4,4,2,1,5,4,2,0,,,,3,2,4,3,6,2,4,2,3,1,3,1,4,3,5,2,3,1,1,4,4,2,4,2,3,2,3,2,3,2,4,2,7,2,6,0,0,0,1,0,0,0,0,0,5,0,0,0,1,0,0,0,1,2,3,2,1,3,5,2,5,2,3,5,2,3,3,5,3,3,2,5,2,5,2,2,3,1,1,1,7,2,5,2,4,2,1,1,5,2,6,2,3,5,2,8,3,4,4,3,5,1,3,5,3,4,3,2,3,6,3,5,2,5,3,5,5,3,2,3,3,3,5,3,5,2,1,5,2,1,2,3,5,1,2,1,3,3,1,1,5,2,5,2,3,2,5,2,5,2,1,3,2,3,4,2,5,5,5,2,4,3,2,5,2,2,3,3,2,3,2,1,5,2,3,2,5,2,3,4,2,4,2,5,3,5,2,2,5,2,3,2,3,2,2,2,1,2,4,3,1,3,1,1,3,3,3,3,5,2,2,2,3,2,8,0,0,0,1,0,1,1,0,0,0,,1,4,3,3,1,1,1,5,5,2,5,4,3,3,2,3,2,5,2,1,5,2,1,4,3,3,2,5,3,5,2,5,2,3,4,2,6,2,3,4,2,5,2,1,4,2,5,1,4,2,4,2,3,2,3,1,2,2,2,1,5,2,5,2,7,2,1,5,5,1,4,1,1,1,3,1,2,3,1,3,2,1,,,1,5,2,3,3,2,5,3,3,7,2,1,1,1,1,1,1,1,2,1,2,1,1,2,5,1,0,0,0,0,0,0,0,0,0,0,0,0,0,0,1,1,0,0,0,0,0,0,0,0,0,0,0,1,3,2,2,1,2,2,1,3,0,,,,,,0,,2,3,2,0,,,1,1,1,0,0,0,0,0,0,1,1,0,0,0,0,0,1,0,0,0,0,0,0,0,1,0,0,1,0,0,1,6,6,2,0,0,0,0,0,0,0,0,0,0,0,0,0,0,0,1,0,63.9,158.6,25.40355475,2,2,2
01ADL0130,290,1992,9/15/2017 13:15,9/15/2017,8,1,0,,0,,0,,,0,,,0,,,0,,,0,,,0,,1,3,3,3,5,1,0,,,,1,1,1,1,1,2,2,3,1,8,8,1,1,2,2,1,2,1,2,1,7,6,1,1,0,,,,,,,,,0,,4,2,4,2,6,3,0,,1,4,4,2,3,2,1,1,1,3,1,4,1,3,0,,,,1,7,4,3,0,,,,2,3,6,2,6,2,5,2,0,,3,3,1,3,0,,0,,1,4,1,2,5,2,4,2,4,3,0,,4,2,6,1,1,0,0,0,1,0,1,1,0,0,1,0,0,0,0,1,0,0,1,2,2,2,1,6,6,2,7,3,4,7,2,3,1,4,2,1,2,2,2,2,2,2,1,1,2,2,8,2,4,2,1,2,1,2,4,2,7,2,3,7,2,6,2,4,1,2,1,1,1,5,2,1,2,1,2,1,2,4,3,4,2,2,1,5,2,1,1,1,4,3,6,2,4,5,2,1,1,1,3,2,1,5,1,3,2,2,1,2,2,3,1,2,5,3,4,3,5,1,3,3,3,2,4,5,5,2,5,2,3,2,4,2,1,2,2,3,3,1,2,2,0,,3,3,1,1,1,3,2,3,1,2,2,2,4,3,1,2,1,2,1,1,0,,2,3,3,2,2,3,0,,2,3,4,3,1,3,4,3,2,0,0,0,1,0,0,0,0,0,1,2,1,4,2,3,2,2,2,2,4,3,5,2,3,1,2,1,2,3,3,2,4,2,1,4,2,1,2,4,1,1,2,0,,,1,2,4,3,2,2,3,3,3,2,1,3,3,3,1,2,1,3,0,,0,,,,,,4,3,0,,6,3,2,4,4,1,6,1,0,,,,1,1,1,1,1,2,2,2,1,1,2,4,1,,1,,,1,1,1,4,0,,1,3,1,1,1,4,1,4,3,5,1,0,0,0,0,0,0,1,1,0,1,0,0,0,0,0,0,0,0,0,0,0,0,0,0,0,0,0,0,,,,0,,,,,,,,,,,,,,,,,,,0,0,0,0,0,0,0,0,0,0,0,0,0,0,0,0,0,0,0,0,0,0,0,0,0,0,0,0,0,0,1,4,7,2,0,0,0,0,0,0,0,0,0,0,0,0,0,0,0,1,0,93.95,179.23,29.24659929,2,2,2
01ADL0131,288,1971,9/14/2017 9:53,9/14/2017,10,2,0,,0,,1,1,0,0,,,0,,,0,,,0,,,0,,0,,,,,,0,,,,0,,,,1,1,1,1,1,9,9,3,5,1,1,4,2,0,,1,6,5,2,1,2,2,1,3,1,1,1,7,2,1,2,7,2,0,,7,1,6,1,1,7,2,2,1,2,0,,,,1,1,0,3,1,8,1,2,1,7,4,3,1,1,1,3,1,1,2,2,7,2,7,3,1,2,2,2,7,3,2,2,4,1,1,1,2,2,4,2,4,2,2,2,2,2,1,2,7,2,6,0,0,0,1,0,1,0,1,0,1,0,0,0,1,0,0,0,,1,1,2,1,2,2,3,7,3,4,7,1,2,2,2,2,0,,2,3,1,,1,1,,1,,1,3,2,3,2,3,0,,1,2,3,2,1,2,2,8,2,1,1,2,1,2,3,5,3,1,2,0,,0,,3,2,4,3,1,4,3,1,1,3,3,2,2,1,2,2,2,2,1,1,1,7,2,1,1,3,3,2,2,2,2,6,2,0,,2,3,0,,,2,2,2,1,3,4,1,2,2,1,2,2,1,1,2,3,2,2,0,,,1,2,1,2,1,2,3,1,2,0,,3,2,6,2,2,2,4,0,,6,2,0,,0,,2,2,3,2,2,3,1,3,2,3,3,2,0,,2,2,4,0,1,0,1,0,1,0,0,0,3,2,1,1,1,2,2,2,2,3,1,2,3,1,2,1,2,1,2,2,2,3,2,2,2,2,3,1,2,8,1,1,2,6,2,3,0,,,,,0,,1,2,2,4,2,6,2,1,2,3,2,2,2,1,2,2,1,2,1,7,1,0,,9,1,1,5,2,1,1,4,0,,,,7,3,0,,,,,,1,1,,,1,,2,2,8,6,2,0,,1,4,0,,0,,1,4,1,4,6,6,0,0,0,0,0,0,0,0,0,0,0,0,0,0,0,0,0,0,0,0,0,1,0,0,0,0,0,0,0,,,,1,0,,,,0,,,,,,0,,0,,,0,,,0,0,0,0,0,0,0,0,0,0,1,0,0,0,0,0,1,0,0,0,0,0,0,0,0,0,0,0,0,0,2,5,2,2,0,0,0,0,0,0,0,0,0,0,0,0,0,0,0,0,1,60.05,162,22.88142052,1,0,2
01ADL0132,295,1974,9/21/2017 13:05,9/21/2017,10,2,0,,2,2,1,1,1,1,2,1,0,,,0,,,0,,,0,,1,1,1,1,1,1,0,,,,0,,,,1,1,1,1,1,8,8,2,5,1,1,2,2,1,1,1,1,1,2,1,1,2,1,5,5,1,1,7,1,0,,3,2,2,2,4,2,1,1,1,4,1,2,1,2,1,5,1,2,1,5,1,2,1,6,3,2,1,6,1,2,0,,,,1,2,1,2,4,3,4,2,0,,0,,4,2,2,2,3,1,1,4,4,1,5,2,4,2,2,2,3,2,4,1,8,2,8,0,0,0,1,0,0,0,1,0,0,0,0,0,0,0,0,0,,,4,2,1,7,7,2,4,2,2,4,2,4,2,2,2,1,2,1,2,1,,1,3,2,1,,7,2,2,2,1,2,1,2,5,2,5,2,2,4,2,6,2,1,1,2,5,5,2,5,2,4,2,3,2,1,2,5,1,2,5,1,4,4,2,1,1,1,5,1,2,2,1,2,1,1,1,1,1,2,4,1,3,3,1,,2,1,2,1,0,,1,2,0,,,0,,,3,2,5,5,1,1,1,2,2,5,0,,,1,1,0,,,0,,0,,0,,,1,1,1,1,1,2,2,1,2,4,1,0,,1,1,1,1,0,,1,2,3,0,,,0,,0,,1,2,0,,0,,1,0,1,0,1,0,0,0,0,0,3,1,1,4,3,2,2,2,2,2,3,2,1,1,2,1,1,1,1,3,2,1,6,1,1,2,2,1,1,4,2,1,1,3,1,5,1,1,7,1,1,1,2,2,2,1,1,1,2,1,0,,0,,0,,1,1,3,,3,,3,1,1,1,7,2,1,5,1,2,2,1,0,,,,6,2,1,5,1,1,,,1,1,,,1,,2,1,8,1,2,0,,1,1,1,1,0,,1,2,1,1,5,5,1,0,0,0,0,0,0,0,0,0,0,0,0,0,0,0,0,0,0,0,0,0,0,0,0,0,0,0,1,1,2,2,1,0,,,,1,5,3,2,3,2,1,2,2,3,4,1,2,4,0,0,0,0,0,1,0,0,0,0,1,0,0,0,1,0,0,0,1,0,0,0,0,0,1,0,0,0,0,0,2,4,7,2,0,0,0,0,0,0,0,0,0,0,0,0,0,0,0,0,1,51.4,157.9,20.61573671,1,2,2
01ADL0133,303,1960,10/2/2017 13:02,10/2/2017,11,2,0,,0,,6,2,0,0,,,0,,,4,2,3,0,,,0,,0,,,,,,0,,,,0,,,,0,,,,1,8,8,1,5,1,1,0,,0,,1,7,7,2,1,0,,,,,,,,,0,,7,2,0,,7,1,7,1,0,,,,1,1,0,,,,0,,,,1,1,0,2,0,,,,0,,,,0,,3,2,4,3,0,,0,,1,2,1,1,1,2,1,1,1,1,1,2,1,2,2,2,1,2,2,3,6,3,3,3,4,0,0,0,1,1,0,0,0,0,0,0,0,0,0,0,0,0,,,2,2,1,2,2,2,0,,,0,,2,2,0,,1,1,0,,,,,,,,,0,,1,1,1,2,1,1,0,,6,2,1,9,3,9,2,1,0,,,,,,,1,2,0,,5,3,6,2,2,2,1,0,,,,,,,,9,2,2,2,1,1,2,1,2,1,2,1,1,1,2,1,2,1,3,1,3,1,3,2,0,,,1,2,1,2,2,5,1,4,1,1,1,2,1,0,,,1,1,1,2,1,3,1,0,,1,1,5,4,2,1,1,6,2,1,1,1,5,2,0,,6,2,1,1,0,,1,1,5,2,1,5,1,1,1,1,4,2,0,,3,,1,0,0,0,1,1,0,0,0,0,2,2,1,5,3,2,2,1,5,2,3,1,5,3,1,1,2,5,3,0,,,1,1,1,0,,0,,7,1,0,,2,2,1,1,1,5,2,4,0,,1,1,1,1,1,1,1,1,1,2,1,0,,0,,,,,,1,1,0,,4,1,2,2,1,1,4,1,0,,,,1,1,0,,,,,,0,,,,,,,,,0,,0,,0,,0,,0,,1,4,0,,5,5,1,0,0,0,0,0,0,0,0,0,0,0,0,0,0,0,0,0,0,0,0,0,0,0,0,0,0,0,0,,,,0,,,,,,,,,,,,,,,,,,,0,0,0,0,0,0,0,0,0,0,0,0,0,0,0,0,0,0,0,0,0,0,0,0,0,0,0,0,0,0,1,4,4,2,0,0,0,0,0,0,0,0,0,0,0,0,0,0,0,0,1,40.75,155.5,16.85259664,0,0,2
01ADL0134,315,1992,10/27/2017 11:24,10/27/2017,9,2,0,,0,,0,,,2,2,1,0,,,1,1,7,0,,,0,,1,0,1,1,1,1,0,,,,0,,,,1,2,1,1,1,9,9,1,5,1,5,2,2,1,2,1,6,6,2,1,0,,,,,,,,,1,1,7,2,4,2,8,2,5,1,1,7,1,2,5,3,1,4,1,3,1,6,3,3,1,7,3,3,1,5,3,2,1,3,2,3,1,3,9,3,9,3,7,3,0,,4,2,6,2,5,3,6,2,1,5,5,2,8,3,6,3,4,2,3,2,9,2,9,3,10,0,0,0,1,0,0,0,1,0,1,0,1,0,0,0,0,0,2,2,6,2,1,5,4,2,5,3,5,5,1,5,2,4,3,0,,4,2,1,,1,2,2,1,,5,2,0,,4,3,3,3,3,2,7,2,2,6,3,7,2,1,4,2,1,4,3,5,1,4,2,0,,1,3,7,2,2,4,3,8,2,2,1,1,1,1,,4,2,1,1,,1,2,3,7,2,1,1,1,,1,,1,1,7,2,1,2,0,,1,1,1,0,,,0,,,,1,2,1,3,2,5,1,2,1,1,2,0,,,3,1,2,2,3,3,1,1,1,0,,3,2,3,2,2,1,5,0,,3,1,0,,2,1,0,,,2,1,1,0,,4,2,3,2,0,,3,2,2,0,0,0,1,0,0,0,0,0,5,2,1,6,5,2,2,1,3,2,3,2,5,4,2,0,,1,2,3,2,1,4,2,1,2,2,4,2,8,1,3,2,7,2,1,1,1,5,1,1,3,3,3,2,1,3,2,5,1,3,2,0,,0,,1,2,5,1,2,2,4,2,4,1,7,1,1,5,1,1,7,1,3,2,1,,4,1,0,,,,,,0,,,,,,,,,6,1,0,,1,1,0,,0,,1,1,1,1,6,6,1,0,0,0,0,0,0,0,0,0,0,0,0,0,0,1,0,0,0,0,0,0,0,0,0,0,0,0,0,,,,0,,,,,,,,,,,,,,,,,,,0,0,0,0,0,0,0,0,0,0,0,0,0,0,0,0,0,0,0,0,0,0,0,0,0,0,0,0,0,0,2,5,3,2,0,0,0,0,0,0,0,0,0,0,0,0,0,0,0,0,0,61.42,163.8,22.89190934,1,0,2
01ADL0135,310,1953,10/14/2017 10:13,10/14/2017,9,1,0,,2,1,2,1,0,2,2,1,0,,,3,1,2,0,,,0,,0,,,,,,0,,,,0,,,,0,,,,1,8,8,1,5,1,1,0,,0,,1,7,7,1,1,0,,,,,,,,,0,,7,2,5,2,7,1,0,,1,7,6,2,7,2,0,,,,1,7,5,2,1,7,0,2,1,6,6,2,1,4,1,3,0,,10,3,9,1,0,,0,,0,,0,,4,2,0,,1,1,0,3,6,3,4,3,1,3,1,2,6,3,6,3,8,0,0,0,1,0,1,0,0,0,0,0,0,0,0,0,0,0,,,5,3,1,5,4,3,1,3,2,0,,2,3,0,,0,,1,2,1,1,1,1,1,1,1,0,,1,2,2,3,0,,0,,1,3,1,10,3,10,1,1,0,,,,,,,0,,0,,0,,0,,,,,0,,,,,,,,0,,,,,,,,5,2,1,1,1,1,1,1,1,1,4,2,0,,0,,0,,,0,,,1,2,5,1,0,,0,,,,0,,,0,,0,,,0,,0,,1,2,5,4,1,0,,0,,0,,,,,1,2,3,2,0,,0,,0,,,0,,,0,,2,2,6,3,0,,5,3,6,0,0,0,1,0,0,0,0,0,3,2,1,5,5,3,1,1,1,5,0,,,0,,0,,0,,1,2,1,0,,,1,1,0,,9,1,0,,0,,,0,,0,,,6,2,0,,,3,2,4,2,0,,0,,7,1,0,,,,,,0,,0,,7,1,5,5,1,5,0,,0,,,,0,,0,,,,,,0,,,,,,,,,6,2,0,,0,,0,,0,,0,,0,,9,8,0,0,0,0,0,0,0,0,0,0,1,0,0,0,0,0,0,0,0,0,0,0,0,0,0,0,0,0,0,,,,1,0,,,,5,2,1,1,1,1,0,,0,,,0,,,0,0,0,0,0,0,0,0,0,0,0,0,0,0,0,0,0,0,0,0,0,0,0,0,0,0,0,0,0,1,1,4,4,2,0,0,0,0,0,0,0,0,0,0,0,0,0,0,0,1,2,59.5,167,21.33457636,1,0,2
01ADL0136,318,1955,11/1/2017 10:07,11/1/2017,12,2,0,,0,,0,,,6,1,,0,,,1,1,4,0,,,0,,0,,,,,,0,,,,0,,,,0,,,,1,9,9,1,5,1,1,0,,0,,1,1,1,1,1,9,2,1,1,3,1,1,4,1,2,1,4,2,4,2,9,2,2,1,1,9,1,2,9,2,1,6,0,1,1,5,1,2,1,9,9,2,1,9,9,2,1,4,1,2,0,,4,2,5,2,1,2,1,1,0,,7,2,5,2,3,2,1,5,1,2,4,2,4,3,4,3,4,2,0,,4,2,3,0,0,0,1,0,0,0,0,0,0,0,0,0,0,0,0,0,,,2,2,1,9,8,2,9,2,4,0,,1,1,1,1,0,,1,1,1,1,1,3,1,1,,0,,1,2,0,,0,,5,2,1,1,1,3,2,4,1,1,0,,,,,,,1,1,0,,1,1,1,1,2,4,1,4,2,1,1,3,2,3,2,4,2,1,2,1,1,1,,3,1,1,1,3,2,1,,3,2,4,2,0,,0,,0,,,0,,,3,3,1,1,0,,2,1,2,3,0,,,1,1,0,,,0,,0,,1,1,5,1,1,1,1,2,1,4,2,1,1,3,0,,1,1,0,,0,,1,3,5,0,,,0,,3,2,6,2,0,,5,3,8,0,0,0,1,0,0,0,0,0,0,,1,6,4,1,2,1,5,3,3,2,1,9,2,1,1,0,,0,,,2,1,1,1,1,0,,9,1,7,2,6,2,5,0,,7,2,3,0,,1,2,3,2,1,7,2,1,1,3,1,1,1,0,,,,,,4,1,0,,6,2,1,5,5,1,1,5,1,5,1,,6,5,0,,,,,,0,,,,,,,,,0,,0,,1,1,1,3,1,3,1,3,0,,5,7,1,0,0,0,0,0,0,1,0,0,0,0,1,0,0,0,0,0,1,0,0,0,0,0,0,0,0,0,1,5,2,4,1,0,,,,0,,,,,,0,,0,,,0,,,0,0,0,0,0,0,0,0,0,0,0,0,0,0,0,0,1,0,0,0,0,0,0,0,0,0,0,0,0,0,1,5,6,2,0,0,0,0,0,0,0,0,0,0,0,0,0,0,0,1,2,58.7,162.9,22.12055059,1,4,2
01ADL0137,294,1998,9/21/2017 9:41,9/21/2017,12,2,0,,0,,0,,,0,,,0,,,2,2,5,2,2,4,2,1,0,,,,,,,,,,0,,,,0,,,,1,8,8,1,5,1,1,0,,0,,,,,,,3,1,1,1,2,1,1,5,1,0,,0,,0,,0,,0,,0,,,,0,,0,,,,0,,,,0,,,,0,,,,0,,,,0,,0,,10,1,10,2,0,,0,,7,2,1,1,8,2,1,1,0,1,7,2,4,2,3,2,4,1,6,1,7,1,5,0,0,0,1,0,0,0,0,0,6,0,0,0,0,1,0,1,,1,6,1,1,7,5,1,8,2,3,7,1,3,1,1,1,0,,1,2,1,,1,1,,1,,5,2,1,2,3,1,1,2,4,1,7,1,1,10,2,7,1,1,2,1,1,1,1,1,,1,1,1,1,0,,5,1,1,4,2,5,3,1,1,1,,2,2,5,1,2,1,,2,1,,5,1,2,1,1,1,1,,0,,8,2,0,,1,2,0,,,0,,,0,,,,0,,0,,,,0,,,0,,0,,,0,,0,,0,,,0,,0,,0,,1,1,1,3,1,0,,0,,0,,0,,0,,,0,,,0,,0,,1,2,0,,0,,1,0,0,0,1,0,0,0,0,0,10,1,1,6,6,2,2,1,3,2,1,1,1,6,2,0,,0,,1,2,1,3,1,1,1,2,1,2,8,1,6,2,7,2,4,1,1,6,3,1,0,,2,1,1,1,1,5,1,1,2,4,2,0,,0,,,,,,4,1,3,1,6,1,4,2,1,1,6,1,3,4,1,,7,4,0,,,,,,1,1,,,1,,2,2,6,5,1,1,5,1,1,0,,0,,1,1,1,4,8,1,1,0,0,0,0,0,0,0,0,0,0,0,0,0,0,0,0,0,0,0,0,0,0,0,0,0,0,0,1,3,2,2,1,2,2,3,1,2,5,3,3,3,1,3,2,0,,,0,,,0,0,1,0,0,1,0,0,0,0,1,1,0,0,0,0,0,0,0,0,0,0,0,0,0,0,0,0,0,0,1,3,4,2,0,0,0,0,0,0,0,0,0,0,0,0,0,0,0,0,0,39.85,158.3,15.90253998,0,4,2
01ADL0138,307,1960,10/10/2017 11:37,10/10/2017,10,2,0,,0,,0,,,1,1,1,1,1,1,1,1,4,0,,,0,,1,1,1,1,5,5,0,,,,0,,,,0,,,,1,9,9,2,5,1,3,0,,0,,1,1,1,2,5,0,,,,,,,,,0,,7,2,6,1,7,2,1,2,1,1,1,2,1,2,1,1,0,2,1,2,1,,1,1,1,2,1,2,2,2,1,1,1,3,1,1,1,2,10,2,10,3,0,,4,3,1,2,2,2,0,,1,1,1,1,7,2,7,3,2,2,2,3,0,,8,3,10,0,1,0,1,0,1,0,0,0,0,0,0,0,0,0,0,0,,,7,2,1,6,6,2,9,2,5,4,2,1,2,1,1,1,2,1,1,1,1,1,2,3,1,1,4,3,1,1,1,2,1,2,1,2,3,2,5,6,2,2,2,1,1,2,1,5,3,3,2,1,1,1,2,0,,3,2,5,1,1,1,1,1,1,1,1,1,1,2,2,2,5,2,1,1,1,1,1,4,1,1,3,1,1,0,,7,2,0,,2,2,1,2,1,1,2,2,2,2,5,5,6,2,2,2,,2,1,2,1,2,2,1,2,1,1,,1,2,4,2,3,2,2,1,2,6,,4,2,2,4,2,1,1,2,2,1,1,1,2,3,1,1,4,1,2,0,,1,2,1,2,0,,1,2,7,0,0,0,1,1,0,0,0,0,2,3,1,4,4,3,1,1,3,4,2,2,2,1,2,2,2,1,1,4,2,1,4,2,1,2,2,0,,7,2,4,2,4,1,5,1,2,4,2,4,0,,2,2,5,0,,4,,0,,1,1,1,2,1,2,4,3,3,1,1,2,1,2,7,2,1,5,3,2,4,1,1,4,1,2,5,5,1,4,2,,,,1,1,,3,3,3,1,,,0,,0,,1,1,1,3,0,,1,2,1,5,4,3,1,0,0,0,0,0,0,0,1,0,0,0,1,0,0,0,0,0,0,1,0,0,0,0,0,0,0,0,0,,,,0,,,,,,,,,,,,,,,,,,,0,0,0,0,0,0,0,0,0,0,0,0,0,0,0,0,0,0,0,0,0,0,0,0,0,0,0,0,0,0,2,5,3,2,0,0,0,0,0,0,0,0,0,0,0,0,0,0,0,0,1,70.25,156.6,28.64592253,2,1,2
01ADL0139,297,1942,9/26/2017 12:35,9/26/2017,6,2,0,,1,3,1,2,0,1,3,1,1,2,1,4,1,3,0,,,0,,0,,,,,,0,,,,0,,,,0,,,,1,7,7,2,5,1,1,0,,0,,1,6,6,2,1,1,2,1,3,1,1,1,3,1,1,2,6,2,5,2,4,2,1,1,1,7,0,3,3,1,1,4,1,2,1,2,1,2,1,3,0,2,1,2,1,2,1,2,1,3,2,3,2,3,4,1,0,,1,1,1,2,5,1,6,1,4,2,1,2,1,2,3,2,4,2,0,,1,2,1,1,0,,5,0,0,0,0,0,1,0,0,0,0,0,0,0,0,0,0,0,,,1,,1,1,1,2,1,2,3,1,1,4,2,0,,1,2,1,2,2,1,1,1,1,1,1,1,1,1,1,0,,0,,1,1,0,,,2,2,3,1,1,0,,,,,,,0,,0,,0,,1,1,3,1,1,1,2,1,1,1,1,2,1,0,,,,,,,,1,1,1,1,1,1,2,1,0,,3,1,0,,1,2,0,,,0,,,1,1,2,2,2,1,0,,,,0,,,0,,0,,,0,,0,,0,,,1,1,1,1,4,3,4,1,1,2,1,0,,1,1,0,,,,0,,,0,,,0,,1,1,2,1,0,,2,1,0,0,0,0,0,0,0,0,0,0,3,1,1,4,4,2,1,1,1,1,1,2,1,4,2,0,,1,2,1,1,2,1,1,1,1,1,0,,7,2,0,,1,1,2,1,2,1,1,2,1,1,1,1,2,1,1,1,1,0,,0,,,,0,,,,,,0,,0,,5,2,1,4,1,2,6,2,0,,,,1,2,0,,,,,,1,1,1,4,1,,3,1,3,0,,0,,0,,1,2,1,1,0,,0,,1,1,1,0,0,1,1,0,1,0,0,0,1,0,0,0,0,0,0,0,0,0,0,0,0,0,0,0,0,0,0,,,,0,,,,,,,,,,,,,,,,,,,0,0,0,0,0,0,0,0,0,0,0,0,0,0,0,0,0,0,0,0,0,0,0,0,0,0,0,0,0,0,1,,,2,0,0,0,0,0,0,0,0,0,0,0,0,0,0,0,0,2,56.95,159.8,22.30181344,1,0,2
01ADL0140,300,1998,9/29/2017 10:48,9/29/2017,5,2,1,1,1,1,3,1,2,5,1,2,1,1,2,1,1,4,1,1,1,5,1,1,3,3,1,1,1,1,4,4,1,0,,,,0,,,,1,7,7,3,4,1,1,0,,0,,0,,,,,9,1,1,1,2,2,0,4,1,1,1,1,2,9,2,1,2,1,1,1,9,9,1,9,1,1,9,9,1,1,9,9,1,1,9,9,2,1,9,9,2,0,,,,9,2,10,2,0,,9,1,0,,0,,9,1,9,1,0,,1,9,9,1,7,3,0,,0,,0,,6,2,9,1,0,0,0,0,0,0,0,0,0,0,8,0,0,0,1,0,0,0,3,2,9,1,1,9,9,1,9,2,1,9,1,0,,0,,0,,10,3,1,1,1,1,1,1,1,9,1,9,2,0,,5,1,8,3,0,,,9,1,5,2,1,5,1,2,1,1,2,1,5,2,0,,5,2,6,2,2,2,1,5,2,1,1,1,1,1,1,5,1,2,1,1,1,1,1,5,1,2,2,1,1,1,1,5,1,0,,0,,9,1,0,,,0,,,0,,,,0,,5,1,1,1,5,1,2,5,1,0,,,5,1,0,,5,1,1,3,1,0,,5,2,5,2,2,2,,0,,3,1,5,2,0,,0,,,0,,,4,1,0,,0,,0,,0,,0,0,0,0,0,0,0,0,0,0,0,,1,4,4,2,1,1,2,1,5,2,3,6,2,0,,0,,5,2,1,6,2,1,3,1,,,3,1,0,,6,2,1,0,,0,,,0,,5,2,1,3,2,5,1,3,2,0,,0,,0,,,,,,4,2,4,1,0,,,,,,0,,0,,,,1,1,0,,,,,,0,,,,,,,,,0,,0,,0,,0,,0,,0,,1,2,2,3,1,0,0,0,0,0,0,1,0,0,0,0,0,0,1,0,0,0,0,0,0,0,0,0,0,0,0,0,1,4,2,1,0,,,,,,,,,,,,,,,,,,,0,0,0,0,0,0,0,0,0,0,0,0,0,0,0,0,0,0,0,0,0,0,0,0,0,0,0,0,0,0,3,2,4,2,0,0,0,0,0,0,0,0,0,0,0,0,0,0,0,0,0,40.65,165.7,14.80524277,0,2,2
01ADL0141,304,1962,10/3/2017 11:32,10/3/2017,9,2,1,2,1,2,2,2,0,4,3,1,1,2,1,5,2,7,0,,,0,,0,,,,,,0,,,,0,,,,0,,,,1,9,9,3,5,1,5,1,1,0,,1,9,9,2,1,9,2,1,1,5,1,0,7,2,0,,9,2,4,2,8,2,7,2,1,1,4,2,3,2,1,4,4,2,1,4,4,2,1,4,4,2,1,7,7,2,1,4,4,3,3,3,7,2,8,3,10,2,3,2,0,,6,3,6,3,2,1,1,4,4,2,5,3,5,3,3,2,3,3,7,3,8,3,7,0,0,0,1,1,0,0,0,0,4,0,1,0,1,0,0,0,1,2,4,3,1,7,7,3,8,2,5,6,2,4,3,1,1,3,2,5,3,1,,1,2,2,3,3,8,2,0,,0,,10,1,7,2,6,2,3,7,2,7,2,5,1,2,1,1,1,1,,1,2,0,,2,2,4,2,1,5,5,1,5,2,1,1,1,5,2,0,,,,,,,,0,,,,,,,,2,2,0,,0,,0,,0,,,0,,,1,2,5,3,4,2,0,,,,0,,,0,,0,,,0,,0,,0,,,0,,0,,0,,0,,,,,0,,0,,0,,0,,0,,,0,,,0,,0,,0,,0,,0,,0,0,0,0,0,0,0,0,0,0,7,3,1,7,5,2,3,2,3,1,1,2,1,0,,1,1,0,,0,,,5,1,5,4,2,0,,7,2,0,,6,3,1,3,2,5,2,1,2,2,3,2,1,2,2,0,,0,,0,,0,,1,1,1,1,1,1,4,2,0,,6,1,1,5,5,1,0,,6,2,1,1,6,3,0,,,,,,0,,,,,,,,,3,2,0,,1,1,0,,0,,1,1,1,2,6,6,1,0,0,0,0,0,0,0,0,0,0,0,0,0,0,0,0,0,0,0,0,0,1,1,0,0,0,0,0,,,,1,0,,,,0,,,,,,0,,0,,,5,5,2,0,1,0,0,0,0,0,0,0,1,0,0,0,0,0,0,0,0,0,0,0,0,0,0,0,0,0,0,0,1,2,6,4,2,0,0,0,0,0,0,0,0,0,0,0,0,0,0,0,0,1,63.9,156,26.25739645,2,2,2
01ADL0142,312,1988,10/26/2017 12:49,10/26/2017,3,2,1,1,0,,7,2,3,9,2,5,4,2,2,1,1,1,1,1,2,0,,1,9,8,2,3,3,0,,,,1,7,6,1,0,,,,1,5,4,1,3,4,4,1,1,2,3,1,4,4,2,2,4,2,,2,3,3,1,1,3,5,2,5,2,4,3,4,2,4,2,1,7,0,2,10,3,1,,10,3,1,10,0,1,1,10,10,3,1,10,10,3,1,10,10,3,10,3,10,3,6,3,6,3,8,3,7,3,8,2,6,3,5,2,1,5,5,2,4,2,7,2,2,2,7,2,2,1,6,,7,1,1,1,1,1,1,1,1,0,5,1,0,1,1,1,1,0,2,2,4,2,1,8,4,2,6,2,3,5,2,6,2,6,2,3,2,4,2,3,2,3,2,2,3,2,3,2,2,2,2,2,3,2,6,2,6,,3,6,,6,2,3,3,2,4,3,3,2,2,3,2,4,2,5,2,5,2,2,2,1,7,3,2,3,,3,3,2,10,2,5,3,2,2,2,2,10,2,3,2,2,2,4,2,9,,4,2,4,2,2,2,4,2,2,4,2,4,4,2,3,3,6,2,7,3,2,5,10,2,3,4,2,6,2,3,3,2,4,2,3,2,3,4,2,7,2,3,1,4,1,3,3,5,5,2,2,2,4,2,2,1,1,2,2,3,2,4,4,2,5,2,5,2,8,2,5,2,3,1,1,0,1,1,1,1,1,0,6,1,1,7,2,2,4,3,2,3,6,2,3,3,2,1,2,4,2,6,,3,5,2,3,6,2,2,1,3,2,6,2,5,2,3,3,2,3,2,4,4,2,6,2,4,7,2,6,2,1,2,4,2,3,2,6,1,3,3,3,3,2,1,1,1,5,2,3,3,4,3,2,3,6,2,3,1,2,3,1,3,2,3,4,3,0,,,,,,,,,6,2,0,,0,,0,,0,,1,3,0,,4,,1,0,0,1,1,0,1,1,1,0,1,1,0,1,1,1,1,1,0,1,1,0,0,0,0,0,0,0,,,,,0,,,,,,,,,,,,,,,,,,,0,0,0,0,0,0,0,0,0,0,0,0,0,0,0,0,0,0,0,0,0,0,0,0,0,0,0,0,0,0,2,5,6,2,0,0,0,0,0,0,0,0,0,0,0,0,0,0,0,0,0,74.5,151.1,32.63077165,3,0,2
01ADL0143,309,1953,10/13/2017 10:30,10/13/2017,11,1,0,,0,,6,2,1,0,,,0,,,0,,,0,,,0,,0,,,,,,0,,,,0,,,,1,2,2,2,1,9,9,1,5,1,1,0,,0,,0,,,,,0,,,,,,,,,0,,8,2,7,2,9,3,5,3,1,5,3,2,0,,0,,,,0,,,,0,,,,1,7,6,2,0,,,,0,,4,3,0,,6,2,0,,0,,4,2,0,,0,,1,6,6,1,4,2,2,2,0,,0,,4,2,1,1,2,0,0,0,1,0,1,1,0,0,1,0,0,0,1,0,0,0,,1,0,,1,9,9,2,6,3,5,6,1,0,,0,,0,,0,,,,,,,,,7,3,0,,0,,0,,7,1,7,2,1,0,,7,2,1,0,,,,,,,0,,0,,0,,0,,,,,0,,,,,,,,5,2,1,1,1,1,1,1,5,2,1,1,1,1,1,1,0,,0,,2,3,3,3,0,,,3,3,5,0,,,,0,,1,3,2,5,0,,,1,3,0,,,0,,0,,1,3,3,0,,1,3,4,3,0,,,,,0,,0,,1,2,0,,9,1,4,0,,,0,,0,,0,,0,,0,,9,0,0,0,0,0,1,0,0,0,0,,1,1,0,3,1,1,5,1,5,3,5,0,,0,,0,,0,,,1,3,5,0,,0,,6,3,10,2,0,,,0,,9,2,5,0,,0,,,0,,0,,0,,0,,0,,0,,,,,,0,,0,,9,1,1,5,5,1,7,1,0,,,,2,5,0,,,,,,0,,,,,,,,,0,,0,,0,,0,,0,,0,,1,5,1,6,1,0,0,0,0,1,0,1,0,0,0,0,0,0,0,0,0,0,0,0,0,0,0,0,0,0,0,0,1,5,2,3,0,,,,,,,,,,,,,,,,,,,0,0,0,0,0,0,0,0,0,0,0,0,0,0,0,0,0,0,0,0,0,0,0,0,0,0,0,0,0,0,2,1,1,2,0,0,0,0,0,0,0,0,0,0,0,0,0,0,0,1,2,63.1,184.2,18.59730902,1,4,2
01ADL0144,317,1975,10/31/2017 10:33,10/31/2017,11,1,0,,1,2,1,2,0,0,,,1,2,1,0,,,0,,,2,2,1,1,0,1,1,1,0,,,,0,,,,1,2,1,1,1,9,9,1,4,1,2,1,1,0,,0,,,,,0,,,,,,,,,0,,1,2,1,2,4,2,0,,1,1,1,2,2,2,0,,,,1,3,3,2,1,1,1,2,1,4,4,2,0,,,,0,,3,2,6,2,0,,4,2,0,,0,,4,2,0,,1,1,1,2,6,3,4,2,3,1,0,,7,2,7,1,8,0,0,0,0,1,0,0,0,0,2,1,0,0,1,0,0,0,1,1,3,2,1,4,4,1,6,2,3,3,2,1,1,2,2,1,2,1,1,2,2,1,1,1,1,1,2,2,1,1,2,1,0,,5,2,0,,,5,2,0,,,1,1,1,2,1,3,2,2,2,0,,0,,6,2,5,1,1,5,1,2,1,1,1,5,2,5,2,3,3,1,3,1,3,1,2,2,3,3,3,2,1,0,,1,2,1,2,6,2,4,2,1,1,3,1,1,2,5,5,0,,1,2,2,5,1,3,5,3,2,1,2,1,5,2,4,2,4,3,3,4,2,0,,7,2,7,2,2,4,5,1,2,6,2,1,1,0,,1,1,2,6,1,1,3,3,5,3,6,3,6,2,7,3,7,0,0,0,0,1,1,0,0,0,1,2,1,5,5,2,2,2,2,1,1,2,5,1,1,0,,0,,2,2,1,4,2,1,1,2,0,,4,2,6,2,8,2,5,1,1,6,2,1,1,1,1,1,3,4,1,1,1,0,,0,,0,,1,2,1,2,2,1,1,2,1,2,8,2,1,5,2,1,4,1,2,1,2,1,4,1,0,,,,,,1,3,1,3,2,1,2,1,2,4,1,0,,0,,1,3,1,1,1,1,1,3,5,2,1,0,0,1,0,0,0,0,0,0,0,0,0,0,1,0,0,0,0,1,0,0,0,0,0,0,0,0,0,,,,0,,,,,,,,,,,,,,,,,,,0,0,0,0,0,0,0,0,0,0,0,0,0,0,0,0,0,0,0,0,0,0,0,0,0,0,0,0,0,0,1,5,5,2,0,0,0,0,0,0,0,0,0,0,0,0,0,0,0,1,1,70.45,169.4,24.55015201,1,0,2
01ADL0145,320,1959,11/3/2017 13:29,11/3/2017,12,1,0,,0,,1,2,0,0,,,0,,,1,2,2,0,,,0,,0,,,,,,0,,,,0,,,,1,2,2,2,1,7,7,2,5,1,1,3,2,2,2,0,,,,,9,2,1,1,5,1,1,2,1,0,,2,2,2,2,9,2,4,1,1,7,1,2,1,1,1,1,1,1,1,1,1,2,1,6,5,2,1,1,1,2,1,6,6,2,1,2,2,2,1,2,1,2,1,2,1,2,2,2,5,2,4,2,1,4,3,2,4,2,5,2,4,2,3,2,0,,6,2,10,0,1,0,1,0,0,0,0,0,0,0,0,0,0,0,0,0,,,4,3,1,7,6,3,5,2,2,5,2,2,2,1,2,1,2,5,2,1,,1,3,2,1,,3,2,1,1,1,1,1,2,4,2,4,2,3,7,2,6,2,3,1,2,1,3,2,5,2,5,2,1,2,0,,4,2,1,5,4,4,3,2,1,2,2,4,2,5,2,2,3,2,1,1,3,3,2,3,1,2,,2,,1,2,1,2,1,2,1,2,1,2,1,1,2,1,0,,,,,,1,2,2,2,1,2,1,0,,0,,,0,,0,,1,1,5,1,1,0,,3,2,1,1,1,3,5,0,,1,2,1,,1,2,1,2,2,1,2,1,4,2,4,2,5,2,0,,5,2,6,0,1,0,1,0,1,0,0,0,1,2,1,2,2,2,2,2,2,1,5,2,1,4,2,1,1,0,,1,1,1,2,1,1,1,1,1,1,7,1,0,,7,3,3,0,,8,3,1,2,2,3,2,4,2,1,7,1,2,2,2,1,0,,1,1,5,,1,1,7,2,0,,4,2,1,5,3,1,7,1,0,,,,2,3,0,,,,,,0,,,,,,,,,0,,0,,1,1,1,1,1,1,1,3,1,1,6,6,0,0,0,0,0,0,0,0,0,0,0,0,0,0,0,0,0,0,0,0,0,1,0,0,0,0,0,0,0,,,,0,,,,,,,,,,,,,,,,,,,0,0,0,0,0,0,0,0,0,0,0,0,0,0,0,0,0,0,0,0,0,0,0,0,0,0,0,0,0,0,1,5,6,2,0,0,0,0,0,0,0,0,0,0,0,0,0,0,0,1,1,64.85,176.2,20.88806317,1,4,2
01ADL0146,316,1976,10/30/2017 11:38,10/30/2017,9,1,0,,0,,2,2,0,0,,,0,,,0,,,0,,,0,,0,,,,,,0,,,,1,1,1,1,0,,,,1,7,7,2,5,1,2,1,2,1,2,1,4,4,2,1,0,,,,,,,,,0,,0,,0,,7,3,0,,0,,,,0,,0,,,,1,4,2,3,1,4,2,3,0,,,,1,2,1,3,1,3,3,3,3,2,1,2,1,1,0,,0,,1,2,0,,1,1,0,2,3,2,2,2,1,2,0,,3,2,0,,7,0,0,0,1,1,1,1,0,0,0,0,0,0,0,0,0,0,,,0,,1,1,0,2,1,2,3,1,1,0,,2,2,1,1,2,2,1,1,1,1,1,1,1,6,3,0,,0,,0,,4,2,0,,,1,2,8,2,1,0,,,,,,,0,,0,,1,2,2,2,,,,0,,,,,,,,2,2,2,3,2,1,1,1,0,,,,,,,,1,2,5,2,0,,0,,0,,,0,,,3,3,5,1,0,,3,2,3,2,0,,,1,2,0,,,2,2,0,,3,2,3,2,2,0,,1,2,7,3,2,2,2,0,,2,2,0,,0,,0,,,0,,,0,,1,2,4,3,0,,2,2,7,0,0,0,1,1,1,1,0,0,0,,1,1,1,2,1,1,3,3,2,2,2,0,,0,,0,,2,2,1,6,2,2,0,,0,,1,2,2,2,0,,,0,,1,2,1,0,,1,2,1,0,,0,,0,,0,,0,,0,,,,,,0,,0,,6,3,1,2,2,1,0,,0,,,,2,5,0,,,,,,0,,,,,,,,,4,3,0,,0,,1,3,1,3,0,,1,3,2,2,0,0,0,0,0,0,1,0,0,0,1,0,0,0,0,0,0,0,0,0,0,0,0,0,0,0,0,0,1,5,2,3,1,1,2,2,2,0,,,,,,0,,5,4,3,0,,,0,0,0,0,0,0,0,0,0,0,0,0,0,0,0,0,0,0,0,0,0,0,0,0,0,0,0,0,0,0,2,3,4,2,0,0,0,0,0,0,0,0,0,0,0,0,0,0,0,1,1,56.8,162.6,21.48360967,1,0,2
01ADL0147,338,1976,11/17/2017 11:01,11/17/2017,2,2,1,2,1,2,1,2,0,1,1,1,0,,,0,,,0,,,0,,1,1,1,2,1,3,1,1,1,2,0,,,,1,2,1,2,1,9,9,1,4,1,2,1,2,1,1,1,6,6,2,1,0,,,,,,,,,0,,1,1,1,2,4,2,6,1,1,4,0,1,4,2,1,1,1,2,1,1,1,2,1,1,0,2,1,3,1,1,1,1,1,1,1,1,1,2,9,3,3,3,1,2,1,2,3,2,4,2,2,1,1,4,3,2,4,3,4,3,4,3,1,2,6,3,3,2,7,0,0,0,0,1,0,0,0,0,2,0,0,0,1,0,0,0,,2,3,2,1,3,2,2,1,3,1,1,2,1,2,1,1,0,,1,1,1,,1,1,,1,,1,2,1,2,3,2,0,,1,2,1,1,1,1,3,4,2,1,1,1,1,3,3,3,2,1,2,0,,0,,5,2,2,2,2,0,,,,,,,,2,2,2,5,3,1,2,2,4,2,1,1,2,3,1,,0,,0,,0,,1,2,1,2,1,0,,,1,1,5,1,0,,1,1,2,2,0,,,1,2,0,,,1,1,0,,2,2,2,2,2,0,,1,2,1,2,4,3,1,0,,1,2,0,,1,1,0,,,2,1,3,0,,2,3,2,3,0,,6,3,7,0,0,0,0,1,0,0,0,0,1,2,1,7,7,3,1,2,4,4,1,2,5,1,2,0,,1,3,1,1,1,1,2,1,1,2,0,,2,1,6,2,2,2,4,0,,2,2,5,0,,2,3,1,2,1,1,2,0,,0,,0,,0,,,,,,2,1,3,1,4,2,1,3,4,1,5,2,1,4,3,1,3,2,1,5,2,1,,,1,1,,,2,2,5,3,6,1,2,0,,1,3,1,1,0,,1,5,1,4,5,2,0,0,0,0,0,0,0,1,0,0,0,0,0,0,0,0,0,0,0,0,0,0,0,0,0,0,0,0,1,5,2,3,1,0,,,,0,,,,,,0,,0,,,5,5,1,0,0,0,0,0,0,0,0,0,0,1,0,0,0,0,0,0,0,0,0,0,0,0,0,0,0,0,0,0,0,3,4,7,2,0,0,0,0,0,0,0,0,0,0,0,0,0,0,0,0,1,55.46,156.4,22.67286321,1,0,2
01ADL0148,319,1953,11/3/2017 11:53,11/3/2017,11,2,0,,0,,1,2,1,1,3,2,1,2,5,7,3,3,3,2,1,0,,1,1,1,2,1,1,0,,,,0,,,,0,,,,1,8,8,2,5,1,1,0,,0,,0,,,,,0,,,,,,,,,0,,5,2,1,2,8,2,1,2,1,7,0,2,1,1,1,2,0,3,1,2,0,3,1,2,1,2,1,7,1,2,1,1,0,3,1,2,0,,1,2,2,2,0,,0,,4,2,1,1,1,1,1,6,1,2,2,1,0,,1,1,0,,4,2,1,1,4,0,1,0,1,0,1,0,0,0,5,0,0,0,0,0,0,1,,,2,3,1,6,1,3,6,2,3,6,1,1,1,1,2,0,,1,1,1,,1,5,2,1,2,0,,0,,1,2,1,2,4,2,2,1,3,2,,5,2,1,2,2,1,5,3,5,3,2,2,1,2,1,2,5,1,2,4,3,6,2,2,1,3,3,2,2,7,2,5,1,,1,2,3,,,,,,,,,6,2,7,2,,,1,2,1,2,4,2,2,5,0,,,,1,1,1,1,2,1,0,,,2,1,1,2,1,2,1,0,,1,1,5,1,1,1,2,1,1,2,2,2,5,1,1,2,2,1,2,2,0,,1,1,1,1,1,5,0,,0,,2,2,0,,1,1,5,0,0,0,0,0,1,0,0,0,2,2,1,2,2,2,3,1,2,4,3,2,3,0,,1,2,0,,4,1,2,3,1,1,1,1,0,,3,1,1,2,7,2,3,0,,4,2,4,1,2,5,2,5,4,2,7,2,4,2,2,2,1,2,2,2,5,2,1,1,9,2,1,1,4,1,1,5,4,1,8,1,0,,,,4,3,1,1,1,1,,,1,1,,,3,2,5,2,3,1,2,0,,1,1,0,,0,,1,5,1,2,2,4,0,0,1,0,0,0,0,0,0,0,0,0,0,0,0,0,0,0,0,0,0,0,0,0,0,0,0,0,0,,,,0,,,,,,,,,,,,,,,,,,,0,0,0,0,0,0,0,0,0,0,0,0,0,0,0,0,0,0,0,0,0,0,0,0,0,0,0,0,0,0,1,4,4,2,0,0,0,0,0,0,0,0,0,0,0,0,0,0,0,0,2,50.75,163.8,18.91508302,1,0,2
01ADL0149,321,1984,11/8/2017 10:00,11/7/2017,9,1,2,1,2,1,3,2,0,3,2,1,2,1,1,0,,,0,,,0,,1,4,5,2,1,4,0,,,,0,,,,0,,,,1,8,8,3,4,1,1,0,,0,,0,,,,,1,2,3,1,1,3,1,5,2,0,,2,2,4,2,5,2,5,2,1,2,5,2,8,2,0,,,,0,,,,1,5,7,3,1,5,7,3,0,,,,5,2,4,1,2,2,0,,0,,4,3,0,,4,2,5,1,1,4,6,2,5,2,2,1,0,,0,,4,1,5,2,4,0,1,0,1,0,0,1,0,0,5,0,1,0,1,1,1,0,1,2,0,,1,5,4,3,0,,,1,2,0,,3,2,2,3,2,3,1,1,1,2,2,1,1,6,2,6,2,5,2,1,3,7,2,4,2,2,0,,5,3,1,0,,,,,,,4,3,4,3,0,,5,3,4,4,4,0,,,,,,,,5,2,3,3,2,1,1,2,4,2,3,2,3,2,3,2,4,2,2,2,4,2,4,2,0,,,4,2,3,0,,,,0,,4,2,2,4,3,2,3,0,,3,2,3,4,2,2,3,4,3,3,4,2,0,,5,2,4,2,3,2,5,3,1,3,2,4,2,0,,5,2,1,3,2,2,2,3,2,3,1,2,0,,0,,9,1,1,0,1,1,0,1,0,0,0,,1,7,6,2,2,3,2,3,7,2,5,3,2,4,3,2,3,3,2,1,5,2,1,0,,0,,5,2,0,,4,2,3,0,,8,2,1,0,,0,,,2,3,4,3,5,3,0,,0,,2,3,5,1,2,1,2,1,6,3,3,2,1,5,4,1,0,,0,,,,0,,0,,,,,,0,,,,,,,,,0,,1,2,1,4,1,4,1,2,1,1,1,1,5,5,0,0,0,1,0,0,0,0,1,0,0,0,1,0,1,0,0,0,0,0,0,0,0,0,0,0,0,0,1,4,2,4,1,0,,,,2,1,2,3,3,1,0,,0,,,0,,,0,0,1,0,0,0,0,0,0,1,1,1,0,0,1,1,1,1,1,1,1,1,0,0,0,0,0,0,0,0,1,5,6,2,0,0,0,0,0,0,0,0,0,0,0,0,0,0,0,1,0,70.6,147.1,32.62716623,3,1,2
01ADL0150,325,1946,11/9/2017 12:17,11/9/2017,11,2,0,,0,,1,1,1,2,1,1,0,,,0,,,0,,,0,,0,,,,,,0,,,,0,,,,0,,,,1,9,9,1,3,1,3,1,1,0,,1,7,7,2,1,1,2,1,1,5,1,1,3,2,4,2,9,2,1,2,6,2,7,1,1,1,1,2,7,1,1,6,2,2,1,6,1,2,1,6,1,2,1,4,4,,0,,,,6,2,4,3,7,3,8,3,7,2,1,1,5,2,4,2,6,1,1,2,4,2,7,2,6,1,4,3,5,3,7,2,7,1,7,0,1,1,1,1,1,0,1,0,6,0,0,0,1,0,0,1,1,2,4,3,1,5,4,2,5,2,5,7,1,5,2,1,2,0,,1,2,1,1,1,2,1,2,1,6,2,0,,4,1,2,,2,,6,2,1,2,2,10,2,3,1,2,1,3,2,1,1,1,2,0,,1,1,4,1,1,5,2,5,5,1,1,1,1,2,2,4,2,1,4,1,1,1,1,7,2,1,1,1,1,1,1,0,,6,2,0,,1,,1,1,3,0,,,4,2,5,4,4,2,0,,,,1,2,5,1,1,0,,,1,1,,,1,1,5,1,1,2,1,4,1,6,1,1,,1,1,1,1,1,1,1,1,1,0,,,1,1,5,1,1,6,2,6,2,1,1,5,1,5,0,0,0,1,0,0,0,0,0,5,1,1,5,4,2,3,1,2,2,1,2,1,4,2,1,1,1,1,1,2,5,2,1,5,3,2,0,,9,1,2,2,9,2,5,1,1,8,1,4,1,2,1,1,5,3,1,2,1,1,1,0,,1,1,1,1,5,1,2,1,8,1,1,1,5,1,1,5,3,1,1,2,0,,,,4,4,0,,,,,,0,,,,,,,,,0,,0,,1,1,1,2,0,,1,5,1,4,6,6,1,0,1,0,0,0,0,0,0,0,0,0,0,0,0,0,0,0,0,0,0,0,0,0,0,0,0,0,1,5,2,2,1,0,,,,5,3,2,2,3,2,0,,5,3,2,0,,,0,0,0,0,0,1,0,0,0,0,1,0,0,1,0,0,1,0,0,0,0,0,1,0,0,0,0,0,0,1,2,3,6,2,0,0,0,0,0,0,0,0,0,0,0,0,0,0,0,0,2,52.9,162.8,19.95937192,1,0,2
01ADL0151,327,1944,11/9/2017 13:09,11/9/2017,1,2,0,,0,,0,,,1,2,1,4,1,1,0,,,0,,,0,,0,,,,,,0,,,,0,,,,0,,,,1,9,9,1,5,5,5,1,1,0,,1,7,7,2,1,0,,,,,,,,,0,,8,2,0,,7,1,6,2,0,,,,9,1,1,1,4,2,1,5,3,2,1,2,3,3,1,4,6,3,0,,,,6,3,6,3,7,3,9,3,4,3,2,2,1,2,5,2,5,2,1,6,3,2,7,2,4,3,4,3,5,3,9,3,7,3,5,0,0,0,1,0,0,0,0,0,6,0,0,0,0,0,0,1,,1,5,3,1,5,5,3,9,,5,9,3,4,3,0,,0,,1,1,1,1,1,1,,5,1,5,2,0,,1,1,0,,1,2,5,2,1,9,3,10,2,1,0,,,,,,,1,1,0,,1,1,1,2,1,2,2,1,1,2,1,1,1,1,1,0,,,,,,,,8,2,1,1,1,1,2,1,0,,5,2,1,2,8,3,4,1,2,0,,,3,2,5,3,6,3,1,1,2,1,1,2,5,1,2,0,,,1,1,1,2,1,2,5,1,1,5,2,7,2,7,2,1,3,1,0,,,,,,,,,,,1,1,5,0,,4,3,7,3,0,,6,2,7,0,0,0,1,0,0,0,0,0,2,2,1,6,6,2,2,1,2,5,1,2,1,1,2,1,1,0,,1,1,5,1,1,5,1,1,0,,9,2,1,1,3,2,5,1,2,10,2,3,1,1,3,2,5,1,1,1,1,1,2,1,1,0,,1,1,2,1,1,1,9,1,1,1,5,1,1,5,3,1,6,1,,,,,6,5,0,,,,,,1,1,,,,,5,3,3,1,1,0,,0,,1,5,0,,1,5,1,5,6,7,1,0,1,0,1,0,0,0,1,0,1,0,1,0,0,0,0,0,0,0,0,0,0,0,0,0,0,0,1,5,2,4,1,,,,,,,,,,,,,5,3,4,0,,,0,1,0,0,0,1,0,0,0,0,1,0,0,1,0,0,1,0,0,0,0,0,0,0,0,0,0,0,0,0,1,4,5,2,0,0,0,0,0,0,0,0,0,0,0,0,0,0,0,0,2,43.3,148.2,19.71475975,1,0,2
01ADL0152,323,1951,11/8/2017 11:14,11/8/2017,7,1,1,2,0,,4,2,1,4,2,1,1,2,1,0,,,0,,,0,,0,,,,,,1,5,4,2,1,1,1,1,0,,,,1,7,7,1,4,1,5,3,1,1,1,1,6,6,2,1,6,2,1,1,5,1,1,5,2,5,2,6,2,1,1,7,2,6,1,1,7,3,2,7,2,1,4,1,2,0,,,,1,6,4,2,1,4,3,1,0,,,,3,1,4,1,5,2,6,2,1,2,0,,7,2,4,2,1,2,1,4,1,2,7,2,3,2,0,,1,2,4,2,7,1,6,1,1,0,1,0,0,1,0,0,4,0,0,0,0,0,1,1,,2,4,2,1,7,7,2,7,2,4,7,1,3,1,3,1,1,2,3,1,1,2,3,2,2,1,1,3,2,5,2,1,2,0,,3,2,3,2,1,4,2,7,2,2,4,2,1,1,1,5,2,3,2,0,,1,2,3,2,4,2,1,6,4,2,2,1,2,2,1,7,2,2,3,1,2,1,2,7,1,2,3,1,2,1,1,5,2,5,2,0,,0,,0,,,0,,,3,2,5,4,5,3,0,,,,1,3,3,1,2,0,,,1,2,1,3,0,,,0,,5,3,4,2,6,2,2,5,1,0,,0,,4,1,0,,0,,,0,,,1,2,1,3,5,3,2,3,5,3,6,1,0,0,1,0,0,1,0,0,2,3,1,4,3,2,3,1,3,1,3,2,1,4,2,0,,0,,3,2,4,5,2,2,3,1,4,2,7,1,7,2,5,2,5,5,2,3,1,3,3,2,4,2,4,3,2,5,1,0,,4,2,3,2,3,2,5,1,1,1,6,,3,2,7,2,3,3,5,1,3,1,4,1,1,,2,2,0,,,,,,1,1,1,,1,,4,2,6,0,,1,5,1,2,1,3,1,2,1,4,1,4,5,6,1,0,0,0,0,0,0,0,0,0,0,0,0,0,0,0,0,0,0,0,0,0,0,0,0,0,0,0,1,5,2,4,1,2,1,2,2,5,5,3,2,3,4,0,,5,2,3,0,,,0,0,1,0,0,0,0,0,0,0,0,0,0,1,0,0,1,0,0,0,0,0,1,0,1,0,0,0,0,1,1,6,5,2,0,0,0,0,0,0,0,0,0,0,0,0,0,0,0,1,2,66.8,165.5,24.38824034,1,4,2
01ADL0153,329,1987,11/13/2017 10:21,11/13/2017,12,2,0,,0,,1,3,5,2,3,3,0,,,4,3,2,0,,,0,,1,1,1,1,3,3,0,,,,0,,,,1,2,2,3,1,9,9,2,5,1,5,2,2,2,2,0,,,,,4,2,1,1,1,5,1,2,2,0,,2,2,0,,2,2,0,,1,7,0,2,1,1,0,,,,,,,,1,6,0,2,1,4,1,3,0,,,,1,2,2,3,7,2,3,2,2,2,1,1,4,2,3,3,0,,1,4,4,2,4,3,4,3,2,2,7,2,5,2,7,3,10,0,1,1,1,0,1,0,0,0,3,0,0,0,0,1,0,0,2,1,5,3,1,1,0,1,5,2,5,4,1,5,1,5,1,0,,3,2,2,1,1,4,2,2,1,3,2,4,2,2,2,4,2,4,2,0,,,7,2,7,1,1,1,2,1,5,3,3,2,0,,1,2,0,,5,1,2,4,5,4,5,2,1,3,3,3,2,6,2,1,1,2,1,1,1,4,1,1,1,4,3,1,1,4,2,1,2,0,,1,3,0,,,0,,,0,,,,2,3,1,3,2,5,1,2,3,1,2,1,2,1,1,1,1,2,1,2,3,1,2,0,,4,2,4,2,2,2,1,0,,1,2,1,1,0,,6,2,1,4,2,1,1,2,1,2,3,2,0,,2,2,0,0,0,0,0,0,0,0,0,0,0,,1,5,5,2,4,1,2,3,3,2,3,0,,1,2,1,2,1,2,3,3,2,1,2,2,0,,6,2,0,,5,2,3,0,,8,2,3,0,,3,2,1,2,2,2,2,3,2,2,2,2,2,1,2,5,1,1,1,5,1,1,2,7,1,1,5,5,1,6,1,0,,,,6,3,0,,,,,,1,2,2,3,1,,5,2,1,0,,0,,1,1,1,3,1,1,1,3,1,1,5,3,1,0,0,0,0,0,0,0,0,0,0,0,0,0,0,0,0,0,0,0,0,0,0,0,0,0,0,0,1,5,2,2,1,0,,,,0,,,,,,0,,0,,,0,,,0,1,0,0,0,1,0,0,0,0,0,0,0,0,0,0,1,0,0,0,0,0,0,0,0,0,0,0,0,0,1,6,4,2,0,0,0,0,0,0,0,0,0,0,0,0,0,0,0,0,0,69.15,160.6,26.81026475,2,0,2
01ADL0154,335,1984,11/15/2017 10:05,11/15/2017,9,1,0,,0,,0,,,1,1,1,0,,,0,,,0,,,0,,1,1,0,1,5,3,1,1,0,2,0,,,,1,2,2,2,1,8,8,2,4,1,5,0,,1,1,1,1,1,2,1,7,2,1,1,4,2,1,5,2,0,,5,2,0,,5,2,0,,1,1,0,2,1,2,1,1,0,1,1,1,0,2,1,1,1,2,1,2,1,2,0,,,,1,2,1,1,6,2,3,2,1,1,0,,3,2,1,2,1,1,1,3,3,1,3,2,3,2,1,1,0,,1,1,6,2,6,0,0,0,0,1,1,0,0,0,1,0,0,0,1,0,0,0,1,1,1,2,1,5,4,2,4,3,2,5,1,0,,1,2,1,2,1,2,1,1,1,1,1,1,1,4,1,2,1,1,3,1,3,4,2,5,2,5,0,,8,2,1,0,,,,,,,1,2,1,2,0,,1,2,5,1,3,1,2,2,1,1,1,1,1,5,2,3,1,1,1,1,1,4,1,3,1,1,1,1,1,0,,4,1,1,2,4,2,1,2,4,0,,,1,2,5,5,1,2,2,1,2,2,0,,,1,2,1,2,1,2,3,1,2,1,2,3,1,1,0,,2,3,4,2,2,4,1,1,2,2,2,0,,0,,1,1,2,1,1,1,0,,0,,1,2,0,,1,2,1,0,0,0,0,1,1,0,0,0,4,2,1,4,1,2,2,1,1,5,1,2,4,1,2,1,1,0,,1,2,2,2,1,1,2,1,1,1,2,1,4,2,3,2,5,1,2,1,1,2,1,2,2,2,1,1,2,1,1,0,,0,,0,,1,2,4,2,1,1,9,1,6,1,7,2,3,4,1,1,0,,1,1,2,1,2,1,0,,,,,,0,,,,,,,,,0,,0,,1,1,1,4,0,,1,4,1,4,3,2,0,0,0,0,0,0,0,0,0,0,0,0,0,0,0,0,0,0,0,0,0,1,0,0,0,0,0,0,0,,,,1,2,1,2,4,3,5,3,3,3,1,0,,2,6,4,0,,,0,0,0,0,0,0,0,0,0,0,1,0,0,0,0,0,1,0,0,0,0,0,0,0,0,0,0,0,0,0,2,6,7,2,0,0,0,0,0,0,0,0,0,0,0,0,0,0,0,1,0,40.6,154.7,16.96466961,0,0,2
01ADL0155,349,1966,12/8/2017 11:39,12/8/2017,5,2,0,,0,,0,,,0,,,0,,,0,,,0,,,0,,0,,,,,,,,,,0,,,,0,,,,1,9,9,1,4,1,3,0,,0,,1,4,1,2,1,0,,,,,,,,,0,,5,2,1,2,0,,0,,1,5,0,2,3,2,1,1,1,1,1,8,4,,1,5,4,,1,5,3,2,,,,,1,,8,2,7,2,0,,0,,1,2,7,2,0,,0,,0,,,,9,3,9,3,1,1,0,,9,,4,2,1,0,0,0,1,0,0,0,0,0,1,0,0,0,0,0,0,1,,,1,2,1,9,9,2,6,2,3,0,,4,1,0,,0,,0,,,,,,,,,4,2,0,,0,,1,2,4,1,1,2,1,9,3,0,,,0,,,,,,,0,,0,,0,,0,,,,,0,,,,,,,,7,1,,1,,1,1,1,0,,,,,,,,0,,7,1,0,,0,,0,,,0,,,9,2,5,,0,,0,,,,0,,,0,,0,,,0,,0,,0,,,0,,0,,0,,0,,,,,0,,0,,0,,0,,0,,,0,,,0,,1,2,7,2,0,,2,2,1,0,0,0,1,0,0,0,0,0,1,1,1,7,4,2,2,1,5,1,0,,,0,,0,,0,,0,,,0,,,1,1,1,1,5,1,10,2,7,2,5,0,,0,,,1,2,1,1,5,0,,0,,0,,0,,0,,0,,,,,,1,1,0,,6,1,1,5,1,1,0,,0,,,,7,2,0,,,,,,0,,,,,,,,,0,,0,,0,,0,,0,,0,,0,,7,5,0,0,0,0,0,0,0,0,1,0,0,0,0,0,0,0,0,0,0,0,0,0,1,1,1,0,0,0,1,5,2,4,1,0,,,,2,2,2,2,2,3,0,,0,,,0,,,0,0,0,0,0,1,0,0,0,0,0,0,0,0,0,0,0,0,0,0,0,0,0,0,0,0,0,0,0,0,1,2,6,2,0,0,0,0,0,0,0,0,0,0,0,0,0,0,0,0,1,35.4,158.1,14.16248693,0,0,2
01ADL0156,331,1946,11/13/2017 13:10,11/13/2017,1,2,0,,0,,0,,,0,,,0,,,3,1,3,0,,,0,,0,,,,,,0,,,,0,,,,0,,,,1,8,8,1,5,1,1,1,1,0,,1,9,8,1,1,1,1,1,1,5,1,1,3,2,0,,7,2,2,2,8,2,1,1,1,7,1,2,2,2,1,1,1,2,1,1,1,1,1,10,7,3,1,7,2,2,1,7,1,2,4,1,7,2,10,1,10,3,2,2,1,1,10,2,3,2,2,2,1,7,4,1,7,2,7,2,2,3,0,,9,3,9,3,7,0,0,0,1,0,0,0,0,0,0,0,0,0,0,0,0,0,,,9,2,1,9,9,2,10,3,5,9,1,4,1,0,,0,,1,1,1,,1,2,,2,1,9,2,0,,0,,5,2,1,1,9,1,1,10,3,7,1,1,1,1,1,2,2,2,1,1,1,0,,0,,1,1,3,3,1,1,5,1,1,1,,5,1,1,1,1,1,,1,2,2,1,1,1,1,2,2,1,,0,,3,2,0,,0,,0,,,0,,,0,,,,1,1,0,,,,0,,,1,1,0,,,0,,0,,0,,,0,,0,,3,2,0,,,,,1,2,0,,0,,0,,0,,,,,,0,,1,2,2,2,0,,0,,4,0,0,0,1,0,0,0,0,0,7,2,1,9,8,2,3,1,3,1,1,2,1,1,1,1,1,0,,1,1,1,1,1,4,0,,0,,10,1,1,1,7,1,2,0,,5,2,2,0,,0,,,2,1,4,1,0,,1,1,1,1,1,1,4,1,2,1,0,,0,,6,1,1,1,2,1,5,5,0,,,,7,3,0,,,,,,1,1,,,2,2,4,3,2,1,1,0,,1,1,0,,0,,1,4,1,5,9,7,1,0,0,0,0,0,0,0,0,0,1,0,0,0,0,0,0,0,0,0,0,0,0,0,0,0,0,0,1,1,1,4,1,0,,,,4,4,2,2,1,3,0,,0,,,0,,,0,0,1,0,0,1,0,0,0,0,0,0,0,1,0,0,1,0,0,0,0,0,0,0,1,0,0,0,0,0,1,4,4,2,0,0,0,0,0,0,0,0,0,0,0,0,0,0,0,0,2,41.7,144.2,20.05420888,1,1,2
01ADL0157,330,1946,11/13/2017 12:34,11/13/2017,2,1,0,,0,,0,,,0,,,0,,,0,,,0,,,0,,1,4,4,2,5,4,0,,,,0,,,,1,1,2,2,1,7,7,1,5,1,1,2,1,0,,1,9,7,2,1,1,2,1,1,5,1,0,,,0,,5,2,0,,6,2,0,,1,7,0,2,1,2,1,1,3,2,1,1,0,3,1,10,7,2,1,1,1,2,1,1,1,2,1,1,1,2,7,2,8,2,0,,1,2,8,2,1,1,1,1,1,5,3,2,8,2,8,2,1,2,1,1,1,1,6,1,6,0,0,0,1,0,1,1,0,0,6,0,0,0,1,0,0,1,,1,8,2,1,8,0,2,9,2,4,1,1,3,1,2,2,1,2,1,1,1,,1,1,1,1,,6,2,0,,0,,1,2,1,2,6,2,2,9,1,3,2,1,3,2,1,5,3,1,,1,2,1,1,0,,2,2,,,,1,1,2,1,5,2,2,2,3,2,1,1,,1,1,2,0,,,,,,,,1,1,2,2,0,,0,,0,,,0,,,0,,,,0,,2,1,2,3,0,,,0,,2,2,1,1,2,0,,0,,,0,,0,,2,2,0,,,,,1,3,0,,0,,0,,4,2,1,0,,,0,,1,2,2,2,0,,1,1,1,0,1,0,1,0,1,1,0,0,5,1,1,7,6,2,5,3,3,3,1,3,1,5,2,0,,0,,5,2,1,0,,,1,1,1,2,8,1,0,,7,2,5,0,,5,2,1,0,,3,3,3,0,,1,1,5,2,0,,0,,1,2,5,1,1,2,7,2,1,1,2,1,1,5,5,1,6,2,0,,,,4,2,0,,,,,,0,,,,,,,,,0,,1,5,1,5,0,,0,,1,2,1,2,3,3,1,0,0,0,0,0,0,0,0,0,0,0,0,0,0,0,0,0,0,0,0,0,0,0,0,0,0,0,1,5,2,3,1,0,,,,5,5,2,2,3,3,0,,0,,,5,5,3,0,0,0,0,0,1,0,0,0,0,0,0,0,0,0,0,0,0,0,0,0,0,0,0,1,0,0,0,0,0,3,5,4,2,0,0,0,0,0,0,0,0,0,0,0,0,0,0,0,1,2,73.2,167.6,26.05931841,2,4,2
01ADL0158,336,1992,11/16/2017 10:03,11/16/2017,10,1,1,2,1,2,2,2,1,2,2,1,1,2,2,4,2,5,0,,,1,1,1,5,3,2,5,1,1,1,0,2,0,,,,1,2,2,2,1,8,7,1,4,1,2,2,2,1,1,1,7,7,2,1,3,2,1,2,3,2,1,4,1,0,,1,2,0,,5,2,2,2,0,,,,1,1,0,,,,1,3,1,3,1,3,1,2,1,2,1,2,1,1,0,3,1,3,1,2,7,2,6,2,1,1,1,3,4,3,7,2,5,2,1,4,2,2,5,2,2,2,1,1,2,2,5,2,4,2,10,0,0,0,0,0,0,0,0,0,2,0,0,0,0,0,1,1,,1,3,3,1,4,3,1,4,2,1,4,1,3,1,3,1,1,3,1,2,5,2,1,1,,1,,4,1,4,1,4,3,1,1,4,2,4,2,5,7,2,8,2,,3,2,1,4,,3,2,1,2,0,,1,3,4,2,5,1,1,3,1,3,,,,5,1,4,2,4,5,,1,1,1,3,1,5,1,1,1,1,,2,1,2,2,2,3,1,2,1,2,1,2,3,1,0,,,,0,,2,1,2,1,1,2,,2,,1,2,1,2,2,0,,1,2,,1,1,1,2,2,2,3,2,,,,0,,6,2,1,2,1,2,3,1,1,3,1,1,2,2,4,2,4,2,0,,2,2,,0,0,0,0,0,0,0,0,0,2,2,,,,,,,,,2,3,,1,2,1,2,1,3,1,1,1,1,1,,1,1,1,2,9,2,1,2,0,,,0,,0,,,1,2,1,2,5,1,2,4,1,2,2,2,2,2,2,1,1,5,1,1,1,4,1,4,1,6,1,4,3,2,1,6,1,4,3,3,,2,1,1,1,1,1,,,1,1,1,1,1,,1,,,,,0,,1,1,1,1,1,1,0,,1,,6,2,1,0,0,1,0,0,0,0,0,0,0,0,1,0,1,0,0,0,0,0,0,0,0,0,0,0,0,0,0,,,,0,,,,,,,,,,,,,,,,,,,0,0,0,0,0,0,0,0,0,0,0,0,0,0,0,0,0,0,0,0,0,0,0,0,0,0,0,0,0,0,2,5,4,2,0,0,0,0,0,0,0,0,0,0,0,0,0,0,0,1,0,53.65,172.5,18.02982567,0,0,2
01ADL0159,362,1946,1/2/2018 11:50,1/2/2018,12,2,1,2,0,,1,2,0,1,2,2,1,1,1,0,,,0,,,0,,0,,,,,,0,,,,0,,,,0,,,,1,8,8,2,1,1,5,0,,0,,1,1,1,2,1,0,,,,,,,,,0,,2,2,6,2,1,2,2,2,1,10,1,2,4,3,0,,,,0,,,,1,6,4,3,1,10,1,2,1,4,,3,0,,1,2,7,2,1,2,1,3,2,2,1,2,,,1,2,1,2,0,3,1,1,1,1,2,2,4,2,0,,9,2,1,0,0,0,1,0,0,0,0,0,1,0,1,0,1,0,0,0,1,1,1,2,1,2,1,2,6,2,4,5,1,4,1,1,1,2,2,1,1,1,1,1,2,1,1,1,1,2,1,2,1,1,0,,1,1,2,1,1,1,2,7,1,1,0,,,,,,,1,2,0,,1,1,0,,,,,1,1,2,1,3,2,1,,4,2,3,1,,1,1,1,4,2,3,1,3,2,1,,0,,2,1,0,,0,,0,,,0,,,2,1,3,5,0,,0,,,,1,3,5,0,,1,1,5,0,,0,,0,,,1,1,1,2,0,,2,2,1,5,3,1,2,1,1,1,1,0,,0,,,1,1,5,0,,1,2,7,2,0,,2,2,0,0,0,0,0,0,0,0,0,0,3,2,1,6,6,2,2,1,2,3,1,1,1,4,3,1,1,0,,1,1,5,1,1,5,4,2,0,,4,1,0,,2,1,5,1,1,4,2,2,1,1,1,1,5,1,1,1,1,1,1,0,,0,,1,1,5,1,1,1,0,,4,1,9,2,1,5,5,1,0,,0,,,,5,5,1,2,1,1,,,1,1,,,1,,5,3,1,0,,0,,1,1,1,1,0,,0,,1,5,4,7,1,0,0,0,1,0,0,0,0,0,0,0,0,0,1,0,0,0,0,0,0,0,0,0,0,0,0,0,1,5,2,3,1,0,,,,5,3,2,1,1,3,0,,5,6,3,5,1,2,0,0,1,1,0,1,1,0,0,1,1,1,0,0,0,0,0,0,0,0,0,0,0,0,0,0,0,0,0,0,2,3,5,2,0,0,0,0,0,0,0,0,0,0,0,0,0,0,0,0,2,51.7,164.8,19.03601895,1,4,2
01ADL0160,334,1988,11/14/2017 10:14,11/14/2017,11,2,0,,0,,1,2,1,1,2,1,1,2,1,0,,,0,,,0,,1,1,1,2,2,2,1,1,0,1,0,,,,1,1,1,2,1,9,9,1,1,1,2,1,1,1,1,1,1,1,2,1,3,2,1,1,3,3,1,7,2,1,2,0,,1,2,2,2,1,1,1,1,0,2,1,1,0,,,,1,1,0,2,1,2,2,2,1,1,1,2,0,,,,0,,3,2,4,3,3,2,0,,0,,1,2,0,,1,3,1,1,1,2,1,2,2,3,0,,1,3,1,3,2,2,2,0,1,0,1,0,0,0,0,0,1,0,0,0,1,0,0,0,1,2,2,2,1,3,2,2,1,2,1,1,2,1,2,4,2,0,,1,1,2,2,1,2,2,4,2,2,3,4,2,1,3,1,3,2,2,1,2,5,1,2,2,3,1,1,2,1,3,3,5,2,2,2,2,2,0,,3,2,5,3,2,0,,,,,,,,5,2,4,2,2,1,1,1,1,1,4,1,3,3,1,1,4,2,3,2,0,,1,2,0,,,0,,,1,2,5,5,1,3,3,3,2,4,2,2,3,1,2,1,2,1,1,3,0,,1,2,3,0,,0,,1,3,1,2,4,4,3,0,,1,2,0,,0,,1,3,1,1,2,2,0,,0,,1,2,1,2,1,2,3,0,1,0,1,0,0,0,1,0,1,2,1,4,2,3,1,2,3,3,1,2,5,4,2,0,,1,2,4,2,1,3,2,1,1,2,0,,3,2,2,2,1,2,1,0,,7,2,1,0,,1,2,1,3,2,1,2,1,2,1,2,0,,1,2,1,1,5,1,2,2,1,1,6,2,1,5,5,1,2,1,1,4,4,1,3,4,1,3,2,1,,,1,5,2,3,1,,1,,,1,2,0,,1,1,0,,1,1,1,2,1,1,2,2,0,0,0,0,0,0,0,1,0,0,0,0,0,0,0,0,0,0,0,0,0,0,0,0,0,0,0,0,1,2,2,2,0,,,,,,,,,,,,,,,,,,,0,0,0,0,0,0,0,0,0,0,0,0,0,0,0,0,0,0,0,0,0,0,0,0,0,0,0,0,0,0,2,2,2,2,0,0,0,0,0,0,0,0,0,0,0,0,0,0,0,0,0,46.75,163.5,17.48823986,0,0,2
01ADL0161,356,1965,12/18/2017 11:16,12/18/2017,12,2,1,1,1,2,1,2,2,0,,,0,,,1,2,7,0,,,0,,1,3,1,2,5,4,0,,,,0,,,,0,,,,1,8,8,1,5,1,5,7,1,2,2,0,,,,,0,,,,,,,,,1,2,5,2,7,1,7,2,1,1,1,7,3,2,4,1,1,5,1,1,1,5,0,2,1,5,2,2,1,6,5,2,1,5,2,3,0,,2,3,9,3,9,3,6,3,5,3,6,3,7,3,3,2,1,7,3,3,7,3,6,3,4,3,3,3,5,3,6,2,9,0,1,0,1,0,1,1,1,0,3,0,0,0,1,0,0,1,1,1,3,3,1,6,3,3,8,3,3,6,1,5,2,0,,0,,1,1,1,1,1,2,2,2,2,1,3,3,2,1,2,0,,2,1,1,1,1,5,3,9,2,2,1,1,2,2,3,1,1,0,,1,1,0,,1,2,1,5,2,1,1,2,1,2,3,1,1,0,,,,,,,,0,,,,,,,,1,2,10,3,1,2,1,1,1,1,3,0,,,3,3,5,1,1,2,0,,,,1,1,5,1,2,0,,,0,,1,2,1,1,5,0,,0,,3,2,0,,,,,1,2,1,1,0,,1,2,0,,,2,1,5,0,,4,2,8,2,0,,9,2,1,0,0,0,1,0,1,1,1,0,3,2,1,1,1,1,2,1,1,4,1,2,1,1,2,1,2,0,,2,2,3,3,3,4,0,,0,,10,3,6,2,4,2,5,0,,3,2,4,1,2,1,3,4,5,3,5,2,0,,1,2,0,,0,,,,,,7,3,0,,10,2,1,5,3,1,1,5,0,,,,8,2,1,5,1,5,4,2,0,,,,,,,,,3,2,0,,1,1,1,3,0,,0,,1,1,7,5,1,0,0,0,0,0,0,1,0,0,0,0,1,0,1,1,0,0,0,0,0,0,1,1,0,0,0,0,1,5,2,4,1,0,,,,5,5,2,2,2,3,5,2,0,,,0,,,0,0,0,0,0,0,0,0,0,0,0,0,0,0,0,0,0,1,0,0,0,0,0,0,0,0,0,0,0,1,1,4,5,2,0,0,0,0,0,0,0,0,0,0,0,0,0,0,0,0,1,47.5,163.6,17.74708425,0,0,2
01ADL0162,358,1950,,12/19/2017,11,2,1,2,1,1,1,1,4,1,1,1,1,1,1,0,,,0,,,0,,0,,,,,,0,,,,0,,,,1,2,1,1,1,9,8,1,4,1,2,1,1,1,1,1,4,4,1,1,7,2,1,1,5,1,1,7,1,1,1,2,1,1,1,7,1,3,1,1,8,2,2,2,1,1,1,0,1,1,1,0,1,1,8,6,1,1,4,2,2,1,1,1,3,1,1,8,1,4,2,2,2,1,1,1,2,4,2,3,2,2,1,1,1,1,2,4,2,3,2,2,2,2,3,2,2,8,3,9,0,0,0,1,0,0,0,1,0,5,0,0,0,0,0,0,0,,,0,,1,7,4,2,4,3,5,1,1,4,2,1,1,1,1,4,2,1,,1,1,,1,,2,2,4,1,1,1,0,,2,,,,,,,,,,,,,,,,,,,,,,,,,,,,,,,,,,,,,,,,,,,,,,,,,,,,,,,,,,,,,,,,,,,,,,,,,,,,,,,,,,,,,,,,,,,,,,,,,,,,,,,,,,,,,,,,,,,,,,,,,,,,,,,0,0,0,0,0,0,0,0,0,,,,,,,,,,,,,,,,,,,,,,,,,,,,,,,,,,,,,,,,,,,,,,,,,,,,,,,,,,,,,,,,,,,,,,,,,,,,,,,,,,,,,,,,,,,,,,,,,,,,,,,,,,,,,,,,0,0,0,0,0,0,0,0,0,0,0,0,0,0,0,0,0,0,0,0,0,0,,0,0,0,0,0,,,,,,,,,,,,,,,,,,,,,,,,0,0,0,0,0,0,0,0,0,0,0,0,0,0,0,0,0,0,0,0,0,0,0,0,0,0,0,0,0,0,,,,0,0,0,0,0,0,0,0,0,0,0,0,0,0,0,0,0,2,72.7,165.3,26.60655853,2,4,2
01ADL0163,350,1962,12/13/2017 10:20,12/13/2017,12,2,1,2,1,2,3,2,0,5,2,1,0,,,1,1,1,0,,,0,,0,,,,,,0,,,,0,,,,,,,,1,7,7,1,1,1,5,4,2,2,2,0,,,,,7,1,1,2,2,3,1,1,1,0,,6,2,4,2,7,2,1,1,1,7,0,2,5,2,1,1,0,1,1,3,0,1,1,5,1,2,1,5,4,2,1,6,4,3,3,2,4,2,6,2,5,2,0,,3,3,3,2,5,2,3,2,1,4,1,2,4,2,4,3,4,2,3,2,0,,5,3,6,0,1,0,1,0,1,0,0,0,0,0,0,0,0,0,0,0,,,4,3,1,7,3,3,7,2,2,,,7,2,0,,1,1,2,1,1,1,1,2,1,1,1,1,2,2,1,1,1,1,2,2,2,2,1,1,6,1,4,1,1,1,1,1,2,2,2,1,1,2,0,,1,1,4,1,2,2,3,2,2,1,1,1,1,5,2,8,1,1,4,1,1,1,1,4,1,3,1,2,2,2,1,4,1,4,1,1,1,5,2,3,2,2,1,2,1,2,1,3,3,3,1,1,1,1,5,1,1,3,1,2,0,,,2,2,0,,1,2,3,1,1,1,1,1,2,4,2,1,3,2,0,,4,1,1,1,0,,1,1,5,1,1,3,4,2,4,2,4,2,1,1,5,2,7,0,0,0,1,0,1,0,0,0,6,3,1,5,4,2,2,3,3,2,1,2,2,3,2,1,1,0,,1,1,3,1,1,3,0,,0,,5,2,0,,7,1,2,2,1,5,2,5,1,1,1,1,2,1,2,4,2,3,1,4,1,0,,2,1,3,1,2,1,4,1,3,1,7,1,1,5,1,2,6,3,0,,,,7,2,0,,,,,,1,1,1,3,1,,3,2,1,0,,0,,1,1,1,1,1,3,1,3,1,3,5,6,0,0,0,0,1,0,0,0,0,0,0,0,0,0,0,0,0,0,0,0,0,0,0,0,0,0,0,0,1,5,2,4,1,2,2,1,3,5,4,2,2,1,4,0,,2,3,4,0,,,0,0,0,0,0,0,1,0,0,0,0,0,0,1,0,0,1,0,0,0,0,0,0,0,0,0,0,0,0,1,2,4,2,2,0,0,0,0,0,0,0,0,0,0,0,0,0,0,0,0,1,45.7,157.4,18.44619282,0,0,2
01ADL0164,339,1969,11/21/2017 10:53,11/21/2017,5,2,1,2,0,,1,2,5,1,2,1,0,,,0,,,0,,,0,,1,1,1,2,1,1,0,,,,0,,,,1,1,1,2,1,4,4,1,5,3,3,3,2,1,2,1,5,5,2,5,4,2,1,1,5,1,1,7,3,0,,2,2,1,2,3,2,4,3,1,1,0,2,0,,1,1,0,2,1,1,0,3,0,,,,0,,,,0,,,,0,,3,2,5,2,3,2,1,2,1,2,1,3,5,2,0,,0,,,,2,2,1,2,1,2,1,2,0,,4,2,1,0,0,0,1,0,0,0,0,0,1,0,1,0,0,0,0,0,1,1,4,2,1,1,1,3,4,2,5,1,2,2,2,3,2,0,,0,,,,,,,,,0,,2,2,3,2,0,,4,2,1,2,1,2,2,4,2,2,1,3,1,2,3,2,2,0,,0,,0,,1,2,2,4,1,1,2,2,1,5,3,1,1,5,2,5,4,2,1,1,3,1,2,5,1,3,3,1,1,1,2,4,3,0,,1,2,1,2,1,1,2,1,1,2,5,1,1,2,1,2,2,5,0,,,0,,0,,,0,,0,,0,,,0,,2,2,1,2,2,2,1,3,5,0,,4,2,0,,0,,4,2,4,4,2,5,1,2,1,2,5,2,0,,1,2,7,0,0,0,1,0,0,0,0,0,0,,1,1,0,2,1,2,1,2,4,2,5,1,2,0,,0,,3,2,1,1,1,1,0,,0,,7,3,0,,1,2,1,0,,4,2,1,0,,1,2,1,2,2,2,2,7,2,2,2,2,2,2,1,2,1,2,2,0,,1,2,8,1,1,5,5,1,6,2,2,1,1,1,2,1,0,,,,,,0,,,,,,,,,0,,1,1,1,1,0,,0,,0,,1,1,2,2,1,0,0,0,1,0,0,0,0,0,0,0,0,0,0,0,0,0,0,0,0,0,0,0,0,0,0,0,1,1,2,1,0,,,,,,,,,,,,,,,,,,,0,0,0,0,0,0,0,0,0,0,0,0,0,0,0,0,0,0,0,0,0,0,0,0,0,0,0,0,0,0,2,4,6,2,0,0,0,0,0,0,0,0,0,0,0,0,0,0,0,0,1,45.23,160.5,17.55805941,0,1,2
01ADL0165,360,1947,12/20/2017 13:36,12/20/2017,7,2,0,,1,1,0,,,0,,,0,,,7,1,1,0,,,0,,0,,,,,,0,,,,0,,,,1,4,4,2,1,7,7,1,1,1,1,1,1,0,,0,,,,,1,1,2,1,1,1,1,1,2,0,,9,1,1,1,9,2,2,2,1,9,9,2,6,2,1,1,1,2,1,1,1,2,1,4,4,2,1,9,9,1,0,,,,1,2,0,,0,,7,2,1,1,4,2,6,2,2,3,1,2,1,4,3,2,6,3,5,3,4,2,1,2,6,2,7,3,4,0,1,0,1,0,0,0,0,0,8,0,1,0,0,0,0,0,2,2,8,3,1,4,4,2,6,3,5,6,2,1,2,2,1,1,1,7,2,1,2,1,5,2,2,3,3,3,2,2,1,2,4,2,4,2,0,,,8,2,6,2,5,1,2,1,5,3,5,3,3,1,1,1,1,1,3,2,4,3,4,2,1,1,1,5,3,5,2,8,2,1,5,2,1,1,1,4,1,1,1,5,3,1,2,5,1,4,2,0,,5,2,2,2,1,0,,,0,,,,0,,0,,,,0,,,2,2,1,2,1,1,1,0,,0,,,0,,1,1,0,,2,2,1,5,1,0,,2,2,0,,0,,2,3,2,0,,,0,,2,2,7,2,0,,7,2,6,0,1,0,1,0,0,0,0,0,4,2,1,3,3,2,4,2,3,1,4,2,1,3,1,0,,0,,3,1,5,4,1,5,4,2,0,,8,1,0,,3,1,5,,,7,3,1,1,2,2,2,5,1,1,2,2,0,,0,,0,,0,,,,,,3,1,0,,7,2,1,5,5,1,6,1,0,,,,7,1,1,5,2,1,,,1,1,1,1,1,,5,2,1,0,,0,,1,1,1,3,1,5,1,5,1,3,6,5,1,0,0,0,0,0,0,0,0,0,0,0,0,0,0,0,0,0,0,0,0,0,0,0,0,0,0,0,1,5,2,4,1,0,,,,0,,,,,,0,,0,,,0,,,0,1,0,0,0,0,0,0,0,0,1,0,0,0,0,0,1,0,0,0,0,0,0,0,0,0,0,0,0,0,3,4,5,2,0,0,0,0,0,0,0,0,0,0,0,0,0,0,0,0,2,62.2,160.5,24.1457284,1,4,2
01ADL0166,348,1992,12/8/2017 9:47,12/8/2017,4,1,0,,0,,2,2,3,2,3,3,2,2,1,0,,,2,2,4,0,,1,3,1,2,5,1,1,2,1,2,0,,,,1,2,1,2,1,7,5,2,4,2,1,1,1,3,2,1,7,7,2,1,3,2,1,1,4,2,1,2,2,0,,3,2,0,,6,2,2,2,0,,,,1,2,0,,,,0,,,,1,4,1,2,0,,,,0,,,,3,2,0,,0,,2,2,1,2,1,1,1,2,0,,0,,1,6,6,1,2,1,0,,3,1,0,,3,2,7,2,1,0,0,0,1,1,0,0,0,0,4,0,0,1,1,0,0,0,1,1,4,2,1,6,4,3,5,2,4,4,1,0,,5,2,2,1,2,2,1,1,1,1,1,1,1,7,2,5,2,1,2,2,2,6,2,2,1,3,5,1,1,2,1,0,,,,,,,2,2,2,2,1,1,0,,,,,,,,,,,,,7,2,1,3,1,1,1,1,1,1,1,1,1,1,1,1,0,,1,3,1,2,4,2,0,,,3,2,4,3,3,4,5,0,,6,1,2,3,1,2,4,4,2,3,2,3,3,2,0,,4,2,4,0,,5,3,6,2,5,2,1,5,1,0,,2,2,2,1,0,,2,2,4,3,2,4,0,,0,,4,3,0,,0,,3,0,0,0,1,1,1,0,0,0,1,2,1,6,4,3,1,2,3,2,5,2,2,3,2,0,,0,,3,2,3,2,2,1,1,1,2,2,3,2,0,,3,2,4,5,2,5,2,3,0,,2,2,3,2,1,1,2,2,2,0,,0,,1,1,3,3,1,1,3,2,3,2,4,2,1,5,2,1,4,1,3,1,2,2,1,3,0,,,,,,1,3,1,4,3,2,2,1,2,0,,0,,1,3,1,3,0,,1,4,1,5,5,3,1,0,0,0,0,0,0,0,0,0,0,0,0,0,0,0,0,0,0,0,0,0,0,0,0,0,0,0,0,,,,0,,,,,,,,,,,,,,,,,,,0,0,0,0,0,0,0,0,0,0,0,0,0,0,0,0,0,0,0,0,0,0,0,0,0,0,0,0,0,0,2,7,4,2,0,0,0,0,0,0,0,0,0,0,0,0,0,0,0,1,0,101.05,178.46,31.72886527,3,2,2
01ADL0167,345,1983,12/5/2017 9:39,12/5/2017,1,1,0,,0,,3,2,3,0,,,0,,,6,2,1,0,,,0,,1,1,0,2,1,1,0,,,,0,,,,0,,,,1,9,8,2,5,1,1,0,,0,,1,1,1,2,1,9,2,1,1,5,1,1,1,2,0,,5,2,1,2,9,2,0,,1,9,0,2,9,2,0,,,,0,,,,1,9,9,2,1,9,0,2,0,,,,1,2,9,2,0,,7,2,0,,0,,5,2,0,,0,,0,,,,6,2,5,2,1,2,4,2,9,2,7,2,9,0,0,0,1,0,1,0,1,0,0,0,0,0,0,0,0,0,,,5,2,1,7,7,3,5,3,4,0,,3,2,3,2,0,,1,,1,1,1,1,1,1,1,0,,1,2,,,0,,1,2,0,,,0,,1,2,1,1,2,1,1,1,2,1,0,,0,,0,,0,,,,,0,,,,,,,,1,2,2,1,1,1,1,1,0,,,,,,,,0,,1,2,0,,0,,0,,,,,,1,2,2,,5,3,1,3,2,2,1,2,5,1,2,0,,,3,2,0,,5,2,5,0,,0,,1,3,9,2,1,5,1,0,,0,,0,,0,,0,,,4,2,5,1,2,1,2,8,2,0,,5,2,7,0,0,0,1,0,0,0,0,1,0,,1,5,1,3,1,1,4,3,1,3,1,0,,0,,0,,1,2,2,1,1,2,1,2,0,,9,2,3,3,9,2,1,0,,1,1,1,1,2,1,2,1,1,3,0,,1,2,0,,0,,1,2,2,1,2,2,0,,0,,9,2,1,5,5,1,0,,0,,,,7,1,0,,,,,,0,,,,,,,,,0,,0,,0,,0,,0,,1,2,0,,6,8,1,0,0,0,0,0,0,0,0,0,0,0,0,0,0,0,0,0,0,0,0,0,0,0,0,0,0,0,0,,,,0,,,,,,,,,,,,,,,,,,,0,0,0,0,0,0,0,0,0,0,0,0,0,0,0,0,0,0,0,0,0,0,0,0,0,0,0,0,0,0,,3,6,2,0,0,0,0,0,0,0,0,0,0,0,0,0,0,0,1,0,80.8,180.4,24.82780321,1,4,2
01ADL0168,357,1970,12/19/2017 10:01,12/19/2017,11,2,0,,0,,0,,,0,,,0,,,0,,,0,,,3,2,1,7,7,2,5,1,0,,,,0,,,,1,0,1,2,1,7,7,2,1,2,2,0,,1,1,1,6,6,3,1,0,,,,,,,,,0,,6,2,0,,7,2,0,,1,6,0,2,6,2,1,5,2,2,1,7,7,3,1,6,6,2,0,,,,1,6,6,3,1,3,7,3,10,2,9,3,2,3,4,3,0,,6,2,0,,0,,,,8,2,7,3,4,3,1,1,0,,8,1,8,0,0,0,1,0,0,0,0,0,0,0,0,0,0,0,0,0,,,4,3,1,8,8,3,7,3,4,7,1,2,3,1,3,0,,0,,,,,,,,,8,2,1,2,0,,0,,1,3,9,1,1,8,2,0,,,0,,,,,,,1,2,0,,0,,0,,,,,0,,,,,,,,0,,,,,,,,1,1,5,5,5,2,1,1,1,2,7,2,0,,0,,0,,,0,,,5,2,5,5,0,,1,3,2,5,1,3,5,1,3,2,3,3,7,2,0,,1,2,5,0,,0,,0,,8,2,1,5,1,0,,1,2,0,,0,,6,3,1,1,1,1,0,,0,,7,2,0,,6,2,7,0,0,0,1,0,0,0,0,0,5,1,1,3,3,3,1,1,1,5,0,,,0,,0,,0,,0,,,1,2,1,0,,0,,6,2,0,,7,2,5,6,2,7,2,1,0,,1,2,1,1,2,0,,0,,0,,0,,0,,,,,,1,1,1,1,9,2,1,5,1,1,0,,4,1,1,2,6,1,0,,,,,,0,,,,,,,,,0,,0,,1,1,1,1,1,1,1,1,1,1,8,5,1,0,0,0,0,0,0,0,0,1,0,0,0,0,0,0,0,0,0,0,0,0,0,0,0,0,0,0,0,,,,1,0,,,,0,,,,,,0,,0,,,0,,,0,0,0,0,0,1,0,0,0,0,0,0,0,0,0,0,0,0,0,0,0,0,0,0,0,0,0,0,0,0,1,1,9,2,0,0,0,0,0,0,0,0,0,0,0,0,0,0,0,0,1,109.6,162.1,41.7104163,3,2,2
01ADL0169,352,1984,12/15/2017 10:30,12/15/2017,1,1,0,,1,2,1,3,0,1,3,1,2,3,3,0,,,0,,,4,2,1,5,5,2,5,3,1,3,3,2,1,2,2,2,1,3,3,3,1,7,7,2,2,2,1,1,2,3,3,1,1,1,2,1,2,3,2,1,2,5,1,7,3,0,,4,2,1,2,4,2,1,2,1,1,2,2,2,2,1,1,1,2,1,1,1,2,1,1,3,2,1,1,1,2,0,,,,1,2,4,2,7,2,0,,3,3,1,2,1,2,4,2,1,1,1,4,4,2,8,2,1,2,8,2,0,,8,2,8,2,9,0,1,1,1,1,1,1,0,0,1,0,1,0,1,0,0,0,1,3,8,3,1,6,6,2,4,3,5,4,3,1,2,8,3,3,2,4,2,2,2,1,2,2,1,1,9,2,5,2,3,2,3,2,7,3,4,2,5,3,1,4,2,1,4,3,2,5,3,2,2,3,3,1,2,1,3,3,2,5,2,5,3,1,2,2,3,2,3,2,9,2,5,5,3,1,3,4,3,2,5,1,5,4,1,1,4,3,4,3,3,3,8,3,8,3,2,3,2,2,1,2,3,5,3,2,7,3,2,5,1,3,3,1,2,3,2,1,4,2,1,3,4,3,2,3,2,1,2,4,2,8,2,2,5,2,1,3,4,2,1,2,0,,8,2,2,8,2,2,3,3,3,3,1,2,0,,0,,8,0,1,0,1,0,0,1,0,0,0,,1,1,1,3,1,2,2,5,4,3,5,4,3,1,2,1,2,4,3,1,4,3,1,4,2,1,2,10,2,7,2,9,2,5,4,2,10,2,3,1,2,2,2,3,2,3,4,3,4,3,2,3,0,,2,2,2,2,4,2,4,3,4,2,10,3,2,5,5,2,7,1,1,4,2,2,1,5,0,,,,,,1,1,1,4,5,2,1,,,0,,0,,1,3,1,1,1,3,1,3,1,3,4,2,1,1,1,0,0,0,0,1,1,0,0,0,0,0,1,0,0,0,0,0,0,0,0,0,0,0,0,0,1,4,3,2,0,,,,,,,,,,,,,,,,,,,0,0,0,0,0,0,0,0,0,0,0,0,0,0,0,0,0,0,0,0,0,0,0,0,0,0,0,0,0,0,2,6,5,2,0,0,0,0,0,0,0,0,0,0,0,0,0,0,0,1,0,108.51,177.8,34.32466049,3,2,2
01ADL0170,353,1991,12/15/2017 9:55,12/15/2017,3,1,1,2,0,,1,1,0,0,,,0,,,2,2,2,0,,,6,2,0,,,,,,0,,,,0,,,,1,3,2,2,1,8,8,1,4,1,1,1,1,2,2,1,1,1,1,1,1,1,2,2,2,2,1,2,1,0,,0,,0,,2,2,0,,0,,,,2,1,0,,,,0,,,,1,4,1,2,1,1,1,2,0,,,,1,2,0,,6,2,7,2,4,2,4,2,5,1,6,1,2,2,1,4,4,1,5,2,2,3,4,1,3,2,6,2,5,1,4,0,0,0,0,0,0,1,0,0,4,0,0,0,0,0,0,1,1,1,0,,1,6,6,2,2,1,1,3,1,1,1,1,1,2,1,1,1,3,1,1,1,1,1,1,6,2,4,1,4,1,6,2,4,3,5,1,3,3,2,6,2,1,1,1,1,1,1,1,1,3,2,1,2,3,1,0,,,,,4,1,1,1,1,1,1,1,5,1,3,2,1,2,2,1,0,,,,,,,,0,,0,,3,1,4,1,1,1,3,3,2,1,0,,,,6,2,3,2,2,5,3,2,1,1,1,1,2,2,1,2,2,1,3,2,2,2,1,2,1,4,2,1,1,2,5,3,4,2,4,1,1,1,1,1,1,1,5,1,1,1,0,,0,,0,,2,1,2,1,4,0,0,0,1,0,0,1,0,0,0,,1,4,4,2,2,3,3,3,3,2,5,4,2,3,2,3,1,3,1,3,1,1,4,3,1,1,1,2,1,9,2,6,1,5,4,2,3,2,2,0,,0,,,2,2,4,1,0,,0,,0,,4,1,4,1,2,1,0,,4,1,6,2,3,3,1,1,6,1,4,1,1,1,1,1,0,,,,,,1,3,1,2,2,1,3,1,2,3,1,0,,0,,0,,0,,0,,1,1,4,4,1,0,0,0,0,0,0,0,0,0,0,0,0,0,0,0,0,0,0,0,0,0,0,0,0,0,0,0,0,,,,0,,,,,,,,,,,,,,,,,,,0,0,0,0,0,0,0,0,0,0,0,0,0,0,0,0,0,0,0,0,0,0,0,0,0,0,0,0,0,0,1,6,8,2,0,0,0,0,0,0,0,0,0,0,0,0,0,0,0,1,0,82.5,172,27.88669551,2,2,2
01ADL0171,359,1988,12/20/2017 10:55,12/20/2017,9,1,0,,0,,4,3,5,3,2,1,1,2,1,7,3,1,0,,,7,3,0,,,,,,1,1,2,3,0,,,,1,2,2,2,1,7,7,2,5,1,5,0,,1,2,0,,,,,0,,,,,,,,,0,,9,3,0,,7,2,3,3,0,,,,3,3,0,,,,0,,,,1,3,3,3,1,2,2,2,0,,,,3,2,1,2,6,2,5,2,0,,1,2,5,3,0,,0,,1,0,1,2,3,3,2,3,0,,0,,0,,5,3,3,0,0,0,1,0,0,0,0,0,0,0,0,0,0,0,0,0,,,4,3,1,3,3,2,4,3,5,4,2,2,3,5,3,0,,3,3,1,,1,1,,1,,3,2,0,,0,,0,,5,3,7,3,5,2,3,5,3,5,1,3,3,3,3,5,2,1,3,1,3,1,3,4,3,4,2,2,2,2,2,,3,3,3,3,7,2,3,2,2,1,1,1,1,2,5,3,3,3,1,,0,,3,2,3,3,5,3,2,3,,2,3,1,1,3,5,4,0,,1,3,2,5,1,3,1,1,3,0,,,2,3,1,3,4,3,1,0,,0,,0,,4,3,3,3,2,0,,6,3,3,2,0,,4,3,1,0,,,1,3,3,3,3,3,0,,5,3,3,0,0,0,1,0,0,0,0,0,3,3,1,6,6,3,3,1,1,1,4,2,5,0,,1,2,1,2,0,,,3,2,1,2,2,9,3,8,2,3,2,2,2,2,0,,7,3,1,0,,5,2,1,0,,3,2,1,2,0,,0,,1,2,3,2,2,1,1,1,4,3,7,3,1,5,1,1,7,1,0,,,,0,,0,,,,,,1,1,,,2,2,4,2,1,0,,1,3,1,1,1,2,0,,1,1,1,1,7,7,1,0,0,0,0,0,0,1,1,0,0,0,1,0,1,1,0,0,0,0,0,0,0,0,0,0,0,0,1,2,2,2,0,,,,,,,,,,,,,,,,,,,0,0,0,0,0,0,0,0,0,0,0,0,0,0,0,0,0,0,0,0,0,0,0,0,0,0,0,0,0,0,1,6,5,2,0,0,0,0,0,0,0,0,0,0,0,0,0,0,0,1,0,92.05,177.9,29.08518943,2,4,2
01ADL0173,361,1991,12/22/2017 11:14,12/22/2017,7,1,1,1,0,,3,2,0,0,,,0,,,0,,,0,,,0,,0,,,,,,0,,,,0,,,,0,,,,1,9,9,2,3,1,1,1,1,1,3,1,7,7,2,3,0,,,,,,,,,0,,5,2,2,2,8,2,5,2,1,6,1,2,3,2,,,,,1,4,3,3,1,8,7,2,1,7,6,3,1,3,3,3,2,1,10,3,2,2,9,3,0,,2,2,5,3,2,2,1,1,1,3,2,2,5,2,3,2,3,3,2,2,2,3,8,3,6,0,0,0,1,0,0,0,0,0,4,0,0,0,1,0,0,0,,2,6,2,1,5,5,1,1,2,1,4,2,4,2,2,1,0,,1,1,2,1,1,2,1,1,,3,3,2,2,1,2,1,2,3,3,4,2,1,9,3,3,1,1,4,2,1,2,2,5,2,2,1,1,1,0,,2,1,,,,1,5,2,1,1,1,3,2,5,2,2,1,,1,,1,1,1,1,1,2,1,1,,5,2,6,3,2,2,1,,0,,,0,,,0,,,,6,2,1,1,2,5,0,,,0,,0,,,0,,0,,1,2,5,0,,3,2,4,2,6,2,1,5,2,0,,0,,0,,0,,2,2,5,0,,,0,,4,3,6,2,0,,5,3,8,0,0,0,1,0,0,0,1,0,0,,1,1,1,2,1,2,2,3,2,2,5,4,2,0,,0,,1,1,5,2,2,5,3,1,1,1,6,2,2,2,3,1,5,0,,6,1,2,1,2,3,2,1,1,1,2,2,0,,0,,0,,1,1,2,1,4,1,2,1,2,1,8,3,2,5,5,2,1,1,0,,,,0,,0,,,,,,0,,,,,,,,,4,1,0,,1,5,0,,1,3,1,3,1,3,7,7,1,0,0,0,0,0,0,0,0,0,1,0,0,0,0,0,0,0,0,0,0,0,0,0,0,0,0,0,0,,,,0,,,,,,,,,,,,,,,,,,,0,0,0,0,0,0,0,0,0,0,0,0,0,0,0,0,0,0,0,0,0,0,0,0,0,0,0,0,0,0,1,,2,2,0,0,0,0,0,0,0,0,0,0,0,0,0,0,0,1,0,74.2,170.4,25.55434327,2,1,2
01ADL0174,363,1987,1/2/2018 14:52,1/2/2018,11,1,1,2,0,,4,3,2,3,2,1,1,2,1,2,1,5,1,3,1,0,,1,3,3,3,2,1,1,2,1,3,1,4,3,2,1,3,2,2,1,8,7,2,4,2,1,4,3,4,3,1,1,2,2,1,4,2,1,1,3,3,1,5,2,0,,2,2,1,2,4,2,3,2,1,2,3,2,,,1,3,5,2,1,1,2,2,1,7,6,3,1,6,5,2,1,6,5,3,5,3,6,3,5,2,5,2,0,,2,1,2,2,1,1,1,1,1,6,5,3,4,3,2,2,1,1,1,2,1,1,4,3,8,0,0,0,1,0,0,0,0,0,5,0,0,0,1,0,0,0,,3,2,2,1,1,1,2,5,3,2,8,3,6,3,7,2,1,3,5,2,1,1,1,5,3,1,1,3,2,3,1,1,3,0,,4,2,5,3,5,1,3,4,3,5,2,3,1,5,4,5,3,1,3,1,3,1,3,4,2,3,3,5,3,3,2,1,5,3,2,2,3,2,3,5,2,1,3,3,2,1,3,1,5,4,1,1,1,2,1,1,1,2,2,2,1,3,3,2,2,1,4,1,3,1,1,1,2,1,2,4,1,2,1,1,1,1,2,1,2,2,0,,1,1,2,4,1,0,,4,2,5,3,5,4,2,0,,3,2,2,2,0,,4,2,1,1,2,1,0,,2,1,3,2,2,2,1,2,7,0,0,0,1,0,0,0,0,0,1,2,1,6,4,2,3,2,1,1,5,2,5,2,2,1,2,1,2,5,2,1,1,2,1,4,2,1,1,5,2,1,2,3,2,3,0,,3,2,1,1,2,1,3,1,1,2,1,1,4,2,3,3,0,,1,2,3,1,2,2,6,3,7,2,4,3,1,5,5,,7,3,2,1,1,1,6,3,1,3,2,3,3,3,1,3,2,1,3,3,2,3,6,1,3,0,,1,1,1,1,0,,1,3,1,1,2,6,1,0,0,0,1,0,0,0,0,0,0,0,0,0,0,0,0,0,0,0,0,0,0,0,0,0,0,0,1,4,2,4,1,0,,,,0,,,,,,0,,2,3,4,0,,,0,0,0,0,0,0,0,0,0,0,0,0,0,0,0,0,1,0,0,0,0,0,0,0,0,0,0,0,0,0,2,5,6,2,0,0,0,0,0,0,0,0,0,0,0,0,0,0,0,1,0,55.8,161.9,21.28827645,1,2,2
01ADL0175,501,1955,9/14/2018 9:08,9/13/2018,8,2,0,,1,1,1,1,5,1,1,1,0,,,1,1,1,0,,,1,2,1,2,2,2,5,2,0,,,,,,,,0,,,,1,8,7,1,4,1,2,1,1,1,2,1,2,0,1,2,0,,,,,,,,,2,2,7,2,2,2,5,2,4,2,1,7,4,2,6,2,1,4,0,1,1,5,2,2,1,5,3,2,1,7,2,2,0,,,,1,2,6,2,5,2,7,2,1,2,,,,,,,,,,,,,,,,,,,,,,,,,8,0,0,0,1,0,0,0,0,0,3,1,0,0,0,0,0,0,1,1,6,2,1,7,7,2,8,2,4,8,2,6,2,2,2,1,1,3,2,1,1,1,5,2,1,1,4,2,0,,1,2,1,2,4,,2,2,1,7,2,4,2,2,2,2,1,5,3,5,2,3,1,1,1,2,2,2,2,,,,2,2,2,1,5,3,3,2,4,2,1,2,2,1,2,2,3,1,1,1,5,3,1,2,1,2,4,2,1,2,2,2,4,2,1,1,2,1,0,,,,1,2,2,1,2,3,3,2,5,2,2,1,2,1,1,1,1,2,4,2,4,1,1,1,2,4,2,6,2,1,5,3,3,3,4,3,1,2,0,,4,2,1,4,2,,1,2,4,3,4,3,0,,2,2,4,0,0,0,1,0,1,0,0,0,0,,1,2,1,2,1,1,4,4,4,2,1,4,2,1,2,1,2,6,2,1,4,2,1,1,1,2,2,9,1,7,2,5,2,4,4,2,9,2,2,4,2,6,2,2,2,2,8,1,4,2,3,2,1,2,1,1,3,1,3,1,7,1,8,1,6,1,1,5,5,1,7,3,1,3,1,1,3,5,0,,,,,,0,,,,,,,,,4,1,0,,1,1,1,1,1,1,1,3,1,1,6,5,1,0,0,0,0,0,0,0,0,0,0,0,0,0,0,0,0,0,0,0,0,0,0,0,0,0,0,0,1,5,1,2,1,2,1,2,4,5,2,1,2,1,1,0,,0,,,0,,,0,0,0,0,0,0,0,0,0,0,1,0,0,0,0,0,0,0,0,0,0,0,0,0,0,0,0,0,0,0,3,3,7,2,0,0,0,0,0,0,0,0,0,0,0,0,0,0,0,,,,,,,,0
01ADL0176,500,1956,9/12/2018 12:39,9/12/2018,4,1,1,2,0,,1,2,0,1,2,1,0,,,0,,,0,,,0,,1,1,1,2,1,1,1,3,3,2,0,,,,1,6,6,2,1,8,8,3,5,1,1,3,2,3,2,1,1,3,1,5,4,2,1,1,5,1,1,2,1,0,,6,2,4,2,3,2,4,2,1,6,1,2,6,2,1,5,0,2,1,5,0,2,1,7,5,2,1,7,7,2,0,,,,1,2,4,2,7,3,7,3,1,2,1,2,6,2,4,2,4,2,1,5,3,2,5,2,5,2,4,2,3,2,4,2,6,2,8,0,1,0,1,0,0,0,0,0,4,0,1,0,1,0,0,0,2,2,5,2,1,7,7,3,6,2,5,6,2,3,2,5,2,1,1,2,2,1,1,1,5,2,1,1,6,2,0,,1,2,1,2,5,2,3,2,2,4,2,5,2,5,3,2,1,5,3,1,1,1,2,1,2,2,2,2,2,,,,1,1,2,1,5,3,1,1,6,2,3,1,1,1,1,1,6,2,1,1,5,3,1,1,0,,0,,3,2,4,2,5,2,1,4,2,1,1,2,3,4,1,2,4,1,2,1,2,2,5,2,2,1,2,1,1,2,1,2,4,2,5,3,2,1,2,3,2,5,2,1,3,3,0,,1,2,0,,0,,4,3,1,3,2,1,1,2,2,2,5,2,3,2,4,3,7,0,0,0,1,0,0,0,0,0,0,,1,5,1,2,1,1,3,4,4,2,5,5,2,0,,2,3,3,2,1,4,2,1,7,2,2,2,4,2,8,2,5,2,4,3,2,6,2,3,3,2,5,2,3,1,2,3,2,2,2,1,2,1,2,1,1,4,1,2,2,7,1,3,2,6,2,1,5,5,1,7,1,1,1,1,1,2,4,1,4,2,1,,,1,1,1,1,3,2,3,2,2,0,,0,,1,1,1,1,0,,0,,1,1,5,5,1,0,0,0,0,1,0,1,0,0,0,0,1,0,1,0,0,0,0,0,0,0,0,0,0,0,0,0,0,,,,0,,,,,,,,,,,,,,,,,,,0,0,0,0,0,0,0,0,0,0,0,0,0,0,0,0,0,0,0,0,0,0,0,0,0,0,0,0,0,0,1,5,7,2,0,0,0,0,0,0,0,0,0,0,0,0,0,0,0,,,,,,,,0
01ADL0177,504,1972,9/17/2018 11:19,9/17/2018,7,1,1,2,1,2,1,2,2,1,1,,0,,,1,2,2,0,,,0,,0,,,,,,0,,,,0,,,,1,2,2,1,1,9,9,2,4,1,2,2,1,2,1,1,6,6,2,1,7,1,1,1,5,1,1,2,2,0,,8,2,3,2,3,2,8,2,0,,,,4,2,1,4,0,2,1,3,0,2,1,5,0,2,0,,,,0,,,,1,2,6,2,3,1,6,2,0,,3,1,4,3,3,2,1,1,1,1,1,1,3,2,3,2,1,2,1,2,4,2,4,2,6,0,0,0,1,0,0,0,0,0,4,0,0,0,1,0,0,0,2,2,6,3,1,7,6,3,6,2,4,6,2,1,2,4,2,1,1,1,2,1,1,1,5,2,3,2,6,2,4,2,1,2,1,2,4,2,3,2,1,5,,4,2,3,1,2,1,5,3,5,2,1,2,1,1,1,2,3,2,5,1,1,2,4,2,1,3,3,4,2,5,2,1,4,2,1,1,1,1,1,2,1,5,3,1,1,3,2,7,2,0,,4,3,0,,,1,3,5,3,2,5,5,5,2,0,,,,1,2,3,1,2,0,,,1,1,1,2,3,2,5,0,,1,2,2,2,5,2,1,4,1,0,,0,,0,,0,,1,2,3,1,2,3,0,,3,2,4,2,0,,1,2,3,0,0,0,1,0,0,0,0,0,3,2,1,2,1,2,1,1,3,4,2,2,2,6,2,1,2,0,,1,2,1,0,,,1,2,4,2,7,2,5,2,9,2,5,6,2,7,2,2,3,2,4,2,1,1,2,4,2,0,,1,2,0,,1,2,2,2,3,1,1,2,1,1,7,2,1,5,4,3,7,5,3,1,1,,5,3,0,,,,,,0,,,,,,,,,3,2,0,,1,1,1,1,0,,1,3,1,3,6,6,1,0,0,0,0,0,0,0,0,0,1,0,0,0,0,0,0,0,0,0,0,0,0,0,0,0,0,0,1,4,2,3,1,1,2,2,3,0,,,,,,0,,3,2,3,0,,,0,1,0,0,0,1,0,0,0,0,0,0,0,0,0,0,1,0,0,0,0,0,0,0,0,0,0,0,0,0,1,6,5,2,0,0,0,0,0,0,0,0,0,0,0,0,0,0,0,,,,,,,,0
01ADL0178,505,1957,9/18/2018 10:20,9/18/2018,5,1,3,2,3,2,3,2,2,2,2,2,0,,,0,,,0,,,0,,1,1,1,1,3,1,1,1,0,1,0,,,,1,3,3,1,1,8,8,1,3,1,5,1,1,0,,1,7,6,2,1,4,2,1,1,5,1,1,7,1,4,2,6,2,4,2,7,2,6,2,1,7,4,2,4,2,1,5,5,2,1,5,3,2,1,6,5,2,1,7,6,2,1,6,5,2,4,2,4,2,7,2,7,2,3,2,5,2,7,2,6,2,5,2,1,5,5,2,6,3,6,3,4,2,4,2,5,2,6,2,6,0,0,0,0,0,0,0,0,0,0,0,0,0,0,0,0,0,,,6,2,1,8,9,2,9,2,4,5,1,6,2,4,2,4,2,5,2,1,1,2,2,1,1,1,7,2,5,1,1,2,1,2,5,2,7,2,2,7,2,7,2,1,4,2,2,1,2,1,1,4,2,1,2,2,2,5,2,,5,1,5,5,2,3,3,2,1,2,7,2,2,1,1,1,1,2,6,2,3,2,2,2,1,1,4,2,5,2,0,,0,,0,,,0,,,5,2,5,1,0,,0,,,,0,,,0,,0,,,0,,0,,0,,,0,,1,2,0,,2,1,1,3,1,0,,0,,0,,0,,0,,,1,1,5,4,2,4,2,6,2,0,,6,2,4,0,0,0,1,0,0,0,0,0,6,2,1,6,5,2,3,1,3,2,4,2,1,5,2,3,2,1,2,5,2,3,5,2,3,4,2,4,2,9,2,8,2,7,,3,0,,5,2,3,3,2,4,2,5,1,2,5,2,2,2,4,2,1,2,3,2,4,2,3,1,8,1,0,,9,2,2,4,2,1,6,5,3,3,1,1,5,5,0,,,,,,1,1,1,4,1,,1,,,0,,1,5,1,5,1,5,1,5,1,5,1,5,6,6,1,0,0,0,0,1,0,0,1,0,1,0,1,0,1,0,0,0,0,0,0,0,1,1,0,0,0,0,0,,,,0,,,,,,,,,,,,,,,,,,,0,0,0,0,0,0,0,0,0,0,0,0,0,0,0,0,0,0,0,0,0,0,0,0,0,0,0,0,0,0,1,8,3,2,0,0,0,0,0,0,0,0,0,0,0,0,0,0,0,,,,,,,,0
01ADL0179,506,1975,9/19/2018 12:08,9/19/2018,4,1,0,,1,1,1,2,1,0,,,0,,,0,,,0,,,0,,1,5,5,2,5,1,0,,,,0,,,,1,2,1,2,1,7,7,2,3,1,3,6,2,1,1,1,1,0,2,5,7,2,1,1,5,1,1,1,2,0,,3,2,3,2,7,2,0,,1,6,3,2,3,2,1,4,2,2,1,3,1,3,1,4,1,2,1,4,1,2,1,1,0,3,1,2,5,2,6,2,6,2,1,2,0,,4,2,3,2,4,1,1,4,0,2,4,2,4,2,3,3,4,2,5,2,1,1,9,0,1,0,0,0,1,0,0,0,3,0,1,0,0,0,0,1,2,2,4,3,1,5,4,2,8,2,2,6,2,3,2,3,2,2,2,1,2,1,2,1,3,2,1,1,8,3,4,2,1,2,1,2,5,2,0,,,9,2,7,2,1,3,2,1,2,3,5,3,4,2,2,2,1,2,4,2,4,2,1,1,5,2,1,1,2,4,2,5,2,2,1,1,1,1,1,4,2,2,1,4,3,2,2,4,2,4,2,4,3,0,,1,2,1,4,3,1,0,,,,5,2,4,1,2,5,4,2,5,1,2,2,2,1,3,2,1,2,5,2,4,1,2,1,2,6,2,7,2,2,2,5,1,2,5,2,1,2,1,2,4,2,3,3,2,3,4,2,4,2,5,2,0,,1,2,10,0,1,0,0,0,1,0,0,0,4,2,1,4,0,2,3,2,2,2,4,2,5,4,2,1,2,1,2,1,2,3,2,2,1,3,2,1,2,3,2,1,2,6,2,4,0,,8,2,1,2,2,2,2,1,1,2,1,2,1,2,1,2,1,2,1,2,4,4,2,1,4,2,0,,8,1,1,5,1,2,3,1,2,3,4,2,2,4,1,5,2,1,,,1,3,2,4,3,2,3,2,1,0,,0,,1,1,1,1,1,1,1,1,1,1,6,6,1,0,0,0,0,0,0,0,0,0,1,0,1,0,0,0,0,0,0,0,0,0,0,0,0,0,0,0,0,,,,0,,,,,,,,,,,,,,,,,,,0,0,0,0,0,0,0,0,0,0,0,0,0,0,0,0,0,0,0,0,0,0,0,0,0,0,0,0,0,0,3,8,7,2,0,0,0,0,0,0,0,0,0,0,0,0,0,0,0,,,,,,,,0
01ADL0180,513,1955,10/15/2018 10:58,10/15/2018,1,2,0,,1,2,1,2,1,1,1,1,0,,,0,,,0,,,0,,1,1,1,2,5,1,0,,,,1,1,1,2,1,3,3,2,1,8,8,1,5,1,1,2,2,3,2,1,7,7,1,1,3,2,1,1,5,1,1,7,2,4,1,6,1,6,1,6,1,7,1,1,7,7,1,4,1,1,1,1,1,1,1,1,2,1,4,4,2,1,1,1,2,0,,,,1,2,2,2,5,3,5,3,3,2,1,2,9,3,4,3,4,2,1,1,2,2,7,2,2,3,3,3,1,3,7,3,9,3,2,1,0,0,1,0,0,1,0,0,0,0,0,0,0,0,0,0,,,6,2,1,6,6,2,6,3,5,6,2,3,1,3,2,1,2,3,2,1,1,3,1,3,1,1,6,3,1,2,1,2,3,2,6,1,8,2,1,4,3,7,2,1,1,2,1,5,3,5,2,1,2,1,2,1,3,4,1,5,1,1,1,3,2,3,1,4,1,1,7,2,1,1,2,1,1,1,1,2,1,1,3,3,1,1,1,3,4,2,0,,1,2,0,,,0,,,0,,,,0,,0,,,,0,,,0,,0,,,0,,0,,0,,,1,1,0,,0,,2,3,3,3,5,0,,0,,1,2,0,,1,2,1,1,2,1,0,,1,3,1,2,0,,0,,0,0,0,0,0,0,0,0,0,0,6,2,1,6,6,2,4,1,3,2,2,2,3,4,3,1,2,1,2,2,2,1,7,2,1,2,2,0,,7,2,0,,1,2,1,0,,6,2,1,1,2,0,,,1,1,4,2,1,2,0,,1,2,0,,,,,,4,2,4,2,1,2,1,5,5,1,6,1,1,3,1,,4,3,,,,,,,1,5,3,4,1,,5,3,8,,,1,1,1,1,1,1,1,1,0,,1,1,7,7,1,0,0,0,0,0,0,0,1,0,0,0,1,0,1,0,0,0,0,0,0,0,1,1,1,1,1,1,1,3,2,4,1,1,2,2,4,2,4,1,2,2,4,0,,2,3,4,0,,,0,0,1,0,0,1,0,1,0,0,1,1,0,0,0,0,1,1,0,0,0,0,0,0,1,0,0,0,0,0,2,7,4,2,0,0,0,0,0,0,0,0,0,0,0,0,0,0,0,,,,,,,,0
01ADL0181,514,1964,10/16/2018 10:40,10/15/2018,7,1,0,,0,,2,2,0,1,2,1,0,,,0,,,1,2,5,0,,0,,,,,,0,,,,0,,,,1,3,3,2,1,8,8,1,5,1,1,2,2,0,,1,1,1,2,1,4,2,1,1,1,1,1,2,2,0,,4,2,1,2,8,2,4,2,1,5,0,2,3,2,1,4,0,1,0,,,,1,6,0,2,1,4,1,2,0,,,,3,2,3,2,6,1,6,2,0,,0,,4,2,4,2,4,2,1,6,3,2,3,2,4,2,4,2,4,2,5,2,7,2,5,0,0,0,1,0,1,0,0,0,1,0,0,0,1,1,1,0,1,2,4,2,1,6,5,3,6,3,5,6,2,2,2,1,2,0,,1,2,1,1,1,1,1,1,1,3,2,4,2,0,,2,3,4,2,4,2,2,3,2,4,2,1,3,2,1,1,1,3,2,2,2,2,2,1,2,1,2,3,3,1,0,,,,,,,,9,2,1,1,1,2,1,2,3,1,1,1,1,1,1,1,7,2,8,2,1,2,0,,6,2,5,1,2,5,3,1,5,1,0,,1,2,2,1,1,2,5,3,2,0,,,4,2,1,2,1,2,5,0,,0,,4,2,3,1,1,5,1,0,,3,2,0,,0,,4,1,1,2,1,1,0,,0,,1,2,0,,3,2,6,0,1,0,1,0,1,0,1,0,2,2,1,2,3,2,2,1,2,1,3,2,2,7,1,0,,0,,6,2,3,5,1,3,0,,0,,7,2,3,2,7,2,5,0,,9,2,1,0,,4,1,1,4,2,6,2,2,2,3,2,0,,3,2,3,2,1,1,5,2,0,,5,1,1,5,2,1,8,1,0,,,,0,,0,,,,,,0,,,,,,,,,0,,1,5,1,1,1,1,1,1,1,1,0,,5,5,1,0,0,0,0,0,0,0,0,0,1,1,0,0,0,0,0,0,0,1,0,0,0,0,0,0,0,0,1,2,2,4,0,,,,,,,,,,,,,,,,,,,0,0,0,0,0,0,0,0,0,0,0,0,0,0,0,0,0,0,0,0,0,0,0,0,0,0,0,0,0,0,2,6,5,2,0,0,0,0,0,0,0,0,0,0,0,0,0,0,0,,,,,,,,0
01ADL0182,517,1986,10/23/2018 11:13,10/23/2018,6,1,0,,1,2,1,2,2,0,,,2,2,5,0,,,0,,,6,2,1,2,2,2,5,1,0,,,,1,1,1,1,1,1,1,2,1,9,9,1,3,1,3,1,1,1,2,0,,,,,0,,,,,,,,,0,,1,2,0,,0,,0,,1,1,1,2,0,,1,1,1,2,0,,,,1,3,3,2,0,,,,0,,,,0,,0,,9,2,9,2,1,2,1,2,0,,3,3,0,,0,,,,7,2,7,2,0,,0,,6,2,5,2,7,0,1,1,1,1,1,1,1,0,6,0,0,0,1,1,1,0,1,2,4,3,1,5,5,2,5,2,2,5,2,0,,0,,0,,0,,,,,,,,,5,2,0,,5,2,0,,5,2,5,2,1,9,3,1,1,1,0,,,,,,,0,,0,,0,,0,,,,,0,,,,,,,,0,,,,,,,,0,,,,,,,,0,,0,,0,,5,2,3,2,3,3,2,1,5,2,1,2,4,2,0,,,,0,,,5,2,2,2,1,2,2,5,3,6,3,3,5,3,5,3,5,3,7,3,1,3,3,0,,7,3,6,1,1,2,4,3,1,3,3,1,1,3,6,3,5,2,0,,7,2,6,0,0,0,0,1,1,0,1,0,4,2,1,5,5,2,1,2,2,3,1,3,5,0,,0,,0,,0,,,0,,,1,2,0,,7,2,6,2,5,2,1,7,2,7,3,1,0,,0,,,0,,0,,0,,0,,0,,0,,,,,,0,,0,,7,3,1,5,3,2,5,1,1,1,1,2,5,1,0,,,,,,1,2,2,3,2,2,2,3,1,0,,0,,1,1,0,,0,,1,1,1,1,7,5,1,0,0,0,0,0,0,0,0,0,0,0,1,1,1,0,1,0,0,0,0,0,0,0,0,0,0,0,1,3,2,4,0,,,,,,,,,,,,,,,,,,,0,0,0,0,0,0,0,0,0,0,0,0,0,0,0,0,0,0,0,0,0,0,0,0,0,0,0,0,0,0,2,3,5,2,0,0,0,0,0,0,0,0,0,0,0,0,0,0,0,,,,,,,,0
01ADL0183,518,1976,10/24/2018 12:14,10/24/2018,6,2,0,,1,1,1,2,3,1,1,1,1,1,3,0,,,0,,,2,2,1,6,6,2,5,2,1,2,1,2,1,1,1,1,1,2,2,2,1,8,7,1,4,1,2,3,2,3,3,1,1,1,2,2,1,2,1,1,1,5,1,7,2,0,,4,2,1,2,4,2,1,2,1,6,1,2,1,2,1,1,1,1,1,3,1,2,1,4,3,2,1,3,3,2,1,1,1,3,3,2,1,2,6,3,6,3,1,2,2,3,4,3,1,2,6,1,1,1,7,1,4,3,4,3,4,2,1,3,7,3,8,2,9,0,0,0,1,0,0,1,0,0,6,0,0,0,1,0,0,0,1,1,8,2,1,6,3,3,9,3,5,9,1,1,2,4,2,1,2,1,2,1,2,1,3,2,2,2,4,2,4,2,1,2,1,3,4,2,3,3,3,7,3,6,2,1,2,2,5,5,3,5,1,2,2,1,3,1,2,4,2,1,5,1,2,2,2,1,1,1,5,2,4,2,3,2,2,1,3,2,2,1,4,1,3,3,1,1,2,2,2,2,0,,0,,0,,,0,,,2,3,4,4,0,,0,,,,0,,,0,,0,,,0,,0,,0,,,0,,0,,0,,0,,,,,0,,0,,0,,0,,0,,,0,,,4,3,1,3,7,3,1,3,3,3,8,0,0,0,1,0,0,1,0,0,9,3,1,4,4,3,3,2,3,2,4,2,1,4,2,1,2,1,2,4,2,1,4,2,1,1,2,1,2,5,2,4,2,1,2,2,0,,6,2,1,1,2,4,2,1,4,2,5,2,2,2,2,2,1,2,1,2,2,2,3,1,4,2,4,2,3,2,1,5,5,3,6,1,1,2,1,2,4,3,1,4,1,5,4,2,1,4,2,3,2,2,5,2,8,1,2,0,,1,1,1,1,1,1,1,1,1,1,7,2,1,0,0,1,0,0,0,1,0,0,0,0,1,0,1,0,0,0,0,1,0,0,1,1,1,0,0,0,0,,,,0,,,,,,,,,,,,,,,,,,,0,0,0,0,0,0,0,0,0,0,0,0,0,0,0,0,0,0,0,0,0,0,0,0,0,0,0,0,0,0,2,4,4,2,0,0,0,0,0,0,0,0,0,0,0,0,0,0,0,,,,,,,,0
02ADL0001,8,1966,11/29/2016 8:47,11/29/2016,9,2,0,,1,2,4,3,1,1,2,1,3,3,1,3,2,1,0,,,0,,1,4,2,2,1,1,0,,,,0,,,,0,,,,1,7,8,3,3,1,4,0,,0,,,,,,,5,2,1,1,1,5,1,1,2,0,,4,2,1,2,7,3,0,,0,,,,10,3,1,5,0,2,0,,,,1,9,0,2,1,6,1,,0,,,,6,3,0,,8,2,0,,0,,0,,0,,4,2,3,2,1,2,6,2,1,2,0,,0,,0,,1,2,0,,5,0,1,0,0,0,0,0,0,0,1,1,0,0,0,0,0,0,,2,0,,1,0,0,,5,3,1,6,2,0,,5,2,0,,0,,,,,,,,,0,,6,3,0,,0,,0,,4,3,1,4,2,5,,1,0,,,,,,,0,,0,,0,,0,,,,,0,,,,,,,,6,2,3,3,2,1,1,1,3,1,4,1,1,1,1,1,0,,,,0,,4,2,4,2,3,0,,,4,2,2,3,0,,5,1,2,3,3,1,3,3,2,0,,,0,,0,,0,,,4,2,7,2,0,,4,1,3,4,3,0,,1,1,5,2,0,,,,,0,,,7,3,7,3,0,,7,2,6,2,0,0,0,0,0,0,0,0,0,0,0,,0,,,,,,,,0,,,3,2,0,,5,,0,,,0,,,6,2,0,,5,2,0,,0,,,0,,0,,,4,2,6,2,1,3,1,6,1,3,2,0,,0,,0,,,,,,0,,3,1,0,,,,,,0,,4,1,4,2,0,,0,,,,,,0,,,,,,,,,3,2,0,,1,3,1,3,0,,0,,1,1,4,7,0,0,0,0,1,0,0,0,0,0,0,0,0,0,0,0,0,0,0,0,0,0,0,0,0,0,0,0,1,5,3,1,0,,,,,,,,,,,,,,,,,,,0,0,0,0,0,0,0,0,0,0,0,0,0,0,0,0,0,0,0,0,0,0,0,0,0,0,0,0,0,0,3,5,,2,0,0,0,0,0,0,0,0,0,0,0,0,0,0,0,0,1,101.4,163.5,37.9317117,3,1,2
02ADL0002,9,1996,12/8/2016 8:21,12/8/2016,5,2,0,,0,,0,,,1,1,3,1,2,5,4,3,2,1,1,1,0,,1,0,1,1,5,5,1,2,1,2,0,,,,0,,,,1,9,9,3,3,2,5,1,2,1,2,1,1,5,2,1,7,2,5,5,5,2,1,2,2,0,,6,2,1,2,4,2,1,2,1,8,5,2,3,2,1,4,2,2,1,8,3,3,1,4,3,2,1,4,4,2,0,,,,4,2,7,2,7,2,8,2,0,,1,2,3,3,6,2,4,2,1,7,5,2,7,1,7,2,7,2,0,,5,3,1,2,8,0,0,0,1,0,0,0,0,0,0,0,0,0,0,0,0,0,,,4,2,0,,,,9,2,,7,1,6,2,1,2,1,1,2,2,1,1,2,2,2,1,1,4,2,3,2,1,2,0,,1,2,1,2,2,8,2,6,2,,1,2,1,4,3,3,2,0,,0,,0,,,,,,,0,,,,,,,,0,,,,,,,,0,,,,,,,,0,,7,2,0,,4,2,1,2,5,1,3,5,1,2,5,5,3,2,1,2,1,1,1,1,5,1,2,1,2,2,1,2,1,3,1,2,5,0,,0,,0,,3,,1,5,3,1,2,1,2,1,2,0,,4,3,2,1,2,5,0,,1,3,4,2,,,4,2,0,0,0,0,0,0,0,0,0,0,0,,1,5,7,2,1,1,2,5,3,3,5,0,,1,2,3,3,2,1,5,9,2,5,2,1,0,,2,1,4,2,8,2,5,0,,0,,,3,3,3,2,1,0,,3,2,0,,0,,0,,0,,,,,,2,1,1,1,7,2,5,1,5,1,2,1,0,,,,0,,,,,,,,1,1,1,1,1,,1,,,0,,1,2,1,3,1,2,0,,0,,1,2,6,3,0,0,1,0,0,1,1,1,1,0,1,1,1,1,1,0,0,0,0,0,0,0,0,0,0,0,0,0,0,,,,0,,,,,,,,,,,,,,,,,,,0,0,0,0,0,0,0,0,0,0,0,0,0,0,0,0,0,0,0,0,0,0,0,0,0,0,0,0,0,0,1,8,3,2,0,0,0,0,0,0,0,0,0,0,0,0,0,0,0,0,0,63.9,163.8,23.81623261,1,4,2
02ADL0003,10,1981,12/9/2016 9:08,12/9/2016,12,2,0,,0,,1,2,5,8,2,3,6,2,1,0,,,0,,,1,2,1,4,1,2,1,3,1,3,3,1,0,,,,0,,,,1,6,6,1,1,2,5,1,1,1,1,1,7,7,2,5,6,2,1,1,1,5,1,1,2,1,1,7,2,1,1,6,2,0,,1,6,2,2,7,1,0,,,,1,9,1,2,1,9,1,2,0,,,,,,,,1,1,4,1,3,3,0,,2,1,6,2,1,1,5,2,1,1,1,7,4,3,5,2,1,1,0,,0,,1,1,10,3,7,1,1,0,1,0,0,0,0,0,1,0,0,1,0,1,0,0,2,2,10,2,0,,,,9,2,4,9,2,1,1,9,2,2,1,7,2,5,2,5,5,2,2,2,6,3,1,1,0,,1,2,3,2,5,2,5,8,2,9,2,1,1,2,5,5,2,5,1,4,2,3,2,4,2,7,2,5,2,2,7,1,2,1,1,1,5,3,5,1,4,4,2,1,1,1,1,1,5,2,2,2,1,1,1,1,0,,4,3,0,,5,2,1,1,2,1,5,2,5,5,0,,4,1,2,3,1,2,4,4,2,2,2,1,3,2,1,2,2,2,5,2,1,3,2,4,2,4,2,3,4,5,1,1,4,2,8,1,0,,4,3,1,6,1,1,9,3,8,2,0,,0,,2,2,3,1,1,0,0,1,1,0,0,0,0,,1,5,1,2,1,5,4,3,1,2,2,9,2,1,1,2,2,3,2,1,3,2,1,3,2,0,,8,3,0,,8,2,4,0,,2,2,1,5,2,4,2,1,1,1,6,2,1,2,2,2,0,,1,,2,2,3,1,5,2,2,2,6,2,1,5,1,1,0,,2,1,5,2,1,5,1,5,2,1,,,1,5,1,1,2,2,1,,,0,,1,1,1,1,1,1,1,1,1,1,1,1,4,4,0,0,0,0,0,0,0,0,0,0,0,1,0,0,0,0,1,0,0,0,0,0,0,0,0,0,0,0,1,5,2,1,1,0,,,,0,,,,,,0,,0,,,0,,,1,1,1,0,0,0,0,0,0,0,0,0,0,0,0,0,1,0,0,0,0,0,0,0,1,0,0,0,0,0,3,4,5,2,0,0,0,0,0,0,0,0,0,0,0,0,0,0,0,0,0,79.8,163,30.0350032,3,1,2
02ADL0004,11,1964,12/14/2016 9:08,12/14/2016,9,2,0,,0,,1,1,5,2,1,1,0,,,1,2,2,0,,,0,,1,2,2,1,5,5,0,,,,0,,,,0,,,,1,9,9,1,5,1,5,0,,0,,1,6,2,2,2,4,,1,1,4,1,1,2,1,1,1,5,2,1,2,9,2,7,2,1,5,1,2,1,1,1,3,0,2,1,3,0,2,1,7,3,2,1,2,1,2,0,,,,2,2,5,2,4,2,6,3,2,2,1,1,6,3,3,2,1,1,1,3,2,2,2,2,0,,0,,3,2,5,3,5,2,7,0,1,0,1,0,1,1,0,0,3,0,0,0,0,1,0,1,,2,0,,1,8,7,3,7,2,5,7,2,3,3,4,2,1,1,3,3,2,2,1,2,2,2,2,3,2,5,2,1,2,1,2,4,2,3,2,1,3,3,1,2,1,3,2,1,2,2,5,2,3,2,3,2,1,2,5,2,1,5,1,5,3,2,1,2,3,2,2,6,2,1,1,1,1,1,1,2,1,2,1,2,2,1,,3,2,5,2,2,2,3,2,0,,,1,2,5,0,,,,1,2,3,1,2,5,3,2,5,3,2,1,2,3,2,2,1,2,1,1,5,0,,1,2,2,2,2,2,1,5,1,0,,0,,1,2,0,,0,,,0,,,4,2,4,2,1,2,0,,1,2,6,0,0,0,1,0,1,1,0,0,1,1,1,5,3,2,3,1,5,2,4,2,2,3,2,1,2,2,2,6,1,1,4,2,1,3,2,1,1,9,2,5,2,4,2,3,1,2,9,2,2,0,,0,,,4,2,9,,2,2,5,2,1,2,2,2,4,1,1,2,9,1,9,1,0,,,,,,7,1,7,3,5,2,5,5,1,2,2,5,3,2,1,5,2,3,3,2,3,2,2,0,,1,5,1,,1,,1,5,1,3,1,5,4,3,1,0,0,0,0,0,0,1,0,0,0,0,0,0,0,0,0,0,0,1,0,0,0,0,0,0,0,0,0,,,,0,,,,,,,,,,,,,,,,,,,0,0,0,0,0,0,0,0,0,0,0,0,0,0,0,0,0,0,0,0,0,0,0,0,0,0,0,0,0,0,2,4,2,2,0,0,0,0,0,0,0,0,0,0,0,0,0,0,0,0,1,59.8,164.9,21.9917542,1,4,2
02ADL0005,12,1964,12/19/2016 8:48,12/19/2016,12,2,1,1,1,2,1,2,1,0,,,0,,,0,,,0,,,2,2,1,1,1,1,2,1,1,2,1,1,1,2,1,2,0,,,,1,8,8,3,1,2,2,1,1,1,1,1,1,1,1,5,2,2,1,1,3,1,1,3,2,1,1,4,2,1,2,1,2,1,2,1,1,1,2,4,2,1,1,1,2,1,1,1,1,1,2,1,3,1,9,0,2,1,1,3,3,1,2,2,2,7,3,6,2,3,1,1,3,1,3,1,2,2,2,1,1,1,1,1,2,1,2,1,2,0,,1,2,7,3,4,0,0,0,1,0,0,1,0,0,0,0,0,0,0,0,0,0,,,4,3,1,7,1,3,6,3,4,6,2,4,1,1,1,1,1,2,1,3,2,1,5,2,2,2,5,3,5,2,1,1,1,1,4,1,2,2,2,7,2,3,1,1,0,,,,,,,1,1,1,1,0,,1,1,5,1,3,0,,,,,,,,6,2,2,3,1,1,1,1,1,1,2,2,3,2,1,1,2,1,6,2,1,2,2,3,4,3,3,0,,,2,2,5,2,1,2,5,1,1,2,2,1,5,2,1,3,2,2,0,,0,,3,2,5,0,,1,1,2,2,4,2,2,3,2,3,2,3,2,0,,0,,1,2,3,1,1,3,3,2,4,3,5,2,1,3,1,2,3,0,1,0,1,0,0,1,0,0,0,,1,1,1,2,2,1,3,3,3,2,4,4,2,2,2,1,,1,2,1,4,2,1,3,2,1,2,3,2,4,2,4,2,3,0,,3,2,1,0,,3,2,3,1,2,2,2,0,,1,2,1,2,1,2,4,1,2,1,1,,1,1,7,1,2,4,2,1,7,5,4,1,1,2,0,,0,,,,,,1,3,1,3,2,1,3,1,2,1,1,0,,1,1,1,2,1,1,1,4,1,3,4,3,1,0,0,0,0,0,0,1,1,0,0,0,0,0,0,0,0,0,0,0,0,0,0,0,0,0,0,0,0,,,,1,0,,,,0,,,,,,0,,0,,,0,,,0,0,0,0,0,0,0,0,0,0,1,0,0,0,0,0,0,0,0,0,0,0,0,0,1,0,0,0,0,0,2,5,5,2,0,0,0,0,0,0,0,0,0,0,0,0,0,0,0,0,1,73.7,167.3,26.33150037,2,4,2
02ADL0006,13,1954,12/20/2016 8:29,12/20/2016,4,1,0,,1,1,2,1,1,1,1,2,1,2,1,3,2,2,1,2,1,1,2,1,2,2,2,1,2,1,3,1,2,0,,,,0,,,,1,7,7,2,1,1,5,1,2,1,1,0,,,,,0,,,,,,,,,0,,1,2,0,,4,2,0,,0,,,,1,1,1,1,1,2,1,1,1,2,1,1,1,2,1,1,1,2,0,,,,2,3,1,1,3,1,3,1,1,1,1,1,3,2,1,1,3,2,1,4,4,3,3,2,3,2,3,2,0,,1,1,4,2,3,1,1,0,1,0,0,0,0,0,4,0,0,0,1,0,0,0,1,2,3,1,0,,,,5,2,3,5,2,3,1,6,2,3,2,4,2,1,1,4,5,2,2,2,6,3,7,2,0,,3,2,5,3,3,2,3,2,2,3,2,1,0,,,,,,,1,2,1,1,0,,2,3,,,,1,1,1,5,1,2,1,1,7,2,5,5,3,1,1,1,2,1,5,3,3,3,1,1,4,3,4,3,4,3,0,,4,3,2,0,,,0,,,,1,2,5,3,2,5,4,2,4,4,2,4,2,1,0,,3,3,4,3,5,1,2,1,2,1,2,3,3,5,3,5,4,3,3,3,0,,1,3,1,3,1,3,2,1,4,3,4,3,4,3,3,2,2,3,4,1,0,0,1,0,0,0,0,0,1,1,1,5,2,3,1,2,4,2,4,3,5,1,2,0,,1,2,2,2,1,4,2,1,1,2,0,,3,2,2,2,0,,,0,,6,3,1,0,,4,3,1,2,2,3,2,2,2,1,2,0,,1,1,4,2,1,2,1,2,4,2,3,3,1,5,5,3,6,1,5,1,5,1,0,,1,5,3,1,,,1,1,1,1,,,1,,,1,1,1,1,1,1,1,1,0,,0,,1,1,2,2,1,0,0,0,0,0,0,0,1,0,0,0,0,0,0,0,0,0,0,0,0,0,0,0,0,0,0,0,1,5,2,4,0,,,,,,,,,,,,,,,,,,,0,0,0,0,0,0,0,0,0,0,0,0,0,0,0,0,0,0,0,0,0,0,0,0,0,0,0,0,0,0,2,4,7,2,0,0,0,0,0,0,0,0,0,0,0,0,0,0,0,1,2,108.6,187.2,30.98975455,3,4,2
02ADL0007,14,1997,12/21/2016 9:24,12/21/2016,9,1,0,,2,3,5,2,3,2,2,2,0,,,7,3,3,2,3,3,2,2,1,3,2,2,3,2,1,4,3,2,0,,,,0,,,,1,9,8,2,4,1,2,0,,0,,1,7,6,2,2,7,2,1,2,5,1,1,3,2,1,2,7,2,6,2,6,2,2,2,1,1,1,2,3,2,1,1,0,2,1,1,1,2,1,2,3,2,1,7,6,2,0,,,,3,2,6,2,4,2,6,1,0,,0,,2,2,4,2,2,2,1,1,1,2,3,2,1,2,2,2,0,,3,2,4,1,4,0,0,0,1,0,0,0,0,0,4,0,0,0,1,0,0,0,,2,1,1,1,6,4,2,6,2,5,6,2,4,2,3,2,2,2,2,2,3,2,1,3,2,2,2,3,2,2,2,2,3,2,3,3,3,5,2,4,5,2,5,2,4,4,2,1,3,3,3,3,4,3,3,2,2,2,4,2,5,1,1,6,5,2,1,1,1,1,,8,2,1,5,2,1,2,3,4,2,2,1,3,3,1,,4,2,7,3,2,2,6,2,4,2,4,0,,,2,3,3,4,4,2,1,2,2,5,4,3,5,4,2,1,3,3,2,2,1,2,2,2,3,1,2,2,2,2,2,1,2,2,2,2,1,2,1,2,2,2,0,,4,3,2,3,2,2,1,2,2,2,1,2,1,2,2,2,5,0,1,0,1,0,0,1,0,0,0,,1,5,3,3,3,2,1,1,3,3,5,4,2,2,2,4,2,4,2,3,3,2,2,2,2,7,2,7,2,5,2,9,2,5,1,2,7,2,3,3,3,5,3,2,2,2,5,2,2,2,2,2,1,2,1,2,3,1,2,2,5,2,4,2,6,3,1,5,5,2,3,1,3,1,4,1,1,3,1,4,2,4,4,2,1,5,1,1,1,,5,3,3,3,2,0,,1,2,1,5,1,4,0,,1,3,3,6,1,0,1,1,1,0,0,1,0,0,0,0,0,0,0,0,0,0,0,0,0,0,0,0,0,0,0,0,1,2,2,4,0,,,,,,,,,,,,,,,,,,,0,0,0,0,0,0,0,0,0,0,0,0,0,0,0,0,0,0,0,0,0,0,0,0,0,0,0,0,0,0,1,2,5,2,0,0,0,0,0,0,0,0,0,0,0,0,0,0,0,1,0,66.8,173.7,22.13995968,1,4,2
02ADL0008,16,1953,1/9/2017 10:51,1/9/2017,12,2,0,,0,,0,,,,,,2,1,1,0,,,0,,,0,,1,5,4,1,5,5,0,,,,0,,,,1,0,0,,1,9,9,1,5,1,5,0,,0,,1,1,0,1,,0,,,,,,,,,0,,0,,0,,0,,0,,0,,,,0,,0,,,,1,1,,1,0,,,,0,,,,1,0,,,0,,0,,0,,0,,,,1,1,3,,1,1,1,,0,,,,0,,0,,0,,0,,0,,0,,0,0,0,0,0,0,0,0,0,0,0,0,0,0,0,0,0,0,,,,,1,0,0,,0,,,0,,0,,0,,0,,0,,,,,,,,,0,,0,,0,,0,,,,0,,,0,,4,,1,0,,,,,,,0,,0,,0,,0,,,,,0,,,,,,,,0,,,,,,,,0,,,,,,,,0,,0,,0,,,,0,,,0,,,0,,,,0,,0,,,,0,,,0,,0,,,0,,0,,0,,,0,,0,,0,,0,,,,,0,,0,,0,,0,,,,,0,,,0,,0,,1,2,0,,0,,0,0,0,0,0,0,0,0,0,0,0,,1,0,0,1,1,1,1,,0,,,0,,0,,0,,1,2,1,0,,,0,,0,,0,,0,,1,3,1,0,,1,,1,0,,0,,,1,1,1,3,0,,1,2,1,1,0,,,,,,0,,0,,1,2,1,1,5,1,5,1,0,,,,0,,0,,,,,,0,,,,,,,,,0,,0,,0,,1,1,0,,0,,0,,3,,0,0,0,0,0,0,0,1,0,0,0,0,0,0,0,0,0,0,0,0,0,0,0,0,0,0,0,0,1,1,1,1,0,,,,,,,,,,,,,,,,,,,0,0,0,0,0,0,0,0,0,0,0,0,0,0,0,0,0,0,0,0,0,0,0,0,0,0,0,0,0,0,3,5,6,2,0,0,0,0,0,0,0,0,0,0,0,0,0,0,0,0,2,59.5,165.6,21.69683073,1,1,2
02ADL0009,19,1988,1/11/2017 9:12,1/11/2017,7,2,3,2,4,2,4,1,1,4,2,1,0,,,6,2,7,1,2,5,0,,0,,,,,,0,,,,0,,,,1,1,1,2,1,9,9,3,5,1,1,0,,1,1,1,9,3,2,1,4,2,1,1,5,1,1,7,3,4,2,9,1,9,1,9,1,6,3,1,8,1,2,1,2,1,5,1,2,1,6,1,2,1,9,3,2,1,1,1,1,1,1,1,1,8,2,10,2,3,2,9,2,1,2,2,2,7,2,4,2,4,2,1,1,3,2,4,2,4,2,2,2,2,2,2,2,9,2,10,1,0,0,1,0,0,1,1,0,2,0,0,0,1,0,0,1,1,2,5,2,1,4,3,2,4,3,5,4,1,3,2,2,2,1,2,4,2,1,1,4,1,1,2,1,1,2,4,2,2,2,2,2,4,2,5,2,3,7,2,8,2,5,2,2,2,1,1,5,2,2,2,5,2,2,2,6,2,1,5,1,1,5,1,1,1,1,1,1,5,2,1,2,2,1,1,1,2,2,2,1,1,1,1,1,2,2,9,2,0,,0,,0,,,0,,,0,,,,0,,0,,,,0,,,0,,0,,,0,,0,,0,,,0,,0,,0,,0,,,,,0,,0,,1,2,0,,0,,,0,,,1,2,3,3,3,3,0,,3,2,0,0,0,0,0,0,0,0,0,0,2,3,1,7,4,2,3,1,3,3,4,2,1,2,2,2,2,2,2,3,2,1,1,2,1,2,2,2,2,9,2,1,2,4,2,1,0,,0,,,2,2,2,2,1,5,2,5,2,0,,4,2,2,2,1,2,5,1,2,1,8,1,2,2,1,2,5,1,1,1,1,5,2,5,5,2,2,3,1,5,2,1,,,0,,,,,,,,,3,2,1,1,0,,1,1,1,1,0,,1,2,7,7,1,0,1,0,0,0,0,1,0,0,0,0,1,0,1,0,0,0,0,0,0,0,1,1,1,0,1,1,1,5,2,2,1,0,,,,0,,,,,,0,,0,,,0,,,0,0,0,0,0,0,0,0,0,0,0,0,0,0,0,0,0,0,0,0,0,0,0,0,1,0,0,0,0,1,2,4,2,2,0,0,0,0,0,0,0,0,0,0,0,0,0,0,0,0,0,54.2,162.8,20.44986689,1,4,2
02ADL0010,,1948,,1/18/2017,8,2,0,,2,2,2,2,5,1,1,3,1,2,1,2,3,3,1,2,3,0,,1,8,8,2,1,2,1,3,3,2,0,,,,0,,,,1,7,7,2,1,1,1,0,,0,,1,4,4,2,5,4,2,1,1,4,3,1,2,3,2,2,3,2,1,2,4,2,2,1,1,2,1,2,4,2,1,6,2,2,1,2,2,2,1,6,6,2,1,2,4,2,0,,,,2,2,6,2,0,,6,3,2,2,1,2,1,2,6,2,4,2,1,2,4,2,5,2,0,,2,2,2,2,0,,8,3,8,0.5,0.5,0,0,0,0.5,0.5,0,0,6,0.5,0.5,0,0.5,0.5,0,0,2,3,6,3,1,10,8,3,7,3,5,7,2,4,2,4,2,4,2,4,2,5,2,5,5,2,2,2,6,3,4,2,2,2,2,2,4,2,1,2,2,3,2,6,2,5,3,2,5,3,3,5,3,1,2,1,1,1,2,4,2,5,1,3,1,1,1,5,5,3,4,3,7,2,5,5,2,1,1,1,7,2,5,5,4,3,2,2,7,2,6,3,4,2,1,2,1,2,2,1,2,2,1,2,5,5,3,2,6,2,2,5,3,2,5,4,2,1,2,4,0,,3,2,4,3,5,0,,6,2,4,2,5,2,2,4,3,1,2,4,2,6,2,0,,2,2,3,2,2,3,6,3,5,3,0,,0,,2,3,4,0.5,0.5,0,0,0,0,0.5,0,0,0,,1,2,3,2,1,3,3,1,4,2,5,4,2,1,2,2,2,5,2,3,6,2,3,1,1,1,2,7,2,0,,7,2,5,0,,7,2,3,1,2,4,2,2,4,2,3,2,4,2,1,2,1,2,3,2,1,4,3,2,6,2,4,2,6,2,1,5,5,1,0,,2,1,5,2,2,2,1,5,2,5,3,3,0,,,,,,,,,2,3,1,5,1,2,1,5,1,5,1,4,1,3,3,3,0,0,0,0,0,0,0,0,0,0,0,0,0,0,0,0,0,0,0,0,0,0.5,0,0,0,0,0,0,1,4,2,4,1,3,1,1,1,4,4,2,2,1,4,0,,3,3,4,4,4,4,0,0.5,0,0,0,0,0,0,0,0,0,0.5,0,0,0.5,0,0,0,0,0,0,0,0,0,0,0,0,0,0,0,2,6,5,2,0,0,0,0,0,0,0,0,0,0,0,0,0,0,0,0,2,78.8,164.5,29.12020399,2,4,1
02ADL0011,33,1943,1/25/2017 9:05,1/25/2017,1,2,0,,1,1,0,,,0,,,0,,,1,2,4,0,,,0,,1,1,1,1,5,1,0,,,,0,,,,1,1,1,2,1,9,9,2,5,1,5,6,2,0,,,,,,,0,,,,,,,,,0,,9,2,0,,7,2,0,,,,,,4,2,1,7,5,,1,4,4,,1,8,8,2,1,7,7,2,1,5,0,2,4,2,8,2,6,3,8,3,0,,3,3,0,,0,,0,,1,4,0,,3,,4,3,4,3,5,3,5,3,8,3,8,0,0,0,1,0,0,0,0,0,0,0,0,0,0,0,0,0,,,8,3,1,8,8,3,8,3,5,8,1,4,3,0,,0,,1,2,1,,1,1,,1,,4,2,0,,0,,3,2,3,2,6,2,1,8,3,4,2,1,0,,,,,,,0,,0,,0,,1,2,1,5,1,0,,,,,,,,1,2,1,,1,1,1,1,0,,,,,,,,1,2,8,2,0,,1,2,0,,,1,2,3,3,3,5,1,3,2,0,,,,0,,,1,2,0,,,0,,0,,0,,,0,,1,2,1,2,3,2,1,5,1,3,1,1,2,0,,0,,3,1,5,0,,,0,,4,3,5,2,0,,5,2,0,0,0,0,0,0,0,0,0,0,0,,1,5,3,2,5,1,1,2,3,2,1,0,,0,,3,1,3,2,5,0,,,3,2,0,,8,1,0,,8,1,5,0,,8,,5,3,,1,2,5,1,1,6,1,0,,0,,0,,1,1,4,1,2,1,8,1,0,,5,2,1,5,1,1,7,1,0,,,,6,1,0,,,,,,0,,,,,,,,,0,,0,,0,,0,,0,,1,5,0,,4,4,1,0,0,0,0,0,0,0,0,0,1,0,1,0,0,0,0,0,0,0,0,0,0,0,0,0,0,0,0,,,,1,0,,,,0,,,,,,0,,0,,,0,,,0,1,1,0,0,0,0,0,0,0,0,0,0,0,0,0,0,0,0,1,0,0,0,0,0,0,0,0,0,0,1,2,1,2,0,0,0,0,0,0,0,0,0,0,0,0,0,0,0,0,2,53.8,161.3,20.67823854,1,4,2
02ADL0012,39,1998,1/30/2017 6:50,1/30/2017,5,2,0,,0,,2,1,1,3,2,2,5,2,1,2,1,1,2,1,1,0,,1,7,3,2,1,1,1,4,3,2,0,,,,0,,,,1,9,9,2,1,1,5,0,,3,3,1,4,4,2,5,4,2,1,1,1,5,1,1,2,4,2,4,2,1,1,4,2,0,,1,0,1,1,4,2,1,4,2,1,1,4,2,2,1,4,2,2,0,,,,0,,,,0,,0,,0,,0,,0,,0,,4,2,4,1,4,1,1,4,2,1,2,1,0,,0,,0,,0,,0,,7,1,0,0,1,0,0,1,0,0,2,0,0,0,1,0,0,0,1,1,0,,0,,,,4,2,2,0,,2,2,4,2,4,2,4,2,2,2,2,3,2,4,1,1,1,3,1,4,2,2,2,2,1,0,,,1,2,7,2,3,2,1,1,1,1,5,2,2,2,4,2,4,2,4,2,5,1,3,1,1,1,1,2,2,1,1,4,2,5,4,1,1,1,1,4,1,5,2,4,2,1,1,4,1,2,1,3,1,4,2,4,2,2,0,,,2,1,2,2,1,1,4,1,1,5,4,1,2,4,1,4,2,1,4,2,4,2,2,1,2,4,1,4,2,4,2,4,2,3,3,3,2,1,4,2,7,2,0,,2,1,1,2,1,1,2,1,2,2,0,,2,2,2,2,7,1,1,0,1,0,0,1,0,0,0,,1,2,2,2,1,2,3,4,1,1,5,4,,2,2,4,1,7,2,1,1,1,1,2,2,2,2,4,2,1,2,2,2,1,0,,4,2,1,2,2,4,2,1,4,2,4,1,4,2,4,1,2,2,1,1,2,1,2,3,4,2,4,2,2,1,1,4,4,3,2,1,2,1,3,2,0,,1,4,2,4,2,3,1,2,2,3,3,2,5,3,1,1,1,1,3,1,1,1,1,1,2,1,3,0,,2,2,0,0,1,0,0,0,0,1,0,0,0,0,0,0,0,0,0,0,0,1,0,0,0,0,0,0,0,0,0,,,,1,0,,,,0,,,,,,0,,0,,,0,,,0,0,0,0,0,0,0,0,0,0,0,0,0,0,0,0,1,0,0,0,0,0,0,0,0,0,0,0,0,1,2,6,5,2,0,0,0,0,0,0,0,0,0,0,0,0,0,0,0,0,0,77.8,155.8,32.05122923,3,4,2
02ADL0013,42,1952,1/31/2017 8:44,1/31/2017,7,2,0,,1,1,6,1,5,1,1,5,0,,,7,2,4,0,,,0,,1,1,1,1,1,1,0,,,,0,,,,1,2,2,2,1,7,7,1,4,1,1,3,2,3,1,1,6,5,1,3,0,,,,,,,,,0,,6,2,3,2,1,2,9,2,1,7,1,2,1,2,1,6,0,3,1,1,0,2,1,7,1,3,1,1,0,2,0,,,,2,3,5,2,5,,6,2,0,,1,2,6,2,3,2,1,2,1,5,1,2,1,2,4,3,5,2,1,2,0,,6,2,7,0,1,0,1,0,1,0,0,0,1,0,1,0,0,0,0,0,2,,2,3,1,9,2,3,7,2,3,7,1,5,2,1,1,0,,1,1,1,,1,2,1,1,,1,2,1,2,0,,1,2,1,2,4,2,1,1,2,4,1,2,0,,,,,,,1,1,1,1,0,,3,2,2,4,2,4,5,1,1,1,,1,1,3,1,1,1,1,1,1,1,6,1,1,1,2,2,1,,1,2,5,2,0,,0,,0,,,1,2,1,6,2,5,1,0,,1,1,2,1,1,2,2,1,1,0,,,0,,0,,1,2,5,0,,0,,1,2,1,1,1,3,1,0,,1,1,0,,0,,4,1,1,1,1,1,1,2,2,2,1,2,0,,1,2,1,0,1,0,1,0,1,0,0,0,2,2,1,6,5,2,3,1,2,2,2,3,4,5,2,2,2,1,2,0,,,1,1,1,0,,0,,6,1,0,,5,2,4,6,2,1,1,1,1,2,0,,,1,2,1,1,0,,0,,0,,1,2,3,2,2,1,5,1,5,2,5,1,1,5,3,1,6,1,0,,,,1,1,1,4,1,1,,,0,,,,,,,,,1,1,0,,1,1,0,,1,3,0,,1,2,7,6,1,0,0,0,0,0,0,0,0,0,0,0,1,0,0,0,0,0,0,0,0,0,0,0,0,0,0,0,0,,,,1,1,1,1,2,5,2,2,2,2,2,0,,0,,,0,,,0,0,0,0,0,0,0,0,0,0,0,0,0,0,0,0,0,0,0,0,0,0,0,0,0,0,0,0,0,0,2,4,4,2,0,0,0,0,0,0,0,0,0,0,0,0,0,0,0,0,0,53.4,164.7,19.68584488,1,4,0
02ADL0014,44,1970,2/1/2017 9:47,2/1/2017,5,2,0,,0,,1,1,0,0,,,0,,,0,,,0,,,0,,1,6,6,1,5,1,1,1,1,1,0,,,,0,,,,1,7,7,3,5,2,5,0,,0,,1,4,4,1,1,10,2,1,1,5,1,1,2,2,1,1,10,2,5,2,7,2,0,,0,,,,1,1,1,1,1,2,1,1,1,2,1,2,2,2,0,,,,0,,,,0,,9,2,1,1,5,1,0,,1,2,0,,2,1,0,,1,0,2,1,1,2,0,,0,,1,2,0,,5,2,2,0,1,0,0,0,0,1,0,0,0,0,0,0,0,0,0,0,,,4,2,1,7,7,2,1,3,1,2,3,1,1,3,2,0,,1,1,3,1,1,2,1,5,2,5,3,3,2,0,,0,,4,2,3,2,2,0,,1,1,1,0,,,,,,,3,2,1,1,0,,0,,,,,0,,,,,,,,2,2,2,2,1,1,2,2,4,2,2,1,2,3,1,1,3,1,1,2,0,,8,2,7,2,5,0,,,0,,,,0,,3,1,2,1,0,,,4,2,1,2,1,3,,1,2,1,2,2,0,,7,2,4,2,4,2,2,5,1,0,,1,2,1,1,0,,0,,,4,2,5,0,,0,,0,,4,2,0,,8,0,1,0,1,0,0,1,0,0,0,,1,1,1,2,2,1,1,5,3,2,5,0,,2,1,0,,1,2,1,5,2,1,0,,0,,6,2,0,,7,2,5,0,,6,2,1,0,,5,2,2,1,2,1,,2,2,0,,0,,0,,,,,,10,3,7,1,6,2,1,2,1,1,0,,5,1,1,1,0,,1,5,2,1,,,1,5,3,1,1,,1,,,0,,0,,1,2,0,,1,2,0,,0,,1,5,0,0,0,0,0,0,0,0,0,0,0,0,0,0,0,0,0,0,0,0,0,1,0,0,0,0,0,0,1,5,2,4,0,,,,,,,,,,,,,,,,,,,0,0,0,0,0,0,0,0,0,0,0,0,0,0,0,0,0,0,0,0,0,0,0,0,0,0,0,0,0,0,3,4,1,2,0,0,0,0,0,0,0,0,0,0,0,0,0,0,0,0,1,132.8,160.1,51.81021699,3,4,2
02ADL0015,53,1986,2/8/2017 6:27,2/8/2017,4,1,0,,5,3,5,3,5,1,3,1,0,,,0,,,0,,,0,,1,3,3,3,1,1,1,5,5,3,1,6,6,3,1,3,3,3,1,9,9,3,5,1,1,2,3,3,3,0,,,,,0,,,,,,,,,0,,1,3,1,1,4,2,0,,1,1,1,1,1,1,1,1,1,1,1,1,1,1,1,3,3,2,1,1,1,1,1,1,1,1,2,2,2,1,1,,1,1,2,1,0,,2,1,2,1,0,,1,4,4,2,1,1,0,,2,1,0,,3,1,5,1,2,1,1,0,1,0,0,1,1,0,2,1,1,0,0,0,0,0,1,1,5,1,1,1,1,1,4,3,5,4,2,4,2,4,2,4,2,4,2,1,1,1,1,1,2,1,4,2,4,1,4,1,1,1,5,3,0,,,0,,4,1,2,1,2,3,3,2,4,2,4,3,4,3,5,3,4,3,5,5,5,5,1,2,1,1,1,1,1,5,2,5,5,2,1,1,1,5,2,5,1,3,2,1,1,1,1,1,1,5,3,5,3,5,3,2,5,3,2,0,,,,5,3,5,3,2,5,1,3,5,3,,3,2,2,3,3,3,3,5,3,3,5,3,5,3,5,1,5,3,5,5,5,5,3,5,3,5,3,0,,5,1,3,5,1,3,6,3,5,3,5,2,0,,4,3,5,1,1,0,1,0,0,0,1,0,0,,1,6,6,3,1,2,2,4,4,3,5,3,1,1,1,4,1,5,2,3,3,2,3,0,,0,,3,1,1,2,4,1,5,0,,6,2,3,4,1,4,1,3,4,1,4,1,4,1,0,,0,,1,1,3,2,2,2,3,1,1,1,4,1,2,4,5,1,7,1,3,2,,1,2,3,0,,,,,,0,,,,,,,,,0,,1,3,1,3,1,3,,,0,,1,3,3,3,0,0,0,0,0,0,0,0,0,0,0,0,0,0,0,0,0,0,0,0,0,1,0,0,0,0,0,0,1,5,2,2,0,,,,,,,,,,,,,,,,,,,0,0,0,0,0,0,0,0,0,0,0,0,0,0,0,0,0,0,0,0,0,0,0,0,0,0,0,0,0,0,2,1,1,2,0,0,0,0,0,0,0,0,0,0,0,0,0,0,0,1,0,63.2,163.4,23.67080207,1,0,2
02ADL0016,58,1963,2/10/2017 10:38,2/10/2017,8,2,0,,1,2,2,2,0,0,,,1,1,1,4,2,3,0,,,0,,1,3,3,2,1,1,0,,,,0,,,,0,,,,1,7,7,1,4,1,5,0,,1,1,1,6,2,2,5,0,,,,,,,,,0,,2,2,1,2,0,,2,2,1,1,1,2,3,2,1,4,4,2,1,8,5,2,1,6,2,3,1,1,1,2,0,,,,5,2,1,2,4,3,7,2,2,2,4,3,8,3,6,2,4,2,0,,,,9,2,7,3,4,2,1,1,9,3,10,2,9,0,1,0,1,0,0,0,0,0,10,0,0,0,1,0,0,0,,2,8,3,1,10,10,2,9,3,3,9,2,1,1,8,2,3,2,6,2,4,2,1,5,2,1,1,8,3,6,2,1,2,2,2,5,,6,3,5,10,3,4,2,3,1,2,1,5,3,1,1,1,2,0,,3,3,5,,5,1,1,7,2,2,1,3,3,5,2,8,2,4,5,2,1,3,3,7,1,4,1,3,3,1,2,5,2,6,3,1,2,8,2,3,2,1,1,2,1,6,2,5,3,1,2,4,2,2,1,0,,,6,2,1,2,4,2,2,4,3,5,2,5,1,2,0,,7,2,7,3,2,1,3,1,2,6,3,6,2,1,2,3,2,4,3,2,3,1,3,6,3,5,2,1,2,5,2,9,0,1,0,1,0,0,1,0,0,3,2,1,6,5,3,2,2,4,4,3,2,,4,2,1,2,5,2,4,2,2,5,2,1,5,2,1,2,9,2,1,2,1,2,,1,2,8,2,3,1,2,3,2,3,3,2,6,2,4,2,3,2,1,2,1,2,1,4,2,4,8,1,4,2,7,2,4,5,5,1,2,1,6,1,1,1,0,,0,,,,,,0,,,,,,,,,1,2,0,,1,1,1,1,1,3,1,1,1,4,7,3,1,0,0,0,0,0,0,0,1,0,0,0,1,0,1,0,0,0,0,0,0,0,0,0,0,0,0,0,0,,,,0,,,,,,,,,,,,,,,,,,,0,0,0,0,0,0,0,0,0,0,0,0,0,0,0,0,0,0,0,0,0,0,0,0,0,0,0,0,0,0,3,4,2,2,0,0,0,0,0,0,0,0,0,0,0,0,0,0,0,0,1,84,157.6,33.81947486,3,4,2
02ADL0017,61,,2/14/2017 8:38,2/14/2017,5,2,0,,0,,6,2,2,4,2,2,1,1,1,0,,,1,1,1,1,2,1,3,2,2,1,1,0,,,,0,,,,0,,,,1,7,7,2,3,1,5,1,2,1,2,1,7,7,1,5,4,2,2,2,2,3,1,2,2,1,2,1,2,0,,6,2,1,3,1,1,1,1,2,2,0,,,,1,1,1,3,1,1,1,1,1,2,2,1,1,9,1,3,1,1,1,1,6,2,2,1,2,2,3,3,2,1,4,2,2,2,1,3,1,1,4,2,0,,1,1,0,,1,2,4,3,4,0,0,1,0,0,0,0,0,0,0,0,0,0,0,0,0,0,,,1,1,1,3,3,1,4,3,5,6,2,3,2,4,2,3,,4,2,1,1,5,5,2,3,2,2,3,4,2,1,2,1,3,1,2,2,2,5,7,3,4,2,4,3,2,5,5,2,5,2,1,1,2,2,1,2,2,2,,,,0,,,,,,,,2,2,2,5,1,5,1,1,4,2,2,4,2,2,1,1,2,2,1,2,2,2,7,2,4,2,4,4,2,3,2,1,4,,1,2,1,1,2,2,1,2,4,2,,2,2,2,2,2,2,2,1,1,3,4,1,2,2,2,2,2,1,4,2,5,4,2,3,1,4,2,2,2,4,2,3,4,2,2,3,2,2,2,1,1,3,2,2,2,4,0,0,0,0,1,0,0,0,0,0,,1,2,1,2,1,2,5,2,3,2,5,3,1,5,2,2,1,4,1,2,4,1,4,2,2,0,,1,1,,,1,,,0,,1,1,2,2,2,2,2,2,1,1,3,2,1,2,1,1,1,1,,,,,,,3,1,1,1,7,1,2,5,1,,7,5,,,,,,,0,,,,,,0,,,,,,,,,5,1,1,5,1,2,1,4,,,1,2,1,2,3,2,0,0,0,0,0,0,0,0,0,0,0,0,0,0,0,0,0,0,0,0,0,1,0,0,0,0,0,0,1,4,2,4,1,1,1,1,1,2,1,2,2,2,4,0,,1,1,1,0,,,0,0,1,0,0,0,0,1,0,0,1,0,0,0,0,0,0,0,0,0,0,0,0,0,0,0,0,0,0,0,2,6,5,2,0,0,0,0,0,0,0,0,0,0,0,0,0,0,0,0,2,96.1,158.9,38.06059675,3,1,2
02ADL0018,63,1961,2/15/2017 9:35,2/15/2017,6,2,0,,6,2,6,2,5,6,2,5,2,1,1,3,1,7,1,1,5,7,2,0,,,,,,0,,,,0,,,,0,,,,,,,,,,,1,1,0,,1,7,7,3,1,1,,1,1,2,2,1,7,1,1,1,0,,1,1,10,3,0,,0,,,,0,,0,,,,0,,,,0,,,,0,,,,0,,,,0,,1,1,2,2,0,,0,,1,,2,2,2,2,1,2,0,,,,0,,0,,0,,0,,2,2,0,,2,0,0,0,0,0,0,1,0,0,0,0,0,0,0,0,0,0,,,0,,1,1,1,1,1,1,2,1,1,2,1,0,,1,1,1,1,1,1,1,1,1,2,,0,,0,,1,1,0,,0,,6,1,2,2,2,1,1,1,1,1,2,1,2,1,1,1,1,1,1,1,1,1,1,1,2,1,0,,,,,,,,4,2,4,2,1,1,1,2,1,1,1,1,1,2,1,1,1,1,1,1,0,,8,2,0,,,0,,,6,1,5,1,7,2,1,1,2,5,1,2,5,1,2,1,2,5,1,1,0,,0,,,0,,7,2,7,2,2,2,1,5,1,0,,0,,1,,3,2,0,,,0,,,0,,0,,2,2,0,,1,1,2,0,0,0,0,0,0,1,0,0,0,,1,1,1,2,2,1,4,1,1,2,2,1,1,1,1,1,2,0,,,0,,,0,,1,1,,,1,3,1,2,4,2,2,1,2,5,2,2,1,2,4,1,1,1,1,1,3,1,2,1,1,1,1,2,1,2,1,1,2,1,2,2,2,1,5,2,2,6,1,5,2,4,2,1,2,1,5,2,3,1,3,1,5,2,2,5,1,1,,,0,,1,2,0,,1,2,0,,0,,1,4,8,6,0,0,0,0,0,0,0,0,0,0,0,0,0,0,0,0,0,0,0,0,0,1,0,0,0,0,0,0,1,4,3,1,0,,,,,,,,,,,,,,,,,,,0,0,0,0,0,0,0,0,0,0,0,0,0,0,0,0,0,0,0,0,0,0,0,0,0,0,0,0,0,0,3,5,5,2,0,0,0,0,0,0,0,0,0,0,0,0,0,0,0,0,1,101.6,157.8,40.8018364,3,4,2
02ADL0019,66,,2/16/2017 10:15,2/16/2017,7,2,0,,0,,1,2,5,1,1,5,1,2,1,0,,,0,,,0,,1,5,5,3,1,1,0,,,,0,,,,1,1,1,2,1,9,9,2,2,5,5,1,2,1,1,1,1,1,2,5,8,3,1,3,3,3,1,1,2,0,,1,2,1,2,1,2,1,2,1,1,1,2,1,2,1,1,1,2,1,1,1,2,1,1,1,2,1,1,1,3,0,,,,1,3,1,2,1,2,0,,1,2,1,2,1,1,1,2,1,2,1,1,1,3,1,2,1,2,0,,0,,1,2,1,2,1,1,0,0,0,0,0,0,0,0,1,0,0,0,1,0,0,0,2,2,1,2,1,1,1,2,1,2,2,1,3,1,3,7,3,1,2,2,3,2,2,2,3,2,2,2,0,,2,2,1,3,1,2,2,2,2,3,3,1,2,1,2,1,1,2,3,4,3,4,3,1,3,6,2,0,,2,2,,,,0,,,,,,,,6,3,5,5,2,1,2,3,0,,,,,,,,1,2,1,2,1,2,1,3,1,2,1,0,,,2,3,5,5,0,,2,2,2,2,1,3,3,2,3,2,2,1,1,3,1,3,1,2,2,1,2,1,2,2,3,2,3,4,4,3,1,3,1,3,1,2,1,3,1,2,1,1,2,1,0,,1,3,1,3,1,3,1,2,1,0,0,0,0,0,1,0,0,0,1,2,1,2,2,2,1,1,2,5,2,2,5,8,2,1,2,1,2,7,2,1,1,2,1,2,2,1,3,1,2,0,,0,,,0,,2,2,1,1,3,1,2,1,2,2,2,2,2,2,2,2,1,2,1,2,4,2,4,2,2,2,8,2,9,1,,2,3,4,3,5,0,,,,4,5,1,,2,2,3,3,,,,,,,,,,4,2,1,3,,,1,4,1,4,1,2,1,4,2,4,0,0,0,0,0,0,0,0,0,0,0,0,0,0,0,0,1,0,0,0,0,0,1,0,1,0,0,0,1,3,2,2,0,,,,,,,,,,,,,,,,,,,0,0,0,0,0,0,0,0,0,0,0,0,0,0,0,0,0,0,0,0,0,0,0,0,0,0,0,0,0,0,2,,,2,0,0,0,0,0,0,0,0,0,0,0,0,0,0,0,0,1,67.1,155.9,27.60770399,2,1,2
02ADL0020,69,1942,2/17/2017 8:50,2/17/2017,12,1,1,2,3,3,0,,,1,1,1,0,,,0,,,0,,,0,,0,,,,,,0,,,,0,,,,0,,,,1,7,7,1,3,1,5,0,,0,,1,6,6,2,1,0,,,,,,,,,5,3,7,2,3,2,5,2,6,2,1,3,3,2,6,2,1,3,3,2,1,3,3,2,1,4,4,3,1,9,9,2,1,3,3,3,3,3,5,2,10,3,9,3,6,3,5,3,8,2,5,2,5,3,1,5,5,3,5,3,5,3,5,3,5,2,8,,9,3,1,0,0,0,0,0,0,0,1,0,0,0,0,0,0,0,0,0,,,7,3,1,8,8,3,9,3,4,0,,5,2,0,,0,,3,2,1,1,1,1,1,1,1,6,2,5,2,1,3,3,2,1,2,7,3,1,9,2,6,2,1,0,,,,,,,1,2,0,,0,,5,2,1,5,1,1,5,2,1,1,1,1,1,5,2,1,1,1,1,1,1,0,,,,,,,,5,2,4,2,0,,0,,1,1,5,0,,,0,,,,0,,0,,,,0,,,0,,0,,,0,,0,,0,,,0,,0,,0,,0,,,,,0,,0,,3,2,0,,0,,,0,,,0,,0,,0,,0,,0,,0,0,0,0,0,0,0,0,0,0,5,2,1,8,8,2,4,2,3,1,0,,,1,2,1,2,0,,0,,,1,2,5,6,2,0,,8,2,0,,0,,,0,,0,,,1,2,0,,,0,,0,,0,,0,,1,2,5,2,3,1,3,1,0,,,,0,,,,,,6,4,0,,,,4,4,0,,,,,,1,5,2,4,1,,1,,,0,,0,,0,,0,,0,,0,,1,5,8,7,0,0,0,0,0,1,0,0,1,0,0,0,0,0,0,0,0,0,0,0,1,0,1,1,1,1,1,1,0,,,,1,0,,,,0,,,,,,0,,0,,,0,,,0,0,1,0,0,0,1,0,0,0,1,1,0,0,0,0,1,0,0,0,0,0,0,0,0,0,0,0,0,1,1,6,7,2,0,0,0,0,0,0,0,0,0,0,0,0,0,0,0,1,2,92.9,182.9,27.77079439,2,4,2
02ADL0021,70,1983,2/17/2017 9:40,2/17/2017,5,2,0,,0,,0,,,0,,,0,,,0,,,0,,,0,,1,1,0,2,5,5,0,,,,0,,,,0,,,,1,9,9,2,5,1,1,1,1,0,,1,2,0,2,1,0,,,,,,,,,1,2,4,2,3,2,9,2,2,2,0,,,,5,2,1,1,0,1,1,1,0,2,1,6,3,2,1,8,6,2,1,6,0,3,4,3,5,2,4,1,7,3,1,1,7,3,7,2,4,2,3,3,1,1,3,2,8,3,5,3,1,3,1,3,8,3,9,2,10,0,0,0,1,0,0,0,0,0,0,0,0,0,0,0,0,0,,,7,3,1,7,7,2,2,3,4,2,1,4,3,1,3,1,2,4,3,1,,1,2,2,1,,6,2,1,1,1,3,1,2,3,2,6,2,2,2,2,6,2,2,2,3,1,1,1,4,2,2,2,1,1,1,2,6,2,1,5,1,2,2,2,1,2,3,1,,4,2,2,1,,1,1,1,4,2,5,1,4,2,1,,4,2,7,3,1,2,1,2,0,,,0,,,4,2,5,1,1,1,1,1,2,1,1,2,3,2,1,1,2,1,1,1,1,2,1,2,5,1,2,4,2,1,2,8,1,2,4,2,1,3,2,2,1,1,0,,1,2,1,1,2,5,1,2,1,3,4,2,1,2,1,2,8,0,0,0,1,0,0,0,0,0,1,1,1,4,2,2,4,1,2,4,4,3,2,3,3,1,2,0,,2,2,2,3,2,2,1,2,1,1,3,2,1,2,0,,,0,,2,1,1,1,2,2,3,1,1,2,3,3,2,3,1,2,0,,1,2,4,1,2,1,7,1,1,1,8,2,1,5,2,1,1,3,1,5,1,2,8,4,1,1,1,1,,,0,,,,,,,,,1,1,0,,1,1,0,,0,,1,4,1,3,7,6,1,0,0,0,0,0,0,0,0,0,0,0,1,0,1,0,0,0,0,0,0,0,0,0,0,0,0,0,0,,,,1,0,,,,3,3,2,1,3,4,0,,0,,,0,,,0,0,0,0,0,0,0,0,0,0,0,0,0,0,0,0,0,0,0,0,0,0,0,0,0,0,0,0,0,0,2,4,3,2,0,0,0,0,0,0,0,0,0,0,0,0,0,0,0,0,0,80.4,177.8,25.43270393,2,4,2
02ADL0022,71,1945,2/20/2017 10:55,2/20/2017,6,1,0,,1,2,2,2,5,2,2,5,2,2,1,1,2,7,0,,,0,,1,1,2,1,1,1,1,1,0,2,0,,,,1,1,0,1,1,9,7,2,5,1,5,0,,0,,1,1,6,2,5,5,1,1,1,5,1,1,7,1,0,,7,2,1,2,9,2,0,,1,1,2,2,6,1,1,4,2,2,1,2,4,3,1,7,6,,1,7,7,2,0,,,,0,,9,3,8,3,4,3,4,2,4,2,1,1,2,2,1,2,,,,,4,2,1,,0,,0,,2,2,1,2,1,0,0,0,0,0,0,0,0,1,0,0,0,0,0,0,0,0,,,0,,1,2,2,2,2,1,5,0,,4,2,4,2,1,2,1,2,1,1,3,3,1,1,1,0,,7,2,1,2,1,2,0,,0,,,5,2,7,2,1,1,3,5,5,3,5,2,1,3,0,,0,,4,2,5,1,1,0,,,,,,,,8,2,1,5,2,1,,1,9,2,1,1,,3,1,1,2,2,8,3,2,2,1,2,1,2,1,1,2,1,4,2,5,5,0,,3,2,2,3,1,2,5,1,2,2,2,1,1,2,1,2,2,2,5,2,2,0,,2,2,1,2,3,3,2,1,2,2,2,1,3,0,,1,3,1,1,2,1,1,2,0,,4,2,2,2,4,2,2,0,0,0,1,0,0,0,0,0,0,,1,2,1,3,1,1,2,1,2,2,3,4,2,1,2,1,2,2,2,1,0,,,2,2,0,,9,1,0,,0,,,0,,0,,,0,,1,2,1,2,3,2,3,2,3,0,,0,,1,1,3,1,1,1,2,2,2,2,8,2,1,5,1,2,0,,2,1,1,1,0,,0,,,,,,0,,,,,,,,,0,,1,1,1,1,1,1,0,,0,,0,,9,9,1,0,0,0,0,0,0,0,0,0,0,0,0,0,0,0,0,0,0,0,0,0,0,0,0,0,0,0,0,,,,1,0,,,,5,5,2,2,2,3,4,3,4,5,3,4,5,3,0,1,0,0,0,1,0,1,0,1,1,1,0,1,0,0,1,1,1,1,1,0,1,0,1,0,0,0,0,0,1,5,4,2,0,0,0,0,0,0,0,0,0,0,0,0,0,0,0,1,2,70.8,177.6,22.44643292,1,1,2
02ADL0023,73,1950,2/22/2017 8:47,2/22/2017,3,1,0,,1,3,2,3,2,2,3,2,3,2,1,3,2,1,0,,,0,,1,4,4,2,1,1,1,4,4,2,0,,,,1,3,3,2,1,6,6,2,1,1,4,0,,2,1,1,7,7,3,5,6,2,1,3,5,1,1,1,2,0,,3,2,3,1,4,2,2,3,1,3,3,1,3,3,1,3,3,2,1,3,3,2,1,3,3,3,1,3,3,2,1,1,3,3,3,3,5,3,4,3,4,2,3,2,3,3,3,3,3,3,3,3,1,3,3,3,3,3,0,,0,,0,,3,3,3,2,3,1,1,0,1,0,1,0,0,0,3,1,1,0,1,0,0,0,1,3,5,3,1,3,3,3,3,3,3,5,3,3,3,3,2,3,3,3,3,1,1,5,5,2,1,1,3,2,3,2,2,3,3,3,3,3,3,3,3,3,3,6,3,5,3,2,5,5,4,5,3,3,3,3,2,0,,3,3,5,1,5,1,3,2,5,5,3,1,1,6,2,3,3,2,3,3,2,6,2,5,3,3,2,1,,3,1,3,2,3,,3,2,3,2,2,5,2,3,3,3,5,5,3,2,3,2,2,1,3,2,5,3,2,3,2,1,3,2,3,2,3,3,5,3,2,3,3,3,,3,2,3,5,3,3,2,3,2,3,3,3,2,5,,1,3,2,1,3,3,3,3,3,2,3,2,3,2,3,1,1,0,1,1,1,0,0,0,0,,1,1,1,3,1,1,5,3,3,2,5,3,2,3,2,3,3,3,2,1,3,2,1,4,2,3,2,3,2,0,,0,,,0,,1,1,1,0,,3,3,1,3,3,3,3,1,2,3,2,2,3,2,2,1,1,4,2,2,2,3,2,5,2,1,5,5,2,3,1,4,1,5,,1,1,1,5,2,1,,,0,,,,,,,,,3,2,1,1,1,1,1,1,0,,0,,1,1,2,1,0,0,0,0,0,0,0,0,0,0,0,0,0,0,0,0,0,0,0,0,0,1,0,0,0,0,0,0,0,,,,0,,,,,,,,,,,,,,,,,,,0,0,0,0,0,0,0,0,0,0,0,0,0,0,0,0,0,0,0,0,0,0,0,0,0,0,0,0,0,0,2,4,3,2,0,0,0,0,0,0,0,0,0,0,0,0,0,0,0,1,2,83.2,174.2,27.41744778,2,1,2
02ADL0024,74,1970,2/23/2017 8:02,2/23/2017,10,1,0,,1,2,3,2,1,2,2,1,1,2,1,2,2,2,0,,,5,2,1,5,5,2,1,1,1,4,4,2,0,,,,1,4,4,2,1,5,5,2,1,1,1,3,2,4,2,1,7,6,2,3,6,2,2,1,2,1,1,2,2,1,1,4,2,1,2,7,2,1,1,1,1,1,2,2,2,1,1,1,2,1,2,1,3,1,2,2,3,1,6,6,2,1,1,1,1,1,3,5,2,4,2,0,,1,2,1,2,1,2,4,2,4,2,1,4,1,2,1,2,1,2,0,,0,,4,2,5,2,1,0,1,0,0,0,0,0,0,0,0,0,0,0,0,0,0,0,,,2,2,1,5,5,2,7,3,3,7,2,1,2,5,2,1,2,2,2,3,2,1,5,2,2,2,1,2,7,2,1,2,1,2,5,3,2,2,2,7,2,6,2,1,3,2,1,1,1,5,3,1,2,1,2,0,,2,2,,,,0,,,,,,,,6,2,5,5,2,1,1,1,6,1,5,1,1,1,1,,1,2,2,3,1,2,2,2,3,2,1,1,2,1,1,2,5,5,0,,5,3,2,5,1,2,4,1,2,2,2,1,1,2,1,3,3,2,2,1,2,1,2,1,3,6,3,4,3,5,1,2,3,3,4,2,1,2,5,3,1,5,2,1,5,2,5,2,1,2,3,3,4,3,0,0,0,0,0,0,0,0,0,0,0,,1,1,0,2,1,1,2,3,4,3,5,1,2,1,2,3,2,7,2,1,6,2,1,3,2,0,,6,2,5,2,1,2,5,0,,7,3,1,1,2,7,3,1,3,2,6,3,4,3,5,2,1,2,4,3,3,2,3,2,5,2,5,2,6,2,1,5,5,1,5,1,2,1,1,1,1,2,1,5,2,1,,,1,5,2,1,1,,1,,,7,2,1,1,1,1,1,1,1,1,0,,1,1,5,3,0,0,0,1,0,0,1,1,1,0,0,1,1,1,1,0,1,1,0,1,0,0,0,0,0,0,0,0,1,5,2,1,0,,,,,,,,,,,,,,,,,,,0,0,0,0,0,0,0,0,0,0,0,0,0,0,0,0,0,0,0,0,0,0,0,0,0,0,0,0,0,0,2,,,2,0,0,0,0,0,0,0,0,0,0,0,0,0,0,0,1,1,67.1,168.5,23.63320977,1,1,2
02ADL0025,77,1957,2/27/2017 11:43,2/27/2017,2,2,0,,0,,1,1,1,0,,,0,,,3,2,3,0,,,2,1,1,5,4,3,5,2,0,,,,0,,,,0,,,,1,7,7,2,4,1,5,0,,0,,1,3,0,1,2,0,,,,,,,,,0,,2,1,0,,1,1,2,2,0,,,,1,1,1,1,0,1,1,1,1,2,1,1,1,1,1,7,1,2,0,,,,1,1,1,1,4,2,7,3,0,,1,2,4,2,5,2,3,2,1,4,2,2,3,2,1,2,1,2,1,1,2,2,4,2,8,0,0,0,1,0,0,0,0,0,1,0,0,0,1,0,0,0,,2,2,1,1,1,1,1,7,3,2,8,1,4,2,5,3,3,2,1,2,1,2,3,2,2,1,2,2,2,4,2,1,2,1,2,3,2,2,2,1,3,2,4,2,1,2,3,1,1,3,5,3,3,2,1,1,1,2,2,1,,,,1,1,1,5,5,3,1,2,7,1,1,5,2,1,1,1,3,1,2,1,2,2,1,1,4,2,1,3,1,2,6,3,3,3,2,1,3,2,4,3,5,5,0,,4,2,2,2,1,2,3,2,2,2,2,1,2,2,3,2,1,2,5,1,2,4,2,2,2,3,2,3,5,2,2,3,3,2,2,2,1,2,1,3,3,2,2,3,2,3,2,3,1,2,3,3,2,3,7,0,0,0,1,0,0,0,0,0,1,1,1,2,1,2,2,1,3,1,4,2,4,1,1,1,2,1,2,3,2,2,1,2,2,1,1,1,1,7,2,0,,2,2,4,1,2,4,1,3,2,2,2,3,3,4,2,6,3,3,2,1,2,3,2,1,2,2,2,2,2,5,2,7,2,5,2,1,5,5,2,2,2,5,1,4,1,1,1,1,4,2,3,3,1,1,5,3,4,3,3,4,3,2,1,2,1,3,1,1,1,2,1,2,1,3,1,2,5,2,0,0,0,0,0,0,0,0,0,0,0,0,0,0,1,0,0,0,0,0,0,0,0,0,0,0,0,0,0,,,,0,,,,,,,,,,,,,,,,,,,0,0,0,0,0,0,0,0,0,0,0,0,0,0,0,0,0,0,0,0,0,0,0,0,0,0,0,0,0,0,2,,,2,0,0,0,0,0,0,0,0,0,0,0,0,0,0,0,0,2,86.4,161.2,33.24938889,3,4,2
02ADL0026,78,1996,3/1/2017 7:54,3/1/2017,6,1,0,,0,,1,2,5,1,3,2,4,3,1,2,2,1,1,3,1,4,3,0,,,,,,1,2,2,2,0,,,,0,,,,1,7,6,2,2,1,1,1,1,0,,0,,,,,1,3,2,1,1,4,1,1,3,3,3,1,1,1,3,3,3,4,2,0,,,,4,2,0,,,,0,,,,1,1,0,2,1,2,1,3,0,,,,1,2,2,2,0,,2,2,0,,2,2,1,1,1,2,0,,1,4,1,2,1,2,0,,0,,0,,4,2,6,2,7,1,0,0,1,0,1,0,0,0,1,0,0,0,1,0,0,0,2,2,2,2,1,2,2,2,2,3,2,1,1,2,2,6,3,0,,5,3,1,1,5,5,3,5,3,5,3,5,2,0,,1,3,5,3,0,,,7,2,6,2,3,1,3,5,5,3,5,3,1,2,2,3,1,2,4,3,5,1,4,1,3,2,5,5,4,2,3,7,2,4,4,3,1,1,3,5,3,4,2,2,4,1,1,3,2,6,3,4,3,4,3,2,3,1,0,,,0,,,,1,3,6,2,2,3,1,3,4,2,2,3,3,3,2,3,1,3,5,3,4,1,2,4,3,1,2,7,3,4,5,5,1,3,1,2,2,2,0,,1,2,2,1,2,1,1,3,5,3,1,3,0,,2,3,2,1,1,0,1,0,1,0,0,0,0,,1,6,3,3,1,2,2,2,4,3,5,2,3,3,3,2,2,8,2,3,5,3,4,7,2,4,2,3,3,4,3,4,3,4,1,3,7,3,2,3,3,3,2,3,4,3,4,2,4,3,1,2,1,2,1,1,1,2,2,2,6,2,3,3,2,2,1,5,5,1,2,1,1,5,1,1,0,,0,,,,,,0,,,,,,,,,1,2,1,3,1,3,1,1,0,,1,3,1,3,3,2,1,0,1,0,0,0,1,0,1,0,0,0,0,0,1,0,0,0,0,0,0,0,0,0,0,0,0,0,0,,,,1,0,,,,0,,,,,,0,,0,,,0,,,0,0,0,0,0,0,0,0,0,0,0,0,0,0,0,0,1,0,0,0,0,0,0,0,0,0,0,0,0,0,2,6,7,2,0,0,0,0,0,0,0,0,0,0,0,0,0,0,0,1,0,97.5,184.1,28.7671633,2,2,2
02ADL0027,79,,3/1/2017 12:05,3/1/2017,10,2,0,,1,1,2,3,1,4,3,1,6,2,1,2,2,2,0,,,0,,1,3,2,2,1,2,1,2,2,1,0,,,,0,,,,1,7,7,2,1,1,4,2,1,2,1,1,6,6,3,1,9,2,3,1,5,1,1,2,3,0,,4,2,3,2,9,2,1,1,1,4,0,2,7,3,1,7,5,3,1,7,5,3,1,7,5,3,1,5,5,2,0,,,,4,3,0,,5,2,4,2,4,3,3,3,4,1,6,2,0,,1,4,4,2,5,2,0,,0,,0,,0,,1,3,6,0,0,0,1,0,0,0,0,0,5,0,0,0,1,1,0,0,1,3,7,2,0,,,,9,3,2,9,3,4,3,4,2,4,3,3,2,1,1,2,2,1,5,3,1,2,4,2,1,3,1,1,2,2,5,3,1,5,3,5,2,1,4,2,2,2,2,5,3,4,3,1,2,0,,4,2,1,3,2,0,,,,,,,,6,2,2,2,1,1,1,1,4,1,2,1,1,1,1,1,4,2,4,2,0,,7,2,3,2,5,0,,,4,3,5,5,7,2,4,2,2,5,5,2,5,3,3,5,2,1,0,,0,,0,,,4,1,5,2,0,,4,2,3,3,4,1,2,1,2,4,3,3,2,4,2,2,4,2,1,3,3,4,3,0,,3,2,4,2,4,0,0,0,1,0,0,0,1,0,0,,0,,,,,,,,4,2,3,5,2,4,1,5,2,6,3,1,4,2,1,8,2,3,2,9,2,9,2,9,2,5,0,,7,2,2,4,2,4,2,2,4,2,4,3,3,3,0,,1,1,1,2,1,2,1,2,4,2,7,3,6,2,1,5,2,2,2,3,3,1,5,2,1,1,0,,,,,,1,4,1,1,2,2,1,,,1,1,0,,1,1,1,1,0,,0,,1,3,6,5,0,0,0,0,0,0,0,1,0,0,0,0,0,0,1,0,0,0,0,0,0,0,0,0,0,0,0,0,0,,,,0,,,,,,,,,,,,,,,,,,,0,0,0,0,0,0,0,0,0,0,0,0,0,0,0,0,0,0,0,0,0,0,0,0,0,0,0,0,0,0,1,6,5,2,0,0,0,0,0,0,0,0,0,0,0,0,0,0,0,0,1,116.1,168.8,40.74622088,3,1,2
02ADL0028,81,1968,3/2/2017 10:49,3/2/2017,10,1,0,,0,,0,,,2,3,4,2,3,2,1,3,1,0,,,0,,1,1,2,1,1,2,1,7,7,3,0,,,,1,4,4,1,1,9,9,3,5,1,1,1,1,4,2,1,5,5,3,3,4,3,1,1,4,2,1,1,3,0,,2,2,0,,5,2,1,2,1,5,0,2,1,1,0,,,,0,,,,1,1,0,1,1,3,0,2,0,,,,4,3,0,,5,3,5,3,3,1,0,,3,2,2,1,2,1,1,0,4,2,1,3,1,1,1,1,0,,1,1,5,1,5,0,0,0,1,0,0,0,0,0,4,0,0,0,1,0,0,0,1,2,1,1,1,1,3,2,5,2,3,1,1,0,,4,2,4,3,4,3,1,,1,3,2,2,3,1,2,4,2,4,3,4,2,5,3,5,2,1,1,2,6,2,2,1,2,3,3,4,5,3,3,3,5,3,0,,4,2,5,1,1,4,1,2,1,5,3,1,1,7,3,3,2,2,1,1,1,1,1,1,1,1,1,1,1,4,2,6,3,4,3,9,3,0,,,0,,,4,2,5,5,5,3,6,2,2,5,3,2,5,4,3,4,2,1,3,3,3,2,3,1,2,1,1,9,3,5,2,9,3,3,3,3,0,,0,,4,3,0,,4,3,5,4,3,5,5,3,5,2,3,2,2,3,2,3,2,0,0,0,1,0,0,0,0,0,0,,0,,,,,,,,3,3,5,5,3,4,3,4,3,9,1,3,7,2,4,7,2,1,1,6,2,5,2,1,1,4,0,,7,2,1,0,,4,1,1,2,2,1,1,4,2,0,,0,,1,1,3,1,1,1,5,2,5,1,5,3,1,5,2,2,6,1,0,,,,0,,0,,,,,,0,,,,,,,,,0,,1,4,1,4,1,4,0,,0,,1,4,2,2,0,0,0,0,0,0,0,0,0,0,0,0,0,0,0,0,0,0,0,0,0,1,0,0,0,0,0,0,0,,,,1,0,,,,0,,,,,,0,,0,,,0,,,0,0,0,0,0,1,0,1,0,0,1,0,0,0,0,1,1,1,0,0,0,0,0,0,0,0,0,1,0,0,3,4,4,2,0,0,0,0,0,0,0,0,0,0,0,0,0,0,0,1,1,132.9,186.2,38.33236613,3,1,2
02ADL0029,82,1991,3/3/2017 8:46,3/3/2017,11,1,4,2,0,,0,,,0,,,0,,,0,,,0,,,0,,1,5,5,2,5,1,1,1,1,1,0,,,,1,1,1,2,1,6,6,2,5,1,1,1,2,1,1,1,1,2,1,1,0,,,,,,,,,0,,1,2,2,2,8,2,1,3,0,,,,1,2,0,,,,0,,,,1,1,2,3,1,7,7,2,1,1,1,2,5,3,6,3,6,2,7,3,3,1,2,3,6,3,4,1,0,,1,0,3,2,8,3,7,2,1,2,0,,4,3,3,2,2,0,0,0,1,0,0,0,0,0,0,0,0,0,0,0,0,0,,,2,1,1,6,6,2,1,3,5,0,,2,2,5,1,1,2,3,1,1,,1,1,,1,,1,2,1,2,1,1,0,,3,2,6,2,1,5,2,4,2,1,0,,,,,,,0,,1,1,0,,1,1,1,5,1,1,2,2,1,1,1,2,1,4,2,4,1,,1,1,,1,1,1,1,1,1,1,,0,,4,2,0,,1,2,0,,,1,2,1,2,2,5,5,0,,3,1,2,5,0,,,2,1,0,,,0,,1,1,1,1,1,1,2,1,1,0,,3,1,2,2,2,0,,0,,1,1,0,,0,,,1,1,1,0,,3,2,5,2,0,,2,2,5,0,0,0,1,0,0,0,0,0,4,2,1,2,4,2,3,1,3,1,1,2,3,1,1,1,2,1,2,1,3,1,1,2,1,1,2,0,,7,2,1,2,5,2,1,0,,4,1,1,2,2,1,2,1,2,1,1,2,0,,1,2,0,,1,2,3,1,3,1,1,2,3,2,7,2,3,3,5,1,8,1,0,,,,2,3,0,,,,,,0,,,,,,,,,6,1,0,,1,1,1,1,0,,1,5,0,,6,4,1,0,0,0,0,0,0,0,0,0,0,0,0,0,0,0,0,0,0,0,0,0,0,0,0,0,0,0,0,,,,0,,,,,,,,,,,,,,,,,,,0,0,0,0,0,0,0,0,0,0,0,0,0,0,0,0,0,0,0,0,0,0,0,0,0,0,0,0,0,0,1,,,2,0,0,0,0,0,0,0,0,0,0,0,0,0,0,0,1,0,64.5,169.4,22.4767183,1,4,2
02ADL0030,84,1981,3/7/2017 8:59,3/7/2017,1,2,0,,0,,0,,,0,,,1,2,1,0,,,0,,,0,,0,,,,,,0,,,,0,,,,0,,,,1,9,9,2,1,5,5,1,1,1,2,1,3,4,2,5,3,2,1,1,1,5,1,2,2,0,,2,2,0,,2,2,0,,1,1,2,2,6,2,1,1,1,2,1,1,1,2,1,5,3,3,0,,,,0,,,,2,3,0,,2,2,0,,1,2,1,2,0,,2,2,1,2,1,5,4,2,0,,0,,0,,0,,0,,0,,10,0,0,0,0,0,0,1,0,0,0,0,0,0,0,0,0,0,,,0,,1,1,1,3,3,2,1,3,2,0,,1,2,1,2,2,2,1,2,3,1,2,3,2,0,,6,2,0,,0,,0,,6,2,5,0,,7,2,1,0,,,,,,,0,,3,2,0,,3,2,5,1,2,0,,,,,,,,3,2,5,1,1,1,1,1,3,1,5,1,1,1,1,1,0,,0,,0,,5,2,0,,,3,2,1,4,2,5,5,0,,3,2,2,5,0,,,3,2,2,2,1,0,,0,,0,,,0,,0,,1,2,6,2,2,5,2,0,,5,2,2,2,0,,2,2,5,5,1,1,2,2,0,,0,,2,2,0,,8,0,0,0,0,0,0,1,0,0,0,,0,,,,,,,,2,2,5,7,2,,,1,2,5,2,1,2,2,1,3,2,0,,3,2,0,,4,2,4,0,,3,2,1,0,,2,2,1,4,2,3,3,2,2,0,,0,,1,2,5,1,5,2,3,1,3,2,6,1,1,5,5,1,0,,0,,,,0,,0,,,,,,0,,,,,,,,,0,,1,5,0,,0,,0,,0,,1,1,3,3,0,0,0,0,0,0,0,1,1,0,0,0,0,0,1,0,0,0,0,0,0,0,0,0,0,0,0,0,1,5,3,1,0,,,,,,,,,,,,,,,,,,,0,0,0,0,0,0,0,0,0,0,0,0,0,0,0,0,0,0,0,0,0,0,0,0,0,0,0,0,0,0,1,4,3,2,0,0,0,0,0,0,0,0,0,0,0,0,0,0,0,0,0,117.5,159.9,45.95586438,3,1,2
02ADL0031,85,1963,3/8/2017 9:47,3/8/2017,9,2,0,,0,,2,2,2,2,2,3,7,2,5,0,,,1,1,3,4,2,1,2,2,1,3,1,0,,,,0,,,,0,,,,1,8,7,2,4,2,2,1,1,1,1,1,1,1,2,1,7,2,1,1,1,5,1,2,1,0,,4,2,1,2,5,2,1,3,1,1,1,2,6,2,1,4,1,2,1,2,3,2,1,6,3,2,1,7,5,2,0,,,,4,3,6,2,4,2,0,,0,,1,2,4,2,5,2,1,2,1,6,4,2,0,,5,2,0,,2,1,0,,8,3,7,0,0,0,0,0,0,0,1,0,4,0,0,0,0,0,1,1,2,3,7,2,0,,,,4,2,2,1,2,3,2,6,2,1,2,4,2,1,1,4,2,2,2,2,4,2,4,2,0,,2,,3,2,5,2,1,2,1,5,2,5,2,2,3,3,3,3,2,3,2,4,1,0,,4,2,4,2,2,4,1,1,3,3,3,1,1,6,2,5,1,1,3,3,3,1,1,5,3,3,2,1,1,1,2,3,2,2,2,0,,4,2,3,4,2,1,0,,,,1,2,5,1,2,5,4,2,5,4,2,4,2,1,4,2,3,2,1,2,3,1,1,0,,2,2,6,1,3,1,5,2,2,4,2,4,2,0,,4,2,,4,1,1,3,2,2,3,1,1,1,1,0,,9,0,0,0,0,0,1,0,0,0,0,,1,1,1,2,2,2,2,1,3,1,5,3,1,1,2,4,2,5,2,1,3,2,1,7,2,2,2,3,2,0,,2,2,4,0,,4,2,3,1,1,3,2,1,4,1,5,2,4,2,3,2,1,2,1,2,4,2,2,2,9,2,10,2,6,1,1,5,5,2,6,1,6,2,5,2,7,3,1,5,,4,3,3,1,5,2,4,4,2,1,,,5,2,1,2,1,1,1,1,0,,0,,1,2,1,2,0,0,0,0,0,0,0,0,0,0,0,0,0,0,0,0,0,0,0,0,0,1,0,0,0,0,0,0,1,3,2,2,0,,,,,,,,,,,,,,,,,,,0,0,0,0,0,0,0,0,0,0,0,0,0,0,0,0,0,0,0,0,0,0,0,0,0,0,0,0,0,0,2,7,5,2,0,0,0,0,0,0,0,0,0,0,0,0,0,0,0,0,1,78,168.4,27.50492268,2,4,2
02ADL0032,86,1982,3/9/2017 8:16,3/9/2017,2,2,2,3,2,2,6,2,3,6,2,2,2,2,5,3,2,4,0,,,3,2,0,,,,,,0,,,,0,,,,0,,,,1,9,9,3,2,1,5,0,,0,,1,6,5,3,3,7,3,5,5,5,5,1,4,3,2,2,6,2,3,2,5,2,0,,1,4,0,1,4,2,0,,,,0,,,,1,4,4,2,1,4,3,2,0,,,,1,2,2,2,7,2,4,2,5,2,0,,2,2,2,2,4,2,1,5,8,2,5,3,0,,0,,0,,2,2,8,,5,0,0,0,1,0,0,0,0,0,7,0,0,0,1,0,0,0,,2,6,2,,,,,0,,,0,,0,,6,2,3,2,4,2,4,2,4,4,2,3,2,3,2,5,2,3,2,5,2,6,2,3,2,3,4,2,6,2,3,3,2,3,3,2,3,2,4,2,4,2,6,2,5,,4,2,,3,4,2,4,3,3,4,2,4,2,3,4,2,4,3,3,3,2,3,4,2,2,2,2,0,,0,,5,2,5,2,0,,,3,2,2,1,2,2,2,1,2,0,,,,0,,,0,,0,,,1,2,0,,0,,,2,2,7,2,0,,1,2,3,3,3,4,2,7,2,3,2,4,2,5,2,3,2,2,3,1,2,4,2,4,2,9,2,0,,0,0,0,0,0,0,0,0,0,0,2,2,0,,,,,,,,3,2,4,6,2,2,2,7,2,5,2,4,4,2,3,8,1,0,,0,,0,,5,3,1,0,,8,3,4,0,,0,,,4,2,4,1,0,,0,,3,2,2,1,2,1,1,1,6,2,0,,3,2,2,2,2,2,2,2,0,,,,2,2,0,,,,,,0,,,,,,,,,0,,0,,1,2,0,,0,,1,2,1,2,4,2,0,1,0,0,0,0,0,0,0,0,0,0,0,0,1,0,0,0,0,0,0,0,1,0,1,0,0,0,0,,,,0,,,,,,,,,,,,,,,,,,,0,0,0,0,0,0,0,0,0,0,0,0,0,0,0,0,0,0,0,0,0,0,0,0,0,0,0,0,0,0,1,4,4,2,0,0,0,0,0,0,0,0,0,0,0,0,0,0,0,0,0,76.5,169.9,26.5017576,2,1,2
02ADL0033,88,1982,3/10/2017 10:16,3/10/2017,3,2,0,,0,,2,2,1,2,2,1,3,1,1,4,2,1,2,2,1,0,,1,7,7,2,1,1,1,6,6,1,0,,,,0,,,,1,7,7,1,2,1,1,0,,0,,1,5,5,1,2,6,2,1,1,2,3,1,1,2,4,1,5,2,6,2,6,2,3,1,1,4,6,2,5,2,1,6,5,1,1,4,3,2,1,5,4,1,1,4,4,2,0,,,,4,1,0,,3,2,4,2,0,,5,2,4,2,4,2,0,,1,4,5,1,4,2,3,1,2,2,0,,0,,7,2,5,0,1,0,0,0,0,0,0,0,4,1,0,0,1,0,0,0,1,2,4,2,,,,,4,3,3,5,,4,2,7,2,4,1,3,1,1,1,2,2,1,2,2,3,2,8,1,1,1,0,,4,3,0,,,4,2,10,2,2,5,2,2,2,2,5,2,3,,4,1,4,2,6,2,3,3,4,0,,,,,,,,5,1,3,1,1,1,2,2,6,1,5,5,5,2,1,1,5,1,4,2,0,,4,2,4,2,1,4,2,1,4,1,2,1,0,,5,2,2,4,4,2,2,4,1,3,2,1,4,2,4,1,3,2,2,3,1,0,,3,2,7,3,5,4,5,,,4,1,3,2,0,,7,2,1,4,1,1,4,2,4,2,4,1,4,2,4,1,7,0,0,0,1,0,0,1,0,0,0,,1,5,4,2,1,2,2,2,4,2,3,4,2,4,1,5,2,5,2,1,4,2,1,4,1,0,,8,2,0,,7,2,1,0,,6,1,1,3,2,4,2,1,4,2,7,2,5,2,0,,0,,1,1,2,2,1,1,8,2,7,2,7,2,3,3,1,2,0,,7,1,4,1,0,,0,,,,,,0,,,,,,,,,3,1,1,1,1,1,1,2,0,,0,,1,2,6,3,0,0,0,0,0,0,0,0,0,0,0,0,0,0,0,0,0,0,0,0,0,1,0,0,0,0,0,0,0,,,,0,,,,,,,,,,,,,,,,,,,0,0,0,0,0,0,0,0,0,0,0,0,0,0,0,0,0,0,0,0,0,0,0,0,0,0,0,0,0,0,,,,2,0,0,0,0,0,0,0,0,0,0,0,0,0,0,0,0,0,73,153,31.18458712,3,0,2
02ADL0034,90,1979,3/14/2017 7:32,3/14/2017,7,1,0,,0,,2,2,5,2,2,5,0,,,3,2,2,1,2,5,3,2,1,3,1,2,1,1,1,2,1,2,0,,,,0,,,,1,8,7,1,1,1,3,0,,0,,1,6,6,2,1,5,2,1,1,5,1,1,2,2,0,,7,2,0,,6,2,4,2,1,7,6,2,7,2,1,5,5,1,1,5,5,2,1,5,5,2,1,6,5,2,0,,,,4,2,3,2,4,2,4,2,0,,0,,7,2,6,2,4,2,1,4,4,2,5,2,3,2,2,2,0,,4,2,6,2,0,0,0,0,0,0,0,0,0,0,6,0,1,0,0,0,0,0,2,1,6,2,1,5,5,2,7,3,3,7,1,4,2,4,2,1,2,2,2,2,2,3,1,2,2,2,4,2,0,,0,,1,2,4,2,4,2,1,5,2,6,1,1,1,2,3,1,3,3,2,1,2,1,2,1,2,4,2,5,1,1,1,2,2,2,1,3,1,2,4,2,1,1,1,1,1,1,2,1,2,4,1,2,1,1,2,1,4,2,1,2,4,2,2,2,1,0,,,1,2,5,5,1,2,3,2,2,4,1,2,5,1,2,1,2,1,3,2,4,2,4,2,4,2,2,2,2,1,2,2,2,1,5,1,1,2,3,2,3,2,0,,6,2,1,2,2,1,1,2,1,2,4,2,0,,1,2,4,1,0,0,0,0,0,0,0,0,0,,1,2,1,2,2,2,2,2,4,2,5,1,2,1,2,1,2,5,2,3,6,2,1,1,2,4,2,6,2,6,2,5,2,5,0,,4,2,5,1,2,1,2,1,1,1,2,2,1,2,0,,0,,0,,,,,,5,1,1,1,5,2,3,3,5,1,8,1,2,2,1,1,2,5,1,2,1,1,,,0,,,,,,,,,1,1,1,5,1,5,0,,1,5,1,5,1,5,6,4,0,0,1,0,0,0,0,0,0,0,0,0,0,0,0,0,0,0,0,0,0,0,0,0,0,0,0,0,1,5,2,2,1,0,,,,0,,,,,,0,,2,3,2,0,,,0,0,0,0,0,0,0,0,0,0,0,0,0,0,0,1,0,0,0,0,0,0,0,0,0,0,0,0,0,0,2,5,4,2,0,0,0,0,0,0,0,0,0,0,0,0,0,0,0,1,0,74.2,167.3,26.51014013,2,4,2
02ADL0035,91,1958,3/14/2017 10:19,3/14/2017,10,2,0,,0,,2,2,3,1,1,2,0,,,0,,,0,,,1,2,1,3,3,2,5,5,0,,,,0,,,,1,3,3,2,1,8,7,2,3,1,5,2,3,3,2,1,5,5,2,2,1,1,1,4,1,1,1,4,2,0,,6,2,4,2,8,2,6,2,1,3,0,1,5,1,1,4,3,3,1,3,2,2,1,1,2,2,1,7,3,2,1,2,1,3,1,2,7,2,6,2,2,2,2,2,2,2,7,3,6,2,2,2,1,1,1,2,4,2,6,3,2,2,0,,2,2,9,2,4,0,0,0,0,0,0,1,0,0,0,0,0,0,0,0,0,0,,,8,2,1,1,1,1,8,3,2,8,1,4,3,0,,1,1,2,2,1,1,1,1,1,1,1,3,2,6,2,0,,,,1,1,1,2,1,7,3,6,2,3,2,2,2,1,1,5,1,1,2,1,1,0,,2,1,,,,1,3,1,1,1,1,1,1,4,2,3,1,1,1,1,1,2,1,3,1,1,1,1,1,3,1,4,2,0,,3,1,2,1,5,1,1,5,2,3,5,2,0,,1,,,1,1,2,4,2,2,1,1,5,4,1,4,2,2,2,5,1,1,,,7,2,5,2,1,4,1,1,2,2,2,2,1,0,,1,1,1,4,1,3,1,2,5,2,5,2,0,,1,2,4,1,0,0,0,0,1,1,0,0,0,,1,4,3,2,1,1,4,2,1,2,5,5,2,1,2,1,2,1,1,1,2,1,1,5,2,6,2,4,,0,,3,2,5,4,2,0,,,4,2,6,2,4,2,2,4,2,0,,1,2,1,2,1,1,3,1,1,1,7,1,5,1,7,1,3,3,1,1,7,1,0,,,,4,5,1,1,1,5,3,,1,1,1,2,1,,5,2,4,1,1,1,5,1,1,1,2,1,3,1,3,1,3,7,4,0,0,1,0,0,0,0,1,0,1,0,0,0,0,0,0,0,0,0,0,0,0,0,0,0,0,0,0,0,,,,1,1,1,1,2,0,,,,,,0,,0,,,0,,,0,0,0,0,0,0,0,0,0,0,0,0,0,0,0,0,0,0,0,0,0,0,0,0,0,0,0,0,0,0,2,4,3,2,0,0,0,0,0,0,0,0,0,0,0,0,0,0,0,0,1,63.2,164.1,23.4692881,1,4,2
02ADL0036,94,1992,3/15/2017 10:20,3/15/2017,7,1,0,,1,2,1,2,1,1,2,1,0,,,3,2,1,2,3,1,3,3,1,1,2,2,5,1,1,2,2,2,0,,,,1,2,2,2,1,9,9,2,5,1,1,3,2,2,2,1,1,1,2,5,3,3,1,1,1,5,1,1,2,0,,4,2,0,,6,2,2,2,1,1,1,2,3,2,0,,,,1,1,0,2,0,,,,1,4,1,3,0,,,,0,,4,3,7,3,6,3,0,,0,,2,3,5,3,2,3,0,,,,2,2,5,3,1,2,1,3,7,3,6,3,7,0,0,0,1,0,0,0,0,0,1,0,0,0,1,0,0,0,1,1,5,2,0,,,,6,3,5,6,2,6,2,3,3,,,2,2,1,1,4,4,2,1,1,3,3,0,,1,2,1,3,4,3,4,3,1,4,3,6,2,1,1,2,5,5,3,5,2,2,2,1,2,1,2,2,2,,,,1,1,2,1,1,3,,2,4,2,4,4,2,1,1,3,2,2,5,1,5,3,1,1,2,2,5,2,2,2,4,3,0,,,0,,,0,,,,2,3,0,,,,4,3,5,1,2,0,,,1,2,2,3,2,3,5,0,,1,3,2,3,4,2,1,5,1,1,3,1,2,3,2,0,,2,2,1,1,2,1,1,2,1,2,4,3,1,2,4,2,4,0,0,0,1,0,0,1,1,0,0,,1,1,0,2,3,1,3,3,4,3,5,2,2,1,2,1,2,1,2,1,3,2,1,1,2,3,2,1,2,8,2,8,2,5,1,1,7,2,1,3,2,1,3,1,1,2,3,2,3,2,0,,1,2,1,2,5,2,2,2,5,1,6,2,7,2,1,5,5,1,6,1,1,1,5,1,4,4,1,2,1,1,,,1,1,1,3,2,3,2,3,1,6,2,0,,1,1,1,1,0,,1,1,1,1,3,2,1,0,0,0,0,0,0,0,0,0,0,0,0,0,0,0,0,0,0,0,0,0,0,0,0,0,0,0,1,5,2,2,1,2,2,1,2,0,,,,,,0,,0,,,1,4,1,1,1,1,0,0,0,0,0,0,0,0,0,0,0,0,0,1,0,0,0,0,0,0,0,0,0,0,1,0,0,1,4,4,2,0,0,0,0,0,0,0,0,0,0,0,0,0,0,0,1,0,65.1,176.3,20.94480706,1,4,2
02ADL0037,95,1965,3/16/2017 9:25,3/16/2017,12,2,1,2,2,2,2,2,2,4,1,1,0,,,1,1,3,0,,,0,,1,1,2,3,1,1,0,,,,0,,,,1,1,2,2,1,8,7,1,4,1,5,1,1,3,2,1,7,6,2,5,0,,,,,,,,,0,,5,2,4,2,0,,4,2,1,4,0,2,6,2,1,4,1,1,1,4,1,1,1,4,1,2,1,6,3,3,0,,,,4,3,4,3,4,3,4,3,3,2,4,3,1,3,1,3,1,2,1,4,3,2,4,2,1,2,4,2,4,3,0,,0,,3,0,0,1,1,0,0,0,0,0,0,0,0,0,0,0,0,0,,,4,2,1,5,4,3,5,3,5,5,2,4,2,3,3,1,2,1,3,1,1,1,5,2,1,1,1,2,3,2,0,,1,2,1,1,1,2,2,6,2,5,2,1,4,2,1,5,4,5,2,1,1,1,2,0,,1,2,5,1,5,1,1,2,1,5,2,5,3,2,2,5,2,1,1,1,1,3,1,5,1,5,2,1,1,4,2,3,2,1,1,1,1,1,1,1,1,1,1,1,2,5,5,5,2,2,1,2,5,1,2,2,1,,0,,,0,,0,,1,2,5,1,2,0,,0,,2,1,2,2,1,1,2,3,2,1,1,1,2,5,3,1,1,2,1,0,,2,3,3,2,0,,3,2,1,0,0,0,1,0,0,0,0,0,0,,1,3,1,2,2,1,3,1,1,3,5,3,2,1,3,0,,4,3,1,1,2,5,1,2,1,2,4,2,1,2,1,2,2,0,,2,2,1,0,,1,2,,1,1,1,1,1,2,1,1,1,1,1,2,2,2,3,1,1,1,1,1,0,,,,,,2,3,4,4,1,1,6,5,1,5,1,1,,,1,4,2,3,2,3,5,3,5,1,2,0,,1,2,1,1,0,,1,2,1,2,3,3,1,0,0,0,0,0,0,1,0,0,0,0,1,1,0,0,0,0,0,0,0,0,0,0,0,0,0,0,1,5,2,2,1,0,,,,1,4,2,1,1,,0,,1,3,1,0,,,0,0,0,0,0,0,0,0,0,0,0,0,0,0,0,0,0,0,0,0,0,0,0,0,0,0,0,0,0,0,,,,2,0,0,0,0,0,0,0,0,0,0,0,0,0,0,0,0,1,60.2,164.9,22.13885623,1,1,2
02ADL0038,97,1949,3/16/2017 9:54,3/16/2017,9,2,1,1,0,,1,2,1,0,,,0,,,6,2,4,3,2,1,0,,0,,,,,,0,,,,0,,,,0,,,,1,8,8,2,3,1,3,0,,1,1,1,2,1,2,5,1,1,1,1,5,1,1,4,2,1,2,9,2,0,,0,,9,3,1,6,5,2,4,2,1,4,0,2,1,7,6,2,1,7,3,3,1,6,3,2,0,,,,0,,0,,4,2,7,2,4,2,2,,6,2,4,,4,2,1,1,1,1,3,2,0,,1,2,2,2,1,2,7,2,1,0,1,0,1,0,0,0,0,0,0,0,0,0,0,0,0,0,,,4,2,1,8,1,3,7,3,5,6,2,5,2,1,2,1,2,3,2,1,3,1,5,2,,2,2,,2,2,1,3,1,2,5,2,6,3,1,6,2,6,2,4,1,2,1,4,3,,3,1,,1,1,1,2,4,2,5,3,1,1,4,1,1,5,3,1,2,7,2,1,5,,1,1,1,7,1,1,1,5,3,1,2,1,2,7,3,1,2,5,2,1,2,3,0,,,5,2,5,3,3,2,1,1,2,1,1,2,5,3,2,1,2,5,1,2,1,2,1,2,5,0,,1,2,4,2,5,2,1,5,1,1,2,0,,2,2,0,,3,2,1,0,,,1,2,1,3,5,2,0,,1,2,3,0,0,0,1,0,0,0,0,0,0,,1,2,1,2,3,1,2,2,9,2,2,6,2,1,2,1,2,1,2,2,5,2,1,4,1,1,2,9,3,2,2,9,2,,0,,5,2,5,1,2,1,2,3,3,2,6,2,0,,1,2,0,,1,2,5,1,3,2,6,2,4,1,9,1,1,5,5,2,5,1,1,5,1,1,2,3,1,1,1,1,,,1,3,2,4,3,2,2,2,4,0,,0,,1,1,1,4,1,4,1,5,1,5,2,6,1,0,0,0,0,0,0,0,0,0,0,0,0,0,0,0,0,0,0,0,0,0,0,0,0,0,0,0,0,,,,0,,,,,,,,,,,,,,,,,,,0,0,0,0,0,0,0,0,0,0,0,0,0,0,0,0,0,0,0,0,0,0,0,0,0,0,0,0,0,0,1,7,3,2,0,0,0,0,0,0,0,0,0,0,0,0,0,0,0,0,2,63.6,156.8,25.86812786,2,4,2
02ADL0039,98,1958,3/17/2017 7:51,3/17/2017,2,1,,,,,1,1,0,0,,,,,,1,1,5,0,,,0,,1,8,8,2,5,1,1,4,0,2,0,,,,0,,,,1,4,4,2,5,1,5,0,,0,,0,,,,,0,,,,,,,,,0,,2,2,,,1,2,0,,1,2,0,2,1,2,1,2,0,2,1,2,0,3,1,1,0,2,1,2,2,2,0,,,,0,,1,2,0,,0,,0,,0,,,,3,2,1,2,1,1,1,2,1,3,0,,0,,0,,1,2,3,2,3,0,0,0,1,0,0,0,0,0,0,0,0,0,0,0,0,0,,,0,,1,6,6,2,7,3,1,7,1,1,2,1,2,1,2,1,2,1,2,5,5,1,5,2,4,2,3,2,1,2,1,2,4,1,1,2,3,7,2,1,2,3,,,,,,,,0,,1,1,0,,1,1,3,3,1,1,3,2,1,5,3,3,2,4,2,1,1,1,1,3,2,1,1,2,1,5,3,,2,1,2,1,3,0,,1,1,1,2,1,0,,,0,,,,0,,2,1,2,5,0,,,1,2,1,2,1,0,,1,2,1,2,3,2,2,1,2,7,2,4,2,1,4,1,4,2,2,2,1,1,0,,4,1,1,5,1,1,0,,2,2,0,,,,1,2,4,0,0,0,1,0,0,0,0,0,0,,1,2,1,2,3,1,3,5,1,2,5,3,1,1,2,1,2,1,2,1,3,2,1,1,1,0,,6,1,0,,6,,5,0,,7,1,1,1,2,1,2,2,1,2,1,2,1,2,1,2,1,2,1,2,3,3,1,2,1,2,1,1,7,2,3,3,5,1,0,,2,1,1,2,0,,0,,,,,,0,,,,,,,,,0,,1,3,1,1,0,,0,,1,1,1,1,4,2,0,0,0,0,0,0,0,0,1,0,0,0,1,0,1,0,0,0,0,0,0,0,0,0,0,0,0,0,,,,,0,,,,,,,,,,,,,,,,,,,0,0,0,0,0,0,0,0,0,0,0,0,0,0,0,0,0,0,0,0,0,0,0,0,0,0,0,0,0,0,1,5,5,2,0,0,0,0,0,0,0,0,0,0,0,0,0,0,0,1,1,69.7,162.6,26.36280975,2,4,2
02ADL0040,100,1948,3/20/2017 10:36,3/20/2017,9,2,0,,0,,1,2,0,0,,,2,2,5,2,2,3,3,2,1,0,,1,3,3,2,1,1,0,,,,0,,,,0,,,,1,6,6,2,1,1,1,0,,0,,1,4,4,2,1,4,2,1,1,1,5,1,3,2,3,2,3,2,3,2,7,2,3,2,1,4,4,2,3,2,0,,,,1,4,4,1,0,,,,1,3,3,2,0,,,,0,,0,,3,2,0,,3,2,3,2,3,2,3,2,3,2,1,4,4,2,4,2,0,,0,,0,,3,2,0,,6,0,1,0,0,0,1,0,0,0,3,0,0,0,1,0,0,0,1,1,0,,1,7,3,2,3,2,1,3,1,3,2,3,1,3,2,3,2,2,1,1,5,1,3,1,0,,4,1,1,1,3,2,3,1,3,2,1,0,,3,2,4,3,2,1,5,3,5,2,3,2,3,2,3,2,3,2,5,1,3,0,,,,,,,,3,2,5,3,1,1,1,1,3,1,5,1,3,2,1,1,3,2,0,,3,2,3,2,3,2,1,3,2,1,,,,,3,2,3,1,2,5,0,,,3,2,3,2,1,3,2,3,2,3,2,1,3,2,3,2,3,2,5,2,3,3,3,1,2,3,2,3,1,0,,3,2,1,3,2,1,3,2,1,2,3,2,3,2,3,2,7,0,1,0,0,0,1,0,0,0,0,,1,3,3,2,1,1,3,3,3,2,5,3,2,3,2,5,2,3,1,1,0,,,3,1,3,2,3,1,0,,3,2,1,0,,5,2,1,0,,3,2,1,0,,3,1,3,1,3,2,3,1,3,1,2,2,2,2,3,2,3,1,3,1,1,5,5,2,6,1,0,,,,0,,1,5,2,1,,,1,5,2,2,1,,5,2,3,0,,0,,1,,1,1,1,1,0,,1,1,3,3,0,0,0,0,0,0,0,0,0,0,0,0,0,0,0,0,0,0,0,0,0,1,0,0,0,0,0,0,0,,,,0,,,,,,,,,,,,,,,,,,,0,0,0,0,0,0,0,0,0,0,0,0,0,0,0,0,0,0,0,0,0,0,0,0,0,0,0,0,0,0,3,2,4,2,0,0,0,0,0,0,0,0,0,0,0,0,0,0,0,0,2,86.9,170,30.06920415,3,1,2
02ADL0041,102,1984,3/21/2017 10:15,3/21/2017,1,1,0,,1,2,2,2,3,1,1,1,1,2,1,1,3,1,0,,,0,,1,1,1,2,1,3,1,3,2,3,1,1,1,2,1,4,4,2,1,7,7,2,5,1,1,1,2,3,2,1,2,4,2,1,0,,,,,,,,,0,,1,2,0,,4,2,2,2,1,1,1,2,3,2,1,1,1,1,1,1,1,2,1,2,2,2,1,1,1,2,0,,,,2,2,2,2,3,3,1,3,2,2,2,2,4,2,4,2,1,2,1,1,1,1,4,2,3,3,3,2,0,,3,2,8,2,5,0,0,0,1,0,1,1,0,0,1,0,1,0,0,0,0,0,1,1,5,2,1,7,7,2,3,3,5,6,1,2,1,2,2,1,2,3,3,1,2,1,3,2,1,1,4,2,1,2,1,2,1,2,4,3,1,2,3,9,3,3,2,2,2,2,1,3,3,5,2,2,2,1,1,0,,2,2,,,,1,3,2,1,2,3,4,2,4,2,1,4,2,1,1,1,1,1,4,1,3,1,1,1,1,2,7,2,1,3,2,3,2,3,1,2,3,1,2,3,5,3,1,2,2,3,2,5,1,2,3,1,2,1,2,1,2,2,1,2,3,2,3,1,2,1,2,3,2,3,2,2,4,1,1,3,3,3,2,2,0,,4,2,1,3,2,1,2,2,4,2,2,2,1,3,2,3,8,0,1,0,1,0,1,1,0,0,0,,1,1,1,3,3,1,3,3,2,3,5,1,2,1,1,2,2,3,2,1,4,2,1,1,2,1,2,2,2,0,,3,2,1,0,,6,2,1,1,2,1,2,1,1,2,2,2,2,2,0,,0,,1,2,2,2,1,2,3,2,1,2,5,2,1,5,3,1,7,1,2,1,1,1,0,,0,,,,,,1,1,1,1,2,2,2,2,1,3,1,0,,1,1,1,1,1,1,1,1,1,1,7,1,1,0,0,0,0,0,0,0,1,0,0,0,0,0,1,0,0,0,0,0,0,0,0,0,0,0,0,0,1,5,2,2,1,2,2,2,4,5,5,1,2,2,1,0,,0,,,0,,,0,0,0,0,0,1,0,0,0,0,0,1,0,0,0,0,0,0,0,0,0,0,1,0,1,0,0,0,0,0,1,6,4,2,0,0,0,0,0,0,0,0,0,0,0,0,0,0,0,1,0,103.3,185.6,29.98778426,2,4,2
02ADL0042,104,1970,3/22/2017 9:03,3/22/2017,1,1,1,1,5,1,1,2,3,1,2,3,1,1,5,1,1,4,0,,,5,3,1,3,3,1,5,1,1,3,3,2,0,,,,1,2,2,2,1,9,9,2,4,1,5,1,2,4,2,1,7,6,1,1,0,,,,,,,,,0,,5,2,0,,7,2,4,2,0,,,,6,1,1,7,6,1,1,6,6,1,1,7,6,2,1,6,5,2,1,7,6,2,7,1,8,1,4,2,7,3,1,1,4,2,5,3,4,2,2,3,1,6,4,2,6,2,1,3,6,3,3,3,1,3,7,3,7,0,0,0,1,0,0,1,1,0,6,0,0,0,1,0,0,0,1,2,7,3,1,7,6,2,3,3,3,6,2,7,2,6,2,1,2,1,1,1,1,2,2,2,1,1,5,3,2,2,1,2,2,3,5,3,3,2,3,7,2,5,2,1,4,2,1,1,1,5,2,1,3,0,,1,2,2,2,,,,0,,,,,,,,4,2,4,1,1,1,1,1,4,1,3,2,2,2,1,1,3,1,8,2,2,3,2,3,2,2,2,2,3,1,0,,,,6,2,2,3,2,4,2,3,1,7,2,1,2,1,6,2,4,3,5,3,4,1,1,2,2,5,2,7,2,2,3,1,1,3,2,3,2,1,0,,4,2,4,6,2,4,1,3,4,3,5,2,2,3,4,3,7,0,0,0,1,0,0,1,1,0,0,,1,5,4,3,1,1,2,3,3,3,5,4,2,1,2,2,2,5,3,3,5,2,1,4,2,2,2,8,2,4,2,6,2,5,0,,4,2,3,4,3,4,2,4,3,2,4,2,4,2,2,2,1,2,1,2,3,2,2,3,5,2,6,2,8,2,4,2,3,1,7,1,2,1,5,2,4,3,1,4,1,5,3,3,1,1,1,2,1,,1,,,1,2,1,4,1,4,1,4,0,,1,4,1,4,6,6,1,0,0,0,0,0,0,0,0,0,0,0,0,0,0,0,0,0,0,0,0,0,0,0,0,0,0,0,1,5,2,4,0,,,,,,,,,,,,,,,,,,,0,0,0,0,0,0,0,0,0,0,0,0,0,0,0,0,0,0,0,0,0,0,0,0,0,0,0,0,0,0,1,7,7,2,0,0,0,0,0,0,0,0,0,0,0,0,0,0,0,1,1,83.6,170.8,28.65698819,2,4,2
02ADL0043,105,1948,3/22/2017 11:11,3/22/2017,11,2,0,,0,,1,1,2,1,1,1,0,,,0,,,0,,,0,,1,5,5,2,5,2,1,0,6,1,0,,,,1,1,1,2,1,8,8,1,1,,5,1,3,1,3,1,2,1,3,5,1,2,1,1,5,2,,2,2,1,3,8,2,8,2,6,2,1,2,1,7,7,2,10,2,1,1,7,2,1,2,2,3,1,2,2,3,1,9,9,3,1,1,1,2,10,3,9,3,4,3,10,3,3,2,4,3,1,2,0,,0,,1,2,2,3,4,3,4,2,1,3,0,,0,,8,3,4,0,0,0,1,0,1,1,0,0,0,0,0,0,0,0,0,0,,,4,3,1,10,10,3,10,3,5,8,1,1,2,4,2,2,2,2,2,2,2,1,5,,1,1,2,2,3,1,1,2,10,2,1,3,2,3,1,10,,4,2,1,0,,,,,,,0,,1,2,2,2,1,2,5,1,2,1,1,2,1,5,3,5,2,1,2,1,4,1,1,1,1,0,,,,,,,,1,2,9,2,0,,2,2,0,,,1,2,,3,,5,4,7,2,0,,,,1,2,5,0,,2,2,1,0,,0,,1,1,5,,,,,2,2,1,2,2,5,2,,,1,3,0,,1,2,1,3,1,1,2,1,1,2,1,2,7,2,1,2,2,2,1,0,0,0,1,0,1,1,0,0,0,,1,1,1,2,,1,1,4,3,2,5,3,2,1,2,0,,2,2,1,0,,,1,,0,,6,2,0,,,,,0,,1,2,4,1,2,1,2,1,2,3,1,3,1,2,0,,0,,1,3,2,2,1,2,2,2,3,2,6,2,,5,3,1,2,1,2,1,5,2,4,3,1,1,1,5,1,3,1,5,3,1,1,,1,,,0,,0,,,,1,2,1,4,0,,1,4,8,8,0,0,0,0,0,0,0,0,1,0,1,0,0,0,0,0,0,0,0,0,0,0,0,0,0,0,0,0,1,4,2,2,1,1,1,1,1,0,,,,,,0,,0,,,3,2,1,0,0,0,0,0,0,0,0,0,0,1,0,0,0,0,0,0,0,0,0,0,0,0,0,1,0,0,0,0,0,1,4,4,2,0,0,0,0,0,0,0,0,0,0,0,0,0,0,0,0,2,94.6,162.4,35.86898493,3,1,2
02ADL0044,106,1989,3/23/2017 7:50,3/23/2017,3,2,0,,0,,3,1,2,1,1,2,1,1,2,1,1,4,1,1,5,0,,1,2,2,1,5,1,1,3,2,1,1,1,1,1,1,5,4,2,1,9,9,2,5,1,2,4,2,3,1,1,3,3,2,5,1,2,1,1,4,2,0,,,0,,5,2,3,2,3,2,1,1,1,3,3,1,5,2,1,1,0,1,1,1,0,1,1,6,3,2,1,6,3,2,1,5,3,3,4,2,0,,0,,6,2,1,1,0,,7,3,7,2,0,,1,5,5,2,7,2,4,2,5,3,0,,3,2,1,1,8,1,1,0,1,0,0,1,0,0,4,1,1,0,1,0,0,0,2,1,4,2,0,,,,5,2,2,6,2,4,2,6,2,3,2,4,2,3,2,4,2,2,3,2,1,1,5,2,1,1,1,2,5,2,3,2,1,1,2,4,2,1,4,2,3,3,3,5,2,3,2,4,2,2,2,5,2,3,2,2,3,4,2,3,3,3,3,2,8,2,1,5,2,1,2,2,5,2,2,3,3,3,1,,3,1,5,2,3,2,8,2,3,2,1,1,1,1,1,2,1,5,4,2,3,2,1,5,4,2,3,5,2,3,2,1,4,2,3,2,5,2,4,3,2,8,2,5,2,7,2,2,5,3,1,2,2,2,3,1,0,,6,1,1,3,2,1,5,2,3,2,2,2,2,2,2,2,7,1,1,0,1,0,0,1,0,0,0,,1,3,1,2,1,2,3,2,5,2,5,7,2,3,2,5,2,8,2,1,5,2,1,3,2,3,2,3,2,7,2,2,1,5,0,,9,2,2,3,2,4,2,1,4,2,4,2,2,2,1,2,1,2,1,2,2,2,1,3,5,2,3,2,6,1,1,5,4,1,7,1,3,,2,2,0,,,,,,,,1,2,1,1,4,2,2,2,4,2,1,1,5,1,1,1,5,1,3,1,2,1,3,7,5,0,0,0,0,0,0,0,1,0,0,0,0,0,0,1,0,0,0,0,0,0,0,0,0,0,0,0,0,0,,,,0,,,,,,,,,,,,,,,,,,,0,0,0,0,0,0,0,0,0,0,0,0,0,0,0,0,0,0,0,0,0,0,0,0,0,0,0,0,0,0,1,7,4,2,0,0,0,0,0,0,0,0,0,0,0,0,0,0,0,0,0,55,151.5,23.96279232,1,4,2
02ADL0045,107,1953,3/23/2017 10:54,3/23/2017,12,2,0,,0,,0,,,0,,,0,,,0,,,0,,,3,2,0,,,,,,0,,,,0,,,,0,,,,1,9,9,3,2,1,5,1,1,0,,,,,,,0,,,,,,,,,0,,1,2,0,,0,,0,,0,,,,1,2,1,1,0,2,1,1,0,2,1,1,6,2,1,2,7,3,0,,,,0,,0,,0,,0,,1,1,1,2,2,3,2,2,1,2,1,1,1,2,1,2,1,2,1,1,0,,2,2,2,2,2,0,1,0,1,0,1,1,0,0,0,0,0,0,0,0,0,0,,,0,,1,2,1,3,2,3,2,2,1,0,,1,1,1,2,1,2,1,1,1,3,2,1,1,2,2,1,2,1,2,1,3,1,2,1,3,2,1,3,2,2,2,0,,,,,,,0,,0,,0,,0,,,,,2,5,2,1,5,3,1,,1,1,1,1,1,1,5,,1,1,2,1,5,3,1,1,0,,0,,0,,2,2,0,,,0,,,0,,,,0,,0,,,,1,1,5,1,1,0,,,1,2,1,2,1,2,2,0,,2,2,1,1,1,1,1,5,1,0,,1,1,0,,0,,1,3,1,0,,,0,,5,3,0,,0,,1,2,2,0,0,0,1,0,1,1,0,0,0,,1,1,1,2,2,2,2,3,1,2,1,3,2,0,,1,1,1,2,1,1,2,1,6,2,6,2,5,1,,,7,2,5,0,,2,2,,1,2,5,3,,2,1,1,1,1,2,0,,1,1,0,,,,,,0,,2,1,7,1,1,5,1,1,0,,0,,,,0,,0,,,,,,0,,,,,,,,,0,,1,5,1,5,0,,0,,0,,1,5,3,4,1,0,0,0,0,0,0,1,0,0,0,0,0,0,1,0,0,0,0,0,0,0,0,0,0,0,0,0,1,5,2,4,1,0,,,,5,4,2,2,3,4,0,,4,5,4,,,,0,1,1,0,1,1,0,1,0,0,1,1,0,0,0,0,1,0,0,0,0,0,0,0,1,1,0,0,0,0,2,,,2,0,0,0,0,0,0,0,0,0,0,0,0,0,0,0,0,2,61.9,156.9,25.14460177,2,4,2
02ADL0046,109,1959,3/24/2017 9:34,3/24/2017,3,2,0,,1,1,2,2,1,1,1,1,7,2,5,1,1,7,0,,,3,2,0,,,,,,0,,,,0,,,,0,,,,1,9,8,3,4,2,5,0,,0,,1,3,1,1,5,1,1,1,2,2,1,1,7,1,4,1,9,2,1,2,4,1,1,1,1,2,1,2,9,2,1,3,1,2,1,8,2,2,1,2,1,2,1,10,9,2,1,3,1,3,1,2,2,2,4,2,4,3,2,2,1,1,2,3,10,3,0,,0,,,,5,3,2,2,0,,2,2,1,1,9,2,7,0,1,0,1,0,0,1,1,0,5,0,1,0,1,1,1,1,2,3,8,2,1,9,9,3,9,3,3,7,3,1,2,1,1,1,1,1,1,3,2,1,3,2,2,3,10,3,1,2,1,2,5,3,6,3,6,2,2,4,2,6,2,1,1,2,1,4,3,1,1,0,,1,3,1,2,2,2,,,,0,,,,,,,,3,2,1,2,2,1,2,3,1,1,1,1,2,2,2,2,1,1,8,2,3,3,4,2,3,2,3,1,2,2,7,2,5,3,1,2,3,1,2,5,2,2,5,7,2,1,2,2,7,2,1,2,4,2,4,1,2,2,3,8,2,8,3,2,5,2,7,3,3,2,1,2,0,,9,2,3,7,2,3,1,3,5,3,2,2,1,2,6,2,8,0,1,0,1,0,0,1,1,0,0,,1,8,7,2,1,1,2,3,1,2,3,2,2,1,2,1,2,1,1,2,3,2,2,2,2,1,2,8,2,3,2,6,2,4,0,,9,2,5,1,2,6,2,4,3,1,5,1,1,2,6,2,1,2,1,2,3,2,1,2,9,2,10,2,6,2,4,2,3,1,1,1,2,4,1,2,6,5,1,1,1,1,,,1,2,2,2,2,1,2,2,8,1,2,0,,1,2,1,4,1,4,1,4,1,4,7,6,1,0,1,0,0,0,0,1,1,0,0,0,1,0,1,0,0,1,0,0,0,0,0,0,0,0,0,0,1,3,2,4,1,1,2,2,3,4,4,2,1,1,4,0,,2,2,4,4,2,4,0,1,1,0,0,0,0,0,0,0,1,0,0,0,0,1,1,0,0,0,0,0,0,0,0,0,0,0,0,1,2,6,4,2,0,0,0,0,0,0,0,0,0,0,0,0,0,0,0,0,1,119,163.4,44.57002288,3,4,2
02ADL0047,111,1957,3/24/2017 10:14,3/24/2017,11,2,0,,0,,4,2,1,8,2,1,5,2,1,2,,1,1,1,1,0,,1,7,7,2,1,1,1,2,1,1,1,1,1,2,1,2,0,2,1,4,4,2,2,1,5,1,1,2,1,1,7,7,2,5,1,1,1,1,1,5,1,1,2,7,2,1,2,1,2,4,2,1,2,1,1,1,2,4,2,1,1,1,2,1,1,1,2,1,1,1,3,1,1,1,3,1,1,1,2,1,2,1,2,1,3,0,,0,,1,3,0,,1,3,1,3,1,1,1,,1,3,1,2,0,,0,,1,2,2,3,1,1,1,0,0,0,0,1,0,0,1,1,1,0,1,1,1,0,2,2,1,2,1,2,5,2,2,3,5,2,3,2,3,2,2,2,3,1,3,5,3,5,5,3,3,2,3,2,8,2,1,2,1,2,2,3,2,2,1,2,3,2,2,4,2,2,5,5,3,5,2,3,2,1,2,1,2,1,2,5,1,2,0,,,,,,,,2,2,5,5,2,5,3,3,1,2,5,5,5,3,1,1,2,2,2,2,0,,7,2,7,2,1,1,2,1,4,2,3,5,0,,6,1,2,2,0,,,2,2,1,2,5,4,2,2,3,4,2,1,2,1,0,,1,2,2,3,5,1,5,2,3,2,3,2,2,1,2,8,3,1,7,2,1,7,3,1,3,1,2,2,3,2,2,1,1,1,0,0,0,0,1,1,0,0,,1,4,3,2,1,5,5,2,2,2,5,4,2,2,2,2,2,2,1,1,1,2,1,1,1,3,2,2,2,0,,2,1,1,0,,4,3,1,2,2,8,2,1,1,3,7,3,2,2,2,2,4,2,2,3,2,5,5,1,4,,2,2,8,2,1,5,5,2,5,1,5,1,1,1,1,2,1,5,2,2,3,3,1,5,2,1,1,,1,,,2,2,1,1,1,1,1,1,1,1,1,1,1,1,4,3,0,0,0,0,0,0,1,0,0,1,0,1,1,0,1,0,1,0,0,0,0,0,0,0,0,0,0,0,0,,,,1,2,2,1,2,0,,,,,,5,1,0,,,0,,,0,0,0,0,1,0,0,0,0,0,0,0,0,0,0,0,0,0,0,0,0,0,0,0,1,0,0,0,0,0,2,2,2,2,0,0,0,0,0,0,0,0,0,0,0,0,0,0,0,0,1,61,154.3,25.62111247,2,1,2
02ADL0048,112,1981,3/27/2017 7:14,3/27/2017,6,2,0,,0,,1,1,5,2,1,5,6,2,5,0,,,0,,,0,,1,2,2,1,5,5,1,1,1,2,0,,,,0,,,,1,9,9,2,1,1,5,0,,1,2,1,8,8,2,5,4,1,1,1,1,5,1,2,1,0,,8,2,0,,9,2,0,,1,8,8,1,4,1,0,,,,0,,,,1,9,9,2,1,9,9,2,0,,,,0,,0,,1,3,0,,0,,0,,4,2,4,2,4,3,1,4,4,2,4,2,0,,0,,0,,4,3,0,,0,0,0,0,0,0,0,0,0,0,0,0,0,0,0,0,0,0,,,0,,0,,,,4,3,3,4,2,0,,3,2,1,2,1,2,1,1,5,5,1,2,1,0,,4,1,0,,0,,2,2,3,2,1,4,2,1,2,1,1,2,5,5,3,5,2,0,,0,,0,,2,2,,,,1,5,2,1,1,1,1,1,4,2,5,1,1,1,1,1,1,1,5,2,2,2,1,1,1,1,1,1,0,,4,3,0,,,0,,,0,,,,0,,4,3,2,5,1,2,5,1,2,1,2,1,2,2,1,2,1,2,5,1,2,2,2,2,2,2,1,2,5,1,1,1,1,1,1,1,0,,2,2,5,8,1,5,4,3,4,3,0,,0,,0,,1,1,0,0,1,0,0,0,0,0,0,,1,1,1,2,1,2,1,4,1,2,5,0,,0,,3,2,6,1,5,0,,,8,3,0,,4,1,1,1,0,,,0,,4,1,5,3,,3,1,5,1,2,2,2,1,2,0,,0,,0,,,,,,3,1,1,2,8,2,1,5,5,1,6,1,0,,,,0,,1,1,1,5,1,3,1,5,1,2,1,,1,,,0,,1,2,1,4,0,,0,,0,,1,5,7,7,0,0,0,0,0,0,0,0,0,1,0,0,0,0,0,0,0,0,0,0,0,0,0,0,0,0,0,0,0,,,,0,,,,,,,,,,,,,,,,,,,0,0,0,0,0,0,0,0,0,0,0,0,0,0,0,0,0,0,0,0,0,0,0,0,0,0,0,0,0,0,2,9,1,2,0,0,0,0,0,0,0,0,0,0,0,0,0,0,0,0,0,86.5,146.2,40.4688965,3,1,2
02ADL0049,114,1947,3/27/2017 10:05,3/27/2017,1,2,0,,0,,1,2,5,,,,,,,6,2,4,0,,,0,,1,6,5,1,5,5,1,0,0,,0,,,,0,,,,1,9,9,2,5,1,1,1,1,1,1,1,6,6,2,1,1,1,1,5,1,1,1,7,2,0,,0,,0,,9,1,0,,0,,,,0,,1,0,0,,0,,,,1,1,1,2,0,,,,0,,,,,,10,3,5,3,6,3,1,3,3,3,5,2,4,2,5,2,1,1,4,2,5,2,5,3,1,2,2,2,1,2,8,3,6,0,0,0,0,0,0,1,0,0,1,0,0,0,0,0,0,1,1,1,6,3,1,8,8,3,5,3,5,5,1,3,2,5,2,1,2,3,2,1,,1,2,2,1,1,1,2,6,2,1,2,2,3,,,7,2,1,8,3,2,1,1,1,2,5,5,3,5,1,1,3,1,2,1,2,3,1,2,5,1,1,5,2,1,1,,2,1,5,2,5,1,,1,1,1,2,1,5,5,5,3,1,,3,1,8,2,1,2,0,,0,,,0,,,2,2,5,1,1,2,5,,2,5,1,2,5,3,2,1,2,1,1,2,2,2,1,2,3,1,2,2,2,1,2,4,2,2,5,2,1,3,1,2,2,2,0,,1,2,5,1,1,1,3,3,0,,1,2,1,2,1,2,4,0,0,0,0,0,0,1,0,0,6,2,1,6,4,2,4,1,2,5,1,,5,1,2,1,2,1,2,,,,3,2,1,4,2,2,1,7,2,7,2,5,2,5,2,2,5,2,1,1,2,3,3,1,1,3,3,2,0,,1,2,0,,1,3,2,5,1,1,6,3,8,3,7,1,1,5,1,1,6,1,1,1,1,2,1,1,0,,,,,,1,1,1,1,1,,5,2,4,0,,1,3,1,1,0,,1,4,1,4,1,5,7,6,1,0,1,0,0,0,0,1,0,0,0,0,0,0,0,0,0,0,0,0,0,0,0,0,0,0,0,0,1,5,2,4,1,0,,,,5,3,2,3,3,4,0,,0,,,0,,,0,0,0,0,0,1,0,1,0,0,0,0,0,0,0,0,1,0,0,0,0,0,1,0,1,0,0,0,0,0,3,6,1,2,0,0,0,0,0,0,0,0,0,0,0,0,0,0,0,0,2,80.5,157,32.6585257,3,4,2
02ADL0050,117,1987,3/28/2017 8:44,3/28/2017,12,2,0,,0,,2,2,5,1,3,,2,2,1,0,,,0,,,0,,1,2,2,2,3,1,1,1,1,2,1,2,3,2,1,2,1,2,1,7,7,2,2,1,5,3,3,2,2,1,6,4,2,2,4,2,1,1,4,2,1,4,2,0,,5,2,0,,5,2,3,1,0,,,,1,2,1,1,0,1,1,1,0,1,1,1,0,1,1,4,4,2,1,4,1,3,1,1,4,2,3,2,3,2,1,1,1,2,3,2,4,2,3,2,1,4,4,1,3,2,1,1,1,1,,,3,2,7,1,7,1,0,0,1,0,0,0,0,0,0,0,0,0,0,0,0,0,,,1,1,1,1,1,1,4,2,2,4,2,4,2,6,1,1,2,2,2,5,2,3,3,2,5,2,2,2,3,2,1,1,2,1,3,2,1,1,1,1,1,7,2,1,5,2,2,2,3,5,2,1,1,1,2,1,2,4,2,5,1,3,1,5,2,1,1,1,5,2,8,2,3,5,2,1,2,2,1,1,3,1,5,2,1,1,3,2,3,2,0,,5,2,1,2,2,0,,,1,1,5,4,1,1,7,2,2,5,1,2,1,1,2,1,2,1,1,2,1,1,1,2,1,1,1,1,2,2,2,4,2,2,3,4,1,2,2,2,3,2,0,,5,2,2,3,1,1,2,1,1,2,2,2,1,1,1,2,9,1,0,0,1,0,0,1,0,0,1,1,1,1,0,2,1,2,2,3,3,2,5,1,1,1,2,1,1,4,1,1,1,1,1,4,2,0,,1,1,2,2,2,2,5,0,,9,2,1,1,2,3,1,1,1,1,3,2,1,2,0,,1,1,1,1,5,2,2,2,5,1,6,1,6,2,2,4,2,1,7,1,0,,,,2,2,1,2,1,2,3,1,1,2,2,2,1,,4,2,4,2,2,1,1,1,1,1,3,1,2,1,2,1,2,3,3,0,0,0,0,0,0,0,1,0,0,1,0,0,0,0,0,0,0,0,0,0,0,0,0,0,0,0,0,1,2,2,1,0,,,,,,,,,,,,,,,,,,,0,0,0,0,0,0,0,0,0,0,0,0,0,0,0,0,0,0,0,0,0,0,0,0,0,0,0,0,0,0,2,,,2,0,0,0,0,0,0,0,0,0,0,0,0,0,0,0,0,0,67.5,159.2,26.63285018,2,1,2
02ADL0051,119,1949,3/29/2017 8:39,3/29/2017,7,2,0,,1,1,1,1,4,1,1,4,1,1,5,2,1,2,1,1,5,0,,1,4,4,1,5,1,0,,,,0,,,,0,,,,1,7,7,2,1,1,5,4,2,0,,,,,,,1,2,3,2,,1,1,2,2,1,1,1,2,1,2,7,,7,2,,,,,6,2,0,,,,1,1,1,2,1,1,1,2,,,,,,,,,1,2,1,2,1,2,1,,1,2,0,,1,2,1,3,1,3,1,1,2,3,6,2,6,2,1,1,1,2,7,2,7,2,1,0,0,0,1,0,0,0,0,0,0,0,0,0,0,0,0,0,,,7,,1,7,7,,,,,7,2,5,3,1,2,1,1,,,,,,,,,,,,1,,1,2,1,2,,,1,,2,7,,6,2,1,1,,2,2,3,5,2,1,2,1,,1,2,,,,,,,,,,,,,,1,1,1,1,1,1,1,1,0,,,,,,,,1,2,1,2,0,,1,2,1,2,3,1,2,3,1,2,3,1,1,1,1,1,1,1,1,1,5,1,1,1,1,1,1,1,0,,1,1,5,1,1,1,1,6,2,6,1,1,2,3,1,2,1,1,1,2,0,,1,1,2,1,1,3,1,2,2,2,1,2,1,1,1,2,7,0,0,0,1,0,0,1,0,0,,,1,6,1,3,2,2,3,,1,2,2,1,2,1,2,1,1,1,1,2,1,1,2,7,2,0,,6,2,5,,6,2,5,0,,,,,0,,1,1,5,1,2,1,2,1,2,1,2,0,,1,2,5,1,2,1,4,2,1,,6,1,1,5,,1,7,1,1,1,5,2,2,1,1,3,2,5,3,3,1,2,1,2,1,,,,,0,,1,5,1,5,0,,0,,0,,1,,3,2,1,0,0,0,0,0,0,0,0,0,0,0,0,0,1,0,0,0,0,0,0,0,0,0,0,0,0,0,1,3,1,2,1,0,,,,4,2,2,3,3,1,0,,1,2,1,0,,,0,0,0,0,0,0,0,0,0,0,0,0,0,0,0,0,0,0,0,0,0,0,0,0,0,0,0,0,0,0,1,3,7,2,0,0,0,0,0,0,0,0,0,0,0,0,0,0,0,0,2,71,164.8,26.14230842,2,1,2
02ADL0052,,1970,,3/30/2017,11,2,1,1,1,1,1,1,1,1,1,1,1,1,5,0,,,0,,,0,,1,3,2,1,5,1,1,1,1,1,0,,,,1,1,1,2,1,9,8,3,5,1,2,1,1,6,2,1,6,3,1,1,0,,,,,,,,,0,,7,2,0,,9,2,3,1,0,,,,2,1,0,,,,0,,,,0,,,,0,,,,0,,,,1,1,0,,1,1,7,2,1,1,1,1,4,3,2,2,1,2,1,1,2,2,6,2,2,1,3,2,1,2,2,1,3,1,5,0,0,0,0.5,0,0,0.5,0,0,1,0,0,0,0,0,0,0.5,2,2,6,3,1,2,2,1,7,2,3,7,1,6,1,1,2,1,1,1,1,1,1,2,2,1,1,1,2,,2,2,1,1,3,2,4,2,1,1,2,1,1,3,1,1,3,2,1,1,2,5,2,2,1,1,1,1,1,1,1,5,1,1,1,5,1,1,1,1,1,1,1,2,3,2,2,1,1,1,1,1,2,1,1,2,1,1,1,1,6,2,1,3,1,2,1,2,4,1,2,3,2,2,5,1,1,2,1,2,2,3,1,2,2,2,1,1,2,2,1,1,1,2,5,2,3,1,1,1,2,1,1,5,1,1,3,1,1,2,2,2,1,1,0,,2,2,5,4,2,5,1,2,4,2,5,2,1,1,6,2,6,0,0,0,0,0,0,0.5,0,0,0,,1,5,3,2,2,1,2,5,1,2,5,3,2,1,2,1,2,3,1,5,3,1,2,5,1,1,1,7,1,1,2,6,2,5,1,1,6,2,5,3,2,1,2,3,1,1,3,1,1,1,1,1,0,,1,1,2,2,2,2,4,1,4,1,8,1,5,1,5,2,7,1,4,1,5,2,4,4,1,3,2,3,3,2,1,2,2,2,1,,5,2,8,0,,1,5,1,2,1,3,0,,0,,1,4,6,5,0.5,0,0,0,0,0,0,0,0,0,0,0,0,0,0,0,0,0,0,0,0,0,0,0,0,0,0,0,1,4,2,4,0,,,,,,,,,,,,,,,,,,,0,0,0,0,0,0,0,0,0,0,0,0,0,0,0,0,0,0,0,0,0,0,0,0,0,0,0,0,0,0,3,,,1,0,0,0,0,0,0,0,0,0,0,0,0,0,0,0,0,1,57.3,157.8,23.01127191,1,4,1
02ADL0053,124,1986,3/31/2017 9:05,3/31/2017,5,2,0,,0,,2,2,1,2,2,1,2,2,5,2,2,2,0,,,0,,1,7,7,1,5,1,1,4,3,1,1,1,0,2,1,3,3,2,1,9,9,1,1,3,3,3,2,1,2,1,4,3,1,1,2,1,4,1,2,1,1,2,2,4,1,6,2,1,2,6,2,1,1,1,4,3,2,7,2,1,1,1,1,1,4,3,2,1,6,5,2,1,8,7,2,0,,,,4,1,5,2,5,2,5,2,1,2,1,2,6,2,6,2,5,2,1,5,5,2,6,2,4,3,4,2,2,2,4,2,7,2,9,1,1,0,1,0,0,1,0,0,0,0,0,0,0,0,0,0,,,4,2,1,7,6,2,7,2,4,7,2,7,2,5,2,2,2,6,2,3,1,3,3,1,3,1,4,2,6,2,1,2,4,2,5,2,5,2,3,7,2,7,2,1,3,2,3,3,2,5,2,4,2,4,1,1,2,5,2,5,1,1,6,4,2,2,2,3,2,1,6,2,1,4,1,1,1,2,4,1,3,2,2,2,1,1,1,1,4,1,1,2,6,2,4,2,1,0,,,2,2,5,5,6,2,4,1,2,5,4,2,3,4,2,3,2,3,3,2,4,2,3,2,3,1,1,1,2,6,2,7,1,1,4,1,1,2,3,2,2,2,0,,4,2,4,4,1,3,4,2,4,2,3,2,1,2,4,2,7,1,1,0,1,0,0,1,0,0,0,,1,6,4,2,3,2,2,1,4,2,5,6,2,2,2,3,2,6,2,3,5,2,5,2,2,2,2,4,1,3,2,6,2,3,0,,7,2,3,3,2,4,2,2,4,2,4,1,2,2,1,2,1,2,1,2,2,1,2,2,4,2,3,3,7,2,2,4,3,1,6,1,2,1,5,2,3,4,1,1,1,5,4,2,1,1,2,2,5,2,1,,,4,2,1,3,1,3,1,3,1,3,1,3,1,3,7,6,1,0,0,0,0,0,0,0,0,0,0,0,0,0,1,0,0,0,0,0,0,0,0,0,0,0,0,0,0,,,,0,,,,,,,,,,,,,,,,,,,0,0,0,0,0,0,0,0,0,0,0,0,0,0,0,0,0,0,0,0,0,0,0,0,0,0,0,0,0,0,3,5,6,2,0,0,0,0,0,0,0,0,0,0,0,0,0,0,0,0,0,76.8,166.6,27.67013168,2,4,2
02ADL0054,125,1977,4/3/2017 8:35,4/3/2017,2,1,1,1,2,3,2,2,3,1,1,2,1,1,2,3,2,5,1,1,3,3,2,1,2,1,2,1,1,1,2,1,2,1,1,1,1,1,2,2,3,1,8,7,2,2,1,4,1,2,4,2,1,4,2,2,2,4,3,1,4,2,1,1,5,2,1,2,5,2,1,2,3,2,6,2,1,6,1,2,2,2,1,3,0,2,1,3,1,2,1,3,1,2,1,2,1,1,1,1,0,1,3,,3,2,6,2,4,2,1,1,2,2,2,2,1,2,1,2,1,2,1,2,4,2,1,2,1,1,3,2,4,2,7,3,6,0,1,1,1,0,0,0,1,0,2,0,1,0,0,0,0,1,2,2,6,2,1,5,2,2,3,2,4,3,2,4,3,3,3,1,2,2,2,3,2,2,4,2,1,2,6,2,6,2,3,2,2,2,4,2,5,2,4,5,2,6,2,2,2,3,1,3,3,4,2,2,3,1,2,1,1,1,2,4,2,1,1,4,2,1,3,3,3,2,4,2,3,5,2,1,1,2,2,2,2,1,3,3,2,3,8,3,7,3,4,3,4,2,3,2,2,1,2,1,2,2,5,4,2,3,3,2,3,4,2,3,3,3,2,2,2,1,3,2,2,3,4,3,2,1,1,2,2,2,2,2,3,2,2,3,1,2,2,2,4,1,1,2,4,2,1,3,2,1,1,2,1,3,1,2,1,2,2,2,4,0,1,0,1,0,0,0,1,0,1,2,1,4,2,2,2,3,2,2,3,3,4,2,3,1,2,2,2,3,3,1,2,2,1,1,1,2,2,6,2,3,2,4,2,2,1,2,4,2,2,2,3,3,3,2,1,1,4,2,1,2,1,2,4,2,3,2,4,2,2,1,2,2,2,2,1,2,1,5,4,1,9,1,4,2,1,1,2,3,1,2,1,1,,,0,,,,,,,,,2,2,0,,1,1,1,4,1,1,1,3,1,3,5,5,1,0,0,0,0,1,0,1,1,0,1,0,0,0,1,0,0,0,0,0,0,0,0,0,0,0,0,0,1,3,2,3,1,1,2,1,2,1,4,2,2,2,2,0,,0,,,0,,,0,1,0,0,0,1,0,0,0,0,1,1,0,0,0,1,1,0,0,0,0,0,0,0,0,0,0,0,0,0,3,7,4,2,0,0,0,0,0,0,0,0,0,0,0,0,0,0,0,1,1,142.1,188,40.20484382,3,4,2
02ADL0055,126,,4/3/2017 10:38,4/3/2017,,2,0,,1,1,6,1,1,1,1,1,0,,,0,,,0,,,0,,1,1,1,1,1,1,0,,,,0,,,,1,1,1,2,1,9,9,1,5,1,1,6,2,1,2,0,,,,,0,,,,,,,,,0,,5,1,2,1,9,2,9,2,1,9,1,2,1,1,1,4,1,1,1,4,1,1,1,7,5,2,1,7,5,2,1,2,0,2,0,,8,2,4,1,3,2,1,2,4,2,1,2,3,2,3,1,1,4,1,2,3,2,4,2,2,2,1,2,1,2,7,1,6,0,0,0,1,0,0,0,0,0,1,0,0,0,0,0,0,1,,,4,3,1,8,8,2,8,2,3,8,1,2,2,1,2,1,2,4,2,2,1,1,3,2,1,1,2,2,0,,1,2,1,2,1,2,4,2,5,1,2,6,1,1,0,,,,,,,1,2,0,,0,,2,1,,,,1,1,1,1,1,1,5,2,2,2,3,3,2,1,1,1,9,1,2,1,2,2,1,1,7,1,8,2,0,,0,,0,,,1,1,1,2,2,4,4,1,2,1,1,1,5,2,2,4,2,2,0,,,0,,1,2,4,2,3,4,1,3,2,4,2,4,2,1,1,1,1,2,4,2,2,2,3,3,1,1,1,3,1,1,1,2,2,2,4,2,0,,4,2,7,0,0,0,1,0,0,0,0,0,0,,1,4,1,2,1,1,1,5,1,2,1,3,2,0,,1,2,1,1,1,1,1,1,0,,1,1,9,1,0,,8,2,2,3,1,5,2,1,1,1,1,2,1,1,1,7,1,1,2,1,2,0,,1,1,1,1,3,3,9,1,0,,6,1,1,5,4,1,7,1,0,,,,1,3,1,2,1,1,,,1,1,,,1,,5,2,4,0,,0,,1,1,1,,1,2,1,1,1,1,7,7,1,0,0,0,1,1,0,0,0,0,0,0,0,0,0,0,0,0,1,0,0,0,0,0,0,0,0,0,0,,,,1,1,1,1,3,5,3,2,2,2,4,0,,0,,,0,,,0,0,0,0,0,1,0,0,0,0,0,0,0,0,0,0,0,1,0,0,0,0,0,0,0,0,0,0,0,0,1,,,2,0,0,0,0,0,0,0,0,0,0,0,0,0,0,0,0,2,60.6,178.4,19.0407006,1,4,2
02ADL0056,129,1975,4/4/2017 7:58,4/4/2017,10,2,1,1,2,3,2,3,2,1,2,2,2,3,5,2,3,4,1,2,3,1,2,0,,,,,,1,2,2,2,0,,,,0,,,,1,9,9,3,5,1,1,0,,0,,1,1,1,2,3,1,2,2,2,2,2,1,4,2,1,2,4,2,0,,7,2,0,,1,1,1,2,3,2,1,1,1,2,1,1,1,2,1,1,1,2,1,1,1,2,0,,,,1,2,5,2,,,0,,1,2,3,2,3,2,4,2,3,2,1,5,5,2,6,2,1,2,2,2,0,,6,2,4,2,7,0,1,0,1,0,0,0,0,0,2,0,1,0,0,0,0,0,1,1,4,2,1,4,4,2,4,3,4,,,0,,1,2,1,2,3,2,2,2,4,3,2,3,2,3,2,4,2,2,2,2,2,3,2,4,3,5,7,,,,,3,2,1,5,3,5,2,1,2,1,2,3,2,4,2,4,2,2,0,,,,,,,,4,2,3,3,2,1,3,3,3,1,2,1,3,3,1,1,3,2,0,,3,2,4,2,4,2,3,1,2,3,1,2,5,4,0,,1,2,2,5,3,2,3,4,2,2,2,1,3,2,4,2,3,2,3,1,2,1,2,3,2,5,2,2,3,2,3,2,4,2,4,2,0,,1,2,2,2,2,2,4,2,4,2,1,2,2,2,3,2,5,0,1,0,1,0,0,0,0,0,0,,1,4,2,2,1,1,3,3,3,2,5,2,2,3,2,3,2,2,2,3,3,2,1,3,2,2,2,2,2,9,2,6,2,5,5,2,5,2,2,3,2,4,2,1,3,2,3,2,0,,0,,1,2,1,2,3,3,1,1,7,1,4,2,5,2,1,5,5,1,0,,1,5,1,1,1,5,1,2,2,2,2,2,0,,,,,,,,,1,2,1,5,1,1,1,5,1,2,1,2,1,4,7,4,0,0,0,0,0,0,0,0,0,0,0,0,0,0,0,0,0,0,0,0,0,1,0,0,0,0,0,0,0,,,,1,0,,,,5,4,2,2,1,2,,,0,,,0,,,0,0,0,0,0,0,0,0,0,0,0,0,0,0,0,0,0,0,0,0,0,0,0,0,0,0,0,0,0,0,1,,,2,0,0,0,0,0,0,0,0,0,0,0,0,0,0,0,0,1,66.9,163.9,24.90394856,1,4,2
02ADL0057,131,1985,4/4/2017 10:40,4/4/2017,1,2,0,,0,,7,1,3,6,1,2,3,2,2,2,1,7,2,1,5,6,2,0,,,,,,1,2,1,1,0,,,,0,,,,1,7,7,1,1,5,,0,,0,,1,6,6,3,5,7,3,1,1,1,5,1,7,3,7,2,1,2,6,2,9,2,0,,1,4,4,1,1,1,0,,,,1,1,1,1,1,5,5,1,0,,,,0,,,,0,,6,2,2,2,0,,0,,1,2,3,1,3,2,3,,0,,,,2,2,0,,1,1,0,,3,2,4,1,2,1,1,0,0,0,1,0,0,0,4,1,1,0,1,0,0,0,1,2,0,,1,4,4,1,5,2,5,3,2,2,2,6,2,1,1,5,2,3,1,5,5,2,5,2,1,2,7,2,0,,0,,1,3,1,3,3,3,2,6,2,5,6,3,5,5,3,5,3,1,2,6,3,0,,2,3,,,,0,,,,,,,,5,2,2,5,2,5,5,2,4,2,4,5,5,2,1,1,10,2,0,,1,2,1,2,1,1,3,0,,,0,,,,0,,1,1,1,5,1,1,2,0,,1,2,1,0,,1,1,0,,,2,2,0,,0,,4,2,,5,4,1,1,2,2,3,,0,,4,2,3,4,2,3,4,3,4,,1,2,4,3,1,2,,0,0,0,0,0,0,0,0,0,0,,1,6,6,2,1,2,2,4,2,2,,2,2,3,2,2,2,6,2,2,2,2,2,1,1,1,2,1,1,1,1,1,1,2,0,,7,2,2,0,,0,,,6,3,7,3,8,3,8,3,2,3,3,2,2,1,3,1,0,,4,2,4,2,1,5,1,5,1,1,2,4,1,1,0,,0,,,,,,0,,,,,,,,,4,2,1,3,1,3,1,3,1,3,0,,1,3,2,3,0,0,0,0,0,0,0,0,0,0,0,0,0,0,0,0,0,0,0,0,0,1,0,0,0,0,0,0,1,5,2,3,1,1,1,,1,0,,,,,,5,1,0,,,0,,,0,1,0,0,1,0,0,0,0,0,0,0,0,0,0,0,1,0,0,0,0,0,0,0,0,0,0,0,0,1,3,8,6,2,0,0,0,0,0,0,0,0,0,0,0,0,0,0,0,0,0,57.2,169.7,19.86242838,1,1,2
02ADL0058,134,1954,4/5/2017 10:05,4/5/2017,9,2,0,,0,,2,2,3,2,2,2,1,1,1,0,,,0,,,0,,1,2,1,2,1,3,0,,,,1,1,1,2,0,,,,1,9,8,2,2,1,5,0,,0,,1,1,1,2,2,1,2,1,1,2,2,1,7,2,0,,3,2,1,2,4,2,2,2,1,1,0,2,2,2,1,1,0,2,1,2,0,2,1,2,1,1,1,1,1,2,1,2,0,2,1,1,1,2,2,2,1,1,1,2,1,2,1,1,3,2,0,,1,1,1,1,2,2,1,1,0,,0,,2,2,2,1,0,0,0,0,0,0,0,0,0,0,0,0,0,0,0,0,0,0,,,1,1,1,4,3,3,1,2,2,1,2,1,2,1,2,1,2,1,2,1,1,1,2,2,1,1,1,1,1,2,0,,0,,1,2,2,2,2,1,1,2,2,3,1,2,1,2,3,5,3,1,2,1,1,0,,1,2,2,3,1,0,,,,,,,,3,2,1,2,2,,1,1,1,1,1,1,2,3,1,1,1,2,1,2,0,,2,2,1,2,1,1,2,1,1,2,5,5,0,,2,,2,5,0,,,2,2,1,2,2,1,2,0,,0,,,2,2,1,1,1,2,2,2,2,1,3,0,,1,1,3,2,0,,1,2,2,1,1,1,0,,1,2,1,1,1,2,1,2,1,0,0,0,1,0,1,0,0,0,3,2,1,1,0,2,1,2,2,2,1,2,2,2,2,1,1,0,,1,2,1,1,2,2,4,2,0,,3,2,1,2,1,2,2,0,,6,2,2,0,,3,3,2,1,2,1,2,1,1,1,2,0,,1,1,2,2,2,2,1,2,2,2,3,2,1,5,3,2,0,,2,2,2,1,3,2,0,,,,,,0,,,,,,,,,0,,0,,1,1,1,1,0,,0,,1,2,4,4,0,0,0,0,0,0,0,0,1,0,0,0,1,0,0,0,0,0,0,0,0,0,0,0,0,0,0,0,1,5,3,1,0,,,,,,,,,,,,,,,,,,,0,0,0,0,0,0,0,0,0,0,0,0,0,0,0,0,0,0,0,0,0,0,0,0,0,0,0,0,0,0,1,4,5,2,0,0,0,0,0,0,0,0,0,0,0,0,0,0,0,0,2,95.1,152.6,40.83865682,3,1,2
02ADL0059,132,1941,4/5/2017 10:52,4/5/2017,11,2,0,,0,,0,,,,,,1,1,1,5,2,4,1,2,1,0,,1,7,7,1,5,3,0,,,,0,,,,0,,,,1,7,7,1,5,1,1,3,2,1,1,1,3,0,2,1,0,,,,,,,,,1,1,2,2,0,,0,,1,1,1,2,1,2,1,2,1,1,1,3,1,2,2,2,1,7,7,3,1,6,6,3,0,,,,0,,6,2,9,3,9,2,2,3,0,,4,3,6,2,0,,1,1,2,2,1,2,1,2,1,1,6,3,0,,7,2,2,0,0,0,1,0,0,1,1,0,1,0,1,0,0,1,0,0,3,1,4,2,1,7,2,3,7,3,3,7,2,6,2,0,,1,2,1,2,2,2,5,1,3,1,2,7,3,1,3,1,2,1,2,1,2,6,2,3,1,2,4,2,2,1,3,2,2,4,2,2,1,2,0,,1,2,1,2,2,3,1,6,5,2,1,1,1,2,1,3,2,2,1,1,1,1,1,1,1,1,1,1,1,1,1,6,2,2,3,1,2,1,2,1,2,1,0,,,0,,,,0,,0,,,,1,2,2,1,2,1,1,1,0,,1,1,2,2,2,5,1,0,,1,2,4,2,2,1,1,1,2,5,2,0,,1,1,2,2,1,1,1,1,0,,6,2,4,2,0,,2,2,2,0,0,0,1,0,0,1,0,0,0,,1,6,2,2,2,2,2,2,1,2,3,10,3,1,1,0,,1,1,1,6,2,1,7,2,0,,5,2,2,2,1,1,2,1,1,0,,,4,2,4,2,4,4,,6,2,0,,1,2,2,2,1,2,4,2,1,1,4,2,6,2,4,2,1,5,5,2,6,1,7,1,5,2,0,,1,5,1,5,2,2,0,,,,,,,,,1,1,1,1,1,4,1,5,1,,1,1,1,5,5,3,1,0,0,0,0,0,0,1,0,0,0,0,1,1,0,0,0,1,0,0,1,0,0,0,0,0,0,0,0,,,,0,,,,,,,,,,,,,,,,,,,0,0,0,0,0,0,0,0,0,0,0,0,0,0,0,0,0,0,0,0,0,0,0,0,0,0,0,0,0,0,1,6,7,2,0,0,0,0,0,0,0,0,0,0,0,0,0,0,0,0,2,70.2,157.4,28.33528963,2,4,2
02ADL0060,137,1995,4/6/2017 7:47,4/6/2017,8,2,0,,0,,2,2,0,0,,,0,,,1,1,4,0,,,0,,1,3,3,2,1,1,0,,,,0,,,,1,2,2,2,1,9,9,3,3,1,5,2,2,3,3,1,4,1,1,1,2,2,1,1,1,4,1,4,1,0,,0,,0,,2,2,1,1,1,1,2,1,3,2,1,1,1,2,1,1,2,2,1,8,8,2,1,1,1,2,0,,,,2,2,0,,5,2,6,2,2,1,0,,2,3,4,1,4,1,1,7,7,2,6,2,1,2,1,1,0,,4,2,3,2,0,0,0,0,0,0,0,0,0,0,0,0,0,0,0,0,0,0,,,0,,1,8,8,1,6,3,2,3,1,1,1,6,2,1,1,6,3,4,2,1,4,2,4,2,4,2,3,1,1,2,1,2,3,2,3,1,1,0,,3,2,1,1,2,1,3,2,5,2,1,2,1,2,1,1,4,2,2,4,5,1,5,1,1,1,1,5,2,1,2,2,2,1,1,1,1,1,1,4,1,4,2,1,1,1,2,3,2,0,,1,3,7,2,1,0,,,1,2,5,5,0,,0,,,,0,,,1,1,1,2,1,0,,0,,1,2,4,1,2,0,,4,2,3,2,2,2,2,1,2,1,1,1,2,0,,2,2,4,1,2,4,1,2,7,2,1,2,1,2,1,2,1,0,1,0,1,0,0,0,0,0,0,,1,3,1,2,2,1,2,4,2,2,4,2,2,1,2,1,2,0,,,3,2,3,1,1,7,2,7,2,0,,1,1,5,0,,7,2,4,0,,1,1,3,1,2,1,1,1,2,0,,0,,0,,,,,,3,2,1,1,2,2,1,5,5,2,3,1,2,1,5,2,0,,0,,,,,,1,5,2,4,1,,1,,,0,,0,,1,5,1,5,1,4,1,4,1,5,4,4,1,0,0,0,0,0,0,0,0,0,0,0,1,0,0,0,0,0,0,0,0,0,0,0,0,0,0,0,0,,,,0,,,,,,,,,,,,,,,,,,,0,0,0,0,0,0,0,0,0,0,0,0,0,0,0,0,0,0,0,0,0,0,0,0,0,0,0,0,0,0,3,7,6,2,0,0,0,0,0,0,0,0,0,0,0,0,0,0,0,0,0,75.9,171.9,25.68561819,2,4,2
02ADL0061,136,1983,4/6/2017 9:11,4/6/2017,10,1,0,,0,,2,2,1,0,,,0,,,0,,,0,,,0,,1,1,1,2,3,2,1,1,1,2,1,1,1,1,1,2,2,2,1,9,9,3,5,1,5,2,2,1,2,1,1,1,2,3,0,,,,,,,,,0,,4,2,0,,5,1,0,,0,,,,0,,1,1,1,1,0,,,,1,1,1,2,0,,,,0,,,,1,2,0,,5,2,3,2,0,,0,,1,2,7,2,0,,1,1,1,1,7,2,4,2,3,2,2,2,1,2,0,,4,0,1,0,1,0,0,0,1,0,0,0,0,0,0,0,0,0,,,0,,,,,,4,2,1,4,1,4,3,2,2,0,,2,2,1,2,1,2,2,2,2,4,2,0,,0,,1,2,4,2,3,1,1,3,2,4,1,1,2,2,1,1,1,5,2,1,2,1,2,0,,1,1,2,2,1,4,5,2,1,1,,1,2,7,2,1,2,1,1,1,1,4,2,1,1,3,3,1,1,1,2,8,2,0,,0,,6,3,1,0,,,0,,,,0,,0,,,,1,2,3,1,2,1,2,1,4,2,1,2,1,2,1,1,2,6,3,0,,8,2,1,4,1,1,2,5,2,1,1,0,,3,2,3,1,2,1,1,2,2,2,2,3,0,,2,2,0,0,0,0,0,0,0,0,0,0,1,2,1,1,0,2,1,1,3,3,3,2,5,4,2,1,2,1,2,1,2,5,4,2,1,0,,3,2,4,1,0,,4,2,5,4,2,7,3,1,1,2,1,2,3,3,2,4,2,2,2,0,,0,,1,2,1,3,1,1,3,1,2,2,8,3,1,5,2,1,5,2,1,1,1,1,2,3,1,4,1,5,3,1,1,1,1,4,2,2,1,,,4,1,0,,1,1,1,1,0,,1,1,1,5,6,2,1,0,0,0,0,0,0,0,1,0,0,0,0,0,1,0,0,0,0,0,0,0,0,0,0,0,0,0,0,,,,1,1,2,1,4,0,,,,,,0,,1,3,3,0,,,0,0,0,0,0,0,0,0,0,0,0,0,0,0,0,0,1,0,0,0,0,0,1,0,0,0,0,0,0,1,1,8,7,2,0,0,0,0,0,0,0,0,0,0,0,0,0,0,0,1,0,80.3,176.8,25.68922626,2,4,2
02ADL0062,142,1989,4/7/2017 9:11,4/7/2017,9,,0,,2,2,1,2,2,0,,,0,,,0,,,0,,,0,,1,1,1,1,5,1,1,2,2,1,0,,,,1,4,3,2,1,8,8,3,3,1,5,3,2,2,2,1,4,4,2,3,4,2,1,1,5,1,1,7,2,0,,4,2,4,2,8,2,1,1,1,1,1,2,1,2,0,,,,1,1,1,2,1,6,6,2,1,6,6,2,0,,,,4,2,5,2,1,2,1,2,2,2,0,,5,3,5,3,0,,1,1,1,2,4,3,2,3,6,3,1,2,0,,6,2,6,0,1,0,1,0,0,1,0,0,5,0,1,0,1,0,0,0,2,2,4,3,1,4,4,2,6,3,3,6,2,4,2,7,3,0,,6,3,3,1,3,3,2,4,2,7,3,1,1,1,2,1,3,7,3,7,3,5,6,3,6,3,5,1,2,3,3,3,3,2,3,3,4,3,2,2,2,2,,,,7,4,2,1,1,1,5,3,6,2,2,1,1,2,2,2,6,2,4,5,5,2,1,1,0,,0,,0,,6,3,3,3,1,0,,,4,2,3,3,0,,5,2,2,5,4,2,3,1,2,0,,,0,,2,2,4,2,5,4,2,1,2,8,3,8,3,3,5,3,1,2,4,2,4,2,0,,4,2,1,4,2,1,1,2,4,3,6,2,0,,4,2,6,0,1,0,1,0,0,0,0,0,0,,1,6,4,3,2,3,3,3,6,2,5,7,3,3,2,4,2,7,2,1,6,2,1,4,3,3,2,6,2,0,,1,1,1,0,,10,3,3,4,2,5,2,3,4,2,7,1,4,2,0,,3,2,1,2,5,1,2,1,7,1,2,2,0,,,,,,6,1,7,1,1,2,2,5,0,,,,,,1,1,1,3,3,2,3,2,8,3,2,1,3,1,3,1,3,1,3,1,1,1,3,3,3,1,0,0,0,0,0,0,0,0,0,0,0,0,0,0,0,0,0,0,0,0,0,0,0,0,0,0,0,1,3,3,2,0,,,,,,,,,,,,,,,,,,,0,0,0,0,0,0,0,0,0,0,0,0,0,0,0,0,0,0,0,0,0,0,0,0,0,0,0,0,0,0,2,7,4,2,0,0,0,0,0,0,0,0,0,0,0,0,0,0,0,0,0,55.4,175.7,17.94594125,0,4,2
02ADL0063,141,1981,4/7/2017 10:24,4/7/2017,9,2,0,,0,,1,1,0,0,,,0,,,0,,,0,,,7,2,1,2,2,1,5,3,1,1,1,1,1,5,5,2,0,,,,1,9,9,3,3,2,2,0,,1,,1,7,7,2,2,4,1,1,1,2,2,1,7,1,0,,7,2,1,2,6,2,0,,1,7,7,2,0,,0,,,,1,1,1,2,1,7,7,2,1,1,1,2,1,4,4,2,1,2,1,2,8,3,7,3,0,,3,2,2,3,8,3,8,3,,,,,8,3,1,3,1,2,0,,1,2,8,2,8,0,1,0,1,0,0,1,0,0,0,0,0,0,0,0,0,0,,,4,2,1,7,7,2,7,2,5,7,2,2,2,7,2,1,1,1,2,1,1,1,3,1,1,1,4,2,7,2,1,2,1,2,4,2,4,2,1,4,3,4,1,2,5,2,1,2,2,5,2,0,,4,1,0,,5,2,5,1,1,1,5,2,1,1,1,1,1,6,2,2,2,1,1,1,1,1,1,1,1,1,1,1,1,4,1,7,1,0,,4,2,,,,0,,,0,,,,1,2,3,2,2,5,3,2,5,1,2,3,2,4,1,2,1,3,4,2,5,3,1,0,,0,,7,2,2,2,2,1,3,5,2,0,,0,,1,2,4,7,1,4,4,3,4,3,1,2,3,2,0,,2,0,0,0,1,0,1,1,0,0,0,,1,1,1,2,1,1,5,1,5,2,5,5,2,2,2,5,2,7,2,3,5,2,5,6,2,1,1,6,2,8,2,6,2,5,0,,7,2,5,1,2,0,,,1,1,1,1,1,2,2,1,0,,1,1,5,1,2,1,1,2,0,,7,2,2,4,1,1,3,1,1,1,5,2,5,5,0,,,,,,0,,,,,,,,,,,,,1,2,1,5,0,,0,,1,5,8,8,0,0,0,0,0,0,0,0,1,0,0,0,1,0,1,0,0,1,0,0,0,0,0,0,0,0,0,0,1,5,2,4,,,,,,,,,,,,,,,,,,,,0,0,0,0,0,0,0,0,0,0,0,0,0,0,0,0,0,0,0,0,0,0,0,0,0,0,0,0,0,0,1,8,9,2,0,0,0,0,0,0,0,0,0,0,0,0,0,0,0,0,0,80.4,163.2,30.18670704,3,1,2
02ADL0064,144,1954,4/10/2017 9:18,4/10/2017,11,2,0,,1,1,0,,,1,1,1,7,2,5,0,,,0,,,5,2,1,2,2,2,1,1,1,2,2,1,0,,,,0,,,,1,4,4,2,5,3,3,0,,0,,0,,,,,0,,,,,,,,,0,,4,2,0,,1,2,0,,1,2,1,2,2,2,1,2,0,2,1,1,0,2,1,2,1,3,1,2,1,2,0,,,,1,2,0,,1,2,4,3,1,3,1,2,1,1,5,2,1,2,1,1,1,2,2,2,1,1,1,2,0,,0,,5,2,4,0,1,0,1,0,0,1,0,0,4,0,1,0,1,0,1,0,2,2,1,3,1,8,6,2,4,2,5,6,2,4,2,2,2,1,2,4,2,1,1,4,2,2,4,1,4,2,2,2,1,2,1,2,2,1,1,2,4,1,2,2,1,1,1,2,5,5,3,5,3,1,1,1,1,0,,2,1,,,,1,1,2,2,,3,3,2,5,2,4,5,2,2,1,2,1,1,5,1,3,2,1,1,4,2,2,2,1,2,2,2,2,2,3,0,,,1,1,5,5,1,2,4,1,1,5,0,,,1,1,1,2,1,1,2,1,2,1,2,2,1,1,1,2,2,2,6,1,2,5,1,2,2,2,2,1,2,0,,2,2,1,4,2,1,4,2,1,2,0,,1,2,1,1,1,0,1,0,1,0,0,1,0,0,0,,1,2,2,2,1,1,1,4,2,2,5,1,1,1,2,4,1,1,2,1,,,,1,1,1,2,5,1,6,2,8,2,5,4,2,10,2,1,1,1,2,2,1,4,2,2,2,2,2,2,2,1,2,1,2,4,1,2,1,7,2,2,1,8,2,1,5,1,2,7,1,7,1,5,2,1,1,1,1,1,5,4,2,1,4,1,2,1,,1,,,1,2,1,2,1,4,1,1,1,1,1,2,1,5,4,3,0,0,0,0,0,0,0,0,0,0,0,0,1,0,1,0,0,0,0,0,0,0,0,0,0,0,0,0,0,,,,1,1,1,1,,4,1,1,1,1,3,0,,1,2,1,0,,,0,0,0,0,0,0,0,0,0,0,1,0,0,1,0,0,0,0,0,0,0,0,0,0,1,0,0,0,0,0,3,4,5,2,0,0,0,0,0,0,0,0,0,0,0,0,0,0,0,0,2,51.5,151.3,22.49724682,1,4,2
02ADL0065,145,1964,4/11/2017 9:07,4/11/2017,10,1,0,,,,2,1,0,1,1,1,2,3,1,0,,,0,,,0,,1,4,3,3,1,1,1,4,3,2,1,4,4,2,0,,,,1,8,7,1,1,1,5,0,,0,,0,,,,,1,1,5,1,5,1,1,4,3,0,,1,2,0,,4,3,3,2,0,,,,3,3,0,,,,1,4,0,3,1,3,0,3,1,4,3,3,0,,,,3,1,0,,7,3,0,,3,1,1,1,4,3,4,3,4,3,1,5,5,2,1,1,0,,0,,0,,7,3,7,1,0,0,0,0,0,0,0,0,0,0,0,0,0,0,0,0,0,0,,,0,,1,7,7,1,6,3,3,6,3,3,3,3,2,1,3,2,3,1,,4,2,2,4,2,0,,4,2,4,2,1,3,0,,5,3,1,0,,6,3,1,7,2,5,1,3,5,3,1,2,0,,0,,4,3,5,1,1,0,,,,,,,,7,2,5,5,3,1,1,1,4,1,5,1,1,1,1,,0,,0,,1,2,6,2,4,2,1,0,,,0,,,,5,3,4,3,2,2,6,2,1,0,,5,3,1,0,,0,,1,2,1,0,,3,1,0,,0,,,,,1,2,4,2,0,,0,,1,2,1,4,2,1,0,,0,,0,,4,3,0,,0,0,0,0,0,0,0,0,0,0,0,,1,1,0,3,1,1,5,,4,3,5,1,1,1,2,1,3,4,2,1,6,2,1,3,2,0,,6,2,0,,1,3,3,0,,4,3,1,0,,1,3,1,1,3,6,3,5,3,0,,0,,1,2,5,1,1,1,5,2,0,,7,2,1,5,5,1,7,1,0,,,,0,,1,5,3,1,,,1,1,,,5,3,1,,,0,,1,1,1,1,1,1,0,,0,,1,1,2,2,0,0,0,0,0,0,0,0,0,0,0,0,0,0,0,0,0,0,0,0,0,1,0,0,0,0,0,0,0,,,,1,0,,,,3,2,1,2,2,2,0,,0,,,0,,,0,0,0,0,0,1,0,0,0,0,0,0,0,0,0,0,0,0,0,0,0,0,0,0,0,1,0,0,0,0,1,3,6,2,0,0,0,0,0,0,0,0,0,0,0,0,0,0,0,1,1,80.7,179.6,25.01847709,2,1,2
02ADL0066,146,,4/11/2017 10:45,4/11/2017,8,2,0,,2,2,9,2,5,3,2,5,2,1,1,0,,,0,,,0,,0,,,,,,0,,,,0,,,,0,,,,1,7,6,2,5,1,2,0,,0,,1,1,1,2,5,9,2,1,1,5,1,1,1,1,0,,2,2,0,,7,2,0,,0,,,,4,3,1,5,5,2,1,5,4,3,1,7,7,3,1,5,5,2,1,8,0,2,5,2,5,3,1,1,1,1,0,,0,,5,3,3,1,1,1,1,6,6,2,0,,0,,0,,0,,1,2,6,2,0,0,0,0,0,0,0,0,0,0,6,1,0,0,1,0,0,0,1,3,6,1,1,6,7,3,6,3,5,7,2,3,2,3,1,1,1,6,2,1,1,2,2,1,5,2,0,,0,,0,,1,1,0,,6,1,1,7,2,5,1,1,1,2,2,2,2,1,1,0,,0,,1,1,6,2,2,5,1,0,,,,,,,,5,2,3,5,1,5,5,2,5,1,2,5,2,2,1,1,0,,0,,0,,3,2,0,,,0,,,0,,,,6,2,1,1,2,1,4,2,5,1,2,1,2,1,0,,0,,1,2,5,3,2,0,,6,2,6,2,1,1,2,0,,5,2,0,,0,,1,2,3,3,1,1,4,2,4,3,0,,0,,4,2,4,0,0,0,1,0,0,0,0,0,0,,1,3,3,2,1,2,2,2,4,2,5,1,2,4,2,0,,3,2,1,4,2,1,4,2,0,,0,,4,2,7,2,5,0,,0,,,7,2,0,,,5,2,1,2,1,2,0,,0,,1,2,5,1,2,1,1,1,7,2,1,1,5,5,5,2,6,1,3,2,1,1,0,,1,5,2,1,,,1,5,2,3,1,,1,,,1,2,1,2,1,2,1,1,0,,0,,1,1,3,5,0,0,0,0,0,0,0,1,0,0,1,0,0,0,0,0,0,0,0,0,0,0,0,0,0,0,0,0,0,,,,0,,,,,,,,,,,,,,,,,,,0,0,0,0,0,0,0,0,0,0,0,0,0,0,0,0,0,0,0,0,0,0,0,0,0,0,0,0,0,0,1,4,4,2,0,0,0,0,0,0,0,0,0,0,0,0,0,0,0,0,1,74.1,159.6,29.0905836,2,1,2
02ADL0067,148,,4/12/2017 7:56,4/12/2017,,,,,,,,,,,,,,,,,,,,,,,,,,,,,,,,,,,,,,,,,,,,,,,,,,,,,,,,,,,,,,,,,,,,,,,,,,,,,,,,,,,,,,,,,,,,,,,,,,,,,,,,,,,,,,,,,,,,,,,,,,,,,,,,,,,,,,,,,,0,0,0,0,0,0,0,0,0,,0,0,0,0,0,0,0,,,,,,,,,,,,,,,,,,,,,,,,,,,,,,,,,,,,,,,,,,,,,,,,,,,,,,,,,,,,,,,,,,,,,,,,,,,,,,,,,,,,,,,,,,,,,,,,,,,,,,,,,,,4,2,5,2,2,5,0,,,6,2,4,2,1,5,2,4,2,4,3,1,1,2,4,3,6,2,6,3,5,3,4,1,3,4,3,4,2,0,,4,3,1,5,2,1,4,3,1,3,3,3,2,2,3,2,6,1,1,0,1,0,1,1,0,0,0,,1,1,1,2,1,4,1,2,6,3,5,3,2,3,2,6,2,6,2,1,6,2,1,4,2,1,2,6,3,7,2,4,2,2,0,,8,3,2,4,3,5,3,1,4,3,7,3,8,2,4,3,3,3,4,3,4,2,1,1,7,3,6,3,8,3,1,5,5,1,7,1,4,1,5,2,0,,1,2,2,5,2,3,1,3,3,3,1,,1,,,7,2,1,5,1,2,1,1,1,3,1,2,1,2,6,5,1,0,1,0,0,0,0,1,0,0,0,0,0,0,0,0,0,0,0,0,0,0,0,0,0,0,0,0,1,5,2,3,1,3,2,2,3,0,,,,,,0,,0,,,0,,,0,0,0,0,0,0,0,0,0,0,1,0,0,0,0,1,0,0,0,0,0,0,0,0,0,0,0,1,0,0,1,5,7,2,0,0,0,0,0,0,0,0,0,0,0,0,0,0,0,1,1,82.1,182.5,24.65002815,1,4,2
02ADL0068,150,1952,4/12/2017 9:54,4/12/2017,9,2,0,,0,,3,2,5,3,2,1,2,2,1,0,,,0,,,0,,1,2,1,2,1,5,0,,,,0,,,,0,,,,1,7,7,2,1,5,5,,,0,,,,,,,7,2,5,2,5,1,1,7,1,5,2,6,2,6,,7,,7,2,1,7,7,2,5,2,1,2,2,1,1,3,5,,,,,,1,6,6,2,0,,,,6,2,6,2,6,2,5,2,0,,3,2,4,,4,2,3,2,1,3,3,2,7,2,3,2,1,2,1,2,4,,4,3,6,0,1,0,1,0,0,0,0,0,3,0,0,0,1,0,0,0,1,1,5,2,1,5,5,2,7,3,3,6,2,4,,1,1,1,2,3,2,1,1,,2,,1,1,3,2,,,1,2,0,,0,,5,2,5,6,3,4,2,,1,2,1,1,3,2,1,0,,1,1,0,,2,2,,,,1,2,2,2,2,,1,1,3,2,2,1,,2,1,2,1,1,1,1,1,1,1,1,1,1,2,2,0,,4,2,4,2,2,2,2,2,4,2,5,2,6,3,0,,,,0,,,5,2,0,,,3,2,0,,1,2,5,1,2,2,2,6,2,6,2,1,2,1,2,3,3,2,2,1,0,,2,2,2,2,1,2,1,2,2,3,3,2,0,,5,2,6,0,0,0,1,0,0,0,0,0,0,,1,3,2,2,3,1,2,5,1,2,2,4,2,1,2,1,2,2,2,2,4,,2,6,2,,,6,2,0,,1,1,2,0,,0,,,2,2,3,2,3,2,1,3,2,0,,0,,0,,2,1,2,1,2,2,2,2,1,2,3,2,1,1,5,2,0,,2,5,1,1,5,5,1,3,2,1,,,0,,,,,,,,,5,1,0,,1,2,1,1,0,,0,,1,2,4,4,0,0,0,0,0,0,0,1,0,0,1,0,0,0,1,0,0,0,0,0,0,0,1,0,0,0,0,1,0,,,,1,0,,,,2,2,2,3,3,1,0,,1,2,2,0,,,0,0,0,0,0,0,0,0,0,0,0,0,0,0,0,0,0,1,0,0,0,0,0,0,0,0,0,0,0,0,3,6,3,2,0,0,0,0,0,0,0,0,0,0,0,0,0,0,0,0,2,80.3,161,30.9787431,3,1,2
02ADL0069,151,1975,4/13/2017 7:50,4/13/2017,10,2,0,,1,2,2,2,5,2,2,3,0,,,2,1,1,0,,,5,2,1,2,2,2,1,3,,,,,0,,,,1,2,2,2,1,9,9,1,4,1,2,1,1,1,1,1,3,3,2,5,2,2,1,1,2,4,1,1,2,0,,4,1,1,2,9,2,1,1,1,2,1,2,8,1,1,4,1,1,1,4,0,2,1,7,4,2,1,7,3,2,0,,,,7,2,8,2,1,1,4,1,1,1,0,,7,2,3,2,4,2,1,0,4,1,6,2,2,2,3,2,0,,0,,8,2,4,0,1,0,1,0,0,0,0,0,0,0,0,0,0,0,0,0,,,4,2,1,7,7,2,7,2,5,7,2,2,2,4,2,1,2,4,2,2,1,5,5,2,2,1,3,2,4,2,1,2,1,2,4,2,4,2,3,9,2,8,2,1,2,2,5,5,3,5,2,1,2,4,2,0,,4,2,5,1,3,1,1,2,5,5,3,3,2,5,2,2,5,1,1,4,2,4,2,2,1,5,2,1,1,8,2,8,2,1,2,0,,2,2,1,0,,,0,,,,0,,4,,2,5,3,2,5,5,2,1,2,1,4,2,4,2,4,2,4,1,2,3,2,3,2,6,2,1,3,1,1,3,5,2,5,2,0,,6,2,1,0,,,3,3,4,2,0,,3,3,1,2,7,0,1,0,1,0,0,0,1,0,0,,1,6,4,2,2,2,3,3,4,2,5,4,2,1,2,6,2,4,3,3,4,3,1,4,2,1,2,8,2,5,2,4,2,5,0,,8,3,1,5,2,5,2,1,4,2,5,2,4,2,4,2,0,,1,1,2,2,1,3,7,2,4,2,6,2,1,5,4,1,7,1,4,4,2,1,1,3,0,,,,,,1,5,2,1,1,,1,,,7,2,1,2,1,1,1,3,1,3,1,1,1,3,6,6,1,0,0,0,0,0,0,1,0,0,1,0,1,0,1,1,0,0,0,0,0,0,0,0,0,0,0,0,1,5,2,2,1,4,1,1,4,0,,,,,,0,,0,,,0,,,0,0,0,0,0,0,0,0,0,0,0,0,0,0,0,0,0,0,0,0,0,0,0,0,1,0,0,0,0,1,2,7,6,2,0,0,0,0,0,0,0,0,0,0,0,0,0,0,0,0,1,76.3,163.7,28.47260342,2,4,2
02ADL0070,152,1995,4/13/2017 9:28,4/13/2017,11,1,0,,0,,2,2,1,1,2,1,2,2,1,3,3,2,2,2,1,1,2,1,4,4,3,1,1,1,2,2,2,1,1,2,2,1,5,4,3,1,9,9,2,3,2,5,1,2,3,2,1,2,3,1,2,4,2,1,1,1,5,1,2,2,1,2,3,2,1,2,5,2,1,1,1,0,2,1,3,1,0,,,,1,1,1,2,1,3,2,2,1,1,1,1,0,,,,2,2,2,2,1,1,2,2,0,,0,,0,,1,1,0,,1,2,4,1,0,,0,,0,,0,,0,,2,1,3,0,1,0,1,0,0,0,0,0,1,0,1,0,1,0,0,0,1,2,1,1,0,,,,1,2,2,1,1,3,1,5,3,1,2,3,2,1,1,2,2,1,2,2,4,2,5,2,2,2,2,2,4,2,0,,,1,1,4,2,1,3,2,1,4,2,5,2,1,2,3,2,1,1,4,2,3,1,1,1,1,2,1,2,2,2,1,6,2,4,2,1,1,2,2,3,2,5,1,3,2,1,1,2,2,2,2,2,2,3,2,3,2,1,1,2,1,0,,,,3,2,4,2,3,5,2,2,3,4,2,2,2,1,1,1,2,2,2,2,2,1,2,1,2,5,2,5,2,2,3,1,1,2,2,2,3,2,0,,4,3,1,3,2,1,1,2,3,2,1,2,2,2,3,2,3,0,0,0,1,0,0,1,0,0,0,,1,1,2,2,1,2,2,3,4,2,5,2,2,1,2,4,2,5,,1,1,2,1,2,2,1,2,3,2,1,2,1,1,4,0,,7,2,3,2,2,4,3,1,3,2,4,2,3,2,2,2,1,2,1,2,4,2,1,1,4,2,5,2,5,2,1,4,1,1,2,1,2,1,5,1,1,2,1,2,2,2,2,3,1,2,2,3,1,,3,2,2,1,1,1,2,1,2,1,2,1,1,1,3,1,3,1,3,1,0,0,1,0,0,1,1,0,0,0,0,0,0,0,0,0,0,0,1,0,0,0,0,0,0,0,0,0,,,,0,,,,,,,,,,,,,,,,,,,0,0,0,0,0,0,0,0,0,0,0,0,0,0,0,0,0,0,0,0,0,0,0,0,0,0,0,0,0,0,2,5,2,2,0,0,0,0,0,0,0,0,0,0,0,0,0,0,0,1,0,103.3,175.1,33.69209599,3,4,2
02ADL0071,153,1981,4/19/2017 8:29,4/19/2017,7,2,0,,3,2,1,1,5,0,,,0,,,0,,,0,,,0,,0,,,,,,0,,,,0,,,,1,2,2,2,1,8,7,3,5,1,1,2,1,0,,0,,,,,0,,,,,,,,,0,,5,2,1,2,7,2,2,1,1,4,0,1,4,1,1,5,0,1,1,1,0,1,1,1,0,1,1,1,0,2,0,,,,1,3,1,2,7,3,6,2,4,1,0,,5,2,4,2,0,,1,4,4,2,4,2,3,3,2,3,1,2,0,,8,3,9,0,1,0,1,0,0,0,1,0,5,0,1,0,1,0,0,0,1,1,4,2,1,3,3,3,4,3,5,4,1,1,2,4,3,1,2,5,3,5,2,1,5,2,1,1,4,3,1,2,1,2,1,2,6,2,3,2,1,3,2,6,2,1,4,2,1,5,3,1,1,1,2,6,1,0,,6,2,2,4,1,3,1,2,1,3,3,3,2,5,2,5,5,1,1,1,1,4,2,5,1,5,2,1,1,1,1,2,2,0,,5,2,0,,,0,,,0,,,,4,1,0,,,,1,2,5,1,1,0,,,1,2,1,1,0,,,1,1,0,,2,2,0,,,,,0,,1,2,2,2,0,,4,2,1,0,,,0,,2,3,3,2,0,,2,2,8,0,1,0,1,0,0,0,1,0,0,,1,6,4,2,1,4,1,2,5,2,1,0,,0,,4,2,8,1,1,7,1,1,3,2,7,2,5,1,4,2,4,1,1,0,,7,2,1,0,,5,2,1,1,1,5,1,5,2,5,2,5,2,5,1,3,2,2,1,10,1,0,,8,2,1,5,4,1,4,1,1,5,5,1,3,5,1,5,2,1,,,0,,,,,,,,,0,,0,,1,1,1,1,1,1,1,1,1,1,2,3,1,0,1,0,1,0,0,1,0,0,0,0,0,0,1,0,0,0,0,0,0,0,0,0,0,0,0,0,0,,,,0,,,,,,,,,,,,,,,,,,,0,0,0,0,0,0,0,0,0,0,0,0,0,0,0,0,0,0,0,0,0,0,0,0,0,0,0,0,0,0,2,8,7,2,0,0,0,0,0,0,0,0,0,0,0,0,0,0,0,0,0,79.6,170.7,27.31781915,2,4,2
02ADL0072,154,1959,4/21/2017 9:08,4/21/2017,4,1,0,,0,,0,,,2,2,1,2,1,1,1,1,2,0,,,0,,1,4,4,2,1,1,1,2,2,2,0,,,,1,8,8,3,1,9,9,2,5,1,2,0,,0,,1,1,4,2,4,5,1,1,1,2,1,0,2,1,4,2,4,2,0,,7,2,3,2,0,,,,3,2,1,4,3,1,1,1,1,1,1,4,3,3,0,,,,0,,,,3,3,3,2,1,2,1,2,3,3,2,3,3,2,4,2,4,2,1,4,4,2,3,2,0,,0,,0,,4,2,7,2,3,1,0,0,0,0,0,0,0,0,3,1,0,0,1,0,0,0,2,2,4,2,1,4,4,3,4,2,3,5,2,3,2,4,2,3,2,4,2,3,2,3,3,2,3,2,2,,7,2,2,2,4,2,5,2,4,3,5,3,2,3,2,1,3,2,5,1,3,5,2,2,2,2,2,3,2,3,1,5,1,2,4,1,2,3,1,3,2,2,7,2,3,4,2,2,1,3,5,1,3,3,1,,2,2,5,2,1,2,4,3,5,3,4,3,1,4,3,1,3,3,5,4,0,,6,1,2,2,4,2,4,4,2,3,2,1,4,2,3,2,3,2,3,3,2,3,2,1,2,4,2,2,3,4,4,3,4,2,2,1,0,,4,2,1,4,2,1,3,3,4,3,1,2,1,2,4,3,5,1,0,0,1,0,1,0,0,0,0,,1,4,3,2,3,,3,2,3,2,5,5,3,1,2,4,2,1,2,2,3,2,1,3,2,4,2,3,3,4,2,6,2,1,0,,6,2,1,0,,5,1,1,1,2,4,2,3,2,3,2,1,2,3,2,2,3,1,1,3,2,4,2,7,1,1,5,3,1,7,1,1,1,1,1,1,1,1,2,1,1,,,0,,,,,,,,,0,,0,,1,1,1,1,1,1,1,1,1,1,5,2,0,0,0,0,0,0,0,1,0,0,0,0,0,0,1,0,0,0,0,0,0,0,0,0,0,0,0,0,1,2,2,4,0,,,,,,,,,,,,,,,,,,,0,0,0,0,0,0,0,0,0,0,0,0,0,0,0,0,0,0,0,0,0,0,0,0,0,0,0,0,0,0,2,6,5,2,0,0,0,0,0,0,0,0,0,0,0,0,0,0,0,1,1,79.7,178.3,25.07007511,2,4,2
02ADL0073,157,1952,4/27/2017 8:19,4/27/2017,9,2,0,,0,,0,,,2,1,1,2,1,1,0,,,0,,,0,,1,1,1,1,1,1,0,,,,0,,,,0,,,,1,8,8,2,2,5,5,0,,0,,1,9,9,2,1,0,,,,,,,,,0,,4,1,0,,9,1,9,1,0,,,,9,2,1,4,0,1,1,9,2,3,1,9,7,1,1,9,9,1,0,,,,8,1,9,2,7,2,9,2,1,1,1,2,2,2,1,1,0,,0,,,,3,3,0,,1,2,0,,1,2,3,2,1,1,1,0,1,0,0,1,0,0,0,0,0,0,0,0,0,0,,,2,2,1,6,6,2,9,2,5,0,,3,2,1,1,1,2,1,1,3,1,2,1,1,5,2,1,2,0,,0,,1,1,1,2,7,2,5,8,3,5,1,5,1,2,1,1,,5,1,1,2,1,2,1,2,1,,5,1,1,0,,,,,,,,1,2,1,1,,1,,1,1,1,1,,1,1,1,1,0,,,,0,,0,,0,,,0,,,1,2,5,1,2,1,1,1,2,5,0,,,0,,1,2,5,0,,0,,0,,,1,1,2,2,3,2,4,1,1,2,1,0,,1,1,0,,0,,1,2,1,0,,,1,2,1,2,1,2,1,2,1,2,1,1,1,0,1,0,0,1,0,0,0,,1,2,1,2,1,1,5,5,1,2,1,1,2,1,2,1,2,1,2,1,1,2,1,1,1,1,2,4,2,0,,6,1,1,0,,5,2,1,0,,1,2,1,0,,1,2,0,,0,,1,2,0,,,,,,3,2,3,2,9,2,5,1,1,1,0,,2,,5,1,0,,0,,,,,,0,,,,,,,,,0,,1,1,1,1,0,,1,1,0,,0,,5,6,1,0,0,0,0,0,0,1,0,0,0,0,1,0,1,0,0,0,1,0,0,0,0,0,0,0,0,0,1,5,3,2,0,,,,,,,,,,,,,,,,,,,0,0,0,0,0,0,0,0,0,0,0,0,0,0,0,0,0,0,0,0,0,0,0,0,0,0,0,0,0,0,2,2,6,2,0,0,0,0,0,0,0,0,0,0,0,0,0,0,0,0,2,58.5,169.3,20.40995043,1,1,2
02ADL0074,158,1948,4/27/2017 8:34,4/27/2017,10,2,1,,,,1,1,1,3,1,1,3,1,4,3,1,7,0,,,0,,1,1,1,1,1,5,1,1,0,1,0,,,,0,,,,1,9,9,3,1,1,1,1,1,0,,1,7,7,1,5,3,1,2,5,2,1,1,7,1,2,1,8,2,2,1,7,2,9,1,1,1,1,1,2,1,1,4,0,1,1,1,1,1,1,5,5,1,1,4,4,2,0,,,,1,1,1,1,7,2,7,2,1,2,1,2,7,2,4,2,1,2,0,,,,7,2,1,,1,1,0,,1,2,4,2,8,0,0,0,1,0,0,0,0,0,0,0,0,0,0,0,0,0,,,0,,1,7,7,2,7,2,4,7,2,2,1,2,2,2,2,2,2,1,1,2,2,1,1,1,0,,3,1,1,2,1,2,1,2,4,2,2,7,2,0,,,2,2,2,2,2,2,2,0,,0,,0,,1,2,2,1,2,0,,,,,,,,1,2,2,5,1,2,2,2,1,2,1,2,2,2,1,1,0,,0,,0,,2,,,,,0,,,2,1,5,5,2,2,0,,,,0,,,0,,1,2,5,0,,0,,0,,,1,1,2,2,2,2,2,2,2,5,1,1,2,2,1,2,2,1,1,1,1,2,1,1,2,2,2,1,2,1,2,1,2,1,2,1,0,0,0,1,0,0,0,0,0,0,,1,1,1,2,1,1,1,1,1,2,2,1,1,1,1,1,1,6,1,2,0,,,1,1,0,,2,2,1,2,0,,,0,,10,1,1,0,,0,,,1,2,1,1,1,1,1,1,1,,1,1,2,1,2,2,1,1,1,1,2,1,1,5,5,2,0,,0,,,,4,5,0,,,,,,0,,,,,,,,,0,,1,2,1,2,1,5,0,,0,,1,5,4,4,1,0,0,0,0,0,1,0,0,1,0,0,1,1,1,0,0,0,0,0,0,0,0,0,0,0,0,0,1,3,2,4,1,1,0,1,1,2,1,1,1,1,1,0,,0,,,3,1,4,0,0,1,0,0,0,0,0,0,0,0,0,0,0,0,0,0,0,0,1,0,0,1,0,1,0,0,0,0,0,1,3,6,2,0,0,0,0,0,0,0,0,0,0,0,0,0,0,0,0,2,64.4,168.8,22.60169358,1,1,2
02ADL0075,159,1968,5/5/2017 9:43,5/5/2017,4,1,0,,0,,1,1,1,1,2,1,2,2,5,4,2,4,1,2,5,7,3,1,2,2,2,5,1,1,6,6,2,0,,,,0,,,,1,9,8,2,3,1,5,0,,2,2,1,3,4,2,3,0,,,,,,,,,0,,4,2,1,2,6,2,3,2,1,6,6,2,4,2,0,,,,1,4,3,2,1,5,4,3,1,6,6,2,0,,,,5,2,6,2,1,2,7,3,3,2,1,2,8,2,7,2,6,2,1,1,1,2,5,2,5,2,0,,4,2,4,2,8,1,9,0,0,0,1,0,0,1,0,0,6,1,1,0,1,0,0,0,1,2,6,2,1,7,7,2,8,3,3,8,2,6,3,4,2,3,2,4,2,1,1,3,3,1,1,1,5,2,5,2,3,2,2,2,5,2,5,3,3,7,2,6,2,3,3,2,3,3,3,4,2,4,2,3,2,3,2,3,2,3,1,3,3,4,2,3,3,2,3,1,6,2,2,5,1,1,1,1,4,1,5,3,3,2,1,1,4,2,7,2,4,2,6,3,5,3,3,1,3,3,1,2,5,5,1,2,0,,,,2,2,3,4,2,2,2,3,2,2,4,2,4,2,3,3,2,6,2,4,2,7,2,1,4,1,3,2,4,2,1,2,0,,6,2,3,4,2,2,5,2,4,2,1,2,3,2,5,2,8,0,1,0,1,0,0,1,0,0,0,,1,2,4,2,1,2,,3,1,2,5,0,,2,2,2,2,2,2,2,3,2,2,4,2,0,,5,2,6,2,8,2,5,0,,8,2,3,4,2,4,3,1,,,2,2,2,,,,,,,,,,,,,,,,,,,,,,,,,,,,,,,,,,,,,,,,,,,,,,,,,,,,,,,,,,,,,0,0,0,0,0,0,0,0,0,0,0,0,0,0,0,0,0,0,0,0,0,0,,0,0,0,0,0,,,,,,,,,,,,,,,,,,,,,,,,0,0,0,0,0,0,0,0,0,0,0,0,0,0,0,0,0,0,0,0,0,0,0,0,0,0,0,0,0,0,1,6,4,2,0,0,0,0,0,0,0,0,0,0,0,0,0,0,0,1,1,86,175.8,27.82663617,2,4,2
02ADL0076,160,1963,5/8/2017 7:55,5/8/2017,2,2,0,,0,,1,1,1,1,1,1,1,1,1,0,,,1,1,1,0,,1,1,1,1,1,1,0,,,,0,,,,0,,,,1,9,9,2,1,1,5,1,1,1,1,1,7,7,2,1,0,,,,,,,,,1,1,4,2,2,2,1,2,2,2,1,4,3,2,4,3,1,2,1,3,1,5,2,2,1,3,1,2,1,7,3,3,1,5,1,3,2,2,6,2,5,3,0,,1,2,0,,4,3,5,2,1,3,1,1,3,2,0,,0,,0,,0,,2,2,0,,0,0,0,0,0,0,0,0,0,0,0,0,0,0,0,0,0,0,,,1,1,1,2,2,1,5,2,3,6,2,1,2,3,3,0,,1,2,1,,1,5,2,1,,0,,4,2,0,,1,2,1,2,4,2,1,1,2,6,2,5,1,2,1,1,1,5,2,0,,1,2,0,,1,2,2,4,3,1,1,1,1,1,1,1,,3,2,2,5,2,1,1,1,1,2,4,1,5,3,1,,2,2,2,2,0,,2,2,0,,,0,,,1,2,5,5,5,2,0,,,,0,,,0,,0,,,0,,0,,0,,,1,2,1,2,1,2,2,2,2,5,3,1,1,1,1,0,,0,,2,3,1,0,,,3,3,1,3,1,2,1,2,1,2,4,0,0,0,0,0,0,1,0,0,0,,1,1,1,1,2,1,2,3,2,2,5,7,3,1,2,1,3,3,3,1,0,,,5,2,2,2,6,2,0,,5,1,3,0,,7,3,1,1,2,1,2,1,2,2,2,2,2,2,2,2,1,3,1,2,5,2,1,1,1,1,2,3,2,1,1,5,3,2,4,2,1,1,3,1,2,4,1,3,2,1,,,1,5,3,3,5,3,2,3,1,2,2,0,,1,1,1,1,0,,0,,1,1,5,6,0,0,0,0,0,0,0,0,0,0,0,0,0,0,1,0,0,0,0,1,0,0,0,0,0,0,0,0,1,5,3,4,1,0,,,,0,,,,,,0,,0,,,0,,,0,0,0,0,0,0,0,0,0,0,0,0,0,0,0,0,1,0,0,0,0,0,0,0,0,0,0,0,0,0,3,,4,2,0,0,0,0,0,0,0,0,0,0,0,0,0,0,0,0,1,74.2,165.3,27.15552467,2,1,2
02ADL0077,161,1969,5/8/2017 9:50,5/8/2017,4,1,0,,1,2,2,2,2,2,2,2,4,2,5,5,2,2,1,2,3,1,2,1,3,3,2,1,3,1,3,4,2,1,1,1,1,1,1,1,2,1,8,8,2,3,2,2,0,,3,2,1,4,4,2,5,7,2,2,1,3,2,1,2,2,1,1,2,2,1,3,4,2,1,1,1,1,1,2,4,1,0,,,,1,2,1,2,1,1,1,1,1,8,4,3,0,,,,2,2,3,2,1,1,1,1,1,1,1,1,1,2,5,2,4,2,1,1,6,2,1,1,0,,3,2,0,,1,2,4,1,2,1,1,0,1,0,1,1,0,0,1,0,1,0,0,1,0,0,1,2,1,2,1,1,1,1,7,3,4,7,2,0,,4,2,4,2,4,2,1,1,2,5,2,1,1,4,3,4,1,0,,2,3,4,3,2,2,2,3,2,6,2,2,2,2,2,3,2,5,3,2,2,6,2,2,2,3,2,4,2,2,4,2,2,2,2,2,1,1,4,2,3,5,2,1,2,2,4,1,3,2,2,2,1,1,4,2,5,2,1,3,4,3,4,3,3,3,2,2,0,,,,0,,4,,3,3,3,2,3,2,2,4,3,1,2,3,2,2,1,3,3,2,2,2,2,4,3,4,3,3,3,3,1,3,2,3,4,1,0,,4,3,3,4,3,2,3,3,3,3,2,3,2,2,2,3,2,0,1,0,0,0,0,1,0,0,1,2,1,2,1,3,2,2,3,4,4,2,5,2,2,0,,2,2,5,2,3,5,2,2,4,2,2,2,2,3,5,3,1,2,3,0,,4,2,3,2,2,2,2,2,2,1,4,3,3,3,1,2,0,,1,1,3,3,1,1,2,2,2,2,6,2,1,5,2,1,4,1,0,,,,1,4,1,4,1,2,2,2,1,5,2,4,1,,1,,,1,1,1,5,1,3,1,3,1,3,0,,1,3,3,3,0,0,0,0,0,0,0,1,0,0,1,0,0,0,1,0,0,0,0,0,0,0,0,0,0,0,0,0,1,3,2,4,1,1,1,3,2,0,,,,,,0,,2,2,3,0,,,0,0,0,0,0,0,0,0,0,0,0,0,0,0,0,0,0,0,0,0,0,0,0,0,0,0,0,0,0,0,1,4,5,2,0,0,0,0,0,0,0,0,0,0,0,0,0,0,0,1,1,77.5,180.6,23.76108186,1,4,2
02ADL0078,162,1939,5/9/2017 8:43,5/9/2017,6,1,0,,1,1,2,2,0,1,1,1,3,1,4,6,1,2,3,2,5,0,,1,2,1,1,5,3,0,,,,0,,,,1,6,6,3,1,6,6,2,5,1,5,0,,3,3,1,5,5,2,4,7,2,2,4,2,2,1,2,2,1,1,0,,1,1,1,2,0,,0,,,,1,2,1,1,0,2,1,1,0,2,1,7,1,3,0,,,,0,,,,1,2,1,2,4,2,2,2,2,1,1,2,0,,2,2,2,1,1,5,1,2,2,2,1,2,1,2,0,,1,2,5,2,2,0,0,0,1,0,0,0,0,0,0,0,0,0,0,0,0,0,,,1,1,1,6,3,3,7,2,3,7,2,1,1,4,1,5,2,4,2,2,2,2,1,1,2,1,4,1,6,2,0,,1,2,4,2,3,2,2,7,2,3,2,3,2,2,3,3,3,4,2,1,1,2,1,2,2,1,2,3,2,2,1,1,2,2,3,3,1,1,2,2,1,1,,1,1,1,0,,,,,,,,2,1,1,1,1,2,0,,1,2,5,0,,,1,1,2,2,0,,1,1,2,2,1,2,2,1,1,1,2,2,1,1,1,2,3,2,2,1,1,0,,1,1,1,3,2,1,2,1,1,3,2,4,2,0,,5,2,3,3,2,5,4,1,2,1,1,2,1,1,1,1,1,0,0,0,1,0,0,1,0,0,0,,1,3,3,2,2,2,2,1,4,2,5,5,1,3,2,5,2,0,,,1,1,2,0,,0,,0,,1,1,0,,,0,,1,1,5,0,,5,2,5,5,2,5,2,5,2,0,,0,,3,2,4,1,1,2,6,1,0,,6,2,1,5,5,2,6,1,6,,5,2,0,,1,5,2,3,2,3,1,4,2,1,3,1,5,1,2,0,,1,2,0,,0,,1,2,0,,1,5,5,5,0,0,0,0,0,0,0,0,1,0,0,0,1,1,1,0,0,0,0,0,0,0,0,0,0,0,0,0,1,5,2,3,0,,,,,,,,,,,,,,,,,,,0,0,0,0,0,0,0,0,0,0,0,0,0,0,0,0,0,0,0,0,0,0,0,0,0,0,0,0,0,0,2,8,5,2,0,0,0,0,0,0,0,0,0,0,0,0,0,0,0,1,2,92.3,176.6,29.59513344,2,4,2
02ADL0079,165,,5/10/2017 7:35,5/10/2017,7,1,0,,1,1,5,2,0,3,2,1,5,2,1,0,,,1,1,1,0,,1,7,7,2,1,1,1,7,7,2,1,2,2,1,0,,,,1,7,7,2,5,4,4,1,1,3,2,0,,,,,0,,,,,,,,,0,,3,2,0,,3,2,0,,0,,,,3,2,1,3,3,1,0,,,,1,3,3,1,1,4,4,2,0,,,,3,1,3,1,4,,0,,0,,0,,0,,4,2,4,,1,6,6,1,0,,0,,0,,0,,0,,7,2,4,1,1,0,0,0,0,1,0,0,4,0,1,0,1,1,0,0,2,2,0,,1,6,4,1,6,1,2,7,1,3,2,7,2,4,2,4,2,1,1,3,3,2,3,2,4,2,7,3,7,2,7,2,4,2,7,2,3,4,2,8,2,4,4,2,4,4,3,3,2,3,2,7,2,4,2,4,2,5,1,5,0,,,,,,,,7,2,5,5,2,2,,1,7,2,5,2,2,2,1,1,7,2,3,1,4,2,7,2,7,2,1,5,2,1,8,2,4,1,0,,8,2,2,2,5,2,4,7,2,5,2,3,3,2,4,2,4,2,4,4,2,3,2,4,1,7,2,4,4,4,0,,0,,8,2,0,,4,2,4,0,,,7,2,7,2,7,2,7,2,0,,8,1,1,0,0,0,0,1,1,0,0,,1,0,0,1,1,1,3,3,6,2,3,5,2,7,2,7,2,8,2,1,6,2,3,4,2,0,,6,2,0,,4,2,1,0,,7,2,1,0,,1,2,1,6,2,4,2,6,2,0,,0,,1,1,2,2,2,2,7,2,8,2,4,2,3,3,5,5,2,2,6,1,1,1,0,,1,2,2,1,,,,,,,,,,,,7,2,0,,1,5,1,5,0,,0,,1,1,1,9,0,0,1,0,0,0,0,0,0,0,0,0,0,0,1,0,1,0,0,0,0,0,0,0,0,0,0,0,0,,,,0,,,,,,,,,,,,,,,,,,,0,0,0,0,0,0,0,0,0,0,0,0,0,0,0,0,0,0,0,0,0,0,0,0,0,0,0,0,0,0,2,6,5,2,0,0,0,0,0,0,0,0,0,0,0,0,0,0,0,1,0,92.7,185.9,26.82384029,2,1,2
02ADL0080,167,1950,5/11/2017 10:43,5/11/2017,11,2,0,,0,,7,2,0,5,2,1,,,,3,2,3,0,,,0,,1,2,2,1,1,3,1,4,4,1,0,,,,0,,,,1,7,7,2,1,1,5,1,2,0,,1,7,7,2,1,4,2,1,1,5,1,1,3,1,0,,7,2,1,2,8,2,0,,1,6,6,2,7,2,1,6,1,2,1,4,1,2,1,1,1,2,1,7,7,2,0,,,,0,,1,2,7,2,7,2,,,2,2,3,2,6,2,3,2,1,4,2,2,4,2,0,,0,,0,,0,,7,2,4,0,0,0,1,0,0,0,0,0,0,0,0,0,0,0,0,0,,,4,2,1,6,6,2,6,2,4,6,2,2,2,1,1,2,2,2,2,1,2,1,5,2,1,1,2,2,1,2,1,2,1,2,0,,4,2,1,8,2,6,2,1,1,2,1,5,3,5,2,0,,1,2,1,2,2,2,,,,2,5,2,1,1,1,3,2,3,2,1,1,1,1,1,1,0,,,,,,,,2,2,4,2,0,,2,2,0,,,3,2,1,1,2,5,5,1,2,1,,2,1,0,,,2,2,0,,,0,,0,,1,2,5,1,1,1,2,4,2,6,2,1,3,1,1,2,4,2,5,2,0,,2,2,,4,2,3,1,2,2,2,2,2,1,2,2,2,3,0,0,0,1,0,0,0,0,0,0,,1,4,1,2,1,2,3,2,1,2,5,1,2,5,2,0,,4,2,5,2,2,1,0,,1,2,,,0,,8,2,5,0,,0,,,0,,7,2,4,2,2,5,2,1,2,0,,0,,1,2,4,1,2,1,3,2,4,2,4,1,1,5,5,2,0,,1,3,1,1,2,3,1,2,2,1,,,0,,,,,,,,,0,,0,,1,4,1,4,1,5,0,,1,4,4,6,0,0,0,0,0,0,0,0,0,0,1,0,0,0,0,0,0,0,0,0,0,0,0,0,0,0,0,0,0,,,,1,1,2,1,1,0,,,,,,0,,0,,,0,,,0,0,0,0,0,0,0,0,0,0,1,0,0,0,0,0,0,0,0,0,0,0,0,0,0,0,0,0,0,0,2,1,4,2,0,0,0,0,0,0,0,0,0,0,0,0,0,0,0,0,2,67.3,162.6,25.4550516,2,1,2
02ADL0081,168,1955,5/12/2017 7:43,5/12/2017,1,1,0,,0,,1,2,5,1,2,5,1,2,1,0,,,0,,,0,,1,2,2,2,1,1,0,,,,0,,,,1,3,3,3,1,8,8,2,1,1,5,3,2,0,,1,1,1,2,5,0,,,,,,,,,0,,1,2,1,2,2,2,0,,1,2,2,2,1,1,1,1,1,2,1,4,0,3,0,,,,1,2,0,2,0,,,,0,,0,,4,3,0,,0,,3,3,0,,4,3,4,3,1,4,4,2,1,2,0,,0,,0,,2,3,0,,4,1,0,0,0,0,0,1,0,0,0,0,0,0,0,0,0,0,,,1,1,1,4,4,2,4,3,2,4,2,4,3,4,2,3,3,2,2,1,1,5,1,3,1,1,0,,4,2,1,3,1,2,1,2,4,2,5,1,2,2,2,5,3,2,5,1,3,5,3,1,3,3,3,2,3,2,3,,,,1,2,2,5,1,3,1,1,4,2,5,2,1,1,1,1,2,2,5,3,1,3,1,1,4,2,1,2,2,3,1,2,1,2,1,1,2,1,0,,,,1,2,4,2,2,3,2,2,5,2,3,3,2,1,2,3,2,2,2,3,5,3,2,1,3,2,3,7,2,2,3,5,1,3,2,2,1,2,0,,2,2,1,4,1,1,3,3,1,3,1,2,3,3,1,3,4,1,0,0,0,0,0,1,0,0,1,1,1,1,1,2,1,1,2,2,3,3,5,3,2,3,3,4,2,0,,,1,1,1,2,2,2,2,4,3,1,2,0,,,0,,3,2,1,0,,1,2,1,1,2,2,2,2,2,2,2,1,2,1,3,1,1,5,1,1,2,1,2,4,2,1,5,5,2,0,,2,1,5,1,4,1,1,5,2,1,,,0,,,,,,,,,1,2,1,1,1,1,0,,0,,0,,,,2,2,0,0,0,0,1,0,0,0,0,0,0,0,0,1,1,0,0,0,0,0,0,0,0,0,0,0,0,0,0,,,,0,,,,,,,,,,,,,,,,,,,0,0,0,0,0,0,0,0,0,0,0,0,0,0,0,0,0,0,0,0,0,0,0,0,0,0,0,0,0,0,2,6,6,2,0,0,0,0,0,0,0,0,0,0,0,0,0,0,0,1,2,99.3,181.1,30.27696563,3,1,2
02ADL0082,171,1996,5/15/2017 9:16,5/15/2017,3,1,0,,0,,1,2,0,1,2,1,0,,,4,2,4,0,,,5,2,1,2,2,3,1,1,1,1,1,2,1,2,2,3,1,4,4,3,1,9,9,2,4,1,2,1,3,2,3,1,9,9,2,1,0,,,,,,,,,4,2,3,2,1,2,6,2,0,,0,,,,1,2,1,1,0,3,0,,,,1,3,3,2,0,,,,0,,,,2,3,1,2,6,2,3,2,0,,1,3,1,1,0,,0,,1,1,1,1,5,2,0,,0,,0,,7,2,6,3,0,0,0,0,0,0,0,0,0,0,0,0,0,0,0,0,0,0,,,0,,0,,,,5,3,2,5,1,1,1,5,3,0,,1,2,1,1,1,1,1,2,2,1,2,3,1,0,,1,2,1,3,4,2,1,3,2,5,1,1,1,3,3,1,2,2,1,1,1,1,1,0,,1,1,4,2,1,0,,,,,,,,6,2,1,2,1,1,1,1,0,,,,,,,,1,1,6,3,2,3,1,3,1,3,5,1,2,3,4,3,5,1,1,3,3,,3,5,4,3,5,2,3,2,2,5,1,2,3,3,2,3,3,2,2,1,3,2,2,6,2,2,3,3,1,2,4,2,1,1,0,,4,3,2,4,3,3,2,3,2,3,2,3,1,3,3,3,7,0,0,0,1,0,0,1,0,0,1,2,1,3,3,2,2,2,1,3,4,3,4,1,2,1,2,1,2,3,3,1,3,2,3,1,3,1,2,2,1,3,2,0,,,0,,4,2,2,1,3,1,3,3,1,3,1,3,1,2,0,,0,,0,,,,,,2,2,0,,9,3,3,3,2,1,3,1,0,,,,0,,0,,,,,,0,,,,,,,,,0,,1,4,1,1,1,1,0,,0,,1,2,3,2,1,0,0,0,0,0,0,0,0,0,0,0,0,0,0,0,0,0,0,0,0,0,0,0,0,0,0,0,1,5,2,1,1,0,,,,0,,,,,,0,,1,6,1,0,,,0,0,1,0,0,0,0,0,0,0,0,0,0,0,0,0,0,1,0,0,0,0,0,0,0,0,0,0,0,0,1,7,4,2,0,0,0,0,0,0,0,0,0,0,0,0,0,0,0,1,0,77.3,178.6,24.23352465,1,4,2
02ADL0083,172,1945,5/15/2017 9:35,5/15/2017,2,2,3,2,2,1,0,,,2,1,3,0,,,0,,,0,,,0,,1,0,0,,,,1,0,0,,0,,,,0,,,,1,9,9,3,5,1,1,0,,0,,1,8,8,1,1,1,1,5,2,2,1,1,7,1,0,,4,2,3,2,4,2,7,2,1,6,3,1,7,1,1,6,3,1,1,4,0,1,1,5,3,1,1,3,3,2,0,,,,3,1,3,1,3,2,2,2,3,1,1,1,1,1,2,2,2,1,1,3,3,1,1,1,1,1,1,1,1,1,6,1,5,1,9,0,0,0,1,0,0,0,0,0,0,0,0,0,0,0,0,0,,,4,1,1,4,4,1,4,2,5,7,1,5,1,1,1,1,1,1,1,1,1,2,2,1,1,1,1,2,1,1,1,1,0,,0,,4,2,2,7,1,7,1,1,0,,,,,,,1,1,0,,1,1,2,1,,,,0,,,,,,,,5,2,1,2,1,1,1,1,1,1,1,1,1,1,1,1,5,1,6,2,0,,0,,0,,,0,,,5,1,5,3,4,2,3,1,2,1,3,2,5,4,1,0,,,0,,0,,1,1,5,0,,0,,3,1,2,1,1,5,3,1,1,0,,0,,1,1,0,,,1,1,5,3,2,3,2,3,1,0,,3,1,9,0,0,0,1,0,1,0,0,0,0,,1,1,4,2,5,1,5,2,3,2,1,4,2,3,2,5,2,3,1,1,1,1,5,1,1,0,,7,1,0,,7,2,5,0,,4,1,5,4,1,4,1,3,0,,7,2,0,,0,,0,,1,1,5,1,5,5,1,1,0,,3,1,1,5,4,2,6,1,0,,,,1,5,1,5,2,1,,,1,5,1,4,1,,1,,,0,,0,,1,2,1,5,0,,,,1,5,6,5,0,0,0,0,0,0,0,0,0,0,0,0,0,0,0,0,0,0,0,0,0,1,0,0,0,0,0,0,1,5,3,2,1,0,,,,5,4,1,2,3,2,0,,2,2,2,0,,,0,0,0,0,0,1,0,0,0,0,0,0,0,0,0,0,0,0,0,0,0,0,0,0,0,0,0,0,0,0,1,5,5,2,0,0,0,0,0,0,0,0,0,0,0,0,0,0,0,0,2,68.6,155.9,28.22486578,2,1,2
02ADL0084,173,1954,5/16/2017 9:34,5/16/2017,12,2,0,,1,1,2,2,2,2,2,2,3,2,1,4,2,2,0,,,0,,1,2,3,2,1,1,0,,,,0,,,,0,,,,1,7,7,2,2,1,2,0,,0,,1,6,7,2,5,4,1,1,1,2,2,1,2,2,4,2,5,1,0,,7,2,1,2,1,4,5,2,5,2,1,1,3,2,1,1,3,3,1,4,1,2,0,,,,0,,,,3,2,3,2,5,2,0,,1,2,3,2,1,1,1,1,1,1,1,3,1,1,1,2,1,2,1,1,0,,1,1,0,,1,1,0,1,1,0,1,0,0,0,0,0,0,0,0,0,0,0,,,0,,1,4,4,2,4,2,5,4,2,1,1,1,1,1,1,1,1,2,1,5,1,1,5,1,1,2,0,,0,,1,1,1,2,2,2,5,0,,0,,,1,2,5,1,2,5,2,1,1,1,1,0,,1,1,5,1,5,1,1,2,1,1,1,5,1,1,2,5,5,1,1,1,1,1,2,5,2,1,2,1,1,1,1,1,2,1,2,1,2,1,2,1,1,2,1,1,1,5,5,1,1,1,1,2,5,1,2,5,1,2,1,2,5,1,1,1,2,1,1,5,1,1,0,,1,1,2,2,3,2,5,1,1,1,2,,,1,2,2,2,1,1,2,1,1,2,1,2,1,1,1,2,1,2,1,1,0,0,1,0,1,0,0,0,0,,1,3,1,2,1,1,5,5,1,2,5,1,2,4,2,1,2,1,1,3,1,1,1,1,1,1,1,1,1,0,,1,2,5,0,,2,2,1,0,,1,2,1,2,2,2,2,1,2,1,2,1,2,1,2,1,5,1,1,1,2,7,2,2,1,1,5,2,2,7,2,4,1,5,2,0,,1,5,2,5,2,2,1,5,1,1,1,,1,,,0,,1,1,1,1,1,1,1,1,0,,1,5,3,3,0,0,0,0,0,0,0,1,0,1,1,0,0,0,1,0,0,0,0,1,0,0,0,0,0,0,0,0,0,,,,0,,,,,,,,,,,,,,,,,,,0,0,0,0,0,0,0,0,0,0,0,0,0,0,0,0,0,0,0,0,0,0,0,0,0,0,0,0,0,0,3,,7,2,0,0,0,0,0,0,0,0,0,0,0,0,0,0,0,0,2,82.9,151.3,36.21401478,3,1,2
02ADL0085,174,1955,5/16/2017 9:47,5/16/2017,12,1,0,,1,1,1,1,3,1,1,1,0,,,2,1,3,0,,,0,,1,4,4,2,5,2,0,,,,0,,,,1,3,3,2,1,7,7,1,3,1,1,1,2,3,2,1,1,1,2,1,1,1,3,2,2,1,1,3,1,0,,5,1,2,2,7,2,6,2,1,5,3,2,6,2,1,4,1,1,1,5,1,3,1,4,1,2,1,5,1,2,0,,,,2,3,6,2,1,2,4,2,2,,2,3,4,2,3,2,2,,1,2,1,2,4,2,3,2,2,2,2,2,5,2,5,1,5,0,1,0,1,1,1,1,1,0,4,0,1,0,0,0,0,0,1,,2,2,1,6,4,2,7,3,5,7,1,2,2,2,2,2,2,3,2,2,2,3,3,1,2,2,4,2,2,2,2,2,1,2,1,3,1,2,1,2,2,4,2,2,1,2,3,3,2,5,2,1,2,1,2,1,2,3,2,4,1,2,1,3,2,2,2,2,2,1,5,2,2,2,1,1,2,2,2,1,2,2,2,2,1,1,1,1,3,3,2,2,1,2,4,2,2,1,2,2,1,2,3,2,1,2,1,2,2,5,1,2,2,2,2,1,2,2,1,2,1,2,1,2,2,1,,2,2,2,2,4,3,2,3,3,1,3,2,2,2,2,1,2,2,2,3,3,2,,1,3,2,3,5,2,2,2,1,2,5,0,1,0,1,0,1,1,1,0,1,2,1,2,3,2,2,2,2,2,1,2,3,3,2,1,2,1,2,2,2,1,2,2,,2,2,1,2,9,2,1,2,9,2,5,1,2,4,2,2,1,,3,2,4,3,2,3,2,1,2,1,2,1,2,1,2,2,2,2,3,2,2,3,2,2,2,1,5,5,1,8,1,6,1,5,2,1,1,1,1,1,5,3,2,1,1,2,1,1,,5,2,3,1,1,1,5,1,3,1,3,1,3,1,3,1,3,5,5,0,0,0,0,0,0,0,1,0,0,0,0,1,0,0,0,0,1,0,0,0,0,0,0,0,0,0,0,0,,,,0,,,,,,,,,,,,,,,,,,,0,0,0,0,0,0,0,0,0,0,0,0,0,0,0,0,0,0,0,0,0,0,0,0,0,0,0,0,0,0,1,5,4,2,0,0,0,0,0,0,0,0,0,0,0,0,0,0,0,1,2,92.2,175.8,29.8327425,2,4,2
02ADL0086,175,1953,5/17/2017 9:09,5/17/2017,2,2,0,,3,2,3,2,5,4,2,5,3,1,1,3,2,2,0,,,4,1,1,2,2,2,1,1,0,,,,0,,,,0,,,,1,9,9,3,1,1,5,2,2,2,2,1,4,2,2,3,2,1,5,5,,1,1,2,1,0,,6,2,1,2,2,2,2,2,1,2,2,2,2,2,1,2,2,2,1,1,2,2,0,,,,1,2,2,2,0,,,,2,1,1,2,8,2,2,2,1,2,1,2,2,2,2,2,2,2,1,1,2,2,2,2,1,2,0,,0,,2,2,2,2,2,1,0,0,0,0,0,0,0,0,2,0,0,0,1,0,0,0,1,2,2,2,1,1,1,2,2,2,5,2,2,1,2,1,2,1,2,1,2,1,2,3,3,2,1,1,1,1,1,1,0,,1,2,1,2,1,2,1,2,2,2,2,1,0,,,,,,,0,,1,2,0,,1,2,3,1,1,0,,,,,,,,1,2,1,2,2,2,2,2,0,,,,,,,,0,,1,2,0,,0,,1,2,2,0,,,1,2,5,5,1,1,0,,,,1,1,3,1,2,1,2,2,1,2,1,2,0,,,1,2,1,2,1,2,1,,2,5,1,1,2,1,2,1,2,0,,1,2,2,1,2,2,1,2,1,2,1,2,1,2,0,,1,0,0,0,1,0,0,0,0,0,0,,1,1,1,2,1,1,5,1,1,2,2,1,2,1,2,1,2,1,2,2,1,2,2,1,2,0,,1,2,0,,1,2,5,0,,1,2,2,1,2,1,2,2,1,2,1,2,1,2,0,,0,,0,,,,,,0,,1,2,2,2,1,5,5,3,7,3,1,3,3,1,2,3,1,5,2,3,4,3,1,5,2,1,1,,1,,,0,,1,5,1,5,1,1,1,1,1,1,1,5,4,4,0,0,0,0,0,0,0,0,0,0,0,0,0,0,0,0,0,0,0,0,0,1,0,0,0,0,0,0,1,5,2,4,1,1,1,2,4,5,2,2,2,1,3,0,,2,1,2,0,,,0,1,0,0,0,0,0,0,0,0,0,0,0,0,0,0,0,0,0,0,0,0,0,0,0,0,0,0,0,1,2,3,5,2,0,0,0,0,0,0,0,0,0,0,0,0,0,0,0,0,2,89.5,159.4,35.22462686,3,1,2
02ADL0087,176,1958,5/17/2017 10:31,5/17/2017,12,1,0,,0,,3,3,0,0,,,0,,,0,,,0,,,5,3,1,2,2,1,4,1,0,,,,0,,,,1,3,3,2,1,9,9,2,1,1,5,5,2,1,2,1,4,4,2,5,0,,,,,,,,,0,,9,2,1,2,4,2,7,2,1,6,5,2,1,2,1,7,5,3,1,7,1,3,1,8,7,3,1,6,0,2,1,7,7,3,1,2,8,3,6,3,8,3,5,3,6,3,7,2,6,3,1,3,1,5,3,2,6,2,4,2,5,1,5,3,1,2,7,3,7,0,0,0,1,0,0,0,0,0,0,0,0,0,0,0,0,0,,,6,2,0,,,,7,3,5,7,2,5,,4,2,1,2,6,3,5,2,5,5,2,5,2,7,2,6,2,1,3,4,3,5,2,5,3,1,7,,6,2,3,0,,,,,,,4,3,1,,1,2,0,,,,,0,,,,,,,,4,2,1,5,2,1,1,1,1,,1,,2,2,2,2,5,2,7,2,4,2,4,2,3,2,5,0,,,3,3,5,1,4,2,1,1,2,3,4,2,5,5,2,1,2,1,0,,1,3,6,,3,4,2,0,,4,2,7,3,1,5,1,1,3,4,2,1,3,0,,4,3,1,1,2,3,2,,4,3,1,2,0,,1,2,7,0,0,0,1,0,0,0,0,0,1,2,1,6,1,3,4,2,2,2,4,2,5,1,2,1,2,1,2,4,2,2,4,3,1,3,1,1,2,8,1,1,2,2,2,5,2,2,6,2,1,0,,0,,,1,2,1,2,1,2,1,2,1,2,1,3,5,1,2,2,9,2,7,3,4,3,1,5,2,2,7,1,1,3,1,1,7,1,1,3,2,3,4,2,0,,,,,,,,,0,,0,,1,1,1,1,1,1,1,3,1,5,8,6,1,0,0,0,0,0,0,0,0,0,0,0,0,0,0,0,0,0,0,0,0,0,0,0,0,0,0,0,0,,,,0,,,,,,,,,,,,,,,,,,,0,0,0,0,0,0,0,0,0,0,0,0,0,0,0,0,0,0,0,0,0,0,0,0,0,0,0,0,0,0,1,7,7,2,0,0,0,0,0,0,0,0,0,0,0,0,0,0,0,1,1,98.8,176.3,31.78720333,3,4,2
02ADL0088,177,1952,5/18/2017 9:06,5/18/2017,9,2,0,,1,2,4,1,5,3,1,5,0,,,4,2,2,0,,,4,2,1,4,3,2,1,1,0,,,,0,,,,1,1,1,2,1,8,8,1,2,1,5,1,1,0,,1,1,1,2,5,0,,,,,,,,,0,,4,2,0,,7,2,0,,1,8,2,1,7,2,1,2,1,1,1,2,0,1,1,7,1,2,1,2,1,2,0,,,,2,2,0,,0,,0,,1,1,0,,9,1,4,1,2,2,1,0,4,1,0,,0,,0,,0,,2,1,8,1,0,0,0,0,0,0,0,0,0,0,7,1,0,0,0,0,0,0,2,1,7,1,1,8,9,2,9,2,2,9,2,0,,4,1,3,2,5,2,1,1,5,5,,1,1,3,2,6,2,1,1,0,,3,2,4,2,1,0,,5,2,1,0,,,,,,,3,2,4,1,0,,0,,,,,0,,,,,,,,7,2,4,5,2,1,1,1,5,1,5,5,1,3,1,1,0,,4,2,3,2,0,,4,2,1,1,2,1,1,1,5,5,0,,5,1,2,3,2,2,5,3,1,2,2,1,3,2,3,1,1,2,5,0,,0,,4,1,6,2,3,5,1,0,,0,,1,1,0,,1,2,5,1,2,5,4,2,1,2,1,1,0,,0,,5,1,0,0,0,1,0,1,0,0,0,,1,6,3,2,1,4,2,1,4,2,5,7,2,2,2,10,2,6,1,4,2,2,1,3,2,6,2,2,2,0,,0,,,0,,8,2,1,0,,2,2,3,3,2,7,2,3,2,0,,0,,1,2,1,3,1,3,7,1,1,2,1,1,1,5,5,1,0,,6,1,5,1,0,,0,,,,,,0,,,,,,,,,0,,1,5,1,5,1,2,0,,0,,1,1,2,4,0,0,0,0,0,0,0,0,0,0,0,0,0,0,1,0,0,0,0,0,0,0,0,0,0,0,0,0,0,,,,0,,,,,,,,,,,,,,,,,,,0,0,0,0,0,0,0,0,0,0,0,0,0,0,0,0,0,0,0,0,0,0,0,0,0,0,0,0,0,0,3,5,3,2,0,0,0,0,0,0,0,0,0,0,0,0,0,0,0,0,0,60.5,174.4,19.89126547,1,1,2
02ADL0089,178,1987,5/18/2017 9:42,5/18/2017,10,2,0,,0,,3,1,5,2,2,1,2,1,1,1,1,1,0,,,0,,1,2,2,2,1,1,1,3,3,1,1,1,1,2,0,,,,1,7,7,1,2,1,4,1,1,1,1,1,4,4,1,5,6,2,1,1,1,5,1,1,1,0,,2,2,0,,3,2,0,,1,1,1,2,6,2,0,,,,0,,,,1,1,1,2,0,,,,0,,,,2,2,1,1,1,2,4,2,0,,0,,1,3,4,3,0,,1,4,4,3,1,1,0,,4,1,0,,1,2,5,3,7,0,1,0,1,0,1,1,0,0,4,0,0,0,1,0,0,0,,2,4,2,1,5,5,2,6,2,2,6,2,1,1,5,2,1,1,5,2,1,,1,4,2,2,3,1,2,5,2,1,2,1,1,2,2,1,1,2,2,2,5,1,2,4,2,1,5,3,5,3,1,1,1,2,0,,4,2,5,1,2,0,,,,,,,,4,2,,2,2,1,1,1,3,1,4,1,3,2,1,,0,,3,2,1,2,3,2,4,2,1,0,,,1,1,5,5,0,,4,2,2,5,1,2,3,3,2,2,2,1,2,2,1,2,3,3,1,1,2,0,,5,1,6,2,2,3,3,1,2,3,,4,1,0,,6,2,2,4,2,1,1,3,3,2,3,2,0,,5,2,7,0,1,0,1,0,1,1,0,0,0,,1,2,1,2,1,2,3,2,6,2,5,1,2,0,,4,2,1,2,,1,2,1,1,1,1,2,0,,0,,7,2,5,0,,6,2,1,0,,1,2,1,1,2,6,2,1,2,0,,0,,1,1,1,2,4,1,1,2,1,1,8,3,1,5,5,1,1,1,2,1,5,2,0,,0,,,,,,1,1,,,5,1,1,,,1,2,0,,1,1,1,1,0,,0,,1,4,3,3,0,0,0,0,0,0,0,0,0,0,0,0,0,0,0,0,0,0,0,0,0,1,0,0,0,0,0,0,0,,,,0,,,,,,,,,,,,,,,,,,,0,0,0,0,0,0,0,0,0,0,0,0,0,0,0,0,0,0,0,0,0,0,0,0,0,0,0,0,0,0,1,5,7,2,0,0,0,0,0,0,0,0,0,0,0,0,0,0,0,0,2,88.6,172.3,29.84442164,2,4,2
02ADL0090,179,1952,5/19/2017 10:10,5/19/2017,10,2,0,,0,,0,,,1,1,1,1,2,4,0,,,0,,,7,2,1,7,7,2,5,5,0,,,,,,,,1,1,0,1,1,9,9,1,5,1,1,1,1,1,1,1,2,2,1,5,0,,,,,,,,,1,1,6,2,1,2,9,2,8,1,1,1,1,2,2,2,1,1,3,1,1,2,2,2,1,2,3,1,1,10,1,2,0,,,,2,2,2,2,5,2,7,3,3,2,1,2,5,3,1,1,1,2,1,1,1,1,4,2,5,3,1,2,2,3,3,2,6,2,2,0,0,0,1,0,1,0,1,0,2,1,0,0,0,0,0,0,1,1,5,3,1,9,6,3,7,3,5,7,1,4,2,1,2,1,2,1,2,1,1,5,,1,1,1,2,3,3,2,1,2,1,2,1,2,2,2,1,2,2,2,1,1,1,1,5,1,3,5,2,1,2,1,1,0,,1,2,1,2,3,0,,,,,,,,5,1,2,4,1,1,1,1,1,2,3,5,1,2,1,1,1,1,1,2,0,,0,,4,2,5,0,,,1,2,5,5,1,2,2,3,2,4,0,,,1,2,1,2,4,0,,0,,0,,,1,1,2,2,1,2,2,2,1,5,1,0,,1,2,1,1,1,2,1,2,5,2,1,5,0,,2,2,2,2,0,,1,2,0,0,0,0,0,0,0,0,0,0,2,2,1,1,2,2,1,1,5,1,1,2,1,2,2,1,2,0,,1,1,,1,1,1,2,2,0,,7,1,1,2,4,2,5,1,2,4,2,1,1,1,4,2,1,2,2,2,2,0,,,,0,,0,,,,,,1,2,2,2,6,2,1,5,3,1,1,2,1,5,1,,1,5,0,,,,,,1,3,2,3,2,2,1,,,0,,1,1,1,1,1,1,0,,0,,,,3,3,1,0,1,0,1,0,0,0,0,0,0,1,1,1,1,0,0,0,0,1,0,0,1,1,1,0,0,1,1,5,1,3,1,0,,,,3,4,2,2,2,3,0,,1,3,4,0,,,0,0,1,0,0,0,0,0,0,0,1,0,0,1,0,0,1,0,0,0,0,0,1,0,0,0,0,0,0,1,2,6,5,2,0,0,0,0,0,0,0,0,0,0,0,0,0,0,0,0,2,99,167.1,35.45539228,3,4,2
02ADL0091,180,1955,5/23/2017 10:18,5/23/2017,12,1,0,,0,,1,3,3,1,3,1,0,,,0,,,0,,,0,,0,,,,,,0,,,,0,,,,1,1,1,2,1,7,6,2,4,1,5,1,2,1,2,0,,,,,7,2,2,1,1,1,1,3,2,0,,9,2,0,,7,2,1,2,0,,,,7,2,1,6,5,2,1,6,5,2,1,9,9,3,1,6,4,2,0,,,,4,2,1,2,0,,7,3,1,2,0,,9,2,1,2,1,2,1,4,4,2,7,2,0,,0,,0,,0,,1,2,0,0,0,0,0,0,0,0,0,0,0,0,0,0,0,0,0,0,,,1,2,0,,,,2,3,3,4,2,0,,0,,1,3,0,,,,,,,,,2,3,1,2,0,,0,,1,2,3,3,1,1,2,0,,,1,2,1,1,1,5,2,0,,0,,1,3,1,3,5,1,1,0,,,,,,,,6,2,1,1,1,1,1,1,1,1,1,1,1,1,1,1,1,1,6,2,0,,1,2,1,2,2,0,,,4,3,5,1,0,,1,1,2,1,0,,,2,2,0,,,0,,1,3,1,2,3,1,2,1,2,1,3,1,3,1,5,2,0,,1,2,0,,0,,0,,,1,3,2,2,3,2,3,0,,0,,0,,1,0,0,0,0,0,0,0,0,1,0,,1,1,1,3,5,1,1,1,1,3,5,1,2,0,,1,2,1,3,1,1,3,1,4,3,1,2,9,3,4,2,9,2,3,0,,1,3,1,1,3,4,3,1,1,3,2,2,1,3,0,,0,,1,3,2,1,1,4,7,2,1,2,6,2,1,5,1,1,7,1,2,1,1,1,2,3,0,,,,,,0,,,,,,,,,0,,0,,0,,1,1,0,,0,,1,4,7,6,0,0,0,0,0,0,0,0,0,0,0,0,0,0,1,0,0,0,0,0,0,0,0,0,0,0,0,0,1,5,2,4,1,0,,,,0,,,,,,0,,0,,,0,,,0,0,0,0,0,0,0,0,0,0,1,0,0,0,0,0,1,0,0,0,0,0,1,0,1,0,0,0,0,1,2,2,6,2,0,0,0,0,0,0,0,0,0,0,0,0,0,0,0,1,2,106.3,178.3,33.43725199,3,4,2
02ADL0092,183,1953,5/26/2017 8:59,5/26/2017,9,2,0,,0,,2,2,4,2,2,1,1,1,2,2,2,2,0,,,0,,1,1,1,2,3,2,1,1,1,1,0,,,,0,,,,1,9,9,2,3,1,1,1,3,0,,1,7,7,2,2,4,2,1,1,5,1,1,2,2,0,,6,2,3,2,7,2,3,2,1,6,1,2,6,2,1,4,1,2,1,7,1,3,0,,,,1,7,4,2,1,3,0,3,3,2,2,2,4,2,4,2,0,,1,2,2,2,2,2,1,2,1,3,3,2,2,2,1,2,0,,0,,1,2,5,1,4,0,0,0,1,0,1,0,0,0,0,0,0,0,0,0,0,0,,,1,1,0,,,,7,3,5,7,2,4,2,4,2,3,2,4,2,1,2,3,3,2,3,1,0,,4,2,1,2,1,1,1,2,4,2,3,3,2,4,2,1,1,2,3,2,3,5,2,1,2,2,2,1,2,1,2,2,1,1,1,1,2,1,1,1,5,2,4,2,4,3,2,1,1,2,2,1,2,1,1,2,1,1,2,2,2,2,1,2,5,2,1,2,5,0,,,3,2,5,4,1,2,3,2,2,3,1,2,5,1,2,1,2,5,0,,1,2,3,2,5,1,2,3,2,3,2,4,2,3,4,3,1,2,3,2,0,,0,,3,2,2,4,2,3,3,2,3,2,0,,0,,0,,6,0,0,0,1,1,0,1,0,0,0,,1,4,3,2,1,1,5,2,2,2,5,2,2,1,2,2,2,4,2,2,3,2,1,5,2,1,2,7,2,0,,7,2,5,0,,4,2,2,3,2,3,2,3,5,2,5,2,4,2,0,,1,2,3,2,3,2,2,1,5,2,6,2,4,1,1,5,2,1,4,5,4,3,3,2,1,3,1,5,2,3,3,2,1,5,2,3,1,,1,,,0,,1,5,1,5,1,3,1,5,0,,1,5,2,6,0,0,0,0,1,0,0,0,0,0,0,0,0,0,0,0,0,0,0,0,0,0,0,0,0,0,0,0,0,,,,1,1,2,1,2,0,,,,,,0,,0,,,1,1,1,0,0,0,0,0,0,0,0,0,0,0,0,0,0,0,0,0,0,0,0,0,0,0,0,0,0,0,0,0,0,2,5,5,2,0,0,0,0,0,0,0,0,0,0,0,0,0,0,0,0,2,91.8,169.7,31.87711407,3,1,2
02ADL0093,184,1966,5/29/2017 9:10,5/29/2017,2,1,0,,0,,1,3,1,0,,,0,,,5,2,4,3,1,1,0,,0,,,,,,0,,,,0,,,,0,,,,1,8,8,1,5,1,1,0,,0,,1,5,5,2,5,1,1,1,1,3,1,1,4,1,0,,5,1,0,,6,2,3,2,1,4,1,1,4,1,1,1,1,1,1,1,1,1,1,1,1,1,1,4,4,1,0,,,,2,1,5,1,0,,6,1,4,1,0,,7,1,4,1,3,1,1,1,4,1,1,1,0,,0,,0,,0,,6,1,7,1,1,0,0,0,0,0,0,0,4,1,1,0,0,0,0,0,1,1,4,1,1,4,4,1,8,2,4,8,2,2,1,7,2,4,1,6,1,1,1,5,5,1,1,1,5,2,7,1,1,2,1,2,4,2,5,1,1,7,1,5,1,1,4,2,5,5,2,5,2,2,1,4,1,1,1,5,1,5,5,1,1,1,2,1,1,1,1,1,8,2,1,1,1,2,2,2,6,2,3,5,1,2,1,1,7,2,7,2,1,2,7,2,5,2,1,1,2,1,0,,,,0,,3,3,2,3,4,3,3,5,2,4,2,1,4,2,1,2,4,2,3,1,1,0,,2,1,6,2,2,5,2,1,2,2,2,4,1,0,,6,3,1,4,2,1,0,,0,,0,,5,2,0,,5,0,0,0,0,0,0,0,1,0,0,,1,1,2,2,1,2,2,2,1,2,5,6,2,4,2,5,2,3,2,1,4,2,1,1,1,0,,4,1,0,,2,2,2,0,,7,1,1,0,,4,2,1,5,1,5,2,5,2,5,2,1,1,3,1,2,3,1,2,3,1,1,1,5,2,1,5,3,1,7,1,6,4,5,1,1,4,1,5,2,1,,,1,1,1,1,2,1,5,1,2,4,1,1,2,,,1,1,0,,0,,1,3,3,3,0,0,0,0,0,0,0,0,0,0,0,0,0,0,0,0,0,0,0,0,0,1,0,0,0,0,0,0,0,,,,0,,,,,,,,,,,,,,,,,,,0,0,0,0,0,0,0,0,0,0,0,0,0,0,0,0,0,0,0,0,0,0,0,0,0,0,0,0,0,0,3,4,4,2,0,0,0,0,0,0,0,0,0,0,0,0,0,0,0,1,1,78.6,179.1,24.5036835,1,4,2
02ADL0094,,1982,,5/30/2017,11,2,0,,2,2,6,2,2,6,3,2,4,2,1,2,3,2,1,3,5,2,3,1,6,7,2,4,1,1,2,2,2,0,,,,1,2,2,2,1,9,9,2,2,1,1,1,2,1,2,1,7,5,2,4,1,3,1,1,3,3,1,2,3,0,,7,2,1,1,5,2,0,,1,,,,4,2,1,4,4,2,1,4,4,2,1,6,3,2,1,8,3,2,0,,,,6,2,1,2,0,,0,,1,2,0,,3,2,1,1,0,,0,,,,3,3,0,,0,,0,,2,2,3,1,4,0,0.5,0,0.5,0,0,0,0,0,2,0,0.5,0,0,0,0,0.5,1,2,1,2,1,1,1,1,4,3,4,4,3,0,,5,2,2,2,3,3,1,1,5,5,3,2,2,9,3,6,2,1,3,2,3,5,2,3,3,1,0,,4,2,2,2,3,3,3,3,5,3,3,3,4,3,1,2,5,2,4,2,3,3,5,2,1,1,1,4,3,7,2,3,5,2,1,2,3,4,2,2,3,3,3,1,1,3,2,4,3,1,2,2,2,0,,,0,,,3,3,5,5,8,3,4,3,2,1,1,2,3,2,2,1,2,2,0,,1,2,1,3,3,1,1,0,,1,2,3,2,2,5,3,1,2,2,3,2,2,0,,4,3,4,4,2,3,1,2,1,2,1,2,1,2,2,3,5,0,0.5,0,0.5,0,0,0,0,0,0,,0,,,,,,,,3,3,5,2,3,1,3,2,2,2,2,2,2,3,1,2,2,0,,3,2,1,2,8,2,5,0,,8,2,3,0,,1,3,2,3,3,3,3,3,3,2,2,1,3,1,3,2,2,2,2,6,3,4,2,5,3,2,4,2,1,6,1,7,1,5,2,1,5,1,5,2,5,3,3,1,5,2,4,1,,1,,,1,2,1,4,1,3,1,4,1,2,1,3,1,4,3,5,0,0,0,0,0,0,0,0.5,0,0,0,0,0,0,0,0,0,0,0,0,0,0,0,0,0,0,0,0,1,5,2,3,1,0,,,,0,,,,,,0,,0,,,0,,,0,0,0,0,0,0.5,0,0,0,0,0.5,0,0,0,0,0,0.5,0,0,0,0,0,0,0,0,0,0,0.5,0,0,1,4,4,2,0,0,0,0,0,0,0,0,0,0,0,0,0,0,0,0,0,92,163,34.62682073,3,4,1
02ADL0095,188,1953,5/31/2017 8:43,5/31/2017,11,2,0,,0,,1,1,5,0,,,0,,,0,,,0,,,0,,1,1,1,1,1,1,0,,,,0,,,,0,,,,1,9,9,1,5,1,2,2,1,0,,1,0,1,1,5,0,,,,,,,,,0,,0,,0,,1,2,0,,1,1,0,1,1,1,0,,,,1,0,0,,1,1,1,2,1,1,0,2,0,,,,0,,0,,0,,1,1,1,2,0,,1,2,4,1,1,2,0,,,,4,2,0,,3,2,1,2,0,,2,2,4,0,1,0,1,0,0,1,0,0,0,0,0,0,0,0,0,0,,,7,1,0,,,,7,2,1,1,1,1,2,1,1,0,,1,2,1,,1,2,2,1,2,1,2,1,2,0,,1,1,1,2,1,1,1,7,2,2,1,1,1,2,1,1,1,1,2,0,,0,,0,,0,,,,,0,,,,,,,,9,2,1,1,1,1,1,1,1,1,1,1,1,1,1,1,0,,9,1,,,0,,0,,,0,,,1,2,5,1,0,,2,1,2,5,0,,,1,2,1,2,1,1,1,1,3,0,,,1,1,7,2,2,2,2,2,1,5,1,0,,1,2,1,2,0,,1,2,1,0,,,1,3,1,2,6,3,0,,6,2,7,0,0,0,1,0,0,1,0,0,0,,1,1,1,1,1,1,1,5,1,2,5,4,2,1,2,1,2,1,2,1,1,1,1,1,2,0,,4,1,7,2,0,,,0,,,,,1,2,1,1,1,2,1,1,2,1,3,1,2,1,2,1,3,5,5,1,5,4,2,1,2,6,2,1,5,1,1,2,1,2,1,1,,7,1,0,,,,,,1,1,1,1,1,,5,1,2,0,,0,,1,1,0,,0,,1,1,1,1,6,1,1,0,0,0,0,0,0,0,0,0,0,0,0,0,0,0,0,0,0,0,0,0,0,0,0,0,0,0,1,5,2,4,1,0,,,,5,3,2,3,3,4,0,,5,2,4,5,5,4,0,0,0,0,0,1,0,0,0,0,0,1,0,0,0,0,1,1,0,0,0,0,1,0,0,0,0,0,0,0,1,,6,2,0,0,0,0,0,0,0,0,0,0,0,0,0,0,0,0,2,52.8,152.3,22.76324202,1,4,2
02ADL0096,189,1960,5/31/2017 8:56,5/31/2017,5,2,0,,0,,1,1,5,0,,,0,,,1,1,4,0,,,0,,1,1,0,1,5,1,0,,,,0,,,,0,,,,1,6,4,1,5,1,2,0,,0,,0,,,,,1,2,1,5,1,1,1,4,2,0,,6,2,0,,9,2,0,,1,1,1,2,7,3,1,4,2,2,1,1,1,2,1,1,1,3,1,4,3,2,0,,,,1,2,4,3,0,,4,3,0,,0,,2,2,5,3,0,,0,,,,7,3,7,3,4,2,0,,8,3,5,3,4,0,0,0,0,0,0,1,0,0,0,0,0,0,0,0,0,0,,,2,3,1,6,6,2,8,3,5,7,1,2,1,0,,0,,5,2,1,1,1,1,1,1,1,1,2,0,,1,2,2,2,1,2,7,3,4,6,3,1,2,1,0,,,,,,,1,1,0,,0,,1,2,2,2,2,8,5,2,1,1,1,1,1,1,1,1,2,1,1,1,1,5,1,5,1,1,1,1,1,1,2,0,,1,2,0,,0,,,0,,,2,2,5,5,3,2,0,,,,0,,,3,2,1,1,3,2,2,4,3,3,2,3,2,1,2,2,3,2,8,2,1,5,1,1,2,3,2,0,,0,,1,2,5,1,2,5,8,2,5,3,5,3,3,2,6,3,1,0,1,0,0,0,0,0,0,0,0,,1,5,4,2,5,2,3,1,2,2,5,4,2,1,1,3,2,1,1,5,1,1,2,8,2,6,2,3,1,2,2,5,2,5,0,,9,2,5,3,2,0,,,4,2,1,3,1,2,3,2,1,2,1,3,1,5,1,1,3,2,2,2,9,1,1,5,1,1,8,1,0,,,,0,,1,1,1,5,3,3,1,5,3,4,1,,1,,,2,2,1,5,1,5,1,5,0,,0,,1,5,7,7,0,0,0,0,0,0,0,0,0,0,0,0,0,0,0,0,0,0,0,0,0,1,0,0,0,0,0,0,1,2,2,4,1,0,,,,5,3,2,2,2,4,0,,5,2,1,5,4,4,1,1,1,0,1,1,0,0,0,1,1,1,0,0,0,0,1,0,0,0,0,0,0,0,0,0,0,0,0,0,1,4,4,2,0,0,0,0,0,0,0,0,0,0,0,0,0,0,0,0,1,75.2,177.4,23.89519668,1,4,2
02ADL0097,190,1993,6/1/2017 11:12,6/1/2017,5,1,0,,1,1,0,,,1,2,1,1,2,1,1,2,2,0,,,0,,1,2,2,3,1,1,1,2,2,2,0,,,,1,3,3,2,1,6,6,2,5,1,5,1,2,2,2,0,,,,,4,2,1,1,1,5,1,2,2,0,,2,2,2,2,2,2,1,1,0,,,,1,2,0,,,,0,,,,1,1,1,3,0,,,,1,1,0,1,2,3,4,2,2,2,3,3,3,1,0,,1,3,0,,2,3,1,4,3,3,2,2,2,2,1,3,1,2,2,2,6,2,6,0,1,0,1,0,0,0,0,0,4,0,1,0,1,0,0,0,1,2,2,3,1,4,4,2,5,2,3,5,2,1,2,6,2,3,2,2,2,2,2,1,2,1,2,2,1,2,5,2,2,2,1,2,2,2,2,2,4,6,2,5,2,3,2,2,1,1,1,5,3,2,2,2,2,1,2,3,2,3,3,2,0,,,,,,,,5,2,2,3,1,1,1,1,3,2,3,1,2,2,2,2,2,2,4,2,1,2,4,2,4,2,1,4,2,1,0,,,,0,,5,3,2,5,2,3,1,2,2,3,2,1,1,2,0,,1,3,2,0,,1,3,6,2,5,3,2,2,3,0,,1,2,1,1,0,,3,2,1,2,1,1,2,2,1,3,3,2,1,2,3,2,1,0,1,0,1,0,1,0,0,0,1,1,1,1,2,2,2,2,2,2,3,3,5,1,3,1,2,1,2,3,2,1,3,3,1,1,2,0,,2,2,0,,3,2,2,1,2,7,2,2,1,2,3,2,1,2,2,2,3,2,2,1,2,1,2,1,2,4,1,2,2,3,2,1,2,3,2,1,5,5,1,5,1,5,1,1,1,1,1,1,2,2,1,,,1,1,2,1,2,2,2,2,2,1,2,0,,1,3,1,5,1,3,0,,1,2,6,3,1,0,0,0,0,0,0,0,0,0,0,0,0,0,1,0,0,0,0,0,0,0,0,0,0,0,0,0,0,,,,0,,,,,,,,,,,,,,,,,,,0,0,0,0,0,0,0,0,0,0,0,0,0,0,0,0,0,0,0,0,0,0,0,0,0,0,0,0,0,0,2,2,7,2,0,0,0,0,0,0,0,0,0,0,0,0,0,0,0,1,0,124.1,182.4,37.30114074,3,4,2
02ADL0098,191,1989,6/2/2017 9:23,6/2/2017,9,2,1,2,1,2,2,1,5,1,2,1,1,2,1,0,,,0,,,0,,1,1,1,2,1,5,1,1,1,2,0,,,,1,1,1,2,1,8,8,2,2,1,5,1,1,2,2,1,6,6,2,1,4,2,1,1,4,2,1,2,2,4,2,5,2,0,,2,1,0,,1,4,2,2,2,2,0,,,,1,3,3,3,1,4,4,2,1,5,5,2,0,,,,6,3,3,2,5,2,5,2,0,,0,,6,3,3,2,1,2,1,2,4,2,3,2,2,2,1,1,0,,5,2,7,3,4,0,0,0,1,0,0,1,0,0,1,0,0,0,0,0,0,1,,,1,1,1,3,3,1,5,2,2,4,2,5,2,1,2,0,,2,2,1,,1,3,2,1,,7,2,4,2,2,2,2,2,4,2,6,2,2,6,2,6,2,1,4,2,1,1,2,5,2,1,2,2,2,1,2,3,2,4,2,1,3,5,2,1,5,3,1,,6,2,2,5,2,1,1,1,3,2,5,1,3,3,1,,3,3,5,2,1,2,5,3,1,2,1,1,2,1,0,,,,6,2,1,2,2,5,1,2,5,4,2,1,2,5,2,2,1,2,1,2,5,0,,1,2,4,2,4,2,2,5,1,0,,3,1,1,1,0,,3,2,5,2,2,4,1,1,4,2,0,,0,,2,2,2,0,0,0,1,0,0,1,0,0,0,,1,4,3,2,4,1,1,2,5,3,2,3,2,1,2,1,2,0,,,3,1,1,3,2,4,2,0,,3,2,0,,,0,,7,2,3,4,2,4,2,1,2,2,3,1,3,2,2,2,2,2,2,2,5,1,2,1,2,2,4,2,7,2,2,4,5,1,0,,1,5,1,,1,5,1,3,2,1,,,1,1,,,,,2,2,2,5,2,0,,1,1,1,5,0,,1,1,1,2,6,7,0,0,0,0,0,0,0,0,0,0,1,0,0,0,0,0,0,0,0,0,0,0,0,0,0,0,0,0,0,,,,0,,,,,,,,,,,,,,,,,,,0,0,0,0,0,0,0,0,0,0,0,0,0,0,0,0,0,0,0,0,0,0,0,0,0,0,0,0,0,0,1,3,6,2,0,0,0,0,0,0,0,0,0,0,0,0,0,0,0,0,0,57.2,152.4,24.62782703,1,1,2
02ADL0099,192,1992,6/5/2017 7:42,6/5/2017,7,1,0,,0,,1,2,0,0,,,1,1,1,1,1,4,0,,,3,2,1,2,2,1,2,5,1,5,5,2,0,,,,1,1,1,1,1,8,8,2,5,1,1,1,1,1,1,1,7,7,3,1,4,2,1,1,3,3,1,4,3,0,,1,1,0,,1,1,0,,1,1,0,1,4,2,1,1,0,2,0,,,,1,1,0,2,1,7,0,3,1,8,0,3,2,2,2,3,7,1,4,2,0,,0,,0,,3,2,2,2,1,1,1,1,4,2,4,2,4,2,0,,4,2,5,2,7,0,0,0,1,0,0,0,0,0,3,0,0,0,1,1,0,0,,2,2,2,1,5,5,2,4,3,5,4,3,0,,3,2,3,2,4,3,1,,5,5,2,2,2,4,3,2,2,0,,1,2,5,2,3,2,2,4,2,7,2,5,1,2,1,4,3,5,3,2,2,2,2,0,,4,2,4,1,2,1,3,2,1,3,3,1,,4,2,3,2,2,1,2,3,4,1,4,1,4,3,1,,1,2,2,2,3,3,3,3,3,3,1,3,3,1,0,,,,1,2,0,,,,4,3,4,3,2,1,2,2,3,2,2,3,4,3,1,1,2,1,2,4,2,4,3,2,2,5,1,2,3,2,1,2,0,,1,2,1,2,2,1,1,3,2,3,4,2,0,,0,,7,0,1,0,1,0,0,0,0,0,0,,1,4,4,2,2,2,2,2,2,2,5,3,2,2,2,2,2,4,2,1,4,3,1,0,,2,2,7,2,4,2,6,2,5,0,,6,2,2,1,2,2,2,1,3,2,4,2,2,2,2,2,2,3,1,2,4,2,1,1,4,2,4,2,8,2,1,5,5,1,1,1,1,1,5,2,0,,0,,,,,,0,,,,,,,,,3,2,0,,1,2,1,2,0,,0,,1,2,2,2,1,0,0,0,1,0,0,1,0,0,0,0,1,0,0,0,1,0,1,0,0,0,0,0,0,0,0,0,0,,,,0,,,,,,,,,,,,,,,,,,,0,0,0,0,0,0,0,0,0,0,0,0,0,0,0,0,0,0,0,0,0,0,0,0,0,0,0,0,0,0,1,6,3,2,0,0,0,0,0,0,0,0,0,0,0,0,0,0,0,1,0,81.2,182.2,24.46015946,1,2,2
02ADL0100,193,1951,6/6/2017 10:30,6/6/2017,1,2,0,,2,2,2,2,2,2,2,1,0,,,3,2,2,1,1,1,0,,1,2,2,1,1,1,0,,,,0,,,,0,,,,1,8,7,2,2,1,5,1,1,0,,1,6,6,2,2,1,2,1,1,5,2,1,2,2,0,,4,2,1,2,9,2,5,1,1,5,4,2,5,2,1,6,0,2,1,3,0,2,1,6,1,2,1,9,4,2,0,,,,1,2,1,2,7,3,6,2,1,2,4,3,3,3,7,3,6,3,1,7,4,3,5,3,4,3,0,,0,,1,2,6,1,8,0,0,0,1,0,0,0,0,0,7,0,0,0,1,0,0,0,1,2,7,3,1,7,7,3,7,2,5,7,2,6,2,4,2,1,2,1,2,1,1,1,4,2,1,1,2,3,2,2,1,2,0,,2,2,4,3,5,3,3,4,2,2,3,2,1,3,3,5,2,1,2,1,2,0,,1,2,5,1,2,0,,,,,,,,8,2,1,2,1,1,2,2,3,1,1,1,2,2,1,,8,1,8,2,0,,2,2,4,2,2,1,2,1,2,2,1,5,1,2,1,1,2,1,0,,,2,2,4,2,1,0,,0,,0,,,1,1,1,2,4,2,3,2,2,1,3,2,2,2,1,1,2,1,2,1,2,1,1,1,1,2,3,2,3,1,2,1,2,1,2,4,0,0,0,1,0,0,0,0,0,0,,1,4,2,2,1,1,4,3,2,2,5,4,2,2,2,2,2,1,1,1,2,1,1,2,2,1,2,3,3,0,,1,1,1,0,,2,2,1,0,,2,2,2,1,1,1,2,1,2,0,,1,2,1,2,3,1,1,1,1,1,3,2,9,1,1,5,3,1,7,1,6,1,5,1,1,1,1,1,1,1,,,1,5,2,3,1,,1,,,1,2,0,,1,1,1,1,0,,1,1,1,2,2,3,0,0,0,0,0,0,0,0,0,0,0,0,0,0,0,0,0,0,0,0,0,1,0,0,0,0,0,0,1,5,2,2,0,,,,,,,,,,,,,,,,,,,0,0,0,0,0,0,0,0,0,0,0,0,0,0,0,0,0,0,0,0,0,0,0,0,0,0,0,0,0,0,1,1,3,2,0,0,0,0,0,0,0,0,0,0,0,0,0,0,0,0,2,66.5,162.9,25.05990825,2,1,2
02ADL0101,194,1984,6/7/2017 10:22,6/7/2017,7,2,0,,0,,0,,,0,,,0,,,0,,,0,,,2,2,0,,,,,,0,,,,0,,,,0,,,,1,9,9,2,5,1,1,0,,0,,1,4,4,2,1,3,1,1,1,5,1,1,7,1,1,1,4,2,1,2,4,1,1,1,1,1,1,2,1,1,1,1,1,1,1,1,0,1,1,1,1,2,1,1,1,2,0,,,,1,1,2,2,7,2,9,2,0,,1,1,4,3,3,3,7,2,1,1,1,2,5,3,6,3,1,3,1,1,5,2,5,2,10,0,0,0,1,0,0,1,0,0,0,0,0,0,0,0,0,0,,,7,3,1,6,4,3,4,3,5,4,2,2,1,0,,1,1,1,2,1,1,1,4,1,1,1,1,2,0,,0,,1,2,1,2,7,2,1,9,2,6,1,1,4,2,1,3,2,1,1,1,2,1,1,0,,4,1,1,5,1,1,1,2,1,3,2,3,1,4,2,1,1,1,1,1,1,1,1,1,1,1,1,1,1,1,1,4,2,0,,0,,0,,,0,,,0,,,,0,,0,,,,0,,,0,,0,,,0,,0,,0,,,0,,0,,0,,0,,,,,0,,0,,0,,0,,0,,,0,,,0,,0,,0,,0,,0,,0,0,0,0,0,0,0,0,0,0,5,2,1,5,5,2,5,1,5,1,1,2,1,1,1,0,,1,2,1,1,1,1,1,1,0,,0,,7,1,4,2,7,2,5,4,2,9,2,2,0,,1,2,1,1,1,1,2,1,1,1,2,0,,0,,,,,,1,1,1,1,9,1,3,3,2,1,0,,0,,,,0,,0,,,,,,0,,,,,,,,,1,1,0,,1,5,1,4,0,,1,1,1,2,9,5,1,0,0,0,0,0,0,0,0,0,1,0,0,0,0,0,0,0,0,0,0,0,1,1,1,1,0,0,1,5,2,4,1,0,,,,3,3,2,1,1,3,3,3,1,6,2,0,,,0,1,0,0,0,0,0,0,0,0,1,0,0,1,0,0,0,0,0,0,0,0,0,0,1,0,0,0,0,1,2,3,5,2,0,0,0,0,0,0,0,0,0,0,0,0,0,0,0,0,0,74.1,161.3,28.48062222,2,4,2
02ADL0102,197,1981,6/8/2017 8:29,6/8/2017,11,2,0,,0,,1,1,5,0,,,0,,,0,,,0,,,0,,1,3,3,2,1,1,0,,,,0,,,,1,8,8,2,1,4,4,2,3,1,1,1,2,0,,0,,,,,1,1,1,1,1,3,0,2,,0,,0,,,,0,,0,,0,,,,4,2,0,,,,1,1,0,2,0,,,,1,3,3,2,0,,,,1,2,0,,4,2,0,,0,,0,,1,2,4,2,0,,1,1,1,2,0,,0,,0,,0,,0,,4,1,8,1,1,1,0,0,0,0,0,0,0,0,0,0,0,0,0,0,,,0,,1,4,4,2,4,3,3,4,2,1,2,4,2,1,1,4,2,1,1,3,3,2,3,2,1,2,4,1,0,,0,,1,2,2,1,5,7,2,0,,,1,2,1,1,2,5,2,0,,1,1,0,,1,2,5,1,1,0,,,,,,,,6,2,5,1,1,1,1,1,0,,,,,,,,1,1,0,,1,2,1,2,1,2,1,0,,,0,,,,0,,4,1,2,3,1,2,5,3,2,3,2,1,0,,3,2,3,2,3,3,1,1,2,1,2,3,2,3,3,3,2,2,3,2,3,2,3,2,8,2,1,0,,,2,2,2,2,0,,1,1,0,,2,0,0,0,0,0,0,1,1,0,0,,0,,,,,,,,1,2,5,1,2,0,,0,,1,2,1,2,2,1,0,,1,2,0,,0,,0,,,0,,2,2,1,0,,1,2,1,1,2,2,2,1,2,1,2,0,,0,,,,,,2,2,8,2,8,1,1,5,1,1,6,1,0,,,,0,,1,5,2,1,,,1,5,2,1,1,,1,,,0,,1,1,1,1,1,1,0,,0,,1,1,5,2,0,0,0,0,0,0,0,0,0,0,0,0,0,0,0,0,0,0,0,0,0,0,0,0,0,0,0,0,0,,,,0,,,,,,,,,,,,,,,,,,,0,0,0,0,0,0,0,0,0,0,0,0,0,0,0,0,0,0,0,0,0,0,0,0,0,0,0,0,0,0,2,7,7,2,0,0,0,0,0,0,0,0,0,0,0,0,0,0,0,0,0,59.8,170,20.69204152,1,1,2
02ADL0103,196,1972,6/9/2017 13:30,6/8/2017,12,2,0,,1,3,2,3,2,2,2,2,2,2,1,3,1,1,0,,,1,2,1,2,1,1,2,2,0,,,,0,,,,1,1,1,1,1,8,8,2,1,1,5,1,1,0,,1,7,7,2,1,4,2,2,2,2,2,1,1,2,0,,6,2,1,2,5,1,4,2,1,7,6,2,4,2,0,,,,1,6,5,2,1,5,4,2,1,4,4,3,1,4,4,3,1,2,2,2,6,3,1,2,0,,1,2,1,,4,3,4,3,1,2,2,3,2,2,2,2,6,2,1,2,6,3,1,1,6,0,0,0,0,1,1,0,0,0,1,0,0,1,0,0,0,0,2,2,2,2,1,4,4,3,1,2,3,2,2,4,2,1,2,1,2,2,2,1,1,1,1,1,1,1,4,2,0,,2,3,0,,0,,2,2,2,1,2,7,1,1,2,1,1,1,1,1,1,0,,1,1,0,,2,1,,,,2,2,2,2,2,2,2,1,2,1,1,1,,2,2,2,2,1,1,2,2,2,2,1,0,,0,,0,,2,2,0,,,0,,,0,,,,0,,1,2,2,1,1,1,2,1,1,1,1,1,0,,1,1,0,,,2,1,0,,4,2,4,2,2,1,2,0,,4,2,0,,1,2,2,3,3,1,1,2,0,,2,3,4,2,2,2,2,2,0,0,0,0,0,0,0,0,0,0,4,2,1,4,4,2,2,1,2,2,2,2,2,1,2,0,,2,3,2,2,2,1,1,1,1,2,0,,2,2,1,2,2,2,2,1,2,1,2,2,1,1,0,,,2,1,1,1,1,2,0,,0,,1,1,4,1,2,2,2,2,1,1,7,2,1,5,2,1,2,1,4,2,2,1,5,1,0,,,,,,0,,,,,,,,,1,1,0,,0,,0,,0,,1,2,1,2,3,3,0,0,0,0,0,0,0,0,0,0,0,0,0,0,0,0,0,0,0,0,0,1,0,0,0,0,0,0,1,2,2,3,1,0,,,,2,1,2,1,2,3,2,3,2,1,3,1,1,2,0,0,0,0,0,0,0,0,0,0,1,0,0,0,0,0,0,0,1,1,0,0,0,0,0,0,0,0,0,0,2,2,3,2,0,0,0,0,0,0,0,0,0,0,0,0,0,0,0,0,1,66.7,167.4,23.80208088,1,0,2
02ADL0104,198,1953,6/9/2017 9:02,6/9/2017,9,1,0,,0,,1,2,0,1,2,1,2,2,5,0,,,0,,,0,,1,7,7,3,5,1,1,1,1,2,0,,,,0,,,,1,9,9,2,4,1,5,4,2,1,2,1,1,1,3,5,9,2,1,1,5,1,1,4,2,1,2,7,2,1,2,8,2,2,2,1,1,1,1,2,2,1,2,1,2,1,1,1,2,1,1,1,1,0,,,,0,,,,1,3,2,2,5,3,7,1,1,2,2,3,5,2,4,2,4,3,1,1,1,1,6,2,3,2,2,2,0,,4,3,7,2,3,0,0,0,0,0,1,1,1,0,0,0,0,0,0,0,0,0,,,5,3,1,8,8,2,6,2,3,4,1,3,3,1,2,1,1,4,3,3,2,4,5,2,1,1,1,2,5,3,1,2,3,2,3,3,6,3,1,10,3,6,2,1,1,2,3,1,2,3,2,1,2,0,,2,3,4,2,4,2,1,1,3,2,1,1,1,1,,9,2,1,3,1,1,1,1,1,1,3,1,1,1,1,,2,2,5,2,0,,8,3,0,,,0,,,1,3,5,3,5,3,0,,,,1,3,5,1,2,0,,,0,,0,,0,,,1,1,5,3,0,,7,2,1,5,1,0,,0,,0,,0,,0,,,0,,,4,3,4,3,3,3,0,,4,3,0,0,0,0,0,0,0,0,0,0,2,3,0,,,,,,,,0,,,0,,3,2,0,,2,2,4,2,1,3,2,2,1,1,7,1,1,2,5,2,5,1,2,1,1,5,4,2,0,,,2,2,2,2,0,,0,,1,2,0,,,,,,1,1,1,1,4,3,1,5,1,1,0,,6,1,5,2,1,5,1,2,2,4,3,3,0,,,,,,,,,1,1,1,5,0,,1,4,1,5,1,5,1,5,8,6,1,0,0,0,0,0,0,0,0,0,1,0,0,0,0,0,0,0,0,0,0,0,0,0,0,0,0,0,1,4,2,4,1,0,,,,0,,,,,,0,,2,4,4,3,2,1,0,0,0,0,0,0,0,0,1,0,0,0,0,0,0,1,1,0,1,0,0,0,0,0,0,0,0,1,0,1,1,6,5,2,0,0,0,0,0,0,0,0,0,0,0,0,0,0,0,1,2,88.4,181.9,26.71694934,2,4,2
02ADL0105,199,1977,6/9/2017 11:31,6/9/2017,9,2,0,,2,1,1,1,2,1,1,1,1,2,1,0,,,0,,,0,,1,7,6,3,1,1,1,3,3,3,0,,,,0,,,,1,7,7,2,1,1,1,0,,0,,1,3,3,2,5,1,2,1,1,5,2,1,2,2,1,2,1,2,1,2,7,2,1,2,1,1,1,2,1,2,0,,,,1,1,1,3,1,3,1,2,1,1,1,2,1,1,1,3,3,2,1,2,1,1,1,1,1,1,1,1,1,1,2,1,2,1,1,0,1,1,2,2,0,,0,,0,,1,1,4,2,5,1,1,0,0,0,0,1,0,0,5,1,1,0,0,0,0,0,2,,4,2,1,4,4,2,7,3,3,7,3,1,1,3,2,1,2,1,2,1,2,5,5,2,2,2,3,1,6,2,1,2,1,2,6,2,3,2,3,1,2,3,2,5,6,2,5,5,2,5,1,1,2,1,2,1,3,4,2,5,1,2,0,,,,,,,,7,2,2,5,2,1,1,2,1,1,1,1,1,2,1,1,0,,3,3,0,,1,2,1,2,2,3,2,1,1,2,5,5,0,,4,,2,2,1,2,1,1,2,3,2,1,1,3,0,,0,,,0,,1,1,2,2,1,2,5,5,2,1,2,1,1,3,1,0,,5,2,1,3,1,1,1,2,1,3,4,2,1,3,2,3,4,0,1,0,0,0,0,0,0,0,0,,0,,,,,,,,4,2,5,1,2,2,2,3,2,3,2,2,1,2,2,1,2,0,,2,3,1,2,1,2,5,0,,3,2,2,0,,3,2,1,4,3,7,3,3,2,4,2,1,2,1,2,1,3,3,1,7,2,7,1,9,3,1,5,5,2,7,1,1,2,1,1,4,1,1,5,3,1,,,1,5,2,2,2,2,3,3,5,1,2,1,1,1,1,1,2,1,1,1,1,1,1,2,2,0,0,1,0,0,0,0,0,0,0,0,1,0,0,0,0,0,0,0,1,0,0,0,0,0,0,0,0,1,5,3,4,1,1,1,3,1,0,,,,,,1,1,0,,,0,,,0,0,0,0,0,0,0,0,0,0,0,0,0,0,0,1,0,0,0,0,0,0,0,0,0,0,0,0,0,0,3,8,9,2,0,0,0,0,0,0,0,0,0,0,0,0,0,0,0,0,0,60.7,159.9,23.74060398,1,1,2
02ADL0106,200,1980,6/13/2017 10:12,6/13/2017,11,1,1,2,1,1,0,,,1,1,1,0,,,5,2,2,1,2,5,0,,0,,,,,,1,0,1,1,0,,,,0,,,,1,9,9,2,5,1,2,1,1,0,,1,1,2,2,1,0,,,,,,,,,0,,8,2,0,,7,2,3,2,1,1,0,1,3,3,1,1,1,3,0,,,,1,2,3,2,1,6,6,2,0,,,,2,2,7,3,6,2,6,2,0,,0,,4,1,2,2,1,1,1,2,2,1,6,2,3,3,0,,0,,5,2,5,2,7,0,1,0,1,0,0,0,0,0,5,0,0,0,1,0,0,0,1,2,5,1,1,5,5,3,6,3,5,6,2,5,2,4,2,0,,1,2,1,1,1,1,1,2,2,7,2,4,2,0,,0,,2,3,4,2,1,6,3,0,,,4,3,1,1,1,5,2,0,,0,,0,,2,2,,,,1,5,2,1,1,1,1,1,7,3,1,1,1,1,1,1,1,1,1,1,1,1,1,1,5,2,8,3,0,,1,2,0,,,0,,,1,1,5,5,2,2,2,2,2,3,2,2,5,1,2,0,,,0,,0,,1,2,5,0,,0,,0,,1,1,2,2,2,1,2,1,2,0,,0,,3,3,2,2,2,2,4,2,4,2,4,2,0,,0,,0,0,0,0,0,0,0,0,0,0,0,,0,,,,,,,,2,2,1,0,,0,,1,3,2,2,1,4,2,4,0,,0,,5,2,0,,2,2,5,0,,5,2,3,0,,3,3,3,4,2,4,2,3,3,7,3,0,,0,,,,,,2,1,1,2,7,3,1,5,5,1,5,1,0,,,,1,5,1,1,1,1,,,1,1,1,3,1,,1,,,2,2,0,,1,1,1,1,0,,0,,1,4,3,3,1,0,0,0,0,0,0,0,1,0,0,0,0,0,0,0,0,0,0,0,0,0,0,0,0,0,0,0,1,1,2,1,0,,,,,,,,,,,,,,,,,,,0,0,0,0,0,0,0,0,0,0,0,0,0,0,0,0,0,0,0,0,0,0,0,0,0,0,0,0,0,0,2,2,5,2,0,0,0,0,0,0,0,0,0,0,0,0,0,0,0,1,0,95.3,175.8,30.83579567,3,1,2
02ADL0107,201,1960,6/14/2017 8:46,6/14/2017,1,1,0,,0,,1,3,1,2,3,1,1,2,2,1,2,2,1,2,5,0,,1,8,8,3,5,3,1,3,1,2,0,,,,1,1,1,2,1,3,3,2,2,1,5,1,2,0,,1,6,4,,5,0,,,,,,,,,0,,1,2,1,2,4,2,1,2,1,1,1,1,4,2,0,,,,1,1,0,3,,,,,1,2,1,3,1,1,1,1,3,3,2,2,0,,0,,1,1,0,,2,2,4,3,2,2,1,6,6,2,1,2,0,,0,,0,,4,3,6,2,1,1,0,0,1,0,0,0,0,0,1,1,0,0,0,0,0,0,1,1,4,2,0,,,,6,3,1,6,2,1,3,6,2,1,1,4,2,1,1,2,2,2,1,1,0,,1,1,4,1,1,2,2,3,0,,,7,2,4,2,1,1,2,2,2,2,2,1,0,,0,,0,,1,1,5,1,1,0,,,,,,,,9,2,5,3,1,1,1,1,9,2,5,5,1,2,1,1,2,1,3,2,3,2,0,,1,2,5,0,,,1,2,5,5,0,,8,1,2,1,5,1,5,1,2,1,2,3,0,,1,2,4,2,5,0,,0,,0,,4,2,3,5,2,0,,5,2,1,1,0,,3,3,4,0,,,0,,0,,0,,0,,0,,0,0,0,0,0,0,0,0,0,0,0,,0,,,,,,,,1,2,5,1,2,1,2,7,1,7,1,2,5,2,3,6,2,0,,5,2,0,,1,2,5,0,,6,1,5,1,1,1,2,3,1,1,3,2,6,1,0,,0,,1,1,5,1,1,1,7,1,3,2,6,2,1,5,1,1,0,,0,,,,0,,0,,,,,,0,,,,,,,,,0,,1,2,1,4,1,5,0,,0,,1,5,2,2,0,0,0,0,0,0,0,0,0,0,0,0,0,0,0,0,0,0,0,0,0,1,0,0,0,0,0,0,0,,,,0,,,,,,,,,,,,,,,,,,,0,0,0,0,0,0,0,0,0,0,0,0,0,0,0,0,0,0,0,0,0,0,0,0,0,0,0,0,0,0,1,7,4,2,0,0,0,0,0,0,0,0,0,0,0,0,0,0,0,1,1,107,172.7,35.87559417,3,4,2
02ADL0108,202,1977,6/15/2017 9:44,6/15/2017,11,2,0,,0,,1,1,0,1,1,1,1,1,1,3,2,2,1,2,2,1,2,1,7,7,2,5,3,0,,,,0,,,,0,,,,1,7,6,2,2,3,2,0,,0,,1,6,5,2,5,6,2,1,1,4,2,1,2,2,1,1,1,2,3,1,4,2,1,1,1,1,6,1,3,2,1,1,1,1,1,1,1,1,1,1,1,2,1,1,1,2,0,,,,1,1,1,1,3,2,3,1,3,1,3,3,5,3,4,3,3,2,1,1,3,2,3,3,3,3,1,2,0,,1,2,5,2,6,1,1,0,0,0,0,0,0,0,0,0,0,0,0,0,0,0,,,3,3,1,7,5,3,6,3,2,6,2,3,3,4,2,2,2,4,2,3,2,3,3,2,3,2,4,3,4,3,1,2,1,2,4,2,3,2,5,6,3,3,2,1,1,2,3,3,4,5,2,1,2,1,2,1,2,4,2,5,1,3,1,5,2,1,1,1,5,3,5,2,4,5,3,2,2,3,1,1,2,3,3,3,1,2,0,,1,2,1,3,5,3,5,3,3,4,2,2,2,2,5,5,1,1,4,2,2,5,2,2,3,3,2,3,2,2,1,2,2,2,2,2,2,1,1,1,1,5,2,4,2,4,4,2,2,2,1,2,2,3,0,,3,2,1,4,2,1,1,2,0,,0,,2,2,0,,0,0,0,0,0,0,0,0,0,0,0,,1,3,3,2,3,2,2,2,3,2,5,4,2,3,2,3,2,5,2,1,5,2,1,8,3,1,2,4,1,1,2,1,2,2,6,2,4,2,1,1,2,1,2,1,1,3,2,2,1,2,1,2,1,2,1,2,2,2,2,1,2,2,2,1,6,2,1,5,5,2,8,1,2,3,3,2,1,3,1,1,1,5,1,2,1,5,2,1,2,3,2,2,2,0,,1,2,1,1,1,1,1,3,1,1,1,2,2,2,0,0,0,0,0,0,0,1,0,0,0,0,0,0,1,0,0,0,0,0,0,0,0,0,0,0,0,0,0,,,,1,3,0,2,2,0,,,,,,3,3,1,6,1,0,,,0,0,0,0,0,1,0,0,0,0,0,0,0,0,0,0,0,0,0,0,0,0,0,0,0,0,0,0,0,0,3,3,6,2,0,0,0,0,0,0,0,0,0,0,0,0,0,0,0,0,0,90.7,154.8,37.8499556,3,4,2
02ADL0109,203,1983,6/16/2017 10:42,6/16/2017,9,1,0,,0,,2,2,3,0,,,4,1,1,2,2,2,0,,,3,2,1,3,2,2,3,1,1,5,4,2,1,3,5,2,1,3,3,2,1,7,7,2,1,1,5,2,2,5,2,1,7,7,2,3,6,2,2,1,5,1,1,2,3,1,2,4,3,1,3,8,2,1,2,1,1,5,1,4,2,0,,,,1,1,3,3,1,2,4,3,1,1,1,3,0,,,,1,3,7,3,2,3,3,3,0,,0,,0,,1,3,2,3,1,1,1,3,2,3,0,,1,3,0,,2,3,2,3,2,0,0,0,0,0,0,1,0,0,3,0,1,0,1,0,0,0,2,2,0,,1,2,2,2,2,3,4,2,2,2,3,6,2,3,1,3,2,4,2,2,2,2,2,3,1,2,2,2,0,,1,2,3,1,1,2,1,1,2,2,2,3,2,1,1,1,1,5,1,0,,1,2,0,,1,2,4,1,1,0,,,,,,,,4,2,2,1,1,1,1,1,0,,,,,,,,1,2,4,3,0,,1,2,0,,,0,,,2,2,5,4,2,2,6,1,2,5,3,1,5,1,1,1,1,2,0,,1,1,4,2,1,1,2,0,,1,1,4,3,4,4,4,0,,2,2,1,2,1,1,2,3,1,2,2,2,2,3,2,3,0,,0,,0,,2,0,0,0,0,0,0,1,0,0,0,,1,0,1,2,1,1,1,2,4,2,4,0,,0,,1,1,6,2,4,0,,,1,2,1,,4,2,2,2,4,2,5,0,,4,1,1,0,,2,2,1,0,,2,1,2,1,0,,0,,0,,,,,,4,1,2,1,7,3,1,5,1,1,6,1,0,,,,0,,1,5,2,1,,,1,3,2,3,1,,3,1,2,3,1,1,3,1,3,1,5,1,5,1,5,1,5,2,2,0,0,0,0,0,0,0,1,1,0,0,0,0,0,0,0,0,0,0,0,0,0,0,0,0,0,0,0,0,,,,0,,,,,,,,,,,,,,,,,,,0,0,0,0,0,0,0,0,0,0,0,0,0,0,0,0,0,0,0,0,0,0,0,0,0,0,0,0,0,0,1,2,7,2,0,0,0,0,0,0,0,0,0,0,0,0,0,0,0,1,0,91.4,176,29.50671488,2,1,2
02ADL0110,204,1966,6/19/2017 8:02,6/19/2017,6,,0,,0,,1,1,0,0,,,,,,0,,,0,,,0,,0,,,,,,0,,,,0,,,,1,1,1,1,1,9,9,2,4,1,2,1,1,0,,1,1,1,2,2,0,,,,,,,,,0,,1,1,0,,5,2,0,,1,1,1,2,0,,1,1,1,2,0,,,,1,4,4,3,1,1,1,2,0,,,,0,,1,2,0,,4,3,1,2,0,,1,2,5,3,0,,1,3,3,2,4,2,1,3,3,3,1,2,0,,8,3,8,0,1,0,1,0,0,0,0,0,0,0,0,0,0,0,0,0,,,6,3,1,7,6,3,7,3,3,6,2,1,2,5,2,3,2,4,2,4,2,1,4,2,2,2,4,3,6,2,0,,3,2,5,2,4,3,5,8,3,7,2,1,1,2,1,4,3,5,2,1,2,1,2,0,,3,2,4,2,1,0,,,,,,,,5,2,2,5,2,1,1,1,4,1,5,1,3,2,1,1,0,,0,,4,2,1,,1,2,1,2,2,2,0,,,,0,,2,2,2,5,2,2,3,3,2,0,,,4,2,4,2,5,3,2,2,2,2,3,2,2,8,2,1,3,1,0,,5,2,4,2,0,,4,1,1,2,1,1,5,3,5,3,1,2,3,2,3,3,7,0,0,0,1,0,0,1,0,0,0,,1,4,4,2,4,2,2,1,4,2,5,1,2,2,2,1,2,5,2,1,2,2,1,3,2,1,2,6,2,0,,6,2,1,0,,7,2,1,0,,0,,,2,2,3,2,0,,0,,0,,0,,,,,,7,1,1,1,7,2,1,5,5,1,0,,0,,,,1,5,1,1,1,5,4,3,0,,,,,,,,,0,,0,,1,1,1,1,,,1,1,1,1,6,2,1,0,1,0,1,0,0,0,0,0,0,0,1,0,0,0,0,0,0,0,0,0,0,0,0,0,0,0,0,,,,,,,,,,,,,,,,,,,,,,,0,0,0,0,0,0,0,0,0,0,0,0,0,0,0,0,0,0,0,0,0,0,0,0,0,0,0,0,0,0,3,6,6,2,0,0,0,0,0,0,0,0,0,0,0,0,0,0,0,0,1,75,169.4,26.13571896,2,4,2
02ADL0111,205,1995,6/30/2017 7:01,6/20/2017,10,1,0,,6,2,4,2,2,4,2,1,4,2,3,3,2,2,0,,,0,,1,3,3,2,3,1,1,6,4,2,1,2,2,1,1,4,4,2,1,7,7,2,1,1,1,4,2,3,2,1,4,4,1,1,6,2,1,1,2,4,1,2,2,0,,4,2,0,,0,,3,2,1,4,3,2,3,2,0,,,,0,,,,1,3,3,2,1,4,3,2,0,,,,6,2,7,2,5,2,6,2,3,2,3,2,3,2,4,2,3,1,1,4,3,1,5,2,4,2,3,2,0,,0,,9,1,6,0,1,0,1,0,1,1,0,0,3,0,0,0,1,1,0,0,2,2,5,2,0,,,,5,2,5,5,2,3,2,6,2,4,1,5,2,2,2,2,4,2,2,2,5,3,7,2,4,2,2,2,4,2,6,1,4,8,2,9,2,3,6,2,4,2,3,5,2,3,2,3,2,0,,4,2,5,2,2,3,3,2,2,4,2,5,2,7,2,5,5,2,1,1,2,5,1,3,3,3,2,2,1,4,2,4,2,0,,4,2,0,,,0,,,3,1,3,4,0,,4,2,2,5,2,2,2,4,2,4,2,3,3,2,3,2,4,3,1,0,,1,2,4,2,5,3,3,3,4,1,2,5,2,7,2,1,2,5,2,1,5,2,3,6,3,5,3,4,3,4,3,4,3,5,1,1,0,1,0,1,0,0,0,0,,1,5,4,2,1,1,5,5,3,2,5,3,2,3,2,3,2,4,2,3,4,2,1,3,2,0,,4,2,0,,3,2,1,0,,5,2,1,0,,0,,,3,1,2,2,0,,0,,2,2,0,,,,,,2,2,6,2,7,2,1,5,5,1,7,1,5,2,1,1,2,1,0,,,,,,0,,,,,,,,,2,1,1,1,1,1,1,3,1,3,1,3,1,3,5,5,1,0,1,1,0,0,0,0,1,0,0,0,1,0,1,0,0,0,0,0,0,0,0,0,0,0,0,0,0,,,,0,,,,,,,,,,,,,,,,,,,0,0,0,0,0,0,0,0,0,0,0,0,0,0,0,0,0,0,0,0,0,0,0,0,0,0,0,0,0,0,2,2,7,2,0,0,0,0,0,0,0,0,0,0,0,0,0,0,0,1,0,117,176.1,37.72829245,3,1,2
02ADL0112,206,1994,6/21/2017 8:23,6/21/2017,11,2,0,,0,,5,2,3,3,2,2,3,2,1,5,2,2,0,,,0,,1,3,3,2,1,1,1,2,2,1,0,,,,0,,,,1,3,3,1,3,1,3,1,1,2,2,1,1,1,1,1,0,,,,,,,,,0,,1,1,0,,1,2,0,,0,,,,2,1,0,,,,1,1,1,2,1,3,1,2,0,,,,0,,,,1,2,1,2,0,,0,,0,,0,,0,,0,,0,,1,3,3,2,0,,0,,0,,0,,0,,5,2,1,1,1,1,1,0,1,1,0,0,4,0,1,0,1,1,0,0,2,2,1,2,1,1,1,1,4,3,3,4,2,0,,5,2,0,,4,3,1,1,5,5,2,1,1,4,3,4,1,0,,0,,5,2,0,,,1,2,5,2,1,4,2,3,3,3,5,2,5,2,4,1,0,,5,2,5,3,5,3,1,2,2,2,2,5,3,7,2,4,1,1,2,2,2,5,2,3,3,3,2,1,1,0,,7,3,4,2,6,2,6,2,1,0,,,0,,,,7,2,6,2,2,1,6,2,5,4,1,2,2,1,0,,1,2,4,2,4,2,1,2,1,4,2,5,1,3,3,3,1,2,2,1,1,1,0,,5,2,1,5,2,1,4,1,4,2,3,2,3,1,1,2,7,0,1,1,1,0,1,1,0,0,0,,1,3,3,2,1,2,2,3,7,2,5,4,3,2,2,2,1,1,1,1,6,2,1,1,1,2,1,2,2,2,2,2,2,1,0,,8,2,2,2,2,2,2,2,1,1,4,1,1,1,0,,0,,0,,,,,,1,2,2,1,0,,,,,,6,1,0,,,,0,,1,1,1,5,3,2,1,5,2,3,5,2,1,,,0,,1,2,1,3,0,,0,,1,1,1,1,1,3,0,0,0,0,0,0,0,0,0,0,0,0,0,0,0,0,0,0,0,0,0,1,0,0,0,0,0,0,0,,,,0,,,,,,,,,,,,,,,,,,,0,0,0,0,0,0,0,0,0,0,0,0,0,0,0,0,0,0,0,0,0,0,0,0,0,0,0,0,0,0,3,4,4,2,0,0,0,0,0,0,0,0,0,0,0,0,0,0,0,0,0,46.9,168.5,16.51859222,0,4,2
02ADL0113,207,1992,6/22/2017 8:47,6/22/2017,6,1,0,,1,2,3,3,5,4,3,3,3,3,1,0,,,0,,,0,,1,2,2,1,1,1,1,3,2,1,1,1,1,2,1,1,1,1,1,8,8,2,4,1,5,0,,0,,1,5,5,3,5,6,3,1,1,5,1,1,1,3,9,2,9,1,1,2,4,2,9,3,1,7,1,2,4,2,1,6,0,2,1,6,3,2,1,9,7,2,1,9,3,1,1,6,0,1,4,2,1,3,8,1,3,1,0,,0,,2,2,6,1,0,,1,5,5,3,4,2,4,2,0,,0,,2,2,0,,8,1,1,0,1,0,0,0,0,0,0,0,0,0,0,0,0,0,,,5,1,0,,,,0,,,0,,2,2,5,2,3,2,5,2,1,1,5,5,1,1,1,4,3,0,,0,,0,,4,3,4,3,2,0,,6,2,5,1,2,1,1,1,5,3,0,,0,,0,,3,2,5,1,5,1,4,3,1,1,1,5,2,5,2,1,1,1,1,1,1,1,2,2,1,1,1,5,2,0,,1,2,4,2,0,,5,3,1,5,2,5,0,,,,0,,0,,,,3,3,1,3,2,0,,,1,3,2,3,4,3,1,0,,0,,3,2,5,2,2,4,4,2,3,1,2,5,2,0,,5,3,1,5,2,1,2,2,3,2,5,2,0,,0,,6,0,1,0,0,0,0,0,0,0,0,,1,1,2,3,1,1,2,4,5,3,5,4,3,1,2,1,2,4,2,1,1,2,1,7,2,2,2,3,2,0,,7,3,1,0,,5,2,1,4,2,0,,,1,3,3,2,4,2,1,2,0,,3,3,1,1,1,4,7,1,7,2,4,3,1,4,4,1,0,,2,1,5,1,1,1,1,4,2,1,,,0,,,,,,,,,3,3,1,1,1,1,0,,0,,1,1,0,,4,6,0,0,1,0,0,0,0,1,0,1,0,0,0,0,0,0,0,0,0,0,0,0,0,0,0,0,0,0,0,,,,0,,,,,,,,,,,,,,,,,,,0,0,0,0,0,0,0,0,0,0,0,0,0,0,0,0,0,0,0,0,0,0,0,0,0,0,0,0,0,0,1,7,6,2,0,0,0,0,0,0,0,0,0,0,0,0,0,0,0,1,0,103.5,177.7,32.77672023,3,2,2
02ADL0114,208,1990,6/22/2017 11:35,6/22/2017,4,1,0,,0,,2,3,1,2,3,1,2,2,1,2,2,2,1,2,1,3,2,1,3,2,3,3,2,1,2,2,2,0,,,,1,2,2,2,1,8,8,2,4,1,2,1,2,1,3,1,7,7,2,2,7,3,1,1,3,3,1,2,2,1,2,1,2,0,,4,2,2,2,1,1,1,2,2,2,0,,,,1,6,3,3,1,3,2,2,1,4,4,2,0,,,,2,2,3,2,2,2,1,1,0,,1,1,2,3,3,2,2,2,1,4,4,3,6,2,4,2,3,2,1,2,4,3,6,2,6,1,1,0,1,0,0,1,0,0,5,0,1,0,0,1,0,0,2,2,4,3,1,3,3,1,4,2,3,4,2,4,3,6,3,2,2,4,3,1,1,3,3,2,2,,4,3,7,2,1,3,2,3,4,3,6,2,3,4,2,6,2,4,3,2,1,5,3,5,2,4,2,3,2,0,,3,2,5,1,3,2,3,2,1,3,3,3,3,7,2,2,2,2,1,1,3,7,2,5,1,4,3,1,1,7,3,6,2,1,3,3,3,3,3,4,2,3,2,2,3,4,4,3,3,6,3,2,5,2,3,3,4,2,4,2,2,2,2,1,3,2,3,3,2,2,3,3,5,2,8,3,2,3,5,1,3,3,3,2,2,0,,4,2,2,4,2,2,4,3,4,3,3,2,3,3,3,3,7,0,1,0,1,0,0,1,1,0,0,,1,2,1,2,2,1,3,1,4,2,5,2,2,4,2,4,2,4,2,1,4,3,2,3,2,0,,6,2,4,2,6,2,5,0,,7,2,3,1,2,3,2,2,4,3,4,3,3,2,2,2,1,2,1,2,3,1,3,2,3,2,4,2,6,3,2,4,3,1,1,1,2,2,4,1,1,5,1,4,2,1,,,0,,,,,,,,,0,,1,3,1,2,1,3,0,,1,3,1,4,4,3,1,0,0,0,0,0,0,1,0,0,0,0,0,0,0,0,0,0,0,0,0,0,0,0,0,0,0,0,0,,,,1,0,,,,0,,,,,,0,,0,,,0,,,0,0,0,0,0,0,0,0,0,0,0,0,0,0,0,0,1,0,0,0,0,0,0,0,0,0,0,0,0,0,2,6,8,2,0,0,0,0,0,0,0,0,0,0,0,0,0,0,0,1,0,148.7,173.9,49.17131292,3,1,2
02ADL0115,209,1995,6/23/2017 7:01,6/23/2017,2,1,0,,0,,1,2,0,2,2,5,2,2,1,4,2,1,1,2,1,4,3,1,3,3,2,1,3,1,5,4,2,0,,,,1,3,3,3,1,7,7,2,4,1,2,0,,2,2,1,1,1,2,5,6,2,1,3,1,4,1,1,2,0,,3,2,0,,4,2,0,,1,1,1,2,2,1,1,1,1,1,1,2,0,2,1,3,1,2,1,3,3,2,0,,,,1,1,3,2,4,2,4,2,0,,1,2,4,2,4,2,4,2,1,4,4,2,3,2,1,1,1,1,0,,1,1,5,1,5,0,1,0,1,0,1,1,0,0,5,0,0,0,1,1,0,0,1,2,3,2,1,1,1,1,5,2,2,5,2,0,,6,2,2,2,3,2,4,2,1,5,2,5,2,5,3,7,2,2,3,3,2,4,3,3,2,3,4,2,6,3,1,4,2,1,5,3,5,3,5,3,6,3,5,3,7,3,5,1,3,0,,,,,,,,7,2,3,5,2,1,1,1,5,1,3,1,5,3,1,1,3,2,6,3,4,2,6,2,7,2,3,1,1,2,4,3,5,5,0,,3,3,2,5,5,2,5,4,2,4,2,1,3,2,4,2,4,3,3,1,2,6,2,4,2,5,3,4,2,5,2,2,5,2,5,2,0,,4,3,2,3,2,1,2,3,1,2,1,3,5,3,4,3,5,0,1,0,1,0,0,1,0,0,0,,1,4,3,3,3,2,2,3,5,3,4,5,2,3,2,5,2,7,2,2,4,2,2,8,3,3,2,6,2,0,,6,2,5,1,2,1,2,3,3,2,3,2,3,2,2,6,3,3,2,0,,0,,0,,,,,,7,2,7,2,7,2,1,5,3,1,6,1,6,5,5,1,0,,1,5,2,1,,,1,5,2,4,1,,1,,,0,,1,5,1,3,1,4,1,2,1,5,1,4,4,2,0,0,0,0,0,0,0,1,0,0,0,1,1,0,1,0,0,0,1,0,0,0,0,0,0,0,0,0,0,,,,0,,,,,,,,,,,,,,,,,,,0,0,0,0,0,0,0,0,0,0,0,0,0,0,0,0,0,0,0,0,0,0,0,0,0,0,0,0,0,0,1,4,4,2,0,0,0,0,0,0,0,0,0,0,0,0,0,0,0,1,0,61.6,166.9,22.11403735,1,4,2
02ADL0116,210,1994,6/26/2017 8:57,6/26/2017,11,1,0,,1,2,4,2,1,0,,,0,,,1,2,2,1,1,2,0,,0,,,,,,1,3,3,2,1,2,2,2,1,2,2,3,1,9,9,1,5,1,5,1,1,2,3,1,5,5,2,1,0,,,,,,,,,0,,2,2,0,,6,2,0,,1,5,1,2,4,2,1,2,0,1,0,,,,1,7,0,2,1,4,0,2,1,7,0,3,2,3,6,2,0,,0,,1,2,1,2,3,3,4,2,4,2,1,5,5,2,5,2,5,2,7,2,0,,4,2,7,2,7,0,0,0,1,0,0,0,0,0,0,0,0,0,0,0,0,0,,,1,2,1,3,3,2,5,3,1,6,2,6,3,5,3,3,2,4,3,1,1,1,2,1,5,2,6,3,4,2,3,2,0,,6,2,3,2,1,6,2,8,2,1,2,2,1,2,3,3,2,2,3,0,,0,,4,2,5,1,2,5,1,2,1,2,3,2,2,6,2,4,3,2,1,1,1,3,3,4,1,2,3,1,1,3,2,7,3,2,3,5,3,4,3,3,4,3,3,0,,,,2,3,5,2,2,,4,3,5,1,2,2,2,3,3,3,4,3,7,3,3,2,2,0,,2,3,7,2,1,3,4,0,,5,3,1,2,0,,1,2,1,5,2,2,0,,4,3,6,3,3,2,5,2,6,0,0,0,1,0,0,0,0,0,0,,1,2,2,2,2,1,2,2,4,3,5,1,2,2,2,2,2,5,2,1,5,2,1,0,,1,2,4,2,5,2,7,2,5,0,,8,2,3,1,2,5,2,4,2,2,4,1,2,2,0,,2,2,0,,,,,,4,2,0,,9,3,4,2,5,1,0,,0,,,,0,,0,,,,,,0,,,,,,,,,5,2,0,,1,2,1,1,0,,0,,1,3,5,5,1,0,0,0,0,0,0,0,0,0,0,0,1,0,0,0,0,0,1,0,0,0,0,0,0,0,0,0,0,,,,0,,,,,,,,,,,,,,,,,,,0,0,0,0,0,0,0,0,0,0,0,0,0,0,0,0,0,0,0,0,0,0,0,0,0,0,0,0,0,0,2,5,3,2,0,0,0,0,0,0,0,0,0,0,0,0,0,0,0,1,0,94.4,192.3,25.52780218,2,2,2
02ADL0117,211,1983,6/26/2017 10:34,6/26/2017,12,1,0,,0,,1,1,1,0,,,0,,,0,,,0,,,0,,1,1,1,2,1,1,1,2,2,2,0,,,,1,1,1,2,1,9,9,1,5,1,1,0,,1,2,1,9,0,1,1,0,,,,,,,,,0,,1,2,0,,0,,3,1,0,,,,3,2,0,,,,1,1,1,2,1,1,1,1,0,,,,0,,,,0,,0,,5,2,1,1,0,,1,2,1,1,5,1,5,2,1,3,3,1,0,,2,3,1,1,0,,0,,7,3,7,0,0,0,1,0,0,0,0,0,6,0,0,0,0,0,0,1,,,6,2,1,7,7,2,1,2,5,0,,1,3,2,2,0,,6,2,1,1,1,1,1,1,,1,3,2,2,1,2,0,,1,2,2,2,1,7,2,9,2,1,6,2,1,1,1,1,,0,,0,,0,,1,2,2,4,1,1,3,3,1,1,1,3,2,1,2,1,1,,1,1,1,0,,,,,,,,5,2,0,,0,,0,,0,,,0,,,0,,,,5,2,0,,,,0,,,0,,0,,,0,,0,,0,,,0,,0,,0,,1,1,1,5,1,0,,0,,6,2,0,,0,,,0,,,0,,0,,3,2,0,,0,,0,0,0,0,0,0,0,0,0,0,2,2,1,1,1,2,2,1,2,4,0,,,0,,0,,0,,2,1,1,1,2,1,1,2,0,,0,,4,2,0,,,2,3,0,,,0,,4,2,1,1,2,2,2,0,,0,,,,0,,,,,,4,2,0,,5,2,1,5,1,1,1,1,0,,,,0,,0,,,,,,0,,,,,,,,,3,2,0,,0,,0,,0,,1,1,0,,7,2,0,0,1,0,0,0,0,0,1,0,0,0,0,0,0,0,0,0,0,0,0,0,0,0,0,0,0,0,0,,,,0,,,,,,,,,,,,,,,,,,,0,0,0,0,0,0,0,0,0,0,0,0,0,0,0,0,0,0,0,0,0,0,0,0,0,0,0,0,0,0,1,5,6,2,0,0,0,0,0,0,0,0,0,0,0,0,0,0,0,1,0,76.3,168.4,26.90545641,2,0,2
02ADL0118,212,1971,6/27/2017 7:04,6/27/2017,8,2,0,,1,1,1,1,2,2,1,2,3,2,1,3,2,1,0,,,0,,1,3,2,1,1,1,0,,,,0,,,,0,,,,1,7,7,1,2,1,1,3,2,3,1,1,2,1,1,2,2,2,3,2,3,2,1,1,2,0,,2,2,1,2,4,2,1,2,1,2,1,2,4,2,1,1,1,1,1,1,1,2,1,2,1,2,1,2,4,2,1,1,1,2,2,2,2,2,7,3,6,3,0,,1,2,1,1,5,2,5,2,1,2,1,2,4,3,1,2,2,3,0,,2,2,5,2,1,0,1,0,0,0,0,0,0,0,3,0,1,0,1,1,1,0,2,2,2,3,1,1,,3,7,3,5,7,2,3,2,7,2,1,1,3,2,1,1,3,3,2,3,2,2,3,0,,1,1,1,2,1,,1,2,3,7,3,2,2,3,2,1,3,3,3,3,2,2,2,4,2,0,,4,2,3,3,3,0,,,,,,,,6,2,3,1,1,1,1,1,2,2,2,2,2,2,2,2,1,1,1,2,0,,5,2,6,1,3,0,,,1,1,4,2,0,,6,1,2,3,6,2,1,1,2,1,,2,1,2,3,2,3,2,2,3,1,0,,5,2,6,2,2,2,5,1,2,1,,1,2,0,,2,2,1,1,1,1,7,3,5,3,3,2,1,1,1,2,1,0,1,0,0,0,0,0,0,0,0,,1,4,1,2,1,3,3,3,2,2,4,1,2,1,2,1,1,7,2,1,1,1,2,1,2,1,1,4,,0,,1,1,1,0,,6,2,1,1,1,1,2,2,2,2,0,,1,1,1,1,0,,0,,,,,,0,,4,2,2,2,1,5,,5,4,1,1,1,5,2,6,5,1,4,1,5,2,2,1,2,2,2,1,,2,1,1,1,2,1,1,1,1,0,,0,,0,,1,1,6,3,0,0,0,0,0,0,0,0,1,0,0,0,0,0,0,0,0,0,0,0,0,0,0,0,0,0,0,0,0,,,,0,,,,,,,,,,,,,,,,,,,0,0,0,0,0,0,0,0,0,0,0,0,0,0,0,0,0,0,0,0,0,0,0,0,0,0,0,0,0,0,2,6,7,2,0,0,0,0,0,0,0,0,0,0,0,0,0,0,0,0,1,69.3,167,24.84850658,1,1,2
02ADL0119,213,1995,6/27/2017 8:21,6/27/2017,8,1,0,,0,,0,,,2,2,2,1,2,2,4,3,7,0,,,0,,0,,,,,,1,2,2,2,0,,,,1,2,0,1,1,7,7,2,3,1,5,3,3,3,2,1,6,6,3,1,5,3,3,1,3,3,1,7,3,3,3,6,3,1,2,6,3,4,2,0,,,,4,2,1,1,0,2,1,4,4,2,1,6,6,2,1,4,4,2,0,,,,4,2,6,2,7,3,7,3,0,,0,,6,3,0,,0,,1,1,1,2,5,2,0,,5,2,0,,7,3,6,2,7,0,0,0,0,0,0,0,1,0,0,0,0,0,0,0,0,0,,,1,2,1,4,4,3,6,3,4,1,2,6,3,7,2,1,3,4,3,1,1,2,2,1,3,2,4,2,5,2,2,2,3,3,4,3,3,3,3,7,3,7,3,1,3,3,1,2,2,5,3,4,3,1,3,0,,3,3,5,1,4,4,3,2,1,1,2,5,2,8,3,1,1,1,1,1,2,1,2,2,2,2,2,1,1,7,3,7,3,4,3,4,3,0,,,4,3,3,0,,,,4,3,4,2,2,5,4,2,5,3,2,2,3,1,2,3,1,2,0,,,3,2,4,2,4,3,4,2,3,5,5,1,2,3,2,0,,0,,1,2,2,2,2,2,3,2,3,,4,2,3,2,4,2,4,0,0,0,0,0,0,0,1,0,1,3,1,1,1,3,2,2,2,3,3,3,2,0,,1,2,3,2,3,3,2,1,3,1,1,2,1,2,8,2,1,2,8,2,5,0,,8,2,5,4,3,4,3,1,2,2,3,2,3,2,2,2,1,2,1,2,3,1,3,1,3,2,4,3,8,2,1,5,3,4,0,,2,5,1,1,4,5,0,,,,,,0,,,,,,,,,4,2,0,,1,2,0,,0,,0,,1,2,2,3,1,0,0,0,0,0,0,0,1,0,0,1,0,0,0,0,0,0,0,0,0,0,1,1,0,0,0,0,1,4,2,2,1,0,,,,0,,,,,,0,,0,,,0,,,0,0,0,0,0,1,0,0,0,0,0,1,0,0,0,0,1,0,0,0,0,0,0,1,0,0,0,0,0,0,2,5,7,2,0,0,0,0,0,0,0,0,0,0,0,0,0,0,0,1,0,75.2,179.3,23.39145633,1,1,2
02ADL0120,214,1978,6/28/2017 8:06,6/28/2017,9,2,0,,1,2,1,2,1,2,2,1,1,2,1,0,,,0,,,0,,0,,,,,,0,,,,0,,,,1,1,1,1,1,7,7,2,4,1,2,4,1,1,1,0,,,,,2,1,1,1,4,1,0,7,2,0,,7,3,2,3,2,,1,1,1,8,2,3,2,2,1,4,1,2,1,8,1,3,1,8,4,3,1,7,1,2,1,8,1,3,1,2,5,2,7,3,8,3,1,1,1,2,7,2,4,3,1,2,1,1,1,,7,2,2,2,2,2,2,2,2,2,8,2,4,0,0,0,1,0,0,0,0,0,1,0,0,0,1,0,0,0,1,1,6,3,1,8,8,3,7,2,4,8,1,5,2,1,1,3,1,1,1,1,1,1,3,1,2,1,0,,0,,1,1,0,,1,1,4,1,1,4,2,4,2,1,0,,,,,,,1,2,0,,0,,2,2,,,,2,5,2,1,1,1,5,2,2,2,1,1,1,1,1,2,2,2,1,1,3,2,1,1,0,,0,,0,,2,2,0,,,0,,,1,2,5,1,2,2,0,,,,0,,,1,2,0,,,3,2,1,2,2,2,3,1,1,2,2,7,2,7,2,1,3,2,0,,1,2,1,1,0,,1,1,2,1,1,2,0,,3,2,4,2,0,,4,2,7,0,0,0,1,0,0,0,0,0,0,,1,4,4,2,1,1,2,4,1,2,2,2,2,0,,0,,2,1,1,1,1,1,1,1,1,1,8,2,5,2,6,2,5,0,,7,2,1,1,2,2,2,1,1,1,1,1,0,,0,,1,1,0,,,,,,1,1,1,1,4,3,1,3,3,3,5,1,0,,,,6,2,1,1,1,4,4,2,0,,,,,,,,,0,,0,,1,1,1,1,1,2,1,1,1,1,5,7,1,0,0,0,0,0,0,0,0,0,0,0,0,0,0,0,0,0,0,0,0,0,0,0,0,0,0,0,0,,,,1,0,,,,0,,,,,,4,2,1,2,2,0,,,0,0,0,0,0,1,0,0,0,0,0,0,0,0,0,0,0,0,0,0,0,0,0,0,0,0,0,0,0,1,1,5,6,2,0,0,0,0,0,0,0,0,0,0,0,0,0,0,0,0,0,94.6,166.2,34.2475176,3,4,2
02ADL0121,215,1962,6/28/2017 10:40,6/28/2017,11,2,0,,0,,0,,,0,,,0,,,0,,,0,,,0,,1,5,5,2,5,1,0,,,,0,,,,1,1,1,2,1,9,9,1,5,1,1,3,2,1,1,0,,,,,0,,,,,,,,,0,,1,1,0,,1,1,0,,0,,,,2,1,0,,,,0,,,,1,5,5,2,0,,,,0,,,,1,2,0,,0,,1,1,0,,0,,0,,3,2,0,,1,4,3,1,0,,0,,0,,0,,0,,4,1,4,1,0,1,0,0,0,1,0,0,3,1,0,0,0,0,0,0,2,,2,2,0,,,,3,2,1,3,2,0,,8,2,0,,,,,,,,,,,3,2,6,2,0,,2,2,4,2,0,,,1,1,4,2,1,0,,,,,,,2,3,1,1,0,,1,2,5,1,1,0,,,,,,,,7,2,4,1,,1,1,1,7,1,4,3,1,2,1,,0,,7,1,3,2,3,2,0,,,0,,,0,,,,0,,5,2,2,5,3,2,5,1,2,3,2,1,1,2,4,2,3,2,5,0,,1,2,1,2,7,2,3,5,1,0,,3,2,7,2,0,,5,2,1,4,2,1,3,,1,2,1,2,1,2,1,2,7,1,0,0,0,0,0,1,1,0,0,,1,3,3,2,1,3,3,1,5,2,5,7,2,0,,3,2,7,3,1,3,2,1,1,2,0,,0,,0,,7,2,1,0,,8,2,1,1,2,4,2,1,1,1,3,2,2,2,0,,0,,1,2,1,5,1,1,6,2,1,1,2,3,1,5,5,1,0,,1,1,1,,1,5,0,,,,,,0,,,,,,,,,0,,1,1,1,1,1,1,1,1,1,1,1,1,2,2,0,0,1,0,0,0,0,0,0,0,0,0,0,0,0,0,0,0,0,1,0,0,0,0,0,0,0,0,0,,,,0,,,,,,,,,,,,,,,,,,,0,0,0,0,0,0,0,0,0,0,0,0,0,0,0,0,0,0,0,0,0,0,0,0,0,0,0,0,0,0,1,7,4,2,0,0,0,0,0,0,0,0,0,0,0,0,0,0,0,0,1,47.9,164.4,17.72278166,0,4,2
02ADL0122,216,1949,6/29/2017 11:03,6/29/2017,8,1,1,2,0,,4,2,3,5,2,3,0,,,7,2,7,0,,,1,2,0,,,,,,1,3,1,2,0,,,,1,2,2,,1,8,8,1,1,1,5,0,,2,1,0,,,,,6,2,5,2,2,1,1,7,1,0,,6,2,0,,7,2,4,1,1,0,2,2,4,2,1,4,4,3,0,,,,1,7,7,2,1,4,4,2,1,4,4,3,1,2,8,2,0,,1,2,0,,0,,4,2,4,2,4,2,1,4,4,2,6,3,2,2,1,2,0,,6,2,4,2,0,0,0,0,0,0,0,0,0,0,0,0,0,0,0,0,0,0,,,0,,1,6,6,2,7,3,4,4,1,2,2,0,,0,,2,2,1,1,1,1,1,3,1,0,,4,1,0,,0,,2,2,0,,,2,2,0,,,0,,,,,,,1,2,0,,0,,1,2,3,2,1,0,,,,,,,,4,2,2,1,1,1,1,2,2,2,1,2,3,2,1,1,0,,0,,2,3,4,2,0,,,0,,,1,2,1,1,4,2,4,2,2,2,0,,,2,2,0,,,0,,2,2,1,2,4,0,,0,,0,,4,2,2,5,2,0,,1,2,1,1,0,,1,2,5,1,2,4,2,2,2,2,1,3,0,,2,2,2,0,0,0,0,0,0,1,0,0,0,,1,2,1,2,1,1,2,2,2,2,3,0,,0,,0,,0,,,0,,,1,2,0,,2,2,0,,4,2,5,0,,2,2,5,0,,0,,,0,,0,,1,2,0,,0,,1,2,5,1,1,1,0,,2,1,4,2,2,5,3,2,6,1,4,2,1,2,0,,0,,,,,,0,,,,,,,,,0,,1,2,1,5,0,,0,,0,,1,5,4,5,0,0,0,0,0,0,0,0,0,0,0,0,0,0,0,0,0,0,0,0,0,1,0,0,0,0,0,0,1,2,2,4,0,,,,,,,,,,,,,,,,,,,0,0,0,0,0,0,0,0,0,0,0,0,0,0,0,0,0,0,0,0,0,0,0,0,0,0,0,0,0,0,1,5,3,2,0,0,0,0,0,0,0,0,0,0,0,0,0,0,0,1,2,76.7,170.1,26.50859663,2,4,2
02ADL0123,217,1965,7/3/2017 9:06,7/3/2017,3,2,0,,2,3,1,1,1,1,1,2,1,1,1,0,,,0,,,3,1,1,1,1,1,1,1,1,4,4,1,0,,,,0,,,,1,9,9,1,3,1,5,0,,0,,1,1,7,1,2,0,,,,,,,,,0,,7,3,7,3,7,2,7,2,1,5,3,1,8,1,0,,,,1,1,1,1,1,7,7,1,1,7,7,3,1,4,4,3,4,1,7,2,10,1,7,1,5,1,0,,7,1,7,1,0,,1,7,7,1,7,1,0,,1,1,4,1,7,1,1,1,6,0,0,0,1,0,0,0,0,0,6,0,0,0,1,0,0,0,1,2,4,1,1,4,2,1,6,2,3,7,1,4,1,2,,4,1,4,1,2,1,2,2,1,2,,7,2,7,1,2,1,4,2,6,2,5,1,2,8,2,0,,,4,,1,1,2,5,1,0,,0,,1,1,4,1,5,1,1,4,5,1,2,2,2,2,1,9,1,2,2,1,2,2,2,1,1,2,2,3,2,2,1,8,2,9,2,7,1,7,1,1,1,1,1,1,2,7,2,2,4,7,2,6,1,1,2,1,1,2,4,1,4,1,2,4,,7,1,3,1,2,1,1,7,2,4,1,2,2,2,2,3,2,1,,,2,1,0,,4,2,3,2,1,2,0,,0,,0,,0,,0,,7,0,0,0,0,0,0,0,0,1,1,1,1,5,2,2,2,2,2,2,1,2,5,3,2,6,3,1,1,5,2,2,3,1,3,1,1,1,2,10,3,0,,1,1,1,0,,7,2,2,1,1,7,2,2,3,1,2,1,2,1,1,,0,,1,1,,2,2,1,1,1,6,2,7,2,1,3,2,3,1,1,1,2,1,1,6,1,1,2,1,1,,,1,1,1,4,1,,1,,,1,1,1,1,1,2,1,2,1,2,1,1,1,2,4,3,0,0,0,0,0,0,0,0,0,0,0,0,0,0,0,0,0,0,0,1,0,0,1,1,0,0,0,0,1,5,2,,,,,,,,,,,,,,,,,,,,,0,0,0,0,0,0,0,0,0,0,0,0,0,0,0,0,0,0,0,0,0,0,0,0,0,0,0,0,0,0,2,,4,2,0,0,0,0,0,0,0,0,0,0,0,0,0,0,0,0,1,61.6,155.6,25.44260215,2,1,2
02ADL0124,218,1952,7/6/2017 10:11,7/6/2017,6,2,0,,1,1,0,,,2,1,1,0,,,6,2,2,1,1,2,1,1,1,7,6,2,1,4,0,,,,0,,,,1,1,0,1,1,8,9,2,2,1,1,3,1,2,2,1,3,3,1,3,3,2,5,1,3,2,1,2,2,0,,4,2,1,2,3,1,7,2,1,6,3,2,2,1,1,4,0,2,1,2,0,2,1,8,3,3,0,,,,0,,,,1,2,5,2,9,2,0,,4,3,2,2,3,3,6,2,6,2,0,,,,4,2,3,2,1,3,1,2,6,2,9,2,7,0,1,0,1,0,0,0,0,0,6,1,0,0,0,0,0,0,2,1,1,2,1,8,3,3,6,3,5,7,1,1,2,4,2,1,2,3,2,2,2,3,3,,2,2,3,3,3,2,0,,1,2,1,2,2,2,2,7,3,3,2,3,1,2,2,2,2,2,1,3,1,3,2,1,1,1,1,4,5,2,1,5,2,2,2,2,2,2,5,1,5,5,1,2,2,2,4,2,2,2,2,2,2,1,4,2,6,2,3,1,6,2,4,2,2,2,2,2,0,,,,1,2,4,2,2,5,1,2,2,4,2,1,2,2,1,1,1,2,3,2,5,4,1,3,2,7,2,3,1,4,4,1,3,2,4,1,3,1,0,,0,,,1,1,3,2,2,1,2,3,1,0,,1,2,4,1,1,0,1,0,0,0,0,0,0,,0,,,,,,,,4,2,5,0,,1,2,1,2,1,1,2,2,2,3,3,2,,,3,2,1,1,6,2,5,3,2,3,2,2,3,2,3,1,5,2,2,1,2,1,2,2,2,1,2,1,1,5,2,2,2,1,2,1,1,4,1,3,5,5,5,7,1,6,1,5,2,9,2,0,,,,,,1,5,2,1,2,3,4,3,2,4,2,1,4,1,1,1,5,1,4,1,1,1,5,5,2,0,1,0,0,0,0,0,1,0,0,1,0,1,0,0,0,0,0,0,0,0,0,0,0,0,0,0,0,1,5,2,2,0,,,,,,,,,,,,,,,,,,,0,0,0,0,0,0,0,0,0,0,0,0,0,0,0,0,0,0,0,0,0,0,0,0,0,0,0,0,0,0,1,5,5,2,0,0,0,0,0,0,0,0,0,0,0,0,0,0,0,0,2,49,149.4,21.95305094,1,0,2
02ADL0125,219,1951,7/6/2017 11:32,7/6/2017,10,1,0,,0,,3,3,1,0,,,6,2,2,6,2,4,0,,,0,,1,1,1,2,5,5,0,,,,0,,,,1,4,4,2,1,9,9,2,5,1,1,1,2,1,2,1,7,7,2,1,6,2,1,1,5,1,1,4,1,1,2,4,2,4,2,7,3,8,1,1,7,4,2,1,2,0,,,,0,,,,1,1,1,2,1,7,6,3,1,1,1,3,1,2,2,2,4,2,3,2,1,2,1,2,2,2,2,1,4,2,1,2,2,2,4,2,1,2,2,2,0,,2,2,0,,7,0,0,0,1,0,0,1,0,0,4,1,0,0,1,1,1,0,1,1,4,3,1,2,2,1,4,2,1,4,1,4,3,4,2,4,2,4,3,3,2,5,1,2,2,2,5,2,4,2,1,1,1,2,5,3,5,2,2,5,2,5,2,1,2,2,1,1,1,5,1,4,2,2,1,1,2,4,2,3,3,1,0,,,,,,,,5,3,2,1,1,1,1,1,4,2,2,1,1,1,1,1,1,2,5,2,3,2,4,2,1,2,4,0,,,0,,,,1,1,2,,,1,2,2,4,4,1,1,2,5,2,2,3,1,1,2,5,0,,2,2,4,1,1,2,1,5,1,1,2,2,2,2,1,0,,3,2,3,3,1,4,0,,0,,0,,0,,1,2,3,0,0,0,1,0,0,1,0,0,0,,1,2,1,2,2,2,2,2,4,2,1,3,2,4,2,1,2,4,2,2,4,2,1,5,2,1,2,8,1,1,2,6,2,5,1,1,3,2,5,4,2,2,2,4,3,2,4,2,4,2,3,2,3,2,2,2,2,2,2,2,4,1,1,1,3,2,1,5,1,1,7,2,2,5,5,2,1,3,1,3,1,3,3,2,0,,,,,,,,,1,2,1,5,0,,0,,1,4,1,5,1,5,5,7,0,0,0,0,0,0,0,0,1,0,0,0,0,0,0,1,0,0,0,0,0,0,0,0,0,0,0,0,1,,2,4,1,1,1,2,4,5,2,,2,1,4,0,,0,,,5,3,2,0,1,0,0,0,0,0,0,0,0,0,0,0,0,0,0,1,0,0,0,0,0,1,0,0,0,0,0,0,0,1,3,2,2,0,0,0,0,0,0,0,0,0,0,0,0,0,0,0,1,2,65.1,176.9,20.80296904,1,4,2
02ADL0126,220,1983,7/11/2017 8:54,7/11/2017,8,1,0,,0,,3,2,4,1,2,1,0,,,2,2,1,0,,,5,2,1,3,1,2,1,1,1,1,1,2,1,2,2,2,1,1,1,2,1,9,9,2,2,1,5,1,2,0,,1,6,4,2,1,1,3,1,1,3,3,1,1,2,1,1,4,2,1,2,2,2,5,2,1,1,1,,3,1,1,1,1,1,1,1,1,1,1,7,6,2,1,6,3,2,0,,,,2,2,5,1,6,2,5,2,3,1,1,2,1,2,4,1,3,1,1,6,5,1,6,1,2,1,1,1,1,1,4,1,8,1,9,0,1,0,1,0,0,0,1,0,1,0,1,0,0,0,0,0,1,1,3,1,1,4,3,1,4,2,5,3,2,3,2,7,3,3,1,1,2,1,2,1,5,2,1,1,9,2,6,2,3,2,1,1,5,1,3,2,2,6,2,5,2,2,6,2,1,5,3,5,3,2,2,5,2,1,1,3,1,3,2,2,3,5,2,1,5,2,1,1,6,2,3,5,2,1,1,1,8,2,3,1,3,3,1,1,9,2,4,3,1,3,6,2,2,2,3,1,2,2,3,2,3,5,3,2,1,3,2,5,5,3,1,5,2,1,2,5,2,2,2,2,4,3,5,2,2,1,2,6,2,6,3,3,5,5,1,3,3,2,3,2,0,,6,3,1,4,2,2,3,2,3,2,4,3,1,2,2,3,3,0,1,0,1,0,0,1,1,0,0,,1,3,1,2,2,3,2,1,5,2,2,3,3,1,1,5,2,6,3,2,5,2,2,3,1,3,2,7,2,2,2,3,2,3,0,,9,2,2,1,1,5,3,1,5,2,5,2,5,3,5,2,2,2,1,2,3,1,1,2,7,2,1,2,9,3,2,4,5,1,6,1,0,,,,1,5,0,,,,,,1,1,1,3,1,,5,2,1,6,2,0,,1,3,1,3,1,2,1,5,1,2,5,6,1,0,0,0,0,1,1,0,0,0,0,0,1,0,1,0,0,0,0,1,0,0,0,0,0,0,0,0,1,4,2,1,0,,,,,,,,,,,,,,,,,,,0,0,0,0,0,0,0,0,0,0,0,0,0,0,0,0,0,0,0,0,0,0,0,0,0,0,0,0,0,0,3,7,4,2,0,0,0,0,0,0,0,0,0,0,0,0,0,0,0,1,0,105,177.4,33.36430388,3,4,2
02ADL0127,221,1948,7/11/2017 12:08,7/11/2017,3,2,0,,0,,2,2,1,1,2,1,3,1,1,3,1,7,0,,,0,,0,,,,,,0,,,,0,,,,0,,,,1,8,8,2,1,1,3,2,2,2,2,1,6,6,2,3,0,,,,,,,,,0,,6,2,3,2,9,2,5,2,0,,,,10,3,1,1,1,2,1,1,0,3,1,7,7,2,1,4,1,2,0,,,,1,2,1,2,4,3,1,3,1,2,3,3,1,2,1,2,1,2,1,1,3,3,2,2,1,2,1,1,1,2,1,2,8,2,9,1,1,0,1,0,0,1,0,0,1,1,1,0,1,1,0,0,2,2,9,3,1,7,7,2,7,2,5,7,2,2,3,4,2,1,2,3,2,1,2,5,1,2,1,2,0,,1,2,1,2,0,,0,,4,2,5,2,2,7,2,5,1,2,5,1,3,5,2,1,2,1,2,1,2,1,2,5,1,2,1,3,2,5,1,3,2,2,4,2,1,5,2,1,1,2,1,1,3,1,1,2,1,1,2,1,7,2,0,,2,2,1,2,1,0,,,0,,,,1,2,1,2,2,2,1,2,5,1,1,1,2,1,1,1,1,1,1,1,5,1,1,1,1,4,2,6,1,1,2,1,1,1,1,1,4,2,0,,1,2,1,1,2,1,1,2,1,2,1,2,1,2,1,2,1,1,0,0,1,1,0,1,0,0,0,,1,1,0,2,2,2,5,1,1,2,5,7,2,7,1,5,2,3,2,1,0,,,,,1,2,7,2,0,,7,2,5,0,,6,2,1,0,,3,2,1,1,2,0,,1,2,1,2,0,,1,2,5,2,2,1,0,,1,2,5,1,1,5,5,2,2,2,0,,,,0,,0,,,,,,1,5,2,3,5,2,1,,,9,2,1,5,1,1,1,1,0,,0,,1,1,5,5,1,0,0,0,0,0,0,0,0,0,1,0,1,0,0,0,1,0,0,0,0,0,0,0,0,0,0,0,1,5,2,4,1,1,1,1,2,0,,,,,,0,,0,,,5,2,1,0,0,0,0,0,0,0,0,0,0,0,0,0,0,0,0,0,1,0,0,0,0,0,0,1,0,0,0,0,0,1,6,7,2,0,0,0,0,0,0,0,0,0,0,0,0,0,0,0,0,2,67.6,166.5,24.38474511,1,1,2
02ADL0128,222,1974,7/13/2017 10:00,7/13/2017,3,1,0,,2,2,4,3,5,7,3,5,8,2,5,0,,,0,,,2,2,0,,,,,,1,6,6,2,1,4,4,1,1,2,2,2,1,8,8,2,1,1,5,5,2,4,3,1,6,6,3,3,0,,,,,,,,,1,2,2,2,1,1,8,2,1,2,0,,,,5,2,1,1,1,1,1,1,1,1,1,1,1,1,1,1,1,2,0,,,,1,1,1,2,2,2,0,,3,3,1,2,7,3,8,3,8,3,1,7,7,1,8,3,1,1,1,1,0,,4,2,9,2,10,1,1,0,1,1,0,1,1,0,1,0,1,0,1,0,0,0,1,1,0,,1,4,4,2,3,,4,4,2,2,2,6,2,4,3,5,3,2,1,2,2,1,1,1,3,2,4,3,1,2,3,3,4,3,4,3,3,3,3,7,3,1,2,2,3,2,3,5,3,3,2,0,,0,,2,3,,,,0,,,,,,,,6,2,4,5,3,1,1,1,2,2,3,1,2,2,1,1,0,,1,3,1,3,8,2,1,2,1,1,2,1,5,3,4,5,1,3,7,1,2,1,3,3,3,4,2,3,2,1,1,2,1,2,3,3,3,3,2,5,2,6,3,5,3,3,5,1,0,,3,3,9,2,0,,7,2,1,7,2,1,8,3,8,3,4,3,2,3,4,3,9,1,1,0,1,1,0,1,1,0,0,,1,4,4,3,2,2,2,2,3,3,5,3,2,3,2,3,2,8,2,1,4,3,1,0,,0,,1,2,0,,0,,,0,,0,,,0,,4,3,1,4,3,7,2,3,2,1,2,0,,2,3,5,1,3,3,8,2,1,1,7,2,1,5,5,1,0,,6,5,1,1,1,5,0,,,,,,0,,,,,,,,,1,2,0,,1,1,1,1,1,2,0,,1,2,3,3,0,0,1,0,0,0,1,0,0,0,0,1,0,0,1,0,0,0,0,0,0,0,0,0,0,0,0,0,1,3,2,2,0,,,,,,,,,,,,,,,,,,,0,0,0,0,0,0,0,0,0,0,0,0,0,0,0,0,0,0,0,0,0,0,0,0,0,0,0,0,0,0,1,3,,2,0,0,0,0,0,0,0,0,0,0,0,0,0,0,0,1,1,84.3,173.1,28.1341267,2,1,2
02ADL0129,223,1979,7/14/2017 6:18,7/14/2017,12,1,0,,0,,1,2,0,1,2,1,0,,,6,3,1,0,,,6,3,1,2,2,2,5,1,0,,,,0,,,,1,1,1,2,1,9,9,1,4,1,2,1,2,2,3,1,1,1,3,5,1,3,1,1,5,1,1,1,2,0,,2,2,0,,9,2,3,3,0,,,,1,2,0,,,,0,,,,1,1,1,2,0,,,,0,,,,0,,9,3,4,2,3,3,0,,0,,3,2,4,2,1,2,1,3,3,2,3,2,0,,2,2,0,,3,2,4,2,3,0,1,0,0,0,0,0,0,0,0,0,0,0,0,0,0,0,,,0,,1,5,5,2,5,3,4,5,2,6,3,0,,1,3,1,3,1,1,2,4,2,1,1,7,2,3,2,0,,0,,5,2,5,2,1,7,2,7,2,4,1,2,,5,3,5,3,1,3,0,,1,3,1,3,4,2,5,2,5,2,2,4,3,1,1,5,3,1,1,1,1,1,1,2,2,5,2,4,3,1,1,0,,4,3,0,,0,,2,2,1,1,2,1,2,3,5,1,0,,4,2,2,5,1,2,1,2,3,1,2,1,2,3,0,,2,3,1,1,2,5,2,6,2,6,2,1,5,2,1,2,1,2,0,,0,,1,3,1,1,2,1,1,3,1,3,0,,2,3,0,,5,0,0,0,1,0,0,0,0,0,0,,1,5,5,2,2,2,1,2,3,2,2,0,,1,2,1,3,2,2,1,5,2,1,1,1,0,,2,2,1,2,7,2,1,0,,6,2,1,1,2,1,3,3,2,2,3,1,0,,0,,0,,1,1,5,1,1,1,4,2,7,1,8,3,1,5,1,1,0,,0,,,,1,2,1,2,2,1,,,1,1,1,1,,,2,2,1,2,2,1,1,1,1,0,,1,1,0,,1,3,6,6,1,0,0,0,0,0,1,1,0,0,0,0,1,0,1,0,0,0,0,0,0,0,0,0,0,0,0,0,1,2,3,1,1,0,,,,0,,,,,,0,,0,,,0,,,0,0,0,0,0,0,0,0,0,0,0,0,0,0,0,0,0,0,0,0,0,0,0,0,0,0,0,0,0,1,1,4,4,2,0,0,0,0,0,0,0,0,0,0,0,0,0,0,0,1,0,87.7,185,25.62454346,2,4,2
02ADL0130,224,1997,7/18/2017 8:43,7/18/2017,9,2,1,3,1,3,1,2,,2,2,,5,2,5,1,1,2,0,,,0,,1,2,3,2,5,2,1,5,5,3,1,1,1,2,1,2,2,2,1,7,7,2,4,1,5,2,3,2,3,1,1,0,2,2,1,2,1,1,2,5,1,2,2,0,,1,1,0,,3,2,0,,1,4,0,2,1,2,1,4,1,2,1,5,1,2,1,4,1,2,0,,,,1,4,0,2,4,3,4,2,5,2,1,2,3,1,0,,4,3,1,1,0,,1,2,1,1,3,1,0,,2,2,1,1,0,,7,2,9,0,1,1,1,0,1,0,0,0,6,0,0,0,1,0,0,0,2,1,3,1,1,7,4,2,3,2,3,3,1,2,1,5,2,2,2,2,1,1,1,1,5,2,1,2,4,2,7,2,2,2,0,,4,2,0,,,5,2,4,2,4,2,2,1,5,3,1,1,3,2,3,3,0,,4,2,2,3,3,0,,,,,,,,4,2,4,5,2,1,1,1,5,1,5,1,3,2,1,1,0,,5,2,2,3,5,3,0,,,2,3,2,0,,,,0,,3,2,2,5,4,2,4,3,2,2,2,1,2,3,3,2,1,1,3,1,1,1,2,4,2,6,2,2,5,3,2,2,4,2,3,1,0,,4,2,1,2,2,1,4,2,4,3,3,2,2,3,3,2,7,0,1,0,1,0,1,0,0,0,0,,1,5,2,2,1,4,4,3,4,2,5,4,3,0,,3,2,8,2,1,4,1,1,4,3,2,2,4,2,2,2,0,,,0,,4,2,2,4,2,4,2,1,3,2,3,1,2,2,2,1,0,,0,,,,,,2,2,3,2,6,2,1,5,5,2,2,1,2,2,5,2,2,2,1,4,1,5,3,2,1,3,1,3,2,2,5,2,2,6,1,0,,1,1,1,1,0,,1,3,1,3,4,5,1,1,0,1,1,0,1,1,0,0,1,1,0,0,1,0,0,0,1,1,1,0,0,0,0,0,0,0,0,,,,,,,,,,,,,,,,,,,,,,,0,0,0,0,0,0,0,0,0,0,0,0,0,0,0,0,0,0,0,0,0,0,0,0,0,0,0,0,0,0,1,6,4,2,0,0,0,0,0,0,0,0,0,0,0,0,0,0,0,0,0,95.2,170,32.94117647,3,2,2
02ADL0131,225,1972,7/18/2017 9:59,7/18/2017,3,1,0,,0,,5,2,3,1,2,1,2,1,1,2,2,3,0,,,1,2,1,4,3,2,1,1,0,,,,1,1,1,1,1,5,4,2,1,6,6,1,5,1,1,3,2,2,2,0,,,,,1,2,2,1,4,1,1,3,2,0,,3,2,0,,2,2,0,,0,,,,2,3,1,1,0,2,1,4,1,3,1,4,3,3,1,2,1,2,0,,,,1,2,0,,1,2,0,,0,,1,2,3,3,6,2,4,2,1,4,2,2,6,2,3,2,4,3,1,2,2,2,4,2,6,0,1,0,1,0,0,1,0,0,1,0,0,0,0,0,0,1,,,4,2,1,6,2,2,3,3,3,4,2,3,2,3,2,0,,3,2,4,2,1,5,2,1,,1,2,5,2,1,2,1,2,2,2,2,2,2,1,2,5,1,2,1,2,1,5,3,5,2,1,2,1,2,0,,4,2,4,2,1,2,2,2,1,3,3,3,3,2,2,4,3,2,1,1,1,2,2,4,1,3,3,1,,2,3,2,3,1,2,1,2,2,2,1,0,,,1,2,4,1,0,,1,1,2,2,1,2,4,2,2,1,2,1,2,2,2,3,2,3,5,0,,1,2,2,2,5,2,2,5,4,1,3,1,2,1,2,0,,3,2,1,0,,,1,3,1,3,1,2,1,2,0,,5,0,1,0,1,0,0,1,0,0,0,,1,1,1,2,2,2,2,2,4,2,5,4,3,3,2,1,2,5,2,1,4,2,1,1,2,1,2,5,2,0,,3,2,4,0,,4,3,1,0,,6,2,1,1,2,2,2,1,2,1,2,1,2,1,2,4,2,1,1,5,2,4,2,2,2,1,2,1,1,7,1,1,1,1,1,3,1,1,5,3,1,,,1,2,2,1,4,2,1,,,0,,0,,1,1,1,1,1,1,1,1,1,1,6,2,0,0,0,0,0,0,0,0,0,0,0,0,0,0,0,0,0,0,0,0,0,1,0,0,0,0,0,0,0,,,,0,,,,,,,,,,,,,,,,,,,0,0,0,0,0,0,0,0,0,0,0,0,0,0,0,0,0,0,0,0,0,0,0,0,0,0,0,0,0,0,2,4,5,2,0,0,0,0,0,0,0,0,0,0,0,0,0,0,0,1,1,72.7,190.2,20.09617415,1,4,2
02ADL0132,226,1992,7/19/2017 10:14,7/19/2017,6,2,0,,0,,1,3,0,1,2,1,1,2,2,1,1,2,0,,,3,2,1,1,1,1,1,1,1,1,1,1,1,1,1,1,1,3,1,2,1,8,8,2,5,2,2,2,2,1,2,1,1,0,1,1,6,2,1,1,2,4,1,2,2,0,,0,,0,,1,2,0,,1,1,0,2,1,2,0,,,,0,,,,1,1,0,2,0,,,,0,,,,2,2,0,,0,,0,,6,1,0,,0,,4,2,2,1,1,0,2,1,5,2,0,,2,1,0,,4,2,5,2,1,0,1,0,0,0,0,0,0,0,1,0,0,0,1,0,0,1,1,2,3,2,1,1,1,2,4,3,4,4,2,1,2,4,2,1,1,1,2,1,1,1,4,2,1,1,2,3,4,2,1,1,0,,3,2,0,,,0,,4,2,1,0,,,,,,,1,2,3,2,1,1,2,1,,,,1,1,2,2,1,3,4,2,3,2,5,1,1,1,1,3,1,2,5,1,3,3,1,1,0,,3,2,2,2,1,2,1,1,1,0,,,0,,,,1,3,4,1,2,5,1,2,5,0,,1,2,1,0,,0,,1,2,4,0,,0,,0,,0,,,,,1,2,1,2,1,2,0,,2,1,1,1,1,1,2,2,1,3,0,,4,2,0,,3,0,1,0,1,0,0,1,0,0,0,,0,,,,,,,,5,2,5,1,2,0,,0,,6,2,2,3,2,1,1,1,1,1,0,,7,2,7,2,5,0,,6,2,4,1,2,6,2,1,1,1,1,1,1,2,0,,0,,0,,,,,,1,1,0,,3,2,2,4,1,1,6,1,0,,,,1,3,0,,,,,,1,1,3,3,1,,1,,,0,,1,2,1,1,1,3,1,5,1,4,1,3,1,2,0,0,0,0,0,0,0,0,0,0,0,0,0,0,0,0,0,0,0,0,0,1,0,0,0,0,0,0,1,3,3,4,1,0,,,,0,,,,,,0,,0,,,0,,,0,0,0,0,0,0,0,0,0,0,0,0,0,0,0,0,1,0,0,0,0,0,0,0,0,0,0,1,0,0,1,5,3,2,0,0,0,0,0,0,0,0,0,0,0,0,0,0,0,0,0,63.7,160.1,24.85173812,1,2,2
02ADL0133,227,1940,7/20/2017 9:26,7/20/2017,12,1,3,2,0,,2,1,1,4,2,1,1,2,5,4,1,5,2,1,1,4,2,1,2,2,1,1,1,0,,,,0,,,,0,,,,1,7,7,2,1,1,5,1,2,0,,1,8,8,2,1,7,2,1,1,4,5,1,5,2,7,2,0,,0,,7,1,0,,0,,,,0,,1,1,1,1,1,1,0,1,1,1,0,1,0,,,,0,,,,0,,0,,7,2,7,2,0,,1,2,0,,7,2,6,3,0,,,,6,2,7,3,6,2,0,,7,2,4,1,1,0,1,0,1,0,0,1,0,0,0,0,0,0,0,0,0,0,,,0,,0,,,,7,3,4,7,2,0,,1,3,3,2,6,2,5,2,1,1,1,1,1,0,,6,2,0,,0,,0,,0,,,0,,4,2,1,3,2,1,1,1,5,2,0,,0,,1,3,1,2,1,1,3,0,,,,,,,,7,2,1,3,2,1,1,1,6,2,1,1,1,1,3,2,6,2,6,2,0,,7,3,0,,,4,2,3,7,2,5,5,6,2,0,,,,0,,,0,,0,,,0,,0,,0,,,0,,6,2,1,2,1,3,1,5,1,0,,0,,3,1,1,2,0,,,0,,,0,,0,,4,2,0,,0,,3,0,0,0,0,0,0,1,0,0,0,,1,4,4,2,1,2,1,3,0,,,4,2,4,2,4,3,4,1,1,0,,,0,,0,,0,,0,,7,2,5,0,,1,1,5,4,2,4,2,1,4,2,4,2,0,,0,,0,,4,2,4,1,1,1,0,,0,,7,2,3,3,5,1,0,,0,,,,5,3,0,,,,,,0,,,,,,,,,1,1,1,1,1,1,1,4,1,4,1,2,1,1,6,5,1,0,0,0,0,0,0,0,0,0,1,1,0,1,0,0,0,0,0,0,0,0,0,0,0,0,0,0,1,5,2,4,1,5,2,2,4,5,2,2,3,3,4,2,4,2,2,4,0,,,0,1,1,0,0,0,0,0,0,0,1,0,0,0,0,0,0,0,1,0,0,0,0,0,0,0,1,0,0,0,2,4,4,2,0,0,0,0,0,0,0,0,0,0,0,0,0,0,0,1,2,82.4,188.1,23.28893456,1,1,2
02ADL0134,228,1978,7/20/2017 10:38,7/20/2017,12,1,0,,1,2,3,2,3,2,2,1,4,2,1,2,2,1,2,2,1,2,2,1,3,3,2,1,4,1,3,2,3,1,2,2,2,1,4,4,2,1,8,8,3,5,1,1,1,2,3,2,1,9,3,2,3,7,2,1,1,3,3,1,1,2,1,1,2,2,4,3,5,2,2,3,1,5,3,2,3,2,1,3,3,2,1,1,0,3,1,3,3,1,1,4,4,2,0,,,,3,2,4,2,4,2,5,2,3,2,1,2,7,3,5,2,5,2,1,3,3,2,7,2,0,,7,3,0,,7,2,7,2,7,0,1,0,1,0,0,0,0,0,5,0,0,0,1,0,0,0,2,2,5,2,1,5,5,2,7,2,5,7,2,1,3,2,2,2,2,3,3,2,1,5,5,2,2,2,2,2,6,2,1,2,1,2,1,2,4,2,1,5,2,4,2,5,2,2,5,5,3,5,2,1,2,3,2,1,1,4,2,5,1,5,2,1,2,1,1,1,5,2,5,2,5,5,2,2,2,2,2,1,2,5,5,3,1,1,4,2,4,2,3,2,4,2,1,2,1,1,2,1,2,2,4,5,7,3,3,1,2,5,2,3,1,2,2,3,2,1,0,,1,2,6,3,4,2,2,0,,2,2,4,3,3,3,5,1,2,4,2,2,2,0,,4,3,1,4,2,1,2,2,1,2,1,2,2,2,0,,7,0,0,0,1,0,0,0,0,0,0,,1,1,1,2,1,2,3,2,3,2,5,3,3,3,2,3,2,4,2,1,3,2,1,1,1,2,2,2,2,0,,2,2,1,0,,6,2,1,1,2,2,2,1,2,2,2,3,2,3,0,,2,2,1,2,2,1,4,4,4,2,3,2,5,3,3,3,5,1,6,1,2,1,1,1,0,,1,5,2,1,,,1,5,2,3,5,2,1,,,4,2,1,1,1,1,1,1,1,1,1,1,1,2,5,2,0,0,0,0,0,0,0,0,1,0,0,0,0,0,0,0,0,0,0,0,0,0,0,0,0,0,0,0,0,,,,0,,,,,,,,,,,,,,,,,,,0,0,0,0,0,0,0,0,0,0,0,0,0,0,0,0,0,0,0,0,0,0,0,0,0,0,0,0,0,0,1,5,7,2,0,0,0,0,0,0,0,0,0,0,0,0,0,0,0,1,0,94.4,172.7,31.65099149,3,1,2
02ADL0135,229,1973,7/21/2017 10:16,7/21/2017,5,1,0,,0,,0,,,4,2,5,0,,,0,,,0,,,0,,0,,,,,,1,3,3,1,0,,,,0,,,,1,9,9,1,1,1,5,0,,0,,1,9,9,1,5,9,1,5,5,5,1,1,4,1,1,1,4,2,0,,5,2,0,,1,2,1,1,4,1,0,,,,0,,,,1,5,1,1,1,1,1,1,0,,,,0,,1,1,1,1,0,,1,1,1,1,0,,1,1,1,1,1,2,2,2,0,,0,,1,2,0,,1,1,5,3,0,0,0,0,0,0,0,0,0,0,0,0,0,0,0,0,0,0,,,1,2,1,2,2,3,2,3,3,3,2,1,2,3,1,1,2,1,3,1,1,1,1,2,2,1,2,1,1,2,3,1,0,,1,1,3,1,3,0,,1,2,3,0,,,,,,,2,2,0,,4,2,0,,,,,1,2,2,1,1,1,1,1,8,2,3,,1,,2,1,0,,,,,,,,0,,6,3,6,1,2,2,0,,,0,,,0,,,,3,1,0,,,,0,,,1,1,0,,,0,,1,2,1,1,1,0,,0,,0,,4,1,2,1,1,0,,0,,0,,0,,0,,,0,,,0,,1,1,1,1,1,1,1,1,0,0,0,0,0,0,0,0,0,0,0,,0,,,,,,,,1,2,1,0,,0,,1,3,1,1,2,0,,,1,1,1,1,1,1,0,,1,1,1,1,1,1,1,1,0,,0,,,0,,1,1,1,1,0,,1,1,0,,,,,,1,2,0,,1,2,2,2,2,2,0,,0,,,,0,,0,,,,,,0,,,,,,,,,1,1,1,1,0,,0,,0,,0,,1,,2,1,1,0,0,0,1,0,0,1,0,0,0,0,0,1,0,0,0,0,0,0,0,0,0,0,0,0,0,0,0,,,,0,,,,,,,,,,,,,,,,,,,0,0,0,0,0,0,0,0,0,0,0,0,0,0,0,0,0,0,0,0,0,0,0,0,0,0,0,0,0,0,1,5,5,2,0,0,0,0,0,0,0,0,0,0,0,0,0,0,0,1,1,118.9,169.2,41.53183665,3,1,2
02ADL0136,230,1944,7/24/2017 9:00,7/24/2017,10,1,0,,2,1,1,1,2,2,1,2,1,1,1,0,,,0,,,0,,1,6,6,2,5,3,1,3,2,1,0,,,,1,2,1,1,1,8,8,1,3,1,5,1,1,1,1,1,6,3,1,2,9,1,2,2,3,2,1,4,1,,,3,2,1,1,7,2,6,3,1,5,5,1,5,1,1,3,3,1,1,3,3,1,1,4,5,2,1,4,3,2,0,,,,3,1,4,2,3,2,6,2,1,1,1,1,6,2,1,1,5,2,1,6,4,3,4,3,4,3,1,1,0,,7,3,8,3,8,1,0,0,0,0,1,1,0,0,7,0,1,0,0,0,0,1,2,3,6,3,1,8,8,3,6,3,2,7,1,5,2,5,2,1,1,5,3,1,1,4,3,2,2,2,3,2,6,2,1,1,3,2,5,2,4,2,3,4,3,6,3,1,1,2,3,4,3,5,2,3,2,0,,0,,3,2,4,2,2,1,2,2,3,2,3,3,3,5,2,4,3,1,3,3,3,3,1,3,2,4,3,1,1,1,1,1,2,4,2,3,2,5,2,2,3,2,2,0,,,,1,2,4,2,2,4,3,2,3,5,2,3,2,2,3,2,3,2,1,2,2,1,2,1,1,3,2,3,2,2,3,1,3,2,1,2,3,2,0,,1,2,2,3,2,2,5,2,3,2,0,,5,2,3,2,4,0,1,0,0,0,1,0,0,0,0,,1,5,6,,2,2,2,2,5,2,4,4,2,1,2,1,2,5,2,2,3,1,2,1,1,0,,5,2,5,2,3,2,2,0,,5,2,2,3,2,5,2,2,3,2,6,2,3,2,3,2,0,,1,2,3,3,2,3,5,2,5,1,3,2,1,4,4,3,6,2,6,2,2,,6,2,0,,,,,,0,,,,,,,,,1,1,1,5,1,3,1,2,1,3,1,2,1,3,5,5,0,0,0,1,0,0,0,1,0,0,1,1,0,0,1,0,0,0,0,0,0,0,1,1,1,0,0,0,1,5,2,4,1,1,2,1,4,5,4,2,2,2,4,5,4,5,2,4,0,,,0,0,0,0,0,0,0,0,0,0,1,0,0,0,0,0,0,0,0,1,0,0,0,0,1,0,0,0,0,0,2,3,,2,0,0,0,0,0,0,0,0,0,0,0,0,0,0,0,1,2,68.4,170.5,23.52920942,1,0,2
02ADL0137,231,1950,7/24/2017 10:50,7/24/2017,4,2,0,,1,1,0,,,0,,,2,2,4,0,,,0,,,0,,1,3,3,1,4,2,1,3,3,1,0,,,,0,,,,1,8,8,1,3,1,1,1,1,0,,,,,,,1,1,1,1,2,2,1,2,1,0,,3,1,1,1,0,,4,1,1,2,4,2,9,2,1,2,2,2,1,1,1,1,1,4,2,2,1,6,1,3,0,,,,1,2,9,3,5,2,6,3,1,1,2,3,2,3,3,2,3,2,1,2,1,2,2,2,4,3,1,2,2,2,2,2,6,2,6,0,0,0,0,0,1,0,0,0,0,0,0,0,0,0,0,0,,,5,2,1,4,4,2,6,3,4,7,1,3,2,4,1,1,1,4,2,1,,4,4,2,1,,2,2,0,,1,1,1,2,3,2,5,2,2,5,3,2,2,1,0,,,,,,,1,2,0,,1,1,2,2,,,,2,3,2,5,2,2,4,1,5,2,2,1,,1,1,2,2,1,2,3,1,3,1,,0,,4,2,0,,1,2,0,,,0,,,0,,,,1,2,1,1,2,1,1,2,2,2,2,1,1,3,2,2,1,2,1,2,5,1,2,0,,2,2,2,2,1,3,1,0,,0,,2,2,0,,0,,,1,1,4,2,2,2,2,0,,1,2,2,2,2,0,0,0,0,0,1,1,0,0,0,,1,3,2,2,1,1,3,4,3,2,2,6,2,0,,1,1,3,2,2,1,2,2,2,2,1,1,9,1,0,,9,2,4,9,1,1,2,3,1,2,4,2,2,1,2,1,1,2,2,1,1,0,,1,1,1,1,1,3,6,1,1,1,2,1,1,5,5,1,6,1,1,3,1,,6,3,,,,,,,0,,,,,,,,,0,,1,5,1,3,1,4,0,,1,3,1,4,6,5,1,0,0,0,1,0,0,0,0,0,1,0,0,0,0,0,0,0,0,0,0,0,0,0,0,0,0,0,1,5,3,3,0,,,,,,,,,,,,,,,,,,,0,0,0,0,0,0,0,0,0,0,0,0,0,0,0,0,0,0,0,0,0,0,0,0,0,0,0,0,0,0,2,,,2,0,0,0,0,0,0,0,0,0,0,0,0,0,0,0,0,2,56.4,153.5,23.93659349,1,0,2
02ADL0138,234,1958,7/25/2017 8:03,7/25/2017,10,2,0,,0,,0,,,0,,,0,,,0,,,0,,,0,,0,,,,,,1,0,0,,0,,,,0,,,,1,7,6,1,4,2,1,0,,0,,0,,,,,4,2,1,1,4,1,0,6,1,1,2,,,1,2,0,,1,2,1,10,1,2,7,3,0,,,,0,,,,1,1,0,2,1,1,1,2,1,1,1,3,3,3,10,3,4,2,2,3,2,3,1,2,9,3,4,2,4,2,1,4,4,2,5,3,5,3,3,1,0,,4,2,0,,4,0,0,0,0,0,0,1,0,0,0,0,0,0,0,0,0,0,,,1,1,1,1,2,3,4,3,4,1,1,4,2,0,,0,,1,2,1,1,2,1,1,2,2,0,,0,,0,,0,,0,,3,2,1,8,3,5,2,2,0,,,,,,,0,,3,1,1,2,4,1,1,1,2,0,,,,,,,,0,,,,,,,,0,,,,,,,,0,,1,1,0,,0,,0,,,0,,,0,,,,0,,0,,,,0,,,0,,0,,,0,,0,,0,,,0,,0,,0,,0,,,,,0,,0,,0,,0,,0,,,0,,,0,,0,,0,,0,,0,,0,0,0,0,0,0,0,0,0,0,0,,1,5,4,2,3,2,3,1,0,,,6,2,0,,0,,1,2,5,0,,,6,2,1,3,2,2,1,2,10,2,5,3,2,1,2,2,9,2,0,,,0,,0,,0,,0,,0,,0,,,,,,0,,2,2,10,3,5,1,1,1,7,2,0,,,,0,,0,,,,,,1,4,1,2,1,,1,,,0,,1,4,0,,1,5,1,5,1,5,1,5,6,8,0,0,0,0,0,0,0,0,0,0,1,0,0,0,0,0,0,0,0,0,0,0,1,1,1,1,0,0,1,4,1,4,0,,,,,,,,,,,,,,,,,,,0,0,0,0,0,0,0,0,0,0,0,0,0,0,0,0,0,0,0,0,0,0,0,0,0,0,0,0,0,0,2,,,2,0,0,0,0,0,0,0,0,0,0,0,0,0,0,0,0,1,43.8,159.8,17.15222877,0,1,2
02ADL0139,235,1952,7/25/2017 10:40,7/25/2017,2,1,0,,0,,0,,,0,,,0,,,0,,,1,1,5,1,2,1,9,9,3,5,1,0,,,,0,,,,0,,,,1,1,1,1,2,4,5,0,,0,,1,6,6,2,1,2,2,1,3,3,1,1,3,2,0,,0,,0,,0,,0,,0,,,,0,,0,,,,0,,,,0,,,,0,,,,0,,,,0,,0,,6,3,0,,1,2,1,2,0,,3,2,5,3,1,1,1,2,2,3,5,3,0,,1,2,3,2,8,3,2,0,1,0,0,0,0,0,0,0,0,0,0,0,0,0,0,0,,,2,3,1,1,1,1,0,,,0,,0,,4,2,4,2,4,3,3,2,1,3,2,2,2,2,2,3,2,2,3,3,3,2,2,5,2,2,3,3,6,3,1,2,2,1,5,3,5,2,3,3,,,1,3,3,2,5,1,1,1,5,2,1,5,3,4,2,7,3,3,4,2,1,3,2,8,1,2,1,3,3,1,1,0,,6,2,4,2,2,2,4,2,3,2,2,3,3,2,5,5,0,,3,2,2,5,3,1,5,5,2,1,2,3,3,2,3,2,0,,,1,1,1,2,3,2,1,1,1,3,5,1,2,2,2,5,2,0,,3,2,1,1,2,1,1,2,1,2,3,2,0,,2,2,1,0,0,0,0,0,0,0,0,1,0,,1,4,4,2,1,4,2,2,0,,,2,2,2,2,4,2,1,2,3,1,1,1,2,2,1,1,4,2,6,2,6,2,4,0,,5,2,4,6,2,4,2,2,3,2,5,3,3,3,5,3,0,,0,,,,,,4,3,6,3,7,2,3,3,5,1,7,1,0,,,,0,,0,,,,,,0,,,,,,,,,0,,0,,1,5,1,3,,,1,3,0,,4,1,0,0,1,0,1,0,0,1,0,0,0,1,0,0,0,0,0,1,0,0,0,0,0,0,0,0,0,0,0,,,,1,1,3,1,1,0,,,,,,0,,0,,,0,,,0,0,0,0,0,0,0,0,0,0,0,0,0,1,0,0,0,0,0,0,0,0,0,1,0,0,0,0,0,0,2,1,7,2,0,0,0,0,0,0,0,0,0,0,0,0,0,0,0,1,2,113.2,182.4,34.02489227,3,4,2
02ADL0141,,1962,,7/27/2017,4,1,0.5,2,1,2,3,2,3,2,2,1,1,2,5,3,1.5,1,2,2,2,0,,1,4,4,2,4.5,1,0.5,3,3,2,0,,,,0,,,,1,7,7,1.5,3.5,1,2,0,,1,1,1,6,4,1.5,3,5.5,2,1.5,1.5,3.5,1,0.5,2,1.5,0.5,2,2.5,2,0.5,2,7,2,1,2,1,2,3,1.5,3.5,1,0.5,6,3,2,0.5,8,5,2,1,3.5,1.5,2,1,4,1.5,2.5,0.5,6,2,2,4.5,2,4.5,2.5,1.5,2,3,3,2.5,1.5,1.5,2,3.5,2,3,2,2.5,1.5,1,4,2,2,3.5,2,2.5,2,2.5,2.5,1,2,4,1.5,4.5,2,5,0,1,0.5,0,0,0,0.5,0,0,2,0,0.5,0,0,0.5,0,0,1,2,3,3,1,4.5,4.5,2.5,5.5,2.5,2.5,5,1.5,1,2,4.5,2,4,2,4.5,2,1.5,1.5,3.5,3.5,2,1.5,1,3.5,2.5,4,1.5,3,2,2,2,3.5,2.5,4.5,1.5,2,5.5,2,5.5,1.5,1,1.5,2,1.5,2.5,2,3,1.5,0.5,2,1,2,0.5,2,3,1.5,3.5,2,2,1,2,2,1,1,1,3,2,5.5,2,4,2,1.5,1,2.5,2,4,1.5,4.5,1.5,3,1.5,1,1,2.5,1.5,5,2,1.5,2,3,1.5,3,2,2,0.5,2,3,3.5,2,5,2.5,0.5,2,2.5,2,2,2.5,2.5,2,3,2.5,2,2.5,2,1,3,2,1.5,2,1.5,2,4.5,1,2,0.5,2,2.5,1.5,5.5,2,3,4,2.5,1.5,2,4,2,2.5,1,1,2,4,1.5,1.5,3,1.5,1.5,3,2.5,3,2.5,0.5,2,2.5,2,1.5,2,7.5,0,0,0,0,0,0.5,1,0,0,0.5,2,1,4.5,3.5,2,1.5,2,2,3,3.5,2,4,3,1.5,2,2,2.5,2,4,1.5,1.5,4,1.5,1.5,1.5,1,2,2,4.5,1.5,2,2,2.5,2,4,1,1,5,1.5,2,0.5,2,2.5,2,1.5,3.5,1.5,5,1.5,5,2,2.5,1.5,2.5,1.5,2.5,1.5,3,2.5,1.5,1.5,4,1.5,6,2,5,2,1,5,3.5,2.5,3.5,1,1,1,1,2,3,5,0.5,1,1,5,1,2,0.5,5,1,1,2,1,1,,,0.5,1,0.5,1,1,1,1,2,0.5,3,0.5,3,1,2,4.5,4.5,0.5,0,0.5,0,0.5,0,0,1,1,0.5,0,0.5,0,0.5,0.5,0,0.5,0.5,0,0.5,0,0,0,0,0,0,0,0,0.5,5,2,1,0.5,2,1,1,4,0,,,,,,0,,2,1,2,2,2,2,0,0,0.5,0,0,0,0,0.5,0,0,0,0,0,0,0,0,0,0,0,0,0,0,0,0,0,0,0,0,0,0,1.5,5.5,4.5,2,0,0,0,0,0,0,0,0,0,0,0,0,0,0,0,1,1.5,112.5,184.35,33.1402336,2.5,2,2
02ADL0142,239,1949,7/28/2017 7:17,7/28/2017,10,1,0,,0,,1,2,3,0,,,0,,,0,,,0,,,0,,1,1,1,2,5,4,0,,,,0,,,,1,2,1,2,1,7,7,2,1,1,5,6,2,1,2,1,1,1,2,5,1,1,1,1,1,1,0,7,,0,,1,1,1,1,7,2,,,1,1,1,2,2,2,1,2,1,2,1,2,1,2,1,2,1,2,1,1,1,2,0,,,,1,1,1,2,1,2,0,,1,2,0,,1,2,4,3,1,3,1,1,1,2,4,3,1,3,4,3,1,3,2,3,1,3,8,0,0,0,1,0,0,0,0,0,1,1,0,0,0,0,0,0,2,1,4,3,1,5,5,2,8,3,5,8,1,3,2,2,2,1,2,4,3,1,1,4,1,2,1,2,2,2,1,1,1,3,1,,2,2,1,3,2,5,3,4,2,2,6,2,5,5,2,1,1,1,2,1,2,1,3,2,2,,,,7,2,2,5,5,2,1,1,5,2,1,1,1,1,1,1,6,2,3,5,1,3,1,1,6,2,6,2,0,,0,,1,2,1,1,2,3,0,,,,0,,1,2,2,5,1,3,3,4,2,0,,,0,,1,3,3,3,3,1,2,1,2,1,2,6,2,1,3,1,1,3,5,2,1,2,0,,6,1,3,1,1,2,3,3,4,3,4,2,0,,5,2,5,0,0,0,1,0,0,0,0,0,1,2,1,5,1,2,3,1,2,4,1,2,2,6,3,1,2,1,2,1,2,2,2,2,1,2,2,1,2,8,2,8,2,7,2,5,0,,7,2,3,7,2,1,3,3,3,2,4,2,2,2,3,2,1,2,2,1,2,2,2,3,7,1,7,2,4,1,3,3,2,2,7,1,6,2,1,2,1,2,0,,,,,,0,,,,,,,,,2,1,1,5,1,1,0,,1,3,1,3,1,5,7,6,0,0,0,0,0,0,0,0,0,0,0,0,0,0,0,0,0,0,0,0,0,1,0,0,0,0,0,0,0,,,,1,2,2,3,3,0,,,,,,0,,1,3,3,0,,,0,0,0,0,0,0,0,0,0,0,1,0,0,0,0,0,0,0,0,0,0,0,0,0,1,0,0,0,0,0,1,5,5,2,0,0,0,0,0,0,0,0,0,0,0,0,0,0,0,1,2,77.5,176,25.01936983,2,4,2
02ADL0143,240,1947,7/28/2017 9:51,7/28/2017,7,2,0,,1,2,2,3,3,1,2,3,0,,,0,,,0,,,0,,1,2,1,3,1,1,0,,,,0,,,,1,3,1,1,1,9,8,2,5,1,1,1,1,0,,1,7,5,3,5,9,1,1,1,5,1,0,,,1,2,7,2,1,1,8,2,1,1,1,1,0,2,2,2,1,2,1,1,1,1,0,2,1,1,1,2,0,,,,1,2,1,3,1,2,2,2,6,2,6,2,1,2,1,3,1,2,1,2,1,2,1,1,1,2,5,2,3,2,1,2,1,2,0,,7,2,0,0,0,0,0,0,0,0,0,0,6,0,1,0,0,1,1,0,2,3,6,2,1,8,4,3,4,3,4,2,2,2,2,0,,1,2,1,2,2,2,1,5,2,3,2,3,2,1,1,0,,0,,4,2,4,3,1,7,3,7,2,2,0,,,,,,,1,2,1,2,0,,1,2,1,3,2,0,,,,,,,,6,2,1,1,,1,1,1,5,2,1,1,5,3,1,2,0,,2,2,0,,0,,0,,,0,,,4,3,2,1,0,,0,,,,0,,,0,,1,2,3,0,,0,,0,,,0,,0,,0,,0,,,,,0,,0,,0,,0,,0,,,0,,,0,,0,,1,2,0,,0,,1,0,1,0,0,0,0,0,0,0,7,2,1,6,1,2,1,2,5,1,4,2,1,0,,1,2,1,2,1,2,1,7,1,1,5,2,0,,9,2,1,1,9,3,1,1,2,8,3,1,1,2,0,,,1,1,1,1,0,,1,2,0,,1,1,1,1,1,5,1,1,1,1,4,2,1,5,2,1,1,1,1,1,1,,2,5,0,,,,,,0,,,,,,,,,1,1,0,,1,1,1,1,1,1,1,1,1,1,6,7,1,0,0,0,0,0,0,0,1,0,0,0,0,0,0,0,0,0,0,0,0,0,1,1,1,0,0,0,0,,,,1,0,,,,0,,,,,,0,,0,,,0,,,1,1,1,0,0,0,0,0,0,0,1,1,0,0,0,0,0,1,1,0,0,0,0,0,0,0,0,0,0,1,2,6,7,2,0,0,0,0,0,0,0,0,0,0,0,0,0,0,0,0,2,52.3,172.6,17.55577904,0,4,2
02ADL0144,243,1997,7/31/2017 7:12,7/31/2017,9,2,0,,0,,1,2,1,2,2,1,2,2,3,1,2,1,0,,,0,,1,3,3,2,1,5,1,2,1,2,1,1,1,1,0,,,,1,8,8,2,4,1,1,2,2,1,2,1,4,4,1,4,2,2,3,2,2,2,1,1,2,0,,1,2,0,,1,2,1,2,0,,,,2,2,0,,,,1,1,1,3,0,,,,0,,,,0,,,,1,1,2,2,2,1,4,2,0,,0,,4,3,0,,1,2,1,4,5,2,0,,0,,1,1,1,1,4,2,7,1,4,0,1,0,1,0,0,1,0,0,1,0,1,0,1,0,0,0,1,2,6,2,1,6,6,1,6,2,5,7,2,6,2,7,2,6,2,7,2,5,2,3,5,2,5,1,7,2,7,2,6,2,4,2,6,3,6,1,2,4,2,6,1,5,6,2,2,3,2,5,2,6,2,5,2,5,2,5,2,5,1,5,8,3,2,1,1,1,5,2,8,2,4,5,1,1,1,1,6,1,4,1,2,2,1,1,0,,10,2,4,2,8,2,8,2,3,0,,,0,,,,1,2,6,2,2,5,4,2,5,7,2,1,2,4,4,1,4,2,2,2,5,3,1,1,2,7,2,7,2,3,5,2,0,,3,1,5,1,0,,4,1,2,4,1,3,4,2,1,2,0,,0,,0,,7,0,1,0,1,0,0,1,0,0,0,,1,2,2,2,1,5,3,4,3,2,5,3,1,1,2,4,2,4,2,3,4,2,3,3,2,1,2,4,2,6,2,0,,,0,,7,2,3,5,2,0,,,1,2,3,2,2,2,3,2,0,,0,,,,,,3,2,5,2,6,2,1,4,1,1,1,1,0,,,,0,,1,3,2,4,2,2,0,,,,,,,,,0,,1,5,1,5,1,3,1,3,1,1,1,1,3,2,1,1,1,0,1,0,0,1,1,0,0,1,0,0,0,0,0,0,0,0,0,0,0,0,0,0,0,0,0,,,,0,,,,,,,,,,,,,,,,,,,0,0,0,0,0,0,0,0,0,0,0,0,0,0,0,0,0,0,0,0,0,0,0,0,0,0,0,0,0,0,1,4,3,2,0,0,0,0,0,0,0,0,0,0,0,0,0,0,0,0,0,51.2,159.3,20.17615517,1,2,2
02ADL0145,244,1957,8/1/2017 9:52,8/1/2017,8,2,0,,1,1,4,2,5,2,2,5,1,1,2,7,2,2,0,,,3,2,1,7,1,2,1,2,0,,,,0,,,,0,,,,1,6,7,2,1,5,2,0,,2,1,1,6,6,2,5,7,2,1,1,1,5,1,2,1,3,1,4,2,4,2,3,2,5,2,0,,,,4,2,1,4,3,3,1,0,0,,1,1,0,2,0,,,,1,5,3,2,0,,4,2,4,3,0,,0,,1,3,2,3,4,3,2,2,1,4,4,2,5,3,3,3,0,,0,,4,2,7,3,5,1,0,0,1,0,0,0,1,0,0,0,0,0,0,0,0,0,,,3,3,1,4,4,2,6,3,3,6,2,0,,2,2,0,,4,3,2,2,1,5,2,2,2,1,3,4,2,1,3,1,1,2,2,2,3,1,1,3,5,2,5,5,2,5,2,3,5,2,1,2,5,2,0,,2,2,,,,0,,,,,,,,6,2,5,5,2,1,1,1,0,,,,,,,,2,2,2,2,0,,0,,1,2,1,2,2,1,3,2,5,5,2,2,0,,,,1,2,5,2,2,2,2,1,2,2,1,2,1,2,3,2,2,2,2,1,2,4,2,2,1,4,0,,3,2,2,2,2,3,5,2,4,3,1,4,2,2,1,3,2,2,2,2,2,2,6,1,1,0,1,0,0,0,1,0,0,,1,2,1,2,2,2,4,5,3,2,5,6,2,0,,2,2,2,2,1,2,2,1,2,2,1,2,4,2,0,,4,1,3,1,2,1,1,1,0,,4,2,1,4,2,1,1,2,2,0,,1,2,2,2,5,1,3,1,4,2,0,,4,2,1,5,5,3,6,3,6,3,5,2,1,2,1,5,1,4,3,3,1,4,2,1,2,3,2,3,5,4,3,1,3,1,3,1,1,1,3,1,1,1,4,4,3,0,0,0,0,0,0,0,0,0,0,0,0,0,0,1,0,0,0,0,0,0,0,0,0,0,0,0,0,0,,,,0,,,,,,,,,,,,,,,,,,,0,0,0,0,0,0,0,0,0,0,0,0,0,0,0,0,0,0,0,0,0,0,0,0,0,0,0,0,0,0,2,3,5,2,0,0,0,0,0,0,0,0,0,0,0,0,0,0,0,0,1,82.2,166,29.83016403,2,1,2
02ADL0146,246,1947,8/1/2017 13:24,8/1/2017,7,2,0,,1,2,1,2,2,0,,,0,,,3,2,4,0,,,0,,1,1,1,2,1,1,0,,,,0,,,,1,1,1,2,1,9,9,2,4,1,1,1,2,0,,1,1,1,2,5,1,2,5,3,1,2,1,4,3,1,2,3,2,3,2,3,2,0,,1,1,1,2,1,2,1,4,4,2,1,2,2,2,1,3,3,2,1,4,4,2,1,3,3,2,1,2,0,,1,2,5,2,3,2,1,2,1,2,3,2,3,2,1,1,1,2,0,,1,2,0,,1,2,4,2,6,2,5,1,0,0,1,0,0,1,0,0,4,1,0,0,1,0,0,0,2,2,0,,1,3,3,2,6,2,1,6,2,1,2,1,2,3,2,3,2,1,1,5,1,1,1,1,0,,5,2,1,2,1,2,1,2,1,2,5,0,,6,2,3,1,2,5,5,3,5,2,1,2,1,2,1,2,3,2,5,1,5,0,,,,,,,,5,2,1,4,2,3,1,3,1,2,1,3,1,3,1,1,1,2,3,2,1,2,5,2,5,2,5,0,,,4,2,5,3,1,2,1,2,2,1,1,2,5,1,2,1,2,3,1,2,3,2,1,2,5,3,2,1,2,2,2,3,2,3,2,1,1,2,3,2,2,2,0,,1,2,5,1,2,5,1,2,1,2,0,,1,2,1,2,6,1,0,0,1,0,0,0,0,0,0,,1,1,0,2,3,3,3,2,1,2,5,2,2,3,2,5,2,1,2,1,0,,,5,2,1,2,1,2,0,,3,2,3,0,,4,2,3,1,2,1,2,3,1,2,1,2,1,3,0,,0,,0,,,,,,1,2,1,2,4,2,1,,5,2,7,1,1,1,5,2,2,1,1,4,2,5,2,3,1,5,2,2,5,2,1,,,0,,1,5,0,,1,5,0,,0,,1,5,5,5,0,0,0,0,0,0,0,0,0,0,0,0,0,0,0,0,0,0,0,0,0,1,0,0,0,0,0,0,1,5,1,4,0,,,,,,,,,,,,,,,,,,,0,0,0,0,0,0,0,0,0,0,0,0,0,0,0,0,0,0,0,0,0,0,0,0,0,0,0,0,0,0,3,,5,2,0,0,0,0,0,0,0,0,0,0,0,0,0,0,0,0,2,92.5,160,36.1328125,3,4,2
02ADL0147,248,1945,8/3/2017 10:00,8/3/2017,3,1,0,,,,6,2,0,0,,,0,,,1,2,4,0,,,0,,0,,,,,,0,,,,0,,,,1,1,1,2,1,6,6,2,5,1,1,3,2,0,,1,7,7,1,5,1,1,5,1,1,1,1,4,2,0,,4,2,1,2,1,2,9,2,1,1,1,2,3,2,0,,,,0,,,,1,9,4,3,1,9,9,2,0,,,,1,2,6,2,4,2,1,1,1,1,1,1,4,3,4,2,4,2,1,2,4,2,3,2,1,2,1,2,1,2,0,,7,2,6,0,1,0,1,0,0,1,0,0,0,0,0,0,0,0,0,0,,,1,2,1,8,7,2,7,2,4,7,2,1,2,2,2,1,2,4,2,3,2,1,3,2,3,2,4,2,1,2,0,,0,,2,2,4,2,2,6,2,4,2,5,0,,,,,,,1,1,0,,0,,4,1,1,5,1,3,5,2,1,2,2,4,1,7,2,1,2,1,1,1,2,4,2,3,1,5,3,1,1,1,2,0,,2,2,0,,6,2,1,6,2,1,0,,,,0,,0,,,,1,2,5,2,2,0,,,1,2,1,2,1,2,5,0,,1,2,1,2,6,2,1,3,2,1,2,3,2,1,2,0,,2,2,1,3,2,1,3,2,3,2,0,,1,2,1,2,0,0,0,0,0,0,0,0,0,0,0,,1,5,4,2,2,2,2,1,4,2,5,4,2,2,2,0,,4,1,1,5,1,1,0,,0,,9,2,1,2,7,2,5,1,2,8,2,1,0,,1,2,1,1,2,1,2,0,,0,,0,,1,2,3,2,1,1,1,2,0,,6,2,1,5,3,1,6,1,7,2,5,2,2,1,1,1,1,5,2,2,1,1,2,3,5,2,1,,,0,,0,,1,1,1,1,1,1,1,1,1,1,7,6,0,0,1,0,1,1,0,0,1,0,1,0,1,0,0,0,0,0,0,0,0,0,0,0,0,0,0,0,1,3,2,4,1,3,2,1,4,0,,,,,,0,,0,,,0,,,0,0,0,0,0,0,0,0,0,0,0,0,0,0,0,0,0,0,0,0,0,0,0,0,0,0,0,0,0,0,1,3,3,2,0,0,0,0,0,0,0,0,0,0,0,0,0,0,0,1,2,68.7,179.4,21.34577167,1,4,2
02ADL0148,249,1956,8/4/2017 8:42,8/4/2017,9,2,0,,0,,0,,,0,,,6,2,5,0,,,0,,,1,1,1,1,1,1,5,1,0,,,,0,,,,0,,,,1,8,7,2,2,4,2,2,1,0,,0,,,,,1,1,1,1,5,1,1,4,1,0,,1,2,0,,4,2,8,1,1,6,1,2,8,1,1,1,1,1,1,2,1,2,1,8,7,2,1,4,3,2,0,,,,1,2,9,1,1,2,7,2,1,1,0,,3,1,3,1,1,1,1,5,4,2,3,2,3,2,3,2,2,2,2,1,3,2,4,0,0,0,1,0,0,0,0,0,0,0,0,0,0,0,0,0,,,5,2,1,5,1,1,9,3,5,9,1,3,1,1,1,0,,1,1,1,1,3,3,1,1,1,1,1,3,1,0,,2,2,1,2,2,3,1,8,2,4,1,2,0,,,,,,,1,2,0,,0,,3,2,4,2,1,0,,,,,,,,3,2,1,1,1,1,1,1,3,1,2,1,1,1,1,1,0,,4,1,0,,0,,0,,,0,,,1,2,5,1,1,2,0,,,,3,2,5,2,2,0,,,1,2,1,2,2,2,5,1,2,4,2,0,,5,2,1,1,3,0,,2,2,0,,0,,0,,,1,1,5,4,2,4,2,5,2,0,,4,2,3,0,0,0,1,0,0,0,0,0,0,,1,5,2,2,2,1,4,4,3,2,2,3,1,1,2,0,,1,1,1,2,1,1,4,2,2,1,8,1,9,2,5,2,5,0,,7,2,1,1,1,2,1,5,1,1,2,1,0,,0,,0,,0,,,,,,1,1,3,1,4,2,1,5,2,1,,,3,1,5,2,2,2,1,1,1,5,3,3,1,1,1,4,1,,5,3,4,0,,1,2,1,2,0,,0,,1,5,1,1,6,5,1,0,0,0,0,0,0,0,0,0,0,0,0,0,0,0,0,0,0,0,0,0,0,0,0,0,0,0,0,,,,1,0,,,,5,4,2,2,2,4,0,,0,,,5,4,4,0,0,0,0,0,0,0,0,0,0,0,0,0,0,0,0,1,1,0,0,0,0,0,0,0,0,0,0,0,0,1,2,3,2,0,0,0,0,0,0,0,0,0,0,0,0,0,0,0,0,2,57.2,169.8,19.83904018,1,4,2
02ADL0149,250,1996,8/7/2017 10:21,8/7/2017,6,1,1,3,1,2,2,3,2,3,3,2,1,2,1,1,2,2,0,,,2,2,1,1,1,2,1,3,1,2,2,2,0,,,,1,3,3,3,1,7,6,2,3,1,3,1,3,3,2,1,3,3,3,1,6,2,1,2,4,2,1,2,2,1,2,1,1,1,3,6,2,3,2,1,2,1,2,6,2,1,2,1,2,1,4,1,2,1,4,1,2,1,10,5,2,1,1,0,1,1,1,1,1,4,2,1,2,2,2,1,1,4,2,4,2,4,2,1,3,2,2,3,2,3,2,3,2,1,2,4,2,4,2,5,1,1,0,1,1,1,1,1,0,4,0,1,0,1,0,0,0,2,2,3,2,1,4,2,2,4,2,2,4,1,3,1,4,2,3,2,4,1,1,1,1,2,1,2,2,2,3,5,3,4,2,2,2,3,2,3,2,2,1,1,6,2,1,3,1,,5,3,5,2,3,3,1,2,1,2,4,3,5,1,2,3,3,2,1,3,3,4,2,5,2,1,1,1,1,2,3,2,2,2,1,4,3,1,2,3,2,4,2,3,2,0,,0,,,0,,,0,,,,1,2,4,2,2,3,4,3,3,3,3,2,2,2,4,3,3,2,4,2,2,1,2,0,,3,2,4,3,3,3,4,1,2,3,2,2,2,0,,4,2,3,4,2,2,3,1,1,2,3,2,2,2,3,2,4,0,1,0,1,1,1,1,1,0,4,2,1,4,1,2,1,2,3,4,4,3,5,1,1,2,2,1,2,3,2,1,3,2,2,1,2,1,1,4,3,4,2,3,2,3,0,,3,2,1,3,2,3,3,2,1,2,4,3,4,3,3,2,3,2,3,2,3,1,1,2,4,2,4,2,7,2,1,3,4,2,5,1,2,2,4,1,1,2,0,,,,,,1,3,2,3,2,2,5,2,2,0,,0,,1,5,0,,0,,1,2,1,3,1,2,1,0,1,0,0,0,1,1,1,0,1,1,1,1,1,1,0,0,0,1,1,0,0,0,0,0,0,0,1,2,2,1,1,1,2,1,4,2,5,3,3,3,4,0,,2,2,4,1,2,2,0,0,0,0,0,0,0,0,0,0,0,0,0,0,0,0,0,0,0,0,0,0,0,0,0,0,0,0,0,0,2,6,4,2,0,0,0,0,0,0,0,0,0,0,0,0,0,0,0,1,0,67.5,162.7,25.49932398,2,0,2
02ADL0150,251,1990,8/8/2017 7:59,8/8/2017,8,2,0,,0,,0,,,1,1,1,0,,,0,,,0,,,0,,1,1,1,1,1,1,0,,,,0,,,,1,2,2,2,1,9,9,2,4,1,5,1,2,1,2,1,8,8,2,1,0,,,,,,,,,0,,9,2,0,,8,2,8,1,1,4,0,2,4,2,1,1,1,1,1,1,1,3,1,7,7,2,1,2,2,2,0,,,,1,2,10,2,4,2,6,3,0,,1,2,7,3,4,2,5,2,1,5,5,2,5,2,4,3,3,2,3,2,5,2,7,3,4,0,0,0,1,0,1,1,0,0,0,0,0,0,0,0,0,0,,,5,3,1,4,3,2,5,3,5,5,2,4,3,3,2,0,,6,3,1,1,1,1,1,1,1,4,2,4,3,0,,2,2,4,2,7,2,1,9,2,8,2,1,1,2,1,1,1,5,2,0,,0,,1,2,5,2,1,5,2,4,5,2,1,1,1,1,1,4,2,3,1,1,1,1,1,4,1,2,1,1,1,1,1,4,3,6,2,0,,0,,0,,,0,,,0,,,,0,,0,,,,0,,,0,,0,,,0,,0,,0,,,0,,0,,0,,0,,,,,0,,0,,0,,0,,0,,,0,,,0,,0,,0,,0,,0,,0,0,0,0,0,0,0,0,0,0,4,2,1,4,3,2,4,1,2,1,1,2,1,1,2,0,,1,2,1,1,1,3,2,1,1,1,1,2,8,1,0,,1,2,4,0,,0,,,0,,1,2,3,1,2,4,2,0,,3,2,1,2,1,2,2,1,3,2,3,2,1,2,0,,,,,,5,3,0,,,,7,5,1,2,1,1,,,0,,,,,,,,,0,,0,,0,,0,,0,,0,,1,3,6,7,1,0,0,0,0,0,0,0,0,0,1,0,1,0,0,1,0,0,0,0,0,0,1,1,1,1,1,1,0,,,,1,0,,,,0,,,,,,1,1,1,2,4,0,,,0,1,1,0,0,0,0,0,0,0,0,0,0,0,0,0,0,0,0,0,0,0,0,0,0,0,0,0,0,0,1,3,7,2,0,0,0,0,0,0,0,0,0,0,0,0,0,0,0,0,0,53.3,160.9,20.58804557,1,2,2
02ADL0151,255,1956,8/14/2017 8:18,8/14/2017,11,2,0,,0,,0,,,0,,,0,,,1,1,1,0,,,0,,0,,,,,,0,,,,0,,,,,,,,1,8,8,1,5,5,1,0,,1,1,1,4,4,2,5,0,,,,,,,,,1,1,3,2,1,2,7,2,1,2,1,1,0,2,3,3,1,3,3,3,1,3,1,3,1,1,1,2,1,1,0,2,0,,,,1,3,1,3,3,3,1,3,1,2,3,3,3,1,5,2,6,2,1,5,1,3,5,3,6,3,2,3,1,3,0,,9,2,10,0,1,1,1,0,0,1,1,0,0,0,0,0,0,0,0,0,,,6,3,1,6,6,3,4,3,5,4,1,2,2,7,3,1,2,3,2,5,2,1,5,2,2,2,3,3,7,3,1,3,1,2,3,2,2,3,5,9,3,5,2,1,5,3,1,5,3,5,3,0,,0,,0,,0,,,,,1,2,2,1,1,1,5,2,6,2,3,5,2,1,1,1,1,1,5,1,5,3,1,2,3,2,5,2,0,,1,2,3,3,1,2,2,1,1,2,5,5,0,,1,2,2,5,0,,,1,2,1,2,1,3,2,2,2,4,3,2,1,2,0,,2,2,5,3,1,3,4,4,3,5,2,3,2,1,3,3,3,1,2,2,1,2,3,3,3,3,3,0,,4,3,8,0,1,1,1,0,0,1,1,0,4,3,1,5,4,2,2,1,2,4,3,3,2,0,,3,2,3,2,1,2,1,3,3,1,5,2,0,,5,2,0,,7,2,5,3,2,6,3,1,1,2,1,2,2,1,1,4,1,3,2,3,3,1,2,2,3,3,2,2,1,8,2,5,1,4,2,1,5,5,1,7,1,8,1,5,2,1,1,1,1,,5,2,2,1,5,2,1,1,,1,,,5,1,0,,1,1,1,1,1,4,1,4,1,1,6,3,1,0,0,0,0,0,0,0,0,0,0,0,1,0,0,0,0,0,0,0,0,0,0,0,0,0,0,0,0,,,,1,0,,,,0,,,,,,0,,0,,,0,,,0,0,0,0,0,0,0,0,0,0,1,0,0,0,0,0,0,0,0,0,0,0,0,0,1,0,0,0,0,0,3,5,5,2,0,0,0,0,0,0,0,0,0,0,0,0,0,0,0,0,2,92.6,166.8,33.28272634,3,4,2
02ADL0152,260,1972,8/16/2017 8:53,8/16/2017,1,2,0,,2,2,2,1,5,2,1,2,7,2,5,0,,,0,,,7,2,1,3,3,1,5,4,1,2,2,1,0,,,,0,,,,1,7,7,2,1,4,2,2,3,2,2,1,4,4,3,3,0,,,,,,,,,0,,4,2,0,,4,2,1,2,1,5,2,1,4,1,1,4,1,2,1,3,3,2,1,4,2,2,1,4,3,2,0,,,,1,1,0,,4,2,4,2,4,2,2,3,1,2,4,1,3,2,1,1,1,2,6,2,4,2,4,2,1,2,7,2,7,2,7,0,0,0,1,0,0,1,0,0,0,0,0,0,0,0,0,0,,,6,2,1,5,5,1,6,1,5,6,1,3,1,7,3,4,2,4,2,5,2,1,3,2,5,2,3,2,7,1,1,2,0,,4,3,4,3,2,6,3,2,2,5,4,2,5,5,3,5,2,3,3,2,2,0,,4,1,5,1,3,2,4,2,1,5,2,1,1,7,2,3,5,1,3,3,2,1,1,2,3,3,2,1,1,1,1,2,2,0,,1,2,2,2,5,0,,,2,1,5,5,4,2,7,2,2,5,6,2,2,0,,1,2,1,1,2,4,2,4,2,3,2,2,2,2,2,2,7,2,3,2,4,1,2,4,2,0,,0,,2,2,5,4,,4,4,2,4,3,4,2,2,2,4,3,7,0,1,0,1,0,1,1,0,0,0,,1,1,,2,1,2,3,2,4,2,5,2,2,1,2,1,2,4,1,1,1,3,1,4,3,2,2,2,2,8,3,4,3,5,0,,7,2,2,1,2,1,2,1,2,3,7,2,2,,4,3,4,3,4,3,5,2,2,2,6,3,1,2,4,2,2,4,2,1,5,2,4,1,5,2,3,4,1,2,1,5,3,2,1,5,2,3,2,2,1,,,1,3,1,5,1,4,1,5,1,4,1,4,1,5,6,1,1,1,1,0,0,0,0,0,0,0,0,1,0,0,0,0,0,0,0,1,0,0,0,0,0,0,0,0,1,2,2,1,1,3,4,2,3,0,,,,,,0,,0,,,0,,,0,0,0,0,0,0,0,0,0,0,0,0,0,0,0,1,1,0,0,0,0,0,0,0,1,0,0,0,0,0,1,6,5,2,0,0,0,0,0,0,0,0,0,0,0,0,0,0,0,0,1,75,152.6,32.2071426,3,1,2
02ADL0153,262,1948,8/17/2017 11:33,8/17/2017,5,2,0,,2,2,3,3,2,5,2,2,0,,,0,,,0,,,0,,0,,,,,,0,,,,0,,,,1,1,0,2,1,5,5,3,4,1,2,4,3,1,2,1,0,0,,,0,,,,,,,,,1,2,7,2,2,2,3,2,2,2,1,4,2,2,7,3,1,1,2,3,1,2,4,3,1,7,7,3,1,7,2,3,1,1,2,3,2,3,7,3,1,3,7,3,3,3,3,3,6,3,4,3,1,3,1,1,1,3,6,3,4,3,6,3,6,3,1,3,8,3,9,0,0,0,1,0,0,0,1,0,5,0,0,0,1,0,0,0,,2,4,2,1,7,6,3,7,3,5,7,2,5,3,0,,1,3,6,3,1,,1,1,,1,,1,2,2,2,1,2,2,3,1,2,2,3,4,7,3,1,2,3,1,3,1,1,,3,2,1,2,1,2,1,3,2,2,,,,1,4,2,1,3,3,1,2,2,2,1,2,2,1,1,3,2,,2,,1,3,1,,2,3,7,3,0,,0,,1,2,1,0,,,5,3,1,3,5,3,0,,,,1,2,5,2,3,0,,,0,,1,2,5,2,5,0,,2,,2,3,4,2,1,4,3,2,3,2,3,0,,0,,2,3,3,2,2,2,1,3,5,3,4,3,1,,6,3,0,0,0,0,0,0,0,0,0,0,0,,1,6,3,3,1,1,2,3,2,3,2,2,2,1,2,1,2,0,,,1,,,1,3,1,3,7,2,0,,2,3,5,1,3,1,3,1,1,3,2,3,1,1,3,1,2,0,,1,2,1,3,1,3,4,1,,2,1,3,1,2,7,2,1,5,4,2,7,1,4,2,1,,6,4,0,,,,,,0,,,,,,,,,1,3,0,,0,,1,1,0,,0,,1,1,8,6,1,0,0,0,0,0,0,0,0,0,0,0,0,0,0,0,0,0,0,0,0,0,0,0,0,0,0,0,0,,,,1,0,,,,5,4,2,2,3,4,0,,5,2,4,5,2,4,0,0,1,0,0,0,0,0,0,0,0,0,1,0,0,0,1,0,0,0,0,0,1,0,0,0,0,0,0,0,3,4,4,2,0,0,0,0,0,0,0,0,0,0,0,0,0,0,0,0,2,91.1,159.7,35.71976103,3,4,2
02ADL0154,264,1998,8/18/2017 8:32,8/18/2017,12,2,0,,1,2,1,1,5,7,3,1,1,2,1,6,1,2,1,1,1,3,2,1,2,2,1,2,1,1,2,1,1,1,1,0,1,1,3,2,3,1,9,8,3,3,1,1,2,3,3,3,1,1,1,1,1,7,2,1,1,2,3,1,2,2,3,1,3,2,1,2,4,2,1,1,1,1,1,2,5,1,1,1,1,1,1,1,1,1,1,1,1,1,1,1,1,,0,,,,1,1,2,2,1,1,0,,1,1,0,,1,1,2,2,1,1,1,1,1,1,0,,0,,2,1,0,,3,2,1,1,3,1,0,0,0,0,0,0,0,0,0,0,0,0,0,0,0,0,,,0,,1,1,1,1,3,2,3,3,1,1,1,3,2,2,1,3,3,1,1,5,5,1,5,2,4,2,3,1,0,,0,,3,2,2,1,2,3,2,3,2,4,4,2,1,1,1,4,2,2,2,1,2,1,1,3,2,4,2,1,4,1,2,1,1,1,1,1,5,2,5,,1,1,1,1,3,1,4,4,4,2,1,1,3,2,4,3,1,3,1,2,1,2,1,1,2,1,0,,,,0,,3,1,2,3,2,2,3,0,,1,1,2,2,3,2,3,3,1,3,0,,0,,1,1,3,1,3,3,2,0,,2,2,2,2,0,,1,3,3,2,1,3,1,2,1,2,1,1,0,,1,2,1,0,0,0,0,0,0,1,0,0,0,,1,1,1,2,1,1,1,1,3,2,5,7,2,0,,1,,3,2,3,4,2,5,2,1,0,,6,1,1,2,3,2,5,0,,4,3,5,1,2,2,2,3,2,1,3,1,3,2,3,1,2,1,1,1,3,4,5,5,1,1,2,2,3,2,3,5,5,1,1,1,1,1,5,1,1,5,1,3,1,,,,1,5,1,1,5,2,5,3,2,0,,1,3,1,3,0,,0,,0,,1,3,2,3,0,0,0,0,0,0,0,0,0,0,0,0,0,0,0,0,0,0,0,0,0,1,0,0,0,0,0,0,0,,,,0,,,,,,,,,,,,,,,,,,,0,0,0,0,0,0,0,0,0,0,0,0,0,0,0,0,0,0,0,0,0,0,0,0,0,0,0,0,0,0,1,5,4,2,0,0,0,0,0,0,0,0,0,0,0,0,0,0,0,0,0,43.3,160.9,16.72537285,0,4,2
02ADL0155,268,1999,8/23/2017 10:43,8/23/2017,4,1,0,,0,,1,1,1,1,1,1,2,1,1,0,,,0,,,0,,1,7,7,2,1,1,1,6,3,2,0,,,,0,,,,1,7,7,2,1,1,5,0,,0,,1,9,9,2,5,8,2,1,1,4,2,1,7,2,0,,0,,0,,0,,0,,0,,,,0,,0,,,,0,,,,0,,,,1,2,2,2,0,,,,0,,0,,7,2,0,,2,1,4,2,0,,2,2,0,,1,2,2,1,4,2,0,,0,,0,,6,1,2,3,6,0,1,0,1,0,0,1,0,0,2,0,0,0,1,1,0,0,1,2,0,,1,4,4,1,0,,,1,1,1,1,8,2,1,1,5,2,2,1,1,2,1,2,1,0,,7,1,1,1,1,1,2,3,1,1,1,1,1,1,1,5,4,2,1,2,2,2,2,2,1,3,1,0,,1,1,5,1,1,0,,,,,,,,10,3,5,3,1,1,1,1,0,,,,,,,,4,1,0,,0,,9,2,8,2,1,6,2,1,1,1,1,2,0,,8,,2,5,7,2,5,6,1,5,3,1,4,1,2,1,2,2,5,2,2,0,,2,2,7,3,3,4,3,1,1,2,1,4,2,0,,4,2,2,9,2,3,0,,2,2,2,2,4,2,4,2,3,0,1,0,1,1,1,1,0,0,0,,1,1,1,2,1,1,1,5,4,2,5,0,,4,2,4,2,8,3,1,1,1,1,1,1,0,,0,,0,,0,,,0,,9,2,1,0,,4,2,1,1,2,2,2,2,3,0,,0,,1,1,1,4,2,2,1,2,1,1,9,2,1,5,2,1,0,,4,3,3,1,0,,1,3,2,1,,,0,,,,,,,,,1,2,0,,1,1,1,1,1,1,0,,1,1,4,4,0,0,0,0,0,0,0,1,0,0,0,1,1,0,1,0,1,1,0,0,0,0,0,0,0,0,0,0,0,,,,1,0,,,,0,,,,,,0,,0,,,0,,,1,0,1,0,0,0,0,0,0,0,0,1,0,0,0,0,1,0,0,0,0,0,0,0,0,0,0,0,0,0,2,1,3,2,0,0,0,0,0,0,0,0,0,0,0,0,0,0,0,1,0,104.6,164.6,38.60753046,3,1,2
02ADL0156,284,1938,9/11/2017 8:55,9/11/2017,5,1,0,,3,1,0,,,6,2,,1,1,1,6,2,4,0,,,0,,1,2,2,2,1,1,1,3,0,2,0,,,,1,6,6,2,1,8,8,1,5,1,5,2,1,0,,1,9,9,2,2,5,2,5,1,5,1,1,4,2,0,,5,2,0,,9,2,0,,1,3,1,2,9,2,1,8,0,1,1,2,0,2,1,4,0,2,1,7,0,2,0,,,,3,3,0,,0,,2,2,6,2,1,2,5,2,2,2,2,2,1,1,1,2,1,2,0,,1,2,1,2,1,2,9,2,8,0,0,0,1,0,0,1,0,0,0,0,0,0,0,0,0,0,,,8,2,1,9,6,3,6,2,1,6,1,7,2,2,2,4,2,4,2,1,,5,1,2,1,,1,2,4,2,1,2,2,2,2,3,4,2,2,5,2,7,2,1,1,2,1,1,,5,3,2,2,2,2,0,,2,2,,,,0,,,,,,,,6,2,1,1,,1,1,,1,1,2,5,1,2,1,,4,2,7,3,0,,5,2,0,,,0,,,1,2,5,5,4,2,1,3,2,1,2,2,5,2,2,0,,,1,1,1,2,0,,,0,,1,2,3,2,2,2,2,4,1,0,,1,2,7,2,0,,1,2,,4,1,,1,2,2,2,0,,2,2,0,,4,0,0,0,0,0,0,1,0,0,0,,1,2,1,2,1,1,5,1,2,2,1,2,2,6,2,5,3,4,2,1,4,2,,6,2,0,,8,1,0,,4,2,5,0,,1,2,5,0,,1,2,3,8,2,7,2,0,,0,,0,,3,1,5,1,1,2,1,1,1,1,7,2,1,5,4,1,8,1,6,5,1,,0,,0,,,,,,0,,,,,,,,,9,2,1,4,0,,0,,0,,1,5,1,5,5,5,0,0,0,0,0,0,0,0,0,0,0,0,0,0,0,0,0,0,0,0,0,1,0,0,0,0,0,0,1,5,2,4,1,0,,,,0,,,,,,0,,0,,,0,,,0,0,0,0,0,0,0,0,0,0,0,0,0,0,0,0,1,0,0,0,0,0,0,0,0,0,0,0,0,0,1,5,5,2,0,0,0,0,0,0,0,0,0,0,0,0,0,0,0,1,2,58.4,168.9,20.471683,1,4,2
02ADL0157,286,1973,9/12/2017 9:45,9/12/2017,7,1,0,,1,2,2,3,5,2,2,5,2,2,3,6,2,2,0,,,4,2,1,1,1,1,1,1,1,4,1,2,0,,,,1,2,2,2,1,7,7,2,1,1,5,2,2,1,2,1,1,1,2,3,4,2,5,5,5,1,1,2,2,0,,1,2,1,2,4,2,0,,1,1,1,2,3,1,0,,,,0,,,,1,1,1,2,1,4,1,2,0,,,,1,2,1,2,2,2,2,3,0,,1,2,4,3,4,2,4,2,1,4,4,2,3,2,0,,0,,1,2,1,2,4,2,0,0,0,0,0,0,0,0,0,0,1,1,0,0,1,1,0,0,1,2,2,3,1,4,4,3,,,,2,2,1,2,,,1,2,1,2,1,1,3,3,2,3,2,1,1,3,2,1,2,1,2,2,2,1,1,2,4,2,4,2,5,1,2,4,5,3,5,2,1,2,3,2,0,,4,2,5,1,1,0,,,,,,,,3,2,3,5,2,1,1,1,1,2,3,1,1,2,1,1,1,2,1,2,1,2,1,2,1,2,5,1,2,5,1,1,5,5,1,1,2,1,2,3,1,2,5,1,2,1,2,5,1,1,1,2,1,2,5,1,2,0,,1,2,1,2,2,3,3,1,1,1,2,1,2,0,,1,2,3,1,1,2,1,2,1,2,0,,0,,1,2,1,0,0,0,1,1,0,0,0,0,0,,1,1,1,1,1,2,2,5,1,2,3,1,2,1,2,1,2,1,2,5,1,2,3,1,2,1,2,1,1,0,,1,2,5,0,,1,1,5,1,1,1,1,5,1,2,2,2,1,2,1,2,0,,0,,,,,,1,2,1,2,1,2,2,4,3,2,6,1,2,3,3,1,0,,0,,,,,,1,5,1,1,5,1,1,,,0,,1,5,1,5,1,5,0,,0,,1,5,2,2,0,0,0,0,0,0,0,0,0,0,0,0,0,0,0,0,0,0,0,0,0,1,0,0,0,0,0,0,1,5,2,3,1,0,,,,0,,,,,,0,,0,,,0,,,0,0,0,0,0,0,0,0,0,0,0,0,0,0,0,0,1,0,0,0,0,0,0,0,0,0,0,0,0,0,1,3,6,2,0,0,0,0,0,0,0,0,0,0,0,0,0,0,0,1,1,93.6,187.8,26.53900724,2,1,2
02ADL0158,293,1996,9/19/2017 9:02,9/19/2017,9,1,1,2,0,,2,2,3,2,2,3,0,,,7,2,1,0,,,7,3,1,3,3,2,1,3,0,,,,1,1,2,2,1,2,1,2,1,9,9,3,5,1,1,1,2,1,3,0,,,,,6,2,1,1,2,4,1,1,2,0,,0,,4,3,5,2,0,,1,5,4,2,4,2,0,,,,0,,,,0,,,,1,7,5,3,0,,,,3,2,5,2,0,,0,,0,,0,,5,2,0,,0,,1,0,4,2,0,,0,,0,,0,,0,,4,2,0,0,0,0,0,0,0,0,0,0,0,0,0,0,0,0,0,0,,,3,2,1,3,2,1,0,,,0,,3,3,3,2,0,,3,3,2,2,1,3,2,3,3,3,3,4,3,0,,0,,4,3,3,2,3,3,2,6,2,1,4,3,1,2,3,5,3,1,2,1,2,0,,4,2,3,3,2,0,,,,,,,,4,2,2,1,1,1,1,1,4,2,4,1,2,3,1,1,2,2,3,3,1,3,3,2,0,,,1,2,1,0,,,,1,3,4,2,2,5,1,2,3,3,2,1,3,1,1,2,1,3,2,3,3,0,,2,2,0,,6,3,2,3,3,0,,2,3,0,,0,,2,2,1,2,3,1,2,3,1,3,3,3,0,,2,3,3,0,1,0,1,0,0,1,0,0,0,,0,,,,,,,,3,2,5,2,3,0,,0,,3,2,1,2,2,1,0,,0,,2,2,0,,3,2,1,0,,4,3,1,2,3,2,3,1,1,3,2,3,1,3,0,,5,2,1,3,3,1,3,1,0,,2,3,4,3,1,5,4,,6,1,4,1,5,1,3,1,1,1,2,1,,,1,1,1,3,1,,5,3,1,0,,0,,1,1,0,,1,1,0,,0,,2,3,0,0,0,0,0,0,0,0,0,0,0,0,0,0,0,0,0,1,0,0,0,0,0,0,0,0,0,0,0,,,,1,0,,,,0,,,,,,0,,0,,,0,,,0,0,0,1,0,0,0,0,0,0,1,1,0,0,0,0,1,0,0,0,0,0,0,0,0,0,0,1,0,0,1,4,4,2,0,0,0,0,0,0,0,0,0,0,0,0,0,0,0,1,0,85.5,179.6,26.50656495,2,0,2
02ADL0159,296,1995,9/26/2017 8:48,9/26/2017,7,1,1,2,0,,2,3,4,2,3,4,1,2,4,9,3,1,0,,,4,3,1,1,1,1,5,3,1,5,3,2,0,,,,1,4,3,2,1,8,7,2,1,1,1,3,2,2,3,1,0,1,2,1,7,2,1,4,4,1,1,1,3,0,,4,2,3,2,6,2,0,,1,4,4,2,4,2,1,4,4,2,1,4,2,3,1,2,2,3,1,3,3,2,1,2,2,2,2,2,4,2,6,2,7,2,3,2,2,2,3,3,4,2,4,1,1,1,1,2,7,3,0,,0,,2,3,2,3,4,2,8,0,1,0,1,0,1,1,0,0,6,1,1,0,1,1,0,0,1,2,1,2,1,7,6,2,7,3,3,7,2,0,,4,2,2,3,2,3,2,2,3,3,1,4,3,1,2,8,3,2,2,4,2,2,3,0,,,4,3,8,3,1,4,2,1,1,1,5,2,1,3,2,3,0,,4,3,5,1,1,1,2,2,2,2,2,3,2,4,2,3,5,2,1,1,1,1,2,5,5,1,2,2,2,2,3,2,3,1,3,8,3,8,2,1,0,,,0,,,,4,3,1,3,3,1,2,2,2,2,3,2,2,1,2,3,1,2,2,3,2,2,2,0,,2,3,8,3,3,2,4,0,,3,2,1,2,1,2,2,3,1,3,2,2,2,3,2,3,2,2,1,2,2,2,7,1,1,0,1,0,1,1,0,0,0,,1,4,4,3,1,3,2,4,4,3,5,4,2,1,2,4,2,1,1,3,2,2,1,1,2,1,1,4,2,1,2,6,3,3,0,,6,3,1,0,,1,2,1,1,2,2,3,1,2,0,,0,,1,2,3,2,2,2,1,1,0,,6,3,1,2,3,2,0,,1,1,1,1,2,3,1,5,2,1,,,0,,,,,,,,,4,2,1,5,1,5,1,1,1,1,0,,1,1,3,2,0,0,0,0,0,0,0,1,0,0,0,0,0,0,0,0,0,0,0,0,0,0,0,0,0,0,0,0,0,,,,0,,,,,,,,,,,,,,,,,,,0,0,0,0,0,0,0,0,0,0,0,0,0,0,0,0,0,0,0,0,0,0,0,0,0,0,0,0,0,0,2,4,5,2,0,0,0,0,0,0,0,0,0,0,0,0,0,0,0,1,0,80.5,172.4,27.08453335,2,0,2
02ADL0160,298,1959,9/28/2017 11:02,9/28/2017,11,1,0,,0,,1,1,0,1,1,1,3,1,5,2,1,1,0,,,0,,1,7,7,2,5,1,0,,,,0,,,,1,7,7,3,1,7,7,2,1,2,5,0,,7,1,0,,,,,0,,,,,,,,,4,2,9,2,0,,1,2,0,,0,,,,1,2,0,,,,0,,,,0,,,,1,1,1,1,0,,,,0,,0,,0,,0,,1,1,0,,2,3,1,2,1,2,1,1,1,1,0,,0,,0,,0,,1,2,2,2,0,0,0,0,0,0,0,0,0,0,0,0,0,0,0,0,0,0,,,2,2,1,1,1,2,4,2,1,1,1,0,,6,2,1,1,1,2,5,1,4,2,1,1,1,1,3,3,2,0,,1,1,3,3,4,2,3,1,1,3,2,5,1,2,5,5,3,5,2,3,2,0,,0,,2,2,,,,0,,,,,,,,9,3,5,5,2,1,1,1,0,,,,,,,,0,,0,,2,2,0,,9,2,1,4,2,1,2,1,5,5,0,,3,3,2,1,1,2,5,1,2,1,2,1,1,2,1,2,4,3,5,1,1,4,2,3,1,3,2,4,4,4,1,2,3,2,1,1,0,,1,2,1,3,1,1,1,3,1,2,0,,0,,0,,0,0,0,0,0,0,0,0,0,0,0,,1,7,6,1,2,1,1,1,3,2,5,0,,0,,1,2,6,1,1,3,2,1,1,1,0,,2,3,0,,0,,,0,,3,2,1,0,,0,,,0,,0,,1,2,0,,0,,0,,,,,,1,1,0,,4,2,1,5,5,1,6,1,0,,,,0,,1,1,,5,1,3,1,5,1,3,5,2,1,,,0,,1,5,1,1,1,1,1,1,0,,1,1,1,1,1,0,0,0,0,0,0,0,0,0,0,0,0,0,0,0,0,0,0,0,0,0,0,0,0,0,0,0,0,,,,0,,,,,,,,,,,,,,,,,,,0,0,0,0,0,0,0,0,0,0,0,0,0,0,0,0,0,0,0,0,0,0,0,0,0,0,0,0,0,0,3,6,1,2,0,0,0,0,0,0,0,0,0,0,0,0,0,0,0,1,1,65.9,168.4,23.23813339,1,2,2
02ADL0161,301,1970,9/29/2017 10:53,9/29/2017,11,2,4,3,2,2,3,3,5,2,3,5,1,1,3,1,3,2,0,,,0,,1,2,2,1,5,1,1,3,3,2,1,3,3,2,1,3,3,2,1,9,9,3,5,1,5,4,2,2,2,1,6,6,2,5,0,,,,,,,,,0,,1,2,0,,1,2,0,,0,,,,3,3,0,,,,0,,,,1,3,3,3,0,,,,1,6,5,3,3,3,3,3,6,3,3,2,2,1,1,1,4,3,3,2,1,3,1,5,6,2,4,3,3,2,5,3,0,,3,2,7,2,6,1,1,1,1,0,0,1,0,0,5,1,1,1,1,1,1,0,2,3,6,3,1,6,6,2,6,3,5,6,3,0,,6,2,3,2,5,3,5,2,5,5,2,5,3,5,3,6,3,3,3,3,3,5,2,3,3,5,4,3,5,1,2,1,1,5,5,2,5,,4,3,5,2,1,2,5,3,5,5,5,3,2,2,2,2,2,2,2,4,2,3,5,2,5,3,3,1,1,2,5,5,3,2,2,3,1,0,,2,3,6,3,6,3,1,5,2,1,5,2,2,5,3,2,5,2,2,5,3,1,2,5,2,3,2,3,4,3,4,2,4,3,2,4,2,5,2,6,2,5,2,3,4,1,3,2,5,2,5,2,0,,5,2,2,5,1,2,3,2,3,2,4,2,3,2,0,,5,1,1,1,1,0,0,1,0,0,0,,1,3,3,2,2,2,1,2,5,2,5,4,2,4,2,4,1,7,2,1,6,2,1,4,2,4,2,4,2,1,1,0,,,0,,7,2,1,0,,2,2,1,1,1,1,1,1,1,1,1,0,,0,,,,,,2,2,3,1,5,2,1,5,5,2,3,1,2,1,1,1,1,1,1,5,2,1,,,1,5,2,3,5,2,5,2,2,1,1,1,2,1,1,1,1,1,1,0,,1,1,2,2,0,0,0,0,0,0,0,0,0,0,0,0,0,1,0,0,0,0,0,0,0,0,0,0,0,0,0,0,1,5,2,2,1,3,2,2,2,5,4,3,3,3,2,1,1,3,2,2,3,4,2,0,0,1,0,0,0,0,1,0,0,1,0,0,0,0,0,0,1,0,0,0,0,0,0,1,0,0,0,0,0,1,4,4,2,0,0,0,0,0,0,0,0,0,0,0,0,0,0,0,0,1,77.9,164.5,28.78761283,2,2,2
02ADL0162,299,1988,9/29/2017 10:26,9/29/2017,12,1,0,,2,2,4,3,3,3,2,1,3,2,2,0,,,0,,,0,,1,2,3,2,1,2,1,3,4,2,0,,,,1,0,1,2,1,8,8,2,1,1,5,3,2,0,,1,7,7,2,1,6,2,1,1,3,3,1,1,1,0,,7,2,4,2,10,3,7,3,1,6,6,2,6,2,0,,,,1,6,5,3,1,7,4,3,1,10,6,3,0,,,,0,,6,3,1,2,8,3,0,,0,,0,,4,2,1,2,1,6,6,2,0,,0,,0,,0,,6,2,1,1,2,0,0,0,1,0,0,1,0,0,2,0,0,0,1,0,0,0,1,2,4,2,1,6,6,2,6,3,3,6,2,6,3,6,2,0,,4,2,1,1,1,2,1,1,1,0,,4,2,2,2,1,2,5,2,4,3,1,0,,6,2,1,3,2,1,4,3,5,3,0,,3,2,0,,3,3,5,1,5,0,,,,,,,,6,2,3,1,1,1,1,1,4,2,3,1,1,1,1,1,3,2,4,3,0,,0,,0,,,0,,,5,2,5,1,0,,0,,,,0,,,0,,0,,,0,,0,,0,,,0,,3,2,0,,6,1,2,5,1,0,,0,,5,1,0,,0,,,0,,,3,1,2,1,4,2,3,2,0,,3,0,0,0,1,0,1,0,0,0,0,,0,,,,,,,,1,2,3,5,2,4,2,4,2,6,2,2,4,1,2,1,1,1,2,5,2,4,2,2,2,5,0,,0,,,0,,2,1,3,5,1,6,2,3,2,0,,0,,2,2,3,1,3,1,3,1,6,2,6,3,2,4,1,1,4,4,3,4,1,1,3,5,1,3,1,1,,,0,,,,,,,,,1,1,0,,1,5,0,,0,,0,,1,5,6,7,0,0,0,0,0,0,0,1,0,0,0,0,0,0,0,0,0,0,0,0,0,0,0,0,0,0,0,0,0,,,,0,,,,,,,,,,,,,,,,,,,0,0,0,0,0,0,0,0,0,0,0,0,0,0,0,0,0,0,0,0,0,0,0,0,0,0,0,0,0,0,1,5,4,2,0,0,0,0,0,0,0,0,0,0,0,0,0,0,0,1,0,80.8,180.6,24.77284406,1,1,2
02ADL0163,305,1956,10/5/2017 10:31,10/5/2017,12,1,0,,3,3,2,3,0,2,3,1,2,3,1,4,3,2,1,3,1,6,2,1,6,6,2,5,1,1,4,4,3,1,6,6,2,0,,,,1,9,9,2,1,1,5,0,,0,,0,,,,,5,3,1,1,5,2,1,2,3,0,,0,,0,,3,2,0,,0,,,,1,2,0,,,,0,,,,0,,,,0,,,,0,,,,2,3,1,3,1,3,1,3,1,3,0,,0,,1,3,4,3,1,4,4,3,1,3,0,,0,,0,,1,3,7,3,5,1,1,0,0,0,0,0,0,0,0,0,0,0,0,0,0,0,,,2,3,1,5,3,3,1,3,5,2,3,2,3,5,3,4,3,2,3,3,3,5,5,3,1,3,1,3,4,3,1,3,1,3,4,3,4,3,2,0,,4,3,1,1,3,5,5,3,5,3,2,3,1,3,0,,4,2,3,3,3,1,1,2,5,5,3,5,3,7,2,4,5,3,1,1,1,1,2,1,3,3,3,2,2,5,2,6,2,1,2,2,2,0,,,3,2,1,4,3,1,5,1,1,5,2,2,5,1,2,5,1,2,4,2,1,0,,0,,1,2,5,1,2,1,2,1,2,4,2,3,1,5,0,,2,2,0,,2,2,3,2,1,5,2,1,3,2,2,2,0,,1,2,0,,8,1,0,0,0,0,1,0,0,0,0,,1,8,7,3,2,2,2,2,4,2,5,0,,1,2,1,2,4,2,1,4,2,1,0,,0,,4,2,1,2,9,2,1,0,,8,2,1,0,,9,2,1,6,2,6,2,5,2,0,,0,,4,2,5,1,4,2,8,2,9,2,7,3,1,5,5,2,0,,1,1,5,2,0,,0,,,,,,0,,,,,,,,,7,2,1,1,1,1,1,1,1,1,1,1,0,,2,2,0,0,0,0,0,0,0,1,0,0,0,0,0,0,0,0,0,0,0,0,0,0,0,0,0,0,0,0,1,5,2,4,1,5,4,2,4,0,,,,,,0,,0,,,0,,,0,0,1,0,0,0,0,0,0,0,0,0,0,0,0,1,1,0,0,0,0,0,0,0,1,1,0,0,0,0,1,8,2,2,0,0,0,0,0,0,0,0,0,0,0,0,0,0,0,1,2,122.8,173.2,40.9357349,3,2,2
02ADL0164,306,1969,10/10/2017 9:58,10/10/2017,8,2,0,,1,1,1,1,0,0,,,0,,,1,1,2,0,,,7,2,1,4,4,2,2,2,0,,,,0,,,,0,,,,1,9,9,2,3,1,1,0,,1,2,1,1,1,2,5,1,2,3,1,2,5,1,2,1,0,,5,2,1,2,4,1,4,1,1,1,1,1,1,1,1,2,2,1,1,2,2,2,1,1,1,1,1,2,2,2,0,,,,1,1,1,2,1,1,1,2,4,2,2,3,1,2,6,2,1,1,1,2,2,2,6,2,4,1,2,2,1,2,0,,2,1,7,0,1,0,1,0,0,1,0,0,6,0,1,0,0,0,0,0,2,,0,,1,8,7,3,7,2,2,7,2,2,2,5,2,1,2,5,1,2,1,1,5,2,2,2,1,3,6,2,1,2,2,2,2,2,2,1,2,1,1,6,1,5,1,2,1,5,3,5,2,2,2,3,2,2,2,2,2,,,,4,3,2,1,5,3,1,1,2,2,2,5,2,1,5,3,6,2,3,1,5,3,1,1,1,2,7,2,0,,2,2,4,2,3,1,2,1,1,2,5,5,1,2,4,,2,5,1,2,4,2,2,2,2,1,1,2,1,2,6,2,2,4,1,7,2,2,2,1,1,3,5,5,2,2,1,2,2,2,0,,5,2,2,2,1,2,6,2,6,2,4,2,2,2,4,2,7,0,1,0,1,0,0,1,0,0,1,1,1,5,6,2,1,4,3,3,4,2,3,7,2,2,1,4,2,5,2,3,7,2,2,5,2,5,2,6,2,7,2,2,2,5,1,1,4,2,1,2,2,4,2,2,4,1,4,2,4,2,4,2,3,2,4,2,5,1,1,2,5,2,4,2,7,2,2,5,2,2,1,1,4,1,2,1,2,1,1,5,2,2,3,2,1,2,2,1,5,2,5,2,2,2,2,1,1,1,1,1,1,1,1,1,3,1,1,3,1,1,0,0,0,1,0,0,0,0,0,0,0,1,0,1,0,0,0,0,0,0,0,0,0,0,0,0,0,1,5,2,1,1,4,2,1,4,2,4,2,2,2,1,0,,1,3,4,0,,,0,0,0,0,0,1,0,0,0,0,0,0,0,0,0,0,0,0,0,0,0,0,0,0,0,0,0,0,0,0,1,8,7,2,0,0,0,0,0,0,0,0,0,0,0,0,0,0,0,0,1,94,172.4,31.62666006,3,4,2
02ADL0165,308,1986,10/13/2017 9:50,10/13/2017,12,2,0,,1,2,1,2,1,1,2,1,1,1,2,0,,,0,,,3,2,1,1,1,1,5,2,1,2,2,1,0,,,,1,3,2,2,1,9,9,3,3,1,3,2,2,2,2,1,6,6,2,1,1,2,1,1,5,1,1,7,1,0,,4,2,1,2,4,2,0,,1,1,2,2,2,1,0,,,,1,1,1,2,1,1,2,1,1,1,2,2,1,1,2,2,2,2,2,2,7,2,6,2,0,,1,1,7,2,4,2,1,2,1,1,1,2,6,2,2,2,4,2,1,2,1,2,4,2,6,0,0,0,1,0,0,1,1,0,1,0,1,0,1,0,0,1,1,2,4,1,1,7,6,2,8,2,4,6,2,6,1,1,2,1,1,1,2,1,1,1,2,1,2,2,2,2,4,2,1,2,0,,2,2,4,2,1,7,2,1,2,2,1,2,1,2,2,2,2,0,,0,,0,,1,2,5,1,2,1,2,2,1,1,1,5,2,1,2,3,2,1,1,2,2,1,1,2,1,2,2,1,1,1,1,4,2,0,,1,2,1,2,5,0,,,1,2,1,1,4,2,1,,2,5,0,,,0,,0,,,1,2,0,,4,2,5,1,2,1,2,7,2,8,2,1,4,3,1,2,1,2,0,,0,,1,2,1,2,1,3,0,,2,3,4,2,0,,4,2,7,0,0,0,1,0,0,1,1,0,2,2,1,1,1,2,2,3,4,4,1,2,5,1,2,0,,0,,1,1,1,2,2,1,3,2,1,2,4,2,1,2,1,2,5,0,,7,1,3,1,2,1,2,2,1,1,1,1,0,,0,,0,,1,1,2,2,2,2,1,1,1,1,9,3,4,2,5,1,5,4,3,4,1,1,4,5,1,3,2,2,4,2,1,2,2,4,3,2,3,2,8,0,,0,,1,5,1,1,1,5,1,1,1,3,7,3,1,0,0,0,0,0,0,0,1,0,0,0,1,1,1,0,0,0,0,0,0,0,0,0,0,0,0,0,1,5,3,1,1,1,2,1,1,0,,,,,,0,,0,,,0,,,0,0,0,0,0,0,0,0,0,0,0,0,0,0,0,0,1,0,0,0,0,0,0,0,0,0,0,1,0,0,1,7,5,2,0,0,0,0,0,0,0,0,0,0,0,0,0,0,0,0,0,75.3,157,30.54890665,3,2,2
02ADL0166,311,1988,10/20/2017 10:01,10/20/2017,10,2,0,,0,,1,,0,1,,1,0,,,0,,,1,1,5,0,,1,1,1,1,5,1,1,1,1,1,1,1,1,1,1,3,3,2,1,8,8,1,2,1,2,3,2,2,1,1,3,3,1,1,1,1,1,1,,1,1,4,1,0,,1,2,1,2,4,2,0,,1,4,3,2,2,2,1,4,1,2,1,4,2,2,1,5,4,2,1,3,2,2,0,,,,3,2,2,2,6,2,5,2,4,2,3,2,7,3,4,2,4,2,1,3,4,2,4,3,4,2,4,3,0,,4,3,4,3,8,0,1,0,1,0,0,0,0,0,0,0,0,0,0,0,0,0,,,3,2,1,4,4,1,5,2,3,3,2,4,2,3,2,0,,2,2,2,2,,5,,3,2,3,2,2,2,,,2,2,4,2,2,2,4,5,2,4,2,5,2,2,,5,,2,,3,2,1,2,1,2,3,2,5,1,5,2,3,2,1,5,3,3,2,4,2,3,2,2,1,5,3,3,2,3,1,5,3,3,2,0,,4,2,4,2,4,2,0,,,4,2,1,4,2,5,3,4,2,4,,,5,3,2,3,4,2,2,2,1,4,2,0,,4,2,3,4,2,4,2,3,2,4,2,2,3,4,0,,4,2,0,,0,,3,3,1,3,2,1,3,2,3,2,3,2,3,2,3,2,7,0,1,0,1,0,0,0,0,0,0,,1,3,2,2,1,1,3,3,3,2,5,2,2,0,,0,,3,2,1,4,2,1,3,2,2,2,6,2,4,2,2,2,5,0,,7,2,1,4,2,4,2,1,4,2,4,2,4,2,3,2,0,,4,2,3,1,1,3,4,2,4,2,7,2,2,4,5,1,6,1,1,1,1,1,2,5,0,,,,,,1,5,2,3,3,2,3,2,8,2,2,0,,1,1,0,,1,1,1,1,1,1,6,3,1,0,0,0,0,0,0,1,0,0,0,0,1,0,0,1,0,0,0,1,0,0,0,0,0,0,0,0,1,4,3,1,0,,,,,,,,,,,,,,,,,,,0,0,0,0,0,0,0,0,0,0,0,0,0,0,0,0,0,0,0,0,0,0,0,0,0,0,0,0,0,0,1,5,5,2,0,0,0,0,0,0,0,0,0,0,0,0,0,0,0,0,0,61.2,159.1,24.17748168,1,2,2
02ADL0167,313,1953,10/27/2017 10:17,10/27/2017,9,1,0,,1,2,3,2,5,2,2,5,6,2,1,1,2,2,0,,,0,,1,5,4,2,1,1,1,1,1,2,0,,,,1,7,7,3,1,4,4,1,4,1,5,0,,2,1,1,1,0,1,5,1,2,5,1,1,5,1,2,2,1,1,1,2,1,2,1,2,0,,1,1,1,2,1,2,1,1,1,1,1,1,0,3,1,1,0,2,1,1,1,2,0,,,,1,2,1,2,4,2,1,1,1,1,1,2,1,3,1,2,0,,1,1,1,2,2,1,1,1,1,2,0,,1,1,2,1,7,1,1,0,1,1,0,1,0,0,0,0,0,0,0,0,0,0,,,0,,1,2,2,2,4,2,2,5,2,1,1,2,2,1,2,7,3,5,3,5,2,2,5,3,2,2,1,2,1,3,1,2,2,3,2,2,2,1,2,2,2,1,1,2,5,2,3,5,2,1,2,1,2,1,1,1,3,5,1,1,0,,,,,,,,7,2,5,5,2,2,1,2,2,2,5,4,1,2,1,1,4,2,4,3,1,2,1,3,1,3,3,1,3,2,1,2,5,5,0,,2,2,2,5,2,2,5,1,1,1,2,1,2,2,1,2,1,3,5,1,2,1,1,1,1,2,3,4,2,5,1,2,1,3,4,2,0,,2,2,1,2,2,1,1,2,1,2,0,,1,2,1,3,6,1,1,0,1,1,0,1,0,0,0,,1,1,1,2,1,1,1,5,2,3,5,2,2,1,2,1,2,1,2,2,2,2,1,2,2,1,2,2,2,1,1,1,2,1,1,1,7,3,5,0,,2,3,1,1,3,2,2,1,2,1,2,1,2,1,2,2,1,1,1,7,1,8,1,6,2,1,5,5,1,5,1,1,1,5,1,0,,1,5,2,1,,,1,1,2,1,1,,5,2,2,1,1,1,5,1,1,1,1,1,1,1,1,1,1,2,2,0,0,0,0,0,0,0,0,1,0,0,0,1,0,1,0,0,0,0,0,0,0,0,0,0,0,0,0,0,,,,1,1,1,1,1,0,,,,,,0,,0,,,0,,,0,0,0,0,0,0,0,0,0,0,0,0,0,0,0,0,0,0,0,0,0,0,0,0,0,0,0,0,0,0,3,,5,2,0,0,0,0,0,0,0,0,0,0,0,0,0,0,0,1,2,85.8,175.5,27.85691675,2,2,2
02ADL0168,314,1975,10/27/2017 10:56,10/27/2017,7,1,0,,,,0,,,1,3,1,4,1,5,2,2,1,,,,,,1,7,,,1,,,,,,0,,,,0,,,,1,,8,,,,,,,3,2,1,5,,,,7,2,1,1,1,5,1,1,,0,,0,,1,2,4,2,1,1,,,,,1,,0,,,,,,,,,,,,1,1,,2,0,,,,,,,,,,1,2,0,,0,,,,,,,,1,1,,,1,,,,0,,0,,,,,,,0,0,0,0,0,0,0,0,0,0,0,0,0,0,0,0,0,,,,,1,6,6,2,,,,,,,,1,,,,,,,,,,,,,,,1,,,,1,1,,,1,2,,1,,1,1,,1,,2,,,2,2,,,1,1,,,1,,,,1,0,,,,,,,,,,,,,,,,1,1,,1,1,1,,1,,,2,3,1,2,,,1,,1,,,,1,1,,,1,,3,,,,,,,1,1,,,,,,1,,1,2,5,,,,,0,,2,2,,2,2,1,,,,4,,,,,,,1,1,,,,,,,,,,0,,,0,0,0,0,0,0,0,0,0,0,,1,1,9,2,1,,,,,,,1,2,1,1,1,,1,1,1,1,2,,,,,,,,,,0,,,,,,,,0,,,,,1,2,,,1,,1,1,,,,,,,,,,,6,1,4,,,,,,9,,,,,,0,,,,,,,,,,,,,,,,,,,1,,1,,1,1,0,,,,1,,3,1,0,0,0,0,0,0,0,0,0,0,0,0,0,0,0,0,0,0,0,0,0,0,0,0,0,0,0,0,,,,,,,,,,,,,,,,,,,,,,,,0,0,0,0,0,0,0,0,0,0,0,0,0,0,0,0,0,0,0,0,0,0,0,0,0,0,0,0,0,0,2,2,5,2,0,0,0,0,0,0,0,0,0,0,0,0,0,0,0,1,1,86.9,176.7,27.83214494,2,1,2
02ADL0169,322,1970,11/8/2017 7:50,11/7/2017,6,2,0,,0,,5,1,3,2,1,1,0,,,5,1,1,3,1,5,0,,1,3,3,1,1,5,1,4,3,1,0,,,,0,,,,1,9,9,1,3,1,3,0,,1,2,1,7,4,1,1,0,,,,,,,,,0,,7,2,0,,0,,0,,0,,,,0,,0,,,,1,8,0,2,0,,,,1,1,5,1,1,5,5,1,4,1,0,,6,2,7,2,0,,0,,4,2,6,2,0,,1,5,3,1,5,2,0,,5,2,0,,0,,8,2,8,0,1,0,1,0,1,0,0,0,4,0,1,0,1,1,1,0,1,2,8,2,1,8,8,2,8,2,5,8,1,1,1,5,2,5,2,5,1,5,1,1,5,1,3,2,1,1,6,1,1,1,1,2,5,2,5,1,2,6,2,5,1,1,5,2,1,5,2,1,,1,1,2,1,0,,4,2,5,2,2,2,1,1,1,2,3,4,1,8,2,3,5,1,1,3,2,7,1,2,1,5,2,1,,2,1,8,1,0,,0,,8,2,1,6,2,1,0,,,,1,2,,,,,5,1,4,4,2,0,,,3,2,4,2,5,2,3,4,1,0,,6,2,4,1,3,2,5,1,2,5,2,4,1,0,,9,1,2,6,1,1,1,2,5,2,2,2,0,,4,2,9,0,1,0,1,0,1,0,0,0,0,,1,6,1,2,3,2,3,2,5,2,5,7,2,2,1,4,1,9,2,1,3,2,1,7,1,5,2,8,2,6,2,6,1,1,0,,8,2,1,0,,2,1,1,5,2,5,1,2,2,5,2,1,1,1,2,2,5,1,2,9,1,7,2,9,1,1,5,5,2,0,,7,1,5,1,6,5,1,5,1,2,4,1,1,5,1,3,3,1,1,,,6,1,0,,1,1,1,1,1,1,1,1,1,1,6,3,1,0,0,0,0,0,0,0,0,0,0,0,0,0,1,0,0,0,0,1,0,0,0,0,0,0,0,0,1,5,2,1,1,1,1,1,1,0,,,,,,0,,0,,,0,,,0,0,0,0,0,1,0,1,0,0,0,0,0,0,0,0,0,0,0,0,0,0,0,0,1,0,0,0,0,0,1,2,5,2,0,0,0,0,0,0,0,0,0,0,0,0,0,0,0,0,1,55.6,158.6,22.10387549,1,4,0
02ADL0170,324,1979,11/8/2017 10:59,11/8/2017,9,2,0,,1,1,2,3,3,5,3,2,2,2,1,1,1,7,0,,,0,,1,7,7,2,1,2,1,4,4,3,1,7,7,3,1,1,2,2,1,3,5,3,2,2,5,3,3,3,1,1,3,3,2,5,1,3,3,1,1,1,1,7,3,2,3,1,2,1,2,4,3,4,3,1,1,1,2,1,2,1,0,1,1,0,,,,0,,,,1,4,3,2,0,,,,1,1,1,2,1,2,6,3,5,2,1,3,6,2,4,2,1,1,0,,,,8,3,8,2,0,,0,,4,2,7,2,6,1,1,1,1,0,0,1,1,0,1,0,0,0,1,0,0,0,1,3,7,2,1,4,6,3,6,3,5,6,3,1,2,7,2,1,2,1,3,2,2,2,3,2,2,2,2,3,1,2,1,2,4,3,4,3,7,3,1,7,3,4,2,2,1,3,1,3,3,5,3,5,3,1,1,3,1,3,2,5,2,2,1,2,1,1,2,3,4,3,7,3,2,5,2,1,1,1,2,2,3,1,2,2,1,1,2,3,1,3,1,2,5,3,5,3,1,0,,,3,2,2,5,1,2,8,2,2,5,0,,,2,2,3,2,1,1,2,1,2,1,2,2,6,2,4,2,7,2,7,2,4,2,1,0,,0,,1,1,0,,7,1,1,3,2,1,1,3,10,2,0,,0,,0,,4,0,0,0,1,0,1,0,0,0,0,,1,2,2,3,5,1,5,5,6,2,3,1,3,1,1,1,1,3,2,1,1,2,1,1,2,0,,5,3,1,3,4,3,1,0,,7,2,1,4,3,1,3,1,1,2,1,1,1,2,0,,0,,1,1,2,1,2,2,3,1,1,2,2,2,1,2,2,2,2,1,4,1,1,1,0,,1,5,2,1,,,1,3,2,3,5,3,2,3,1,1,3,1,1,1,1,1,1,1,1,1,1,1,1,4,2,1,1,1,0,1,1,0,1,1,0,1,1,0,0,0,0,0,1,0,1,0,0,0,0,0,0,0,0,1,5,2,1,0,,,,,,,,,,,,,,,,,,,0,0,0,0,0,0,0,0,0,0,0,0,0,0,0,0,0,0,0,0,0,0,0,0,0,0,0,0,0,0,2,3,7,2,0,0,0,0,0,0,0,0,0,0,0,0,0,0,0,1,0,117.2,158.7,46.53436138,3,1,2
02ADL0171,326,1947,11/9/2017 11:03,11/9/2017,2,1,0,,1,2,2,2,5,1,2,2,1,2,1,4,3,1,0,,,4,2,1,3,3,2,5,1,0,,,,1,3,3,2,0,,,,1,7,7,3,3,1,2,0,,0,,1,7,7,3,5,7,3,5,5,3,1,1,1,3,0,,5,2,3,2,7,2,7,2,1,7,6,2,6,2,1,3,1,3,1,5,2,3,1,7,1,2,1,7,6,2,0,,,,1,3,1,2,2,3,0,,2,3,1,3,4,3,2,2,6,2,1,4,4,2,3,2,2,3,2,2,2,2,1,2,2,3,2,0,0,0,0,0,0,0,0,1,2,0,1,0,0,0,0,0,2,2,2,3,1,2,2,3,2,3,2,2,2,1,2,1,2,2,3,2,2,3,3,2,2,2,2,2,2,2,2,2,2,3,2,3,2,3,2,3,2,0,,2,3,3,2,3,3,5,4,5,2,1,3,1,3,1,3,1,3,3,3,3,1,3,2,2,5,3,3,2,6,2,2,3,2,2,1,1,0,,,,,,,,1,2,1,2,1,3,2,1,0,,,1,1,1,2,2,4,3,1,2,1,3,2,1,2,2,5,1,2,2,2,1,1,1,2,3,1,2,1,1,2,1,2,0,,1,1,1,5,1,2,3,2,3,2,3,,,2,2,1,2,2,1,,,1,2,1,2,1,2,0,,2,0,0,0,0,0,1,0,0,0,0,,1,2,1,2,4,2,3,3,2,3,3,2,2,2,2,2,2,2,2,1,2,2,1,1,2,2,2,2,3,4,2,4,2,3,1,2,6,3,3,1,2,5,3,3,2,3,5,3,,,2,2,1,2,5,3,5,2,1,3,,,,,5,2,1,5,3,2,6,1,6,1,3,2,6,1,1,2,,3,3,2,1,3,2,3,1,,1,,,0,,1,1,1,1,1,1,1,1,0,,0,,1,1,0,0,0,0,0,0,0,0,1,0,0,0,0,0,0,0,0,0,0,0,0,0,0,0,0,0,0,0,1,,1,4,0,,,,,,,,,,,,,,,,,,,0,0,0,0,0,0,0,0,0,0,0,0,0,0,0,0,0,0,0,0,0,0,0,0,0,0,0,0,0,0,,5,4,2,0,0,0,0,0,0,0,0,0,0,0,0,0,0,0,1,2,76.5,176.6,24.52901093,1,4,2
02ADL0172,328,1990,11/10/2017 10:07,11/10/2017,4,2,1,3,1,3,2,3,5,1,2,1,1,2,1,2,2,1,1,2,1,2,3,1,1,1,3,1,2,1,1,1,1,0,,,,0,,,,1,8,8,2,5,1,2,0,,0,,1,5,5,1,2,8,2,1,1,4,2,1,1,2,1,1,4,2,1,1,6,2,4,2,1,2,1,2,3,2,1,5,2,2,1,3,1,3,1,4,3,2,1,1,1,1,0,,,,2,2,1,2,10,3,8,3,4,1,3,3,3,3,4,3,2,1,1,4,4,2,6,3,4,3,1,2,1,2,10,3,7,3,10,0,0,0,0,0,1,0,0,0,9,0,0,0,1,0,0,1,,2,7,3,1,5,5,3,5,3,3,6,2,3,2,4,2,1,2,1,2,1,,1,3,1,2,1,5,2,4,2,6,2,6,1,5,3,5,1,5,7,3,7,2,1,5,2,1,5,2,5,1,3,3,2,2,2,2,5,2,5,1,5,5,3,2,1,1,1,2,2,4,2,4,5,2,2,2,2,1,2,4,1,1,1,2,2,3,2,7,2,3,3,2,2,1,3,1,2,2,1,1,2,2,4,3,2,4,,2,1,1,1,1,3,3,2,2,1,6,2,2,2,1,2,1,1,2,2,3,8,2,8,3,2,2,2,1,2,5,1,1,1,1,2,3,2,1,4,1,1,6,2,6,2,3,2,2,2,1,2,10,0,0,0,0,0,1,0,0,0,3,3,1,7,4,2,2,2,3,5,4,2,5,2,2,2,3,1,2,2,1,1,5,1,1,2,1,3,1,4,1,2,2,5,2,3,2,1,6,2,1,5,2,6,2,1,6,2,6,2,3,2,4,2,4,2,4,1,4,1,2,1,4,1,3,1,4,2,1,5,3,2,7,1,2,3,5,1,2,3,1,2,1,1,,,1,2,1,1,5,2,4,3,1,2,2,1,1,1,1,1,1,0,,1,1,1,2,6,5,1,1,1,0,0,0,0,0,1,0,1,1,1,0,0,0,1,0,1,1,0,0,0,0,0,0,0,0,1,2,2,1,0,,,,,,,,,,,,,,,,,,,0,0,0,0,0,0,0,0,0,0,0,0,0,0,0,0,0,0,0,0,0,0,0,0,0,0,0,0,0,0,2,6,7,2,0,0,0,0,0,0,0,0,0,0,0,0,0,0,0,0,0,66.1,159.1,26.11326044,2,0,2
02ADL0173,332,1996,11/14/2017 8:52,11/14/2017,2,2,0,,0,,1,2,,2,2,,2,3,1,0,,,1,1,1,0,,1,4,6,2,1,1,1,3,2,2,0,,,,1,1,1,1,1,6,7,1,4,1,3,1,1,2,3,1,1,1,2,5,1,2,1,1,2,5,1,4,2,1,2,1,2,1,2,3,2,1,2,0,,,,2,2,1,1,1,1,1,1,1,1,1,3,3,2,1,1,1,1,0,,,,3,1,5,2,7,1,1,1,0,,1,1,5,3,5,2,4,3,1,5,5,2,5,1,1,1,1,1,0,,5,2,0,,5,0,1,0,1,0,0,1,0,0,5,0,0,0,1,0,0,0,,2,0,,0,,,,5,2,3,5,2,1,1,6,2,4,2,4,3,5,2,1,1,,5,3,3,3,7,3,0,,1,2,5,3,5,2,3,5,2,7,3,5,1,1,1,1,1,5,2,4,2,2,2,0,,5,2,5,1,4,1,1,2,1,1,1,5,3,6,2,3,5,2,1,1,1,3,2,4,1,4,3,2,2,4,2,2,3,0,,5,3,0,,,0,,,4,3,3,5,0,,6,2,2,5,5,3,2,2,3,1,2,2,1,3,1,3,5,3,2,1,2,1,3,5,2,4,3,4,4,2,0,,1,3,5,3,0,,0,,,4,2,2,4,3,5,3,1,3,1,2,1,3,5,0,0,0,1,0,0,1,0,0,0,,1,6,5,2,2,3,3,2,4,2,5,4,3,0,,4,2,5,3,2,6,2,1,2,2,1,2,3,2,5,2,3,2,2,1,2,7,3,2,1,3,1,2,2,1,2,4,2,2,2,1,,0,,1,1,5,3,1,2,6,2,6,3,4,2,1,3,4,3,2,1,0,,,,0,,0,,,,,,1,1,,,5,3,2,3,4,5,2,0,,1,3,1,5,1,4,1,3,1,4,2,2,0,0,0,1,0,0,0,1,0,0,0,0,0,0,0,0,0,0,0,0,0,0,0,0,0,0,0,0,0,,,,1,0,,,,0,,,,,,0,,4,3,1,0,,,0,0,0,0,0,0,0,0,0,0,0,0,0,0,0,0,0,0,0,0,0,0,0,0,0,0,0,0,0,0,3,8,3,2,0,0,0,0,0,0,0,0,0,0,0,0,0,0,0,0,0,66.2,154.2,27.84128282,2,2,2
02ADL0174,333,1976,11/14/2017 10:27,11/14/2017,1,1,0,,1,3,3,3,4,1,2,2,0,,,1,2,1,1,3,1,1,3,1,4,4,2,1,3,1,1,1,2,0,,,,0,,,,1,8,8,2,5,1,1,0,,0,,1,3,3,2,2,0,,,,,,,,,0,,3,2,0,,4,2,2,2,0,,,,2,3,0,,,,1,1,1,3,1,1,1,3,1,4,4,3,1,1,1,3,1,2,1,2,1,1,1,3,0,,0,,1,1,1,2,1,2,1,1,1,2,2,3,0,,0,,0,,2,2,4,3,4,0,1,0,1,0,0,0,0,0,4,0,1,0,1,0,0,0,2,3,1,1,1,4,4,3,4,3,3,4,3,0,,4,2,1,1,2,2,2,2,1,5,2,5,3,1,2,4,2,1,1,0,,1,2,0,,,3,2,7,3,2,1,2,1,5,3,5,2,1,2,0,,2,2,3,3,5,4,5,0,,,,,,,,4,2,4,5,2,1,1,1,1,2,2,1,3,3,1,1,1,1,0,,3,2,1,1,0,,,1,3,1,1,1,3,3,2,2,2,2,2,5,3,2,3,3,2,1,2,1,2,2,1,2,2,3,5,0,,2,2,8,3,8,3,4,5,4,0,,0,,5,2,1,2,0,,,0,,,1,2,1,2,2,2,7,2,4,2,0,0,0,0,0,0,0,0,0,0,0,,1,1,1,2,1,2,4,3,2,2,5,0,,1,1,2,2,6,2,5,0,,,3,3,2,1,8,2,1,2,0,,,0,,4,2,1,1,2,4,3,1,1,1,4,2,1,3,0,,0,,1,2,2,1,1,3,5,2,3,2,6,3,4,5,5,3,1,1,0,,,,0,,1,5,2,1,,,1,5,2,,5,2,5,2,1,0,,0,,1,1,1,1,1,1,0,,1,1,4,2,1,0,1,0,0,0,0,0,0,1,0,0,0,1,1,0,0,0,0,0,0,0,0,0,0,0,0,0,1,3,2,4,1,0,,,,0,,,,,,0,,2,1,1,1,1,1,1,1,1,0,1,1,0,1,0,1,1,1,0,1,0,0,1,1,1,1,0,1,0,0,0,0,0,0,0,0,2,7,7,2,0,0,0,0,0,0,0,0,0,0,0,0,0,0,0,1,1,111.2,183.2,33.13247268,3,1,2
02ADL0176,337,1951,11/16/2017 11:48,11/16/2017,1,2,0,,1,2,0,,,1,2,2,1,2,1,3,2,7,0,,,0,,0,,,,,,0,,,,0,,,,0,,,,1,8,8,2,1,1,2,1,2,1,1,1,5,0,2,1,1,2,1,1,5,1,1,5,1,3,2,0,,0,,6,2,6,2,0,,,,3,2,1,5,0,2,1,5,0,2,1,7,3,2,0,,,,0,,,,7,2,6,2,0,,7,2,1,2,0,,8,2,5,2,0,,1,5,5,2,7,2,3,2,0,,1,2,0,,7,3,0,0,0,0,0,0,0,0,0,0,0,0,0,0,0,0,0,0,,,5,2,1,8,8,3,3,3,5,9,1,1,2,0,,1,1,0,,,,,,,,,4,3,0,,1,2,1,2,1,2,3,2,1,9,2,4,2,1,1,2,1,1,1,1,1,0,,0,,1,1,0,,,,,1,5,2,1,1,1,5,1,4,2,1,1,1,1,1,1,,,,,,,,,0,,5,2,0,,0,,0,,,0,,,3,3,5,2,3,2,0,,,,1,2,5,1,2,0,,,1,2,0,,1,2,5,0,,1,2,0,,6,2,1,5,1,0,,0,,1,1,0,,0,,,1,1,5,0,,0,,3,2,0,,5,2,1,0,0,0,1,0,0,0,1,0,0,,1,5,1,2,2,1,2,1,1,2,1,1,2,1,2,1,2,1,1,1,1,2,1,1,1,0,,7,2,0,,6,2,5,6,2,9,2,5,1,2,0,,,1,2,3,2,0,,0,,0,,1,1,1,1,5,1,1,2,1,1,6,1,1,5,1,3,6,1,6,1,1,1,1,1,1,2,1,1,,,1,1,1,4,5,2,1,,,0,,0,,1,1,0,,1,1,1,1,1,2,7,5,1,0,0,0,0,0,0,0,0,0,0,0,0,0,1,0,0,0,0,0,0,0,0,0,0,0,0,0,0,,,,1,0,,,,5,1,2,2,3,4,0,,0,,,0,,,0,0,0,0,0,1,1,0,0,0,1,1,0,0,0,0,0,0,0,0,0,0,0,0,0,0,0,0,0,0,2,2,2,2,0,0,0,0,0,0,0,0,0,0,0,0,0,0,0,0,2,42.2,162.3,16.02047584,0,4,2
02ADL0177,340,1940,11/29/2017 9:44,11/29/2017,6,1,0,,1,1,2,1,2,2,2,4,1,1,5,0,,,1,1,2,1,1,1,3,2,1,5,3,0,,,,0,,,,1,1,1,1,1,5,5,2,5,1,1,5,1,0,,1,6,6,2,1,6,2,2,2,2,1,1,4,1,0,,3,1,3,2,9,1,2,2,1,3,,2,1,1,1,1,1,2,1,1,1,1,1,1,1,2,1,1,1,2,0,,,,3,2,1,1,1,1,1,1,2,2,0,,1,1,2,1,2,1,1,2,2,1,1,2,0,,0,,2,2,4,1,2,1,1,1,0,0,1,0,1,1,0,0,1,1,0,0,1,0,0,0,1,1,1,1,1,3,2,1,2,2,1,2,1,2,1,1,2,1,1,2,1,5,2,,1,1,1,1,1,2,0,,1,2,1,2,1,1,2,2,1,1,1,3,2,1,2,2,1,1,1,4,2,1,1,0,,1,1,1,2,3,,,2,2,,1,1,1,5,1,2,1,4,1,1,1,1,1,1,1,5,1,1,1,4,1,3,1,6,2,3,2,1,2,0,,,0,,,1,1,5,4,3,1,2,1,2,1,2,2,3,2,2,0,,,2,1,1,2,1,2,4,1,2,1,2,1,2,1,1,2,5,1,0,,1,1,1,1,0,,0,,,0,,,0,,0,,1,1,1,2,2,2,1,1,1,0,1,0,1,0,0,0,0,,1,2,2,2,3,1,2,2,1,2,5,8,2,1,2,1,2,3,2,4,3,2,3,1,1,0,,3,2,7,3,3,2,,0,,1,1,5,1,1,7,2,3,4,2,6,1,0,,1,2,1,1,2,1,5,5,2,2,2,1,2,2,1,1,1,5,4,2,5,5,5,5,3,2,6,5,1,1,1,5,3,2,0,,,,,,,,,0,,1,4,1,3,1,5,1,3,1,3,1,5,2,2,0,1,0,0,0,0,0,1,0,1,1,0,0,0,0,1,0,0,0,1,1,0,0,0,0,0,0,0,1,3,2,2,,,,,,,,,,,,,,,,,,,,0,0,0,0,0,0,0,0,0,0,0,0,0,0,0,0,0,0,0,0,0,0,0,0,0,0,0,0,0,0,2,,,2,0,0,0,0,0,0,0,0,0,0,0,0,0,0,0,1,2,54.1,158.6,21.50754792,1,2,2
02ADL0178,341,1976,11/30/2017 10:24,11/30/2017,1,2,0,,1,1,5,2,5,3,2,2,3,2,1,0,,,0,,,2,2,1,2,2,2,1,4,1,4,2,2,0,,,,0,,,,1,9,9,2,1,1,1,0,,1,1,1,4,4,2,4,0,,,,,,,,,0,,1,2,0,,4,2,0,,1,1,3,2,4,2,0,,,,1,8,8,2,1,4,6,2,0,,,,0,,,,0,,4,2,4,2,3,2,0,,3,2,0,,4,2,1,1,0,,,,1,2,0,,4,3,0,,,,6,1,4,0,0,0,1,0,0,0,0,0,0,0,0,0,0,0,0,0,,,3,1,0,,,,4,2,2,4,1,4,1,7,2,3,1,4,2,1,1,1,5,1,1,1,1,2,7,1,1,1,0,,1,2,3,2,2,4,2,6,1,1,2,2,1,5,2,5,1,0,,1,2,0,,1,2,5,2,1,1,3,2,1,4,2,2,1,4,2,4,3,1,1,3,2,4,2,4,1,3,2,1,1,1,1,0,,0,,4,2,4,2,1,3,2,1,1,2,5,3,1,2,2,2,2,5,4,2,5,1,2,1,2,1,0,,3,2,1,2,5,1,2,1,2,1,2,1,3,4,5,5,0,,1,2,4,2,0,,1,2,5,8,2,1,4,2,4,3,0,,4,3,7,2,,0,0,0,0,0,0,0,0,0,0,,1,7,4,2,2,1,4,4,4,3,5,1,2,1,2,7,2,1,1,1,1,1,1,0,,0,,2,2,0,,0,,,0,,6,2,1,4,2,1,2,1,7,2,4,2,,,4,2,0,,1,1,5,2,3,1,4,2,1,1,8,2,2,5,2,1,0,,5,2,1,1,3,4,1,2,1,1,,,1,1,1,,1,,1,,,0,,0,,1,3,1,1,0,,1,1,1,1,3,2,0,0,0,0,1,0,0,0,0,0,0,1,0,0,1,0,0,0,0,0,0,0,0,0,0,0,0,0,1,5,2,1,1,0,,,,1,3,2,2,3,1,4,1,3,3,1,0,,,0,0,1,0,0,0,0,1,0,0,0,0,0,0,0,0,0,1,0,0,0,0,0,0,1,0,0,0,0,0,1,4,5,2,0,0,0,0,0,0,0,0,0,0,0,0,0,0,0,0,1,118.7,168.6,41.75760467,3,1,2
02ADL0179,342,1984,12/1/2017 8:12,12/1/2017,10,2,1,1,1,2,0,,,1,2,1,0,,,7,2,2,0,,,0,,0,,,,,,0,,,,0,,,,0,,,,1,9,9,2,5,1,5,0,,0,,1,7,7,2,5,0,,,,,,,,,0,,1,1,1,1,2,2,0,,0,,,,2,2,0,,,,0,,,,1,1,0,1,0,,,,0,,,,0,,2,2,1,2,0,,1,2,0,,1,2,1,2,0,,1,4,4,2,5,3,0,,0,,,,1,1,8,3,10,0,1,0,1,0,0,0,0,0,1,0,0,0,0,0,0,1,1,3,0,,1,4,2,2,7,3,2,9,2,1,2,8,1,2,2,4,1,4,2,1,5,2,1,1,0,,0,,0,,1,3,4,2,4,3,5,4,2,7,2,2,0,,,,,,,6,2,4,2,0,,4,2,5,1,1,0,,,,,,,,6,2,5,1,1,1,1,1,1,1,5,1,5,2,1,1,1,1,1,2,0,,0,,0,,,0,,,0,,,,0,,1,1,2,1,5,3,2,4,2,,,,4,2,4,2,4,2,5,0,,1,3,1,2,2,2,2,5,1,0,,0,,1,2,0,,0,,,0,,,0,,0,,0,,0,,0,,4,0,1,0,1,0,0,0,0,0,0,,1,1,1,2,3,2,2,3,4,2,1,0,,0,,4,2,0,,,0,,,0,,1,2,0,,1,2,0,,,0,,7,2,5,0,,4,2,1,1,2,1,2,1,2,2,2,2,2,2,2,5,1,1,1,4,1,6,2,7,2,1,5,5,1,7,1,7,1,1,1,7,1,1,2,2,1,,,1,3,2,2,1,,4,2,1,1,2,0,,1,1,0,,1,3,0,,1,5,3,2,0,0,0,0,0,0,0,0,0,0,0,0,0,0,0,0,0,0,0,0,0,1,0,0,0,0,0,0,1,5,3,2,0,,,,,,,,,,,,,,,,,,,0,0,0,0,0,0,0,0,0,0,0,0,0,0,0,0,0,0,0,0,0,0,0,0,0,0,0,0,0,0,3,7,8,2,0,0,0,0,0,0,0,0,0,0,0,0,0,0,0,0,0,83.1,157.2,33.62760523,3,0,2
02ADL0180,343,1952,12/1/2017 10:36,12/1/2017,4,1,0,,0,,2,2,5,2,2,5,6,3,1,0,,,0,,,0,,1,3,2,3,1,5,1,1,1,2,0,,,,1,1,1,2,1,7,7,3,1,1,5,0,,1,1,1,8,5,3,5,8,3,1,2,4,2,1,4,2,0,,7,1,1,2,4,2,7,2,1,2,1,2,4,3,1,1,1,3,1,2,1,3,1,7,2,3,1,7,5,3,0,,,,1,3,4,3,1,2,4,3,3,3,1,2,1,2,2,2,2,2,1,1,0,2,1,2,1,2,1,2,1,1,2,3,1,2,0,0,0,0,0,0,0,0,0,0,0,0,0,0,0,0,0,0,,,1,2,1,2,2,2,4,3,4,6,1,4,2,1,2,1,2,1,1,1,1,1,2,1,1,1,1,2,1,2,1,2,1,2,2,3,4,3,5,9,2,7,2,4,1,2,5,1,2,5,3,1,2,1,2,1,2,1,2,3,1,1,1,5,2,5,1,2,5,1,4,2,2,4,1,1,1,2,1,2,2,1,1,2,1,1,1,2,6,3,2,3,2,3,1,3,1,1,2,1,2,3,5,5,0,,4,3,2,2,0,,,1,2,1,2,1,1,2,1,2,1,2,5,1,2,1,3,1,2,3,3,4,2,3,1,2,1,2,4,1,0,,1,2,1,1,2,1,1,3,2,,1,2,0,,1,2,2,0,0,0,0,0,1,1,0,0,0,,1,4,3,2,3,1,2,2,1,2,5,2,2,7,2,1,2,1,2,1,1,2,1,0,,0,,7,3,1,2,1,2,1,0,,2,2,1,2,2,6,2,1,1,2,2,2,1,2,1,2,1,2,1,2,2,2,3,1,7,2,1,2,6,2,1,5,1,1,0,,1,3,5,1,1,2,1,5,1,1,,,0,,,,,,,,,1,2,1,3,1,5,1,1,1,5,1,1,1,1,2,2,0,0,0,0,0,0,1,1,0,0,1,0,0,0,0,0,0,0,0,1,0,0,0,0,0,0,0,0,1,5,2,4,1,0,,,,5,2,2,3,3,4,0,,5,2,4,5,2,4,0,0,0,0,0,0,0,0,0,0,0,0,0,0,0,0,0,0,0,0,0,0,1,0,0,0,0,0,0,1,2,4,3,2,0,0,0,0,0,0,0,0,0,0,0,0,0,0,0,1,2,79.6,171.6,27.03202004,2,1,2
02ADL0181,344,1972,12/4/2017 10:56,12/4/2017,8,2,0,,0,,4,2,5,4,2,3,0,,,0,,,0,,,3,3,1,4,4,1,1,4,0,,,,0,,,,0,,,,1,7,7,2,1,1,5,1,2,2,2,1,1,3,1,5,5,2,1,1,1,5,1,2,2,4,1,6,2,0,,7,2,0,,0,,,,4,2,1,6,4,2,0,,,,1,4,4,2,1,7,4,2,0,,,,4,2,4,2,1,2,1,2,0,,1,2,1,,2,2,3,2,1,4,4,2,1,2,1,2,0,,0,,1,2,5,3,6,0,1,0,1,0,0,0,0,0,1,0,1,0,1,0,0,0,1,2,0,,1,7,7,2,7,3,3,7,2,0,,7,2,4,2,4,2,5,2,1,5,2,3,2,3,2,7,2,1,2,0,,1,2,1,2,5,4,2,4,2,4,2,2,1,5,2,5,2,1,2,4,2,0,,2,2,,,,0,,,,,,,,7,2,5,5,1,1,1,1,5,2,5,1,4,2,1,1,1,2,2,2,0,,6,2,0,,,0,,,1,2,5,5,3,2,3,1,2,5,0,,,2,2,1,2,1,1,2,1,2,3,2,5,1,1,0,,0,,4,2,4,4,4,0,,0,,3,2,0,,1,1,5,1,2,5,4,2,0,,1,2,0,,1,2,1,0,1,0,1,0,0,0,0,0,0,,1,2,3,2,1,5,1,1,1,2,1,1,2,2,2,2,2,4,2,2,0,,,3,1,0,,0,,0,,7,2,5,0,,1,2,1,1,1,1,2,2,3,2,1,1,2,2,0,,0,,1,1,2,1,1,4,4,2,2,1,3,2,5,1,5,1,3,1,0,,,,0,,1,,2,1,,,1,5,2,3,1,,1,,,0,,0,,1,1,1,1,1,1,0,,1,1,3,3,0,0,0,0,1,0,0,1,0,0,1,1,0,0,1,0,0,0,0,1,0,0,0,0,0,0,0,0,0,,,,0,,,,,,,,,,,,,,,,,,,0,0,0,0,0,0,0,0,0,0,0,0,0,0,0,0,0,0,0,0,0,0,0,0,0,0,0,0,0,0,2,6,5,2,0,0,0,0,0,0,0,0,0,0,0,0,0,0,0,0,1,86.2,165.4,31.50911864,3,1,2
02ADL0182,346,1994,12/6/2017 8:43,12/6/2017,12,2,0,,0,,2,3,3,2,3,1,1,3,1,3,2,2,0,,,4,3,1,2,2,2,1,4,1,2,1,2,0,,,,0,,,,1,9,9,3,1,1,5,1,2,2,2,1,2,3,2,1,7,2,1,1,5,2,1,2,1,5,2,4,2,1,3,4,2,0,,1,1,2,2,3,2,0,,,,1,1,0,2,1,1,3,2,0,,,,1,7,2,2,1,2,2,2,1,2,7,2,0,,0,,0,,2,2,0,,1,1,0,1,2,2,0,,1,2,0,,1,2,1,2,1,0,0,0,1,0,0,1,0,0,0,0,0,0,0,0,0,0,,,4,3,1,1,0,1,4,3,5,4,3,7,1,3,2,0,,3,1,1,1,1,5,2,1,1,2,2,8,2,1,3,1,2,3,2,7,2,1,0,,2,2,1,4,2,1,4,3,5,3,0,,0,,0,,1,2,5,1,2,3,1,2,1,1,1,1,1,7,2,2,5,2,1,2,3,3,1,1,1,2,2,1,1,4,2,4,2,1,2,4,2,3,2,1,0,,,1,2,5,2,4,2,2,1,2,3,1,2,4,1,2,1,2,1,0,,1,2,1,1,1,1,1,0,,4,2,3,2,1,5,1,1,2,3,2,2,2,0,,3,2,1,4,2,1,4,2,1,2,0,,0,,0,,4,0,1,0,1,0,0,1,0,0,0,,1,2,1,2,1,1,4,4,3,3,5,4,2,1,2,2,2,4,3,1,2,2,1,0,,0,,4,2,0,,7,2,5,0,,7,2,1,0,,2,3,1,3,2,3,2,3,2,3,3,0,,1,2,5,1,4,2,4,2,3,2,7,3,1,3,2,2,0,,0,,,,0,,0,,,,,,0,,,,,,,,,4,2,0,,1,1,1,1,0,,1,1,1,1,4,4,1,0,1,0,0,0,0,0,0,0,0,0,0,0,1,0,0,0,0,0,0,0,0,0,0,0,0,0,0,,,,0,,,,,,,,,,,,,,,,,,,0,0,0,0,0,0,0,0,0,0,0,0,0,0,0,0,0,0,0,0,0,0,0,0,0,0,0,0,0,0,1,3,5,2,0,0,0,0,0,0,0,0,0,0,0,0,0,0,0,0,0,82.2,169.7,28.54355966,2,1,2
02ADL0183,347,1969,12/7/2017 9:36,12/7/2017,12,1,0,,0,,2,1,0,5,2,2,1,1,2,0,,,0,,,0,,1,8,5,2,4,3,1,5,5,2,0,,,,0,,,,1,9,9,3,1,2,2,0,,0,,1,2,1,1,5,0,,,,,,,,,0,,0,,0,,0,,0,,1,1,2,2,1,2,0,,,,0,,,,0,,,,0,,,,0,,,,0,,1,1,1,1,0,,0,,0,,0,,1,2,1,2,1,1,1,2,0,,0,,0,,0,,1,2,0,,1,1,0,0,0,0,0,0,0,0,0,0,0,0,0,0,0,0,,,0,,1,1,1,1,1,2,1,1,2,0,,1,2,1,2,1,2,2,1,2,1,1,1,1,0,,2,2,0,,0,,0,,0,,,0,,0,,,0,,,,,,,1,3,0,,0,,0,,,,,0,,,,,,,,8,2,3,1,1,1,1,1,0,,,,,,,,0,,0,,0,,1,2,1,2,2,2,2,2,1,1,1,1,1,1,1,1,1,5,0,,,0,,0,,,0,,0,,0,,,0,,1,1,1,1,,,,,,0,,1,2,1,1,0,,1,1,1,0,,,0,,0,,0,,0,,0,,0,0,0,0,0,0,0,0,0,0,0,,0,,,,,,,,1,1,2,0,,0,,1,1,1,2,2,0,,,0,,0,,0,,0,,1,2,2,0,,8,2,1,1,2,9,2,2,1,2,1,2,0,,0,,0,,1,1,2,2,2,1,0,,2,1,0,,,,,,0,,0,,,,0,,0,,,,,,0,,,,,,,,,0,,1,2,0,,0,,0,,0,,1,2,3,1,0,0,0,0,1,0,0,0,0,0,0,0,0,0,0,0,0,0,0,0,0,0,0,0,0,0,0,0,0,,,,0,,,,,,,,,,,,,,,,,,,0,0,0,0,0,0,0,0,0,0,0,0,0,0,0,0,0,0,0,0,0,0,0,0,0,0,0,0,0,0,3,7,5,2,0,0,0,0,0,0,0,0,0,0,0,0,0,0,0,1,1,95.3,177.3,30.31624649,3,1,2
02ADL0184,351,1948,12/13/2017 11:05,12/13/2017,2,2,0,,0,,6,2,0,0,,,0,,,0,,,0,,,0,,1,7,7,1,1,1,0,,,,0,,,,0,,,,1,7,7,1,1,1,1,1,1,4,1,0,,,,,6,1,5,5,1,5,1,1,2,0,,1,2,0,,1,2,1,3,0,,,,1,2,0,,,,0,,,,0,,,,0,,,,0,,,,3,1,0,,1,2,1,1,1,2,1,2,0,,5,2,0,,1,0,5,1,1,2,1,2,0,,1,3,0,,7,1,9,1,1,1,1,1,1,1,0,0,0,0,0,0,0,0,0,0,,,5,1,1,4,3,1,1,2,5,1,3,1,2,4,2,2,2,4,3,5,3,5,1,3,5,3,1,3,6,2,0,,0,,1,3,2,2,1,9,2,7,2,5,0,,,,,,,1,2,1,1,1,2,2,2,,,,0,,,,,,,,8,2,2,5,2,1,1,3,1,2,1,5,1,3,1,3,1,2,1,3,0,,7,2,0,,,0,,,1,3,5,5,0,,3,,2,1,1,2,5,3,2,0,,,0,,2,2,1,2,4,1,2,7,2,4,2,3,2,2,1,3,0,,4,2,6,2,0,,1,2,1,2,1,1,3,2,1,3,0,,1,2,1,2,3,0,0,0,0,1,1,1,0,0,0,,1,4,2,2,1,1,1,1,2,2,5,1,2,1,2,1,2,8,2,1,3,2,1,1,2,0,,2,3,0,,1,2,3,1,2,8,2,1,0,,,,,3,2,4,2,1,2,1,2,1,1,1,3,1,1,1,1,3,2,9,2,2,1,1,5,5,1,7,1,0,,,,1,1,1,5,2,1,,,1,5,2,1,5,2,1,,,1,2,1,1,1,1,1,1,1,1,1,4,1,1,4,1,0,0,0,0,0,0,0,0,0,0,0,0,1,0,0,0,0,0,0,1,0,0,0,0,0,0,0,0,1,5,2,2,1,0,,,,0,,,,,,0,,0,,,0,,,0,0,1,0,0,0,0,0,0,0,1,0,0,0,0,0,1,0,0,0,0,0,0,0,1,0,0,0,0,1,3,7,6,2,0,0,0,0,0,0,0,0,0,0,0,0,0,0,0,0,2,66,154.4,27.68530699,2,4,2
02ADL0185,354,1954,12/15/2017 10:02,12/15/2017,6,1,0,,0,,0,,,0,,,0,,,1,1,1,2,1,1,0,,1,2,2,1,,1,0,,,,0,,,,1,3,3,2,1,8,8,2,5,1,1,0,,2,2,1,7,7,2,5,0,,,,,,,,,0,,0,,0,,0,,,,0,,,,0,,0,,,,0,,,,0,,,,0,,,,0,,,,0,,0,,0,,6,2,2,1,0,,0,,0,,,,1,5,,3,0,,0,,0,,0,,1,1,5,3,1,0,0,0,0,0,0,1,0,0,0,0,0,0,0,0,0,0,,,1,1,1,4,3,2,5,2,4,5,2,0,,3,2,3,2,4,2,1,1,1,3,2,1,1,1,2,4,2,1,2,1,2,1,3,0,,,1,2,1,2,1,1,2,1,5,3,5,2,0,,,,0,,1,2,,1,1,0,,,,,,,,4,2,5,2,2,1,5,3,4,1,5,1,2,3,1,1,0,,0,,1,2,2,2,1,2,2,2,2,1,1,2,5,5,0,,2,2,,1,1,2,5,3,2,2,2,1,0,,1,2,4,3,5,1,2,1,2,0,,4,2,5,5,,,,1,2,1,2,0,,2,,1,5,2,1,2,3,2,3,0,,0,,0,,1,0,0,0,0,0,0,1,0,0,0,,1,3,3,2,1,1,2,1,2,3,5,1,2,1,1,0,,2,2,1,1,2,1,1,2,1,2,1,3,0,,0,,,0,,1,2,1,0,,0,,,1,2,2,2,2,2,0,,0,,0,,,,,,4,3,2,2,3,2,,5,5,1,4,1,,,,,0,,1,5,2,,,,0,,,,,,,,,0,,0,,1,1,1,1,0,,,,1,1,1,1,0,0,1,0,0,0,0,0,0,0,0,0,0,0,0,0,0,0,0,0,0,0,0,0,0,0,0,0,1,5,2,4,0,,,,,,,,,,,,,,,,,,,0,0,0,0,0,0,0,0,0,0,0,0,0,0,0,0,0,0,0,0,0,0,0,0,0,0,0,0,0,0,2,5,4,2,0,0,0,0,0,0,0,0,0,0,0,0,0,0,0,1,2,75.2,171.3,25.62731545,2,1,2
02ADL0186,355,1962,12/18/2017 9:15,12/18/2017,4,1,0,,1,3,2,3,2,2,3,2,3,2,2,2,2,2,2,2,1,1,,1,3,1,1,1,2,1,3,1,3,0,,,,1,0,7,3,1,8,7,1,3,3,3,0,,4,3,1,6,2,2,3,4,2,1,2,2,3,1,2,2,1,1,1,2,1,2,,,1,1,1,1,1,1,1,2,1,1,1,1,1,1,1,1,1,1,1,1,1,1,1,2,0,,,,1,1,1,1,1,2,1,2,0,,0,,1,1,1,2,1,2,1,5,1,2,1,1,0,,0,,0,,1,2,1,1,2,1,0,0,1,0,0,0,0,0,1,0,0,0,0,0,0,0,1,2,0,,0,,,,2,2,2,,,1,2,4,2,4,2,2,2,3,2,3,,2,2,2,0,,6,,0,,4,3,1,2,3,3,2,3,2,0,,,1,2,4,5,3,5,3,4,2,3,3,0,,6,2,2,4,1,0,,,,,,,,7,2,2,5,1,1,2,1,0,,,,,,,,6,2,7,2,0,,7,2,2,2,1,6,2,1,2,1,5,2,1,2,5,2,2,2,0,,,2,2,6,2,1,1,1,1,2,1,2,4,1,2,1,2,5,2,3,2,4,3,3,1,2,5,2,2,2,0,,2,2,,2,2,1,1,2,0,,0,,1,2,0,,2,0,0,0,0,0,1,0,0,0,0,,1,2,1,2,1,2,1,2,4,3,5,3,3,2,2,3,2,6,2,1,2,2,3,3,2,5,2,2,2,3,2,2,2,1,0,,6,2,,0,,3,3,1,3,3,7,3,3,2,0,,0,,5,2,2,2,2,3,5,2,6,2,0,,,,,,7,1,0,,,,0,,1,4,3,3,2,2,1,4,2,1,2,1,1,,,1,,1,2,0,,1,1,1,1,1,1,1,1,5,1,0,0,0,1,0,0,0,0,0,0,0,0,0,0,0,0,0,0,0,0,0,0,0,0,0,0,0,0,1,4,3,2,0,,,,,,,,,,,,,,,,,,,0,0,0,0,0,0,0,0,0,0,0,0,0,0,0,0,0,0,0,0,0,0,0,0,0,0,0,0,0,0,2,4,7,2,0,0,0,0,0,0,0,0,0,0,0,0,0,0,0,1,1,115.9,185.2,33.79103322,3,1,2
02ADL0187,364,1997,1/5/2018 7:34,1/5/2018,4,1,0,,1,2,2,3,5,1,3,4,1,3,1,3,2,2,1,3,1,0,,1,4,3,2,2,2,1,1,0,2,1,4,0,2,1,2,4,3,1,7,8,3,2,1,5,2,3,2,3,1,2,4,2,1,4,2,2,1,2,3,1,2,2,1,2,5,2,0,,5,2,3,2,1,6,0,2,3,2,1,1,0,2,1,5,0,3,1,7,1,2,1,7,1,2,1,5,0,3,2,3,6,2,5,2,8,2,4,2,3,2,6,2,5,2,3,2,1,4,1,2,5,2,5,3,1,2,2,2,7,1,7,2,7,0,1,0,1,0,1,1,1,0,4,0,1,0,1,0,0,0,2,2,5,3,1,7,7,2,7,3,3,4,2,1,2,5,2,2,2,5,2,2,2,,3,2,1,1,6,2,5,2,1,3,3,3,5,3,4,2,3,5,2,5,3,3,4,2,1,1,2,3,2,1,3,4,2,1,2,4,3,2,4,1,2,2,2,1,1,1,2,2,6,2,3,2,2,1,1,1,7,2,3,1,2,3,1,1,6,2,7,2,2,2,1,2,4,2,3,2,2,1,2,2,5,3,2,2,5,2,2,1,5,2,3,6,2,1,2,2,2,2,2,2,3,3,3,1,2,1,2,4,2,6,2,2,5,2,1,3,2,2,2,2,2,2,6,2,2,2,2,2,1,2,3,2,2,2,1,2,1,2,2,0,1,0,1,0,1,0,0,0,1,2,1,2,3,2,2,2,2,2,4,2,4,4,2,4,2,2,2,3,2,2,6,2,1,1,2,3,2,5,2,5,2,2,2,4,1,2,6,2,1,1,2,5,2,1,3,2,3,2,2,2,1,2,3,2,2,2,4,1,1,1,4,2,4,2,7,2,1,5,5,1,4,1,2,4,1,1,1,5,1,5,2,1,,,0,,,,,,,,,0,,0,,1,1,1,2,1,1,1,1,1,2,6,6,1,0,0,0,1,0,1,0,1,0,0,1,0,1,1,0,0,0,0,0,0,0,0,0,0,0,0,0,1,2,2,2,0,,,,,,,,,,,,,,,,,,,0,0,0,0,0,0,0,0,0,0,0,0,0,0,0,0,0,0,0,0,0,0,0,0,0,0,0,0,0,0,1,5,4,2,0,0,0,0,0,0,0,0,0,0,0,0,0,0,0,,,,,,,,0
02ADL0188,365,1950,1/8/2018 9:35,1/8/2018,2,1,0,,0,,1,1,0,1,1,1,1,1,1,0,,,0,,,0,,1,1,1,1,5,1,1,1,1,2,0,,,,0,,,,1,8,8,2,1,5,5,1,2,0,,1,4,4,2,5,3,2,5,1,1,1,1,7,2,0,,0,,1,1,4,2,2,2,1,1,1,2,3,2,0,,,,1,1,1,3,1,1,1,2,1,3,1,2,0,,,,1,1,0,,2,2,0,,0,,0,,3,1,3,2,3,2,1,4,1,2,1,1,0,,0,,0,,1,2,4,1,1,0,1,0,0,0,0,0,0,0,1,1,0,0,0,0,0,0,2,1,0,,1,2,1,2,5,2,2,6,2,1,1,1,2,3,2,1,2,1,1,3,3,2,1,1,1,2,0,,1,2,1,2,2,2,2,2,3,0,,3,2,1,1,2,4,2,3,5,3,1,2,1,1,0,,2,2,,,,1,2,2,3,3,3,1,1,4,2,1,3,2,1,1,2,5,1,2,2,2,2,1,1,4,3,2,2,1,2,5,2,1,2,2,2,2,2,3,3,5,5,1,2,1,2,2,3,1,2,5,1,2,1,2,1,1,2,1,2,1,2,2,2,2,4,3,1,2,5,2,2,5,5,2,2,2,2,2,2,1,2,1,2,2,2,2,1,2,3,1,3,0,,1,2,1,2,3,1,0,0,0,0,0,1,0,0,0,,1,1,1,2,1,1,5,1,0,,,3,2,2,2,2,2,1,2,3,1,2,3,5,2,6,2,3,2,0,,0,,,0,,5,2,3,0,,6,3,1,1,2,4,2,0,,0,,0,,3,2,3,1,2,2,4,2,0,,6,2,1,5,4,1,7,1,0,,,,0,,1,5,1,5,3,2,0,,,,,,,,,4,2,1,2,1,2,1,1,1,1,0,,1,2,3,3,0,0,0,0,0,0,0,0,0,0,0,0,0,0,0,0,0,0,0,0,0,1,0,0,0,0,0,0,0,,,,0,,,,,,,,,,,,,,,,,,,0,0,0,0,0,0,0,0,0,0,0,0,0,0,0,0,0,0,0,0,0,0,0,0,0,0,0,0,0,0,2,2,7,2,0,0,0,0,0,0,0,0,0,0,0,0,0,0,0,,,,,,,,0
02ADL0189,375,1958,1/10/2018 11:26,1/10/2018,12,2,0,,1,2,2,2,1,1,2,1,1,2,1,0,,,0,,,0,,1,3,3,2,1,1,1,3,3,2,0,,,,0,,,,1,7,6,2,1,1,1,0,,0,,1,6,6,2,1,0,,,,,,,,,0,,1,2,1,1,6,2,0,,1,1,1,2,4,2,1,2,1,2,1,,2,2,0,,,,1,7,5,3,0,,,,1,1,1,2,4,2,1,1,0,,1,2,1,1,3,2,1,1,1,2,1,1,3,2,0,,0,,0,,4,1,9,1,9,0,0,0,1,0,1,0,0,0,0,0,0,0,0,0,0,0,,,0,,1,4,3,2,2,2,5,2,1,6,2,2,2,3,2,3,2,2,1,2,4,1,1,1,1,2,4,2,1,2,1,1,4,2,4,2,5,7,2,10,2,1,1,2,2,1,2,4,1,0,,0,,0,,3,1,5,1,1,0,,,,,,,,6,2,5,5,1,1,1,1,0,,,,,,,,0,,0,,1,1,7,1,6,1,3,2,1,2,3,1,2,5,3,1,1,1,2,1,1,2,5,2,1,0,,,3,1,0,,0,,,1,1,3,1,7,2,7,1,1,3,2,2,2,3,1,7,1,1,2,1,1,1,3,1,5,1,2,2,2,2,2,1,2,2,2,2,0,0,0,1,1,0,0,0,0,0,,1,4,2,2,1,1,4,1,3,2,5,1,2,2,2,2,1,6,2,1,1,2,1,1,1,0,,6,2,0,,8,1,5,0,,1,1,1,3,2,3,1,1,1,1,2,1,1,2,1,1,1,1,3,1,4,1,3,1,2,1,1,1,5,1,1,5,5,2,6,1,1,3,2,1,4,5,0,,,,,,1,4,3,1,3,3,3,2,5,0,,1,1,1,1,1,2,1,1,0,,1,1,2,2,0,0,0,0,1,0,0,1,0,0,0,1,0,0,0,1,0,0,0,0,0,0,0,0,0,0,0,0,0,,,,0,,,,,,,,,,,,,,,,,,,0,0,0,0,0,0,0,0,0,0,0,0,0,0,0,0,0,0,0,0,0,0,0,0,0,0,0,0,0,0,2,3,3,2,0,0,0,0,0,0,0,0,0,0,0,0,0,0,0,,,,,,,,0
02ADL0190,376,1983,1/12/2018 9:02,1/12/2018,10,2,0,,0,,2,2,2,2,1,3,7,3,3,6,1,2,1,2,5,0,,1,8,7,2,3,1,1,9,4,2,0,,,,0,,,,1,9,6,2,2,2,3,0,,1,2,1,9,3,2,2,0,,,,,,,,,0,,1,2,0,,1,2,0,,0,,,,3,3,0,,,,0,,,,1,10,1,3,0,,,,0,,,,4,3,1,2,4,2,0,,0,,4,2,0,,0,,0,,1,4,4,2,1,2,0,,0,,0,,0,,0,,7,0,0,0,1,0,0,0,0,0,6,0,0,0,1,1,0,0,2,3,1,2,0,,,,3,2,3,3,3,0,,0,,0,,0,,,,,,,,,0,,5,3,0,,1,2,1,2,0,,,0,,0,,,1,2,5,5,4,5,3,1,2,1,2,0,,1,2,5,1,5,0,,,,,,,,1,2,1,5,2,1,1,1,0,,,,,,,,1,1,0,,0,,1,2,0,,,0,,,1,2,5,5,0,,5,2,2,5,1,2,5,1,2,0,,,0,,0,,1,2,4,0,,0,,0,,1,3,3,5,5,1,2,0,,1,1,0,,1,3,4,2,2,4,0,,1,3,0,,0,,0,,7,0,0,0,1,0,0,0,0,0,0,,0,,,,,,,,1,3,4,1,2,1,2,1,2,5,3,1,1,3,1,0,,0,,1,1,1,2,0,,,0,,1,2,1,0,,1,2,1,1,2,1,2,1,2,0,,0,,0,,,,,,0,,1,2,3,2,1,3,5,2,7,1,4,1,4,2,0,,0,,,,,,1,4,1,1,3,3,2,2,2,1,2,1,1,1,1,1,5,1,1,0,,1,1,3,2,0,0,0,0,0,0,0,1,0,0,0,0,0,0,0,0,0,0,0,0,0,0,0,0,0,0,0,0,,,,,0,,,,,,,,,,,,,,,,,,,0,0,0,0,0,0,0,0,0,0,0,0,0,0,0,0,0,0,0,0,0,0,0,0,0,0,0,0,0,0,2,7,4,2,0,0,0,0,0,0,0,0,0,0,0,0,0,0,0,,,,,,,,0
02ADL0191,377,1994,1/22/2018 8:51,1/22/2018,6,2,0,,1,2,5,1,5,2,1,1,1,1,1,0,,,0,,,5,1,1,1,2,1,1,5,1,5,5,2,0,,,,0,,,,1,7,7,2,1,1,5,0,,1,2,0,,,,,7,1,1,1,2,5,1,7,1,0,,7,2,0,,8,2,0,,0,,,,1,1,0,,,,0,,,,1,1,1,1,0,,,,0,,,,0,,0,,1,2,5,1,1,1,1,1,1,1,1,1,1,1,1,1,1,1,2,1,2,1,1,1,0,,1,1,1,1,8,0,1,0,1,0,1,1,1,0,2,0,0,0,1,0,0,0,1,1,0,,1,3,3,3,4,3,5,4,1,3,2,6,2,1,1,4,2,2,2,1,3,2,3,1,1,1,4,1,1,1,1,2,4,2,4,1,2,4,2,7,2,2,1,2,1,4,2,1,1,5,2,1,1,1,2,3,2,5,2,3,7,3,2,1,1,1,5,2,4,2,5,5,1,1,1,1,5,1,2,1,1,1,1,1,1,1,7,1,0,,4,2,0,,,0,,,0,,,,7,2,1,1,2,2,1,2,4,4,1,0,,,2,1,1,2,3,2,5,1,2,4,2,4,2,4,2,3,4,5,1,3,4,2,1,1,1,2,7,2,5,4,2,3,2,3,2,3,1,2,2,3,1,2,2,0,1,0,0,0,0,1,0,0,0,,1,1,1,2,1,3,3,3,1,2,5,1,1,7,2,1,2,1,2,2,3,2,2,2,1,1,1,4,2,1,2,2,2,5,0,,4,2,4,1,2,1,2,5,1,1,1,1,0,,0,,1,1,1,1,4,2,5,4,1,2,1,1,8,2,4,3,3,1,2,1,3,3,3,2,0,,1,4,2,5,1,3,1,5,2,2,1,,1,,,0,,0,,1,4,1,4,1,5,1,3,1,4,4,4,0,0,0,0,0,0,0,0,0,0,0,0,0,0,0,0,0,0,0,0,0,1,0,0,0,0,0,0,1,3,2,2,0,,,,,,,,,,,,,,,,,,,0,0,0,0,0,0,0,0,0,0,0,0,0,0,0,0,0,0,0,0,0,0,0,0,0,0,0,0,0,0,2,7,6,2,0,0,0,0,0,0,0,0,0,0,0,0,0,0,0,,,,,,,,0
02ADL0192,378,1995,1/23/2018 7:57,1/23/2018,10,2,0,,0,,1,2,5,5,2,1,1,2,1,0,,,0,,,2,2,1,7,7,2,1,1,1,7,6,2,1,1,1,1,1,1,1,1,1,7,6,2,1,1,5,3,1,1,1,1,8,6,2,1,1,2,1,1,5,1,1,7,1,0,,1,2,1,3,4,2,1,1,1,4,2,3,1,2,0,,,,0,,,,1,4,4,3,1,1,1,3,0,,,,2,3,5,2,5,3,6,1,0,,4,3,3,3,5,2,3,2,1,4,4,1,4,2,5,3,7,2,1,2,4,3,8,3,7,0,1,0,1,0,1,0,0,0,0,0,0,0,0,0,0,0,,,6,2,1,5,5,2,8,2,5,8,1,4,3,6,1,1,1,7,3,2,1,2,2,1,2,1,4,2,4,1,2,1,4,2,4,2,7,2,2,7,2,7,2,1,3,2,1,2,2,1,1,5,1,6,1,0,,6,1,4,3,2,0,,,,,,,,9,2,4,1,1,1,2,2,4,1,4,1,2,2,1,1,0,,8,3,1,2,0,,1,2,1,0,,,0,,,,0,,7,2,2,5,4,2,5,6,2,1,2,1,3,1,2,2,2,2,2,1,2,2,2,4,2,6,2,2,3,1,2,1,4,2,1,1,2,2,3,3,1,4,2,1,5,1,6,2,4,2,1,2,1,2,7,0,1,0,1,0,1,0,0,0,0,,1,7,4,2,3,1,3,5,2,2,4,6,2,4,2,4,2,6,1,3,3,1,5,6,1,1,1,2,,7,2,9,2,5,0,,0,,,3,2,1,2,1,4,2,4,2,1,1,0,,1,1,1,1,5,2,2,1,3,2,4,,4,3,1,4,2,1,7,2,2,1,5,1,4,3,1,3,1,1,,,0,,,,,,,,,0,,1,1,1,1,1,1,1,1,1,1,1,1,6,5,1,0,0,0,0,0,0,1,0,0,0,0,0,0,0,0,0,0,0,0,0,0,0,0,0,0,0,0,1,4,2,4,1,0,,,,0,,,,,,0,,1,2,1,1,1,1,0,1,0,0,0,0,0,0,0,0,0,0,0,0,0,0,0,0,0,0,0,0,0,0,0,0,0,0,0,0,2,2,5,2,0,0,0,0,0,0,0,0,0,0,0,0,0,0,0,,,,,,,,0
02ADL0193,379,1988,1/26/2018 9:54,1/26/2018,3,1,0,,0,,2,2,5,0,,,5,2,1,5,3,1,0,,,0,,1,4,7,2,1,2,1,3,3,2,0,,,,1,2,1,3,1,4,3,2,1,,,0,,0,,0,,,,,0,,,,,,,,,0,,7,2,0,,0,,0,,0,,,,0,,0,,,,0,,,,0,,,,0,,,,0,,,,0,,0,,7,2,0,,0,,1,2,0,,7,2,4,2,1,6,7,2,0,,0,,0,,0,,0,,7,2,6,0,1,0,0,0,0,1,0,0,6,0,0,0,0,0,0,0,,,,,,,,,,,,,,,,,,,,4,3,1,,,5,,,,0,,6,2,0,,0,,0,,0,,,0,,6,3,1,0,,,,,,,0,,6,2,0,,0,,,,,0,,,,,,,,7,2,4,3,2,3,1,1,0,,,,,,,,4,2,6,2,0,,4,2,4,2,1,6,2,3,0,,,,0,,3,2,2,5,0,,,6,2,5,2,1,0,,0,,0,,,0,,0,,0,,4,2,1,4,5,0,,0,,0,,0,,0,,,4,2,1,0,,0,,0,,0,,0,,5,0,0,0,0,0,0,1,0,0,0,,0,,,,,,,,3,2,5,0,,0,,0,,0,,,0,,,0,,0,,0,,0,,0,,,0,,0,,,0,,0,,,0,,0,,0,,0,,0,,0,,,,,,0,,0,,4,2,3,3,5,1,0,,0,,,,0,,0,,,,,,0,,,,,,,,,0,,0,,1,1,1,1,0,,0,,0,,5,6,0,0,0,0,0,0,0,0,0,0,0,0,0,0,0,0,0,0,0,0,0,1,0,0,0,0,0,0,1,5,2,2,1,0,,,,0,,,,,,0,,0,,,0,,,0,0,0,0,0,0,0,0,0,0,1,0,0,0,0,0,1,0,0,0,0,0,0,0,0,0,0,0,0,0,3,5,7,2,0,0,0,0,0,0,0,0,0,0,0,0,0,0,0,,,,,,,,0
02ADL0194,380,1952,1/30/2018 8:52,1/30/2018,8,2,0,,0,,0,,,0,,,0,,,3,2,4,0,,,6,1,0,,,,,,0,,,,0,,,,0,,,,1,9,9,2,1,1,1,0,,0,,1,4,4,1,3,0,,,,,,,,,1,1,2,1,3,2,9,2,0,,0,,,,3,2,1,4,1,2,1,7,1,3,1,8,4,3,1,4,4,2,0,,,,1,3,2,3,5,3,4,3,4,3,2,3,4,3,5,3,4,3,1,4,4,3,4,3,4,3,2,3,2,3,2,2,8,3,8,0,0,0,1,0,0,1,0,0,0,0,0,0,0,0,0,0,,,8,3,1,9,7,3,7,3,3,7,1,1,2,1,1,1,1,3,1,2,1,1,1,1,1,1,4,2,1,2,1,1,1,2,4,2,4,3,5,7,3,4,1,1,0,,,,,,,0,,1,1,0,,1,1,5,1,1,0,,,,,,,,4,2,1,3,2,1,,1,3,1,1,1,1,1,1,1,0,,0,,1,2,1,2,0,,,0,,,1,2,5,5,0,,0,,,,4,2,5,4,2,3,2,5,4,2,3,2,4,2,5,3,1,1,2,4,2,4,2,1,5,1,1,2,4,2,1,2,0,,7,3,5,2,1,5,0,,2,3,0,,0,,3,2,4,0,0,0,1,0,0,1,0,0,0,,1,6,4,2,3,1,5,2,3,2,5,6,3,2,1,0,,0,,,3,2,1,4,2,0,,0,,0,,0,,,4,2,6,1,5,0,,3,1,5,1,1,0,,0,,6,2,0,,0,,,,,,1,1,0,,7,2,5,2,1,3,7,1,6,3,1,2,5,1,1,1,1,5,2,3,1,2,2,4,2,2,1,,,0,,1,5,0,,1,5,1,5,1,5,1,4,4,3,0,0,0,0,0,0,0,0,1,0,0,0,0,0,1,0,0,0,0,0,0,0,0,0,0,0,0,0,1,5,2,2,1,2,2,3,2,5,5,3,3,3,2,0,,0,,,0,,,0,1,0,0,0,0,1,0,0,0,1,0,0,0,0,0,1,0,0,0,0,0,0,0,1,0,0,0,0,0,2,5,2,2,0,0,0,0,0,0,0,0,0,0,0,0,0,0,0,,,,,,,,0
02ADL0195,381,1986,1/31/2018 7:42,1/31/2018,11,1,1,2,1,1,2,2,3,0,,,1,2,1,0,,,4,1,5,0,,1,1,2,1,1,2,1,2,1,1,1,3,3,2,1,3,2,3,1,8,8,2,4,1,2,3,2,3,2,1,1,3,2,2,2,2,1,1,4,2,0,,,0,,4,2,1,2,0,,1,2,1,2,2,2,3,2,1,1,1,1,1,1,3,2,1,1,1,2,1,5,5,2,0,,,,1,2,1,2,2,2,2,2,0,,0,,3,3,4,2,3,2,1,1,3,2,4,2,2,2,3,2,0,,2,2,2,2,4,0,0,0,1,0,0,0,0,0,0,0,0,0,0,0,0,0,,,4,3,1,5,5,2,5,2,4,5,2,4,2,6,2,3,1,5,2,1,1,1,1,1,2,2,3,3,6,2,1,2,2,2,4,3,2,2,2,3,2,5,2,1,2,2,1,3,3,5,2,1,2,2,2,0,,4,2,4,2,1,1,4,2,1,3,3,1,1,6,2,2,3,2,1,1,1,6,2,2,1,2,3,1,1,3,2,0,,2,2,2,2,2,2,2,1,2,1,0,,,,1,2,5,2,2,5,3,2,4,1,2,2,2,1,1,2,1,2,3,3,5,1,2,4,2,4,2,6,3,3,4,4,1,3,4,2,4,2,0,,4,3,1,3,2,1,3,2,3,3,1,3,1,2,2,2,3,0,0,0,0,0,1,0,1,0,1,2,1,4,3,2,2,1,2,3,4,3,4,3,1,2,2,3,1,5,2,1,4,1,1,4,2,4,2,3,2,1,2,2,2,2,0,,7,2,1,1,2,3,2,1,2,2,5,2,3,2,1,2,1,2,1,2,3,2,2,1,8,1,4,1,0,,,,,,7,1,1,1,1,1,2,3,0,,,,,,0,,,,,,,,,2,2,0,,1,2,1,4,1,3,0,,1,2,4,4,0,0,0,0,0,0,0,0,1,0,0,0,0,0,0,0,0,0,0,0,0,0,0,0,0,0,0,0,0,,,,0,,,,,,,,,,,,,,,,,,,0,0,0,0,0,0,0,0,0,0,0,0,0,0,0,0,0,0,0,0,0,0,0,0,0,0,0,0,0,0,2,7,3,2,0,0,0,0,0,0,0,0,0,0,0,0,0,0,0,,,,,,,,0
02ADL0196,382,1995,2/1/2018 8:33,2/1/2018,2,2,0,,0,,1,2,1,2,2,1,1,2,1,0,,,0,,,2,2,1,2,2,1,1,5,1,1,1,1,1,0,1,1,1,2,2,2,1,8,8,1,2,1,5,2,1,1,1,0,,,,,4,1,1,2,3,2,1,1,1,0,,2,2,1,2,4,3,1,1,1,1,0,2,1,2,1,1,1,2,1,1,1,3,1,2,1,2,1,2,4,3,0,,,,0,,1,2,7,2,1,2,0,,4,2,7,2,2,1,1,1,1,4,4,1,5,2,3,1,0,,1,2,7,1,7,2,10,0,1,0,1,0,0,0,1,0,0,0,0,0,0,0,0,0,,,4,1,1,6,6,2,1,2,5,1,1,1,1,5,2,1,1,4,1,1,1,1,3,2,2,1,1,2,4,1,1,1,1,1,4,2,1,1,5,5,1,6,1,5,2,2,1,4,3,3,2,2,1,3,2,0,,4,1,5,1,5,0,,,,,,,,0,,,,,,,,0,,,,,,,,3,2,1,2,0,,1,3,0,,,0,,,2,2,4,5,7,1,1,2,1,5,3,2,3,5,1,1,2,2,6,1,1,1,1,2,1,1,2,1,3,7,1,5,2,1,1,3,1,2,5,1,0,,0,,3,3,1,0,,,0,,0,,4,2,0,,4,2,8,0,1,0,1,0,0,0,1,0,1,2,1,5,5,3,1,1,4,4,1,2,5,1,2,1,1,1,1,4,2,1,0,,,1,1,0,,5,1,0,,5,2,3,0,,7,3,3,1,2,3,2,1,1,1,5,1,0,,4,2,0,,0,,,,,,6,1,0,,9,2,1,5,5,1,2,1,4,3,1,1,4,3,1,4,2,1,,,0,,,,,,,,,0,,1,5,1,3,1,3,0,,1,1,0,,4,2,0,0,1,0,0,0,0,0,0,0,0,0,0,0,0,0,0,0,0,0,0,0,0,0,0,0,0,0,0,,,,1,2,2,2,2,2,2,1,1,1,1,2,2,2,3,4,2,2,4,0,0,0,0,0,0,0,0,0,0,0,0,0,0,0,0,0,0,0,0,0,0,0,0,1,0,0,0,0,0,3,3,4,2,0,0,0,0,0,0,0,0,0,0,0,0,0,0,0,,,,,,,,0
02ADL0197,383,1950,2/1/2018 10:14,2/1/2018,11,2,0,,0,,0,,,0,,,0,,,0,,,0,,,0,,0,,,,,,0,,,,0,,,,0,,,,1,9,9,1,3,1,5,1,1,0,,1,1,0,1,1,7,1,5,1,5,,1,1,2,0,,4,1,0,,9,2,7,1,1,7,0,2,5,2,1,1,0,2,1,6,0,3,1,5,0,2,1,10,5,,0,,,,0,,0,,9,3,0,,0,,0,,3,2,5,3,0,,1,6,3,2,5,3,0,,0,,0,,0,,9,3,9,0,0,0,0,0,0,0,1,0,0,0,0,0,0,0,0,0,,,0,,1,5,5,3,0,,,0,,3,2,0,,0,,0,,,,,,,,,0,,0,,0,,0,,0,,5,2,1,0,,9,2,1,0,,,,,,,0,,0,,0,,5,1,1,5,1,3,1,2,1,1,1,1,,0,,,,,,,,0,,,,,,,,0,,5,3,0,,0,,0,,,0,,,3,2,5,5,0,,0,,,,0,,,0,,0,,,0,,0,,3,2,1,4,1,1,2,5,2,0,,,,,1,2,9,2,0,,0,,0,,,3,2,1,0,,0,,5,2,0,,6,2,9,0,0,0,0,0,1,0,0,0,5,3,1,6,5,2,1,1,1,5,1,2,1,0,,0,,0,,1,2,1,0,,,0,,0,,9,1,0,,0,,,0,,0,,,0,,1,2,5,0,,0,,0,,0,,0,,0,,,,,,0,,0,,9,1,1,5,1,1,0,,0,,,,0,,0,,,,,,0,,,,,,,,,0,,0,,0,,0,,0,,0,,0,,6,5,1,0,0,0,0,0,0,0,0,0,0,0,0,0,0,0,1,0,0,0,0,0,0,0,0,0,0,0,0,,,,1,0,,,,0,,,,,,0,,0,,,0,,,0,0,0,0,0,0,0,0,0,0,1,0,0,0,0,0,0,0,0,0,0,0,0,0,0,0,0,0,0,0,1,5,6,2,0,0,0,0,0,0,0,0,0,0,0,0,0,0,0,,,,,,,,0
02ADL0198,384,1963,2/5/2018 9:11,2/5/2018,4,1,0,,1,1,1,1,5,1,1,5,1,1,2,0,,,1,1,5,0,,1,2,2,2,1,1,1,2,2,1,0,,,,1,2,2,1,1,8,8,1,5,1,5,0,,2,1,1,5,5,1,5,0,,,,,,,,,7,1,7,2,2,1,2,2,3,1,1,2,1,1,4,1,0,,,,1,2,2,1,1,3,2,1,1,3,3,2,1,1,0,1,2,1,1,1,4,1,0,,1,1,3,2,1,1,4,1,0,,1,3,1,1,3,2,0,,1,1,0,,2,2,7,1,9,0,1,0,1,0,0,1,0,0,0,0,0,0,0,0,0,0,,,5,2,0,,,,6,2,5,6,2,1,1,1,2,1,1,1,1,1,1,5,5,1,5,1,0,,1,1,1,1,1,2,1,2,5,2,5,1,1,1,1,1,0,,,,,,,1,1,1,1,1,2,4,2,5,1,2,1,1,1,1,1,1,2,1,4,1,5,5,1,2,5,2,1,2,5,1,5,2,1,1,0,,1,2,0,,4,2,3,2,1,2,2,1,2,1,5,5,2,2,1,1,1,5,3,2,5,5,1,1,2,2,3,1,0,,2,2,5,3,1,2,2,3,2,5,1,3,4,4,1,1,4,1,1,1,0,,1,1,3,1,1,2,1,1,1,1,3,2,1,2,2,2,2,0,1,0,1,0,0,0,0,0,0,,1,3,3,2,2,1,3,4,3,2,5,2,2,3,2,0,,6,2,1,3,1,1,5,1,0,,1,1,0,,0,,,0,,3,1,1,1,2,1,2,1,3,1,3,3,0,,1,1,0,,1,1,3,1,4,2,5,1,1,1,5,,1,4,3,1,6,1,2,1,5,1,0,,1,5,1,1,,,0,,,,,,,,,0,,0,,1,1,1,1,0,,0,,1,1,5,3,0,0,0,0,0,0,0,1,0,0,0,0,1,0,0,0,0,0,0,1,0,0,0,0,0,0,0,0,0,,,,1,0,,,,0,,,,,,1,1,0,,,1,1,1,0,0,1,0,0,0,0,0,0,0,0,0,0,0,0,0,0,1,0,0,1,1,0,0,1,0,0,0,0,0,2,4,8,2,0,0,0,0,0,0,0,0,0,0,0,0,0,0,0,,,,,,,,0
02ADL0199,385,1983,2/7/2018 8:38,2/7/2018,8,2,0,,0,,4,1,0,3,2,1,0,,,3,2,3,1,2,5,6,2,1,2,2,1,1,1,1,3,3,1,0,,,,0,,,,1,9,9,3,3,2,4,0,,1,3,1,5,5,2,1,4,2,1,1,1,5,1,3,2,0,,7,2,1,1,7,2,0,,1,5,5,2,6,2,0,,,,1,10,0,3,1,9,7,3,1,7,4,2,0,,,,7,2,8,2,5,2,7,3,1,1,1,2,8,2,7,2,6,2,1,5,5,2,0,,4,2,4,2,5,2,7,2,8,2,8,1,1,0,1,0,0,1,0,0,0,0,0,0,0,0,0,0,,,8,1,1,5,5,1,0,,,0,,7,2,4,2,0,,7,1,1,1,3,3,2,1,1,6,3,6,2,3,1,4,2,5,2,7,2,1,7,2,5,2,1,1,2,1,1,1,5,2,1,2,4,1,0,,5,2,4,2,2,7,1,1,1,1,1,1,1,6,2,3,2,1,1,1,1,5,2,5,3,3,2,1,1,3,1,4,3,0,,6,2,6,2,1,0,,,0,,,,4,2,3,1,1,3,3,2,5,7,2,3,2,1,5,2,4,2,4,2,5,0,,1,2,7,2,7,2,1,2,2,1,2,5,2,5,1,0,,0,,,1,1,2,4,3,5,2,0,,3,2,4,2,7,1,1,0,1,0,0,1,0,0,0,,1,7,6,2,3,2,4,2,2,2,2,2,2,2,2,2,2,5,2,4,5,2,1,6,1,1,1,7,1,7,2,7,2,3,0,,5,1,2,1,2,4,2,1,3,2,2,2,3,2,3,2,2,2,1,2,4,2,1,1,7,1,6,1,7,2,1,5,2,1,0,,0,,,,,,0,,,,,,0,,,,,,,,,1,1,1,3,1,3,1,2,0,,1,2,0,,7,7,0,0,0,0,0,0,0,0,0,0,0,0,0,0,0,0,0,0,0,0,0,1,0,0,0,0,0,0,1,5,1,2,1,0,,,,0,,,,,,5,1,5,3,1,0,,,0,0,0,0,0,0,0,0,0,0,0,0,0,0,0,0,1,1,0,0,0,0,0,0,0,0,0,0,0,0,1,3,3,2,0,0,0,0,0,0,0,0,0,0,0,0,0,0,0,,,,,,,,0
02ADL0200,386,1961,2/7/2018 8:44,2/7/2018,11,1,0,,0,,1,1,0,0,,,0,,,6,3,1,2,2,1,0,,1,7,7,2,1,1,1,2,2,1,0,,,,0,,,,1,6,6,2,2,1,1,0,,1,2,1,4,4,1,2,2,2,1,2,3,2,1,1,2,0,,2,2,1,1,3,2,1,1,1,2,2,2,2,2,1,1,1,1,1,1,1,1,1,2,2,1,1,2,4,2,0,,,,0,,0,,1,1,0,,1,1,1,1,0,,2,2,4,1,1,4,4,1,0,,0,,0,,0,,2,2,6,2,1,1,0,0,0,0,0,0,0,0,4,0,0,1,0,0,0,0,2,1,3,1,1,4,4,2,5,3,2,4,2,1,1,5,2,3,1,5,2,1,1,5,5,2,5,2,0,,4,2,0,,2,2,3,3,4,2,2,0,,4,2,2,3,2,5,5,3,5,2,0,,0,,0,,3,2,5,1,1,0,,,,,,,,9,2,5,5,2,2,2,2,6,2,5,5,2,3,1,1,5,1,7,2,4,2,4,2,4,2,1,2,2,1,3,2,5,5,0,,9,2,2,3,6,2,3,7,2,4,2,1,4,2,3,2,4,3,1,3,2,0,,3,2,5,2,4,3,4,1,2,5,2,5,2,0,,5,2,1,9,2,1,4,2,4,2,2,2,3,2,0,,4,1,0,0,1,0,0,0,1,0,0,,1,4,3,2,1,1,1,5,4,2,5,6,3,4,2,9,2,4,2,1,3,2,1,4,2,0,,4,2,4,2,0,,,0,,6,2,1,0,,4,2,1,3,1,3,2,3,2,0,,0,,0,,,,,,6,1,4,2,7,2,1,5,5,2,8,1,4,1,5,1,0,,1,5,2,1,,,1,5,2,1,1,,1,,,3,2,1,3,0,,1,1,0,,0,,1,1,2,2,0,0,1,0,0,0,0,0,0,0,0,0,0,0,0,0,0,0,0,0,0,0,0,0,0,0,0,0,0,,,,0,,,,,,,,,,,,,,,,,,,0,0,0,0,0,0,0,0,0,0,0,0,0,0,0,0,0,0,0,0,0,0,0,0,0,0,0,0,0,0,2,4,4,2,0,0,0,0,0,0,0,0,0,0,0,0,0,0,0,,,,,,,,0
02ADL0201,387,1989,2/12/2018 9:47,2/12/2018,4,1,0,,1,1,1,2,1,1,2,5,2,2,1,2,1,1,2,1,1,2,2,1,7,7,3,1,3,1,2,0,2,1,1,0,3,0,,,,1,7,5,2,5,1,1,0,,0,,1,1,1,2,1,0,,,,,,,,,1,1,1,2,0,,2,2,0,,0,,,,0,,0,,,,1,1,0,2,0,,,,1,0,1,2,0,,,,0,,3,2,1,1,0,,1,1,0,,6,1,6,1,0,,1,0,0,,1,3,0,,0,,0,,7,1,10,1,1,0,0,0,0,0,0,0,1,0,9,0,0,0,0,0,0,1,1,2,1,2,1,9,9,1,9,1,5,1,2,1,2,10,2,1,1,5,2,1,1,2,4,1,1,1,0,,9,1,8,2,3,1,7,3,5,2,4,8,1,8,3,2,4,2,5,1,2,5,3,0,,2,2,4,3,10,3,5,2,1,5,1,2,1,5,2,1,1,10,2,5,1,,1,1,1,1,2,5,3,3,3,1,1,9,2,1,2,1,3,3,1,1,3,1,0,,,1,2,5,1,7,2,10,2,3,5,0,,,0,,3,2,1,10,2,5,2,3,2,1,1,2,3,2,9,2,9,2,5,5,5,4,2,10,2,3,2,0,,9,2,1,9,2,1,0,,0,,1,2,5,2,0,,10,0,0,0,0,0,0,0,1,0,0,,1,1,1,3,1,2,1,5,7,2,5,1,2,3,2,9,2,5,2,1,7,2,1,1,2,1,2,0,,0,,1,2,1,0,,10,3,1,0,,4,2,1,1,2,6,2,2,2,1,2,0,,0,,,,,,4,2,1,2,4,3,1,5,5,1,6,1,7,1,5,1,0,,1,5,3,1,,,1,5,3,1,1,,1,,,0,,1,5,1,1,1,1,0,,0,,1,1,7,2,0,0,1,1,1,0,0,0,0,0,0,0,0,0,1,0,0,0,0,0,0,0,0,0,0,0,0,0,0,,,,0,,,,,,,,,,,,,,,,,,,0,0,0,0,0,0,0,0,0,0,0,0,0,0,0,0,0,0,0,0,0,0,0,0,0,0,0,0,0,0,3,8,9,2,0,0,0,0,0,0,0,0,0,0,0,0,0,0,0,,,,,,,,0
02ADL0202,388,1995,2/14/2018 7:47,2/14/2018,5,2,0,,2,1,1,1,1,2,2,1,0,,,1,1,1,0,,,0,,1,3,3,1,1,1,1,3,2,1,1,2,2,1,0,,,,1,7,7,1,5,1,5,1,1,2,2,1,2,2,2,5,4,1,1,1,5,1,1,1,2,0,,6,2,0,,4,2,0,,1,2,1,2,1,2,0,,,,1,1,1,3,1,7,4,3,1,7,7,3,0,,,,1,3,9,2,4,2,7,3,0,,0,,7,3,0,,0,,1,4,4,2,2,2,0,,0,,0,,7,3,3,2,1,0,0,0,1,0,0,0,1,0,0,0,0,0,0,0,0,0,,,8,3,1,5,5,2,7,2,5,0,,0,,4,2,2,2,3,3,5,3,1,5,3,2,2,1,2,1,2,1,1,0,,2,2,4,3,2,7,3,4,2,1,2,2,1,5,3,2,2,2,2,2,2,1,2,4,1,1,3,2,1,2,2,1,1,,2,1,1,2,1,2,2,1,1,1,1,2,5,1,5,3,1,1,0,,1,1,0,,0,,0,,,0,,,0,,,,0,,0,,,,0,,,0,,0,,,0,,0,,0,,,0,,0,,0,,0,,,,,0,,0,,0,,0,,0,,,0,,,0,,0,,0,,0,,0,,0,0,0,0,0,0,0,0,0,0,2,2,1,4,3,2,2,2,3,1,1,2,1,1,2,0,,1,2,3,2,1,1,2,1,1,2,1,2,4,2,1,2,0,,,0,,5,2,1,4,1,4,2,1,1,2,2,3,3,1,1,1,0,,0,,,,,,4,3,6,2,4,2,1,5,3,2,7,1,2,1,1,1,1,4,1,5,3,1,,,1,1,2,1,5,3,5,3,5,1,1,0,,1,1,1,1,1,1,1,1,1,5,6,7,1,0,0,0,0,0,0,0,0,0,0,1,1,0,0,0,0,0,0,0,0,0,1,1,1,1,0,0,1,1,2,4,1,1,2,1,4,0,,,,,,1,2,2,5,2,0,,,1,1,1,0,0,0,0,0,0,0,0,0,0,0,0,0,0,0,0,0,0,0,0,0,0,0,0,0,0,0,3,6,6,2,0,0,0,0,0,0,0,0,0,0,0,0,0,0,0,,,,,,,,0
02ADL0203,389,1954,2/15/2018 8:33,2/15/2018,3,2,0,,0,,1,1,5,1,1,5,1,1,5,1,2,2,0,,,0,,1,3,1,1,5,5,0,,,,0,,,,1,2,1,1,1,9,8,1,5,2,2,1,1,0,,,,,,,7,2,5,1,1,2,1,2,2,0,,7,2,7,2,7,2,6,1,1,7,0,1,7,1,1,6,3,2,1,7,0,2,1,7,5,2,1,8,6,2,0,,,,1,1,1,2,8,2,1,2,1,2,1,2,7,2,7,2,5,2,1,6,1,2,7,2,7,2,6,1,5,2,7,2,8,2,7,0,0,0,0,0,0,0,1,0,1,0,0,0,0,0,0,1,1,,5,2,1,7,6,2,1,2,2,5,1,7,2,1,1,1,2,1,2,1,,1,1,1,1,,1,2,1,2,1,2,1,2,1,1,7,2,1,1,2,7,2,1,6,2,2,1,,2,1,1,2,1,2,1,2,1,2,4,2,1,1,5,2,3,3,2,2,2,6,2,1,3,2,1,1,1,7,1,1,2,2,2,1,,7,2,7,,1,1,1,2,1,2,5,1,2,5,1,1,5,5,0,,1,2,2,1,1,2,5,1,1,1,2,5,1,1,1,2,6,2,4,6,1,1,2,1,2,5,2,3,3,3,0,,1,2,1,2,0,,7,2,4,1,1,5,1,2,5,2,5,2,1,1,6,2,8,0,0,0,0,0,0,0,1,0,6,2,1,8,5,2,3,1,4,4,1,2,5,1,1,1,1,1,2,5,1,4,1,1,4,5,1,1,1,8,2,1,1,5,2,4,0,,1,2,5,5,2,1,2,4,5,2,5,2,1,2,1,2,0,,1,1,4,2,1,2,5,2,5,1,8,1,1,3,3,2,6,5,1,3,1,,6,4,1,4,2,1,,,1,5,2,4,5,2,4,2,2,1,1,1,4,1,4,1,4,0,,1,4,1,4,6,5,1,0,1,0,0,0,0,1,0,0,0,0,0,0,0,0,0,0,0,0,0,0,0,0,0,0,0,0,1,5,2,3,1,1,1,1,3,4,3,2,2,2,4,0,,2,6,2,0,,,0,0,0,0,0,0,0,0,0,0,1,0,0,0,0,0,0,0,0,0,0,1,0,0,0,0,0,0,0,0,1,4,4,2,0,0,0,0,0,0,0,0,0,0,0,0,0,0,0,,,,,,,,0
02ADL0204,390,1982,2/19/2018 9:40,2/19/2018,9,1,0,,0,,3,2,1,3,2,1,5,2,1,0,,,0,,,1,2,1,7,7,2,3,2,1,2,2,3,0,,,,0,,,,1,7,7,2,3,1,5,1,2,2,2,1,7,7,2,2,4,2,1,1,1,4,1,2,2,1,1,4,2,0,,7,2,1,2,1,2,1,2,4,2,1,1,1,2,1,6,6,3,1,7,7,3,1,7,7,2,0,,,,4,3,6,3,6,2,7,3,1,2,1,3,7,1,5,2,1,2,1,2,6,3,5,3,1,3,0,,1,2,4,2,8,2,6,1,1,0,0,0,0,0,0,0,0,0,0,0,0,0,0,0,,,7,2,0,,,,7,3,5,7,2,1,2,4,2,1,2,6,3,2,2,4,2,2,1,2,1,2,0,,1,2,1,3,1,3,4,3,5,5,2,7,2,1,4,2,1,1,3,5,3,1,3,3,2,0,,6,2,3,3,2,1,1,2,1,1,1,5,3,6,2,3,1,1,1,1,1,4,1,4,1,1,1,1,1,4,3,7,3,1,3,4,2,4,2,1,4,2,1,6,3,5,5,1,3,0,,,,1,3,3,4,2,3,3,1,4,3,3,3,1,3,1,3,2,4,3,4,2,7,3,2,5,3,1,3,4,2,4,2,4,3,5,3,1,4,2,1,4,3,6,3,3,3,4,2,5,3,0,0,0,0,0,0,0,0,0,0,0,,1,6,5,2,2,2,3,3,4,2,3,5,2,4,2,4,2,7,2,2,5,2,2,6,2,0,,7,2,1,2,4,2,3,0,,4,2,1,0,,6,2,1,6,2,7,3,4,2,3,1,0,,1,2,3,3,2,2,7,2,9,2,8,2,1,2,3,2,8,2,4,1,1,1,,,1,5,3,4,3,3,1,5,3,3,1,,2,2,2,0,,1,3,1,1,1,3,1,1,1,1,1,3,6,3,0,0,0,0,0,1,0,0,0,0,0,0,0,0,0,0,0,0,0,0,0,0,0,0,0,0,0,0,1,4,2,1,1,2,3,3,1,0,,,,,,0,,0,,,3,5,1,0,1,1,0,0,0,0,0,0,0,0,0,0,0,0,0,0,0,1,1,0,0,0,1,0,0,0,0,0,0,2,5,8,2,0,0,0,0,0,0,0,0,0,0,0,0,0,0,0,,,,,,,,0
02ADL0205,391,1956,2/20/2018 9:31,2/20/2018,12,1,0,,0,,1,1,5,1,2,5,2,1,5,0,,,0,,,0,,1,2,1,1,1,1,1,2,1,1,0,,,,0,,,,1,9,8,2,1,1,5,1,1,1,2,1,4,4,1,5,1,2,1,1,1,5,1,7,1,0,,1,2,0,,,,1,2,1,10,4,3,4,2,1,2,3,2,1,8,4,2,1,7,4,3,1,8,4,2,1,8,8,3,1,1,0,,7,2,4,2,1,2,1,2,0,,,,1,1,1,1,1,2,9,1,1,1,1,1,1,3,7,3,8,2,9,0,0,0,1,0,0,0,0,0,0,0,0,0,0,0,0,0,,,7,3,1,8,8,3,4,3,5,4,2,4,2,2,1,1,1,1,1,2,1,1,5,2,1,1,1,2,1,1,0,,1,2,1,3,3,3,1,8,3,0,,,4,2,1,5,3,5,2,1,,1,1,0,,1,3,5,1,1,1,2,1,1,5,2,1,1,4,3,3,5,1,1,3,2,1,2,3,1,3,3,1,1,9,2,1,2,1,1,4,2,0,,,1,1,5,2,2,5,5,2,2,0,,,,1,2,,1,2,0,,,1,2,1,2,2,3,5,1,1,6,2,0,,2,1,1,3,5,1,1,1,1,1,1,0,,1,1,1,1,1,5,1,3,0,,4,2,0,,1,1,4,0,0,0,1,0,0,0,0,0,0,,1,1,0,3,1,1,5,1,3,2,1,0,,3,2,1,2,0,,,0,,,1,1,0,,3,2,0,,0,,,0,,5,1,1,0,,2,1,5,1,1,1,2,4,3,0,,0,,1,1,1,1,3,5,4,1,4,1,6,2,4,2,1,1,7,1,0,,,,0,,0,,,,,,0,,,,,,,,,0,,0,,1,5,1,5,0,,0,,1,5,4,3,0,0,0,0,0,0,0,0,0,0,0,0,0,0,0,0,0,0,0,0,0,1,0,0,0,0,0,0,0,,,,1,0,,,,0,,,,,,0,,0,,,0,,,0,0,0,0,0,0,0,0,0,0,0,0,0,0,0,0,0,0,0,0,0,0,0,0,0,0,0,0,0,0,3,4,6,2,0,0,0,0,0,0,0,0,0,0,0,0,0,0,0,,,,,,,,0
02ADL0206,392,1993,2/22/2018 8:30,2/22/2018,12,1,1,2,1,2,4,3,3,3,3,3,4,3,1,2,3,5,0,,,0,,1,8,8,2,1,1,1,7,5,2,1,4,3,2,1,4,4,2,1,8,9,3,3,2,2,2,2,2,2,1,7,6,2,3,7,2,1,1,1,2,1,5,2,7,2,4,2,4,2,0,,7,2,1,7,6,2,7,2,0,,,,1,3,3,2,1,7,6,2,1,6,6,3,0,,,,0,,7,2,4,2,6,2,6,2,3,2,7,3,4,2,4,2,1,4,4,3,4,2,3,3,0,,0,,4,3,0,,4,1,1,0,1,0,1,1,0,0,4,1,1,0,1,1,0,0,2,2,0,,0,,,,7,3,3,7,2,3,2,7,3,3,2,3,2,1,1,2,2,2,2,2,1,2,7,2,1,2,3,2,4,2,4,2,2,4,2,6,2,2,0,,,,,,,1,2,1,2,0,,4,2,3,3,2,0,,,,,,,,8,3,3,4,2,2,2,3,6,2,2,2,2,3,1,1,10,3,9,2,1,2,0,,2,2,2,2,2,2,0,,,,4,2,7,2,2,3,6,3,3,3,2,4,2,2,1,2,1,2,1,2,2,4,2,0,,0,,4,2,3,3,5,0,,0,,4,2,0,,4,2,2,4,2,3,0,,0,,0,,0,,1,2,7,1,1,0,1,0,1,1,0,0,0,,1,4,4,2,2,2,2,2,4,2,2,4,3,1,2,1,2,6,2,3,4,2,3,0,,4,2,4,2,2,3,4,2,3,0,,10,2,3,4,2,4,2,1,4,2,4,2,1,2,3,2,3,2,7,2,4,1,2,2,6,2,7,2,4,2,1,4,3,1,1,3,5,3,1,1,4,3,1,5,2,1,,,0,,,,,,,,,7,2,1,3,1,3,1,3,0,,0,,1,3,3,3,0,0,0,0,0,0,0,0,0,0,1,0,0,0,0,0,0,0,0,0,0,0,0,0,0,0,0,0,0,,,,0,,,,,,,,,,,,,,,,,,,0,0,0,0,0,0,0,0,0,0,0,0,0,0,0,0,0,0,0,0,0,0,0,0,0,0,0,0,0,0,2,4,5,2,0,0,0,0,0,0,0,0,0,0,0,0,0,0,0,,,,,,,,0
02ADL0207,393,1966,2/22/2018 9:15,2/22/2018,2,1,0,,1,2,2,2,,2,2,,2,2,1,0,,,0,,,0,,1,4,4,1,1,2,1,1,1,1,1,3,3,2,1,1,4,3,1,8,8,1,3,2,2,1,1,3,3,1,4,4,3,5,0,,,,,,,,,0,,8,2,4,2,5,2,0,,1,6,2,1,3,,1,1,1,1,1,1,1,2,1,2,1,2,1,1,2,3,0,,,,0,,0,,3,2,6,2,1,2,3,2,0,,3,2,0,,1,1,1,2,5,2,5,2,0,,1,2,1,1,1,1,5,0,1,0,1,0,0,1,0,0,0,0,0,0,0,0,0,0,,,7,2,1,4,4,1,6,3,4,6,2,3,3,6,2,3,2,4,3,2,1,1,5,2,2,2,3,2,5,2,1,2,1,3,1,2,1,3,3,0,,6,3,2,1,3,5,2,2,5,3,6,3,3,2,0,,3,3,5,1,3,5,5,2,1,5,2,2,1,6,2,3,2,1,1,2,2,5,2,3,1,4,2,2,1,5,2,3,2,4,2,3,3,6,3,3,3,3,3,4,2,2,5,3,3,5,3,2,5,5,3,4,2,2,5,2,4,4,3,3,3,6,3,4,5,2,1,3,7,3,5,2,4,4,2,5,3,5,3,1,2,0,,5,2,4,7,2,3,1,3,1,3,5,3,0,,3,3,5,0,1,0,1,0,0,0,0,0,0,,1,1,1,3,1,3,1,3,5,3,5,3,2,5,2,3,1,7,3,4,7,3,2,7,3,5,2,6,3,3,2,0,,,0,,6,2,2,0,,3,3,2,3,2,6,3,2,2,1,1,1,2,1,2,3,2,3,2,7,2,6,2,4,2,2,4,5,2,1,5,4,2,1,1,1,2,1,4,3,1,,,1,4,3,3,4,2,1,,,3,1,0,,1,1,1,2,1,2,0,,1,3,3,4,0,0,0,0,0,0,0,0,0,0,0,0,0,0,0,0,0,0,0,0,0,1,0,0,0,0,0,0,1,3,2,3,1,3,2,1,3,2,1,2,2,2,2,1,1,1,2,2,0,,,0,1,1,0,0,1,0,0,0,0,0,1,1,1,1,1,1,0,0,1,0,0,0,0,1,0,0,0,0,0,2,5,7,2,0,0,0,0,0,0,0,0,0,0,0,0,0,0,0,,,,,,,,0
02ADL0208,394,1956,2/26/2018 8:25,2/26/2018,12,1,0,,1,1,1,1,0,1,2,1,1,2,1,0,,,0,,,0,,1,1,2,1,3,1,0,,,,1,1,1,2,1,2,2,1,1,9,9,2,5,1,2,0,,1,1,1,1,1,2,5,0,,,,,,,,,0,,1,2,0,,2,2,1,1,1,1,0,2,2,2,0,,,,1,2,0,3,1,2,1,3,1,2,2,2,0,,,,1,2,6,3,3,3,5,3,1,2,1,3,0,,2,3,0,,1,1,1,3,1,3,1,3,1,2,1,2,0,,8,2,8,0,1,0,1,1,1,1,0,0,0,0,0,0,0,0,0,0,,,6,2,1,1,1,3,3,3,5,3,2,1,2,4,2,2,3,1,2,2,2,1,5,2,4,2,1,2,1,2,1,3,1,3,1,3,1,3,5,8,3,2,2,1,1,2,1,5,3,5,2,1,2,1,2,0,,1,2,5,1,1,0,,,,,,,,2,2,3,4,2,1,1,1,2,2,3,5,5,3,1,2,0,,0,,1,2,2,2,1,,1,1,2,1,1,2,3,5,1,2,1,3,2,5,1,2,1,1,2,1,2,,1,2,1,2,2,3,1,1,2,1,2,1,2,7,2,2,1,5,1,2,4,2,1,1,1,3,2,2,1,1,2,1,1,3,2,3,1,2,1,2,2,2,8,0,0,0,1,1,1,0,0,0,0,,1,1,1,2,1,1,3,1,1,2,5,1,2,3,2,2,2,1,2,1,1,2,1,0,,0,,2,3,1,2,0,,,0,,2,2,1,1,2,1,2,1,1,3,1,3,1,3,1,2,0,,1,2,5,1,1,1,2,2,1,2,7,2,1,5,5,1,5,1,1,1,4,2,5,1,1,1,1,5,3,3,1,5,2,1,2,2,1,,,1,2,0,,1,1,1,1,1,1,1,1,1,1,3,3,0,0,0,0,0,0,0,0,1,0,0,0,0,1,0,0,0,0,0,0,0,0,0,0,0,0,0,0,1,1,2,4,1,1,2,1,2,0,,,,,,0,,0,,,0,,,0,0,0,0,1,0,0,0,0,0,0,0,0,0,0,0,1,0,0,0,0,0,0,0,1,0,0,0,0,0,,2,7,2,0,0,0,0,0,0,0,0,0,0,0,0,0,0,0,,,,,,,,0
02ADL0209,395,1989,2/27/2018 8:05,2/27/2018,5,2,0,,0,,2,2,2,1,2,1,1,2,1,3,2,3,1,1,5,2,2,1,4,3,1,1,1,0,,,,0,,,,1,3,3,2,1,7,7,3,5,2,,4,2,2,3,0,,,,,2,2,1,1,5,1,1,3,2,0,,7,2,0,,7,2,0,,0,,,,6,2,0,,,,0,,,,1,7,7,2,1,7,7,2,0,,,,5,2,0,,6,2,7,2,0,,0,,0,,6,2,6,2,1,6,6,2,0,,5,2,5,3,6,2,7,2,7,3,7,0,1,0,1,0,0,0,0,0,0,0,0,0,0,0,0,0,,,5,3,1,5,5,2,7,2,3,7,2,4,1,4,2,3,1,4,2,1,1,2,1,1,4,1,6,2,1,2,1,2,0,,5,3,4,2,5,0,,4,2,1,3,2,1,1,1,3,2,1,2,1,2,0,,4,2,5,1,1,1,5,2,1,1,1,5,2,7,1,3,3,2,1,1,1,4,2,5,1,1,1,1,1,6,2,7,2,1,2,4,2,6,2,3,0,,,0,,,,7,2,4,3,2,5,4,2,5,4,2,1,2,1,4,2,4,2,4,2,2,1,1,4,2,4,2,4,2,2,3,5,3,2,4,2,1,2,0,,4,3,3,4,2,3,1,2,5,2,0,,0,,3,2,0,0,0,0,0,0,0,0,0,0,0,,1,4,3,2,1,2,4,3,3,2,5,4,2,4,2,1,2,7,2,1,7,2,1,0,,5,2,6,2,7,2,8,2,5,0,,7,2,1,4,2,4,2,3,3,2,4,3,3,2,0,,0,,3,2,3,1,1,2,4,2,4,2,7,3,1,5,1,3,7,1,0,,,,3,1,1,5,2,5,3,3,1,5,2,3,1,,1,,,7,2,1,5,1,5,1,3,0,,1,5,1,5,6,6,1,0,1,0,0,0,0,0,0,0,0,0,0,0,0,0,0,0,0,0,0,0,0,0,0,0,0,0,0,,,,0,,,,,,,,,,,,,,,,,,,0,0,0,0,0,0,0,0,0,0,0,0,0,0,0,0,0,0,0,0,0,0,0,0,0,0,0,0,0,0,1,9,3,2,0,0,0,0,0,0,0,0,0,0,0,0,0,0,0,,,,,,,,0
02ADL0210,396,1992,2/27/2018 10:14,2/27/2018,2,2,0,,1,1,1,2,3,1,2,1,0,,,6,2,3,2,1,5,2,1,1,6,7,2,5,1,1,1,1,1,0,,,,0,,,,1,7,7,3,1,1,5,1,2,1,1,1,2,1,2,1,4,2,1,1,5,4,1,3,2,3,2,1,2,1,1,1,2,0,,1,1,1,2,1,1,1,1,1,2,1,1,1,2,1,2,2,2,0,,,,0,,,,1,2,1,2,4,2,4,2,1,2,1,2,1,1,4,2,4,2,1,1,4,2,3,2,3,2,0,,0,,3,2,7,3,7,0,1,0,1,0,0,0,0,0,4,1,1,0,1,0,0,0,2,2,1,2,1,6,6,2,4,2,5,4,2,0,,4,2,1,2,4,2,3,2,3,4,2,2,2,3,2,7,2,0,,1,2,4,2,3,2,1,1,2,0,,,1,2,3,2,2,1,1,1,1,3,2,1,1,4,2,4,2,2,3,5,2,3,3,3,3,2,4,2,2,1,1,1,1,1,4,2,3,3,2,3,1,1,3,2,1,2,0,,1,2,3,2,3,0,,,0,,,,4,2,3,1,2,5,1,2,3,3,2,3,2,3,0,,0,,1,2,3,1,1,4,2,4,2,4,2,3,3,2,1,2,3,2,3,2,0,,4,2,2,3,1,2,3,2,3,2,0,,0,,3,2,7,1,1,0,1,0,0,1,0,0,0,,1,1,1,2,2,2,3,3,1,2,2,3,2,3,3,4,2,3,2,1,3,2,2,3,2,1,2,0,,1,2,3,2,3,3,1,7,2,3,0,,2,2,3,2,2,4,2,3,2,1,2,1,2,1,1,2,3,2,3,3,1,1,2,4,2,2,3,2,1,6,1,6,1,4,2,2,1,1,3,2,3,3,1,1,5,2,4,1,,1,,,1,1,1,3,1,3,0,,1,4,1,2,1,3,3,3,1,0,0,0,0,0,0,0,0,0,0,0,0,0,0,0,0,0,0,0,0,0,0,0,0,0,0,0,1,5,2,2,1,2,2,2,1,1,5,3,3,3,1,1,1,2,3,2,0,,,0,0,0,0,0,0,0,0,0,0,0,0,0,0,0,0,0,0,0,0,0,0,0,0,1,0,0,0,0,0,2,5,7,2,0,0,0,0,0,0,0,0,0,0,0,0,0,0,0,,,,,,,,0
02ADL0211,397,1981,2/28/2018 10:27,2/28/2018,4,2,0,,0,,3,2,5,2,2,5,4,1,1,2,1,2,2,1,1,2,2,1,7,7,2,1,1,1,7,3,2,0,,,,0,,,,1,8,7,2,1,1,5,0,,0,,1,7,7,2,2,4,2,1,4,5,5,1,1,2,4,2,4,2,4,2,4,2,0,,1,7,4,2,4,2,1,4,1,2,1,4,1,2,1,4,1,2,1,7,4,2,0,,,,7,2,0,,3,3,0,,4,3,1,3,4,3,7,3,7,3,1,4,6,2,6,3,4,3,0,,0,,6,3,7,2,7,0,1,0,1,0,0,0,0,0,0,0,0,0,0,0,0,0,,,0,,1,6,6,2,4,2,5,7,2,6,2,6,2,4,2,4,2,5,2,3,5,2,1,1,4,2,4,1,1,3,1,3,4,3,7,3,5,7,3,6,2,3,4,3,5,5,2,5,2,4,2,6,2,4,3,4,2,5,1,1,1,5,2,5,5,2,5,2,6,2,5,5,2,1,2,2,4,2,5,1,2,2,1,1,4,2,4,2,1,2,1,2,1,2,1,4,2,1,1,2,5,5,0,,4,2,2,5,4,2,1,4,2,4,2,1,4,2,2,2,1,2,1,4,1,1,2,1,2,4,2,1,5,5,4,2,4,2,4,1,4,2,4,2,1,4,2,1,1,2,0,,1,2,4,2,1,2,7,0,1,0,1,0,0,1,0,0,0,,1,4,3,3,2,5,5,3,4,2,5,7,2,4,2,6,2,4,2,1,4,2,1,4,2,4,2,4,2,4,2,7,2,5,0,,0,,,4,2,4,2,1,4,2,4,2,4,2,4,2,4,2,1,2,5,5,5,5,4,2,4,2,4,2,1,5,5,2,8,1,4,1,1,1,7,1,1,5,2,1,,,1,5,2,3,5,2,2,2,1,4,2,0,,1,1,1,1,1,1,1,1,1,1,6,6,0,0,0,0,1,0,0,1,0,0,0,0,0,0,1,0,0,0,0,0,0,0,0,0,0,0,0,0,1,5,2,2,0,,,,,,,,,,,,,,,,,,,0,0,0,0,0,0,0,0,0,0,0,0,0,0,0,0,0,0,0,0,0,0,0,0,0,0,0,0,0,0,1,5,6,2,0,0,0,0,0,0,0,0,0,0,0,0,0,0,0,,,,,,,,0
02ADL0212,398,,3/1/2018 8:49,3/1/2018,4,1,0,,0,,2,2,1,2,2,1,6,2,1,0,,,0,,,0,,1,3,3,1,1,1,1,2,2,2,0,,,,1,3,3,2,1,4,4,3,1,1,1,0,,2,2,1,3,3,2,1,1,2,1,1,3,3,1,1,2,0,,1,1,0,,0,,0,,0,,,,0,,0,,,,0,,,,1,1,1,1,1,1,1,1,0,,,,1,1,0,,2,2,0,,,,1,2,0,,4,2,0,,1,1,1,1,3,2,6,2,1,1,0,,1,1,1,1,1,0,1,0,0,0,1,0,0,0,0,0,0,0,0,0,0,0,,,,,1,3,4,1,3,2,2,4,2,0,,6,2,2,2,2,2,1,1,1,2,1,5,2,4,2,1,2,2,2,0,,4,3,0,,,2,3,7,3,1,2,2,1,1,1,5,3,0,,2,3,0,,4,3,5,1,1,0,,,,,,,,9,3,5,1,1,1,1,1,6,1,5,1,5,2,1,1,3,2,0,,0,,9,2,9,2,1,0,,,0,,,,0,,4,1,2,5,3,2,1,4,2,0,,,4,2,0,,3,3,1,0,,0,,3,2,3,2,2,3,5,5,2,3,2,7,2,0,,2,2,1,6,1,1,0,,2,3,1,2,2,3,1,2,1,0,1,0,0,0,1,1,0,0,0,,1,3,1,2,1,1,1,1,2,3,5,9,2,4,2,4,2,5,1,1,4,2,1,2,2,1,2,0,,0,,2,1,1,0,,9,3,1,2,2,2,3,1,2,2,6,2,1,1,0,,0,,0,,,,,,2,2,4,1,4,2,1,5,5,3,7,1,1,1,1,1,2,5,1,5,3,1,,,1,5,3,1,5,3,2,3,1,0,,0,,1,1,0,,0,,0,,1,1,4,1,0,0,0,0,0,0,0,0,0,0,0,1,0,0,1,0,0,0,0,0,0,0,0,0,0,0,0,0,1,2,2,4,1,0,,,,0,,,,,,1,2,2,5,2,0,,,0,0,1,0,0,0,0,0,0,0,1,0,0,0,0,0,0,0,0,0,0,0,0,0,0,0,0,0,0,0,3,8,1,2,0,0,0,0,0,0,0,0,0,0,0,0,0,0,0,,,,,,,,0
02ADL0213,399,1977,3/2/2018 9:13,3/2/2018,10,1,0,,0,,3,3,3,1,2,2,4,3,1,2,2,2,2,2,2,0,,1,1,1,2,1,5,1,4,2,2,0,,,,0,,,,1,7,7,2,3,1,1,0,,1,1,1,2,3,2,1,6,3,3,1,3,1,1,2,3,0,,4,2,0,,4,2,0,,1,1,0,2,4,2,1,1,0,1,1,1,0,1,1,2,1,2,1,6,3,2,0,,,,1,2,2,2,4,3,0,,0,,0,,1,2,3,2,0,,1,1,2,2,4,3,0,,1,1,0,,2,2,2,1,8,0,0,0,1,0,0,1,0,0,0,0,0,0,0,0,0,0,,,0,,0,,,,0,,,0,,2,3,4,3,0,,1,2,1,1,1,1,1,1,1,3,2,1,1,1,3,1,2,1,2,1,2,1,1,1,5,2,2,6,3,1,1,1,5,2,0,,1,2,,,5,2,5,1,1,0,,,,,,,,4,2,5,1,1,1,1,1,3,2,1,1,1,1,1,1,5,2,5,2,0,,3,2,0,,,0,,,3,2,5,5,3,2,2,2,2,2,0,,,2,2,2,2,1,0,,0,,0,,,0,,1,2,3,2,3,2,2,2,4,0,,0,,0,,0,,0,,,5,2,1,0,,0,,1,2,1,1,0,,9,0,1,0,1,0,1,1,0,0,0,,1,2,1,2,1,2,3,4,5,2,1,3,2,1,2,1,2,3,2,1,0,,,5,2,0,,0,,0,,2,2,1,0,,1,1,1,1,3,1,3,3,1,2,1,3,1,2,0,,0,,1,2,3,3,2,2,7,1,0,,6,2,1,5,5,1,0,,3,3,1,1,4,5,1,3,2,1,,,0,,,,,,,,,2,2,0,,1,1,0,,0,,0,,1,2,3,2,0,0,0,0,0,0,0,0,0,0,0,0,0,0,0,0,0,0,0,0,0,1,0,0,0,0,0,0,0,,,,0,,,,,,,,,,,,,,,,,,,0,0,0,0,0,0,0,0,0,0,0,0,0,0,0,0,0,0,0,0,0,0,0,0,0,0,0,0,0,0,3,6,7,2,0,0,0,0,0,0,0,0,0,0,0,0,0,0,0,,,,,,,,0
02ADL0214,400,1979,3/5/2018 7:08,3/5/2018,12,2,0,,1,2,0,,,2,2,3,2,2,1,0,,,0,,,0,,1,3,2,2,1,3,1,2,2,2,0,,,,1,2,2,2,1,9,9,2,1,1,5,4,2,3,3,1,5,5,2,1,3,2,5,1,5,2,1,7,1,4,2,8,2,1,2,7,2,1,2,1,1,1,1,6,2,1,1,1,1,1,1,0,2,1,1,1,2,1,4,4,2,0,,,,1,1,6,2,1,2,7,3,0,,0,,4,3,2,2,2,2,1,3,3,2,4,2,1,2,2,2,0,,4,2,2,2,0,0,0,0,0,0,0,0,0,0,0,0,0,0,0,0,0,0,,,1,1,1,5,5,2,8,3,5,8,2,4,2,3,2,0,,3,2,1,1,1,4,2,4,2,1,2,8,2,1,2,0,,5,3,5,3,1,8,2,3,2,1,3,2,1,5,2,5,2,3,2,3,3,2,3,5,2,1,5,2,2,3,1,1,5,2,1,1,2,2,2,1,1,1,1,1,3,1,3,1,2,2,1,1,1,1,4,2,0,,0,,0,,,0,,,7,3,5,1,0,,0,,,,0,,,0,,0,,,0,,0,,0,,,0,,0,,0,,0,,,,,0,,0,,0,,0,,0,,,0,,,2,3,7,3,7,2,0,,7,2,4,0,1,0,0,0,0,1,0,0,0,,1,3,2,2,2,2,3,1,5,2,1,3,2,2,2,1,2,3,2,1,3,1,1,4,2,1,2,5,2,3,2,5,2,1,0,,5,2,1,3,2,3,2,1,2,2,5,3,3,2,3,2,3,2,2,2,5,2,2,1,3,2,4,2,0,,,,,,5,1,3,1,1,1,5,5,1,5,2,1,,,1,5,1,3,3,1,1,,,6,2,0,,1,1,1,5,0,,0,,1,1,3,4,1,0,1,0,0,0,0,1,0,0,0,0,1,0,1,0,0,0,0,0,0,0,0,0,0,0,0,0,1,3,2,2,1,2,3,2,4,1,5,2,2,2,1,0,,1,2,1,0,,,0,1,1,0,0,1,0,0,0,0,1,1,0,0,0,0,1,0,0,0,0,0,0,0,0,0,0,0,0,0,3,4,6,2,0,0,0,0,0,0,0,0,0,0,0,0,0,0,0,,,,,,,,0
02ADL0215,401,1957,3/6/2018 10:57,3/6/2018,9,2,0,,0,,4,2,0,6,2,1,1,2,1,2,2,7,4,1,1,3,1,1,2,2,1,1,3,0,,,,0,,,,1,1,1,1,1,7,7,2,4,1,5,1,1,1,1,1,4,4,1,3,4,2,1,1,5,1,1,7,1,0,,7,2,0,,7,2,1,2,0,,,,4,2,1,4,4,2,1,4,4,2,1,4,4,2,1,7,4,2,1,7,0,3,8,3,0,,10,3,10,2,4,2,1,3,5,2,6,2,1,2,1,7,2,2,4,2,5,2,1,1,1,2,4,2,8,2,8,0,1,1,1,1,1,1,0,0,2,0,1,0,1,1,0,0,2,2,1,3,1,7,1,3,7,2,5,7,1,1,2,2,2,1,2,7,2,1,,2,4,2,1,,7,2,1,2,1,2,2,2,2,2,5,2,5,9,2,6,2,1,7,2,1,4,3,2,2,2,2,0,,0,,4,2,5,1,1,0,,,,,,,,1,2,5,5,2,1,1,,4,2,5,1,5,3,1,,1,2,2,2,0,,1,2,1,2,1,0,,,0,,,,0,,4,1,2,5,0,,,5,2,1,2,1,6,1,5,2,4,2,3,5,2,1,2,6,2,7,2,2,5,2,1,2,6,2,2,2,0,,,,,5,1,1,1,2,7,3,4,2,1,2,5,2,4,0,1,0,1,0,1,1,0,0,0,,1,6,4,2,2,1,5,5,4,3,5,4,2,0,,1,2,5,2,3,6,2,1,1,1,1,2,1,2,7,2,10,2,5,0,,2,2,1,0,,2,2,1,1,1,1,2,3,2,0,,0,,2,2,,4,1,2,5,2,1,2,1,2,1,5,5,1,7,4,6,3,4,2,1,2,1,1,,5,,2,0,,,,,,,,,0,,0,,1,2,1,1,0,,1,3,1,3,8,3,1,0,0,0,0,0,1,0,0,0,0,0,1,0,1,0,0,0,0,0,0,0,0,0,0,0,0,0,0,,,,1,5,1,2,4,5,4,2,3,3,4,0,,5,3,4,0,,,0,1,0,0,0,0,0,0,0,0,1,0,0,0,0,0,1,0,0,0,0,0,0,0,0,0,0,0,0,0,3,1,1,2,0,0,0,0,0,0,0,0,0,0,0,0,0,0,0,,,,,,,,0
02ADL0216,402,,3/7/2018 9:17,3/7/2018,3,,0,,1,2,1,2,2,1,2,3,0,,,1,2,2,0,,,0,,1,2,2,2,5,1,0,,,,0,,,,1,6,6,2,1,7,7,2,2,1,2,0,,2,1,0,,,,,0,,,,,,,,,0,,6,2,4,2,5,2,3,2,1,5,3,2,4,2,1,4,3,1,1,4,4,2,1,5,5,2,1,7,4,2,1,5,2,1,3,2,9,2,9,2,4,2,2,2,4,2,5,2,4,2,4,2,1,6,4,2,5,2,4,2,4,2,3,2,10,2,9,2,10,0,0,0,0,1,0,0,0,0,1,0,0,0,1,0,0,0,1,1,6,2,1,6,6,2,3,2,2,3,1,2,2,1,1,1,1,2,1,1,1,1,1,1,1,1,2,1,1,1,2,3,2,2,3,2,9,2,1,10,3,9,2,1,1,2,1,1,1,1,1,1,2,0,,0,,2,2,,,,0,,,,,,,,6,1,1,2,1,1,,1,3,1,1,1,1,1,1,1,1,1,1,2,2,2,2,2,2,2,3,1,2,3,2,2,3,3,1,1,2,1,1,3,2,2,4,2,2,1,2,3,3,2,2,2,3,2,3,4,2,3,2,3,2,4,2,2,3,4,1,2,6,2,2,2,0,,8,1,1,2,1,1,2,2,3,2,4,2,2,2,4,2,5,0,0,0,1,1,0,0,0,0,6,2,1,7,6,2,2,1,3,4,1,1,5,0,,0,,0,,1,1,3,2,1,1,1,1,0,,9,2,2,2,4,1,5,0,,4,2,3,3,1,2,1,3,1,1,2,1,0,,1,1,0,,1,1,3,2,1,2,3,1,2,1,7,1,1,5,4,1,7,1,0,,,,3,1,1,2,1,5,1,1,1,2,1,3,3,1,2,1,2,0,,0,,0,,1,2,0,,0,,1,3,8,5,1,0,0,0,0,0,0,0,0,0,0,0,0,0,0,0,0,0,0,0,0,0,0,0,0,0,0,0,1,5,2,4,1,1,1,1,2,0,,,,,,0,,0,,,0,,,0,0,0,0,0,0,0,0,0,0,0,0,0,0,0,0,1,0,0,0,0,1,0,0,0,0,0,0,0,0,1,4,4,2,0,0,0,0,0,0,0,0,0,0,0,0,0,0,0,,,,,,,,0
02ADL0217,403,1953,3/13/2018 9:07,3/13/2018,7,2,0,,0,,0,,,0,,,0,,,0,,,0,,,0,,0,,,,,,0,,,,0,,,,0,,,,1,8,8,1,5,1,1,2,2,0,,1,8,8,1,2,0,,,,,,,,,1,1,1,1,1,1,6,1,1,1,1,1,1,1,1,1,1,1,1,1,1,1,1,1,1,1,1,2,0,,,,0,,,,1,1,1,1,7,2,1,2,1,2,6,2,8,2,7,2,1,2,0,,,,7,2,6,2,3,2,2,2,7,2,9,3,9,0,0,0,1,0,0,0,0,0,0,0,0,0,0,0,0,0,,,2,2,1,8,8,2,5,2,3,0,,5,2,1,1,1,1,4,2,1,1,1,1,1,2,1,4,2,0,,5,2,1,2,4,2,4,2,1,10,2,8,2,5,4,2,1,2,3,5,2,1,2,1,2,1,2,4,2,5,1,1,0,,,,,,,,2,2,2,5,3,1,3,4,2,2,5,1,5,4,1,,4,2,8,2,0,,0,,1,2,1,1,2,1,0,,,,0,,1,1,1,2,0,,,2,2,0,,,2,2,2,2,1,2,5,2,2,2,3,7,2,7,2,1,3,1,1,2,5,2,1,2,0,,1,2,5,6,2,5,5,3,4,3,4,2,1,2,3,3,8,0,0,0,1,0,0,0,1,0,0,,1,1,1,2,2,1,4,5,2,2,4,6,2,3,2,5,2,0,,,0,,,0,,0,,7,2,6,2,6,2,1,0,,2,1,1,2,2,2,2,1,2,2,4,2,1,2,2,2,2,2,2,3,4,2,4,2,7,2,7,2,9,2,1,5,5,1,0,,6,5,1,,6,5,0,,,,,,0,,,,,,,,,7,2,0,,1,5,1,1,0,,1,5,0,,8,2,1,0,0,0,0,0,1,1,0,0,0,0,0,0,0,0,0,1,0,0,0,0,0,0,0,0,0,0,0,,,,1,1,0,1,3,5,4,1,2,1,4,0,,2,2,1,2,2,1,0,0,1,0,0,0,0,0,0,0,1,0,0,0,0,0,0,0,0,0,0,0,0,0,0,0,0,0,0,0,2,3,4,2,0,0,0,0,0,0,0,0,0,0,0,0,0,0,0,,,,,,,,0
02ADL0219,404,1951,3/15/2018 8:51,3/15/2018,5,2,0,,1,2,1,2,0,1,2,1,0,,,0,,,0,,,0,,1,1,1,1,1,1,0,,,,0,,,,0,,,,1,9,9,1,4,1,5,1,1,1,1,1,1,1,1,5,6,1,1,1,5,1,0,,,0,,3,1,1,1,2,1,4,1,1,2,0,2,2,1,1,7,1,1,1,8,1,2,1,7,2,2,1,8,2,2,0,,,,2,2,2,2,5,2,3,2,1,2,0,,4,2,4,2,1,1,1,8,2,2,6,2,1,2,3,2,4,2,0,,8,1,9,0,0,0,1,0,0,0,0,0,0,0,0,0,0,0,0,0,,,6,1,1,8,6,2,5,2,3,5,1,6,1,4,2,1,2,3,2,2,1,1,5,2,2,2,3,2,1,1,1,2,1,2,4,,1,2,5,2,2,6,2,1,1,2,1,3,2,1,,2,2,1,1,2,2,4,2,5,1,1,2,5,1,1,4,3,1,,4,2,1,1,,1,1,1,4,1,3,1,5,3,1,,4,2,3,2,0,,0,,2,2,1,1,2,1,3,2,5,5,0,,2,1,2,4,1,2,5,3,2,1,2,1,4,2,2,2,2,2,4,1,2,1,2,4,2,4,2,1,2,2,1,2,4,2,2,2,1,2,3,2,1,3,2,3,2,2,2,3,4,2,2,2,2,2,4,0,1,0,1,0,1,0,0,0,0,,1,4,3,2,2,1,4,1,4,2,4,9,2,2,2,1,2,6,2,1,3,2,1,1,1,3,2,10,2,2,2,8,1,5,1,1,9,2,1,1,2,2,2,1,3,1,4,2,1,2,2,2,2,2,1,3,4,2,1,1,9,2,7,2,6,1,1,5,3,1,6,1,0,,,,4,1,1,2,1,1,,,1,1,,,1,,5,2,2,0,,0,,1,1,1,1,1,4,0,,1,1,7,6,1,0,0,0,0,0,0,0,0,0,0,0,0,0,0,0,0,0,0,0,0,0,0,0,0,0,0,0,1,3,1,4,1,0,,,,0,,,,,,0,,0,,,0,,,0,1,0,0,0,1,0,0,0,0,1,0,0,1,0,0,1,0,0,1,0,0,0,0,0,0,0,0,0,1,2,5,5,2,0,0,0,0,0,0,0,0,0,0,0,0,0,0,0,,,,,,,,0
02ADL0220,405,1996,3/19/2018 10:48,3/19/2018,4,2,0,,0,,1,1,0,1,1,,1,1,5,0,,,1,2,1,0,,1,4,4,1,5,1,0,,,,0,,,,0,,,,1,9,9,2,5,1,5,0,,0,,1,1,1,1,2,1,2,4,4,4,2,1,3,1,6,1,1,2,1,1,5,2,3,1,0,,,,1,1,0,,,,1,1,0,2,1,6,6,2,0,,,,0,,,,7,3,1,1,1,2,1,2,2,3,0,,0,,1,2,1,2,1,6,6,2,7,2,0,,0,,0,,8,2,9,2,0,0,0,0,0,0,0,0,0,0,0,0,0,0,0,0,0,0,,,1,2,1,8,8,3,8,3,1,7,1,0,,8,2,7,2,8,2,2,1,1,1,,1,,1,2,0,,0,,0,,1,1,1,1,1,9,2,7,1,1,0,,,,,,,3,2,0,,1,2,3,2,5,1,3,0,,,,,,,,9,2,5,1,,1,1,,7,1,5,,1,1,1,,0,,5,2,6,3,5,3,0,,,1,3,1,3,3,5,1,6,2,2,2,2,5,2,2,3,6,2,0,,,1,2,0,,1,1,3,0,,0,,6,2,7,1,2,5,1,0,,0,,0,,3,2,0,,,0,,,2,2,1,2,1,1,0,,0,,1,0,0,0,1,0,0,1,0,0,0,,1,8,5,2,1,3,3,1,7,2,1,2,1,0,,4,2,5,2,1,1,2,1,1,1,0,,2,3,0,,3,2,5,0,,5,2,3,2,2,2,2,5,2,2,1,2,1,2,0,,0,,0,,,,,,7,1,2,1,6,1,5,2,3,2,6,1,1,1,5,1,4,1,1,2,2,1,,,1,3,2,2,3,2,1,,,4,2,0,,1,5,0,,1,5,0,,1,1,5,2,0,0,1,0,0,0,0,0,0,0,0,0,1,0,0,0,0,0,1,0,0,0,0,0,0,0,0,0,0,,,,0,,,,,,,,,,,,,,,,,,,0,0,0,0,0,0,0,0,0,0,0,0,0,0,0,0,0,0,0,0,0,0,0,0,0,0,0,0,0,0,1,4,7,2,0,0,0,0,0,0,0,0,0,0,0,0,0,0,0,,,,,,,,0
02ADL0221,406,1980,3/20/2018 9:44,3/20/2018,3,1,0,,0,,4,2,4,3,2,3,4,2,1,0,,,0,,,0,,1,4,3,2,1,1,1,4,3,2,0,,,,1,4,4,2,1,5,5,2,3,1,5,0,,2,2,1,6,4,2,2,6,3,1,1,1,5,1,1,2,0,,2,2,4,1,4,2,1,2,1,5,2,2,1,2,1,1,1,1,1,2,1,1,0,,,,0,,,,0,,,,2,1,0,,2,1,1,1,1,1,1,1,0,,5,1,4,1,1,4,4,1,4,1,0,,0,,0,,1,1,0,,7,1,1,0,1,0,0,0,0,0,6,1,1,1,1,0,0,0,1,2,0,,0,,,,4,2,1,4,1,0,,4,2,1,2,4,2,1,1,2,2,2,2,2,0,,3,1,3,2,0,,0,,1,3,3,1,1,5,2,1,5,2,2,2,3,2,2,1,2,3,2,0,,4,2,3,1,3,0,,,,,,,,5,2,3,3,2,1,2,1,4,1,4,3,3,2,1,1,4,1,0,,0,,3,2,1,2,3,1,2,2,3,2,3,5,0,,4,2,2,5,0,,,1,2,1,2,1,0,,2,2,2,3,1,2,1,0,,4,2,4,2,2,2,5,1,2,2,2,4,2,0,,3,2,1,6,2,1,2,2,2,2,1,2,2,2,2,2,4,1,0,0,1,0,0,0,0,0,0,,0,,,,,,,,3,2,4,1,2,4,2,2,2,7,2,1,0,,,2,3,0,,7,2,0,,0,,,0,,6,2,1,0,,0,,,1,2,5,2,1,2,0,,0,,0,,,,,,7,2,7,2,7,2,1,5,5,1,0,,0,,,,0,,0,,,,,,0,,,,,,,,,1,1,1,2,1,2,1,2,0,,0,,1,2,2,2,0,0,1,0,0,0,0,0,0,0,0,0,0,0,0,0,0,0,0,0,0,0,0,0,0,0,0,0,0,,,,0,,,,,,,,,,,,,,,,,,,0,0,0,0,0,0,0,0,0,0,0,0,0,0,0,0,0,0,0,0,0,0,0,0,0,0,0,0,0,0,3,1,4,2,0,0,0,0,0,0,0,0,0,0,0,0,0,0,0,,,,,,,,0
02ADL0222,407,1959,3/21/2018 9:33,3/21/2018,7,1,0,,1,1,1,2,2,1,1,1,1,2,1,2,2,2,1,1,1,1,1,1,1,1,1,1,1,1,3,1,2,0,,,,0,,,,1,7,7,2,2,1,2,1,1,0,,1,1,1,2,2,7,2,1,2,2,2,1,2,2,4,2,6,2,4,2,6,2,1,2,1,5,3,3,3,2,1,4,1,2,1,5,2,2,1,7,7,3,1,6,4,3,0,,,,5,2,4,2,4,2,4,2,2,2,2,2,3,3,3,3,2,2,1,4,4,3,3,2,1,2,1,,2,2,4,3,5,2,1,0,0,0,0,0,1,0,0,0,4,0,0,0,1,1,0,0,2,2,1,1,1,4,3,2,5,3,2,4,2,2,3,2,2,2,2,2,2,2,2,2,2,2,2,2,2,3,4,2,1,3,3,3,2,3,2,2,2,2,2,3,3,2,1,2,2,3,3,5,3,2,3,6,3,2,2,2,2,,,,4,3,2,2,2,2,5,3,2,2,3,5,2,2,2,3,2,2,2,2,2,2,2,2,7,2,5,3,2,2,5,2,3,2,1,5,2,1,3,2,1,5,3,3,2,2,2,3,4,3,4,5,2,3,3,1,5,2,2,2,3,3,3,5,2,5,3,6,3,5,3,3,3,5,4,2,5,3,6,2,3,3,2,3,1,2,2,1,5,3,0,,5,3,3,3,6,3,2,0,0,0,0,0,0,0,0,0,0,,1,6,5,3,1,4,1,1,3,2,5,8,2,5,3,4,3,4,3,1,3,2,1,7,3,3,2,7,3,6,3,7,2,2,4,2,4,2,1,6,3,6,3,1,2,2,3,2,3,3,4,3,3,2,3,2,5,5,4,3,5,3,6,2,6,2,3,3,2,2,2,1,2,1,1,1,2,1,1,5,3,1,,,1,5,3,1,5,2,3,3,2,4,2,0,,1,1,1,1,1,1,1,1,1,3,3,3,0,0,0,0,0,0,0,1,0,0,0,0,0,0,0,0,1,0,1,0,0,0,0,0,0,0,0,0,0,,,,0,,,,,,,,,,,,,,,,,,,0,0,0,0,0,0,0,0,0,0,0,0,0,0,0,0,0,0,0,0,0,0,0,0,0,0,0,0,0,0,2,6,2,2,0,0,0,0,0,0,0,0,0,0,0,0,0,0,0,,,,,,,,0
02ADL0223,408,1950,3/22/2018 12:28,3/22/2018,6,1,0,,0,,2,2,3,2,2,1,2,1,1,6,2,1,0,,,0,,1,1,1,1,1,1,0,,,,0,,,,1,1,1,1,1,8,8,1,5,1,2,1,1,1,1,1,1,1,2,1,8,2,5,1,1,1,1,1,3,0,,7,2,7,2,8,2,5,1,1,7,1,2,7,2,1,4,0,1,1,4,1,2,1,4,1,2,1,8,7,2,1,4,1,2,0,,5,1,9,2,2,2,1,2,7,2,4,2,4,2,4,2,,,,,6,2,3,2,3,2,4,2,4,2,4,3,10,0,0,0,0,0,0,0,1,0,0,0,0,0,0,0,0,0,,,4,3,1,4,2,3,2,2,2,3,2,2,2,0,,1,1,1,2,1,1,1,1,2,1,1,0,,0,,0,,1,1,1,2,1,2,1,9,2,10,2,1,0,,,,,,,0,,1,2,0,,6,2,1,1,1,1,5,2,1,2,1,3,3,3,2,1,5,2,1,2,3,1,2,2,1,2,3,1,1,2,2,4,2,1,2,2,2,2,3,1,1,2,1,1,2,5,4,0,,1,2,2,3,0,,,1,2,1,2,1,4,3,3,2,1,2,5,1,1,0,,3,2,3,1,2,3,3,2,2,8,1,0,,0,,1,2,,1,2,1,0,,1,2,,,0,,6,2,1,0,0,0,0,0,0,0,0,1,7,2,1,6,5,2,2,2,2,2,1,2,5,1,2,0,,0,,2,2,1,1,2,1,1,1,1,1,9,2,0,,6,2,,0,,3,2,1,1,2,1,2,1,1,2,2,2,1,2,0,,0,,1,2,5,1,2,4,3,1,1,1,8,1,1,5,2,2,2,3,0,,,,2,1,0,,,,,,0,,,,,,,,,0,,0,,1,1,1,1,0,,1,1,1,1,8,7,0,0,0,0,0,0,0,0,0,0,0,0,0,0,0,0,0,0,0,0,0,1,0,0,0,0,0,0,1,5,2,4,1,0,,,,1,1,2,2,2,4,0,,1,1,4,1,1,4,0,1,1,0,0,0,0,0,0,0,1,1,0,1,0,0,1,0,0,0,0,0,0,0,0,0,0,0,0,0,2,5,6,2,0,0,0,0,0,0,0,0,0,0,0,0,0,0,0,,,,,,,,0
02ADL0224,409,,3/23/2018 8:07,3/23/2018,1,1,0,,0,,1,1,1,1,2,1,6,2,3,0,,,0,,,0,,1,8,4,2,1,1,0,,,,0,,,,1,9,8,3,1,9,9,2,3,2,2,0,,0,,1,2,1,2,2,2,2,2,2,3,4,1,1,2,6,2,1,3,1,2,1,3,5,2,1,6,1,2,7,2,1,1,1,2,1,1,5,2,0,,,,1,6,1,2,1,6,3,2,0,,1,,1,1,0,,1,1,0,,1,1,1,1,1,1,1,5,1,2,0,,0,,0,,0,,1,1,5,1,5,0,0,0,0,1,0,0,0,0,5,0,0,0,1,0,0,0,1,2,0,,1,6,5,3,5,2,2,6,3,5,2,6,,0,,6,3,3,2,3,3,2,1,1,5,3,6,2,1,2,4,3,4,3,4,3,3,6,1,6,2,3,5,2,3,3,3,5,3,0,,0,,0,,3,2,2,5,1,0,,,,,,,,9,2,5,5,2,2,1,2,5,2,5,5,,2,1,1,6,2,6,2,6,2,5,2,6,2,2,6,2,2,5,1,5,5,5,2,5,3,2,5,6,,5,5,2,6,2,2,6,2,1,2,4,2,5,1,2,0,,1,1,1,2,3,2,5,1,2,1,2,6,2,0,,6,2,2,4,1,5,0,,0,,1,,1,2,1,2,0,0,0,0,0,0,0,0,0,0,0,,1,5,1,1,1,1,1,1,0,,,6,2,1,2,5,2,5,2,1,0,,,5,2,0,,7,2,0,,0,,,0,,6,2,1,0,,6,2,1,5,2,5,3,5,2,0,,0,,1,2,5,3,3,3,5,2,5,2,5,2,1,5,5,1,6,1,4,3,3,1,4,1,1,5,2,3,2,3,1,5,3,3,1,,1,,,5,2,,,1,5,1,5,1,5,0,,0,,1,1,0,0,0,0,0,0,0,0,0,0,0,0,0,0,0,0,0,0,0,0,0,1,0,0,0,0,0,0,0,,,,0,,,,,,,,,,,,,,,,,,,0,0,0,0,0,0,0,0,0,0,0,0,0,0,0,0,0,0,0,0,0,0,0,0,0,0,0,0,0,0,2,2,,2,0,0,0,0,0,0,0,0,0,0,0,0,0,0,0,,,,,,,,0
02ADL0225,410,1969,3/26/2018 8:11,3/26/2018,7,2,0,,0,,0,,,1,2,1,0,,,0,,,0,,,0,,0,,,,,,0,,,,0,,,,0,,,,1,9,9,3,4,1,1,1,1,1,1,1,9,9,2,1,0,,,,,,,,,3,1,6,2,1,2,9,2,6,2,1,5,5,1,3,1,1,1,0,1,1,9,0,2,1,1,0,2,1,9,0,2,0,,,,3,2,9,2,9,2,6,2,0,,3,2,3,2,9,2,6,2,1,3,0,2,9,2,5,2,2,2,9,2,2,2,6,2,9,0,0,0,1,0,0,0,0,0,0,0,0,0,0,0,0,0,,,0,,1,4,0,2,6,3,1,9,1,6,2,0,,0,,0,,,,,,,,,2,2,6,2,0,,2,2,0,,9,2,1,7,2,6,1,1,4,2,1,1,1,2,1,0,,0,,0,,4,1,1,5,1,0,,,,,,,,1,2,1,1,1,1,1,1,0,,,,,,,,2,1,9,1,0,,0,,0,,,0,,,0,,,,0,,0,,,,0,,,0,,0,,,0,,0,,0,,,0,,0,,0,,0,,,,,0,,0,,0,,0,,0,,,0,,,0,,0,,1,1,0,,0,,0,0,0,0,0,0,0,0,0,0,5,1,1,2,1,2,4,1,2,1,4,2,1,2,2,0,,0,,5,2,1,4,1,1,6,2,2,2,7,1,5,2,0,,,0,,0,,,0,,0,,,0,,0,,0,,0,,0,,0,,,,,,5,2,3,1,0,,,,,,4,1,0,,,,2,,1,2,1,1,,,0,,,,,,,,,3,1,0,,0,,0,,0,,0,,1,1,5,6,1,0,0,0,0,0,0,0,0,0,1,0,1,0,1,1,0,0,0,0,0,0,1,1,1,0,1,1,1,5,3,1,1,0,,,,0,,,,,,0,,0,,,0,,,0,0,1,0,0,0,0,0,0,0,0,0,0,0,0,0,0,0,0,0,0,0,0,0,0,0,0,0,0,0,1,4,4,2,0,0,0,0,0,0,0,0,0,0,0,0,0,0,0,,,,,,,,0
02ADL0226,411,1975,3/27/2018 8:37,3/27/2018,1,1,0,,0,,0,,,0,,,0,,,2,2,4,0,,,1,2,0,,,,,,1,6,6,2,0,,,,0,,,,1,9,9,2,1,1,5,0,,0,,1,1,1,3,1,0,,,,,,,,,0,,8,2,0,,10,2,0,,0,,,,0,,0,,,,0,,,,1,0,10,2,1,9,9,2,0,,,,0,,0,,0,,0,,0,,0,,9,3,0,,0,,1,0,2,3,1,2,0,,0,,0,,0,,1,1,0,0,0,0,0,0,0,0,0,0,0,0,0,0,0,0,0,0,,,0,,0,,,,9,3,2,0,,0,,2,1,0,,0,,,,,,,,,1,2,1,2,0,,0,,0,,1,3,1,0,,1,2,1,0,,,,,,,0,,0,,0,,1,2,5,1,1,1,1,2,1,1,1,1,1,2,2,3,4,2,3,3,3,1,1,3,3,3,3,1,1,0,,2,2,1,3,2,2,1,2,5,0,,,0,,,,1,3,0,,,,1,3,5,0,,1,2,1,0,,1,3,2,3,2,1,2,0,,9,3,0,,,,,0,,1,2,0,,0,,4,2,5,2,1,3,1,1,2,3,3,3,0,,0,,3,0,0,0,0,0,0,1,0,0,0,,0,,,,,,,,1,3,5,1,1,0,,1,2,1,1,1,1,1,1,2,2,0,,10,2,7,2,9,2,5,0,,9,1,3,1,2,1,2,2,1,2,3,1,1,2,0,,0,,0,,,,,,2,1,1,1,4,3,1,5,1,1,0,,0,,,,0,,0,,,,,,0,,,,,,,,,9,1,0,,0,,1,5,0,,0,,0,,5,6,0,0,0,0,0,0,0,0,0,0,0,0,1,0,0,0,0,0,0,0,0,0,0,0,0,0,0,0,1,5,2,3,1,1,2,3,3,0,,,,,,5,2,0,,,5,5,2,0,0,1,0,0,0,0,0,0,0,0,0,0,0,0,0,0,0,0,0,0,0,1,0,0,0,0,1,0,0,3,6,6,2,0,0,0,0,0,0,0,0,0,0,0,0,0,0,0,,,,,,,,0
02ADL0227,412,1981,3/29/2018 8:23,3/29/2018,5,2,0,,1,1,1,1,5,1,1,5,0,,,2,1,4,1,1,5,0,,1,5,5,2,1,1,1,3,2,1,0,,,,1,4,1,2,1,9,8,2,5,1,5,4,2,4,2,1,6,5,2,1,8,2,1,1,5,1,1,4,2,2,1,7,2,4,2,8,2,4,1,1,2,1,2,4,2,1,6,1,1,1,6,1,1,1,9,7,2,1,7,6,2,0,,,,4,2,8,1,6,2,8,3,3,1,1,1,7,2,5,2,5,2,1,4,1,2,6,2,2,2,4,2,4,3,6,2,9,1,8,0,0,0,1,0,0,0,0,0,5,1,0,0,1,0,0,1,1,1,5,2,1,8,8,2,8,3,4,8,2,2,1,6,2,0,,2,2,2,1,5,1,1,3,2,5,3,8,2,1,2,1,2,3,2,6,3,1,8,2,7,2,4,5,2,3,1,2,5,2,1,2,2,3,2,2,7,2,4,2,1,1,2,1,1,1,1,3,2,6,2,2,1,1,1,1,1,5,1,4,1,1,2,1,1,5,1,4,2,1,2,5,2,4,2,3,0,,,1,2,5,3,4,2,1,1,2,5,1,2,5,1,2,1,2,4,3,2,1,2,1,2,5,1,2,4,2,3,2,7,2,2,5,2,1,2,3,2,4,2,0,,1,1,5,2,2,3,3,2,3,2,4,2,3,2,3,2,5,0,0,0,1,0,0,0,1,0,1,2,1,5,5,2,3,2,2,2,5,2,1,6,2,4,2,3,2,8,2,1,5,2,1,3,2,5,2,7,1,5,2,6,2,5,0,,8,2,3,2,2,4,2,3,4,1,6,2,3,2,5,2,2,2,2,1,3,2,2,1,6,1,6,2,8,2,1,5,4,1,7,5,1,1,3,1,4,4,1,4,2,1,,,1,1,1,1,1,,5,3,4,0,,1,5,0,,1,5,1,5,1,5,1,4,7,8,1,0,0,0,0,0,0,1,0,0,0,0,0,0,0,0,0,0,0,0,0,0,0,0,0,0,0,0,1,4,2,4,0,,,,,,,,,,,,,,,,,,,0,0,0,0,0,0,0,0,0,0,0,0,0,0,0,0,0,0,0,0,0,0,0,0,0,0,0,0,0,0,1,5,2,2,0,0,0,0,0,0,0,0,0,0,0,0,0,0,0,,,,,,,,0
02ADL0228,413,1959,3/29/2018 10:01,3/29/2018,7,2,0,,1,1,2,2,2,1,2,2,1,2,1,6,3,3,0,,,1,2,1,2,2,1,1,1,1,1,1,1,0,,,,0,,,,1,9,9,2,1,1,1,1,1,0,,1,1,3,2,2,7,1,2,2,3,3,1,4,2,1,1,7,2,1,2,8,2,4,2,1,4,2,2,7,2,1,1,3,2,1,6,5,2,1,2,5,2,1,10,3,2,1,5,1,2,1,2,5,2,10,2,4,2,1,2,4,2,8,2,6,2,5,2,1,1,4,2,8,2,4,2,3,2,1,2,5,2,6,3,1,0,0,0,0,0,1,0,0,0,0,0,0,0,0,0,0,0,,,1,2,1,5,5,2,3,3,3,3,2,2,2,2,2,1,1,1,1,1,1,1,1,1,2,1,3,3,3,2,1,2,1,1,1,2,1,1,1,1,2,7,2,1,0,,,,,,,1,1,1,1,1,2,1,1,2,2,1,5,2,1,1,2,2,2,2,5,2,2,2,2,2,2,1,2,1,1,1,2,1,2,1,7,2,7,2,2,2,3,2,3,2,4,1,2,4,1,2,4,3,1,2,1,,2,4,2,2,4,2,2,1,2,2,1,2,1,2,0,,,5,1,1,2,2,2,4,1,2,3,4,1,2,7,2,2,2,1,2,1,2,3,1,1,4,1,2,1,2,1,2,2,2,1,2,2,0,0,0,0,0,1,0,0,0,5,2,1,2,6,2,2,3,2,2,5,2,4,1,2,1,1,1,1,6,2,1,4,2,2,1,1,1,1,2,2,1,2,4,2,3,0,,6,2,3,1,2,3,2,2,1,1,8,2,1,1,1,1,1,1,1,1,4,1,2,4,1,1,1,1,8,1,1,5,5,2,7,1,7,2,2,1,2,1,1,3,1,1,,,1,4,2,1,3,2,1,,,8,2,1,2,1,2,0,,1,4,1,2,1,2,6,6,1,0,0,0,0,0,0,1,0,0,0,0,0,0,1,0,0,0,0,0,0,0,0,0,0,0,0,0,0,,,,0,,,,,,,,,,,,,,,,,,,0,0,0,0,0,0,0,0,0,0,0,0,0,0,0,0,0,0,0,0,0,0,0,0,0,0,0,0,0,0,2,5,4,2,0,0,0,0,0,0,0,0,0,0,0,0,0,0,0,,,,,,,,0
02ADL0229,414,1950,4/11/2018 10:20,4/11/2018,12,2,0,,0,,3,2,5,1,2,,0,,,0,,,0,,,0,,1,7,7,2,1,1,1,2,1,2,0,,,,1,1,1,2,1,9,9,3,3,1,5,0,,0,,1,2,2,1,5,6,2,1,1,2,4,1,4,2,0,,1,2,0,,5,2,1,1,0,,,,10,2,0,,,,1,6,6,1,1,7,0,2,1,10,10,2,0,,,,5,2,0,,0,,0,,0,,0,,0,,0,,0,,1,9,9,2,0,,0,,0,,0,,0,,7,3,6,1,0,0,0,0,0,1,0,0,0,0,0,0,0,0,0,0,,,4,1,0,,,,0,,,0,,6,2,6,2,3,1,6,2,1,,2,5,1,1,,0,,3,1,3,1,3,1,0,,5,2,5,0,,6,2,1,4,2,5,1,3,5,2,0,,4,2,1,2,3,2,5,1,2,3,3,2,5,1,2,5,1,4,2,2,5,2,1,1,,2,2,2,5,1,2,2,1,2,2,2,2,2,2,2,2,0,,,0,,,0,,,,0,,1,1,2,1,3,2,5,1,2,1,2,5,1,2,1,2,2,2,5,1,2,2,2,2,2,2,2,3,5,2,0,,0,,6,2,0,,3,2,1,1,2,1,0,,0,,0,,3,2,1,2,1,1,0,0,0,0,0,1,0,0,0,,0,,,,,,,,1,2,5,4,2,2,2,2,2,2,2,1,1,2,2,2,2,2,2,2,2,0,,0,,,0,,2,2,2,2,2,2,2,3,2,2,2,2,2,2,2,2,1,2,1,2,3,1,3,1,0,,1,1,2,2,2,4,1,2,0,,1,5,3,2,0,,1,2,1,5,1,2,0,,,,,,,,,0,,1,5,0,,1,5,1,5,1,5,0,,1,5,0,0,0,0,0,0,0,1,0,0,0,0,0,0,0,0,0,0,0,0,0,0,0,0,0,0,0,0,0,,,,0,,,,,,,,,,,,,,,,,,,0,0,0,0,0,0,0,0,0,0,0,0,0,0,0,0,0,0,0,0,0,0,0,0,0,0,0,0,0,0,1,8,8,2,0,0,0,0,0,0,0,0,0,0,0,0,0,0,0,,,,,,,,0
02ADL0230,415,1993,4/13/2018 9:53,4/13/2018,10,1,0,,0,,2,2,2,1,1,1,0,,,4,3,1,3,2,1,0,,1,2,2,1,1,1,1,2,2,2,0,,,,1,2,2,3,1,9,9,3,3,1,3,1,1,0,,0,,,,,0,,,,,,,,,0,,1,1,0,,9,2,0,,0,,,,0,,0,,,,0,,,,0,,,,0,,,,0,,,,4,1,0,,6,1,0,,0,,2,2,0,,0,,0,,0,,,,0,,0,,0,,0,,1,2,7,3,7,0,1,0,1,0,0,0,0,0,0,0,0,0,0,0,0,0,,,0,,1,1,1,1,2,2,1,2,1,0,,4,2,0,,0,,,,,,,,,4,2,1,1,4,3,0,,4,3,2,1,1,0,,8,3,1,1,2,1,3,3,1,1,1,3,4,3,0,,6,3,3,3,1,2,4,1,1,5,3,2,2,4,2,4,1,1,1,4,3,3,1,1,1,4,3,1,1,0,,2,2,0,,3,2,4,2,1,2,2,1,0,,,,0,,2,3,2,3,4,2,3,1,3,1,2,1,2,3,0,,3,3,4,3,2,3,2,3,2,7,2,1,1,5,1,2,1,2,1,2,1,2,3,3,1,2,2,1,2,2,3,3,0,,2,2,2,2,6,0,1,0,1,0,0,0,0,0,2,3,1,4,3,3,1,2,1,4,3,3,5,2,1,1,1,1,1,3,3,1,4,2,1,1,2,0,,0,,0,,7,2,3,7,2,4,2,1,2,3,3,2,1,3,2,3,2,3,2,0,,0,,1,2,2,3,1,2,4,2,4,2,7,3,1,5,4,1,8,1,4,2,4,2,2,1,1,2,2,2,3,2,0,,,,,,,,,2,2,0,,1,1,0,,1,1,1,1,1,1,1,1,0,0,0,1,0,0,1,1,1,0,0,0,0,0,1,0,0,0,0,0,0,0,0,0,0,0,0,0,1,4,1,2,1,0,,,,0,,,,,,3,2,0,,,0,,,0,0,0,0,0,1,0,1,0,0,0,1,0,0,0,0,1,0,0,0,0,0,0,0,0,0,0,0,0,0,3,1,6,2,0,0,0,0,0,0,0,0,0,0,0,0,0,0,0,,,,,,,,0
02ADL0231,416,1996,4/19/2018 10:44,4/19/2018,3,1,0,,0,,1,1,0,2,2,1,4,2,2,0,,,0,,,0,,1,5,5,2,1,1,1,4,4,2,0,,,,0,,,,1,8,5,2,1,1,1,0,,3,2,1,1,2,1,5,7,2,1,1,1,3,1,2,3,0,,1,2,0,,0,,0,,0,,,,4,2,,,,,0,,,,1,1,3,2,1,3,3,2,0,,,,2,2,3,3,1,3,0,,0,,1,3,0,,4,3,0,,1,1,1,3,0,,0,,0,,0,,0,,2,3,5,0,1,0,0,0,0,0,0,0,0,0,0,0,0,0,0,0,,,2,2,0,,,,1,3,5,1,2,1,2,8,2,2,3,2,2,1,1,1,1,1,2,2,1,2,8,2,1,2,1,1,6,3,3,2,3,6,2,4,2,5,3,3,1,1,1,5,2,0,,3,2,0,,4,2,3,3,1,0,,,,,,,,9,2,5,3,2,1,1,1,4,2,5,1,1,1,1,1,4,2,0,,0,,8,2,8,2,1,0,,,2,2,5,3,0,,8,2,2,5,2,2,5,2,2,6,3,,0,,0,,3,3,5,0,,0,,2,2,7,3,4,1,5,1,2,1,2,4,2,0,,4,2,1,4,2,1,0,,3,3,0,,3,3,4,3,4,0,1,0,0,1,0,0,0,0,0,,0,,,,,,,,6,3,5,6,2,3,2,5,2,8,2,1,0,,,1,2,0,,0,,0,,4,2,1,0,,8,2,1,4,2,5,2,1,1,2,4,2,4,2,0,,2,2,2,2,2,1,4,1,7,2,8,2,8,3,1,5,3,1,1,1,3,1,5,1,1,1,1,5,2,5,4,3,0,,,,,,,,,6,3,1,1,1,1,1,1,0,,0,,1,1,4,3,0,0,1,0,0,0,0,0,0,0,0,0,0,0,0,0,0,0,0,0,0,0,0,0,0,0,0,0,0,,,,0,,,,,,,,,,,,,,,,,,,0,0,0,0,0,0,0,0,0,0,0,0,0,0,0,0,0,0,0,0,0,0,0,0,0,0,0,0,0,0,2,4,5,2,0,0,0,0,0,0,0,0,0,0,0,0,0,0,0,,,,,,,,0
02ADL0232,417,1976,4/19/2018 12:24,4/30/2018,4,1,0,,0,,1,3,0,2,3,3,1,2,3,3,2,7,1,3,3,0,,1,4,4,2,1,2,0,,,,0,,,,1,1,0,2,1,8,8,3,2,2,5,1,2,2,2,1,1,3,3,1,3,2,1,4,3,3,1,4,2,0,,5,3,1,1,5,2,0,,1,4,4,2,5,2,0,,,,0,,,,0,,,,0,,,,0,,,,5,2,1,2,7,3,7,3,3,3,1,3,3,2,2,2,2,2,1,3,4,2,4,3,0,,0,,0,,4,3,4,2,5,0,0,0,1,0,0,0,1,0,5,0,0,0,1,0,0,1,1,2,4,2,0,,,,7,3,4,7,2,3,3,6,3,2,3,4,3,2,2,1,1,1,3,2,6,3,7,3,6,3,0,,7,3,6,3,4,5,3,10,3,1,4,2,1,1,1,5,3,5,3,0,,2,3,5,3,5,2,1,0,,,,,,,,4,2,5,3,2,1,1,1,1,2,2,1,1,1,2,2,2,2,1,3,4,3,1,3,1,3,3,2,2,3,2,3,3,2,2,3,6,1,2,4,2,3,5,2,3,4,3,3,6,3,4,3,5,3,3,5,3,0,,2,3,6,3,4,3,5,2,3,4,3,4,2,0,,4,3,3,4,3,3,4,3,2,2,2,3,2,3,1,3,6,0,0,0,1,0,0,0,1,1,0,,1,3,3,3,1,2,2,3,5,3,5,1,1,0,,1,2,6,3,2,5,2,3,1,2,1,2,1,2,1,2,1,2,3,0,,6,2,3,0,,1,2,2,2,3,3,2,3,2,3,2,1,2,2,2,2,2,1,2,6,3,2,2,7,2,2,5,5,2,4,1,2,2,1,1,1,3,1,5,2,1,,,1,3,2,1,2,2,2,2,4,0,,0,,0,,1,2,1,2,0,,1,3,3,3,0,0,1,0,0,0,1,0,0,0,0,0,0,0,0,0,0,0,0,0,0,0,1,0,0,0,1,1,0,,,,0,,,,,,,,,,,,,,,,,,,0,0,0,0,0,0,0,0,0,0,0,0,0,0,0,0,0,0,0,0,0,0,0,0,0,0,0,0,0,0,,5,4,2,0,0,0,0,0,0,0,0,0,0,0,0,0,0,0,,,,,,,,0
02ADL0233,419,1953,4/20/2018 10:03,4/20/2018,8,2,0,,2,2,1,1,1,3,2,1,1,2,1,0,,,0,,,0,,1,7,4,2,1,1,1,2,1,2,0,,,,0,,,,1,8,7,2,2,1,3,1,1,1,1,1,5,3,2,2,0,,,,,,,,,4,1,1,1,3,2,8,2,3,2,1,4,3,1,4,2,1,4,1,2,1,4,1,3,1,5,3,3,1,5,5,2,0,,,,1,2,4,2,7,2,7,1,2,2,2,2,5,3,4,2,3,2,1,2,2,2,4,2,4,2,0,,1,2,2,2,8,2,5,0,1,0,0,0,0,1,0,0,3,0,1,0,0,1,0,0,2,2,2,2,1,4,3,3,5,3,5,3,1,2,1,2,1,1,2,3,1,1,1,1,4,2,1,1,0,,4,2,1,3,0,,0,,1,2,1,3,2,6,2,2,0,,,,,,,1,2,2,1,1,1,2,2,,,,2,2,2,2,3,3,1,1,6,2,4,3,2,1,1,1,1,1,1,1,1,1,1,1,1,1,1,2,1,2,4,2,3,2,1,5,2,1,4,2,5,5,4,2,4,1,2,1,0,,,1,2,6,2,1,0,,0,,1,2,2,1,2,1,,1,2,4,3,3,2,2,2,2,3,2,6,1,0,,2,2,1,6,2,1,2,2,1,2,3,1,1,2,1,2,2,0,1,0,0,0,1,1,0,0,0,,1,2,1,2,1,2,1,2,1,2,5,6,2,3,2,1,2,7,2,1,2,1,1,3,2,1,1,2,1,1,2,0,,,0,,3,2,1,0,,0,,,3,2,3,2,4,2,3,2,2,2,2,1,5,2,1,1,5,2,3,2,4,1,2,4,3,2,7,1,5,1,5,1,1,1,1,5,3,1,,,1,5,2,3,5,2,1,,,1,2,0,,1,1,1,1,0,,0,,1,1,5,4,1,0,1,0,1,0,0,0,0,0,1,0,1,0,1,0,0,0,0,0,0,0,0,0,0,0,0,0,1,4,1,2,1,2,2,1,1,2,2,3,3,3,1,3,1,0,,,0,,,0,0,1,0,1,0,0,0,0,0,0,0,0,0,1,0,1,1,0,0,0,0,0,0,0,0,0,0,0,1,3,5,3,2,0,0,0,0,0,0,0,0,0,0,0,0,0,0,0,,,,,,,,0
02ADL0234,418,,4/20/2018 9:46,4/20/2018,11,1,0,,0,,6,1,1,0,,,1,1,1,1,1,1,0,,,0,,1,3,7,1,1,5,0,,,,0,,,,1,1,7,1,1,5,5,2,5,1,1,0,,1,1,1,4,1,1,2,0,,,,,,,,,0,,0,,0,,3,3,0,,0,,,,1,2,0,,,,0,,,,0,,,,1,5,3,3,0,,,,0,,3,2,1,2,0,,0,,0,,0,,1,3,1,2,1,1,7,2,1,1,0,,0,,0,,1,1,0,,0,0,0,0,0,0,0,0,0,0,0,0,0,0,0,0,0,0,,,0,,0,,,,2,3,1,3,2,1,2,3,2,1,1,0,,,,,,,,,0,,0,,0,,0,,0,,8,1,1,3,3,1,2,1,2,2,1,1,2,3,2,0,,3,,1,3,1,2,4,2,1,0,,,,,,,,2,1,1,5,1,1,1,1,0,,,,,,,,2,2,5,2,2,2,0,,0,,,0,,,0,,,,1,3,1,2,2,1,0,,,1,2,1,2,1,2,2,0,,4,2,1,3,1,0,,0,,1,2,4,3,1,2,2,4,1,1,2,0,,4,1,1,0,,,0,,0,,3,2,0,,0,,1,1,0,0,0,0,0,0,0,0,0,,1,1,,3,1,1,1,1,1,2,3,6,3,4,2,1,1,6,1,2,0,,,1,1,0,,0,,0,,0,,,0,,0,,,0,,4,1,1,0,,0,,1,2,0,,0,,0,,,,,,3,2,4,2,0,,,,,,1,3,0,,,,2,1,1,3,1,1,,,0,,,,,,,,,0,,1,3,1,3,0,,0,,0,,0,,1,1,0,0,0,0,0,0,0,0,0,0,0,0,0,0,0,0,1,0,0,0,0,0,0,0,0,0,0,0,0,,,,0,,,,,,,,,,,,,,,,,,,0,0,0,0,0,0,0,0,0,0,0,0,0,0,0,0,0,0,0,0,0,0,0,0,0,0,0,0,0,0,1,,,2,0,0,0,0,0,0,0,0,0,0,0,0,0,0,0,,,,,,,,0
02ADL0235,420,1975,4/24/2018 9:08,4/24/2018,1,1,0,,2,1,1,2,1,0,,,0,,,3,1,1,2,1,3,0,,1,1,1,2,1,1,1,3,0,2,0,,,,1,4,3,2,1,8,8,1,3,1,3,1,2,2,2,1,1,1,2,5,7,2,1,1,2,4,1,1,2,0,,5,1,3,2,8,2,7,1,1,5,0,1,1,2,1,1,1,1,1,1,0,3,1,6,6,2,1,5,5,2,1,4,4,2,1,2,4,1,7,1,3,2,2,1,2,2,3,1,4,2,2,2,1,1,1,2,7,3,6,2,4,2,1,3,8,2,10,1,10,0,1,1,1,0,1,1,0,0,5,0,1,0,0,0,0,0,2,,6,2,1,9,9,1,7,3,4,7,1,3,3,3,2,2,2,6,3,2,2,1,3,2,2,2,5,2,6,2,1,2,3,3,4,2,2,3,3,7,2,7,2,2,1,2,1,3,2,5,2,1,2,3,3,0,,4,2,2,4,5,3,1,2,1,2,2,4,2,4,2,2,3,2,1,1,1,9,2,1,1,2,3,3,2,8,2,8,2,0,,1,2,3,3,1,1,2,1,4,2,4,5,1,2,1,3,2,3,1,2,3,2,2,3,2,1,1,1,1,2,1,3,1,1,2,1,2,4,2,7,2,1,2,4,1,2,6,2,3,1,1,2,6,2,1,6,2,1,1,1,3,2,2,2,4,2,4,2,9,0,1,1,1,0,1,0,0,0,1,2,1,6,4,2,1,2,3,2,4,2,3,7,2,1,1,2,2,1,2,1,6,2,1,5,2,3,2,9,1,6,2,8,2,5,4,2,9,3,2,1,2,2,2,1,2,2,3,2,2,2,4,2,1,1,1,1,2,2,2,2,8,1,0,,9,3,1,5,5,1,7,1,1,2,1,,4,1,0,,,,,,1,1,,,4,1,2,1,1,2,1,0,,1,1,1,1,1,3,1,1,1,1,7,6,1,0,0,0,1,0,0,1,1,0,0,0,1,0,1,0,0,0,0,0,0,0,0,0,0,0,0,0,0,,,,0,,,,,,,,,,,,,,,,,,,0,0,0,0,0,0,0,0,0,0,0,0,0,0,0,0,0,0,0,0,0,0,0,0,0,0,0,0,0,0,1,4,8,2,0,0,0,0,0,0,0,0,0,0,0,0,0,0,0,,,,,,,,0
02ADL0236,421,1993,4/26/2018 10:10,4/26/2018,8,1,1,1,1,1,1,2,3,2,2,3,4,1,1,2,2,2,1,1,4,1,2,1,4,3,1,2,1,1,3,3,2,1,4,3,2,1,2,1,2,1,8,8,2,2,1,5,1,1,1,2,1,4,4,1,5,2,2,1,1,5,1,1,2,1,0,,4,2,1,1,5,2,2,2,1,4,1,2,3,2,1,4,0,2,1,4,0,3,1,4,1,2,1,4,3,2,1,1,0,3,1,2,5,2,6,1,4,1,2,1,4,2,4,1,4,3,1,2,1,1,1,1,6,2,0,,1,2,1,2,7,2,8,3,8,0,1,0,1,0,1,0,0,0,5,0,0,0,1,0,0,0,1,1,5,2,1,6,5,3,6,2,3,6,2,1,3,5,2,1,1,4,2,2,2,3,1,2,2,1,6,2,6,1,1,1,3,3,5,2,6,2,3,7,3,7,2,1,3,2,2,3,,5,2,4,2,3,2,1,1,6,2,4,2,1,3,3,2,1,5,2,1,1,4,2,4,5,2,1,1,1,5,2,1,3,3,3,1,1,4,2,5,2,3,2,2,2,4,2,1,3,2,1,4,2,4,3,0,,4,2,2,5,3,2,4,4,1,3,2,1,6,2,1,2,2,2,5,1,2,1,1,7,2,4,2,2,3,2,2,2,5,2,1,1,1,1,1,1,1,4,1,1,3,2,6,2,3,2,1,2,4,2,8,0,0,0,1,1,1,0,0,0,5,2,1,6,5,2,2,2,1,3,3,2,5,4,2,1,2,1,1,4,2,1,5,1,1,1,1,0,,5,1,4,2,5,2,4,1,1,6,2,1,1,1,2,1,2,2,2,3,2,4,2,3,2,1,1,2,2,1,1,4,2,4,1,6,2,4,2,1,5,3,2,6,1,2,3,3,1,5,2,1,2,1,1,,,1,1,1,1,3,2,1,,,7,1,1,1,1,2,1,3,1,5,0,,1,3,4,3,0,0,0,0,0,0,0,0,1,0,0,0,0,0,0,0,1,0,0,0,0,0,0,0,0,0,0,0,0,,,,1,0,,,,3,2,2,1,1,1,2,1,0,,,3,1,1,0,0,0,0,0,1,0,0,0,0,0,0,0,0,0,1,1,0,0,0,0,0,0,0,0,0,0,0,0,0,1,6,5,2,0,0,0,0,0,0,0,0,0,0,0,0,0,0,0,,,,,,,,0
02ADL0237,422,1978,5/3/2018 10:28,5/3/2018,12,1,0,,0,,1,2,1,1,2,1,1,2,1,1,1,1,0,,,0,,1,1,1,2,1,1,1,1,1,2,0,,,,,,,,1,8,8,2,1,1,5,0,,0,,1,1,1,2,1,4,2,1,1,1,5,1,1,2,1,1,1,2,1,1,1,2,1,2,0,,,,1,2,1,1,1,1,1,1,1,2,1,2,2,2,1,2,2,2,1,1,1,1,1,1,1,1,1,1,3,2,1,1,1,1,2,1,1,2,1,1,1,1,2,1,1,2,1,1,1,2,0,,1,1,2,2,2,1,1,0,1,0,1,0,0,0,2,0,0,0,1,0,0,0,2,3,1,2,1,1,1,2,2,3,2,2,3,0,,4,2,1,2,2,2,2,2,2,2,2,2,2,2,2,2,2,4,3,2,2,3,2,2,3,4,3,2,4,2,1,1,2,1,1,2,5,2,2,2,1,2,0,,3,2,5,1,3,2,1,2,1,1,1,3,2,2,2,3,4,2,1,1,1,2,2,3,1,4,3,1,1,1,2,3,2,1,2,1,2,3,2,1,1,2,1,1,2,4,5,1,2,2,2,2,5,0,,,3,2,2,2,1,4,2,1,2,4,3,1,1,2,0,,4,2,3,2,3,3,3,1,2,1,2,1,2,1,2,3,2,1,4,2,1,3,2,3,2,2,2,3,2,1,2,5,1,1,0,1,0,1,0,0,0,2,2,1,1,1,2,2,1,2,2,3,2,5,3,2,2,2,3,2,6,2,1,3,2,1,4,2,3,2,5,2,1,2,1,2,5,0,,4,2,1,3,2,3,2,1,3,2,4,2,3,2,1,2,1,2,1,2,2,2,2,2,4,2,3,2,5,1,1,5,3,2,2,1,2,1,1,1,1,1,0,,,,,,1,5,2,3,1,,1,,,0,,1,1,1,1,1,1,1,1,1,1,1,1,3,1,0,0,1,1,0,0,0,0,0,1,0,1,0,0,0,0,0,0,0,1,0,0,0,0,0,0,0,0,0,,,,0,,,,,,,,,,,,,,,,,,,0,0,0,0,0,0,0,0,0,0,0,0,0,0,0,0,0,0,0,0,0,0,0,0,0,0,0,0,0,0,1,6,,2,0,0,0,0,0,0,0,0,0,0,0,0,0,0,0,,,,,,,,0
02ADL0238,424,1991,5/4/2018 11:35,5/4/2018,12,2,0,,0,,3,2,1,4,2,2,4,2,1,0,,,0,,,3,2,1,4,3,2,1,1,1,3,2,2,1,1,1,1,1,2,0,3,1,9,8,3,5,1,1,0,,1,2,1,2,6,2,1,1,2,1,1,2,4,1,7,1,0,,1,1,0,,6,2,0,,0,,,,4,3,1,6,4,2,1,9,4,3,1,7,1,2,1,1,1,2,0,,,,5,2,2,2,2,3,7,1,0,,0,,2,2,5,2,4,2,1,4,4,3,4,2,1,1,1,1,1,3,4,3,8,1,10,1,1,0,1,0,1,1,1,0,0,0,0,0,0,0,0,0,,,0,,1,7,3,2,6,2,4,6,2,4,3,6,2,5,3,7,2,1,1,2,2,1,5,3,6,3,5,2,0,,1,,8,2,5,1,5,2,2,3,2,4,8,2,5,5,3,5,2,4,3,5,3,5,2,2,,,,,8,3,2,1,1,1,4,2,6,2,3,5,1,1,1,1,5,3,4,5,5,3,1,1,6,1,5,2,2,2,4,3,2,3,1,2,3,1,7,2,5,5,7,1,2,2,2,5,1,3,1,5,1,0,,,2,3,1,2,1,2,2,2,2,0,,5,2,5,1,2,3,5,1,1,2,2,2,2,0,,3,1,1,5,2,2,3,3,3,3,4,2,1,2,4,2,1,0,0,0,1,0,0,0,0,1,5,2,1,2,1,2,3,1,2,2,5,3,5,1,3,1,2,5,2,3,3,1,6,3,1,0,,0,,2,1,9,2,9,3,2,0,,7,2,3,5,2,5,2,2,1,1,5,2,3,2,2,2,0,,3,2,1,5,1,2,7,3,8,2,8,1,1,5,5,2,7,1,6,3,1,1,0,,1,5,1,1,,,1,5,3,3,5,2,4,2,8,1,2,1,3,1,3,1,3,1,2,1,3,1,1,5,6,1,0,1,0,0,0,0,1,0,0,0,1,0,0,0,0,0,0,0,0,0,0,0,0,0,0,0,0,1,5,1,2,0,,,,,,,,,,,,,,,,,,,0,0,0,0,0,0,0,0,0,0,0,0,0,0,0,0,0,0,0,0,0,0,0,0,0,0,0,0,0,0,1,2,5,2,0,0,0,0,0,0,0,0,0,0,0,0,0,0,0,,,,,,,,0
02ADL0239,425,1997,5/7/2018 10:59,5/7/2018,12,2,1,3,2,2,5,3,2,2,1,1,6,2,1,0,,,0,,,0,,1,6,6,2,1,5,0,,,,1,0,1,2,0,,,,1,1,1,1,1,1,1,0,,0,,1,3,4,2,3,4,1,1,1,1,5,1,7,1,0,,9,2,3,2,4,2,1,3,1,6,3,2,5,3,1,3,3,3,1,7,4,3,1,6,6,3,1,10,4,3,0,,,,3,3,,,3,1,0,,0,,0,,7,3,4,3,0,,1,4,4,3,1,2,0,,0,,0,,5,2,3,1,0,0,0,0,0,0,0,0,0,0,7,1,1,0,1,0,0,0,2,3,6,3,1,10,10,3,10,3,2,10,3,3,2,7,3,0,,3,2,1,1,4,4,1,1,1,3,3,5,2,0,,1,2,4,2,0,,,7,2,7,2,5,2,2,1,1,1,5,3,0,,2,2,0,,4,2,4,5,2,3,1,2,1,5,3,1,1,5,1,4,2,1,1,3,2,0,,,,,,,,0,,0,,2,2,3,2,4,3,1,0,,,2,2,5,5,0,,6,1,2,5,0,,,0,,0,,,0,,0,,4,2,1,3,1,0,,0,,7,1,4,4,4,0,,0,,0,,0,,4,3,1,4,2,4,0,,4,3,0,,5,3,3,3,8,0,1,0,1,0,0,1,0,0,0,,1,3,3,1,1,1,5,1,4,2,1,7,3,2,2,0,,5,3,1,0,,,4,2,7,3,0,,0,,0,,,0,,5,2,1,3,2,2,1,5,1,1,0,,1,2,3,1,0,,0,,,,,,4,2,8,3,4,3,5,1,1,1,4,1,7,1,1,1,7,1,1,5,3,1,,,0,,,,,,,,,7,3,0,,1,4,1,5,0,,0,,1,5,6,8,1,0,0,0,0,0,0,0,0,0,1,0,0,0,0,1,0,0,0,0,0,0,0,0,0,0,0,0,0,,,,0,,,,,,,,,,,,,,,,,,,0,0,0,0,0,0,0,0,0,0,0,0,0,0,0,0,0,0,0,0,0,0,0,0,0,0,0,0,0,0,3,7,5,2,0,0,0,0,0,0,0,0,0,0,0,0,0,0,0,,,,,,,,0
02ADL0240,426,1953,5/9/2018 9:00,5/9/2018,5,1,0,,0,,2,3,1,2,2,,2,2,1,5,3,1,5,2,1,2,2,1,3,3,2,1,1,1,3,3,2,0,,,,1,2,2,2,1,4,4,2,1,5,1,1,1,0,,1,2,2,1,5,6,3,3,3,4,1,1,1,2,0,,3,2,2,2,6,3,0,,1,1,0,1,2,3,0,,,,0,,,,1,3,0,1,1,4,4,2,0,,,,2,2,0,,1,3,0,,1,2,3,3,1,2,2,2,3,2,1,4,4,3,4,3,3,3,0,,0,,4,3,4,1,0,0,0,0,0,0,0,0,0,0,1,1,1,0,1,1,0,0,1,2,4,2,1,5,5,2,6,2,1,6,2,1,1,6,2,3,3,5,2,1,1,5,3,1,1,1,4,2,8,2,1,1,2,2,3,2,3,3,2,1,2,4,2,3,2,2,5,5,3,5,3,4,2,3,3,3,2,3,2,4,,2,0,,,,,,,,10,2,5,2,1,1,1,2,4,1,4,2,2,2,1,1,4,1,6,3,1,1,4,2,0,,,1,2,1,1,2,5,5,3,2,5,2,2,1,0,,,2,2,4,2,1,3,2,1,2,1,2,1,2,2,1,3,1,2,5,2,3,5,4,0,,2,2,5,2,0,,2,2,1,3,2,1,2,2,2,2,2,2,0,,2,2,2,0,1,0,0,0,0,0,0,0,0,,1,4,4,2,1,1,5,5,4,2,5,1,2,2,2,4,2,5,2,1,0,,,3,2,0,,2,1,0,,1,2,1,0,,3,2,1,0,,2,2,1,3,2,1,1,1,2,0,,0,,1,2,5,1,3,1,3,1,2,1,4,3,1,5,3,1,2,5,0,,,,2,1,1,3,2,1,,,1,5,2,1,5,2,3,2,1,2,2,0,,1,1,1,1,0,,0,,1,1,2,2,0,0,0,0,0,0,0,0,0,0,0,0,0,0,0,0,0,0,0,0,0,1,0,0,0,0,0,0,0,,,,0,,,,,,,,,,,,,,,,,,,0,0,0,0,0,0,0,0,0,0,0,0,0,0,0,0,0,0,0,0,0,0,0,0,0,0,0,0,0,0,2,4,7,2,0,0,0,0,0,0,0,0,0,0,0,0,0,0,0,,,,,,,,0
02ADL0241,428,1988,5/9/2018 11:23,5/9/2018,4,1,0,,2,3,1,2,2,1,1,1,0,,,0,,,1,1,3,0,,0,,,,,,1,2,1,1,1,1,1,1,1,6,6,3,1,9,9,1,5,1,2,3,3,3,2,0,,,,,1,2,3,2,2,1,1,5,2,0,,1,2,0,,3,2,4,2,1,3,3,2,1,2,0,,,,0,,,,1,2,1,2,1,4,1,2,0,,,,1,2,3,2,4,3,10,3,0,,4,3,4,3,4,3,4,2,1,3,3,2,5,3,5,3,4,3,2,3,4,3,8,3,8,0,1,0,1,0,0,0,1,0,0,0,0,0,0,0,0,0,,,4,3,1,8,7,3,6,3,5,7,2,4,2,2,2,0,,2,2,1,1,1,2,1,1,1,5,3,1,1,0,,2,2,2,2,7,2,1,7,2,0,,,1,2,1,1,1,5,2,0,,1,2,0,,2,2,,,,1,5,2,1,2,2,1,1,4,2,2,1,1,1,1,1,2,1,2,1,2,2,1,1,1,1,3,2,1,2,2,2,2,2,3,1,2,2,1,2,2,1,4,3,3,2,2,5,1,2,5,1,2,1,2,3,1,2,1,2,1,3,3,1,2,0,,1,2,3,2,1,4,4,1,2,3,2,0,,0,,3,2,3,3,2,3,0,,2,2,5,2,0,,2,3,3,0,1,0,1,0,0,0,1,0,2,2,1,2,2,2,2,1,3,2,4,3,3,1,2,0,,1,2,3,2,3,4,2,3,5,2,2,2,6,3,4,2,0,,,0,,6,2,3,1,2,1,2,3,1,2,2,1,1,2,0,,1,2,1,2,2,1,2,1,2,2,2,2,7,3,1,4,4,1,6,1,0,,,,4,4,0,,,,,,1,1,2,4,1,,3,2,6,0,,0,,1,1,0,,0,,1,1,1,5,6,5,1,0,0,0,0,0,0,0,0,0,0,0,1,0,0,0,0,0,0,0,0,0,0,0,0,0,0,0,0,,,,0,,,,,,,,,,,,,,,,,,,0,0,0,0,0,0,0,0,0,0,0,0,0,0,0,0,0,0,0,0,0,0,0,0,0,0,0,0,0,0,1,4,3,2,0,0,0,0,0,0,0,0,0,0,0,0,0,0,0,,,,,,,,0
02ADL0242,427,1990,5/9/2018 9:58,5/9/2018,6,2,0,,1,1,2,2,3,1,1,1,1,1,4,0,,,1,2,1,0,,1,2,2,1,4,2,1,3,2,2,0,,,,1,4,3,2,1,8,8,2,3,1,3,3,2,3,2,1,4,4,1,1,1,2,1,1,3,3,0,7,1,2,1,4,2,1,2,7,2,5,1,1,1,0,1,4,2,1,2,0,2,1,4,1,2,1,3,4,3,1,5,3,2,1,1,0,3,2,2,2,2,7,2,7,3,1,1,1,1,4,3,1,1,0,,1,2,1,1,4,2,5,3,4,2,2,1,5,2,7,2,7,0,0,0,1,0,0,0,0,0,4,0,0,0,1,0,0,0,1,2,5,3,1,7,5,2,7,3,4,7,2,4,2,4,2,1,1,4,2,2,2,2,2,2,3,2,6,2,4,2,2,2,3,3,5,2,6,2,1,7,2,8,2,3,1,2,2,3,3,2,2,3,2,3,2,1,1,3,2,4,2,1,5,4,2,1,1,3,3,2,4,2,2,4,2,1,1,1,6,1,3,2,2,2,1,2,0,,4,2,1,2,4,2,1,2,3,3,2,2,3,2,5,4,4,2,3,2,2,5,3,2,4,4,2,1,2,2,2,2,1,2,3,2,4,0,,2,2,2,2,2,2,3,4,1,0,,0,,2,1,0,,2,2,4,1,2,4,0,,2,2,6,2,1,2,2,2,8,0,0,0,1,0,0,0,0,0,6,2,1,2,1,3,2,1,2,3,4,2,1,4,2,0,,1,2,4,2,4,4,2,3,3,2,3,2,6,1,6,1,7,2,3,3,2,8,2,3,1,1,6,1,5,1,1,4,1,2,2,1,1,1,1,1,1,3,1,2,1,4,1,4,2,5,2,2,4,3,1,7,1,4,1,1,1,3,2,0,,,,,,1,1,1,3,4,1,2,1,2,1,1,1,3,1,1,1,3,1,3,1,2,1,4,7,5,1,0,1,0,0,0,0,1,0,0,0,0,1,0,1,0,0,0,0,0,0,0,0,0,0,0,0,0,1,4,2,2,0,,,,,,,,,,,,,,,,,,,0,0,0,0,0,0,0,0,0,0,0,0,0,0,0,0,0,0,0,0,0,0,0,0,0,0,0,0,0,0,1,7,3,2,0,0,0,0,0,0,0,0,0,0,0,0,0,0,0,,,,,,,,0
02ADL0243,430,1954,5/10/2018 11:08,5/10/2018,10,2,0,,0,,1,1,1,2,2,1,0,,,4,2,2,0,,,0,,1,1,1,1,1,1,0,,,,0,,,,0,,,,1,8,8,1,5,1,5,2,1,0,,1,7,7,2,1,0,,,,,,,,,0,,0,,1,2,6,2,1,2,,,,,2,2,0,,,,0,,,,1,7,6,3,1,7,4,3,0,,,,5,3,8,3,8,3,4,3,2,2,4,3,6,3,2,2,3,2,1,2,2,2,5,3,4,3,3,3,2,3,0,,5,3,0,0,0,0,0,0,0,0,0,0,0,0,0,0,0,0,0,0,,,3,3,1,4,5,3,2,3,5,2,1,2,2,1,1,1,1,0,,,,,,,,,1,2,0,,2,2,0,,2,2,0,,,8,3,7,1,1,1,2,1,3,2,3,1,1,2,0,,1,,2,2,,,,1,4,2,1,3,2,2,1,3,2,4,3,2,3,1,2,0,,,,,,,,1,1,0,,0,,0,,0,,,0,,,0,,,,0,,3,1,2,2,0,,,1,1,0,,,1,1,1,2,1,2,5,6,1,0,,1,2,1,1,2,2,1,0,,6,2,0,,0,,0,,,1,1,5,0,,1,2,2,2,1,2,4,2,0,0,0,0,0,0,0,0,0,0,4,3,1,6,4,2,1,1,3,3,2,2,5,0,,1,1,0,,0,,,0,,,0,,0,,5,2,1,2,4,2,5,0,,1,2,2,0,,2,2,1,2,1,0,,1,1,0,,1,1,1,1,4,1,1,1,2,1,0,,7,1,2,3,3,1,2,1,1,1,1,1,1,1,1,5,1,1,,,1,5,1,1,5,1,1,,,0,,0,,0,,0,,0,,0,,0,,4,4,1,0,0,0,1,0,0,0,0,0,0,0,0,0,0,0,0,0,0,0,0,0,0,0,0,0,0,0,0,,,,0,,,,,,,,,,,,,,,,,,,0,0,0,0,0,0,0,0,0,0,0,0,0,0,0,0,0,0,0,0,0,0,0,0,0,0,0,0,0,0,1,5,3,2,0,0,0,0,0,0,0,0,0,0,0,0,0,0,0,,,,,,,,0
02ADL0244,429,1999,5/10/2018 9:10,5/10/2018,7,2,0,,1,2,2,2,1,2,3,1,0,,,2,2,7,2,3,2,1,2,0,,,,,,1,1,1,2,0,,,,0,,,,1,9,8,2,3,1,5,1,1,0,,1,2,5,2,1,4,3,1,2,4,2,1,7,2,1,2,7,2,1,2,7,1,7,2,1,1,1,2,3,2,1,1,1,1,1,2,1,2,1,1,2,2,1,6,4,3,0,,,,9,2,6,2,4,3,8,3,3,2,0,,5,2,3,2,3,3,1,1,3,2,5,2,6,3,5,1,4,3,4,3,8,3,8,0,1,0,1,0,0,0,1,0,2,0,0,0,1,0,0,1,2,2,3,3,1,2,4,2,7,2,2,6,2,4,2,3,3,2,2,4,2,2,2,1,4,2,2,2,5,2,3,2,3,2,3,2,3,2,7,2,3,8,3,8,2,2,3,2,1,3,3,2,2,2,3,1,2,1,2,4,2,3,3,2,3,5,2,1,5,3,5,2,2,2,2,2,2,1,2,3,2,3,2,1,4,3,1,,2,2,8,3,2,2,5,2,2,2,3,0,,,3,2,3,5,6,2,1,2,2,5,1,3,3,4,2,3,2,4,1,1,1,2,2,2,2,2,2,4,2,4,2,4,3,3,4,3,1,2,1,1,1,1,0,,2,2,4,2,1,2,1,1,2,2,1,1,0,,1,2,9,0,1,0,1,0,0,0,1,0,1,2,1,1,1,2,3,1,3,2,3,2,2,2,2,0,,2,2,2,2,1,2,2,2,5,2,1,2,5,2,3,2,3,2,1,1,2,3,3,1,2,3,3,2,2,3,2,4,2,3,1,1,2,0,,3,3,1,1,1,2,3,2,3,2,7,1,2,5,5,2,1,1,2,3,1,,2,4,1,3,2,1,,,1,3,3,1,2,2,3,3,8,3,2,0,,1,2,1,5,1,3,1,4,1,5,6,6,1,0,1,0,0,0,0,1,0,0,0,0,0,0,0,0,0,0,0,0,0,0,0,0,0,0,0,0,1,3,3,4,0,,,,,,,,,,,,,,,,,,,0,0,0,0,0,0,0,0,0,0,0,0,0,0,0,0,0,0,0,0,0,0,0,0,0,0,0,0,0,0,2,8,4,2,0,0,0,0,0,0,0,0,0,0,0,0,0,0,0,,,,,,,,0
02ADL0245,431,1972,5/11/2018 9:24,5/11/2018,12,1,3,1,2,1,3,1,1,4,2,1,6,2,2,2,1,1,0,,,0,,1,6,2,3,2,2,1,3,3,2,0,,,,0,,,,1,8,8,2,5,1,2,0,,0,,1,5,5,2,3,4,2,2,1,1,3,1,1,2,1,1,1,2,1,2,1,2,4,3,1,4,4,1,0,,0,,,,0,,,,0,,,,1,1,2,1,0,,,,1,1,1,1,4,1,1,1,1,1,1,1,1,1,1,1,1,1,1,4,4,2,1,1,0,,0,,0,,4,1,7,2,5,0,0,0,0,0,1,0,0,0,1,0,1,0,0,0,0,0,1,2,6,1,0,,,,1,2,2,3,1,1,2,0,,0,,2,2,2,1,2,2,1,2,2,1,1,4,1,0,,1,,0,,1,1,2,1,1,1,1,2,4,2,2,2,2,5,2,4,1,1,1,0,,1,1,2,2,2,0,,,,,,,,1,2,2,2,2,2,2,2,,,,,,,,,1,2,1,2,0,,1,2,1,2,1,1,2,1,1,2,2,2,0,,1,2,2,2,1,2,1,1,1,1,2,1,0,,0,,1,3,2,2,2,1,2,1,1,2,2,2,,2,1,1,1,2,1,1,0,,0,,,1,2,2,0,,0,,1,1,1,1,2,1,1,0,0,0,0,1,0,0,0,0,0,,1,5,5,2,2,2,2,2,1,2,2,1,2,3,2,1,2,2,1,1,1,2,1,1,1,0,,1,1,0,,0,,,0,,2,1,1,0,,1,1,1,1,2,1,2,1,1,0,,0,,0,,,,,,0,,1,1,2,3,2,2,2,1,6,1,0,,,,0,,1,2,2,2,2,2,1,2,2,1,2,2,2,2,1,4,2,1,2,1,2,1,2,0,,0,,0,,5,5,0,0,0,0,0,0,0,1,0,0,0,0,0,0,0,0,0,0,0,0,0,0,0,0,0,0,0,0,1,5,2,2,0,,,,,,,,,,,,,,,,,,,0,0,0,0,0,0,0,0,0,0,0,0,0,0,0,0,0,0,0,0,0,0,0,0,0,0,0,0,0,0,1,3,3,2,0,0,0,0,0,0,0,0,0,0,0,0,0,0,0,,,,,,,,0
02ADL0246,432,1998,5/14/2018 10:35,5/14/2018,6,2,0,,3,2,1,2,1,1,1,1,2,2,1,0,,,0,,,1,2,1,1,2,2,1,1,1,0,1,1,0,,,,1,0,1,2,1,8,9,2,2,1,5,1,2,1,2,0,,,,,0,,,,,,,,,4,2,4,2,0,,3,2,1,2,1,1,0,2,8,2,0,,,,1,1,0,3,1,8,6,2,1,1,6,2,1,1,0,3,1,2,3,2,9,3,5,2,1,2,1,2,9,3,1,2,0,,0,,,,5,2,2,2,0,,0,,1,2,10,3,5,0,0,0,1,0,0,0,1,0,0,0,0,0,0,0,0,0,,,0,,1,7,7,2,6,3,5,6,2,0,,4,2,1,2,1,2,1,1,1,2,1,5,3,2,1,3,2,1,1,0,,1,2,1,1,1,3,2,6,2,1,0,,,,,,,2,2,0,,0,,9,2,2,1,2,0,,,,,,,,5,1,5,1,1,1,1,1,2,1,5,1,3,3,1,1,1,2,0,,1,1,5,2,4,2,3,0,,,0,,,,0,,3,1,2,3,0,,,3,2,1,2,1,0,,0,,1,2,1,3,1,0,,3,2,2,3,3,5,4,0,,5,2,0,,0,,0,,,4,2,1,0,,1,3,2,2,0,,0,,1,0,0,0,1,0,0,0,0,0,1,1,1,9,8,2,1,1,1,5,1,2,3,0,,0,,7,2,5,1,1,0,,,1,1,3,1,1,1,0,,8,2,5,0,,5,2,3,1,2,2,2,1,1,1,8,1,0,,0,,0,,0,,,,,,6,2,7,2,10,2,1,5,3,1,7,1,0,,,,7,1,0,,,,,,0,,,,,,,,,1,1,0,,1,2,1,1,0,,0,,1,3,5,5,0,0,0,1,0,0,1,0,0,0,1,0,0,0,1,0,0,0,0,0,0,0,0,0,0,0,0,0,0,,,,1,0,,,,4,5,2,2,3,1,0,,3,1,2,0,,,0,0,0,0,0,1,1,0,0,0,0,0,0,0,0,0,1,0,0,0,0,0,0,0,0,0,0,0,0,0,1,5,6,2,0,0,0,0,0,0,0,0,0,0,0,0,0,0,0,,,,,,,,0
02ADL0247,433,1968,5/16/2018 9:22,5/16/2018,10,2,0,,0,,0,,,1,1,5,0,,,0,,,0,,,0,,1,1,0,2,5,1,1,2,1,2,0,,,,1,2,1,2,1,8,7,2,4,1,5,3,2,1,2,1,1,1,1,5,2,,1,1,5,1,1,7,1,0,,3,2,1,1,2,1,0,,1,1,0,2,1,2,1,1,0,1,1,1,0,1,1,2,1,2,1,2,2,2,0,,,,2,2,4,2,6,2,5,3,2,3,1,2,1,1,1,1,1,1,1,1,0,2,4,2,3,2,1,2,1,1,0,,6,1,6,0,1,0,1,0,0,0,1,0,0,0,0,0,0,0,0,0,,,2,3,1,3,2,2,6,2,2,6,1,2,2,1,2,0,,1,2,5,,5,5,2,3,2,3,2,1,2,1,2,1,2,4,2,1,1,2,3,2,4,2,1,0,,,,,,,1,2,1,2,0,,5,2,2,4,3,1,1,1,1,5,3,3,2,4,2,4,5,2,1,1,1,4,1,1,2,4,3,1,1,1,2,1,2,1,3,4,2,0,,,0,,,0,,,,1,2,1,2,2,1,3,2,5,1,2,,,,2,2,1,2,4,2,3,1,1,0,,4,1,4,2,1,3,2,0,,3,2,3,2,0,,5,1,1,1,1,,0,,3,2,4,2,0,,4,2,5,0,1,0,1,0,0,0,0,0,3,1,1,4,1,2,1,2,3,4,3,2,5,9,2,1,1,0,,0,,,4,2,1,5,2,0,,4,1,0,,2,2,3,0,,2,1,1,2,2,1,1,3,1,1,1,1,0,,1,1,1,1,0,,,,,,3,1,0,,0,,,,,,7,1,1,1,5,2,3,5,0,,,,,,1,1,1,1,1,,5,2,2,6,3,0,,1,1,1,1,1,1,0,,1,2,,1,1,0,0,0,0,0,0,0,0,0,0,0,0,0,0,0,0,0,0,0,0,0,0,0,0,0,0,0,0,,,,1,0,,,,0,,,,,,0,,3,2,1,0,,,0,0,1,0,0,0,0,0,0,0,0,0,0,0,0,0,1,0,0,0,0,0,0,0,0,0,0,0,0,0,2,7,5,2,0,0,0,0,0,0,0,0,0,0,0,0,0,0,0,,,,,,,,0
02ADL0248,434,1952,5/17/2018 10:08,5/17/2018,6,2,0,,0,,2,,,3,1,1,0,,,2,1,2,0,,,0,,0,,,,,,0,,,,0,,,,1,1,1,1,1,8,8,1,5,1,5,3,1,1,1,1,4,6,2,1,6,1,1,3,5,1,1,2,2,1,2,2,1,0,,4,2,6,1,1,1,2,2,2,2,1,4,3,2,1,4,4,1,1,4,4,2,1,4,4,1,1,3,5,1,4,2,5,1,4,2,3,2,4,1,4,2,0,,3,1,3,2,1,3,3,1,4,2,3,2,2,1,1,2,4,2,8,2,6,0,1,0,0,0,1,0,0,0,0,0,0,0,0,0,0,0,,,2,2,1,4,4,2,3,3,1,5,1,3,1,1,1,0,,3,1,1,1,1,3,1,1,1,7,1,0,,0,,0,,1,1,6,1,1,4,1,7,2,5,1,2,3,5,2,5,1,0,,1,1,0,,1,1,2,4,5,0,,,,,,,,7,1,1,1,1,1,1,1,0,,,,,,,,0,,4,2,4,1,1,1,1,1,2,2,1,2,1,1,1,1,0,,1,3,2,1,0,,,1,1,1,2,4,4,2,0,,3,2,5,3,1,0,,0,,3,1,3,4,5,0,,3,1,0,,0,,1,2,1,0,,,0,,0,,0,,0,,0,,1,1,1,0,0,0,1,0,0,0,0,,1,6,5,1,1,1,1,1,1,1,1,1,2,0,,0,,0,,,0,,,1,2,0,,6,1,0,,0,,,0,,5,1,1,0,,1,1,1,3,1,0,,0,,0,,0,,3,1,1,1,1,3,5,1,5,1,7,1,1,5,5,1,7,1,2,1,1,1,0,,0,,,,,,1,4,1,1,4,1,4,1,2,1,1,1,4,1,3,0,,0,,0,,1,3,3,3,1,0,0,0,0,0,0,0,1,0,0,0,0,0,0,1,1,0,1,0,0,0,0,0,0,0,0,0,0,,,,0,,,,,,,,,,,,,,,,,,,0,0,0,0,0,0,0,0,0,0,0,0,0,0,0,0,0,0,0,0,0,0,0,0,0,0,0,0,0,0,3,2,5,2,0,0,0,0,0,0,0,0,0,0,0,0,0,0,0,,,,,,,,0
02ADL0249,435,1962,5/17/2018 12:15,5/17/2018,1,2,5,1,5,2,4,1,2,1,1,1,0,,,0,,,0,,,4,2,0,,,,,,1,2,1,1,0,,,,0,,,,1,7,7,1,2,3,2,1,1,0,,1,9,9,1,1,0,,,,,,,,,0,,6,2,0,,0,,9,2,1,1,1,1,1,1,1,8,1,1,0,,,,1,6,4,2,1,1,0,1,0,,,,1,1,9,1,6,2,9,3,0,,1,2,8,2,6,2,0,,1,5,8,1,5,2,5,2,5,2,3,1,0,,8,2,0,0,0,0,0,0,0,0,0,0,0,0,0,0,0,0,0,0,,,7,1,1,4,4,2,9,2,5,0,,2,,0,,0,,1,1,1,1,2,1,1,1,1,0,,0,,0,,0,,0,,9,2,1,9,2,9,1,1,1,2,2,1,2,1,1,0,,0,,0,,1,2,1,5,1,0,,,,,,,,1,2,1,1,,1,1,1,8,1,1,5,1,2,1,,0,,1,1,0,,1,2,0,,,0,,,7,2,5,1,0,,0,,,,0,,,0,,0,,,0,,0,,0,,,0,,1,1,0,,1,1,1,5,1,0,,0,,0,,0,,0,,,0,,,0,,1,2,1,2,0,,1,2,1,1,0,0,1,0,0,0,1,0,0,,1,8,7,2,4,1,5,1,4,2,1,7,1,0,,0,,0,,,0,,,1,2,0,,9,1,1,1,9,1,5,0,,5,1,1,0,,0,,,1,1,9,1,1,2,0,,0,,0,,,,,,9,1,0,,9,2,5,1,1,1,7,5,6,5,1,2,2,5,0,,,,,,1,1,,,1,,5,1,2,0,,1,5,0,,0,,0,,0,,0,,8,7,1,0,0,0,0,0,0,0,0,0,1,0,1,0,0,0,0,0,0,0,0,0,0,0,0,0,0,0,1,5,2,3,1,0,,,,5,3,2,1,1,2,0,,5,2,2,0,,,0,0,0,0,0,1,1,0,0,0,1,0,0,0,0,0,1,0,0,0,0,0,0,0,0,0,0,0,0,1,3,5,2,2,0,0,0,0,0,0,0,0,0,0,0,0,0,0,0,,,,,,,,0
02ADL0250,437,1958,5/21/2018 10:42,5/21/2018,9,2,0,,1,2,0,,,0,,,2,1,5,0,,,0,,,4,1,1,2,2,1,5,1,0,,,,0,,,,1,2,2,1,1,8,8,2,2,2,5,0,,1,1,1,1,1,1,2,0,,,,,,,,,0,,6,2,1,1,7,2,1,1,1,5,1,2,1,1,1,5,1,1,1,1,1,1,1,5,1,1,1,6,3,2,1,1,1,1,1,1,2,1,7,2,8,2,4,1,7,2,7,2,7,2,4,1,1,4,3,1,7,2,5,1,6,2,1,1,3,1,8,3,8,0,1,0,1,0,1,1,1,0,6,0,0,0,1,0,0,0,1,2,5,2,1,8,8,2,8,2,3,7,2,7,1,4,1,4,1,1,1,2,1,1,3,2,2,1,6,2,4,2,4,2,1,1,7,2,5,2,3,6,2,4,2,1,1,1,1,3,3,1,1,1,1,1,1,1,1,1,1,2,2,1,1,3,1,1,1,1,2,2,5,1,2,3,2,1,2,2,1,1,3,1,3,3,1,1,1,2,5,2,4,2,7,3,7,3,2,4,3,2,4,2,5,5,1,1,6,1,2,4,1,2,2,4,2,7,2,2,5,2,6,2,6,2,1,5,1,5,1,7,1,8,2,4,3,2,1,2,6,2,4,2,0,,7,2,1,7,2,1,6,2,4,2,4,2,7,2,4,2,10,0,0,0,1,0,1,0,1,0,5,2,1,8,7,2,2,4,2,2,4,1,5,7,2,1,1,4,1,4,1,1,4,1,1,4,1,1,1,7,2,7,2,7,2,3,1,1,7,2,2,2,1,1,1,2,1,1,1,1,1,1,1,1,1,1,1,1,2,2,1,1,1,1,1,1,7,1,1,5,4,2,5,3,4,1,3,2,1,1,1,5,2,5,2,2,1,5,2,3,5,2,3,2,5,4,1,0,,1,1,1,1,1,1,1,1,1,2,5,5,1,0,0,0,0,0,0,1,1,0,0,0,0,0,1,0,0,0,0,0,0,0,0,0,0,0,0,0,1,4,2,4,0,,,,,,,,,,,,,,,,,,,0,0,0,0,0,0,0,0,0,0,0,0,0,0,0,0,0,0,0,0,0,0,0,0,0,0,0,0,0,0,3,1,4,2,0,0,0,0,0,0,0,0,0,0,0,0,0,0,0,,,,,,,,0
02ADL0251,436,1995,5/21/2018 9:37,5/21/2018,8,1,0,,0,,1,,0,1,2,1,1,1,5,1,1,,1,2,1,6,2,1,1,1,1,5,1,1,6,6,1,1,6,4,2,1,1,1,2,1,9,9,1,4,1,1,1,2,1,2,1,9,9,1,1,3,2,1,1,5,1,1,2,3,0,,7,2,0,,7,2,4,1,0,,,,1,1,1,1,1,1,0,,,,1,6,6,1,1,1,1,2,1,7,7,2,1,1,3,2,5,3,8,3,0,,2,2,0,,4,3,4,2,0,,,,8,3,7,3,7,3,0,,10,3,10,3,10,0,0,0,1,0,0,1,1,0,0,0,0,0,0,0,0,0,,,8,1,1,10,10,1,10,3,5,6,2,7,2,4,2,4,2,4,2,1,1,1,1,1,1,1,10,2,0,,4,2,4,3,4,3,8,2,1,4,3,0,,,3,2,1,5,3,5,3,0,,2,2,1,2,1,1,5,1,1,0,,,,,,,,3,2,5,5,2,1,1,1,1,1,5,1,2,2,1,1,4,1,9,2,4,3,2,2,1,2,1,0,,,6,3,5,1,9,2,1,3,2,5,3,3,4,2,3,1,2,1,7,3,5,3,7,2,5,1,2,0,,8,2,8,2,1,5,1,1,2,2,3,2,1,0,,2,2,1,4,1,1,1,2,6,3,6,3,0,,7,3,9,0,0,0,1,0,0,1,1,0,0,,1,1,1,2,1,2,4,5,1,2,5,1,1,0,,1,2,1,1,1,4,3,1,1,3,0,,8,2,1,2,4,1,5,0,,4,2,1,1,3,4,3,1,2,3,2,2,3,3,1,3,1,2,1,3,5,1,2,1,1,1,1,2,10,3,4,2,5,1,6,2,3,2,4,2,1,2,0,,,,,,0,,,,,,,,,1,1,0,,1,1,1,1,1,1,0,,1,5,9,9,1,0,1,0,0,0,1,1,1,0,1,1,1,0,1,1,0,0,1,1,0,0,0,0,0,0,0,0,0,,,,1,0,,,,0,,,,,,0,,5,3,1,0,,,0,0,1,0,0,0,0,0,0,0,0,0,0,0,0,0,0,0,0,0,0,0,0,0,0,0,0,0,0,0,1,5,4,2,0,0,0,0,0,0,0,0,0,0,0,0,0,0,0,,,,,,,,0
02ADL0252,438,1986,5/22/2018 8:29,5/22/2018,6,1,2,2,2,2,0,,,0,,,0,,,2,2,4,0,,,7,2,0,,,,,,0,,,,1,2,0,2,0,,,,1,9,9,2,3,1,5,0,,0,,1,1,0,2,1,0,,,,,,,,,0,,4,1,0,,5,1,0,,1,1,0,1,3,1,1,3,1,1,0,,,,0,,,,1,2,0,2,0,,,,0,,2,1,7,1,0,,0,,6,1,1,1,2,1,1,1,0,,,,6,1,2,1,1,1,0,,6,1,8,2,0,0,0,0,0,0,0,0,0,0,0,0,0,0,0,0,0,0,,,6,1,0,,,,8,2,5,0,,2,2,0,,0,,2,2,1,1,1,1,1,1,1,7,2,2,1,0,,2,2,2,2,1,2,1,5,2,5,2,1,0,,,,,,,0,,0,,0,,2,1,,,,0,,,,,,,,5,1,1,1,1,1,1,1,0,,,,,,,,5,1,6,2,0,,0,,5,2,5,5,2,4,0,,,,8,2,0,,,,5,2,5,3,2,0,,,6,2,0,,5,2,5,2,2,3,1,4,2,5,2,1,5,2,0,,5,2,0,,0,,5,1,1,3,2,2,0,,3,2,6,2,0,,3,1,3,0,1,0,1,0,0,0,0,0,0,,1,6,0,2,1,1,1,3,2,2,3,0,,3,1,5,1,3,1,2,2,1,1,0,,0,,5,2,7,2,0,,,0,,3,1,1,0,,0,,,0,,0,,0,,0,,0,,0,,,,,,1,1,1,1,8,3,5,3,1,1,5,1,3,1,,1,0,,1,2,,1,,,0,,,,,,,,,0,,1,2,1,2,1,2,0,,0,,0,,6,1,1,0,0,0,0,0,0,0,0,0,0,0,0,0,1,0,0,0,0,0,0,0,0,0,0,0,0,0,1,4,2,2,0,,,,,,,,,,,,,,,,,,,0,0,0,0,0,0,0,0,0,0,0,0,0,0,0,0,0,0,0,0,0,0,0,0,0,0,0,0,0,0,2,5,3,2,0,0,0,0,0,0,0,0,0,0,0,0,0,0,0,,,,,,,,0
02ADL0253,439,1954,5/29/2018 9:31,5/29/2018,10,1,0,,1,2,2,2,1,2,2,1,1,2,1,1,1,1,0,,,0,,1,6,6,3,2,3,1,2,1,2,0,,,,1,3,2,2,1,7,6,1,5,1,5,4,2,3,1,1,3,3,1,1,1,1,1,1,3,3,1,1,1,0,,4,2,1,1,5,2,4,1,1,2,1,2,3,2,1,3,3,1,1,3,3,2,1,4,2,2,1,1,1,1,0,,,,1,1,1,2,1,1,3,1,5,2,3,2,3,2,4,2,1,1,1,1,3,2,3,1,2,1,1,2,1,1,2,1,5,2,2,0,0,0,1,0,0,0,0,0,0,0,0,0,0,0,0,0,,,5,2,1,9,5,2,5,2,4,5,1,1,1,4,2,1,1,5,3,1,1,1,1,1,1,1,3,2,5,1,1,1,1,2,2,2,3,2,2,1,1,4,2,2,2,2,1,1,1,3,1,1,1,1,1,0,,2,2,,,,1,3,2,1,1,1,2,1,5,2,2,1,1,1,1,1,5,1,1,1,1,1,1,1,1,1,1,1,1,2,2,2,3,2,2,3,2,1,4,1,5,5,0,,3,3,2,1,1,2,1,1,2,2,2,1,1,1,2,2,4,3,4,1,2,1,2,1,1,4,2,1,3,2,1,2,3,3,1,1,0,,1,2,1,3,1,1,1,2,2,2,3,2,1,2,1,3,3,0,0,0,1,0,1,1,0,0,0,,1,5,4,2,2,1,2,1,4,2,4,2,2,1,1,0,,3,1,1,1,1,1,0,,1,1,8,1,3,2,2,2,3,0,,5,3,2,1,2,0,,,5,2,5,2,3,2,1,1,1,2,1,1,4,1,1,2,5,1,5,1,5,1,1,5,2,1,6,1,3,1,5,1,6,5,1,5,2,1,,,1,1,1,1,2,1,4,2,1,1,1,0,,1,1,1,2,1,4,0,,1,3,3,2,1,1,1,0,0,0,0,1,1,0,1,0,0,0,1,0,0,0,1,0,0,0,0,0,0,0,0,0,1,2,2,4,1,1,1,1,3,0,,,,,,0,,0,,,0,,,1,0,1,0,0,1,0,1,0,0,1,0,0,1,0,0,1,0,0,0,0,0,0,0,0,1,0,0,1,0,2,6,5,2,0,0,0,0,0,0,0,0,0,0,0,0,0,0,0,,,,,,,,0
02ADL0254,441,1957,6/7/2018 9:00,6/7/2018,10,2,0,,0,,2,3,5,,,,5,2,1,0,,,0,,,0,,1,2,1,1,1,1,1,5,5,2,1,2,2,1,1,3,3,1,1,8,8,2,1,1,1,2,1,0,,0,,,,,1,1,1,1,4,2,1,1,1,0,,1,2,0,,1,1,1,2,1,1,1,2,4,2,1,1,0,1,1,4,0,3,1,1,1,1,1,1,2,2,0,,,,0,,1,2,4,3,7,3,1,2,2,3,0,,2,2,1,3,1,1,2,3,2,3,3,2,0,,0,,0,,2,3,2,0,1,0,0,0,0,1,0,0,0,0,0,0,0,0,0,0,,,2,2,1,2,2,3,2,3,5,2,3,0,,2,2,2,3,2,2,5,3,1,5,2,5,2,1,3,1,2,1,2,0,,1,2,2,2,1,2,2,2,2,1,1,2,5,5,3,5,2,1,2,2,2,2,2,2,2,,,,0,,,,,,,,2,2,1,5,2,1,4,2,2,2,1,1,5,2,1,,1,1,1,2,1,2,1,2,2,2,1,2,2,1,2,2,2,5,0,,1,1,2,1,1,2,5,1,2,0,,,1,2,1,2,1,2,5,2,1,1,2,2,1,2,1,3,5,1,1,2,2,,2,1,0,,2,2,1,1,1,1,2,3,2,3,1,2,0,,2,1,2,0,1,0,1,0,0,1,0,0,0,,1,,1,1,1,1,2,1,2,,5,1,2,2,2,0,,2,2,1,1,2,1,2,1,0,,2,2,0,,0,,,0,,0,,,0,,0,,,1,1,1,1,0,,2,1,1,2,0,,,,,,1,2,1,2,2,2,1,5,5,4,2,5,1,1,5,2,0,,1,5,2,5,1,1,0,,,,,,,,,0,,0,,1,1,1,1,0,,0,,1,1,4,4,0,0,0,0,0,0,1,1,1,0,1,0,1,0,1,0,0,0,0,0,0,0,0,0,0,0,0,0,0,,,,0,,,,,,,,,,,,,,,,,,,0,0,0,0,0,0,0,0,0,0,0,0,0,0,0,0,0,0,0,0,0,0,0,0,0,0,0,0,0,0,1,7,3,2,0,0,0,0,0,0,0,0,0,0,0,0,0,0,0,,,,,,,,0
02ADL0255,442,1963,6/11/2018 8:51,6/11/2018,7,1,0,,0,,3,1,1,2,1,2,0,,,0,,,0,,,0,,0,,,,,,0,,,,0,,,,1,2,2,2,1,7,7,2,1,5,5,1,1,1,1,1,9,9,1,1,9,2,5,5,5,1,1,5,2,0,,1,2,0,,0,,0,,0,,,,4,1,1,1,1,,1,1,1,1,1,1,1,1,1,1,1,2,0,,,,2,2,0,,4,3,1,2,0,,2,3,3,2,4,2,3,2,1,4,4,2,4,2,4,2,4,2,2,2,4,2,4,2,4,1,0,0,0,0,0,0,0,0,4,0,0,0,1,0,0,0,2,1,4,2,1,4,4,2,4,2,2,4,2,,,4,1,1,1,4,2,2,1,2,2,1,1,,1,1,4,2,1,1,1,1,1,1,4,2,1,4,2,6,2,2,1,1,2,2,3,5,2,1,2,1,1,1,1,1,2,5,1,1,0,,,,,,,,4,2,2,5,1,2,2,3,0,,,,,,,,1,1,0,,1,2,1,2,1,2,2,1,2,2,1,2,5,5,0,,1,2,2,1,1,2,1,1,1,1,2,2,2,2,1,2,0,,,1,1,1,2,4,2,4,1,2,1,1,1,2,1,2,1,2,0,,1,1,1,4,1,2,4,2,4,2,4,2,0,,4,2,4,0,0,0,1,0,0,0,0,0,0,,1,8,8,2,2,2,2,2,1,2,5,4,2,1,1,1,1,1,1,1,0,,,4,3,1,2,7,2,0,,4,2,3,0,,1,1,2,1,1,2,2,2,1,2,4,2,1,2,1,1,1,1,0,,,,,,4,1,1,1,4,1,1,2,1,1,0,,1,1,2,2,0,,0,,,,,,0,,,,,,,,,0,,1,1,0,,1,2,1,2,0,,1,3,3,2,0,0,0,0,0,0,0,0,0,0,0,0,0,0,0,0,0,0,0,0,0,1,0,0,0,0,0,0,0,,,,0,,,,,,,,,,,,,,,,,,,0,0,0,0,0,0,0,0,0,0,0,0,0,0,0,0,0,0,0,0,0,0,0,0,0,0,0,0,0,0,2,6,5,2,0,0,0,0,0,0,0,0,0,0,0,0,0,0,0,,,,,,,,0
02ADL0256,443,1957,6/12/2018 9:13,6/12/2018,4,2,0,,0,,2,2,4,3,2,2,3,2,1,4,2,3,2,2,5,0,,1,4,4,2,1,5,0,,,,0,,,,0,,,,1,8,7,2,3,1,2,1,2,1,1,1,6,4,2,3,5,2,1,1,2,1,1,3,2,1,1,4,2,3,2,4,2,1,2,1,4,4,2,4,2,1,1,1,1,1,1,1,1,1,4,1,2,1,4,1,2,0,,,,2,2,1,2,4,2,1,2,1,2,2,2,1,2,2,2,3,2,1,1,2,2,3,2,0,,1,1,1,2,1,2,4,1,5,1,0,0,0,0,1,0,0,0,0,0,0,0,0,0,0,0,,,1,1,1,3,1,2,3,2,3,4,2,1,1,3,2,2,2,3,2,2,2,5,5,2,2,2,1,1,2,2,1,2,1,1,1,2,1,2,5,1,2,3,2,1,2,2,5,1,2,5,2,1,2,1,1,1,1,2,2,,,,0,,,,,,,,2,2,3,5,1,1,1,2,2,1,4,2,1,2,1,1,2,1,1,1,1,2,1,2,1,2,1,0,,,2,2,5,5,0,,1,1,2,1,2,2,5,3,2,1,2,1,0,,1,1,1,2,5,2,1,1,1,1,1,2,2,3,1,5,1,1,2,2,1,1,0,,1,2,1,1,1,1,1,2,0,,0,,1,1,0,,4,1,0,0,0,0,1,1,0,0,0,,1,2,0,2,1,1,5,1,2,2,5,3,2,2,2,2,2,1,1,1,1,1,1,1,1,1,1,1,1,1,2,,,,0,,3,2,1,0,,2,2,1,,,2,1,1,2,1,2,1,2,1,1,5,2,2,1,1,2,1,2,3,1,1,5,,3,1,3,2,3,5,1,1,2,1,5,2,1,,,1,5,2,1,2,2,2,2,3,1,2,1,2,1,2,1,3,1,2,0,,1,1,2,,0,0,0,0,0,0,0,0,0,0,0,0,0,0,0,0,0,0,0,0,0,1,0,0,0,0,0,0,1,3,2,3,0,,,,,,,,,,,,,,,,,,,0,0,0,0,0,0,0,0,0,0,0,0,0,0,0,0,0,0,0,0,0,0,0,0,0,0,0,0,0,0,2,5,6,2,0,0,0,0,0,0,0,0,0,0,0,0,0,0,0,,,,,,,,0
02ADL0258,444,1960,6/21/2018 10:00,6/21/2018,10,2,0,,3,2,3,3,5,2,2,5,1,2,1,0,,,0,,,0,,1,2,1,1,1,3,1,3,4,1,0,,,,0,,,,1,9,9,2,1,1,5,6,3,0,,0,,,,,0,,,,,,,,,0,,4,2,0,,6,2,5,2,0,,,,2,2,0,,,,0,,,,1,5,6,2,1,3,1,2,0,,,,4,3,3,2,3,2,3,2,0,,1,2,4,3,4,3,4,2,1,2,4,2,0,,0,,0,,1,1,4,2,8,3,7,0,1,0,0,0,0,0,0,0,0,0,0,0,0,0,0,0,,,4,3,0,,,,3,3,5,3,2,4,3,1,2,2,2,6,3,1,1,1,5,2,2,2,1,2,4,2,1,2,1,3,3,2,4,3,5,4,3,4,2,5,3,2,,2,2,5,2,1,2,3,2,1,2,3,2,5,2,1,1,5,2,1,5,3,2,2,8,2,1,2,1,1,2,3,4,2,2,1,5,3,1,1,3,2,7,3,3,3,3,2,1,2,1,1,2,1,4,3,5,5,3,2,1,1,2,5,1,2,3,3,2,3,2,1,1,2,1,3,1,2,5,1,2,2,3,6,3,6,3,2,3,2,1,3,3,2,5,2,1,2,3,2,2,3,2,1,1,2,2,3,3,2,3,2,0,,6,0,0,0,1,0,0,0,0,0,0,,1,1,1,3,3,1,5,1,3,3,5,5,2,3,2,3,2,5,2,1,3,2,1,3,2,1,2,7,2,4,2,0,,,0,,4,2,1,0,,1,2,1,3,2,5,2,3,2,1,2,0,,1,2,5,1,2,2,7,2,7,2,8,2,1,5,2,2,1,1,3,1,1,1,7,4,1,5,2,1,,,0,,,,,,,,,6,2,0,,1,1,1,1,1,1,1,1,1,1,2,3,0,0,0,0,0,0,0,0,0,0,0,0,0,0,0,0,0,0,0,0,0,1,0,0,0,0,0,0,1,5,2,1,1,0,,,,0,,,,,,0,,0,,,0,,,0,0,0,0,0,0,0,0,0,0,0,0,0,1,1,0,0,0,0,1,0,0,0,1,0,0,0,0,0,0,1,4,5,2,0,0,0,0,0,0,0,0,0,0,0,0,0,0,0,,,,,,,,0
02ADL0259,446,1946,6/25/2018 9:48,6/25/2018,3,1,0,,1,1,4,2,0,2,1,2,4,1,1,0,,,0,,,0,,1,4,2,1,1,1,1,0,0,,0,,,,0,,,,1,9,9,1,4,1,1,0,,0,,1,8,7,2,1,8,1,1,1,1,3,1,1,2,0,,8,2,1,2,6,2,0,,1,5,0,2,3,2,1,3,0,2,1,1,0,2,1,0,0,,1,3,3,2,1,1,0,2,0,,5,2,6,1,0,,5,2,0,,3,1,3,2,0,,1,6,0,2,3,2,0,,0,,0,,3,2,3,1,0,0,0,0,0,0,0,0,0,0,0,0,0,0,0,0,0,0,,,5,2,1,7,7,2,8,2,4,0,,5,2,4,1,3,2,3,2,1,1,1,1,1,1,1,0,,7,2,0,,3,2,1,3,6,2,1,1,2,1,2,1,1,2,2,1,2,2,2,1,2,0,,1,2,1,2,3,1,1,1,3,2,1,1,1,1,1,8,2,3,1,1,1,1,1,8,1,1,1,1,1,1,1,7,3,7,3,3,2,3,2,0,,,3,2,1,7,3,5,1,1,2,6,3,2,1,0,,,0,,3,2,1,3,2,0,,3,1,1,0,,3,1,0,,0,,,,,0,,0,,6,1,0,,3,1,1,0,,,0,,0,,7,2,5,1,0,,1,0,0,0,0,0,0,0,0,1,0,,1,1,0,2,1,1,2,2,1,2,2,7,2,5,2,0,,0,,,0,,,0,,0,,5,2,0,,0,,,0,,0,,,0,,1,2,1,3,2,5,3,0,,3,2,0,,5,1,1,2,2,1,3,2,0,,0,,,,,,4,3,6,1,1,2,0,,1,2,1,2,3,1,0,,,,,,,,,0,,0,,0,,0,,0,,0,,1,1,2,3,0,0,0,0,0,0,0,1,0,1,0,0,0,0,0,0,0,0,0,0,0,0,0,0,0,0,0,0,1,5,3,4,0,,,,,,,,,,,,,,,,,,,0,0,0,0,0,0,0,0,0,0,0,0,0,0,0,0,0,0,0,0,0,0,0,0,0,0,0,0,0,0,1,7,6,2,0,0,0,0,0,0,0,0,0,0,0,0,0,0,0,,,,,,,,0
02ADL0260,445,1974,6/25/2018 9:09,6/25/2018,3,1,0,,0,,4,2,5,3,1,3,3,1,3,0,,,1,1,5,0,,1,2,2,1,3,1,1,4,2,2,1,2,2,2,0,,,,1,7,7,2,1,2,4,1,1,1,2,1,6,6,2,5,4,1,1,1,2,4,1,3,1,0,,6,1,1,1,6,2,4,1,1,4,6,1,5,2,0,,,,1,6,0,2,1,7,3,2,1,6,3,2,1,6,6,3,6,3,5,2,4,2,0,,0,,1,1,2,2,0,,0,,1,6,6,2,0,,0,,0,,0,,0,,4,1,7,0,1,0,1,0,0,1,1,0,0,0,0,0,0,0,0,0,,,0,,0,,,,0,,,0,,3,2,8,2,0,,6,2,1,1,1,5,2,3,2,0,,0,,6,2,4,2,5,3,6,3,5,1,2,9,2,,6,2,1,5,3,5,2,5,2,6,2,0,,6,2,5,1,3,1,3,1,1,5,2,1,1,10,2,5,1,,1,3,2,7,1,5,1,5,3,1,1,5,2,6,3,1,,6,3,6,3,3,1,3,3,1,2,5,1,0,,7,2,2,5,5,3,5,6,2,2,2,3,4,2,1,2,4,3,5,2,2,5,2,0,,6,3,4,3,1,1,2,2,2,10,2,0,,7,3,1,6,2,1,5,3,1,3,0,,7,2,2,2,3,0,1,0,1,0,0,1,0,0,0,,1,5,5,2,1,4,3,2,6,2,5,7,2,4,2,6,2,7,2,1,4,2,1,5,3,0,,6,,1,2,0,,,0,,10,2,1,4,2,5,2,2,2,2,5,2,6,2,0,,6,2,2,2,5,1,2,1,7,2,7,2,7,2,1,5,5,1,0,,5,1,1,1,0,,1,5,3,2,3,3,0,,,,,,,,,6,1,1,3,1,5,0,,0,,0,,0,,4,6,0,1,1,0,1,0,0,0,0,0,0,0,0,0,0,0,0,0,0,1,0,0,0,0,0,0,0,0,1,4,2,3,1,1,3,2,3,0,,,,,,0,,2,4,4,0,,,0,0,0,0,0,0,0,0,0,0,0,0,0,0,0,0,0,0,0,0,0,0,0,0,0,1,0,0,0,0,2,5,6,2,0,0,0,0,0,0,0,0,0,0,0,0,0,0,0,,,,,,,,0
02ADL0261,449,1953,6/28/2018 10:49,6/28/2018,6,2,0,,0,,0,,,0,,,4,2,5,5,1,4,0,,,0,,1,4,4,1,5,1,0,,,,0,,,,0,,,,1,8,8,3,3,5,5,0,,0,,1,6,6,1,5,8,1,5,1,5,5,1,4,1,0,,7,1,4,1,7,1,8,1,1,0,4,1,4,1,0,,,,1,0,0,,0,,,,0,,,,0,,,,4,1,4,1,0,,0,,0,,0,,0,,6,2,4,1,1,1,6,1,0,,0,,0,,0,,0,,7,1,8,0,0,0,1,0,0,0,0,0,0,0,0,0,0,0,0,0,,,6,1,0,,,,5,2,5,0,,1,1,4,1,1,1,3,2,1,1,5,1,2,1,,0,,4,2,0,,4,1,0,,4,2,5,8,2,7,1,1,0,,,,,,,1,1,1,1,0,,6,1,5,1,1,0,,,,,,,,6,2,4,5,1,2,1,2,1,1,4,2,1,2,1,1,0,,8,2,0,,6,2,1,2,1,0,,,2,2,5,5,0,,1,1,1,5,3,2,5,1,1,3,2,1,0,,1,2,1,1,5,0,,1,2,1,2,4,1,1,5,1,1,1,0,,1,1,0,,1,2,1,1,1,1,0,,0,,0,,1,2,0,,5,0,0,0,1,0,0,0,1,0,0,,0,,,,,,,,2,2,5,7,2,0,,0,,4,1,1,1,1,1,0,,0,,4,1,0,,0,,,0,,4,1,1,0,,3,1,5,0,,0,,0,,0,,0,,0,,,,,,0,,0,,4,1,1,5,1,1,7,1,0,,,,0,,,,,,,,0,,,,,,,,,0,,1,5,1,1,1,5,0,,0,,0,,3,4,0,0,0,0,0,0,0,0,0,0,0,0,0,0,0,0,0,0,0,0,0,1,0,0,0,0,0,0,0,,,,1,0,,,,5,5,2,3,3,2,0,,0,,,0,,,0,0,0,0,0,0,0,0,0,0,1,0,0,0,0,0,0,0,0,0,0,0,0,0,0,0,0,0,0,0,1,2,3,2,0,0,0,0,0,0,0,0,0,0,0,0,0,0,0,,,,,,,,0
02ADL0262,450,1995,6/29/2018 9:39,6/29/2018,12,1,0,,2,1,3,3,3,4,2,2,0,,,2,2,3,0,,,0,,1,5,5,3,1,3,1,5,2,2,0,,,,0,,,,1,9,9,3,3,1,1,0,,0,,0,,,,,4,2,1,1,1,5,1,3,3,0,,1,1,0,,1,2,0,,1,1,1,2,1,1,1,1,2,2,1,1,1,2,1,3,3,2,1,1,1,2,0,,,,1,2,2,2,3,3,2,2,0,,4,3,0,,0,,0,,1,4,1,3,2,3,4,3,1,1,1,1,2,1,3,2,5,0,1,0,1,0,0,1,0,0,3,0,1,0,1,0,1,0,1,1,2,1,1,4,2,1,4,3,4,3,2,0,,6,3,3,2,4,2,3,2,1,3,2,3,2,4,3,4,2,4,2,1,1,4,3,1,2,3,2,2,0,,,1,1,1,3,3,5,2,2,2,3,2,2,2,3,2,4,2,2,0,,,,,,,,6,3,5,4,2,3,2,1,1,2,5,1,2,3,1,1,1,2,1,2,0,,4,2,2,2,1,2,2,1,0,,,,1,1,6,2,2,5,3,2,2,3,2,4,2,1,4,2,0,,4,2,3,1,2,0,,2,2,5,3,5,2,2,0,,0,,0,,0,,7,3,1,0,,,0,,0,,0,,0,,0,,6,0,1,0,1,0,0,0,0,0,0,,1,1,1,3,1,2,2,2,5,3,5,5,3,4,2,1,2,4,3,1,4,3,1,0,,0,,0,,0,,0,,,0,,7,2,1,0,,1,3,1,0,,1,2,2,2,1,2,0,,0,,,,,,0,,1,1,4,3,2,4,5,2,4,1,0,,,,0,,0,,,,,,0,,,,,,,,,0,,0,,1,4,1,3,1,1,0,,1,3,3,2,1,0,0,0,0,0,0,0,1,0,0,0,0,0,0,0,0,0,0,0,0,0,1,1,1,1,1,1,0,,,,0,,,,,,,,,,,,,,,,,,,0,0,0,0,0,0,0,0,0,0,0,0,0,0,0,0,0,0,0,0,0,0,0,0,0,0,0,0,0,0,2,5,5,2,0,0,0,0,0,0,0,0,0,0,0,0,0,0,0,,,,,,,,0
02ADL0263,451,1943,6/29/2018 9:47,6/29/2018,8,1,0,,1,2,3,2,5,0,,,1,2,1,5,2,2,0,,,0,,1,4,2,1,5,1,0,,,,0,,,,,,,,1,8,8,1,3,1,5,1,1,2,2,0,,,,,2,1,5,1,2,2,1,2,2,0,,2,1,0,,8,2,1,1,0,,,,5,1,0,,,,1,1,1,1,1,8,8,2,1,1,1,1,0,,,,1,1,1,2,2,2,0,,0,,1,2,1,2,1,2,2,2,0,,,,0,,1,2,0,,0,,1,2,7,2,2,1,1,0,1,0,1,0,0,0,0,0,0,0,0,0,0,0,,,1,3,1,7,7,2,1,2,2,1,2,0,,4,2,1,2,1,2,3,2,3,3,2,4,2,7,2,6,2,0,,1,2,6,2,2,2,3,8,2,4,2,3,1,3,5,5,3,5,2,2,2,1,2,0,,1,2,2,3,3,2,1,2,5,5,3,2,2,9,2,3,5,2,5,5,3,2,2,3,5,5,3,2,1,2,2,0,,0,,6,2,2,2,1,0,,,0,,,,0,,2,2,2,5,1,2,5,1,2,0,,,0,,0,,1,2,5,0,,0,,0,,1,2,3,3,1,1,2,0,,2,2,0,,0,,,1,2,5,0,,0,,0,,0,,0,,2,1,1,0,1,0,0,0,0,0,0,,1,1,1,2,2,2,3,1,4,3,5,6,2,0,,3,2,8,2,3,8,2,3,0,,0,,9,1,0,,6,2,1,0,,8,2,3,0,,7,3,1,4,3,8,3,2,2,3,2,0,,4,2,5,3,1,1,6,2,6,2,6,2,1,5,5,1,1,1,0,,,,7,1,1,5,2,1,,,1,1,,,,,5,3,2,10,3,1,5,1,5,1,5,1,3,0,,1,5,3,3,1,0,0,1,0,0,1,0,1,1,1,1,0,0,0,0,0,0,0,0,0,0,0,0,0,0,0,0,0,,,,0,,,,,,,,,,,,,,,,,,,0,0,0,0,0,0,0,0,0,0,0,0,0,0,0,0,0,0,0,0,0,0,0,0,0,0,0,0,0,0,1,6,5,2,0,0,0,0,0,0,0,0,0,0,0,0,0,0,0,,,,,,,,0
02ADL0265,458,1949,7/11/2018 10:59,7/11/2018,7,2,0,,0,,1,1,0,1,1,1,2,1,1,0,,,0,,,0,,1,2,1,1,1,1,0,,,,0,,,,0,,,,1,9,8,1,2,1,3,2,2,0,,1,1,1,2,5,5,2,2,1,5,1,1,2,2,0,,1,1,,,5,2,4,2,1,9,5,2,4,2,0,,,,1,4,0,2,1,6,4,2,1,3,1,2,1,3,2,2,2,2,5,2,8,2,3,3,1,2,6,,5,,1,2,1,2,1,4,3,2,7,2,3,2,3,2,4,2,0,,8,2,9,1,1,0,1,0,1,0,0,0,4,1,1,0,1,0,0,0,2,2,7,2,1,6,4,2,5,3,5,5,2,3,1,3,2,1,1,4,3,1,1,5,3,2,2,2,6,3,5,2,,,,,2,2,5,2,1,9,3,9,2,3,1,2,5,5,3,5,2,5,2,1,1,1,1,5,1,2,5,3,0,,,,,,,,4,1,1,5,2,1,1,1,4,1,1,3,3,3,1,1,1,2,0,,1,2,5,2,4,2,5,0,,,1,2,5,5,0,,0,,,,1,2,5,,,0,,,0,,1,2,1,2,5,4,2,4,2,4,2,4,1,1,5,1,1,2,4,2,5,2,1,2,1,3,1,0,,,3,2,3,2,4,2,2,2,1,2,9,1,1,0,1,0,1,0,0,0,0,,1,5,4,2,2,4,2,1,1,2,1,5,2,1,2,1,2,4,2,1,3,2,1,2,2,0,,9,2,1,1,7,1,1,0,,6,2,1,1,2,7,3,1,5,2,7,3,7,1,6,2,1,2,4,2,2,2,1,3,4,2,2,1,3,1,1,5,5,1,7,1,1,1,1,1,6,1,0,,,,,,1,1,1,3,1,,5,2,2,0,,1,1,1,1,1,1,1,1,1,2,1,1,4,3,1,1,0,0,0,0,0,0,1,0,0,0,1,0,0,0,0,0,0,0,0,0,0,0,0,0,0,0,1,4,3,1,1,0,,,,0,,,,,,0,,0,,,0,,,0,0,0,0,0,0,0,0,0,0,1,0,0,0,0,0,0,0,0,0,0,0,0,1,0,0,0,0,0,0,2,4,6,2,0,0,0,0,0,0,0,0,0,0,0,0,0,0,0,,,,,,,,0
02ADL0266,460,1981,7/13/2018 9:04,7/13/2018,2,1,0,,0,,1,1,0,1,1,1,1,1,1,0,,,0,,,0,,1,1,1,1,1,1,1,2,1,1,0,,,,1,1,2,1,1,8,8,2,4,1,5,2,2,1,2,1,3,1,1,5,0,,,,,,,,,1,1,3,2,1,2,1,2,1,1,1,1,1,1,7,2,0,,,,0,,,,1,6,4,2,1,6,6,2,1,1,1,3,2,3,6,3,5,2,5,1,0,,1,1,3,3,4,3,3,2,1,1,1,2,7,2,5,2,5,3,1,2,5,2,1,1,8,0,1,0,1,0,0,0,1,0,1,0,1,0,1,0,0,0,1,1,0,,0,,,,6,3,3,6,1,5,3,4,2,3,2,4,2,1,,1,5,1,3,1,3,2,4,1,1,1,1,2,3,3,4,3,3,9,2,4,2,5,1,2,1,5,2,5,2,2,2,2,2,0,,1,1,5,1,2,1,1,2,1,3,2,3,1,4,2,3,5,2,1,2,2,6,2,3,1,3,2,1,1,4,1,6,2,3,2,4,2,4,2,1,0,,,1,2,5,5,4,2,3,,2,5,3,3,3,3,2,2,2,1,3,2,2,3,5,3,1,1,2,4,2,3,2,6,2,1,2,4,1,2,4,2,2,1,0,,4,3,1,3,2,1,3,,2,3,3,3,4,2,4,3,7,0,1,0,1,0,0,0,1,0,0,,1,1,1,2,2,3,2,3,3,3,5,3,2,1,2,3,2,4,2,1,4,2,1,2,1,1,2,6,1,2,2,2,1,3,1,2,7,2,1,1,2,3,2,1,3,2,3,2,3,2,1,2,1,1,1,1,3,1,2,2,5,1,3,1,7,3,1,5,5,1,8,1,1,3,1,1,3,3,1,3,1,1,,,0,,,,,,,,,0,,0,,1,1,1,1,1,1,1,1,1,1,6,5,1,0,1,0,0,0,0,0,0,0,0,0,1,0,0,0,0,0,0,0,0,0,0,0,0,0,0,0,0,,,,0,,,,,,,,,,,,,,,,,,,0,0,0,0,0,0,0,0,0,0,0,0,0,0,0,0,0,0,0,0,0,0,0,0,0,0,0,0,0,0,1,8,6,2,0,0,0,0,0,0,0,0,0,0,0,0,0,0,0,,,,,,,,0
02ADL0267,461,1998,7/13/2018 10:54,7/13/2018,7,2,0,,0,,2,2,5,2,2,5,2,2,1,1,2,1,0,,,0,,1,2,3,2,1,1,1,1,1,2,0,,,,0,,,,1,8,8,1,3,1,3,0,,0,,0,,,,,0,,,,,,,,,0,,1,2,1,2,1,2,0,,1,0,1,2,7,1,1,0,7,1,0,,,,1,2,6,2,1,2,6,3,1,0,1,2,6,3,2,2,1,1,4,3,1,2,1,3,2,2,2,2,1,1,1,3,6,1,1,2,1,2,2,2,0,,1,1,8,2,2,1,1,0,1,1,0,0,1,0,1,0,0,0,1,0,0,0,1,2,4,3,1,4,6,2,6,3,5,4,3,1,3,1,2,1,2,1,2,1,1,1,1,1,1,1,1,2,1,2,1,2,1,2,3,2,2,2,3,1,2,5,2,3,2,2,1,1,1,5,2,2,3,3,3,1,1,3,3,,3,1,6,1,2,1,1,2,5,2,5,3,4,5,2,1,1,1,4,2,4,1,2,3,1,1,0,,2,3,2,2,1,2,1,2,1,0,,,1,3,2,5,0,,5,2,2,3,2,2,1,5,3,1,2,1,2,2,1,3,2,3,2,1,2,0,,2,2,6,2,3,4,4,1,3,6,3,0,,0,,1,3,2,1,1,1,1,2,7,3,1,2,2,3,2,2,,0,0,0,0,0,0,0,0,0,0,,1,1,3,2,1,1,2,5,4,2,5,1,2,1,2,2,2,1,2,1,2,2,1,1,2,0,,1,2,2,2,7,2,3,0,,7,2,1,3,2,2,2,1,2,3,7,3,3,3,0,,2,2,1,3,2,4,1,1,7,3,8,2,7,3,1,5,4,3,1,1,0,,,,3,4,0,,,,,,1,1,1,1,1,,1,,,2,2,1,1,1,1,1,1,0,,1,1,1,1,2,2,0,0,0,0,1,0,0,0,0,0,0,0,0,0,0,0,0,0,0,0,0,0,0,0,0,0,0,0,0,,,,0,,,,,,,,,,,,,,,,,,,0,0,0,0,0,0,0,0,0,0,0,0,0,0,0,0,0,0,0,0,0,0,0,0,0,0,0,0,0,0,1,6,3,2,0,0,0,0,0,0,0,0,0,0,0,0,0,0,0,,,,,,,,0
02ADL0268,468,1986,7/23/2018 10:44,7/23/2018,4,2,0,,1,1,1,2,1,1,1,1,1,1,1,0,,,0,,,3,2,0,,,,,,1,0,1,1,0,,,,0,,,,1,9,9,2,1,1,5,2,2,1,1,1,1,1,1,1,4,2,1,1,5,1,1,7,2,1,1,1,1,0,,0,,2,2,1,1,1,1,1,1,1,1,1,1,1,1,1,1,1,3,3,2,1,4,4,2,1,3,3,3,5,3,4,2,8,1,7,3,1,1,2,2,5,2,7,2,4,2,1,1,1,1,8,2,8,2,4,2,1,1,8,1,7,1,0,0,0,0,0,0,0,0,0,0,0,0,0,0,0,0,0,0,,,3,1,1,6,6,2,5,2,3,5,2,6,1,4,3,1,1,1,1,1,1,1,1,1,1,1,3,2,0,,1,1,1,1,5,2,6,1,3,10,1,7,2,1,4,3,2,2,3,4,3,4,1,2,1,1,1,4,1,2,4,1,0,,,,,,,,5,2,1,5,2,1,1,1,1,1,2,2,2,2,2,1,1,1,5,2,0,,4,2,1,2,1,1,2,1,1,1,5,4,4,1,5,2,3,5,2,2,2,4,1,1,2,1,3,1,2,2,2,3,2,3,2,5,2,3,1,8,3,1,2,4,1,2,1,2,2,1,0,,3,2,1,2,1,1,1,2,2,2,2,2,1,2,5,3,0,0,0,0,0,0,0,0,0,0,0,,1,1,1,1,1,2,3,2,4,2,2,1,2,0,,1,2,2,2,1,1,2,1,2,1,0,,0,,5,2,0,,,1,1,5,1,1,0,,0,,,1,1,1,1,1,2,1,2,1,1,1,1,4,1,2,1,2,1,1,2,5,3,3,3,2,1,3,1,0,,,,4,4,0,,,,,,0,,,,,,,,,0,,1,1,1,1,1,1,1,1,1,1,1,1,6,3,1,0,0,0,0,0,0,1,0,0,0,0,0,0,0,0,0,0,0,0,0,0,0,0,0,0,0,0,1,3,2,4,1,0,,,,0,,,,,,0,,2,6,2,1,5,2,0,0,0,0,0,0,0,0,0,0,0,0,0,0,0,0,0,0,0,0,0,0,0,0,0,0,0,0,0,0,3,5,7,2,0,0,0,0,0,0,0,0,0,0,0,0,0,0,0,,,,,,,,0
02ADL0269,469,2000,7/25/2018 8:54,7/25/2018,5,1,0,,0,,2,2,2,2,2,2,2,1,1,0,,,0,,,0,,1,2,2,2,2,2,0,,,,0,,,,0,,,,1,8,8,2,3,1,2,0,,0,,0,,,,,9,2,1,1,4,1,1,1,2,0,,1,2,0,,1,2,0,,0,,,,1,1,0,,,,0,,,,1,0,1,1,0,,,,0,,,,0,,1,1,1,1,0,,0,,1,1,0,,1,1,0,,1,0,0,,0,,0,,1,1,0,,0,,0,,0,0,0,0,0,0,0,0,0,0,0,0,0,0,0,0,0,0,,,0,,1,0,0,,1,1,1,0,,1,1,1,2,1,1,0,,,,,,,,,0,,3,1,0,,0,,0,,0,,,0,,4,2,1,4,2,2,2,1,5,2,0,,0,,0,,4,2,5,1,1,0,,,,,,,,0,,,,,,,,0,,,,,,,,0,,0,,0,,0,,0,,,0,,,0,,,,0,,4,1,2,3,0,,,0,,0,,,0,,0,,0,,,4,1,0,,0,,0,,,,,0,,0,,0,,3,2,1,2,3,0,,,0,,0,,0,,3,1,0,,0,0,0,0,0,0,0,0,0,0,0,,0,,,,,,,,2,2,3,1,2,0,,4,1,0,,,0,,,1,2,0,,0,,0,,0,,,0,,0,,,0,,0,,,4,1,4,1,0,,0,,0,,0,,,,,,3,2,4,2,0,,,,,,0,,0,,,,0,,0,,,,,,0,,,,,,,,,7,2,0,,0,,0,,0,,0,,0,,1,2,0,0,0,0,0,0,0,0,0,0,0,0,0,0,0,0,0,0,0,0,0,1,0,0,0,0,0,0,0,,,,0,,,,,,,,,,,,,,,,,,,0,0,0,0,0,0,0,0,0,0,0,0,0,0,0,0,0,0,0,0,0,0,0,0,0,0,0,0,0,0,2,7,7,2,0,0,0,0,0,0,0,0,0,0,0,0,0,0,0,,,,,,,,0
02ADL0270,472,1973,7/26/2018 9:44,7/26/2018,5,2,0,,0,,3,3,5,3,2,5,0,,,6,2,1,2,2,1,0,,1,7,7,3,1,1,1,5,3,2,0,,,,0,,,,1,9,8,1,4,1,5,0,,2,1,1,9,7,2,1,6,1,2,1,2,3,1,1,2,1,1,2,2,2,2,6,2,1,2,1,1,1,1,2,2,1,1,0,1,1,1,0,1,1,2,2,2,0,,,,0,,,,0,,0,,1,1,2,1,0,,0,,5,3,6,3,5,3,1,0,5,2,5,3,4,2,0,,0,,4,3,5,2,1,0,0,0,1,0,0,0,0,0,0,0,0,0,0,0,0,0,,,0,,0,,,,7,3,4,7,3,1,2,4,2,1,2,1,3,5,3,1,5,3,3,3,3,3,5,1,1,1,2,2,7,2,5,1,2,1,1,3,1,5,1,2,1,5,2,5,2,5,1,1,2,1,3,2,2,,,,0,,,,,,,,8,1,5,1,1,1,1,1,6,1,5,1,5,2,1,2,6,2,6,2,0,,5,2,1,2,5,0,,,0,,,,0,,4,1,1,5,1,2,5,4,1,1,2,5,1,1,1,1,1,1,5,0,,0,,1,2,2,1,3,5,1,0,,2,1,1,1,0,,6,1,1,1,1,5,1,1,0,,0,,0,,0,,3,0,0,0,1,0,0,0,0,0,0,,1,6,3,1,3,2,1,2,2,2,5,2,2,1,1,1,2,8,2,2,6,2,1,4,2,1,1,8,1,6,2,6,2,1,0,,8,2,1,1,1,1,1,1,1,1,4,2,2,1,2,2,2,3,1,1,5,1,1,1,5,1,6,2,7,1,1,5,1,1,0,,0,,,,0,,0,,,,,,0,,,,,,,,,0,,1,5,1,1,0,,1,1,1,1,1,1,3,3,0,0,0,0,0,0,0,0,0,0,0,0,0,0,0,0,0,0,0,0,0,1,0,0,0,0,0,0,0,,,,0,,,,,,,,,,,,,,,,,,,0,0,0,0,0,0,0,0,0,0,0,0,0,0,0,0,0,0,0,0,0,0,0,0,0,0,0,0,0,0,1,1,4,2,0,0,0,0,0,0,0,0,0,0,0,0,0,0,0,,,,,,,,0
02ADL0271,477,1973,8/3/2018 11:34,8/3/2018,4,2,0,,0,,6,3,0,6,2,1,0,,,0,,,0,,,4,2,1,5,6,3,1,1,0,,,,0,,,,0,,,,1,8,8,2,1,1,1,1,2,3,2,0,,,,,8,2,1,1,1,5,1,1,2,2,1,1,2,1,2,4,2,0,,1,1,0,2,2,2,0,,,,1,1,0,2,1,1,,2,1,3,0,3,0,,,,4,3,0,,3,2,0,,0,,4,2,0,,4,3,3,2,1,3,4,2,4,2,0,,0,,0,,0,,4,1,7,1,1,1,1,1,0,1,0,0,4,1,1,0,1,0,0,0,1,1,0,,1,4,4,1,4,3,5,4,2,1,1,5,2,1,1,1,2,1,1,5,5,2,1,1,1,2,7,2,1,1,0,,3,2,1,1,1,6,1,6,1,5,4,2,2,5,3,5,2,1,2,1,2,3,2,1,2,5,5,1,0,,,,,,,,7,2,5,5,1,5,5,2,0,,,,,,,,2,2,1,2,1,2,8,3,4,3,1,5,3,1,1,2,5,5,0,,6,2,2,5,3,2,5,1,2,4,2,1,0,,4,2,1,3,1,1,2,0,,0,,2,2,5,5,5,1,3,1,2,5,3,1,2,7,3,1,0,,,5,2,8,3,1,3,0,,0,,5,1,1,0,0,1,0,0,0,0,0,,1,1,0,2,1,1,5,1,6,2,5,1,3,1,2,7,1,7,2,1,1,2,1,1,2,1,2,1,1,0,,0,,,0,,7,3,1,0,,6,,3,5,3,7,3,7,3,6,2,4,2,6,2,2,2,2,2,1,2,4,2,1,2,2,2,2,2,7,1,6,1,3,1,0,,1,5,2,1,,,1,5,2,1,1,,1,,,0,,1,2,1,2,1,2,0,,0,,1,2,2,2,0,0,0,0,0,0,0,0,0,0,0,0,0,0,0,0,0,0,0,0,0,1,0,0,0,0,0,0,1,5,2,4,1,0,,,,0,,,,,,5,4,5,2,2,0,,,0,1,0,0,0,0,0,0,0,0,1,0,0,0,0,0,0,0,0,0,0,0,0,0,0,0,0,0,0,0,3,3,7,2,0,0,0,0,0,0,0,0,0,0,0,0,0,0,0,,,,,,,,0
02ADL0272,479,1969,8/6/2018 8:52,8/6/2018,8,1,0,,1,1,2,2,0,3,1,1,2,1,1,4,2,1,1,1,1,0,,1,4,4,2,1,2,0,,,,0,,,,0,,,,1,4,4,1,2,2,4,0,,1,1,1,6,1,1,2,6,2,1,1,1,5,1,1,2,0,,1,1,0,,2,2,0,,0,,,,1,1,0,,,,1,1,1,2,0,,,,1,3,1,2,0,,,,3,2,2,2,6,1,0,,0,,0,,0,,5,2,3,1,1,4,4,1,3,1,0,,0,,0,,3,1,3,1,0,0,0,0,0,0,0,0,0,0,0,0,0,0,0,0,0,0,,,0,,1,3,4,1,5,1,2,3,1,0,,6,2,3,2,4,2,3,2,4,3,2,2,2,0,,6,2,0,,1,1,5,2,3,1,1,5,1,6,2,3,3,2,3,3,2,3,2,1,2,1,2,0,,5,2,5,1,2,0,,,,,,,,7,2,3,3,2,2,1,2,5,1,5,4,4,2,1,1,0,,7,2,0,,3,2,3,2,1,0,,,0,,,,1,2,6,1,2,2,1,2,2,1,1,0,,,0,,0,,1,2,2,3,2,0,,0,,0,,,,,0,,3,1,5,1,0,,5,2,2,3,1,2,3,2,3,2,0,,0,,3,2,2,1,0,0,1,0,0,0,0,0,0,,1,1,0,2,1,1,2,1,3,2,4,0,,1,2,2,2,5,2,1,3,2,1,4,2,0,,2,2,0,,0,,,0,,3,2,1,0,,4,2,1,3,2,5,2,6,2,0,,0,,1,2,5,1,4,2,6,2,6,2,0,,,,,,0,,2,1,4,1,0,,0,,,,,,0,,,,,,,,,0,,1,2,1,2,1,1,1,1,0,,1,1,2,1,0,0,0,0,0,0,0,0,0,0,0,0,0,0,0,0,0,0,0,0,0,1,0,0,0,0,0,0,0,,,,0,,,,,,,,,,,,,,,,,,,0,0,0,0,0,0,0,0,0,0,0,0,0,0,0,0,0,0,0,0,0,0,0,0,0,0,0,0,0,0,2,6,3,2,0,0,0,0,0,0,0,0,0,0,0,0,0,0,0,,,,,,,,0
02ADL0273,480,1956,8/7/2018 11:02,8/7/2018,1,2,0,,0,,1,1,1,1,1,1,1,1,1,0,,,0,,,0,,1,7,7,1,1,2,0,,,,0,,,,1,2,1,1,1,7,7,1,5,5,1,4,1,2,1,1,4,4,1,1,7,1,1,1,5,1,0,,,0,,5,1,2,1,6,1,7,1,1,4,0,1,3,1,1,9,0,1,1,9,0,1,1,9,6,1,1,5,0,1,0,,,,0,,9,2,2,1,1,1,6,2,4,2,5,1,5,1,0,,1,4,4,1,4,2,3,2,1,1,1,1,1,1,6,2,6,0,1,0,0,0,1,0,0,0,4,0,1,0,0,0,0,0,1,1,4,2,1,7,5,1,6,2,3,6,1,2,1,5,2,0,,7,2,1,,1,3,1,1,,2,2,6,2,1,1,3,2,3,2,3,2,5,3,1,6,2,1,2,2,1,1,1,5,2,4,2,1,1,0,,4,1,4,2,1,2,3,2,1,5,2,2,2,9,2,5,2,2,1,2,2,9,1,3,1,2,2,1,,7,2,4,2,0,,4,2,4,2,1,3,2,1,5,2,5,5,0,,3,1,2,3,1,3,1,4,2,1,2,1,1,1,4,2,5,2,5,5,1,0,,3,1,6,2,2,4,1,1,2,5,2,5,1,0,,1,2,1,2,2,2,3,2,3,2,5,2,2,2,0,,10,0,1,0,1,0,1,0,0,0,0,,1,4,3,2,1,2,2,2,5,2,5,9,2,1,2,0,,1,2,1,1,2,1,0,,1,2,7,1,1,2,6,2,2,1,2,4,2,1,0,,2,2,2,9,2,6,2,4,2,4,2,5,2,2,1,4,2,1,1,7,2,2,2,2,1,1,5,2,1,7,1,0,,,,6,5,1,4,2,1,,,1,1,,,3,2,3,3,1,9,2,0,,1,1,1,1,1,3,1,3,1,1,5,5,0,0,0,0,0,0,0,0,0,0,0,0,0,0,0,0,0,0,0,0,0,1,0,0,0,0,0,0,1,5,2,3,1,1,1,1,2,0,,,,,,0,,0,,,0,,,0,0,0,0,0,0,0,0,0,0,0,0,0,0,0,0,1,0,0,0,0,0,1,0,0,0,0,0,0,1,2,6,5,2,0,0,0,0,0,0,0,0,0,0,0,0,0,0,0,,,,,,,,0
02ADL0274,483,1946,8/9/2018 9:44,8/9/2018,12,2,0,,0,,0,,,0,,,2,2,5,1,2,3,0,,,2,2,0,,,,,,0,,,,0,,,,0,,,,1,7,7,2,2,1,5,0,,0,,1,4,4,1,1,1,1,1,2,3,1,1,3,1,0,,4,2,0,,5,1,0,,1,5,0,2,3,1,1,1,0,1,0,,,,1,6,0,2,1,9,0,2,0,,,,0,,9,1,5,2,0,,6,3,1,2,9,2,7,2,6,2,0,,,,6,2,6,2,3,2,0,,5,2,10,2,6,0,0,0,1,0,0,1,0,0,5,0,0,0,1,0,0,0,,1,6,2,1,9,9,3,6,3,4,6,1,5,1,1,1,1,2,1,2,1,,1,1,,1,,0,,0,,1,1,1,3,1,1,7,1,1,10,2,1,1,1,1,2,1,1,1,1,,0,,,,0,,0,,,,,0,,,,,,,,2,1,1,1,,,1,1,1,1,1,1,1,1,2,1,1,1,6,2,1,2,1,2,0,,,1,2,5,5,2,5,1,0,,2,2,2,1,1,2,5,3,1,0,,,1,1,1,2,1,1,5,1,1,0,,1,1,1,1,1,5,1,0,,1,2,0,,1,1,2,1,3,1,1,5,2,2,2,2,5,2,0,,3,2,2,0,0,0,1,0,0,0,0,0,0,,1,2,1,2,3,1,3,1,1,2,3,2,1,1,1,0,,2,1,5,2,1,5,1,1,0,,9,1,0,,9,1,5,9,2,1,1,5,0,,1,1,5,1,1,1,1,0,,0,,0,,,,,,,,1,1,1,1,7,1,2,4,1,1,7,5,6,1,1,,0,,0,,,,,,1,3,1,4,1,,1,,,1,1,0,,1,5,1,5,0,,0,,1,5,8,2,1,0,0,0,0,0,0,0,0,0,0,0,0,0,0,0,0,0,0,0,0,0,0,0,0,0,0,0,0,,,,0,,,,,,,,,,,,,,,,,,,0,0,0,0,0,0,0,0,0,0,0,0,0,0,0,0,0,0,0,0,0,0,0,0,0,0,0,0,0,0,2,4,2,2,0,0,0,0,0,0,0,0,0,0,0,0,0,0,0,,,,,,,,0
02ADL0275,485,1951,8/10/2018 13:14,8/10/2018,1,1,0,,4,3,4,3,5,3,3,5,9,3,1,3,3,1,2,3,1,6,3,1,2,2,3,1,1,1,2,2,3,0,,,,1,2,2,2,1,7,7,2,3,1,3,2,3,2,3,1,3,3,3,5,2,3,1,1,5,1,1,1,3,2,3,9,2,1,2,9,2,2,3,1,8,2,3,7,3,1,4,2,3,1,4,2,3,1,4,2,3,1,8,2,3,1,1,1,3,2,3,8,3,0,,4,3,4,3,2,3,3,3,3,3,3,3,1,4,4,3,4,3,4,3,1,1,2,3,4,3,7,3,4,0,1,1,1,0,0,1,0,0,4,0,1,0,1,1,1,1,2,3,4,3,1,10,4,3,4,3,5,4,3,4,3,4,3,4,3,4,3,5,3,1,5,3,5,3,4,3,7,2,1,3,1,3,4,3,4,3,1,7,3,7,3,5,1,3,1,5,4,5,3,2,3,4,3,4,3,4,3,5,1,5,1,5,3,1,5,4,4,3,5,3,3,5,3,1,5,4,4,3,3,1,5,4,1,3,4,3,4,3,4,3,4,3,0,,,1,3,1,4,3,3,5,0,,4,3,2,4,4,2,1,4,3,2,3,1,4,3,4,3,4,3,1,3,2,2,3,4,3,4,3,3,2,5,4,3,4,3,4,3,0,,4,3,1,4,2,1,4,3,4,3,2,3,4,3,4,3,6,0,1,1,1,0,0,1,1,0,0,,1,2,2,3,3,1,5,1,4,3,5,6,3,2,3,2,3,4,3,2,4,3,2,4,2,2,2,7,3,2,3,4,3,,2,1,4,3,1,2,3,2,3,1,2,3,4,3,4,3,4,3,1,3,2,3,5,1,1,2,4,3,4,2,4,3,1,5,5,3,2,1,8,5,2,1,0,,1,5,2,1,,,1,4,2,1,2,3,1,,,2,2,0,,1,1,1,1,1,1,1,1,1,1,3,5,0,0,0,0,0,0,0,0,1,1,0,0,1,1,1,0,0,0,0,0,0,0,0,0,0,0,0,0,1,5,2,4,1,2,4,2,4,2,5,2,2,2,4,5,1,5,6,4,5,5,4,0,1,1,0,0,0,0,1,0,0,0,1,1,1,0,1,1,0,1,1,1,1,1,0,1,1,0,0,1,0,3,8,6,2,0,0,0,0,0,0,0,0,0,0,0,0,0,0,0,,,,,,,,0
02ADL0276,486,1978,8/13/2018 9:15,8/13/2018,8,2,0,,0,,1,2,5,2,2,5,6,2,3,1,1,1,0,,,2,2,1,2,1,1,2,5,1,1,1,1,0,,,,0,,,,1,7,7,2,3,1,5,0,,0,,1,7,1,2,1,0,,,,,,,,,0,,6,2,0,,1,2,0,,1,1,1,2,1,2,0,,,,1,1,1,2,1,1,1,2,0,,,,0,,,,1,3,1,2,7,2,1,2,1,1,0,,1,2,3,2,0,,1,0,1,1,1,1,1,1,1,2,0,,1,2,5,1,6,0,1,0,1,0,0,1,0,0,0,0,0,0,0,0,0,0,,,4,2,1,4,4,1,3,2,4,3,2,0,,4,2,1,1,1,1,1,1,2,3,2,1,2,1,2,1,2,1,1,1,1,1,2,4,2,1,6,2,6,1,1,1,2,1,1,1,3,2,1,2,1,1,0,,1,1,5,1,1,0,,,,,,,,4,2,5,5,1,1,2,3,1,1,4,1,1,2,1,1,1,2,1,2,0,,4,1,4,1,1,1,1,1,0,,,,1,1,1,1,2,1,0,,,1,1,1,2,1,0,,0,,0,,,1,1,0,,1,1,4,2,2,4,4,0,,1,1,3,2,1,2,4,3,2,1,1,1,1,2,3,2,1,2,1,2,1,2,6,0,1,0,1,0,0,1,0,0,0,,1,1,1,2,1,4,2,1,3,2,5,1,2,1,1,1,1,4,2,2,3,2,1,0,,0,,0,,0,,1,2,5,0,,4,1,2,0,,1,1,2,1,1,1,1,1,1,0,,0,,0,,,,,,1,1,1,1,1,1,2,5,1,2,1,5,1,5,1,1,0,,1,5,3,1,,,1,5,3,,5,3,1,,,0,,,,1,2,1,5,1,5,0,,1,3,6,2,0,0,0,0,0,0,0,0,0,0,0,0,0,0,0,0,0,0,0,0,0,1,0,0,0,0,0,0,0,,,,0,,,,,,,,,,,,,,,,,,,0,0,0,0,0,0,0,0,0,0,0,0,0,0,0,0,0,0,0,0,0,0,0,0,0,0,0,0,0,0,3,3,5,2,0,0,0,0,0,0,0,0,0,0,0,0,0,0,0,,,,,,,,0
02ADL0277,487,1955,8/13/2018 10:34,8/13/2018,3,2,0,,0,,3,2,5,2,1,5,4,1,1,4,2,2,1,1,1,0,,1,4,3,2,1,1,0,,,,0,,,,0,,,,1,7,4,1,1,1,1,1,1,0,,1,1,1,1,2,6,1,1,1,3,2,1,2,2,1,1,6,2,0,,6,2,5,1,1,3,1,1,7,2,1,3,1,2,1,1,1,2,1,6,1,2,1,6,2,2,0,,,,6,2,6,2,1,2,3,1,1,2,1,2,1,1,1,1,1,1,1,1,3,1,1,1,0,,0,,0,,1,,8,1,1,0,0,0,1,0,0,0,0,0,1,0,0,0,1,0,0,0,1,1,7,1,1,2,6,2,6,2,2,6,1,1,1,1,1,1,1,1,1,2,1,3,2,2,3,1,1,2,6,2,0,,0,,1,,1,1,1,7,1,8,1,1,1,2,2,2,2,4,2,1,2,1,2,1,1,2,2,,,,1,1,1,2,3,2,2,1,7,1,5,2,1,2,2,1,0,,,,,,,,6,2,6,2,1,2,4,2,1,2,1,1,2,1,1,1,5,2,1,2,1,1,1,1,4,1,1,,,1,1,1,0,,1,1,1,2,1,1,1,0,,7,1,5,1,2,1,2,0,,1,1,6,2,1,2,1,2,1,,,,3,2,4,2,1,2,0,,1,2,6,0,0,0,1,0,0,0,0,0,0,,1,0,1,2,1,2,1,2,1,2,2,1,,1,1,3,1,1,1,1,1,1,1,5,1,1,2,7,1,0,,0,,,0,,1,1,1,0,,5,2,1,5,1,7,2,1,1,0,,0,,1,2,2,1,1,1,7,1,8,1,5,1,1,5,3,1,0,,5,1,2,1,3,1,1,3,2,1,,,0,,,,,,,,,0,,0,,0,,0,,1,3,0,,1,2,1,4,0,0,0,0,0,0,0,1,0,0,0,0,0,0,0,0,0,0,0,0,0,0,0,0,0,0,0,0,0,,,,0,,,,,,,,,,,,,,,,,,,0,0,0,0,0,0,0,0,0,0,0,0,0,0,0,0,0,0,0,0,0,0,0,0,0,0,0,0,0,0,2,4,3,2,0,0,0,0,0,0,0,0,0,0,0,0,0,0,0,,,,,,,,0
02ADL0278,488,1977,8/14/2018 8:07,8/14/2018,8,2,1,2,2,2,3,2,0,2,2,1,0,,,3,2,7,0,,,0,,0,,,,,,0,,,,0,,,,1,3,2,2,1,9,9,2,5,1,2,2,1,0,,1,6,5,2,1,0,,,,,,,,,0,,6,2,3,2,7,2,5,1,1,5,4,2,5,2,1,4,4,2,1,6,4,2,1,7,5,3,1,6,5,2,1,3,3,3,4,3,8,3,6,3,6,2,2,2,1,2,7,3,6,3,5,3,1,6,4,3,5,3,2,3,4,3,4,3,7,3,8,3,4,0,0,0,1,0,0,0,1,0,0,0,0,0,0,0,0,0,,,4,3,1,7,6,3,7,3,5,0,,3,3,1,2,1,2,4,3,2,1,1,1,1,1,1,6,2,0,,0,,0,,6,3,7,3,3,7,3,7,3,3,4,2,1,1,1,1,1,2,3,2,3,1,3,4,3,2,4,3,0,,,,,,,,4,2,2,1,1,1,1,1,6,2,1,1,1,1,1,,4,2,6,3,1,2,3,2,1,2,4,1,2,4,3,3,2,1,1,2,1,2,2,1,4,2,4,5,3,1,3,2,1,3,1,3,4,3,4,1,2,0,,1,3,5,2,2,2,2,1,2,1,2,0,,0,,4,2,3,,,,4,3,4,3,3,3,0,,3,3,8,0,0,0,1,0,0,0,1,0,0,,1,6,5,2,2,1,3,3,3,2,3,5,2,2,3,,,4,1,,4,2,2,1,1,0,,7,1,0,,6,1,3,0,,7,3,5,1,2,4,2,1,3,2,3,2,1,1,3,2,0,,1,2,2,1,1,2,0,,0,,7,2,1,5,4,1,4,1,2,4,1,1,4,1,1,4,2,1,,,0,,,,,,,,,,,,,1,1,0,,0,,0,,0,,4,4,1,0,0,0,1,0,0,0,1,0,1,0,1,1,1,1,0,0,0,1,0,0,0,0,0,0,0,0,1,5,2,3,1,0,,,,0,,,,,,5,1,3,1,1,0,,,0,1,0,0,0,0,0,0,0,0,0,0,0,0,0,0,0,0,1,0,0,0,0,0,1,0,0,0,0,0,1,4,5,2,0,0,0,0,0,0,0,0,0,0,0,0,0,0,0,,,,,,,,0
02ADL0279,490,1985,8/16/2018 9:42,8/16/2018,12,1,0,,0,,3,3,1,3,3,2,3,3,3,2,,1,0,,,2,3,1,4,4,3,1,1,1,2,2,2,0,,,,0,,,,1,8,8,2,5,1,3,0,,1,2,1,3,3,2,5,10,3,2,1,2,4,1,1,2,0,,1,2,0,,4,2,3,1,1,1,1,2,2,2,0,,,,1,1,1,3,0,,,,1,1,1,2,0,,,,1,1,1,1,0,,0,,0,,0,,0,,3,2,0,,1,1,1,1,3,2,0,,0,,0,,0,,2,2,0,0,0,0,0,0,0,0,0,0,0,0,0,0,0,0,0,0,,,3,3,0,,,,4,2,4,6,1,1,2,6,3,1,2,2,3,2,1,5,5,2,5,2,0,,7,1,0,,1,2,5,3,2,2,2,5,2,0,,,1,2,5,5,2,5,1,3,2,3,2,0,,1,2,2,1,5,1,2,3,1,5,2,5,2,6,2,5,5,2,1,2,2,7,2,5,1,2,2,1,1,1,2,1,1,1,2,1,2,1,2,1,1,2,1,1,2,4,5,1,2,6,2,2,5,2,2,2,2,2,4,2,1,1,2,1,2,3,3,2,1,2,0,,2,2,5,2,2,4,4,1,2,1,2,3,2,0,,0,,,2,1,2,2,2,2,2,1,,2,2,1,2,1,0,0,0,0,1,1,0,0,0,0,,0,,,,,,,,5,3,5,0,,0,,0,,1,2,2,0,,,0,,0,,3,2,1,2,0,,,0,,7,2,1,0,,5,3,1,1,2,5,2,3,2,3,2,0,,3,1,1,1,1,5,5,2,5,2,1,2,1,5,1,1,1,1,1,1,1,1,0,,1,5,2,1,,,1,5,2,3,5,2,2,2,1,2,2,0,,1,1,1,1,1,1,1,1,1,1,2,2,0,0,0,0,0,0,0,0,0,0,0,0,0,0,0,0,0,0,0,0,0,1,0,0,0,0,0,0,0,,,,1,0,,,,0,,,,,,0,,2,2,1,2,1,1,0,0,0,0,0,0,0,0,0,0,0,0,0,0,0,0,0,0,0,0,0,0,0,0,0,0,0,0,0,0,1,5,4,2,0,0,0,0,0,0,0,0,0,0,0,0,0,0,0,,,,,,,,0
02ADL0280,491,1964,8/20/2018 8:55,8/20/2018,11,1,1,2,3,2,3,2,1,0,,,0,,,0,,,0,,,0,,1,3,2,2,5,5,1,3,1,2,0,,,,0,,,,1,7,7,2,3,1,5,1,1,1,1,1,5,5,2,2,5,2,1,1,5,1,0,7,2,0,,6,2,0,,6,2,0,,1,4,4,2,5,2,1,6,4,2,1,6,5,2,0,,,,1,6,5,2,0,,,,0,,5,2,4,2,3,2,4,3,0,,0,,3,3,4,2,1,4,4,,4,2,0,,0,,0,,0,,9,2,2,1,0,0,1,1,0,0,0,0,0,0,0,0,0,0,0,0,,,7,2,1,5,5,2,1,2,4,4,1,4,2,5,2,3,2,0,,,,,,,,,4,2,5,2,1,2,3,3,4,2,4,2,1,5,2,8,2,1,2,2,1,1,1,3,1,0,,0,,1,2,4,2,3,3,1,1,3,2,1,1,1,1,1,7,2,2,2,1,1,1,1,1,1,1,1,1,2,1,1,3,2,8,2,1,2,5,2,0,,,0,,,4,2,5,3,3,2,5,2,2,1,2,2,3,3,2,3,2,5,3,2,3,2,0,,,1,2,3,2,3,2,4,3,3,5,1,0,,1,2,4,2,0,,1,1,3,4,2,4,3,2,4,2,4,2,2,3,5,2,5,1,0,0,1,0,0,0,0,0,4,2,1,4,4,3,3,1,2,3,4,2,3,4,2,3,2,4,2,6,2,2,4,2,1,3,2,1,2,7,3,2,2,0,,,0,,2,1,3,2,2,2,2,3,4,1,4,3,4,2,4,2,1,2,4,1,2,2,3,1,4,2,4,2,6,3,4,2,3,2,3,5,4,5,1,2,4,5,1,1,1,5,3,2,1,4,2,3,3,1,1,,,3,2,1,4,1,3,1,4,0,,0,,1,3,6,5,0,0,1,0,0,0,0,0,1,0,0,1,0,0,0,0,0,0,0,0,0,0,0,0,0,0,0,0,1,3,2,4,0,,,,,,,,,,,,,,,,,,,0,0,0,0,0,0,0,0,0,0,0,0,0,0,0,0,0,0,0,0,0,0,0,0,0,0,0,0,0,0,2,3,5,2,0,0,0,0,0,0,0,0,0,0,0,0,0,0,0,,,,,,,,0
02ADL0281,492,1949,8/20/2018 11:24,8/20/2018,1,2,2,2,1,1,1,1,0,3,2,1,0,,,0,,,0,,,0,,1,3,2,1,1,1,0,,,,0,,,,1,2,2,1,1,8,8,2,2,1,2,2,1,1,1,1,4,4,2,1,4,2,1,1,2,1,0,6,2,3,1,4,2,1,2,7,2,4,2,1,7,4,2,4,2,1,4,4,2,1,4,1,2,1,7,5,3,1,6,5,2,0,,,,6,2,6,2,5,2,8,2,4,2,4,2,4,3,4,2,4,2,1,5,4,2,4,2,4,2,4,2,1,2,1,2,8,2,3,0,0,0,0,0,0,1,0,0,0,0,0,0,0,0,0,0,,,5,1,1,8,8,3,7,3,5,1,1,4,3,5,2,4,2,4,3,2,2,1,3,2,1,1,4,3,1,2,1,2,1,2,1,2,2,2,2,2,2,4,2,1,1,1,1,2,3,3,2,1,2,2,2,1,2,4,2,3,3,2,1,3,2,1,1,1,3,2,4,2,3,2,1,1,1,,4,1,3,1,2,2,1,1,1,1,1,2,1,2,1,2,0,,,1,2,2,1,2,5,3,1,2,1,2,2,2,1,2,3,1,2,1,2,3,1,2,1,2,1,2,4,0,,1,2,1,2,2,2,2,5,2,0,,0,,3,2,0,,0,,,1,2,5,3,2,2,2,3,2,2,2,3,2,1,0,0,0,1,0,0,0,0,0,1,2,1,3,2,2,1,1,2,2,1,2,1,2,2,1,2,1,2,5,2,2,3,2,2,4,2,1,2,4,2,2,2,3,2,3,0,,5,2,2,2,2,0,,,3,2,3,2,3,2,3,2,2,2,2,2,4,2,2,2,5,2,5,2,4,2,2,2,3,1,0,,3,2,,1,4,5,1,4,2,1,,,0,,,,,,,,,3,2,0,,1,2,1,2,1,1,0,,1,5,4,4,1,0,0,0,0,0,0,1,0,0,0,0,1,0,1,0,0,0,0,0,0,0,0,0,0,0,0,0,0,,,,0,,,,,,,,,,,,,,,,,,,0,0,0,0,0,0,0,0,0,0,0,0,0,0,0,0,0,0,0,0,0,0,0,0,0,0,0,0,0,0,2,2,2,2,0,0,0,0,0,0,0,0,0,0,0,0,0,0,0,,,,,,,,0
02ADL0282,493,1969,8/22/2018 7:05,8/22/2018,8,2,0,,0,,0,,,0,,,2,1,5,0,,,0,,,0,,1,6,6,2,5,1,1,6,6,2,0,,,,0,,,,1,8,8,2,5,1,3,1,2,1,2,1,1,1,2,1,0,,,,,,,,,0,,1,2,0,,9,2,1,2,0,,,,1,2,1,2,1,2,1,1,1,2,1,2,1,2,0,,,,1,1,1,2,1,2,2,2,10,2,10,2,0,,1,2,1,2,0,,0,,0,,,,6,2,8,2,1,2,1,2,1,2,7,2,4,0,0,0,1,0,0,1,0,0,0,0,0,0,0,0,0,0,,,6,2,1,4,2,2,7,2,4,1,2,10,3,0,,1,2,0,,,,,,,,,4,2,0,,0,,0,,0,,0,,,9,2,0,,,0,,,,,,,0,,0,,0,,0,,,,,0,,,,,,,,0,,,,,,,,0,,,,,,,,0,,9,2,0,,1,2,0,,,0,,,4,2,5,5,4,2,0,,,,6,2,5,0,,0,,,0,,1,2,3,2,5,0,,1,2,1,2,4,2,1,3,1,0,,1,2,0,,0,,3,2,5,1,2,5,1,2,1,2,6,2,0,,1,2,1,0,0,0,1,0,0,1,0,0,0,,0,,,,,,,,0,,,0,,0,,0,,0,,,0,,,0,,0,,7,1,4,2,0,,,0,,0,,,0,,0,,,0,,0,,0,,1,2,0,,0,,,,,,1,1,0,,10,2,1,5,1,2,7,1,2,1,5,2,2,2,0,,,,,,1,5,2,3,2,2,1,,,0,,0,,0,,1,5,0,,0,,1,5,6,6,1,0,0,0,0,0,0,0,0,0,0,0,1,0,0,0,0,0,0,0,0,0,0,0,0,0,0,0,0,,,,1,2,2,2,2,0,,,,,,1,1,5,3,2,0,,,0,0,0,0,0,0,0,0,0,0,1,0,0,0,0,0,0,0,0,0,0,0,0,0,0,0,0,1,0,0,1,4,1,2,0,0,0,0,0,0,0,0,0,0,0,0,0,0,0,,,,,,,,0
02ADL0283,495,1988,8/28/2018 7:51,8/28/2018,3,2,0,,1,1,1,1,1,1,1,1,1,1,1,2,2,1,0,,,0,,1,7,7,2,1,1,1,3,3,2,1,6,6,2,1,2,2,2,1,2,1,1,2,1,5,2,2,4,2,0,,,,,1,2,1,1,1,5,1,1,2,0,,1,2,0,,0,,0,,0,,,,0,,0,,,,0,,,,0,,,,0,,,,0,,,,0,,0,,0,,0,,0,,0,,9,3,0,,0,,1,1,1,1,1,1,0,,0,,0,,0,,0,,0,0,0,0,0,0,0,0,0,0,0,0,0,0,0,0,0,0,,,0,,0,,,,1,2,2,1,2,0,,6,2,0,,2,2,1,1,3,3,2,5,2,0,,1,2,0,,0,,1,2,0,,,0,,1,2,5,1,2,3,3,3,5,2,1,2,8,2,0,,0,,,,,4,1,2,2,1,3,5,3,2,2,5,1,1,2,2,2,1,2,5,2,2,2,1,1,0,,2,2,0,,1,2,2,3,1,0,,,0,,,,1,1,4,2,2,5,0,,,1,1,1,2,1,0,,1,2,1,2,1,0,,0,,1,2,2,2,5,4,4,1,2,1,2,0,,0,,2,3,1,0,,,4,3,0,,1,2,0,,0,,7,1,1,0,0,0,0,0,0,0,0,,1,1,1,2,1,1,1,5,8,2,5,4,3,0,,4,2,10,3,1,6,3,1,9,2,8,2,4,1,0,,0,,,1,2,4,1,1,1,2,4,3,1,6,2,4,2,4,3,0,,0,,0,,,,,,8,1,8,2,1,2,1,5,2,1,7,1,0,,,,0,,0,,,,,,1,5,2,3,5,2,1,,,0,,1,1,1,1,0,,0,,1,1,1,1,1,1,0,0,1,0,1,0,0,1,0,0,0,0,0,0,0,0,0,0,0,0,0,0,0,0,0,0,0,0,0,,,,0,,,,,,,,,,,,,,,,,,,0,0,0,0,0,0,0,0,0,0,0,0,0,0,0,0,0,0,0,0,0,0,0,0,0,0,0,0,0,0,3,6,7,2,0,0,0,0,0,0,0,0,0,0,0,0,0,0,0,,,,,,,,0
02ADL0284,496,1951,8/29/2018 10:16,8/29/2018,3,1,0,,1,3,1,3,0,0,,,0,,,0,,,1,2,1,0,,1,2,0,1,1,2,0,,,,0,,,,0,,,,1,8,8,2,5,1,1,1,1,0,,1,6,1,3,5,0,,,,,,,,,0,,0,,0,,4,2,0,,1,7,0,2,1,3,1,6,0,3,1,7,0,3,1,1,0,3,1,2,0,2,0,,,,1,2,0,,1,2,1,3,1,1,1,2,1,2,1,2,2,3,1,1,3,2,4,2,4,3,1,2,1,2,2,2,4,2,5,0,1,0,1,0,0,0,0,0,0,0,0,0,0,0,0,0,,,1,2,1,2,3,3,3,2,3,3,2,1,3,1,1,0,,1,2,1,1,1,5,2,1,1,1,3,1,2,1,1,1,1,1,2,1,1,1,1,2,6,2,1,1,2,1,5,3,2,1,1,2,1,2,1,2,2,2,,,,2,2,2,1,5,2,1,1,4,3,5,1,1,1,2,2,1,2,5,1,4,3,1,1,2,2,1,2,1,2,2,2,1,1,2,0,,,1,2,5,1,1,2,1,1,2,1,1,2,5,2,2,1,2,1,1,2,1,2,2,2,5,1,2,1,2,1,2,2,2,2,2,1,1,2,1,2,1,1,1,2,1,1,1,1,1,1,1,2,2,2,1,2,0,,1,2,2,0,1,0,1,0,0,1,0,0,2,2,1,2,2,2,2,2,4,3,1,2,2,1,1,1,2,1,1,1,1,4,1,1,2,1,2,1,1,2,2,0,,2,2,3,0,,0,,,1,2,1,2,3,1,1,2,1,1,1,1,1,1,1,1,1,5,3,2,2,2,2,6,2,3,1,1,5,3,1,8,1,3,1,3,1,2,1,0,,,,,,1,5,2,2,1,,1,,,6,2,0,,1,3,0,,0,,0,,1,3,5,2,0,0,0,0,0,0,0,0,0,0,0,0,0,0,0,0,0,0,0,0,0,1,0,0,0,0,0,0,0,,,,0,,,,,,,,,,,,,,,,,,,0,0,0,0,0,0,0,0,0,0,0,0,0,0,0,0,0,0,0,0,0,0,0,0,0,0,0,0,0,0,2,8,,2,0,0,0,0,0,0,0,0,0,0,0,0,0,0,0,,,,,,,,0
02ADL0285,498,1991,9/11/2018 10:30,9/11/2018,7,2,1,2,1,1,1,1,0,1,1,1,0,,,2,2,3,1,2,3,0,,0,,,,,,1,4,1,1,0,,,,1,2,2,2,1,9,9,2,5,1,2,3,2,1,2,1,8,8,1,1,2,2,1,3,3,1,1,3,3,0,,7,2,1,2,5,2,3,2,1,6,0,2,4,2,1,4,0,2,1,6,1,2,1,7,1,2,1,6,2,2,1,5,0,3,4,3,6,2,3,2,3,3,1,2,1,2,4,2,1,2,1,2,1,3,3,2,6,2,3,3,4,3,3,2,6,3,4,2,6,0,0,0,1,0,0,0,0,0,3,0,0,0,1,0,0,0,,2,3,2,1,7,6,3,6,3,3,2,2,3,2,2,3,1,1,2,2,1,1,1,2,2,1,1,4,3,2,2,1,2,1,2,2,2,7,2,1,4,2,7,2,5,4,2,2,2,2,5,2,3,2,1,1,1,2,3,2,4,2,1,3,4,2,1,2,1,2,2,4,2,2,1,1,1,1,2,3,1,2,1,2,2,1,1,3,2,7,2,1,2,3,3,4,3,5,1,2,5,1,3,5,1,2,2,1,2,2,2,1,2,3,2,2,1,2,3,1,2,2,2,2,2,3,1,2,4,2,4,2,6,2,1,5,1,4,3,1,2,1,1,0,,1,2,1,1,1,1,1,1,1,2,2,2,1,2,1,2,4,0,0,0,1,0,1,0,0,0,0,,1,6,3,2,4,1,5,3,4,2,3,6,2,1,2,1,2,3,1,1,4,2,1,2,2,3,2,7,2,4,2,8,2,5,1,2,6,2,1,1,2,5,2,1,2,2,3,2,1,2,2,2,1,2,1,2,4,2,2,1,6,1,1,1,6,2,1,5,3,1,7,1,1,1,4,1,3,2,1,5,2,1,,,0,,,,,,,,,4,2,0,,1,1,0,,1,1,1,3,1,1,6,6,1,0,1,0,0,0,0,0,0,0,0,0,0,0,1,0,0,0,0,0,0,0,0,0,0,0,0,0,0,,,,0,,,,,,,,,,,,,,,,,,,0,0,0,0,0,0,0,0,0,0,0,0,0,0,0,0,0,0,0,0,0,0,0,0,0,0,0,0,0,0,1,5,4,2,0,0,0,0,0,0,0,0,0,0,0,0,0,0,0,,,,,,,,0
02ADL0286,499,1956,9/11/2018 11:36,9/11/2018,11,1,0,,2,1,2,1,1,2,1,2,2,1,3,6,3,2,0,,,4,2,1,2,2,2,2,2,0,,,,0,,,,0,,,,1,9,9,1,2,1,5,0,,0,,1,0,9,2,1,9,2,2,5,5,5,1,2,3,5,2,9,2,5,2,7,2,4,1,1,4,,1,7,3,1,1,1,2,1,9,4,3,1,5,5,3,1,6,7,2,0,,,,3,3,0,,7,3,6,2,0,,7,3,7,1,7,2,7,2,1,6,6,2,8,3,7,2,4,2,5,3,8,3,5,2,6,0,0,0,1,0,0,0,0,0,7,0,0,0,1,0,0,0,2,2,4,2,1,4,4,2,6,3,2,6,2,4,2,6,3,2,2,1,2,2,1,2,2,2,2,2,6,3,6,2,6,2,1,2,5,3,3,2,2,8,3,8,2,1,5,2,1,1,1,5,2,0,,5,2,5,2,4,3,2,5,1,6,5,2,1,1,1,1,1,8,2,3,3,2,2,1,3,8,2,1,1,1,1,1,1,2,1,9,2,0,,5,2,2,2,1,4,2,1,0,,,,7,2,5,3,2,1,2,3,5,5,2,0,,,0,,7,2,6,2,3,6,2,0,,4,3,6,2,,3,3,5,3,7,2,4,2,0,,0,,,0,,,3,2,3,2,6,2,7,2,0,,6,0,0,0,1,0,0,0,0,0,3,2,1,9,7,2,3,3,3,3,6,2,3,8,3,7,2,5,2,8,2,3,6,2,3,3,2,2,2,4,2,0,,6,2,3,0,,5,3,3,6,2,5,2,3,5,2,6,2,0,,0,,0,,5,2,3,3,3,3,0,,0,,9,1,,3,3,2,7,3,7,3,3,1,7,3,0,,,,,,0,,,,,,,,,0,,1,3,1,3,0,,0,,0,,1,3,6,6,0,0,0,1,0,0,0,0,1,0,0,0,0,0,0,0,1,0,1,0,0,0,0,0,0,0,0,0,0,,,,0,,,,,,,,,,,,,,,,,,,0,0,0,0,0,0,0,0,0,0,0,0,0,0,0,0,0,0,0,0,0,0,0,0,0,0,0,0,0,0,2,3,4,2,0,0,0,0,0,0,0,0,0,0,0,0,0,0,0,,,,,,,,0
02ADL0287,503,1975,9/17/2018 11:09,9/17/2018,9,2,0,,2,2,1,2,0,0,,,2,1,3,1,1,2,1,1,5,1,1,1,2,2,1,5,1,1,2,2,1,0,,,,1,1,1,2,1,8,8,2,3,1,1,1,2,0,,1,1,1,2,1,1,2,1,1,1,5,1,2,1,0,,1,2,0,,1,2,0,,1,1,1,1,4,1,1,1,0,1,1,1,0,1,1,2,1,3,1,1,0,2,0,,,,1,2,1,2,1,1,1,2,1,1,0,,1,2,4,1,0,,1,1,3,1,3,2,3,2,1,2,0,,3,2,3,2,4,0,0,0,1,0,0,0,0,0,3,1,0,0,1,0,0,0,1,2,4,2,1,4,4,3,4,2,5,4,2,2,2,5,1,1,2,1,2,1,1,3,3,1,3,2,2,3,4,2,1,2,1,2,4,2,4,2,5,1,2,3,2,1,1,2,1,1,1,5,2,1,2,1,1,2,2,2,2,,,,1,4,2,1,1,1,5,2,4,2,4,5,2,1,1,1,1,1,3,3,3,2,1,1,1,2,3,2,0,,2,2,2,2,3,0,,,2,2,5,2,0,,6,1,2,3,2,1,5,2,2,2,2,5,1,2,1,2,1,2,5,1,2,0,,2,2,5,2,2,2,3,1,2,3,2,3,2,0,,2,2,2,2,2,2,1,2,1,2,1,2,1,2,0,,6,0,0,0,0,0,1,1,0,0,0,,1,1,1,2,2,1,4,2,3,2,5,1,2,2,2,3,2,4,2,3,1,2,3,1,2,1,1,3,2,5,2,4,2,5,2,2,4,2,5,1,1,1,2,5,1,2,2,2,1,2,0,,2,2,1,2,2,1,2,2,4,2,4,2,6,2,2,4,3,2,7,1,4,1,5,1,1,1,1,5,2,5,3,2,1,5,2,4,5,2,2,2,2,1,2,1,4,0,,1,5,1,5,1,5,1,5,2,2,0,0,0,0,0,0,0,1,1,0,0,0,0,0,0,0,0,0,0,0,0,0,0,0,0,0,0,0,0,,,,1,0,,,,0,,,,,,0,,0,,,0,,,0,0,0,0,1,0,0,0,0,0,0,0,0,0,0,0,0,0,0,0,0,0,0,0,1,0,0,0,0,0,2,5,7,2,0,0,0,0,0,0,0,0,0,0,0,0,0,0,0,,,,,,,,0
02ADL0288,507,1988,10/1/2018 10:07,10/1/2018,8,1,0,,0,,8,2,5,8,3,5,7,2,2,3,2,2,3,2,1,0,,1,1,1,1,1,1,1,2,2,2,0,,,,1,2,2,1,1,8,8,3,3,1,5,3,2,2,1,1,1,6,3,5,6,2,1,4,4,4,1,5,2,4,3,10,3,10,3,10,3,10,3,1,10,10,3,10,2,0,,,,1,4,4,2,1,4,6,2,1,10,10,3,0,,,,7,2,7,3,7,3,4,3,0,,1,2,7,3,6,3,6,3,1,6,6,3,4,2,1,2,2,2,0,,7,3,4,1,7,1,1,0,1,0,0,1,0,0,2,0,0,0,1,1,0,0,2,3,2,1,0,,,,4,3,3,4,2,6,3,7,2,4,2,5,2,4,2,4,4,2,4,2,2,2,6,3,5,3,3,3,5,2,5,3,3,4,3,9,3,5,7,2,4,5,3,5,3,5,2,4,3,1,1,5,2,5,1,5,0,,,,,,,,9,2,5,5,2,2,4,2,8,2,4,2,3,3,1,1,7,2,7,2,3,2,5,3,5,3,3,5,2,3,4,3,5,5,2,2,2,2,2,4,5,2,5,5,2,2,2,5,2,2,2,2,1,3,5,2,2,2,2,2,2,7,3,3,4,1,2,2,2,2,2,2,0,,5,3,5,2,2,5,0,,0,,4,2,1,1,1,2,1,1,0,0,0,0,0,1,0,0,0,,1,1,1,2,1,1,1,2,2,2,5,4,2,7,2,2,2,9,2,1,6,2,2,0,,0,,6,2,0,,5,1,5,0,,0,,,2,2,6,2,3,2,1,1,2,2,2,0,,1,2,1,2,5,2,2,2,4,2,7,2,7,3,1,5,3,4,0,,8,4,2,1,1,1,1,5,2,1,,,0,,,,,,,,,7,2,1,3,1,3,1,3,0,,1,2,1,3,3,7,0,0,0,0,0,0,0,0,0,0,0,0,0,0,0,0,0,0,0,0,0,1,0,0,0,0,0,0,0,,,,0,,,,,,,,,,,,,,,,,,,0,0,0,0,0,0,0,0,0,0,0,0,0,0,0,0,0,0,0,0,0,0,0,0,0,0,0,0,0,0,1,4,4,2,0,0,0,0,0,0,0,0,0,0,0,0,0,0,0,,,,,,,,0
02ADL0289,508,1972,10/2/2018 7:17,10/2/2018,5,1,0,,0,,1,2,1,0,,,0,,,0,,,0,,,0,,0,,,,,,0,,,,0,,,,1,1,1,2,1,9,9,2,2,1,5,0,,1,2,0,,,,,0,,,,,,,,,0,,1,2,1,2,1,2,0,,0,,,,5,2,1,1,0,2,1,2,0,3,1,2,1,2,1,2,0,2,0,,,,1,2,2,2,2,2,7,3,1,2,3,3,4,3,4,3,4,3,1,1,3,2,5,3,4,3,4,3,4,3,4,3,7,2,9,0,1,0,1,0,0,1,0,0,1,0,1,0,1,0,0,0,2,2,3,2,1,7,7,3,7,3,5,7,2,1,2,1,2,1,2,1,2,3,2,1,5,2,4,2,3,2,3,2,0,,1,2,1,2,4,3,4,7,3,0,,,0,,,,,,,0,,0,,0,,0,,,,,0,,,,,,,,0,,,,,,,,0,,,,,,,,0,,2,3,0,,1,2,1,2,1,0,,,0,,,,0,,0,,,,0,,,1,2,0,,,1,2,2,3,2,3,1,2,2,1,2,2,2,2,2,1,1,3,1,3,2,2,0,,0,,6,2,1,2,2,1,0,,1,3,7,2,0,,2,2,9,0,1,0,1,0,0,1,0,0,0,,0,,,,,,,,0,,,0,,0,,0,,0,,,1,2,1,1,2,0,,9,2,0,,1,2,1,1,2,9,2,1,0,,0,,,0,,1,2,0,,0,,0,,0,,,,,,1,2,0,,8,2,1,5,3,1,7,1,0,,,,0,,0,,,,,,0,,,,,,,,,0,,0,,1,1,1,1,1,1,1,1,1,1,7,2,1,0,0,0,0,0,0,0,1,0,0,0,1,0,1,0,0,0,0,0,0,0,0,0,0,0,0,0,0,,,,1,0,,,,0,,,,,,0,,5,2,1,0,,,0,0,1,0,0,0,0,0,0,0,1,0,0,0,0,0,1,0,0,0,0,0,0,0,0,0,0,0,0,0,1,5,7,2,0,0,0,0,0,0,0,0,0,0,0,0,0,0,0,,,,,,,,0
02ADL0290,509,1996,10/2/2018 11:08,10/2/2018,8,2,0,,1,2,2,3,4,2,3,4,2,2,3,6,3,2,1,2,5,0,,1,4,2,2,2,1,0,,,,0,,,,1,1,1,2,1,9,8,2,4,1,2,1,1,1,3,0,,,,,1,3,1,1,5,1,1,2,3,2,3,6,3,1,2,0,,4,2,1,4,1,2,4,3,0,,,,1,1,0,3,1,3,1,3,1,7,6,2,0,,,,3,3,3,3,6,2,5,2,0,,2,3,7,3,4,3,10,2,1,1,1,3,5,3,3,3,3,3,3,3,10,1,7,3,5,0,1,1,1,0,1,0,0,0,1,0,1,0,0,1,1,0,1,2,3,3,1,3,1,2,5,3,4,3,2,4,3,4,3,2,2,4,3,1,1,1,5,2,2,2,4,3,5,2,3,2,1,3,5,2,4,2,2,4,3,8,2,1,4,2,1,1,1,1,2,3,2,2,3,2,3,4,2,2,3,2,2,1,3,1,5,2,2,2,4,2,4,4,2,,1,1,4,2,3,1,3,2,1,1,4,2,6,3,2,2,1,2,2,2,4,1,2,4,4,2,5,3,3,2,3,3,3,5,3,2,1,2,2,2,2,5,3,3,1,2,4,2,3,1,2,1,3,4,2,4,2,2,2,4,2,2,3,3,1,2,0,,4,3,1,1,2,2,1,2,3,3,3,3,1,2,2,3,7,0,1,0,1,0,0,0,0,0,2,2,1,8,7,2,2,2,2,5,3,3,2,2,3,2,3,4,3,3,3,2,3,3,3,3,2,2,3,5,2,3,2,3,2,4,0,,5,2,1,2,2,3,3,1,1,2,2,2,3,2,2,2,1,2,1,2,3,2,2,1,3,2,3,2,7,1,1,5,2,1,3,1,1,5,3,1,3,3,1,5,2,1,,,0,,,,,,,,,2,2,1,3,1,1,1,5,1,5,1,4,1,4,4,3,0,0,0,0,0,0,0,0,1,0,0,0,0,0,0,0,0,0,0,1,0,0,0,0,0,0,0,0,0,,,,0,,,,,,,,,,,,,,,,,,,0,0,0,0,0,0,0,0,0,0,0,0,0,0,0,0,0,0,0,0,0,0,0,0,0,0,0,0,0,0,3,6,7,2,0,0,0,0,0,0,0,0,0,0,0,0,0,0,0,,,,,,,,0
02ADL0291,510,1975,10/3/2018 9:52,10/3/2018,12,2,1,1,1,1,1,1,2,1,1,2,1,1,2,0,,,0,,,6,2,0,,,,,,1,1,0,2,0,,,,0,,,,1,9,9,3,5,1,5,0,,0,,1,1,1,1,5,1,1,1,1,1,1,0,7,1,1,1,3,2,3,1,3,1,5,1,1,1,1,1,3,1,1,1,0,1,1,1,0,1,1,1,0,1,1,1,0,1,0,,,,1,1,1,2,1,1,2,1,1,1,2,1,1,1,1,1,2,1,0,,,,1,1,1,1,1,1,2,1,0,,5,1,5,0,1,1,1,0,0,0,1,0,3,0,1,0,0,0,0,0,1,1,5,1,1,3,3,1,3,2,5,1,1,3,1,3,1,1,1,1,1,2,1,1,2,1,1,1,1,1,1,1,1,1,2,2,0,,2,1,5,9,1,1,1,5,2,1,1,1,1,1,1,0,,1,1,0,,0,,,,,0,,,,,,,,1,1,1,2,1,1,2,2,0,,,,,,,,1,1,3,2,0,,4,2,0,,,1,2,3,1,1,5,2,2,1,1,1,1,2,1,1,5,1,1,0,,,1,1,1,1,1,1,5,2,1,1,1,2,1,2,1,1,3,1,1,1,2,1,2,1,1,1,3,1,1,3,1,5,0,,1,1,4,2,0,,3,2,4,0,1,1,1,0,0,0,1,0,0,,1,1,1,1,3,2,2,3,1,1,5,1,1,1,1,1,1,1,1,3,1,1,3,1,1,0,,7,2,6,2,6,1,1,1,1,5,2,1,0,,1,1,1,1,1,1,1,0,,0,,0,,0,,,,,,5,1,1,1,7,1,1,5,5,1,1,5,0,,,,0,,1,5,1,1,,,0,,,,,,,,,1,1,0,,1,1,1,1,1,1,1,1,1,1,6,3,1,0,0,0,0,0,0,0,0,0,0,0,1,0,1,0,0,0,0,0,0,0,0,0,0,0,0,0,1,5,2,2,1,0,,,,3,4,1,2,1,2,0,,1,3,1,1,1,1,0,0,0,0,0,1,0,0,0,0,0,0,0,0,1,0,1,0,0,0,0,0,0,0,1,0,0,0,0,0,1,2,5,2,0,0,0,0,0,0,0,0,0,0,0,0,0,0,0,,,,,,,,0
02ADL0292,511,1980,10/11/2018 10:33,10/11/2018,3,1,1,1,1,1,4,2,5,2,3,2,2,2,1,4,2,1,3,2,5,2,3,1,1,1,2,1,3,1,3,3,1,1,2,2,2,1,4,4,3,1,8,7,2,5,2,4,2,3,3,3,1,7,7,2,1,2,2,3,1,2,2,1,1,2,5,2,1,1,1,2,6,2,1,1,1,1,1,2,3,1,1,1,1,2,1,1,1,2,1,1,1,2,1,1,1,2,0,,,,4,2,2,2,2,2,2,2,1,1,2,2,2,2,4,2,1,2,1,2,2,2,4,2,3,2,2,2,0,,2,2,7,2,9,1,1,1,1,0,0,1,0,0,8,0,1,0,1,1,1,1,2,2,3,2,1,5,5,,3,2,5,4,2,2,2,7,1,2,2,6,2,1,,1,5,2,2,2,7,2,5,2,4,2,1,2,5,2,4,2,5,4,2,4,2,5,2,2,1,5,3,5,2,3,2,4,2,1,2,3,2,5,1,1,1,1,2,1,5,2,5,2,7,2,3,2,2,1,1,2,1,1,3,1,5,3,1,1,2,2,4,2,1,2,4,2,2,2,1,1,2,1,3,2,3,5,2,2,6,3,2,4,1,3,5,2,3,3,2,1,1,2,1,3,5,3,1,1,2,1,3,1,2,2,2,2,3,2,1,3,4,3,3,2,0,,7,2,1,7,2,1,1,3,4,3,4,3,2,3,3,3,4,1,1,0,1,0,0,0,0,0,1,2,1,1,1,2,1,3,2,2,4,3,4,1,1,3,1,1,2,4,2,1,3,2,1,2,2,1,2,4,2,,,7,2,1,0,,4,2,,2,2,1,2,1,1,1,1,1,1,2,1,1,1,1,1,1,4,1,2,1,2,1,1,1,7,2,1,5,5,2,3,1,1,1,3,1,2,1,1,5,2,1,,,0,,,,,,,,,3,1,1,3,1,1,1,1,1,1,0,,1,4,6,5,1,0,0,0,0,0,1,1,1,0,0,1,0,0,1,0,0,0,0,0,0,0,0,0,0,0,0,0,1,5,2,4,1,0,,,,0,,,,,,4,1,0,,,0,,,0,0,0,0,0,0,0,0,0,0,0,0,0,0,0,1,1,0,0,0,0,0,0,0,0,0,0,1,0,0,1,7,8,2,0,0,0,0,0,0,0,0,0,0,0,0,0,0,0,,,,,,,,0
02ADL0293,512,1976,10/15/2018 8:25,10/15/2018,10,1,0,,0,,0,,,0,,,0,,,4,3,1,3,3,2,6,2,1,3,3,2,5,1,1,7,6,3,0,,,,0,,,,1,8,8,2,5,1,1,0,,0,,1,1,1,1,5,3,2,3,1,2,2,1,1,3,0,,2,2,0,,3,2,0,,0,,,,3,2,0,,,,1,1,0,2,1,1,0,3,1,4,3,3,0,,,,0,,0,,0,,4,3,0,,0,,1,2,1,3,2,3,1,1,1,3,0,,0,,0,,0,,0,,0,,0,0,0,0,0,0,0,0,0,0,2,0,1,0,1,0,0,0,1,2,0,,0,,,,6,3,3,6,3,0,,1,2,1,3,1,2,1,1,5,5,2,1,1,2,2,3,2,1,3,0,,2,3,1,2,1,0,,3,2,5,3,2,5,1,3,5,3,1,3,1,3,0,,1,3,1,1,5,0,,,,,,,,4,2,4,3,1,1,1,1,1,3,5,5,1,2,1,1,3,2,3,3,0,,2,3,2,3,3,0,,,3,3,3,5,0,,2,3,2,5,6,3,1,3,3,6,3,1,2,3,1,3,1,2,1,2,2,0,,0,,2,2,1,3,5,1,3,2,3,2,2,0,,1,2,1,4,2,1,3,3,3,3,0,,0,,0,,3,1,0,0,0,0,0,0,0,0,0,,1,1,0,3,2,2,2,2,3,3,5,1,3,1,2,1,2,2,2,1,2,2,1,1,2,0,,1,2,7,2,3,2,3,0,,7,3,2,1,3,4,3,1,2,3,2,3,2,3,0,,0,,1,3,3,2,1,1,4,2,4,2,5,3,1,5,5,1,2,1,1,1,5,1,0,,1,3,2,3,3,3,0,,,,,,,,,0,,1,1,1,1,1,3,0,,0,,1,3,1,1,0,0,0,0,0,0,0,0,0,0,0,0,0,0,0,0,0,0,0,0,0,1,0,0,0,0,0,0,1,5,2,3,0,,,,,,,,,,,,,,,,,,,0,0,0,0,0,0,0,0,0,0,0,0,0,0,0,0,0,0,0,0,0,0,0,0,0,0,0,0,0,0,1,4,5,2,0,0,0,0,0,0,0,0,0,0,0,0,0,0,0,,,,,,,,0
02ADL0295,515,1961,10/22/2018 8:58,10/22/2018,8,2,0,,0,,0,,,0,,,0,,,1,2,3,0,,,0,,1,3,3,1,1,1,0,,,,0,,,,0,,,,1,9,8,2,4,1,2,0,,0,,1,6,6,1,1,6,1,1,1,3,1,1,3,2,0,,4,2,5,2,7,2,0,,0,,,,8,2,1,7,1,1,1,7,0,2,1,4,4,1,1,4,4,2,0,,,,1,1,4,2,4,2,4,2,3,2,1,2,5,2,1,1,4,2,1,2,2,2,3,2,4,2,0,,0,,2,2,7,2,8,0,0,0,1,0,0,0,0,0,0,0,0,0,0,0,0,0,,,4,2,1,6,6,2,6,2,3,6,1,1,2,3,2,0,,2,2,1,,1,1,,2,1,2,2,6,2,1,1,4,2,2,2,6,2,1,3,2,6,2,3,2,2,1,1,1,2,2,4,2,0,,0,,2,2,,,,3,5,2,,1,1,4,1,6,2,3,3,1,1,2,2,3,2,2,1,2,2,1,,3,1,0,,0,,1,2,1,2,1,0,,,1,2,5,1,5,2,2,2,2,5,3,2,5,1,2,0,,,0,,0,,1,2,4,1,2,1,2,1,2,1,2,1,2,1,1,2,1,2,4,2,0,,0,,,1,1,5,1,2,1,2,1,2,1,2,1,2,3,0,0,0,1,0,0,0,0,0,0,,0,,,,,,,,3,2,1,4,2,1,2,3,2,2,2,3,2,2,3,1,1,0,,7,2,0,,7,2,5,0,,6,2,3,1,2,3,2,1,3,2,4,2,3,2,3,2,1,2,0,,,,,,2,2,2,2,6,2,1,5,3,1,0,,0,,,,7,5,1,5,2,1,,,1,1,1,,1,,5,1,3,0,,0,,1,2,1,2,1,1,1,4,1,2,7,7,0,0,0,0,0,0,0,1,1,0,0,0,0,0,0,0,0,0,0,0,0,0,0,0,0,0,0,0,0,,,,0,,,,,,,,,,,,,,,,,,,0,0,0,0,0,0,0,0,0,0,0,0,0,0,0,0,0,0,0,0,0,0,0,0,0,0,0,0,0,0,2,5,2,2,0,0,0,0,0,0,0,0,0,0,0,0,0,0,0,,,,,,,,0
02ADL0296,516,1949,10/22/2018 10:47,10/22/2018,11,2,0,,1,2,4,3,1,1,1,1,7,1,4,2,2,2,0,,,0,,1,2,2,2,1,1,0,,,,0,,,,0,,,,1,8,8,1,5,1,5,0,,0,,1,7,6,2,5,6,1,1,1,1,5,1,2,1,0,,2,2,0,,2,2,2,1,,,,,2,2,1,1,1,2,1,2,1,2,1,1,1,2,1,2,1,2,0,,,,6,2,1,1,2,2,0,,0,,1,2,1,1,5,2,0,,1,2,2,2,2,2,1,2,0,,0,,1,1,4,1,4,1,0,0,0,0,0,0,0,0,0,0,0,0,0,0,0,0,,,3,1,1,3,2,2,4,2,2,4,,,,1,2,1,2,3,,1,1,3,3,2,2,2,0,,1,2,1,2,2,1,1,2,4,2,3,1,2,4,2,1,3,2,1,1,1,5,2,0,,1,2,1,2,1,2,5,1,1,0,,,,,,,,6,2,2,5,1,1,1,1,1,1,4,1,2,2,1,1,2,1,1,1,0,,1,2,0,,,0,,,2,1,5,5,1,2,0,,,,0,,,0,,2,2,5,0,,0,,0,,,0,,4,2,4,2,4,2,1,4,3,,,0,,0,,0,,2,2,5,1,2,5,1,2,1,2,1,2,1,2,1,2,2,1,0,0,0,0,0,0,0,0,0,,1,1,1,2,1,1,5,2,2,2,1,2,2,1,2,1,2,4,2,1,1,1,1,3,2,1,2,1,1,1,2,1,2,5,0,,2,1,1,3,2,4,3,1,1,2,4,2,1,2,1,2,1,2,1,2,5,1,2,2,2,2,4,2,6,1,1,5,5,2,0,,0,,,,0,,0,,,,,,0,,,,,,,,,5,1,1,5,1,5,1,1,1,4,0,,1,4,3,4,0,0,0,0,1,0,0,0,0,0,0,0,0,0,1,0,0,0,0,0,0,0,0,0,0,0,0,0,0,,,,0,,,,,,,,,,,,,,,,,,,0,0,0,0,0,0,0,0,0,0,0,0,0,0,0,0,0,0,0,0,0,0,0,0,0,0,0,0,0,0,2,7,5,2,0,0,0,0,0,0,0,0,0,0,0,0,0,0,0,,,,,,,,0
02ADL064,457,1957,7/10/2018 10:57,7/10/2018,7,2,0,,0,,2,1,5,2,1,5,3,1,1,1,1,5,1,1,1,0,,1,2,2,1,1,1,1,2,2,2,0,,,,0,,,,1,7,7,2,1,1,2,1,1,0,,1,1,1,1,5,1,1,1,1,3,3,1,5,1,0,,1,2,0,,2,2,1,1,1,1,1,1,4,2,0,,,,0,,,,1,1,1,1,1,1,1,2,0,,,,1,1,4,2,4,2,0,,7,1,1,1,4,1,4,1,4,1,1,4,4,2,4,1,0,,0,,0,,4,2,4,1,4,0,0,0,0,0,1,0,0,0,0,0,0,0,0,0,0,0,,,4,1,1,1,1,2,4,2,2,4,2,1,1,2,1,2,1,2,1,2,1,3,3,2,2,2,2,1,2,2,1,1,1,1,1,1,2,1,3,8,2,4,1,2,2,1,3,3,3,3,2,1,1,1,1,1,1,2,1,,,,0,,,,,,,,4,2,2,5,1,1,1,1,2,1,3,2,2,2,1,1,4,1,1,2,0,,4,1,2,2,1,1,2,1,1,2,1,5,0,,2,1,2,1,1,2,3,1,2,3,2,1,1,2,1,2,1,1,3,1,2,1,2,1,2,4,1,3,2,2,1,1,1,2,2,1,1,2,2,2,4,1,1,4,2,2,3,2,2,2,1,2,3,2,4,0,0,0,0,0,1,0,0,0,0,,0,,,,,,,,1,2,5,1,1,2,2,1,2,3,2,1,2,2,1,1,2,1,2,1,2,0,,3,2,1,0,,1,2,1,1,2,1,2,1,1,2,9,2,2,2,1,2,1,2,1,2,2,4,4,2,2,2,1,2,2,2,1,5,5,3,0,,2,1,1,1,1,1,1,5,1,1,,,0,,,,,,,,,0,,0,,1,1,1,1,1,1,1,1,1,1,3,2,0,0,0,0,0,0,0,0,0,0,0,0,0,0,0,0,0,0,0,0,0,1,0,0,0,0,0,0,1,5,2,2,0,,,,,,,,,,,,,,,,,,,0,0,0,0,0,0,0,0,0,0,0,0,0,0,0,0,0,0,0,0,0,0,0,0,0,0,0,0,0,0,3,6,6,2,0,0,0,0,0,0,0,0,0,0,0,0,0,0,0,,,,,,,,0
03ADL0001,447,1958,6/27/2018 12:52,6/27/2018,11,2,0,,0,,1,1,2,4,1,3,1,1,2,0,,,1,1,1,0,,1,2,2,1,2,2,1,2,2,1,0,,,,0,,,,1,7,7,1,2,1,1,0,,0,,1,3,5,1,1,3,1,2,2,2,3,1,2,1,3,1,5,1,3,1,5,1,5,1,1,5,5,1,0,,1,5,0,1,0,,,,1,5,5,3,0,,,,0,,,,5,1,5,1,5,1,5,1,3,1,3,1,3,1,3,1,3,1,1,3,3,1,3,1,0,,5,1,0,,3,1,0,,5,0,0,0,0,0,0,0,0,0,3,0,0,0,0,1,0,0,1,1,0,,1,3,6,1,5,1,2,5,1,5,2,3,1,5,1,5,2,2,2,3,3,1,3,2,5,1,5,1,5,2,0,,5,2,5,1,2,5,1,0,,,0,,,,,,,3,1,5,1,3,1,3,1,2,2,3,5,3,2,2,2,2,2,1,5,1,2,3,1,2,3,2,2,1,2,2,2,2,2,1,3,1,6,1,5,1,3,3,5,3,2,5,3,2,5,1,2,2,0,,3,2,1,3,5,2,2,0,,5,2,2,5,1,3,2,3,2,3,3,1,3,3,3,2,3,2,3,3,3,0,,3,1,3,3,0,,3,2,3,3,2,3,5,2,0,,3,2,3,1,0,,0,0,0,0,0,0,0,0,0,0,3,2,1,3,3,1,3,3,2,2,3,1,3,3,1,5,1,3,1,0,,,3,1,3,3,1,3,1,5,3,5,3,8,,5,5,1,3,1,5,5,3,5,2,5,5,1,5,1,5,1,5,1,5,1,5,1,3,3,3,3,5,1,5,1,5,1,1,3,3,3,3,3,4,3,2,2,3,3,1,3,1,3,2,1,0,,,,,,,,,5,1,1,3,0,,1,3,1,3,1,3,1,3,5,5,0,0,0,1,0,0,0,1,0,0,0,1,0,0,0,0,0,0,0,0,0,0,0,0,0,0,0,0,0,,,,0,,,,,,,,,,,,,,,,,,,0,0,0,0,0,0,0,0,0,0,0,0,0,0,0,0,0,0,0,0,0,0,0,0,0,0,0,0,0,0,2,5,3,2,0,0,0,0,0,0,0,0,0,0,0,0,0,0,0,,,,,,,,0
03ADL0002,448,1957,6/27/2018 15:30,6/27/2018,7,1,0,,0,,1,2,1,6,2,1,7,3,5,0,,,0,,,0,,1,1,1,2,5,3,0,,,,0,,,,0,,,,1,9,8,1,3,3,3,0,,0,,1,7,7,1,1,1,2,1,1,5,1,1,2,2,1,2,3,2,1,2,6,2,8,2,0,,,,1,2,1,1,1,1,1,1,1,2,0,,,,1,1,3,2,0,,,,1,3,3,2,7,3,7,3,0,,6,2,3,2,2,2,2,2,1,1,4,2,3,2,1,1,2,2,0,,4,2,7,2,7,0,1,0,1,0,1,0,0,0,7,0,1,0,1,0,0,0,2,2,4,3,1,4,4,2,5,3,3,6,2,1,,3,2,3,2,0,,,,,,,,,6,3,3,2,0,,2,3,2,2,2,3,2,0,,8,2,1,0,,,,,,,1,2,0,,0,,5,2,5,1,1,0,,,,,,,,5,2,4,5,2,1,1,1,0,,,,,,,,3,2,1,2,0,,3,2,3,2,3,0,,,4,3,5,5,0,,4,2,2,5,0,,,5,2,4,2,1,4,3,0,,1,2,4,4,2,3,2,5,2,4,2,2,5,1,1,2,4,3,3,2,0,,3,2,1,3,2,1,3,2,3,2,4,3,5,2,5,2,8,0,1,0,1,0,1,0,1,0,5,2,1,3,3,2,3,2,2,3,3,2,5,3,2,0,,0,,0,,,6,2,4,0,,0,,0,,0,,0,,,0,,6,2,1,0,,3,2,1,2,2,1,2,2,2,0,,0,,2,2,3,3,2,1,2,1,1,1,5,2,1,5,5,3,6,1,3,1,1,1,6,1,0,,,,,,1,3,1,4,1,,1,,,7,1,0,,1,3,1,3,0,,0,,1,3,4,3,0,0,0,0,0,0,0,0,0,0,0,0,0,0,0,0,0,0,0,0,0,1,0,0,0,0,0,0,1,4,3,1,0,,,,,,,,,,,,,,,,,,,0,0,0,0,0,0,0,0,0,0,0,0,0,0,0,0,0,0,0,0,0,0,0,0,0,0,0,0,0,0,2,7,3,2,0,0,0,0,0,0,0,0,0,0,0,0,0,0,0,,,,,,,,0
03ADL0003,453,1988,6/29/2018 14:59,6/29/2018,7,1,1,1,1,1,2,1,1,2,1,1,2,1,1,1,1,1,0,,,1,2,0,,,,,,1,0,1,2,1,6,6,2,1,3,2,2,1,9,9,2,2,1,5,0,,3,3,1,9,9,2,1,0,,,,,,,,,0,,4,2,0,,4,2,4,1,1,1,1,2,3,2,1,2,2,1,1,1,1,1,1,9,9,2,1,4,4,2,0,,,,7,2,7,2,8,,8,3,4,2,4,1,4,3,5,2,7,1,1,1,1,1,8,3,7,3,3,2,1,2,7,3,8,2,7,0,1,1,1,0,0,0,0,0,0,0,0,0,0,0,0,0,,,7,2,1,8,8,2,8,2,4,7,1,6,1,6,2,3,1,2,1,1,1,1,1,1,1,1,7,2,4,1,0,,1,2,6,2,4,1,1,7,2,9,2,1,3,2,2,2,2,5,2,2,1,1,1,1,1,3,2,2,2,3,2,4,2,1,1,1,2,1,7,2,2,3,1,1,2,2,1,1,2,1,2,2,2,1,1,1,9,2,2,2,6,2,4,2,2,7,2,2,1,2,5,3,2,2,6,2,2,4,3,2,3,1,2,2,2,2,6,2,3,1,7,2,3,4,2,2,2,6,2,6,2,2,3,2,0,,5,2,0,,3,2,7,2,3,3,2,2,4,2,3,2,8,2,0,,8,2,8,0,1,1,0,0,0,0,1,0,2,2,1,1,1,2,1,1,4,2,4,2,4,1,2,0,,0,,4,1,3,3,1,3,1,1,0,,4,1,7,2,3,2,4,1,1,7,1,3,3,2,3,1,4,1,1,1,1,2,2,0,,0,,1,1,4,2,1,1,1,1,1,1,8,3,3,4,5,1,0,,6,3,1,,0,,0,,,,,,0,,,,,,,,,4,1,0,,1,3,1,3,1,3,1,2,1,5,7,5,1,0,0,0,0,0,0,0,1,0,1,0,0,0,0,0,0,0,0,0,0,0,0,0,0,0,0,0,0,,,,1,0,,,,0,,,,,,0,,0,,,0,,,0,0,0,0,0,1,0,0,0,0,0,1,0,0,0,0,1,0,0,0,0,0,0,0,1,0,0,0,0,0,1,5,4,2,0,0,0,0,0,0,0,0,0,0,0,0,0,0,0,,,,,,,,0
03ADL0004,452,1980,7/1/2018 12:50,6/29/2018,8,1,1,2,1,2,1,3,0,1,2,1,1,1,1,0,,,0,,,0,,0,,,,,,0,,,,0,,,,0,,,,1,9,9,2,2,1,1,0,,0,,1,7,7,2,1,2,3,1,1,1,1,1,5,3,0,,1,2,1,2,8,3,1,3,1,1,1,1,1,3,0,,,,0,,,,1,1,1,2,1,1,1,3,0,,,,1,3,2,3,1,3,4,3,1,2,1,2,1,2,1,2,1,2,1,1,1,2,1,1,1,2,1,1,1,1,1,2,2,3,1,1,0,0,1,0,1,0,1,0,1,0,0,0,1,0,0,1,1,2,1,2,1,2,2,2,4,3,3,1,2,1,2,2,3,1,2,1,2,1,2,3,2,2,1,1,1,2,8,2,1,3,1,2,1,3,8,3,2,8,3,7,3,1,4,3,3,3,3,5,3,2,3,1,2,2,2,1,3,1,5,2,1,3,3,4,4,3,1,2,2,3,3,3,2,3,3,2,6,3,3,3,3,2,1,1,2,3,7,3,0,,0,,0,,,0,,,0,,,,0,,0,,,,0,,,0,,0,,,0,,0,,0,,,0,,0,,0,,0,,,,,0,,0,,0,,0,,0,,,0,,,0,,0,,0,,0,,0,,0,0,0,0,0,0,0,0,0,0,7,3,1,1,1,3,4,1,2,4,2,3,1,1,3,1,2,1,3,1,2,1,1,2,1,1,3,1,2,7,3,1,2,1,2,1,0,,2,3,1,2,3,1,3,2,2,3,2,3,1,3,2,3,0,,2,3,1,2,2,1,1,2,1,3,1,3,2,1,1,1,0,,0,,,,0,,0,,,,,,0,,,,,,,,,2,3,1,2,1,1,1,1,1,1,0,,0,,4,4,1,0,0,0,0,0,0,0,0,0,0,0,0,0,0,0,0,0,0,0,0,0,1,1,1,1,0,0,0,,,,0,,,,,,,,,,,,,,,,,,,0,0,0,0,0,0,0,0,0,0,0,0,0,0,0,0,0,0,0,0,0,0,0,0,0,0,0,0,0,0,1,6,5,2,0,0,0,0,0,0,0,0,0,0,0,0,0,0,0,,,,,,,,0
03ADL0005,456,1955,7/6/2018 15:16,7/6/2018,11,1,0,,0,,0,,,0,,,0,,,0,,,0,,,0,,1,6,6,2,5,1,1,2,2,2,0,,,,1,3,3,2,1,7,7,,1,1,5,0,,0,,0,,,,,0,,,,,,,,,0,,0,,0,,9,2,0,,1,,0,,0,,0,,,,1,1,0,2,0,,,,1,1,0,2,0,,,,0,,0,,3,2,1,2,0,,1,2,1,2,1,2,1,2,1,1,3,2,1,2,0,,0,,0,,1,2,2,3,1,0,0,0,0,0,0,0,0,0,0,0,0,0,0,0,0,0,,,1,2,1,1,1,1,2,3,2,2,1,1,1,3,3,1,2,1,2,1,,5,5,1,1,,1,2,3,1,1,2,1,2,3,2,1,2,5,3,2,9,1,1,1,1,5,5,2,5,2,1,2,0,,1,2,1,2,2,2,2,1,1,2,3,3,2,1,,7,2,5,1,1,1,1,,1,1,5,5,5,2,1,,7,2,7,2,0,,1,2,1,2,5,1,2,1,1,1,5,5,1,2,3,2,2,2,0,,,0,,1,2,1,1,2,0,,1,2,3,1,2,3,2,1,2,1,2,3,3,1,0,,1,2,1,2,1,2,1,2,3,1,2,2,1,2,0,,5,2,0,,0,,5,0,0,0,1,0,1,0,0,0,1,2,1,3,3,3,1,2,2,3,3,,4,1,1,0,,0,,8,2,1,1,2,1,1,2,0,,9,1,1,2,0,,,0,,1,2,1,0,,4,2,3,1,1,7,1,4,2,1,1,0,,3,2,3,3,2,1,1,1,0,,1,2,1,5,5,2,3,1,2,1,1,,2,1,1,2,1,2,2,2,1,2,1,1,2,2,2,2,4,0,,1,5,1,5,1,5,0,,0,,1,3,1,1,0,0,0,0,0,0,0,0,0,0,0,0,0,0,0,0,0,0,0,0,0,1,0,0,0,0,0,0,1,5,3,4,1,1,1,1,4,0,,,,,,3,2,1,2,4,0,,,0,1,1,0,0,0,0,0,0,0,0,0,0,0,0,0,1,0,0,0,0,0,0,0,0,0,0,0,0,0,3,6,6,2,0,0,0,0,0,0,0,0,0,0,0,0,0,0,0,,,,,,,,0
03ADL0006,454,1953,7/6/2018 15:34,7/6/2018,9,2,0,,0,,0,,,1,1,1,0,,,0,,,0,,,0,,1,4,4,2,5,1,1,1,1,2,0,,,,0,,,,1,8,8,2,5,1,1,0,,0,,0,,,,,0,,,,,,,,,0,,8,2,0,,6,1,0,,1,7,1,2,3,2,1,7,0,1,1,7,0,2,1,1,0,1,0,,,,0,,,,1,2,1,2,1,1,8,3,0,,1,1,1,2,1,1,1,1,1,1,4,2,6,2,0,,1,1,1,1,4,1,5,3,4,0,1,0,0,0,0,0,0,0,0,0,0,0,0,0,0,0,,,0,,1,7,7,2,6,2,2,7,2,8,1,4,3,0,,6,3,1,,5,5,2,1,,1,2,5,2,3,2,2,2,4,2,2,1,5,0,,8,1,1,1,2,5,5,2,5,2,1,1,0,,1,2,4,2,3,1,2,7,1,2,5,5,3,1,,4,2,5,2,1,5,1,1,7,1,5,4,5,2,5,,2,1,1,1,3,1,4,2,1,2,1,1,2,1,1,2,5,5,2,2,2,2,2,1,0,,,1,2,1,2,5,1,2,1,2,1,2,3,1,2,1,2,1,2,4,2,2,2,1,1,2,6,2,6,2,0,,1,2,5,1,2,1,0,,1,2,5,2,5,2,5,2,6,0,0,0,0,0,0,1,0,0,2,2,1,1,2,2,1,2,1,4,4,2,2,4,1,1,2,1,2,1,,1,3,2,1,5,2,1,2,2,1,1,2,0,,,0,,2,2,1,3,2,7,2,3,2,2,6,2,4,2,2,2,1,2,5,2,4,2,2,1,5,1,7,1,4,2,1,5,3,3,0,,4,1,2,2,0,,0,,,,,,0,,,,,,,,,0,,1,5,1,3,1,4,0,,0,,1,1,4,4,0,0,1,1,0,0,0,0,0,0,0,0,0,0,1,0,0,0,0,0,0,0,0,0,0,0,0,0,1,5,2,4,1,1,1,1,4,5,4,2,2,3,4,2,1,5,2,4,0,,,0,0,0,0,0,0,0,0,0,0,0,0,1,1,0,0,1,0,0,0,0,0,1,0,0,0,0,0,0,0,3,5,3,2,0,0,0,0,0,0,0,0,0,0,0,0,0,0,0,,,,,,,,0
03ADL0007,455,1946,7/6/2018 15:56,7/6/2018,10,2,0,,0,,1,1,5,0,,,3,1,1,0,,,0,,,0,,1,2,2,2,5,1,0,,,,0,,,,0,,,,1,8,8,3,2,1,5,0,,0,,1,1,1,2,1,4,2,1,2,4,2,1,2,2,0,,1,2,0,,7,2,5,1,0,,,,1,2,0,,,,1,1,1,2,1,1,1,2,0,,,,0,,,,1,1,0,,2,1,2,2,1,2,1,2,1,2,1,2,1,2,1,1,1,2,4,2,2,3,1,2,1,3,2,2,7,2,0,0,0,0,0,0,0,0,0,0,1,0,0,0,0,0,0,1,2,1,1,3,1,1,1,2,1,2,5,1,1,1,1,1,2,1,2,1,1,1,1,,1,2,1,1,1,2,4,2,1,1,1,2,1,1,1,1,2,1,2,4,2,1,1,2,2,2,1,1,,0,,0,,1,,1,2,5,1,1,0,,,,,,,,5,1,5,5,3,4,3,3,4,2,5,4,4,3,1,1,7,2,7,2,1,2,0,,0,,,0,,,3,2,5,5,1,2,4,1,2,3,5,2,5,1,2,1,2,1,2,2,1,2,3,2,4,3,2,0,,3,2,6,2,4,4,4,1,2,4,2,0,,0,,4,2,1,3,2,1,0,,4,2,3,2,0,,4,2,6,0,0,0,0,0,1,0,0,0,4,2,1,4,5,2,1,1,3,1,1,2,2,1,2,1,2,1,2,3,2,1,1,2,1,0,,0,,5,2,1,2,1,2,3,0,,3,1,3,,,,,,,,,,,,,,,,,,,,,,,,,,,,,,,,,,,,,,,,,,,,,,,,,,,,,,,,,,,,,,,,,,,,,,,0,0,0,0,0,0,0,0,0,0,0,0,0,0,0,0,0,0,0,0,0,0,,0,0,0,0,0,,,,,,,,,,,,,,,,,,,,,,,,0,0,0,0,0,0,0,0,0,0,0,0,0,0,0,0,0,0,0,0,0,0,0,0,0,0,0,0,0,0,,,,2,0,0,0,0,0,0,0,0,0,0,0,0,0,0,0,,,,,,,,0
03ADL0008,459,1963,7/11/2018 14:17,7/11/2018,1,2,0,,0,,1,2,5,0,,,2,2,1,0,,,0,,,0,,1,4,4,2,1,3,1,2,2,2,0,,,,0,,,,1,9,8,2,4,1,5,0,,1,1,1,4,4,1,1,1,2,1,1,1,5,1,2,2,0,,4,1,0,,0,,3,2,1,1,1,2,3,2,1,1,0,1,1,1,0,1,1,2,1,2,1,4,4,1,0,,,,2,2,3,3,2,2,4,3,1,3,1,1,4,2,2,2,1,1,1,1,1,1,4,2,1,2,4,2,0,,2,2,1,1,4,1,1,0,1,0,1,1,1,0,4,1,1,0,1,0,0,1,1,3,1,1,1,4,4,2,5,3,2,5,2,2,2,6,2,1,2,4,2,4,3,2,4,2,2,2,2,2,4,2,1,2,3,3,3,2,4,3,3,4,2,6,2,1,1,2,2,4,2,1,1,4,2,1,2,4,2,4,2,5,1,2,4,1,1,1,2,2,5,3,10,2,4,5,2,1,2,2,2,2,3,1,4,3,1,1,9,2,4,3,2,3,3,2,3,2,1,2,3,1,4,3,1,5,0,,5,2,2,5,2,2,4,4,3,3,2,1,4,2,2,3,3,2,4,1,2,0,,4,3,5,2,3,5,5,3,3,4,2,1,1,0,,4,3,1,4,2,1,2,3,2,3,3,2,1,2,3,2,3,0,1,0,1,0,1,1,0,0,3,3,1,4,4,2,2,4,2,3,3,2,5,4,2,3,2,1,1,8,2,1,2,2,1,2,2,2,2,3,1,0,,4,2,1,2,2,4,2,1,1,1,1,1,1,4,2,3,2,3,2,3,2,1,2,3,2,3,3,1,1,4,2,1,1,6,1,1,5,5,2,6,1,2,1,4,1,2,2,1,2,1,1,,,1,2,2,3,4,1,2,2,2,4,2,1,1,1,1,1,1,1,1,1,1,1,1,3,3,0,0,0,1,0,0,0,0,0,1,0,0,0,0,1,0,0,0,0,0,0,0,0,0,0,0,0,0,1,5,3,4,1,0,,,,5,5,2,3,3,1,0,,0,,,0,,,0,0,0,0,0,0,0,0,0,0,0,0,0,0,0,0,1,0,0,1,0,0,0,0,1,0,0,0,0,0,3,1,6,2,0,0,0,0,0,0,0,0,0,0,0,0,0,0,0,,,,,,,,0
03ADL0009,462,1979,7/13/2018 12:02,7/13/2018,12,1,0,,0,,2,1,0,2,1,1,1,1,1,2,2,2,1,2,1,0,,1,3,3,1,3,1,1,1,3,1,0,,,,0,,,,0,,,,,,,0,,0,,1,4,3,1,3,5,2,3,3,3,3,1,2,2,0,,3,2,0,,4,1,5,1,0,,,,0,,0,,,,0,,,,1,3,3,1,1,3,5,1,0,,,,0,,0,,4,2,0,,1,2,0,,5,2,5,2,5,2,1,5,0,2,0,,0,,0,,5,2,4,2,0,,0,0,0,0,0,0,0,0,0,0,0,0,0,0,0,0,0,0,,,9,,1,5,5,1,5,2,1,3,1,0,,0,,0,,5,2,2,1,2,2,1,2,1,0,,0,,0,,0,,0,,6,1,2,1,2,3,2,2,6,1,2,2,2,2,1,5,1,4,1,5,2,3,2,3,3,3,5,2,2,2,3,2,3,1,5,1,2,2,1,3,3,2,5,1,3,3,3,3,3,2,5,2,5,2,5,2,5,2,5,2,3,5,2,3,5,2,3,3,5,1,9,2,2,3,5,2,3,0,,5,2,3,0,,0,,3,1,2,0,,5,2,5,1,5,3,3,2,2,0,,0,,0,,0,,0,,,0,,,0,,0,,1,2,0,,3,2,0,0,0,0,0,0,0,0,0,0,3,2,1,3,3,2,3,3,3,3,5,1,1,5,3,5,2,3,2,5,1,1,4,1,3,0,,0,,3,1,5,3,0,,,0,,5,2,1,0,,0,,,0,,3,1,3,,5,1,3,1,0,,,,,,0,,3,1,3,1,1,1,1,1,3,1,0,,,,9,1,0,,,,,,0,,,,,,,,,0,,,,0,,0,,1,2,1,2,1,2,2,2,0,0,1,1,0,0,0,1,0,0,0,0,0,0,0,0,0,0,0,0,0,0,0,0,0,0,0,0,0,,,,0,,,,,,,,,,,,,,,,,,,0,0,0,0,0,0,0,0,0,0,0,0,0,0,0,0,0,0,0,0,0,0,0,0,0,0,0,0,0,0,2,4,3,2,0,0,0,0,0,0,0,0,0,0,0,0,0,0,0,,,,,,,,0
03ADL0010,463,1987,7/13/2018 13:53,7/13/2018,9,1,0,,1,3,1,2,3,1,2,1,1,1,1,0,,,0,,,3,3,1,4,4,3,5,1,1,3,3,2,1,4,4,2,1,5,5,2,1,4,4,2,3,4,2,3,3,1,3,0,,,,,2,3,1,1,5,1,1,2,3,0,,2,2,0,,6,2,0,,0,,,,1,3,1,1,1,3,1,1,1,3,1,1,1,2,1,1,1,3,0,,,,2,2,0,,6,3,4,3,0,,0,,1,3,1,3,0,,1,1,1,2,3,2,1,2,1,2,0,,4,3,2,2,4,0,0,0,1,0,0,1,0,0,7,0,0,0,0,0,0,1,1,1,0,,1,1,1,1,4,3,4,2,2,0,,1,3,0,,2,3,1,1,1,2,1,1,1,3,3,4,2,2,3,2,3,4,2,2,3,2,4,3,6,3,2,4,1,1,1,2,1,2,1,3,1,3,2,3,3,3,4,2,1,0,,,,,,,,7,2,2,4,2,1,1,3,6,1,2,2,2,2,1,1,2,2,2,2,1,3,2,3,4,2,1,0,,,4,3,3,5,3,3,4,1,2,4,2,3,4,2,2,1,2,1,2,3,1,3,2,3,3,1,2,1,3,1,3,3,2,1,2,2,1,3,2,3,1,2,0,,1,3,2,1,2,2,1,3,1,3,4,3,0,,2,3,2,0,0,0,1,0,0,1,0,0,1,3,1,7,7,3,3,2,3,3,1,3,1,3,2,0,,6,3,2,2,1,2,2,1,1,2,2,3,2,2,4,2,0,,,0,,4,2,1,0,,2,3,4,1,1,1,2,1,2,1,1,0,,0,,,,,,1,1,2,2,9,3,1,4,2,1,7,1,5,1,1,2,1,1,0,,,,,,1,1,2,4,1,,5,3,2,0,,0,,1,3,1,3,1,1,0,,1,4,3,3,1,0,0,1,0,0,0,0,0,0,0,0,0,0,0,0,0,0,0,0,0,0,0,0,0,0,0,0,0,,,,0,,,,,,,,,,,,,,,,,,,0,0,0,0,0,0,0,0,0,0,0,0,0,0,0,0,0,0,0,0,0,0,0,0,0,0,0,0,0,0,2,5,4,2,0,0,0,0,0,0,0,0,0,0,0,0,0,0,0,,,,,,,,0
03ADL0012,464,1964,7/19/2018 17:58,7/18/2018,8,2,0,,0,,0,,,1,2,1,1,2,1,2,2,5,1,2,1,0,,1,3,3,2,1,1,0,,,,0,,,,0,,,,1,9,9,1,5,1,1,0,,0,,1,6,6,2,1,4,2,1,1,5,1,1,5,2,0,,4,2,0,,3,2,6,1,0,,,,3,2,1,3,3,2,1,3,3,2,1,3,3,1,1,3,3,2,0,,,,3,2,3,2,4,2,5,2,0,,0,,4,2,3,2,3,2,1,3,4,2,3,2,0,,3,2,0,,1,2,4,2,4,0,1,1,0,0,1,0,0,0,0,0,0,0,0,0,0,0,,,1,1,1,4,4,2,3,2,1,3,2,1,1,5,2,3,2,3,2,1,1,1,5,3,1,1,3,3,5,2,1,2,3,2,3,2,3,2,5,4,3,10,2,1,3,2,1,5,4,5,3,1,2,0,,4,2,5,2,5,1,3,0,,,,,,,,5,3,5,1,1,1,1,1,1,1,5,1,5,3,1,1,3,2,3,2,0,,3,2,3,2,1,3,2,1,0,,,,3,2,5,2,2,5,3,2,2,1,2,3,2,1,3,2,3,2,4,2,1,1,1,1,2,1,2,5,2,5,2,5,1,2,4,2,1,2,0,,4,3,1,4,2,1,0,,1,2,1,2,1,2,0,,7,0,1,1,0,0,1,0,0,0,3,2,1,3,3,2,2,2,2,2,3,2,3,5,2,1,2,1,2,5,2,1,3,2,1,2,2,1,2,7,2,1,2,0,,,0,,4,2,1,0,,4,2,1,2,2,4,2,4,2,1,2,0,,1,2,2,2,2,1,4,2,4,2,5,2,1,5,5,1,0,,0,,,,1,4,0,,,,,,0,,,,,,,,,1,2,0,,1,1,1,1,1,1,1,1,1,1,2,2,0,0,0,0,0,0,0,0,0,0,0,0,0,0,0,0,0,0,0,0,0,1,0,0,0,0,0,0,1,4,2,2,0,,,,,,,,,,,,,,,,,,,0,0,0,0,0,0,0,0,0,0,0,0,0,0,0,0,0,0,0,0,0,0,0,0,0,0,0,0,0,0,3,2,6,2,0,0,0,0,0,0,0,0,0,0,0,0,0,0,0,,,,,,,,0
03ADL0013,467,1966,,7/20/2018,12,1,0,,4,2,4,2,1,4,2,1,3,1,5,2,2,1,0,,,1,1,1,5,4,1,1,1,1,2,2,2,0,,,,1,4,3,2,1,8,8,1,1,1,5,1,2,1,2,1,6,5,1,2,4,2,1,1,5,1,1,1,1,1,1,7,1,5,1,7,2,6,3,1,6,4,2,7,1,1,7,5,1,1,7,5,1,1,7,6,2,1,7,7,1,1,4,4,1,1,2,7,2,6,2,8,2,3,2,6,2,6,1,4,2,5,1,1,6,6,2,4,2,3,2,5,3,5,2,5,2,8,3,5,1,0,0,1,0,1,0,0,0,5,0,1,0,0,0,0,1,1,,6,2,1,8,7,2,8,3,5,8,2,3,3,6,2,3,2,6,2,2,2,1,2,2,2,2,5,2,4,2,1,2,3,2,5,2,3,2,3,7,2,7,1,1,4,2,1,5,3,5,2,4,2,0,,4,2,6,2,3,2,2,5,5,2,1,3,2,3,2,6,2,1,2,2,1,2,3,7,2,1,1,2,2,1,1,5,1,4,2,1,3,4,3,4,2,2,4,2,1,3,1,4,5,4,2,5,2,2,5,2,3,5,5,2,4,2,1,5,2,4,2,4,3,1,4,1,1,3,5,2,5,2,2,3,2,3,3,4,3,5,1,1,2,6,2,1,4,1,1,3,3,3,2,5,3,1,2,5,2,6,1,0,0,1,0,1,0,0,0,5,2,1,7,5,2,2,1,2,2,5,2,4,4,2,1,2,4,2,,,,,,,,,,,,,,,,,,,,,,,,,,,,,,,,,,,,,,,,,,,,,,,,,,,,,,,,,,,,,,,,,,,,,,,,,,,,,,,,,,,,,,,,,,,,,0,0,0,0,0,0,0,0,0,0,0,0,0,0,0,0,0,0,0,0,0,0,,0,0,0,0,0,,,,,,,,,,,,,,,,,,,,,,,,0,0,0,0,0,0,0,0,0,0,0,0,0,0,0,0,0,0,0,0,0,0,0,0,0,0,0,0,0,0,,,,0,0,0,0,0,0,0,0,0,0,0,0,0,0,0,0,,,,,,,,0
03ADL0014,465,1989,7/20/2018 18:50,7/20/2018,3,2,0,,1,1,3,2,5,3,2,5,1,2,3,1,,4,0,,,0,,1,2,2,2,1,1,0,,,,0,,,,1,0,1,1,1,7,7,2,5,1,5,1,1,1,2,1,6,6,2,1,5,2,1,1,2,2,1,1,2,0,,1,1,0,,9,2,0,,1,1,2,2,1,1,1,1,1,1,1,1,1,1,1,3,1,1,1,5,4,2,0,,,,1,1,1,2,7,2,2,2,1,1,1,2,4,2,0,,1,1,1,1,1,2,1,2,0,,0,,0,,1,1,7,2,7,0,0,0,1,0,1,0,0,0,5,0,0,0,1,0,0,0,1,2,4,1,1,3,4,1,6,1,3,6,2,1,3,2,2,1,1,1,2,2,2,1,1,1,1,1,0,,1,2,0,,1,1,0,,3,1,2,1,2,7,2,4,0,,,,,,,0,,0,,1,2,1,2,2,1,1,0,,,,,,,,9,2,3,1,1,1,1,1,0,,,,,,,,0,,7,2,3,2,6,2,6,2,4,1,2,1,1,2,3,1,6,2,1,1,2,3,1,2,2,1,2,0,,,5,2,5,1,7,2,3,4,1,1,2,7,2,7,2,2,4,5,1,1,3,2,7,2,1,2,0,,,2,1,3,1,2,1,1,2,2,1,2,0,,8,0,0,0,1,1,1,0,0,0,1,1,1,1,0,2,2,1,2,2,1,2,4,0,,0,,7,3,4,2,4,0,,,1,1,0,,1,2,0,,3,2,5,1,1,1,1,1,1,1,7,2,3,4,3,4,2,1,1,1,3,0,,0,,,,,,1,1,1,1,7,2,1,4,2,1,5,1,0,,,,4,2,1,2,1,1,,,1,5,1,3,3,1,3,2,1,1,2,0,,0,,1,1,1,5,1,5,1,5,3,3,0,0,0,1,0,0,0,0,0,0,0,1,0,0,0,0,0,0,0,0,0,0,0,0,0,0,0,0,0,,,,0,,,,,,,,,,,,,,,,,,,0,0,0,0,0,0,0,0,0,0,0,0,0,0,0,0,0,0,0,0,0,0,0,0,0,0,0,0,0,0,2,5,5,2,0,0,0,0,0,0,0,0,0,0,0,0,0,0,0,,,,,,,,0
03ADL0015,466,1951,7/20/2018 15:54,7/20/2018,7,1,0,,0,,0,,,0,,,0,,,4,2,7,0,,,0,,1,5,0,2,5,5,1,0,1,2,0,,,,0,,,,1,9,9,1,1,1,5,0,,0,,1,8,8,2,1,7,2,2,2,2,2,1,7,3,4,3,4,1,0,,7,2,7,1,0,,,,4,1,1,1,1,1,1,1,1,2,1,1,1,2,0,,,,0,,,,1,2,7,2,5,2,3,2,1,2,1,3,4,3,1,1,1,2,1,1,1,2,1,3,0,,1,2,1,3,2,3,3,1,3,0,0,0,1,0,0,0,0,0,0,0,0,0,0,0,0,0,,,0,,0,,,,3,3,5,2,2,1,1,3,3,0,,4,3,1,,1,1,,1,,1,3,3,2,1,2,1,2,0,,1,1,1,1,3,6,2,1,2,2,1,5,3,5,3,0,,0,,1,2,4,2,5,1,1,0,,,,,,,,3,2,2,1,1,1,1,3,4,3,1,1,2,4,1,,5,3,6,2,1,3,1,2,1,3,,1,3,,1,2,5,5,,,2,2,2,5,1,2,5,2,2,1,1,1,3,2,0,,1,2,5,1,1,2,3,1,2,1,2,3,5,5,0,,1,2,2,1,0,,1,2,,1,2,,0,,1,2,2,2,1,2,1,2,0,0,0,0,0,0,0,0,0,0,0,,1,1,1,3,1,1,1,5,0,,,4,2,0,,1,2,0,,,3,2,5,0,,0,,6,1,0,,7,2,5,0,,2,2,,0,,2,3,1,2,3,2,3,1,3,0,,0,,2,3,5,2,2,1,3,2,0,,4,2,1,5,1,1,0,,0,,,,0,,,,,,,,,,,,,,,,,6,3,0,,1,1,1,2,0,,0,,0,,1,4,0,0,0,0,0,0,0,0,0,0,0,0,0,0,0,0,0,0,0,0,0,1,0,0,0,0,0,0,0,,,,1,0,,,,0,,,,,,0,,0,,,0,,,0,0,0,0,1,0,0,0,0,0,0,0,0,0,0,0,0,0,0,0,0,0,0,0,0,0,0,0,0,0,3,3,3,2,0,0,0,0,0,0,0,0,0,0,0,0,0,0,0,,,,,,,,0
03ADL0016,470,1974,7/25/2018 13:41,7/25/2018,7,1,0,,4,3,0,,,0,,,0,,,0,,,0,,,5,2,0,,,,,,0,,,,0,,,,1,2,2,3,1,9,9,2,4,1,5,2,2,1,2,1,7,7,2,1,10,2,1,2,1,1,1,7,2,0,,2,2,0,,2,2,4,1,0,,,,0,,0,,,,0,,,,1,6,6,3,0,,,,0,,,,2,2,7,2,5,3,10,3,0,,9,3,7,3,0,,0,,1,2,5,2,9,3,9,3,9,3,6,3,10,3,10,3,9,0,0,0,1,0,0,0,1,0,0,0,0,0,0,0,0,0,,,9,3,1,9,10,3,10,3,5,4,2,10,2,2,2,2,2,2,2,2,3,1,1,1,1,,10,3,0,,2,2,2,2,1,2,7,2,1,10,3,2,2,1,2,2,1,5,3,5,2,2,2,0,,2,2,2,2,,,,0,,,,,,,,2,2,5,3,2,1,4,3,2,2,3,1,5,3,1,,2,2,7,3,0,,0,,0,,,0,,,7,2,1,2,4,2,0,,,,2,2,5,2,2,1,2,1,0,,0,,2,1,3,3,2,2,2,10,2,10,1,1,5,1,1,2,4,1,2,1,0,,4,2,1,0,,,2,2,6,2,10,2,0,,7,2,2,0,0,0,1,0,0,0,1,0,6,2,1,4,4,2,3,3,3,3,1,2,3,1,2,1,2,2,2,2,2,1,2,2,3,2,2,0,,9,2,10,2,10,2,5,0,,6,2,1,2,2,6,3,5,2,2,2,2,3,2,2,2,2,2,1,2,4,2,2,1,2,1,2,1,10,3,1,5,4,2,8,1,6,3,1,,6,3,0,,,,,,0,,,,,,,,,0,,1,1,1,1,1,1,1,1,1,1,1,1,9,6,1,0,0,0,0,0,0,0,0,0,0,0,1,1,0,0,0,0,0,0,0,0,0,0,0,0,0,0,0,,,,1,0,,,,0,,,,,,0,,0,,,0,,,0,0,0,0,0,1,0,0,0,0,1,0,0,0,0,0,1,0,1,0,0,0,0,0,0,0,0,0,0,0,1,5,3,2,0,0,0,0,0,0,0,0,0,0,0,0,0,0,0,,,,,,,,0
03ADL0017,471,1982,7/25/2018 14:53,7/25/2018,9,1,0,,0,,0,,,0,,,0,,,0,,,0,,,0,,1,1,1,2,3,1,0,,,,1,3,3,3,1,1,1,2,1,9,9,3,5,1,5,1,2,0,,0,,,,,1,2,1,1,1,5,1,7,1,0,,1,2,0,,1,2,1,1,0,,,,1,1,0,,,,0,,,,0,,,,0,,,,0,,,,0,,1,1,1,1,1,1,0,,1,1,0,,0,,0,,0,,,,1,1,4,3,1,2,0,,0,,4,1,10,0,0,1,1,0,0,0,1,0,0,0,0,0,0,0,0,0,,,0,,0,,,,1,1,5,0,,1,2,2,2,0,,0,,,,,,,,,1,2,0,,0,,6,3,1,3,0,,,0,,0,,,3,3,1,5,4,5,2,0,,0,,0,,0,,,,,0,,,,,,,,2,2,4,5,2,1,3,3,1,2,5,1,5,2,1,1,0,,5,2,0,,0,,0,,,1,3,1,2,3,1,5,0,,4,3,3,5,4,3,1,6,3,6,3,1,3,2,4,3,4,3,1,4,2,0,,0,,1,3,2,2,5,1,3,3,3,0,,3,2,9,3,1,7,2,1,1,3,1,3,4,2,0,,3,2,10,0,0,1,1,0,0,0,1,0,0,,0,,,,,,,,1,3,5,0,,0,,0,,1,2,1,1,2,5,2,2,0,,7,2,7,2,0,,,0,,6,2,5,0,,4,3,5,1,1,2,3,2,3,0,,0,,1,2,2,1,1,1,5,1,0,,9,3,1,5,5,1,7,1,0,,,,0,,0,,,,,,1,1,3,3,5,2,1,,,0,,0,,1,1,1,1,1,1,1,1,0,,1,1,1,1,1,0,0,0,0,0,0,0,1,0,0,0,0,0,0,0,0,1,0,0,0,0,0,0,0,0,0,,,,1,0,,,,0,,,,,,0,,5,3,2,0,,,0,0,0,0,1,1,0,0,0,0,1,0,0,0,0,0,1,0,0,0,0,0,0,0,0,0,0,0,0,0,1,7,6,2,0,0,0,0,0,0,0,0,0,0,0,0,0,0,0,,,,,,,,0
03ADL0018,473,1989,8/6/2018 13:59,7/27/2018,11,2,1,2,1,1,1,3,2,1,2,1,1,1,5,0,,,0,,,0,,1,1,1,1,1,1,1,2,0,1,0,,,,1,4,2,3,1,8,8,1,3,1,3,4,2,2,1,1,1,1,1,1,0,,,,,,,,,1,3,1,2,1,2,6,2,1,2,0,,,,3,1,1,1,1,1,1,3,1,2,1,3,1,1,1,1,1,2,0,,,,3,3,9,1,7,2,7,3,1,2,4,2,4,2,1,2,1,3,1,4,4,2,4,3,4,3,4,2,1,1,1,2,9,3,7,0,1,0,1,0,0,0,1,0,0,0,0,0,0,0,0,0,,,3,3,1,9,9,2,8,3,5,8,1,1,1,3,1,1,2,2,1,1,1,1,1,1,1,,4,3,4,2,1,1,1,3,1,2,1,1,2,3,2,3,1,1,1,2,1,1,2,5,2,2,2,1,2,1,2,3,2,5,1,2,3,5,2,1,1,,3,2,3,2,1,5,2,1,1,,1,1,1,1,3,3,1,2,0,,1,2,0,,1,3,0,,,1,3,1,1,1,5,5,0,,2,1,2,5,2,2,5,3,2,1,2,1,3,2,1,2,4,2,3,1,1,0,,1,1,3,3,1,5,1,1,2,1,2,1,1,0,,2,2,1,5,2,5,0,,1,1,1,2,0,,1,2,1,0,1,0,0,0,1,0,0,0,1,1,1,3,3,2,2,2,2,2,1,2,2,1,2,1,2,0,,3,1,1,4,2,1,1,1,1,2,2,2,2,2,6,2,1,1,1,4,2,1,1,2,2,2,1,1,2,1,2,1,1,1,1,1,1,1,1,2,2,2,1,1,2,1,1,3,2,1,1,5,1,7,1,2,1,1,,1,1,1,1,1,1,,,0,,,,,,,,,1,1,0,,1,1,1,1,1,1,1,1,1,3,5,5,1,0,0,0,0,0,0,0,0,0,0,0,0,0,0,1,0,0,0,0,0,0,0,0,0,0,0,0,1,3,2,1,0,,,,,,,,,,,,,,,,,,,0,0,0,0,0,0,0,0,0,0,0,0,0,0,0,0,0,0,0,0,0,0,0,0,0,0,0,0,0,0,2,6,4,2,0,0,0,0,0,0,0,0,0,0,0,0,0,0,0,,,,,,,,0
03ADL0019,474,1994,7/27/2018 14:07,7/27/2018,6,1,0,,0,,1,2,5,1,2,2,0,,,4,2,2,2,2,5,0,,1,2,2,2,5,1,1,1,1,1,1,1,1,1,0,,,,1,9,9,1,4,1,5,1,1,1,2,0,,,,,0,,,,,,,,,0,,1,2,2,2,7,2,0,,1,2,0,2,1,2,0,,,,0,,,,1,1,0,2,1,2,0,3,0,,,,4,2,0,,0,,0,,1,2,0,,6,2,2,2,7,2,1,6,6,1,7,2,2,2,1,2,0,,8,2,6,3,9,0,0,0,1,0,0,0,1,0,2,0,0,0,1,0,0,0,1,1,2,2,1,3,3,1,5,2,5,5,1,0,,5,2,0,,1,3,1,1,1,3,1,2,2,1,2,5,1,1,1,1,1,3,2,2,1,2,9,2,10,2,1,2,2,1,3,2,5,2,1,2,1,2,1,2,4,2,5,1,1,0,,,,,,,,7,2,3,2,1,1,2,2,1,2,3,1,4,1,1,1,1,2,5,2,3,2,4,3,4,3,1,4,3,1,1,2,5,5,4,2,5,3,3,5,5,3,5,5,2,1,2,1,5,3,1,3,4,3,2,1,2,4,3,8,3,8,3,5,3,3,0,,3,3,2,2,0,,5,2,5,0,,,0,,5,3,4,2,2,3,5,3,9,0,0,0,1,0,1,0,0,0,0,,0,,,,,,,,3,3,5,0,,1,1,0,,5,3,1,5,3,1,1,2,0,,0,,1,2,0,,,0,,6,2,2,2,2,2,2,1,1,2,4,3,2,2,0,,1,3,1,2,3,3,2,1,2,2,2,3,9,2,1,5,5,1,5,1,0,,,,0,,0,,,,,,0,,,,,,,,,0,,0,,1,1,1,2,1,1,0,,1,2,6,5,0,0,0,0,0,0,0,0,0,0,0,0,0,0,0,0,0,0,0,0,0,1,0,0,0,0,0,0,1,1,2,1,0,,,,,,,,,,,,,,,,,,,0,0,0,0,0,0,0,0,0,0,0,0,0,0,0,0,0,0,0,0,0,0,0,0,0,0,0,0,0,0,1,6,3,2,0,0,0,0,0,0,0,0,0,0,0,0,0,0,0,,,,,,,,0
03ADL0020,,1985,,7/31/2018,2,2,0,,0,,1,1,3,1,1,3,6,3,5,1,1,2,0,,,0,,1,6,6,3,5,2,1,1,1,1,0,,,,0,,,,1,9,9,3,2,2,4,0,,0,,0,,,,,1,2,1,1,1,5,1,2,1,0,,1,1,0,,3,2,2,2,0,,,,1,1,0,,,,1,1,0,1,1,1,0,1,1,1,0,2,0,,,,1,2,2,2,9,3,8,2,3,2,8,3,1,1,2,1,1,1,0,,,,7,3,6,3,4,2,0,,8,3,8,2,10,0,1,0,1,0,0,1,1,0,0,0,0,0,0,0,0,0,,,3,1,1,1,1,2,6,3,4,6,2,1,1,2,2,1,2,1,2,1,,1,1,,1,,1,2,1,2,1,1,2,2,1,2,1,1,5,9,3,1,2,1,1,2,1,1,1,5,2,1,1,1,1,1,1,1,2,3,1,3,0,,,,,,,,1,3,3,5,2,1,1,1,2,2,5,1,4,4,1,,0,,6,2,1,1,1,2,1,2,3,1,2,3,0,,,,1,2,5,1,3,5,0,,,3,2,3,2,1,0,,1,2,6,2,1,6,2,0,,6,2,1,3,2,2,5,0,,5,2,0,,0,,8,2,1,8,2,1,0,,2,2,6,2,0,,3,2,10,0,0,0,0.5,0,0,0.5,0.5,0,0,,0,,,,,,,,0,,,0,,0,,0,,2,2,1,2,2,1,1,3,1,2,4,3,4,2,0,,,0,,7,2,1,0,,2,2,3,1,1,2,2,1,1,1,2,0,,1,2,1,5,2,2,3,1,2,2,10,2,1,5,5,1,0,,4,,1,,6,,1,1,,3,4,2,1,1,,,3,3,1,,,0,,0,,1,1,1,1,1,1,1,1,1,1,5,1,0.5,0,0.5,0,0,0,0,0,0,0,0,0,0,0,0.5,0,0,0,0,0,0,0,0,0,0,0,0,0,0,,,,0,,,,,,,,,,,,,,,,,,,0,0,0,0,0,0,0,0,0,0,0,0,0,0,0,0,0,0,0,0,0,0,0,0,0,0,0,0,0,0,1,3,3,1,0,0,0,0,0,0,0,0,0,0,0,0,0,0,0,,,,,,,,0
03ADL0021,482,1967,,8/7/2018,2,2,,,,,,,,,,,,,,,,,,,,,,,,,,,,,,,,,,,,,,,,,,,,,,,,,,,,,,,,,,,,,,,,,,,,,,,,,,,,,,,,,,,,,,,,,,,,,,,,,,,,,,,,,,,,,,,,,,,,,,,,,,,,,,,,,,,,,,,,0,0,0,0,0,0,0,0,0,,0,0,0,0,0,0,0,,,,,,,,,,,,,,,,,,,,,,,,,,,,,,,,,,,,,,,,,,,,,,,,,,,,,,,,,,,,,,,,,,,,,,,,,,,,,,,,,,,,,,,,,,,,,,,,,,,,,,,,,,,,,,,,,,,,,,,,,,,,,,,,,,,,,,,,,,,,,,,,,,,,,,,,,,,,,,,,,,,,0,0,0,0,0,0,0,0,0,,,,,,,,,,,,,,,,,,,,,,,,,,,,,,,,,,,,,,,,,,,,,,,,,,,,,,,,,,,,,,,,,,,,,,,,,,,,,,,,,,,,,,,,,,,,,,,,,,,,,,,,,,,,,,,,0,0,0,0,0,0,0,0,0,0,0,0,0,0,0,0,0,0,0,0,0,0,,0,0,0,0,0,,,,,,,,,,,,,,,,,,,,,,,,0,0,0,0,0,0,0,0,0,0,0,0,0,0,0,0,0,0,0,0,0,0,0,0,0,0,0,0,0,0,,,,0,0,0,0,0,0,0,0,0,0,0,0,0,0,0,0,,,,,,,,0
03ADL0022,484,1955,8/16/2018 18:27,8/9/2018,4,2,0,,0,,2,1,1,2,2,1,0,,,0,,,0,,,0,,1,1,1,1,1,3,1,1,1,1,0,,,,0,,,,1,7,7,2,5,1,2,1,1,1,1,1,0,1,1,1,7,2,1,1,3,1,1,7,1,1,1,2,2,1,2,6,2,1,1,1,1,1,1,0,,0,,,,1,1,1,1,0,,,,1,1,1,2,0,,,,1,1,1,1,6,2,5,1,0,,0,,4,1,5,1,0,,0,,,,4,2,0,,4,2,0,,4,1,7,2,8,0,1,0,1,0,1,1,0,0,0,0,0,0,0,0,0,0,,,1,1,1,4,6,1,8,2,2,4,1,1,1,1,2,1,1,1,1,2,2,1,1,1,1,1,,,3,2,0,,1,2,2,2,2,1,2,1,2,4,2,3,0,,,,,,,0,,0,,0,,0,,,,,0,,,,,,,,1,2,1,2,2,1,1,1,0,,,,,,,,1,1,4,2,0,,2,2,0,,,0,,,4,2,3,3,4,2,0,,,,1,2,2,2,2,1,2,1,0,,0,,2,2,3,1,,1,3,2,2,2,2,1,3,1,0,,0,,0,,1,2,2,,2,2,2,2,0,,1,2,2,2,,,1,1,7,0,0,0,1,0,1,0,0,0,7,2,0,,,,,,,,1,1,1,0,,0,,0,,3,1,1,2,1,1,1,1,0,,,,1,2,2,2,2,0,,1,2,,0,,2,2,1,1,1,3,2,0,,0,,1,2,1,1,2,2,2,5,,,6,2,4,2,1,4,4,2,3,1,2,2,,1,4,4,0,,,,,,0,,,,,,,,,1,1,0,,1,2,0,,0,,0,,1,2,2,4,1,0,0,0,0,0,0,1,0,1,1,0,0,0,0,0,0,0,0,0,0,0,0,0,0,0,0,0,0,,,,0,,,,,,,,,,,,,,,,,,,0,0,0,0,0,0,0,0,0,0,0,0,0,0,0,0,0,0,0,0,0,0,0,0,0,0,0,0,0,0,1,2,5,2,0,0,0,0,0,0,0,0,0,0,0,0,0,0,0,,,,,,,,0
03ADL0023,481,1988,8/8/2018 15:03,8/8/2018,11,2,0,,1,1,1,2,5,1,2,3,2,2,3,1,2,2,1,2,1,0,,1,1,1,2,3,3,1,1,1,2,0,,,,1,1,1,2,1,9,9,3,5,1,5,1,2,1,2,1,6,6,2,1,6,2,1,1,5,1,1,7,2,1,2,7,2,4,2,7,2,4,2,1,6,0,2,4,2,1,4,0,3,1,4,3,3,1,4,1,2,1,7,4,3,0,,,,5,3,4,3,7,3,5,3,3,3,4,3,4,3,4,2,4,2,1,6,4,2,5,2,4,2,4,2,4,2,4,3,4,3,6,0,0,0,0,0,1,0,0,0,0,0,0,0,0,0,0,0,,,4,2,1,4,4,2,4,3,3,3,2,3,3,4,3,4,3,4,3,2,1,2,3,2,1,1,4,1,4,2,4,2,3,2,4,2,4,2,2,,,5,2,1,3,3,1,5,3,5,2,3,3,0,,3,3,4,3,5,1,3,4,1,3,1,5,3,3,2,6,2,3,5,2,1,3,1,4,2,3,2,5,3,3,2,5,2,5,2,3,2,4,2,4,3,3,4,3,3,3,3,3,5,1,3,4,3,2,2,2,3,3,4,2,3,2,3,4,2,2,2,5,3,3,4,2,2,3,4,3,4,2,4,4,3,2,3,4,3,2,2,0,,4,3,3,4,2,3,4,2,3,3,6,3,1,3,4,3,1,0,0,0,0,0,1,0,0,0,1,2,1,4,3,2,2,2,2,2,1,2,2,6,2,4,2,4,2,5,2,2,4,2,2,3,2,4,2,6,2,1,2,5,2,2,2,2,4,3,2,3,2,4,3,1,3,2,4,3,4,3,4,2,4,2,4,2,2,2,2,2,5,1,4,2,5,2,1,5,3,2,4,3,4,2,2,1,4,2,1,2,2,2,4,2,1,5,2,3,3,2,4,2,2,2,2,1,2,1,1,1,3,1,3,1,3,1,4,4,4,1,0,0,0,1,0,0,1,0,0,0,1,0,0,0,0,0,0,0,1,0,0,0,0,0,0,0,0,0,,,,0,,,,,,,,,,,,,,,,,,,0,0,0,0,0,0,0,0,0,0,0,0,0,0,0,0,0,0,0,0,0,0,0,0,0,0,0,0,0,0,2,6,6,2,0,0,0,0,0,0,0,0,0,0,0,0,0,0,0,,,,,,,,0
03ADL0024,489,1961,8/17/2018 23:33,8/15/2018,8,2,0,,0,,0,,,0,,,0,,,0,,,0,,,0,,1,1,0,2,1,1,0,,,,0,,,,0,,,,1,9,9,1,5,1,1,0,,0,,1,7,1,2,1,7,2,1,1,1,5,0,7,2,1,1,9,1,0,,9,2,1,1,0,,,,1,1,1,1,0,1,1,1,1,1,1,1,1,1,1,1,1,2,0,,,,1,1,9,1,4,2,1,2,1,1,2,2,6,2,4,2,1,1,0,,,,6,1,1,2,1,1,1,1,0,,4,2,7,0,0,0,1,0,0,0,0,0,0,0,0,0,0,0,0,0,,,4,2,1,5,5,2,8,2,3,8,1,1,1,1,2,1,1,0,,,,,,,,,1,2,0,,0,,2,2,0,,0,,,7,1,9,2,1,1,2,1,3,3,5,2,0,,0,,1,1,2,2,,,,1,3,2,,5,3,1,1,1,2,2,3,2,1,1,1,1,2,4,1,1,2,1,1,7,2,7,1,0,,0,,1,2,1,0,,,2,1,3,2,1,1,0,,,,1,2,1,1,1,1,2,1,2,1,0,,0,,,0,,1,2,4,1,0,,,,,0,,0,,1,1,0,,1,1,1,1,1,1,1,1,1,1,6,2,0,,6,2,7,0,0,0,1,0,0,0,0,0,6,1,1,1,1,1,1,1,4,4,1,2,2,7,2,1,2,0,,6,2,1,1,2,1,1,1,0,,7,1,0,,5,1,1,1,2,5,1,1,1,1,5,1,1,1,1,4,1,1,2,5,2,1,1,1,2,2,1,1,1,6,1,5,1,4,1,1,5,4,1,0,,0,,,,0,,0,,,,,,0,,,,,,,,,4,1,1,1,1,1,1,1,0,,1,1,1,3,4,6,0,0,1,0,0,0,0,0,0,0,0,0,0,0,0,0,0,0,0,0,0,0,0,0,0,0,0,0,0,,,,1,0,,,,5,3,2,2,1,3,0,,0,,,0,,,0,0,0,0,0,0,0,0,0,0,0,0,0,0,0,0,0,0,0,1,0,0,0,0,0,0,0,0,0,0,3,2,4,2,0,0,0,0,0,0,0,0,0,0,0,0,0,0,0,,,,,,,,0
03ADL0025,494,1955,8/22/2018 13:35,8/22/2018,2,1,1,1,1,1,1,1,0,0,,,0,,,2,2,1,1,1,1,3,2,0,,,,,,1,2,1,1,0,,,,0,,,,1,8,7,2,5,1,5,0,,0,,1,9,4,2,1,1,1,3,1,2,3,1,1,2,1,2,6,2,1,2,8,2,4,1,1,4,4,1,5,2,1,1,1,2,1,1,2,2,1,1,1,1,1,6,6,2,0,,,,0,,6,2,5,2,6,2,4,2,1,2,4,2,6,2,6,2,1,6,6,3,5,2,5,2,5,2,6,2,8,3,5,2,0,0,0,0,0,0,0,0,0,0,0,0,0,0,0,0,0,0,,,4,2,1,5,7,2,7,3,5,6,2,6,2,5,2,3,2,5,2,2,1,1,4,2,2,1,1,1,6,2,1,2,1,1,1,2,4,2,3,5,3,3,2,1,1,1,2,2,2,2,2,0,,4,2,1,2,0,,,,,1,2,2,2,2,2,2,1,5,2,2,2,1,1,2,2,2,1,1,2,2,2,1,1,2,2,3,2,1,2,5,3,0,,,3,2,4,3,3,4,2,4,2,1,2,2,3,0,,,1,2,3,2,2,3,1,1,2,3,2,5,0,,5,2,3,2,5,2,2,5,1,0,,1,1,1,2,2,2,1,2,3,1,1,3,1,1,1,2,4,3,1,2,0,,4,0,1,0,1,0,1,1,0,0,3,2,1,2,4,2,4,3,2,3,1,2,2,3,1,1,2,2,2,1,2,1,0,,,2,2,1,1,1,2,0,,4,2,3,4,2,3,2,1,3,2,5,2,2,3,2,1,2,3,2,2,2,1,2,1,2,3,2,3,1,3,2,0,,5,2,2,2,2,,6,1,1,1,2,1,3,1,1,2,2,1,,,1,2,1,1,2,2,2,2,1,1,1,0,,1,1,1,2,1,2,1,2,1,1,3,3,1,0,0,0,1,1,0,0,0,0,0,0,1,0,0,0,0,0,1,1,0,0,0,0,0,0,0,0,1,5,2,4,1,0,,,,1,2,2,2,1,4,0,,0,,,3,3,4,0,1,1,0,1,0,0,1,0,1,1,1,0,0,0,0,1,1,1,1,0,0,0,0,0,0,1,0,0,0,2,4,4,2,0,0,0,0,0,0,0,0,0,0,0,0,0,0,0,,,,,,,,0
03ADL0026,497,1978,,8/29/2018,2,1,0,,5,3,1,2,0,0,,,0,,,0,,,0,,,2,2,0,,,,,,0,,,,0,,,,1,2,1,2,1,9,9,2,5,1,2,0,,1,1,1,1,1,1,1,0,,,,,,,,,0,,2,2,0,,8,2,3,2,1,4,4,2,2,2,0,,,,1,3,2,2,1,5,6,2,1,4,3,2,1,5,1,3,2,2,6,2,6,2,7,3,3,1,1,2,5,2,3,2,3,2,1,1,2,2,7,2,4,2,3,2,0,,5,2,7,2,6,0,1,0,0,0,1,0,1,0,4,0,0,0,1,0,0,0,1,1,3,2,1,7,7,2,6,3,3,4,1,3,2,4,3,3,2,3,2,1,1,1,1,1,1,1,3,2,5,2,2,2,4,3,3,2,4,2,3,7,2,7,2,,,,,,,,,,,,,,,,,,,,,,,,,,,,,,,,,,,,,,,,,,,,,,,,,,,,,,,,,,,,,,,,,,,,,,,,,,,,,,,,,,,,,,,,,,,,,,,,,,,,,,,,,,,,,,,,,,,,,,,0,0,0,0,0,0,0,0,0,,,,,,,,,,,,,,,,,,,,,,,,,,,,,,,,,,,,,,,,,,,,,,,,,,,,,,,,,,,,,,,,,,,,,,,,,,,,,,,,,,,,,,,,,,,,,,,,,,,,,,,,,,,,,,,,0,0,0,0,0,0,0,0,0,0,0,0,0,0,0,0,0,0,0,0,0,0,,0,0,0,0,0,,,,,,,,,,,,,,,,,,,,,,,,0,0,0,0,0,0,0,0,0,0,0,0,0,0,0,0,0,0,0,0,0,0,0,0,0,0,0,0,0,0,,,,0,0,0,0,0,0,0,0,0,0,0,0,0,0,0,0,,,,,,,,0
03ADL0027,502,1982,,9/14/2018,5,2,0,,3,3,0,,,1,2,1,,,,,,,,,,,,,,,,,,,,,,,,,,,,,,,,,,,,,,,,,,,,,,,,,,,,,,,,,,,,,,,,,,,,,,,,,,,,,,,,,,,,,,,,,,,,,,,,,,,,,,,,,,,,,,,,,,,,,,,,,,,,,,0,0,0,0,0,0,0,0,0,,0,0,0,0,0,0,0,,,,,,,,,,,,,,,,,,,,,,,,,,,,,,,,,,,,,,,,,,,,,,,,,,,,,,,,,,,,,,,,,,,,,,,,,,,,,,,,,,,,,,,,,,,,,,,,,,,,,,,,,,,,,,,,,,,,,,,,,,,,,,,,,,,,,,,,,,,,,,,,,,,,,,,,,,,,,,,,,,,,0,0,0,0,0,0,0,0,0,,,,,,,,,,,,,,,,,,,,,,,,,,,,,,,,,,,,,,,,,,,,,,,,,,,,,,,,,,,,,,,,,,,,,,,,,,,,,,,,,,,,,,,,,,,,,,,,,,,,,,,,,,,,,,,,0,0,0,0,0,0,0,0,0,0,0,0,0,0,0,0,0,0,0,0,0,0,,0,0,0,0,0,,,,,,,,,,,,,,,,,,,,,,,,0,0,0,0,0,0,0,0,0,0,0,0,0,0,0,0,0,0,0,0,0,0,0,0,0,0,0,0,0,0,,,,0,0,0,0,0,0,0,0,0,0,0,0,0,0,0,0,,,,,,,,0
03KID0002,478,2003,,8/3/2018,9,2,0,,0,,1,1,0,1,1,1,0,,,0,,,0,,,0,,1,1,1,2,1,1,1,1,2,2,0,,,,0,,,,1,9,9,2,5,2,5,1,,0,,0,,,,,0,,,,,,,,,1,1,3,1,0,,3,2,1,1,1,0,2,1,2,2,1,1,2,1,1,1,2,1,1,3,4,2,1,1,2,2,0,,,,4,2,3,1,2,1,1,2,0,,2,2,1,2,1,2,1,1,1,0,3,2,1,1,1,1,2,3,1,2,1,2,3,3,3,0,1,0,0,0,0,0,0,0,0,0,0,0,0,0,0,0,,,1,2,1,2,2,3,1,3,2,0,,0,,3,3,0,,1,2,1,1,1,2,2,4,3,3,3,0,,2,3,1,3,3,3,2,3,1,3,2,8,2,1,1,2,1,1,1,1,1,3,2,1,1,0,,3,1,3,,,,,,,,,,,,,,,,,,,,,,,,,,,,,,,,,,,,,,,,,,,,,,,,,,,,,,,,,,,,,,,,,,,,,,,,,,,,,,,,,,,,,,,,,,,,,,,,,,,,,,0,0,0,0,0,0,0,0,0,,,,,,,,,,,,,,,,,,,,,,,,,,,,,,,,,,,,,,,,,,,,,,,,,,,,,,,,,,,,,,,,,,,,,,,,,,,,,,,,,,,,,,,,,,,,,,,,,,,,,,,,,,,,,,,,0,0,0,0,0,0,0,0,0,0,0,0,0,0,0,0,0,0,0,0,0,0,,0,0,0,0,0,,,,,,,,,,,,,,,,,,,,,,,,0,0,0,0,0,0,0,0,0,0,0,0,0,0,0,0,0,0,0,0,0,0,0,0,0,0,0,0,0,0,,,,0,0,0,0,0,0,0,0,0,0,0,0,0,0,0,0,,,,,,,,0
JMEEER4Y,92,1966,3/14/2017 15:47,3/14/2017,9,1,1,1,3,2,2,2,0,2,2,1,0,,,0,,,0,,,0,,1,1,1,1,3,1,1,2,1,1,0,,,,1,3,3,1,1,7,7,1,3,1,5,2,1,2,1,1,2,1,2,3,1,1,1,1,1,1,1,7,2,1,2,1,1,1,1,4,2,1,1,1,2,1,2,1,1,1,1,1,2,1,1,1,2,1,3,1,2,1,3,1,3,1,1,1,3,1,1,2,2,9,3,7,2,3,2,8,2,6,2,3,2,1,2,1,3,2,2,4,2,6,3,5,2,5,2,7,3,8,2,10,0,1,0,1,0,0,0,1,0,6,0,1,0,1,0,0,0,1,1,1,1,1,6,6,3,7,3,5,8,2,1,1,6,2,3,2,4,3,4,2,1,5,2,1,1,4,2,3,1,0,,0,,6,2,6,2,5,7,3,0,,,0,,,,,,,3,1,1,1,3,2,1,2,3,3,4,2,1,1,1,2,2,5,2,4,2,3,5,2,1,,2,1,1,3,1,3,3,3,2,0,,3,2,2,2,3,2,3,2,3,3,2,1,4,2,1,5,,,0,,,,3,2,2,1,2,2,2,1,0,,3,2,3,2,2,4,1,4,2,3,1,5,2,1,3,5,3,2,4,2,4,2,0,,5,2,1,5,2,1,0,,3,2,6,2,0,,5,2,4,0,1,0,1,0,0,0,1,0,0,,1,6,4,2,3,1,5,5,3,2,3,3,2,0,,0,,3,2,1,5,2,1,5,2,0,,0,,0,,0,,,0,,6,1,1,0,,0,,,0,,0,,0,,0,,0,,0,,,,,,0,,0,,8,2,1,5,5,1,6,2,0,,,,0,,0,,,,,,1,1,1,1,5,2,1,,,0,,0,,1,1,1,1,1,1,1,1,1,1,7,5,1,0,0,0,0,0,0,0,1,0,0,0,1,0,1,0,0,0,0,0,0,0,0,0,0,0,0,0,0,,,,1,2,2,2,4,0,,,,,,0,,0,,,2,2,4,0,0,0,0,0,0,0,0,0,0,0,0,0,0,1,0,1,0,1,1,0,0,0,1,1,1,0,0,0,0,1,4,5,2,0,0,0,0,0,0,0,0,0,0,0,0,0,0,0,,,,,,,,0
