# https://github.com/mikedh/trimesh
v -146.06351693 -151.09885351 6.42477011
v -142.71185433 -135.75434079 18.55746508
v -162.58599154 -139.48329860 16.79861785
v -176.10958357 25.15021822 783.68062155
v -181.40478416 2.84946699 768.23078837
v -179.10294835 4.63845108 788.98412756
v -55.72509863 -9.12652624 1345.22954246
v -64.29409634 -5.97765674 1356.74244389
v -59.02008749 1.45631173 1349.80191483
v -111.89213007 -19.88283034 191.01962806
v -98.66489506 -14.20436633 172.96539586
v -97.35785801 -14.34298023 192.14878556
v -106.31754042 18.76382556 7.21065130
v -107.48240701 35.34634844 7.00323707
v -103.96370189 13.07590060 17.51826760
v -165.53399154 -70.29554391 756.53355274
v -167.80600993 -62.15795569 766.40915857
v -172.28043729 -58.57478806 746.44943889
v 67.26690537 -123.07055835 1034.40807523
v 75.88256046 -114.95966295 1030.71025651
v 89.69588469 -115.99734693 1036.60137574
v -73.33094174 -31.29217208 365.62524560
v -48.74963521 -18.01477103 377.23903011
v -65.11082479 -36.65461871 380.33863554
v -209.69108267 -96.07493472 9.91063298
v -204.43550173 -73.28182822 10.75512411
v -204.14779272 -76.60768492 6.67518529
v -39.99612388 -119.43296773 903.45056116
v -33.42912712 -122.15734595 885.96507241
v -10.17396545 -123.63014558 893.91103473
v -77.43557462 -0.05110330 188.52595817
v -81.35588133 3.82175790 165.95491164
v 39.77834316 -75.10626158 610.71273045
v 24.46398744 -57.50822139 602.31931098
v 32.83174263 -63.07883147 588.32756425
v -74.46850172 10.21818577 177.69968548
v -185.74064359 -49.55950784 27.38322666
v -191.77088476 -71.74862981 28.74669935
v -181.59321839 -70.14041701 35.07510822
v -10.18001605 -124.34597598 905.41831722
v 9.92758444 -124.22469018 905.70061525
v -61.35685038 -32.72050528 1345.09715995
v -65.03599572 -28.03402802 1351.12051620
v -72.38482646 12.04946852 191.05501029
v -76.54816477 -0.65504288 199.71826627
v -61.97121022 96.83789937 874.35249206
v -79.16227304 86.78114356 890.40207217
v -68.60309427 89.95225332 890.81171417
v -164.04028680 -55.37583086 46.48832812
v -152.66996260 -29.40978617 57.61398543
v -165.03724724 -34.27188848 48.74436132
v 169.88682899 84.76694794 799.37928496
v 181.96352711 65.13922049 797.13748263
v 175.51435170 78.63036605 782.33453941
v -61.71265668 -105.97474511 985.40322096
v -64.07626135 -105.07324099 963.43026796
v -36.66034722 -121.26943722 973.12257832
v 51.29582623 -81.30896325 599.17652328
v 64.42905605 -84.80500614 584.99392978
v 60.82626879 -89.42022754 618.09075222
v -74.25787127 -1.94060758 210.39355920
v -37.20664107 59.08787147 1319.31655972
v -42.12592983 60.70584099 1332.38380017
v -29.96622998 62.04259387 1324.68089218
v -200.91872489 -86.53236199 23.80217878
v -195.97721438 -64.05303556 23.45381542
v -98.58857111 -17.20545256 199.99108097
v -18.03284494 -120.68935917 1025.53268868
v -17.71943938 -116.13677812 1018.29212360
v 0.33789729 -119.14810701 1018.63048819
v 2.00296202 6.35066618 1544.13300530
v 20.10570642 10.37473633 1535.41592411
v 9.24574160 14.55313565 1542.25640239
v 73.48566984 -89.47080446 583.78642294
v 83.08784938 -89.51115650 571.13349760
v -122.27489049 -19.37327034 173.87673932
v -204.42212429 -109.91671530 6.73208175
v -177.07252246 19.22684865 5.32170277
v -175.93538987 -4.81208289 802.70797473
v -172.01693189 4.22534809 812.77924716
v -101.14247434 -13.41960174 162.59689811
v -122.44536420 -19.74219668 137.57667276
v -98.28886491 92.94372378 844.74973282
v -119.14755363 75.94636039 849.70803318
v -96.29144634 86.71246343 863.56838616
v -4.01862007 66.94851355 1351.03887944
v 1.99915993 62.42557212 1334.97589950
v -13.22549365 62.97836846 1334.21147836
v -181.46444776 -85.84944948 33.89201188
v -104.03815663 -14.09923749 130.74280702
v -89.00266139 -92.81813066 942.82694659
v -106.28018371 -82.03849098 936.31644807
v -91.18086387 -94.79565128 923.37328765
v 51.51133665 -76.49356805 573.43267889
v 68.88709764 -82.76995778 552.80333421
v -98.02403838 -11.38539573 146.82992748
v -182.70042046 -148.57449902 7.18301467
v -163.23377958 -153.27184963 6.41178815
v 204.90053178 19.19927118 715.71196529
v 199.88976168 44.16993541 708.40045993
v 202.14707068 13.37264785 731.80199054
v -87.81433747 -2.19794107 150.09989449
v -48.99363114 -115.87767353 957.67366276
v -30.36786447 -125.69904072 955.55433214
v -197.22663855 -124.12623683 17.42808488
v -198.28585273 -102.19972845 22.87935041
v -206.50597470 -120.83081602 9.54810250
v -161.52796191 55.50469696 799.82317185
v -148.40583490 78.10488599 798.24480607
v -157.73172227 69.23385527 781.65647769
v -85.55663898 2.86332908 139.82437300
v 70.52553323 18.48466847 145.44747480
v 75.57992131 12.95598066 130.70750288
v 74.87631118 13.78797561 150.21526332
v 113.64174295 -99.26872713 715.54814160
v 94.51808432 -100.38167181 700.65562554
v 97.58599204 -103.46342667 682.92794297
v -92.55808006 -4.34744235 126.38731238
v -167.76706487 -110.58000022 27.86278624
v -184.15415330 -124.79169298 21.12771967
v -146.51166966 86.66469952 774.84647856
v -162.39687233 62.73577022 764.87669028
v 9.11079415 -81.35493641 1407.06508055
v 17.50808690 -77.48749559 1398.00205809
v 10.95150504 -75.51755930 1421.69405221
v -93.31249704 -3.12154614 117.88860463
v -109.61969507 -65.14527093 969.54605505
v -122.01778619 -44.57165032 965.08472433
v -124.76811509 -47.10324012 953.14543021
v -197.60782621 -135.91112494 6.92184348
v -85.91645347 7.52611046 121.79192992
v 105.92218266 -78.38138667 961.94906976
v 88.00017747 -99.29078591 958.98955064
v 96.82212803 -92.97948280 941.29998757
v 134.63699797 -97.27140425 710.60142880
v 129.62302542 -91.58366170 746.94286058
v 122.50157540 -96.63571492 728.09049447
v -84.45667250 9.95621671 109.04855427
v 16.14646200 57.74319446 1320.48627618
v 2.31528660 63.20522791 1317.86239019
v -196.24337282 -137.37069768 9.51180765
v -183.83120324 -139.03565676 14.72965755
v -82.29440649 18.03287805 114.65410039
v 46.99887184 -123.99779015 979.12600709
v 55.59954467 -123.94631730 953.88624129
v 70.59547926 -113.58872155 969.97388115
v 50.17579422 -44.55047894 1440.74411971
v 59.15960158 -28.43520318 1436.67975106
v 55.51651674 -34.21690891 1447.18259885
v -87.17588195 9.36150481 88.39275078
v -181.68239323 1.05316739 5.63218737
v -163.90067133 25.20440678 28.17232939
v -174.00542185 36.49592983 7.74280360
v -176.60568306 15.49532244 736.55444122
v -166.41545239 47.50449081 742.35205616
v -170.79926682 38.28197383 721.68789996
v 28.95176140 -70.93831756 1407.07347369
v 27.54215353 -71.22855771 1425.10064114
v -83.08758276 27.30001304 111.69587787
v 96.56134239 -108.08628010 777.59361425
v 84.84118593 -108.42134520 757.27771742
v 105.30657096 -99.94420895 750.58995423
v -89.01259972 35.26954782 92.92593675
v -141.59304495 68.51176323 20.89134857
v -148.00737859 63.91609996 21.82740571
v -143.23266812 58.71817525 52.79632107
v -180.66611775 12.39562933 704.53702763
v -181.34731867 -7.77919967 723.50363618
v -84.89689055 41.88318589 113.01401106
v 150.02602301 41.55535748 173.42416929
v 146.20780558 21.11199943 189.84185265
v 147.65930420 31.55915387 165.63606583
v -78.71281563 40.49390821 142.03154240
v -68.35205811 -100.79767298 969.26611239
v -86.61376249 -88.41431997 965.35935910
v -74.49728018 -126.70933252 695.11749915
v -57.02796245 -121.67220928 716.80736608
v -98.18733335 -127.03429291 702.09430227
v 56.28773714 19.34810682 1303.24228376
v 73.49653746 27.39074749 1298.90948757
v 50.85351544 27.00354810 1308.77070607
v -78.30009317 25.19258873 127.63886084
v 82.61839045 -105.93177429 978.82773709
v 96.92748408 -92.80453325 992.20478394
v 92.80477376 -101.33716212 724.09344978
v 84.27673439 -100.97418764 710.22294892
v -78.10680220 16.21822872 130.90436248
v -158.94386864 50.21748637 18.70311842
v -165.38349777 34.31812474 19.42525155
v -77.57540999 17.64407668 146.88762185
v 115.87740477 -67.06106761 970.20763678
v 115.91114542 -75.49235959 938.76622814
v 125.85850788 0.71699655 166.81361042
v 137.50761246 11.41801359 155.14713723
v 137.16787462 10.42549815 170.56237292
v -143.22775020 -45.06544363 57.18385221
v -128.46641184 -42.33035486 57.23053349
v -139.84370044 -31.16236137 63.62609646
v -74.73139051 -112.32093614 871.03898516
v -92.72172593 -105.73580560 853.26980152
v -67.03063534 -117.07311218 847.35005963
v -48.01509107 56.78334482 346.55560935
v -38.15059686 39.82735028 358.83062475
v -41.84017748 42.56340295 330.76372235
v -75.80276304 24.66536131 145.80628701
v 134.90597671 -162.07434744 1.78018462
v 132.59996890 -147.69902227 3.10772151
v 103.60577777 -149.26489168 2.37632995
v -172.82049414 -71.06412097 681.14266358
v -180.79045763 -50.36057101 684.81181895
v -179.09979723 -50.37693177 665.28231820
v -157.24447188 -85.00608602 41.90522010
v -170.07775493 -71.11283974 41.20197491
v -91.36029837 -109.70787213 840.57652761
v -81.72972299 -116.03518813 829.77110813
v -90.70601751 12.67780571 1393.82281796
v -86.55276081 18.72037736 1390.51105309
v -85.56654305 13.18844687 1384.13648491
v 42.07076849 64.12609473 1384.63921000
v 42.41571868 50.39646122 1380.13719121
v 34.43109444 55.72494992 1373.92164748
v -71.68518583 16.76441654 164.20413008
v 109.14574744 78.62363355 1075.12509309
v 101.05561789 84.80040954 1075.70581872
v 111.96347115 82.80731207 1080.34977174
v -48.04061685 -144.98447513 1064.39566548
v -60.43147172 -142.96047767 1067.17598019
v -62.67167898 -140.23265090 1048.48773702
v 136.76011539 -61.99516250 879.32629105
v 147.55967720 -49.67217501 872.46163928
v 136.66800061 -54.39027270 893.67227188
v 160.11147131 94.58103980 672.23945649
v 145.77397130 93.83988923 656.76861975
v 133.68099515 105.89595731 663.06871105
v 71.87730890 104.93882138 1116.41909238
v 82.76894759 97.96238086 1096.19728524
v 65.14130665 102.20333459 1098.94329810
v -73.83280467 34.75752177 153.89996115
v 39.21572946 -119.47954613 902.90272871
v 44.78566337 -119.69199367 875.51238913
v 46.62145731 -118.24338751 891.77496583
v -16.44530350 18.51393527 419.55951887
v -25.09698977 29.76015161 389.80601584
v -20.23405770 29.30101058 412.13628859
v -71.88586463 35.00409581 169.66982563
v 189.89285946 -25.99135650 777.70056861
v 184.36155634 -26.71359163 800.29665372
v 175.33510026 -41.94265346 802.55469849
v 51.11116194 7.89268969 1375.32172942
v 51.33642722 1.00290279 1376.37058210
v 53.41762425 -17.81279918 1356.47741799
v -183.56402700 -32.23451800 666.71531335
v -182.57086464 -19.21000110 653.99896214
v -179.11825605 -31.62353374 644.93730107
v -146.40524196 -67.58004208 48.90336897
v -138.72140806 -66.96182644 48.37753060
v -69.51960035 18.83661413 182.95716281
v 20.44731942 -126.38152672 847.94238439
v 21.30061206 -128.54429279 823.94166909
v 44.83682752 -124.32530978 830.03976260
v 185.61413569 -59.43604383 727.01383059
v 193.26009323 -47.73834900 709.90204316
v 190.63446160 -49.21780095 732.05801934
v 65.75326293 28.54251215 1404.53891120
v 58.08684626 39.22420363 1404.77875002
v 61.32002337 33.13763045 1413.37527215
v 54.31017215 105.27201645 1131.69569827
v 38.61121670 107.30161359 1115.12513602
v 40.53024756 105.10911144 1139.31522190
v -130.84370950 -119.15102956 20.24482822
v -120.01953762 -95.67963561 19.69622173
v -124.30034569 -94.98689487 27.95968302
v -52.16646020 -121.93821933 751.83813876
v -89.00101723 -119.56319486 746.29966722
v -71.34231582 -121.36355590 735.33340237
v 25.52191891 82.79671820 1375.15694251
v 33.48709273 82.09330664 1384.73823773
v 98.42526807 87.81351869 1083.12555140
v 124.96865847 91.68059062 1089.27893915
v -66.09417208 23.23502372 188.87074330
v -77.50496269 14.60829330 1382.99852264
v -79.07422900 24.67254380 1394.94876385
v -72.28443910 22.71408534 1385.95525545
v -12.91547393 16.34435457 457.02608026
v -23.70797817 35.07069967 469.95611706
v -19.09216067 27.68058970 488.74229558
v -64.45388676 15.10381725 208.50955552
v -130.91325110 -27.48020169 69.05829442
v -122.34363516 -118.48506966 720.01283638
v -99.07962244 -120.81381243 733.96606787
v -109.85595442 -116.02766829 1055.34871130
v -127.73380473 -93.72583290 1066.56301495
v -127.11947031 -91.73329289 1050.53577633
v -166.15455612 -51.82188910 1094.85498124
v -161.77798151 -40.35567323 1066.89480440
v -154.82044454 -45.57346839 1090.42833990
v 54.57663628 -39.91581389 1394.93263132
v 54.99671423 -31.28195356 1398.46108571
v 53.83377643 -40.31169067 1410.74975624
v 91.14893596 -100.28026920 885.43619420
v 70.05638613 -113.15105240 867.16333779
v 100.23495327 -95.80264881 876.25767552
v -75.44914593 -5.18709553 220.33846647
v 95.75761889 -93.11947376 924.51525574
v 78.93831111 -101.90491760 908.54444291
v 98.82221143 -88.79396014 907.63158894
v -192.16893471 -39.43931851 1012.15834254
v -201.30990530 -36.46495029 987.47604543
v -185.82954686 -34.72475927 1000.32089801
v -5.78946284 0.21835451 492.94156562
v -7.93006829 7.57433637 491.41928470
v -3.29316323 7.05295980 505.75236804
v -93.01270047 -15.98106175 218.49677020
v 155.68971651 -43.67033908 854.98535746
v 162.55522952 -20.90126339 862.70571517
v 156.57656142 -33.44023307 870.59620103
v -133.03651942 -71.11004290 43.21862167
v -133.18129555 -96.78522331 33.81414665
v 83.24766366 134.09532909 689.75362262
v 92.29078004 138.48273443 709.28085285
v 107.09184620 130.91404531 695.30289215
v -83.80226274 -15.53540374 232.05033895
v 70.46099799 -110.13537965 895.63844986
v 65.45282279 -109.01739284 908.91091333
v 173.01792312 -36.95768288 819.05593355
v -72.98509444 -10.11674238 238.33977288
v -111.51007072 -37.38512873 40.22326345
v -117.46422991 -51.36932012 41.92337505
v -115.80209762 -55.98731147 22.32920570
v -69.84105664 -123.53210407 777.33261212
v -70.04136476 -121.91577133 766.32182899
v -61.21313203 2.44919464 248.86061543
v -192.84253388 -45.48217979 1089.72663562
v -188.22273237 -44.83398220 1072.64631730
v -179.07074831 -49.10510447 1084.13625647
v 111.76399324 78.72999525 74.73007937
v 129.50928391 54.98506617 85.23212689
v 124.72186636 62.48641627 68.34809954
v 56.46904075 -94.29729319 685.30666398
v 66.39824979 -97.04008796 671.66892646
v 79.36021841 -100.44008410 684.59244748
v -58.90974145 18.12641636 226.80207715
v -118.34711211 -80.54594094 20.35521988
v -119.50811536 -68.60367438 28.38418874
v -50.79595337 -128.96676685 799.67715245
v -46.20305588 -127.32402990 781.88960883
v -44.22377430 -75.37458098 1424.26273031
v -53.55095171 -74.66743387 1404.50131071
v -33.39143429 -78.41150397 1423.11490243
v -14.91207170 -80.03472453 1325.42110369
v -17.97266164 -63.02310172 1319.63945353
v -11.27198104 -57.56904311 1312.39141074
v -55.04650150 11.14942048 248.99750248
v 150.35618112 65.06954653 1074.27840495
v 167.28602483 74.98523969 1066.83532621
v 162.54200217 70.65799062 1059.84181747
v -55.46697622 7.34362551 262.83510074
v -145.21793371 -2.49464243 874.91744333
v -135.51122863 19.88150340 891.09730657
v -144.63011778 16.66661764 867.96182797
v 129.54467631 53.39571012 1068.59396909
v 128.20120860 64.03350764 1076.43567544
v 136.41118820 49.60648362 1068.91455764
v -63.00131156 -8.18301507 289.47561919
v -11.81285839 -128.14513026 1031.89218904
v -53.27379637 -131.50543659 1031.67091411
v 40.22111877 -84.18509432 667.38325847
v 42.74168134 -87.27407095 690.77054108
v -67.72897487 -11.64218903 278.07459664
v 119.37552942 -80.56139746 881.04125176
v 99.78493724 -89.54779632 898.22069685
v 118.09204330 -85.70459266 864.39792858
v -64.55218609 3.46111933 1280.56329388
v -71.16041230 12.97770700 1283.29567479
v -79.55903727 5.59110105 1276.18292911
v -109.60360448 -51.69701417 7.49674023
v -109.05281581 -30.39899436 19.22836348
v -81.31445874 -23.15033282 292.97819535
v 7.26070794 -119.28329003 1026.12357956
v 28.19578156 -114.69546365 1019.95798619
v 16.57736090 102.02471041 1479.76807574
v 22.28993762 97.63410756 1482.41176139
v 23.68116099 94.88536327 1472.80921473
v 103.27245135 87.53247385 1047.94592905
v 114.63448744 74.93130307 1064.36496163
v 117.60773818 72.81148289 1041.63071121
v -61.02048826 -13.26749135 314.68681591
v -180.61101052 -56.32286087 35.05485754
v -178.57222324 -43.36893792 37.72491868
v -42.93003696 -126.91233859 830.94241565
v -43.38843220 -123.83126134 842.92810866
v -62.79573900 -123.37565715 824.32760147
v -24.73394026 -80.35580391 1330.17902403
v -31.51181215 -67.95260900 1331.39195799
v 137.37690570 57.66575365 1074.73912255
v 143.29363604 56.31046232 1068.05515011
v -79.25460395 -24.31411526 320.75881105
v -47.45260121 -80.96507790 1391.75102440
v -55.32555480 -73.87012324 1394.32167027
v -56.96669193 -70.48219080 1382.52003552
v 48.76715534 -87.08930267 648.36771660
v 63.26172265 -92.34866368 636.27736340
v 82.11077915 -99.63693186 638.13591552
v -68.28994344 -20.98673294 327.96191781
v -156.72922466 -20.17872442 56.80782756
v -166.03205528 -24.10197641 46.58259229
v -50.37255489 -122.02821310 858.42685207
v -60.45311685 -15.60624211 335.49879166
v 114.16359676 91.67187845 156.80668725
v 96.14278743 93.68562078 170.37743790
v 112.20007431 96.78050270 189.40387329
v -66.05211522 -22.86318028 353.64481232
v -114.04532877 69.91391516 875.27729023
v -129.34200474 54.50608955 866.73383575
v -114.94299110 56.17590176 899.59932119
v -55.75071416 32.06687304 1302.61108167
v -59.60116769 38.94159525 1293.71826423
v -66.83590388 29.33251559 1294.70527000
v -115.66393635 -72.59088439 8.25077263
v -70.65920964 -25.81480325 356.64024263
v -29.44589415 -115.07207148 1011.56779030
v -26.24738992 -123.98093560 989.98164404
v 29.85648459 -72.42182121 643.65374596
v 39.96590756 -80.11532361 636.45169153
v -47.71545124 -6.87705921 352.63452160
v 94.67390797 -103.96388289 839.20151498
v 76.81117287 -115.11099894 830.76620239
v 95.73840853 -106.62950140 828.00324206
v -173.20423103 -37.15293900 41.79382727
v -26.40321185 -115.15886291 1020.42186008
v -36.72159171 -117.29967731 1023.60116046
v -166.46958471 -57.66148293 1144.81186165
v -154.30105114 -64.48111851 1129.56950745
v -151.27621073 -72.24107053 1142.28263001
v 109.25995857 -127.38052416 14.82320496
v 131.43696538 -94.63691842 26.62729970
v 108.20738533 -88.87383026 30.85026379
v -28.37162839 -111.43422527 673.37157207
v -29.64577731 -109.56705784 657.97513643
v -3.24065862 -89.59253110 665.10871819
v -75.91915382 -42.82848025 380.15572227
v -102.52479136 -8.36564099 36.46107180
v -107.41200342 -23.56493565 47.45500650
v -106.60365470 -18.69692553 27.60232280
v -176.82178708 -39.77192445 756.27992525
v -177.77972373 -42.42588075 737.41225784
v -64.35241343 39.09081127 1378.90502024
v -58.64104671 -45.14495309 395.10332970
v -68.98372566 -59.65068614 403.37754874
v -31.72092463 130.61841135 696.39250433
v -5.05485691 121.55562335 684.83929240
v -35.36348722 117.49766296 674.44603082
v -123.29208185 -68.91200147 35.44722859
v 120.20188772 96.67850960 649.14885758
v 123.32103572 94.07094280 641.41830061
v 99.41124634 93.78752283 640.89710464
v 148.05388618 14.76812218 16.33433925
v 142.72142995 32.60929119 19.48356120
v 138.53667506 21.85523279 35.03341826
v -60.46411144 -56.78608048 407.32219168
v -134.96679537 91.64292143 801.33087367
v -108.13918860 117.69489544 790.70900166
v -132.23353337 101.04024005 781.21347619
v -47.08650190 -119.69742291 664.52775647
v -57.50983997 -122.53209503 641.50996645
v -34.88906025 -113.14243549 645.48295253
v -59.64173919 -70.28596467 433.11554026
v 34.31292686 -26.82154797 1328.64249419
v 32.60286897 -13.49266724 1322.36741326
v 36.18629999 -6.74753874 1334.26162461
v 204.88120700 -40.28825131 1046.01383373
v 223.43697092 -33.80667040 1030.46993672
v 221.85239937 -32.17381365 1051.98581253
v -104.94415717 -2.25204168 16.14973081
v -100.86439003 -2.76999613 45.79390770
v -76.85705746 -71.92268625 424.49788633
v -139.92021659 55.52608448 837.78835174
v -131.04159606 69.76958763 837.84046253
v -137.38930592 71.97150071 824.52174794
v -2.83522017 64.83710951 1524.26272750
v -15.72558481 80.32254288 1508.94607470
v -16.00045218 65.04726047 1526.86897054
v -56.42479042 -72.35040196 444.68227443
v -118.31121321 59.15454743 3.79284502
v -120.60152476 68.04278633 6.96202192
v -113.09227833 61.36194063 7.09438011
v -151.14347439 -6.57052420 522.88789180
v -149.78287754 10.00973122 530.54190424
v -150.42502158 -7.03891708 498.37637545
v 68.10261440 -103.62736466 1024.44595650
v 52.37561877 -108.92705470 1017.73291742
v 84.84681875 -94.81617111 1016.81414879
v -82.36378942 36.71501020 1407.61121999
v -76.74348814 44.43172969 1397.56261542
v -76.56918779 -79.75097548 447.45621856
v -69.00090945 -126.59304324 644.52227817
v -57.47776398 -124.44623967 666.82784593
v -85.55801448 -81.35318491 453.01084903
v 191.39313589 -41.93036438 1083.14448687
v 173.78454003 -40.29203192 1071.90779614
v 184.10660200 -42.68313419 1064.46214864
v -112.88393486 38.94104231 4.26067023
v -111.47627959 25.86195301 4.33767429
v -161.13308307 27.29035530 620.30343757
v -146.54826776 34.93907088 595.21179927
v -161.61729513 13.19288367 594.71404851
v -94.78063328 -68.83930953 420.05624047
v -88.28822164 -61.06750871 401.99225134
v 2.70275946 97.62667810 664.59540523
v -7.27022319 109.42346319 671.86420696
v 9.10653039 111.68763005 672.38907882
v 47.21348175 28.77271184 1503.34439446
v 55.82509227 41.63220321 1478.90746246
v 45.97408650 43.35093187 1502.75329348
v 42.98947365 22.14488247 1331.53493712
v 42.63597785 28.11275862 1327.79468378
v 37.44368121 34.62910241 1341.12912488
v -101.00863087 -55.68357832 399.95154494
v -90.72680425 118.99181176 698.01063663
v -101.41048194 120.27144347 731.97446406
v -88.85071147 127.60528581 736.52165246
v -66.60430621 -125.26987573 683.38042430
v -78.27915932 -128.25681751 669.58491839
v -113.83475596 -58.23194974 421.17620791
v -108.69332258 48.93078735 7.21934609
v -119.53469184 48.33641431 4.19421248
v 181.05669252 15.49421693 1257.69862002
v 164.65301635 38.41960955 1255.28288379
v 154.63226248 24.43293373 1265.44838384
v 125.95224129 77.99163569 570.68794899
v 139.88368657 70.01260391 570.82896057
v 125.61301087 74.35639937 539.41607697
v -114.77711053 -47.37041207 404.10608877
v -99.31362545 126.07712318 769.00306484
v -109.50318498 119.82107158 769.91119194
v -103.90206586 -47.20168497 389.93128950
v -134.04738339 70.93117522 7.15200953
v -147.27738346 66.52225586 7.39393563
v -95.22984266 61.97242380 597.19852405
v -108.33960091 57.98550586 586.53368819
v -115.49805030 56.27153120 600.16156011
v 80.35350144 -100.53400305 1024.22943688
v 95.04973091 -93.49805522 1024.44455860
v -59.25903905 53.08213874 466.27914383
v -46.10302503 50.85257911 461.08796295
v -75.16118585 57.31581650 464.29730125
v -110.39608154 -39.58321695 379.07418559
v 155.73100992 40.45509428 229.25115689
v 153.21515554 66.05213940 247.39948348
v 155.96857925 43.59187859 247.32639258
v 30.00658840 -54.50218778 563.80329695
v 24.03078350 -51.12149514 587.67547056
v 18.28716383 -40.18181327 564.37945816
v -124.32545145 -34.43182647 388.85609900
v 160.27235800 -88.50930335 677.02593321
v 177.04593779 -73.44523630 690.04940835
v 156.07843482 -89.68897516 688.90277550
v -120.20627671 68.84516117 20.05171152
v -111.92548596 61.25658556 17.47838203
v -104.57003833 64.51028212 622.53032265
v -121.17398923 60.16066559 624.52522878
v 89.72481423 32.70667073 1293.11259245
v 108.41273100 34.96619128 1288.00022179
v 95.99043641 48.36733311 1287.49426240
v -21.35834768 -85.80006372 1398.77760572
v -16.24486467 -90.64928632 1394.73318590
v -16.18288974 -87.65121655 1407.91149144
v -124.20624015 -26.64799233 372.59271328
v 113.75051271 -111.73038606 1075.39593613
v 97.18381621 -124.72645738 1071.15486344
v 109.67904096 -113.33183921 1056.76938343
v -113.60621797 -29.85092681 362.94850567
v -85.41836615 131.07725169 779.74785353
v -89.92762567 122.36814580 802.08835606
v -79.01926267 128.03986819 801.77342449
v -170.31401213 40.73544793 5.05208241
v -81.76791721 56.94440077 482.50700062
v -84.32647662 60.12351909 444.21735476
v -103.95628100 -32.59618799 363.21731340
v -106.89629840 -82.03273730 897.52018060
v -129.71390463 -55.13150146 891.97488023
v -119.95016197 -74.34477233 883.06535993
v 21.94300596 -41.70208356 553.73175435
v 14.23912453 -29.46530002 534.25737786
v 16.49352892 -29.19501440 525.31844020
v -91.02477127 -43.57466774 379.29926100
v -57.12166588 20.04650192 1330.32806509
v -52.78200808 34.14559564 1334.15336594
v -52.29532065 37.68100817 1324.21737109
v 162.51887970 -42.14414181 1116.50616591
v 162.33517561 -37.17975730 1084.66655003
v 176.36804605 -42.64547789 1099.98922752
v -129.17370184 68.29959414 46.90124863
v -131.04643599 71.37457812 20.20335845
v 50.26879055 55.67680875 1483.08915667
v 43.34515722 58.26842010 1496.88070670
v -90.76737885 -33.09719410 361.81308659
v -92.01644669 -94.15909280 902.87849332
v -79.95770465 -102.45740060 904.45165203
v -32.62819570 21.41004857 1545.06462616
v -22.32916135 21.27086993 1544.70334947
v -34.94498660 27.66608030 1543.95352453
v -78.31015668 -30.70284891 361.29857057
v 175.87978365 -72.78161748 673.96029108
v 189.24099113 -53.94135938 677.40743621
v -21.05875730 -84.37733865 1387.56038240
v -26.20380927 -83.63514503 1404.43840328
v -42.43484452 54.74749398 425.09512908
v -71.11499060 64.29085291 411.07252158
v -66.59008345 60.22823444 433.73549461
v -91.89121455 -30.49898635 350.30933460
v 2.10893437 -22.56532083 533.09601069
v 9.08894027 -26.70292527 540.21849250
v 3.30539027 -32.33594821 548.35357714
v 134.58336260 -98.19627464 693.70670365
v 142.24731161 -98.13022835 672.48220074
v -90.51630638 -29.92319878 330.38025795
v 102.66438129 -115.31004275 1047.69352201
v 81.13041324 -128.06750273 1045.82927029
v 151.82654544 19.06395978 321.18893217
v 157.47015245 35.61123941 315.07360415
v 155.39435096 30.69171680 330.64599464
v 21.28277363 55.90531377 1522.45016032
v 6.50479407 60.71836446 1528.84749283
v 8.23733824 55.77011978 1532.25823546
v -101.17367519 -30.31292040 313.94862361
v -30.77897348 128.70841753 829.41248273
v -36.33841148 139.74441117 805.21269981
v -53.48888914 131.52833979 813.04642733
v 59.43179132 47.20258000 1453.30448168
v 54.84026717 57.86719397 1458.19671175
v 62.19590804 35.07036104 1470.45554351
v -39.53155814 65.76648774 1362.20910972
v -47.76356523 61.88551675 1369.06929365
v -43.89223395 75.68966831 1374.60447151
v -117.75241173 64.15864476 43.95223684
v -56.66697200 58.86180748 389.58275136
v -79.99370602 67.44563935 396.78631372
v -48.40725021 57.70332734 404.66369694
v -91.14736562 -27.97155579 311.47251208
v -145.57900790 -50.04329530 842.77875582
v -154.00325236 -35.92087901 836.50344999
v -147.24794305 -63.50144048 825.10439632
v 9.70470182 38.13186180 1537.86971474
v 5.68264749 22.52709469 1546.25269287
v 10.12314011 23.27514448 1543.17658384
v 4.67842216 -38.33275957 559.57913000
v 9.67719618 -32.45707942 558.95571922
v -89.93714026 -26.52174543 288.33891304
v -130.95138395 -70.37395565 861.90535686
v -131.69395818 -61.19089636 874.64937528
v -103.78451113 -29.33657207 289.07855566
v 121.30432863 -101.01681235 692.43712737
v 119.24356304 -104.09258914 672.98994654
v 62.64401100 76.41470378 179.03754204
v 75.84632424 87.06439308 170.64748585
v 67.29594444 79.24062074 172.44180792
v -184.68769837 -23.70346672 18.56923527
v -193.34413540 -51.44111458 19.11603438
v -180.27683528 -51.21395784 703.71308671
v -184.64127755 -25.45969752 706.38698257
v -106.04535946 -26.71174880 256.38927810
v 65.19138054 -98.79820739 707.30672216
v 54.01300459 -93.66480173 695.04205514
v 82.96740089 -100.68939501 697.33945021
v -93.71568991 -23.58047476 261.17199402
v -196.40076941 -29.28172941 6.09418208
v -186.64614720 -10.86220785 682.80428143
v -186.22574274 -23.04430103 684.59030095
v 28.27374987 -77.72786547 1382.83193208
v 14.22385700 -79.48538136 1378.16592221
v -80.61009115 -18.43311006 266.42726927
v -125.32243108 -57.49139180 901.62505523
v -129.24394420 -40.43639632 917.25991576
v -133.74754718 -29.91561297 902.34882331
v -153.46570012 51.49560873 31.10900706
v 127.31235487 64.58695619 485.55514298
v 138.17138208 59.27683599 515.32885877
v 140.06447638 51.50717692 488.25380398
v -92.45101400 -22.15867465 247.73923260
v 72.77646631 -112.79580987 950.63054672
v 33.24576811 -103.72071321 718.94917820
v 31.06163550 -95.42472673 709.31921595
v 44.79514542 -95.13687396 705.20001141
v -77.65074442 -15.47565425 254.15633932
v 34.84540201 -7.47774399 1305.78393522
v 37.55379871 -5.60968198 1295.52552737
v 39.90966919 4.27287424 1315.11646805
v -199.83945668 -52.13887642 6.22169725
v -68.87052447 -7.23135206 254.65555777
v 72.81759407 -115.58930157 937.84912612
v 105.12060858 -85.58685581 935.81233902
v 26.59624153 51.51553554 1348.77317018
v 36.36168889 46.09796991 1366.26305356
v -119.16897663 -87.97034991 5.32216663
v -84.59980133 -118.62440482 810.23297600
v -104.24060680 -114.25889973 793.40677245
v -69.31720811 -123.52804547 804.02840891
v 3.22301854 -87.92949701 1382.50394761
v 9.41390151 -83.05372658 1392.97103081
v 25.43235415 -78.58660107 699.07867319
v 18.43628631 -65.83887863 693.19134721
v 30.79059201 -77.25776595 691.38299361
v -171.46102476 -28.37888184 34.29868532
v -172.31470092 -13.80118345 32.80137216
v -92.79504693 -114.92385920 814.33467220
v -103.46899764 -21.62905602 234.70682912
v -148.72404795 -29.60800173 853.97507217
v -147.26117538 -11.76954464 869.31910855
v -156.72364765 -18.93936373 839.51801272
v 13.29428853 -50.44454507 1316.95100794
v 10.34081369 -40.58106373 1304.52085419
v 21.82205608 -31.89808558 1318.07618390
v -120.13041636 -25.65754661 239.70066432
v 31.93813737 -122.36630305 1002.35449234
v 55.21838846 -118.22396231 998.55568692
v 29.42942416 -73.81281815 659.47344086
v -121.10671266 -25.55358973 228.71357924
v 86.51101894 79.15111434 418.67737176
v 93.09731832 80.51250574 412.76236762
v 74.85811877 77.08147467 407.17491510
v -105.11023040 -23.43356345 224.04474171
v 42.94729572 -129.45697409 939.02510882
v -122.01598967 -120.30002738 8.11259156
v -118.68687408 -102.23847355 8.92330881
v -129.81941315 -104.70453470 760.53233292
v -134.34698172 -112.27582531 719.85486149
v -123.48654275 -110.17640228 750.77254718
v -106.05623422 -20.33910509 211.63428627
v 136.59912257 94.47119404 312.65578418
v 125.82812374 103.03995417 304.25924120
v 132.68280875 90.90639999 339.64864860
v 5.22369845 -82.94142506 694.52941580
v -19.35174444 -104.48507072 687.67894586
v -3.48858282 -88.16943110 682.40447836
v -119.91727745 -21.49431966 206.86071741
v -109.41796435 9.49206390 4.32936562
v -112.37719819 -55.96020470 4.97238200
v -148.15124005 -101.91069064 717.49341381
v -150.02240500 -93.02224353 747.06002081
v -127.85166336 -22.03161091 191.68748972
v 18.66815354 151.12169221 778.25559904
v 6.71856980 146.84009367 752.17235994
v -11.20830335 148.03883829 777.14955414
v -133.42319650 -21.61843569 219.17634755
v -165.46084443 -26.69807574 823.31203295
v -167.53990012 3.87506834 823.51300189
v 12.12131049 -83.18948301 700.32350031
v 16.85411109 -95.25080498 709.24174626
v 37.46029908 -65.98682142 1368.29593544
v 24.41384995 -72.36124044 1359.24845252
v 24.49267662 -68.13072104 1349.51364425
v -136.03571445 -21.42538535 237.51885232
v -168.36531328 -57.11814386 786.58284134
v -176.45827687 -22.16747882 796.64688395
v -176.44626201 -38.02576795 775.36368584
v -75.71556346 -21.98558800 1503.46621914
v -57.44303380 -13.15230461 1522.81428789
v -68.20332156 -1.85817684 1517.79742780
v -144.90395169 -18.12595089 242.93439482
v -111.16871202 -27.89009090 52.24772729
v -107.53420158 -122.77924058 716.11145548
v -120.85174388 -122.58049409 690.21582715
v 108.70653828 -112.95452372 1096.68794893
v 85.39057251 -129.04892565 1080.07482258
v -77.93605840 5.86838228 1378.67092379
v -85.13501341 6.20410130 1385.48285006
v -145.23317129 -14.49478971 206.90654055
v -12.47168565 -107.42293199 708.59601454
v 8.36644936 -106.42331398 717.96153071
v 12.81232199 -109.81104748 723.71804687
v -135.65241388 -19.98587704 187.49424941
v 196.98301796 -40.69155264 1089.94805681
v 206.98883978 -39.76285000 1072.18064166
v -120.81356013 -46.26073736 50.23868437
v -149.76289790 -103.48411205 683.72557550
v -139.23364720 -112.42491908 682.82732753
v -128.24497144 -116.90551654 702.69119552
v -148.54927987 -13.38480871 188.14750630
v 157.69287375 32.67245975 282.08733475
v 155.49565585 23.90491685 305.09195222
v 152.63059508 17.39659619 269.38098487
v -155.66295851 -2.62326452 198.07951228
v -26.58529208 142.78333253 748.42730011
v -26.65057165 141.09340473 736.33929437
v -40.54554982 142.58018119 750.94919093
v 43.12826165 -49.57510503 1357.28050239
v 50.51318130 -38.12681249 1361.27794654
v 50.37947066 -43.19741096 1379.32125977
v -108.61677205 -18.97534601 7.63310047
v -152.01698868 -8.02326902 176.65973508
v -150.54910647 31.55185229 837.53757182
v -144.79348497 36.35008970 852.01271392
v -34.15314895 -113.49353412 691.48105210
v -140.65578687 -16.37804213 172.04336640
v -122.74476797 -31.39512346 63.05835518
v -149.78291869 -10.47530384 151.13922457
v -155.48944491 0.50177762 842.05154118
v -164.29896198 21.39044546 818.22831795
v -139.23255810 -18.74724693 145.93491397
v 116.01556599 -16.23681713 317.52029473
v 101.57896943 -17.03333405 308.35240290
v 121.28772234 -13.88770713 299.11659810
v -108.38914434 53.59829403 547.56177628
v -108.63042795 52.38930282 505.96838591
v -124.87209419 44.62593425 546.28932818
v -131.64688761 -20.14470788 143.52561818
v -130.82521547 41.74716110 439.38861251
v -117.69622091 53.51633752 433.79165011
v -118.21913077 58.95315698 412.55541787
v 67.67929584 1.62458484 239.23450222
v 79.85105577 -4.39518726 237.58811096
v 81.87947584 -7.68214013 248.68276971
v 118.60885298 -97.62483672 601.63999684
v 138.49046310 -91.86963179 593.28181552
v 127.84080595 -98.53277065 621.50445506
v 140.01522651 -8.85401720 985.88835243
v 133.77927538 -35.68349959 982.28949315
v 137.97345932 -30.72178933 967.88358282
v -173.99732446 -56.83575276 646.34800007
v -169.44762385 -57.07381405 617.67373371
v -164.30978924 -81.74297691 652.18510950
v -63.77570127 74.16849786 637.41658924
v -59.14766461 67.20261910 632.19568800
v -77.55249190 66.70666402 631.68936689
v 76.01433136 102.49021437 228.03664694
v 53.15035312 88.52754601 242.00491068
v 66.32663328 101.62153167 253.29974050
v -88.34233864 61.54871720 551.78627063
v -67.30430942 60.14884887 533.56261306
v -94.65243896 58.08027027 528.90849736
v -140.30673346 -17.07841412 130.33680048
v -142.33005150 41.84099500 395.26243044
v -142.71973653 26.20053487 418.19066964
v -134.54053857 43.00613140 414.53380677
v -127.44469632 47.80643888 576.41035254
v -115.78298780 52.51513837 565.88929255
v 59.77160043 135.91996419 825.73047786
v 44.83695180 149.59307102 799.55811802
v 21.32711258 144.31740301 812.97060423
v -130.75068549 -19.41164943 118.80215874
v 18.57450040 22.93716146 1533.34447945
v -140.43198211 -17.99121169 115.24338757
v -30.35221679 80.66612785 1369.25257598
v -12.25280189 80.20144234 1362.16983305
v -24.44960959 72.80191393 1361.51801926
v -49.78571415 47.66825952 1303.19888671
v -33.93219213 60.99565818 1313.24957249
v -37.30632419 61.16330065 1302.49982231
v -100.37522216 63.38758978 419.44168909
v -107.09227995 66.35735664 402.52242140
v -138.91129894 -18.29854590 97.31901677
v 105.52570959 -90.99730538 565.39034598
v 129.12417003 -92.09572422 582.72949652
v -96.31434820 56.47498821 504.54312999
v -96.52025420 56.63928921 472.84028141
v -131.37209458 -20.57089199 84.81554361
v -3.32899688 106.01439156 1439.54532889
v -4.89594244 100.82785789 1417.60599093
v -16.46485577 102.16987531 1421.07863167
v -159.25655235 -92.58839588 676.19139377
v -142.48416347 -16.51381244 75.65846818
v 172.62162349 -71.52764495 633.79597924
v 158.18770994 -89.48085172 658.16326276
v 160.41613738 -80.98517935 611.65662171
v 125.26752291 -80.71867754 1037.77357030
v 107.39163823 -76.64372109 1018.42137464
v 117.91075338 -67.74921887 1021.98873315
v -134.17834270 -84.65283434 531.11389633
v -139.11298084 -95.65886554 568.48081517
v -142.10941413 -77.69427452 542.48783810
v -40.56549996 59.21213593 566.15338841
v -45.81154367 58.30910767 549.84040078
v -51.59295253 62.74430047 580.70258438
v -20.16956552 13.21878634 1546.73068656
v -29.93809038 13.43479890 1542.78236278
v -121.88693480 -21.63618670 82.67384079
v -60.80745322 55.43763592 490.78942833
v -59.08173390 57.82540090 526.24955342
v -49.48697686 52.44947746 495.23439447
v -167.28614619 -51.15211042 602.19240817
v -161.84691266 -71.81707034 609.26447789
v -102.43129788 67.07330429 640.07987269
v -101.31329598 65.03792398 632.87658881
v -124.43678969 60.42074103 639.77699897
v -7.71924805 37.34033537 1535.84994820
v -22.38988463 51.08627901 1532.67639251
v -18.32933127 38.27542299 1536.31010608
v -112.49728684 -21.88724196 69.02570969
v -110.31621616 -17.49037381 91.06137354
v 150.19589234 37.51315596 3.72619714
v 147.21118133 52.44557256 0.65953204
v -151.95409945 -85.26441346 595.30843226
v -158.69299690 -89.00063579 645.95068639
v -122.63082214 -19.26580958 107.47137986
v 147.06255722 -94.79969162 638.87593742
v 153.28572118 -90.45866503 644.54583322
v 8.77720243 -4.87438348 517.05434817
v 8.18856956 -12.48880054 516.52127768
v 1.21241520 -12.89070946 517.73443043
v -111.88018629 -16.85508943 112.88453580
v -151.33744372 -77.62115454 572.43726419
v 129.12066904 -56.00449926 908.10563804
v 138.24858138 -39.96715985 906.74000236
v 133.02100328 -46.22401429 924.07246323
v -142.92411903 -27.15894266 1038.99340351
v -143.30642479 -17.37648253 1037.22498157
v -137.68579197 -6.48218235 1024.05180009
v -123.68761391 -79.87965185 491.00627438
v -129.01691259 -69.53889759 480.61024740
v -115.00306468 -76.91264001 467.64336691
v -173.65926767 5.14726952 628.36993938
v -174.15766756 13.44802444 643.01709151
v -101.27131483 -10.32000468 94.56502398
v 20.39687060 -28.51163815 500.94802944
v 12.60741468 -21.27575336 508.91711645
v 17.08626375 -14.54971938 488.99249907
v -138.29692382 -74.18712157 521.49796445
v -151.76593126 -65.13302703 557.84709388
v -76.78911321 66.81016916 616.87428877
v -59.34828069 65.43988523 624.11097882
v -103.85145419 -14.37399429 79.23407329
v 45.64209503 74.74921603 234.22649931
v 43.78663064 79.55338161 279.62624870
v 54.46011730 -39.45999893 1457.34055274
v 53.20625862 -39.06311803 1473.25973374
v 45.14255945 -56.75104968 1451.81762961
v -89.01953933 3.21278563 85.86803694
v 3.04941726 98.96781923 1405.89311275
v -15.31942957 100.70564897 1409.86997252
v -162.16688514 -58.96679811 589.26902538
v -96.98401719 -2.02763741 70.43090448
v 113.37274973 -75.58170770 904.80170895
v 128.18643469 -56.34518715 918.22448866
v 28.72806911 -41.97359040 502.01899768
v 36.14421668 -56.68141488 526.11735145
v -96.39575554 1.30862310 60.39480394
v 14.03473470 -26.30433051 1293.05264439
v 20.39071031 -21.23300764 1288.91341034
v 26.75322871 -16.77070622 1297.18058795
v -138.57785140 -59.79915204 492.88892021
v -93.98942135 9.40966670 68.79674707
v 144.09301231 -26.56255073 935.35064866
v 144.55502392 -9.57755270 918.31197538
v 144.84410054 -9.68647313 930.11005027
v -99.17619476 -110.76052414 1027.63626055
v -105.75981645 -97.49671831 1023.03871987
v -87.02285650 -108.92308945 1020.02967112
v -123.68417251 -67.20716816 459.70534556
v -132.67600372 46.48447295 598.40616644
v 55.44837671 -0.64665656 1388.02008103
v 54.46790286 8.22042128 1385.46790517
v 53.61746109 5.50208954 1398.50390998
v -90.23060774 1.51453710 102.40252409
v 49.38704659 -70.77289168 539.81763384
v 58.56815304 -72.38750020 517.98187592
v -96.40702224 34.81363999 74.04301686
v -109.74758137 -87.90108640 485.34658529
v -119.27232386 -98.92885402 529.68705915
v -178.46117066 23.87942668 697.31410531
v -179.54577398 20.40506083 675.95427344
v 55.26226500 18.87090811 1376.77330230
v 52.23990781 33.77753005 1383.90898583
v 63.45461255 20.45443213 1384.03332250
v -96.56399999 17.70390007 59.77304287
v -147.82046165 -50.30921213 524.96749867
v -144.88306910 -54.26744198 510.74905496
v 78.73344208 80.82804018 377.78095116
v 73.36570886 88.98804207 356.50040114
v 60.97535119 76.18687286 369.79472714
v -97.92411872 27.08584403 46.42129374
v 140.06825441 -29.40472088 924.73399228
v 142.96738435 -23.55453270 911.54193619
v -31.36615822 45.82592472 439.29054333
v -32.51457037 47.56745951 406.49041824
v -102.38301622 20.59394327 30.03827028
v 7.14732158 -48.86314008 591.22491363
v 10.09456106 -38.14618745 573.29447288
v 10.31144389 -45.30339716 592.44825347
v -105.76045666 41.56842607 33.43296724
v 161.52346784 -68.81152747 769.07093497
v 162.58926721 -76.56048796 746.60946389
v 172.27879848 -69.00265614 746.99954324
v -50.01770361 -78.86616450 1383.47426101
v -43.32589590 -82.94863920 1385.10002539
v 99.81952473 101.90754445 1229.01902105
v 106.32925547 103.79004542 1212.49965072
v 78.73303658 104.55496824 1226.53081590
v -129.32315976 -49.66079459 436.95767321
v -137.38645533 -21.28337075 423.46748859
v -127.11468693 -36.80367663 412.42163511
v -145.79496745 -91.14423786 775.78356284
v 10.34937284 114.73533369 867.07615298
v 12.29733557 127.40519499 844.84599203
v -22.78563974 123.73290121 842.82631339
v 81.43443975 6.30832157 70.75649587
v 76.01257125 14.68262624 65.17757454
v 78.10531185 4.93985660 55.01692119
v -36.91250345 34.92805105 356.34788600
v -34.65054253 40.82854025 378.67091806
v -156.82113676 -73.09597399 792.22295947
v -141.77940591 -81.61822631 811.35349916
v -1.63960277 -76.27594411 609.07395102
v 6.26075655 -58.60472468 601.31429082
v 6.85448507 -58.70664342 613.40755750
v -110.07225495 55.80846228 34.29306274
v 63.01504965 19.36780864 1468.66142678
v 62.37940878 38.10341202 1447.22610251
v -104.99563405 51.68559799 47.54636083
v -163.79948389 -48.76130893 811.55135174
v -8.33253395 -54.60440957 1519.35425909
v -9.32172787 -77.48502660 1497.33997146
v 9.99873819 -71.87561126 1497.59305385
v -101.37452523 40.15914162 49.97707565
v 144.00193130 -82.55351906 760.64992407
v 147.22532316 -90.13299604 729.35182072
v -50.53511424 -72.57417437 1369.73260367
v -50.00635004 56.53894376 372.09274223
v -105.09694448 51.07120965 59.45443638
v -40.22446863 -43.81547566 1518.47482309
v -17.44709792 -39.48864043 1527.28447012
v -40.68704444 -27.37569863 1524.55838742
v 39.47243730 37.61176134 1320.67141497
v 42.09377344 48.86176385 1307.94286280
v 33.12680532 48.98280021 1316.58455436
v -116.54240524 -65.04401345 439.17327498
v 6.62820335 -71.74207503 636.61351189
v 11.85197386 -58.44232662 638.63066679
v 8.83560756 -64.90688894 650.12896963
v -97.74898507 46.05665352 82.58021678
v 159.34689354 -65.47929977 805.38551583
v 166.20715807 -50.27657571 817.86405548
v 160.05206985 -55.90225278 827.80521469
v 51.88134924 -108.98644891 1024.34216624
v 26.08298090 -114.58768133 1025.59132058
v -142.26285387 22.32856294 462.01953104
v -130.61895559 38.56057132 468.11391672
v -174.09366365 -58.34634245 726.97329906
v 42.61079872 107.20949208 1039.35122984
v 61.18927784 104.96805165 1048.07682773
v 56.56760473 102.52851262 1025.46468969
v 21.49903776 85.76862503 1502.71729762
v 22.29021373 80.12747833 1509.14858866
v 31.24588098 82.31822229 1502.08978814
v -90.90137670 43.66113278 95.69249119
v 25.49393121 148.20424450 802.07381178
v 8.10490213 149.80863324 785.73313847
v -76.04655888 79.96072112 349.12193753
v -66.58889541 72.93034664 351.92665435
v -59.99551793 72.24131453 325.52395358
v -105.40359991 57.59654867 90.71456934
v -113.35438564 -94.08182044 850.50611138
v -116.16648340 -93.92292203 837.34720347
v -145.78087788 5.85764896 419.39333604
v -139.67220184 -13.88880811 400.24388409
v -109.12722044 113.24415977 799.65968572
v -6.84306983 88.22075609 1502.94531176
v 2.36245973 88.77247900 1503.69619617
v -9.55752320 94.82802130 1496.03692632
v 10.99471778 -59.92377521 683.96233808
v 4.42986787 -75.53461560 683.38405772
v 0.84644436 -83.78329180 657.39909251
v -106.22234725 56.47426863 75.83370444
v -116.48300907 63.89349324 73.23872368
v -133.59054478 -99.51972375 780.15543924
v -114.33346560 -106.00714779 808.50554031
v 131.34418451 -51.29776219 44.90293728
v 136.47718875 -23.88267069 48.91479792
v 128.54542636 -24.48059108 52.74489408
v -100.48032440 -80.54646519 458.94076216
v -105.08732926 -69.11449066 432.12256937
v -115.94182088 62.40234488 86.94359843
v 168.18875581 -61.72366567 780.11385810
v 171.28816278 -55.78477660 792.22184196
v -147.82960937 -36.34073265 506.75894306
v -141.54348195 -47.77158559 475.54179708
v -105.34980993 63.21014415 105.97348977
v -146.56737856 8.81201113 442.08679680
v -143.32819426 21.83939085 438.53643583
v -94.22133577 53.61978432 110.67158099
v 46.59589932 -59.44431324 494.96885674
v 59.92173596 -66.07162450 489.80835063
v -97.85606246 63.21010684 130.65918905
v 153.20965136 11.26946011 891.91350041
v 161.04635393 26.84853816 871.76881326
v 149.42999970 37.08014080 887.37665173
v -11.24933686 65.07551257 1315.86163392
v -102.93367257 59.37521628 437.01511194
v -158.33346735 14.30687288 575.85097604
v -137.54655579 38.72509408 573.73797311
v -148.74010223 20.81861864 556.54749157
v -92.49790968 53.24737557 124.34934083
v -146.12304515 9.02583723 470.28248523
v -147.65139354 -7.38711261 458.52922063
v -148.30389619 -0.37717825 474.78883503
v -116.85263009 51.77539773 453.69460173
v -125.09471449 42.63529174 479.89777915
v -153.87821515 -83.90245033 771.55536935
v -38.83231775 143.95445058 784.61692355
v -51.60299570 142.00607499 778.43197268
v -86.09437843 51.32803606 135.16465051
v 85.16492541 -64.60719465 21.12784450
v 80.19047104 -53.72386325 2.12079577
v 78.33867339 -69.65679567 1.97076192
v 40.95674847 -51.03705345 1489.94608661
v 45.90281828 -39.14181794 1491.97826909
v 33.29256731 -31.09308990 1512.11901256
v 32.45438416 45.14883174 1327.12583206
v 71.77161300 96.33293335 1252.40680330
v 81.38613824 98.51499240 1242.73728817
v 56.90008350 103.23204290 1229.78535556
v -146.20168540 -7.12411025 436.70104672
v 69.36701960 -69.02379764 489.58187617
v 81.92752746 -77.12717640 516.64954868
v -145.96338741 13.57446612 503.75059669
v -139.21291850 27.58493959 476.63385274
v -85.49375072 59.59157419 155.99571347
v -24.41621942 -87.93658602 1468.65267061
v -49.13632097 -82.07664678 1448.39464277
v -33.27412110 -87.59274521 1452.88722258
v -2.08495009 71.42782259 1357.57544665
v -105.54171254 55.68775996 458.08738740
v -76.77091978 49.45665096 159.83570717
v 100.17144091 -79.59151117 522.98174231
v 94.30030276 -74.21551289 505.03074292
v 114.24092701 -77.66960439 522.74544744
v -79.11135296 57.20485666 171.31558874
v 147.46831970 -0.71344488 934.20128941
v 143.61400283 10.80153366 917.07208888
v 147.48112794 9.57675790 932.62282094
v -129.36557909 49.98176168 413.49921671
v -46.04143125 20.84214779 1537.57913348
v -42.98991523 12.59896789 1538.89375704
v -72.77074282 48.35011703 177.58378219
v -138.23958048 27.27038361 499.82444712
v -133.37483005 38.19671348 533.57010637
v -128.37753408 40.35933927 503.97044282
v -73.01801574 56.22912135 188.72964002
v -77.36300555 64.31659385 414.47129292
v -90.60286361 67.92396443 403.15082314
v -133.69262673 38.22224312 551.37764280
v -39.74985160 117.28033615 845.24290602
v -17.92813737 115.81574820 857.41203788
v -55.94372505 -35.90569185 1512.76165429
v -66.34029702 39.33711164 189.35260119
v -60.89510546 47.09381244 212.41151447
v -109.43999698 52.18585559 479.97871090
v 29.48080257 108.31262438 1095.45832654
v 25.02885897 108.27966095 1073.32533959
v 14.86711102 108.17498165 1094.68951336
v 45.44818636 50.06555619 210.11303136
v 44.56299896 54.03412725 221.29859737
v 51.10145960 64.80401205 202.81108500
v -61.65784217 28.04987270 208.46732990
v 112.60658613 -67.91588088 492.49261604
v 96.53460241 -71.18047565 491.27042119
v -45.81466131 52.76550068 380.35657143
v -54.28105976 25.11837318 229.17649193
v -146.92085976 61.72201210 661.32469691
v -159.12375899 46.50769388 658.83195317
v -164.60013096 46.22256598 672.72252739
v -146.91877386 -12.22927795 96.69907166
v -152.09775628 -5.75306218 104.53276621
v -153.41339542 -0.87572374 76.91229078
v 112.49473371 79.47068437 392.36151263
v 122.21636652 76.00814965 390.13424777
v 120.84661569 80.89830496 378.01689807
v 187.51192876 40.69834727 807.33694121
v 192.38164726 37.80100428 783.57854805
v -57.04065506 52.46581200 227.41234221
v 30.46194618 -121.59663820 878.65300296
v -51.36861757 39.83316933 238.22041003
v -86.78239738 -132.15755655 1056.20758867
v -145.97599902 3.54728103 404.81169938
v -148.27524847 12.59385905 388.67686507
v 13.76142011 -4.68648885 490.97040158
v 13.99778394 -1.58146341 477.44106497
v -49.51507236 30.26218141 238.36379844
v 87.52527016 -1.61259774 68.52024403
v 87.87662965 4.65561820 90.57055050
v 141.23097775 77.74174755 203.49296296
v 147.92028722 69.51969833 213.45142897
v 147.15563101 63.99050852 197.60297917
v -19.00333300 30.37351358 446.61403582
v -139.49993912 -22.72018889 68.45740601
v -155.98616500 -6.59235841 66.69461273
v -35.37145930 48.37979652 523.44715508
v -33.91897859 45.86970653 505.34053342
v -46.64514611 40.15944012 258.84666429
v 62.53823189 27.68616187 1390.19386887
v 54.26556835 39.16131012 1390.83730535
v 190.98161270 44.19549394 758.44827935
v 177.29385011 73.51857629 763.34235705
v 185.07247252 61.47272234 781.41389367
v -50.35831076 21.29322249 258.24813210
v -23.84136206 -82.35144907 1478.90283081
v -19.62829642 -89.17592101 1466.58631099
v -0.41570290 -81.96758191 1480.53106260
v -151.12322133 -8.84146877 131.34492813
v -48.07494756 13.34723455 274.47488557
v 48.40520227 -122.12879363 849.06979198
v 29.68817940 -124.05353977 858.98081651
v -166.38127937 35.63213097 650.82754631
v -45.95763978 16.55864793 285.01878579
v -106.24787189 88.11567453 653.68253483
v -79.27623593 90.70063575 647.73704669
v -94.97977500 80.92508027 644.35808596
v -54.17883591 -55.39270996 1497.47926928
v -41.39363628 -62.35743950 1502.03132517
v -144.24231063 26.32081830 410.61258940
v -146.84643862 25.27774374 396.75941241
v -55.17301628 1.33174254 287.97989843
v 78.70999067 -106.41655322 921.18418238
v 174.37565882 67.27972123 819.04415995
v -45.79859346 17.44117472 295.91125340
v -136.35536687 -75.17236120 1064.85791849
v -137.26395098 -13.01770926 363.79376043
v -125.42384260 -23.24238356 362.28449941
v 55.43342213 -48.42150918 451.43937269
v 53.90176106 -45.43042343 439.83905285
v 73.28722734 -55.21194762 441.50802912
v -49.13266462 90.75462674 1462.68627958
v -35.34026333 98.03015384 1456.61286440
v -38.72215568 97.18657548 1444.37067588
v 9.63079219 97.44398738 1415.70246750
v 24.41371102 90.81983816 1407.81856251
v -72.08403657 57.78565792 1408.18956756
v -71.43145135 50.07052285 1391.23519281
v -5.99911693 -9.67051124 495.12018431
v -44.57106099 11.41320180 316.84081877
v -142.14878221 -2.16849672 394.49315800
v 2.28083917 21.10270708 568.36758263
v -17.57142693 41.58698156 554.22290061
v -9.48293952 37.41670981 568.12920152
v 25.45853276 93.29060828 1387.88031679
v 182.63950082 67.23867122 741.00232995
v -49.53136635 1.41766159 328.39653367
v -40.41182769 21.68241405 330.69953654
v -171.97763915 74.49816654 1080.28668527
v -171.88341111 75.76017366 1074.87480397
v -193.60007704 75.70987092 1074.11724830
v 78.29497489 15.18323963 33.03290126
v 80.25191093 27.39253295 29.80899709
v 80.21849698 16.69709779 17.08867672
v -39.22946881 17.19814527 344.01694473
v 61.28018821 -121.63330747 929.67549420
v -89.20545550 99.54255703 661.12850019
v -48.90322987 69.80391392 637.41534529
v -51.82710516 84.00615255 643.75469631
v -23.71582982 83.59751666 649.91580135
v -134.58145584 -20.40748580 386.81104573
v -137.08445659 -11.82309637 376.28378372
v 123.59058191 69.65824363 898.73850476
v 127.96125926 79.09897062 880.99534119
v 100.09295936 90.30388872 900.85252305
v -30.30712007 12.19666758 365.51757062
v -133.21692074 39.83233218 879.00803107
v -140.22733230 80.12499652 1069.64211860
v -141.42845941 92.29598679 1081.67059687
v -124.57059716 93.35001742 1079.79669722
v -129.11354745 67.12770263 118.82018252
v -127.19254397 61.79711975 83.32490633
v -132.28486688 62.31665563 97.00329548
v -115.76776172 -30.38691519 308.17825421
v -133.33463770 -26.27168168 320.92579206
v -125.12956377 -28.59587369 299.91091892
v -12.18141120 46.42659846 602.40864371
v -3.38891708 34.90704004 621.86042566
v -4.91590267 36.90056763 596.96556349
v -36.58319129 3.59105955 364.88161423
v 60.33460221 -93.93434379 658.23886573
v -36.18936680 -2.91536588 376.92658540
v -131.26542212 -20.62658740 349.75479235
v -114.45517398 -28.67052552 348.45071527
v 23.99207399 -9.82643606 449.84188758
v 23.70934141 -19.20786913 466.82007288
v -28.34841914 6.20248588 375.83373640
v -185.76740691 77.65522970 1090.58159942
v -171.06118218 74.06316734 1087.17659690
v 128.78678702 6.11586011 92.01509804
v 134.79460393 14.82505243 107.35674415
v 125.20457455 5.30013108 111.28067200
v 32.46554845 83.87332510 1479.65534884
v 32.20516059 84.08144359 1494.96021359
v 119.40923377 94.46962725 867.91154302
v 130.35401815 101.73967608 839.97969587
v 105.67154505 96.94651190 880.81119228
v -24.58071334 6.23959893 386.37570091
v -29.87945358 -65.84919446 1505.57692018
v -44.18624950 -73.12423067 1485.55444684
v -25.81990090 -79.00163493 1489.91028871
v -141.58095808 -5.24344882 383.10578582
v -39.21920444 -26.02529236 396.25251052
v 29.59577644 -122.19052918 1031.39450695
v 29.99664792 -129.04234450 1037.24103830
v -29.66279547 54.55870507 630.82677255
v -12.54548977 40.87332449 636.96177085
v -15.43492290 48.10162482 619.64984287
v -28.92104981 60.44613164 1527.50753961
v -34.12235387 73.72365584 1521.78794286
v -118.85427807 -28.43002856 336.21633566
v -177.42397194 22.72725571 660.70090113
v -21.30280035 -3.66157243 406.60222043
v -47.46601484 -115.80938968 990.95416344
v -107.04902863 54.67923322 992.10043113
v -115.44444029 42.19485016 999.02843536
v -105.77569792 58.36052524 1000.35371641
v 103.44802901 85.43842219 912.03826143
v -25.61873779 -23.05007195 417.91896779
v -102.55210887 71.94556904 895.58389701
v -140.37503110 53.89254096 70.49059032
v -153.89148231 40.62717692 50.20104466
v -145.79327196 -17.79399781 262.84893515
v -138.73113171 -23.60480363 273.48334678
v -138.98493709 -22.90513074 314.88837112
v 9.08949596 12.05438819 547.22567832
v 2.11594475 8.88698360 539.55840164
v 9.43512031 19.48229264 563.76643946
v -86.93667351 28.51788649 1445.35119739
v -81.59657921 48.78641217 1442.71296700
v -86.56235394 30.23228411 1432.83038569
v -33.05055383 -74.90786685 1340.97040580
v -20.59619057 -87.03037924 1338.46570440
v -28.43680181 -34.90616701 430.25515540
v -63.09404497 71.53294353 1490.35624079
v -52.16877447 80.83975318 1494.71419427
v -64.71983971 72.45607848 1483.37379041
v -47.71250518 -47.43801889 413.35131121
v -69.66301199 71.86911923 1454.95178263
v -52.31778618 88.71136436 1436.44794733
v -119.70036694 -29.13943693 282.22679155
v -30.84451717 55.29208042 569.73049038
v -39.83480352 61.58641914 601.92934209
v -2.65787844 -90.53269363 1381.21615179
v -0.42535925 -87.18858907 1355.05161811
v 140.23153345 76.66816514 863.91782510
v -32.99360769 -48.72212058 438.23293375
v -39.45657418 -55.15466282 434.28293824
v -137.84718436 54.44169880 85.34886803
v -145.36291410 44.63550526 87.34194971
v -147.90972102 56.29130870 127.49983836
v 135.28303188 -6.39842963 280.83649872
v 135.70537696 -6.79967676 307.03689233
v -46.09811722 -110.88128392 1018.99953079
v -46.36383039 -108.44390169 1010.98401057
v -19.79606858 53.14978778 608.27854307
v 93.39406925 -86.60906174 549.04572546
v 68.13115219 -81.94779165 543.80763583
v -39.71320914 -60.08291876 444.72594699
v -127.27652044 -107.65223560 571.28568234
v -127.14985982 -97.64066843 545.10377103
v -109.31480604 -110.34544314 547.01937959
v 38.03061181 58.68170647 255.47150953
v 37.12088260 38.90064622 260.43659242
v 36.14173847 39.29012209 274.75125571
v 103.63669724 -85.48635787 993.64380025
v 124.64016709 -56.31412886 984.69029206
v -32.47243863 -52.74929685 460.75870197
v -70.02552310 -114.75359715 1020.10607399
v -76.92309599 -96.81261742 1012.97762852
v -59.65487422 -108.90646506 1017.59794956
v -162.97561754 10.18174643 241.60429502
v -161.25492667 3.37546518 223.52602745
v -157.20370820 -6.13821275 267.64107659
v -167.47955813 0.91910699 597.59992425
v -172.25149748 -4.34367057 613.11739077
v -168.42826697 9.08855240 608.95466393
v -42.75183508 -64.84546625 456.51173902
v 63.57197559 26.95951370 156.89452834
v 66.59521676 19.40028935 169.70616914
v 89.39139687 -95.92690751 596.38668409
v -51.87677181 -73.37176123 459.22058079
v -152.72505012 41.08286613 628.06756193
v -164.77874620 30.07104285 639.14267633
v 38.33835462 49.10302837 1512.63150103
v 38.92034833 29.54329755 1517.27135162
v -73.46321996 -82.02378208 458.12614424
v 1.09150748 -27.48321751 1283.06399610
v 9.14409524 -23.99851243 1277.10978239
v -63.42210884 -88.10700120 479.71735849
v 133.31128111 -47.70398060 953.48360803
v 124.44637388 -56.50813639 972.29292116
v 105.78311393 -100.59137336 647.67161726
v 103.41589666 -101.76079387 629.71503802
v 122.20123548 -101.73275265 647.42154132
v -78.97962268 -88.88451350 475.56775155
v -61.42203001 9.67866053 1357.87865008
v -57.23815910 13.08532135 1322.38146869
v -162.88366256 9.69921998 284.71309589
v -166.92294642 14.36735022 261.73783211
v -82.36954057 -97.61338225 492.78998447
v 66.30418853 -116.13265994 986.96338383
v 62.89548331 -113.88129017 1001.30221442
v -97.19092057 -88.37292068 475.65083149
v -88.69011284 -81.19773521 999.24253595
v -76.44666261 -95.33596914 981.45410522
v -72.24576341 -95.58645583 1006.39362611
v -161.05837124 8.58473324 196.97937244
v -165.93886333 30.44834811 188.48919330
v -164.77431826 21.18146394 177.03935956
v -145.85932568 21.92478875 537.49079946
v 44.37002498 -62.28403073 1435.46925625
v 101.71708974 -104.02671510 665.36443711
v -151.72784148 -10.42587359 230.28159522
v -157.15350380 -4.01415390 216.21631744
v 60.02656159 -18.75726651 1431.59193009
v 58.05199422 -29.85913131 1422.20578703
v -104.06289023 -94.93225136 496.21198938
v 135.22135641 12.83698276 94.46312319
v 140.87650145 31.05600643 84.43433907
v 140.28701051 26.20024659 105.48366439
v -154.74776660 -7.65398692 301.11899139
v -161.30785969 6.52787928 298.91448468
v -102.55262342 -102.17275356 514.84594285
v 82.87978881 -96.99431530 1010.46068665
v 80.27113314 -105.75067847 994.96581590
v -54.77221980 68.66927823 304.46551790
v -45.70304622 53.81855537 319.13746805
v -49.20530441 62.75156282 290.12048052
v -86.26858550 -102.06892551 507.38743572
v -158.54527386 3.65518816 173.97363561
v -85.81806119 -108.34656807 523.23035943
v 110.94329643 -102.74351314 806.73094836
v 78.22545194 -117.22112168 785.45299023
v -108.17511374 -104.65159742 529.95563960
v 30.54165102 -140.76916091 1059.92483756
v 26.11222030 -137.21855302 1049.06604724
v 51.78684789 -136.52048098 1047.75601146
v -156.61225195 -1.22775957 158.57784892
v -33.49815644 52.46591759 544.68990328
v -90.81063449 -111.90972385 539.13847474
v -163.75991751 27.76828867 159.27071496
v -163.51530672 23.15849480 157.50154395
v -158.99162437 -5.12859161 559.20617056
v -96.94292369 -120.96523944 572.30883300
v 85.76357679 3.78697156 126.71595768
v 80.07934695 12.88754465 111.63421042
v 60.04806755 -8.01334839 1437.31100003
v 64.53900709 4.55424653 1436.54482777
v 61.50179968 -16.89303489 1450.75748026
v -112.06278848 -119.71098868 585.13952058
v -53.80036083 4.60153657 1303.68877122
v -55.02906808 5.51426425 1321.70396499
v -98.85710681 -126.06269733 604.18251848
v 147.12163602 -79.58846422 789.98277072
v 137.72583755 -86.64848399 802.28622926
v 128.70874675 -91.97663800 777.16486687
v -71.94038691 64.68428095 384.67850833
v -87.13171466 69.23652488 383.68320105
v -125.70489763 -114.05722244 594.61305135
v 17.26632032 -73.63532103 1487.39032522
v -161.37372095 13.43923087 150.44041663
v -161.27646385 14.30737934 132.22951717
v 62.06106459 -119.55341028 829.73213895
v 36.52308411 -125.36276119 815.67642854
v 63.54261602 -122.09604581 807.12461786
v -137.25659550 -105.70105114 599.83250319
v 0.14190983 -139.78699949 1055.09564562
v -38.73557967 -137.30942707 1040.68722984
v -8.14028392 -135.11313125 1042.08871584
v -24.92327775 48.35124881 551.48703182
v -26.04439788 39.77534302 516.46436874
v 42.00166757 78.48453984 1419.73679224
v 33.23272866 86.12509389 1416.81657919
v 36.66154718 83.91458198 1435.28213741
v -126.99897151 -117.22125296 629.66279149
v -95.41933258 73.85356941 376.57768988
v -83.55938074 73.67445096 367.39077206
v -144.70217037 -101.62438582 626.32295835
v -156.97986515 7.32160865 125.01368405
v -14.96699456 29.70319844 523.76731605
v -3.26027082 10.18431807 523.53082448
v 5.92755936 102.85529225 1452.42540102
v 11.08497614 101.04199270 1466.76007914
v 27.78169488 93.64866140 1458.95186324
v -140.44772819 -109.04879444 641.21449550
v -161.06743619 23.53723838 135.65676235
v 149.29770348 3.91438076 442.96226756
v 148.98680118 27.49490843 440.48798898
v 152.68996607 16.40325613 461.11689635
v 38.53198622 -126.32653160 802.65009142
v 69.71079308 -120.59476409 793.91402570
v -39.55193170 -110.49479868 593.82844983
v -47.64575465 -116.27770897 613.80288296
v -39.12184973 -107.99411269 579.30049061
v 179.23949382 -37.47011155 599.32819412
v 181.90379142 -38.91679753 614.49950316
v 181.89210056 -55.87122901 634.73133739
v -26.33650478 -98.17260710 581.62492224
v -35.89237259 -100.25686862 563.58853556
v -32.02030604 98.66546466 1426.95120120
v -30.20646181 96.29041627 1412.83847240
v -35.16889081 -108.12356118 607.64352077
v 192.79253918 -45.49116885 676.38724681
v -73.40394600 -111.73099591 539.46290059
v -55.85614922 -106.94299573 540.65028526
v -76.79947679 -118.90480101 564.17457579
v -30.54242904 24.11905296 368.83138361
v 16.77444032 12.57960195 452.18607720
v 15.95581699 1.25873468 464.98677329
v -11.29268268 6.70885636 448.87232513
v -17.14121286 -0.04063725 414.01032532
v -68.39721733 -38.16724643 1381.35493490
v -72.98522325 -24.62576416 1383.02480304
v -72.43011048 -26.80009562 1371.73081648
v -15.64243513 -19.94981769 450.84330238
v -10.21045338 -2.46571315 463.82712550
v -10.32219429 -20.22006726 470.66455367
v 70.93223604 -42.55756508 412.84480148
v 83.11918804 -54.32805501 431.64490169
v -21.08373370 -41.73941835 464.49634501
v -12.89953268 -42.43817631 487.87626355
v 169.01867852 -46.30203821 3.56511872
v 166.11715599 -40.60614163 9.16850423
v 168.89663693 -44.81068164 16.25767408
v -116.50282706 76.40936343 361.58822099
v -117.33342487 67.14424162 381.97467790
v 71.93806545 26.97534654 72.74972285
v 70.81572337 51.18101634 89.08636564
v 75.59860165 37.75634697 62.00865659
v 51.70077452 87.20081825 1264.39412645
v 42.10284278 94.46593748 1252.98852480
v 15.13043423 44.28513037 619.49715487
v 9.58760684 32.88567225 618.17072388
v 16.91929198 38.29460740 644.31818673
v -100.67331530 84.04442707 345.57846270
v -51.57002178 140.12307537 753.44191015
v -58.19010497 -70.09369325 1438.14487107
v -72.17495345 -45.55569270 1432.17825210
v -63.16955886 -62.89393208 1421.46618772
v 138.27115843 95.45080318 1206.35865128
v 150.05167072 79.68745329 1227.09572751
v 155.98634608 89.69421472 1201.32240110
v -37.65745900 -5.24220112 1535.74453509
v -45.54534464 -11.20521965 1530.71326585
v -78.75352880 82.49510694 332.34280756
v -81.88674700 87.28119399 309.85244709
v -101.01096452 87.81113729 328.05254226
v 9.97271859 28.93262688 651.09966436
v 9.48835497 43.04470036 653.50065874
v 17.09946124 45.74363871 650.45980473
v -2.40014493 104.32029670 1124.69540071
v 0.75616561 105.86898588 1110.83180574
v -17.87821317 109.93585820 1119.29587549
v -71.81091991 83.90371563 304.81852731
v -65.87004331 79.63065551 309.35801434
v -77.26904445 90.95851880 283.04770673
v -48.22001478 110.70415000 853.32746608
v -10.06466597 -77.50657145 568.60984512
v -12.13669577 -72.57441324 550.10226538
v -1.13519569 -65.46274614 582.27991580
v -45.75753541 58.78882046 1297.05015511
v -58.69732697 61.19200249 1284.53390525
v -61.21312240 48.79148381 1290.16843362
v 120.00392548 -57.75598745 470.79570530
v 124.66617070 -59.37340459 485.63677774
v -15.17667595 -92.93782869 603.01265974
v -11.09238094 -84.05326816 591.87923626
v 35.37194873 132.30110111 835.14381027
v -64.20724466 76.05817194 1468.83617819
v -73.37376723 65.34960809 1460.46052750
v 37.42904554 64.23401416 1300.29863399
v 42.78037619 75.29328602 1282.92780309
v 20.14108598 81.96796523 1287.43459755
v -43.36721582 -77.32613408 1469.97102002
v -10.75712828 -95.95827064 645.27238677
v -27.63830054 -107.24566615 629.22150748
v 166.50715424 -63.33167773 578.12166391
v 162.32404275 -70.09385683 578.83895892
v 160.22796230 -57.05148997 547.96837238
v -43.10911947 -114.28208720 630.61884071
v -55.70361322 -121.12889622 624.36824606
v -9.40765557 143.00726195 809.96435122
v -15.56153507 134.50699133 823.42782649
v 0.37857014 135.08097957 826.27274887
v -36.85739560 113.02313372 1117.67126344
v -43.01177784 111.94684146 1106.97476054
v -46.40612527 112.69389107 1120.72468135
v 179.80539719 -98.05321952 1.58725794
v 174.30997534 -80.54618498 0.44092447
v 178.04996946 -80.06519962 3.37879735
v -150.56454065 -22.34213638 512.19672325
v -148.16401741 -36.47048072 517.06677196
v -148.65259375 -11.60383102 485.78113586
v -31.71887812 -77.59987502 1352.87165497
v -13.89505442 -88.59732716 1355.77464569
v -20.39198997 -86.08726593 1371.16033453
v -146.79197921 -27.72007831 479.87311701
v -144.08632398 -24.78395757 451.60390009
v 141.13265649 -68.47182309 845.90139386
v -132.12439583 -61.77218048 468.99854411
v -138.79970013 -46.03377908 461.08317716
v -137.02016381 -39.45103062 441.10216935
v -85.79656494 -126.37744164 601.17865728
v -83.21374717 -122.60137434 578.60587791
v -61.85793200 -119.61687217 584.74769402
v 13.32440381 -134.31667283 926.92686090
v 21.93899778 -133.73125701 947.18978415
v -6.52725590 -134.15983045 936.73996474
v 189.17298203 -37.14092106 759.09360791
v 177.92301565 -54.78765795 763.80539458
v -76.63241212 -126.91500842 617.14077885
v -82.78621530 -128.61854852 643.65471212
v -102.25735150 -127.34113658 628.14945256
v -91.40861946 12.34783740 1418.54016958
v -91.00785414 6.40270871 1425.27996424
v -88.10259424 15.16987901 1427.96812156
v -129.34573459 -26.48504727 269.55670479
v 9.74845124 -131.63436593 918.56158787
v -25.46767779 -133.11541016 929.22933195
v -30.11955194 80.24410269 1515.77451209
v -127.91833097 65.31515517 60.00610147
v -132.59549841 62.67859215 65.20058318
v -108.50221086 -125.91107441 645.73969569
v -124.03558469 -122.10442424 666.55876657
v -40.86538358 -126.05837324 942.92052936
v -49.25518285 -123.50547405 927.33098242
v -128.32692581 86.10100530 672.24853833
v -108.43500568 98.00683849 670.64459017
v 117.06271918 -17.59290735 375.82299183
v 128.58839524 -7.01317933 375.16106563
v 128.11530815 -17.60212972 391.55131634
v 41.31787637 11.95594775 1323.23726445
v 43.57330931 13.76913663 1347.39167126
v 41.67518083 3.25433481 1349.70166064
v 165.90949347 -35.22213297 839.25786649
v 37.19088851 37.25884316 1359.31594866
v 44.14209374 24.83831265 1369.00208140
v 42.37793666 23.17614774 1350.73968951
v -147.73101352 -16.10609889 306.27330797
v 2.81258758 29.81380699 623.10152075
v 2.72647818 29.63276304 598.60050428
v -15.41026505 -131.82845582 946.56375428
v 119.66740616 -49.86036870 47.97649339
v 114.69910033 -22.76122630 58.05083795
v 105.07058798 -40.06231174 51.83278418
v -35.20177957 -73.28897014 488.96176065
v -52.00916757 -82.22363989 479.89294678
v -38.47463533 -66.20632689 466.25615386
v 111.79149679 -56.77624577 458.51579808
v 99.42667501 -57.19654469 441.61122677
v 107.32287535 -54.95722441 443.47011485
v -45.43198450 -86.88037492 498.92753324
v -50.07674995 -95.65469018 512.66935065
v -91.04859390 -0.12670080 1435.13162155
v -71.45014322 -107.12589330 522.19455716
v -40.44175754 -96.45406205 532.82667998
v 134.09338301 -36.30273501 447.10741396
v 143.84700695 -13.78790538 441.18210664
v 142.40722204 -30.07284372 460.33120068
v -24.85258966 -80.27795438 522.75685449
v -10.11172796 -64.15315100 534.80416590
v -175.92138394 -28.03267422 623.05635647
v -179.40709924 -8.03239059 643.86280844
v 128.50268200 -80.38081648 844.99055861
v 114.22898956 -92.33625123 841.30555061
v 124.26151487 -90.68945766 825.93263589
v -156.29368173 -20.19900945 544.07561830
v -165.28894652 -29.78649397 579.09540345
v -169.47198044 -23.75355899 592.51762095
v -152.87124767 -36.61047317 535.44481281
v 88.04561187 -112.88627557 809.76910768
v -156.86717526 -40.56236079 550.74007832
v -159.89700912 -45.67713662 569.02939692
v -164.67105737 -10.94698160 50.86205445
v 129.95634562 68.20399160 32.01671422
v 119.71816130 79.50901641 40.99368453
v 124.70320449 70.95567751 50.38142856
v -159.48439846 15.78868963 57.57863491
v -158.81528069 26.92918363 47.78212151
v -162.98860799 17.35075116 46.32028338
v -130.70456963 103.30982001 760.06894317
v -164.59682664 -1.82852595 39.38999029
v -9.17441347 89.26110260 1363.45282983
v -22.02116660 92.50736828 1370.23167141
v -15.37902850 101.45177857 1375.35997775
v -158.37465050 6.37933041 67.73404818
v -162.23958230 3.76903528 61.11372632
v -152.88807205 70.77226389 735.46143086
v -167.06450990 47.68821051 714.25659440
v -157.93840944 18.99670090 82.53376628
v -150.57778511 36.07522543 90.58952257
v -154.35624165 32.21216887 62.97412722
v 142.71940978 70.26574001 176.42205826
v 150.10792269 47.89539884 178.57559318
v 145.42939016 54.03866666 167.20099016
v -85.29103177 93.84338182 284.65247613
v -94.85229158 94.30642017 300.30200987
v 15.29915323 37.54612850 573.03849166
v 19.03714079 49.15503340 593.19465141
v 21.02954522 45.62575096 557.68458960
v -85.47821245 88.12673790 241.99224939
v -74.14615839 87.91089934 256.21750736
v -74.40137962 81.48745064 240.06776529
v -0.68988643 -84.80438368 1435.24996965
v -11.60123433 -85.88964044 1433.62987559
v -2.81998814 -86.40997571 1425.49421540
v -98.11140327 85.91110044 212.70362634
v -80.77183400 83.52345633 231.45138602
v -81.87256075 77.16615618 212.51403838
v 34.39734268 63.45401577 573.14114047
v 26.50518585 52.15694234 549.94760705
v -68.66605766 62.35963564 210.61793040
v -77.77764656 64.08494613 192.84569780
v -184.23612500 -99.03181113 28.93488098
v -91.59265677 -97.76056632 888.19687929
v -57.26279484 -113.13525947 899.47426330
v -81.39911665 -17.22455885 1496.71863998
v -48.99754172 100.74257297 655.88506325
v -72.93579522 81.85349281 641.40325846
v -108.99372245 73.38518155 151.16066179
v -116.77414089 67.84569513 121.82077121
v -126.59097026 72.30876185 137.94407411
v 8.62229755 0.68531719 525.41591100
v 9.05544503 6.79907283 539.86493779
v -161.18969117 -82.38886137 734.65345386
v -174.54619631 -67.84066698 701.64854801
v -83.53115569 41.47034864 1458.50133703
v -170.90834023 -95.38182404 34.09799511
v 18.81677154 36.82722165 535.58279070
v -67.47158153 -54.27575872 1392.16414532
v -73.91204012 -43.62441485 1412.88802930
v -65.75812691 -42.53241682 1366.84423232
v -41.32534248 -121.38957083 912.28769205
v -84.48541117 10.00451983 1493.16026104
v -73.67715365 -5.80789035 1509.31232760
v -120.51477092 77.11398675 166.31623679
v -129.20983568 83.20929176 198.01186908
v -106.54941824 84.50392182 202.74572738
v -38.72093772 58.82077330 631.53728876
v -119.00740287 90.06067373 223.70309189
v -121.26287014 92.85887090 241.92019814
v -105.84377761 91.55479814 235.28612096
v -16.24987783 25.42049587 501.71663195
v 2.05359735 -4.38762627 516.15646057
v 116.69083117 101.76882735 218.89980047
v 114.75808913 107.14029651 259.99580791
v 126.23063453 100.46643978 238.86241399
v -131.33579679 -137.84787124 8.49255350
v -47.19775198 135.96350285 722.29979697
v -39.25365372 129.97984130 693.81564177
v -65.41860367 129.87530157 708.93101361
v -144.35586966 -107.78512627 30.97319111
v -65.55727540 11.30165277 1369.93334384
v -65.52633914 22.25160630 1376.45082500
v -58.57402863 21.54916232 1347.44217196
v -168.32437921 44.28841503 7.89422697
v -155.95457149 59.08698949 7.88711098
v -107.47202859 111.44332443 700.53210463
v -110.00511399 112.13180799 718.06947811
v -97.44136747 76.43835456 365.18820962
v 70.41569312 -136.83113792 1074.16887986
v 9.83018496 27.60851674 634.50941371
v -54.42016599 -71.10184886 1428.89169960
v -107.26035762 90.71906848 315.32701586
v 210.90410982 -36.42309019 1082.69523462
v 6.55748598 71.39189798 1511.26304215
v 18.40934900 62.42839918 1518.04530078
v 27.15549569 71.61725549 1511.03674616
v -58.49874813 77.43246873 280.05405586
v 150.47969422 13.95007517 1276.99506532
v 161.89310608 9.80533455 1273.54612997
v 79.40723220 62.20968052 74.16508746
v 86.97329161 69.93972926 48.08327212
v 82.63198310 55.04153031 30.76199305
v 142.57557423 -59.65799606 517.16156597
v 132.12694924 -70.99075707 521.91285670
v 122.47379771 -69.14610233 507.94883456
v 129.75504771 42.69473993 1272.80301635
v 140.51056083 48.39365517 1262.88881932
v 119.93066985 60.92555846 1270.61924539
v -77.64457775 28.22803038 1494.81454685
v -66.41619184 55.23400525 1498.03334645
v -78.30008441 43.11794739 1480.90984683
v -24.42701916 -104.15929387 620.34614957
v 53.12977499 -113.93498936 1028.76069321
v 182.34726750 -39.15058447 1045.36016355
v 172.38871858 -52.97051500 587.15180829
v 55.61473091 -16.29827989 1490.05173795
v 61.49403742 -8.99951974 1477.00176265
v 58.03119388 -1.93826838 1492.70518405
v -57.00053746 59.73901953 237.15805115
v -49.96703022 56.23165330 248.27552200
v 14.35809889 13.51808512 489.92280392
v 17.87869942 32.02056817 509.53003455
v 19.34264739 31.78667997 488.10546564
v -45.33664886 53.02578116 278.43148248
v -62.21912622 -60.56118928 1464.74014050
v -70.78104028 -52.06155501 1469.41131216
v -70.54768619 -50.16696158 1454.49098839
v -43.60053699 23.36512467 307.93353957
v -44.45716141 48.22544336 303.85791083
v 24.30265322 23.68571271 395.57459149
v 26.04489774 10.62803183 397.84649684
v 20.14542127 14.09966935 420.31656383
v -35.93141621 20.82233932 353.73898498
v 161.49804441 -0.51316720 3.73645036
v 160.42083196 19.64541787 0.00000000
v 161.65982866 20.48922556 3.27458024
v -115.62017966 96.07617663 272.91163225
v -92.02825453 94.08323155 263.75361727
v -107.33190295 96.41148873 259.77648722
v 1.23662062 38.70470630 652.36341129
v 3.94251783 30.43481024 650.78324058
v -2.65041872 30.48838397 645.08584490
v -101.96834728 97.01460781 289.49194646
v -108.85151467 96.45594963 296.40569419
v -68.68440212 39.73635360 1503.58744542
v -62.79686672 46.92296864 1516.14210555
v -110.84540290 87.18176305 331.71283048
v -130.18480339 86.36031346 316.12139663
v 18.31134537 67.39050969 653.77707977
v 9.21480950 76.57078496 656.95128537
v 17.15867113 87.50510214 657.84334497
v -134.29899609 78.56192207 339.04885855
v -140.70466564 64.12824065 362.26278193
v -127.95858724 -132.81396065 5.70074408
v 3.42913934 -127.10110245 991.23789638
v -82.28217881 102.12106495 847.72839176
v -79.69893784 94.58277579 864.34738881
v -80.57244837 85.32818190 913.53884611
v -39.10859025 -25.26937497 1317.38587022
v -45.86822797 -13.11311595 1325.80149050
v -47.68027974 -9.45865147 1309.79988565
v -17.11971704 -19.71629004 1536.03072541
v -11.33482051 1.33192218 1543.28108643
v -144.23174414 60.64767998 4.39003162
v -72.06165160 -108.09957947 936.27488511
v -80.46505101 110.63612761 832.03279510
v -166.50678731 11.09423164 32.72107834
v 127.95491174 66.41275164 105.77310866
v 135.58850283 69.80471611 142.63274600
v 136.76689292 55.96427075 121.21584918
v 55.43073286 15.46463445 1402.90047050
v -163.92724152 2.19021856 54.05120948
v 61.34416344 -122.26122598 939.38073122
v -91.97781681 -81.87988232 967.89471820
v -109.85470612 -60.33703834 984.71561896
v 37.64137195 -71.07625547 1437.64227546
v 30.65094111 -76.67742850 1439.09511315
v 61.63127703 -5.46195310 1413.56307739
v 60.34250330 1.62942728 1415.02983792
v 63.60422031 0.04374174 1423.59177716
v -159.54328429 16.20220359 73.17881243
v 112.39860117 -2.10519017 179.34900725
v 115.22650282 -0.97025156 150.69146222
v 128.72850132 -57.89012622 938.23072087
v -108.14348755 -78.75747159 910.41696910
v -112.78746642 -74.78286678 930.56308478
v -123.67554575 -56.14137216 918.49144831
v -152.72207716 44.87109285 121.76138052
v 128.26874382 -0.72002387 197.49122009
v 113.00149924 -5.78311195 194.76975318
v 127.02515869 1.82055699 178.38863008
v 64.28782990 9.97454777 1426.10609009
v 66.24300155 23.79497019 1424.37022486
v 66.70495898 26.09414185 1436.84742026
v -143.30133405 61.66152094 126.98642823
v 139.71626205 6.97461034 976.47160298
v 137.25053555 26.20975742 972.56400654
v 129.05036425 21.02669624 992.73559714
v 100.64278609 88.08094412 964.77048772
v 115.67466697 69.47908812 973.27598657
v 119.57137576 72.98023423 951.28467836
v -105.72759089 -118.71567207 1048.10293665
v -100.64771252 -123.74370649 1060.66294085
v -115.97516476 66.00557150 101.01895441
v -43.61837021 -143.88874650 1054.21612161
v 21.33434052 94.71742234 1400.43640057
v 9.14492567 102.04610887 1389.67124756
v 120.24263735 70.38108844 909.08735796
v 116.08096104 74.96728522 916.11923178
v 67.22007335 21.63755681 1414.46967446
v 136.35628174 37.44322368 965.19179210
v 129.16679495 49.67951634 971.81330414
v 38.87050420 -121.42797520 910.72413803
v -306.81946422 -102.32284083 677.49047927
v -299.73679333 -108.52676125 689.02768623
v -313.49044337 -105.74763353 688.62326114
v -142.69645510 -54.78597194 1076.30500254
v -144.88788242 -44.02899342 1074.95776116
v -143.28672437 -51.30347009 1061.48563133
v -273.35303476 -99.10226341 703.24268268
v -267.90700746 -87.90435036 704.57216758
v -274.02812107 -95.07144261 708.82360932
v -286.12148954 -112.58912706 692.04442071
v -294.14329241 -112.71895613 678.06966407
v -285.95799615 -112.19284695 677.53662170
v 118.87120086 -2.70552607 69.83482985
v 114.86028602 -1.21652142 76.98783113
v 106.32559320 -2.42986997 80.03197368
v 2.18352454 67.65340585 1515.56096467
v -5.98355111 77.57506611 1508.71337144
v 142.91359509 46.75027426 1047.23044428
v 143.38670200 39.14258807 1031.67829713
v 135.70254961 41.24443234 1034.88392542
v 121.97569691 60.52805324 1021.05188003
v 92.24778960 82.37809820 1009.95291331
v 105.61752462 79.08893887 1023.46925958
v -138.86291157 39.32597316 863.09839914
v -151.08154926 16.50139825 845.76133846
v 128.20214441 38.26534188 1013.12136716
v 128.81878760 23.41861430 1005.72309498
v 122.52260488 41.67203505 998.98286398
v -110.99011371 75.16096162 165.78088843
v 129.25199157 54.52573704 1032.38447621
v 131.42428072 53.17570701 1048.16289751
v -108.92812832 90.16452142 216.04231907
v 82.45848759 -23.11400945 11.55440331
v 85.50272872 -47.09283388 21.98985130
v -92.61186777 81.20484911 881.95498144
v -97.46624514 75.63901107 910.87809447
v -105.35703443 97.49284831 252.93612496
v -326.95583499 -97.52896678 692.87376058
v -325.40978877 -84.23070795 702.65006116
v -332.54632918 -87.53076109 690.88573201
v 124.60145545 81.28428827 136.11782367
v 134.39519374 76.48482887 156.00294072
v 0.54030976 101.05528787 1464.12572264
v 5.10724796 99.94228462 1479.76459405
v -26.46246302 103.33315387 660.31102285
v -5.32365992 97.99069239 663.41893353
v -3.39627894 129.26611211 696.15642464
v -88.49171537 21.88006511 1416.42160748
v -126.65259333 91.02696325 303.82847705
v -23.54471157 100.41647406 1483.71305692
v -12.36222937 103.71675109 1473.11021470
v -29.40908280 103.26933466 1476.28269109
v -128.60741307 83.08898804 330.32351865
v -133.10274948 66.00908914 370.42998950
v 176.55572179 -72.06916425 660.54218696
v 12.76792478 48.14517516 1532.84475497
v -37.65936420 -70.65294901 1344.71133364
v -42.15520209 -74.31048599 1360.31229082
v 71.93781825 103.32012474 268.20072654
v 101.64146637 109.38881236 267.68660655
v -140.23915150 -56.34902345 857.84473492
v 144.81456898 1.61829276 303.22895198
v 150.22234296 10.52711379 306.17664404
v 144.59095315 3.30880135 316.02161302
v 49.69117941 67.85281941 1439.89932998
v 36.60771985 87.50795137 1448.05769216
v -58.52395103 75.91678905 264.36354663
v -62.68482825 78.24804341 250.30928201
v -142.32391823 -41.41002269 867.36576449
v -2.01940778 -101.95114181 1391.19419751
v -9.64672057 -90.23546783 1382.32418721
v 62.33442090 42.63080762 1423.68888379
v -93.56924760 78.25286624 195.08743291
v -93.18696846 73.26747084 182.71731992
v 30.50351106 -127.18691498 989.11162452
v -65.20989616 67.42386197 225.42733820
v -142.53318555 -29.12632420 878.97769622
v 146.64366086 31.69978682 391.58554844
v 145.16707053 42.82380026 397.82542070
v 146.19661795 33.46891664 415.58284688
v -73.78342495 24.17941876 1507.18629866
v -55.25539309 68.29715564 254.76835431
v -49.10467189 61.70711156 270.22377238
v -33.03088120 144.86089517 772.91685123
v -23.04291931 145.71911143 772.85295869
v -45.04621697 35.33303684 279.16117283
v -73.21244164 -14.51296080 1385.05201297
v -78.02039306 -3.71214365 1395.34744653
v -73.41263056 -7.90567410 1372.70317955
v -64.71438113 10.43686846 1522.95001508
v -66.47722832 18.49373816 1520.71635878
v 96.52094556 -9.99563221 242.46866327
v 89.89612604 -8.23699645 223.85686683
v 111.49131355 -6.93542038 218.20586900
v -21.13325011 134.09780176 711.50160724
v -10.74747671 131.89232134 701.95322691
v 159.79229748 52.60721859 295.50515163
v 150.94589597 80.42211422 288.83261376
v 152.21851945 73.55563789 318.06909666
v -20.37192586 16.48612288 397.03332048
v 119.05427060 -61.79782178 999.12209280
v 132.18923374 -27.70611115 1009.75825798
v 117.34687730 -88.93208269 562.28795186
v 105.48663541 78.48543898 0.41948139
v 105.41962059 85.60634266 3.26697852
v 118.72581808 85.21599589 3.06024756
v -14.25884907 -0.72367822 437.37366057
v -14.53574522 20.58555224 1543.48556270
v 134.76987301 -24.79129472 992.49285483
v -17.95622005 -30.47850460 452.15979444
v 138.20182204 -70.57745840 1056.09567663
v 127.14764488 -93.05898078 1055.74026330
v 142.93499278 -94.36663028 625.03557363
v 39.36944353 8.55566643 1518.42359003
v 30.87553266 26.96907034 1524.61875219
v 9.38621414 -6.89293776 1536.11586474
v -23.07252002 -66.23187199 497.61845913
v 53.50356351 74.66996016 206.39897639
v 55.23667085 69.48163224 190.70861016
v 135.32475820 -61.32823289 1041.56865591
v -135.74681352 -65.61877729 1043.37260496
v -136.64659692 -30.94471863 1027.42142804
v -129.12959647 -66.60626125 1030.77390210
v 113.91042095 -73.95134082 921.38341011
v -41.75446647 -94.25666970 521.62898994
v 130.31541162 64.17605475 0.23673945
v 130.26741202 76.39775432 3.04525429
v 138.33530427 65.72312369 2.89905040
v -36.64926725 -98.77645404 548.88698860
v -81.08038191 -119.39526079 1024.81617541
v -53.58575781 -124.35512448 1025.42065677
v 148.00949503 -6.41300746 905.93165702
v 58.24066673 -29.43491198 1466.00629434
v -0.11131921 -48.47889548 550.23010311
v 3.33615940 -48.56470626 571.97975892
v -54.68032544 -71.40504186 1456.30228863
v -15.96243506 -84.04708422 562.35140982
v 167.78485367 -79.68865196 717.94693659
v 138.23510294 -0.13652412 50.90734917
v 141.50809168 -11.23369236 44.43893345
v 141.73899348 17.61382016 49.81738172
v 9.73801608 81.41512772 1507.33632675
v -2.08943257 -83.62974607 630.14001971
v -70.83523112 -52.56066349 1415.10764788
v -63.84120754 -64.18577825 1396.78279206
v -128.81220311 -89.34789496 820.30916073
v 88.04135853 -75.91823160 27.26922672
v 84.15476869 -81.96440284 15.87456863
v 87.53602906 -89.18101947 20.07665415
v 144.09276357 8.73774324 907.37871190
v 58.23984550 -58.51839624 473.27505129
v -55.55914414 -112.04667557 566.88831568
v 149.79258940 -17.55728701 37.05521839
v 151.42394609 -37.62766443 37.98183893
v 155.25225868 -21.21707195 30.79598636
v 144.12973864 20.50427013 902.48816206
v 146.26905686 -21.05218809 945.57614296
v 146.50481285 -5.30734047 950.85385011
v 143.53073085 -3.53670143 966.88973716
v 107.70315273 -64.00424144 477.33790002
v 22.08323202 -53.30049776 1508.56347624
v -6.14653239 -90.62887205 1457.48351075
v 13.26365888 -85.67384057 1450.13897962
v 14.31934055 -84.87939239 1460.71793932
v 56.34132000 66.55798658 471.55631274
v 44.95515727 62.19106320 487.17121839
v 56.94093076 71.48865211 501.61407388
v -89.00195477 -124.83189042 1037.08409054
v 201.70587752 35.85181067 688.53187860
v 199.76378365 40.59846533 671.72391796
v 197.60842237 48.28844915 688.50213498
v 146.09774225 -14.78491178 27.59096775
v 153.18324240 2.92066892 12.64278726
v 42.19365509 68.07859079 545.87906390
v 54.59434385 74.83213523 539.83153913
v 45.68951348 66.23329922 518.53379241
v -117.87634983 -121.84760815 620.05266082
v -77.45226900 -129.46133048 1035.43695870
v -98.29007017 -128.67267634 656.20132737
v 66.83512912 70.24791695 474.66346321
v -97.68045111 -128.47238041 682.19417728
v 51.02215256 59.39430037 1401.93669090
v 38.87062977 0.23944378 1340.16725319
v 62.87378393 16.35461651 1412.67794067
v 65.50931145 21.51231674 1401.09553492
v 60.98078334 73.98162692 519.13419567
v -135.94478577 -113.92797206 661.68367074
v -308.38292265 -102.92747258 666.61803620
v 129.16839360 5.18358702 127.72161346
v 135.60995100 12.06303457 124.46745619
v 136.06509735 12.69273694 141.15806183
v 36.63599204 18.07665586 354.11645315
v 30.19395654 22.72885793 375.08588792
v 34.67389209 26.18492320 345.68459900
v -158.79273939 -89.79994456 714.46879463
v -293.38163218 -117.40567728 664.69115449
v -305.57905504 -108.97260944 654.51784419
v -313.89707912 -104.93583206 663.81972055
v 105.70886609 64.58832244 0.62138537
v 91.93269565 65.28742655 3.03351750
v 30.87768535 37.65061792 376.26215055
v 35.31396076 46.06121281 367.92720279
v 34.29569990 41.20829196 349.37720808
v -76.28551945 -106.10088393 917.92347763
v -121.93303267 47.25021107 897.77686009
v -304.09323042 -77.59207706 634.35340736
v -294.51060569 -82.69462769 640.64207020
v -308.64708427 -83.69550027 643.87289475
v 46.97658934 5.41811247 337.64698665
v 40.18713647 73.01668640 1482.71647194
v 45.72435105 -62.31496146 1401.04288781
v 19.14132001 96.48397091 1427.86175321
v 39.02881348 56.51957080 353.98723804
v -103.48548389 74.84460748 883.77481630
v -57.81198912 -103.61064182 1012.92804263
v -59.04422192 -102.38200838 1005.83705806
v 123.23334459 91.38344894 179.66946229
v 122.69266362 88.54265006 161.69677396
v 45.57975491 -56.60301608 1416.50421932
v 47.87437430 -54.46104541 1430.85401665
v -106.13182754 -60.27496224 998.75863578
v -93.55863422 -79.38501645 984.20320251
v 30.28099399 52.01740393 1518.33723102
v 29.11419160 41.62953960 1522.73505397
v 43.55479346 77.44918643 1466.12726371
v 32.75433465 89.37500975 1465.50691895
v 96.67810281 1.76590646 100.25526197
v 107.48328660 -1.25290613 128.91228159
v 94.81760674 0.28237825 120.19887494
v -91.78081656 -79.28172064 1008.07805737
v 37.30406810 -142.29894044 1068.53120089
v 9.41037406 -142.99458176 1074.97696818
v 53.42331705 -140.41440296 1058.76143468
v -20.19509007 -142.65349990 1062.83900474
v 50.22083165 -120.03165185 776.51418926
v -54.12146553 82.14003224 1417.12323944
v -121.43034609 66.31489343 645.98588489
v 199.99494793 -12.35364406 665.22078995
v 202.11227230 -24.43251480 704.68504997
v 11.04990991 101.83064104 1383.44191303
v 17.24129455 94.97327593 1375.99521579
v -3.30583180 102.83997405 1374.85914384
v -77.17372846 56.74101697 1426.78052671
v -63.16572188 65.53380014 604.26738230
v 180.03376097 -68.57520917 706.66794464
v 195.16882108 -40.99268120 698.21903311
v 153.02363968 -21.81605179 22.13431906
v -90.52236489 6.71358829 1412.06793737
v -82.65566672 -0.78737120 1408.70034675
v -93.02249693 1.12497933 1419.15078917
v -179.98330633 11.36748462 658.32699964
v 60.07138401 -42.82021091 427.82021167
v 41.41333457 -21.87013752 420.05415630
v 55.53756934 -25.40116741 398.95515585
v 20.27869975 24.30056205 419.93705768
v 20.70670991 8.44096462 424.85132026
v -4.88647166 -61.05482000 1314.21750748
v -7.99840803 -43.61069861 1299.33199504
v 2.51147660 -59.22559157 1315.78731160
v -83.72947086 5.15961816 1403.67140430
v 162.12853668 -57.71372661 30.76437079
v 161.68503379 -80.16910103 24.64069014
v 171.20860275 -68.25819509 18.89943992
v 90.83866511 -63.74404990 467.50014836
v 83.99718240 -59.83435177 456.27658499
v -53.57290077 53.15828814 477.99076338
v 42.06397537 73.09107636 315.90793926
v 48.36778489 76.45574735 338.28652220
v 49.53333763 82.61924583 317.01817076
v -10.37164132 -90.04893289 1450.24457954
v -51.39792445 56.02517165 441.42916526
v -36.49500288 103.93493375 873.19708629
v -38.44088023 98.93065054 890.56834735
v -7.68201602 102.32157346 890.85802786
v -70.63821982 58.06469789 447.51779128
v -68.71453116 93.38643779 950.19650986
v -63.25860726 93.35947958 934.70837996
v -72.38756496 89.38029466 916.47960549
v 10.18933334 21.18615280 644.45397272
v 24.79888348 52.37541708 637.98629628
v 48.22512928 20.69451430 1313.36066018
v -93.26309540 81.64370104 929.56919478
v -103.94445107 73.67093212 929.29790753
v -91.69175444 83.65492878 954.93306378
v -36.03107110 -87.40730810 1443.22777954
v -21.80463889 -87.57213086 1444.50506576
v -43.73185001 95.76649789 906.97821562
v -240.52963478 16.18385314 1064.30654925
v -233.40106751 36.87840462 1061.33685777
v -240.39421999 14.14865375 1045.61698997
v 9.42780004 31.04950658 599.98438402
v 9.15816203 26.63409283 584.91980913
v -257.33865505 2.22585669 943.05869908
v -249.85318115 14.73770342 941.84569782
v -257.28642570 4.83159851 930.03612707
v -40.88179778 53.20021522 401.67881054
v -247.04623322 7.60931443 972.96027823
v -240.95067960 19.18936822 984.07812785
v -232.64821201 30.02472396 957.06102035
v 167.05181722 -146.06620655 1.15220104
v 150.53464756 -139.38478190 6.96268046
v -38.49392500 85.62538723 1503.96385366
v -38.69365961 79.21328385 1516.51753982
v -30.01697130 89.47694978 1506.20142419
v -26.48903884 39.56090306 406.35616600
v 87.12440243 141.58656344 802.75301334
v 81.96750322 131.27956286 826.81609980
v -153.14218319 7.54968761 543.31544137
v 51.45123802 108.72400504 885.77697131
v 47.53936649 119.86250549 858.34995783
v 28.81684742 112.48700986 875.10344534
v 128.50187321 -81.10366602 541.84970441
v 146.92890366 -69.80924387 541.87372271
v 147.83774493 -77.05995823 560.41721615
v -42.09569329 59.60447847 1345.79372508
v -43.83770566 52.65214952 1342.57339668
v -0.49393596 106.66927178 881.71040388
v 3.53434194 101.79434788 903.78727173
v 32.53905111 106.29466754 895.49486747
v -49.85784240 67.66042488 1520.08159262
v 76.68717423 114.85288970 862.22926874
v 79.49482209 121.46504314 844.03211126
v 58.21607349 125.72499422 843.63502821
v -53.21248158 60.42206206 363.01242766
v 86.90112033 20.88694790 1.14917543
v -87.39756286 62.93314306 574.86441535
v 164.76659727 -42.08951057 546.28315271
v 172.73525947 -32.21263665 566.58580732
v -219.78517516 59.27435629 1071.75409465
v -205.94892696 68.88820242 1070.76303537
v -205.13346924 68.31152904 1058.55269236
v 79.63253402 1.86217426 204.83910067
v 83.27318710 1.49704298 188.08194326
v 101.19178700 -5.47138989 194.65345155
v 3.74527337 -80.32352245 1422.94422952
v 10.21575118 -76.76254078 1430.81647992
v -9.69487934 23.26412265 534.43470110
v 144.63064922 -73.64847077 827.98278996
v 67.63654274 -112.09814938 879.59538321
v -22.06230152 -53.92951026 1518.36532361
v -9.70085837 -102.01793214 1398.71688692
v -9.64333229 -87.93965334 1422.61288568
v -100.21964543 68.67788634 390.39468308
v 39.98041221 -35.48577367 448.58433656
v 163.64808679 -10.05291863 866.70684988
v 162.94449847 1.17155276 871.33353397
v 158.26332666 -12.20818434 884.51075923
v 38.99911522 -128.32541795 924.57652925
v -19.22059461 50.58993840 585.28537015
v 42.74363410 8.64283110 1359.34544182
v -20.14244319 96.17821273 1498.49384549
v -8.62530026 7.27094937 478.83061484
v -11.54659793 -130.43543113 964.49505536
v 134.80565727 16.31810062 65.43884004
v 121.79970499 3.39915208 77.64359213
v 2.09237254 24.67781935 578.94506119
v 129.74353610 -4.69081773 362.02324671
v 138.54229818 6.68561519 366.79907753
v -85.63577647 -22.52477794 1451.41865774
v 8.76212132 -15.21989345 524.73420467
v 123.37424712 -44.59593078 444.13873922
v 124.35797791 -37.77583284 430.96951229
v 31.18276377 -34.02773694 475.51601885
v 70.17835144 -58.14829078 456.98164471
v 84.52194495 -58.49708638 446.55669067
v -20.28714355 -34.42326220 1296.75556502
v -36.23478993 -24.42227272 1303.93210905
v -30.40723343 -25.26252047 1285.84389275
v 29.30293128 -51.57799462 541.28876917
v 44.10812760 -69.19605925 561.69219929
v 140.77659898 -43.43483806 482.96167076
v 64.89774667 -75.34990699 523.10538941
v 135.21942905 -17.15399604 423.64088852
v 137.14766235 28.06935152 67.11309051
v -59.22264189 -39.27357646 1347.01351385
v -67.29830195 -28.10661897 1359.75803327
v 65.10416529 -115.76501701 848.75837385
v 107.10705010 -98.21128310 601.12559312
v -56.35846195 -64.67903085 1476.98089191
v -42.38240296 -55.20801094 1333.46692201
v -31.38868656 -47.21685238 1321.93134293
v 112.50424263 85.08414177 39.46484361
v 112.78767116 88.52174023 16.63082108
v 106.05833825 86.97541187 38.55192842
v 94.73955723 -101.54643377 650.45329213
v -36.91425411 43.36752517 484.30348484
v 140.38721703 54.45180625 398.11260920
v 141.14952709 48.53337951 421.34902691
v -135.32293184 92.06020776 722.62128697
v -142.99243708 82.73796960 709.11075164
v -148.55232300 79.32062341 746.12992793
v 135.74716761 -4.92723347 330.42561204
v 145.25608262 5.00818305 328.10009408
v 150.88097359 15.33889754 333.53396377
v -24.20753546 68.95035323 1354.04226644
v 114.85999648 -97.90765793 762.12574726
v -105.11501160 121.86135432 752.22387500
v 88.53080339 -103.77201681 742.28203576
v -52.94552269 -115.72467673 891.62467226
v -27.63634915 93.46517297 1376.61386031
v -53.13942889 69.06529843 1377.80089287
v 66.92672516 -105.31822561 728.23201646
v 206.53211333 19.80550699 699.37916333
v 202.94962850 16.99770885 678.85376268
v -156.82678060 64.30569531 707.76828973
v -167.17171739 46.73755966 693.96238908
v 26.04861931 58.83513761 616.01426472
v 42.85498429 73.62809239 605.63570099
v 33.69584027 65.75171934 587.93703357
v 45.77891640 -103.80854607 720.75264133
v -180.82646078 -12.27909011 777.03773460
v 36.55819728 -86.61278406 698.86419443
v 151.46938670 47.93026060 207.65832345
v 151.79444877 36.55481019 210.53989637
v 150.96830806 37.29666111 190.74426178
v 55.20230311 36.42606292 1302.22973823
v 18.52454329 -61.40232381 684.25495017
v 29.99033872 54.98747141 532.86861953
v 30.56208214 51.36412699 514.88433515
v -5.98588235 -86.85504183 1439.84966837
v -23.73612786 -79.19342192 1431.97005133
v -18.25248048 -79.76499540 1423.98676158
v 16.48062833 27.40368850 523.98928139
v 114.50167069 -10.68007496 246.59116998
v 118.10877508 -7.13215404 231.60514132
v 130.83117961 -2.64175792 243.57246205
v 52.83051536 -28.11551727 1384.86912986
v -64.55548867 29.22139962 1520.10464302
v -93.15713645 -103.10087541 872.55963202
v 24.22163198 -61.83279203 626.85967268
v 50.92708182 128.69013124 677.30196306
v 67.63647100 113.29721989 656.05214910
v 33.47199515 118.66128158 670.45199050
v 45.37486259 -73.59318860 586.70940609
v -71.20656516 126.11552279 699.74931630
v -46.21241069 121.58062707 681.88715060
v -60.80861674 120.14166660 680.92790001
v 80.53375148 -94.89305937 606.51995977
v 145.31032024 80.85053964 236.71019307
v 149.42486965 79.34183707 267.56151881
v -59.60850156 23.70966552 1303.33534606
v -126.69879887 103.94173946 742.09828713
v -102.17045914 -114.88327287 771.97561179
v -70.60903800 7.86497545 1375.93991888
v -70.89851820 -0.59761059 1368.20746528
v -117.25382173 105.29810963 702.03305698
v 40.77385928 -44.57780126 1239.16164807
v 38.90613696 -54.51233592 1225.06424993
v 55.72788829 -39.68079803 1247.19012089
v 4.96062606 21.69427001 643.23231930
v 54.13383135 37.66508926 177.86527189
v 54.11795940 50.66170347 177.16686855
v 68.11754588 72.57545054 148.27570610
v 74.22829605 81.49681761 151.41225546
v 77.83756588 80.00834881 131.56363757
v 17.62893916 -56.04852423 1225.31119006
v -2.11316745 -64.39491755 1220.98488158
v 20.20935054 -69.21474222 1210.96817152
v -2.76809296 -27.41378357 523.50815308
v 38.14093116 -33.00229881 1254.91777172
v -81.01191109 -28.22946698 1440.88744737
v 4.88604312 -79.94673297 1199.08917223
v -239.40680415 -21.51561811 776.33068374
v -254.17425941 -21.27004841 759.95900207
v -249.18956759 -14.80433143 771.63321945
v 147.72263213 55.85655732 546.50906589
v 156.36102672 40.13982590 539.49105388
v 149.36484717 46.39304669 520.85102434
v 138.99984194 -98.54498106 650.23311265
v 27.32184442 -20.59705306 1278.79783119
v 17.76966302 -25.81042651 1270.48659978
v 32.48067493 -23.90554537 1266.53975848
v 10.91577480 -53.77002873 609.50553737
v -240.19285282 -4.39433774 794.21598178
v -236.30897229 5.32401579 815.38433261
v -232.33722584 -4.09644484 804.19147097
v 10.49321594 -59.24301824 627.85650001
v -254.84663767 -26.90979346 756.11177147
v -261.17342763 -28.42551265 740.42055341
v -259.65050466 -18.06777005 758.42077213
v 81.24818026 72.03058199 86.46349405
v 85.27554685 79.50844477 101.84568786
v 93.12595039 79.72611004 73.61602640
v 45.41443271 -3.13176655 1289.08189732
v -223.94345623 -47.07020519 899.59964962
v -210.70703006 -36.26449415 912.41111445
v -228.69012494 -46.82618202 915.87507861
v 17.21907739 -36.82430953 1256.37663038
v -56.42883906 62.73366014 1517.12203318
v 21.73509490 91.49296741 1491.76849945
v -90.47795072 8.52540244 1454.45998092
v -88.74306917 10.52993845 1464.91904500
v 47.80934808 8.28848697 1300.05924627
v 175.90410528 -64.92734192 626.59311084
v -0.08993883 -94.37787410 701.30089216
v 15.65356397 19.69756598 470.55257453
v 19.55638037 32.31556369 464.29444718
v 21.98532827 37.38153005 427.01206264
v -176.94515459 25.68603373 763.08657574
v 82.60367532 -6.96321616 17.83061208
v 82.63302163 -7.91004502 25.03843102
v 11.58742506 -64.76137129 691.29080056
v 19.49844981 -28.71432787 1307.18699014
v -4.36785585 -114.05800122 727.32149981
v 34.14908767 -6.53125743 399.84921941
v 30.19135745 -12.28591704 428.35957304
v -21.26083494 -112.70328560 716.77578963
v -180.61199020 -25.49820112 733.32790611
v -83.11359515 -25.72954652 1418.09812263
v -78.64376624 -36.42154500 1437.01165742
v -38.54196190 -78.72596695 1432.29984546
v 55.02904040 69.90988988 385.93848360
v 49.16688180 67.32338894 373.24852263
v -2.04512354 55.85025754 651.68501048
v 146.10998577 45.52241197 0.02928144
v 40.78873498 -38.99014483 1346.43544671
v -10.18349918 44.86886980 644.79545568
v 30.13916955 66.43647660 648.09708012
v 24.50938523 51.51550524 644.09831251
v -81.58207203 26.28805652 1484.28968864
v -85.21588597 -124.63284192 715.07369309
v -114.18352313 59.63340869 919.36416003
v -111.13135780 66.75086911 942.26560199
v 148.80363704 37.53282189 1264.14069294
v -119.62043110 49.85804326 907.42212241
v -119.79781671 54.43829617 932.29399041
v -89.88674850 -116.95883122 762.39633675
v -106.19475809 97.31029201 829.93892815
v -25.74394809 -129.64537492 789.28597723
v -2.29511547 -131.31954217 796.63032286
v -218.46211867 55.70985371 1019.25224856
v -223.97965612 48.21290566 1004.49377470
v -223.82621841 52.05330084 1036.86718696
v -9.67250521 -132.34056639 809.75631349
v -149.85177208 -14.02183769 1031.50180178
v -151.01529393 -8.92401217 1019.97971899
v -142.97869556 -8.02760920 1029.34772563
v -115.77412877 -67.22139609 945.25505568
v 94.88347543 -81.38654552 1189.78062149
v 88.35987858 -66.49723227 1215.77448683
v 73.91415715 -76.11748510 1203.57318084
v -55.85187638 -118.02910425 870.08464622
v -156.23780425 -24.09852124 1035.07937662
v -158.93344847 -18.07901811 1016.17331716
v -30.63780448 -122.71388004 872.22320981
v -194.67506952 33.90864740 927.12867016
v -198.76881396 28.11156849 909.23439363
v -207.95505698 30.34355341 906.16174292
v -17.58076924 -127.69546200 914.76175318
v 193.10258496 -25.26855507 923.86686165
v 179.48012927 -13.95572919 927.59629479
v 184.58712972 -12.70126158 910.30367042
v -27.10639076 -143.73711804 1080.05875197
v -156.08361193 -8.42410318 1003.65329122
v -152.16085645 19.43189025 988.57795974
v -148.06366581 22.71191167 1004.19091872
v 119.87646477 70.19045086 1074.81991232
v -65.34759578 -116.23107436 1149.46334691
v -82.83309466 -117.64903355 1130.34668611
v -57.94976477 -128.29753586 1124.63448059
v -63.09318902 60.15597195 1384.62632773
v 152.50339790 -48.76595192 1121.71498105
v 145.16510952 -60.74976074 1126.42219358
v 146.17871869 -53.41154129 1115.64893355
v 5.18248993 -131.66751869 964.84085858
v -89.58065084 22.48009514 1405.13248955
v -86.16619314 26.36948219 1409.84991968
v -60.06744644 -111.97925028 1158.64931529
v -50.22898387 -118.80333853 1147.84438708
v -40.67537971 -124.73491958 918.40375207
v -65.40339813 -115.67019026 926.02581136
v -245.28300108 -42.66872666 945.90959253
v -248.97640788 -46.18860891 923.99112600
v -235.88149357 -48.56367659 940.00525329
v 107.42992147 -8.80402176 67.66101381
v 144.42014263 54.93787996 1055.74592590
v -124.62320047 -55.53524540 935.00430878
v -132.07883563 -31.13569747 936.93706981
v -79.74340504 -0.86735494 1377.85034943
v 82.54676004 70.11212351 1281.34026728
v 100.40081674 79.20123357 1268.28803613
v 76.63040666 84.83598606 1269.82008349
v -61.49474273 -115.42610842 882.65574291
v -127.59298820 -32.03969147 953.97584816
v -238.16894568 -41.75092601 960.19272447
v -251.74679827 -28.54894695 962.30688337
v -101.66951045 -104.83072720 832.40073385
v 132.50276534 -6.49667783 55.24655997
v 57.05251290 154.00219971 760.62625894
v 63.60517547 152.58065573 743.53117702
v 60.61217709 151.53658631 730.38424278
v -68.01931568 -27.60921143 1251.84912388
v -95.45280790 -19.89971615 1257.82383615
v -71.67386580 -44.57185495 1237.93319817
v 34.97760688 152.61705305 742.28178040
v 45.11532955 150.03649273 723.03867027
v -119.48354048 -107.05781211 785.49113540
v -54.21969189 112.53769287 666.27949899
v 113.93165498 -103.45186276 1044.62560562
v -274.45751997 -54.39670445 841.84229707
v -281.60342491 -45.00693596 842.08373068
v -286.48671194 -51.66420826 817.70742593
v -63.27095965 136.89137068 788.15608792
v -62.23405154 139.66057843 768.01567307
v 83.70757698 -131.52455756 1059.81701488
v 18.87300434 -79.02549069 1198.96178183
v -51.65684006 120.01742677 835.10821506
v -180.35622384 -11.71216146 744.22100915
v -113.84257297 -58.39509081 1012.66800271
v -107.07120421 -69.08868840 1012.74240504
v 144.69529992 2.07023050 1278.87657357
v 141.23561520 7.62945067 1280.68921054
v 106.29434352 10.93046944 1288.21588366
v -163.62882297 37.26661680 813.19660875
v -117.41734844 -40.28999794 1007.08619365
v -107.71640338 -60.04491023 1006.28300921
v -168.58040306 47.20768303 788.39545844
v -138.95643209 -7.16368689 892.95694503
v -170.06379071 47.65674824 771.01276873
v -180.37406272 29.34677212 928.73817273
v -8.05329735 145.58045478 803.32248458
v 31.16621610 151.73757198 753.35019553
v 15.85092545 144.39603577 726.44306416
v 10.27186490 146.37870977 736.11741619
v -9.61348632 145.65913631 749.23820202
v -123.42616538 4.91760270 1265.67762229
v -109.41628769 17.99392277 1272.75880725
v -127.13331604 18.56490980 1266.23263837
v 54.78870180 153.32439276 768.56828242
v -186.13080765 -12.92375194 700.61451616
v -248.36181734 -7.70143895 988.29944604
v -244.60259139 -2.53022621 1003.40331241
v -249.78239004 0.58971302 976.35713587
v -11.09467314 140.76958292 726.69516866
v -32.91886202 137.89311043 722.66023547
v -65.09370318 110.41917714 1151.04101537
v -76.35608529 113.74521637 1137.99125628
v -79.32516903 113.20104209 1152.04431346
v -211.75349458 -0.16561545 831.94158066
v -213.06342538 6.65987284 838.11140974
v -204.83632042 1.45575111 847.12261725
v 169.58441904 -28.40900825 982.97027463
v 162.07593309 -20.77452365 990.13178869
v 165.98239068 -19.78740203 966.25910178
v 116.46106152 -65.02093308 1015.28986383
v 126.06977583 -47.57441296 1014.10599509
v -0.95198639 -128.55607066 1129.63912038
v 9.20921572 -120.91086279 1140.92277087
v -3.89935060 -114.17131653 1147.27918538
v -155.10741998 45.07551294 645.77753328
v 71.72624643 -125.18814753 1117.86662837
v 61.39739626 -109.76488093 1156.71836838
v 52.00756779 -124.30860556 1130.47258405
v -133.66157467 55.38027667 627.05862403
v 96.15900461 92.42860580 1253.65233821
v 106.29400617 93.62097074 1244.28217230
v -145.40342125 -34.25643547 1058.48926606
v -228.37328258 -12.72234974 805.89467929
v -237.90172610 -14.23545729 783.85291735
v 116.51694181 -86.90209934 1154.57619281
v 99.66441864 -99.19087265 1151.93450521
v 113.59513706 -97.83180984 1129.80131672
v -121.89359887 -90.36740769 1034.54063253
v -120.30443638 -83.38788589 1028.16169547
v -65.64771107 -139.83457422 1081.93672457
v -44.45980204 -141.37149155 1085.61509325
v -26.09832820 -138.54032380 1104.60721708
v 4.79030125 -141.32569129 1094.34007051
v 26.79888464 129.80609014 840.79867476
v 164.27335391 18.24795469 864.88212791
v -82.14733374 72.78177937 638.11668375
v -220.96517361 -41.21310520 859.90224149
v -217.77256161 -28.15392400 847.15096646
v -209.99074697 -33.09930205 878.77068494
v 172.85021751 47.62978927 993.24382471
v 180.39289291 48.63728333 977.91499555
v 173.91004456 37.05699293 967.60337339
v 144.79634437 -0.98318045 916.84278168
v 54.03940386 -141.62147546 1083.76470272
v -69.67300262 63.88468835 570.77729828
v 94.19400559 -121.76208200 1099.98390281
v 79.81214143 -131.00282375 1098.48034862
v 82.10447938 -131.72176976 1090.94852923
v -279.23673936 -79.41786208 767.99603290
v -286.05433531 -76.20958763 770.17946151
v -280.09837688 -85.04025731 739.64790681
v -151.46204529 104.02521673 1148.04990328
v -141.80695098 106.74589842 1116.27228466
v -156.50186003 103.32985868 1132.33218256
v -66.23824232 73.00439856 1438.68672519
v -68.12179067 69.66512272 1423.83945330
v 163.21497454 -59.78895321 1136.53205122
v 161.13894414 -47.60481843 1124.97060852
v 172.38598175 59.53414716 830.93605919
v -47.83113703 -104.06464755 1174.89898592
v -23.75031935 -106.45799396 1164.63613483
v -22.91609734 -96.91191685 1182.55334682
v 166.51144123 89.90138219 743.08493051
v 9.10058252 20.46071712 575.16603463
v -47.99658729 -81.73921286 1205.53699487
v -45.95739521 -91.70924887 1191.77835840
v -9.03382571 -75.19376484 1209.07398798
v 138.91830204 -69.59699692 1133.68881648
v 145.94416820 -69.12463003 1141.97579869
v 119.63181798 -6.68657703 220.87612452
v 134.92939043 1.06478367 221.87646662
v 11.65287259 8.35802258 528.61046998
v -290.93378776 -38.00069292 822.07456059
v 90.32903599 93.03315332 912.28742205
v -126.60792216 -26.29600721 971.31942726
v -8.39204897 24.68892734 548.60553610
v 143.78189208 86.38865858 845.18531429
v -248.22245728 21.48104920 862.25670343
v -251.86131059 19.93282250 877.22806746
v -237.50724944 25.82780142 886.25857974
v 64.29589779 -95.66896346 1176.86889690
v 89.54014548 -90.35742462 1178.23106941
v 68.47873047 -85.08614861 1192.52513976
v -140.36796978 -65.27549692 1086.54941672
v -147.70641702 -45.85698656 1090.91847241
v -31.84493221 40.30284818 491.84800142
v -113.15012830 -108.08693735 1095.14649026
v -132.28934111 -84.02020819 1104.26696616
v -128.37897299 -88.07631472 1088.23365643
v 211.01867442 -39.65427225 1023.70891131
v 210.85468882 -38.72570051 1014.30301618
v 11.42096208 -2.73518078 502.99432162
v -224.44928804 41.29096002 961.74712437
v -233.89819430 31.67898913 980.77179746
v 148.64123482 -14.67984241 1032.00366162
v 142.87152057 -12.78891648 1029.57986365
v 150.67887736 -12.85535548 1017.25546646
v -6.07861882 -144.28939818 1068.32982219
v -62.24051680 -80.17232941 1204.54939753
v -74.37144456 -59.52435549 1223.28684039
v 44.20652807 -43.22605964 461.37839447
v -15.44968548 -32.39176847 1263.25881843
v -31.66901861 -28.77561616 1259.58639750
v -24.90818271 -37.70734223 1254.44680925
v 135.02861918 55.37324178 930.87151000
v 141.83152328 38.49493969 933.09263909
v 134.60978230 48.15813782 916.23057934
v 187.39993336 -41.66764950 636.63714615
v 7.29987505 105.92365003 1145.03351445
v 11.79951730 105.44464549 1138.16519775
v 85.87305480 -68.80545985 483.61923158
v 139.62989711 28.69428852 910.69821838
v -318.69400956 -96.93531666 646.83204232
v -325.66352172 -74.75865651 658.27545287
v -315.34718310 -76.09081323 645.22100857
v 140.12262517 -84.20303388 571.39462009
v 193.30265981 -7.04706046 639.58207995
v 195.81851976 12.25093170 647.09726106
v 25.92602210 108.25372799 1054.20847725
v 36.31784288 109.67043041 1061.23507067
v 45.45986153 108.32390116 1062.40141278
v 178.95129389 10.67282955 591.16644411
v 188.05986678 15.23901830 621.29290789
v -300.98325697 -63.12332603 636.69505397
v -297.65794397 -51.51919303 643.45570414
v -294.63237524 -60.92962972 635.67819714
v -127.57998439 27.53204480 976.12732822
v -115.69590309 38.03621532 991.66280418
v -122.22982280 42.56648609 968.92792921
v 39.60284380 106.52282856 1088.61136281
v 43.74243360 99.96617554 1235.71834462
v 94.29054852 -19.94880265 362.99770428
v 91.55073620 -27.23355212 384.79944397
v 75.05046850 -24.31822849 381.63684157
v -6.17843175 18.87722245 1551.56806979
v -3.13865481 27.26727473 1543.45531571
v -99.23818026 115.61440022 1128.73621001
v -55.09833745 2.52943820 1528.55931545
v 52.25662123 -5.91497977 362.85357872
v 70.86262526 -15.89314116 353.03457116
v 60.38980485 -15.00042556 374.69612908
v 156.46019171 -87.33532791 708.98198381
v -294.25436753 -110.43215539 635.54757328
v -294.54381482 -93.69988841 640.22597708
v -291.42598922 -91.02262733 643.95712122
v 82.47710034 106.03980811 248.01095548
v 176.75851385 9.37957535 842.34920468
v 177.65066319 31.26789702 838.36857103
v 169.56881599 29.42762482 850.41170783
v 13.93423095 -34.81418367 1523.95405689
v -5.45613368 -16.12260155 1537.11986555
v -3.46828626 -36.25410133 1528.93994018
v 93.21234966 92.62256832 1068.26895275
v 90.78731071 94.79656254 1056.28884694
v 74.50887943 100.63960207 1070.00313015
v 169.53684845 3.24877456 853.91124734
v 142.62046853 -82.41954221 768.27184055
v -330.08909912 -86.34152435 670.43487051
v -336.16122225 -76.69887575 675.55821401
v -144.12928387 40.65406443 1055.60074068
v -150.94324238 51.73016114 1053.22375707
v -142.53015597 44.70899321 1059.54540068
v 114.95664896 108.43715465 286.38688089
v 97.46461584 110.43382638 282.84681319
v 100.46381388 -112.05893110 1113.91366831
v 101.17023870 -98.42970075 856.95990779
v 175.41763333 -4.02098323 927.28492784
v 172.88799790 12.14559349 941.50437726
v 178.01617901 13.46446728 919.31018139
v 74.34129082 -112.52487709 765.97560387
v 131.05820082 -85.51308150 1107.92940926
v 124.77536142 -97.59393540 1097.11835482
v 51.00823561 -117.24290709 759.57804750
v 149.30138842 -32.69934082 891.90847300
v -280.19758971 -37.21750877 673.77678355
v -282.57173798 -30.14423299 688.76285007
v -278.33820819 -35.35455704 691.93613682
v 183.05514196 -43.91112167 776.54400667
v 125.77072780 39.63795612 987.34532900
v -143.76341198 75.90368502 678.97011209
v -131.06776668 77.27335256 660.95693355
v 64.35519224 78.89808467 541.24712871
v 174.63388275 -15.16289428 841.66867032
v 197.51279894 -14.85646070 752.09215949
v 198.23752076 11.88029493 754.97845063
v 196.52419841 11.02554758 778.51552635
v 79.56647819 97.98716871 970.12828201
v 86.15472494 87.03512900 989.91054252
v 195.90560333 -2.40017383 776.62678481
v 150.04586911 -35.49779092 495.05728625
v 139.64604943 -37.89999918 940.10741056
v -300.88174908 -43.79216522 763.06619750
v -305.72958773 -49.68060308 747.98492568
v -301.01391946 -48.55977656 781.50724989
v 142.68015712 -35.42520001 1039.15598228
v 145.26808914 -26.06663963 1041.34457899
v 146.34223714 -45.52913717 1058.17780195
v 161.07946310 47.09237824 1013.63648345
v 165.24185397 49.86117574 1013.94995228
v 133.38959965 -25.92762078 1017.82709270
v 104.86309427 -77.24742788 1009.76446968
v -276.73719494 -76.00761477 695.71974017
v -281.80784353 -69.06091463 685.64542232
v -281.57752601 -65.26891485 697.61487057
v 80.37049604 -110.34590935 845.47623773
v -120.72942184 -90.98497688 1138.74290362
v -117.93038735 -96.12570186 1127.23602078
v -99.29123891 -103.68530239 1147.10269099
v -279.66856242 -24.73348361 738.38366589
v -273.51381128 -29.68657552 717.92111671
v -283.62792707 -28.29596029 724.87099808
v 142.23821029 116.11841745 783.77482265
v 163.74751607 94.13690862 781.10217704
v 151.27892048 105.25276387 769.11251957
v 83.00274923 83.40118812 542.11929704
v 90.15617874 78.72672603 502.93603722
v 78.64420116 78.28266713 508.22160093
v 104.04550969 83.40639927 538.18709599
v 92.27608322 84.98534863 560.76402048
v 107.60880236 82.62454591 560.24025111
v -152.71391244 96.30127349 1174.93230513
v -166.09837646 96.81659643 1151.43569761
v 71.18246339 -115.67814571 929.27425269
v -319.40046447 -62.91953253 717.99612983
v -316.60448315 -50.87256702 704.45865922
v -324.47143406 -65.24953959 711.29267292
v -71.60868866 108.47225578 1186.06378599
v -85.28212031 101.90500734 1206.63217228
v -58.95813583 102.99281682 1202.50851954
v 53.35383905 76.28946397 563.94372154
v 123.17730210 -28.19910890 416.51328999
v 111.51026826 -30.67854464 403.71396502
v 117.78637058 -23.77797023 390.06066460
v 80.56487624 -45.61339588 411.71602296
v 89.16277201 -45.88086178 411.18249667
v -67.87103761 102.87322155 659.96691204
v 136.19845180 49.70560598 1055.61512465
v -32.54073043 60.66894721 638.32693463
v 41.52427306 58.51015911 374.53596646
v -65.22045671 134.69816328 738.79588834
v -301.13145644 -109.07366435 644.74703795
v -301.01817778 -103.01309021 638.99841994
v 120.66781877 130.63816567 737.39751008
v 123.76399383 128.37600296 722.26356414
v 97.70502480 141.38860821 725.57600094
v -83.94359379 111.94622008 677.25400651
v 50.12580135 75.47385557 637.01194005
v 53.90652772 83.98779814 644.18890948
v 71.25074586 85.39966060 635.50359189
v -83.08275742 -100.37177496 936.48997613
v 42.26147221 109.12406523 660.18424502
v 18.81443239 131.28992528 692.19050959
v -289.35190387 -80.58579027 671.54952238
v -286.06332429 -73.67262868 652.44236558
v -280.70769709 -68.07475020 667.71786929
v 133.90054132 91.50474494 1223.26002195
v -105.52172302 -90.63291397 881.06121636
v -102.11484450 113.75075518 1153.59946865
v 196.77938139 -39.25481838 1122.64537057
v 41.13996069 4.43284077 365.95074976
v 53.20886135 -5.30991628 347.83169013
v -139.65043106 -62.94012190 844.28336222
v -131.71524858 -76.65454018 839.06152249
v 47.46391532 -8.76978354 379.45327949
v -137.52634204 40.46569991 1042.89618724
v -128.84147932 54.21296665 1030.25317269
v -143.28881128 28.30183854 1033.27774533
v 138.29365423 38.36180904 36.11225148
v 132.76180672 52.86771240 48.59133121
v 137.66390539 33.44014073 48.26135011
v -280.47912391 -41.68518252 651.61170675
v -285.31809291 -35.13073463 655.73888399
v -286.53602261 -33.49990181 662.54674941
v 134.54912567 54.26181223 30.24979429
v 66.54055102 3.46315185 1460.72526066
v 87.51240476 92.22217243 1080.56367972
v 167.58557651 -32.86500092 1047.94549112
v 180.14487310 -8.45972952 830.02923014
v 185.93791364 2.87399758 821.85076383
v 176.67257122 -46.12588245 1115.71322347
v 159.41172834 -77.01208955 596.43999528
v 192.10703562 2.31422611 800.35451788
v 189.56986527 21.55384931 810.85021536
v 30.10692399 50.83516759 498.29298099
v -287.73385812 -28.53469410 673.92971486
v -35.66575955 111.74378520 1090.65805795
v -19.00523233 109.92842590 1079.80765228
v -43.60063035 109.33857174 1079.89967639
v 24.20039609 35.72633992 401.08574744
v 163.18673304 -20.56851614 524.84158496
v 170.32263825 -22.42230556 556.64806734
v -148.61894470 43.64751242 832.51467608
v 152.38802451 -20.46061969 481.10422962
v 156.37182981 -5.74213986 488.33096102
v 159.41551904 -12.98927810 502.74015750
v -11.79357790 91.26977885 961.11735389
v -1.78119396 89.98516938 941.56634506
v -15.19921545 89.91870866 934.27715564
v -2.63374088 28.63639917 637.99854117
v -120.37612842 89.43690898 823.52109555
v -292.00620439 -25.37337884 691.47574413
v -296.26291319 -25.50620867 668.94037667
v 12.66612883 108.02300889 1037.81665004
v 20.84055640 105.73060416 1021.20269162
v 0.08049490 104.81509259 1023.13703521
v -1.16497353 73.99742703 655.83417612
v 69.36798394 -13.53526747 336.83776657
v 64.97294642 -5.96166367 288.04212977
v 80.66282846 -15.81516381 315.17377433
v -75.44215014 135.16912829 756.95615197
v 88.21460408 -10.09160511 261.00310366
v 100.62669412 -15.64694229 281.25275180
v 85.68821055 -12.72460622 275.66511719
v 148.70790486 58.25632823 1253.48343624
v 159.16128791 67.88633037 1234.74284283
v -133.33527042 8.10191611 903.05416774
v -127.41650134 35.71667780 918.95395106
v -131.05193007 22.94814354 904.10577976
v 173.02344047 42.97936086 1245.21488160
v 152.15756822 51.52983708 1256.18049749
v 198.42920075 -38.42341814 1000.59441043
v 192.75131944 -35.72116744 985.86113161
v 217.25495529 -36.54709580 997.48307947
v 102.79070015 -29.83698007 1260.17592034
v 115.46029556 -12.42195841 1275.34656213
v 87.39234006 -24.64026868 1265.67998220
v -172.56956370 -38.39201495 1044.34650513
v -182.64560866 -40.60235160 1037.52098465
v -163.91145291 -30.95825087 1030.05153158
v 115.49617985 -36.28211655 1253.92364063
v 130.60013407 -21.33117179 1268.77456038
v 171.98128347 17.56849945 946.47830528
v 162.17572510 27.42320301 974.96243846
v 173.01833115 28.03352768 952.88359343
v -155.55332870 64.07320530 686.94680398
v -225.56946647 33.56035346 946.52106373
v -245.69489383 22.75881169 921.91631076
v -235.82724027 25.20228903 947.34619144
v 164.30274274 -67.00777618 1172.67517443
v 146.13022022 -73.23536036 1181.11002005
v 151.89150503 -73.30151088 1159.61645772
v -11.15412353 103.80159578 1454.78773447
v -17.18585013 -84.71702644 1196.47271874
v 163.63725510 -67.08767384 1149.58273535
v -120.10443840 77.08156975 651.98427216
v 160.37588336 61.12245910 1046.24617229
v 104.14214514 -22.39552210 376.26305795
v 108.11797979 -15.77962582 356.04715690
v 131.30216809 69.41611893 1258.17378797
v 103.98310478 64.22296368 1277.44656458
v -49.82859800 31.52923840 1530.15663643
v -42.61985201 41.77683785 1534.46600839
v -51.45226769 41.21852731 1532.00903411
v -119.23026256 -35.27968097 998.67548225
v -129.72923434 -12.65366713 983.56703795
v -18.62743123 59.63283888 644.21646642
v -76.32734617 9.75039243 1509.03607267
v 137.65488321 79.98819075 1240.39080992
v 102.72247999 111.39373675 1125.18547634
v 97.24782845 106.99409915 1109.90276128
v 75.18558767 109.42046085 1133.93566166
v -253.71301304 -31.67997179 948.75953371
v -257.99171838 -16.02120762 965.71081051
v -258.09956411 -17.53012221 951.12172054
v 144.24193013 17.20725927 370.83010735
v 138.01959919 2.62145145 386.54114831
v -43.88687542 -10.44783666 1289.44450316
v -53.09236083 -6.80695260 1273.95957495
v -42.14990778 -15.68084209 1267.65348213
v 71.22107589 138.37148679 698.81208066
v 46.87670494 130.76463742 682.55085544
v 40.92341616 134.82254894 689.61496945
v -28.44167726 -25.39462590 1277.21260449
v 70.61013819 19.03564800 1297.81815269
v -131.26132528 -31.71859543 1019.34120749
v -123.42404042 -19.67311765 1008.32470028
v 111.65148437 21.62839978 1289.75059159
v -90.99162079 105.49877971 1190.79246255
v -90.21410989 98.32447099 1220.03908238
v -124.10977124 -24.51190168 1250.10916202
v -151.94443235 -19.42878419 1253.40970093
v -142.86937760 -33.55607994 1243.97238692
v 53.96564893 151.47944387 777.89666640
v 39.12373256 152.02260539 788.62804534
v -116.27016956 -9.90773610 1260.67651710
v -138.14709804 -6.46242436 1259.59493161
v -51.20434951 112.27743366 1101.60051844
v -62.59093366 108.63090438 1092.70622108
v -221.23633816 -39.10316106 970.90748734
v -226.59120489 -43.74740065 962.92585586
v -214.09825552 -44.40485678 955.33283490
v 24.88950876 -135.37270178 1112.48101243
v 29.27803834 -126.04716709 1133.54437424
v 171.30155880 -25.79316184 967.72105240
v 152.18424602 -9.49657338 1008.30491073
v 150.42501394 12.62798805 1001.36380966
v 159.49774562 3.44393574 984.08785171
v -224.25747050 -41.60289487 841.15420572
v -229.43060839 -40.09940668 825.52192605
v -49.64207857 -139.68626032 1094.78537163
v 87.44490931 -108.56208502 1141.59651844
v 138.97862928 -71.99361119 1147.70818168
v 144.90975576 -49.81705595 503.84813312
v 194.75582197 -29.08623557 658.82923767
v 51.09623482 76.29289836 1278.48851595
v 66.10767309 -138.52292442 1084.65118981
v 187.57316423 46.37834910 968.01747466
v 159.96029232 17.29830534 976.57436428
v 149.94610862 20.49627279 997.91116650
v -325.75269147 -74.53003457 703.28200551
v -335.58957643 -76.60992405 686.45019770
v 115.98605842 -67.44923428 1203.44452820
v 124.17186942 -72.75862005 1184.55291840
v 143.77846134 -68.97227196 1194.71683111
v 48.14587650 12.40313151 1369.43335130
v 168.72330277 -49.81657799 1134.26929788
v 46.16908531 63.50304978 445.23573139
v 157.97328856 -36.37875026 1094.23066678
v 151.22710838 -36.06549714 1110.63709617
v -279.98445428 -16.00333180 865.74191911
v -285.69944596 -31.36062372 843.34498952
v -281.82676264 -32.23394360 865.89403909
v 163.54540731 95.04666853 687.38413455
v 139.63969434 110.90034843 677.93915064
v 133.51760292 118.09330536 690.08292959
v 129.85160217 -74.68516946 1168.67560618
v 162.16979889 99.01191083 699.17754606
v 55.48567704 -15.69446673 1381.73263181
v 121.08673707 85.38188698 1248.01213360
v 43.10783962 17.63906418 307.71070240
v 86.47879977 58.79718775 1284.66461568
v -144.62113444 -52.42540363 1102.32140750
v 49.53805961 -87.92450972 1187.44432353
v 77.34541674 -46.78482105 1240.90240903
v 72.00367423 -55.85568486 1229.35359019
v -216.34252855 48.56829061 981.86728615
v -209.66168264 48.47162922 967.86061079
v -225.66223879 42.21127018 980.76216525
v 185.32664351 -43.13468002 1109.35321240
v -34.77179226 -65.80091863 1222.71039213
v 143.48338337 -19.73301572 1036.02386160
v 155.64529281 -19.24004558 1008.72432059
v 157.27818602 -19.50873752 1023.10282762
v 26.03010149 105.62292367 1158.94279844
v 37.49732263 105.48748787 1156.56277818
v 136.97131432 63.77026848 885.17024220
v 136.45999625 44.69235660 903.32573262
v 29.05398234 106.30957299 1123.28449426
v 143.02630969 12.93715183 964.07234156
v -26.64462091 93.58316683 954.13274528
v -36.58744334 97.48185886 961.76101393
v -25.97412197 97.24589176 974.79756750
v 75.48389946 101.10834408 1049.98115181
v 85.03389255 96.65647363 1035.96229017
v 184.97759695 -19.07156043 613.60045704
v 179.88787113 -12.12636258 589.72434099
v 62.83808090 103.39728372 1062.16491265
v -136.52611038 9.45110845 1012.11088794
v -136.22942984 16.25864613 1012.35463250
v -123.98194610 20.06328865 1000.03092213
v -288.43948946 -47.68308048 641.98114081
v -81.40987627 111.04398214 1176.09719454
v -99.84188013 107.86127094 1177.51196765
v -50.94505214 -58.45746383 1345.32829187
v -49.20197311 -36.57846702 1338.23384517
v 39.09932020 1.29717888 379.20870627
v -100.43582098 109.77656295 1167.20522758
v -126.17893842 107.89076141 1156.72354561
v 108.22143369 -99.71115342 1035.18577159
v -155.96657427 58.29663690 1045.75197463
v -149.93550062 49.33947456 1038.72378900
v 50.33035640 105.99303247 1102.24843690
v 54.49141504 105.24266483 1086.38613759
v 190.29800037 -16.91515456 787.02679075
v -57.95475216 -59.54189937 1362.64961125
v 73.71520825 97.54559545 1086.24157863
v -160.17766945 69.19853772 1068.53914725
v -162.28382846 70.98338603 1057.35708971
v -294.04982913 -113.81339264 651.37240815
v 154.50256858 49.17259594 343.22183776
v 148.87466663 69.12691489 348.76005723
v 146.35986009 57.16872362 373.79418213
v 169.88156661 -10.44164777 950.22434876
v 164.13870043 -13.63712523 963.34107137
v 166.05599874 6.66719757 959.35629497
v 139.37813461 -74.37475284 1094.91186969
v 146.43160577 -56.84722572 1096.66809793
v 178.62086306 -20.61518253 948.76356534
v 117.68199822 53.32501829 989.16927601
v 202.79146467 -21.71887927 718.65590821
v 201.79491886 -14.73490282 732.12071305
v 101.02934999 77.73489830 985.14596083
v 103.62287182 69.14753503 995.07172712
v -104.55313904 -111.19115775 1116.93790121
v -114.32807141 -104.07310799 1113.13736639
v 210.07669454 49.25599391 970.74149448
v 211.79060972 40.47801448 956.57888271
v 201.93453189 49.71159303 968.66601459
v 143.08973708 -8.73935113 1022.14458275
v 143.17467762 -2.89391138 1014.39773698
v 188.59808283 54.21039771 983.64432835
v 205.63692075 57.26574314 995.15444854
v -119.90557704 -70.67914600 1191.88407892
v -131.74721515 -66.85658534 1193.24188482
v -123.68529825 -75.75947301 1175.57966279
v -262.60374110 -35.71622980 731.29697699
v -261.80748431 -44.37739053 735.05067780
v -264.94230302 -45.38895936 713.00437108
v -200.82124512 34.78310482 1196.05999941
v -179.17454978 53.74047922 1211.17749050
v -202.13671231 51.64961366 1180.35043463
v 97.81652373 79.52745717 513.71091283
v 169.03909798 86.06404383 759.87676739
v 155.51258860 101.73987674 799.17704482
v 135.03816004 115.22926932 814.49970983
v 143.56361305 104.03073275 823.75170580
v -325.23617033 -58.07676158 695.44791246
v -333.43468019 -66.87061766 686.94247118
v -174.96344132 87.91929436 1157.54377758
v -164.24258520 90.40875405 1173.75845718
v 108.68900575 -42.13318437 416.24718913
v -52.67763810 106.71808529 1192.27975016
v -102.69489907 99.90987313 1204.12128098
v -88.09563003 92.96513615 1234.74858859
v -129.16946609 38.17570244 1012.57724043
v -121.31386947 62.76935842 1021.46834203
v 66.30976493 89.88236645 643.74871504
v 109.59339712 139.03019706 760.11184464
v 82.50337329 148.79570282 745.66243269
v 92.42115902 146.28008686 763.02789273
v -231.63761476 -47.45350095 836.71417428
v -65.27612793 94.38145999 1010.24396871
v -54.91469275 99.61198814 1019.14240881
v -52.99704861 97.49606677 999.22519220
v 13.61978812 29.58319416 1536.57264850
v 17.79665724 41.83700902 1534.61362175
v -82.90961147 110.52422928 1163.02276716
v 67.54119508 -30.31892125 1257.13451861
v -74.01613681 105.81831482 1088.50692671
v -94.06587040 110.85537845 1109.58787007
v -71.12910378 111.63964694 1112.32093798
v -312.39708419 -67.44934894 644.30886209
v -311.31461269 -48.64685988 655.55095535
v 71.52303096 24.52843705 94.57815340
v 67.85616054 32.04178315 104.18042874
v -76.66150764 86.45753241 990.88048502
v -94.63154908 72.07367807 991.37277069
v -95.57818810 70.01429388 999.00446849
v 73.56732895 95.74588253 1018.44718974
v 49.27326336 101.16749381 1005.68691904
v -34.03450738 101.95693071 1007.29381804
v 155.36442687 -40.86049565 516.01735164
v -15.80476087 108.00334309 1096.77441504
v -60.70777906 112.20266676 1139.25658351
v -329.54733718 -56.67803346 677.30246124
v -334.19479693 -64.78726182 672.63646367
v 7.87546078 94.02447834 980.48951299
v 19.37866791 103.52401565 996.23864048
v 24.94714287 96.30499671 968.10133691
v 72.81802748 -9.79953985 293.24841536
v -6.83284148 107.65969162 1044.12760539
v 43.32384991 102.17363242 978.46887053
v 44.07646712 102.86109419 988.75337167
v 56.82937093 101.12743025 983.86482855
v 119.05494061 28.80763474 1284.37868124
v 120.90729141 34.00726452 1280.20943110
v 34.28655762 94.24560766 653.42168354
v -39.92344638 -29.83059252 1324.53438782
v -50.40198763 -15.88216427 1339.89607793
v 51.94747845 100.40545690 650.49625493
v 136.93400593 33.62312354 1274.95901610
v -21.32127157 -41.46911001 1306.52677825
v 44.33713534 74.85230192 605.70307522
v 64.67328165 83.56949067 591.11432018
v -5.29132234 13.39066856 1551.59569799
v 73.97081786 86.32774640 606.14920781
v 86.02667490 89.21114885 618.63929593
v 99.85687447 89.20442858 601.41879841
v -52.41401921 -4.52743392 1337.84136928
v 90.58744797 87.17261873 576.27641425
v 112.71768620 85.56961200 582.54083163
v 276.71017020 -26.54938313 909.15696124
v 282.62889781 -26.93508394 884.66288240
v 282.86798078 -18.69824777 888.99732230
v 78.81496221 -102.27280322 1158.68742092
v 25.49991682 -78.75907074 1452.79415379
v 37.40700967 -71.80888564 1447.35300804
v 26.90432268 -71.53503452 1466.51934759
v 117.48804205 73.12290230 511.54919041
v 53.05012007 -69.78259574 1212.45524891
v 36.97066541 -83.97817361 1193.61336188
v 76.30546140 83.33497512 561.22824656
v 209.47674507 -28.95794986 849.02539422
v 209.61811539 -14.56825563 847.01374950
v 212.78497988 -26.97969098 838.85671317
v 57.89595714 -12.93888017 1397.67619768
v 57.64945221 -5.60978465 1402.02517390
v 59.39200771 -19.88397774 1415.70804319
v -1.45075991 -103.17336508 1400.59594255
v 60.17462723 80.18166543 575.30847479
v -190.88291111 9.19639801 876.84861184
v -199.87647832 18.28661917 867.51996626
v 150.47276969 -36.94760639 1087.45212569
v 150.02085846 -32.28260942 1069.92119361
v -231.33360080 -12.95866231 1066.48295737
v -240.10348641 7.33690729 1057.16582472
v -231.24762222 -15.97860299 1050.00198149
v -95.62421550 12.42861125 1411.40488924
v -58.90371040 73.81865753 1397.45868104
v 39.87595824 78.29922068 1399.06853114
v 72.18588676 72.74327902 448.75627192
v 59.38655972 71.79628124 429.16212937
v 227.82668911 46.61632858 1008.78764881
v 234.14960570 42.27908469 1031.02430866
v 238.78694918 29.12548265 1013.94836656
v 54.91735902 72.55332406 419.32530410
v 255.95521901 -4.07292965 991.32612237
v 248.02607659 16.45644554 984.79439558
v 250.32097656 4.18381809 997.45322844
v 44.59305403 67.18570197 418.92861832
v 38.65342028 62.28355610 417.95922842
v 32.94647325 51.51803754 394.32716618
v 250.29062937 3.09983613 1013.36435858
v 242.36553152 18.88061535 1027.57174508
v 263.11425505 17.17027451 858.53194147
v 256.73890534 23.52075932 879.08738500
v 267.87591958 14.29096856 878.38178147
v 73.28323738 44.32229900 1289.68305453
v 61.13567038 63.61367638 1287.12779044
v -80.42818243 -0.82460799 1385.16193288
v 5.43686156 -88.01215536 1339.16306544
v 15.51424000 -76.28427002 1361.81881856
v 52.90202061 1.61018403 310.17829638
v 193.40063851 65.45557877 1020.08896255
v 203.54864633 63.22874908 1008.14412406
v 178.56703255 60.87223730 1013.65645796
v 43.31770050 18.31336837 290.09959022
v 46.41861431 15.95273744 275.16634693
v 57.51900110 -0.56393774 290.11896724
v -13.10354244 -87.96886206 1330.65356808
v 63.15133459 -1.40506205 272.33387996
v 244.62479866 8.85384554 1046.51507106
v 237.59860724 35.19581571 1039.62498822
v 237.14637305 39.48884146 1053.20163781
v -272.69744998 -80.29556325 756.89795490
v -263.54760078 -64.64298350 743.93311758
v -258.43137378 -58.56349774 757.20843581
v -108.78979885 -25.66985487 1249.97653270
v -117.41066381 -44.55568322 1230.05252269
v -93.58931390 -54.59886196 1227.35292101
v 88.89111251 -14.50123556 299.23172508
v -74.49257731 -7.39485471 1267.40022242
v -94.53843128 -4.00675924 1268.19050564
v -94.31542013 19.87002587 1400.42616422
v -47.01955228 -16.29430929 1262.73411017
v -43.68675460 -40.25852113 1247.26093950
v 81.06128679 -15.51498727 327.96717595
v 85.33882111 -18.29384603 348.92405177
v 75.69135306 -20.29793907 369.29437261
v 201.96208297 -41.18834340 1025.06345070
v 258.94680598 -44.55379971 906.47295763
v 259.93584278 -38.35867486 930.81412100
v 243.16514425 -45.10575380 919.92786378
v 175.71364915 77.87607874 1197.30056372
v -27.79524318 -82.98236411 1374.15389874
v 198.29710971 -40.98987776 1046.42295871
v 58.83315368 23.13060782 1486.20146921
v 245.96117042 9.55837211 1030.58623705
v 188.81934718 -43.76436203 1152.30952185
v 174.26218477 -49.66400875 1143.08221504
v 183.37976226 -45.57419523 1135.50638465
v 82.26121532 -34.28896324 397.50125391
v 94.66592075 -33.48533359 398.39984300
v -279.02985852 -14.35893544 801.50458800
v -273.99534979 -13.03860431 779.71191842
v -280.54964502 -20.01883977 769.46655229
v 153.67364770 -19.06293755 1268.99383715
v 148.19320132 -6.89605231 1276.08901939
v 3.48982122 -98.23242676 1395.37983417
v 167.52348821 1.59326432 1273.51967870
v 104.43068506 -5.35695185 1280.66759347
v 84.39668135 4.48475900 1288.60984900
v 130.16709167 -18.56062079 406.42852977
v 56.70834857 52.96835142 1413.49758857
v 143.31995191 4.70538497 413.74599130
v 153.12935965 -2.47332234 463.75350755
v 226.71574770 15.95158865 1166.66180608
v 220.81555868 40.65734490 1166.06735050
v 217.56241139 33.21095597 1180.57728933
v -77.15203623 38.04245667 1277.29911190
v -78.23883485 47.30789770 1274.74559056
v -90.28507233 26.42629741 1276.49399890
v -76.31274624 -38.76456716 1480.69937415
v 161.35851065 -19.39401412 511.65947026
v -80.90193752 17.39162007 1278.91502897
v -141.11782747 16.18783033 1258.76986855
v -148.20500067 3.88301388 1260.07503826
v 164.73006441 -10.99926330 530.74561141
v 149.00340035 89.39699859 1107.72037051
v 158.17458837 88.61478487 1117.58330374
v 157.59760095 87.76380876 1111.89797832
v -84.04277743 20.41617489 1493.57440378
v 157.77190603 17.55305935 511.43579776
v 161.27224220 10.13803474 529.23959108
v 160.10966457 28.07792660 536.82303972
v 167.11009923 25.85669893 559.73308254
v 174.02758811 6.76285494 573.27093574
v -286.30172976 -83.62907799 740.93514653
v -18.99137845 26.58805318 1539.70967672
v 176.07905437 -22.97104168 578.46486276
v 327.11001525 -70.07959392 701.36113268
v 333.34571061 -60.53246477 694.08937716
v 323.51906040 -58.94929936 713.03510314
v 159.71960937 -13.32853262 987.71208704
v 191.34035431 -21.21969701 634.21964297
v 179.15047658 -29.47422961 967.02518615
v 188.68275108 -36.89472831 1011.93812350
v 202.28000850 -3.31115270 679.51840682
v -258.33387669 -6.66895712 959.74437620
v 206.02055203 5.93522838 691.19114305
v 131.73292378 -76.11332983 1147.15350157
v 205.99130186 -4.51784880 697.87188568
v 57.98354124 13.83236923 1379.36902602
v 121.99681896 -89.63774372 1137.90804366
v 204.92686582 5.04524321 722.21986808
v 277.69020676 -87.63657524 664.56731615
v 278.89920409 -81.70788067 652.10140639
v 290.95468991 -83.10263477 654.02232348
v 61.91790781 15.56934067 1389.49541184
v 194.16418021 -35.29115384 741.39823276
v 63.77575887 -11.56055070 1422.87695440
v 102.91508930 -87.18080817 1173.29548580
v 107.97147072 -73.93043349 1196.21884894
v 197.86066402 27.51647639 746.76457161
v 194.51015170 30.70258799 765.69609981
v 170.12708541 -46.15790091 1125.51809931
v 35.03369269 89.72594196 1262.93737194
v 288.61668470 -33.87506974 839.11419410
v 287.35388685 -39.31823328 836.07489941
v 289.14229655 -39.79129742 822.24819333
v 25.12797789 60.50433415 1309.32211568
v 1.05327105 69.10817971 1307.23589138
v -24.32435877 66.49920189 1306.45541731
v 156.74138876 -24.28492621 1041.25027566
v 157.77135154 -25.16904631 1054.84282908
v 150.30634879 -20.97794694 1042.42677415
v 175.94696688 44.09609594 831.99717156
v -203.57371904 -29.16872568 896.24244278
v -187.16894080 0.02416968 900.06319028
v -193.85953928 -15.36029509 916.98785085
v 162.38655564 51.80415029 848.65493686
v 160.03520710 40.54446801 859.47901719
v 152.02799723 51.79857914 870.32150642
v 12.18610916 -77.78325085 1478.30043343
v 156.31965614 63.21625289 849.56413689
v 280.22406015 1.94655436 818.57167478
v 286.68461293 -5.37041462 802.42289084
v 279.71404485 -2.53032247 782.00806639
v 140.50840570 33.94484272 901.94322534
v -41.05708579 28.82660585 1538.14014135
v -35.87415369 35.00008370 1536.81146301
v 24.53634406 -22.95035176 1523.09691627
v 144.73311620 28.81613262 1011.73233296
v 128.84451870 65.86874136 929.78920235
v 112.69114128 83.42762344 931.51084636
v 93.70997161 96.03852784 932.91451584
v 224.41760036 -29.53889129 819.28983722
v 222.14966766 -17.36171326 820.83347464
v 226.81660767 -21.58097921 808.18999941
v -51.61336311 98.27897308 1225.73208497
v -41.39198085 97.33529390 1238.58015152
v -20.56561531 101.77005816 1225.41636163
v -41.74609551 97.00364095 1480.52523746
v -33.19451576 97.45798387 1496.68952081
v 135.31976990 46.43829648 952.93804538
v 136.22570735 -2.11261189 999.59904166
v 232.11654743 15.69660582 1147.47570836
v 221.09720401 -6.77583178 1161.92194034
v -280.47414572 -11.65876167 845.51359953
v -269.69597262 3.81599765 859.32854827
v -269.02540825 1.16230291 823.33260061
v 25.43954648 93.70028838 1443.78605712
v 112.26044498 61.88561550 1008.99282100
v 214.27473381 -11.45133123 1193.76975982
v 213.21987357 -20.70059130 1162.25169423
v 106.16912540 66.53580785 1001.65241659
v 232.48636972 22.89580076 1146.41513130
v 266.84153008 -72.45532012 739.73463423
v 264.79743286 -66.97479802 755.02762425
v 260.98938659 -66.37261883 736.28019339
v -7.62021052 -90.41595445 1339.68710614
v -88.24404230 23.78969333 1471.71167872
v -82.26187653 34.81143842 1475.13437178
v 203.69126346 -28.49090734 1184.36428262
v 185.51590687 -43.43845147 1190.26490440
v 187.72456592 -44.18998796 1164.83191366
v 135.69981742 30.21498102 1017.46493589
v 142.30880663 33.64879934 1021.33535621
v 104.19373660 -52.72976675 1231.32298622
v 135.88806796 10.45809136 1009.71059048
v 143.09101857 16.37071056 1009.35221001
v 257.52830638 -65.23165374 708.42181723
v 264.56399588 -49.88261845 713.19530535
v 270.72907936 -54.88495157 699.63402189
v 136.22372187 -3.18294537 1017.30989659
v 36.20836211 -102.15402404 1171.65983472
v 138.16242298 -13.31744563 1022.25695051
v 30.69494368 -65.34122722 1484.61542295
v 20.16996849 -12.16971156 1529.68497830
v 18.04316643 -1.58313076 1532.23860710
v 7.84182264 -106.36306027 1163.73749589
v 13.00367344 -114.56024708 1153.11669438
v 28.53581173 -112.38446533 1157.05606665
v -241.36667153 -57.01414754 863.34403517
v -242.88793377 -56.07956550 844.05796980
v -227.91109697 -50.11756494 860.87935229
v 39.56535639 -63.18383200 1459.55546636
v 37.52937333 -59.71437784 1473.36335037
v 129.94387717 -48.54012086 1024.05379621
v 166.29419857 -27.31728204 1016.21892247
v 147.10011640 -47.97002909 1078.28744306
v 55.49174427 7.22492854 1411.16324995
v 138.97425963 -76.23530078 1073.92913282
v 164.05345925 -26.05440565 1002.34253135
v 265.25966039 1.99660003 789.60265278
v 271.30376087 -5.98566406 765.46425372
v 265.95395692 -6.04724347 768.64950185
v 141.87756621 -65.93434039 1122.11264687
v 133.44298741 -80.35179590 1124.65525524
v 158.11451929 -29.68487651 1065.67331907
v 150.55354771 -25.34614107 1059.95868142
v 84.62688516 -117.62837785 1125.20715988
v 51.73862847 60.66118349 1423.11903424
v 23.17632800 107.49752800 1107.06561814
v -48.95532514 90.88650284 1480.28517612
v -9.78940595 104.90693542 1384.34708023
v 9.40675935 107.08389587 1121.38790453
v 67.20239214 -134.68723125 1100.70731164
v 21.46971061 67.58811289 1369.43523537
v 7.33436820 74.91106686 1362.10131145
v -9.63552435 107.65326809 1144.78720467
v -8.58134756 107.84250026 1154.67067079
v 42.60933222 -143.22742426 1080.45647197
v 30.38247474 -142.23274151 1092.54343034
v -12.00394618 104.93504482 1433.88933514
v 10.36944241 -135.10883002 1111.70767887
v 53.76482890 -133.91824996 1111.91492342
v 293.20298612 -59.52303087 768.62562816
v 285.57758532 -59.81855912 785.75063694
v 291.23687751 -63.56074234 754.18501519
v -0.33261954 109.75493625 1083.91538070
v 2.35712439 106.30552306 1098.70141554
v -76.93119006 -24.62441240 1405.39038696
v 43.52742114 -120.35752448 1142.07801688
v 3.91493045 109.05386898 1060.95025881
v -0.62093292 -87.07352928 1330.25003525
v -23.38205092 -126.36092982 1136.57695590
v -39.08797277 -115.78640751 1153.24679384
v 305.75663885 -14.33461186 684.37230424
v 305.94522344 -18.91715373 672.80231090
v 298.28387884 -15.75031213 684.80084886
v -7.76752323 -93.67287667 1182.29005802
v -8.46993481 -32.91022306 1286.55633515
v -4.03805606 -27.32270578 1275.14239186
v 12.84199967 -97.57267274 1178.69434439
v -237.75272375 -31.66958344 983.81333604
v -228.59098963 -32.45634664 993.07636101
v -230.41566163 -25.80085275 1004.45638619
v -63.26728571 107.13529755 1067.52436832
v -256.50723150 -48.88870163 749.40356575
v -86.03803623 113.30532858 1126.24534956
v -28.10145818 30.32138441 1536.62444008
v 28.60210147 -29.93971481 1324.95555658
v 47.89515347 -12.71900767 1272.01289523
v 61.42102944 -6.64879650 1279.45488525
v 267.83927162 -13.22383272 754.27201406
v 279.78532982 -8.62632842 755.24907482
v 278.86088288 -14.68962212 735.10653607
v 49.15380791 -4.81333559 1283.53488022
v 272.64757977 4.16210517 809.77290897
v 260.50604031 7.77845296 810.93697426
v 273.40368411 9.43146886 831.12430500
v 61.30834989 7.64982033 1292.85028968
v 278.07680627 -59.10177457 654.24328150
v 276.82986609 -51.94372746 664.71025345
v 284.67403029 -50.83000525 649.57589814
v 78.78689653 91.11035118 1002.39764260
v 73.98820045 94.72361214 987.24353883
v 40.73651105 -14.22389971 1273.23728843
v -53.86035367 41.38477535 1355.31870194
v 11.93322704 -46.21705753 1241.72889775
v 327.59578760 -72.18654536 685.76707032
v 326.18305828 -80.18171918 689.65054704
v 320.27808581 -80.47160478 676.54378289
v 11.61779424 66.75650869 1359.19520713
v -8.66385705 -46.89917758 1247.85954528
v 2.43419364 -26.87640091 1267.43584946
v 261.16845832 -32.96214639 736.62409000
v 266.54477828 -24.57220513 737.07583045
v 260.94810319 -35.08316038 720.64120092
v -193.94521131 58.33880027 997.34266405
v -202.15483006 47.33848472 960.74983391
v -201.80692427 57.62730585 999.17221178
v -22.79004243 -28.14836415 1271.34353733
v 198.07692894 38.33969342 953.81075294
v 181.09350883 26.99541507 943.86284913
v -23.01461355 -54.10229848 1237.73873320
v -49.82665055 -49.94568965 1235.22929606
v 180.76970766 21.59298529 930.70690351
v 19.24043819 -64.70360732 1500.89355997
v 11.88733449 -59.25735348 1509.36941893
v 182.45813433 1.72039011 903.92688901
v -89.09985316 -68.33505086 1212.98414038
v -79.66079009 -92.89696081 1184.61731701
v -102.04951953 -81.80837014 1190.38688815
v -81.53218274 -98.40032175 1174.68701450
v -60.01968096 -95.28620402 1184.52594423
v 187.41211254 66.75910009 719.82752915
v 322.42885223 -41.47064617 712.11960940
v 318.79343281 -28.84284148 709.88079845
v 315.26413688 -37.49149914 724.70425253
v 47.59253937 -8.03591218 1352.09439772
v 45.11644815 -30.53872283 1343.90278707
v 40.38331600 -21.65498154 1338.10911804
v 49.31818434 -21.34961372 1346.76734408
v 112.48776115 103.07741538 1101.99112180
v -23.64786448 105.21044664 1469.37614001
v 309.88718211 -47.65683021 659.45607706
v 311.54314333 -63.97998946 653.05277601
v 300.08985104 -63.12493201 644.42543734
v 181.00469552 20.36469137 830.89725430
v -58.30657202 -134.42108958 1108.68409569
v 40.33657356 -6.71246382 1343.69740751
v -199.49825470 74.09816647 1085.32411713
v -209.61960748 71.44767539 1100.40599748
v -24.41814063 -132.98937066 1121.44122697
v 73.26195195 94.48301306 1010.56037127
v -90.39967597 -8.00624096 1436.68138032
v -97.00469744 -6.39303988 1425.47150639
v -4.49402262 -141.81458367 1088.68920204
v -16.66698446 -28.69912421 1278.45232235
v -79.21985765 -134.99198604 1076.11296489
v -79.68628020 -129.20223682 1102.88050594
v -97.85126081 -123.41406928 1085.92024073
v -112.80579453 -111.98235816 1081.46851048
v 325.17027684 -28.48898378 689.77456447
v 318.18180290 -19.31802262 687.11473304
v 316.22661446 -19.53738727 702.34953259
v 181.07793569 72.99165628 1051.53079028
v 183.95842788 70.51727387 1035.20166917
v 164.82378866 58.40208725 1033.89482761
v -138.80296806 -68.96345685 1112.15663682
v -62.74422530 -51.57572057 1490.98429457
v 175.34681201 51.94582059 1003.57334017
v 191.94666240 56.95216908 995.67261604
v -148.63158799 -48.86699085 1105.25806560
v 292.09823753 -63.95315176 644.25761153
v 292.33090120 -48.71353545 648.83909187
v -148.84103330 -39.38130515 1076.28501089
v -154.04418986 -31.18863941 1059.10224656
v -148.90294673 -30.88632261 1061.91937695
v -149.51195616 -16.82655408 1043.81959749
v -200.23009396 67.52353520 1158.69671852
v -182.65959429 80.28160290 1169.22474067
v -193.68628870 74.45986560 1149.33958577
v 107.83855126 112.61231495 843.85261142
v -32.72271011 67.10304860 1338.78811073
v -162.10537220 -31.43816766 1042.52862067
v -34.94685256 92.42980118 1387.63858457
v -19.55041948 102.25138741 1384.32101134
v 238.31515808 -33.58967750 795.99801418
v 234.83823683 -22.84635819 795.57127199
v 244.97668459 -24.17105074 783.91978854
v -169.58844670 -42.09652730 1064.63072387
v -182.12594302 -37.54713396 1016.58642966
v 153.59488891 103.14238685 749.08896846
v -163.47013959 -24.16650390 1014.19065469
v 23.19971580 53.09056065 1325.41117307
v -42.16034356 89.78260119 1396.87372831
v 137.34249323 118.53789712 742.42729464
v 143.38354983 115.64581346 716.85012734
v 27.65058534 98.85427795 1241.68123852
v 17.12667070 101.15592110 1223.72686136
v 25.15460290 61.64120417 1368.82217297
v 18.82881685 57.56071699 1344.34904372
v -112.72201024 87.82668385 1228.37460195
v -144.01217281 7.97479324 1017.94092762
v 46.01488977 36.63483371 1309.67405492
v -129.56135501 -5.02440928 1014.31124457
v -66.86541739 98.05912953 1228.77453615
v -67.71557032 102.01338143 1210.65517821
v 272.44031270 -62.16788262 793.87669055
v 266.49047334 -63.53338103 770.57723078
v 273.73674505 -64.24932443 766.36783992
v 67.22249516 38.95119945 1293.21981767
v -124.89715345 -12.77119530 997.99399817
v -61.78014305 110.16817227 1164.19271929
v -71.15844600 112.30005417 1161.52391555
v -90.85457665 -88.53135676 1013.13437137
v 55.42375726 57.76709470 1293.26305988
v -130.05435384 -50.55153965 1026.26604912
v 270.07909901 -44.69545055 876.69407271
v 271.34785381 -52.63363247 841.62891152
v 273.90576892 -47.17985691 856.94959696
v 121.36107616 63.85969670 1067.54341037
v 30.30070171 -75.92387967 1392.58780731
v 36.18618409 -72.10949279 1395.36657500
v -131.49331939 -8.92190624 964.36360167
v -81.25982798 -29.99914107 1486.51174781
v 73.77278282 101.38546199 955.09150387
v 87.68435625 98.75190145 934.08906393
v -132.72067118 -23.90377607 928.89111679
v -153.78121161 -5.01379348 1259.13021531
v -173.09326610 -3.15608364 1254.21966893
v 41.78991047 -60.54112270 1419.59426710
v -135.87730199 -12.13844299 930.75192829
v 72.75153912 151.36814481 776.60131232
v -135.09933887 -3.45660713 912.77109128
v -62.90141560 10.56335909 1290.78499370
v -133.48738539 18.18896976 928.68399821
v -70.40449889 -10.41938134 1364.37356852
v 120.96224772 126.88136950 701.81591661
v 288.76985684 -18.62717184 844.99706313
v 286.74542058 -8.99113778 840.45520166
v 279.52821762 0.59699607 867.90041382
v -78.95374335 24.95459107 1283.12763020
v 122.35773886 130.68380617 780.87718450
v -46.32725191 53.98911186 1325.69990590
v -47.24288317 47.37210391 1311.86239076
v -58.67243796 48.54897452 1374.34310981
v 106.13118608 137.55929751 798.88347795
v 133.76051774 120.01646608 801.78159765
v -58.39711915 19.59582304 1312.54886073
v -84.14146030 86.88255918 942.28769069
v 285.05588567 -12.07487431 737.28943194
v 291.87708348 -8.80232399 773.26263968
v -259.85181069 -7.24400298 939.16950807
v -48.02239634 92.87413662 917.36933965
v 53.84568103 -1.64919857 1500.27009785
v 202.24075175 -3.79399867 859.25016617
v 214.38436178 4.95155340 838.98941459
v 215.87844941 -7.57452075 832.45985345
v -190.57884310 -38.27066001 1195.35243591
v -193.85149958 -38.89903062 1171.30508949
v -186.21569264 -43.85278014 1174.82287544
v 65.99003242 11.34350942 1459.07392973
v 221.79504371 -37.81355728 828.59532482
v 207.35850419 7.28479599 858.68543714
v 277.24570178 -43.13344604 705.94320171
v 278.62994090 -28.04536459 701.00623095
v 277.93104914 -30.01670438 692.83094076
v 260.82946929 -52.87107864 859.29914656
v 253.65248331 -50.31599572 882.29637299
v 242.60017743 -52.72460438 864.18601300
v 95.47781288 143.41791412 788.90538941
v 73.01389170 146.14704054 800.54042762
v 28.78919675 -17.23306499 1311.55421166
v 61.32882974 149.60309866 792.49710807
v 306.40442860 -86.12772119 685.40662571
v 304.20688062 -90.38523485 668.77099045
v 314.16558305 -87.88258571 674.79602100
v 25.77863621 152.75837046 767.82955855
v -30.26993897 110.51009866 1101.68407888
v 15.68983763 -79.05190792 1338.63349247
v 11.21418098 -76.98823962 1329.68699758
v -84.20818642 -21.76867626 1428.68695528
v -90.88554072 -13.99808184 1425.33273378
v -93.35249150 -9.78274889 1419.03867928
v -199.60711318 -41.82236298 1057.90060527
v -208.78714798 -38.78140139 1056.02190524
v -199.79009344 -41.60049424 1033.99815158
v 27.99843342 -54.30099723 1332.05087217
v 36.07950037 144.69164304 709.31947304
v 37.36689571 -41.11614387 1336.70399543
v 17.94771635 138.99508481 708.24819684
v 14.53896505 104.32775991 1007.21048041
v 310.57582316 -70.62140576 717.82827972
v 32.29985898 -54.68924856 1337.98694824
v 59.05327493 144.94344244 707.55530768
v -23.79233371 104.40217537 1018.51561188
v 79.46723702 145.36712037 721.13251832
v -87.80856549 17.45827427 1480.25413110
v -24.40484674 109.19952745 1060.29527489
v -51.60092226 106.45234599 1058.24430684
v 133.63936228 121.63971062 764.26546247
v 124.51506913 119.38364131 817.33444989
v -213.96142125 -38.84483426 881.27719753
v 162.41674093 88.88603024 818.06861200
v -226.15938524 19.40386863 844.92216643
v -234.37509821 24.39661880 861.61631229
v -214.74460452 24.47444781 857.00570928
v 167.16002282 94.03380250 718.73965491
v 241.41468530 -55.84452630 836.82416555
v 233.93297235 -54.09479207 846.13020668
v 229.84147219 -46.13476306 835.73272791
v -130.56489167 8.08604745 976.72189982
v -123.38579816 5.30744679 991.43210019
v -143.09841638 15.70681219 1020.16824263
v 162.43301948 79.86534370 829.03843194
v -121.94821106 22.33542492 991.78038769
v -251.26718118 -38.61125620 762.04500507
v -242.88152709 -28.10768450 771.43466891
v 79.85949360 97.41479168 918.72014523
v -266.71776421 -79.32684051 712.38958564
v -266.54560546 -82.77019499 719.81411736
v 65.68378264 102.48649270 931.80704967
v 46.30328529 101.06427482 957.12707373
v -130.20586731 11.86227072 958.98489784
v 237.58435027 30.08148731 983.25537369
v 250.42388446 15.19144112 970.76406126
v 226.05156343 35.54040515 961.59238582
v -57.58670908 44.78626840 1527.17790047
v -43.90064644 107.23343602 1052.61619432
v -288.28273945 -29.13132464 771.05773739
v -295.24066965 -40.27338885 794.25540134
v -121.15096663 98.93973000 1193.61783428
v 233.12246066 -26.09582141 1024.45794068
v 233.90890467 -18.23892806 1043.98896043
v -46.74682859 109.36833594 1158.96111168
v -314.60679884 -104.31595273 695.33102086
v -324.36766206 -103.68558039 679.67764487
v -88.26874748 -9.14349891 1481.56328969
v -272.06840944 -90.23082046 723.65829528
v -280.69194706 -99.74831184 712.86468806
v 202.63658386 73.70233550 1074.48922282
v 218.67519205 61.37368742 1077.03038075
v 217.03969141 63.00507029 1057.54080077
v -235.11116601 24.82675365 1099.16096744
v -229.65517956 40.60200492 1124.55926776
v -227.50777659 45.61019767 1107.28481651
v 259.97200613 -80.18406636 696.29483540
v 269.88938475 -70.08326408 688.36076994
v 263.80238729 -80.00068702 685.73147645
v -257.90627045 -50.31233775 899.25931622
v -263.66330352 -60.83089201 841.22091009
v -248.48129010 -57.69186495 868.16201210
v -5.47307517 -86.75554801 1465.94482367
v 281.34993882 -45.26649363 842.61560326
v -212.67274083 -40.82111380 922.67820744
v -201.88350708 -27.04608035 922.90379234
v -202.96407461 -39.76387803 936.71936312
v 34.45958883 -9.11902700 1519.23509436
v 3.83734874 104.26645794 1158.40268144
v 67.86463824 110.84456460 1153.04313737
v 272.14755502 -53.21788833 828.41872140
v 264.15055596 -57.31151310 805.77230353
v 274.92493272 -55.79610585 811.79196683
v -211.43559960 34.52111223 924.18766385
v -226.59376595 29.58008563 896.95980589
v -227.80675960 32.30617237 930.36335507
v -1.10438825 -80.71866367 1325.00866577
v 296.56159527 -72.02065574 734.66227854
v 297.84201392 -61.58579420 750.06533644
v -260.71735154 8.95485454 831.44384792
v -259.79102978 13.90313725 863.19658680
v -278.65263613 -70.61199764 794.62413037
v -273.07374626 -78.58545850 772.69333217
v 45.22202721 -20.75322271 1505.15157882
v 273.18249430 8.17839980 878.94460292
v 276.49797090 -0.99177619 889.66353417
v -244.63130070 -60.35119012 824.51484070
v -237.18536390 -48.05218884 808.00173704
v 9.67410168 92.60539411 1369.53141445
v 155.75997469 28.91831131 988.15420854
v 150.22324312 26.73644774 1002.66020988
v -50.04817773 84.81941556 1405.43695553
v -218.88172504 -33.63064936 1030.13794751
v -228.42652111 -22.61226018 1025.80413074
v -83.82556268 -17.67885038 1412.74747839
v 192.04533047 -32.34856668 969.94424926
v -210.54826703 -34.65336272 968.10491168
v 306.17120307 -20.14117273 723.61580036
v 298.18308545 -11.89265470 720.07858008
v 298.69194421 -18.44447095 739.32318365
v 60.42531305 106.23682010 1209.10386455
v 44.98402738 107.23564519 1201.43841966
v 19.36013910 103.84177720 1203.26817626
v 32.01870567 106.34837159 1190.34773986
v 27.01110544 107.12553220 1184.41984299
v 46.03012862 106.22736399 1184.42698112
v 46.07148177 107.51813961 1169.41424691
v -165.63534915 20.31456154 947.17724793
v -172.60667342 23.60381954 933.46005362
v -162.30399432 28.13968909 956.86690499
v 172.62759657 -34.41623035 1030.07507643
v -198.62015075 66.46805701 1038.56098675
v -213.64864515 60.46584086 1043.64407216
v 31.97188118 105.40374411 1211.65889859
v 299.00936357 -88.54469751 658.23731879
v 305.52347042 -88.23321183 659.33248484
v -9.45250397 -99.66659038 1391.49404038
v -190.27999125 69.23862565 1043.70935434
v -181.64462195 71.91090353 1048.45375399
v -171.63143161 65.17857756 1036.14514699
v 326.46878078 -51.39321754 673.22524535
v 320.74894850 -26.84870087 677.52991961
v 333.57199536 -52.09261198 685.22046065
v -89.47137875 -12.48084418 1465.50508915
v -191.43327855 76.31027969 1110.38409947
v -203.20996540 75.73883504 1098.87223177
v -223.11483980 51.65968346 1131.67345788
v -222.21695732 43.79920361 1148.92154947
v 304.91652456 -76.90034164 651.25488186
v 5.71070465 97.06922318 1250.34179362
v -7.19063307 100.04886692 1234.52006147
v 280.85800865 -47.27784313 828.53645279
v 281.25299915 -53.16385917 816.07295418
v 162.66128300 -7.28568924 1273.46360602
v 21.88727412 90.75113557 1267.53744334
v 1.09051262 93.74715970 1271.04294624
v 126.77521375 21.73227624 1284.81075159
v -118.30511381 44.78091609 1262.39416740
v -123.97063512 61.60160203 1249.85397630
v -136.52118885 50.28878482 1248.23726124
v 286.37416243 -6.80604412 825.54220286
v -71.42056076 84.94153824 1250.14904123
v -71.43586599 76.51014448 1259.71467582
v -60.93398989 78.59197875 1261.73372619
v 169.78733692 69.74103078 1219.15896755
v 142.21395161 101.64780439 1183.64606539
v 258.10852213 -72.48555014 699.96638485
v -145.18174379 -59.08027441 1205.29644531
v -144.33266035 -71.67638898 1176.97424633
v -164.03713187 75.14683043 1083.35712159
v -155.47666619 91.03534725 1090.20281079
v -154.69414629 77.13632508 1075.29359064
v 272.17735642 -60.42720178 690.85188342
v 275.68099744 -67.46114199 665.14608281
v -152.57466681 67.80941751 1067.22968329
v -179.80822708 -49.32760735 1150.85976521
v -196.05426672 -41.83396717 1130.45580596
v -175.89095352 -52.52018827 1129.81903340
v -129.00665416 111.42874064 1127.03673495
v -137.94694470 102.16181313 1096.54320679
v -191.54713337 -30.36634845 1211.51022885
v -194.25948098 -13.38863863 1227.62669681
v -200.86977881 -20.54310800 1207.38200540
v 305.00526658 -53.07281427 749.78787666
v 299.90492387 -51.34815411 764.15736000
v -186.90632097 -48.85842471 1107.46141350
v -51.17657867 -3.59944876 1284.40666535
v -206.68307240 -3.80889081 1210.64721484
v -207.47820304 2.68287708 1211.11059043
v -215.41653612 1.49265932 1188.74127551
v -173.50498768 14.17604666 1245.49340141
v -163.77105384 25.33566197 1245.95548167
v -155.45686146 45.13561038 1241.17361513
v 220.36142222 32.40869161 915.09868019
v 221.54838278 32.12690124 901.38001703
v 203.41187181 26.42806826 900.00878671
v 230.38477879 -34.73627897 956.85625733
v 233.76245464 -41.13327504 936.44842190
v 244.14805539 -40.42480634 942.38031613
v -37.44923757 90.24927348 1259.37493669
v -49.67135881 79.14872092 1272.35366872
v -185.70120277 74.57923778 1066.50019808
v -44.06521063 108.03073365 1175.33150402
v -38.98874307 105.21752784 1189.87507133
v -25.96459451 106.19500228 1185.86183101
v 195.75794017 -29.64893306 948.16195122
v 207.32935905 -30.04415003 964.68514912
v -188.59499218 65.18191683 1032.41183728
v 45.73441656 -56.95508349 1381.79914579
v -27.70718791 108.77465714 1173.16778717
v -20.40050191 108.04892987 1153.85520941
v -34.39420218 110.85214410 1157.25496567
v 48.02587436 27.96142156 1377.31847718
v 77.27653081 111.89858992 1167.28902481
v 89.87086139 111.25106438 1147.19241942
v 151.61613722 99.10092045 1143.31106461
v 141.54998513 105.16441089 1132.72207667
v 144.48901336 105.01238166 1160.18111890
v 301.67007574 -75.95786976 718.60918622
v 282.91563207 -73.82414324 736.49124577
v 11.82406844 101.26294277 990.67396832
v 256.69597120 16.51726354 837.93487349
v 243.55690007 22.07968157 847.50118498
v -61.46417613 102.23636744 1050.23045958
v -52.71873220 103.96948651 1035.77731083
v -170.56109136 88.56359660 1126.76482066
v -164.15523756 98.29335956 1130.39066537
v -160.75852844 89.39448518 1096.09937782
v -162.43836043 48.56725586 1233.25638826
v -188.51680527 39.50653753 1213.43296529
v 236.77841486 35.58453566 1108.04542509
v 229.81019597 45.27666555 1094.57967061
v 229.04183207 53.38561432 1110.93279162
v 196.96108031 -21.26669874 874.76821442
v -101.25925248 47.69235756 1267.90435072
v -105.19214580 64.85798165 1257.73460639
v -225.27820360 -7.13246112 1138.65440286
v -219.05719152 -8.44975013 1163.77020981
v -224.02876160 6.15499057 1161.23741689
v -76.00848736 63.19032323 1267.18886445
v -220.48882970 -20.76318011 1124.38011138
v -201.12141336 -35.00168687 1145.68616942
v -217.83284680 -18.48616783 1142.72380157
v 209.04527478 34.22880663 928.66525634
v 193.71750546 28.67938431 927.94873726
v 204.18613205 33.55850153 943.24913178
v -163.33704835 -46.29693761 1214.78703100
v -162.26291478 -57.68466064 1132.54387930
v -164.86591536 -54.89874449 1122.56224321
v -147.64877801 -56.77967155 1115.20409841
v -214.55462884 -36.24651775 991.38367716
v 223.56592974 18.79242866 1178.99178073
v 221.94350040 7.30974448 1185.10534655
v 277.01634431 -18.63672010 923.69436201
v 277.11268133 -9.91062080 913.22507788
v 273.19219623 -12.21422514 934.90763316
v -175.90759590 -29.31040732 994.32259141
v -168.20268320 -26.31829413 1003.77994723
v -174.78244406 -29.69151172 1008.10986064
v -256.79904423 -4.50591153 787.67748362
v -270.52120414 -16.41325245 762.08007048
v -264.24138951 -2.53573517 799.68164547
v -164.48839038 56.46149266 1004.89391673
v -175.54481053 63.71509491 1008.71371094
v 236.26027660 -8.86995807 1075.38567127
v 229.31334057 -19.70448567 1099.58098262
v 228.82339587 -20.64550169 1067.79097723
v -299.24061175 -45.49087128 732.44853812
v -307.74582225 -56.26115249 727.86351499
v -138.31292958 42.72245806 1052.29290596
v -120.62841326 51.17155792 952.33491181
v -115.76929609 60.94808493 965.68626006
v 8.57115747 95.18014741 918.36028931
v 23.91009789 99.52596195 918.58568363
v 244.67161670 15.61117789 1081.36842481
v 232.84472014 44.69756145 1077.23359608
v 216.69042567 65.51881555 1101.03389331
v 216.40290111 65.82998016 1089.53430609
v -57.10751845 11.45081905 1303.78896119
v 266.34667616 13.22209355 831.40679961
v 243.99998705 15.16278938 830.74408868
v 178.09926299 26.20831946 1252.16313290
v -271.35242075 -47.81172732 873.84833455
v -279.85678872 -41.74122444 860.83431441
v -95.90209367 -61.69393331 1219.54196637
v 211.60596129 26.77413159 1202.22325879
v 210.55477316 39.99358445 1193.23821178
v 210.48410710 10.75829580 1216.46455252
v -139.30732670 -74.18124310 1138.20813061
v -133.35220598 -77.54838904 1157.14272502
v -145.30308424 -75.34384087 1156.31418645
v 190.12080867 27.56979555 920.81273103
v 186.12186151 13.60348290 907.07954012
v 191.83615240 12.60030159 894.29515484
v -174.30573499 4.22772755 1254.48282579
v -180.96366498 -4.42203636 1248.65242678
v 218.61358173 -39.87809323 840.36290702
v 219.50411804 -46.27741395 852.29922301
v 212.47595668 -40.60521857 849.96659628
v 326.26277467 -59.51338753 671.08973585
v 333.76425455 -59.70352282 683.47487405
v 241.43739549 -51.06723286 874.49334329
v 227.68219340 -48.49034930 873.79043053
v -48.31474735 101.66308389 1216.35301635
v 290.80868778 -38.21596896 651.58389864
v 291.86621892 -27.74108350 659.28898803
v 308.61987894 -29.51930282 666.93966197
v 262.75407842 -87.05335906 694.60282728
v 265.26092895 -89.58329950 698.78315046
v 258.52596957 -78.87985888 713.61037816
v 117.65072968 107.42827658 1179.48862990
v 134.19663674 108.13068807 1157.61925457
v 104.44003670 110.19715795 1162.87324887
v 269.74646824 -4.73406451 939.50591062
v 262.61410289 8.69984329 932.01528409
v 259.21704489 7.12069165 955.88443315
v -78.92948666 101.65761308 1077.31418111
v -72.22124005 102.33359159 1059.50063344
v -89.03210535 97.62101294 1067.00239392
v 238.52970767 27.00160847 888.54935147
v 247.54331135 27.74786055 902.60381896
v 256.21332762 23.13637457 896.00116685
v 243.04356057 -56.16168700 844.60209422
v 210.01589486 -40.20687453 909.61145707
v 202.03845167 -34.92914354 910.09720963
v 204.98963454 -41.55441505 900.39946262
v -232.16078726 -3.53710964 1111.93150089
v -235.45809616 7.39339296 1123.00226721
v -237.83225175 17.65944281 1109.65979346
v 259.11173867 -54.75893426 837.43718410
v 216.34975007 -44.94999307 862.84047135
v 207.30100274 -40.17966055 864.64715322
v 239.39492024 -48.60885515 804.99625937
v 231.27072172 -40.08472030 812.06071430
v 238.83419906 -41.78742892 795.35189646
v 231.48878328 30.88536522 915.13490802
v -180.47364128 -20.49214533 1238.36498422
v -195.25479751 -4.88516285 1230.07827686
v 247.56951064 28.20231993 923.60317086
v 241.21088168 30.89504337 922.68280237
v 207.87773035 -7.13391778 1223.54236951
v 216.39370233 3.05240679 1203.02781338
v 205.36307789 2.18896194 1231.91258078
v 196.42703048 -4.63445586 1248.20761150
v 196.51414200 3.57578246 1249.24414339
v 182.76351654 2.86902043 1264.46849187
v -186.50909904 -45.19574705 1060.52020551
v -187.52754739 -42.43839700 1043.21269895
v 235.89787344 -25.35027952 1011.00650019
v 228.97432893 -30.96580013 1010.35807151
v 242.27402581 -17.64978248 1010.74760583
v 251.66624833 -6.96453267 1001.81723110
v 245.76486592 -0.67285054 1026.96635477
v -163.93588005 42.14953732 975.08917437
v -151.96282296 28.35421267 991.00755751
v -157.23987246 23.10407219 968.42706208
v 236.89306539 8.77100180 1120.14878235
v 243.00321594 13.92552381 1100.61043638
v 239.04832730 15.38727645 1117.56425999
v -46.55091240 93.87635911 941.74228131
v 150.91766655 77.19690984 1090.18003358
v 157.59473346 70.44134171 1081.92478818
v 145.79183104 66.42414951 1077.94061181
v 206.43424738 76.45872180 1114.81465011
v 205.14628328 75.19603325 1095.44155624
v 189.93962493 82.11233171 1089.52781311
v 177.14862120 -52.20510050 1158.55836887
v -93.91203823 99.56016755 1082.86700657
v 181.94355419 -25.37058381 1247.79298845
v 195.00891989 -14.49222995 1243.60399854
v 181.26944194 -16.20111384 1258.53572521
v 305.63160838 -27.94116669 738.58573462
v 298.76733200 -14.88966813 760.19823320
v 306.98791953 -30.28021669 771.28709950
v 291.05770112 -13.38922022 736.00463389
v 176.43162710 86.03298305 1162.42206863
v 182.58738340 84.51350670 1132.83207275
v 172.67732988 85.14979830 1145.58534575
v -140.65555352 -66.14984389 1117.96538102
v 205.28546664 65.94806847 1170.62098012
v 193.22257117 66.21566540 1192.31233658
v 205.38956038 -31.44205764 941.92283299
v 223.30763894 -44.28534102 911.13318323
v 133.43213245 91.87055634 224.01185118
v 135.96840560 95.19051759 248.45045131
v -272.91934538 -82.71956436 740.51732668
v 227.99185787 51.91938519 1049.65108369
v 220.92818058 54.52085144 1010.53667667
v 213.52471934 60.84193128 1029.30826987
v 240.54090598 -50.78526503 887.60733584
v 217.48568486 36.08666759 945.52075486
v 87.77279701 -56.60298446 29.52734597
v 271.97195971 -40.14270971 893.33227060
v -277.09062497 -57.14388158 704.78366081
v -272.00355932 -69.72460495 710.29974296
v 257.01603494 -14.20339859 985.08526757
v 267.95553813 -38.00532805 907.08145084
v 267.91960289 -31.73734872 929.93798478
v -229.72920383 -50.27096197 884.81282167
v 206.09128894 30.42908457 921.53952270
v 204.84161657 26.55768036 914.58750512
v 272.81332111 -22.84323019 931.99375168
v 263.76893057 -18.03962229 965.60497527
v 142.80794306 58.88489196 151.80319436
v 101.00131150 -1.07589880 180.72099386
v 198.29626802 23.91394164 909.20986084
v -191.64143863 0.58580678 877.22591095
v -200.10555424 -0.67897015 859.46615064
v 233.36909558 -48.67768708 822.29437196
v 225.51692035 -44.09144917 823.68353210
v 231.64934390 -53.02287368 860.86031299
v 142.50827885 25.16835445 137.26134785
v -217.17593967 36.66652812 942.76468424
v -210.25493675 -38.41789996 1026.93782948
v -205.54700927 -38.22335856 1002.35841589
v 252.75714915 -23.34369334 770.78891458
v 255.82378718 -51.63625285 765.75435327
v 248.10931120 -50.81987646 784.67260874
v -163.18376029 -19.01475863 993.24387671
v -177.00523658 -27.66054493 989.82668895
v 214.39772901 -43.86577945 892.16749123
v 207.14569428 -43.19146637 877.07433734
v 214.87724594 -46.37873572 875.77648411
v -229.88618855 45.84587086 1090.01786499
v 230.81918673 -7.14803259 803.71681123
v -159.37473651 21.79843429 958.66910814
v -204.38003851 -32.15224809 968.48881599
v -202.18386242 -32.51447543 955.25493516
v -188.15113227 -30.77289696 971.42309489
v 136.14567747 -72.78872096 36.18890511
v 198.49404018 -29.34112646 875.10533611
v 259.62701410 -60.33949910 757.25912110
v -219.60903708 59.08805188 1114.15921540
v 192.43959557 -21.20887821 892.44172094
v 126.60391214 75.52801683 124.22810096
v 141.23632488 -4.91656171 33.59365784
v -125.65753680 -82.71416660 1145.25883642
v -133.40315438 -75.94557226 1130.32727458
v -127.66081099 -86.31255525 1122.61422356
v 257.02686313 22.38845765 914.99692375
v -174.70030208 -52.83905946 1097.39773376
v -180.63189801 65.90334184 1018.07870513
v -205.15313977 -37.91724621 1084.16239600
v 87.87228874 4.23517823 115.07755381
v -157.14177158 -69.80713339 1159.55923691
v 115.34657673 82.13465446 108.45297057
v 190.01546596 -22.48293469 914.89300989
v -262.98159718 -71.88789689 791.28637375
v -265.64835013 -76.38656201 770.05925805
v -258.92078483 -70.32275211 777.70844590
v 242.42955432 21.22817774 952.04138793
v 229.07234748 32.62979207 953.66564657
v 240.88287667 20.77122700 961.27063406
v 184.51775120 -26.01764616 949.41171420
v 266.52662716 11.70485709 910.52756560
v -192.57203107 64.53264523 1020.67763053
v 154.90336165 64.39958473 263.88793468
v -294.69757963 -81.79200920 736.85288207
v -294.03060195 -76.41057376 746.40302832
v -301.24871550 -69.37277277 739.76238123
v 187.63486729 84.11967682 1122.75398740
v 169.59398736 82.59755833 1131.55113505
v 265.73095890 -81.49103565 723.81821263
v 195.78064557 81.13942352 1135.15013141
v 74.42363960 -2.47146498 225.25715616
v 159.39352567 41.52678716 271.99185708
v 157.54735274 61.43189713 276.27067030
v 260.38230221 -58.42641194 743.73064604
v -275.52712493 -101.83725895 689.59559027
v -271.73359157 -89.03149715 695.53962674
v -273.02369701 -102.05162781 695.85872803
v 144.25989725 101.53856240 1123.40544643
v 132.63126381 107.54049145 1121.44286343
v 259.63622103 -35.62861800 744.56966600
v 259.69269744 -48.38883844 722.86221142
v 164.69918947 90.37298035 1152.27247106
v 262.16039041 -29.90326069 947.01743421
v -269.63392160 -25.57227741 915.95906512
v -266.81916974 -10.90449267 918.80393116
v 141.98888892 1.22805482 269.77131837
v 232.54194654 26.52459873 863.74352195
v 233.03881993 8.91537773 820.86265846
v 245.33080407 -27.33208969 979.46807524
v 239.86911161 -34.74795008 962.00769352
v 254.06443313 -32.35481488 957.56519974
v 152.42179398 22.38636271 9.20666133
v 282.84189898 -19.40161480 697.67381461
v 73.28465464 61.53633168 91.06924806
v 226.22587890 6.73200114 824.28708559
v 217.60760387 14.98765916 850.36426807
v 128.06817025 -7.66698706 259.85659087
v 305.88343111 -35.99597826 771.64789722
v 294.96565137 -52.56844138 785.74773948
v 65.12184944 54.20131737 117.75756341
v 229.49852725 -33.69760868 977.66552743
v 278.58647644 6.21989986 845.66921780
v 57.99343908 48.50303169 160.81967328
v 227.11779525 -33.11427085 966.89696987
v 225.91514584 28.61570574 876.83408281
v 221.62008811 21.00134401 857.05646985
v 212.53235915 25.13306918 880.97198844
v 137.66536843 40.16029049 105.41911060
v 139.49331451 54.80319133 134.28369216
v 144.18201496 35.11796419 126.55789637
v -205.22882519 26.48520417 878.74385093
v -209.73275471 20.32809203 853.55765255
v 225.53475798 -0.32724433 817.85051776
v 206.32415457 14.14983151 869.65135744
v 200.54706178 13.20856664 876.55057619
v 125.10855405 2.75870787 146.80688694
v 196.88183098 6.71864140 872.35689600
v -236.50601313 14.83917142 831.31772484
v -246.23704015 2.89032232 805.05763882
v 251.59233333 9.14178198 811.56718204
v 190.84765122 -13.31779760 894.50728622
v 186.17751021 -20.69384341 908.03886895
v -117.58147908 -58.59540965 1211.65885791
v 256.06997756 -74.05476044 708.61172551
v 145.36194761 85.21571965 313.58803473
v -297.36175000 -93.45026287 721.28087778
v 232.08497619 38.77588511 1130.59862712
v 230.53091394 44.67790119 1120.47681421
v 220.37333676 59.90437808 1132.12318821
v -107.79295423 -90.47572628 1166.53945862
v 264.45050935 -88.53163720 680.28511742
v -124.32492242 -79.96529672 1162.61965014
v 149.43461854 19.36316492 353.52929645
v 150.07544286 17.88878559 342.02862039
v 149.02304582 32.29360563 371.94055146
v 132.66501373 101.11183985 285.66329243
v 142.20782880 92.11514830 279.28017238
v 280.07155769 -86.05735866 683.82076370
v 289.64369048 -82.29907836 698.24364840
v 272.26543321 -89.06699914 699.46897398
v -286.43554888 -98.10053055 718.14349996
v -298.01239318 -103.76052082 707.86725619
v 304.40414164 -84.00503474 706.42526159
v 283.53332886 -79.64184355 719.22298547
v 265.02197660 -5.48685545 956.18861078
v 293.62335308 -80.02120953 686.56188487
v 303.72882566 -85.46128600 700.24599945
v -239.12420717 11.55122078 1097.82465616
v -238.03654797 11.52388963 1078.10471066
v -164.35527469 -54.07201814 1111.44622910
v 311.88469627 -86.18949968 665.11764225
v 271.86476800 -74.83739946 663.16184024
v 58.61057379 84.72842079 216.74382127
v 69.24374612 93.03446184 208.01196418
v 240.08578776 26.46327580 866.32551713
v 89.30673852 104.76690926 223.30921928
v 271.03523005 -82.57542524 659.93309068
v 269.08039674 -79.81869513 671.84481036
v 200.92899381 -12.84881714 868.44089811
v 272.08964579 -88.99663107 682.16856511
v 271.93343228 -87.15758145 674.15585684
v -285.00711934 -22.58039301 838.96683551
v -289.06624665 -27.95781861 823.66922853
v 190.17861676 -2.57276285 888.23539486
v 85.44068114 71.89983709 73.19639782
v 92.55047536 77.97680224 54.53544070
v 282.14334103 -82.87553117 704.06708899
v 220.22466664 28.11911638 889.62946657
v 256.70935527 -61.73495104 723.31048370
v -177.29703860 -25.18150397 973.91005590
v -285.65224705 -66.53804113 792.50320477
v -294.76489204 -48.34467601 797.30957212
v -300.48010658 -55.78946816 776.45288512
v -167.46464645 -14.52478606 973.77430661
v 103.04745444 0.00858133 146.87535601
v 228.91363915 29.11214110 883.48408957
v -160.02803954 -12.42892148 984.34285567
v 118.75923189 -0.73629198 134.03147758
v -164.16457444 -17.82009733 1008.25256713
v 299.11348894 -22.58915921 786.95525120
v -247.96521992 -51.09635298 907.20984038
v -240.45054055 -53.22553914 887.00449059
v -233.15250402 -50.49879641 902.07112713
v 148.83236354 45.90365827 373.44058726
v 152.40004686 -49.51930579 37.25651630
v 162.31259111 -44.51247518 30.26129552
v 294.06291701 -21.29775589 810.32861212
v 289.64579212 -18.31453914 831.17877820
v 250.75727607 -57.93170228 818.38996652
v -158.79901753 3.43698930 976.70201931
v 262.12096778 -25.76943497 747.05613813
v 288.91657980 -26.16692562 853.05315307
v -307.03397893 -55.80248779 747.95189237
v 232.65846340 -8.34653030 1113.64430383
v 229.33874454 1.00006679 1140.62986644
v 219.11809968 -13.49347513 1150.30228398
v 82.83174659 -8.02358831 50.03998330
v -167.32588783 37.31864335 964.67762738
v -184.28953597 51.52749814 975.03876087
v -163.67116953 48.27530663 991.54107027
v 286.73884672 -22.51090668 688.03451472
v 288.83708281 -11.89980729 698.42258360
v -171.23770683 53.76613389 992.91886898
v -193.82576685 66.25560571 1176.50814601
v -204.94049286 60.08158092 1163.32807455
v 216.51931035 49.97492756 986.63696037
v 224.81711477 45.11475258 987.84325262
v 221.88648810 42.24068758 970.50857127
v -157.23115687 51.75973594 1016.31696560
v 87.81631089 67.32248961 16.68503371
v 87.74637263 53.02906220 4.39263599
v -163.43861222 62.73238321 1039.43510804
v 314.05963152 -17.12310395 681.66220746
v 317.06642126 -51.93076801 729.38605619
v 309.30428775 -41.81423788 748.23453362
v -151.64886764 60.88446614 1061.96679962
v -206.96483456 70.60089767 1115.57290713
v -210.93344401 68.12685067 1127.75606067
v 78.12242221 107.99137625 278.06936794
v 253.79850463 13.98536843 949.01670907
v -143.59220422 57.91554163 1062.46244238
v 105.59201390 105.81739337 317.65908038
v 120.02440252 102.17894534 322.15995302
v -135.83501625 57.11204127 1058.84575578
v 315.26773945 -45.91379391 735.46970365
v 309.83172977 -36.44573761 742.68466787
v -130.46568985 57.94246933 1051.35371178
v 193.42559223 -29.42227129 902.28996874
v 200.93430230 -38.97087212 893.24267658
v -68.47401621 68.41763364 1268.13065551
v 249.63917700 -11.31172411 781.64847103
v -175.70914683 80.59342696 1128.50663602
v -176.78017215 76.26539272 1113.45402746
v -182.63124544 76.08683715 1129.04995832
v -143.72935409 32.95694986 1041.65066958
v -148.20797956 40.90914557 1044.66139997
v -149.56362282 34.41381576 1034.73049255
v 257.37447227 -7.53785784 774.89694228
v -42.48133137 71.18298812 1288.90330939
v -149.65992749 29.98106640 1030.56498436
v -111.65216351 31.55047320 1271.39103536
v -148.89999751 20.60486192 1018.72229480
v -250.83675801 11.67562613 826.46677314
v -170.03716686 76.15210902 1097.04613160
v -179.83703530 76.34535992 1103.70009529
v -148.59859253 15.41790725 1019.95706451
v 134.72459438 17.72842870 80.63174639
v 131.86972083 86.89538002 189.96898864
v -155.59935656 98.06756658 1108.35419746
v 117.56765825 -1.17778431 90.04687532
v 93.74514001 -2.06255568 75.52672366
v 272.97493415 -82.06080033 725.90871276
v -95.51779052 79.46859308 1251.57044517
v -123.20022044 68.21736573 1059.26253333
v -123.88989849 66.86262988 1039.68067859
v -120.23382867 79.73416763 1068.52988429
v -113.11304905 81.62383355 1065.30286395
v 94.36391577 -9.64667701 62.87254568
v -124.33564746 3.75026090 999.36008596
v -83.89246247 52.18407654 1269.99697238
v -133.50213318 0.42707811 947.92185120
v -252.66825848 -65.62649260 804.47841155
v 108.91984718 80.31513075 92.46558552
v 116.82828025 72.28397691 84.90071576
v 151.72174099 57.93274533 220.88052511
v -128.78598232 30.60213512 947.31864698
v 137.56527164 1.51096875 249.73581064
v 146.83066234 12.78621043 239.70279215
v 147.58576903 13.11841087 256.09088102
v -129.26127989 71.56470964 1065.13355088
v 134.50034106 41.45140300 83.75587838
v 273.91797314 -22.08850528 718.83803364
v -258.83257522 -67.17245184 811.58834889
v -269.77752455 -71.34287286 798.49042261
v -103.34046850 75.62777762 962.97870266
v 243.23592632 29.52069024 935.46326980
v -86.13127337 87.74708891 969.01657455
v 106.51359379 82.10284879 68.68630864
v 100.69616053 81.80087617 67.38006104
v -65.17772839 96.07150377 967.72310242
v -53.03938616 98.85499486 966.41053812
v -239.73167040 -54.12790449 830.59138074
v -39.37500755 100.30320682 984.28698742
v 63.09988886 34.99372004 135.13772107
v 234.35554518 34.88346684 935.86259143
v 58.29146738 39.23029320 164.08578716
v -25.14667475 91.60637753 926.81995594
v -13.73254083 93.31308349 916.62560939
v 257.56383944 -56.54970566 801.16960704
v -182.15172903 -0.65529517 919.29222857
v -180.65825102 10.05241522 916.88713779
v -172.71919714 11.09569601 932.85657701
v 229.86315666 -49.18517807 897.06489320
v 17.31174595 104.01754784 904.35341719
v 172.74804038 -67.24677185 3.46515488
v 174.55416576 -80.12642757 16.23630907
v 47.42980816 102.68298062 916.29080630
v 202.94675157 -31.54729822 932.86073558
v 60.96122501 101.80420234 917.18439843
v 75.09038852 102.56120044 894.35254146
v -198.24655822 22.50364989 879.86419619
v 97.38226553 -68.19474321 37.36502701
v 95.09127233 -41.46664556 45.59971866
v 73.50066556 109.50775535 876.72222224
v 95.71856883 -84.57975616 29.71431044
v 94.47433919 -112.58935679 18.04451333
v 89.80370263 113.41031752 855.33248193
v 243.97033610 5.68722450 1052.55031671
v 68.73233004 101.82106657 902.65960438
v 110.95806541 -12.22900075 261.26099242
v -210.94229396 57.45812701 1009.51901801
v -206.62731273 62.41607677 1021.61528484
v 45.80393816 101.11854221 938.33165654
v 178.73132599 -125.88018635 0.81506106
v 14.56379890 94.34977342 942.17580375
v -233.21188310 37.75193419 1030.02246563
v 6.11863808 91.00189726 967.63814818
v 323.41821252 -51.49589602 720.38130000
v 230.89922488 -33.73693696 996.54664232
v -0.03967096 91.97754500 977.62931134
v 331.10645811 -51.06169817 694.75294945
v -14.66457526 100.84767017 991.39459571
v 219.80821598 11.03365786 1192.91194822
v 61.96771037 91.75275382 321.75371785
v -223.98428144 -30.77578482 1007.69326737
v -28.78955120 101.82077050 991.00971858
v 307.08033047 -34.40529692 754.11429620
v -43.96268463 103.33627631 1025.94264380
v 167.87381103 -48.16992622 24.10046076
v 161.03094694 -38.47168540 24.83485589
v 73.26532551 95.60450110 331.54799859
v 59.77614505 82.53072313 350.96264100
v 193.45394133 17.26288761 1240.18719443
v -67.15253259 100.19839131 1030.13246829
v -241.05373837 -16.00567824 999.34895243
v -249.28143993 -19.16398039 981.99988748
v -83.68903722 98.50069641 1039.00725542
v -106.10310328 89.49740293 1073.63398425
v 135.08706157 69.39541882 551.60627941
v -104.89613861 94.75873586 1079.27593533
v -157.32308076 -66.08129291 1177.03651472
v -115.27558456 102.76414691 1088.68021604
v 270.49886980 -32.68375134 713.47142454
v 277.22962679 -40.42096862 707.62314452
v -267.66638365 -20.96917498 748.36753716
v 285.50437448 -12.73507333 714.48388448
v -261.76321527 -57.66258514 737.25105150
v -263.07159079 -53.54120513 715.63711201
v 90.60754359 86.49775426 129.61292330
v 85.74928252 82.86730602 122.41589996
v 178.91011652 9.43240058 1267.67993225
v 62.59208603 60.88210428 147.75135249
v 191.20857496 25.11873387 1238.86280423
v -273.67765821 -7.84829014 804.87140392
v 193.05126628 -29.46093873 1225.14552217
v 206.10103633 -21.40337353 1204.57566207
v 74.28495272 6.85445269 187.98292879
v 113.66954556 96.44177732 344.60701733
v 120.93739451 89.27294837 360.54929644
v -169.72894526 80.03581193 1107.71345794
v 286.81042530 -74.61771916 647.12223088
v -20.95286121 110.74368601 1140.64145943
v -293.55556297 -37.54917437 739.29979133
v 276.96732388 -61.09991808 670.57841148
v -179.48158280 83.46039160 1145.74697362
v 82.82681097 -138.19273513 2.41978600
v -47.56691441 112.22882201 1141.64969699
v 63.60401493 19.34921439 182.85569776
v 71.65510262 7.03916229 205.22560175
v 224.88834922 -16.82580312 1119.83197367
v 94.91288214 108.89686585 297.00083762
v 92.49104022 102.98179479 327.58852494
v -178.81293488 36.39819502 945.86272571
v -197.41411133 38.07075623 941.44245722
v 215.21183601 -27.90357253 1116.76797025
v 207.54750828 -30.74422768 1141.51405598
v -323.10370087 -73.81415194 713.33637574
v -305.79345557 -81.45483665 725.02334903
v 297.95040336 -76.23572253 647.85908492
v -113.32584907 114.93926222 1135.36431503
v 238.37531152 -5.71385188 1092.03095952
v 243.61770245 8.61002180 1083.63846405
v -113.00232153 112.35123934 1109.07482155
v 102.96317376 94.24617736 354.79391793
v -215.92334036 56.59816265 1148.52527556
v 283.42590624 -35.00046695 655.97651557
v -135.94265949 98.31343334 1181.15374286
v -142.59474086 84.40452023 1208.26816613
v 105.68156907 88.40607781 16.24360621
v -166.58056806 80.10877666 1192.67628744
v 103.97782254 80.43582766 392.38839530
v -181.88023769 64.79258082 1196.63409670
v -235.78724266 20.72763712 1128.10712718
v -237.08062790 14.81254607 1128.97248981
v -228.98173612 15.98695891 1148.83901207
v 202.80984965 71.38310521 1057.90154215
v 190.61077159 75.92503670 1062.66004538
v -164.73760863 63.61221742 1216.77601844
v 273.70464087 -45.25492633 669.80955798
v 271.15432948 -45.48147014 685.35383634
v 278.40431191 -26.93728193 675.29745338
v -183.23268895 26.21465156 1230.65312446
v 248.10669928 -52.54921665 807.98932754
v -200.01177725 22.39292388 1209.54325488
v -39.35022872 84.71631243 1272.74888804
v -14.51201540 84.01253544 1286.66498868
v -19.44369129 92.90148036 1268.37249757
v 134.11065858 -3.82311372 348.14573500
v -212.78830205 15.10973514 1185.09605513
v 226.87866384 43.87500323 1141.64368512
v 233.21981230 28.98328272 1129.35480817
v 306.44619895 -11.97244642 704.94667377
v -203.46158593 12.33317990 1209.07381790
v 129.58186211 89.73220292 199.88504321
v 137.84037393 85.44993280 211.78920825
v -220.71122195 10.85026215 1166.95041571
v 121.74048648 -116.15561883 18.24196549
v -229.65062100 7.42718453 1142.31345801
v -216.86501809 64.80938276 1097.37003040
v 174.05664794 84.43868116 677.39742216
v 181.61038683 77.46164416 705.23556117
v 263.56508617 -11.69748365 971.66102389
v 262.36844455 -4.91054774 972.32851899
v -235.11662434 -6.42330662 1092.99706416
v -229.90087865 -15.91196814 1097.08745528
v 43.65810538 45.34542221 224.97930007
v 44.56491418 39.11657258 219.21136022
v 39.42633424 39.85420249 249.09130162
v -231.67952202 -8.96325679 1080.16020392
v -232.51639148 -37.45949555 973.97322720
v -222.07405552 -36.82447285 983.40531954
v -219.69673220 -26.57466771 1080.30495745
v 285.63034162 -22.27675346 681.44919858
v 297.99987125 -18.56066277 670.42443523
v -215.80898314 -33.30765893 1053.89071439
v 296.90494218 -10.27544195 697.88306313
v 290.61241099 -11.44125016 716.19385073
v -219.98061327 -27.58683846 1092.91903379
v 45.14012896 20.49149602 255.84912286
v 45.00149658 26.22166778 246.50642985
v -210.14342287 -34.12464947 1107.51583867
v 169.01992876 -23.57947044 1260.88504019
v 177.34106322 -34.71369073 1238.43492081
v -216.94914497 -24.66424555 1116.65273664
v -183.92234300 -25.29079043 959.71310559
v -195.95623530 -27.35763372 949.41681524
v -193.71637744 -23.97114060 942.65481102
v -227.65377220 -10.27433805 1124.51349472
v 162.64998177 -61.68003463 1193.56401239
v 283.53356574 -19.88289790 671.46255818
v -208.69273231 -27.60661483 1161.25177377
v 241.55128786 22.29465708 1099.36966515
v -212.68100325 -17.64382787 1178.24166991
v 142.86151702 44.17973536 424.05547718
v 138.14871050 51.29096123 449.27967035
v -214.81828671 -4.29554266 1189.17580459
v -204.08269159 -26.03287616 1188.57137975
v 137.22498844 33.09745965 70.67429105
v 238.61974539 28.68134764 1103.76810151
v -172.16494386 -37.63841185 1228.06250434
v -193.33139721 74.59947090 1140.33155810
v -172.51997565 -30.57071809 1237.91601424
v 236.59479511 29.24975710 1090.19362226
v -195.81324154 3.39437531 1228.32402830
v 253.18018391 -59.68069283 792.86114849
v 253.87129929 -60.02263565 785.65174944
v -11.43735608 99.69631058 1250.19204436
v 182.05258360 82.39613490 1090.75012025
v 179.91718319 78.22274189 1071.81251597
v -192.62362446 10.54680274 1228.41955251
v -184.85107927 2.58218311 1243.85983669
v 150.28262164 22.50588646 221.07185350
v -179.52659064 9.53670073 1239.62256099
v 246.65449310 -55.26256716 795.73090895
v 287.31551755 -49.50463169 810.94890062
v 193.76734175 43.58973284 738.00585368
v 195.61069455 35.17908359 1223.71484374
v -148.41594354 9.57070951 1258.73503024
v -162.93789084 -54.84694811 1193.64233914
v -173.55663084 -47.26661641 1200.15317106
v 197.33552508 45.40899215 1210.20803322
v 179.37460175 63.94315087 1212.45084249
v 81.89747277 -7.77562569 4.04579185
v 85.06308390 32.58112046 4.08991518
v -142.42574344 70.46642985 1230.27455330
v 166.60519047 91.80115875 1179.23573248
v 195.18771146 74.20514236 1172.81781217
v 177.28120954 85.51158846 1171.31399515
v -126.04670091 74.08796569 1238.59028803
v 291.89823213 -84.64051299 674.12219061
v -153.42572839 -56.30992113 1205.40535217
v 118.02633008 68.29750922 452.46826432
v 127.70758275 64.37369089 428.34178517
v 154.52745377 99.39276353 1163.16601522
v -93.47808316 84.56456521 1246.49889098
v 151.24898728 35.79043858 502.99900156
v 281.49026432 -88.73866378 669.71658438
v -53.36349717 94.84125977 1238.08761644
v 237.21131145 30.88642192 998.35745707
v 286.10220721 -17.15859842 873.73235393
v 145.59279049 19.60845031 395.29435592
v 196.11130755 -32.64722779 1206.81866457
v 172.07151950 -50.23658007 1206.13071342
v -26.27273822 96.82484117 1245.34683019
v 317.80713265 -58.41033290 662.51329204
v 154.41358010 33.45905427 246.42758850
v 281.80402354 -35.56992492 868.23884198
v 124.20091062 -5.97832154 62.07448169
v 175.39298041 -54.99443679 1177.51007931
v 0.54708841 102.56838192 1220.37687546
v -17.98226244 102.41549704 1212.36876812
v -174.03979040 75.80812770 1058.80596056
v 124.32753069 118.66493418 678.82167687
v 244.32144485 18.66662140 1062.34786634
v 243.50187357 14.00238615 1069.09717833
v 121.48030052 103.33817114 654.37901713
v 112.63677952 116.87932542 665.21734159
v 155.67801192 76.69607935 1093.40931845
v 165.30433146 81.23988977 1105.72507092
v -29.14151827 105.74462842 1199.51739100
v 255.04998433 -1.39395700 785.78864730
v 95.14682619 109.17721121 1193.93215978
v -40.69684159 107.82146086 1166.77870945
v 241.92963101 -0.20893619 798.48833448
v 137.20042966 97.98103125 1103.64063200
v -6.61689843 106.58627065 1170.05159491
v 15.46453003 104.65752934 1172.91873181
v -33.13316247 110.40450549 1148.03708096
v 139.89645457 85.83140099 1091.28838790
v 242.78757106 -6.25980561 789.81937156
v -276.45434840 -33.99031535 887.52601365
v -275.99799510 -25.64124419 893.05636195
v 276.11374692 -25.02385554 709.32423858
v -169.09629531 -57.37451387 1162.35375551
v 73.73711652 71.63511397 116.98950798
v -270.59333451 -5.03940144 894.81525914
v 1.55795485 104.97627656 1191.93834187
v -264.77331870 -49.39086637 889.75907734
v -13.56009837 104.21642638 1202.88398460
v 128.24268187 82.89834377 593.81819105
v 139.85165882 75.83293389 587.18783380
v 141.25727791 55.74373441 13.23025845
v 130.29593136 76.50454906 17.54621224
v 131.58199430 92.92841429 631.39526754
v 138.86074431 92.87144918 648.78367039
v 271.64842510 -48.50651035 694.57039759
v -220.92565728 -47.08357903 932.15717887
v -235.33537341 -48.67314940 923.89501529
v 283.65718171 -64.86572877 647.19798222
v 167.80509877 -133.02519985 4.84201286
v 66.72036462 103.65310699 1225.02670199
v 57.19437965 28.45762658 197.68989483
v 152.73998699 -60.83338302 34.83657887
v 86.83134930 106.35662891 1209.18690198
v 218.14826755 -31.10281097 1096.94292944
v 66.80098375 109.16304248 1185.17756007
v 48.70796582 69.59729479 220.61517520
v 92.01417847 110.53044095 1180.66923071
v 292.24857360 -86.01432682 663.32543663
v 318.57892072 -81.11804197 701.17922397
v 319.49730294 -85.97737644 691.20007357
v 218.64114344 66.42591279 1111.39786333
v 101.44718864 112.43900887 1134.09900752
v 312.91725898 -86.93276301 697.91202247
v 121.13716653 109.87178544 1136.90865782
v 216.86971682 54.74006527 1158.32155688
v 307.13392311 -67.47927258 730.96069470
v 97.32486077 75.48544123 440.93818185
v 107.31764377 73.85076219 482.79952574
v 108.84301423 72.44512687 451.48136113
v 99.69805337 74.88311878 476.41077922
v 157.84756371 -56.32465923 1211.40180191
v 298.11208140 -38.49281916 802.59401021
v 138.57418397 -52.89825147 1229.38225138
v 129.99823560 -59.11467174 1218.56286006
v 109.30200225 101.36214653 206.71744364
v 92.08208678 98.61497765 196.70806932
v 298.84974674 -32.66669401 804.43849268
v 292.80849713 -29.56552774 817.61218126
v 163.11352484 83.56546034 1127.54529292
v 149.60950782 -34.02157398 1256.46938254
v -143.03079795 -47.08754209 1226.67488780
v 99.64242622 96.22367012 645.27565945
v 91.21216654 109.32802714 650.20988167
v 169.57258580 81.54091594 1110.25622841
v 170.58536033 -42.70526533 1227.10023008
v 79.44090189 117.71814217 660.53331610
v 163.71326626 74.17406015 1086.70080843
v -266.56945880 -73.46626420 733.84609167
v 87.16173439 -10.11082147 56.08850902
v 83.84378814 -18.78202071 40.10409360
v 142.90121739 20.21926742 157.09571542
v -196.85713788 -12.91923299 888.11215833
v -205.76319930 -12.44360598 863.14506301
v 82.51610370 4.58934491 174.96841996
v 87.82807596 3.33066458 155.49128786
v 99.40219236 -0.63599173 162.34004449
v 80.62240680 -2.64608624 10.72800943
v -279.55030415 -109.27424966 693.41595649
v -258.03867901 11.61506737 901.99225670
v -248.42327408 19.74171926 898.27856352
v -273.35919307 -49.13436944 670.55890177
v -278.45732441 -58.84745439 680.01432548
v -279.55519922 -28.28284617 704.20356680
v -280.22372348 -101.45303548 683.96581812
v 89.70189438 45.83204519 0.71583293
v 109.70087014 -64.76654803 41.74560439
v 121.46012493 -70.79868872 39.30568522
v -254.81048354 -60.77464959 775.17089559
v 103.62581860 -25.54406671 57.14627670
v 55.71354651 18.85655804 214.58861124
v 48.61960087 39.16753997 203.74472134
v 62.77648711 16.78919334 203.79134893
v 156.69061808 -43.23334805 1239.72509707
v 62.00795431 8.31339290 222.57059716
v -288.29745703 -88.71202971 679.49574000
v -286.57120116 -81.76728324 681.71622130
v -278.88667881 -85.58935451 689.42529955
v 157.35542506 34.72653966 262.87413917
v 145.64007424 35.66419660 143.33334549
v 204.00785670 75.02861516 1143.26807562
v -249.23368026 -7.42437410 782.47961442
v 97.32364736 -17.24274466 329.92433793
v -293.93230861 -111.30769235 692.75788453
v 213.55842330 62.54830859 1152.81368328
v 131.79688927 78.53030506 372.36145070
v -243.34520591 2.75537067 1012.24477424
v -240.61257483 8.40165148 1026.16103237
v -235.30536456 26.65520199 1076.14664443
v -250.98343261 3.15076659 959.95413306
v 276.84731994 -72.44151467 651.76342315
v 118.78330823 78.69500049 0.20835104
v 97.63430557 78.38295181 3.44444626
v 99.34339872 85.31176085 17.16707742
v -291.42964776 -33.36452361 814.34603829
v -295.10025982 -41.71704912 801.66526841
v 75.60386870 21.12767848 58.43411372
v -292.31682475 -67.67371340 774.81412191
v 113.92862919 73.94501386 426.78608102
v 87.22786273 -36.57588983 33.98475858
v 156.95696708 53.63863983 319.54568140
v 86.29644121 110.62777984 278.92071365
v -217.03150110 26.72446178 1168.77234884
v -229.35876387 43.91392579 1070.92128385
v 84.01262390 42.46086227 17.03353274
v 104.36475047 83.38691353 98.41497579
v -332.06447738 -95.08770377 682.23411736
v -324.92863524 -96.15135675 658.12606063
v -319.21886773 -103.46502192 657.69148397
v -245.98622544 -39.80714862 778.47337529
v -286.46972739 -109.46318296 641.71851084
v -286.87071254 -100.20113331 650.85599666
v -287.48502463 -108.39354278 667.03026782
v -287.55343191 -110.28647300 654.54378971
v -294.17909144 -113.37185423 643.66991926
v 94.77136675 128.60086113 679.31211464
v -253.48601266 -64.90364050 822.98864555
v -269.09547577 -66.10914685 815.14253724
v -255.38266486 -61.11142560 839.59231432
v 113.58141252 85.94360999 127.05474611
v -188.11818974 24.82455832 915.29242696
v -178.01425942 -9.50761829 944.29798232
v -213.58834074 27.53376900 876.16722300
v 173.75827590 -68.58991503 9.06027691
v 170.52691590 -57.11625450 12.22467679
v 161.20832427 -101.63296908 17.40984535
v 147.56909761 -119.15768018 16.65751772
v 94.62184568 -140.27846069 6.15032284
v 84.30856348 -121.54649788 5.17063949
v -225.26705618 49.33006469 1050.51262471
v 64.98753408 -0.28968539 256.79411464
v 80.82388318 -105.81601586 2.90592345
v -240.32356273 1.39525754 1024.80939778
v 163.23419740 -21.38563790 4.16742576
v 89.76339540 93.43221726 354.20798254
v 158.54042164 -28.77305743 16.19923783
v -250.44171183 -13.46777730 983.87526466
v -183.99434153 -43.90064662 1163.48650442
v -271.78588869 -42.30068707 889.81581842
v 114.87456647 88.69164196 608.08707982
v 138.09724106 82.06502818 608.87153780
v -264.27273097 6.05981752 894.43145018
v 174.80064584 -93.25242073 12.43137132
v -171.81201962 34.64208482 950.36642003
v -173.18975009 -12.24825465 955.64448055
v 240.15325954 -54.97872248 821.23509281
v -240.22855647 14.28980163 955.39951587
v 52.58689418 39.42448363 189.27805055
v 175.24264384 -108.89611131 5.84201757
v -232.92065323 29.32891424 1121.89579103
v 99.88526482 85.47945209 38.86058476
v 190.50653824 63.10097109 678.00011443
v 107.79580272 -15.58588565 342.24865456
v 122.76405119 -13.89063949 322.79697910
v 147.62630468 -85.76699556 28.20519750
v 282.69510596 -26.16052280 662.82204830
v -176.63437804 -18.73276805 965.34940838
v 150.71283470 25.75980876 459.27682177
v 154.45572113 11.86630982 479.62630550
v 131.34321679 48.54320438 62.04853125
v 317.96026312 -72.85212387 670.42159303
v -197.21651631 75.45912810 1129.58461253
v -10.84769791 74.26613435 1299.88317475
v 213.54041940 20.02232269 863.79223044
v -178.71945247 -47.11443121 1177.52990621
v 136.62854760 53.16398878 462.49144058
v 84.01799332 -30.56349250 1.58479227
v 77.60621372 46.37075439 45.80922825
v 142.27551692 12.71032982 34.64378871
v 124.15517374 -10.02073524 370.15295675
v 144.73823309 78.01859358 342.75689410
v 125.31910609 103.50024059 272.65893997
v 127.01860575 102.72867967 259.23595988
v -231.81377141 -23.07217642 793.12541446
v 65.66051777 39.86734442 112.25692202
v -228.43944633 -23.44890150 816.27864336
v -218.84758805 -8.63763576 824.01638604
v -208.91699533 -6.86143249 840.14891312
v -215.60525317 19.29437999 848.05717972
v -221.98510373 14.82373784 838.69017030
v 300.98282605 -32.45479353 787.80073229
v 131.00100240 -133.66565413 10.82768814
v 87.55624135 74.81817110 480.20316402
v 86.02177472 -31.29705110 19.96159155
v 94.73720413 116.85104412 659.19867055
v 78.64412874 95.30728831 197.54501302
v 103.46132581 108.03182325 242.36434970
v 233.88273247 1.54802561 810.00356392
v -280.46585833 -49.00994862 689.27279576
v -277.94932727 -41.45268869 691.47617809
v 258.31892148 -60.32517648 775.68244025
v -191.93811737 20.67815574 903.68228060
v -185.85862447 9.37286209 903.67220974
v -260.16135845 -23.83802864 941.00048937
v -303.43789678 -55.45264869 760.59451100
v -287.38732890 -27.64687146 753.32966252
v -222.07638968 -46.68360598 948.27474185
v -208.71812797 -43.05780949 936.43495959
v -226.06191333 -7.03843807 812.21612852
v -278.82140709 -10.78663376 824.47772903
v 148.55321407 -39.41282869 1096.40243212
v -306.58785860 -61.71043389 732.38728028
v 325.97274238 -52.93351376 709.75032486
v -217.95093914 -19.42041968 838.28620004
v -249.15721730 -61.12499195 796.98781199
v -236.39896259 -36.70029254 799.50197096
v -275.43631880 -59.83512683 825.19641125
v 289.86109581 -20.11840634 666.56389520
v -256.30682603 -40.07273288 928.26090704
v -267.53417690 -33.85466037 913.98848024
v -290.66629530 -25.08550099 700.55383699
v -301.40641007 -29.15734970 700.45392310
v -289.36829930 -28.75466796 715.66351667
v -321.08102825 -59.24832742 703.99263175
v -296.09785845 -37.00519445 655.32288487
v -236.27815123 -10.66343130 1021.93665185
v -288.46440623 -56.21216999 638.24563398
v -285.76707143 -58.64276565 641.92212548
v -245.09231699 -29.37889266 971.10967094
v -73.06486983 88.07083598 998.51274865
v 62.20215222 43.04808912 130.69011411
v 286.87088624 -5.11045600 782.91500208
v -150.19253344 7.43627780 1012.44155097
v -267.26466592 -67.97275356 720.71338335
v -311.99405229 -103.33108818 646.67494624
v -305.21241068 -96.97786627 639.11876278
v -269.69437836 -36.21208819 706.30863995
v -305.02689142 -50.15657845 722.47356222
v -298.57118729 -36.96969423 720.07148627
v -287.50859929 -29.61177614 731.14308002
v -302.47692994 -27.22336883 666.45092757
v -302.40855804 -25.02820974 679.23516012
v -326.70989604 -60.83932488 662.88710202
v -326.02350207 -53.78235417 669.02371571
v -310.38319882 -30.22698826 669.49874362
v -277.53218204 -42.13564938 679.27291810
v -272.95084617 -41.96317054 665.59733355
v -281.65527049 -74.17220770 683.88150492
v -95.62807255 72.85778505 1004.98460808
v -81.39845115 84.38901701 1005.47303827
v -273.99459751 -49.00597115 662.16665683
v -147.07918205 31.98919620 1012.40631790
v -285.77035397 -102.71756852 673.56121114
v 139.63913389 19.90475273 1280.52126252
v -315.92356910 -46.27505764 688.91069268
v -321.69372533 -48.05783051 676.51323254
v -161.32796573 -32.46592813 1241.65460930
v -91.53604512 81.55224760 981.55062352
v -64.24358110 94.02536126 986.72680389
v -304.23441877 -69.49938148 633.49413787
v -294.51144622 -70.94629876 633.35188730
v -231.00361760 38.92211061 993.87327130
v 111.88628006 -15.99840325 290.77946160
v 122.28946945 -12.90236011 281.29061723
v -223.76155003 -1.56132006 817.63918181
v 191.64458267 61.71090640 704.19672824
v 125.13019856 -76.33553385 1172.06303077
v -235.73401204 28.74264251 1007.12701785
v -105.79676437 76.78738782 1017.31692047
v -110.26637489 76.47485540 1025.29093484
v -283.77029413 -60.83671094 652.10885628
v -282.66027413 -49.97242876 644.60784114
v -288.22623856 -92.80077316 667.32375968
v -149.47188299 42.02946776 1022.86948802
v -150.35607077 42.03046609 1011.28164047
v -90.01216227 -104.76437809 1157.16620590
v -107.32127872 84.33910191 1054.78940998
v -267.65453267 -29.41867913 728.12832425
v -84.38176167 90.23937388 1018.67770346
v -290.04148808 -66.15412388 636.14554691
v -104.61754908 72.48728121 973.92431126
v -141.46621247 68.85247578 148.90633921
v 90.03142404 93.42578749 1089.21618530
v 78.27040944 -83.35260375 2.97583946
v -157.90610601 45.61896190 344.07138150
v -155.86059451 59.54475013 329.23129037
v -161.97666697 48.25706799 317.11139393
v 90.48181944 -39.17279621 41.05425947
v 78.97231885 12.52559506 91.95138844
v 136.70189905 6.38863137 193.90389329
v -300.80136018 -102.16465387 672.39367628
v -294.56122600 -114.19095315 669.18605240
v 142.00303235 14.57881862 44.53542668
v 158.62728004 45.00231805 283.87939479
v -291.36567554 -82.72453627 643.39316450
v -288.75110905 -82.63738956 663.25434391
v 66.75917168 61.04905297 120.58027365
v -310.97437460 -29.58124091 677.00430965
v 143.72617902 12.95936652 201.84460677
v 140.25862647 32.38646758 103.53690705
v -310.17632555 -38.65221192 693.06297095
v 92.86078003 79.21854251 18.61564404
v -82.32182255 91.87657881 255.51615031
v 113.60469083 1.99280740 108.18805051
v 149.16588579 -39.80787733 1109.39776089
v 95.95817022 84.10290534 105.14303377
v 88.16155838 3.91717519 139.27910742
v 138.01270454 72.33572369 373.41064192
v 48.79459906 87.64995636 281.78627872
v 61.91087777 97.22772231 304.71049369
v 58.96952949 97.72741618 283.74984540
v 58.14619675 95.39394587 267.37800863
v -154.76815861 55.27966502 154.41968997
v -159.95907013 36.50876777 142.74202522
v -167.90462451 29.20105274 227.23554844
v -164.45960981 20.36428138 214.94639283
v 168.95406129 -64.22753409 0.60160358
v 167.04175698 -50.75562594 0.62958854
v -221.54731115 6.74184940 826.74272635
v 57.63732968 5.87088236 253.56272169
v 160.73039127 -40.53822380 16.45397972
v 82.69075036 103.89543979 309.73328562
v 102.43588060 -6.34553445 209.14269247
v 130.80903740 67.97284620 394.16040046
v -20.55851037 -21.74039891 435.53199861
v 120.41437933 86.53953599 16.22561890
v 78.56234173 78.11088076 389.50604261
v 124.53180156 -8.55325929 351.23300258
v -274.39659485 -4.93866230 875.87152502
v -116.99620806 56.85542351 1010.34345219
v 37.08260750 63.71292675 288.95341674
v 51.73764234 18.84350307 235.05448565
v -93.67043095 -121.20203323 1105.74062312
v 147.35990888 16.88563551 415.69027640
v 147.50020129 37.35090792 451.13830798
v 148.77552354 32.91137581 470.35481411
v 119.91202456 68.20468600 476.64295233
v 80.76616968 -37.29632577 4.28749447
v 65.99206264 126.59580141 672.77978045
v -7.68884871 -52.20034083 522.87353368
v 147.31877287 89.41346742 636.27470900
v -198.08510042 -30.63650049 956.97637648
v 87.17210966 90.55253199 635.41364153
v 99.87943883 93.78783280 626.28749151
v 97.99354524 91.58404698 152.56148765
v 81.90758119 86.59999767 148.75215527
v 84.14812713 93.86460042 643.53741728
v 107.19129842 89.82248728 137.92768282
v -158.94225122 22.44328583 104.62682750
v 48.19792796 32.13721206 214.30628758
v 40.70518851 66.77990874 249.26701443
v -126.38652593 -0.14210345 1004.92276492
v 86.42130978 69.41071070 31.69347483
v 164.68830272 -34.89190384 0.44635629
v 89.85582948 36.53650008 1.18396236
v -151.61462387 62.50779899 164.91679899
v -21.11079290 -129.62595587 822.81795445
v -8.13204218 -26.09518973 483.07649025
v -6.76060651 -36.48685223 508.73759924
v 86.95590089 85.51040535 371.11487080
v 35.16807999 51.22947396 281.97717199
v 7.49892920 -120.45674623 756.48749842
v 0.49967822 -128.59623612 780.06310425
v -27.31161622 -124.09100927 759.06394158
v -138.70099301 83.97224952 690.83097973
v 181.04383685 71.34558303 663.48447954
v 192.60749490 49.03764213 651.46958938
v 183.36970436 32.51325286 613.93470180
v 172.24799535 50.17443737 605.07467074
v 177.26164422 59.01784314 627.23200586
v -79.70492080 64.50119214 594.73435446
v 58.86046806 -111.73889744 743.01005658
v 57.82896627 -105.15938092 728.67422851
v 30.22198214 -121.80565211 768.84157946
v 32.78294561 -118.35002586 757.17324139
v 126.81301362 65.45768886 946.32685705
v -138.65353959 60.07880180 651.20534530
v 23.99612255 42.60319399 439.14264104
v 157.67736218 86.02477858 642.73817675
v 167.47009228 82.38728243 657.41370260
v 176.10995761 73.57637945 651.04340310
v -163.91800893 51.15175206 279.61430077
v -166.61982547 39.46770373 274.24464510
v -161.12644931 52.88951596 305.96116722
v 148.17535302 -89.61485423 607.01421827
v -166.24700201 45.07172120 246.59205045
v -163.65218385 56.89809786 257.96323043
v -160.88269495 60.41521560 240.59026828
v 34.39078298 44.30722067 308.04589307
v 35.82184640 58.65070322 324.21705771
v 35.98659067 31.77588373 314.21671087
v -151.71624075 24.57113027 379.13880729
v -148.64476584 13.36930952 372.47433029
v -167.33122629 26.09039192 279.15803879
v -167.46025697 23.11426641 255.47901795
v -30.75341136 -127.85394627 771.64862876
v -157.91784253 58.41513722 179.64940074
v -152.00157420 69.89355728 204.57295670
v -147.29838547 70.18656690 179.79284045
v -31.76976378 -123.53014463 749.72850634
v -16.62044527 -120.63952733 742.86683888
v -139.15133375 72.91841991 166.44171588
v -130.86233194 74.50959978 160.89819753
v -41.99675894 -121.03140180 744.36988205
v -30.82836322 -118.54389267 732.07316560
v -139.38151920 78.32578831 195.10872447
v -146.05289512 79.72906096 223.60755899
v -135.33191656 84.30312218 210.40193206
v -78.95417845 -62.01170606 403.05250092
v -47.12923339 -119.79523464 705.83548706
v -49.66839707 -119.33467394 678.66784949
v -158.17784309 64.20347404 219.41568742
v 160.74081444 44.81903828 567.99092110
v 149.11150989 62.56169957 571.34013687
v -105.71291747 67.39109816 131.35138914
v 161.22766504 55.84878537 584.40212628
v 172.37522269 38.75799658 589.15679736
v -96.34587142 70.07437718 163.28833423
v 187.26153517 47.62932343 634.66193180
v 193.01659296 31.76614098 641.19253305
v 200.81221724 22.54943063 663.14294289
v 17.99461256 -122.94950597 898.46273140
v 162.61716298 70.71486557 617.37255174
v -145.28496298 1.00418649 370.21480444
v -150.91500732 4.89190615 353.37146046
v -137.08346435 56.56360190 645.80643490
v -10.72443061 -123.65469109 878.11747954
v 7.72517672 -122.78072723 875.51975424
v 158.45949478 66.54553808 603.36753466
v -159.66616591 12.84954317 93.60929378
v 8.61958961 -126.23343730 852.82837220
v -17.91713126 -127.22212442 843.65259194
v -9.94945294 -131.28789270 831.15596718
v -163.58241045 16.82650541 317.07501106
v -162.89589600 34.87281363 321.52803896
v -165.03450795 25.20323536 303.23225816
v 172.69662195 30.31017218 582.11471206
v 150.96339188 67.19546891 585.47798377
v -153.44516786 -2.81151830 331.26635835
v -150.41375549 33.51305959 381.85089729
v -105.59490369 -17.94041819 60.38570454
v 145.13067287 111.87471121 703.44914421
v -144.93650755 -84.90771624 42.31060571
v -147.30334735 54.84828349 365.83766580
v -148.72963986 43.01045628 377.65170561
v -131.99747648 55.88465778 392.19266997
v 14.94400719 -127.98981718 776.93043500
v -150.08595632 77.13139336 300.90262055
v -142.81263048 77.01760456 324.19244200
v -139.52580349 85.44115229 306.47407266
v -132.99156258 91.87681509 283.41879257
v -143.94075094 84.97646273 279.94310392
v -149.58663101 66.68464953 334.57911409
v -21.99246655 -125.87254762 859.20895028
v -157.14425934 66.50666168 299.39416597
v -166.91007688 34.46137893 301.39132936
v 15.56274862 -130.96255245 806.64777007
v -168.17137269 35.90823658 242.29119623
v 37.44210154 -125.06825311 785.65512491
v -144.00335652 -15.04191514 334.21077540
v -136.84653306 86.62834857 230.71127127
v -144.47860338 83.45443551 250.85867255
v -134.39760610 89.75131423 255.75283356
v -119.31972526 63.48445137 391.83523296
v -98.98627476 69.31609179 147.43326333
v -164.30695417 52.04163659 224.50525590
v -17.23579302 -60.46831739 1229.99476545
v -151.65469717 76.95024877 252.32128422
v -167.15400740 35.20372917 198.57382397
v -161.72511475 49.27624998 182.77916403
v 21.37777340 -118.72733048 744.05380207
v 38.13167936 -112.02718959 734.93762157
v -167.05943424 28.94861165 204.62068769
v 6.13429459 -118.88883383 741.39480406
v 126.80342781 -96.16937311 1068.77126380
v 17.62503962 -43.76279407 582.11975602
v -14.17676787 -50.26739780 500.45767687
v 16.54179817 -53.11063833 605.41126511
v -32.45564204 41.96971622 461.34032067
v -40.13459741 50.63807922 446.19327056
v 143.77719185 24.12467144 946.87305143
v -20.86898823 49.85182882 638.22503385
v -72.77633453 -98.88239268 503.55009648
v -118.06134209 -84.54213386 865.91029720
v -61.23253493 -116.53194475 935.86813219
v -159.26936580 13.85416217 106.99747104
v 59.90880380 -7.00936603 333.43680764
v 153.12762250 -79.71625153 582.25734667
v 17.95035349 -57.54026827 639.32784440
v 17.78187686 -58.62883046 627.63696556
v 28.73926374 51.57981257 425.49775443
v 22.72040351 -64.74773023 655.40979437
v 18.29435250 -61.70691733 656.85669776
v 28.80865865 47.91668663 457.72936458
v 43.10530043 59.72820321 469.01626452
v 36.12449292 54.12398297 483.67099215
v 23.72620553 40.31918963 482.87089814
v -26.70008553 -75.98951960 511.45171910
v 11.67802140 -62.27677178 661.66600423
v 39.22458401 70.05360436 644.32592235
v 39.64934173 79.09271127 648.55133679
v -158.79957410 66.98141744 258.61041259
v -158.96200075 24.04715753 350.65259283
v -158.84231584 17.20731093 345.10172137
v -117.74654255 63.29358844 62.36151828
v -160.72431937 38.92307836 159.93840559
v 20.42163184 -128.07590224 794.24742716
v 34.50467273 -44.30305249 485.54312268
f 31 11 32
f 31 32 36
f 31 36 44
f 31 44 45
f 45 12 31
f 12 45 61
f 61 67 12
f 12 67 10
f 10 11 12
f 10 76 11
f 11 76 81
f 81 76 82
f 81 82 90
f 90 96 81
f 102 81 96
f 81 102 32
f 111 32 102
f 118 111 102
f 118 102 90
f 90 126 118
f 131 118 126
f 126 138 131
f 143 131 138
f 138 150 143
f 159 143 150
f 150 163 159
f 159 163 169
f 159 169 173
f 173 182 159
f 187 159 182
f 182 190 187
f 111 187 190
f 187 111 131
f 205 190 182
f 190 205 222
f 222 32 190
f 205 238 222
f 222 238 245
f 222 245 257
f 36 222 257
f 257 245 280
f 257 280 287
f 287 44 257
f 287 61 44
f 61 287 303
f 303 313 61
f 322 313 303
f 326 322 303
f 332 326 303
f 303 342 332
f 332 342 353
f 332 353 357
f 332 357 364
f 369 332 364
f 378 369 364
f 364 387 378
f 397 378 387
f 404 397 387
f 404 387 408
f 404 408 412
f 420 404 412
f 420 412 425
f 420 425 23
f 22 420 23
f 22 23 24
f 441 22 24
f 441 24 448
f 449 441 448
f 449 448 460
f 460 467 449
f 476 449 467
f 467 483 476
f 476 483 495
f 476 495 498
f 476 498 507
f 508 476 507
f 518 508 507
f 518 507 524
f 524 533 518
f 536 518 533
f 547 536 533
f 533 554 547
f 554 568 547
f 568 572 547
f 547 572 579
f 547 579 586
f 579 597 586
f 603 586 597
f 611 603 597
f 611 420 603
f 611 617 420
f 617 611 626
f 640 617 626
f 640 626 649
f 640 649 397
f 649 626 652
f 652 662 649
f 649 662 666
f 378 649 666
f 666 672 378
f 666 680 672
f 672 680 685
f 690 672 685
f 685 326 690
f 369 672 690
f 322 685 680
f 680 707 322
f 662 707 680
f 662 714 707
f 707 714 718
f 707 718 722
f 707 722 313
f 729 313 722
f 722 736 729
f 736 10 729
f 736 741 10
f 745 741 736
f 718 745 736
f 753 745 718
f 745 753 760
f 760 768 745
f 768 772 745
f 779 772 768
f 768 783 779
f 779 783 791
f 791 795 779
f 795 791 797
f 797 800 795
f 795 800 807
f 807 76 795
f 772 795 76
f 76 741 772
f 800 832 807
f 841 807 832
f 832 843 841
f 843 852 841
f 857 841 852
f 852 862 857
f 857 862 288
f 877 857 288
f 288 796 877
f 877 796 889
f 889 890 877
f 890 895 877
f 895 890 901
f 82 895 901
f 895 82 841
f 901 890 914
f 90 901 914
f 890 922 914
f 928 914 922
f 928 922 932
f 932 937 928
f 937 942 928
f 928 942 150
f 150 954 928
f 942 957 150
f 965 957 942
f 475 965 942
f 965 475 971
f 475 976 971
f 980 971 976
f 980 976 15
f 15 525 980
f 525 559 980
f 980 559 1006
f 980 1006 1009
f 1009 1014 980
f 1014 1009 1019
f 1014 1019 1030
f 957 1014 1030
f 1045 957 1030
f 1051 1045 1030
f 1030 1063 1051
f 1051 1063 1064
f 1064 1072 1051
f 1051 1072 1077
f 1051 1077 1080
f 1077 1083 1080
f 1080 1083 1092
f 169 1080 1092
f 1092 1101 169
f 1045 1080 169
f 1092 1083 1101
f 1101 1083 1117
f 1123 1101 1117
f 1117 1127 1123
f 1134 1123 1127
f 1134 1127 1138
f 1145 1134 1138
f 1145 1138 1146
f 1154 1145 1146
f 1158 1154 1146
f 1158 1146 1170
f 1170 1172 1158
f 1172 1178 1158
f 342 1158 1178
f 1178 1172 1189
f 1195 1178 1189
f 1200 1195 1189
f 1200 1189 1204
f 1212 1200 1204
f 1212 1204 1215
f 1212 1215 387
f 387 1215 1230
f 387 1230 1237
f 1237 1230 1238
f 1237 1238 1245
f 1237 1245 425
f 408 1237 425
f 425 1245 1256
f 425 1256 1270
f 425 1270 1272
f 1277 1272 1270
f 1272 1277 1288
f 1288 1293 1272
f 23 1272 1293
f 1293 1288 1303
f 1293 1303 1309
f 1309 1324 1293
f 1328 1293 1324
f 1328 1324 1337
f 1337 1338 1328
f 460 1328 1338
f 1337 1349 1338
f 1349 467 1338
f 1337 1358 1349
f 1358 1368 1349
f 1368 1372 1349
f 1349 1372 483
f 483 1372 1377
f 1377 1372 1380
f 1386 1377 1380
f 1380 1391 1386
f 1391 1394 1386
f 1394 498 1386
f 1394 1070 498
f 958 1070 1394
f 1408 958 1394
f 1414 958 1408
f 1408 1420 1414
f 1420 1422 1414
f 1425 1414 1422
f 1425 1422 1431
f 1352 1425 1431
f 1431 1435 1352
f 1441 1352 1435
f 1435 1444 1441
f 1441 1444 1450
f 1350 1441 1450
f 1457 1350 1450
f 1457 1450 1466
f 1469 1457 1466
f 1466 1476 1469
f 1476 894 1469
f 1469 894 893
f 822 893 894
f 822 894 861
f 861 209 822
f 822 209 820
f 820 821 822
f 882 822 821
f 821 881 882
f 882 881 931
f 882 931 902
f 902 893 882
f 870 893 902
f 902 871 870
f 869 870 871
f 918 869 871
f 918 871 919
f 919 966 918
f 918 966 967
f 967 941 918
f 918 941 909
f 941 910 909
f 909 910 911
f 958 909 911
f 909 958 959
f 869 909 959
f 959 1351 869
f 1351 959 1352
f 1350 1351 1352
f 1350 870 1351
f 911 910 949
f 949 1026 911
f 1026 1071 911
f 1070 911 1071
f 507 1070 1071
f 524 1071 1026
f 989 524 1026
f 524 989 991
f 989 990 991
f 1055 991 990
f 1054 1055 990
f 1054 990 1112
f 1112 1078 1054
f 1079 1054 1078
f 1078 1036 1079
f 808 1079 1036
f 1036 1037 808
f 1037 1097 808
f 1096 808 1097
f 1096 1097 1147
f 1122 1096 1147
f 1122 1147 856
f 1088 1122 856
f 1088 856 578
f 850 1088 578
f 578 1139 850
f 1139 1140 850
f 850 1140 851
f 850 851 810
f 809 850 810
f 808 809 810
f 808 810 1131
f 835 808 1131
f 835 1131 833
f 833 834 835
f 835 834 1079
f 1210 834 833
f 833 1211 1210
f 1054 1210 1211
f 1211 1175 1054
f 1174 1054 1175
f 1175 1231 1174
f 1055 1174 1231
f 1055 1231 1292
f 1251 1055 1292
f 1251 1292 1252
f 1251 1252 568
f 568 1252 1217
f 1217 1218 568
f 1217 1273 1218
f 1273 1274 1218
f 572 1218 1274
f 1274 1273 1301
f 1274 1301 626
f 1301 1264 626
f 1301 1265 1264
f 1264 1265 1266
f 1264 1266 652
f 1266 1331 652
f 1266 1608 1331
f 714 1331 1608
f 753 714 1608
f 1314 753 1608
f 1313 753 1314
f 1313 1314 1315
f 1315 1630 1313
f 1364 1313 1630
f 1364 1630 1412
f 1412 1413 1364
f 1364 1413 1389
f 1364 1389 1390
f 1364 1390 1362
f 1362 1363 1364
f 1404 1364 1363
f 1404 1363 1405
f 1405 768 1404
f 1405 1363 1398
f 1398 783 1405
f 1421 783 1398
f 1400 1421 1398
f 1398 1399 1400
f 1400 1399 1432
f 1432 1433 1400
f 1433 1432 1477
f 1452 1433 1477
f 1477 1453 1452
f 1452 1453 1429
f 1429 1421 1452
f 791 1421 1429
f 1199 1429 1453
f 1199 1453 1470
f 1470 1163 1199
f 1199 1163 1162
f 1199 1162 843
f 1162 1163 1164
f 1162 1164 862
f 862 1164 1186
f 1186 1185 862
f 405 1185 1186
f 405 1186 1665
f 405 1665 406
f 50 405 406
f 50 406 51
f 49 50 51
f 429 49 51
f 49 429 389
f 388 49 389
f 388 389 37
f 39 388 37
f 37 38 39
f 89 39 38
f 65 89 38
f 66 65 38
f 65 66 26
f 25 65 26
f 25 26 27
f 77 25 27
f 77 27 78
f 130 77 78
f 97 130 78
f 97 78 98
f 3 97 98
f 3 98 1
f 1 2 3
f 3 2 119
f 3 119 120
f 120 142 3
f 142 120 105
f 142 105 141
f 141 97 142
f 107 141 105
f 105 106 107
f 107 106 25
f 105 1705 106
f 65 106 1705
f 141 107 130
f 120 1705 105
f 1705 120 119
f 119 1719 1705
f 1705 1719 89
f 89 1719 212
f 89 212 213
f 212 49 213
f 212 255 49
f 255 196 49
f 255 256 196
f 256 197 196
f 196 197 198
f 196 198 50
f 197 288 198
f 198 288 1185
f 317 197 256
f 317 256 318
f 272 317 318
f 318 270 272
f 270 271 272
f 344 272 271
f 271 343 344
f 343 419 344
f 329 344 419
f 419 376 329
f 376 377 329
f 377 327 329
f 327 328 329
f 328 327 761
f 328 761 775
f 775 453 328
f 453 344 328
f 317 453 775
f 796 775 761
f 197 775 796
f 443 761 327
f 327 444 443
f 442 443 444
f 444 474 442
f 442 474 475
f 442 475 937
f 474 15 475
f 15 474 13
f 13 14 15
f 14 13 503
f 502 14 503
f 503 576 502
f 526 502 576
f 526 576 484
f 525 526 484
f 486 525 484
f 484 485 486
f 485 558 486
f 558 559 486
f 559 558 636
f 593 636 558
f 558 594 593
f 164 593 594
f 594 537 164
f 537 538 164
f 538 165 164
f 164 165 166
f 676 166 165
f 676 165 188
f 152 676 188
f 152 188 189
f 152 189 153
f 151 152 153
f 151 153 78
f 78 667 151
f 658 151 667
f 659 658 667
f 659 667 689
f 66 659 689
f 66 37 659
f 37 658 659
f 37 704 658
f 704 705 658
f 705 704 406
f 429 406 704
f 658 705 151
f 689 667 78
f 153 576 78
f 695 78 576
f 738 695 576
f 737 738 576
f 738 737 790
f 376 738 790
f 790 737 13
f 695 738 419
f 419 725 695
f 724 695 725
f 270 724 725
f 270 1739 724
f 724 1739 1817
f 1739 1 1817
f 2 1739 270
f 2 270 1743
f 1817 695 724
f 695 1817 78
f 153 1747 576
f 1747 1748 576
f 1748 1827 576
f 1748 538 1827
f 1748 1747 188
f 705 152 151
f 152 705 1830
f 152 1830 1671
f 1671 1670 152
f 1669 1670 1671
f 1835 1669 1671
f 1671 1673 1835
f 1665 1835 1673
f 1665 1673 705
f 1665 1678 1835
f 1669 1835 1678
f 1677 1669 1678
f 1186 1677 1678
f 1677 1844 1669
f 1683 1669 1844
f 1683 1844 1681
f 1681 1682 1683
f 1340 1683 1682
f 1682 1851 1340
f 1851 1341 1340
f 1339 1340 1341
f 1341 1858 1339
f 1263 1339 1858
f 1858 1261 1263
f 1261 1262 1263
f 1261 1867 1262
f 1867 1072 1262
f 1612 1262 1072
f 1612 1613 1262
f 1339 1262 1613
f 1613 1311 1339
f 1613 166 1311
f 1311 166 1312
f 1311 1312 1683
f 1312 1670 1683
f 676 1670 1312
f 166 1613 593
f 593 1613 1612
f 1712 1867 1261
f 1712 1261 1713
f 1711 1712 1713
f 1713 1727 1711
f 1905 1711 1727
f 1729 1905 1727
f 1727 1728 1729
f 1908 1729 1728
f 1908 1728 1731
f 1733 1908 1731
f 1731 1732 1733
f 1913 1733 1732
f 1802 1913 1732
f 1802 1732 1800
f 1800 1801 1802
f 1687 1801 1800
f 1806 1687 1800
f 1800 1807 1806
f 1688 1806 1807
f 1755 1688 1807
f 1755 1807 1925
f 1925 1811 1755
f 1810 1755 1811
f 1811 1929 1810
f 1516 1810 1929
f 1929 1815 1516
f 1516 1815 1816
f 1516 1816 1930
f 1930 1517 1516
f 1516 1517 1467
f 1467 1751 1516
f 1751 1526 1516
f 1468 1526 1751
f 1468 1048 1526
f 1048 1536 1526
f 1526 1536 1538
f 1526 1538 1810
f 1536 1537 1538
f 1538 1537 1755
f 1545 1537 1536
f 1545 1536 1546
f 1545 1546 1547
f 1547 1546 1760
f 1547 1760 1693
f 1687 1547 1693
f 1547 1687 1537
f 1537 1687 1688
f 1693 1760 1943
f 1693 1943 1944
f 1944 1694 1693
f 1692 1693 1694
f 1692 1694 1699
f 1699 1698 1692
f 1698 1733 1692
f 1698 1699 1700
f 1949 1698 1700
f 1950 1949 1700
f 1704 1950 1700
f 1703 1704 1700
f 1700 1952 1703
f 1703 1952 1170
f 1952 1782 1170
f 1170 1782 1783
f 1783 1782 1958
f 1958 1959 1783
f 1959 1787 1783
f 1189 1783 1787
f 1787 1962 1189
f 1962 1787 1792
f 1791 1962 1792
f 1791 1792 204
f 204 1238 1791
f 1238 204 999
f 999 1796 1238
f 1796 999 1498
f 1256 1796 1498
f 1256 1498 1288
f 1288 1498 243
f 1288 243 1976
f 1288 1976 1502
f 1502 1976 242
f 242 1501 1502
f 1983 1502 1501
f 1983 1501 1507
f 1506 1983 1507
f 1506 1507 1508
f 1986 1506 1508
f 1508 1511 1986
f 1337 1986 1511
f 1511 1508 1512
f 1512 1993 1511
f 1639 1511 1993
f 1993 1637 1639
f 1637 1638 1639
f 1639 1638 1372
f 1638 1637 1643
f 1380 1638 1643
f 1643 1644 1380
f 1644 1643 2001
f 1646 1644 2001
f 1646 2001 1647
f 1496 1646 1647
f 2005 1496 1647
f 1647 1651 2005
f 1550 2005 1651
f 1651 1652 1550
f 1652 2010 1550
f 1550 2010 2011
f 1550 2011 1551
f 1549 1550 1551
f 1549 1551 1558
f 2013 1549 1558
f 1489 2013 1558
f 1557 1489 1558
f 1557 1558 1003
f 1557 1003 2019
f 2019 1566 1557
f 1566 1567 1557
f 1775 1557 1567
f 1484 1775 1567
f 1567 1571 1484
f 1484 1571 1572
f 1484 1572 1602
f 1484 1602 1596
f 1484 1596 1485
f 1483 1484 1485
f 1485 1489 1483
f 1483 1489 1493
f 1775 1493 1489
f 1489 1485 1490
f 1485 2028 1490
f 2005 1490 2028
f 1490 2005 2013
f 1484 1483 1493
f 1485 1596 2028
f 2028 1596 1497
f 1497 1496 2028
f 1495 1496 1497
f 1497 1431 1495
f 1497 1596 1595
f 1435 1497 1595
f 1594 1595 1596
f 1595 1594 1444
f 1604 1444 1594
f 1594 1602 1604
f 1602 1603 1604
f 1604 1603 1614
f 1604 1614 2053
f 1466 2053 1614
f 1614 1615 1466
f 2055 1615 1614
f 1615 2055 2057
f 2057 763 1615
f 763 777 1615
f 1615 777 2063
f 2063 1476 1615
f 2063 776 1476
f 776 861 1476
f 776 2071 861
f 2071 1717 861
f 2071 1716 1717
f 1716 1038 1717
f 1717 1038 660
f 1717 660 210
f 210 209 1717
f 209 210 211
f 252 211 210
f 252 210 669
f 252 669 253
f 252 253 254
f 820 252 254
f 820 254 1653
f 254 1654 1653
f 1653 1654 1366
f 1653 1366 1660
f 1660 881 1653
f 881 1660 1659
f 1658 1659 1660
f 1660 1434 1658
f 1658 1434 487
f 1658 487 1582
f 1582 1661 1658
f 1663 1658 1661
f 1661 966 1663
f 1661 1583 966
f 1658 1663 1664
f 902 1664 1663
f 919 902 1663
f 1583 1661 1582
f 1582 1075 1583
f 967 1583 1075
f 1584 1075 1582
f 489 1584 1582
f 1584 489 1093
f 1093 1095 1584
f 1584 1095 1094
f 1588 1584 1094
f 1588 1094 1589
f 1592 1588 1589
f 1593 1592 1589
f 990 1593 1589
f 1591 1592 1593
f 1591 1593 989
f 949 1591 989
f 1591 1076 1592
f 941 1076 1591
f 941 1075 1076
f 1076 1075 1588
f 1076 1588 1592
f 1094 1112 1589
f 1093 1094 1095
f 1094 1093 1078
f 489 1115 1093
f 1036 1093 1115
f 1115 1116 1036
f 1115 1135 1116
f 1135 1137 1116
f 1037 1116 1137
f 1135 1136 1137
f 1136 806 1137
f 806 805 1137
f 805 1147 1137
f 804 805 806
f 804 806 837
f 837 829 804
f 829 831 804
f 829 830 831
f 830 577 831
f 831 577 855
f 831 855 805
f 855 856 805
f 855 577 856
f 830 879 577
f 878 577 879
f 878 879 880
f 880 2142 878
f 546 878 2142
f 2142 544 546
f 544 545 546
f 545 2147 546
f 546 2147 2151
f 546 2151 578
f 577 546 578
f 2151 610 578
f 2147 610 2151
f 2147 608 610
f 608 609 610
f 610 609 1139
f 609 638 1139
f 609 639 638
f 637 638 639
f 2172 637 639
f 608 2172 639
f 975 2172 608
f 608 974 975
f 975 974 2181
f 1000 975 2181
f 1000 2181 243
f 999 1000 243
f 203 1000 999
f 1157 1000 203
f 1018 1157 203
f 203 202 1018
f 2200 1018 202
f 1049 2200 202
f 202 1050 1049
f 1048 1049 1050
f 1050 202 1418
f 1050 1418 1417
f 1546 1050 1417
f 1417 1418 1419
f 1419 1760 1417
f 1760 1419 1959
f 1792 1419 1418
f 204 1418 202
f 1448 2200 1049
f 1448 1049 1468
f 1448 1468 1449
f 638 1448 1449
f 1140 638 1449
f 1140 1449 2219
f 1467 2219 1449
f 1467 1449 1468
f 1448 1018 2200
f 637 1018 1448
f 202 203 204
f 637 1157 1018
f 2172 1000 1157
f 244 243 2181
f 242 243 244
f 242 244 1184
f 1184 284 242
f 284 1184 285
f 284 285 286
f 284 286 311
f 2228 284 311
f 310 2228 311
f 310 311 312
f 1229 310 312
f 312 1735 1229
f 900 1229 1735
f 900 1735 898
f 898 899 900
f 2236 900 899
f 916 2236 899
f 916 899 917
f 915 916 917
f 917 2239 915
f 915 2239 935
f 935 585 915
f 585 935 936
f 2245 585 936
f 2246 2245 936
f 955 2246 936
f 955 936 956
f 955 956 2248
f 1348 955 2248
f 1348 2248 1114
f 1114 1347 1348
f 95 1348 1347
f 75 95 1347
f 75 1347 853
f 1371 75 853
f 853 2254 1371
f 1384 1371 2254
f 1384 2254 1385
f 1383 1384 1385
f 1383 1385 1403
f 1403 2261 1383
f 341 2261 1403
f 1403 117 341
f 665 341 117
f 116 665 117
f 115 116 117
f 115 117 653
f 115 653 135
f 137 115 135
f 135 136 137
f 137 136 162
f 136 2272 162
f 2272 160 162
f 160 161 162
f 161 2274 162
f 162 2274 185
f 162 185 115
f 185 186 115
f 2278 186 185
f 2278 663 186
f 186 663 665
f 663 664 665
f 684 664 663
f 684 663 2286
f 684 2286 682
f 682 683 684
f 683 2288 684
f 2288 683 701
f 703 2288 701
f 701 702 703
f 703 702 2293
f 703 2293 717
f 367 703 717
f 717 401 367
f 367 401 1271
f 1271 340 367
f 339 367 340
f 339 340 341
f 339 341 664
f 664 368 339
f 368 664 2288
f 367 339 368
f 341 340 1271
f 403 341 1271
f 1271 401 403
f 401 402 403
f 60 403 402
f 60 402 424
f 33 60 424
f 423 33 424
f 423 424 401
f 33 423 2306
f 33 2306 34
f 33 34 35
f 33 35 2310
f 2310 58 33
f 58 2310 59
f 58 59 60
f 60 59 2314
f 2314 59 74
f 2314 74 1371
f 74 59 75
f 94 59 2310
f 94 2310 2246
f 2246 95 94
f 94 95 59
f 35 2246 2310
f 551 2246 35
f 35 552 551
f 551 552 553
f 553 583 551
f 583 2245 551
f 583 553 584
f 583 584 585
f 584 2236 585
f 584 613 2236
f 2236 613 612
f 612 613 614
f 2335 612 614
f 2010 2335 614
f 647 2010 614
f 647 614 648
f 647 648 978
f 2011 647 978
f 2011 978 977
f 977 978 979
f 977 979 2349
f 1004 977 2349
f 2349 1005 1004
f 1003 1004 1005
f 1003 1005 2353
f 2353 1027 1003
f 1027 2353 1028
f 1027 1028 1029
f 1029 1062 1027
f 2019 1027 1062
f 1062 1029 1060
f 1060 1061 1062
f 440 1062 1061
f 1061 735 440
f 734 440 735
f 733 734 735
f 2371 734 733
f 2371 733 748
f 749 2371 748
f 748 702 749
f 748 2378 702
f 2371 749 770
f 2371 770 769
f 769 770 771
f 771 2380 769
f 2380 2383 769
f 769 2383 794
f 769 794 734
f 794 438 734
f 794 464 438
f 438 464 439
f 438 439 440
f 1566 440 439
f 439 466 1566
f 464 466 439
f 464 465 466
f 465 1571 466
f 464 496 465
f 496 1572 465
f 496 464 497
f 496 497 523
f 523 1603 496
f 1603 523 2055
f 497 522 523
f 523 522 2057
f 522 176 2057
f 178 2057 176
f 176 177 178
f 2397 178 177
f 275 2397 177
f 275 177 273
f 273 274 275
f 274 290 275
f 289 290 274
f 728 289 274
f 2403 728 274
f 2403 274 331
f 2403 331 2319
f 330 2319 331
f 273 330 331
f 273 346 330
f 345 330 346
f 345 346 2405
f 345 2405 2406
f 345 2406 2410
f 2410 390 345
f 392 345 390
f 390 391 392
f 201 392 391
f 201 391 407
f 2418 201 407
f 2418 407 2421
f 2275 2418 2421
f 2421 29 2275
f 28 2275 29
f 28 29 30
f 40 28 30
f 40 30 41
f 2425 40 41
f 1609 2425 41
f 1609 41 1876
f 1609 1876 2224
f 1609 2224 1597
f 1609 1597 1610
f 1599 1610 1597
f 1597 1598 1599
f 1598 2441 1599
f 2229 1599 2441
f 2229 2441 422
f 422 104 2229
f 2229 104 1633
f 104 1616 1633
f 1610 1633 1616
f 1616 1617 1610
f 2446 1610 1617
f 2446 1617 2447
f 1724 2446 2447
f 1724 2447 2080
f 2080 1707 1724
f 1724 1707 28
f 2080 599 1707
f 599 1706 1707
f 2459 1707 1706
f 2459 1706 2305
f 2459 2305 199
f 2459 199 2418
f 2305 200 199
f 199 200 201
f 200 215 201
f 200 214 215
f 214 2463 215
f 215 2463 706
f 215 706 696
f 215 696 392
f 392 696 698
f 696 697 698
f 698 697 330
f 706 697 696
f 697 706 1066
f 1066 2473 697
f 2473 2319 697
f 2473 726 2319
f 726 728 2319
f 726 727 728
f 726 740 727
f 739 727 740
f 739 740 2071
f 739 778 727
f 778 289 727
f 289 778 762
f 762 778 763
f 762 763 178
f 776 778 739
f 776 777 778
f 726 992 740
f 992 1098 740
f 740 1098 16
f 740 16 1716
f 1716 16 18
f 16 17 18
f 17 445 18
f 18 445 446
f 18 446 1038
f 2484 446 445
f 445 2287 2484
f 5 2484 2287
f 2287 6 5
f 4 5 6
f 79 4 6
f 79 80 4
f 80 2490 4
f 2493 4 2490
f 108 2493 2490
f 2490 477 108
f 108 477 109
f 108 109 110
f 110 109 121
f 121 122 110
f 2495 110 122
f 2495 122 155
f 2375 2495 155
f 155 154 2375
f 5 2375 154
f 154 155 156
f 154 156 167
f 154 167 168
f 2484 154 168
f 2384 2484 168
f 168 2506 2384
f 2506 661 2384
f 446 2384 661
f 660 446 661
f 661 2506 668
f 661 668 669
f 960 668 2506
f 960 2506 167
f 668 960 961
f 668 961 2127
f 668 2127 253
f 1654 253 2127
f 1654 2127 913
f 1654 913 912
f 504 912 913
f 913 1374 504
f 1373 504 1374
f 1373 1374 1203
f 1203 2526 1373
f 950 1373 2526
f 2526 2530 950
f 2530 541 950
f 950 541 836
f 836 505 950
f 836 1090 505
f 505 1090 1089
f 506 505 1089
f 1089 1365 506
f 1365 1367 506
f 1367 504 506
f 1365 1366 1367
f 1366 912 1367
f 1366 1365 1434
f 1365 1089 1434
f 1091 1434 1089
f 1434 1091 2184
f 1401 2184 1091
f 1091 1141 1401
f 1401 1141 1136
f 1091 1090 1141
f 837 1141 1090
f 2184 1401 488
f 487 2184 488
f 487 488 489
f 488 1401 1115
f 504 505 506
f 1089 1090 1091
f 837 1090 836
f 836 540 837
f 2202 837 540
f 539 2202 540
f 539 540 541
f 541 561 539
f 560 539 561
f 884 560 561
f 561 885 884
f 883 884 885
f 885 2113 883
f 883 2113 1207
f 1207 2547 883
f 883 2547 825
f 825 2547 823
f 823 824 825
f 824 921 825
f 920 825 921
f 2120 920 921
f 921 874 2120
f 2556 2120 874
f 830 2556 874
f 873 830 874
f 872 873 874
f 1333 872 874
f 1332 872 1333
f 1332 1333 2225
f 1461 1332 2225
f 1234 1461 2225
f 2225 1267 1234
f 1269 1234 1267
f 1267 1268 1269
f 1268 1631 1269
f 1269 1631 1632
f 1269 1632 2232
f 1232 1269 2232
f 1232 2232 2575
f 1232 2575 1318
f 1317 1232 1318
f 1316 1317 1318
f 1318 1691 1316
f 1316 1691 1720
f 1316 1720 2299
f 2583 1316 2299
f 2583 2299 898
f 1714 2583 898
f 1714 1715 2583
f 1714 1317 1715
f 1714 1735 1317
f 1472 1317 1735
f 1317 1472 2213
f 1317 2213 2587
f 1233 2587 2213
f 2213 1471 1233
f 1462 1233 1471
f 1734 1462 1471
f 312 1734 1471
f 1471 1472 312
f 1734 1188 1462
f 1462 1188 1187
f 1462 1187 1461
f 1430 1461 1187
f 1187 873 1430
f 873 1332 1430
f 873 1187 879
f 1187 1188 880
f 880 1188 2262
f 2262 1188 2597
f 286 2262 2597
f 286 2597 1734
f 1188 1734 2597
f 1461 1233 1462
f 2587 1233 1232
f 1232 1233 1234
f 1472 1471 2213
f 898 2299 2603
f 2603 2299 1784
f 1176 2603 1784
f 1176 1784 1177
f 917 1176 1177
f 917 1177 1276
f 1177 1275 1276
f 1276 1275 2220
f 2239 1276 2220
f 2612 2239 2220
f 1219 2612 2220
f 2220 1220 1219
f 1219 1220 1221
f 1221 2240 1219
f 2027 1219 2240
f 2240 1113 2027
f 1082 2027 1113
f 1113 1114 1082
f 956 1082 1114
f 956 1081 1082
f 2622 1114 1113
f 2140 2622 1113
f 2622 2140 2036
f 1156 2622 2036
f 1156 2036 1155
f 1155 1125 1156
f 1155 1126 1125
f 1124 1125 1126
f 1124 1126 2188
f 1979 1124 2188
f 1979 2188 2627
f 1979 2627 854
f 854 853 1979
f 814 853 854
f 814 854 815
f 814 815 816
f 2254 814 816
f 816 815 1989
f 2345 816 1989
f 896 2345 1989
f 1989 865 896
f 896 865 897
f 864 897 865
f 863 864 865
f 865 2370 863
f 1931 863 2370
f 2370 1488 1931
f 1931 1488 605
f 604 1931 605
f 604 605 556
f 555 604 556
f 555 556 557
f 555 557 616
f 555 616 864
f 2345 864 616
f 654 2345 616
f 616 615 654
f 653 654 615
f 654 1385 2345
f 557 615 616
f 135 615 557
f 557 2653 135
f 1016 135 2653
f 2653 2014 1016
f 2014 982 1016
f 1015 1016 982
f 981 1015 982
f 981 982 983
f 983 1601 981
f 981 1601 1073
f 981 1073 2668
f 1445 2668 1073
f 1031 1445 1073
f 1073 1074 1031
f 1031 1074 1032
f 1031 1032 1033
f 1033 2214 1031
f 1446 1031 2214
f 2214 1657 1446
f 1657 1423 1446
f 1423 1447 1446
f 1445 1446 1447
f 1423 160 1447
f 1423 1424 160
f 160 1424 2681
f 2684 2681 1424
f 2111 2684 1424
f 1482 2111 1424
f 1481 2111 1482
f 1456 1481 1482
f 1482 1454 1456
f 1454 1455 1456
f 1454 260 1455
f 259 1455 260
f 258 259 260
f 258 260 1201
f 1202 258 1201
f 1201 240 1202
f 1171 1202 240
f 239 1171 240
f 239 240 241
f 239 241 323
f 323 324 239
f 1876 239 324
f 1876 324 1246
f 1213 1246 324
f 1213 324 305
f 304 1213 305
f 304 305 306
f 692 304 306
f 2000 692 306
f 306 933 2000
f 934 2000 933
f 933 903 934
f 905 934 903
f 903 904 905
f 973 905 904
f 904 2685 973
f 2685 2223 973
f 2223 2008 973
f 973 2008 944
f 972 973 944
f 943 972 944
f 943 944 945
f 943 945 2033
f 2033 2702 943
f 1381 2702 2033
f 1381 2033 819
f 819 1382 1381
f 191 1381 1382
f 191 1382 1357
f 1356 191 1357
f 1356 1357 1977
f 1356 1977 2712
f 2712 1415 1356
f 1415 184 1356
f 1416 184 1415
f 1415 1393 1416
f 1392 1416 1393
f 1392 1393 716
f 716 144 1392
f 146 1392 144
f 144 145 146
f 145 1836 146
f 681 146 1836
f 681 1836 691
f 691 134 681
f 681 134 133
f 132 133 134
f 134 192 132
f 191 132 192
f 192 1847 191
f 192 934 1847
f 191 184 132
f 192 134 692
f 133 132 184
f 183 133 184
f 146 133 183
f 691 692 134
f 1836 1246 691
f 691 1246 2734
f 2734 304 691
f 723 1246 1836
f 723 2224 1246
f 133 146 681
f 145 723 1836
f 723 145 144
f 723 144 1951
f 1951 1598 723
f 1392 146 183
f 716 1951 144
f 715 1951 716
f 715 716 380
f 715 380 70
f 379 70 380
f 380 1035 379
f 379 1035 1294
f 379 1294 1295
f 379 1295 365
f 365 68 379
f 68 365 366
f 366 431 68
f 430 68 431
f 431 1344 430
f 421 430 1344
f 1344 1345 421
f 421 1345 1304
f 1304 422 421
f 421 422 69
f 69 422 70
f 68 69 70
f 70 422 1818
f 70 1818 1951
f 1818 2441 1951
f 57 422 1304
f 57 1304 55
f 55 56 57
f 57 56 103
f 57 103 104
f 1828 103 56
f 2761 1828 56
f 2761 56 91
f 91 93 2761
f 2080 2761 93
f 91 92 93
f 92 598 93
f 598 599 93
f 598 92 1848
f 1848 580 598
f 580 1706 598
f 2768 1706 580
f 582 2768 580
f 580 581 582
f 582 581 651
f 650 582 651
f 650 651 1937
f 650 1937 2773
f 2774 650 2773
f 643 2774 2773
f 643 2773 641
f 641 642 643
f 1010 643 642
f 1010 642 746
f 1010 746 755
f 1010 755 754
f 1001 1010 754
f 1098 1001 754
f 1002 1010 1001
f 1001 992 1002
f 1066 1002 992
f 992 1065 1066
f 2022 1002 1066
f 2463 2022 1066
f 2463 1053 2022
f 1053 2774 2022
f 2774 1053 1052
f 214 1052 1053
f 2022 2774 1002
f 754 755 756
f 754 756 17
f 755 2287 756
f 755 79 2287
f 746 79 755
f 746 747 79
f 746 710 747
f 710 798 747
f 798 799 747
f 747 799 80
f 798 792 799
f 792 2803 799
f 799 2803 2490
f 792 477 2803
f 477 792 793
f 793 478 477
f 477 478 479
f 478 84 479
f 84 2811 479
f 479 2811 461
f 109 479 461
f 463 109 461
f 461 462 463
f 535 463 462
f 534 535 462
f 534 462 573
f 534 573 2821
f 534 2821 521
f 534 521 2273
f 520 2273 521
f 519 520 521
f 1742 519 521
f 2751 1742 521
f 2751 1740 1742
f 1740 1741 1742
f 1742 1741 2311
f 1741 2312 2311
f 2311 2312 2313
f 519 2311 2313
f 519 2313 2757
f 2757 1619 519
f 519 1619 1749
f 519 1749 1750
f 1749 2322 1750
f 1750 2322 2265
f 1750 2265 2318
f 2318 2273 1750
f 1672 2273 2318
f 2267 1672 2318
f 1672 2267 121
f 121 463 1672
f 2273 1672 535
f 2267 2318 2265
f 2265 2266 2267
f 2266 1679 2267
f 122 2267 1679
f 2266 2281 1679
f 2281 1680 1679
f 1679 1680 155
f 1680 2281 2282
f 960 1680 2282
f 1680 960 156
f 2282 2281 2846
f 2282 2846 1161
f 961 2282 1161
f 1161 1302 961
f 1302 1161 1203
f 913 1302 1203
f 1161 1160 1203
f 1159 1160 1161
f 1161 2691 1159
f 2692 1159 2691
f 2691 1618 2692
f 1205 2692 1618
f 1618 1619 1205
f 1205 1619 1247
f 1247 1206 1205
f 1205 1206 1207
f 2856 1205 1207
f 1207 1206 1710
f 2747 1710 1206
f 1710 2747 1709
f 1709 1249 1710
f 823 1710 1249
f 1248 823 1249
f 1248 1249 1250
f 1248 1250 2867
f 2867 2749 1248
f 1730 1248 2749
f 2749 1296 1730
f 1346 1730 1296
f 1296 1298 1346
f 1267 1346 1298
f 1296 1297 1298
f 2810 1298 1297
f 1297 1805 2810
f 2326 2810 1805
f 1804 2326 1805
f 1803 1804 1805
f 1805 2393 1803
f 1803 2393 2390
f 1540 1803 2390
f 1813 1540 2390
f 2390 2817 1813
f 2817 509 1813
f 1813 509 1814
f 1812 1813 1814
f 1812 1814 2394
f 1541 1812 2394
f 1541 2394 2395
f 1525 1541 2395
f 1525 2395 2156
f 2156 1523 1525
f 1523 1524 1525
f 1525 1524 1753
f 2155 1525 1753
f 2155 1753 2326
f 1753 1631 2326
f 2155 1539 1525
f 2155 1804 1539
f 1540 1539 1804
f 1539 1540 1541
f 1753 1524 1631
f 1524 2167 1631
f 1524 1523 2167
f 2167 1523 1690
f 2167 1690 2168
f 2167 2168 1632
f 2168 1690 1689
f 1689 2575 2168
f 1689 1690 1691
f 2285 1691 1690
f 1690 2283 2285
f 2283 2284 2285
f 2284 2741 2285
f 2285 2741 1701
f 1701 2741 2050
f 1701 2050 1702
f 1691 1701 1702
f 2050 2294 1702
f 2294 1720 1702
f 1720 2294 2295
f 2052 2295 2294
f 2052 2795 2295
f 1785 2295 2795
f 2795 1786 1785
f 1784 1785 1786
f 1786 2372 1784
f 2372 1786 2373
f 2372 2373 2374
f 2131 2372 2374
f 2131 2374 2800
f 2131 2800 1793
f 1795 2131 1793
f 1793 1794 1795
f 1795 1794 2132
f 2132 1794 2381
f 2132 2381 2382
f 2132 2382 1275
f 1275 1499 2132
f 1499 2131 2132
f 1499 1275 1500
f 1500 2372 1499
f 1177 2372 1500
f 2129 2382 2381
f 2381 2130 2129
f 2128 2129 2130
f 2130 1509 2128
f 2128 1509 1221
f 1221 1509 1510
f 1510 2241 1221
f 2241 1510 1641
f 2241 1641 1640
f 2141 2241 1640
f 2140 2141 1640
f 2141 2140 2240
f 2240 2241 2141
f 1640 1641 1642
f 1640 1642 2237
f 1640 2237 1555
f 1555 2036 1640
f 1648 1555 2237
f 1648 2237 2238
f 2238 2249 1648
f 1648 2249 1649
f 1648 1649 1650
f 1648 1650 2247
f 2247 1650 2701
f 2247 2701 2914
f 2914 1766 2247
f 1556 2247 1766
f 1556 1766 1768
f 1768 1155 1556
f 1155 1555 1556
f 1766 1767 1768
f 1767 1126 1768
f 1767 1766 2189
f 2189 2188 1767
f 2188 2189 2190
f 1569 2190 2189
f 2189 1570 1569
f 1568 1569 1570
f 1568 1570 1778
f 1568 1778 2370
f 2792 1568 2370
f 1570 2203 1778
f 2203 2204 1778
f 1778 2204 1486
f 1488 1778 1486
f 1486 1487 1488
f 1488 1487 2619
f 1488 2619 1494
f 2619 2915 1494
f 2915 2114 1494
f 1494 2114 2115
f 1494 2115 2122
f 262 1494 2122
f 605 1494 262
f 262 2121 605
f 262 261 2121
f 2014 2121 261
f 261 983 2014
f 2121 2014 556
f 261 262 263
f 1601 261 263
f 263 1600 1601
f 1601 1600 2689
f 1601 2689 1074
f 1074 2689 248
f 246 248 2689
f 246 247 248
f 248 247 325
f 248 325 1032
f 1032 325 1626
f 1626 325 2694
f 1626 2694 2221
f 1626 2221 315
f 314 1626 315
f 314 315 316
f 314 316 230
f 229 314 230
f 229 230 231
f 231 903 229
f 229 903 370
f 1590 229 370
f 372 1590 370
f 370 371 372
f 302 372 371
f 371 300 302
f 300 301 302
f 2677 302 301
f 301 2716 2677
f 426 2677 2716
f 2716 427 426
f 426 427 428
f 1657 426 428
f 426 1657 1656
f 1655 1656 1657
f 2677 1656 1655
f 1655 372 2677
f 1662 428 427
f 1454 1662 427
f 2253 1454 427
f 1201 1454 2253
f 2253 301 1201
f 428 1662 1423
f 1662 1482 1423
f 427 2716 2253
f 1656 2677 426
f 301 2253 2716
f 300 2215 301
f 240 301 2215
f 323 2215 300
f 300 305 323
f 371 305 300
f 372 302 2677
f 371 370 933
f 1590 372 1655
f 1590 1655 2214
f 231 230 2685
f 1590 314 229
f 1590 1033 314
f 230 316 2685
f 316 315 2223
f 1033 1626 314
f 315 2221 2223
f 2221 2222 2223
f 2222 1084 2223
f 2222 2546 1084
f 2546 1085 1084
f 1084 1085 1086
f 1084 1086 2032
f 2032 2026 1084
f 1084 2026 2008
f 2008 2026 2554
f 1129 2554 2026
f 2554 1129 1128
f 945 2554 1128
f 1128 1129 1130
f 1128 1130 2034
f 2033 1128 2034
f 2033 2034 2035
f 2035 2034 2960
f 2035 2960 1859
f 2035 1859 817
f 819 2035 817
f 817 818 819
f 818 817 1985
f 818 1985 1978
f 1977 818 1978
f 1977 1978 2522
f 2522 2521 1977
f 2521 2522 868
f 867 2521 868
f 866 867 868
f 866 868 1996
f 866 1996 1987
f 1987 1988 866
f 2475 866 1988
f 1988 571 2475
f 618 2475 571
f 570 618 571
f 569 570 571
f 569 764 570
f 764 765 570
f 570 765 1752
f 2481 570 1752
f 1752 2109 2481
f 2481 2109 619
f 2481 619 618
f 21 618 619
f 619 19 21
f 19 20 21
f 20 543 21
f 21 543 2980
f 2980 543 867
f 543 492 867
f 867 492 2712
f 543 542 492
f 492 542 490
f 490 491 492
f 1415 492 491
f 1034 491 490
f 1776 1034 490
f 490 20 1776
f 1776 1035 1034
f 491 1034 1035
f 490 542 20
f 20 542 543
f 1776 20 19
f 1776 19 1294
f 1428 19 619
f 1428 1295 19
f 1427 1295 1428
f 1426 1427 1428
f 1428 2109 1426
f 2107 1426 2109
f 1426 2107 2108
f 2108 1458 1426
f 1458 2108 2609
f 1458 2609 2110
f 2110 1459 1458
f 1458 1459 1460
f 1458 1460 1427
f 365 1460 1459
f 1868 1459 2110
f 2429 1868 2110
f 1868 2429 226
f 226 228 1868
f 226 227 228
f 228 227 1173
f 2054 228 1173
f 2044 2054 1173
f 1865 2044 1173
f 1865 1173 1866
f 1866 291 1865
f 293 1865 291
f 291 292 293
f 292 1216 293
f 1997 293 1216
f 1882 1997 1216
f 1216 1880 1882
f 1880 1881 1882
f 1881 2533 1882
f 2533 906 1882
f 2533 907 906
f 906 907 908
f 908 1998 906
f 1997 906 1998
f 1997 1998 1999
f 2539 1997 1999
f 2539 1999 2540
f 2539 2540 947
f 946 2539 947
f 946 947 948
f 2006 946 948
f 2006 948 1359
f 2006 1359 2007
f 366 2006 2007
f 2054 2006 366
f 2007 1359 1344
f 1344 1359 1361
f 1359 1360 1361
f 1361 1360 2091
f 1361 2091 1345
f 2091 2092 1345
f 2092 2091 1360
f 1360 1397 2092
f 2092 1397 55
f 1396 55 1397
f 1395 1396 1397
f 1397 2106 1395
f 1395 2106 2097
f 1395 2097 2098
f 1838 2098 2097
f 2097 128 1838
f 1838 128 127
f 127 128 129
f 127 129 2414
f 2414 1837 127
f 1837 2098 127
f 1396 2098 1837
f 175 1396 1837
f 175 1837 92
f 175 174 1396
f 174 175 91
f 2414 92 1837
f 1849 92 2414
f 2414 2453 1849
f 1849 2453 1850
f 1848 1849 1850
f 1848 1850 673
f 1850 674 673
f 673 674 675
f 673 675 581
f 675 1953 581
f 581 1953 1945
f 1945 1953 708
f 1945 708 641
f 1937 1945 641
f 1953 709 708
f 708 709 710
f 710 642 708
f 1953 2494 709
f 709 2494 358
f 358 360 709
f 709 360 1901
f 709 1901 798
f 792 1901 360
f 358 359 360
f 1257 360 359
f 359 2081 1257
f 2081 415 1257
f 1257 415 414
f 1900 1257 414
f 1900 414 793
f 360 1900 793
f 413 414 415
f 415 1310 413
f 2090 413 1310
f 1911 2090 1310
f 1310 1912 1911
f 47 1911 1912
f 1912 1821 47
f 1821 48 47
f 46 47 48
f 46 48 2148
f 46 2148 1548
f 46 1548 1820
f 1820 1548 1819
f 1819 85 1820
f 85 47 1820
f 1819 83 85
f 83 84 85
f 85 84 2090
f 2404 84 83
f 83 1829 2404
f 1056 2404 1829
f 1056 1829 574
f 462 1056 574
f 1829 575 574
f 573 574 575
f 575 2479 573
f 573 2479 2480
f 2479 1100 2480
f 1527 2480 1100
f 1099 1527 1100
f 628 1099 1100
f 1100 629 628
f 627 628 629
f 2483 627 629
f 2483 629 1829
f 1829 1548 2483
f 1548 1142 2483
f 1548 1143 1142
f 995 1142 1143
f 995 1143 993
f 993 994 995
f 1575 995 994
f 1575 994 2545
f 2545 1559 1575
f 840 1575 1559
f 1559 838 840
f 838 839 840
f 840 839 1046
f 840 1046 1047
f 1047 2497 840
f 2497 1573 840
f 2497 628 1573
f 628 1574 1573
f 1573 1574 1575
f 744 2497 1047
f 1047 742 744
f 742 743 744
f 744 743 1961
f 1961 743 2501
f 1961 2501 784
f 1961 784 1960
f 1960 1099 1961
f 1961 1099 2497
f 786 1960 784
f 784 785 786
f 2511 786 785
f 785 2510 2511
f 1971 2511 2510
f 2510 1972 1971
f 1971 1972 450
f 450 1972 1923
f 1923 451 450
f 450 451 452
f 450 452 1741
f 451 510 452
f 1921 452 510
f 510 1922 1921
f 1250 1921 1922
f 1250 1922 509
f 1922 510 509
f 509 510 511
f 452 1921 2474
f 2312 452 2474
f 1921 1709 2474
f 510 451 511
f 451 1923 511
f 511 1923 2763
f 511 2763 2309
f 511 2309 2762
f 3078 511 2762
f 3078 2762 3081
f 2759 3078 3081
f 2759 3081 3038
f 3038 2760 2759
f 2758 2759 2760
f 3084 2758 2760
f 3085 3084 2760
f 3087 3085 2760
f 2760 3088 3087
f 3088 3089 3087
f 3089 3091 3087
f 3091 3089 3092
f 2730 3091 3092
f 3092 2731 2730
f 2729 2730 2731
f 2729 2731 532
f 532 3100 2729
f 2729 3100 3023
f 2726 2729 3023
f 2726 3023 2727
f 2726 2727 2728
f 2726 2728 2693
f 2726 2693 3103
f 2726 3103 2730
f 3103 2693 3111
f 3111 3085 3103
f 3085 3091 3103
f 3085 3111 2284
f 3111 2693 2741
f 2741 2693 2051
f 2051 2693 2062
f 2051 2062 2052
f 2050 2051 2052
f 2062 2043 2052
f 2052 2043 2042
f 2041 2042 2043
f 2043 2056 2041
f 2928 2041 2056
f 2056 3122 2928
f 2928 3122 3123
f 2928 3123 3127
f 3127 3131 2928
f 3132 2928 3131
f 3132 3131 2750
f 3133 3132 2750
f 2078 3133 2750
f 2078 2750 2089
f 2089 2079 2078
f 2077 2078 2079
f 2069 2077 2079
f 2079 2070 2069
f 2068 2069 2070
f 2085 2068 2070
f 2085 2070 2941
f 3144 2085 2941
f 3144 2941 3148
f 3148 3149 3144
f 3150 3144 3149
f 3149 3152 3150
f 2819 3150 3152
f 2824 2819 3152
f 3152 2822 2824
f 2822 2823 2824
f 3162 2824 2823
f 2823 802 3162
f 3162 802 2820
f 2820 3071 3162
f 3071 2820 2819
f 2818 2819 2820
f 2818 2820 3168
f 3168 3169 2818
f 2651 2818 3169
f 3169 2643 2651
f 2651 2643 3170
f 2652 2651 3170
f 3170 2645 2652
f 2645 2130 2652
f 2130 2775 2652
f 2650 2652 2775
f 2771 2650 2775
f 2775 2977 2771
f 2977 2069 2771
f 2977 1794 2069
f 2775 2381 2977
f 2650 2771 2772
f 2651 2650 2772
f 2068 2772 2771
f 2650 2651 2652
f 2645 3170 2643
f 2643 2644 2645
f 3183 2645 2644
f 2644 3184 3183
f 2745 3183 3184
f 2745 3184 2746
f 1510 2745 2746
f 3184 3032 2746
f 1641 2746 3032
f 2743 3032 3184
f 3032 2743 2742
f 3032 2742 2238
f 2742 2743 2744
f 3194 2742 2744
f 2744 1622 3194
f 1622 2877 3194
f 3194 2877 3196
f 3194 3196 1649
f 1649 3196 1478
f 1649 1478 3197
f 1649 3197 2804
f 2804 3197 2805
f 2804 2805 2806
f 2806 2701 2804
f 2701 2806 3205
f 2701 3205 3063
f 3063 3205 2801
f 3063 2801 2203
f 2203 2801 2802
f 3209 2802 2801
f 2801 2806 3209
f 2806 3214 3209
f 3209 3214 3215
f 3215 3214 3216
f 3215 3216 3217
f 3215 3217 3218
f 2802 3215 3218
f 2802 3218 3221
f 2204 2802 3221
f 3221 3218 2967
f 3221 2967 1486
f 1486 2967 2966
f 2633 2966 2967
f 2966 2633 3226
f 1487 2966 3226
f 3226 2633 2628
f 3226 2628 2915
f 2633 2634 2628
f 2628 2634 2629
f 2628 2629 2114
f 2629 3229 2114
f 3229 2629 3231
f 3229 3231 3233
f 2115 3229 3233
f 2115 3233 3001
f 262 2115 3001
f 3001 3233 3236
f 3236 3002 3001
f 3001 3002 2695
f 2695 3241 3001
f 263 3001 3241
f 2695 1600 3241
f 1600 2695 246
f 2700 246 2695
f 2697 2700 2695
f 2695 2696 2697
f 2696 3245 2697
f 2697 3245 3246
f 2697 3246 1169
f 2697 1169 2793
f 2793 1169 2794
f 2793 2794 2790
f 2793 2790 2789
f 247 2793 2789
f 2793 247 2985
f 2985 2700 2793
f 2789 2790 2658
f 2658 2667 2789
f 2789 2667 2221
f 2667 2658 2546
f 2658 2660 2546
f 2658 2659 2660
f 2659 3258 2660
f 2660 3258 3262
f 3263 2660 3262
f 3263 3262 3264
f 1085 3263 3264
f 3262 3266 3264
f 3264 3266 2957
f 1086 3264 2957
f 1086 2957 2958
f 3270 1086 2958
f 2623 3270 2958
f 2623 2958 2618
f 2618 2617 2623
f 1129 2623 2617
f 2032 2623 1129
f 2616 2617 2618
f 3275 2616 2618
f 1872 3275 2618
f 1872 2618 1871
f 1871 1308 1872
f 1308 3276 1872
f 3276 1308 3277
f 3276 3277 1862
f 1864 3276 1862
f 1862 1863 1864
f 1864 1863 1875
f 3286 1864 1875
f 1874 3286 1875
f 1860 1874 1875
f 1860 1875 2690
f 1860 2690 1861
f 1859 1860 1861
f 1861 3287 1859
f 1903 3287 1861
f 1861 1904 1903
f 1902 1903 1904
f 3294 1902 1904
f 1904 3297 3294
f 3297 1898 3294
f 1897 3294 1898
f 1897 1898 1899
f 1899 386 1897
f 1906 1897 386
f 1906 386 1907
f 1896 1906 1907
f 1907 2748 1896
f 2748 1894 1896
f 1894 1895 1896
f 3308 1896 1895
f 3308 1895 3309
f 3309 3274 3308
f 3311 3308 3274
f 3274 3312 3311
f 3011 3311 3312
f 3312 2906 3011
f 2906 2608 3011
f 2608 3010 3011
f 3316 3011 3010
f 3318 3316 3010
f 3318 3010 2607
f 2711 3318 2607
f 2706 2711 2607
f 2706 2607 2707
f 2706 2707 2708
f 1996 2706 2708
f 1996 3330 2706
f 2708 2707 3115
f 2708 3115 3332
f 1987 2708 3332
f 3334 1987 3332
f 3334 3332 2998
f 2997 3334 2998
f 2997 2998 2440
f 2440 3339 2997
f 2997 3339 3340
f 2997 3340 2682
f 2683 2997 2682
f 2682 2538 2683
f 764 2683 2538
f 2676 764 2538
f 2676 2538 3343
f 2676 3343 2527
f 2557 2676 2527
f 2527 2558 2557
f 2557 2558 2559
f 2559 765 2557
f 2559 2917 765
f 2917 2559 3349
f 3349 2555 2917
f 2555 1752 2917
f 2107 1752 2555
f 2107 2555 3354
f 3354 2555 3355
f 3355 2108 3354
f 2544 2108 3355
f 3357 2544 3355
f 2903 3357 3355
f 2903 3355 3358
f 2529 2903 3358
f 2529 3358 2527
f 2527 2528 2529
f 2529 2528 3365
f 2529 3365 2904
f 2904 3365 2524
f 2524 2523 2904
f 2903 2904 2523
f 2523 2524 2525
f 3368 2523 2525
f 3369 3368 2525
f 2572 3369 2525
f 2572 2525 3322
f 3373 2572 3322
f 3373 3322 3376
f 2338 3373 3376
f 2338 3376 3317
f 3317 2482 2338
f 2482 2334 2338
f 2333 2338 2334
f 2332 2333 2334
f 2332 2334 2324
f 2323 2332 2324
f 2323 2324 2325
f 2323 2325 2336
f 2336 2325 3049
f 3385 2336 3049
f 3049 3386 3385
f 3390 3385 3386
f 3394 3390 3386
f 3386 3193 3394
f 3193 2885 3394
f 3394 2885 179
f 179 2360 3394
f 2360 179 2369
f 2360 2369 687
f 2360 687 2346
f 3400 2360 2346
f 2348 3400 2346
f 2346 2347 2348
f 2347 2364 2348
f 2336 2348 2364
f 2364 3402 2336
f 2332 2336 3402
f 3407 3402 2364
f 3407 2364 3408
f 2613 3407 3408
f 3408 3375 2613
f 2613 3375 3415
f 3415 2614 2613
f 2613 2614 2615
f 3418 2613 2615
f 3418 2615 3419
f 2951 3418 3419
f 3419 2611 2951
f 2576 2951 2611
f 2610 2576 2611
f 2610 2611 3424
f 3425 2610 3424
f 3425 3424 3426
f 3426 3427 3425
f 3425 3427 3428
f 3428 3427 2444
f 3428 2444 2571
f 3428 2571 2577
f 2576 3428 2577
f 2576 2577 2578
f 2854 2578 2577
f 2573 2854 2577
f 2854 2573 3373
f 2854 2338 2578
f 2571 2573 2577
f 2571 2572 2573
f 2571 2444 2445
f 3369 2571 2445
f 2444 2434 2445
f 2436 2445 2434
f 2434 2435 2436
f 2436 2435 3443
f 3443 2543 2436
f 3447 2436 2543
f 3447 2543 2544
f 2543 2542 2544
f 2544 2542 3451
f 2542 2429 3451
f 3451 2429 2609
f 2543 2911 2542
f 2911 2541 2542
f 2541 227 2542
f 227 2541 3453
f 3443 3453 2541
f 3454 3453 3443
f 3453 3454 3455
f 3455 1866 3453
f 3455 3456 1866
f 3456 3455 2598
f 2598 2600 3456
f 3456 2600 292
f 2598 2599 2600
f 2600 2599 2595
f 2600 2595 1216
f 2599 3463 2595
f 3463 2943 2595
f 2595 2943 2596
f 2595 2596 1880
f 2943 3467 2596
f 2596 3467 296
f 296 3470 2596
f 3470 1881 2596
f 296 3471 3470
f 3472 3470 3471
f 3471 3473 3472
f 2533 3472 3473
f 3479 3473 3471
f 3471 295 3479
f 2838 3479 295
f 295 3485 2838
f 3485 2839 2838
f 2838 2839 2840
f 2839 3486 2840
f 2840 3486 3488
f 2419 2840 3488
f 3488 2420 2419
f 2411 2419 2420
f 2420 2412 2411
f 2411 2412 2413
f 907 2411 2413
f 907 3473 2411
f 2412 3498 2413
f 2413 3498 908
f 908 3498 2969
f 908 2969 3500
f 2886 908 3500
f 3500 2887 2886
f 2491 2886 2887
f 2491 2887 3507
f 3507 2865 2491
f 2492 2491 2865
f 2865 2097 2492
f 2485 2491 2492
f 2492 2486 2485
f 947 2485 2486
f 947 2486 3510
f 3510 2486 2106
f 3510 2106 1360
f 948 3510 1360
f 2486 2492 2106
f 3512 2491 2485
f 3512 2485 1999
f 2865 3507 2866
f 2865 2866 2586
f 2586 128 2865
f 128 2586 2460
f 2586 3519 2460
f 2460 3519 2454
f 129 2460 2454
f 129 2454 2453
f 2453 2454 674
f 674 2454 3523
f 3523 2454 3527
f 3529 3523 3527
f 3527 3531 3529
f 3529 3531 2827
f 2827 2494 3529
f 675 3529 2494
f 3531 2828 2827
f 2827 2828 2829
f 2827 2829 359
f 2829 2828 2401
f 2829 2401 2081
f 2828 2402 2401
f 2398 2401 2402
f 2402 2399 2398
f 2398 2399 2159
f 2398 2159 1912
f 1912 415 2398
f 2159 2158 1912
f 2158 2159 2160
f 2160 3545 2158
f 2158 3545 1821
f 2154 1821 3545
f 3545 2152 2154
f 2152 2153 2154
f 2153 3549 2154
f 3549 2163 2154
f 48 2154 2163
f 2163 2149 48
f 2149 2163 2194
f 2194 2150 2149
f 2148 2149 2150
f 2148 2150 2193
f 2148 2193 1143
f 2193 2150 2194
f 2193 2194 2195
f 2195 2187 2193
f 993 2193 2187
f 2545 993 2187
f 2187 2186 2545
f 2185 2186 2187
f 2186 2185 2197
f 2197 2199 2186
f 2186 2199 1559
f 2197 2198 2199
f 2199 2198 838
f 2198 2183 838
f 2182 838 2183
f 2182 2183 3542
f 3542 3566 2182
f 2182 3566 3567
f 3567 3566 3528
f 3528 3569 3567
f 3567 3569 839
f 2895 839 3569
f 3569 2894 2895
f 2894 2505 2895
f 2895 2505 3573
f 2895 3573 742
f 742 1046 2895
f 2498 3573 2505
f 2505 2471 2498
f 2471 2499 2498
f 2498 2499 2500
f 2500 2499 2510
f 2510 2501 2500
f 2471 3584 2499
f 3584 3586 2499
f 2499 3586 1972
f 3584 2883 3586
f 3586 2883 2763
f 2883 2882 2763
f 2881 2882 2883
f 3590 2881 2883
f 3592 2881 3590
f 2467 3592 3590
f 3590 2472 2467
f 2471 2467 2472
f 2465 2467 2471
f 2465 2466 2467
f 3040 2466 2465
f 2505 3040 2465
f 3040 2505 3528
f 3528 3041 3040
f 3040 3041 2756
f 2756 3592 3040
f 320 3592 2756
f 3533 320 2756
f 2755 3533 2756
f 2754 2755 2756
f 2756 3039 2754
f 3039 3538 2754
f 3596 2754 3538
f 2723 3596 3538
f 3543 2723 3538
f 3542 3543 3538
f 3026 3543 3542
f 3026 3542 3597
f 3026 3597 3477
f 3477 3027 3026
f 3025 3026 3027
f 3027 3599 3025
f 3025 3599 52
f 3025 52 2724
f 2723 3025 2724
f 2723 2724 2725
f 2725 2724 3024
f 2725 3024 3487
f 3596 2725 3487
f 3487 3491 3596
f 3491 3487 3492
f 2755 3491 3492
f 3603 3492 3487
f 2574 3603 3487
f 3429 3603 2574
f 1236 3429 2574
f 1236 2574 1193
f 1192 1236 1193
f 1192 1193 1194
f 1194 1169 1192
f 1169 1194 53
f 1168 1169 53
f 1168 53 1214
f 1168 1214 2570
f 1168 2570 3258
f 2794 1168 3258
f 2794 3258 3442
f 2658 2794 3442
f 2570 1214 3610
f 2570 3610 3266
f 3266 3610 2588
f 3266 2588 1336
f 1336 2588 1286
f 1285 1336 1286
f 1285 1286 1287
f 1287 1255 1285
f 1254 1285 1255
f 1253 1254 1255
f 1253 1255 1308
f 2585 1308 1255
f 1255 3614 2585
f 2585 3614 3277
f 3614 3522 3277
f 3521 3277 3522
f 3521 3522 3617
f 3521 3617 3618
f 3618 3073 3521
f 3075 3521 3073
f 3073 3074 3075
f 3061 3075 3074
f 3061 3074 3587
f 2815 3061 3587
f 2815 3587 2816
f 2814 2815 2816
f 3072 2814 2816
f 3591 3072 2816
f 3072 3591 3624
f 3594 3072 3624
f 3594 3624 3595
f 2799 3594 3595
f 2899 2799 3595
f 2899 3595 3380
f 2899 3380 3050
f 3052 2899 3050
f 3050 3051 3052
f 3382 3052 3051
f 3051 2648 3382
f 2513 3382 2648
f 2514 2513 2648
f 2514 2648 2769
f 3048 2514 2769
f 2978 3048 2769
f 2978 2769 2979
f 2978 2979 2974
f 2973 2978 2974
f 2889 2973 2974
f 2889 2974 3627
f 3034 2889 3627
f 3627 3497 3034
f 3497 3035 3034
f 3034 3035 2890
f 3035 3501 2890
f 2739 2890 3501
f 2739 3501 3502
f 3502 2740 2739
f 2738 2739 2740
f 2740 3033 2738
f 3033 3508 2738
f 2738 3508 2973
f 3509 2973 3508
f 3509 3508 2512
f 3509 2512 2514
f 3508 3630 2512
f 3630 3065 2512
f 2512 3065 2513
f 3065 3052 2513
f 3065 1578 3052
f 1578 2898 3052
f 1578 1577 2898
f 1577 2797 2898
f 2797 2799 2898
f 2797 2798 2799
f 3064 2798 2797
f 3574 3064 2797
f 1576 3064 3574
f 3574 1577 1576
f 3064 1576 1544
f 3064 1544 1543
f 1543 3363 3064
f 3363 3362 3064
f 3362 3363 1150
f 1150 1149 3362
f 3366 3362 1149
f 1149 2630 3366
f 3072 3366 2630
f 1149 2631 2630
f 2630 2631 2632
f 2632 1039 2630
f 2815 2630 1039
f 1040 1039 2632
f 1040 2632 2968
f 2968 2964 1040
f 1041 1040 2964
f 2964 2965 1041
f 3060 1041 2965
f 1898 3060 2965
f 3448 3060 1898
f 3448 1898 3398
f 3075 3448 3398
f 3075 3398 3399
f 3399 2698 3075
f 2699 2698 3399
f 1862 2698 2699
f 2699 3003 1862
f 3004 3003 2699
f 3004 2699 3398
f 3398 3297 3004
f 3000 3003 3004
f 3004 1904 3000
f 2690 3000 1904
f 1863 3003 3000
f 2698 1862 3521
f 3398 2699 3399
f 3060 3448 3061
f 3060 3061 1041
f 3061 1039 1041
f 2665 2965 2964
f 2666 2665 2964
f 2664 2665 2666
f 2787 2664 2666
f 2987 2787 2666
f 2984 2987 2666
f 2666 2968 2984
f 237 2987 2984
f 2983 237 2984
f 2983 2984 2641
f 2641 1148 2983
f 268 2983 1148
f 268 1148 3345
f 2959 268 3345
f 2959 3345 3348
f 2621 2959 3348
f 1542 2621 3348
f 1543 1542 3348
f 1542 2620 2621
f 1542 3352 2620
f 3352 3353 2620
f 2620 3353 3654
f 3654 2955 2620
f 2955 2959 2620
f 269 2959 2955
f 2955 2956 269
f 2956 3655 269
f 3655 2872 269
f 269 2872 267
f 267 268 269
f 267 2872 235
f 267 235 2983
f 2872 2871 235
f 2871 236 235
f 235 236 237
f 2871 3437 236
f 278 236 3437
f 278 3437 279
f 225 278 279
f 279 2433 225
f 225 2433 223
f 223 224 225
f 223 385 224
f 224 385 384
f 224 384 2664
f 384 385 386
f 3516 386 385
f 3516 385 2433
f 3516 2433 362
f 361 3516 362
f 361 362 363
f 361 363 2748
f 396 2748 363
f 363 395 396
f 395 354 396
f 396 354 2452
f 356 2452 354
f 354 355 356
f 355 3460 356
f 2857 356 3460
f 3460 3461 2857
f 3462 2857 3461
f 3461 3147 3462
f 3147 2710 3462
f 2710 2709 3462
f 1894 3462 2709
f 2551 2709 2710
f 2710 3465 2551
f 3465 3466 2551
f 3012 2551 3466
f 3012 3466 3013
f 3009 3012 3013
f 3013 3007 3009
f 3007 3008 3009
f 3009 3008 3416
f 3009 3416 2918
f 2918 3416 3417
f 2845 2918 3417
f 2843 2845 3417
f 2843 3417 3420
f 2679 2843 3420
f 2679 3420 2680
f 2678 2679 2680
f 2678 2680 3423
f 3423 2428 2678
f 2428 2427 2678
f 2994 2678 2427
f 2994 2427 2999
f 2999 2995 2994
f 2994 2995 2996
f 2995 2908 2996
f 2908 2919 2996
f 2996 2919 2843
f 2919 2844 2843
f 2844 2919 2920
f 2920 3675 2844
f 2844 3675 2553
f 2844 2553 2845
f 3675 2551 2553
f 2551 2552 2553
f 2553 2552 2918
f 3012 2918 2552
f 3675 2920 3676
f 3676 2709 3675
f 3676 3274 2709
f 2709 3274 1895
f 3312 3676 2920
f 2907 3312 2920
f 2907 2920 2919
f 2908 2907 2919
f 2906 2907 2908
f 2906 2908 3225
f 2519 2906 3225
f 3225 2995 2519
f 2520 2519 2995
f 2518 2519 2520
f 2518 2520 2905
f 2905 3227 2518
f 2518 3227 3681
f 3681 2833 2518
f 2833 2832 2518
f 3228 2518 2832
f 2832 2602 3228
f 3171 3228 2602
f 2602 2601 3171
f 471 3171 2601
f 472 471 2601
f 471 472 473
f 471 473 774
f 774 3177 471
f 499 3177 774
f 773 499 774
f 1756 773 774
f 773 1756 2770
f 773 2770 2950
f 3182 2950 2770
f 3182 2770 3180
f 3180 3181 3182
f 3181 2927 3182
f 2927 3247 3182
f 3182 3247 2791
f 2791 3247 590
f 592 2791 590
f 590 591 592
f 591 500 592
f 592 500 499
f 499 2950 592
f 499 500 501
f 1777 501 500
f 500 2788 1777
f 3696 1777 2788
f 3255 3696 2788
f 2788 3256 3255
f 3255 3256 3257
f 3257 2606 3255
f 2606 2954 3255
f 3331 3255 2954
f 2953 3331 2954
f 2608 2953 2954
f 2953 3335 3331
f 3331 3335 2518
f 2953 2519 3335
f 2954 2606 2608
f 2606 2607 2608
f 2607 2606 2952
f 2606 3257 2952
f 2707 2952 3257
f 2707 3257 3342
f 3342 3257 3256
f 3256 3341 3342
f 3115 3342 3341
f 3115 3341 2929
f 2929 3114 3115
f 2930 3114 2929
f 2929 590 2930
f 2438 2930 590
f 2438 590 2569
f 2438 2569 2439
f 2438 2439 2440
f 2568 2439 2569
f 2568 2569 2927
f 2568 2855 2439
f 2580 2439 2855
f 2852 2580 2855
f 2852 2855 2850
f 2850 2851 2852
f 2852 2851 2937
f 2937 2913 2852
f 2937 3232 2913
f 2913 3232 2579
f 2913 2579 2580
f 2579 3232 3340
f 3340 3232 3235
f 3235 3232 2536
f 2536 2538 3235
f 2536 2537 2538
f 2538 2537 2912
f 2593 2912 2537
f 2593 2537 3243
f 2415 2593 3243
f 3244 2415 3243
f 3243 2924 3244
f 2924 2923 3244
f 2416 3244 2923
f 2923 3310 2416
f 2416 3310 2945
f 2416 2945 2946
f 2416 2946 3101
f 2417 2416 3101
f 3101 2594 2417
f 2593 2417 2594
f 2592 2593 2594
f 2592 2594 2944
f 2944 3317 2592
f 2528 2592 3317
f 3317 3324 2528
f 3317 3322 3324
f 3322 3323 3324
f 3323 2524 3324
f 2528 3096 2592
f 3096 2528 2912
f 3102 3317 2944
f 3102 2944 2594
f 3096 2593 2592
f 3101 3102 2594
f 3102 3101 2334
f 2415 2416 2417
f 3101 2946 2324
f 2946 2945 2325
f 3310 2841 2945
f 2835 2945 2841
f 2841 2842 2835
f 2842 2836 2835
f 2835 2836 2837
f 3192 2837 2836
f 3189 3192 2836
f 3188 3189 2836
f 3188 3719 3189
f 3719 2487 3189
f 3719 3191 2487
f 3191 1762 2487
f 2487 1762 2488
f 2487 2488 2489
f 2487 2489 3192
f 3192 2489 3193
f 2488 3722 2489
f 2489 3722 2888
f 2489 2888 2885
f 2885 2888 562
f 2885 562 180
f 3139 180 562
f 562 564 3139
f 2942 3139 564
f 564 2861 2942
f 2861 2456 2942
f 2942 2456 3140
f 2916 3140 2456
f 2458 2916 2456
f 2456 2457 2458
f 2531 2458 2457
f 2940 2531 2457
f 2457 2860 2940
f 2869 2940 2860
f 2825 2869 2860
f 1771 2825 2860
f 1771 2860 2861
f 3077 1771 2861
f 563 3077 2861
f 3076 3077 563
f 2888 3076 563
f 3077 3076 3082
f 3077 3082 1769
f 2400 1769 3082
f 3082 1761 2400
f 1761 529 2400
f 529 528 2400
f 528 2831 2400
f 2400 2831 1770
f 2831 2825 1770
f 2830 2825 2831
f 2830 2826 2825
f 1532 2825 2826
f 2826 3730 1532
f 1532 3730 3175
f 3175 1533 1532
f 1531 1532 1533
f 1531 1533 3731
f 1531 3731 987
f 2767 1531 987
f 986 2767 987
f 986 987 988
f 2531 986 988
f 988 1110 2531
f 1110 1109 2531
f 1109 1110 1111
f 1109 1111 2642
f 2642 1522 1109
f 1521 1109 1522
f 1521 1522 3248
f 1563 1521 3248
f 3248 1564 1563
f 1562 1563 1564
f 3252 1562 1564
f 3252 1564 3253
f 140 3252 3253
f 140 3253 1087
f 88 140 1087
f 848 88 1087
f 848 1087 3254
f 3254 849 848
f 847 848 849
f 847 849 1552
f 1554 847 1552
f 1552 1553 1554
f 1554 1553 3202
f 3201 1554 3202
f 3201 3202 3203
f 3537 3201 3203
f 3206 3537 3203
f 3203 2503 3206
f 375 3206 2503
f 2502 375 2503
f 2502 2503 2504
f 2502 2504 3207
f 2502 3207 3208
f 2502 3208 2897
f 2896 2502 2897
f 2896 2897 2892
f 2891 2896 2892
f 2891 2892 2893
f 2893 3160 2891
f 3159 2891 3160
f 3159 3160 3161
f 3159 3161 2469
f 2469 2896 3159
f 3164 2896 2469
f 3163 3164 2469
f 2468 3163 2469
f 2468 2469 2470
f 2468 2470 3167
f 3166 2468 3167
f 3167 2614 3166
f 2880 3166 2614
f 2880 2614 2884
f 2884 2878 2880
f 2878 2879 2880
f 2878 3752 2879
f 373 2879 3752
f 3752 3530 373
f 3530 374 373
f 373 374 375
f 3163 373 375
f 3537 374 3530
f 3530 418 3537
f 418 3530 2317
f 2317 416 418
f 416 417 418
f 3201 418 417
f 416 847 417
f 847 416 3540
f 3544 3540 416
f 3544 589 3540
f 589 3539 3540
f 3539 62 3540
f 3540 62 848
f 64 848 62
f 62 63 64
f 3478 64 63
f 3478 63 633
f 633 2271 3478
f 2271 88 3478
f 88 2271 86
f 86 87 88
f 3496 87 86
f 86 3406 3496
f 3406 3495 3496
f 3495 693 3496
f 693 3489 3496
f 1108 3489 693
f 517 1108 693
f 517 693 1627
f 1629 517 1627
f 1627 1628 1629
f 2226 1629 1628
f 1628 2926 2226
f 2926 3433 2226
f 2226 3433 1625
f 1625 1624 2226
f 1623 1624 1625
f 2059 1623 1625
f 3444 2059 1625
f 470 2059 3444
f 3435 470 3444
f 3435 3444 3436
f 3434 3435 3436
f 251 3434 3436
f 3436 3433 251
f 251 3433 249
f 249 250 251
f 250 2939 251
f 2303 251 2939
f 2303 2939 3107
f 2303 3107 298
f 297 2303 298
f 297 298 299
f 2087 297 299
f 299 2095 2087
f 2095 3526 2087
f 3518 2087 3526
f 3518 3526 157
f 157 3517 3518
f 3518 3517 670
f 670 750 3518
f 750 670 751
f 750 751 752
f 750 752 3589
f 787 750 3589
f 3589 3585 787
f 3585 2392 787
f 787 2392 788
f 787 788 789
f 789 3774 787
f 3774 789 297
f 788 2303 789
f 2392 3434 788
f 3585 3434 2392
f 3585 468 3434
f 3583 468 3585
f 3583 3384 468
f 3384 469 468
f 468 469 470
f 469 688 470
f 688 1623 470
f 688 2157 1623
f 1623 2157 515
f 2157 516 515
f 515 516 517
f 2157 181 516
f 181 1023 516
f 516 1023 1108
f 1023 1025 1108
f 1023 1024 1025
f 3252 1025 1024
f 1025 3252 139
f 1025 139 3489
f 87 3489 139
f 87 139 140
f 1024 1023 3499
f 3506 1024 3499
f 2292 3506 3499
f 181 2292 3499
f 180 2292 181
f 179 180 181
f 180 3506 2292
f 3506 3511 1024
f 1024 3511 1562
f 3506 3139 3511
f 3511 3139 3140
f 181 3499 1023
f 179 181 2157
f 688 2369 2157
f 688 469 686
f 686 687 688
f 687 686 3568
f 940 687 3568
f 2379 940 3568
f 2379 3568 713
f 712 2379 713
f 711 712 713
f 711 713 3384
f 2135 712 711
f 3576 2135 711
f 3576 711 3583
f 3576 3583 3575
f 3575 3142 3576
f 3367 3576 3142
f 3367 3142 3302
f 3302 3151 3367
f 3151 3662 3367
f 3151 350 3662
f 3662 350 2133
f 3662 2133 2135
f 2133 2134 2135
f 1378 2135 2134
f 2134 3374 1378
f 1378 3374 3375
f 1378 3375 1379
f 1378 1379 939
f 938 1378 939
f 938 939 940
f 940 939 2346
f 1378 938 712
f 939 1379 2346
f 3374 3452 3375
f 2242 3452 3374
f 3452 2242 2244
f 2244 2884 3452
f 2884 3415 3452
f 2242 2243 2244
f 2244 2243 2878
f 2243 1824 2878
f 1442 2878 1824
f 1824 1443 1442
f 1388 1442 1443
f 1443 9 1388
f 9 1387 1388
f 587 1388 1387
f 1387 1746 587
f 1746 3401 587
f 587 3401 588
f 587 588 589
f 588 2192 589
f 3401 2192 588
f 3401 634 2192
f 2191 2192 634
f 634 633 2191
f 633 634 635
f 635 846 633
f 846 635 844
f 844 845 846
f 846 845 1121
f 86 846 1121
f 1121 845 3351
f 3351 3406 1121
f 3350 3406 3351
f 276 3350 3351
f 3674 276 3351
f 3674 3351 1674
f 1674 2118 3674
f 3674 2118 2117
f 2116 2117 2118
f 2118 3347 2116
f 1870 2116 3347
f 929 1870 3347
f 929 3347 930
f 859 929 930
f 930 860 859
f 858 859 860
f 860 3356 858
f 3356 2853 858
f 1473 858 2853
f 1919 1473 2853
f 1919 2853 1927
f 1920 1919 1927
f 1059 1920 1927
f 1059 1927 1926
f 2227 1059 1926
f 2227 1926 3285
f 3285 2180 2227
f 2180 481 2227
f 2180 1611 481
f 482 481 1611
f 482 1611 1300
f 1299 482 1300
f 1299 1300 2196
f 2863 1299 2196
f 2863 2196 2864
f 2862 2863 2864
f 2862 2864 3623
f 2304 2862 3623
f 3623 1809 2304
f 1809 1957 2304
f 1967 2304 1957
f 1966 1967 1957
f 1957 2868 1966
f 1726 1966 2868
f 1726 2868 1725
f 1725 1708 1726
f 759 1726 1708
f 757 759 1708
f 757 1708 3520
f 3464 757 3520
f 3464 3520 3204
f 3464 3204 1789
f 1789 2255 3464
f 1208 3464 2255
f 1290 1208 2255
f 1565 1290 2255
f 1565 2255 2012
f 2012 1119 1565
f 1119 1118 1565
f 1196 1565 1118
f 1196 1118 1197
f 1196 1197 1198
f 1012 1196 1198
f 1198 1451 1012
f 1013 1012 1451
f 1451 3421 1013
f 3422 1013 3421
f 3421 2037 3422
f 3422 2037 2661
f 3422 2661 1011
f 1011 2661 2663
f 1011 2663 1021
f 1011 1021 2216
f 1289 1011 2216
f 1289 2216 1020
f 1289 1020 1209
f 1290 1289 1209
f 1289 1290 1291
f 1289 1291 1012
f 1208 1209 1020
f 1144 1208 1020
f 1020 1022 1144
f 1022 1535 1144
f 1535 758 1144
f 1144 758 757
f 758 1535 2649
f 758 2649 759
f 1966 759 2649
f 2649 1133 1966
f 1132 1966 1133
f 1132 1133 876
f 876 600 1132
f 600 3271 1132
f 1132 3271 2862
f 600 602 3271
f 602 3272 3271
f 3271 3272 2863
f 3272 887 2863
f 3383 887 3272
f 3383 888 887
f 886 887 888
f 3220 886 888
f 2647 886 3220
f 1984 2647 3220
f 1984 3220 601
f 875 1984 601
f 875 601 876
f 876 1534 875
f 1534 1826 875
f 3086 875 1826
f 3086 1826 71
f 71 73 3086
f 73 645 3086
f 3086 645 2646
f 2647 2646 645
f 645 644 2647
f 644 645 646
f 644 646 3046
f 3046 3047 644
f 3047 1932 644
f 625 644 1932
f 1932 623 625
f 623 624 625
f 625 624 887
f 887 624 482
f 624 480 482
f 624 1758 480
f 480 1758 1892
f 481 480 1892
f 1892 1893 481
f 1893 1057 481
f 1057 1059 481
f 1057 1058 1059
f 1893 1058 1057
f 2018 1058 1893
f 1757 2018 1893
f 2018 1757 1043
f 1043 1042 2018
f 1042 1043 1044
f 2366 1042 1044
f 2366 1044 1284
f 1284 382 2366
f 2366 382 381
f 2366 381 1920
f 1920 1058 2366
f 1474 1920 381
f 381 383 1474
f 383 1475 1474
f 1473 1474 1475
f 383 2102 1475
f 2102 3293 1475
f 2088 1475 3293
f 3293 1465 2088
f 1464 2088 1465
f 1463 1464 1465
f 1465 1941 1463
f 3344 1463 1941
f 1941 1948 3344
f 3344 1948 3195
f 3195 3121 3344
f 3195 2058 3121
f 2058 219 3121
f 3121 219 277
f 1235 3121 277
f 276 1235 277
f 276 2117 1235
f 1226 3121 1235
f 1869 1226 1235
f 1869 1235 1870
f 1226 1869 929
f 1225 1226 929
f 1225 1464 1226
f 1226 1464 3121
f 219 276 277
f 221 276 219
f 219 220 221
f 694 221 220
f 694 220 963
f 3778 694 963
f 962 3778 963
f 962 963 964
f 3234 962 964
f 3234 964 3240
f 3240 952 3234
f 249 3234 952
f 951 249 952
f 951 952 953
f 953 3108 951
f 2939 951 3108
f 3108 953 1842
f 1842 1841 3108
f 3109 3108 1841
f 3109 1841 3242
f 3109 3242 1407
f 3109 1407 298
f 1407 3242 1406
f 1406 148 1407
f 1407 148 299
f 2096 299 148
f 148 147 2096
f 147 1402 2096
f 1402 2095 2096
f 1402 147 927
f 3098 1402 927
f 927 3328 3098
f 3099 3098 3328
f 3099 3328 3329
f 3099 3329 3319
f 3099 3319 1451
f 1451 3265 3099
f 3099 3265 2040
f 3099 2040 3097
f 3097 2040 2039
f 3097 2039 1840
f 3098 3097 1840
f 1839 3098 1840
f 1839 1840 158
f 1839 158 1402
f 1402 158 3526
f 1840 2212 158
f 2212 125 158
f 125 157 158
f 125 124 157
f 123 124 125
f 125 2211 123
f 3110 123 2211
f 3110 2211 1697
f 3110 1697 2218
f 3110 2218 2217
f 1946 3110 2217
f 2217 3702 1946
f 3702 1947 1946
f 1946 1947 1334
f 1946 1334 3190
f 1334 699 3190
f 3190 699 700
f 3190 700 123
f 699 671 700
f 700 671 124
f 670 124 671
f 699 3143 671
f 671 3143 751
f 1335 3143 699
f 3142 3143 1335
f 699 1334 1335
f 1334 1586 1335
f 3302 1335 1586
f 1586 1323 3302
f 1586 1585 1323
f 1323 1585 1322
f 1322 393 1323
f 1323 393 3151
f 393 1322 394
f 393 394 351
f 351 350 393
f 350 351 352
f 352 351 3083
f 352 3083 2134
f 3083 2242 2134
f 351 2257 3083
f 3083 2257 3079
f 3079 1822 3083
f 1822 2243 3083
f 3079 1823 1822
f 1822 1823 1824
f 1823 3079 3080
f 3090 1823 3080
f 3080 7 3090
f 7 9 3090
f 7 8 9
f 43 8 7
f 42 43 7
f 2251 43 42
f 2976 2251 42
f 2976 42 3080
f 2975 2251 2976
f 2976 2256 2975
f 1322 2975 2256
f 1933 2975 1322
f 1017 2975 1933
f 1933 1934 1017
f 1934 3176 1017
f 985 1017 3176
f 985 3176 606
f 607 985 606
f 606 565 607
f 567 607 565
f 565 566 567
f 2217 567 566
f 567 2298 607
f 2298 349 607
f 607 349 348
f 607 348 398
f 399 398 348
f 2021 399 348
f 348 1530 2021
f 1530 2020 2021
f 2021 2020 1721
f 400 2021 1721
f 400 1721 2986
f 1017 400 2986
f 984 400 1017
f 400 984 398
f 984 985 398
f 2986 1721 1723
f 2986 1723 2251
f 1723 2252 2251
f 1723 1505 2252
f 2252 1505 43
f 1505 3532 43
f 1505 1963 3532
f 1965 3532 1963
f 1963 1964 1965
f 2455 1965 1964
f 3141 2455 1964
f 1964 767 3141
f 3141 767 766
f 281 766 767
f 767 218 281
f 218 217 281
f 282 281 217
f 2442 282 217
f 3165 2442 217
f 216 3165 217
f 3165 216 3119
f 3119 1924 3165
f 3119 1605 1924
f 1924 1605 1607
f 1607 1321 1924
f 1924 1321 2443
f 2443 2442 1924
f 2443 1321 493
f 2443 493 282
f 282 493 494
f 282 494 447
f 447 283 282
f 283 447 1745
f 2320 283 1745
f 2320 1745 1744
f 2321 2320 1744
f 1744 8 2321
f 3532 2321 8
f 8 1744 1387
f 2455 2320 2321
f 2455 766 2320
f 1744 1745 1746
f 281 283 2320
f 1745 447 3401
f 447 3541 3401
f 447 2437 3541
f 3541 2437 2277
f 634 3541 2277
f 2277 2437 3120
f 3120 3490 2277
f 3490 3480 2277
f 2277 3480 2276
f 2276 635 2277
f 3480 3481 2276
f 1676 2276 3481
f 3347 1676 3481
f 1675 2276 1676
f 1674 1675 1676
f 844 1675 1674
f 1675 844 2276
f 3490 3481 3480
f 1492 3481 3490
f 1492 3490 3677
f 2112 1492 3677
f 3120 2112 3677
f 2567 2112 3120
f 1227 2567 3120
f 1227 3120 1228
f 494 1227 1228
f 2567 1227 2119
f 2119 2566 2567
f 1330 2567 2566
f 1329 1330 2566
f 1329 1222 1330
f 1224 1330 1222
f 1222 1223 1224
f 1223 2853 1224
f 3438 2853 1223
f 1928 3438 1223
f 1928 1223 3284
f 1928 3284 3285
f 3285 3284 3346
f 1326 3285 3346
f 1326 3346 1327
f 1325 1326 1327
f 1773 1325 1327
f 1774 1773 1327
f 1774 1327 1561
f 1718 1774 1561
f 1718 1561 1320
f 1319 1718 1320
f 1319 1320 1321
f 1320 2119 1321
f 1320 1329 2119
f 1718 1319 2368
f 1718 2368 3303
f 3303 3304 1718
f 3593 3304 3303
f 3593 2396 3304
f 2396 1774 3304
f 1774 2396 1772
f 3213 1772 2396
f 3213 1957 1772
f 1957 1808 1772
f 1772 1808 1773
f 1773 1808 1809
f 1809 2365 1773
f 3593 3213 2396
f 1725 3213 3593
f 1725 3593 2368
f 1725 2368 3633
f 3633 2368 3709
f 3520 3633 3709
f 2235 3520 3709
f 2235 3709 3449
f 3449 2337 2235
f 1790 2235 2337
f 2337 2386 1790
f 1790 2386 1529
f 1528 1790 1529
f 1528 1529 1530
f 1530 1754 1528
f 1119 1528 1754
f 1754 2161 1119
f 1120 1119 2161
f 1120 2161 2162
f 2162 2146 1120
f 2146 1197 1120
f 2146 2038 1197
f 2038 3648 1197
f 2038 1198 3648
f 2040 1198 2038
f 2038 2146 2039
f 2146 2296 2039
f 2039 2296 1695
f 2039 1695 2212
f 1697 2212 1695
f 1695 1696 1697
f 1695 2296 1696
f 2146 1696 2296
f 1696 2146 2162
f 1696 2162 2297
f 1696 2297 2298
f 2218 1696 2298
f 2297 2162 2387
f 349 2297 2387
f 2387 347 349
f 347 2387 1754
f 2387 2162 2161
f 2387 2161 1754
f 347 1754 1530
f 2012 1790 1528
f 1790 2012 1788
f 1788 1789 1790
f 2385 1529 2386
f 3577 2385 2386
f 3579 2385 3577
f 3577 3578 3579
f 3578 3450 3579
f 3579 3450 2126
f 3579 2126 2125
f 2125 3680 3579
f 2125 3364 3680
f 2385 3680 3364
f 1722 2385 3364
f 1722 3364 1503
f 1503 1723 1722
f 3364 1504 1503
f 1503 1504 1505
f 3364 1963 1504
f 3364 2125 1964
f 2125 2136 1964
f 2125 2124 2136
f 2136 2124 216
f 2136 216 767
f 2124 2125 2126
f 2126 1605 2124
f 2126 1606 1605
f 3450 1606 2126
f 1645 1606 3450
f 3449 1645 3450
f 3449 2367 1645
f 1645 2367 1607
f 2367 1319 1607
f 1645 1607 1606
f 3578 3449 3450
f 3577 3449 3578
f 2385 3579 3680
f 2385 1722 1529
f 2020 1529 1722
f 2386 2337 3577
f 2235 1790 1789
f 2337 3449 3577
f 3709 2367 3449
f 2367 3709 2368
f 2368 3593 3303
f 2367 2368 1319
f 1329 1320 1561
f 1561 1560 1329
f 1718 3304 1774
f 1560 1561 1327
f 1772 1773 1774
f 1773 2365 1325
f 1325 2365 1326
f 2365 2196 1326
f 2196 2179 1326
f 1326 2179 2178
f 2178 2179 2180
f 3623 2196 2365
f 3346 1560 1327
f 1560 3346 1222
f 2178 3285 1326
f 3284 1222 3346
f 1927 3438 1928
f 3284 1223 1222
f 1330 1224 1491
f 1330 1491 1492
f 860 1492 1491
f 1491 1224 3356
f 1222 1329 1560
f 2119 1329 2566
f 493 2119 1227
f 2567 1330 2112
f 1492 2112 1330
f 1492 930 3481
f 3490 3120 3677
f 1228 3120 2437
f 2437 447 1228
f 1228 447 494
f 493 1227 494
f 1321 2119 493
f 1607 1319 1321
f 1605 1606 1607
f 2124 1605 3119
f 3119 216 2124
f 2442 3165 1924
f 282 2442 2443
f 281 282 283
f 216 217 218
f 767 216 218
f 766 281 2320
f 1964 2136 767
f 3141 766 2455
f 1965 2455 2321
f 3364 1964 1963
f 2321 3532 1965
f 1504 1963 1505
f 1723 1503 1505
f 1721 1722 1723
f 1721 2020 1722
f 1530 1529 2020
f 347 1530 348
f 399 2021 400
f 398 399 400
f 347 348 349
f 2297 349 2298
f 2218 2298 567
f 566 565 606
f 1947 566 606
f 606 1587 1947
f 1587 1586 1947
f 398 985 607
f 606 3176 1587
f 1587 3176 1585
f 985 984 1017
f 1585 3176 1934
f 1934 1933 1585
f 1017 2986 2975
f 2256 2976 2257
f 394 2256 2257
f 2986 2251 2975
f 2251 2252 43
f 43 3532 8
f 42 7 3080
f 1823 3090 1443
f 2976 3080 3079
f 2976 3079 2257
f 394 2257 351
f 1322 2256 394
f 1933 1322 1585
f 1585 1586 1587
f 1947 1586 1334
f 3702 566 1947
f 566 3702 2217
f 3190 3110 1946
f 567 2217 2218
f 1697 1696 2218
f 1697 2211 2212
f 3110 3190 123
f 700 124 123
f 2211 125 2212
f 2039 2212 1840
f 2038 2039 2040
f 2040 3265 1198
f 1105 3319 3329
f 3329 926 1105
f 1105 926 1106
f 1105 1106 1107
f 1105 1107 2037
f 1106 3669 1107
f 1107 3669 3273
f 1107 3273 2661
f 3320 2661 3273
f 3273 3653 3320
f 3321 3320 3653
f 3653 1990 3321
f 3321 1990 72
f 72 1992 3321
f 1992 72 71
f 1992 71 2662
f 2662 3320 1992
f 1990 842 72
f 73 72 842
f 73 842 646
f 1990 1991 842
f 842 1991 3046
f 1990 1376 1991
f 1991 1376 2100
f 1991 2100 3047
f 2099 2100 1376
f 1376 1375 2099
f 1375 1759 2099
f 2099 1759 1758
f 623 2099 1758
f 1757 1758 1759
f 1375 1044 1759
f 1044 1375 596
f 596 2086 1044
f 595 2086 596
f 514 595 596
f 513 595 514
f 512 513 514
f 512 514 1376
f 3178 513 512
f 1781 3178 512
f 3550 1781 512
f 3550 512 1990
f 1990 3669 3550
f 1779 3550 3669
f 1779 1781 3550
f 1779 1780 1781
f 1780 2786 1781
f 2786 1007 1781
f 2786 3557 1007
f 3557 1008 1007
f 632 1007 1008
f 632 1008 630
f 630 631 632
f 632 631 513
f 630 1948 631
f 1008 1948 630
f 1857 1948 1008
f 1948 1857 1856
f 266 1948 1856
f 1873 266 1856
f 1855 1873 1856
f 2060 1873 1855
f 3333 2060 1855
f 1843 3333 1855
f 1843 1855 1439
f 1438 1843 1439
f 1438 1439 1440
f 1438 1440 1406
f 1440 1439 2786
f 1439 1857 2786
f 3242 1843 1438
f 1439 1855 1857
f 1842 3333 1843
f 3333 1834 2060
f 1834 2061 2060
f 2061 1834 3240
f 953 1834 3333
f 1873 2060 2061
f 264 1873 2061
f 2061 1190 264
f 264 1190 265
f 264 265 266
f 265 1190 1191
f 2058 265 1191
f 963 1191 1190
f 1190 2061 964
f 1873 264 266
f 266 265 1948
f 1855 1856 1857
f 1007 632 3178
f 3557 1857 1008
f 3557 2786 1857
f 2786 1780 1440
f 2009 1440 1780
f 1780 926 2009
f 2009 926 925
f 2009 925 149
f 927 149 925
f 925 926 927
f 149 1440 2009
f 1440 149 148
f 926 1780 1779
f 1781 1007 3178
f 3178 632 513
f 513 631 595
f 631 2101 595
f 631 1941 2101
f 1941 1942 2101
f 2102 2101 1942
f 2101 2102 1283
f 2101 1283 2086
f 2086 1283 1284
f 595 2101 2086
f 514 596 1375
f 1375 1376 514
f 2099 623 2100
f 1990 512 1376
f 3669 1990 3653
f 3320 3321 1992
f 2661 3320 2662
f 3273 3669 3653
f 1106 1779 3669
f 1106 926 1779
f 3319 1105 3421
f 926 3329 3328
f 3097 3098 3099
f 926 3328 927
f 1839 1402 3098
f 927 147 149
f 147 148 149
f 148 1406 1440
f 1406 3242 1438
f 3242 1841 1843
f 3107 3108 3109
f 1841 1842 1843
f 3333 1842 953
f 953 952 1834
f 249 2926 3234
f 952 3240 1834
f 964 2061 3240
f 2926 962 3234
f 1190 964 963
f 2926 3778 962
f 1628 694 3778
f 1191 963 220
f 693 221 694
f 1191 220 219
f 1191 219 2058
f 265 2058 3195
f 3195 1948 265
f 1941 631 1948
f 1463 3344 3121
f 1941 1465 1942
f 1464 1463 3121
f 2088 1464 1225
f 1225 858 2088
f 3293 1942 1465
f 858 1475 2088
f 2102 1942 3293
f 383 1283 2102
f 1283 383 382
f 381 382 383
f 1283 382 1284
f 2086 1284 1044
f 2366 1058 1042
f 1759 1044 1043
f 1759 1043 1757
f 2018 1042 1058
f 1892 1757 1893
f 1757 1892 1758
f 624 623 1758
f 1932 2100 623
f 644 625 887
f 3047 2100 1932
f 1991 3047 3046
f 842 3046 646
f 73 646 645
f 71 72 73
f 2662 71 1826
f 1826 1825 2662
f 2663 2662 1825
f 3086 2646 875
f 1825 1826 1534
f 1021 1825 1534
f 1021 1534 1022
f 875 2646 1984
f 3220 602 601
f 3383 602 3220
f 1984 2646 2647
f 2647 644 886
f 886 644 887
f 3220 888 3383
f 602 3383 3272
f 600 601 602
f 876 601 600
f 1534 876 1133
f 1534 1133 2649
f 1535 1534 2649
f 1022 1534 1535
f 1020 1021 1022
f 757 1208 1144
f 1012 1011 1289
f 2216 1021 1020
f 1021 2663 1825
f 2661 2662 2663
f 2037 1107 2661
f 2037 3421 1105
f 1013 3422 1011
f 3319 3421 1451
f 1011 1012 1013
f 1451 1198 3265
f 1291 1196 1012
f 3648 1198 1197
f 1118 1120 1197
f 1565 1196 1291
f 1118 1119 1120
f 1119 2012 1528
f 2255 1788 2012
f 1290 1565 1291
f 1209 1208 1290
f 1789 1788 2255
f 1789 3204 2235
f 3204 3520 2235
f 3464 1208 757
f 3520 1708 3633
f 757 758 759
f 1708 1725 3633
f 3213 1725 2868
f 759 1966 1726
f 2868 1957 3213
f 1966 1132 1967
f 2304 1967 1132
f 1957 1809 1808
f 3623 2365 1809
f 1132 2862 2304
f 3271 2863 2862
f 2864 2196 3623
f 887 1299 2863
f 2196 1300 2179
f 887 482 1299
f 1300 1611 2179
f 480 481 482
f 1611 2180 2179
f 2178 2180 3285
f 1928 3285 1926
f 481 1059 2227
f 1926 1927 1928
f 1058 1920 1059
f 1919 1920 1474
f 1927 2853 3438
f 1474 1473 1919
f 1475 858 1473
f 3356 1224 2853
f 3356 860 1491
f 858 1225 859
f 930 1492 860
f 859 1225 929
f 930 3347 3481
f 929 1869 1870
f 2116 1870 1235
f 3347 2118 1676
f 1235 2117 2116
f 1674 1676 2118
f 276 3674 2117
f 276 221 3350
f 3495 3350 221
f 845 1674 3351
f 1674 845 844
f 635 2276 844
f 2277 635 634
f 2192 2191 63
f 63 3539 2192
f 3541 634 3401
f 1746 1745 3401
f 1744 1746 1387
f 1388 587 3544
f 1388 3544 3844
f 3844 3544 2317
f 8 1387 9
f 3090 9 1443
f 1442 1388 3844
f 1442 3844 3530
f 1823 1443 1824
f 1824 2243 1822
f 2243 2242 3083
f 2134 2242 3374
f 2134 2133 352
f 350 352 2133
f 350 3151 393
f 1323 3151 3302
f 1335 3302 3142
f 3662 3576 3367
f 3142 3575 3143
f 752 3143 3575
f 3575 3583 3589
f 3662 2135 3576
f 2135 1378 712
f 712 938 2379
f 713 3568 3384
f 938 940 2379
f 3568 686 469
f 3384 3568 469
f 711 3384 3583
f 3589 3583 3585
f 750 787 3774
f 750 3774 2087
f 3575 3589 752
f 751 3143 752
f 670 671 751
f 670 3517 124
f 157 124 3517
f 3526 158 157
f 3518 750 2087
f 3526 2095 1402
f 2095 299 2096
f 297 2087 3774
f 299 298 1407
f 789 2303 297
f 298 3107 3109
f 3108 3107 2939
f 788 251 2303
f 2939 250 951
f 250 249 951
f 3434 251 788
f 3434 468 3435
f 3436 3444 3433
f 470 3435 468
f 470 1623 2059
f 1623 515 1624
f 1624 515 1629
f 3444 1625 3433
f 249 3433 2926
f 2926 1628 3778
f 1624 1629 2226
f 1627 694 1628
f 515 517 1629
f 1627 693 694
f 516 1108 517
f 1025 3489 1108
f 221 693 3495
f 3350 3495 3406
f 86 1121 3406
f 3496 3489 87
f 846 86 2271
f 633 846 2271
f 2191 633 63
f 64 3478 88
f 3539 63 62
f 2192 3539 589
f 589 3544 587
f 416 2317 3544
f 3844 2317 3530
f 3530 3752 1442
f 2879 373 3163
f 2879 3163 3166
f 2878 1442 3752
f 2878 2884 2244
f 3166 2880 2879
f 3419 3167 2470
f 2468 3166 3163
f 375 3164 3163
f 2469 3161 2470
f 2611 2470 3161
f 2611 3161 3850
f 3850 3161 4082
f 3426 3850 4082
f 3426 4082 3014
f 3426 3014 3016
f 3016 4089 3426
f 4091 4089 3016
f 3855 4091 3016
f 3016 3734 3855
f 3855 3734 3856
f 3854 3855 3856
f 3856 434 3854
f 434 3944 3854
f 4003 3854 3944
f 4003 3944 3463
f 434 433 3944
f 3944 433 3815
f 3944 3815 2943
f 3815 433 3813
f 3813 3814 3815
f 3467 3815 3814
f 3814 4109 3467
f 4109 3814 3743
f 3743 4006 4109
f 294 4109 4006
f 4006 335 294
f 335 3485 294
f 335 334 3485
f 334 3912 3485
f 3912 334 3580
f 3912 3580 3913
f 3912 3913 2839
f 307 2839 3913
f 3913 3582 307
f 3582 3980 307
f 308 307 3980
f 3980 3816 308
f 3816 3682 308
f 308 3682 3992
f 308 3992 3994
f 309 308 3994
f 3985 309 3994
f 3985 3994 4129
f 4129 4133 3985
f 3984 3985 4133
f 4133 4136 3984
f 3984 4136 2430
f 2430 4138 3984
f 3823 3984 4138
f 3823 4138 3488
f 3824 3823 3488
f 3822 3823 3824
f 309 3822 3824
f 3824 3486 309
f 307 309 3486
f 3822 3984 3823
f 4138 2430 2420
f 2430 4136 4149
f 2431 2430 4149
f 2431 4149 3991
f 3991 3921 2431
f 3920 2431 3921
f 3919 3920 3921
f 3921 4157 3919
f 4157 4158 3919
f 4159 3919 4158
f 4158 4162 4159
f 3828 4159 4162
f 3828 4162 3829
f 3828 3829 3705
f 3705 4168 3828
f 4168 3705 4171
f 2981 4168 4171
f 2981 4171 2989
f 4175 2981 2989
f 4175 2989 2988
f 4175 2988 3740
f 4175 3740 4180
f 2673 4175 4180
f 2673 4180 4183
f 2673 4183 4186
f 4186 3835 2673
f 2671 2673 3835
f 2671 3835 2776
f 2776 4194 2671
f 4195 2671 4194
f 4196 4195 4194
f 2778 4196 4194
f 4199 4196 2778
f 4199 2778 3609
f 4201 4199 3609
f 4205 4201 3609
f 3498 4205 3609
f 3498 3609 2970
f 3609 3036 2970
f 2971 2970 3036
f 2971 3036 1306
f 2971 1306 2639
f 3611 2971 2639
f 3611 2639 2638
f 3608 3611 2638
f 2638 3607 3608
f 3507 3608 3607
f 3507 4218 3608
f 3607 2638 3619
f 3519 3607 3619
f 3519 3619 4220
f 4220 3527 3519
f 4220 3619 4225
f 4220 4225 3531
f 2866 3607 3519
f 3619 2638 4225
f 3836 4225 2638
f 3836 2638 2640
f 2640 3837 3836
f 3836 3837 2399
f 3837 4234 2399
f 2160 2399 4234
f 4234 4236 2160
f 4236 4239 2160
f 2152 2160 4239
f 4240 2152 4239
f 4239 3045 4240
f 4240 3045 4242
f 4242 2962 4240
f 3925 4240 2962
f 3925 2962 2961
f 4246 3925 2961
f 4246 2961 2809
f 4247 4246 2809
f 4247 2809 2808
f 4247 2808 3838
f 3838 2194 4247
f 3838 3839 2194
f 4253 2194 3839
f 4253 3839 4256
f 4256 2195 4253
f 4256 4258 2195
f 2195 4258 4259
f 4259 2185 2195
f 2185 4259 4263
f 4259 1287 4263
f 4263 1287 4266
f 2197 4263 4266
f 1287 3477 4266
f 2198 4266 3477
f 4268 4259 4258
f 3614 4268 4258
f 3614 4258 3617
f 1255 4259 4268
f 3617 4258 4256
f 4256 4272 3617
f 4272 4256 3839
f 4274 4272 3839
f 3618 4272 4274
f 3618 4274 3070
f 4274 4276 3070
f 3068 3070 4276
f 3068 4276 4279
f 4279 3786 3068
f 3068 3786 3069
f 3069 3786 4281
f 3587 3069 4281
f 4281 3591 3587
f 3591 4281 4285
f 3591 4285 3062
f 3591 3062 4287
f 4287 3062 3044
f 4287 3044 3790
f 3595 4287 3790
f 3789 3595 3790
f 3789 3790 4293
f 3789 4293 3883
f 3883 4293 4296
f 3883 4296 3884
f 3882 3883 3884
f 3882 3884 3933
f 3933 3050 3882
f 3884 4297 3933
f 4297 4299 3933
f 4301 3933 4299
f 1260 4301 4299
f 4301 1260 1259
f 3745 4301 1259
f 3736 3745 1259
f 3737 3736 1259
f 1258 3737 1259
f 3740 3737 1258
f 3735 3736 3737
f 3737 2988 3735
f 1240 3735 2988
f 1240 1239 3735
f 3735 1239 1279
f 3735 1279 4203
f 4203 3793 3735
f 4319 3793 4203
f 4319 4203 4192
f 4319 4192 4191
f 4191 3791 4319
f 4191 4324 3791
f 4324 2733 3791
f 3791 2733 3792
f 3791 3792 3793
f 4208 3793 3792
f 4208 3792 2565
f 2565 2564 4208
f 2564 3745 4208
f 3744 3745 2564
f 2563 3744 2564
f 3744 2563 4339
f 4339 4342 3744
f 4339 2648 4342
f 2979 4339 2563
f 2563 2732 2979
f 4346 2979 2732
f 4347 4346 2732
f 4349 4347 2732
f 4349 2732 3031
f 3031 3475 4349
f 4351 4349 3475
f 4351 3475 4163
f 4163 3021 4351
f 4351 3021 4357
f 3794 4357 3021
f 3794 3021 3795
f 4361 3794 3795
f 4363 4361 3795
f 4363 3795 3020
f 4363 3020 4368
f 4372 4363 4368
f 3755 4372 4368
f 3755 4368 4375
f 3755 4375 3804
f 3803 3755 3804
f 3802 3803 3804
f 3802 3804 4377
f 3893 3802 4377
f 4377 4353 3893
f 3893 4353 3894
f 3892 3893 3894
f 3892 3894 4107
f 3892 4107 4383
f 4384 3892 4383
f 4383 4388 4384
f 4391 4384 4388
f 4391 4388 3116
f 3116 4394 4391
f 4394 4008 4391
f 4008 4397 4391
f 4397 4008 4400
f 4397 4400 4403
f 4384 4397 4403
f 4403 3806 4384
f 3806 4407 4384
f 3806 3808 4407
f 4407 3808 3802
f 3806 3807 3808
f 3808 3807 4410
f 4410 4412 3808
f 4412 3803 3808
f 4412 4415 3803
f 3753 4415 4412
f 3748 3753 4412
f 4416 3748 4412
f 3746 3748 4416
f 4416 3554 3746
f 3554 3812 3746
f 3746 3812 4419
f 4419 4421 3746
f 4421 3902 3746
f 3902 3747 3746
f 3747 3902 3903
f 3753 3747 3903
f 3903 4423 3753
f 3753 4423 3754
f 3753 3754 3755
f 4423 4372 3754
f 4423 4429 4372
f 4423 4430 4429
f 4429 4430 4432
f 4361 4429 4432
f 4361 4432 3756
f 3756 4432 4430
f 3860 3756 4430
f 3861 3860 4430
f 3861 4430 3903
f 3525 3860 3861
f 3902 3525 3861
f 3525 3208 3860
f 3208 4437 3860
f 4437 3757 3860
f 4437 3207 3757
f 3757 3207 3758
f 3756 3757 3758
f 3756 3758 3794
f 3758 4444 3794
f 3758 3724 4444
f 4444 3724 4448
f 4448 4347 4444
f 3497 4347 4448
f 4212 3497 4448
f 3497 4212 4454
f 4454 4212 3727
f 3035 4454 3727
f 3035 3727 4457
f 3727 3729 4457
f 3765 4457 3729
f 3765 3729 3766
f 3766 4364 3765
f 4364 4366 3765
f 3765 4366 4463
f 3765 4463 3282
f 3283 3282 4463
f 3283 4463 3716
f 3716 4469 3283
f 4469 4470 3283
f 4470 3869 3283
f 3283 3869 3281
f 3281 3869 3501
f 4457 3281 3501
f 3282 3281 4457
f 4470 4479 3869
f 3869 4479 3033
f 4479 3769 3033
f 3769 3768 3033
f 3768 3769 3770
f 3770 3775 3768
f 4482 3768 3775
f 3775 3777 4482
f 4482 3777 3630
f 3777 4326 3630
f 3777 4487 4326
f 4326 4487 4321
f 4321 1576 4326
f 4326 1576 1578
f 3776 4321 4487
f 3776 3352 4321
f 3352 1544 4321
f 3777 3776 4487
f 3775 3776 3777
f 4485 3776 3775
f 4485 3353 3776
f 3768 4482 3630
f 3770 4485 3775
f 4496 4485 3770
f 4496 3770 4479
f 4479 4498 4496
f 4469 4496 4498
f 4469 3688 4496
f 3690 4496 3688
f 3688 3689 3690
f 3689 3692 3690
f 3690 3692 2955
f 3690 2955 4486
f 3691 3692 3689
f 3687 3691 3689
f 3686 3691 3687
f 1111 3686 3687
f 3687 3699 1111
f 3699 3494 1111
f 3688 3494 3699
f 3699 3687 3688
f 3686 1111 4510
f 3686 4510 988
f 988 4513 3686
f 4515 3686 4513
f 4513 4481 4515
f 4481 4517 4515
f 4515 4517 3779
f 4515 3779 3692
f 3779 3655 3692
f 3779 3780 3655
f 3878 3780 3779
f 3878 4522 3780
f 3780 4522 2872
f 4522 2870 2872
f 2870 4522 4524
f 4524 4038 2870
f 2871 2870 4038
f 3782 4038 4524
f 3877 3782 4524
f 3877 4524 3878
f 3876 3877 3878
f 3876 3878 4517
f 3731 3877 3876
f 3731 3783 3877
f 3731 4445 3783
f 3783 4445 4453
f 3783 4453 3781
f 3781 3782 3783
f 3782 3781 4037
f 3211 4037 3781
f 4539 3211 3781
f 3781 4041 4539
f 4539 4041 3943
f 3943 4027 4539
f 4027 4544 4539
f 4027 4026 4544
f 4026 4478 4544
f 4478 3211 4544
f 3212 3211 4478
f 4477 3212 4478
f 4477 4478 4547
f 4547 3927 4477
f 4477 3927 3926
f 3926 3210 4477
f 3210 3926 4488
f 4488 4484 3210
f 4037 3210 4484
f 4037 4484 4038
f 3437 4038 4484
f 4484 4488 279
f 362 279 4488
f 362 4488 3928
f 395 362 3928
f 3928 4488 3926
f 3926 3927 3928
f 3928 3927 354
f 3927 4547 355
f 4547 4428 355
f 4427 4428 4547
f 4427 4356 4428
f 3460 4428 4356
f 3931 4356 4427
f 4427 4026 3931
f 4026 3929 3931
f 3929 3930 3931
f 3931 3930 3636
f 3930 3843 3636
f 3637 3636 3843
f 3797 3637 3843
f 3842 3797 3843
f 3797 3842 3798
f 3796 3797 3798
f 3796 3798 4087
f 4370 3796 4087
f 4370 4087 4086
f 4369 4370 4086
f 4086 4088 4369
f 4369 4088 4525
f 4369 4525 3199
f 3298 4369 3199
f 3298 3199 3198
f 3288 3298 3198
f 3288 3198 3289
f 4154 3288 3289
f 4155 4154 3289
f 3296 4155 3289
f 3289 3295 3296
f 3305 3296 3295
f 3295 4315 3305
f 4461 3305 4315
f 4315 4314 4461
f 4461 4314 4462
f 4462 3306 4461
f 3306 4462 4468
f 3307 3306 4468
f 4468 3932 3307
f 3307 3932 3180
f 3296 3307 3180
f 3180 4335 3296
f 2850 3932 4468
f 2850 4468 4408
f 3305 3306 3307
f 4408 4468 4462
f 4462 4531 4408
f 2925 4408 4531
f 4531 4534 2925
f 4534 2923 2925
f 4533 4534 4531
f 4531 4573 4533
f 4540 4533 4573
f 4540 4573 4401
f 4540 4401 3188
f 4540 3188 2842
f 4402 4401 4573
f 4545 4402 4573
f 4402 4545 4314
f 4402 4314 3934
f 3934 4314 3935
f 3934 3935 3936
f 3934 3936 4401
f 4401 3936 3719
f 3935 3909 3936
f 3936 3909 3911
f 3936 3911 3191
f 4310 3191 3911
f 3911 3910 4310
f 3910 527 4310
f 4310 527 1762
f 1762 527 529
f 3910 4292 527
f 4292 4312 527
f 527 4312 3847
f 527 3847 528
f 3847 2830 528
f 3847 4312 2830
f 2830 4312 4436
f 4436 4441 2830
f 4441 3730 2830
f 4441 4436 4440
f 4440 3946 4441
f 3946 3175 4441
f 3175 3946 4446
f 4445 3175 4446
f 4445 4446 4447
f 4446 4580 4447
f 4447 4580 3941
f 4447 3941 4453
f 3941 4041 4453
f 4580 4029 3941
f 4029 3942 3941
f 3941 3942 3943
f 4029 4026 3942
f 4580 3929 4029
f 4521 3929 4580
f 4580 4088 4521
f 4521 4088 3798
f 4584 4088 4580
f 4584 4580 3945
f 4525 4584 3945
f 4525 3945 3852
f 3852 3945 3946
f 4446 3945 4580
f 3945 4446 3946
f 3852 3946 4440
f 3853 3852 4440
f 3851 3852 3853
f 4282 3851 3853
f 3907 4282 3853
f 3907 3853 3908
f 3906 3907 3908
f 3906 3908 3909
f 3909 3908 3910
f 3907 3906 3295
f 3295 3818 3907
f 3908 3853 4292
f 4436 4292 3853
f 3907 3818 4282
f 3818 3817 4282
f 4282 3817 3200
f 3198 3200 3817
f 3817 3818 3198
f 4282 3200 3851
f 3200 3852 3851
f 3200 3199 3852
f 3853 4440 4436
f 4292 4436 4312
f 3908 4292 3910
f 3909 3910 3911
f 3935 3906 3909
f 3906 3935 4314
f 4401 4402 3934
f 2841 4533 4540
f 4545 4573 4531
f 4533 3310 4534
f 2851 4408 2925
f 2925 2924 2851
f 4545 4531 4462
f 4545 4462 4314
f 4314 4315 3906
f 3305 4461 3306
f 3906 4315 3295
f 3307 3296 3305
f 3289 3818 3295
f 4155 3296 4335
f 4335 4329 4155
f 4329 4153 4155
f 3831 4153 4329
f 4329 4334 3831
f 4514 3831 4334
f 4334 2770 4514
f 4334 4335 2770
f 4514 3832 3831
f 3830 3831 3832
f 3832 3629 3830
f 4267 3830 3629
f 4267 3629 3918
f 3179 4267 3918
f 3134 3179 3918
f 3917 3134 3918
f 3916 3917 3918
f 3628 3916 3918
f 3628 3914 3916
f 3914 3961 3916
f 4048 3961 3914
f 4048 3914 4278
f 4060 4048 4278
f 4278 2834 4060
f 2834 2833 4060
f 3772 4060 2833
f 4063 4060 3772
f 4063 3772 3762
f 3762 4049 4063
f 3764 4049 3762
f 3762 3763 3764
f 3764 3763 3174
f 3764 3174 3173
f 3764 3173 4050
f 3173 4042 4050
f 4050 4042 3968
f 3961 4050 3968
f 3968 4381 3961
f 3128 3961 4381
f 4381 4382 3128
f 4382 3129 3128
f 3128 3129 3130
f 3917 3128 3130
f 3130 3129 4458
f 3130 4458 3135
f 3134 3130 3135
f 3126 3135 4458
f 3126 4458 3124
f 3124 3125 3126
f 3125 3154 3126
f 3154 3125 3952
f 3952 3155 3154
f 3153 3154 3155
f 3155 4473 3153
f 4473 4267 3153
f 4267 4473 4474
f 4474 4473 3840
f 4341 4474 3840
f 3923 4341 3840
f 3840 4411 3923
f 3923 4411 4418
f 3923 4418 3924
f 3922 3923 3924
f 3922 3924 3288
f 3923 3922 4340
f 4340 3922 4153
f 4153 3922 4154
f 4370 3924 4418
f 3924 4370 3298
f 4411 4422 4418
f 3797 4418 4422
f 3797 4422 3841
f 3840 3841 4422
f 3840 3155 3841
f 4422 4411 3840
f 4340 4341 3923
f 3830 4341 4340
f 3830 4474 4341
f 4473 3155 3840
f 3135 3154 3153
f 3179 3135 3153
f 3155 3952 3841
f 3637 3841 3952
f 3638 3637 3952
f 3952 3954 3638
f 3638 3954 4355
f 3638 4355 3636
f 4355 4356 3636
f 4356 4355 3145
f 4356 3145 3461
f 3145 4355 3954
f 3146 3145 3954
f 3146 3954 3953
f 3146 3953 3013
f 3013 3953 4165
f 4165 3953 4166
f 4165 4166 4167
f 4167 3007 4165
f 4167 4166 3622
f 4167 3622 3008
f 3956 3008 3622
f 4017 3956 3622
f 4018 4017 3622
f 3622 3621 4018
f 4179 4018 3621
f 3621 3881 4179
f 3880 4179 3881
f 3879 3880 3881
f 4104 3879 3881
f 4104 3881 4382
f 3821 3879 4104
f 3821 4104 4381
f 3821 3880 3879
f 3821 4020 3880
f 4020 4005 3880
f 4020 3887 4005
f 3886 4005 3887
f 3885 3886 3887
f 3887 3137 3885
f 4114 3885 3137
f 3137 3136 4114
f 3788 4114 3136
f 3787 3788 3136
f 3136 3845 3787
f 3845 3846 3787
f 3846 3845 4079
f 3846 4079 4047
f 3788 3846 4047
f 4046 3788 4047
f 4065 4046 4047
f 4065 4047 4054
f 4055 4065 4054
f 4054 3552 4055
f 3559 4055 3552
f 3551 3559 3552
f 3551 3552 3553
f 3105 3551 3553
f 3106 3105 3553
f 3106 3553 3279
f 3279 3558 3106
f 3558 3104 3106
f 3862 3104 3558
f 3606 3862 3558
f 3558 3975 3606
f 3975 3974 3606
f 3604 3606 3974
f 3974 4645 3604
f 3604 4645 4148
f 4148 3888 3604
f 3605 3604 3888
f 3976 3605 3888
f 3565 3976 3888
f 3565 3888 3895
f 3895 3563 3565
f 3563 3564 3565
f 3867 3565 3564
f 3955 3867 3564
f 3174 3955 3564
f 3564 3172 3174
f 3955 3174 4252
f 3986 3955 4252
f 3948 3986 4252
f 3889 3986 3948
f 3889 3948 3947
f 4257 3889 3947
f 4257 3947 3771
f 3771 2426 4257
f 4257 2426 3890
f 3890 2426 4012
f 3890 4012 4187
f 4187 3891 3890
f 3889 3890 3891
f 3891 4187 4188
f 3891 4188 3987
f 3891 3987 3986
f 3986 3987 3988
f 3988 3868 3986
f 3868 3988 3896
f 3868 3896 3976
f 3896 3863 3976
f 3864 3863 3896
f 3896 3897 3864
f 3864 3897 3104
f 3996 3104 3897
f 3987 3996 3897
f 3996 3799 3104
f 3104 3799 3105
f 3799 4118 3105
f 3799 4080 4118
f 4080 4123 4118
f 4118 4123 3551
f 4123 4076 3551
f 4123 3859 4076
f 4074 4076 3859
f 3859 3761 4074
f 4066 4074 3761
f 4127 4066 3761
f 3761 3760 4127
f 3760 4135 4127
f 4135 4064 4127
f 4064 4135 4046
f 4114 4046 4135
f 4135 3760 3885
f 3901 3885 3760
f 3760 3759 3901
f 3901 3759 4244
f 3901 4244 3905
f 4244 4235 3905
f 3904 3905 4235
f 4005 3904 4235
f 4235 4179 4005
f 4179 4235 4016
f 4235 4017 4016
f 3904 3886 3905
f 4235 4244 4017
f 4244 3759 3809
f 3809 3956 4244
f 3809 3811 3956
f 3809 3810 3811
f 3417 3811 3810
f 3809 3965 3810
f 3810 3965 3857
f 3420 3810 3857
f 3965 3966 3857
f 3857 3966 3971
f 2680 3857 3971
f 3858 2680 3971
f 3761 3858 3971
f 3761 3971 3759
f 3966 3759 3971
f 3965 3759 3966
f 3965 3809 3759
f 3885 3901 3905
f 3759 3760 3761
f 4127 4064 4066
f 4064 4065 4066
f 4066 4065 4663
f 4073 4066 4663
f 4073 4663 4055
f 4073 4074 4066
f 3858 3761 3859
f 3423 3858 3859
f 4073 4076 4074
f 3559 4076 4073
f 3859 4123 3423
f 4080 3423 4123
f 4080 3799 3999
f 4080 3999 4081
f 4081 2428 4080
f 4012 2428 4081
f 4187 4081 3999
f 3996 3999 3799
f 4188 3999 3996
f 3987 3897 3896
f 3862 3863 3864
f 3896 3988 3987
f 3987 4188 3996
f 4188 4187 3999
f 4012 4081 4187
f 2426 2428 4012
f 3771 4019 2426
f 2999 2426 4019
f 2999 4019 2905
f 3227 4019 3771
f 3947 3772 3771
f 3681 3771 3772
f 3890 3889 4257
f 3947 3948 3763
f 3889 3891 3986
f 3986 3868 3955
f 3948 4252 3174
f 3955 3868 3867
f 3867 3868 3565
f 3563 3172 3564
f 3958 3172 3563
f 3563 3513 3958
f 3513 3094 3958
f 3094 3093 3958
f 3962 3958 3093
f 3962 3093 3963
f 3963 3173 3962
f 3172 3962 3173
f 3963 3093 3967
f 4042 3963 3967
f 3093 3819 3967
f 3821 3967 3819
f 3819 3820 3821
f 3095 3820 3819
f 3095 3671 3820
f 3671 4020 3820
f 3671 3670 4020
f 3670 3138 4020
f 3670 3136 3138
f 3136 3670 4061
f 3136 4061 3393
f 3393 4061 3267
f 3393 3267 3391
f 3391 3392 3393
f 3393 3392 3845
f 3336 3392 3391
f 3391 3269 3336
f 3337 3336 3269
f 3269 3388 3337
f 3387 3337 3388
f 3387 3388 3389
f 3389 3410 3387
f 4150 3387 3410
f 3409 4150 3410
f 3409 3410 3411
f 4040 3409 3411
f 4040 3411 3314
f 3314 3313 4040
f 4128 4040 3313
f 4083 4128 3313
f 4083 3313 3732
f 3875 4083 3732
f 3732 3642 3875
f 3874 3875 3642
f 3642 3873 3874
f 3874 3873 4090
f 3874 4090 4119
f 4099 3874 4119
f 4119 4097 4099
f 4097 4098 4099
f 4126 4099 4098
f 4126 4098 4102
f 4103 4126 4102
f 4102 3784 4103
f 3785 4103 3784
f 3784 3663 3785
f 3663 3361 3785
f 3785 3361 3505
f 4211 3785 3505
f 4211 3505 3299
f 4028 4211 3299
f 3875 4028 3299
f 3299 3301 3875
f 3875 3301 4128
f 3301 4033 4128
f 3300 4033 3301
f 3300 3997 4033
f 3997 3982 4033
f 4033 3982 4039
f 4033 4039 4040
f 3982 3981 4039
f 4039 3981 4150
f 3981 4197 4150
f 3981 4190 4197
f 4190 4489 4197
f 4480 4197 4489
f 4480 4489 4483
f 4483 4079 4480
f 4079 3336 4480
f 3336 3338 4480
f 4483 4687 4079
f 3990 4687 4483
f 3990 4072 4687
f 4072 4054 4687
f 3553 4072 3990
f 3990 4483 4489
f 3990 4489 3483
f 3280 3990 3483
f 3482 3280 3483
f 3482 3483 3484
f 3900 3482 3484
f 3484 3983 3900
f 4433 3900 3983
f 4424 4433 3983
f 4424 3983 4425
f 4248 4424 4425
f 3503 4248 4425
f 4425 4690 3503
f 3503 4690 3504
f 3503 3504 3505
f 3503 3505 3360
f 3718 3503 3360
f 3360 4434 3718
f 3718 4434 3717
f 3717 3656 3718
f 3658 3718 3656
f 3656 3657 3658
f 3503 3658 3657
f 3657 3656 3895
f 3895 4148 3657
f 4148 4362 3657
f 4362 4248 3657
f 4362 4433 4248
f 4433 4362 3898
f 4645 3898 4362
f 3899 3898 4645
f 3898 3899 3900
f 3656 3514 3895
f 3514 3656 3717
f 3717 3649 3514
f 3649 3515 3514
f 3513 3514 3515
f 3515 4466 3513
f 3515 3649 4466
f 3649 3249 4466
f 4466 3249 4151
f 4151 3094 4466
f 4459 3094 4151
f 4151 3534 4459
f 3534 3536 4459
f 4459 3536 3671
f 3534 3535 3536
f 3535 4061 3536
f 3534 4147 3535
f 4147 3726 3535
f 3726 3267 3535
f 3268 3267 3726
f 3726 4146 3268
f 4139 3268 4146
f 4537 4139 4146
f 4537 4146 4538
f 4532 4537 4538
f 4532 4538 3251
f 4434 4532 3251
f 4434 4058 4532
f 4532 4058 4057
f 4680 4532 4057
f 4057 3939 4680
f 4680 3939 4139
f 3939 3938 4139
f 4139 3938 3547
f 3547 3938 3940
f 3547 3940 3546
f 3546 3388 3547
f 3940 4305 3546
f 4305 3389 3546
f 4305 4231 3389
f 4231 4305 4492
f 4302 4231 4492
f 4302 4492 4303
f 3314 4302 4303
f 3560 3314 4303
f 3560 4303 3561
f 3560 3561 3562
f 3562 4505 3560
f 3560 4505 3315
f 3315 4505 3738
f 3643 3315 3738
f 3643 3738 3739
f 4111 3643 3739
f 4111 3739 4590
f 4116 4111 4590
f 4116 4590 3238
f 3238 3237 4116
f 3237 4120 4116
f 4117 4116 4120
f 4117 4120 4090
f 4090 3644 4117
f 4117 3644 4111
f 3237 4456 4120
f 4097 4120 4456
f 4456 4449 4097
f 4097 4449 4105
f 4105 4449 3571
f 3570 4105 3571
f 3570 3571 3572
f 3570 3572 4523
f 4523 4106 3570
f 4102 4106 4523
f 4523 4519 4102
f 4520 4519 4523
f 4519 4520 3404
f 3404 3222 4519
f 4519 3222 3588
f 4519 3588 3784
f 3222 3224 3588
f 3588 3224 4526
f 4526 3663 3588
f 3664 3663 4526
f 4526 3749 3664
f 3749 3750 3664
f 3359 3664 3750
f 4058 3359 3750
f 3360 3359 4058
f 3359 3360 3361
f 3361 3664 3359
f 3749 4174 3750
f 4174 4286 3750
f 3750 4286 4057
f 4174 4185 4286
f 4185 3937 4286
f 4286 3937 3939
f 3937 4185 3432
f 3432 3683 3937
f 3685 3937 3683
f 3683 3684 3685
f 3940 3685 3684
f 3684 4396 3940
f 3684 4395 4396
f 4161 4396 4395
f 3372 4161 4395
f 4395 3370 3372
f 3370 3371 3372
f 3372 3371 4393
f 4392 3372 4393
f 4392 4393 4409
f 4360 4392 4409
f 4360 4409 4655
f 4358 4360 4655
f 4358 4655 4345
f 4345 3396 4358
f 3396 4359 4358
f 3396 3738 4359
f 3396 4323 3738
f 4323 3396 3739
f 3739 3396 3395
f 3395 3396 3397
f 4508 3395 3397
f 4508 3397 3468
f 4320 4508 3468
f 4320 3468 3441
f 3441 4338 4320
f 3238 4320 4338
f 3239 3238 4338
f 4338 3700 3239
f 4518 3239 3700
f 4518 3700 3571
f 3571 3700 3701
f 4110 3571 3701
f 3701 3714 4110
f 3714 3440 4110
f 3405 4110 3440
f 3405 3440 4660
f 3405 4660 3403
f 3403 3404 3405
f 3404 3403 3223
f 3403 3866 3223
f 3866 3708 3223
f 3223 3708 4280
f 3223 4280 3224
f 3224 4280 4702
f 3224 4702 4277
f 3224 4277 4173
f 3749 3224 4173
f 4173 4277 4184
f 4173 4184 4174
f 4277 3430 4184
f 4184 3430 3432
f 3430 3431 3432
f 3431 3430 3457
f 3457 3459 3431
f 3431 3459 3683
f 3459 4371 3683
f 3459 4172 4371
f 4172 3370 4371
f 3459 3458 4172
f 3707 4172 3458
f 3707 3458 3457
f 3708 3707 3457
f 3706 3707 3708
f 3439 3707 3706
f 4464 3439 3706
f 3865 4464 3706
f 3865 3706 3866
f 4660 4464 3865
f 3440 3439 4464
f 3439 3440 3441
f 3441 3469 3439
f 3469 3870 3439
f 3870 3872 3439
f 3870 3871 3872
f 3871 4393 3872
f 3871 4707 4393
f 4655 4707 3871
f 4345 3871 3870
f 3397 4345 3870
f 3870 3469 3397
f 3439 3872 3707
f 3872 3371 3707
f 3707 3371 4172
f 3457 3458 3459
f 4280 3457 3430
f 4702 3430 4277
f 4702 4280 3430
f 3708 3457 4280
f 3866 3706 3708
f 3403 3865 3866
f 4660 3865 3403
f 4464 4660 3440
f 4110 3405 3572
f 3405 4520 3572
f 3714 3441 3440
f 3701 3700 3714
f 4456 3239 4518
f 4338 3714 3700
f 4338 3441 3714
f 3468 3469 3441
f 4508 4320 4590
f 3468 3397 3469
f 4590 3395 4508
f 3396 4345 3397
f 4345 4655 3871
f 4358 4359 4360
f 4359 3562 4360
f 4655 4409 4707
f 4392 4360 3562
f 3562 4160 4392
f 3562 4052 4160
f 4052 4161 4160
f 4052 4305 4161
f 4707 4409 4393
f 3372 4392 4160
f 3371 3872 4393
f 3371 3370 4172
f 4371 3370 4395
f 4160 4161 3372
f 4305 4396 4161
f 3684 4371 4395
f 3684 3683 4371
f 3937 3685 3938
f 3432 3431 3683
f 4184 3432 4185
f 4184 4185 4174
f 4173 4174 3749
f 4526 3224 3749
f 3222 3223 3224
f 3404 3223 3222
f 3404 4520 3405
f 4520 4523 3572
f 3572 3571 4110
f 3570 4106 4105
f 4105 4106 4098
f 3571 4449 4518
f 4456 4518 4449
f 3239 4456 3237
f 3237 3238 3239
f 3238 4590 4320
f 4111 4116 4117
f 4590 3739 3395
f 3643 4111 3644
f 3642 3643 3644
f 3739 3738 4323
f 3732 3315 3643
f 4359 3738 4505
f 4505 3562 4359
f 3561 4052 3562
f 3561 4492 4052
f 3314 3560 3315
f 4303 4492 3561
f 4302 3411 4231
f 4492 4305 4052
f 3940 4396 4305
f 3685 3940 3938
f 3937 3938 3939
f 3939 4057 4286
f 3750 4057 4058
f 3251 4538 3249
f 3249 3250 3251
f 3717 3251 3250
f 4532 4680 4537
f 4146 3249 4538
f 4146 4147 3249
f 4537 4680 4139
f 4139 3547 3268
f 3547 4721 3268
f 3268 4721 3269
f 3547 3269 4721
f 3267 3268 3269
f 4146 3726 4147
f 3249 4147 3534
f 3094 4459 3095
f 3249 3534 4151
f 3649 3250 3249
f 3717 3250 3649
f 3717 4434 3251
f 4058 4434 3360
f 3718 3658 3503
f 3504 3300 3505
f 4690 3997 3504
f 3657 4248 3503
f 4690 4425 3983
f 4690 3983 3982
f 4248 4433 4424
f 4433 3898 3900
f 3983 3484 3981
f 3899 3482 3900
f 3899 3278 3482
f 3975 3278 3899
f 3482 3278 3280
f 3278 3279 3280
f 3280 3279 3990
f 3483 4489 3484
f 4197 4480 3338
f 3387 4197 3338
f 3484 4489 4190
f 3484 4190 3981
f 3981 3982 3983
f 3982 3997 4690
f 3504 3997 3300
f 3299 3300 3301
f 4211 4028 4099
f 4211 4099 4103
f 3300 3299 3505
f 3361 3360 3505
f 3361 3663 3664
f 3784 3588 3663
f 4103 3785 4211
f 3784 4102 4519
f 4102 4098 4106
f 4126 4103 4099
f 4098 4097 4105
f 4097 4119 4120
f 4028 3874 4099
f 4120 4119 4090
f 3644 4090 3873
f 3873 3642 3644
f 3875 3874 4028
f 3642 3732 3643
f 3732 3313 3315
f 3875 4128 4083
f 4128 4033 4040
f 3313 3314 3315
f 3314 3411 4302
f 4039 3409 4040
f 4231 3411 3410
f 4039 4150 3409
f 4150 4197 3387
f 3410 3389 4231
f 3388 3546 3389
f 3337 3387 3338
f 3388 3269 3547
f 3336 3337 3338
f 3392 3336 4079
f 3269 3391 3267
f 3535 3267 4061
f 4061 3670 3536
f 3536 3670 3671
f 3095 4459 3671
f 3967 3821 3968
f 3093 3095 3819
f 3093 3094 3095
f 3513 4466 3094
f 3514 3513 3563
f 3962 3172 3958
f 3514 3563 3895
f 3868 3976 3565
f 3605 3976 3863
f 3605 3863 3606
f 3888 4148 3895
f 4362 4148 4645
f 4645 3974 3899
f 3604 3605 3606
f 3974 3975 3899
f 3975 3558 3278
f 3863 3862 3606
f 3864 3104 3862
f 3558 3279 3278
f 3279 3553 3990
f 3104 3105 3106
f 3551 3105 4118
f 3553 3552 4072
f 3551 4076 3559
f 3559 4073 4055
f 4054 4072 3552
f 4055 4663 4065
f 4687 4054 4047
f 4064 4046 4065
f 4687 4047 4079
f 3845 3392 4079
f 3393 3845 3136
f 3846 3788 3787
f 4114 3788 4046
f 3136 3137 3138
f 4114 4135 3885
f 3138 3137 3887
f 3885 3905 3886
f 4005 3886 3904
f 3138 3887 4020
f 3820 4020 3821
f 4005 4179 3880
f 3621 3129 3881
f 3620 3129 3621
f 4018 4179 4016
f 3620 3621 3622
f 4016 4017 4018
f 4244 3956 4017
f 3008 3956 3811
f 3622 4166 3620
f 4166 4458 3620
f 4166 3953 3124
f 3145 3146 3147
f 3146 3466 3147
f 3952 3953 3954
f 3953 3952 3125
f 3124 3953 3125
f 4458 4166 3124
f 3135 3126 3154
f 4458 3129 3620
f 4382 3881 3129
f 4381 4104 4382
f 3961 3128 3917
f 3968 3821 4381
f 4042 3967 3968
f 3173 3963 4042
f 3172 3173 3174
f 3763 3948 3174
f 3762 3947 3763
f 3764 4050 4049
f 4048 4049 4050
f 3772 3947 3762
f 4060 4063 4049
f 2602 2834 4278
f 3915 2602 4278
f 472 2602 3915
f 472 3915 3628
f 472 3628 3629
f 4060 4049 4048
f 3915 4278 3914
f 4048 4050 3961
f 3914 3628 3915
f 3961 3917 3916
f 3917 3130 3134
f 3134 3135 3179
f 4267 3179 3153
f 3918 3629 3628
f 3830 4267 4474
f 472 3629 3832
f 3831 3830 4340
f 4514 1756 3832
f 473 3832 1756
f 4340 4153 3831
f 4329 4335 4334
f 4153 4154 4155
f 3288 4154 3922
f 3289 3198 3818
f 3924 3298 3288
f 3198 3199 3200
f 3199 4525 3852
f 4584 4525 4088
f 4370 4369 3298
f 4086 4087 4088
f 4418 3796 4370
f 4087 3798 4088
f 4418 3797 3796
f 3798 3842 4521
f 3930 4521 3842
f 3841 3637 3797
f 3636 3637 3638
f 3843 3930 3842
f 4521 3930 3929
f 4029 3929 4026
f 4356 3931 3636
f 4478 4427 4547
f 3210 3212 4477
f 3210 3211 3212
f 4026 4427 4478
f 3942 4026 4027
f 4027 3943 3942
f 3943 4041 3941
f 4539 4544 3211
f 4037 3211 3210
f 4041 3781 4453
f 4453 4445 4447
f 3782 3877 3783
f 3782 4037 4038
f 3878 4524 4522
f 4517 3878 3779
f 3876 4517 4481
f 4481 987 3876
f 4513 987 4481
f 3686 4515 3691
f 3692 3691 4515
f 3689 3688 3687
f 3690 4486 4496
f 3494 3688 4469
f 4496 4486 4485
f 3654 4485 4486
f 4479 3770 3769
f 4470 4498 4479
f 4498 4470 4469
f 3494 4469 3716
f 3715 3494 3716
f 4426 3715 3716
f 3721 3715 4426
f 4426 4366 3721
f 4366 4365 3721
f 3721 4365 3253
f 4662 3253 4365
f 4365 3254 4662
f 4198 3254 4365
f 4364 4198 4365
f 3720 3715 3721
f 1564 3720 3721
f 3720 3493 3715
f 3248 3493 3720
f 3494 3715 3493
f 3493 2642 3494
f 4426 3716 4463
f 3281 3282 3283
f 4463 4366 4426
f 4364 4365 4366
f 4198 4364 3766
f 3766 1553 4198
f 4189 1553 3766
f 3805 1553 4189
f 3805 4189 3728
f 3728 4212 3805
f 3805 4212 3801
f 3800 3805 3801
f 3800 3801 3723
f 4200 3800 3723
f 2504 4200 3723
f 2504 3723 3725
f 3723 3724 3725
f 3800 4200 4219
f 3203 4219 4200
f 3723 3801 3724
f 4219 3805 3800
f 3202 3805 4219
f 3801 4212 3724
f 3728 4189 3729
f 4189 3766 3729
f 3765 3282 4457
f 3727 3728 3729
f 3728 3727 4212
f 3724 4212 4448
f 3725 3724 3758
f 3207 3725 3758
f 3524 3208 3525
f 3524 3525 2892
f 3525 4746 2892
f 4421 4746 3525
f 3860 3757 3756
f 3903 4430 4423
f 3902 3861 3903
f 4421 3525 3902
f 4421 4419 4746
f 4541 4746 4419
f 4746 4541 2893
f 4419 3812 4541
f 4541 3812 4450
f 4450 3733 4541
f 4541 3733 4082
f 4541 4082 3160
f 3015 4082 3733
f 3733 3734 3015
f 4300 3734 3733
f 4300 4010 3734
f 4010 4300 4493
f 4493 432 4010
f 4010 432 434
f 3741 432 4493
f 3741 4493 4637
f 3741 4637 3807
f 3741 3807 3742
f 3741 3742 3743
f 3742 3751 3743
f 3742 4400 3751
f 3555 3807 4637
f 4637 3556 3555
f 3554 3555 3556
f 4664 3554 3556
f 4439 3554 4664
f 4664 4438 4439
f 4438 3812 4439
f 4664 4300 4438
f 4300 4450 4438
f 4664 3556 4637
f 4493 4664 4637
f 432 3741 3743
f 3813 432 3743
f 4664 4493 4300
f 3733 4450 4300
f 4438 4450 3812
f 4439 3812 3554
f 3554 4416 3555
f 3555 4416 4410
f 3746 3747 3748
f 3753 3748 3747
f 3755 4415 3753
f 4416 4412 4410
f 4410 3807 3555
f 3807 3806 3742
f 3742 3806 4403
f 3742 4403 4400
f 4400 4008 3751
f 3751 4008 333
f 3751 333 335
f 334 333 4008
f 3581 4008 4394
f 3581 4394 3979
f 3581 3979 3582
f 3580 3581 3582
f 3979 4394 3678
f 4284 3979 3678
f 3679 4284 3678
f 3678 3118 3679
f 3679 3118 4715
f 4294 3679 4715
f 4294 4715 2508
f 4294 2508 2507
f 4294 2507 4636
f 4294 4636 4295
f 3377 4294 4295
f 3377 4295 4718
f 4718 4389 3377
f 3377 4389 3378
f 3377 3378 3379
f 4284 3379 3378
f 3378 4390 4284
f 4284 4390 3816
f 3378 4389 4390
f 4390 4389 2900
f 4390 2900 3682
f 2900 2902 3682
f 2902 3993 3682
f 2902 3652 3993
f 4405 3993 3652
f 3652 4406 4405
f 4404 4405 4406
f 4406 4621 4404
f 4404 4621 4644
f 4656 4404 4644
f 4656 4644 4133
f 4404 4656 4129
f 4621 3693 4644
f 3991 4644 3693
f 3693 3695 3991
f 3693 3694 3695
f 3695 3694 4643
f 4157 3695 4643
f 4332 4157 4643
f 4332 4643 3694
f 3694 2496 4332
f 4332 2496 2422
f 4332 2422 4333
f 4158 4332 4333
f 4158 4333 3413
f 3412 4158 3413
f 3412 3413 3414
f 3412 3414 3829
f 4021 3829 3414
f 4021 3414 4270
f 4270 4271 4021
f 3697 4021 4271
f 3697 4271 3698
f 2207 3697 3698
f 2205 2207 3698
f 3698 4629 2205
f 2165 2205 4629
f 4629 4275 2165
f 2166 2165 4275
f 2166 4275 4587
f 4632 2166 4587
f 4632 4587 4586
f 4715 4632 4586
f 2166 4632 3117
f 3117 2164 2166
f 4108 2164 3117
f 3116 4108 3117
f 3116 3117 3118
f 4588 2164 4108
f 4108 3639 4588
f 3989 4588 3639
f 3639 3641 3989
f 3641 3998 3989
f 4378 3989 3998
f 3446 4378 3998
f 3998 4176 3446
f 4176 3711 3446
f 3711 3445 3446
f 3445 2206 3446
f 2206 2205 3446
f 3445 1241 2206
f 1241 2207 2206
f 1241 3767 2207
f 3767 3704 2207
f 2207 3704 3703
f 3703 3704 3705
f 3773 3703 3705
f 4007 3773 3705
f 3773 4007 4021
f 3703 3773 3697
f 4471 3705 3704
f 3705 4471 2989
f 1240 2989 4471
f 3767 1240 4471
f 4471 3704 3767
f 3767 1241 1240
f 3445 1278 1241
f 1278 1239 1241
f 3711 1278 3445
f 3710 1278 3711
f 3710 4204 1278
f 4204 1279 1278
f 4204 3710 4192
f 4193 4192 3710
f 4193 3710 4661
f 4661 4420 4193
f 3476 4193 4420
f 4324 4193 3476
f 3030 4324 3476
f 3030 3476 3475
f 3474 3475 3476
f 3474 3476 4661
f 4661 4177 3474
f 4344 3474 4177
f 3712 4344 4177
f 3712 4177 3998
f 3640 3712 3998
f 3712 3640 3713
f 4649 3713 3640
f 3640 3894 4649
f 4649 3894 4352
f 4352 4354 4649
f 4352 4353 4354
f 3894 3640 3639
f 3713 4649 4354
f 4375 3713 4354
f 4375 4602 3713
f 4602 3022 3713
f 3713 3022 4164
f 3713 4164 4344
f 4163 4164 3022
f 4163 3474 4164
f 4368 3022 4602
f 3713 4344 3712
f 3474 4344 4164
f 4661 4176 4177
f 4661 3476 4420
f 4661 3710 4176
f 3710 3711 4176
f 4176 3998 4177
f 3446 2205 4378
f 4378 2205 3989
f 3989 2205 4603
f 3640 3998 3641
f 3639 3640 3641
f 4588 3989 4603
f 4603 2165 4588
f 4107 3639 4108
f 2164 4588 2165
f 3118 3117 4632
f 4275 4586 4587
f 4586 4275 4757
f 4586 4757 2174
f 2174 2508 4586
f 2508 2174 2509
f 2509 2174 2173
f 2173 4589 2509
f 3230 2509 4589
f 3230 4589 2170
f 3230 2170 2169
f 3548 3230 2169
f 3548 2169 2171
f 2171 4044 3548
f 4043 3548 4044
f 4043 4044 4495
f 4043 4495 4491
f 4490 4043 4491
f 4490 4491 2933
f 2933 3849 4490
f 4638 4490 3849
f 3848 4638 3849
f 3848 3849 2477
f 2477 2476 3848
f 4497 3848 2476
f 2476 3646 4497
f 3645 4497 3646
f 3645 3646 3647
f 4140 3645 3647
f 4140 3647 4141
f 4140 4141 4142
f 4507 4140 4142
f 4507 4142 2363
f 4506 4507 2363
f 4506 2363 3650
f 4697 4506 3650
f 3652 4697 3650
f 3650 3651 3652
f 3651 3650 2362
f 2362 3261 3651
f 3651 3261 4406
f 3261 2362 3259
f 3259 3260 3261
f 4249 3261 3260
f 3260 4692 4249
f 4249 4692 4250
f 4249 4250 4251
f 4251 4621 4249
f 4250 3694 4251
f 4250 4620 3694
f 4250 4691 4620
f 4691 2423 4620
f 4620 2423 2496
f 4691 4260 2423
f 4260 4070 2423
f 2424 2423 4070
f 2424 4070 4622
f 2424 4622 3660
f 3659 2424 3660
f 3659 3660 3661
f 3978 3659 3661
f 2847 3978 3661
f 2848 2847 3661
f 2848 3661 2591
f 2848 2591 4560
f 4559 2848 4560
f 4559 4560 2590
f 3666 4559 2590
f 2590 2589 3666
f 3665 3666 2589
f 3665 2589 4202
f 4202 3827 3665
f 3665 3827 3292
f 3291 3665 3292
f 3290 3291 3292
f 3292 4699 3290
f 4121 3290 4699
f 4699 4122 4121
f 2932 4121 4122
f 2584 2932 4122
f 2584 4122 4594
f 2584 4594 4595
f 4131 2584 4595
f 4131 4595 3626
f 3626 2705 4131
f 4131 2705 4132
f 4130 4131 4132
f 4130 4132 4597
f 4597 2561 4130
f 3667 4130 2561
f 2561 2560 3667
f 3667 2560 3668
f 4233 3667 3668
f 4233 3668 4013
f 4013 4232 4233
f 4232 4617 4233
f 4616 4617 4232
f 4616 4232 4221
f 3672 4616 4221
f 3672 4221 4704
f 4704 3673 3672
f 3672 3673 2910
f 2910 4241 3672
f 4241 3326 3672
f 4618 3672 3326
f 3325 4618 3326
f 3325 3326 3327
f 3325 3327 3964
f 3325 3964 4141
f 3598 3964 3327
f 3327 2548 3598
f 2548 2550 3598
f 3259 3598 2550
f 2550 4552 3259
f 4552 2550 4553
f 3972 4552 4553
f 4553 3973 3972
f 3972 3973 3112
f 3972 3112 4692
f 3112 4691 4692
f 3112 3973 2517
f 3112 2517 3113
f 3112 3113 4260
f 3113 2517 4071
f 4070 3113 4071
f 4070 4071 3602
f 4678 3602 4071
f 3602 4678 3600
f 3600 3601 3602
f 4622 3602 3601
f 3601 3600 4077
f 3601 4077 4202
f 4078 4202 4077
f 4077 2351 4078
f 2351 2350 4078
f 2350 4581 4078
f 4078 4581 3825
f 2356 3825 4581
f 4581 2341 2356
f 2341 2340 2356
f 2354 2356 2340
f 2340 3613 2354
f 3612 2354 3613
f 3612 3613 4609
f 3381 3612 4609
f 4609 4568 3381
f 3158 3381 4568
f 4568 4015 3158
f 4014 3158 4015
f 4013 4014 4015
f 4221 4013 4015
f 3156 3158 4014
f 4014 3668 3156
f 3156 3157 3158
f 3157 4306 3158
f 4548 4306 3157
f 3616 4548 3157
f 3157 3951 3616
f 3616 3951 3634
f 3634 1884 3616
f 3615 3616 1884
f 3615 1884 4035
f 4035 2713 3615
f 2713 2715 3615
f 3960 3615 2715
f 3959 3960 2715
f 2715 4688 3959
f 4688 4689 3959
f 3959 4689 3019
f 3959 3019 4307
f 4307 3019 3018
f 4306 4307 3018
f 4306 3018 3381
f 3018 3017 3381
f 2354 3381 3017
f 3017 2355 2354
f 3017 4767 2355
f 2355 4767 4304
f 2356 2355 4304
f 4304 3826 2356
f 2720 3826 4304
f 3187 3826 2720
f 3187 2720 4695
f 3187 4695 3625
f 3625 3185 3187
f 3185 3186 3187
f 3185 4313 3186
f 4313 3827 3186
f 3827 3826 3186
f 3825 3826 3827
f 4313 3185 4699
f 3626 3185 3625
f 3625 2703 3626
f 2703 3625 4322
f 2703 4322 3833
f 2704 2703 3833
f 3833 3834 2704
f 4152 2704 3834
f 3834 4701 4152
f 4025 4152 4701
f 4337 4025 4701
f 4337 4701 4336
f 4336 1915 4337
f 4085 4337 1915
f 4085 1915 1914
f 3631 4085 1914
f 3631 1914 3632
f 3631 3632 1879
f 3631 1879 1878
f 4583 3631 1878
f 1878 1887 4583
f 4583 1887 1886
f 4101 4583 1886
f 4100 4101 1886
f 4100 1886 3635
f 3219 4100 3635
f 3635 2562 3219
f 2562 2561 3219
f 4024 3219 2561
f 3219 4024 4023
f 4085 3219 4023
f 4023 4024 4025
f 4024 4694 4025
f 4694 4024 4597
f 3634 2562 3635
f 3635 1885 3634
f 1883 1885 3635
f 1883 3635 4036
f 4036 4035 1883
f 4034 4035 4036
f 4558 4034 4036
f 4558 4564 4034
f 4564 4577 4034
f 4564 4575 4577
f 4575 4576 4577
f 4576 4737 4577
f 4577 4737 2713
f 4737 2714 2713
f 4737 4562 2714
f 2714 4562 4688
f 4562 4561 4688
f 4561 4735 4688
f 4561 4736 4735
f 4735 4736 2686
f 4735 2686 2688
f 2688 4689 4735
f 4689 2688 4726
f 2688 4563 4726
f 4563 2721 4726
f 2721 4767 4726
f 2720 4767 2721
f 2720 2721 2722
f 4729 2720 2722
f 4728 4729 2722
f 2722 4712 4728
f 4728 4712 4711
f 4728 4711 2736
f 2736 4727 4728
f 4727 3833 4728
f 3834 4727 2736
f 2736 2735 3834
f 2735 2736 2737
f 4336 2735 2737
f 4336 2737 2921
f 2921 2737 4713
f 2921 4713 3028
f 2921 3028 3029
f 3029 2922 2921
f 1916 2921 2922
f 2922 4606 1916
f 1914 1916 4606
f 4606 2922 2670
f 4606 2670 2669
f 2669 4607 4606
f 4606 4607 3632
f 3632 4607 4608
f 3632 4608 2074
f 2074 4608 2064
f 2064 1879 2074
f 1877 1879 2064
f 4780 1877 2064
f 4781 4780 2064
f 2072 4781 2064
f 2072 2064 2073
f 2072 2073 2990
f 2990 4613 2072
f 2072 4613 4612
f 4611 4612 4613
f 4611 4613 4610
f 2656 4611 4610
f 2654 2656 4610
f 4610 4614 2654
f 4614 2752 2654
f 2654 2752 2753
f 2655 2654 2753
f 2753 4725 2655
f 2083 2655 4725
f 2083 4725 2084
f 2082 2083 2084
f 2084 2626 2082
f 2626 4749 2082
f 2082 4749 4750
f 4749 2635 4750
f 4750 2635 2637
f 4750 2637 4769
f 4750 4769 2083
f 2083 4769 4717
f 4717 2765 2083
f 4784 2083 2765
f 2765 4785 4784
f 2656 4784 4785
f 4785 4762 2656
f 4762 4785 2764
f 4762 2764 4575
f 4785 2765 2764
f 2764 2765 2766
f 2764 2766 4576
f 4576 2766 4562
f 2765 4760 2766
f 4760 4740 2766
f 2766 4740 4561
f 4760 4761 4740
f 4761 2782 4740
f 4740 2782 4736
f 2782 2784 4736
f 2782 2783 2784
f 4714 2784 2783
f 2972 4714 2783
f 4714 2972 2636
f 3054 4714 2636
f 2636 3053 3054
f 3053 4732 3054
f 4734 3054 4732
f 4732 4733 4734
f 4734 4733 4745
f 4745 4787 4734
f 4787 4730 4734
f 4714 4734 4730
f 4714 4730 2813
f 4730 4731 2813
f 2812 2813 4731
f 4731 4711 2812
f 4710 2812 4711
f 2687 2812 4710
f 4710 4563 2687
f 4712 4563 4710
f 2812 2687 2796
f 2796 2687 2686
f 2686 2784 2796
f 2784 2813 2796
f 4711 4731 4787
f 4787 4790 4711
f 4744 4790 4787
f 3028 4790 4744
f 3028 4744 3066
f 3066 4744 4745
f 3028 2736 4790
f 2812 2796 2813
f 4731 4730 4787
f 4745 4744 4787
f 3066 4745 4733
f 3067 3066 4733
f 3029 3066 3067
f 3067 4733 4732
f 2625 3067 4732
f 4732 2626 2625
f 2624 2625 2626
f 4607 2625 2624
f 2670 3067 2625
f 2626 4732 3053
f 3053 2636 2635
f 3054 4734 4714
f 2637 2636 2972
f 2972 4716 2637
f 4716 2972 4717
f 4717 2972 4761
f 2813 2784 4714
f 2782 2972 2783
f 4761 2972 2782
f 4717 4761 4760
f 2656 2083 4784
f 2765 4717 4760
f 4769 4716 4717
f 4769 2637 4716
f 2635 2636 2637
f 4749 3053 2635
f 2626 3053 4749
f 2624 2626 2084
f 2083 2082 4750
f 4725 2624 2084
f 4724 2624 4725
f 4724 4608 2624
f 4608 4724 2073
f 2752 2073 4724
f 2655 2083 2656
f 4724 4725 2753
f 2753 2752 4724
f 2752 4614 2990
f 2654 2655 2656
f 4611 2656 4762
f 4742 4611 4762
f 4742 4762 4564
f 1888 4742 4564
f 4612 4742 1888
f 4612 1888 4781
f 4781 1888 1887
f 4613 4614 4610
f 4612 4611 4742
f 2990 4614 4613
f 2073 2752 2990
f 2072 4612 4781
f 4780 4781 1887
f 4780 1878 1877
f 2064 4608 2073
f 4607 2624 4608
f 4607 2669 2625
f 2669 2670 2625
f 3067 2670 2922
f 1915 2921 1916
f 2922 3029 3067
f 3029 3028 3066
f 4713 2736 3028
f 2737 2736 4713
f 2736 4711 4790
f 4710 4711 4712
f 2722 4563 4712
f 4322 4729 4728
f 4322 4695 4729
f 4563 2722 2721
f 2688 2687 4563
f 2686 2687 2688
f 2686 4736 2784
f 4740 4736 4561
f 2766 4561 4562
f 4576 4562 4737
f 4575 2764 4576
f 4762 4575 4564
f 4564 4558 1888
f 4558 1886 1888
f 4034 4577 4035
f 4036 3635 4558
f 1883 1884 1885
f 3219 4085 4100
f 4558 3635 1886
f 4085 4101 4100
f 1886 1887 1888
f 1887 1878 4780
f 4583 4101 3631
f 1877 1878 1879
f 2074 1879 3632
f 4606 3632 1914
f 4085 3631 4101
f 1914 1915 1916
f 4085 4023 4337
f 1915 4336 2921
f 4336 4701 2735
f 4023 4025 4337
f 4025 4694 4152
f 4701 3834 2735
f 2704 4152 4694
f 4694 2705 2704
f 3833 4727 3834
f 2703 2704 2705
f 3833 4322 4728
f 3626 4594 3185
f 4322 3625 4695
f 4695 2720 4729
f 3186 3826 3187
f 4304 4767 2720
f 3017 4726 4767
f 3019 4726 3017
f 4723 4307 4306
f 3960 4307 4723
f 3017 3018 3019
f 3019 4689 4726
f 4688 4735 4689
f 2714 4688 2715
f 3960 3959 4307
f 4723 3615 3960
f 3615 4723 4548
f 2713 2714 2715
f 4035 4577 2713
f 1883 4035 1884
f 3634 1885 1884
f 3634 3951 2562
f 3156 2562 3951
f 2560 2562 3156
f 3615 4548 3616
f 4548 4723 4306
f 3951 3157 3156
f 4015 4568 4704
f 4306 3381 3158
f 4568 4609 4704
f 4704 4609 4705
f 4609 4673 4705
f 4705 4673 2534
f 4705 2534 4675
f 4705 4675 2910
f 4703 2910 4675
f 4675 4676 4703
f 4703 4676 4677
f 4703 4677 4553
f 4703 4553 2549
f 2515 4677 4676
f 4676 4754 2515
f 4754 4808 2515
f 2515 4808 2516
f 2515 2516 2517
f 2516 4678 2517
f 4678 2516 4679
f 4679 2516 4808
f 4808 2351 4679
f 4754 2351 4808
f 2351 4754 2352
f 4698 2352 4754
f 2534 2352 4698
f 2534 4698 4676
f 2534 2535 2352
f 2535 2350 2352
f 4698 4754 4676
f 4677 2515 2517
f 2910 4703 2549
f 2909 2910 2549
f 2909 2549 2548
f 3042 2910 2909
f 3042 2909 3327
f 4675 2534 4676
f 4673 2535 2534
f 2535 4673 2339
f 2339 2341 2535
f 2339 4673 3613
f 4609 3613 4673
f 3381 2354 3612
f 3613 2340 2339
f 2354 2355 2356
f 2339 2340 2341
f 2341 4581 2535
f 3825 2356 3826
f 2350 2535 4581
f 2350 2351 2352
f 4679 2351 4077
f 4202 4078 3825
f 3600 4679 4077
f 4678 4679 3600
f 2517 4678 4071
f 4677 2517 3973
f 3973 4553 4677
f 4552 3972 3260
f 2550 2549 4553
f 2548 2549 2550
f 2548 3327 2909
f 3964 3598 2361
f 4142 3964 2361
f 2361 3598 2362
f 2361 2362 2363
f 3326 3042 3327
f 3647 4618 3325
f 3326 4241 3042
f 3042 4241 2910
f 3673 4705 2910
f 4704 4705 3673
f 4015 4704 4221
f 4616 3672 4618
f 4618 4617 4616
f 3646 4617 4618
f 4706 4617 3646
f 4617 4706 3667
f 4013 4221 4232
f 4014 4013 3668
f 3667 4233 4617
f 3156 3668 2560
f 2560 2561 2562
f 4130 3667 4706
f 4706 2478 4130
f 2478 4706 2476
f 2561 4597 4024
f 4597 4132 4694
f 4131 4130 2478
f 4132 2705 4694
f 2705 3626 2703
f 2478 2584 4131
f 2584 2478 2477
f 4595 4594 3626
f 4594 4122 3185
f 2584 2477 2932
f 2477 2933 2932
f 2931 2932 2933
f 2932 2931 4121
f 4122 4699 3185
f 3290 4121 2931
f 2931 4818 3290
f 2931 4495 4818
f 4495 4641 4818
f 4818 4641 3291
f 3666 3291 4641
f 4699 3292 4313
f 3291 3290 4818
f 3827 4313 3292
f 4202 3825 3827
f 3601 4202 2589
f 2591 3601 2589
f 2591 3660 3601
f 3665 3291 3666
f 2589 2590 2591
f 4641 4559 3666
f 4641 2171 4559
f 2171 2848 4559
f 2170 2848 2171
f 2170 2849 2848
f 4646 2849 2170
f 4646 2175 2849
f 2847 2849 2175
f 2175 2604 2847
f 2604 2175 2605
f 2605 2949 2604
f 2949 2948 2604
f 2948 3413 2604
f 3413 3978 2604
f 2947 2948 2949
f 2947 2949 2408
f 2408 2407 2947
f 2407 4270 2947
f 2407 2408 2409
f 2409 3698 2407
f 2408 4275 2409
f 4275 2408 4751
f 4751 2408 2949
f 3414 2948 2947
f 2949 2605 4751
f 4757 4751 2605
f 2174 2605 2175
f 2173 2175 4646
f 2590 4560 2591
f 2847 2848 2849
f 2604 3978 2847
f 3978 4333 3659
f 3661 3660 2591
f 2424 3659 2422
f 3601 3660 4622
f 3602 4622 4070
f 2422 2423 2424
f 4070 4260 3113
f 4260 4691 3112
f 4692 4691 4250
f 3972 4692 3260
f 3261 4249 4621
f 3259 4552 3260
f 3259 2362 3598
f 4696 4506 4697
f 2902 4696 4697
f 2901 4696 2902
f 2901 2461 4696
f 2461 2450 4696
f 2450 2461 2448
f 2448 2449 2450
f 2449 4507 2450
f 4708 2449 2448
f 2448 2873 4708
f 4708 2873 4709
f 4708 4709 4638
f 4638 3645 4708
f 2873 4043 4709
f 2873 4693 4043
f 2873 2875 4693
f 4693 2875 3548
f 2873 2874 2875
f 3230 2875 2874
f 3230 2874 4636
f 2462 2874 2873
f 2874 2462 4295
f 2448 2462 2873
f 2449 4708 3645
f 2448 2461 2462
f 2462 2461 4718
f 4389 2461 2901
f 4506 4696 2450
f 3650 2363 2362
f 2450 4507 4506
f 2363 4142 2361
f 2449 4140 4507
f 4142 4141 3964
f 4141 3647 3325
f 3645 4140 2449
f 3647 3646 4618
f 3645 4638 4497
f 2476 4706 3646
f 2476 2477 2478
f 4497 4638 3848
f 4490 4638 4709
f 3849 2933 2477
f 2931 2933 4491
f 4709 4043 4490
f 4495 2931 4491
f 4044 4641 4495
f 4693 3548 4043
f 4044 2171 4641
f 2875 3230 3548
f 2169 2170 2171
f 4589 4646 2170
f 2507 2509 3230
f 4646 4589 2173
f 2173 2174 2175
f 2174 4757 2605
f 4757 4275 4751
f 2164 2165 2166
f 2409 4275 4629
f 2205 2165 4603
f 3698 2409 4629
f 2205 2206 2207
f 3703 3697 2207
f 3698 4271 2407
f 3773 4021 3697
f 4271 4270 2407
f 4270 3414 2947
f 4007 3829 4021
f 3414 3413 2948
f 3413 4333 3978
f 4333 2422 3659
f 2496 2423 2422
f 4620 2496 3694
f 4251 3694 3693
f 4251 3693 4621
f 4621 4406 3261
f 4405 4404 4831
f 3994 4831 4404
f 3994 3993 4831
f 3652 3651 4406
f 4831 3993 4405
f 4697 3652 2902
f 2900 2901 2902
f 4389 2901 2900
f 2461 4389 4718
f 4718 4295 2462
f 3379 4294 3377
f 4295 4636 2874
f 4636 2507 3230
f 2507 2508 2509
f 4715 4586 2508
f 3379 3679 4294
f 3118 4632 4715
f 3379 4284 3679
f 4284 3816 3979
f 4394 3118 3678
f 3581 3580 4008
f 3118 4394 3116
f 4108 3116 4388
f 4397 4384 4391
f 4388 4383 4108
f 4407 3892 4384
f 4383 4107 4108
f 3639 4107 3894
f 3892 4407 3893
f 4353 4352 3894
f 4377 4354 4353
f 3802 3893 4407
f 4354 4377 3804
f 3808 3803 3802
f 4415 3755 3803
f 3804 4375 4354
f 4368 4602 4375
f 3755 3754 4372
f 4429 4363 4372
f 3020 3022 4368
f 3020 3021 3022
f 4429 4361 4363
f 3756 3794 4361
f 3795 3021 3020
f 4357 3794 4444
f 4357 4444 4349
f 3021 4163 3022
f 4163 3475 3474
f 4357 4349 4351
f 3475 3031 3030
f 2733 3030 3031
f 2733 3031 2732
f 4349 4444 4347
f 4346 4347 3627
f 3627 2979 4346
f 2732 2563 2733
f 3744 4342 3745
f 2563 2564 2565
f 2563 2565 3792
f 3736 3793 4208
f 3792 2733 2563
f 3030 2733 4324
f 4191 4193 4324
f 4191 4192 4193
f 4192 4203 4204
f 4319 3791 3793
f 4203 1279 4204
f 1239 1278 1279
f 1239 1240 1241
f 3736 3735 3793
f 4208 3745 3736
f 4342 4301 3745
f 1258 1259 1260
f 1260 4215 1258
f 4229 1258 4215
f 4213 4229 4215
f 4213 4215 4216
f 4216 4766 4213
f 4766 4214 4213
f 4186 4213 4214
f 2777 4186 4214
f 2777 4214 3037
f 3036 2777 3037
f 3036 3037 4819
f 3037 4758 4819
f 4819 4758 1307
f 4819 1307 1306
f 1305 1306 1307
f 1307 3059 1305
f 1305 3059 3058
f 1305 3058 4770
f 1305 4770 3837
f 2639 1305 3837
f 4770 3058 4747
f 4236 4770 4747
f 4236 4747 4748
f 3057 4748 4747
f 4719 4748 3057
f 3059 4719 3057
f 4719 3059 4739
f 3043 4719 4739
f 4739 4768 3043
f 4293 3043 4768
f 4293 3044 3043
f 3043 3044 3045
f 4739 4758 4768
f 4768 4758 4296
f 4759 4296 4758
f 4766 4296 4759
f 4758 4739 4738
f 3043 3045 4719
f 4738 4739 3059
f 4748 4719 3045
f 3058 3057 4747
f 3057 3058 3059
f 3059 1307 4738
f 4738 1307 4758
f 4758 3037 4759
f 2778 2777 3036
f 2776 2777 2778
f 4759 3037 4214
f 4766 4759 4214
f 4216 3884 4766
f 4215 4297 4216
f 4183 4229 4213
f 4180 1258 4229
f 1260 4297 4215
f 4301 4342 3933
f 3051 3933 4342
f 4299 4297 1260
f 3884 4216 4297
f 3882 3050 3883
f 3884 4296 4766
f 4293 4768 4296
f 3595 3789 3883
f 3790 3044 4293
f 3044 3062 3045
f 3062 4285 4242
f 4285 4281 4242
f 2963 4242 4281
f 4281 4279 2963
f 4279 2807 2963
f 2963 2807 2961
f 4279 4281 3786
f 4279 4276 2807
f 2808 2807 4276
f 3068 3069 3070
f 3069 3073 3070
f 2808 4276 4274
f 3839 3838 4274
f 4274 3838 2808
f 2807 2808 2809
f 4246 4247 3549
f 2809 2961 2807
f 3549 3925 4246
f 2961 2962 2963
f 4240 3925 2153
f 2962 4242 2963
f 3062 4242 3045
f 4748 3045 4239
f 4236 4748 4239
f 4236 4234 4770
f 3837 4770 4234
f 2639 3837 2640
f 4225 3836 2828
f 3608 4218 3611
f 2638 2639 2640
f 4218 2971 3611
f 2971 4218 2969
f 4841 2969 4218
f 2887 4841 4218
f 1306 1305 2639
f 1306 3036 4819
f 2969 2970 2971
f 4722 4205 3498
f 4722 4201 4205
f 4722 2432 4201
f 4741 4201 2432
f 2432 3920 4741
f 3920 4764 4741
f 4741 4764 4763
f 4763 4199 4741
f 4168 4763 4764
f 4764 4159 4168
f 4168 2982 4763
f 4195 4763 2982
f 4195 2982 2672
f 2981 2672 2982
f 3920 4159 4764
f 2430 2432 4722
f 2412 2430 4722
f 4201 4741 4199
f 3609 2778 3036
f 4199 4763 4196
f 4196 4763 4195
f 2672 2671 4195
f 2778 4194 2776
f 2776 3835 2777
f 2671 2672 2673
f 3835 4186 2777
f 4183 4213 4186
f 4229 4183 4180
f 2673 2672 4175
f 4180 3740 1258
f 3737 3740 2988
f 1240 2988 2989
f 2672 2981 4175
f 4168 2981 2982
f 2989 4171 3705
f 3705 3829 4007
f 3829 4162 3412
f 4159 3828 4168
f 4162 4158 3412
f 4332 4158 4157
f 3921 3695 4157
f 3920 3919 4159
f 2431 3920 2432
f 3991 3695 3921
f 4644 3991 4149
f 2430 2431 2432
f 4644 4149 4136
f 4133 4644 4136
f 3984 3822 3985
f 4133 4129 4656
f 4129 3994 4404
f 3822 309 3985
f 3992 3993 3994
f 3682 3993 3992
f 3682 3816 4390
f 3979 3816 3980
f 307 308 309
f 3582 3979 3980
f 3580 3582 3913
f 4008 3580 334
f 333 334 335
f 4006 3751 335
f 294 296 4109
f 294 295 296
f 3751 4006 3743
f 3814 3813 3743
f 433 432 3813
f 432 433 434
f 434 3856 4010
f 3855 3854 4003
f 4003 4002 3855
f 4002 4003 4004
f 2717 4002 4004
f 2718 2717 4004
f 3006 2718 4004
f 3006 4004 2599
f 3005 2718 3006
f 3005 3006 2598
f 4822 3005 2598
f 3005 4822 2435
f 3005 2435 2719
f 2719 2435 4765
f 4765 4089 2719
f 2719 4089 2717
f 3427 4089 4765
f 3427 4765 2434
f 4822 3454 2435
f 3005 2719 2718
f 2717 2718 2719
f 4002 2717 4091
f 4004 4003 2599
f 3734 4010 3856
f 3015 3734 3016
f 4091 3855 4002
f 4089 4091 2717
f 3014 3015 3016
f 3014 4082 3015
f 4082 3161 3160
f 2893 4541 3160
f 2892 4746 2893
f 3159 2896 2891
f 2892 2897 3524
f 2502 2896 3164
f 2897 3208 3524
f 3208 3207 4437
f 2504 3725 3207
f 2503 4200 2504
f 375 2502 3164
f 3206 375 374
f 2503 3203 4200
f 374 3537 3206
f 418 3201 3537
f 3203 3202 4219
f 1554 3201 417
f 3202 1553 3805
f 1552 4198 1553
f 417 847 1554
f 1552 849 4198
f 3540 848 847
f 4198 849 3254
f 3254 1087 4662
f 848 64 88
f 87 140 88
f 1087 3253 4662
f 139 3252 140
f 3253 1564 3721
f 1562 3252 1024
f 1563 1562 3511
f 3511 2916 1563
f 1564 3248 3720
f 2916 1521 1563
f 3248 1522 3493
f 1109 1521 2458
f 1522 2642 3493
f 2642 1111 3494
f 1110 4510 1111
f 1110 988 4510
f 2531 2532 986
f 987 4513 988
f 2767 986 2532
f 2767 2532 2940
f 3731 3876 987
f 1533 4445 3731
f 2767 1532 1531
f 1532 2767 2869
f 1533 3175 4445
f 3730 4441 3175
f 2830 3730 2826
f 528 2830 2831
f 527 528 529
f 1761 1762 529
f 4743 1761 3082
f 2488 1761 4743
f 2400 1770 1769
f 1769 1770 1771
f 3082 3076 4743
f 3076 3722 4743
f 1769 1771 3077
f 1770 2825 1771
f 2825 1532 2869
f 2869 2767 2940
f 2457 2861 2860
f 2940 2532 2531
f 2531 1109 2458
f 1521 2916 2458
f 3511 3140 2916
f 2457 2456 2861
f 563 2861 564
f 3139 2942 3140
f 562 563 564
f 3139 3506 180
f 562 2888 563
f 2888 3722 3076
f 4743 3722 2488
f 1762 1761 2488
f 3191 4310 1762
f 3191 3719 3936
f 4401 3719 3188
f 3189 2487 3192
f 2837 3192 3386
f 2836 2842 3188
f 2842 2841 4540
f 2945 2835 2837
f 2945 2837 3049
f 2841 3310 4533
f 2923 4534 3310
f 2923 2924 2925
f 3243 4756 2924
f 2924 4756 2937
f 3243 2536 4756
f 2416 2415 3244
f 2417 2593 2415
f 2912 2593 3096
f 2537 2536 3243
f 2536 3232 4756
f 4756 3232 2937
f 2924 2937 2851
f 4408 2851 2850
f 2855 3932 2850
f 2855 3181 3932
f 2580 2852 2913
f 2579 2439 2580
f 3339 2439 2579
f 2568 3181 2855
f 2440 2930 2438
f 4794 2930 2440
f 2930 4794 4700
f 2998 4700 4794
f 2998 3114 4700
f 2930 4700 3114
f 591 2929 3341
f 591 3341 2788
f 2788 3341 3256
f 3696 3255 3331
f 3696 3331 3228
f 3228 1777 3696
f 501 1777 3177
f 3171 3177 1777
f 2788 500 591
f 590 2929 591
f 2791 592 2950
f 590 3247 2569
f 2927 2569 3247
f 2568 2927 3181
f 3932 3181 3180
f 3180 2770 4335
f 2791 2950 3182
f 2770 1756 4514
f 2950 499 773
f 499 501 3177
f 1756 774 473
f 3832 473 472
f 3177 3171 471
f 2601 2602 472
f 1777 3228 3171
f 2602 2832 2834
f 2518 3228 3331
f 2832 2833 2834
f 2833 3681 3772
f 3771 3681 3227
f 3227 2905 4019
f 2520 2999 2905
f 3335 2519 2518
f 2519 2953 2906
f 2908 2995 3225
f 2520 2995 2999
f 2999 2427 2426
f 2994 2996 2678
f 2426 2427 2428
f 2428 3423 4080
f 3423 2680 3858
f 2678 2996 2679
f 3420 3857 2680
f 2996 2843 2679
f 3810 3420 3417
f 2843 2844 2845
f 2918 2845 2553
f 3416 3811 3417
f 3008 3811 3416
f 3008 3007 4167
f 3007 3013 4165
f 3012 3009 2918
f 3146 3013 3466
f 2551 3012 2552
f 3147 3466 3465
f 2551 3675 2709
f 2710 3147 3465
f 3461 3145 3147
f 1894 2857 3462
f 1894 2452 2857
f 4356 3461 3460
f 4428 3460 355
f 3927 355 354
f 2857 2452 356
f 3928 354 395
f 2452 2748 396
f 363 362 395
f 361 1907 3516
f 385 223 2433
f 2433 279 362
f 225 224 278
f 278 224 2787
f 4772 278 2787
f 3437 4484 279
f 4772 236 278
f 236 4772 2987
f 4038 3437 2871
f 2870 2871 2872
f 3655 3780 2872
f 3692 3655 2956
f 3692 2956 2955
f 2955 3654 4486
f 3654 3353 4485
f 3776 3353 3352
f 1542 1544 3352
f 2620 2959 2621
f 3348 3345 3363
f 269 268 2959
f 1150 3345 1148
f 267 2983 268
f 1149 1148 2641
f 2641 2632 1149
f 2641 2984 2632
f 237 2983 235
f 237 236 2987
f 4772 2787 2987
f 2787 224 2664
f 2664 384 2665
f 2965 2665 384
f 1899 2965 384
f 2666 2964 2968
f 2984 2968 2632
f 1039 1040 1041
f 2632 2631 1149
f 3362 3366 3594
f 3594 2798 3362
f 1148 1149 1150
f 3345 1150 3363
f 3363 1543 3348
f 1542 1543 1544
f 4321 1544 1576
f 3064 3362 2798
f 3574 2797 1577
f 1576 1577 1578
f 4326 1578 3065
f 3065 3630 4326
f 3768 3630 3508
f 3048 2973 3509
f 3033 3768 3508
f 3869 3033 2740
f 2739 2738 2889
f 2740 3502 3869
f 3501 3869 3502
f 2889 2890 2739
f 4457 3501 3035
f 4454 3035 3497
f 3497 3627 4347
f 3034 2890 2889
f 2973 2889 2738
f 2979 3627 2974
f 2979 2769 4339
f 2978 2973 3048
f 3509 2514 3048
f 2769 2648 4339
f 2512 2513 2514
f 4342 2648 3051
f 2513 3052 3382
f 3051 3050 3933
f 2898 2899 3052
f 3050 3380 3883
f 3380 3595 3883
f 2898 2799 2899
f 2798 3594 2799
f 3624 4287 3595
f 3072 3594 3366
f 4287 3624 3591
f 2630 2814 3072
f 2630 2815 2814
f 2816 3587 3591
f 2815 1039 3061
f 3587 3074 3069
f 3448 3075 3061
f 3074 3073 3069
f 2698 3521 3075
f 3073 3618 3070
f 4272 3618 3617
f 3614 3617 3522
f 1255 4268 3614
f 1253 2957 1254
f 1254 2957 1336
f 1255 1287 4259
f 1286 3477 1287
f 1254 1336 1285
f 2588 3610 1286
f 3027 1286 3610
f 1214 3599 3610
f 3599 1214 53
f 1194 54 53
f 52 53 54
f 54 1194 1193
f 3024 54 1193
f 4435 1236 1192
f 3246 4435 1192
f 2574 3024 1193
f 1236 4435 3429
f 100 3429 4435
f 101 100 4435
f 101 4435 3245
f 99 100 101
f 3236 99 101
f 3236 2279 99
f 3231 2279 3236
f 3231 2280 2279
f 2045 2279 2280
f 2280 2046 2045
f 2045 2046 2047
f 2045 2047 100
f 100 2047 4755
f 2047 4651 4755
f 4755 4651 4380
f 4755 4380 3429
f 4651 4379 4380
f 4379 2934 4380
f 4380 2934 2938
f 4380 2938 3603
f 2936 2938 2934
f 2934 2935 2936
f 4472 2936 2935
f 234 4472 2935
f 234 2935 232
f 232 233 234
f 233 4475 234
f 234 4475 4476
f 4476 4475 4543
f 4543 4684 4476
f 4684 4615 4476
f 4476 4615 4472
f 4472 4615 321
f 4472 321 3533
f 4615 319 321
f 319 320 321
f 320 319 2881
f 4828 2881 319
f 2881 4828 2307
f 4828 2308 2307
f 2307 2308 2309
f 2309 2882 2307
f 4828 4546 2308
f 4546 4543 2308
f 2308 4543 3081
f 4615 4546 4828
f 319 4615 4828
f 4615 4684 4546
f 4543 4546 4684
f 4475 4542 4543
f 4836 4543 4542
f 4542 456 4836
f 4836 456 4832
f 2760 4836 4832
f 456 4833 4832
f 4832 4833 3088
f 455 4833 456
f 454 455 456
f 455 454 4504
f 4503 455 4504
f 4504 4830 4503
f 4503 4830 4640
f 4503 4640 4639
f 4499 4639 4640
f 4499 4640 4500
f 530 4499 4500
f 530 4500 531
f 530 531 532
f 531 4298 532
f 678 532 4298
f 4298 2342 678
f 2344 678 2342
f 2342 2343 2344
f 4455 2344 2343
f 3216 4455 2343
f 679 2344 4455
f 4665 679 4455
f 4665 4455 4825
f 4665 4825 4824
f 4824 4414 4665
f 4451 4665 4414
f 4451 4414 4452
f 4451 4452 4598
f 4451 4598 4529
f 4451 4529 4826
f 4451 4826 677
f 3100 677 4826
f 4528 3100 4826
f 678 677 3100
f 677 678 679
f 4529 4528 4826
f 4528 4529 4530
f 4530 3023 4528
f 4530 4529 4527
f 4530 4527 4682
f 4530 4682 2727
f 4682 4527 3122
f 719 3122 4527
f 4527 720 719
f 719 720 721
f 719 721 3127
f 721 2388 3127
f 2388 721 4816
f 2388 4816 970
f 2388 970 2389
f 2750 2388 2389
f 4291 2389 970
f 969 4291 970
f 968 969 970
f 969 968 4849
f 4849 4634 969
f 969 4634 4290
f 4290 4634 4331
f 4331 4811 4290
f 4811 4799 4290
f 4799 4283 4290
f 4290 4283 4291
f 2144 4291 4283
f 4283 2145 2144
f 2143 2144 2145
f 2143 2145 4798
f 4798 924 2143
f 4820 2143 924
f 4820 924 1353
f 4850 4820 1353
f 1355 4850 1353
f 1353 1354 1355
f 3149 1355 1354
f 1354 4398 3149
f 4809 3149 4398
f 4821 4809 4398
f 4399 4821 4398
f 4398 4387 4399
f 4387 4386 4399
f 4385 4386 4387
f 4387 1353 4385
f 1353 923 4385
f 4385 923 1152
f 1152 923 4516
f 1152 4516 1153
f 1151 1152 1153
f 1153 4647 1151
f 4571 1151 4647
f 4511 4571 4647
f 4647 2327 4511
f 4327 4511 2327
f 4327 2327 1370
f 4327 1370 4316
f 4327 4316 4328
f 2208 4328 4316
f 2208 4316 2209
f 2208 2209 2210
f 2208 2210 4812
f 4812 1969 2208
f 2208 1969 4030
f 812 4030 1969
f 812 1969 1968
f 812 1968 813
f 811 812 813
f 4630 811 813
f 2822 4630 813
f 4809 811 4630
f 4809 4630 3152
f 2822 813 1968
f 1968 4269 2822
f 4269 1968 2300
f 4269 2300 4056
f 4269 4056 4753
f 4753 2823 4269
f 4752 2823 4753
f 803 4752 4753
f 1342 803 4753
f 803 1342 1343
f 803 1343 4653
f 801 803 4653
f 4652 801 4653
f 4817 4652 4653
f 4367 4817 4653
f 2268 4367 4653
f 2268 4093 4367
f 4367 4093 4092
f 4092 2234 4367
f 2234 2233 4367
f 2233 2234 1621
f 4669 2233 1621
f 1621 1620 4669
f 2859 4669 1620
f 1620 2858 2859
f 2859 2858 2643
f 2744 2858 1620
f 1620 1621 1622
f 4669 2859 2233
f 2233 2859 4817
f 1621 2234 2877
f 2234 2876 2877
f 2877 2876 4460
f 4094 4460 2876
f 4094 2876 4092
f 4460 4094 1954
f 4460 1954 1956
f 1956 4823 4460
f 3196 4460 4823
f 4823 1956 1479
f 1478 4823 1479
f 1478 1479 1480
f 4657 1480 1479
f 4824 4657 1479
f 1480 4657 4658
f 3197 1480 4658
f 4658 4657 4825
f 1479 1956 4824
f 4413 4824 1956
f 1956 1955 4413
f 1955 2264 4413
f 4413 2264 4414
f 1955 2263 2264
f 2263 4452 2264
f 2263 4813 4452
f 2263 4797 4813
f 4797 4585 4813
f 1166 4813 4585
f 4585 1167 1166
f 1165 1166 1167
f 1165 1167 4350
f 720 1165 4350
f 720 4350 4816
f 968 4816 4350
f 4598 1165 720
f 4350 1167 4343
f 4350 4343 4849
f 4318 4343 1167
f 4318 4317 4343
f 4343 4317 4331
f 4181 4331 4317
f 4182 4181 4317
f 4181 4182 2674
f 4181 2674 4330
f 2674 2675 4330
f 4601 4330 2675
f 2675 1936 4601
f 4178 4601 1936
f 4178 1936 1935
f 4801 4178 1935
f 4801 1935 828
f 4801 828 827
f 4798 4801 827
f 4801 4798 4800
f 4798 4799 4800
f 4800 4799 4178
f 826 827 828
f 828 2657 826
f 2657 4115 826
f 826 4115 4685
f 826 4685 4113
f 4113 4685 656
f 656 655 4113
f 4113 655 4112
f 4112 827 4113
f 923 827 4112
f 827 923 924
f 923 4840 924
f 4112 655 1994
f 4516 4112 1994
f 655 1995 1994
f 1153 1994 1995
f 2328 1153 1995
f 2327 1153 2328
f 4062 2327 2328
f 4062 2328 4311
f 4059 4062 4311
f 4059 4311 4786
f 4059 4786 4494
f 4059 4494 4053
f 4059 4053 1519
f 4674 4059 1519
f 3056 4674 1519
f 3056 1519 1518
f 3055 3056 1518
f 1518 997 3055
f 4778 3055 997
f 996 4778 997
f 996 997 998
f 4156 996 998
f 4156 998 2377
f 4550 4156 2377
f 4599 4550 2377
f 2377 4683 4599
f 4683 1910 4599
f 3957 4599 1910
f 1102 3957 1910
f 1102 1910 1103
f 1102 1103 1104
f 2024 1102 1104
f 1104 4773 2024
f 4631 2024 4773
f 4631 2025 2024
f 2023 2024 2025
f 4264 2023 2025
f 4265 4264 2025
f 4264 4265 435
f 435 437 4264
f 4264 437 4261
f 437 4566 4261
f 4261 4566 1636
f 4261 1636 4262
f 3957 4261 4262
f 4262 4777 3957
f 4549 4777 4262
f 4262 4217 4549
f 4217 1179 4549
f 4549 1179 4156
f 4217 4210 1179
f 4210 1180 1179
f 996 1179 1180
f 2103 1180 4210
f 4209 2103 4210
f 4210 1891 4209
f 4209 1891 1890
f 1890 2231 4209
f 1280 4209 2231
f 1280 2231 4206
f 1280 4206 1409
f 1280 1409 1281
f 1280 1281 1282
f 2066 1282 1281
f 1411 2066 1281
f 2066 1411 3977
f 2066 3977 2067
f 2065 2066 2067
f 2065 2067 194
f 194 4075 2065
f 4075 4137 2065
f 4137 1282 2065
f 4137 4793 1282
f 4209 1282 4793
f 2104 4793 4137
f 4137 1846 2104
f 4134 2104 1846
f 4134 1846 4556
f 4556 4555 4134
f 4796 4134 4555
f 114 4796 4555
f 4555 4554 114
f 112 114 4554
f 4554 1370 112
f 1369 112 1370
f 4245 1369 1370
f 4245 4243 1369
f 4062 4243 4245
f 4243 4062 4720
f 4243 4720 4674
f 4243 112 1369
f 4243 113 112
f 113 4243 3056
f 3056 1437 113
f 1436 113 1437
f 1437 4009 1436
f 1436 4009 2105
f 4796 1436 2105
f 2103 2105 4009
f 2103 2104 2105
f 4009 1437 4778
f 4778 1180 4009
f 113 1436 4796
f 112 113 114
f 4796 114 113
f 2105 4134 4796
f 4554 4555 4556
f 3970 4554 4556
f 4554 3970 2209
f 3970 4556 1846
f 1846 1845 3970
f 2210 3970 1845
f 1845 1853 2210
f 1853 1845 1854
f 1852 1853 1854
f 4779 1852 1854
f 4779 1854 195
f 4788 4779 195
f 195 4551 4788
f 171 4788 4551
f 4551 172 171
f 170 171 172
f 172 4579 170
f 1686 170 4579
f 3969 1686 4579
f 4579 4068 3969
f 1832 3969 4068
f 1833 1832 4068
f 4067 1833 4068
f 4067 4068 4069
f 4069 4789 4067
f 4067 4789 1410
f 1410 4230 4067
f 4230 337 4067
f 337 4230 338
f 336 337 338
f 338 1667 336
f 1667 2258 336
f 336 2258 4237
f 336 4237 4222
f 4222 4223 336
f 1831 4223 4222
f 4222 4011 1831
f 1831 4011 4000
f 4000 1832 1831
f 4000 1917 1832
f 1832 1917 1918
f 2094 1918 1917
f 1917 4619 2094
f 409 2094 4619
f 409 4619 4837
f 409 4837 4834
f 409 4834 410
f 409 410 411
f 409 411 2093
f 2093 411 4535
f 4373 2093 4535
f 4373 4535 1736
f 3949 4373 1736
f 3949 1736 1738
f 1738 3950 3949
f 3949 3950 2315
f 3949 2315 4374
f 1182 4374 2315
f 4224 1182 2315
f 4224 2315 549
f 548 4224 549
f 548 549 550
f 4465 548 550
f 4465 550 4578
f 4465 4578 782
f 4228 4465 782
f 4228 782 4045
f 4226 4228 4045
f 4056 4226 4045
f 4056 4045 1342
f 1342 4045 1938
f 1939 1938 4045
f 1938 1939 1940
f 1940 1343 1938
f 1940 2268 1343
f 2269 2268 1940
f 1940 620 2269
f 2269 620 2270
f 622 2270 620
f 620 621 622
f 622 621 4600
f 2991 622 4600
f 2991 4600 2992
f 2991 2992 2993
f 4143 2991 2993
f 4143 2993 1955
f 1954 4143 1955
f 4094 2991 4143
f 2993 2992 4797
f 4797 2992 4670
f 4670 732 4797
f 732 4670 4084
f 4084 730 732
f 730 731 732
f 4182 732 731
f 4318 732 4182
f 4318 4585 732
f 731 730 4095
f 731 4095 2674
f 4671 2674 4095
f 4096 4671 4095
f 4095 4084 4096
f 1974 4096 4084
f 4084 1975 1974
f 1973 1974 1975
f 1975 4600 1973
f 4032 1974 1973
f 4783 4032 1973
f 780 4783 1973
f 780 1973 621
f 781 780 621
f 780 781 782
f 1939 782 781
f 1939 781 620
f 780 4031 4783
f 4578 4031 780
f 4031 4032 4783
f 4031 4022 4032
f 2316 4032 4022
f 4022 549 2316
f 4031 550 4022
f 4032 2316 1974
f 2316 4096 1974
f 4096 2316 2315
f 4671 4096 4672
f 4671 4672 1737
f 4672 1738 1737
f 4672 4096 3950
f 1737 2674 4671
f 730 4084 4095
f 1975 4084 4670
f 2992 1975 4670
f 4600 1975 2992
f 2991 4094 622
f 4093 622 4094
f 621 1973 4600
f 621 620 781
f 2270 622 4093
f 2268 2269 2270
f 1940 1939 620
f 2302 4226 4056
f 4226 2302 2582
f 4227 4226 2582
f 2582 4788 4227
f 4788 4431 4227
f 548 4227 4431
f 4431 2290 548
f 2289 548 2290
f 2289 2290 2291
f 2291 1685 2289
f 2289 1685 1183
f 2289 1183 4224
f 1684 1183 1685
f 1684 1685 1686
f 1684 1181 1183
f 1181 1182 1183
f 4207 1181 1684
f 2093 4207 1684
f 2093 1684 1918
f 1918 1684 3969
f 1181 4207 4373
f 1181 4373 4374
f 1685 2291 170
f 171 2291 2290
f 171 2290 4431
f 2302 2581 2582
f 2581 1852 2582
f 2581 1970 1852
f 2301 1970 2581
f 2300 1970 2301
f 2300 2301 2302
f 2301 2581 2302
f 4226 4227 4228
f 4045 782 1939
f 4227 4465 4228
f 782 4578 780
f 4031 4578 550
f 4465 4227 548
f 550 549 4022
f 4224 548 2289
f 2315 2316 549
f 1183 1182 4224
f 1182 1181 4374
f 3950 4096 2315
f 4672 3950 1738
f 1736 1737 1738
f 1737 1736 4686
f 4686 1936 1737
f 4686 2657 1936
f 4374 4373 3949
f 4535 4686 1736
f 4686 4535 4115
f 4536 4115 4535
f 4535 410 4536
f 4685 4536 410
f 2093 4373 4207
f 410 4535 411
f 410 4834 4835
f 410 4835 656
f 4835 2330 656
f 657 656 2330
f 2329 657 2330
f 2329 2330 2331
f 2331 4786 2329
f 655 657 2329
f 655 2329 4311
f 2330 4835 2331
f 4308 2331 4835
f 4308 4309 2331
f 4309 4494 2331
f 4494 4309 2358
f 4494 2358 2357
f 2357 2358 2359
f 2357 2359 4124
f 4124 1763 2357
f 4053 2357 1763
f 1763 4124 1764
f 1763 1764 1765
f 1765 4667 1763
f 1520 1763 4667
f 1243 1520 4667
f 1243 4667 4604
f 1244 1243 4604
f 1244 4604 4443
f 4442 1244 4443
f 4442 4443 2201
f 4666 4442 2201
f 1103 4666 2201
f 4827 4666 1103
f 1103 1909 4827
f 4442 4827 1909
f 1909 4557 4442
f 1909 2376 4557
f 2376 1244 4557
f 2376 2377 1244
f 2377 1242 1244
f 4683 2376 1909
f 4827 4442 4666
f 2201 4443 4844
f 4844 4565 2201
f 4565 2075 2201
f 2201 2075 1980
f 2201 1980 2002
f 2201 2002 892
f 892 2391 2201
f 2391 1798 2201
f 4843 2201 1798
f 4633 4843 1798
f 1797 4633 1798
f 1797 1798 1799
f 1797 1799 2049
f 2049 2048 1797
f 2123 1797 2048
f 2123 2048 2031
f 4289 2123 2031
f 2031 4145 4289
f 4145 4288 4289
f 4289 4288 1515
f 4289 1515 4810
f 4810 4635 4289
f 4635 4810 1514
f 1514 4633 4635
f 4633 2123 4635
f 1514 1513 4633
f 1513 1514 1515
f 1515 4624 1513
f 4254 1513 4624
f 4624 4623 4254
f 4255 4254 4623
f 2139 4255 4623
f 2138 4255 2139
f 2137 2138 2139
f 2139 4288 2137
f 2139 4624 4288
f 2138 2137 4512
f 2138 4512 4654
f 4625 2138 4654
f 4626 4625 4654
f 4626 4654 436
f 436 4376 4626
f 4681 4626 4376
f 4681 4376 435
f 435 208 4681
f 4681 208 207
f 4681 207 2177
f 2176 2177 207
f 206 2176 207
f 206 4325 2176
f 2176 4325 4273
f 2176 4273 4509
f 4273 4648 4509
f 4509 4648 4625
f 4648 4642 4625
f 4648 1579 4642
f 1579 1581 4642
f 4642 1581 4255
f 1579 1580 1581
f 1580 4254 1581
f 1580 4806 4254
f 2201 4806 1580
f 4806 2201 4807
f 4807 1513 4806
f 4843 1513 4807
f 2201 1580 1579
f 1579 4273 2201
f 4273 1579 4648
f 4325 2201 4273
f 2201 4325 1104
f 4631 1104 4325
f 4631 4325 4628
f 4628 4265 4631
f 4627 4265 4628
f 4628 4325 4627
f 208 4627 4325
f 208 4325 206
f 2176 4509 2177
f 2177 4509 4626
f 206 207 208
f 435 4627 208
f 2177 4626 4681
f 4376 436 435
f 4654 3995 436
f 4567 436 3995
f 3995 1634 4567
f 4567 1634 4566
f 3995 1067 1634
f 1067 1069 1634
f 1634 1069 1635
f 1634 1635 1636
f 1636 1635 4569
f 4569 1635 2451
f 4569 2451 4217
f 1889 2451 1635
f 1889 1635 4467
f 4467 2230 1889
f 2230 2231 1889
f 2015 2230 4467
f 2464 2015 4467
f 4467 1069 2464
f 1068 2464 1069
f 1068 2016 2464
f 2016 1068 2029
f 2029 4001 2016
f 4001 4668 2016
f 4782 2016 4668
f 4668 459 4782
f 4782 459 2781
f 2781 2017 4782
f 2017 2781 2250
f 2230 2017 2250
f 2250 4206 2230
f 4206 2250 1410
f 2250 4417 1410
f 2250 2781 4417
f 4417 2781 4659
f 4417 4659 4230
f 2781 2780 4659
f 2780 1668 4659
f 338 4659 1668
f 2780 1666 1668
f 1666 1667 1668
f 1667 1666 4502
f 4502 4815 1667
f 4502 2003 4815
f 2003 1982 4815
f 4815 1982 2259
f 4815 2259 2258
f 2258 2259 2260
f 2260 2259 4348
f 4650 2260 4348
f 4650 4348 4593
f 4650 4593 4791
f 4791 4125 4650
f 4125 4238 4650
f 4650 4238 4237
f 2359 4238 4125
f 4795 4238 2359
f 4605 4238 4795
f 4837 4605 4795
f 4605 4837 4011
f 4238 4605 4222
f 1764 4125 4791
f 4791 4842 1764
f 4842 4791 4169
f 1765 4842 4169
f 1765 4169 4170
f 4604 1765 4170
f 4170 4169 2076
f 4565 4170 2076
f 4443 4170 4565
f 4791 2076 4169
f 4592 2076 4791
f 1980 2076 4592
f 4592 1981 1980
f 1980 1981 1982
f 1982 4591 1980
f 1981 4592 4593
f 4592 4791 4593
f 4348 1981 4593
f 4237 2260 4650
f 1981 4348 2259
f 1982 1981 2259
f 4591 1982 2003
f 2002 4591 2003
f 2002 2003 2004
f 2004 2003 4502
f 2004 4502 4501
f 892 2004 4501
f 892 4501 458
f 891 892 458
f 457 891 458
f 457 458 459
f 2779 459 458
f 458 2785 2779
f 2779 2785 2780
f 891 457 4051
f 1799 891 4051
f 2049 4051 457
f 458 4501 2785
f 4501 4502 2785
f 2785 4502 1666
f 2785 1666 2780
f 2779 2780 2781
f 459 2779 2781
f 4668 457 459
f 2016 4782 2017
f 2015 2016 2017
f 4668 4001 457
f 2048 457 4001
f 2048 4001 2029
f 2030 2029 1068
f 1067 2030 1068
f 2030 1067 4144
f 2030 4144 4145
f 2137 4145 4144
f 4512 4144 1067
f 2029 2030 2031
f 2015 2464 2016
f 2015 2017 2230
f 1891 2451 1889
f 1069 4467 1635
f 1067 1068 1069
f 1067 3995 4512
f 436 4567 437
f 4509 4625 4626
f 2138 4625 4642
f 4654 4512 3995
f 4512 2137 4144
f 4642 4255 2138
f 1581 4254 4255
f 4623 4624 2139
f 1513 4254 4806
f 4810 1515 1514
f 4624 1515 4288
f 4145 2137 4288
f 2030 4145 2031
f 4289 4635 2123
f 2031 2048 2029
f 457 2048 2049
f 2049 1799 4051
f 1799 1798 891
f 4633 1797 2123
f 4633 1513 4843
f 4807 2201 4843
f 1798 2391 891
f 891 2391 892
f 892 2002 2004
f 2002 1980 4591
f 2075 2076 1980
f 4565 2076 2075
f 4844 4443 4565
f 4557 1244 4442
f 4604 4170 4443
f 1242 1243 1244
f 1242 4596 1243
f 998 4596 1242
f 4596 1520 1243
f 1518 1520 4596
f 1520 1519 1763
f 4667 1765 4604
f 1765 1764 4842
f 4124 4125 1764
f 4124 2359 4125
f 2358 4795 2359
f 4309 4795 2358
f 4308 4795 4309
f 4834 4795 4308
f 4835 4834 4308
f 4795 4834 4837
f 4619 4011 4837
f 2093 2094 409
f 1918 2094 2093
f 1917 4000 4619
f 4000 4011 4619
f 4011 4222 4605
f 4223 1831 337
f 1831 1833 337
f 4222 4237 4238
f 4237 2258 2260
f 2258 1667 4815
f 338 1668 1667
f 337 336 4223
f 338 4230 4659
f 4230 1410 4417
f 1410 4789 1411
f 1409 1410 1411
f 3977 4789 4069
f 3977 4069 4579
f 4067 337 1833
f 1831 1832 1833
f 1832 1918 3969
f 4069 4068 4579
f 3969 1684 1686
f 170 1686 1685
f 3977 4579 172
f 171 170 2291
f 4551 3977 172
f 194 3977 4551
f 4788 171 4431
f 4551 195 194
f 193 194 195
f 4788 2582 4779
f 195 1854 193
f 1852 4779 2582
f 1970 1853 1852
f 4812 1853 1970
f 1854 1845 193
f 1845 1846 193
f 1846 4075 193
f 2105 2104 4134
f 2104 2103 4793
f 4075 1846 4137
f 194 193 4075
f 2067 3977 194
f 1411 4789 3977
f 1282 2066 2065
f 1411 1281 1409
f 4206 1410 1409
f 4206 2231 2230
f 1280 1282 4209
f 2231 1890 1889
f 1889 1890 1891
f 1891 4210 2451
f 4209 4793 2103
f 4009 1180 2103
f 4210 4217 2451
f 4262 4569 4217
f 4777 4549 4550
f 3957 2023 4261
f 4262 1636 4569
f 4566 1634 1636
f 4566 437 4567
f 435 436 437
f 4265 4627 435
f 4264 4261 2023
f 4265 2025 4631
f 4631 4773 1104
f 2024 2023 1102
f 2201 1104 1103
f 1909 1103 1910
f 2023 3957 1102
f 4599 3957 4777
f 1910 4683 1909
f 4683 2377 2376
f 4777 4550 4599
f 4549 4156 4550
f 1242 2377 998
f 1179 996 4156
f 998 997 4596
f 1180 4778 996
f 4778 1437 3055
f 997 1518 4596
f 1437 3056 3055
f 1518 1519 1520
f 4674 3056 4243
f 4720 4059 4674
f 1519 4053 1763
f 4053 4494 2357
f 4786 2331 4494
f 4311 2329 4786
f 4062 4059 4720
f 2328 655 4311
f 4245 2327 4062
f 1995 655 2328
f 655 656 657
f 410 656 4685
f 4115 4536 4685
f 4686 4115 2657
f 1936 2657 828
f 827 826 4113
f 4800 4178 4801
f 828 1935 1936
f 2675 1737 1936
f 4601 4178 4330
f 4811 4330 4178
f 2674 1737 2675
f 4182 731 2674
f 4330 4331 4181
f 4317 4318 4182
f 4598 1166 1165
f 4585 4318 1167
f 4598 4813 1166
f 4797 732 4585
f 2993 4797 2263
f 2263 1955 2993
f 1954 1955 1956
f 4143 1954 4094
f 2234 4092 2876
f 4092 4093 4094
f 2268 2270 4093
f 4817 4367 2233
f 4652 4817 2859
f 2859 4582 4652
f 2859 3169 4582
f 801 4652 4582
f 4582 802 801
f 801 802 803
f 4653 1343 2268
f 1938 1343 1342
f 4752 803 802
f 4753 4056 1342
f 2302 4056 2300
f 1968 1970 2300
f 1968 1969 1970
f 812 811 4030
f 4574 4030 811
f 811 4821 4574
f 4821 4570 4574
f 4574 4570 4572
f 4574 4572 4328
f 4328 4572 4511
f 4570 4571 4572
f 4570 4839 4571
f 4839 4386 4571
f 4821 4386 4839
f 4821 4839 4570
f 4574 4328 4030
f 4812 1970 1969
f 4812 2210 1853
f 3970 2210 2209
f 2209 4316 4554
f 4030 4328 2208
f 1370 4554 4316
f 1370 2327 4245
f 4328 4511 4327
f 4571 4511 4572
f 1151 4571 4386
f 4647 1153 2327
f 4386 1152 1151
f 1153 4516 1994
f 4112 4516 923
f 1353 4840 923
f 4386 4385 1152
f 4821 4399 4386
f 811 4809 4821
f 4398 1354 4387
f 1353 4387 1354
f 1355 4878 4850
f 4878 4879 4850
f 4879 4878 2079
f 4878 1355 4880
f 4878 4880 2070
f 3148 4880 1355
f 4850 4879 4820
f 1353 924 4840
f 2143 4820 4879
f 924 4798 827
f 2145 4799 4798
f 4879 2144 2143
f 2089 2144 4879
f 2089 2389 2144
f 2145 4283 4799
f 4811 4178 4799
f 4331 4330 4811
f 4331 4634 4343
f 4634 4849 4343
f 4849 968 4350
f 969 4290 4291
f 2389 4291 2144
f 968 970 4816
f 720 4816 721
f 4527 4598 720
f 4527 4529 4598
f 4452 4813 4598
f 4452 4414 2264
f 4665 4451 677
f 4413 4414 4824
f 4657 4824 4825
f 4658 4825 4455
f 4658 4455 3214
f 2805 4658 3214
f 677 679 4665
f 4902 2343 2342
f 4902 2342 4903
f 4902 4903 4905
f 4906 4902 4905
f 4906 4905 4858
f 4857 4906 4858
f 4857 4858 4859
f 4857 4859 4908
f 4857 4908 4909
f 2634 4857 4909
f 4909 4908 4856
f 4856 4910 4909
f 2629 4909 4910
f 2629 4910 2280
f 4910 4856 2046
f 4651 2046 4856
f 4855 4651 4856
f 4856 4870 4855
f 4870 4869 4855
f 4869 4379 4855
f 232 4379 4869
f 4868 4869 4870
f 4868 4870 4912
f 4830 4868 4912
f 4868 4830 233
f 4912 4870 4859
f 4859 4918 4912
f 4912 4918 4640
f 4868 233 4869
f 4908 4870 4856
f 4908 4859 4870
f 4858 4918 4859
f 4926 4906 4857
f 2633 4926 4857
f 4926 2633 3218
f 4858 4905 4918
f 4927 4918 4905
f 4918 4927 4500
f 4926 4902 4906
f 3217 4902 4926
f 4905 4903 4927
f 4903 531 4927
f 4902 3217 2343
f 679 678 2344
f 2342 4298 4903
f 4903 4298 531
f 4500 4927 531
f 530 3092 4499
f 4500 4640 4918
f 4639 4499 3092
f 4912 4640 4830
f 233 4830 4504
f 4639 455 4503
f 233 4504 454
f 455 4639 4833
f 4833 4639 3089
f 454 456 4542
f 4543 4836 3038
f 4475 454 4542
f 454 4475 233
f 232 4869 233
f 4472 234 4476
f 3533 2936 4472
f 2936 3533 4931
f 3492 4931 3533
f 2938 4931 3492
f 232 2935 2934
f 2938 2936 4931
f 4379 232 2934
f 4651 4855 4379
f 4651 2047 2046
f 2046 2280 4910
f 100 2279 2045
f 2279 100 99
f 100 4755 3429
f 3603 3429 4380
f 3603 2938 3492
f 3487 3024 2574
f 2724 54 3024
f 54 2724 52
f 53 52 3599
f 3599 3027 3610
f 1286 3027 3477
f 3597 3542 3477
f 3025 3543 3026
f 2723 3543 3025
f 3596 2723 2725
f 3596 3491 2754
f 3542 3538 3039
f 2755 2754 3491
f 3533 2755 3492
f 320 3533 321
f 2756 3041 3039
f 3041 3566 3039
f 3592 2466 3040
f 3584 2472 3590
f 2466 3592 2467
f 2881 3592 320
f 2307 2882 2881
f 2883 3584 3590
f 2472 3584 2471
f 2505 2465 2471
f 2498 2500 3573
f 3573 2500 743
f 3528 2505 2894
f 3569 3528 2894
f 3566 3041 3528
f 3542 3039 3566
f 3477 3542 2183
f 3567 838 2182
f 2198 3477 2183
f 2197 4266 2198
f 4263 2197 2185
f 2195 2185 2187
f 4253 2195 2194
f 4247 2194 2163
f 2163 3549 4247
f 3925 3549 2153
f 4240 2153 2152
f 3545 2160 2152
f 2160 2159 2399
f 2399 2402 3836
f 415 2401 2398
f 3836 2402 2828
f 3531 4225 2828
f 3531 3527 4220
f 675 3523 3529
f 2454 3519 3527
f 2586 2866 3519
f 3607 2866 3507
f 4218 3507 2887
f 3512 2886 2491
f 3512 1998 2886
f 4841 2887 3500
f 3500 2969 4841
f 3498 2970 2969
f 2412 4722 3498
f 2412 2420 2430
f 2419 2411 3473
f 2420 3488 4138
f 3479 2840 2419
f 3488 3486 3824
f 2839 307 3486
f 3912 2839 3485
f 295 294 3485
f 3479 2838 2840
f 3479 2419 3473
f 3470 3472 2533
f 295 3471 296
f 4109 296 3467
f 2943 3815 3467
f 3463 3944 2943
f 4003 3463 2599
f 2599 2598 3006
f 2598 3455 4822
f 4822 3455 3454
f 3443 2541 2911
f 3443 2911 2543
f 2435 3454 3443
f 4765 2435 2434
f 2445 2436 3447
f 2445 3447 3368
f 2444 3427 2434
f 4089 3427 3426
f 3850 3426 3424
f 2610 3425 3428
f 3424 2611 3850
f 2610 3428 2576
f 2951 2576 2578
f 2578 4956 2951
f 2578 2333 4956
f 2333 3402 4956
f 2611 3419 2470
f 3418 2951 4956
f 3407 3418 4956
f 3167 3419 2615
f 2615 2614 3167
f 3415 2884 2614
f 3452 3415 3375
f 3408 1379 3375
f 1379 3408 2347
f 2613 3418 3407
f 3407 4956 3402
f 2364 2347 3408
f 2347 2346 1379
f 3400 2348 3385
f 3385 2360 3400
f 687 940 2346
f 2369 688 687
f 2157 2369 179
f 2885 180 179
f 3193 2489 2885
f 3192 3193 3386
f 2360 3390 3394
f 3390 2360 3385
f 2837 3386 3049
f 2336 3385 2348
f 3049 2325 2945
f 2325 2324 2946
f 2336 2332 2323
f 2324 2334 3101
f 2332 3402 2333
f 2333 2578 2338
f 2334 2482 3102
f 2482 3317 3102
f 3373 2338 2854
f 3376 3322 3317
f 2572 3373 2573
f 3322 2525 3323
f 3369 2572 2571
f 3369 2445 3368
f 3368 3447 2523
f 3447 3357 2523
f 2524 3323 2525
f 3324 2524 3365
f 3365 2528 3324
f 2528 2527 2912
f 3349 2527 3358
f 2904 2903 2529
f 2523 3357 2903
f 2544 3357 3447
f 2544 3451 2108
f 3358 3355 2555
f 3358 2555 3349
f 2558 3349 2559
f 2558 2527 3349
f 2912 2527 3343
f 2538 2912 3343
f 2557 764 2676
f 2683 764 4964
f 2538 2682 3235
f 4964 2997 2683
f 3340 3235 2682
f 3340 3339 2579
f 3339 2440 2439
f 4794 2440 2998
f 4964 3334 2997
f 4964 1988 3334
f 4964 569 1988
f 2998 3332 3114
f 3332 3115 3114
f 3115 2707 3342
f 2707 2607 2952
f 3330 2711 2706
f 2522 2711 3330
f 2711 3316 3318
f 2711 1978 3316
f 1978 3311 3316
f 3311 1978 3287
f 2608 2607 3010
f 2953 2608 2906
f 2906 3312 2907
f 3011 3316 3311
f 3312 3274 3676
f 3311 1903 3308
f 3309 1895 3274
f 3308 1902 1896
f 2709 1895 1894
f 2452 1894 2748
f 361 2748 1907
f 1902 1906 1896
f 1907 386 3516
f 1902 1897 1906
f 384 386 1899
f 2965 1899 1898
f 3297 3398 1898
f 1904 3004 3297
f 1902 3294 1897
f 3308 1903 1902
f 3287 1903 3311
f 1904 1861 2690
f 2690 1875 3000
f 1860 2617 1874
f 4970 2617 1860
f 2960 4970 1860
f 1130 2617 4970
f 2617 3286 1874
f 3286 4865 1864
f 1864 4865 3275
f 2616 4865 3286
f 1863 3000 1875
f 1863 1862 3003
f 3276 1864 3275
f 1862 3277 3521
f 1308 2585 3277
f 1253 1308 1871
f 2958 1253 1871
f 3275 1872 3276
f 2616 3275 4865
f 2617 2616 3286
f 2958 1871 2618
f 2032 3270 2623
f 2958 2957 1253
f 3266 1336 2957
f 3262 2570 3266
f 2660 3263 1085
f 3258 2570 3262
f 3442 3258 2659
f 2659 2658 3442
f 2790 2794 2658
f 2794 1169 1168
f 1169 3246 1192
f 3245 4435 3246
f 2696 101 3245
f 3002 101 2696
f 2700 2697 2793
f 246 2700 2985
f 2696 2695 3002
f 101 3002 3236
f 3233 3231 3236
f 2629 2280 3231
f 4909 2629 2634
f 2633 4857 2634
f 2633 2967 3218
f 3218 3217 4926
f 3216 2343 3217
f 3214 4455 3216
f 3215 2802 3209
f 3205 2806 2801
f 3214 2806 2805
f 2805 3197 4658
f 1478 1480 3197
f 3196 4823 1478
f 2877 4460 3196
f 1621 2877 1622
f 1622 2744 1620
f 2249 2742 3194
f 2743 2858 2744
f 2644 2858 2743
f 2745 1509 3183
f 3184 2644 2743
f 1509 2645 3183
f 2644 2643 2858
f 2643 3169 2859
f 2651 2772 2818
f 2772 4976 2818
f 4976 2772 2085
f 3169 3168 4582
f 2820 4582 3168
f 2818 4976 2819
f 4582 2820 802
f 802 2823 4752
f 3071 2824 3162
f 4269 2823 2822
f 4630 2822 3152
f 2819 2824 3071
f 3150 2819 4976
f 3152 3149 4809
f 3144 3150 4976
f 3148 1355 3149
f 4880 3148 2941
f 4976 2085 3144
f 2070 4880 2941
f 2772 2068 2085
f 2069 2068 2771
f 2070 2079 4878
f 1793 2077 2069
f 2079 2089 4879
f 2750 2389 2089
f 2077 3133 2078
f 2800 3133 2077
f 3133 2800 4980
f 3132 3133 4980
f 2388 2750 3131
f 3132 4980 2928
f 2928 4980 4983
f 4983 4984 2928
f 4985 4984 4983
f 4985 4983 4986
f 4985 4986 2795
f 2795 2042 4985
f 4986 4983 4867
f 2373 4986 4867
f 4985 2042 4984
f 4867 4983 4980
f 2374 4867 4980
f 3131 3127 2388
f 3123 719 3127
f 3122 719 3123
f 4682 3122 2056
f 2728 4682 2056
f 2928 4984 2041
f 2728 2056 2043
f 2042 2041 4984
f 2062 2728 2043
f 2693 2728 2062
f 2728 2727 4682
f 4530 2727 3023
f 4528 3023 3100
f 532 678 3100
f 530 532 2731
f 2730 2729 2726
f 2731 3092 530
f 3091 2730 3103
f 4639 3092 3089
f 3089 3088 4833
f 4832 3088 2760
f 3087 3091 3085
f 3084 3085 2284
f 2284 2758 3084
f 2758 4989 2759
f 2759 4989 4990
f 4990 4989 2394
f 2758 2156 4989
f 2758 2283 2156
f 2760 3038 4836
f 3038 3081 4543
f 4990 3078 2759
f 3078 4990 1814
f 3081 2762 2308
f 1814 511 3078
f 2762 2309 2308
f 2882 2309 2763
f 3586 2763 1923
f 3586 1923 1972
f 1972 2510 2499
f 450 2511 1971
f 2511 450 1740
f 786 2511 1527
f 1527 2511 2751
f 785 784 2510
f 1527 1960 786
f 2501 2510 784
f 743 2500 2501
f 742 3573 743
f 2497 744 1961
f 1046 742 1047
f 2895 1046 839
f 838 3567 839
f 2199 838 1559
f 1575 840 1573
f 2186 1559 2545
f 1575 1574 995
f 627 995 1574
f 993 2545 994
f 2193 993 1143
f 627 1142 995
f 2483 1142 627
f 628 627 1574
f 1099 628 2497
f 1099 1960 1527
f 2480 1527 2751
f 2480 2751 2821
f 629 1100 2479
f 2479 575 629
f 575 1829 629
f 2811 2404 1056
f 1819 1829 83
f 1548 1829 1819
f 1548 2148 1143
f 2149 2148 48
f 47 46 1820
f 2154 48 1821
f 1821 1912 2158
f 1911 47 85
f 2090 1911 85
f 413 2090 84
f 415 1912 1310
f 414 413 478
f 415 2081 2401
f 2829 2081 359
f 360 1257 1900
f 2827 359 358
f 2494 2827 358
f 2494 1953 675
f 674 3523 675
f 674 1850 2453
f 2414 129 2453
f 128 2460 129
f 2097 2865 128
f 2098 1838 127
f 2106 2492 2097
f 2098 1396 1395
f 1396 174 55
f 1360 2106 1397
f 948 1360 1359
f 2044 946 2006
f 947 3510 948
f 1865 2539 946
f 2485 947 2540
f 2540 1999 2485
f 1999 1998 3512
f 1998 908 2886
f 907 2413 908
f 2533 3473 907
f 1881 3470 2533
f 1881 1880 2596
f 2595 1880 1216
f 1997 1882 906
f 293 1997 2539
f 292 2600 1216
f 291 3456 292
f 2539 1865 293
f 1866 3456 291
f 1866 1173 3453
f 2044 1865 946
f 2006 2054 2044
f 366 228 2054
f 228 366 1459
f 3453 1173 227
f 226 2542 227
f 2542 226 2429
f 1868 228 1459
f 2429 2110 2609
f 3451 2609 2108
f 2107 3354 2108
f 1427 1426 1458
f 1295 1427 1460
f 21 2980 618
f 2109 1428 619
f 2109 1752 2107
f 765 2917 1752
f 2557 765 764
f 4964 764 569
f 570 2481 618
f 618 2980 2475
f 571 1988 569
f 2980 866 2475
f 1988 1987 3334
f 1987 1996 2708
f 868 3330 1996
f 2980 867 866
f 2521 867 2712
f 3330 868 2522
f 2522 1978 2711
f 1985 3287 1978
f 3287 1985 817
f 817 1859 3287
f 2960 1860 1859
f 2034 4970 2960
f 2034 1130 4970
f 2617 1130 1129
f 2026 2032 1129
f 3270 2032 1086
f 1085 3264 1086
f 2546 2660 1085
f 2667 2546 2222
f 2221 2667 2222
f 2694 2789 2221
f 2789 2694 325
f 325 247 2789
f 246 2985 247
f 246 2689 1600
f 263 3241 1600
f 3001 263 262
f 2122 2115 262
f 2114 3229 2115
f 2915 2628 2114
f 2915 2619 3226
f 2619 1487 3226
f 1486 2966 1487
f 3221 1486 2204
f 2203 2802 2204
f 3063 2203 1570
f 1766 3063 1570
f 1569 1568 2792
f 4977 1569 2792
f 2792 815 4977
f 4977 815 2627
f 4977 2627 2190
f 4874 815 2792
f 865 4874 2792
f 2190 1569 4977
f 2189 1766 1570
f 2247 1556 1555
f 3063 1766 2914
f 2914 2701 3063
f 2701 1650 2804
f 1650 1649 2804
f 2249 3194 1649
f 2238 2742 2249
f 3032 2238 2237
f 2247 1555 1648
f 2237 1642 3032
f 1641 3032 1642
f 1510 2746 1641
f 2745 1510 1509
f 2645 1509 2130
f 2129 2128 1220
f 2130 2381 2775
f 2382 2129 2220
f 2977 2381 1794
f 1794 1793 2069
f 2132 2131 1795
f 1793 2800 2077
f 4980 2800 2374
f 1499 2372 2131
f 4867 2374 2373
f 4986 2373 1786
f 1786 2795 4986
f 2295 1785 2299
f 2052 2042 2795
f 2294 2050 2052
f 2051 2050 2741
f 2284 3111 2741
f 2283 2758 2284
f 1691 2285 1701
f 2283 1690 1523
f 1523 2156 2283
f 4989 2156 2395
f 1539 1541 1525
f 4989 2395 2394
f 1812 1541 1540
f 1814 4990 2394
f 511 1814 509
f 2817 1250 509
f 2817 2390 2867
f 1540 1813 1812
f 2393 2867 2390
f 2867 2393 4971
f 1297 4971 2393
f 1804 1803 1540
f 2155 2326 1804
f 2810 2326 1631
f 1805 1297 2393
f 1268 1298 2810
f 1297 1296 4971
f 1730 1346 1333
f 1730 1333 921
f 2749 4971 1296
f 1248 1730 824
f 4971 2749 2867
f 1250 2817 2867
f 1250 1249 1921
f 1249 1709 1921
f 2474 1709 2747
f 2474 2747 2313
f 1206 1247 2747
f 2757 2747 1247
f 2322 1619 1618
f 4854 2322 1618
f 1205 2856 2692
f 2856 4866 2692
f 4866 2856 2113
f 4866 2113 4915
f 1160 4866 4915
f 4915 2526 1160
f 1618 2691 4854
f 2846 4854 2691
f 1159 2692 4866
f 1160 1159 4866
f 2691 1161 2846
f 2281 4854 2846
f 2281 2266 4854
f 2266 2265 4854
f 2322 4854 2265
f 2322 1749 1619
f 1247 1619 2757
f 2313 2747 2757
f 2312 2474 2313
f 1741 452 2312
f 1740 450 1741
f 2751 2511 1740
f 1742 2311 519
f 520 519 1750
f 520 1750 2273
f 2821 2751 521
f 573 2480 2821
f 462 574 573
f 535 534 2273
f 535 1672 463
f 461 1056 462
f 2811 1056 461
f 2811 84 2404
f 478 413 84
f 793 414 478
f 360 793 792
f 798 1901 792
f 798 710 709
f 710 746 642
f 643 1010 1002
f 641 708 642
f 2774 643 1002
f 1052 650 2774
f 4973 650 1052
f 2305 4973 1052
f 4973 2305 2768
f 2773 1937 641
f 651 1945 1937
f 582 650 4973
f 651 581 1945
f 580 673 581
f 2768 582 4973
f 673 580 1848
f 92 1849 1848
f 91 175 92
f 56 174 91
f 1828 2761 2080
f 1828 4974 103
f 1616 103 4974
f 1828 2447 4974
f 56 55 174
f 55 1304 2092
f 2092 1304 1345
f 1345 1344 1361
f 421 69 430
f 2007 1344 431
f 69 68 430
f 366 2007 431
f 1459 366 365
f 1460 365 1295
f 1295 1294 19
f 1294 1035 1776
f 1035 380 491
f 70 379 68
f 716 491 380
f 1951 715 70
f 491 716 1393
f 183 1416 1392
f 1415 491 1393
f 184 1416 183
f 1415 2712 492
f 2521 2712 1977
f 1357 818 1977
f 184 191 1356
f 1382 818 1357
f 1847 1381 191
f 1382 819 818
f 819 2033 2035
f 1847 2702 1381
f 1847 905 2702
f 905 972 2702
f 945 1128 2033
f 944 2554 945
f 2702 972 943
f 944 2008 2554
f 2223 1084 2008
f 2223 2685 316
f 231 2685 904
f 905 973 972
f 231 904 903
f 934 905 1847
f 933 370 903
f 934 192 2000
f 933 306 371
f 192 692 2000
f 692 691 304
f 371 306 305
f 304 2734 1213
f 1246 1213 2734
f 323 305 324
f 2215 323 241
f 241 240 2215
f 4911 1171 239
f 4911 239 41
f 4917 1171 4911
f 30 4917 4911
f 30 4916 4917
f 4920 4917 4916
f 4916 4943 4920
f 4943 4921 4920
f 4920 4921 4922
f 4920 4922 258
f 4921 4846 4922
f 4846 2410 4922
f 2410 259 4922
f 4946 259 2410
f 4921 390 4846
f 407 4921 4943
f 2421 4943 4916
f 4917 4920 258
f 30 2421 4916
f 1171 4917 1202
f 1201 301 240
f 4917 258 1202
f 258 4922 259
f 259 4946 1455
f 1481 1455 4946
f 4946 4996 1481
f 4996 4936 1481
f 1481 4936 4948
f 4948 4936 4863
f 4863 2111 4948
f 4863 4864 2111
f 4863 4851 4864
f 4960 4864 4851
f 4851 4963 4960
f 4960 4963 771
f 4960 771 4961
f 2286 4961 771
f 4961 2286 4862
f 4862 4861 4961
f 2684 4961 4861
f 4864 4961 2684
f 4861 4862 2278
f 4861 2278 2681
f 2681 2278 2274
f 4890 4963 4851
f 4853 4890 4851
f 4851 4852 4853
f 4885 4853 4852
f 2405 4885 4852
f 4853 4885 346
f 4852 4851 4936
f 4853 4889 4890
f 4889 4894 4890
f 4894 2383 4890
f 4894 4889 4893
f 4893 177 4894
f 4894 177 4899
f 4899 794 4894
f 794 4899 4900
f 4899 522 4900
f 4853 4893 4889
f 4893 4853 273
f 2380 4963 4890
f 4960 4961 4864
f 4936 4851 4863
f 4996 4852 4936
f 2406 4852 4996
f 4946 2406 4996
f 1454 1201 260
f 1482 1662 1454
f 1455 1481 1456
f 2111 1481 4948
f 2111 4864 2684
f 2684 4861 2681
f 1482 1424 1423
f 428 1423 1657
f 2214 1655 1657
f 1033 1590 2214
f 1033 1032 1626
f 1074 248 1032
f 1031 1446 1445
f 1447 2668 1445
f 2272 2668 1447
f 1073 1601 1074
f 983 261 1601
f 981 2668 1015
f 2668 136 1015
f 1015 136 1016
f 982 2014 983
f 556 2014 2653
f 556 2653 557
f 864 604 555
f 556 605 2121
f 864 1931 604
f 605 1488 1494
f 2370 1778 1488
f 2370 865 2792
f 864 863 1931
f 2345 897 864
f 1989 4874 865
f 2345 896 897
f 1385 816 2345
f 1989 815 4874
f 854 2627 815
f 2188 2190 2627
f 1124 1979 1347
f 1126 1767 2188
f 1125 1124 1114
f 1768 1126 1155
f 2036 1555 1155
f 2622 1156 1125
f 2036 2140 1640
f 2622 1125 1114
f 1082 1081 2027
f 1113 2240 2140
f 2027 1081 1219
f 2240 1221 2241
f 1220 2128 1221
f 1220 2220 2129
f 2612 1219 1081
f 1081 4997 2612
f 4997 1081 935
f 2612 4997 2239
f 2220 1275 2382
f 1500 1275 1177
f 1177 1784 2372
f 917 2603 1176
f 2299 1785 1784
f 1715 1316 2583
f 2295 2299 1720
f 1720 1691 1702
f 1318 1689 1691
f 1715 1317 1316
f 1317 2587 1232
f 2575 1689 1318
f 2168 2575 2232
f 1632 2168 2232
f 1631 2167 1632
f 1631 1268 2810
f 1298 1268 1267
f 1232 1234 1269
f 1346 1267 2225
f 1461 1234 1233
f 1461 1430 1332
f 2225 1333 1346
f 873 872 1332
f 2120 2556 4860
f 4860 2556 2202
f 829 2202 2556
f 874 921 1333
f 920 2120 4860
f 920 4860 539
f 825 920 884
f 1730 921 824
f 824 823 1248
f 1710 823 2547
f 2547 1207 1710
f 2856 1207 2113
f 4915 2113 885
f 885 2530 4915
f 884 883 825
f 561 2530 885
f 884 920 560
f 920 539 560
f 539 4860 2202
f 541 540 836
f 561 541 2530
f 2530 2526 4915
f 1373 950 505
f 1203 1160 2526
f 504 1373 505
f 913 1203 1374
f 912 504 1367
f 1302 913 2127
f 961 1302 2127
f 960 2282 961
f 2506 168 167
f 167 156 960
f 155 1680 156
f 2495 2375 4
f 122 1679 155
f 110 2495 2493
f 122 121 2267
f 121 109 463
f 479 109 477
f 2803 477 2490
f 2493 108 110
f 4 2493 2495
f 799 2490 80
f 80 79 747
f 5 4 2375
f 2287 79 6
f 154 2484 5
f 756 2287 445
f 446 2484 2384
f 17 756 445
f 754 17 16
f 1098 754 16
f 992 1001 1098
f 992 726 1065
f 2473 1065 726
f 1066 1065 2473
f 1066 706 2463
f 214 1053 2463
f 200 1052 214
f 2305 1052 200
f 2768 2305 1706
f 1707 2459 2275
f 598 1706 599
f 2080 93 599
f 2447 1828 2080
f 2446 1724 2425
f 4974 2447 1617
f 2425 1610 2446
f 1616 4974 1617
f 104 103 1616
f 57 104 422
f 1818 422 2441
f 2229 1633 1599
f 1598 1951 2441
f 1598 1597 723
f 1633 1610 1599
f 2224 723 1597
f 1876 1246 2224
f 239 1876 41
f 1610 2425 1609
f 40 2425 1724
f 41 30 4911
f 1724 28 40
f 28 1707 2275
f 2421 30 29
f 2459 2418 2275
f 2421 407 4943
f 199 201 2418
f 391 4921 407
f 215 392 201
f 391 390 4921
f 698 345 392
f 2410 4846 390
f 2410 2406 4946
f 2406 2405 4852
f 346 4885 2405
f 345 698 330
f 346 273 4853
f 697 2319 330
f 728 2403 2319
f 289 728 727
f 290 289 762
f 290 762 2397
f 273 331 274
f 4893 273 177
f 290 2397 275
f 178 2397 762
f 177 176 4899
f 522 4899 176
f 497 4900 522
f 4900 497 464
f 794 4900 464
f 4894 794 2383
f 4890 2383 2380
f 4963 2380 771
f 771 770 682
f 770 749 683
f 2378 748 733
f 733 1061 2378
f 734 2371 769
f 438 440 734
f 735 1061 733
f 440 1566 1062
f 1061 1060 2378
f 2378 1060 2293
f 1060 4988 2293
f 4982 2293 4988
f 4988 1028 4982
f 4982 1028 4978
f 4981 4982 4978
f 4981 4978 2306
f 2306 4978 4979
f 4979 4967 2306
f 4967 4979 2353
f 2353 2349 4967
f 1028 4979 4978
f 4981 2293 4982
f 4988 1060 1029
f 1029 1028 4988
f 1028 2353 4979
f 1551 1004 1003
f 1005 2349 2353
f 1551 977 1004
f 2349 979 4967
f 4965 4967 979
f 4965 552 4967
f 34 4967 552
f 978 4965 979
f 978 553 4965
f 648 553 978
f 648 613 553
f 2010 4829 2335
f 4829 4848 2335
f 4848 4847 2335
f 4847 1229 2335
f 4847 1507 1229
f 1512 4847 4848
f 4848 4966 1512
f 4966 4848 4829
f 1993 4966 4829
f 1993 4829 1652
f 2335 900 612
f 614 613 648
f 613 584 553
f 4965 553 552
f 35 34 552
f 2306 4967 34
f 423 4981 2306
f 717 4981 423
f 58 60 33
f 2314 403 60
f 2314 1384 403
f 1384 2261 403
f 424 402 401
f 401 717 423
f 367 368 703
f 4981 717 2293
f 2293 702 2378
f 749 702 701
f 703 368 2288
f 701 683 749
f 683 682 770
f 682 2286 771
f 4862 2286 663
f 684 2288 664
f 4862 663 2278
f 2274 2278 185
f 2274 161 2681
f 2681 161 160
f 160 2272 1447
f 136 2668 2272
f 135 1016 136
f 162 115 137
f 135 653 615
f 653 117 654
f 186 116 115
f 186 665 116
f 341 665 664
f 1403 654 117
f 341 403 2261
f 1385 654 1403
f 1384 1383 2261
f 1385 2254 816
f 1371 1384 2314
f 2254 853 814
f 75 1371 74
f 853 1347 1979
f 95 75 59
f 1348 95 2246
f 1124 1347 1114
f 2248 956 1114
f 936 1081 956
f 2246 955 1348
f 2246 551 2245
f 2245 583 585
f 936 935 1081
f 4997 935 2239
f 2239 917 1276
f 916 915 585
f 2603 917 899
f 585 2236 916
f 612 900 2236
f 899 898 2603
f 1714 898 1735
f 2335 1229 900
f 1472 1735 312
f 1507 310 1229
f 311 1734 312
f 2228 310 1507
f 1501 284 2228
f 311 286 1734
f 2262 286 285
f 285 4968 2262
f 2262 4968 545
f 2142 2262 545
f 4968 4969 545
f 974 4969 4968
f 1184 974 4968
f 4968 285 1184
f 974 1184 244
f 244 2181 974
f 4969 974 608
f 2172 975 1000
f 637 2172 1157
f 638 637 1448
f 608 639 609
f 4969 608 2147
f 4969 2147 545
f 2142 545 544
f 2142 880 2262
f 1187 880 879
f 878 546 577
f 879 830 873
f 2556 830 829
f 2202 829 837
f 837 806 1141
f 804 831 805
f 1136 1141 806
f 1401 1136 1135
f 1115 1401 1135
f 489 488 1115
f 1584 1588 1075
f 1582 487 489
f 1434 2184 487
f 1664 1659 1658
f 931 1659 1664
f 1660 1366 1434
f 1654 912 1366
f 254 253 1654
f 669 668 253
f 210 661 669
f 211 252 820
f 660 661 210
f 1038 446 660
f 1716 18 1038
f 740 1716 2071
f 739 2071 776
f 776 2063 777
f 778 777 763
f 178 763 2057
f 2057 2055 523
f 2055 1614 1603
f 1603 1602 496
f 1444 1604 2053
f 1602 1594 1596
f 1602 1572 496
f 1571 465 1572
f 1567 466 1571
f 1493 1775 1484
f 1566 466 1567
f 1566 2019 1062
f 2019 1003 1027
f 1489 1557 1775
f 1490 2013 1489
f 1558 1551 1003
f 2013 1550 1549
f 1551 2011 977
f 2011 2010 647
f 1652 4829 2010
f 1651 1993 1652
f 4987 1993 1651
f 2001 4987 1651
f 2005 1550 2013
f 2028 1496 2005
f 1496 1495 1646
f 1646 1495 1422
f 1651 1647 2001
f 1646 4972 1644
f 1644 4972 1391
f 1420 1391 4972
f 1646 1420 4972
f 4987 2001 1643
f 1643 1637 4987
f 1637 1993 4987
f 1639 1358 1511
f 1993 1512 4966
f 1512 1508 4847
f 4814 1506 1986
f 1324 4814 1986
f 1508 1507 4847
f 4814 1983 1506
f 1507 1501 2228
f 4814 1502 1983
f 1309 1502 4814
f 284 1501 242
f 1976 243 242
f 1498 999 243
f 203 999 204
f 1418 204 1792
f 1215 1962 1791
f 1792 1787 1419
f 1787 1959 1419
f 1943 1959 1958
f 1782 1944 1958
f 1782 1952 1694
f 1704 1703 1138
f 1127 1950 1704
f 1127 4907 1950
f 1950 4907 1905
f 1949 1950 1729
f 1698 1949 1729
f 1952 1700 1699
f 1952 1699 1694
f 4792 1693 1692
f 4792 1692 1913
f 1913 1801 4792
f 1693 4792 1801
f 1782 1694 1944
f 1958 1944 1943
f 1959 1943 1760
f 1417 1760 1546
f 1050 1546 1536
f 1545 1547 1537
f 1050 1536 1048
f 1049 1048 1468
f 1467 1468 1751
f 1467 1517 2219
f 1517 851 2219
f 851 1517 4953
f 1517 1930 4953
f 4935 4953 1930
f 4935 1930 4933
f 4935 4933 833
f 833 4933 4934
f 4929 833 4934
f 4929 4934 4774
f 4929 4774 4992
f 4881 4929 4992
f 4992 4914 4881
f 4882 4881 4914
f 4913 4882 4914
f 1217 4913 4914
f 1217 4914 4928
f 4928 4949 1217
f 4928 1412 4949
f 4914 4993 4928
f 4928 4993 4923
f 4928 4923 1413
f 1413 4923 4925
f 4923 4924 4925
f 4925 4924 4945
f 4925 4945 4883
f 1389 4925 4883
f 4872 4883 4945
f 4873 4872 4945
f 4945 4776 4873
f 4776 4775 4873
f 4873 4775 4944
f 4944 4871 4873
f 4871 4944 4991
f 4871 4991 4876
f 4876 4875 4871
f 4872 4871 4875
f 4875 4947 4872
f 4884 4872 4947
f 4947 1362 4884
f 1362 4947 4804
f 1362 4804 4805
f 4962 4805 4804
f 1398 4805 4962
f 4804 4947 4962
f 4962 4947 4958
f 4958 1399 4962
f 4958 4959 1399
f 1399 4959 4995
f 4995 4959 4802
f 4803 4995 4802
f 4802 1341 4803
f 1432 4995 4803
f 4959 4886 4802
f 4886 4845 4802
f 1858 4802 4845
f 4845 4771 1858
f 4845 4891 4771
f 4891 4892 4771
f 4892 1713 4771
f 4891 1728 4892
f 4895 1728 4891
f 4891 4888 4895
f 4887 4895 4888
f 4886 4887 4888
f 4886 4901 4887
f 4896 4887 4901
f 4901 4957 4896
f 4896 4957 4951
f 4896 4951 4952
f 4896 4952 4950
f 4896 4950 4897
f 4895 4896 4897
f 4950 1731 4897
f 4952 1732 4950
f 4941 4952 4951
f 4940 4952 4941
f 4939 4940 4941
f 4941 4937 4939
f 4937 4938 4939
f 4938 1811 4939
f 4938 1815 1811
f 4938 4937 4942
f 4938 4942 1816
f 1816 4942 4933
f 4933 4942 4775
f 4933 4775 4774
f 4775 4942 4937
f 4941 4957 4937
f 4991 4937 4957
f 4991 4957 4877
f 4940 4939 1925
f 4940 1800 4952
f 4951 4957 4941
f 4877 4957 4901
f 4955 4877 4901
f 4877 4955 4875
f 4955 4901 4886
f 4895 4887 4896
f 1728 4895 4897
f 4891 4845 4888
f 4886 4888 4845
f 4955 4886 4959
f 4958 4955 4959
f 4947 4955 4958
f 4947 4875 4955
f 4875 4876 4877
f 4876 4991 4877
f 4937 4991 4944
f 4775 4937 4944
f 4774 4775 4776
f 4776 4924 4774
f 4871 4872 4873
f 4884 4883 4872
f 1390 4883 4884
f 4776 4945 4924
f 4924 4923 4993
f 4924 4993 4992
f 1292 4882 4913
f 1292 1175 4882
f 1175 4881 4882
f 4914 4992 4993
f 4881 1211 4929
f 4774 4924 4992
f 4933 4774 4934
f 4953 4935 810
f 1930 1816 4933
f 4938 1816 1815
f 1810 1516 1526
f 1811 1815 1929
f 1755 1810 1538
f 1811 1925 4939
f 1925 1807 4940
f 1537 1688 1755
f 1807 1800 4940
f 1688 1687 1806
f 1693 1801 1687
f 1800 1732 4952
f 1802 1801 1913
f 1733 1913 1692
f 1731 4950 1732
f 1908 1733 1698
f 1731 1728 4897
f 1729 1908 1698
f 1728 1727 4892
f 1905 1729 1950
f 1711 1905 4907
f 4907 4954 1711
f 4904 1711 4954
f 4954 1083 4904
f 4954 4907 1117
f 1727 1713 4892
f 4904 1712 1711
f 4904 1077 1712
f 4771 1713 1261
f 1867 1712 1077
f 1261 1858 4771
f 1339 1263 1262
f 4802 1858 1341
f 1340 1339 1311
f 4803 1341 1851
f 1477 4803 1851
f 1477 1851 4838
f 4975 1477 4838
f 4838 4919 4975
f 1163 4975 4919
f 1681 4919 4838
f 4838 1851 1682
f 1683 1340 1311
f 1682 1681 4838
f 1681 1844 4919
f 1164 4919 1844
f 1164 1844 1677
f 1669 1683 1670
f 1673 1671 1830
f 1830 705 1673
f 189 1747 153
f 189 188 1747
f 676 152 1670
f 165 1748 188
f 1312 166 676
f 538 1748 165
f 1827 538 537
f 1827 537 485
f 485 537 594
f 164 166 593
f 1612 636 593
f 4994 636 1612
f 1064 4994 1612
f 1019 636 4994
f 4994 1063 1019
f 558 485 594
f 485 484 1827
f 484 576 1827
f 526 525 502
f 576 503 737
f 525 14 502
f 503 13 737
f 790 13 474
f 790 474 444
f 377 790 444
f 443 442 937
f 443 937 4930
f 761 443 4930
f 761 4930 889
f 889 4930 922
f 327 377 444
f 376 790 377
f 738 376 419
f 328 344 329
f 725 419 343
f 725 343 271
f 272 344 453
f 271 270 725
f 270 318 1743
f 318 4932 1743
f 212 1743 4932
f 1743 212 119
f 453 317 272
f 318 256 4932
f 317 775 197
f 4932 256 255
f 4932 255 212
f 119 212 1719
f 2 1743 119
f 2 1 1739
f 1817 1 98
f 142 97 3
f 98 78 1817
f 97 141 130
f 77 130 107
f 27 689 78
f 107 25 77
f 689 27 26
f 106 65 25
f 26 66 689
f 1705 89 65
f 213 39 89
f 38 37 66
f 388 39 213
f 389 704 37
f 213 49 388
f 429 704 389
f 50 49 196
f 51 406 429
f 198 405 50
f 406 1665 705
f 1186 1678 1665
f 198 1185 405
f 1186 1164 1677
f 1163 4919 1164
f 1163 1470 4975
f 1453 4975 1470
f 1199 797 1429
f 1199 832 797
f 1453 1477 4975
f 1421 1433 1452
f 1432 4803 1477
f 4995 1432 1399
f 4962 1399 1398
f 1421 1400 1433
f 1363 4805 1398
f 760 1364 1404
f 4805 1363 1362
f 4884 1362 1390
f 1389 4883 1390
f 1413 4925 1389
f 1412 4928 1413
f 1630 4949 1412
f 1364 760 1313
f 1315 4949 1630
f 1265 4949 1315
f 1273 4949 1265
f 1315 1314 1266
f 1608 1266 1314
f 1265 1315 1266
f 1265 1301 1273
f 4949 1273 1217
f 4913 1217 1252
f 4913 1252 1292
f 1231 1175 1292
f 1175 1211 4881
f 1211 833 4929
f 1054 834 1210
f 833 1131 4935
f 810 4935 1131
f 810 851 4953
f 2219 851 1140
f 1139 638 1140
f 610 1139 578
f 809 1088 850
f 809 1096 1088
f 577 578 856
f 805 856 1147
f 1122 1088 1096
f 1137 1147 1097
f 808 1096 809
f 1097 1037 1137
f 1037 1036 1116
f 1079 808 835
f 1093 1036 1078
f 834 1054 1079
f 1094 1078 1112
f 1112 990 1589
f 1055 1054 1174
f 991 1055 1251
f 1251 554 991
f 990 989 1593
f 1026 949 989
f 910 1591 949
f 941 1591 910
f 941 967 1075
f 1583 967 966
f 919 1663 966
f 918 909 869
f 1351 870 869
f 871 902 919
f 893 870 1457
f 1664 902 931
f 1659 931 881
f 821 1653 881
f 1653 821 820
f 209 211 820
f 861 1717 209
f 882 893 822
f 1476 861 894
f 1476 1466 1615
f 1457 1469 893
f 1466 1450 2053
f 1350 1457 870
f 1444 2053 1450
f 1444 1435 1595
f 1350 1352 1441
f 1431 1497 1435
f 959 1425 1352
f 1431 1422 1495
f 1414 1425 959
f 1422 1420 1646
f 1391 1420 1408
f 958 1414 959
f 1070 958 911
f 1394 1391 1408
f 1391 1380 1644
f 1386 498 1377
f 1638 1380 1372
f 1372 1368 1639
f 1368 1358 1639
f 1511 1358 1337
f 1986 1337 1324
f 448 1293 1328
f 1309 4814 1324
f 1309 1303 1502
f 1502 1303 1288
f 1288 1277 1256
f 1270 1256 1277
f 1245 1796 1256
f 1245 1238 1796
f 1230 1791 1238
f 1230 1215 1791
f 1204 1962 1215
f 357 1200 1212
f 1189 1962 1204
f 357 1195 1200
f 357 1178 1195
f 1783 1189 1172
f 1783 1172 1170
f 1170 1146 1703
f 342 1154 1158
f 287 1154 342
f 1145 1154 280
f 1146 1138 1703
f 245 1134 1145
f 1127 1704 1138
f 238 1123 1134
f 238 173 1123
f 4907 1127 1117
f 173 1101 1123
f 4954 1117 1083
f 4904 1083 1077
f 1867 1077 1072
f 1072 1064 1612
f 1063 4994 1064
f 1051 1080 1045
f 163 957 1045
f 971 1014 957
f 1019 1063 1030
f 1009 636 1019
f 636 1009 1006
f 1006 559 636
f 525 486 559
f 14 525 15
f 971 980 1014
f 976 475 15
f 965 971 957
f 937 475 942
f 4930 937 932
f 932 922 4930
f 914 928 954
f 954 126 914
f 889 922 890
f 796 761 889
f 288 197 796
f 895 857 877
f 288 862 1185
f 852 1162 862
f 841 857 895
f 1162 852 843
f 1199 843 832
f 807 841 82
f 797 832 800
f 1429 797 791
f 791 783 1421
f 768 1405 783
f 772 779 795
f 1404 768 760
f 1313 760 753
f 745 772 741
f 729 67 313
f 718 736 722
f 718 714 753
f 1331 714 662
f 666 662 680
f 662 652 1331
f 1264 652 626
f 617 640 397
f 626 611 1274
f 579 1274 611
f 603 441 586
f 4898 586 441
f 508 586 4898
f 508 536 586
f 611 597 579
f 579 572 1274
f 1218 572 568
f 1251 568 554
f 533 991 554
f 547 586 536
f 524 991 533
f 1071 524 507
f 518 536 508
f 476 508 4898
f 1070 507 498
f 1377 498 495
f 483 1377 495
f 1349 483 467
f 476 4898 449
f 1338 467 460
f 460 448 1328
f 449 4898 441
f 448 24 1293
f 441 603 22
f 24 23 1293
f 603 420 22
f 1272 23 425
f 420 617 404
f 425 412 408
f 1237 408 387
f 617 397 404
f 397 649 378
f 364 1212 387
f 378 672 369
f 690 332 369
f 364 357 1212
f 353 1178 357
f 353 342 1178
f 332 690 326
f 685 322 326
f 313 322 707
f 303 287 342
f 287 280 1154
f 280 245 1145
f 1134 245 238
f 205 173 238
f 182 173 205
f 173 169 1101
f 1045 169 163
f 150 957 163
f 143 159 187
f 954 150 138
f 131 143 187
f 954 138 126
f 90 914 126
f 111 118 131
f 111 190 32
f 90 102 96
f 901 90 82
f 82 76 807
f 741 76 10
f 729 10 67
f 313 67 61
f 45 44 61
f 257 44 36
f 32 222 36
f 81 32 11
f 12 11 31

